"draw","source_draw","id","assumed_model","alpha_0","alpha_1","nu_0","nu_1","tau"
1,14,"s014","m1",0.0611063881782358,0.52832528360723,0.286796845018072,-0.28013964208144,-1.93908707333471
2,37,"s014","m1",0.0130426002749927,0.440947691193548,0.181750827737068,-0.318845666762257,-1.95484292307061
3,42,"s014","m1",0.034725081889626,0.489922114684587,0.194966253626024,-0.222991567721137,-1.54142562012817
4,44,"s014","m1",0.00222551727743788,0.461387776983748,0.182548877681935,-0.303609702619736,-1.1300898454903
5,47,"s014","m1",0.0078425173568653,0.486918359470552,0.301685897786249,-0.277268426403044,-0.567680627454219
6,71,"s014","m1",0.0157758808225938,0.519633925093855,0.260908787686653,-0.390533486964407,-1.46569370262074
7,100,"s014","m1",0.000516079056810768,0.502073156140853,0.239525802895396,-0.126421690054994,-0.486313104475012
8,108,"s014","m1",-0.0520270129400164,0.404800173898265,0.187937783566858,-0.543179728559554,-0.362219604082579
9,115,"s014","m1",-0.0686256026961715,0.369669402757854,0.24662553220538,-0.491823043146737,-0.319004047482412
10,120,"s014","m1",-0.0904684143569743,0.389227180338747,0.107070102748732,-0.724081129692873,-0.219274474209254
11,132,"s014","m1",-0.0612194159133512,0.418522038142607,0.150335727856154,-0.539946262686656,-0.356300403534981
12,136,"s014","m1",-0.00751858065413075,0.580159827155705,0.261999585837256,-0.116464043721819,-1.12599902000401
13,137,"s014","m1",-0.0726373737435724,0.497124516675036,0.208495774790115,-0.361963397231635,-0.229708634592928
14,138,"s014","m1",-0.0506386385752911,0.48437385835773,0.252002561999936,-0.353122150629491,-1.03000620836266
15,139,"s014","m1",-0.036926971221641,0.481464823631677,0.188459465335472,-0.193554924128833,-0.82576149892445
16,140,"s014","m1",-0.130922886974684,0.427522781404023,0.149901884311765,-0.404683948679853,0.192815711305338
17,150,"s014","m1",0.0426963471213687,0.455053996292741,0.229699821300212,-0.305788214578655,-0.844650427149701
18,193,"s014","m1",-0.0878112758592088,0.477367001898406,0.182579208453682,-0.474679602177848,-0.65563652607751
19,208,"s014","m1",-0.0455612505107479,0.489064628952111,0.254259580488748,-0.352751745780659,-0.391966785106375
20,212,"s014","m1",0.0400673723282612,0.550629465053547,0.313360207957805,-0.242447222471648,-1.43048907674123
21,219,"s014","m1",-0.0285987737997572,0.439046778604124,0.124721022913467,-0.454875693202741,-1.48855736663382
22,222,"s014","m1",-0.0456528559127094,0.436132371134125,0.122708516708284,-0.340881382292779,-0.698225133459866
23,224,"s014","m1",-0.0584119529879646,0.457060394391314,0.100353904828327,-0.350273449121574,-0.773375086944254
24,227,"s014","m1",0.044270713663159,0.492787763268834,0.317994038415841,-0.34833265317012,-1.53321562821112
25,228,"s014","m1",-0.0595370529338839,0.431762503652814,0.174135143946012,-0.389932222401821,-0.505962450215108
26,234,"s014","m1",-0.00435392600465373,0.491641295751418,0.199513906457993,-0.427031013426751,-1.55905233302074
27,251,"s014","m1",-0.0926942858869686,0.403655096190487,0.17660043552205,-0.523693320350751,-0.427059723375502
28,254,"s014","m1",-0.00736462692914348,0.5329495652522,0.249260234104502,-0.181143123873679,-0.728956985812381
29,262,"s014","m1",-0.0190562304554311,0.476271411665556,0.247382774421396,-0.110890500261578,-0.856924353346889
30,266,"s014","m1",-0.029887530442255,0.489505067024192,0.231381334993429,-0.289714054105591,-0.787096090799115
31,277,"s014","m1",-0.00752481163010129,0.462449143613887,0.00567386850228742,-0.32672916451768,-1.04907111050479
32,278,"s014","m1",-0.0742383983825721,0.487787829656204,0.0804030504929982,-0.294389804481238,-0.20290328624184
33,296,"s014","m1",-0.0977529858883576,0.401371733163696,0.138769584757138,-0.360616245032686,-0.389238189109266
34,324,"s014","m1",0.0158681139896858,0.463853055618523,0.256125084398539,-0.236521512072121,-0.720207296992228
35,331,"s014","m1",0.0255049448146387,0.47267149954022,0.235149874483546,-0.309911828964853,-1.95356051693234
36,339,"s014","m1",-0.046967731298847,0.493419727091575,0.14887342713933,-0.227297247813037,-0.670690261506434
37,345,"s014","m1",-0.0714914322257855,0.486982355039007,0.14611991123616,-0.448975333396962,-0.469046349758209
38,359,"s014","m1",-0.115915161142912,0.438292495506321,0.123551328156164,-0.219807373496465,0.0274973832772985
39,370,"s014","m1",-0.00614839962180131,0.481775656862971,0.170611698774553,-0.236724597691146,-1.00445537100207
40,402,"s014","m1",-0.140659605539686,0.426065639794609,0.140416302914881,-0.522233117643631,-0.210452297204866
41,413,"s014","m1",-0.0285836548172379,0.476506322965226,0.263516603316027,-0.270488948952694,-0.579572277362474
42,414,"s014","m1",0.0572206489435973,0.524732378361263,0.278623422085431,-0.254717829962123,-1.20563759163809
43,424,"s014","m1",0.0865684662046858,0.491575139154543,0.292671695292648,-0.200776734575468,-2.19546386821163
44,425,"s014","m1",-0.00376866787554081,0.485125712939149,0.268445770910898,-0.452820830562214,-0.467276999777536
45,433,"s014","m1",0.03091326106494,0.504313646577941,0.252784219064054,-0.197744529859508,-1.08565520829652
46,455,"s014","m1",-0.130195625539141,0.493102967969276,0.260609490526527,-0.322108134312145,-0.49633768334953
47,457,"s014","m1",-0.0627714798300006,0.523205897336163,0.23269253274898,-0.259505077045564,-0.506980983616358
48,499,"s014","m1",-0.142126965914621,0.490925232458546,0.136684522108782,-0.392178697397134,-0.30128186269599
49,505,"s014","m1",-0.109800443420352,0.437208969800662,0.148467369802422,-0.506377057027155,0.218771681719607
50,530,"s014","m1",-0.0381208137996482,0.447897594972249,0.262936635253289,-0.321497210594957,-0.121693005804211
51,536,"s014","m1",-0.0744251207460159,0.455060128770118,0.123446798005389,-0.20657339116345,-1.64867252149451
52,568,"s014","m1",-0.0364471988910948,0.450448507312781,0.156526761860253,-0.455572035258676,-0.407374426298474
53,578,"s014","m1",-0.0558275918943259,0.383984028654889,0.066644141642432,-0.555877376656118,-0.184121161031919
54,582,"s014","m1",0.0258240562688619,0.507734639401688,0.305305284442259,-0.177847298527882,-0.608391921114856
55,585,"s014","m1",0.0188224425630007,0.501880607956876,0.259117339147121,-0.265439540861226,-0.887556650830619
56,589,"s014","m1",0.0404150346509414,0.499578013611347,0.231930490109063,-0.18341331249994,-0.846320820458322
57,595,"s014","m1",-0.0765168571766436,0.398256923919716,0.266244671757613,-0.516458974783285,-0.366063649298689
58,605,"s014","m1",-0.0763127394030884,0.409206101674403,0.145622806180127,-0.527294839924278,-0.674231536511536
59,606,"s014","m1",-0.00578229435221538,0.516351862113648,0.285971930362349,-0.163673904105935,-0.30618133942385
60,616,"s014","m1",0.0817212846294815,0.546001856662226,0.418271943392647,-0.17113086553834,-0.97292210574273
61,644,"s014","m1",-0.087046452773354,0.464271685344309,0.213001267521944,-0.268360868996502,-0.571105932664926
62,647,"s014","m1",-0.0100958630758586,0.483789032191827,0.181606912787017,-0.448609265834935,-1.14806760045854
63,653,"s014","m1",-0.0651395409850759,0.455539782044541,0.242656243405868,-0.34243144247357,-1.00507152798495
64,668,"s014","m1",-0.0880825716507723,0.345081479352308,0.0241954356914773,-0.586798771637461,-0.34511612587615
65,694,"s014","m1",-0.141817046557365,0.452853142574802,0.197025479810252,-0.24544449884511,0.0731107206873896
66,701,"s014","m1",-0.0835141461546126,0.440895859382429,0.101453265009577,-0.371568066256253,-0.187902613908076
67,704,"s014","m1",-0.0157776821871199,0.416387572433434,0.0802523265576624,-0.459934305007997,-0.328745464777642
68,706,"s014","m1",-0.0663308521872726,0.445644108116243,0.168363395612782,-0.559156227028461,-0.790377560470847
69,720,"s014","m1",-0.0535905451082205,0.499807386537929,0.171831036955735,-0.409825938459169,-1.24808676388055
70,722,"s014","m1",-0.00524501363284861,0.478224540170156,0.17033888866939,-0.326608455255162,-1.58063399630433
71,747,"s014","m1",-0.0911532810225096,0.394986387273395,0.169427309450892,-0.320927956702184,-0.390338791773161
72,770,"s014","m1",-0.130903597260016,0.381779012775865,-0.00449648107254566,-0.430908698648904,-0.38629989828253
73,772,"s014","m1",0.0429579400023453,0.530695352414933,0.255265972448939,-0.188386439974217,-2.14543669286262
74,777,"s014","m1",-0.00190571358081038,0.535429094575281,0.248763825175242,-0.0461286990389155,-1.09778195108168
75,781,"s014","m1",-0.0375402233187384,0.533675101879787,0.24113253550518,-0.288657424483824,-0.703345091275511
76,792,"s014","m1",-0.0583535589768417,0.468309617401164,0.23934942933574,-0.366501148565863,-0.306730959052397
77,813,"s014","m1",0.0618678434652819,0.482055944303247,0.194492812042523,-0.300298591679856,-1.9356725439614
78,819,"s014","m1",0.0118307648990986,0.481615803678308,0.218159023202583,-0.219051802459179,-1.1067577029595
79,845,"s014","m1",-0.050124899285522,0.412207483923999,0.176316171705093,-0.3290059754382,-0.58841081253309
80,847,"s014","m1",-0.0231352956410085,0.466130056549229,0.136230825215941,-0.356108312697916,-0.88887526047158
81,911,"s014","m1",-0.0155046791849406,0.418455883502307,0.101787595187251,-0.323631227547573,-0.395295402351582
82,928,"s014","m1",-0.110113501985823,0.462274962606082,0.214451894789258,-0.443817109275109,-0.367887960030498
83,932,"s014","m1",-0.0360516171808852,0.497376916330782,0.231669724489596,-0.466274127548007,-0.575784199781876
84,944,"s014","m1",-0.0414662768567459,0.564645741118424,0.365230120870559,-0.352138963373273,-0.807258284591338
85,947,"s014","m1",0.0566322983130799,0.513066472891446,0.262723606396186,-0.235030904962874,-1.58123573538805
86,953,"s014","m1",-0.077991380428745,0.475283193677258,0.172081976055973,-0.406236257093128,-0.51926840541338
87,955,"s014","m1",-0.064303610201941,0.43533947959517,0.24127222497044,-0.425153877624085,-0.614897742669534
88,968,"s014","m1",-0.0305707768325182,0.403480455114465,0.245309316483608,-0.378570181187415,-0.316384069054529
89,980,"s014","m1",-0.00926684635405748,0.470057787600514,0.213795928232008,-0.297894118565433,-1.31865583871714
90,981,"s014","m1",-0.0341757751066275,0.452647410654696,0.236847761468061,-0.346273016963613,-0.592057482070783
91,993,"s014","m1",-0.071958136915258,0.454137202792601,0.119685005640921,-0.395103992573042,-1.410419876766
92,1043,"s014","m1",0.0663970246181326,0.508333691546032,0.303321381147708,-0.227873497092992,-1.82801706607162
93,1052,"s014","m1",-0.0392762794605815,0.445348271174907,0.164365577687438,-0.378144687171744,-0.663452209788846
94,1057,"s014","m1",-0.0257055205773901,0.423951077162273,0.169133896601574,-0.521225925238667,-0.166524409197832
95,1059,"s014","m1",-0.0809330911011383,0.485244361198352,0.252132904714326,-0.218090592359749,-0.41421805579275
96,1065,"s014","m1",0.0441809522284622,0.543193429470013,0.235592937979075,-0.246073514610427,-1.82623559734032
97,1068,"s014","m1",-0.0545015423821729,0.516966929893579,0.261548112284363,-0.209159640205646,-0.334627332253692
98,1072,"s014","m1",0.00372290854112219,0.549685212068575,0.287981002704545,-0.181592221139881,-0.92134617586767
99,1088,"s014","m1",0.00873954828059881,0.516017925045894,0.205217855189728,-0.294370745191204,-1.15260689234267
100,1092,"s014","m1",-0.0421750743729914,0.442263257738491,0.202252922184263,-0.485852424571831,-0.956838878226806
101,1102,"s014","m1",-0.0387551679736106,0.521789168834184,0.245497676357509,-0.40400193527221,-0.953948817775928
102,1139,"s014","m1",-0.00804472775915978,0.45514714328203,0.192786398793349,-0.439309753279383,-0.419437649687662
103,1141,"s014","m1",-0.0699056575006239,0.401151640133789,0.12488244914898,-0.352420991381708,-0.66014002527945
104,1147,"s014","m1",0.055661011741141,0.535957029697048,0.375302937941793,-0.217971383614071,-1.93287576903104
105,1169,"s014","m1",-0.0427003970071832,0.515074033662329,0.255172749063435,-0.23494321531622,-0.669911792673522
106,1178,"s014","m1",-0.0472220419930421,0.486716240403106,0.215114417665332,-0.231132201948944,-0.460554871224433
107,1203,"s014","m1",-0.0445285860784855,0.446213829457076,0.134888820709744,-0.424475364783907,-0.81504087545189
108,1213,"s014","m1",-0.0508580357067838,0.450817026473764,0.193681481256932,-0.419463184484988,-0.923976548896036
109,1229,"s014","m1",0.0131457752172759,0.385545637835493,0.144900151324134,-0.294514628531399,-0.251028126575612
110,1232,"s014","m1",0.00844486190229548,0.489264082438676,0.165349762696403,-0.209303785502648,-0.707627671756059
111,1246,"s014","m1",-0.0546235137822236,0.506560585530924,0.290878533187512,-0.317119957272712,-0.375701252721029
112,1263,"s014","m1",0.0429378227798567,0.50584291052582,0.263564690115612,-0.308399151613903,-1.81195671382371
113,1277,"s014","m1",-0.0352401282858564,0.506084392002957,0.220738125439425,-0.223339619966523,-1.51855667238392
114,1315,"s014","m1",-0.0273202002317305,0.49748555249698,0.195410188856294,-0.399273657084297,-1.23684128540769
115,1319,"s014","m1",-0.0676546702735562,0.463769050149423,0.179125641564383,-0.345753537029948,-0.0960989425871562
116,1322,"s014","m1",0.0214872748844639,0.491086069657525,0.133489246849576,-0.180703722109607,-1.37942982753091
117,1327,"s014","m1",-0.0480080101957602,0.466648420394874,0.222346737237245,-0.327124481252859,-0.738410638837107
118,1339,"s014","m1",-0.0568674339655718,0.417355322098208,0.125854639491879,-0.20924064689248,-0.315964693113395
119,1350,"s014","m1",-0.0547573551163414,0.480760151092656,0.226257457230304,-0.271636763861945,-0.861996786638377
120,1373,"s014","m1",-0.0970546061402205,0.492692419508512,0.144390006574047,-0.370923663096109,-0.353282480228774
121,1384,"s014","m1",0.0237097000120009,0.466510054998614,0.25160123775688,-0.240297626266685,-0.660694527702289
122,1385,"s014","m1",0.0315809723649175,0.549726120799105,0.273838260559527,-0.184627497541689,-1.42322167544705
123,1412,"s014","m1",-0.109914126809082,0.409161002602511,0.0581102853926288,-0.363629424136501,-0.388081976860294
124,1421,"s014","m1",0.0333365961229772,0.511677114626045,0.248061090434506,-0.352596499099475,-1.67735162757445
125,1462,"s014","m1",-0.0249032391834127,0.539152489546044,0.340946718984997,-0.174271699636428,-0.513416032294112
126,1468,"s014","m1",0.00247533702949551,0.498784420015217,0.231208207394163,-0.188962555036493,-0.973373381091804
127,1493,"s014","m1",0.0533976118007629,0.563086761392671,0.185010818442845,-0.276318207921497,-2.21269187653621
128,1502,"s014","m1",-0.0580817095711847,0.434051725555121,0.119751274566388,-0.538117778834102,-0.670951802002086
129,1515,"s014","m1",0.0104366860611173,0.514737224955817,0.265011018799751,-0.268035255227898,-0.960961180968254
130,1530,"s014","m1",0.0220405415164166,0.510507037178457,0.145662047086852,-0.187042881784291,-2.08270867635699
131,1536,"s014","m1",-0.0474160381450079,0.443064550880685,0.119100333564226,-0.337985997388376,-0.374417823545386
132,1569,"s014","m1",-0.0285165070585768,0.448707326624055,0.135549655209178,-0.258485278365262,-0.893051902843602
133,1578,"s014","m1",-0.0550567706913172,0.520003890812209,0.311794242514415,-0.416264465199602,-1.05564394906672
134,1624,"s014","m1",-0.00143049817570974,0.481479361467263,0.106661388775676,-0.278479269885474,-0.724622441287981
135,1627,"s014","m1",0.0372305394349533,0.475160997699126,0.20949437060006,-0.377272978676563,-1.04044473862608
136,1641,"s014","m1",-0.03753761354985,0.421676463082955,0.118347773480325,-0.402487168165121,-0.614746326788969
137,1667,"s014","m1",-0.117847845561785,0.471238328366653,0.0991296008276335,-0.508947635181316,-0.163221270357158
138,1668,"s014","m1",-0.0208236393849923,0.5318921399257,0.315531458565911,-0.306538544565907,-0.540474353244608
139,1678,"s014","m1",0.00654579436002658,0.447162723826435,0.132124098215497,-0.26964358189158,-1.03309761912548
140,1680,"s014","m1",-0.0146906865856256,0.487162255025062,0.130515359748179,-0.362647161865392,-0.587583017361906
141,1688,"s014","m1",0.0442045744348648,0.475652012981314,0.269973709675615,-0.336499457371262,-1.55379626479437
142,1702,"s014","m1",-0.0461459430406807,0.453325003454772,0.275258636350592,-0.433688604826653,-0.697817016543104
143,1713,"s014","m1",-0.0456949565103457,0.4628462182522,0.166660155460783,-0.321732261325016,-0.931889669553484
144,1721,"s014","m1",-0.217062798358939,0.437273072690246,0.102122035374761,-0.382669748713267,0.300847620366145
145,1756,"s014","m1",-0.101929068662505,0.455593542934029,0.237529562431011,-0.215693550790331,-0.147332127144858
146,1764,"s014","m1",-0.0302003452523684,0.459181055942914,0.234189123550949,-0.188456321919129,-0.641353123610842
147,1775,"s014","m1",0.0245058167224221,0.522493735628389,0.252751195781534,-0.00108271966914701,-1.18624877327872
148,1779,"s014","m1",-0.0852735429952171,0.40282322791085,0.121639226060828,-0.461636911562179,-0.130109877022186
149,1783,"s014","m1",-0.0912135138260318,0.392625898883147,0.12555345061693,-0.460422962063455,-0.000368548234631769
150,1789,"s014","m1",0.128046503228378,0.519379631198152,0.202507399025983,-0.0160773446077262,-2.19295222857189
151,1801,"s014","m1",-0.0530650876789556,0.437546246493508,0.182080382270561,-0.49836161754204,-1.17685209407814
152,1830,"s014","m1",-0.0248938635015895,0.389097061155037,0.206065146544456,-0.39404415021543,-0.167514470765079
153,1848,"s014","m1",-0.0252264318723518,0.467873521880176,0.141353627032979,-0.304355688442131,-0.869631626012498
154,1858,"s014","m1",0.0235865345203912,0.515104422251902,0.243293038028857,-0.421852856054217,-0.845643327678432
155,1872,"s014","m1",-0.0626516279687085,0.408326423187422,0.1847822637364,-0.589510533054573,-0.0931479726002241
156,1882,"s014","m1",-0.0739122750690042,0.444636454493278,0.155579718053674,-0.402534977856431,-0.201890751023378
157,1889,"s014","m1",0.0751684100802894,0.488075909494701,0.275681362521868,-0.301115896336223,-0.939919891888953
158,1895,"s014","m1",-0.0957551024449346,0.473727068203697,0.27743610082437,-0.39679517440141,-0.449148050778586
159,1900,"s014","m1",-0.00620374134659953,0.514884074821633,0.196713377889647,-0.352500884887013,-1.14278030494718
160,1908,"s014","m1",-0.0766823064012645,0.402913079418271,0.0287165279031602,-0.553026482917856,-0.783176937362803
161,1924,"s014","m1",-0.0894040571103396,0.410124147639327,0.178383002938513,-0.516626919090302,-0.413027117373265
162,1935,"s014","m1",0.0277933319413497,0.457589626029624,0.206531262540302,-0.473449275366648,-0.74441769477787
163,1939,"s014","m1",-0.120676296892377,0.431947315299591,0.0989971021056319,-0.376029509486496,-0.0138239291936699
164,1941,"s014","m1",0.0705446564711092,0.522610443974249,0.326468801311707,-0.468627517920301,-1.51423396866525
165,1964,"s014","m1",-0.140421004581355,0.388738853436836,0.057007346984718,-0.572946512358668,-0.160763757399419
166,1971,"s014","m1",-0.0589705205440976,0.369100061212194,0.209237697541159,-0.510104544789391,-1.19668097357289
167,1982,"s014","m1",0.0174018253946949,0.511455989347247,0.172827557050899,-0.262156565521434,-1.75089672964467
168,2003,"s014","m1",-0.0647215251012956,0.418325887248548,0.0807067382733068,-0.493607647450589,-0.694807166796602
169,2004,"s014","m1",-0.0283234558086576,0.450395406742167,0.240816845091429,-0.240236527989844,-0.624596006315899
170,2029,"s014","m1",-0.0879839720096662,0.429567570543366,0.229427705428771,-0.418395175986257,-0.483814288352907
171,2044,"s014","m1",-0.0404495184065842,0.412641759453262,0.156159935844646,-0.350844505369462,-0.759816750295493
172,2064,"s014","m1",0.00220501527771813,0.523551255254176,0.258883483345311,-0.200028149195321,-0.684602691532106
173,2094,"s014","m1",-0.11951774894004,0.349706579699202,0.135349709620823,-0.733867141917897,0.109534502477809
174,2103,"s014","m1",-0.059352808095481,0.472915894186199,0.190921100076704,-0.142701815601306,-0.7290782985151
175,2106,"s014","m1",-0.0106211241977282,0.477241948842749,0.178500972739784,-0.368400635440172,-0.896030679923809
176,2112,"s014","m1",0.0146718395095284,0.470482948519096,0.191253841816254,-0.0904366183984034,-0.815170363744413
177,2120,"s014","m1",-0.0277800572201793,0.415807794222507,0.211286595276416,-0.453180281995783,-0.0435819989359992
178,2145,"s014","m1",0.0478314196549627,0.545537301143677,0.259976605029758,-0.323520685486492,-1.95477488061999
179,2150,"s014","m1",-0.0166446569636104,0.428723290755684,0.156868782874586,-0.6038534906562,-1.4230547045952
180,2152,"s014","m1",-0.0940404164918488,0.443381080988829,0.215069741115786,-0.448967138133411,-0.227083367857493
181,2155,"s014","m1",-0.0300644209898653,0.477078990188266,0.149623779327123,-0.223088051897727,-0.00732305288574175
182,2158,"s014","m1",0.00206653859553672,0.417579370712761,0.0938793721680082,-0.41092820024335,-0.651280600710762
183,2172,"s014","m1",-0.00856056960686431,0.523219366422564,0.248760179142294,-0.166258120007925,-0.694795643674536
184,2173,"s014","m1",0.0387268546339464,0.538152440913042,0.273902832210004,-0.3157363175448,-0.531045689278245
185,2182,"s014","m1",-0.13981503534965,0.433101066459502,0.219924063108424,-0.590803459866584,-0.204520611163488
186,2190,"s014","m1",0.0825096645908129,0.52244719986731,0.271901053341077,-0.130074684131712,-1.5425896580784
187,2193,"s014","m1",-0.0506871661900298,0.448370077043566,0.275829480772543,-0.474869815028495,-0.535811136911335
188,2199,"s014","m1",-0.122262514661291,0.37535838878378,0.159598121676443,-0.676612427675569,0.110118067102056
189,2205,"s014","m1",0.0502950873583207,0.569023832528224,0.322347022031037,0.0763524648960298,-1.37699245095298
190,2210,"s014","m1",0.00591825685141092,0.507825015996747,0.263847496352043,-0.237917899267413,-0.81142316853282
191,2213,"s014","m1",-0.139164016555425,0.410115732665814,0.137726138569106,-0.443253087731376,-0.0260236240959101
192,2235,"s014","m1",-0.0464568994225932,0.445269033041301,0.158975582029908,-0.402916927512177,-0.305639305013466
193,2240,"s014","m1",-0.110129660266931,0.426061905758079,0.112755850182106,-0.568038160453527,-0.125585605426164
194,2259,"s014","m1",-0.0279813433741652,0.419573926168556,0.106147848774241,-0.407140234817432,-0.605501493801296
195,2284,"s014","m1",-0.125399765597949,0.338702967195259,0.126205291007935,-0.540344587954733,-0.0595975079028434
196,2296,"s014","m1",0.000215480908224068,0.50997841336352,0.212440863733776,-0.172780186461052,-0.81445455750074
197,2314,"s014","m1",-0.0624875596461997,0.470525279519883,0.25787358350247,-0.358441594008056,-0.33325543626441
198,2319,"s014","m1",-0.0385524131777616,0.456692441892532,0.261971515731981,-0.338964662696631,-0.384906818194715
199,2324,"s014","m1",-0.021302295888733,0.491350661586134,0.240836364599605,-0.404691321109115,-0.543723627185814
200,2358,"s014","m1",-0.130777099794404,0.487432329759219,0.200187408651549,-0.389590200679656,-0.327225848831235
201,2359,"s014","m1",0.047478201178767,0.472078070486276,0.175378390632582,-0.319758762172564,-1.52126442205559
202,2388,"s014","m1",-0.136962627424352,0.410313219749207,0.10953331433773,-0.428929857066792,-0.245259149826007
203,2397,"s014","m1",0.0181255975025134,0.499117000122584,0.182497281650161,-0.311131460383157,-1.47531598826176
204,2399,"s014","m1",-0.0988235938878652,0.413106932597036,0.0080323170065795,-0.46411872006099,-0.235872821278016
205,2415,"s014","m1",0.0133964141730159,0.486780748314138,0.144074702419223,-0.300446136834782,-0.92329244878087
206,2418,"s014","m1",0.011024371885232,0.547219180774098,0.294794098137952,-0.272059352163133,-1.43277311350509
207,2462,"s014","m1",0.0966477887769495,0.519666760874959,0.312321349064392,-0.26247523765686,-1.52915400013439
208,2463,"s014","m1",-0.0243444440668493,0.447528674106698,0.17159118950777,-0.353668926225168,-0.807784337599952
209,2465,"s014","m1",-0.154934616425166,0.356046367898711,0.0570014465713004,-0.795877673215388,0.183096543671776
210,2468,"s014","m1",-0.034738548911367,0.467775753774742,0.275850706596499,-0.30683370507481,-0.97280908900803
211,2477,"s014","m1",-0.108736793026458,0.346211453896001,0.103306355858091,-0.600862098825455,0.161909325942208
212,2487,"s014","m1",-0.0936736377073805,0.423856265570291,0.0607858654849984,-0.357386729596998,-0.0770890695187648
213,2488,"s014","m1",0.0417821814544584,0.505067652178555,0.303795579878557,-0.28942624531777,-1.63133825058865
214,2522,"s014","m1",-0.0140916775149129,0.506609682898259,0.252582329014316,-0.0396218216466479,-0.937469486534907
215,2532,"s014","m1",-0.0102486001681499,0.510523169990542,0.20102100254643,-0.382029558666839,-0.771330037398692
216,2539,"s014","m1",-0.0363124510101045,0.455695181661041,0.160709265908323,-0.268123853179114,-0.73915542263998
217,2551,"s014","m1",-0.103627101954016,0.474952269655956,0.125476577152862,-0.413230498293589,-0.288348438862675
218,2570,"s014","m1",-0.0278995728458162,0.514023256166342,0.292138649420712,-0.195708190299332,-0.621486962869103
219,2581,"s014","m1",0.000960289304449759,0.585717603477667,0.292341518898562,-0.227038783233021,-0.888191074211634
220,2589,"s014","m1",-0.0396866244712833,0.435951570413268,0.221584166951238,-0.238425876356904,0.209482651455292
221,2596,"s014","m1",-0.105274504513457,0.452455309278753,0.117810094491607,-0.271204867861626,-0.59958479456265
222,2599,"s014","m1",-0.0921889051901297,0.442636197670959,0.246888788013312,-0.303418328450343,0.158146498744204
223,2605,"s014","m1",-0.00038239355224355,0.413871951113235,0.0630237511330516,-0.305769611354905,-0.470934774969487
224,2618,"s014","m1",-0.0972704601714736,0.431392325425944,0.200337855315274,-0.57246008324719,0.288037218476774
225,2625,"s014","m1",-0.21494491814097,0.35812196347857,0.0924776083117752,-0.513976250039067,0.490789897138371
226,2649,"s014","m1",-0.0784133714958467,0.42610587116172,0.148005150080469,-0.382994847643727,-0.716605439913523
227,2667,"s014","m1",-0.0705765465222284,0.467881576678965,0.134338594309595,-0.318677004943304,-0.329926380240008
228,2669,"s014","m1",0.0670955339053268,0.563025470453179,0.216762109418244,-0.129790082379758,-2.09107683635015
229,2674,"s014","m1",-0.0393599728313835,0.455797459973879,0.108805180657056,-0.341808285594839,-0.65500359651063
230,2675,"s014","m1",0.0286559979824721,0.542350726242167,0.30832778632551,-0.292900631717691,-1.09172423324292
231,2712,"s014","m1",0.0149509832122238,0.433454346901584,0.271560308300802,-0.392515020592376,-0.793195225303425
232,2718,"s014","m1",-0.13309045091552,0.420555931035117,0.159623620908321,-0.276733603486709,-0.185135325284921
233,2730,"s014","m1",-0.0884522379338698,0.463311544542971,0.182243118815456,-0.297639912120261,-0.353225165595628
234,2734,"s014","m1",-0.0134613616229495,0.433243099886754,0.0647365578491169,-0.413060570583824,-1.58837333705993
235,2770,"s014","m1",0.0236574590211163,0.51611978610968,0.2760000277189,-0.313407672446857,-0.832150105140158
236,2789,"s014","m1",-0.120891984844338,0.388655527566618,0.139591439659729,-0.626963337456761,0.117831155108767
237,2793,"s014","m1",-0.0521075373499901,0.496851149816656,0.250322293745203,-0.177797846842523,-0.609276608560247
238,2822,"s014","m1",0.0634611916416481,0.539093376009581,0.254742346068441,-0.0775422939166535,-1.7279369054261
239,2824,"s014","m1",0.0954811033040498,0.586468977058082,0.277769512670781,-0.183557370919636,-1.77575316297072
240,2836,"s014","m1",-0.0133034372749713,0.554445432306168,0.221925444262428,-0.198060166970466,-1.23498766768869
241,2838,"s014","m1",0.00503426536464144,0.466362583690696,0.232755189526438,-0.217502932989349,-1.5129970162022
242,2853,"s014","m1",-0.0997243198288188,0.436177647024867,0.191251892217546,-0.584945772801573,-0.112165486387173
243,2866,"s014","m1",0.0105310966585644,0.532578470406978,0.157250559656015,-0.212850783955255,-1.71247758491232
244,2893,"s014","m1",-0.09840005164092,0.408730146964371,0.217268587996438,-0.431108228613318,-0.065191301689428
245,2904,"s014","m1",0.0642333000817457,0.546593414105164,0.375840903627141,-0.169810088851759,-1.17302374259915
246,2915,"s014","m1",0.0291398576981681,0.485259289568797,0.232335606634917,-0.346719768451899,-0.875513029247158
247,2928,"s014","m1",-0.0355015376991218,0.464875954906373,0.227933800235485,-0.321062367287872,-1.49157961490991
248,2936,"s014","m1",-0.00905211395579299,0.489944756257122,0.248779576943041,-0.158442010621437,-1.38899052544052
249,2953,"s014","m1",-0.111762227190708,0.436726060874863,0.128099742332504,-0.392183060710806,0.102461729018425
250,2959,"s014","m1",0.000369353088885267,0.487447266318132,0.334747214415505,-0.313136693329538,-0.400568028260317
251,2968,"s014","m1",-0.155008264586922,0.365945816398713,0.154457853241049,-0.602365259011865,0.143720832041405
252,2970,"s014","m1",-0.0227050238728268,0.468700787189963,0.149114461909855,-0.410612800388985,-0.936024753019724
253,2972,"s014","m1",0.0501983157195827,0.537507493912648,0.152206486581794,-0.331273831260736,-2.82546552078868
254,2973,"s014","m1",-0.0388513499661041,0.488854962677101,0.144571933234901,-0.374088966269051,-0.814375869628781
255,2978,"s014","m1",0.0473097852928871,0.511517644931832,0.275779199425328,-0.191253043672798,-1.16273634075855
256,2982,"s014","m1",0.0369477386747001,0.445448087848092,0.231632511311035,-0.317634618984675,-1.20608288929011
257,2985,"s014","m1",-0.0956025422443579,0.417911510979683,0.0645998676782097,-0.339210602602035,-0.154520640289427
258,2992,"s014","m1",-0.0272658952369822,0.461001896120947,0.224409299329044,-0.349788092939535,-0.945474417437128
259,3005,"s014","m1",-0.117891338250686,0.448223056666668,0.182594223475938,-0.372900219294448,-0.413541580492089
260,3006,"s014","m1",-0.0428105410150901,0.496863121794993,0.259571985850221,-0.253644122570588,-0.464987590123327
261,3015,"s014","m1",-0.0183610055303848,0.446779253222543,0.163938478717421,-0.436092716762188,-1.11092654982065
262,3018,"s014","m1",-0.0376582635910745,0.43329566082643,0.137665200383138,-0.501610255530126,-1.28748361278327
263,3030,"s014","m1",0.000336579086534174,0.422064936337934,0.333059569533053,-0.296846533121216,-0.256591889772271
264,3044,"s014","m1",-0.0100168148948333,0.449463648323309,0.216754735116213,-0.430643178441677,-0.92322049767896
265,3047,"s014","m1",-0.0488788778159775,0.420792261392088,0.121944741977692,-0.445121433900184,-0.858565359631
266,3052,"s014","m1",-0.0277962218654865,0.429701221440065,0.218305373949608,-0.412605748641707,-0.487791400080034
267,3075,"s014","m1",-0.0982216111332524,0.359331400954802,0.0674211283543658,-0.515063889734525,0.0529310676803996
268,3077,"s014","m1",-0.103867349728326,0.415132456548734,0.12998266240509,-0.350171163877943,-0.0679710052709052
269,3082,"s014","m1",0.0203194854231568,0.524416103141928,0.254492498126868,-0.195585885478206,-1.08467350932572
270,3092,"s014","m1",-0.130255190114671,0.408893113228175,0.02569246267307,-0.518038681875587,-0.166539067231351
271,3096,"s014","m1",-0.193504193035931,0.331857884693117,0.0332042247368703,-0.647814323482591,0.0358988654615675
272,3101,"s014","m1",-0.0537884887903829,0.492856644249959,0.241624083147579,-0.165095006016447,-0.782024355307777
273,3122,"s014","m1",-0.0687418593625586,0.444482120351462,0.143530675313092,-0.394874787718322,-0.60650935413354
274,3136,"s014","m1",-0.0173713208552308,0.433125600373409,0.121500497406662,-0.485461606893622,-0.369411721207847
275,3138,"s014","m1",-0.0716842271500514,0.425876522716618,0.131974583719969,-0.427920009243177,-0.686887961421951
276,3145,"s014","m1",-0.0628369418874981,0.43938937467911,0.172992683512792,-0.44644354546442,-0.257243530282412
277,3152,"s014","m1",-0.115036468324884,0.374776010347373,0.207528911522286,-0.252763958973888,0.473841945187736
278,3158,"s014","m1",-0.0198121250058105,0.412631955088364,0.168432245325218,-0.298410372173288,-0.528689002325543
279,3165,"s014","m1",-0.0587203607128429,0.522553661266499,0.266617975203319,-0.23886120751851,-0.310825385031689
280,3177,"s014","m1",-0.132019017873763,0.404051771047915,0.11011768418592,-0.514532889433295,-0.242756172243061
281,3180,"s014","m1",-0.0526493694962289,0.415076320022815,0.148886411155205,-0.434173725168919,-0.709002372909757
282,3197,"s014","m1",0.0111183392587352,0.420404734414103,0.173489196901627,-0.223319880839172,-1.53746680512482
283,3201,"s014","m1",0.0647232474077038,0.536169627094919,0.336446856687626,-0.233055607990923,-1.13664340769842
284,3225,"s014","m1",-0.0709498883665102,0.379174022966656,0.0918578337656602,-0.523279074662835,-0.380412831267487
285,3270,"s014","m1",0.00128892753993321,0.461452303808776,0.179222288820677,-0.18835234726325,-0.666707866791003
286,3281,"s014","m1",-0.0455526892432243,0.498298956300891,0.256941010385728,-0.283193319569455,-0.807156682875059
287,3282,"s014","m1",-0.0223235784451346,0.458585206552195,0.238119541685165,-0.319195839744319,-0.472657318129084
288,3298,"s014","m1",0.0211383084356601,0.478746256758709,0.211417976362554,-0.220501707785053,-1.2530493736035
289,3310,"s014","m1",0.00543201038611917,0.517844501253268,0.264947510380623,-0.156202877892833,-1.25991734768616
290,3325,"s014","m1",-0.0879995055996529,0.399013242363455,0.178731492170762,-0.585950651208167,0.163445795493878
291,3330,"s014","m1",-0.0591811668394792,0.543769160811344,0.184074109030036,-0.206656757514611,-0.69752529806542
292,3342,"s014","m1",-0.0255156044621974,0.513973385342483,0.239382768467555,-0.298146453065872,-0.238837742827613
293,3350,"s014","m1",-0.0446894218941152,0.403825944973016,0.108276975753493,-0.379261834312075,-0.58936427888987
294,3374,"s014","m1",-0.0322847044217481,0.459170641028409,0.224216093770544,-0.307764885527609,-0.687724457974401
295,3377,"s014","m1",-0.0296360975471847,0.407969109252942,0.112302770421247,-0.385474314886564,-0.507274373456235
296,3378,"s014","m1",-0.0264064346760721,0.508103532387783,0.197793141312869,-0.266456332712522,-0.22237371991434
297,3390,"s014","m1",-0.0231456922951185,0.500791647407402,0.24426039693876,-0.326991313077961,-0.424369491681849
298,3410,"s014","m1",-0.0661891751439603,0.377797325726804,-0.0349235516783706,-0.385215737283755,-0.383287516143385
299,3427,"s014","m1",-0.0518867994236725,0.426815828472729,0.135818657416604,-0.462419565244596,-0.0379694798340189
300,3440,"s014","m1",-0.0789869274774539,0.450993534683794,0.244838795266922,-0.308975971616903,-0.664194427079344
301,3458,"s014","m1",0.00508614081598886,0.423428397418121,0.184069117430332,-0.402011886257072,-0.244377098399619
302,3466,"s014","m1",0.0378665059882743,0.467660580799589,0.208942597898468,-0.239668066796083,-2.15499327413358
303,3468,"s014","m1",-0.0714067407520641,0.462422326790652,0.208607862353507,-0.345625721614567,-0.703728801720012
304,3499,"s014","m1",-0.0458381140104635,0.390989661043015,0.171962879391318,-0.59556128728875,-0.39614907862074
305,3507,"s014","m1",-0.0489762419068678,0.448050406928577,0.255419516992663,-0.29655994266172,-0.849480305373707
306,3522,"s014","m1",0.0143544105057153,0.554135167921899,0.364901052573859,-0.192312409680748,-0.946795574352589
307,3525,"s014","m1",-0.0315214713153817,0.464339634269313,0.117573549348289,-0.442083938433654,-1.50522815894176
308,3528,"s014","m1",0.0292048386730653,0.48491320255054,0.21808487600832,-0.337417589455917,-1.71914105870254
309,3536,"s014","m1",0.0139020968604286,0.559332486905297,0.23824956780901,-0.156390664296487,-1.34173098003932
310,3559,"s014","m1",-0.0943612779019727,0.386200112191278,0.125974403557647,-0.405717352041219,-0.359763318100885
311,3572,"s014","m1",-0.0533697276440853,0.453315160178374,0.0559421738357444,-0.315023515855623,-0.86019656182919
312,3627,"s014","m1",-0.0808133477756851,0.373249954438498,0.0684913237080153,-0.716662841388429,0.201398711915387
313,3643,"s014","m1",-0.0581327372345229,0.454607065977461,0.206762314311497,-0.388459787894681,-0.842325305829365
314,3664,"s014","m1",-0.0972166299072359,0.507319443762744,0.157818559137234,-0.456520412498993,-0.712687502269045
315,3669,"s014","m1",0.0428772676173322,0.512868722137219,0.202482702874365,-0.268315188535707,-1.5449704456571
316,3674,"s014","m1",-0.00363000419489629,0.494029061237236,0.209064774450539,-0.275884016143354,-0.794165175018226
317,3676,"s014","m1",-0.0692009617532043,0.460772524087586,0.188690936714947,-0.389075013102132,-0.48237829291264
318,3682,"s014","m1",-0.102506470793568,0.433087694900227,0.129985308057162,-0.530636023419402,-0.00926933504804015
319,3725,"s014","m1",-0.03345742577622,0.515474234177526,0.0985828111236689,-0.215462164144431,-0.964219011540951
320,3726,"s014","m1",-0.168706708804545,0.399897319966592,0.146026374182236,-0.54733382896511,0.383160712967741
321,3752,"s014","m1",-0.0129581225380499,0.524878905310915,0.182458339238149,-0.132384062665257,-0.718978060795093
322,3753,"s014","m1",-0.102134076168307,0.361999616682905,0.143650328635881,-0.72171128166905,-0.209221505578413
323,3762,"s014","m1",-0.0101410750263555,0.489938955279049,0.20569549256483,-0.111896559904556,-1.06825114699264
324,3766,"s014","m1",-0.0745180878825573,0.42249375396625,0.0660911535676893,-0.67708228636489,-0.264026547918782
325,3771,"s014","m1",-0.0756887481003744,0.376077497727834,0.128956732627492,-0.652566996307144,0.0504456217560406
326,3777,"s014","m1",0.00720191033493268,0.485876336698275,0.243951634691709,-0.349583540114212,-0.922750327997183
327,3790,"s014","m1",-0.0699054391145313,0.46155951253846,0.221684788098693,-0.159957873005645,0.0437203401030815
328,3791,"s014","m1",-0.0279462147307284,0.497973468874041,0.228700471296268,-0.266840243393764,-0.59973412762315
329,3816,"s014","m1",0.00561975313037991,0.549055667985305,0.333783838688144,-0.106737928667966,-1.4593114306967
330,3855,"s014","m1",-0.0260514689678277,0.440803895836716,0.257125191599331,-0.172279292293798,-0.728352194196906
331,3857,"s014","m1",-0.152777875770812,0.38552778745432,0.0947718720060041,-0.645341205220904,0.0526505181293136
332,3859,"s014","m1",0.0579495676514771,0.51115565936798,0.297876393020577,-0.150857467414962,-1.70594109585769
333,3887,"s014","m1",-0.0411321058762348,0.41463010667299,0.109943032034445,-0.425239758197018,-0.85841591543184
334,3889,"s014","m1",-0.0693710574278019,0.455389755056672,0.180351817372799,-0.271053544720733,-0.75940698995957
335,3892,"s014","m1",-0.0575624898755078,0.469848009173742,0.164438081712611,-0.30959764945255,-0.447490659057544
336,3893,"s014","m1",-0.0647601937068249,0.394042375482587,0.0615218745523736,-0.306015307860421,-0.085836877913671
337,3903,"s014","m1",0.012334156615722,0.386239104096391,0.188479509622482,-0.450203272293362,-1.24360992530323
338,3909,"s014","m1",-0.130844008609842,0.409453395802902,0.11542986250616,-0.533153533697596,-0.381057380930282
339,3918,"s014","m1",-0.0642360237769989,0.479181223495311,0.229899441369304,-0.39330895892162,-0.593376068251226
340,3920,"s014","m1",-0.0294092044229496,0.510974355958494,0.19009700783755,-0.316977072614103,-1.07977307188493
341,3940,"s014","m1",-0.054308210812267,0.414837287372508,0.212924955416393,-0.61720054300137,-0.496661745320084
342,3952,"s014","m1",0.060052840227192,0.551053877480707,0.26964207433441,-0.186315839661967,-3.33156929185645
343,3969,"s014","m1",-0.172274326514278,0.352668778549207,0.051439302487654,-0.435995206437458,0.00450340114140762
344,3971,"s014","m1",-0.0647174225513754,0.472286455444765,0.173227451344328,-0.36683494818171,-0.590789970571836
345,3974,"s014","m1",-0.0291629279847123,0.462424223125121,0.172903526862311,-0.416123484062485,-0.964148114658454
346,3979,"s014","m1",-0.0117498782766056,0.533019800697053,0.186563493183968,-0.43635127374067,-1.38794605417353
347,3981,"s014","m1",-0.0539174304797455,0.472248948584094,0.192006936012067,-0.145906791593273,-0.131959906387148
348,4007,"s014","m1",-0.0148555674873218,0.43149555182317,0.188383953637258,-0.337581606476932,-0.528973148565854
349,4029,"s014","m1",-0.113741238137032,0.420460388791899,0.112588925486525,-0.436765045232599,-0.586574714607679
350,4041,"s014","m1",-0.0736458748136539,0.472740718446566,0.224707182560252,-0.195782211748387,0.182311878843553
351,4044,"s014","m1",-0.098427357855907,0.410408119640631,0.146430774355701,-0.703141649069379,-0.58832384058566
352,4067,"s014","m1",0.0532403063713789,0.543422855908738,0.218744954939607,-0.106541314155353,-0.928704676897796
353,4082,"s014","m1",0.0402567247429983,0.488032738428504,0.211142830189277,-0.318260018949376,-1.08212100812126
354,4086,"s014","m1",0.00924908938939706,0.567197162013071,0.161672886243391,-0.343862402294447,-1.42591930878117
355,4090,"s014","m1",-0.0930203008043123,0.421853070134711,0.0760770104671032,-0.279812727861233,-0.044193040566316
356,4100,"s014","m1",-0.0574223075924717,0.46214870780694,0.225593139326903,-0.194378562897473,-0.947482998899946
357,4112,"s014","m1",-0.0390083462367298,0.455866343633245,0.168959664138586,-0.321804949048573,-0.491194147422843
358,4119,"s014","m1",-0.0486890622213465,0.384901995009664,0.145103667007733,-0.399988659165926,-0.35744291636759
359,4153,"s014","m1",-0.0352299523342355,0.370647000390247,0.161871418362383,-0.452157752646943,-0.256114450607599
360,4154,"s014","m1",0.0124309959714191,0.446696125236209,0.253454974250602,-0.301571051845805,-0.323972188356785
361,4169,"s014","m1",-0.067911415863349,0.497853295132115,0.187475298374891,-0.358506272491644,-0.559346173366249
362,4204,"s014","m1",-0.126711985896389,0.409593284447942,0.0293197801616193,-0.398907768946079,0.208455254485488
363,4205,"s014","m1",-0.0671904914550734,0.440456111734198,0.191319871933159,-0.255143310924668,-0.0684643273801285
364,4206,"s014","m1",-0.0168406613044276,0.514246948972806,0.266428808157793,-0.221915595025128,-0.710814169621842
365,4211,"s014","m1",0.0111135056937723,0.470737615512162,0.108509065498581,-0.360635186687393,-1.07383068728295
366,4228,"s014","m1",0.130837372997358,0.583382827552263,0.356233510861438,-0.142514762649347,-1.64242471609748
367,4235,"s014","m1",0.0397407620154014,0.498243513882762,0.297393952414202,-0.100193749607212,-0.792811251668001
368,4237,"s014","m1",0.0238630329264723,0.530393559048497,0.249062574700851,-0.183316781541473,-1.52071206035392
369,4312,"s014","m1",-0.125798576978088,0.347208800115115,0.0536922418972574,-0.483823544615444,-0.388402745777961
370,4313,"s014","m1",-0.105942528632682,0.370604738393751,0.0340688833622958,-0.426585179434759,-0.280701895178049
371,4314,"s014","m1",-0.138144566560547,0.465834469506809,0.174489894027746,-0.327946703456628,0.254991705922476
372,4317,"s014","m1",-0.128716412220137,0.371232291037161,0.126947711517089,-0.447752045369877,-0.378664575049835
373,4327,"s014","m1",-0.050118392962982,0.51879209254316,0.236162524435922,-0.120433244860464,-0.225615757943848
374,4330,"s014","m1",0.000135481503325327,0.476300142407801,0.276474590300937,-0.333310964154301,-1.0947060735416
375,4339,"s014","m1",-0.140376147573319,0.371397732777835,0.0767108868489044,-0.485575331747859,0.210734735185343
376,4340,"s014","m1",-0.0695082767105752,0.414166065443135,0.14325150530101,-0.346427201259257,-0.15210566229862
377,4366,"s014","m1",0.0280293635174586,0.460378992303706,0.293836248676028,-0.31599734273819,-0.745544477582733
378,4371,"s014","m1",-0.0865832062056188,0.437511717977451,0.117268048379015,-0.489408382115001,-0.243442210716072
379,4376,"s014","m1",-8.51549723576213e-05,0.461620798556076,0.136855975192053,-0.210673699532499,-0.454509063432854
380,4388,"s014","m1",0.0213055604180527,0.532682470552431,0.338960119126502,-0.246501823208522,-0.97260447895538
381,4389,"s014","m1",0.05431247293425,0.483668996026906,0.252148075462379,-0.235959607643337,-1.35774911765049
382,4399,"s014","m1",-0.0167985296640292,0.433615575936756,0.172652043599469,-0.391552253250726,-0.578190137493883
383,4406,"s014","m1",0.00419245330895873,0.475424008335511,0.18451871010939,-0.568376375817044,-1.19010893951557
384,4415,"s014","m1",-0.0857263482790042,0.389095954548486,0.0241187065378465,-0.366545163740153,-0.381568391547858
385,4422,"s014","m1",0.0437467799564972,0.490645778846779,0.263290596976015,-0.372472026973758,-1.52550576899768
386,4423,"s014","m1",-0.0487345709018762,0.470755941828798,0.235891618429066,-0.273496127367452,-0.124706926725121
387,4431,"s014","m1",0.0309604641514133,0.530786668087711,0.395478517856785,-0.225731099883537,-0.792574557015514
388,4438,"s014","m1",-0.135724029152244,0.385489922865871,0.096248910751512,-0.519908570880911,-0.338083247431167
389,4440,"s014","m1",0.0211969855634706,0.571899515754863,0.293485884564314,-0.136758139252435,-0.909946209798918
390,4458,"s014","m1",-0.0605778683731897,0.457737455823971,0.206903337579644,-0.451731780362137,-0.248407950442891
391,4461,"s014","m1",0.023987662855784,0.502849491764408,0.235811785988828,-0.218401329436512,-1.34406189207175
392,4477,"s014","m1",-0.0606210680983586,0.448012558805836,0.241868416759459,-0.404713897143768,-1.00401347134838
393,4478,"s014","m1",-0.0653780620218628,0.463769237177328,0.136076439628339,-0.317259154478235,-0.556617866502133
394,4482,"s014","m1",-0.114535945144471,0.44541740017629,0.175464690186169,-0.426863068091417,-0.244325163323535
395,4508,"s014","m1",-0.0516287904110605,0.409636204663911,0.108305916723211,-0.474846037524845,-1.06717329167864
396,4512,"s014","m1",-0.114353750834057,0.39109743475345,0.117628563648729,-0.566567896972757,-0.272267058341367
397,4560,"s014","m1",-0.10761377670326,0.439602227452476,0.168841137792039,-0.220152139538636,-0.276766211881075
398,4574,"s014","m1",-0.00422466090643547,0.489833059446178,0.174173936066997,-0.443712341791033,-1.10345387568446
399,4578,"s014","m1",-0.0283064507034616,0.433904295641811,0.164438471551276,-0.233846547828656,-0.306117052757873
400,4600,"s014","m1",0.0368132188676972,0.498772031500151,0.210405319813499,-0.234301089726964,-1.42368780066282
401,4616,"s014","m1",-0.0470051725014708,0.488155220532201,0.172789635865565,-0.133464968430347,-1.02588934719063
402,4631,"s014","m1",-0.0783256499519854,0.385856323751022,0.0625158899362044,-0.372868602237033,-0.182267351413792
403,4649,"s014","m1",0.0170151122929258,0.522577942194531,0.28362533089162,-0.453299696757147,-0.480212022554838
404,4661,"s014","m1",-0.107719849164393,0.4117154018004,0.0740529281926022,-0.683140141737931,-0.214168741638059
405,4670,"s014","m1",0.00175665462471322,0.489275513958985,0.157323294725796,-0.252474271139796,-1.11947229090603
406,4671,"s014","m1",0.0239166186865457,0.484953127854214,0.22663215817235,-0.429019349903092,-0.950815516148933
407,4681,"s014","m1",0.00347883737558327,0.460106590148992,0.127351206571944,-0.224940932772235,-0.855323573685526
408,4694,"s014","m1",-0.0776912624975193,0.377658986386711,0.0323971507714096,-0.397503203139151,-0.679591002989087
409,4698,"s014","m1",-0.0548287859556001,0.498253718377926,0.198715955172473,-0.153852173967141,-0.845739854972193
410,4715,"s014","m1",-0.00854664636424878,0.47915729110952,0.215634022326691,-0.544639071874594,-1.10518520134419
411,4729,"s014","m1",0.0560628849797006,0.440352506369637,0.166972000102467,-0.184148958264197,-1.24789805658767
412,4742,"s014","m1",0.0102869333958967,0.505910207734589,0.233391697611144,-0.23750461996159,-1.34900199851647
413,4785,"s014","m1",0.0342255019802165,0.475689374870531,0.293944150158076,-0.165348523600319,-1.47715510939113
414,4792,"s014","m1",-0.0479574559934725,0.464294710686552,0.22850223416225,-0.194446743282555,-0.957018454049718
415,4796,"s014","m1",-0.0418591524026202,0.432088150374574,0.235855064846996,-0.451554521541711,-0.999421108765867
416,4823,"s014","m1",0.00554089560362502,0.505208838497389,0.215379810687649,-0.313296684363978,-0.851754339371153
417,4828,"s014","m1",-0.0206876398435706,0.552051471920383,0.23240883792596,-0.166102073430511,-0.93507135891013
418,4834,"s014","m1",0.030591693202808,0.464092326498195,0.297447109541215,-0.350809059591044,-0.676604384844811
419,4849,"s014","m1",-0.103645922179921,0.361715828445192,0.132423172373942,-0.693753806713426,-0.639724963913075
420,4872,"s014","m1",-0.0950692904688177,0.394137975311018,0.141207974055808,-0.582501467408427,-0.209004987569539
421,4880,"s014","m1",-0.0686132119767606,0.434784338627707,0.0997852292366801,-0.36906560889333,-0.408211561221044
422,4898,"s014","m1",-0.0309514403864548,0.434875528544845,0.209455082413577,-0.229189851923461,-0.99628110606701
423,4904,"s014","m1",0.0571629008713096,0.536146569499081,0.268979198451165,-0.0457330554601483,-1.21908710228785
424,4907,"s014","m1",-0.098063468774616,0.41463276472101,0.146621824033778,-0.443913847939102,0.190708202407475
425,4929,"s014","m1",-0.118494631026544,0.411510079027426,0.0268978156723525,-0.487611642137347,-0.232560440212158
426,4946,"s014","m1",0.0239735556848557,0.490088187373153,0.208345686331423,-0.215836324711242,-1.8941504047439
427,4952,"s014","m1",-0.0965475775182705,0.401176402305294,0.092856455880724,-0.431806852977327,-0.140376133098667
428,4987,"s014","m1",-0.0108573660415692,0.519163676088195,0.296775533508367,-0.271654338758349,-1.14542983329939
429,4989,"s014","m1",0.0347309818888135,0.490682039211765,0.22944052008455,-0.322312612875775,-1.42067043049053
430,5004,"s014","m1",-0.0917862109887783,0.421819064802877,0.254244940946086,-0.293362328260487,-0.628624449193018
431,5016,"s014","m1",0.00801992221684754,0.488119834435206,0.20000790422794,-0.234722731985287,-1.36026911491855
432,5041,"s014","m1",-0.0578624150506028,0.519486511085716,0.271476736588526,-0.335571449166759,-0.258776276157138
433,5046,"s014","m1",-0.0398131939179833,0.450863199054402,0.150141341001762,-0.167411491826012,-0.854716125989414
434,5061,"s014","m1",-0.0375708595211644,0.434642727048839,0.188541858555699,-0.339473180486611,-1.08834159238934
435,5067,"s014","m1",0.0155268981566495,0.489928345329104,0.240046752758754,-0.378391402130012,-0.766370317348091
436,5082,"s014","m1",-0.0894342860439043,0.485487356004313,0.15166740143594,-0.394837354737905,-0.71320833652089
437,5103,"s014","m1",-0.0361865733389657,0.450749106552728,0.218940325412782,-0.22223182749368,-0.57297241060425
438,5125,"s014","m1",0.000685105514511954,0.446443618897962,0.2118257816997,-0.280955448622877,-1.73535463229989
439,5127,"s014","m1",-0.081472284530541,0.465182717327635,0.145009425587236,-0.402450162902295,-0.275020424158605
440,5138,"s014","m1",0.0437959668455769,0.478679819960527,0.162423475507985,-0.381461173050021,-1.04028261810091
441,5147,"s014","m1",0.0319665334447854,0.484203570077025,0.201260788433175,-0.497759693867918,-1.88858740090914
442,5149,"s014","m1",-0.000270597952585708,0.536817860950877,0.334399458671717,-0.253092627610879,-0.782347020603692
443,5157,"s014","m1",-0.0716949054768023,0.4153709372887,0.112960105478195,-0.33982625768107,-0.187836682961767
444,5162,"s014","m1",-0.0438635563682276,0.507679852415509,0.23372876629841,-0.182398503370381,-0.803951795835114
445,5175,"s014","m1",-0.047077527880845,0.465057370728849,0.22938616571862,-0.413035212982995,-0.0157099155025554
446,5182,"s014","m1",-0.0518212060873228,0.435103233382551,0.0679843584704473,-0.424488861321481,-0.848532864867692
447,5200,"s014","m1",0.0202631583505981,0.506403397897495,0.218130475863144,-0.0940289388177453,-0.674546051933118
448,5205,"s014","m1",-0.136056427347629,0.355157922263729,0.0103701303810639,-0.525199992591204,0.0693056376541947
449,5219,"s014","m1",-0.00445299303208114,0.422992603686781,0.199195089740565,-0.391502970927787,-1.60048036707473
450,5223,"s014","m1",-0.0811811303746335,0.459643092040485,0.107270326926826,-0.39732133030187,-0.180645198767706
451,5229,"s014","m1",-0.0438238866501459,0.430436999690498,0.104573057521651,-0.374453638073501,-0.413746402997642
452,5233,"s014","m1",0.0714244576916547,0.446767762807793,0.260509859212353,-0.363016596433395,-2.08803678294784
453,5235,"s014","m1",-0.0897260747949619,0.373538690016578,0.0331421119492391,-0.478796255484214,-0.813913904086086
454,5252,"s014","m1",0.0789466369868969,0.421653165468466,0.170021998464703,-0.428210436691447,-2.16218078144994
455,5257,"s014","m1",-0.080724168975417,0.386891130768487,0.090433338786101,-0.494745943269577,-0.439199366065001
456,5274,"s014","m1",0.00728230224650345,0.473299137431977,0.195685680865048,-0.105634738081581,-0.854187591237853
457,5286,"s014","m1",0.0352950918516946,0.444242795434373,0.190074255593286,-0.346503586278999,-1.77269620686575
458,5307,"s014","m1",0.00838016461175947,0.397148471590236,0.195875730418739,-0.365498948235652,-1.02949219890719
459,5312,"s014","m1",-0.0239683894211254,0.498825288216734,0.190276921565267,-0.383890936382599,-0.416848694776444
460,5315,"s014","m1",-0.0308374090686623,0.424952168386323,0.166450367512417,-0.517499854226575,-0.465107766533889
461,5322,"s014","m1",-0.0407065696519675,0.449342561556448,0.173065489908725,-0.362012043164566,-0.644876962596652
462,5332,"s014","m1",-0.0895197486677242,0.472637704320584,0.156138853016511,-0.438524140224052,0.0802106848488653
463,5352,"s014","m1",-0.0754494244475743,0.405727829745012,0.0956221436946925,-0.380537742826212,-0.628017168441555
464,5354,"s014","m1",-0.0484850147858428,0.390436581529108,0.0351133524553078,-0.247574302232712,-0.344998544458496
465,5377,"s014","m1",-0.0295081129330857,0.465835573858525,0.211152148689386,-0.358815055934889,-0.616775217313607
466,5406,"s014","m1",-0.0191937645619293,0.468631463176703,0.186029110280614,-0.289720927822059,-0.837560882566355
467,5414,"s014","m1",-0.0605961230736933,0.393581639909233,0.0779327179711732,-0.245460758532689,-0.227413709022216
468,5416,"s014","m1",-0.0152044504994352,0.485530508966625,0.112759273887878,-0.29010170051466,-1.10567367440196
469,5419,"s014","m1",-0.0104141138552874,0.585024818530015,0.299859887569118,-0.235560932426005,-1.22910439937607
470,5420,"s014","m1",-0.0981491722119133,0.493693619983816,0.275534397842885,-0.414599517451623,0.170009407804914
471,5423,"s014","m1",-0.0241955336608342,0.399295343749417,0.184605552090023,-0.426361996310324,-0.460240073672343
472,5437,"s014","m1",0.0534680955255585,0.513852918691561,0.273870159405401,-0.143378211296078,-0.974818301275493
473,5445,"s014","m1",-0.136411277309398,0.443148464243525,0.0795865759916449,-0.295564092320434,0.0734128031509843
474,5461,"s014","m1",-0.00735591364939459,0.470905267368007,0.208873802645711,-0.532760947746453,-0.844001161496949
475,5489,"s014","m1",-0.109039802764869,0.420281640245988,0.0673136385695932,-0.28171939849697,-0.0727641614536575
476,5520,"s014","m1",-0.106525441093816,0.43592699993312,0.141246427273806,-0.631695171752237,-0.398444464460426
477,5525,"s014","m1",-0.0948044633037029,0.408941284423835,0.0616284499798704,-0.423416877000328,-0.366635087723605
478,5534,"s014","m1",-0.00840150206916363,0.509196517353571,0.188381189082536,-0.230392312484233,-1.02315017749154
479,5536,"s014","m1",0.00607729298921491,0.528172513834679,0.281803569148267,-0.243585547703436,-1.22216793372728
480,5542,"s014","m1",-0.0917837827793025,0.482246052862038,0.1969861869017,-0.541167462047134,-0.532341049787155
481,5543,"s014","m1",0.0661687178905351,0.476377624866509,0.189900535623561,-0.217857194620315,-1.53640451594458
482,5552,"s014","m1",-0.108100558486588,0.324859324764228,0.114210781160338,-0.461081033753468,-0.377784481372081
483,5558,"s014","m1",-0.0175484003801138,0.426019248936106,0.262739734857331,-0.289109909804852,-0.951093506464589
484,5595,"s014","m1",-0.0276757490518122,0.43792061009331,0.0918608539002106,-0.303422194531958,-0.417360055485906
485,5600,"s014","m1",-0.106993470780325,0.449366188307806,0.192281200743427,-0.383709144899801,-0.162759875018694
486,5625,"s014","m1",-0.104497855746126,0.451724347851414,0.123553875443634,-0.376286883533892,0.0308944248352445
487,5630,"s014","m1",-0.0896315149404495,0.484305331542176,0.175005836570204,-0.2103727090249,-0.546718806762628
488,5638,"s014","m1",-0.0286925113402686,0.505547600956954,0.15802523564336,-0.46024923478545,-0.928327744427499
489,5649,"s014","m1",0.0226755785957869,0.490595088555049,0.237727323210788,-0.267493729238229,-1.49059224257141
490,5656,"s014","m1",0.0012640800901963,0.478813612114282,0.147065808281447,-0.411590386192704,-1.29983868339413
491,5660,"s014","m1",-0.069794130956561,0.46595330329935,0.159770867822275,-0.336502909804772,-0.420110378894981
492,5674,"s014","m1",-0.124496155551315,0.405392048186757,0.144089386729451,-0.530979745004072,0.132096915994953
493,5678,"s014","m1",-0.176372320339456,0.416853593384138,0.00302182307518682,-0.474608226856067,0.000242127509450089
494,5689,"s014","m1",-0.0663483114513738,0.444581075689675,0.156847255073567,-0.353473407193375,-0.15002617599522
495,5713,"s014","m1",-0.101084920659565,0.488470815675504,0.306721097217082,-0.197003952056278,-0.118994907858738
496,5722,"s014","m1",-0.0426591818518569,0.440868241879236,0.2092957584119,-0.328737975031195,-0.610989339437996
497,5724,"s014","m1",-0.105736435462094,0.460803171142403,0.244230525787041,-0.379758501776267,-0.183351229809585
498,5735,"s014","m1",-0.0804668587075621,0.459850978332846,0.111324315599322,-0.52669976118956,-0.593737315826177
499,5737,"s014","m1",-0.0762693453865319,0.358578784646475,0.0599279623343082,-0.462063208463608,-0.425631375201375
500,5752,"s014","m1",0.019302410062377,0.503155337565592,0.217689572562516,-0.237890736237019,-1.02308249547912
501,5761,"s014","m1",0.0214716414966703,0.512159304507847,0.205630362803663,-0.175968190745967,-0.822056572245226
502,5775,"s014","m1",-0.10025850319817,0.416069629560827,0.139814271897268,-0.35649249438863,0.0261642657094969
503,5781,"s014","m1",-0.0925232624122916,0.41837690919676,0.128068003505419,-0.454204476190777,-0.432543344120023
504,5788,"s014","m1",-0.0809470813698209,0.434797362592146,0.0812395911651832,-0.54346211471422,-1.26739438649094
505,5807,"s014","m1",-0.0585085792267538,0.433961902435355,0.143029108778676,-0.414758927117827,-0.507109796546036
506,5812,"s014","m1",-0.097989440381737,0.466597783159505,0.143224712604935,-0.517381897596806,0.0211712632602288
507,5816,"s014","m1",-0.0234399759127835,0.459240619685207,0.172820315383696,-0.433693030773298,-0.608349278339847
508,5835,"s014","m1",-0.019780308871848,0.502798960048488,0.156777526115785,-0.241810630263632,-1.04935221976681
509,5862,"s014","m1",-0.0699114754911987,0.41665822611224,0.132977303970189,-0.336213017988797,-0.123548444153088
510,5868,"s014","m1",-0.0137660008402018,0.458389189479758,0.154618037734406,-0.398604010567549,-0.512331011522985
511,5896,"s014","m1",-0.00945460875752815,0.49213398182662,0.230659745933776,-0.347517881487187,-0.389364572733642
512,5897,"s014","m1",0.0414619299200095,0.5225969141647,0.330005638593739,-0.104844837903017,-1.42332500818854
513,5900,"s014","m1",-0.0100794730286091,0.469529602281913,0.250653635565042,-0.451267389472659,-1.16081758871365
514,5917,"s014","m1",-0.00652941615140488,0.489085614674044,0.200982515523722,-0.450025143638597,-1.23373200807805
515,5924,"s014","m1",-0.0397250504004171,0.407564795944649,0.177224215217396,-0.351312036014334,-0.27066887720264
516,5930,"s014","m1",-0.0539853189018357,0.414610339626407,0.107467224331248,-0.371371445679182,-0.174021717514019
517,5936,"s014","m1",-0.0796858586019274,0.471873836494087,0.178006202840994,-0.223436090254576,-0.260237208050141
518,5944,"s014","m1",-0.000870123970346861,0.519854558313969,0.312366582712937,-0.344356342010941,-0.675330999082565
519,5950,"s014","m1",-0.160850048587902,0.379444742422621,0.117421461142455,-0.714073069947591,-0.284819993525624
520,5971,"s014","m1",-0.0870252252552731,0.392846295202168,0.0322649554546384,-0.45294164788022,-0.32933781990145
521,5993,"s014","m1",-0.0908755017308022,0.402158730771761,0.113920993898822,-0.667239742503443,0.0850026292075581
522,6006,"s014","m1",-0.0314085468641781,0.493120137011553,0.179315901920752,-0.33356966364465,-1.02293029202491
523,6007,"s014","m1",-0.00221956820286317,0.462694825450751,0.262904033508679,-0.231376317853711,-0.462094819289992
524,6012,"s014","m1",-0.022983250505697,0.439343027120367,0.0848361310795036,-0.369743194427257,-0.677137034640639
525,6014,"s014","m1",-0.147618532804895,0.486188130005867,0.158007403154173,-0.428655287135169,-0.389837713196337
526,6017,"s014","m1",0.0107604526284789,0.519535680362876,0.199312104600559,-0.274036236829231,-1.07121910729654
527,6022,"s014","m1",-0.119550177522932,0.443753757883616,0.183952443972875,-0.429302901187382,-0.359912605842352
528,6028,"s014","m1",-0.0814138678200856,0.416294962502544,0.19124232463244,-0.662547554986893,-0.248766666887382
529,6058,"s014","m1",-0.00496357987219061,0.424307944247418,0.0468022152896852,-0.486856320125902,-1.49957812929833
530,6071,"s014","m1",0.082495388877224,0.514798466103713,0.331228145442831,-0.0457554147234448,-0.536438295079629
531,6075,"s014","m1",-0.0510637258751045,0.456975611828127,0.150580009379806,-0.463119137070263,-0.570280492501585
532,6102,"s014","m1",-0.041358584368756,0.43721899832071,0.183915663529531,-0.312890233280075,-0.0479408487097229
533,6120,"s014","m1",0.0160954176677845,0.492639282588975,0.181829114862271,-0.179573667367856,-1.21516993920905
534,6158,"s014","m1",-0.119416485680018,0.474677489994261,0.18217802575504,-0.404416996982338,-0.434259929973984
535,6168,"s014","m1",0.0645037826911413,0.481988130065668,0.256035332916032,-0.0793341571514426,-1.57932643508015
536,6173,"s014","m1",0.0837373281072091,0.460032068408158,0.149239834403912,-0.14747513081589,-1.7657267055106
537,6174,"s014","m1",-0.0139379776704501,0.42918142378777,0.113710000909402,-0.346431956312193,-1.17594382316212
538,6177,"s014","m1",-0.0768627635706747,0.44759551861956,0.185409737446857,-0.457842123686893,0.211959291869913
539,6202,"s014","m1",-0.0388738396560875,0.467263750874202,0.214998691762915,-0.344727099865723,-0.332442603383122
540,6217,"s014","m1",-0.0834201310958648,0.362111292751524,0.0617186563641395,-0.483470417178487,-0.193778884940157
541,6224,"s014","m1",-0.0245968254073562,0.44181634275583,0.212391623706936,-0.311374885629073,-1.10357477065924
542,6239,"s014","m1",-0.0962021012071785,0.399763230063014,0.229251399095258,-0.520155130164371,-0.185584623275046
543,6246,"s014","m1",0.000662758267297037,0.440850231526908,0.181529354862016,-0.190467285642355,-0.861665197947749
544,6251,"s014","m1",-0.0696151703989056,0.426263181622501,0.171087134688215,-0.588615205281192,-0.190577251390887
545,6254,"s014","m1",-0.0599485412916001,0.507480101096129,0.234496814297673,-0.241037540195062,-0.445311019321596
546,6267,"s014","m1",-0.0677366242001128,0.481678245660646,0.259527791068347,-0.281127314631533,-0.316276564126619
547,6269,"s014","m1",0.00620670368187692,0.490624205708924,0.172619103704243,-0.266806409019765,-1.01919829649091
548,6275,"s014","m1",-0.128164480890886,0.440820679430958,0.118380208255449,-0.484352664416735,-0.348672835450491
549,6282,"s014","m1",-0.135230392155656,0.428995088136042,0.156878962152655,-0.614869122198365,-0.106106475922992
550,6300,"s014","m1",0.0421362356477241,0.487857455422581,0.249976788309679,-0.330021106678305,-0.836261900358939
551,6304,"s014","m1",-0.0825026825637758,0.399652259548097,0.168230488525838,-0.400012352741442,-0.21079137875108
552,6305,"s014","m1",-0.0438632297615413,0.483529560124196,0.201393847159607,-0.1838656458668,-0.625931768460807
553,6309,"s014","m1",-0.0272526071686079,0.550975905762776,0.168594810924577,-0.279368240067443,-1.30734304985772
554,6313,"s014","m1",0.02942863528368,0.520176981047817,0.189192880677942,-0.293897749197931,-1.99280118326667
555,6318,"s014","m1",-0.0569463864349775,0.445358442904732,0.1427232339258,-0.394521865335798,-0.518581921479394
556,6377,"s014","m1",0.0160086804590146,0.505923167997504,0.216871820576388,-0.24597500605263,-0.944501627108997
557,6384,"s014","m1",0.0710316847180811,0.564322265720524,0.314633723085659,-0.221331661867327,-1.71797431020043
558,6397,"s014","m1",-0.00157945050919431,0.487480424451182,0.189086770254969,-0.425279612599916,-0.818568035590867
559,6398,"s014","m1",-0.117401272508601,0.470729328219581,0.110438671788107,-0.46747812642474,-1.3316386002127
560,6440,"s014","m1",-0.0191589670024953,0.48136231414702,0.252832996581564,-0.43219952623424,-1.21701041086374
561,6444,"s014","m1",0.0382931140014061,0.516914258771416,0.214953523062334,-0.324417449395798,-1.03681046761035
562,6446,"s014","m1",0.0342662910660661,0.500924308974215,0.28493439358766,-0.416948239461078,-1.55956660124408
563,6513,"s014","m1",-0.115496594531862,0.382960879685093,0.103334983552981,-0.403714154216599,-0.149805080166345
564,6535,"s014","m1",-0.00309053651223378,0.48730405532102,0.153034974945049,-0.404011380864965,-0.802085296603766
565,6539,"s014","m1",-0.0722913155648768,0.451491247609998,0.152325335681409,-0.386820618727439,-0.572939090794121
566,6545,"s014","m1",-0.0241122400179978,0.41026484860867,0.257858350859153,-0.464433468155988,-0.268397112733724
567,6547,"s014","m1",-0.0557087518017678,0.458109999201801,0.124321726891673,-0.387242593480546,-0.970506904403249
568,6557,"s014","m1",-0.0645081899824641,0.382837030825142,0.130012241818391,-0.485800741793597,-0.591066713496836
569,6574,"s014","m1",-0.118599123066012,0.370406984319028,0.102646023564695,-0.525473558968059,0.440096503174061
570,6585,"s014","m1",-0.137398582140113,0.403480142247106,0.0391242239044492,-0.590165889374059,-0.143601538816411
571,6589,"s014","m1",-0.0174929311196666,0.5030902892742,0.32912113624117,-0.192190843795032,-0.0979738307042487
572,6633,"s014","m1",-0.00462746863244833,0.464651911335203,0.134088254220548,-0.0508047894140723,-0.694953838152338
573,6647,"s014","m1",-0.107272720219414,0.413035734988711,0.196150436483889,-0.736418215080204,-0.369635936903033
574,6654,"s014","m1",-0.0648205716284849,0.4349782198736,0.246246899373675,-0.524254731681745,-1.08100152914358
575,6659,"s014","m1",-0.0670990279727242,0.377715015801399,0.13708777184591,-0.549559576465329,0.136082283986992
576,6671,"s014","m1",-0.00387654016169033,0.532919595615052,0.263548176260902,-0.153636575333471,-0.909559360112925
577,6676,"s014","m1",-0.0883976380107935,0.369134165147183,0.0589659380478186,-0.39498460676275,-0.06936913690172
578,6677,"s014","m1",-0.00379054342523272,0.489283370099448,0.119500186899407,-0.215571745922286,-1.77069460947248
579,6700,"s014","m1",-0.0298232886674148,0.353725891678934,0.154060034867168,-0.615878080165566,-0.55490415184373
580,6702,"s014","m1",-0.0283096656458696,0.521041559889821,0.28418974524529,-0.140756152961181,-0.574225649562207
581,6726,"s014","m1",-0.130401873892762,0.423384616654499,0.0961541932450008,-0.454321376447369,0.281616984167696
582,6730,"s014","m1",-0.0130367846910658,0.488838038242579,0.254244572398944,-0.27101610183281,-0.716203548467558
583,6748,"s014","m1",0.0015373498796153,0.427543849374491,0.143089838214523,-0.364395197908397,-1.75799866854466
584,6776,"s014","m1",-0.019463293297564,0.474210816414213,0.244337496840273,-0.208517928407257,-0.831231771335319
585,6781,"s014","m1",-0.090345392765483,0.406221088559288,0.166782962915641,-0.577129956514071,-0.439563163902445
586,6800,"s014","m1",0.00178408538202135,0.459702626587025,0.129242250217605,-0.215625765230117,-0.792715616872359
587,6801,"s014","m1",-0.0370120170044192,0.385390846606129,0.212702815579311,-0.562663575559147,-0.703533321773204
588,6805,"s014","m1",-0.018766691577991,0.507975883816925,0.275149084653284,-0.0341197485585688,-0.402121989243411
589,6826,"s014","m1",-0.0360005055228872,0.38689188770465,0.176483041996328,-0.328034945592791,-0.36776760381063
590,6840,"s014","m1",0.0778497379307473,0.570675213324519,0.239680285617998,-0.147783093266529,-2.19281952249633
591,6848,"s014","m1",-0.0757695567866158,0.462012276208502,0.238936357325308,-0.418956199628331,-0.31014109025283
592,6856,"s014","m1",0.0726249758251429,0.558366571800151,0.322320294203338,-0.17209380354036,-2.21802535990088
593,6861,"s014","m1",0.0455636535630581,0.582924859858654,0.254945601158825,-0.0525433614435967,-1.8781197586734
594,6863,"s014","m1",-0.0260992538572956,0.471580579664629,0.201242259620901,-0.328856751082556,-1.21318951473162
595,6875,"s014","m1",0.0331223226301936,0.428409260337437,0.164252909641359,-0.374087582218095,-1.13757249957782
596,6880,"s014","m1",-0.0663595727227,0.416876319536979,0.220651538245759,-0.542461835966031,-0.21118548822063
597,6911,"s014","m1",-0.00526806707484516,0.480298103693102,0.12627444581376,-0.103838721192007,-0.43221972279218
598,6920,"s014","m1",0.0186993355687614,0.463187292723638,0.243958210378348,-0.282704742754518,-1.02479559355342
599,6938,"s014","m1",-0.144019128708238,0.365702495025177,0.0545017906663059,-0.689811924200921,0.118867309403926
600,6947,"s014","m1",-0.0597199958934673,0.4727178266737,0.216129788680645,-0.426522036620856,-0.569479193068988
601,6950,"s014","m1",-0.0362415979917045,0.443088518390712,0.202902363569916,-0.62727763633898,-0.333507415624809
602,6954,"s014","m1",-0.053987015138827,0.435181374075362,0.115118306040142,-0.52457174358202,-0.198682080701543
603,6970,"s014","m1",-0.0948324921290233,0.459786549408079,0.149355055500252,-0.416856528606199,-0.752647061108682
604,6986,"s014","m1",-0.000872119548147758,0.452726119661924,0.179660888638077,-0.28212348597742,-0.518186130903484
605,6987,"s014","m1",-0.0650931106471185,0.422549954850038,0.213806631760634,-0.442541583326988,-0.90149145653459
606,6992,"s014","m1",-0.0469302457147406,0.496972704825922,0.184568356238374,-0.235201610955636,-0.707742878175072
607,6997,"s014","m1",-0.0947483680986106,0.384128495100314,0.0912991839998104,-0.729106225074559,-0.274352149340309
608,6999,"s014","m1",0.0316822417112714,0.454927824107436,0.105403124237128,-0.451963762325339,-0.99984573223206
609,7000,"s014","m1",0.0572035793178395,0.538893403484775,0.250161556698455,-0.150485046050471,-1.76768854205883
610,7006,"s014","m1",-0.0919248441581517,0.368020854059815,0.0843472602931467,-0.478457448634037,-0.214319755364349
611,7013,"s014","m1",-0.0342072202441783,0.479817488626204,0.19535415907734,-0.435055060151432,-0.813599129383143
612,7017,"s014","m1",-0.0328868736727044,0.488883609291455,0.283840155533817,-0.306751365645065,-1.43239363331105
613,7047,"s014","m1",-0.0663696541512118,0.440008925075436,0.173899042381926,-0.37269199699058,0.0389054680369206
614,7062,"s014","m1",-0.143638500242585,0.330954135031216,0.0701280251578652,-0.543760691101431,-0.224243934924903
615,7072,"s014","m1",0.0358082981185382,0.476317445956777,0.282291127268896,-0.309650082660974,-1.71633860062494
616,7102,"s014","m1",-0.0587419990107032,0.50273031017348,0.177743144479025,-0.260138924457749,-1.37380475859532
617,7115,"s014","m1",0.0237291757821108,0.429949914722739,0.189381947830011,-0.317222557983338,-0.754946131586794
618,7121,"s014","m1",-0.00818057550680285,0.506272721597846,0.247630782340606,-0.18715384266952,-1.24568195204706
619,7130,"s014","m1",0.0120108810021027,0.526237787562174,0.383107940851499,-0.0947676080864361,-0.567859112514534
620,7132,"s014","m1",-0.148543365375595,0.414149745635003,0.154815676213879,-0.5273955611504,0.245445646874257
621,7152,"s014","m1",-0.132777361917124,0.410399847623281,0.19116856360399,-0.445245674097855,-0.45135219196866
622,7154,"s014","m1",0.0225105237639342,0.55916115098975,0.292926812719384,-0.00909017929968078,-1.70008715599785
623,7160,"s014","m1",0.00919866290157808,0.489770468678891,0.157361507241499,-0.200983993546491,-2.23061748868978
624,7162,"s014","m1",-0.0771243913543008,0.455545954663548,0.169274384175568,-0.414797052582036,-1.07037246360506
625,7165,"s014","m1",-0.088966584591986,0.384050608232411,0.086903617705251,-0.273125033343422,-0.223036759558184
626,7172,"s014","m1",-0.0778658231448257,0.366382206023824,0.0727555233528552,-0.553715793718279,-0.710888952326743
627,7178,"s014","m1",0.0036478247888336,0.517873036899966,0.291684656582381,-0.311164370719503,-1.46954177086712
628,7179,"s014","m1",-0.0838853513659951,0.443453980466921,0.166204520873436,-0.495083017608239,-0.329103522766427
629,7187,"s014","m1",-0.0136624486974627,0.404847021835313,0.195867840800823,-0.383232992133529,-1.13389447027713
630,7211,"s014","m1",0.0239674528195314,0.48465248606714,0.251115893002823,-0.356352317897848,-1.42634494271131
631,7217,"s014","m1",-0.0573313025413738,0.408935049825184,0.0657656716815793,-0.399393645570191,-0.144541142974999
632,7237,"s014","m1",-0.0979118777735568,0.485957313459281,0.21395858874339,-0.718205100396809,-0.0478168822532266
633,7242,"s014","m1",-0.0410805157842091,0.504854834612801,0.269441082490634,-0.262919981037829,-0.671842665909787
634,7246,"s014","m1",0.0287774272060564,0.468072526439843,0.199139494010521,-0.349574382569466,-1.64112848557061
635,7252,"s014","m1",0.0561215963547969,0.495159473852138,0.319950433302675,-0.212556548915374,-1.36044034432215
636,7260,"s014","m1",-0.0266832122633409,0.46191278952504,0.211979880249257,-0.267968476817088,-0.627104057392489
637,7268,"s014","m1",-0.0123799682314504,0.4520553960999,0.212041041038951,-0.24488682616047,-0.944606398477527
638,7284,"s014","m1",-0.124654735549985,0.425564124850767,0.0863520090420964,-0.754985571283511,-0.671118275391542
639,7286,"s014","m1",-0.0405483162692837,0.465927668155772,0.212342575110444,-0.155618996648887,-0.421577944498323
640,7288,"s014","m1",-0.0074242069978807,0.465809915955397,0.13055324641679,-0.42173249263169,-0.754056866797801
641,7312,"s014","m1",-0.0640218683177727,0.439310970438859,0.233450125152327,-0.481559057259811,-0.288493095032417
642,7321,"s014","m1",-0.0986112788488603,0.399814379061521,0.0728907313137088,-0.531985850670196,-0.477106268905839
643,7324,"s014","m1",-0.00362189072735994,0.503931873993285,0.284988985273411,-0.309323609124048,-0.869266168447239
644,7325,"s014","m1",-0.0054598415080375,0.506736110069174,0.200378196842793,-0.308294734213469,-1.54624181335308
645,7327,"s014","m1",-0.105424248207018,0.441347644822483,0.167141303187059,-0.322445475312448,0.213841024801368
646,7338,"s014","m1",-0.0109715749465597,0.457985797740122,0.178003624599269,-0.395133773947282,-1.21737802429984
647,7370,"s014","m1",-0.0921604124352089,0.518178676399991,0.218089463274667,-0.160773483928779,-0.0351286512710251
648,7407,"s014","m1",-0.0639044088035871,0.459188341823055,0.197732158555699,-0.193929950597243,-0.298440269901993
649,7410,"s014","m1",-0.120473593178267,0.428829370770349,0.298526037694735,-0.326387005001776,0.17866814345609
650,7411,"s014","m1",-0.05859078272227,0.503703831142331,0.20241847325017,-0.356449722897847,-1.11388520932396
651,7415,"s014","m1",0.0130177097523153,0.447947207225754,0.204436114758876,-0.321414119958293,-1.17500250581352
652,7426,"s014","m1",-0.131854393136305,0.421417202704244,0.1409631475016,-0.489270612753387,0.159792434072801
653,7437,"s014","m1",-0.0839759126961022,0.380459046419679,0.064848658078463,-0.326257671854097,0.0572473171575348
654,7438,"s014","m1",-0.0586555820789035,0.479851591123233,0.142038373745856,-0.239915477363641,-0.665535290567111
655,7442,"s014","m1",0.020950301246407,0.460899193413049,0.259542325137659,-0.30706403933946,-1.37532891601163
656,7450,"s014","m1",-0.0856968358723331,0.529097931436258,0.205994105276849,-0.261675525232549,-0.317472877633452
657,7459,"s014","m1",-0.0461864563776541,0.492781357312601,0.262971724080447,-0.232303314544387,-0.341755838139884
658,7482,"s014","m1",0.0529701547720889,0.498143314933093,0.285885426219905,-0.091194256326244,-1.18636082314405
659,7485,"s014","m1",0.0368708874846537,0.52854543224987,0.227938104611959,-0.0795616804343085,-1.36355305927836
660,7488,"s014","m1",-0.0699014894525074,0.503387826658153,0.238506043922528,-0.20127521285905,-0.585124480509304
661,7490,"s014","m1",-0.0409585216463213,0.5197471399668,0.292734046176352,-0.264067595542718,-0.767569764232542
662,7496,"s014","m1",-0.146064258549812,0.388370576719047,0.201148233919533,-0.685022122328641,0.3185631706262
663,7502,"s014","m1",0.066988788507922,0.520681183902022,0.218504752770092,-0.208577657662807,-1.71528512994651
664,7503,"s014","m1",-0.069019848282173,0.464733599082407,0.145313958134575,-0.182462176331948,-0.322178550140251
665,7512,"s014","m1",-0.0213820834470502,0.456323551402561,0.25277907042897,-0.537538041142978,-0.645238875946259
666,7513,"s014","m1",-0.06388031853505,0.452604421252863,0.228720873236685,-0.206847825680882,-0.00542983211199256
667,7524,"s014","m1",-0.0323878625142457,0.474394941413006,0.235466150363997,-0.29219285919708,-0.49810411282163
668,7541,"s014","m1",-0.0180770880694772,0.505086531593239,0.23270146862136,-0.282601499707661,-1.46311961010328
669,7550,"s014","m1",-0.0277562523055368,0.459144342672611,0.230731889274374,-0.385176913786012,-0.96743874562083
670,7552,"s014","m1",0.0174152732982154,0.489874385367185,0.231662138927902,-0.300941478298027,-1.58500161219154
671,7558,"s014","m1",-0.061151993431906,0.457638393300839,0.235382195266628,-0.196888430519447,-0.427763002606626
672,7562,"s014","m1",0.014151952933945,0.469041753513922,0.220345653567421,-0.301859959339845,-2.00622804744542
673,7581,"s014","m1",-0.0286038226038546,0.523120291560892,0.2560702979575,-0.343356780842536,-0.749669741317043
674,7588,"s014","m1",-0.0112903295349576,0.494884462977368,0.162047516384197,-0.474978511703302,-1.17335656357024
675,7590,"s014","m1",-0.0730423181559093,0.478564814061176,0.11729900920199,-0.253198534873015,-0.337088461722813
676,7602,"s014","m1",-0.0150887404638465,0.498156039557572,0.172274776737113,-0.187689212135905,-0.57430931624422
677,7626,"s014","m1",-0.0487038403316362,0.492738447153912,0.218602835365623,-0.391840307332694,-0.546741716235192
678,7643,"s014","m1",0.0110559226441275,0.525982813406585,0.287708552596497,-0.29088781818739,-1.14554947801523
679,7651,"s014","m1",0.0558295623951265,0.58362563286312,0.322339431866605,-0.103564195154436,-1.42398567816951
680,7665,"s014","m1",0.0240343423150004,0.498248083980664,0.319922281067813,-0.219243916274994,-0.872153897766677
681,7673,"s014","m1",0.0257663187174858,0.475752836032496,0.227739599720408,-0.144419758992062,-0.50358133773011
682,7680,"s014","m1",-0.174232313952305,0.437732933703534,0.149868391516479,-0.37983534104254,0.505377465109545
683,7696,"s014","m1",-0.0418520829784749,0.439654217822082,0.262600925837045,-0.205301244119844,0.0212278137707006
684,7701,"s014","m1",-0.0616110095696359,0.443729723886767,0.154962231033458,-0.366483811166978,-0.15174191847232
685,7707,"s014","m1",-0.0492557333729363,0.434352589413275,0.101076463881698,-0.60258346122943,-0.921114784506715
686,7722,"s014","m1",-0.0530385183979603,0.433255065247137,0.12821940380088,-0.310097464955088,-0.368370674983606
687,7740,"s014","m1",-0.0748036859646402,0.457536865873666,0.125752176984724,-0.360797227822851,-0.570245852014453
688,7743,"s014","m1",0.04079849101363,0.550489914602261,0.243518248957827,-0.243423407378442,-1.58174838464629
689,7744,"s014","m1",0.0762029853845795,0.511450589814395,0.329080491126229,-0.166247196416482,-2.12970742426786
690,7757,"s014","m1",-0.0671670475882497,0.473740651165323,0.159225594137564,-0.36491195124761,-0.766871422881652
691,7774,"s014","m1",-0.0743726726623477,0.395459498446781,0.119065908012714,-0.681248258133755,-0.558548574922183
692,7792,"s014","m1",-0.0175426630560809,0.446475163446254,0.199641018055472,-0.274479925594999,-1.10449236583367
693,7795,"s014","m1",-0.00329263654390458,0.533479026501633,0.272030798563067,-0.204271920512153,-1.96542184132464
694,7825,"s014","m1",-0.00286410562838769,0.496843938420732,0.172384837548254,-0.244581046466687,-0.957467198429941
695,7845,"s014","m1",-0.109422188591567,0.472994648877553,0.297306537341614,-0.229493140732969,-0.258147056779504
696,7850,"s014","m1",0.0103585375036202,0.459052989490693,0.218063532924224,-0.274057953827955,-1.19078822774942
697,7861,"s014","m1",-0.0433193839529489,0.452465376105368,0.194651831419036,-0.358046859484901,-1.10087315429035
698,7868,"s014","m1",-0.0207522174246319,0.494002595801195,0.243647944057236,-0.279605916973727,-1.63098453229642
699,7874,"s014","m1",-0.0529879203787658,0.40292036010912,0.116969594240084,-0.442244300413432,-0.143302624175297
700,7875,"s014","m1",-0.0563190067237134,0.496385776109467,0.143820473110292,-0.0900315524093441,-1.25488983842867
701,7883,"s014","m1",-0.0646566857952981,0.46251202341358,0.222032873723027,-0.220732954865057,-0.551925085235443
702,7898,"s014","m1",0.00473994936110107,0.483345526643257,0.25664257020309,-0.51653506790086,-0.652121398384022
703,7899,"s014","m1",0.0541331836051438,0.495566501824409,0.239062328406505,-0.148158729217379,-1.06477470338605
704,7906,"s014","m1",-0.046236055540643,0.447071719599256,0.245586305479833,-0.269220745468895,-0.135369879191749
705,7910,"s014","m1",-0.0502349490368442,0.411936818293196,0.117349256198492,-0.454952945456382,-0.824482038345733
706,7928,"s014","m1",-0.0098369837991224,0.468472391152577,0.261468600459495,-0.378003336628132,-0.22008731906749
707,7946,"s014","m1",-0.0265831729168959,0.430931454701875,0.158707881670139,-0.495299786424532,-0.257899001648816
708,7947,"s014","m1",-0.0538707042059109,0.414099033976992,0.11093120825745,-0.411255565809171,-0.624983388073528
709,7948,"s014","m1",-0.0568708611201997,0.49035127631409,0.228294833295185,-0.296629340289073,-1.05277930255355
710,7949,"s014","m1",-0.0665735370836427,0.322538597607104,0.08940997458831,-0.572634717499755,0.12283487469339
711,7961,"s014","m1",-0.0562281033925185,0.406337256125656,0.0554549123778742,-0.397952342279677,-0.412808597051627
712,7971,"s014","m1",-0.188962600935624,0.351510655214616,0.0791677088661522,-0.426801004086049,0.0169708217417217
713,7972,"s014","m1",-0.130058859302269,0.364221901432248,0.125419317699619,-0.566000063526128,0.232984893025375
714,7990,"s014","m1",0.02143036017762,0.4902221619089,0.245129927017682,-0.172618632936198,-0.742799085744944
715,8002,"s014","m1",0.0262293029042124,0.489909688005588,0.182444357151237,-0.27511966589382,-1.48448082036597
716,8026,"s014","m1",0.0822802743803067,0.602812729280423,0.369026955692062,-0.0497109016973266,-1.92762504557088
717,8027,"s014","m1",-0.0613743865981145,0.4329515911737,0.151983852673791,-0.333789178757876,-1.15475648355625
718,8036,"s014","m1",-0.0165705587286641,0.489394360708084,0.216207808545445,-0.226779528203589,-0.76146183701832
719,8045,"s014","m1",-0.096444273505954,0.443987566878462,0.270648737975142,-0.547387780950725,-0.680545742751173
720,8065,"s014","m1",0.027071336963997,0.478519249851584,0.152307271752157,-0.179319000566198,-1.39849460302811
721,8069,"s014","m1",-0.0976575118982336,0.470649202863727,0.161344897855073,-0.346679128841087,-0.345427373051712
722,8076,"s014","m1",-0.029114842347786,0.516257518222024,0.273261010460208,-0.292006610605606,-1.11739274933693
723,8077,"s014","m1",-0.103352481250856,0.362740426055231,0.181767997724208,-0.273867980764964,0.324560455296638
724,8097,"s014","m1",-0.0706759968818678,0.505423912035717,0.239359186064118,-0.202197558826704,-0.612876357812185
725,8123,"s014","m1",-0.0754674551870064,0.433319751174528,0.0641873226847019,-0.309440074297755,-1.10920957003783
726,8148,"s014","m1",0.0283094927754996,0.486971374535138,0.227513846947912,-0.406244306346613,-1.12691820039141
727,8157,"s014","m1",-0.0139765808231788,0.451601426573101,0.210420674223199,-0.192450372826651,-1.32833160369383
728,8163,"s014","m1",-0.0626271817285095,0.453219559233274,0.115752760771255,-0.142235071560277,-0.604439211338771
729,8174,"s014","m1",0.0644557977632569,0.534126128071474,0.271897298094011,-0.425937554605288,-1.5920042388075
730,8180,"s014","m1",-0.085212671365004,0.46227981429908,0.0859154090436751,-0.403277442292943,-0.529784178828631
731,8206,"s014","m1",-0.0992872490335884,0.399738039584063,0.151013434456623,-0.548781833781,0.0883337933533357
732,8218,"s014","m1",-0.0874391161499514,0.434106225210379,0.103199406470953,-0.37184411182432,-0.691057022877616
733,8224,"s014","m1",-0.0451602467091079,0.541414004179668,0.201645301607399,-0.341523324437131,-0.520125187966141
734,8241,"s014","m1",-0.0595010236764559,0.466846966352814,0.206973491059522,-0.355280685681174,-0.331194116665131
735,8248,"s014","m1",-0.154093857572148,0.396703277083654,0.131285960722443,-0.364445356145904,-0.206896308033123
736,8268,"s014","m1",-0.0378313065700798,0.507214335160055,0.167357253239437,-0.381576061460418,-0.564954622851242
737,8276,"s014","m1",-0.0815419723512971,0.348932650342718,0.220347896487821,-0.463522676714299,0.35213107494144
738,8278,"s014","m1",0.0284323445092257,0.434045021069648,0.013623812450588,-0.135058350286576,-1.51892589201568
739,8282,"s014","m1",-0.246068708681789,0.371343223867574,0.0892956042961527,-0.475442449371856,0.355217182128365
740,8291,"s014","m1",-0.0244223830066909,0.530043713033558,0.194112968252472,-0.223662960131718,-0.795866438707414
741,8295,"s014","m1",-0.026432341082349,0.448973974840617,0.285682614724065,-0.224319754506589,-0.715906575887143
742,8302,"s014","m1",-0.0480752846527838,0.444848264002087,0.187881197420892,-0.34985614613708,-0.63073904360312
743,8311,"s014","m1",-0.188443232811443,0.437918338329176,0.22232819429016,-0.448542063393564,0.200179338890566
744,8326,"s014","m1",-0.0625760839104765,0.48700506790349,0.0991624672492251,-0.416682060953717,-0.300243557125411
745,8327,"s014","m1",-0.10493321314444,0.451757830718334,0.162726163062241,-0.243068885812281,-0.299592495106171
746,8335,"s014","m1",-0.0877212458589711,0.397457182848148,0.0548714166597118,-0.427179157102618,-0.297899367524904
747,8337,"s014","m1",-0.0595691905061282,0.501283024657131,0.23477805340419,-0.397527530110149,-0.682289210434235
748,8357,"s014","m1",-0.00689805267138476,0.459700580789797,0.248328716621929,-0.317462819391763,-0.826223614654305
749,8362,"s014","m1",-0.000790638018000993,0.426984152536191,0.237612720486337,-0.267212031560182,-0.582582214151603
750,8395,"s014","m1",0.0025017908275172,0.522272795434015,0.193989862847673,-0.453082404340014,-1.23516735149077
751,8421,"s014","m1",-0.065390386991288,0.484104261505592,0.204279304298759,-0.118388558227088,-0.265689555144113
752,8423,"s014","m1",0.0109483221509637,0.446287117653064,0.24094760502899,-0.373567353619624,-0.79301070120959
753,8438,"s014","m1",-0.0223085986078425,0.520703682733403,0.21362549494677,-0.286904969707124,-0.973260857192153
754,8443,"s014","m1",0.0632230975547114,0.461015942313694,0.26451605787129,-0.282337723787326,-1.17385131359392
755,8462,"s014","m1",0.0271067394711386,0.521183049861222,0.289410806313547,-0.140689153483413,-0.850237855791916
756,8477,"s014","m1",-0.0706209292151193,0.456153556397038,0.191820961309783,-0.389947398904067,-0.651329768466406
757,8490,"s014","m1",-0.00126428158419177,0.52964300961966,0.314471520167935,-0.2803460913226,-0.761929946668405
758,8493,"s014","m1",-0.0555211016641266,0.519121475414049,0.269188215308796,-0.255686550848584,-0.711782543716677
759,8509,"s014","m1",0.0386250413201125,0.464494928158175,0.193913276777531,-0.176470209611041,-1.76273579075956
760,8515,"s014","m1",-0.136101248952028,0.377892488899802,0.121945428980906,-0.611908249453135,0.477792674023773
761,8529,"s014","m1",-0.0170282627650785,0.380005783991617,0.139671640903041,-0.290542675393113,-0.790923172422183
762,8532,"s014","m1",-0.0719912224075773,0.464769788054818,0.243141491447304,-0.520293116075575,-0.442246842065039
763,8557,"s014","m1",-0.0219686596543306,0.424334363150728,0.0792794196146269,-0.256583826758669,-1.08017746720714
764,8559,"s014","m1",0.0481060107991794,0.486423657262989,0.259952758316363,-0.305150173123877,-1.4014026248423
765,8570,"s014","m1",-0.0415196435527065,0.422545474761354,0.199527823488008,-0.36650806271368,-0.506562935344045
766,8573,"s014","m1",-0.105001301738983,0.40639781697442,0.133288933491764,-0.384589881904836,-0.24945867172793
767,8583,"s014","m1",-0.0833559211650914,0.410182103629135,0.0372450493914855,-0.476400130220496,-0.302059777506355
768,8592,"s014","m1",-0.0537528843746263,0.482654321305904,0.168349836272561,-0.233783172148315,-0.624910865926913
769,8634,"s014","m1",-0.0493346049251854,0.438767506598005,0.223597586809897,-0.223180068584277,-0.253735214153494
770,8640,"s014","m1",-0.0852039046827569,0.416109260800769,0.100363353197475,-0.530665820764473,-0.749664178069163
771,8649,"s014","m1",-0.0440586975694142,0.456612502253758,0.140933812557566,-0.404781923417167,-0.717823710567401
772,8652,"s014","m1",0.0537030530359693,0.513277842604702,0.276680521616393,-0.310951918470325,-1.38727939239853
773,8661,"s014","m1",-0.0941272848067328,0.379573756239752,0.195074978667698,-0.679260941154738,-0.023785422333068
774,8663,"s014","m1",-0.0584260391490838,0.492546012934223,0.195590705107236,-0.31457693940447,-0.470609267733733
775,8673,"s014","m1",0.0395166927349274,0.487301751867313,0.206991468698379,-0.364685262320307,-1.98811580352373
776,8676,"s014","m1",-0.0495410553693903,0.41686808149092,0.118600696840378,-0.456549853164872,-0.666293155699855
777,8705,"s014","m1",0.0644089565388911,0.570909141875866,0.314868790715534,-0.251121742024122,-0.819459327884403
778,8740,"s014","m1",-0.0714106463904893,0.416818493119826,0.0254935954945478,-0.263859037178387,-0.270394428798462
779,8770,"s014","m1",-0.0290367585672997,0.484200563928247,0.25873769674465,-0.21571203680356,-0.350265264339331
780,8778,"s014","m1",-0.00218688354870208,0.514458263152442,0.328068325588439,-0.314732865350292,-1.27839799351305
781,8786,"s014","m1",-0.0747349243907796,0.449905696751552,0.205829497222279,-0.220759738971274,0.0116733397339055
782,8834,"s014","m1",-0.0317715976112926,0.488897691686944,0.148364974459836,-0.0818528997242516,-0.389100556414895
783,8846,"s014","m1",-0.137832918745828,0.385733781991585,0.00284073667599938,-0.451640378522624,-0.0849078044725637
784,8857,"s014","m1",0.0243674917759978,0.514323589978915,0.102617961716335,-0.223963706831118,-1.55224167736853
785,8870,"s014","m1",-0.067842893096874,0.411206879540232,0.246330773840085,-0.306782992778926,-0.17693727395957
786,8890,"s014","m1",-0.140027344392909,0.430961930378394,0.145105152962829,-0.357075121080323,0.2788123830931
787,8894,"s014","m1",-0.00633101158259811,0.471623471838235,0.215469430151657,-0.291674260639846,-1.30643500199222
788,8902,"s014","m1",-0.0150273966070967,0.444287525333857,0.191071352298008,-0.302685866215456,-0.844903846028171
789,8931,"s014","m1",-0.0835941981089564,0.429050210252969,0.15772268944381,-0.283934161718309,-0.090255143719374
790,8946,"s014","m1",-0.106625249340162,0.440541697790623,0.1260432879394,-0.506646281107931,-0.112907552149962
791,8953,"s014","m1",0.00120603111424621,0.449102897677767,0.157577644529572,-0.158372936724857,-0.325402385509568
792,8959,"s014","m1",-0.0723038344073972,0.451327216584125,0.146506230736432,-0.39092314303974,-0.466296938545343
793,8963,"s014","m1",-0.0595471741949699,0.437967093319772,0.238068614783865,-0.392897045292966,-0.160550967317026
794,8965,"s014","m1",0.0618805183849477,0.507373381142207,0.287429518232569,-0.202358447206549,-1.21513900433419
795,8982,"s014","m1",0.016707539652884,0.455548464563672,0.214566718201371,-0.389896449168726,-0.897783053741124
796,9022,"s014","m1",-0.0328591144507176,0.448386010193567,0.223265855039858,-0.437491648054345,-0.50378503382472
797,9042,"s014","m1",0.00828210539620254,0.461532270485046,0.249877223205572,-0.397517782420348,-0.377985442633384
798,9076,"s014","m1",-0.00524072138728403,0.419422175288024,0.147890802670773,-0.285535940601349,-0.916953055728696
799,9078,"s014","m1",-0.00575870151511559,0.435968225303702,0.0428651376779886,-0.436607093063408,-2.43789462977855
800,9081,"s014","m1",-0.0753304337309153,0.343956464592429,0.0351134691153814,-0.705872839962146,-0.473034850434002
801,9088,"s014","m1",-0.0893479452653341,0.421925667197829,0.159681889483008,-0.338046302909501,-0.287088850106525
802,9100,"s014","m1",0.0429703187677744,0.497266054975711,0.197980540553684,-0.209252033049664,-1.36603313010037
803,9121,"s014","m1",-0.124269453085987,0.441169024145465,0.223836031038658,-0.380925524429183,0.369238055990264
804,9125,"s014","m1",-0.134183690787708,0.423893768938358,0.0269893574569531,-0.378594506968826,0.273318290839331
805,9131,"s014","m1",-0.132881327197496,0.341269149346562,0.0916857799938634,-0.533237461105287,0.643338782816729
806,9134,"s014","m1",-0.0208783900388827,0.426726609413444,0.210868435926673,-0.466796793038197,-1.0680537946995
807,9137,"s014","m1",-0.0493843594019655,0.507109910485231,0.147845861845191,-0.213977837285741,-0.096228818711745
808,9156,"s014","m1",0.0188232128486432,0.491268523464074,0.210860827840699,-0.309540487293068,-0.99355861234544
809,9157,"s014","m1",-0.0300316270796093,0.444199485831404,0.196438738592968,-0.463336902531278,-0.128561413865587
810,9196,"s014","m1",-0.118159319846259,0.375592059340469,0.107509225974044,-0.315748409379336,0.0363940989953608
811,9198,"s014","m1",-0.122568102307489,0.444974344564418,0.157924645594371,-0.448317415378849,-0.0190646136211945
812,9205,"s014","m1",-0.0714237616880681,0.421588768558831,0.150364151306319,-0.673334184805417,-0.674588020670574
813,9208,"s014","m1",-0.0962192469496748,0.347945751317749,0.130774393031986,-0.337248863756986,0.165817453523558
814,9218,"s014","m1",-0.0451124806328627,0.531883315199084,0.214036166238971,-0.244859473478494,-1.01958538741501
815,9243,"s014","m1",-0.0889558817846127,0.464372001141397,0.0941821058307006,-0.260882916689189,0.00108892278649922
816,9251,"s014","m1",-0.0428272968325162,0.483869946126619,0.180513104243176,-0.396077322583432,-0.686011613463536
817,9258,"s014","m1",-0.154351511167355,0.399780497328935,0.0808949688972497,-0.377805142858876,-0.470970507456938
818,9269,"s014","m1",-0.0544012818297992,0.385530080396422,0.175304340377362,-0.378559033989912,-0.365890109578265
819,9280,"s014","m1",-0.0542731649651934,0.463156272975055,0.122382676275013,-0.275515108229201,-0.576475924116345
820,9290,"s014","m1",-0.0514249770936209,0.423471103258113,0.127213641025349,-0.50412280655279,-0.223911765653982
821,9297,"s014","m1",-0.0766222227735185,0.404102038439478,0.0970511200276169,-0.438781861776687,-0.587037083019597
822,9312,"s014","m1",-0.0569148885141688,0.397949389053142,0.170602459934691,-0.452739132858076,-0.432150908349707
823,9317,"s014","m1",-0.0524112535329119,0.445143539007767,0.148071580997714,-0.332441274152331,-0.547347424779162
824,9322,"s014","m1",-0.0536135127306117,0.44398667684546,0.172646208396768,-0.399904514424527,-0.353709233668574
825,9323,"s014","m1",-0.0347590812562246,0.464832585755645,0.199031920197857,-0.362424387302333,-0.496776594684622
826,9325,"s014","m1",-0.0455693828945978,0.411505994008153,0.0667354484225148,-0.553486185369283,-0.621184467185145
827,9327,"s014","m1",0.0294275827886776,0.465025290795252,0.227979523961613,-0.190541188836233,-0.710713099567471
828,9336,"s014","m1",-0.0460715512974652,0.402451001900217,0.0952731549612417,-0.359944318541077,0.0735062313524383
829,9340,"s014","m1",-0.0934263332084396,0.439126010485508,0.108361240016082,-0.384065427456838,-0.0531588156617652
830,9341,"s014","m1",-0.103334263441079,0.400917762564069,0.0962135868683578,-0.308593052662464,-0.0260388070941181
831,9343,"s014","m1",-0.0604089771748957,0.429661176480906,0.207593892173698,-0.389892905943901,-0.219612215255427
832,9350,"s014","m1",0.0393746518718416,0.525144725033898,0.251258824377173,-0.148362235619843,-1.21433580373188
833,9358,"s014","m1",-0.0511811780114246,0.400261788365127,0.139668090598861,-0.476834996330687,-0.133857559745243
834,9361,"s014","m1",-0.0493095597982346,0.441924943366984,0.134492929339572,-0.311421741918358,-0.842590607117145
835,9377,"s014","m1",-0.0826343372619889,0.433331618043494,0.020822397953998,-0.409677182432346,-0.0972647505964016
836,9382,"s014","m1",-0.0250241248362071,0.437854737785041,0.121029236653097,-0.359700491865823,-0.103118317739084
837,9383,"s014","m1",-0.00705626734828313,0.408793839586416,0.0681205157297582,-0.405186120496651,-0.915982466598086
838,9394,"s014","m1",-0.0211344476942954,0.399664044131388,0.0964003886746906,-0.322071288684213,-0.506013119333675
839,9395,"s014","m1",-0.00144883420003297,0.477943948451052,0.205973970145958,-0.231879575837926,-1.305239447909
840,9427,"s014","m1",0.00887149396681893,0.464998393955535,0.239464397467454,0.00654487072910173,-0.385948309012966
841,9447,"s014","m1",-0.0433696106009074,0.4902385413834,0.160846315342081,-0.276330926014573,-0.953698163722947
842,9466,"s014","m1",-0.0609731275697245,0.464356134370322,0.124240806169923,-0.516598162493673,-0.335830995896229
843,9468,"s014","m1",-0.088538156894474,0.459549207605512,0.23642164211452,-0.433773203026709,-0.41795860208947
844,9484,"s014","m1",0.0329202760372973,0.519193743913576,0.323005262658824,-0.224348171023569,-0.855701115991277
845,9494,"s014","m1",-0.0782321539409438,0.471705599877915,0.265029447451241,-0.383770652196068,-0.475802574596166
846,9513,"s014","m1",0.0175259796634216,0.515053158097386,0.24623122513044,-0.197861480942359,-0.837362424614946
847,9520,"s014","m1",0.00902407160818209,0.475125998321597,0.254690691775748,-0.270133613873801,-1.53685191941379
848,9529,"s014","m1",-0.0515442428650295,0.448449776346132,0.191971222496029,-0.357282603470573,-0.638159272978426
849,9575,"s014","m1",0.0122184953042566,0.512512235381834,0.210553501987071,-0.257803043494438,-0.586462124639374
850,9591,"s014","m1",-0.0172319451066713,0.463737520546736,0.208242734902225,-0.19857916325366,-0.75284038813364
851,9599,"s014","m1",-0.0153755935381331,0.48183922322569,0.220974509817353,-0.280275055993029,-1.04869340557369
852,9604,"s014","m1",-0.039168121885991,0.533062042470874,0.194745517346015,-0.233835019718203,-1.54115103964633
853,9605,"s014","m1",-0.0446085493539055,0.455096248318031,0.115485600887202,-0.281928001822779,-0.280982896403249
854,9607,"s014","m1",0.0457778095711791,0.484374795957714,0.200574825215198,-0.057537257218456,-0.781979215507063
855,9611,"s014","m1",0.0467228816723357,0.532248986379426,0.266833039851983,-0.354503012219887,-1.76282891841208
856,9637,"s014","m1",-0.165536659750998,0.336945419983245,-0.0316941825133647,-0.781955664452888,0.119212933809581
857,9684,"s014","m1",0.0205982675580753,0.43829845759053,0.294792956437263,-0.329267806422032,-1.07228013682598
858,9694,"s014","m1",-0.0869540584726113,0.385854547784702,0.151914663579558,-0.578725156634487,-0.211727281372306
859,9702,"s014","m1",-0.0855619862652857,0.43394934695019,0.169423877056659,-0.331797847785243,-0.192862849585332
860,9715,"s014","m1",-0.0428146823807649,0.425765987386893,0.163283952874815,-0.239047849086573,-0.366165204185116
861,9719,"s014","m1",-0.0889964311057644,0.441531503722675,0.0654536395062537,-0.387928295034655,-0.610459365333941
862,9753,"s014","m1",0.0420330341957676,0.485270909503012,0.260088780537779,-0.237096894367912,-1.81879963153789
863,9771,"s014","m1",-0.0851348644255746,0.447909461566033,0.235746670777487,-0.544638452669428,-0.048199117634546
864,9775,"s014","m1",-0.12701162192239,0.452788785194651,0.163968182592877,-0.30185848063889,-0.0777511588170193
865,9776,"s014","m1",-0.0889255443308957,0.437082682030753,0.237118757849423,-0.252547835902831,-0.241279458435176
866,9791,"s014","m1",-0.0657606467554621,0.423618524596363,0.168308183782751,-0.408649894341818,-0.442836671245027
867,9793,"s014","m1",-0.0673381417144675,0.383184342648241,0.0369057021798516,-0.522059670553084,-0.494884631427556
868,9803,"s014","m1",0.0285025195323233,0.519934156303647,0.267159235519556,-0.394063458773692,-1.777720788344
869,9839,"s014","m1",-0.013995950773905,0.4980400963605,0.227388875666648,-0.257472464658779,-0.647888108160744
870,9840,"s014","m1",0.0626950919205828,0.467580756771853,0.239330064263233,-0.357994968384516,-1.51388353569943
871,9851,"s014","m1",-0.0824253829771618,0.435283830117274,0.229667090927297,-0.621860368533897,-0.203560561024717
872,9859,"s014","m1",-0.0610711649303238,0.47727326871952,0.223899801556685,-0.346117460262016,-0.434236800679349
873,9861,"s014","m1",-0.135379703798013,0.371069726544104,0.106655841723488,-0.587048282857037,0.379421318730739
874,9871,"s014","m1",-0.00449105697314796,0.477564875046043,0.268679161855223,-0.169587480868335,-0.90365113799715
875,9875,"s014","m1",-0.0146885504321576,0.496046979249152,0.26080423379594,-0.064747531716032,-0.79966475187272
876,9906,"s014","m1",-0.0631904334772948,0.475198161768273,0.12645758183408,-0.481387156532022,-1.32621357256382
877,9919,"s014","m1",0.0514200990353127,0.48514698157074,0.307250094413039,-0.127052363076106,-0.657901809537027
878,9933,"s014","m1",0.0596900944119322,0.511161369461422,0.228463743093889,-0.193387970047373,-1.66012614022333
879,9950,"s014","m1",-0.087682911097483,0.408911375687946,0.0970349140131333,-0.330748978518539,0.0923818094293726
880,9968,"s014","m1",0.00527405816461777,0.447421005157778,0.22556504370654,-0.372869479369538,-0.710055192926025
881,9970,"s014","m1",-0.0490632024666075,0.441447026954005,0.218970929829445,-0.468757881044989,-1.01863297591119
882,9997,"s014","m1",-0.0961445689118908,0.41966224854137,0.154696657348985,-0.394815430472356,-0.0311970577559699
883,10006,"s014","m1",-0.044784293670039,0.451265303955472,0.189680546171599,-0.327582783428347,-0.580233073575783
884,10030,"s014","m1",0.00597536492016863,0.477862059778308,0.269295578177221,-0.448575949787899,-0.721965846677099
885,10036,"s014","m1",-0.0733848839885644,0.498771757218367,0.193758933755303,-0.332575367931102,-1.22621891033509
886,10037,"s014","m1",-0.200998508657486,0.39329667854549,-0.0712431895848586,-0.602362697159272,0.348363033704303
887,10042,"s014","m1",-0.0614019403572873,0.477935040037318,0.185925269737351,-0.401755375867287,-0.68251778315964
888,10043,"s014","m1",0.0378111178461361,0.465467403353385,0.187688756138246,-0.136181785670446,-1.03745695178765
889,10067,"s014","m1",-0.0293878400689386,0.434512800644323,0.191567795432315,-0.0934757316960843,-0.397892782822326
890,10081,"s014","m1",0.00565938543217627,0.463380337890206,0.159788379775876,-0.0979221603283398,-0.407838361994698
891,10098,"s014","m1",-0.119706709401442,0.472364221127724,0.248614614096987,-0.604567650342797,-0.37936425066837
892,10099,"s014","m1",0.0316077242251528,0.575218969959781,0.290905860580646,-0.335988865555305,-2.31876908910464
893,10109,"s014","m1",-0.0665395885531191,0.383135111435534,0.129451520076219,-0.442337240409855,-0.139267076642275
894,10113,"s014","m1",0.00353376873722634,0.485160524583307,0.216941296760143,-0.356159654767537,-0.876982733579257
895,10147,"s014","m1",-0.0401919016014849,0.372043882018518,0.145019240826016,-0.379824022744067,-0.599722648694403
896,10158,"s014","m1",-0.129554374123239,0.379558001504376,0.0876428611927833,-0.557904610502756,-0.639158695586143
897,10169,"s014","m1",-0.085195252794639,0.37918287739952,0.152770123448489,-0.464906085724133,-0.166160339511578
898,10180,"s014","m1",-0.0283127848033718,0.450116313597232,0.206144729068599,-0.278549201142252,-0.703994238704618
899,10181,"s014","m1",0.0465371867192956,0.506471409758593,0.237320309859416,-0.200355066100886,-1.02841232477095
900,10188,"s014","m1",-0.0264834791211057,0.422907908183241,0.204911682882463,-0.567336708674368,-0.870021098508225
901,10190,"s014","m1",-0.0953815754544815,0.398189862442896,0.102156390970416,-0.640761792216588,-0.135748840486815
902,10221,"s014","m1",-0.0159543012321517,0.426721804629954,0.147090544852097,-0.470133597062219,-1.14545742202736
903,10231,"s014","m1",-0.091032363693919,0.357212411866602,-0.105055090389407,-0.292132682419082,-0.633145760464195
904,10232,"s014","m1",-0.0533127657834405,0.404971694450443,0.246287652326461,-0.430529088456499,-0.498839207973325
905,10246,"s014","m1",0.0485767348224912,0.518045438958998,0.300853345216745,-0.377437376519363,-1.33043773518707
906,10247,"s014","m1",-0.03681414589641,0.419105495548822,0.114207000849559,-0.621345728148057,-1.29737648677803
907,10251,"s014","m1",-0.00504005179355528,0.45413288027945,0.212289413105979,-0.478020765657616,-0.884224421589418
908,10307,"s014","m1",-0.0385015065452721,0.50453921363333,0.217393340717319,-0.379695235867795,-0.358530104548399
909,10319,"s014","m1",-0.0251977492673642,0.543831039881618,0.246373628826375,-0.338698899661906,-0.968008444259556
910,10336,"s014","m1",0.0162458715072566,0.46624126519889,0.190496360960512,-0.47403246784774,-0.617483299681094
911,10353,"s014","m1",-0.0496414478119866,0.518109458003548,0.266611240524391,-0.387144108758785,-0.960237811795948
912,10373,"s014","m1",0.022172098359401,0.561821225699598,0.240036283963923,-0.0913980215869678,-0.630253411256624
913,10375,"s014","m1",-0.0136244432262933,0.498120797476265,0.186260333009191,-0.251620419522349,-0.731183380092125
914,10376,"s014","m1",0.071555217277393,0.509010143311933,0.210768911802292,-0.126049288656497,-1.55402579311888
915,10384,"s014","m1",-0.0361883157905514,0.484864270350112,0.266415931265313,-0.283084229020079,-0.416725268795571
916,10400,"s014","m1",-0.0603441213477722,0.418723775539841,0.105759956206167,-0.385515876737451,-0.700720322336765
917,10439,"s014","m1",-0.0844421823661327,0.476274612877187,0.189598348865624,-0.425475499641685,-0.127132474382954
918,10447,"s014","m1",-0.0448238666085372,0.429976099991473,0.132395092298751,-0.440845136817156,-0.954552284024935
919,10467,"s014","m1",-0.0782863564514806,0.457513545415457,0.218651788318385,-0.565627027243022,-0.790784336177783
920,10483,"s014","m1",-0.0406317657704902,0.545364258630813,0.272022351292896,-0.14471273413829,-0.649729601411133
921,10508,"s014","m1",-0.0836298014798045,0.387512063418964,0.0978220574755755,-0.297193353278104,-0.690166018580996
922,10524,"s014","m1",-0.0751143287566278,0.484652553361164,0.159820357713024,-0.235774057635908,-0.348289859697339
923,10570,"s014","m1",-0.0285815597810718,0.423047363055355,0.173416747635786,-0.326786350350541,-0.543193637096966
924,10573,"s014","m1",0.0306375937380984,0.49548658887337,0.16512046034263,-0.315681789262778,-2.1124146909914
925,10575,"s014","m1",-0.0439393564550766,0.434028464308894,0.159608695994151,-0.470612002785641,-0.837893838545051
926,10615,"s014","m1",-0.150263129008828,0.427888985899723,0.104672258253777,-0.482241956003476,0.138877140224235
927,10669,"s014","m1",-0.0404602589784611,0.486000117616213,0.227013247096701,-0.384454951448128,-0.270284726496033
928,10685,"s014","m1",-0.0478509805972667,0.441120431935259,0.117422098218089,-0.388371945232426,-0.80517257961619
929,10686,"s014","m1",-0.0937569522962898,0.383892419967854,0.144062715286456,-0.724670476592394,-0.417131075563178
930,10740,"s014","m1",-0.0751150894610437,0.424336001123272,0.129003964438998,-0.534099278005332,-0.632505947832544
931,10743,"s014","m1",0.0012718988824732,0.427246822999143,0.181251989762673,-0.352525855393278,-1.17733459410228
932,10750,"s014","m1",-0.00910983559997115,0.489820416881278,0.205362121317924,-0.233504789511501,-1.36636464032963
933,10753,"s014","m1",0.0125209241192977,0.471634025244135,0.214815281149551,-0.23810217412787,-1.31620851232113
934,10760,"s014","m1",-0.037387437677404,0.462860436584096,0.172069997243759,-0.38485754295739,-0.550574140530066
935,10765,"s014","m1",0.0237840683286207,0.458169971198729,0.242345576470467,-0.223247157042372,-0.939850063644369
936,10766,"s014","m1",-0.129226645355841,0.470202920066216,0.0850763852404644,-0.47310223561271,-0.637286059905124
937,10794,"s014","m1",-0.0524053240869007,0.385062959906983,0.181607109133531,-0.434547899691505,-0.67042827284726
938,10796,"s014","m1",-0.03267018687631,0.486339604486586,0.158861948184584,-0.38954405348214,-1.17586580400303
939,10810,"s014","m1",-0.0187557116095144,0.438942089878346,0.193744022313094,-0.28113358555188,-0.589414603042521
940,10812,"s014","m1",-0.0259432451868921,0.386717435220245,0.0330005488696736,-0.4967334722878,-0.818377240937458
941,10813,"s014","m1",-0.0818082479682908,0.406765957907521,0.0793819665350406,-0.346760649497816,-0.0124822674800597
942,10822,"s014","m1",0.0735848304938738,0.471886300301371,0.223677084584268,-0.264906799506485,-1.75722177127813
943,10826,"s014","m1",0.0257684528666074,0.488189738878606,0.176691055130842,-0.351210368007267,-1.16448084707382
944,10864,"s014","m1",-0.0686084383910392,0.474093247531724,0.138483993881157,-0.430005194081775,-0.455092074139321
945,10873,"s014","m1",-0.0981766356217312,0.455105815851066,0.186355741417765,-0.441736158676164,-0.196398809249255
946,10875,"s014","m1",0.0263211434122999,0.466053086396156,0.120117891418225,-0.39950084224313,-1.10558367150199
947,10896,"s014","m1",-0.00576296300751205,0.478187413871764,0.241976066933367,-0.226419530930927,-0.846752497977701
948,10907,"s014","m1",-0.0698697509286606,0.419062145311664,0.215916772639226,-0.377075992150051,0.01099017862581
949,10919,"s014","m1",-0.174291674089918,0.4511655999531,0.185980105566686,-0.402422851097291,0.377456684265761
950,10926,"s014","m1",-0.0518609508773413,0.40352958222566,0.171415749307853,-0.435910016278677,-0.440383989844597
951,10933,"s014","m1",-0.0688059843247341,0.44747785089049,0.146026674266891,-0.365559682331388,-0.215719922444233
952,10938,"s014","m1",0.0625207878054405,0.543802385515164,0.218411662550795,-0.168283404016045,-2.03644979613019
953,10940,"s014","m1",-0.0484673651261494,0.490014455188739,0.243526999633008,-0.436275047751389,-0.727956019835273
954,10968,"s014","m1",-0.075057936420668,0.491360923230255,0.164741747050126,-0.511923677557983,-0.78830910376358
955,10974,"s014","m1",-0.0877515020585713,0.506612699034701,0.268933670886676,-0.217706144682043,-0.447120154277784
956,10982,"s014","m1",-0.0596972425220924,0.411521055817502,0.0463284048852194,-0.419057977077733,-0.610144412054147
957,11015,"s014","m1",-0.063187317463509,0.459281219899723,0.182136478003836,-0.091661601338022,-0.0986979011893559
958,11022,"s014","m1",-0.0567305915322665,0.44516673810349,0.200970462162834,-0.354774865566299,-0.234435615106188
959,11037,"s014","m1",-0.0953436307918264,0.424389467928067,0.155208725684949,-0.3982275768258,-0.34055407140676
960,11068,"s014","m1",-0.134477988894918,0.430360634957839,0.203538881178935,-0.441281137373747,-0.30040067547829
961,11073,"s014","m1",-0.0410459755977125,0.485769726937375,0.233305825499829,-0.427690927400851,-0.32728050964558
962,11113,"s014","m1",-0.0818372893780037,0.40435943491923,0.156856775690715,-0.506865549349951,-0.852189853241202
963,11128,"s014","m1",0.031304787572791,0.441391715649605,0.221043902181464,-0.252692594557575,-0.713026460408954
964,11144,"s014","m1",-0.144108900051536,0.35462573624879,0.0738789047856209,-0.331130691474791,0.152851759988342
965,11146,"s014","m1",0.0372645698657661,0.503484117323912,0.340285053905571,-0.166887591060492,-1.46783398457465
966,11154,"s014","m1",0.040378870584909,0.519333324135761,0.272937765244173,-0.383335132781258,-1.46794740809112
967,11155,"s014","m1",-0.0857668563019459,0.46335922836987,0.191299318423904,-0.589154103466588,-0.149773583212984
968,11157,"s014","m1",-0.0741119548838461,0.454763927628113,0.179942337258794,-0.422044513471546,-0.27288718133812
969,11164,"s014","m1",-0.0334238960468752,0.438300302392251,0.0880543317788523,-0.584258742210088,-1.00384727184643
970,11165,"s014","m1",-0.019182594020258,0.451101751537625,0.134708655685859,-0.184681548935733,-0.627309268127159
971,11167,"s014","m1",-0.0444637363816268,0.440638664823957,0.175049612003858,-0.447771474223641,-0.870226799736733
972,11170,"s014","m1",0.0348089922174129,0.495010803537577,0.296678266503794,-0.32786404459813,-1.00093504487978
973,11181,"s014","m1",-0.11832994590631,0.402588068597843,0.05778064427544,-0.624626832219045,-0.316780847794332
974,11194,"s014","m1",-0.132657392009722,0.374733705327721,0.133917091828628,-0.462706226030368,0.139167741962726
975,11199,"s014","m1",-0.0180835270584445,0.458669089285983,0.282909659800843,-0.506788395438125,-1.21910005507467
976,11202,"s014","m1",-0.131841587040321,0.371128446941233,0.192633615958918,-0.685850271421042,0.319857586828019
977,11221,"s014","m1",-0.0327910432359181,0.471099875194332,0.234285939343532,-0.437689595834922,-0.830667392273242
978,11243,"s014","m1",-0.060724381085884,0.47413902729023,0.206075682632219,-0.244392606986837,-0.336822431648443
979,11244,"s014","m1",0.0224689655890587,0.460138651750938,0.184725148614942,-0.331909093851142,-1.33950033197166
980,11268,"s014","m1",-0.139628310862752,0.343310109974603,0.0646497927931074,-0.561964746958797,0.167694363693949
981,11288,"s014","m1",-0.0267118287244994,0.454877590222102,0.169970484441087,-0.361489561843987,-0.506233868745992
982,11306,"s014","m1",0.0239035091193954,0.474940506896048,0.249142723206251,-0.2780835678348,-0.959430825228081
983,11312,"s014","m1",-0.0099541246779579,0.453753860152983,0.219187056191525,-0.292252019950757,-0.45702479804451
984,11315,"s014","m1",-0.0960027984124378,0.43912753466333,0.268875859434297,-0.475323557151758,-0.507959110950355
985,11380,"s014","m1",-0.107247625810963,0.392222717550005,0.123404656451828,-0.449654679205981,-0.164366599258443
986,11381,"s014","m1",-0.107641890367761,0.387257394164247,0.0139292557304159,-0.624807148108478,-0.199319570121305
987,11385,"s014","m1",0.0704538476652759,0.563228354741379,0.267924083825824,-0.183222053431996,-1.16832295992378
988,11395,"s014","m1",-0.0213346275331472,0.470253048319221,0.235991612067478,-0.372972760726306,-0.515106343562867
989,11397,"s014","m1",-0.0132381311561009,0.490430546615469,0.192146775576745,-0.486048431260132,-0.972294280042444
990,11413,"s014","m1",-0.0815365009676978,0.398736628140785,0.171208733579574,-0.54149587270887,-0.553127069595805
991,11415,"s014","m1",-0.0428998132159507,0.488886661772554,0.214120749036746,-0.379458044994931,-0.873324448868545
992,11420,"s014","m1",-0.0827261478101947,0.502486261179819,0.212056039413564,-0.333071529213802,-0.303536487517318
993,11436,"s014","m1",-0.0520709170342635,0.430806661264124,0.181788565956797,-0.242317595019812,-0.581861737286556
994,11460,"s014","m1",0.0580858243106764,0.44369509773464,0.28148537723828,-0.439426791796986,-1.0043609645793
995,11462,"s014","m1",0.00170949818754374,0.476481563275735,0.20879781284738,-0.378577478194894,-0.881024049076287
996,11486,"s014","m1",-0.0919520883970451,0.373622745186379,0.089407894357843,-0.616258434293238,-0.530367993887776
997,11493,"s014","m1",-0.0351181518295253,0.449253551931725,0.171827407513166,-0.382745813212491,-0.529015556004068
998,11496,"s014","m1",-0.0220200879873806,0.45376292950313,0.271613404846042,-0.314038247567428,-1.06242248590361
999,11508,"s014","m1",-0.0117977215904682,0.54191606702404,0.282815043139626,-0.192007840709527,-0.127235795391841
1000,11513,"s014","m1",-0.0355473385736299,0.481778504786463,0.15672534154409,-0.280372369004279,-0.692891693564847
1001,11532,"s014","m1",-0.0823710549069398,0.461509226676812,0.260252060383848,-0.340228723987528,-0.158287251832989
1002,11547,"s014","m1",-0.0712674351961216,0.46279379192491,0.180156030396642,-0.321166786807207,-0.901066138134957
1003,11554,"s014","m1",0.0415847072743457,0.561805555070695,0.273225504415372,-0.121932115815704,-2.15136885397427
1004,11556,"s014","m1",-0.0685445276311932,0.349167631429881,-0.0228816944457959,-0.313297518267991,-0.463377605931503
1005,11569,"s014","m1",-0.0796365980633024,0.427794108990907,0.0540669850811091,-0.407091888471242,-0.419486789869065
1006,11580,"s014","m1",-0.0348609967295887,0.506561087080628,0.245346042033347,-0.310230466986172,-0.286620902738875
1007,11603,"s014","m1",-0.0612784806176911,0.395442104400685,0.142906749681932,-0.335049594921355,-0.098284694498765
1008,11606,"s014","m1",-0.0876399937606844,0.485655384505028,0.198330067962632,-0.250599954496433,-0.875546345216301
1009,11617,"s014","m1",0.0163064811407421,0.512249562906045,0.25569503807463,-0.260614751242265,-0.911924977359599
1010,11618,"s014","m1",-0.0367261973581663,0.449745207889588,0.23422001132085,-0.177338468995569,-0.727764702980228
1011,11646,"s014","m1",-0.0668961084533357,0.496456375376564,0.229041023938252,-0.444390780464202,-0.326624583564933
1012,11657,"s014","m1",-0.00691091910957181,0.502685298489737,0.201926883635073,-0.266387079095439,-0.895448542607602
1013,11659,"s014","m1",-0.0478996811301999,0.399018363872116,0.107357656394359,-0.384229618419522,-1.40218987216214
1014,11665,"s014","m1",0.062878537231244,0.497995615459703,0.281932626997707,-0.157601711109426,-2.14607386823744
1015,11668,"s014","m1",-0.0644237022738563,0.412068133947601,0.129294950818338,-0.494189432425973,-0.442303646523057
1016,11673,"s014","m1",0.0266296380039582,0.507646246535547,0.236687684886014,-0.217753406846999,-1.12216762118557
1017,11680,"s014","m1",0.0207708863284535,0.499864210361451,0.208653272896336,-0.202351903373519,-1.18416428883867
1018,11681,"s014","m1",-0.0949414671728848,0.36104310389611,0.133356046363149,-0.357580844821985,0.314991446442519
1019,11686,"s014","m1",-0.0809397573058492,0.436937173273546,0.106444278299884,-0.393598449748866,-1.05562762500372
1020,11762,"s014","m1",0.0335152790185602,0.489206216514761,0.118257843159139,-0.30648245357356,-1.1244539588398
1021,11774,"s014","m1",-0.0542303292030139,0.44441527966483,0.155994279752253,-0.388504811100969,-0.743760670883303
1022,11782,"s014","m1",-0.0198507993577092,0.403681819203299,0.193065072759693,-0.416053531815195,-0.767317633866
1023,11800,"s014","m1",0.024879899444105,0.505494230877049,0.252417699696652,-0.316873922770859,-1.51186709772295
1024,11811,"s014","m1",-0.0433580276232859,0.43396281993018,0.193420995094939,-0.457825059134191,-0.392880446589648
1025,11825,"s014","m1",-0.0165797967334576,0.424899466319628,0.173366311378191,-0.358762984661264,-0.602332723718592
1026,11839,"s014","m1",-0.10886216739534,0.385053723572218,0.050957044624922,-0.666365861997455,-0.787743425393703
1027,11840,"s014","m1",-0.0567327953577225,0.417337684076921,0.0900873825188983,-0.348767423942366,-0.442522905504863
1028,11841,"s014","m1",0.046279658040975,0.518762978581568,0.191405054973563,-0.169970624926206,-1.42691901260151
1029,11846,"s014","m1",-0.0493229641154445,0.450842066425236,0.193212389684423,-0.344473727983679,-0.399207593713224
1030,11863,"s014","m1",0.0908200217940653,0.520678172226711,0.284980671009605,-0.156700730909349,-1.56941183541317
1031,11870,"s014","m1",-0.0169568200128596,0.385903946516685,0.165043230808444,-0.229156555386475,-0.493590694033989
1032,11882,"s014","m1",0.00195506611607847,0.524879990001479,0.267103983184343,-0.199376615642531,-0.929467433888845
1033,11883,"s014","m1",0.0302032576666179,0.452955780457367,0.34898429868315,-0.210884894709612,-0.98444226491921
1034,11891,"s014","m1",-0.0692646514199057,0.444158226777216,0.250403704031136,-0.20924785309625,0.184329436307796
1035,11910,"s014","m1",-0.0496569819685255,0.433781015247611,0.18706201370145,-0.242017372190152,-0.670872866042943
1036,11911,"s014","m1",-0.0369310548385353,0.436130050498224,0.211040778075321,-0.316063652816254,-0.286908108202935
1037,11928,"s014","m1",0.000772101380402617,0.527980069852969,0.214831423351901,-0.149559572705695,-1.19065093990618
1038,11954,"s014","m1",0.0263558816664342,0.514031778148846,0.195627408348207,-0.230920088757164,-1.63992515050912
1039,11963,"s014","m1",-0.0390676796905835,0.430860588365189,0.247324081802469,-0.480384069915305,-1.08667543209372
1040,11998,"s014","m1",-0.0909601756743874,0.441451619105371,0.159286664731366,-0.433773796379696,-0.528627059574668
1041,12004,"s014","m1",-0.0347174799558308,0.4958061589235,0.237996330945141,-0.360192331187219,-1.54006484889442
1042,12012,"s014","m1",-0.0429254299162431,0.44987331264977,0.261848313015998,-0.347099444476357,-0.0928979752004017
1043,12026,"s014","m1",-0.021207191031746,0.47153659786573,0.20674238849069,-0.389025002794698,-0.91097701852069
1044,12041,"s014","m1",-0.0708703891969581,0.466449445062698,0.13906497566113,-0.242923083701473,-0.652358656410377
1045,12045,"s014","m1",-0.0283300404323432,0.443360940557374,0.190680782554462,-0.360775637794061,-0.37530370482146
1046,12047,"s014","m1",-0.0650767278763373,0.523083187411282,0.280110598613197,-0.464434947636597,-0.455531690197917
1047,12054,"s014","m1",-0.102054007012901,0.390327311182811,0.0935958055666879,-0.463119885282957,-0.478882867451672
1048,12056,"s014","m1",0.0246786369517731,0.492772183885214,0.203349724960272,-0.419743563966103,-0.996884209847404
1049,12065,"s014","m1",-0.00382581485462328,0.441205086224419,0.142286872368134,-0.367637648674604,-0.785915360763941
1050,12066,"s014","m1",-0.0911749558112085,0.4124771358402,0.101961459056951,-0.567843398597175,-0.512986879682658
1051,12082,"s014","m1",0.0169854587892449,0.436960822343565,0.211449852774467,-0.398350839268596,-0.747140869585987
1052,12093,"s014","m1",-0.0241129092050933,0.474428589807694,0.171523332361837,-0.223993338736616,-0.953379575237046
1053,12112,"s014","m1",0.119358949784679,0.527124461250174,0.299088290073686,-0.388043893626179,-2.0056723926351
1054,12115,"s014","m1",-0.0674729357891497,0.399682779807272,0.164658609489179,-0.299619891009014,-0.534005646449451
1055,12120,"s014","m1",-0.101195129452576,0.426620045692265,0.151750535608951,-0.496845563520324,-0.333354868636406
1056,12127,"s014","m1",0.00858407016770993,0.51588445918607,0.352310891078554,-0.128423489088245,-1.15436953045458
1057,12137,"s014","m1",0.0521524382106949,0.48319772715779,0.243917996926003,-0.209721373321566,-1.62555077705167
1058,12145,"s014","m1",-0.00794002192689645,0.473149403684847,0.2732706858962,-0.461847738841294,-0.934684997183939
1059,12151,"s014","m1",-0.135096193391333,0.384735870523058,0.159716123959763,-0.346980773215794,-0.236618177132082
1060,12160,"s014","m1",-0.0365257180374065,0.39913792887158,0.168585247786526,-0.323059702972481,-0.292867251494559
1061,12166,"s014","m1",-0.128584690159067,0.374968975386787,0.169521955260361,-0.549139486499663,-0.0250078775300808
1062,12190,"s014","m1",-0.0209996259454309,0.42736713352736,0.147880228537085,-0.4894991101642,-0.865738200418588
1063,12204,"s014","m1",0.0461943626423711,0.473730796176686,0.269329782393081,-0.188164428860338,-1.66539894807837
1064,12208,"s014","m1",0.0136783047755779,0.498613511317424,0.164798576725273,-0.513870868312979,-1.34052409300308
1065,12275,"s014","m1",-0.000829456026298682,0.474224622216412,0.118823182432268,-0.346360589827459,-1.30443261869897
1066,12306,"s014","m1",-0.0850575957012345,0.480125297176396,0.159749945265834,-0.300157856777968,-0.566703205789102
1067,12323,"s014","m1",-0.0566069481966248,0.476946246745088,0.245406830255377,-0.363459741286668,-0.83493599080901
1068,12325,"s014","m1",-0.104622664433099,0.385343107299999,0.107191082972136,-0.746206602118274,-0.386061992393563
1069,12330,"s014","m1",-0.0435730053705538,0.467633264031047,0.155725716093935,-0.490578985761684,-0.780056519670678
1070,12346,"s014","m1",0.0699940201546199,0.477606019262559,0.290468761495391,-0.238754915825643,-1.61467800561009
1071,12358,"s014","m1",-0.0961288690524162,0.436944306886497,0.129507060263789,-0.385825309151798,-0.452185447973227
1072,12363,"s014","m1",0.0801478223551277,0.541299008908426,0.282366850839152,-0.0871047687883761,-1.24491603722802
1073,12381,"s014","m1",0.0306962565983878,0.466380491474224,0.168163211724979,-0.259811216217778,-1.17151589965036
1074,12382,"s014","m1",0.0271871772098234,0.453645971434473,0.216059216788497,-0.288305224387827,-0.889481507554132
1075,12392,"s014","m1",-0.0337491408947585,0.409421874088772,0.228239583011158,-0.26071219513686,-0.755144163599312
1076,12393,"s014","m1",0.0257195286977029,0.518254492332877,0.240717789430104,-0.367966464076823,-2.28520392056991
1077,12408,"s014","m1",-0.0896718267487322,0.395239514976376,0.0690020749523934,-0.409842791871634,-0.247893933742558
1078,12411,"s014","m1",-0.0491796474750914,0.505609636717663,0.199722721483302,-0.193250660519029,-0.439497087039126
1079,12434,"s014","m1",-0.0285897622471723,0.487691400648837,0.2960580534329,-0.333886017885651,-0.554448172080652
1080,12443,"s014","m1",-0.0280287813867919,0.423443041736381,0.240964864848456,-0.520394864288827,-0.993668426477997
1081,12445,"s014","m1",-0.0906711627563713,0.455107933776543,0.117897108778374,-0.357067274632232,-0.433085356562
1082,12469,"s014","m1",0.000548507573673789,0.511698935257989,0.24639457239835,-0.158557228503668,-0.622393091467521
1083,12476,"s014","m1",-0.0543134226445519,0.503166434745984,0.317378530143757,-0.165978243882847,-0.17803399365651
1084,12481,"s014","m1",-0.0682526954343216,0.522075780217739,0.274271116053682,-0.384319135628152,-0.727724543613487
1085,12486,"s014","m1",-0.0220394374645773,0.503463769413551,0.312495531543313,-0.306737844838103,-0.39251662127893
1086,12497,"s014","m1",-0.0418658334896759,0.463047380563376,0.150041769314118,-0.396338995046296,-0.779274398227414
1087,12541,"s014","m1",-0.0282108948509462,0.438122168027704,0.216281445661512,-0.347301300820032,-1.06610134053721
1088,12542,"s014","m1",0.0286227885121586,0.461890769109138,0.219373114745864,-0.26035951472045,-1.46874844016005
1089,12545,"s014","m1",-0.0273717300700381,0.472468438345484,0.111788273057843,-0.367307840778439,-0.322441738258889
1090,12550,"s014","m1",-0.0103926693478005,0.507224497717418,0.122848468701532,-0.253821659487102,-1.1742200683875
1091,12566,"s014","m1",0.00360946054160632,0.405832619380715,0.121593802621845,-0.347694349835531,-0.813693447988128
1092,12572,"s014","m1",-0.0370233018036238,0.511079751391091,0.26304945495062,-0.254700583929973,-0.715119914002838
1093,12583,"s014","m1",-0.0129249365318469,0.450903415337318,0.177916513739106,-0.332978118852793,-0.918597353779295
1094,12591,"s014","m1",-0.108707296160553,0.370416567416675,0.139524962223499,-0.643738996058849,-0.452610104467193
1095,12594,"s014","m1",-0.134457376082086,0.414632306682209,0.162621376598525,-0.547047193510573,0.325601868037074
1096,12619,"s014","m1",0.089789516877091,0.530925046998869,0.286767882176387,-0.207416945949222,-1.77643127674694
1097,12631,"s014","m1",-0.0202477945584849,0.483762266471743,0.245805991125926,-0.190976800332073,-0.512068242574957
1098,12646,"s014","m1",-0.146806494316268,0.356981934571416,0.101400057841436,-0.579343360104008,0.0326836806548216
1099,12674,"s014","m1",0.0292988139823388,0.496236537452841,0.187838314776631,-0.259772731677229,-0.641999222677837
1100,12680,"s014","m1",-0.00399836527987989,0.550164110447011,0.321333622793902,-0.236615834144328,-1.28937358254956
1101,12683,"s014","m1",-0.0206342591690748,0.44715631618696,0.217870348641268,-0.36712904778958,-1.07802796049354
1102,12693,"s014","m1",-0.0637614207053027,0.477881479503392,0.186354568425047,-0.503794961965349,-0.410946333754664
1103,12706,"s014","m1",-0.107809119206603,0.442108824148778,0.184890141711939,-0.295128945598113,-0.354708082997175
1104,12728,"s014","m1",-0.0217325846676428,0.430456674762422,0.238242503804921,-0.440636264915574,-0.464346432562263
1105,12731,"s014","m1",-0.0719424955499148,0.448557926319499,0.262171884277663,-0.242723712397611,-0.900695165035968
1106,12754,"s014","m1",-0.113874825724049,0.481635210927294,0.156579375365176,-0.515202851204087,-0.119613324572477
1107,12766,"s014","m1",-0.0688593514925149,0.432602387714588,0.182294260424458,-0.62574052540642,-0.625160120437064
1108,12776,"s014","m1",-0.0451050246663927,0.47087427910817,0.14088033814089,-0.234973675535533,-0.588011778952486
1109,12785,"s014","m1",-0.127562607506937,0.422981014886694,0.140804059195627,-0.438879987624555,-0.7722907815259
1110,12790,"s014","m1",-0.0770382490484273,0.462460570760821,0.118463458629202,-0.322873284941779,-0.325020732012391
1111,12795,"s014","m1",-0.026567946157788,0.47816664466405,0.141769921407056,-0.286020368008912,-1.12992584620732
1112,12833,"s014","m1",-0.0130638515418576,0.501999916947521,0.319375066528181,-0.298664923481164,-0.304156582647593
1113,12837,"s014","m1",0.0169162931702003,0.499018890768422,0.232279082248354,-0.199113709521016,-0.79181491854787
1114,12840,"s014","m1",-0.0409225245366638,0.453382221706664,0.216329461523239,-0.247206373706254,-0.548423268789847
1115,12853,"s014","m1",-0.0233148278149221,0.484345069144458,0.290391860278544,-0.126535534776304,-0.571686579827411
1116,12862,"s014","m1",-0.057856106181634,0.453268589369943,0.036897679364576,-0.556119814869856,-0.549838254344488
1117,12885,"s014","m1",0.0220021252226637,0.478695287325508,0.240123797530283,-0.210232449433336,-1.10371597300259
1118,12891,"s014","m1",-0.0212416304294187,0.49243899220088,0.274068793612981,-0.220669226185566,-0.273865647817177
1119,12898,"s014","m1",0.0214159645912365,0.543748983698166,0.287151744475391,-0.119223851428478,-1.00027673570912
1120,12912,"s014","m1",-0.152885107552882,0.475295965409585,0.104999538496798,-0.396715195529018,-0.112768763108255
1121,12916,"s014","m1",-0.211048567667142,0.426075097424295,0.13841222584132,-0.549748748451092,-0.129886328395932
1122,12938,"s014","m1",0.0516502951759427,0.538982960320405,0.297473654375989,-0.100271275892668,-1.14564011896416
1123,12941,"s014","m1",-0.0148007594678481,0.507324245763649,0.212529463660905,-0.222161323825431,-1.08183468572946
1124,12968,"s014","m1",-0.0573102094510699,0.48932460733716,0.128257510290431,-0.425748018487905,-0.494509263944261
1125,12972,"s014","m1",-0.120883254032646,0.433115673753967,0.160873165828989,-0.572173755542677,-0.640905233905801
1126,12976,"s014","m1",-0.103353021445959,0.398620436993343,0.0868272455051512,-0.556010027757448,-0.923598613464665
1127,13028,"s014","m1",-0.106931686181342,0.458887049332914,0.166710957571532,-0.299299412996715,-0.516927045701103
1128,13034,"s014","m1",-0.0579666956063496,0.471507051443178,0.23074124413296,-0.256498584682575,-0.344672169953938
1129,13050,"s014","m1",-0.0432702260107276,0.39367431240011,0.155317103240987,-0.35284221160278,-0.204222157428419
1130,13053,"s014","m1",-0.0296445530989568,0.453571972778204,0.218743951946834,-0.24560047714511,-1.03561959330571
1131,13065,"s014","m1",-0.0579847523351168,0.434305043044077,0.243578792375653,-0.449264454272575,-0.432578886466767
1132,13089,"s014","m1",-0.0749577236622358,0.405625433885755,0.086149861113933,-0.423757056664464,-0.395279621855787
1133,13106,"s014","m1",-0.0675026883620992,0.486980238703514,0.309202165663309,-0.33834689296061,-0.500276701160169
1134,13109,"s014","m1",-0.0652410063775828,0.46947965273374,0.153969121231128,-0.349826553099707,-0.890890573189508
1135,13114,"s014","m1",-0.0530914804369936,0.453034377185935,0.219022360138096,-0.472811293905948,-0.655371389635579
1136,13130,"s014","m1",-0.00475891186157685,0.486827740515197,0.210623494207539,-0.247497547789469,-0.689464915083693
1137,13132,"s014","m1",0.0419863205712946,0.506406240782722,0.332185357766294,-0.152513310855904,-0.985921011012524
1138,13134,"s014","m1",0.0423855189051665,0.437313861997793,0.157351614959756,-0.419976473310326,-1.22204483655269
1139,13143,"s014","m1",0.0278801451176604,0.460807372896386,0.26277584203657,-0.189689364138078,-0.72366234665824
1140,13146,"s014","m1",-0.0243985121791718,0.464786536570747,0.191273930790428,-0.354244756623949,-1.12351764657998
1141,13149,"s014","m1",0.0106374589186934,0.476514089326405,0.141302693836212,-0.379809086840224,-0.943825340921248
1142,13159,"s014","m1",-0.0236851897034288,0.499934880781481,0.228175129037157,-0.248840087536348,-1.09225741313614
1143,13189,"s014","m1",-0.0973363619829269,0.471410670179959,0.0998111611645871,-0.499972520124935,-0.204920875805859
1144,13200,"s014","m1",0.043249971529318,0.522909896791703,0.317016623594558,-0.254911572318248,-1.79647105436846
1145,13201,"s014","m1",-0.0297780727023971,0.485845006276088,0.2535005465716,-0.219631514572229,-0.242360352049893
1146,13210,"s014","m1",-0.0145714426229175,0.550315565504389,0.241255612856141,-0.0236830412844561,-0.675296503980087
1147,13214,"s014","m1",0.091691414126345,0.559949693460379,0.292882820648918,-0.157417387896042,-2.30207971776076
1148,13259,"s014","m1",0.0169870591018541,0.5483031869359,0.16878220865914,-0.270694160339317,-1.07019347194709
1149,13286,"s014","m1",0.0183646024330907,0.495252097399826,0.170961373968115,-0.147372423004997,-1.60103135394205
1150,13293,"s014","m1",-0.00274851132335537,0.457780247980504,0.184563858198604,-0.255410863899637,-1.40880636765623
1151,13294,"s014","m1",-0.0479233022976002,0.492822825849983,0.19515563644183,-0.44136412320484,-0.974869123267018
1152,13297,"s014","m1",0.040945792757248,0.556707865862814,0.206037605558832,-0.164017238972162,-1.60290448054696
1153,13301,"s014","m1",-0.0753439004861668,0.510090082319266,0.130025943448165,-0.254074141621861,-0.54851198280151
1154,13304,"s014","m1",-0.067487192356758,0.461171830054543,0.111107351482048,-0.305214122244714,-0.710182222569457
1155,13315,"s014","m1",-0.0495852437338302,0.511228122623517,0.214903196082016,-0.358456136716737,-0.545858371312053
1156,13317,"s014","m1",0.0117573158165904,0.459628838306761,0.125351358180423,-0.352530633732147,-1.41640864105015
1157,13325,"s014","m1",-0.0704056781696924,0.471036903401336,0.257593521276383,-0.41383180444742,-0.0480236302420088
1158,13336,"s014","m1",0.107900516049988,0.595808777082622,0.347330770152599,-0.0368797826401645,-2.22065009445634
1159,13343,"s014","m1",-0.0195895302203572,0.513621421928298,0.312576044653317,-0.212830288296244,-0.824274876918506
1160,13348,"s014","m1",0.0754261921832394,0.487435094741124,0.135083111464392,-0.371635897002856,-2.00476876915871
1161,13356,"s014","m1",-0.0580415818553148,0.383815722072505,0.0359608969940513,-0.410292640580343,-0.206530730182123
1162,13370,"s014","m1",0.00426299974639168,0.51280057411778,0.185257838064054,-0.400514812060112,-1.28086256348805
1163,13390,"s014","m1",-0.14067446235356,0.42354053718505,0.0918473362258344,-0.483189834894082,0.176488022379519
1164,13399,"s014","m1",0.0674652847295427,0.566245681931944,0.303897686278384,-0.206971751036491,-0.973905650087358
1165,13406,"s014","m1",0.0345919992625448,0.50203486188769,0.264277364389316,-0.296482973812297,-0.939025547804613
1166,13420,"s014","m1",-0.0788866726087709,0.432858303508806,0.12591674447707,-0.558094229440558,-0.24484891452569
1167,13421,"s014","m1",-0.131965388777442,0.384155333846851,0.0568660708853755,-0.535316283547254,0.164591816403397
1168,13427,"s014","m1",-0.0781356803600649,0.497034207349938,0.160817115013985,-0.23840186923167,-0.378077554178808
1169,13448,"s014","m1",-0.077319226747785,0.443068192740891,0.0977837398300517,-0.354924656890533,-0.229126820295001
1170,13451,"s014","m1",-0.0141493516231584,0.470074251308276,0.24344100220466,-0.229119750030219,-0.707818268381369
1171,13461,"s014","m1",-0.0252324526083657,0.474853003643411,0.309644915216619,-0.303027733439474,-0.715097402045833
1172,13467,"s014","m1",-0.0110091290400228,0.458706361599957,0.259734551661919,-0.266906601081492,-0.108745281643387
1173,13476,"s014","m1",-0.110193158554586,0.421093040076899,0.165575286783712,-0.296561894224544,-0.0276265000990056
1174,13491,"s014","m1",-0.013554924575828,0.50709291467336,0.276391753978656,-0.279744260759583,-0.992557606263013
1175,13502,"s014","m1",-0.0130163579512224,0.407875174038491,0.0450536827533286,-0.413947300718095,-0.74193413682503
1176,13509,"s014","m1",-0.0111770756336602,0.461503514099342,0.286983294906207,-0.262377533312943,-0.466438186332632
1177,13515,"s014","m1",-0.143122458130994,0.465313205990588,0.108310651393211,-0.357390349182535,-0.095690334208251
1178,13528,"s014","m1",0.0684521677647245,0.525262118244316,0.163352194762742,-0.21139127505393,-2.23117880799379
1179,13554,"s014","m1",0.0613270142153974,0.566162931851186,0.353216149535051,-0.12213364775817,-1.25612495047806
1180,13555,"s014","m1",-0.0376255992340504,0.440075988093641,0.259616889415062,-0.381597062435088,-0.387933494922891
1181,13566,"s014","m1",-0.0536066139112867,0.432737735357947,0.214568667183531,-0.309901605100018,-0.365044479804642
1182,13571,"s014","m1",-0.033827647879888,0.483255015592537,0.253509873774442,-0.374595521458405,-0.773717527202852
1183,13573,"s014","m1",0.0291948617894395,0.495403866233219,0.19312936071155,-0.259962442836687,-1.38309388615017
1184,13577,"s014","m1",-0.092269233557358,0.435004588769719,0.181038844165362,-0.490802562217618,-0.0247459103860649
1185,13581,"s014","m1",0.0279924078123589,0.473629558378133,0.225786704099165,-0.252205696786847,-1.02512743346398
1186,13599,"s014","m1",-0.00604906819879412,0.566687660160348,0.379531983018412,-0.0911099702779114,-1.27134491163104
1187,13604,"s014","m1",-0.0261942698730199,0.471319329058696,0.280568555304949,-0.461151702304052,-0.510957773500991
1188,13612,"s014","m1",0.0841462872540774,0.563333871812557,0.265483268400095,-0.216942195085023,-2.33619305543386
1189,13627,"s014","m1",-0.112114600908801,0.431464096738646,0.110686371406506,-0.350303859384943,0.249334102413831
1190,13629,"s014","m1",-0.0487080172535582,0.471866257003691,0.204795725372589,-0.194655003659972,-0.551459270090892
1191,13635,"s014","m1",-0.0249070066341871,0.497258340690167,0.24718841251193,-0.15101995977693,-0.602317850456166
1192,13654,"s014","m1",0.000654318881249252,0.516801940689508,0.250692624269804,-0.304124537124845,-1.17995113562174
1193,13655,"s014","m1",0.00404175805618284,0.49074740952436,0.25880933183749,-0.44787423392179,-1.23322004071245
1194,13662,"s014","m1",0.00693703699378294,0.480990634841217,0.161926236147199,-0.272631197092517,-1.54429621100107
1195,13670,"s014","m1",-0.0601739287599284,0.342233179697977,-0.0481856641735201,-0.693458934806207,-0.504655411477645
1196,13676,"s014","m1",-0.128659676508314,0.350693875127259,0.167728233696364,-0.545739559356658,-0.0941954552676225
1197,13698,"s014","m1",0.0400035705175944,0.539072310560721,0.221015761821846,-0.293750009480295,-1.33858045724397
1198,13706,"s014","m1",-0.0585602617185227,0.452341730712875,0.149852859228794,-0.344617392337102,-0.180343982005356
1199,13733,"s014","m1",-0.0384050824341304,0.41456032983315,0.175228529525997,-0.49432933971943,-0.594320668982209
1200,13739,"s014","m1",-0.0676784588191189,0.475945362445317,0.273673663943216,-0.381491319181273,-0.675293560943887
1201,13753,"s014","m1",-0.0397764021637692,0.470467344875377,0.164053446428232,-0.34991824630699,-0.130700946240402
1202,13767,"s014","m1",-0.0970734751702363,0.414106670496514,0.162612181590534,-0.707854941938119,-0.0883007282856712
1203,13782,"s014","m1",-0.0179125442445956,0.454646682582336,0.111444492848806,-0.363811825373734,-0.854243625630401
1204,13798,"s014","m1",-0.00168192639767783,0.40204255990594,0.183320456872713,-0.365068204521553,-0.956362284627806
1205,13816,"s014","m1",-0.0793597677438503,0.45452043515869,0.120003907524983,-0.337798559530736,-0.596564714092526
1206,13834,"s014","m1",-0.00603929760499239,0.485752165875114,0.141562114251321,-0.264123018312553,-1.06804700505699
1207,13848,"s014","m1",0.00749052564562885,0.529904178876574,0.283912458915172,-0.355907125666987,-1.74337953522477
1208,13849,"s014","m1",-0.0162916651342073,0.510075826787596,0.22809002727804,-0.233075637349735,-0.760756755118456
1209,13851,"s014","m1",-0.0663952942037933,0.466988130525087,0.130147994448714,-0.544816359853196,-0.112591478341339
1210,13852,"s014","m1",-0.102115242528816,0.396277877097211,0.119156670968761,-0.406078275658965,-0.0867158214190153
1211,13858,"s014","m1",-0.0273446998760245,0.453472491151227,0.187117428243832,-0.446446720565437,-0.207383583632217
1212,13869,"s014","m1",-0.050775658268109,0.449526343362822,0.246123311031289,-0.390626415257651,-0.765529784238468
1213,13887,"s014","m1",-0.0406966845362963,0.492544420062727,0.224924426332228,-0.200184500021188,-0.790599840916074
1214,13908,"s014","m1",-0.0215967803242086,0.39379332671696,0.194447475807084,-0.370978415048692,-0.867766886343442
1215,13921,"s014","m1",0.0482979785817645,0.467501064746865,0.162531697132116,-0.359495019325304,-1.86655087842689
1216,13931,"s014","m1",-0.035463630232428,0.376741355317673,0.0957182041099877,-0.306449641111623,-1.17122089362152
1217,13934,"s014","m1",0.00686025340173312,0.516125900843448,0.328715302112478,-0.23485423987625,-0.521380492624696
1218,13940,"s014","m1",0.0325011831328732,0.495266587748975,0.240585227238636,-0.436979004785299,-1.3903979471328
1219,13948,"s014","m1",-0.0295351934809916,0.443229717142362,0.102744364712414,-0.354395552206362,-0.796909315104428
1220,13969,"s014","m1",-0.0550798946944106,0.481262623105636,0.19908035239781,-0.290710411691591,-0.923338087874178
1221,13989,"s014","m1",-0.124997062590622,0.390715573010047,0.137377174913117,-0.504937065368945,0.0802073726891734
1222,13992,"s014","m1",-0.00914507552430591,0.423612654004895,0.151305101448054,-0.353975614928591,-0.117861008235642
1223,13999,"s014","m1",-0.0890157324275105,0.426355704529468,0.155677988638987,-0.278222712143231,0.316308850865455
1224,14001,"s014","m1",-0.0353004845672585,0.505311608027306,0.194280851793841,-0.369297741842916,-2.49516119704759
1225,14005,"s014","m1",-0.0933463257396175,0.397109119413297,0.0398793993505799,-0.256406431458207,-0.603348260714491
1226,14007,"s014","m1",-0.113678002898499,0.395843557462605,0.123255233650819,-0.328727715268543,0.107339037980086
1227,14014,"s014","m1",-0.00094571410065049,0.487574177333017,0.196702081729395,-0.169179957194747,-0.538423977966108
1228,14016,"s014","m1",-0.0658375437864592,0.49072794390291,0.239896273573181,-0.257971591912397,-0.235366001971753
1229,14026,"s014","m1",-0.0333186434768074,0.446550009810276,0.163931854087305,-0.345214261743891,-0.555181325051768
1230,14077,"s014","m1",0.019108701083433,0.481663937185914,0.27900687532217,-0.28927279123234,-0.531210433907944
1231,14094,"s014","m1",-0.035140833586547,0.418640383690378,-0.00636453106891679,-0.639612762451604,-0.943304468864282
1232,14114,"s014","m1",-0.0206769205136317,0.441663622107739,0.223198973917246,-0.404193964982378,-0.556335305749394
1233,14121,"s014","m1",-0.0182815063643792,0.411282540157877,0.113743721224126,-0.581686584775093,-0.860224089162548
1234,14148,"s014","m1",0.0945238090213369,0.518587373578354,0.257581556466378,-0.292873123429654,-1.76674255123614
1235,14160,"s014","m1",-0.0914755520364772,0.406073402524354,0.136103188888165,-0.49268694146816,-0.110484279334495
1236,14168,"s014","m1",-0.109892117459161,0.466356186794068,0.17684958862294,-0.401617712767604,-0.0251083919154199
1237,14202,"s014","m1",-0.00525751937777312,0.400195373740925,0.211474612215667,-0.53020905050771,-0.785349095958702
1238,14225,"s014","m1",-0.0194688307818114,0.4627364771946,0.277714466373629,-0.2326125759092,-0.661635595041061
1239,14232,"s014","m1",-0.0452998164729592,0.463485268252186,0.189283643865428,-0.597226005312023,-0.75101299842354
1240,14235,"s014","m1",-0.0249662037037688,0.427730021861423,0.186311241504645,-0.236840808473054,-0.679859932725264
1241,14238,"s014","m1",-0.106394289268548,0.420431434164786,0.0256795698930657,-0.407751471954879,-0.392369739611604
1242,14253,"s014","m1",-0.00576373035016478,0.418974930600227,0.217758552276921,-0.347210487287293,-0.599192428677464
1243,14263,"s014","m1",0.0279771934855813,0.46424617167691,0.256841659208257,-0.260291807335271,-1.87016135622347
1244,14267,"s014","m1",-0.0912163491407592,0.450575779683376,0.120998931409517,-0.464671732698271,-0.647739323129767
1245,14275,"s014","m1",-0.0268519456615177,0.495650173481561,0.265165155542278,-0.396292900513588,-1.1037934991521
1246,14279,"s014","m1",-0.0746902044867817,0.405163494150612,0.211824881923976,-0.501427108683151,-0.623360674343613
1247,14286,"s014","m1",-0.0964562996240836,0.430625569994454,0.126260825022745,-0.378082134359785,-0.420803506031627
1248,14297,"s014","m1",-0.0742477975256707,0.508818626830138,0.192182771773521,-0.371668231711924,-0.579797045555503
1249,14306,"s014","m1",-0.0527614672772913,0.440679761201277,0.17948020241428,-0.482232621800864,-0.480995242314863
1250,14317,"s014","m1",-0.0114802787609405,0.549643128537694,0.360150154654931,-0.233611375619929,-0.533744849646062
1251,14319,"s014","m1",-0.165594413462508,0.410590489865133,0.137900509650498,-0.548884533495001,0.323879797778196
1252,14321,"s014","m1",0.101486707249186,0.552920201515685,0.215063827162257,-0.235284863980124,-3.24818898116059
1253,14330,"s014","m1",0.0417275204320845,0.509922818430355,0.225869549786615,-0.111186989337732,-0.936504123856566
1254,14332,"s014","m1",-0.0484096562545973,0.529307567197566,0.199970549855559,-0.269168799329299,-0.697172696308477
1255,14335,"s014","m1",-0.199060983655347,0.415754774667071,0.000905983782255231,-0.617098750124948,0.217277658762977
1256,14357,"s014","m1",-0.109693634072327,0.412491227145044,0.125582055903562,-0.257189602580796,0.096559353096545
1257,14381,"s014","m1",0.0451198331821599,0.512388234419406,0.303062291888046,-0.259031893276334,-0.693687654991739
1258,14383,"s014","m1",0.0144240796147341,0.503478534349617,0.235212893983403,-0.125649293515519,-1.14399656999855
1259,14393,"s014","m1",-0.0205537096908331,0.497252122832031,0.28213642638587,-0.186530893015968,-0.617098336816
1260,14401,"s014","m1",0.0661465727058202,0.547682859308292,0.186921746214607,-0.20769685609848,-2.18682880100113
1261,14408,"s014","m1",-0.0855123509736628,0.476646721475128,0.219265187274259,-0.332771105458383,-0.323521486790266
1262,14416,"s014","m1",-0.0366800583626196,0.510557600073533,0.246707017360968,-0.293051282855193,-0.294791192946717
1263,14423,"s014","m1",0.00925639091202139,0.526962455454236,0.237941177187687,-0.248191557586866,-1.612136969636
1264,14434,"s014","m1",-0.00119320263652141,0.520649066114672,0.287312259822871,-0.20917918437833,-1.28379700471505
1265,14466,"s014","m1",-0.0507675813097543,0.442246563500611,0.16093087111701,-0.425813707762027,-0.314546702801801
1266,14499,"s014","m1",-0.029117746542509,0.442767005289509,0.226507137913625,-0.088693674203768,-0.840770976272855
1267,14554,"s014","m1",-0.0111389195128999,0.516759739100753,0.275332039622171,-0.275285167800785,-0.902239082749644
1268,14598,"s014","m1",-0.00576223104660117,0.512768579708204,0.242126041980118,-0.310322017384709,-1.31933777820637
1269,14617,"s014","m1",-0.0407486337949363,0.462219631799035,0.21120669554258,-0.271308022413945,-0.515470526477476
1270,14618,"s014","m1",-0.0237739796535537,0.461406238544514,0.211780028685922,-0.293832347916939,-0.373097118579041
1271,14628,"s014","m1",-0.0579491003278185,0.389183515221905,-0.00642860038077637,-0.279928358802642,-0.631297438288227
1272,14631,"s014","m1",-0.155191992258215,0.370511669460075,0.00771075480641917,-0.750840598859842,-0.122411053358699
1273,14677,"s014","m1",0.00988028210211218,0.54224979444981,0.244658956724041,-0.23717749903389,-1.39441233253224
1274,14688,"s014","m1",-0.0358897561514424,0.509690816485037,0.246371497562529,-0.426855138389781,-0.835765505573757
1275,14695,"s014","m1",0.0320471146940028,0.492512353198012,0.229298897970846,-0.299889933082367,-0.73626585952372
1276,14714,"s014","m1",-0.00160052353454199,0.457049122902841,0.190285013612868,-0.308359394499804,-0.553877423122289
1277,14757,"s014","m1",-0.102132192381873,0.345590905192182,-0.0926966521127055,-0.568752335447822,0.390545302052419
1278,14772,"s014","m1",-0.0678204944138691,0.488449148597134,0.318840927599668,-0.292811904133481,-0.00657259499482615
1279,14799,"s014","m1",-0.00877795742711405,0.475805075630443,0.184358251573547,-0.368542093244336,-0.7297640557339
1280,14811,"s014","m1",-0.0988383449024499,0.433046639641993,0.188916203026152,-0.499877933854444,-0.0883432682951097
1281,14816,"s014","m1",-0.109812073445379,0.399371488190319,0.155355583231652,-0.724487972776148,-0.137755270235642
1282,14830,"s014","m1",-0.0068059648588173,0.491713018369437,0.167340666155714,-0.41051842067059,-0.876136292172641
1283,14831,"s014","m1",-0.0910812801796399,0.442341268269313,0.108722700579137,-0.448637191573447,-0.893456776757672
1284,14833,"s014","m1",-0.0253327934852024,0.3895887947837,0.0900312311424159,-0.48753183709199,-0.720394302736759
1285,14853,"s014","m1",0.0267151326280454,0.529454784010463,0.305515365799968,-0.289864388453847,-1.3250417932067
1286,14864,"s014","m1",-0.238556535005629,0.401171232132802,0.0710069946199536,-0.57329809525999,0.17938134887883
1287,14885,"s014","m1",-0.0698142027350406,0.477769257112114,0.218004497727073,-0.196790885069579,-0.690657825540195
1288,14898,"s014","m1",-0.164641313950886,0.387351870414973,0.0727726776194211,-0.612998457133131,0.245454369090036
1289,14904,"s014","m1",-0.0328916766261863,0.414516994162896,0.1702285084376,-0.333341415045004,-0.234320086764491
1290,14906,"s014","m1",-0.0852067848676445,0.406720752933928,0.0512614514418716,-0.511340794859044,-1.2056722152049
1291,14927,"s014","m1",-0.0532006727068047,0.474467363155177,0.204825289282308,-0.362292912180855,-0.927992009142536
1292,14952,"s014","m1",0.0687789250563972,0.507935806956495,0.26166819687001,-0.128285543700644,-1.43552907378799
1293,14984,"s014","m1",-0.0213239218035704,0.468945638559154,0.14892558397846,-0.194005048252018,-0.475831926657002
1294,14989,"s014","m1",-0.111051773464235,0.389390871513771,-0.0468027836525996,-0.435680111696987,-0.35731717959516
1295,15057,"s014","m1",-0.07493143570798,0.486734913789888,0.152054991770484,-0.210739910134413,-0.637070212222719
1296,15061,"s014","m1",-0.0580936898637092,0.448556426596215,0.162047422735645,-0.35439585927154,-0.409144889121228
1297,15075,"s014","m1",-0.112372007185288,0.487893555940072,0.13358817424877,-0.284447572603335,-0.481604917941537
1298,15084,"s014","m1",-0.046511852474997,0.382635845155244,0.147600188240493,-0.456089877485492,-0.875299226722177
1299,15112,"s014","m1",-0.0715860279944331,0.425821139901996,0.264318926363318,-0.315717163690435,-0.162929246018652
1300,15114,"s014","m1",-0.0810064138191817,0.433706497879647,0.109956621377131,-0.46660240000038,-0.563795757775325
1301,15129,"s014","m1",0.0769035816927327,0.522997078202034,0.231529376344484,-0.14660755635651,-1.2256981741599
1302,15131,"s014","m1",-0.0584918990001654,0.474416073887472,0.210512217352416,-0.508085765264911,-0.64226021275722
1303,15139,"s014","m1",-0.0248014353188745,0.462545650910053,0.24574800437365,-0.299157349114653,-0.747361315454727
1304,15173,"s014","m1",-0.0692436189666776,0.43095717370247,0.124331710397631,-0.393697010684438,-0.270073036863237
1305,15182,"s014","m1",0.060805394675225,0.544463269824529,0.347073993897868,-0.165224692346347,-1.65115906377365
1306,15183,"s014","m1",-0.119810131850467,0.403817228385711,0.0961022072323167,-0.342806352669535,-0.374855833606581
1307,15209,"s014","m1",-0.0431138652599773,0.500408528555579,0.284125491334385,-0.308010255591956,-0.973719377340698
1308,15211,"s014","m1",-0.0838027482909573,0.453537234353054,0.0949178837317156,-0.249428472509251,-0.424770146355485
1309,15224,"s014","m1",-0.00903541482138244,0.451347621002492,0.148323541114261,-0.377496511004948,-1.02988494577116
1310,15232,"s014","m1",-0.0068831275615948,0.539487947593669,0.265535365134292,-0.256762676901691,-0.770400690371435
1311,15237,"s014","m1",-0.00301325984594744,0.461753047180115,0.242651929212639,-0.323236012983787,-0.380026079739206
1312,15239,"s014","m1",-0.066983412837004,0.475891483970238,0.128753943960633,-0.497539908678207,-0.487820931823533
1313,15245,"s014","m1",0.0317330018069466,0.510838546189142,0.286438592289965,-0.212296387434895,-1.05386707188375
1314,15253,"s014","m1",0.0890443101780356,0.485531723423325,0.271454632443318,-0.354977200108074,-2.52663145087316
1315,15345,"s014","m1",-0.119546403427811,0.393770967285433,0.19887951732803,-0.521823880354574,0.20594947641835
1316,15350,"s014","m1",0.024647523674599,0.581602078879598,0.31325948400015,-0.0927883386461209,-0.889489250843036
1317,15354,"s014","m1",-0.0368510967138484,0.447603841760162,0.175989329554983,-0.401836306016254,-0.443055573245904
1318,15358,"s014","m1",-0.0111791333864348,0.477933242847473,0.224735302176354,-0.271034540379175,-0.95015377116677
1319,15366,"s014","m1",-0.0109401712156026,0.444520656982006,0.1383688076151,-0.528080840401349,-0.622107674337307
1320,15367,"s014","m1",-0.044341552710621,0.474445947731498,0.170011981528532,-0.245625270398965,-1.69714884652764
1321,15369,"s014","m1",-0.0407575542535034,0.445464185551556,0.197232483639274,-0.473500523025083,-0.136278287089386
1322,15372,"s014","m1",0.00631172920427421,0.477938926798698,0.218261387530908,-0.513573577298143,-1.84515805564706
1323,15377,"s014","m1",0.00737405165464005,0.466354431800969,0.314264973489596,-0.242337893543223,-0.681230795812237
1324,15379,"s014","m1",-0.0242604333905635,0.470046909026511,0.206363181635687,-0.334630047477012,-0.314030120474526
1325,15391,"s014","m1",-0.0503840606885584,0.511979697508244,0.226018996727015,-0.251482357902699,-0.689166106022728
1326,15412,"s014","m1",-0.111919407596984,0.402106033790681,0.211501194307339,-0.328310089437793,0.363860377148689
1327,15429,"s014","m1",-0.0730083268975096,0.490624350574051,0.131942812023923,-0.399648500742188,-0.65588055577237
1328,15439,"s014","m1",-0.0762618812313972,0.436240020496711,0.0869328696831983,-0.456907792560502,-0.644625387148892
1329,15442,"s014","m1",-0.0794748144748007,0.426356335504027,0.110607036392035,-0.255143843243675,-0.547500231760807
1330,15444,"s014","m1",-0.0143030843082948,0.507356724482902,0.299029205191914,-0.289388152934966,-0.796354705512973
1331,15448,"s014","m1",0.00917155556118781,0.433326002317665,0.245093508254251,-0.296623765221406,-0.81988274397658
1332,15453,"s014","m1",-0.0984494390501573,0.413957371163856,0.127471967807684,-0.542409019179292,-0.0860270327362595
1333,15458,"s014","m1",-0.0889875828446793,0.394303734275329,-0.00427243088543243,-0.486140167651416,-0.315613210783036
1334,15494,"s014","m1",-0.152307187640136,0.375188113899117,-0.0477220459046563,-0.352128036028972,0.43289950418042
1335,15497,"s014","m1",-0.075962183351164,0.456295737143601,0.181394489532602,-0.492651094173787,-0.0585772466855346
1336,15502,"s014","m1",-0.0554670392153075,0.447849403194145,0.171448823670147,-0.230211540384657,-0.354897036501776
1337,15516,"s014","m1",-0.0595530819942552,0.384837447713131,0.166567342282354,-0.485075530406869,-0.177807314225161
1338,15561,"s014","m1",0.00315724013419605,0.456598712041204,0.227721721709621,-0.367512003243019,-0.198966892163647
1339,15563,"s014","m1",-0.0430654366469387,0.457884915995861,0.190782088348485,-0.452007207164809,-0.576320086023396
1340,15566,"s014","m1",-0.150666144117394,0.36879146709411,0.156879324513636,-0.615452584192765,-0.104303689315112
1341,15584,"s014","m1",0.00315453311625915,0.393629420249045,0.145705917133765,-0.538314091671971,-0.249869158350984
1342,15587,"s014","m1",-0.0472722932102544,0.467537096020919,0.156316180783643,-0.100518154145674,-0.939907263056389
1343,15591,"s014","m1",0.0371263358699099,0.476139907507734,0.296224397996811,-0.304430004783783,-1.25258631332567
1344,15596,"s014","m1",-0.0196760930192718,0.437696448656367,0.130433197649345,-0.308718397142887,-0.293812990128365
1345,15605,"s014","m1",0.0179394585254264,0.479652875289603,0.235799403262268,-0.356549521260221,-1.04969202844662
1346,15633,"s014","m1",0.0154643397779431,0.493712209067789,0.204050768915724,-0.352579872860368,-1.40818146356894
1347,15674,"s014","m1",-0.0690768218530095,0.480639566692634,0.227173601695375,-0.224473919348879,-1.35674499033287
1348,15683,"s014","m1",0.0775907628341117,0.537990847438638,0.263267227512851,-0.157571579568962,-1.04297472451716
1349,15712,"s014","m1",-0.0204600704356739,0.49222521168811,0.262818044613217,-0.209366836789325,-0.787496641521755
1350,15715,"s014","m1",-0.146281892719884,0.344802784396093,-0.00676446226577512,-0.532553429195608,-0.50044990402367
1351,15717,"s014","m1",-0.109193270240898,0.406698874502413,0.116564094670235,-0.662165197293057,-0.034103674021409
1352,15763,"s014","m1",-0.0954103019052307,0.423006296108005,0.153001435428376,-0.556455958766906,-0.132685445390597
1353,15783,"s014","m1",-0.0278863873157832,0.501034903132872,0.113390733197914,-0.264248577015443,-1.85571728314709
1354,15785,"s014","m1",-0.123316882439656,0.41128526743603,0.0610622606564181,-0.196536780886461,0.355190265295182
1355,15797,"s014","m1",-0.0980871956132775,0.386307627373415,0.0370193456671571,-0.405763883726252,-0.350917159373282
1356,15804,"s014","m1",-0.131429414439769,0.437841803015773,0.148261294605963,-0.578592142499365,-0.129271526576773
1357,15808,"s014","m1",-0.0614599930675062,0.482057033352304,0.286107114447687,-0.533462246366085,-0.381197116954198
1358,15820,"s014","m1",0.0122705843030443,0.464130759720728,0.161808288047687,-0.289728706637681,-1.31618992712894
1359,15827,"s014","m1",-0.096811486856458,0.44310919031743,0.0936574486812124,-0.379751338954671,-0.302958949921333
1360,15848,"s014","m1",-0.0525633794649874,0.448406943857175,0.178309327230962,-0.440609513117058,-0.611485025309114
1361,15902,"s014","m1",-0.0485155177827627,0.465162751325024,0.123395871210927,-0.240316536178767,-0.468528596004845
1362,15903,"s014","m1",-0.0070339259559688,0.534132529114642,0.213639036912152,-0.181708765098344,-1.20774084204615
1363,15915,"s014","m1",-0.0146539435054385,0.537706665682428,0.214928435253381,-0.30340899378568,-0.743865308938885
1364,15975,"s014","m1",-0.0214904622335752,0.460077944685029,0.255719479157443,-0.422033551547635,-0.733649141358886
1365,15983,"s014","m1",-0.0831495652807241,0.454473961135127,0.131443589236291,-0.355011809745591,0.124391085384671
1366,15984,"s014","m1",-0.134515388550925,0.476082357138816,0.101720206845568,-0.297790440614433,-0.650034289237074
1367,15996,"s014","m1",-0.0497386918291699,0.38762529654828,0.116952844139079,-0.29599346894153,-0.403561575855691
1368,16015,"s014","m1",-0.147486908995096,0.382551668515711,0.0876749623021271,-0.606996974531478,-0.122370571921671
1369,16022,"s014","m1",-0.149943324826556,0.363796170729947,0.118203882895063,-0.613352852083687,-0.134041257373665
1370,16032,"s014","m1",-0.000194461177118047,0.520138517268092,0.277268772430124,-0.261867565999083,-1.12848519617364
1371,16033,"s014","m1",-0.00215492064939963,0.43863991400465,0.198000975607255,-0.139967563360683,-1.04086442464337
1372,16046,"s014","m1",-0.0594431071333439,0.406148642500636,0.126706498125966,-0.358193640966846,-0.0841175019955013
1373,16054,"s014","m1",-0.0115514808216654,0.441640003726453,0.188292413085085,-0.366808966044493,-0.800686921377508
1374,16067,"s014","m1",-0.00599761755160223,0.48046254685862,0.154797193426854,-0.469889433724381,-1.71322819703668
1375,16081,"s014","m1",-0.0382256997549825,0.428829236980275,0.200184499049611,-0.359381881149326,-0.0446708839086202
1376,16088,"s014","m1",-0.0483604188054685,0.456492496979104,0.255682971851641,-0.356761216695798,-0.0733597770066032
1377,16090,"s014","m1",-0.102205302454121,0.462332330197599,0.139768509110715,-0.417086117977923,-0.492009450241598
1378,16092,"s014","m1",0.0347223683093594,0.510606200915708,0.143526380886333,-0.276996150801376,-2.81610611076766
1379,16093,"s014","m1",-0.0592736900725077,0.490271247229064,0.361312044332729,-0.107205699470439,0.0467477686770898
1380,16095,"s014","m1",-0.0616567591122935,0.424586069536743,0.152720157554193,-0.299792888825127,-0.188852039841925
1381,16129,"s014","m1",-0.0157397548552449,0.429883903491304,0.141262859730288,-0.423203729928588,-0.697364730632275
1382,16154,"s014","m1",-0.0730541270766628,0.369794834671883,0.0792319460241311,-0.512350410566601,-0.740006546307845
1383,16156,"s014","m1",0.00551626184184454,0.499777142474801,0.289793985810711,-0.110328461865349,-0.659348552097339
1384,16161,"s014","m1",0.0193034154242668,0.510122304668537,0.263014588017696,-0.29993753240916,-1.10101677059324
1385,16186,"s014","m1",-0.0783205487872108,0.462071696892869,0.300392312721825,-0.327465991513782,0.0321805776475649
1386,16193,"s014","m1",-0.0632304712998017,0.440656927926088,0.0910679743410416,-0.430760068295161,-0.803580816440783
1387,16203,"s014","m1",-0.0932815176450172,0.360747923511633,0.144171809103595,-0.440737170729292,-0.232129236916906
1388,16205,"s014","m1",0.00108511711045334,0.477873511923799,0.258951056869866,-0.337839841163093,-0.76990810854464
1389,16210,"s014","m1",-0.0512331469773773,0.406954094019116,0.17929737811325,-0.590479459425477,-1.143127132736
1390,16225,"s014","m1",-0.018854393644098,0.473260514175726,0.272166809196829,-0.283826832198766,-0.405844628894448
1391,16237,"s014","m1",-0.00445193118843607,0.52529917954571,0.251805068919581,-0.161035865204678,-0.833167853986947
1392,16239,"s014","m1",-0.0475496954857167,0.428167923592553,0.121765266572889,-0.285847928066573,-0.627254691312719
1393,16253,"s014","m1",-0.0685946661146036,0.421223368759398,0.0978775846883238,-0.463116965685847,-0.386101335900668
1394,16268,"s014","m1",-0.0210770359196975,0.48627128499865,0.243355798687576,-0.247179016740496,-0.807149953464997
1395,16269,"s014","m1",-0.0631655976052445,0.487665594330407,0.142325116901842,-0.22872214192273,-0.70621173935174
1396,16289,"s014","m1",0.0164207154421471,0.48485047149334,0.179819265377268,-0.36920810334943,-1.21893937024879
1397,16308,"s014","m1",-0.0368344725550127,0.425758549811114,0.222532335458151,-0.530382083990395,-0.119497414483553
1398,16313,"s014","m1",-0.026310244188579,0.4041194761041,0.0898725920090852,-0.540872988323737,-1.0776458467644
1399,16318,"s014","m1",-0.0720400310305308,0.435872465922,0.179999355973979,-0.33603514527426,-0.405502347708201
1400,16322,"s014","m1",-0.0126056202057585,0.426440152954598,0.075580837648198,-0.25546200281148,-0.698968791253557
1401,16346,"s014","m1",-0.0307996211333828,0.418945903770531,0.0861696107367091,-0.440335296415438,-1.31007091878613
1402,16347,"s014","m1",-0.0840797921508512,0.4187712728511,0.217295219038336,-0.517772996048399,-0.307270809591846
1403,16353,"s014","m1",-0.0464283222840603,0.414450516498476,0.116100014675798,-0.377782867285896,-0.670630818983887
1404,16359,"s014","m1",-0.0362961723186805,0.442319903868159,0.187443893367261,-0.547541743796402,-0.258840421990089
1405,16365,"s014","m1",-0.0301212457149314,0.467489351744947,0.202994426104978,-0.36263481674097,-1.52493569110331
1406,16378,"s014","m1",-0.0135955533924785,0.496208177936384,0.220408022732661,-0.304505243854166,-0.490021813511574
1407,16406,"s014","m1",-0.0694365961041924,0.406535214932139,0.137859746627729,-0.430579331533698,-0.394566354404925
1408,16413,"s014","m1",-0.041291073776923,0.470834376408749,0.263736566958432,-0.280439300938589,-0.893608916800597
1409,16421,"s014","m1",0.0591478049517584,0.409456076164679,0.132106064443979,-0.412195674502615,-1.05666525675867
1410,16468,"s014","m1",-0.0791770054508489,0.457803080000938,0.106940828424841,-0.274815847411303,-0.649244146785565
1411,16476,"s014","m1",-0.136757665965468,0.406105328957782,0.0574254373777257,-0.396198936483715,-0.200056917678145
1412,16480,"s014","m1",-0.012842579510175,0.451083755760206,0.190988593313457,-0.384932694005712,-0.884080327793659
1413,16493,"s014","m1",-0.0602106731470409,0.504025903945968,0.176830596463157,-0.275794472800807,-0.827836788582943
1414,16497,"s014","m1",0.0317325256799064,0.508929508283056,0.19852206874084,-0.298738674283964,-1.56566962583229
1415,16521,"s014","m1",-0.0588542679394143,0.508097285219941,0.211887101516038,-0.245061973739456,-0.879288804105131
1416,16537,"s014","m1",0.0352834935126032,0.496701693573133,0.285043140616479,-0.205811870974635,-1.2143735674161
1417,16551,"s014","m1",-0.0717247100091317,0.436426468084245,0.174962464700424,-0.51434236397076,-0.652833661785537
1418,16560,"s014","m1",0.0133816460263924,0.507987635701327,0.352708279921457,-0.18586676600803,-1.47625193315578
1419,16574,"s014","m1",-0.0802465737296343,0.422463892776274,0.0393256802746672,-0.425379134478365,-1.2061682839092
1420,16587,"s014","m1",-0.0724238374297094,0.442695981406789,0.075331795549436,-0.387657613011484,-0.181652356796324
1421,16591,"s014","m1",-0.00547923229154119,0.478385929451472,0.161278162325215,-0.376927920149051,-1.51614997227414
1422,16624,"s014","m1",-0.0785248562027261,0.401400275802764,0.157665704091796,-0.309467897541386,-0.00537236725720386
1423,16665,"s014","m1",-0.0526120683019489,0.452629091870829,0.232931319097996,-0.259978567309498,-0.521489939039163
1424,16667,"s014","m1",-0.0522025065924237,0.468814296515339,0.142585708670331,-0.136104064472054,-0.649684730236809
1425,16685,"s014","m1",0.00948619341094295,0.540659887845034,0.328560210693341,-0.337716695082801,-0.936793429860819
1426,16688,"s014","m1",-0.0599718020226603,0.477550676269397,0.135193120130553,-0.328418302535352,-0.903835152188374
1427,16690,"s014","m1",-0.0480073720205063,0.447142778283579,0.222141596725541,-0.39321373137669,-0.756459468833511
1428,16714,"s014","m1",-0.00492102745306742,0.496902459520196,0.248813147639855,-0.211590678777117,-1.0268568334138
1429,16718,"s014","m1",-0.0376047484677448,0.489059477241754,0.27813039723408,-0.206657846054088,-0.125434666567846
1430,16737,"s014","m1",-0.0134563659114615,0.496551527006842,0.307085022797177,-0.208266917282985,-0.987854737572041
1431,16747,"s014","m1",0.0218807127199878,0.394920050198958,0.184891931428594,-0.336008693172698,-1.00720886512831
1432,16762,"s014","m1",0.00743959873871253,0.572401202601292,0.291413969350383,-0.0722547805571584,-1.1569253015383
1433,16769,"s014","m1",0.10507987954988,0.550505429512756,0.29055334427641,-0.144271899030786,-2.46603982521688
1434,16823,"s014","m1",-0.00444620010401571,0.488165544867441,0.271688651840243,-0.232293787385463,-1.132456634091
1435,16841,"s014","m1",-0.111539783299765,0.411025592050311,0.0940237954941181,-0.456622379931393,0.106969123683813
1436,16854,"s014","m1",-0.0386553314500187,0.480089098729589,0.116207183730161,-0.370665788828873,-0.131211465960661
1437,16882,"s014","m1",0.00966325942743875,0.443747022649461,0.195105582494314,-0.448208526518594,-0.874118697689462
1438,16887,"s014","m1",-0.117960913552205,0.408095340549922,0.126076827528994,-0.265654436708867,0.395223884018644
1439,16899,"s014","m1",0.0093584108777943,0.485475282652628,0.151432127883954,-0.22762892925732,-0.714924962103969
1440,16921,"s014","m1",0.0218882931912163,0.494176175843517,0.168556244366376,-0.272041552499174,-1.30285188490468
1441,16926,"s014","m1",-0.0510189035287803,0.425904552814232,0.131381975768764,-0.40115902162314,-0.508467629817143
1442,16927,"s014","m1",-0.103392117326474,0.410903851476966,0.155773628486705,-0.48254430400868,-0.0177743322803587
1443,16929,"s014","m1",-0.0266615668846348,0.499687950440866,0.257127918175186,-0.279113221208271,-0.507677538941379
1444,16932,"s014","m1",-0.023411956576699,0.43509757438432,0.187510345372991,-0.451165303555564,-0.808064180183104
1445,16940,"s014","m1",0.00166107513049532,0.515946477285951,0.338736931942714,-0.124700636235479,-1.0071578981162
1446,16942,"s014","m1",-0.0652321661557638,0.480905368436584,0.218232171241707,-0.561735229458361,-0.498535051537019
1447,16963,"s014","m1",-0.0998135766729155,0.470527126384096,0.139207211818061,-0.401247747385455,-0.708812434029946
1448,16983,"s014","m1",-0.106525107411704,0.397333410145852,0.20089926525571,-0.496516395699186,-0.235782709088583
1449,17019,"s014","m1",-0.131735809465972,0.385659308688131,0.0388157864967384,-0.586281099252631,-0.36420698065926
1450,17052,"s014","m1",-0.143476458804217,0.380502248232573,0.147977476286004,-0.52289597036482,0.315756788519537
1451,17064,"s014","m1",0.0861757503618001,0.53138315220213,0.296755013720299,-0.269286077958945,-1.8925437368263
1452,17086,"s014","m1",0.00615130260095732,0.468754308813387,0.181963048888108,-0.188530971590445,-0.302277764478732
1453,17108,"s014","m1",0.0135426857711045,0.432817223997363,0.142973395958819,-0.200248941751174,-1.95165589996599
1454,17128,"s014","m1",-0.128378917714227,0.402519044383876,0.120128126114818,-0.447517076244424,-0.103422665426797
1455,17133,"s014","m1",0.0484510285172153,0.529612844919965,0.241904423652495,-0.367538305965438,-0.883799263585086
1456,17156,"s014","m1",-0.00667753511448555,0.518062493388575,0.169749007042149,-0.362350210716199,-0.977818410216
1457,17170,"s014","m1",-0.141162346508736,0.425074367785133,0.11357542992634,-0.4700156145719,-0.214148675279421
1458,17173,"s014","m1",-0.0845774588773859,0.413176051842647,0.171807540054613,-0.40701129966336,-0.295011248602305
1459,17190,"s014","m1",0.0221327335053589,0.459193184734579,0.210564953401301,-0.148288334730542,-0.995711000296728
1460,17224,"s014","m1",-0.0233795939450833,0.476473130736468,0.216947452096891,-0.505973333891211,-1.00440184874713
1461,17227,"s014","m1",-0.0284246098985647,0.441252672845636,0.287892501781483,-0.417506804395907,-0.468515855128312
1462,17235,"s014","m1",-0.16218333504371,0.419161153809969,0.101456043429833,-0.405962107825069,0.278792556809484
1463,17246,"s014","m1",-0.0341337541289964,0.469167416921304,0.204098942521685,-0.568058424611232,-0.899988940928507
1464,17256,"s014","m1",-0.0398964235770913,0.456362809270538,0.26361668371217,-0.403781606669603,-0.667475782433087
1465,17257,"s014","m1",-0.0755287372396322,0.483946350314062,0.251852705190375,-0.195685033236825,-0.524179416188594
1466,17272,"s014","m1",-0.0243926043673599,0.459542684459147,0.233063519236721,-0.311001497946631,-1.02163764501012
1467,17288,"s014","m1",-0.11041461582593,0.414169037519165,0.160144453319763,-0.44377512000545,0.189399341691305
1468,17324,"s014","m1",-0.0644564390311951,0.448467704553757,0.0970722057748961,-0.355937680720357,-0.265028007385179
1469,17329,"s014","m1",0.0103387180027085,0.488338706062498,0.152923477721571,-0.337704045009362,-0.999013892124735
1470,17330,"s014","m1",-0.0669168594861527,0.430734759960994,0.171802015476381,-0.37040174264266,-0.552473983436871
1471,17332,"s014","m1",-0.0430362461466297,0.405379680604608,0.0951716540291605,-0.491591261641445,-0.813174358417867
1472,17340,"s014","m1",-0.102591667200071,0.397692652946573,0.0387502900846664,-0.491485847299247,-0.190715894415718
1473,17343,"s014","m1",0.0245215594575905,0.531736544481598,0.242200739483593,-0.101568664507786,-1.5944849929675
1474,17361,"s014","m1",-0.0864751559423416,0.397963853894372,0.119621971716049,-0.494730675957236,-0.280959132532046
1475,17373,"s014","m1",0.0106827254345716,0.480426505868915,0.211981954795305,-0.296401427983988,-1.42276519765611
1476,17382,"s014","m1",-0.0988958550050525,0.433790045585397,0.0854401551305014,-0.453721717781761,-0.728956546684378
1477,17383,"s014","m1",0.0497429785155533,0.525993534426024,0.305807247976581,-0.168504653355507,-1.09405567420945
1478,17391,"s014","m1",-0.0939867597192405,0.446511371574275,0.162552693111747,-0.44355022727014,-0.770816466887905
1479,17392,"s014","m1",-0.120732450681832,0.411692103180773,0.167322663173678,-0.453532898845829,0.445877116166355
1480,17393,"s014","m1",-0.00937472284759456,0.457142742590272,0.225544337919771,-0.310570069814363,-0.624125513740311
1481,17470,"s014","m1",0.0586383556393116,0.521041534816627,0.276156690674866,-0.348409143658306,-0.890066944542674
1482,17492,"s014","m1",-0.129267116754901,0.385813635906481,0.0744248017322131,-0.443089086647612,0.028775937473756
1483,17507,"s014","m1",-0.0122948043192006,0.425705559131198,0.190562038356174,-0.488247487134481,-1.36152666970385
1484,17537,"s014","m1",-0.00784207971532419,0.482991709523463,0.219090089312662,-0.282555149898342,-1.09378352123338
1485,17559,"s014","m1",-0.0842341161700579,0.460908478931853,0.141936065975898,-0.305938774279644,-0.605364784633839
1486,17571,"s014","m1",0.0236898210279945,0.406092790565007,0.27098873976951,-0.388596645237382,-0.509076023138946
1487,17579,"s014","m1",-0.121414771622656,0.442284741921146,0.0850991511743642,-0.666287312739002,-0.260525694906827
1488,17580,"s014","m1",-0.047963436958284,0.436869185946606,0.21228276782939,-0.422357727214164,-0.28731117307558
1489,17591,"s014","m1",-0.0578291407966272,0.409407532931439,0.164437250557022,-0.28108872783122,-0.544520744853449
1490,17594,"s014","m1",-0.0289884645995963,0.462689176493265,0.171165697306043,-0.303759949674003,-0.363095467221383
1491,17618,"s014","m1",0.0150623223741717,0.443611756598941,0.218647191335655,-0.451457233880921,-1.30767493117326
1492,17623,"s014","m1",-0.115535479276221,0.440503464058088,0.0744066061235756,-0.561808953207909,-0.61817595661058
1493,17656,"s014","m1",0.0493829926779572,0.546928157457165,0.352615858157996,-0.256422171147594,-0.781861753286402
1494,17657,"s014","m1",-0.0260900116443482,0.50197980891323,0.184722000704592,-0.506330218267929,-0.700647737993677
1495,17675,"s014","m1",-0.00672953341672693,0.427255384800137,0.173832619326405,-0.323538374873461,-0.418790601369249
1496,17677,"s014","m1",0.0213405113892924,0.476779715775573,0.328581873326042,-0.339612042112278,-1.26432252532277
1497,17678,"s014","m1",-0.0310402607698006,0.446327898200383,0.225568661757921,-0.484564367649385,-0.964773386680767
1498,17686,"s014","m1",0.00137613290211696,0.489633455010174,0.288434957875125,-0.541482465599398,-1.5266511253234
1499,17714,"s014","m1",0.0212077095180399,0.436916159430895,0.238848792543881,-0.235713099425063,-1.14683241563643
1500,17735,"s014","m1",-0.140366529337945,0.428012135922485,0.0712313539226989,-0.363012028561976,-0.153716996969843
1501,17748,"s014","m1",-0.0937291363315297,0.469862073284253,0.242517845089983,-0.235411994475158,-0.820197572184669
1502,17761,"s014","m1",0.00524143158093251,0.453763849829577,0.170847478102374,-0.411706436523752,-1.2292941230918
1503,17799,"s014","m1",-0.0308349311002763,0.384096798463081,-0.0262690774507536,-0.301809581594016,-0.333840635713797
1504,17817,"s014","m1",-0.0619878134713651,0.476142104656436,0.249580686288647,-0.280225563600723,-0.388474583329664
1505,17843,"s014","m1",-0.0654686274187082,0.398034893317281,0.0938074591288951,-0.483132857169098,-0.712604377251038
1506,17849,"s014","m1",0.0145422670038138,0.471128459642416,0.211725457373574,-0.275115821066239,-1.27520218274295
1507,17850,"s014","m1",-0.0352941325411776,0.376874372360136,0.107610115683025,-0.328859824342197,-0.341921187479208
1508,17854,"s014","m1",-0.0286186600258186,0.47776736060871,0.225219678345019,-0.432995324238888,-0.983354819060192
1509,17861,"s014","m1",0.0100681992436285,0.43484270231866,0.164668921526824,-0.256153675293512,-0.963234270973105
1510,17869,"s014","m1",-0.0857980246303065,0.49742087204649,0.250469112954117,-0.291074497711613,-0.213757077073007
1511,17902,"s014","m1",-0.0441610376739318,0.482725338025487,0.159050205100102,-0.445144189666393,-0.938169065405943
1512,17919,"s014","m1",-0.0719422258781444,0.39948741666343,0.0246344779688448,-0.528324142313122,-0.394889471857128
1513,17924,"s014","m1",-0.0341414925046613,0.446592282336239,0.154771148758379,-0.274805763468616,-0.67362656631715
1514,17937,"s014","m1",-0.0669708709615233,0.446221782310755,0.2136781649466,-0.390961963785911,-0.0982499580258004
1515,17939,"s014","m1",-0.103922091838041,0.39557397512054,0.0660694807605653,-0.294607048218812,-0.0795091642539625
1516,17942,"s014","m1",0.0135804783163315,0.519829577242496,0.19396525313583,-0.294195800430942,-0.917126578834116
1517,17966,"s014","m1",0.0700496869709046,0.493058395762718,0.278617024078327,-0.286284706823457,-0.665225429806065
1518,17972,"s014","m1",-0.167131436485122,0.366410905909665,0.14124506531667,-0.243418387876612,-0.016809610285825
1519,17977,"s014","m1",-0.0132483972282686,0.480657641151303,0.208584729396927,-0.211692386554901,-1.25852428842935
1520,17979,"s014","m1",-0.0155625419946795,0.461464396002775,0.172089562641127,-0.485994519281687,-0.604575114217447
1521,18004,"s014","m1",-0.155670497693763,0.364504668685645,0.0874455487014844,-0.380648525323853,-0.178875035537943
1522,18007,"s014","m1",-0.0693464599300639,0.456187115316574,0.18431196116947,-0.382813614999889,-0.0639619888669102
1523,18023,"s014","m1",-0.0570668668609678,0.435877930412006,0.175510980730455,-0.348830192432997,0.42889899925163
1524,18036,"s014","m1",-0.0476643341997424,0.443821016718301,0.227247611055491,-0.404402371268878,-0.458785209647087
1525,18037,"s014","m1",-0.00401797940638637,0.506979749465464,0.172490584398606,-0.237084046600407,-0.67922380937298
1526,18041,"s014","m1",-0.0906594585356042,0.410877473259652,0.225355706108444,-0.304322886109501,-0.197593099406907
1527,18048,"s014","m1",-0.0404922774694401,0.458756451285482,0.202725602319481,-0.119811966386575,-0.354873306357966
1528,18053,"s014","m1",-0.053153954362035,0.446193881329174,0.172393345120501,-0.411240916507314,-0.363294312984835
1529,18055,"s014","m1",0.00698986020859723,0.485268305596299,0.229758100765494,-0.173389739468,-1.04819955345544
1530,18060,"s014","m1",-0.0589151781192314,0.489326556426904,0.214964500823453,-0.343007670328795,-0.397853837818783
1531,18062,"s014","m1",-0.0104059879835802,0.41560882298555,0.104653597237313,-0.45040379248082,-0.580329745477885
1532,18077,"s014","m1",-0.0378486368549058,0.420237689843989,0.146881768806885,-0.37960805620067,-0.670235744951112
1533,18078,"s014","m1",-0.0166443801203062,0.438925151932575,0.179441785553675,-0.354483747574296,-0.481809991328598
1534,18083,"s014","m1",-0.113028204084809,0.444224880387649,0.186749900869498,-0.298355011794001,-0.0516545322418899
1535,18096,"s014","m1",0.0152443277307785,0.476013819353408,0.2256422953542,-0.317045017387001,-0.759565868812528
1536,18102,"s014","m1",-0.0390876161977048,0.503853808767006,0.193857565946159,-0.265419988714032,-0.483239288363947
1537,18118,"s014","m1",-0.0323367163448599,0.468193594518239,0.37007211530127,-0.191500162281648,-0.677334646198036
1538,18121,"s014","m1",-0.0181781229372996,0.487765246493333,0.27094325955703,-0.218382083512902,-0.336925016869549
1539,18131,"s014","m1",-0.0290991128041216,0.460842668466697,0.23091407163229,-0.346150819185189,-0.442130680677266
1540,18149,"s014","m1",-0.0346899919839515,0.427296908580061,0.173299008992047,-0.322345122303743,-0.251082196671555
1541,18180,"s014","m1",-0.0197028853711316,0.430494122064974,0.249652384293461,-0.272730425735199,-0.49009953913338
1542,18181,"s014","m1",-0.0857158636651137,0.424342489117126,0.113529695288571,-0.554898384345899,-0.884349459264338
1543,18195,"s014","m1",-0.0267396688173186,0.405280106357351,0.120714230318617,-0.670498181222339,-1.09786798968779
1544,18214,"s014","m1",-0.0899287448093483,0.469394576334644,0.228407119720186,-0.26721540970968,-0.393859873676967
1545,18240,"s014","m1",-0.0454384843138421,0.52293565569782,0.218318089795333,-0.313515423203509,-1.22384993982797
1546,18252,"s014","m1",-0.0548247555794229,0.497917634342381,0.109469139215753,-0.473160628501148,-0.969565688438272
1547,18276,"s014","m1",-0.107569719186248,0.413273943984468,0.209825777026329,-0.272415155068919,0.0747209522860817
1548,18292,"s014","m1",-0.0250651669099994,0.47686043245584,0.148015358190468,-0.430133065876521,-0.979115284452016
1549,18294,"s014","m1",-0.0455054623329423,0.506865286727919,0.163059266119014,-0.283997398190089,-1.32365799674703
1550,18303,"s014","m1",-0.0639621372410331,0.533972428080106,0.253653999339158,-0.133032917928773,-0.354475522638797
1551,18314,"s014","m1",0.0102862514866908,0.4726682059068,0.167917494565141,-0.340566685307294,-1.04444564184565
1552,18323,"s014","m1",-0.0175753412868315,0.451084606860415,0.230977584130802,-0.495274145691789,-0.843851152318868
1553,18331,"s014","m1",-0.134409715710231,0.473498556733759,0.245223007966766,-0.269679733675099,-0.139372187675456
1554,18336,"s014","m1",-0.0243029812509869,0.515690216071555,0.277497952708424,-0.210983553293171,-0.568180030437514
1555,18357,"s014","m1",-0.0345448956740682,0.48334521086802,0.181371355353057,-0.247344663991683,-0.498660106452418
1556,18366,"s014","m1",-0.0503228072064774,0.39069878978691,0.14815610089027,-0.405649110501039,-0.625220548562046
1557,18378,"s014","m1",0.126304162163238,0.556413741849218,0.226026000861404,-0.144395822342461,-2.9806159932484
1558,18382,"s014","m1",-0.00580025949421843,0.513685617828398,0.188977237249746,-0.37843275597614,-0.698856607132727
1559,18399,"s014","m1",-0.0130913576319194,0.5075855566525,0.184609444640997,-0.393986122894352,-1.05097905478052
1560,18403,"s014","m1",-0.0491015365826235,0.443924885781858,0.161580258541495,-0.250760062780002,-0.315903632311732
1561,18407,"s014","m1",-0.0874664563871978,0.402367203209828,0.102770439091573,-0.473515839211001,-0.182392982789429
1562,18410,"s014","m1",0.0445348132277455,0.397292951954899,0.167079159934229,-0.23724211169126,-1.4186431096009
1563,18425,"s014","m1",0.0577656700399635,0.516412730040876,0.206636512032903,-0.088516855162598,-1.12581394766488
1564,18430,"s014","m1",-0.139372014203505,0.448105061051074,0.125458215932855,-0.469741916606468,-0.43594711719275
1565,18441,"s014","m1",-0.0378141020694686,0.391933295235709,0.146409287088011,-0.307079070541018,-0.818884600256332
1566,18453,"s014","m1",-0.0208171213097471,0.446388048557278,0.15829767449928,-0.313183043236866,-0.918088397937143
1567,18474,"s014","m1",0.00461464964246891,0.527509655134153,0.246942512000417,-0.31391553607596,-1.2628511737988
1568,18487,"s014","m1",-0.0668605398238441,0.412480536736978,0.182166693990175,-0.340921956008925,-0.0121234258444831
1569,18489,"s014","m1",0.0327810932366182,0.511355503220716,0.270448696019137,-0.400721188606943,-1.6677345248249
1570,18499,"s014","m1",-0.0631313369186642,0.403971366974705,0.21310389636815,-0.404421929468183,-0.479945881544382
1571,18522,"s014","m1",-0.0257667605355232,0.49384136505944,0.256096935438637,-0.41590193300092,-0.923437055294815
1572,18523,"s014","m1",-0.0422998186197211,0.477463387144128,0.27596454008823,-0.245818926417501,-0.467778084777384
1573,18527,"s014","m1",0.0117523589985934,0.570283448852636,0.29090352549947,-0.190925296232855,-1.76499825064863
1574,18537,"s014","m1",-0.0589824799229554,0.464186847177363,0.143818140514926,-0.42647237954129,-0.783549424396734
1575,18539,"s014","m1",0.0209005424589952,0.513499657073382,0.264557467395785,-0.28849798971235,-0.769049870983328
1576,18561,"s014","m1",0.0468631113585802,0.505198227811298,0.155162377341192,-0.155170304722127,-1.66129301803816
1577,18564,"s014","m1",0.0428193898763386,0.471022721378415,0.219076677937973,-0.412510852194999,-1.40810162880702
1578,18572,"s014","m1",-0.1128294319582,0.395223115908906,0.176418079409094,-0.368629611821643,-0.14698920938735
1579,18591,"s014","m1",-0.0273832176640418,0.512784436985572,0.282950194771436,-0.202404207914009,-0.318365893002776
1580,18595,"s014","m1",-0.0127996570384532,0.455426509068232,0.189055054669832,-0.306289377201287,-1.0237618276294
1581,18597,"s014","m1",-0.0779516280819085,0.39233176110207,0.214687980277187,-0.430459431195394,-0.0497349562544159
1582,18603,"s014","m1",-0.0895705152415843,0.441648450588315,0.0992571879468366,-0.427332329772485,-0.836537518721434
1583,18607,"s014","m1",-0.0483865584873999,0.41327256586145,0.151579954963213,-0.617834585476623,-1.72623874679591
1584,18617,"s014","m1",0.0229101856369359,0.536506892677051,0.301760025172141,-0.211622635836405,-1.06914259240079
1585,18628,"s014","m1",-0.100348276987453,0.450520957717825,0.025936557809223,-0.555802315970682,-0.136262211339532
1586,18642,"s014","m1",-0.14219471926002,0.37740135996815,0.124051839494592,-0.541245139562088,-0.235245372017049
1587,18661,"s014","m1",-0.0164097602865979,0.501874177382701,0.248800769969558,-0.385887937038071,-0.826733270192363
1588,18674,"s014","m1",-0.0314337238567407,0.454635292712809,0.170968694427196,-0.308557020428301,-0.238610467423408
1589,18684,"s014","m1",0.0840643595865496,0.460575991377625,0.233835661872011,-0.166192963167873,-2.00996345800468
1590,18691,"s014","m1",-0.0389839289064845,0.480175939718895,0.166434384508657,-0.408353959855546,-1.04782100440135
1591,18698,"s014","m1",0.077256822284113,0.484290045089751,0.213206141909951,-0.132551600709038,-1.69082758095757
1592,18708,"s014","m1",0.0119878829886099,0.484099344008667,0.254230050897401,-0.279218640616743,-1.26196168881121
1593,18712,"s014","m1",-0.0308388858488671,0.528496956687861,0.258781030815807,-0.358182263818488,-0.71643724149172
1594,18715,"s014","m1",0.0963775790128469,0.547669908418906,0.300917694644929,-0.0690270517823197,-1.6370625110825
1595,18735,"s014","m1",-0.0384735408103783,0.506887087500605,0.276509348329467,-0.355105567804254,-0.612267891746283
1596,18752,"s014","m1",-0.0490604954037141,0.389361084679456,0.103437704410676,-0.409827576161243,-0.116903832751375
1597,18758,"s014","m1",-0.0292690513495297,0.47532039694008,0.270587591736199,-0.355681441280967,-0.537343471436596
1598,18782,"s014","m1",-0.0409010480902504,0.454833468407241,0.132909533428819,-0.300027151251863,-0.634265951560583
1599,18783,"s014","m1",-0.0449491702158849,0.455893675150891,0.294989185744639,-0.252199151978046,-1.20002614008294
1600,18790,"s014","m1",-0.0823363564963725,0.491051215024304,0.171447767740324,-0.387212471095414,-0.255610490127473
1601,18796,"s014","m1",-0.0378601183738382,0.483291551945234,0.276764323044681,-0.407281256040786,-0.765646031538294
1602,18804,"s014","m1",-0.0465553445088063,0.450572607064378,0.109575069049952,-0.292156575052779,-0.53823455829737
1603,18814,"s014","m1",-0.0817046660917292,0.437701859172731,0.218055244501604,-0.419573342816836,-0.000151653322304138
1604,18817,"s014","m1",0.0179058697789664,0.45996823057553,0.26387360265026,-0.327814174995396,-1.08791461666175
1605,18827,"s014","m1",-0.0307176428889004,0.527105451617818,0.178146443358248,-0.165088371703261,-1.09338166405428
1606,18843,"s014","m1",-0.0903032855455112,0.409429805280414,0.0316462890625683,-0.598329725535541,-0.24167756727685
1607,18850,"s014","m1",-0.0468133777172634,0.351133602586519,0.0544838707729918,-0.586462976628011,-0.18707536699711
1608,18852,"s014","m1",-0.0476875017756789,0.485394937396042,0.136474155781577,-0.437257955748229,-0.741530348103742
1609,18853,"s014","m1",0.0614402526914707,0.564231633164541,0.285261830386661,-0.369464906335256,-2.43979515374995
1610,18864,"s014","m1",-0.0917913129307049,0.389490526334106,0.122064888278094,-0.495911658398626,0.354619502356511
1611,18866,"s014","m1",-0.0261533282598531,0.443095530339324,0.227421571508065,-0.17924401388884,-0.648937004926162
1612,18888,"s014","m1",-0.123810913512425,0.385876054762289,0.16919545475823,-0.453034940653682,0.112171144897595
1613,18913,"s014","m1",-0.00834870196667127,0.439255022787677,0.0897210463025826,-0.515197972818657,-0.661090888736564
1614,18934,"s014","m1",0.0131085677980605,0.493179543777074,0.157327758214915,-0.434288209314897,-1.12117111321357
1615,18936,"s014","m1",-0.0216358697155184,0.451057984043889,0.27201988234684,-0.365919492542556,-0.635166251872629
1616,18954,"s014","m1",-0.00735917024720608,0.532146973404304,0.175523461313499,-0.263666853254201,-1.29787488794631
1617,18957,"s014","m1",-0.0224787060087472,0.465301695500268,0.110740823242416,-0.312333233596493,-1.16068192669482
1618,18977,"s014","m1",-0.0638900252571363,0.475103638260817,0.195262914157643,-0.345688944122718,-0.155816783835006
1619,18986,"s014","m1",-0.0743569698212861,0.406960115649022,0.131153745125972,-0.346834499292713,-0.23948925156263
1620,19007,"s014","m1",-0.0883097723307591,0.4334410799603,0.212952959533097,-0.17530874943213,-0.374761356994995
1621,19027,"s014","m1",-0.114679442741957,0.393274732845895,0.127376097356678,-0.480928662045686,-0.0791637868839224
1622,19038,"s014","m1",-0.00852488790652033,0.470732347866788,0.26332197021346,-0.395818286586698,-0.318351273613179
1623,19039,"s014","m1",-0.0344578453505124,0.480603104686772,0.346333217216427,-0.359884339315735,-1.17046252871471
1624,19043,"s014","m1",-0.0605761737662106,0.470687211210051,0.309860762625459,-0.54952973088958,-1.04394464603256
1625,19048,"s014","m1",-0.0922737995141867,0.407781762298588,0.0962995365986168,-0.528408313074309,0.0372685378188006
1626,19069,"s014","m1",-0.129180602201477,0.374454174050526,0.0318450894522635,-0.442754103840085,-0.01461262476344
1627,19070,"s014","m1",0.0157759436131016,0.520227349622796,0.308162970144872,-0.379357312127785,-1.44198043086315
1628,19072,"s014","m1",0.0354368323773447,0.534417189996271,0.290703410477841,-0.133590015412798,-1.05073667863835
1629,19083,"s014","m1",-0.0383794245311543,0.433813339753167,0.108804491510413,-0.486934932002248,-0.544986133330854
1630,19090,"s014","m1",-0.0773402272827986,0.404778363676748,0.102985365008923,-0.53997226767541,-0.545420093289357
1631,19094,"s014","m1",-0.0726481434062211,0.505170218929402,0.202935067906201,-0.234450046997508,-0.447662940283443
1632,19111,"s014","m1",-0.00628890603942194,0.461050648834639,0.294284629445131,-0.294370364197297,-0.419450151073207
1633,19147,"s014","m1",0.00421818914629112,0.509687493080846,0.313233241825629,-0.107174737203549,-1.07002441334151
1634,19183,"s014","m1",0.0397720917562415,0.486200589290894,0.163224096074965,-0.177816129167879,-1.82195501581966
1635,19193,"s014","m1",0.00529888746035615,0.49851006367385,0.195149570632414,-0.263637672844197,-0.743030192986147
1636,19205,"s014","m1",-0.0402212695875727,0.484984405627626,0.296020068005872,-0.266543288199097,-0.661210281946456
1637,19208,"s014","m1",-0.0867719911516944,0.434825456045231,0.139270138715063,-0.337945159381025,-0.0354897543347077
1638,19214,"s014","m1",-0.0267771559870572,0.527620454864994,0.197702434596961,-0.303782984768058,-1.22448694658408
1639,19246,"s014","m1",-0.0808572527338964,0.414505351865623,0.189481679789037,-0.455394862330907,-0.109492240294641
1640,19268,"s014","m1",-0.0769554449996404,0.445097679584221,0.216226881563896,-0.280278843454542,-0.289995972894496
1641,19282,"s014","m1",-0.093423256277603,0.421906113927213,0.18394701609875,-0.461658165745838,-0.0994243592108228
1642,19312,"s014","m1",0.020838052914905,0.56525305347672,0.269657940176582,-0.205237494318744,-2.42116011006867
1643,19325,"s014","m1",-0.075565053724372,0.436659051155066,0.17041281392869,-0.339957101033846,-0.431064886584575
1644,19326,"s014","m1",-0.114701121114956,0.354567812356864,0.0210241910658227,-0.596366914024806,-0.19174212659128
1645,19341,"s014","m1",-0.0162726929423082,0.458150874902154,0.211080806238533,-0.337049291174046,-0.951098633565994
1646,19346,"s014","m1",-0.0423895720089677,0.463983027520239,0.133695443849954,-0.272878601786274,-0.206911468509889
1647,19362,"s014","m1",-0.0879762392061998,0.426137878374295,0.208751854017222,-0.421502569635993,-0.71217957219356
1648,19365,"s014","m1",0.0122198080973034,0.515621882909121,0.221102507231133,-0.246239118973162,-0.890794407517226
1649,19368,"s014","m1",-0.0524609245819204,0.451858300805317,0.261535292106151,-0.491245255424149,-0.441430796295452
1650,19398,"s014","m1",-0.0126970748388327,0.442519634121115,0.0475520535192279,-0.507661372439739,-1.39738029753642
1651,19432,"s014","m1",-0.125403031775628,0.408039347982849,0.00741919083431729,-0.392828030529521,-0.0344194896532779
1652,19435,"s014","m1",-0.0196360530828086,0.495583523914481,0.177906531013698,-0.373350588804762,-1.00671313319751
1653,19442,"s014","m1",-0.0498706807635345,0.430969948669453,0.170791841511104,-0.465938569377721,-0.0962999034992572
1654,19455,"s014","m1",-0.0236668456921207,0.50190398541842,0.135507540324803,-0.154034954671592,-0.432837935889567
1655,19459,"s014","m1",-0.0695719690463774,0.437540416487305,0.141236126031034,-0.509881138494489,-0.668227492932352
1656,19509,"s014","m1",-0.0357266482393787,0.42063944919475,0.14340504620126,-0.408616224646042,-0.407298332551057
1657,19519,"s014","m1",-0.0297243836192812,0.490777258962428,0.201678497502134,-0.213096216684637,0.0266829415889873
1658,19534,"s014","m1",-0.0148920110433247,0.565958590764872,0.276993202149351,-0.199594503695578,-1.72045108450494
1659,19544,"s014","m1",-0.0789391367475714,0.48216404322567,0.283733129549226,-0.220699926690236,-0.345108821880968
1660,19558,"s014","m1",0.0284412860699778,0.477155646709547,0.166628646127995,-0.2962769578618,-0.970497704670673
1661,19569,"s014","m1",-0.13028652324224,0.401532273245245,0.183849485241035,-0.543716226663259,0.0113319252605127
1662,19585,"s014","m1",-0.00214085658967657,0.416095790837705,0.1148568138639,-0.335954068311612,-0.905610547745346
1663,19591,"s014","m1",-0.00353390047851196,0.500790447707774,0.283808019317651,-0.371169778039808,-0.680020829364503
1664,19594,"s014","m1",0.0458290394793469,0.424494475465569,0.160162586582742,-0.340304760478871,-0.837594163531562
1665,19621,"s014","m1",0.054818284803561,0.533968940580595,0.250348922919169,-0.328775207607905,-1.5294950215802
1666,19630,"s014","m1",0.00142852285104478,0.527873942198714,0.291424826048372,-0.0898343792241283,-0.841134976375587
1667,19631,"s014","m1",0.128123182012389,0.548640773234651,0.322536618963616,-0.0300027464197744,-1.44255272656194
1668,19636,"s014","m1",-0.0294585774369076,0.493606976684348,0.226339919426638,-0.32020538351056,-0.741513366288118
1669,19646,"s014","m1",-0.0880701424557301,0.374955477697765,0.125230951377101,-0.451256052242764,0.00972636773726481
1670,19652,"s014","m1",-0.0020078280054805,0.457110163208281,0.182757002067334,-0.268309761484137,-1.79128056800324
1671,19666,"s014","m1",-0.0342567395093589,0.482662128230112,0.163624374212675,-0.400334626092613,-0.885473614247862
1672,19671,"s014","m1",-0.115010498726806,0.4265230597383,0.118916384078419,-0.363807797978425,-0.189265415620182
1673,19687,"s014","m1",-0.0586004578264937,0.482237346354778,0.0923002671066887,-0.3523792929605,-0.412692136196218
1674,19692,"s014","m1",-0.0582267381918671,0.455652566514172,0.203764959521763,-0.268803831043481,-0.409521897787447
1675,19695,"s014","m1",-0.0744348723108459,0.453220262694544,0.243950457207798,-0.525664748157835,-0.605292632861591
1676,19702,"s014","m1",0.00972633014389872,0.514802973836711,0.117436843199661,-0.298494073385438,-2.07514557529127
1677,19706,"s014","m1",0.00935604641814104,0.476432279568642,0.266383325638891,-0.34325440968251,-1.66449634376913
1678,19708,"s014","m1",-0.0940350533860104,0.455945103101607,0.194842381970086,-0.517985122760783,-0.198459152381304
1679,19715,"s014","m1",-0.0167762595862548,0.456646638516357,0.213295195569839,-0.345025681497563,-0.97317435879275
1680,19720,"s014","m1",0.0485612871114546,0.417737942974933,0.214896779005092,-0.306731945759918,-1.65707697351072
1681,19723,"s014","m1",-0.11077448564564,0.418000806135162,0.0758060335728492,-0.605726636461094,0.0634288257948362
1682,19752,"s014","m1",-0.053973519391814,0.515803598316707,0.22562205327356,-0.416787653467077,-0.248108090573398
1683,19774,"s014","m1",0.0217509185332001,0.530027941908517,0.335539998115292,-0.209730246705604,-0.945124715124574
1684,19779,"s014","m1",-0.0395164399103347,0.422367725755566,0.145782225888599,-0.309966852123218,-1.00883685171428
1685,19781,"s014","m1",-0.113707107227286,0.485057345763338,0.117122096910146,-0.282557215188643,-0.464021050739114
1686,19782,"s014","m1",-0.108684424166999,0.434507346435889,0.147319063766521,-0.539472050607734,0.142135810324886
1687,19793,"s014","m1",-0.0760938395110198,0.491059430114613,0.24139084838223,-0.2366442475233,-0.758187133668084
1688,19810,"s014","m1",-0.0226044568846202,0.479904706960958,0.263227725502365,-0.388293678169151,-0.507133154535954
1689,19820,"s014","m1",-0.00921765669071068,0.502508762091711,0.215166973237061,-0.311262836196281,-0.945318844243386
1690,19821,"s014","m1",-0.000414937072602191,0.42907893460174,0.0802712470234173,-0.478633527340089,-1.05253398517835
1691,19825,"s014","m1",-0.0860844733974566,0.430086516718012,0.165509018614311,-0.342205462285304,-0.147763829302587
1692,19828,"s014","m1",-0.214130253042218,0.370881005528942,0.123001906235934,-0.393821243113471,0.427844761040585
1693,19840,"s014","m1",-0.0738437211796966,0.441235543534883,0.217475962430418,-0.34580839904429,-0.230708854213091
1694,19853,"s014","m1",-0.0609671830804984,0.427415057971897,0.099829894185131,-0.376795565551818,-1.00590075537467
1695,19856,"s014","m1",-0.0287255961654591,0.477280016972939,0.155545071096545,-0.237209758503045,-1.0696446908026
1696,19865,"s014","m1",-0.0351213175674507,0.493456815367269,0.181743526292524,-0.340218643987378,-0.685767557607731
1697,19886,"s014","m1",-0.0117784702207689,0.432712518302993,0.0553368045850158,-0.19458259048193,-0.549038152029203
1698,19934,"s014","m1",-0.0550205136173265,0.489773817741577,0.193058385708429,-0.143805341060082,-0.794994005040607
1699,19936,"s014","m1",-0.0262417723525732,0.466271353643901,0.253737987525437,-0.337623919140336,-1.44362436833224
1700,19959,"s014","m1",-0.146269127611563,0.426070939642536,0.10262279795141,-0.392653774964496,0.431368405470252
1701,20038,"s014","m1",-0.0349668330535719,0.450327396586182,0.114270555132615,-0.233543482218497,-0.667133255105127
1702,20060,"s014","m1",-0.0784836439370025,0.444795443498258,0.311017346784355,-0.36445136784517,-0.959330781933638
1703,20090,"s014","m1",-0.0791284913707008,0.524513563054775,0.261021836133495,-0.275822573086525,-0.387858819440844
1704,20091,"s014","m1",0.0299766790977035,0.556527069684684,0.334541858992632,-0.125781555014448,-1.216500129156
1705,20106,"s014","m1",0.0737223066363653,0.478450292018988,0.241769161643822,-0.177649605406463,-1.77912964980177
1706,20110,"s014","m1",-0.0338647572486202,0.467588182257034,0.235235865654846,-0.299717780079756,-0.681126540600644
1707,20132,"s014","m1",0.0133744491833389,0.487435431085233,0.216991433815195,-0.223829539812911,-0.812525373803579
1708,20144,"s014","m1",-0.0663361814721143,0.438916395842048,0.0718707514924199,-0.322905037873803,-0.290025547084535
1709,20184,"s014","m1",0.0683622316328171,0.538161865511294,0.284525726306284,-0.196971975569599,-2.14508548923402
1710,20197,"s014","m1",-0.0567215828947938,0.468088572452222,0.172030805307174,-0.327701036306651,-0.358480941941779
1711,20209,"s014","m1",-0.0623950622218559,0.444867418483169,0.0907724195647178,-0.422041347154218,-0.533315727425652
1712,20224,"s014","m1",-0.153848110406159,0.395053578293245,0.0841076805054075,-0.427242710157291,0.0570183091844881
1713,20233,"s014","m1",0.0672152868435965,0.544519289565715,0.329805586154772,-0.181951332663113,-1.49299637615543
1714,20242,"s014","m1",-0.0182955110005695,0.480916698286813,0.232996097634046,-0.203312157578725,-0.883399436665266
1715,20247,"s014","m1",0.0321089659263648,0.505351472272019,0.247755872090931,-0.173290873229437,-1.14585243023775
1716,20260,"s014","m1",0.0279937943721692,0.48943343049427,0.247117978804597,-0.23785176814427,-0.805597093452556
1717,20313,"s014","m1",-0.0386849909568808,0.49870797429495,0.253828284035846,-0.442070568374983,-0.688750140793179
1718,20315,"s014","m1",-0.0315455120299675,0.448506429562794,0.164548793058935,-0.477241516551781,-0.841608486294379
1719,20332,"s014","m1",-0.132903118137317,0.371072277401628,0.103281484459283,-0.641674674858061,-0.304020790626173
1720,20346,"s014","m1",0.0174250844997999,0.509352853464963,0.224981077173329,-0.104481280202341,-1.43673046510418
1721,20347,"s014","m1",-0.0302185895127651,0.441645984683257,0.137188387529952,-0.347518184269351,-0.299469846060111
1722,20365,"s014","m1",-0.0125186336396375,0.500284029177098,0.294723256350785,-0.387179497377822,-1.72281502724988
1723,20378,"s014","m1",-0.0561341189560871,0.394542637556026,0.137655421765455,-0.400344698474643,-0.247201782544929
1724,20390,"s014","m1",0.089065328692902,0.507559860113561,0.266620076532095,-0.206322261968334,-1.84806226631299
1725,20413,"s014","m1",0.00599507917345841,0.563602478550029,0.251494392730588,-0.176989422974952,-1.68758645336779
1726,20414,"s014","m1",0.0157000413877178,0.439947061499096,0.147241391600881,-0.588898218611381,-1.73832133127322
1727,20416,"s014","m1",-0.0156492514847674,0.470683192068619,0.13272523178879,-0.214017718750992,-1.12017315797684
1728,20422,"s014","m1",0.0238705234903656,0.457243720690456,0.274535840550722,-0.316166805720725,-0.607170203084795
1729,20427,"s014","m1",0.0168258937455344,0.497587954900846,0.298879363899012,-0.370427459341498,-1.4053271891698
1730,20429,"s014","m1",-0.119253585644575,0.371273855303647,0.113501654383362,-0.536278501133193,-0.161053036093064
1731,20485,"s014","m1",0.0101744299394698,0.474048975728957,0.201085280431881,-0.306275476725394,-1.19911136904722
1732,20491,"s014","m1",-0.0815636735664356,0.36594376903557,0.22289097713842,-0.385937114666568,-0.275934509437555
1733,20492,"s014","m1",-0.0141923347425177,0.401204412444785,0.152712470395569,-0.371809472005003,-0.684300078504987
1734,20505,"s014","m1",-0.0841528404211736,0.419395377433357,0.23975119088565,-0.471005159888299,-0.79835581938277
1735,20526,"s014","m1",-0.0308644214378012,0.501825500782386,0.203079382344014,-0.225606210170276,-0.500003954711109
1736,20532,"s014","m1",-0.0189749546138397,0.462387929301833,0.267913524537888,-0.31445174922708,-0.65139380046223
1737,20533,"s014","m1",-0.115328227288054,0.418889650459346,0.0576115726758289,-0.445344347297582,-0.0562679342799633
1738,20540,"s014","m1",-0.00898755382071885,0.472749922463029,0.237168397716124,-0.352428315376713,-1.357261489488
1739,20543,"s014","m1",-0.0663516483640121,0.432013961574319,0.139765044621836,-0.432955340012184,-0.235519512065114
1740,20556,"s014","m1",-0.0764962881785075,0.470958630769813,0.260330507981525,-0.342291427801061,-0.0386372563097404
1741,20565,"s014","m1",-0.168040462536515,0.336699845082904,0.0405315707356165,-0.679116196935947,-0.0494433817747007
1742,20572,"s014","m1",-0.0675008918406062,0.407901829475389,0.115899264178462,-0.299087573932164,0.0990169135299181
1743,20596,"s014","m1",0.0647550709529272,0.45194612457746,0.250095087176914,-0.473501174957297,-1.5338787590058
1744,20610,"s014","m1",0.00330509880329539,0.493020737500382,0.358361504079551,-0.244858069967432,-0.503866273786232
1745,20621,"s014","m1",-0.114310576102802,0.385387622495075,0.0733783019819243,-0.554046383520565,-0.208301875767956
1746,20643,"s014","m1",-0.0496419427590445,0.441963300015882,0.219961306545615,-0.191316006430416,-0.503332644643478
1747,20651,"s014","m1",-0.121965795934063,0.410994254296504,0.199611805242454,-0.506195183832363,0.222226466933114
1748,20676,"s014","m1",-0.0430049576425794,0.463509017049066,0.280877281638628,-0.31091860162987,-0.529967849000159
1749,20678,"s014","m1",-0.0184705971324694,0.42797665251743,0.269519950978716,-0.148889978196496,-0.482902000413964
1750,20685,"s014","m1",-0.0990099108671797,0.439397962219511,0.147061182034936,-0.474415388442844,-0.288488413021094
1751,20691,"s014","m1",-0.026800815464,0.370769512188236,0.136269924929411,-0.394866659383433,-0.39392084912134
1752,20698,"s014","m1",0.046368623805327,0.434805749554386,0.176693182032192,-0.297769147741389,-1.6214471449091
1753,20701,"s014","m1",-0.0728691261362791,0.419854505659677,0.161412738575463,-0.386800918764416,-0.0362371360715429
1754,20716,"s014","m1",-0.0738652636953643,0.358178464056791,0.0702572654111507,-0.351620205157569,-0.349468481998063
1755,20758,"s014","m1",-0.0256676274932818,0.533918931798026,0.330081655770033,-0.259097791967415,-0.896351254774528
1756,20765,"s014","m1",-0.111876636339447,0.413379308984408,0.0678743471875622,-0.493395892930183,0.0235685465915915
1757,20813,"s014","m1",-0.0211969016233886,0.408307473413587,0.129889764248501,-0.392201928637263,-0.695225765426294
1758,20821,"s014","m1",-0.0392850756309582,0.500111124682391,0.263498443449386,-0.451967661130958,-0.917457584080072
1759,20825,"s014","m1",0.021295850137946,0.427574133350095,0.164792304050509,-0.557574897422973,-1.70279639723048
1760,20827,"s014","m1",-0.074675679720419,0.436653221222366,0.207937042450124,-0.327344865180371,-0.474659367896952
1761,20834,"s014","m1",-0.0438805106484085,0.486466496619055,0.229186063521988,-0.32592423583925,-0.357303334462485
1762,20838,"s014","m1",-0.0187728849524029,0.47475511689348,0.197908017682909,-0.368762306305649,-0.58617472809178
1763,20846,"s014","m1",-0.0621642638129869,0.401878213683351,0.079128198913555,-0.61354067288564,-0.312569281830869
1764,20868,"s014","m1",-0.0146258489537303,0.465913898958835,0.234867313484757,-0.243431828201447,-0.299778422810183
1765,20876,"s014","m1",0.0150810617719232,0.481281899696757,0.206696894676576,-0.277692498679907,-0.734229057033675
1766,20892,"s014","m1",-0.00483761806776983,0.460900237750678,0.236169947898652,-0.248265830504971,-0.477007988284286
1767,20898,"s014","m1",0.0414778639211794,0.505326454570883,0.278915356519538,-0.240174694637468,-1.07842171462664
1768,20939,"s014","m1",-0.00521585124878485,0.519779690032271,0.294925036790905,-0.330321499720218,-0.996688528724703
1769,20947,"s014","m1",-0.0929905511970417,0.475762094649179,0.199831844765103,-0.446771950250528,0.286500715873659
1770,20953,"s014","m1",-0.0764792059595186,0.455954270142365,0.207467906209206,-0.247784130893271,0.296343476865659
1771,20956,"s014","m1",-0.01350622279922,0.48035333403136,0.222471929431103,-0.309841163269518,-0.345230516488758
1772,20959,"s014","m1",-0.0961266880883666,0.451216558756354,0.209668121453198,-0.325902344053433,-0.0178134023333107
1773,20961,"s014","m1",-0.0716825954298085,0.435999734003445,0.160391468656136,-0.435274117786749,-0.394965175437439
1774,20964,"s014","m1",-0.0564480732192143,0.479528346082983,0.211980685999606,-0.335855540091795,-0.246234798049508
1775,20968,"s014","m1",0.00131691877106354,0.529700870853062,0.258981060134683,-0.372436919010772,-1.27176345386797
1776,20983,"s014","m1",-0.0506163035569364,0.47196344167864,0.223976464183438,-0.240950630732992,-0.629023188876393
1777,20984,"s014","m1",-0.117947101605285,0.409255565451541,0.172294498143378,-0.351104619747142,-0.335183700412254
1778,20989,"s014","m1",0.0296594308930344,0.516463388543369,0.232073710166001,-0.390786293080272,-1.20681237143984
1779,20996,"s014","m1",-0.0349242032409822,0.508625257264517,0.13374291781715,-0.321415675229843,-0.933335150264284
1780,21001,"s014","m1",-0.056868846134317,0.478883753567779,0.188125280225457,-0.395412149253048,0.0842541759717922
1781,21003,"s014","m1",-0.045884459001618,0.467699986291026,0.278050938670014,-0.274117434695049,-0.168538321431015
1782,21024,"s014","m1",0.00153657167661298,0.511355609559524,0.128780720223755,-0.379019394704493,-2.07828949235697
1783,21027,"s014","m1",-0.00916743434929227,0.533495285903715,0.274448668693611,-0.326715581006892,-0.87185319265661
1784,21045,"s014","m1",-0.0605279681900604,0.399684766541742,0.23014406201729,-0.376579247547746,-0.283449491619991
1785,21090,"s014","m1",-0.020202353933661,0.491435503238244,0.198301079630844,-0.239828150811096,-0.59849906516654
1786,21108,"s014","m1",0.031638503299287,0.49226569604895,0.279252906603352,-0.536694523805605,-0.938970310132474
1787,21120,"s014","m1",0.0282418453518245,0.445492487251083,0.213966805360429,-0.385888746414684,-1.38562813449071
1788,21124,"s014","m1",0.0202645397175315,0.46812721947044,0.242857550609898,-0.430790128768206,-0.770794200096583
1789,21157,"s014","m1",-0.0156802359168389,0.406255153664299,0.134039139153596,-0.301878974429602,-0.190606556938636
1790,21170,"s014","m1",-0.0574434308159959,0.398064907515725,0.107307951841362,-0.42076141132818,-0.207906220285341
1791,21178,"s014","m1",-0.0304794923212736,0.465382296393575,0.0595650675465033,-0.39923074518787,-0.869517098930881
1792,21187,"s014","m1",0.0119029941599937,0.490742303442091,0.250174609301325,-0.252604918706157,-1.02380156513572
1793,21191,"s014","m1",-0.0900453389739079,0.39850492907779,0.0885123286882588,-0.495874857825879,-0.451594797514456
1794,21200,"s014","m1",-0.0788808918857152,0.391360776501596,0.0114592979533815,-0.417024024871484,-0.307697884219281
1795,21205,"s014","m1",0.0161769170942409,0.48390312275611,0.213458299960594,-0.141939779702677,-0.88954900426698
1796,21215,"s014","m1",-0.0747727143910465,0.422280183532614,0.0400959446998439,-0.225314146747327,0.274298369503363
1797,21216,"s014","m1",0.034064411437815,0.534362417391184,0.239445912947812,-0.157019750014933,-1.42940856608249
1798,21217,"s014","m1",-0.1427483943933,0.439268551070545,0.164343307709658,-0.37029494258028,-0.128886927413963
1799,21219,"s014","m1",-0.0109123665963852,0.41899994609053,0.142251108277802,-0.437813379925857,-1.25454030326246
1800,21243,"s014","m1",-0.132760168554882,0.450230065758483,0.0699288603539514,-0.371015369280879,-0.480512767757852
1801,21256,"s014","m1",0.0771552656302489,0.496994287363668,0.257159576969114,-0.21463185778765,-0.723215435219281
1802,21262,"s014","m1",0.00710265174270791,0.49378895726875,0.208746333554935,-0.2905434340537,-1.36559884332631
1803,21267,"s014","m1",-0.0244508265836327,0.449468214626437,0.207365602208004,-0.33844875771939,-0.962272690285443
1804,21272,"s014","m1",0.029430090903243,0.47342974763306,0.250191417732785,-0.175679283710511,-0.930978282421896
1805,21282,"s014","m1",-0.143593140826378,0.401332896821329,0.283902604889505,-0.479010014521555,0.00683549540887882
1806,21289,"s014","m1",0.0153116558816305,0.482298881324117,0.267187795406473,-0.239092729728467,-0.831459533919338
1807,21297,"s014","m1",-0.132490833985674,0.434843660047337,0.156843220355863,-0.528904002399731,-0.077078096637948
1808,21298,"s014","m1",-0.0150132670508131,0.501827116663303,0.191891249704384,-0.438574666728158,-1.6732887832433
1809,21301,"s014","m1",-0.101195129184946,0.427079776999217,0.198706971045365,-0.547553417627237,-0.307837329020315
1810,21303,"s014","m1",0.0400843122393193,0.56624811498817,0.229258602980385,-0.171044237570437,-1.95731294815985
1811,21305,"s014","m1",-0.0595824435678706,0.47009717464629,0.265073746830812,-0.313754101880066,-0.852001137509281
1812,21306,"s014","m1",-0.0575524567530306,0.398352511480994,0.25172507006136,-0.429519173347967,-0.151142998529699
1813,21316,"s014","m1",-0.0953607784359621,0.475332846540936,0.291865902487361,-0.598099906938618,-0.308725353449055
1814,21321,"s014","m1",-0.0835015144313874,0.399447366747485,0.18521194847481,-0.333736820145511,-0.166876607218103
1815,21328,"s014","m1",-0.00901275753434528,0.449199098386947,0.310184439898675,-0.37168496154209,-0.777828902503463
1816,21330,"s014","m1",-0.107339768780441,0.356513267000762,0.041726622445342,-0.63026088481419,0.132817258189996
1817,21346,"s014","m1",-0.04611827785786,0.449483815357522,0.187764133175644,-0.343157355301582,-0.691978088121715
1818,21361,"s014","m1",-0.0751341286175774,0.454456659831119,0.130972184550515,-0.328894010717357,-0.682573013502342
1819,21375,"s014","m1",-0.0927521560855467,0.385600974186401,0.135903810201153,-0.364566460595041,0.224692409341398
1820,21377,"s014","m1",-0.0713495998630674,0.436942457578335,0.17732660982674,-0.403276847631462,-0.311921725047232
1821,21383,"s014","m1",-0.0702115505663886,0.470313328315807,0.160582750939172,-0.409713848831723,-0.689156845354891
1822,21384,"s014","m1",-0.0452165525659257,0.421409695147027,0.173085836871809,-0.320058347239386,-0.645365851108784
1823,21412,"s014","m1",-0.0852364381903705,0.426444881714192,0.028488553342227,-0.379938331441844,-0.581867117524583
1824,21430,"s014","m1",-0.0725521943267833,0.467410505085644,0.167716219465512,-0.273789767396549,-0.487309047980815
1825,21432,"s014","m1",-0.0791929210169529,0.44823838591605,0.208229715995513,-0.530876010377947,0.0959257985005047
1826,21436,"s014","m1",-0.114540061192857,0.412757551244696,0.110883638144797,-0.31744918421866,-0.0481845149286136
1827,21437,"s014","m1",-0.103223913457718,0.374085297396816,0.203341647313605,-0.470766404670529,0.072687276350248
1828,21440,"s014","m1",-0.0793853268861085,0.357777552025173,0.0288452459433431,-0.71534330987084,-0.131486770818427
1829,21441,"s014","m1",-0.0707414937820934,0.377404188899947,0.209825257783668,-0.352782898501952,-0.11957339609353
1830,21447,"s014","m1",-0.0393473143901343,0.500956581241073,0.120102802667891,-0.29234124292775,-0.717043104979943
1831,21449,"s014","m1",-0.0362044046703186,0.449044535038893,0.125336853918636,-0.316707987619329,-0.873674348049236
1832,21457,"s014","m1",-0.0836867550481081,0.40246846328154,0.166595392762179,-0.566484637626043,0.013899905512356
1833,21478,"s014","m1",-0.121546100519545,0.427798246740487,0.1274373806583,-0.561786068247122,0.338042711219131
1834,21480,"s014","m1",-0.00435439856076327,0.52035000572336,0.249613881685895,-0.115430693775914,-0.877512829174578
1835,21481,"s014","m1",-0.0432508691097484,0.494558905266363,0.248702454625213,-0.326755344005334,-1.98912137821555
1836,21483,"s014","m1",-0.0523751465645879,0.488025089895773,0.192218328549758,-0.320293170434498,-1.11812289283987
1837,21491,"s014","m1",-0.0527360738188812,0.475535642183175,0.137471333649106,-0.329359710247275,-1.09094402787542
1838,21500,"s014","m1",-0.101120350846761,0.437876383056401,0.183816926916714,-0.493040752311657,-0.100223932826863
1839,21501,"s014","m1",-0.0550261883625196,0.433097132396718,0.109118818045659,-0.359975210417793,-0.470328575350686
1840,21515,"s014","m1",-0.0486595626337921,0.471930927514744,0.192032697442342,-0.52568757779174,-1.14147634981974
1841,21528,"s014","m1",-0.0610916221211584,0.4441041012713,0.179005477909221,-0.33457044206289,-0.516457711960214
1842,21533,"s014","m1",-0.0378962029694598,0.559386551857191,0.17720634048379,-0.157868954214123,-0.97403896098521
1843,21534,"s014","m1",-0.0159103255755986,0.423257697445289,0.12951633382961,-0.286771813174659,-1.14363618567488
1844,21556,"s014","m1",-0.0043468867820146,0.455472249437588,0.114374402521308,-0.655149359429647,-1.59652269357518
1845,21566,"s014","m1",-0.0222045895855299,0.481137212063418,0.220889743776785,-0.196023690314169,-1.05933141757326
1846,21571,"s014","m1",-0.0701950469320151,0.450453810853948,0.134770536094338,-0.41079990897416,-0.252364008118018
1847,21573,"s014","m1",0.0687522258812515,0.55159695877052,0.347224518517985,-0.168091147314219,-2.07152322501675
1848,21583,"s014","m1",-0.0779626019286445,0.442619316470687,0.103904962496657,-0.522641741897881,-0.512720152335236
1849,21593,"s014","m1",-0.0638869425511762,0.416011386763317,0.0926724485550452,-0.336406596847848,-1.1053684398162
1850,21595,"s014","m1",0.0499450285507541,0.478639256329339,0.249051944263552,-0.267001879887505,-2.18903587884133
1851,21630,"s014","m1",0.0928609000143444,0.553260107125679,0.340356882475993,-0.00745185084605286,-1.57610645663663
1852,21639,"s014","m1",-0.116054026140231,0.467631418746112,0.180558178849363,-0.358967243578477,-0.866234269567316
1853,21655,"s014","m1",0.0331856127559135,0.560593133825005,0.271774225666876,-0.312681843295636,-1.26657860422662
1854,21678,"s014","m1",-0.0150715175506063,0.52199317463511,0.373839639903891,-0.165460135552951,-0.350739991957418
1855,21690,"s014","m1",-0.0508060475453034,0.441891919080747,0.141006313137203,-0.398805234773465,-0.940574129989976
1856,21695,"s014","m1",-0.0536142608251005,0.428336462431249,0.0900483174493407,-0.420274294497105,-0.718135402591131
1857,21714,"s014","m1",-0.152175631382292,0.458717245307168,0.0119659271835104,-0.449896316577005,-0.254453318081868
1858,21727,"s014","m1",-0.0547056686732721,0.487905610240824,0.256044875448465,-0.35145708047837,-0.613600789545909
1859,21736,"s014","m1",-0.0739964048699968,0.386865291205772,0.0849861663230455,-0.314125358845008,-0.315148020347277
1860,21749,"s014","m1",-0.0722048215073466,0.357717799364157,-0.0289360835663512,-0.47545185782801,-0.530772327108907
1861,21755,"s014","m1",-0.0130388622701695,0.473890521483203,0.231359039699594,-0.268275193594111,-0.564393803220011
1862,21771,"s014","m1",0.00603544262452428,0.476810642633513,0.136382148694167,-0.29969654918028,-1.1131877969988
1863,21818,"s014","m1",-0.0447481467026558,0.473854036872729,0.255413440860386,-0.249486628561198,-0.413607213253644
1864,21822,"s014","m1",-0.139399567131377,0.419360620521156,0.132455261941283,-0.371562841479263,0.232873067913697
1865,21834,"s014","m1",-0.0628008993384881,0.418050517860948,0.173785038966551,-0.296184957691868,-0.158945005318046
1866,21857,"s014","m1",-0.0020269945974944,0.420506285597445,0.192912341738409,-0.462190589228762,-1.06707198344089
1867,21863,"s014","m1",-0.0669132339038131,0.403416473399278,0.149433745363814,-0.34299778226072,-1.04023464875677
1868,21899,"s014","m1",0.07002454530884,0.556110254201448,0.260297708751868,-0.214948366381719,-2.24186925277153
1869,21905,"s014","m1",-0.0101984466131359,0.468307449324961,0.154109447540988,-0.272226249359538,-1.07583138034957
1870,21919,"s014","m1",0.0104917006319453,0.482308117752914,0.247966998852477,-0.32735972103036,-0.583223813084381
1871,21923,"s014","m1",-0.0327890304405297,0.459693035567615,0.235497505917358,-0.324646877840373,-0.656724160304538
1872,21925,"s014","m1",-0.0798939840155561,0.425088672046624,0.182013595248752,-0.3562941885974,-0.312245633648153
1873,21939,"s014","m1",-0.0956715145642788,0.449829614821213,0.133272280383235,-0.47810577997971,-0.449070087035867
1874,21969,"s014","m1",0.0205150202919171,0.510209200163705,0.258977237148274,-0.203864599728128,-1.35476545662968
1875,21978,"s014","m1",-0.0415309627873707,0.463529482989175,0.238680447176885,-0.18223551249269,-0.56780984618852
1876,21993,"s014","m1",-0.106704980423028,0.38527669298906,0.11301424794659,-0.426119698816918,0.13283597884927
1877,21995,"s014","m1",0.0930049653163235,0.526710871411873,0.222370438710036,-0.208216778316572,-1.99201089663096
1878,22009,"s014","m1",-0.0073616447500457,0.498451816845316,0.177787713620841,-0.323387295053033,-1.26309106681243
1879,22015,"s014","m1",0.0262610702674722,0.55509404208276,0.240461117672919,-0.107331893603704,-1.60280549158078
1880,22018,"s014","m1",-0.162146141608633,0.45002166258163,0.0676138196439307,-0.381401750882462,0.0634588587149005
1881,22020,"s014","m1",-0.0947837923177097,0.37020596343167,0.0278861720376872,-0.337721029776174,-0.412911885979412
1882,22041,"s014","m1",-0.130980937213616,0.410342537108055,0.177201137266009,-0.467449985528156,0.468194125929634
1883,22042,"s014","m1",-0.130687842744164,0.457787686786038,0.063730429109648,-0.455917704709102,-0.510083852312963
1884,22069,"s014","m1",-0.0898509831887766,0.371892395808154,0.0875929121061551,-0.686018059902837,-0.0174473019738548
1885,22087,"s014","m1",0.0280681158615316,0.472302954492175,0.219272799183204,-0.30996250352941,-1.06771796784164
1886,22090,"s014","m1",0.0308440553483904,0.505817923826672,0.242200346898292,-0.249227071460617,-0.880028786488651
1887,22094,"s014","m1",-0.049086453601659,0.364803647276364,0.162209387725777,-0.440703498052401,-0.34107972547883
1888,22099,"s014","m1",0.0297087889715592,0.555822033498843,0.335052793679619,-0.152161862554472,-1.1365266505
1889,22112,"s014","m1",-0.077703243111742,0.343965979940724,0.218894926110709,-0.424322642893635,-0.0717336263562499
1890,22115,"s014","m1",0.0403351525343295,0.468112433982919,0.25455596450458,-0.3346228148167,-1.13993270787137
1891,22117,"s014","m1",0.106485833687603,0.528794024105207,0.300020553564,0.0129642683890824,-2.01341257736053
1892,22120,"s014","m1",-0.0483608839479398,0.480064599584698,0.283104551925078,-0.346302342398573,-1.15070150511557
1893,22135,"s014","m1",0.00446705633178307,0.421426656503211,0.11674156309338,-0.393243321980697,-0.400951415511687
1894,22143,"s014","m1",-0.0225874522681486,0.457091912722744,0.198197066541509,-0.299946568846536,-0.418208539366963
1895,22151,"s014","m1",-0.0917888050803145,0.503100744851087,0.23316897273484,-0.284098275931051,-0.402762315560145
1896,22154,"s014","m1",-0.124210358342022,0.435825277638935,0.204490230880165,-0.287514014690704,-0.154588009306818
1897,22164,"s014","m1",0.0180734438437291,0.39141780671047,0.20368527967498,-0.25314759731134,-0.554469419022784
1898,22168,"s014","m1",-0.128078001329433,0.308161018279839,0.000734132533870727,-0.635884311976002,-0.377500499532119
1899,22169,"s014","m1",-0.114159962219913,0.338153724220172,0.0723142266920351,-0.459260167688111,0.0167916669929885
1900,22174,"s014","m1",-0.124669517050779,0.428535787902323,0.220060357705634,-0.406735066155417,0.129633839586016
1901,22186,"s014","m1",0.0759043975005687,0.48291328441366,0.248669423012474,-0.33915574519824,-0.965339181046929
1902,22192,"s014","m1",-0.0392894439352778,0.451511344290184,0.262249195134668,-0.351713346415457,-0.176742745492694
1903,22201,"s014","m1",-0.126188162472299,0.402361836992824,-0.0255776416536272,-0.422476208025703,-0.0891913936751962
1904,22211,"s014","m1",0.00090526682000247,0.419334179428138,0.166853363760376,-0.331975977453104,-1.23568761603278
1905,22214,"s014","m1",0.00861531673499282,0.484103758388471,0.230680348206572,-0.318051350025489,-0.827517954758717
1906,22248,"s014","m1",-0.026273209585391,0.444695522879624,0.256941458279565,-0.434195718089843,-0.610297102174
1907,22252,"s014","m1",-0.0685976295237853,0.477140960143806,0.172469106079327,-0.309282607920586,-0.191757267051994
1908,22269,"s014","m1",-0.0185022324954715,0.516153778889058,0.219459050382757,-0.338508305031958,-0.550099226081424
1909,22276,"s014","m1",-0.107786832007766,0.434261347787847,0.16768926955853,-0.383960428117743,-0.362331966336775
1910,22297,"s014","m1",0.00682727851846724,0.463927748456685,0.206084348196248,-0.112524580175368,-0.982040367428338
1911,22306,"s014","m1",-0.0444163010013902,0.428131979127426,0.14332625780495,-0.324448869193562,-0.406667920206737
1912,22330,"s014","m1",-0.0785299423092486,0.385637097740514,0.121470271021603,-0.491166274130996,-0.258094521396595
1913,22340,"s014","m1",-0.0526870019430283,0.48887473171503,0.234130351835372,-0.467586715095982,-0.694265372188045
1914,22345,"s014","m1",-0.0336353833387935,0.445821314684821,0.154193005485325,-0.514581398844523,-0.547765455813172
1915,22396,"s014","m1",-0.102654582393465,0.426396147606666,0.183321010852556,-0.387416106388488,-0.28079088713849
1916,22408,"s014","m1",-0.0719852685420228,0.464325869417275,0.181605967751474,-0.378253925390169,-0.403773363906694
1917,22427,"s014","m1",-0.073237401399472,0.463225509864061,0.127460259897617,-0.405117746377014,-0.917132326049192
1918,22437,"s014","m1",-0.136970803972819,0.446863385746785,0.161087866470475,-0.20879623878027,0.116755638968583
1919,22446,"s014","m1",0.0465700554113498,0.551994042606143,0.356038663959596,-0.246209306304178,-1.47307764195582
1920,22480,"s014","m1",-0.0349614111760622,0.524369636953102,0.18455872158261,-0.367727286884399,-0.87498104154665
1921,22481,"s014","m1",-0.023787640857504,0.437752836972029,0.148325674637061,-0.215881702293623,-0.840190247246076
1922,22491,"s014","m1",-0.0375311190013665,0.455291368867649,0.165187276539733,-0.562341495334112,-0.764289613352876
1923,22512,"s014","m1",-0.114652747791888,0.43288986626429,0.154694488312072,-0.322947539579247,-0.190927717354029
1924,22541,"s014","m1",0.0743495235062016,0.494839499723211,0.287120539181074,-0.125113160442387,-0.93827072619123
1925,22542,"s014","m1",0.0589824182767386,0.505620404366489,0.322461410569741,-0.267516604186781,-2.659625082785
1926,22565,"s014","m1",-0.139989726329294,0.449625481338069,0.109644368259557,-0.337518796827865,0.104037954356614
1927,22571,"s014","m1",-0.0890832956989107,0.387266011203779,0.0965602389204915,-0.557447789527382,-0.247617445920946
1928,22598,"s014","m1",-0.0932146845538464,0.412847194438473,0.0762536822124504,-0.714390595003587,-0.00743621358322936
1929,22599,"s014","m1",-0.0742203204346143,0.454473594611368,0.287137257223858,-0.588276382661077,-0.361536497520913
1930,22601,"s014","m1",0.0420862235925607,0.544293796652446,0.228541234349081,-0.0539116604955782,-1.07394472681946
1931,22603,"s014","m1",-0.0190785605411526,0.469757037157373,0.196971127993509,-0.46721509194424,-0.891288545906417
1932,22624,"s014","m1",0.00346774830773168,0.483542221697273,0.168070724261264,-0.247686368819419,-1.34642590412741
1933,22637,"s014","m1",-0.162189582671842,0.394780998259502,0.134380291040091,-0.649556512752225,0.480105962338641
1934,22661,"s014","m1",-0.0572802037636659,0.40375541445509,0.210606812125747,-0.464142313001852,-0.10137654052841
1935,22677,"s014","m1",-0.00755486681886434,0.451364321226071,0.212577006942213,-0.429056956494278,-0.485012722449821
1936,22696,"s014","m1",-0.111038568916987,0.454956854598357,0.212582039111979,-0.259324225048703,-0.227576057654656
1937,22698,"s014","m1",-0.00911483821014151,0.477638782738005,0.325523327182693,-0.418943121911495,-0.0291567747952987
1938,22700,"s014","m1",-0.00436263777023273,0.459284361686233,0.252048955657724,-0.285401436135598,-0.406076421122236
1939,22716,"s014","m1",0.0465541720666734,0.398932963884547,0.108473726322518,-0.615137232091425,-1.08532077674578
1940,22726,"s014","m1",-0.049373921715264,0.478914811910131,0.332052167285661,-0.449800131428533,-0.26513192058488
1941,22741,"s014","m1",0.00679977362377639,0.458748261575026,0.176318523210966,-0.276663032221035,-1.05089191015227
1942,22746,"s014","m1",-0.146049492616908,0.397999426139682,0.169285655293295,-0.519203484119143,-0.116113840036416
1943,22761,"s014","m1",-0.0929998684434029,0.429673080495666,0.169200793757861,-0.710778470724093,-0.786076634340629
1944,22765,"s014","m1",-0.0249359579930024,0.448651395714505,0.145565367499938,-0.301856913019811,-0.551880446014505
1945,22785,"s014","m1",0.0894884464473587,0.546906587561992,0.298344178929519,-0.0800953805550202,-2.07369011584228
1946,22792,"s014","m1",0.0166730234717691,0.463228741517848,0.174889676850407,-0.350932057101733,-1.5019348666065
1947,22796,"s014","m1",-0.0228773266475434,0.448978114459882,0.192759906405962,-0.369922986388063,-0.838550701864849
1948,22802,"s014","m1",-0.00348386392652218,0.473735984152763,0.231838369207765,-0.516838418597596,-1.09364542489511
1949,22807,"s014","m1",-0.000377952824190783,0.472246810038716,0.222735131873734,-0.244066495005082,-2.53276403701031
1950,22839,"s014","m1",-0.0180646575630221,0.501039442785008,0.288308637218908,-0.194432487226676,-0.68020343806901
1951,22841,"s014","m1",0.00708483830278067,0.447679271982718,0.16687605802508,-0.313247323016053,-0.530089582130714
1952,22851,"s014","m1",-0.104847898509384,0.421528110050064,0.164985550412834,-0.456365003736491,-0.499298444084224
1953,22860,"s014","m1",-0.0746009997158356,0.439912979176579,0.231758025910647,-0.337409242338551,-0.699147064209379
1954,22893,"s014","m1",-0.0919193464653703,0.40005927300224,0.0837862754189163,-0.442024995807748,-0.403410057245952
1955,22904,"s014","m1",-0.0567158767448139,0.548791231137922,0.274736720664818,-0.406858969808918,-1.11635198045025
1956,22950,"s014","m1",0.0434484080641692,0.486272024845842,0.272151448965141,-0.254469690017255,-0.828975675026873
1957,22962,"s014","m1",-0.141037674142759,0.445236109407414,0.132571795694878,-0.432370077835983,0.248339145552658
1958,22972,"s014","m1",0.0505581656708271,0.463491618431757,0.241418823855921,-0.246099648711274,-1.1390849940164
1959,22982,"s014","m1",-0.102448638299971,0.39292847309441,0.104109173694865,-0.353565453322642,0.0957871512653517
1960,22986,"s014","m1",-0.0245040020132204,0.510433744435473,0.315985129126738,-0.399809108814958,-0.480420108911132
1961,22999,"s014","m1",-0.0381408624081131,0.398584676829761,0.169766489750834,-0.372469142528375,-1.16371406962377
1962,23007,"s014","m1",0.0531221391499472,0.543531901573602,0.249777599812541,-0.215621885614026,-1.70396926540106
1963,23016,"s014","m1",0.0151690012952539,0.421814922087399,0.104635519126346,-0.274473991405338,-1.80014599531387
1964,23070,"s014","m1",-0.0910126665435764,0.438239587560218,0.144095963498801,-0.310336923355185,-0.735995558069689
1965,23071,"s014","m1",-0.0265877468482173,0.402357598026698,0.143509900042781,-0.4719962911124,-0.251247675489767
1966,23079,"s014","m1",-0.0893795198708971,0.35878192370629,0.00406774400807198,-0.378862307781557,-0.172483204778928
1967,23092,"s014","m1",0.0250929053237962,0.454122412306199,0.270124536493512,-0.379489822675814,-0.900106817843087
1968,23124,"s014","m1",-0.0357038880904579,0.438205956953796,0.189238634024403,-0.360815327844034,-0.832907376444753
1969,23137,"s014","m1",0.0203902793409908,0.558683292824956,0.251669962833263,-0.203750464059057,-1.6538030499391
1970,23157,"s014","m1",0.0494076856434883,0.5000784833681,0.280525581612523,-0.258228126559098,-1.80080294760133
1971,23162,"s014","m1",-0.122396224039217,0.429457630111235,0.22275736449451,-0.356428056576193,-0.44512927595879
1972,23167,"s014","m1",-0.0329050155923207,0.404294378224525,0.163647830680559,-0.448334316333816,-0.626914152814751
1973,23173,"s014","m1",6.32322060823069e-05,0.477402507482432,0.174009205325797,-0.420178421050797,-0.876058457466385
1974,23177,"s014","m1",-0.091502334928016,0.407047622757949,0.101811287417965,-0.37625759668323,-0.314637489878468
1975,23198,"s014","m1",0.0519658115662861,0.495388861269869,0.292341837875828,-0.26523174859335,-1.5207946973684
1976,23200,"s014","m1",0.0320959439482345,0.484478713881692,0.195528659340633,-0.496536080002893,-1.51077720686971
1977,23207,"s014","m1",-0.0723504589718913,0.415665091897594,0.13898853034031,-0.371724040585924,-0.449797302198214
1978,23211,"s014","m1",-0.0614741508109332,0.46340390419515,0.189763915031509,-0.387465131019684,-0.38161873884621
1979,23221,"s014","m1",-0.00732566198078559,0.455016305689184,0.178029679872329,-0.277279490439538,-0.835216080466707
1980,23224,"s014","m1",-0.101925788827998,0.416276313005399,0.164329251703588,-0.313345919670608,-0.18138616130633
1981,23228,"s014","m1",-0.0388895620359081,0.486633693462653,0.134228397312967,-0.379017238651199,-1.05885419873384
1982,23234,"s014","m1",-0.0745046748096368,0.350656452523374,0.0719926366250383,-0.523128209324524,-0.810442729132101
1983,23241,"s014","m1",0.0160020766470463,0.472185968624267,0.205472995262761,-0.321248611963089,-1.04080671304081
1984,23244,"s014","m1",-0.0607047868074251,0.431812739429458,0.159120196590018,-0.376841472528134,-0.939100251859222
1985,23249,"s014","m1",-0.116375373179841,0.367922971562946,0.0524588413002364,-0.519813150120525,-0.613429310430844
1986,23250,"s014","m1",0.0147522986929976,0.53521931975803,0.245119833121938,-0.193303045692189,-1.40008134254252
1987,23265,"s014","m1",-0.0247990593213123,0.449702742478491,0.240384268172248,-0.499271317361208,-1.67884032391488
1988,23284,"s014","m1",-0.203236023466569,0.315035353188499,0.0902246485652454,-0.597135799992505,0.212384755631807
1989,23294,"s014","m1",-0.100000630743506,0.388486185119027,0.107078019288261,-0.468465040977313,-0.282109709742083
1990,23298,"s014","m1",-0.0501423091315391,0.464334867610164,0.216928455510271,-0.305045934340851,-1.14473305646467
1991,23316,"s014","m1",-0.0529184080372743,0.388352640714815,0.0206445474100257,-0.379308932051984,-0.644371631138719
1992,23318,"s014","m1",0.0579224473761531,0.534317848426208,0.321204320477048,-0.230165016885038,-1.53584502241954
1993,23319,"s014","m1",-0.131956393958478,0.348549191805016,0.0435280718289156,-0.30855750888804,0.674920601001041
1994,23343,"s014","m1",0.0258885608312927,0.46208578627584,0.27089099696274,-0.264951451320636,-1.30542955115528
1995,23346,"s014","m1",0.0373261905479758,0.498820318289648,0.238629102796973,-0.175580789409851,-0.890672919811188
1996,23358,"s014","m1",-0.0682417020345216,0.407866268889266,0.0764557799436251,-0.350444370560544,-0.770707874795805
1997,23367,"s014","m1",-0.0889774005776933,0.41142621315991,0.218916199439179,-0.41727167856031,0.364013955805302
1998,23371,"s014","m1",0.0580530974619972,0.465947555587596,0.261234253031365,-0.174170703770952,-0.748467584202102
1999,23389,"s014","m1",0.0491853688574575,0.511089548097732,0.292339887812574,-0.185958515354094,-3.3479193544955
2000,23407,"s014","m1",-0.101159958960342,0.426770179575019,0.190554891006277,-0.370140998221086,-0.0287185538680265
2001,23422,"s014","m1",-0.10107821378481,0.425425105199152,0.20134085347641,-0.420949353695675,-0.138186447947758
2002,23426,"s014","m1",-0.022296066979975,0.492916332609123,0.15335859074483,-0.362998378174907,-0.456161867647385
2003,23428,"s014","m1",0.00250889226153274,0.492614837475571,0.157336944162943,-0.243563876336058,-0.582734383024165
2004,23446,"s014","m1",-0.0733450412132629,0.456515864460728,0.204202166589868,-0.29092150131218,-0.795264827863967
2005,23469,"s014","m1",-0.111485698744658,0.426925648866392,-0.0170668102064659,-0.328223365724408,-0.375150703680516
2006,23472,"s014","m1",0.107256459707926,0.549684646922641,0.387977956125738,-0.0606264364127257,-1.44797605016584
2007,23474,"s014","m1",0.0138004540098361,0.496060485817103,0.176421831958596,-0.160092643700092,-0.586200360191129
2008,23483,"s014","m1",-0.0297679765680787,0.471111478862993,0.185320702955443,-0.548591579135657,-0.723170588234773
2009,23486,"s014","m1",-0.00340872075326453,0.508118288653864,0.204424489704442,-0.317155727014212,-1.18869550885053
2010,23504,"s014","m1",0.092338588037075,0.490791518250105,0.135450590198392,-0.163693739013729,-2.22197546008999
2011,23517,"s014","m1",-0.0443734278047013,0.377321417889923,0.0765367473178674,-0.535168346879469,-0.134922795349549
2012,23518,"s014","m1",0.0754971719379316,0.45796204539832,0.259436207173943,-0.267271081047032,-1.12099954094447
2013,23519,"s014","m1",-0.0222399166151337,0.416984026861211,0.2089622327565,-0.305134325403319,-0.925545182250865
2014,23522,"s014","m1",-0.00589207647292698,0.491173833029488,0.257358548612171,-0.430551827881454,-0.788264305331234
2015,23539,"s014","m1",-0.0458618933511155,0.414796257753053,0.25817069582015,-0.463332091734052,-0.0523312675269831
2016,23545,"s014","m1",-0.159251835403218,0.374322069052186,0.0739097813197105,-0.599563361017522,0.178599415578094
2017,23547,"s014","m1",-0.0579410235278324,0.433355121921466,0.119251731463202,-0.293017145997023,-0.238214861683988
2018,23574,"s014","m1",-0.0673650298324155,0.4036661700641,0.175107628908619,-0.497794639208014,-0.377989519760201
2019,23582,"s014","m1",-0.0591479054954597,0.456887167672873,0.132931650119936,-0.135187654690878,0.0242116358587566
2020,23588,"s014","m1",0.00693655642866598,0.436090470052263,0.168707872165911,-0.354753565365108,-0.969893264177164
2021,23606,"s014","m1",-0.128158024063797,0.441649388900579,0.098349518378773,-0.439484817801816,-0.512133818253512
2022,23619,"s014","m1",-0.0713876163785211,0.44521715390968,0.218983138938064,-0.323898657025549,-0.0820771326688325
2023,23621,"s014","m1",-0.0639834081475553,0.523035993362534,0.266760397371966,-0.377283534204095,-0.767439612363113
2024,23625,"s014","m1",0.023230205990791,0.450198501900333,0.209364344704712,-0.248934455656795,-2.02710982530545
2025,23650,"s014","m1",-0.054465043869774,0.470536870242426,0.243456502197025,-0.295421461254519,-0.692515010931404
2026,23657,"s014","m1",-0.0548679712530751,0.463810441258124,0.206988898298214,-0.350481749992112,-0.489605255577239
2027,23658,"s014","m1",-0.0581220816791967,0.489557327462694,0.180651226768518,-0.215961157053748,-0.731436096286127
2028,23671,"s014","m1",0.0564478552772651,0.504291801230531,0.204655314383683,-0.146372557854352,-1.81090571891132
2029,23683,"s014","m1",0.00948802321357765,0.503016439367598,0.247305659748536,-0.291514337080211,-1.25438065147076
2030,23684,"s014","m1",-0.000526501917733763,0.455402547394707,0.182544383511805,-0.436542315701677,-0.427977406377959
2031,23690,"s014","m1",-0.0347891220140328,0.44171247500718,0.175488220756694,-0.477847678268422,-0.10001302379705
2032,23705,"s014","m1",-0.0666334151899931,0.436622007271854,0.159801120911446,-0.396610936253124,-0.0170648920112291
2033,23717,"s014","m1",-0.102007586413282,0.462727376030522,0.160724040558747,-0.359502683604496,-0.655185062135283
2034,23724,"s014","m1",-0.108233794776698,0.376884173918873,0.0516414064243968,-0.598746912873157,-0.329236130454374
2035,23760,"s014","m1",-0.02206844660272,0.469156980589264,0.0910337304552562,-0.419802836304771,-0.640189711542389
2036,23787,"s014","m1",-0.134701548326083,0.351825839271183,0.104980577081023,-0.709399869452832,0.193346725811701
2037,23820,"s014","m1",-0.0132672770714435,0.484976424991294,0.122502073379401,-0.211386249300836,-0.637221915200987
2038,23823,"s014","m1",0.00653795331502193,0.469509338611693,0.175049004862155,-0.460779137937387,-2.17354196446095
2039,23843,"s014","m1",-0.0980805959677707,0.408138897180729,0.0685366070993493,-0.375931782844981,-0.828841311615306
2040,23870,"s014","m1",-0.0900452045479643,0.457835897319438,0.205299070091535,-0.342031907663899,-0.532220048036848
2041,23871,"s014","m1",-0.0544961495017285,0.468354148867753,0.29387761023325,-0.176163659509269,-0.219493494937883
2042,23875,"s014","m1",-0.143384165073929,0.387063907090409,0.0545576099010477,-0.445318400225536,-0.163775428404213
2043,23888,"s014","m1",-0.0335775114461524,0.534005586247055,0.274293813013544,-0.167571444664726,-1.0603986489116
2044,23909,"s014","m1",-0.0881399137188556,0.403775283155769,0.102829095542343,-0.460928731591285,0.182290552284802
2045,23919,"s014","m1",-0.149199056407013,0.428314657760882,0.0760446939869901,-0.5911201114787,-0.301262997245514
2046,23942,"s014","m1",-0.0321311057137899,0.490179873404981,0.224896469286492,-0.493732518143048,-0.665417176070017
2047,23948,"s014","m1",-0.157686681650574,0.359187303711359,0.062458667146726,-0.36041097017875,0.424169234784717
2048,23972,"s014","m1",-0.0265129047301707,0.490961222122744,0.254839850295193,-0.393827686378673,-0.764024734375817
