"draw","source_draw","id","assumed_model","alpha_0","alpha_1","nu_0","nu_1","tau"
1,3,"s084","m1",0.697857335299953,0.454963132062781,-0.597746391828524,-0.352982853160121,-1.62828045809554
2,17,"s084","m1",0.702598330401295,0.405725580615759,-0.459946111970212,-0.200648522587401,-1.73019284866078
3,20,"s084","m1",0.67402464207842,0.341684817484646,-0.624306286816255,-0.261524414898274,-0.780487006927599
4,25,"s084","m1",0.731481627682785,0.355586226770521,-0.636000545519084,-0.227711605019495,-1.09773754555131
5,30,"s084","m1",0.687067221117183,0.328551156316517,-0.691440097068818,-0.243931285672006,-1.40236149159605
6,43,"s084","m1",0.693234581100492,0.438026606262785,-0.496726968884886,-0.162481952584471,-1.09021503759221
7,44,"s084","m1",0.712197315401609,0.431120691338726,-0.527212139366265,-0.262643394393011,-2.06170182157271
8,64,"s084","m1",0.666888858271763,0.326972615162197,-0.573428107732036,-0.236833295802502,-0.604507367476071
9,79,"s084","m1",0.64280433126694,0.285429217687887,-0.578087127368243,-0.439329684508993,-0.166405569518783
10,80,"s084","m1",0.62736256774822,0.351198569195057,-0.604828427818378,-0.312724700058681,-0.248222886666461
11,93,"s084","m1",0.625929178682532,0.379067548868988,-0.581091390590242,-0.333144397963206,-0.490425262939877
12,96,"s084","m1",0.695856572260678,0.36635444696517,-0.678354208673231,-0.250197600542601,-1.28920410993903
13,98,"s084","m1",0.695927982089041,0.372593594156055,-0.661332672940436,-0.234349824693617,-0.652006040924487
14,105,"s084","m1",0.726333445467474,0.436206098233289,-0.489476079766429,-0.20859710181297,-1.78500989889779
15,113,"s084","m1",0.623782818684774,0.361610324344913,-0.615299481606147,-0.257818039126462,-0.538100263654994
16,115,"s084","m1",0.588625552214023,0.298216871824246,-0.846429231127399,-0.339871404234824,-0.63835519523794
17,121,"s084","m1",0.614774429524553,0.309943058693126,-0.733863241683937,-0.230266178722844,-0.377951885159607
18,131,"s084","m1",0.626821413208324,0.307278984214655,-0.802462917238131,-0.378518464958665,0.0197178125860156
19,132,"s084","m1",0.679501449293908,0.40543309409152,-0.610901523387293,-0.336751076104456,-0.916632325407768
20,140,"s084","m1",0.675615856518532,0.344443122964404,-0.66867844324557,-0.23507575689207,-0.222179617658962
21,141,"s084","m1",0.668151132011107,0.338560544441247,-0.656949372443572,-0.21387904117605,-0.591760437497304
22,159,"s084","m1",0.631205155054055,0.367358074014911,-0.929021581391605,-0.364834805101014,-0.972066326088758
23,164,"s084","m1",0.615180443357722,0.345487021738668,-0.636632666605733,-0.283862291021902,-0.353345657692989
24,173,"s084","m1",0.61311552337466,0.368607293195515,-0.757820502594591,-0.250338695434583,-0.588746007668193
25,187,"s084","m1",0.636836806782616,0.382003508987856,-0.658266353388759,-0.260374431155898,-1.20916194978813
26,205,"s084","m1",0.687789149211581,0.372536468593725,-0.635644397548466,-0.3367344042902,-1.24386574930296
27,224,"s084","m1",0.755657124397045,0.438050946759055,-0.379336410504734,-0.131948717865487,-1.04218958211756
28,226,"s084","m1",0.617613771650804,0.333612055762407,-0.752179425774729,-0.385836251585692,-1.38882757307764
29,234,"s084","m1",0.673517586660652,0.328494368892542,-0.677042970556343,-0.267337610635264,-0.367601069381971
30,237,"s084","m1",0.690637287940921,0.428563582812767,-0.434068729468188,-0.140472109128213,-1.12440465517619
31,239,"s084","m1",0.692555379806532,0.369841182487114,-0.679321318450904,-0.261056968228319,-0.820884669189154
32,242,"s084","m1",0.702172410982556,0.347023658681503,-0.704417120141183,-0.115519010413079,-0.552483617721953
33,247,"s084","m1",0.710019710970273,0.401219938056586,-0.661798728764945,-0.167194790494662,-0.581832817703035
34,257,"s084","m1",0.657596765239806,0.356825121055343,-0.599083703517427,-0.304217132362989,-1.02024755353566
35,287,"s084","m1",0.729691595057044,0.414212087772996,-0.506199353881476,-0.238803467212741,-1.08683115824534
36,288,"s084","m1",0.667966545794563,0.414482060763402,-0.594297936971455,-0.273902189576534,-0.530793001151513
37,303,"s084","m1",0.677892971279539,0.263262769980738,-0.775151770338481,-0.358190376198376,-0.155463802897998
38,342,"s084","m1",0.794878208813697,0.441185962633261,-0.467854436433476,-0.222576353641756,-2.32487490817601
39,364,"s084","m1",0.727588558943786,0.374851267631321,-0.500398362119718,-0.260538929194432,-0.619114152190218
40,385,"s084","m1",0.696085814465679,0.401942899985241,-0.813656484174577,-0.335002775818027,-2.58758767943349
41,392,"s084","m1",0.587876045433706,0.335227848022934,-0.716795775440434,-0.436385230072116,-0.816315724735188
42,418,"s084","m1",0.678000084812059,0.381035006196355,-0.377460993543417,-0.116758325935688,-0.493083169050541
43,420,"s084","m1",0.641919360292208,0.317156643224741,-0.731212190360243,-0.388470385106776,0.115886727277999
44,432,"s084","m1",0.680935449145513,0.38900394093581,-0.536394040141708,-0.353410320299723,-0.576248745114439
45,438,"s084","m1",0.597943083981502,0.392312971035823,-0.609323249056023,-0.344073529269291,-0.624105570489465
46,442,"s084","m1",0.638429502491774,0.44188626690471,-0.67776492719877,-0.383831975230794,-0.839922443754903
47,443,"s084","m1",0.741297911474191,0.460711531815407,-0.419232004075992,-0.156984696923167,-1.41064136305141
48,447,"s084","m1",0.666917067262115,0.395690637599773,-0.726296705869661,-0.206779558649668,-1.09606149838223
49,462,"s084","m1",0.666396637108122,0.345481420374134,-0.453749213747179,-0.396707066631132,-0.556229617173403
50,470,"s084","m1",0.622348827846529,0.37257911157377,-0.679294567421111,-0.297499202725134,-0.349738216444191
51,495,"s084","m1",0.672540372083725,0.404169588996189,-0.658974433495585,-0.345716548396723,-1.54754499365131
52,497,"s084","m1",0.643287719865487,0.357908304773972,-0.464765911851864,-0.252570457519569,-0.0469393282995136
53,519,"s084","m1",0.730231294627857,0.439472320491494,-0.566617176625565,-0.134293862148763,-1.31694083188966
54,522,"s084","m1",0.711378635895819,0.34701388199423,-0.721431139140654,-0.294350854606295,-0.461736673354139
55,525,"s084","m1",0.674539675580856,0.393516547755871,-0.550279579309942,-0.327806591939289,-1.56663614088807
56,530,"s084","m1",0.601221052203908,0.33791819601483,-0.787250141216174,-0.310189528978225,-0.675737155797899
57,540,"s084","m1",0.682331039952715,0.376712538791462,-0.645275845542578,-0.164648091875849,-1.42391128082684
58,544,"s084","m1",0.606944312834459,0.291966818927176,-0.7906850120162,-0.288873167332162,-0.470181828451601
59,556,"s084","m1",0.716610898866291,0.427451063687759,-0.402808004255641,-0.212536343066166,-1.08761767276279
60,597,"s084","m1",0.660503080180433,0.344151586324565,-0.562720933245145,-0.217668458855225,-0.629462358554887
61,603,"s084","m1",0.694325844501992,0.38246917724849,-0.604182174200689,-0.240279908436538,-0.649540460373779
62,616,"s084","m1",0.6508517232726,0.339039472955078,-0.642593133440131,-0.37375480789491,-0.469684123783596
63,637,"s084","m1",0.557758638000128,0.262241936477719,-0.925515881773187,-0.459844764640061,0.206222314284937
64,646,"s084","m1",0.653830406578838,0.312973111680643,-0.831105011720888,-0.321320145033013,-0.615830586086986
65,672,"s084","m1",0.679998205947433,0.333000837455334,-0.576886695127423,-0.168141395614327,-0.450506276083351
66,676,"s084","m1",0.626063376622581,0.379686774930949,-0.645432553415437,-0.299021768308523,-0.652602628329565
67,698,"s084","m1",0.636974012102485,0.32659030648935,-0.674646908185377,-0.251410078856221,-0.224516853479524
68,700,"s084","m1",0.720484446400841,0.437444556008877,-0.511227506467044,-0.219323412278981,-0.623425362639842
69,704,"s084","m1",0.729246506765235,0.394631702029345,-0.721130635790658,-0.222341491319283,-1.64438875055497
70,705,"s084","m1",0.705073039131591,0.393976236513001,-0.470361528765779,-0.16652765973123,-1.28073078758116
71,711,"s084","m1",0.655619056740361,0.393283924009391,-0.571171953206816,-0.296946672322753,-0.848388633754393
72,713,"s084","m1",0.547423658836192,0.322955776627109,-0.901512792813645,-0.304444464570318,-0.0551633805754635
73,715,"s084","m1",0.661641036218125,0.295687198050559,-0.782846647194952,-0.28353499128098,-0.135358185650256
74,722,"s084","m1",0.771803116841001,0.450425398436083,-0.515361041211265,-0.0458868836157266,-1.04647673724368
75,739,"s084","m1",0.701175909877639,0.419797645370238,-0.371375356873964,-0.167015206391214,-0.943531004744596
76,773,"s084","m1",0.618497381508836,0.35753580968542,-0.548912164433377,-0.207483766507714,-1.15069566132751
77,786,"s084","m1",0.694256810105035,0.316930458873837,-0.61047643173701,-0.174757908963454,0.131857828222371
78,788,"s084","m1",0.678903844712086,0.322446577377747,-0.520758389175711,-0.234725491126456,-0.760503328433813
79,813,"s084","m1",0.692715785725975,0.392211000933148,-0.531815334446237,-0.314841026231028,-0.757808308005197
80,815,"s084","m1",0.641128056087146,0.30406347169846,-0.728205498861235,-0.29517773407263,-0.31276622087235
81,819,"s084","m1",0.732283289431361,0.490350686425669,-0.442435822936154,-0.158252265866714,-2.20934840818084
82,820,"s084","m1",0.73551678128938,0.364296912641088,-0.548406756703615,-0.222563666015794,-0.88868537914911
83,824,"s084","m1",0.77785858107075,0.436057936603113,-0.505240645941875,-0.194497005902778,-2.89432151865457
84,838,"s084","m1",0.600733692777349,0.344245542250701,-0.706778194875045,-0.331000750845818,-0.123213987407083
85,846,"s084","m1",0.694681457446857,0.345995760539813,-0.506245330841257,-0.219871452816107,-0.388945534859543
86,853,"s084","m1",0.695453845743657,0.407446999404593,-0.508176379998036,-0.207807062893593,-1.1623931190381
87,855,"s084","m1",0.714139845082742,0.339445899627135,-0.74917288284302,-0.172605798322775,-0.963029338736108
88,867,"s084","m1",0.69208665352213,0.425765931579293,-0.432133583416687,-0.190973011669647,-0.869034255196102
89,868,"s084","m1",0.6872007764357,0.283113857279941,-0.722724404358878,-0.25697158874356,-0.508063776805083
90,870,"s084","m1",0.722697689901808,0.470302020989351,-0.491170594622422,-0.26053574321293,-2.06216222677145
91,908,"s084","m1",0.679233481564529,0.376387547198081,-0.51644564122381,-0.218379072070799,-0.77673634511044
92,910,"s084","m1",0.629228532741573,0.344602571291285,-0.701680624435766,-0.31404576383434,-0.5226691064756
93,930,"s084","m1",0.633755729144064,0.32578416153763,-0.543166371275563,-0.337005511152627,0.14339061483205
94,951,"s084","m1",0.804346687681086,0.368443766639572,-0.364963518039904,-0.0799410554413135,-1.60043230790534
95,954,"s084","m1",0.703967893612457,0.437552596351697,-0.673986399183651,-0.163326433354072,-1.13429849941946
96,960,"s084","m1",0.71494267158216,0.425390024666303,-0.458732653121152,-0.339869231984633,-1.52481626260987
97,963,"s084","m1",0.735608514425506,0.417122063655551,-0.404110875295257,-0.162837294186461,-0.565233252907524
98,964,"s084","m1",0.670101092917862,0.337720420228375,-0.42144368481558,-0.412275881170789,-0.88745711474685
99,976,"s084","m1",0.668109220015459,0.302061314401079,-0.699311137591024,-0.255362565748376,-0.16583575831779
100,978,"s084","m1",0.635227109058916,0.271692795690991,-0.680421595809962,-0.363413723414834,-0.231383394935952
101,982,"s084","m1",0.636058049832037,0.339381322248572,-0.79719620865762,-0.320566780184237,-0.156285435070778
102,984,"s084","m1",0.714200275419335,0.444521943768275,-0.664190531768425,-0.255111188832081,-1.24198750616497
103,985,"s084","m1",0.616230736623484,0.294180526653669,-0.765599666007219,-0.371207090094991,0.062604987883174
104,1015,"s084","m1",0.69733344967995,0.359060959329829,-0.603552478177015,-0.288201234082373,-0.402510521962328
105,1020,"s084","m1",0.680835107482541,0.388763612566196,-0.847962426445646,-0.331037137537784,-1.39495647945265
106,1057,"s084","m1",0.660861039932038,0.326294876063056,-0.628589294986287,-0.326408646427308,-1.11156783031306
107,1085,"s084","m1",0.66583312524716,0.387144270570018,-0.730016758111681,-0.157666816994513,-1.01105298274073
108,1089,"s084","m1",0.737527230193759,0.468431608270737,-0.597314869456905,-0.143839778560105,-2.15615670766454
109,1094,"s084","m1",0.676169750716946,0.382446664379102,-0.544113633754097,-0.267755371472665,-1.24071842175729
110,1103,"s084","m1",0.542973355932687,0.214301548622888,-0.750834359428473,-0.377159916158938,0.313672830129351
111,1107,"s084","m1",0.637024672898757,0.353966099916544,-0.741632467989148,-0.301832569875338,-1.35235314456148
112,1113,"s084","m1",0.708773378208427,0.427426833681541,-0.499369458286166,-0.264773444992909,-1.16295326496927
113,1125,"s084","m1",0.680451030121189,0.41411415945099,-0.5458371934395,-0.164099443507032,-0.620120303390291
114,1134,"s084","m1",0.658401528209174,0.366030082401466,-0.409849547001502,-0.273230620679122,-0.586027059571029
115,1139,"s084","m1",0.64613800437836,0.340738797599876,-0.846114624084434,-0.301840664270833,-0.989031178303077
116,1144,"s084","m1",0.743036864546444,0.39568235755902,-0.515452770720985,-0.239466387704319,-1.52314154480256
117,1146,"s084","m1",0.652125823935116,0.44172735235983,-0.565271368859943,-0.141462713369128,-1.15660385820874
118,1147,"s084","m1",0.708294623266975,0.353394354050407,-0.568593868069624,-0.283772343858223,-1.34350680189868
119,1159,"s084","m1",0.689741303011644,0.428680920629432,-0.439425713616093,-0.17265505974138,-1.16142549074839
120,1167,"s084","m1",0.702177522292002,0.325213781212328,-0.615164757259594,-0.260661836691191,-0.336886374910112
121,1219,"s084","m1",0.609543885071991,0.280248958186277,-0.919305881045204,-0.334481022559733,0.0780999516569557
122,1222,"s084","m1",0.708344563751218,0.3964174797704,-0.588310812519543,-0.267598876951052,-0.183992330856523
123,1251,"s084","m1",0.711135799970053,0.445092289642158,-0.534506431744286,-0.212221078506173,-2.0555898715125
124,1263,"s084","m1",0.724606052143069,0.370776808157294,-0.481322668575624,-0.212046275274691,-0.618419786324945
125,1305,"s084","m1",0.608290592327463,0.288919454100459,-0.668338391006381,-0.298282460087408,-0.436863570179786
126,1322,"s084","m1",0.675787085020389,0.44317552160462,-0.567888888994857,-0.255785173597272,-1.51645723433407
127,1327,"s084","m1",0.696408206364043,0.398103375381819,-0.696700022660212,-0.295671419892307,-1.15278559677079
128,1330,"s084","m1",0.689529748446163,0.41244365966811,-0.520585949690204,-0.122254642420565,-0.0904495056782064
129,1353,"s084","m1",0.718330480681248,0.418265143560603,-0.617596079630682,-0.274150919387557,-2.08791969236278
130,1395,"s084","m1",0.710973261080658,0.406969521320974,-0.54409023846992,-0.17472037555444,-0.603173184004252
131,1401,"s084","m1",0.659688147562813,0.290866582523134,-0.786474610485867,-0.250874206625454,-0.240386617082059
132,1403,"s084","m1",0.703586034056389,0.339851475437417,-0.722953088750566,-0.255275935421943,-1.78485028126777
133,1426,"s084","m1",0.732050422521463,0.383746166175987,-0.623784395987325,-0.22743369079126,-1.1239182802774
134,1438,"s084","m1",0.601068424218234,0.229957598600429,-0.856166801488364,-0.403502134626612,-0.240984130591942
135,1442,"s084","m1",0.59446451765826,0.34760507558612,-0.675048664609418,-0.273223636864473,-0.67105687825339
136,1452,"s084","m1",0.636437403229045,0.350540830878782,-0.666976698788315,-0.353081001115755,-0.0582247521354175
137,1478,"s084","m1",0.751926758209472,0.440532073006913,-0.410116725965316,-0.2747358684645,-2.04211456149306
138,1490,"s084","m1",0.678851377679743,0.382973424468318,-0.581503354883064,-0.267304959575321,-0.253605724226021
139,1514,"s084","m1",0.725318795161431,0.402136110364325,-0.594212610400801,-0.275436694454996,-0.494521452096262
140,1522,"s084","m1",0.756041778583542,0.36293432492124,-0.423841081448709,-0.125420562396174,-0.553497009705051
141,1533,"s084","m1",0.640784590281353,0.311439231049156,-0.760781468565792,-0.315527583445868,-0.293212633028217
142,1548,"s084","m1",0.717278007028025,0.390752882754996,-0.522405234077146,-0.0811917483394733,-0.560097101910817
143,1580,"s084","m1",0.656715473675649,0.357547586682167,-0.699205791993307,-0.35671321862844,-1.03370271458729
144,1621,"s084","m1",0.713701899823076,0.301597770925658,-0.692744338961663,-0.304614590017662,-0.813061076249092
145,1628,"s084","m1",0.684703589120688,0.409272290776815,-0.500619069355543,-0.245068911031484,-1.61544613051258
146,1631,"s084","m1",0.640262006477398,0.278473663642103,-0.771044410245766,-0.347427931937289,-0.164513990913352
147,1639,"s084","m1",0.720939792309472,0.336747969231637,-0.51438429445419,-0.121019939526737,-0.892425441322591
148,1653,"s084","m1",0.714817397034694,0.435612993294897,-0.445592357979752,-0.233636285686218,-1.85396216576876
149,1659,"s084","m1",0.607940845063108,0.327483507510286,-0.848670003100568,-0.253137791575311,-0.408719678212845
150,1671,"s084","m1",0.627404842496481,0.291725592029312,-0.720404095117825,-0.406276966800599,0.0576483901978721
151,1690,"s084","m1",0.697971083368479,0.353619303986106,-0.71179813277549,-0.310224436335776,-0.556990871817683
152,1692,"s084","m1",0.719750541303885,0.431305645648221,-0.462982705061616,-0.177946226819001,-1.40894780156867
153,1700,"s084","m1",0.670892201797321,0.356945640798368,-0.494960202280975,-0.331114740580702,-0.202233566688937
154,1703,"s084","m1",0.62987040094814,0.347427468098503,-0.774702770134737,-0.350247544814479,-0.478670000820536
155,1741,"s084","m1",0.625480718349437,0.300420846663771,-0.647042219515481,-0.223491515803044,0.333490522600739
156,1751,"s084","m1",0.665354373997414,0.24233154370535,-0.663144613038193,-0.376824564707557,-0.0212138334000187
157,1755,"s084","m1",0.63771891315866,0.401283617858554,-0.691875770302842,-0.299481843362278,-1.99006770419354
158,1757,"s084","m1",0.721662903602857,0.355033448647094,-0.682883477426658,-0.338331450589452,-0.66106039071434
159,1762,"s084","m1",0.65275686926898,0.329975452829648,-0.706092770139209,-0.414687438190027,-0.0649042248239333
160,1810,"s084","m1",0.681487809558954,0.461301768234109,-0.464401904545442,-0.177353527716799,-0.954217575300656
161,1828,"s084","m1",0.756695513078042,0.409446630500981,-0.514955096869121,-0.052950791573652,-2.1195054037742
162,1861,"s084","m1",0.655149295783117,0.332060787260949,-0.597369517228908,-0.24770333192807,-0.433755489262113
163,1866,"s084","m1",0.604411230335719,0.360927990343835,-0.767062973144519,-0.385526440030379,-0.944100691547665
164,1875,"s084","m1",0.659003876216865,0.353896847981558,-0.581976777572745,-0.319994604500834,-0.485372166480418
165,1877,"s084","m1",0.664216304728446,0.330440356017397,-0.72791324350599,-0.42390504505283,-0.640492152912502
166,1878,"s084","m1",0.659051867499741,0.346034437174174,-0.547785963196687,-0.41641115125206,-0.762028956481342
167,1880,"s084","m1",0.650860914995969,0.334846023452704,-0.818153961805859,-0.378538549070793,-1.29917901023984
168,1881,"s084","m1",0.609923476907812,0.353356344989642,-0.818272697401013,-0.299621921438636,-0.0491487819677317
169,1894,"s084","m1",0.690453839112485,0.423128602358245,-0.49780373726723,-0.212751988077579,-1.55547798008119
170,1898,"s084","m1",0.728637260713855,0.39104866193287,-0.653700023989821,-0.164712032595193,-1.04065680713021
171,1900,"s084","m1",0.657736296263776,0.342806883920757,-0.647718546431334,-0.284713801526356,-0.708899422431089
172,1909,"s084","m1",0.629432995910699,0.38055741155673,-0.760424940750197,-0.254791689032853,-1.11247640990932
173,1932,"s084","m1",0.668526166161195,0.347538339408703,-0.654810821900471,-0.32009342814686,-0.64038055007346
174,1938,"s084","m1",0.681451651394445,0.400680443276017,-0.555867695762188,-0.213963081487307,-0.641506199677115
175,1939,"s084","m1",0.743772748137466,0.422506634474715,-0.432903005107015,-0.302707147231967,-1.59747512344555
176,1967,"s084","m1",0.602294114640023,0.341913160592897,-0.676305281258544,-0.339916482762829,-0.520861087068871
177,1979,"s084","m1",0.779231880684436,0.421276795556373,-0.5494323937008,-0.214004958057298,-1.84062229234418
178,1987,"s084","m1",0.732845696615169,0.372028620465539,-0.5159677632629,-0.274657452492545,-1.02939811434204
179,2033,"s084","m1",0.686412108327732,0.326071174696082,-0.7435340170212,-0.22666312898372,-0.46436856973174
180,2039,"s084","m1",0.645656467139076,0.36771836725605,-0.646828229994482,-0.170404895117773,-0.484289268424869
181,2057,"s084","m1",0.646634535608887,0.332541478046053,-0.700804023818341,-0.294798282074849,-0.487365008645396
182,2061,"s084","m1",0.707541716083602,0.37067849389935,-0.713992647766402,-0.193354087249844,-1.03084038006093
183,2075,"s084","m1",0.68064565533979,0.430069202576852,-0.474016671682513,-0.212625563194638,-2.04568875535081
184,2077,"s084","m1",0.753700809978254,0.419503427879257,-0.482708660932962,-0.162492613081232,-1.90855397157779
185,2082,"s084","m1",0.651735917427473,0.357226290995488,-0.718771700487664,-0.275116360839999,-0.163534221631057
186,2089,"s084","m1",0.592277035974988,0.375425483160502,-0.769501657752682,-0.293322389788135,-0.98733213996178
187,2094,"s084","m1",0.661514454218162,0.39830708952557,-0.636592857003592,-0.275057399371226,-0.895103947033191
188,2106,"s084","m1",0.69943278681754,0.32736882933808,-0.662575298087058,-0.199180306237048,-0.682558187870162
189,2114,"s084","m1",0.623564537189292,0.273917759735977,-0.85143428431777,-0.337374744898573,-0.000699398591824531
190,2142,"s084","m1",0.650831251325626,0.382054350226667,-0.547387747594275,-0.250017576971228,-0.298909763275865
191,2143,"s084","m1",0.637767853609963,0.341891909925854,-0.499978922662158,-0.347097698416838,0.129567347809613
192,2165,"s084","m1",0.542530357594211,0.265887588505886,-0.799468643984906,-0.330464104035615,0.128882861996139
193,2208,"s084","m1",0.722433909443423,0.35833400898165,-0.60218340183393,-0.242042450776419,-1.62836454958585
194,2223,"s084","m1",0.609455313241301,0.330829021891257,-0.755698402172406,-0.354694912098911,-0.514125748780208
195,2248,"s084","m1",0.696626899999109,0.399789645253845,-0.661259765465783,-0.259314588496922,-0.956491348120759
196,2255,"s084","m1",0.631224512164783,0.415034725818231,-0.712076940308684,-0.266113533783125,-2.97716901114974
197,2269,"s084","m1",0.677831931792755,0.399043355628508,-0.657575895313987,-0.201627091494946,-0.842417536739702
198,2297,"s084","m1",0.756220238014579,0.416454198949401,-0.314977330041728,-0.160070296928851,-1.26750021709824
199,2298,"s084","m1",0.698360439543081,0.408856175044962,-0.450534529184718,-0.272708851325585,-0.344487697244761
200,2305,"s084","m1",0.627191240854373,0.288107618953022,-0.618721498317929,-0.395964745795919,-0.309146416383102
201,2322,"s084","m1",0.719193287257266,0.434328821438171,-0.687856974217822,-0.242085627832083,-1.0796212357886
202,2323,"s084","m1",0.674137635808218,0.332571774862571,-0.582553105829483,-0.187167246030945,-1.13632157517989
203,2326,"s084","m1",0.712126407386661,0.347663157627375,-0.614075583762737,-0.308117425679349,-2.45561017287119
204,2328,"s084","m1",0.689534392030361,0.330333004011711,-0.652120340380508,-0.246215801780978,-1.31175217889886
205,2333,"s084","m1",0.652444695359989,0.330603625058591,-0.871341841014602,-0.267195314127051,-0.553877661498337
206,2341,"s084","m1",0.605045116001023,0.363807489964279,-0.641370156975657,-0.321664774373606,-0.713626869146385
207,2345,"s084","m1",0.705526527371089,0.419626997746442,-0.494575302219322,-0.210166847519189,-0.712347142626914
208,2350,"s084","m1",0.594149692871578,0.315800805332723,-0.762990910874914,-0.373823400079509,-0.0933505352958836
209,2352,"s084","m1",0.621181235134048,0.388736349008316,-0.791680551967072,-0.213393659077144,-1.08963905113994
210,2357,"s084","m1",0.595836123849921,0.359990755660979,-0.792191428128883,-0.281497615502707,-1.27128046011284
211,2360,"s084","m1",0.685711131458962,0.399669585223475,-0.551184857254866,-0.232916850073778,-1.93471991141287
212,2366,"s084","m1",0.746426422759384,0.382191668299174,-0.514610773075828,-0.228925992722086,-1.16457455076531
213,2418,"s084","m1",0.638366633470704,0.379098787438465,-0.687539727832883,-0.190065704025338,-0.592390974969939
214,2428,"s084","m1",0.653476172832755,0.340913904063402,-0.614797184069753,-0.302578660139172,-0.102498208319838
215,2429,"s084","m1",0.690887128205072,0.381377980656566,-0.704982132141325,-0.291720675621838,-1.14557168598592
216,2435,"s084","m1",0.614894591722661,0.383579606776603,-0.590520552902672,-0.327185681166719,-0.720463504632431
217,2450,"s084","m1",0.621725527455964,0.30857918628749,-0.687021130123078,-0.325858397106336,0.232626463445872
218,2465,"s084","m1",0.629030674214806,0.327449391916122,-0.692741469522937,-0.281385849426905,-0.0594479736284155
219,2466,"s084","m1",0.651050348982169,0.354693429704979,-0.635068544434231,-0.31330847431783,-0.600652751176079
220,2495,"s084","m1",0.653975342391926,0.302241748034902,-0.693392887493706,-0.180256995197124,-0.053084355460186
221,2503,"s084","m1",0.606918896134272,0.320794123561175,-0.663664428452297,-0.435780311089208,-0.377424785850679
222,2507,"s084","m1",0.650872962033114,0.364958062876804,-0.745645791868286,-0.332647083668577,-1.53873740014812
223,2508,"s084","m1",0.757787568755414,0.397822716983755,-0.533233905871182,-0.127230404668013,-0.763318342992431
224,2514,"s084","m1",0.673495756561406,0.477088671178449,-0.625026683158261,-0.195415122226713,-1.40157985718688
225,2523,"s084","m1",0.710389221242987,0.354678147822904,-0.553515156705968,-0.199177282291694,-0.641048593292041
226,2535,"s084","m1",0.656461265556891,0.309213110903198,-0.684727820670849,-0.325753797959926,-0.400142967010691
227,2536,"s084","m1",0.720468405001408,0.42826595718669,-0.639299713680812,-0.324537480711261,-2.57326083464639
228,2566,"s084","m1",0.630833888049131,0.315867167692756,-0.603417624710457,-0.327980993974337,-0.370331793381968
229,2568,"s084","m1",0.69615281519146,0.361911249405706,-0.604350727768212,-0.327046414579609,-1.25386072903802
230,2582,"s084","m1",0.673735629168693,0.400331665127019,-0.676600409675859,-0.204940826779974,-0.527843540337639
231,2583,"s084","m1",0.740960269260903,0.431408597401534,-0.40349306645823,-0.152808612130567,-1.23920802642607
232,2587,"s084","m1",0.62327839938602,0.317981127317764,-0.810279384416723,-0.233790661963585,-0.67611235855348
233,2589,"s084","m1",0.673861275186837,0.327436716860548,-0.690751261650463,-0.184950892349868,-0.213009069621458
234,2594,"s084","m1",0.641553395837476,0.331730401422844,-0.662969396413733,-0.285265440755554,-0.178785319140032
235,2605,"s084","m1",0.64006238231675,0.344326072476405,-0.557158721623798,-0.287023536250579,-0.534579139450893
236,2607,"s084","m1",0.671203121624718,0.387479649967077,-0.567955927870063,-0.262754766186632,-0.421572403344057
237,2615,"s084","m1",0.672645281095572,0.393489722158598,-0.570188824453383,-0.197247507688694,-1.02508110010216
238,2620,"s084","m1",0.686219316144518,0.402169763839466,-0.563099608995654,-0.224897591498882,-1.11084907349241
239,2631,"s084","m1",0.630235307260356,0.392807131641304,-0.608024914832701,-0.293039933346242,-0.919397569320195
240,2640,"s084","m1",0.643773322706959,0.338578346997258,-0.639142220563127,-0.378626891777744,-0.248376906324052
241,2651,"s084","m1",0.732346726248126,0.410948962399447,-0.591674014405113,-0.183610778883064,-1.61495388016693
242,2691,"s084","m1",0.676967277663528,0.409853267490851,-0.553676270039655,-0.314430474264299,-1.59783527689118
243,2693,"s084","m1",0.658195195596725,0.374591463037685,-0.657088834960912,-0.244174402025901,-0.479356978501415
244,2702,"s084","m1",0.622070685066183,0.333262312597443,-0.848473689589273,-0.272804641408323,-0.151411482358995
245,2709,"s084","m1",0.683643568422696,0.35891098733034,-0.557795220065272,-0.344751197613891,-0.578111259665024
246,2726,"s084","m1",0.691416880241399,0.413245174602314,-0.58903029604288,-0.246251806666021,-1.05629077814787
247,2740,"s084","m1",0.626915964506406,0.338025399707917,-0.596530961184853,-0.321970959583432,-0.268300701486623
248,2743,"s084","m1",0.596156121999871,0.403772449239254,-0.721276419426015,-0.289247426826496,-0.710877437276011
249,2751,"s084","m1",0.665169744582915,0.402128781753978,-0.610563455294939,-0.312100383372247,-1.40952766088421
250,2769,"s084","m1",0.713253212769777,0.338744552506798,-0.498682791448994,-0.215714842917623,-0.238693048397647
251,2792,"s084","m1",0.564765139758047,0.271873265255593,-0.833969818609837,-0.371503998262871,0.181564622836941
252,2800,"s084","m1",0.707244695504398,0.381347460995835,-0.592812393793847,-0.258310297301631,-1.00343151341416
253,2814,"s084","m1",0.658594560021621,0.424235069586006,-0.825894517079612,-0.237799569513208,-1.14327025311113
254,2831,"s084","m1",0.69582558185211,0.397195606454152,-0.582237671364709,-0.257743808979486,-0.61009599781719
255,2834,"s084","m1",0.726318358936171,0.483422841044361,-0.473921069820764,-0.221110366653787,-1.80159419945318
256,2841,"s084","m1",0.703211496697506,0.417776680626812,-0.498312941822695,-0.231200743800583,-1.24821141356578
257,2844,"s084","m1",0.708722840153306,0.347453720589132,-0.523263431485286,-0.267769876172535,-1.1966865320911
258,2876,"s084","m1",0.668015443512585,0.394644328153888,-0.571138084591884,-0.232390884908705,-0.530360099052601
259,2884,"s084","m1",0.649397482009515,0.371986113383406,-0.449949193975842,-0.232709702332263,-1.18272820815158
260,2890,"s084","m1",0.600518468314034,0.281683622866005,-0.685428504516628,-0.363243653284449,0.319724619472872
261,2892,"s084","m1",0.674912524113943,0.380864479752563,-0.609947370291266,-0.269828894922691,-1.59757876611814
262,2897,"s084","m1",0.638323763994933,0.287761035612963,-0.890646793571651,-0.308982511771245,-0.18521751864797
263,2900,"s084","m1",0.662133094391289,0.293996353717078,-0.837948993982304,-0.261833712649134,-0.274917795077946
264,2915,"s084","m1",0.620575590624078,0.305940988877894,-0.85288235221923,-0.275786861354287,-0.678173891616296
265,2925,"s084","m1",0.640684945536347,0.342569746872526,-0.743347203157392,-0.277607562516688,-0.241000335704855
266,2928,"s084","m1",0.661373147088967,0.339756064655908,-0.745144861584337,-0.240303630408171,0.0613707507781476
267,2931,"s084","m1",0.629291430812045,0.327765661340485,-0.837988394952361,-0.290048618259854,-0.771780469159801
268,2933,"s084","m1",0.618166665173419,0.352467846606469,-0.654432113864325,-0.432889308851512,-0.029406768182772
269,2951,"s084","m1",0.699947825900116,0.341480566235713,-0.537493825000346,-0.192266547360613,-0.58470056237596
270,2967,"s084","m1",0.700199323660953,0.381159288043756,-0.668633569647237,-0.303429521752789,-1.29943184162489
271,2977,"s084","m1",0.729122243451637,0.40666382735359,-0.508946098735099,-0.0723695643657798,-1.0615884192893
272,2993,"s084","m1",0.701290844021352,0.345839800611132,-0.676686054380601,-0.307329218507386,-0.782427372625251
273,3036,"s084","m1",0.790122226920702,0.450209347577947,-0.361584565440194,-0.179925955085198,-1.85614948192768
274,3056,"s084","m1",0.652471338833123,0.378132434572712,-0.665427662702953,-0.360962603783186,-0.742041563789485
275,3062,"s084","m1",0.665392969068146,0.464176571789847,-0.596420951644015,-0.275611962162464,-1.28623111762483
276,3097,"s084","m1",0.74563634028813,0.444555065777651,-0.633791342380139,-0.112949634794889,-1.32305042284581
277,3127,"s084","m1",0.702622852159445,0.39604342503614,-0.443184718979632,-0.29863879746095,-0.742677954097419
278,3141,"s084","m1",0.676566242955308,0.350913929069901,-0.532895947757407,-0.205312457086695,-0.256499234268083
279,3142,"s084","m1",0.707343890321927,0.442398281990688,-0.534069133099894,-0.239379306597249,-0.648129912752412
280,3146,"s084","m1",0.67010008323917,0.382131876086513,-0.568379168904459,-0.356107111650921,-1.10349066097162
281,3147,"s084","m1",0.695528905625477,0.329365972482483,-0.675015716566549,-0.309277915100841,-0.544155610614014
282,3151,"s084","m1",0.670599927005004,0.357407888896856,-0.552276833256777,-0.289042768959673,-1.12498355608215
283,3154,"s084","m1",0.661091682586139,0.303239006613175,-0.716926994319809,-0.277217242726591,-0.193317550708299
284,3162,"s084","m1",0.666490509782598,0.351859584128977,-0.872876324636816,-0.252353508560301,-1.64221594319319
285,3165,"s084","m1",0.661661909676068,0.35002217843388,-0.739724018577302,-0.330091321784435,-0.313575115406888
286,3202,"s084","m1",0.633183111030993,0.327703352433607,-0.805950525525212,-0.312673432658832,-0.318353340402635
287,3220,"s084","m1",0.623155401255446,0.367114238572796,-0.680256795847663,-0.285978195003605,-0.362708385472105
288,3224,"s084","m1",0.659888843425516,0.377250705416907,-0.468822477774915,-0.274605606046942,-1.03314723565927
289,3256,"s084","m1",0.703730426664073,0.419428401563775,-0.491104376551162,-0.222014948940386,-1.16117167976586
290,3278,"s084","m1",0.713918410975728,0.378305800826594,-0.593149538782828,-0.273554468277287,-1.07068798537923
291,3283,"s084","m1",0.718610372189926,0.37716913753446,-0.379958370965958,-0.176207824920264,-0.718749716544187
292,3292,"s084","m1",0.62581921258768,0.286327306130129,-0.775502646924318,-0.198758176494323,0.176993527852707
293,3300,"s084","m1",0.728755300932814,0.467823302519886,-0.630896233978675,-0.173376846515543,-1.89171622832277
294,3314,"s084","m1",0.751063043651279,0.454244693341009,-0.417345079156922,-0.12203022844483,-1.80910315313541
295,3316,"s084","m1",0.663370478517264,0.344213643640592,-0.566098378657721,-0.235450543721812,-0.491155660803421
296,3329,"s084","m1",0.650899933525064,0.383319717169009,-0.717034413867421,-0.254384702191128,-0.532302852103048
297,3336,"s084","m1",0.654184028893551,0.320399157558601,-0.639498636025113,-0.239909149346176,-0.693635786934067
298,3345,"s084","m1",0.627991454576227,0.323977026866051,-0.651655221627898,-0.267784208798221,-0.684732845680062
299,3359,"s084","m1",0.761406738649473,0.360647668486083,-0.42993721421714,-0.223182649912785,-1.28836095955425
300,3380,"s084","m1",0.709661516794553,0.337754982369984,-0.426541809459428,-0.256991426583967,-0.190770826154476
301,3410,"s084","m1",0.703796995667116,0.382547796460927,-0.605223525874915,-0.237085503076363,-0.955592969809033
302,3423,"s084","m1",0.603918316493573,0.285563709983979,-0.618836646123511,-0.366532737218776,0.240386477657873
303,3425,"s084","m1",0.665205663917613,0.397643832264254,-0.583970476873387,-0.266202383418409,-0.481876658613087
304,3433,"s084","m1",0.778431436539814,0.481043372765999,-0.400383048279221,-0.138257311182997,-2.2717125511348
305,3440,"s084","m1",0.650196056991443,0.377158727544868,-0.644208995886194,-0.308899023366052,-0.562737674919936
306,3449,"s084","m1",0.67389264015771,0.331778479040912,-0.521778057926019,-0.223413985168999,-0.607938007230347
307,3460,"s084","m1",0.755027791877349,0.388495205965126,-0.473896516406745,-0.177332246158562,-0.412841243897
308,3472,"s084","m1",0.732399062766448,0.421851456859666,-0.580659128215649,-0.205181695836073,-1.41813446747406
309,3508,"s084","m1",0.614457144162271,0.31002228718511,-0.84411050459082,-0.274221979251899,-0.485754875856214
310,3514,"s084","m1",0.692500050737782,0.420307869923725,-0.754977247239772,-0.227623243176333,-1.47426315596417
311,3565,"s084","m1",0.715567050303578,0.421837814896712,-0.460853602865811,-0.325144409213042,-2.43260116690527
312,3584,"s084","m1",0.592922640663555,0.292366659577605,-0.698444541556218,-0.285317332826493,-0.133317103418432
313,3589,"s084","m1",0.685077897805995,0.347069886417703,-0.485868567899839,-0.346676523462299,-0.564690868230723
314,3592,"s084","m1",0.72411546627794,0.445276452344894,-0.616480119632036,-0.26896079318841,-2.08848280136559
315,3602,"s084","m1",0.736203849659954,0.372821488678315,-0.692188085847139,-0.271510592581205,-0.961134195491964
316,3607,"s084","m1",0.655521735030926,0.308849693861922,-0.712626632461476,-0.20469117809663,-0.156824239454126
317,3621,"s084","m1",0.688544375937155,0.3674996652283,-0.517792646373901,-0.266075363013513,-0.479406039407343
318,3628,"s084","m1",0.624222554608889,0.340836906573398,-0.727057305306917,-0.299708965206979,-0.770789954111382
319,3642,"s084","m1",0.681558545205352,0.348002751142446,-0.554259542306617,-0.248432594729713,-0.265596074260198
320,3645,"s084","m1",0.671741936907004,0.413575780741251,-0.681370418218646,-0.212911029179557,-1.06762548608761
321,3687,"s084","m1",0.664509711961101,0.231021037551113,-0.903963497480971,-0.309354502863479,0.0533130091706376
322,3697,"s084","m1",0.672368322949593,0.320124392503059,-0.747102934313368,-0.295596952875068,-0.678763002667137
323,3715,"s084","m1",0.633521626814241,0.366315226880429,-0.686375839141225,-0.363445319118228,-0.560778577126324
324,3750,"s084","m1",0.635533342572075,0.305432215362887,-0.66844434274598,-0.384095719034781,-0.465171742781736
325,3769,"s084","m1",0.695179494399141,0.378874677707086,-0.561013823168446,-0.228263090711517,-0.891388079820463
326,3779,"s084","m1",0.694237114533814,0.478167254406785,-0.572474169557115,-0.182245001159859,-1.40861522454809
327,3791,"s084","m1",0.671904302224157,0.377141599221801,-0.745355910868313,-0.320701218255809,-1.17700312153445
328,3795,"s084","m1",0.71105814259204,0.447578392504339,-0.562593692912171,-0.238881817000292,-1.87329141933658
329,3840,"s084","m1",0.690548541122245,0.404466947959916,-0.595230005145702,-0.187376545070279,-0.766563301812759
330,3847,"s084","m1",0.618425871135854,0.336717712958759,-0.540567034304963,-0.350047771926174,-0.122999263609486
331,3852,"s084","m1",0.717930523921725,0.403782971610195,-0.473547484844259,-0.20749081426447,-0.953402622541618
332,3861,"s084","m1",0.737773473112032,0.40077241079528,-0.697111209679743,-0.115754365188781,-1.31790001199429
333,3865,"s084","m1",0.725149026638025,0.384341703974402,-0.524807990591617,-0.20097528703486,-0.756395031580196
334,3875,"s084","m1",0.688641834099036,0.314065136311253,-0.4579814738076,-0.308189375372924,0.361049419661793
335,3876,"s084","m1",0.718329347695093,0.407545833720487,-0.576656872991094,-0.155737789155946,-1.08154100524016
336,3886,"s084","m1",0.652868049961115,0.361460657579949,-0.768685272998209,-0.300914357182647,-0.387917233459974
337,3892,"s084","m1",0.575801767533947,0.29427317140614,-0.666886389617892,-0.298834230925938,-0.317875600404961
338,3906,"s084","m1",0.665481085574528,0.370793035510728,-0.688534263915707,-0.300913878038306,-0.65143438761692
339,3909,"s084","m1",0.751532301828918,0.43899630403009,-0.491883026354556,-0.166461463909363,-0.889842703916704
340,3913,"s084","m1",0.557637892838968,0.311335208809863,-0.795825039729505,-0.329009374759064,0.021453791697829
341,3915,"s084","m1",0.588903827062926,0.30261006502826,-0.717498847134973,-0.459798273237013,0.0865667142128693
342,3917,"s084","m1",0.578224857333734,0.260510053588753,-0.838072248712327,-0.355578862422148,0.0224897228036065
343,3920,"s084","m1",0.684393040320805,0.445915162411936,-0.395402338732947,-0.222970594161525,-0.838622645664912
344,3953,"s084","m1",0.689058342986062,0.369425687938282,-0.663323771737417,-0.194521414007529,-0.0884211164630934
345,3979,"s084","m1",0.656111093913329,0.295512553729478,-0.631261507163554,-0.274813630880346,0.237278928091614
346,3998,"s084","m1",0.592540451113153,0.231864767350813,-0.841888007746745,-0.449626174656945,0.0230403922677814
347,4005,"s084","m1",0.72652383111582,0.402405455965341,-0.50928701714281,-0.290825732945941,-1.15181053361155
348,4014,"s084","m1",0.627561536423021,0.36297786341937,-0.721211948888934,-0.265688561200974,-0.851938136948273
349,4019,"s084","m1",0.640592121443,0.394164449777103,-0.663441657565416,-0.348451600149083,-1.10329473810888
350,4036,"s084","m1",0.61342226048238,0.318481286243683,-0.773364711434253,-0.428514494181214,-1.20480873388986
351,4039,"s084","m1",0.625754805124791,0.296022615899626,-0.990199010355717,-0.42765308441735,-0.500711133776699
352,4060,"s084","m1",0.673131570477311,0.32415260196249,-0.775989109993337,-0.280290588355283,-0.535048386614097
353,4062,"s084","m1",0.580534740826132,0.298068368758419,-0.588458814702517,-0.340153806126559,0.292195856965962
354,4070,"s084","m1",0.698347081715892,0.356731854581608,-0.555045515816115,-0.219747480922225,-0.516464027897559
355,4085,"s084","m1",0.588889062678566,0.27307554881764,-0.861758591614094,-0.415442808794525,-0.669037408652696
356,4090,"s084","m1",0.727857122033413,0.395616810643737,-0.529207916218695,-0.110891989230943,-1.08971131733608
357,4092,"s084","m1",0.705001865876844,0.380312933272471,-0.614548141456053,-0.130735366437418,-0.547921334386347
358,4131,"s084","m1",0.671011873559724,0.431802447001457,-0.488029484522532,-0.18934575067266,-0.991060422354087
359,4156,"s084","m1",0.602158585005645,0.253285905618825,-0.657732465114581,-0.131934846454431,0.680693751905983
360,4184,"s084","m1",0.705116792443649,0.437171236449777,-0.497022681548731,-0.340945685677588,-1.55749669661652
361,4209,"s084","m1",0.615558517600551,0.286464869324853,-0.743144251619374,-0.301417194346591,0.40322461097814
362,4215,"s084","m1",0.732107509241948,0.298404871695024,-0.423296292409958,-0.341625148399376,-0.634612508548029
363,4216,"s084","m1",0.707200010575376,0.452903343486745,-0.532504223729817,-0.152870343604673,-1.74885907275475
364,4225,"s084","m1",0.653968193319186,0.3185179925284,-0.710539674717424,-0.292301888086675,-0.592770953220533
365,4227,"s084","m1",0.631353430286223,0.327346802776344,-0.637806528538953,-0.28611970927136,-0.339452260490847
366,4263,"s084","m1",0.709260872711178,0.380715487378382,-0.463580933250012,-0.166047770628082,-0.87173216600281
367,4266,"s084","m1",0.684989686100254,0.342000398022107,-0.547734802557593,-0.276010483753228,-0.616265253513579
368,4276,"s084","m1",0.661361540788701,0.408129160310003,-0.446014873529403,-0.191321125210869,-0.88976997312272
369,4277,"s084","m1",0.696417553311006,0.358024179788799,-0.546337254992808,-0.258962605831281,-0.494035520586028
370,4279,"s084","m1",0.666382318449291,0.416686820667645,-0.546749607865431,-0.193286532169973,-0.608454100258374
371,4281,"s084","m1",0.691120351857615,0.403334594761727,-0.60843910454113,-0.213180401124971,-1.00139855837609
372,4285,"s084","m1",0.789130269156987,0.431097061661303,-0.572402883656247,-0.15486269671951,-1.4851053452428
373,4291,"s084","m1",0.725697548875221,0.437801224840269,-0.693757413643068,-0.211371632013529,-1.29000303776043
374,4295,"s084","m1",0.73194967836888,0.446809768827556,-0.360810383659944,-0.218786272983644,-1.50937829500124
375,4305,"s084","m1",0.717963156488409,0.420447247064266,-0.61732775067544,-0.265537279460685,-1.73510046373237
376,4308,"s084","m1",0.632887885188443,0.285300606520682,-0.705911578385283,-0.360829832246018,-0.734159906989655
377,4320,"s084","m1",0.676971073532162,0.332712715681522,-0.663007986487716,-0.32223956214714,-1.2913025616207
378,4327,"s084","m1",0.660549992050866,0.409224853259363,-0.711621631222726,-0.270563402598963,-1.23805548238104
379,4329,"s084","m1",0.715874006406898,0.431088872562714,-0.623958295311242,-0.238811137303321,-1.32523082429124
380,4370,"s084","m1",0.600504903019866,0.333361176966319,-0.7671592293667,-0.227443840018585,-0.412902510403474
381,4396,"s084","m1",0.695589220592201,0.390140958878603,-0.447790570012144,-0.0839740859169811,0.11482280060154
382,4405,"s084","m1",0.673989793660704,0.381166577166541,-0.479723907902197,-0.216850881298474,-1.56367213156182
383,4422,"s084","m1",0.684187116172861,0.379856604003852,-0.569819807926549,-0.113027279662162,-0.232501757844621
384,4423,"s084","m1",0.698265336636445,0.434067942628164,-0.699880669825879,-0.189079937646009,-2.19151034923715
385,4429,"s084","m1",0.619492985257005,0.341371154208202,-0.584808962675335,-0.39317690550205,-1.30892696741108
386,4453,"s084","m1",0.739373379227418,0.449363053848864,-0.468137879971688,-0.158867459865454,-1.46788389926485
387,4461,"s084","m1",0.720153203567726,0.418848090237078,-0.6353818108478,-0.172263623770439,-1.42159733252699
388,4467,"s084","m1",0.72781243274401,0.35324271914184,-0.596210893846237,-0.28597195607701,-1.2372702411189
389,4480,"s084","m1",0.702009315130098,0.446461046550455,-0.553689486182316,-0.274540476612224,-1.59705220376366
390,4484,"s084","m1",0.695739376929824,0.333599321823593,-0.54505554160936,-0.19182121578498,-0.714994003089222
391,4524,"s084","m1",0.657057571641641,0.381945711193922,-0.670042562186512,-0.359477030311942,-0.851802472401672
392,4529,"s084","m1",0.739617752711875,0.416903883599424,-0.413858252893038,-0.199612290459943,-1.13339456793074
393,4536,"s084","m1",0.728359759012753,0.404594741060058,-0.611761567587306,-0.26652958666915,-1.05018730652588
394,4545,"s084","m1",0.602392987725454,0.34637715085696,-0.779763200952858,-0.295830781114637,-0.0796652761014461
395,4550,"s084","m1",0.677576957633888,0.38850781026447,-0.572052895299148,-0.207173836736156,-0.999694768587298
396,4552,"s084","m1",0.597906651103007,0.375010006942315,-0.580812176141412,-0.188232529288106,-0.679093806349205
397,4555,"s084","m1",0.713080389718075,0.374898794985786,-0.593823431950425,-0.288321670533875,-1.47197430242563
398,4557,"s084","m1",0.717791540069123,0.324709791436934,-0.637866149343764,-0.263736690617194,-0.868844921722535
399,4558,"s084","m1",0.661469767772267,0.352551864247119,-0.809605341984826,-0.370934197631934,-0.563082732363857
400,4566,"s084","m1",0.71416589798293,0.416677334162047,-0.544321282568004,-0.170230793209427,-1.13745263463209
401,4575,"s084","m1",0.567099570332824,0.317521142193843,-0.894185792961503,-0.364582218938688,-0.785433018198838
402,4586,"s084","m1",0.654411500136079,0.287761535716322,-0.607364484752797,-0.230096834565289,-0.10218531698978
403,4587,"s084","m1",0.63037656476003,0.336686543011147,-0.639082520224967,-0.228035771993095,-0.272532011673626
404,4589,"s084","m1",0.635121164420171,0.382847708865797,-0.778713603951699,-0.286626725213178,-0.869367629350383
405,4591,"s084","m1",0.672965022651912,0.391982673050225,-0.627398868080718,-0.291863666363645,-0.708302806754094
406,4600,"s084","m1",0.593164656976252,0.332799262868691,-0.779753219609038,-0.324683337510049,-0.345229185363978
407,4606,"s084","m1",0.659778071569968,0.463240883120167,-0.659917664422497,-0.239236501585697,-1.8092070078932
408,4639,"s084","m1",0.66302228162587,0.319740510145719,-0.618415310469224,-0.310179505491282,-0.937976522079562
409,4648,"s084","m1",0.655432628357987,0.366036604565413,-0.511020335503698,-0.305165708396217,-0.99305069447582
410,4651,"s084","m1",0.668557487913996,0.402058942820203,-0.641538435686605,-0.214699021993328,-1.15007933829821
411,4653,"s084","m1",0.630465826901478,0.406195786664991,-0.704147062861243,-0.205965631056861,-1.28813074580947
412,4658,"s084","m1",0.753194032457089,0.395835236529897,-0.511535727537065,-0.251811679447235,-1.32407940226114
413,4664,"s084","m1",0.700530348861437,0.366087467570243,-0.721411748546823,-0.232055121212821,-0.869308652447272
414,4676,"s084","m1",0.663786399007184,0.360604068790624,-0.519181067197516,-0.227715666602128,-0.338541182825973
415,4677,"s084","m1",0.653323219227434,0.372940391997567,-0.559794423056036,-0.237662308360724,-0.451158931152443
416,4680,"s084","m1",0.557827680847118,0.33329272797059,-0.756195512174898,-0.420836195546601,-0.384544949657899
417,4685,"s084","m1",0.640355947822272,0.31635541513608,-0.646513311425842,-0.220616249284391,-0.487309525853872
418,4728,"s084","m1",0.659195034262217,0.438295864392707,-0.539626076713921,-0.183498900871793,-0.645519727134785
419,4734,"s084","m1",0.687899763369501,0.356043975852026,-0.510067953532476,-0.24182560344066,-0.686152706621349
420,4735,"s084","m1",0.645280268035204,0.333859563321586,-0.643173046808387,-0.250619513005586,-0.710119914520921
421,4762,"s084","m1",0.706540447310377,0.342173261189146,-0.736250785804746,-0.268883291185382,-0.462155620603416
422,4767,"s084","m1",0.578559878272341,0.302042295238281,-0.722891661146947,-0.35920464959954,0.000785615815776332
423,4819,"s084","m1",0.651683467908402,0.366103391181231,-0.732845846484628,-0.388388233436275,-1.29305161939331
424,4820,"s084","m1",0.686691284449809,0.415904834352831,-0.413334503223794,-0.176681289482922,-0.571713799744659
425,4844,"s084","m1",0.690475657924506,0.385127191731767,-0.457583008505263,-0.241310890147445,-0.794285130336046
426,4848,"s084","m1",0.681484593977796,0.342731105306292,-0.536623812550678,-0.195136379452576,-0.413825935142501
427,4849,"s084","m1",0.615499966947725,0.405596769261691,-0.729179939087158,-0.306740197889804,-1.63678539019752
428,4850,"s084","m1",0.678906189789046,0.347421273873846,-0.642908334580393,-0.192258137186047,-0.962810733849467
429,4875,"s084","m1",0.664288008122411,0.372641007700116,-0.547835309813237,-0.215333298570413,-1.02801348729297
430,4881,"s084","m1",0.735778013545473,0.443230522280968,-0.688073204021067,-0.236239092547956,-1.10099693545771
431,4900,"s084","m1",0.631459738496683,0.315257513864477,-0.630487187971844,-0.304216213240315,-0.582810934829288
432,4911,"s084","m1",0.692837356449365,0.342039205164296,-0.64694003370316,-0.290062293525017,-1.10948410902318
433,4914,"s084","m1",0.744527253978391,0.386141086096081,-0.472284026101135,-0.234435309504742,-1.47680691651266
434,4919,"s084","m1",0.691279678912431,0.397295223771535,-0.420762842122467,-0.296711018106097,-1.25746258684546
435,4926,"s084","m1",0.69660072603444,0.36644045407426,-0.637910564297769,-0.136887239832194,-0.349941200238397
436,4928,"s084","m1",0.603508648596282,0.277499773214889,-0.788142066316637,-0.284852371045571,-0.102632718948373
437,4932,"s084","m1",0.683837014231519,0.301306328874045,-0.670437050275649,-0.206668175621521,-0.325202205056884
438,4951,"s084","m1",0.550097806202125,0.283836521576063,-0.764669081766734,-0.357540591459122,0.0138996272591708
439,4954,"s084","m1",0.779486755281146,0.391123548807955,-0.40892256740267,-0.19472305313072,-1.0321758570135
440,5023,"s084","m1",0.67592282725941,0.336686038620894,-0.592244498423806,-0.242795546779478,-1.08367189355252
441,5024,"s084","m1",0.584368437358857,0.268766361838833,-0.80854737780038,-0.497413747547288,0.267910995948822
442,5028,"s084","m1",0.658240884310695,0.379935956306078,-0.645327918653846,-0.223397727692177,-1.00345712059046
443,5044,"s084","m1",0.637540735385292,0.32177223347913,-0.596564686279226,-0.341390040114974,0.0058180304711629
444,5052,"s084","m1",0.667797287226775,0.346046567754811,-0.661965712255152,-0.45756485869179,-0.760083739839858
445,5053,"s084","m1",0.637350313901382,0.308164376753662,-0.684196994173776,-0.262054315122837,-0.127252125968552
446,5056,"s084","m1",0.729812775077175,0.362650739879948,-0.626005849057746,-0.19483206012798,-0.239313780979545
447,5057,"s084","m1",0.664882655081278,0.370700268499124,-0.825515291426961,-0.212132516645958,-0.959046433033206
448,5059,"s084","m1",0.611665207156693,0.2691796163431,-0.755387208567377,-0.304068691784775,-0.28155177470188
449,5061,"s084","m1",0.668895503056309,0.346258859612487,-0.548965817997005,-0.284716377453389,-0.725378888700847
450,5068,"s084","m1",0.730770410903026,0.367941788003826,-0.64063502393312,-0.176593609734836,-0.991449567750215
451,5083,"s084","m1",0.640430181286226,0.353984136648319,-0.63686360262638,-0.367318477353855,-0.981247176722233
452,5092,"s084","m1",0.625310936608696,0.22567367111654,-0.862795288051142,-0.313446957321573,0.697986803020293
453,5094,"s084","m1",0.727297116420478,0.407730624466432,-0.494961567950149,-0.294963847256571,-1.19290238917508
454,5098,"s084","m1",0.74383705682313,0.452541972171073,-0.423068685297353,-0.0516340310026401,-1.59938649998407
455,5107,"s084","m1",0.715739177693681,0.347074348373416,-0.629512769063431,-0.242428964406143,-1.52467423750946
456,5137,"s084","m1",0.670506000878559,0.419673661182653,-0.620054251204616,-0.152429422156674,-0.757399467080464
457,5140,"s084","m1",0.667571648133913,0.367428605429208,-0.516748494914788,-0.210669848333032,-0.193975907017675
458,5157,"s084","m1",0.676693704460958,0.332745134433544,-0.722403983975262,-0.255670779077441,-0.357122989503339
459,5171,"s084","m1",0.709455231615115,0.397925765187849,-0.622292717303382,-0.197828987803881,-1.37860478147926
460,5174,"s084","m1",0.73761799438201,0.450698871062845,-0.518018699954952,-0.198231077655494,-2.57933871309454
461,5187,"s084","m1",0.719354039860587,0.433870164373205,-0.497723205222039,-0.0681483650748691,-1.20940022235641
462,5210,"s084","m1",0.612220722793749,0.35245741136683,-0.593701422635172,-0.394217911200471,-1.02026863616363
463,5233,"s084","m1",0.607615005183002,0.34147374251364,-0.79497242929973,-0.156863889934984,0.305998820097529
464,5257,"s084","m1",0.680184058333418,0.344759716038566,-0.656821137144269,-0.306046312509782,-0.773233673720159
465,5262,"s084","m1",0.594196180810976,0.309967625019836,-0.723097849549844,-0.292957075214797,0.0982185750053075
466,5263,"s084","m1",0.702408958780271,0.370666801423314,-0.481708273762841,-0.342416158026684,-0.585131477866972
467,5283,"s084","m1",0.598796683318876,0.323318082148003,-0.568539680309222,-0.36093661084589,-1.14802218005708
468,5335,"s084","m1",0.665129500634018,0.466101859291821,-0.505619416555089,-0.135230494628306,-1.20053415388257
469,5344,"s084","m1",0.623330885008371,0.342093830308618,-0.667354023564526,-0.380282676948521,-0.237708926196328
470,5358,"s084","m1",0.713136510457404,0.371346892849308,-0.597727243419043,-0.125061707113767,-0.933244268842933
471,5365,"s084","m1",0.628078254253797,0.375787063427736,-0.551109691747546,-0.420546030991407,-0.703324070312907
472,5367,"s084","m1",0.669560601386219,0.365473549755319,-0.67545853367356,-0.231998872085443,-1.03762349340734
473,5374,"s084","m1",0.612042976536382,0.336470794427413,-0.645608204453599,-0.356573988275205,-0.74527443944787
474,5381,"s084","m1",0.656461222457476,0.333194687427111,-0.598226746076266,-0.359271285047679,-0.536380531053284
475,5386,"s084","m1",0.694822329683149,0.374438054105018,-0.49222372152685,-0.220433307016241,-0.643636911963144
476,5396,"s084","m1",0.598326856170566,0.321270578904399,-0.60136525506824,-0.475681784769204,-0.0408136652442961
477,5405,"s084","m1",0.726022705452031,0.40377794829659,-0.511048541503962,-0.192758096229974,-1.23048448289432
478,5414,"s084","m1",0.636593627981895,0.310904788136798,-0.686395547177055,-0.351170568164508,0.142427656852417
479,5435,"s084","m1",0.720024709014615,0.489942642360183,-0.359885446735732,-0.154810807383679,-1.37474031111561
480,5437,"s084","m1",0.581626748096687,0.239487113826217,-0.812824869711801,-0.497281087175627,0.0117643541019872
481,5443,"s084","m1",0.72510493370302,0.315454430316622,-0.557866058184204,-0.206277009602155,-0.148232600146788
482,5459,"s084","m1",0.634246158500862,0.281735672737089,-0.855396544891948,-0.353040368293917,-0.262442004047385
483,5461,"s084","m1",0.744667957645085,0.427166513395739,-0.47886699226598,-0.166856259231259,-0.927955597857279
484,5480,"s084","m1",0.681542497581222,0.337110132543197,-0.563502693197503,-0.422486501118656,-0.591428239428391
485,5482,"s084","m1",0.691615947081346,0.36366430370409,-0.485641650575889,-0.251023558235819,-0.733564160111981
486,5490,"s084","m1",0.673912928907351,0.420284308800854,-0.662245568602193,-0.282257734240194,-0.64124001833288
487,5495,"s084","m1",0.665673814700107,0.437713006096437,-0.51536704498376,-0.252022762466174,-0.929205041619898
488,5499,"s084","m1",0.679312143475263,0.412462005841965,-0.810608484441036,-0.270744449097309,-1.48486913028182
489,5514,"s084","m1",0.708327032917057,0.41268735161957,-0.653533386862318,-0.196978722532016,-1.3337958069459
490,5516,"s084","m1",0.695493717066982,0.374874902082944,-0.510642774778431,-0.329571841905115,-0.912670356199387
491,5540,"s084","m1",0.696809980937127,0.398399597243557,-0.498762083359268,-0.24798672390442,-0.713155707474448
492,5578,"s084","m1",0.79455194643768,0.411805141285292,-0.575528650367541,-0.174801027858668,-1.84454134431439
493,5580,"s084","m1",0.629945673490901,0.350358447037136,-0.719882861402887,-0.232399025872122,0.0532258763515858
494,5594,"s084","m1",0.615859418170348,0.346807794732886,-0.692181348555341,-0.334984383991513,-0.384150045597157
495,5605,"s084","m1",0.718615320100996,0.444695191983395,-0.510422293535739,-0.25026223870395,-1.43906535522288
496,5615,"s084","m1",0.671174134100657,0.34580694606384,-0.741318898161022,-0.315987060976631,-0.462727407992073
497,5619,"s084","m1",0.696663454538401,0.371903224007829,-0.657312847231569,-0.286436617109496,-0.450603839538305
498,5643,"s084","m1",0.651155946121332,0.32448393895732,-0.64342202098083,-0.224923921944257,-0.15263675106295
499,5649,"s084","m1",0.684313967907568,0.414904673446985,-0.57211819711677,-0.227708339533657,-0.978774593759819
500,5652,"s084","m1",0.7028817626757,0.36427572233694,-0.431844499032311,-0.381009048531537,-0.785226809374029
501,5685,"s084","m1",0.670153169743788,0.458513018164043,-0.621254889558909,-0.261196388713832,-0.690370678408582
502,5689,"s084","m1",0.694864623949156,0.445978548093733,-0.585521500495799,-0.166885151596213,-1.61485733245973
503,5707,"s084","m1",0.658621153808519,0.309363171022711,-0.702689973553609,-0.2654314706886,-0.159007883438304
504,5717,"s084","m1",0.676853775392318,0.345868487891651,-0.50665779049885,-0.232010870855759,-0.417918230602156
505,5718,"s084","m1",0.707215327759822,0.370520229635014,-0.458399246232662,-0.271369610162,-0.797772549119152
506,5731,"s084","m1",0.739416081906575,0.357988258283491,-0.600199410745618,-0.147292847649982,-0.465804093437925
507,5769,"s084","m1",0.598193493445355,0.368800161871436,-0.68464261409797,-0.336095706677421,-0.698974348015318
508,5772,"s084","m1",0.66995567220625,0.350011286810052,-0.567636942353197,-0.363882818273874,-1.26336307336836
509,5783,"s084","m1",0.608610304912259,0.333180467586476,-0.769303168499482,-0.391830422243822,-0.164828956623302
510,5813,"s084","m1",0.74579205637151,0.425366875206948,-0.631312628348037,-0.288045229587211,-1.27956561294195
511,5824,"s084","m1",0.615377602698663,0.307487073763163,-0.677520053495298,-0.413054062000677,-0.313313945826294
512,5825,"s084","m1",0.751003771747597,0.435029787502231,-0.340918709493984,-0.146180095535421,-0.858703260836871
513,5837,"s084","m1",0.697011580569684,0.343464569614195,-0.470546248787598,-0.28063055165176,-1.13766896809275
514,5859,"s084","m1",0.677218329669389,0.377794082679855,-0.602037523143913,-0.332280335190308,-0.283605369600171
515,5870,"s084","m1",0.684514558208886,0.329893748706081,-0.633133223373489,-0.257169447555042,-0.42521627085427
516,5878,"s084","m1",0.686669056836196,0.334651791892482,-0.668456315383248,-0.294137766453362,-1.42740241154252
517,5879,"s084","m1",0.668701581486801,0.410385630302195,-0.606976679647068,-0.239844473610201,-0.932217108724886
518,5882,"s084","m1",0.660391763003626,0.369402177059486,-0.762186958693328,-0.347680006044711,-0.778013908648137
519,5889,"s084","m1",0.700783882514031,0.312043708502346,-0.770405496548568,-0.244348945924003,-0.531151429560417
520,5893,"s084","m1",0.669384397997015,0.397363455827463,-0.508929740459255,-0.275859170791351,-0.619116138996121
521,5907,"s084","m1",0.720737966538727,0.409894984057329,-0.424284083634755,-0.229599091192487,-1.09774760115481
522,5915,"s084","m1",0.624645380206643,0.277854390792605,-0.558607443258017,-0.209515379505483,0.0616382196020003
523,5916,"s084","m1",0.747122402727524,0.452954293723728,-0.69582914271992,-0.184922214176533,-1.94021404116417
524,5938,"s084","m1",0.52319601783597,0.255072627535017,-0.867331909064339,-0.52589519932999,-0.161449739460416
525,5961,"s084","m1",0.661367384717192,0.37041268853012,-0.677622183471348,-0.202266746187082,-0.877121408476526
526,5972,"s084","m1",0.667120758989487,0.303972980817453,-0.658960265127854,-0.187710157805695,0.262089471319112
527,5973,"s084","m1",0.695509686142915,0.404280108667737,-0.474326268432454,-0.260632602995971,-1.0308240532474
528,5988,"s084","m1",0.686962706611328,0.280116410098598,-0.678790461208883,-0.303300338095298,-0.644667397494521
529,6011,"s084","m1",0.694717416880591,0.335742607364674,-0.810773855464936,-0.223430971407059,-0.538848865607038
530,6014,"s084","m1",0.737538562917575,0.369678245505171,-0.626768471742635,-0.192154872866975,-0.616565529087018
531,6019,"s084","m1",0.616723237894421,0.302206491857419,-0.680174617042366,-0.29654714140466,-0.131828933258013
532,6021,"s084","m1",0.662661310453738,0.373766593054352,-0.726303925984222,-0.252035953015297,-0.779137929219929
533,6032,"s084","m1",0.644227413093043,0.366388090844704,-0.670046074490602,-0.349297933866524,-0.962873078123285
534,6053,"s084","m1",0.727218676788795,0.315260171583113,-0.621299942519713,-0.12765641337703,-0.461524674779079
535,6057,"s084","m1",0.678888149952688,0.454315364502957,-0.520686700031982,-0.148084746298877,-1.57512195090179
536,6059,"s084","m1",0.635364143868554,0.373696515820074,-0.618412653788861,-0.216773061946225,-0.694998309423344
537,6063,"s084","m1",0.601587321200909,0.404466673023156,-0.708284671530538,-0.351087255553185,-0.778515721013821
538,6090,"s084","m1",0.7135871453325,0.389143520724818,-0.655932426122982,-0.241213974362697,-1.04592456685672
539,6096,"s084","m1",0.641011463782786,0.356496479809645,-0.575527810472727,-0.339041870883859,-1.17379649926435
540,6105,"s084","m1",0.742768398989309,0.426235705087216,-0.450711612624582,-0.180996681172238,-1.52400747889834
541,6145,"s084","m1",0.630985572964483,0.308013934686989,-0.683070738121122,-0.191453387279709,0.340417483312001
542,6150,"s084","m1",0.712561956944026,0.314575967275271,-0.698876739450978,-0.211155431389218,-0.862859209581335
543,6170,"s084","m1",0.640758506453851,0.232405945742642,-0.832923391713246,-0.219396766477733,0.461475698358274
544,6175,"s084","m1",0.643824307382132,0.36142242749655,-0.657966569427768,-0.335366358155344,-0.814863350257331
545,6212,"s084","m1",0.704336884581442,0.395944106774432,-0.425715439685964,-0.140923205805721,-0.980897616496943
546,6221,"s084","m1",0.725217793872431,0.380815555479258,-0.506733561752797,-0.143602909807051,-0.943409450309788
547,6250,"s084","m1",0.687025091781309,0.415950265368178,-0.394799973745872,-0.37031505645254,-0.380740537355434
548,6254,"s084","m1",0.690819586241585,0.389577255352808,-0.643702600539843,-0.138254955267564,-0.254550552074047
549,6270,"s084","m1",0.695899171618653,0.41511294749647,-0.472943043164139,-0.125508987431126,-0.863120326015805
550,6280,"s084","m1",0.699269472765299,0.401413964058029,-0.771215448816474,-0.21469742150945,-1.50557808588384
551,6300,"s084","m1",0.672664177525105,0.392419237313717,-0.665483780623166,-0.437352952126353,-1.15186335614751
552,6322,"s084","m1",0.738180433596408,0.426581086121755,-0.7001795751096,-0.156244216978679,-1.46432162321944
553,6344,"s084","m1",0.755372088460102,0.374839354856295,-0.47268597347621,-0.255813048339501,-0.619050835074442
554,6353,"s084","m1",0.625357506961924,0.33643694205446,-0.706290292461618,-0.228013760823279,-0.226115432169372
555,6403,"s084","m1",0.671673738420898,0.370582792755214,-0.55343403864241,-0.364740504616409,-0.374063907904478
556,6408,"s084","m1",0.67136776741548,0.458160755734223,-0.577697567401519,-0.174462028940529,-1.64662466544368
557,6412,"s084","m1",0.695244058013775,0.338107873103447,-0.703711366960475,-0.226139535249264,-1.00239745396955
558,6415,"s084","m1",0.671782403617996,0.27005156374413,-0.660833557028658,-0.344339562549028,0.192463975361169
559,6424,"s084","m1",0.659441428926054,0.443777703944564,-0.603520006007962,-0.179322897653122,-1.37698257575392
560,6425,"s084","m1",0.683733547810647,0.409085268257305,-0.550132872030285,-0.208135460411691,-1.14117213992404
561,6437,"s084","m1",0.626455996138686,0.246959403098381,-0.689989882788305,-0.324800200455221,0.0135407789651419
562,6443,"s084","m1",0.569163110760699,0.218372987830231,-0.811531465033584,-0.522693215532247,0.176065188605397
563,6476,"s084","m1",0.71979272825653,0.384170232575411,-0.514799015995635,-0.163084218793828,-0.805701563431034
564,6492,"s084","m1",0.650172217684307,0.316027386801239,-0.787054381810414,-0.305451402680663,-0.00419225782181058
565,6499,"s084","m1",0.68012298192808,0.339090878080482,-0.674037286142023,-0.287181250001344,-0.53427528295116
566,6503,"s084","m1",0.689596563821856,0.390890414301591,-0.52897371781726,-0.282114233860418,-1.15984615024349
567,6507,"s084","m1",0.6436000490545,0.344206894153597,-0.76147881588156,-0.403939580872891,-1.21503446065941
568,6508,"s084","m1",0.651998703356572,0.383624838797272,-0.542906205304444,-0.27154624314774,-0.0511154776313139
569,6510,"s084","m1",0.61606473697105,0.35063150267283,-0.494913016092005,-0.312951829267776,-0.439051383743858
570,6511,"s084","m1",0.713475627347065,0.413568417811439,-0.611310285056465,-0.269511711280172,-1.40445747968125
571,6516,"s084","m1",0.682223421621135,0.340584442280945,-0.60637775894797,-0.311991297167348,-0.327397070203795
572,6532,"s084","m1",0.642469540060104,0.339528333348477,-0.814100341988545,-0.273336649328953,-0.56579644622083
573,6549,"s084","m1",0.622192789234509,0.381223193732123,-0.770070091608515,-0.323598122120645,-1.09224286303578
574,6570,"s084","m1",0.578685600691989,0.313086947788159,-0.825873932076235,-0.415550574588651,-0.344693849230024
575,6576,"s084","m1",0.660885756524787,0.341907999217317,-0.641023533071698,-0.286272497661444,-0.327705344395766
576,6580,"s084","m1",0.695706875531098,0.410875804697995,-0.528136596876902,-0.212993531637203,-1.02711555765647
577,6596,"s084","m1",0.764370285144214,0.492102704814923,-0.463259548112532,-0.0667013885311602,-1.41878577884995
578,6603,"s084","m1",0.72438899029257,0.47128054993439,-0.545957904003293,-0.162711925942692,-1.51573195295718
579,6617,"s084","m1",0.732706866096753,0.429717381183813,-0.423003227532026,-0.250334656936854,-1.56273501776457
580,6623,"s084","m1",0.690155295023445,0.441316410050724,-0.490557802651293,-0.1938284507448,-1.46035052142027
581,6654,"s084","m1",0.749182501189787,0.458385804897184,-0.480778561003201,-0.196653125575597,-1.71812688730015
582,6686,"s084","m1",0.711052476147274,0.391021006154085,-0.583470283705164,-0.281407291954809,-1.16297657921269
583,6690,"s084","m1",0.616138609361908,0.283110024965965,-0.725905985482294,-0.363553954761522,0.144743062158705
584,6695,"s084","m1",0.670167078834212,0.332051138940368,-0.756392268388426,-0.228363943014332,-0.808819437926856
585,6702,"s084","m1",0.69751018481703,0.36671608090265,-0.625809529317174,-0.222355422632625,-1.01257411151986
586,6708,"s084","m1",0.646963857090329,0.315500984936512,-0.56314614489516,-0.214860932771335,0.00562608759629749
587,6720,"s084","m1",0.694065072309666,0.424427674090879,-0.634989934626827,-0.113466479511667,-0.727762485152079
588,6727,"s084","m1",0.680035221573665,0.348879074046593,-0.702735874999176,-0.219628124676198,-0.710646887508051
589,6760,"s084","m1",0.65901153627074,0.302395545423675,-0.667973382048215,-0.310866897675938,0.0462969984126515
590,6769,"s084","m1",0.597600054498717,0.361156942196484,-0.655690547080181,-0.401471385197001,-0.305834260883999
591,6796,"s084","m1",0.683917377587095,0.395549057887154,-0.872597539784143,-0.149997477123415,-1.58956498594699
592,6807,"s084","m1",0.638562096319445,0.324864590987373,-0.745642413599117,-0.269148008867129,-1.00671798845479
593,6809,"s084","m1",0.67554739701138,0.402096717283113,-0.672302342194935,-0.267305198361514,-1.99767129107756
594,6810,"s084","m1",0.707535274155204,0.348388577298878,-0.676708541175928,-0.172592089354573,-0.543019215419033
595,6811,"s084","m1",0.640726850664084,0.366514612805511,-0.620293783440244,-0.268365156109807,-0.427598913196304
596,6825,"s084","m1",0.781190533366231,0.44000621449598,-0.366883624057793,-0.162267411041449,-1.8795790334625
597,6828,"s084","m1",0.596277193544932,0.316012454872874,-0.677875940971797,-0.31358429385656,-0.0782128681347016
598,6829,"s084","m1",0.617162241489611,0.292483034537577,-0.612209654270032,-0.285357783118711,0.0892437136266718
599,6831,"s084","m1",0.628309671792037,0.332862731696867,-0.612170494659949,-0.392554442191282,-0.308639592652979
600,6844,"s084","m1",0.646533144584573,0.405653324459269,-0.731111562153609,-0.249611889048023,-1.05051243090897
601,6859,"s084","m1",0.604278635007504,0.350438973121914,-0.706079016281332,-0.237306745684941,-0.800502673547147
602,6862,"s084","m1",0.702695628920995,0.353673405209675,-0.634243410472978,-0.262034971733349,-0.519472409960495
603,6873,"s084","m1",0.635167401129524,0.396462469876686,-0.406540245474947,-0.261807541183109,-0.416724529079075
604,6875,"s084","m1",0.633662379917979,0.262171218917539,-0.750391728576545,-0.241766797298873,-0.0718271641109422
605,6885,"s084","m1",0.712521434868529,0.355758538626291,-0.677295924529277,-0.199790656460535,-0.965192517441958
606,6897,"s084","m1",0.63441325382159,0.371232961836602,-0.590262750187233,-0.221169132668565,-0.607490450511754
607,6907,"s084","m1",0.668157744567235,0.375156679342886,-0.551875240986528,-0.260373869954675,-1.44866782547564
608,6915,"s084","m1",0.629865468015415,0.316293696830671,-0.700436545526635,-0.241395186916355,-0.0321692938586236
609,6927,"s084","m1",0.701553621716023,0.349843830334236,-0.721708140422956,-0.323205234798366,-1.05965579062881
610,6951,"s084","m1",0.610799905825112,0.349311558132642,-0.643626021703038,-0.300964340769177,-0.278295054491567
611,6960,"s084","m1",0.675786761295883,0.397192578831171,-0.586143331789884,-0.274806291823375,-1.084009378886
612,7000,"s084","m1",0.638630533326372,0.383090680007886,-0.635066388899695,-0.32148149415316,-0.51118687153635
613,7008,"s084","m1",0.735676837557594,0.430818042587869,-0.476025369276227,-0.100346086493909,-1.06321653640699
614,7023,"s084","m1",0.61447254891153,0.420721903728288,-0.672094022022408,-0.256057138460985,-1.37655135304561
615,7059,"s084","m1",0.631889327156734,0.310406353176584,-0.79321942033252,-0.299907697477495,-0.209676474704091
616,7067,"s084","m1",0.669348574481408,0.366512295804129,-0.74107210910097,-0.356496526894979,-1.57618449258408
617,7077,"s084","m1",0.695326932449929,0.345509158015765,-0.592686251101106,-0.25129956452607,-0.521552161173505
618,7079,"s084","m1",0.647547161011304,0.345485890939559,-0.761090030067661,-0.284884866144557,-0.240021242412552
619,7094,"s084","m1",0.652397722873759,0.377668027514779,-0.724179835496561,-0.20632411065279,-0.793957764706549
620,7099,"s084","m1",0.653053356082709,0.387628614826282,-0.420805529875769,-0.259205911859899,-0.482982610735114
621,7112,"s084","m1",0.638353549500333,0.410638749322253,-0.601289138298761,-0.273695320599861,-0.100429443142229
622,7118,"s084","m1",0.677047942074962,0.407474210586193,-0.547095232134693,-0.304186518040053,-0.517085660729799
623,7120,"s084","m1",0.697446437607263,0.376932181555148,-0.635431128476365,-0.251135607757821,-0.360857235270484
624,7121,"s084","m1",0.651411280411999,0.452582550540525,-0.609053344833767,-0.357869630124535,-2.06976057542437
625,7138,"s084","m1",0.6816061415832,0.358660442603915,-0.556237518632075,-0.284185941779236,-0.418254149370164
626,7144,"s084","m1",0.735074085450465,0.417565327368024,-0.477859398246748,-0.168569786718314,-0.677293587256188
627,7159,"s084","m1",0.749934419401922,0.456855051726355,-0.435323759851595,-0.202930325099324,-3.4403791620183
628,7183,"s084","m1",0.658310395308187,0.406693921621136,-0.577629606781012,-0.220036727815341,-0.893264945867839
629,7185,"s084","m1",0.644414217735043,0.348100804566031,-0.637517115116464,-0.261400664099834,-0.475935662066864
630,7193,"s084","m1",0.636619793586714,0.244340578367693,-0.65747387126524,-0.372336313524818,-0.160388339206344
631,7194,"s084","m1",0.660852347467708,0.334551797113149,-0.658343334752139,-0.273020018369804,-0.521246433290747
632,7209,"s084","m1",0.615672364781865,0.324516894853374,-0.587167041099858,-0.283226505164513,0.278824335411367
633,7210,"s084","m1",0.638161201284073,0.375500384572314,-0.885517716985777,-0.220968159818998,-0.595164711227744
634,7213,"s084","m1",0.61703504482814,0.297787011421934,-0.656938982148121,-0.319726774964905,-0.0658007055729503
635,7214,"s084","m1",0.704197342672955,0.369405399368331,-0.654549862292506,-0.301874095567057,-1.15061369294244
636,7230,"s084","m1",0.680730562351576,0.470781649239089,-0.652880595794977,-0.299874380083902,-1.77866789251402
637,7233,"s084","m1",0.664320312416845,0.342198191736021,-0.736741706594323,-0.281401037143427,-0.613672771667822
638,7235,"s084","m1",0.696082037505678,0.349855350799454,-0.731095567054592,-0.265657063274204,-1.01085514209708
639,7236,"s084","m1",0.75890450308549,0.413688729318952,-0.509859269953772,-0.16589239909105,-1.46299555432782
640,7268,"s084","m1",0.656052345388822,0.285399753164544,-0.636681399139766,-0.241130018699986,0.159493341177953
641,7280,"s084","m1",0.709271939561515,0.456242753560646,-0.511792584031102,-0.137659115045086,-1.31578716891626
642,7290,"s084","m1",0.689325005616516,0.320608898374517,-0.739111050061948,-0.25352466460603,-0.925081170794279
643,7308,"s084","m1",0.631848780168503,0.295379621676922,-0.643709216669565,-0.372227764095844,-0.134738438433164
644,7326,"s084","m1",0.666564673115926,0.394617147675448,-0.620109159551409,-0.156666296550436,-1.60727436767035
645,7346,"s084","m1",0.669435437031235,0.374785967562124,-0.629435837340651,-0.285217127278949,-1.02785607645718
646,7363,"s084","m1",0.734977191010677,0.448824613563264,-0.576497534999014,-0.0873644256375267,-2.00378039147853
647,7371,"s084","m1",0.737340609106594,0.375386024316459,-0.546615467072052,-0.225257531213838,-0.886516435518742
648,7411,"s084","m1",0.637928892885847,0.338004593257339,-0.622876189204862,-0.356572200600495,-0.868504072390813
649,7412,"s084","m1",0.685402219658236,0.381387765218082,-0.547731953746641,-0.231298612916639,-0.767615769403019
650,7414,"s084","m1",0.699989896684673,0.400999728761512,-0.685276908963203,-0.179537312611787,-2.08160517701672
651,7431,"s084","m1",0.650865291159361,0.343745790230523,-0.481383794891524,-0.189895231809892,-0.159030674534874
652,7432,"s084","m1",0.689361423116116,0.410254954269399,-0.402866762834726,-0.206874873652988,-0.364269893404928
653,7436,"s084","m1",0.681097202270584,0.422156115821871,-0.584569127040369,-0.213023383151079,-1.24528851531741
654,7462,"s084","m1",0.681389113836481,0.365514227307462,-0.618528281342091,-0.186474880595941,-0.689731919472313
655,7465,"s084","m1",0.621910817502872,0.365427999490428,-0.64168223363825,-0.292419175044047,-0.578104389366874
656,7467,"s084","m1",0.608899258516785,0.281320403885575,-0.904582979212899,-0.242483987996956,0.652176845953399
657,7471,"s084","m1",0.694307054326081,0.399387320338884,-0.419250280474076,-0.262202820782462,-0.539931511255761
658,7578,"s084","m1",0.697539143052812,0.339886026853546,-0.484826352374396,-0.305232240241317,-0.630626607486188
659,7592,"s084","m1",0.617711118031949,0.257994428626292,-0.798697579479165,-0.305340767690388,-0.335583990258957
660,7612,"s084","m1",0.587482266097413,0.342854166246889,-0.713337501808962,-0.273161614691694,-0.202941388107207
661,7616,"s084","m1",0.627965072716771,0.309456055076156,-0.61054538683975,-0.223455290419053,-0.216366280207285
662,7622,"s084","m1",0.581890228761861,0.288849514927336,-0.745016001857521,-0.34138382817737,-0.0723984192837834
663,7625,"s084","m1",0.672200392701134,0.36388840669589,-0.564242010989489,-0.367401180117358,-0.62850965670824
664,7632,"s084","m1",0.607839715763276,0.363307029104232,-0.649312607255742,-0.38710121052059,-0.821224868512489
665,7647,"s084","m1",0.563336894590575,0.242130141592181,-1.02632442332631,-0.275328278570129,-0.219426225505741
666,7651,"s084","m1",0.7107090342667,0.372318684066127,-0.44907534662399,-0.165369153982688,0.203732057718381
667,7662,"s084","m1",0.692308070721241,0.304263941493977,-0.677378919405172,-0.258871564240041,-0.62824368931341
668,7667,"s084","m1",0.785313768987546,0.469693219458458,-0.397433282356181,-0.142760420525515,-1.46429282116969
669,7673,"s084","m1",0.642159243574204,0.364020104062018,-0.671996741893125,-0.347653340657318,-0.792947328067105
670,7680,"s084","m1",0.630019280376336,0.319165858617086,-0.524244492189105,-0.209653880229224,0.365580863692665
671,7682,"s084","m1",0.653744546376035,0.349775539212102,-0.76365780277857,-0.223092184902044,-1.23782534874767
672,7683,"s084","m1",0.68700539599407,0.350542203697648,-0.591836387003959,-0.353595148743564,-1.2944183911075
673,7687,"s084","m1",0.674922008223374,0.422184424724628,-0.595100659194276,-0.290520064942679,-0.26851186225893
674,7688,"s084","m1",0.646446490562902,0.332213593604923,-0.670838773981276,-0.303779617444994,-0.263586873930348
675,7695,"s084","m1",0.626350126297468,0.285376966993851,-0.846604357174322,-0.247560093218659,-0.0925386790009361
676,7703,"s084","m1",0.636137021852289,0.328794810837418,-0.586104516946681,-0.256135929779876,-0.536438346023455
677,7728,"s084","m1",0.680979660401579,0.382988208182888,-0.626432126935447,-0.252542988021195,-0.445106451109036
678,7729,"s084","m1",0.684020778143175,0.464171164515419,-0.506087363791445,-0.196605765154548,-1.38626655030667
679,7738,"s084","m1",0.722861564249601,0.427784074196287,-0.399805475601773,-0.293738550800798,-2.62629685370681
680,7755,"s084","m1",0.6547825804269,0.313066245751953,-0.68897237344803,-0.312734110937782,-0.352290323758271
681,7758,"s084","m1",0.629897989976023,0.385674666562307,-0.440299771794074,-0.279061580791286,-1.6266492322635
682,7759,"s084","m1",0.753893070003801,0.368783015899523,-0.554108681370401,-0.179264045064394,-0.578870134910607
683,7778,"s084","m1",0.664333452308719,0.398064667083228,-0.83077961058818,-0.343167277359015,-1.62856107146696
684,7780,"s084","m1",0.575170776466663,0.317179401104187,-0.640852035720445,-0.475532113407603,-0.174556009483219
685,7781,"s084","m1",0.6071735020641,0.324455709393954,-0.744614258218685,-0.437326055259889,-1.11032105853824
686,7809,"s084","m1",0.701639244488731,0.404391962671917,-0.687866609673594,-0.345567536706528,-0.666334186673726
687,7851,"s084","m1",0.706972072585738,0.367096073686752,-0.599004607098726,-0.357032503298942,-0.71772044413261
688,7862,"s084","m1",0.599784585799297,0.280472075411563,-0.606972782146444,-0.423429912232356,0.153947609641045
689,7889,"s084","m1",0.700959207188443,0.357377010594577,-0.627038072605481,-0.205681269530189,-0.440730177429491
690,7890,"s084","m1",0.672392218306601,0.361891514552778,-0.559725547133491,-0.20489647843575,-1.63228693065005
691,7891,"s084","m1",0.698089813515646,0.339607133941616,-0.57396710027449,-0.193343200893077,-0.479763609008636
692,7909,"s084","m1",0.627102510805578,0.364886088791957,-0.713618258255519,-0.321158438802122,-1.16168533398167
693,7914,"s084","m1",0.666437109138045,0.34881195296376,-0.580909928824306,-0.304420030237471,-0.519371322252946
694,7917,"s084","m1",0.795528651667571,0.499302762474918,-0.435151191221884,-0.208177525911118,-1.75830725533205
695,7925,"s084","m1",0.650106026109611,0.209834504344443,-0.849723404509467,-0.26780856409189,-0.00559285353079081
696,7926,"s084","m1",0.748911401396752,0.444180300455978,-0.476660294566705,-0.239789369435012,-1.14171499216106
697,7938,"s084","m1",0.732726083028705,0.411327280277904,-0.503683516102233,-0.173924365695182,-0.844332404009325
698,7941,"s084","m1",0.655891685748424,0.344367401050969,-0.596876217535047,-0.223800747769277,-1.04822294653117
699,7942,"s084","m1",0.763223841111069,0.421130258974139,-0.484726675137784,-0.163304960910523,-1.22802884111395
700,7968,"s084","m1",0.693793673266618,0.341519109844254,-0.679352484826256,-0.365351150417889,-1.02228860830733
701,7971,"s084","m1",0.786347317904591,0.44547288152907,-0.453858923086024,-0.142396740247228,-1.25146115440102
702,7979,"s084","m1",0.66447722883289,0.346534105700768,-0.641361788327819,-0.3207219397838,-1.15107529058995
703,7980,"s084","m1",0.674484989245956,0.457171224194599,-0.473917833073861,-0.181753530693437,-1.03357059284759
704,7998,"s084","m1",0.686966215104343,0.382251297240778,-0.615442939765425,-0.257863231516394,-1.33806117192521
705,7999,"s084","m1",0.655057298069053,0.376833402022776,-0.667193897925174,-0.251697617110913,-0.928203435003751
706,8035,"s084","m1",0.707728300555655,0.436571043134929,-0.42865697718472,-0.217621180785191,-0.742528314005657
707,8040,"s084","m1",0.626694431039527,0.253159279295964,-0.900917944412095,-0.432526355674228,-0.108952389768292
708,8060,"s084","m1",0.680556074882284,0.35247967204531,-0.779979248204601,-0.255275333542935,0.0587284660292603
709,8068,"s084","m1",0.66764696058749,0.354712441820632,-0.599223467757759,-0.331159552915176,-0.660401321852236
710,8095,"s084","m1",0.585216046335941,0.327599282387328,-0.922213472375237,-0.475680934764241,-0.364151961810418
711,8102,"s084","m1",0.683938445331576,0.303927377189973,-0.768223109926605,-0.265400689937503,-0.0251065165485359
712,8103,"s084","m1",0.651469177147783,0.437924176310828,-0.468290775549482,-0.165653510063926,-0.97091604984881
713,8106,"s084","m1",0.704843656535914,0.396161170628349,-0.596525976848704,-0.345246186218121,-1.06589464297795
714,8137,"s084","m1",0.643835116294435,0.354890770318772,-0.611869301678327,-0.276805495078756,-0.27867016488911
715,8139,"s084","m1",0.628797204027096,0.339136168089233,-0.724205482631275,-0.444768429924504,-0.605444782856487
716,8145,"s084","m1",0.710659994208334,0.337195806435612,-0.622127792050268,-0.246996768205773,-0.256403936736169
717,8146,"s084","m1",0.681572705267919,0.368673646487353,-0.677948119624551,-0.124720621969243,-0.452170574765557
718,8148,"s084","m1",0.654084583477799,0.383310913850445,-0.645678599934556,-0.143658977947063,-0.798714633532478
719,8155,"s084","m1",0.618249755944318,0.406171388051801,-0.572682385978467,-0.236603077485764,-0.862775325392558
720,8178,"s084","m1",0.658575936444358,0.353908309915869,-0.56945861884048,-0.24508375658126,-0.615444045226376
721,8180,"s084","m1",0.665580319508301,0.409662658412574,-0.588891733192922,-0.250219013103817,-1.86968352583285
722,8182,"s084","m1",0.572621827681067,0.356441354355014,-0.753585536366969,-0.284127501725038,-0.370683754429389
723,8186,"s084","m1",0.648929211002768,0.335759007427805,-0.749918775971904,-0.24096723909732,-1.40218451443872
724,8189,"s084","m1",0.609924488379738,0.223317668843696,-0.73890409529407,-0.388766122534406,-0.0444370106232311
725,8192,"s084","m1",0.673192219925483,0.366466267807993,-0.584115177539487,-0.258637296365823,-0.681307302481421
726,8234,"s084","m1",0.688550306112852,0.384372329165341,-0.72982761036555,-0.170236429940236,-0.685195961486382
727,8288,"s084","m1",0.6475142995077,0.372045541827945,-0.549040046993876,-0.274100576743292,-0.246609019366572
728,8303,"s084","m1",0.628680301791887,0.341847455022199,-0.715342715926399,-0.371688390245348,-0.685332823129805
729,8310,"s084","m1",0.758580156534493,0.488812734604795,-0.394372019809096,-0.129712774943922,-2.02301369452431
730,8341,"s084","m1",0.700221274862671,0.46295888907081,-0.483250661432403,-0.181171816437814,-1.09702974784495
731,8344,"s084","m1",0.657663391864189,0.325483014776549,-0.592844028825438,-0.288382994054448,-0.632952518614364
732,8351,"s084","m1",0.601874027786578,0.415394821424699,-0.561076011479663,-0.37784393870327,-0.90640467450074
733,8364,"s084","m1",0.76591913252433,0.501364260494391,-0.436171811249221,-0.0855016023095841,-1.8184528334677
734,8367,"s084","m1",0.657059069904617,0.35232191234889,-0.544028861664522,-0.227469151181382,-0.985115817949676
735,8369,"s084","m1",0.623154064224682,0.371398143883072,-0.523650096772345,-0.204704152720973,-0.283630304859746
736,8374,"s084","m1",0.709300319834945,0.428959875980865,-0.617560156860709,-0.180420630135578,-1.44142866389664
737,8395,"s084","m1",0.616263523256494,0.369456631979558,-0.722966838281459,-0.333662165947537,-0.709068708728088
738,8415,"s084","m1",0.615244872156844,0.315046273481357,-0.749150954438339,-0.401054462888219,-0.377055707362578
739,8433,"s084","m1",0.76728464937383,0.444377110754505,-0.473664792712504,-0.0901206288921882,-0.975184061700151
740,8439,"s084","m1",0.6925421607818,0.352997584385394,-0.576191837144048,-0.260752673088262,-0.479549422892942
741,8464,"s084","m1",0.687649820759735,0.371033147679312,-0.620502928489026,-0.276973572750512,-0.941909700910775
742,8480,"s084","m1",0.70056775726675,0.37105719462433,-0.488551639459991,-0.254279209740496,-1.2909828362534
743,8485,"s084","m1",0.686635295270696,0.350603213456478,-0.579039148410597,-0.244063018160605,-0.232462346047775
744,8488,"s084","m1",0.731963829291757,0.340113618400844,-0.786999020971123,-0.251914890083642,-0.576085599290173
745,8494,"s084","m1",0.665899733765299,0.368155731158697,-0.619434431675475,-0.252492283230198,-0.663854051839794
746,8529,"s084","m1",0.661168681551835,0.416198464419098,-0.67349347822005,-0.338288377436502,-1.69915418682175
747,8536,"s084","m1",0.635373701343812,0.327132281206805,-0.568762100675167,-0.316284412160864,-0.454230181584707
748,8568,"s084","m1",0.714349769541571,0.418719651115137,-0.581362207896538,-0.294625744497933,-2.19762467869778
749,8580,"s084","m1",0.705190431183367,0.454340960389434,-0.585113173270176,-0.200762126087531,-1.97065171821554
750,8612,"s084","m1",0.679534949395644,0.401159615178715,-0.61505048722723,-0.290967505555345,-1.00940265912566
751,8634,"s084","m1",0.738808502149033,0.3606302109065,-0.572383080477824,-0.161513058943876,-1.70676374081241
752,8638,"s084","m1",0.742760605949824,0.356784232202159,-0.391228532008336,-0.173769510730192,-0.560491828056967
753,8642,"s084","m1",0.617872264630446,0.334308448092676,-0.694968432590695,-0.366489659990639,-0.209190493931185
754,8650,"s084","m1",0.64420607018509,0.309937157328335,-0.701445299167747,-0.207609539646788,-0.384725201728673
755,8687,"s084","m1",0.706163378300713,0.394389660139586,-0.672879586152607,-0.203956696446394,-1.17179533003952
756,8692,"s084","m1",0.709321088774847,0.364534184414294,-0.557378046900274,-0.214808657595454,-1.4744455004483
757,8693,"s084","m1",0.663626532819714,0.343117008596105,-0.682715632878781,-0.305456868385793,-0.759777180941088
758,8699,"s084","m1",0.573455772534883,0.302628246121695,-0.861528196365987,-0.240233960987585,0.266157750642521
759,8722,"s084","m1",0.741687219773986,0.394032565747715,-0.511563658704622,-0.149378082986094,-1.21188341032799
760,8737,"s084","m1",0.711773471178859,0.390199458565348,-0.679398848955948,-0.291397959595357,-0.746906653920333
761,8745,"s084","m1",0.742280991671346,0.398529170700427,-0.588375278600176,-0.185572894227054,-1.00326564629903
762,8751,"s084","m1",0.638747674986779,0.256388508856178,-0.530215487136986,-0.471102436367352,0.0954904955818844
763,8752,"s084","m1",0.763928458976473,0.308448911922794,-0.62103681292739,-0.232006186787717,-0.825857560595452
764,8756,"s084","m1",0.630289462827764,0.328647500401827,-0.72068480712933,-0.207390989849298,-0.0749876015816317
765,8768,"s084","m1",0.735902233870155,0.459259598307835,-0.471827490687036,-0.25033517848484,-1.18222309098042
766,8773,"s084","m1",0.685801644517995,0.31596074102975,-0.650983025470332,-0.253854318143108,-0.888703698872619
767,8777,"s084","m1",0.721049991045053,0.354360854522869,-0.414064092651695,-0.154065565209355,-0.589224602855651
768,8810,"s084","m1",0.641704544740968,0.372871003738725,-0.833849776845064,-0.253587945684815,-1.12740841663075
769,8828,"s084","m1",0.694975052032308,0.357289378433462,-0.526214910972937,-0.315388925927196,-0.625283622022583
770,8846,"s084","m1",0.733626722716207,0.403029674771085,-0.526495873500693,-0.149759399905449,-1.37866114285401
771,8848,"s084","m1",0.716057888693802,0.431812696379684,-0.539533602787577,-0.115326683374746,-0.569394764181321
772,8859,"s084","m1",0.697805244527799,0.372070671946948,-0.62766668736293,-0.239590781724499,-1.34933664748065
773,8869,"s084","m1",0.717155562008943,0.324562348537306,-0.561961802043587,-0.0994177779093316,-0.533321785152046
774,8873,"s084","m1",0.703960052787096,0.420976414958383,-0.477510795810147,-0.227975221171109,-0.468875128480703
775,8879,"s084","m1",0.596012616259301,0.290639304676368,-0.793383564649457,-0.327334438210545,-0.346906596168537
776,8881,"s084","m1",0.686683621517641,0.306338224564689,-0.505280809200461,-0.306427554963805,-0.127240968585968
777,8915,"s084","m1",0.596185877598403,0.263467552248654,-0.971579392456538,-0.298957137489784,0.0684247101646087
778,8917,"s084","m1",0.759009063638929,0.43099368102251,-0.468268336381405,-0.160916233126703,-2.28523955103838
779,8938,"s084","m1",0.680438198641959,0.382904631616925,-0.484035870344254,-0.209621752067664,-1.11131897810169
780,8953,"s084","m1",0.737310314052607,0.482175008497258,-0.535758625464331,-0.082850361826566,-1.41166135592324
781,8988,"s084","m1",0.672040490674167,0.33561349931751,-0.671303817643018,-0.39698754234117,-1.11588321658876
782,8989,"s084","m1",0.650144731950908,0.376314543036774,-0.654587720876349,-0.323451040749015,-0.476839343375134
783,8997,"s084","m1",0.691695321287756,0.370083479373452,-0.618240400038851,-0.199919837262101,-0.80228081144127
784,9002,"s084","m1",0.660981772510238,0.380745903551368,-0.485907930471907,-0.345344760390657,-0.59173353918679
785,9041,"s084","m1",0.686098863523516,0.458705020939604,-0.618506809271161,-0.291198699087554,-2.25388747263242
786,9056,"s084","m1",0.651592746172933,0.382895356944911,-0.633734326368683,-0.132488180203606,-1.04304273019944
787,9070,"s084","m1",0.743913460745044,0.411273868857307,-0.648309311222305,-0.225060734100537,-1.45433209300813
788,9072,"s084","m1",0.701389126596851,0.44378943463037,-0.600259871348177,-0.129744535756976,-1.12660527680125
789,9082,"s084","m1",0.695348257707739,0.392191578175644,-0.552608359120688,-0.24591427305721,-0.98477871593033
790,9085,"s084","m1",0.681413267867698,0.369346161616343,-0.584782135850917,-0.338757342490092,-0.104172269337182
791,9086,"s084","m1",0.811475689865448,0.450285862568913,-0.36500285758579,-0.0825484455439129,-1.58607510523821
792,9095,"s084","m1",0.644053432221227,0.388112598262906,-0.566614375035988,-0.191620267807088,-0.412928837967074
793,9109,"s084","m1",0.714335472454326,0.412768526504908,-0.473520799130496,-0.147499694275019,-1.27094072747469
794,9116,"s084","m1",0.633306853102676,0.309825005913899,-0.665947888103492,-0.283138166671365,-0.492386235495879
795,9134,"s084","m1",0.710615654628354,0.428831574148959,-0.3474183001027,-0.216863634962488,-0.833812290452346
796,9150,"s084","m1",0.612407486441413,0.271486109882522,-0.729035537470597,-0.274132530789631,0.0595003841115535
797,9156,"s084","m1",0.628059885832973,0.376226472619962,-0.608106847709705,-0.301810977353202,-0.405187336645886
798,9172,"s084","m1",0.660544713629019,0.36393227459877,-0.71691446767436,-0.349504415169738,-1.39500301326082
799,9174,"s084","m1",0.714460145326938,0.408128864324527,-0.506938119590754,-0.140759050680215,-0.90321203152402
800,9191,"s084","m1",0.696282824245374,0.376473059042532,-0.695299490444533,-0.184951496603146,-0.522978408931428
801,9204,"s084","m1",0.723647464898125,0.351285878708872,-0.62275432661737,-0.244158614963878,-0.648734084002595
802,9213,"s084","m1",0.684075296975244,0.316210645155167,-0.59655229064244,-0.302696685291953,-0.305525468015514
803,9225,"s084","m1",0.742361782405307,0.360719090068871,-0.402070886285329,-0.172459892119472,-0.868306013292819
804,9260,"s084","m1",0.794149713095465,0.402408897556889,-0.518819124116421,-0.0970981830762083,-0.55702222956022
805,9264,"s084","m1",0.644925607565756,0.286936912557496,-0.771308694677853,-0.320624056180197,-0.158889064910415
806,9271,"s084","m1",0.662504766282784,0.271532852678066,-0.796761235741093,-0.296761169040335,0.0176445890515614
807,9276,"s084","m1",0.738507879274558,0.368651985820009,-0.57451837239023,-0.219350762921123,-1.83189637383404
808,9293,"s084","m1",0.521839959715969,0.221870722457856,-1.06918502740512,-0.335143302474903,0.5298153128617
809,9312,"s084","m1",0.655672874612331,0.334751753398344,-0.660003512553874,-0.436838185705224,-0.771026002829216
810,9314,"s084","m1",0.676356752424868,0.308212047800318,-0.760010280136694,-0.293092734900435,-0.069832930303036
811,9316,"s084","m1",0.704433850168533,0.415309481394659,-0.678329322451556,-0.118623381304408,-0.480454116210954
812,9317,"s084","m1",0.688509273463936,0.34545581164188,-0.68763123063901,-0.24966583005485,-0.48268683278524
813,9324,"s084","m1",0.721367848257371,0.448581814995106,-0.610814470491166,-0.202783638195141,-2.22109328638795
814,9326,"s084","m1",0.629071083652118,0.434045168055177,-0.469495297022927,-0.352126531535739,-1.04430278401493
815,9337,"s084","m1",0.726257109228763,0.410090583364258,-0.470258518061685,-0.205717236840505,-2.66357563198051
816,9350,"s084","m1",0.635374202004128,0.342937257608298,-0.669452490785962,-0.311084429770647,-0.498333633613169
817,9365,"s084","m1",0.734375043972945,0.422785273713643,-0.446841757557144,-0.158772187181207,-1.18763267941499
818,9366,"s084","m1",0.634045654517417,0.390109160480469,-0.557212219649973,-0.301804888073932,-1.62182225690541
819,9367,"s084","m1",0.610625241787567,0.277008758164248,-0.780655590299699,-0.393953945791851,-0.517298732881493
820,9384,"s084","m1",0.744929916858343,0.432159637590434,-0.580503597476118,-0.193626261271035,-1.25927186017534
821,9392,"s084","m1",0.631132498726862,0.307096275723962,-0.756829798613499,-0.330086940177823,-0.0651713235179477
822,9393,"s084","m1",0.649313944678854,0.411669398860153,-0.596384587229794,-0.241557773069559,-0.774086550246009
823,9395,"s084","m1",0.694122118802285,0.400999094275585,-0.488890996338579,-0.188617086551301,-2.02563519090219
824,9414,"s084","m1",0.752745922192387,0.41688018833754,-0.578966405041807,-0.233291797095058,-1.31516856577427
825,9430,"s084","m1",0.724862616018385,0.466053601447387,-0.557824522501652,-0.126240312086591,-1.59539358877196
826,9466,"s084","m1",0.71738061632373,0.396533620326091,-0.551439783137014,-0.263473718433677,-2.21644633756242
827,9476,"s084","m1",0.714640031929878,0.404239012586162,-0.6408549761472,-0.220071926311207,-1.62092834662821
828,9480,"s084","m1",0.667465735076558,0.348925766294398,-0.725855981218539,-0.262203664317513,-0.182834090224404
829,9484,"s084","m1",0.715080967930654,0.502016062930622,-0.551246432327365,-0.0799543973337335,-1.76805646614002
830,9501,"s084","m1",0.663613766661586,0.407738227999071,-0.568768468051038,-0.282958604423271,-1.0541641063901
831,9505,"s084","m1",0.703600067503469,0.372312818763024,-0.57887036927487,-0.187583248683472,-0.438863513379336
832,9519,"s084","m1",0.731367381811632,0.376913608722138,-0.479713212548154,-0.186219339208806,-0.683265007622797
833,9525,"s084","m1",0.653876727476586,0.362255364702337,-0.594363092674975,-0.234455448111182,-0.343319128042772
834,9529,"s084","m1",0.757562920789491,0.395614164323189,-0.649691792133519,-0.167819092608546,-1.21760682973514
835,9542,"s084","m1",0.745823296673609,0.380385662197903,-0.564753843661146,-0.369307134267983,-2.6910417820968
836,9545,"s084","m1",0.714937507437183,0.319300189720111,-0.573599278222408,-0.370466634909315,-0.333586301140688
837,9559,"s084","m1",0.72006182727438,0.350276215938984,-0.551588280872278,-0.19775677605,-0.711729045803172
838,9571,"s084","m1",0.708673752743901,0.409117553377139,-0.602345086043936,-0.174225780836565,-0.983501372015984
839,9577,"s084","m1",0.678778275159637,0.39446924863325,-0.491705466017652,-0.335105814739714,-0.576629119173485
840,9583,"s084","m1",0.69373573426859,0.421904664298776,-0.571517768810896,-0.256326629679173,-1.22666104208394
841,9594,"s084","m1",0.620599960220183,0.238159692805808,-0.766975770596062,-0.335845684648569,0.429677425284665
842,9595,"s084","m1",0.645515909797406,0.400840954443775,-0.700618496147966,-0.150956710226773,-0.663684026420983
843,9615,"s084","m1",0.710662192430796,0.337549087864977,-0.475019958307431,-0.187506643513149,-1.00779306667633
844,9625,"s084","m1",0.635214324841933,0.376940847223045,-0.785382341926177,-0.284927783747743,-0.915476295446151
845,9642,"s084","m1",0.668291685703876,0.384544095123778,-0.499789884619119,-0.263243139498663,-0.187450483716162
846,9649,"s084","m1",0.781407469049612,0.392986737905932,-0.581727764906386,-0.18390642173659,-2.56876935929858
847,9669,"s084","m1",0.652081692708795,0.339778456660269,-0.816645134667152,-0.23175262737626,-1.4342562360376
848,9682,"s084","m1",0.662184948241702,0.294576421643752,-0.747907923526254,-0.307312215599237,0.241306766310333
849,9692,"s084","m1",0.62870757733502,0.453395567479172,-0.577914112835458,-0.125927855222106,-0.883299668127543
850,9700,"s084","m1",0.618117648319434,0.305635844788976,-0.714842826087635,-0.230256732436612,-0.589011381339766
851,9702,"s084","m1",0.745878575586693,0.424861772862877,-0.595901736200567,-0.186409582648762,-3.61904153119986
852,9718,"s084","m1",0.63045251651665,0.37562981209313,-0.675302310065498,-0.223176278375852,-0.639394011934373
853,9731,"s084","m1",0.655292859879933,0.332949095429899,-0.750041357067616,-0.178100384550442,-0.330866024496647
854,9743,"s084","m1",0.687140173174489,0.350534976392323,-0.57437066199095,-0.137137111479136,-0.634052359094043
855,9768,"s084","m1",0.745976044177542,0.453309522114624,-0.540772283844806,-0.135642898703421,-1.78333653851408
856,9770,"s084","m1",0.733331362222016,0.47807875905056,-0.539699869123013,-0.168613234195269,-2.74227429050014
857,9775,"s084","m1",0.651518006424461,0.350249196836595,-0.740820519604114,-0.401507183048841,-0.728197364024586
858,9815,"s084","m1",0.634710604982476,0.325804483712274,-0.514815508187005,-0.267876534008753,-0.312882722238842
859,9824,"s084","m1",0.665008664131496,0.401148823791992,-0.645936870549158,-0.242866111628833,-0.698839571149373
860,9838,"s084","m1",0.761804255038509,0.45219659892507,-0.352154007886646,-0.166273579326654,-1.95135620629165
861,9846,"s084","m1",0.577290096636233,0.256085968378631,-0.892621105364203,-0.40119795614316,-0.601514418177238
862,9852,"s084","m1",0.613724912071355,0.378187705785615,-0.540800482956571,-0.431975680206501,-1.09097652897726
863,9863,"s084","m1",0.734598809207902,0.379642774042905,-0.412909813716989,-0.134670725368387,-0.548744804094541
864,9864,"s084","m1",0.680244942589794,0.319864839503963,-0.640823191061693,-0.183214537814627,-1.53252882351534
865,9870,"s084","m1",0.6267674081556,0.394382249577302,-0.551308305987526,-0.180747053493282,-0.898927808308823
866,9896,"s084","m1",0.649724586193305,0.403057299074153,-0.611857253282813,-0.29283040393257,-0.639747320177198
867,9898,"s084","m1",0.647713219013503,0.332753195993718,-0.615476939464196,-0.24589695853768,-0.246098406914169
868,9906,"s084","m1",0.780785697941309,0.487261186120702,-0.367078273905128,-0.229839086602651,-1.57930694263395
869,9917,"s084","m1",0.715378539561004,0.387411132459104,-0.547564271610791,-0.212690161804849,-1.25353441331746
870,9925,"s084","m1",0.698674502415116,0.459496236969249,-0.501821231572764,-0.348113464596908,-0.983303102432462
871,9926,"s084","m1",0.625417440484762,0.282440370216723,-0.595563156756346,-0.322095744453613,-0.114622416086929
872,9930,"s084","m1",0.679600068750724,0.395139428526056,-0.522182990689755,-0.259183877860312,-1.7116066258605
873,9960,"s084","m1",0.734868636617337,0.393865340426738,-0.482665709618376,-0.115621169147178,-1.14223800152094
874,9981,"s084","m1",0.756337995265479,0.481898473738614,-0.543350933180301,-0.238143407882591,-1.50354967657521
875,9983,"s084","m1",0.64493922298168,0.266680738223761,-0.69943934167407,-0.370201986482754,-0.227604631370989
876,10004,"s084","m1",0.630098763507007,0.371618485758237,-0.863182626733863,-0.28581590375871,-0.942646549666397
877,10005,"s084","m1",0.722956747687535,0.452433526994671,-0.504656167184146,-0.296075044719893,-2.01014506969057
878,10023,"s084","m1",0.622725462192239,0.301986348320279,-0.639092020110736,-0.475831084533803,-0.291008493701598
879,10028,"s084","m1",0.622280938910934,0.254571607900209,-0.810667630665029,-0.463563874437292,-0.105020082807176
880,10058,"s084","m1",0.612524368101937,0.285792117311906,-0.682657827182774,-0.314765880320247,-0.181724988001205
881,10077,"s084","m1",0.711378309874267,0.465095616689303,-0.624110528583574,-0.0843535941298963,-1.25393916747739
882,10094,"s084","m1",0.692844823960174,0.34328426739163,-0.579799974223499,-0.157975151494579,0.0660169284801132
883,10133,"s084","m1",0.691520283985792,0.381378108998735,-0.583023929760704,-0.348939357588817,-1.20368602396708
884,10134,"s084","m1",0.658869476120119,0.387552415037548,-0.48910434192157,-0.260517394280856,-0.732710765758229
885,10136,"s084","m1",0.692840116373113,0.356759992706829,-0.647834787452816,-0.232422566808639,-1.37963721411036
886,10139,"s084","m1",0.615262418991711,0.302505707800127,-0.678807697496781,-0.29759953454771,-0.260279107477236
887,10153,"s084","m1",0.625926144962782,0.321651190627385,-0.841849935390695,-0.252178011011355,0.0867256909785641
888,10177,"s084","m1",0.766722234730173,0.430448609165415,-0.48767680130245,-0.204064845163988,-0.703010827937343
889,10183,"s084","m1",0.677777331783672,0.265818800622484,-0.710125139879427,-0.322421980871792,-0.162131474694767
890,10189,"s084","m1",0.606378518303426,0.296340554525947,-0.911814398896102,-0.366867793609347,0.318977295702116
891,10190,"s084","m1",0.63297569858471,0.353278437719382,-0.606775933680705,-0.265014390083778,-0.775773244523369
892,10194,"s084","m1",0.604660207719591,0.321709983264196,-0.717795686385281,-0.355108010512778,-0.421419058368796
893,10195,"s084","m1",0.735950220862793,0.44375298245084,-0.60945464356184,-0.18439756786074,-1.19646745503895
894,10232,"s084","m1",0.709947356122296,0.453281025209232,-0.613724119533212,-0.168970580791355,-1.76641024010835
895,10235,"s084","m1",0.644355160372274,0.360384865049777,-0.531573208478197,-0.264656006427816,-0.990238015003338
896,10241,"s084","m1",0.660458019842103,0.361788477832571,-0.662276248606644,-0.319945491915396,-0.526849090653152
897,10246,"s084","m1",0.699458033807444,0.319211543779351,-0.674741180491277,-0.359345856782342,-0.808148562684781
898,10250,"s084","m1",0.594441093673922,0.306864663550101,-0.756372381271686,-0.278950020495055,-0.678347999538963
899,10253,"s084","m1",0.717996204782455,0.43743572923675,-0.528296984423582,-0.164148075517698,-1.86218239671594
900,10303,"s084","m1",0.659155058530447,0.392505002629028,-0.691588697108876,-0.272576676514657,-0.771726802878253
901,10308,"s084","m1",0.601681814403984,0.29361755997804,-0.786577308693565,-0.37310956188811,0.114912623277729
902,10344,"s084","m1",0.651060056476195,0.348846275296616,-0.630306454768182,-0.331050375141645,-0.228340361182706
903,10348,"s084","m1",0.695483024781366,0.36925248558038,-0.556038226505761,-0.260824472083219,-0.0447087618303497
904,10350,"s084","m1",0.660050814125041,0.333346130474081,-0.666641786312551,-0.25401457621155,-0.9057565708781
905,10357,"s084","m1",0.692231793043347,0.378618376731687,-0.530197246380062,-0.221162519752976,-0.652838723445573
906,10364,"s084","m1",0.666694681450722,0.229503996962399,-0.640599751005642,-0.344164530968258,-0.318061506732838
907,10373,"s084","m1",0.618508662293568,0.371045364577661,-0.651686795465533,-0.374398437784297,-0.186223136729285
908,10383,"s084","m1",0.697628077836289,0.404338717804058,-0.54301513487463,-0.234152278162722,-1.2325755669989
909,10404,"s084","m1",0.659963526262957,0.349549812333742,-0.462340720732444,-0.259584859058636,-0.621495409518753
910,10419,"s084","m1",0.559047476101733,0.284241582871468,-0.638280157331665,-0.29455160825006,-0.21205812679123
911,10430,"s084","m1",0.625837924545884,0.410778633241893,-0.711074672371265,-0.364703375784766,-0.616957434403194
912,10443,"s084","m1",0.705213047674095,0.433037684169422,-0.463896985595953,-0.16876711900314,-0.983723661759498
913,10468,"s084","m1",0.635025053176481,0.357559221746807,-0.682219355769692,-0.186518504944827,-0.334119653368438
914,10475,"s084","m1",0.726722846224909,0.400347309662185,-0.562625245243337,-0.290061544523265,-1.29318540373946
915,10479,"s084","m1",0.637496233906361,0.33407168813424,-0.691434641221787,-0.295773620420515,-0.554055340632099
916,10482,"s084","m1",0.693879312698036,0.372282842331682,-0.545660816808761,-0.215197815987652,-0.487221435891148
917,10484,"s084","m1",0.655820349164453,0.336015798966133,-0.530910302060688,-0.26333001732141,-0.363889699676288
918,10494,"s084","m1",0.655656108945794,0.295214549081631,-0.668371485851193,-0.306632155314319,0.00459946436851058
919,10497,"s084","m1",0.712754267854722,0.449897088261013,-0.433794452785942,-0.225271736653464,-1.64489336619922
920,10499,"s084","m1",0.727767083086972,0.421072442162191,-0.531551123154123,-0.452247948912495,-2.60810305073485
921,10501,"s084","m1",0.679325725608983,0.334947582282402,-0.64620542395105,-0.270348749560741,-0.617684875993013
922,10526,"s084","m1",0.646983738333627,0.353431035541595,-0.71770303668315,-0.321683592966071,-0.180944835741616
923,10540,"s084","m1",0.680375594039639,0.345555067030334,-0.501739422660733,-0.211591379106562,-0.431752248174494
924,10559,"s084","m1",0.626503199425008,0.335499623326558,-0.624242721113568,-0.312566801012457,0.107803604614962
925,10566,"s084","m1",0.745943327010782,0.464916194979675,-0.454475258846011,-0.168245332040752,-2.00836414285877
926,10575,"s084","m1",0.611381194477013,0.312979242018471,-0.749860019163188,-0.313971252790897,-0.33349634221163
927,10594,"s084","m1",0.656687096162193,0.35881343804096,-0.59361250894704,-0.238918043041873,-1.24360176194303
928,10595,"s084","m1",0.693764973459415,0.398819136302729,-0.786308704447484,-0.261589830654722,-0.602997906529995
929,10645,"s084","m1",0.67714657665853,0.384324902417477,-0.819735265893543,-0.241528161915843,-0.600835134673954
930,10648,"s084","m1",0.606701971117341,0.348248038101951,-0.542731046906799,-0.388452703799547,-0.062210457621718
931,10650,"s084","m1",0.601816952091375,0.339218691263802,-0.785925121015727,-0.34947854678566,-0.239786056267428
932,10659,"s084","m1",0.702277963276535,0.387313807959569,-0.439688834515388,-0.317762919033282,-1.90239244625545
933,10669,"s084","m1",0.549830086743776,0.30262002416766,-0.738211815023144,-0.38057349700494,-0.229483620095158
934,10672,"s084","m1",0.659059030124511,0.368147508117143,-0.554375558686743,-0.22109163292953,-1.49987803025026
935,10678,"s084","m1",0.593607218418054,0.33015641527817,-0.697917827559334,-0.418819530121221,-1.49401927180054
936,10684,"s084","m1",0.63245890167836,0.326829221944371,-0.680613026367699,-0.254920860155129,-0.5372568482774
937,10693,"s084","m1",0.640050332058663,0.349616084179526,-0.779075680494326,-0.276652716328904,-0.985810068116863
938,10695,"s084","m1",0.774685673781326,0.437827853666593,-0.515653827958361,-0.182958902842261,-1.57823165833825
939,10702,"s084","m1",0.706111407027256,0.445093426483568,-0.495440731767125,-0.137151425694601,-1.24307722982164
940,10706,"s084","m1",0.687017011453997,0.432498169087264,-0.565658521102672,-0.242218550826998,-1.18641578097207
941,10718,"s084","m1",0.593101325191178,0.356021357611124,-0.719290638435701,-0.400519629261305,-0.616731702263998
942,10724,"s084","m1",0.646388593300712,0.352607628752361,-0.832564071306183,-0.498066091961633,-1.48935084104527
943,10759,"s084","m1",0.713668500720736,0.312686415912207,-0.615337101967587,-0.224263632641461,-0.709621865099752
944,10825,"s084","m1",0.672662698854277,0.414333839059566,-0.455035410252465,-0.215799013850145,-1.30962463908438
945,10836,"s084","m1",0.574268360531079,0.234028544803354,-0.667410373917122,-0.406732367671943,0.340584789351464
946,10850,"s084","m1",0.650173802867954,0.352220577578539,-0.697649586732101,-0.223451126497712,-0.938003302266579
947,10855,"s084","m1",0.641902804652217,0.352580130276735,-0.717982323989274,-0.353097200264782,-0.496640282015652
948,10860,"s084","m1",0.651130321280902,0.338329536456771,-0.521904850639366,-0.40404905766507,-0.467016031235288
949,10863,"s084","m1",0.766456968414052,0.44717244840859,-0.341444425149904,-0.17051224128801,-1.94823251926326
950,10865,"s084","m1",0.772473713833804,0.458672295165262,-0.541552595702418,-0.182343985961868,-2.24005778459409
951,10877,"s084","m1",0.684275167360952,0.380284089041712,-0.674012720086392,-0.269523146481982,-0.436654998301454
952,10900,"s084","m1",0.678408142306409,0.369113555293805,-0.448769535448294,-0.202172639515097,-0.547237096591402
953,10910,"s084","m1",0.69447616986084,0.349135790168382,-0.710514698830622,-0.286578754893132,-0.104036532761532
954,10919,"s084","m1",0.738713143390826,0.432715148691483,-0.641755716562845,-0.109325698536249,-1.87862720207916
955,10922,"s084","m1",0.634845188391481,0.270832964349737,-0.659346080378114,-0.325935019973629,0.190394183858792
956,10928,"s084","m1",0.670840367214493,0.307630387226274,-0.49354274880877,-0.260102528850508,-0.27535766165394
957,10952,"s084","m1",0.73593706364933,0.437896242636503,-0.483828334892553,-0.252543869086847,-1.74481924377482
958,10957,"s084","m1",0.719100294628277,0.423555478133581,-0.576239017773659,-0.182056599013586,-1.06165448692331
959,10965,"s084","m1",0.753051652445845,0.428097043664535,-0.42359881441832,-0.199095211445963,-1.1803508047383
960,10998,"s084","m1",0.667311427335121,0.358081302859686,-0.662104885306731,-0.259426721185226,-0.568940808688022
961,11024,"s084","m1",0.698709689628564,0.429338954065359,-0.552670482302785,-0.105828373138389,-1.63013789006028
962,11031,"s084","m1",0.617965770295313,0.339894374864267,-0.748106465252018,-0.319907862606727,-0.965298835550054
963,11032,"s084","m1",0.712529055184061,0.442304044395268,-0.526503121659882,-0.206012712548673,-1.60558423359609
964,11047,"s084","m1",0.640131428895663,0.335821478997174,-0.637595440551024,-0.20296419205628,-0.739886878677094
965,11072,"s084","m1",0.690756596313294,0.414570124623537,-0.663040853678037,-0.204964682765542,-1.37013424325434
966,11084,"s084","m1",0.730897872820447,0.378218664040866,-0.521361236478684,-0.320960914453705,-0.869580984634942
967,11090,"s084","m1",0.712313712997531,0.402111469695423,-0.529294295554871,-0.229040225765664,-1.73012294925742
968,11100,"s084","m1",0.729170199587215,0.419587308571176,-0.60245154600361,-0.25785626000504,-1.09555685979142
969,11112,"s084","m1",0.645249448379077,0.35399045925828,-0.713593576482259,-0.340646317574186,-0.528156737473352
970,11115,"s084","m1",0.601105972387769,0.343446850600227,-0.691038740871395,-0.238031674916671,-0.228654855311662
971,11117,"s084","m1",0.607633986958436,0.312266335494655,-0.449411369961823,-0.231231212606349,-0.106542979344449
972,11125,"s084","m1",0.691856638893289,0.407315935627931,-0.572227636315028,-0.169396002408718,-0.594660622011021
973,11142,"s084","m1",0.615322374501215,0.355031490540207,-0.669185606215008,-0.218541819527583,-1.4104475637424
974,11160,"s084","m1",0.701281071059922,0.431931834037259,-0.560739044339532,-0.219697387245026,-0.966473010773549
975,11168,"s084","m1",0.608954665582731,0.354203997531627,-0.720125574949616,-0.337550855314751,0.0556408553360865
976,11201,"s084","m1",0.674392089874791,0.315704396094644,-0.592407447497615,-0.21787510080402,-0.609120075239721
977,11210,"s084","m1",0.654099375601915,0.333583770996923,-0.699701095463983,-0.255167383743443,-1.36672735020542
978,11220,"s084","m1",0.606048762913249,0.420485614100333,-0.619493908296009,-0.288759781358451,-0.992548973570278
979,11221,"s084","m1",0.594411059624304,0.277015759859863,-0.673417700768934,-0.361424008565547,0.479510330784073
980,11256,"s084","m1",0.654278038399569,0.427358459338575,-0.595504529219068,-0.259357465182172,-0.406722989734529
981,11266,"s084","m1",0.698190312605166,0.355735863636454,-0.586807896451409,-0.425422219486105,-0.78982427949773
982,11284,"s084","m1",0.606471972782132,0.404830358662222,-0.509979342154814,-0.350458364175872,-0.964738890199295
983,11285,"s084","m1",0.720708457817117,0.391131546089402,-0.398786755159241,-0.264285765472341,-1.29059006433768
984,11288,"s084","m1",0.668667453453885,0.365896918516662,-0.670640711271344,-0.236714817579515,-0.458846906931953
985,11310,"s084","m1",0.679018032519883,0.38790542370549,-0.499053698877477,-0.198619830280011,-0.89683134472421
986,11315,"s084","m1",0.741891367564823,0.372230648906655,-0.647969387837654,-0.210560957071564,-1.9099582376485
987,11320,"s084","m1",0.717641209857462,0.408101006776541,-0.501046178673907,-0.290969341082695,-0.89329467123549
988,11327,"s084","m1",0.687551674332131,0.305953951531624,-0.677807922294031,-0.237193284370168,-0.381395131493405
989,11344,"s084","m1",0.693922599644759,0.339082472208071,-0.575826582581106,-0.449917235340234,-1.02379699759412
990,11367,"s084","m1",0.659592276190878,0.349131937487404,-0.696977402217692,-0.356104697507062,-0.775642619558406
991,11381,"s084","m1",0.68344188666816,0.323540100141631,-0.749161418841074,-0.279142132810965,-0.429236526059561
992,11395,"s084","m1",0.660892715554924,0.374326734365548,-0.524154833504137,-0.198734904151802,0.00891224378310274
993,11396,"s084","m1",0.650035208408212,0.429116016958926,-0.529489294623557,-0.257557701516748,-1.58164288306004
994,11414,"s084","m1",0.726013791836677,0.385618652412488,-0.658355240863988,-0.21661994047625,-0.746205017385782
995,11428,"s084","m1",0.573444106223171,0.283007497509082,-0.72161847191304,-0.365980398229473,0.236267221908566
996,11436,"s084","m1",0.734938523245681,0.419419545275948,-0.488481525782488,-0.111246120565097,-0.854495408720345
997,11437,"s084","m1",0.664622110956731,0.42426219615584,-0.591048068765353,-0.250779354322307,-0.957350100648246
998,11438,"s084","m1",0.715492352268616,0.448088873877822,-0.57460478969166,-0.0775775899712129,-1.29205723561602
999,11457,"s084","m1",0.656799565047376,0.321134857271321,-0.640869332233769,-0.359410712994095,-0.703212945936461
1000,11463,"s084","m1",0.605133366680293,0.297431184714368,-0.671261411783394,-0.482326746042861,0.207294390610023
1001,11470,"s084","m1",0.666583553204135,0.355133046896498,-0.69856045227501,-0.275815844493262,-0.704493383971815
1002,11476,"s084","m1",0.717554812075756,0.391415189724186,-0.568366666127245,-0.267483386186372,-0.901898600395002
1003,11482,"s084","m1",0.672545244840106,0.365029000629443,-0.594331045322406,-0.253599663494712,-0.638529058390074
1004,11503,"s084","m1",0.721304184910082,0.381193880771926,-0.526243859821901,-0.275258446323994,-0.75821399484656
1005,11517,"s084","m1",0.736355533433366,0.387749185662705,-0.522097880351173,-0.203566230595156,-0.491248671577078
1006,11541,"s084","m1",0.698163478489582,0.399578704310567,-0.620838448494686,-0.217340951263598,-1.66155424138963
1007,11548,"s084","m1",0.67863976020946,0.368271157056874,-0.570518079217066,-0.253276402620676,-0.994110554348482
1008,11553,"s084","m1",0.687863577246388,0.410716835001575,-0.653483978698707,-0.276934875522933,-0.315096870872984
1009,11554,"s084","m1",0.63303377010967,0.396324405627023,-0.597485522990816,-0.24899121404525,-1.01755153405603
1010,11562,"s084","m1",0.590323536444358,0.322024349246121,-0.68538083398739,-0.21215347690434,0.421903299102044
1011,11587,"s084","m1",0.620091411667962,0.311879950471938,-0.738648273331137,-0.153637493396359,0.340787071491953
1012,11599,"s084","m1",0.60040485186126,0.30467491999538,-0.699985522574909,-0.301328291804045,-0.441033262413855
1013,11606,"s084","m1",0.721096555843025,0.466181662907664,-0.577540061861862,-0.155852601039912,-2.7130903314532
1014,11615,"s084","m1",0.704833201796552,0.358068511352306,-0.749876299994074,-0.327885013413661,-1.02329248674649
1015,11617,"s084","m1",0.615937279811541,0.314414290597226,-0.609657032846183,-0.177646760376548,-0.0615750025002712
1016,11619,"s084","m1",0.677769651289326,0.384577040030449,-0.581942857882574,-0.366722567127999,-1.38140786464788
1017,11620,"s084","m1",0.592726733053688,0.357803597464192,-0.582987536227053,-0.315763850340841,-0.618196583191362
1018,11659,"s084","m1",0.58122111859935,0.302372452188564,-0.835668151341568,-0.319690965804853,0.154736040086936
1019,11662,"s084","m1",0.696355119243904,0.389774858232479,-0.514742802313733,-0.194378360596907,-0.859448709785111
1020,11667,"s084","m1",0.683311992556609,0.396925856792211,-0.615486220232979,-0.225261392400361,-0.533748689436603
1021,11671,"s084","m1",0.747816068622079,0.440192233273448,-0.554529602189384,-0.184753368546548,-1.14384692322508
1022,11684,"s084","m1",0.711482476600254,0.436337598947516,-0.416716681295047,-0.143817743617129,-1.13539337710918
1023,11688,"s084","m1",0.725147715860142,0.497511011656097,-0.357758544862159,-0.137881269934911,-1.77924971094045
1024,11699,"s084","m1",0.645710749888484,0.277501869781979,-0.759306275120994,-0.292731020532882,-0.405912406597365
1025,11704,"s084","m1",0.714991305481322,0.427752522467804,-0.756680518696679,-0.157278861073403,-0.757347997903804
1026,11709,"s084","m1",0.686141821403457,0.432193591788501,-0.51517108210467,-0.302334570853061,-1.52312840494695
1027,11711,"s084","m1",0.575894405194423,0.298385892535763,-0.66620690331163,-0.414487828094994,-0.198944712833615
1028,11716,"s084","m1",0.668487499838778,0.352975045533617,-0.563122991032083,-0.319036158744995,-0.179284688511311
1029,11748,"s084","m1",0.619566638066305,0.311409412864415,-0.64990282696114,-0.431869829017463,-0.488374596501681
1030,11752,"s084","m1",0.68042143502377,0.389470072235286,-0.433576708178435,-0.240563799699387,-1.0430267605437
1031,11769,"s084","m1",0.676025417967672,0.368454782873328,-0.489501558820178,-0.283492625088391,-1.29572283596589
1032,11796,"s084","m1",0.657250920944001,0.338845195145898,-0.546188480633793,-0.227524263059832,-0.605106506247354
1033,11806,"s084","m1",0.743640575667985,0.340977260414503,-0.501811236958384,-0.342047828165638,-1.23573364284475
1034,11808,"s084","m1",0.644656960464947,0.322895816729352,-0.800989065926213,-0.299294807703892,-0.347829358390354
1035,11810,"s084","m1",0.695897733708523,0.365714345449127,-0.58135627343436,-0.19184427164058,-0.585526873234137
1036,11855,"s084","m1",0.576307561718639,0.360561509351366,-0.710984825979692,-0.280824035716737,-0.54745298171239
1037,11870,"s084","m1",0.58378321180917,0.282620654821936,-0.89068278479467,-0.288973769096238,-0.139248225568225
1038,11916,"s084","m1",0.727571516149887,0.428121647402301,-0.515411626932734,-0.178608352172426,-1.48757707918079
1039,11918,"s084","m1",0.590116940352418,0.406623334255342,-0.407970349060757,-0.309893104090173,-0.778558443140797
1040,11941,"s084","m1",0.708741192036213,0.349365620311464,-0.49422582929002,-0.243668892317405,-0.323314830252186
1041,11958,"s084","m1",0.67173955716968,0.376427488564034,-0.553752745741422,-0.163486653005018,-0.92723946174666
1042,11993,"s084","m1",0.625521200612235,0.356934831741604,-0.641564002682984,-0.350893121311977,-0.496814406603475
1043,12021,"s084","m1",0.727551066272298,0.425211450006425,-0.512946258099254,-0.171437312048202,-1.01041695661984
1044,12040,"s084","m1",0.657191249629902,0.332705101256721,-0.605489649255395,-0.3323372646401,-0.708029793809463
1045,12064,"s084","m1",0.758774780172515,0.428839110057758,-0.246195673303245,-0.253119508053021,-1.25535001252192
1046,12073,"s084","m1",0.678311556010572,0.385378859613067,-0.598340610562576,-0.189480808047224,-0.511201609536068
1047,12088,"s084","m1",0.615343146244445,0.402677554743405,-0.644284508822517,-0.299315026333023,-0.651954460417061
1048,12089,"s084","m1",0.654086329729089,0.314925158467217,-0.668602741221596,-0.355192443632698,-0.390207130710741
1049,12095,"s084","m1",0.679763692500031,0.318729220748269,-0.509836953474945,-0.264136346879462,-0.873484158903567
1050,12101,"s084","m1",0.667329740771471,0.316171074876466,-0.559037745713634,-0.325325747160421,-0.0193405956157927
1051,12114,"s084","m1",0.691347519350987,0.392259716067773,-0.570216468394974,-0.219510521502841,-0.48108706257928
1052,12122,"s084","m1",0.681978935536093,0.342063884534614,-0.851421610011826,-0.277145094635544,-0.564046753746816
1053,12138,"s084","m1",0.686395169500816,0.429146176420858,-0.767126272225825,-0.155699010253939,-1.78172214793266
1054,12190,"s084","m1",0.654585152690653,0.367535810671338,-0.578673580232797,-0.300570940305638,-0.659347618182046
1055,12191,"s084","m1",0.724970015955088,0.41345676126487,-0.529410943607445,-0.187023653333897,-1.39590810795174
1056,12196,"s084","m1",0.737263578273811,0.403892842559086,-0.489486927438056,-0.203301477011357,-1.34943010114985
1057,12201,"s084","m1",0.678133940897253,0.354367921586394,-0.675108904138765,-0.188554803834844,-0.478421258024921
1058,12205,"s084","m1",0.633731707923268,0.30096136074523,-0.705914601162043,-0.332403306743789,-0.390072981885297
1059,12257,"s084","m1",0.670919624226898,0.387738736353997,-0.508021503246087,-0.282525897896615,-0.833673482079019
1060,12273,"s084","m1",0.642330413476144,0.342452321645236,-0.803120060386438,-0.115901540189805,-0.280705658762188
1061,12282,"s084","m1",0.718207795304119,0.381092760685171,-0.535513518325608,-0.185832385802138,-1.00220005993282
1062,12290,"s084","m1",0.681279653403288,0.364904091372365,-0.652837484165654,-0.127575827394563,-0.996868795872997
1063,12291,"s084","m1",0.703457260129015,0.3420885539531,-0.772762028074016,-0.167770987112103,-1.15851563362713
1064,12294,"s084","m1",0.701567295335122,0.458574828972951,-0.491417278354105,-0.130806005691961,-1.60506343989877
1065,12301,"s084","m1",0.65792684463083,0.417271050804889,-0.721049692199152,-0.19232129644809,-0.804633095727435
1066,12351,"s084","m1",0.618335703946143,0.350018838783673,-0.819404080381838,-0.364559100150118,-0.724626915022061
1067,12368,"s084","m1",0.571767898009668,0.328198337346363,-0.871428639542228,-0.405267166713774,-0.616949503802493
1068,12373,"s084","m1",0.582565286964731,0.331791441960593,-0.726129421541939,-0.290836651969975,-0.00444024591593166
1069,12382,"s084","m1",0.623936174466392,0.357634053380775,-0.68550207233881,-0.428126706584567,-1.10185112000862
1070,12391,"s084","m1",0.674915565308086,0.283015466565411,-0.812376407876479,-0.402880359268854,-0.356740875369706
1071,12395,"s084","m1",0.623507255005636,0.29881602667757,-0.894815697447165,-0.314394680274604,-0.325586542382809
1072,12399,"s084","m1",0.746027299184709,0.423426455737126,-0.60702020008114,-0.125073920506791,-1.63875520634386
1073,12430,"s084","m1",0.667571487027277,0.303628988068119,-0.701001846873367,-0.278957207820855,-0.789681904723721
1074,12442,"s084","m1",0.739747839066638,0.454434673846358,-0.535334455795967,-0.209149408890423,-1.15308771119652
1075,12445,"s084","m1",0.640926754715299,0.405045488497583,-0.560971419352777,-0.121954476314001,-0.0719460676984014
1076,12460,"s084","m1",0.731177372099436,0.36789465555444,-0.538985932834912,-0.212121296142178,-1.3050631210636
1077,12462,"s084","m1",0.692099962174234,0.403693833083952,-0.61131492341645,-0.298799482712288,-1.8943907080507
1078,12463,"s084","m1",0.635409106643089,0.372047769350638,-0.648192322279769,-0.349372329696904,-1.57358452772884
1079,12483,"s084","m1",0.676628747089699,0.418132541800267,-0.593538279429992,-0.271246712860794,-1.0219438764265
1080,12487,"s084","m1",0.648980850605224,0.305573422441115,-0.658853668124167,-0.302856295957012,-0.498270391701652
1081,12491,"s084","m1",0.727008166577149,0.38789813798564,-0.434303501918372,-0.148630984608842,-0.761403088186714
1082,12504,"s084","m1",0.634559303608173,0.34775191527013,-0.678090927227873,-0.358888084301668,-0.661747209662899
1083,12516,"s084","m1",0.598808414076113,0.330742160376544,-0.807190862688876,-0.43361914535667,-0.464124551009712
1084,12518,"s084","m1",0.644895822697872,0.37296699196974,-0.652704783372166,-0.208441686257168,-0.227344024197657
1085,12527,"s084","m1",0.742980945778985,0.506943184131224,-0.489215515919207,-0.153156746131762,-2.65832847836006
1086,12547,"s084","m1",0.706908832741857,0.344899373357433,-0.812252036622689,-0.237682281778502,-0.722895554186474
1087,12554,"s084","m1",0.76212316856139,0.435205647907964,-0.433822704315228,-0.132407672950491,-1.73327307553595
1088,12562,"s084","m1",0.684118899903373,0.336147710644719,-0.579580646342468,-0.220925214537467,-0.89989390165344
1089,12566,"s084","m1",0.697430487004747,0.389513989116293,-0.600892850726917,-0.233115041029761,-2.15920676858001
1090,12569,"s084","m1",0.625339247910922,0.332598708679041,-0.573765878913658,-0.248436120238259,-0.560158935826429
1091,12584,"s084","m1",0.598311817775148,0.276662580643442,-0.799870443843792,-0.325741728697549,0.456140584069935
1092,12615,"s084","m1",0.66960677596539,0.389225456754946,-0.667315895331339,-0.261553848645266,-1.65527450388072
1093,12616,"s084","m1",0.729764741123564,0.422797809200981,-0.511465089277735,-0.144210817726155,-1.8717931626561
1094,12617,"s084","m1",0.616058825534835,0.289301833308579,-0.720253542084275,-0.390292202766506,0.10659624397723
1095,12625,"s084","m1",0.639427654429502,0.316387831575858,-0.645727421789597,-0.221738893315935,-0.374835651681113
1096,12675,"s084","m1",0.727137439716659,0.4206935620137,-0.344993358652205,-0.33776000495423,-1.58490049724221
1097,12720,"s084","m1",0.719714554839115,0.395830866207002,-0.487115736316302,-0.216256980733236,-0.953931706592429
1098,12744,"s084","m1",0.667269201883862,0.422081402392654,-0.55265227016954,-0.332527012340049,-0.939252410260024
1099,12751,"s084","m1",0.627651960504206,0.276156027984471,-0.55855823694792,-0.433739951116128,-0.138156747800762
1100,12769,"s084","m1",0.640069136183777,0.237421910428339,-0.646365431807631,-0.577210341615137,0.0605246680611291
1101,12772,"s084","m1",0.697764710166124,0.394746391675431,-0.35930083385848,-0.210023871089365,-1.0921478809423
1102,12778,"s084","m1",0.596593786279231,0.387372344513733,-0.620204733433505,-0.285709497031781,-1.02129075582379
1103,12784,"s084","m1",0.64198259837033,0.344808698201959,-0.752834468772143,-0.356830258086414,-0.982079087598796
1104,12807,"s084","m1",0.640079612487665,0.391018511724227,-0.592308850670462,-0.14513588276735,-0.261560356062335
1105,12813,"s084","m1",0.694405669855586,0.350539673165464,-0.576847590841983,-0.201189609466996,-0.620278903306795
1106,12826,"s084","m1",0.701503686503708,0.40968189005552,-0.62764664879485,-0.340425862868445,-1.04623066947524
1107,12828,"s084","m1",0.654794636216846,0.452436744133098,-0.660595745447814,-0.200552217998492,-0.810957611097353
1108,12830,"s084","m1",0.644233777092006,0.334440194967995,-0.540152755307616,-0.435076829533253,-1.39099966171925
1109,12844,"s084","m1",0.607209769549168,0.339423208406983,-0.630637829790578,-0.398193245288152,-0.325947549022318
1110,12864,"s084","m1",0.649303287677753,0.300342246865165,-0.844959428095346,-0.19573992108047,-0.31335784319063
1111,12868,"s084","m1",0.677514423792924,0.382802680599997,-0.501572355315039,-0.265704609436989,-0.934058875494734
1112,12875,"s084","m1",0.67609419342436,0.396593181791116,-0.704956853921334,-0.174771152377142,-1.08811473149037
1113,12902,"s084","m1",0.708881334124553,0.36954659632656,-0.54607741465617,-0.254569179550267,-0.665305879361939
1114,12927,"s084","m1",0.684513693623696,0.374337900266279,-0.438491740778702,-0.192036296222324,-1.61567426193006
1115,12935,"s084","m1",0.682955583267507,0.398366979983449,-0.414340133616752,-0.351623496747731,-1.24541745255295
1116,12946,"s084","m1",0.66504414736206,0.272638248224929,-0.766185187659955,-0.369764228288491,-0.174745378174358
1117,12962,"s084","m1",0.618674854636429,0.377747042354863,-0.626904409579336,-0.209510082542804,-0.814491812926113
1118,12964,"s084","m1",0.63983123777508,0.32289306882502,-0.691544995869505,-0.197144416963482,-0.154887008491089
1119,12984,"s084","m1",0.560799604754938,0.349970998934902,-0.660647560439903,-0.315103759724643,-0.0235213475289237
1120,12987,"s084","m1",0.650245817315807,0.304653203197849,-0.789867822346274,-0.450898384175941,-1.34818984235262
1121,12999,"s084","m1",0.661586274879007,0.407537578078939,-0.533105496122762,-0.148441791108608,-0.328458579273982
1122,13002,"s084","m1",0.659038105255103,0.325315227501486,-0.558853164007793,-0.300459319162641,-0.149251762696178
1123,13007,"s084","m1",0.700489013829481,0.445289667023501,-0.588960741159162,-0.221526739571154,-1.01303829600159
1124,13011,"s084","m1",0.729225628950601,0.419367253724381,-0.625350317327958,-0.229489250804096,-1.20981595111883
1125,13019,"s084","m1",0.625220940210251,0.25501060517818,-0.792372941048699,-0.317661034304571,0.173521944020017
1126,13023,"s084","m1",0.743935640287761,0.416104179621228,-0.447897287876906,-0.209256240018561,-0.465986371411573
1127,13039,"s084","m1",0.707048313737975,0.379987058198755,-0.458546686021909,-0.165419260278871,-0.621895053007217
1128,13046,"s084","m1",0.716895203933503,0.383088769718333,-0.533810419585645,-0.161961792169465,-1.29643972755252
1129,13053,"s084","m1",0.682468044956975,0.311181996406221,-0.54386310581543,-0.257611676367075,-0.262907020242316
1130,13058,"s084","m1",0.761611616150548,0.476737091164075,-0.509328299105519,-0.151547516682981,-1.33261797087733
1131,13070,"s084","m1",0.655135730120089,0.34262463580802,-0.552150450436577,-0.25582619990731,-0.541932752495002
1132,13078,"s084","m1",0.64775437461346,0.379873309942799,-0.593580758497041,-0.381243883354663,-1.15510729335269
1133,13092,"s084","m1",0.723928087699793,0.367242083649141,-0.529944270922446,-0.282889516877515,-1.2858324753766
1134,13093,"s084","m1",0.654716289801288,0.361663685219842,-0.546690578737692,-0.158032857704333,-0.717277940047984
1135,13100,"s084","m1",0.658082211844788,0.361144430710187,-0.534620140847479,-0.291066012486139,-0.666913529440858
1136,13102,"s084","m1",0.664654099499797,0.333532337518235,-0.666491874746208,-0.182257200231401,-0.957584222266493
1137,13108,"s084","m1",0.708510635162949,0.421557797122509,-0.640069595487422,-0.159825830350313,-0.436682172143466
1138,13109,"s084","m1",0.626033270393814,0.369446571510653,-0.614321242863561,-0.368532183887792,-0.739983434895677
1139,13145,"s084","m1",0.685351630052192,0.395828197467411,-0.719125890993969,-0.183367271434927,-0.787700478845745
1140,13147,"s084","m1",0.617001955697237,0.381141850626842,-0.558981168445529,-0.275596093733181,-0.461795335222688
1141,13184,"s084","m1",0.693398975392575,0.376401845895474,-0.567985750959506,-0.202069327446361,-1.0158269044693
1142,13192,"s084","m1",0.725043952957906,0.392964146981048,-0.538696342434134,-0.190105531676588,-1.34274267904691
1143,13199,"s084","m1",0.689896025095249,0.439346453188135,-0.720941401286684,-0.160654075396674,-1.49905938485335
1144,13208,"s084","m1",0.681564007996344,0.47049807651171,-0.547812960607881,-0.23311661097553,-1.55189766384155
1145,13214,"s084","m1",0.780172744903219,0.407131166694624,-0.771591142328061,-0.174389767469275,-1.76697383798313
1146,13222,"s084","m1",0.66690225011266,0.33449961280685,-0.508204691064965,-0.214795336951039,0.0149434386922971
1147,13252,"s084","m1",0.698984225185347,0.423578318914854,-0.597733243877972,-0.254876279278487,-1.16223166336062
1148,13256,"s084","m1",0.66836670561858,0.300691005250803,-0.689062778944275,-0.242724239455987,-1.02577681464472
1149,13272,"s084","m1",0.582865722164226,0.230170036997179,-0.627508573093507,-0.314344249356427,0.27279512083166
1150,13280,"s084","m1",0.743489278547893,0.39207265947777,-0.541288139225155,-0.180886972780833,-0.808972370186484
1151,13298,"s084","m1",0.651561810904418,0.355652592434866,-0.729669413187871,-0.273498591406644,-1.02157858209137
1152,13299,"s084","m1",0.645143540235743,0.328640075158686,-0.835518955242645,-0.337516416503326,-1.55562902845682
1153,13301,"s084","m1",0.704827576152999,0.384581713678485,-0.619902915777998,-0.318199889750783,-0.791054830601533
1154,13310,"s084","m1",0.6156905036237,0.392882803710852,-0.662444669115561,-0.281517327092964,-0.184659663421231
1155,13311,"s084","m1",0.665961914742471,0.345634063664433,-0.583404517030894,-0.35727668199941,-1.51784233686887
1156,13337,"s084","m1",0.759791477715973,0.45512351728539,-0.395718354633691,-0.171828927720568,-1.55190526992965
1157,13346,"s084","m1",0.697394776595893,0.365256748643697,-0.65582516616865,-0.194369273417479,-0.623274759429553
1158,13355,"s084","m1",0.720442054158888,0.454597589652878,-0.477796387510363,-0.232373503121007,-1.19112516994393
1159,13359,"s084","m1",0.640062273043466,0.333546630382189,-0.648367812600589,-0.351567079805611,-0.380358294021242
1160,13383,"s084","m1",0.654013395916942,0.356755385149051,-0.569654424582975,-0.384941202611683,-1.00978084941041
1161,13393,"s084","m1",0.69106308467643,0.354004320634227,-0.622267306145489,-0.273102240362867,-0.730904577755287
1162,13442,"s084","m1",0.741950670058552,0.395940078836705,-0.388781247101952,-0.236125398451161,-1.30348280354087
1163,13451,"s084","m1",0.697436176700625,0.436764250608432,-0.534214805782161,-0.262612346161199,-1.05490037715675
1164,13464,"s084","m1",0.734176653524167,0.38398235571272,-0.663395137520112,-0.233358440599345,-1.48170451219405
1165,13472,"s084","m1",0.651158007122531,0.37933389335623,-0.680020342425844,-0.234502845825492,-0.930149674668898
1166,13493,"s084","m1",0.715564050147637,0.418028453662322,-0.469241788735114,-0.236706880359124,-1.37230895135059
1167,13505,"s084","m1",0.573521580515693,0.301070719081381,-0.78675110701675,-0.367427086313938,-0.0993383774871509
1168,13546,"s084","m1",0.597258521170175,0.312205514844484,-0.719517852174034,-0.201902826851418,-0.597588066449988
1169,13547,"s084","m1",0.593672889981956,0.299351797073191,-0.677052424427306,-0.423576274298893,0.123418179910269
1170,13552,"s084","m1",0.675532545387494,0.329654631413081,-0.59841154280034,-0.28186920798621,-0.601689131267101
1171,13558,"s084","m1",0.659732070809327,0.380736554861655,-0.490695458625175,-0.173454103961095,-0.6454609859008
1172,13559,"s084","m1",0.734971211598023,0.482212679783185,-0.56620220974851,-0.170028164918913,-2.14103715826371
1173,13560,"s084","m1",0.648909477951677,0.371430778366288,-0.727853565864694,-0.315197293138741,-1.54605693500175
1174,13573,"s084","m1",0.668961370479065,0.354801209567245,-0.554944473902427,-0.312991399351353,-0.775309501260703
1175,13582,"s084","m1",0.673596286713589,0.316598229466208,-0.678618193935072,-0.26008453838932,-0.80887757425903
1176,13586,"s084","m1",0.689149310704369,0.382696219166407,-0.657079543147249,-0.222822538555313,-0.243677998565638
1177,13587,"s084","m1",0.631473739683444,0.409324605718789,-0.558450875139344,-0.231008794961986,-0.84841833562723
1178,13621,"s084","m1",0.634162178752889,0.386682282768206,-0.615103812899643,-0.345296435888648,-0.65968890646082
1179,13639,"s084","m1",0.645581986346636,0.306382854023037,-0.706248867417515,-0.330621649927451,-0.670330063489279
1180,13647,"s084","m1",0.665865744684482,0.346602669232299,-0.681508944372195,-0.26205165387851,-0.295953366285093
1181,13667,"s084","m1",0.694024004654143,0.399571915235,-0.642047755618585,-0.223383317921475,-1.45111136930257
1182,13685,"s084","m1",0.649677969835185,0.32356090080625,-0.595937842973309,-0.315585367730171,-0.512431519181725
1183,13708,"s084","m1",0.690684353615834,0.395139784082441,-0.68477820512005,-0.27767076887018,-1.91710077260684
1184,13730,"s084","m1",0.687235251683251,0.40442770758871,-0.591295608641268,-0.195099796938626,-1.97954372434081
1185,13745,"s084","m1",0.710846903094137,0.430052921314962,-0.566105759020104,-0.231521894333337,-1.40414760206417
1186,13747,"s084","m1",0.651616365755659,0.398208997372363,-0.543264979868835,-0.282219187528582,-0.783853990987901
1187,13749,"s084","m1",0.666445075860457,0.33237236026693,-0.636175861228202,-0.340471131556297,-0.972458424061221
1188,13753,"s084","m1",0.69465307180042,0.325299600929512,-0.550974445179033,-0.263407582159874,-0.284483612689855
1189,13757,"s084","m1",0.708405643010489,0.430050086501245,-0.629579637559879,-0.276224045328062,-1.10750990073668
1190,13774,"s084","m1",0.690226895735993,0.350564179498827,-0.703884199529603,-0.184585697821256,-0.780634843429788
1191,13791,"s084","m1",0.671677308776535,0.399304203826066,-0.618976468132327,-0.197320484027725,-0.651835494474519
1192,13798,"s084","m1",0.612905363007632,0.366509897235243,-0.890441695445919,-0.308279794070204,-1.24915145454867
1193,13800,"s084","m1",0.643627745492422,0.250343742684215,-0.839051191943773,-0.455892614235021,-0.680686739646213
1194,13828,"s084","m1",0.659580618024706,0.355500151334859,-0.740569410834714,-0.287624253354667,-1.12685973759641
1195,13853,"s084","m1",0.672963946331596,0.312151582332248,-0.773747087537307,-0.39061311311839,-0.285412033872446
1196,13887,"s084","m1",0.642440420978153,0.31619897479488,-0.683398774388829,-0.351677969952267,0.00231889793548109
1197,13888,"s084","m1",0.65841537310538,0.375768191621004,-0.499557060933745,-0.172738362023383,-1.08921099288446
1198,13890,"s084","m1",0.595638735087689,0.333521013198922,-0.577861766022769,-0.281411559756846,-0.685847735095357
1199,13927,"s084","m1",0.678021471166003,0.379928603368241,-0.652258601744496,-0.191677251493976,-0.435265824863432
1200,13934,"s084","m1",0.644857136953366,0.374862863525794,-0.603279203784076,-0.18092384057761,-0.370305965506503
1201,13966,"s084","m1",0.710973297314238,0.351957463289785,-0.614010550274179,-0.139455013422386,-0.46710032732381
1202,13973,"s084","m1",0.696412054545899,0.406976363790885,-0.593685707939779,-0.339230658878404,-1.74526499555547
1203,13984,"s084","m1",0.695071364353354,0.351777232275565,-0.604864883499556,-0.242485545195827,-0.257047096021223
1204,13989,"s084","m1",0.638847567227123,0.43176159732917,-0.609014254987176,-0.257365319588364,-2.1676718670978
1205,13997,"s084","m1",0.596674445115299,0.33949178551915,-0.615604562890086,-0.349719273430088,-0.138855126880179
1206,14000,"s084","m1",0.660110069537423,0.293983689939773,-0.744629916489259,-0.295512904675634,-0.405319033308594
1207,14003,"s084","m1",0.690071589136749,0.397429534468974,-0.599148613898478,-0.216995800090122,-0.345252976206991
1208,14039,"s084","m1",0.650631484223587,0.28271308322389,-0.571859607008798,-0.301480242917323,-0.358882976476167
1209,14045,"s084","m1",0.724589596643176,0.388451267156072,-0.470909478270148,-0.199550774754449,-1.38893948057646
1210,14059,"s084","m1",0.718484917640372,0.469393651838984,-0.45278420371193,-0.184667678084069,-1.56683343656684
1211,14067,"s084","m1",0.673379905163073,0.363000890406573,-0.714130984316327,-0.224788642110084,-0.617704944304455
1212,14090,"s084","m1",0.638096340528546,0.373738465925574,-0.679953527042103,-0.260985855926821,-1.11353496608129
1213,14101,"s084","m1",0.621251898153762,0.352295430838565,-0.720029418463019,-0.489156216124562,-0.944425831639912
1214,14110,"s084","m1",0.623507691861597,0.296433346214878,-0.844705271310145,-0.385900762621728,-0.188855172457281
1215,14111,"s084","m1",0.626082357238632,0.295931420677297,-0.768424057076824,-0.357834666003196,-0.113819703847332
1216,14114,"s084","m1",0.735814805481122,0.46636378978333,-0.486982725099572,-0.222770177696191,-1.12145333735947
1217,14146,"s084","m1",0.706285077619333,0.328607553916628,-0.700918438809409,-0.317808583049169,-0.651588660518384
1218,14151,"s084","m1",0.678070896779615,0.3739987696933,-0.568623827699491,-0.264127905871723,-0.381970767384661
1219,14152,"s084","m1",0.641709275752421,0.378282394607097,-0.539874789605516,-0.362155596377858,-0.0658756995187253
1220,14158,"s084","m1",0.627748588386695,0.361673187642541,-0.645327490907535,-0.357663087866684,-1.08268458142092
1221,14159,"s084","m1",0.713364540425232,0.449079748378497,-0.582474750230451,-0.203771808068802,-1.69611034298704
1222,14160,"s084","m1",0.612807560433686,0.303463475167083,-0.833670772900196,-0.27505873276676,0.0771066354468232
1223,14168,"s084","m1",0.637194220831637,0.347232124155091,-0.744207447224747,-0.279220709524046,-0.575532528423184
1224,14182,"s084","m1",0.715940610927618,0.315996155278761,-0.455386226045368,-0.152403445850638,-0.775444711664932
1225,14185,"s084","m1",0.637389289899361,0.301432137486411,-0.624008411297187,-0.428452365310021,-0.0375046713769171
1226,14192,"s084","m1",0.703254529234026,0.276814575744931,-0.611072703411377,-0.296528110134397,-0.894630179533324
1227,14216,"s084","m1",0.677699678953143,0.391173371392972,-0.701726440886603,-0.345769590934135,-1.71946058640641
1228,14220,"s084","m1",0.666807341001171,0.381667559202209,-0.690123387762879,-0.315582696689421,-1.03229196828487
1229,14224,"s084","m1",0.674238830051452,0.426730250340661,-0.551531066168867,-0.272310689024312,-1.11057938898716
1230,14287,"s084","m1",0.695733002248467,0.349922603618584,-0.641584788979404,-0.293044038280972,0.0936989214037425
1231,14292,"s084","m1",0.746836080327646,0.410317272782016,-0.568345598366177,-0.374262749220472,-1.32288908009489
1232,14300,"s084","m1",0.664961725140446,0.365355191424698,-0.695992354973111,-0.328799419256619,-0.360343461087301
1233,14310,"s084","m1",0.647023845835641,0.37980718597659,-0.614280178638448,-0.298459887192957,-0.914042231423194
1234,14326,"s084","m1",0.607281164795945,0.294610492090964,-0.669727072742313,-0.239037741080371,0.508309573944398
1235,14328,"s084","m1",0.652367450948163,0.385355123300509,-0.580636966977524,-0.337780135960836,-1.14293521972938
1236,14334,"s084","m1",0.735136420301361,0.406455252853333,-0.542723160677533,-0.251705158123014,-1.74037095331534
1237,14344,"s084","m1",0.666240277621456,0.389944981943151,-0.561758488258948,-0.249674503032493,-1.07372238403269
1238,14346,"s084","m1",0.690798843250845,0.334027501846946,-0.629339979016565,-0.35623226704292,-1.11655743060272
1239,14351,"s084","m1",0.681757728404596,0.322545157566607,-0.701757530894765,-0.205716810163785,-0.314585354143059
1240,14355,"s084","m1",0.7035337744217,0.332361156492886,-0.553326330579293,-0.134733849110934,-0.387910615836798
1241,14359,"s084","m1",0.637419398735359,0.354560985297416,-0.558689454230701,-0.184308165862372,-0.822683490168751
1242,14374,"s084","m1",0.770440260678011,0.386659848938512,-0.524910445447933,-0.133989341557853,-0.676920984553383
1243,14380,"s084","m1",0.631977836591864,0.379559308273112,-0.666399920626314,-0.250948444762618,-0.429852669188048
1244,14391,"s084","m1",0.753073783678468,0.417835719928732,-0.409948349359695,-0.181069019403467,-0.93462983792675
1245,14397,"s084","m1",0.589523129001279,0.303960770515287,-0.867845245958819,-0.374361606899538,-0.929264193549641
1246,14398,"s084","m1",0.669858521300425,0.387856133382505,-0.671618892249352,-0.4061318708305,-0.986099762554716
1247,14405,"s084","m1",0.65780849923189,0.341590377934545,-0.670955368306973,-0.239011604642782,-0.0572895878010818
1248,14416,"s084","m1",0.689759972307442,0.372275872275949,-0.448979451958968,-0.301098771955978,-0.0508434184074761
1249,14436,"s084","m1",0.583136845028298,0.3761043793724,-0.629066249620541,-0.417776186247864,-1.00349796940283
1250,14438,"s084","m1",0.596373623165969,0.342451240914878,-0.699629172982463,-0.237786502866088,-0.0435359047363818
1251,14481,"s084","m1",0.662215889644128,0.389555740481233,-0.786348423995456,-0.233835534314492,-0.248611122546049
1252,14504,"s084","m1",0.650318522032271,0.384656196899617,-0.561593340289345,-0.195926358287178,0.0607326667789741
1253,14509,"s084","m1",0.748631152184146,0.361313321815934,-0.785738061159301,-0.26020449227884,-1.17553632643429
1254,14519,"s084","m1",0.65914884715168,0.279275136573089,-0.594833588977455,-0.356444074626829,-0.572169197943044
1255,14563,"s084","m1",0.632576452156734,0.33405595212498,-0.721105463506063,-0.417629810069681,-1.04205601933866
1256,14567,"s084","m1",0.689423803630099,0.384172983142094,-0.650960155737024,-0.157568490736607,-0.570290015852356
1257,14581,"s084","m1",0.715148183700169,0.446282217848861,-0.493101500441184,-0.164387302412475,-1.49371968091136
1258,14596,"s084","m1",0.642594682816589,0.347291466401861,-0.634573438433335,-0.21079187643975,-0.304571614230862
1259,14600,"s084","m1",0.639955968287691,0.315413669550505,-0.729056385387528,-0.296179928103979,-0.247088495818564
1260,14614,"s084","m1",0.735514066738664,0.457156706125897,-0.48181494461434,-0.191617996107659,-1.56273631143174
1261,14635,"s084","m1",0.62184379973684,0.343326191581557,-0.575822469552715,-0.259820855674282,-0.508698126930152
1262,14674,"s084","m1",0.625917593656873,0.323403144609649,-0.631489984662572,-0.292389525279856,-0.843722883155473
1263,14684,"s084","m1",0.639313009121069,0.31788474637789,-0.663313995218717,-0.265945343563101,-0.898688849675405
1264,14716,"s084","m1",0.76914158224507,0.474979595829058,-0.504459216956822,-0.0929242634864206,-1.84310629141732
1265,14723,"s084","m1",0.606259679807643,0.331811943448027,-0.523549306086029,-0.315469022679531,0.147508921344833
1266,14751,"s084","m1",0.67755332445957,0.295539689316016,-0.711752588607638,-0.309509541563359,-1.33042590369433
1267,14758,"s084","m1",0.680781181871799,0.386016646841339,-0.51770906579898,-0.189210154533429,-1.04727643226603
1268,14777,"s084","m1",0.620731084303415,0.294972392369079,-0.741903260954006,-0.221956366423249,-0.35699561345269
1269,14809,"s084","m1",0.660292077882385,0.379614727930668,-0.642831782595426,-0.283305098136684,-0.786579595526861
1270,14814,"s084","m1",0.672399899391182,0.348840069881444,-0.647501886461908,-0.253943670627441,-0.3476203515971
1271,14825,"s084","m1",0.739038387051812,0.443547834727864,-0.508858369653834,-0.146775010661988,-1.16080501885609
1272,14826,"s084","m1",0.715620317415937,0.305472232390632,-0.55754516392914,-0.30982353018201,-0.14873935884896
1273,14843,"s084","m1",0.727765951198917,0.373291347623616,-0.56077396015914,-0.218078015596662,-0.97732002026181
1274,14852,"s084","m1",0.599089579199526,0.304558133024006,-0.88039705115279,-0.214871152653441,-0.0400797326551423
1275,14854,"s084","m1",0.67724334095763,0.366825148387362,-0.60136255666194,-0.18709730305976,-0.898847135822671
1276,14857,"s084","m1",0.643683381124893,0.279249154918425,-0.665431353755244,-0.234728291419717,-0.322065078965696
1277,14867,"s084","m1",0.672037924770574,0.315004087008799,-0.451004569077523,-0.242250062431279,0.0202918511111136
1278,14911,"s084","m1",0.678320823388995,0.314796933897708,-0.613618275460519,-0.22781490885881,-0.475670023675105
1279,14933,"s084","m1",0.761418113396663,0.461874653699446,-0.377016210941689,-0.0930415495819169,-2.21866385106894
1280,14938,"s084","m1",0.643487599502807,0.312995681023415,-0.578855204695722,-0.385163619966425,-0.0828572017643663
1281,14939,"s084","m1",0.51754188570469,0.225845234201857,-0.960161956726322,-0.513159804079347,0.390362330035054
1282,14943,"s084","m1",0.603666729988973,0.303433673231451,-0.794270414074244,-0.29146186756749,0.033462750844854
1283,14955,"s084","m1",0.586719510173768,0.279345937133379,-0.860224848332625,-0.421021346275891,0.115190946422912
1284,14965,"s084","m1",0.697551374243355,0.324292244435101,-0.652996645489831,-0.196525665677418,-0.612434642499124
1285,14969,"s084","m1",0.758287797407607,0.443066929494507,-0.358023741396275,-0.114992986550463,-2.49527020370119
1286,14978,"s084","m1",0.691782005455839,0.425279512862015,-0.399758900385569,-0.12988821344161,-2.10630374099055
1287,14986,"s084","m1",0.717548292032096,0.457021099895841,-0.604146159071507,-0.200131526923139,-1.72617715314556
1288,15020,"s084","m1",0.776286181570743,0.425507334756046,-0.542290315132905,-0.195587780777547,-1.0280572428318
1289,15043,"s084","m1",0.760578980622292,0.442516452404415,-0.377448193568171,-0.238822254318388,-1.35766072372233
1290,15047,"s084","m1",0.669317904700505,0.451053202895627,-0.474910521922789,-0.274716183685776,-1.30407533329697
1291,15050,"s084","m1",0.648720126321711,0.344393564362506,-0.620435816132829,-0.320883495568499,-0.232602084853642
1292,15057,"s084","m1",0.661649274819008,0.405007069210259,-0.875794163829889,-0.294457857704228,-2.20044895920715
1293,15060,"s084","m1",0.691979820872926,0.345209204827252,-0.566360930732923,-0.395268403907909,-1.41959700649684
1294,15063,"s084","m1",0.635651096325422,0.346750780093763,-0.600815704859293,-0.309110831338373,-0.505351847141848
1295,15068,"s084","m1",0.663586926608698,0.305904069426768,-0.627673537340286,-0.299902852893558,-0.46706548300617
1296,15070,"s084","m1",0.599656051959771,0.308245651868459,-0.701095177795549,-0.342762330201606,0.0833291917992244
1297,15091,"s084","m1",0.716630982055442,0.372970843568034,-0.558485502237316,-0.23361615450038,-0.701920733919974
1298,15093,"s084","m1",0.700270960468771,0.396188203627305,-0.47988726162651,-0.274512727183878,-0.614006204701781
1299,15118,"s084","m1",0.640109857459902,0.347296958958422,-0.630859128588259,-0.267262726103924,-0.186957439140029
1300,15133,"s084","m1",0.645285053479416,0.36478684514372,-0.576724980167003,-0.318146868831592,-1.8775864952702
1301,15153,"s084","m1",0.625950642544269,0.25751931545539,-0.740798128167502,-0.337631142870386,0.256647357723059
1302,15154,"s084","m1",0.757389002877803,0.450600232392412,-0.618611466288543,-0.147250034752667,-1.17032903456689
1303,15161,"s084","m1",0.758068448622062,0.404856317120437,-0.605631140657236,-0.194533724377997,-1.47197976152673
1304,15166,"s084","m1",0.595194569000055,0.285277981497012,-0.895056314022593,-0.344021409542654,-0.334056524896904
1305,15167,"s084","m1",0.662126787301582,0.328256136716292,-0.692969514776393,-0.287267762307749,-0.87454556289068
1306,15171,"s084","m1",0.745691456475489,0.417673089312709,-0.466653734515862,-0.143397903591969,-1.43739860606626
1307,15178,"s084","m1",0.580691618786757,0.315502569298991,-0.824954602365059,-0.40334693702413,0.378892422850724
1308,15179,"s084","m1",0.664391481428388,0.421734591641887,-0.632322698505572,-0.241780865620227,-1.60478572860801
1309,15180,"s084","m1",0.7000179896681,0.378638452155548,-0.608691316039093,-0.306645663087947,-0.54819734376534
1310,15189,"s084","m1",0.680156548712882,0.372011267921247,-0.575243289599115,-0.18043149280807,-0.824887682588487
1311,15194,"s084","m1",0.607541258124827,0.374929551170283,-0.625774455923232,-0.204142717693613,0.0863092346872037
1312,15217,"s084","m1",0.66759002123986,0.311220547229976,-0.65080939847503,-0.204338850618454,-0.633358186738565
1313,15229,"s084","m1",0.673563354202275,0.346909301540235,-0.510095412716311,-0.173680641303566,-0.366920288371768
1314,15257,"s084","m1",0.680776085723919,0.33286345403725,-0.715626730303972,-0.218952901516404,-0.803344473019775
1315,15260,"s084","m1",0.606844132390953,0.334124236479095,-0.838644941313213,-0.348793622713351,-0.712230184770747
1316,15269,"s084","m1",0.743270900455105,0.440333605322385,-0.356772734774062,-0.143737118258153,-1.86645976396539
1317,15309,"s084","m1",0.654167454664438,0.362705222709218,-0.694190044834629,-0.25516826662987,-0.620614067621418
1318,15312,"s084","m1",0.641638512069178,0.359765890875378,-0.603563002015282,-0.392889700142159,-0.196055691950542
1319,15324,"s084","m1",0.66557143071862,0.396284739892065,-0.716389461300444,-0.243653060759803,-1.24487622678798
1320,15340,"s084","m1",0.658241470047181,0.371607653441781,-0.743193035800843,-0.302255352308963,-0.662117456785676
1321,15356,"s084","m1",0.635077066951178,0.432341095376521,-0.672880037321057,-0.251026838348662,-1.41165721309811
1322,15361,"s084","m1",0.709343415875111,0.33625508251302,-0.438568151403238,-0.317051790141559,-0.384909824044624
1323,15381,"s084","m1",0.601931342169528,0.318922866930534,-0.700142451819272,-0.300221788407237,-0.180707799585299
1324,15389,"s084","m1",0.680488945092442,0.334516571410825,-0.726607613276027,-0.264695283491382,-0.315412019177255
1325,15402,"s084","m1",0.593405366001221,0.341814111418847,-0.696893296611536,-0.335857616263649,0.156142644985638
1326,15415,"s084","m1",0.654544077563294,0.408172468245364,-0.654919280062961,-0.275144082670953,-0.998803614935819
1327,15424,"s084","m1",0.633002574137923,0.362458261669886,-0.727126015681841,-0.198443136415467,-0.441405181834938
1328,15438,"s084","m1",0.675331189512206,0.334206519144579,-0.573676866830619,-0.290538720239997,-0.764942499834704
1329,15441,"s084","m1",0.629835520784926,0.324014594161116,-0.785405123178131,-0.309503715240621,-0.129571373772453
1330,15446,"s084","m1",0.676310165743237,0.32172864625628,-0.511688621957452,-0.312326253249752,-0.156885511515583
1331,15451,"s084","m1",0.600520902534519,0.325616268448998,-0.859392649664509,-0.293372367664668,-0.526962633136306
1332,15455,"s084","m1",0.676177271670508,0.370070493482955,-0.617219152599897,-0.260661199650862,-0.737586954508786
1333,15507,"s084","m1",0.721201126397415,0.416976436423616,-0.520887659151803,-0.1713822530224,-0.530217949864352
1334,15512,"s084","m1",0.635434455371059,0.339296428078534,-0.757075165861942,-0.334435487899404,-1.08730186013292
1335,15521,"s084","m1",0.645196108180073,0.370752600913911,-0.692014496249817,-0.243543380448492,-0.931319724844202
1336,15544,"s084","m1",0.613490536686442,0.309132829821604,-0.579300682557505,-0.319078099807427,0.151946988515651
1337,15549,"s084","m1",0.685511631563682,0.436818471472997,-0.706736924594124,-0.359771811504693,-2.22943059070788
1338,15559,"s084","m1",0.678365675181135,0.384211004543845,-0.551121767806742,-0.308089745229775,-1.12437089240939
1339,15569,"s084","m1",0.722714585324797,0.334152706285634,-0.508555642778578,-0.332309587216226,-0.650434859028089
1340,15584,"s084","m1",0.627618178914734,0.355978527966092,-0.556424553427475,-0.279845316194733,-0.100629689588555
1341,15610,"s084","m1",0.681084292570737,0.331046573150394,-0.663428823658208,-0.217000543299213,-1.01325280461701
1342,15612,"s084","m1",0.624718832481832,0.272713877316994,-0.559518683418328,-0.377140918457864,0.253729537742703
1343,15615,"s084","m1",0.711991875208405,0.409817269606618,-0.390824233342328,-0.128502016022867,-0.601261719103748
1344,15624,"s084","m1",0.639197793125464,0.377517773689715,-0.513111816987996,-0.323245083840487,-1.323371176004
1345,15625,"s084","m1",0.667190819306302,0.355704501175082,-0.644148958157766,-0.326427681563287,-0.742571183069556
1346,15647,"s084","m1",0.624374478572507,0.376322307440185,-0.528340748721058,-0.150218826506607,-0.34169631355866
1347,15680,"s084","m1",0.601335671690628,0.380613071624373,-0.728889346697407,-0.309677106377617,-0.267365470874419
1348,15692,"s084","m1",0.658449069191228,0.387625387266067,-0.582268799650619,-0.298502813575971,-1.37065510596527
1349,15704,"s084","m1",0.576872897329367,0.272454330189172,-0.730094281713895,-0.249595821146532,0.228755861211876
1350,15717,"s084","m1",0.622454205794838,0.258653454620276,-0.669358513560196,-0.261694253841333,0.349725209425445
1351,15732,"s084","m1",0.568541993730523,0.245353155745343,-0.810691950212855,-0.309249002837453,0.405973654699415
1352,15746,"s084","m1",0.663035689704398,0.354792835867598,-0.624597517918816,-0.269782196151368,-0.931622008441549
1353,15764,"s084","m1",0.690738972893254,0.386908859340454,-0.519978648260813,-0.23118486968247,-0.944031245642415
1354,15782,"s084","m1",0.704528769719514,0.407571890513502,-0.470988853134418,-0.224262900034165,-0.437589015877902
1355,15802,"s084","m1",0.643044426377909,0.426512764920213,-0.61446844802485,-0.221164890054679,-0.812136976509147
1356,15810,"s084","m1",0.577648909740221,0.3252156870774,-0.545289354842478,-0.286438739956123,0.442362068431556
1357,15843,"s084","m1",0.709142946007877,0.385936910494261,-0.521635658147143,-0.21972839942548,-0.483044117213667
1358,15864,"s084","m1",0.709338334554347,0.353936495909307,-0.747393295038909,-0.0857937243082813,-0.416420891775556
1359,15867,"s084","m1",0.678923919619257,0.304826249094876,-0.766073167207448,-0.338123182305699,-1.01651279713083
1360,15893,"s084","m1",0.602294458124114,0.341013595927429,-0.587468235982409,-0.261852596878732,-0.0372364608036178
1361,15898,"s084","m1",0.663696711883308,0.385046614536559,-0.574896852457809,-0.228457376319664,-0.359215288008874
1362,15910,"s084","m1",0.685142406438768,0.423695643847283,-0.439906997306015,-0.213826613968035,-0.180203600475651
1363,15923,"s084","m1",0.663486568399717,0.324173482115989,-0.5715494100357,-0.369512793992837,-0.879233286106257
1364,15933,"s084","m1",0.701214182423853,0.319458990198528,-0.67240861428506,-0.308738551590627,-1.38512974385103
1365,15945,"s084","m1",0.625571125709974,0.309100010871016,-0.777062745234458,-0.1977730248721,0.255122929581181
1366,15991,"s084","m1",0.635720083728038,0.339578333031606,-0.802112933762612,-0.32350136417661,-0.425672384899747
1367,15997,"s084","m1",0.681239563603881,0.319663518023494,-0.615473570335367,-0.282147286087714,-0.434648535582577
1368,16007,"s084","m1",0.625296361222186,0.370155458723042,-0.492860016951206,-0.210536249531954,-0.470516402240331
1369,16016,"s084","m1",0.585082098022826,0.338585322889146,-0.718524912396384,-0.343320303239333,-0.123257232383962
1370,16035,"s084","m1",0.640427953996162,0.279422305275625,-0.641619140032382,-0.293931716639321,0.0142477463453442
1371,16038,"s084","m1",0.705067705998557,0.420578278819092,-0.731662623175742,-0.181026982302589,-1.47934650169838
1372,16055,"s084","m1",0.638456277065484,0.34437575713909,-0.672609554320996,-0.364425218007276,-0.78192651547582
1373,16066,"s084","m1",0.695567779220239,0.33037343333487,-0.538684631468877,-0.210521115564507,-0.437816245989882
1374,16074,"s084","m1",0.743648213002095,0.45627179121408,-0.574433125158045,-0.21624224644135,-1.47669602497309
1375,16086,"s084","m1",0.643461842747653,0.384150949873991,-0.482666464598252,-0.261403024286302,-0.775471934255626
1376,16092,"s084","m1",0.676995293925148,0.4049343123643,-0.508456964107853,-0.255867968179701,-0.721818166408605
1377,16099,"s084","m1",0.713718482287522,0.370116685906857,-0.610306942479221,-0.298087972246839,-0.900136231141252
1378,16114,"s084","m1",0.672753607444458,0.383227192796093,-0.75537110355327,-0.293503838155619,-0.99567473194169
1379,16124,"s084","m1",0.742876571987861,0.40437135258583,-0.436890647835352,-0.176659919093598,-0.956486037987706
1380,16147,"s084","m1",0.673877131510198,0.39235477610292,-0.683173428698487,-0.26845815743046,-1.15735307029789
1381,16156,"s084","m1",0.769198976821754,0.431026012593999,-0.500607780682139,-0.255485109537374,-2.52892797983584
1382,16183,"s084","m1",0.714076112449657,0.493124281728505,-0.472525784109199,-0.157339112343992,-1.20531256078757
1383,16189,"s084","m1",0.612127545635065,0.358464823227533,-0.671497914942899,-0.320887382353365,-0.386085094952974
1384,16197,"s084","m1",0.775237670146781,0.432323676086486,-0.568533879210307,-0.170666855294822,-0.636388091299758
1385,16210,"s084","m1",0.607037464865887,0.374308624453273,-0.783175325524732,-0.22240731886074,-0.0508570925569669
1386,16225,"s084","m1",0.718631546253789,0.401537859333049,-0.629091634667407,-0.215260665115844,-1.40925453607731
1387,16317,"s084","m1",0.643535514135865,0.405785248333431,-0.703963465629409,-0.273607201563814,-1.5945860882018
1388,16318,"s084","m1",0.650902317771396,0.335082944149402,-0.703209179317324,-0.347609529057548,-0.88205187475224
1389,16319,"s084","m1",0.570319470948615,0.30901834590025,-0.698369017687843,-0.381533068001349,0.27902564690421
1390,16323,"s084","m1",0.742315111364098,0.374492344261064,-0.537908145968109,-0.295372633906049,-0.895732547989476
1391,16343,"s084","m1",0.683368676634588,0.34444245835053,-0.683367750126087,-0.222358423245566,-1.42080654334516
1392,16350,"s084","m1",0.711620415973269,0.364564369996343,-0.427562203111232,-0.332489353041424,-1.00715654738561
1393,16351,"s084","m1",0.684886125060019,0.366071999193577,-0.58588687767673,-0.231790785535818,-0.425281324590931
1394,16378,"s084","m1",0.700497503559897,0.318685166420464,-0.582655806842458,-0.271258333225118,-1.13114805547823
1395,16404,"s084","m1",0.626569178720617,0.298680746731952,-0.487828268918007,-0.25170122877831,-0.0362159705316821
1396,16408,"s084","m1",0.664743256231891,0.361858239440076,-0.52051068977617,-0.303321250940877,-0.476451774737061
1397,16411,"s084","m1",0.619613153840709,0.331522531993927,-0.668529217198042,-0.301390861739839,-0.659457948549404
1398,16421,"s084","m1",0.642217437018086,0.34532060124739,-0.625390331190059,-0.226676796282465,-0.119068645312652
1399,16428,"s084","m1",0.747025200239708,0.401210881713878,-0.463599824763441,-0.124939365430782,-1.69393392963605
1400,16440,"s084","m1",0.779501016807217,0.439010467295434,-0.499076318133753,-0.138769762280182,-2.04792703989145
1401,16444,"s084","m1",0.626907926495488,0.310015251260516,-0.563005093672483,-0.287649743573443,-0.0100839771676731
1402,16446,"s084","m1",0.611344638272462,0.316172701786801,-0.677175001705471,-0.442706183941398,-0.805488176442362
1403,16458,"s084","m1",0.721000604281212,0.44874892575663,-0.535360312376511,-0.221592953471472,-1.6864898932651
1404,16463,"s084","m1",0.689232576977153,0.398072980241417,-0.567200828617317,-0.207000799709889,-1.10949140849336
1405,16476,"s084","m1",0.636699843259582,0.276350868527117,-0.800838507558523,-0.469840539790778,-0.302385761454445
1406,16487,"s084","m1",0.609684222102434,0.27289096846891,-0.696986648691438,-0.316027085300336,-0.167171321943131
1407,16490,"s084","m1",0.705715191710812,0.401638031883331,-0.538015880206682,-0.19281894630552,-1.12600734860826
1408,16505,"s084","m1",0.687983003899191,0.3901699358697,-0.777413264843448,-0.291457243640924,-0.95900479746947
1409,16513,"s084","m1",0.671692378729545,0.300245716421408,-0.761655286065639,-0.280862175511489,-0.540717089175037
1410,16517,"s084","m1",0.631227345817467,0.329352788120141,-0.780458154172299,-0.418708673400468,-0.620199338721255
1411,16521,"s084","m1",0.693007525973874,0.440252929191981,-0.585414095526706,-0.191233788847244,-2.02933253094364
1412,16539,"s084","m1",0.638605188741138,0.380015004576835,-0.726159904726473,-0.250670644988414,-1.14495171912834
1413,16546,"s084","m1",0.632368917173124,0.371586138250042,-0.607919607055471,-0.320574153738616,-0.879086706787882
1414,16592,"s084","m1",0.536408279853285,0.295319864103236,-0.758848528095339,-0.306486631181557,-0.295282179083243
1415,16593,"s084","m1",0.681075033765216,0.378213519110811,-0.595429927370202,-0.309109577274492,-1.13688716865842
1416,16598,"s084","m1",0.61386335029843,0.352077270268177,-0.855798385550574,-0.320940748605561,-1.59568049124559
1417,16602,"s084","m1",0.737691815516784,0.338298474392566,-0.602073230803171,-0.223030102516939,-0.483803367238665
1418,16603,"s084","m1",0.657176114693153,0.370047811847267,-0.811924471879203,-0.179711049334472,-1.03366169032309
1419,16613,"s084","m1",0.674524199432329,0.318832706768047,-0.779864933099205,-0.249762246024987,-0.034328772361985
1420,16640,"s084","m1",0.758274490015642,0.442953339485942,-0.485433137068533,-0.223575363414729,-1.75250911320727
1421,16641,"s084","m1",0.677403279053867,0.42059465697914,-0.52410507903067,-0.168197902127766,-1.10795293927221
1422,16671,"s084","m1",0.686653753790995,0.366993206837712,-0.506616257655469,-0.227277761226932,-0.936918248926004
1423,16673,"s084","m1",0.722854758557637,0.405709364949774,-0.418434911510934,-0.243122949027505,-0.70447701891077
1424,16695,"s084","m1",0.589317224874867,0.280934557070296,-0.776223698087891,-0.42625632713937,-0.258881661870277
1425,16701,"s084","m1",0.692505837197035,0.404321466105309,-0.683826655040962,-0.238444493567109,-1.75665067322804
1426,16706,"s084","m1",0.658610289068464,0.362322423857606,-0.767622595032932,-0.273896288411333,-0.263870011529177
1427,16728,"s084","m1",0.663412736941752,0.36551637403014,-0.506891091910666,-0.241944617048549,-0.742350745078035
1428,16738,"s084","m1",0.703121004566534,0.386613680421426,-0.584664630840892,-0.220685452523996,-1.0049350826797
1429,16741,"s084","m1",0.743308368992693,0.424498031495836,-0.555151242559634,-0.166257460305216,-1.21756851320399
1430,16752,"s084","m1",0.670520437355026,0.366854356141956,-0.633165405353606,-0.306183894796758,-0.54809685431877
1431,16774,"s084","m1",0.688428694768607,0.35880434134893,-0.704825654527691,-0.238053399780282,-0.956433857518641
1432,16785,"s084","m1",0.618477941657973,0.339916124807519,-0.618377859038452,-0.343895123626972,-1.03393170952334
1433,16786,"s084","m1",0.692527988932625,0.360715329457708,-0.546857555684109,-0.204082769262486,0.134876149680983
1434,16799,"s084","m1",0.738139639985993,0.475941624211598,-0.45095726754452,-0.188694026079232,-1.8106084194437
1435,16825,"s084","m1",0.601080687536709,0.388585065819073,-0.761007836168994,-0.394834879195187,-0.787769578355474
1436,16826,"s084","m1",0.63737562175611,0.387212221770931,-0.548793306489913,-0.309728272766404,-0.563079140717588
1437,16835,"s084","m1",0.669121711140918,0.344340598743919,-0.56801368971912,-0.344219020988311,-0.701654454062717
1438,16839,"s084","m1",0.647277300809469,0.306343968324945,-0.682866016203157,-0.31128430584649,-0.241386924433878
1439,16904,"s084","m1",0.730035982298292,0.440673844034802,-0.484735356180216,-0.165394927194141,-1.73056867161417
1440,16939,"s084","m1",0.619436456080183,0.327084104795696,-0.505352328648188,-0.252968424264052,-0.652458411030028
1441,16945,"s084","m1",0.677485002277323,0.368333625674248,-0.731895714146944,-0.163657726648138,-0.880449685012419
1442,16947,"s084","m1",0.640558526458484,0.369052114447712,-0.597962440628153,-0.182549809724009,-0.691913109461069
1443,16953,"s084","m1",0.676755308700043,0.288542126548379,-0.598060306638792,-0.297956737418612,0.27186566742211
1444,16957,"s084","m1",0.694334156885134,0.350742741252721,-0.595723564899344,-0.202680632429872,-0.721904473096953
1445,16967,"s084","m1",0.595810842404096,0.328575401544099,-0.597960076060462,-0.383768173207948,-0.307775712135449
1446,16989,"s084","m1",0.6899304004634,0.337096846009801,-0.704447685547568,-0.219139671193574,-0.613308970931792
1447,17003,"s084","m1",0.675029383583842,0.304020241189611,-0.681629119243672,-0.25874769247265,-1.05790793143529
1448,17006,"s084","m1",0.641689880592853,0.270924264645229,-0.539650239043358,-0.405331063976905,0.237548171200019
1449,17017,"s084","m1",0.620966794236524,0.314473513641511,-0.716929169434608,-0.373623364484464,-0.515318861271346
1450,17043,"s084","m1",0.658584465338496,0.223799883672617,-0.759071338517353,-0.37704125652415,-0.258857965831607
1451,17049,"s084","m1",0.633806939278664,0.297920352797582,-0.694593459497617,-0.246443912924424,0.149891979713578
1452,17052,"s084","m1",0.637933451716389,0.396178971619856,-0.750194374356253,-0.340124339292628,-1.32669949784441
1453,17067,"s084","m1",0.6049517866352,0.321894958705093,-0.710856808311803,-0.275387033657082,0.0156931309262414
1454,17069,"s084","m1",0.679618394600236,0.453507092197276,-0.539269303779388,-0.193228432690848,-1.75334278564771
1455,17070,"s084","m1",0.698593253368691,0.388465598679332,-0.486930863178498,-0.20229991108863,-0.776772137822258
1456,17081,"s084","m1",0.630170688269376,0.334816071303297,-0.641712112719332,-0.258436497007123,0.0201658402951364
1457,17084,"s084","m1",0.677790093124297,0.375153890044087,-0.577764030396073,-0.253085766238322,-0.970131273240164
1458,17096,"s084","m1",0.698124897188234,0.411985433603448,-0.595541894627113,-0.185344355481474,-1.54743667432623
1459,17100,"s084","m1",0.658470644706792,0.350471128236121,-0.714361662072884,-0.257166839118991,-0.466838888819631
1460,17111,"s084","m1",0.747440645428613,0.407564925675833,-0.552797270027316,-0.23534884559629,-0.967099287351073
1461,17123,"s084","m1",0.695841161042563,0.465573432901669,-0.583498970210929,-0.252258039288298,-2.36908382949462
1462,17127,"s084","m1",0.487021211630486,0.306894877949442,-0.712541539144078,-0.38183819506725,0.308126250508468
1463,17142,"s084","m1",0.630673845214947,0.317949198433327,-0.743280884660049,-0.241993547841844,-0.740448831686014
1464,17150,"s084","m1",0.694419602978483,0.343986687532013,-0.579717858486929,-0.181036997965279,-0.567525047846435
1465,17161,"s084","m1",0.724177474658933,0.43852408253644,-0.600160923298848,-0.314243794765288,-1.13750484156297
1466,17205,"s084","m1",0.636128752917392,0.365950864632579,-0.686751781031542,-0.284399311506387,-1.13222224527721
1467,17238,"s084","m1",0.665792188538113,0.297219838524431,-0.637964237445133,-0.269402543059033,-0.12298283497318
1468,17257,"s084","m1",0.700155118460779,0.405940398902612,-0.707112583262895,-0.221699440192072,-1.07252345220866
1469,17259,"s084","m1",0.692971866096478,0.292062857403493,-0.643093461838552,-0.403142652744789,-0.785025573908992
1470,17285,"s084","m1",0.675849936386001,0.407340510012923,-0.685966649572149,-0.222000433995273,-1.13983313726915
1471,17294,"s084","m1",0.687256544202098,0.344704329640373,-0.520143534108442,-0.182295628300757,-0.385661024563774
1472,17333,"s084","m1",0.585921892761732,0.377193968438781,-0.77942551055139,-0.267955155259937,-0.7477278255411
1473,17375,"s084","m1",0.645096563119749,0.299349946811863,-0.829751448548736,-0.241224170594344,-0.172761278859518
1474,17394,"s084","m1",0.634495939274975,0.342107562099646,-0.563008356255892,-0.300681612029986,0.0551531172334601
1475,17422,"s084","m1",0.698396654469664,0.357169695021495,-0.623443786068098,-0.283848582125785,-0.188862446934061
1476,17425,"s084","m1",0.569583360813651,0.307384985434881,-0.678190805789723,-0.343973567433876,-0.195029192687281
1477,17448,"s084","m1",0.661808731789084,0.330121967563684,-0.709645928977825,-0.463314889100475,-1.20249983008697
1478,17459,"s084","m1",0.765348997672912,0.408534981267137,-0.405534027983261,-0.132167172354706,-1.27040786019243
1479,17462,"s084","m1",0.686285506192525,0.379438243779576,-0.624835907181068,-0.29081132301365,-0.737982563775457
1480,17478,"s084","m1",0.649480597304955,0.342957569009158,-0.583328444954764,-0.383638461807798,-0.742427761330839
1481,17515,"s084","m1",0.564055755024643,0.273132749107489,-0.666700014758601,-0.329803300527225,0.512755884800629
1482,17521,"s084","m1",0.555787908552939,0.304799981926596,-1.0067791565809,-0.36020513571568,0.0134468703106277
1483,17531,"s084","m1",0.647222825213386,0.335479365337425,-0.544938575906089,-0.269375846808659,-1.53246682884296
1484,17541,"s084","m1",0.667885089855224,0.331889207464705,-0.57796365522379,-0.156430711217304,-0.0461085926601352
1485,17558,"s084","m1",0.713357154701853,0.47446735905987,-0.492550429435263,-0.205316121752665,-1.46601942931029
1486,17603,"s084","m1",0.737925135950833,0.418430164168787,-0.554264650618168,-0.348501894811168,-1.24992363012069
1487,17610,"s084","m1",0.699736299543481,0.356594459216745,-0.622764546851299,-0.317731149352614,-0.849673359193286
1488,17611,"s084","m1",0.693348452720744,0.405918512968569,-0.469735236430115,-0.19122194094652,-0.637200154819358
1489,17615,"s084","m1",0.610042041044712,0.264442105185121,-0.626876276096981,-0.387708418661181,0.329540286774956
1490,17616,"s084","m1",0.694740498114745,0.337395448558485,-0.661767958870065,-0.181629508795267,-0.277356468172758
1491,17619,"s084","m1",0.6507014407838,0.332796424376375,-0.6151027260883,-0.269787322346996,-0.345581852979918
1492,17631,"s084","m1",0.591646681653504,0.359178687108229,-0.566089310688881,-0.231402412465139,0.135495632818944
1493,17636,"s084","m1",0.611970289184235,0.329614872823962,-0.869787553575544,-0.269262280375762,-0.397976723670458
1494,17647,"s084","m1",0.641539513024491,0.313537413144914,-0.741071384792344,-0.414414696629061,-0.521135715204284
1495,17648,"s084","m1",0.614156220979463,0.366231043098783,-0.714776370985985,-0.302929654216594,-1.79893363834198
1496,17658,"s084","m1",0.697935961213066,0.37834568151214,-0.581340935324308,-0.276778486494896,-0.922245752548225
1497,17660,"s084","m1",0.708060238740906,0.440199602768002,-0.451000374927868,-0.225291344697396,-1.17503696787472
1498,17663,"s084","m1",0.639511741393204,0.433708454640855,-0.574116056894829,-0.307126778909932,-1.28913902433029
1499,17672,"s084","m1",0.652612044917661,0.365128380816793,-0.418427302274238,-0.224248472193925,-0.401424566310478
1500,17705,"s084","m1",0.683684826524501,0.394825456828335,-0.541082843187292,-0.206785774000502,-0.36015244596686
1501,17715,"s084","m1",0.680898712413549,0.411594951449161,-0.562596504808098,-0.185329824155282,-1.44307420874255
1502,17723,"s084","m1",0.601041478440145,0.279633610696858,-0.766996051201001,-0.279376268723273,-0.139067419479267
1503,17745,"s084","m1",0.524149123424529,0.331353485758642,-0.827243720264044,-0.326165587003954,-0.0149117807360789
1504,17764,"s084","m1",0.60815607918462,0.344961694561113,-0.61515181845681,-0.272934615209155,-0.145657600727522
1505,17769,"s084","m1",0.60569293726735,0.322996522727386,-0.693280156482513,-0.192319685406596,0.240049401608591
1506,17781,"s084","m1",0.654630492784697,0.406338911448966,-0.605853126602584,-0.260668883002639,-1.20224368104663
1507,17783,"s084","m1",0.606223726327194,0.315570060748998,-0.780259925308128,-0.380103251686304,-0.635986258291342
1508,17805,"s084","m1",0.695272121325626,0.376552897343617,-0.654152879101246,-0.350345091902473,-0.627629811105012
1509,17827,"s084","m1",0.651860247533259,0.291591204717784,-0.53205137583442,-0.29352984906521,-0.577431166550305
1510,17844,"s084","m1",0.676490186914462,0.30963782280484,-0.584146480522022,-0.202867706891755,-0.542194730510536
1511,17847,"s084","m1",0.665389813687833,0.422407135604696,-0.661467541304709,-0.300947187150961,-0.683644395752319
1512,17859,"s084","m1",0.749704541063234,0.440231031469728,-0.571763621487663,-0.231854089861625,-1.75979404813814
1513,17889,"s084","m1",0.626843363644247,0.292529161342166,-0.562579858424865,-0.296693267428226,-0.465494239586176
1514,17894,"s084","m1",0.773787263206027,0.435922655984992,-0.527166071124198,-0.206639109094894,-1.97419868116524
1515,17902,"s084","m1",0.69266668373015,0.393086686188899,-0.448375210260853,-0.300541416524021,-1.26556158316568
1516,17939,"s084","m1",0.714578153608595,0.352509572956462,-0.52035150563393,-0.405554533256579,-1.86570789157118
1517,17941,"s084","m1",0.645666681773391,0.311855609930445,-0.607283744699205,-0.376264699110829,-0.218029684849408
1518,17985,"s084","m1",0.718061624498068,0.383725416350464,-0.619163812415752,-0.294752757182638,-0.912674445287595
1519,18006,"s084","m1",0.63381767904907,0.287886730185731,-0.62540707968471,-0.431430421563003,0.0759759159070092
1520,18010,"s084","m1",0.637175711281468,0.32968982179901,-0.772982399856926,-0.407890346150756,-0.580798417899424
1521,18021,"s084","m1",0.650899887296732,0.388471504343869,-0.607262905700405,-0.272705442432263,-0.973080701651301
1522,18026,"s084","m1",0.585503633099815,0.292873050059928,-0.665010749113454,-0.381135360387313,0.109196143924648
1523,18035,"s084","m1",0.611117320854117,0.230367522015656,-0.677990953214112,-0.293108177152844,0.361411469850347
1524,18041,"s084","m1",0.694677930023531,0.401977416373639,-0.626430544913677,-0.350180596303891,-2.37124836189536
1525,18058,"s084","m1",0.693599562110431,0.45291923102217,-0.579528854127641,-0.253950683021877,-1.07808170990028
1526,18066,"s084","m1",0.745658491781905,0.404550783704498,-0.517223713731409,-0.207027742237652,-0.536009501527005
1527,18079,"s084","m1",0.742389207476551,0.399888177066699,-0.508216931406616,-0.049997464575539,-1.7113578048117
1528,18082,"s084","m1",0.674783102667719,0.399964812126739,-0.524460345315689,-0.25050690932325,-0.555402527252237
1529,18086,"s084","m1",0.659561707727058,0.277667075025329,-0.718003248272097,-0.408863050780064,-0.211159504419305
1530,18094,"s084","m1",0.690663373958386,0.416435562456982,-0.467132265578546,-0.248075379719409,-1.29858807729631
1531,18102,"s084","m1",0.696219249188392,0.330424954362548,-0.643844527313073,-0.251793171944354,-0.552722317280902
1532,18106,"s084","m1",0.654171051120191,0.333315935922383,-0.561818519793188,-0.234532495347037,-0.35086282886428
1533,18118,"s084","m1",0.738113815666922,0.378967026904986,-0.512956851901142,-0.119124008975684,-0.552046577813657
1534,18137,"s084","m1",0.679529285662556,0.350594016482748,-0.703306720843327,-0.295861886600771,-1.23594043862358
1535,18156,"s084","m1",0.671919821983705,0.36749756002366,-0.680825074786709,-0.350837737461727,-0.983183385221357
1536,18174,"s084","m1",0.682967562074672,0.365514479659215,-0.459861470060655,-0.306886989027053,-0.876032685214316
1537,18186,"s084","m1",0.711342209955683,0.333125655266044,-0.688089942877844,-0.302521210934207,-0.604853922826177
1538,18193,"s084","m1",0.679688314640086,0.422169340451995,-0.541338912528162,-0.165980832102119,-0.828047551334008
1539,18194,"s084","m1",0.687265930273542,0.338310305413472,-0.619929558677531,-0.186272066272285,0.21650885522893
1540,18199,"s084","m1",0.705131663006118,0.442927770827901,-0.514778703218558,-0.170296278428746,-1.87781570855295
1541,18230,"s084","m1",0.627963118386315,0.39200826935371,-0.66030990367003,-0.293728132951901,-1.29548383305944
1542,18234,"s084","m1",0.59155370497597,0.248811648893068,-0.811696738179092,-0.347934008186876,0.0568269897886045
1543,18235,"s084","m1",0.609835847918931,0.252092673439342,-0.666622808974013,-0.224433410452504,0.269153402389572
1544,18247,"s084","m1",0.659075272690559,0.311498185793778,-0.639205143130379,-0.112885058310966,-0.243931211712678
1545,18307,"s084","m1",0.669216201613597,0.298818201405781,-0.700312906721675,-0.405965052307035,-0.77265108114017
1546,18308,"s084","m1",0.614393185786215,0.375373663487235,-1.01785280062315,-0.295930215866413,-0.196873218878066
1547,18338,"s084","m1",0.655674267809433,0.264367378922342,-0.84046783148143,-0.312505064933363,-7.23707382421926e-05
1548,18367,"s084","m1",0.695052237263934,0.326918289484037,-0.650615112244076,-0.262183765453978,-0.717569324132526
1549,18378,"s084","m1",0.634543507510373,0.33853754015397,-0.633970899574489,-0.251122181635598,-0.0158840726241308
1550,18406,"s084","m1",0.680767481356301,0.426637019265569,-0.484197250141324,-0.198791666744509,-1.01416427340422
1551,18407,"s084","m1",0.654439057550321,0.351589662616589,-0.630960090139113,-0.202213079450902,-0.216268409245241
1552,18413,"s084","m1",0.716041674438844,0.42920212593837,-0.480453078994433,-0.179971853246897,-1.93871507774656
1553,18419,"s084","m1",0.68133517970281,0.384214281177341,-0.615308069357488,-0.20903269163483,-1.41992035337791
1554,18470,"s084","m1",0.666387865637802,0.384841708017527,-0.795175674584015,-0.24597174175746,-1.03401405476538
1555,18472,"s084","m1",0.655640306424964,0.358122343444389,-0.564299652546207,-0.271052812643706,-0.263237087695102
1556,18473,"s084","m1",0.7495597399948,0.408687506765839,-0.575693459609846,-0.302601607962019,-1.72525508587935
1557,18474,"s084","m1",0.676226653106284,0.342744788660375,-0.68835692735361,-0.226019598783315,-0.729253198791348
1558,18481,"s084","m1",0.68252655824043,0.40342849397043,-0.637115737739493,-0.301900868682734,-1.30625999594671
1559,18482,"s084","m1",0.63045999812753,0.390562463683451,-0.764447905408846,-0.30675610119879,-0.813387075876235
1560,18504,"s084","m1",0.655164357336639,0.380378405476288,-0.613515886659876,-0.347909062827736,-0.916008364515814
1561,18526,"s084","m1",0.673200692292692,0.277965256416397,-0.707362800359405,-0.378451864056859,-0.530216420042225
1562,18553,"s084","m1",0.610758497131155,0.352237267862082,-0.771841530257841,-0.194629651840908,-0.356095830313395
1563,18557,"s084","m1",0.635077888285966,0.373675349428794,-0.888814055566923,-0.271231933555803,-1.71274408601591
1564,18574,"s084","m1",0.679667629230385,0.385790043771015,-0.608060842435244,-0.237813183775987,-1.17358150451085
1565,18581,"s084","m1",0.68423470076248,0.407411328674738,-0.838769301973927,-0.252543673708122,-1.38632115219772
1566,18587,"s084","m1",0.624716676898935,0.344411697228595,-0.802196777728692,-0.314691002691934,0.0531635966938458
1567,18594,"s084","m1",0.736251178286142,0.453313558374601,-0.599904707457932,-0.273288280093417,-1.69345770442456
1568,18596,"s084","m1",0.600519406800428,0.301092068536601,-0.571748300890564,-0.36285324056899,-0.231954892128107
1569,18599,"s084","m1",0.694078571979035,0.335433030685973,-0.692271217734599,-0.333483405437862,-0.423132289754004
1570,18604,"s084","m1",0.687843542679362,0.406067551871521,-0.656378396074134,-0.154407642666603,-0.665067228444046
1571,18629,"s084","m1",0.653450183982744,0.307672459875058,-0.789707685207113,-0.238309906581537,-0.226233772794984
1572,18644,"s084","m1",0.665907171723643,0.418659187616273,-0.544329188666277,-0.233654588365551,-1.06027407290258
1573,18647,"s084","m1",0.628963282522532,0.352611323430496,-0.749026639040752,-0.25415397585661,-0.184110424176423
1574,18684,"s084","m1",0.702615663292122,0.432093539917987,-0.471682010661929,-0.23616906853922,-1.36601488265999
1575,18699,"s084","m1",0.660496550593047,0.370780684836733,-0.555862454855207,-0.320714677139229,-0.644268379877573
1576,18708,"s084","m1",0.659097588451989,0.361290689188066,-0.655508990511869,-0.332178574132574,-0.628636138112815
1577,18723,"s084","m1",0.738513095251815,0.388386958356777,-0.702251996306264,-0.0636321093103785,-0.973620447059448
1578,18736,"s084","m1",0.635399849767069,0.312699203915187,-0.677127374269272,-0.255464147747737,-0.564213072414496
1579,18748,"s084","m1",0.57593289977261,0.37680489853761,-0.683283664437343,-0.387033418476695,-1.38721922123273
1580,18760,"s084","m1",0.665819295703289,0.388275333257059,-0.549245461936796,-0.192259255676018,-0.888391496277207
1581,18778,"s084","m1",0.764656727074336,0.42195591941028,-0.48183708811465,-0.124863994043717,-2.00679660754313
1582,18782,"s084","m1",0.647313207786996,0.368231492986152,-0.562270407861093,-0.362296848206984,-1.62362431556656
1583,18787,"s084","m1",0.601149355246045,0.293182456549633,-0.954967921817135,-0.480017947454339,-0.173872458927128
1584,18792,"s084","m1",0.568996680096887,0.321228561805864,-0.68158272266488,-0.261784222876011,0.124841802995416
1585,18800,"s084","m1",0.738823096938016,0.386130987336552,-0.498359416164947,-0.219994831661734,-0.962849033448492
1586,18815,"s084","m1",0.627519032611954,0.384064043402895,-0.61392303880593,-0.368607713098579,-0.671752940661679
1587,18840,"s084","m1",0.780877794309119,0.41583728762069,-0.341830267958311,-0.181443125224111,-1.42818972223556
1588,18858,"s084","m1",0.62301289770475,0.352989285069364,-0.678844802391507,-0.239051222354995,-0.475159330020229
1589,18878,"s084","m1",0.680453329475854,0.348574014366714,-0.676689913378103,-0.298816916718565,-0.740126946467374
1590,18890,"s084","m1",0.677681437931933,0.354643003419693,-0.515883718328038,-0.237635988572856,-0.334206275958643
1591,18895,"s084","m1",0.689955339843147,0.300357312486668,-0.668828249881875,-0.28726518693523,-0.678097692981817
1592,18916,"s084","m1",0.609897557108089,0.333253367376981,-0.71154317283031,-0.409469462038412,-0.386472365326604
1593,18921,"s084","m1",0.72266441542123,0.360862305691686,-0.57801260169007,-0.181541714251063,-0.756964580110666
1594,18924,"s084","m1",0.628999779097955,0.304065237603873,-0.686901598878664,-0.399385059737213,0.205474435422092
1595,18937,"s084","m1",0.644952644677533,0.381881772343011,-0.498182248318373,-0.281648944731766,-0.569733717679488
1596,18940,"s084","m1",0.622065627822307,0.264485977441148,-0.759906566544972,-0.367745631427951,0.137795036176235
1597,18944,"s084","m1",0.61981354627537,0.359435813038873,-0.517159763011854,-0.229794900865615,-0.726113058904991
1598,18966,"s084","m1",0.578156163987148,0.318441597594509,-0.630113768349275,-0.394830879597129,-0.492676909314567
1599,18981,"s084","m1",0.755904647160891,0.516803601870241,-0.313697273938562,-0.100550544944238,-2.88235548171019
1600,18996,"s084","m1",0.677441358993311,0.417574752751903,-0.693390917939738,-0.26763698866788,-1.67500651019054
1601,19007,"s084","m1",0.720728255698791,0.360238316554175,-0.443177083149021,-0.190479980374695,-0.601435237109901
1602,19009,"s084","m1",0.676807125719821,0.349638612823513,-0.544477668465339,-0.229883847236009,-1.00995839599209
1603,19010,"s084","m1",0.630129714835289,0.357313990530659,-0.563921049776395,-0.157803931182696,-0.631536704468177
1604,19028,"s084","m1",0.700705268007402,0.429435512193579,-0.545031470048089,-0.244015540895663,-1.09409395283227
1605,19036,"s084","m1",0.659909895971169,0.352745516932269,-0.608293966485091,-0.365639428541479,-0.478457703799043
1606,19048,"s084","m1",0.652161749813498,0.316915607299364,-0.661898327968908,-0.196039000955105,-0.281870862724556
1607,19049,"s084","m1",0.695352287677342,0.377001219105462,-0.769275377523108,-0.241533305098337,-1.39319690132032
1608,19051,"s084","m1",0.669749956730373,0.376937607329199,-0.472395241718735,-0.32980016224745,-0.923731562077116
1609,19060,"s084","m1",0.624309870729958,0.335418846960309,-0.625692917643424,-0.212964055935131,0.207315519291847
1610,19062,"s084","m1",0.649256866532978,0.371525612683652,-0.566745682085925,-0.246387751459733,-0.768067081758131
1611,19078,"s084","m1",0.650742632249785,0.290573636051654,-0.863401594408027,-0.398047619332466,-0.314484509927698
1612,19079,"s084","m1",0.599084934371536,0.248898661118131,-0.842797631271681,-0.317576465520345,0.315715417249344
1613,19088,"s084","m1",0.699967157268741,0.433709177642503,-0.623452808616555,-0.147403776575942,-1.06309651521967
1614,19093,"s084","m1",0.603032049436713,0.360704217151908,-0.54693431572695,-0.299123071824142,-0.72534744440188
1615,19096,"s084","m1",0.72735227019859,0.388537597155203,-0.424442241718766,-0.27076069856326,-0.756105155206965
1616,19109,"s084","m1",0.692160675374408,0.351213961610827,-0.898269047693246,-0.325104126729433,-0.570637929242641
1617,19119,"s084","m1",0.570355360037355,0.25997608947641,-0.847910415789978,-0.393560600420817,0.281990562762263
1618,19133,"s084","m1",0.686739789119517,0.384191288198107,-0.49884064882287,-0.160864369906926,-0.22300761713242
1619,19136,"s084","m1",0.692002317302813,0.390677019801225,-0.569701743831886,-0.194074954581613,-0.995729238299029
1620,19144,"s084","m1",0.664839682505294,0.265320532977004,-0.69458595678032,-0.249417767013961,-0.243370697958999
1621,19158,"s084","m1",0.678162988365542,0.402418776308962,-0.555710428808695,-0.147814943554149,-0.856332759592012
1622,19181,"s084","m1",0.722577851382177,0.507132164947605,-0.401163326611456,-0.15136214723494,-1.78419649964402
1623,19183,"s084","m1",0.62376320819604,0.353932899443223,-0.704582311650431,-0.375856126057623,-0.0750898682212031
1624,19201,"s084","m1",0.749099613419116,0.427354608548396,-0.42753751904633,-0.0729538578268936,-1.2070394627247
1625,19211,"s084","m1",0.694584685362527,0.396471227012216,-0.550583166744987,-0.1848888777257,-0.434641350141786
1626,19212,"s084","m1",0.677454669266849,0.377315209975018,-0.498361677689819,-0.231109263146898,-0.548587973117144
1627,19214,"s084","m1",0.738205901094778,0.454068269824461,-0.704884526574398,-0.166461903596679,-2.38133836353024
1628,19217,"s084","m1",0.644292554084928,0.323410717031148,-0.693384756116082,-0.256174991792852,-0.509260260886348
1629,19226,"s084","m1",0.643574226124838,0.29691001058013,-0.817746262089395,-0.307826821494074,-0.37309232222237
1630,19286,"s084","m1",0.702557216241906,0.418788484121751,-0.482104137621152,-0.214545886963642,-1.24571105033945
1631,19289,"s084","m1",0.737143998519753,0.467723416211489,-0.5609576316826,-0.183867688021223,-1.62411901822178
1632,19295,"s084","m1",0.602166541652434,0.367815220378131,-0.683545633138771,-0.214745408512665,0.0137442377042301
1633,19325,"s084","m1",0.742385082311169,0.470138689447429,-0.359634959796994,-0.106686362519539,-1.52471254383837
1634,19340,"s084","m1",0.628668608555474,0.30118942658069,-0.522227982130552,-0.214132628191998,-0.216197142481288
1635,19360,"s084","m1",0.615297641386676,0.299261238885852,-0.765481289376699,-0.478900768346569,-0.0268673546666017
1636,19364,"s084","m1",0.615691155067434,0.320762187419955,-0.652567463752693,-0.321620121780021,-0.232936346738087
1637,19366,"s084","m1",0.669355468639588,0.350614822964558,-0.550664643171498,-0.179030516582548,-0.179069395476599
1638,19379,"s084","m1",0.685926887404963,0.359189641086086,-0.634854907798412,-0.226664691267373,-0.390827816434151
1639,19384,"s084","m1",0.713791595521117,0.326333195114635,-0.619171907603284,-0.243606837102765,-1.16740599600061
1640,19401,"s084","m1",0.605096001313293,0.348883332416264,-0.651437646311983,-0.372990358751906,-0.358162455824459
1641,19408,"s084","m1",0.713225496231941,0.43878753321736,-0.471239756027536,-0.325752164506144,-1.53409437467758
1642,19455,"s084","m1",0.684117426604925,0.399488168131466,-0.825176591117309,-0.253494437508746,-2.12733906946279
1643,19458,"s084","m1",0.693662563360315,0.366370166495418,-0.515328233443716,-0.299949353173691,-1.06057751906481
1644,19477,"s084","m1",0.696239504790184,0.375629550282924,-0.650337451320093,-0.150825614402019,-0.90260632576252
1645,19483,"s084","m1",0.599753172997897,0.344287698190587,-0.711465525615233,-0.532898040354229,-0.925255150883565
1646,19493,"s084","m1",0.639623397834227,0.360746423725586,-0.73059664220629,-0.325840917578616,-0.809678517444489
1647,19500,"s084","m1",0.710700877942797,0.440158496741778,-0.486511631620298,-0.213718072763281,-1.1458213334699
1648,19505,"s084","m1",0.588192544200458,0.26721855199081,-0.71418112233638,-0.381887021422903,0.486951042799551
1649,19512,"s084","m1",0.688030059316188,0.359620090429804,-0.552898213197071,-0.264627807545031,-1.0295084611826
1650,19521,"s084","m1",0.75243939028741,0.422759755207581,-0.53424344286766,-0.25743662517524,-1.15538370921417
1651,19530,"s084","m1",0.656213148491613,0.343825041029117,-0.627372139600035,-0.296082134624026,-0.722182140300013
1652,19534,"s084","m1",0.603353717062248,0.264081466194824,-0.82962926406465,-0.409255301456581,0.123342400532534
1653,19544,"s084","m1",0.703693953970972,0.376031203061374,-0.68823372403846,-0.269341701424478,-0.744833894349646
1654,19547,"s084","m1",0.658704701252624,0.333754421221696,-0.57252032305345,-0.23005285992498,-0.159842142730484
1655,19551,"s084","m1",0.673567567525383,0.320358843644691,-0.50986808438963,-0.377087736980417,-0.357093943554806
1656,19561,"s084","m1",0.682112824073208,0.357692286241483,-0.680848672367388,-0.239527177192,-0.197105346497978
1657,19565,"s084","m1",0.65639002231111,0.470466595563188,-0.746148694532364,-0.213542117947004,-0.926650170956314
1658,19572,"s084","m1",0.654829331433904,0.391779933765952,-0.674163491436523,-0.280990311418796,-0.706690721590206
1659,19579,"s084","m1",0.68435263699961,0.325907181929024,-0.568968656036048,-0.346609946172321,-0.798500194066553
1660,19586,"s084","m1",0.612403685389868,0.305293813750762,-0.775505041257338,-0.347078465523066,-0.131201761066152
1661,19596,"s084","m1",0.627742209632179,0.3244703407222,-0.783762353900371,-0.311521464224075,-0.767554725680459
1662,19614,"s084","m1",0.701455537793777,0.371941830379344,-0.637940097439952,-0.286925648737807,-1.49015042032329
1663,19650,"s084","m1",0.645075543080336,0.271403509680764,-0.618924078438499,-0.199218804386648,0.023068875254846
1664,19656,"s084","m1",0.646894991085702,0.337548043981137,-0.541121242371315,-0.239193996092908,-0.141791326598086
1665,19663,"s084","m1",0.702437964017978,0.459747945723782,-0.503393079041429,-0.121684340682384,-1.54640511343087
1666,19674,"s084","m1",0.658429534387085,0.40874970508485,-0.701333431644205,-0.257531132469734,-1.02080361904684
1667,19704,"s084","m1",0.725443463788674,0.423554277378211,-0.534824922519863,-0.157477422591092,-1.905776247811
1668,19723,"s084","m1",0.666698852488687,0.352240453583873,-0.456776988795714,-0.31009652164038,0.111286370209048
1669,19729,"s084","m1",0.641573518888867,0.377923641823283,-0.540084475216842,-0.145803027392897,-0.516709688329962
1670,19734,"s084","m1",0.716426613996592,0.37914651924116,-0.687323323915049,-0.254637434845157,-1.77621218275301
1671,19752,"s084","m1",0.665209350354718,0.400043807515414,-0.541473761285991,-0.177480052898523,-0.373022773067268
1672,19769,"s084","m1",0.684152007492795,0.359851247694754,-0.692480433664196,-0.110573936401635,-0.478390423110954
1673,19771,"s084","m1",0.625894219702062,0.368853440108547,-0.692610732187228,-0.25862478807835,-0.548834791354825
1674,19781,"s084","m1",0.664386890077603,0.298426925691428,-0.668054438005732,-0.360189015866628,-0.555677008291009
1675,19787,"s084","m1",0.621272021905715,0.346501284829588,-0.682486201307068,-0.366777058289468,-0.417937820502736
1676,19790,"s084","m1",0.661614583323793,0.450350694551603,-0.593862986779927,-0.214372409464551,-1.45527689333941
1677,19802,"s084","m1",0.695915578534586,0.384839964524194,-0.505395433958015,-0.330740073870115,-0.837149412213694
1678,19803,"s084","m1",0.725285603596031,0.453100464794563,-0.470573374333729,-0.191034012334859,-1.74718755226485
1679,19805,"s084","m1",0.685771767384097,0.347060288881581,-0.517372487498032,-0.231672083531592,0.021589194985544
1680,19806,"s084","m1",0.699426531775703,0.488454733529101,-0.472185233033643,-0.303391664557252,-1.38770193097322
1681,19834,"s084","m1",0.629198629927466,0.275959854242332,-0.59806782726086,-0.458941661990891,0.441018545636303
1682,19844,"s084","m1",0.629861644747978,0.382199601680147,-0.704667746665916,-0.370188112833911,-0.0527491242324363
1683,19859,"s084","m1",0.680490260075981,0.364637505991233,-0.740055663152413,-0.269282934973904,-0.700950536793542
1684,19904,"s084","m1",0.641041058450529,0.363666706492624,-0.652197788595765,-0.365282176171059,-0.855476815020304
1685,19913,"s084","m1",0.661708279976561,0.337697297211943,-0.739487642070082,-0.276588072233899,-0.49421699239453
1686,19914,"s084","m1",0.65662985444683,0.381634175145024,-0.682291388058795,-0.311244265338544,-0.556759547066842
1687,19932,"s084","m1",0.65417046288642,0.324031546277519,-0.669223916748076,-0.26949972975493,-0.164787381971982
1688,19953,"s084","m1",0.691809878125741,0.342124134178972,-0.526709901724936,-0.22405115143479,-0.286492836646529
1689,19960,"s084","m1",0.743880860968799,0.399454147166612,-0.62487456110395,-0.145605017428343,-1.7681860555835
1690,19978,"s084","m1",0.657254764788171,0.374000933065129,-0.597651159462422,-0.307327190251025,-0.272932423322986
1691,19980,"s084","m1",0.774371423513596,0.431202887293747,-0.539366066650316,-0.149196902508029,-1.48824354176893
1692,19991,"s084","m1",0.706255465198829,0.347193153052953,-0.552915122276461,-0.237393134318622,-0.858590633113342
1693,19996,"s084","m1",0.713416950629317,0.334451269457643,-0.519207371431717,-0.233604350378102,-0.598619361237462
1694,20003,"s084","m1",0.67981441004312,0.407896562940823,-0.67150361728426,-0.291730256733979,-1.74224848134678
1695,20048,"s084","m1",0.743657685023214,0.405379735615295,-0.523660004171723,-0.174156548082559,-1.13643469752042
1696,20051,"s084","m1",0.616738324653505,0.301940566759903,-0.758212524628188,-0.294957417370759,-0.155259640359366
1697,20075,"s084","m1",0.672326657925132,0.384226459751439,-0.606590804439313,-0.203936283054505,-0.903370041912585
1698,20103,"s084","m1",0.641616704840581,0.337384472233483,-0.789154059608215,-0.263262789627889,-0.744173978988041
1699,20109,"s084","m1",0.631448017877513,0.399253722875812,-0.715712862563452,-0.401949141841123,-0.324049462457359
1700,20110,"s084","m1",0.542461309601634,0.340193756227919,-0.879396981578573,-0.315084608411157,-0.646645243613308
1701,20113,"s084","m1",0.682672830438039,0.325549510730145,-0.555707080920643,-0.299471495168112,0.283963578462835
1702,20124,"s084","m1",0.661805543532518,0.333674859020794,-0.612234949386674,-0.367825775048954,-0.701968371502374
1703,20137,"s084","m1",0.6222454394938,0.374711731403755,-0.770180570133165,-0.269767182630677,-0.80221901829474
1704,20144,"s084","m1",0.66951507605775,0.362135052723442,-0.617070048095869,-0.319241446044293,-0.908178651750763
1705,20157,"s084","m1",0.6440276224073,0.373868763243137,-0.538067885515117,-0.18667978344369,-0.643413311754262
1706,20172,"s084","m1",0.678985956217336,0.354401423615674,-0.562908094258469,-0.165299331545152,-0.996691298015223
1707,20177,"s084","m1",0.707512156534384,0.400360500957239,-0.547667033706401,-0.224015054053595,-2.03373212281248
1708,20181,"s084","m1",0.62076700875242,0.349718160335931,-0.706603618537107,-0.22923538118967,-1.08825206927647
1709,20185,"s084","m1",0.716744338819784,0.365030896787499,-0.666884769053607,-0.214167371250963,-1.51353578553813
1710,20203,"s084","m1",0.648985226465268,0.39499591145514,-0.631095393389907,-0.295933067435707,-0.437928015892619
1711,20207,"s084","m1",0.661391795832549,0.316543122997582,-0.622713551691605,-0.192028951013403,-0.426691224189082
1712,20212,"s084","m1",0.711057875350666,0.416856262231366,-0.568834802856274,-0.305489766297839,-1.8994390681448
1713,20214,"s084","m1",0.739943125245407,0.402700982401912,-0.583365532125432,-0.134922266091123,-1.37346506940521
1714,20216,"s084","m1",0.685610463411774,0.45554156923353,-0.52592137418068,-0.170731539289045,-1.77120117790235
1715,20217,"s084","m1",0.800257127666964,0.47957359135129,-0.406304906079494,-0.131950220705583,-0.991569843159187
1716,20233,"s084","m1",0.703736193303243,0.331422512750225,-0.562855473782195,-0.250000391693527,-0.503447756349058
1717,20236,"s084","m1",0.65556593621395,0.441910025105909,-0.641988765495165,-0.204993276810235,-1.94346582322294
1718,20253,"s084","m1",0.706127933274423,0.339362401578369,-0.639799995248244,-0.221453881458955,-0.627015302194042
1719,20255,"s084","m1",0.707643867608831,0.32501357255096,-0.515941427050053,-0.291672334552313,-0.897833667272883
1720,20275,"s084","m1",0.699171920627289,0.36842738895015,-0.563222745533397,-0.229647092305649,-0.760659460673235
1721,20279,"s084","m1",0.581952207012919,0.277058461489862,-0.640736108314521,-0.429062976057875,0.0181890232435458
1722,20282,"s084","m1",0.718557373896452,0.353165350184418,-0.447299808090324,-0.218206998840871,-1.28019919336114
1723,20295,"s084","m1",0.627505896736097,0.328913194122574,-0.782957866248273,-0.228757937030755,-0.416220840680971
1724,20297,"s084","m1",0.62042392826745,0.338020777354241,-0.483946763342092,-0.287754384275581,-0.80790198838952
1725,20311,"s084","m1",0.707948761595034,0.361032221511514,-0.680635376618863,-0.254926535562418,-0.290237741949332
1726,20316,"s084","m1",0.593180073201922,0.304117706448314,-0.885541628817391,-0.457049835693989,-0.547351452379607
1727,20364,"s084","m1",0.734947098674677,0.400100485349896,-0.596221204723147,-0.233770199670356,-0.951242058256163
1728,20368,"s084","m1",0.71207301458511,0.390492905394074,-0.512368273065749,-0.257632793965764,-1.08362222961619
1729,20376,"s084","m1",0.621056642229564,0.292333340995569,-0.663493675562858,-0.244354428394585,-0.245515451535175
1730,20388,"s084","m1",0.584109000430712,0.258608297058919,-0.79806649208327,-0.336413454442951,0.208005030515301
1731,20389,"s084","m1",0.625637488705927,0.33046234124656,-0.743346836895347,-0.484831560164891,-1.24048755445424
1732,20390,"s084","m1",0.646073749131463,0.40651237782931,-0.61639411046318,-0.202484922281371,-0.814763557535351
1733,20407,"s084","m1",0.678693528685854,0.321072895730911,-0.741979680413927,-0.285803799395512,-0.578009658629394
1734,20413,"s084","m1",0.676754278596656,0.364137594679217,-0.671835420205047,-0.191972459204042,-0.973885795479998
1735,20430,"s084","m1",0.657535301090477,0.377808271707281,-0.624886743900649,-0.283374200329214,-1.26294790881701
1736,20440,"s084","m1",0.666247238259034,0.353853612014676,-0.509813569791285,-0.285775590282157,-0.613861871408636
1737,20446,"s084","m1",0.724615522350053,0.365719044219695,-0.494720394655375,-0.202083134839657,-0.561964649360244
1738,20447,"s084","m1",0.625763683367028,0.383530550227403,-0.881650854540714,-0.192090597596543,-0.904913435956456
1739,20451,"s084","m1",0.6615040919923,0.364653924462621,-0.768026407885788,-0.317239803541532,-0.59196941185516
1740,20458,"s084","m1",0.70981008306688,0.380181375412115,-0.591293535569624,-0.311787842975112,-1.31377154349307
1741,20472,"s084","m1",0.656478831249839,0.331836645609449,-0.661352369759359,-0.338563782078654,-0.7695050262381
1742,20485,"s084","m1",0.598018808499053,0.274353036981714,-0.8855696136291,-0.284289779387692,-0.0162044820861487
1743,20499,"s084","m1",0.717934144346661,0.366110816279793,-0.659218637576479,-0.205261862073724,-1.55910490188578
1744,20503,"s084","m1",0.676499388823197,0.376602846496662,-0.675424380857271,-0.318860992356485,-0.892155836593353
1745,20509,"s084","m1",0.635486771472537,0.34042941880328,-0.604998145630546,-0.294043328154448,-0.355102806876881
1746,20519,"s084","m1",0.653237942226427,0.325563133389693,-0.647363345344636,-0.300050382246843,-0.295139543341498
1747,20521,"s084","m1",0.606860353612764,0.311029205454582,-0.62882349255758,-0.274426301413661,0.144672763786125
1748,20523,"s084","m1",0.713680236055383,0.408120251448757,-0.638099510144103,-0.158748174382364,-1.23446459588513
1749,20533,"s084","m1",0.618174501260279,0.37320555272207,-0.568917239568849,-0.279747740840417,-0.721514467195048
1750,20565,"s084","m1",0.73865457157989,0.389118423705823,-0.508402480369318,-0.199654097433871,-0.767891604973429
1751,20568,"s084","m1",0.647528092351603,0.314308574155445,-0.643907507802038,-0.268277345736097,0.155161984746417
1752,20581,"s084","m1",0.613539944292585,0.312071764802624,-0.695399153449117,-0.234500069490209,-0.453743214190748
1753,20598,"s084","m1",0.627865349082453,0.339599925749607,-0.595548042865192,-0.326370815824131,-0.465892541356419
1754,20599,"s084","m1",0.654083486549931,0.380358752421959,-0.579893929718155,-0.313755067930367,-0.260487615944152
1755,20600,"s084","m1",0.664770838306138,0.381832074742519,-0.771077205378677,-0.314947518502208,-0.732006826014747
1756,20602,"s084","m1",0.675049844068895,0.440125866050691,-0.612630606486243,-0.299478532756069,-2.47306874943489
1757,20614,"s084","m1",0.660292858780378,0.395261859225193,-0.579114682672537,-0.340857633433975,-0.805362269701379
1758,20634,"s084","m1",0.736321015805482,0.463263406340756,-0.513057928901076,-0.237067303905656,-2.11081711715273
1759,20640,"s084","m1",0.660816975204036,0.367483555305773,-0.614595876463132,-0.19579881706768,-1.22468463586137
1760,20648,"s084","m1",0.743532930158673,0.419631117991786,-0.481529245730053,-0.209358399225825,-0.703724087375243
1761,20652,"s084","m1",0.599454913774757,0.374350940632036,-0.69799093785228,-0.26991958135803,-0.264564182021861
1762,20669,"s084","m1",0.686639796933731,0.40064846584047,-0.508242842832616,-0.223552004016805,-0.997839945646216
1763,20684,"s084","m1",0.71669017214955,0.389555521229759,-0.6454749175617,-0.283071157185089,-0.642952030980223
1764,20707,"s084","m1",0.694393197931956,0.472656472334648,-0.488523138387299,-0.158379199418959,-1.79924345319756
1765,20714,"s084","m1",0.759018510688254,0.458321660407953,-0.536916891919446,-0.153499692993641,-2.02318257807213
1766,20717,"s084","m1",0.678421943561859,0.364328394986935,-0.623706668569186,-0.255413621196151,-0.825677898715194
1767,20741,"s084","m1",0.709713803327806,0.45331314544603,-0.541498651931052,-0.240846449814533,-1.23856788238013
1768,20743,"s084","m1",0.612995242411562,0.329307962578301,-0.641534269755168,-0.350171632332646,-0.195641317152693
1769,20749,"s084","m1",0.643327472426988,0.334767591935228,-0.508223201876295,-0.247994090084542,-1.12494874706561
1770,20750,"s084","m1",0.72792952036883,0.421180457339914,-0.496188643105245,-0.203492029071983,-1.7334141201531
1771,20753,"s084","m1",0.639406922948879,0.369438477369019,-0.692006889491619,-0.314308153532894,-0.926854143312142
1772,20778,"s084","m1",0.684869386645102,0.341201493053535,-0.595990373678017,-0.260903461494603,-0.100859185225172
1773,20784,"s084","m1",0.68162250239286,0.399923783747344,-0.543393930025845,-0.318260403920537,-1.76974929069713
1774,20785,"s084","m1",0.671994773254165,0.381170907973333,-0.536786881673759,-0.193467356741774,-0.337402945399212
1775,20792,"s084","m1",0.703124069189116,0.449364076760209,-0.556772752256767,-0.188523265253429,-1.96508083782614
1776,20823,"s084","m1",0.654241989383041,0.28975832970835,-0.536601644049917,-0.2855371507549,0.21435301980592
1777,20856,"s084","m1",0.653073901972824,0.37933544802603,-0.599797644329782,-0.362268471254965,-1.40647679481393
1778,20892,"s084","m1",0.70144835163377,0.431922760098328,-0.560141479802316,-0.093460152873667,-0.951261762660939
1779,20901,"s084","m1",0.646013871086715,0.377564542762452,-0.575311831955323,-0.257430710385776,-0.191001347983745
1780,20914,"s084","m1",0.636859269761253,0.415521436700871,-0.535422402213194,-0.311280017721232,-2.36075805006011
1781,20915,"s084","m1",0.706517794582803,0.345663933042141,-0.443000079118668,-0.309990011005845,-0.930307716573214
1782,20918,"s084","m1",0.62049754351713,0.262818043044041,-0.802403572501301,-0.339848918926645,0.0826207490088789
1783,20929,"s084","m1",0.60311180527342,0.295882600418634,-0.786462348847973,-0.334704438946076,0.223386128550908
1784,20931,"s084","m1",0.602997002845143,0.315133033114603,-0.580870122680577,-0.442771520273804,-0.526869183617057
1785,20934,"s084","m1",0.752158959746232,0.356904534254077,-0.465901637687123,-0.292165125930619,-0.955060957007838
1786,20940,"s084","m1",0.724774133066114,0.399186262486994,-0.602055910695848,-0.154297584374535,-0.78442694641541
1787,20943,"s084","m1",0.665980725578488,0.329883227832139,-0.718407185988647,-0.343404297179398,-0.323596961993331
1788,20954,"s084","m1",0.633212574390252,0.283099442178916,-0.469034252298575,-0.274393355256794,0.555796646338061
1789,20971,"s084","m1",0.566486788989801,0.229494183019135,-0.732911078096862,-0.271647479557488,0.185589425108365
1790,20977,"s084","m1",0.600310123642508,0.310247156662034,-0.737950310000446,-0.201559694415056,-0.232826749509413
1791,20980,"s084","m1",0.739553110060358,0.428089667891459,-0.606734239298493,-0.1632813306418,-1.96705340782212
1792,20986,"s084","m1",0.690390969188297,0.387137203911266,-0.672230591566401,-0.357264962663306,-0.871195699393654
1793,20996,"s084","m1",0.676266699385532,0.374534942769905,-0.569544451090884,-0.268635740915329,-0.593394493603579
1794,21030,"s084","m1",0.59084840430211,0.314362804526174,-0.715749662934987,-0.405238217130997,-0.812509269071421
1795,21037,"s084","m1",0.690961511538015,0.434174903015134,-0.470120885389722,-0.154917349215975,-1.09237612558425
1796,21039,"s084","m1",0.681292849240429,0.401317883382539,-0.722297920997364,-0.276573433727912,-1.17608819911535
1797,21042,"s084","m1",0.632910461652455,0.318441448747366,-0.792533848146948,-0.297183763202681,-0.0315452700526709
1798,21066,"s084","m1",0.638213667912166,0.427792696212635,-0.61581529344057,-0.183064268917265,-1.14971508452804
1799,21067,"s084","m1",0.653665225031344,0.34380674538914,-0.734720644055152,-0.320927326672347,-0.970719238021937
1800,21109,"s084","m1",0.733505753729811,0.389954315061052,-0.535323329131229,-0.204760775631871,-0.992910232579642
1801,21111,"s084","m1",0.721265597121231,0.369291343305535,-0.578818281610129,-0.263317730770785,-1.24328996141795
1802,21132,"s084","m1",0.748441759405854,0.356086245718235,-0.395178331231229,-0.20612513231494,-0.826209926728259
1803,21138,"s084","m1",0.720528336923051,0.394540698709221,-0.538806476673623,-0.262283813685815,-0.623179277540842
1804,21141,"s084","m1",0.687793213158645,0.316989591428509,-0.543236633889952,-0.25255307726322,-1.06791441966485
1805,21150,"s084","m1",0.646817995311514,0.325353885014824,-0.659149443753836,-0.331569439926731,-0.519567876985661
1806,21155,"s084","m1",0.751397849582876,0.44861483168303,-0.36103281374999,-0.159649209899267,-1.90874098931487
1807,21175,"s084","m1",0.621366112830591,0.279468399282167,-0.791271621145826,-0.14759514316823,0.154690907674837
1808,21182,"s084","m1",0.65320766589654,0.371295958961728,-0.584286756293187,-0.256769704995734,-0.491127124441087
1809,21189,"s084","m1",0.651227019091851,0.370157138951756,-0.565187793662294,-0.303548977015984,-0.832732644414912
1810,21215,"s084","m1",0.73855909863741,0.454405092429094,-0.441630269716159,-0.151828804372128,-0.961505172254294
1811,21227,"s084","m1",0.697972022332979,0.369959995623465,-0.781408144280568,-0.180193619776654,-0.820037838065898
1812,21233,"s084","m1",0.709918338070152,0.403165401242873,-0.550417829391932,-0.25734497538273,-1.6733419279341
1813,21265,"s084","m1",0.680839978360685,0.338800681289815,-0.685285181145996,-0.325298953194737,-1.24994696099167
1814,21290,"s084","m1",0.627538430362076,0.304989561754748,-0.837016810079769,-0.250592971386796,-0.307767533118122
1815,21308,"s084","m1",0.64099797235629,0.296343362239293,-0.745143016836921,-0.283279112463052,-0.471626836321724
1816,21325,"s084","m1",0.686921732195575,0.377576196971582,-0.686227518094981,-0.232343224807378,-0.658595844923334
1817,21347,"s084","m1",0.667870523689612,0.388820472377444,-0.46534505448013,-0.194970688811304,-0.0782064067691205
1818,21351,"s084","m1",0.634883728782669,0.341863064015423,-0.770311261788699,-0.238836138869064,-0.355618850263461
1819,21363,"s084","m1",0.745756913015124,0.352919250643424,-0.435596646795858,-0.195908325794384,-0.462034379849906
1820,21378,"s084","m1",0.738074732180625,0.390746451587146,-0.573031723365072,-0.148112117766448,-1.5091461459013
1821,21380,"s084","m1",0.680811416456186,0.368145811199724,-0.527228609255889,-0.310865848126336,-1.23370921821704
1822,21381,"s084","m1",0.694017339112644,0.431778729769663,-0.554017726082541,-0.335881953365936,-1.17917814725083
1823,21386,"s084","m1",0.703496479148471,0.378593051333507,-0.614210767586023,-0.187016314970292,-1.13332230437953
1824,21389,"s084","m1",0.758112058702338,0.405651854536,-0.406691524036427,-0.2451474805628,-1.19647785076676
1825,21399,"s084","m1",0.731742866540633,0.434616905550441,-0.617760588768033,-0.12383018206921,-1.7449510872388
1826,21401,"s084","m1",0.719082976042808,0.414533764255181,-0.575989008826771,-0.233217410310919,-1.20040154688984
1827,21423,"s084","m1",0.683872590077136,0.351314800659782,-0.541368781572107,-0.182901878275437,-1.06325438958284
1828,21450,"s084","m1",0.725734226621574,0.326585486725297,-0.641280800777757,-0.219101396450442,-0.58814550080567
1829,21455,"s084","m1",0.71661284079669,0.428503017692252,-0.507546657131652,-0.187642495038632,-1.0582940068812
1830,21471,"s084","m1",0.626389498974628,0.208407451974271,-0.879492430786218,-0.332533950392467,0.212101320349261
1831,21483,"s084","m1",0.710949185407188,0.36046096757374,-0.479849895312907,-0.240068708523168,-0.860978672629921
1832,21487,"s084","m1",0.669764301375658,0.397219237949905,-0.523477999928552,-0.237617859742735,-0.207712585550949
1833,21488,"s084","m1",0.728929393534814,0.395830617803144,-0.622405619894677,-0.180299099645563,-3.16916638642425
1834,21502,"s084","m1",0.55144182868939,0.242122154219231,-0.92992689324802,-0.43860542143517,0.688210018114525
1835,21503,"s084","m1",0.687960709222579,0.369594522882922,-0.656019588472427,-0.181957566134833,-0.683623626211892
1836,21527,"s084","m1",0.604112761307666,0.371039626078491,-0.687760190182962,-0.285121713600255,0.0403163147191721
1837,21531,"s084","m1",0.681259714975408,0.369679944768072,-0.702087909766533,-0.326599452834825,-1.37094423698316
1838,21534,"s084","m1",0.672047664125391,0.302818998649195,-0.668271389186033,-0.289769743269717,-0.788454096811965
1839,21570,"s084","m1",0.69680576209758,0.312664604625455,-0.566598684568131,-0.264085173154337,-0.515394555783676
1840,21584,"s084","m1",0.756059320086473,0.459746508566249,-0.51312660260117,-0.168426036719733,-1.97983039729096
1841,21586,"s084","m1",0.723346335741916,0.391512767209937,-0.426029391973442,-0.274878611787687,-0.870014718180823
1842,21598,"s084","m1",0.649737641739594,0.421260876438164,-0.578491975438465,-0.216943553482439,-0.901716070268813
1843,21600,"s084","m1",0.726171848702045,0.393119376044918,-0.40236097277694,-0.1832131437624,-0.962792549288543
1844,21644,"s084","m1",0.630799774124592,0.330503196180078,-0.891163224549484,-0.373429994066988,-0.443519146188452
1845,21653,"s084","m1",0.681784634396836,0.42800334450776,-0.660745615814506,-0.15842863294754,-0.802328858828943
1846,21658,"s084","m1",0.642478724826637,0.322128385567625,-0.696422106108203,-0.363308858168692,-0.324923139659037
1847,21662,"s084","m1",0.663483978730737,0.34410712523172,-0.57798647742303,-0.283743497280125,-0.414488465367375
1848,21665,"s084","m1",0.681333947064675,0.367167575681732,-0.582278001292838,-0.276622278328695,-1.66615011739866
1849,21677,"s084","m1",0.64523658708918,0.302818057716397,-0.653465435960428,-0.236121428004651,-0.139151615548507
1850,21678,"s084","m1",0.754496986590246,0.390698936746114,-0.641004664143516,-0.254738154816769,-1.45323732842662
1851,21720,"s084","m1",0.709278119387289,0.396268712286222,-0.520716139711855,-0.271662373781331,-0.0448025943916342
1852,21721,"s084","m1",0.70488273653334,0.408102125548418,-0.668388483983857,-0.216712118712984,-0.849275094353971
1853,21731,"s084","m1",0.6425007501938,0.383919317211162,-0.672759815101876,-0.37820192572644,-0.411002496090523
1854,21746,"s084","m1",0.709207473065198,0.445596116536288,-0.547673025835916,-0.19467704867596,-0.794567357747875
1855,21777,"s084","m1",0.636955702334713,0.385324890483268,-0.755469705629167,-0.279509041292357,-0.135000261600004
1856,21786,"s084","m1",0.653262641437692,0.347129086335788,-0.460375650025809,-0.232829682266231,-0.370826783239046
1857,21807,"s084","m1",0.679140906130888,0.416432898689715,-0.542520989843679,-0.209067940192198,-0.842576414984026
1858,21810,"s084","m1",0.641432989529627,0.348041728434846,-0.728602736646287,-0.491576862455505,-0.722809658837778
1859,21811,"s084","m1",0.567709969440298,0.257984575941446,-1.02867070295828,-0.338521930621584,0.602118018006164
1860,21821,"s084","m1",0.589445143195856,0.32494076047148,-0.777343853445592,-0.266431659784729,-0.117090403317333
1861,21827,"s084","m1",0.642149559111765,0.297834659502399,-0.752210935617507,-0.358530022776212,-0.0262965108049601
1862,21832,"s084","m1",0.640809890215738,0.304059614959807,-0.578685238981616,-0.32185511319437,-0.975813787610957
1863,21838,"s084","m1",0.726575876298785,0.370511933881539,-0.786009260661034,-0.212895178389512,-1.33636699818876
1864,21851,"s084","m1",0.733667164717747,0.35717195664911,-0.611730101351538,-0.0987451189500386,-0.514623982418126
1865,21868,"s084","m1",0.663369760802209,0.349701968006701,-0.400269202379812,-0.306703736212882,-0.868423384792071
1866,21874,"s084","m1",0.698666738142434,0.397404443904729,-0.757401252679103,-0.24753392351904,-0.810285553894834
1867,21878,"s084","m1",0.737941590016762,0.436308604794457,-0.507442808980883,-0.118950722121836,-1.85022877807468
1868,21885,"s084","m1",0.745256171724639,0.380660629849353,-0.350113823683887,-0.301621281768358,-0.698136397674648
1869,21892,"s084","m1",0.693112518998146,0.362887942971468,-0.606830466317914,-0.206573216491399,-0.873751623093064
1870,21905,"s084","m1",0.664404875733451,0.331526970178046,-0.740053100786012,-0.405318351678338,-0.628720793322805
1871,21915,"s084","m1",0.659400308623407,0.318558283726653,-0.64296075886299,-0.273441830571492,-0.0727157390093908
1872,21973,"s084","m1",0.65509867448556,0.355782182429184,-0.777946525189179,-0.3027720394455,-0.347084707058066
1873,21988,"s084","m1",0.648463426316259,0.381767761520654,-0.511250563072924,-0.223399324957362,-0.187545648887541
1874,22006,"s084","m1",0.616183633298411,0.289548454256423,-0.768919203044908,-0.399742877223984,-0.0491687965887687
1875,22016,"s084","m1",0.605172850573803,0.34848003437343,-0.685785298660167,-0.239109811945311,0.0986570306957251
1876,22018,"s084","m1",0.64841968061159,0.381816146802224,-0.479379447759652,-0.320467409256528,-0.282350720739204
1877,22030,"s084","m1",0.70591296723858,0.278895870296996,-0.611185621268571,-0.180296925424756,-0.513127248277828
1878,22045,"s084","m1",0.583442120869778,0.307309517328372,-0.818921312285686,-0.406972609649003,-0.765988029944732
1879,22054,"s084","m1",0.754922064580464,0.32853099988352,-0.535498438953934,-0.299776676457873,-0.831552534375132
1880,22059,"s084","m1",0.617580313770132,0.327427104639526,-0.663183676099291,-0.364080306007734,-0.465414254772454
1881,22082,"s084","m1",0.7030475097026,0.367261103581727,-0.732901171356565,-0.189646468150094,-1.24129793051639
1882,22091,"s084","m1",0.719336304832954,0.396882099284144,-0.577069684308716,-0.205888469257784,-1.78933875922253
1883,22096,"s084","m1",0.538700827771726,0.210323405304751,-0.859447740193326,-0.388744758307505,0.560716642232408
1884,22097,"s084","m1",0.615443243021247,0.31876801734437,-0.756671260626887,-0.156978131603569,-0.213584109597146
1885,22098,"s084","m1",0.711758753840859,0.372991145757303,-0.469179336750854,-0.220642087692903,-0.213770410167542
1886,22100,"s084","m1",0.682095612684756,0.37406841115965,-0.631892389790782,-0.273428049174661,-0.768694181496388
1887,22106,"s084","m1",0.69151817655034,0.422262911584367,-0.496363336024345,-0.206145829353106,-1.21853122979666
1888,22109,"s084","m1",0.741813193374507,0.475581742992728,-0.462003906159088,-0.252882981649722,-1.31338697326316
1889,22110,"s084","m1",0.517809119881296,0.22482891176228,-0.804604773955429,-0.388725983855484,0.482805758649831
1890,22121,"s084","m1",0.635338685660496,0.365947831007326,-0.587584300965581,-0.3935529502537,-0.592650859796095
1891,22129,"s084","m1",0.612996039931841,0.344659534446513,-0.610214107634005,-0.25305137731611,-0.00145503751291261
1892,22139,"s084","m1",0.625192421956125,0.389159601125295,-0.718003279997648,-0.338531044439041,-0.528118066227925
1893,22147,"s084","m1",0.698109972611413,0.362423697299299,-0.483654469562121,-0.245632898157877,-0.256490297384279
1894,22154,"s084","m1",0.636103141692165,0.335078795995587,-0.686774400892165,-0.351346206257242,-0.0564539912057493
1895,22173,"s084","m1",0.720055572871411,0.373448440051247,-0.664626323353224,-0.260367289954107,-1.54924977179304
1896,22219,"s084","m1",0.65022305208737,0.312245672749465,-0.821532049300345,-0.267772282587244,0.112293474171466
1897,22252,"s084","m1",0.682942327884006,0.403264742090016,-0.564518526237429,-0.128302902390972,-0.652340771642409
1898,22253,"s084","m1",0.733553658577772,0.415755982351112,-0.51301537315431,-0.181897134900988,-2.06481571811321
1899,22254,"s084","m1",0.684667428058232,0.306055932004344,-0.545168251804447,-0.435877652913865,-0.844016592148931
1900,22278,"s084","m1",0.757772622265706,0.384848737955488,-0.475823469718644,-0.104315429506148,-1.05484970805028
1901,22288,"s084","m1",0.67103242714268,0.412319920833601,-0.528069676739536,-0.188341587098323,-0.506110922550589
1902,22294,"s084","m1",0.739294030392485,0.423794028210967,-0.454607920838253,-0.21496278493202,-1.82745785032397
1903,22299,"s084","m1",0.628072410086777,0.37611358816106,-0.561551483172476,-0.35229742938803,-0.560285725469876
1904,22320,"s084","m1",0.658976728158988,0.403662011865884,-0.620891230827828,-0.211362021424379,-0.703781750857247
1905,22323,"s084","m1",0.641217930021816,0.264750534412385,-0.706348732104513,-0.387541361692896,-0.174814953162184
1906,22327,"s084","m1",0.67779523395641,0.336630868312837,-0.656705395411284,-0.225086469286327,-0.623923264486071
1907,22329,"s084","m1",0.626060596085425,0.386002350044631,-0.633057472157358,-0.366873702962453,-0.644306429796655
1908,22342,"s084","m1",0.60071956210017,0.217784685379041,-0.875618318117858,-0.43516642653262,-0.0417028780395077
1909,22356,"s084","m1",0.571230462053913,0.360003306010369,-0.517167442464086,-0.387087563173694,-0.188819532957689
1910,22383,"s084","m1",0.66414939760843,0.349606857513613,-0.684513870567945,-0.28945112893234,-0.352276362357907
1911,22403,"s084","m1",0.706209383673187,0.40543531048714,-0.631662757539919,-0.1820396867072,-1.23552178963046
1912,22407,"s084","m1",0.565512048720749,0.315057051059063,-0.941878992888743,-0.518511940781669,-0.226405090516671
1913,22425,"s084","m1",0.735482790958543,0.466020266005866,-0.409356339463966,-0.171444492426602,-1.36902073386977
1914,22436,"s084","m1",0.689325751969881,0.374488882524667,-0.556934836156773,-0.326876773722951,-1.06239231948038
1915,22454,"s084","m1",0.591997460816508,0.263434422902966,-0.832636477176587,-0.43779981287518,-0.195376944607415
1916,22460,"s084","m1",0.669705757024007,0.471900896258867,-0.590397614050972,-0.236811484368466,-2.03345006220973
1917,22471,"s084","m1",0.608395976359404,0.267274434168007,-0.740362686996677,-0.430173520846321,-0.112836094997978
1918,22497,"s084","m1",0.674853446129586,0.44898386561924,-0.663733283388428,-0.137266753728838,-1.6335200733139
1919,22500,"s084","m1",0.587350518356313,0.316863407291777,-0.629867407402638,-0.364022147746297,-0.668873657091664
1920,22505,"s084","m1",0.625430685568629,0.379581605314827,-0.499323661569452,-0.290167166196891,-0.582335207698795
1921,22507,"s084","m1",0.645144529046642,0.377300365506776,-0.616914141751641,-0.273300874832384,-1.21387032969662
1922,22524,"s084","m1",0.570473890187216,0.316800523143527,-0.593270458243042,-0.242286837083535,0.420549443245572
1923,22537,"s084","m1",0.620448097604444,0.419888346918926,-0.576606981746799,-0.414517719320138,-0.830605053660807
1924,22555,"s084","m1",0.702577057765102,0.380732288490711,-0.560319128025877,-0.115126019294771,-0.888907389724439
1925,22585,"s084","m1",0.678073882912114,0.328300599917858,-0.625171300281539,-0.294319239496248,-0.400071628499666
1926,22601,"s084","m1",0.691371059259889,0.403059773874789,-0.594308015782852,-0.261007066063897,-0.780847992137108
1927,22606,"s084","m1",0.59322603009894,0.328201943990702,-0.947614560688634,-0.401995722018333,-0.736148390984885
1928,22629,"s084","m1",0.603551484624498,0.375620780364655,-0.785081780813284,-0.340087626278715,-1.05938574092925
1929,22646,"s084","m1",0.658077640223965,0.288457258177465,-0.569315583607251,-0.342161361597547,-0.576542895058408
1930,22649,"s084","m1",0.657943330728868,0.41152776832818,-0.605089683505837,-0.175994099090701,-0.749507416116267
1931,22651,"s084","m1",0.665170249941111,0.31924833911328,-0.690504432755255,-0.222131677183348,-0.0874590026268913
1932,22686,"s084","m1",0.592159306393992,0.417506588438519,-0.736009707612115,-0.302072138304379,-1.04115859299215
1933,22690,"s084","m1",0.642583629795596,0.262160129280745,-0.976130386199428,-0.343556111123684,-0.176217970480214
1934,22695,"s084","m1",0.705491299509852,0.411357399668284,-0.466619025104076,-0.196197719611268,-0.654064908214137
1935,22704,"s084","m1",0.650632729222245,0.373614350040749,-0.689016995485775,-0.358007029477058,-0.982691997807067
1936,22721,"s084","m1",0.68839205532427,0.411129844581996,-0.532314060501337,-0.291227985590978,-1.32921869993348
1937,22732,"s084","m1",0.587333037692851,0.284178960655925,-0.694080682127511,-0.479577468405416,-0.567722492148713
1938,22733,"s084","m1",0.66151526730356,0.404771377190157,-0.572056172658927,-0.344871448928652,-0.414468145174021
1939,22747,"s084","m1",0.781591635392506,0.466499257916491,-0.388896028330795,-0.157982300389075,-1.92962692911954
1940,22753,"s084","m1",0.715049044752007,0.403275380362452,-0.595004263560635,-0.278745307490979,-1.46626803292228
1941,22757,"s084","m1",0.649756720012167,0.277151393770237,-0.646519828718774,-0.355029617432497,-0.0857049148082343
1942,22758,"s084","m1",0.70880337242057,0.422136629061872,-0.574498429522683,-0.241743154579852,-0.536605625666054
1943,22762,"s084","m1",0.597007161440109,0.3401152098646,-0.739598598875631,-0.334645153913013,-0.666444312210331
1944,22766,"s084","m1",0.659740838304497,0.388688935751567,-0.556392388931649,-0.275975206152195,0.0407553538211801
1945,22774,"s084","m1",0.689060120169769,0.34942588610091,-0.740219211675766,-0.244059108168174,-1.80173516686441
1946,22778,"s084","m1",0.622257098340317,0.30639215080711,-0.636610744494566,-0.339407032978212,0.357445197394437
1947,22789,"s084","m1",0.757681788305777,0.450560636542376,-0.359385571183192,-0.118576900553199,-1.18087375634058
1948,22793,"s084","m1",0.657547451277843,0.347211948387283,-0.568274839451142,-0.368199699213686,-0.76766365186024
1949,22804,"s084","m1",0.765657554119594,0.400972218174783,-0.48848093390656,-0.187117726676946,-1.15896358863567
1950,22806,"s084","m1",0.578450538870261,0.307028610254105,-0.763725392182523,-0.394675291997721,0.251050323508658
1951,22816,"s084","m1",0.748548063244048,0.389947134633374,-0.437337404003192,-0.127796599770997,-1.03845356726897
1952,22854,"s084","m1",0.6831951353137,0.435205376207333,-0.531334280400416,-0.220888511262116,-0.46595156465848
1953,22866,"s084","m1",0.625862647886218,0.370790650950279,-0.67838305138061,-0.32499101464071,-0.552270955925767
1954,22878,"s084","m1",0.725595161597829,0.44833439229608,-0.442262270319349,-0.123138816270303,-1.17594849849341
1955,22881,"s084","m1",0.690171902622214,0.289025636453792,-0.692055540428556,-0.360026462037836,-1.0338335068336
1956,22903,"s084","m1",0.692085126311032,0.438328140278298,-0.561080346130581,-0.253662626064072,-0.599032006396658
1957,22925,"s084","m1",0.683750011069987,0.366475272167729,-0.671846160604935,-0.269263819394608,-0.698544775524887
1958,22972,"s084","m1",0.754707766829309,0.398802983063406,-0.571988316804148,-0.138296218928921,-0.745319041468561
1959,22996,"s084","m1",0.733026508920571,0.386755987929937,-0.476162665532362,-0.293877207830183,-2.11315468079539
1960,23040,"s084","m1",0.689734789243347,0.463561155804311,-0.585991724809898,-0.250850316853259,-1.72550903442832
1961,23053,"s084","m1",0.757954612406977,0.446239787295206,-0.572166834359072,-0.222193653041413,-1.80413045159517
1962,23054,"s084","m1",0.724619915627079,0.459901163883487,-0.48961452643926,-0.265819005046682,-1.54173618884933
1963,23067,"s084","m1",0.667038927070566,0.410942137539331,-0.601591614616451,-0.269044165510269,-1.9537973522613
1964,23073,"s084","m1",0.651627670067235,0.349625069919719,-0.787396711799803,-0.41188698916846,-0.314154103916082
1965,23098,"s084","m1",0.711233212112815,0.397750043380108,-0.757354706622953,-0.133318988792049,-1.03076923757554
1966,23100,"s084","m1",0.628442156160028,0.279839828938666,-0.808380550096221,-0.300406877517508,-0.0632350514277114
1967,23105,"s084","m1",0.719920570942729,0.35878625201456,-0.479763981246308,-0.165999940929531,-0.406433866486821
1968,23106,"s084","m1",0.663128295393568,0.384231036305281,-0.451368068745497,-0.163429295633035,-0.65615448015987
1969,23126,"s084","m1",0.684969194537817,0.349862973035703,-0.640932862360998,-0.369164051801102,-0.753380468078404
1970,23161,"s084","m1",0.584513014664414,0.34957695920783,-0.77594973708764,-0.312206137026747,-0.596179654202392
1971,23164,"s084","m1",0.734862183754032,0.372040982680783,-0.661243340147808,-0.150042362111744,-0.781546841368468
1972,23176,"s084","m1",0.694399349747917,0.414075425791456,-0.757748323693153,-0.235937482549537,-0.67897341970841
1973,23180,"s084","m1",0.701440134096389,0.434196886797174,-0.565023237255535,-0.221777311940135,-0.759748003364057
1974,23212,"s084","m1",0.6104672315213,0.253828752852072,-0.772517457465421,-0.399032533162395,0.399214857755732
1975,23237,"s084","m1",0.681519646831635,0.354510158464358,-0.504257015142662,-0.250173955427462,-1.08869079174529
1976,23242,"s084","m1",0.669892510776272,0.40261385432248,-0.561350477378529,-0.251006555269904,-0.374733464617019
1977,23246,"s084","m1",0.646218771393803,0.313068071840807,-0.699608574224086,-0.212113161274944,-0.150699066801372
1978,23251,"s084","m1",0.706442451324812,0.358547707131313,-0.446809413533319,-0.121119115242713,-0.618696245704685
1979,23259,"s084","m1",0.713347809788866,0.330304362360998,-0.512137906218108,-0.173334443731574,0.116103189495482
1980,23269,"s084","m1",0.665194498804965,0.2922510818717,-0.673185301478635,-0.359461274979879,-0.413532415126067
1981,23276,"s084","m1",0.671125348778941,0.309947360318083,-0.572347091288063,-0.353066071626741,-0.620619834350657
1982,23300,"s084","m1",0.740684952924241,0.40392288746658,-0.475579565025371,-0.178430477428296,-1.39211379254152
1983,23328,"s084","m1",0.643642530564944,0.360037500585355,-0.566507269586923,-0.282762730190213,-0.675111928666782
1984,23329,"s084","m1",0.656620310501278,0.298754379385629,-0.745128424154375,-0.312910971119294,-1.19302554429319
1985,23336,"s084","m1",0.591223185163567,0.29395784129163,-0.663801785813544,-0.333197060148522,-0.262753688244541
1986,23351,"s084","m1",0.65389012821067,0.354403090277295,-0.617881803862411,-0.341581587385865,-1.10185664450514
1987,23366,"s084","m1",0.662818130973532,0.366994931759846,-0.653556230502381,-0.237019189925042,-0.286794573442619
1988,23384,"s084","m1",0.642759190082469,0.335921352675475,-0.774661954177194,-0.267793334842239,-0.497512757085205
1989,23413,"s084","m1",0.633455412366605,0.326707167583508,-0.546050510400736,-0.330972218852805,-0.925826324448069
1990,23422,"s084","m1",0.709069571728616,0.398067308102154,-0.601339903614161,-0.293270490623155,-0.859306645143998
1991,23430,"s084","m1",0.752986436497475,0.378402789822056,-0.492857602610574,-0.149555211434578,-1.02825075997725
1992,23436,"s084","m1",0.639794373467165,0.339053431082709,-0.688653982775504,-0.288610313084471,-0.723912167968769
1993,23437,"s084","m1",0.702152619226835,0.409776646274017,-0.523698341890603,-0.273496210611942,-1.1044792709122
1994,23456,"s084","m1",0.685089283714342,0.425437259869445,-0.550981640486932,-0.216428969468142,-1.07834724249954
1995,23472,"s084","m1",0.63885796940599,0.338228450895817,-0.443684817532276,-0.40222896850816,-0.610739070119407
1996,23473,"s084","m1",0.68082158712393,0.317293854497245,-0.632132140000908,-0.209011781648702,-0.326743235783128
1997,23480,"s084","m1",0.653278432845864,0.348226993344925,-0.61832956253244,-0.255146649195285,-0.0855975798891501
1998,23481,"s084","m1",0.746862644873775,0.352893230194419,-0.446750026909972,-0.215293049386966,-0.967903376129515
1999,23491,"s084","m1",0.625496348758957,0.344322040692875,-0.716759520704237,-0.136623424028724,-0.0269853505027878
2000,23506,"s084","m1",0.690530796946976,0.3652088993266,-0.654382894819654,-0.188994723607038,-0.270561074036158
2001,23510,"s084","m1",0.696006611735331,0.377910310691083,-0.418765282466701,-0.257836288271917,-0.632242296193788
2002,23512,"s084","m1",0.644705438617679,0.395559269512315,-0.63897388522674,-0.278012813074943,-1.21128332941526
2003,23520,"s084","m1",0.670891356393035,0.414872832040647,-0.693132287594165,-0.152135643988208,-1.31924877974441
2004,23523,"s084","m1",0.703641505707844,0.428896562270752,-0.422107962728673,-0.225182116195755,-0.912061267817695
2005,23534,"s084","m1",0.686984785808261,0.385936472350082,-0.536714343046691,-0.272494439674177,-0.573849488195619
2006,23549,"s084","m1",0.790346751501119,0.373354007412161,-0.582112714607662,-0.149542696147893,-1.02400357944423
2007,23563,"s084","m1",0.674181289609648,0.35161024985973,-0.713266790630458,-0.438035698270651,-0.429516370241087
2008,23576,"s084","m1",0.730034315908059,0.388725595674618,-0.788207971900228,-0.245299383590612,-0.872609676750754
2009,23591,"s084","m1",0.673311704475332,0.402039071736008,-0.710365664450367,-0.292698477481679,-0.947222958894588
2010,23602,"s084","m1",0.563490962607177,0.308217570497622,-0.721706462574948,-0.329071281052142,-0.104402767562302
2011,23624,"s084","m1",0.641579899742422,0.32490586230581,-0.7119138270183,-0.408644726284274,-0.442732923920332
2012,23663,"s084","m1",0.668861081753818,0.413640267289249,-0.649941285394798,-0.184692755526806,-1.77589927307539
2013,23674,"s084","m1",0.636156917798513,0.338262463191931,-0.469506339489962,-0.380289035139293,-0.709860959106834
2014,23675,"s084","m1",0.719860902651065,0.43084558984725,-0.498064738777191,-0.0434841137430772,-0.895449226476808
2015,23691,"s084","m1",0.670181495194878,0.39821731552654,-0.671880766884276,-0.438765377138993,-1.05089714190643
2016,23722,"s084","m1",0.726579291855782,0.473017363953387,-0.614511799463617,-0.211625596203773,-1.38983680018545
2017,23729,"s084","m1",0.668484272010231,0.398673544841568,-0.724889761131232,-0.23804617599744,-1.20912450028384
2018,23732,"s084","m1",0.616143047286196,0.291149211616347,-0.717025556725504,-0.340477098363886,-0.313904118643273
2019,23737,"s084","m1",0.686101272324211,0.365164083914403,-0.621215250250548,-0.244241435837211,-1.02461136032826
2020,23739,"s084","m1",0.648287340950852,0.254215836708449,-0.876031503194274,-0.294343212217048,-0.389148825396012
2021,23768,"s084","m1",0.739857612465393,0.46212524961247,-0.32906279398619,-0.255894812265954,-1.4808421251845
2022,23784,"s084","m1",0.632615580513039,0.316267702089942,-0.735594288684809,-0.18704547470966,-0.12651020515604
2023,23786,"s084","m1",0.683362989344395,0.387219568761211,-0.476810787694834,-0.287705531618611,-1.82318838052911
2024,23788,"s084","m1",0.708448468911948,0.434929782801339,-0.596804531600526,-0.114031152809903,-2.30105638350035
2025,23789,"s084","m1",0.668625641849842,0.436202970546374,-0.68888462377754,-0.215701394457386,-1.22450723287706
2026,23797,"s084","m1",0.598602060230626,0.326248613438691,-0.754315049009981,-0.345299331178022,0.449593829418357
2027,23807,"s084","m1",0.702060828046503,0.377058399602,-0.42718986832656,-0.0285549490265913,-0.161833320284225
2028,23812,"s084","m1",0.735203555923058,0.451085411339987,-0.411567047514072,-0.0265412390754645,-1.35286029223444
2029,23814,"s084","m1",0.699768772528266,0.441201828827885,-0.69799515292463,-0.199995132269144,-1.92868830505282
2030,23828,"s084","m1",0.692539212581557,0.330382422644266,-0.580233271511342,-0.21467833781776,0.233441452598322
2031,23838,"s084","m1",0.757696903646464,0.465928701260342,-0.553409291997665,-0.214531875253263,-2.6202882002936
2032,23853,"s084","m1",0.651552692675787,0.379767739661091,-0.590626776099757,-0.265362177622384,-0.885295552403286
2033,23861,"s084","m1",0.755277095902636,0.425383481515453,-0.559092686139092,-0.173722658931276,-1.65318459257081
2034,23867,"s084","m1",0.688982082479148,0.374065496872119,-0.632045571753005,-0.210588338547695,-0.764026254846965
2035,23872,"s084","m1",0.616449435222717,0.308025623474294,-1.01558028764321,-0.33734883110285,-0.377496512904236
2036,23887,"s084","m1",0.632232722702604,0.302999456804323,-0.859286058075267,-0.304216278457698,0.528154161400705
2037,23900,"s084","m1",0.550454472437698,0.343346051291449,-0.844799798112611,-0.408925275054537,-0.270452855249107
2038,23910,"s084","m1",0.709923967018349,0.34734900856288,-0.57048872591064,-0.266147345046539,-0.684947362300655
2039,23915,"s084","m1",0.667528762981858,0.343862614645328,-0.654731773942279,-0.238056447050688,-1.46906855407074
2040,23920,"s084","m1",0.674339372422248,0.322957616216002,-0.82630207307133,-0.239563143133779,-1.24236065112188
2041,23930,"s084","m1",0.715441432752399,0.371179859829006,-0.498518804704993,-0.112888718461371,-1.32925645131087
2042,23943,"s084","m1",0.6622939509794,0.37870672681337,-0.523786189049595,-0.232235961828322,-0.683131746306416
2043,23948,"s084","m1",0.67176255215226,0.375365572921302,-0.605472133183369,-0.321452779865577,-0.649185203894405
2044,23961,"s084","m1",0.703968323956999,0.411471438265345,-0.641406252539081,-0.20964573414567,-1.15142212928532
2045,23967,"s084","m1",0.587695167468233,0.325850693948962,-0.751934844126603,-0.46766551687431,-0.159651478868806
2046,23971,"s084","m1",0.621225613612511,0.340579637401758,-0.641427198346786,-0.279779167607322,-0.504584765120287
2047,23972,"s084","m1",0.687785618517662,0.343134844923275,-0.672777113458964,-0.175970392277927,-1.03202717190834
2048,23979,"s084","m1",0.689595095558782,0.371711598160419,-0.617347852080939,-0.245309987315886,-0.423949606334898
