"draw","source_draw","id","assumed_model","alpha_0","alpha_1","nu_0","nu_1","tau"
1,4,"s009","m1",0.16510381642989,0.0974050581218422,-0.314151420466116,-0.0905025985673893,-0.958336440087212
2,23,"s009","m1",0.211216759590853,0.0776923114342472,-0.437161352225539,-0.175775228525916,-1.51025848384277
3,30,"s009","m1",0.144291889335183,0.0082419130473765,-0.386505116629435,-0.270162659561175,-1.18933397907139
4,39,"s009","m1",0.24815221255835,0.144992201970266,-0.30931339445489,0.0020422643939507,-2.50863463520465
5,47,"s009","m1",0.164987263859411,0.0807248133245338,-0.583980785096623,-0.190366319763086,-1.37002996708975
6,59,"s009","m1",0.246628629872013,0.137562360056224,-0.326535305531099,-0.01052080018881,-1.69434120728607
7,73,"s009","m1",0.164173242135301,-0.00173886346681765,-0.344140877637067,-0.213076842482114,-0.278805299027756
8,81,"s009","m1",0.211828907361499,0.0563061774988122,-0.286093728288454,-0.331104906195095,-0.639438117723705
9,96,"s009","m1",0.317021415029367,0.161319984218285,-0.156392098571877,-0.00603576515501173,-2.61022233058099
10,116,"s009","m1",0.171079365687657,0.101132682686658,-0.29001084008177,-0.197017746335942,-1.16642225017985
11,122,"s009","m1",0.212326615950982,0.156815146383302,-0.250050230718296,-0.161334398439346,-2.33647414255937
12,127,"s009","m1",0.156465328614485,0.0388331736737538,-0.218730292037086,-0.273795316915075,-0.292837287008126
13,146,"s009","m1",0.0974776010601596,0.0890834913856723,-0.335495779964036,-0.213360518971731,-0.416840798743376
14,159,"s009","m1",0.140355679895141,0.0312286523363963,-0.399754522342437,-0.180293824983004,-0.66443364654941
15,169,"s009","m1",0.237867566070059,0.14842777087876,-0.278424068976146,-0.0691664153252975,-2.27462993174549
16,170,"s009","m1",0.273832384968659,0.119700249541449,-0.347184437061581,0.0624941414162302,-1.66346343855838
17,193,"s009","m1",0.203021940214787,0.0523145961711052,-0.567050697382163,-0.0786433469460546,-1.33130036843936
18,197,"s009","m1",0.184428501248646,0.0897595405391372,-0.483630932116037,-0.132933557659011,-2.36193848592122
19,203,"s009","m1",0.222911709786946,0.146283755239705,-0.234181253018683,-0.142688712870279,-1.68824701640368
20,218,"s009","m1",0.233669902623211,0.107812896620804,-0.404572954824549,0.0613545633309218,-1.14727715488337
21,224,"s009","m1",0.216832146009348,0.115929331655313,-0.276678647425016,-0.0835068299058104,-1.41060297932924
22,225,"s009","m1",0.192159269823438,0.0359644465823943,-0.255868153467492,-0.107843578304368,-1.07474201189161
23,237,"s009","m1",0.123830290733952,0.0942050302661913,-0.387963172440233,-0.176649539471869,-1.07138843183122
24,238,"s009","m1",0.294839818583486,0.114883441858086,-0.184641766879696,-0.062034295096036,-1.84398702640055
25,240,"s009","m1",0.123607032468214,0.0491322280029461,-0.267581955541139,-0.160691093625494,-1.15313657818668
26,243,"s009","m1",0.189625119924455,0.0653230331802107,-0.278813536616729,-0.189800661750252,-1.3343999093518
27,272,"s009","m1",0.187108611162374,0.0639830295132393,-0.315245801016679,-0.191106400982386,-1.03972336775934
28,290,"s009","m1",0.157068996098648,0.000377934585960454,-0.440526595944489,-0.264542842912489,-0.878845237513192
29,305,"s009","m1",0.235516566279151,0.110584872253892,-0.0825536316865562,-0.198666687354193,-1.35973318466987
30,306,"s009","m1",0.240171401696687,0.112194914743796,-0.262883653555514,-0.116131796780934,-1.64855303402054
31,309,"s009","m1",0.238946911676321,0.0987689379977245,-0.263485835594931,-0.058972148833886,-1.05748130354516
32,336,"s009","m1",0.160354149344841,0.0701828649983882,-0.448813853730767,-0.317186655207987,-1.24670406338915
33,379,"s009","m1",0.278557669424717,0.197515909846907,-0.123915182591646,-0.031273525873527,-2.18294852628493
34,387,"s009","m1",0.179865192431211,0.0241582420044772,-0.187843096753288,-0.0528431275970991,-0.43013535210151
35,391,"s009","m1",0.205007941569713,0.063363046596448,-0.272947094337021,-0.11927105951119,-1.39002910565614
36,397,"s009","m1",0.309893811474747,0.0757050978649328,-0.109735495545541,-0.150271321101468,-2.27940879814787
37,423,"s009","m1",0.128380017814227,0.0361701093133242,-0.303760873636678,-0.0991918732562759,-0.781020301190276
38,430,"s009","m1",0.16733611247116,0.0760225675114098,-0.403632698546412,-0.0927061652661047,-1.68374542328024
39,442,"s009","m1",0.283971978651869,0.136767125076418,-0.212142077909895,0.123345231259099,-2.10435768416793
40,451,"s009","m1",0.174969637680368,0.137314768612391,-0.174771646199121,-0.132336443925379,-1.00412232864908
41,460,"s009","m1",0.229831319255212,0.106502616453385,-0.41589681156143,-0.0885994017697328,-1.91119975682163
42,468,"s009","m1",0.196389210033197,0.0347554499338469,-0.420187962314512,-0.185684242687486,-0.560152803852974
43,472,"s009","m1",0.220315227278724,0.133084159987768,-0.21996645329494,0.0229741842989993,-1.23241068810537
44,487,"s009","m1",0.210013494702051,0.0770780038268435,-0.212970142948514,-0.018183261353238,-1.05038738879235
45,496,"s009","m1",0.247674963799648,0.0774799678719617,-0.30895694898456,-0.0152578694338829,-1.22716490775964
46,498,"s009","m1",0.0886345814398735,0.0728090545162451,-0.410470653918535,-0.253923979439827,-0.0851133713669453
47,520,"s009","m1",0.2306759427487,0.0450515142730095,-0.305488700079243,0.041129637177806,-1.27602426440351
48,532,"s009","m1",0.185463359202664,0.133185890631381,-0.195375609590891,-0.120734029673353,-0.893306767965366
49,540,"s009","m1",0.264239542229752,0.106130468250697,-0.238478503414831,-0.0299845240948511,-1.27807876954219
50,541,"s009","m1",0.247716716477494,0.116742666586623,-0.369952545076381,-0.200831178538419,-0.81553090779224
51,554,"s009","m1",0.120481282404211,0.0313873925848727,-0.329873952884649,-0.450885073190178,-0.803721963027859
52,560,"s009","m1",0.199755622378784,0.123031624780811,-0.222234811359911,-0.0821976023243691,-0.864563697622957
53,611,"s009","m1",0.237377425682383,0.0999251403083443,-0.385030704084058,-0.161059213848868,-2.44290352616445
54,622,"s009","m1",0.292322404343103,0.199674161165229,-0.112609744506184,-0.101466710618196,-2.62766838372564
55,626,"s009","m1",0.139346597359072,0.076790376423541,-0.520959065161622,-0.0272236781012994,-1.23514743271552
56,649,"s009","m1",0.172035550190163,0.0704258967045872,-0.465482686372054,-0.0544717261319895,-0.765700059719959
57,677,"s009","m1",0.254482222036766,0.135542442309231,-0.217510538908675,-0.0718210920145388,-1.28173520917293
58,682,"s009","m1",0.103642941767605,0.0273605676893722,-0.40829041878407,-0.347128261937849,-0.987383957370764
59,688,"s009","m1",0.237803920028775,0.0694887707819218,-0.351528200889551,-0.269231383772474,-1.98621545727942
60,693,"s009","m1",0.226078775987072,0.164367494325835,-0.165151431606985,-0.060276661672642,-2.57290356990335
61,718,"s009","m1",0.244978118458806,0.0888514601948277,-0.285535127998114,-0.0399296911313594,-1.21632522019237
62,729,"s009","m1",0.184153126064091,0.0922784727993081,-0.387928572776368,-0.126039274541721,-0.963388746280368
63,741,"s009","m1",0.199823696258155,0.15705232226556,-0.22353209426257,-0.0285133698119447,-2.11081786070768
64,750,"s009","m1",0.314165606000911,0.136707363565586,-0.243328568645826,0.0210444777754125,-1.75905491930153
65,761,"s009","m1",0.275125994769359,0.135032860369638,-0.34359679462181,-0.0605284231784167,-1.78228308378298
66,776,"s009","m1",0.276121126640841,0.107872837097819,-0.13041416481955,-0.0461926166541851,-3.24564792654037
67,791,"s009","m1",0.251875382341938,0.116892560543082,-0.323119221169451,-0.155603466676019,-1.56853877544065
68,793,"s009","m1",0.182707446365207,-0.0398559273575306,-0.325634570939439,-0.233596558504792,-0.906720293225529
69,797,"s009","m1",0.256045839698608,0.0417797127034329,-0.361955133423266,-0.187871789742524,-2.00694590752523
70,809,"s009","m1",0.242599769049333,0.163661618020388,-0.253037228556235,-0.0815998647396623,-1.89160839553538
71,814,"s009","m1",0.21956233394929,0.112376957069234,-0.145630595172732,-0.113342231867369,-1.80087268821415
72,824,"s009","m1",0.236544610326738,0.23025202787362,-0.181495183509465,0.0154324931866138,-1.53214852972875
73,838,"s009","m1",0.181618315315072,0.137487747366533,-0.298632589009982,-0.182245069774656,-1.60092672978484
74,839,"s009","m1",0.239891774123075,0.125019183181103,-0.306083674163879,-0.0111153588309084,-1.16352913686597
75,846,"s009","m1",0.28405493908442,0.122891441515098,-0.281541853354385,-0.100892040199388,-2.25959215794056
76,854,"s009","m1",0.219579070526678,0.0941704758268209,-0.356204783201281,-0.0130919928029908,-1.06752527723534
77,855,"s009","m1",0.188573129944636,0.0338749582875145,-0.500359239990607,-0.258258496612558,-1.44872906161266
78,859,"s009","m1",0.121779927604704,0.00342846185420915,-0.357828768721551,-0.379948044491052,-1.08179234341441
79,864,"s009","m1",0.151051840848891,0.0847168277034113,-0.431210667729761,-0.184676804762047,-1.53165796788704
80,866,"s009","m1",0.196136196642273,0.0883991223782309,-0.444054354679686,-0.0923625999063542,-1.91108263226778
81,886,"s009","m1",0.219437475281113,0.0785281861767602,-0.223126634620646,-0.0282247462286402,-0.94913088493052
82,907,"s009","m1",0.208605415731005,0.0728434344799995,-0.400242008808473,-0.0538987808031636,-1.23061144593546
83,911,"s009","m1",0.2419635418061,0.13696894930855,-0.105082936711886,-0.0159994806669705,-1.44689971053225
84,931,"s009","m1",0.192136269591312,0.105406207131576,-0.223438482301726,-0.119465895632983,-0.8399247961508
85,946,"s009","m1",0.198405152041602,0.0729788611396028,-0.204934906486167,-0.107109862022331,-0.991746713969784
86,950,"s009","m1",0.215307952970936,0.166259177525564,-0.207790326051579,-0.171181888553164,-2.33401346673384
87,990,"s009","m1",0.107370231572399,0.0250956249287511,-0.38911989983931,-0.250326347931402,-0.552119260967031
88,993,"s009","m1",0.16657630910137,0.0341836078977456,-0.665234808037264,-0.19810621678932,-0.577706226606544
89,1002,"s009","m1",0.269189837816899,0.108505284959267,-0.311681397214831,-0.0474424809275158,-1.67110191021602
90,1013,"s009","m1",0.197223879985618,0.0993233275305918,-0.200660444271765,-0.342400466114306,-1.26764230912985
91,1019,"s009","m1",0.210689184765219,0.00963529999891825,-0.351723713123741,-0.124047752023504,-1.04422526871844
92,1022,"s009","m1",0.186717766012442,0.11858464868578,-0.256913921614605,-0.212151425650317,-1.18667149951552
93,1039,"s009","m1",0.209063819012965,0.0820877264075081,-0.352172704020587,-0.170675765409337,-1.44799597413993
94,1073,"s009","m1",0.236492478507696,0.0897106107282669,-0.364061660869878,-0.133168371515254,-1.05110399693898
95,1084,"s009","m1",0.238107320283499,0.0749124901772497,-0.422877156737337,-0.0149598789552688,-1.61397653226416
96,1087,"s009","m1",0.190456712300822,0.0647596506431553,-0.446294767712032,-0.12336626538883,-1.85874290299274
97,1091,"s009","m1",0.222337535261453,0.0789984580952694,-0.226804706658782,-0.0176408902757962,-0.745809365719981
98,1092,"s009","m1",0.195263336134899,0.147698771312913,-0.209313447655242,-0.0531672809613406,-1.86852608687202
99,1102,"s009","m1",0.173303446015945,0.0730552120084981,-0.393266817498581,-0.0942885885550935,-1.1941313286032
100,1123,"s009","m1",0.206050146133162,0.0225532100620502,-0.212544469128096,-0.0637583142174634,-0.949470768279811
101,1180,"s009","m1",0.258170062871646,0.123201943013838,-0.240010746981257,-0.173567810815131,-1.55919393735838
102,1208,"s009","m1",0.198008400249992,0.0999500056501859,-0.178580885049986,-0.0700117960218485,-1.35547149549155
103,1212,"s009","m1",0.13466716676585,0.0428065809650834,-0.456857348869106,-0.296100496940186,-0.641379242821068
104,1223,"s009","m1",0.280704566702826,0.124585969163996,-0.266842936070972,-0.0321749767531034,-1.86036093096199
105,1252,"s009","m1",0.263090688424022,0.0742527053348554,-0.140125579054754,-0.112700893465452,-1.32585063133963
106,1260,"s009","m1",0.19766438774394,0.0889236349364582,-0.191291119784874,-0.282988645407038,-1.41955102006659
107,1266,"s009","m1",0.203036856935849,0.110296940804817,-0.326480308459689,-0.183906490632977,-0.909144475886717
108,1305,"s009","m1",0.151768778566082,0.0642179352532128,-0.378499711923512,-0.256535376760285,-0.731422432260756
109,1320,"s009","m1",0.270559624030554,0.223854501489879,-0.033154100068455,0.0640641183990146,-2.17114809789429
110,1342,"s009","m1",0.199250405579404,0.0645026262947104,-0.278612261892491,-0.0556645243021741,-1.04771430074568
111,1344,"s009","m1",0.263731925402916,0.11370282750954,-0.301538912389835,-0.142670842086746,-1.89551741726727
112,1354,"s009","m1",0.227653948534638,0.0928061897955614,-0.442308744475038,-0.0872211568392602,-1.54972009690379
113,1383,"s009","m1",0.151682439629,0.0338753044315899,-0.355461716056765,-0.293448568303218,-0.078898065230971
114,1384,"s009","m1",0.236717875311539,0.0934313666473037,-0.169898975589,0.0231775464269292,-0.369248320586848
115,1426,"s009","m1",0.262194355362247,0.0960137095822977,-0.223428796302814,0.00944213543366794,-1.24278600565146
116,1447,"s009","m1",0.228862772796694,0.126773943903237,-0.315579944948901,-0.043795167701807,-3.63194103201014
117,1458,"s009","m1",0.18519834922396,0.0945027913385717,-0.335673470874619,-0.161543330331333,-0.899637769857849
118,1465,"s009","m1",0.198575030254466,0.0626135742723132,-0.337699231729823,-0.0810140478961615,-1.33953284088179
119,1469,"s009","m1",0.184335329038437,0.115058927082269,-0.296527705291722,-0.0902494220248217,-1.95591259779125
120,1500,"s009","m1",0.212245809321132,0.152528386513548,-0.18218062844971,-0.148138873495843,-1.51700094661911
121,1505,"s009","m1",0.204319946891587,0.0559739249897762,-0.342073109357632,-0.0932052531697268,-1.3002952887875
122,1515,"s009","m1",0.269194445691486,0.107920692345832,-0.253399268317362,-0.196921445572002,-1.40119801984673
123,1520,"s009","m1",0.168040643519945,0.131521428086841,-0.143294145619283,-0.125736774135822,-1.45449883926412
124,1566,"s009","m1",0.205521804981839,0.061909417145723,-0.213318690307117,-0.146406137593092,-0.437290598074623
125,1570,"s009","m1",0.10151081374661,-0.00465015562832245,-0.613468987261497,-0.23044619560408,-0.467147660461718
126,1575,"s009","m1",0.149806599431454,0.0124471803967566,-0.351089507691545,-0.180347639334552,-1.00294995895323
127,1583,"s009","m1",0.187917605604704,0.165463185806011,-0.234189540050487,-0.185576152367606,-1.52161005566659
128,1594,"s009","m1",0.166396310736045,0.0527738274718648,-0.326067206054806,-0.11699951290979,-0.891410155166121
129,1596,"s009","m1",0.212684759703447,0.111974520057523,-0.27091284494094,-0.0843882620072778,-1.46528279383117
130,1598,"s009","m1",0.224668536103748,0.0720695753718203,-0.248407875549597,-0.101962650259917,-1.72061450380475
131,1614,"s009","m1",0.195245223917184,0.141506131405235,-0.434149057908401,-0.119809241002034,-1.23842560823915
132,1621,"s009","m1",0.275717486315207,0.130280124024525,-0.258247102392849,-0.0799189345334205,-1.7905274397638
133,1639,"s009","m1",0.268807053493264,0.122410833368424,-0.308776136883505,-0.120731656767275,-1.79640714995752
134,1687,"s009","m1",0.161798638055657,0.0766404672978465,-0.236983121093,-0.13308262484175,-0.359860671171774
135,1714,"s009","m1",0.184638309332204,0.0598055503267015,-0.432490163834764,-0.223296065537919,-0.852761104295547
136,1729,"s009","m1",0.178290227117337,0.0310019767860811,-0.443171041124869,-0.0752879832725587,-0.774745596794851
137,1733,"s009","m1",0.269059556762188,0.107327315828036,-0.175908429198646,-0.0735555134976221,-1.4376224497774
138,1742,"s009","m1",0.277348771521975,0.149376664446239,-0.0894829857652044,0.0688478729409485,-1.19161078963247
139,1753,"s009","m1",0.218043174392887,0.095905108331549,-0.190828723192575,-0.0173907181302547,-1.23614942723195
140,1769,"s009","m1",0.19851129770508,0.0633286109008886,-0.316811366271257,-0.170081376552392,-1.66626940142486
141,1787,"s009","m1",0.116905296849749,0.0404472531728646,-0.296038856790986,-0.397310014561991,-0.830790470381325
142,1795,"s009","m1",0.184748355260022,0.0619174234712797,-0.301484009386658,-0.269076523432934,-0.983147483332033
143,1797,"s009","m1",0.180853332099266,0.0245869786303385,-0.417992938209335,-0.197666365867206,-0.803216575378873
144,1807,"s009","m1",0.214302394982568,0.131606416212854,-0.294170241179026,-0.05609510557614,-1.08622961721184
145,1821,"s009","m1",0.173131101244585,0.115082227383794,-0.396745865203623,-0.112056725579225,-1.77534434816525
146,1831,"s009","m1",0.220521267712894,0.213180511000821,-0.285998294897194,-0.0948392735353344,-2.90466467145018
147,1838,"s009","m1",0.223663754612831,0.0805243274043891,-0.407681042352695,-0.136298144498371,-1.2542572177567
148,1856,"s009","m1",0.21778251799314,0.162458513059818,-0.35473701171095,-0.130716113528466,-1.61853793342412
149,1865,"s009","m1",0.194196888890209,0.119193999670933,-0.383331799887955,-0.0929634411306925,-0.761887476012321
150,1876,"s009","m1",0.269399261516081,0.177409454108573,-0.226963670579745,0.0338199117830433,-1.81057485840687
151,1877,"s009","m1",0.153198911117576,0.0706083160461999,-0.467338141927911,-0.0993068909303648,-0.966443617511365
152,1891,"s009","m1",0.243901746173512,0.114746628822657,-0.174580388318573,-0.112908748904195,-1.09902552644371
153,1899,"s009","m1",0.216372458477398,0.0992604452335233,-0.552766276157978,-0.0688690917709676,-0.852273620890515
154,1916,"s009","m1",0.234590309239582,0.124500346014806,-0.423734823775455,-0.0603542822957702,-1.52964282450282
155,1925,"s009","m1",0.303017920505775,0.176979912443994,-0.184626237775156,-0.0616177956359631,-2.04462916173545
156,1959,"s009","m1",0.235230754496859,0.182546502822448,-0.189597533922388,-0.111954671525212,-1.83198732518123
157,1962,"s009","m1",0.176847217026661,0.161736625858932,-0.275522925031917,-0.0588170472002911,-1.54938440972083
158,1964,"s009","m1",0.236181313710193,0.115223381215079,-0.387983401113852,-0.154555547280178,-1.33801292952106
159,1966,"s009","m1",0.182126164609904,0.108774704237783,-0.23054130026978,-0.210260438866395,-1.43234996491165
160,1972,"s009","m1",0.182957985181612,0.0234612506797071,-0.141614081776064,-0.0773083404367129,-0.462069656180605
161,1979,"s009","m1",0.230884509038212,0.102866066098117,-0.26764628141619,-0.0658466182784897,-0.886740111463829
162,2021,"s009","m1",0.146420849340913,0.0396310374621062,-0.239542328282417,-0.286857799424636,-0.848633035713616
163,2031,"s009","m1",0.234187782162795,0.106401348729928,-0.25519620258586,-0.0817952269426618,-1.37340981592618
164,2047,"s009","m1",0.125433389404111,0.0166241036342974,-0.383539889176329,-0.461226535087121,-0.664317041980588
165,2072,"s009","m1",0.226956967377642,0.119149892557626,-0.23678438724009,-0.0628994750903542,-1.55054916651535
166,2076,"s009","m1",0.208465798872432,0.101788570189707,-0.316555269757551,-0.097929759406876,-1.45349461855946
167,2078,"s009","m1",0.18132850703519,-0.0114311726144135,-0.457258790780394,-0.197227841017983,-1.49628883342485
168,2094,"s009","m1",0.248726602423704,0.0968609688854884,-0.247042992166344,-0.0690630359128081,-0.918076625903233
169,2099,"s009","m1",0.215125335323421,0.114892381752347,-0.311894851147147,0.00366687219322949,-2.10821033988979
170,2118,"s009","m1",0.196155004242614,0.0334731401303008,-0.478743325917274,-0.0292905256181328,-0.783085573461267
171,2127,"s009","m1",0.161976028562553,0.0961586368254975,-0.27345149520118,-0.277009439366875,-1.54242481978419
172,2132,"s009","m1",0.315694774958321,0.191784493620188,-0.14602180863548,-0.0101956533912399,-2.15542363130196
173,2141,"s009","m1",0.221230725078145,0.0903115464484913,-0.313621533286867,-0.140014061615097,-0.916717066591772
174,2159,"s009","m1",0.189040613439072,0.127493199359841,-0.370543178057297,-0.148844769704893,-1.45188431244975
175,2170,"s009","m1",0.204011189810986,0.110932671238056,-0.136801586164536,-0.0433950954327822,-0.855779649207461
176,2179,"s009","m1",0.216939206965485,0.0764688635587748,-0.374809605417552,-0.183232772128048,-1.53361954648693
177,2183,"s009","m1",0.112781442966587,-0.0102440600819632,-0.468211380600746,-0.197520227722048,-0.310214392084993
178,2188,"s009","m1",0.262462206696226,0.186386940299405,-0.332838569071334,0.00362412776764934,-1.71688757706925
179,2199,"s009","m1",0.201082537122757,0.0835972512358813,-0.236704173973497,-0.0852318401314692,-1.53436521167631
180,2203,"s009","m1",0.219075592910405,0.119114593567075,-0.259512286061824,-0.214955432291658,-1.59816523050426
181,2205,"s009","m1",0.203490159956582,0.105870178381446,-0.408061346285758,-0.00515549854762417,-1.61698715977372
182,2211,"s009","m1",0.191626160741314,0.11491405088454,-0.235511340861836,-0.0879068258602437,-0.817087377376977
183,2245,"s009","m1",0.21633367465018,0.0788860525537026,-0.236861335384426,-0.282890334897628,-1.78386721601515
184,2249,"s009","m1",0.169805881227519,0.115315659134669,-0.347625415635251,-0.174648372823744,-2.72476031794864
185,2255,"s009","m1",0.29628031769547,0.0864848085012449,-0.285479523091542,-0.0226810497418735,-1.34008767352342
186,2262,"s009","m1",0.144450457986903,-0.00255694584502348,-0.425537788656572,-0.196801489258704,-0.893450222831243
187,2267,"s009","m1",0.259162539193638,0.102130672720637,-0.2702957321517,-0.132804748072891,-1.88371513695114
188,2283,"s009","m1",0.155018447515169,0.0522765321749149,-0.4335365776125,-0.203918504057366,-1.13781792285565
189,2311,"s009","m1",0.128908045704486,0.133088635957068,-0.364913067631288,-0.140506717335145,-1.44846095699634
190,2313,"s009","m1",0.227182982027006,0.13777926167204,-0.157853676394618,0.0199666578283117,-1.98394710580851
191,2315,"s009","m1",0.165218869008428,0.114414517417132,-0.460425884032415,-0.0896355357316822,-0.930470253231223
192,2326,"s009","m1",0.191449470128656,0.063663361471053,-0.225040826705299,-0.0633203926412629,-0.70113480371632
193,2334,"s009","m1",0.259830728687225,0.0880089545455823,-0.166501836415157,-0.0176099711967204,-1.33922519943884
194,2337,"s009","m1",0.248087717348382,0.144942310302726,-0.215602360991257,0.000437284934615912,-2.16344562642963
195,2347,"s009","m1",0.25791441775025,0.0967141527884798,-0.272804794478733,0.0436432527770413,-1.58738855676738
196,2350,"s009","m1",0.233314412426231,0.102714179551304,-0.220186963188767,-0.0874035657017073,-2.35044999756255
197,2357,"s009","m1",0.209660427611554,0.117353050197957,-0.361995776788306,-0.0513482613705491,-1.69916552196946
198,2359,"s009","m1",0.25284956235754,0.104480679563205,-0.215041585323681,-0.179527209135897,-1.98298956806473
199,2363,"s009","m1",0.238444291197121,0.0938877179240475,-0.482132149076512,-0.125737342228393,-1.401283116256
200,2372,"s009","m1",0.242935833300953,0.132257942144088,-0.228644481374911,-0.0133292470880741,-1.11224029303489
201,2392,"s009","m1",0.202757986243529,0.0614305006200769,-0.315200053484775,-0.225912796470374,-0.614397513756245
202,2401,"s009","m1",0.225730825385181,0.155968793451353,-0.168300868181848,-0.0686944284558199,-1.04243910383905
203,2425,"s009","m1",0.226015649312022,0.0941578575619679,-0.283989120084283,-0.0219301945364316,-1.29123679886195
204,2434,"s009","m1",0.238844485293413,0.116212559937947,-0.445527967090921,-0.0438438997575133,-1.82320444089606
205,2436,"s009","m1",0.184747804004623,0.0568740028580957,-0.413833564978816,-0.17054694138573,-0.839594989996814
206,2438,"s009","m1",0.212604699336673,0.098374179512011,-0.350601774168253,-0.195348428608089,-1.46029812848017
207,2447,"s009","m1",0.164335982792015,0.0644771639203114,-0.415190041755275,-0.18049265610221,-0.837099660845733
208,2449,"s009","m1",0.192690562376351,0.131816314210597,-0.163875682132509,-0.144240864565974,-1.3427960055954
209,2460,"s009","m1",0.15746437862743,0.0402878137257489,-0.438367093682338,-0.212400367304889,-1.47473339879395
210,2493,"s009","m1",0.237054540678435,0.0678795877006323,-0.391760245080961,-0.111932220915523,-2.28744878388475
211,2503,"s009","m1",0.12832932284512,0.0181108798534258,-0.774481934546036,-0.184930444970659,-0.699398915346576
212,2509,"s009","m1",0.137289422679871,0.0218618712368658,-0.56162788426364,-0.392138531093369,-0.385389566129738
213,2561,"s009","m1",0.274037203503462,0.128531942959075,-0.225509109930171,-0.0982318922659428,-2.07562998947144
214,2635,"s009","m1",0.269840640951358,0.0595363837784954,-0.145986761515431,-0.00777497027138127,-1.09163841341549
215,2659,"s009","m1",0.158143137309257,0.160152844326664,-0.332553426926611,-0.109513767807247,-1.17188875989101
216,2663,"s009","m1",0.134974023681444,0.110788588686118,-0.319877427003184,-0.218881887558988,-0.415535562509558
217,2665,"s009","m1",0.188402345614127,0.104893548020331,-0.113565576841857,-0.13961482683275,-1.31653102898259
218,2682,"s009","m1",0.187943377443189,0.209058630464129,-0.314024820973019,-0.0068829610226807,-2.05633726576271
219,2698,"s009","m1",0.12915142705994,-0.0668677723075833,-0.571612267783833,-0.252802190435363,-0.348433862863093
220,2702,"s009","m1",0.106744201779917,0.0374467101926455,-0.429705608668372,-0.20855160164327,-0.781693011611373
221,2716,"s009","m1",0.234451625918598,0.121914238714499,-0.232867571122327,-0.140942545798222,-1.39983390157457
222,2719,"s009","m1",0.120480343118857,-0.0457365276989071,-0.491901751600313,-0.286895255118836,-0.383073816309441
223,2725,"s009","m1",0.170136246762697,0.0811395386691294,-0.341799630948576,-0.170787203527045,-1.01094878302976
224,2771,"s009","m1",0.143330004101534,0.0320016377465554,-0.377448599595708,-0.193787260560966,-0.58957114208655
225,2790,"s009","m1",0.299238838373167,0.166868669370759,-0.0865438043262449,0.104306537208493,-1.97272147028077
226,2813,"s009","m1",0.241744336060082,0.101835876202179,-0.500401157533798,-0.166888146789091,-1.1373170315493
227,2823,"s009","m1",0.249595146630464,0.182840379258862,-0.16040855690967,-0.0704352311933678,-1.99069405155299
228,2828,"s009","m1",0.149572645524297,0.0455597031395178,-0.280976912974832,-0.20479363764703,-0.575959628764009
229,2830,"s009","m1",0.192605837291884,0.0482034049310029,-0.360005711844741,-0.166894697704357,-0.93927788954303
230,2833,"s009","m1",0.188427158606164,0.042365727264197,-0.553309401442564,-0.159108824661495,-0.593149431780766
231,2843,"s009","m1",0.216253289109108,0.0795467775295911,-0.277970221880099,-0.115987573208204,-1.14329055580844
232,2850,"s009","m1",0.240604584280917,0.0950011888992425,-0.261504124756856,-0.0603550001837962,-1.7829159639501
233,2868,"s009","m1",0.178781693732462,0.0542600020195278,-0.471426757067567,-0.246599148714591,-0.385347695385062
234,2879,"s009","m1",0.201323032361753,0.109205838324555,-0.353946380382997,-0.0731127819337758,-2.06135904364344
235,2884,"s009","m1",0.248629810624737,0.150937637510116,-0.33870267797657,-0.0619527359826922,-1.76715228647136
236,2887,"s009","m1",0.299216227598356,0.149742707080572,-0.208674564086359,-0.00670369420458771,-2.01444645414264
237,2899,"s009","m1",0.303661789561018,0.18136210614938,-0.112196158533818,0.104826953460604,-2.54763198408157
238,2900,"s009","m1",0.240327060830099,0.183417208614286,-0.242020415788791,0.0674855654901639,-1.52551309624124
239,2904,"s009","m1",0.175572026088373,0.0770610962690374,-0.229264876749723,-0.0903423838040706,-0.271558023527617
240,2905,"s009","m1",0.203467952436458,0.0897301427140015,-0.290909491453129,-0.0233164243757777,-0.998577363757585
241,2907,"s009","m1",0.183258995819655,0.136643715900508,-0.354160907264135,-0.0713681023594608,-1.30175629573567
242,2909,"s009","m1",0.185100815215066,-0.00473670257670796,-0.267530816149219,-0.271314208659207,-0.307567826686068
243,2911,"s009","m1",0.14024863426928,0.0636763976560663,-0.37453093313949,-0.130107166496303,-0.63922305938475
244,2943,"s009","m1",0.189025269928883,0.0870017523977528,-0.366317048544022,-0.0263661126313334,-1.67608057546539
245,2947,"s009","m1",0.126069300884113,0.0781469791919423,-0.29573557294895,-0.293464253170622,-0.91498155613152
246,2957,"s009","m1",0.250169772159133,0.115081706860346,-0.245513858130198,-0.10986821781813,-1.26756028084606
247,2959,"s009","m1",0.251898790489718,0.143438926147177,-0.196418503295383,-0.0138200797452314,-2.10241018957607
248,2984,"s009","m1",0.139383878043831,0.0911119700277534,-0.388091715939234,-0.040000783632575,-1.05402878518386
249,3001,"s009","m1",0.253162193662939,0.0936319243471104,-0.353298063565869,-0.0636765145108956,-1.66004406679872
250,3019,"s009","m1",0.265693706253093,0.07735846293935,-0.26479184831485,-0.0389262059300167,-1.24986749248184
251,3028,"s009","m1",0.267155191549263,0.181941987343816,-0.125985228068377,-0.00824888849700124,-2.27204146138573
252,3068,"s009","m1",0.215146990597593,0.11629360584123,-0.205237068844215,-0.0618824729867334,-1.13872913556913
253,3070,"s009","m1",0.26246340320321,0.143779955029323,-0.420299446260956,-0.0539961513198099,-2.13876533480113
254,3073,"s009","m1",0.276721904171971,0.166651360008472,-0.15299651143965,-0.033145305640403,-1.72757049821911
255,3074,"s009","m1",0.206945862565357,0.0823724953364303,-0.354565473846807,-0.247064854325634,-0.748226385103603
256,3076,"s009","m1",0.236624706993887,0.0372640497282568,-0.353420315102287,-0.00999562276099494,-1.38583321348539
257,3079,"s009","m1",0.251261276620223,0.146335889675879,-0.226499519252117,-0.188038341354099,-2.11277718876875
258,3101,"s009","m1",0.186281435274247,0.0548725124211458,-0.337935415542527,-0.217612889342671,-0.619466487232217
259,3105,"s009","m1",0.191446335027667,0.144479735556378,-0.122031094809968,0.0127784870561102,-1.88832186087395
260,3109,"s009","m1",0.262419477021077,0.103235192369374,-0.109393491053986,-0.0199618062196371,-1.18081592567504
261,3121,"s009","m1",0.157487346422532,0.0127788076980896,-0.588076179675413,-0.212327854534927,-0.316063459319244
262,3132,"s009","m1",0.317392534283506,0.211688378396274,-0.0917791314517689,0.0223510633132298,-3.22085773784739
263,3137,"s009","m1",0.209998098198,0.070703523241656,-0.538351442021327,-0.0645571285337796,-1.09811912131316
264,3194,"s009","m1",0.288827181784838,0.164863107255528,-0.27576373495329,0.00212421403688713,-2.52996996752237
265,3198,"s009","m1",0.13632858758728,0.0725534295593841,-0.338991196330057,-0.236212973464779,-1.64152695534648
266,3216,"s009","m1",0.213823612709871,0.106758523762962,-0.273962907723153,-0.0522810103269253,-1.12049748167986
267,3217,"s009","m1",0.253143612679008,0.124664008887129,-0.391880343899568,-0.0267802647064749,-1.50145455630395
268,3221,"s009","m1",0.212789488552254,0.136507553363065,-0.170057490265019,-0.0419891181332638,-1.15223212453763
269,3222,"s009","m1",0.24153549721973,0.135571247424957,-0.285876390208997,-0.116398848205848,-1.00796882707999
270,3225,"s009","m1",0.235031349419949,0.104920116871074,-0.203419143923735,0.0350300821861144,-1.60637774280992
271,3234,"s009","m1",0.279037908484283,0.160089108707285,-0.203330515704984,0.0767495559048766,-1.79771993955402
272,3269,"s009","m1",0.23792609096975,0.0400464500138356,-0.426471538802638,-0.188225376760744,-1.11600922566615
273,3292,"s009","m1",0.187435927447735,0.0631514195067743,-0.290723162854757,-0.194100574954307,-1.43511543932861
274,3297,"s009","m1",0.198332020270495,0.0635398470782255,-0.288241806349183,-0.137955529156076,-0.547217520868302
275,3339,"s009","m1",0.175679521633642,0.179013285398108,-0.287736791004055,-0.124853843990752,-1.13817612801923
276,3340,"s009","m1",0.152487282528754,0.0134220085115695,-0.29536717471984,-0.239464527151351,-0.475768255815999
277,3341,"s009","m1",0.14699994056056,0.0442276920113671,-0.352522005713666,-0.162746515830987,-0.794792781246519
278,3369,"s009","m1",0.222776187161664,0.16646248875388,-0.277290249083983,-0.0880520861006117,-2.62841932090296
279,3372,"s009","m1",0.202764957749316,0.176400492594632,-0.309953199160098,-0.127564841964517,-1.83567967550158
280,3383,"s009","m1",0.110986894976613,0.0182523970290845,-0.636495028480042,-0.280418215931086,-0.76316603436076
281,3397,"s009","m1",0.2573906892168,0.118411904609083,-0.363101623354308,-0.086121474866502,-1.84000588599886
282,3403,"s009","m1",0.230153962480527,0.127597020149444,-0.291384224904262,-0.0249090227393898,-1.21377282916002
283,3408,"s009","m1",0.210335670312847,0.0727612086510166,-0.299496647296114,-0.0781871530925848,-1.57762659439774
284,3418,"s009","m1",0.220217326025545,0.105168914392766,-0.347542874967474,-0.176586731674479,-1.06472284095561
285,3456,"s009","m1",0.240228644528004,0.0475328739122862,-0.44033119725767,-0.104294223358425,-1.69133373359018
286,3460,"s009","m1",0.231474230630169,0.109133655177181,-0.350155183869776,-0.0862405019716877,-1.50131307999306
287,3474,"s009","m1",0.199329186385693,0.11526858374298,-0.339920105052396,-0.131704243245003,-1.02335208235817
288,3492,"s009","m1",0.239633572007508,0.107452977053486,-0.285330310815411,-0.0982984382293824,-0.818048439495439
289,3497,"s009","m1",0.131126423569085,0.0552759524681187,-0.485488663094898,-0.104244367380261,-1.07935983949245
290,3511,"s009","m1",0.195778603669993,0.062022977066735,-0.353008549074373,-0.136013343089491,-0.746834684619708
291,3512,"s009","m1",0.190444654189668,0.117930419193508,-0.370171218044067,-0.0801033451916342,-1.08092290371594
292,3518,"s009","m1",0.216407371290233,0.0876311367282625,-0.338415468294108,-0.00969124623824663,-1.26312113487996
293,3523,"s009","m1",0.262759404395361,0.120767338863314,-0.12262788047469,-0.115044188817904,-1.38849965908415
294,3538,"s009","m1",0.275348162864673,0.129216177629383,-0.236010051877321,-0.0724064357486985,-1.73776354400625
295,3540,"s009","m1",0.267748147554501,0.134724359911615,-0.239765032233291,-0.0857244917970977,-1.96103615802424
296,3554,"s009","m1",0.26424824462689,0.076105699464468,-0.310616712222791,-0.0961491333299376,-2.08137401867226
297,3557,"s009","m1",0.245597895566576,0.0823992187792306,-0.136433626908623,-0.117804044599794,-1.01906266805956
298,3569,"s009","m1",0.197878611430934,0.112917676815083,-0.259896287701932,-0.0580951061412687,-1.79705031085658
299,3581,"s009","m1",0.185174026227428,0.118544194752787,-0.230802918948521,-0.16291073647427,-0.865240847707472
300,3613,"s009","m1",0.269298625051086,0.199076906572288,-0.345607953299011,-0.00462146605704989,-2.90212113642529
301,3628,"s009","m1",0.210943195411141,0.15159214161669,-0.441740810953416,-0.000830073289573654,-1.90171061446759
302,3635,"s009","m1",0.257304036349055,0.0904826251719952,-0.282640019322886,-0.0429797343253447,-1.12753705387008
303,3671,"s009","m1",0.235313566310743,0.0896651793652862,-0.144727293294602,0.0286600778054586,-1.02160365693036
304,3690,"s009","m1",0.23154818616956,0.159053443957634,-0.250089697686157,-0.0617794070456272,-1.87609080430418
305,3691,"s009","m1",0.164529642068817,0.0550198754131955,-0.288886129257893,-0.164574220608768,-1.23134693186708
306,3709,"s009","m1",0.26702528415287,0.205997250636961,-0.169336346842737,0.0276789206885274,-2.17624640627043
307,3732,"s009","m1",0.172025523058521,0.0929922024950371,-0.397719143757598,-0.146116201422304,-1.35645054089083
308,3755,"s009","m1",0.197927329550502,0.027771032180069,-0.53557511386993,-0.259053083102444,-1.27492621055168
309,3757,"s009","m1",0.189686772850148,0.105305502274576,-0.435766254238493,-0.12036438393582,-1.14142069489613
310,3765,"s009","m1",0.234285396558877,0.115368946495165,-0.31605618593561,-0.141315974951594,-1.15934358856465
311,3771,"s009","m1",0.169574348980898,0.0772786802627703,-0.200036160512836,-0.137797383284945,-0.410826995067072
312,3774,"s009","m1",0.220268816626264,0.0650704946404293,-0.352161832905413,-0.100692453311166,-1.04096611148184
313,3784,"s009","m1",0.253488802857792,0.102495318974533,-0.409166980947412,-0.111572981008102,-1.56511120479991
314,3789,"s009","m1",0.242329661813511,0.177286978932506,-0.172555743467879,-0.120187023265501,-1.78669483521883
315,3798,"s009","m1",0.251507532667345,0.0717508330657926,-0.278984721977441,-0.16923727486516,-1.22339158377208
316,3808,"s009","m1",0.162622196336013,0.0127889111521744,-0.45971098898878,-0.181886656585368,-0.812177083344388
317,3820,"s009","m1",0.196470973479745,0.106630451786949,-0.308100034525419,-0.175377058115513,-1.54936946875038
318,3841,"s009","m1",0.230273000113085,0.0754446895001502,-0.113213830523462,-0.0627771090007996,-1.12534249539864
319,3842,"s009","m1",0.1450681729833,-0.0227265928195344,-0.603741821793945,-0.299489881624077,-0.848656366711476
320,3844,"s009","m1",0.195371255822238,0.0318873281908816,-0.347498336761589,-0.156385848908133,-0.708348431497407
321,3854,"s009","m1",0.24736931363818,0.0953094552762179,-0.238244322206259,-0.0181597501760415,-1.82905512822981
322,3860,"s009","m1",0.211063298513766,0.16894102573124,-0.245811348761921,0.0318966430496841,-1.43059211504395
323,3910,"s009","m1",0.232730822156152,0.100865290796989,-0.385612483113643,-0.0956300906451725,-1.6536305673876
324,3931,"s009","m1",0.308974534755351,0.164305871127108,-0.258042346589654,0.0418268511272098,-1.48672264427992
325,3950,"s009","m1",0.146565933998668,0.0188071980854861,-0.282998141924011,-0.157414847516345,-0.667398513833371
326,3954,"s009","m1",0.291025584339832,0.149864769077804,-0.195518816141487,0.06340587681346,-1.49949883178765
327,3957,"s009","m1",0.187819537294766,0.0791704183269923,-0.305105050378375,-0.167069543254738,-0.925536546309381
328,3962,"s009","m1",0.223333370798997,0.101056937872692,-0.566593608954554,-0.106515165992328,-2.11573049755819
329,3981,"s009","m1",0.171365241704221,0.0831460288788024,-0.341919390654371,-0.0408867532182125,-1.70281994641692
330,4007,"s009","m1",0.172848964176072,0.0284721511465321,-0.376195911507964,-0.0717662934304964,-0.931129079183171
331,4010,"s009","m1",0.216440482786962,0.154718060405045,-0.345677014200361,0.0123122341954283,-2.36950091218771
332,4017,"s009","m1",0.208605636757379,0.0763773204469377,-0.40471527781022,-0.0747352319296585,-1.99388096242611
333,4022,"s009","m1",0.17183335217527,0.0421778852465833,-0.481581960210534,-0.241008438991174,-1.36662076189372
334,4033,"s009","m1",0.231527386188092,0.158238417153044,-0.332157758412181,0.00343471901940517,-1.3087515960835
335,4039,"s009","m1",0.156163007093559,0.116044657699802,-0.234726603858171,-0.0542837378201579,-1.0555946967483
336,4051,"s009","m1",0.188564819966658,0.0449589187782862,-0.330545258284303,-0.0919625408220958,-0.680491951468188
337,4060,"s009","m1",0.233842306585628,0.0905817394266112,-0.276419555761561,-0.0722163909028507,-1.22938656464612
338,4062,"s009","m1",0.189183401140979,0.146998499690354,-0.24299700411596,-0.0942083171785768,-2.23517375747849
339,4072,"s009","m1",0.16013341649327,0.0926707389382187,-0.350494931647895,-0.261151341975091,-1.00353013188308
340,4118,"s009","m1",0.203741041417384,0.0830825212955474,-0.38476797644652,-0.11880045627419,-1.38638460251213
341,4123,"s009","m1",0.0804437878038727,-0.0444664855133843,-0.523815564689645,-0.190165921801601,0.04340985102846
342,4128,"s009","m1",0.160327030891845,0.0997628798434309,-0.389250442933047,-0.133332104635784,-1.37614367185592
343,4129,"s009","m1",0.231312312363124,0.0801313566000282,-0.275606992758896,-0.0262729560237707,-1.34590278070235
344,4161,"s009","m1",0.133356097308534,0.037240983922625,-0.344292480709303,-0.129381305326467,-0.871564642191066
345,4168,"s009","m1",0.1593482672069,0.0680936591809894,-0.521060423701218,-0.270691206271065,-1.32731842732485
346,4186,"s009","m1",0.201629485076647,0.101735023881055,-0.558215375900823,-0.222058286083952,-1.92641097101198
347,4206,"s009","m1",0.269442896462533,0.170881642677547,-0.0595780294171372,0.0872328620108317,-2.93466065216606
348,4208,"s009","m1",0.195016558278585,0.140694286892021,-0.278528693999815,-0.0476936425730342,-2.86516996882258
349,4210,"s009","m1",0.243556284665754,0.144833348197067,-0.254063896368626,-0.0461826621746885,-1.80664291955188
350,4222,"s009","m1",0.257688923366301,0.18499854746691,-0.36565855855413,-0.164884010515627,-1.78606441151915
351,4234,"s009","m1",0.26994252614097,0.143484261391553,-0.0856135792001262,0.00204259446765175,-1.90033247706428
352,4236,"s009","m1",0.272872169419751,0.155446817787173,-0.201429587507966,-0.0467658898403992,-2.20564507238762
353,4242,"s009","m1",0.223727802945619,0.132601217071252,-0.344661443903569,0.070376218255926,-1.44778733923555
354,4251,"s009","m1",0.169648689961779,-0.0200016780717649,-0.505777261787559,-0.303959944780187,-1.35699757030899
355,4255,"s009","m1",0.258444606621684,0.164869981390104,-0.218210753338173,0.0503297192529928,-1.92671761749426
356,4256,"s009","m1",0.148034711918785,0.0472347066648632,-0.421848826035973,-0.177493259010141,-0.655652125394602
357,4257,"s009","m1",0.120385387943839,0.0281714737601288,-0.164689869907677,-0.230673590186885,-0.677019783676538
358,4265,"s009","m1",0.290974581867178,0.165766217855667,-0.0585768569372681,0.111285382042602,-2.02606731765186
359,4304,"s009","m1",0.250941004821779,0.0800181617638154,-0.277802687523489,-0.0719966480422333,-0.871579296419417
360,4313,"s009","m1",0.275389554338124,0.161276210871666,-0.237062595158981,0.0306642998538018,-1.91597106381624
361,4342,"s009","m1",0.283892428961666,0.208248313554958,0.00177649235215272,-0.0435018211550569,-2.25185250585116
362,4356,"s009","m1",0.19910990658699,0.0394071656372037,-0.376403122113792,-0.179922343956159,-0.796681712584484
363,4358,"s009","m1",0.243866209046688,0.123636148210293,-0.280239108189134,-0.073735133347094,-2.2985414234258
364,4360,"s009","m1",0.176306735768436,0.0597239247637785,-0.392632337468165,-0.229548152716224,-0.870851817778858
365,4367,"s009","m1",0.215723465048753,0.0984078108618476,-0.464764750064602,-0.142600880667683,-1.1377769416588
366,4368,"s009","m1",0.256085978145591,0.0820161413936596,-0.2737183695038,-0.0109182049902825,-1.41807948756169
367,4378,"s009","m1",0.182432255421411,0.124236007938597,-0.276005231342253,-0.0919480686143774,-1.15817259409712
368,4394,"s009","m1",0.170736061430946,0.0595169107938843,-0.343323177648828,-0.162679559939413,-0.905243124951423
369,4395,"s009","m1",0.211310843549776,0.0608581990152504,-0.344796326689027,-0.228026487467583,-0.73298456089153
370,4399,"s009","m1",0.127390900058996,-0.0151198883165052,-0.404548791620689,-0.175658323447082,-0.669768276395448
371,4407,"s009","m1",0.234544737530567,0.135843691847845,-0.21138895862274,-0.000428844777418303,-2.10213338977654
372,4432,"s009","m1",0.22246112336395,0.0504689575755782,-0.221694110413748,-0.146713369807539,-1.09817484380595
373,4463,"s009","m1",0.250274222446912,0.118879858968791,-0.272041683161366,-0.106955062473917,-1.17761440608625
374,4473,"s009","m1",0.212838072054676,0.11941253991112,-0.255859827606259,0.124489813520558,-0.788197086589298
375,4484,"s009","m1",0.189779646500207,0.0747143337943841,-0.346927163015216,-0.0233881265241205,-0.588728595175778
376,4485,"s009","m1",0.27617942615346,0.109138037336479,-0.286188951222937,-0.0370343384760037,-1.68965895389081
377,4486,"s009","m1",0.218929963551772,0.113088130046834,-0.136989383033915,-0.0990206949952681,-1.01813881728869
378,4490,"s009","m1",0.192241636078307,0.147545117674627,-0.233903519430855,-0.130699674304779,-1.48578494105513
379,4506,"s009","m1",0.300680912297655,0.18499184036856,-0.174808010203948,0.0137163288089822,-2.02581578325618
380,4509,"s009","m1",0.206632706090332,0.0995180285586806,-0.170108159475437,0.0512396921567513,-1.86005972581234
381,4515,"s009","m1",0.119957595732528,0.0334076127076321,-0.554908424258197,-0.361007991915613,-1.16130035150817
382,4523,"s009","m1",0.164347252892921,0.0708857345649194,-0.390853228458919,-0.110159864082741,-1.07289010696987
383,4536,"s009","m1",0.320750284234274,0.172972496834944,-0.107927624528979,0.124244482378929,-2.18068234070681
384,4538,"s009","m1",0.232569289536588,0.108618205300578,-0.425522885646839,-0.104304912430662,-2.31214083830412
385,4546,"s009","m1",0.202195499792903,0.133276974981232,-0.308329131101522,0.00523621311051032,-1.69143223923369
386,4556,"s009","m1",0.153007119054414,0.106426601839486,-0.468788397862846,-0.097179987115684,-1.32979544374097
387,4581,"s009","m1",0.188100456717534,0.0464750041548743,-0.360458677839942,-0.196379854323355,-1.4469007300506
388,4588,"s009","m1",0.260170368182759,0.107678265023738,-0.139524465269843,-0.0865791547453039,-2.07534114893054
389,4592,"s009","m1",0.229805727341524,0.15463469642115,-0.148647391792062,-0.0472763245995489,-2.08730579152726
390,4593,"s009","m1",0.272674898364385,0.20763978437394,-0.00298812333402917,0.0510672493907711,-2.08860637248391
391,4600,"s009","m1",0.177903819719576,0.0692593962660062,-0.320241292643917,-0.225633114763013,-1.05197337572579
392,4611,"s009","m1",0.207604250807221,0.116046182282623,-0.315528022331172,-0.0477911285964426,-2.03856080233439
393,4614,"s009","m1",0.181081441690049,0.0715899583428852,-0.303801306682874,-0.10324414532535,-0.999399950911046
394,4629,"s009","m1",0.199271614991698,0.116289783045242,-0.2777364421214,-0.153556881117083,-1.70226813532105
395,4640,"s009","m1",0.203991023133873,0.111979556082588,-0.409943516362383,-0.0525849891368834,-1.59298181986585
396,4651,"s009","m1",0.2610786790891,0.147437023468927,-0.152701581333713,-0.00324028323464114,-0.858122128051843
397,4653,"s009","m1",0.249164416867984,0.105268937498064,-0.373627550827892,-0.0241881835787234,-2.0724383784487
398,4657,"s009","m1",0.273469695644085,0.0978167842328955,-0.264159613149788,-0.151922974361913,-1.64538903153311
399,4665,"s009","m1",0.230535851243961,0.14336780264435,-0.214224050963056,0.0829278334141949,-0.944183367593018
400,4676,"s009","m1",0.239632977580091,0.11476058435056,-0.28655006223433,-0.141708453521006,-2.16267763675173
401,4702,"s009","m1",0.244811247341133,0.161916882135113,-0.0301276364882181,-0.0703978124691082,-1.83613360475167
402,4708,"s009","m1",0.223550854006357,0.131488965395323,-0.202407714557185,0.00267656713305223,-1.04372233784986
403,4710,"s009","m1",0.290841934232816,0.0498278743574795,-0.307127969225264,0.0141777608512074,-1.26163381931347
404,4713,"s009","m1",0.241363446691274,0.131580016266308,-0.131244719965559,-0.144645065713408,-1.48264449834851
405,4717,"s009","m1",0.0850676123052382,0.0547812644618766,-0.379892420010593,-0.0516900119258482,-0.625263442791812
406,4718,"s009","m1",0.219992832638719,0.141472558300427,-0.311650543136874,0.0554979909423022,-1.101708513969
407,4751,"s009","m1",0.183977688918274,0.122243289260524,-0.439337448839958,0.0445230694780595,-1.18028393061977
408,4762,"s009","m1",0.18546874263601,0.030749093704442,-0.491179979979246,-0.276337510110658,-0.858987371035231
409,4772,"s009","m1",0.174304924673331,0.0935580625535778,-0.3903808976179,-0.215905028691037,-1.89462077993449
410,4788,"s009","m1",0.229899091769007,0.0730386824926746,-0.345961171943601,-0.144057077385715,-1.14692278866038
411,4790,"s009","m1",0.163760183055583,0.0125041034510768,-0.445993613634052,-0.146604820275969,-0.458816004564743
412,4794,"s009","m1",0.201576053048786,0.155402592274447,-0.4445855581553,-0.131626560863721,-1.93392661638712
413,4802,"s009","m1",0.176785479601089,0.0717759564538906,-0.37281262241911,-0.352731906982649,-2.02122618917266
414,4826,"s009","m1",0.172348460394629,0.0855870336711411,-0.381645140918961,-0.147829629880447,-1.01742789529113
415,4829,"s009","m1",0.227131528429319,0.105668164800922,-0.362590630048115,-0.075886864202668,-1.52565121570955
416,4830,"s009","m1",0.229233411694238,0.127816999081381,-0.26467594547053,-0.132508452582826,-2.00934674278632
417,4860,"s009","m1",0.129357198345714,0.0656261155249992,-0.405860425664985,-0.185530070114404,-0.789539456762178
418,4867,"s009","m1",0.135860818527323,0.0673925926659488,-0.559092899012294,-0.241608372549174,-1.13387204055908
419,4869,"s009","m1",0.198615329147249,0.0886256910906357,-0.480296709667032,-0.109760678582905,-1.55732110294976
420,4876,"s009","m1",0.219309864072943,0.130946605422906,-0.353867174611134,-0.106526207402639,-1.39039994142765
421,4877,"s009","m1",0.111175567963594,0.0502787290815985,-0.482956352929755,-0.202797207046062,0.0799194997189827
422,4893,"s009","m1",0.219590062461694,0.0949292512150081,-0.187568613249206,-0.112217834457449,-1.67133394862871
423,4904,"s009","m1",0.240884446858833,0.114667589096244,-0.354909373535203,-0.0584017203308037,-1.52213290783311
424,4909,"s009","m1",0.211570336568415,0.0825543272036264,-0.182613253815492,-0.0965270742135003,-1.37215188444605
425,4957,"s009","m1",0.280281402435095,0.184328925093863,-0.249795941782898,-0.0308405535691207,-2.56174605748317
426,4969,"s009","m1",0.146914389654721,0.0991749872548689,-0.406055049771503,-0.154617744874774,-0.386304555748592
427,4992,"s009","m1",0.235822437962859,0.148532996764827,-0.173738486224664,0.0119500810282219,-1.63378882587682
428,5004,"s009","m1",0.192771794997065,0.120497396362179,-0.368456177228704,-0.111350838119686,-1.23023716993493
429,5021,"s009","m1",0.242372972925931,0.153913412687587,-0.170460143075686,0.0535487130552283,-1.39659446592156
430,5030,"s009","m1",0.293540963523746,0.117747027752229,-0.112074516689222,-0.0726626985311804,-2.47922745117108
431,5034,"s009","m1",0.247490019948305,0.0786479722476029,-0.206089244947282,-0.0224419823224405,-1.48609360954014
432,5047,"s009","m1",0.200624386409837,0.127920858632995,-0.36356723356125,-0.0887959264463873,-1.54803716348623
433,5053,"s009","m1",0.226459005960077,0.086097231397804,-0.401249777283734,-0.22386525131486,-0.845560216518043
434,5071,"s009","m1",0.236415661813468,0.136459391836942,-0.500244150609503,-0.0481330697684843,-1.34580456838119
435,5081,"s009","m1",0.189684251128737,0.062015260027932,-0.324679463663332,-0.19552333594225,-1.17740665455653
436,5083,"s009","m1",0.223960495438407,0.109977306136407,-0.33422097627004,-0.0936467766141201,-1.59942613520872
437,5088,"s009","m1",0.148192989666288,0.0993921247498347,-0.328896820142586,-0.059116452897257,-0.480817128739017
438,5089,"s009","m1",0.234741872310763,0.064614289717905,-0.370552496084931,-0.199300085396181,-1.73681215840714
439,5139,"s009","m1",0.192867518552866,0.142515058838813,-0.356481749866524,0.0633901427876577,-2.17580315157017
440,5143,"s009","m1",0.241904840941602,0.127381773511845,-0.276639065484074,0.0195707921229059,-1.04252566678216
441,5171,"s009","m1",0.194503665455464,0.0986863393459575,-0.334258497681606,-0.133939963776181,-1.10270844084717
442,5178,"s009","m1",0.169080386610787,0.00265039238946505,-0.447223556461931,-0.253684532014674,-0.498621108154305
443,5183,"s009","m1",0.133825144479084,0.086689894047854,-0.401396555025589,-0.189450315646615,-0.605622998428424
444,5211,"s009","m1",0.228877761094451,0.0947554715068475,-0.380469598016976,-0.0531062879213333,-0.981884449659049
445,5217,"s009","m1",0.193567699572658,0.0582573506609077,-0.204621391008052,-0.196979748342969,-1.41294872279842
446,5224,"s009","m1",0.204146414819338,0.0992120902280485,-0.327611124989184,-0.109102849086017,-1.50394483640915
447,5237,"s009","m1",0.168608677954817,0.0643912876384086,-0.22827991928999,-0.223938545728319,-0.689426808186751
448,5239,"s009","m1",0.239023875006749,0.116087797456136,-0.20631372995649,-0.040829173290144,-1.2840742549932
449,5240,"s009","m1",0.181492610770127,0.0349902240068799,-0.558584371822805,-0.12289693418739,-1.16598173399453
450,5254,"s009","m1",0.212410589193678,0.124903237229463,-0.408045002422785,-0.0820778418603271,-1.63445924975984
451,5271,"s009","m1",0.22545818900212,0.151764757495231,-0.432800858805537,0.0874532408116128,-1.59573616855985
452,5275,"s009","m1",0.227679835512287,0.0615287030100995,-0.315418709741335,-0.0822885377696823,-0.896066671710639
453,5280,"s009","m1",0.123509050097361,-0.0182355037591229,-0.512894084626914,-0.349832502320593,-0.522776925539772
454,5282,"s009","m1",0.194824629439666,0.0560158969065871,-0.211289415589836,-0.141209182445188,-0.825542548932568
455,5283,"s009","m1",0.241526942449185,0.146557083239164,-0.370754504114211,-0.0157394622713747,-1.74241550664257
456,5287,"s009","m1",0.151714762393867,0.0593527415149175,-0.498377631692776,-0.118945087968764,-0.291537127534547
457,5320,"s009","m1",0.187632391036485,0.109712844884694,-0.242864005660689,-0.122212684116801,-2.72260835507241
458,5330,"s009","m1",0.215651443193349,0.102707971566951,-0.113940652014662,-0.0659168253339638,-1.10220998143466
459,5350,"s009","m1",0.226915462274912,0.142712996570599,-0.270508494217377,0.017563492942079,-1.67072242848974
460,5388,"s009","m1",0.190178742933585,0.0996041019202317,-0.416401827082781,-0.134218534135809,-3.30305364157383
461,5393,"s009","m1",0.13492715523374,0.0539424119356083,-0.644173336591859,-0.146250540468588,-0.60960472323375
462,5397,"s009","m1",0.237572420211359,0.133325244699243,-0.265219654881018,0.0143462522379537,-1.26334930647586
463,5408,"s009","m1",0.222402924282687,0.10298141411858,-0.225634128166151,0.0133102934216407,-1.11334572764015
464,5412,"s009","m1",0.172177835925394,0.0877610374076569,-0.357268111195505,-0.232729986126788,-1.83024553900641
465,5429,"s009","m1",0.205989177792198,0.112077343040819,-0.259303632094804,-0.0628613922033249,-1.332488767029
466,5435,"s009","m1",0.141786122846977,0.116182371948133,-0.319639378898071,-0.0514258350923899,-1.75668615450823
467,5437,"s009","m1",0.212249910527684,0.0467340686374157,-0.336063884503976,-0.0709392341075827,-0.839654038791767
468,5450,"s009","m1",0.232011815882536,0.142481486791993,-0.0624260154489893,-0.0316695305421335,-0.932770465128532
469,5451,"s009","m1",0.264821103508098,0.154485808475212,-0.238633089553668,-0.053929975565308,-1.5305271206883
470,5452,"s009","m1",0.237846054429326,0.099887929885762,-0.312332497435053,-0.182625531763119,-1.41245127700142
471,5457,"s009","m1",0.217373993078673,0.075077933457634,-0.202622432767956,0.103669506063992,-1.54361056929377
472,5477,"s009","m1",0.261287429116486,0.222084425441131,-0.147321479615142,0.0387408267031519,-2.60360537067167
473,5489,"s009","m1",0.213353029954851,0.0959470637947919,-0.463451539500919,-0.233777496378332,-1.75165130875038
474,5491,"s009","m1",0.233359973822098,0.0896152763156657,-0.202624025347859,-0.233013289038857,-1.63649622094442
475,5498,"s009","m1",0.133036928367076,0.00108207798915708,-0.396384560383395,-0.151943367311847,-0.374679836560881
476,5500,"s009","m1",0.274752568520782,0.142938708598642,-0.210456023655571,-0.145045371991077,-1.62862139870437
477,5504,"s009","m1",0.181400008987004,0.120127629201585,-0.354971520810886,-0.0958820544565007,-0.784971204943719
478,5513,"s009","m1",0.180008151131703,0.0597500507314586,-0.372137705000528,-0.321661884703777,-1.07156092075896
479,5547,"s009","m1",0.132356442299653,0.12770756981873,-0.221683614043417,-0.167030649927465,-0.946886681746919
480,5556,"s009","m1",0.287208903147721,0.13547119491179,-0.201259535237564,-0.111612786451524,-1.21066170364271
481,5563,"s009","m1",0.241355194303327,0.129158481981968,-0.312040904482141,-0.0325156058821505,-1.62253597372925
482,5581,"s009","m1",0.189017044909107,0.0498357888213133,-0.290883883838395,-0.157161193875226,-1.00333221477458
483,5583,"s009","m1",0.255628608502911,0.131716542330857,-0.159156281063164,-0.0571552994862661,-1.73589017848555
484,5586,"s009","m1",0.202983809195963,0.116479349399926,-0.20997202542436,-0.171217009761262,-0.980834557770226
485,5593,"s009","m1",0.200211167306549,0.0667226908464271,-0.297758835498625,-0.0503720597600454,-1.16526137216638
486,5595,"s009","m1",0.213726096999102,0.12028447640671,-0.297857421535714,-0.140955890810134,-1.7479523884268
487,5596,"s009","m1",0.255444315581568,0.114702642426124,-0.293280656078408,-0.206515234651558,-0.931145798964988
488,5605,"s009","m1",0.199661353430675,0.0244050763038788,-0.349802138632103,-0.217808470468068,-1.02291227079474
489,5623,"s009","m1",0.167519498127431,0.0348658139790637,-0.489639590806256,-0.133498273942232,-0.971634095864328
490,5633,"s009","m1",0.211668238286948,0.133501424550504,-0.20349633606675,-0.0429681436625453,-1.58163424098065
491,5653,"s009","m1",0.228023251061745,0.0711284435250457,-0.291590651331097,0.0231867112577722,-0.83245730208873
492,5658,"s009","m1",0.149002373728947,0.0415573002593497,-0.435275676556182,-0.315055552942669,-1.12449483927735
493,5664,"s009","m1",0.253145224887092,0.108504336838068,-0.19414077200265,-0.0309973338880948,-1.32206436382083
494,5690,"s009","m1",0.228738475061021,0.171789256495759,-0.150020988595815,-0.0522280202321515,-1.86032894222832
495,5717,"s009","m1",0.238759316723375,0.18317943750955,-0.304048197623249,-0.109044278172112,-3.03347097340682
496,5719,"s009","m1",0.176623653763533,0.0996956964663911,-0.25768992330613,0.0769559519610149,-0.889679118779543
497,5727,"s009","m1",0.23547819013646,0.182110827169167,-0.142613611291166,-0.00251572800267858,-1.61137255227049
498,5745,"s009","m1",0.207723841817533,0.141595345929591,-0.331129687537883,-5.1873635983021e-05,-0.904827621510386
499,5764,"s009","m1",0.243165243669901,0.13214873639492,-0.282924289840769,-0.080490120256523,-1.15860397409048
500,5795,"s009","m1",0.169281372919987,0.00436753167553621,-0.485530607819927,-0.0449086909618298,-0.167973246836518
501,5803,"s009","m1",0.258739889419639,0.167338625907697,-0.177707125129259,0.0393579694705431,-1.36598016490948
502,5820,"s009","m1",0.233760528231148,0.0405127263759908,-0.25631921140176,-0.30202542897525,-1.82096832097943
503,5827,"s009","m1",0.21644650835453,0.161152670466446,-0.483512029362689,-0.0227040170913442,-2.17733819689064
504,5829,"s009","m1",0.181383191340411,0.136412801124723,-0.262373204059403,0.0059941532227261,-1.25978701778043
505,5832,"s009","m1",0.179519507922837,0.0770588630246354,-0.25907197747653,-0.187295058208696,-1.47036241571548
506,5867,"s009","m1",0.0980755274858229,-0.00425198790395519,-0.365390732384949,-0.207058588097115,-0.571246924823546
507,5869,"s009","m1",0.238461267449795,0.178438493589729,-0.225441609364477,-0.00717910401917806,-1.03399409925995
508,5888,"s009","m1",0.11716438304875,0.06766677877822,-0.487356894031437,-0.430221617734093,-1.31022032642764
509,5914,"s009","m1",0.240032058637996,0.0620183614873076,-0.278117792378717,-0.0614372326424086,-0.760422642054433
510,5958,"s009","m1",0.264024481379934,0.16518417512132,-0.224564870365849,-0.0522641013227108,-1.61491158603191
511,5959,"s009","m1",0.254811198808052,0.164419973493039,-0.176854445736594,-0.087805130814015,-2.09094785008216
512,5971,"s009","m1",0.195321627597313,0.0893438080430093,-0.342540265177541,-0.232127718152376,-1.67966003372792
513,5974,"s009","m1",0.285081891733854,0.122159255683857,-0.122065034827648,-0.0971747619463329,-1.36721652721863
514,5976,"s009","m1",0.130177920739141,0.00639563435524859,-0.360929514956025,-0.240624224467938,-0.770505103752687
515,5983,"s009","m1",0.160796238893567,0.0239608738497441,-0.463303066906705,-0.300289383879569,-1.23367750578734
516,5998,"s009","m1",0.26799119879792,0.136855528589212,-0.0963245044769797,0.01020986281472,-1.93212226932683
517,6010,"s009","m1",0.21590019061942,0.138777627390462,-0.18775206523915,-0.131849948917649,-1.59679776743142
518,6013,"s009","m1",0.170423230223385,0.0649401477239737,-0.392267688115507,-0.150206409951856,-0.916106208219736
519,6024,"s009","m1",0.222469965054863,0.11818089344693,-0.198843285063074,-0.191313593367175,-1.70845442687348
520,6046,"s009","m1",0.252921576270787,0.118119436124171,-0.195452233705133,-0.0718041724297359,-1.32607986410258
521,6092,"s009","m1",0.260323759394948,0.141974941577005,-0.283653771471436,-0.057679577522237,-2.15039696459527
522,6109,"s009","m1",0.23673231791467,0.10985327295092,-0.184324988501222,0.0170283355330357,-0.872767754355325
523,6123,"s009","m1",0.23694644490797,0.114629107364981,-0.146906255722855,-0.0428893830886429,-1.57948043044681
524,6169,"s009","m1",0.129071490567995,0.0963205969755405,-0.413916294885912,-0.0782242284195317,-0.987398990825219
525,6170,"s009","m1",0.186957046970182,0.113829752132165,-0.22377628844319,-4.1052375127183e-05,-0.934373664642813
526,6183,"s009","m1",0.20918580167538,0.122735878385073,-0.162326395573225,0.00922699059526757,-0.656151757001045
527,6195,"s009","m1",0.178436151153738,0.12224670065283,-0.198871137934927,-0.0416261613274029,-0.854501336528835
528,6197,"s009","m1",0.286035315644132,0.163479353689677,-0.165402264718147,-0.0345548816265997,-2.38790788370117
529,6214,"s009","m1",0.194569019587192,0.0117150638655124,-0.415326574756655,-0.168948038699566,-0.550483246485001
530,6264,"s009","m1",0.260979474782336,0.119323753567696,-0.350991505835462,-0.152412978300553,-2.61468125745439
531,6269,"s009","m1",0.253176525739446,0.143528726621223,-0.320772786927015,-0.055718137538907,-1.68705839774803
532,6271,"s009","m1",0.242137993833606,0.105081068984996,-0.326252687456076,-0.109462414038336,-1.64175440347596
533,6311,"s009","m1",0.229082208811791,0.0725962118223219,-0.297083362962934,-0.100209863590811,-1.24930724948353
534,6315,"s009","m1",0.122817953663718,0.105162931508614,-0.418022244573844,-0.260210187099837,-0.867037129581947
535,6318,"s009","m1",0.225271345942745,0.0774871115300058,-0.144379560808682,-0.0766227026052308,-1.50878637859129
536,6363,"s009","m1",0.241973919140695,0.157293363186862,-0.289064965964681,-0.0604535264979001,-2.16988561857903
537,6390,"s009","m1",0.140215481982065,0.0676786807786946,-0.373501717976302,-0.131285116336383,-0.845338176613674
538,6395,"s009","m1",0.187631266220844,0.0403209697914459,-0.23113247884091,-0.236006620961473,-0.788007177026738
539,6398,"s009","m1",0.254946946897646,0.0810182155995208,-0.279021338246642,-0.112393205169709,-2.03525671522764
540,6412,"s009","m1",0.209722401242104,0.188227948341812,-0.13012772731627,-0.110659659664296,-1.22022850639991
541,6426,"s009","m1",0.249153453083214,0.193326971422864,-0.182298781104514,0.0594348793313949,-1.84383790707926
542,6460,"s009","m1",0.250829775623365,0.130316270169517,-0.207339701330652,-0.0668728712451645,-1.80310398837806
543,6461,"s009","m1",0.256352509797837,0.15331192721111,-0.203271144789766,-0.075815299013573,-1.16029848126248
544,6467,"s009","m1",0.222997773233132,0.0746001525709741,-0.243517686813217,-0.283865783555373,-0.708989318327726
545,6469,"s009","m1",0.161882728420573,0.0670294177626502,-0.395662143775917,-0.192178793977153,-1.11243169380571
546,6470,"s009","m1",0.2300194400789,0.156564139919338,-0.249236020748025,-0.166380745087772,-1.63016178998194
547,6475,"s009","m1",0.156910433023156,-0.00958483775152252,-0.377486832190646,-0.168921989649713,-0.484122751716337
548,6499,"s009","m1",0.192566228096772,0.117514290255333,-0.316643097250985,-0.107164104303763,-1.1941681883253
549,6530,"s009","m1",0.192514269547589,0.0192001658989587,-0.37835354858735,-0.318903243706827,-1.16761171764423
550,6531,"s009","m1",0.12711162821798,0.027428058926003,-0.376690028612007,-0.163806734748243,-0.415300596414486
551,6532,"s009","m1",0.169548728635148,0.0857196563944483,-0.464220649456464,-0.231047203246355,-0.937949037759485
552,6576,"s009","m1",0.121149379740698,0.0365734565747129,-0.606910805448315,-0.104581222528217,-0.504152761782883
553,6585,"s009","m1",0.236250065724883,0.111592463896342,-0.38131118892992,-0.00808110496338634,-1.4970524656441
554,6590,"s009","m1",0.231686086616968,0.0820809052121028,-0.270435571561962,-0.308000716931863,-1.60426143104634
555,6613,"s009","m1",0.261327198147316,0.0770579816392466,-0.429061002282169,-0.00298324546082383,-1.35816616170273
556,6615,"s009","m1",0.241507421849278,0.100124314097321,-0.304324825440415,-0.220344759793176,-1.40646899098717
557,6620,"s009","m1",0.240563667644245,0.100563795134161,-0.454767983234967,-0.0587021482529861,-1.53793345700852
558,6628,"s009","m1",0.282853943290202,0.0862971134344017,-0.212472902652064,-0.00787624754175765,-0.851535451668754
559,6655,"s009","m1",0.153485405286675,0.0665825017969837,-0.391056739087191,-0.237102787931518,-0.8305365234783
560,6666,"s009","m1",0.223939797877036,0.144924525478621,-0.168427830808589,-0.013926195063122,-1.39810160996969
561,6674,"s009","m1",0.144884789844216,0.0544258365386905,-0.301896952388722,-0.0383884448082007,-0.801891207923932
562,6698,"s009","m1",0.233586204793945,0.161431593597261,-0.184285054023077,-0.0260023355299146,-1.51875909345689
563,6701,"s009","m1",0.197152776330062,0.110338897227928,-0.306179783738354,-0.15747319302102,-0.875663997369481
564,6708,"s009","m1",0.256890365572621,0.117478776721322,-0.28559641191869,-0.0169720824313797,-1.13685385911415
565,6716,"s009","m1",0.219968337192197,0.157606205230146,-0.186725410283799,-0.0468387088085738,-0.795291459876213
566,6732,"s009","m1",0.155309580313511,0.0364318713044703,-0.458281676121396,-0.288825160226406,-0.793210372752516
567,6739,"s009","m1",0.18105805668762,0.082364071958021,-0.577360069324257,-0.165462220729115,-1.60296148163739
568,6752,"s009","m1",0.207429147186406,0.0890457725186118,-0.344053520864449,-0.13104311765611,-1.43155645976464
569,6759,"s009","m1",0.218896656325317,0.0999990113380786,-0.144863051519942,-0.0244051138345358,-0.549921646833706
570,6762,"s009","m1",0.176431601523532,0.109043297047246,-0.442262800646242,-0.298429089379027,-1.25194231621128
571,6764,"s009","m1",0.076761698953425,-0.0574134091440739,-0.610336169800513,-0.27226253649756,-0.122154568076555
572,6773,"s009","m1",0.182248058707011,0.0653161551734206,-0.503463575598596,-0.20737211435158,-1.58236393694038
573,6781,"s009","m1",0.249411635376275,0.09432191442803,-0.331155689168414,-0.25272392923951,-1.29718175574611
574,6791,"s009","m1",0.257697545616262,0.0524592229439651,-0.268712567369611,-0.185471958284939,-1.28811813023956
575,6806,"s009","m1",0.199701824883056,0.0654338431106486,-0.200636299366995,-0.121375893441258,-1.53734173531892
576,6832,"s009","m1",0.197950572441526,0.0989172742126019,-0.326101249451029,-0.0567848181991626,-0.718556786004186
577,6839,"s009","m1",0.275806760616796,0.0953124841880929,-0.357511480512564,-0.0633988171854631,-1.32552547614201
578,6854,"s009","m1",0.149724734855166,0.0888466730214382,-0.308906706001797,-0.0578948851897068,-0.652730091009978
579,6871,"s009","m1",0.270159640036017,0.0766908276552332,-0.283305606485733,0.00691866141352747,-1.62840246070737
580,6888,"s009","m1",0.189333459692487,0.0834501930382547,-0.111552604052701,-0.212709715252115,-1.40879572734955
581,6894,"s009","m1",0.188120436215751,0.124067582555633,-0.220006146028567,-0.0565313890080678,-1.43433742061317
582,6922,"s009","m1",0.220165490549292,0.0888856183963631,-0.260146093058043,-0.24059745946743,-2.05397964868409
583,6936,"s009","m1",0.158991108090035,0.092869024139173,-0.403870244987816,-0.257661089599601,-1.27130476248503
584,6941,"s009","m1",0.192768932567602,0.123483972312573,-0.348059087290314,-0.0481791191737516,-1.51543574115885
585,6944,"s009","m1",0.197087839179313,0.128842643756508,-0.3982142043196,-0.20601535365886,-1.41342906698814
586,6974,"s009","m1",0.195783885192044,0.0855977917848536,-0.355639044026833,-0.117650533558774,-1.0876909217184
587,6998,"s009","m1",0.1940765319762,0.067279517547323,-0.469509721131187,-0.167178483663959,-0.810600394134823
588,7002,"s009","m1",0.284970612487933,0.14366556367875,-0.113105350211467,-0.167784932199998,-2.26949799452007
589,7004,"s009","m1",0.31689865939154,0.227771175913568,-0.124632480301863,0.0558108845278318,-2.51542872274231
590,7030,"s009","m1",0.220508371947234,0.0821661261503805,-0.135460720790573,-0.12178472461799,-0.820051089154926
591,7035,"s009","m1",0.169941208204182,0.0575326336346128,-0.559505965660623,-0.139799781319599,-1.88920948425365
592,7040,"s009","m1",0.140532666444183,0.0749396192614164,-0.265428204422181,-0.157761541501875,-1.56314523623384
593,7051,"s009","m1",0.243151330909561,0.133575219744158,-0.219962284877424,-0.0107938120575378,-2.31716061289141
594,7055,"s009","m1",0.234484711277192,0.172171721894162,-0.20571793830238,0.0803379270537785,-1.45463368262764
595,7058,"s009","m1",0.265619268422055,0.185040687541791,-0.155892911106942,0.0674363015899735,-1.37345355300831
596,7060,"s009","m1",0.196931226990126,0.104352077604197,-0.399345036896609,-0.0758763893296404,-1.72456569605207
597,7066,"s009","m1",0.164505759941994,0.146562472517091,-0.267386099308437,-0.103166951997866,-0.969657079099928
598,7068,"s009","m1",0.221459495534771,0.137226130210812,-0.239587384536071,-0.0150867596117748,-1.53302995910191
599,7075,"s009","m1",0.223876083359071,0.110492870102898,-0.33272895505752,-0.0515500916125582,-1.06868176189095
600,7078,"s009","m1",0.343211102771375,0.151626140529774,-0.156714703401085,0.109516988340255,-1.63446690347201
601,7092,"s009","m1",0.221828534919583,0.14500679835043,-0.25732874029277,-0.110586737991974,-1.02933898211958
602,7107,"s009","m1",0.173701835091442,0.110326501569643,-0.242393841438475,-0.226145323192194,-1.31626971295717
603,7112,"s009","m1",0.131113862611007,0.0445275396102675,-0.606550046463324,-0.0395750779328419,-0.74287654026114
604,7138,"s009","m1",0.191562500985932,-0.000961130750796433,-0.302788517867665,-0.154094439041848,-0.256201270485268
605,7177,"s009","m1",0.281422737114791,0.104013032779813,-0.180967001285131,-0.134472387326832,-1.9176268016394
606,7187,"s009","m1",0.217289897268962,0.120531368856064,-0.376150329484688,-0.0830991636398652,-1.0790771612033
607,7192,"s009","m1",0.181504656771783,0.121268290035781,-0.389913612412716,-0.118741255863805,-1.98130108615934
608,7198,"s009","m1",0.145674022573174,0.0687810493945021,-0.640386990495172,-0.0961082458525478,-0.745262884151365
609,7202,"s009","m1",0.14079971293266,0.109374791517571,-0.287488532809898,-0.179523919315235,-1.14320655544039
610,7205,"s009","m1",0.275359518084401,0.141378271179757,-0.123237197358313,-0.0455107312235809,-1.4762424638261
611,7224,"s009","m1",0.0867180285936942,0.0842907686517448,-0.354940502063134,-0.135649714316191,-0.957811003411757
612,7247,"s009","m1",0.0607586181971418,0.0116826911437216,-0.582434718356379,-0.315284410280683,-0.349520948207521
613,7269,"s009","m1",0.253203851463417,0.145320081436515,-0.104973245848794,0.0374139989874055,-1.92797100195296
614,7277,"s009","m1",0.317144232093522,0.132644065178877,-0.15030087975743,-0.0141062915669015,-1.37902674698005
615,7283,"s009","m1",0.253683844947979,0.107617062735736,-0.117163323911579,-0.046719564733649,-1.87732169135844
616,7290,"s009","m1",0.235922216088535,0.12764644310069,-0.230724804382,0.00367230605010487,-0.784593559028493
617,7292,"s009","m1",0.172976920599245,0.110740232829569,-0.226950992493666,-0.129571035977389,-0.940821106999224
618,7293,"s009","m1",0.253608292924885,0.133825508854675,-0.20208166473262,-0.111761701710794,-1.73547749358877
619,7306,"s009","m1",0.225188720442387,0.168730316908849,-0.163522794798198,-0.019208385302973,-1.9884082445924
620,7309,"s009","m1",0.215510295242229,0.0839949290670216,-0.178410759888208,0.0278611617585135,-1.38425688623507
621,7310,"s009","m1",0.297015217618257,0.134387277803484,-0.18817308777673,-0.170418273139538,-2.35833529078667
622,7312,"s009","m1",0.0949744214139095,-0.0884651905696694,-0.659851875147878,-0.322752881311016,-0.224345001235821
623,7316,"s009","m1",0.22658169039827,0.142406279456452,-0.33599676600212,-0.15780016667792,-1.41358775488022
624,7317,"s009","m1",0.152958545856124,0.0667138507461234,-0.457028667931713,-0.0985057385551554,-0.534911671474229
625,7333,"s009","m1",0.253469457008759,0.124297679813011,-0.149709560059443,0.0527667157323454,-1.56671491189605
626,7346,"s009","m1",0.276101597250403,0.129352283643239,-0.13551312003737,0.0611364054826834,-1.6699863299701
627,7349,"s009","m1",0.231529354671381,0.111824195274938,-0.235271989152661,-0.0568079410618429,-1.34703884510604
628,7363,"s009","m1",0.180939442939114,0.0350890137611607,-0.414433560483267,-0.0225136019727253,-0.914642149405602
629,7368,"s009","m1",0.231611437176903,0.132702389268073,-0.361798284822031,-0.0771195024142948,-2.45405835704064
630,7381,"s009","m1",0.255058596535255,0.212919237109244,-0.0136864019479495,0.0311520244909105,-1.32682680583439
631,7386,"s009","m1",0.254209118190741,0.128387169501175,-0.176636468994453,-0.0939572859352374,-1.70542718285484
632,7422,"s009","m1",0.0923587708031024,-0.0231646493467538,-0.578209976474454,-0.222765726127731,-0.48158334761672
633,7426,"s009","m1",0.21904738385547,0.0797225117273075,-0.278115160741747,-0.0786373270716079,-1.49056996082029
634,7431,"s009","m1",0.167165144085523,0.112339296912482,-0.262271231368562,-0.104897394882398,-1.2200671845165
635,7443,"s009","m1",0.221777633233625,0.161419565628059,-0.21474793041191,-0.0659344086779443,-1.78770258100143
636,7444,"s009","m1",0.274663708206133,0.132568987264829,-0.209297896173501,-0.0151750502637322,-1.84363426645445
637,7480,"s009","m1",0.143180770644167,0.0656889709295214,-0.363584603838551,-0.157510413217526,-0.840305192104288
638,7482,"s009","m1",0.205966017285877,0.0309481609124744,-0.301333426777419,-0.139092442211313,-1.39958882934907
639,7494,"s009","m1",0.263776225837517,0.12456122615136,-0.177005107928363,0.0365368972568875,-1.52691414703572
640,7499,"s009","m1",0.210575799891105,0.131089617558886,-0.239187993924848,-0.0409716431488251,-1.13221583238104
641,7509,"s009","m1",0.175175902523344,0.0864219580674682,-0.10720920960341,-0.125365621799146,-0.375001360835725
642,7514,"s009","m1",0.202947383160126,0.0744648447000668,-0.488045745447376,-0.103332820460145,-1.69371605534198
643,7519,"s009","m1",0.278445434770368,0.144223088470414,-0.12464488328026,-0.303268056358284,-1.79962800910192
644,7534,"s009","m1",0.240341195319769,0.0548431092146482,-0.394487829872514,-0.109045212901494,-2.34037115266707
645,7540,"s009","m1",0.190600087895846,0.116066653944329,-0.256859827638005,-0.1033341542574,-1.95504486648674
646,7541,"s009","m1",0.312549369164097,0.204558616851916,-0.127461203039739,0.0299698749662547,-2.25174208999125
647,7543,"s009","m1",0.198812946153302,0.0875800584965547,-0.221273673191764,-0.064393177934424,-0.796274441268905
648,7549,"s009","m1",0.13428069027668,0.0357688224477575,-0.50643413113941,-0.0694918564191608,-0.267722508027872
649,7553,"s009","m1",0.197488011092088,0.0542284698657904,-0.560823387263991,-0.12092062014216,-0.630890482571691
650,7561,"s009","m1",0.234848160077795,0.135586311655343,-0.322478798525457,-0.12614566394112,-1.76663593698353
651,7576,"s009","m1",0.173955539465812,0.0917610831084148,-0.467450031193157,-0.209448373799296,-1.20863106260423
652,7579,"s009","m1",0.218641178020756,0.139733458909527,-0.203766985443352,-0.0448318328904509,-1.38463611147323
653,7589,"s009","m1",0.126778299622755,0.0316800656013184,-0.334038094000944,-0.0455756056725742,-0.853493652475718
654,7596,"s009","m1",0.213894579713263,0.0741493240691069,-0.338300147840894,-0.031242401076388,-0.741054834522456
655,7600,"s009","m1",0.166839840946345,0.0289471718133673,-0.30668717601573,-0.18951688184829,-0.325121696506232
656,7601,"s009","m1",0.207365764616104,0.0667706029908534,-0.438272979746532,-0.172344334547517,-0.810884480443779
657,7607,"s009","m1",0.167694554479111,0.0116309117353148,-0.247957418522307,-0.227779314776104,-0.166455612169467
658,7620,"s009","m1",0.147789319916254,0.0548303918407596,-0.54725656468897,-0.0559657830749984,-0.392268859315472
659,7621,"s009","m1",0.210269269097011,0.110467206925279,-0.165231386043325,-0.0842983859459938,-1.26889828066502
660,7625,"s009","m1",0.289609928449038,0.121416051962381,-0.302513598383652,-0.0608895017670595,-2.29234410715592
661,7642,"s009","m1",0.334898096902619,0.177576742054614,-0.0982621868143036,0.0404505657614665,-1.98850885832826
662,7656,"s009","m1",0.22598172535365,0.122053072654346,-0.369997316449227,-0.145672202531371,-1.45991693206843
663,7694,"s009","m1",0.24538731479627,0.100592822456003,-0.302587771680144,-0.131916204615361,-1.0672440756615
664,7698,"s009","m1",0.214097908247348,0.0351118068316949,-0.24421199787765,-0.222709409726611,-0.626823365940046
665,7717,"s009","m1",0.169252203172353,0.0787745842172842,-0.364694902770665,-0.225456429177537,-0.926515846248375
666,7719,"s009","m1",0.209954863451486,0.150347732461035,-0.237050004638733,-0.105405453711652,-2.58020978093695
667,7745,"s009","m1",0.2329437391054,0.123479359882367,-0.229025184576546,0.0164071520233092,-1.61570728157718
668,7752,"s009","m1",0.211832002155692,0.00576538202769622,-0.263605060741786,-0.0334740146415018,-0.38256930319292
669,7757,"s009","m1",0.299277128323675,0.111305847376565,-0.173909973433845,-0.178806491065863,-2.10734063009187
670,7789,"s009","m1",0.200776451224014,0.109682058862323,-0.113339182018065,-0.084198952346071,-1.0291287368609
671,7810,"s009","m1",0.17569121427933,0.0695819255454601,-0.41504792505771,-0.17548564226052,-1.17898856955714
672,7818,"s009","m1",0.23157801719574,0.130777386781393,-0.251915314628529,-0.0928952476142091,-1.5806683147374
673,7829,"s009","m1",0.186219273023544,0.0833642168322848,-0.216391226292864,-0.149382595627107,-1.47198499299605
674,7830,"s009","m1",0.088335738258776,-0.0122070089181116,-0.362824819445982,-0.379979339113661,0.206384745678096
675,7855,"s009","m1",0.12991365604487,0.0661465254793046,-0.562347927702322,-0.207943512726174,-0.308275067010042
676,7865,"s009","m1",0.199010192104082,0.0546792944531147,-0.292694332051211,-0.213382941863673,-1.27120731353596
677,7878,"s009","m1",0.181398743176778,0.0829174772033116,-0.412904239201736,-0.228442291871675,-2.26833996914554
678,7879,"s009","m1",0.275556612784688,0.188883813978306,-0.183585642126225,0.0170445234330232,-3.09467609246492
679,7900,"s009","m1",0.216425455078969,0.0635987804460942,-0.315558229101675,-0.127730266055144,-1.6056182668295
680,7956,"s009","m1",0.137167338015387,0.0774201620697803,-0.363852983671985,-0.150251927127964,-0.63851826862235
681,7979,"s009","m1",0.198039188507036,0.106801783123677,-0.497983354388908,-0.117565575279687,-1.42115250562621
682,7985,"s009","m1",0.224068932865785,0.0996231613658076,-0.271411312383932,-0.0507942993997603,-1.73863574785142
683,7991,"s009","m1",0.202648870162533,0.0422187308692992,-0.339669333397735,-0.140062004164254,-1.0147431797027
684,7995,"s009","m1",0.275304361931827,0.15449128885048,-0.180331524858519,0.0878889446086453,-1.48769105729067
685,8013,"s009","m1",0.14927454813123,0.0169631734561065,-0.344591628993593,-0.141658019811792,-0.520345738950836
686,8014,"s009","m1",0.238384695324237,0.133705500231283,-0.214312233348551,-0.132141977274406,-1.38812203116831
687,8017,"s009","m1",0.219574832715306,0.122280214759415,-0.415109748526049,0.0181415867914409,-0.832984940342524
688,8025,"s009","m1",0.219369470452335,0.113220211104871,-0.300930803728506,-0.10619969560852,-0.79778092556151
689,8026,"s009","m1",0.315134035910863,0.143730779707805,-0.27528055898058,-0.113886250418322,-2.85349250399253
690,8031,"s009","m1",0.209371574465728,0.142125226433649,-0.223745354790653,-0.138430034661513,-1.89442412430335
691,8039,"s009","m1",0.24067684930094,0.164683745631353,-0.17838410091266,-0.115252224757498,-1.9619443543036
692,8041,"s009","m1",0.162003644885817,0.0513805343624168,-0.470724474213801,-0.218873011594721,-0.416562426858919
693,8042,"s009","m1",0.177016683979986,0.142007959561677,-0.334717753871127,0.0120092762880545,-1.79506782449458
694,8054,"s009","m1",0.236176758980833,0.08285844103644,-0.349717346799882,-0.165784545846371,-1.30371742217015
695,8067,"s009","m1",0.255412956186613,0.142632300370373,-0.212499797069407,-0.0774841317691317,-2.62269980798554
696,8071,"s009","m1",0.182205541198795,0.115261638391517,-0.322905108641347,-0.0982201636116992,-1.45760508287011
697,8076,"s009","m1",0.188460094193007,0.114450859324674,-0.317594771136546,-0.0985058295744439,-1.20614221288229
698,8077,"s009","m1",0.0864225327837601,0.0422513450587459,-0.54483304582661,-0.266603380676258,-0.667428940192341
699,8087,"s009","m1",0.1700413619149,0.161658899927598,-0.441645158358946,-0.0963581874270044,-1.56275110890132
700,8093,"s009","m1",0.123390100861032,0.0525058964558301,-0.404242126616262,-0.0259848091714291,-0.774867168505588
701,8117,"s009","m1",0.241749334346044,0.158324037635756,-0.303237081917335,-0.0241184566928101,-1.59023089491988
702,8132,"s009","m1",0.259414101770841,0.126373534750722,-0.253748449203992,0.0807333759416457,-1.37955265509436
703,8145,"s009","m1",0.23448971383332,0.0965987461893951,-0.144244959757411,-0.0734839502445498,-1.47897652877969
704,8146,"s009","m1",0.182370786607832,0.0959299523370128,-0.213275312756074,-0.179769397193183,-1.14371074878481
705,8147,"s009","m1",0.189945906085852,0.100067934687491,-0.374919319845515,-0.0829027294356544,-0.936783875329956
706,8151,"s009","m1",0.250040043521366,0.0625557177929294,-0.327618872254639,-0.0819441643532459,-0.990961593021415
707,8182,"s009","m1",0.216691444211836,0.139642000601734,-0.172538706262577,-0.0877921356358637,-0.893681440898945
708,8198,"s009","m1",0.201774435285451,0.00587881694532254,-0.229117610256362,-0.0441449167692395,-0.863169308900404
709,8205,"s009","m1",0.228531116413193,0.0611078310262284,-0.381829305035576,-0.0146827783734939,-1.50661033220838
710,8239,"s009","m1",0.196687557729415,0.104466094908789,-0.262852993926372,-0.0785269974162854,-2.19894127724957
711,8243,"s009","m1",0.15275224474927,0.0454833804314981,-0.596155438956298,-0.246974483482288,-0.975736977596512
712,8254,"s009","m1",0.210424503667763,0.0613752061592315,-0.341122769244074,-0.177727906292109,-1.92549742692033
713,8265,"s009","m1",0.219261327754724,0.126328569614223,-0.189870923906362,0.00376081458493687,-1.06419061252555
714,8281,"s009","m1",0.205916329009419,0.092022609404215,-0.179396117863868,-0.0515910370779961,-0.666726181955131
715,8302,"s009","m1",0.223747394024372,0.155056973152607,-0.149476871953821,0.106090946025692,-1.40258359615018
716,8304,"s009","m1",0.254798163319826,0.192705825720608,-0.197736862036328,0.0445475191085974,-1.65327352365937
717,8324,"s009","m1",0.265648873451173,0.131346186044,-0.0611503999265423,-0.124196804668026,-1.89895076440748
718,8337,"s009","m1",0.264643317435366,0.0639699848599052,-0.376978936547557,-0.0594614880921899,-0.895420918432192
719,8375,"s009","m1",0.142012688536073,0.0689786645311001,-0.332343510747566,-0.232631211116025,-1.78635198781724
720,8382,"s009","m1",0.226515183616628,0.067023994613962,-0.283634183970439,-0.171354445373628,-1.70373254535297
721,8383,"s009","m1",0.106201950976223,0.0624805915466178,-0.405278253116763,-0.0741620712955446,-0.658498762300727
722,8405,"s009","m1",0.173830362944984,0.0450432011220143,-0.505663169998055,-0.23322078723107,-0.678924448053106
723,8413,"s009","m1",0.184736020170808,0.0390026412385991,-0.378078316416095,-0.0366917969175331,-0.723465305766211
724,8420,"s009","m1",0.154672538936793,-0.0745245353407067,-0.406160460010463,-0.266765235615099,-0.354648246409004
725,8424,"s009","m1",0.328373149434907,0.145560617728556,-0.233996775670152,-0.0933600361327514,-3.30963599323445
726,8448,"s009","m1",0.143891784404299,0.0897786838032887,-0.436963001434725,-0.115158865717491,-1.19992694352401
727,8452,"s009","m1",0.180034164744139,0.0752705468122664,-0.230758529333363,-0.12720164693603,-0.933404722931904
728,8473,"s009","m1",0.214240585308488,0.151859512646345,-0.276843438019902,-0.12861559318988,-1.43545468013712
729,8486,"s009","m1",0.240370243759716,0.0954839904271519,-0.143062481566842,-0.0199544052536651,-1.19384652507469
730,8502,"s009","m1",0.218722678929368,0.0384156966943181,-0.464616932505214,-0.0862596672932846,-0.906072575819886
731,8507,"s009","m1",0.192431040595477,0.0482252374234143,-0.388697164814126,-0.210515030070758,-1.69380939440617
732,8511,"s009","m1",0.171800065860032,0.10069592298076,-0.282663233884868,-0.149852689748159,-0.864799580938775
733,8524,"s009","m1",0.114273564339986,0.0761213229940754,-0.391791794973216,-0.114030630585428,-0.832260036091152
734,8535,"s009","m1",0.204775186693649,0.129440036489969,-0.304133291513768,-0.149197861777509,-1.04405251410744
735,8547,"s009","m1",0.238959295482516,0.103670575878865,-0.193658294775337,-0.0567582628014314,-0.907255096968156
736,8561,"s009","m1",0.218632578566932,0.087382304679043,-0.327618396604515,-0.0303364640516671,-0.797147519390605
737,8587,"s009","m1",0.289446396001857,0.177742021328558,-0.208835138084694,-0.0192506744422345,-2.83267164152009
738,8589,"s009","m1",0.260879089429768,0.173969274829718,-0.315645110452445,0.135341510580025,-2.66097009867697
739,8600,"s009","m1",0.261160914596086,0.155935447326843,-0.213919886036009,-0.102242641141317,-2.02299116162797
740,8611,"s009","m1",0.233112790191994,0.184905031499268,-0.252282011101672,0.00262998183996388,-2.80889712062762
741,8654,"s009","m1",0.253874095025976,0.161142630637451,-0.331208292101126,0.00355451834184515,-1.79431043608128
742,8657,"s009","m1",0.220500814363413,0.0997766350495044,-0.361267897090743,-0.0224288591535099,-1.13803359044899
743,8692,"s009","m1",0.263152155873951,0.128352362680505,-0.36599328129584,-0.115315454457525,-1.86309439438352
744,8700,"s009","m1",0.189843698849941,0.0593139332039494,-0.417601021284395,-0.184553442920344,-1.11962306715003
745,8701,"s009","m1",0.248471106735127,0.169226430067502,-0.231712140698011,-0.161879840818329,-1.30665502106492
746,8704,"s009","m1",0.183222369280769,0.06783720277856,-0.428945266575025,-0.110022485215826,-1.67676056006953
747,8734,"s009","m1",0.244125677539718,0.110854053475457,-0.162931419760234,-0.135418485802805,-1.18100566408984
748,8736,"s009","m1",0.179132347172927,0.0775007209555479,-0.322146236987147,-0.155596251267513,-1.80077250795399
749,8752,"s009","m1",0.192805892143276,0.0394955837971548,-0.389756753610248,-0.145884318356779,-1.13001109353812
750,8756,"s009","m1",0.124523890804301,0.09418362971326,-0.479076629873154,-0.0392285610497253,-1.57667732560164
751,8766,"s009","m1",0.170021383065762,0.083792604112587,-0.326161306888561,-0.164889865368861,-1.49931273561968
752,8767,"s009","m1",0.263482195024059,0.0880373586920723,-0.400350782621805,-0.0950821204412694,-1.115223322756
753,8772,"s009","m1",0.148311568707714,0.0670061522920893,-0.337388594437045,-0.216632127347626,-0.856988070310593
754,8792,"s009","m1",0.162964195345114,0.0870339378986794,-0.488544251735486,-0.246738959028679,-1.27061728380389
755,8796,"s009","m1",0.240436273074335,0.14741041799868,-0.242817238787732,-0.0861481577846242,-1.66266645789922
756,8800,"s009","m1",0.122635284252944,0.0661628425944049,-0.628245307679127,-0.137658236892607,-1.27006872443323
757,8814,"s009","m1",0.127896815690726,-0.0320032306333516,-0.517599551875075,-0.201149814051294,-0.406049886187018
758,8817,"s009","m1",0.19407618778407,0.0404668585982753,-0.548715224899808,-0.248009002292041,-0.935896644920724
759,8826,"s009","m1",0.214031039183835,0.156373656489801,-0.308753037199299,-0.0431724518949483,-1.30627211229214
760,8838,"s009","m1",0.211441120514608,0.0674620449375705,-0.21956415598471,-0.138493484235124,-0.852500409890575
761,8847,"s009","m1",0.280800121624815,0.111062037655719,-0.216751274972799,-0.0723361318266603,-1.79672995685677
762,8848,"s009","m1",0.144948775840966,0.0244897197809336,-0.458119840326077,-0.389515224439743,-0.898641834320578
763,8888,"s009","m1",0.253406025368327,0.132230605625907,-0.191326014922601,-0.0491224756276105,-2.34778570856742
764,8891,"s009","m1",0.149802251821345,0.0289886863440153,-0.525173282451094,-0.172264145029263,-0.556430803385718
765,8893,"s009","m1",0.198059814325568,0.0880393456633654,-0.39134850405328,-0.184544250930456,-1.06702524624925
766,8918,"s009","m1",0.153903372240227,0.0548838607778291,-0.398674786252949,-0.16482300141154,-0.936378157868434
767,8920,"s009","m1",0.234948215057758,0.167697601415175,-0.219466514627981,0.0286032702337139,-2.60410882259773
768,8923,"s009","m1",0.213598991441266,0.0527459994126595,-0.3574081702948,-0.120272915381499,-1.39986095770537
769,8927,"s009","m1",0.26254583222437,0.150585469965166,-0.168383379317082,-0.113983193702387,-1.37069191773448
770,8936,"s009","m1",0.153466957573284,0.0215875945323917,-0.33336147515292,-0.061007445481799,-1.01930594613419
771,8981,"s009","m1",0.245700770531747,0.132118882116154,-0.181975437699214,-0.0702830073524415,-2.21438311824736
772,8985,"s009","m1",0.279801705846824,0.100378848080005,-0.325275853559515,-0.123554008893811,-1.34562519868981
773,8997,"s009","m1",0.253251525777565,0.0994142426256289,-0.345619286481153,0.0046335764903343,-1.17713012714886
774,9021,"s009","m1",0.242365321166173,0.0755792790787204,-0.305793385264217,-0.160410977965556,-1.72970234364667
775,9045,"s009","m1",0.21815160821528,0.128752786601309,-0.287785237605182,-0.0916503847707894,-2.26859419320088
776,9062,"s009","m1",0.185821817087782,0.0583185242587074,-0.454916645640221,-0.0824612140025812,-1.26469018780921
777,9067,"s009","m1",0.210609273566252,0.0787390814215511,-0.462568187652842,-0.285025462542974,-1.10943791241249
778,9071,"s009","m1",0.224276001545742,0.114170029555367,-0.285757443654344,-0.0802992452963363,-2.06396050111048
779,9088,"s009","m1",0.168717533506251,0.0496972165695996,-0.367365869336497,-0.130695181461258,-0.927345398155049
780,9131,"s009","m1",0.147456876656233,0.143072146129795,-0.34076502948751,-0.0493096350746508,-1.54551378667545
781,9164,"s009","m1",0.23931545207058,0.0625826869836885,-0.347406401625524,-0.0132724283223796,-0.999035734656345
782,9171,"s009","m1",0.222120273301506,0.140683233971886,-0.437886297049497,-0.190061060747389,-2.15089905863903
783,9175,"s009","m1",0.22975760052502,0.10814816057285,-0.3473764211386,-0.0810234045005528,-1.38812547275475
784,9177,"s009","m1",0.155480204095778,0.106965861051497,-0.515487599618284,-0.163578406126621,-1.85607899523029
785,9197,"s009","m1",0.175586274025052,0.109384557762205,-0.476433011300807,-0.199934791316442,-1.23458875560954
786,9198,"s009","m1",0.273070602516064,0.132093233628988,-0.277274198075252,-0.15448267992728,-2.13727461050854
787,9200,"s009","m1",0.229265394479449,0.137606674822292,-0.284520480810106,-0.144682286272674,-2.40591431873192
788,9201,"s009","m1",0.221553290704796,0.157745155375244,-0.297069089896324,-0.101545808202058,-1.35573842216461
789,9203,"s009","m1",0.280911655098645,0.120343030048146,-0.271820405087618,-0.0187218404143976,-1.9075177828342
790,9211,"s009","m1",0.217042301307916,0.162640647304387,-0.216320600499719,0.0198166982967516,-1.28807939434315
791,9214,"s009","m1",0.16805000358295,0.0612698068192158,-0.202266874338648,-0.198432033163226,-1.08225445404158
792,9239,"s009","m1",0.222981232497585,0.134828076292759,-0.289894877050901,-0.15941209045375,-1.47206392666443
793,9243,"s009","m1",0.17315826691116,0.0840979506321431,-0.338420484270145,-0.214366575805717,-1.69087093268457
794,9247,"s009","m1",0.296606327614832,0.154609462704601,-0.238716780250399,-0.0629460994427585,-1.96502442873536
795,9249,"s009","m1",0.2399271123088,0.141508319798435,-0.239470661166105,-0.0317836096947328,-2.78765136189827
796,9251,"s009","m1",0.193047312976108,0.0282509555528417,-0.504834329546189,-0.109708936458064,-0.536126612673001
797,9259,"s009","m1",0.313120067063934,0.166388083380184,-0.237544070499498,0.0172296290297147,-2.44692339118888
798,9266,"s009","m1",0.193156093342727,0.125630918751573,-0.303888640400845,-0.177149953785492,-1.58075855527179
799,9269,"s009","m1",0.243140697330369,0.227218193548472,-0.227054257416299,-0.10629995598143,-2.07966850260974
800,9270,"s009","m1",0.198989031054351,0.0327309727118365,-0.459336187275379,-0.199560408845824,-1.07642771781545
801,9292,"s009","m1",0.185434482065448,0.0420221218134993,-0.362809284208922,-0.298735295305808,-0.847578504682139
802,9294,"s009","m1",0.201068977053673,0.0289240155466438,-0.532821366756225,-0.126339919551797,-1.25181003197235
803,9296,"s009","m1",0.279185196913887,0.128884551189537,-0.174072706884898,0.0163926442883488,-1.27501489191285
804,9299,"s009","m1",0.171514175933143,0.0455895775744889,-0.323374306734464,-0.21207095282175,-1.10697467996159
805,9319,"s009","m1",0.110174208005861,0.0790801846128874,-0.365991301937711,-0.184272413700257,-0.510528615810052
806,9335,"s009","m1",0.243530806222981,0.0694205285725065,-0.413087004752193,0.0460291387692154,-1.54258875291284
807,9369,"s009","m1",0.116963846274889,-0.0969542945149773,-0.439610648548229,-0.297015854322901,0.26085586859132
808,9375,"s009","m1",0.226237295659795,0.165274209144701,-0.258300837549569,-0.0293723348039893,-2.23087478214797
809,9385,"s009","m1",0.278616793956641,0.181473065937032,-0.219573781909671,-0.000701791431133606,-1.84876908364192
810,9398,"s009","m1",0.236804905567142,0.151809847209666,-0.380798294522564,-0.0237731839784539,-1.27593276517107
811,9435,"s009","m1",0.235226798233897,0.162508095594814,-0.292527985105955,-0.06941945677946,-1.57217540861557
812,9464,"s009","m1",0.227705638963031,0.0951249856420243,-0.255472332179566,-0.128937589218639,-1.49667093200504
813,9471,"s009","m1",0.242910137634227,0.113680829007013,-0.162138060933403,-0.0224312543665808,-1.10961938795555
814,9484,"s009","m1",0.20155742326218,0.0862473361169389,-0.270157664450397,-0.26036229643026,-1.15961044020318
815,9515,"s009","m1",0.190661383204553,0.0923265865972165,-0.444802188531806,-0.22280855919402,-1.36093050228084
816,9520,"s009","m1",0.189252140531327,0.179480569549416,-0.288797240864205,-0.141424534411807,-1.80457873022113
817,9528,"s009","m1",0.186624772326435,0.0499143463429655,-0.278289972092031,-0.239441553004709,-1.13661305848241
818,9545,"s009","m1",0.224591091314707,0.0826293293429599,-0.204118201824236,-0.113012211756238,-1.38869564762052
819,9551,"s009","m1",0.138685267077617,0.15315603779797,-0.203547197379208,-0.245724536504155,-2.09543687754154
820,9567,"s009","m1",0.204472036472386,0.147145016550275,-0.371358270491654,-0.181540174617516,-1.41567640416801
821,9583,"s009","m1",0.210734163254181,0.102907180419575,-0.446606971050769,-0.0214518402675581,-2.49482824586325
822,9587,"s009","m1",0.174382313501125,0.135193377925453,-0.389066324993163,-0.0675883625958334,-1.52472067724487
823,9592,"s009","m1",0.265392876269022,0.170271146780372,-0.224411214798221,-0.022669593016853,-2.02132465524426
824,9595,"s009","m1",0.207015064671016,0.10681746514241,-0.348441312788162,-0.0414819334566193,-1.00595210237933
825,9623,"s009","m1",0.253350906659408,0.133306478683903,-0.304752977181721,-0.0852594295318179,-1.94551641604262
826,9643,"s009","m1",0.22137130068916,0.11342230608304,-0.15884752569522,-0.0531636965111429,-1.43928490158513
827,9645,"s009","m1",0.19184953295478,0.0490769603291867,-0.328300401537214,-0.19331861979488,-0.115258251761103
828,9658,"s009","m1",0.135112097761528,0.0458411306109643,-0.460129459695936,-0.158489729017561,-1.50926292084488
829,9662,"s009","m1",0.227897471983137,0.0991711721458045,-0.235377682959399,-0.144715662951027,-1.59795624076656
830,9669,"s009","m1",0.150023931379104,0.0939751968508088,-0.517157058834747,-0.243895127065986,-1.05375313158102
831,9674,"s009","m1",0.220922565532619,0.158844550642386,-0.176353607430054,-0.0934811371285816,-1.46435098570433
832,9694,"s009","m1",0.178549739834238,0.104197275242247,-0.345520955222032,-0.207785163875312,-2.29981490817298
833,9708,"s009","m1",0.150620344039671,0.00944950873382067,-0.54155381670741,-0.448102756331332,-0.70119422720182
834,9717,"s009","m1",0.151310995782732,-0.025777118057961,-0.43897419488171,-0.293165248768045,-1.32142807031739
835,9735,"s009","m1",0.225117469714532,0.114345611307423,-0.368132110903715,-0.137585104884582,-0.746109082616027
836,9739,"s009","m1",0.189934486394575,0.100638647756555,-0.382046583201186,-0.0926851561506795,-1.06907871555423
837,9765,"s009","m1",0.189081877685544,0.10655745985025,-0.385965420145582,-0.0801808076273195,-1.53356347948626
838,9775,"s009","m1",0.221878480678253,0.103273107951629,-0.385556615156985,-0.155673683377883,-1.46129595999706
839,9791,"s009","m1",0.188599249281607,0.0987431800886898,-0.413179597206293,-0.0837505047531089,-1.37020296885984
840,9803,"s009","m1",0.216726741747129,0.0659929592668009,-0.287028640725864,-0.094558701092632,-1.0272571597762
841,9806,"s009","m1",0.225906802198616,0.0722091057735065,-0.237532547505016,-0.121839588694094,-1.48070075073028
842,9813,"s009","m1",0.210793675453279,0.194301471469422,-0.364332164012888,-0.169197813351736,-2.2388432569082
843,9821,"s009","m1",0.196148552523714,0.0115882816731549,-0.361238215518124,-0.205787803310405,-0.769058647301327
844,9827,"s009","m1",0.184724679831083,0.135851701629979,-0.32222566986373,-0.0640624143920041,-1.41192612344841
845,9830,"s009","m1",0.222108366993983,0.0937991500636357,-0.19181481528111,-0.0515487262043414,-1.39167030133847
846,9832,"s009","m1",0.17804906404102,0.132193869102902,-0.357929150240976,0.0101602513065467,-2.36428360197505
847,9833,"s009","m1",0.15959474929222,0.0745591349223049,-0.354018976261789,-0.221297814268492,-1.01767385940171
848,9844,"s009","m1",0.185682078152924,0.0918433111575373,-0.388762182725815,-0.202982745663363,-1.15030685879422
849,9845,"s009","m1",0.190900669116667,0.0931947186397009,-0.275485193831666,-0.158405612963815,-0.830261027958599
850,9852,"s009","m1",0.265142806513189,0.180999681131325,-0.178828174699762,-0.0364960598284202,-2.43474693529878
851,9864,"s009","m1",0.202550032152035,0.0272339741523226,-0.253547344280662,-0.169282751048146,-0.17985692500848
852,9866,"s009","m1",0.24906239090208,0.156716500543759,-0.139925234769419,-0.16060939338769,-2.20911821591863
853,9868,"s009","m1",0.232223341868553,0.0974675263526812,-0.302984183174104,-0.0853274512175196,-2.55815829336458
854,9870,"s009","m1",0.139069651387559,0.06007624959617,-0.280849521714997,-0.175237945669713,-0.675137911220028
855,9875,"s009","m1",0.154403077915949,0.0219140951534435,-0.369368528728575,-0.197920482766979,-0.581813415717567
856,9879,"s009","m1",0.217107729272258,0.137631004350237,-0.269059798684312,-0.0869639632724997,-1.01059512056997
857,9898,"s009","m1",0.18526458872422,0.0360691177970423,-0.43345377004718,-0.278312485431227,-1.21021804495906
858,9907,"s009","m1",0.188544169940333,0.0851140014053085,-0.309370594033164,-0.145654166772789,-1.30518184913062
859,9909,"s009","m1",0.277974918525045,0.200329746081871,-0.067448285485662,0.158003320076508,-1.36422816366486
860,9957,"s009","m1",0.307803619156856,0.15929796281895,-0.161943736627494,-0.0712589083387695,-2.00689441732116
861,9964,"s009","m1",0.223541147491344,0.0751767084549729,-0.407211377846315,-0.100740929194914,-1.03716926127649
862,9981,"s009","m1",0.161332070515742,0.103780150801331,-0.386229942613922,-0.117853484434661,-0.50200604371916
863,10004,"s009","m1",0.11990327531806,0.0617765642297021,-0.377431630467328,-0.163010280797574,-0.787037085607239
864,10021,"s009","m1",0.21258076079616,0.0561429360138485,-0.267437654001882,-0.0638791135082576,-1.0540053041168
865,10027,"s009","m1",0.229549769537989,0.132240286561516,-0.332802488486158,-0.227771457047443,-2.0528122124075
866,10031,"s009","m1",0.228042890946763,0.0994178194220639,-0.275773425365049,-0.0146259307074465,-1.19355672257983
867,10034,"s009","m1",0.155550420780751,0.0591284012011239,-0.439530028225683,-0.127042887528409,-1.42933095516263
868,10062,"s009","m1",0.218789341780464,0.141096570328154,-0.143494075636931,0.0521959191952718,-1.64225153015266
869,10084,"s009","m1",0.118402281911411,0.0276126021858739,-0.342549129339447,-0.199362952150933,-0.268465381505018
870,10089,"s009","m1",0.316041258780471,0.0967138221960371,-0.37354448953635,0.0683829574857914,-1.11581442994893
871,10101,"s009","m1",0.289402134670821,0.189016845207375,-0.0927355973071265,0.0805127299140607,-2.37769663524158
872,10115,"s009","m1",0.125998584758956,-0.078218958663991,-0.483609272511941,-0.188864161522178,0.00618660429303233
873,10126,"s009","m1",0.188258763808244,0.0804794838496867,-0.344290431897337,-0.0547733565554269,-0.808119301384285
874,10140,"s009","m1",0.149809698242449,0.0474248239033267,-0.481551530700277,-0.0930150602453879,-0.970756463297591
875,10143,"s009","m1",0.21258222518275,0.0970875679635248,-0.348749932326645,-0.179417878200097,-2.30135632372689
876,10149,"s009","m1",0.139464671364407,0.0342500929998354,-0.388556230411923,-0.142196825695995,-0.372600098698366
877,10159,"s009","m1",0.215356752698366,0.119874878559079,-0.362015103893095,-0.162600672613393,-1.88537582584905
878,10164,"s009","m1",0.142299130462674,0.0583281979359454,-0.40341313751176,-0.0787059501923515,-1.24115346051269
879,10181,"s009","m1",0.214907451516131,0.11791083110159,-0.428413894425872,-0.182922744002205,-1.86018794724992
880,10182,"s009","m1",0.200854283083148,0.130736560253547,-0.276371389671811,-0.0313536171478534,-0.73353616491105
881,10185,"s009","m1",0.185748891131555,0.0754067833810342,-0.377343043571397,0.0153009278867565,-1.34729796608101
882,10195,"s009","m1",0.256955181652837,0.10728543886369,-0.287678383690211,0.000476940414520605,-1.49420768648353
883,10211,"s009","m1",0.171917782632504,0.0381642980339217,-0.258545375239548,-0.120197089722009,-1.04775830931618
884,10214,"s009","m1",0.267336851466462,0.0887030682688544,-0.222335079220676,-0.258990536102792,-1.77505047172711
885,10215,"s009","m1",0.184565298887549,0.0756320981011534,-0.429567799785356,-0.255134342936099,-0.834336817901205
886,10221,"s009","m1",0.222850956724738,0.154824991646958,-0.231398220476671,-0.12492524676298,-1.50442778988505
887,10225,"s009","m1",0.213188860201472,0.0915138372127959,-0.36996704507331,-0.184728859307569,-1.38408785977085
888,10226,"s009","m1",0.262685513468081,0.131074297348698,-0.229029483892806,-0.11046542655841,-2.4592453900077
889,10237,"s009","m1",0.142796045468387,0.00444075360371242,-0.520820842934987,-0.397550962914876,-0.377679191649736
890,10269,"s009","m1",0.188554974562198,0.0461175857289211,-0.469645280956223,-0.219891406291772,-0.860191132577232
891,10270,"s009","m1",0.181641047405014,0.0237409288462127,-0.464988508765808,-0.118755513967989,-1.1286200970667
892,10280,"s009","m1",0.162212679135547,0.0633029636337979,-0.279843856550192,-0.0391071487561303,-0.93064004626208
893,10299,"s009","m1",0.220023592477258,0.134761308197977,-0.182148191069009,-0.159362721833681,-1.35845061375634
894,10301,"s009","m1",0.315435136275344,0.114024890198803,-0.273636471086861,-0.0323015971703751,-1.47828084847564
895,10312,"s009","m1",0.127375617165109,0.13463782509924,-0.226368203835968,-0.000470579370805167,-1.17817080225231
896,10320,"s009","m1",0.142214502431625,-0.00480857097910112,-0.617793099776311,-0.250421957638131,-0.687201285152573
897,10344,"s009","m1",0.275036534602709,0.198069993771384,-0.248954080414312,-0.0649655910801902,-2.7690617862522
898,10350,"s009","m1",0.250244261939153,0.159485091924889,-0.188695766802476,-0.136916935690195,-2.22553129705636
899,10351,"s009","m1",0.206090196393511,0.103038531046009,-0.108536296624266,-0.194390885955993,-1.64670423636945
900,10395,"s009","m1",0.257885029552119,0.12426871278296,-0.326907398337329,-0.0355707346923553,-1.81386392097873
901,10399,"s009","m1",0.177463499597837,0.00752524833204225,-0.52150368594385,-0.218163791714287,-0.742884132280093
902,10405,"s009","m1",0.137796569528858,0.00825034307946879,-0.629740794982606,-0.271606319775584,-1.42142243965111
903,10415,"s009","m1",0.246581742893665,0.118263465103047,-0.297270728569834,-0.158537510046329,-1.31828370434011
904,10427,"s009","m1",0.201153114950756,0.117880627061482,-0.357822879512433,-0.0930920520549389,-2.09425522020326
905,10431,"s009","m1",0.261535979377963,0.142864821382659,-0.212771882629406,-0.0311641439772999,-1.61801601343025
906,10449,"s009","m1",0.270566784960053,0.168097684932278,-0.360580812289022,-0.0239049504657073,-2.11674321536429
907,10459,"s009","m1",0.100103550354099,-0.0376795049190847,-0.482782148280198,-0.204245785631077,-0.567668415181337
908,10460,"s009","m1",0.192879212420032,0.0409615452268543,-0.39968708987544,-0.153464538162498,-1.34643143174181
909,10461,"s009","m1",0.167282220768187,0.113288694512165,-0.327107153083341,-0.176299507068478,-1.23615365619848
910,10479,"s009","m1",0.228421422457346,0.131562675096016,-0.0651576402220637,-0.16063724292936,-1.75111619766652
911,10492,"s009","m1",0.157401463169649,0.0663168245123417,-0.329950874705029,-0.150938420378991,-0.684252387569686
912,10504,"s009","m1",0.20043704179447,0.172310291972605,-0.290668467943657,0.00622996800276809,-2.29249634118636
913,10506,"s009","m1",0.220281205332435,0.213751298967668,-0.350823179515402,-0.0504324363510928,-1.75753268098406
914,10508,"s009","m1",0.149664733525284,-1.75738394224117e-05,-0.437726984762169,-0.160629907091857,-0.459655150451766
915,10509,"s009","m1",0.206236469063571,0.0879963301906437,-0.22428616746396,-0.217457464165752,-1.39091026740529
916,10513,"s009","m1",0.227637771091678,0.09475695060242,-0.237885784477879,-0.0149141979305313,-1.44814794526408
917,10521,"s009","m1",0.199695245080303,0.149430107373846,-0.321585968123025,-0.0807041752241581,-2.26066706257497
918,10575,"s009","m1",0.224320007406604,0.0317376951143335,-0.413408483763515,-0.116334667949349,-1.04456847442257
919,10585,"s009","m1",0.195309946216194,0.0720025602964515,-0.264607531442824,-0.104825633987136,-1.24820140984112
920,10626,"s009","m1",0.230716484154622,0.0429057583711266,-0.238243317649129,-0.125239655276813,-0.670850040813351
921,10644,"s009","m1",0.247079157153602,0.0603852977793779,-0.251854435235735,-0.109588359865192,-1.26528093211632
922,10645,"s009","m1",0.256568410424523,0.0797437101998623,-0.403551233729859,-0.019914780719849,-1.27185843275925
923,10661,"s009","m1",0.209141072138779,0.134144613147763,-0.249083174732889,-0.173374504842922,-1.29828166190728
924,10663,"s009","m1",0.210767025984152,0.176185692501381,-0.194165529163218,-0.0618044946104865,-1.49111925764183
925,10676,"s009","m1",0.184301913607192,0.12596860616895,-0.199650779392007,-0.0927497355318457,-0.954774784857777
926,10680,"s009","m1",0.192269500318593,0.0453863687771614,-0.240389966858134,-0.168997852423675,-1.03616669229941
927,10712,"s009","m1",0.267056273700492,0.15027602874604,-0.249863079490846,-0.0358386927033038,-1.89447598662912
928,10737,"s009","m1",0.264525975429027,0.0860723684787908,-0.312687636106316,-0.0806965199722411,-1.39616113450338
929,10739,"s009","m1",0.225870683503084,0.096100773693305,-0.227825611729771,-0.0715294826828462,-1.01309413989911
930,10741,"s009","m1",0.309416567203114,0.156269637234342,-0.241032263924226,0.129059190881272,-2.01325433050097
931,10776,"s009","m1",0.180437142182798,0.119993730211057,-0.408942845015633,-0.0394822674131102,-1.32681250501921
932,10784,"s009","m1",0.260184642122071,0.133175809167068,-0.28886390305297,-0.0149050105095781,-2.4133250849305
933,10790,"s009","m1",0.227865310775697,0.147259676035057,-0.271573517912291,-0.152944801245155,-1.46229899653156
934,10801,"s009","m1",0.127720849151355,0.0052653222377605,-0.422202858935343,-0.209918359973303,-0.601771697122458
935,10807,"s009","m1",0.235847771820282,0.100212804240875,-0.627928924764981,-0.165048411788454,-1.58545418797035
936,10813,"s009","m1",0.253185174644869,0.148150384609266,-0.109186043865521,0.00921062816234548,-1.50282880931824
937,10824,"s009","m1",0.244120646842844,0.118958744385856,-0.157765849170424,-0.105317782980107,-0.92598741943805
938,10837,"s009","m1",0.208855529205125,0.0871308385338923,-0.469966158802727,-0.00905123039271643,-1.25282092090385
939,10838,"s009","m1",0.196888161183888,0.0537637320314592,-0.37203807421243,-0.185905107705274,-1.33454793870388
940,10846,"s009","m1",0.109585547688149,0.0535477129190533,-0.490623531594338,-0.186187541961322,-0.524947726723117
941,10848,"s009","m1",0.258279778823747,0.120222981208359,-0.281967908602325,-0.035254926665233,-1.86642941087493
942,10869,"s009","m1",0.250825138795715,0.12464028312027,-0.234945386545926,0.025594304170108,-1.81398447832674
943,10885,"s009","m1",0.121362952764112,0.0510305377009406,-0.514885321054605,-0.0920657334967795,-0.866336766784102
944,10892,"s009","m1",0.322173375316115,0.143809719667682,-0.148631736273158,-0.0624171269263315,-3.2034256656668
945,10911,"s009","m1",0.165100819320361,0.0726957988223169,-0.290201886705657,-0.138586232064486,-1.3726627464165
946,10940,"s009","m1",0.14144619545431,0.0819686241498406,-0.404874104378008,-0.0687771345805263,-0.6267372407205
947,10961,"s009","m1",0.271837203793132,0.156526435159511,-0.224879571797964,0.084765527473495,-1.85627580250531
948,10975,"s009","m1",0.223690844132212,0.132472727980591,-0.146160649314885,-0.084965122907705,-1.21846423786276
949,11001,"s009","m1",0.217163857302178,0.140957742056144,-0.274537079417481,-0.016160709187831,-1.71533365698201
950,11026,"s009","m1",0.257341903410854,0.11779342416091,-0.217051540360856,0.0413992966416377,-1.8647027078072
951,11035,"s009","m1",0.186257624138759,0.141498465595569,-0.328291408278902,-0.135195971305344,-2.34406297278444
952,11049,"s009","m1",0.19796040747251,0.102356635863682,-0.37238983434215,-0.00270195759379199,-1.31462710438265
953,11050,"s009","m1",0.218648784854841,0.107740102890073,-0.226507727204704,-0.178966462186405,-1.50643816319233
954,11057,"s009","m1",0.179068965061383,0.114896843886988,-0.451071081586999,-0.240255693593322,-1.26053998430859
955,11066,"s009","m1",0.216329747099624,0.119651495410069,-0.345111922566848,-0.0617829761062986,-1.34176158179196
956,11078,"s009","m1",0.1649617628346,0.0855241226906731,-0.363551893408727,-0.136392461211005,-0.879959932848549
957,11090,"s009","m1",0.2399213501324,0.0606603537072111,-0.317499446662246,-0.066084281018073,-0.787562616253494
958,11100,"s009","m1",0.125308584494381,0.0266197196960665,-0.547381175972,-0.117472594366126,-0.856041522630958
959,11103,"s009","m1",0.167149967747519,0.0962691155549687,-0.471977588091461,-0.181758967849233,-1.315347222268
960,11108,"s009","m1",0.130399367127942,0.101307717739791,-0.347185963867092,-0.200805406577548,-1.55975707154621
961,11114,"s009","m1",0.28023846065107,0.150830341093329,-0.328213213327041,0.0945094945500901,-1.80438149043225
962,11117,"s009","m1",0.238602074095605,0.114659701862094,-0.218207950156045,-0.0610090542683905,-1.02255139894595
963,11121,"s009","m1",0.146231627303046,0.0529830421381747,-0.428226812377932,-0.263971661252907,-1.75258935212798
964,11122,"s009","m1",0.194697533801661,0.0960948600783912,-0.31257935268151,-0.0752769864389448,-0.925358938618983
965,11125,"s009","m1",0.114524403610684,-0.0484433243666583,-0.525347152356442,-0.217332491434672,0.00441592447926224
966,11131,"s009","m1",0.21256291404458,0.154234065167712,-0.278515101995228,-0.0193543000270561,-2.0978381863179
967,11137,"s009","m1",0.129502535481359,0.0468262587163228,-0.394896297136907,-0.0810296320381723,-0.465548815873531
968,11144,"s009","m1",0.181444798106288,0.0689449946011819,-0.268712513235522,-0.141692431974078,-1.85365549821871
969,11145,"s009","m1",0.21751635249516,0.151028138054929,-0.10194087295936,0.0148046581118475,-1.10928785851994
970,11228,"s009","m1",0.147818257513472,0.075274413735787,-0.511089503554664,-0.203320898255634,-1.06468112824011
971,11239,"s009","m1",0.16618925010383,0.0523367602390645,-0.210420172426682,-0.11268761105536,-1.33359612907394
972,11246,"s009","m1",0.221243326589671,0.170738653669721,-0.321411502150377,-0.122294568671716,-1.58503333887283
973,11247,"s009","m1",0.16954222143403,0.0980065757758616,-0.237801166228914,-0.130018660723616,-1.20060689125705
974,11253,"s009","m1",0.263087555616299,0.136794779525572,-0.149038991585467,-0.0354139079866955,-2.26784297381296
975,11285,"s009","m1",0.167041100528913,0.112410449815752,-0.479073716119349,-0.138875967464242,-1.14740990055164
976,11291,"s009","m1",0.252498393912297,0.117920792026211,-0.162703318154859,-0.000945741631375959,-0.963379729777931
977,11302,"s009","m1",0.279263173011478,0.138990002240346,-0.117106079686082,0.00451465000745992,-2.27745778831108
978,11311,"s009","m1",0.261115190689448,0.0861424546048447,-0.297102782154013,-0.0315013383111202,-0.804543703853683
979,11314,"s009","m1",0.218241792747874,0.0227326204293132,-0.563938254376566,-0.0679345489476385,-2.48591914531977
980,11319,"s009","m1",0.219257255100706,0.0890975683766351,-0.408600979593783,-0.155874381306434,-1.86022171423123
981,11329,"s009","m1",0.239751610828012,0.101008797713916,-0.138651358875767,-0.0182036116208843,-1.33899203015373
982,11349,"s009","m1",0.166066107404488,0.0453106722285158,-0.343791653217702,-0.040184763450581,-0.862718396297326
983,11360,"s009","m1",0.209190368680403,0.101958823103136,-0.348912150214575,-0.0385981944980706,-1.13488808941888
984,11368,"s009","m1",0.268827577684101,0.138617228174168,-0.255814363745951,0.016894617169016,-2.77058017886926
985,11378,"s009","m1",0.177393679548252,0.0882292960778773,-0.257251878096887,-0.114118851536457,-1.30072446143383
986,11403,"s009","m1",0.0871669864446612,-0.0363154458665617,-0.580226230188157,-0.205723711183036,-0.309401665283806
987,11411,"s009","m1",0.297491765029692,0.177724836576929,-0.11291569869588,0.0155322831162012,-1.58103203081792
988,11427,"s009","m1",0.186422970268916,0.0789429245014349,-0.297911104533815,-0.0629456797804351,-0.957842890633404
989,11428,"s009","m1",0.317840346960545,0.19285633285615,-0.178824744590217,0.0830900825632594,-1.62035026038902
990,11445,"s009","m1",0.20210364022265,0.100768010818564,-0.350476174751333,-0.0428834936456576,-1.05834714388487
991,11453,"s009","m1",0.236876648843431,0.100477340928657,-0.408238734359208,-0.25890910351459,-2.09492324858425
992,11495,"s009","m1",0.284606471253147,0.147514300020935,-0.11873636958744,-0.0439570718964651,-1.88239306455349
993,11499,"s009","m1",0.185042217878771,0.162040127357252,-0.614937654201452,0.0115768827256973,-1.37192915492509
994,11508,"s009","m1",0.252893819667955,0.142007548206393,-0.246543984920374,-0.0550368710673128,-1.68196509179752
995,11511,"s009","m1",0.177174666313566,0.0747460436316146,-0.400118044812888,-0.0841801401245041,-0.642376487308379
996,11517,"s009","m1",0.207370718316564,0.0617245146383322,-0.38030281369204,-0.117943546987057,-1.20235020412149
997,11529,"s009","m1",0.17613187906736,0.0813003830671609,-0.446384671770537,-0.0621009824138718,-1.28690760696499
998,11585,"s009","m1",0.177577240713664,0.0348652293254236,-0.255106047581863,-0.0832244609743992,-1.21287915081315
999,11620,"s009","m1",0.169071014534135,0.0138632696693723,-0.555619564539418,0.0186231349245329,-0.38069142432874
1000,11623,"s009","m1",0.154007112722523,0.112950731811724,-0.463269023985106,-0.085469295718809,-0.720907688037022
1001,11638,"s009","m1",0.121904791095016,0.0562979535164357,-0.432928291568092,-0.356848866136869,-0.599536224962001
1002,11652,"s009","m1",0.188016003467662,0.10602691526824,-0.33398939276126,-0.0516079318742757,-1.89630188388337
1003,11670,"s009","m1",0.242868895708149,0.145925607972314,-0.167279860170356,0.0898598155411795,-1.81759138070884
1004,11684,"s009","m1",0.255319339373128,0.145551232925475,-0.199987678306935,0.01379694281927,-1.10705079202265
1005,11710,"s009","m1",0.218574408419358,0.148068152232815,-0.268566132015172,-0.105867650866877,-1.69691159272657
1006,11771,"s009","m1",0.250071053344523,0.114165106172536,-0.307388803719547,-0.224375247749764,-2.2694387297091
1007,11773,"s009","m1",0.300991345187159,0.185188615194059,-0.233124447382162,0.110665769545542,-1.71537708519088
1008,11777,"s009","m1",0.19341849532541,0.0714311788942864,-0.324913508002998,-0.0893387292516812,-0.839219615890261
1009,11778,"s009","m1",0.23946597556253,0.169309794999346,-0.227433166890276,0.00218623536165251,-1.68574024607317
1010,11779,"s009","m1",0.297130076137133,0.10618043751751,-0.211029440877183,-0.071939964925699,-2.65184824848841
1011,11792,"s009","m1",0.179857345554509,0.0666232941910441,-0.293352132337632,-0.094013627889879,-0.758501359806999
1012,11817,"s009","m1",0.214509915499109,0.0601072970834998,-0.376204272950546,-0.186575192360439,-1.5368680899495
1013,11829,"s009","m1",0.229832106052192,0.096786037986834,-0.218903336349804,-0.113941344632503,-1.4307339694016
1014,11835,"s009","m1",0.0968480586544906,0.106264600750784,-0.414143853421298,-0.0717576102802367,-0.775371557497947
1015,11858,"s009","m1",0.199207513978321,0.125311734068674,-0.281862391357693,-0.197559939029421,-1.70276482688375
1016,11861,"s009","m1",0.194426114031838,0.0515233676860078,-0.421887284995588,-0.141839662085366,-0.554337478347513
1017,11884,"s009","m1",0.193820938937688,0.0632417033287404,-0.383331752216457,-0.0930239611198489,-0.91923804753736
1018,11886,"s009","m1",0.121796558458413,0.0431541771691676,-0.541909703652484,-0.205686194676776,-0.602579494786366
1019,11903,"s009","m1",0.188352126789564,0.0584735529555484,-0.189241850176948,-0.288459872278585,-0.874838439289931
1020,11920,"s009","m1",0.235579323610246,0.107785907001135,-0.269408534572721,-0.151982858235945,-1.46484048740545
1021,11923,"s009","m1",0.230156338218632,0.192539250599008,-0.331111049388551,-0.114684376991436,-1.86305092091667
1022,11936,"s009","m1",0.185255234655388,0.137628004128646,-0.232107940034333,-0.0777899793470764,-0.601754254448238
1023,11939,"s009","m1",0.200035675784238,0.0267603340172282,-0.116371357340172,-0.0487031832976713,-0.780508502328292
1024,11947,"s009","m1",0.261259997033613,0.10954080408615,-0.317246476014505,-0.0764728232816532,-1.21094908383846
1025,11954,"s009","m1",0.308434168852112,0.12188062266737,-0.177308031361304,-0.0919299647258744,-2.37514627294885
1026,11988,"s009","m1",0.261863841586326,0.129379029373857,-0.15593774411904,-0.0516906474032713,-1.29665555454721
1027,12017,"s009","m1",0.228372066823227,0.1382833804218,-0.433708598716143,-0.119505738298384,-1.72015735358377
1028,12019,"s009","m1",0.217176465230788,0.105367653392225,-0.283086605827044,-0.0798983572585912,-1.4492337166626
1029,12040,"s009","m1",0.217049587088209,0.0556660162010814,-0.394342350019746,-0.100738990789656,-1.04446721214275
1030,12049,"s009","m1",0.256331040283528,0.159615480100893,-0.342786545973566,0.0828467050908775,-1.64376614262036
1031,12060,"s009","m1",0.202296812818184,0.120361989460228,-0.224812301525239,-0.0289035800529338,-1.11245441949295
1032,12067,"s009","m1",0.156298551312235,0.117338639922833,-0.435583663871117,-0.0135882248675163,-0.962973057361334
1033,12069,"s009","m1",0.155482871644539,0.0429948572548632,-0.455636185339882,-0.155956361488508,-1.08824764029551
1034,12090,"s009","m1",0.182562692605888,0.0474641662565917,-0.362577182018601,-0.0784771105934299,-0.339554718302293
1035,12097,"s009","m1",0.194084686870345,0.174794753980296,-0.202089742149829,-0.190072730544118,-1.33349532334868
1036,12117,"s009","m1",0.202744227830176,0.0754615983097255,-0.28193144720649,-0.0726903438305417,-0.849788427100314
1037,12124,"s009","m1",0.177690833241341,0.173856778288637,-0.395337779109689,0.0691048862264005,-2.07070038061274
1038,12129,"s009","m1",0.18730074935023,0.0391782690675394,-0.173263511097218,-0.292600659935533,-1.2397583581041
1039,12132,"s009","m1",0.227506182672039,0.172292253501299,-0.100951465035488,0.0766415939904288,-1.50288228626394
1040,12150,"s009","m1",0.262751477768583,0.150778933759493,-0.292898479837907,-0.0831925809413533,-1.48178769992541
1041,12154,"s009","m1",0.229614376150874,0.0656391745898911,-0.262011974215047,-0.108744902603527,-1.39193110523379
1042,12176,"s009","m1",0.167328856464496,-0.0173999653327329,-0.365402003769529,-0.355970805364648,-0.360441896407596
1043,12199,"s009","m1",0.161730905383046,0.0840695029038571,-0.51865450758737,-0.170869888342335,-1.3622566053047
1044,12207,"s009","m1",0.171053520802592,0.12126427975268,-0.259504909372785,-0.139789092281855,-0.82592094922415
1045,12208,"s009","m1",0.301501189083486,0.147025599620454,-0.131667228507416,-0.0753525796955415,-2.89001125440286
1046,12225,"s009","m1",0.256620443407886,0.201001473743717,-0.280306590372299,0.0565491491796479,-1.68907513885954
1047,12245,"s009","m1",0.106008236827544,0.0409274557518583,-0.529705564882054,-0.139476117169651,-0.647657721869873
1048,12248,"s009","m1",0.217740160241737,0.0703712043200105,-0.21492429410029,-0.0902772828718774,-0.63463236823598
1049,12249,"s009","m1",0.269516017169123,0.129516614065601,-0.365091528684826,-0.0530816715806088,-2.39692762992411
1050,12268,"s009","m1",0.235892886983941,0.0909679089669907,-0.312018962319529,-0.232396976197147,-1.52724571227234
1051,12270,"s009","m1",0.259916890182758,0.0825077785791054,-0.219460903884759,-0.0609114862247412,-1.27423660205457
1052,12285,"s009","m1",0.145700919139225,-0.0917954939109707,-0.391996270142708,-0.179747981694195,0.122750029106096
1053,12287,"s009","m1",0.188085240654465,0.113410095039351,-0.384618842493631,0.0440071639670173,-0.88721247974021
1054,12297,"s009","m1",0.254145035382198,0.116518750192024,-0.264661090809029,-0.165556034067452,-2.4322017057402
1055,12308,"s009","m1",0.17043238338812,0.0228664576340477,-0.389773703900786,-0.102752493438409,-0.33965219098129
1056,12375,"s009","m1",0.16682604770933,0.0430652788590039,-0.499862586150938,-0.142645045926271,-0.875748339605749
1057,12399,"s009","m1",0.16789702326461,0.0715281016834627,-0.266092004646299,-0.209740580769582,-0.76374134311109
1058,12489,"s009","m1",0.219315316763772,0.112202213198613,-0.267240039366265,-0.167445458746994,-1.23409259005913
1059,12491,"s009","m1",0.224720844783128,0.147253327556111,-0.19802857812754,-0.128466224954139,-2.11863871425589
1060,12507,"s009","m1",0.203186596779116,0.13361425676354,-0.394654183887839,0.0278949191684976,-2.31696230749188
1061,12515,"s009","m1",0.307143642621097,0.161446653333331,0.0466703776817353,0.0295645346536382,-2.0911067619967
1062,12519,"s009","m1",0.149678076303467,0.0675935982374932,-0.28792953056783,-0.0844678222099502,-1.01969818546829
1063,12539,"s009","m1",0.214810293339242,0.176334605554458,-0.231701881441401,0.0322578211496354,-2.53175833004613
1064,12563,"s009","m1",0.207322340952707,0.0476231556309583,-0.277356944556988,-0.187156581393425,-1.40499649503357
1065,12576,"s009","m1",0.201841562522368,0.110000948850485,-0.219299574639001,-0.106912570296573,-1.35716413863174
1066,12579,"s009","m1",0.185050560518356,0.0943882445862611,-0.273405280175776,-0.0244628453550702,-0.875414140885731
1067,12580,"s009","m1",0.159443719987703,0.0151684731625193,-0.467818602771204,-0.261213082373482,-0.8409309996888
1068,12581,"s009","m1",0.233878952524613,0.138341794938399,-0.332412751545246,-0.0922422155536297,-2.65236920766861
1069,12587,"s009","m1",0.160280086082598,0.102978026888223,-0.238272030034623,-0.159417387719078,-1.06568344552911
1070,12598,"s009","m1",0.229056169701993,0.165623842546794,-0.285386152878411,0.0309038699198373,-1.85671557477111
1071,12623,"s009","m1",0.100391448954673,0.0150593885005516,-0.672412104051866,-0.231320814771226,-0.590323567610306
1072,12639,"s009","m1",0.188955259514796,0.0486698255889245,-0.339490307741972,-0.183324394229432,-1.08423695239658
1073,12642,"s009","m1",0.270563460695526,0.0667662206927133,-0.299295338307939,-0.0473549853166984,-1.69544169884417
1074,12676,"s009","m1",0.189086685239709,0.128775533485638,-0.373091851020668,-0.0615732810664473,-0.951399328478164
1075,12681,"s009","m1",0.165355551742408,0.101267064441533,-0.480715813637885,-0.211749132266006,-1.70979516619562
1076,12690,"s009","m1",0.116975089455646,-9.33727521619347e-05,-0.317308934016129,-0.0874616810275783,-0.439934722779722
1077,12694,"s009","m1",0.234734400610495,0.102042224660572,-0.264654075583896,0.00043621100361391,-1.54183266792692
1078,12702,"s009","m1",0.224471253061116,0.0914706359469002,-0.25445429272235,-0.0143686983628272,-1.48910374153828
1079,12719,"s009","m1",0.289529236867913,0.145548186534712,-0.173573510397868,-0.0171104121457808,-2.37175191773679
1080,12750,"s009","m1",0.216044716762877,0.0979392662094257,-0.294779972367772,-0.273556843043311,-1.28018722729762
1081,12760,"s009","m1",0.229275646026527,0.127318466779357,-0.201743565349861,-0.0427669744995564,-1.44229763486893
1082,12770,"s009","m1",0.260952537634114,0.159429062045124,-0.249223466476589,-0.174364420275834,-2.3054567081109
1083,12822,"s009","m1",0.261599717032141,0.0872275520114849,-0.113208399862808,-0.0422899701683031,-0.969969952713249
1084,12824,"s009","m1",0.182695021890984,0.123767334356589,-0.287626894620749,-0.0893893947586651,-1.83460839706172
1085,12853,"s009","m1",0.18771418927973,0.0153532310539455,-0.470324918943021,-0.210118124130462,-1.24802756718059
1086,12856,"s009","m1",0.21675696555066,0.0780405229623133,-0.3216765772713,-0.0298425567572421,-1.11605992403106
1087,12866,"s009","m1",0.254771169144569,0.190649720595729,-0.451825794739463,-0.00946580541483353,-1.78730138039958
1088,12867,"s009","m1",0.174753874842764,0.104366840994598,-0.294022106645666,-0.0692120668162291,-1.9217820134198
1089,12871,"s009","m1",0.266687801900286,0.10070245308519,-0.284764295649085,-0.0360337197307523,-1.710870859876
1090,12878,"s009","m1",0.277059248682457,0.16011157909987,-0.187842982861642,0.0518956479153115,-2.39444335571622
1091,12884,"s009","m1",0.207964614233528,0.0615671819386956,-0.28192151525976,-0.0692350883691092,-0.694603305769297
1092,12889,"s009","m1",0.222683681258233,0.160765899098221,-0.167653046782064,-0.0678941357188348,-1.83534788959779
1093,12891,"s009","m1",0.227052716584513,0.0591604318806348,-0.465644171553963,-0.113292304625616,-1.55799130140115
1094,12892,"s009","m1",0.21184760153394,0.12722943895375,-0.208330256406596,-0.112521744678522,-1.75312583010164
1095,12899,"s009","m1",0.243600219551914,0.133818518456797,-0.371617584212445,-0.0600664198559361,-1.42411729909811
1096,12910,"s009","m1",0.183331201305987,0.138391185356583,-0.400649825965445,-0.339111187531182,-1.91272752762847
1097,12926,"s009","m1",0.137111868658615,0.0254211853400208,-0.432584356486063,-0.123042610823992,-0.587456767392766
1098,12945,"s009","m1",0.219026981866514,0.0915598813520468,-0.177592672569495,-0.188265699830952,-1.37945081648159
1099,12946,"s009","m1",0.213959451953188,0.0712495720592174,-0.348924033494309,-0.152457008072738,-1.31196919743858
1100,12948,"s009","m1",0.192327366084332,0.0775687410764912,-0.267278331665997,0.0592560646355565,-1.44226220637675
1101,12965,"s009","m1",0.181153212511049,0.0702350218880753,-0.552651665324729,-0.13101750270692,-1.45639526613007
1102,12977,"s009","m1",0.208619652516995,0.0249178039940324,-0.305097905387294,-0.069272314700075,-0.507597392769916
1103,12980,"s009","m1",0.197688571161894,0.075635585948271,-0.359159071341445,-0.027904999370143,-0.330947671486547
1104,12985,"s009","m1",0.187477953043149,0.0919148624072478,-0.368747891899562,-0.0733821376949012,-0.897472538265436
1105,13002,"s009","m1",0.278004504708017,0.17260094580225,-0.182926272450908,0.0115794433060736,-2.70324474476624
1106,13006,"s009","m1",0.310932087925914,0.157957558454486,0.00116823840314969,0.0740787506641657,-1.32746145687235
1107,13014,"s009","m1",0.1977446305101,0.11354871922708,-0.335034954109061,-0.102067740198312,-1.54480345049253
1108,13021,"s009","m1",0.216956594695001,0.0786034581313966,-0.266618180834322,-0.0789783701781354,-0.795011588341499
1109,13026,"s009","m1",0.238132299956361,0.189171638847136,-0.337000730550493,-0.0479588520992102,-2.55809782020389
1110,13042,"s009","m1",0.0830648944750403,0.0213211352999705,-0.450260506814451,-0.394240577672867,-0.397510622675756
1111,13053,"s009","m1",0.24168638157497,0.169600430700263,-0.24975510118659,0.00723506541548976,-1.24081133499575
1112,13061,"s009","m1",0.106257997973294,0.0821658976906614,-0.467904431614865,-0.192633285359805,-1.46222096363109
1113,13073,"s009","m1",0.220432116547765,0.125198545394731,-0.377332181689591,-0.216280016422587,-1.95980879777272
1114,13079,"s009","m1",0.227860820725357,0.0881685802646327,-0.45293372952803,-0.0416281009086718,-0.983761336532214
1115,13080,"s009","m1",0.246903054296953,0.0645561489019283,-0.334619143778466,-0.112381894785944,-1.56764775430394
1116,13117,"s009","m1",0.209301365541526,0.0724508138400258,-0.291932864462193,-0.0694290622584553,-0.87389817000596
1117,13124,"s009","m1",0.178423083683083,0.0815238716932394,-0.456947932975811,-0.178013098892635,-1.03410645777681
1118,13132,"s009","m1",0.169823331796795,0.036957925365726,-0.406911417662192,-0.0593300167393973,-0.729201751149207
1119,13164,"s009","m1",0.156848416584669,0.0136601974107059,-0.398153221548271,-0.258859180354804,-1.13910252749786
1120,13170,"s009","m1",0.154230342370884,0.104786282896361,-0.263676937695442,-0.0624259869849586,-0.763137260845936
1121,13179,"s009","m1",0.243324543831267,0.0646485459141388,-0.273305430366486,-0.21492566680343,-1.14329837141555
1122,13191,"s009","m1",0.174681846869362,0.11432442450178,-0.471654362107601,-0.130822725405022,-1.42809883019876
1123,13207,"s009","m1",0.224457564016599,0.0599866154289941,-0.275451031771562,-0.150661561932678,-0.852253291320705
1124,13210,"s009","m1",0.272700413775893,0.133446890573583,-0.168365226032006,0.0241591129370636,-1.77379925754345
1125,13211,"s009","m1",0.218090594610383,0.0830644233488465,-0.244667316607132,-0.148136267382306,-1.86689840107089
1126,13221,"s009","m1",0.169120176450517,-0.00918399406734159,-0.405351566363426,-0.337348416107425,-0.511573946115045
1127,13223,"s009","m1",0.195477610425689,0.0571717739363062,-0.348000320423488,-0.229570457827477,-0.823932279385281
1128,13238,"s009","m1",0.197390618607158,0.0574166539340426,-0.193587101531358,-0.168003905836409,-1.01263296992126
1129,13244,"s009","m1",0.209879282197035,0.0188256534676061,-0.4128648610785,-0.180472951817017,-0.772672619761248
1130,13260,"s009","m1",0.19499344841072,0.0259883898175888,-0.445046952711814,-0.376150368782228,-1.69593815529887
1131,13261,"s009","m1",0.210563149660667,0.116229269468515,-0.297513511519463,-0.0374775817942283,-0.982254890766018
1132,13271,"s009","m1",0.16562843899312,0.135799922550532,-0.153695327729891,-0.348189214886101,-0.920740669242682
1133,13272,"s009","m1",0.222801773999229,0.0685957771165936,-0.305024172702297,-0.181783999615185,-1.49939081805143
1134,13289,"s009","m1",0.197664352978945,0.125696453979262,-0.414130818704909,-0.144117887671397,-1.4373239853463
1135,13316,"s009","m1",0.185401666298024,0.0697002592049373,-0.41413151925416,-0.0703433752069356,-0.985105690127356
1136,13318,"s009","m1",0.214631338705882,0.0844810770805696,-0.245531545956619,-0.0703485575714924,-1.92812077684812
1137,13324,"s009","m1",0.210643838332549,0.114864128121765,-0.337743763429657,-0.182162126258409,-1.8929157495436
1138,13338,"s009","m1",0.157178132392441,0.0490751813125778,-0.335082670873459,-0.0460753706793005,-0.510606409907359
1139,13341,"s009","m1",0.219665804987135,0.149419519282075,-0.353870976405905,-0.158680283049631,-2.11657484760471
1140,13342,"s009","m1",0.278930878814734,0.12649977294478,-0.243648605305698,0.016770800206575,-2.05742643049651
1141,13348,"s009","m1",0.270515937922771,0.129119755330072,-0.216764317538914,0.0311423955653504,-1.35854867736891
1142,13364,"s009","m1",0.185825640157202,0.103080456289419,-0.378907425096319,0.0142606144593002,-1.00752164503494
1143,13374,"s009","m1",0.0960287756678267,0.0386771501569255,-0.44876863959128,-0.220767630524799,-0.127384057039457
1144,13381,"s009","m1",0.191101572455618,0.174970092967606,-0.434916816546983,-0.0055198288615187,-1.97212309340211
1145,13429,"s009","m1",0.23924782857471,0.142214712145669,-0.187650706156337,-0.0148325498665984,-3.43631002227364
1146,13446,"s009","m1",0.204298470201377,0.110567738538111,-0.367918007004425,-0.0734594156950216,-1.79436955416941
1147,13447,"s009","m1",0.200655987493301,0.1182002675084,-0.208192993201306,0.0183030564831493,-1.07923382121801
1148,13463,"s009","m1",0.312719176897755,0.145760214275918,-0.30919064991163,-0.0498995808024607,-3.0386800693099
1149,13467,"s009","m1",0.184582872050803,0.122249942013794,-0.168877228137231,0.00387622588669518,-1.82167625598087
1150,13470,"s009","m1",0.170366932649065,0.0749088283029699,-0.457835032130544,-0.209761669918727,-0.393678944171533
1151,13474,"s009","m1",0.254364157838725,0.0521271278101194,-0.344752660858145,-0.144515955792411,-1.46671812234784
1152,13485,"s009","m1",0.174487520685751,0.179943405635691,-0.308658091589744,-0.145565794558263,-2.01706291701073
1153,13496,"s009","m1",0.224410002014818,0.0997811431969656,-0.368462824861842,-0.143063913179651,-1.59377217896455
1154,13534,"s009","m1",0.170417431828296,0.0534155080355651,-0.408192246583371,-0.140039261057875,-1.35847246227882
1155,13540,"s009","m1",0.217134288670327,0.144826384586328,-0.180679615167357,-0.0403839361261582,-0.652189983758547
1156,13550,"s009","m1",0.062904637612543,0.0222092860240967,-0.367161622704508,-0.366367879684205,-0.276430724769802
1157,13576,"s009","m1",0.141769392507644,0.0903767385434112,-0.359319719417876,-0.181026022477903,-1.43382724200357
1158,13581,"s009","m1",0.250819354568674,0.139152398566308,-0.119658743073556,-0.288173192752999,-1.37541746866492
1159,13592,"s009","m1",0.246687680108496,0.113646825369623,-0.204455327365692,-0.0255614186280375,-1.61025398329934
1160,13603,"s009","m1",0.241282229441076,0.134451724150877,-0.266667622278786,-0.149804657396623,-1.88701390023796
1161,13609,"s009","m1",0.247063634710687,0.101418618256471,-0.222526064988593,-0.0751354287651387,-2.15812645078923
1162,13611,"s009","m1",0.272580953621819,0.128957121318297,-0.176831739607993,-0.158418463176073,-2.79376880640185
1163,13618,"s009","m1",0.21246220056493,0.0773242292121941,-0.209429429352829,-0.100151636967475,-1.19912968859786
1164,13623,"s009","m1",0.233097382507809,0.159243360708627,-0.259789785305424,-0.0265789651923302,-1.48075524813009
1165,13654,"s009","m1",0.202370399759882,0.120363835168608,-0.224059121806348,-0.0815917087887042,-1.69234965883997
1166,13674,"s009","m1",0.225667868871939,0.120037590082889,-0.320224340982115,-0.127582100426272,-1.41896814046462
1167,13681,"s009","m1",0.186600549553308,0.0897348451523462,-0.230676229366941,-0.146674508530059,-1.10854400825667
1168,13697,"s009","m1",0.222480061867172,0.101223120156472,-0.299242159435401,-0.0681429757185221,-2.84042592053689
1169,13702,"s009","m1",0.186760566995202,0.128661282437634,-0.142813873671941,-0.0939773917761401,-1.33335751911369
1170,13709,"s009","m1",0.273996921235945,0.154250117421415,-0.146445877777959,0.0343207762080477,-1.81340373530218
1171,13710,"s009","m1",0.294355670894359,0.0959069382211818,-0.345463450865494,-0.0550822244165601,-1.62044810341725
1172,13738,"s009","m1",0.194118205115247,0.0784313955482813,-0.260986892192663,-0.132392158856642,-0.869991718165583
1173,13755,"s009","m1",0.234914169681793,0.0617805360124303,-0.205897872393045,-0.201501147273819,-1.36761907856427
1174,13763,"s009","m1",0.218739421365776,0.0384673258324158,-0.349663020907945,-0.21405700957302,-1.05311544212372
1175,13768,"s009","m1",0.184295264567623,0.0470857431881451,-0.447318571966291,-0.133413004383627,-1.13209931243518
1176,13776,"s009","m1",0.227222268878296,0.0888088657894594,-0.339597402361575,-0.137477778079716,-1.73654771064238
1177,13798,"s009","m1",0.201559184590241,0.0790015610496487,-0.371463765581727,0.00183207684236615,-1.1716452539257
1178,13805,"s009","m1",0.161381839686749,0.0583558860791438,-0.347579419358334,-0.117100290553714,-0.778023743103327
1179,13818,"s009","m1",0.160633579926917,0.0630688696441655,-0.436821900490762,-0.217169791929241,-0.728721373632654
1180,13850,"s009","m1",0.18870258882323,0.0929272477800602,-0.375421198871826,-0.300330684033958,-1.97605323390446
1181,13875,"s009","m1",0.206441914609693,0.126525671313733,-0.149326636426538,-0.105348739386531,-1.1964075226616
1182,13877,"s009","m1",0.126806254247741,0.0677530424191051,-0.376983541982574,-0.10184215049415,-0.855477843608731
1183,13881,"s009","m1",0.168837112885767,0.118399026145623,-0.373457219473717,-0.272331938240694,-2.02973363993699
1184,13892,"s009","m1",0.0996166061468244,0.0395884078275191,-0.445129138474336,-0.365473468700461,-0.64339153649888
1185,13896,"s009","m1",0.187484783414485,0.11748390157259,-0.221778874592108,-0.16527550920766,-0.981181886669568
1186,13915,"s009","m1",0.200745481781039,0.12927914115971,-0.14577938792038,-0.10796475523969,-1.81002507588167
1187,13926,"s009","m1",0.194217794811283,0.0715387818273978,-0.305503406895962,-0.050399399232297,-1.67603146699697
1188,13934,"s009","m1",0.181805442702295,0.0191853110744502,-0.215664089182648,-0.14809411258872,-1.25727527872163
1189,13938,"s009","m1",0.269700683527351,0.146057214280287,-0.192193088253904,-0.0643144365355698,-2.02176340470987
1190,13945,"s009","m1",0.191867912174471,0.130630075006904,-0.31952178105374,-0.404976619162579,-1.33813864663264
1191,13968,"s009","m1",0.178282928277784,0.004436366565714,-0.441170092017435,-0.178094017507243,-1.91846101245436
1192,13977,"s009","m1",0.213627225770166,0.095246827606855,-0.356822461829541,-0.0975831681813786,-1.04220906413192
1193,14010,"s009","m1",0.150232445477543,0.0259826786001608,-0.349178657269926,-0.306565802506709,-0.473163119731533
1194,14013,"s009","m1",0.207094886386286,0.0915102077053708,-0.283915959705076,0.0654950721151141,-0.602452320048638
1195,14016,"s009","m1",0.234463589381116,0.125996831596749,-0.393461903125687,-0.0744847616229534,-0.836351028494503
1196,14043,"s009","m1",0.160287346417159,0.0256471684399257,-0.445403546725376,-0.105514628859609,-1.12825726467278
1197,14056,"s009","m1",0.153493823339409,0.00283346750533961,-0.380491220563668,-0.290535656316814,-0.431881747211458
1198,14061,"s009","m1",0.214206637494943,0.178248565547592,-0.138007411950392,0.0388096965758047,-1.61026778919422
1199,14067,"s009","m1",0.129748517401816,0.108505527172475,-0.591587172465215,-0.254675624833963,-1.13747674660301
1200,14108,"s009","m1",0.180090052351317,0.00237221632373935,-0.438343526375276,-0.267314972049788,-1.3396048969591
1201,14113,"s009","m1",0.254336827321664,0.148968427599479,-0.0911675823626473,-0.0113360255542935,-1.42336928907708
1202,14124,"s009","m1",0.162266185721128,0.0869698199975875,-0.2929599573622,-0.0144807749948861,-0.739032081885207
1203,14132,"s009","m1",0.187967288466186,-0.023222273266525,-0.590273601391489,-0.294006024816541,-1.08236669041789
1204,14165,"s009","m1",0.246920126811988,0.160300733614673,-0.211990967615928,-0.0733695459129191,-1.86313307333742
1205,14166,"s009","m1",0.235236467757949,0.16460691598308,-0.320692121990788,0.011584796439989,-2.16353864352924
1206,14195,"s009","m1",0.204794771485499,0.0775309997682383,-0.289995343121259,-0.212824495840736,-1.64385041221905
1207,14197,"s009","m1",0.268161139639572,0.0714400498211298,-0.341203414133698,-0.0346068563024717,-2.71774914275095
1208,14228,"s009","m1",0.239927455040265,0.0883342503239465,-0.320656840111352,-0.207622506447689,-1.48771095306697
1209,14250,"s009","m1",0.24745177935728,0.0945710438953,-0.176858415316481,-0.0996747746643891,-1.96221428230782
1210,14256,"s009","m1",0.156648225390497,0.0912556383970038,-0.335929319942616,-0.15661664360535,-0.770023660732088
1211,14279,"s009","m1",0.197083453411737,0.113909443035986,-0.358745520545478,-0.0414903645154529,-2.50834880682356
1212,14287,"s009","m1",0.218347064542697,0.0675448666040099,-0.269136236557586,-0.0809968890090791,-0.625164901933851
1213,14302,"s009","m1",0.297018624120978,0.216121513333783,-0.169037738960325,0.0885246645502638,-1.5877415768695
1214,14322,"s009","m1",0.185546203685247,0.0688783032666449,-0.361434865365412,-0.174410417737477,-1.22426965654874
1215,14335,"s009","m1",0.217058778662647,0.0909962362320241,-0.227585960635373,0.043891107685779,-0.918036148090935
1216,14354,"s009","m1",0.211745885398628,0.0892523241099272,-0.16034118816608,-0.12541082399042,-1.59749520656603
1217,14356,"s009","m1",0.186628296131423,0.131585288699885,-0.300917579949963,-0.0665717366121918,-0.976139446048161
1218,14366,"s009","m1",0.21192304286863,0.103299380249763,-0.216695360334348,-0.109043936450206,-1.48444276906407
1219,14383,"s009","m1",0.210963072811407,0.0846988089844579,-0.410190722448064,-0.0607701530192274,-1.64727521092082
1220,14407,"s009","m1",0.237935003481861,0.0817026811256053,-0.43658857730732,-0.076466248016548,-1.7707062759909
1221,14411,"s009","m1",0.157471703794771,0.0685351098423769,-0.450895638747352,-0.121580828547011,-0.923821620739774
1222,14445,"s009","m1",0.199115476129623,0.135155705815695,-0.476888555900415,-0.0186081323228891,-1.619341774543
1223,14457,"s009","m1",0.219532930920929,0.111621771138744,-0.258286408042517,-0.0366009549570845,-1.34433096845729
1224,14470,"s009","m1",0.231546359268024,0.0951796357114245,-0.196124421170639,-0.0862557158446718,-0.59933208982693
1225,14478,"s009","m1",0.297908261634888,0.138751667187217,-0.243246680371668,-0.0943321677912886,-2.1339586054048
1226,14479,"s009","m1",0.0685347981472268,-0.000516879728486841,-0.54789938388204,-0.294484795470568,-0.457758414917563
1227,14483,"s009","m1",0.219849690699373,0.0271121081081074,-0.24457264822121,-0.0407311773830905,-0.84132239726044
1228,14490,"s009","m1",0.225868224243327,0.0978587030096552,-0.348270412049651,-0.121119350882102,-1.1561974337644
1229,14494,"s009","m1",0.288525672864379,0.130309176970027,-0.283651016073433,0.0046114602845185,-0.777609226664754
1230,14502,"s009","m1",0.123373132689857,0.0169185829762828,-0.324541516761677,-0.384514246184572,-0.779599448458792
1231,14528,"s009","m1",0.247198082886334,0.0758370254182057,-0.292606692196634,-0.107505119014106,-1.11787340969034
1232,14539,"s009","m1",0.200577628686868,0.128661624374331,-0.34531324360469,-0.0748682035696016,-1.77029109275941
1233,14549,"s009","m1",0.128026114081215,0.116402523155513,-0.492907814147273,-0.109635475157768,-1.39160517790596
1234,14556,"s009","m1",0.125197603872617,0.0136857048776049,-0.686543404809454,-0.167887161699153,-0.553256998593092
1235,14560,"s009","m1",0.235733001847338,0.145693632217439,-0.105713484080767,-0.0561857239327515,-1.26012294200246
1236,14561,"s009","m1",0.166959191795015,0.104737051916187,-0.224606249136162,-0.126220871264905,-0.792664748872204
1237,14572,"s009","m1",0.159611975690494,0.107392489311457,-0.383592012203088,-0.109974656608797,-0.856384320805816
1238,14596,"s009","m1",0.207812931345396,0.150331973446568,-0.346171498773315,-0.0666674298758401,-1.22819488990871
1239,14605,"s009","m1",0.0773549479700784,0.0252055463846081,-0.42226130826103,-0.108240092593292,0.0165956378227733
1240,14616,"s009","m1",0.132714804252762,0.0363497843449149,-0.347625518419799,-0.121285984254915,-0.972298987812193
1241,14635,"s009","m1",0.304192462764403,0.207147708504309,-0.179956897169611,0.0364003377510827,-1.99040925031445
1242,14650,"s009","m1",0.242848686732058,0.187836393155505,-0.418223913228936,0.0781781734645849,-1.9410592746186
1243,14660,"s009","m1",0.181766289488067,0.0748411865265858,-0.375014578401236,-0.150013218321128,-1.09544955155271
1244,14679,"s009","m1",0.212866980960859,0.140795085173699,-0.0754560501049457,-0.0306323467442809,-1.14670514876198
1245,14682,"s009","m1",0.162721130361407,0.0642372586425357,-0.50832650023727,-0.0330682854877685,-0.217753164246163
1246,14698,"s009","m1",0.135287724970927,0.0239829990313627,-0.462088305447607,-0.270853239908746,-0.405798399532807
1247,14703,"s009","m1",0.210389972847182,0.0669108499218028,-0.213519537323182,-0.173350214999098,-1.1379354428854
1248,14704,"s009","m1",0.259576911239104,0.0541258799868597,-0.342876553174822,-0.318877089791873,-2.01609950213773
1249,14709,"s009","m1",0.266017851502835,0.0813155511289193,-0.0929931934899639,-0.0729204657700874,-0.985452754966232
1250,14717,"s009","m1",0.205992714062742,0.0826505329193256,-0.395708188984426,-0.116801989345743,-1.99958841262337
1251,14720,"s009","m1",0.182024517358684,0.0830396177079205,-0.474341535060958,-0.178602003332896,-0.55940963695023
1252,14736,"s009","m1",0.274140296820569,0.124816333016708,-0.0831189254048744,0.0137759293152876,-2.23794921907761
1253,14737,"s009","m1",0.180746231192157,0.112977800395716,-0.342165262202392,-0.175029410377187,-1.29182994318135
1254,14744,"s009","m1",0.233262039566358,0.119457668119412,-0.320007228446678,-0.0538066409242126,-1.79746602560943
1255,14756,"s009","m1",0.197976773846843,0.134667282570208,-0.412841956599309,-0.0381799942373551,-1.00280721797042
1256,14762,"s009","m1",0.308137151061624,0.181295360956827,-0.119815143015063,0.074955210151821,-1.91398635029739
1257,14784,"s009","m1",0.207709235223603,0.153109578454305,-0.243979970406778,-0.142205079492008,-1.18175733829121
1258,14788,"s009","m1",0.286596855459898,0.0747607638500415,-0.202669268045647,-0.0794943076205227,-1.2618921957498
1259,14792,"s009","m1",0.152625205743393,0.0958331876638934,-0.280379295265473,-0.190801488769954,-1.33433481947719
1260,14794,"s009","m1",0.220335813764016,0.0947438777161685,-0.18259745989584,-0.0739249694716773,-1.64795213178719
1261,14796,"s009","m1",0.192222114215836,0.0788194463652379,-0.221590853150037,-0.132932310641593,-1.81520074561273
1262,14801,"s009","m1",0.278701049516686,0.133182907089937,-0.163521942416304,-0.0476174154142882,-2.04837201309029
1263,14823,"s009","m1",0.169956307536562,0.184047566757133,-0.380928544856726,-0.0709904859781497,-2.03640410916463
1264,14847,"s009","m1",0.236277538098006,0.082694008012667,-0.243678608840589,-0.168791391468575,-1.15811622539915
1265,14893,"s009","m1",0.222964114126744,0.130184941353609,-0.34677774582204,-0.285532693999785,-1.60346740816858
1266,14901,"s009","m1",0.236186598087438,0.114852490450653,-0.167645003710558,-0.0310118625745784,-1.49067594888931
1267,14928,"s009","m1",0.228793229363035,0.0760886514336285,-0.317692129788994,-0.142796725490825,-0.862073972543377
1268,14934,"s009","m1",0.239932179625928,0.062917403258211,-0.289697979987732,-0.0483346677814263,-0.694030112832952
1269,14936,"s009","m1",0.224348239695937,0.0885897367631365,-0.304654682253506,-0.0199982725724593,-1.22610127450186
1270,14959,"s009","m1",0.158653236791975,-0.0182292408318921,-0.386966114595132,-0.109307685773753,-0.42914904518281
1271,14972,"s009","m1",0.271881731031398,0.193438200412059,-0.425985505114052,-0.0123101832620699,-2.20446024587726
1272,14982,"s009","m1",0.158644404231865,-0.00411091668250983,-0.32710635604492,-0.242675262711713,-0.263436968185623
1273,14989,"s009","m1",0.13598638838445,0.00720235716889006,-0.301411298991419,-0.148811696097122,-0.518278873017923
1274,15033,"s009","m1",0.181026839976314,0.049151292338149,-0.494660674027161,-0.139726964621049,-1.10035531353397
1275,15070,"s009","m1",0.290204000684733,0.150916966209404,-0.228450697169125,-0.060024404119342,-2.41342733536271
1276,15074,"s009","m1",0.236450934889696,0.076388489638954,-0.210236923301468,-0.0842035190775602,-1.32445254697189
1277,15099,"s009","m1",0.191544934256697,0.0743524086089457,-0.273081110406737,-0.0828886712600738,-0.502199356328217
1278,15101,"s009","m1",0.286676830858006,0.115100508894771,-0.311260723074439,-0.0405775141397937,-1.83482566208955
1279,15102,"s009","m1",0.166716644257051,0.0568744896456969,-0.479659292321907,-0.11839894152977,-0.677425602420696
1280,15103,"s009","m1",0.187010993909374,0.118587899818816,-0.365819420638211,-0.31458944687498,-1.6380813002898
1281,15106,"s009","m1",0.108031618081047,0.0453325521150958,-0.496640214953729,-0.127010654157477,-1.14866552441373
1282,15109,"s009","m1",0.275036153249973,0.175459274067702,-0.194988436242674,-0.105773891625317,-2.15984957706625
1283,15124,"s009","m1",0.296667559709711,0.215748930491397,-0.151003491105967,0.0562467447454572,-2.11259538517433
1284,15145,"s009","m1",0.206011809985591,0.0610655023223273,-0.25958562470623,-0.129031106626613,-0.977069897008692
1285,15156,"s009","m1",0.194246638893693,0.0708562197164042,-0.378831872661448,-0.0574126446382405,-0.953859754743891
1286,15175,"s009","m1",0.226552542521217,0.10478285804673,-0.266482391526153,-0.117958586421418,-2.63117573596171
1287,15180,"s009","m1",0.293878502446758,0.101815559687659,-0.25299492384203,-0.0123570716788003,-1.14972591851132
1288,15194,"s009","m1",0.210935002820561,0.0247651401826181,-0.32117019892843,-0.309428428037026,-0.767707658267164
1289,15196,"s009","m1",0.213060757090904,0.0614923902305434,-0.410216451508484,-0.153633314627503,-0.858019211652652
1290,15218,"s009","m1",0.217361632613735,0.132071445059822,-0.261726846577805,-0.167644111559005,-2.33646909713118
1291,15219,"s009","m1",0.239427745125685,0.151354502177833,-0.244291416573494,-0.00633839422275569,-2.06772933530213
1292,15220,"s009","m1",0.253409618933147,0.182370259877845,-0.183575568200446,0.00723308068555943,-1.82082954923265
1293,15226,"s009","m1",0.221757750451371,0.106142183536778,-0.506564224940794,-0.0449308880768532,-0.797217992862001
1294,15263,"s009","m1",0.221899645035897,0.135355519288737,-0.151276270868138,-0.121922451149548,-1.07317756406749
1295,15268,"s009","m1",0.230604223870088,0.185484641230681,-0.232135361547601,-0.0864639048468959,-2.3528996443858
1296,15285,"s009","m1",0.261386442069153,0.150008849089426,-0.218098221993627,0.00929281287217441,-2.04399918916866
1297,15296,"s009","m1",0.183896390642076,0.122872348873603,-0.353129941947944,0.0302006429691195,-1.16060452399258
1298,15303,"s009","m1",0.154031978628658,0.0788243981670693,-0.512499475852164,-0.230576205733465,-1.04640774244323
1299,15306,"s009","m1",0.211344385635148,0.0667353661668871,-0.427633140749796,-0.124782909033422,-1.06766354529574
1300,15322,"s009","m1",0.188671456938396,0.121844032528403,-0.230165569991143,-0.095743748374075,-1.84567448512299
1301,15327,"s009","m1",0.0996538585828447,0.00458775873831438,-0.447858482954903,-0.353565083839808,-0.201063996202319
1302,15336,"s009","m1",0.189394683416076,-0.0274778572204425,-0.377123626209341,-0.130815957109321,-0.460613799185003
1303,15338,"s009","m1",0.139318664916745,0.076138682350129,-0.50091474739662,-0.162707441751613,-0.77713257093516
1304,15362,"s009","m1",0.168867917588977,0.0688638929008528,-0.450533949470499,-0.374863904116232,-1.10513664851421
1305,15386,"s009","m1",0.210667274198204,0.0779134146248512,-0.225646367759848,-0.0553564693219597,-1.06841968541509
1306,15387,"s009","m1",0.25210575856286,0.139939442708121,-0.218684364029266,-0.00521271417028643,-1.81696786126444
1307,15396,"s009","m1",0.244586485949618,0.104211006923067,-0.268857217231795,0.0597017695609108,-1.54344073200776
1308,15400,"s009","m1",0.240724963374671,0.138754840693932,-0.383932090728413,-0.0254237890516393,-1.47148628669882
1309,15405,"s009","m1",0.15656969556479,-0.0306939394770348,-0.539610473046684,-0.17476475338046,-0.376085672405942
1310,15413,"s009","m1",0.148105051868175,0.0679559383413399,-0.533884445175929,-0.326222945033919,-1.01413626031317
1311,15431,"s009","m1",0.276082354276301,0.0991492256741525,-0.145943483379975,-0.235144272851662,-2.7674471581346
1312,15443,"s009","m1",0.159731370062835,0.0543858479416121,-0.534734303074382,-0.165766384790657,-0.961911603550316
1313,15444,"s009","m1",0.175570589933472,0.114101382547836,-0.393996220403974,-0.202301944391585,-1.5145408870013
1314,15481,"s009","m1",0.231093439176412,0.0536187734836986,-0.337990167287066,-0.125207948209321,-1.06046538851592
1315,15505,"s009","m1",0.217857832131383,0.110008975979394,-0.158572429655796,0.0173988138331487,-1.27846062137701
1316,15515,"s009","m1",0.163345315005129,0.012541016533415,-0.236858618720755,-0.266526090587745,-0.269305436266416
1317,15522,"s009","m1",0.170931173661226,0.131616900690494,-0.311159270293891,-0.134013161113045,-0.743712817318788
1318,15538,"s009","m1",0.254930508078531,0.168013347381996,-0.379061840412289,-0.0348325566881829,-2.29827097583631
1319,15556,"s009","m1",0.227842553442422,0.0688003526264489,-0.319947358885759,-0.203147684957528,-0.651803923747555
1320,15565,"s009","m1",0.221667934063464,0.0594841983104239,-0.275594432124494,-0.179158801103562,-1.48228168369607
1321,15566,"s009","m1",0.194447782594827,0.0361100471643989,-0.268437898432554,-0.123453405399763,-1.06030470757229
1322,15569,"s009","m1",0.209176082664773,0.088460835944542,-0.19705532592028,-0.0740001191780953,-0.857969225429504
1323,15601,"s009","m1",0.171425657326337,0.0220934704734325,-0.502878536877928,-0.250374957982992,-0.593861468634675
1324,15610,"s009","m1",0.275707323281382,0.107170256806156,-0.131421831436012,-0.0146729007337818,-2.05676961591744
1325,15627,"s009","m1",0.296736583858942,0.176276836036163,-0.211209097110519,0.121564631067573,-2.50417460413043
1326,15638,"s009","m1",0.170928878618436,0.113045841571963,-0.390470212142558,-0.211747390242208,-0.756106640764817
1327,15639,"s009","m1",0.262150374143405,0.154270940225617,-0.273155643391244,-0.0208010181730911,-1.71018762786083
1328,15650,"s009","m1",0.288033864285114,0.178137896990583,-0.243896291066213,0.045789760647773,-2.05853702075069
1329,15660,"s009","m1",0.240419633389662,0.102490716928645,-0.212194810713588,-0.0666192657126828,-2.43572346250939
1330,15669,"s009","m1",0.224494585257131,0.107203765778875,-0.239173677140573,-0.0700800866210874,-1.56856177700026
1331,15681,"s009","m1",0.216077754379088,0.0619697618350757,-0.338438852530453,-0.133587080758909,-0.920189966090865
1332,15694,"s009","m1",0.20044267649576,0.0312784114338539,-0.284653476718943,-0.108923644958379,-0.944866734313052
1333,15702,"s009","m1",0.26077616773249,0.17454712687385,-0.352181785361468,-0.0453627481294431,-1.6323799170039
1334,15736,"s009","m1",0.133100822802826,0.0479765428723493,-0.371274224142851,-0.227882254972417,-0.958455643712694
1335,15738,"s009","m1",0.218077371117904,0.182964843538978,-0.341072359836672,0.103786830957945,-1.54189403070952
1336,15741,"s009","m1",0.181359715644473,0.109224592519701,-0.461209816101364,-0.174737838311857,-1.00275481057713
1337,15752,"s009","m1",0.184756941877806,0.10622807547172,-0.28938132355434,-0.148547673254235,-0.600852811290434
1338,15753,"s009","m1",0.277861166177914,0.0938662500803645,-0.306516273064639,-0.0344367322918255,-1.10791749630115
1339,15756,"s009","m1",0.184594438945908,0.0193741576716567,-0.258252071117317,-0.334155256037781,-1.68530972291289
1340,15770,"s009","m1",0.258910001858886,0.151791262646026,-0.0612259905758581,-0.0127165040184548,-1.12144809656294
1341,15772,"s009","m1",0.173823601961132,0.0953601920835966,-0.481616366632118,-0.19231495712543,-1.61118662969232
1342,15784,"s009","m1",0.199358606812361,0.083030142239978,-0.223679340035583,-0.0328459843980401,-1.03625522261499
1343,15790,"s009","m1",0.179648401728028,-0.0256553285509174,-0.323374213379533,-0.164882518214062,-0.599638833013165
1344,15798,"s009","m1",0.277905057674852,0.139842994704256,-0.16212462207379,0.0596090643224176,-1.85978707398055
1345,15859,"s009","m1",0.309838824269937,0.217791711109869,-0.30151384749336,0.0332426932745635,-2.29726406586503
1346,15860,"s009","m1",0.271955530736357,0.138490293334116,-0.299950279728973,-0.042741573247513,-1.86602716447882
1347,15865,"s009","m1",0.2148175004794,0.0881335108944098,-0.260250414316625,-0.236536109741864,-1.85387056647623
1348,15893,"s009","m1",0.180088803883637,0.10405873792837,-0.312965551625784,-0.108302212644163,-1.64770229997041
1349,15896,"s009","m1",0.25659176839429,0.180992340919017,-0.194694290941795,0.121312052025171,-2.85233893507945
1350,15905,"s009","m1",0.219727562561776,0.103492083636543,-0.445218763329282,-0.138837969685698,-1.33180689895155
1351,15908,"s009","m1",0.174440809493243,0.068809468316983,-0.432353654367952,-0.177468909708679,-1.51620346375308
1352,15910,"s009","m1",0.209184663917676,0.0870052281726359,-0.254358258237696,-0.112705819886508,-0.769906043965812
1353,15920,"s009","m1",0.152482839888616,0.105294117167332,-0.418548737203629,-0.237154788940857,-1.23493746169517
1354,15928,"s009","m1",0.255554932914356,0.129646672499025,-0.126715762547048,0.0680374468869668,-1.85842763101926
1355,15933,"s009","m1",0.164897194340333,0.0263030609266156,-0.395726724722245,-0.312519784318443,-1.1734428459125
1356,15943,"s009","m1",0.198875027624462,0.0584674615149089,-0.254056989861436,-0.0926544911462435,-1.01141667229909
1357,15952,"s009","m1",0.248721754981417,0.118644774628827,-0.171111216276402,-0.151415871234202,-1.31116201591819
1358,15963,"s009","m1",0.203964841199941,0.205736160802698,-0.301267854308485,-0.141175959772617,-2.12158882679497
1359,15984,"s009","m1",0.272847286535563,0.16160068696976,-0.247874428375353,0.0951109368859901,-2.30355297047617
1360,15991,"s009","m1",0.210670903727522,0.1217490740321,-0.285341467412595,-0.152978505559958,-2.55983793578777
1361,16012,"s009","m1",0.237624252011945,0.103293376837737,-0.238511986000472,-0.048746521135356,-0.741008674302316
1362,16026,"s009","m1",0.174720443289885,0.0363823531845626,-0.456446652269504,-0.127524886825576,-1.00988463463468
1363,16046,"s009","m1",0.186130739068278,0.0741876242869605,-0.344202361058682,-0.166462404736018,-1.14966954009219
1364,16060,"s009","m1",0.246963518957152,0.1012486963826,-0.348976891655428,-0.127142217774588,-1.39163453176112
1365,16063,"s009","m1",0.194581597144061,0.0512632410109244,-0.231172598048136,-0.20842090690056,-1.42394853341903
1366,16067,"s009","m1",0.223922116048584,0.101201851873608,-0.358373865841132,-0.102061694007884,-1.50165509894314
1367,16076,"s009","m1",0.181945108496912,0.0353265324007758,-0.353066004548756,-0.0883458683118593,-0.441873641436699
1368,16096,"s009","m1",0.222204953588253,0.0596803781145597,-0.186909689839207,-0.155238516378875,-1.63886511318197
1369,16127,"s009","m1",0.20839052017625,0.046896181792151,-0.326410739342369,-0.207179267029822,-1.55146528396029
1370,16131,"s009","m1",0.179074956365208,0.0321578401644552,-0.410502424937326,-0.194022974791914,-1.20253514343959
1371,16149,"s009","m1",0.175997606209184,0.0250701020297425,-0.333283080165459,-0.290537635388126,-0.571940932537907
1372,16156,"s009","m1",0.244672268562125,0.172735798368992,-0.388065707004439,0.018100482716055,-1.01426659069237
1373,16157,"s009","m1",0.223024643375177,0.0945240112178137,-0.353173888329451,-0.322084049773932,-1.56240974036232
1374,16174,"s009","m1",0.288862712585131,0.129460906042687,-0.242650446728366,-0.0208345027740484,-1.9075258474417
1375,16177,"s009","m1",0.157170221353998,0.0573554342673339,-0.56045054678769,-0.251744507017403,-1.29098264636018
1376,16184,"s009","m1",0.238405681242595,0.0994559174167393,-0.271033172171371,-0.0630775616278748,-1.27667157860401
1377,16186,"s009","m1",0.23500683920557,0.179449712409022,-0.104494130879643,0.0207695869433786,-1.67103243989892
1378,16188,"s009","m1",0.110944308546759,-0.0511459101384794,-0.421610213928843,-0.231275731243233,-9.57202766495302e-06
1379,16190,"s009","m1",0.193810900078144,0.0410164884691948,-0.410876759269885,-0.139182339086929,-0.615961008969768
1380,16197,"s009","m1",0.315212405755112,0.136117092305753,-0.112856791457385,-0.0358949042637899,-2.15057830707082
1381,16219,"s009","m1",0.281032784443939,0.194558581697976,-0.310076435458286,0.0354170163553108,-1.84378755850348
1382,16229,"s009","m1",0.209436209949388,0.0530063544824449,-0.375463845627474,-0.126917794884955,-1.21922521355873
1383,16246,"s009","m1",0.219763678706189,-0.015213958153737,-0.465264793432342,-0.167001256867267,-0.24751557694564
1384,16256,"s009","m1",0.28489857351273,0.149430720508103,-0.218369939669054,0.0321597394982978,-1.31951175005176
1385,16266,"s009","m1",0.173948618503664,0.0981569941639202,-0.369256281777317,-0.232054778429839,-1.37817820092783
1386,16276,"s009","m1",0.177841073195549,0.0910594927585847,-0.284960350428505,-0.139442449493541,-0.876491796909769
1387,16289,"s009","m1",0.145483093363126,0.114694415576534,-0.42165391494669,-0.306362272266796,-1.11431950116815
1388,16297,"s009","m1",0.255275069168643,0.116001109283185,-0.375560991176595,-0.143482600691892,-1.55612259458173
1389,16307,"s009","m1",0.238904703889713,0.1285237355722,-0.213856815078413,-0.140383899197227,-1.79499353173388
1390,16309,"s009","m1",0.215312540074587,0.0856044471665018,-0.276493399047234,-0.0419643274194754,-1.50167860730574
1391,16314,"s009","m1",0.232003483492021,0.0579033440102409,-0.162804800544869,-0.103926892181153,-0.90285809055565
1392,16317,"s009","m1",0.280629946820183,0.171020921217228,-0.267160883928586,-0.0144894492533987,-2.16582785012433
1393,16324,"s009","m1",0.237867212471702,0.0189564103767326,-0.404753610619855,-0.261821356223062,-1.4385222223179
1394,16325,"s009","m1",0.149106274978222,0.0443334355525565,-0.428394147168675,-0.0740756410443969,-0.887298783104655
1395,16341,"s009","m1",0.204812202280238,0.0346375018940194,-0.321782871873544,0.0216548564284184,-0.578368219863684
1396,16365,"s009","m1",0.266543000967394,0.205149687040499,-0.320215574826726,0.10056067178677,-1.90951132112141
1397,16367,"s009","m1",0.190298800681082,0.10389661306275,-0.504352130431368,-0.222361264790469,-1.02840605094989
1398,16416,"s009","m1",0.230599194462413,0.151477650032609,-0.204744537425259,-0.149997793440661,-2.04162356278277
1399,16438,"s009","m1",0.269628749206872,0.0703992171372958,-0.167703879337046,-0.091357061861273,-0.923610597587926
1400,16443,"s009","m1",0.208401347418449,0.147015599736679,-0.21239983727345,-0.0545177960163299,-1.91723279609313
1401,16444,"s009","m1",0.156112096690522,-0.0317424885863934,-0.409562441758332,-0.245029275787603,-0.271150069890942
1402,16450,"s009","m1",0.223303181410195,0.175153163058318,-0.251232548940823,-0.119450849068778,-1.58839061121769
1403,16455,"s009","m1",0.279900155685253,0.168528405000991,-0.106941906108323,-0.107037793530448,-2.15478418009834
1404,16495,"s009","m1",0.227505489135185,0.0296763773468454,-0.431431456884516,-0.156412159901484,-1.65191195795583
1405,16511,"s009","m1",0.25236514356814,0.147602480873136,-0.239822537602828,-0.0340519589499625,-1.25955651225023
1406,16518,"s009","m1",0.176186494425256,0.0676781864995439,-0.234884497980473,-0.24583458220175,-1.47336381408445
1407,16523,"s009","m1",0.255586028495066,0.121245468218756,-0.199122121515598,-0.0421732908989984,-1.48732838786316
1408,16537,"s009","m1",0.219387066132245,0.0598660257306568,-0.252420643986819,-0.0469264907883342,-1.14610412113126
1409,16545,"s009","m1",0.187063689168859,0.110078533203704,-0.423440964792569,-0.125857796263878,-1.60753181052099
1410,16551,"s009","m1",0.224081090101582,0.162828504400166,-0.185227492667371,-0.0503368604245173,-2.484074420509
1411,16559,"s009","m1",0.218941459084192,0.0963486055764305,-0.368889782368598,-0.184220560413707,-1.40404543339555
1412,16563,"s009","m1",0.253453655389106,0.062147254695181,-0.425330238068062,-0.0311260278293139,-1.55330343993249
1413,16575,"s009","m1",0.126101072243986,0.100275757907849,-0.284588420801781,-0.158044857569494,-0.924986419480222
1414,16589,"s009","m1",0.236568456593261,0.13133729915224,-0.503064755990808,-0.0148003069493716,-1.80040486277752
1415,16597,"s009","m1",0.22717100644938,0.142828889803077,-0.373911061721054,0.055857058315205,-1.55091162552542
1416,16618,"s009","m1",0.211478192309345,0.108733442492733,-0.134088731136376,-0.203209569085056,-2.00933409239681
1417,16620,"s009","m1",0.214714768462979,0.0638892845995936,-0.149191869429373,-0.232089790821612,-0.535540887744233
1418,16624,"s009","m1",0.157467005822821,0.105154241879406,-0.472714408533867,-0.215701758580086,-1.57416214379909
1419,16628,"s009","m1",0.238593980005008,0.154215141389501,-0.18304472616788,0.00479737193840956,-1.60537124422837
1420,16635,"s009","m1",0.241303180533037,0.11445137042599,-0.204639660173405,-0.0962679655935649,-1.84551547660773
1421,16639,"s009","m1",0.140401803573907,0.104755213858046,-0.270575680825024,-0.0831905663277859,-0.995873501515861
1422,16644,"s009","m1",0.216789873650227,0.100021922158693,-0.234270217728173,-0.127013370208375,-1.67442394940721
1423,16649,"s009","m1",0.197065826582159,0.111066866750465,-0.381238786141162,-0.186657885382843,-0.989454452591565
1424,16653,"s009","m1",0.203968761322304,0.169814495765244,-0.360459933818022,-0.0782072124567506,-1.86277751291221
1425,16668,"s009","m1",0.170822529221529,0.0232249606485366,-0.401255045437253,-0.021180810374238,-1.15367575450475
1426,16670,"s009","m1",0.20245972257489,0.166937296169153,-0.264488944036687,-0.0522282566244975,-2.07196802072635
1427,16684,"s009","m1",0.2205535064705,0.0449492985045149,-0.375863703657253,-0.169810252175,-0.900047993926564
1428,16700,"s009","m1",0.222173183082692,0.11328568610733,-0.268243800868943,-0.0532241712069651,-1.66610209081016
1429,16701,"s009","m1",0.296502387346546,0.15215805262615,-0.277113122508863,-0.0521569381062492,-2.36900954401138
1430,16725,"s009","m1",0.230432702598536,0.0770679047068522,-0.356316123652166,-0.0593369816317675,-0.732711195098651
1431,16741,"s009","m1",0.254232996566566,0.098911002505794,-0.351913282636834,-0.00419681283139534,-1.70204586436553
1432,16742,"s009","m1",0.216401548357684,0.116528517266386,-0.16498660806755,-0.100100349767062,-1.27406701642032
1433,16751,"s009","m1",0.168013452559863,0.0675965629286466,-0.394439886995573,-0.146945064037788,-1.381627464805
1434,16762,"s009","m1",0.209931991381857,0.0653739251356435,-0.385552822325699,-0.18823054945896,-0.918417763073432
1435,16802,"s009","m1",0.271743475202384,0.163706199948631,-0.175027169045253,-0.046717341776922,-1.2421151920033
1436,16805,"s009","m1",0.24134870594552,0.117746248026471,-0.0214435435774486,0.0781855735312657,-0.962626700929278
1437,16807,"s009","m1",0.190425295695449,0.0618572578117097,-0.503330658016112,-0.223993778981292,-1.0816898959563
1438,16815,"s009","m1",0.158934035227218,0.0596003665302206,-0.208395030270837,-0.0763096505559691,-0.608788326373651
1439,16816,"s009","m1",0.238641174163396,-0.0252116920641873,-0.49225570082193,-0.142303642439921,-1.21406175688957
1440,16818,"s009","m1",0.278033502788492,0.147169106207415,-0.220283665427183,-0.135982235285127,-2.63419885079832
1441,16819,"s009","m1",0.186859175828562,0.0623837713192837,-0.510594457341522,-0.0918011730189852,-1.0956973033446
1442,16840,"s009","m1",0.165005932374708,0.0587509505505796,-0.416445728749299,-0.172127795573781,-0.286175846216311
1443,16847,"s009","m1",0.192200245783201,0.135366286499882,-0.371441966870134,-0.146412768666218,-1.40720598254943
1444,16869,"s009","m1",0.143672267063779,0.0121673997177012,-0.324508722009144,-0.137938026100202,-0.42045789816067
1445,16880,"s009","m1",0.223845337476444,0.0716067039289522,-0.27596853570273,-0.171822732094614,-0.322008513227241
1446,16884,"s009","m1",0.2217169104313,0.120769918794553,-0.264911672939437,0.0186420573526597,-1.43936990259788
1447,16894,"s009","m1",0.207924502595725,0.0563268156817298,-0.45290110454359,-0.199191859791529,-1.47766473256572
1448,16896,"s009","m1",0.210320853499092,0.0816968580097149,-0.464434580063446,-0.0794705536135379,-1.16636528971933
1449,16908,"s009","m1",0.193319580565319,0.0737733623576518,-0.368069744448206,-0.0692326825691612,-1.16576351158065
1450,16909,"s009","m1",0.268385285658836,0.196740703660813,-0.154354874538874,-0.0260771037767752,-1.61238161333586
1451,16918,"s009","m1",0.254118762492288,0.118187348494187,-0.118503481034223,-0.0145719854029677,-1.04989887383473
1452,16937,"s009","m1",0.195047389650464,0.077780625578229,-0.202820209702625,-0.245587248840694,-2.35211056182566
1453,16962,"s009","m1",0.167188326589578,0.0991457657419268,-0.253003728164812,-0.141216293923689,-0.955697933281759
1454,16966,"s009","m1",0.157105912901381,0.0050175577569281,-0.571095169594503,-0.270754754286869,-0.953309035672945
1455,16969,"s009","m1",0.235423966267236,0.092950328631262,-0.418756452142058,-0.187243518065127,-2.63581340123881
1456,16972,"s009","m1",0.260413152350676,0.164460383638318,-0.428530664894265,-0.0385644252191949,-1.3725744147597
1457,16993,"s009","m1",0.182876835433677,0.0738850761951806,-0.349131969167946,-0.0398906558396936,-1.12605981990402
1458,17000,"s009","m1",0.35406064366432,0.13415574239233,-0.0889263833694358,-0.014568609747919,-2.08202113165612
1459,17004,"s009","m1",0.184092919734551,0.0728745559357516,-0.303542315860989,-0.179407287483369,-0.693527598101983
1460,17009,"s009","m1",0.230369899498334,0.123400425265834,-0.259782519793399,0.00320032967263549,-1.25092941950369
1461,17022,"s009","m1",0.130143604035724,0.0837123582622991,-0.332825076909275,-0.155090302849562,-0.794319379707115
1462,17036,"s009","m1",0.216384488576977,0.1439400728686,-0.230336043715992,-0.128772148619548,-1.12450332963044
1463,17073,"s009","m1",0.165154916073551,0.0934268226990962,-0.352139325106919,-0.0726496718258248,-0.683085801027631
1464,17086,"s009","m1",0.244178904162042,0.160452050476436,-0.193278182380371,-0.186700953222396,-1.57173056675983
1465,17088,"s009","m1",0.199101585645073,0.135203140424426,-0.46241951306725,-0.0283049056352934,-0.975748630664644
1466,17089,"s009","m1",0.289403654390728,0.202156933430235,-0.121313489909781,0.0489476762924957,-2.35273176172917
1467,17092,"s009","m1",0.181114233532649,0.0352584839165761,-0.477727440366418,-0.0135902533853161,-1.18758120200496
1468,17103,"s009","m1",0.202079983874813,0.037205034435107,-0.352906970682108,-0.11732378843507,-1.01378755720276
1469,17116,"s009","m1",0.0501989322249654,0.00428567926042452,-0.485698130414021,-0.457078893774859,-0.692353757860694
1470,17129,"s009","m1",0.154965799185108,0.0606784971195635,-0.416964327064454,-0.0966503819789204,-1.15285936867223
1471,17130,"s009","m1",0.226956936145135,0.127695888054222,-0.204848443591545,-0.109896402765247,-0.93044922474044
1472,17165,"s009","m1",0.20688326371359,0.0988707985348752,-0.201163554804186,-0.103022807139195,-1.01010358509704
1473,17167,"s009","m1",0.150173905074347,-0.00687950399565228,-0.542418705917421,-0.240382893770854,-0.607776193354523
1474,17176,"s009","m1",0.200574966039249,0.101362713494913,-0.376901224404618,0.0334850493523354,-2.0703161342779
1475,17189,"s009","m1",0.0770724389320478,0.116611816571854,-0.215242801702418,-0.198114442009907,-0.714832663131754
1476,17259,"s009","m1",0.188021134338223,0.0958622339467397,-0.377921638595081,-0.110140335148777,-0.961681646633351
1477,17262,"s009","m1",0.260513297017372,0.15367354708241,-0.255429739606846,-0.130796606814742,-1.1802471346101
1478,17264,"s009","m1",0.194587971260009,0.104107089584118,-0.536312204478958,-0.0613620118840617,-1.02355034929676
1479,17279,"s009","m1",0.20733508961983,0.12583035015958,-0.311102235116707,-0.0226745795931232,-1.76305829971293
1480,17317,"s009","m1",0.135081549989528,0.044543754224793,-0.36178409904371,-0.0510644228555727,-0.774978532906388
1481,17338,"s009","m1",0.231229705339298,0.128158747848872,-0.276127208736799,-0.0566880127364611,-1.0433404791932
1482,17353,"s009","m1",0.175628642767949,0.128499849811494,-0.342608628797594,-0.117524627459221,-0.936428363850679
1483,17354,"s009","m1",0.125636447594083,0.0713272801402982,-0.312235881074059,0.0273799999737126,-0.301053357995301
1484,17366,"s009","m1",0.225528804133876,0.149855232773783,-0.146980550678164,0.0024089705004252,-1.74248500420167
1485,17367,"s009","m1",0.248265600896056,0.11882402055348,-0.233455204238296,-0.0750892181840747,-1.21360104889487
1486,17372,"s009","m1",0.217342701909041,0.153296273093317,-0.331911718572371,-0.101650784720937,-1.88375414299628
1487,17380,"s009","m1",0.174502382356861,0.0525100907547957,-0.413645877712427,-0.201720090412196,-0.976351343707486
1488,17382,"s009","m1",0.136453678083458,0.0759972299086776,-0.433877846722579,-0.184240102658695,-0.859740132426057
1489,17390,"s009","m1",0.161067585261443,0.105655081004111,-0.464409894676506,-0.10393062441505,-1.13407567958932
1490,17394,"s009","m1",0.243176605179859,0.118636554760851,-0.370075643736157,0.0137095312060383,-1.89710838773958
1491,17401,"s009","m1",0.221083109315567,0.103897542243906,-0.241821492118508,-0.19317337406597,-2.0334096053098
1492,17410,"s009","m1",0.260755442273137,0.158188654236061,-0.278137496903505,-0.0784884879737378,-1.53212723740911
1493,17418,"s009","m1",0.26280936705763,0.170568365900833,-0.197958197112644,0.0819569146153394,-2.75625244079078
1494,17444,"s009","m1",0.22440724871844,0.0333276399337759,-0.445565415103,-0.156946492751078,-1.56458337935604
1495,17447,"s009","m1",0.221383718016726,0.0326248076514729,-0.213715454137172,-0.0174556600658571,-0.87675657509182
1496,17452,"s009","m1",0.232662879212124,0.112467284150152,-0.307574904530339,-0.0287191234787783,-1.54488920881204
1497,17456,"s009","m1",0.196282494364117,0.0363289793159826,-0.486605207305937,-0.393613372587953,-1.43093681252202
1498,17469,"s009","m1",0.179131891770312,0.079662388659245,-0.459396787476383,-0.135388666025133,-0.97497813468958
1499,17473,"s009","m1",0.158168920368137,0.0346576449683221,-0.2027258206853,-0.100487206254389,-0.201074792189662
1500,17475,"s009","m1",0.272371340359791,0.0757009057854239,-0.199593652146234,-0.111143848869028,-0.872567485581181
1501,17491,"s009","m1",0.181273652461503,0.0584438074334067,-0.324199424148376,-0.0520199540189121,-0.752875165155994
1502,17498,"s009","m1",0.198655158527849,0.135822896664925,-0.272477644487635,-0.00488949008785787,-1.74895298755533
1503,17524,"s009","m1",0.237041863958899,0.116257021805108,-0.17279673805344,-0.0728370131684343,-1.73081003866474
1504,17526,"s009","m1",0.210885821612547,0.0721662723227948,-0.500607350867631,-0.203868702526343,-0.7962539151985
1505,17534,"s009","m1",0.173739283971903,0.14936910026651,-0.467564350882385,-0.066113210700072,-1.19190047719026
1506,17583,"s009","m1",0.194336447555686,0.134131659182806,-0.180466019794051,-0.0405721600340434,-0.864443798717336
1507,17600,"s009","m1",0.174560625908587,0.0805709440425896,-0.414546268972169,-0.145185532385936,-0.89145703953264
1508,17612,"s009","m1",0.20480033628961,0.0870343186442227,-0.337144125112797,-0.119094433557825,-1.39089821620032
1509,17618,"s009","m1",0.248582224894325,0.111672892068935,-0.355875577997312,0.0365805759775167,-1.41268306822298
1510,17647,"s009","m1",0.225498493381714,0.0890727425934445,-0.310455841923955,-0.135623559409056,-1.64925211507077
1511,17686,"s009","m1",0.263744618173482,0.166770883553022,-0.209959656714686,0.0677896139437211,-1.85869637701419
1512,17687,"s009","m1",0.257081579235715,0.17124225241907,-0.161741917915801,-0.000742844482348226,-2.10220905409596
1513,17691,"s009","m1",0.179182853715944,0.102387432695292,-0.325003280202142,-0.181655313318376,-0.849954400355906
1514,17697,"s009","m1",0.186574236905063,0.134271087129932,-0.15468310092944,-0.127157735371602,-1.73125292138672
1515,17699,"s009","m1",0.204256610525035,0.133370853257764,-0.182473490849258,-0.0628623161181959,-2.55622877173937
1516,17710,"s009","m1",0.244745770884723,0.0667244705864782,-0.295982906307312,-0.144654374453984,-2.03619978893045
1517,17729,"s009","m1",0.199453148811232,0.187099568173816,-0.202800849642044,-0.0220936881324448,-2.12848954332627
1518,17734,"s009","m1",0.246294054879497,0.158637013350663,-0.234525028611405,0.0375909728897502,-1.36147898007968
1519,17740,"s009","m1",0.233745645236005,0.192833757334351,-0.273521067212218,-0.0852268411985629,-1.97632141384752
1520,17741,"s009","m1",0.153228595455497,0.0205001885700441,-0.300753044943738,-0.139044575174257,-0.974971464844216
1521,17744,"s009","m1",0.281204045638778,0.156932773092281,-0.243149562968972,0.0694935764187566,-2.58074782321608
1522,17748,"s009","m1",0.264437477174764,0.103437065488793,-0.223139461511605,-0.0276182704888199,-2.52106808215882
1523,17753,"s009","m1",0.249465729716437,0.14896459309384,-0.212017510491193,-0.0809891662103984,-1.70999678551984
1524,17754,"s009","m1",0.159209546659675,0.129438299356881,-0.326105422906954,-0.103000338589184,-1.35543871172801
1525,17776,"s009","m1",0.119672378629139,0.00839755726000929,-0.395687690155137,-0.314395985825954,-0.75241100233299
1526,17793,"s009","m1",0.243764444817594,0.142329600040906,-0.317538659493174,-0.0944764882090224,-2.60377769459498
1527,17795,"s009","m1",0.286328724524043,0.0856495625635869,-0.335496346707864,-0.0799242617104668,-2.22854476262097
1528,17811,"s009","m1",0.131708445868304,0.052278988699644,-0.441881670611166,-0.162607380513676,-0.593551976205757
1529,17812,"s009","m1",0.252979436877553,0.0868197974337119,-0.196450984461968,-0.132836296312723,-0.816590196902511
1530,17814,"s009","m1",0.189268247165683,0.0830166532979584,-0.26923837108692,-0.249131251512193,-0.822296464911162
1531,17829,"s009","m1",0.258743658009573,0.0890914598798309,-0.273699531342111,-0.159618209185439,-1.14165987250355
1532,17846,"s009","m1",0.204548316715611,0.0731565020551004,-0.396703274369834,-0.158518294709286,-0.705146317052674
1533,17857,"s009","m1",0.184954926409529,0.148922460933088,-0.358199566080239,-0.285330390419529,-1.77701262665353
1534,17859,"s009","m1",0.240594658297107,0.103803935937152,-0.423750138711514,-0.150463327854414,-2.11016588628616
1535,17876,"s009","m1",0.147727930212414,0.0774529392409368,-0.44814886298781,-0.180084752694608,-0.464454472351293
1536,17920,"s009","m1",0.221066399190011,0.10982670853635,-0.134675195376367,-0.0181983544334122,-2.08955002464502
1537,17929,"s009","m1",0.186823922072338,0.134754017028679,-0.302666348203612,-0.181486722498274,-2.0803954929579
1538,17931,"s009","m1",0.324107160879045,0.145914381139029,-0.0869705169025233,0.0931204382341448,-2.24864947671515
1539,17959,"s009","m1",0.205123500899552,0.0132165221908903,-0.264693604809387,-0.22365005614772,-1.04553284507031
1540,17963,"s009","m1",0.12140637924951,0.0466177026801171,-0.430379952370402,-0.248627208133998,-0.741359352505004
1541,17970,"s009","m1",0.23211312340154,0.131887573679162,-0.311853731867336,3.25047228917287e-05,-1.46516002804002
1542,17975,"s009","m1",0.207238515770061,0.107349172814904,-0.226707404454955,-0.0728591095603798,-1.27579244816519
1543,17980,"s009","m1",0.264179239983965,0.109123623880639,-0.27113200741722,-0.12196793674546,-2.83776573657057
1544,17987,"s009","m1",0.160912189988264,0.00111079302306102,-0.387456132293329,-0.141987950609216,-0.582932985575097
1545,17992,"s009","m1",0.212568070097549,0.132088930073053,-0.250316099384465,0.00709560805668514,-1.42279741697627
1546,18004,"s009","m1",0.195091412831949,0.18281841545837,-0.277667909173919,-0.158633006775557,-2.01637532434273
1547,18010,"s009","m1",0.277801120795945,0.151697586153155,-0.156462234366251,-0.0145100516777616,-1.19248059180369
1548,18015,"s009","m1",0.241925962841934,0.167516168666175,-0.22912995880829,-0.0261169801377274,-1.41033808570265
1549,18031,"s009","m1",0.253782487302876,0.153337071164262,-0.224550410498164,-0.135454029175138,-1.71744215725365
1550,18046,"s009","m1",0.172421235473192,0.118642512755242,-0.164475130851196,-0.0969336736871383,-0.866137307625976
1551,18052,"s009","m1",0.213039558651945,0.144970738182979,-0.293997071318107,0.0492215614748294,-1.01127387658485
1552,18059,"s009","m1",0.233566618382657,0.0583247107433576,-0.31747139827794,-0.06408961496413,-2.33086991943039
1553,18064,"s009","m1",0.184994711421291,0.0307785828989718,-0.419193227654559,-0.263525031884354,-0.690177640775784
1554,18065,"s009","m1",0.223135785957712,0.043755095289796,-0.50493708369395,-0.0596154927486683,-0.998612810683269
1555,18067,"s009","m1",0.200965931376534,0.0557750004895227,-0.307591232852782,-0.190240082213926,-1.2348743068858
1556,18072,"s009","m1",0.23799624485388,0.145375358216072,-0.248763257677572,-0.0749851160116572,-1.19500881439439
1557,18095,"s009","m1",0.208411328259701,0.062251213481463,-0.312196612942604,-0.144617097257271,-2.17805948833792
1558,18103,"s009","m1",0.235278836458764,0.137844852394111,-0.315561918081359,-0.0977051124074924,-1.96992326962049
1559,18107,"s009","m1",0.16293824820166,0.0399618104387568,-0.513228233860612,-0.0182131778069535,-0.884885864708142
1560,18115,"s009","m1",0.29536992062126,0.204315909782084,-0.122472607204567,0.0708581851895577,-1.58398293376935
1561,18125,"s009","m1",0.178909609603422,0.0745133385337777,-0.249305819401262,-0.174743902202077,-1.20781724104141
1562,18135,"s009","m1",0.258315483140741,0.129201428150039,-0.234188424957739,0.0696907847389252,-1.42789529949279
1563,18176,"s009","m1",0.164502612760814,0.0710471935145469,-0.362373169785056,-0.121883977252361,-1.39031164725735
1564,18178,"s009","m1",0.165388425629281,0.074911524167809,-0.335949325569875,-0.18146153974518,-0.730063198796424
1565,18201,"s009","m1",0.212093037645962,0.0210605656193456,-0.245138531690715,-0.20244551711351,-0.800012422447245
1566,18213,"s009","m1",0.245738181700034,0.0817804081952961,-0.389125093918151,-0.0383859977500307,-1.03816868655038
1567,18222,"s009","m1",0.167543934986654,0.0439268943196018,-0.32305793311458,-0.150443073217842,-1.16812946932187
1568,18224,"s009","m1",0.260724755996754,0.155446915787131,-0.353496834279694,-0.00608805735190317,-1.53878266969749
1569,18238,"s009","m1",0.217186281930528,0.158657767174046,-0.165639277625396,-0.154992310417232,-1.50859388751171
1570,18239,"s009","m1",0.21870428577279,0.0898636052955928,-0.364834913488853,-0.103331204143764,-1.36585581682311
1571,18276,"s009","m1",0.232169465619084,0.0677160093975163,-0.364200578616321,-0.103959479261327,-1.77313091735281
1572,18283,"s009","m1",0.225170523458664,0.17774202126369,-0.334394311170536,-0.0463079110840804,-1.25016054898906
1573,18295,"s009","m1",0.187872289430803,0.0850594156146761,-0.335076522750724,0.0398470444812267,-0.95360469347199
1574,18296,"s009","m1",0.152337487638377,0.109673057318616,-0.176268578083528,-0.170483494961804,-1.49741254813556
1575,18309,"s009","m1",0.207696958568937,0.162762459388078,-0.389041049893566,-0.156235981023423,-1.80766687715915
1576,18321,"s009","m1",0.181861228695483,0.107875591063159,-0.189024997206087,-0.16883620548382,-1.21266633614487
1577,18330,"s009","m1",0.205618838768143,0.0908942554351484,-0.186373597587317,-0.0817733119653611,-1.3908959604401
1578,18343,"s009","m1",0.174920918344886,0.0883700651050617,-0.182790211347054,-0.175734624385915,-1.0560791898481
1579,18353,"s009","m1",0.177231245836649,0.0907886351077697,-0.323731915332779,-0.120314021826352,-0.841749204793867
1580,18379,"s009","m1",0.146197819089265,0.129450672914106,-0.439979209002748,-0.0902049495658268,-1.29624217361719
1581,18381,"s009","m1",0.176086796552631,0.0940692688779036,-0.357380447738079,-0.118937817840859,-1.27826092584123
1582,18394,"s009","m1",0.182946565492329,0.123892380182702,-0.468490267400577,-0.0562138764325903,-1.26312457042809
1583,18406,"s009","m1",0.0860053201182523,0.0181206427610152,-0.385404706121431,-0.350627496049663,-0.739181516311953
1584,18415,"s009","m1",0.18235893345602,0.145170899961261,-0.349906697323186,-0.13690781934067,-2.08239722430212
1585,18439,"s009","m1",0.310426538580008,0.144093623190058,-0.281132130474372,0.0884185709376769,-1.35422936459659
1586,18441,"s009","m1",0.288224804584857,0.133998159399109,-0.232198852731963,-0.0544877523501472,-1.241535409842
1587,18442,"s009","m1",0.211806651026277,0.013444248689963,-0.458938713173298,-0.25354547950303,-0.75968373665446
1588,18448,"s009","m1",0.178199024985226,0.112821719310294,-0.267178728394721,-0.0879332627155863,-0.982791312623466
1589,18480,"s009","m1",0.20214930899515,0.116736979893975,-0.542920926745852,-0.19152963689288,-1.64745021045993
1590,18486,"s009","m1",0.171720709176752,0.147920576867248,-0.386820596149195,-0.0295398448553833,-2.59002981745232
1591,18497,"s009","m1",0.238138491739651,0.0846230122038633,-0.290648964290703,0.0495910835938736,-1.08252190364698
1592,18514,"s009","m1",0.242158567856184,0.0890046037407853,-0.315956538167538,-0.0208899678851346,-2.12432692897601
1593,18520,"s009","m1",0.180786137165868,-0.00361473440108646,-0.280448768143486,-0.152737887831971,-0.302292574015748
1594,18523,"s009","m1",0.127300183445528,-0.0462668956603107,-0.631720923175609,-0.206258637341448,-0.500241635609062
1595,18539,"s009","m1",0.279728360829147,0.159025283878473,-0.283054279004456,-0.069308746175495,-2.45500245427883
1596,18563,"s009","m1",0.191695917909399,0.0490895025421862,-0.330846409981725,-0.17276106992963,-1.08886462392762
1597,18565,"s009","m1",0.29713620058572,0.178762229755329,-0.214408721013879,0.00456974705149685,-2.51997556044627
1598,18588,"s009","m1",0.279997759353168,0.174490172807359,-0.171764853593214,-0.0139770743492273,-2.18857298167109
1599,18598,"s009","m1",0.222965083934565,0.177215909477193,-0.256671634708491,-0.090465660182372,-1.49372528307721
1600,18599,"s009","m1",0.182676194286496,0.0822001209498861,-0.436371188094976,0.0101432730191258,-0.68850596588241
1601,18611,"s009","m1",0.270520870346787,0.132314344359568,-0.269675702668559,-0.0394871445878734,-2.13337642828217
1602,18657,"s009","m1",0.2348829195739,0.169655790037181,-0.317430130657119,-0.0776544276073404,-1.67462548512982
1603,18660,"s009","m1",0.122744281589776,0.0373517201660244,-0.517142432674627,-0.198715071519561,-0.393932709223732
1604,18668,"s009","m1",0.182245836498194,0.113555007651898,-0.462571487001526,-0.173371603682526,-1.68598118769351
1605,18677,"s009","m1",0.227509575147054,0.0406821785310754,-0.406356827705329,-0.20219206520716,-1.10345010493528
1606,18690,"s009","m1",0.240594654776958,0.186872245378851,-0.343005073002382,-0.0769026342067864,-1.92823700711694
1607,18700,"s009","m1",0.213190843172814,0.063774142704547,-0.236238049383249,-0.0893063298852538,-0.947866680999287
1608,18729,"s009","m1",0.16378559133443,0.0997400142480532,-0.169351099204248,-0.10992251565063,-1.39133870994534
1609,18739,"s009","m1",0.124777623363325,0.113547323588399,-0.288787066063166,-0.0829679301664319,-0.632284573826626
1610,18745,"s009","m1",0.263781331633066,0.17711586203053,-0.169963477993526,0.0287163806478994,-3.98964056974299
1611,18758,"s009","m1",0.156764789990518,0.0636359685371873,-0.275960250508765,-0.0509366222702924,-0.148765228749664
1612,18761,"s009","m1",0.112040708315548,0.0108963344185395,-0.386392488393622,-0.201831136692599,-0.345048866164802
1613,18773,"s009","m1",0.225233011766619,0.124380872183154,-0.291352640375626,-0.125648946806087,-2.24354085247138
1614,18786,"s009","m1",0.187555971233711,0.0421682626907273,-0.251819600796557,-0.173787173548787,-1.07456194777454
1615,18789,"s009","m1",0.145228338243505,0.0472746748887006,-0.436846302703492,-0.215321871613087,-0.726219708910882
1616,18812,"s009","m1",0.2988236560889,0.189660105074101,-0.0837963925483155,-0.100275226630402,-2.14962622205151
1617,18816,"s009","m1",0.19577928983437,0.129202775186432,-0.28837750969799,-0.03956347380704,-1.34655836941378
1618,18817,"s009","m1",0.144085796230785,0.0271804457151323,-0.461892487109816,-0.247751922695189,-0.585991612673153
1619,18859,"s009","m1",0.192081800024148,0.06982322512102,-0.400334762200651,-0.234999405066254,-1.22822987554244
1620,18870,"s009","m1",0.236351523183645,0.159646571053209,-0.324161719812387,-0.075008941716537,-1.6627875996464
1621,18879,"s009","m1",0.222198028717564,0.13571801727694,-0.292034460900147,-0.00513286988332804,-2.30586879224288
1622,18880,"s009","m1",0.228305250771758,0.0962550626291438,-0.179666719415807,-0.188351647509825,-0.950581956915567
1623,18913,"s009","m1",0.266234832772686,0.152324690539337,-0.223874434527434,0.00416393580585425,-1.96528517274104
1624,18914,"s009","m1",0.147196326002716,0.0292410783750524,-0.304256640775326,-0.164962158195375,-0.897246745763062
1625,18929,"s009","m1",0.160781210359697,0.0662650907102009,-0.366643314684616,-0.211837176262213,-0.762161304612162
1626,18944,"s009","m1",0.184115072149645,0.0749726141349714,-0.2949898685626,-0.119622187487436,-0.590682763487253
1627,18966,"s009","m1",0.178581785809945,0.145305294881657,-0.275685094582256,-0.0981694935016153,-1.61326864205686
1628,18977,"s009","m1",0.262865794464696,0.0461167621254299,-0.150348179078038,-0.0883406963992897,-0.919513259334128
1629,18987,"s009","m1",0.108616242887364,0.107251924902199,-0.311417363287188,-0.176235877626795,-0.75402856390528
1630,19004,"s009","m1",0.209308542978673,0.059575440255471,-0.266529215917592,-0.0618739296906188,-1.52247466587387
1631,19010,"s009","m1",0.228185846601026,0.106681755062574,-0.217168772260852,-0.181592321373459,-1.78473701980838
1632,19019,"s009","m1",0.101374236117106,0.0378245033091602,-0.545525096754202,-0.228423784952118,-0.904026669411289
1633,19039,"s009","m1",0.187479493084632,0.0540659199176786,-0.400053846350598,-0.153891563071733,-1.10782077407905
1634,19056,"s009","m1",0.196102577559503,0.120818925801481,-0.335153268407106,-0.0736769285836629,-1.05077121812353
1635,19092,"s009","m1",0.171736225874436,0.0637353742049644,-0.464518232141924,-0.0990355035040351,-0.798498163540508
1636,19099,"s009","m1",0.187559492006401,0.0140512545800661,-0.573625499203528,-0.219113294837593,-0.592090879983773
1637,19110,"s009","m1",0.156595219576523,-0.0438111960871675,-0.458823079725689,-0.315973017368881,-0.16682045420833
1638,19123,"s009","m1",0.299162303236064,0.167941768695887,-0.0723215547539068,-0.188766228474361,-1.90641169709743
1639,19158,"s009","m1",0.220675196729848,0.06663548178447,-0.238697468870982,-0.125223587655922,-1.1059042092857
1640,19161,"s009","m1",0.177974787319633,0.142720917614575,-0.236540408129052,-0.0571911950766364,-1.59948599079603
1641,19169,"s009","m1",0.220882877533082,0.132453535275642,-0.154360575283873,-0.00631753141491403,-1.49339257785314
1642,19227,"s009","m1",0.153095486577662,-0.0203063343591638,-0.415533335456216,-0.245740188094372,-0.344138329426538
1643,19234,"s009","m1",0.238782784487547,0.068558231210162,-0.288895303494794,-0.0442805198119,-0.586360396402704
1644,19245,"s009","m1",0.270327034924952,0.152803282463682,-0.196500734283036,-0.0372788029723302,-1.77632660653402
1645,19267,"s009","m1",0.230743958805745,0.107152655537373,-0.325678825251905,0.0301036480485587,-1.5241585618526
1646,19271,"s009","m1",0.170463017894714,0.111322692468117,-0.455390858604288,-0.0836431272927741,-1.4164810362637
1647,19280,"s009","m1",0.243142532765127,0.100670767940326,-0.285758772757195,-0.151113721582599,-1.84560344281544
1648,19310,"s009","m1",0.186752844500183,0.112791189801924,-0.250742310638579,-0.120315897781808,-1.40883540580065
1649,19311,"s009","m1",0.173691351149693,0.058449606319332,-0.343790888288326,-0.193128261251632,-0.622965577661005
1650,19317,"s009","m1",0.160337846183184,0.00327022757676636,-0.368545078490636,-0.166046937927508,-0.828659512561238
1651,19320,"s009","m1",0.213448016524663,0.0580858079004723,-0.264007491979718,-0.0568501584567668,-1.6287976219706
1652,19328,"s009","m1",0.225284297970974,0.0748512688616228,-0.607151101602715,-0.121112036426577,-0.946634730638453
1653,19346,"s009","m1",0.143784238635377,0.0325385574115616,-0.370058171827109,-0.217667557156921,-0.580776010288592
1654,19361,"s009","m1",0.221760971629974,0.082908057568192,-0.242074491531524,-0.173697334219924,-0.369894941886877
1655,19369,"s009","m1",0.185878373914508,0.0221736786549481,-0.283235510088812,-0.149241838550958,-1.1824950984513
1656,19372,"s009","m1",0.237873035713726,0.124061493261365,-0.191182374081023,-0.0641322133379857,-1.96536711262374
1657,19392,"s009","m1",0.169457176018287,-0.00873135847839545,-0.511056819244912,-0.18841324288687,-0.576956111514054
1658,19401,"s009","m1",0.216544076261704,0.143284314591998,-0.160698954675728,-0.0457372590251406,-1.49829339789225
1659,19417,"s009","m1",0.241381549619302,0.109732737557809,-0.364746622140596,0.00781790952157589,-0.676608370323472
1660,19443,"s009","m1",0.28448707331722,0.141312626941445,-0.404762962219843,-0.144643101703154,-1.9279330540884
1661,19466,"s009","m1",0.227488997757341,0.0927662445305215,-0.20338812121194,-0.0702896460564266,-1.39234217144353
1662,19475,"s009","m1",0.226319711551096,0.15243759748395,-0.263402798531399,-0.0164485001048021,-1.31605939736779
1663,19480,"s009","m1",0.255784527036597,0.121375289810146,-0.468275694361427,-0.0532269392754518,-1.94506137671678
1664,19504,"s009","m1",0.229939314634408,0.0869615200234353,-0.0820226278831643,-0.0445148179015224,-0.857505019703863
1665,19507,"s009","m1",0.258050298526059,0.157807798509641,-0.213881768258769,0.0500433932421285,-2.01263035713149
1666,19508,"s009","m1",0.269399803111945,0.127670821859469,-0.177407062225252,-0.0501882729117768,-3.12896242671982
1667,19525,"s009","m1",0.21571944286474,0.116181557380106,-0.311749918897999,0.0138944854248489,-1.06818261076081
1668,19538,"s009","m1",0.20027755497076,0.078710122332314,-0.150990408703084,-0.139049430631901,-0.669922414840952
1669,19564,"s009","m1",0.215932968191255,0.0214579716245843,-0.42404397328294,-0.198717588256554,-1.69551321083259
1670,19591,"s009","m1",0.223398031015782,0.0936652068855666,-0.295973161864729,-0.11442265248988,-1.50424155280286
1671,19601,"s009","m1",0.2450529612596,0.113268896855383,-0.31536240502627,-0.0410843303792248,-1.62475514579834
1672,19602,"s009","m1",0.222199590685864,0.141372415260537,-0.229466592369829,-0.2087197862306,-1.64053623514183
1673,19608,"s009","m1",0.225744882540455,0.0408994745310732,-0.367965190295311,-0.166983214091254,-1.36880100595902
1674,19611,"s009","m1",0.164681237201103,0.142482698040138,-0.376117211700626,-0.129722629516385,-1.56087948968929
1675,19649,"s009","m1",0.26299333392359,0.183357637338144,-0.254122124528727,-0.0347981907594239,-2.4991511424942
1676,19650,"s009","m1",0.220345103146198,0.0483160856507136,-0.288437652203998,-0.289603265055719,-1.4547369754691
1677,19675,"s009","m1",0.260472699005706,0.153569374304165,-0.142165477487449,-0.0105129694766823,-1.86050844549434
1678,19677,"s009","m1",0.22817598093278,0.144974663005848,-0.179210533151588,-0.159884745960571,-0.998467294649861
1679,19686,"s009","m1",0.237943303390504,0.0360983772665041,-0.409241625346992,-0.162010371851262,-1.58121297209875
1680,19694,"s009","m1",0.211225854560303,0.157868074903462,-0.203130842340655,-0.0727805559385174,-1.40339971215005
1681,19761,"s009","m1",0.222241619557558,0.11872799755212,-0.213397719091371,-0.0293338053921653,-1.1882936151065
1682,19786,"s009","m1",0.199784982122874,0.105784798293732,-0.174706998127174,-0.0719718069318988,-0.765553082897459
1683,19800,"s009","m1",0.274412100501163,0.155257150209541,-0.214644800249876,0.044607255974146,-1.7679673367201
1684,19804,"s009","m1",0.210905441353426,0.0639947061806933,-0.161408637219628,-0.217545769518632,-1.1393648677176
1685,19808,"s009","m1",0.220141045316227,0.115691132696883,-0.28419148174939,-0.116228652406352,-1.95561586876385
1686,19817,"s009","m1",0.230562365290404,0.108477347799108,-0.375548510962453,0.0122462870732145,-1.53411803341198
1687,19841,"s009","m1",0.244050609187308,0.1343498897339,-0.216743213168312,-0.14766105808256,-2.18529511426544
1688,19847,"s009","m1",0.205426636704909,0.0855230759566126,-0.557965147582795,-0.306707677308316,-1.43813179299345
1689,19848,"s009","m1",0.220166364081787,0.157059450118941,-0.197733359127955,0.0609649790883582,-1.50801307616208
1690,19857,"s009","m1",0.243272459630995,0.0830316544325267,-0.378971668209881,-0.0479081915497171,-1.29400443958318
1691,19864,"s009","m1",0.277844810800776,0.0988117641802778,-0.144108660111673,0.00799705746929492,-0.984713040623902
1692,19892,"s009","m1",0.177624339645496,0.120956747856539,-0.374207571453212,-0.0120827432639128,-2.60604686653998
1693,19896,"s009","m1",0.199125282318912,0.042080256436238,-0.290002491663978,-0.230330355025427,-1.68834767678125
1694,19897,"s009","m1",0.129724317193091,0.0589337931253419,-0.338455320971701,-0.227668151428544,-0.824293008882672
1695,19908,"s009","m1",0.209123500703163,0.0562928686657035,-0.311652308540009,-0.301944833503081,-1.22735701168414
1696,19916,"s009","m1",0.0934252139142348,0.0304592930884002,-0.303878562221722,-0.101087344539386,-0.891608432694714
1697,19927,"s009","m1",0.218907769339107,0.189603118359257,-0.206128630529096,0.146596800194542,-1.50891911671876
1698,19937,"s009","m1",0.237351960319953,0.109521901825315,-0.374279633010861,-0.154509183988147,-1.78156442633973
1699,19960,"s009","m1",0.288123822851429,0.144705787415155,-0.171308817157091,-0.0167415055380972,-1.63475067757231
1700,19968,"s009","m1",0.154646132690502,0.0901065923195953,-0.453166962738299,-0.0590181027345021,-1.71299331519594
1701,19971,"s009","m1",0.167779415741732,0.0847589634080246,-0.273403884748795,-0.140496972770197,-1.21658431232037
1702,19973,"s009","m1",0.173619811893399,0.130530209355924,-0.498190796753721,-0.165090756604805,-1.46643774992736
1703,20016,"s009","m1",0.255529535407532,0.129172562214705,-0.30570485472172,0.0394371228309477,-1.41699114486045
1704,20030,"s009","m1",0.197448224167781,0.0893046577775943,-0.179149349463574,-0.089957190970505,-1.01009998770474
1705,20036,"s009","m1",0.244421635730133,0.155577782790114,-0.330778092124683,-0.0773153638751038,-1.60514472922657
1706,20046,"s009","m1",0.191752505678173,0.0876683707690875,-0.278933845399203,-0.10730955158163,-1.39748540198065
1707,20058,"s009","m1",0.244827349197959,0.188219929141655,-0.117107635345764,-0.168584276999121,-2.0755433554792
1708,20061,"s009","m1",0.288326528187925,0.11902685073635,-0.218130285268497,-0.0704482003831093,-1.71132256762363
1709,20062,"s009","m1",0.218616300460046,0.125159454011239,-0.192181883977756,-0.0831190618845061,-1.27266005885995
1710,20081,"s009","m1",0.192931252012769,0.118569458602842,-0.382835271391292,-0.0959142702891699,-1.09229616670061
1711,20100,"s009","m1",0.18985871323387,0.0947941251963371,-0.387800068873129,-0.0469995691869326,-1.01107480140679
1712,20113,"s009","m1",0.15654762730789,0.0567679483376474,-0.262690079060068,-0.0627458383192099,-0.560660478352606
1713,20119,"s009","m1",0.225737407794743,0.133511340163487,-0.388901006694449,-0.0415798442593361,-1.54528361053128
1714,20134,"s009","m1",0.25049253431751,0.0737207430182479,-0.150925886560268,0.0338965723262389,-1.09260236612062
1715,20153,"s009","m1",0.224546766226354,0.0982377668744321,-0.262722332965324,-0.0701506026243219,-0.532975232389353
1716,20160,"s009","m1",0.236457066360223,0.122665324138667,-0.145516323668905,-0.0722751133342467,-0.941015457676236
1717,20187,"s009","m1",0.184262544418652,0.0878496285801521,-0.262297426308432,-0.109673348690141,-1.03284117123953
1718,20197,"s009","m1",0.142374161692668,0.0503480425143642,-0.388190006185958,-0.221535619629718,-1.2455129139436
1719,20209,"s009","m1",0.277174207743208,0.15924024481575,-0.114303720946845,0.104343520716797,-1.16796799886551
1720,20212,"s009","m1",0.203456218109738,0.0425179002436794,-0.417386602153878,-0.155654848278763,-0.827921183004448
1721,20215,"s009","m1",0.196378331842784,0.124903915687696,-0.212918979997351,-0.0964826918714639,-1.437529268143
1722,20218,"s009","m1",0.169900659619938,0.0429014305303453,-0.291352690199237,-0.289680874938616,-0.637009314383134
1723,20232,"s009","m1",0.208921345790083,0.0931239790254316,-0.507671161630238,-0.0205794827201928,-1.04468535803271
1724,20259,"s009","m1",0.291898005402041,0.101926617843094,-0.115542539364259,-0.092876379288114,-2.18493688271047
1725,20273,"s009","m1",0.255458429623118,0.151646384801999,-0.358594213602168,0.00905468767685121,-2.00645385356082
1726,20291,"s009","m1",0.22154737148961,0.0357076296053981,-0.282847264389265,-0.197716849788921,-1.48176653307221
1727,20297,"s009","m1",0.153974433015874,0.0655807969125416,-0.419858245590801,-0.26646669882176,-1.51223985752044
1728,20298,"s009","m1",0.275900772260013,0.130088730841526,-0.210080475606821,0.025413408587959,-1.4916954049669
1729,20305,"s009","m1",0.227993468831908,0.131704347509766,-0.223149065180834,-0.0825119092741767,-1.59870487383161
1730,20306,"s009","m1",0.235316109268545,0.111659156082773,-0.387687195240544,-0.149256893439187,-1.88202535249516
1731,20312,"s009","m1",0.20892796390169,0.0676521372829813,-0.141817333301011,0.0438408747914129,-0.922970671703945
1732,20314,"s009","m1",0.194178166298717,0.063581154642942,-0.256035011555783,-0.0809632374176555,-0.593821836362351
1733,20361,"s009","m1",0.191576829522551,0.0657032478496538,-0.206942221089721,-0.109661523241458,-1.20209058677195
1734,20366,"s009","m1",0.273524164136477,0.125232101534052,-0.28304821159162,-0.0727069375875117,-2.15478855180575
1735,20372,"s009","m1",0.195567645991962,0.0839024380473921,-0.248347021879592,0.00956803975580967,-0.699537744966612
1736,20373,"s009","m1",0.182316133010254,0.0813572977609334,-0.257077359315918,-0.160740904616112,-1.19731257373189
1737,20386,"s009","m1",0.135250695296722,0.0434810203767725,-0.346505364344947,-0.307830987531692,-0.510985326059665
1738,20391,"s009","m1",0.166275120965999,-0.072305593945503,-0.528590007481869,-0.209002101881449,-1.01011878990432
1739,20424,"s009","m1",0.213644096471263,0.0995397393330127,-0.39282037905482,-0.143441069570674,-2.3484757076986
1740,20439,"s009","m1",0.177519375472431,-0.0140829940593788,-0.450722027081794,-0.260517526964474,-0.574192796287867
1741,20444,"s009","m1",0.198182427508839,-0.0256838236467726,-0.439594721660983,-0.070510779570759,-0.401896831231184
1742,20467,"s009","m1",0.191382907738007,0.0991198602513881,-0.155399328303831,-0.0423035949489834,-1.28239361462377
1743,20481,"s009","m1",0.231331306914326,0.212395752210385,-0.129309107829556,0.0473351640537142,-1.95041231541618
1744,20483,"s009","m1",0.285625618016591,0.151977682195208,-0.19047084570745,0.0286900542510125,-1.34007257356027
1745,20507,"s009","m1",0.303448765052402,0.181889527296427,-0.102791875459185,-0.0796144162967096,-2.21131486175831
1746,20510,"s009","m1",0.105324233616036,0.0641599715264545,-0.324264723849081,-0.141144927218362,-0.546504231873853
1747,20515,"s009","m1",0.12313857299864,0.0748278871032597,-0.415387952819716,-0.146606270731414,-0.699813499924695
1748,20516,"s009","m1",0.203206186888385,0.112746867401879,-0.384819224798605,-0.181542281093968,-1.7862083937416
1749,20526,"s009","m1",0.174503852433308,0.0666101259738614,-0.282379321470417,-0.170585279622565,-1.42878436756137
1750,20527,"s009","m1",0.230741243627133,0.143742814044131,-0.153722130040003,-0.0666610280554443,-1.59524256301747
1751,20540,"s009","m1",0.297076194418565,0.130490928434225,-0.358456122520079,-0.00349559245772494,-1.54568331057073
1752,20547,"s009","m1",0.278416159430466,0.103644908838191,-0.220134557032571,-0.00891019482767383,-1.52408619333953
1753,20556,"s009","m1",0.211369710074628,0.066229205236353,-0.291740870353179,-0.357236661748093,-1.19021888251197
1754,20563,"s009","m1",0.189306657804766,0.13989635869136,-0.255777663831492,0.0135710468322475,-1.3409581853372
1755,20570,"s009","m1",0.2186216910605,0.136905488522498,-0.291849711243778,-0.0721553593471202,-1.59435606149892
1756,20574,"s009","m1",0.222955845458335,0.103867881808407,-0.169204360469437,-0.0770258436741779,-1.92151821981823
1757,20599,"s009","m1",0.195967719782079,0.0947555604189567,-0.471584252796556,-0.194302308686175,-1.22723470652843
1758,20611,"s009","m1",0.136805436446702,0.0968560075525258,-0.424596914546822,-0.0908839621542228,-0.913800928082884
1759,20621,"s009","m1",0.196217487871547,0.0786197846982525,-0.350965412685451,-0.207351200330624,-1.58880397691621
1760,20622,"s009","m1",0.216937004039438,0.0935945645837414,-0.364771078443424,-0.115677789930065,-1.53697551862479
1761,20623,"s009","m1",0.182840061080016,0.0861360540376637,-0.369656094941031,-0.142611672251937,-0.816483948468776
1762,20629,"s009","m1",0.167410114111767,0.0310372626115205,-0.350235625518396,0.00917639511112662,-0.627183125830629
1763,20630,"s009","m1",0.219755762680559,0.0839361944454801,-0.232966557707696,-0.157034030270217,-1.24160845784543
1764,20644,"s009","m1",0.18477830369942,0.0476818626907828,-0.307078052419626,-0.0801381593903367,-0.925027851555085
1765,20654,"s009","m1",0.176406955741686,0.0514193397897696,-0.350423881919072,-0.230192642455403,-1.63427422545436
1766,20655,"s009","m1",0.211370128047759,0.13362937311371,-0.257371968221909,-0.129998689258588,-1.39086184755841
1767,20660,"s009","m1",0.255648746928335,0.195201606490712,-0.133821787404588,-0.0414691880729865,-2.75252118785469
1768,20670,"s009","m1",0.150751733411337,0.0749212890255076,-0.186846275857755,-0.165930021915129,-0.562737067369207
1769,20676,"s009","m1",0.18918326820161,0.113420633415897,-0.21638829651619,-0.157056174446507,-1.62194434990732
1770,20678,"s009","m1",0.149227576056475,0.0104131989871783,-0.442369128588942,-0.200573530962292,-0.856033792010031
1771,20682,"s009","m1",0.100451974777739,0.0164006071393206,-0.371871157156789,-0.217280904182521,-0.71823423685342
1772,20684,"s009","m1",0.198511810038411,0.0358788471264047,-0.284012682150724,-0.186064480221785,-0.45894968436261
1773,20686,"s009","m1",0.273051631474556,0.113124146164209,-0.217373719076317,-0.108748336128172,-1.51649927146388
1774,20687,"s009","m1",0.212115202200853,0.168731717260719,-0.274321116608331,-0.165307786123881,-1.50192795020356
1775,20701,"s009","m1",0.214167488376156,0.0608101972678085,-0.307451998149301,-0.11033292064773,-1.39018824009231
1776,20709,"s009","m1",0.251962623028759,0.140230204650872,-0.317733755313394,-0.070415341159101,-1.65973584354733
1777,20711,"s009","m1",0.212127328076375,0.107795304900572,-0.195117399240561,-0.0501012378749362,-1.7629390813416
1778,20715,"s009","m1",0.251486252331773,0.0929714828271871,-0.257046656148303,-0.0633970875002085,-0.950114425846685
1779,20716,"s009","m1",0.294583031100737,0.0961555195051479,-0.226602398842921,-0.171973994660418,-1.89492396669329
1780,20729,"s009","m1",0.194200681317993,0.024405334334032,-0.312944639130052,-0.356344030200725,-0.875016493308763
1781,20739,"s009","m1",0.177829137231187,0.0984781838918729,-0.357641050784884,-0.0978891696321631,-1.75258511647005
1782,20770,"s009","m1",0.260449417291249,0.17192955191961,-0.201962055354549,-0.0730990211361457,-2.29354038765988
1783,20777,"s009","m1",0.23499710654818,0.136531687499128,-0.342483072462232,0.107216057006149,-1.23183845269573
1784,20780,"s009","m1",0.217920444475887,0.100496686183751,-0.193088753886598,-0.0294597229633824,-1.91722665751293
1785,20797,"s009","m1",0.280691381525198,0.108435509533074,-0.168989586205913,-0.0867741570165645,-1.75188941226561
1786,20806,"s009","m1",0.20738509374089,0.0314010806239587,-0.397892283040767,-0.186861775746672,-1.56523007990256
1787,20808,"s009","m1",0.189305939556034,0.103685768837997,-0.345441280526366,-0.252126874536812,-1.45084546816729
1788,20811,"s009","m1",0.162577867233916,0.0772039508326874,-0.421624096045231,-0.326506043847306,-0.749979753746724
1789,20846,"s009","m1",0.173626608548175,0.106258898751822,-0.338935580094274,-0.140549513198142,-1.51611775352031
1790,20866,"s009","m1",0.213651814394177,0.139501211496638,-0.400253434575465,-0.0667377148878157,-1.8567031164718
1791,20890,"s009","m1",0.203386214806006,0.142520014970545,-0.226332901060126,0.0151012769859316,-0.853018848675169
1792,20907,"s009","m1",0.164792719896849,0.0982389117288597,-0.428776228212773,-0.162965609557587,-1.23152655169783
1793,20908,"s009","m1",0.0599763021717611,0.0441865807388535,-0.341015796980898,-0.355348838939904,-0.923014793668754
1794,20910,"s009","m1",0.15470889607956,0.0457486942453392,-0.30636982237901,-0.123397875352746,-1.32308041433163
1795,20920,"s009","m1",0.200160074548337,0.0874272274467369,-0.378653072616698,-0.0907781960781072,-1.31477558151584
1796,20936,"s009","m1",0.255601704547371,0.161806533641663,-0.357584653048583,0.101423895803767,-1.74023300641087
1797,20955,"s009","m1",0.203947118059654,0.119908634339316,-0.491696855257748,-0.137561343936743,-1.25271784021044
1798,20958,"s009","m1",0.315924208213909,0.132013988905726,-0.206836403357642,0.0425652262315336,-1.79705995499513
1799,20967,"s009","m1",0.222616696245947,0.116030006036367,-0.303147442890696,-0.0776410331787155,-1.25773238498747
1800,20972,"s009","m1",0.149809569863833,0.0612906784189729,-0.317338028454711,-0.174143069294362,-1.38645617420129
1801,20973,"s009","m1",0.224921220765033,0.155432248844788,-0.301089525265056,-0.0901954083932353,-1.32342594562881
1802,20984,"s009","m1",0.214292255044114,0.118874185053592,-0.411280874285383,-0.0465503251387313,-1.60175973736342
1803,20997,"s009","m1",0.231068330719951,0.133864051409305,-0.256710549714092,0.0324175796855678,-2.33959238869623
1804,20999,"s009","m1",0.277707666955802,0.146630134397042,-0.22659154452635,-0.0152508430087608,-1.49888578304726
1805,21023,"s009","m1",0.206935820793243,0.0644297635375019,-0.389188489258176,-0.213524121736189,-1.47964995043108
1806,21044,"s009","m1",0.18264261147932,0.152151879714051,-0.251394937950667,-0.0566255473678646,-0.686908185726707
1807,21059,"s009","m1",0.223735413982131,0.114767531912707,-0.315128699526156,-0.208708610940852,-1.22543672288898
1808,21064,"s009","m1",0.207550943125163,0.0305833257460633,-0.350791834044551,-0.0188253227938099,-1.53647484845534
1809,21120,"s009","m1",0.195509326576348,0.145334546038451,-0.161762770600196,-0.0947619020376896,-1.0949811357932
1810,21122,"s009","m1",0.234509980166194,0.146421131663793,-0.189358913902252,-0.0692144908694532,-2.92463866027657
1811,21146,"s009","m1",0.32330469555259,0.203511608921269,0.0261600218604865,0.0892732412813881,-2.60946387234695
1812,21161,"s009","m1",0.15644003359309,0.0947786901841896,-0.283856896300023,-0.238929494866922,-0.909181914629603
1813,21162,"s009","m1",0.245607630614439,0.167638495738995,-0.325202971609876,0.0355921422456879,-2.64264760880727
1814,21178,"s009","m1",0.25605797484451,0.154510105059534,-0.260819294914437,-0.128794290060727,-1.80956269689955
1815,21182,"s009","m1",0.219354670568459,0.122221081931724,-0.308748561852023,-0.0856507243323752,-1.28369497861954
1816,21184,"s009","m1",0.147057453866956,0.102246926053413,-0.319993982665891,-0.061083701548772,-1.2257259702236
1817,21196,"s009","m1",0.183642422271275,0.105319380606025,-0.238698587605395,-0.0763900774775863,-1.09320335874314
1818,21224,"s009","m1",0.227814618194904,0.108438924107587,-0.301635306907319,0.12159391410081,-1.67529936663349
1819,21236,"s009","m1",0.087904987333928,-0.0558961372920009,-0.401868309233629,-0.362330649852677,-0.636169051966372
1820,21270,"s009","m1",0.296365324043412,0.119262118425534,-0.270393967300599,0.0529667952702329,-1.52389551364549
1821,21275,"s009","m1",0.171984391793809,0.0650410996236974,-0.319741254124591,-0.121655253525476,-1.37259319760195
1822,21300,"s009","m1",0.265047417139348,0.0715355374518222,-0.201707003461875,-0.102964301825854,-2.09226663385591
1823,21324,"s009","m1",0.240441465809694,0.134811783283615,-0.327978348078654,-0.119951957457488,-2.11896401577372
1824,21331,"s009","m1",0.19681067083873,0.0337577927388521,-0.250237058812526,-0.12570054505969,-0.536470862921482
1825,21359,"s009","m1",0.191235150266511,0.114558625797387,-0.417012020489545,-0.211152870551462,-1.10275366655211
1826,21370,"s009","m1",0.22482506028096,0.169285938832103,-0.198224380252742,-0.0156123074817739,-1.96962553251408
1827,21385,"s009","m1",0.162888050152249,0.0697068164202218,-0.382134149576839,-0.277245479901865,-0.978064925604818
1828,21387,"s009","m1",0.223851622206448,0.100008211460224,-0.238324015550975,0.0129408329725528,-1.01639639972363
1829,21403,"s009","m1",0.215664676269698,0.0531400559791516,-0.382711753007217,-0.158730243187971,-1.34611120478077
1830,21418,"s009","m1",0.24627443198049,0.113318586012504,-0.211699803616661,0.052786572446143,-1.24046983296336
1831,21436,"s009","m1",0.132827697777096,0.0254935072379094,-0.40738946397493,-0.341369863187997,-0.545451278276589
1832,21471,"s009","m1",0.157776409949219,0.0798805476179951,-0.424225291470149,-0.103925010160549,-1.48749714122432
1833,21491,"s009","m1",0.217687198662979,0.0414771441378972,-0.353950217713626,-0.00105080503211441,-0.588410003726414
1834,21519,"s009","m1",0.056046339992549,-0.0292117104712489,-0.661365067261293,-0.317863673506813,-0.264091989525915
1835,21527,"s009","m1",0.254223844974927,0.158785051539745,-0.267266510326606,-0.0161994484726019,-1.79933173241177
1836,21532,"s009","m1",0.233576859620845,0.14833258868414,-0.133751342852749,0.0337491395875694,-0.858277238010585
1837,21535,"s009","m1",0.255206138206237,0.118204930311812,-0.362545229384062,-0.00502334758513911,-1.60588506914539
1838,21547,"s009","m1",0.156770475289494,0.066158891817588,-0.306129215188955,-0.15311119691321,-0.757778320454805
1839,21556,"s009","m1",0.279232752887771,0.215831584381766,-0.183782017417836,0.0220284347881247,-2.35493599217737
1840,21569,"s009","m1",0.130411950273522,-0.00115781741622993,-0.518306769336507,-0.242292378807837,-0.923093114203491
1841,21570,"s009","m1",0.218595869153627,0.0379501971362648,-0.309801393353295,-0.178610003645487,-1.20017384996154
1842,21599,"s009","m1",0.174426464374625,0.0608978601488098,-0.388646011923853,-0.205237303462858,-0.923577714418444
1843,21605,"s009","m1",0.172159761416988,0.0922919216344868,-0.195228434348083,-0.172971547968694,-1.15370443591723
1844,21614,"s009","m1",0.22102669547998,0.165140850307413,-0.26865117531187,-0.0685417834153868,-0.971213734940539
1845,21622,"s009","m1",0.160215155683626,0.077734245711768,-0.369710001082505,-0.374171887568092,-1.05278604133539
1846,21631,"s009","m1",0.16795251600139,0.131123687642351,-0.354654272752557,-0.147395468262677,-0.89762915955637
1847,21637,"s009","m1",0.181466428686553,0.0910620383154418,-0.407800156558618,-0.091179070178978,-1.47832192427224
1848,21640,"s009","m1",0.278311659087635,0.0929642502566346,-0.385677195153736,-0.0289071640398929,-1.56587410851074
1849,21646,"s009","m1",0.263482153982551,0.143675944230448,-0.446708850969617,-0.0374622915964318,-1.62679794129965
1850,21684,"s009","m1",0.145611687834367,0.116340037563256,-0.482038048636979,-0.162147757112585,-1.1310542338804
1851,21687,"s009","m1",0.171813132938025,0.0739498809291467,-0.366859003464962,-0.215281574036922,-0.76900783213232
1852,21697,"s009","m1",0.096380098965451,-0.0147337817391052,-0.400970056358954,-0.328938404779723,-0.172388972418197
1853,21702,"s009","m1",0.162654384963355,0.0646498182453918,-0.614037565403783,-0.0103017193099349,-0.707375657277806
1854,21742,"s009","m1",0.255477199525869,0.154787700065259,-0.184985331437959,-0.0207033237018622,-2.11239033977487
1855,21748,"s009","m1",0.136246564026326,0.12106014653184,-0.260332954265584,-0.150359984001188,-1.6311826267769
1856,21749,"s009","m1",0.213599528113713,0.104679622889577,-0.263690149608466,-0.163428832069502,-1.42310414175033
1857,21770,"s009","m1",0.130463218072958,-0.0149763689912102,-0.28425494048633,-0.108870999774857,-0.140425266501415
1858,21794,"s009","m1",0.21965963817915,0.115242263387465,-0.411210492765754,-0.008859737298011,-2.05612146649483
1859,21795,"s009","m1",0.19329795778595,0.0260895440959864,-0.499357583119979,-0.139275579347539,-1.88440136862358
1860,21799,"s009","m1",0.121908180910811,0.0654557540916319,-0.58437006376126,-0.220982917168403,-0.735382651771925
1861,21805,"s009","m1",0.205678334870491,0.11444755730795,-0.342628935028599,-0.138515589902129,-0.893157968367012
1862,21808,"s009","m1",0.256976943260525,0.135434941764585,-0.402293574695819,-0.0451558414293439,-1.28928658776739
1863,21829,"s009","m1",0.209148184270674,0.112107299241242,-0.418627186209521,-0.128837012290226,-2.08369547360393
1864,21845,"s009","m1",0.234526315123784,-0.0326525727180537,-0.312811671905898,-0.144050995383299,-0.748031467033711
1865,21883,"s009","m1",0.362579585000282,0.1625345440404,-0.247074971040679,0.059325331335935,-3.16039432441941
1866,21888,"s009","m1",0.137347457793593,0.0230034164389854,-0.564697894130348,-0.136347188454867,-0.782213610736809
1867,21916,"s009","m1",0.128153667372778,0.0961874437985822,-0.287012523337378,-0.0640627778909959,-0.994515315667732
1868,21917,"s009","m1",0.234950663354576,0.123176939616338,-0.140176356792803,-0.0278702794623548,-1.56549812792688
1869,21928,"s009","m1",0.249519100218651,0.0869935942479246,-0.317294931554173,-0.0288773652765593,-1.66453899952348
1870,21931,"s009","m1",0.1759903416387,0.0734962608652291,-0.413815769989515,-0.123578450645625,-0.791895887094004
1871,21939,"s009","m1",0.261305838790926,0.175463353943168,-0.357035704701916,-0.0821405485733912,-2.20419523661475
1872,21952,"s009","m1",0.227967665109215,0.0984851557284104,-0.0543936962821151,-0.14579478713729,-1.36682945714109
1873,21963,"s009","m1",0.176371629482857,0.0969864566667347,-0.322112519870478,-0.21958297095767,-1.00614512605912
1874,21982,"s009","m1",0.168574418534601,0.159799456455951,-0.341461973875965,-0.140252704736851,-1.45903948298481
1875,22009,"s009","m1",0.186517325439562,0.0699722766767211,-0.395818943282837,-0.292626056942932,-1.06912836246356
1876,22030,"s009","m1",0.247427757939264,0.11315587308193,-0.136544002563958,-0.246610293470549,-1.53839393298131
1877,22056,"s009","m1",0.163457483883803,0.092262556983695,-0.423495532759753,-0.077159807570807,-1.07028737909708
1878,22057,"s009","m1",0.248504647987159,0.163941099655878,-0.356216333198777,0.042801801639091,-1.63858836533066
1879,22060,"s009","m1",0.177717772288782,0.0298834272923708,-0.246080212891472,-0.0905497011098122,-0.629378211112419
1880,22061,"s009","m1",0.233274875936303,0.107929037065242,-0.343714114104043,-0.0371643460162617,-1.37481821828468
1881,22079,"s009","m1",0.210202067792639,0.078591350787339,-0.211048558137678,-0.0733056099821832,-0.686399374895829
1882,22090,"s009","m1",0.153697200758876,0.0892469227628984,-0.506904845319343,0.00100550381011124,-0.728702317520908
1883,22100,"s009","m1",0.230652787611801,0.0458631063502248,-0.268945012019301,-0.114341233560627,-1.00631189328758
1884,22132,"s009","m1",0.241343094589435,0.152642246735902,-0.0650181619461539,0.0727955487685221,-1.51183985721406
1885,22165,"s009","m1",0.171211393798132,0.0802875119743599,-0.214413641411601,-0.0341967427953111,-1.03605039529417
1886,22180,"s009","m1",0.222159234368698,0.118395044410726,-0.25871681921107,-0.169334045891081,-1.23718450812287
1887,22199,"s009","m1",0.163556641795067,0.083453718958758,-0.270961518117629,-0.124778262326893,-1.62221020883836
1888,22205,"s009","m1",0.136189452864648,0.0305314069815541,-0.56936841560624,-0.107800536136192,-0.710199401653838
1889,22221,"s009","m1",0.181877826776364,0.135984559983571,-0.457343022487781,0.030094303297064,-1.29473272860667
1890,22235,"s009","m1",0.224441817555645,0.117346513448082,-0.175869597672165,-0.115346788917037,-1.32144779824223
1891,22243,"s009","m1",0.238343748481742,0.149773300975765,-0.266018989673669,-0.0580337334496458,-1.42584761077085
1892,22261,"s009","m1",0.206890312100658,0.0550453297332271,-0.423990569518,-0.0731078135804572,-1.50521151076287
1893,22272,"s009","m1",0.134476984483038,0.105493690249748,-0.200199854703414,-0.127709828785745,-0.888127208395367
1894,22299,"s009","m1",0.215792546177976,0.115330999002012,-0.162856495752434,-0.0513215275301098,-1.32789617272747
1895,22300,"s009","m1",0.193620457397635,0.0250414077857356,-0.46060110206273,-0.256246337541642,-1.74596747383547
1896,22312,"s009","m1",0.231146963973503,0.0833686743737707,-0.200687594561659,0.0382470653799444,-1.58033137997695
1897,22332,"s009","m1",0.243882966437045,0.127035721204234,-0.236219088892924,0.108923951167876,-0.727964242572182
1898,22343,"s009","m1",0.217815935467627,0.0357066834863227,-0.243503642218825,-0.143283423084311,-1.17621459824521
1899,22344,"s009","m1",0.226398873314166,0.121680080587393,-0.21436741013112,0.0321256567198161,-1.37941752052798
1900,22348,"s009","m1",0.135515662691793,0.0967253913064696,-0.464029088297299,-0.086522253811381,-0.947561964414791
1901,22367,"s009","m1",0.13469156802686,0.0787068750254812,-0.369363178853445,-0.0611882478941577,-0.852237631559517
1902,22369,"s009","m1",0.182351233865993,0.0826348230832737,-0.217267959328104,-0.0520115868430037,-0.732264777506987
1903,22371,"s009","m1",0.210279016007194,0.0969062865548871,-0.369458486404462,-0.122218236344909,-1.26816689047914
1904,22374,"s009","m1",0.213601115009197,0.0750187511310118,-0.368876540063116,-0.0645898054991389,-0.706402800366902
1905,22381,"s009","m1",0.119053104748111,0.1492019793096,-0.434200804312302,-0.328271526586847,-3.09050672625016
1906,22398,"s009","m1",0.223712459052755,0.0907691222083863,-0.261356822127189,-0.0738520736144974,-0.749165185106212
1907,22404,"s009","m1",0.146848985909248,0.0304487423082469,-0.570307273805829,-0.137453573619664,-1.46613567033806
1908,22409,"s009","m1",0.259460152315317,0.201796100046999,-0.219042100241157,0.0607292902042801,-2.07503434747988
1909,22419,"s009","m1",0.168390046587337,0.111241284773834,-0.213718625060704,-0.0920254591158133,-1.39899379395025
1910,22421,"s009","m1",0.180153470906986,0.0713032718487797,-0.196607042296825,-0.198045107561794,-0.637669012293548
1911,22434,"s009","m1",0.2205124741596,0.101625095291069,-0.317019851941617,-0.226299542312215,-2.31157527145153
1912,22450,"s009","m1",0.186910094123287,0.152405343797151,-0.343833465589998,-0.11251717327029,-1.76165399369784
1913,22452,"s009","m1",0.278051036517509,0.159738580454408,-0.138281757725568,0.0903522898682848,-2.52261672539812
1914,22456,"s009","m1",0.199516994286809,0.0264638751178916,-0.467773814867949,-0.264092098299703,-0.989201913025074
1915,22484,"s009","m1",0.252224749623824,0.112918300473758,-0.184198906116279,0.036574243252066,-1.03661724027356
1916,22505,"s009","m1",0.254825428962411,0.0963325917199193,-0.332970524469691,-0.100824436490034,-1.37057829018372
1917,22518,"s009","m1",0.165830981854124,0.165541569069118,-0.254617394361538,-0.111476505173078,-1.8210271596921
1918,22520,"s009","m1",0.2433340577223,0.157750820882298,-0.321747494102569,-0.0969190983739893,-2.29496384244661
1919,22521,"s009","m1",0.21014697618683,0.0895198903811163,-0.287920965494623,-0.322311230173087,-2.63743211274981
1920,22562,"s009","m1",0.245824739055271,0.0589980244785754,-0.297406017174396,-0.124186420222599,-1.0959115168697
1921,22565,"s009","m1",0.248379150962961,0.142435198313672,-0.233049662780286,0.0107706634252355,-1.85648156998293
1922,22573,"s009","m1",0.261488761904076,0.0949844718129403,-0.159903477281572,-0.0891113914661173,-1.38798387966696
1923,22577,"s009","m1",0.224885168945337,0.117409966801101,-0.364902298067437,0.00380129880220603,-1.65438843438582
1924,22579,"s009","m1",0.195428971252793,0.0806579845236406,-0.378336415277525,-0.4138478989507,-0.893593162776566
1925,22580,"s009","m1",0.172421485509883,0.117259226055092,-0.279663083741788,-0.000561102503482826,-0.56407435675481
1926,22581,"s009","m1",0.195715569026055,0.0670263268583,-0.322111412089575,-0.0934451593598974,-2.05742733459653
1927,22592,"s009","m1",0.187791712449109,0.0170380673959514,-0.219549724123981,-0.168460020714294,-0.269462688522816
1928,22606,"s009","m1",0.224971487940392,0.143689509121636,-0.245609861430303,-0.0563067336832838,-1.80477641755827
1929,22615,"s009","m1",0.287105814208882,0.151208906472342,-0.00152908486014888,-0.0604363497141588,-1.81764303807705
1930,22632,"s009","m1",0.204775101310705,0.0728055452575377,-0.357727221411781,-0.0624532955761944,-0.454972137502254
1931,22653,"s009","m1",0.260513200895382,0.186527847691599,-0.174188749584257,-0.0329608531688816,-1.8986386385458
1932,22658,"s009","m1",0.188434729400901,0.0788797993565311,-0.478451482545938,-0.300238895723525,-1.75729576674827
1933,22685,"s009","m1",0.233942648966409,0.0428329447429759,-0.279033750877887,-0.162158093925086,-1.50756474742951
1934,22697,"s009","m1",0.227781829635928,0.130951752958115,-0.3445442947055,-0.118931549708812,-1.4301998606854
1935,22702,"s009","m1",0.157679969430209,-0.00775659337861403,-0.55847577744008,-0.147187580883927,-0.533820343551667
1936,22704,"s009","m1",0.278431159152635,0.203297141435313,-0.0791287334333479,0.00289532332087073,-1.63495113771032
1937,22706,"s009","m1",0.137042147717006,0.0945390025826506,-0.497810209300818,-0.33141108659807,-1.58394468406109
1938,22722,"s009","m1",0.219814636266262,0.125944146012502,-0.361302497468987,-0.124658739998516,-1.86219818793266
1939,22726,"s009","m1",0.0935529817183709,0.0101980959106292,-0.459158414081615,-0.215672071716337,-0.173916520268519
1940,22738,"s009","m1",0.228777892237835,0.11774133350914,-0.155302688620038,-0.0237188184533932,-2.04209178851381
1941,22739,"s009","m1",0.260948823098687,0.140595436170104,-0.176490449722475,-0.0150519739220379,-1.57806728159147
1942,22754,"s009","m1",0.239534069979924,0.0633055131821374,-0.313178324378748,-0.2153005313653,-1.0324320964812
1943,22772,"s009","m1",0.249599426521995,0.130843278375903,-0.202345889559878,-0.0396060180369328,-1.46942440127242
1944,22786,"s009","m1",0.230342721044336,0.0639293220010325,-0.246945665618017,-0.180605797346886,-1.21481818331859
1945,22813,"s009","m1",0.223377705916794,0.127258168855874,-0.344051312889684,-0.0953812100153556,-1.53510562268522
1946,22820,"s009","m1",0.164735597554286,0.0557507081573038,-0.366607994561559,-0.159361451992892,-0.45135771603935
1947,22858,"s009","m1",0.227878968411068,0.090880872907744,-0.303424616840747,0.030824524312012,-1.69466006929599
1948,22891,"s009","m1",0.155237974362082,0.112110806214129,-0.461952467685753,-0.133674224262922,-1.40844792331822
1949,22903,"s009","m1",0.147803631785516,0.155969215180639,-0.352207772273811,-0.162087948801189,-1.53796540058947
1950,22907,"s009","m1",0.188262801545169,0.0562245851760399,-0.333678850111805,-0.144569995112398,-1.64312385489914
1951,22912,"s009","m1",0.188899782928135,0.079891896493416,-0.388078313692493,-0.0459587269515685,-1.05944707133513
1952,22920,"s009","m1",0.162052799509044,0.0762023884303213,-0.448597084638119,-0.155271281519579,-0.792398136126194
1953,22923,"s009","m1",0.235412872041568,0.0996623013384243,-0.425416873349156,-0.29773225736857,-1.91283876854211
1954,22931,"s009","m1",0.229234633852488,0.098701342625181,-0.215354751956737,-0.136563865720975,-0.922788744019133
1955,22944,"s009","m1",0.274732335225295,0.118809175199305,-0.227273851966728,0.0594974870597896,-1.5731672724621
1956,22945,"s009","m1",0.308468636062053,0.14405399191155,-0.195122890254515,0.0104239382117996,-2.83478652459091
1957,22960,"s009","m1",0.211452909549445,0.0108512061708853,-0.489221002406617,-0.191026685964134,-0.739785335063091
1958,22977,"s009","m1",0.260866155721791,0.133900910005287,-0.248008366293162,-0.134344083829204,-1.80692710621527
1959,22980,"s009","m1",0.263919745015457,0.142728987569074,-0.221626563771751,-0.0207704188572287,-1.63598854778035
1960,22990,"s009","m1",0.245705137549293,0.167203563085654,-0.0779543232807199,0.00205473274109435,-0.961259909324953
1961,22995,"s009","m1",0.203842482780364,0.0783069687433593,-0.298399656259909,-0.244929868866465,-0.897471883465969
1962,22996,"s009","m1",0.205001475894012,0.199939463663233,-0.37202976217771,0.0638867273821326,-1.5692022911172
1963,23006,"s009","m1",0.205850512686926,0.108745652747309,-0.277377348995972,-0.13897180067232,-1.76812151299456
1964,23032,"s009","m1",0.239643908136881,0.139854970066966,-0.0655033894204257,-0.0538270707747249,-1.10892641852853
1965,23037,"s009","m1",0.244540335409686,0.142464246106715,-0.144197888842119,-6.57578051389447e-05,-1.80138721484962
1966,23051,"s009","m1",0.258633244131056,0.120983713613752,-0.422691950416943,-0.134687926033586,-1.49647227450886
1967,23058,"s009","m1",0.107432587631673,-0.00986184826278524,-0.51570423735547,-0.274254123032592,-1.0789652218999
1968,23066,"s009","m1",0.200102373386867,0.0594456321027233,-0.135618290679566,-0.143938643101903,-0.885097953776253
1969,23069,"s009","m1",0.302302348343191,0.178035812070877,-0.301931155673852,0.091286535399893,-2.38352906568599
1970,23080,"s009","m1",0.250381471691903,0.0955279303677182,-0.219100129170029,-0.134699991518055,-1.69766687299661
1971,23102,"s009","m1",0.270427505649376,0.173379118542476,-0.189819057992716,0.00348923001550734,-2.49592527048192
1972,23114,"s009","m1",0.252038842813476,0.0797789871423152,-0.119840991805373,0.0145370669883608,-0.856314839097028
1973,23121,"s009","m1",0.242408355505369,0.0458482652471987,-0.268902963286617,-0.166324326127993,-1.53988978329405
1974,23134,"s009","m1",0.251090537977072,0.0753241122545739,-0.331596112444475,-0.100625904135938,-1.60262496808439
1975,23153,"s009","m1",0.197636372648415,0.102885065937232,-0.237749427284167,-0.0558231239372934,-0.893297088582332
1976,23168,"s009","m1",0.18506026811023,0.0212955438975293,-0.465132036782133,-0.216025664834422,-1.26294436638089
1977,23174,"s009","m1",0.25516619159496,0.116742494878222,-0.378821134205986,-0.0345492442850578,-1.61353288420118
1978,23183,"s009","m1",0.203071495026382,0.0748714378113634,-0.334045586380725,-0.100000628959003,-0.884218175103675
1979,23189,"s009","m1",0.198516734462678,-0.00080369322512286,-0.210658049803592,-0.214477455255651,-1.25969309322959
1980,23194,"s009","m1",0.218412903784913,0.169349203683945,-0.193874680800817,-0.0736765998269471,-2.01276539899496
1981,23211,"s009","m1",0.125134927386949,0.0613135878489151,-0.485733575019296,-0.130064895877157,-0.946485354202692
1982,23217,"s009","m1",0.15937111014609,0.0982051396184224,-0.301187663558758,-0.129894716530233,-1.36537275466534
1983,23242,"s009","m1",0.228656875733186,0.117285968631833,-0.293947110600928,-0.103131432925108,-1.60278900427312
1984,23264,"s009","m1",0.225444399860097,0.113618512150729,-0.264047901548164,-0.0140773501377779,-0.870743357893876
1985,23275,"s009","m1",0.122502788637044,0.00678094250496319,-0.486453400354029,-0.316619105417872,-0.900565217620499
1986,23277,"s009","m1",0.227929404900148,0.128451448681456,-0.190603498761412,-0.0913738815120683,-0.895307283013312
1987,23278,"s009","m1",0.116179641800299,0.0090361118885271,-0.483100849664647,-0.195789496345475,-0.602066171937339
1988,23292,"s009","m1",0.197842935661119,0.117471856380237,-0.372903228105536,-0.13547163897787,-1.11333971958025
1989,23294,"s009","m1",0.230157883672042,0.144611114315539,-0.321807997034709,0.0313910039276574,-2.63497609446938
1990,23306,"s009","m1",0.20910560491632,0.0578025042921273,-0.308012096554121,-0.0656302190807769,-1.118599916577
1991,23316,"s009","m1",0.151338181914293,0.114844576875767,-0.358407181775445,-0.201622706651048,-0.90712004700679
1992,23317,"s009","m1",0.158700488111476,0.0567636525241617,-0.420241400159094,-0.283958950157382,-0.671242708344901
1993,23322,"s009","m1",0.232265509032994,0.0955024546386975,-0.283706308904842,-0.202476164327625,-0.977937777059836
1994,23324,"s009","m1",0.205334246593967,0.0650456110837261,-0.279293665044075,-0.0877211698869624,-0.892311850861285
1995,23326,"s009","m1",0.267954250737947,0.180794107166133,-0.179476539554907,-0.191537871284532,-1.6241911148157
1996,23333,"s009","m1",0.184095594661972,0.136995406188467,-0.365616505973151,-0.0248279754596195,-0.858959097223133
1997,23350,"s009","m1",0.204308776039011,0.072592361842293,-0.372060668956818,-0.00274436514958668,-1.26100178994138
1998,23366,"s009","m1",0.248788506134091,0.153756220125299,-0.21280711744935,-0.0230116538055353,-1.51551525513355
1999,23371,"s009","m1",0.16983206184798,0.0662052830233983,-0.37560166940138,-0.203536134798125,-1.08719208628903
2000,23378,"s009","m1",0.260535124778223,0.139729852959678,-0.295318944291337,-0.0591851877469296,-1.85070117994841
2001,23399,"s009","m1",0.216045401551765,0.128906350931485,-0.240903017417782,-0.0659341024411007,-2.35236701707232
2002,23428,"s009","m1",0.234941448932049,0.1645366188141,-0.219677346438898,-0.0889709756881855,-1.16899096311415
2003,23432,"s009","m1",0.245170050105952,0.127055294899323,-0.270427449275456,-0.0534591443695208,-1.98380813800793
2004,23433,"s009","m1",0.232810580334355,0.104192764175451,-0.346472829268236,-0.0347533938160098,-1.18718830259648
2005,23440,"s009","m1",0.28041805192165,0.206010397590173,-0.18350283938127,0.0032797771126959,-1.54057784920515
2006,23443,"s009","m1",0.231497840398055,0.0983483896888127,-0.344374337951936,-0.143571876321557,-0.970396493515281
2007,23464,"s009","m1",0.262580278199751,0.0700023384939316,-0.39909101207761,-0.122651170853003,-1.62368182988295
2008,23472,"s009","m1",0.225276211808841,0.104234773319063,-0.32171118387794,-0.106423430350042,-1.57976597485564
2009,23494,"s009","m1",0.231831266672004,0.112993026426383,-0.264267049832155,-0.137905971163681,-1.68216235892251
2010,23499,"s009","m1",0.169394594156554,0.0686198627328941,-0.389579326187451,-0.259861816016579,-0.817137941393702
2011,23504,"s009","m1",0.161042620050256,0.0708840878225155,-0.451931889549744,-0.085779314065287,-0.785466987621102
2012,23515,"s009","m1",0.257011883415268,0.182578038806365,-0.294959068387819,0.000939304287997399,-1.60741717587353
2013,23564,"s009","m1",0.248559531053017,0.106199222520998,-0.238896715681763,-0.048999847169465,-1.77542484487176
2014,23570,"s009","m1",0.181990496019102,0.122494129064322,-0.16408447010012,-0.0157945459889469,-0.953456701497973
2015,23585,"s009","m1",0.208879166631369,0.0853469871314619,-0.29440068399797,-0.171481631202222,-1.77625510127664
2016,23586,"s009","m1",0.172936190083789,0.00612000626364132,-0.254002952031282,-0.122165119794207,-0.321298571944947
2017,23589,"s009","m1",0.190125592406666,0.052928644828648,-0.318719544547956,-0.303970410853783,-0.625392825663588
2018,23611,"s009","m1",0.209375876807557,0.0587815835993668,-0.198045402486927,-0.0319883517282851,-1.43641279450038
2019,23614,"s009","m1",0.2144399110224,0.100904314826609,-0.426386299238983,-0.205328982018552,-1.4961539668615
2020,23630,"s009","m1",0.259528061625531,0.110588056724544,-0.39903621272982,-0.177484045004974,-0.840339476530787
2021,23651,"s009","m1",0.206667612772898,0.0457795372164392,-0.380050254917188,-0.14420060400145,-1.78002588806943
2022,23658,"s009","m1",0.17948954140124,0.147914977191232,-0.195381049530343,-0.112721383593492,-1.16071285956621
2023,23663,"s009","m1",0.190886117985308,0.0950493230677854,-0.131797227369308,-0.129962183955555,-0.998875816753399
2024,23677,"s009","m1",0.238766993357091,0.0779374924877978,-0.25145053184495,-0.203343418206331,-0.701175376258103
2025,23684,"s009","m1",0.186614592000508,0.121321200726439,-0.376405858811518,-0.187566824033592,-1.67674757534489
2026,23689,"s009","m1",0.156767656185851,0.114797724832317,-0.344929766081407,-0.155556911683389,-0.933070647259334
2027,23698,"s009","m1",0.194454167532043,0.116296821299915,-0.322881300724423,-0.109862193709321,-1.07904768884805
2028,23711,"s009","m1",0.214768520840666,0.128861255069888,-0.282529665231871,-0.170065550558953,-2.05848922408563
2029,23744,"s009","m1",0.207715175250235,0.142118091604618,-0.344144136046159,-0.0762015175259616,-1.91285758904551
2030,23757,"s009","m1",0.267435335024013,0.13859979154831,-0.20077861214891,0.0328230965621154,-2.16516945488559
2031,23789,"s009","m1",0.278244722128592,0.181183163544983,-0.281165338027814,-0.0536127128883735,-1.83937182413953
2032,23806,"s009","m1",0.214784666447089,0.0438961090086232,-0.382105542599296,-0.138157177074226,-1.16647958363373
2033,23810,"s009","m1",0.178074089597053,0.0877440907407322,-0.317846196816899,-0.117192844017288,-0.475987983123904
2034,23830,"s009","m1",0.19827894635204,-0.00353903208331622,-0.508574081314836,-0.254304019688137,-0.535770003348226
2035,23834,"s009","m1",0.219619264230186,0.0978915255535495,-0.226814534096731,-0.145196182925686,-1.42397183282308
2036,23836,"s009","m1",0.230040947211853,0.0681768790937774,-0.329463781957051,-0.0294350588490725,-0.638248306925191
2037,23839,"s009","m1",0.180144698333271,-0.0598600061877271,-0.514235141247698,-0.264168344361237,-0.779334691595136
2038,23847,"s009","m1",0.236038924683233,0.184617914653242,-0.266180665970561,-0.0517530340888733,-1.77319008906503
2039,23861,"s009","m1",0.229285012059294,0.0499377440033691,-0.220563818130648,-0.078742223389719,-1.92068118116733
2040,23902,"s009","m1",0.179998412115877,0.0701055472900444,-0.412960260912794,-0.269319546488683,-1.45821284398223
2041,23929,"s009","m1",0.299872364250701,0.134679949031502,-0.105800542003175,0.104333405985457,-2.0913694204339
2042,23949,"s009","m1",0.217264283296329,0.0581884448974885,-0.232551947034366,-0.0147155195639377,-1.21399877618623
2043,23957,"s009","m1",0.235716960704063,0.104359398302994,-0.250903088457101,-0.100371621271921,-0.873300629589482
2044,23965,"s009","m1",0.164669723321814,0.0676739763913697,-0.251482871420654,-0.234251148735374,-0.886885941335854
2045,23970,"s009","m1",0.245874552647636,0.120755635443817,-0.324295822096248,0.0388414371089223,-1.21532005927319
2046,23976,"s009","m1",0.203175101472825,0.0498229771925616,-0.314920833183912,-0.102750935347425,-1.06120444044373
2047,23977,"s009","m1",0.208165693884157,0.0752875595582779,-0.183330408135988,-0.100340697262237,-1.4268622882502
2048,23981,"s009","m1",0.216556236287844,0.0738012053969402,-0.411833799501656,-0.0501666662868864,-1.37900698695719
