"draw","source_draw","id","assumed_model","alpha_0","nu_0","nu_1","tau"
1,16,"s046","m0",0.291339715572387,0.284368051619439,-1.00859409722826,-0.763191831549002
2,20,"s046","m0",0.422342870322499,0.362306509724866,-0.637304613765106,-1.83566477578184
3,40,"s046","m0",0.467491819649882,0.486406933876476,-0.371783389978805,-2.92225767335624
4,52,"s046","m0",0.385637075760325,0.346841317595393,-0.610678041073333,-1.58771525776137
5,91,"s046","m0",0.244631897455088,0.255517967225521,-0.893753622919959,-0.0595543215547175
6,115,"s046","m0",0.308051489625449,0.303547227135217,-0.860338172535487,-0.527433634224227
7,139,"s046","m0",0.250445453475207,0.240602456716336,-1.00500318343172,-0.458353615283049
8,141,"s046","m0",0.352919733446495,0.239808877015817,-0.653248212610455,-0.969957217449727
9,162,"s046","m0",0.267722513519719,0.291009189704132,-0.789639629818272,-0.13261639948931
10,170,"s046","m0",0.315416600507979,0.246504592604002,-0.821988566040187,-0.971537823795295
11,193,"s046","m0",0.337872421017158,0.315845312050133,-0.835150469395861,-0.55268278740314
12,196,"s046","m0",0.331191990766866,0.248124837001237,-0.733145999303819,-0.923339525433729
13,209,"s046","m0",0.355373029472644,0.35018252612727,-0.726704545030588,-0.915926884768685
14,251,"s046","m0",0.350172780221314,0.30980339263721,-0.442307580841726,-0.90246086641776
15,256,"s046","m0",0.243456170237509,0.351324218225623,-0.914847705174904,0.028209774515829
16,265,"s046","m0",0.465281137648263,0.426896524413559,-0.327567288499608,-1.54620605636873
17,273,"s046","m0",0.396423176630696,0.334140578049147,-0.673918675359859,-1.25188300250599
18,274,"s046","m0",0.450748612327895,0.427684303239886,-0.379586404758522,-2.39062403387793
19,284,"s046","m0",0.230540575523442,0.215403455415911,-0.729013596596141,0.0367840489376455
20,292,"s046","m0",0.443105964143395,0.4473722750694,-0.47621576675804,-1.56470731666352
21,311,"s046","m0",0.251744343588868,0.127271685306675,-1.08421948834719,-1.07122084850559
22,326,"s046","m0",0.316862686583688,0.280584384804033,-0.805308680910918,-0.755313304664318
23,336,"s046","m0",0.290289519756773,0.361831745662323,-0.549063597577274,0.00715152227225853
24,342,"s046","m0",0.409921178447813,0.298855191277429,-0.704949631369704,-2.38468789971366
25,358,"s046","m0",0.405534172639861,0.346922112062757,-0.439816765931048,-1.61183860263639
26,365,"s046","m0",0.334156614920221,0.310186401252111,-0.61660737578659,-1.26917744193527
27,400,"s046","m0",0.288020727336602,0.251121720633358,-0.821936207024799,-0.392155415723323
28,407,"s046","m0",0.354586490851209,0.358237883710391,-0.780034025476373,-1.40497467897742
29,408,"s046","m0",0.149943392231616,0.170317192519299,-0.958730869057062,0.215804524250477
30,410,"s046","m0",0.373985609561138,0.410116213118281,-0.554857250680131,-0.937677835444297
31,413,"s046","m0",0.186236622012132,0.158878020948497,-0.68839161810521,-0.0686704683646069
32,417,"s046","m0",0.381517891375424,0.257916696992192,-0.530598332047625,-1.63144155121877
33,435,"s046","m0",0.367664339268383,0.338120165262408,-0.937742309206689,-1.17537234842481
34,437,"s046","m0",0.267471162855719,0.191991328856425,-0.966619180126371,-0.485324269346428
35,443,"s046","m0",0.263555872930501,0.232122424473819,-0.946555444021744,-0.569776814620817
36,446,"s046","m0",0.426054354360522,0.401274965574073,-0.538680281271136,-1.80518993046824
37,459,"s046","m0",0.389778554340006,0.413199617461535,-0.399685129114466,-1.01443155187074
38,488,"s046","m0",0.322425145323475,0.350557525661246,-0.429753478206745,-0.784175626533395
39,493,"s046","m0",0.337416259635069,0.284815247282657,-0.393992625608509,-0.374289232561886
40,502,"s046","m0",0.420374151452305,0.398337809751842,-0.568702109129846,-1.4475694891105
41,507,"s046","m0",0.317111150405828,0.296469059273282,-0.895269692309778,-0.703349625970085
42,510,"s046","m0",0.377086385915819,0.341887122501091,-0.521823531776839,-1.16858662131482
43,517,"s046","m0",0.412325995555381,0.381594953405561,-0.500991172014002,-2.046560873625
44,530,"s046","m0",0.298056206625494,0.297280404238813,-0.737550649805861,-0.343173655674721
45,532,"s046","m0",0.235012829870877,0.238393701602774,-0.844742443369355,-0.479698593448139
46,543,"s046","m0",0.364226237484593,0.400846566248689,-0.548472106453306,-0.57045962494701
47,566,"s046","m0",0.345812749932538,0.385348266850933,-0.520785717137675,-0.598186003766651
48,589,"s046","m0",0.309938067161976,0.28107336953962,-0.478328680427795,-0.499849952905482
49,597,"s046","m0",0.280941845019571,0.26817094394852,-0.760283541276084,-0.320561946728687
50,598,"s046","m0",0.334784697462832,0.289865392489517,-0.481131454246337,-0.395930689280255
51,626,"s046","m0",0.328128808458957,0.273715087655678,-0.618215437599371,-0.848539165214318
52,629,"s046","m0",0.372516858128172,0.333594080165879,-0.359353197200537,-1.04942626848914
53,640,"s046","m0",0.340540284389002,0.32527968527867,-0.570784435826315,-0.816468053385877
54,651,"s046","m0",0.334301321161327,0.328156609207843,-0.807452735147273,-1.45578731590583
55,656,"s046","m0",0.294164950998625,0.238338393198637,-0.726920986757676,-0.534632693063412
56,668,"s046","m0",0.269584485117182,0.259845906928797,-0.728893861492027,-0.565391237374791
57,680,"s046","m0",0.409597357048858,0.344623913063632,-0.682303503078854,-1.61026816187243
58,704,"s046","m0",0.377104914499006,0.309924147493939,-0.308533839994733,-1.2713023892763
59,708,"s046","m0",0.349171586824661,0.29516769037349,-0.581501974380519,-0.912649677376507
60,720,"s046","m0",0.398752852973119,0.383537283774297,-0.661697725912474,-1.00687845291646
61,738,"s046","m0",0.303527836783406,0.278612731019933,-0.66399038793828,-0.436422262668044
62,750,"s046","m0",0.281209830509899,0.289104089127372,-0.588244825334743,-0.546407030239347
63,756,"s046","m0",0.164882571199142,0.168855251435306,-1.0795472769342,0.474330821778113
64,770,"s046","m0",0.309575080903011,0.28897499043317,-0.387317499478075,-0.245562706088671
65,777,"s046","m0",0.209182094679754,0.263845496745086,-0.888078713160079,-0.148532507561496
66,797,"s046","m0",0.273873555205275,0.293863808438694,-1.06550013117124,-0.511304657877839
67,803,"s046","m0",0.394781109257284,0.378752920646836,-0.461241065374329,-1.14288809346358
68,820,"s046","m0",0.350049105434841,0.310981646974291,-0.912978970143677,-1.28117378545163
69,838,"s046","m0",0.172125010526485,0.178455841991236,-1.02892632550552,0.0899114655623729
70,849,"s046","m0",0.286794476392423,0.271053103754835,-0.624051677784298,-0.625673320359708
71,869,"s046","m0",0.404546694750862,0.380663180195786,-0.366254676121959,-1.31655189649704
72,915,"s046","m0",0.268625052315835,0.262195577000302,-0.687538935353135,-0.381749745607506
73,921,"s046","m0",0.379526482598582,0.379425519589756,-0.610254811849438,-1.00871596133303
74,937,"s046","m0",0.368535035794541,0.371461144178419,-0.491442895325951,-1.00021226397768
75,938,"s046","m0",0.31323388215222,0.345980499848013,-0.764723836999741,-0.594752765560157
76,948,"s046","m0",0.324994145233267,0.309707221502067,-0.70368934588575,-0.93568004216183
77,974,"s046","m0",0.378904483629494,0.322865309652181,-0.683398354073096,-0.656577431382392
78,980,"s046","m0",0.387772514139285,0.378108483899867,-0.622005958952838,-1.13605421797088
79,1002,"s046","m0",0.24204792858367,0.295184729246384,-1.0107648812833,0.105098302638002
80,1015,"s046","m0",0.384320477250127,0.355911496027565,-0.329432601374341,-0.950661901251721
81,1022,"s046","m0",0.340357749914925,0.353682581593217,-0.8793681702731,-1.12424971179625
82,1024,"s046","m0",0.329224216912211,0.303776222049392,-0.756507598109038,-0.5673980490648
83,1050,"s046","m0",0.338691325579321,0.360603267629085,-0.632684536554238,-0.685372151580949
84,1062,"s046","m0",0.302887615402124,0.260877240417663,-0.691621910609587,-0.735659006429596
85,1072,"s046","m0",0.350593896376085,0.333051335738163,-0.582389545214998,-0.884035034493588
86,1078,"s046","m0",0.314894456414575,0.297087890269841,-0.667897631513748,-0.751006779044718
87,1083,"s046","m0",0.363846008858202,0.297543698167174,-0.619388329232376,-1.00592366087278
88,1109,"s046","m0",0.313695327114779,0.343434630557765,-0.558986665100579,-0.651169036168363
89,1117,"s046","m0",0.360369618384848,0.360771845548815,-0.619832115150985,-1.12439705035164
90,1161,"s046","m0",0.30699504442679,0.321938219282553,-0.74642962891014,-0.491707787437539
91,1179,"s046","m0",0.423006952373107,0.309773545110729,-0.409665260483234,-2.56909879698779
92,1184,"s046","m0",0.299570147866827,0.347539706781984,-0.937957950319617,-0.593446283449088
93,1201,"s046","m0",0.280951139626798,0.20834757532057,-1.19428988637075,-0.720589733742221
94,1204,"s046","m0",0.339308272903073,0.364591543350672,-0.557539454122133,-1.39495582603037
95,1206,"s046","m0",0.273833859113042,0.280815410242163,-0.94084921311683,-0.478719439531852
96,1217,"s046","m0",0.392316033713025,0.286500474389575,-0.553934008327294,-2.14266037847728
97,1230,"s046","m0",0.259821835739385,0.300209277983159,-0.869735541048573,-0.097924390350124
98,1257,"s046","m0",0.271352496595478,0.285988481645397,-0.894362955920616,-0.450661454475516
99,1268,"s046","m0",0.356192342719115,0.364280340476264,-0.594328490112162,-0.964933853022677
100,1278,"s046","m0",0.319985014111615,0.233604942898677,-0.675625311363866,-0.63697942228912
101,1284,"s046","m0",0.31424080606996,0.290484325726972,-0.999748029110939,-0.365682212542475
102,1286,"s046","m0",0.413853818161248,0.34805464896897,-0.420851652552196,-1.16819363250551
103,1318,"s046","m0",0.444706406712317,0.384078859923946,-0.51048620277116,-1.56418909136889
104,1327,"s046","m0",0.375334987477106,0.345053412171727,-0.409343540608844,-0.832181557663564
105,1331,"s046","m0",0.340348364762426,0.327507077026967,-0.800919445727728,-0.786348586735704
106,1332,"s046","m0",0.352657360938941,0.307790372922209,-0.65882333226773,-0.824736613576834
107,1339,"s046","m0",0.215303286687594,0.179498659846651,-1.06151444278181,-0.117943711108268
108,1346,"s046","m0",0.335355014147458,0.337957138955175,-0.814366837393066,-0.829222264379101
109,1355,"s046","m0",0.459088677448837,0.370322203255348,-0.610343391558252,-1.82879475703365
110,1386,"s046","m0",0.401545462086321,0.37019977154991,-0.477535944426321,-1.1373270915886
111,1403,"s046","m0",0.346729442578432,0.36160083105238,-0.575417834563367,-1.27503934622992
112,1419,"s046","m0",0.307403694764249,0.316117989728574,-0.819886997438515,-0.756317742068256
113,1448,"s046","m0",0.299527193289446,0.24153597520487,-0.486623547887593,-0.237606449624167
114,1451,"s046","m0",0.280037797072239,0.308304280395852,-1.00983706347012,-0.695543707194655
115,1478,"s046","m0",0.360151228719677,0.401163084587864,-0.643046530736802,-1.10603206105881
116,1484,"s046","m0",0.246414390886181,0.23587481072026,-0.741761736741834,-0.170892460002238
117,1534,"s046","m0",0.43359247842964,0.284583723693757,-0.483941119435898,-2.34024838209859
118,1539,"s046","m0",0.382511413209423,0.300373774378128,-0.581633068782415,-1.75132457681601
119,1565,"s046","m0",0.250691520129203,0.193420209134565,-0.729685633610402,-0.277157454073434
120,1567,"s046","m0",0.345536932514575,0.339926408081721,-0.807245388165888,-0.40518763694496
121,1568,"s046","m0",0.190984179786917,0.255078033812396,-1.12428088516116,0.0392817682099477
122,1578,"s046","m0",0.412457368242416,0.453438350623597,-0.521561580398069,-0.717975475184158
123,1581,"s046","m0",0.329105185739616,0.335478619396355,-0.605272747923602,-0.960487526301605
124,1597,"s046","m0",0.354775135936946,0.271667481204533,-0.761563135794123,-0.870315354026388
125,1608,"s046","m0",0.331878709985098,0.334122692014976,-0.590972011915366,-0.71528008182534
126,1610,"s046","m0",0.241551318293121,0.242281565288015,-0.942920825072587,-0.307119646744805
127,1627,"s046","m0",0.355847211580268,0.262318899803082,-0.508584873904474,-1.28718678747646
128,1641,"s046","m0",0.198317080863282,0.22015833693852,-1.07893435327582,0.106700488193026
129,1647,"s046","m0",0.333417190142995,0.269231230850302,-0.752316261912365,-0.788964473900487
130,1648,"s046","m0",0.239360776401769,0.122140940179838,-0.734580743584039,-0.110003773347207
131,1657,"s046","m0",0.357997126276634,0.270433740301076,-0.478474231820495,-1.14231643794868
132,1662,"s046","m0",0.196312853233395,0.226548039095853,-0.905030713905998,0.0720615574152683
133,1677,"s046","m0",0.275579890303881,0.21657422270638,-0.904818350039579,-0.801596915815819
134,1679,"s046","m0",0.259748723928535,0.204703318467879,-0.685263415977804,-0.285849751148621
135,1685,"s046","m0",0.277170035850512,0.233624022284412,-0.86440321572094,-0.420679946044484
136,1698,"s046","m0",0.385225272807735,0.327685214307676,-0.640291048046889,-1.67083008790356
137,1721,"s046","m0",0.458595108331986,0.403178017651199,-0.357749354206709,-2.11868553644083
138,1759,"s046","m0",0.343059551918487,0.176101282222555,-0.586754638449997,-1.13272125977403
139,1765,"s046","m0",0.398124397821071,0.430054324331778,-0.507572382003448,-1.56226612849712
140,1767,"s046","m0",0.318130369613177,0.307623173913325,-0.850074342634137,-0.839373730966786
141,1775,"s046","m0",0.279151655015482,0.29798630507722,-1.19449818491761,-0.414172917382997
142,1779,"s046","m0",0.433997819724232,0.354731293947882,-0.62341997405535,-1.17135139199138
143,1783,"s046","m0",0.295565663741053,0.267430608573606,-0.767435493326248,-0.73323250410574
144,1790,"s046","m0",0.308091291109657,0.276981881070556,-0.703023080931919,-0.268743943278442
145,1814,"s046","m0",0.366078340622342,0.327496931092085,-0.689877206308246,-1.41933026656741
146,1821,"s046","m0",0.308099286909566,0.243342661445231,-0.735988236251984,-0.615276649498545
147,1823,"s046","m0",0.338025756715766,0.305745746042032,-0.754024305283112,-0.568208450568855
148,1842,"s046","m0",0.281908848263448,0.257723386369224,-0.581471617829729,-0.240367302810659
149,1855,"s046","m0",0.386711264074365,0.355491650287823,-0.771546175638785,-1.08827218718107
150,1857,"s046","m0",0.298477780362153,0.213518234612991,-0.586234800166273,-0.266813716012299
151,1866,"s046","m0",0.33975757893455,0.345732090050349,-0.606667306993708,-0.817131957884551
152,1884,"s046","m0",0.372553188477622,0.237181228598607,-0.576722346896357,-1.50028156267366
153,1886,"s046","m0",0.328542551517662,0.280390556400885,-0.648013961240698,-0.744000090073832
154,1898,"s046","m0",0.408090991047624,0.392342919209424,-0.311032966190642,-1.28502965887706
155,1913,"s046","m0",0.444108488022112,0.388734406595224,-0.321640146596368,-1.34056384307598
156,1924,"s046","m0",0.343645056847935,0.326736444471927,-0.845421257324411,-1.07288837772878
157,1961,"s046","m0",0.329843473951594,0.333145583123109,-0.609763885098649,-0.680675460730187
158,1964,"s046","m0",0.334242073323659,0.330364728501005,-0.615115735309233,-0.483915790572366
159,1977,"s046","m0",0.245534231847595,0.223057120741022,-0.858719673700094,-0.290582607015533
160,1984,"s046","m0",0.336476696132427,0.337327967039706,-0.478479238714904,-0.513279595121628
161,2002,"s046","m0",0.341463830149473,0.372161198250658,-0.694581134436259,-0.965979741617967
162,2006,"s046","m0",0.425885157838588,0.376317180103942,-0.670665464807943,-1.71508851542853
163,2044,"s046","m0",0.330638731836914,0.260152101390287,-0.464025403981891,-1.26552778647893
164,2054,"s046","m0",0.280872618120366,0.188551513548203,-0.973348034653275,-0.642815447346278
165,2058,"s046","m0",0.351404597507175,0.340465604246147,-0.76250161190436,-1.55191081845184
166,2068,"s046","m0",0.396079394499037,0.352638339696844,-0.380939375646451,-1.02086691823251
167,2082,"s046","m0",0.389247533981007,0.275368508940974,-0.443041073156681,-1.88435005911585
168,2089,"s046","m0",0.348222370600652,0.313393903194647,-0.599530760920954,-1.09103536313629
169,2142,"s046","m0",0.293187570700629,0.235602850207738,-1.08809154698446,-0.85963337651319
170,2150,"s046","m0",0.363860570748883,0.335331561749209,-0.793426224922083,-1.13821485670466
171,2158,"s046","m0",0.443985841235841,0.393940087538598,-0.366762275323903,-1.61167877707565
172,2204,"s046","m0",0.295158724294715,0.255813009896979,-0.943799564480375,-0.544433289731004
173,2212,"s046","m0",0.332688880812434,0.27164956621046,-0.600551013971451,-1.36571974990649
174,2221,"s046","m0",0.293177633615347,0.261518532449272,-0.642748006838726,-0.616358280196367
175,2243,"s046","m0",0.309268973114024,0.282257433436132,-1.03556248103105,-0.419036541648858
176,2267,"s046","m0",0.320845031629783,0.305447342395677,-0.698395106540685,-0.330509292006515
177,2276,"s046","m0",0.306759568644054,0.320919979208155,-0.792793327452611,-0.493139969019766
178,2278,"s046","m0",0.444381523276023,0.464299851595288,-0.370112864055766,-1.36473961263795
179,2286,"s046","m0",0.332521087676459,0.34263454645819,-0.910138128515109,-1.0472809347925
180,2296,"s046","m0",0.298767240397608,0.267885346451309,-0.764533698218211,-0.435670697586962
181,2308,"s046","m0",0.271396796820842,0.258160579932624,-0.896857863652915,-0.403812940205164
182,2324,"s046","m0",0.260694500688794,0.376410888668419,-0.863712268775784,-0.197485791940282
183,2325,"s046","m0",0.429507355482042,0.380160859635838,-0.482041191919395,-1.73398840302847
184,2329,"s046","m0",0.369331300320754,0.327972987803309,-0.519134399590365,-1.22917994278086
185,2331,"s046","m0",0.321150857231718,0.230030973457072,-0.852044552068476,-1.10994562261878
186,2347,"s046","m0",0.305077802623526,0.279208565548268,-0.878168430031603,-0.644308542000833
187,2353,"s046","m0",0.267891672397677,0.248805955621823,-1.24962662682523,-0.60014354945141
188,2356,"s046","m0",0.437723138889674,0.418950917578492,-0.634456294559198,-1.30325533557195
189,2365,"s046","m0",0.364342780568519,0.34693948022844,-0.629587870349012,-0.844633483232796
190,2371,"s046","m0",0.359026717848398,0.221738795267531,-0.60866806008616,-0.988510932267756
191,2391,"s046","m0",0.341956667135118,0.293532901440992,-0.650926227399832,-1.25832186461513
192,2408,"s046","m0",0.378107228766617,0.407162913451353,-0.606257794113166,-1.34511738631538
193,2424,"s046","m0",0.413151009242139,0.394552721038222,-0.461180832576094,-1.5194864636881
194,2432,"s046","m0",0.354314107099852,0.295472159893096,-0.670093432785075,-1.11904067958741
195,2434,"s046","m0",0.365560919578321,0.33987388550747,-0.645255409471386,-0.899175271225072
196,2461,"s046","m0",0.353032006731656,0.306016217410281,-0.432511289745354,-0.983426922051994
197,2468,"s046","m0",0.345492517652074,0.335375824828337,-0.789135165336302,-1.11026476638124
198,2488,"s046","m0",0.31836408713271,0.354714204396677,-0.773444654493415,-0.340322712571662
199,2508,"s046","m0",0.344906118820961,0.330727389561656,-0.531790465917035,-0.761032463669139
200,2527,"s046","m0",0.326873046885861,0.277013054944106,-0.806090014079933,-0.499577652190469
201,2532,"s046","m0",0.272117402844696,0.30436064359177,-0.679803547071003,-0.419372159244654
202,2536,"s046","m0",0.370860505454791,0.377708643152032,-0.609296311618044,-1.22931053898471
203,2555,"s046","m0",0.390806110125966,0.290353147617609,-0.480606963147549,-1.63223387389771
204,2564,"s046","m0",0.244407872752645,0.236071989606198,-0.96202053317843,-0.184142228694301
205,2574,"s046","m0",0.36746676073007,0.320223998870031,-0.540485481089971,-0.748068915209327
206,2586,"s046","m0",0.330940533224557,0.340004495855727,-0.572911214342026,-0.27676687196116
207,2592,"s046","m0",0.384631189534683,0.346727983615658,-0.809809883303551,-1.70266843076645
208,2601,"s046","m0",0.358199464261257,0.378361180537089,-0.523940673197819,-0.937466911538394
209,2606,"s046","m0",0.416134719794058,0.326500822718079,-0.648923011125884,-2.10737527415321
210,2613,"s046","m0",0.37978004733576,0.390006912614357,-0.484226480038353,-0.974937150155017
211,2614,"s046","m0",0.239058372367657,0.201646844372284,-0.79981159604188,-0.270680067544185
212,2615,"s046","m0",0.277989601401437,0.243787264995548,-0.867409602206369,-0.499815980774712
213,2618,"s046","m0",0.347951149070237,0.273183242973421,-0.900783340443181,-0.894400594694285
214,2674,"s046","m0",0.302926702676442,0.321281764277327,-0.701309642201086,-0.196832122551669
215,2675,"s046","m0",0.336294077334939,0.369631399017314,-0.612147346932806,-0.560481021679998
216,2696,"s046","m0",0.414340054181019,0.372677014151779,-0.398575167464947,-1.28328570413829
217,2700,"s046","m0",0.372691435654955,0.375036262372952,-0.658074541569004,-1.19378203794103
218,2718,"s046","m0",0.392648638952745,0.385570408999679,-0.46257277777063,-0.727587189613176
219,2729,"s046","m0",0.361504139154231,0.33761285003772,-0.513690935451465,-1.01394561995879
220,2734,"s046","m0",0.230876728619063,0.248286753631422,-0.64189614746544,-0.178324893791454
221,2741,"s046","m0",0.402627445106054,0.274928851545726,-0.557724563873919,-0.966742537585138
222,2748,"s046","m0",0.42148216176846,0.425826908999282,-0.418522752885041,-1.11179333405648
223,2754,"s046","m0",0.353414776807526,0.283543861687421,-0.564877921433733,-1.00509720285753
224,2758,"s046","m0",0.402933135903596,0.377129270801412,-0.316170200245649,-1.26940362393136
225,2768,"s046","m0",0.304829369348764,0.304891434407688,-0.811204391492759,-0.421364633488088
226,2779,"s046","m0",0.30766843774322,0.255559888253966,-0.727241378668895,-0.75904822725031
227,2783,"s046","m0",0.36359534948004,0.320341733179412,-0.490790153963738,-1.178386617043
228,2819,"s046","m0",0.277108082342932,0.235262892936601,-0.850620158612478,-0.916618007985406
229,2830,"s046","m0",0.349798848724705,0.37254838858674,-0.569704361777906,-0.573472629063813
230,2834,"s046","m0",0.42272030359794,0.401676951889868,-0.590684346385627,-1.19915476348414
231,2835,"s046","m0",0.38150847393741,0.395296554127834,-0.579570015137542,-1.55835140464093
232,2836,"s046","m0",0.414457248964252,0.339450406356257,-0.517027552886915,-1.9054549957407
233,2840,"s046","m0",0.272657487877396,0.285470676740775,-0.789413474993163,-0.338893471828574
234,2844,"s046","m0",0.398969969098326,0.298878892746259,-0.540364677719347,-1.96386583825023
235,2857,"s046","m0",0.340954755126075,0.323239385012794,-0.635601109099657,-0.87700153866718
236,2878,"s046","m0",0.385942794292747,0.34715426872133,-0.493819437897518,-0.989987115858648
237,2911,"s046","m0",0.421312506708584,0.385185880675365,-0.430398126660178,-2.01639530052674
238,2927,"s046","m0",0.415194194950161,0.386615316612281,-0.463119505270016,-1.70973168618959
239,2930,"s046","m0",0.452500716069976,0.414551838204209,-0.417384755964035,-1.37671906976891
240,2939,"s046","m0",0.353618896481073,0.351134654841914,-0.552736416087353,-1.48916923219543
241,2957,"s046","m0",0.417535511891772,0.430151196948824,-0.394886749982091,-1.06689844566161
242,2981,"s046","m0",0.300434805754733,0.258926896014607,-0.854259905453006,-0.811308445030322
243,2996,"s046","m0",0.313757823708778,0.310883877679384,-0.727834394603998,-1.15568481017462
244,2999,"s046","m0",0.294068082373601,0.185032714167252,-0.909239888028264,-0.856408894218715
245,3001,"s046","m0",0.367948159256784,0.3548172859313,-0.552604715188399,-1.67621004253466
246,3014,"s046","m0",0.28604006999458,0.271761580038528,-0.659472302761115,-0.316314423697512
247,3032,"s046","m0",0.394869516744418,0.336007816792007,-0.679845261536253,-2.13442372477862
248,3057,"s046","m0",0.257119139230073,0.287014297087581,-1.20592458904834,-0.384452964510889
249,3062,"s046","m0",0.279188607932389,0.295924001014723,-1.15629815119252,-0.556056815929484
250,3074,"s046","m0",0.414843866999938,0.456168083625857,-0.574859947183874,-0.832006841125466
251,3077,"s046","m0",0.4090026023732,0.367236223223236,-0.485354103750525,-1.75913321955005
252,3081,"s046","m0",0.40052802428596,0.387804800967336,-0.409828645813812,-1.34826173400889
253,3082,"s046","m0",0.351859916977563,0.299665911600233,-0.598362252835553,-0.910274880285912
254,3096,"s046","m0",0.270811557968174,0.256029716867323,-0.959361805296652,-0.244328087343799
255,3101,"s046","m0",0.331907647129931,0.332013476236655,-0.394500379416033,-1.0407913945639
256,3102,"s046","m0",0.38622287900824,0.45378975853008,-0.747302002098275,-0.754918341319207
257,3118,"s046","m0",0.357304426794951,0.225356801320707,-0.779431827432205,-1.73127378540025
258,3124,"s046","m0",0.296708496710937,0.278343406835941,-0.670774267344488,-0.210518924095728
259,3130,"s046","m0",0.386736974408919,0.278877993875547,-0.666606625056377,-1.55157511408167
260,3135,"s046","m0",0.388722349226638,0.272126376664147,-0.386280834069409,-1.0675108569468
261,3138,"s046","m0",0.378472664717151,0.382212892669953,-0.66031989262054,-0.925196851728823
262,3143,"s046","m0",0.254446815450603,0.29734187286413,-0.996136325402651,-0.0231059469049243
263,3144,"s046","m0",0.277471018758672,0.25995114040656,-0.572247056059893,-0.488015139938493
264,3159,"s046","m0",0.373961617279081,0.385298036147005,-0.667701755265807,-0.882142370548165
265,3160,"s046","m0",0.363766166502336,0.420078545563141,-0.331923219544503,-0.616446767585038
266,3171,"s046","m0",0.32152730886135,0.282012455157169,-0.533432282440486,-1.1677376842115
267,3177,"s046","m0",0.337023508174655,0.344467354825733,-0.476416129004269,-0.367241919636024
268,3184,"s046","m0",0.345956296825313,0.359362510553038,-0.516192265320641,-0.897217913951618
269,3189,"s046","m0",0.335417212727829,0.338259847348154,-0.666557192414549,-0.717867219667371
270,3208,"s046","m0",0.315279166528103,0.2266885694077,-0.704067402500352,-0.577985043119409
271,3212,"s046","m0",0.335320747008003,0.301075561456398,-0.944810843234731,-0.872410999616993
272,3215,"s046","m0",0.301529321334198,0.331304837536632,-0.788424764914042,-0.445328539139321
273,3224,"s046","m0",0.377376952225957,0.360618554035021,-0.982651824801184,-1.21388614813727
274,3234,"s046","m0",0.348589106399508,0.264494655417533,-0.518681747477072,-0.864503646080737
275,3242,"s046","m0",0.148340607513025,0.216919035491623,-1.27482042213048,0.0811900571622153
276,3252,"s046","m0",0.363772772479382,0.432334738513227,-0.829273677174088,-0.857898285911466
277,3253,"s046","m0",0.260676206216075,0.290583116461446,-0.632219385958814,-0.4555890999014
278,3254,"s046","m0",0.349016357641631,0.331713508168148,-0.796739732891306,-1.15899876184275
279,3262,"s046","m0",0.345634332212976,0.310168085968211,-0.58509675233264,-0.531717837499876
280,3266,"s046","m0",0.31890204737038,0.29832995020653,-0.66741869196196,-0.478292977067379
281,3285,"s046","m0",0.34349190769587,0.35548483433289,-0.638281063155575,-0.916988755064547
282,3301,"s046","m0",0.378498067714892,0.353029515670574,-0.580870214699859,-1.26898984415162
283,3305,"s046","m0",0.386446922476121,0.380470288418377,-0.565966357174539,-1.47971599484438
284,3315,"s046","m0",0.400065110317173,0.456201292993118,-0.49942087227269,-1.39097500267702
285,3322,"s046","m0",0.331476009884129,0.334757140045112,-0.672493355577352,-0.484630460761541
286,3324,"s046","m0",0.413625971000026,0.3316822108212,-0.206314937726699,-1.30819163865123
287,3325,"s046","m0",0.3472546099015,0.333372524617058,-1.01721865157025,-1.01934749450345
288,3375,"s046","m0",0.25067434314057,0.226577253166587,-1.07175322839358,-0.323745820639806
289,3380,"s046","m0",0.42620993977953,0.310730043340423,-0.568950866659602,-2.33440102851973
290,3387,"s046","m0",0.322835753144398,0.303137562476151,-1.1001894990886,-1.80063641043989
291,3391,"s046","m0",0.344972700012122,0.343214090596823,-0.536568184557754,-0.956778269256634
292,3408,"s046","m0",0.413126211043217,0.316142916715811,-0.492212535064088,-1.51278963147336
293,3414,"s046","m0",0.316252565522709,0.3428352571092,-0.606819689909255,-0.388240300591659
294,3419,"s046","m0",0.281722052382057,0.284452234778891,-0.706956720743885,-0.306970589377294
295,3450,"s046","m0",0.439471740311718,0.344267687914847,-0.64510407850773,-1.96066794376636
296,3463,"s046","m0",0.344588934929863,0.303872694434584,-0.630550025685763,-1.51355217241742
297,3485,"s046","m0",0.289949556950823,0.253073470262966,-0.595515195170725,-0.275065609130987
298,3486,"s046","m0",0.289771273796647,0.289034488340324,-0.737490614745184,-0.330171189495048
299,3489,"s046","m0",0.407323900712914,0.357602861447653,-0.510800388988362,-2.12513543600216
300,3491,"s046","m0",0.289084690517344,0.27775082784028,-1.25804803969343,-0.309599493605881
301,3510,"s046","m0",0.320692466435263,0.330413593220088,-1.05560087514831,-0.462849488732684
302,3530,"s046","m0",0.391857433920874,0.314297417803024,-0.499354894899681,-1.25290800764641
303,3546,"s046","m0",0.387611619002634,0.289867610441844,-0.654781243273363,-0.983153003778485
304,3547,"s046","m0",0.336489400603055,0.343502216425366,-0.716120929063764,-0.496238454626872
305,3549,"s046","m0",0.259468704565542,0.22108432607688,-1.0310967274941,-0.606755522417025
306,3553,"s046","m0",0.313138425580572,0.291235297289916,-0.625177978456283,-0.523476281242768
307,3560,"s046","m0",0.387916885451826,0.409511049744321,-0.700107686879203,-0.931953792618553
308,3572,"s046","m0",0.382377836764583,0.373654603549909,-0.510091727080951,-0.586624841036338
309,3586,"s046","m0",0.373435968250168,0.341946584802166,-0.783962751420362,-0.929573949997495
310,3598,"s046","m0",0.245779917005639,0.240100551766514,-0.811728884147232,-0.10861621211677
311,3603,"s046","m0",0.374921406963362,0.298321625043576,-0.383260451243331,-0.72134106083624
312,3617,"s046","m0",0.280779848708721,0.2512972671659,-0.875981383111599,-0.647358394077445
313,3626,"s046","m0",0.435771736331182,0.367321040506614,-0.547333402075567,-1.66703899528645
314,3631,"s046","m0",0.447532781077308,0.449992897802012,-0.226220126586115,-1.38187199589041
315,3645,"s046","m0",0.315827208120996,0.300517828139463,-0.927960705635351,-0.868613321681696
316,3651,"s046","m0",0.472871780841202,0.441176345525464,-0.281832248667509,-2.91448385197592
317,3653,"s046","m0",0.353824431016734,0.318875520872933,-0.606653115617793,-0.675445196865252
318,3663,"s046","m0",0.240535777794922,0.210790384944183,-0.972439474789477,0.247138117197525
319,3667,"s046","m0",0.379037161759825,0.414045727765265,-0.878410679086335,-0.995478116944746
320,3676,"s046","m0",0.385030252785312,0.317390324594051,-0.672241915428404,-1.02509700636082
321,3686,"s046","m0",0.441401747419662,0.311702147861045,-0.525531566579002,-2.36852456498481
322,3690,"s046","m0",0.243577948161697,0.186731032074474,-0.968515321291069,-0.329013896680154
323,3713,"s046","m0",0.304923177819058,0.327067021156519,-0.649241250007204,-0.251135139727588
324,3721,"s046","m0",0.323558657502594,0.219411215040774,-0.707446691757344,-0.955633489513655
325,3731,"s046","m0",0.372511141664568,0.403748538896176,-0.567466332980324,-1.17083045638926
326,3745,"s046","m0",0.300913615965719,0.262808307129372,-0.908677675110654,-0.880849394433421
327,3753,"s046","m0",0.342920352012294,0.277636561000572,-0.706448789730669,-1.41766353050251
328,3759,"s046","m0",0.343145562978761,0.328446694609945,-0.746858028575054,-0.647973480393684
329,3799,"s046","m0",0.282827051533621,0.191331750504808,-0.633598969786268,-0.659991064846528
330,3809,"s046","m0",0.272242041677164,0.211020235266185,-0.772466063664771,-0.556799282970505
331,3810,"s046","m0",0.406218520593349,0.386469554280382,-0.62010486960809,-1.41963339992892
332,3814,"s046","m0",0.417160501934988,0.473900399603877,-0.66518627248961,-1.44559867182736
333,3821,"s046","m0",0.280958697821228,0.223086923705276,-0.701053737191657,-0.530621180166862
334,3827,"s046","m0",0.225389035310594,0.298076281380902,-1.07835083982494,-0.315399224633476
335,3842,"s046","m0",0.235728287261954,0.258537784614128,-1.02851670870494,-0.104523693906177
336,3856,"s046","m0",0.4071426113416,0.422757872534993,-0.602198240227325,-0.897670434369575
337,3857,"s046","m0",0.296512637306803,0.305156719257849,-0.599452130123209,-0.50597263347452
338,3873,"s046","m0",0.316217573345411,0.321783513730239,-0.493729853652346,-0.484454069314536
339,3884,"s046","m0",0.401226555092688,0.319834137091764,-0.625553595889414,-0.824045685320199
340,3894,"s046","m0",0.339793276393571,0.275993243546797,-0.819379774067073,-1.54906586814539
341,3906,"s046","m0",0.35952867046503,0.317665512430088,-0.863736137870331,-0.362520001037969
342,3907,"s046","m0",0.363626320111061,0.335324051468308,-0.722838804484114,-0.942868491723322
343,3918,"s046","m0",0.327432450027227,0.254350854875866,-0.721399258088854,-0.897535628160146
344,3921,"s046","m0",0.377215567394437,0.300988501412359,-0.662679546075527,-1.29814733578504
345,3967,"s046","m0",0.3025336277617,0.335683489967631,-0.743574052901704,-0.467660653707463
346,3978,"s046","m0",0.319108301989648,0.2812120221663,-0.790743970492534,-0.466238273858846
347,4003,"s046","m0",0.292054980570217,0.325606064081752,-0.949832981556407,-0.491735842893462
348,4005,"s046","m0",0.309207548810679,0.336009509174125,-0.72648449935355,-1.44692437221542
349,4023,"s046","m0",0.406148700785997,0.394911810965204,-0.595906187285124,-1.53212573126461
350,4028,"s046","m0",0.356574605948636,0.342891143855902,-0.694539142327459,-0.76040774003429
351,4033,"s046","m0",0.363646624779056,0.311403205099781,-0.536967091763684,-1.13072830183896
352,4040,"s046","m0",0.344462242765629,0.355395194269691,-0.575616948009543,-0.808313059067748
353,4049,"s046","m0",0.21645593288698,0.276856822158784,-0.79517663629995,0.0810257112647963
354,4089,"s046","m0",0.322629975972298,0.390906177830613,-0.709277589614477,-0.639128021077244
355,4106,"s046","m0",0.349718211120743,0.234641087290913,-0.661677509102272,-1.5226121697303
356,4114,"s046","m0",0.317628755018106,0.311168854943604,-0.571302232097577,-0.806434078757973
357,4153,"s046","m0",0.195002080889942,0.223923358605476,-1.08224536933824,0.236986405932126
358,4157,"s046","m0",0.276287923662158,0.24287197153714,-0.79300888135169,-0.759170503865277
359,4158,"s046","m0",0.434964147049202,0.450271221688881,-0.517939078857875,-1.77211642737677
360,4160,"s046","m0",0.320406766189977,0.299821164574572,-0.707442988905473,-0.852814180297137
361,4164,"s046","m0",0.328117673910968,0.205928788522793,-0.658166583798325,-0.910078311342033
362,4175,"s046","m0",0.244396238765801,0.282162400186126,-0.861489998015786,-0.30695732947916
363,4179,"s046","m0",0.427228909579253,0.426233414757886,-0.412455028526648,-1.74954528236509
364,4206,"s046","m0",0.421186409608337,0.416903822505526,-0.416301369676172,-1.85201418707045
365,4208,"s046","m0",0.336657463623557,0.321788507775814,-0.806231958503266,-0.598709789640383
366,4227,"s046","m0",0.423802544579548,0.364868971786476,-0.539984733248822,-1.42737470319461
367,4235,"s046","m0",0.354014933404365,0.330835596332243,-0.57439937789792,-1.14039727048078
368,4274,"s046","m0",0.339801933967092,0.343566513746348,-0.830183546170625,-0.761926022137728
369,4283,"s046","m0",0.374658659129389,0.334623133078723,-0.632808130612983,-1.39128781861602
370,4284,"s046","m0",0.281694391401268,0.2151137401075,-0.825545088651019,-0.701738743986002
371,4285,"s046","m0",0.391211020870207,0.411579872848223,-0.506659928089219,-1.01204435361541
372,4303,"s046","m0",0.379841121332845,0.320709848716118,-0.412211568928108,-1.31483136888273
373,4307,"s046","m0",0.187308990982192,0.154701468497435,-0.991273667648933,-0.0593743937074948
374,4314,"s046","m0",0.304948117550411,0.280579058350226,-0.695007019925041,-0.385473473504118
375,4322,"s046","m0",0.35243988051325,0.316392067154618,-0.553989370230187,-0.631305932864063
376,4338,"s046","m0",0.358038195662884,0.424137962181963,-0.413771009299632,-0.394821389563
377,4343,"s046","m0",0.266066944144443,0.138191044201638,-0.558439195706796,-0.425840144694108
378,4345,"s046","m0",0.304811593099053,0.353827434711118,-0.605559318874996,-0.333713032299152
379,4363,"s046","m0",0.344232875986263,0.338124759638823,-0.496551796936776,-0.686227126742703
380,4377,"s046","m0",0.294799497361217,0.265912858281442,-0.682970874100808,-0.333182972824578
381,4381,"s046","m0",0.349892319981499,0.366836544261683,-0.75297084396273,-1.04837280679948
382,4395,"s046","m0",0.260205692184262,0.240784145570159,-0.83404645101782,-0.185779196845251
383,4410,"s046","m0",0.35587861799671,0.401794425659857,-0.524170103725469,-0.732593577236934
384,4412,"s046","m0",0.448217203973751,0.379348467938863,-0.495943283327823,-2.42846044252203
385,4415,"s046","m0",0.356618190373419,0.347443826430999,-0.497522790624878,-0.619366178598527
386,4425,"s046","m0",0.250883893276601,0.303364111089589,-0.925688874976132,-0.133471651754398
387,4428,"s046","m0",0.378240715355778,0.30686573590888,-0.533239257176288,-0.997381787066888
388,4457,"s046","m0",0.401972514040566,0.355257797115993,-0.476271137272828,-2.18783068941312
389,4477,"s046","m0",0.341891311864967,0.204402719154039,-0.661735672232417,-0.749202418549365
390,4482,"s046","m0",0.36993810421124,0.255326745822395,-0.461929054677831,-0.712947135659851
391,4497,"s046","m0",0.305339614752094,0.300596729807833,-0.845185023091551,-0.701973939069513
392,4510,"s046","m0",0.310951770737065,0.336167700437263,-0.807199344073485,-0.747454266086462
393,4517,"s046","m0",0.370509369062668,0.276395242755798,-0.498968381974918,-1.02826459792621
394,4518,"s046","m0",0.369843934169532,0.358458977052802,-0.776506720770938,-0.932693532495945
395,4526,"s046","m0",0.38399080189447,0.44619056562794,-0.456757136513259,-0.658527320639014
396,4530,"s046","m0",0.297883954733623,0.31381666897217,-0.612083532917133,-0.547126791087133
397,4591,"s046","m0",0.323029791551921,0.275919560048622,-0.685401918212016,-1.32556841173927
398,4592,"s046","m0",0.369359516780646,0.357228007061349,-0.855805778229097,-0.736349706029011
399,4611,"s046","m0",0.321418549847208,0.290500439505879,-0.536880669583138,-0.194027959246839
400,4618,"s046","m0",0.326075997873836,0.313628442243282,-0.614547774910561,-0.720532258072501
401,4621,"s046","m0",0.305134569247809,0.253448423184349,-1.18539907137361,-0.724918614768818
402,4624,"s046","m0",0.241334668781833,0.326502413853598,-0.887919340240158,-0.308999388687052
403,4635,"s046","m0",0.316279856778198,0.288685936687493,-0.856523773632057,-1.26232226149818
404,4653,"s046","m0",0.385357782718827,0.36122540326987,-0.496399145111665,-1.80410777342915
405,4666,"s046","m0",0.298441324414132,0.280472482991373,-0.780954360617719,-0.806488136103308
406,4670,"s046","m0",0.330145584416693,0.278883971572486,-0.573950898414774,-1.12450772176311
407,4703,"s046","m0",0.408231253444145,0.390518827662952,-0.397958181735084,-1.99677698653189
408,4742,"s046","m0",0.373328855254237,0.292833947808285,-0.63018426323182,-1.34982024902717
409,4756,"s046","m0",0.378893639466665,0.425901410542185,-0.48567622989845,-1.24788717582222
410,4768,"s046","m0",0.31216035321477,0.264729176132024,-1.18221127692846,-0.620150876888019
411,4777,"s046","m0",0.306054006273041,0.339681066884506,-0.879893977350856,-0.639622841094356
412,4782,"s046","m0",0.31606913186026,0.246131050711934,-0.823310683203761,-0.659627372551273
413,4818,"s046","m0",0.308198496997998,0.26047884347805,-0.87796443980699,-0.696275624021219
414,4820,"s046","m0",0.256365448102109,0.212063022313235,-0.788787107306986,-0.237524612033739
415,4824,"s046","m0",0.289777876734491,0.245790014735799,-0.846034000714864,-0.682329748973402
416,4845,"s046","m0",0.34356663109806,0.410318379958527,-0.476016609933336,-0.229019908729295
417,4855,"s046","m0",0.305775896713891,0.29022402282761,-0.570475314644862,-0.45846186279694
418,4876,"s046","m0",0.32655115150639,0.351089639836592,-0.754249084794386,-1.02024513027105
419,4879,"s046","m0",0.489000254622585,0.426399739042646,-0.277712343474652,-2.14511978139997
420,4893,"s046","m0",0.389843177218878,0.363807693274406,-0.477930664437811,-0.786212551929828
421,4907,"s046","m0",0.364906976723103,0.35644048966353,-0.548734197051951,-0.728064793576076
422,4908,"s046","m0",0.264008840776806,0.271465717024076,-0.672655638854403,-0.13849032066891
423,4909,"s046","m0",0.312444219699785,0.29951571688957,-0.842685404378533,-0.650703782534667
424,4916,"s046","m0",0.275661339885146,0.24216884633147,-0.752953114391788,-0.310605645255159
425,4921,"s046","m0",0.294759046886098,0.281989203856404,-0.783920869513962,-0.367377280190426
426,4937,"s046","m0",0.286026085540327,0.281768645386366,-0.925344135647601,-0.74424603016108
427,4939,"s046","m0",0.325954723055315,0.228545784892151,-0.916168283468299,-1.22643388964741
428,4946,"s046","m0",0.369090006269573,0.353535744791195,-0.706420061867975,-0.937704820780148
429,4947,"s046","m0",0.281529634917747,0.225838915931997,-0.79912288811916,-0.583226953996159
430,4962,"s046","m0",0.33700452185284,0.323622059217066,-0.457127247737895,-0.311062807730757
431,5009,"s046","m0",0.20494267661079,0.259108663029316,-0.711819271700651,0.0234223852686112
432,5011,"s046","m0",0.323123175648427,0.30364606166486,-0.982334527316034,-0.874558732403092
433,5017,"s046","m0",0.408279031626741,0.341801090008553,-0.382467440211551,-1.6859545025975
434,5026,"s046","m0",0.256109560913829,0.165683414150352,-0.911437038985627,-0.453726710473692
435,5044,"s046","m0",0.323599225873451,0.280744949224013,-0.672957937971005,-1.08896586731259
436,5051,"s046","m0",0.378517138290727,0.267879317047463,-0.579338474853668,-1.26538312120237
437,5061,"s046","m0",0.309594188589414,0.33600209916581,-0.628974837337832,-0.720022781883313
438,5070,"s046","m0",0.412225333168579,0.380271463202401,-0.56541285138437,-1.32453144650198
439,5078,"s046","m0",0.439997954940193,0.433561706839068,-0.506934965090214,-1.79905283420496
440,5084,"s046","m0",0.253778937870669,0.224094825408552,-1.03367938745293,-0.704690929393086
441,5087,"s046","m0",0.415881588307926,0.385182477806775,-0.316178203350949,-1.7437102129638
442,5116,"s046","m0",0.34715948474928,0.316659464620164,-0.610051385588514,-0.935539477714908
443,5131,"s046","m0",0.392723706633706,0.338161680947173,-0.532914466286641,-1.77466543746094
444,5134,"s046","m0",0.383078867075147,0.382545415483876,-0.565618997808782,-0.982267798684753
445,5148,"s046","m0",0.30800504016726,0.407837393277725,-1.03456950247203,-0.669964206843198
446,5159,"s046","m0",0.359533712968614,0.355991450187861,-0.616690254172007,-0.935015181725629
447,5163,"s046","m0",0.289498254850448,0.308145887959221,-0.635966262004248,-0.484374896664416
448,5179,"s046","m0",0.322233695583643,0.28254561524288,-0.712804400057914,-0.668772538862236
449,5195,"s046","m0",0.271582837180715,0.271967229635328,-0.796503710466972,-0.773584444045016
450,5207,"s046","m0",0.372235570249343,0.343222127520652,-0.588636819266334,-0.950896639930802
451,5212,"s046","m0",0.279298896809351,0.138144055850149,-0.839667966213329,-0.578860721181124
452,5231,"s046","m0",0.376096841884624,0.372805734575886,-0.766174994157552,-1.19314793294204
453,5239,"s046","m0",0.295054173314523,0.266115843201515,-0.743093618409463,-0.766197230895487
454,5243,"s046","m0",0.286203962459236,0.334606359322717,-0.677512381817585,-0.528388639228703
455,5246,"s046","m0",0.28571630761965,0.176904089140461,-0.942900075153094,-0.632760068174871
456,5259,"s046","m0",0.336307563449225,0.33372104302679,-0.661722395007804,-0.872023737048509
457,5294,"s046","m0",0.361466097272243,0.342221273140264,-0.481462469639766,-1.0106477295027
458,5317,"s046","m0",0.260705165412644,0.287509282628558,-0.895719943229483,0.0820022743359117
459,5336,"s046","m0",0.3918898453921,0.352688253547453,-0.638950168598354,-1.0518117110735
460,5339,"s046","m0",0.333178110630065,0.330211970499774,-0.803458968730248,-0.978541312524419
461,5344,"s046","m0",0.243253229205749,0.287064489260953,-1.07978555343726,-0.548564450769333
462,5347,"s046","m0",0.339248021744155,0.372089311529838,-0.658149783349001,-0.929378605234174
463,5352,"s046","m0",0.375556156596241,0.277614457634591,-0.42610584517965,-1.46952043243519
464,5380,"s046","m0",0.360923225327039,0.344792554981342,-0.607214668439738,-1.26847815839854
465,5400,"s046","m0",0.403369099371926,0.300346708400651,-0.623127026767512,-1.69747966087199
466,5401,"s046","m0",0.310899608281936,0.307686571766023,-0.665285155439629,-0.774463687019985
467,5414,"s046","m0",0.266141106450607,0.306899259651224,-0.694545377097335,-0.0970371197470281
468,5433,"s046","m0",0.415850704267257,0.349999987559684,-0.621637494265837,-1.83826963524838
469,5434,"s046","m0",0.244676518580259,0.233790572385583,-0.91813724765166,-0.141022730305392
470,5437,"s046","m0",0.359635201321119,0.304601970300649,-0.677336789184974,-1.04213081805226
471,5460,"s046","m0",0.23889034431158,0.240034939596344,-0.883869306320861,0.12383665971168
472,5461,"s046","m0",0.235277556602536,0.193941178292383,-1.01254166494684,-0.388457064528783
473,5506,"s046","m0",0.403576727871868,0.370051921416125,-0.627964329497495,-1.49915356723247
474,5512,"s046","m0",0.238421765504265,0.189507901380974,-0.874308342304252,-0.231173763909775
475,5519,"s046","m0",0.393425240565258,0.38292376816267,-0.380766270450222,-1.31448815385534
476,5549,"s046","m0",0.363717600464751,0.301890700083627,-0.787125354166059,-1.34382355224298
477,5559,"s046","m0",0.437894149842326,0.374338538412051,-0.397281206573914,-2.1723241213463
478,5566,"s046","m0",0.36853779268072,0.3209109145372,-0.619211692086424,-1.19909384545149
479,5571,"s046","m0",0.335341532451607,0.301523281646254,-0.948511121590124,-1.05051655990728
480,5575,"s046","m0",0.344137486061719,0.36480843909329,-0.749695173668003,-0.350399971994147
481,5601,"s046","m0",0.292773593142396,0.265232241500252,-0.871499415518103,-1.16259261150426
482,5621,"s046","m0",0.32716209206665,0.263049042599997,-0.650194982170076,-0.711226222821248
483,5623,"s046","m0",0.249717168459231,0.299977904546657,-0.672084586426135,-0.194088409335643
484,5634,"s046","m0",0.357012142204494,0.447794746234042,-0.591554930319088,-0.460724307533851
485,5638,"s046","m0",0.301153959894413,0.280695041887246,-1.00549232708768,-0.436923327620479
486,5670,"s046","m0",0.32369956966718,0.318550554429053,-0.442039624522224,-0.655910592899155
487,5674,"s046","m0",0.29167978364818,0.244961009623356,-0.841704809490826,-0.974670785592006
488,5683,"s046","m0",0.299278533402054,0.294452574070351,-0.558929482542476,-0.575140214034086
489,5684,"s046","m0",0.308818248451561,0.344066757267391,-0.904991316863002,-0.414760324454583
490,5687,"s046","m0",0.430686571043825,0.365451409307599,-0.412224248985031,-1.39792354153025
491,5690,"s046","m0",0.292430364353289,0.241431779193752,-1.10489656611331,-0.7348222682287
492,5714,"s046","m0",0.22213143033165,0.221132495783053,-0.936772457484077,-0.0439019591557853
493,5721,"s046","m0",0.275668009523556,0.316947413472643,-0.804892186181728,-0.00683160943842757
494,5735,"s046","m0",0.312022253951698,0.324194877748926,-0.459266705750121,-0.330184829874615
495,5744,"s046","m0",0.318444050555852,0.313273283494202,-0.527449582383224,-0.596586106706191
496,5748,"s046","m0",0.301130658776505,0.154486502547799,-0.779770645914886,-0.971834385272679
497,5760,"s046","m0",0.40333993316348,0.355821263507795,-0.511729184734905,-1.83547617017988
498,5779,"s046","m0",0.40824482688288,0.374511023257182,-0.427087153404623,-1.31296950332271
499,5788,"s046","m0",0.334452819664763,0.29623059608181,-0.665409591495658,-0.813011315479526
500,5798,"s046","m0",0.339135161332283,0.288631238838339,-0.61241819678881,-1.20585951310118
501,5851,"s046","m0",0.318779848181653,0.31924502981123,-0.897800967834295,-0.745201781627408
502,5859,"s046","m0",0.350861139769297,0.349616170473008,-0.796320980066456,-1.10559364517445
503,5874,"s046","m0",0.374877812443629,0.288313680223137,-0.374851142352362,-1.2238662055933
504,5879,"s046","m0",0.333956271615501,0.304386197224953,-0.506923683722067,-0.453594104144629
505,5908,"s046","m0",0.328214712542154,0.232978697317062,-0.604151136235369,-1.23511711694816
506,5926,"s046","m0",0.276856244932463,0.257082126300677,-0.638701812014765,-0.111676604321335
507,5930,"s046","m0",0.429154112004241,0.314818172120607,-0.464485840387566,-1.27271138147699
508,5932,"s046","m0",0.378317559233336,0.363394245051994,-0.537859576611371,-0.931300257432983
509,5937,"s046","m0",0.364272283696284,0.339335394359905,-0.521440703590077,-1.01543968227816
510,5939,"s046","m0",0.377849548944733,0.377685952727912,-0.472952505837509,-1.35507072207784
511,5941,"s046","m0",0.235463556027796,0.206910291611838,-0.745092765400331,0.00700863343094915
512,5945,"s046","m0",0.444243008695902,0.36698261789908,-0.604630559733815,-2.13155918479113
513,5955,"s046","m0",0.380172141160651,0.240139019060225,-0.427478550887533,-1.31671401203894
514,5956,"s046","m0",0.32570854091699,0.236000659698919,-0.715993868017838,-0.999065731500491
515,5961,"s046","m0",0.397081821034795,0.396821361143997,-0.370358685173048,-0.953351906807325
516,5964,"s046","m0",0.355945301826137,0.345396407194089,-0.67533439087172,-0.436343061448443
517,5965,"s046","m0",0.243740359123506,0.298849546075502,-0.765313109003012,0.133385502161903
518,5981,"s046","m0",0.221114734887709,0.248653006040699,-0.685869130008377,-0.142323364175353
519,5985,"s046","m0",0.365340515557958,0.365600930272403,-0.676621504437079,-1.17242682382978
520,6001,"s046","m0",0.345402807707785,0.319605685770896,-0.551423806287101,-0.883675624232968
521,6006,"s046","m0",0.407603055515507,0.394426408480249,-0.566957393057891,-1.32950178178494
522,6011,"s046","m0",0.319714865453516,0.344183415986064,-0.822915438706541,-0.817228940137279
523,6018,"s046","m0",0.340178196367322,0.333698603667203,-0.830930086110949,-1.18422100327561
524,6019,"s046","m0",0.258872984510769,0.21567220079851,-0.917628796749654,-0.36269967764853
525,6024,"s046","m0",0.253646834113007,0.267432829618686,-0.819159054861949,-0.561604174120494
526,6026,"s046","m0",0.240143540026246,0.281881579850107,-0.639476917034024,-0.31551420870335
527,6042,"s046","m0",0.377702008035786,0.352385137664285,-0.47183235863942,-0.671313270692737
528,6044,"s046","m0",0.448306767814136,0.381013124443492,-0.399966274867454,-1.99032499770812
529,6053,"s046","m0",0.293018881171911,0.248573262157867,-0.555096236877563,-0.507137101498398
530,6065,"s046","m0",0.337340967122169,0.21776938154402,-0.913628376958646,-0.568113152383907
531,6089,"s046","m0",0.367408891596296,0.353734652792396,-0.729997307515429,-1.43765474584169
532,6122,"s046","m0",0.316922953351468,0.27112099133772,-0.784831908257102,-0.820415852486856
533,6130,"s046","m0",0.262459906436096,0.273717438259421,-0.915882149723984,-0.0519786184537655
534,6135,"s046","m0",0.307101427537019,0.323219376460107,-0.720853150195631,-0.0378661926729481
535,6140,"s046","m0",0.374111707237183,0.382080106925953,-0.550372644003947,-0.812969826308802
536,6145,"s046","m0",0.20563697018546,0.216659990613108,-0.816576890183043,-0.0754821857163855
537,6152,"s046","m0",0.386256605472922,0.356064899168027,-0.809390652863875,-1.70846739044722
538,6190,"s046","m0",0.306204907573729,0.350534454880157,-0.643985945158503,-0.519758002028223
539,6200,"s046","m0",0.361842239045326,0.277889878667322,-0.774955798714121,-1.42679885448261
540,6207,"s046","m0",0.449089627082723,0.425179246712594,-0.638515987289135,-2.18277889284578
541,6255,"s046","m0",0.339044636250594,0.312854793624232,-0.818100536818526,-1.59420847158136
542,6260,"s046","m0",0.293360360433851,0.326803544856965,-0.799110694904855,-0.202714546100295
543,6294,"s046","m0",0.347641167898674,0.269268300631674,-0.570710622877993,-1.1616033220198
544,6301,"s046","m0",0.337316517698678,0.302021369362894,-0.561257307766338,-0.73278554070664
545,6306,"s046","m0",0.318073473602177,0.29851091810216,-0.771683306071605,-0.803432381369127
546,6311,"s046","m0",0.368358776795807,0.350905314684444,-0.557458528185767,-1.3436959971616
547,6325,"s046","m0",0.361076244369652,0.340186514968913,-0.617083928577899,-0.645210319659662
548,6332,"s046","m0",0.326059521799744,0.247624134495132,-0.600960089866716,-0.753675446058326
549,6379,"s046","m0",0.465677318370474,0.425879935549496,-0.413555820643859,-2.26414396171278
550,6381,"s046","m0",0.408559478818887,0.37460521248059,-0.613919204537565,-1.17233639216857
551,6407,"s046","m0",0.414006661941941,0.353434412118339,-0.635284980515271,-1.8984472386604
552,6411,"s046","m0",0.341809149065759,0.307951932680958,-0.529288078167907,-1.16543254190799
553,6419,"s046","m0",0.312392603947593,0.278851767656507,-0.666716205417832,-0.577260202686491
554,6429,"s046","m0",0.338144358545357,0.236065508504096,-0.443215213420009,-1.22606477160679
555,6430,"s046","m0",0.301538819722809,0.228154008322498,-0.61757642329939,-0.502641502306851
556,6478,"s046","m0",0.370247658300688,0.385355909927451,-0.299724856707918,-0.649044083125636
557,6483,"s046","m0",0.245968432510217,0.270623294548279,-0.75065890134178,-0.414927697828442
558,6520,"s046","m0",0.258853795766888,0.284961762430886,-0.786994108210286,-0.956513300133062
559,6525,"s046","m0",0.390339698068049,0.335308266404875,-0.501570573354373,-2.78581979472429
560,6533,"s046","m0",0.241629642631083,0.160639137017688,-1.01012417929182,-0.185771282361911
561,6536,"s046","m0",0.288962211433492,0.328922392246382,-0.440143332976823,-0.29846576879447
562,6558,"s046","m0",0.241372519475115,0.18892280728625,-0.795746720521857,-0.137394579008786
563,6565,"s046","m0",0.343124129446527,0.318215024344659,-0.542362367851389,-1.1189936247984
564,6570,"s046","m0",0.297078833235588,0.295359715069455,-0.735856575783672,-0.142698432704294
565,6593,"s046","m0",0.215518429047102,0.23481314195757,-0.937584906790102,0.241001717211026
566,6598,"s046","m0",0.329026258917393,0.369531935087411,-0.866108641950123,-0.609467529232116
567,6603,"s046","m0",0.337871166108505,0.321152534946556,-0.791775533282546,-0.997929984454446
568,6630,"s046","m0",0.266773422862453,0.281224583312501,-0.829790643210719,-0.0812490057347452
569,6632,"s046","m0",0.399719290211007,0.414321461026913,-0.71270909427082,-1.19209424677634
570,6635,"s046","m0",0.36037206069122,0.37389610301691,-0.789176554551693,-1.06193298389245
571,6648,"s046","m0",0.323957308872227,0.214581434081717,-0.919408777986913,-0.84934408571028
572,6683,"s046","m0",0.365091588709463,0.347151559429714,-0.525052417252034,-0.556544547996278
573,6691,"s046","m0",0.311277343991633,0.336181266641526,-0.727423835862416,-0.611888584185982
574,6712,"s046","m0",0.361056667137197,0.248184235568926,-0.641978957003739,-0.685161147562555
575,6724,"s046","m0",0.39517841813993,0.409720713763459,-0.685046838693133,-1.74978333258476
576,6726,"s046","m0",0.17231973631328,0.0847134777417732,-0.846494806251369,0.0274841888212513
577,6744,"s046","m0",0.321453663741043,0.338390236842814,-0.57724101536982,-0.596871081929573
578,6759,"s046","m0",0.38135392590136,0.263800550364669,-0.760316720119217,-1.73310178327655
579,6771,"s046","m0",0.19301498180013,0.266353857241652,-0.84422093396982,0.0271416184561066
580,6773,"s046","m0",0.372789572900499,0.244552103755547,-0.421561903667038,-1.14397803718604
581,6781,"s046","m0",0.292165079991786,0.355043770235457,-0.841307595632359,0.00489475064040141
582,6816,"s046","m0",0.314813397642569,0.257290275937348,-0.906285270529731,-0.878848030532515
583,6820,"s046","m0",0.290202812411459,0.24939330055047,-0.610291554898952,-0.802594169157042
584,6847,"s046","m0",0.243283593673897,0.217435127192117,-1.23214866391223,-0.170104010646586
585,6854,"s046","m0",0.347133464025308,0.298184169830021,-0.621031556939302,-1.11200126670714
586,6855,"s046","m0",0.360018182775229,0.334467617091425,-0.579217914170111,-0.950772314760342
587,6869,"s046","m0",0.357907677742365,0.33673781957115,-0.67186437038828,-0.786255988476261
588,6875,"s046","m0",0.351592925403309,0.291131128311725,-0.657276197695467,-0.666156361457983
589,6913,"s046","m0",0.306996645450603,0.256860320975675,-0.693085989269106,-0.453699535329765
590,6947,"s046","m0",0.220195613737,0.243955242261559,-1.12434671341593,0.29695109486097
591,6948,"s046","m0",0.383029306598969,0.366240669538619,-0.802326558229174,-1.34964562682645
592,6952,"s046","m0",0.37062981884845,0.299972582692395,-0.692672786151436,-0.795525294299321
593,6976,"s046","m0",0.199640344478713,0.26355156923293,-1.28602362938087,-0.00791066149092207
594,6998,"s046","m0",0.31093667546709,0.286099716686242,-0.61212111988227,-0.475633654180208
595,7012,"s046","m0",0.296868761733018,0.291858162230062,-0.64251450802738,-0.551581696982305
596,7045,"s046","m0",0.33700140524429,0.321847645327908,-0.686952299556114,-0.725851517309019
597,7052,"s046","m0",0.415812266060687,0.395852636515358,-0.670061326662388,-1.43500372582302
598,7066,"s046","m0",0.214689000393392,0.219695557614525,-1.06594835540739,0.0423447275917165
599,7068,"s046","m0",0.4085332602647,0.385567103790049,-0.549805011525571,-1.46684317517996
600,7069,"s046","m0",0.279290101949258,0.230947154322502,-0.789617311455813,-0.589354772813772
601,7076,"s046","m0",0.34482115171969,0.294350127505235,-0.981516607703959,-1.03909350735166
602,7081,"s046","m0",0.288733814416236,0.331226444832752,-0.691905111265689,-0.331253578283647
603,7086,"s046","m0",0.411681426603851,0.402617936208656,-0.393167273996577,-1.71193913278501
604,7103,"s046","m0",0.325341514770673,0.247524227197262,-0.594357423821803,-0.549917175451311
605,7124,"s046","m0",0.316685781725263,0.312610854783133,-1.03838939109711,-0.59050849797848
606,7159,"s046","m0",0.371039026688872,0.314726524498698,-0.528064500456306,-0.856663907579136
607,7173,"s046","m0",0.424802897228161,0.358354562445127,-0.365235118227926,-1.31391432741845
608,7211,"s046","m0",0.264282103783022,0.297577987043558,-0.84999449603577,-0.557560716677334
609,7223,"s046","m0",0.394573577690142,0.343340087038902,-0.613976031113169,-0.942011629721667
610,7224,"s046","m0",0.356065931978324,0.317027560057914,-0.778535426751733,-1.27688979430661
611,7237,"s046","m0",0.314922177872329,0.290552319736858,-0.992846685879901,-0.722365079909356
612,7240,"s046","m0",0.242527787007407,0.114135442585078,-0.964711734668584,-0.521635839334542
613,7242,"s046","m0",0.374314300584197,0.430717181498313,-0.635047973671844,-0.839400864841237
614,7249,"s046","m0",0.262634014433028,0.237988791484834,-0.58934022298825,-0.138562257567964
615,7265,"s046","m0",0.440794130325925,0.392779618969009,-0.51145714743365,-1.90349195480537
616,7296,"s046","m0",0.400857718276813,0.388226058484258,-0.545201463225197,-1.15969217644007
617,7307,"s046","m0",0.308573335862457,0.215719923136176,-0.582749717926332,-0.942309647835845
618,7315,"s046","m0",0.40576231620753,0.421848956130669,-0.448740614302193,-0.835560341727969
619,7324,"s046","m0",0.265252380414052,0.277732451361597,-0.534339612365221,-0.10514594500051
620,7325,"s046","m0",0.372213533333439,0.270736508591083,-0.422501468733357,-1.09587936418902
621,7354,"s046","m0",0.312101779552757,0.220018790287879,-0.625348657120495,-0.591768872854049
622,7356,"s046","m0",0.427187925488979,0.433915610812666,-0.69663069587563,-1.76959366588234
623,7383,"s046","m0",0.316280837819931,0.329421629910997,-0.75678252364473,-0.619056311892385
624,7407,"s046","m0",0.403351547368664,0.42398136927617,-0.506213601282394,-1.4470997635039
625,7412,"s046","m0",0.325511639467356,0.249605019554655,-0.695921866545287,-0.996080868586776
626,7422,"s046","m0",0.279354150030278,0.228276660456123,-0.770040268219952,-0.848830589043716
627,7426,"s046","m0",0.429430723928546,0.362176679256422,-0.561946327513165,-1.30488380667314
628,7436,"s046","m0",0.374197332679323,0.313359879497383,-0.553781808364769,-1.56486479598559
629,7445,"s046","m0",0.331137850385159,0.246109996963064,-0.73139798746132,-0.953427170137167
630,7454,"s046","m0",0.308478727951172,0.255551377083621,-0.831502709588633,-0.876556425891555
631,7455,"s046","m0",0.292188506628404,0.323345568048772,-0.777819982578045,-0.49695665910114
632,7473,"s046","m0",0.272123403677909,0.277814520684559,-0.724992227454903,-0.0679608348335979
633,7485,"s046","m0",0.42451322651009,0.423963504695366,-0.325977582895367,-1.961672664991
634,7507,"s046","m0",0.423755560015349,0.363856378122879,-0.520042541072345,-1.94126067743865
635,7521,"s046","m0",0.341130749159094,0.296334914295259,-0.709221408369393,-0.980106002931259
636,7527,"s046","m0",0.369482156547677,0.319053729614017,-0.572379944040425,-1.05248080320096
637,7548,"s046","m0",0.363347384806166,0.261525445617257,-0.428990050637974,-1.34589172207771
638,7549,"s046","m0",0.337493064106663,0.3292485958019,-0.48696199561538,-0.828192786409595
639,7554,"s046","m0",0.357166016759497,0.266749790173977,-0.497565016701326,-0.855749005432574
640,7555,"s046","m0",0.363645556154178,0.38369463384058,-0.751322354353833,-1.13882269670475
641,7563,"s046","m0",0.222096438209894,0.121303924222439,-0.873974432465512,-0.564694123172872
642,7565,"s046","m0",0.437478855118864,0.464316332167304,-0.498427949265843,-1.42493429223602
643,7579,"s046","m0",0.344340717800323,0.410394940364646,-0.622629835828549,-0.702611069411442
644,7581,"s046","m0",0.287030066241107,0.215415868182861,-0.884416232314113,-0.671786970090365
645,7589,"s046","m0",0.389718262183835,0.337771622015534,-0.728479536829059,-1.31421547101406
646,7594,"s046","m0",0.355391924179939,0.359622374879639,-0.554957187215875,-1.53658126036878
647,7598,"s046","m0",0.374019119720501,0.412274159960288,-0.418350152019379,-1.23663804443982
648,7602,"s046","m0",0.291388076089898,0.21999301299888,-1.44457220499611,-0.629618722521392
649,7628,"s046","m0",0.287468080424666,0.275283361462076,-0.83979887680754,-0.433256168467601
650,7633,"s046","m0",0.321122402697119,0.282500246294974,-0.659049653161336,-0.483958136115673
651,7637,"s046","m0",0.32119411568115,0.320554178696259,-0.403149651520797,-0.73973726884614
652,7639,"s046","m0",0.359947066707782,0.33650887650804,-0.54399126073113,-0.803271992689143
653,7651,"s046","m0",0.44000068169438,0.420254523810423,-0.592583657350545,-1.80806539200001
654,7679,"s046","m0",0.263419230657584,0.27650308364567,-0.799749777518395,0.0353099654893745
655,7688,"s046","m0",0.301510658494128,0.306621835139921,-0.968914208478786,-0.804717166684553
656,7699,"s046","m0",0.230174287615436,0.219291423714099,-0.948338178832622,-0.0770537770488093
657,7719,"s046","m0",0.330174015581602,0.258062292950694,-0.502006990348104,-0.553217242288894
658,7728,"s046","m0",0.354664429217477,0.428641952271993,-0.498845847387619,-0.881415336904415
659,7747,"s046","m0",0.292517822182242,0.259770893373008,-0.89379231372158,-0.8687482442719
660,7749,"s046","m0",0.401830269005645,0.311273073922994,-0.449591362180034,-1.11721109917195
661,7754,"s046","m0",0.37176576860425,0.301916765211265,-0.647698430131231,-1.17661111388655
662,7773,"s046","m0",0.319077221820795,0.292808135703811,-0.947102571637472,-0.724165114844449
663,7776,"s046","m0",0.342584324588444,0.266655709365189,-0.747545262788943,-0.951602917200872
664,7797,"s046","m0",0.277991301109841,0.257347595387392,-0.899150370837161,-0.608871506741928
665,7799,"s046","m0",0.250000171520872,0.29410773312121,-1.23753562246244,-0.360010373645272
666,7800,"s046","m0",0.313826352473292,0.260832332505621,-0.642246411874522,-0.563648491596146
667,7805,"s046","m0",0.240820446249622,0.258280655851209,-1.05816725054026,0.003857052188896
668,7806,"s046","m0",0.331483118574262,0.360695793835907,-0.842691845772033,-0.438679021624502
669,7832,"s046","m0",0.37534368838153,0.322971830520625,-0.832596960797608,-0.8113470662007
670,7841,"s046","m0",0.38131972883123,0.308144722640193,-0.615791574976713,-1.40164628850508
671,7843,"s046","m0",0.342272882048098,0.278043401884389,-0.701512086784235,-0.567140536187857
672,7853,"s046","m0",0.418872683952565,0.391211585800772,-0.547231964171215,-1.44403975829441
673,7856,"s046","m0",0.375683934899051,0.35673119126692,-0.74184847215564,-1.07218766495278
674,7867,"s046","m0",0.275708243255063,0.226014916677881,-0.757450854697123,-0.24554464929335
675,7885,"s046","m0",0.284075122350784,0.279309404865027,-1.02733791923979,-0.419370860123593
676,7893,"s046","m0",0.352501646540833,0.262596828241197,-0.485543790962111,-0.881464018369466
677,7894,"s046","m0",0.426559388882384,0.465649321500036,-0.378268865916767,-0.824832486873805
678,7896,"s046","m0",0.369102260720108,0.347809281286545,-0.771558812048143,-0.740426240016211
679,7909,"s046","m0",0.334503344766056,0.344234534381471,-0.630759376975152,-1.27808434252787
680,7919,"s046","m0",0.340784513455376,0.405134766071792,-0.513135388462479,-0.212677489434632
681,7934,"s046","m0",0.380381060149142,0.38951823921754,-0.601022230840875,-1.02692961479729
682,7956,"s046","m0",0.268207070987408,0.163275181814103,-0.622527254139604,-0.416382251830034
683,7961,"s046","m0",0.314869948313263,0.322366463074701,-0.763411682230152,-0.568811589538499
684,7969,"s046","m0",0.39148539285567,0.347977716929491,-0.477650157932192,-1.29094381473297
685,8021,"s046","m0",0.249649714331306,0.167966620278832,-0.838378070412918,-0.460673366214318
686,8028,"s046","m0",0.389544211900726,0.282956768568045,-0.472567422051965,-0.655342504470333
687,8045,"s046","m0",0.285969922013715,0.278137283238228,-0.818517393615537,-0.42207813047624
688,8053,"s046","m0",0.237816147329627,0.225340743198914,-0.840669283992959,-0.110665161102918
689,8063,"s046","m0",0.27765046143324,0.285311138032792,-0.78375968343087,-0.7867149954427
690,8075,"s046","m0",0.332464968708932,0.332596989132178,-0.644085058841521,-0.915070087495152
691,8081,"s046","m0",0.350857078896064,0.332185404318305,-0.646331426220298,-0.922617390742789
692,8085,"s046","m0",0.226914864153052,0.0935876796044877,-0.950264722723811,-0.309193975897253
693,8093,"s046","m0",0.358015500942009,0.332737114515406,-0.62334214856026,-1.3005880474941
694,8098,"s046","m0",0.282425591028931,0.214777274359852,-0.722682821303211,-0.463456067876764
695,8104,"s046","m0",0.306236260886741,0.306128644345592,-0.821841571308395,-0.370027892483276
696,8113,"s046","m0",0.279869569508805,0.27457389794818,-0.749617310067918,-0.484768319600436
697,8131,"s046","m0",0.245060046634752,0.263905770499527,-0.933245344571499,-0.0393365216702712
698,8185,"s046","m0",0.359094552754062,0.320216551266695,-0.803591810151847,-0.778243466244536
699,8202,"s046","m0",0.407072009128582,0.367651159988527,-0.234638473562657,-1.12368904256763
700,8218,"s046","m0",0.342020116809383,0.336796928944182,-0.634425926988525,-1.20903151914261
701,8231,"s046","m0",0.278255709532626,0.226227697847466,-0.669388329230609,-0.583452112542783
702,8261,"s046","m0",0.449853698886106,0.394687488643279,-0.472111621041883,-1.55709358262698
703,8272,"s046","m0",0.226259786352931,0.214552986468764,-0.863986037027642,0.123630787174156
704,8274,"s046","m0",0.306209668726937,0.370766631762902,-0.661184403816091,-0.143864832726253
705,8285,"s046","m0",0.331915123527576,0.223850906560929,-0.696513247012352,-1.02904160854778
706,8288,"s046","m0",0.350150736167169,0.321744252947745,-0.498043048755826,-0.893236305721337
707,8290,"s046","m0",0.322423964484093,0.345706098002008,-0.817071770060453,-0.627184108993164
708,8306,"s046","m0",0.289853391286749,0.304407777936552,-0.734071529690482,-0.297232338975472
709,8311,"s046","m0",0.372108669888337,0.26933309069154,-0.592644857928298,-1.25964583115286
710,8324,"s046","m0",0.24549227329344,0.181620824999808,-0.891948558149525,-0.104740817387569
711,8335,"s046","m0",0.429480308063899,0.41784556336205,-0.386890818664484,-1.60894944861396
712,8341,"s046","m0",0.224180697618941,0.159233112263175,-0.807781963381855,-0.298734666351332
713,8347,"s046","m0",0.368244509161907,0.377459655990409,-0.713650887098937,-0.700614027633564
714,8348,"s046","m0",0.4045967930854,0.381053325356249,-0.506246941491264,-0.953292401964866
715,8349,"s046","m0",0.280637681642346,0.272565741903137,-0.88280654735207,-0.141938239794432
716,8359,"s046","m0",0.344129585844299,0.287224420181586,-0.719652571860229,-0.563302730704784
717,8361,"s046","m0",0.304267137160575,0.243365935244519,-0.705502410414526,-0.507241852097766
718,8364,"s046","m0",0.379986851346585,0.340862405743346,-0.720679136470719,-1.19942269892837
719,8369,"s046","m0",0.361848510387856,0.412714424926846,-0.517170078924294,-0.473619338482173
720,8372,"s046","m0",0.311145505818939,0.28735075600614,-0.947873287051319,-0.651768532162173
721,8394,"s046","m0",0.389100880603113,0.320604249201223,-0.30332980976251,-1.02812319951385
722,8399,"s046","m0",0.369293821419236,0.313671800194919,-0.675531414427159,-0.896024908354979
723,8407,"s046","m0",0.379049599380964,0.346525734924995,-0.586981315981414,-0.797977896644
724,8410,"s046","m0",0.283834531843858,0.276706164126059,-0.827906651366435,-0.51243126028804
725,8419,"s046","m0",0.368526508795585,0.324335845117978,-0.529060759931635,-0.946641853722596
726,8446,"s046","m0",0.311350206728298,0.289808651718315,-0.749254467202551,-0.946902897222371
727,8450,"s046","m0",0.297980100290385,0.27206363618838,-0.616737302857306,-0.215812418331656
728,8470,"s046","m0",0.361438911771769,0.344266515336305,-0.545803891921434,-1.32312846311439
729,8478,"s046","m0",0.337239583892618,0.312647912423572,-0.744662404440841,-0.595568191436518
730,8486,"s046","m0",0.413465562663553,0.383895377562133,-0.567337176943693,-0.861672635761367
731,8487,"s046","m0",0.336781300949102,0.339862328495146,-0.558330999821597,-0.620319140389862
732,8500,"s046","m0",0.379392105906276,0.385253584727829,-0.368575089590712,-1.29576590270269
733,8532,"s046","m0",0.263545635430223,0.270804817837935,-0.824183335726577,-0.159093596095509
734,8536,"s046","m0",0.455550386566631,0.405313594445703,-0.418402415901274,-1.61865969259715
735,8547,"s046","m0",0.339919475441787,0.299690582169271,-0.582070235625657,-0.757436043747822
736,8558,"s046","m0",0.356533227130225,0.314352463315573,-0.50696444378517,-0.608968379224746
737,8560,"s046","m0",0.356840443533882,0.406866287843031,-0.68072832131013,-0.730235659529061
738,8581,"s046","m0",0.348704486104176,0.377651827479371,-0.542705796814416,-0.995577006869921
739,8591,"s046","m0",0.412018703385534,0.416051481953054,-0.433223523315903,-1.10844375874453
740,8610,"s046","m0",0.28162786543462,0.192631185477581,-0.792258235226874,-0.693514217815423
741,8626,"s046","m0",0.288460607966008,0.216053531567735,-0.767752969580041,-0.604989421516435
742,8631,"s046","m0",0.318550035548865,0.211738054514457,-0.737082103292872,-0.829653860181066
743,8638,"s046","m0",0.356054770734113,0.389294141940236,-0.604220331557087,-0.964654558679701
744,8639,"s046","m0",0.282262309017848,0.266424298444105,-1.02966101010771,-0.839848612374825
745,8640,"s046","m0",0.340719787681737,0.321148469204864,-0.787202115205124,-0.833977972537209
746,8679,"s046","m0",0.378266868133086,0.352535384470729,-0.633237014170256,-1.28730411780275
747,8727,"s046","m0",0.327673313240135,0.297575893317162,-0.900675003407474,-0.801991275879071
748,8736,"s046","m0",0.339246318478154,0.241360598966448,-0.617684925262117,-0.871703559959159
749,8743,"s046","m0",0.374834473091379,0.252603674288071,-0.553779825214027,-1.12367660056802
750,8748,"s046","m0",0.290293089393567,0.267386311621855,-0.514503695935262,-0.169060340718177
751,8775,"s046","m0",0.382208601714284,0.387977122395228,-0.797837210416091,-1.67960816137267
752,8805,"s046","m0",0.36485049562869,0.378517940521076,-0.664762387526528,-1.23175774492148
753,8811,"s046","m0",0.25008941024498,0.182232321813792,-0.905578868539731,-0.661116120302852
754,8823,"s046","m0",0.271777349012872,0.246568773585129,-0.669263028679632,0.141000386498
755,8842,"s046","m0",0.375740309166151,0.38369287355223,-0.631758910427874,-1.07484827975235
756,8848,"s046","m0",0.328712803743164,0.257263610005154,-0.760144146112302,-0.747581829202221
757,8890,"s046","m0",0.298522212390975,0.261917813371682,-0.775691021607837,-0.529158647247882
758,8913,"s046","m0",0.421224694858513,0.33009972924315,-0.758157685152709,-2.24998412173968
759,8921,"s046","m0",0.32774814774003,0.386387835957171,-0.371387162078312,-0.49391758472696
760,8926,"s046","m0",0.282667740588175,0.302607601572365,-0.940122979754415,-0.619474010614039
761,8930,"s046","m0",0.319572901023664,0.291288916306451,-0.413992422955035,-0.314178975765779
762,8939,"s046","m0",0.301972380587781,0.21827347900509,-0.674652604830062,-0.697638118711813
763,8941,"s046","m0",0.469408140925593,0.323669461306776,-0.695474050841866,-2.2176623603123
764,8943,"s046","m0",0.429717158969535,0.366029995428787,-0.488932105607579,-1.56175996713575
765,8958,"s046","m0",0.389567134336164,0.301956930457161,-0.837272245254516,-1.49932464621157
766,8964,"s046","m0",0.280447414316913,0.249049273938792,-0.603331468607675,-0.5266754513068
767,8985,"s046","m0",0.299153314968517,0.250851565904071,-0.48993417873545,-0.60524920470417
768,9003,"s046","m0",0.279727470212826,0.246736533779917,-1.17988283157121,-0.434957112958608
769,9008,"s046","m0",0.325684057101263,0.342379380221954,-0.737753780547974,-0.591025276167403
770,9015,"s046","m0",0.361481397658825,0.294935107114497,-0.736244799227876,-1.16780956245335
771,9031,"s046","m0",0.332163610305907,0.335324111846233,-0.475318875749787,-0.682014157332256
772,9039,"s046","m0",0.316431109119047,0.179994457362566,-0.800685759413203,-1.30639389929561
773,9087,"s046","m0",0.356985641517549,0.280081647140822,-0.623900199670661,-1.31520715484481
774,9129,"s046","m0",0.37428811631849,0.392844856786836,-0.497406017052764,-1.39616435731782
775,9149,"s046","m0",0.269512676523689,0.239815748756206,-0.823719694445108,-0.112687324714916
776,9188,"s046","m0",0.428513417036208,0.388774025900392,-0.598293294714344,-1.64702226662882
777,9189,"s046","m0",0.294383405558855,0.214597005983907,-0.816648193751345,-0.429947592824895
778,9204,"s046","m0",0.275833344571748,0.254800793446685,-0.597233343530766,0.0521605725418138
779,9206,"s046","m0",0.233626506170013,0.224052329307187,-0.604005301951547,-0.177787840732478
780,9242,"s046","m0",0.306355262062922,0.241676294580219,-0.991489836063936,-0.735757043043614
781,9251,"s046","m0",0.394341873248098,0.361744499850004,-0.495680861138432,-1.33930957296401
782,9254,"s046","m0",0.368367891238443,0.256907583868403,-0.67294747741578,-1.21568953710462
783,9268,"s046","m0",0.334360339616905,0.296050993705042,-0.675375032894166,-0.449900051827161
784,9303,"s046","m0",0.248115832421831,0.292712786642958,-0.637679400915593,-0.39879989484906
785,9312,"s046","m0",0.415151391268384,0.396524800167374,-0.461086702700462,-1.20039545350959
786,9314,"s046","m0",0.340053697504137,0.28783000756329,-0.73357273842135,-0.750311991084685
787,9315,"s046","m0",0.369838332327137,0.254865613186178,-0.756355587713799,-1.68632679297303
788,9367,"s046","m0",0.367020586858026,0.397631514882044,-0.69641786518135,-0.69795483175449
789,9368,"s046","m0",0.345369292308533,0.306150472977722,-0.556383964624597,-0.751708211031942
790,9369,"s046","m0",0.283315980510391,0.327560278066759,-0.742250516673263,-0.243956221680618
791,9374,"s046","m0",0.420315844675336,0.407056998812965,-0.664516022577454,-1.9332234870003
792,9378,"s046","m0",0.298582893304854,0.332303002189575,-0.67052970320363,-0.197685895529387
793,9382,"s046","m0",0.327436847484768,0.347000803034225,-0.552619104116003,-0.609962443423496
794,9390,"s046","m0",0.279017196758572,0.257002853714952,-1.10185327424711,-1.03267135442615
795,9396,"s046","m0",0.404744446704219,0.37985606047124,-0.532797423963147,-1.30892540722149
796,9407,"s046","m0",0.245757645015132,0.301296372187069,-0.941976569390157,0.0199105987220591
797,9431,"s046","m0",0.225987661802302,0.283031229693843,-1.4662911782177,-0.204390363253769
798,9438,"s046","m0",0.297415484201089,0.260585124989996,-0.671550116105495,-0.672957246879861
799,9441,"s046","m0",0.207895019101661,0.208487559636362,-0.802990560364933,-0.0342572213956315
800,9442,"s046","m0",0.257953289511056,0.219759455876545,-0.949571919369185,-0.39062769049437
801,9462,"s046","m0",0.293406740991037,0.256144479528287,-0.559475159981176,-0.408246946576317
802,9468,"s046","m0",0.412926972803033,0.389659547599941,-0.443540000852062,-2.03584805667291
803,9496,"s046","m0",0.351663885910464,0.297850074529354,-0.515519062745022,-0.929539149161623
804,9523,"s046","m0",0.37106502226063,0.330291151786169,-0.615442076956175,-0.837010792029606
805,9525,"s046","m0",0.264293311355583,0.16543930220694,-0.778447642502559,-0.409599261516961
806,9527,"s046","m0",0.455536998114747,0.469648918804679,-0.44113146022193,-2.49043745456197
807,9530,"s046","m0",0.32507772465177,0.297024043025858,-0.891811533277437,-0.930158469267127
808,9533,"s046","m0",0.262957726897625,0.26208058502249,-0.909879516598633,-0.507285760862455
809,9534,"s046","m0",0.302890253204532,0.153301189586277,-0.839901460262015,-0.627669548003317
810,9536,"s046","m0",0.319906651064918,0.284144330374267,-0.893026793661229,-0.731770582591974
811,9541,"s046","m0",0.460678591578005,0.426422212255544,-0.407943729152743,-2.70244507336319
812,9551,"s046","m0",0.421431664174364,0.331147278222362,-0.464462390716927,-1.37221081520483
813,9570,"s046","m0",0.303436090619104,0.218071419121033,-0.700008596855383,-0.664878525040499
814,9574,"s046","m0",0.452273247593263,0.384743574888357,-0.462953295274639,-1.88197276681081
815,9588,"s046","m0",0.360047218568366,0.315867124184282,-0.543757551964375,-1.3925472421491
816,9591,"s046","m0",0.335150770628958,0.3258345363974,-0.633428168974782,-1.43756699756197
817,9601,"s046","m0",0.217353022433236,0.158645587831926,-1.19637149558947,-0.347156964530526
818,9602,"s046","m0",0.357466651175637,0.298110237012186,-0.424364426484502,-0.608841737622245
819,9612,"s046","m0",0.342957687651994,0.319248116640923,-0.951623574317751,-0.665640494013605
820,9619,"s046","m0",0.36838047146231,0.345158187767276,-0.868749476208957,-1.10764981205744
821,9623,"s046","m0",0.375731757635861,0.322825177528269,-0.702568769960219,-0.833267558697914
822,9645,"s046","m0",0.331367166618706,0.331590437698148,-0.604429554783282,-0.983051042739919
823,9671,"s046","m0",0.294466265831201,0.264797199899988,-0.816923117156792,-0.331195977800748
824,9679,"s046","m0",0.366306764745353,0.388827568271298,-0.579471864597832,-1.00637466319605
825,9686,"s046","m0",0.392666562235968,0.324118622990067,-0.832253241888299,-1.20426067853652
826,9693,"s046","m0",0.25075475206702,0.248908190441422,-0.55682120575282,0.0758557579148992
827,9697,"s046","m0",0.376754374177269,0.404673215400761,-0.460163907721726,-1.24962659253393
828,9736,"s046","m0",0.239112318867383,0.22984472601801,-0.751786087297285,-0.0263631348327414
829,9739,"s046","m0",0.293346423407979,0.233957406214147,-0.69719046209075,-0.28250274079575
830,9742,"s046","m0",0.284000087282904,0.288991309641311,-0.899657145186728,-0.638329580572464
831,9747,"s046","m0",0.243767578382675,0.228544055632642,-0.884682821772382,-0.371171448440912
832,9810,"s046","m0",0.324164457553705,0.364878253554003,-0.88905354433524,-0.757724321059467
833,9820,"s046","m0",0.337742592105904,0.412187754604033,-0.443226902439527,-0.746009806887948
834,9842,"s046","m0",0.360598296065222,0.310532004482489,-0.669654593353657,-0.721064474025495
835,9843,"s046","m0",0.304418393946428,0.334283406041588,-0.661530905817246,-0.296332008893396
836,9848,"s046","m0",0.344854934377075,0.274378237442106,-0.76417472555032,-1.1063617738549
837,9852,"s046","m0",0.374232130270308,0.24337575711146,-0.648851816763818,-1.57607538050666
838,9876,"s046","m0",0.350729919580546,0.275713787993489,-0.467920389660733,-1.58151491161773
839,9878,"s046","m0",0.362745575685079,0.315524181016659,-0.515757732067534,-1.08413699440195
840,9881,"s046","m0",0.280173430676717,0.360416135591673,-0.899300319095907,-0.47398943877729
841,9887,"s046","m0",0.289537530306047,0.29814694796786,-0.704020360773918,-0.304496733207468
842,9905,"s046","m0",0.27578910478656,0.327079547263121,-0.549602233900247,-0.128659013206451
843,9926,"s046","m0",0.415586220136351,0.368813647478033,-0.501365711907154,-1.32322734295878
844,9939,"s046","m0",0.301534292208416,0.33781784504816,-0.664994473422441,-0.292007152922989
845,9954,"s046","m0",0.447423198654633,0.356578427885602,-0.383303422380057,-2.48183012639603
846,9958,"s046","m0",0.405115245177967,0.395187832373438,-0.318889096499008,-1.38627631684109
847,9962,"s046","m0",0.391620691951386,0.371743339480005,-0.477530146020445,-0.830183039986809
848,9969,"s046","m0",0.339539582651678,0.327868548862356,-0.664523223416705,-0.827712881191296
849,9982,"s046","m0",0.380707021060612,0.364107624055378,-0.544778512852457,-1.09106434337962
850,9988,"s046","m0",0.273925789774197,0.295096387139967,-1.10540952838386,-0.0627543674480582
851,9990,"s046","m0",0.307123087615165,0.320540048756711,-0.769994778651943,-0.580036247622138
852,9997,"s046","m0",0.320806750082522,0.216621357095274,-0.711402995149629,-0.566316982706124
853,10002,"s046","m0",0.284405787021428,0.355975283244847,-0.813826333048623,0.0731109690955884
854,10018,"s046","m0",0.301013649038188,0.254841663553511,-0.690817905706553,-0.510753779779332
855,10026,"s046","m0",0.251812530735132,0.266114920617489,-1.11040395218072,-0.472153546003985
856,10029,"s046","m0",0.348081562306658,0.293758095777863,-0.534160402809548,-0.735408426540586
857,10043,"s046","m0",0.344959166281418,0.356924395264643,-0.619233775793203,-0.43483988053355
858,10047,"s046","m0",0.491587560893336,0.406972434338763,-0.261696719724696,-2.06313470059257
859,10068,"s046","m0",0.304940547130876,0.261810674285642,-0.729040563761776,-0.867929893176972
860,10075,"s046","m0",0.413341798185771,0.315035244093781,-0.439906628016919,-2.27594408735563
861,10080,"s046","m0",0.387626601400754,0.363769624661946,-0.616826040165766,-1.58501831354534
862,10092,"s046","m0",0.440535692803144,0.429892952048738,-0.555789582230407,-1.39587534551436
863,10123,"s046","m0",0.346256790592674,0.26143610464052,-0.875818847320346,-1.36032240294801
864,10144,"s046","m0",0.408692385108163,0.253981196351673,-0.42325815810576,-0.825819280388313
865,10174,"s046","m0",0.252956442308,0.229241754516801,-0.920209571438066,-0.377763692292863
866,10190,"s046","m0",0.411910200041446,0.391609994673849,-0.418721369678964,-1.38494127850474
867,10192,"s046","m0",0.272214796995345,0.127886639787329,-0.774107625597357,-1.28015445830317
868,10196,"s046","m0",0.311864325106467,0.26916169835346,-0.653736103410101,-0.838435486029032
869,10214,"s046","m0",0.29903349701691,0.300406049799801,-0.90569169350553,-0.459999344891275
870,10217,"s046","m0",0.218236598325902,0.175787386475526,-0.896020744234384,-0.0109392076780277
871,10223,"s046","m0",0.266736032640215,0.263261493531298,-0.778371779938868,-0.183920382461517
872,10225,"s046","m0",0.342258013539392,0.24572944250879,-0.68632453727352,-0.821235308890381
873,10234,"s046","m0",0.377708663064868,0.331630502105691,-0.658213155314789,-0.761177053838887
874,10235,"s046","m0",0.254915241828348,0.196137866497581,-0.784886152239264,-0.412966711439646
875,10249,"s046","m0",0.347506756212235,0.30846983807396,-0.649594926202524,-1.02148773108322
876,10252,"s046","m0",0.299262717730531,0.285625258118172,-0.87276948410011,-0.376770824948804
877,10264,"s046","m0",0.374866152346575,0.349191577405979,-0.699349786512439,-0.927220084579642
878,10267,"s046","m0",0.318424599207422,0.3215241056463,-0.675709368067166,-0.471783537564106
879,10272,"s046","m0",0.248175964632361,0.273201773055744,-0.781584827745875,-0.137922129371521
880,10281,"s046","m0",0.3142564745859,0.300286415340243,-0.672849388453868,-0.359338650698929
881,10285,"s046","m0",0.324651314171392,0.334600209904122,-0.767300477352749,-1.17171625084934
882,10295,"s046","m0",0.350605503920441,0.369072524979371,-0.660639299468067,-0.796602717252024
883,10301,"s046","m0",0.245339633819026,0.231511100589152,-0.842499813400567,-0.395300099116013
884,10303,"s046","m0",0.24073407451824,0.270233305992777,-0.835246946073699,-0.0809951857866322
885,10310,"s046","m0",0.297408617012857,0.209567350034177,-0.644406837587894,-0.590760439750843
886,10337,"s046","m0",0.182027582729864,0.193513638108514,-1.55311589081777,0.187104479700644
887,10338,"s046","m0",0.416160864691892,0.350680844611997,-0.313503718883655,-1.12195110521097
888,10366,"s046","m0",0.385334653852823,0.349991298672764,-0.525399896124521,-1.16192630079762
889,10368,"s046","m0",0.398925454864677,0.420163765140123,-0.418666233161288,-0.668151641562419
890,10387,"s046","m0",0.311051668161649,0.201686173092782,-0.771826818327702,-0.647982647726716
891,10406,"s046","m0",0.265385048979859,0.206375850275113,-1.23426302192641,-0.379721706095532
892,10419,"s046","m0",0.358104341430087,0.278410475195939,-0.491175046704192,-0.816143832593941
893,10420,"s046","m0",0.398465213609748,0.359898825441405,-0.496219564237049,-0.985137234495013
894,10423,"s046","m0",0.393395020339512,0.303203101058675,-0.401483658006086,-1.02553741803226
895,10441,"s046","m0",0.389032059172409,0.378688619662431,-0.645569400908328,-1.08492577661866
896,10448,"s046","m0",0.315879640039534,0.329681613834559,-0.55698454310071,-0.323206888483834
897,10461,"s046","m0",0.226353016467764,0.157263642439031,-1.28419296986828,-0.237137166451776
898,10474,"s046","m0",0.273837893859294,0.246394510504163,-0.827865631232804,-0.482709059424683
899,10480,"s046","m0",0.291874571084062,0.324241936657937,-1.01635250579355,-0.526146968676857
900,10501,"s046","m0",0.375560527108579,0.366268722555827,-0.551819102012269,-0.98036213945555
901,10503,"s046","m0",0.315813029571878,0.327585939833857,-0.66661440574612,-0.761791138423731
902,10524,"s046","m0",0.284179225807779,0.297540446547698,-0.49788735026195,-0.387476010498361
903,10531,"s046","m0",0.457974534862712,0.382346177501021,-0.537795252135688,-1.80810621657731
904,10532,"s046","m0",0.29215551711981,0.343478239363648,-0.898684654438413,-0.699816997256983
905,10571,"s046","m0",0.287201717112778,0.367129154360723,-0.783286510665955,-0.113314060713362
906,10576,"s046","m0",0.284288137699559,0.193637017276623,-0.579002027223797,-0.632504895972074
907,10585,"s046","m0",0.273771927618341,0.250082508674176,-0.726008991290837,-0.269970067306997
908,10596,"s046","m0",0.282980369480657,0.240380353920029,-0.804237728003369,-0.672504073288894
909,10601,"s046","m0",0.359017864060516,0.354492215241906,-0.684973642441841,-0.776614982760098
910,10607,"s046","m0",0.300337743188335,0.326150936981917,-0.739441637141546,-0.162357973869715
911,10611,"s046","m0",0.354597682996612,0.336697709558374,-0.660030745327399,-1.1051674132215
912,10629,"s046","m0",0.361137717502421,0.262615625156086,-0.754826944932226,-1.01421708239236
913,10655,"s046","m0",0.339871862878833,0.323929503380059,-0.55613182010961,-0.733865685763046
914,10660,"s046","m0",0.416042001930068,0.353439552058381,-0.550003370036328,-1.51009919508157
915,10666,"s046","m0",0.3441750442506,0.311631622524367,-0.542929021468102,-0.776131842614366
916,10669,"s046","m0",0.3936343397968,0.415667333992848,-0.469304876926352,-0.865087010684126
917,10676,"s046","m0",0.294646728375841,0.334828720259896,-0.480702647481752,-0.257788829465802
918,10678,"s046","m0",0.293846651034605,0.209527030759968,-0.839124322183674,-0.497990066422125
919,10686,"s046","m0",0.424167317460233,0.309398775298702,-0.520774230537886,-1.68637289935617
920,10693,"s046","m0",0.364887946972902,0.320616881950038,-0.542478823100509,-1.14372723014593
921,10711,"s046","m0",0.324448810534402,0.330169567736731,-0.701388916915932,-0.516853483125818
922,10726,"s046","m0",0.436366753820982,0.326802189069469,-0.430594433526824,-1.60853789764735
923,10760,"s046","m0",0.308958249951018,0.301400790310692,-0.570144604613754,-0.365664681778693
924,10768,"s046","m0",0.424393539659723,0.392640482039477,-0.431318998081886,-1.87312393148158
925,10793,"s046","m0",0.378133778604451,0.373129425904553,-0.303344331810823,-0.879828142507925
926,10815,"s046","m0",0.357606653591634,0.28678484012451,-0.699424015792453,-0.93567069613075
927,10830,"s046","m0",0.284351754653891,0.242030329929998,-0.704377993757931,-0.470604807414426
928,10841,"s046","m0",0.386196909470217,0.352782205049515,-0.756152617251991,-1.07834414154439
929,10845,"s046","m0",0.413476433719638,0.391245996739795,-0.490713570953654,-1.27715314548258
930,10854,"s046","m0",0.300347955285184,0.183006822919978,-0.674437178598696,-0.85459012061693
931,10862,"s046","m0",0.356637677602567,0.36514756378521,-0.840605434666444,-0.649968648473791
932,10869,"s046","m0",0.343220618619975,0.278750008624267,-0.691986372836375,-0.952914161070123
933,10875,"s046","m0",0.340879685266214,0.317480222771412,-0.442064994074797,-1.27863327438919
934,10885,"s046","m0",0.390059992276704,0.35978328044524,-0.640767931455945,-1.42435846894987
935,10901,"s046","m0",0.277439905285821,0.376869926051394,-0.720570251938546,-0.3365791128863
936,10930,"s046","m0",0.278588117879633,0.20476042356686,-0.719368394025282,-0.393288937136183
937,10962,"s046","m0",0.260797041876131,0.259987343982139,-0.828473965488769,-0.428708388680045
938,10978,"s046","m0",0.348079276372292,0.245373910022665,-0.66513397683363,-0.624437337766971
939,10994,"s046","m0",0.303268524811498,0.260088627237645,-0.756556262865895,-0.621326908280909
940,11010,"s046","m0",0.382030538336047,0.333784437982251,-0.699076807538131,-1.57886273892827
941,11019,"s046","m0",0.266418945160495,0.258124111808751,-0.824457376001641,-0.539484678307776
942,11020,"s046","m0",0.331525671549376,0.342069238384673,-0.64160691400679,-0.638769686935923
943,11033,"s046","m0",0.263078181675672,0.116902709807619,-1.10960453909747,-0.855600400215114
944,11043,"s046","m0",0.34354440372495,0.254356120186463,-0.698193121301609,-1.178140007119
945,11047,"s046","m0",0.321499391406364,0.325552164171752,-0.89402875600068,-0.658117247261261
946,11052,"s046","m0",0.36177427812976,0.286114232101158,-0.682326157386173,-0.667244895758074
947,11070,"s046","m0",0.299870556408688,0.193131914286987,-0.901008866767314,-0.518335074127394
948,11092,"s046","m0",0.267239638065868,0.169834852538217,-0.800597598118593,-0.702624143348845
949,11094,"s046","m0",0.369455305660501,0.463825243233528,-0.585548535940074,-0.712135756739375
950,11101,"s046","m0",0.29723687366582,0.258229788854355,-0.858153627414372,-0.509835821040476
951,11105,"s046","m0",0.396821839689704,0.434130703860506,-0.422711817730567,-0.835151607688254
952,11108,"s046","m0",0.226216332739019,0.181143219468756,-0.971553980700927,-0.155457567575584
953,11110,"s046","m0",0.396555528296298,0.328333272621982,-0.6112600635554,-1.54157699350713
954,11112,"s046","m0",0.373353775431,0.334030721824041,-0.719391215616979,-1.1146661388069
955,11118,"s046","m0",0.335537469543744,0.257503237582822,-0.589356891884258,-0.778027483339864
956,11127,"s046","m0",0.271805382402408,0.244836114606631,-0.74308604436638,-0.379566052881469
957,11141,"s046","m0",0.388342999039333,0.335812023405864,-0.576802320944195,-0.720666790264067
958,11142,"s046","m0",0.395082708139648,0.355886826980571,-0.696458914823473,-1.70815013884124
959,11144,"s046","m0",0.424057968236886,0.383828493664989,-0.468815926902034,-1.54366955106469
960,11153,"s046","m0",0.38117633590414,0.402420107983713,-0.752468258857874,-1.27579211427526
961,11162,"s046","m0",0.348079516917009,0.323105828083604,-0.549345092339477,-1.1081983053222
962,11178,"s046","m0",0.276260056678288,0.271253661125925,-0.899506278041908,-0.144464978325008
963,11201,"s046","m0",0.399832135416558,0.330136825076945,-0.420888548866734,-1.31301678336773
964,11209,"s046","m0",0.411778131914285,0.346727887127808,-0.43017835723204,-1.90837195704144
965,11211,"s046","m0",0.364221184685176,0.303201806411604,-0.450903534618847,-1.2239266638813
966,11216,"s046","m0",0.282095406393513,0.213817347669265,-0.639629332329752,-0.62355080510827
967,11229,"s046","m0",0.374967877572891,0.398956259886922,-0.653294476910604,-1.07713785768159
968,11261,"s046","m0",0.361068840997757,0.320472404544356,-0.564449496621366,-1.39554591902467
969,11262,"s046","m0",0.259906593732344,0.30066526254187,-0.96421293547075,-0.0698526841177275
970,11290,"s046","m0",0.239681877747118,0.237495940203745,-1.00101533816829,-0.087578698002829
971,11300,"s046","m0",0.334874661898628,0.322368762132459,-0.381158119317279,-0.590665721328523
972,11308,"s046","m0",0.384309995934653,0.301133923890089,-0.495827106089711,-1.58184715412579
973,11321,"s046","m0",0.361882985217411,0.337611927008463,-0.63220652676116,-0.97312748817127
974,11342,"s046","m0",0.377193463811855,0.320505112090327,-0.467590436678322,-1.16522239411044
975,11344,"s046","m0",0.250403156463476,0.174167196560942,-1.08152027407599,-0.136958371615707
976,11363,"s046","m0",0.380863146498171,0.309383399221374,-0.735407455208404,-1.21443327183019
977,11385,"s046","m0",0.342918395723255,0.346694654040526,-0.558143321681365,-0.62000599034883
978,11389,"s046","m0",0.36836028534189,0.30312280335131,-0.466565315805935,-1.06401159664515
979,11411,"s046","m0",0.308261806474931,0.261456657056615,-0.705473909139841,-0.508258809189976
980,11415,"s046","m0",0.348706161394468,0.254111742701564,-0.664573306785637,-1.17617408257331
981,11420,"s046","m0",0.479975941362245,0.422710320278431,-0.333349986719173,-1.84327971490821
982,11435,"s046","m0",0.339718411923972,0.250909666886798,-0.763035970983505,-1.29335311744534
983,11452,"s046","m0",0.302238950526859,0.165165233886502,-0.675466149848431,-0.588182187508689
984,11469,"s046","m0",0.372047907527751,0.355958025070347,-0.69862378895979,-1.28925893750631
985,11477,"s046","m0",0.330004067366353,0.197559081833008,-0.622040196111494,-0.703851487800989
986,11481,"s046","m0",0.293240509933837,0.259179869381469,-0.67624448885877,-0.211792301739435
987,11484,"s046","m0",0.400607055546237,0.318856251012514,-0.624617860956643,-1.09871720987783
988,11511,"s046","m0",0.353017456152022,0.343471974901793,-0.764882668383222,-1.67255481463319
989,11514,"s046","m0",0.349767539753105,0.407994214022743,-0.419803656921067,-0.587432269219703
990,11524,"s046","m0",0.335678213312092,0.224301445630274,-0.582141625475052,-1.05721564552888
991,11535,"s046","m0",0.326707095544054,0.247928025385209,-0.520512922938196,-1.04185318287664
992,11538,"s046","m0",0.357113431260873,0.402360366987902,-0.561595405028153,-0.874353586507931
993,11548,"s046","m0",0.396891384063233,0.434723203244078,-0.507622148613939,-0.81383139755645
994,11563,"s046","m0",0.276980153293473,0.321630899768519,-0.708219796431011,-0.0582320460655574
995,11569,"s046","m0",0.294116959999384,0.308488525960005,-0.676952062506805,-0.283627861694302
996,11578,"s046","m0",0.381534985600625,0.344066216376439,-0.557998668044632,-0.7787720608166
997,11583,"s046","m0",0.361565859454779,0.368873878943995,-0.402113910598723,-1.00140387195321
998,11595,"s046","m0",0.353870183955079,0.267159603099098,-0.683790924731612,-1.52668750282697
999,11604,"s046","m0",0.385820445540635,0.377020866621249,-0.626157751037143,-1.06485817837461
1000,11627,"s046","m0",0.23415673945935,0.221561868195407,-0.743774573049881,-0.2651444002048
1001,11644,"s046","m0",0.415025293886066,0.467462002418211,-0.636477620407475,-1.18379933600017
1002,11650,"s046","m0",0.333466527013169,0.36659242085563,-0.717772177129842,-0.847534050915259
1003,11656,"s046","m0",0.329274902690209,0.258390355166969,-0.524870101388708,-0.87798999252116
1004,11665,"s046","m0",0.332576706859441,0.280638944918618,-0.562606538771222,-0.531507444172591
1005,11695,"s046","m0",0.417136441056867,0.383403095077769,-0.475336290634104,-1.70062876729514
1006,11699,"s046","m0",0.317512723833951,0.295580631699322,-0.595591528526629,-0.311352471258728
1007,11704,"s046","m0",0.234076918505581,0.229775432197368,-1.18843827695823,-0.20867370142038
1008,11719,"s046","m0",0.311516604116278,0.280659572626384,-0.946036149445927,-0.460129149036252
1009,11724,"s046","m0",0.209123215019053,0.229762411469884,-1.00566081476847,0.189314913280255
1010,11738,"s046","m0",0.285435718312625,0.180291608458664,-0.643868483436808,-0.411146258771121
1011,11770,"s046","m0",0.306526868240789,0.350986721887745,-0.750108286838859,-0.0528340524302415
1012,11774,"s046","m0",0.438213386452597,0.348643360088148,-0.486875648131782,-1.79043662517408
1013,11777,"s046","m0",0.343181248755285,0.331253999780486,-0.452775924804096,-0.600056758544817
1014,11800,"s046","m0",0.352620116920064,0.305284271578614,-0.763714281154919,-0.905833060029027
1015,11804,"s046","m0",0.305191039626514,0.269266001462942,-0.658577927659384,-1.14150916107482
1016,11828,"s046","m0",0.357898869307343,0.29660327687614,-0.602380256590256,-0.763944552246369
1017,11838,"s046","m0",0.279272400269085,0.18878750036222,-1.03635058379471,-0.237598512507427
1018,11844,"s046","m0",0.287889733789797,0.246996430198115,-0.645081241893441,-0.61476378629724
1019,11852,"s046","m0",0.20411132024284,0.192042742009485,-0.963191793319297,-0.154105341374898
1020,11868,"s046","m0",0.210158426603101,0.170249552430054,-1.07508860367518,-0.0206153546260121
1021,11884,"s046","m0",0.224466882109542,0.213141593372012,-0.93411589997025,0.053041882680584
1022,11909,"s046","m0",0.307623703056215,0.333895545553885,-0.710317810124925,-0.503673697054721
1023,11920,"s046","m0",0.33819685602582,0.330165430897556,-0.805514067830234,-0.852211498796763
1024,11922,"s046","m0",0.411447049036141,0.380544897825691,-0.422092359888564,-1.56723689341698
1025,11928,"s046","m0",0.332415125574427,0.229647755667025,-1.02670395116395,-1.18121213531596
1026,11931,"s046","m0",0.356589543263754,0.403916154033492,-0.620823129414392,-0.802698638749716
1027,11934,"s046","m0",0.402052311477802,0.399302004436697,-0.801187047430936,-1.31054380585299
1028,11979,"s046","m0",0.343115347460147,0.299604977066762,-0.749684030691992,-1.05755567485532
1029,11980,"s046","m0",0.278285728692278,0.32357396645362,-0.990011663289736,-0.379512998555679
1030,11984,"s046","m0",0.351052037062117,0.296275305419856,-0.539284263730926,-1.09322126404508
1031,11998,"s046","m0",0.244337147853668,0.205898504460887,-0.997476733399251,-0.103551715876733
1032,12001,"s046","m0",0.339428651785588,0.331559207120235,-0.713816727236201,-1.1790513185873
1033,12008,"s046","m0",0.359258333478144,0.280459841870128,-0.837050516440027,-0.893820831766585
1034,12040,"s046","m0",0.283706379434704,0.358724336927563,-0.927199061218105,-0.434098142102199
1035,12062,"s046","m0",0.376942053045035,0.345009765888306,-0.567570859394896,-0.886569692160717
1036,12073,"s046","m0",0.246513149948809,0.251960568582362,-0.588686192133654,-0.104813209565972
1037,12097,"s046","m0",0.338666498303768,0.326939137547349,-0.908519795973111,-1.08083739158246
1038,12117,"s046","m0",0.315640205916512,0.334826206790816,-0.629668548531072,-0.44148171445893
1039,12121,"s046","m0",0.330292040414001,0.331189079514723,-0.714237377285338,-0.452015252507058
1040,12127,"s046","m0",0.327102415565398,0.28047417384033,-0.742660570298246,-1.09587025723023
1041,12143,"s046","m0",0.405155776262178,0.431858002756909,-0.421436278186826,-0.811746708616545
1042,12155,"s046","m0",0.30433250459763,0.283624674650614,-0.696614585405261,-0.533038135922198
1043,12177,"s046","m0",0.437725654611875,0.400680240198886,-0.582925330269394,-2.63558725470818
1044,12178,"s046","m0",0.352136284090848,0.256718228578098,-0.674227198528003,-1.37668434616191
1045,12181,"s046","m0",0.424311020002558,0.37065930290153,-0.659165251782181,-2.06790352668517
1046,12185,"s046","m0",0.35745876063993,0.35718955886693,-0.438506676967497,-0.656735240438106
1047,12201,"s046","m0",0.261475164864862,0.197981197626421,-0.862588199509803,-0.326959634350581
1048,12202,"s046","m0",0.418636258297332,0.351740089248474,-0.465767850321272,-1.41105240195288
1049,12203,"s046","m0",0.376237581719638,0.351897782375953,-0.756144849899558,-1.32844700440071
1050,12216,"s046","m0",0.346131822539978,0.31263656363346,-0.747179027111763,-1.55426973465334
1051,12217,"s046","m0",0.258708389310591,0.197993924167951,-0.91778954084102,-0.445999693260602
1052,12224,"s046","m0",0.317524286456147,0.269278274405395,-0.826451169672508,-1.09565401787273
1053,12238,"s046","m0",0.35620602007716,0.308907808296229,-0.629065130829691,-1.25473944166256
1054,12240,"s046","m0",0.311075850941237,0.269082450276219,-0.616234289449451,-0.134707458468624
1055,12268,"s046","m0",0.419401318396959,0.343967989166338,-0.646918006431789,-1.74071595781396
1056,12280,"s046","m0",0.406147324252909,0.428297437518732,-0.65416448512318,-1.21698376269188
1057,12285,"s046","m0",0.267573139999549,0.262136423815117,-1.01477162052826,-0.317725780297198
1058,12286,"s046","m0",0.329267255443565,0.294514000945413,-0.655457369712751,-0.798140624598655
1059,12294,"s046","m0",0.416045847641188,0.391771287349935,-0.437280412982992,-1.22421337396466
1060,12330,"s046","m0",0.436141478803128,0.35835109217643,-0.585064784691298,-1.87014070828016
1061,12335,"s046","m0",0.275359510465446,0.173319002840713,-0.765547531933594,-0.485003692251934
1062,12338,"s046","m0",0.466842269173318,0.351658123964855,-0.406082503956826,-2.12701645931976
1063,12344,"s046","m0",0.361465740727583,0.329421119598383,-0.664957104142277,-1.19271223403026
1064,12352,"s046","m0",0.147593823259806,0.0811197214102706,-0.886775962479519,0.33710548299416
1065,12355,"s046","m0",0.348271500148629,0.382804216440454,-0.759198827951011,-0.591574762424206
1066,12363,"s046","m0",0.35650208967849,0.302963797124525,-0.369993189265893,-0.82478890259605
1067,12369,"s046","m0",0.314805287866411,0.294242062310773,-0.831333063367037,-1.02337338664014
1068,12372,"s046","m0",0.293204559237256,0.260252293805959,-0.945561748221607,-0.700031821214293
1069,12397,"s046","m0",0.417704087154508,0.41405713979751,-0.595402747336651,-1.46878854560155
1070,12401,"s046","m0",0.330550848710368,0.284100769549793,-0.463275889813911,-0.959961729869697
1071,12410,"s046","m0",0.411977548685442,0.352212801313968,-0.538436391591384,-1.42726434625923
1072,12419,"s046","m0",0.33439552764592,0.246079606284171,-0.520812048235474,-0.884407480704548
1073,12442,"s046","m0",0.337647888040837,0.277956310567091,-0.659024838657451,-0.424691919284189
1074,12450,"s046","m0",0.293679605373204,0.260059006683638,-0.780250915985158,-0.576762059479156
1075,12461,"s046","m0",0.335751668073352,0.339577879500999,-0.83410051791309,-1.10939822626969
1076,12490,"s046","m0",0.252410592790537,0.220085544778871,-0.744579803687186,-0.63441524589329
1077,12505,"s046","m0",0.319413145505399,0.366639397808572,-0.679599176193923,-0.161762239247651
1078,12509,"s046","m0",0.342140999855268,0.228121536777291,-0.544494001638462,-0.774797457643971
1079,12512,"s046","m0",0.295820439118876,0.260212472225904,-1.02493083312654,-1.14089688888928
1080,12518,"s046","m0",0.294900282362583,0.300818765198417,-1.09100838060895,-0.863749792547236
1081,12527,"s046","m0",0.388626850671576,0.346337452128294,-0.492533487875149,-0.656016061188288
1082,12539,"s046","m0",0.349542546827149,0.349884940070685,-0.58457233368672,-1.04321335191584
1083,12542,"s046","m0",0.283697655802648,0.24980075549462,-0.917984189147033,-0.328092451087763
1084,12549,"s046","m0",0.365921878067391,0.393459081206594,-0.554796293178819,-0.581684334615546
1085,12556,"s046","m0",0.208842601417146,0.177558470149233,-0.848171264342101,-0.0313244953284484
1086,12563,"s046","m0",0.354813411806626,0.327597618128709,-0.717956538117077,-0.82349597798313
1087,12571,"s046","m0",0.345657190731215,0.30390304681976,-0.671492068122507,-0.742552254144837
1088,12581,"s046","m0",0.280077937577466,0.301516086116545,-0.626434549583236,-0.284512382742672
1089,12585,"s046","m0",0.427762512319952,0.448882711181745,-0.606638463722592,-1.69663714265822
1090,12609,"s046","m0",0.300379325213013,0.247886139893129,-0.676571977667083,-1.19395255382045
1091,12625,"s046","m0",0.331593820095936,0.335937332292453,-0.755323299386153,-0.454414420903889
1092,12627,"s046","m0",0.329329683727638,0.229875413777438,-1.04026995354357,-1.01097447820437
1093,12629,"s046","m0",0.411814861855795,0.364179023438015,-0.740778339393468,-2.00291060441387
1094,12631,"s046","m0",0.220311337076301,0.310137975404557,-0.909830614342584,0.052428057768212
1095,12632,"s046","m0",0.239329474882279,0.202142532480354,-0.922082433399986,-0.0474280336934651
1096,12633,"s046","m0",0.300058054472245,0.226068254413582,-1.02790569204633,-0.376170864306949
1097,12647,"s046","m0",0.376243281748581,0.276790222598866,-0.657502345914875,-1.65198932238521
1098,12650,"s046","m0",0.350159296916588,0.30388628142705,-0.396007382654147,-0.594793472439427
1099,12661,"s046","m0",0.374705784109381,0.320525823005539,-0.680381548191206,-1.27815549469514
1100,12685,"s046","m0",0.233893078525426,0.302493765318831,-0.851087342554484,0.176951724485002
1101,12688,"s046","m0",0.331335235749627,0.33995851099087,-0.483856531007937,-0.549043527448599
1102,12689,"s046","m0",0.390400187139205,0.321740740050502,-0.644263708311633,-2.0390087857467
1103,12693,"s046","m0",0.342465660476802,0.254318808118485,-0.57890257585509,-1.22583252010883
1104,12706,"s046","m0",0.368367678625018,0.321409649707607,-0.531685217730153,-1.53371256945717
1105,12707,"s046","m0",0.318537571548099,0.365423102293708,-0.631842185181835,-0.686321946795992
1106,12713,"s046","m0",0.328264240585591,0.328039496146967,-0.550573581397378,-1.05686311926339
1107,12729,"s046","m0",0.269126424832121,0.297726564570243,-0.592679362559704,0.139229042223329
1108,12734,"s046","m0",0.369423713179083,0.314469217099895,-0.488089969210586,-1.3121750282667
1109,12767,"s046","m0",0.297836687549903,0.250538949657108,-0.773906889570969,-0.521989706485284
1110,12773,"s046","m0",0.45200653768003,0.39038236265737,-0.660405434841351,-1.86603165463752
1111,12785,"s046","m0",0.376399294073444,0.322500140979394,-0.54933007340187,-1.18215531433395
1112,12793,"s046","m0",0.374111271282289,0.349372251486758,-0.900281213759503,-1.15290597672329
1113,12798,"s046","m0",0.295261037188731,0.248665775083938,-0.663546458237451,-0.324172697222689
1114,12803,"s046","m0",0.381756479808926,0.310558996991934,-0.502676837814709,-1.8915799296104
1115,12815,"s046","m0",0.333299307755737,0.297131923920373,-0.568480455189309,-0.643778025623656
1116,12820,"s046","m0",0.275555445057182,0.151472677352664,-0.920711124889969,-0.347815928959685
1117,12822,"s046","m0",0.263524282362311,0.232145012546076,-0.873934451465712,-0.368315318228488
1118,12859,"s046","m0",0.228549085762785,0.170506010315825,-1.28701175427091,-0.502733610581399
1119,12860,"s046","m0",0.377258668945399,0.389724289232879,-0.626176957953992,-1.12619094791203
1120,12901,"s046","m0",0.256070355519026,0.204219099461094,-0.911792539102469,-0.0632183109100471
1121,12907,"s046","m0",0.239578991923011,0.331852862847651,-1.04767948999914,-0.140673955529744
1122,12917,"s046","m0",0.36404630011888,0.337618090793757,-0.741241266234254,-1.04711457845276
1123,12919,"s046","m0",0.346486281154207,0.361348791964143,-0.786916174746305,-0.733693222604592
1124,12927,"s046","m0",0.283649019899731,0.361672585477467,-1.11425526523763,-0.182075456500749
1125,12929,"s046","m0",0.293307694443,0.264200750749008,-0.904420311101658,-0.640299130187394
1126,12937,"s046","m0",0.324119342049496,0.32223415769888,-0.643646253981618,-0.557522420869816
1127,12956,"s046","m0",0.286062288473006,0.260117342123274,-0.699020664900153,-0.387647997555663
1128,12957,"s046","m0",0.340833300033209,0.275643777421321,-0.607775425044214,-1.19017446018794
1129,12960,"s046","m0",0.210323007213513,0.128281321425407,-1.19189550226669,0.000776883498897096
1130,13010,"s046","m0",0.319707600952461,0.325834872056081,-0.704004899284351,-0.369160894112643
1131,13019,"s046","m0",0.341986324316096,0.326921712581059,-0.556858313474773,-0.89697206680115
1132,13023,"s046","m0",0.346252580119914,0.331469597393271,-0.579792766279804,-1.11802012958502
1133,13026,"s046","m0",0.290759106631352,0.245195539000941,-0.795404265303767,-0.754197020664519
1134,13035,"s046","m0",0.297372956118064,0.280561476791507,-0.773987965374274,-0.868455516290959
1135,13038,"s046","m0",0.300529019049752,0.352385160854746,-0.55166114472486,-0.393460641881983
1136,13049,"s046","m0",0.327063814464429,0.347343339412497,-0.458782811085601,-1.13706698129372
1137,13061,"s046","m0",0.257200928881902,0.195748558895008,-0.489021259770448,-0.210142286738881
1138,13063,"s046","m0",0.310430875893831,0.226151315956854,-0.703888972497573,-0.419828573005107
1139,13075,"s046","m0",0.360799379041616,0.296798096845208,-0.589818690972761,-1.24008059175944
1140,13078,"s046","m0",0.32410110818067,0.22338845594726,-0.505560309406118,-0.88728652533194
1141,13083,"s046","m0",0.396418995012766,0.367771253655245,-0.653362212558979,-1.43971178861679
1142,13093,"s046","m0",0.332286488942241,0.327330578379198,-0.701978224753734,-0.502413962130678
1143,13094,"s046","m0",0.202735444236355,0.175905084315241,-1.18129946441699,-0.0647460519806649
1144,13101,"s046","m0",0.396684234010032,0.367953833498418,-0.487449267580588,-1.72833146353581
1145,13104,"s046","m0",0.341381066278498,0.292504810871262,-0.533497539660139,-0.857131980110136
1146,13109,"s046","m0",0.240678484524328,0.252863785111709,-0.924137992802782,-0.436746124055739
1147,13110,"s046","m0",0.351597760019103,0.372679179505814,-0.515629348081033,-0.993614282974802
1148,13118,"s046","m0",0.373004518564952,0.320127380581184,-0.711926187300729,-1.34830278280729
1149,13123,"s046","m0",0.343721722712924,0.345378497816431,-0.439441663696385,-0.574693648489544
1150,13141,"s046","m0",0.337788351071654,0.332169572471903,-0.475946149689515,-0.384547017183687
1151,13151,"s046","m0",0.371631525538595,0.352559206102991,-0.785129761888228,-0.656822608366025
1152,13157,"s046","m0",0.289398602075836,0.256206570300049,-0.714803269051697,-0.473818410502922
1153,13159,"s046","m0",0.303223107535729,0.362280937611927,-0.686487557504132,-0.0564971255293322
1154,13163,"s046","m0",0.260796086098482,0.194865036257815,-0.769864884052336,-0.651750246543188
1155,13171,"s046","m0",0.294716524728797,0.360397117803465,-0.646580463431896,-0.26324211129598
1156,13186,"s046","m0",0.336792538255362,0.405608545939455,-0.709917533727907,-0.283995898749037
1157,13214,"s046","m0",0.30741294752434,0.182500668443201,-0.907909778707292,-0.786893326279587
1158,13227,"s046","m0",0.37237852080896,0.405426963834194,-0.838770271733085,-0.761151613668901
1159,13232,"s046","m0",0.289139670103196,0.274612457697638,-0.730448025190162,-0.661200860727317
1160,13240,"s046","m0",0.384374073744847,0.360395136047297,-0.555394905727083,-1.04107376505161
1161,13244,"s046","m0",0.337976203341035,0.325972069821049,-0.867495348598614,-0.936171442367135
1162,13264,"s046","m0",0.345075591826251,0.342837269602401,-0.830494119832457,-0.483181003447755
1163,13270,"s046","m0",0.241754141959487,0.214264966483186,-1.17340878017722,0.106639232125753
1164,13273,"s046","m0",0.307404636599619,0.263228807256945,-0.811621555675617,-0.174635496293105
1165,13276,"s046","m0",0.310220134855771,0.222317905778423,-0.629308017759772,-0.596081522419632
1166,13307,"s046","m0",0.378883853448888,0.412786045893998,-0.726893792438343,-1.06925261338396
1167,13308,"s046","m0",0.292389102090604,0.214835866711169,-0.745864863532731,-0.563973365764121
1168,13313,"s046","m0",0.351241096572944,0.317626400240533,-0.843687022143009,-1.30368882188888
1169,13316,"s046","m0",0.421099198350621,0.28691192056767,-0.488357815535067,-2.34249361119464
1170,13323,"s046","m0",0.309846022370052,0.354996375332904,-0.464496352287641,-0.351754408282881
1171,13344,"s046","m0",0.4152201849027,0.443620825647093,-0.590526148386972,-0.765968854953089
1172,13346,"s046","m0",0.161844654957397,0.160944410369804,-0.854257177749407,0.248689405478772
1173,13356,"s046","m0",0.305517963910114,0.290036183039358,-0.81146767120684,-0.715651776727367
1174,13380,"s046","m0",0.48420339358579,0.435056696885711,-0.490155258860091,-1.50760218844673
1175,13416,"s046","m0",0.346082576854827,0.351191247380825,-0.561980489379006,-0.672061437987945
1176,13453,"s046","m0",0.215113751541576,0.184431840245369,-0.837693408946805,-0.047724711541504
1177,13472,"s046","m0",0.324895547221045,0.268128468242707,-0.696960090937128,-0.474795073691569
1178,13492,"s046","m0",0.380331661205798,0.290921218987295,-0.439172074073535,-1.46699303396775
1179,13527,"s046","m0",0.414527810947008,0.355185036684459,-0.52274912434914,-1.48018881268452
1180,13532,"s046","m0",0.268682667689742,0.220882529030116,-0.592574836832179,-0.319955769819071
1181,13537,"s046","m0",0.346075286660003,0.306397945111072,-0.50393888901708,-1.34053795112965
1182,13540,"s046","m0",0.318255888179226,0.306133640576301,-0.850026059295877,-0.679887520585276
1183,13551,"s046","m0",0.353688009083301,0.389346230975967,-0.430992344878134,-0.778435233383865
1184,13554,"s046","m0",0.343425244291548,0.275395243107565,-0.685112626570965,-1.3217043680936
1185,13557,"s046","m0",0.400317787095339,0.361346079670578,-0.470271834404964,-1.77281909506842
1186,13572,"s046","m0",0.327430894185544,0.298384599448573,-0.434863576706343,-0.343351528465687
1187,13597,"s046","m0",0.30180849857154,0.295490559843149,-0.868290921026534,-0.907611234919341
1188,13618,"s046","m0",0.376204018831982,0.343365050790478,-0.644696914171234,-0.870998818407748
1189,13645,"s046","m0",0.373012870477155,0.368239422703955,-0.45510661223541,-0.823685990968804
1190,13646,"s046","m0",0.390431285293073,0.364265361156975,-0.463561234435844,-1.34905936452353
1191,13672,"s046","m0",0.325358085970285,0.277023288160427,-0.565853105231039,-0.592060542608662
1192,13694,"s046","m0",0.309610005166385,0.391248633426543,-0.823159101064774,-0.692365881801111
1193,13704,"s046","m0",0.425001537376274,0.438289600614945,-0.323916117164021,-1.52147206575943
1194,13707,"s046","m0",0.298407613276769,0.383042004394875,-0.869851726060768,-0.475246684446298
1195,13720,"s046","m0",0.329750004726771,0.361221944529017,-0.424699522476075,-0.885965059656871
1196,13730,"s046","m0",0.215715178112779,0.25395379260643,-1.06763660029934,0.0343406322072315
1197,13732,"s046","m0",0.316556940128906,0.287376756247251,-0.696662819425205,-0.379057735028414
1198,13738,"s046","m0",0.360310119892287,0.397154069431114,-0.271523501166695,-0.984917095929081
1199,13743,"s046","m0",0.272685680086458,0.261533149950419,-0.766842674486387,-0.399418482264017
1200,13755,"s046","m0",0.31772928741791,0.298368215051491,-0.501206438926885,-0.480459934479873
1201,13769,"s046","m0",0.368460930088471,0.389490293577721,-0.726579015526334,-1.20635062281547
1202,13770,"s046","m0",0.305286889229959,0.243664571755331,-1.13505539475728,-0.731761317838628
1203,13802,"s046","m0",0.295283333450795,0.205126205341307,-0.829627311691293,-0.725904033947303
1204,13811,"s046","m0",0.309832269586167,0.191465587410001,-0.991494212065364,-0.846383759179553
1205,13842,"s046","m0",0.436331235938273,0.427775104728711,-0.645388794526028,-2.54893343472872
1206,13844,"s046","m0",0.362001943845719,0.360796011887767,-0.475630052035392,-1.15186983068597
1207,13860,"s046","m0",0.435878695492615,0.380107004741869,-0.406189127942768,-2.01217699163217
1208,13884,"s046","m0",0.217224033900378,0.256557129763815,-1.11340386660732,-0.123513833639617
1209,13920,"s046","m0",0.411045147796799,0.379920685947299,-0.98274563705355,-2.3682548407743
1210,13937,"s046","m0",0.32574884358359,0.303031699609498,-0.595795756617538,-0.631291984943622
1211,13954,"s046","m0",0.381333466383394,0.333471987625886,-0.369932739482963,-1.39662267651349
1212,13979,"s046","m0",0.306198200541204,0.184379810130957,-0.872145919482475,-0.475347334299397
1213,13981,"s046","m0",0.356362837003766,0.336177285695284,-0.362518045595103,-0.596027387073754
1214,13982,"s046","m0",0.255389152066806,0.31170109822226,-0.674278622580229,-0.0661188061290094
1215,13987,"s046","m0",0.328576409513474,0.220713579079906,-0.633908816906901,-0.886826804299387
1216,13994,"s046","m0",0.282287683821659,0.241425442509526,-0.695557332604249,-0.415421762443198
1217,14012,"s046","m0",0.205621539011893,0.244471771803884,-0.853187134893836,0.154378529589011
1218,14032,"s046","m0",0.331372059581304,0.288076895231549,-0.715217184045017,-1.33709136039916
1219,14039,"s046","m0",0.192111759238981,0.205542991676031,-1.05769066623398,0.176455437162977
1220,14044,"s046","m0",0.327384919817047,0.305745539701053,-0.767360326972235,-0.750832888859754
1221,14053,"s046","m0",0.247164219697555,0.236946234133053,-0.77789711861786,0.0423821038411131
1222,14061,"s046","m0",0.289128726191798,0.295382259936627,-0.599070593511257,-0.35092556924219
1223,14063,"s046","m0",0.328192379026336,0.361748203678733,-0.718558686004838,-0.723323258698621
1224,14097,"s046","m0",0.344203186143384,0.296659543425787,-0.675966703470918,-1.27306421816487
1225,14102,"s046","m0",0.406381644830222,0.298915104243281,-0.647674340159949,-1.1576233965667
1226,14121,"s046","m0",0.409668945564662,0.302560269988833,-0.540892449570115,-1.9156892019848
1227,14122,"s046","m0",0.309414803938621,0.273864046405772,-0.683254839880452,-0.987414876441733
1228,14146,"s046","m0",0.405801520664017,0.32909944527246,-0.478612678307539,-1.4769795238981
1229,14147,"s046","m0",0.290033079322799,0.323379802160066,-0.721250223761705,-0.304898435103199
1230,14185,"s046","m0",0.380690729682407,0.325914621438911,-0.654148524146796,-1.41959600072607
1231,14202,"s046","m0",0.322711065428273,0.360306529313071,-0.814496611537381,-0.770080843859266
1232,14215,"s046","m0",0.374341725938289,0.431047251650448,-0.505524214008514,-0.698573482842771
1233,14222,"s046","m0",0.270078469616972,0.286049795082457,-1.04133806014982,-0.195240240481506
1234,14249,"s046","m0",0.323379612538996,0.343321180058474,-0.701988774034961,-0.529091627701051
1235,14281,"s046","m0",0.325652567052362,0.277609097600263,-0.737693436688979,-0.504104739486118
1236,14293,"s046","m0",0.369421103423084,0.311064909970866,-0.380140272635029,-1.52409670378814
1237,14296,"s046","m0",0.329590552035585,0.272897410637312,-0.721081227597901,-0.673901756907062
1238,14314,"s046","m0",0.34581657399933,0.341002847350715,-0.617244178319067,-0.53794559480835
1239,14337,"s046","m0",0.276651768204441,0.261003803104646,-0.48291040512584,-0.756822491308366
1240,14338,"s046","m0",0.342569770844546,0.238520847152041,-0.497189074574889,-1.18925406478821
1241,14343,"s046","m0",0.306427270907241,0.315975087320504,-0.743701212115106,-0.488506356830143
1242,14348,"s046","m0",0.296991053965028,0.246598531212857,-0.926156379202037,-0.0814419876005656
1243,14353,"s046","m0",0.394030880148142,0.394045558944316,-0.711863638048546,-1.18060006125305
1244,14372,"s046","m0",0.265324667128975,0.287269638874593,-0.641354118973508,-0.00767917698525166
1245,14380,"s046","m0",0.325133937474619,0.347456817621308,-0.920268119068449,-0.638666200068857
1246,14390,"s046","m0",0.345926078262234,0.382598834585879,-0.55700969766319,-0.846016990985512
1247,14419,"s046","m0",0.413925183643915,0.348349595064017,-0.349697341997321,-1.93375916903308
1248,14428,"s046","m0",0.39130794198931,0.359377019388681,-0.586447659363663,-1.85716345012856
1249,14441,"s046","m0",0.298735534711273,0.356205618113593,-0.679901507096227,-0.41399437493147
1250,14446,"s046","m0",0.309184340671235,0.277290488035895,-0.9510423047745,-0.623176180957412
1251,14454,"s046","m0",0.421101638779557,0.32653252230551,-0.284236290215165,-1.79907061879157
1252,14457,"s046","m0",0.361384443733865,0.396952499674454,-0.5243297460449,-1.20980383518076
1253,14462,"s046","m0",0.337661947507991,0.352538620446851,-0.781442761376812,-0.935599354818454
1254,14463,"s046","m0",0.301930510233751,0.202530796525218,-0.76523160845387,-1.05895566152488
1255,14464,"s046","m0",0.336359095645568,0.28914818362999,-0.768790798535293,-0.8163793398626
1256,14478,"s046","m0",0.316906251850296,0.261594448601879,-0.693359180896888,-1.01371443845824
1257,14496,"s046","m0",0.236287375273844,0.175893580152151,-0.876447764487591,-0.0681443123989299
1258,14501,"s046","m0",0.306558644794899,0.312774023849362,-0.612882854363922,-0.705289415519288
1259,14517,"s046","m0",0.289200022199839,0.371268701330755,-0.614235726244434,-0.369226714448952
1260,14526,"s046","m0",0.292035508842918,0.243802585641822,-0.618147460226208,-0.517260479325915
1261,14529,"s046","m0",0.375175472029246,0.358390063625565,-0.543758039716232,-1.2447734779653
1262,14532,"s046","m0",0.348779613776088,0.335549515373389,-0.625785266956125,-0.977143192704339
1263,14534,"s046","m0",0.391711715921429,0.390221130939466,-0.451094419909537,-0.945109478908794
1264,14538,"s046","m0",0.304580944237648,0.239608044777907,-0.80038767693357,-1.33338050577995
1265,14563,"s046","m0",0.281895636638178,0.336299666709798,-0.599365411467108,-0.143246179594625
1266,14585,"s046","m0",0.396657413215314,0.399017484448188,-0.611555302181335,-0.803736598250252
1267,14605,"s046","m0",0.367128494256802,0.336970426393252,-0.569188534153362,-1.52895378116871
1268,14608,"s046","m0",0.312744039540218,0.29572340967582,-0.803049782424041,-0.657827136926257
1269,14614,"s046","m0",0.392223856677149,0.329121289263472,-0.67318249339926,-2.49024110307919
1270,14652,"s046","m0",0.369843634387364,0.367718131782363,-0.644475392138493,-0.611313330674524
1271,14661,"s046","m0",0.446334323296774,0.359257378583358,-0.564092740022811,-2.2421478151023
1272,14673,"s046","m0",0.354319061927012,0.343245523314198,-0.611033648095211,-1.01435994353209
1273,14676,"s046","m0",0.402560736181852,0.415571072397933,-0.40542710288306,-1.26114348006659
1274,14688,"s046","m0",0.31677917241043,0.354257531229742,-0.697262649931425,-0.611019774746556
1275,14724,"s046","m0",0.27614796356778,0.24251743727413,-1.1398706563457,-0.152051618698251
1276,14731,"s046","m0",0.351201433749083,0.322358417469149,-0.528931344333413,-0.799866152183297
1277,14739,"s046","m0",0.288660453502066,0.331498127512989,-0.763451037841541,-0.490758936395014
1278,14743,"s046","m0",0.408888332556178,0.3158560560849,-0.591187840731738,-1.39146847495687
1279,14777,"s046","m0",0.245764672986959,0.196584169027014,-1.10873423592768,-0.333812842204384
1280,14783,"s046","m0",0.394568645841985,0.359891103443687,-0.531223488349071,-1.34812875746302
1281,14792,"s046","m0",0.357521029506721,0.330565355840089,-0.701231616379244,-1.03953741890622
1282,14793,"s046","m0",0.407689370133419,0.381769984905622,-0.550577194388839,-2.04893510970798
1283,14796,"s046","m0",0.295061934584879,0.273145486224136,-0.862351655943854,-0.310072225174856
1284,14816,"s046","m0",0.381902573207829,0.316431703350974,-0.549012172298237,-1.84640928545993
1285,14825,"s046","m0",0.402482461029512,0.363258343465573,-0.48467229756968,-0.848402824607857
1286,14829,"s046","m0",0.228570232956096,0.244319749013362,-1.11811925601803,-0.0745013037576443
1287,14850,"s046","m0",0.310210481713195,0.259889656310572,-0.798924052604098,-0.844984407032763
1288,14855,"s046","m0",0.319359591508127,0.332939527963978,-0.602936746104504,-0.502258652953161
1289,14873,"s046","m0",0.37890995541283,0.355664534742178,-0.551991835722856,-1.63054556324133
1290,14921,"s046","m0",0.442782237395667,0.418139891814581,-0.437398173855715,-1.09347650779607
1291,14938,"s046","m0",0.371390486587094,0.391479768277363,-0.392241594154363,-0.391985683212955
1292,14941,"s046","m0",0.322361943637312,0.336294383509667,-0.708369093601263,-0.996454824754477
1293,14942,"s046","m0",0.203724764216752,0.237061612494543,-1.00623017398441,0.0538334122645615
1294,14964,"s046","m0",0.266410924071211,0.142554644291724,-0.802981879411465,-0.590866385328346
1295,14983,"s046","m0",0.266313856135805,0.231702856284475,-0.800869096264415,-0.219295102898122
1296,14993,"s046","m0",0.371113376577241,0.434454619453077,-0.398021640913685,-0.751809657225762
1297,14999,"s046","m0",0.296516370997899,0.279299043158048,-0.710704650306456,-0.455102159729814
1298,15010,"s046","m0",0.347403942727286,0.345445671084444,-0.868415229843501,-1.14298576570445
1299,15013,"s046","m0",0.394554532032423,0.396373433467985,-0.514134844909615,-0.570125283416072
1300,15017,"s046","m0",0.335461123671925,0.333600516211914,-0.607991417947271,-0.867319963142054
1301,15024,"s046","m0",0.423514843799625,0.413639386602095,-0.414288562888739,-0.867254309971688
1302,15033,"s046","m0",0.296226949229058,0.346743905115573,-0.697180594865494,-0.112851065891445
1303,15035,"s046","m0",0.331751255427759,0.278926504455167,-0.809203872654522,-0.62147023095861
1304,15093,"s046","m0",0.329835230250405,0.316389251403082,-0.655877448582303,-0.904156753203195
1305,15095,"s046","m0",0.351545411224445,0.331028022701919,-0.708738289410202,-1.18845913345857
1306,15109,"s046","m0",0.23044804363995,0.2124098292737,-1.0193500910606,-0.240702221516698
1307,15126,"s046","m0",0.381969850309567,0.371900655973124,-0.694877280300143,-1.25802880908687
1308,15142,"s046","m0",0.249973764220304,0.260798937117363,-0.851757521809064,-0.227987731580751
1309,15174,"s046","m0",0.315662106451237,0.345405275884001,-0.666516978148982,-0.632581520675849
1310,15177,"s046","m0",0.240427007422871,0.177438505191995,-1.13303812783784,-0.171460664833833
1311,15216,"s046","m0",0.229542465455718,0.199124558533728,-0.90539073766344,-0.0482120996368144
1312,15217,"s046","m0",0.287620714166252,0.339076391764,-0.536379428453981,-0.249354542305987
1313,15219,"s046","m0",0.329771541613339,0.286564124436233,-0.85024351482671,-0.744914551345037
1314,15228,"s046","m0",0.296417213907255,0.3414291131299,-0.470484780674002,-0.243820583400488
1315,15233,"s046","m0",0.291404016566041,0.285138602326986,-0.499359597067319,-0.617586235692747
1316,15269,"s046","m0",0.443187219253181,0.313840333318459,-0.484244515735696,-2.59471878129423
1317,15274,"s046","m0",0.263273560536036,0.191840005234506,-1.06152035290968,-0.493094206422927
1318,15304,"s046","m0",0.389813354885595,0.422153150270123,-0.592699283235764,-0.987883784809411
1319,15327,"s046","m0",0.263730722467657,0.291555037429418,-0.977217102084079,-0.143882480774463
1320,15339,"s046","m0",0.330655595770717,0.229746269066494,-0.70130422598709,-0.681867249096219
1321,15340,"s046","m0",0.374537471553178,0.348114298811871,-0.59462830711519,-1.42637181698977
1322,15360,"s046","m0",0.246185255636428,0.266824501563836,-0.594801379438153,-0.00309510903888047
1323,15372,"s046","m0",0.21394282053074,0.228149837303216,-0.725570932900285,0.191811748828402
1324,15373,"s046","m0",0.275520611569644,0.21726582922711,-0.712351360377328,0.0124916828307373
1325,15375,"s046","m0",0.464386120003019,0.430592843798295,-0.533371727371691,-1.74168279407448
1326,15388,"s046","m0",0.393867615587327,0.385081903551967,-0.758916629619895,-1.02098971406805
1327,15391,"s046","m0",0.428952345701821,0.378137017248913,-0.428622426179343,-1.86608320420882
1328,15393,"s046","m0",0.306125649895921,0.338684617392821,-0.523253098601022,-0.38018559448626
1329,15461,"s046","m0",0.336861787268018,0.274979249223042,-0.511027915531598,-0.571786075983825
1330,15463,"s046","m0",0.312941529620803,0.284570567984461,-0.702769398464537,-0.924176771602258
1331,15470,"s046","m0",0.347576301802461,0.302143300691958,-0.982353913255144,-1.21118906312741
1332,15482,"s046","m0",0.247856144100437,0.268207002230514,-0.92407133433057,-0.495089785006965
1333,15484,"s046","m0",0.284957225629379,0.237993794961121,-0.974013429947629,-0.806687661379599
1334,15491,"s046","m0",0.331419901831025,0.261900406459969,-0.736320984860799,-0.771311479474201
1335,15493,"s046","m0",0.332645427510997,0.358277942113938,-0.510993625920642,-0.536853455135553
1336,15507,"s046","m0",0.36252177707678,0.311579816448177,-0.631510488292065,-1.21849145981028
1337,15515,"s046","m0",0.361114458131494,0.366786542142999,-0.694818131802444,-0.863280260966322
1338,15530,"s046","m0",0.406560181304037,0.423740037000284,-0.496013539648166,-0.990772142876574
1339,15532,"s046","m0",0.299638231189523,0.353282001132623,-0.84020328440395,-0.744157858111878
1340,15540,"s046","m0",0.395379898335118,0.37708100105748,-0.454357191125939,-0.987617069055129
1341,15557,"s046","m0",0.266891583601308,0.286779470321338,-0.90424659914016,-0.74095407300485
1342,15560,"s046","m0",0.299925162290699,0.281473070878762,-1.02507830390512,-0.531519137841267
1343,15567,"s046","m0",0.342226390142485,0.369549261265061,-0.92861989872114,-1.58580930759793
1344,15612,"s046","m0",0.366299806974744,0.299244029671713,-0.668647584617889,-1.37681687591095
1345,15628,"s046","m0",0.387124031132907,0.188992586889714,-0.616215205448777,-1.6159523914037
1346,15631,"s046","m0",0.232993547439714,0.189119482352822,-0.967251088935,-0.329878160410719
1347,15634,"s046","m0",0.383448057967775,0.251666597508715,-0.550246080467587,-1.42777072891112
1348,15637,"s046","m0",0.329231564486952,0.33795507276664,-0.750007548310733,-0.718590673019529
1349,15638,"s046","m0",0.329087700264245,0.250053438800488,-0.616289669716924,-1.32347637849554
1350,15671,"s046","m0",0.269148946109391,0.272544435975849,-0.73524913527332,-0.434951672984642
1351,15676,"s046","m0",0.33508553006313,0.203471165514515,-0.856640122249259,-0.790612413524948
1352,15677,"s046","m0",0.285017616437508,0.264490701103446,-0.561489287116688,-0.483437276657024
1353,15709,"s046","m0",0.257483258491556,0.159872058274573,-0.798296917369137,-0.639562153417387
1354,15744,"s046","m0",0.222902530639498,0.201121756416672,-1.02552393097539,-0.0872651354017923
1355,15771,"s046","m0",0.375489921300525,0.418535112903095,-0.853407100297744,-1.09539865799625
1356,15781,"s046","m0",0.276449062496213,0.304885426923328,-0.895724030814021,-0.600236107495056
1357,15794,"s046","m0",0.360186614365485,0.293872698685687,-0.58516333177893,-1.12293974312097
1358,15795,"s046","m0",0.361759951781973,0.319624328158798,-0.686940702374507,-1.44103478723236
1359,15809,"s046","m0",0.325713632163275,0.291156904367345,-0.589926175734595,-0.619809204745601
1360,15818,"s046","m0",0.380419003423593,0.402654871125848,-0.782740793685265,-1.55122201681312
1361,15838,"s046","m0",0.348174396288031,0.37064263416496,-0.705335830019437,-0.540766257507579
1362,15848,"s046","m0",0.354263506328022,0.28146497645159,-0.513540854924603,-1.22144792777053
1363,15853,"s046","m0",0.247746132309726,0.196267141878384,-0.973729078245439,-0.255075684281191
1364,15862,"s046","m0",0.272555472924567,0.326313852821362,-0.988933622416624,-0.767038695875085
1365,15871,"s046","m0",0.313265792801596,0.379121814790178,-0.811724493347086,-0.319821127676347
1366,15874,"s046","m0",0.322909092358406,0.243561276640394,-0.47523833924656,-0.685928967298734
1367,15877,"s046","m0",0.318754278661494,0.302880524571111,-0.669937706426727,-0.872580142897384
1368,15903,"s046","m0",0.361968066489081,0.311278997442102,-0.713494622656453,-0.87541798575449
1369,15907,"s046","m0",0.228854351019625,0.222764720686103,-0.69060460555188,-0.234955386131994
1370,15915,"s046","m0",0.335236379182422,0.361634986685132,-0.581279513276501,-0.586178804226244
1371,15918,"s046","m0",0.295829347024214,0.237022068773749,-0.663827574549428,-0.592053990661834
1372,15934,"s046","m0",0.342668668345689,0.375559141247917,-0.774967291796273,-0.917221969116327
1373,15965,"s046","m0",0.335468043986636,0.330713528626596,-0.832036454216051,-0.52633524412795
1374,15976,"s046","m0",0.474414917649662,0.354395409034403,-0.435837352175289,-2.35637119119259
1375,16015,"s046","m0",0.386879285982121,0.39286181877556,-0.542557688228636,-1.30740870079039
1376,16018,"s046","m0",0.287521631398621,0.291842822877369,-1.13826927617167,-0.690750334036216
1377,16021,"s046","m0",0.363170906191284,0.323645059864776,-0.801018503402678,-1.00247279254318
1378,16026,"s046","m0",0.359393107842985,0.331023466173355,-0.576777819484757,-0.991333571739898
1379,16058,"s046","m0",0.382473975148413,0.334041478460163,-0.400409440276191,-1.47879424917814
1380,16082,"s046","m0",0.319304210742111,0.337993241158215,-0.809599773144872,-0.474800857111564
1381,16104,"s046","m0",0.434592841045715,0.434236119960387,-0.565933419620936,-2.93189488424446
1382,16106,"s046","m0",0.252229307082104,0.23228225939474,-0.763405838479311,-0.51664709815345
1383,16116,"s046","m0",0.239099369641656,0.233490427328866,-1.19522959486507,-0.198697097299742
1384,16119,"s046","m0",0.330526786709063,0.318525213605317,-0.837744231115809,-0.76390540924678
1385,16130,"s046","m0",0.457080551024027,0.410377656316264,-0.329671804774401,-3.23264288462204
1386,16133,"s046","m0",0.299288366368384,0.331341101351719,-0.759670972672516,-0.399807469304694
1387,16138,"s046","m0",0.369442966000897,0.33139081977664,-0.640639749280246,-1.11635322351749
1388,16153,"s046","m0",0.402585905551112,0.41466235902227,-0.455557466016252,-0.932002981822699
1389,16158,"s046","m0",0.295131876960157,0.290117576704906,-0.695128748780992,-0.272685411765137
1390,16189,"s046","m0",0.392253653272955,0.375744844575848,-0.530723345649493,-1.47221488566965
1391,16191,"s046","m0",0.238327053954584,0.195118558819,-0.895947530360707,-0.341096805394907
1392,16197,"s046","m0",0.24847397253244,0.200822307447876,-0.627936345416514,-0.134621229453687
1393,16200,"s046","m0",0.353133759260668,0.257840394081925,-0.534181106245582,-0.656636558490438
1394,16209,"s046","m0",0.241192755332188,0.288625263794965,-1.03989446171119,-0.361979217871164
1395,16219,"s046","m0",0.279632726591726,0.263657491923809,-0.93674863311347,-0.297943043936012
1396,16229,"s046","m0",0.363563324369301,0.348434286469039,-0.402750322600009,-0.718830962386017
1397,16257,"s046","m0",0.467996041153458,0.395392983343708,-0.478530307172578,-2.7249821061322
1398,16263,"s046","m0",0.269401229061433,0.305227850415778,-0.77193899069771,-0.289821448684577
1399,16266,"s046","m0",0.410709982283258,0.368712895295062,-0.427799228980927,-1.62384555427861
1400,16283,"s046","m0",0.246331148928233,0.262254887565404,-0.925727046806608,-0.298609310966239
1401,16289,"s046","m0",0.339398337758435,0.377765461982646,-0.524750439805818,-0.500651479618704
1402,16293,"s046","m0",0.261292215592612,0.223138151476979,-0.959004988753104,-0.483161908040081
1403,16309,"s046","m0",0.189358593796547,0.154972825802479,-1.12082150226403,0.38438685101517
1404,16317,"s046","m0",0.26249190747541,0.212551853015955,-0.635735499216178,-0.117449215038721
1405,16323,"s046","m0",0.480058683740838,0.451353359867013,-0.308143223700337,-1.51771707766365
1406,16375,"s046","m0",0.279563023820481,0.243027355529602,-0.80892522105486,-0.527309697173447
1407,16378,"s046","m0",0.272102845717847,0.28190101932443,-0.657464280495492,-0.183139453477982
1408,16381,"s046","m0",0.375306912589811,0.269294342017195,-0.744414064693946,-1.28598838059586
1409,16401,"s046","m0",0.314489253006432,0.225880437192742,-0.566633649015547,-1.19002311699634
1410,16403,"s046","m0",0.433846169987004,0.398699875380054,-0.436303621031083,-2.20429405094893
1411,16416,"s046","m0",0.315771587754504,0.358464632689315,-0.791493776916859,-0.569097565075768
1412,16425,"s046","m0",0.408279448374864,0.303928208535847,-0.475905739509677,-1.53828448427969
1413,16428,"s046","m0",0.311691065848704,0.323313002121866,-0.916768398373368,-0.653762388361325
1414,16434,"s046","m0",0.330784472126527,0.333565791622756,-0.569862841254798,-1.20496574626413
1415,16471,"s046","m0",0.298430549818961,0.267608524889851,-0.818588693855076,-1.03462865549908
1416,16479,"s046","m0",0.267757529886746,0.241386816092001,-1.10207965816615,-0.0892591591279403
1417,16518,"s046","m0",0.353030066451034,0.330671305167258,-0.630666604311024,-0.995769054900939
1418,16538,"s046","m0",0.298914101141734,0.249893498161963,-0.534034589531632,-0.5085249124143
1419,16552,"s046","m0",0.30191880775414,0.19339840647849,-0.998038116564245,-0.31275167895289
1420,16566,"s046","m0",0.412620718382335,0.357697054483645,-0.264776354498791,-1.47716669878202
1421,16582,"s046","m0",0.186965463059722,0.211600880465215,-0.831141990378264,0.48707687978898
1422,16586,"s046","m0",0.364984862048355,0.291534917509356,-0.69778299892801,-0.788658495260767
1423,16591,"s046","m0",0.363083844435665,0.215846816485536,-0.689431394269541,-1.60749128872199
1424,16604,"s046","m0",0.339678159727463,0.355273494537255,-0.734603507481257,-1.09581123682152
1425,16633,"s046","m0",0.405145712160661,0.346350576796253,-0.618427280662948,-1.24347422171402
1426,16640,"s046","m0",0.383590594745371,0.27047836428316,-0.546653132546792,-0.812577417227699
1427,16650,"s046","m0",0.379342937908614,0.363830333736976,-0.472952716699457,-0.899305226588592
1428,16686,"s046","m0",0.284979829534462,0.277808411830068,-0.86608637965541,-0.291555315740704
1429,16689,"s046","m0",0.251374800206045,0.2684464938601,-0.892866081932074,-0.586333115712712
1430,16703,"s046","m0",0.25224218522963,0.292147967492918,-1.19889767996813,-0.0502618497666738
1431,16705,"s046","m0",0.333560158956348,0.350451529222373,-0.700890030258018,-0.747692399924712
1432,16711,"s046","m0",0.344317776400143,0.288950976876608,-0.817284009231454,-0.869645129969791
1433,16721,"s046","m0",0.319038987311241,0.327947095771752,-0.874603404784104,-0.830226672903282
1434,16726,"s046","m0",0.270830575033797,0.225571254823361,-1.05181883672242,-0.48907130588433
1435,16729,"s046","m0",0.350072515411721,0.446467151544482,-0.50370726121665,-0.737018604069877
1436,16745,"s046","m0",0.260211657549132,0.21829907011276,-1.44472193669691,-0.0580181953060081
1437,16749,"s046","m0",0.3477298478488,0.329743311435769,-0.653770806607274,-0.541482696192812
1438,16763,"s046","m0",0.252144696494967,0.142648595736075,-0.964395475732231,-0.250986292605161
1439,16775,"s046","m0",0.395153546416157,0.350888652419532,-0.499598953527139,-1.71307616476898
1440,16778,"s046","m0",0.319833531717646,0.412967721138353,-0.518262959234944,-0.497725036378944
1441,16787,"s046","m0",0.204161501563405,0.174211082204632,-1.03713524070346,-0.247550580860791
1442,16799,"s046","m0",0.318381946610956,0.364672099421594,-0.793447914294964,-0.553910770061396
1443,16823,"s046","m0",0.414866889953502,0.379877394152519,-0.360486636589621,-1.22351693249934
1444,16829,"s046","m0",0.399179088070193,0.351867486332833,-0.650937693060466,-1.64750036729266
1445,16852,"s046","m0",0.340970669928447,0.26083223191655,-0.474445168965502,-0.90810677889159
1446,16855,"s046","m0",0.308783373728018,0.294099952316049,-0.803668868439936,-0.869667998189067
1447,16885,"s046","m0",0.317641227240181,0.419323125008339,-0.56339421542884,-0.536213867696009
1448,16923,"s046","m0",0.415286796621469,0.437106100040747,-0.525658632442701,-0.886076285190952
1449,16950,"s046","m0",0.228276029927212,0.220855557269685,-0.786423882698133,-0.0682760704816806
1450,16968,"s046","m0",0.352640345023648,0.309679950757309,-0.449371009730416,-0.942465353506613
1451,16972,"s046","m0",0.356249579437153,0.423867659487375,-0.505999320451475,-0.924789955223873
1452,16991,"s046","m0",0.406783945643534,0.312167233984779,-0.516262927964844,-1.60645598452626
1453,16993,"s046","m0",0.229647401923054,0.2402627868032,-0.527755263696285,-0.0336328431302827
1454,16994,"s046","m0",0.272217626407534,0.17881449496719,-1.02388933424451,-1.18625133517634
1455,17011,"s046","m0",0.31019720074244,0.293177641951188,-0.726230721656201,-0.464725108614231
1456,17013,"s046","m0",0.23310617659946,0.206859466071264,-1.08610747666379,-0.460433397443441
1457,17019,"s046","m0",0.236175136870756,0.217742284846828,-1.10196666381536,-0.32776935590157
1458,17020,"s046","m0",0.270068486781205,0.251138241087218,-0.857788457276725,-0.574138239743692
1459,17028,"s046","m0",0.359305522190659,0.289848565762362,-0.591338583335671,-1.58036497846071
1460,17078,"s046","m0",0.277937983167261,0.296599831800156,-0.95733662668837,-0.686100025084211
1461,17080,"s046","m0",0.323122519492386,0.241291907164237,-0.819848916287802,-0.798648329063968
1462,17081,"s046","m0",0.325364842988922,0.278921010448435,-0.572770003213203,-0.656803054267707
1463,17119,"s046","m0",0.376424099218686,0.354152882292163,-0.376615275451581,-1.18443428433646
1464,17124,"s046","m0",0.412811969028109,0.32830605858523,-0.462925699941382,-1.04484150220713
1465,17125,"s046","m0",0.293832381998289,0.249942838831201,-0.777905676347416,-0.488763561535515
1466,17129,"s046","m0",0.216770601472321,0.0563470375301627,-0.965137615822248,-0.183220124186265
1467,17148,"s046","m0",0.198843573060302,0.206493075017947,-0.845703000521172,0.0232519566595174
1468,17162,"s046","m0",0.388480876301859,0.391085780138967,-0.336757447301144,-1.17666628031639
1469,17184,"s046","m0",0.279936182999174,0.310877384285425,-0.648520722558798,-0.154806389977117
1470,17197,"s046","m0",0.381416176623151,0.408530314956826,-0.659159445900468,-0.842431471923743
1471,17202,"s046","m0",0.37724875130593,0.344201392272451,-0.456277101587618,-1.41207093745905
1472,17205,"s046","m0",0.391299043466034,0.383693453835037,-0.721907038536468,-0.752204953684763
1473,17208,"s046","m0",0.351869126463176,0.402988042343645,-0.587534181836162,-0.980905228719513
1474,17225,"s046","m0",0.366865292492679,0.260569764775551,-0.746667999165986,-1.28178359446044
1475,17239,"s046","m0",0.238674309265892,0.294934631650855,-0.926481913438387,0.00434666185067173
1476,17242,"s046","m0",0.327802507329022,0.285808062577196,-0.667717302049039,-0.810468034889449
1477,17244,"s046","m0",0.352559378516284,0.372525530312854,-0.587887100688056,-1.05030298166444
1478,17249,"s046","m0",0.267132862640306,0.284684134300226,-0.689916935773383,-0.152103757641116
1479,17250,"s046","m0",0.357439250696214,0.345299158885927,-0.446554575837592,-1.23283669595864
1480,17319,"s046","m0",0.415656911790859,0.389203844777892,-0.357068372384772,-1.34908164250199
1481,17342,"s046","m0",0.3302968742647,0.263545422455192,-0.571455206085064,-1.28229982898771
1482,17350,"s046","m0",0.343523177991828,0.316143685031359,-0.908754053275868,-1.26627686027033
1483,17375,"s046","m0",0.222331403429281,0.109780315663754,-0.932559364556399,-0.0653678152440798
1484,17389,"s046","m0",0.35112118382916,0.389955747129547,-0.485604923816263,-0.906373589454411
1485,17390,"s046","m0",0.353471078659826,0.299210597162858,-0.907065980158823,-1.36398291905781
1486,17397,"s046","m0",0.409857401028105,0.377945044914062,-0.320127149945424,-1.32835037279949
1487,17401,"s046","m0",0.41196207565919,0.315706876092077,-0.701834073274859,-1.82854585431198
1488,17405,"s046","m0",0.432439659079472,0.444666241305013,-0.397375560969364,-1.30221643255915
1489,17407,"s046","m0",0.418250947653487,0.385413859365486,-0.571480173765613,-1.39880191498585
1490,17423,"s046","m0",0.269950129628936,0.291924552221536,-1.17119090385234,-0.287025447414893
1491,17426,"s046","m0",0.306470463369293,0.294768639114711,-0.808525417747349,-0.76249971562566
1492,17438,"s046","m0",0.384011673726759,0.386471401718392,-0.509036450541652,-1.21139681008574
1493,17447,"s046","m0",0.332389705979887,0.315854307551938,-0.715165798434337,-0.6873200317164
1494,17448,"s046","m0",0.431362112024839,0.381722716502568,-0.461116145252814,-2.03792679647748
1495,17454,"s046","m0",0.384064221040605,0.340528298341838,-0.661331787257668,-0.835253058560756
1496,17483,"s046","m0",0.212377058346238,0.255671376164788,-1.24943770373968,-0.170591125341883
1497,17488,"s046","m0",0.385090676734451,0.382848168626118,-0.62026745796411,-0.988809540491825
1498,17495,"s046","m0",0.333273842513922,0.291805124742114,-0.731670038590167,-0.877455141386131
1499,17498,"s046","m0",0.292143427261547,0.287032835385514,-0.743224082468743,-1.12633323537479
1500,17511,"s046","m0",0.153252181061874,0.125480994855457,-0.96125587840042,0.541524130377401
1501,17524,"s046","m0",0.305086413224718,0.305098932867679,-0.529103332642981,-0.590082211541542
1502,17527,"s046","m0",0.453304931444306,0.335328560417417,-0.52773603981323,-2.55484117429802
1503,17528,"s046","m0",0.240939710237739,0.253595144472638,-1.0682599669786,0.00276003174010798
1504,17552,"s046","m0",0.393323242963543,0.331914647946068,-0.62022892546502,-0.922220741537033
1505,17559,"s046","m0",0.320233650484361,0.293571595684982,-0.790008911650559,-0.766592766819862
1506,17562,"s046","m0",0.378189206671505,0.379029164490671,-0.588939979965866,-0.997985610607094
1507,17579,"s046","m0",0.263308133377408,0.162584341116793,-0.859927290631777,-0.0322990389088089
1508,17587,"s046","m0",0.319525410916741,0.295610457468266,-0.799430923785909,-0.686009585296814
1509,17595,"s046","m0",0.330034789184223,0.277517810239239,-0.616389884078011,-0.688176830130903
1510,17636,"s046","m0",0.438712880432682,0.358472453499762,-0.475789794078742,-2.61452743861222
1511,17645,"s046","m0",0.358315630024507,0.303699187011952,-0.473383613489587,-2.21467986980294
1512,17646,"s046","m0",0.29541038165352,0.204518189713392,-0.808742060715044,-0.622461788116634
1513,17661,"s046","m0",0.342124920718972,0.292076649406921,-0.680482860281842,-1.32754505046938
1514,17663,"s046","m0",0.333081185150657,0.266767875868858,-0.678014837142859,-1.57256291099494
1515,17683,"s046","m0",0.394447518385436,0.370689192323172,-0.374641566121425,-1.24367954450629
1516,17694,"s046","m0",0.376039296109967,0.336927014382925,-0.456200771161943,-1.34198212066704
1517,17696,"s046","m0",0.256617336384037,0.296951601745379,-0.7945587397902,-0.750319764120027
1518,17697,"s046","m0",0.351554735098312,0.355329798090499,-0.898155413032818,-0.811184213631896
1519,17715,"s046","m0",0.307382236295709,0.365882956846216,-0.515318112738193,-0.50576903517567
1520,17716,"s046","m0",0.255372637225202,0.32353146286114,-0.986861459250282,0.0983615779758963
1521,17728,"s046","m0",0.295372027963771,0.304332780575062,-0.884083051491065,-0.398045118770551
1522,17769,"s046","m0",0.341072391635324,0.29505199915947,-0.810107813729605,-1.11562151978327
1523,17771,"s046","m0",0.41175760656052,0.364377946219249,-0.451708151200992,-2.32947798015305
1524,17793,"s046","m0",0.268371878350952,0.263235637438959,-0.723729709749826,-0.156035123451208
1525,17796,"s046","m0",0.310627565399547,0.254350808363701,-0.535562876856229,-0.745524458568457
1526,17816,"s046","m0",0.392614144140395,0.36742214476416,-0.434495783794694,-1.4870064708422
1527,17817,"s046","m0",0.347424734341774,0.296991575513832,-0.676176194185814,-1.6513850747224
1528,17827,"s046","m0",0.320938457553786,0.31408706958788,-0.891806921867205,-0.486209439720889
1529,17828,"s046","m0",0.37899995636876,0.260579214027619,-0.733167506109757,-1.39380199357982
1530,17840,"s046","m0",0.287550949147092,0.286279029363207,-0.713946748079778,-0.653062987488846
1531,17864,"s046","m0",0.402390427225561,0.296995879016364,-0.385477261973622,-1.2540264403681
1532,17883,"s046","m0",0.319998767604807,0.345390566152329,-0.858800457669957,-0.707594931613521
1533,17908,"s046","m0",0.204139878246756,0.15556267216602,-1.19629452988465,-0.0301355425836439
1534,17915,"s046","m0",0.278573902426315,0.27488127905133,-0.865439464882032,-0.880648703424044
1535,17921,"s046","m0",0.245846224492825,0.139972812196293,-0.850862750253159,-0.701609875569118
1536,17943,"s046","m0",0.431134830102645,0.405182680725181,-0.426057258539193,-1.3179105680096
1537,17948,"s046","m0",0.273549643031377,0.284603591029684,-0.792466155753023,-0.419291803790944
1538,17952,"s046","m0",0.317094436219085,0.289076569940558,-0.787895606634154,-0.404761121899498
1539,17986,"s046","m0",0.292103184632551,0.270214811131814,-0.849296685235029,-1.27631728091366
1540,17992,"s046","m0",0.273251681979458,0.259739906695525,-0.878775491450961,-0.25936095392905
1541,18020,"s046","m0",0.3742012322843,0.350646818763168,-0.494897607354544,-1.19453454964416
1542,18023,"s046","m0",0.391871131376615,0.336429894577158,-0.495051559336266,-0.881098993980222
1543,18029,"s046","m0",0.399994180035118,0.399077598876546,-0.630332458940433,-1.05899102288224
1544,18031,"s046","m0",0.286054398467796,0.344976343620525,-0.793229689012263,-0.494031414391719
1545,18032,"s046","m0",0.305178787602436,0.18943995716477,-0.755490763704868,-0.679616677620693
1546,18052,"s046","m0",0.322579668147396,0.327620509995321,-0.719652984394745,-0.665859539958365
1547,18059,"s046","m0",0.334604395644055,0.333860728759815,-0.591384603148082,-1.20747417073137
1548,18082,"s046","m0",0.320608424886909,0.374829508148591,-0.660821246622213,-0.504358119390218
1549,18088,"s046","m0",0.349367914586658,0.267379305606353,-0.526880896681876,-1.40867797717324
1550,18124,"s046","m0",0.26470054399644,0.268010843158903,-1.13250420104938,-0.037041305775746
1551,18134,"s046","m0",0.401303881943975,0.291308018998817,-0.45789256470844,-1.59809255990942
1552,18144,"s046","m0",0.310402149272516,0.324546387544233,-0.602256577499352,-0.548852672188961
1553,18150,"s046","m0",0.319448335257458,0.315227066796321,-0.684578202328455,-0.449955353903326
1554,18156,"s046","m0",0.340959501701332,0.232573058738263,-0.590725647141277,-0.974752208645712
1555,18168,"s046","m0",0.341723349567692,0.347274001598234,-0.655808258234462,-1.16625180757823
1556,18175,"s046","m0",0.30909708053737,0.313767383249848,-0.920748920126861,-0.958427711787553
1557,18176,"s046","m0",0.35584011086739,0.35974940188789,-0.861055571925596,-0.940320328471597
1558,18186,"s046","m0",0.291151842808726,0.214614671453861,-0.778211915748213,-0.415657564932911
1559,18189,"s046","m0",0.327284819822786,0.45403546310014,-0.731890012108338,-0.412221501680489
1560,18222,"s046","m0",0.275181683621972,0.185040209162833,-1.01631610760699,-0.578031313380322
1561,18223,"s046","m0",0.235147656673441,0.265280335392595,-0.858145778945563,-0.170744756316966
1562,18224,"s046","m0",0.402446972580885,0.342533122634809,-0.739088375649841,-0.942255247320549
1563,18225,"s046","m0",0.196034506150715,0.23415445968904,-0.903363880105274,-0.117211319320777
1564,18231,"s046","m0",0.283327778235959,0.358445652376636,-0.776397666499254,-0.454986748548193
1565,18240,"s046","m0",0.293141092233993,0.273993606978583,-0.826773112554818,-0.60188049898395
1566,18260,"s046","m0",0.340156682524619,0.338048446113176,-0.759296086379252,-0.880429212091201
1567,18289,"s046","m0",0.402935467132462,0.325312963987339,-0.608365945108401,-1.5490827125589
1568,18313,"s046","m0",0.286963293110671,0.245847861279692,-0.888207611856597,-0.473319316548978
1569,18322,"s046","m0",0.345342903414757,0.391475156999302,-0.701305867507824,-0.742045522684147
1570,18346,"s046","m0",0.363987844051471,0.351681517270968,-0.548315835525549,-0.932951899923153
1571,18370,"s046","m0",0.338103111101693,0.318599819156366,-0.616895878402804,-1.03105347420194
1572,18373,"s046","m0",0.39743554599759,0.334931897935398,-0.51564169682859,-1.84057485364013
1573,18375,"s046","m0",0.29564117762426,0.290801138713819,-0.506489901527527,-0.825425409532787
1574,18376,"s046","m0",0.339142239209231,0.378356418161927,-0.927792456819557,-1.46246929076654
1575,18381,"s046","m0",0.323157722371823,0.32819725485303,-0.656788876804279,-0.95896252896739
1576,18395,"s046","m0",0.200736390744713,0.248828498648473,-1.01944661819935,-0.0449919410219223
1577,18400,"s046","m0",0.20754408449707,0.0868680958579196,-0.828091909280044,-0.24266835687492
1578,18407,"s046","m0",0.28735505142513,0.279898993326291,-0.756590416971214,-0.693303101717407
1579,18422,"s046","m0",0.330522724386415,0.341088076456586,-0.812182173530596,-1.05330711850545
1580,18443,"s046","m0",0.406703818639109,0.348959916858777,-0.50459061405439,-1.40105547538852
1581,18457,"s046","m0",0.373497768992489,0.33787547478177,-0.801991632159938,-1.28166371562566
1582,18463,"s046","m0",0.43714905708081,0.323802210274338,-0.348504336351302,-1.88658304330402
1583,18477,"s046","m0",0.36604847358861,0.438629669997325,-0.679873155188243,-0.978742289113667
1584,18489,"s046","m0",0.410702821090272,0.288008170825272,-0.462536654102763,-1.73565859314637
1585,18498,"s046","m0",0.405610213616425,0.362286399683243,-0.842561659502396,-1.97051596350321
1586,18499,"s046","m0",0.304515208804398,0.342648977924574,-0.616906047540181,-0.714870818731106
1587,18514,"s046","m0",0.270763099296522,0.306430016108895,-0.850828318523325,-0.475377694549731
1588,18530,"s046","m0",0.317833827771104,0.294194730961532,-0.814361053791145,-0.75499049729809
1589,18555,"s046","m0",0.328901264127448,0.280416819489212,-0.671292978649768,-0.958972948334376
1590,18558,"s046","m0",0.414747789891978,0.390164681265921,-0.413468033060634,-1.02885179164215
1591,18567,"s046","m0",0.28241492208278,0.305163305382537,-0.88456439158571,-0.249632029881963
1592,18569,"s046","m0",0.339157877140601,0.209419339144163,-0.576152969780212,-0.623207106860807
1593,18570,"s046","m0",0.351117751714498,0.334375409071344,-0.681178629965018,-0.692403790296743
1594,18574,"s046","m0",0.35812939669342,0.264767494176451,-0.831594403539147,-1.25454860928876
1595,18576,"s046","m0",0.38084676887175,0.329769549401148,-0.529588277722648,-0.811195114164127
1596,18582,"s046","m0",0.224238582560912,0.261431446627989,-1.15555327394297,-0.481878837599628
1597,18590,"s046","m0",0.407790767318034,0.346208502053616,-0.515769866960493,-1.87357880859261
1598,18592,"s046","m0",0.228746667741407,0.1894713742984,-0.939139302903419,-0.282928701134452
1599,18600,"s046","m0",0.257412502945259,0.199439340536534,-1.04127385610781,-0.16252079494911
1600,18603,"s046","m0",0.297593216052755,0.308352753371026,-0.653091178384016,-0.464553410744947
1601,18620,"s046","m0",0.330188092168997,0.375847669705639,-0.607556277760337,-0.312979221343552
1602,18626,"s046","m0",0.384343166913392,0.343020609102384,-0.688597526011567,-1.35549617000403
1603,18638,"s046","m0",0.263599828716281,0.190746069477421,-0.801401072183389,-0.487313851716771
1604,18648,"s046","m0",0.312266014602937,0.3266516400036,-0.756952346929538,-0.556387047376761
1605,18656,"s046","m0",0.391572320842078,0.373242871355874,-0.479724055936951,-0.792959118339874
1606,18661,"s046","m0",0.374741801816826,0.299159340989855,-0.662162542338933,-1.39275733813281
1607,18664,"s046","m0",0.383830839026232,0.330007607330552,-0.591024649291789,-0.886886274469604
1608,18686,"s046","m0",0.338031672473156,0.241140648585314,-0.717312149402922,-1.26308972058532
1609,18688,"s046","m0",0.382585470730864,0.391320462753858,-0.527983013425288,-0.758640231281676
1610,18720,"s046","m0",0.344883678560216,0.343264340401358,-0.747895899900667,-0.938249522139853
1611,18733,"s046","m0",0.282817620972562,0.265200842614472,-0.547437001822043,-0.684061027957532
1612,18752,"s046","m0",0.336224491475351,0.301429305162121,-0.73909004955955,-0.754564037600347
1613,18762,"s046","m0",0.417859311224914,0.386314653117121,-0.371016005527627,-1.1724238039132
1614,18764,"s046","m0",0.35446345496155,0.265638261590758,-0.673041654768122,-1.5005419619797
1615,18773,"s046","m0",0.312376217909952,0.380503460965322,-0.715911735607909,-0.659067388153336
1616,18777,"s046","m0",0.389219128592896,0.308240062868075,-0.372093404657189,-0.957452330027629
1617,18778,"s046","m0",0.257414756037389,0.259537819085409,-0.67787282911746,-0.121543111200246
1618,18779,"s046","m0",0.366542264144158,0.391367628344842,-0.495452337480463,-0.835454839458011
1619,18786,"s046","m0",0.358197378250459,0.268907402389403,-0.682234166507403,-0.883129185879071
1620,18794,"s046","m0",0.375780949227385,0.407742116393492,-0.400651727392322,-1.32545991428418
1621,18796,"s046","m0",0.401297808056314,0.375410168643467,-0.40954676574503,-1.64722767026238
1622,18800,"s046","m0",0.353150879386585,0.355688052552753,-0.667755122243485,-1.57562216455073
1623,18816,"s046","m0",0.304948522835423,0.277808094260252,-0.581713166723181,-0.256218771178109
1624,18830,"s046","m0",0.311160373783437,0.289194339608207,-0.801651857595259,-0.231250356217879
1625,18859,"s046","m0",0.250265773457593,0.151476505505545,-0.693351531875709,-0.318874456117854
1626,18871,"s046","m0",0.369983184541677,0.266785351654773,-0.456210815352067,-1.27970149916317
1627,18886,"s046","m0",0.298138408772225,0.383008340712483,-0.901539541041202,-0.317880824756792
1628,18911,"s046","m0",0.313464788731203,0.210654434723992,-0.794006059572009,-0.584123590735584
1629,18924,"s046","m0",0.248213301358117,0.326735108429682,-0.802503736108854,-0.242160247977838
1630,18932,"s046","m0",0.211112422911391,0.169302260739158,-1.09255650697681,-0.163277486103831
1631,18967,"s046","m0",0.30348539688674,0.332649946635472,-0.763014727914997,-0.338134881236874
1632,19018,"s046","m0",0.362858229935243,0.335605599015225,-0.483824838267782,-1.01240898965006
1633,19023,"s046","m0",0.410684170929273,0.404618437438626,-0.499435725099449,-0.949022562966746
1634,19062,"s046","m0",0.368298699855832,0.317721417590283,-0.824662271368806,-1.3482581748714
1635,19066,"s046","m0",0.294780878978779,0.33749781522252,-0.581959006178818,-0.653673160539111
1636,19072,"s046","m0",0.253977040515106,0.280236769089314,-0.560101368719404,0.0114659147634061
1637,19097,"s046","m0",0.336020502849538,0.254566869627909,-0.739762914830163,-1.8422346017089
1638,19102,"s046","m0",0.295928185502374,0.172323983819012,-0.825581575799836,-0.796657619408187
1639,19123,"s046","m0",0.355208187666098,0.354088049453974,-0.712411515192814,-1.00934161337487
1640,19130,"s046","m0",0.308658969753487,0.337372244382414,-0.874766535521369,-0.769949171477316
1641,19134,"s046","m0",0.396043357029866,0.382360003049519,-0.314755071995381,-1.34948188166228
1642,19136,"s046","m0",0.189115707169873,0.198641897660422,-0.899116454594571,0.108204537007733
1643,19143,"s046","m0",0.228013952993546,0.191160828571591,-0.781478560667775,-0.425582448393291
1644,19181,"s046","m0",0.325293178481046,0.33230270909238,-0.780327273386949,-0.723963296735131
1645,19221,"s046","m0",0.429792937988281,0.36623708202227,-0.402042390800086,-1.70037954256352
1646,19266,"s046","m0",0.3694834917477,0.382411095757404,-0.430872921455183,-0.411070167535048
1647,19272,"s046","m0",0.368216732883223,0.319073187747378,-0.325503418776074,-1.43253606539485
1648,19282,"s046","m0",0.310252911564921,0.234056498938157,-0.956704174853116,-0.714300342513995
1649,19289,"s046","m0",0.423988655069726,0.368639845986076,-0.512303197517097,-1.63283050289429
1650,19292,"s046","m0",0.265060545228142,0.261196238527788,-1.28489979719783,-0.110849452309015
1651,19338,"s046","m0",0.289268312400833,0.324179593961519,-0.651600209127709,-0.683384722523714
1652,19366,"s046","m0",0.39570843673242,0.317425219086148,-0.398161055407755,-1.61388597609498
1653,19387,"s046","m0",0.255123888005702,0.233942878574159,-0.789242160446643,-0.187053377789005
1654,19388,"s046","m0",0.394365080693023,0.369196702620093,-0.704703465641763,-1.60177885641554
1655,19397,"s046","m0",0.359508972717625,0.299523188103397,-0.607373868184383,-1.39147487744149
1656,19452,"s046","m0",0.366047415946358,0.331828569983262,-0.517097843243059,-1.054127860958
1657,19455,"s046","m0",0.288865834917363,0.30510377609089,-0.740886227101049,-0.561406567498879
1658,19456,"s046","m0",0.348598984385088,0.296950063269886,-0.526421293529586,-0.82291364581508
1659,19457,"s046","m0",0.290857532848603,0.193441589325318,-0.528621719807974,-0.524681033162033
1660,19478,"s046","m0",0.324066812919902,0.347065116863478,-0.894712001723201,-0.865437635651222
1661,19489,"s046","m0",0.310900338657712,0.248502983990296,-0.581607980756283,-0.628875843723152
1662,19492,"s046","m0",0.245623262306664,0.253176185296736,-0.949889935032356,-0.205854242837485
1663,19496,"s046","m0",0.334758611077559,0.342271691530246,-0.864975818052143,-0.864614177257822
1664,19498,"s046","m0",0.265921368086863,0.197193837739324,-1.05703336939574,-0.220463416172142
1665,19504,"s046","m0",0.392459807414085,0.393791013176958,-0.534857352482003,-1.37694739295024
1666,19509,"s046","m0",0.311674242388032,0.283025885959723,-0.827670326742993,-0.832802546159449
1667,19537,"s046","m0",0.439334668673766,0.344330257637626,-0.372318309751264,-1.19299970011627
1668,19554,"s046","m0",0.195196172757354,0.17081465137838,-0.7798038898783,0.419369609969992
1669,19562,"s046","m0",0.30999593721756,0.241690614364172,-0.753342606443379,-1.0531535433914
1670,19566,"s046","m0",0.345368610215758,0.323585999157575,-0.791895533991908,-1.17505136982806
1671,19613,"s046","m0",0.344135830822006,0.32652118832166,-0.793108059961107,-1.27892118884536
1672,19617,"s046","m0",0.305784145711351,0.393964464387095,-0.857637431065679,-0.925563669535373
1673,19623,"s046","m0",0.391287632532189,0.326352576929867,-0.62915898799855,-1.36582523039879
1674,19666,"s046","m0",0.382864129620966,0.336860876179362,-0.522902885137294,-1.70491822042701
1675,19671,"s046","m0",0.270157839371439,0.202496894448164,-0.797566287251721,-0.213494372458031
1676,19682,"s046","m0",0.460184001033598,0.391980795611185,-0.508432429562083,-1.8718682043371
1677,19683,"s046","m0",0.357498257662218,0.294984890019938,-0.604419800050973,-1.23037212140139
1678,19688,"s046","m0",0.388085798800345,0.397809908373945,-0.456015631756497,-0.912976071780957
1679,19689,"s046","m0",0.219015235246378,0.287195625400593,-0.885693536057814,0.0154432667469927
1680,19725,"s046","m0",0.400806658808698,0.320259345591029,-0.52370549967528,-1.61318198056973
1681,19732,"s046","m0",0.243848798661613,0.319050170029452,-0.72754322093249,0.131397354254703
1682,19733,"s046","m0",0.324353249631536,0.379887466616184,-0.600525999776116,-0.80209415626539
1683,19734,"s046","m0",0.354328744211077,0.306741381221116,-0.524275828438259,-1.11316758139434
1684,19736,"s046","m0",0.378723501901256,0.401279941580946,-0.553519617142137,-0.963002985545718
1685,19739,"s046","m0",0.349715353954733,0.331955896810784,-0.895759790894631,-0.671919615396543
1686,19740,"s046","m0",0.341163463673436,0.306565760254966,-0.389192283117391,-0.902050166074259
1687,19753,"s046","m0",0.394377452888764,0.270614214139409,-0.51324364325152,-1.56703510462525
1688,19771,"s046","m0",0.310326611971555,0.342154080532865,-0.52148805724535,-0.422069510756354
1689,19778,"s046","m0",0.440882986459292,0.358650609818225,-0.388422694469672,-2.43014549422544
1690,19787,"s046","m0",0.353850365900198,0.310139511604595,-0.380349611332954,-0.365772886567396
1691,19790,"s046","m0",0.356962907123382,0.310591839605088,-0.769090840227906,-1.13907211046399
1692,19791,"s046","m0",0.316009723267296,0.260528744550509,-0.869364120733367,-0.452239317468543
1693,19801,"s046","m0",0.357349610874603,0.305130597931864,-0.52352438918526,-0.80755909633046
1694,19806,"s046","m0",0.342667886244542,0.346356805543867,-0.678560394289734,-1.15890959826438
1695,19810,"s046","m0",0.315203189338491,0.246532954900478,-0.861863026509216,-0.978146153118493
1696,19815,"s046","m0",0.337995985518588,0.304685707692258,-0.776514874554598,-0.61282120883191
1697,19843,"s046","m0",0.383536028861882,0.441229037193454,-0.405897771916419,-0.542040334832005
1698,19845,"s046","m0",0.309534423147503,0.258159237760048,-0.89624484428175,-0.528182720635834
1699,19903,"s046","m0",0.374111122038233,0.450001321489699,-0.431231817658132,-1.10421520204198
1700,19905,"s046","m0",0.425180036692987,0.251899582425139,-0.320361401147043,-1.6840130631396
1701,19914,"s046","m0",0.328886546578262,0.261862949460179,-0.483291005405619,-0.583759187226689
1702,19929,"s046","m0",0.353272789805942,0.332014874378768,-0.599772821808705,-0.795827159663087
1703,19935,"s046","m0",0.408919440130394,0.392239207929594,-0.590768932697202,-0.856257637281363
1704,19936,"s046","m0",0.29168156232744,0.25474590167651,-0.824042001678054,-0.59938963496736
1705,19965,"s046","m0",0.434580511262781,0.414583382055168,-0.481142603556369,-1.50408029823111
1706,19975,"s046","m0",0.328596663882137,0.383026328251304,-0.702935299190356,-0.746804760585373
1707,19980,"s046","m0",0.409154676409827,0.400916377643948,-0.763240448573793,-1.78632953036015
1708,19983,"s046","m0",0.318919650613551,0.215726053761819,-0.680414804302305,-1.19361889053937
1709,19985,"s046","m0",0.263802907312249,0.289828923577395,-0.563938352108412,-0.424189905202941
1710,20024,"s046","m0",0.312355118615196,0.300648361250537,-0.630337525384333,-0.489786598304003
1711,20025,"s046","m0",0.309156625761695,0.262922730541931,-0.930342432434016,-1.1287982841946
1712,20036,"s046","m0",0.335880617423615,0.264457898628253,-0.777117185771662,-1.0436791173022
1713,20047,"s046","m0",0.258782402653653,0.223227151711407,-1.13246770082644,-0.373706099885309
1714,20048,"s046","m0",0.383693059873017,0.378736963387045,-0.393544129656179,-1.05950535140897
1715,20051,"s046","m0",0.216790498345437,0.136773553699479,-0.667487035986218,-0.355201729840012
1716,20053,"s046","m0",0.338011476311671,0.268765940204101,-0.709385180763321,-1.07980364442319
1717,20061,"s046","m0",0.370909757149638,0.338570666020961,-0.738166533553592,-1.42511051421539
1718,20074,"s046","m0",0.273189830471777,0.319253918247974,-0.649067630890493,-0.15796577977534
1719,20078,"s046","m0",0.307073187443131,0.267593247370859,-0.701548760531183,-0.401998925709282
1720,20081,"s046","m0",0.420512785076936,0.405122599409873,-0.577590907551384,-1.58544900506956
1721,20088,"s046","m0",0.363153004429914,0.347870428408202,-0.690813729814363,-0.975760163396519
1722,20091,"s046","m0",0.319146275073258,0.356883877050129,-0.788110420468808,-0.487789470062617
1723,20099,"s046","m0",0.314781295171726,0.320727877635036,-0.932260678581949,-0.813212255901609
1724,20105,"s046","m0",0.311206031467737,0.296990458504243,-0.556432200119038,-0.922230231776084
1725,20106,"s046","m0",0.184046806202874,0.132040576825524,-0.838400312364662,0.0197708303416627
1726,20107,"s046","m0",0.382257938864204,0.338488025473315,-0.538739913457544,-1.53936724512188
1727,20118,"s046","m0",0.361384508030924,0.336280917809749,-0.657448656450202,-1.13301550238853
1728,20121,"s046","m0",0.449305655103222,0.403910823439385,-0.512296841047466,-1.74487915895038
1729,20126,"s046","m0",0.40041562025677,0.409540004509715,-0.372686095808461,-1.19022893865093
1730,20155,"s046","m0",0.332133086814819,0.300257875511939,-0.81015357438902,-0.793061722410503
1731,20167,"s046","m0",0.274230928377791,0.24667537831829,-1.04068980397065,-0.753351771529291
1732,20175,"s046","m0",0.302117603817561,0.370207789654446,-0.731765016337669,-0.657266144806632
1733,20178,"s046","m0",0.370965459865097,0.321033898138203,-0.613282138509308,-0.617844264211247
1734,20182,"s046","m0",0.369846187377969,0.330719472994595,-0.586541075025808,-1.56377281735218
1735,20201,"s046","m0",0.372945621729607,0.373064410713009,-0.809060823012052,-1.19090593850343
1736,20206,"s046","m0",0.370250990243576,0.337916433208831,-0.661391350405226,-1.54425729224086
1737,20215,"s046","m0",0.349670489607059,0.302626031860275,-0.396023277570313,-1.01853201920536
1738,20237,"s046","m0",0.366835411958758,0.281364507011848,-0.686828604435346,-1.04809057213176
1739,20252,"s046","m0",0.315656888876714,0.296419681441587,-0.678164387703833,-0.322871426230672
1740,20261,"s046","m0",0.27567559952826,0.211686835433366,-0.572452292700567,0.11358203832557
1741,20294,"s046","m0",0.255075803315075,0.15696804792002,-1.13159196381307,-0.414076391797432
1742,20305,"s046","m0",0.362296639700395,0.377081706315781,-0.737911192615003,-0.871399151708208
1743,20310,"s046","m0",0.363361685472608,0.285571997300225,-0.819004382076771,-0.681269008231398
1744,20313,"s046","m0",0.402199237515043,0.362600811016892,-0.614631740321757,-1.56192134003009
1745,20314,"s046","m0",0.325931694639951,0.26601229808114,-0.737905981407045,-0.383054994334297
1746,20315,"s046","m0",0.406921223692424,0.363060879342815,-0.462785209262581,-1.4591007263576
1747,20316,"s046","m0",0.403594108089761,0.338166944054859,-0.472861127135373,-2.14633771136625
1748,20321,"s046","m0",0.392451383755429,0.310837842803512,-0.474490918380167,-1.42375959111191
1749,20333,"s046","m0",0.43169522595095,0.391493319026049,-0.497939515872589,-1.90557241890536
1750,20357,"s046","m0",0.302395068715488,0.264676597288493,-0.954394800640823,-0.763846668334048
1751,20362,"s046","m0",0.379341197637863,0.346190056867692,-0.805276088433626,-1.12148794750844
1752,20373,"s046","m0",0.418295077448082,0.413690835330076,-0.66251542532511,-1.99023561059793
1753,20394,"s046","m0",0.329377713710825,0.330823567784795,-0.582124730369508,-1.25097871555244
1754,20395,"s046","m0",0.414456198493199,0.360835988488003,-0.528968703115962,-1.51204240961822
1755,20408,"s046","m0",0.25404383600005,0.28007262205351,-0.787975038485696,-0.160250211482131
1756,20426,"s046","m0",0.389990834531486,0.398091944382548,-0.669215346252498,-1.11665545562221
1757,20439,"s046","m0",0.322589637341633,0.279221418436008,-0.497722740512495,-1.08244463137285
1758,20448,"s046","m0",0.293523183800519,0.30335289904517,-0.640489171523907,-0.293148749542778
1759,20449,"s046","m0",0.246254594138698,0.198968075748133,-1.08171672498039,-0.301823025863768
1760,20454,"s046","m0",0.424865828247302,0.466308560897252,-0.510327768363023,-1.23583106323633
1761,20476,"s046","m0",0.30967939060819,0.329272306824262,-0.627129920601682,-0.48339099849374
1762,20477,"s046","m0",0.353183271018799,0.329153672750167,-0.540766680074122,-0.855604918354949
1763,20479,"s046","m0",0.351090365033948,0.303877624378688,-0.525604405334777,-1.13901698758043
1764,20486,"s046","m0",0.378234478998306,0.341715109403938,-0.654528190128743,-1.37639855930409
1765,20501,"s046","m0",0.215520903591639,0.183666248859098,-1.14426902029554,-0.0661197222885452
1766,20512,"s046","m0",0.335437595729356,0.28092619327198,-0.587470410344361,-0.400898877094296
1767,20519,"s046","m0",0.332665968866328,0.241106396054513,-0.892542607557931,-1.19800447074895
1768,20523,"s046","m0",0.305860658250706,0.290761567561433,-0.692220152753058,-0.784006014265695
1769,20566,"s046","m0",0.298522942051735,0.306160214398415,-0.728156637222616,-0.960759002599109
1770,20567,"s046","m0",0.357070270448855,0.298820357901545,-0.632766516397516,-1.63457871035247
1771,20568,"s046","m0",0.353739546127124,0.297233963702605,-0.804725596996576,-1.18184611105738
1772,20571,"s046","m0",0.278421964430212,0.237314232367435,-0.663929104895563,-0.654429188447431
1773,20572,"s046","m0",0.43142439882508,0.384844293861637,-0.616532846488954,-1.87392554147778
1774,20575,"s046","m0",0.307643578434285,0.298592653246675,-0.651061723341596,-0.310038355776647
1775,20577,"s046","m0",0.42457878014706,0.352901716172897,-0.553181406456232,-1.5971788461583
1776,20578,"s046","m0",0.367618721598847,0.329729013269736,-0.458475950730405,-1.24339145449372
1777,20581,"s046","m0",0.346443764691004,0.35146301163561,-0.459290752277708,-0.886055499930481
1778,20613,"s046","m0",0.329679768828185,0.401653442279199,-0.715756573383736,-0.522842864834921
1779,20631,"s046","m0",0.333421616057723,0.298375664259977,-0.602183517477155,-1.32635403262912
1780,20649,"s046","m0",0.159291194712924,0.139323412766451,-0.943224879728656,0.485762579680481
1781,20665,"s046","m0",0.340421624129378,0.370745034804496,-0.71075703458474,-0.275847915279547
1782,20689,"s046","m0",0.326146751296129,0.358334809423805,-0.661825986056262,-0.501461637376059
1783,20698,"s046","m0",0.358481580951272,0.253985824394719,-0.527946798146563,-0.969771759659891
1784,20716,"s046","m0",0.348607819967076,0.245548924091672,-0.567015249166222,-0.689244745497489
1785,20729,"s046","m0",0.28743585596086,0.289189417329906,-0.815010928998096,-0.517539969628485
1786,20732,"s046","m0",0.227831388581921,0.187204542907271,-0.940784304517826,-0.0670564656088485
1787,20764,"s046","m0",0.258971887026471,0.163261519088085,-0.933913998592226,-0.140956664827894
1788,20769,"s046","m0",0.369286849441301,0.311599142583472,-0.710651576353203,-1.06492098132255
1789,20804,"s046","m0",0.427907621849706,0.397196912750028,-0.414623019744021,-1.32810014137738
1790,20838,"s046","m0",0.277951191166263,0.219968497502735,-0.85707658844827,-0.167067598105122
1791,20855,"s046","m0",0.363849651307907,0.300939048107337,-0.686704449496235,-1.46086045137713
1792,20858,"s046","m0",0.421718760558253,0.290207438234158,-0.802686202946913,-2.07832556495931
1793,20871,"s046","m0",0.420070332055332,0.331169448727495,-0.362290028348563,-1.26936315442853
1794,20882,"s046","m0",0.278606838681263,0.264050837807048,-1.02093304124455,-0.353377982963421
1795,20896,"s046","m0",0.340765717414404,0.278044396191815,-0.812683734641154,-0.625973932677398
1796,20917,"s046","m0",0.343968938455887,0.313094347173502,-0.651166642645199,-0.894229721732319
1797,20925,"s046","m0",0.343693719414501,0.306169919645958,-0.556302856498975,-1.24363586714856
1798,20940,"s046","m0",0.295075116721605,0.358244736842748,-0.727620279751092,-0.486228395261238
1799,21007,"s046","m0",0.375018616923417,0.403898920949708,-0.756260853159624,-0.796340284920708
1800,21016,"s046","m0",0.326671863043094,0.386422211896981,-0.896152999927329,-0.621414382309342
1801,21018,"s046","m0",0.21899956559038,0.279175167576542,-0.725714826140075,0.24813962076117
1802,21020,"s046","m0",0.482921017409351,0.427776174016966,-0.243200447674365,-1.96189371251693
1803,21046,"s046","m0",0.316651003307736,0.326191455591462,-0.620050096917946,-0.592093182894888
1804,21052,"s046","m0",0.305123984382371,0.35102526600741,-0.525068754847199,-0.296964263207329
1805,21059,"s046","m0",0.203672571281251,0.171145957573693,-1.06592711208127,-0.0923441843834755
1806,21068,"s046","m0",0.27269779360227,0.305177938429351,-0.725113979010783,-0.497524320894787
1807,21071,"s046","m0",0.28290729518469,0.250542474594623,-0.683581882790871,-0.470299631236381
1808,21082,"s046","m0",0.287235691453423,0.267043982560807,-0.697628817642717,-0.112883673897004
1809,21084,"s046","m0",0.339579914057726,0.308330538267101,-0.594866725551622,-0.959170127344902
1810,21088,"s046","m0",0.284136537760546,0.296565949626222,-0.936178682427513,-0.379061061804811
1811,21102,"s046","m0",0.253535200841572,0.249038049918397,-0.936591529928415,-0.282008033305102
1812,21111,"s046","m0",0.273279506393137,0.259970559672439,-0.929576021181696,-0.532820206251809
1813,21121,"s046","m0",0.254677205781581,0.257434832536405,-1.15124156317449,-0.151001740468248
1814,21127,"s046","m0",0.258978438283145,0.158789966479347,-0.861493331428834,-0.548848537259783
1815,21148,"s046","m0",0.336560558740177,0.25596087113836,-0.678929152604963,-1.11788546679552
1816,21152,"s046","m0",0.338468147021874,0.225847593653252,-0.704947468237545,-1.01041797514699
1817,21186,"s046","m0",0.408555471151166,0.382275844478243,-0.33493302293224,-1.79731850848299
1818,21199,"s046","m0",0.294520792320387,0.24055175872864,-0.873403133873644,-0.597870015380257
1819,21204,"s046","m0",0.332370613338536,0.314023381970634,-0.518100570222555,-0.527955184521256
1820,21216,"s046","m0",0.325541475182449,0.279365097202541,-0.726941244395333,-0.177502328009624
1821,21241,"s046","m0",0.273761151500532,0.313526797564346,-0.890082968315614,-0.379715500863115
1822,21250,"s046","m0",0.366653930091896,0.385195005181529,-0.5393595639845,-0.823154692552934
1823,21251,"s046","m0",0.291805335509915,0.258736133927503,-0.710307460444729,-0.363186248289311
1824,21263,"s046","m0",0.304998575704261,0.209284024156644,-0.701643878458576,-0.5770020777077
1825,21266,"s046","m0",0.432277952503866,0.293474980366759,-0.497586988723584,-2.37807076594265
1826,21267,"s046","m0",0.353737460969417,0.331013682028932,-0.780742084210636,-1.08565718355278
1827,21273,"s046","m0",0.311796007092824,0.240079821034763,-0.63124314171547,-0.72578752122323
1828,21279,"s046","m0",0.278554593708928,0.182112971005431,-0.961620573219617,-0.486051150677616
1829,21289,"s046","m0",0.361983275696888,0.285128737519137,-0.520687631734405,-1.12333065596108
1830,21295,"s046","m0",0.361883411219873,0.370557992329214,-0.798258271435171,-0.769313648163919
1831,21316,"s046","m0",0.323706382760163,0.363867853151504,-0.876972399815002,-0.597426643236575
1832,21320,"s046","m0",0.391388823032746,0.313292728965592,-0.533687008926542,-1.4159883970948
1833,21332,"s046","m0",0.431643051055675,0.374678641424509,-0.483594306400756,-2.16206544995899
1834,21365,"s046","m0",0.365832899694524,0.22082737856672,-0.733806328545415,-1.46228536424481
1835,21376,"s046","m0",0.30428870010224,0.352727188194529,-0.578472155184014,-0.000196999918078911
1836,21381,"s046","m0",0.397854896257006,0.324162001759297,-0.282558422165084,-0.946566726476987
1837,21389,"s046","m0",0.319223891060453,0.303502949860221,-1.23634613982417,-1.04824916909341
1838,21397,"s046","m0",0.320450883813954,0.292869655334125,-0.752332491842716,-1.24918607674396
1839,21399,"s046","m0",0.221492263183788,0.274409878250891,-0.633285540517359,-0.132560828437599
1840,21400,"s046","m0",0.354641261977923,0.346385008139166,-0.612659893730749,-0.690955782990048
1841,21405,"s046","m0",0.331321264981201,0.272667309950196,-1.01418258514058,-0.991598464605795
1842,21406,"s046","m0",0.362329507206524,0.343590993585762,-0.376234057212062,-0.581075068583977
1843,21407,"s046","m0",0.3940257215779,0.351695006642524,-0.676097078299894,-1.87185873927852
1844,21414,"s046","m0",0.383251801727176,0.356883862228686,-0.62421002120682,-1.09700456626014
1845,21457,"s046","m0",0.324295707205464,0.304129315584562,-0.755814957079246,-0.539187764131231
1846,21460,"s046","m0",0.285432614515427,0.240228124515411,-0.714166296811318,-0.307315854254403
1847,21464,"s046","m0",0.432213699740927,0.380509184825328,-0.39048341372601,-1.67382251937049
1848,21468,"s046","m0",0.292114007230821,0.344815068513655,-0.609838567250904,-0.566350835782747
1849,21503,"s046","m0",0.400416121362364,0.372340281485851,-0.592147808595552,-1.06258415911642
1850,21506,"s046","m0",0.408290677776032,0.328254596113004,-0.602923142861569,-1.68522186989409
1851,21518,"s046","m0",0.343427516156437,0.396769642760962,-0.711447335197335,-0.810463185464084
1852,21529,"s046","m0",0.323873901553708,0.331866520642841,-0.517012037205867,-0.173333831156676
1853,21536,"s046","m0",0.224786713073531,0.175084139116486,-0.733286673494942,-0.323541421168037
1854,21540,"s046","m0",0.408386015910187,0.298000260132571,-0.634082681036889,-1.83559202833772
1855,21557,"s046","m0",0.336099668241824,0.303660388727323,-0.715875428591929,-1.04791137505677
1856,21558,"s046","m0",0.346657905907763,0.275556121612559,-0.605406456749675,-1.00650848689775
1857,21568,"s046","m0",0.331100793364044,0.282023722361585,-0.670102994312864,-1.36733498237821
1858,21571,"s046","m0",0.37182976577444,0.302557097413342,-0.649756151961403,-1.55650075964804
1859,21574,"s046","m0",0.29433164583743,0.24321507999617,-0.89466923327626,-0.472755868212991
1860,21582,"s046","m0",0.366094554985165,0.360877335147725,-0.69931152647522,-1.14350444370042
1861,21591,"s046","m0",0.308908688080437,0.326421004358408,-0.709089275281223,-0.489813109822437
1862,21607,"s046","m0",0.334327617802805,0.288942480023749,-0.81898034532399,-0.828558702611369
1863,21650,"s046","m0",0.406831206160649,0.373976292711041,-0.602603083044861,-1.68880607203983
1864,21675,"s046","m0",0.370237036662968,0.382441015940791,-0.483244262345069,-0.915466150841297
1865,21676,"s046","m0",0.341602245223558,0.317142155186405,-0.84299977595661,-0.771184484598526
1866,21684,"s046","m0",0.299354674202657,0.294716653437113,-0.792911267643149,-1.18982625293975
1867,21685,"s046","m0",0.339776798783499,0.370464880695848,-0.492720779682989,-0.57638073264877
1868,21692,"s046","m0",0.414319531330178,0.303640089852464,-0.462986484412042,-1.26286331388419
1869,21695,"s046","m0",0.413354152459003,0.428458049673518,-0.538262773899966,-1.33809292783872
1870,21698,"s046","m0",0.411640655230235,0.312091153315703,-0.613166057786561,-2.57647061953775
1871,21713,"s046","m0",0.328793667892742,0.302155971484338,-0.777100671576854,-1.14464324825294
1872,21722,"s046","m0",0.298747302376672,0.389778852268393,-0.877201150187674,-0.735906020360765
1873,21728,"s046","m0",0.273706645879338,0.215073082662329,-0.658251486820108,-0.297131013582656
1874,21737,"s046","m0",0.412437105018935,0.345905753973634,-0.552967454726817,-1.38397222466946
1875,21743,"s046","m0",0.318562291119394,0.322230245117626,-0.942140532616722,-0.789231564963948
1876,21792,"s046","m0",0.293704920358302,0.29339445359956,-0.940663850319568,-0.888310064660381
1877,21826,"s046","m0",0.28387789153306,0.254619173055405,-0.910119218713782,-0.35314471178039
1878,21833,"s046","m0",0.268259544304965,0.254710812032884,-0.69290927540189,-0.419482725279967
1879,21866,"s046","m0",0.341207072835232,0.264318973786389,-0.777184473639209,-0.601784638890269
1880,21875,"s046","m0",0.364932872049338,0.334728984467775,-0.539162078118105,-1.63139481956684
1881,21914,"s046","m0",0.281796610370458,0.254232476249011,-0.813584308568756,-0.217338156542832
1882,21925,"s046","m0",0.333233265902827,0.37212793988342,-0.721542820707396,-1.63767662555797
1883,21929,"s046","m0",0.325331131994165,0.284788152246727,-0.751189215506935,-0.878514079470359
1884,21935,"s046","m0",0.323116533935498,0.264859696628387,-1.12037897026643,-0.659222851881299
1885,21947,"s046","m0",0.338539880702971,0.294991167935993,-0.609374953883755,-0.872198611619514
1886,21961,"s046","m0",0.280377097488558,0.312387195850406,-0.498204499584588,-0.252772267309836
1887,21964,"s046","m0",0.363803338793923,0.332852761987841,-0.460232481643129,-1.35351814298052
1888,21973,"s046","m0",0.303183536358375,0.30159683484369,-0.719230466415205,-0.87321485161888
1889,21980,"s046","m0",0.238293103754194,0.241646961804703,-1.09523864683947,-0.181309877639099
1890,21984,"s046","m0",0.215642842761052,0.229803285249615,-1.08529930230295,-0.28116248249597
1891,22013,"s046","m0",0.42072924034287,0.402953356438879,-0.613546503774735,-1.91362012040303
1892,22014,"s046","m0",0.280021970249679,0.192448769816126,-0.833844866297355,-1.14537773192381
1893,22022,"s046","m0",0.413915537573201,0.429533867706605,-0.331190792367254,-1.0684672582655
1894,22027,"s046","m0",0.284821213835186,0.227791613224996,-0.881469463599765,-0.361883082107917
1895,22031,"s046","m0",0.434437896745697,0.375500957660901,-0.728497105071237,-1.83138150259079
1896,22055,"s046","m0",0.311093186076781,0.327287502279355,-0.609026775455683,-0.415443768604765
1897,22060,"s046","m0",0.404088447236991,0.315497209006344,-0.401046829299345,-1.73431892943435
1898,22065,"s046","m0",0.242854111476345,0.203562459956268,-0.659816000568313,-0.167187812089566
1899,22072,"s046","m0",0.273872823293377,0.264844842579988,-0.932966671055623,-0.0335058728378369
1900,22078,"s046","m0",0.42116902677783,0.381898488842411,-0.566008029279193,-1.94544018112345
1901,22085,"s046","m0",0.294366935245833,0.246422881963176,-0.892199021678579,-0.415360233730059
1902,22091,"s046","m0",0.325613343018367,0.232757643280985,-0.758009499633381,-0.549956117012723
1903,22150,"s046","m0",0.269919343995923,0.26505929998046,-0.720043699262508,-0.299508975531955
1904,22160,"s046","m0",0.24421627929696,0.220923605597172,-1.02374885526578,-0.36553002773265
1905,22166,"s046","m0",0.311792318050269,0.30692148587515,-0.617632716213118,-0.590745331158619
1906,22169,"s046","m0",0.357944962018228,0.366665420445755,-0.566483202213618,-0.975498109959652
1907,22174,"s046","m0",0.279950513082709,0.229116118987869,-0.630355608298421,-0.0810643402328329
1908,22184,"s046","m0",0.306912881418388,0.224665637677623,-0.709683191449397,-1.00587314214279
1909,22201,"s046","m0",0.308396770334532,0.30229102349723,-1.05236688928559,-0.547784036151206
1910,22241,"s046","m0",0.448646342645422,0.441788829728629,-0.426122207203721,-2.04061502783576
1911,22248,"s046","m0",0.289097200795225,0.287289484764573,-0.617849218904942,-0.55627238530238
1912,22264,"s046","m0",0.266713508213636,0.243800132793313,-0.945001162920956,-0.310041651458787
1913,22275,"s046","m0",0.379049748875147,0.275895182613943,-0.470529442759869,-1.11951610308787
1914,22278,"s046","m0",0.377632415853089,0.297539628472338,-0.731490862597304,-1.71463253296219
1915,22293,"s046","m0",0.291575707973114,0.362914045146878,-0.735809957720642,-0.0849801550975139
1916,22301,"s046","m0",0.306900323752961,0.294793111131573,-0.682717998951504,-0.905628782147754
1917,22304,"s046","m0",0.383514727555221,0.373269313460475,-0.334633687361289,-1.32047570089469
1918,22312,"s046","m0",0.335117351011058,0.276641905932026,-0.791860515449005,-0.848388254765614
1919,22314,"s046","m0",0.342527256257736,0.343669962928868,-0.614921648139335,-0.340001723967999
1920,22318,"s046","m0",0.41589259847405,0.430861929426113,-0.598022540364895,-1.57401963217746
1921,22327,"s046","m0",0.385385038381766,0.29200160763577,-0.522535245694729,-1.63815846007454
1922,22333,"s046","m0",0.333442795065129,0.293268102139065,-0.669743279521887,-0.975903361208886
1923,22349,"s046","m0",0.451133762176519,0.376125448504923,-0.445695795657861,-2.56562258929654
1924,22369,"s046","m0",0.373018987250453,0.310359623353253,-0.751974536083637,-1.22334338570085
1925,22379,"s046","m0",0.315944191022913,0.355835923249039,-0.713728215220246,-0.591321911033808
1926,22386,"s046","m0",0.36719345684876,0.288394029500023,-0.715836920390626,-1.48913614767477
1927,22387,"s046","m0",0.288847005860588,0.251845035761877,-0.446902669398015,-0.617302819426097
1928,22427,"s046","m0",0.202888908107969,0.238697483215564,-1.18714815173001,0.00845104713327063
1929,22428,"s046","m0",0.335682174662947,0.301182076878362,-0.927179676315474,-1.12864819097649
1930,22435,"s046","m0",0.383027602743196,0.391463820544338,-0.517786012487321,-1.07187254642961
1931,22476,"s046","m0",0.308342980257065,0.234324603798548,-0.727030526739083,-1.37605760256372
1932,22481,"s046","m0",0.290963650485571,0.322621178098008,-0.780525118682384,-0.645155789527044
1933,22496,"s046","m0",0.305293939924169,0.276860992238302,-0.697667213405779,-0.587474108073004
1934,22498,"s046","m0",0.285566674178485,0.287076333392512,-0.950351420995887,-0.408043954723219
1935,22506,"s046","m0",0.376816977151476,0.334796077227733,-0.443418484045771,-1.20094249048031
1936,22508,"s046","m0",0.354091647912681,0.277918997029711,-0.622494116453478,-0.939029351040647
1937,22534,"s046","m0",0.302272846991283,0.311536815030023,-0.546780718388461,-0.774420919740347
1938,22546,"s046","m0",0.309800724782941,0.263837544859174,-0.437877708044247,-0.756806226252705
1939,22548,"s046","m0",0.276186250221273,0.288696240039334,-0.840573962500215,-0.232809388586639
1940,22590,"s046","m0",0.419017810092592,0.37586172115711,-0.253665769859941,-1.03868048192078
1941,22597,"s046","m0",0.389607694135097,0.354351219238967,-0.587725941838643,-1.28990979256531
1942,22598,"s046","m0",0.305874081636986,0.25537899118968,-0.811863863802783,-0.728454084366781
1943,22618,"s046","m0",0.279233667567405,0.241416160895917,-0.62153854976405,-0.194752927265604
1944,22621,"s046","m0",0.326365441254199,0.330871159877985,-0.849435852815139,-0.429511283233801
1945,22627,"s046","m0",0.344564303008798,0.275107838678447,-0.681125092945492,-1.05707371737751
1946,22642,"s046","m0",0.297494577367054,0.258878250275633,-0.601251444325936,-0.658857968311171
1947,22666,"s046","m0",0.381719496795454,0.269603513448677,-0.825639701664871,-1.40821895691263
1948,22677,"s046","m0",0.33243914976866,0.246051995013442,-0.633750079745078,-0.873937143814634
1949,22694,"s046","m0",0.391011391085196,0.333374949636425,-0.536665385345404,-1.08705210673708
1950,22701,"s046","m0",0.201104228467376,0.220290928061522,-1.25023536960329,0.0980848307488835
1951,22707,"s046","m0",0.34077828905386,0.283029035046217,-0.757833821186083,-0.959460824831641
1952,22734,"s046","m0",0.336514423653033,0.299549678165595,-0.747740321130084,-1.09084967199975
1953,22738,"s046","m0",0.419022773120308,0.367800978290003,-0.403001797401615,-1.97322991893996
1954,22752,"s046","m0",0.347704077981074,0.328931123916402,-0.568121775818065,-0.720476879523266
1955,22764,"s046","m0",0.375855791783224,0.407202639583343,-0.762041882426924,-1.27717046897804
1956,22765,"s046","m0",0.363792204154012,0.26177282902716,-0.543795795022207,-1.46045455031275
1957,22781,"s046","m0",0.346478139260331,0.34976782487245,-0.663474414332812,-1.18468948803629
1958,22790,"s046","m0",0.304756898492613,0.308510305267581,-0.646793884487069,-0.952863025128304
1959,22835,"s046","m0",0.329106112612695,0.33387043978436,-0.556587304093071,-0.562216436597897
1960,22876,"s046","m0",0.324737136597713,0.339778267981302,-0.697053542982483,-0.840795917684891
1961,22889,"s046","m0",0.34134170895548,0.293849996363137,-0.517277368179135,-1.18956868407602
1962,22903,"s046","m0",0.347802466966391,0.338210502480928,-0.721122311214005,-1.1411392226132
1963,22909,"s046","m0",0.286704031078903,0.254402845566533,-0.713737954016671,-0.616876249055536
1964,22923,"s046","m0",0.430829592243166,0.405204202247952,-0.490840320071263,-1.69936526095826
1965,22931,"s046","m0",0.275013386845242,0.248778596237192,-0.553697516431441,-0.122189892726725
1966,22934,"s046","m0",0.373919506092358,0.379398215421338,-0.709506448126541,-1.27173583525961
1967,22943,"s046","m0",0.339187663796482,0.369570742029332,-0.625073604423436,-0.592142995937076
1968,22955,"s046","m0",0.287435812399112,0.351198757791746,-0.701526208979527,-0.477995386470094
1969,22960,"s046","m0",0.313643448615548,0.285878626555483,-0.633198556991507,-0.947050897658265
1970,22963,"s046","m0",0.38735887809879,0.365206362789539,-0.552615823716298,-1.2201589482574
1971,22986,"s046","m0",0.332799353774222,0.319996866017198,-0.73061792210401,-0.539782389716122
1972,22990,"s046","m0",0.254974329081985,0.367523512812203,-1.12768637075502,-0.304109775043245
1973,23007,"s046","m0",0.407323555908653,0.358091307907643,-0.536892541044605,-1.49143694323443
1974,23009,"s046","m0",0.248271364662677,0.193612951690077,-1.30208180178485,-0.693478766962527
1975,23023,"s046","m0",0.347176810353781,0.173092067439646,-0.763312622412153,-0.945453602671944
1976,23052,"s046","m0",0.287720913097026,0.257634026059534,-0.751608756715489,-0.63673119641396
1977,23064,"s046","m0",0.330588672250672,0.31032793575906,-0.613848911161697,-0.753519762307064
1978,23066,"s046","m0",0.318285387466374,0.28117348410942,-0.723463693232848,-0.726688835735112
1979,23068,"s046","m0",0.38599041480821,0.358065847708453,-0.939937362427996,-1.69980634433615
1980,23087,"s046","m0",0.383081423443231,0.353800078461913,-0.457626150658449,-1.67445259176546
1981,23092,"s046","m0",0.282593941966129,0.309868748202682,-0.508663948508271,-0.0669525493577348
1982,23093,"s046","m0",0.321622286452652,0.280722834467303,-0.674248009658033,-0.639500078714711
1983,23109,"s046","m0",0.356688858090485,0.346252503472298,-0.527426546605562,-0.913709850253379
1984,23111,"s046","m0",0.298839778261306,0.240759282323159,-0.543988836170179,-0.800866284473606
1985,23164,"s046","m0",0.37977034611904,0.316100540096752,-0.674810358860793,-1.12147801461788
1986,23169,"s046","m0",0.227096806435431,0.257674282937681,-0.83465504546682,0.0159161003666762
1987,23186,"s046","m0",0.318902879899974,0.299420595868303,-0.762785710650048,-1.01945258617389
1988,23188,"s046","m0",0.303151842076976,0.335029771992887,-0.85519741362608,-0.7922914347799
1989,23211,"s046","m0",0.395860218915569,0.457602865793322,-0.268429099899905,-0.69191411031988
1990,23216,"s046","m0",0.387429095308802,0.321918019105923,-0.497700798007159,-1.64554666268167
1991,23220,"s046","m0",0.314126540411426,0.272206697980779,-0.645348119541597,-0.839813782853274
1992,23243,"s046","m0",0.2877668875279,0.33191443269084,-0.902636352503494,-0.474413858236435
1993,23274,"s046","m0",0.293724554471454,0.285761216527795,-0.830412579119769,-0.742586228181686
1994,23280,"s046","m0",0.330634410927251,0.328565289226069,-0.89740985358296,-0.650230590958116
1995,23283,"s046","m0",0.427476939245643,0.348413381174598,-0.527379443450026,-1.93182072405581
1996,23308,"s046","m0",0.245576052678428,0.294667657631514,-0.877543210779519,-0.0850875662446186
1997,23324,"s046","m0",0.284149664410947,0.196860116531953,-0.845130728106729,-0.677647711853257
1998,23332,"s046","m0",0.263882978878399,0.158197624608473,-0.838203144393992,-0.684478638863412
1999,23358,"s046","m0",0.302323162383176,0.347708812240937,-0.696170324960747,-0.399464136195159
2000,23363,"s046","m0",0.347975843130292,0.284270048603521,-0.656933496396208,-0.640799764123368
2001,23371,"s046","m0",0.35639436730553,0.243757342544424,-0.596478850616205,-1.39758059330645
2002,23380,"s046","m0",0.316184938557233,0.298717312876531,-0.797523973220459,-0.812588628791322
2003,23389,"s046","m0",0.275163290903489,0.221018698303877,-0.884998155977585,-0.724753315858454
2004,23396,"s046","m0",0.180222807468155,0.162687586220508,-1.0382232271649,0.101404445182871
2005,23403,"s046","m0",0.374271140610243,0.350267985781162,-0.370812212429205,-1.51705431635576
2006,23415,"s046","m0",0.316039600276808,0.210702478754164,-1.00824743169189,-0.729025939727722
2007,23418,"s046","m0",0.331005100192446,0.321893776690048,-0.676861329641604,-0.694878341343524
2008,23422,"s046","m0",0.313044857133758,0.235379095422696,-0.478270826369499,-0.542830872824368
2009,23441,"s046","m0",0.210248483348469,0.204213337663564,-0.944366410469741,0.179648776824147
2010,23454,"s046","m0",0.389328462241402,0.38057922177175,-0.780677085075433,-1.48639477403382
2011,23458,"s046","m0",0.404595585763058,0.35159944606818,-0.571551349857929,-1.46396085026844
2012,23488,"s046","m0",0.376433674807497,0.361935572057472,-0.848721923917619,-1.1296865980506
2013,23500,"s046","m0",0.29382327680658,0.212478045108747,-0.558517071039369,0.132169125767412
2014,23514,"s046","m0",0.41770802973201,0.380010018651886,-0.654531179248769,-1.37111914090623
2015,23528,"s046","m0",0.353151406849206,0.354067877001059,-0.427267983261175,-0.794741309045835
2016,23535,"s046","m0",0.276561259939069,0.241586334541791,-0.731034438580725,-0.679407305709639
2017,23549,"s046","m0",0.335743825828287,0.385469409490157,-0.881369016573887,-0.698531871713618
2018,23557,"s046","m0",0.333070566375001,0.338403347452107,-0.830719617045598,-0.71040590017429
2019,23568,"s046","m0",0.377737952842353,0.295273915904728,-0.650575322711943,-1.19442060134338
2020,23571,"s046","m0",0.330400622729654,0.28296822456394,-0.622592515487426,-1.06133452633584
2021,23576,"s046","m0",0.376179201530831,0.268032327590011,-0.583338280850959,-1.53299775368147
2022,23577,"s046","m0",0.282217314415745,0.383396800902415,-0.65142301271649,-0.657829334143705
2023,23578,"s046","m0",0.327454224094681,0.261541226551137,-0.71940254338336,-0.867593462057049
2024,23585,"s046","m0",0.323538332500808,0.304712588619074,-0.805778867271884,-1.12219430511589
2025,23654,"s046","m0",0.360518068059212,0.282356669894641,-0.739093926852415,-0.637766173440171
2026,23674,"s046","m0",0.268795775732524,0.282764436578894,-0.530748428412131,-0.383557819213385
2027,23687,"s046","m0",0.238931088726219,0.31321160941326,-1.08866166784568,-0.482222320217979
2028,23697,"s046","m0",0.160888089492817,0.102493087473275,-0.998502650630323,0.238073552616465
2029,23709,"s046","m0",0.286599199619787,0.292262971794514,-0.713145237524686,-0.749886518395367
2030,23716,"s046","m0",0.304508069605357,0.316422214744713,-0.623517079730199,0.104610526425721
2031,23722,"s046","m0",0.307044678427915,0.290967781627732,-0.691524250287723,-0.395060748976423
2032,23747,"s046","m0",0.364575913801638,0.246068900913876,-0.569877180850075,-0.466412920135768
2033,23766,"s046","m0",0.250788321594037,0.325977863818591,-1.10251630404924,-0.0576924083995255
2034,23770,"s046","m0",0.358569149151576,0.26454823159713,-0.479223049866116,-1.34985085102141
2035,23771,"s046","m0",0.329531935749691,0.264661952811948,-0.628941075458177,-1.10199135698836
2036,23773,"s046","m0",0.422089656465327,0.332239333782991,-0.385989890234356,-2.56392543295642
2037,23780,"s046","m0",0.369973891849856,0.346833364718835,-0.49061502630906,-1.63365129737294
2038,23800,"s046","m0",0.291295416254893,0.357290017565772,-0.568341224128272,-0.289968764126966
2039,23808,"s046","m0",0.277790530907463,0.283521609460728,-0.563976859945287,-0.135875119259249
2040,23815,"s046","m0",0.321019572694036,0.292841038313701,-0.875714751415828,-0.701718281238113
2041,23826,"s046","m0",0.200247355479976,0.15213762515836,-0.781851445852694,0.196646477820135
2042,23836,"s046","m0",0.361028032338769,0.359557163230215,-0.728986437475929,-0.925698796285632
2043,23905,"s046","m0",0.351805335649243,0.377830567088717,-0.536775262965638,-1.37101934789325
2044,23926,"s046","m0",0.399350952867655,0.367002990078549,-0.634005030345153,-1.66299569023537
2045,23940,"s046","m0",0.272989711124675,0.287808555266175,-0.645023297629467,-0.77357977906232
2046,23941,"s046","m0",0.305793554211533,0.250120389286566,-0.838550012066926,-0.554408066857047
2047,23962,"s046","m0",0.233258827693435,0.233022992463065,-0.677065558824078,-0.216300405618646
2048,23983,"s046","m0",0.33035025224764,0.268074590678918,-0.679124330228881,-0.969832472488573
