"draw","source_draw","id","assumed_model","alpha_0","nu_0","nu_1","tau"
1,18,"s071","m0",0.890510920315376,0.102368029701259,-0.589970783072421,-1.44497363104207
2,30,"s071","m0",0.893144203754797,0.0612157901658655,-0.491937188712705,-1.42692194041196
3,31,"s071","m0",0.918511507155821,0.150914110214368,-0.541138791794255,-1.8973863313037
4,47,"s071","m0",0.825102549072559,0.0532258376279276,-0.470322353223982,-0.368192278383643
5,61,"s071","m0",0.980141185824367,0.163212760995832,-0.369087446046373,-2.01942921656234
6,65,"s071","m0",0.872316226023855,0.107479067742724,-0.52434376144783,-0.848439951380592
7,72,"s071","m0",0.89766462158984,0.141726504928148,-0.463574458525397,-1.0949798311412
8,75,"s071","m0",0.873152865099358,0.155664202685906,-0.537923583704003,-0.763315719578182
9,95,"s071","m0",0.909989769075195,0.133846086934836,-0.458859066091286,-1.43617975390953
10,102,"s071","m0",0.919619117993159,0.120207549147488,-0.502102112766499,-1.29108289749413
11,104,"s071","m0",0.830142616355859,0.0640707267469833,-0.618706604408832,-0.309446077734514
12,108,"s071","m0",0.778344072329193,0.000340264715363573,-0.818930428147514,-0.645319999241574
13,129,"s071","m0",0.914167714367589,0.17100086366543,-0.601097068828977,-1.31127529036189
14,140,"s071","m0",0.906019424178565,0.102222796934396,-0.472769472184923,-1.85853984053235
15,164,"s071","m0",0.945220779406204,0.161803649310453,-0.514198228956544,-1.77585137380872
16,182,"s071","m0",0.882250457583389,0.141965855758196,-0.551622783949782,-1.32608313874737
17,183,"s071","m0",0.911473159026417,0.112401242518111,-0.487391892804202,-1.27554481386473
18,195,"s071","m0",0.980816080305593,0.209754152468773,-0.403660977009916,-2.1386926968946
19,198,"s071","m0",0.955701558602568,0.132385977810721,-0.426800653690364,-2.35756109332916
20,200,"s071","m0",0.944604437674908,0.167857416285199,-0.472617247021186,-1.49553706435492
21,203,"s071","m0",0.894822078296221,0.19640141418629,-0.627449058186307,-0.845020473660175
22,216,"s071","m0",0.970477039905677,0.166014643782253,-0.441283724577078,-2.96774513217624
23,233,"s071","m0",0.912760499326754,0.148292216010661,-0.616461884740222,-1.34326294421494
24,256,"s071","m0",0.850161144627231,0.0716798862180652,-0.581917071284326,-1.08068158520328
25,261,"s071","m0",0.922470113221682,0.123483819466927,-0.531738897355297,-1.83541144907718
26,281,"s071","m0",0.853679807739643,0.037079902219037,-0.683261557782811,-0.99763539205009
27,283,"s071","m0",0.890230839132109,0.0382166623270256,-0.499957569785977,-1.61532853514423
28,287,"s071","m0",0.83342522986899,0.116305346371121,-0.602750171608207,-0.83701818473737
29,289,"s071","m0",0.883519388157246,0.138686292839601,-0.516108031280556,-1.52393694786821
30,294,"s071","m0",0.885368152632057,0.139504603231558,-0.712804645012539,-1.19013249538368
31,307,"s071","m0",0.891557819064813,0.115237155289213,-0.553215371708882,-1.37502323672462
32,315,"s071","m0",0.966872461451962,0.199705697387276,-0.316836301231079,-1.32540791879771
33,323,"s071","m0",0.897910544084263,0.0740557741615873,-0.577991963662796,-1.00025290553878
34,331,"s071","m0",0.885861383117181,0.0867019807767615,-0.621054078716234,-1.70806336766975
35,335,"s071","m0",0.851689856732005,0.0710894088829766,-0.84741518821252,-0.732478588283646
36,349,"s071","m0",0.846986261053884,0.0846784915666601,-0.79970137725466,-0.89642206851686
37,353,"s071","m0",0.890700979821667,0.104170073783526,-0.601415989646855,-1.317319724764
38,355,"s071","m0",0.888059941678133,0.0855587488216909,-0.471459990401738,-1.02773137336959
39,381,"s071","m0",0.79944173732066,0.0341936211936328,-0.780402072048722,-0.599941770267856
40,397,"s071","m0",0.956457900885882,0.152812624019431,-0.485953951496149,-1.72873339361753
41,415,"s071","m0",0.973336518763194,0.211056943472237,-0.399764828203305,-1.84861034847537
42,417,"s071","m0",0.889951808336083,0.100892043791396,-0.683812511462093,-1.79728796149559
43,419,"s071","m0",0.944465983124904,0.11874963965893,-0.550106460275252,-1.60841072291657
44,432,"s071","m0",0.965881503901427,0.135449777666004,-0.514107877108827,-2.62351826158127
45,435,"s071","m0",0.859299981268057,0.0974989948872527,-0.55538343403496,-0.850670307475196
46,458,"s071","m0",0.798583422443863,-0.130249016649529,-0.720958192954417,-0.78288892948623
47,471,"s071","m0",0.950050959639457,0.111480663619864,-0.432367835665854,-1.90646119479623
48,489,"s071","m0",0.954376499454477,0.14394091221455,-0.522798387616733,-1.88043105970533
49,518,"s071","m0",0.845892538927688,0.0473285438117798,-0.660586365568209,-1.37291721797504
50,558,"s071","m0",0.87505822580239,0.031605615425287,-0.844842348839125,-1.73113275486636
51,560,"s071","m0",0.801938553257645,0.0283262326502477,-0.725307982079437,-0.567636697198232
52,563,"s071","m0",0.935896206555941,0.116652543960601,-0.499871427426718,-1.42114294959918
53,569,"s071","m0",0.92704322309272,0.118483636217725,-0.582172638708092,-1.97875845726284
54,580,"s071","m0",0.784349139973852,0.0132413397195946,-1.03918407142856,-0.52437574090046
55,606,"s071","m0",0.852408591204796,0.0532617850454617,-0.638608042072322,-1.3649674078284
56,607,"s071","m0",0.844316337820188,0.0235726046593098,-0.656546241051915,-1.320072511848
57,639,"s071","m0",0.979024159537214,0.168408175745577,-0.4143378566401,-1.78679670016195
58,648,"s071","m0",0.881884367941133,0.120229159222041,-0.569310921511995,-0.995339165167164
59,651,"s071","m0",0.885949627542636,0.100400667175466,-0.529836462693639,-0.976644073381849
60,672,"s071","m0",0.9320707673199,0.115275596703438,-0.602520787955246,-1.56928109096356
61,682,"s071","m0",0.856038633296382,0.0949415627014988,-0.648837636726693,-1.14598719771076
62,695,"s071","m0",0.951608063515822,0.156841439838413,-0.584263146367218,-1.32583119139943
63,696,"s071","m0",0.833684396199822,0.0487829767410251,-0.692604568059592,-0.736152745473621
64,719,"s071","m0",0.913360568455486,0.094569588909759,-0.52135427591482,-1.01556519335387
65,734,"s071","m0",0.93702446174654,0.123390683639805,-0.530464829160915,-1.6909651757111
66,777,"s071","m0",0.882793934704312,0.10717828753621,-0.62482517882162,-0.882150987417472
67,788,"s071","m0",0.905404305673395,0.153968938203682,-0.632749591465472,-0.946852761625099
68,796,"s071","m0",0.84101156372285,0.08774118879309,-0.475732891210236,-0.389943072248571
69,799,"s071","m0",0.898251200667723,0.102711705282162,-0.661783819466812,-1.33299357473271
70,803,"s071","m0",0.896651551461364,0.0585672656767636,-0.498495365525197,-1.41841407216328
71,818,"s071","m0",0.869381162927483,0.089689624684176,-0.516377522731724,-0.538788407522263
72,834,"s071","m0",0.9908007481867,0.180075851990349,-0.407712457793805,-2.81183686581572
73,841,"s071","m0",0.816668146906018,0.0823033770061581,-0.684318730159557,-0.47206761579461
74,842,"s071","m0",0.985320547281681,0.235119606616501,-0.412644931439501,-2.42958986388506
75,844,"s071","m0",0.916475649789999,0.14747815696866,-0.730470355873181,-1.95977940707162
76,854,"s071","m0",0.988244516134446,0.204981946916769,-0.626562308389823,-2.69462197082608
77,858,"s071","m0",0.943579933091699,0.158041653734628,-0.638663019130287,-2.02789757941382
78,862,"s071","m0",0.902001100140865,0.0839610280853443,-0.569354063768915,-1.55152220112962
79,872,"s071","m0",0.862009464736837,0.153251471608033,-0.859286509803353,-0.467643643038156
80,877,"s071","m0",0.851295254673856,0.00679948840339658,-0.592606443332697,-1.1793423059039
81,881,"s071","m0",0.88658492143851,0.128147885957445,-0.615859896241529,-1.2018608878741
82,886,"s071","m0",0.873729903738076,0.0903040612356797,-0.502875880982233,-0.835366425106981
83,892,"s071","m0",0.931322512699228,0.125116900350906,-0.509138224248297,-1.76547778508928
84,911,"s071","m0",0.909091066561921,0.0973791444718128,-0.599989872434574,-1.47199894988274
85,930,"s071","m0",0.969863059554006,0.146588618675388,-0.425948691589006,-3.11490524829383
86,938,"s071","m0",0.914758669544224,0.117705789682594,-0.633145583815622,-2.14777990027929
87,953,"s071","m0",0.986853417431026,0.204331320082547,-0.522887313771761,-2.48641713190531
88,967,"s071","m0",0.853068185979588,0.0594144859331682,-0.651316218872685,-1.00232825423215
89,975,"s071","m0",0.922567557258506,0.0844857205333206,-0.509963596708348,-2.21868124353283
90,978,"s071","m0",0.918274353704269,0.155386935811081,-0.530976912769025,-1.81881414392498
91,983,"s071","m0",0.937918332909777,0.135284813210977,-0.353031754276026,-1.90699771843861
92,996,"s071","m0",0.938119010193135,0.133564489365086,-0.517327307840415,-1.88792672537909
93,997,"s071","m0",0.93689213082698,0.111518338524373,-0.492534113603497,-1.8668119141985
94,1009,"s071","m0",0.940847884209963,0.122595783729216,-0.490075578237135,-1.4695454050309
95,1020,"s071","m0",0.864396308779773,0.0760107468060464,-0.824579555975364,-1.62903392881963
96,1022,"s071","m0",0.942443222939626,0.131207886663744,-0.555172749029538,-2.50941864039657
97,1029,"s071","m0",0.906094597619136,0.110184654573598,-0.505705409745995,-0.803309813298203
98,1047,"s071","m0",0.876342469848675,0.0276688800767092,-0.721249598773973,-1.50240987299442
99,1054,"s071","m0",0.926262290049046,0.193478953087658,-0.447024877096876,-1.09482818733436
100,1071,"s071","m0",0.931760081309015,0.120823742017534,-0.633939850006447,-1.41213874518905
101,1077,"s071","m0",0.939403070999243,0.06394670347794,-0.562802315655328,-2.26264323115522
102,1092,"s071","m0",1.01706440700339,0.213130073194362,-0.439077501849775,-2.74853516038836
103,1100,"s071","m0",0.935182464327998,0.206602370350869,-0.39428781372865,-1.29545613254145
104,1101,"s071","m0",0.836055882355085,0.10201166689089,-0.591701714101842,-0.70960563458562
105,1113,"s071","m0",0.981348375306256,0.206167779478634,-0.452725992211754,-2.07537722508479
106,1116,"s071","m0",0.893699523008478,0.0598995066344601,-0.704941410822008,-2.19691815705268
107,1123,"s071","m0",0.810981775817367,0.0687892093188962,-0.797350904545706,-0.846063181332958
108,1125,"s071","m0",0.963149308997034,0.124045887262971,-0.43279586876505,-1.82122612037666
109,1132,"s071","m0",0.871026663244622,0.103793862693753,-0.618669515125947,-1.27910493047083
110,1165,"s071","m0",0.942030382453805,0.128350863991093,-0.654104644488244,-1.62971079067298
111,1169,"s071","m0",0.894040498648544,0.119012650328213,-0.643658846996701,-1.79859308523102
112,1203,"s071","m0",0.800723923362421,-3.6187938297432e-06,-0.606480211747702,-0.634487359716934
113,1215,"s071","m0",0.914927718697164,0.136622984622578,-0.507296795696994,-2.19728546454802
114,1217,"s071","m0",0.876966652340859,0.0939685308201546,-0.411609906076915,-0.864685558942411
115,1222,"s071","m0",0.844483863544734,0.0296553768218736,-0.706068301549974,-1.01629991005056
116,1224,"s071","m0",0.933470596082418,0.129246369232341,-0.390762589999538,-1.89175334727597
117,1255,"s071","m0",0.933977075948499,0.135743700196556,-0.513816965003036,-1.99256525819857
118,1257,"s071","m0",0.847502408987823,0.0918462493320193,-0.690638335593536,-1.40309457227548
119,1259,"s071","m0",0.902518617366161,0.176989303087135,-0.54609414549532,-1.02755991284501
120,1267,"s071","m0",0.944540447918973,0.139210710866084,-0.473601690942575,-2.93966571032082
121,1277,"s071","m0",0.913662077105078,0.0399922758877461,-0.818915462712997,-2.74586040249611
122,1289,"s071","m0",0.866681939102701,0.0537846487628415,-0.575197868114904,-0.825747382202221
123,1299,"s071","m0",0.992103865040073,0.230887980404403,-0.429053535753092,-1.62509120118312
124,1312,"s071","m0",0.947298583235392,0.16148670386872,-0.30477147532517,-1.50758352658147
125,1327,"s071","m0",0.921979031171165,0.162312462170918,-0.488266923964858,-1.36551299864924
126,1332,"s071","m0",0.869405614686904,0.143632807095439,-0.593827929210989,-1.64048420411816
127,1362,"s071","m0",0.941369622126623,0.153692892861574,-0.535670453653106,-1.56345658601914
128,1364,"s071","m0",0.8883128149614,0.0605363117130959,-0.684528847003399,-2.03031137317394
129,1369,"s071","m0",0.880634264789304,0.099519921286698,-0.529204807625912,-1.29764564774252
130,1378,"s071","m0",0.857635437157642,0.0801650259450068,-0.618135142220317,-0.381366612977088
131,1379,"s071","m0",0.896030152881825,0.113760269294677,-0.627013641767743,-0.731079650468544
132,1393,"s071","m0",0.942392557713268,0.142186921990647,-0.377974454498869,-1.70113974739457
133,1396,"s071","m0",0.859509075837584,0.0783365916041677,-0.706450165585934,-0.987707752012217
134,1415,"s071","m0",0.93645769445549,0.166803541571568,-0.620180310422469,-1.70189359830976
135,1437,"s071","m0",0.965032478700218,0.192822911374333,-0.441551563113584,-2.06253507666266
136,1442,"s071","m0",0.852677136239886,0.056065765574972,-0.541094398872098,-0.974171546545145
137,1443,"s071","m0",0.950112297759923,0.192409524598763,-0.558523778303302,-1.71734133066637
138,1451,"s071","m0",0.827738016651044,0.0782756353336108,-0.894013263564248,-0.826946344660045
139,1456,"s071","m0",0.895849036366165,0.0982130418545861,-0.71322942433595,-2.21181234871914
140,1483,"s071","m0",0.873303950521776,0.0715290227431141,-0.545038668316238,-1.02280930420835
141,1484,"s071","m0",0.894989533467424,0.136796211855586,-0.527562659718634,-1.14365203225374
142,1510,"s071","m0",0.915705336693189,0.0864826776811111,-0.56807862208893,-1.45563440239948
143,1534,"s071","m0",0.841244265798099,0.0837839821467911,-0.687799465668212,-0.966944251642009
144,1535,"s071","m0",0.989727121845326,0.198154054904519,-0.385153141037532,-2.00798320964679
145,1546,"s071","m0",0.897815766561977,0.129769490390091,-0.595506510264219,-1.32668140983626
146,1548,"s071","m0",0.868318597370436,0.0996484194196201,-0.559243235834109,-0.964864713827276
147,1550,"s071","m0",0.975052097758137,0.198542247527852,-0.44149210493713,-2.4419535236926
148,1560,"s071","m0",0.862787086186806,0.126906224338153,-0.818146820733822,-0.323136223508044
149,1566,"s071","m0",0.805163492702672,0.0342844463182304,-0.632853991752267,-0.518180628566594
150,1588,"s071","m0",0.835265008280709,0.145973449711593,-0.611971488344251,-0.732712746968729
151,1590,"s071","m0",0.858471283703384,0.101235626653928,-0.602879685446453,-0.667833002678392
152,1628,"s071","m0",0.937824789467414,0.14267214554005,-0.592886568710776,-1.73970137992007
153,1633,"s071","m0",0.931886350783412,0.168663542758483,-0.642384938879636,-1.55065210411986
154,1642,"s071","m0",0.965991200032086,0.19947560284364,-0.461322222706486,-2.28173645134295
155,1652,"s071","m0",0.923712965307905,0.203593026241122,-0.436759442072511,-1.75131135096139
156,1657,"s071","m0",0.882877456220655,0.158103691366471,-0.540517868435358,-1.06699677869445
157,1667,"s071","m0",0.835510504472942,0.0977178162256289,-0.546479104562588,-1.00442545662359
158,1675,"s071","m0",0.901634270044874,0.184114788241502,-0.547645524022104,-0.957008377822741
159,1708,"s071","m0",0.973099685444504,0.198037843096062,-0.536671013736545,-2.96166545183419
160,1715,"s071","m0",0.874412497896923,0.13644857409131,-0.665037971544549,-1.40195944940652
161,1732,"s071","m0",0.804918569731782,0.0396014502759776,-0.661610260801609,-0.784404244164416
162,1737,"s071","m0",0.8820881622703,0.0738432741466279,-0.689195894523688,-1.29284334282337
163,1750,"s071","m0",0.942814347391796,0.128293058864579,-0.516296720582365,-2.08147874961373
164,1771,"s071","m0",0.876812690627665,0.160176600426891,-0.557086739554263,-0.42986795796912
165,1775,"s071","m0",0.838864593643517,0.0956279890739965,-0.6728283138186,-0.587297649385862
166,1777,"s071","m0",0.935905788363765,0.160008376083505,-0.553210731379441,-1.24818554922245
167,1779,"s071","m0",0.871008246601282,0.0299449859666636,-0.573064703587466,-1.26942148764292
168,1780,"s071","m0",0.896215751667555,0.11337611019754,-0.579506407618105,-1.55610869400332
169,1787,"s071","m0",0.781246536755428,0.0430685164742014,-0.868908628532819,-0.403011030028324
170,1798,"s071","m0",0.881781840070301,0.114063090647874,-0.682376039970312,-1.63599490804328
171,1801,"s071","m0",0.951622080661212,0.243821307110824,-0.661929661056817,-1.69688906238856
172,1835,"s071","m0",0.894335813712955,0.136730267913795,-0.606541272629356,-1.42628448731997
173,1843,"s071","m0",0.845796196018114,0.062045197884118,-0.5891406615771,-1.14234305372468
174,1855,"s071","m0",0.886624241334348,0.148420928676315,-0.663979540090382,-1.01006916449959
175,1876,"s071","m0",0.849732454254117,0.0522989054790118,-0.553194574222964,-0.656869686482782
176,1892,"s071","m0",0.939452853995078,0.0594595939565674,-0.478540184269905,-2.20425637546325
177,1894,"s071","m0",0.932263707853147,0.171817582906889,-0.583726030468344,-1.74386360963342
178,1907,"s071","m0",0.886971186242913,0.128055375307932,-0.569725386259821,-1.23102802562257
179,1916,"s071","m0",0.862522539247819,0.199677611831664,-0.607668932806793,-0.312061285188526
180,1919,"s071","m0",0.863545074364369,0.109039819721983,-0.634332977228383,-0.780718018245145
181,1943,"s071","m0",0.941879113751848,0.155638369598331,-0.491475207120334,-2.94359153357784
182,1944,"s071","m0",0.906413411228681,0.159814284025384,-0.638858153794181,-1.5996291803969
183,1945,"s071","m0",0.913019244409418,0.138427735866377,-0.628730039651413,-1.15126335127849
184,1954,"s071","m0",0.891157698790682,0.0609236482669765,-0.601049852059591,-0.954095746321652
185,1974,"s071","m0",0.931202898138454,0.0985128879673786,-0.464930159143208,-1.67744680871582
186,1978,"s071","m0",0.879166057719207,0.0709266327827658,-0.61448620515008,-0.783604417021367
187,1987,"s071","m0",0.966153855113724,0.182563825377374,-0.415373880981444,-1.45718439459769
188,1998,"s071","m0",0.860828258312984,0.0444450464704514,-0.857187083050004,-2.06556092189043
189,2018,"s071","m0",0.811193814401606,-0.0397875650260131,-0.704657188078661,-0.559067502352339
190,2022,"s071","m0",0.864711185356677,0.142725993858973,-0.608032059552426,-0.796209324241484
191,2029,"s071","m0",0.832779999997145,0.0857869412278474,-0.701017987805754,-1.12616279679869
192,2038,"s071","m0",0.957472129049744,0.183451781929292,-0.523070455151933,-2.51120994931606
193,2051,"s071","m0",0.925543607463669,0.157673330102585,-0.527637919362145,-1.59280854530035
194,2058,"s071","m0",0.873654008496681,0.0981218461625017,-0.664550889263865,-1.43422689783756
195,2067,"s071","m0",0.904288459232719,0.111318407395025,-0.46645528603427,-1.12564913264778
196,2072,"s071","m0",0.8659846009412,0.0864366322400355,-0.783122212608172,-0.791348971382682
197,2078,"s071","m0",0.912440948537341,0.121227131258086,-0.495944474963451,-0.907272596768986
198,2086,"s071","m0",0.97285548705017,0.155652159733116,-0.497462359401016,-2.500672010472
199,2095,"s071","m0",0.924564002162081,0.0953806787590651,-0.517029623968482,-2.05341212666874
200,2110,"s071","m0",0.914829143118395,0.0790814656375852,-0.571246802584483,-1.37873649980965
201,2113,"s071","m0",0.844071254933472,0.0644801417111436,-0.519429672387123,-0.576619330969551
202,2127,"s071","m0",0.872475445138536,0.101482968428992,-0.500491724516052,-1.17763850252976
203,2134,"s071","m0",0.981532266163192,0.171767908110651,-0.353694155063785,-1.97464743257748
204,2141,"s071","m0",0.882595164651213,0.124268327084825,-0.564708117403954,-1.09143668657825
205,2142,"s071","m0",0.776366893148529,0.109113307523082,-0.719760244224387,-0.311071251648919
206,2150,"s071","m0",0.907424108977531,0.113975338561021,-0.76539790227548,-1.67011661923671
207,2151,"s071","m0",0.992134144800551,0.181066553797642,-0.420384237606196,-2.46634249292494
208,2155,"s071","m0",0.916027156572622,0.075534825948155,-0.590185294849036,-1.80692956931318
209,2158,"s071","m0",0.94288200762478,0.143414977809211,-0.365653095281355,-1.70299031906739
210,2159,"s071","m0",0.94473103596096,0.126915802682322,-0.576287761941619,-1.64640479606174
211,2161,"s071","m0",0.87844904947648,0.0954002858102938,-0.535329560151739,-0.982617739834835
212,2165,"s071","m0",0.949777268883193,0.161124436201591,-0.491575602284351,-2.26011225225422
213,2203,"s071","m0",0.957143832438418,0.11053505316965,-0.454359596035356,-1.60272938966987
214,2208,"s071","m0",0.957060252995202,0.193238598253336,-0.434881756804456,-1.30211094851053
215,2216,"s071","m0",0.871463868078538,0.0962556977546269,-0.745196494268165,-1.14514875844417
216,2231,"s071","m0",0.904239444826314,0.0634366881811685,-0.555098700413681,-0.975715697274818
217,2234,"s071","m0",0.834055216907522,0.0850856892254886,-0.781007685886174,-0.395966414680497
218,2244,"s071","m0",0.910885086410166,0.184431488346187,-0.487813146724938,-1.54676251088641
219,2251,"s071","m0",0.939054046271996,0.16771721227263,-0.433550350807773,-1.65594405487282
220,2264,"s071","m0",0.902217339475666,0.024878010055215,-0.591037304968336,-2.00211917140639
221,2288,"s071","m0",0.912104964533795,0.160216370810188,-0.610759462092143,-1.51101671059352
222,2291,"s071","m0",0.876204419674217,0.0339945885359435,-0.57200931458179,-1.40604444463201
223,2297,"s071","m0",0.865050657668535,0.045755812529583,-0.692902921925561,-0.732790643596938
224,2299,"s071","m0",0.93231782281481,0.223640434984072,-0.423877395466964,-1.14470056399094
225,2309,"s071","m0",0.881471649737966,0.102239397140791,-0.755775412664558,-1.44114709146657
226,2318,"s071","m0",0.955679056334226,0.16767470672885,-0.502939668896664,-1.60009531913565
227,2358,"s071","m0",0.89807963011045,0.112618247401994,-0.571451299753974,-0.969006659922316
228,2379,"s071","m0",0.95527588269515,0.15214483963387,-0.387396895335576,-1.614148165301
229,2385,"s071","m0",0.923966186536139,0.158027639945602,-0.433213951296831,-0.896246085514919
230,2404,"s071","m0",0.878557472361846,0.114772249513568,-0.509521280421419,-0.820228953147178
231,2416,"s071","m0",0.904319988307906,0.118118603822195,-0.463915429855189,-1.46011105082696
232,2432,"s071","m0",0.908481251707599,0.182573002955056,-0.527151551350319,-1.25282782060284
233,2435,"s071","m0",0.82655574378023,0.11369622442852,-0.817385879575578,-0.464765541144809
234,2437,"s071","m0",0.82519054419106,0.0372835081425391,-0.652193441656437,-0.687835188560881
235,2451,"s071","m0",0.81843206326086,0.00237757830023514,-0.689594896571574,-0.4535958891471
236,2454,"s071","m0",0.883208263704597,0.087375644377419,-0.585897784733939,-1.34197746443751
237,2465,"s071","m0",0.840101355468933,0.0748709098969085,-0.674707340734745,-1.39508124038043
238,2479,"s071","m0",0.938129851129488,0.145197992605553,-0.58206260923972,-1.85199629961187
239,2518,"s071","m0",0.919587330752196,0.136135799795566,-0.494387626356883,-1.34011010092013
240,2521,"s071","m0",0.899564904570918,0.193177716924884,-0.725102070443434,-1.45539625466019
241,2534,"s071","m0",0.929257317533664,0.116173200135461,-0.511437795338702,-2.69106470769217
242,2538,"s071","m0",0.850634959968433,0.0825806074505588,-0.550872840550939,-0.364293621807346
243,2549,"s071","m0",0.871674078404011,0.12955821463134,-0.56105970486668,-0.705705011746626
244,2551,"s071","m0",0.875371837726973,0.108175991442501,-0.764776701598418,-1.11845281603382
245,2555,"s071","m0",0.837598397750075,0.0907881114162374,-0.643161859734918,-0.871584571465713
246,2562,"s071","m0",0.850820982637949,0.0717293759251766,-0.53712844007481,-0.322092305841929
247,2567,"s071","m0",0.967426943996311,0.208924701048254,-0.435795687990054,-1.936281917328
248,2572,"s071","m0",0.897814553578333,0.120531640184798,-0.686714107492846,-1.60398376093932
249,2573,"s071","m0",0.833810484734406,0.0595621408938498,-0.628481289708264,-1.28320291663774
250,2577,"s071","m0",0.8651903821185,0.0635125736417811,-0.564032861134997,-0.617997070356667
251,2579,"s071","m0",0.939545157821843,0.198281305356974,-0.50083805091438,-1.63251192156605
252,2593,"s071","m0",0.938139823825433,0.16986853804125,-0.40586791472769,-1.01786256527104
253,2597,"s071","m0",0.817963666884344,0.104446919289556,-0.653616888933596,-0.55866076621174
254,2605,"s071","m0",0.908400211123456,0.139940761658934,-0.404654836096914,-1.82512104109498
255,2619,"s071","m0",0.786545665918158,0.0586022533657556,-0.755426168556838,-0.420628953154794
256,2624,"s071","m0",0.933584717943949,0.180549596796675,-0.557408712393194,-1.7762468908044
257,2644,"s071","m0",0.9211523387139,0.15945925134078,-0.596038620316738,-1.35236548217545
258,2649,"s071","m0",0.95385353495601,0.172198070089507,-0.476356926507485,-2.15938868454562
259,2674,"s071","m0",0.897584402612516,0.132620976326637,-0.497590818772951,-1.24736614795372
260,2675,"s071","m0",0.810165207812618,0.013797563474672,-0.610155509279739,-0.746351847563181
261,2689,"s071","m0",0.956743200284489,0.195444527609705,-0.660696654023775,-2.62758216529314
262,2695,"s071","m0",0.907403393187104,0.119769632726771,-0.591907215318555,-1.41590474201468
263,2697,"s071","m0",0.941024106909058,0.154026579355241,-0.653486999044745,-2.18832311216262
264,2708,"s071","m0",0.864511100998344,0.0446204005418664,-0.794439980410062,-1.05538299793157
265,2714,"s071","m0",0.914112674491713,0.11642082641187,-0.419310908853462,-0.873786962875186
266,2717,"s071","m0",0.975499128041097,0.143403519130935,-0.47690259202362,-2.48993355708689
267,2753,"s071","m0",0.990199827147701,0.208107571993535,-0.356898584284665,-2.28653863605326
268,2767,"s071","m0",0.932292499849765,0.146005442805095,-0.563278951668713,-2.15249936642671
269,2770,"s071","m0",0.884656015260239,0.0869165846641288,-0.543603759348309,-1.08359098429736
270,2774,"s071","m0",0.90881367673052,0.0607393188979331,-0.641168695230247,-1.35072269830984
271,2783,"s071","m0",0.938128399818036,0.139075907618098,-0.395194642630133,-2.04858031614354
272,2808,"s071","m0",0.838328199369101,0.0285942142767848,-0.827711569902435,-1.99344260094196
273,2818,"s071","m0",0.891960301323863,0.0911340924914901,-0.589643791377806,-1.34468511362439
274,2830,"s071","m0",0.93231999665432,0.109182872161591,-0.622358998832119,-1.61475065478985
275,2866,"s071","m0",0.753555577120783,0.0122014799995276,-1.303448604588,-0.376570809115064
276,2882,"s071","m0",0.967217542534103,0.193966130295395,-0.545124236056247,-1.91947934541181
277,2893,"s071","m0",0.851519318180246,0.104055190375048,-0.626617069166145,-0.52232851501628
278,2910,"s071","m0",0.946006181538526,0.121385427630928,-0.492922394356242,-2.01908437764562
279,2937,"s071","m0",0.929419245386233,0.131465163430868,-0.462343980010095,-1.09062330729785
280,2949,"s071","m0",0.87656241447799,0.0453770484401223,-0.500644916798994,-1.4176536275046
281,2960,"s071","m0",0.915616699221363,0.134307886531407,-0.50543300849059,-1.49787404765869
282,2970,"s071","m0",0.905792569500135,0.125959715785994,-0.631256925183178,-1.14531820875658
283,2977,"s071","m0",0.932650222308347,0.153433802018584,-0.514117657612336,-1.67012659569651
284,3005,"s071","m0",0.978389512033822,0.187230609505316,-0.370848137102484,-1.63959679320507
285,3023,"s071","m0",0.892189740976569,0.0501664902422469,-0.527792972002634,-1.55376148077621
286,3035,"s071","m0",0.859537118473526,0.118591534319285,-0.616708629833564,-1.49399918019938
287,3043,"s071","m0",0.996688208050028,0.139380970732769,-0.425492123622547,-2.71492847070842
288,3055,"s071","m0",0.915239877406413,0.149924369696339,-0.573725764165523,-0.90239803485504
289,3058,"s071","m0",0.973278542469372,0.187947272313653,-0.540206890458119,-2.10706356689026
290,3059,"s071","m0",0.849618136796917,0.101999651556223,-0.601411859715425,-0.8300509501182
291,3062,"s071","m0",0.920331690528889,0.137641743768051,-0.713182176112012,-3.03642487133206
292,3072,"s071","m0",0.914540411698622,0.0657842369137425,-0.549735386380108,-1.83331164570648
293,3077,"s071","m0",0.876695794321762,0.0696338782902741,-0.654458764267747,-1.08984999728437
294,3101,"s071","m0",0.905322636944968,0.171511889778287,-0.631148987891856,-1.2125062809114
295,3153,"s071","m0",0.991361029916252,0.20892453396171,-0.454181131946407,-2.19975184596625
296,3159,"s071","m0",0.917199659567295,0.204540696102887,-0.575508175985683,-1.11879021158569
297,3164,"s071","m0",0.907929581192505,0.00415385929523797,-0.585862678465182,-2.41554797343848
298,3171,"s071","m0",0.92093646577555,0.151591940444586,-0.601160237758024,-1.2255417097811
299,3193,"s071","m0",0.858478503329224,0.0740863340698392,-0.743725271572326,-0.996910660569756
300,3201,"s071","m0",0.912735935444262,0.121181264272187,-0.618054832074738,-1.96760588465863
301,3202,"s071","m0",0.905986922981612,0.104407239695763,-0.630467265039406,-1.36022978379667
302,3226,"s071","m0",0.951985183122318,0.217846961619599,-0.534176463559493,-1.29868673531423
303,3227,"s071","m0",0.870861566699482,0.099364389986423,-0.695041448837745,-0.529721149957681
304,3232,"s071","m0",0.969979503461393,0.218145716062462,-0.574855016755679,-1.34536438216134
305,3235,"s071","m0",0.901552001876251,0.118871790500397,-0.540038304386457,-2.12278580656748
306,3251,"s071","m0",0.852205082793521,0.0480346907265815,-0.62440253871709,-1.08440355291299
307,3262,"s071","m0",0.887241462423639,0.0839718044650043,-0.599004119425501,-1.39053191074061
308,3265,"s071","m0",0.894476728093043,0.0426990733213211,-0.687611714013559,-1.47779153373832
309,3278,"s071","m0",0.913101314560541,0.0818622468106055,-0.607860081759329,-1.45420821295038
310,3298,"s071","m0",0.936523351754209,0.169914994681893,-0.608314841595774,-1.74517668020022
311,3323,"s071","m0",0.893206046653573,0.0862309398520386,-0.60414976142281,-2.18370574563318
312,3327,"s071","m0",0.914893501149958,0.110169298033939,-0.515059638749146,-1.67979232053143
313,3341,"s071","m0",0.864861928188142,0.108022404364272,-0.53235458290653,-1.04657421259039
314,3343,"s071","m0",0.815945352677293,-0.00770629503000487,-0.785849655166581,-0.798478454702923
315,3350,"s071","m0",0.928798435591874,0.0978353554121914,-0.534537851821342,-2.19028666763723
316,3353,"s071","m0",0.820935002069413,0.0937154746540129,-0.801676818313375,-1.11893044926834
317,3364,"s071","m0",0.933423897713402,0.0965824066368057,-0.518110871321581,-1.27451202455882
318,3372,"s071","m0",0.945864278650348,0.208293035367162,-0.507471130959525,-1.0791517634672
319,3384,"s071","m0",0.956044134832803,0.23895390334213,-0.503625696734321,-1.46751961826804
320,3416,"s071","m0",0.856016055214944,0.0605013728280088,-0.633014233637699,-0.969418820377816
321,3447,"s071","m0",0.8741796068345,0.113406431514351,-0.605316680228265,-0.717612856164265
322,3449,"s071","m0",0.938732191574706,0.18903127254206,-0.494807888893926,-1.62407024393673
323,3450,"s071","m0",0.882217681232273,0.0556865213953322,-0.564996330012684,-1.71822085900104
324,3484,"s071","m0",0.928461657921661,0.170688060534489,-0.487304843429112,-1.27851381990196
325,3489,"s071","m0",0.888664327314945,0.093843023752558,-0.703836870831284,-2.01300514784911
326,3492,"s071","m0",0.926014935987872,0.19114300209182,-0.472544541007874,-1.08300493807253
327,3501,"s071","m0",0.894829285753526,0.0492845825878612,-0.68631785644548,-2.52305796506296
328,3523,"s071","m0",0.889386298396613,0.0741300935370601,-0.557992229308869,-1.91607826754467
329,3531,"s071","m0",0.899950881254445,0.143951700787147,-0.56855480476716,-1.83047094368951
330,3562,"s071","m0",0.894102682919714,0.176849733344746,-0.562554400171757,-1.30768130902366
331,3564,"s071","m0",0.939719867819183,0.167325299116584,-0.440060255728028,-1.66044756733545
332,3569,"s071","m0",0.953422464101053,0.144857321905296,-0.562631231543048,-2.56370525592547
333,3579,"s071","m0",0.878468998918197,0.103531264701347,-0.709366543973022,-0.916996081608182
334,3598,"s071","m0",0.948781368180192,0.11228181425661,-0.600537872337782,-1.79686507860991
335,3600,"s071","m0",0.936817576058223,0.132527713437974,-0.538280041621963,-2.55477574151114
336,3612,"s071","m0",0.916964169283499,0.083459802686052,-0.604646908633013,-1.35891581155794
337,3628,"s071","m0",0.933746650953435,0.139847145958831,-0.510431979464195,-2.42023391490804
338,3631,"s071","m0",0.963554656179408,0.147629312504615,-0.640384737756457,-2.42459673870525
339,3632,"s071","m0",0.886064746463877,0.091480199290362,-0.69579042186917,-1.04556954193835
340,3639,"s071","m0",0.85808746261089,0.118507321146298,-0.62562777091389,-1.31521965687257
341,3643,"s071","m0",0.915542556067669,0.172079233857813,-0.466677286858795,-1.36299590018968
342,3644,"s071","m0",0.919110603816065,0.137176302260306,-0.516670758678049,-1.03787398676078
343,3654,"s071","m0",0.892017822437439,0.14772568564166,-0.693785997690717,-1.58568917859323
344,3658,"s071","m0",0.867126359991221,0.0741121220196478,-0.688234300696757,-1.63452247684309
345,3690,"s071","m0",0.917616889431096,0.128860310112321,-0.540388908036493,-1.14046609073246
346,3699,"s071","m0",0.808097495149754,0.0440335957925011,-0.620448192473476,-0.68896777900904
347,3711,"s071","m0",0.947683999768559,0.187557257360234,-0.623370156037238,-2.17326815489354
348,3764,"s071","m0",0.870539629799298,0.140613194036318,-0.632884004688543,-1.65113800622495
349,3774,"s071","m0",0.895493551495448,0.156815148285025,-0.599209964871277,-0.955986818223157
350,3783,"s071","m0",0.912203166628441,0.175087686433109,-0.559485369524178,-0.946598147886036
351,3799,"s071","m0",0.992513116488218,0.264229192332104,-0.515279634170059,-1.59691952886594
352,3806,"s071","m0",0.877601819742135,0.116265199059467,-0.795499192106068,-1.97981529785901
353,3819,"s071","m0",0.91587033163953,0.134129835687184,-0.53724779457986,-1.16873744127494
354,3858,"s071","m0",0.994893011349958,0.165064370410601,-0.375769508616457,-1.64717601449536
355,3876,"s071","m0",0.834432131117185,0.0838131578487124,-0.642463321000169,-0.601764201726782
356,3885,"s071","m0",0.892529091688749,0.103749989203955,-0.619161576930423,-1.52930132613365
357,3899,"s071","m0",0.962840068569513,0.189478140573351,-0.598655405706897,-1.12655679710052
358,3924,"s071","m0",0.92090555961158,0.142526355077206,-0.563737432177433,-1.15517703871245
359,3942,"s071","m0",0.862362505865705,-0.00532455317567337,-0.828039949912197,-1.4075323653402
360,3975,"s071","m0",0.918524177898384,0.148963667580679,-0.542581700874124,-1.41910629586252
361,3980,"s071","m0",0.918241053578766,0.161313910358652,-0.390754271963725,-1.18160168523372
362,3997,"s071","m0",0.837860684282168,0.0634843168689516,-0.650155012638627,-0.793679292998136
363,3999,"s071","m0",0.86729005473951,0.143730627005175,-0.76134800073947,-1.3382538900395
364,4005,"s071","m0",0.901847798920992,0.190981240453752,-0.592468561853975,-0.695690733213944
365,4051,"s071","m0",0.939139503156175,0.168738679513905,-0.573058726249313,-1.41195334666259
366,4056,"s071","m0",0.936381771982739,0.265058554252404,-0.668760047243747,-1.65910252442425
367,4068,"s071","m0",0.989647390393607,0.188002219802448,-0.457631946708765,-2.12443613656185
368,4083,"s071","m0",0.902972444723315,0.113418911604249,-0.594251246422612,-1.96652128812335
369,4090,"s071","m0",0.851910931052625,0.111998464676593,-0.582077308667994,-0.717499337534661
370,4091,"s071","m0",0.858677711476411,0.0674950969782465,-0.535059927432854,-1.44097574794138
371,4094,"s071","m0",0.886937867489897,0.130184473828854,-0.441674405014132,-0.891044200213437
372,4109,"s071","m0",0.942005677499509,0.149749704755619,-0.507550043697386,-2.15665455729951
373,4115,"s071","m0",0.903988348686518,0.0858990581363263,-0.747348174998815,-1.21875073479325
374,4119,"s071","m0",0.881215137042584,0.14662032430893,-0.574648296347007,-1.15915297913302
375,4133,"s071","m0",0.891866549326385,0.112731567218165,-0.849851711914107,-1.10599979239667
376,4160,"s071","m0",0.840145804114257,-0.034182370210852,-0.788934424159793,-0.745603759690167
377,4178,"s071","m0",0.824633990764869,0.0683033383654302,-0.511564205291048,-0.569879069185285
378,4186,"s071","m0",0.925679208112128,0.141711810947916,-0.45883050602032,-1.81001960768226
379,4197,"s071","m0",0.913887077361229,0.132465126207037,-0.501035133274723,-2.38895553748281
380,4198,"s071","m0",0.954495083931523,0.226513470206491,-0.487981648783939,-1.98735116530201
381,4199,"s071","m0",0.954774448302776,0.194428582252911,-0.326500015491584,-1.53087838981745
382,4207,"s071","m0",0.869399837135285,0.0326380218073313,-0.629701336638688,-0.784431973699945
383,4216,"s071","m0",0.838061696674065,0.0257423332814011,-0.832065040138326,-0.993011712714501
384,4220,"s071","m0",0.922433405792558,0.18509498461568,-0.57395249014447,-1.30076235609836
385,4226,"s071","m0",0.861340162885215,0.13095522371658,-0.770374595764609,-0.871377333236882
386,4251,"s071","m0",0.925157143541246,0.132570257547148,-0.437502083916278,-1.00433566949762
387,4257,"s071","m0",0.923345065246019,0.116044194854246,-0.723828688704539,-2.86023954889225
388,4261,"s071","m0",0.930729715420123,0.139910177217687,-0.718002996752931,-1.60133775022417
389,4269,"s071","m0",0.901530304487994,0.105842000574212,-0.686665819272697,-1.0758272357583
390,4279,"s071","m0",0.833423890181189,0.0172428275391536,-0.684714358972079,-0.902610025484314
391,4292,"s071","m0",0.912628471271286,0.128669478541225,-0.484796652772909,-0.922737646653957
392,4293,"s071","m0",0.885245816353149,0.163056557438015,-0.550321047535678,-1.01147257782212
393,4318,"s071","m0",0.848490137643085,0.0948155606786953,-0.592272103572668,-1.07433794416391
394,4334,"s071","m0",0.892566068459166,0.119702290868343,-0.585304613620907,-1.19912437015843
395,4354,"s071","m0",0.83704418463868,0.0412200653767234,-0.590786828526526,-0.894871555547188
396,4356,"s071","m0",0.907151603458269,0.113106775369601,-0.768859136048515,-2.3138935005385
397,4361,"s071","m0",0.904277765273061,0.0990471220154878,-0.678876356019433,-1.54199215429661
398,4362,"s071","m0",0.984032586960019,0.141890830077031,-0.437066150921757,-2.99482274933144
399,4366,"s071","m0",0.975115207676802,0.194093391485435,-0.412145709362708,-1.96697542200157
400,4372,"s071","m0",0.853692629046643,0.0936019891281245,-0.593317668213574,-0.51801719994832
401,4401,"s071","m0",0.898827302881547,0.0951549302356337,-0.542474466135951,-1.30669843982968
402,4425,"s071","m0",0.911961629595865,0.114968888982404,-0.49365759758149,-1.71782404117449
403,4442,"s071","m0",0.954862609505496,0.199901698662835,-0.46564390567553,-1.40121599531006
404,4447,"s071","m0",0.974619550081864,0.188234055871369,-0.401755196894474,-2.09528633591471
405,4451,"s071","m0",0.925045607151964,0.141063037486591,-0.551018337942142,-1.87532326298616
406,4464,"s071","m0",0.89497723340793,0.0740794714209672,-0.680197892284355,-2.15979629426674
407,4485,"s071","m0",1.01036165134375,0.239023425078206,-0.341738306648175,-2.58660329452598
408,4495,"s071","m0",0.910056124389669,0.199737535835984,-0.492997938585784,-1.01785395254744
409,4500,"s071","m0",0.921362969078047,0.105141730845736,-0.555022849880888,-2.34178962857774
410,4526,"s071","m0",0.883101950982185,0.0669586781008063,-0.532538772892814,-1.065613426267
411,4540,"s071","m0",0.862413790665602,0.037213026244296,-0.644259601344522,-1.07632917077239
412,4552,"s071","m0",0.938947699685406,0.18512041793909,-0.571511772481966,-1.8424339100251
413,4597,"s071","m0",0.960495295238527,0.190655666373866,-0.608671811835549,-2.00354039448042
414,4608,"s071","m0",0.895441919771448,0.129950598511324,-0.513464146279051,-1.31724286831729
415,4624,"s071","m0",0.889861224139494,0.104751941585899,-0.560401673721584,-1.95360342549714
416,4650,"s071","m0",0.979167532812128,0.202735409392941,-0.387602590294777,-1.16386548308623
417,4676,"s071","m0",0.952747172501212,0.162278682053053,-0.604049908920386,-2.26157718664497
418,4685,"s071","m0",0.896069920134325,0.132959608666085,-0.54788804963017,-1.92626065509282
419,4699,"s071","m0",0.922966759897423,0.165453448571208,-0.430298658610806,-1.19343633163234
420,4705,"s071","m0",0.989551044964321,0.175017675516351,-0.517270853688937,-2.91675302683167
421,4724,"s071","m0",0.791702203419326,0.00968899009174363,-1.01061250926323,-0.567008239511952
422,4730,"s071","m0",0.907020906906817,0.140835091042757,-0.467018947306238,-1.38135217434623
423,4740,"s071","m0",0.961223930164617,0.216706134980295,-0.45285967548012,-1.64924822783789
424,4746,"s071","m0",0.830749593687088,0.067956879319331,-0.762310893932778,-1.00713665206182
425,4747,"s071","m0",0.975825404213621,0.221689042831176,-0.522720712093297,-2.68840767188408
426,4748,"s071","m0",0.925595845194481,0.115890507475228,-0.714299785332147,-1.58552337356727
427,4752,"s071","m0",0.880167816098718,0.114505891013516,-0.598058823510706,-1.13439108440024
428,4753,"s071","m0",0.966567516688818,0.217328193857316,-0.508598578312211,-1.86596604337468
429,4797,"s071","m0",0.871833450788977,0.112250641052243,-0.702146888469639,-1.29085593108148
430,4806,"s071","m0",0.933825479909477,0.086971084412838,-0.608458131463767,-1.34101486174211
431,4807,"s071","m0",0.923624330864806,0.131307914489042,-0.516941080281989,-1.24703347823665
432,4824,"s071","m0",0.828588132199716,0.159554926963222,-0.72723961301203,-0.689489824709841
433,4845,"s071","m0",0.94253098151121,0.147252699323451,-0.572567815605726,-1.80560596663707
434,4849,"s071","m0",0.915350959877596,0.101193119319173,-0.585630088379386,-1.70002551901821
435,4882,"s071","m0",0.93127049721292,0.113406198579631,-0.482794885772873,-1.70650521315702
436,4884,"s071","m0",0.927730079778829,0.138681183380608,-0.596309869181492,-2.05199201153218
437,4886,"s071","m0",0.954081443509867,0.140054357857235,-0.511063485820759,-2.32619512201916
438,4899,"s071","m0",0.857205822418758,0.0536422234422543,-0.80520286343364,-0.844083392571454
439,4908,"s071","m0",0.923195978002063,0.115494687429882,-0.438431452689183,-1.56244301356921
440,4913,"s071","m0",0.87340905981095,0.165219040747076,-0.703876184490849,-0.828824495393619
441,4946,"s071","m0",0.881901991871114,0.115903424622948,-0.462227282720008,-1.01097390286542
442,4952,"s071","m0",0.895678221472145,0.150570962008684,-0.601926891143904,-0.912524134524693
443,4954,"s071","m0",0.940425391300594,0.117923692294644,-0.627391420547525,-1.16010925528493
444,4962,"s071","m0",0.916862178133412,0.0342893422937254,-0.633428991866235,-1.51288438066941
445,4963,"s071","m0",0.914650034230389,0.119869682204809,-0.289785699145264,-1.23958422981545
446,5017,"s071","m0",0.839407663648325,0.0758809754175313,-0.669043942360112,-0.568735543561715
447,5023,"s071","m0",1.03052660217278,0.223731128123988,-0.346504776509373,-2.63475108598236
448,5068,"s071","m0",0.867836519580212,0.0582232335494301,-0.75099056450329,-1.2744097334074
449,5081,"s071","m0",0.934313042283023,0.115751699668744,-0.433432752382456,-2.15294447203401
450,5087,"s071","m0",0.878978929238661,0.0645553968496527,-0.811738655515845,-1.06657795544688
451,5093,"s071","m0",0.964393638984049,0.165249986198469,-0.348253785452537,-1.85765830991472
452,5094,"s071","m0",0.934726089693349,0.149908432849621,-0.563082158842463,-1.9913432466674
453,5106,"s071","m0",0.939073131496979,0.195476691962904,-0.503229252084389,-1.30751968733633
454,5137,"s071","m0",0.919952590070941,0.167381198582791,-0.518790861032556,-1.51354983151385
455,5141,"s071","m0",0.870828416641775,0.0734807156615185,-0.648812896840594,-1.53044199397174
456,5142,"s071","m0",0.808069550585684,0.0596990411584402,-0.711148962010761,-0.806534200820069
457,5163,"s071","m0",0.914697983287353,0.160149592074337,-0.572624907094661,-1.3615614768583
458,5165,"s071","m0",0.9038277891572,0.091881645301748,-0.487536178190428,-1.1539954797498
459,5166,"s071","m0",0.981893747670118,0.180539723988873,-0.39442748119421,-1.94260270742377
460,5175,"s071","m0",0.827947021363777,0.0567880859910556,-0.669195771363308,-0.784046689547708
461,5184,"s071","m0",0.857300447923912,0.0927439427443574,-0.663387321347067,-0.999141011990519
462,5196,"s071","m0",0.804432232985969,0.0109919544856723,-0.693053541674785,-0.616301380687726
463,5199,"s071","m0",0.934684674652707,0.176540993535639,-0.535690282073404,-1.23983321684485
464,5224,"s071","m0",0.961191506147327,0.136157510625729,-0.503557982164423,-1.53706390849523
465,5225,"s071","m0",0.903385782336305,0.0514800521711607,-0.767195858172682,-1.60120409125288
466,5243,"s071","m0",0.897566572242522,0.0805971732797054,-0.493473773702906,-1.25288939929577
467,5248,"s071","m0",0.970905985983447,0.173839939668248,-0.423415856208767,-1.28870128932129
468,5252,"s071","m0",0.914005742743052,0.187109937022456,-0.5179564291335,-1.20858287532535
469,5253,"s071","m0",0.810752314036909,0.0602612924314605,-0.73115226812338,0.0408038664400832
470,5258,"s071","m0",0.819431599034763,0.0578935143049964,-0.711857791716927,-0.212767008078393
471,5261,"s071","m0",0.934489093081139,0.191195906141466,-0.439601080059367,-1.14028693396829
472,5262,"s071","m0",0.969520502911682,0.181262931624584,-0.520688221687898,-3.63966131872335
473,5272,"s071","m0",0.898070047968906,0.128020581366927,-0.488560789644164,-1.18661314733751
474,5283,"s071","m0",0.952979301807907,0.158346569376308,-0.675941663172946,-2.36788332798427
475,5308,"s071","m0",0.948797696176298,0.171302190278481,-0.574960374479277,-1.62858607123105
476,5322,"s071","m0",0.986890184305039,0.147625939538516,-0.489221175856261,-2.70904936774408
477,5328,"s071","m0",0.870543648774009,0.120027286517994,-0.750870067074709,-0.943606069445777
478,5355,"s071","m0",0.875251335173501,0.140052676160127,-0.65262619975653,-1.12096880875524
479,5357,"s071","m0",0.813690020833776,-0.00304784075721982,-0.633101113885701,-0.998630353118773
480,5359,"s071","m0",0.858546311333847,0.0991688849085625,-0.713115267413502,-1.05830423390908
481,5360,"s071","m0",0.875279289545752,0.164365843781731,-0.514355467452441,-0.844349021032384
482,5361,"s071","m0",0.877783158537052,0.0644169453176297,-0.467448194598579,-0.984413023566741
483,5362,"s071","m0",1.01241579053727,0.119823479599202,-0.379971985489192,-1.87268596501966
484,5367,"s071","m0",0.86059307542332,0.0184763735142738,-0.675286928386403,-0.682111085151185
485,5402,"s071","m0",0.856461260686947,-0.015686490442478,-0.675893896660698,-1.54683582117414
486,5405,"s071","m0",0.951956570389644,0.124283637160597,-0.445629048774365,-1.90006632963106
487,5410,"s071","m0",0.93091321792295,0.121603785836262,-0.51466150486877,-1.84271230933136
488,5423,"s071","m0",0.951277042900948,0.180345119527187,-0.440568551251692,-2.02854726683696
489,5427,"s071","m0",0.901191603778204,0.12735411363458,-0.548886521240503,-1.71236365776934
490,5428,"s071","m0",0.865925004893226,0.0688820156598609,-0.700714254964966,-0.839529254680029
491,5444,"s071","m0",0.813590974646123,0.0205213683968818,-0.656856025864152,-0.810894195892819
492,5447,"s071","m0",0.979668038204594,0.204851309286504,-0.403396191330321,-1.72135366461188
493,5455,"s071","m0",0.917601343080948,0.0995362085410485,-0.452480208679218,-1.8968943972
494,5456,"s071","m0",0.838793375379841,0.081531009546505,-0.631909586655131,-1.18050371469265
495,5494,"s071","m0",0.908065912506842,0.160407817837545,-0.560588645754377,-1.62643499041179
496,5505,"s071","m0",0.90316637504636,0.0967708514185999,-0.607977890704621,-1.70077193096224
497,5530,"s071","m0",0.966293741413293,0.144458596206104,-0.55210330343084,-1.86502706201836
498,5542,"s071","m0",0.827339137144234,0.0487557586396847,-0.712563908118581,-0.847670091835564
499,5550,"s071","m0",1.01825391480045,0.285995306870691,-0.304760109813138,-1.71305295588025
500,5558,"s071","m0",0.918847716824966,0.106594711587183,-0.444356608225435,-1.42002599797396
501,5563,"s071","m0",0.947049753524825,0.115733012550482,-0.470555079173223,-1.89405417957499
502,5589,"s071","m0",0.980305724554814,0.140967348460218,-0.415869669532706,-2.88286202568127
503,5599,"s071","m0",0.855916268269171,0.0900256499368093,-0.856799356598019,-0.944227566643082
504,5621,"s071","m0",0.863567574054881,0.061337800357188,-0.580288827558394,-0.842726013575514
505,5638,"s071","m0",0.980729900074167,0.211641002462567,-0.460553125769485,-1.59046940525636
506,5658,"s071","m0",0.804248576176831,0.108875914691906,-0.634950712445781,-0.46101665992893
507,5659,"s071","m0",0.908799916034063,0.117536932401883,-0.519184448805387,-1.88522659153243
508,5669,"s071","m0",0.89637589328292,0.117319049559093,-0.501512535602441,-0.873589263765162
509,5684,"s071","m0",0.94565152407843,0.173647268619308,-0.650130184028155,-1.403231942582
510,5709,"s071","m0",0.905658368631399,0.146337876166301,-0.497546686353343,-0.638459943972558
511,5766,"s071","m0",0.818291960887494,-0.0195608202976611,-0.74234828127513,-0.712342841605486
512,5769,"s071","m0",0.977101761016765,0.187448135386626,-0.575494696403704,-2.42296321538198
513,5808,"s071","m0",0.973128422745638,0.171513497226624,-0.367274248042986,-1.70818148905831
514,5833,"s071","m0",0.888695403069644,0.100528475906373,-0.608851089666582,-0.640518013679596
515,5838,"s071","m0",0.792203033417842,0.023735010472041,-0.664126951094777,-0.321932956437983
516,5854,"s071","m0",0.935313371081537,0.145608871461022,-0.323688232175836,-1.1745953007162
517,5868,"s071","m0",0.90998956008538,0.184191089111767,-0.496999251489133,-1.15312204289872
518,5871,"s071","m0",0.913238636911203,0.102877395269551,-0.788656413118131,-2.11476647985444
519,5872,"s071","m0",0.893054321275831,0.157448631470248,-0.501904210123038,-1.39201128132522
520,5887,"s071","m0",0.857269217721433,0.041487461421189,-0.82714175228662,-1.37283395563245
521,5898,"s071","m0",0.916451837983892,0.132507271369206,-0.367390416826673,-1.68927481373461
522,5906,"s071","m0",0.903268417485876,0.128744489270544,-0.73489843321972,-1.30796333834868
523,5927,"s071","m0",0.985011396266446,0.246995925433278,-0.450841189492607,-1.64609655024612
524,5928,"s071","m0",0.917292208441676,0.150372329475841,-0.585196722728564,-1.42816933322315
525,5942,"s071","m0",0.901880381222211,0.210296350718719,-0.613749955549526,-1.35110940481895
526,5945,"s071","m0",0.883577800435618,0.076509343572123,-0.607122507598812,-1.6278436342402
527,5957,"s071","m0",0.761993486477105,0.0741173416078029,-0.700475384752872,0.0753109969308224
528,5972,"s071","m0",0.949410990540062,0.113873433140747,-0.512618028533523,-2.53627283591006
529,5978,"s071","m0",0.85195731956248,0.0981882324260989,-0.636381465569456,-0.816996638893923
530,6001,"s071","m0",0.93234003784182,0.171591482586244,-0.451440627967615,-1.30082386616016
531,6027,"s071","m0",0.879830964974586,0.106213282647998,-0.694606086618973,-1.20565247652471
532,6030,"s071","m0",0.850341311644935,0.0422743825112105,-0.75462591973723,-1.40286075582146
533,6040,"s071","m0",0.909290684671193,0.129516036956134,-0.676592420573336,-1.11500439838965
534,6050,"s071","m0",0.924944885120799,0.152127528038424,-0.507884074572012,-1.76586750790632
535,6077,"s071","m0",0.929300290858715,0.126173738327657,-0.595871186472643,-2.00539902994171
536,6081,"s071","m0",0.887955329530563,0.156662957835785,-0.511964122439541,-1.08371504686135
537,6098,"s071","m0",0.969471574846947,0.135674870472695,-0.397750569641389,-1.87907883785112
538,6105,"s071","m0",0.968188365713479,0.179137958146413,-0.315723194812396,-1.99295729080975
539,6108,"s071","m0",0.911988634209449,0.0873645809368295,-0.454133396894134,-1.02416436082672
540,6109,"s071","m0",0.845985568578517,0.0768348134131825,-0.732735751674079,-0.482675791914799
541,6136,"s071","m0",0.950473808781754,0.167325866868385,-0.4275687176658,-2.26808050409679
542,6163,"s071","m0",0.931237376998073,0.0835591658041205,-0.470476105196482,-1.62961823654648
543,6168,"s071","m0",0.912757958619242,0.175887443930516,-0.368138406631247,-1.13287161647615
544,6175,"s071","m0",0.880556421861396,0.0716128065105408,-0.567648648852378,-0.983805568603071
545,6212,"s071","m0",0.92427874390594,0.163756818130081,-0.556704271147875,-1.45603800397362
546,6226,"s071","m0",0.923841165736108,0.154244523446849,-0.524979867168906,-0.894851483001008
547,6238,"s071","m0",0.897120265875399,0.179180814000241,-0.505732668955751,-1.10847903998382
548,6241,"s071","m0",0.900483864648467,0.0940164069408565,-0.54788719190698,-1.86122289730442
549,6246,"s071","m0",0.878766465691689,0.0835259777989559,-0.561736903958618,-1.20294056014618
550,6255,"s071","m0",0.919363817642707,0.0531857510801718,-0.5731286026731,-1.6307367996751
551,6275,"s071","m0",0.977776596203678,0.169888563038495,-0.488526665479955,-1.92761700520108
552,6287,"s071","m0",0.863055265410409,0.0609436286733441,-0.701192054964506,-1.00172529713154
553,6298,"s071","m0",0.964008925530446,0.230478537653226,-0.552540018232578,-2.60996060297101
554,6300,"s071","m0",0.97082857129617,0.130745530587583,-0.568873395897857,-2.43403304673706
555,6307,"s071","m0",0.912758352930837,0.217977440213673,-0.531703051582973,-1.22932488268897
556,6315,"s071","m0",0.807036480659701,0.0769387163601112,-0.739419219034156,-0.0508777882723341
557,6321,"s071","m0",0.90887852017911,0.0962771811185133,-0.616368885143764,-1.54531331800009
558,6324,"s071","m0",0.804135133802983,0.0214376869104235,-0.707156929667644,-0.0290758153268722
559,6348,"s071","m0",0.913335601108962,0.118485954270519,-0.528686189779991,-0.668994598416467
560,6360,"s071","m0",0.96899276092364,0.154285977973599,-0.455731057199519,-1.84180271070208
561,6361,"s071","m0",0.889746316284177,0.114142892244891,-0.557601218876886,-1.34774393973297
562,6367,"s071","m0",0.964069863590354,0.15234484482653,-0.454580509123492,-1.84255013622161
563,6376,"s071","m0",0.884775513053072,0.145047381114798,-0.694110869198415,-1.23378143404943
564,6429,"s071","m0",0.835145252091797,0.0574352779022163,-0.643874295136304,-1.01829388026004
565,6440,"s071","m0",0.883236411587497,0.0884074807404512,-0.644832887836771,-0.69975994821092
566,6464,"s071","m0",0.935888116115205,0.149812558478087,-0.494352194084978,-1.48417237113144
567,6481,"s071","m0",0.860698384763861,0.0630083579459984,-0.63613534695048,-1.16189853422551
568,6485,"s071","m0",0.968357244099237,0.210346385401235,-0.424764362391673,-1.88782389234137
569,6518,"s071","m0",0.884632496252866,0.0323227848449798,-0.577450735718966,-1.16177064309108
570,6527,"s071","m0",1.0122659457425,0.239028071305337,-0.393874088530416,-2.57625459142102
571,6533,"s071","m0",0.927531428760043,0.140541629424599,-0.479846824700874,-2.11574392869641
572,6555,"s071","m0",0.93990462853331,0.211648545238552,-0.510688478992911,-1.09975443643395
573,6558,"s071","m0",0.903926474199799,0.10761966609716,-0.474235854400512,-1.08315070466743
574,6565,"s071","m0",0.856255526704767,0.127943476641167,-0.62174229356927,-0.498327100367525
575,6599,"s071","m0",0.90835896061517,0.132706310000194,-0.48393379683328,-0.925416633798683
576,6605,"s071","m0",0.922296178285856,0.127901591364136,-0.577641386366258,-1.14177765074257
577,6624,"s071","m0",0.859693241222664,0.104245346995927,-0.639430204303013,-0.932164588381596
578,6631,"s071","m0",0.928269524666496,0.19132246048496,-0.410251281126919,-0.950036270242738
579,6638,"s071","m0",0.921547607805752,0.117794894944812,-0.579348021218147,-1.63726962681278
580,6644,"s071","m0",0.971828630267742,0.173588088416476,-0.429222134515299,-2.58599708215242
581,6653,"s071","m0",0.883520846199153,0.0754408024327048,-0.724327280249962,-1.69359875653842
582,6664,"s071","m0",0.972521475660627,0.182489097578016,-0.498738894427704,-1.82615924410651
583,6672,"s071","m0",0.988694418874073,0.195259163557509,-0.41002902362519,-1.68945075437337
584,6677,"s071","m0",0.85457723995256,0.0684874000012019,-0.71890924948991,-1.20727868603681
585,6680,"s071","m0",0.940868961275775,0.157274277989777,-0.522053951184173,-1.25349079229557
586,6688,"s071","m0",0.871768873190124,0.152065775224704,-0.678354893913069,-1.08348032819298
587,6693,"s071","m0",0.89130706670155,0.121891582919379,-0.549868141536603,-1.35458826644876
588,6717,"s071","m0",0.922663946394395,0.169037200646445,-0.590879884383784,-1.50146107214298
589,6721,"s071","m0",0.911874483419643,0.0948253991004122,-0.459718244379317,-1.59224830959966
590,6725,"s071","m0",0.924148143736326,0.0997290934645051,-0.497994341889387,-1.83968872768584
591,6752,"s071","m0",0.955302899509063,0.0812988516262278,-0.445787407836601,-1.32332160648817
592,6760,"s071","m0",0.93541338847757,0.161189756833158,-0.531928980753953,-1.24044144314301
593,6780,"s071","m0",0.929019202955755,0.170751544601425,-0.48132816108304,-1.54474600319468
594,6790,"s071","m0",0.873935211393225,0.108549425787522,-0.903924674590708,-1.13956224801246
595,6794,"s071","m0",0.8773466609794,0.119898759169428,-0.627689572999088,-1.31006155958443
596,6799,"s071","m0",0.882967663095722,0.0819216077089492,-0.516044085147604,-1.44490029772878
597,6802,"s071","m0",0.905555915217098,0.160811891610203,-0.543146429877923,-1.53745032267824
598,6811,"s071","m0",0.911062174172749,0.134992952359952,-0.418363887194082,-1.51523878644436
599,6815,"s071","m0",0.862249644481383,0.0962200355635335,-0.527423982897513,-1.15347262023637
600,6821,"s071","m0",0.930644339025,0.165335200696506,-0.440651668358617,-1.92455821265618
601,6862,"s071","m0",0.965594912669037,0.134954885153987,-0.469975400147715,-1.47966033779155
602,6868,"s071","m0",0.839657703620957,0.046270145697799,-0.607383381141701,-0.380496844296387
603,6876,"s071","m0",0.927045325800332,0.134017157025658,-0.597399047489709,-1.57192023893339
604,6898,"s071","m0",0.896010031095687,0.190549350548739,-0.698118651875686,-1.04347013325355
605,6906,"s071","m0",0.836647264326591,0.054196665704023,-0.684466150478746,-0.823778414857537
606,6913,"s071","m0",0.842134432886109,0.0957435442539105,-0.774353931159469,-0.706896308996034
607,6966,"s071","m0",0.958893033958864,0.2018707702895,-0.43000253182399,-0.992379585650686
608,6967,"s071","m0",0.78999053116718,0.0131988939867071,-0.709427118204509,-0.365504985415008
609,7014,"s071","m0",0.889554699994848,0.114952735901352,-0.532679291511667,-0.71456397215708
610,7015,"s071","m0",0.923327823971434,0.141759327551481,-0.509888838541175,-1.78006820819194
611,7031,"s071","m0",0.933429719624296,0.155335969115476,-0.586787578985709,-1.6122667643683
612,7043,"s071","m0",0.889660947404358,0.170611319724287,-0.619004093245038,-1.21941367011358
613,7044,"s071","m0",0.956312517898281,0.0809771549430545,-0.468415581668565,-2.04815670435695
614,7055,"s071","m0",0.895177394329135,0.069627947610455,-0.657884114617521,-1.30882812535635
615,7088,"s071","m0",0.988116957224048,0.194860201442875,-0.371280529995063,-2.76106103232606
616,7098,"s071","m0",0.87095990281959,0.0482979591083192,-0.695283840634396,-1.21895130037554
617,7101,"s071","m0",0.865002662257949,0.0794901228138823,-0.588515063582619,-1.90031103137975
618,7113,"s071","m0",0.887620236123444,0.0705158279272551,-0.547218077193694,-1.20694233041876
619,7118,"s071","m0",0.894157484326504,0.127223364816768,-0.659121784813436,-1.0183418416101
620,7119,"s071","m0",0.884169432914432,0.0269190442445761,-0.832961296896856,-3.30810890797559
621,7152,"s071","m0",0.892902676805895,0.0717460750722558,-0.539519134625665,-1.22344310752642
622,7157,"s071","m0",0.852025590019503,0.103194642601812,-0.569124707819787,-0.408943962398766
623,7166,"s071","m0",0.841822445592814,0.126603663712773,-0.717954325100869,-0.702788147435992
624,7168,"s071","m0",0.780579378795143,-0.00145845229424011,-0.784747555255185,0.0618837044459261
625,7174,"s071","m0",0.876675763440895,0.120635124004866,-0.556623435708558,-1.12358337678146
626,7198,"s071","m0",0.929604674650845,0.236960976621936,-0.36797843477194,-0.851990038285367
627,7199,"s071","m0",0.854443151557125,0.114206676448463,-0.586864286632774,-0.993175540160362
628,7201,"s071","m0",0.881197382173336,0.125390550986622,-0.622520335965476,-1.0597400945813
629,7229,"s071","m0",0.944567672127569,0.127464295811214,-0.497145223197486,-2.13231969419528
630,7257,"s071","m0",0.822944251999023,0.0321415262716834,-0.668968152750311,-0.788705802673222
631,7294,"s071","m0",0.897719935052716,0.107871297666364,-0.515827566248842,-1.2126789220032
632,7318,"s071","m0",0.946595717036642,0.170595104321737,-0.428546300174142,-1.21561928123658
633,7333,"s071","m0",0.869249311105928,0.0848959321781614,-0.627309393178291,-0.699367180289389
634,7337,"s071","m0",0.895409583240103,0.132506005650231,-0.616646932541087,-1.56993884838732
635,7342,"s071","m0",0.881548276236956,0.04537302273874,-0.572208293962693,-1.54761773558252
636,7350,"s071","m0",0.910041909536846,0.0889513417669604,-0.490028190481888,-1.24320371179558
637,7370,"s071","m0",0.921278399844061,0.110613261938027,-0.552496249279969,-1.81124639583057
638,7371,"s071","m0",0.91515288728132,0.20231067797998,-0.489290758953502,-1.61134621250834
639,7383,"s071","m0",0.969331843074754,0.220682557937063,-0.501795248863907,-1.82969513933028
640,7398,"s071","m0",0.941780194713263,0.177507633609574,-0.609544100616775,-1.63313067782664
641,7406,"s071","m0",0.963831524433651,0.136722887678571,-0.438271200785801,-2.26673984748782
642,7415,"s071","m0",0.815627762807726,0.0616910398967986,-0.683375216590528,-0.573398983716145
643,7422,"s071","m0",0.879209274057335,0.119364595760261,-0.539252827868186,-0.989903177021201
644,7446,"s071","m0",0.85656373404431,0.0137705285171768,-0.731734840384803,-1.01058376201746
645,7452,"s071","m0",0.863170582036317,0.0359122137731962,-0.654921936650101,-0.627838850845259
646,7453,"s071","m0",0.937616566876505,0.14544090097667,-0.531825895854807,-1.73023978844646
647,7506,"s071","m0",0.973280245792231,0.234757061447003,-0.459197299540316,-1.82894387044343
648,7508,"s071","m0",0.998779459800509,0.198782388438581,-0.338329378256058,-3.41105224575811
649,7509,"s071","m0",1.00394319616965,0.205426064674427,-0.416854874239369,-1.69252403784842
650,7513,"s071","m0",0.855233079897309,0.125134248329086,-0.7250913583981,-0.6672413615505
651,7518,"s071","m0",0.879365200955678,0.0399318538398064,-0.688779155400936,-1.41876491252839
652,7523,"s071","m0",0.964837557427584,0.181748117724419,-0.500337541995255,-1.79727757028466
653,7537,"s071","m0",0.882041898913373,0.118055330702774,-0.661060950901493,-0.980872001924085
654,7539,"s071","m0",0.916811447376078,0.114480557559779,-0.604250017266617,-1.51955796628129
655,7543,"s071","m0",0.870384691384535,0.03891649125366,-0.757142243022708,-1.01295927483411
656,7547,"s071","m0",0.948742144083786,0.176051526897803,-0.579338494614032,-1.47826320626103
657,7587,"s071","m0",0.924976263223271,0.0965844914933025,-0.637627754958542,-2.51473842627814
658,7594,"s071","m0",0.826510938630004,-0.068464178579382,-0.741943575979615,-1.15701310911569
659,7612,"s071","m0",0.833676918206965,0.111929447710457,-0.602105245468082,-0.558348369102732
660,7613,"s071","m0",0.904365738475071,0.100262778336731,-0.842628102545477,-1.80240561734427
661,7627,"s071","m0",0.958205344789035,0.2118020718575,-0.408023017256048,-1.75589133150676
662,7633,"s071","m0",0.887656358050476,0.0462745170272498,-0.580130981404103,-1.48953981657173
663,7649,"s071","m0",0.878631163003781,0.0831315430944009,-0.555744047472189,-1.88100027143329
664,7666,"s071","m0",0.829804145378126,0.000800141705012138,-0.785419289719386,-1.09490411287349
665,7671,"s071","m0",0.949093296998996,0.0842208305947028,-0.624750858509454,-2.374647250701
666,7684,"s071","m0",0.961659673000201,0.192399700350378,-0.374760283387964,-2.3287392140202
667,7693,"s071","m0",0.838459207718144,0.0287159286656579,-0.926161902663957,-1.40565212390023
668,7701,"s071","m0",0.943935595788511,0.0913337828328321,-0.641775575746985,-1.29373714704081
669,7708,"s071","m0",0.866405588044386,0.151525473128287,-0.701884488043187,-0.706176307334502
670,7719,"s071","m0",0.912354394560307,0.00528221389742153,-0.571297425002535,-2.13492811904347
671,7724,"s071","m0",0.962722911049125,0.239469014979757,-0.586923434568275,-1.65658675559593
672,7725,"s071","m0",0.94625243450147,0.111277827358096,-0.608779940865311,-2.08504059108757
673,7739,"s071","m0",0.881936019606503,0.150924505860564,-0.429476386692567,-0.574244675228422
674,7743,"s071","m0",0.961772435415822,0.240059405826213,-0.549915242876986,-1.46015133042647
675,7760,"s071","m0",0.894356936093636,0.150318339742893,-0.389805513582825,-0.842663489676061
676,7764,"s071","m0",0.806277158283623,0.128355574945922,-0.813709482456457,-0.261966900151638
677,7805,"s071","m0",0.818480316965299,0.0175427504249374,-0.816213839567088,-0.771575467088723
678,7812,"s071","m0",0.8883802172943,0.0868828700907638,-0.555076695050315,-1.6284235287295
679,7836,"s071","m0",0.922061601639428,0.151628282604311,-0.539501630407735,-1.58330147569654
680,7848,"s071","m0",0.941148584562622,0.0563447928417218,-0.493939330937946,-1.59925265056276
681,7849,"s071","m0",0.801600507254126,0.0609213721668164,-0.727420216304759,-0.472792816159119
682,7855,"s071","m0",0.887098634113432,0.107750578373144,-0.689579674081514,-1.93382204255002
683,7877,"s071","m0",0.787842297477334,0.0688058852241805,-0.520365380324705,-0.485680649839607
684,7892,"s071","m0",0.858399814509998,0.0762290211147008,-0.75798895934543,-1.47953920551669
685,7896,"s071","m0",0.863855871875857,0.0928432284836882,-0.695325576777497,-1.41153579146621
686,7898,"s071","m0",0.927372608207311,0.145370490972634,-0.639337995398258,-1.36089925769574
687,7900,"s071","m0",0.923173186811135,0.110775646005832,-0.648379555145654,-1.89045377344075
688,7909,"s071","m0",0.934527964846446,0.142244001256698,-0.530751237860056,-1.36513060110712
689,7918,"s071","m0",0.896159425033682,0.0636369830969745,-0.609144603419245,-1.99487473092774
690,7924,"s071","m0",0.962118568395735,0.182944047871234,-0.624628027770829,-1.62844835825595
691,7929,"s071","m0",0.822717503448515,0.0855547606426406,-0.756858805457596,-0.735206241982455
692,7939,"s071","m0",0.947333659758277,0.157038450228706,-0.538039652162055,-2.11632180832654
693,7966,"s071","m0",0.884081060208657,0.133178232191877,-0.559597143321636,-0.645630507980861
694,7968,"s071","m0",0.895051266394917,0.128489494406864,-0.690335429342139,-0.938548377750986
695,7976,"s071","m0",1.01673931539251,0.239806044214642,-0.601975928974064,-2.94913221334925
696,7991,"s071","m0",0.84308379371415,0.096904461873874,-0.687078588710325,-0.856438017401689
697,8001,"s071","m0",0.87604957798332,0.0354352542227973,-0.6509817525052,-1.32569058131804
698,8008,"s071","m0",0.917395781568887,0.141497956674634,-0.493867756141804,-0.771242794472993
699,8009,"s071","m0",0.910897508843267,0.111918646569421,-0.502365829389383,-1.25095613285026
700,8014,"s071","m0",0.804397121873094,0.032875885446751,-0.883565801013453,-1.24000588010871
701,8016,"s071","m0",0.903638442103018,0.127164899451666,-0.639169945081941,-1.50806206089642
702,8038,"s071","m0",0.970239993487952,0.1669605263439,-0.494116216939011,-2.33152441241009
703,8039,"s071","m0",0.86229570334964,0.14148818228216,-0.402901428005832,-0.694485478258886
704,8040,"s071","m0",0.937159459679863,0.189476594565589,-0.727687469974067,-1.89831960963298
705,8089,"s071","m0",0.776793711293511,-0.0212611087708732,-0.602331237980126,-0.389617812973516
706,8094,"s071","m0",0.94507154890714,0.13318388596529,-0.652288708289923,-2.55904508661308
707,8112,"s071","m0",0.935959589625294,0.198427195485375,-0.415557092212002,-1.47955146444992
708,8132,"s071","m0",0.908479376741049,0.136074116367172,-0.696336358141103,-1.29783189104237
709,8150,"s071","m0",0.97699669633205,0.226820019237887,-0.419717090212627,-1.25283922137225
710,8154,"s071","m0",0.870629430882231,0.114970761030071,-0.742435546119073,-1.12698955673681
711,8166,"s071","m0",0.875693733080819,0.108428685322677,-0.523404524349439,-1.23524085315367
712,8171,"s071","m0",0.808726022629863,0.0293398095154015,-0.692646692000508,-0.643201826593386
713,8177,"s071","m0",0.868421082316208,0.154140685736868,-0.5891564386906,-1.1164371757356
714,8185,"s071","m0",0.851888217212967,0.0674102424362308,-0.698808814339497,-1.48149477202031
715,8196,"s071","m0",0.826359210449358,0.0511713663850619,-0.72491599818956,-1.05573727785424
716,8201,"s071","m0",0.949092448750382,0.193323685692919,-0.554402837809423,-1.7876009751185
717,8205,"s071","m0",0.910355953411155,0.0704170807927368,-0.534224738350188,-1.81021901275023
718,8208,"s071","m0",0.915559306253606,0.0995727484167067,-0.486530614800493,-2.70264595372827
719,8218,"s071","m0",0.802954574046865,-0.0239013244350518,-0.909550887001507,-0.435715795185358
720,8245,"s071","m0",0.935755883649178,0.156764255904352,-0.519706981934594,-1.50039647755943
721,8257,"s071","m0",0.896269381227389,0.104626644558265,-0.537504123400547,-0.743957549585285
722,8290,"s071","m0",0.846742707931585,0.0894494750497633,-0.669560692778654,-0.681772004414963
723,8291,"s071","m0",0.926932589053787,0.262688078989404,-0.485829127191449,-1.27217474973252
724,8303,"s071","m0",0.870479490080653,0.104147870881099,-0.654128399537189,-1.163781955574
725,8307,"s071","m0",0.903077250505558,0.0672313375911927,-0.348399021257767,-0.768152721126187
726,8350,"s071","m0",0.893422834940645,0.0267443925734571,-0.642083208082292,-1.94023086647996
727,8359,"s071","m0",0.941268867186129,0.174549762310492,-0.704492937278438,-1.49643787960602
728,8364,"s071","m0",0.933347559849104,0.130202011172439,-0.528829436236952,-1.12348563152783
729,8369,"s071","m0",0.99953189739784,0.190690829757695,-0.418744418809554,-1.58782171400921
730,8383,"s071","m0",0.882235350175709,0.163846533694002,-0.413206593358906,-0.829246807217503
731,8418,"s071","m0",0.874533659263696,0.115489766082334,-0.576168720378773,-1.23820301145182
732,8448,"s071","m0",0.992928033341511,0.19790848668089,-0.352213976638469,-2.84567114810258
733,8456,"s071","m0",0.92746046887339,0.111225658185057,-0.598030727218361,-2.01522467512759
734,8458,"s071","m0",0.818198155615085,0.0391692533460264,-0.721370277935982,-0.739479676704025
735,8461,"s071","m0",0.881298300952205,0.0165374510603069,-0.697732395452923,-1.46023963109983
736,8468,"s071","m0",0.801538667254021,0.0697421493703703,-0.643896492698585,-0.621500245837715
737,8471,"s071","m0",0.984156139997491,0.236922755676461,-0.510387505203411,-2.51164183108814
738,8480,"s071","m0",0.935067924427123,0.241446754445018,-0.584262355983867,-1.71496440197531
739,8484,"s071","m0",0.85855247703134,0.0442390453764019,-0.689338622885184,-1.35344628921091
740,8504,"s071","m0",0.86901299174113,0.150926057537926,-0.541825068936842,-0.877479720518344
741,8582,"s071","m0",0.84393241893836,0.0632222572884934,-0.712841572890096,-1.02313598320494
742,8592,"s071","m0",0.901476910145869,0.108475579043237,-0.495943389420742,-1.6783091109766
743,8628,"s071","m0",0.976711282962997,0.115786375177047,-0.413134861654438,-2.52816492644779
744,8643,"s071","m0",0.877091415449153,0.0087975117580422,-0.747105259077859,-1.87673338099717
745,8646,"s071","m0",0.914934923492722,0.127858833473656,-0.374731190872098,-1.39450317068866
746,8657,"s071","m0",0.911539876042383,0.113076280536628,-0.507517542085856,-1.80838344625398
747,8667,"s071","m0",0.895665621757084,0.151648250290372,-0.505883626426008,-1.05864781033804
748,8709,"s071","m0",0.906282668729467,0.113306345015254,-0.773963029080377,-1.65130785409943
749,8710,"s071","m0",0.87136564795331,0.133622158505185,-0.581709800894809,-0.936907593748548
750,8716,"s071","m0",0.978179162125352,0.187975086781412,-0.438762193847085,-1.76760938485155
751,8719,"s071","m0",0.800415786362744,-0.044136966298196,-0.620803584416115,-1.00734641535406
752,8726,"s071","m0",0.8819186858329,0.103441296175242,-0.516656086752902,-1.20930379401466
753,8734,"s071","m0",0.807406716347997,0.0338627885918143,-0.794237910367599,-0.827864156327608
754,8737,"s071","m0",0.947499100842923,0.161560540914729,-0.517919078401591,-1.7167469691489
755,8744,"s071","m0",0.938961202147851,0.146126148960745,-0.396882366820425,-1.56074049203967
756,8757,"s071","m0",0.929313924250117,0.168037031144993,-0.470911815203182,-1.93044738961495
757,8767,"s071","m0",0.780627530566137,0.0744891151917713,-0.668203719073839,-0.206016753029927
758,8772,"s071","m0",0.960554140067573,0.190565199724005,-0.441165942342491,-1.48724892698582
759,8779,"s071","m0",0.915119927506123,0.10702934321506,-0.425150333931545,-1.33186482434126
760,8781,"s071","m0",0.87890780382642,-0.0279386926531576,-0.551622425991281,-1.90498810601756
761,8792,"s071","m0",0.881967754171736,0.100445772474191,-0.579555992719722,-0.741421001885995
762,8818,"s071","m0",0.955245097878936,0.23853884423634,-0.449951613737035,-1.93091312307134
763,8826,"s071","m0",0.884670536724862,0.138710763620529,-0.529613215347038,-0.993334601138567
764,8839,"s071","m0",0.991059796148868,0.152137729094967,-0.505636881681833,-1.6161938948189
765,8843,"s071","m0",0.929946853965892,0.140735237129558,-0.547872836391619,-1.84258443436262
766,8867,"s071","m0",0.973806368423267,0.233748769989293,-0.380423777701905,-1.30190122823895
767,8877,"s071","m0",0.919331182271162,0.112034909711189,-0.635756860078795,-2.39738297063969
768,8892,"s071","m0",0.994346758675472,0.194542022445233,-0.456938488372978,-2.14121289613365
769,8918,"s071","m0",0.864062694568691,0.0330491905848085,-0.893369648391768,-1.1249108955732
770,8920,"s071","m0",0.853201904695829,0.0812651281882326,-0.605070156308819,-0.758591883710408
771,8922,"s071","m0",0.976423325604725,0.15731360757784,-0.297664533714147,-1.56899583110452
772,8987,"s071","m0",0.929313422740161,0.0875835140548992,-0.587167561119762,-1.46101230745145
773,8990,"s071","m0",0.925328595915884,0.101684027994309,-0.531454488687011,-1.78059265293861
774,9010,"s071","m0",0.854921289654121,0.0518511757669188,-0.728996420570502,-1.12024613009376
775,9012,"s071","m0",0.878042791418116,0.10373854803677,-0.489691948079488,-1.2888364502821
776,9014,"s071","m0",0.901175431870436,0.134917241030763,-0.674257250065988,-1.05540826365758
777,9018,"s071","m0",0.932153886351745,0.202899658675646,-0.474416769114021,-1.60503864467714
778,9038,"s071","m0",0.850658864951798,0.161595901143172,-0.698419932512816,-0.904605868199138
779,9042,"s071","m0",0.973148345473161,0.145647112337218,-0.474470221256252,-2.29809998284558
780,9052,"s071","m0",0.932584575437264,0.114518984168021,-0.564566156016467,-1.90750073288738
781,9054,"s071","m0",0.914329713438611,0.140254212615312,-0.535756950460338,-2.13896045986272
782,9056,"s071","m0",0.926337444172334,0.131572449013109,-0.461425909652792,-1.44368734720189
783,9059,"s071","m0",0.874268495952272,0.0685570640938907,-0.462923200746187,-1.068916694845
784,9085,"s071","m0",0.9247480679101,0.140512238548763,-0.617453919309949,-1.83085185954133
785,9094,"s071","m0",0.869873662284771,0.0497811179977027,-0.646981177107904,-1.2695086505145
786,9100,"s071","m0",0.891433459428779,0.121783111017255,-0.560799495578004,-1.53409058942971
787,9113,"s071","m0",0.814111959354883,0.0460955650912611,-0.727755827711377,-0.548826703528487
788,9130,"s071","m0",0.902459910920751,0.0731945292043739,-0.605854852487924,-1.61602731399969
789,9135,"s071","m0",0.937393761452861,0.167617719896382,-0.603251388486457,-1.74075721358898
790,9151,"s071","m0",0.910750269977616,0.110108753317594,-0.592589819977626,-1.92895082653218
791,9173,"s071","m0",0.941052599314224,0.144131587486875,-0.437008608743175,-1.96118349518639
792,9182,"s071","m0",0.868564798883064,0.0750990069964693,-0.739210511134811,-0.822859782818285
793,9195,"s071","m0",0.910689523427924,0.0951769875665918,-0.762592387335003,-2.1806621656254
794,9207,"s071","m0",0.846244747553439,0.0425757718332815,-0.693516766642435,-0.865501065783974
795,9216,"s071","m0",0.842804080935038,0.0258085968275259,-0.615254149796496,-1.38055817199587
796,9231,"s071","m0",0.944110637870154,0.164701749417101,-0.528144905797621,-2.68654610867653
797,9240,"s071","m0",0.89412331617703,0.0553391169240521,-0.635601739691934,-2.34324515210565
798,9246,"s071","m0",0.862558411827051,0.0927112609841066,-0.808871517398018,-1.69813929738747
799,9251,"s071","m0",0.94012033136208,0.145894179146211,-0.507322752689781,-2.08796457137648
800,9263,"s071","m0",0.858709019893786,-0.0198236199926591,-0.666058220276359,-1.16031236332528
801,9267,"s071","m0",0.967355394198076,0.155783574116372,-0.450723281556691,-1.56432005255859
802,9301,"s071","m0",0.839386170820326,0.115531756176021,-0.713955730767747,-0.567601157415052
803,9319,"s071","m0",0.922399945657666,0.195081421969135,-0.683348856633195,-2.08738241442482
804,9320,"s071","m0",0.839679971392309,0.0830568165725405,-0.672517070777502,-0.461086096478454
805,9328,"s071","m0",0.842966209539438,0.065014056639341,-0.702906465028177,-0.447051630796662
806,9332,"s071","m0",0.760277907775845,0.0712236688739615,-0.92459674405188,-0.47425078947471
807,9344,"s071","m0",0.973882588745834,0.197319963830168,-0.465262780354472,-1.76961847017178
808,9362,"s071","m0",0.879004383950375,0.119433677307144,-0.621725680368633,-1.11807630768807
809,9372,"s071","m0",0.902932531781203,0.121354467024531,-0.528258934069118,-1.09337714712276
810,9384,"s071","m0",0.913870389826404,0.148320680859312,-0.445989522776939,-1.75198386927687
811,9391,"s071","m0",0.891827159265525,0.0874427143606335,-0.804974312723539,-1.14211010677661
812,9392,"s071","m0",0.835274449671076,0.0841689126505683,-0.591652913302053,-0.842923303391916
813,9395,"s071","m0",0.91994159844428,0.0923089222200217,-0.689951167409106,-1.30056009627531
814,9412,"s071","m0",0.881349841238067,0.116034547786496,-0.590590326103497,-1.26586915719188
815,9424,"s071","m0",0.941111786556322,0.151426124456256,-0.497093073341813,-2.28203206689645
816,9425,"s071","m0",0.937356235212283,0.055637412863218,-0.534602579269953,-1.42827650529643
817,9434,"s071","m0",0.823671566237818,0.0933702749678449,-0.700214166640787,-0.535824475494885
818,9442,"s071","m0",0.934831207114582,0.076885984269319,-0.708891142050868,-1.77509816189757
819,9448,"s071","m0",0.889266756871638,0.115065175370177,-0.49609074212939,-1.44216278093609
820,9456,"s071","m0",0.886837055027903,0.113634699961164,-0.652652829303605,-1.33060150752511
821,9463,"s071","m0",0.978465104761086,0.170051335437217,-0.491049307434166,-2.13024895924801
822,9496,"s071","m0",0.916893988751526,0.126272365802575,-0.568056608520541,-1.37168722322
823,9501,"s071","m0",0.930551182000062,0.141896071720447,-0.359670668002291,-1.53231087383153
824,9522,"s071","m0",0.82822202034793,0.1236699517167,-0.56529571570767,-0.795174169978919
825,9540,"s071","m0",0.925335412524364,0.131096666807713,-0.693215364490943,-1.67346292807872
826,9561,"s071","m0",0.853240532689127,0.0660133963877715,-0.618092680602791,-1.0688845883849
827,9592,"s071","m0",0.874865899284585,0.0437073253314432,-0.548752340853198,-1.53292484421347
828,9594,"s071","m0",0.940423530651881,0.153718303389296,-0.667910687694507,-1.73936977947323
829,9618,"s071","m0",0.956761812186393,0.188352769404956,-0.492593320406259,-1.70303588882463
830,9620,"s071","m0",0.925459394469213,0.147748792519447,-0.567589552393822,-1.46942719428576
831,9642,"s071","m0",0.901355188848408,0.180996217085908,-0.615333422305306,-0.979803123773314
832,9656,"s071","m0",0.895610119829103,0.0473416483041215,-0.485932390501994,-1.39684349363695
833,9681,"s071","m0",0.953194288623544,0.168687198933777,-0.528247564683077,-1.90066191093176
834,9699,"s071","m0",0.840102420310197,0.122632136333738,-0.50997679484914,-0.77265366349165
835,9700,"s071","m0",0.897606244532553,0.103398342562489,-0.634336730338487,-1.79098420637816
836,9703,"s071","m0",0.853205760123157,0.149047555642568,-0.647514507252437,-0.852239826172909
837,9718,"s071","m0",0.85809063669268,0.0786577567778273,-0.601046450075724,-1.29923822134083
838,9722,"s071","m0",0.823877874717592,0.0656787040040121,-0.550137389812341,-0.430184451147611
839,9723,"s071","m0",0.866058291539751,0.112409975008947,-0.556025695371867,-0.917529745569892
840,9745,"s071","m0",0.898679157047136,0.0795421999273075,-0.768162606236518,-2.46635486148635
841,9774,"s071","m0",0.928177749143261,0.104925722974045,-0.609011759068849,-1.64746871982938
842,9801,"s071","m0",0.950686443161444,0.126935341744728,-0.537457165628173,-2.52459716389487
843,9818,"s071","m0",0.923759640232849,0.10740950375117,-0.568153572931008,-1.78238885132306
844,9832,"s071","m0",0.914619131877861,0.134656562997102,-0.676196145670131,-1.80892844204757
845,9841,"s071","m0",0.829842902628364,0.125063661066874,-0.692756037355772,-0.717980288318794
846,9842,"s071","m0",0.91393072652074,0.0886746848660041,-0.604599162492987,-1.37706773040927
847,9845,"s071","m0",0.992628281801778,0.211811977553078,-0.59518044353676,-2.0068059041639
848,9852,"s071","m0",0.853597283821674,0.0594022854402438,-0.637585358068055,-1.01885960489418
849,9868,"s071","m0",0.94139558111928,0.180719282516012,-0.395276040034484,-1.93883883332766
850,9876,"s071","m0",0.921287597958074,0.115360072936316,-0.460935051008491,-1.26394663949082
851,9895,"s071","m0",0.900263791599672,0.0916232147256672,-0.758854637554865,-1.12548996577758
852,9922,"s071","m0",0.917298719264597,0.0782261382554036,-0.665583821493246,-1.80937555397307
853,9924,"s071","m0",0.848038851400456,0.179392003871719,-0.655966643570198,-0.114345687603129
854,9931,"s071","m0",0.949439352905966,0.158512350555899,-0.486581764994624,-1.92039045802581
855,9936,"s071","m0",0.919501279319811,0.181748187339501,-0.561327101816593,-1.34199701406709
856,9939,"s071","m0",0.996355257199231,0.167779127515859,-0.321375942844695,-2.35235228524755
857,9965,"s071","m0",0.816385564056822,-0.00200552668291893,-0.755212762754073,-1.03051453860823
858,9966,"s071","m0",0.84627212927851,0.00985788303981432,-0.856119843288411,-0.735620127754585
859,9971,"s071","m0",0.957137415882054,0.176300037440017,-0.409283144710329,-1.23335393432755
860,9984,"s071","m0",0.87297962286883,0.0778515773649553,-0.778197694684097,-1.15509995927257
861,9995,"s071","m0",0.90915818469689,0.214305608940056,-0.377578807153935,-0.524933421469282
862,10016,"s071","m0",0.940608991073248,0.131943319034071,-0.401716117928918,-1.57513486297123
863,10021,"s071","m0",0.997550257444113,0.211951998145202,-0.48020301570641,-2.56241579720511
864,10028,"s071","m0",0.859379846188391,0.149937602105647,-0.559696294430493,-0.645959617084228
865,10033,"s071","m0",0.880967764862176,0.0936813375387235,-0.626361559372038,-1.00095632366122
866,10037,"s071","m0",0.938047939584011,0.135637434095113,-0.514633137409757,-2.03459403033863
867,10046,"s071","m0",0.897732929919621,0.0952666237776334,-0.660974534567415,-1.54355883597507
868,10103,"s071","m0",0.891283357040747,0.111148705839286,-0.547345369323794,-0.985463537758285
869,10110,"s071","m0",0.903695781059335,0.0820646888608707,-0.741756544755374,-1.69682262209518
870,10130,"s071","m0",0.911242487794979,0.164218244516437,-0.419105492886336,-1.12664452478437
871,10132,"s071","m0",0.867855753799571,0.00571537979081692,-0.504484719520918,-1.34767662763702
872,10143,"s071","m0",0.965356334565231,0.144305447437224,-0.464157180231595,-2.19280437375477
873,10155,"s071","m0",0.833755027846811,0.0574602078372963,-0.744823851821889,-0.589766627399741
874,10161,"s071","m0",0.853425615533815,0.122248326183106,-0.566623942461648,-0.620008876899974
875,10165,"s071","m0",0.930484155449514,0.180652988588875,-0.441092640069486,-1.62006537664661
876,10174,"s071","m0",0.877038636811193,0.105514841129212,-0.728596927403285,-0.937933180803829
877,10175,"s071","m0",0.975793842039928,0.17896478641009,-0.383177907855117,-2.57742826605793
878,10181,"s071","m0",0.923147405656302,0.143006214745048,-0.588554937522283,-1.6567282808734
879,10211,"s071","m0",0.915531039408413,0.105622198881391,-0.635525430284807,-2.37674630198151
880,10219,"s071","m0",0.979008894434718,0.163888536932499,-0.36385425920329,-1.87722634913888
881,10249,"s071","m0",0.838450292847083,0.071668493185118,-0.671650289500113,-1.23595244793358
882,10253,"s071","m0",0.933593484204524,0.138624195743857,-0.437676859631529,-1.64197502575403
883,10254,"s071","m0",0.915709423628549,0.187964831417384,-0.461986204804391,-1.37741924175372
884,10279,"s071","m0",0.924683696698506,0.182709959649091,-0.672105865365466,-1.07319768309765
885,10304,"s071","m0",0.853910083044382,0.0147504663775287,-0.703232630477931,-1.33827521273015
886,10306,"s071","m0",0.867421986987169,0.105072941645937,-0.512985913740622,-0.860628383100674
887,10316,"s071","m0",0.864549396292983,0.0386354551334232,-0.640014981298742,-0.97906264449068
888,10321,"s071","m0",0.921448732077887,0.189473133636593,-0.504003473282465,-1.16262078637158
889,10354,"s071","m0",0.961745495807809,0.187686216633811,-0.497995790336836,-1.48807845644982
890,10358,"s071","m0",0.922267404692926,0.026350280517738,-0.624349050463538,-2.07424540525059
891,10377,"s071","m0",0.903112067295448,0.117915447367358,-0.492872880242714,-1.37218896909529
892,10420,"s071","m0",0.902530415256126,0.184656662210068,-0.613952377521409,-1.11310984852611
893,10425,"s071","m0",0.874068623150137,0.189715076648984,-0.676432601825894,-1.1179840907717
894,10430,"s071","m0",0.913109660662108,0.162047376796818,-0.68485369845162,-1.62564809270178
895,10434,"s071","m0",0.868203495200845,0.0532922660478167,-0.661635197343187,-0.787755950741116
896,10443,"s071","m0",0.885520233881814,0.107965580763258,-0.655208515263446,-1.01529491308878
897,10457,"s071","m0",0.817152178162858,0.110161188347678,-0.729774807857938,-0.657007392108512
898,10469,"s071","m0",0.929388248125106,0.16141453950488,-0.460827064646393,-1.4732622830057
899,10471,"s071","m0",0.844496894226168,0.0177957802307055,-0.504851951138759,-1.05937974253613
900,10472,"s071","m0",0.901441671432449,0.20450618940776,-0.491224520532983,-1.05168826640736
901,10485,"s071","m0",0.865346523886299,0.09641679800437,-0.808229538235184,-1.01302734226548
902,10491,"s071","m0",0.846274707772041,0.041582159845869,-0.655792735670937,-0.841515295610813
903,10496,"s071","m0",0.839787202767217,0.105298274873838,-0.731493575814716,-0.336003455456259
904,10501,"s071","m0",0.851822252716993,0.0904844714842258,-0.61401708157967,-0.844001728279244
905,10510,"s071","m0",0.943219237507062,0.229903300242246,-0.634721032355,-2.20973301322594
906,10514,"s071","m0",0.877661919046028,0.107114950371696,-0.480565012188171,-1.23035162176503
907,10515,"s071","m0",0.953962135887413,0.142787646547217,-0.538514299732113,-1.95090248066639
908,10543,"s071","m0",0.82119225623548,0.0381889374308652,-0.844685186085247,-0.84126744730374
909,10551,"s071","m0",0.918778279271726,0.166714833850045,-0.479495362736557,-1.06976692197551
910,10554,"s071","m0",0.960084567080553,0.209983957426711,-0.392156073731546,-1.64026062678865
911,10577,"s071","m0",0.954174286219946,0.105259312092713,-0.327335175058161,-1.56832888024284
912,10580,"s071","m0",0.83564959700005,0.0839255107578928,-0.682551621864431,-1.07874407518328
913,10584,"s071","m0",0.945611674396953,0.144501022628019,-0.48758633286841,-1.67733757054851
914,10585,"s071","m0",0.910047019019769,0.0596492324984104,-0.641167846083663,-2.45212479708896
915,10609,"s071","m0",0.837040305210031,0.053265021065284,-0.547892276196527,-1.20602041999769
916,10622,"s071","m0",0.953634004803891,0.120144357584275,-0.374976624006419,-2.5841437733921
917,10631,"s071","m0",0.921939117439431,0.1265875066731,-0.558487748403788,-1.9307275562841
918,10642,"s071","m0",0.962201990079788,0.179418198298833,-0.515442833235512,-1.46640584979977
919,10653,"s071","m0",0.925149182554479,0.170907249344993,-0.515491176051598,-1.55536264495372
920,10654,"s071","m0",0.897290397781555,0.128652092055757,-0.562990375117134,-1.7693747394129
921,10657,"s071","m0",0.878559114057857,0.0847934821366927,-0.694966259530338,-0.914098128484919
922,10661,"s071","m0",0.949488025590849,0.137356344348476,-0.410230128599044,-1.09876037636682
923,10667,"s071","m0",0.899306710283179,0.107935548617602,-0.586243089142883,-1.34367680816892
924,10683,"s071","m0",0.937805710931139,0.119315096403025,-0.573254073210225,-2.14709945419004
925,10696,"s071","m0",0.911660019215121,0.135978002952707,-0.517339557073149,-1.40132964314705
926,10701,"s071","m0",0.883056738620045,0.141209835766966,-0.58063221393023,-1.21840520291908
927,10703,"s071","m0",0.92222317693095,0.131684060740862,-0.548682523164103,-1.85733039985361
928,10742,"s071","m0",0.893158099770703,0.0828322665514313,-0.713258993661472,-1.36293085877356
929,10751,"s071","m0",0.836726492852817,0.0652759052073952,-0.456601053368038,-0.463114652756844
930,10756,"s071","m0",0.872834195184459,0.0720003797384895,-0.613517636871914,-1.36449735165873
931,10759,"s071","m0",0.853655140074597,0.154142292317974,-0.655652318498649,-1.15875522065959
932,10764,"s071","m0",0.821437627828492,0.0423237073564113,-0.665466527953426,-0.360385527466486
933,10771,"s071","m0",0.830858012474759,0.0305921928220285,-0.790573717357821,-0.568898298523454
934,10780,"s071","m0",0.931182954747834,0.191896444071659,-0.596204704530137,-1.09157405260445
935,10804,"s071","m0",0.928228885743228,0.075464751565081,-0.537972866095502,-2.21305538634172
936,10808,"s071","m0",0.86656881694056,0.0298859589622106,-0.612490112686301,-1.11534160967509
937,10822,"s071","m0",0.913761318011697,0.0794002693275895,-0.740586861742897,-1.68920667859469
938,10847,"s071","m0",1.00211602581919,0.22867781050883,-0.405477893107763,-1.50194343674228
939,10849,"s071","m0",0.943024662947053,0.107659040726377,-0.623873512299164,-1.9457819591536
940,10915,"s071","m0",0.829082300362642,0.0725261457408959,-0.687212328910634,-0.898778537239975
941,10921,"s071","m0",0.890984459957873,0.0488077003696921,-0.466014217943541,-1.51667619100725
942,10926,"s071","m0",0.941348641536459,0.228679769052057,-0.333875107337602,-0.89607159852188
943,10937,"s071","m0",0.955901114077579,0.189911589102622,-0.363689187542765,-1.52854951505168
944,10949,"s071","m0",0.970261734587928,0.191240712434289,-0.364142077385904,-1.54368250535205
945,10962,"s071","m0",0.881692381557106,0.130814576678872,-0.749505342031858,-1.05881992509176
946,10969,"s071","m0",0.946090458447766,0.173118320006585,-0.549239562041358,-2.34574644440409
947,10994,"s071","m0",0.798642233776248,-0.00699333078013036,-0.761785977786807,-0.898933805662403
948,11009,"s071","m0",0.921957277198483,0.116297603360999,-0.472038472527838,-1.65239951145905
949,11010,"s071","m0",0.842360402715314,0.122234100868724,-0.738483368155495,-0.94908021515099
950,11012,"s071","m0",0.867058254214757,0.0751507522063385,-0.673356978971097,-1.06205308304053
951,11026,"s071","m0",0.949132382144598,0.241085053726676,-0.556821107526426,-1.10202232976557
952,11054,"s071","m0",0.843199194653248,0.0683523160472602,-0.670733490971102,-0.76590073432843
953,11056,"s071","m0",0.919704016395325,0.132104057569063,-0.478413787938563,-1.27990575091914
954,11065,"s071","m0",0.936734610360542,0.172478833321693,-0.630394159577501,-1.96817497607607
955,11072,"s071","m0",0.938789398510932,0.120812125069065,-0.631260370156535,-1.2170768755914
956,11095,"s071","m0",0.846581235748508,0.0593849331813949,-0.577045428596161,-0.622195974637164
957,11128,"s071","m0",0.830369004546089,0.0361003659992675,-0.614498936396675,-0.424821257284958
958,11140,"s071","m0",0.948220394612567,0.125092572014164,-0.435296764502582,-1.79399659181014
959,11145,"s071","m0",0.960622419151323,0.0561015393175868,-0.363712708830118,-1.92349545269237
960,11149,"s071","m0",0.922569417453561,0.10329496065916,-0.452911615821075,-1.04105257887994
961,11193,"s071","m0",0.903045402111979,0.175028718622072,-0.582551793652015,-0.709051492556153
962,11212,"s071","m0",0.871617100084388,0.0946164914882642,-0.572898932343004,-0.890155751320441
963,11215,"s071","m0",0.85164179353,0.0778683898830967,-0.609006332217978,-1.02330257561243
964,11242,"s071","m0",0.900488322961435,0.137517918529719,-0.6477215326024,-1.10851184905358
965,11244,"s071","m0",0.902240249905972,0.0909920289594887,-0.531952478051809,-1.84892278569341
966,11254,"s071","m0",0.773254806273253,-0.0493226433668662,-0.664541130214252,-0.504618442573854
967,11295,"s071","m0",0.981049861508988,0.224607820688534,-0.437924845877578,-2.33186319463321
968,11301,"s071","m0",0.922442550420957,0.131550721334786,-0.54483650834206,-1.6720157432913
969,11304,"s071","m0",0.967259182756011,0.184405062793672,-0.477337397902379,-2.13966342998328
970,11307,"s071","m0",0.861289955329814,0.0198295127617537,-0.649339986407272,-1.37306140867876
971,11308,"s071","m0",0.912842882524678,0.0436196925476201,-0.655959682545173,-1.55598848476671
972,11311,"s071","m0",0.94748064297899,0.164612779233067,-0.714785256636524,-1.64092332106632
973,11321,"s071","m0",0.905670186688121,0.137465258970675,-0.509481097653748,-0.799871393964529
974,11322,"s071","m0",0.981050806870974,0.200167928229511,-0.438572497830106,-2.08750572671467
975,11332,"s071","m0",0.875501707627418,0.0478695685522901,-0.604252789856959,-1.16988482758922
976,11340,"s071","m0",0.938670022614377,0.237952607912734,-0.433577661072518,-1.29883965068097
977,11350,"s071","m0",0.884192353080449,0.135467117588529,-0.613669565869444,-1.25367633083988
978,11361,"s071","m0",0.909675369455749,0.147870911699779,-0.494434526893429,-1.61705876640174
979,11364,"s071","m0",0.912118012365018,0.120584153009444,-0.49746630866544,-1.32076462525932
980,11370,"s071","m0",0.865369965964041,0.0763238717215201,-0.49480039038226,-1.08067659820528
981,11413,"s071","m0",0.962994677232752,0.167029132059186,-0.411810566898317,-2.22566641362109
982,11421,"s071","m0",0.865982845655036,0.0874458274683812,-0.602421618726584,-0.746008125760297
983,11427,"s071","m0",0.811753095034094,0.0296595958069036,-0.756906219373907,-0.492263956795978
984,11430,"s071","m0",0.872670091249323,0.160653366634435,-0.730824263802475,-0.899639307304635
985,11456,"s071","m0",0.966936569872798,0.0915241485274642,-0.34923365682081,-1.74333557053259
986,11463,"s071","m0",1.00001504248456,0.21252221677692,-0.370474524582448,-1.73000798573329
987,11464,"s071","m0",0.814735723084023,0.0381014770359656,-0.559148551779176,-0.647738341935852
988,11473,"s071","m0",0.922586508426675,0.144833208859289,-0.463109863499539,-1.6050758570127
989,11483,"s071","m0",0.922128334981795,0.178357102216602,-0.531719803016962,-1.28695216392176
990,11489,"s071","m0",0.953585148293374,0.136030714143444,-0.401598311703925,-1.78986708082731
991,11497,"s071","m0",0.927251433123804,0.0955970409198823,-0.425902121367535,-1.44677303609171
992,11522,"s071","m0",0.875198774290574,0.0885389585332169,-0.527240293035031,-0.872205120290312
993,11535,"s071","m0",0.86893388861362,0.110319473053416,-0.690345246582507,-1.07850656420195
994,11536,"s071","m0",0.872097464572782,0.0618007518230405,-0.67285264729795,-0.86858486772349
995,11542,"s071","m0",0.887603773439023,0.15681377933318,-0.532648195107254,-0.975104206604442
996,11544,"s071","m0",0.934384185154588,0.130805649161252,-0.562430003661151,-1.54345155174112
997,11552,"s071","m0",0.876240876861861,-0.0227403821181643,-0.611844886501235,-1.92267537013893
998,11566,"s071","m0",0.853942384253896,0.0130317212641103,-0.803673529405926,-1.01903548291252
999,11575,"s071","m0",0.991311306994541,0.224846639657811,-0.298524581454978,-1.43175107719053
1000,11584,"s071","m0",0.929722393678067,0.13818828172605,-0.468308653505122,-1.16601384867667
1001,11596,"s071","m0",0.962742395540575,0.11766770108227,-0.48656505917116,-3.22541595466536
1002,11600,"s071","m0",0.88621402761635,0.113237900314973,-0.582579865152726,-1.24654177679882
1003,11623,"s071","m0",0.750786791018573,0.0526767493940422,-0.770549772157642,-0.0775750802556696
1004,11631,"s071","m0",0.800219527018793,0.0277849258280435,-0.777669256379487,-0.314473686264097
1005,11646,"s071","m0",0.880657804276868,0.089139656055619,-0.701726746064484,-0.792609227082468
1006,11673,"s071","m0",0.941526805674893,0.200626606467672,-0.43905116975571,-1.53156456917494
1007,11674,"s071","m0",0.926294759996843,0.0750796317781228,-0.579723297126652,-2.13249083967251
1008,11692,"s071","m0",0.940508664914915,0.190595086577977,-0.473034731515442,-1.18290648363597
1009,11707,"s071","m0",0.869479328290969,0.100224587319034,-0.616398790441227,-1.07616646878819
1010,11714,"s071","m0",0.926663765576497,0.102962438404137,-0.464308751773201,-2.71785725837437
1011,11729,"s071","m0",0.94619262358308,0.222492039820659,-0.460372724118742,-1.36536572439147
1012,11760,"s071","m0",1.00460603615042,0.163322709702761,-0.36127095958825,-2.63312358095243
1013,11786,"s071","m0",0.853099974099393,0.0541921892200286,-0.582216166497807,-1.44104868939964
1014,11801,"s071","m0",0.841379292077924,0.12963197340976,-0.616400705987649,-0.30072578035654
1015,11822,"s071","m0",0.894663846500509,0.102029245867576,-0.443051373425005,-1.28184416382963
1016,11833,"s071","m0",0.893722946882805,0.110147592769919,-0.531856938336706,-1.45143150781168
1017,11844,"s071","m0",0.875683751859083,0.0797835695026117,-0.647834519770764,-1.47188059351254
1018,11858,"s071","m0",0.904777699764077,0.112216370005137,-0.47974456224798,-1.63503406374279
1019,11866,"s071","m0",0.914767182788494,0.108728501158348,-0.525425021974414,-1.27106566201212
1020,11888,"s071","m0",0.883241098628187,0.0508886148855335,-0.416361501114492,-1.0298332590088
1021,11900,"s071","m0",0.953224602660276,0.131121752701836,-0.431251816330826,-1.93172733944008
1022,11964,"s071","m0",0.840687436088675,0.0355682311133734,-0.668605981373325,-0.630546360420245
1023,11966,"s071","m0",0.952339415557809,0.16205689713772,-0.527375204558051,-2.00969141700498
1024,11988,"s071","m0",0.949248951790413,0.180466283801516,-0.51229356700508,-2.31853529088962
1025,12003,"s071","m0",0.862388128660797,0.0571798610772136,-0.663742607432444,-1.51849036169134
1026,12017,"s071","m0",0.94451027794893,0.144486681910883,-0.504097548666295,-1.7207079832288
1027,12028,"s071","m0",0.853292659647956,0.101057394365019,-0.670645898722073,-0.867569364321415
1028,12037,"s071","m0",0.92069587225766,0.16188378400421,-0.549510462203909,-1.402602175045
1029,12041,"s071","m0",0.844795374738925,0.0344022349336258,-0.860861899536842,-1.27617475230551
1030,12043,"s071","m0",0.898019354989408,0.165941378140216,-0.555391754927537,-1.6230750806217
1031,12046,"s071","m0",0.919147851524271,0.151953252446605,-0.602717475147953,-1.64001033323109
1032,12056,"s071","m0",0.909006001600858,0.0997499998138484,-0.607845800808404,-1.62820323539641
1033,12124,"s071","m0",0.940384686558075,0.196317543907387,-0.51187986794854,-2.39903082171248
1034,12130,"s071","m0",0.849220518450361,0.0480521283191943,-0.669373591054907,-0.819454846873433
1035,12133,"s071","m0",0.901103854034399,0.110504521156196,-0.58833688502907,-1.79626124832537
1036,12178,"s071","m0",0.891213351805925,0.0742902856436498,-0.516226301514416,-2.07398466162954
1037,12189,"s071","m0",0.925807396387047,0.196836986502223,-0.55174095301807,-1.86114706749886
1038,12194,"s071","m0",0.918375003239902,0.105173131643,-0.462426112493406,-1.53180462364488
1039,12217,"s071","m0",0.894215466848097,0.0977576105717287,-0.7555730095817,-1.37757028490834
1040,12221,"s071","m0",0.963087269080313,0.216044651984828,-0.512502644697311,-1.17095971777465
1041,12224,"s071","m0",0.977466615888588,0.198524059027277,-0.50098987462457,-1.80739262547714
1042,12230,"s071","m0",0.890185619345543,0.123163979661598,-0.641216056604053,-0.826755852161533
1043,12235,"s071","m0",0.82275771086399,0.0728714256372524,-0.920063825633208,-0.919509581421992
1044,12239,"s071","m0",0.972496829125012,0.209876698128119,-0.46495999465017,-1.31521796816061
1045,12250,"s071","m0",0.962007169778889,0.199340593100797,-0.453217318521781,-1.64444697958047
1046,12260,"s071","m0",0.943632645338562,0.186594935745346,-0.413934928745702,-1.28730066566137
1047,12270,"s071","m0",0.841278970982564,0.0868733638309648,-0.563410434993001,-0.533519005418141
1048,12273,"s071","m0",0.821234592452062,0.0523839041783441,-0.968202692214887,-0.752100640333599
1049,12295,"s071","m0",0.883003770105875,0.106760085890327,-0.490447697337098,-1.25015866767515
1050,12298,"s071","m0",0.932905077542593,0.150870313287023,-0.554916318670823,-0.901847574714708
1051,12302,"s071","m0",0.836606957897759,0.0328077987728102,-0.660548905927841,-0.977437948859457
1052,12311,"s071","m0",0.904986258999041,0.137663529134252,-0.633813323691358,-2.06311906812963
1053,12317,"s071","m0",0.876693523153739,0.131033184090318,-0.535184032213768,-0.728461768257462
1054,12323,"s071","m0",0.939000789249991,0.190406376398542,-0.57530861351848,-1.15146187973419
1055,12332,"s071","m0",0.919628659241493,0.117937276083389,-0.497256353582404,-1.50573810836372
1056,12343,"s071","m0",0.912739922423169,0.146615902521973,-0.448217282417329,-0.478697315794616
1057,12344,"s071","m0",0.956906809375307,0.132917502357227,-0.489686293792056,-2.30013082683973
1058,12350,"s071","m0",0.906532350083062,0.147781586906233,-0.378623534337849,-1.91875705336029
1059,12353,"s071","m0",0.791572060088393,0.0581471401792237,-1.05564580130895,-0.984739143107448
1060,12364,"s071","m0",0.954952449795085,0.267535262900522,-0.443779811623771,-1.07299296892346
1061,12366,"s071","m0",0.926770327124701,0.146191987610619,-0.470314549987031,-0.837743041062036
1062,12367,"s071","m0",0.889423261921342,0.176486621201377,-0.639840709221853,-0.803909475944037
1063,12379,"s071","m0",0.878036155724291,0.143698179399287,-0.666184585626833,-1.19714715706296
1064,12390,"s071","m0",0.999517883200586,0.152191547923718,-0.418228701049429,-1.81324068543487
1065,12391,"s071","m0",0.938421300241703,0.172445773387247,-0.529844214700606,-1.92218373348472
1066,12401,"s071","m0",0.934043890759124,0.137271062039672,-0.621189469614191,-1.31871187316593
1067,12415,"s071","m0",0.905079473549276,0.071765787758427,-0.734720365570583,-1.23008992976101
1068,12519,"s071","m0",0.937765803527982,0.146773469702129,-0.437558826090008,-1.80553066818542
1069,12522,"s071","m0",0.931344283445777,0.174848131497595,-0.468718982513894,-1.77213410406652
1070,12532,"s071","m0",0.91932970681737,0.071776967440667,-0.654091005902236,-1.17714908160878
1071,12541,"s071","m0",0.756822022882623,0.022064191437478,-0.925386267794608,0.150354147994876
1072,12547,"s071","m0",0.912324959991066,0.14307644843431,-0.462020085799925,-1.28094673498609
1073,12572,"s071","m0",0.86451217234349,0.0832367248112229,-0.741135256439659,-1.06384392726379
1074,12579,"s071","m0",0.903630677226576,0.144302973276238,-0.470907474676539,-1.37751305836167
1075,12581,"s071","m0",0.965640091991163,0.14396355441201,-0.365902275104182,-1.63633001675187
1076,12588,"s071","m0",0.88015550713433,0.137458953768098,-0.648286336657647,-1.27188702446607
1077,12600,"s071","m0",0.906740072751156,0.152220383801381,-0.602049436349115,-1.28581648967323
1078,12603,"s071","m0",0.895798894948704,0.156318353103321,-0.732982664689964,-0.800258844072408
1079,12626,"s071","m0",0.891593904022082,0.132441011224045,-0.653312161200782,-1.22002912126108
1080,12640,"s071","m0",0.896798228585805,0.0858283270850974,-0.708826679398473,-1.44398415372689
1081,12657,"s071","m0",0.967762685863798,0.192853424843552,-0.407998296421712,-1.79260924193983
1082,12671,"s071","m0",0.904577113829873,0.155682799213867,-0.5228271313739,-1.00385597900456
1083,12687,"s071","m0",0.985217298784296,0.187838227529686,-0.564667774150323,-1.86492424785878
1084,12691,"s071","m0",0.824796714990977,0.0749143105136104,-0.750121708361469,-0.91928211752444
1085,12699,"s071","m0",0.864832206424586,0.0670267836153771,-0.652900353073183,-1.0890140209222
1086,12714,"s071","m0",0.850551179925439,0.119783087266997,-0.611332580520501,-0.619386783034855
1087,12719,"s071","m0",0.866311900913044,0.181349791781712,-0.688725249427762,-0.353337985433497
1088,12727,"s071","m0",0.893219952176625,0.0792484481456884,-0.630229263228521,-1.09324208775435
1089,12756,"s071","m0",0.910537999903948,0.0936281829398846,-0.407203489722027,-1.24223098396771
1090,12759,"s071","m0",0.781818595349659,0.0381241840959661,-0.79217002934155,-0.486418994560671
1091,12766,"s071","m0",0.867667572425085,0.120132689313532,-0.599723081680407,-0.780561360322648
1092,12820,"s071","m0",0.945263961243075,0.173691775108906,-0.513529892676983,-1.34015554943479
1093,12823,"s071","m0",0.913115131583314,0.0944670593338884,-0.515626032472552,-1.83717454713004
1094,12834,"s071","m0",0.958847691008581,0.212506439416311,-0.468690418763462,-1.27801738114503
1095,12838,"s071","m0",0.918258260555721,0.0930550880710303,-0.551943897389178,-1.788898145705
1096,12859,"s071","m0",0.874724754023963,0.0765291925913294,-0.570290255050588,-1.38719508425537
1097,12888,"s071","m0",0.901732323250787,0.11090549339473,-0.514262442382566,-1.15631933504021
1098,12889,"s071","m0",0.945298849884816,0.0648265789135393,-0.44929493008615,-1.89943273540388
1099,12903,"s071","m0",0.976355741999689,0.187216690471052,-0.466813506168813,-2.25331779788485
1100,12909,"s071","m0",0.957055345194753,0.1275051764585,-0.53949210804526,-1.66217045993091
1101,12964,"s071","m0",0.902602826372336,0.147006432264373,-0.564431040196564,-1.39869027409785
1102,12970,"s071","m0",0.927498553661548,0.161488108999051,-0.403912206561848,-0.911791443511391
1103,12971,"s071","m0",0.931886141473442,0.137620127840821,-0.531447613667522,-1.36716634242735
1104,12976,"s071","m0",0.880486785229002,0.153555474090843,-0.696922090096377,-1.38850941924275
1105,12982,"s071","m0",0.865276708940377,0.1211744901064,-0.515401221207725,-0.802743326739487
1106,12986,"s071","m0",0.928355680201656,0.0701017980468178,-0.637899314490935,-2.28531134712022
1107,13015,"s071","m0",0.932418027782901,0.201502459418255,-0.472646110630965,-1.46905879011048
1108,13039,"s071","m0",0.899445990717099,0.139130424803729,-0.500763420846566,-1.08984135073224
1109,13049,"s071","m0",0.920302489095295,0.12902213942412,-0.506085679676871,-1.35776507460881
1110,13052,"s071","m0",0.945885277378964,0.209444629505586,-0.557196890185356,-1.95635900870047
1111,13087,"s071","m0",0.954439121665068,0.23594061084227,-0.362324184960448,-1.4592769963315
1112,13105,"s071","m0",0.973403528873946,0.217639202666185,-0.376322771864348,-2.19942838250359
1113,13108,"s071","m0",0.874369495752855,0.101997333124606,-0.618941513320109,-1.02966511552445
1114,13110,"s071","m0",0.888698058697059,0.122545439876535,-0.704022906128246,-0.847027196767225
1115,13135,"s071","m0",0.921413790681666,0.164166907840572,-0.674860459908715,-1.41601116777533
1116,13138,"s071","m0",0.882904008661338,0.167829052088574,-0.64796827675601,-1.07664672009777
1117,13151,"s071","m0",0.880039710833886,0.152356123573634,-0.561392358325654,-1.1051369903873
1118,13155,"s071","m0",0.92841402604938,0.13968278380024,-0.879510330968165,-1.88228297353446
1119,13172,"s071","m0",0.908264339675445,0.0830743647182818,-0.696580113081311,-1.31198074417877
1120,13185,"s071","m0",0.946642985568587,0.0996675387288454,-0.509703481242761,-2.05783974883064
1121,13186,"s071","m0",0.994605814663559,0.169884631680378,-0.368364597710021,-2.1654051288291
1122,13194,"s071","m0",0.949976254575629,0.187360652393263,-0.482237818140893,-1.90203836362197
1123,13206,"s071","m0",0.988153963076959,0.260331676656203,-0.559338839730324,-1.97634794154349
1124,13222,"s071","m0",0.866766838808239,0.123581516103634,-0.683571953934904,-1.48030176242626
1125,13224,"s071","m0",0.979797628969292,0.153609402663088,-0.534885970122907,-3.12813347495613
1126,13225,"s071","m0",0.853713024851539,0.034312939126782,-0.589450369271211,-1.1896842385823
1127,13232,"s071","m0",0.944649338247697,0.175997590304272,-0.65060894996514,-2.28113395686831
1128,13240,"s071","m0",0.918229226652284,0.111440432168454,-0.615986211660877,-1.16722145924377
1129,13257,"s071","m0",0.827090187793468,0.0621618973883376,-0.799877449030281,-0.637074730613678
1130,13268,"s071","m0",0.864781661277314,0.0715185486876293,-0.655843065431279,-0.760873609863551
1131,13286,"s071","m0",0.865763742505762,0.0622083474054798,-0.721178622883752,-1.57609625179103
1132,13310,"s071","m0",0.964115548963273,0.166300324824479,-0.48160817057706,-1.6529830626365
1133,13318,"s071","m0",0.861740432071138,0.133569970862363,-0.598915632735754,-0.791382116910885
1134,13320,"s071","m0",1.02095365382607,0.262548706203788,-0.469077546552559,-3.25793842749225
1135,13324,"s071","m0",0.904522137155165,0.125298595931413,-0.485896989218774,-1.64863128238307
1136,13333,"s071","m0",0.942581117198275,0.0634226059636233,-0.415162155176145,-1.98772563478249
1137,13341,"s071","m0",0.943492464674313,0.120967711972241,-0.439109751550238,-3.64021690505015
1138,13344,"s071","m0",0.921901328327754,0.128464358125723,-0.501392715132955,-1.66071064292214
1139,13359,"s071","m0",0.877391948855159,0.105914176168244,-0.564748680613545,-1.15276450923697
1140,13374,"s071","m0",0.820949299658989,0.107092275438471,-0.892803496437696,-0.609078121303359
1141,13375,"s071","m0",0.822238332195214,0.0344779314362099,-0.561154073328974,-0.80900760878024
1142,13383,"s071","m0",0.848318108411398,0.0133518137007792,-0.752966586340377,-1.77717363896302
1143,13414,"s071","m0",0.929036708826827,0.128615440915622,-0.588877042695718,-1.93464887342411
1144,13419,"s071","m0",0.953612869887557,0.110347955307947,-0.492504007335377,-1.53205981718087
1145,13441,"s071","m0",0.855750723071862,0.0891778804244813,-0.608793756462369,-0.706097666725099
1146,13450,"s071","m0",0.897774845972702,0.15392702793547,-0.52685536847515,-0.706988323931593
1147,13465,"s071","m0",0.843786818292579,0.157051590377976,-0.595609488603136,-0.295962669407137
1148,13474,"s071","m0",0.923384143508724,0.123548561304953,-0.472451437378855,-1.76545640838164
1149,13517,"s071","m0",0.885470301848534,0.185091491336031,-0.555843522185236,-0.649960381758299
1150,13527,"s071","m0",0.872448760039795,0.0835675279413993,-0.622933850731225,-0.820126534780493
1151,13540,"s071","m0",0.955569723530764,0.14741340167231,-0.570416170516759,-2.67394759283864
1152,13558,"s071","m0",0.922727505352696,0.14410571975287,-0.518113917022029,-2.4068812983099
1153,13566,"s071","m0",0.895883852355607,0.127371037260653,-0.647102053113077,-1.26692773485462
1154,13592,"s071","m0",0.964817052233196,0.203796596663434,-0.528417373442858,-1.87455196891697
1155,13618,"s071","m0",0.929637465337632,0.184185724152243,-0.547432148519648,-1.84603992208214
1156,13622,"s071","m0",0.812280554468968,0.028351112827113,-0.811876412645789,-0.802225110597628
1157,13624,"s071","m0",0.866182975256557,0.0260898770405904,-0.749526028881543,-0.966535250467545
1158,13640,"s071","m0",0.907836988437726,0.207216576562083,-0.734780755957483,-1.05893397994681
1159,13641,"s071","m0",0.833140727484638,0.0177152755556101,-0.720040143469139,-0.585940138921269
1160,13658,"s071","m0",0.826529496588298,0.102656164007846,-0.731542751985943,-0.582354094286249
1161,13673,"s071","m0",0.898800155729896,0.206185950428039,-0.523240472088388,-1.27285276783822
1162,13678,"s071","m0",0.943510875486521,0.129202279024992,-0.370137290911912,-1.78709981063372
1163,13684,"s071","m0",0.868995397147851,0.0526851576471309,-0.670709159453736,-1.87865257920284
1164,13685,"s071","m0",0.761792657954246,-0.0139470664556529,-0.622142781964691,-0.310253345857023
1165,13691,"s071","m0",0.911842894231228,0.0983953192938429,-0.559400604935919,-2.14518555028886
1166,13736,"s071","m0",0.885059756064171,0.0880962380047569,-0.53306271479349,-1.32380665215331
1167,13746,"s071","m0",0.88751241644317,0.0667972735368159,-0.542595081421879,-1.14276685362682
1168,13761,"s071","m0",0.939455223175382,0.101944680725704,-0.52316491923768,-1.4453670175089
1169,13793,"s071","m0",0.869867917643055,0.124071352349223,-0.62253622803475,-1.23689415635907
1170,13810,"s071","m0",0.911423051644309,0.11020843931651,-0.522177848352975,-1.52965320588768
1171,13832,"s071","m0",0.956324228308832,0.0816210496735985,-0.609468383170468,-2.15301671819046
1172,13860,"s071","m0",0.825655933882473,0.0281586204351834,-0.811157672586224,-0.626200278986433
1173,13865,"s071","m0",0.954039493213866,0.13329066558043,-0.390017610339423,-1.94562977105204
1174,13870,"s071","m0",0.906856014780525,0.15040776590575,-0.456437628315719,-0.990941204820215
1175,13873,"s071","m0",0.927335949737842,0.152334580903775,-0.47323754638495,-1.34602537666422
1176,13882,"s071","m0",0.893160270859602,0.107297113408211,-0.767143599051572,-1.45721689533763
1177,13889,"s071","m0",0.944414292834915,0.141536706624971,-0.393017048819989,-1.54155062832512
1178,13894,"s071","m0",0.81983509327009,0.0121113986769558,-0.700699804773358,-0.727758778220894
1179,13895,"s071","m0",0.931938765899142,0.0841216262688379,-0.675022818870829,-2.88980984939892
1180,13897,"s071","m0",0.861465501213809,0.0279135214339014,-0.652860747350806,-0.936407333066998
1181,13904,"s071","m0",0.817234942526218,0.028738673739528,-0.819212947753434,-0.660304472051234
1182,13921,"s071","m0",0.858070479559884,0.0814005575520747,-0.56717368934379,-0.431407103453858
1183,13952,"s071","m0",0.819014179614332,0.141806412384984,-0.703017492064083,-0.321266038046534
1184,13955,"s071","m0",0.850767282075952,0.111659229096722,-0.703865847175448,-1.1017347800997
1185,13964,"s071","m0",0.885032845803985,0.0996137405082807,-0.622195826698657,-0.897544105917021
1186,13974,"s071","m0",0.770202793287248,0.00676948642912419,-0.914706395601901,-0.453255737547726
1187,14009,"s071","m0",0.920965330063889,0.130590427924501,-0.362305899145664,-1.76494204988781
1188,14019,"s071","m0",0.941823042077819,0.2175844825114,-0.402366047017313,-2.13222198316832
1189,14021,"s071","m0",0.914906276863931,0.104451231640279,-0.503093284791376,-1.13150965717691
1190,14053,"s071","m0",0.938128504211507,0.119873101680628,-0.541024132201186,-1.31423172394206
1191,14059,"s071","m0",0.931608010881297,0.219812452261299,-0.563629481331378,-1.67375150181689
1192,14061,"s071","m0",0.89404056169567,0.0350943083907694,-0.660206377033984,-1.41276922276054
1193,14070,"s071","m0",0.893542293465919,0.157269241727042,-0.49539887977773,-0.992180539928975
1194,14076,"s071","m0",0.870746870391296,0.0447120706947677,-0.754096861007997,-1.04909023239119
1195,14078,"s071","m0",0.983734746575151,0.161298346855931,-0.402551495694167,-2.45875979833005
1196,14080,"s071","m0",0.940084667752495,0.153279771605909,-0.66312714380136,-2.30549561289407
1197,14085,"s071","m0",0.886316698528225,0.0950499323297589,-0.505059778472415,-0.744646866510615
1198,14105,"s071","m0",0.910294172893584,0.0626653543790292,-0.578993588631328,-2.10777767102455
1199,14122,"s071","m0",0.974380703202878,0.205158760510923,-0.378818940663441,-1.05898098075193
1200,14137,"s071","m0",0.946825709482292,0.155632270542443,-0.516852831110227,-1.9215002893193
1201,14147,"s071","m0",0.904877802413854,0.184841246392199,-0.554775326786819,-1.00253900817804
1202,14164,"s071","m0",0.832920749730211,0.0479504481945121,-0.696336408666047,-0.413176104806909
1203,14170,"s071","m0",0.8895385587849,0.159691441295704,-0.553097765762358,-0.741731883662239
1204,14177,"s071","m0",0.94333688369808,0.133189050578404,-0.351607490598308,-1.2453187559867
1205,14202,"s071","m0",0.881906484015728,0.113033704380108,-0.583730125388263,-1.34674803709517
1206,14207,"s071","m0",0.962982540842373,0.206491684986021,-0.403615385180974,-2.34251373424807
1207,14211,"s071","m0",0.944481015427973,0.169851040551558,-0.52780071828129,-1.98053806511789
1208,14233,"s071","m0",0.909782309135405,0.114708486513766,-0.497989931684165,-0.965300649296927
1209,14264,"s071","m0",0.930630634583311,0.10649890410579,-0.495058341091278,-2.02858895431051
1210,14266,"s071","m0",0.833322970351851,0.0849324178575935,-0.713196522986387,-0.479136295964931
1211,14269,"s071","m0",0.925200778024286,0.184985076034628,-0.426656582593299,-1.19604650570451
1212,14273,"s071","m0",0.895090672918238,0.0401703186759525,-0.532688078216259,-1.69409005081334
1213,14275,"s071","m0",0.87886659014919,0.152181037140867,-0.686122806858164,-1.87031744790251
1214,14276,"s071","m0",0.968504562484211,0.167573999112039,-0.307866841064743,-2.7040622576719
1215,14298,"s071","m0",0.932142881312676,0.122568889685038,-0.498149831750459,-1.74397009487226
1216,14319,"s071","m0",0.89453099053084,0.0286683823082476,-0.642141581327527,-2.3551047544246
1217,14325,"s071","m0",0.845493203447513,0.129712855547901,-0.713536355863131,-1.08388951216014
1218,14327,"s071","m0",0.827805214263007,0.0603905715015645,-0.576351148735633,-0.805524099019162
1219,14335,"s071","m0",0.944395117421187,0.129397351146417,-0.513472816085926,-1.81265794692447
1220,14336,"s071","m0",0.882537298310536,0.122074624444835,-0.635575026730035,-1.77228563046004
1221,14340,"s071","m0",0.882081236225307,0.0485674625043037,-0.636097318759035,-1.77109079442346
1222,14366,"s071","m0",0.960919197331228,0.227560126438624,-0.464371729048661,-2.15563670529669
1223,14384,"s071","m0",0.928998660734394,0.169090298654768,-0.437298562725746,-0.98855962997201
1224,14395,"s071","m0",0.928699931979528,0.133863599443783,-0.40394998595689,-1.23583430314349
1225,14398,"s071","m0",0.947014908642715,0.232486977065484,-0.479694994220979,-1.62529318675928
1226,14404,"s071","m0",0.879954607892403,0.0693594755645907,-0.612058554205664,-1.59927585920613
1227,14463,"s071","m0",0.863821883968541,0.0547022261647254,-0.680142837276638,-1.48579421398359
1228,14464,"s071","m0",0.949925657668748,0.193809092180864,-0.627084384552913,-1.6298520083215
1229,14481,"s071","m0",0.995853823926063,0.214781425887937,-0.394446957630755,-2.73509177548129
1230,14484,"s071","m0",0.859495106494866,0.0646551445942094,-0.633859350076735,-1.33268039649343
1231,14502,"s071","m0",0.882169096627539,0.17473343855907,-0.680138716515424,-0.58782859296469
1232,14503,"s071","m0",0.863894879288196,0.121700508177913,-0.532526472077047,-0.893861513702012
1233,14522,"s071","m0",0.84485198925953,0.0299881742935607,-0.68674657507909,-1.2954271477175
1234,14530,"s071","m0",0.83933429156815,0.0571063030746215,-0.665804690736827,-0.44345446226176
1235,14562,"s071","m0",1.00588836341991,0.220083516949255,-0.504047277873874,-2.47401472913723
1236,14572,"s071","m0",0.860913502754193,0.142383297632175,-0.648649642202565,-0.998115677812672
1237,14585,"s071","m0",0.861337868079915,0.04319987358743,-0.571512603222992,-0.488567483581454
1238,14588,"s071","m0",0.888791950947312,0.0845913399548703,-0.667419649176696,-0.910086601471849
1239,14592,"s071","m0",0.882137944115878,0.160405065472794,-0.590458518697965,-1.10932718321015
1240,14600,"s071","m0",0.96005013136755,0.182621890218079,-0.462965519909796,-1.67666891381783
1241,14612,"s071","m0",0.918982117662828,0.154814881182202,-0.440735427227566,-1.58458016044607
1242,14616,"s071","m0",0.835128404705775,0.0823683934996885,-0.776706374706277,-1.30943940306011
1243,14620,"s071","m0",0.872252024475582,0.163260261277426,-0.601080429153206,-0.632576831951343
1244,14666,"s071","m0",0.982440943491209,0.248567552742183,-0.243361013282691,-2.11073095117698
1245,14673,"s071","m0",0.893888233463265,0.140793833669064,-0.528765690057633,-1.03701463136144
1246,14683,"s071","m0",0.926520448975002,0.127741971505039,-0.589478151506148,-3.40934123783792
1247,14685,"s071","m0",0.981807012479521,0.129805421270355,-0.478385205976574,-2.11655581351656
1248,14706,"s071","m0",0.925175829470593,0.0801897300316282,-0.422532921054795,-0.974995294145323
1249,14729,"s071","m0",0.908993075724901,0.0676775736258273,-0.730396537727464,-2.01246565967934
1250,14740,"s071","m0",0.912189396032622,0.116612696196692,-0.477247886079609,-1.41470019767785
1251,14743,"s071","m0",0.885436031745452,0.0425585858287104,-0.494547411014473,-1.06219625179079
1252,14750,"s071","m0",0.90161210046463,0.105599616034863,-0.628955313498544,-1.44213541860285
1253,14768,"s071","m0",0.920765668955134,0.132351642648597,-0.545375627284746,-1.3912036328523
1254,14772,"s071","m0",0.933745937247863,0.151496753172764,-0.629070536425769,-2.08711987073626
1255,14783,"s071","m0",0.937673634602906,0.136911970939446,-0.42805583113291,-1.38344595483361
1256,14784,"s071","m0",0.941610143442132,0.148799053943949,-0.563643450086174,-2.0164820772439
1257,14787,"s071","m0",0.769805418793426,0.0060296100177667,-0.928487830099222,-0.18939619673004
1258,14793,"s071","m0",0.92292570007587,0.146851208046761,-0.490098793899974,-2.55726447254193
1259,14797,"s071","m0",0.92503367770095,0.13226766993886,-0.72099110679734,-1.75092094005203
1260,14805,"s071","m0",0.87849215347127,0.10271674893236,-0.775636651164785,-2.16172648700225
1261,14810,"s071","m0",0.927465613658571,0.088021352778035,-0.50845326980758,-2.16435028620367
1262,14824,"s071","m0",0.851927650614068,0.0763597833037061,-0.662809713607661,-0.962494655020553
1263,14836,"s071","m0",0.974141939782664,0.207048728335845,-0.392890779888117,-1.48462414435741
1264,14838,"s071","m0",0.836750292977776,0.105103713851337,-0.849181461565814,-1.04312750494024
1265,14839,"s071","m0",0.975133423242459,0.235512165744911,-0.47727167212437,-1.36980235022371
1266,14871,"s071","m0",0.928302431140978,0.133891438357913,-0.66254602946164,-1.80798964000353
1267,14883,"s071","m0",0.890310078256858,0.0721790321509284,-0.556824052797022,-1.75842943917245
1268,14887,"s071","m0",0.995867070098186,0.140354836178542,-0.430305139847229,-2.43670515782947
1269,14911,"s071","m0",0.876165708529082,0.0430677305073935,-0.756122587401106,-1.25259419846325
1270,14912,"s071","m0",0.879854699349841,0.145933809621769,-0.516996545025327,-0.646024973253302
1271,14917,"s071","m0",0.920702822624832,0.0706110068050345,-0.783788481352116,-1.87134471908061
1272,14922,"s071","m0",0.983739874300754,0.281147716841967,-0.434979693639379,-1.69265699425534
1273,14938,"s071","m0",0.708262127000081,-0.00480520740780246,-0.93992642904968,0.160407145491724
1274,14941,"s071","m0",0.853787196098354,-0.00744628266309326,-0.692251491166337,-1.33041966355707
1275,14949,"s071","m0",0.867363568366799,0.135939886650723,-0.717070809015756,-0.764448195033909
1276,14959,"s071","m0",0.85729714515891,0.0678836312662617,-0.748811605032126,-1.13095702620584
1277,14970,"s071","m0",0.93251884049089,0.142357122382346,-0.316941483155739,-0.859344360539595
1278,14972,"s071","m0",0.881240930788291,0.0951089150300759,-0.637285141960108,-0.805878522081793
1279,14983,"s071","m0",0.902267290991502,0.137226871057287,-0.610559431487088,-0.817880445915086
1280,14988,"s071","m0",0.866194194149057,0.0761632844320777,-0.494499477440667,-0.844214023436725
1281,14991,"s071","m0",0.903211704261345,0.136558490669572,-0.563027596267719,-1.80283757266098
1282,14994,"s071","m0",0.853888524149334,0.149834329404246,-0.678232674475243,-0.540586039354833
1283,14998,"s071","m0",0.980979140432253,0.169062746138381,-0.454447472090751,-1.78740191879556
1284,15003,"s071","m0",0.911014962823073,0.0709989239944292,-0.593465789917756,-1.22428280176795
1285,15008,"s071","m0",0.943143833481713,0.237977246334636,-0.465583060906149,-1.48759626218622
1286,15010,"s071","m0",0.914736890173939,0.0938086658107547,-0.428003073530085,-1.54856258737513
1287,15016,"s071","m0",0.884411454738116,0.125633318868607,-0.596076587716256,-1.10162438474087
1288,15048,"s071","m0",0.886820574606596,0.125547667168324,-0.525174263861768,-1.30911098692587
1289,15049,"s071","m0",0.977908640082251,0.218832371943909,-0.418889421293949,-1.41407951127312
1290,15058,"s071","m0",0.942775998172288,0.169187056910549,-0.3865464713504,-1.87589132550825
1291,15064,"s071","m0",0.900016591410588,0.155550837602471,-0.707151669467955,-1.26502167436701
1292,15071,"s071","m0",0.850287061514542,0.0738536147186463,-0.698880245591678,-1.02274366165593
1293,15073,"s071","m0",0.904235439678649,0.094025201408111,-0.524876948439438,-1.07752134677452
1294,15090,"s071","m0",0.94501216236402,0.156799789155963,-0.565866527711246,-1.50920215580493
1295,15105,"s071","m0",0.924849477735755,0.135513057560103,-0.599427524893291,-1.45712409219136
1296,15125,"s071","m0",0.928825459129253,0.154950071341203,-0.626905144972065,-1.18637395894397
1297,15136,"s071","m0",0.883809213833632,0.137112079453827,-0.701095314096636,-1.10230795250046
1298,15151,"s071","m0",0.914773341642803,0.194411206586018,-0.573996511900637,-1.87976325700816
1299,15152,"s071","m0",0.849184002145429,0.0489660997595333,-0.799232114657179,-0.923895418875761
1300,15167,"s071","m0",0.960844485331567,0.195055610961216,-0.318629343158875,-1.30214189658641
1301,15176,"s071","m0",0.844787740887093,0.139599728012881,-0.82539171055337,-0.768627086863132
1302,15205,"s071","m0",0.821887556826526,0.00545346419427605,-0.606238391852659,-0.403883782801798
1303,15209,"s071","m0",0.981542490862132,0.108497253493614,-0.539526022299645,-3.77213569994939
1304,15214,"s071","m0",0.909375556900636,0.0656311314268284,-0.473647788900706,-1.54014941226598
1305,15224,"s071","m0",0.852812397459394,0.111378495430624,-0.58993284266061,-0.704887286993094
1306,15228,"s071","m0",1.01381500791696,0.149819203550783,-0.455998746497979,-2.38617352116762
1307,15276,"s071","m0",1.01539419081298,0.144489818694083,-0.431052126840374,-1.76853725768012
1308,15300,"s071","m0",0.886478275502176,0.0737884443016293,-0.620747766589774,-1.25593453203933
1309,15305,"s071","m0",0.860004333089849,0.127715889637353,-0.593494007073953,-0.500293303600258
1310,15330,"s071","m0",0.864120567748904,-0.00831916765689136,-0.711100304319667,-0.863922747912126
1311,15332,"s071","m0",0.90442105807785,0.0926738259435717,-0.43652303960163,-1.55487106809199
1312,15346,"s071","m0",0.940429774190584,0.135255033227186,-0.438514426249779,-1.32649446751377
1313,15350,"s071","m0",0.914852980112744,0.0688247619780097,-0.434785870043028,-1.52504861396235
1314,15354,"s071","m0",0.995961957764628,0.212609859384748,-0.475275309285631,-2.55526801290696
1315,15363,"s071","m0",0.934702981800568,0.113759664189142,-0.469139999415489,-2.41637938115192
1316,15374,"s071","m0",0.93888930907347,0.13974951130987,-0.675726379459862,-1.97794243840136
1317,15380,"s071","m0",0.776028939369895,0.0421429333305483,-0.844732543497623,-0.453445341011088
1318,15395,"s071","m0",0.840399217147607,0.100085204427652,-0.862860004445426,-0.932200454844346
1319,15408,"s071","m0",0.97743735775819,0.250897747587126,-0.520425928080259,-1.7353221305072
1320,15418,"s071","m0",0.832242929491542,0.00666806853790153,-0.656065391720943,-0.72123057672913
1321,15458,"s071","m0",0.933784829027163,0.145793031916203,-0.494911649337248,-1.33369264454636
1322,15471,"s071","m0",0.890917033027645,0.156776457900382,-0.735588029838232,-1.10814947741405
1323,15492,"s071","m0",0.958879256574201,0.219524127877116,-0.497427793538044,-2.25161609152876
1324,15498,"s071","m0",0.925853275508679,0.130610914789545,-0.454318339252715,-1.09472552646733
1325,15511,"s071","m0",0.877953907849954,0.0759225355964747,-0.490606824111264,-1.23945359156397
1326,15517,"s071","m0",0.906980419581656,0.199722237042062,-0.60071635442505,-0.823155038925091
1327,15523,"s071","m0",0.865202891646953,0.0724844380505744,-0.656145918449588,-1.73338845231911
1328,15528,"s071","m0",0.930184392369915,0.114843582481427,-0.498854015392952,-3.28660613643442
1329,15531,"s071","m0",0.865933833183188,0.0647532451254921,-0.596692609879406,-1.13112483885996
1330,15595,"s071","m0",0.945453885376173,0.211515256456934,-0.355418630360588,-1.70248866785956
1331,15606,"s071","m0",0.921796612704232,0.184449958582849,-0.470728984311395,-0.964691908284483
1332,15615,"s071","m0",0.873152750445456,0.0871114520951865,-0.628809471123051,-1.18066798953112
1333,15640,"s071","m0",0.852466770903583,0.106684773482473,-0.755824361643603,-1.21248535441867
1334,15645,"s071","m0",0.945923008486461,0.206191657562912,-0.532277938430221,-1.47588700145594
1335,15647,"s071","m0",0.93182924565547,0.0963254456332586,-0.722512992520953,-2.05481147477642
1336,15657,"s071","m0",0.827907784096482,0.0389964551042004,-0.736104156098386,-1.18071009039738
1337,15658,"s071","m0",0.92175566397893,0.071452682562455,-0.441576454381433,-1.30091386675231
1338,15661,"s071","m0",0.93408454736709,0.141106353877054,-0.53614631933426,-0.966880675715328
1339,15674,"s071","m0",0.897074941899813,0.124063394697716,-0.682791181524606,-2.03258764785558
1340,15683,"s071","m0",0.9096216598064,0.156646545103952,-0.627410096014582,-1.96478205697921
1341,15723,"s071","m0",0.904966962082238,0.102213708092569,-0.539076439731987,-1.21477372591416
1342,15724,"s071","m0",0.868986762543587,0.11582813881213,-0.684041101432353,-0.518853650952155
1343,15728,"s071","m0",0.842145619067874,0.126721886054539,-0.746155605864345,-0.880095115079349
1344,15760,"s071","m0",0.953281272340273,0.133192948734043,-0.565801516691001,-2.4180261210546
1345,15782,"s071","m0",0.865736996278848,0.0852145105183453,-0.599125391854387,-0.961982942743846
1346,15783,"s071","m0",0.791968608450499,0.0197720081356382,-0.743585585567866,0.0971397168918432
1347,15785,"s071","m0",0.974968525424325,0.161993970509179,-0.375676226476704,-1.77505957874291
1348,15811,"s071","m0",0.791794237301519,0.0793602072180347,-1.05044919756827,-0.770276292350525
1349,15856,"s071","m0",0.969606521379969,0.164737898540996,-0.43585255261459,-2.32823447180699
1350,15877,"s071","m0",0.902799928053322,0.12996488053865,-0.597268489915982,-1.00681711410914
1351,15886,"s071","m0",0.947423076541378,0.168368700341239,-0.497130109053375,-1.65598811622175
1352,15916,"s071","m0",0.928124723588255,0.0725671981775591,-0.461385838893212,-2.56274879575026
1353,15919,"s071","m0",0.856338085102761,0.0745828399332293,-0.648807259763982,-1.1311768092052
1354,15927,"s071","m0",0.886611036521827,0.117559445872891,-0.429163623348245,-1.23663186526213
1355,15930,"s071","m0",0.930992528407806,0.191825990967469,-0.528283533118023,-1.96866729090565
1356,15934,"s071","m0",0.967540149506541,0.17143841244923,-0.404687658759701,-1.88235780298109
1357,15937,"s071","m0",0.961076887546379,0.233456823134414,-0.543184712262792,-1.41769949342642
1358,15946,"s071","m0",0.893927937588103,0.113117901300089,-0.605207564849436,-1.68679813798641
1359,15955,"s071","m0",0.963733871686024,0.163046271292596,-0.464792345259244,-1.9689287324516
1360,15969,"s071","m0",0.880602329689419,0.0522099032515711,-0.60305023112831,-1.22898244072858
1361,15983,"s071","m0",0.923852829157942,0.0931066466159224,-0.671734940250093,-1.46212921284467
1362,15989,"s071","m0",0.871906691971962,0.0685938753116776,-0.625397549311123,-0.978053565177933
1363,15992,"s071","m0",0.899132126954936,0.159391234087556,-0.563625548073457,-1.09867760461342
1364,16009,"s071","m0",1.01325079856024,0.194598792212152,-0.298073438151108,-1.93532755961507
1365,16012,"s071","m0",0.934224106047407,0.113078562137838,-0.507228074479137,-1.94983514907724
1366,16018,"s071","m0",0.916948057453364,0.0856362821454718,-0.504452009131742,-1.32299447025135
1367,16038,"s071","m0",0.828810502863899,0.126313181062032,-0.585548447600118,-0.782914579799173
1368,16044,"s071","m0",0.85647798394329,0.120340937817224,-0.716146333737423,-0.608400988676333
1369,16048,"s071","m0",0.914494535362913,0.107119474635589,-0.657759478269649,-1.66492872121787
1370,16068,"s071","m0",0.88486978028458,0.0750863198537264,-0.506326494390491,-0.698679530380043
1371,16085,"s071","m0",0.911911736048088,0.101874590935168,-0.519650661821812,-0.958288426253177
1372,16105,"s071","m0",0.930437709476225,0.0728404555324627,-0.584239933247885,-1.6027019316883
1373,16115,"s071","m0",0.844272406822136,0.0363213270549892,-0.796062298745127,-0.721621452269367
1374,16124,"s071","m0",0.894472479679533,0.174002424186905,-0.473111061245393,-0.776492104159098
1375,16156,"s071","m0",0.859898780100605,0.120760901790078,-0.608165515917599,-0.953018261424302
1376,16189,"s071","m0",0.9021801164456,0.0774862742048611,-0.336673840002024,-1.60790877177376
1377,16192,"s071","m0",0.970726797605967,0.142508627995854,-0.532145197210492,-2.27172834723881
1378,16196,"s071","m0",0.815428179910586,0.016919172600939,-0.893730549286256,-0.988052676513291
1379,16200,"s071","m0",0.980376613182053,0.210035204358164,-0.400436130692844,-2.37821125086402
1380,16222,"s071","m0",0.92124930441667,0.121305910284685,-0.512745161121567,-1.50975519901257
1381,16229,"s071","m0",0.81688050697573,0.0295684899584022,-0.86293538058698,-0.583950810987392
1382,16238,"s071","m0",0.821175545409683,0.0801051229564087,-0.801539515773934,-0.525293577863665
1383,16239,"s071","m0",0.93180847626263,0.128546350787465,-0.365024367641579,-1.53269493524031
1384,16268,"s071","m0",0.938144218411968,0.164863445278582,-0.561282487110878,-1.54010035857977
1385,16272,"s071","m0",0.941636022081596,0.184251964704027,-0.374737541745261,-1.57836582233248
1386,16277,"s071","m0",0.910791579241297,0.125037434885273,-0.550944871804766,-1.49913483721159
1387,16278,"s071","m0",0.933399957074916,0.073978760479665,-0.737151698473816,-1.47422857919473
1388,16293,"s071","m0",0.904264133125046,0.137359202989428,-0.611061249771578,-1.68130714718373
1389,16295,"s071","m0",0.921709886666013,0.110236896430552,-0.51364683845509,-1.69882357086143
1390,16327,"s071","m0",0.96235979300398,0.200481640603207,-0.456895589435531,-2.1661577133516
1391,16344,"s071","m0",0.804433541035658,0.0770194926720683,-0.615394884989145,-0.277898193471883
1392,16348,"s071","m0",0.878591148667965,0.0599541896579718,-0.567868351227148,-1.07957312820531
1393,16349,"s071","m0",0.953515434730726,0.201030788144742,-0.596526410995991,-1.9876444888077
1394,16357,"s071","m0",0.916673410825228,0.177335033534467,-0.570856023694694,-0.741989613084903
1395,16361,"s071","m0",0.854948901336659,0.0252620642824453,-0.736358365855348,-0.988270624122449
1396,16364,"s071","m0",0.870977055083171,0.110096089687144,-0.528525393729543,-1.4521364182908
1397,16367,"s071","m0",0.927676574591781,0.123765446385645,-0.665725236157339,-2.20174540032242
1398,16400,"s071","m0",0.787246153076384,0.00965642799303895,-0.855858017214115,-0.688315975475352
1399,16406,"s071","m0",0.841938602828912,0.0606255272694993,-0.592829802328217,-0.753742263987355
1400,16415,"s071","m0",0.870682721068984,0.0547507295891028,-0.581470603336891,-2.04022775083598
1401,16452,"s071","m0",0.88745120087995,0.137795378318145,-0.63548062104642,-1.05132129585741
1402,16475,"s071","m0",0.951091261844588,0.21118782729472,-0.535133857679854,-1.51709632441709
1403,16478,"s071","m0",0.840921557913396,0.111342826301059,-0.814511556498077,-1.06063371357939
1404,16480,"s071","m0",0.850008398417707,0.0542215015278509,-0.537903338633976,-0.862106858314631
1405,16483,"s071","m0",0.908179422922299,0.134716072454926,-0.693794644506682,-1.7279233021114
1406,16514,"s071","m0",0.87718858947034,0.103123065977151,-0.51571498499804,-0.971227788894615
1407,16515,"s071","m0",0.947863947822421,0.160931721829119,-0.674396886791034,-1.52895724836017
1408,16519,"s071","m0",0.838999205683139,0.0206642360931838,-0.848379959579643,-1.00423255175352
1409,16534,"s071","m0",0.985710189226587,0.100753947451124,-0.412512853406246,-2.19229505111624
1410,16578,"s071","m0",0.907233005432222,0.0924911101036026,-0.533357347695011,-1.68451095615817
1411,16586,"s071","m0",0.901426150083643,0.120728664913424,-0.498393762208995,-1.19107171754842
1412,16591,"s071","m0",0.876868217746319,0.0459455846963545,-0.66599102328926,-0.860019682520563
1413,16598,"s071","m0",0.91773606090338,0.118532961464887,-0.591874886196287,-1.75930077370902
1414,16601,"s071","m0",0.852810766415276,0.0305954811566461,-0.711111912085623,-1.53131721303722
1415,16612,"s071","m0",0.934708919353891,0.142397878459801,-0.468645630164101,-2.12142238222019
1416,16618,"s071","m0",0.925779131734514,0.152587297932395,-0.520347138273574,-1.37923053315802
1417,16627,"s071","m0",0.838136499706575,0.128264220893889,-0.573457448388384,-0.718328561097939
1418,16631,"s071","m0",0.906949041330771,0.10859192965277,-0.70154419120407,-1.87756080270925
1419,16642,"s071","m0",0.923979484023755,0.219011460033452,-0.647639793832325,-1.40069991794165
1420,16648,"s071","m0",0.896309183624619,0.107827527541867,-0.699566287318633,-1.18983711749986
1421,16666,"s071","m0",0.864455477550572,0.0828763188795856,-0.630847186939742,-0.734130951090503
1422,16691,"s071","m0",0.939066129131903,0.17704941341548,-0.494094596553425,-0.934533395803497
1423,16702,"s071","m0",0.89026935862117,0.0870517847800187,-0.575372451858828,-2.05257872239863
1424,16737,"s071","m0",0.938945937366661,0.129493173269309,-0.489866411199059,-1.85082369790316
1425,16777,"s071","m0",0.950415508243019,0.224380088461013,-0.499042347033142,-1.74706134015028
1426,16784,"s071","m0",0.78272828055402,-0.0342907652517326,-0.833383408299735,-0.709763079836482
1427,16787,"s071","m0",0.953001004157666,0.159740345507487,-0.540443357999663,-2.31717096860075
1428,16791,"s071","m0",0.973790432135941,0.147453663787558,-0.44268453537113,-2.52221790629403
1429,16794,"s071","m0",0.915296353709635,0.110595684136436,-0.339259813393192,-1.40266025226832
1430,16806,"s071","m0",0.924029886841008,0.100461282722727,-0.62899644020791,-1.61163404009638
1431,16812,"s071","m0",0.941450979846536,0.175224271758065,-0.463296172598992,-1.53641083302416
1432,16823,"s071","m0",0.851219902489061,0.087628172224579,-0.693746403063111,-0.479195151454619
1433,16863,"s071","m0",0.893949441141156,0.136009014700537,-0.512006679513084,-1.00354704930469
1434,16877,"s071","m0",0.934243592773778,0.135839101811392,-0.600756431783098,-1.66483245102758
1435,16878,"s071","m0",0.855496097137279,0.0748625689509111,-0.754073934521714,-0.802540898393507
1436,16879,"s071","m0",0.816390082579391,0.0679971492063838,-0.851296068082676,-0.904234405581804
1437,16882,"s071","m0",0.916081203633371,0.128990364369315,-0.589485620040926,-1.43913620838303
1438,16897,"s071","m0",0.89242808269496,0.0537175927659427,-0.592239946421992,-1.27865897496198
1439,16904,"s071","m0",0.862899626268322,0.068843970553043,-0.667981895426925,-1.11822162229059
1440,16907,"s071","m0",0.868967545635512,0.0800378206113008,-0.466490073332718,-0.952493260442614
1441,16912,"s071","m0",0.968038776270966,0.202311085766029,-0.545983072879897,-3.44401011651776
1442,16971,"s071","m0",0.937734421873754,0.0851157203449051,-0.402225493155746,-2.00070650478042
1443,16982,"s071","m0",0.900863170276951,0.126352372850345,-0.596301533757966,-0.902015422039806
1444,17004,"s071","m0",0.918756158845683,0.102878496514413,-0.558057239575725,-1.22811525399959
1445,17009,"s071","m0",0.792674167016699,0.115403483382868,-0.749937838538875,-0.203461414632484
1446,17011,"s071","m0",0.9900922675214,0.266019970205364,-0.295289924027988,-1.56795350130799
1447,17014,"s071","m0",0.965907930687387,0.167670252139155,-0.464719910187518,-2.41734410633434
1448,17025,"s071","m0",0.992891508136589,0.256065897032194,-0.357172115690256,-1.31054942551645
1449,17029,"s071","m0",0.875390645380292,0.105285820691985,-0.721497510497528,-1.48337452146383
1450,17036,"s071","m0",0.882603686366419,0.149988801531867,-0.34199518817319,-0.671475667498226
1451,17042,"s071","m0",0.961018236964478,0.152093205313281,-0.326224437626993,-1.90701097866465
1452,17057,"s071","m0",0.893861194219762,0.133887977567568,-0.504781672255992,-1.04601141099516
1453,17071,"s071","m0",0.952380243467112,0.151102448513043,-0.367127323639532,-1.42431806651045
1454,17081,"s071","m0",0.888886698883311,0.052328700512421,-0.697241438667323,-1.49316813518324
1455,17083,"s071","m0",0.919464753130581,0.139954102901914,-0.513998900891382,-1.51964318917275
1456,17089,"s071","m0",0.914085153388871,0.130920771825134,-0.614301593855057,-0.979639249164258
1457,17090,"s071","m0",0.987945640538063,0.190622669172267,-0.332814057926226,-2.11899850563513
1458,17104,"s071","m0",0.928081014968689,0.149657489928323,-0.489248447330042,-1.29396678783583
1459,17119,"s071","m0",0.903284046183986,0.163323052427926,-0.467908774742474,-0.671736877012268
1460,17123,"s071","m0",0.927886839070593,0.181725474933717,-0.615074783739404,-1.37404311219781
1461,17150,"s071","m0",0.899072929979635,0.121890755699665,-0.645237095261817,-1.15117500875354
1462,17151,"s071","m0",0.890457935489809,0.154889236250244,-0.455027877232717,-1.00059643933361
1463,17159,"s071","m0",0.790390259707946,-0.0106547549663659,-0.873016293924906,-0.577611573325326
1464,17200,"s071","m0",0.954521655309963,0.148218673154888,-0.434506033936229,-1.70602830961122
1465,17214,"s071","m0",0.96158641924071,0.187255001768339,-0.515264927904391,-3.07922471709067
1466,17241,"s071","m0",0.785442755888513,0.00202978415867331,-0.918517487596052,-0.397528669392015
1467,17245,"s071","m0",0.918441079225173,0.104257756852145,-0.470924585680656,-1.64104881394728
1468,17247,"s071","m0",0.99594970455226,0.191768275308782,-0.404202954096603,-2.83963015525454
1469,17250,"s071","m0",0.833878470556146,0.0399625388707198,-0.694427368019875,-0.654137112908975
1470,17329,"s071","m0",0.94610763413255,0.158576941772443,-0.449394691697026,-2.07277749909557
1471,17349,"s071","m0",0.945105477109889,0.115939298322686,-0.532427616579259,-2.91136315746179
1472,17353,"s071","m0",0.879325265088268,0.0624944567402986,-0.733608162643503,-1.44207420323722
1473,17367,"s071","m0",0.926963207336024,0.196479341548462,-0.448582124962309,-0.787533394921377
1474,17401,"s071","m0",0.844416012340849,0.0719277313016654,-0.512824939130837,-1.36667687534104
1475,17405,"s071","m0",0.900504672052642,0.0900714145501544,-0.691004538428336,-2.20455124009848
1476,17415,"s071","m0",0.980630962335155,0.202125923667845,-0.443880840287096,-1.67711901574885
1477,17416,"s071","m0",0.833759743248627,0.090904309893669,-0.593657087250668,-0.718717701483748
1478,17424,"s071","m0",0.980000812131531,0.163470027174213,-0.405324486351817,-2.81741563424767
1479,17434,"s071","m0",0.941578487178774,0.150710760303999,-0.643629088225834,-1.65778287644513
1480,17445,"s071","m0",0.880110525285366,0.120774487646844,-0.634930553546143,-1.17151455790165
1481,17454,"s071","m0",0.929756649422945,0.0814577977207583,-0.632414594349613,-1.78901537967442
1482,17465,"s071","m0",0.935142904505516,0.164158740833125,-0.416168538356592,-1.09340817764476
1483,17501,"s071","m0",0.908992077662072,0.070575193675378,-0.541570863907309,-3.05511770309224
1484,17505,"s071","m0",0.860249959118509,0.0691349198951866,-0.555792419306555,-0.667678741442917
1485,17526,"s071","m0",0.952360537465235,0.188928763710288,-0.597620717464375,-1.92097417359246
1486,17533,"s071","m0",0.780709221758584,0.0508378421721932,-0.812112222739939,-0.468106058467676
1487,17551,"s071","m0",0.888488716900924,0.114519718564114,-0.621381949674979,-1.19942137496902
1488,17620,"s071","m0",0.989531490717065,0.186614364633878,-0.474431591839903,-2.23424694374189
1489,17628,"s071","m0",0.825099520563396,0.0220857576848849,-0.833437612517724,-1.12370473347142
1490,17644,"s071","m0",0.828325970682492,0.0773994510035554,-0.57297497731158,-0.439274836089219
1491,17648,"s071","m0",0.939692745565421,0.138221103593184,-0.589758457136288,-1.63314299354415
1492,17659,"s071","m0",0.945055759072137,0.106228328498023,-0.444417253369561,-1.9627881617077
1493,17662,"s071","m0",0.821377071264872,-0.00850070725645681,-0.862931288998615,-0.977793358494333
1494,17665,"s071","m0",0.843356561663251,0.046188363211376,-0.626282891188932,-1.18212028761592
1495,17679,"s071","m0",0.929680811384315,0.127463559227262,-0.569313843796536,-1.62366455547982
1496,17687,"s071","m0",0.904890708288048,0.103495983698337,-0.651522165716972,-1.65457181486975
1497,17692,"s071","m0",0.987978126711518,0.117237672217766,-0.501996974347444,-2.24735075422188
1498,17693,"s071","m0",0.801055403378113,0.0953688826453506,-0.767007487881769,-0.262987170504062
1499,17704,"s071","m0",0.95751190625985,0.227415635378891,-0.372345407438722,-2.19028042012612
1500,17712,"s071","m0",0.925692078887171,0.110118479025021,-0.570296713069661,-2.6506294800398
1501,17714,"s071","m0",0.920364020212713,0.0833640814940789,-0.504004940614919,-1.4495703867751
1502,17730,"s071","m0",0.880178361505263,0.0763024424028743,-0.608234594015814,-1.93825762603683
1503,17736,"s071","m0",0.773327491419908,-0.0293675243918517,-0.69813071903972,-0.51351544970657
1504,17745,"s071","m0",0.908418148395031,0.0839731949462337,-0.650982048065057,-1.35874818091421
1505,17752,"s071","m0",0.890654159800655,0.0597423127629021,-0.628585127914636,-1.36807148091118
1506,17760,"s071","m0",0.882528807889876,0.0902818788042988,-0.69172326850857,-1.66441974310084
1507,17763,"s071","m0",0.911283770954215,0.177938551498645,-0.623038171695797,-1.11693532470089
1508,17767,"s071","m0",0.990606605972117,0.220320563942091,-0.362545835029462,-1.76173661780322
1509,17768,"s071","m0",0.823609385510008,0.0441161643913585,-0.631087517199772,-0.866212601197179
1510,17779,"s071","m0",0.940804916857268,0.19404821191288,-0.506260652116902,-1.4994523372952
1511,17793,"s071","m0",0.870364664551487,0.138462026718593,-0.653721761571778,-1.23576671059442
1512,17795,"s071","m0",0.937626239256315,0.155431528074555,-0.633548901402524,-1.916737964401
1513,17809,"s071","m0",0.90799998836622,0.141779983865545,-0.626797486180971,-1.69905774844923
1514,17816,"s071","m0",0.885682907431768,0.124037392502527,-0.662222382842436,-1.63559459584387
1515,17826,"s071","m0",0.879760655625604,0.129035197454507,-0.622443287117651,-1.16827529312775
1516,17851,"s071","m0",0.917507155733816,0.0836477459024105,-0.514971435082908,-2.33144006484725
1517,17867,"s071","m0",0.88299497570439,0.0508832410365408,-0.67318088987161,-0.790095435432382
1518,17883,"s071","m0",0.789224581568798,-0.0303353559094226,-0.907132508885779,-1.25667059427781
1519,17889,"s071","m0",0.985049424735555,0.226013593133218,-0.481932435807055,-2.55481614420662
1520,17920,"s071","m0",0.792630027951182,0.064949649206057,-0.873009576337491,-0.526358157565597
1521,17973,"s071","m0",0.865140719177952,0.0848475863124842,-0.512962470251222,-1.22559977877197
1522,17976,"s071","m0",0.91014499973209,0.126498068572704,-0.63391755785234,-1.50069065951095
1523,18031,"s071","m0",0.83450695490244,0.030264429193947,-0.785876680131135,-0.505274039087472
1524,18036,"s071","m0",0.844230326690305,-0.00235549096293993,-0.567634763631027,-0.930732397730389
1525,18047,"s071","m0",0.914560895026355,0.12924178840667,-0.719508467115602,-1.63908342027599
1526,18049,"s071","m0",0.897700543022204,0.0973736747176369,-0.580674074466293,-1.72227210846995
1527,18051,"s071","m0",0.928429163526945,0.125624902272874,-0.45590567104602,-1.79154972133712
1528,18070,"s071","m0",0.888171262087693,0.140132093073884,-0.679140647849175,-1.27077562079425
1529,18094,"s071","m0",0.979427756607451,0.130013960704466,-0.425668954140192,-2.13912004048515
1530,18099,"s071","m0",0.865220348966338,0.0655120662159141,-0.525700180523169,-1.33480746785228
1531,18111,"s071","m0",0.857523437746909,0.124128691141349,-0.799085742984221,-0.830407425664955
1532,18131,"s071","m0",0.814102904680351,0.0183344630184865,-0.899944574500043,-1.01430300093658
1533,18147,"s071","m0",0.84017607855277,0.0350630338179345,-0.68764828325609,-1.07101842602563
1534,18153,"s071","m0",0.835370469934729,-0.00937686174557067,-0.600914657948866,-0.878594891030019
1535,18181,"s071","m0",0.86386037582209,0.083398887730732,-0.549530884635821,-1.09784706043874
1536,18197,"s071","m0",0.906560485117192,0.0954787218631167,-0.655484476556485,-1.66228070504105
1537,18212,"s071","m0",0.876083523373467,0.172294468817274,-0.657084090251091,-0.835021362993901
1538,18215,"s071","m0",0.914830150077957,0.141498716764121,-0.554851493425975,-1.50717970885563
1539,18219,"s071","m0",0.894911883278274,0.174677413233103,-0.592489841558441,-1.46347248014417
1540,18234,"s071","m0",0.933678368085549,0.0834280352348399,-0.400374483651204,-1.42361884044242
1541,18267,"s071","m0",0.910102739792606,0.0783562584462963,-0.630111850627376,-2.42276170658418
1542,18277,"s071","m0",0.999617052453633,0.157686775546132,-0.314914696023702,-2.96826933203245
1543,18290,"s071","m0",0.921002934857603,0.15994966653302,-0.336306125077524,-1.17168018084411
1544,18311,"s071","m0",0.897585236285111,0.0733030144231232,-0.634822072343387,-0.995323360694342
1545,18320,"s071","m0",0.974346105800458,0.115108127723366,-0.444048107578495,-2.13316061788391
1546,18350,"s071","m0",0.847040197512335,0.0429483262411759,-0.54075482719845,-1.22751372293225
1547,18385,"s071","m0",0.901868899849919,0.0600571692069119,-0.656362771457021,-1.88650136639177
1548,18396,"s071","m0",0.79031566945327,0.0413042640952159,-0.747387667824831,-0.477197663931638
1549,18401,"s071","m0",0.890803122331489,0.13426732507769,-0.612676412765189,-1.50969592667656
1550,18409,"s071","m0",0.8803466649566,0.127916283538024,-0.687065828045326,-1.28355809959504
1551,18434,"s071","m0",0.913249409626906,0.0865406451534283,-0.457020158358579,-1.03817606445395
1552,18442,"s071","m0",1.00245968708682,0.234953026032485,-0.424537724382225,-3.67097196143272
1553,18453,"s071","m0",0.881677885862207,0.0589022898399034,-0.515977651827185,-1.181248244728
1554,18455,"s071","m0",0.977656520362064,0.193786792753004,-0.469320478541312,-1.62472616239477
1555,18463,"s071","m0",0.923335647471847,0.182537587044705,-0.479537939139891,-1.47068784066802
1556,18469,"s071","m0",0.94585319989323,0.134896722740945,-0.683457462497208,-2.09728958962755
1557,18479,"s071","m0",0.919524580485408,0.143449501687027,-0.603237486014218,-1.38438483627662
1558,18484,"s071","m0",0.85043364554337,0.123698929667619,-0.803254948355137,-0.822365234649674
1559,18499,"s071","m0",0.921554088717756,0.0826649396476585,-0.749034604477484,-2.29785521138566
1560,18503,"s071","m0",0.967278556534739,0.131333310277754,-0.430769624442373,-2.59243931114773
1561,18526,"s071","m0",0.898932969130645,0.110582110684928,-0.4456385584117,-1.53627696090078
1562,18540,"s071","m0",0.856221422322792,0.0364369783185269,-0.910967915021999,-1.9837528828442
1563,18544,"s071","m0",0.848902711023945,0.104539015542891,-0.608588461290146,-1.00846472299896
1564,18556,"s071","m0",0.891938378278777,0.0523336645143915,-0.458885502404786,-0.873534592263106
1565,18603,"s071","m0",0.866599817602313,0.15690129751135,-0.715635617580324,-0.750748709998409
1566,18616,"s071","m0",0.930407769942354,0.150063419632025,-0.500753085732043,-2.52844665803677
1567,18627,"s071","m0",0.971446955419237,0.181922702969177,-0.482021852119778,-2.42080223675455
1568,18637,"s071","m0",0.92197222651309,0.155115221115592,-0.570153034602938,-1.05477597527449
1569,18645,"s071","m0",0.913543252117541,0.162237866730703,-0.592222177993772,-1.85425320606898
1570,18650,"s071","m0",0.896686125284781,0.0872822936787598,-0.564668672049949,-1.86082902435337
1571,18657,"s071","m0",0.89367175687639,0.149210209156685,-0.528086498737127,-1.54371564802149
1572,18694,"s071","m0",0.855233294027725,0.0518928172660584,-0.671004927656798,-1.24677557401521
1573,18702,"s071","m0",0.900752933373868,0.112860236013509,-0.555207956397211,-1.536016691811
1574,18720,"s071","m0",0.967279093144646,0.261452885637107,-0.510296716195978,-1.47136183309105
1575,18732,"s071","m0",0.904051189871479,0.115155109178628,-0.425684107486746,-1.34351436306275
1576,18736,"s071","m0",0.894068024709908,0.122726256883881,-0.623349552819063,-0.760548693707362
1577,18745,"s071","m0",0.937719993941629,0.153957434283189,-0.528479931255859,-1.32744288120053
1578,18761,"s071","m0",0.922108963369117,0.206731792868724,-0.561693959540593,-1.08497727301953
1579,18764,"s071","m0",0.923344088982107,0.14694079682609,-0.625877967863858,-1.58547500421914
1580,18765,"s071","m0",0.953440767652454,0.104833736943909,-0.524163675494431,-2.23895491160716
1581,18767,"s071","m0",0.938562629201688,0.0680906473499769,-0.515888796782171,-2.36139080471788
1582,18778,"s071","m0",0.827518664180335,0.0739727677026985,-0.715080867179863,-0.551609088291571
1583,18794,"s071","m0",0.856192018447078,0.16578177936272,-0.636606983706978,-0.404003117641435
1584,18806,"s071","m0",0.881525136128218,0.124608296597248,-0.742436224557103,-1.27463679735886
1585,18807,"s071","m0",0.870223939658839,0.072923772808248,-0.703291431793559,-1.61567460439609
1586,18808,"s071","m0",0.877325757886179,0.103940491132586,-0.611456723500082,-1.41834191289365
1587,18817,"s071","m0",0.94471930164142,0.187181334867697,-0.447656356025045,-1.80750284137761
1588,18820,"s071","m0",0.865866614104082,0.0715382222167272,-0.502728879062346,-1.4146528520124
1589,18822,"s071","m0",0.923138916981067,0.178081323492925,-0.511010845415956,-0.984884805076546
1590,18830,"s071","m0",0.928615395611821,0.157033280713025,-0.562733729283588,-1.40925282581286
1591,18832,"s071","m0",1.01434772938136,0.244661064250029,-0.465341967282441,-2.54377838912951
1592,18837,"s071","m0",0.892709721548102,0.038589499411324,-0.71690719808746,-1.0204012167448
1593,18850,"s071","m0",0.871765001291391,0.103745880998095,-0.621631738984635,-1.33238860019833
1594,18851,"s071","m0",0.965733299527759,0.203219962456603,-0.287838493377784,-1.55090815688174
1595,18861,"s071","m0",0.943193796257489,0.164844955203621,-0.4583901917386,-1.49727921982269
1596,18874,"s071","m0",0.921350930834773,0.0888428903041575,-0.493472870092824,-1.75372280071978
1597,18911,"s071","m0",0.993524337985669,0.144412032200186,-0.352763244007789,-2.23820799845632
1598,18913,"s071","m0",0.895751667227009,0.129302597470294,-0.645825406478224,-1.1022410788384
1599,18924,"s071","m0",1.00048974180873,0.198774852155423,-0.477097429133268,-2.80730708597873
1600,18931,"s071","m0",0.891222901020926,0.0882924566146924,-0.721982564347369,-1.26512701311293
1601,18970,"s071","m0",0.900218969871185,0.149412368416825,-0.547575729132352,-1.62880117664579
1602,18985,"s071","m0",0.892803143533799,0.160542581217944,-0.602436385615334,-1.61674650057692
1603,18987,"s071","m0",0.894635556212834,0.0532021941440971,-0.642803130156998,-1.80859601359492
1604,18995,"s071","m0",0.906285362897238,0.0591629894735917,-0.654612556458389,-1.92291388498515
1605,19012,"s071","m0",0.946601279319174,0.1728804358764,-0.55875426693218,-2.22273572006448
1606,19015,"s071","m0",0.912621119289945,0.0542897712821483,-0.634683111525809,-2.00167457197019
1607,19019,"s071","m0",0.874110095481733,0.107715137487364,-0.557982763682265,-0.825060578904234
1608,19020,"s071","m0",0.971919257578619,0.245979397549667,-0.368481158380991,-1.93288870670736
1609,19025,"s071","m0",0.874660787626286,0.129759989234044,-0.719569947012566,-1.07297800644803
1610,19026,"s071","m0",0.878717893688241,0.135184569121442,-0.662459763072185,-1.71746978535055
1611,19047,"s071","m0",0.884800102293355,0.158186920282427,-0.53160253596274,-1.0745645706539
1612,19054,"s071","m0",0.900111001901968,0.141627424669844,-0.481454550045645,-1.64665351765206
1613,19065,"s071","m0",0.919822359490811,0.107194358605406,-0.516125090328868,-2.35305186104632
1614,19066,"s071","m0",0.936321169818133,0.137999643004639,-0.313154491837201,-1.31242536218937
1615,19074,"s071","m0",0.954701917519471,0.118767606520511,-0.463990495334488,-1.63507332638646
1616,19077,"s071","m0",0.989599000523383,0.191428362742336,-0.343536634802183,-2.62949949223437
1617,19079,"s071","m0",0.848803874847758,0.0490057657078831,-0.643099596204713,-1.32659592238534
1618,19117,"s071","m0",0.939491047528121,0.0832610332139879,-0.405611881693747,-2.41967377339324
1619,19124,"s071","m0",0.884567720669001,0.0779663962350947,-0.529391327155569,-1.214293785759
1620,19143,"s071","m0",0.980221036157746,0.192282826635984,-0.425971502340289,-1.44798644769452
1621,19157,"s071","m0",0.885582135422508,0.133511961930216,-0.577258634895849,-1.18223200622584
1622,19162,"s071","m0",0.879127830581625,0.117074449211092,-0.576785150006208,-1.19986352838347
1623,19169,"s071","m0",0.893460624886499,0.0886798392718662,-0.515450388096562,-1.18025972253153
1624,19177,"s071","m0",0.83937465093813,0.0366217389687516,-0.815013482797544,-0.868047659531787
1625,19189,"s071","m0",0.843560220070237,0.0615535999767664,-0.669922927752102,-1.04076287376604
1626,19204,"s071","m0",0.901861185004309,0.137403990869894,-0.539493201776028,-2.06866801695025
1627,19214,"s071","m0",1.00111808706569,0.197856874568201,-0.478368806289868,-2.45344906160695
1628,19236,"s071","m0",0.943320261784378,0.183339966777742,-0.469145874854713,-1.40529114027757
1629,19242,"s071","m0",0.915779308619275,0.0686667092332664,-0.623314654830606,-2.0414266019376
1630,19248,"s071","m0",0.935552643879878,0.169219645883814,-0.512124194782754,-1.16468335809915
1631,19259,"s071","m0",0.960184128436665,0.16460166922145,-0.337778417434738,-1.94089222633498
1632,19272,"s071","m0",0.864256324013303,0.0866788447095765,-0.785811429367912,-0.917466092576731
1633,19292,"s071","m0",0.926815536982128,0.104567774228558,-0.618322806141552,-2.05321982536496
1634,19307,"s071","m0",0.812710382888898,0.0610798685322049,-0.683480915260766,-0.607016294958345
1635,19309,"s071","m0",0.879130505206977,0.0164471224704642,-0.648821104848551,-1.21534148834997
1636,19328,"s071","m0",0.927871306762048,0.135911808416325,-0.496683746387582,-2.93015234566278
1637,19341,"s071","m0",0.91736129531033,0.145245239445535,-0.610784438152522,-1.35939524793216
1638,19343,"s071","m0",0.931378373998152,0.154901748185985,-0.444535431865636,-1.56606882044848
1639,19352,"s071","m0",0.845348089062775,0.0561182337813903,-0.75369090424171,-1.23296136000378
1640,19353,"s071","m0",0.991901064349508,0.209946455563885,-0.418915838272897,-2.25285899078134
1641,19362,"s071","m0",0.894281745951135,0.161395990348943,-0.41963223214775,-0.824379790411442
1642,19369,"s071","m0",0.965289094172573,0.16671059704434,-0.515903387925267,-1.79270991374895
1643,19383,"s071","m0",0.978609226377107,0.187979601113071,-0.567272847350861,-2.02005823504922
1644,19384,"s071","m0",0.925422200797785,0.0750129334690083,-0.732964216385448,-2.56552458785025
1645,19391,"s071","m0",0.924805025786813,0.160184891669011,-0.540069308150969,-1.94191116526463
1646,19392,"s071","m0",0.888075796499038,0.143698531895553,-0.638975877347619,-1.34629404078057
1647,19424,"s071","m0",0.875569484663059,0.0627162028609691,-0.614238479018227,-1.59174871654142
1648,19436,"s071","m0",0.889058038590223,0.10830332879578,-0.467903568648397,-1.39470784871244
1649,19442,"s071","m0",0.911401639263872,0.160008401104354,-0.682205371988129,-1.07652761889012
1650,19461,"s071","m0",0.988412296683158,0.223244031387423,-0.250408536976581,-1.46835222996662
1651,19474,"s071","m0",0.836837995462148,0.0667339431441767,-0.749637904093121,-1.01594204685304
1652,19481,"s071","m0",0.926065012337728,0.194269133115037,-0.370258500015144,-1.61610625241558
1653,19504,"s071","m0",0.910385736502125,0.122444537107323,-0.3654907853751,-0.987591613846882
1654,19508,"s071","m0",0.77734577960773,0.0465952362019979,-0.588707697377735,-0.506025639764992
1655,19515,"s071","m0",0.768085547517156,0.0747002989086285,-0.905255297293439,0.00101208724655469
1656,19528,"s071","m0",0.900883547628512,0.113028824736502,-0.521907512309768,-2.14056489155829
1657,19554,"s071","m0",0.959037623780449,0.135192039368596,-0.571017447045242,-1.91922742034876
1658,19564,"s071","m0",0.937381049497889,0.0819376748230534,-0.562870105747008,-2.24997701999191
1659,19566,"s071","m0",0.892440424158534,0.124392992407037,-0.56583705748352,-1.38069394480318
1660,19567,"s071","m0",0.964590203960283,0.178890560765766,-0.346950009066029,-2.12284652418658
1661,19568,"s071","m0",0.864967567366368,0.0511038176674944,-0.698797310828892,-1.53178124073161
1662,19577,"s071","m0",0.876614595969013,0.06635817350969,-0.553970176156679,-1.0005740328118
1663,19590,"s071","m0",0.841370421148943,0.0803203033405911,-0.659012486738298,-0.973197569002749
1664,19609,"s071","m0",0.977682558805765,0.181116807682918,-0.510605388555032,-1.46976003088817
1665,19614,"s071","m0",0.923507972361326,0.174667608862147,-0.608868708934254,-1.37266671011557
1666,19632,"s071","m0",0.874776043068916,0.143890571992443,-0.618413049108083,-0.850504737982715
1667,19640,"s071","m0",0.934537042834163,0.1196844385265,-0.506139342477534,-1.16327861180021
1668,19648,"s071","m0",0.872501969055928,0.0618368806641158,-0.678967615772882,-0.798046205214714
1669,19652,"s071","m0",0.886479132356248,0.0826171652132695,-0.723536663383864,-1.20074238054242
1670,19655,"s071","m0",0.868112326159748,0.169631134933587,-0.458965797492502,-0.483266050140562
1671,19683,"s071","m0",0.964162180932088,0.222070696075029,-0.543322566185926,-1.6098195938631
1672,19696,"s071","m0",0.832367744757338,0.0410827043411573,-0.895716359446794,-1.11819755330426
1673,19704,"s071","m0",0.958158035822252,0.142588595414367,-0.63352237105056,-2.01820324319745
1674,19710,"s071","m0",0.857023000385083,0.0980099346610903,-0.858903116546111,-1.36718440072087
1675,19713,"s071","m0",0.914786391716087,0.160126366575333,-0.491935658132523,-1.16215144456939
1676,19738,"s071","m0",0.820015030399102,0.0627176475839234,-0.567814394341009,-0.506360696769109
1677,19754,"s071","m0",0.807061529694731,0.0355157400387804,-0.772718270821939,-0.353329682261818
1678,19756,"s071","m0",0.887619876692115,0.129981648432602,-0.583582987176613,-1.00796154035384
1679,19773,"s071","m0",0.809160522565398,0.0484202442922162,-0.845418940372112,-0.336210106047738
1680,19787,"s071","m0",0.903870784596591,0.0231769519114709,-0.529228388418225,-1.11045952273597
1681,19796,"s071","m0",1.00578954548187,0.165579461417075,-0.328026907763947,-2.06222353937102
1682,19804,"s071","m0",0.971858861866085,0.168525007332709,-0.530600184064116,-3.5309340847431
1683,19815,"s071","m0",0.966035968769971,0.197113221294018,-0.290325331227955,-1.87651825940505
1684,19830,"s071","m0",0.888657312297514,0.0905492612202491,-0.566928661603632,-0.690225563225651
1685,19834,"s071","m0",0.934432752809598,0.138725313277089,-0.756018188187912,-2.27178249564915
1686,19849,"s071","m0",0.845528058608014,0.097726422330428,-0.612445411687136,-1.06088578197887
1687,19858,"s071","m0",0.929289230632779,0.13313604237474,-0.579274013456827,-1.45048779919189
1688,19864,"s071","m0",0.974969016004499,0.206690717242829,-0.449128287562889,-2.25396999449444
1689,19869,"s071","m0",0.908244729149832,0.0456292266586806,-0.579757761813376,-1.80608021559493
1690,19872,"s071","m0",0.92515723816031,0.138127814820068,-0.500688763524239,-2.98586213942545
1691,19886,"s071","m0",0.954651859222944,0.170344630410756,-0.497593626644512,-1.51005944667608
1692,19914,"s071","m0",0.875572341134165,0.173970097729327,-0.733853152705505,-0.754693164127466
1693,19916,"s071","m0",0.972326308076546,0.179639759173203,-0.401512522022505,-2.17390662966005
1694,19938,"s071","m0",0.896995529999255,0.11284985027374,-0.523341317535414,-1.72973907932387
1695,19967,"s071","m0",0.829039387065324,0.0713447453590824,-0.696845156566025,-0.613189197064342
1696,19969,"s071","m0",0.911375101678854,0.14313600767192,-0.563496868283605,-2.25108801853049
1697,19996,"s071","m0",0.905939918361939,0.147902628369619,-0.720274242298925,-1.52623931907974
1698,20005,"s071","m0",0.922562723367982,0.133467087411998,-0.474719440563963,-1.53359071840428
1699,20006,"s071","m0",0.894746162572646,0.1906504160712,-0.662013689647638,-1.39211825946191
1700,20020,"s071","m0",0.97774131976918,0.180065351997252,-0.484054181920367,-2.12207802629814
1701,20036,"s071","m0",0.889014814177801,0.0835503884110455,-0.484262872508329,-1.47928246171036
1702,20046,"s071","m0",0.944716057471841,0.156748644986385,-0.864225707828139,-2.40407846036342
1703,20048,"s071","m0",0.908728969003397,0.0859603558813572,-0.661998914022418,-1.05612053199128
1704,20052,"s071","m0",0.826023699314547,0.0806845927540372,-0.617850322359836,-0.392805159044901
1705,20059,"s071","m0",0.898536476436737,0.136925374633234,-0.566320876502944,-2.12935061162316
1706,20065,"s071","m0",0.875285531052034,0.131298845635882,-0.475642054173258,-1.23909098734983
1707,20081,"s071","m0",0.89625694885088,0.108112608003591,-0.735027625747315,-1.20157871929462
1708,20085,"s071","m0",0.917109174538519,0.12984967442927,-0.55826803654882,-0.856836022858007
1709,20088,"s071","m0",0.845533273998792,0.0832404901356349,-0.727514124348273,-0.828062432524517
1710,20103,"s071","m0",0.88392048221838,0.150906491681631,-0.651067286340666,-0.684060628697133
1711,20107,"s071","m0",0.882293135154306,0.104971340971481,-0.636143832936787,-0.662584657798386
1712,20129,"s071","m0",0.884451835140239,0.124389550494326,-0.583247650485407,-1.14547729632679
1713,20131,"s071","m0",0.95163141632823,0.186215843449477,-0.341516919705617,-1.75897654430259
1714,20153,"s071","m0",0.769406347536716,-0.0238868992953646,-0.801862399297655,-0.613332791853269
1715,20154,"s071","m0",0.839372215188606,0.0528901469730263,-0.771125314214573,-1.20878477286697
1716,20166,"s071","m0",0.936664057771089,0.215826070331633,-0.496560526387836,-1.86010077452264
1717,20167,"s071","m0",0.89222129447797,0.184567800722895,-0.582484248937676,-1.09199458727458
1718,20172,"s071","m0",0.837755579762073,0.0720777962761704,-0.801602270008449,-0.728101470185476
1719,20206,"s071","m0",0.830938627645385,0.133352331155361,-0.592105217517949,-0.486526819521871
1720,20220,"s071","m0",0.937015232820811,0.106481494052089,-0.404358963118889,-1.76214715863964
1721,20223,"s071","m0",0.82593360641364,0.0229095530265128,-0.734212508279884,-0.533469159632628
1722,20231,"s071","m0",0.91248686142492,0.0881947213634947,-0.504514492656931,-1.36507133191306
1723,20239,"s071","m0",0.960548229247046,0.188431384711812,-0.500784496607694,-2.20493281701704
1724,20247,"s071","m0",1.00256695247603,0.188804112346643,-0.421817008037436,-3.00641153327103
1725,20253,"s071","m0",0.943051491540901,0.147186220491379,-0.521874328723652,-2.11246876848311
1726,20255,"s071","m0",0.926077279959223,0.162867040006044,-0.565339806861451,-1.7674422403605
1727,20296,"s071","m0",0.898841049371788,0.153706474384387,-0.473004671206136,-0.914174276203052
1728,20298,"s071","m0",0.911900530536046,0.0666018094809334,-0.583886932601168,-1.80082607776274
1729,20315,"s071","m0",0.895113003455142,0.0857104469469164,-0.599826530035277,-1.45578958787376
1730,20319,"s071","m0",0.898843193916111,0.127943023376932,-0.647635137781755,-1.10800940217652
1731,20330,"s071","m0",0.852311047270737,0.0921184288034478,-0.736117535520465,-0.913606423983099
1732,20331,"s071","m0",0.894205948711655,0.111634516226731,-0.964048260582875,-1.0882857505376
1733,20367,"s071","m0",0.840349322190969,0.0750205094575218,-0.871410062111645,-0.781413077709896
1734,20379,"s071","m0",0.935501034704259,0.171275397767066,-0.564926610939606,-1.09257420606579
1735,20405,"s071","m0",0.855147544930749,0.0392386855869654,-0.645405431589314,-0.907280972405006
1736,20429,"s071","m0",0.89313409129556,0.0370900053316867,-0.631751552202309,-2.09034394532283
1737,20433,"s071","m0",0.899425050716499,0.0222798346698611,-0.719607109948712,-1.50262041451243
1738,20448,"s071","m0",0.888427580125412,0.13329739073126,-0.584188868747039,-0.928125865165382
1739,20453,"s071","m0",0.77568915046311,0.00299809959078251,-0.857258847783826,-0.501050761149025
1740,20471,"s071","m0",0.859840165600768,0.161158843359115,-0.60786391134686,-0.557487441998931
1741,20479,"s071","m0",0.872740649219212,0.0243111836281903,-0.73097024222829,-0.798001320215532
1742,20483,"s071","m0",0.951715664401828,0.195470950151717,-0.496954690923992,-2.7340329141604
1743,20489,"s071","m0",0.850747913312153,0.0430865051778174,-0.756388972303296,-1.30854498155708
1744,20513,"s071","m0",0.908068013235734,0.142402528713244,-0.505443856686816,-0.962861902940428
1745,20518,"s071","m0",0.885192046261661,0.111579743571663,-0.625432494162961,-1.1134069011492
1746,20548,"s071","m0",0.850599011960232,0.0523062059472074,-0.624019368004199,-1.32925406154738
1747,20569,"s071","m0",0.85752448748424,0.108048294517172,-0.724432935530581,-0.909386905656603
1748,20572,"s071","m0",0.843409459628782,0.0959037222586494,-0.817670946073021,-1.25997136056085
1749,20574,"s071","m0",0.874038615272618,0.0884337099448737,-0.605636923425898,-1.15418737730679
1750,20580,"s071","m0",0.935491737616841,0.189375992249635,-0.635488740087915,-1.17030922691584
1751,20586,"s071","m0",0.839943325454262,0.116364322984701,-0.625348047689956,-1.29490306791358
1752,20588,"s071","m0",0.947984070363471,0.224714904289813,-0.489186723273989,-1.66627948371683
1753,20612,"s071","m0",0.877889764571898,0.0714697167738278,-0.539063237888654,-1.49745397501693
1754,20614,"s071","m0",0.98693051899015,0.139672901549459,-0.496793518297287,-1.92217845115881
1755,20619,"s071","m0",0.962986451247322,0.158437762478619,-0.497855065555009,-1.99337370697052
1756,20622,"s071","m0",0.820748881008834,0.0629232071342535,-0.83708399782849,-0.3904516571014
1757,20623,"s071","m0",0.986549620539336,0.189011866092901,-0.433654886305297,-1.74037483582382
1758,20625,"s071","m0",0.8668581988794,0.0441297810158021,-0.664664209082477,-0.963151371314759
1759,20628,"s071","m0",0.939223118567331,0.128655736801937,-0.409155946399694,-1.77047039067596
1760,20637,"s071","m0",0.719896531426267,-0.0390055843817351,-0.642223546175892,0.444321941350075
1761,20645,"s071","m0",0.916828659923448,0.0953284320256071,-0.560953095565152,-1.71769510117664
1762,20649,"s071","m0",0.841522709877719,0.0723668201636333,-0.80319791446528,-0.501846915507547
1763,20650,"s071","m0",0.862105873772452,0.156653789083909,-0.617022270540162,-1.21653624996515
1764,20657,"s071","m0",0.965183013664235,0.212942591239809,-0.376056380197008,-2.00671173615307
1765,20666,"s071","m0",0.888369328531082,0.0526669555738771,-0.654751089270144,-1.77147370978393
1766,20680,"s071","m0",0.958764145489445,0.199277600397168,-0.541920925350596,-2.28596888775534
1767,20717,"s071","m0",0.942799709555698,0.123665276165689,-0.447232983398964,-2.07681314953569
1768,20718,"s071","m0",0.877523113849075,0.0459872843666063,-0.621093922973804,-1.37623990456236
1769,20727,"s071","m0",0.927756673689759,0.132615756906022,-0.537798282451054,-1.69542863301328
1770,20742,"s071","m0",0.88086000117938,0.0641295697895489,-0.405469412534208,-1.69819757500905
1771,20743,"s071","m0",0.967729946654936,0.180280291755156,-0.547424214331637,-3.53255771174545
1772,20772,"s071","m0",0.937512585113693,0.107300978359637,-0.515399442244937,-2.16656364224296
1773,20781,"s071","m0",0.892814828145481,0.0572053268428332,-0.390926129505822,-1.69558596114215
1774,20783,"s071","m0",0.934785988839793,0.190121472676804,-0.508511441366484,-1.21871196771778
1775,20786,"s071","m0",0.965473722547806,0.145327701734764,-0.510176439961101,-1.75752728106192
1776,20793,"s071","m0",0.85069292072209,0.148274186404447,-0.713762147336052,-0.54013825320627
1777,20799,"s071","m0",0.895961482222005,0.0676573441768244,-0.622166255623259,-1.41153538466329
1778,20829,"s071","m0",0.9751418688125,0.168382054351328,-0.50721471590133,-1.54538596157562
1779,20832,"s071","m0",0.878958637513558,0.107837659822994,-0.743681174021735,-1.27475715121997
1780,20833,"s071","m0",0.905875025204658,0.139740281382122,-0.564082041887601,-1.19121896772485
1781,20837,"s071","m0",0.91456723765018,0.119606106381833,-0.64039418825994,-2.14321050378321
1782,20852,"s071","m0",0.841829914707925,0.0267653579560253,-0.780388127128996,-1.32157965930974
1783,20862,"s071","m0",0.855360817663034,0.0438678863874897,-0.733427525720439,-0.734615814147175
1784,20882,"s071","m0",1.04520847205638,0.291889061758917,-0.297203543197301,-2.5426642400712
1785,20890,"s071","m0",0.908387205101121,0.159532734360599,-0.743509198024801,-1.22428275481215
1786,20901,"s071","m0",0.843151807707287,0.0514889136140446,-0.629663108837176,-0.868105215384224
1787,20923,"s071","m0",0.872805455932927,0.0753868997269039,-0.753941388122968,-1.67777291023614
1788,20933,"s071","m0",0.837566362451187,0.0248943563491661,-0.690567356372166,-0.506294030816716
1789,20942,"s071","m0",0.82780367097304,0.0809007863889868,-0.501103701540301,-0.430247228965392
1790,20946,"s071","m0",0.857784931037884,0.0915929495283132,-0.674980816666386,-0.66897816963664
1791,20978,"s071","m0",0.924054314778711,0.193413708041164,-0.571437039112642,-1.56066634013526
1792,20993,"s071","m0",0.824830625049975,0.0596999250980007,-0.659926346985485,-0.710083369471126
1793,20998,"s071","m0",0.915069079415801,0.205274313576837,-0.377764185600608,-1.14535240400459
1794,21000,"s071","m0",0.872716433457673,0.0944833329130029,-0.520799368160515,-1.00978358670837
1795,21003,"s071","m0",0.860228915168538,0.107927304082071,-0.571974185139434,-1.21596304101444
1796,21006,"s071","m0",0.888260365502237,0.12566192799513,-0.645376345319689,-1.33793982736157
1797,21009,"s071","m0",0.870785612165847,0.0366100189566968,-0.546841226883369,-0.864922295219907
1798,21010,"s071","m0",0.875028220496216,0.0822038074268143,-0.57988643430776,-1.41890031203291
1799,21022,"s071","m0",0.938862644123552,0.134077868652726,-0.513142295536608,-2.57842966674545
1800,21039,"s071","m0",0.89819704316315,0.212847686818741,-0.459254714896334,-0.720404937922259
1801,21065,"s071","m0",0.990977415156385,0.231776777058936,-0.468496254235881,-1.91225855758322
1802,21077,"s071","m0",0.899395963449742,0.108329226272028,-0.338634813111746,-1.02171823530784
1803,21088,"s071","m0",0.885124841417056,0.0631462457269093,-0.62854000491355,-1.92187426991087
1804,21095,"s071","m0",0.906493648674635,0.106681582873422,-0.434345811373911,-0.879304396375811
1805,21098,"s071","m0",0.865091058904065,0.0867021682229838,-0.574159699231569,-1.26074006905952
1806,21103,"s071","m0",0.987629854624838,0.285567933946442,-0.492600572124379,-2.91351628748696
1807,21111,"s071","m0",0.977576719530598,0.195123145069815,-0.426176957184254,-1.57360190233995
1808,21125,"s071","m0",0.934039063238848,0.143705376455461,-0.466327399107541,-1.29054874354123
1809,21132,"s071","m0",0.921835975906366,0.197392277768042,-0.536583023820176,-1.29632759405675
1810,21171,"s071","m0",0.865259233538082,0.129791666587001,-0.564166131524163,-0.267555862111929
1811,21191,"s071","m0",0.893811141293633,0.12896999893601,-0.584404781134237,-1.33779896937655
1812,21197,"s071","m0",0.908025378414889,0.110019178264651,-0.486669820621152,-1.15483329671966
1813,21212,"s071","m0",0.91232140722746,0.117253133702049,-0.501678183559884,-1.56984290521368
1814,21235,"s071","m0",0.876720834817769,0.0727166171237198,-0.61562904083905,-1.4412288276526
1815,21259,"s071","m0",0.856394666072497,0.0617398113743409,-0.633953593500391,-1.24227753302463
1816,21262,"s071","m0",0.861038029461036,0.0595972370169422,-0.365003783908928,-1.05189244894948
1817,21271,"s071","m0",0.894654080820044,0.117812481243326,-0.659885792994685,-1.00400643826845
1818,21290,"s071","m0",0.902272662758238,0.152136905036325,-0.642627945702743,-0.880803772362669
1819,21297,"s071","m0",0.916533395910175,0.149088021243858,-0.55235201248396,-1.25119372065923
1820,21339,"s071","m0",0.989642980962091,0.275641804010559,-0.532288768579403,-2.55047576546922
1821,21346,"s071","m0",0.926648301953907,0.182740005114812,-0.552761688304368,-1.46219297671365
1822,21351,"s071","m0",0.871275962405669,0.104012514185924,-0.681797804831245,-0.913564225953752
1823,21358,"s071","m0",0.858728465518935,0.127143253415469,-0.659466813779737,-0.474446495808179
1824,21365,"s071","m0",0.897197050275866,0.139406174498961,-0.524976140089178,-1.46486830647513
1825,21374,"s071","m0",0.955205931233633,0.150237147196978,-0.395153308138873,-1.53511848780768
1826,21384,"s071","m0",0.899877366041646,0.0514205730920868,-0.568407928419494,-1.37783740025194
1827,21425,"s071","m0",0.876330451955694,0.171482402673694,-0.626713983685265,-1.13052621162389
1828,21428,"s071","m0",0.879777193956169,0.0855530896223674,-0.569076449300809,-1.55001247991506
1829,21429,"s071","m0",0.996429506904239,0.155007326361401,-0.484093760124173,-2.72276701076902
1830,21440,"s071","m0",0.912477673423848,0.0519342027792863,-0.662726273956535,-2.20444003883145
1831,21476,"s071","m0",1.01602673982978,0.194277152522993,-0.295884527387272,-2.38518405935749
1832,21489,"s071","m0",0.947831874752858,0.140050852133937,-0.553274071992489,-1.89231800589005
1833,21492,"s071","m0",0.864759191256101,0.140338541331806,-0.602819626540209,-0.613806308583094
1834,21501,"s071","m0",0.967414198352939,0.256050856755287,-0.412792127971369,-1.25994928042223
1835,21508,"s071","m0",0.92904771646283,0.160630003853357,-0.366963374549285,-1.0088518544838
1836,21509,"s071","m0",0.864801971421172,0.0261255148344398,-0.692454647918317,-1.88265991850653
1837,21512,"s071","m0",0.904979650685529,0.100976128080043,-0.609673968539979,-2.02844205888499
1838,21526,"s071","m0",0.940781181628798,0.140427368742298,-0.464876984790435,-1.45143527555217
1839,21549,"s071","m0",0.80224223687046,0.0576405772270501,-0.782201526675958,-0.623573438233315
1840,21556,"s071","m0",0.874916622817654,0.0937185880610296,-0.515997188716017,-0.852743643286019
1841,21558,"s071","m0",0.908125004873729,0.119428869988012,-0.598611042446352,-1.00327845600784
1842,21567,"s071","m0",0.89038767979085,0.0351364428130358,-0.517850587516626,-1.61041567149563
1843,21570,"s071","m0",0.983667141982564,0.117050315462633,-0.510316374784029,-2.41440113196055
1844,21573,"s071","m0",0.964105009146017,0.18304454828797,-0.398976234226501,-1.44008585514058
1845,21585,"s071","m0",0.887458151530765,0.157718067729317,-0.768988232966687,-1.25709248797182
1846,21603,"s071","m0",0.969894626014916,0.167559967353375,-0.417965239748731,-2.02190746559456
1847,21621,"s071","m0",0.868078860487224,0.0437089834989326,-0.567233502852119,-0.882425546409408
1848,21634,"s071","m0",0.906917201123924,0.0793133362981909,-0.579210278371676,-1.20209357328169
1849,21638,"s071","m0",0.817877780554732,0.0578017960834905,-0.778859610636703,-0.467573781447357
1850,21666,"s071","m0",0.863804896348996,0.0221540239121036,-0.617400738638072,-0.854876125624513
1851,21677,"s071","m0",0.952436528764432,0.130520748732138,-0.671164932709339,-1.9689036435734
1852,21687,"s071","m0",0.839164183765035,0.0891702234307016,-0.53683649068352,-0.845033099381312
1853,21694,"s071","m0",0.896178627120397,0.178066138097902,-0.436295648164733,-0.739408186450064
1854,21717,"s071","m0",0.8606861748139,0.0924943283795639,-0.498110515462086,-0.770034538181305
1855,21728,"s071","m0",0.826692191289456,0.0780918438818705,-0.681601176939765,-0.582386008584789
1856,21729,"s071","m0",0.935372321996108,0.0824403480234415,-0.564869925859693,-1.82207075435546
1857,21741,"s071","m0",0.927767684423299,0.134597247507904,-0.499053281494574,-1.74994681521602
1858,21742,"s071","m0",0.93592314709373,0.151930879809308,-0.405879159019559,-1.24259742191166
1859,21743,"s071","m0",0.876718755385566,0.113971475564644,-0.550710689515159,-1.15701100811665
1860,21765,"s071","m0",0.891823493829494,0.0971829850992896,-0.563329712071588,-1.71076426387189
1861,21783,"s071","m0",0.885909204746508,0.0857829701376285,-0.613657903503559,-1.16770479224118
1862,21812,"s071","m0",1.01410142894976,0.264833053985594,-0.414289060700788,-2.57396148274865
1863,21816,"s071","m0",0.860858003255363,0.0821896065600243,-0.612580001878804,-1.28015122907766
1864,21817,"s071","m0",0.968457064681302,0.17168100988184,-0.302022959815025,-1.30392846151969
1865,21819,"s071","m0",0.874906544222168,0.0592812403900488,-0.632147603749955,-1.23284341750644
1866,21821,"s071","m0",0.845223363364142,0.051106036917981,-0.701884435934073,-1.2234603120279
1867,21822,"s071","m0",0.938210040581211,0.162486294863764,-0.463437152424825,-2.51813411868522
1868,21825,"s071","m0",0.947166533121926,0.150822228862789,-0.534696379914109,-2.11388738896848
1869,21838,"s071","m0",0.896355469363782,0.064255205133855,-0.659770815078397,-1.38075743152724
1870,21840,"s071","m0",0.863485518695586,0.0854307876674832,-0.532065919854236,-0.868594897942897
1871,21853,"s071","m0",0.916170859908484,0.143039297886296,-0.447479464303283,-1.60139899157352
1872,21854,"s071","m0",0.916077221756489,0.0506234303441539,-0.641701595484349,-2.06721102763945
1873,21865,"s071","m0",0.887809476773958,0.120753658876748,-0.568178635580625,-1.17640890769062
1874,21914,"s071","m0",0.933019125299277,0.128370306596985,-0.393503350562251,-1.45488425499018
1875,21915,"s071","m0",0.920269177597846,0.116743531383452,-0.637569073678871,-1.52267281601435
1876,21972,"s071","m0",0.912395056968668,0.175380250279474,-0.609813431861634,-0.796751352387638
1877,21999,"s071","m0",0.879244218916845,0.122028566189157,-0.458157827630356,-0.871008182429373
1878,22000,"s071","m0",0.824149866002228,0.012086128476255,-0.509444142766349,-0.220303647241628
1879,22001,"s071","m0",0.961095299125417,0.154735010594615,-0.565593453792781,-2.58620663251121
1880,22013,"s071","m0",0.898722760493447,0.121039978172811,-0.670427172999665,-1.23751240679897
1881,22027,"s071","m0",0.951179978255702,0.10909067629633,-0.669904443319376,-2.80020921060362
1882,22055,"s071","m0",0.889109650193807,0.11212041728805,-0.49317642037829,-0.872690440271462
1883,22066,"s071","m0",0.964000195278839,0.1857429009589,-0.609472089031386,-1.99445046666698
1884,22072,"s071","m0",0.879142910878542,0.108852354027246,-0.657822526447074,-1.39755776856967
1885,22078,"s071","m0",0.963830223648222,0.159031635404545,-0.579766258887308,-1.98130553527372
1886,22081,"s071","m0",0.866562408140843,0.126674046458286,-0.719347744440936,-0.743495497535486
1887,22082,"s071","m0",0.958287441474672,0.195259855035849,-0.421639476060803,-3.16932556553805
1888,22112,"s071","m0",0.891102437327163,0.0250048295856971,-0.652381442842759,-1.47925724981645
1889,22136,"s071","m0",0.939747291732781,0.147554647643031,-0.415449681764105,-1.3340766880246
1890,22142,"s071","m0",0.863708445132854,0.120509508684517,-0.452910231689584,-0.310888016767552
1891,22148,"s071","m0",0.924634428662791,0.14631756641722,-0.606475621666999,-1.76061804973506
1892,22190,"s071","m0",0.928677638427782,0.159634352456315,-0.397319235842829,-1.13533333428868
1893,22208,"s071","m0",1.01122523205631,0.162131859961996,-0.337708036670714,-2.50575752845762
1894,22216,"s071","m0",0.962229960122505,0.18225981226626,-0.430648464605312,-2.09385374496977
1895,22226,"s071","m0",0.898510735930127,0.208148424572114,-0.533621388405939,-1.28163966561907
1896,22230,"s071","m0",0.919966975245375,0.138470655771128,-0.663084927988051,-1.32649117888468
1897,22240,"s071","m0",0.991898992744053,0.202130172849452,-0.502606629006665,-2.93507578336936
1898,22243,"s071","m0",0.914277410521147,0.139621348946857,-0.544797743765486,-1.59449188256999
1899,22244,"s071","m0",0.848279414760406,0.140845045332926,-0.676456340514577,-0.585956203372289
1900,22249,"s071","m0",0.90975695076927,0.16808600940936,-0.535989472848212,-0.60419701370568
1901,22263,"s071","m0",0.908537717293177,0.163735961610616,-0.520627942147763,-1.49703107129168
1902,22273,"s071","m0",0.880914597700935,0.181536115840636,-0.631421562956412,-0.76534012832872
1903,22284,"s071","m0",0.947484376806526,0.178380998054247,-0.509980520297624,-1.53246640855737
1904,22287,"s071","m0",0.851024152518124,0.0429528089988514,-0.475260556987862,-0.933102309649758
1905,22295,"s071","m0",0.947338491920107,0.140081017901821,-0.540836412010266,-1.96574662680918
1906,22298,"s071","m0",0.923081032105883,0.151394205256436,-0.577048940251042,-1.27882221595106
1907,22300,"s071","m0",0.906996357266448,0.109985834814956,-0.703042938288424,-1.18722647088976
1908,22302,"s071","m0",0.952155140448347,0.155360741111545,-0.464544350431783,-2.11079737213389
1909,22344,"s071","m0",0.975109746379216,0.0868177601185133,-0.475529679015423,-2.33849933803546
1910,22350,"s071","m0",0.940487506093199,0.0665818245459888,-0.407394424024074,-1.45776556322007
1911,22372,"s071","m0",0.908353213108198,0.121638112864057,-0.531927342488395,-3.21572321441947
1912,22410,"s071","m0",0.899683150048759,0.141280254647348,-0.813244208637328,-1.29623127129819
1913,22434,"s071","m0",0.957297904897058,0.223250994841933,-0.468408549903607,-2.04223932222667
1914,22440,"s071","m0",1.01288305686769,0.204888951860601,-0.406582858980648,-3.20037917239338
1915,22456,"s071","m0",0.879476474970879,0.141071975505913,-0.517123851189723,-1.10937162462484
1916,22462,"s071","m0",0.86877808861237,0.043755062435851,-0.648519546172007,-0.956804484385074
1917,22493,"s071","m0",0.826883030849936,0.0404196951259492,-0.65637553467497,-0.941416991199859
1918,22495,"s071","m0",0.857853207814592,0.0968162965842575,-0.677395541278205,-0.8826449695422
1919,22501,"s071","m0",0.918963153858564,0.121276030748879,-0.544141156300207,-2.18292702597169
1920,22504,"s071","m0",0.918172533191939,0.149668893403208,-0.457510767076206,-1.515861411085
1921,22508,"s071","m0",0.92215414084439,0.132413977588155,-0.458113654151864,-1.25932688703942
1922,22521,"s071","m0",0.807447327078589,0.0360994614553784,-0.866472153143109,-0.575978977066181
1923,22535,"s071","m0",0.872600940952561,0.0211658968580095,-0.669429809102201,-1.31236814470885
1924,22537,"s071","m0",0.833945341555567,0.0493775912988592,-0.831582501610087,-0.566806182441674
1925,22556,"s071","m0",0.820999522510463,0.0452760055450917,-0.81962818108188,-0.623289465646471
1926,22566,"s071","m0",0.874068075869898,0.105461236842217,-0.53996886734681,-0.887315017902347
1927,22568,"s071","m0",0.99761838686958,0.214283469807198,-0.488565541008585,-2.06584635734509
1928,22570,"s071","m0",0.947835394834282,0.100188432213059,-0.624450262487086,-1.95476583478971
1929,22604,"s071","m0",0.885946620390577,0.0702362527439886,-0.734180650967484,-1.50098970643311
1930,22613,"s071","m0",0.941845995793859,0.167012306049522,-0.44313026837168,-1.6629044189172
1931,22620,"s071","m0",0.911681152812788,0.135814250693568,-0.583029206021134,-1.32594212640057
1932,22622,"s071","m0",0.899628614726177,0.0453866324769134,-0.633120861165932,-1.41717654647074
1933,22626,"s071","m0",0.959805561752455,0.177641019662062,-0.462569657495358,-3.14916195318324
1934,22638,"s071","m0",0.859175350130252,0.0613639196941793,-0.762045270673138,-1.20065795451416
1935,22640,"s071","m0",0.963038011843323,0.19979175074713,-0.498148668141515,-1.82060738730379
1936,22641,"s071","m0",0.805199939060861,0.0533206795619846,-0.829062149169806,-0.494327024144639
1937,22651,"s071","m0",0.911605992736303,0.101422919662693,-0.398772210534526,-2.18805110181052
1938,22653,"s071","m0",0.996097225101087,0.167875842385239,-0.449082279878511,-2.16276845210601
1939,22658,"s071","m0",0.91774589233565,0.163194094752787,-0.557762547544807,-1.83487759717885
1940,22659,"s071","m0",0.818873135841964,0.109215693749843,-0.702529360553202,-0.582736391702857
1941,22661,"s071","m0",0.92109767623879,0.114452464531661,-0.557959968762832,-1.57898007701819
1942,22678,"s071","m0",0.893909897354439,0.12784901747818,-0.591790990483705,-1.27450222378756
1943,22687,"s071","m0",0.957884654088064,0.211350694715361,-0.403696990302204,-1.48161634731302
1944,22693,"s071","m0",0.879133195405171,0.0539959160277084,-0.487796403635736,-1.27635543633528
1945,22707,"s071","m0",0.957747374568062,0.159041744245485,-0.605514803055783,-2.91420834873635
1946,22722,"s071","m0",0.95427369406606,0.150624963456391,-0.319015063796213,-2.42459103889924
1947,22732,"s071","m0",0.829758517738036,-0.00141582027943207,-0.68800981348494,-0.520960046494991
1948,22733,"s071","m0",0.896836814810522,0.060565294622516,-0.683777038342147,-1.63352499734096
1949,22736,"s071","m0",0.948344693680507,0.1473761937392,-0.598626850084226,-2.71635905946733
1950,22747,"s071","m0",0.910686911624939,0.076253438059916,-0.473190954657423,-1.65432942111775
1951,22749,"s071","m0",0.876021135591078,0.153629313767057,-0.559022053214819,-1.46157495098162
1952,22751,"s071","m0",0.944076191586601,0.123706133244131,-0.37322834718138,-1.06687628499644
1953,22755,"s071","m0",0.962293494734103,0.167183916645925,-0.44976289143093,-1.34345226527817
1954,22762,"s071","m0",0.939288535623052,0.182387729215448,-0.570051083516887,-1.19546601495114
1955,22791,"s071","m0",0.932140468522503,0.14275409604648,-0.59961457688112,-2.64985370659071
1956,22807,"s071","m0",0.954663622904808,0.160824100270503,-0.620509525909221,-1.8757547252827
1957,22837,"s071","m0",0.878695443461958,0.059631406538005,-0.677920900130779,-1.02404070191941
1958,22845,"s071","m0",0.967217238007024,0.208072511557866,-0.346411242984013,-1.49292070117456
1959,22872,"s071","m0",0.929520645744138,0.161589641405797,-0.631037668781573,-1.7333478787696
1960,22899,"s071","m0",0.867477976790469,0.0953732286642106,-0.600966952983205,-0.718774899537652
1961,22900,"s071","m0",0.864896093323303,0.163223398181881,-0.676900749403576,-1.675137699676
1962,22930,"s071","m0",0.922358396830795,0.125738094096782,-0.606558540371933,-2.72727766418119
1963,22943,"s071","m0",0.821334358606219,0.0514711122290756,-0.739031654858153,-0.548413926854525
1964,22945,"s071","m0",0.940502850751304,0.194661288259788,-0.37323243705489,-1.1297781793142
1965,22961,"s071","m0",0.898155477121345,0.0844894340920331,-0.49777313837138,-1.07969687188992
1966,22964,"s071","m0",0.948964129997993,0.235301547698685,-0.457269604807724,-2.10391569929509
1967,22972,"s071","m0",0.809823055631692,0.00128078933975543,-0.683163153328289,-0.437409201816772
1968,22974,"s071","m0",0.91242595217677,0.110498211422204,-0.591607832649646,-1.48770970499554
1969,22982,"s071","m0",0.894550072660291,0.13714132137342,-0.411498309686607,-0.734149030516802
1970,22987,"s071","m0",0.940882088967835,0.151079452173978,-0.544866575284673,-2.36914296502191
1971,22989,"s071","m0",0.890808489957138,0.134631303386352,-0.539410387346376,-1.0244208103267
1972,23008,"s071","m0",0.991301350509638,0.131762215732492,-0.575752303826207,-3.11629364756725
1973,23010,"s071","m0",0.931109745419227,0.121947425788505,-0.581877919928788,-1.70472509307649
1974,23014,"s071","m0",0.808882154024969,0.0137906719901193,-0.476050603780127,-0.630773167729028
1975,23022,"s071","m0",0.841257821829901,0.0408855877462159,-0.521887759704058,-0.47934184359465
1976,23035,"s071","m0",0.969565087462927,0.206231968891164,-0.516254829618245,-2.29703694362365
1977,23042,"s071","m0",0.897118583417463,0.112162236432131,-0.479658391140938,-1.01785859062144
1978,23047,"s071","m0",0.960508390033945,0.179879569163489,-0.324172152111822,-1.3493417495922
1979,23064,"s071","m0",0.914083233271189,0.141377257978633,-0.499275103991251,-1.64601761910655
1980,23111,"s071","m0",0.969261398374346,0.219055038334466,-0.348094305081226,-1.83454216303826
1981,23112,"s071","m0",0.892649610288582,0.130389739342887,-0.456370898395826,-1.13061306351848
1982,23124,"s071","m0",0.914908644409179,0.100734423505058,-0.472936648365837,-2.44460108571724
1983,23138,"s071","m0",0.842495115795455,0.0834452466467878,-0.801548501885221,-1.39925524703534
1984,23139,"s071","m0",0.866218364569361,0.0839597682098683,-0.575347468674757,-0.851630569687733
1985,23171,"s071","m0",1.01131163823084,0.212863578012532,-0.304234936010138,-1.85686473086907
1986,23175,"s071","m0",0.951823783904491,0.126467928063919,-0.427199712643082,-2.08963369888283
1987,23187,"s071","m0",0.957346215791486,0.111604371091334,-0.342897150290703,-1.71359309774768
1988,23191,"s071","m0",0.908100160427065,0.133578817241855,-0.475177158250666,-1.38929346096096
1989,23199,"s071","m0",0.853934924975142,0.0988519685666336,-0.71965588169492,-0.612146436373004
1990,23220,"s071","m0",0.85238088188313,0.0809066728003158,-0.666768737770641,-1.09265572204096
1991,23253,"s071","m0",0.961694289658228,0.161173714426109,-0.53424895326561,-1.51544560330952
1992,23260,"s071","m0",0.858716007881694,0.105246108580282,-0.769046143084113,-1.11406388685304
1993,23275,"s071","m0",0.91102115244699,0.096255213531813,-0.444799857408258,-1.22165984096249
1994,23286,"s071","m0",0.889019115360098,0.135620980133436,-0.720047246354733,-0.984613234800922
1995,23309,"s071","m0",0.873581681686575,0.0542088404548191,-0.461676235331465,-0.92687088284367
1996,23315,"s071","m0",0.887909564018347,0.0795050522669395,-0.659316614250739,-1.1216923724631
1997,23319,"s071","m0",0.952012888799038,0.0873058298918962,-0.501212791523513,-1.95295353294183
1998,23323,"s071","m0",0.870134651014075,0.116176304994958,-0.647226338194658,-0.966706871911295
1999,23326,"s071","m0",0.889830595857625,0.114094014749762,-0.573143973432421,-1.73393152931338
2000,23363,"s071","m0",0.903090501707485,0.142555104907647,-0.433255668171487,-1.4081180392028
2001,23377,"s071","m0",0.961314274643364,0.17388526096301,-0.408481517254356,-1.33845208147966
2002,23386,"s071","m0",0.88025374787794,0.131117673411951,-0.64104389665573,-1.25325247662975
2003,23415,"s071","m0",0.932190598169473,0.177582208130671,-0.502855304541205,-1.8370308181712
2004,23420,"s071","m0",0.853682878494253,0.142047489627147,-0.610307623480636,-0.470873224422541
2005,23426,"s071","m0",1.00280182842108,0.190349566821779,-0.422869262093848,-2.05952775057343
2006,23450,"s071","m0",0.850353718363754,0.0771368855978565,-0.584206872131878,-0.84846287065606
2007,23466,"s071","m0",0.960501625574956,0.210183207345408,-0.491041481811063,-1.26722753531398
2008,23474,"s071","m0",0.874158274490618,0.103101781276189,-0.682375625491482,-1.35697683789264
2009,23502,"s071","m0",0.856820370778405,0.0853316434875418,-0.51458067068536,-0.390923475275594
2010,23512,"s071","m0",0.926311910557346,0.178536825552248,-0.388542952758735,-1.33228693797004
2011,23545,"s071","m0",0.804734009187891,0.0712010922231039,-0.605847350594215,-0.65772119934451
2012,23547,"s071","m0",0.921547293158092,0.0769527760633474,-0.523987720606622,-1.77540304242749
2013,23551,"s071","m0",1.00537344611069,0.205575198196129,-0.350237580185601,-3.24428973653441
2014,23566,"s071","m0",0.891815884721719,0.144308079912571,-0.393395463202153,-0.610792037970283
2015,23588,"s071","m0",0.977868822104582,0.226606470489892,-0.346514722683318,-1.41602007264742
2016,23600,"s071","m0",0.898606107059819,0.12364447292402,-0.619448859787205,-1.37242461939384
2017,23612,"s071","m0",0.915382106638222,0.104290990995594,-0.57674166818945,-1.38944521894348
2018,23630,"s071","m0",0.871292136847223,0.0410388510985295,-0.702857072079437,-1.65785205864113
2019,23632,"s071","m0",0.993917256425215,0.215629139720708,-0.516050061752372,-2.27102736180236
2020,23650,"s071","m0",0.930251755247931,0.190153841393831,-0.397061044438522,-1.510582197592
2021,23652,"s071","m0",0.908587015642339,0.128585284732538,-0.489557446270994,-1.21867731431271
2022,23679,"s071","m0",1.01194536054825,0.204407229700276,-0.414977324663163,-2.32786523884621
2023,23698,"s071","m0",0.896291914268986,0.169842714077704,-0.554807568077156,-1.02484480938467
2024,23700,"s071","m0",0.857533685989653,0.130004949463319,-0.514415360117061,-0.770977793373725
2025,23722,"s071","m0",0.932022398907506,0.138245378798305,-0.496624569961686,-2.02641256986512
2026,23728,"s071","m0",0.906944264294791,0.142069680494662,-0.575868459714729,-1.8502425913733
2027,23749,"s071","m0",0.829291543183687,0.0848572421755452,-0.680783717536868,-0.815889623061506
2028,23750,"s071","m0",0.969847156160413,0.0935628687543455,-0.547615519624483,-2.03835536769167
2029,23759,"s071","m0",0.89385632260591,0.15532567120214,-0.69904360229209,-1.40720612073141
2030,23763,"s071","m0",0.856297401793799,0.0708740451385212,-0.715890928114755,-0.6935652447223
2031,23775,"s071","m0",0.856126206207349,0.024618143290853,-0.682018290157393,-1.14759302100798
2032,23778,"s071","m0",0.847598597632343,0.0371429940233333,-0.684579051439594,-0.704650965379913
2033,23793,"s071","m0",0.834400993726833,0.0550855171871512,-0.62565606898756,-0.996640252470582
2034,23809,"s071","m0",0.9114523006727,0.178597988513378,-0.540295611609486,-1.99126434256657
2035,23812,"s071","m0",0.885159097616204,0.0902372440374329,-0.628014964873005,-1.49028824518557
2036,23822,"s071","m0",0.886689189018614,0.0954540782966785,-0.483555284232807,-0.787440532165382
2037,23823,"s071","m0",0.873621522534516,0.161311608804611,-0.627316945213243,-0.795888208319527
2038,23824,"s071","m0",0.838772862857624,0.0927685464897282,-0.793544084209181,-0.813013869889601
2039,23833,"s071","m0",0.9503267101108,0.202792106255011,-0.530310448701747,-1.50419513602692
2040,23841,"s071","m0",0.910554657814284,0.136166386792936,-0.580905002257186,-1.82675251779604
2041,23852,"s071","m0",0.912013754933114,0.0952265287513942,-0.538723156861818,-1.90835401562253
2042,23908,"s071","m0",0.888276328961655,0.0578910316194901,-0.612202864931662,-1.94178907255757
2043,23933,"s071","m0",0.976863416799462,0.214734311067623,-0.556185302828132,-1.76866149912601
2044,23935,"s071","m0",0.898820554582668,0.102978412004379,-0.547411160191923,-1.16543519389316
2045,23936,"s071","m0",0.898287890323014,0.131338940681288,-0.71502924041734,-2.02171978146524
2046,23971,"s071","m0",0.903366303962503,0.156155408851051,-0.68055992333473,-1.18775591972369
2047,23991,"s071","m0",0.858503129329855,0.0652441452227482,-0.850330103546145,-1.31094823508285
2048,23998,"s071","m0",0.880633558332062,0.105500861365061,-0.507792427443898,-0.852860764390969
