"draw","source_draw","id","assumed_model","alpha_0","nu_0","nu_1","tau"
1,9,"s074","m0",0.257375033176551,-0.345106749258445,0.0108307991482793,0.682749642802497
2,53,"s074","m0",0.242585805206563,-0.481521938417036,0.0126373201464447,0.58395265333536
3,54,"s074","m0",0.278178042148967,-0.50878743556534,0.0506943389820538,0.403787244847093
4,67,"s074","m0",0.150987195186116,-0.537568618597179,-0.0799897891847698,0.966109785302206
5,84,"s074","m0",0.361437756442413,-0.259836630022429,0.0908376083126018,0.414269970753265
6,111,"s074","m0",0.274784453343278,-0.363915544852381,0.103311245658873,0.632675266363745
7,115,"s074","m0",0.198805313742252,-0.525913196555856,-0.0354818803080528,0.594786342993519
8,121,"s074","m0",0.244666973935335,-0.330349089415128,0.00506837065084533,0.823843203214452
9,123,"s074","m0",0.384896399956987,-0.131813112837944,0.237090708448999,0.405219692710408
10,131,"s074","m0",0.257275014882982,-0.349397590159298,-0.0260119886974973,0.493142303435928
11,135,"s074","m0",0.135067777876119,-0.683571554496952,-0.0918184721226345,0.960926301255676
12,136,"s074","m0",0.166556369423897,-0.566590228633347,-0.0408355952030212,1.03504154872809
13,142,"s074","m0",0.152287218476301,-0.565973841656688,-0.166736214465309,0.895531144767252
14,144,"s074","m0",0.237798217936265,-0.478482277739069,0.0152472965669155,0.875626809460535
15,161,"s074","m0",0.25268470735362,-0.43756312440377,-0.0219826758846521,0.609736556039913
16,167,"s074","m0",0.218230902359062,-0.534752233531905,0.0277630569542432,0.898277460635552
17,168,"s074","m0",0.160668596849715,-0.606466831233207,-0.154217686402788,1.03289789482215
18,185,"s074","m0",0.291100672246296,-0.245790578082529,-0.0577412071210021,0.594352878006844
19,208,"s074","m0",0.263795986053245,-0.32791033782361,0.128066685736336,0.599157809803903
20,215,"s074","m0",0.149688234133425,-0.345809795892113,-0.0244621177382156,1.20658674755349
21,227,"s074","m0",0.252631836763443,-0.238145017140123,-0.0278042686383389,0.669572516359638
22,229,"s074","m0",0.266998639984121,-0.349965770972844,0.169173944215862,0.835905174134665
23,232,"s074","m0",0.172315280047694,-0.458113048046328,-0.126499425146761,0.715131753671378
24,236,"s074","m0",0.103458960308679,-0.726211472631931,-0.263883783663028,1.23021684358899
25,238,"s074","m0",0.200427597210268,-0.695206889424083,0.00286601827511335,0.846717407339832
26,241,"s074","m0",0.302011052750101,-0.281142427596248,0.060496188159368,0.360600773018354
27,266,"s074","m0",0.371406237870154,-0.254099334933441,0.0887565222398728,0.197043419000561
28,269,"s074","m0",0.151848911955259,-0.681453138754777,-0.0606160278286713,0.956374951500505
29,273,"s074","m0",0.18235724761855,-0.444353970128397,-0.0651987641055436,0.917591191243547
30,283,"s074","m0",0.219973455624563,-0.320772457052545,0.0213596342000635,0.722899238187442
31,285,"s074","m0",0.281093391299725,-0.176761361587748,0.0569415956249172,0.808710224447817
32,289,"s074","m0",0.357438431379663,-0.373515883284324,0.115857362975571,0.263348223187936
33,305,"s074","m0",0.248411702785728,-0.296621219911665,-0.00384600284465956,0.476364709289821
34,339,"s074","m0",0.292983938922111,-0.221959584363183,0.195273729597237,0.740694838548016
35,354,"s074","m0",0.124748654704777,-0.550022506553515,-0.0339528864977425,1.11461090072181
36,362,"s074","m0",0.225459005823457,-0.280798158263773,0.0334068303380148,0.781851445969468
37,375,"s074","m0",0.172570935748029,-0.54359290521523,-0.0317464637225536,0.9821118060954
38,382,"s074","m0",0.166552649490528,-0.623238792567781,0.0246262582373941,1.18246629019107
39,385,"s074","m0",0.222992266955342,-0.562431261005849,-0.0443832575071759,0.637852006334354
40,422,"s074","m0",0.204549700562177,-0.434167337391666,-0.112211357338862,0.831446106176457
41,439,"s074","m0",0.194864825856824,-0.403977811748963,-0.000480269920201166,0.889392141865593
42,443,"s074","m0",0.182181960640808,-0.60328511911528,-0.0333596320254426,0.941945350256203
43,462,"s074","m0",0.251813154760665,-0.271471157896808,0.0494877039829007,0.839224116611897
44,480,"s074","m0",0.286482401613443,-0.397881273772707,0.021457135874311,0.528430006621009
45,489,"s074","m0",0.286937282938983,-0.337303331796783,0.0342048541140459,0.535758090707855
46,492,"s074","m0",0.17518264386063,-0.575864553289677,-0.0607133933411692,1.09635521336995
47,507,"s074","m0",0.384987960676167,-0.126372828609127,0.2267267483248,0.165628892766991
48,518,"s074","m0",0.239597203587258,-0.53887892305215,0.0228479210702104,0.962757604541515
49,534,"s074","m0",0.23224100056649,-0.340804161558179,0.0169411001991118,0.653148124291016
50,552,"s074","m0",0.20334400571741,-0.442157145347047,-0.113420958906789,0.601269338568131
51,555,"s074","m0",0.308053639165472,-0.383974337851984,0.0270980157510299,0.267024962221363
52,559,"s074","m0",0.133243913239195,-0.487821763241911,-0.126366596674246,1.04552133099274
53,588,"s074","m0",0.289287148034001,-0.431281434422619,0.055673059119149,0.556900602635183
54,595,"s074","m0",0.268340897081917,-0.356694508783477,0.100861745408247,0.822037819168338
55,607,"s074","m0",0.266499868789993,-0.478104318290881,0.00498230264572694,0.654031718784856
56,635,"s074","m0",0.21435356165392,-0.335755370467966,0.0830677130459608,1.09639660100835
57,647,"s074","m0",0.129379123829104,-0.732063201479991,-0.0503916941998185,0.85441370298023
58,653,"s074","m0",0.314406832770811,-0.175831266677913,0.138637684429251,0.571490895343539
59,659,"s074","m0",0.167554113575998,-0.641206596860602,0.0123298222114851,0.907884930977677
60,673,"s074","m0",0.280959694960866,-0.41172592509267,0.0431849519818457,0.461902960057499
61,681,"s074","m0",0.269547874622982,-0.27887348646093,0.158648622769378,0.730377313654094
62,689,"s074","m0",0.206858966917963,-0.575757716361083,-0.0172623557599279,1.02695560081657
63,690,"s074","m0",0.181195795002033,-0.592236715803213,-0.014580460934731,0.82823812451538
64,764,"s074","m0",0.0836074928919079,-0.772441403379518,-0.195845971830271,1.24310741332113
65,792,"s074","m0",0.288341558608431,-0.441986175541612,0.0576778515381095,0.343567232187074
66,835,"s074","m0",0.179725122493511,-0.339185337998734,0.00833645612862107,1.1533025011237
67,866,"s074","m0",0.186547992895564,-0.317930870155604,-0.0788076312977504,0.769886501030294
68,886,"s074","m0",0.179074195301704,-0.432032489351391,-0.0179374903031719,0.994935428879322
69,898,"s074","m0",0.178663247308707,-0.594237844847702,-0.0790350214232819,1.04563255705259
70,921,"s074","m0",0.199096386284546,-0.443659876222489,-0.0419058504535107,0.911967289049766
71,933,"s074","m0",0.279641963282014,-0.447135692403019,-0.0398618955094621,0.392621673649841
72,941,"s074","m0",0.278188507553502,-0.35035757765963,0.116341135068992,0.645567094410287
73,952,"s074","m0",0.184677874893767,-0.345340164735637,0.00311762643949983,0.78912781697969
74,958,"s074","m0",0.313752865131479,-0.348146120989102,0.0464812601011996,0.442408833565374
75,964,"s074","m0",0.149018592550618,-0.544230550336192,-0.0688680360620125,0.929430482807124
76,1006,"s074","m0",0.201587414342982,-0.436083571995678,-0.0243323097964716,0.984802843160599
77,1009,"s074","m0",0.312034849124777,-0.358698738273124,0.0664037181404466,0.26955648256916
78,1047,"s074","m0",0.2383214687992,-0.457291913016012,-0.0509764732424218,0.563739738487962
79,1051,"s074","m0",0.206777949207067,-0.668486094631017,0.00828279011777586,0.6980706819352
80,1074,"s074","m0",0.149072189356201,-0.710929613641725,-0.13073234687771,1.05024902276793
81,1110,"s074","m0",0.415849970340847,0.0459281060572287,0.207178363657513,0.179953360151449
82,1124,"s074","m0",0.159222721902557,-0.336970717751598,-0.144174300257924,1.07602624412185
83,1136,"s074","m0",0.175396653264716,-0.518325809404493,-0.160101489144493,0.957447374155385
84,1182,"s074","m0",0.252050988461488,-0.393175740055072,0.0597011422927795,0.52265687081269
85,1185,"s074","m0",0.283468719942231,-0.26304844167609,0.0767466310531832,0.508745767014777
86,1198,"s074","m0",0.287750220934553,-0.432412584005593,0.0346646953267832,0.625908556661795
87,1261,"s074","m0",0.13835051680169,-0.470667388647445,-0.134465345020271,1.02692657982786
88,1275,"s074","m0",0.221038460440801,-0.520755845645338,-0.00346406727619521,0.771694595032035
89,1290,"s074","m0",0.159590077943007,-0.657340120303728,-0.155557080810715,1.09632191409682
90,1303,"s074","m0",0.282153313388328,-0.1328822109962,-0.00754567594166124,0.803005202085341
91,1308,"s074","m0",0.214863964336065,-0.407028602162226,0.0783986353757529,0.913383690320303
92,1317,"s074","m0",0.281321063842285,-0.385427656918716,0.0543782128975271,0.633786103362191
93,1325,"s074","m0",0.228003653241641,-0.299663222323865,0.091758807699289,0.887417517602151
94,1332,"s074","m0",0.253265776329431,-0.408028865423998,0.0467395061670441,0.630860854260889
95,1339,"s074","m0",0.129573606371484,-0.644024271367828,-0.169634943151385,1.23625754733108
96,1350,"s074","m0",0.25873544270832,-0.483605087414057,-0.0437557569472149,0.612718330968884
97,1363,"s074","m0",0.373168454083789,-0.189377774671287,0.213341962715833,0.0312210852469795
98,1385,"s074","m0",0.194017362776427,-0.389983795799364,0.0935746191803883,0.939588204571421
99,1387,"s074","m0",0.252670042054327,-0.432774946232502,0.138852156493607,0.763669095273385
100,1414,"s074","m0",0.244369290965615,-0.1795558853496,0.0557863570801109,0.762384358589434
101,1427,"s074","m0",0.149579289753984,-0.586028042195296,-0.117570396052938,1.04603214515734
102,1430,"s074","m0",0.249697189017954,-0.440245032488339,0.0015025718861309,0.815846039177547
103,1447,"s074","m0",0.14399336050558,-0.418296803214037,0.0197253469479189,0.933952866244739
104,1448,"s074","m0",0.284708074767893,-0.469273338733942,0.108597877637838,0.364034333049165
105,1459,"s074","m0",0.218983712804638,-0.548894328601378,-0.0720812955678699,0.680036594463402
106,1463,"s074","m0",0.255394542302571,-0.173937089586851,0.0814116607300902,0.900722126544321
107,1467,"s074","m0",0.134019728641196,-0.686312409698359,-0.133612082738981,0.821981108288125
108,1471,"s074","m0",0.384341201120685,-0.0199820376738844,0.0777358466300628,0.285629800197463
109,1486,"s074","m0",0.407081854389168,-0.197625863102879,0.142213389837777,-0.0528485150702393
110,1506,"s074","m0",0.209827824842193,-0.45498613486054,0.00946173493765984,0.827164996005798
111,1517,"s074","m0",0.246269905630886,-0.411554788627313,0.112671032954584,0.580790541643659
112,1520,"s074","m0",0.225757061879477,-0.327304351798422,0.0653387496686313,0.797766993472689
113,1528,"s074","m0",0.119981002062204,-0.393569429231739,-0.128410412598765,1.25086371999359
114,1549,"s074","m0",0.246821325759117,-0.438115676390104,-0.0318238113649793,0.831516820120926
115,1555,"s074","m0",0.223610608529927,-0.427080518423375,-0.000481072372284003,0.804248993357989
116,1567,"s074","m0",0.30924770110845,-0.28588869094577,0.0885303679009755,0.389526555128933
117,1570,"s074","m0",0.261207778868277,-0.366438783347874,-0.106298382477219,0.767450188289581
118,1625,"s074","m0",0.19361159852277,-0.519436920553236,-0.0894088937830946,0.800283556679981
119,1637,"s074","m0",0.137863602720739,-0.545865517932086,0.089005032347488,1.15703925320532
120,1641,"s074","m0",0.196051192576975,-0.529195651495969,0.0203110743800003,1.10739472002787
121,1650,"s074","m0",0.224482387421604,-0.462791420706011,0.0261405289528063,1.03796067081437
122,1657,"s074","m0",0.159824182717109,-0.674700307715004,-0.0483714012976319,0.892592897801897
123,1666,"s074","m0",0.155986701574948,-0.471800249727942,-0.0644155388823696,1.06777214849948
124,1669,"s074","m0",0.278453987705453,-0.260025232008816,0.0938243568758641,0.656291620097402
125,1693,"s074","m0",0.265209213764418,-0.394315322967404,0.018353826589138,0.579926827548706
126,1704,"s074","m0",0.176893618301081,-0.491651876384111,-0.160349677985776,0.96203214358753
127,1708,"s074","m0",0.252244284268784,-0.381032323184273,0.0526291177096449,0.740000668555796
128,1721,"s074","m0",0.150926103828956,-0.588722117801038,-0.0623799867041361,1.05716170659441
129,1727,"s074","m0",0.25800450491306,-0.668119455072719,-0.0750134670182255,0.507535559885833
130,1746,"s074","m0",0.31715746860141,-0.389596817842871,0.112570384259909,0.393763443132563
131,1753,"s074","m0",0.168471850845269,-0.458808652970547,0.0775981756832115,0.906651976161232
132,1787,"s074","m0",0.141980901361251,-0.816828496137325,-0.0804861669525928,1.05202013101329
133,1813,"s074","m0",0.240467339094317,-0.291787923907738,0.0413297303278208,0.881612779099344
134,1821,"s074","m0",0.24045249507037,-0.501596757680136,0.116575720533603,0.665656858393968
135,1828,"s074","m0",0.245199419880494,-0.500763535159061,0.0346692401708877,0.529077293659185
136,1833,"s074","m0",0.289132119708376,-0.331855283794252,0.0768623775162123,0.594539183751488
137,1856,"s074","m0",0.198036092117682,-0.351410291164575,-0.121590522321912,0.67621491348848
138,1936,"s074","m0",0.199408334307462,-0.515453017766722,-0.0542762935294747,0.848257341265137
139,1937,"s074","m0",0.234996629934527,-0.5022418968975,0.0272800339940479,0.749720458745694
140,1943,"s074","m0",0.189566556138137,-0.375650192443581,-0.0272545130775479,0.727486915158016
141,1948,"s074","m0",0.162821578135928,-0.751803559963152,-0.0474349329792882,1.0027040022274
142,1950,"s074","m0",0.229981359224363,-0.261231146334282,0.0343942945384255,1.03377652497419
143,1951,"s074","m0",0.148809929217288,-0.547507212166253,-0.153389945978615,1.21388063771733
144,1961,"s074","m0",0.257487530561314,-0.282773315536866,0.106849105497287,0.531770096945808
145,1973,"s074","m0",0.200909717342313,-0.480118075142231,-0.0428373211001379,0.988495007978556
146,1978,"s074","m0",0.36023288654438,-0.577105592040309,0.0393724036009186,-0.0880316761049713
147,1993,"s074","m0",0.121065043776715,-0.490968700167495,-0.0981681239182614,1.35220943008674
148,2013,"s074","m0",0.170056655396682,-0.637142078190192,-0.19935698362037,0.697674856479918
149,2018,"s074","m0",0.282290022950569,-0.503529434197488,0.0802209985716056,0.54716098054218
150,2032,"s074","m0",0.221953953814317,-0.545463092645482,-0.17746863702716,0.77307735470658
151,2038,"s074","m0",0.190960279151504,-0.66244481178506,-0.0540566969446155,0.75789365078087
152,2053,"s074","m0",0.238710565937532,-0.333438344599591,-0.124108386846682,0.703152947621836
153,2066,"s074","m0",0.123541687284315,-0.499417880322993,-0.154032995708798,1.15738065673811
154,2067,"s074","m0",0.327993105827625,-0.38500593392058,0.0298530668594686,0.388526781179321
155,2069,"s074","m0",0.183189665068593,-0.438233164053529,-0.0606272681416577,1.01787304235412
156,2105,"s074","m0",0.0681917191107469,-0.482697703583609,-0.194046847615547,1.62120213249075
157,2113,"s074","m0",0.145411990017315,-0.50919992998219,-0.0859930921578718,1.12095749279986
158,2125,"s074","m0",0.268717187232308,-0.293045819828422,0.0271767034154572,0.712638973130125
159,2133,"s074","m0",0.29354599926037,-0.437002189160358,0.0763314284728225,0.286942252245928
160,2139,"s074","m0",0.185658336860696,-0.461883799911876,0.0169068898969268,0.814895950952188
161,2161,"s074","m0",0.266311174250364,-0.415772677388129,0.0315224903105639,0.72984560304291
162,2162,"s074","m0",0.303788658680345,-0.398417887999874,0.0768877961514708,0.554258592544398
163,2176,"s074","m0",0.347046338025147,-0.286413573893503,0.0755488077613306,0.243529720324573
164,2186,"s074","m0",0.236969349379073,-0.485845400986123,0.102960875509036,0.684819841152275
165,2194,"s074","m0",0.228610266218441,-0.399733005050627,0.0230410229821239,0.787541617473266
166,2201,"s074","m0",0.209774427237365,-0.483031125820609,-0.010877532351583,0.857946469497352
167,2219,"s074","m0",0.196705220791199,-0.573960749655549,0.0443423460586183,0.828207472643431
168,2220,"s074","m0",0.184510092985756,-0.613791515047992,-0.00667570088241982,0.906285095944122
169,2252,"s074","m0",0.275591678452725,-0.37108683308226,0.078945280708771,0.356216354515979
170,2263,"s074","m0",0.182055014032283,-0.419354020685954,-0.0229398513269862,0.908717045628823
171,2265,"s074","m0",0.300625924699826,-0.251683807538474,0.0284473220495596,0.505467640549118
172,2269,"s074","m0",0.33354729696066,-0.246789851316998,0.101064276767256,0.371968113931932
173,2282,"s074","m0",0.213999662025882,-0.562678003950798,0.0228555378730428,0.68870286339034
174,2298,"s074","m0",0.243215279696745,-0.348388779877621,0.00431038458136036,0.711332515063699
175,2304,"s074","m0",0.164419099204601,-0.392108344658784,-0.130298082425685,1.0061178688095
176,2309,"s074","m0",0.172495017018396,-0.540475613862804,-0.104308348246294,0.831654648016245
177,2320,"s074","m0",0.372634410332153,-0.208097174654187,0.145545612086126,0.221442278257523
178,2323,"s074","m0",0.185673458678238,-0.31649443787147,-0.0385158029537362,0.874826576724476
179,2340,"s074","m0",0.276256537793113,-0.212986377133971,0.0259457468210645,0.42304863320721
180,2362,"s074","m0",0.198149921563361,-0.79097756365778,-0.0538848784413488,0.60140685299438
181,2371,"s074","m0",0.129960737717967,-0.503325868522705,-0.0853621575804858,1.22991500409659
182,2383,"s074","m0",0.2070531843019,-0.56861217438002,-0.174291676289389,0.818200957302543
183,2396,"s074","m0",0.245140380570036,-0.346169471542514,0.170824037468637,1.05137966185561
184,2420,"s074","m0",0.281648145847318,-0.344004471408185,0.0343176889588046,0.449870560468077
185,2428,"s074","m0",0.266638742898513,-0.374005841498858,0.14723205478337,0.555310936839744
186,2435,"s074","m0",0.16151735000682,-0.669967987026373,-0.258419681397076,0.756027296211287
187,2469,"s074","m0",0.229284133812148,-0.604262918127883,0.0370253805242158,0.638270299498578
188,2472,"s074","m0",0.18536273959367,-0.39851172056926,0.0822275876869542,1.07571293264861
189,2473,"s074","m0",0.163614763943572,-0.381654052147832,-0.0227996154366184,0.98711429675993
190,2494,"s074","m0",0.218177222841037,-0.482694196775134,-0.0176828892199178,0.925284904766737
191,2507,"s074","m0",0.282296340787665,-0.621814980490968,0.0991746091880002,0.562225875513708
192,2530,"s074","m0",0.230956178301684,-0.466843358677551,0.00583595179144991,0.602308494670611
193,2534,"s074","m0",0.316752840045586,-0.413921686554901,0.0720409025741619,0.43814498143031
194,2544,"s074","m0",0.385706087406545,-0.201860442820581,0.16328837213755,0.123341064560687
195,2545,"s074","m0",0.178745851959505,-0.583097218896239,0.0828244851536873,0.9000820659223
196,2555,"s074","m0",0.23919687852545,-0.334220994448266,0.00790717213551975,0.958901131490737
197,2570,"s074","m0",0.221652842078154,-0.271354075323187,0.0801878152370635,0.808731822164869
198,2577,"s074","m0",0.268546297299014,-0.229934988739184,0.00141952557419202,0.908228392582745
199,2584,"s074","m0",0.115288504899693,-0.755460018983403,-0.0796489942724767,1.10679942807661
200,2586,"s074","m0",0.218058774358045,-0.331264268281328,0.0231727626703952,0.615612597568121
201,2603,"s074","m0",0.109627009225331,-0.482010267511598,-0.0639997248109942,1.23288746117817
202,2610,"s074","m0",0.205706707660929,-0.367453668272334,0.0298743102177533,1.0912028377802
203,2613,"s074","m0",0.187713596124607,-0.703989254074223,0.0476935038615848,0.852174411997756
204,2624,"s074","m0",0.315170476911537,-0.495083434465439,0.090113530846253,0.324465875048953
205,2632,"s074","m0",0.191100553612159,-0.530570648450429,-0.0304222333753256,0.85692176813408
206,2647,"s074","m0",0.181697801565516,-0.455492307015231,0.109490112159455,0.717707474397566
207,2660,"s074","m0",0.232183110389456,-0.469850113236528,-0.0375818178403191,0.756610139640674
208,2672,"s074","m0",0.296629982790565,-0.339235011891966,0.0869801895028924,0.50623566719022
209,2674,"s074","m0",0.21158918003855,-0.495704784895845,0.0886401190621072,0.994369887715779
210,2691,"s074","m0",0.273259436203913,-0.272378123438878,0.0850326352052819,0.384784303648746
211,2695,"s074","m0",0.284108772741428,-0.410918173277994,0.147050440035407,0.625054407141749
212,2724,"s074","m0",0.229963217045934,-0.38952186214153,0.0985384968593765,0.783608396421216
213,2738,"s074","m0",0.21707430416013,-0.373519055412386,-0.034129394269631,1.06131138552659
214,2741,"s074","m0",0.357686440135697,-0.201195341608615,0.136753579394413,0.298774096070144
215,2743,"s074","m0",0.35946920486453,-0.158545094277274,0.205111769044228,0.20205526008943
216,2829,"s074","m0",0.142215255704304,-0.453434615992738,-0.0927968741039682,1.07060768850277
217,2831,"s074","m0",0.176227217779699,-0.698362200955921,-0.151229169118993,1.16238516267001
218,2836,"s074","m0",0.348655628264227,-0.198095378322941,0.217176467080296,0.307844119296007
219,2842,"s074","m0",0.207800473056958,-0.383664227449715,0.0999267012957508,0.859871055475608
220,2849,"s074","m0",0.204636282356443,-0.253656963832814,-0.0559259544638092,0.67660805511415
221,2876,"s074","m0",0.134377992030831,-0.611755887158235,-0.127781807619956,1.27079200701673
222,2878,"s074","m0",0.240245709518052,-0.413078469691481,0.0483088984813679,0.784097554668379
223,2911,"s074","m0",0.197321085170997,-0.62493948464858,-0.0615312726982188,0.915635923470827
224,2915,"s074","m0",0.143755285137859,-0.701009309631982,-0.122829535235312,0.942135982785743
225,2938,"s074","m0",0.383907915547332,-0.290273315137079,0.23500280943649,0.117121548596035
226,2958,"s074","m0",0.348455219388429,-0.205940956292212,0.153138003025435,0.297937557924336
227,2971,"s074","m0",0.287592277634825,-0.300078764769554,0.0805969901414499,0.602916935252625
228,2990,"s074","m0",0.311240978699301,-0.235353907198859,0.113111545924473,0.49259833990584
229,2994,"s074","m0",0.367996419789734,-0.344963401357239,0.071421790565883,0.221216923021741
230,2996,"s074","m0",0.146700729289786,-0.662469780172205,-0.171101157724478,1.05383965041929
231,3002,"s074","m0",0.268198041952442,-0.39099614704951,0.070431198151968,0.602924839687089
232,3009,"s074","m0",0.255869035359914,-0.409424893565168,0.0102785334290749,0.627866653358855
233,3012,"s074","m0",0.208412659392225,-0.380395762300365,-0.0537792458815747,0.676640799024379
234,3029,"s074","m0",0.138401663889401,-0.540255009636215,-0.156749542585281,1.07862906385741
235,3038,"s074","m0",0.186127243484404,-0.593063965093322,-0.0542754733099706,0.87210726581353
236,3050,"s074","m0",0.383412919774853,-0.19351098722683,0.198107900417091,0.137734592098403
237,3059,"s074","m0",0.233400317501202,-0.54566596704801,-0.0320318623485308,0.668962809734156
238,3098,"s074","m0",0.261982579257303,-0.423025733837209,0.0311927565647322,0.74384235675691
239,3115,"s074","m0",0.277739096140377,-0.299204115357183,-0.0119719818723555,0.620451116676582
240,3116,"s074","m0",0.183393735444771,-0.440661308301299,0.0297117598942151,1.03099416499399
241,3136,"s074","m0",0.313526947504528,-0.221134339595167,0.0961008272125326,0.528042885420572
242,3146,"s074","m0",0.313463933904969,-0.266827997980889,0.026529638302022,0.446987697764113
243,3148,"s074","m0",0.283593517635039,-0.371153151635376,0.0985495473802936,0.653292978783243
244,3152,"s074","m0",0.0649897826034131,-0.767980584689585,-0.290040830340455,1.19245234733609
245,3156,"s074","m0",0.187458571329055,-0.331308968644726,0.0133780680799493,1.06797553501414
246,3157,"s074","m0",0.300592500898143,-0.345123975307789,0.137508194799417,0.513686554902009
247,3185,"s074","m0",0.114517199953407,-0.707227037001592,0.0487860455938578,1.30783086448138
248,3188,"s074","m0",0.324967631901641,-0.252958887327368,0.085406510016952,0.218666547003324
249,3204,"s074","m0",0.310792265379255,-0.308988627792423,0.0742489178599518,0.358073872027877
250,3218,"s074","m0",0.145187485280714,-0.416655405027526,-0.223795024625389,1.05218181396463
251,3220,"s074","m0",0.249664837488458,-0.412387886618325,0.0762935618632344,0.815632504862957
252,3254,"s074","m0",0.247825511731432,-0.316120713416446,0.0115217477739871,0.854814039579272
253,3255,"s074","m0",0.255732612002927,-0.26807054086239,0.0597811401812983,0.664923729079443
254,3265,"s074","m0",0.363246807570929,-0.279856950707599,-0.0338172053316152,-0.0544578266738577
255,3270,"s074","m0",0.235997055303391,-0.545558864084759,-0.0162178373938149,0.70218802054151
256,3278,"s074","m0",0.30767698326738,-0.473426765583518,0.0706529510837894,0.232141343329882
257,3294,"s074","m0",0.2903533027861,-0.263365666105953,0.00300007047526589,0.421806984298961
258,3362,"s074","m0",0.285922968322419,-0.386794380888314,0.0944463135075165,0.436573737605015
259,3371,"s074","m0",0.315003233819379,-0.301757723209798,0.0905342631195922,0.476587909870056
260,3377,"s074","m0",0.234690054651992,-0.427424327784969,-0.0242031064241867,0.886344963463524
261,3387,"s074","m0",0.281641456071425,-0.407140506555494,-0.010400271547186,0.411549293365103
262,3425,"s074","m0",0.216318631657393,-0.495612398637087,0.0133469143255827,0.761265495266141
263,3427,"s074","m0",0.176284316570241,-0.639646309409293,-0.014803808747486,0.845939400741984
264,3429,"s074","m0",0.301580691194875,-0.307412144037498,0.0226346474793835,0.454408984257369
265,3472,"s074","m0",0.179653637896294,-0.376408684371016,0.00921679742207004,1.12863876342029
266,3509,"s074","m0",0.281214362472475,-0.178773334353053,0.0564452044960661,0.817462601903459
267,3514,"s074","m0",0.252075954444183,-0.482533296992844,0.0720806766612288,0.545582744680432
268,3515,"s074","m0",0.237245489826128,-0.216677443910553,0.0336524214403774,0.518034975750247
269,3521,"s074","m0",0.180998920831808,-0.493229208464986,-0.0409190257342324,0.907687972175542
270,3523,"s074","m0",0.23539604797197,-0.395382132995714,0.0350343401838087,0.767623374293266
271,3530,"s074","m0",0.127064717709461,-0.504798571423677,-0.00939402566382022,1.16025295246186
272,3539,"s074","m0",0.453745040472456,-0.0223659041353812,0.205455823512348,0.0319528710059709
273,3544,"s074","m0",0.124972241621218,-0.804807137138964,-0.0647181148476336,0.911417146885019
274,3568,"s074","m0",0.165090497292603,-0.360476177630833,0.0294281011326679,1.03075412241595
275,3581,"s074","m0",0.184234446890512,-0.430222665827494,-0.0553913082939963,0.572979726134501
276,3592,"s074","m0",0.210578001206324,-0.355886809885919,0.107950581522208,0.750712098412334
277,3604,"s074","m0",0.316250997569588,-0.320727632885896,-0.0323257534869341,0.486827325555425
278,3623,"s074","m0",0.317845925499142,-0.179936618964659,0.0607763432097117,0.355280751483829
279,3626,"s074","m0",0.278485538201126,-0.307245284828756,0.0987080479279528,0.611320084470114
280,3630,"s074","m0",0.231703054190954,-0.582985753806803,0.00466246578157642,0.635613917900416
281,3631,"s074","m0",0.0267312908271276,-0.827168091728619,-0.144013550144016,1.56459481226093
282,3640,"s074","m0",0.232673979099993,-0.528055437776027,-0.0279742824706493,0.68639199755308
283,3643,"s074","m0",0.302042545585441,-0.147946049568582,-0.00460531906567098,0.520583394813125
284,3648,"s074","m0",0.192540405236445,-0.429409918563978,-0.195235060604555,1.0218034008429
285,3653,"s074","m0",0.296954855962301,-0.243439917178483,0.0433255945050128,0.517721670475005
286,3660,"s074","m0",0.285546148611685,-0.4572272519103,-0.0842766554279467,0.501245198319931
287,3670,"s074","m0",0.325531703379711,-0.304964222905766,0.0645148497492543,0.267848237864227
288,3696,"s074","m0",0.225392884378457,-0.508744819047302,-0.0280991417778312,0.857911311651075
289,3709,"s074","m0",0.157198101805481,-0.434983228287546,-0.0225197344423841,1.1632421353456
290,3723,"s074","m0",0.259670893270629,-0.417859045914999,0.0425252686591818,0.685494405166278
291,3733,"s074","m0",0.287412305637063,-0.22411040092094,0.0610305155092417,0.542381509345216
292,3740,"s074","m0",0.247580439108437,-0.558119522226358,0.0369244876879895,0.556759315281364
293,3747,"s074","m0",0.132909843974325,-0.603854574691203,-0.138612486443488,1.17098268275969
294,3757,"s074","m0",0.306183685035143,-0.448224863123584,0.0988142457164754,0.57265333712362
295,3782,"s074","m0",0.13658939634383,-0.80837371670848,-0.0387940666767953,1.13989834956588
296,3799,"s074","m0",0.285634734602636,-0.325034998718073,0.064738542211746,0.598811112965143
297,3810,"s074","m0",0.142658599943878,-0.630812330386383,-0.197908590828929,0.901180381688768
298,3844,"s074","m0",0.32767944066014,-0.225988900801938,0.109999656772586,0.315317115278875
299,3866,"s074","m0",0.32531280599325,-0.234527146483896,0.0360063398527841,0.593873821634586
300,3867,"s074","m0",0.205575026439245,-0.473503663006075,0.0667742653046782,0.948818335205858
301,3877,"s074","m0",0.239644546123411,-0.38393143365275,0.01041666962769,0.518084120579887
302,3880,"s074","m0",0.21612374329989,-0.405409377500349,0.0874760442210628,0.743683276343147
303,3882,"s074","m0",0.16765448604834,-0.577666026744969,-0.0298621811346927,1.09310391978399
304,3895,"s074","m0",0.251140769735209,-0.663829832863467,-0.0654220938551294,0.59023003283967
305,3903,"s074","m0",0.161742677094914,-0.747286709700472,-0.0610196200166553,1.10335888988283
306,3911,"s074","m0",0.186459656822515,-0.383061068802538,0.0754704992489516,0.996188608993749
307,3932,"s074","m0",0.396148627657673,-0.263645790501565,0.175428339377112,0.125724963399115
308,3940,"s074","m0",0.280548567773253,-0.274512814137654,0.0783734140765304,0.722127696462949
309,3944,"s074","m0",0.297373010977774,-0.228626790566034,0.149788262576251,0.621913216321635
310,3957,"s074","m0",0.175147483256029,-0.461317169570097,-0.0637508521723328,0.698741034694855
311,3972,"s074","m0",0.297828593116988,-0.269695270339078,0.109444075523699,0.574365565908995
312,3988,"s074","m0",0.160719659126149,-0.685047973411694,0.00400260953939696,0.959850633067007
313,3993,"s074","m0",0.262793633861632,-0.297643805069224,0.0725825926952722,0.694422976740902
314,3998,"s074","m0",0.174785673634849,-0.403532342268772,-0.00751818551526611,0.827396188137795
315,3999,"s074","m0",0.293392734968905,-0.253375679688453,0.0679310281832528,0.619061322870559
316,4040,"s074","m0",0.250763790305955,-0.575735229487162,0.0297085041544838,0.600629687267111
317,4059,"s074","m0",0.118517380142372,-0.719093838112279,-0.0718018245581695,1.07880547012572
318,4062,"s074","m0",0.250197809429659,-0.641951185393635,0.0314462816693416,0.67839099881005
319,4084,"s074","m0",0.203779273078013,-0.518723970752606,-0.117526902077064,0.702996842072542
320,4105,"s074","m0",0.308077028429705,-0.238703069469695,0.108536761928609,0.59671380835121
321,4111,"s074","m0",0.216948282584891,-0.309908877114525,-0.0171640192611863,0.836750128367251
322,4118,"s074","m0",0.212639059731609,-0.509517121573562,-0.0522612234144451,0.593804055114386
323,4120,"s074","m0",0.0815462271549588,-0.729457651778207,-0.0239094659346979,1.20146615189476
324,4146,"s074","m0",0.265205787765953,-0.321916292657822,0.123156347575709,0.408897029631067
325,4156,"s074","m0",0.111637965686931,-0.608380978489207,-0.0719036671878093,1.02178449992604
326,4168,"s074","m0",0.181194563270836,-0.658991439875505,-0.0900493039914716,0.828447644113347
327,4174,"s074","m0",0.254114985511096,-0.377961232021788,0.0411369286573868,0.813184623927745
328,4208,"s074","m0",0.191590333445417,-0.657656049408139,0.00512907684077536,1.05276201752117
329,4212,"s074","m0",0.161134626136404,-0.783068978901079,-0.0361610312411695,1.02922933518126
330,4222,"s074","m0",0.331468101133837,-0.304477392058007,0.0789159125656151,0.330942173439261
331,4225,"s074","m0",0.212723815230258,-0.643626641338004,0.0866332240280552,0.996856850663071
332,4230,"s074","m0",0.242163579194782,-0.41580330397415,0.0120218906195685,0.404837589004514
333,4239,"s074","m0",0.251481981924613,-0.420520760002831,0.00595712297851221,0.664034906484897
334,4241,"s074","m0",0.249468664806321,-0.502527543108882,0.0956528208878352,0.53047434773313
335,4265,"s074","m0",0.0842926093029603,-0.574803300544093,-0.0975173342016909,1.07819066225715
336,4274,"s074","m0",0.245688378395513,-0.363742375289232,0.0105192040086777,0.6987794896295
337,4283,"s074","m0",0.301557168875233,-0.276932925138062,0.0407664567849089,0.279847397535727
338,4284,"s074","m0",0.302896601828054,-0.277383826604672,0.0841605357214591,0.400397774638027
339,4298,"s074","m0",0.175905390482173,-0.515388932353295,0.0885901758027556,0.87333361264891
340,4302,"s074","m0",0.235691609288917,-0.389606280247117,0.0414842164520195,0.654342127690677
341,4305,"s074","m0",0.233746683476426,-0.347968829464342,-0.00191367421624837,0.619753837538543
342,4315,"s074","m0",0.27255366322417,-0.384265835412066,0.0343976594438851,0.676299760838389
343,4318,"s074","m0",0.101758453084479,-0.759030962452096,-0.128076819826768,1.22390492190141
344,4348,"s074","m0",0.123219127170895,-0.507273735628858,0.00212989551599995,1.28027222571536
345,4355,"s074","m0",0.312767724871659,-0.240195465624587,0.194339096870023,0.448815855008509
346,4356,"s074","m0",0.108939853959269,-0.768267058360927,-0.0512519259518981,1.13400324640922
347,4360,"s074","m0",0.358706554656063,-0.226369664985306,0.118379662235885,0.388379812678217
348,4378,"s074","m0",0.20308196860137,-0.575524497718258,0.0153825543442861,0.951663223713969
349,4407,"s074","m0",0.116673164953037,-0.299913397441482,-0.157426051685956,1.27672389374897
350,4414,"s074","m0",0.268682803510801,-0.529245225647979,-0.000777800454734869,0.558111280722534
351,4424,"s074","m0",0.178770084945389,-0.524271394613823,-0.0581901249637087,0.876991646215439
352,4439,"s074","m0",0.210414934407422,-0.540836358316865,-0.101300519538846,0.848350189066587
353,4451,"s074","m0",0.344672512977627,-0.0594899073379442,0.0809764987268721,0.274980293010426
354,4468,"s074","m0",0.169290845808737,-0.443048066992344,0.0602179508147591,1.07559711907696
355,4472,"s074","m0",0.0567108072544586,-0.752788468910315,-0.20423546334833,1.39791797023547
356,4482,"s074","m0",0.233886284173492,-0.640425936356489,-0.0347510876003313,0.738871367764497
357,4503,"s074","m0",0.374633055331763,-0.362940591267807,0.0911595342310431,0.0573010886564022
358,4505,"s074","m0",0.152917672370846,-0.553127618291443,-0.0893373810858408,0.925265192347028
359,4518,"s074","m0",0.130620963624905,-0.636431637048487,-0.0511663505786609,0.921592686601412
360,4525,"s074","m0",0.310219039368365,-0.173694459106631,0.0477039887494253,0.657623279264885
361,4532,"s074","m0",0.191996939867181,-0.480722780931883,-0.0462160590058724,0.859399764567028
362,4564,"s074","m0",0.120015862472403,-0.632955922365442,-0.0329267040531684,1.32839352651697
363,4582,"s074","m0",0.301080642713762,-0.557481841567476,0.0751829411471349,0.143913735657804
364,4584,"s074","m0",0.257387627072709,-0.424796913589834,0.00523475203243055,0.645947830860513
365,4593,"s074","m0",0.216277950375441,-0.602058731440514,-0.0919721964047018,0.711489057375382
366,4594,"s074","m0",0.18449489470566,-0.547693305515301,-0.0981829885378436,1.06768352799497
367,4616,"s074","m0",0.22192791970793,-0.418381910948235,-0.0630338301877061,0.64662165986093
368,4622,"s074","m0",0.166220880804815,-0.408486095021498,-0.0584829851245539,1.01166404297116
369,4638,"s074","m0",0.230345859549215,-0.343423282202096,-0.0701800299564729,0.805918863998681
370,4642,"s074","m0",0.21052423293266,-0.642063089557368,0.0320846743740134,0.641758493736477
371,4648,"s074","m0",0.246704925125159,-0.415969763519577,0.0046534956271944,0.635278670972507
372,4652,"s074","m0",0.173056423484598,-0.416390091780431,-0.135816626986952,1.13766879534013
373,4654,"s074","m0",0.228879470348658,-0.449270522199714,0.0169018688199495,0.686314010943677
374,4680,"s074","m0",0.212871963984838,-0.417970321196939,-0.00118179540269903,0.812976157616576
375,4705,"s074","m0",0.28057032628454,-0.271581306541366,0.0613308880389099,0.429266266803508
376,4707,"s074","m0",0.338690673037657,-0.18407485424548,0.159438800504121,0.42194126366796
377,4713,"s074","m0",0.17611901255345,-0.446765814540345,0.0306537667450298,1.20501676068478
378,4714,"s074","m0",0.236408475579469,-0.490558061173826,0.00843211119380253,0.597071215510921
379,4743,"s074","m0",0.288183408528327,-0.294043104499404,0.0565894339373211,0.594795175652908
380,4744,"s074","m0",0.19884170322986,-0.50733374756139,0.0311982545738544,0.907959517732631
381,4747,"s074","m0",0.33698074445916,-0.166010282987014,0.0544964523751531,0.457440025090535
382,4788,"s074","m0",0.220874328391159,-0.397951753193379,0.0234861345784823,0.795310384723286
383,4792,"s074","m0",0.164809285880884,-0.502437110013857,-0.061218859678399,1.07212629594586
384,4797,"s074","m0",0.255912238645608,-0.374102638717745,0.0106736428469624,0.557203103732812
385,4800,"s074","m0",0.191959039158705,-0.426910819279588,-0.0428253234282468,0.843406875646401
386,4804,"s074","m0",0.117261447997399,-0.672074660213874,-0.108196725853719,1.0592211997162
387,4809,"s074","m0",0.210666183503406,-0.550681590812429,-0.0194865337809041,0.653557002995123
388,4820,"s074","m0",0.198332271339428,-0.490134463046912,-0.0150309897748425,0.873669883604008
389,4821,"s074","m0",0.186120030405884,-0.513335308927085,-0.0364770177710547,1.0030048920247
390,4835,"s074","m0",0.221448761626388,-0.395165711575455,0.078187094204658,0.73457355119229
391,4842,"s074","m0",0.170990757238585,-0.529429080334392,0.0207048396196496,0.950293033728029
392,4851,"s074","m0",0.232155321292061,-0.238088755311115,0.0394758180387682,0.832623972109638
393,4877,"s074","m0",0.161465841705609,-0.49220757385602,-0.159052400661634,1.09551744935576
394,4891,"s074","m0",0.415580508709169,-0.0612919881227509,0.172546457970584,-0.0548548772777986
395,4910,"s074","m0",0.201198769795132,-0.443325022924109,-0.00787886186401914,0.951533159496739
396,4921,"s074","m0",0.450299765768289,-0.149302120783264,0.222383059920168,-0.229042219012972
397,4923,"s074","m0",0.227806801898291,-0.309442357890923,-0.0258984362290267,0.680974886897893
398,4937,"s074","m0",0.150165789020812,-0.497462223715086,0.00678982389856818,1.0586242175596
399,4960,"s074","m0",0.178613630880676,-0.497293801652329,-0.0983884499689782,0.985731621084274
400,4961,"s074","m0",0.151074864761123,-0.497429840072132,-0.162994491557256,1.08991582735704
401,4972,"s074","m0",0.307042628947252,-0.334756480086231,0.122208342974517,0.536646185538456
402,4985,"s074","m0",0.185637773502145,-0.431998080030416,0.025557305471283,0.905048590740399
403,4989,"s074","m0",0.282296446971092,-0.328480917642921,0.0150208602186631,0.563949219761836
404,4995,"s074","m0",0.254736051641318,-0.503469749253193,0.0164053474125294,0.302413790268922
405,4996,"s074","m0",0.116557510959157,-0.552944939121055,-0.157649448236762,1.05501953313013
406,5023,"s074","m0",0.320060778040431,-0.360149838982591,0.127347898051516,0.504723968876887
407,5029,"s074","m0",0.18241987121639,-0.393983632949021,-0.12348819397417,1.01426019830803
408,5040,"s074","m0",0.179860572551975,-0.347062845612598,-0.0247181985957267,1.00004486121176
409,5045,"s074","m0",0.206280760083564,-0.553886176204403,0.0319528481793663,0.771682120329565
410,5046,"s074","m0",0.176821798721231,-0.720939537177657,-0.12675759653234,0.670553560540454
411,5049,"s074","m0",0.242712514476428,-0.335580747517615,-0.00683836684011745,0.716157590489903
412,5066,"s074","m0",0.303897177519544,-0.327564541063904,0.0886781261185331,0.576709434454386
413,5102,"s074","m0",0.13350562833,-0.699827510997031,-0.127596690235789,1.33232409787334
414,5123,"s074","m0",0.278547709775484,-0.149160138351754,-0.0402622178453847,0.610748079019232
415,5141,"s074","m0",0.3117010066268,-0.373993552595578,0.0716382826354256,0.272543069138301
416,5153,"s074","m0",0.171071891728724,-0.48122932545647,-0.0585321168900952,0.908695336582619
417,5162,"s074","m0",0.140424787765956,-0.744169426920589,-0.176322393464101,1.04588062996983
418,5177,"s074","m0",0.255943741859835,-0.37858326223686,-0.0209211987264784,0.794507907229694
419,5178,"s074","m0",0.20427776722634,-0.358579550533273,0.0318180155309388,1.05023811731435
420,5194,"s074","m0",0.255695207287248,-0.367938764330261,0.0200096526454294,0.797399621058181
421,5208,"s074","m0",0.331608297177935,-0.297657897741718,0.0830750333466676,0.396730788934162
422,5228,"s074","m0",0.276924343019101,-0.414498980799799,0.00574453136114076,0.75673209411071
423,5239,"s074","m0",0.303377485190188,-0.230914963821286,0.110222229070589,0.412876816650924
424,5284,"s074","m0",0.300659121309129,-0.310259235039011,0.0655270501674773,0.557323483935137
425,5307,"s074","m0",0.27997588574636,-0.244434742938499,0.100788268293205,0.521585853145669
426,5319,"s074","m0",0.326369601403386,-0.312668015148799,0.164050646354231,0.267333409277397
427,5343,"s074","m0",0.203486282604245,-0.414575289242029,0.0593913336839407,1.04872109198198
428,5376,"s074","m0",0.119511146784328,-0.360851931022044,-0.129800852519442,1.22893692635032
429,5404,"s074","m0",0.143243241471474,-0.466099852358281,-0.149534341961718,1.06868835272984
430,5420,"s074","m0",0.159164396473394,-0.339593652034435,-0.127915030185931,1.08070939562943
431,5456,"s074","m0",0.25229107228156,-0.602418885550893,-0.0370064862215525,0.920824643788164
432,5458,"s074","m0",0.304683902364732,-0.298325223511984,0.132996588418157,0.405416527638503
433,5459,"s074","m0",0.256795087551967,-0.46763000152191,-0.0409986555630326,0.60016349241708
434,5476,"s074","m0",0.163961188865082,-0.470313190462754,-0.154571114584136,0.855418857560338
435,5482,"s074","m0",0.116331106498104,-0.494190969430463,-0.0710566888027799,1.21121341112925
436,5488,"s074","m0",0.217878313048397,-0.430812834838437,0.0378508711742819,0.721453602886293
437,5511,"s074","m0",0.168113127437388,-0.44554632690777,-0.0425618762021356,0.819979903369595
438,5512,"s074","m0",0.188342519869009,-0.41853401139048,-0.0782753631294492,0.714137662341988
439,5525,"s074","m0",0.241425097703699,-0.368182473548942,0.007064806206148,0.723277691013482
440,5535,"s074","m0",0.244569146369526,-0.479571769793158,-0.116460891213831,0.667603877243624
441,5542,"s074","m0",0.160782102000183,-0.618649321603883,-0.0153265562126727,0.774227492763125
442,5561,"s074","m0",0.161710034965518,-0.46391649680083,0.0174759848845414,1.15209952781593
443,5578,"s074","m0",0.211186690293366,-0.393244332188445,-0.11160816732621,0.801923480063075
444,5593,"s074","m0",0.373613411388885,-0.11632847121113,0.0755433569350271,0.221145867686495
445,5606,"s074","m0",0.233729922471345,-0.5512338152731,-0.0189557229396402,0.749280292070314
446,5623,"s074","m0",0.241160468124914,-0.479274661790815,-0.0294855846958605,0.615922656619085
447,5634,"s074","m0",0.313608536506981,-0.256564669961721,0.087040917493601,0.313090580701005
448,5636,"s074","m0",0.253652992902106,-0.284868053967667,0.0400658700456928,0.706165799698729
449,5637,"s074","m0",0.296920110730177,-0.392543929304157,0.00132693710058214,0.409768127483537
450,5638,"s074","m0",0.262996438052918,-0.385238329599356,0.0452852770836908,0.674262850960244
451,5656,"s074","m0",0.110796437429955,-0.582834438873021,-0.221516729445236,1.30343142045415
452,5663,"s074","m0",0.30639169160132,-0.366874268087701,0.054268956312365,0.540734369512298
453,5675,"s074","m0",0.217298424829403,-0.175098035544397,-0.0715100778771971,0.651333549277227
454,5682,"s074","m0",0.264860279609131,-0.207999669975765,0.0327990693454815,0.591042274027274
455,5686,"s074","m0",0.123320898423938,-0.689161371441879,-0.0763256933536276,1.17047045878761
456,5691,"s074","m0",0.0959764149942318,-0.558037633206309,0.0346133169651258,1.21608392603756
457,5731,"s074","m0",0.201338738930616,-0.36216159096599,0.026162625177298,1.02036687260001
458,5741,"s074","m0",0.249543269730403,-0.280236699180855,-0.0405962838995976,0.722980330444717
459,5746,"s074","m0",0.263473968951572,-0.423318353970315,0.0872737792708514,0.593025520163283
460,5773,"s074","m0",0.117899676121541,-0.721667838406485,-0.12606284251149,1.29530758916388
461,5775,"s074","m0",0.153955710646807,-0.330962890397881,-0.0568398033349801,1.09524209373883
462,5809,"s074","m0",0.22036618844178,-0.40165035658988,-0.106324653013115,0.828186234151964
463,5812,"s074","m0",0.158813970691784,-0.602496949308818,-0.0837039129116241,1.30298959877807
464,5822,"s074","m0",0.31489840390404,-0.150917992476811,0.0233394265132977,0.464149171170086
465,5832,"s074","m0",0.293914489259811,-0.209236571398503,0.0893518554703076,0.507256269401441
466,5843,"s074","m0",0.146031363297564,-0.547808248992983,-0.0446875039869176,1.09814549153585
467,5852,"s074","m0",0.30042535708243,-0.453206749592907,0.00616363521613029,0.288262647137017
468,5855,"s074","m0",0.144661019135494,-0.659265495157596,-0.100242712906719,0.980419788842565
469,5881,"s074","m0",0.173896370039519,-0.336762721499772,-0.134526093559194,1.05763187740895
470,5888,"s074","m0",0.135985848847201,-0.487075527911856,-0.0808276383969247,0.841531080025902
471,5899,"s074","m0",0.233518315971537,-0.287905300771269,0.0161907404794824,0.495389598708713
472,5907,"s074","m0",0.232015563037471,-0.559120827896064,0.0570287592699907,0.645841756376113
473,5915,"s074","m0",0.25938148173089,-0.406722940298976,0.010406032129353,0.709398373867251
474,5924,"s074","m0",0.313837619745369,-0.299969428173212,0.0858005486216558,0.377660967754535
475,5925,"s074","m0",0.320848710346306,-0.317357108769557,0.0971226436993066,0.354295001723377
476,5927,"s074","m0",0.288334204758674,-0.464311196403703,0.0716583431351403,0.377138588669398
477,5931,"s074","m0",0.162490565144172,-0.457812900190272,-0.082267695997118,0.855540111610215
478,5933,"s074","m0",0.293369071673428,-0.474260963040589,0.117746119091523,0.491328208957746
479,5941,"s074","m0",0.187623524075646,-0.670403916945813,-0.069505016971654,0.810116555644056
480,5947,"s074","m0",0.190987617718838,-0.443855932124751,-0.0207311159419036,0.717934425220513
481,5948,"s074","m0",0.0954443537362694,-0.708843343384372,-0.0838676374379358,1.13066147267377
482,5949,"s074","m0",0.249527723854185,-0.289218538657127,0.0629568650160054,0.808771170746756
483,5950,"s074","m0",0.32699060362028,-0.315008762367502,0.00850034146045361,0.382881941241883
484,5963,"s074","m0",0.246078343825204,-0.372993682075733,0.0119696266226567,0.767527732094905
485,5974,"s074","m0",0.175717522107524,-0.429660954912262,-0.0740240012937144,1.03791213287202
486,5976,"s074","m0",0.2201229226253,-0.424838521015346,-0.0289828519291421,0.922619742125599
487,5982,"s074","m0",0.223811198109761,-0.62998707871053,0.0147160224135409,0.699773395486053
488,5983,"s074","m0",0.125829919836223,-0.601977117154152,-0.159068180644639,1.20334937870243
489,6000,"s074","m0",0.274549496721337,-0.362005779224275,0.0398262672789147,0.570173617518714
490,6015,"s074","m0",0.256026206459066,-0.245424139266289,0.00540748276367389,0.765557987852355
491,6019,"s074","m0",0.244051273201776,-0.380051523434815,0.163900270399569,0.834409696540732
492,6023,"s074","m0",0.223316251175653,-0.42985451083912,-0.0842757950552233,0.609771400004175
493,6062,"s074","m0",0.223121661056163,-0.433073802427629,0.104885883902156,0.831036226593974
494,6075,"s074","m0",0.21705661116907,-0.426858257552221,0.1168292370427,1.16863169709969
495,6096,"s074","m0",0.159450294000563,-0.755413480651148,-0.0981681213123062,0.935974418309131
496,6105,"s074","m0",0.135225890340399,-0.602228361988138,-0.0645408029444113,1.08191523040636
497,6122,"s074","m0",0.256919188789931,-0.405168677407215,0.041502142173482,0.817622092077522
498,6123,"s074","m0",0.261136744128134,-0.270869055582548,0.0165481990667334,0.494748947287909
499,6143,"s074","m0",0.169829154432612,-0.395401860310524,0.026444287451678,0.978101625406517
500,6147,"s074","m0",0.271622223640719,-0.396454273321317,0.0475264994111236,0.518741849627417
501,6181,"s074","m0",0.308839567842579,-0.145899049435647,0.157939686801069,0.648909723554059
502,6208,"s074","m0",0.130857760408604,-0.872034245307547,-0.153921722526417,0.888170023358019
503,6220,"s074","m0",0.272602104553754,-0.347864105356194,-0.0229364747754507,0.660236778486581
504,6228,"s074","m0",0.150741081334223,-0.478505655751582,-0.116475526085613,0.933558410059244
505,6239,"s074","m0",0.232038853931963,-0.377222350983314,-0.00342934764269834,0.833653564761444
506,6246,"s074","m0",0.240250401842298,-0.409034867516544,0.0347864809524335,0.609394439908392
507,6259,"s074","m0",0.251119289177869,-0.486622347549863,0.119621433189697,0.756683560020908
508,6279,"s074","m0",0.204252773507557,-0.553538633057336,-0.122021135905407,0.821143199947022
509,6302,"s074","m0",0.258640446005744,-0.581763054459001,0.0681998282879986,0.715719848127391
510,6313,"s074","m0",0.315700819029507,-0.209114859054528,0.158842576021627,0.620219964502352
511,6338,"s074","m0",0.191214330414611,-0.415304680672707,-0.0829556965361987,0.86246925315405
512,6359,"s074","m0",0.224644334520919,-0.140551228186506,-0.0265180259560042,0.911803926502451
513,6365,"s074","m0",0.130350675779682,-0.823316561008839,-0.115431050223868,0.902098315607487
514,6373,"s074","m0",0.258112562664519,-0.340375483782649,0.0660831894088378,0.551986654601364
515,6385,"s074","m0",0.303625354672472,-0.349968227631118,-0.0214382891634637,0.214086974059946
516,6388,"s074","m0",0.137605392051736,-0.431194504075074,-0.0742820565908313,1.01065756744818
517,6418,"s074","m0",0.17796077395595,-0.375015588817133,-0.00289466419384844,0.809647515237243
518,6449,"s074","m0",0.250030058319866,-0.420239955686936,0.0293136519723635,0.509572907833792
519,6452,"s074","m0",0.19278432463832,-0.614273735437609,0.0457787448708907,0.898757651644959
520,6460,"s074","m0",0.156771157295651,-0.598826118527171,-0.0744757348315188,1.12424581377404
521,6464,"s074","m0",0.350002250400441,-0.236309366940953,-0.00547715477420344,0.114376531775036
522,6485,"s074","m0",0.139598505008512,-0.427074932845762,-0.0062627737603532,1.0204584200332
523,6488,"s074","m0",0.242173263086349,-0.336865188401551,0.0134485234577517,0.736023949574805
524,6489,"s074","m0",0.167237362500104,-0.510927418422192,0.00441545166413292,0.888728270659472
525,6504,"s074","m0",0.254050739571706,-0.346393866118899,0.0375027183746825,0.674691748163264
526,6530,"s074","m0",0.339385046060318,-0.393373681697582,-0.0123254692629755,-0.00194590082413132
527,6547,"s074","m0",0.180808538956518,-0.658236312165196,-0.0635289220950712,1.04046426914993
528,6559,"s074","m0",0.294182449427486,-0.34307847181891,0.0506971223967592,0.489210710054043
529,6564,"s074","m0",0.374259339054362,-0.206293845957546,0.173112186075682,0.366747724180304
530,6584,"s074","m0",0.27775579417104,-0.434110263437728,0.130759390766949,0.555189836727122
531,6624,"s074","m0",0.405448107561729,-0.153514507384864,0.204156013408133,0.316423552458011
532,6636,"s074","m0",0.21337074449211,-0.603556376204771,-0.0605021663509385,0.758192187148287
533,6641,"s074","m0",0.186216681111258,-0.398052527113127,-0.025781293013175,1.04435561747299
534,6643,"s074","m0",0.247383987405439,-0.475970221928441,-0.00132342799141464,0.635722266748759
535,6650,"s074","m0",0.251501882748563,-0.410543389106478,-0.0475181167766284,0.676428977229792
536,6656,"s074","m0",0.417127497104588,-0.109484153881504,0.0560073412837462,-0.0367904691089435
537,6661,"s074","m0",0.181121313905794,-0.562847440545359,-0.0163856656182592,1.09418043900478
538,6662,"s074","m0",0.175392459954543,-0.585069602804065,0.0197964206146903,0.692866944915561
539,6665,"s074","m0",0.189923353870643,-0.461733047849743,-0.165166784809941,0.860991459432648
540,6686,"s074","m0",0.334885421240912,-0.238923366567059,0.111627147781321,0.280813945151336
541,6701,"s074","m0",0.0955746482557594,-0.630047868256622,-0.178421322742979,0.996407226913035
542,6737,"s074","m0",0.157540887169974,-0.55763661517745,-0.139121827482708,0.951185963053261
543,6743,"s074","m0",0.156566030294085,-0.521980561716937,-0.0675262186609233,0.909665655075591
544,6747,"s074","m0",0.164048035471995,-0.548059090711956,-0.0905113793256976,0.778873548433963
545,6761,"s074","m0",0.168390615997038,-0.341804201368091,-0.110734939879291,0.992963015426019
546,6776,"s074","m0",0.173609009123693,-0.674040737422825,-0.00148366992163509,1.05922419809522
547,6778,"s074","m0",0.233272061243739,-0.310505513722184,-0.0693415711960464,0.820159529511808
548,6792,"s074","m0",0.130218043469344,-0.731950959678264,-0.0770284009061942,1.29640852706773
549,6793,"s074","m0",0.311439288754365,-0.270066779949567,0.121050340723144,0.356832654658433
550,6804,"s074","m0",0.189636367460173,-0.436350688862751,-0.130854025824653,0.658227006946041
551,6855,"s074","m0",0.303168684746407,-0.186961183168393,0.109170865903978,0.5799293786072
552,6861,"s074","m0",0.231486119775498,-0.339932514231272,-0.145782178841478,0.816830021273851
553,6863,"s074","m0",0.279851520060596,-0.194772201081314,0.0149329136922714,0.622416274267762
554,6871,"s074","m0",0.20430514275052,-0.390724112141686,0.0369832795595379,0.963046532178712
555,6874,"s074","m0",0.192136140697414,-0.807281497089604,-0.0103998897311177,0.834688958290114
556,6879,"s074","m0",0.26419454416781,-0.398057010465148,0.000249125974337378,0.625239868409872
557,6881,"s074","m0",0.183925733232005,-0.588445161947773,0.00124086969573032,0.952945613529915
558,6890,"s074","m0",0.243067238472767,-0.369288138563699,0.0407528436455165,0.639508883802507
559,6918,"s074","m0",0.237935082980607,-0.400762284089628,-0.0580975350346584,0.832802894959995
560,6930,"s074","m0",0.20246809235775,-0.460669160054521,-0.0287465867998681,1.05201142675387
561,6953,"s074","m0",0.28951687749521,-0.374018726705706,0.0523034418624227,0.671204189303738
562,6961,"s074","m0",0.226628431005984,-0.218143892355084,0.0364283237629855,0.785816919542758
563,6979,"s074","m0",0.115798414029378,-0.691763341424531,-0.0162308263149857,1.07400715802272
564,6991,"s074","m0",0.280272453786346,-0.318261991384912,0.0729861490723365,0.697147556990149
565,6994,"s074","m0",0.235580887068304,-0.388307885080548,-0.0383323920810474,0.695052789310131
566,7008,"s074","m0",0.301135182949939,-0.229364913310575,0.122680266489201,0.407170537963749
567,7010,"s074","m0",0.115161544505409,-0.507871520159278,-0.108393389154457,1.28367632557456
568,7013,"s074","m0",0.138790960777214,-0.527679218004461,-0.318760908623514,1.05176869530064
569,7019,"s074","m0",0.274616692300258,-0.202254422559413,0.0590587137655904,0.514009834161855
570,7037,"s074","m0",0.340733353776253,-0.346795229772002,0.166997828390467,0.292265893919993
571,7057,"s074","m0",0.18960195368845,-0.374441128096511,-0.0718816260987051,0.868101543276386
572,7067,"s074","m0",0.241183825621167,-0.405415345503719,0.0299211321173318,0.610007267546877
573,7075,"s074","m0",0.173726597043643,-0.742308576361485,-0.0837517572889351,0.925928173446735
574,7080,"s074","m0",0.176556661274698,-0.35718751915429,-0.0689535781299992,0.895629074180374
575,7091,"s074","m0",0.221024282734411,-0.358217243963843,0.0913784754248133,0.846913739246993
576,7104,"s074","m0",0.0897466129298307,-0.752950823305393,-0.164607372562595,1.14710671743886
577,7113,"s074","m0",0.224624435618765,-0.535775607497154,-0.00712194854751707,0.814734471441938
578,7114,"s074","m0",0.293814061227444,-0.348469209087661,0.0280283915397163,0.661253443532668
579,7139,"s074","m0",0.255176905058884,-0.549138213882335,0.0644539150555817,0.603732271755822
580,7141,"s074","m0",0.326961144796493,-0.439734960707428,0.175144803823741,0.590410471484756
581,7155,"s074","m0",0.192846852678302,-0.728893883121008,0.0162945438966738,1.03935242173863
582,7158,"s074","m0",0.24566743410014,-0.394753207355859,0.0885877720757337,0.494982058479712
583,7169,"s074","m0",0.359325184441568,-0.212798281687678,0.20086851565127,0.247839745927878
584,7172,"s074","m0",0.210758434904749,-0.396047223144215,-0.0308528641058397,0.903304424494468
585,7183,"s074","m0",0.207338589479987,-0.601422255187203,0.00772579851015744,0.658539107578833
586,7202,"s074","m0",0.225851514021394,-0.406744922748814,0.0257335024428897,1.03300270313666
587,7213,"s074","m0",0.161914789875492,-0.621147151210528,-0.196614110739788,0.742437016985132
588,7239,"s074","m0",0.171564881813382,-0.503063726030889,-0.000594799567857465,0.86637726744823
589,7281,"s074","m0",0.218166794651082,-0.478486923936035,0.0346598016866524,1.01472472624164
590,7294,"s074","m0",0.213560794027065,-0.611309455245791,-0.00890948746475892,0.740542481684739
591,7300,"s074","m0",0.292893999622818,-0.194547364217542,0.181439820190385,0.745579176216008
592,7317,"s074","m0",0.271631931386618,-0.335950470643041,-0.000313417532182352,0.616683165087228
593,7322,"s074","m0",0.215220455855965,-0.563732809712369,0.0160924851999089,0.885612430981098
594,7326,"s074","m0",0.26486635467996,-0.360811560365361,0.109211364919662,0.75371362568795
595,7328,"s074","m0",0.295925565641541,-0.394802766372531,-0.00869639539825675,0.631177458821547
596,7332,"s074","m0",0.217885547458395,-0.461262484724011,0.16124379779435,0.774258531746681
597,7369,"s074","m0",0.295819545272462,-0.346301794469707,0.0644324125260396,0.591577986385296
598,7377,"s074","m0",0.272273359129277,-0.187899797963455,-0.0605673494427317,0.544191299127862
599,7395,"s074","m0",0.182481377271664,-0.65063638412456,0.144811080680968,0.973423986620304
600,7396,"s074","m0",0.203688094058425,-0.514320393709975,0.0129169221431115,0.81762854749625
601,7420,"s074","m0",0.173395414171811,-0.487762537207786,0.0253772619716085,0.898685488226653
602,7426,"s074","m0",0.252475223534676,-0.361687054725823,-0.0389218533685075,0.679708439856418
603,7432,"s074","m0",0.354345766228553,-0.203954018937138,0.0922134423704198,0.187154011991443
604,7458,"s074","m0",0.149504538391906,-0.559840062126555,-0.0897498769407684,1.01154989003282
605,7461,"s074","m0",0.29504797692739,-0.163549063518253,0.043797934671939,0.452954827389394
606,7476,"s074","m0",0.333458351539933,-0.107805244755299,0.182327138685145,0.372780124943435
607,7487,"s074","m0",0.217405180025449,-0.35754819669003,-0.0749657702766031,0.878880956862447
608,7513,"s074","m0",0.362701264805772,-0.135891567175304,0.101638508069272,0.225029848637845
609,7537,"s074","m0",0.298920354412643,-0.220218121270622,0.0843634864426605,0.602513296768712
610,7539,"s074","m0",0.209962679987906,-0.338203085230099,-0.0375785039750136,0.827678870610429
611,7545,"s074","m0",0.147815114227986,-0.766947902556921,-0.0516714469041062,1.19169653058359
612,7546,"s074","m0",0.179427670148665,-0.564024156665001,0.038898228938447,1.13581063936119
613,7593,"s074","m0",0.116197570460276,-0.633978906973232,-0.0125839425199668,1.23343933676479
614,7607,"s074","m0",0.260313151899987,-0.405372013052785,-0.0227233490247161,0.496866770124429
615,7620,"s074","m0",0.0554514350398367,-0.634010152555253,-0.20441373148379,1.3243046626292
616,7635,"s074","m0",0.129579150476801,-0.650477608808443,-0.0818621983207743,1.29499758328096
617,7639,"s074","m0",0.270565522995714,-0.309901451396656,0.00191409134205388,0.448925656999676
618,7658,"s074","m0",0.219473570809793,-0.355484119203664,-0.0366838964629624,0.870158213383565
619,7661,"s074","m0",0.227450763554105,-0.507326339532755,0.0802021652524725,0.651701950747275
620,7670,"s074","m0",0.405825889115492,-0.201891588131098,0.11376652869066,-0.0235384090583261
621,7703,"s074","m0",0.241154906055991,-0.275418626496982,0.0226383459375811,0.61780564053947
622,7714,"s074","m0",0.126211531424094,-0.673243433703289,-0.0472488798308585,1.03162248023596
623,7729,"s074","m0",0.263188946723811,-0.393311291412914,0.0663527459420348,0.459002084920654
624,7757,"s074","m0",0.261250576222036,-0.412941994298595,-0.054739874927814,0.548686699806721
625,7771,"s074","m0",0.206644072097365,-0.417115195019052,-0.0294570159994779,0.75057376439021
626,7787,"s074","m0",0.235100137732374,-0.385208437650768,0.108266590036553,0.804195098466739
627,7794,"s074","m0",0.188835510206359,-0.284701051913949,-0.052710338188768,1.20394793108628
628,7820,"s074","m0",0.143516216493017,-0.62541861381891,-0.106298241637324,1.12472001347601
629,7832,"s074","m0",0.266308343159056,-0.435751211554083,-0.0247401550480084,0.66667205739324
630,7836,"s074","m0",0.120002220333838,-0.575177891495931,-0.131346860983675,1.14837583868346
631,7842,"s074","m0",0.335689047413113,-0.195464861731053,0.196336148767063,0.478013661723018
632,7846,"s074","m0",0.166302186603937,-0.490124061941154,-0.0382564609907103,1.12303331874399
633,7862,"s074","m0",0.187536486512762,-0.563342945214018,0.0128862298554014,1.04442645952645
634,7868,"s074","m0",0.238315367480048,-0.530889632382835,-0.107203848817983,0.687887344460665
635,7870,"s074","m0",0.238161846529879,-0.517893427646397,-0.0534407930861199,0.737745841070618
636,7890,"s074","m0",0.187790361462819,-0.256995114467686,-0.00517288914762158,0.889375229364197
637,7968,"s074","m0",0.306324112884936,-0.319504652303834,0.0455344190245911,0.548504692799884
638,7975,"s074","m0",0.342666695696262,-0.269845445757525,0.107680604360708,0.15504063536926
639,7990,"s074","m0",0.212759611682792,-0.638424611559826,-0.100554846446277,0.741967931047099
640,8040,"s074","m0",0.257333446859669,-0.499722480893652,0.0815741585672425,0.645201748998514
641,8063,"s074","m0",0.274082046882995,-0.224168038900348,0.0226667310993361,0.508927402239124
642,8064,"s074","m0",0.218418511428598,-0.300824872944641,-0.0149731372765447,0.668872671931849
643,8092,"s074","m0",0.208641154134942,-0.509373073864936,-0.0349010433186967,0.757268216264808
644,8093,"s074","m0",0.26421203468766,-0.275438088366451,0.0972365226381976,0.841822320707415
645,8115,"s074","m0",0.200648399743648,-0.498022286096287,0.0183986034768777,0.788096587489545
646,8125,"s074","m0",0.203559504736304,-0.701873198948102,0.0273271506932298,0.906251270701308
647,8130,"s074","m0",0.231410904575579,-0.533180941843303,0.093623912797398,0.981175218537191
648,8155,"s074","m0",0.33414299270172,-0.305602143368418,0.0840797016827464,0.0437608599375684
649,8156,"s074","m0",0.244388563748032,-0.376105980426728,-0.00330528963181476,0.489308580923925
650,8160,"s074","m0",0.25907305713249,-0.426642863905892,0.0173236629132365,0.515489910509617
651,8161,"s074","m0",0.172232588549777,-0.592466761732736,-0.0644444204568641,0.673560721226147
652,8174,"s074","m0",0.291197318076901,-0.410460286206831,0.0881688854658482,0.525008375546591
653,8183,"s074","m0",0.192271596541302,-0.531902699830118,0.0600296285341426,1.09681669407022
654,8185,"s074","m0",0.204587782596922,-0.484677958208075,-0.101272975978453,0.756271694336758
655,8192,"s074","m0",0.315306927715222,-0.322719236975043,0.0480208094020507,0.176976393834917
656,8205,"s074","m0",0.25649851253632,-0.211052442098452,0.153867666286417,0.772430430143532
657,8226,"s074","m0",0.278384083217319,-0.279032924939303,-0.0160608290129027,0.503922620085423
658,8237,"s074","m0",0.285900312225899,-0.29388594526376,0.0245082284226561,0.657326478828387
659,8244,"s074","m0",0.204290156156995,-0.466685348956512,0.0111619853106357,0.865891462257256
660,8260,"s074","m0",0.232420911937278,-0.274819583665109,0.00742932183220893,0.802572794075149
661,8277,"s074","m0",0.15626060443796,-0.57756889305349,0.0400249896716345,1.0787144718916
662,8279,"s074","m0",0.267037950243051,-0.372418039631252,0.065912341807303,0.843988680467899
663,8303,"s074","m0",0.248701563977805,-0.308235363975096,0.0774529923733561,0.747494259895089
664,8326,"s074","m0",0.13738014205505,-0.505946486548741,-0.104499018350113,1.22537751631786
665,8329,"s074","m0",0.258376784843349,-0.256393949116072,0.171935843406585,0.933992338448524
666,8330,"s074","m0",0.254953782004385,-0.543525752901269,0.0670746920149483,0.611264922588909
667,8348,"s074","m0",0.227121349966623,-0.311511803989813,-0.0484422088555006,0.62340321032463
668,8354,"s074","m0",0.21796730615322,-0.571307345076444,0.100729996688204,0.606381431746843
669,8358,"s074","m0",0.160594833122815,-0.517704852791947,-0.0617952309625342,1.02520340518103
670,8367,"s074","m0",0.262082459533436,-0.393002183541366,0.0289570875071064,0.556895003181325
671,8374,"s074","m0",0.140409067265895,-0.682985993691107,-0.244262738882899,1.11560767836766
672,8383,"s074","m0",0.269808552539501,-0.34402171392432,0.0998195860372125,0.5745200273874
673,8415,"s074","m0",0.243952766665245,-0.368322301032587,0.0777582168961755,0.878900167889956
674,8423,"s074","m0",0.184248795220647,-0.796666627285518,-0.0511563803655783,0.850409460056015
675,8433,"s074","m0",0.216071703871942,-0.312604335316812,0.0215005425010099,0.653703204110851
676,8445,"s074","m0",0.148990995679194,-0.701494483707993,-0.0799754573668649,0.909211645237503
677,8458,"s074","m0",0.178366785246512,-0.56741642627137,-0.0966350466794562,1.01635483634911
678,8461,"s074","m0",0.139895770192027,-0.638170161236661,-0.0947908136202983,1.34760479155637
679,8464,"s074","m0",0.18905587773142,-0.387985192675689,-0.0126910238664818,0.895753697994275
680,8465,"s074","m0",0.170432190291887,-0.449728708341462,-0.00910809317922775,1.15611924783529
681,8470,"s074","m0",0.374565434996184,-0.272515143442229,0.139243602873126,0.0816667794656026
682,8486,"s074","m0",0.202229710227807,-0.522948479772505,-0.0376363997103516,0.853594974938866
683,8489,"s074","m0",0.363418336616951,-0.284270512825609,0.153286371653571,0.116825061224374
684,8495,"s074","m0",0.098711926388737,-0.646827351767799,-0.135710611569567,1.09504661979578
685,8526,"s074","m0",0.23182234182823,-0.370732732552751,0.0583007552460769,0.737734174572752
686,8532,"s074","m0",0.235816690415199,-0.442227311200912,-0.0793398529151034,0.720799686974734
687,8537,"s074","m0",0.136708419345055,-0.600241555369507,-0.101836447751436,1.02893047383759
688,8568,"s074","m0",0.22350189028115,-0.510971622111729,0.0882873354466044,0.751343178690318
689,8578,"s074","m0",0.318128620714937,-0.248112255614882,0.163878394401384,0.609561820146181
690,8582,"s074","m0",0.160029782470968,-0.606064017402278,0.0292709631683012,1.23889505190583
691,8585,"s074","m0",0.196025446519413,-0.585882459502455,-0.056050683713593,0.547233276160326
692,8604,"s074","m0",0.307208990954119,-0.412441123253208,0.155845015079122,0.449265764547073
693,8646,"s074","m0",0.164415363352606,-0.516473008829965,-0.0401202587039421,0.897939560840114
694,8664,"s074","m0",0.157297826021057,-0.38412106023563,-0.155532299090449,0.965924527213424
695,8679,"s074","m0",0.197452299130318,-0.459860809266752,-0.114410732122381,0.646627663038489
696,8707,"s074","m0",0.147387165144545,-0.61581353175886,-0.0604062478684297,1.06178528381458
697,8710,"s074","m0",0.20273817947578,-0.621471950324356,0.00328864275205407,0.560621763812645
698,8732,"s074","m0",0.194977737435818,-0.366645697928157,0.0511894400319197,0.860301216877069
699,8733,"s074","m0",0.233621757835631,-0.471165639529939,0.0202308635331332,0.58453503109664
700,8738,"s074","m0",0.347521225147788,-0.183327812179038,0.0621987292296247,0.30647110708778
701,8759,"s074","m0",0.242732303007767,-0.649146039131269,0.00595710955136524,0.729445523122417
702,8765,"s074","m0",0.32018482630172,-0.402977721951257,0.0897921119007559,0.594692987503127
703,8769,"s074","m0",0.263546834623884,-0.267426275128661,0.0755253262679954,0.822630819646233
704,8776,"s074","m0",0.129265868666539,-0.446657124283306,-0.0776645820105108,1.28283018301214
705,8803,"s074","m0",0.12587001647459,-0.855679999551338,-0.0332238839136186,1.14599280689236
706,8811,"s074","m0",0.264213367645872,-0.308308222895385,0.131442963744998,0.870503792451704
707,8817,"s074","m0",0.283717766725545,-0.331254685179277,0.170111385262373,0.743984323677964
708,8818,"s074","m0",0.227348401105078,-0.305802257960832,0.0728426784013622,0.834597211012221
709,8826,"s074","m0",0.301613863526978,-0.248903792945869,0.00496088280898011,0.414516905118449
710,8830,"s074","m0",0.248940892223254,-0.220966392149374,0.0627648733190358,0.763703237421886
711,8859,"s074","m0",0.26422613371828,-0.527695208781128,0.0387055221427188,0.525537119254074
712,8866,"s074","m0",0.206943114416281,-0.431332678937736,-0.00424489982763028,0.783464238079387
713,8872,"s074","m0",0.383545308043425,-0.312182218901118,0.143909149973384,0.276476297447436
714,8892,"s074","m0",0.185968249902247,-0.591059722737866,0.0043986224502091,0.75695127174836
715,8896,"s074","m0",0.257196583494494,-0.30061323426704,0.058365877616402,0.442025104257949
716,8907,"s074","m0",0.28798035826931,-0.278517877828516,-0.0162282588934897,0.564940015427452
717,8945,"s074","m0",0.196849224159486,-0.618922657012863,0.0448969836876767,0.622620672102224
718,8961,"s074","m0",0.202293450924747,-0.472543601594684,0.0671196147902499,0.948070608458598
719,8974,"s074","m0",0.161252946501151,-0.550193806203972,-0.0641713787783868,0.867592545229214
720,8990,"s074","m0",0.165786180185015,-0.461079429280229,-0.141131267472808,0.889009849005181
721,8997,"s074","m0",0.329077460160285,-0.113698859579417,0.153213851620059,0.469772447657758
722,8999,"s074","m0",0.235502570062636,-0.333929291419754,0.0994998249009816,0.907220086674618
723,9002,"s074","m0",0.194970970876411,-0.402487494023575,-0.053117207006685,0.61784892822979
724,9012,"s074","m0",0.285646473983202,-0.412309082670269,0.0899155092066331,0.551394249890127
725,9019,"s074","m0",0.316833964578186,-0.178645219488343,0.174960144769118,0.67707253561334
726,9024,"s074","m0",0.209284763736504,-0.532694366133409,0.0358495143927764,0.940662297309532
727,9052,"s074","m0",0.273232180363223,-0.496319532280905,0.0635472413967036,0.538471402695532
728,9083,"s074","m0",0.018396258071359,-0.627707965585943,-0.178899893361577,1.59805827670549
729,9085,"s074","m0",0.131139746284404,-0.564754027550071,-0.0824263920344947,0.956048249453758
730,9089,"s074","m0",0.294823419769627,-0.2689641261589,0.00622959864696105,0.657417522791603
731,9101,"s074","m0",0.302525781384852,-0.248044865043896,-0.0549849087530652,0.104566542431668
732,9107,"s074","m0",0.247909913904139,-0.368166059109401,-0.072903337210333,0.724048423330048
733,9110,"s074","m0",0.17548316199032,-0.50318056730961,-0.18758554738247,0.881246066570655
734,9122,"s074","m0",0.271254818646445,-0.412541923459416,0.0250482052158086,0.697383871410949
735,9135,"s074","m0",0.251544119722601,-0.278622317109309,-0.00861753491938578,0.75000707213419
736,9137,"s074","m0",0.165163514520943,-0.356129300577125,-0.13189440259959,1.05158283617168
737,9142,"s074","m0",0.168844366977998,-0.511403380891346,-0.125269009228519,0.920564970125079
738,9171,"s074","m0",0.467967528401992,-0.0820453775568067,0.288308212057417,-0.0102415870370334
739,9180,"s074","m0",0.247702246476635,-0.413220204398221,0.0115198846974269,0.668775100947316
740,9185,"s074","m0",0.139446982772511,-0.47475637484139,-0.0699543178364473,1.14192417939404
741,9188,"s074","m0",0.148277026770631,-0.278814632083775,-0.0982686809021487,1.10537986555539
742,9193,"s074","m0",0.287963696045106,-0.394119134177991,0.0159775215921869,0.652875956752141
743,9202,"s074","m0",0.222016976179587,-0.261206771063134,0.0257965345080177,0.997665461958875
744,9206,"s074","m0",0.214715755057968,-0.482048310156754,-0.0081344322504031,0.81971302694298
745,9211,"s074","m0",0.274477305853698,-0.222083232632338,0.025628173025547,0.722338700010001
746,9217,"s074","m0",0.272295948082333,-0.56710896917574,-0.0764573566149811,0.381427816664186
747,9225,"s074","m0",0.356255272712864,-0.259758528873285,0.124270990342754,0.214791829038702
748,9226,"s074","m0",0.306826726862741,-0.232880842757544,0.113122617581564,0.301182278850029
749,9242,"s074","m0",0.167771150395454,-0.425734941309452,-0.143610737788221,1.06546411918029
750,9246,"s074","m0",0.214505686942856,-0.33137032198556,-0.0464102663974683,0.596526194093251
751,9257,"s074","m0",0.224185924414157,-0.579426560440791,-0.0414817265232025,0.568646914416126
752,9272,"s074","m0",0.13140808923614,-0.478400918703133,-0.0672100469547099,1.01870644536666
753,9281,"s074","m0",0.317868858062142,-0.271774377329165,-0.00487286907530453,0.427371264639959
754,9290,"s074","m0",0.205379898511899,-0.631287087369744,0.00113837719372471,0.620909704884101
755,9292,"s074","m0",0.318867210662572,-0.196313269775697,-0.0235983984727583,0.417681274738515
756,9295,"s074","m0",0.160058758572382,-0.468236893160099,0.104715686989634,1.1806321828603
757,9305,"s074","m0",0.111328714217271,-0.66973740817054,-0.0766537062366986,1.26907485490179
758,9314,"s074","m0",0.201897875384861,-0.520960995278515,-0.0117672770570538,0.859864280120057
759,9322,"s074","m0",0.223741630910637,-0.247654212233097,0.0468503250253681,0.807907473881749
760,9325,"s074","m0",0.301894506548913,-0.303501427855598,0.145361108479084,0.529238820291908
761,9330,"s074","m0",0.418032200453429,-0.187065613346981,0.119097134056602,0.165900643567505
762,9331,"s074","m0",0.147602838198861,-0.639307994371168,0.0247747902596368,1.15228567391799
763,9338,"s074","m0",0.291195587435326,-0.377002831554211,-0.043498663019054,0.580499356500987
764,9380,"s074","m0",0.323374115124648,-0.113169097821646,0.129407584845248,0.518044590938441
765,9387,"s074","m0",0.360631498251657,-0.307591930958759,0.135831591526104,0.267975086560969
766,9406,"s074","m0",0.288263962435163,-0.271079174929164,0.111632902602104,0.594064868754238
767,9414,"s074","m0",0.346721464053323,-0.211619526089442,0.120194162591694,0.161749767446969
768,9419,"s074","m0",0.171294897185547,-0.691740656797834,-0.0124404824424521,0.910140908647533
769,9425,"s074","m0",0.194960136903338,-0.521475003075061,0.00613747789322974,0.79831416909591
770,9433,"s074","m0",0.314720921443928,-0.181917231411512,0.21820268297891,0.566711012566075
771,9442,"s074","m0",0.337943250328714,-0.274259859801306,0.0940611380221372,0.246431699635666
772,9445,"s074","m0",0.277777381676737,-0.358931655279959,0.0658285151507503,0.67676072359305
773,9452,"s074","m0",0.10171919759934,-0.548429316465315,-0.0981799793094288,1.39835545456589
774,9480,"s074","m0",0.202832861461722,-0.417575974641442,-0.105276747038954,0.99034940924842
775,9482,"s074","m0",0.305627547416307,-0.348913251016133,-0.00466653460267434,0.128753337615351
776,9484,"s074","m0",0.252201649381664,-0.364744483614291,0.094062024632988,0.662777587675517
777,9499,"s074","m0",0.184289825521823,-0.542476151913409,-0.0587599288655059,0.717744091828188
778,9536,"s074","m0",0.346192749502145,-0.278047173872673,0.0988295572771928,0.467301682538838
779,9542,"s074","m0",0.292274463923329,-0.42911528491699,0.0781221501046544,0.553379780040605
780,9543,"s074","m0",0.31321161483248,-0.34847957034118,0.120466141281065,0.549668873549069
781,9548,"s074","m0",0.279447405975027,-0.363198595267982,0.0402858814064487,0.369130019943839
782,9552,"s074","m0",0.268656945867827,-0.294374928557998,0.0618580051360714,0.520970817101959
783,9578,"s074","m0",0.338987858332564,-0.124412629126993,0.141513194391129,0.155412718473658
784,9579,"s074","m0",0.187811782401754,-0.457372314511774,0.108258200788665,0.958416997997268
785,9584,"s074","m0",0.217175965201009,-0.288771046831914,0.0229527334368957,0.90430956422202
786,9592,"s074","m0",0.207883437104631,-0.40765130859239,-0.0348877355287085,0.750816995864434
787,9602,"s074","m0",0.117946724083638,-0.593208991590261,-0.129126275546827,1.19516730377409
788,9615,"s074","m0",0.151920411985789,-0.303886691842196,0.0368473482865055,1.15708271016423
789,9629,"s074","m0",0.138370739625184,-0.600304229890722,-0.100760183365134,1.21418162624098
790,9662,"s074","m0",0.148444985602513,-0.452672852316901,-0.0925530638608423,1.03114439684717
791,9669,"s074","m0",0.206694865194562,-0.586342957766992,-0.00417947691806658,0.722268470208299
792,9671,"s074","m0",0.128908512381713,-0.616311635070985,-0.0185895666244572,1.15630358237368
793,9679,"s074","m0",0.193248948204446,-0.564233262263331,-0.0552285667905563,0.837357146363104
794,9694,"s074","m0",0.257090884172304,-0.374019855247952,-0.0655052335038882,0.346508302156523
795,9704,"s074","m0",0.209213179790752,-0.413680609576397,-0.0564813005693366,0.874434289096801
796,9717,"s074","m0",0.202346625978775,-0.419090958578469,0.032828053302865,0.91365618724471
797,9723,"s074","m0",0.363391401810165,-0.182322819418662,0.167783932188255,0.254539690434698
798,9728,"s074","m0",0.293090501026995,-0.372124209336444,0.0586025916063297,0.636758369276607
799,9741,"s074","m0",0.272157181658122,-0.539549729467624,-0.0326035905023458,0.417491691488443
800,9757,"s074","m0",0.115503459677298,-0.62209595880007,-0.13853446215273,1.16218385836478
801,9759,"s074","m0",0.208864264093513,-0.492530317624889,0.0511079242723725,1.00848419957019
802,9769,"s074","m0",0.222123881762342,-0.547302909396508,0.0271305032791022,0.791316543040233
803,9788,"s074","m0",0.34658212230463,-0.171790533477134,0.155437412039182,0.456922281058752
804,9793,"s074","m0",0.109463754880771,-0.675618357006588,-0.132476817559446,1.14274725041938
805,9795,"s074","m0",0.250172230698991,-0.497617349896486,-0.0164042080373726,0.485575376882158
806,9805,"s074","m0",0.335221184262694,-0.238783625291894,0.047977261921587,0.278949088828986
807,9806,"s074","m0",0.161738759956205,-0.363015599620592,-0.111850285238125,1.02587218118829
808,9810,"s074","m0",0.366774502165318,-0.186386610259337,0.163162519705004,0.456703021238826
809,9815,"s074","m0",0.262399935698985,-0.256150365811298,-0.0203450993892719,0.841187047258422
810,9828,"s074","m0",0.198005964322421,-0.413995957239131,0.0286003187450625,0.752097768760546
811,9834,"s074","m0",0.334834375664785,-0.205853665904644,0.266586236467077,0.832394786631461
812,9844,"s074","m0",0.189565279011743,-0.465453194841109,-0.0566539459852415,0.974355312891934
813,9845,"s074","m0",0.266845066170445,-0.287959807916393,0.0790717581165754,0.607986918078488
814,9854,"s074","m0",0.298082579139875,-0.272356431238739,0.0822166230437222,0.334614743202953
815,9906,"s074","m0",0.229633110499953,-0.215041455185868,-0.0395002429327669,0.907314503505142
816,9910,"s074","m0",0.208979942450411,-0.36661594721249,0.0743133427062984,0.908674434459426
817,9911,"s074","m0",0.172659846967005,-0.63718714169872,-0.0385725288285161,0.864864034378908
818,9919,"s074","m0",0.198961717316027,-0.624023469564818,0.00468972744727885,1.06502489444817
819,9925,"s074","m0",0.209812923317581,-0.454214540893222,-0.0103380952918188,0.749408058464984
820,9928,"s074","m0",0.306176304237375,-0.250065341049664,0.0960366379947906,0.405867229380297
821,9929,"s074","m0",0.352847207835923,-0.0914802724461419,0.172360320660008,0.370637894656282
822,9931,"s074","m0",0.296662394759235,-0.505167529466624,0.141771271670497,0.5848585292573
823,9953,"s074","m0",0.267531720223857,-0.203600118458159,0.12400232045816,0.569611576903389
824,9977,"s074","m0",0.357880959532166,-0.277938918491157,0.0657236831186453,0.115816069447847
825,9980,"s074","m0",0.1326530861843,-0.551982735976192,-0.0766398405509485,1.1498637656397
826,9984,"s074","m0",0.222234337742522,-0.30766380603523,-0.0600440291382251,0.763262665698075
827,9994,"s074","m0",0.167865500363221,-0.458919378928544,-0.0500908706693587,0.798369789285116
828,10004,"s074","m0",0.260277783331034,-0.311722982017346,-0.00722511175900764,0.785336093139946
829,10043,"s074","m0",0.330101962752409,-0.27636482931029,0.121785603851102,0.29550882391153
830,10047,"s074","m0",0.36714204033206,-0.166439738886299,0.158279781521784,0.418892738977618
831,10049,"s074","m0",0.200411911170797,-0.619652761215349,0.0368093992450833,0.934801939940255
832,10065,"s074","m0",0.29054272663354,-0.376126343942626,0.110632937641917,0.692649618524162
833,10080,"s074","m0",0.343686840696017,-0.305856298116386,0.0529725104005519,0.443323753781627
834,10093,"s074","m0",0.254280349998736,-0.341515627457805,-0.0211069179280064,0.638514821390225
835,10117,"s074","m0",0.162660338909364,-0.740570941874271,-0.0583731958882165,1.08528007524932
836,10127,"s074","m0",0.204204174497222,-0.674490792332518,0.0298724198164937,0.940529694445075
837,10137,"s074","m0",0.156270258489847,-0.662951284693335,-0.102505947197455,1.05199799313704
838,10163,"s074","m0",0.304822870686311,-0.436297883218244,0.0479017183743379,0.592632491812478
839,10194,"s074","m0",0.241479947947294,-0.305740234358659,0.120751387468804,0.672195598996333
840,10234,"s074","m0",0.320769862099247,-0.410647327977744,-0.0324644651608189,0.0387653297293637
841,10237,"s074","m0",0.313680240990115,-0.391288205155995,0.0423310670849879,0.446564634864092
842,10238,"s074","m0",0.0891107774705522,-0.504050622034624,-0.0448613860955714,1.35134678079805
843,10248,"s074","m0",0.258570317440895,-0.426641655965219,-0.0737380099360723,0.416095563704426
844,10249,"s074","m0",0.290011264854805,-0.332482385041509,0.101109481661347,0.452321851407342
845,10288,"s074","m0",0.109216591847914,-0.785477402302109,-0.0530925098044613,1.20944018074851
846,10305,"s074","m0",0.233327008436301,-0.285416218830396,-0.043277486329316,0.843001361673181
847,10320,"s074","m0",0.194728862311475,-0.463811734873804,-0.0894129861994242,0.93030207201462
848,10335,"s074","m0",0.160477326568096,-0.435870343446343,0.0207597838380079,0.929322643418596
849,10336,"s074","m0",0.224744792878641,-0.506743165956311,0.0243583796483197,0.834716534454929
850,10338,"s074","m0",0.0922868931982956,-0.984095244196067,0.00975317924044964,1.00204769607057
851,10339,"s074","m0",0.24454341487192,-0.313275122480115,0.0715287822247155,0.932116775874412
852,10358,"s074","m0",0.220077242037575,-0.445232372383219,-0.021686050933621,0.540007347993715
853,10366,"s074","m0",0.179659789358231,-0.493663936453283,-0.0943344679989191,0.91795632236845
854,10376,"s074","m0",0.336561759024529,-0.0657814375790829,0.0652182770098864,0.342435682276044
855,10378,"s074","m0",0.359249918919306,-0.20257587546112,0.0299916972278896,0.167908814962276
856,10396,"s074","m0",0.170971551298527,-0.71929074521307,-0.0852538243637667,1.01496094685564
857,10402,"s074","m0",0.290314405254132,-0.34829092796198,-0.00403838684398215,0.392104715863271
858,10408,"s074","m0",0.286220322805552,-0.384307025047185,0.00413009054316988,0.703701048489736
859,10416,"s074","m0",0.229039418154024,-0.505192957311916,-0.0784224916228259,0.484262303357065
860,10418,"s074","m0",0.230682164195103,-0.312908985880929,0.12921983925856,0.896485503211535
861,10419,"s074","m0",0.391465250109564,-0.241906849663002,0.261474652137072,0.188366932328682
862,10421,"s074","m0",0.262351782879553,-0.361451685478922,0.116182077150803,0.686871573628603
863,10423,"s074","m0",0.218860403565516,-0.456105981483855,-0.107508928784328,0.807588968981248
864,10434,"s074","m0",0.314035170139738,-0.186397570078602,0.0763532809754895,0.485788683715972
865,10435,"s074","m0",0.110150907486413,-0.482562583263805,-0.0577031198171055,1.12935450378321
866,10436,"s074","m0",0.233726189599928,-0.482068276718698,0.0895045264518099,0.652514979292593
867,10451,"s074","m0",0.287096456281158,-0.288643041771589,0.160244379312607,0.730311825367047
868,10455,"s074","m0",0.30588159383901,-0.226670031727635,0.221120085357624,0.579524835653272
869,10465,"s074","m0",0.309288507271553,-0.499886372273144,0.113048843099519,0.471414863639158
870,10478,"s074","m0",0.368691363096101,-0.15162721285675,0.191213341581503,0.288580979963247
871,10483,"s074","m0",0.220881773889278,-0.523202430156363,0.112144459186141,0.716751679308764
872,10484,"s074","m0",0.196160447237599,-0.568915703539042,0.0664028767351043,0.921151362724319
873,10490,"s074","m0",0.358898856544412,-0.217400411862648,0.0498244214370465,0.433114119738096
874,10491,"s074","m0",0.150618441280202,-0.907118389499561,-0.105659638798723,1.10398783197523
875,10503,"s074","m0",0.186144269927868,-0.643579290072243,0.0395719094390762,0.783758359965239
876,10510,"s074","m0",0.254846293732449,-0.412716963826162,0.0956160819095151,0.650775227464337
877,10536,"s074","m0",0.0667466454198601,-0.497157023010332,-0.173857913681476,1.41704138336349
878,10603,"s074","m0",0.101229803835964,-0.54571496167679,-0.153812565995498,1.29160322306441
879,10604,"s074","m0",0.241137165634882,-0.387357880317228,-0.115973009469668,0.671104922097668
880,10612,"s074","m0",0.330811375508429,-0.407726716415942,0.077313526186913,0.32783804615133
881,10635,"s074","m0",0.236947036231247,-0.406495627000498,0.00134780496573655,0.712404091846708
882,10641,"s074","m0",0.375626559071505,-0.199715478844164,0.0809368362778496,0.15952537073537
883,10652,"s074","m0",0.286395697073916,-0.353847216318963,0.00889561262474415,0.435114897456435
884,10671,"s074","m0",0.304253899942549,-0.238204442735571,0.035296301604354,0.520816944848955
885,10676,"s074","m0",0.230066185031655,-0.340220649541308,0.0369490089335555,0.74913900004694
886,10708,"s074","m0",0.295358226529874,-0.20582835160005,0.0801374899375089,0.580373433164825
887,10717,"s074","m0",0.20805755543728,-0.266515608566405,-0.00780754528882181,0.878807672399186
888,10771,"s074","m0",0.285229057826646,-0.512433187799763,-0.0257348645339418,0.38057080443685
889,10776,"s074","m0",0.21836060957958,-0.665035379092641,-0.0891215290231153,0.645843301245823
890,10801,"s074","m0",0.220881174680703,-0.483803169227952,-0.0195974228042412,0.842020196362497
891,10831,"s074","m0",0.226847388954963,-0.429480848188834,0.00091668642277688,0.70256215021176
892,10852,"s074","m0",0.146886865421166,-0.672214789171405,-0.0162506244334065,1.06471787469583
893,10854,"s074","m0",0.118667848234948,-0.755635263718633,-0.0815380337505995,1.04727168982981
894,10861,"s074","m0",0.203571885386446,-0.551892339965453,-0.0253992944559801,0.52994747742401
895,10885,"s074","m0",0.323493870055288,-0.326633561965779,0.080993260204773,0.343564191272623
896,10886,"s074","m0",0.206110735612786,-0.352804347973782,-0.00633456442709113,0.598492359936184
897,10888,"s074","m0",0.273573250757206,-0.227523944248234,0.160971430207711,0.742457295933087
898,10903,"s074","m0",0.359384489303994,-0.224382358593691,0.155781183334538,0.10513746489694
899,10906,"s074","m0",0.332336143467866,-0.257376316055556,0.128670445303113,0.312720095179756
900,10910,"s074","m0",0.175628836735342,-0.586492599470232,-0.178811996732739,0.467161598480106
901,10911,"s074","m0",0.0846014171522104,-0.925186543024089,-0.0585289565818796,1.45285972625501
902,10928,"s074","m0",0.276583639957977,-0.483963914620349,0.0514029029250097,0.629261611276445
903,10931,"s074","m0",0.212488400110164,-0.423116199073273,0.098747537311287,0.905540933108187
904,10939,"s074","m0",0.164203721318228,-0.449991067673295,-0.10492802067563,0.795965286796532
905,10940,"s074","m0",0.193169212305326,-0.347223891775501,-0.0659843654569638,1.02189047624094
906,10946,"s074","m0",0.292780447294196,-0.147323898572816,0.0354562368652908,0.605983501181533
907,10977,"s074","m0",0.328351809161046,-0.296757617846576,0.151555361631086,0.214613731842731
908,10979,"s074","m0",0.303900338377579,-0.286283294521087,-0.0598246466236005,0.471012397884398
909,10986,"s074","m0",0.235175622053544,-0.32770644092313,0.0457074322678458,0.79559754223496
910,10991,"s074","m0",0.302112749283411,-0.337834516037664,0.0774510599076074,0.651885964724338
911,11000,"s074","m0",0.273108918235111,-0.476378774467007,-0.00340395812642386,0.30717790894982
912,11045,"s074","m0",0.251975601602607,-0.409094605889874,0.0222448447992949,0.791274516917187
913,11062,"s074","m0",0.266274033162527,-0.3368196905158,0.0735754937890977,0.604034562242298
914,11074,"s074","m0",0.306352954655121,-0.195265818694268,0.128115258368609,0.564229029887339
915,11079,"s074","m0",0.131627414851216,-0.59046100786697,-0.124677481774815,1.0787569233172
916,11088,"s074","m0",0.163703964183934,-0.734813748460908,-0.0809014780396943,1.16544943030004
917,11112,"s074","m0",0.246034629044662,-0.455256351764983,0.0416215719428557,0.573829231211162
918,11117,"s074","m0",0.26700808643332,-0.380108314520312,0.0187832263870393,0.636543840840592
919,11126,"s074","m0",0.209412105129122,-0.372209399150335,0.0331507559605282,0.897554759765546
920,11136,"s074","m0",0.0924968700321031,-0.682669029027921,-0.0807167243511512,1.24428733423404
921,11138,"s074","m0",0.349142334295461,-0.423304722772122,0.0895263820962378,0.211188198838502
922,11146,"s074","m0",0.156503263132479,-0.536253248447501,-0.120557830233193,0.76901693576662
923,11151,"s074","m0",0.292842348010898,-0.237599701497502,0.00767456474153785,0.388222089783335
924,11153,"s074","m0",0.195197324510242,-0.362286997005047,-0.000689987374305122,1.08142137879363
925,11159,"s074","m0",0.246622337749539,-0.351096320132332,0.0101113056362979,0.526875161297637
926,11172,"s074","m0",0.256415664651972,-0.325380383732342,0.0013022360622373,0.710216910978154
927,11184,"s074","m0",0.160725653009919,-0.555845770139327,-0.166823090169201,1.18413303622122
928,11189,"s074","m0",0.220256665505401,-0.341572893567452,0.10582933840217,0.857751153251217
929,11196,"s074","m0",0.139420512088965,-0.707579706912617,0.00100214285955323,1.04936055309919
930,11210,"s074","m0",0.291137519951128,-0.224940568467466,0.0738780834240035,0.614264588216187
931,11218,"s074","m0",0.292861157753438,-0.278149612232699,0.00829428983005775,0.293055236095073
932,11258,"s074","m0",0.352107504775574,-0.333833951873629,0.0575666736864469,0.0875067663802981
933,11270,"s074","m0",0.168185438004784,-0.505383501233639,-0.170219580847325,1.0079062667366
934,11279,"s074","m0",0.116204595669267,-0.740429079973699,-0.108248795236972,1.31348397130448
935,11291,"s074","m0",0.158793108325057,-0.824605417204664,-0.117493933851908,1.10193661185529
936,11308,"s074","m0",0.363067241020095,-0.0750690360741913,0.116599614172818,0.326569785209235
937,11319,"s074","m0",0.204335274115017,-0.550193955965077,-0.0468956133070054,0.737556105333226
938,11337,"s074","m0",0.237172307425622,-0.264548364734698,0.0637367469908984,0.84628027881665
939,11345,"s074","m0",0.184175453233894,-0.522465809861088,0.0545368959615617,1.07484937516111
940,11348,"s074","m0",0.221407536358242,-0.413565939068639,0.0561737698825185,0.912927870383522
941,11362,"s074","m0",0.189827787817859,-0.416324974568299,-0.0897302640473518,0.915880673472845
942,11370,"s074","m0",0.120498661062328,-0.580072408439252,-0.164285208121213,1.02414975497335
943,11372,"s074","m0",0.260771551804399,-0.416630155729987,-0.0631430748106727,0.49051279160269
944,11382,"s074","m0",0.242163003221669,-0.272389059902325,-0.0551933944635082,0.750222224948089
945,11409,"s074","m0",0.240280620906054,-0.378628126497344,-0.0739401248433963,0.951251402664245
946,11443,"s074","m0",0.191576145218385,-0.473554572590476,-0.092808062465203,0.890477149918755
947,11447,"s074","m0",0.213979400126875,-0.534610228689419,0.0447292369571761,0.865825996771314
948,11452,"s074","m0",0.160763993531743,-0.487413630047934,-0.12934285282156,1.17190227988653
949,11463,"s074","m0",0.294015183360271,-0.253133722892095,0.0664908901919702,0.325478932157739
950,11465,"s074","m0",0.370439635520336,-0.234874618875656,0.18413224513141,0.363950298918895
951,11469,"s074","m0",0.0951722827131031,-0.587086467399503,-0.0860667056421005,1.10070612648639
952,11470,"s074","m0",0.147592059186608,-0.391981901516932,-0.087432990608807,1.10944954409665
953,11477,"s074","m0",0.237565726535742,-0.353258560829658,0.0423222670405991,0.702084093402939
954,11495,"s074","m0",0.22786350267226,-0.528180562858979,-0.144190720678196,0.634589285998293
955,11507,"s074","m0",0.297856315259296,-0.390342501851622,0.121188558404096,0.329601023777271
956,11523,"s074","m0",0.117130990846591,-0.783653046962234,-0.141570195166762,1.02631263903787
957,11524,"s074","m0",0.224290426070101,-0.388036194372831,0.0457825030555582,0.679661491610973
958,11607,"s074","m0",0.351104956472975,-0.260561626524721,0.132160991444454,0.41017378877476
959,11627,"s074","m0",0.123959107742589,-0.629228931128188,-0.156355740792346,1.01231150295754
960,11682,"s074","m0",0.219896745808212,-0.375538526316867,0.0224088499434947,0.714292695450525
961,11695,"s074","m0",0.165938806120547,-0.925279537920538,-0.0691505999893173,0.782123460695083
962,11715,"s074","m0",0.267416673922632,-0.45025029703199,0.0126468955183346,0.407398800884954
963,11722,"s074","m0",0.317466936967913,-0.552168247084821,0.0317897754625932,0.619371681122444
964,11729,"s074","m0",0.187184878787996,-0.491547437269564,0.00823334303351938,0.945781961753487
965,11749,"s074","m0",0.125021430044629,-0.609580677118903,-0.114906936258402,0.902507800753638
966,11751,"s074","m0",0.187429359020904,-0.374742911308363,-0.0326575160780049,0.863494804622942
967,11756,"s074","m0",0.271396527510671,-0.330465459057222,0.0789464581269122,0.556995122477802
968,11764,"s074","m0",0.251888685103301,-0.178774217076962,0.0749398913361596,0.809054610010893
969,11780,"s074","m0",0.193291844150713,-0.514889671776705,-0.038924786400836,0.873137903190762
970,11790,"s074","m0",0.368829170648316,-0.121363741352409,0.102646331924696,0.217185512047985
971,11794,"s074","m0",0.184623680900744,-0.526900006624307,0.0034796974169342,1.16799829276772
972,11796,"s074","m0",0.303174964894158,-0.33191347990438,0.00234021179578378,0.0565904737665976
973,11805,"s074","m0",0.286672129843009,-0.290052239905891,0.072772039229415,0.554751609001012
974,11814,"s074","m0",0.266227731070158,-0.489484731709218,-0.0768980981067883,0.448226117106232
975,11818,"s074","m0",0.14911484174882,-0.568417472129786,-0.00783096142385269,1.37939007436742
976,11819,"s074","m0",0.181822093207428,-0.596627341826318,-0.0051529767240808,1.02952059553657
977,11837,"s074","m0",0.229085565105112,-0.423558253984505,0.0480121609399264,0.897634668143229
978,11841,"s074","m0",0.302626996099333,-0.25810437419724,0.0973770254922127,0.276334539302604
979,11845,"s074","m0",0.178276296205138,-0.563449741765844,-0.0463631843500662,1.03956857374082
980,11852,"s074","m0",0.306058686851312,-0.347002173670522,0.0635549564274486,0.521006505381854
981,11874,"s074","m0",0.212325301670377,-0.519997283278642,0.0110425271375641,0.786709610620115
982,11885,"s074","m0",0.278091646435055,-0.263157188536073,-0.0334329165705795,0.481815554711922
983,11886,"s074","m0",0.216156762555976,-0.358592816151801,-0.0140676574659135,0.787307989899789
984,11901,"s074","m0",0.204082291694246,-0.541402714055542,0.00244029344056921,0.778871243849255
985,11902,"s074","m0",0.182462940215357,-0.540300891284341,0.0961696367503011,0.96599047992578
986,11947,"s074","m0",0.194854715928774,-0.477803475609946,-0.0439165884884863,0.939552549852689
987,11976,"s074","m0",0.110125616258306,-0.677860115524669,-0.0302762883771739,0.967929301128958
988,12003,"s074","m0",0.155335769298081,-0.575789143097764,0.067652166338889,1.15261551723031
989,12005,"s074","m0",0.229778447127289,-0.345340382593967,0.0485875894566149,0.989692600304078
990,12006,"s074","m0",0.300513376607851,-0.316400372524351,0.0856989747723544,0.44682183351707
991,12012,"s074","m0",0.392345967241056,-0.250591190059646,0.140606836534086,0.0758752307168047
992,12016,"s074","m0",0.189603361382088,-0.596909957611761,-0.0368464429242095,1.02474010628641
993,12038,"s074","m0",0.185151856888747,-0.533792684324828,-0.0867157715193377,0.967637452759542
994,12042,"s074","m0",0.236087245009522,-0.364200887460978,0.0262445228935899,0.58695602308257
995,12045,"s074","m0",0.222819406648874,-0.485680567537383,0.0941431792045671,0.929094789487694
996,12068,"s074","m0",0.159100939417828,-0.770665499135843,-0.121860818644197,0.95806196078368
997,12095,"s074","m0",0.145010126862113,-0.616010351045283,0.00900860215010284,1.10349389750851
998,12098,"s074","m0",0.22931763158049,-0.446024622653356,-0.0631509728095133,0.503920110758731
999,12099,"s074","m0",0.182747175350275,-0.71503633006242,-0.0213097544446937,1.16487465745514
1000,12114,"s074","m0",0.274515698924222,-0.391173040698171,0.0271942323603505,0.641517977355251
1001,12120,"s074","m0",0.234159040801229,-0.348367262144084,-0.103027528360212,0.683031049921839
1002,12130,"s074","m0",0.150015789500704,-0.489468870126212,-0.0693285007693265,1.05458953031776
1003,12155,"s074","m0",0.238649233433214,-0.358140894023062,-0.0103708902927418,0.470581814641498
1004,12179,"s074","m0",0.188331608793192,-0.585863807168463,-0.194906382591612,0.653582812204387
1005,12183,"s074","m0",0.309891422413899,-0.221829839065593,0.105290504250675,0.778078224407902
1006,12197,"s074","m0",0.239643662199776,-0.407492878382859,0.0259385323291642,0.67359407884365
1007,12198,"s074","m0",0.242384499857851,-0.353302330475046,0.000675851976180132,0.665936695381084
1008,12208,"s074","m0",0.3084364264899,-0.186315645364739,0.0717803817568889,0.609474893560455
1009,12209,"s074","m0",0.319546210938666,-0.212725930798684,0.115595160445975,0.400763648134527
1010,12223,"s074","m0",0.136259334860089,-0.607841517497573,-0.0479526793460814,0.887851454978107
1011,12247,"s074","m0",0.197027693995503,-0.495210348669453,-0.0628769488111168,0.975343379622537
1012,12255,"s074","m0",0.411411644006176,-0.123144779122756,0.0919419659276872,-0.0767837019307771
1013,12267,"s074","m0",0.261835438000408,-0.492755740576541,0.0323602577863576,0.65400277478388
1014,12303,"s074","m0",0.0978109554627801,-0.476839139062695,-0.146902544360668,1.41898484160907
1015,12307,"s074","m0",0.173319181282605,-0.296924734594052,-0.0235299885546451,0.955860939996036
1016,12308,"s074","m0",0.325156004099204,-0.315582496069621,0.0634226624484403,0.384438890305822
1017,12311,"s074","m0",0.254418036190337,-0.341890866972066,0.105627021302039,0.853574428440909
1018,12320,"s074","m0",0.144584449610345,-0.639145188054755,-0.0133276198229377,1.10091661569229
1019,12326,"s074","m0",0.297509334116987,-0.145745472288159,0.0769916646604043,0.432205240276413
1020,12342,"s074","m0",0.242033230906915,-0.537582435828065,0.0171352478928095,0.874785385148724
1021,12344,"s074","m0",0.316520151298959,-0.320543987479143,0.191134813417952,0.588473382158419
1022,12360,"s074","m0",0.279482246415872,-0.248580071253138,0.0163835746813496,0.509380989351801
1023,12411,"s074","m0",0.201763470011152,-0.408369206331917,-0.0349011369421659,0.720815658722531
1024,12428,"s074","m0",0.245891555323883,-0.482209537123833,0.0974402077480138,0.70876771505461
1025,12455,"s074","m0",0.222373221141939,-0.457335236519444,0.111803430723981,0.821042504787811
1026,12469,"s074","m0",0.266869572168256,-0.338353695296181,0.0215647224828568,0.60328500305169
1027,12503,"s074","m0",0.167057421637318,-0.523200861631879,-0.00673863109452274,1.02189292110714
1028,12539,"s074","m0",0.275840507316412,-0.487327559965837,0.0470275158601857,0.689274881444613
1029,12541,"s074","m0",0.158738275834966,-0.551616391040165,-0.135418004571291,1.01196400204814
1030,12551,"s074","m0",0.252605075613392,-0.560092895280206,0.0524675973951839,0.623314215142655
1031,12574,"s074","m0",0.353064476672277,-0.299134174202328,0.125641341374771,0.299050987171833
1032,12593,"s074","m0",0.286659884545999,-0.196699017978615,0.0697075740636288,0.43181450135166
1033,12618,"s074","m0",0.280553114958607,-0.318937361406912,-0.00260661553177356,0.473585539142127
1034,12627,"s074","m0",0.229055555473007,-0.53385880027653,0.0413327609245006,0.720539389889543
1035,12634,"s074","m0",0.258134086656838,-0.36503198175213,0.0205265325546485,0.674579359013874
1036,12635,"s074","m0",0.184869490197825,-0.625857700091888,0.00685109946283505,0.80968153505385
1037,12643,"s074","m0",0.20283313279294,-0.617166983818762,0.0576580499084155,0.761524834468566
1038,12644,"s074","m0",0.266532722893601,-0.413896177221086,0.0918344372262814,0.578847817253877
1039,12662,"s074","m0",0.347053463996982,-0.125630538673291,0.0576464172342312,0.236938700568451
1040,12668,"s074","m0",0.16104817983073,-0.915126597736575,-0.0472214251807638,1.02849769494821
1041,12685,"s074","m0",0.147730992665958,-0.601964590722383,-0.0787307533799749,1.00822638180813
1042,12701,"s074","m0",0.184424261423106,-0.358525676774729,-0.124176670987445,0.832270867895952
1043,12717,"s074","m0",0.104356533194805,-0.414780648737522,-0.300904958812533,1.26456314996396
1044,12721,"s074","m0",0.465788293152331,-0.06536401769886,0.183711843656128,-0.0635659401035031
1045,12726,"s074","m0",0.144729485096007,-0.353964854731988,-0.125786908290568,1.17579498732631
1046,12736,"s074","m0",0.124882349716817,-0.638864489803051,-0.0383852941072418,1.0647956768728
1047,12743,"s074","m0",0.173179309228167,-0.440323569624438,0.0261291575876397,1.08275563246466
1048,12744,"s074","m0",0.347388196048945,-0.170123893367778,0.152157211680386,0.265737845887829
1049,12745,"s074","m0",0.240298988954402,-0.641126061104919,-0.0411924822169441,0.569511703077804
1050,12773,"s074","m0",0.197323941892061,-0.385938818721689,-0.0351281565817906,0.879858763704442
1051,12774,"s074","m0",0.177349911598685,-0.414900771422645,0.0104166064630117,0.884378553298789
1052,12782,"s074","m0",0.259300546929903,-0.277731571141617,0.0681433894591645,0.722663043027239
1053,12788,"s074","m0",0.362191527095727,-0.161761107139918,0.124518368910635,0.145952615263021
1054,12800,"s074","m0",0.20605464944848,-0.533763839028236,-0.0754475959182802,0.933430169171432
1055,12817,"s074","m0",0.262797754902002,-0.284883340527455,0.0726212026207973,0.819533329271726
1056,12823,"s074","m0",0.441771661552269,-0.0891609709386938,0.140087919074567,-0.262057231170468
1057,12824,"s074","m0",0.233672282022084,-0.378070387359031,-0.0881682300882271,0.727854553412007
1058,12843,"s074","m0",0.142529293985077,-0.373462419986484,0.00605504214811278,0.957511354320206
1059,12858,"s074","m0",0.197995132358889,-0.586026168150736,-0.0222973850946733,0.864519418250992
1060,12862,"s074","m0",0.185544296301601,-0.667518612799157,0.0189526961012241,0.838523293787991
1061,12879,"s074","m0",0.210888638171858,-0.483242958688335,-0.0773967714675286,0.772967804574968
1062,12883,"s074","m0",0.286340448507842,-0.331836652705199,0.0293755781816895,0.83453366431009
1063,12905,"s074","m0",0.252683859202427,-0.395827565331529,0.0324292286861686,0.661140337915812
1064,12911,"s074","m0",0.22808498512885,-0.462657649558309,-0.0351127694383134,0.819444193487047
1065,12913,"s074","m0",0.218118275774378,-0.613154137186341,-0.0136007106157715,0.803120377391314
1066,12939,"s074","m0",0.282953319351395,-0.458401459264264,0.124295281778364,0.658525526209103
1067,12942,"s074","m0",0.141489051344323,-0.564969296004098,-0.00109867215264254,1.14226341984267
1068,12946,"s074","m0",0.343597104782365,-0.0348272696554678,0.100991449349734,0.432152789450188
1069,12951,"s074","m0",0.148286015388746,-0.449114414343738,-0.0433946518420337,1.19368816234328
1070,12976,"s074","m0",0.208592849088722,-0.342981869924287,0.102449838613201,0.954535836058005
1071,13003,"s074","m0",0.165023020032627,-0.562281966405391,-0.013081987741482,0.980372772989178
1072,13067,"s074","m0",0.241759931977784,-0.526182964288207,0.0748244256490528,0.840156555988449
1073,13078,"s074","m0",0.1298798185525,-0.538179641973197,-0.133029319326101,1.1120203835941
1074,13081,"s074","m0",0.183924158384686,-0.616859333141597,-0.0152353532523174,0.781956886553535
1075,13091,"s074","m0",0.172624517245709,-0.576279005186862,-0.0191767014356567,0.91922128501276
1076,13112,"s074","m0",0.368622132573129,-0.190181593843769,0.0990564391254908,0.261404308487169
1077,13119,"s074","m0",0.246268038899775,-0.37362478082945,0.0860318642053097,0.772567623787756
1078,13157,"s074","m0",0.177471617088779,-0.569175608227115,-0.0266196655123851,0.990171116952586
1079,13196,"s074","m0",0.344121753518107,-0.292102423821086,0.128159279146968,0.327870817069882
1080,13205,"s074","m0",0.199021466439385,-0.696756460514464,0.0366961810784759,0.770233151367703
1081,13214,"s074","m0",0.266982603015712,-0.413878246358312,-0.0448055027132914,0.497123196759911
1082,13217,"s074","m0",0.169462088986867,-0.621881076319116,-0.0493563868156803,0.991956296136101
1083,13224,"s074","m0",0.247323262948192,-0.406482651079395,0.0235811947510055,0.836911360512005
1084,13231,"s074","m0",0.221965364576669,-0.467978418233196,0.00587381573864861,0.846002746785614
1085,13235,"s074","m0",0.306208708416286,-0.332038468462754,0.0217967226150778,0.494979845444015
1086,13251,"s074","m0",0.2773455585969,-0.227261863720835,0.0467760205157887,0.709768681356258
1087,13290,"s074","m0",0.33848116998377,-0.244859989306365,0.105809218308774,0.367939397334046
1088,13309,"s074","m0",0.241743344375779,-0.32468833066255,0.0447736197462296,0.706263568057435
1089,13311,"s074","m0",0.182825477837014,-0.409798080319239,-0.0761404703804266,0.962224058775253
1090,13321,"s074","m0",0.220345576189403,-0.593117016646911,-0.0820773033202155,0.58504444855498
1091,13322,"s074","m0",0.224214164937701,-0.345326382559767,-0.00141028293274679,0.708717171884358
1092,13332,"s074","m0",0.259776529722331,-0.341646163579314,0.0431890170862698,0.637357125335355
1093,13347,"s074","m0",0.205950624189804,-0.479902846179616,0.0703855884728866,0.782499074995019
1094,13388,"s074","m0",0.368065031338537,-0.0999688947432456,0.0531558818652915,0.140572369133745
1095,13415,"s074","m0",0.299150083698896,-0.334296727864439,0.120522552750719,0.493160246001502
1096,13426,"s074","m0",0.0796965488935883,-0.646701531590415,-0.145876599866288,1.39727086926163
1097,13429,"s074","m0",0.24869948534088,-0.286803345792914,0.0501529320981445,0.663543316464451
1098,13435,"s074","m0",0.320716963912281,-0.468034430156899,0.0719257728546444,0.331276525895529
1099,13458,"s074","m0",0.164240658783517,-0.45924168581757,0.0454930702533115,1.05609810192007
1100,13465,"s074","m0",0.259547426283001,-0.432795813120519,0.0859369264302667,0.732562735399692
1101,13484,"s074","m0",0.229584346872154,-0.628476281303975,0.0527082208060673,0.926962876829991
1102,13506,"s074","m0",0.29623556998035,-0.380305210110649,0.0116026376690006,0.302257879813223
1103,13511,"s074","m0",0.217014988298124,-0.225925216530678,-0.0414333180218928,0.717802555420162
1104,13517,"s074","m0",0.29529927794843,-0.217802759965322,0.026626642555986,0.52350319036503
1105,13519,"s074","m0",0.135481822339888,-0.473138596259953,-0.13654844251706,1.15607756411694
1106,13524,"s074","m0",0.313526365799523,-0.313043003573263,0.0722371175065213,0.506155214999202
1107,13526,"s074","m0",0.237002446242701,-0.291563312368073,0.0929148663913445,0.70783436964182
1108,13530,"s074","m0",0.194942964816351,-0.370559132710328,0.154439069303995,0.724601197314268
1109,13542,"s074","m0",0.223982843310991,-0.399618551836851,-0.0429252603248515,0.829053780559208
1110,13551,"s074","m0",0.234549581910494,-0.247341147086574,-0.040338377877699,0.612316266956387
1111,13552,"s074","m0",0.220079161267964,-0.391606885575975,-0.0247625941009013,0.810629381348124
1112,13564,"s074","m0",0.136000066367977,-0.380100565751267,-0.0657151924390415,1.23745729791611
1113,13594,"s074","m0",0.188084993559866,-0.395315763705426,-0.104986260518795,0.949608825708642
1114,13611,"s074","m0",0.194082812590478,-0.523644251750157,-0.00739631306557189,1.0374780452986
1115,13612,"s074","m0",0.324903978523655,-0.0713083969011631,0.145109092605108,0.653638735381488
1116,13621,"s074","m0",0.22497031867093,-0.371634347326,0.0146162878636803,0.587487279553198
1117,13622,"s074","m0",0.26489812532368,-0.287025025084556,0.0845173387079533,0.580742437154639
1118,13645,"s074","m0",0.163143637570083,-0.555209086375005,-0.0709249066826941,1.03471222484787
1119,13660,"s074","m0",0.146724217434498,-0.626902239410845,-0.0665384921755541,1.15456373068994
1120,13669,"s074","m0",0.137521379204462,-0.442282342305835,-0.0118148706681334,1.03904223558245
1121,13687,"s074","m0",0.249292597330118,-0.445022142581232,0.171728900142471,0.723763106271199
1122,13707,"s074","m0",0.22474460189562,-0.548536289315963,-0.0719571529120427,0.620293493309443
1123,13727,"s074","m0",0.213043532808698,-0.418796353176443,0.0825965327790477,0.516234186441313
1124,13741,"s074","m0",0.250974322358304,-0.569556545815554,0.0874323080915042,0.531315588870343
1125,13742,"s074","m0",0.279933543827411,-0.19567553059838,0.0517027126246295,0.610180105597392
1126,13768,"s074","m0",0.243358658804299,-0.436541164649323,0.113969761751895,0.922651787636916
1127,13771,"s074","m0",0.171223077923458,-0.19156230690544,-0.015931154359338,1.07434488067
1128,13781,"s074","m0",0.27901913768074,-0.417410040742409,0.0583801753973583,0.643058449137793
1129,13786,"s074","m0",0.105890836192809,-0.764312450416131,0.0142129569895817,1.14774658845863
1130,13795,"s074","m0",0.243820622673055,-0.468542736350998,-0.0117408366117872,0.68194385081548
1131,13796,"s074","m0",0.264615449103346,-0.29113942945943,0.0656168059398184,0.830187052466017
1132,13798,"s074","m0",0.19713424182323,-0.442688735915328,-0.0211081585842903,0.751065421053034
1133,13809,"s074","m0",0.208422074790769,-0.374489033382467,0.0414262090087709,0.761410155244048
1134,13811,"s074","m0",0.205514923804486,-0.417108115296313,-0.0351117398343286,0.852758259703588
1135,13841,"s074","m0",0.238690898948492,-0.543401054795513,0.0556057907049721,0.752658244817327
1136,13867,"s074","m0",0.26879736570992,-0.37999730345706,0.0287474806545654,0.445306721622025
1137,13872,"s074","m0",0.159015948481422,-0.537879278393472,-0.0464405359357323,1.05770907020698
1138,13876,"s074","m0",0.194325248599504,-0.603182315738531,-0.00520528912480676,0.830439801482275
1139,13885,"s074","m0",0.335047378491756,-0.139599005921194,0.1431957592546,0.192807383938226
1140,13897,"s074","m0",0.120585804808519,-0.533492427854468,-0.0512968083557738,1.24515491676204
1141,13910,"s074","m0",0.361988102021475,-0.350814537180834,0.0708882236489158,0.261526174677221
1142,13917,"s074","m0",0.20886100086626,-0.457570699950343,-0.0815080439125509,0.64841418903987
1143,13925,"s074","m0",0.191595458737895,-0.445277507089497,0.151650571688654,1.22369627140657
1144,13930,"s074","m0",0.223053560424112,-0.375390648198304,0.0956032026714125,0.719914179725509
1145,13961,"s074","m0",0.243902365125774,-0.503430043416683,0.00669377427835127,0.793851610984427
1146,13964,"s074","m0",0.158049986196879,-0.417355165772794,-0.17089115219843,0.881031744079527
1147,13968,"s074","m0",0.163807695175264,-0.554893094505943,-0.229964848297578,1.0008506313862
1148,13972,"s074","m0",0.213181377318244,-0.51514814500862,0.119428222038768,0.830485815276619
1149,13979,"s074","m0",0.2185896353012,-0.512980491087927,-0.062114369393421,1.00089691806708
1150,13984,"s074","m0",0.288064553669614,-0.256844861326176,-0.0548873048987607,0.549367422324608
1151,13991,"s074","m0",0.280069272784069,-0.37438597573127,0.0201409002959178,0.632172384597456
1152,14010,"s074","m0",0.36853646317396,-0.335041550300877,0.080805306194288,0.0268207507100534
1153,14013,"s074","m0",0.194966861911013,-0.291302195982558,-0.0163587104505336,0.890543664475509
1154,14017,"s074","m0",0.0738722413746446,-0.584565945305866,-0.184310373336347,1.32931605144206
1155,14026,"s074","m0",0.130753501928409,-0.519244499602133,-0.0827477168037769,1.06865210478495
1156,14030,"s074","m0",0.332193644977361,-0.201531849415115,0.0919544310013681,0.263859936949433
1157,14067,"s074","m0",0.281630932004341,-0.221772908958159,0.141068468924118,0.57174913651552
1158,14082,"s074","m0",0.351402968163212,-0.214490771469166,0.104261149334726,0.207305933987983
1159,14086,"s074","m0",0.219922662494283,-0.410230686152921,0.0603714329944875,0.884679322332986
1160,14094,"s074","m0",0.25623919675065,-0.365436124083692,0.149878130626197,0.908732876229189
1161,14101,"s074","m0",0.350320123668097,-0.215274253196981,0.102483008926095,0.11550060204028
1162,14113,"s074","m0",0.401940309100646,-0.20125133360421,0.111703019432661,0.104457555873624
1163,14126,"s074","m0",0.176224526259902,-0.730564199231096,-0.104827161923503,0.826290305152312
1164,14131,"s074","m0",0.257390280022382,-0.625457160683747,0.0105863962386854,0.364068005933899
1165,14173,"s074","m0",0.242548963479499,-0.411683101954423,-0.00656835694296202,0.75491818473411
1166,14177,"s074","m0",0.29855008369803,-0.294801170395188,0.159808164351812,0.820055021090731
1167,14195,"s074","m0",0.196578500174241,-0.336507893889686,0.0372390789876984,0.853115201987079
1168,14209,"s074","m0",0.179929194679676,-0.51751773299943,0.0152513326412391,0.993842673030873
1169,14210,"s074","m0",0.208677611623267,-0.446179541227961,-0.0464855548103639,0.895812269235536
1170,14217,"s074","m0",0.304073495395936,-0.376936847763794,0.0160947390838267,0.664522142976216
1171,14218,"s074","m0",0.192759300752576,-0.612746872145289,-0.0223397558522885,0.810716796540053
1172,14254,"s074","m0",0.236847392598972,-0.320488225929513,0.0587311723451146,0.825423281817405
1173,14275,"s074","m0",0.241000107741268,-0.279906044661219,-0.109425922432169,0.862847938036409
1174,14280,"s074","m0",0.18047636437947,-0.511506719461258,-0.120751311121539,0.720560458332662
1175,14286,"s074","m0",0.379594198916113,-0.215251362148986,0.200209134806191,0.169990649151107
1176,14295,"s074","m0",0.253348317765448,-0.413187295215072,0.0358176200190074,0.415093809932813
1177,14316,"s074","m0",0.293445101800174,-0.362558865746677,0.0544523722734784,0.454562165444173
1178,14341,"s074","m0",0.174634965271794,-0.478870663588839,-0.128328734861205,0.899857184145923
1179,14344,"s074","m0",0.33250869004148,-0.260425697121236,0.160256692891168,0.46639052930778
1180,14352,"s074","m0",0.0805987818118651,-0.562615198964556,-0.0727088999882972,1.46713541487832
1181,14368,"s074","m0",0.361365380648763,-0.220771507210584,0.137193038555749,0.190454091968975
1182,14374,"s074","m0",0.115028885859961,-0.500631566166235,0.0388394831165592,1.30471715676396
1183,14376,"s074","m0",0.233776186411643,-0.448499636329287,0.092454868447217,0.854045423807484
1184,14392,"s074","m0",0.176929617020535,-0.519283668207222,0.0395499585867101,1.08355252708115
1185,14400,"s074","m0",0.243752669578389,-0.521669286582234,-0.0720210625974537,0.616189484928692
1186,14446,"s074","m0",0.165828620304765,-0.599775622490358,-0.214969713586462,0.970862555472984
1187,14450,"s074","m0",0.322932784119739,-0.34822409079302,0.195071318323122,0.268660431818028
1188,14455,"s074","m0",0.0990043939045653,-0.543692867877569,-0.177124594067612,1.45586293194085
1189,14460,"s074","m0",0.156940932765298,-0.444078675885599,-0.0660354548536616,1.10230715704974
1190,14468,"s074","m0",0.169160521293894,-0.522741697252681,-0.164821809993652,0.974128359928055
1191,14471,"s074","m0",0.281166349426227,-0.426501577390905,0.0420482678638082,0.493582281432022
1192,14484,"s074","m0",0.16587901239301,-0.377257614127705,-0.093988568504719,1.00418881239705
1193,14504,"s074","m0",0.186076298036739,-0.608870176493105,-0.126137640912637,0.877564699615334
1194,14509,"s074","m0",0.171301736227999,-0.567665483351198,0.0148896814436,1.00362219579078
1195,14511,"s074","m0",0.225521332115084,-0.320965395697315,0.0608999512952802,0.954760635150344
1196,14515,"s074","m0",0.17612530645935,-0.364093780451524,-0.11611461314102,0.959926230758496
1197,14529,"s074","m0",0.416153621233838,-0.12160155922712,0.184162539720404,0.0763888788461096
1198,14532,"s074","m0",0.459915709905783,-0.0738634926920498,0.145655996194305,-0.175934229601723
1199,14534,"s074","m0",0.187083819513887,-0.525482897495146,-0.138018156849658,0.759090255462082
1200,14551,"s074","m0",0.155568331829759,-0.428953638495316,-0.0534480622425333,1.00802425257458
1201,14556,"s074","m0",0.209594454931857,-0.501276382105852,0.0394556183444668,0.829635855557036
1202,14558,"s074","m0",0.323919919165311,-0.221378144226072,0.0597919225488212,0.354300220481633
1203,14565,"s074","m0",0.22709732487076,-0.531229335594879,-0.122858876234125,0.673786374583192
1204,14571,"s074","m0",0.171727192395341,-0.642802342927086,-0.156113548764263,0.882560911509582
1205,14589,"s074","m0",0.351020855791708,-0.152301460077533,0.056613421279259,0.280949302353255
1206,14593,"s074","m0",0.235535313940877,-0.405576387680856,0.070947374590325,0.677323128002434
1207,14620,"s074","m0",0.191822751248355,-0.427973494621804,-0.0141650121808353,1.06848438097427
1208,14622,"s074","m0",0.127050009874589,-0.485832923839601,-0.000802018590132365,1.43918949651126
1209,14629,"s074","m0",0.184665255840342,-0.70235295539152,-0.0507017308770703,0.844645701253547
1210,14640,"s074","m0",0.315208830787224,-0.185028314997712,0.0446410459217755,0.661030755272094
1211,14645,"s074","m0",0.210337566772463,-0.425852898299912,0.0127622571879776,0.750348574285944
1212,14651,"s074","m0",0.299091190089833,-0.358437666843989,0.0830270380028507,0.496629512129768
1213,14652,"s074","m0",0.205179979524405,-0.262248521127278,0.0594016179246194,0.834704282744934
1214,14710,"s074","m0",0.21068894277235,-0.389489921031277,-0.0754363479105941,0.811375115413901
1215,14713,"s074","m0",0.199224881041899,-0.578543636984784,-0.0740136459468957,0.967431043311838
1216,14722,"s074","m0",0.221394415101995,-0.585714843732358,-0.0226580227781286,0.648427531798758
1217,14737,"s074","m0",0.239303099217601,-0.423859145680103,0.01595495745595,0.54810731107203
1218,14739,"s074","m0",0.205089331743635,-0.338998407560786,0.0203491725125674,1.03921110931315
1219,14740,"s074","m0",0.358424570935128,-0.236818532238234,0.12034916243564,0.149772586723599
1220,14747,"s074","m0",0.231394571568561,-0.449393311066436,0.0824247895437629,0.957198850681818
1221,14758,"s074","m0",0.241201357739979,-0.452110367950864,0.00635685663739082,0.671099469823139
1222,14760,"s074","m0",0.243960303286443,-0.484581810562285,-0.0531136312193,0.894267600297327
1223,14764,"s074","m0",0.191680654577825,-0.445025449070051,-0.0271848004535013,1.01428715831132
1224,14808,"s074","m0",0.327216683520065,-0.259425620961313,0.123249290208547,0.33077680128223
1225,14812,"s074","m0",0.207083569410251,-0.384038315073534,-0.0308755050066194,0.914312419916339
1226,14818,"s074","m0",0.311469267268445,-0.235721784811412,0.0634135751953917,0.224200872499489
1227,14828,"s074","m0",0.177542834725315,-0.570943429662795,0.0122384171118967,0.856077687424463
1228,14833,"s074","m0",0.184231657852266,-0.518937559379345,-0.0223359491690393,1.02903349004729
1229,14839,"s074","m0",0.266699526284428,-0.353875685603396,0.125596419759592,0.691678754257631
1230,14847,"s074","m0",0.218482827769698,-0.390300422321878,-0.118884450965838,0.682937450606735
1231,14853,"s074","m0",0.122482466737206,-0.501282138858554,-0.0645225304439629,1.32796495220632
1232,14854,"s074","m0",0.216203813984246,-0.432850829879325,0.0115684078784974,0.688919614169945
1233,14858,"s074","m0",0.306119111653905,-0.324894051519314,0.00777260364486561,0.454802770453904
1234,14859,"s074","m0",0.214203760377101,-0.531765374314593,0.0190167845754001,0.602056130818432
1235,14866,"s074","m0",0.219691562116393,-0.548565487112312,0.0974448768646999,0.775041348252986
1236,14869,"s074","m0",0.270499802117957,-0.200872963362304,0.0785227994251794,0.724552276958565
1237,14878,"s074","m0",0.28950965285934,-0.353095952197062,0.0879781084498388,0.636273031592077
1238,14888,"s074","m0",0.26102910868392,-0.377514803895904,0.0821210796378599,0.73523871667198
1239,14894,"s074","m0",0.223804904444205,-0.484454703932991,-0.0779068737579551,0.63398681134121
1240,14903,"s074","m0",0.150748730567213,-0.651323150239244,-0.0699229555886355,1.0239830078918
1241,14953,"s074","m0",0.168463263908989,-0.588291522548948,-0.193217910734926,0.915587969395846
1242,14955,"s074","m0",0.27942231383625,-0.285869054784637,0.116877167174299,0.470373513062996
1243,14958,"s074","m0",0.465249512271511,-0.105272541344055,0.203897396482993,-0.123959461812209
1244,14975,"s074","m0",0.250884732884342,-0.332244579981399,0.102370546367336,0.551014781165716
1245,14984,"s074","m0",0.203136968004046,-0.445643755145169,0.0985006035056219,0.975860875829447
1246,15003,"s074","m0",0.249516464088235,-0.324016411277902,0.0542029756370194,0.680178587902627
1247,15009,"s074","m0",0.314872792185941,-0.34641059587297,0.0953022919890001,0.190895124831097
1248,15013,"s074","m0",0.214620402060222,-0.393683965978341,0.114709510852312,0.82781733127839
1249,15041,"s074","m0",0.113498470189679,-0.80635493890517,-0.108672982495109,1.11389719406544
1250,15053,"s074","m0",0.219087919260778,-0.515397594849898,-0.0410965803279977,0.665300169768141
1251,15062,"s074","m0",0.246042018980994,-0.295359421638903,0.0285949689345457,0.64150863468748
1252,15070,"s074","m0",0.219751750130551,-0.467974873679106,-0.0832936002971714,0.642655837315903
1253,15072,"s074","m0",0.190595424960833,-0.392861985376309,0.0649066099288466,1.01336628164002
1254,15097,"s074","m0",0.235704441233217,-0.391488768349259,-0.116731252153987,0.708322361430032
1255,15101,"s074","m0",0.300983076122087,-0.207807998867667,0.0809612806966811,0.432184944115047
1256,15112,"s074","m0",0.164095586540907,-0.636113331664027,-0.0513301736783295,0.912893688434353
1257,15137,"s074","m0",0.313097638468053,-0.315059039813539,0.0107567178398238,0.390167482304404
1258,15140,"s074","m0",0.151758273006725,-0.605101574386358,-0.00278455785543972,1.22314490381467
1259,15142,"s074","m0",0.245928922358393,-0.365305833067929,-0.102199175977614,0.676640505298582
1260,15146,"s074","m0",0.275099930060174,-0.348043547554697,0.00216538043763098,0.755447353119291
1261,15147,"s074","m0",0.264052702121274,-0.141390454529625,0.0171936506999825,0.52803949524807
1262,15180,"s074","m0",0.255575194634156,-0.359207474505947,0.0368672267273206,0.715242283542693
1263,15182,"s074","m0",0.180894917674391,-0.422815287060727,-0.0739778859398419,1.01407566890439
1264,15194,"s074","m0",0.297164361072999,-0.305425507152127,0.0872254637833604,0.532693563552477
1265,15196,"s074","m0",0.294252601520057,-0.168081531897137,0.129294315125563,0.607361848001629
1266,15201,"s074","m0",0.263624845504046,-0.619012517698951,-0.0537751827219733,0.644165906766325
1267,15229,"s074","m0",0.188451884946136,-0.438085634779701,-0.0770576060666124,0.833109157993143
1268,15238,"s074","m0",0.161798935781813,-0.510753406812232,-0.0362939824354692,0.980864640455333
1269,15270,"s074","m0",0.244279595087142,-0.397138216393642,-0.168584405133328,0.710981807077855
1270,15274,"s074","m0",0.302387676011252,-0.279016117864456,0.0827176264291717,0.442902084967356
1271,15326,"s074","m0",0.118812689102099,-0.622926766193229,-0.231485514049092,1.15174888008691
1272,15338,"s074","m0",0.195412458073406,-0.532203311050661,0.0353085601136995,0.747721933509347
1273,15344,"s074","m0",0.285325691421581,-0.51224578683563,0.057634596254475,0.548895444992331
1274,15365,"s074","m0",0.252413504694899,-0.341588484001934,0.0187375754199851,0.467146941520724
1275,15376,"s074","m0",0.247057007040918,-0.33575027343698,-0.0175152620370207,0.684115114736752
1276,15378,"s074","m0",0.213174269868074,-0.32388438278229,0.0137162256559076,0.794995841240229
1277,15380,"s074","m0",0.194538659644207,-0.608726427623581,-0.148036770539363,0.833382919989591
1278,15389,"s074","m0",0.340675371955963,-0.526605148650533,0.176794949002286,0.399560736936206
1279,15394,"s074","m0",0.178414651089655,-0.403825344013976,0.00300536400570002,0.888426903347362
1280,15418,"s074","m0",0.167943258529597,-0.547510780904356,-0.123966364661219,1.05042421097802
1281,15431,"s074","m0",0.255200400335242,-0.391070348104411,0.098564625401155,0.477332472638805
1282,15465,"s074","m0",0.282077494707239,-0.2577189892339,0.123893394768869,0.782446463548792
1283,15486,"s074","m0",0.239479633274043,-0.224841415048556,0.0117037775551292,0.53818318904198
1284,15500,"s074","m0",0.358685842937402,-0.185639816954364,0.160009024855242,0.285604638023662
1285,15515,"s074","m0",0.185936805089151,-0.468786117824767,-0.118736273628232,0.884952084099675
1286,15530,"s074","m0",0.236389044667346,-0.404758171381992,-0.0548250992821907,0.766973851188921
1287,15577,"s074","m0",0.260373198719849,-0.450661101621399,-0.0295632414392999,0.509656548590149
1288,15581,"s074","m0",0.241126434263495,-0.321965327519345,-0.00329416444251881,0.60230595616069
1289,15582,"s074","m0",0.232096708252439,-0.524958452320745,-0.116337029341238,0.598365753848126
1290,15600,"s074","m0",0.419746988967569,-0.111123963320063,0.228294294144731,0.0521282009578537
1291,15658,"s074","m0",0.125366880541463,-0.533708953652586,-0.104726446351761,1.26445905482618
1292,15659,"s074","m0",0.284365594451422,-0.50703397728131,0.0862612545687421,0.744810241634712
1293,15667,"s074","m0",0.268095802067893,-0.40742787370307,0.0400657480770002,0.518755246236178
1294,15677,"s074","m0",0.230144643051794,-0.40192221652286,0.0866071436036233,0.802144044783225
1295,15679,"s074","m0",0.325160392962803,-0.243741460472209,-0.0200547346187824,0.42796088441146
1296,15695,"s074","m0",0.191277222315281,-0.494475847868146,-0.13085958204205,0.779749909883053
1297,15700,"s074","m0",0.29468676136878,-0.26795853796995,0.106822334685314,0.621156294687171
1298,15715,"s074","m0",0.222896043849417,-0.573222162328087,0.0866442790771319,0.74344008222291
1299,15727,"s074","m0",0.292675881281388,-0.273583259861372,0.0612767968184966,0.503067649473364
1300,15730,"s074","m0",0.099332846812469,-0.705273346396052,-0.0899337482056021,1.05982903002878
1301,15733,"s074","m0",0.269505749775026,-0.309384778534927,0.0395062075066429,0.519238006213537
1302,15761,"s074","m0",0.249171496048411,-0.418740932805187,0.0957084549969899,0.690098241221506
1303,15796,"s074","m0",0.252441070678464,-0.416157226144024,-0.0328795435168322,0.95642009745963
1304,15799,"s074","m0",0.280824489901197,-0.35623240761629,0.0441583245796583,0.442428847777028
1305,15801,"s074","m0",0.146099204414402,-0.545542248795281,-0.0840470932797034,1.23233486077
1306,15807,"s074","m0",0.242069125312883,-0.448557140051713,0.00397648630461201,0.783868187011438
1307,15835,"s074","m0",0.11883842688627,-0.628668682363287,-0.0953620824249736,1.29820785842154
1308,15849,"s074","m0",0.233158852357055,-0.454505030072389,0.00730488878577118,0.473790108889583
1309,15866,"s074","m0",0.11993991144846,-0.628414659448584,-0.0888236052659981,1.04484316566688
1310,15873,"s074","m0",0.201210031739994,-0.553242887721941,-0.0303392057666161,0.870971343953826
1311,15876,"s074","m0",0.381456177827219,-0.263564609034621,0.195167326834197,0.00061505149711354
1312,15880,"s074","m0",0.178567386744358,-0.547754551258198,-0.122386675910104,0.947003509829856
1313,15901,"s074","m0",0.188681744735464,-0.400839729891205,0.0650325950253418,0.833706825745273
1314,15912,"s074","m0",0.377427070745372,-0.353362593604244,0.127593535806889,0.202676036673049
1315,15914,"s074","m0",0.0819139715497351,-0.350423628571983,-0.0629941195486587,1.46664877215601
1316,15950,"s074","m0",0.379486815855775,-0.275048348988186,0.14973325760699,0.0144100899668469
1317,15952,"s074","m0",0.247274478392272,-0.575667382618807,-0.0208726694216091,0.517451535577312
1318,15965,"s074","m0",0.172576245316814,-0.455850210251256,0.0219500114870258,1.10079006510793
1319,15978,"s074","m0",0.261639178337097,-0.29232047847182,0.0712041095458323,0.703738847615584
1320,15991,"s074","m0",0.253519677563081,-0.266281174842689,-0.0289746343173948,0.768066491697207
1321,15993,"s074","m0",0.12707780651639,-0.794113716845802,-0.140030476436325,1.04424035415665
1322,15999,"s074","m0",0.153780024199808,-0.514461357594389,-0.0651435760091121,1.1864814909659
1323,16000,"s074","m0",0.237696414088336,-0.498914797066223,0.0107565496467049,0.53396055716865
1324,16013,"s074","m0",0.373785600382319,-0.357400216931764,0.209150860474507,0.341459299699797
1325,16015,"s074","m0",0.199739109396648,-0.428420821491377,0.0320335627251415,1.03755717830471
1326,16040,"s074","m0",0.23904824344742,-0.251663358796563,-0.00924468498078819,0.511396601431299
1327,16080,"s074","m0",0.271370426631165,-0.213253219477637,0.0228700364357055,0.775921811939448
1328,16084,"s074","m0",0.192068072902062,-0.703502843705363,-0.0103879177259998,0.799983337551158
1329,16102,"s074","m0",0.240844671579742,-0.60670471857165,-0.006285434795495,0.572189126382725
1330,16134,"s074","m0",0.196339832025354,-0.570430978297408,-0.0116602875479702,0.674738861086455
1331,16143,"s074","m0",0.366163351376681,-0.234094821542804,0.108150797742403,0.251903555043109
1332,16151,"s074","m0",0.206722754006814,-0.359091964094969,0.00658475724278063,1.00140825598737
1333,16154,"s074","m0",0.390380437684816,-0.15354949036897,0.116491751299092,0.253649891700617
1334,16187,"s074","m0",0.259313472539223,-0.187835551305832,0.073333353402773,0.770210509562971
1335,16194,"s074","m0",0.159034085521881,-0.697054101346438,-0.0484769163531527,0.951155551456101
1336,16197,"s074","m0",0.110991726173265,-0.580296815708939,-0.132007565913838,1.12655227101612
1337,16198,"s074","m0",0.28927745929424,-0.457714374563863,-0.0455607398621004,0.289489979123301
1338,16201,"s074","m0",0.238854693106402,-0.279303695382174,0.054691228091095,0.864432818306796
1339,16240,"s074","m0",0.19703478166875,-0.723837222883475,-0.0552791874151826,0.852356335582024
1340,16244,"s074","m0",0.225514851993926,-0.582058107944567,0.00926165773877753,0.867609434344633
1341,16258,"s074","m0",0.268756415882793,-0.298515135348617,0.0863536328954328,0.541030735192347
1342,16265,"s074","m0",0.198513917319843,-0.552510465901605,0.0453389619400025,0.775318742784557
1343,16266,"s074","m0",0.186523997967995,-0.422523126002269,-0.149286044019978,0.87681713086273
1344,16269,"s074","m0",0.117695227575728,-0.562456624971803,-0.15105960070146,1.15375404706409
1345,16276,"s074","m0",0.259512842381038,-0.280755136038363,0.0716228318802761,0.807059687921947
1346,16283,"s074","m0",0.205010796406163,-0.476701859562297,-0.0676360298512024,0.765977521083833
1347,16302,"s074","m0",0.162934565121192,-0.537354946354512,-0.0557383127294278,1.36097715369614
1348,16346,"s074","m0",0.227976615067474,-0.534630051316451,0.0212597003992366,0.647304745570799
1349,16352,"s074","m0",0.239791179025867,-0.309809170144154,0.0124872380008298,0.732327109194339
1350,16369,"s074","m0",0.257735669932262,-0.416371908448972,0.136889332747819,0.59654236907301
1351,16385,"s074","m0",0.256335467727871,-0.454634600036387,0.0866231951438562,0.725443810484467
1352,16400,"s074","m0",0.311752029774867,-0.293829278958822,9.32070720288509e-05,0.56368116375415
1353,16409,"s074","m0",0.425927278252677,-0.018044913718199,0.148332731787165,-0.0212912490420373
1354,16423,"s074","m0",0.0628375092372117,-0.885835002167489,-0.14511805421578,1.09195840080261
1355,16455,"s074","m0",0.365300511508898,-0.391283400089436,0.106424460785456,0.235370657338629
1356,16465,"s074","m0",0.278561074819166,-0.235950680136629,-0.0144724538683965,0.658410123315394
1357,16469,"s074","m0",0.182030275668495,-0.581196530147687,0.0471077993068972,0.932649781709671
1358,16496,"s074","m0",0.202324165852682,-0.459907206656107,0.0247759555697558,0.812624675075903
1359,16500,"s074","m0",0.134202173411658,-0.652454475630415,0.00546529132353187,1.09386482994298
1360,16501,"s074","m0",0.210870482176844,-0.372467479314919,-0.173604709571446,0.589177081299739
1361,16520,"s074","m0",0.197880193460999,-0.425202281560041,0.0327065234947246,0.672264093905958
1362,16527,"s074","m0",0.277349369482734,-0.321530600452647,0.0680594132728442,0.650160964938316
1363,16543,"s074","m0",0.285277598006429,-0.328724988211232,0.0539139859254483,0.468514344563339
1364,16548,"s074","m0",0.200120756890433,-0.379536445631971,0.113870585707735,0.748677225408801
1365,16554,"s074","m0",0.10804968291881,-0.608074619280306,-0.0476667339115987,1.28369815977176
1366,16559,"s074","m0",0.45125452338321,-0.151334891689422,0.158797427235881,-0.0916679021050396
1367,16563,"s074","m0",0.237447914255475,-0.266799790770304,0.0204534950522411,0.659823871985925
1368,16572,"s074","m0",0.276547254563673,-0.318395194988993,-0.0297387067096579,0.574380767444236
1369,16605,"s074","m0",0.295652143651207,-0.206199236057004,0.131601820161215,0.557295083294105
1370,16614,"s074","m0",0.236041135679278,-0.662248782397504,-0.00423723674847292,0.790532296640072
1371,16624,"s074","m0",0.20797683262945,-0.444016543859641,-0.0135678215629383,0.900753803344212
1372,16643,"s074","m0",0.277469493074557,-0.253839586734947,0.125874785822438,0.641415889458631
1373,16649,"s074","m0",0.190998275035265,-0.674467410902322,0.0291930314406793,1.04431748839508
1374,16656,"s074","m0",0.220106348279044,-0.535033878451744,0.0296283349343387,0.617200312856164
1375,16657,"s074","m0",0.231284449092412,-0.292767399711844,-0.00885567414525761,0.669472770257237
1376,16666,"s074","m0",0.222387623711706,-0.354473111043678,0.0855032405241206,0.833936553490239
1377,16675,"s074","m0",0.267640268053261,-0.254648230509489,0.0396029459834275,0.696448823278178
1378,16685,"s074","m0",0.146335396597698,-0.526358960252155,-0.0848630061745303,1.05903811939307
1379,16686,"s074","m0",0.157127222272827,-0.349723804105064,-0.0350952539910478,1.0272484129791
1380,16761,"s074","m0",0.318550115510562,-0.106708706479723,0.0398593356012061,0.538369913054676
1381,16767,"s074","m0",0.274025461703775,-0.34608330040509,0.0702050959997719,0.367321926866287
1382,16770,"s074","m0",0.303831689846384,-0.218567647196237,0.0129496935062307,0.40609505065779
1383,16771,"s074","m0",0.17341267335773,-0.728923234282878,0.00944884316438623,0.990109788797545
1384,16773,"s074","m0",0.191125787264058,-0.370784575046735,-0.197192488353453,0.736978139599665
1385,16803,"s074","m0",0.25401354117441,-0.274918711132854,0.0402995314626268,0.639271443421657
1386,16807,"s074","m0",0.153131712983772,-0.489528299562749,-0.0369102339746057,0.959283937559137
1387,16813,"s074","m0",0.188448999605184,-0.555929606410417,-0.0014486462399306,0.816801119538139
1388,16816,"s074","m0",0.161999243445951,-0.663137384853263,-0.0847185882652518,0.820803838700996
1389,16833,"s074","m0",0.291561883553988,-0.285087424404114,0.197741350671721,0.613970643337064
1390,16846,"s074","m0",0.356566696968139,-0.166004306547329,0.106354191210232,0.0672283600621575
1391,16872,"s074","m0",0.424985007668482,-0.155100534660002,0.144675542323688,0.0521828876908902
1392,16875,"s074","m0",0.360096475798994,-0.21870465269024,0.188929327901346,0.453597622929328
1393,16877,"s074","m0",0.239327112856205,-0.616749873974059,0.0713673000060408,0.846302089934132
1394,16901,"s074","m0",0.209885872800639,-0.477373988172684,0.00677519579645841,0.80463004504382
1395,16930,"s074","m0",0.270062362246452,-0.273356361938292,0.110369543313671,0.606841881337796
1396,16937,"s074","m0",0.246316794068525,-0.36744415286073,0.0304553073485084,0.582702225010218
1397,16951,"s074","m0",0.340097514312525,-0.118840509940171,0.140994140037489,0.253061449228771
1398,16955,"s074","m0",0.179385323286319,-0.447723918094244,0.0557659616391525,0.905966059293389
1399,16979,"s074","m0",0.125246003119612,-0.632435949714529,-0.100468994600004,1.34575664361293
1400,16999,"s074","m0",0.20201417252927,-0.627680294320075,-0.105273528296435,0.965514632297515
1401,17001,"s074","m0",0.254916716721583,-0.312175128654372,-0.117805189848565,0.496200152636505
1402,17038,"s074","m0",0.287881105560572,-0.315375208259823,0.0914509769596689,0.559017929580541
1403,17042,"s074","m0",0.260201217219013,-0.333367438491483,0.0905458012965999,0.711646758272848
1404,17044,"s074","m0",0.155931774646598,-0.751933096926132,0.0232575441713921,1.13998452721396
1405,17048,"s074","m0",0.386881594012527,-0.129506476251021,0.137895748460327,0.253766685870002
1406,17052,"s074","m0",0.27776332662703,-0.396914410130095,0.0467607601099514,0.452476290028939
1407,17053,"s074","m0",0.177376284766108,-0.796509663644068,-0.160705374807186,0.854221592358202
1408,17057,"s074","m0",0.188757533934447,-0.428020140701802,0.0359971480607959,0.98614195737261
1409,17069,"s074","m0",0.225347852804601,-0.327346717347842,-0.0265767597832868,0.76857553255022
1410,17081,"s074","m0",0.184822569710113,-0.414055174802145,-0.0742690768681964,0.970034684303838
1411,17082,"s074","m0",0.314496856139943,-0.342877333423481,0.156313331758248,0.457424682348063
1412,17084,"s074","m0",0.263380545875409,-0.459891319325961,0.131821529230987,0.837682154124463
1413,17095,"s074","m0",0.193817512113691,-0.389513107535547,-0.101583806814474,0.867646875480651
1414,17108,"s074","m0",0.24304742030635,-0.388152911520668,0.0121648377783992,0.568108277348772
1415,17111,"s074","m0",0.191754312087098,-0.54183439994393,-0.0928624003220149,0.865659738865419
1416,17122,"s074","m0",0.237672942888067,-0.308158685178875,0.0653517384948652,0.709411716785545
1417,17124,"s074","m0",0.229843949342642,-0.403552092057125,-0.0144368743498703,0.772535460273303
1418,17132,"s074","m0",0.236482391952553,-0.290145857306005,0.0927518607082191,0.819819179585764
1419,17136,"s074","m0",0.19700831227877,-0.526524616037661,-0.00479844122198118,0.799448021641949
1420,17148,"s074","m0",0.298032346398983,-0.406697361442863,0.149395122015526,0.57867959736962
1421,17149,"s074","m0",0.0957204419661633,-0.458480306945435,-0.239858249903626,1.2390378781941
1422,17153,"s074","m0",0.131695482211679,-0.578129702653225,-0.297263881520873,1.18548683345516
1423,17161,"s074","m0",0.220370010471572,-0.455924062787825,0.00542759954388484,0.935137820593065
1424,17174,"s074","m0",0.21315819536593,-0.352184919510643,0.0542078857807241,0.620827802526011
1425,17199,"s074","m0",0.317822094308213,-0.334009083375902,0.1336132909079,0.388046521179143
1426,17207,"s074","m0",0.351567759904481,-0.285531393796511,0.134852394107396,0.228850925668829
1427,17212,"s074","m0",0.0795333339110595,-0.796649089055351,-0.149032215847128,1.4936191388444
1428,17217,"s074","m0",0.178664827737208,-0.493268063286486,0.0997785879775074,1.0580491351249
1429,17237,"s074","m0",0.130227059536733,-0.304675867043198,0.0768740201570065,1.24496836488302
1430,17244,"s074","m0",0.279307980949978,-0.491798004381693,0.0137525469999269,0.436862304662221
1431,17254,"s074","m0",0.211796559312044,-0.387373971461518,-0.0372706919839383,0.912149749799999
1432,17264,"s074","m0",0.255966067752519,-0.420308320690289,0.0526928701355701,0.828187833266185
1433,17299,"s074","m0",0.192227057735771,-0.397050212871186,-0.0549688189216643,0.859937157773965
1434,17306,"s074","m0",0.187240902801647,-0.348793234460571,-0.123209590482586,0.969827834079531
1435,17316,"s074","m0",0.249196032959504,-0.432767660760974,0.116181498870006,0.719296776844136
1436,17328,"s074","m0",0.280492594960579,-0.281384845782841,0.0668809410503515,0.579400965943748
1437,17332,"s074","m0",0.223688708038688,-0.35140092252833,0.0866092525799737,0.880161543910158
1438,17347,"s074","m0",0.205581204732929,-0.435002318642673,0.07908410023157,0.778443929981439
1439,17353,"s074","m0",0.134859023567062,-0.555830153662462,-0.1657533441252,0.9464010565411
1440,17355,"s074","m0",0.250195550362053,-0.38842220900577,0.126279415362752,0.601066949501271
1441,17364,"s074","m0",0.187466271972821,-0.394650271081397,0.0694536444169698,1.12594955928361
1442,17369,"s074","m0",0.237337160331549,-0.459239937534517,0.0333715650043955,0.666539594921751
1443,17417,"s074","m0",0.206030404994814,-0.49318073382781,0.0290519231508087,0.899374337085772
1444,17425,"s074","m0",0.106428812642437,-0.62101863768599,-0.0938769215970508,1.58242531840902
1445,17464,"s074","m0",0.280418676570282,-0.501708497826695,-0.0416166369708473,0.507426807480701
1446,17473,"s074","m0",0.19898849931751,-0.555724413190963,-0.00889236376975866,0.930810360523589
1447,17481,"s074","m0",0.325213463571484,-0.227854919005988,0.0104109238818416,0.355865680854377
1448,17485,"s074","m0",0.105511830498354,-0.630740686607138,-0.113703657139856,1.23624669155924
1449,17489,"s074","m0",0.281770081821662,-0.313049130940511,-0.0192425747029258,0.621560033260224
1450,17500,"s074","m0",0.267415531656294,-0.486435567019182,0.149855288235668,0.686094438759752
1451,17515,"s074","m0",0.355898364830372,-0.265189792485372,0.0522842330184826,-0.0148727812049151
1452,17529,"s074","m0",0.193086447342296,-0.515529107347161,-0.0208093774025533,0.933458841829745
1453,17545,"s074","m0",0.247043418175461,-0.312707956324765,-0.0170736423938041,0.632107544098318
1454,17568,"s074","m0",0.516013844524117,-0.0505872144629108,0.210369468989627,-0.565510369836881
1455,17571,"s074","m0",0.245487402726479,-0.244042437438909,0.0737507898075297,0.750453708317071
1456,17575,"s074","m0",0.229950450617973,-0.328145578068078,0.0904446968277117,0.922194777311235
1457,17580,"s074","m0",0.1404786458309,-0.640270688030255,-0.0662263711115338,1.28845037665588
1458,17591,"s074","m0",0.254520421391653,-0.460506342016623,-0.0103817845305825,0.657593687067562
1459,17604,"s074","m0",0.220147629596933,-0.488701734897542,-0.0188938328174327,0.909474088228292
1460,17607,"s074","m0",0.180246082935192,-0.413226703516067,-0.00834257499670838,0.941233114925333
1461,17627,"s074","m0",0.222374562594978,-0.406611840906147,-0.0603865097027718,0.755851057946295
1462,17633,"s074","m0",0.253719171027741,-0.366267336449124,0.00514340724757352,0.820034148789009
1463,17651,"s074","m0",0.274873594158316,-0.341739937936117,0.0548849266247787,0.579585610980536
1464,17661,"s074","m0",0.222226052055257,-0.431057584392061,0.137505125903936,0.972657000918333
1465,17670,"s074","m0",0.226870180809506,-0.420984582333759,0.104687695574183,0.915070494551818
1466,17683,"s074","m0",0.155334748774735,-0.603172889923701,0.0547462534062485,0.993476112735234
1467,17690,"s074","m0",0.255632029520251,-0.446948628293122,0.0453680193999793,0.560356442022257
1468,17721,"s074","m0",0.171725996239285,-0.447253035256606,0.00287092109323239,1.04336162804711
1469,17725,"s074","m0",0.218032059531843,-0.606641414398314,-0.0580179875204067,0.604841457685988
1470,17731,"s074","m0",0.175660577259776,-0.625160140070069,-0.0783513685419077,0.89036608491834
1471,17734,"s074","m0",0.2489574662613,-0.569330182914414,0.0136041759594661,0.732599636511298
1472,17735,"s074","m0",0.100938727593434,-0.758168912385642,0.0687950906626542,1.37258543057035
1473,17742,"s074","m0",0.166067034711749,-0.625603746139674,-0.0844684446169241,0.811254587984378
1474,17749,"s074","m0",0.287221722195623,-0.287591117128984,0.117115972326171,0.624564332905446
1475,17768,"s074","m0",0.235603782483051,-0.332094479144573,0.119095173183245,0.86412560619639
1476,17779,"s074","m0",0.266651447998935,-0.251408324611312,-0.0486599552203109,0.566335248557794
1477,17780,"s074","m0",0.148874845993751,-0.528395944843925,-0.0444202170756765,1.22278368630182
1478,17812,"s074","m0",0.355396954550978,-0.166283859553475,0.0828708789620033,0.447922066056426
1479,17814,"s074","m0",0.198117873977695,-0.607069275938552,-0.0517272126730999,1.00191167878744
1480,17821,"s074","m0",0.165791579570879,-0.501169697249362,-0.0616005579686379,0.875865247224016
1481,17832,"s074","m0",0.227298896252418,-0.296481033820447,-0.0455038728322496,0.675236538115279
1482,17836,"s074","m0",0.226893469898602,-0.488044766881041,0.0058615897192984,0.654026568855389
1483,17860,"s074","m0",0.292178651520975,-0.309944720051939,0.0343921299094415,0.458866742305193
1484,17871,"s074","m0",0.228613983242921,-0.27021308179424,0.035332244800714,0.831288245311446
1485,17872,"s074","m0",0.168128317956496,-0.532838573194268,-0.0573094251736538,0.770793489555745
1486,17877,"s074","m0",0.316162618941263,-0.339961633389753,0.045651597089993,0.360038747551178
1487,17884,"s074","m0",0.235506416248796,-0.381952391334834,-0.0394308164952251,0.612928989655896
1488,17887,"s074","m0",0.258404534410665,-0.663610316657577,-0.00233686283491225,0.569648045919848
1489,17894,"s074","m0",0.134839594460382,-0.560102113067778,-0.0540549847414426,1.24606800360901
1490,17895,"s074","m0",0.256525495285677,-0.395402180450722,0.072438793430515,0.676315175205876
1491,17911,"s074","m0",0.238618152517762,-0.460442784010814,-0.0865235095744305,0.676134294252061
1492,17913,"s074","m0",0.176926587493372,-0.658001881934412,-0.12804392128304,1.01895759168786
1493,17920,"s074","m0",0.375140681189047,-0.120558764699662,0.143369067525692,-0.00347960921224193
1494,17940,"s074","m0",0.154745685887009,-0.496910118849326,-0.0593492247878356,1.21500032943792
1495,17943,"s074","m0",0.232167589555871,-0.401372762923814,-0.0269753007131718,0.762177804579326
1496,17946,"s074","m0",0.185294022289899,-0.310598183832844,-0.111767320288079,0.7347571525522
1497,17947,"s074","m0",0.29029226543428,-0.338566117677003,0.202225706023944,0.532155629380711
1498,17973,"s074","m0",0.351153328347682,-0.198469560761218,0.105740077299291,0.247710621605399
1499,17978,"s074","m0",0.115073857354341,-0.498692228286698,-0.206482730081674,1.3254279261435
1500,17982,"s074","m0",0.203582517853528,-0.346934589964045,-0.0558536645098097,0.833488962084442
1501,18028,"s074","m0",0.253688626539288,-0.232966501260517,0.0638305066508819,0.747146288565476
1502,18029,"s074","m0",0.220220239747521,-0.435621828827454,0.0417085642534945,0.840450191011563
1503,18041,"s074","m0",0.215070807030743,-0.432192398856131,0.000339151076480288,0.847406098037184
1504,18052,"s074","m0",0.268127359843365,-0.359245779890375,-0.0094472645670309,0.719199767590719
1505,18064,"s074","m0",0.216302001949584,-0.60625692889478,-0.00138828107060584,0.846989894667295
1506,18067,"s074","m0",0.252465584526845,-0.473114734518938,0.0318965571624274,0.555350683523899
1507,18073,"s074","m0",0.206622678559731,-0.524061967960045,-0.062037727603677,0.805116212887169
1508,18074,"s074","m0",0.340443374472005,-0.0666768047002232,0.232711752513049,0.53471461085772
1509,18077,"s074","m0",0.246423036871169,-0.435373628607548,0.0569809466701676,0.705337003476514
1510,18083,"s074","m0",0.120456546620849,-0.639811678942325,-0.112959584579462,1.20294202858282
1511,18100,"s074","m0",0.2884055275463,-0.371280136533286,0.137746304254676,0.552140997087517
1512,18103,"s074","m0",0.19458777704434,-0.286911813426127,0.0261390635247991,1.02822995736385
1513,18107,"s074","m0",0.2562752458375,-0.268337354189426,0.00597088818085621,0.711680315400184
1514,18113,"s074","m0",0.241078262334295,-0.385303522101623,-0.00966828632566664,0.75942072798445
1515,18121,"s074","m0",0.248670599687083,-0.39781333921155,0.0112123610303124,0.741998374511523
1516,18133,"s074","m0",0.0656178455887045,-0.856397990517587,-0.152268440515898,1.27835538613193
1517,18152,"s074","m0",0.213565879197234,-0.557895252081185,-0.0496268901542772,0.880762925502524
1518,18160,"s074","m0",0.233457317531993,-0.494976984154564,0.059605765658749,0.758015729670027
1519,18179,"s074","m0",0.282207249945992,-0.342634471181158,0.120925933149742,0.558375262427704
1520,18191,"s074","m0",0.265758535165665,-0.38006084782658,0.0840064311846488,0.627334698736135
1521,18192,"s074","m0",0.184885382593602,-0.509570937358437,-0.00766415684021287,0.930781811319705
1522,18195,"s074","m0",0.201939389358505,-0.391563594183635,-0.144186856102875,0.860031001650964
1523,18241,"s074","m0",0.111672091536114,-0.536666313317573,-0.110533777520871,1.40056551985334
1524,18270,"s074","m0",0.17477609459007,-0.427540829893951,-0.0922854109985354,1.12039152937802
1525,18282,"s074","m0",0.317244705091152,-0.284829666622079,0.0295811894891678,0.574103615349548
1526,18285,"s074","m0",0.19239230940359,-0.534862629629791,0.12856385485884,0.878878412173014
1527,18321,"s074","m0",0.172252364720149,-0.459466893825283,-0.0107345242943148,1.10016977731662
1528,18331,"s074","m0",0.319754501152005,-0.236530681109605,0.130039106786154,0.514060849769953
1529,18342,"s074","m0",0.214641765330891,-0.54328365210418,0.0625857533998126,0.819850810107104
1530,18350,"s074","m0",0.304156019462919,-0.428668385590023,0.127530837131334,0.638035874917274
1531,18358,"s074","m0",0.164460135645907,-0.665322169839315,-0.0914511174171636,1.07364313087615
1532,18366,"s074","m0",0.269253183475712,-0.423487165299188,0.0317478957493394,0.731792941409762
1533,18378,"s074","m0",0.291289449771845,-0.511860001004602,0.0993137114127139,0.385751902227205
1534,18407,"s074","m0",0.204448071623711,-0.44776194221305,-0.00576435387466243,0.913522787571544
1535,18408,"s074","m0",0.194018350356103,-0.361963759921372,0.131009649502514,0.852858063796425
1536,18411,"s074","m0",0.231818297230728,-0.341143798625041,-0.00888392236627395,0.662390894964892
1537,18413,"s074","m0",0.163816018020377,-0.455798935642229,-0.0331592150221039,0.97160679650403
1538,18415,"s074","m0",0.372476266198598,-0.153952728736799,0.142328486339127,0.357216402134165
1539,18419,"s074","m0",0.217243490835804,-0.585302487939573,-0.107862661202178,0.744588217835998
1540,18440,"s074","m0",0.159692530955901,-0.664025181248851,-0.145208076591519,1.05396954952221
1541,18452,"s074","m0",0.116985450269633,-0.80671886387985,-0.111991498779473,0.975035014720923
1542,18472,"s074","m0",0.268834932743832,-0.335713149043116,0.0518778970468747,0.681590530778753
1543,18504,"s074","m0",0.380644234686222,-0.196152684989631,0.151476803589225,0.178470762924686
1544,18508,"s074","m0",0.172898689251275,-0.242937297144328,0.0681245214819499,1.13579055686674
1545,18514,"s074","m0",0.276581762558705,-0.323935215738634,0.109897600965371,0.57360883179664
1546,18516,"s074","m0",0.159509280066917,-0.601415364779196,-0.0227617847977088,1.03700846896046
1547,18522,"s074","m0",0.178888249430047,-0.561684604408553,-0.0921988540652684,1.06338599136356
1548,18523,"s074","m0",0.256361336907497,-0.311880793356203,0.0962143341152131,0.654037909620206
1549,18553,"s074","m0",0.299735566913046,-0.416947901119157,0.118594739094285,0.659342400339948
1550,18559,"s074","m0",0.154702230129942,-0.509987360426416,-0.132611100099461,1.12036099442404
1551,18570,"s074","m0",0.225313605585251,-0.291489797387371,-0.122119022244298,0.678727966407243
1552,18571,"s074","m0",0.191183015350673,-0.527366310024946,-0.0264922976241438,0.923613267250551
1553,18574,"s074","m0",0.288814528553869,-0.389260601531804,-0.175938721392,0.529685967219642
1554,18581,"s074","m0",0.267419829442551,-0.395934086094336,0.0703070356898381,0.62038985684002
1555,18604,"s074","m0",0.155203898412626,-0.290407252977875,-0.0040755779044253,1.16383371686816
1556,18605,"s074","m0",0.257708893628786,-0.26726179277837,0.00541373360564619,0.659435907721842
1557,18608,"s074","m0",0.178719948934249,-0.493798504493109,-0.00393272918434344,1.1246561688318
1558,18616,"s074","m0",0.153750297989071,-0.572711761714257,0.00508109899614511,1.08092768512828
1559,18617,"s074","m0",0.179547491501707,-0.345388954366725,-0.0444201834017936,0.854977749010196
1560,18648,"s074","m0",0.234407903716833,-0.353197863360151,0.0542953216702295,0.871091582014524
1561,18656,"s074","m0",0.134317766595724,-0.61879210041156,-0.018280182968018,1.12681683761293
1562,18685,"s074","m0",0.180055166251003,-0.425062460442997,-0.139254699780227,0.781556274166114
1563,18687,"s074","m0",0.324482436744662,-0.155056668435891,0.119202483546525,0.501991978903465
1564,18721,"s074","m0",0.225722922843467,-0.392069202757835,-0.118665138252797,0.830669318367446
1565,18751,"s074","m0",0.271099279213291,-0.361160912387833,0.0270794453778997,0.502834350913276
1566,18775,"s074","m0",0.233724911380513,-0.380357794218807,0.0115853178402233,0.92370586206032
1567,18780,"s074","m0",0.296262154955656,-0.313119151089783,0.074454537709185,0.382667802777343
1568,18782,"s074","m0",0.219467689845638,-0.454944964494895,-0.110862175232077,0.778733721708421
1569,18792,"s074","m0",0.222499264424616,-0.471156577524605,-0.0394611984884484,0.866990256167131
1570,18793,"s074","m0",0.295698503575229,-0.189744359069321,-0.0798680693041184,0.696121717575558
1571,18804,"s074","m0",0.253149146745044,-0.33445645549473,0.0695766588038794,0.532809551885175
1572,18816,"s074","m0",0.199596122978313,-0.639199645151579,-0.0510504018396904,0.803539027865736
1573,18835,"s074","m0",0.353971342608676,-0.103860519049713,0.0602813945674246,0.360498858465811
1574,18862,"s074","m0",0.284406071140504,-0.366676610589973,0.059092366994523,0.685148519294856
1575,18872,"s074","m0",0.237761241156682,-0.422478764397091,0.126410204225264,0.987460981369359
1576,18878,"s074","m0",0.232954367702888,-0.418651652895291,-0.0371741391721413,0.872837226772079
1577,18901,"s074","m0",0.201461639343552,-0.440495858917078,0.0330029038573682,0.992478783766028
1578,18905,"s074","m0",0.268696481772878,-0.362091234328712,0.14292674081082,0.687241602605778
1579,18906,"s074","m0",0.132586460609041,-0.489370821429927,0.026650505689764,1.15607022134283
1580,18909,"s074","m0",0.277951632522747,-0.38440294331611,-0.0030065409460896,0.537891030980746
1581,18914,"s074","m0",0.310090110335336,-0.33050128203242,0.114021864045644,0.490122258073014
1582,18915,"s074","m0",0.285549198322075,-0.387848063994036,0.0719688662886065,0.413275068860113
1583,18921,"s074","m0",0.363944850702551,-0.276079931321794,0.119490124895815,0.284128934892453
1584,18931,"s074","m0",0.351169096876103,-0.379748672915508,-0.0562795609983171,0.111159146665658
1585,18934,"s074","m0",0.248884535931723,-0.39278789762442,-0.128143776278037,0.453444774374426
1586,18959,"s074","m0",0.207637346792264,-0.438557441650421,0.0119400843052306,0.812160738727843
1587,18967,"s074","m0",0.151704388289977,-0.435019411277742,-0.0388466602646611,0.973685813126967
1588,18991,"s074","m0",0.266375625132439,-0.424876649586249,-0.00815655443009739,0.321244157524649
1589,18992,"s074","m0",0.23840319482648,-0.371109830358337,-0.0138978559999533,0.698912067677083
1590,19027,"s074","m0",0.214690257127041,-0.466616380192777,0.0402804512115643,0.840424926233483
1591,19032,"s074","m0",0.184484108592937,-0.471564432763212,-0.0641424972837741,0.601261059481812
1592,19036,"s074","m0",0.0953291848180324,-0.682338801089334,-0.254405880569578,1.07990926505227
1593,19066,"s074","m0",0.338014935209898,-0.227320512583495,0.156198326694626,0.524716231987369
1594,19079,"s074","m0",0.18970546118839,-0.463477505199728,0.0134964169860986,1.06388663957991
1595,19092,"s074","m0",0.240608017499664,-0.330870113810661,0.0748171113389842,0.915578919285071
1596,19109,"s074","m0",0.145060907529718,-0.552695336482732,-0.167613428056059,1.26776435220295
1597,19114,"s074","m0",0.245639063964647,-0.452085490912695,-0.0481842704672198,0.631431717171152
1598,19115,"s074","m0",0.241658606377502,-0.416503422585594,-0.0274702941725236,0.851234121066856
1599,19129,"s074","m0",0.113048475667137,-0.717010350000962,-0.250959057057621,1.20915403402095
1600,19157,"s074","m0",0.236255634037649,-0.43859499228769,0.0238875728313158,0.881983678381303
1601,19161,"s074","m0",0.180538451309068,-0.51958320664957,0.0156165937222758,0.906824576621195
1602,19169,"s074","m0",0.16599405446544,-0.450150890119074,-0.0547964531796335,1.06278226998188
1603,19177,"s074","m0",0.186727104431477,-0.545770365294297,-0.11266873436376,0.984478238824597
1604,19184,"s074","m0",0.295138826519861,-0.462016126025731,0.123321241692329,0.398527456934233
1605,19188,"s074","m0",0.228015142364373,-0.457551338454019,-0.0614238990366878,0.826813762730697
1606,19193,"s074","m0",0.237060272331021,-0.333949256833216,0.111350823218711,0.619927146237401
1607,19211,"s074","m0",0.221221847842779,-0.457508430669544,-0.029023638414379,0.648368179039874
1608,19235,"s074","m0",0.377773296425288,-0.293460988814035,0.154885993676973,0.435920749601602
1609,19236,"s074","m0",0.243881193751145,-0.352950140004854,-0.0811402680212552,0.853365945608684
1610,19240,"s074","m0",0.151046212882582,-0.716576910358898,-0.0484324728015426,1.23148231234381
1611,19249,"s074","m0",0.335688560001659,-0.26906097221445,0.0834982848749489,0.35859440546753
1612,19253,"s074","m0",0.217148434669074,-0.426898998494094,0.0389451544467446,0.746742589075435
1613,19256,"s074","m0",0.315884033716231,-0.25975954714802,0.16454082756418,0.358718371489655
1614,19269,"s074","m0",0.222131021910131,-0.45117779473611,-0.0263043839434709,0.819639033593874
1615,19271,"s074","m0",0.234833641038935,-0.665548264630521,0.0671912917170754,0.612586559946388
1616,19279,"s074","m0",0.0807305775164571,-0.768940248982049,-0.243143315895896,1.06925413837164
1617,19289,"s074","m0",0.161889059259726,-0.2321685076586,-0.0113269293806235,0.983798698617142
1618,19302,"s074","m0",0.29561872539743,-0.418576415394206,0.0675264755848,0.519487783314949
1619,19322,"s074","m0",0.357110598169372,-0.339760358063904,0.0334911787350073,0.114895798020633
1620,19343,"s074","m0",0.145821805518749,-0.658044920918895,-0.176089810197433,0.699276016428289
1621,19346,"s074","m0",0.224752471785879,-0.26876644536766,-0.0452887854632768,0.99137143563767
1622,19350,"s074","m0",0.26847897709982,-0.405951627441322,-0.0489029399250636,0.506782934911879
1623,19354,"s074","m0",0.245266429764503,-0.353740638788055,0.0710343278516217,0.912838831441039
1624,19355,"s074","m0",0.289322190273879,-0.585627897584368,0.0833759247839428,0.374712260999798
1625,19359,"s074","m0",0.30466012182996,-0.260072532558138,-0.0497670074026699,0.29125908401576
1626,19364,"s074","m0",0.165309384901288,-0.475620201458271,-0.0209417248660673,1.0316861529754
1627,19392,"s074","m0",0.139899571390988,-0.609555123285397,-0.11541724674031,1.09943283843253
1628,19407,"s074","m0",0.279796442142155,-0.301900786905293,0.142445514003872,0.533445293260526
1629,19416,"s074","m0",0.129229278835437,-0.709457027146792,-0.254263667289214,1.02951252350411
1630,19431,"s074","m0",0.346079175676889,-0.195104495169618,0.0153304591815789,0.473478954691121
1631,19432,"s074","m0",0.280504485350438,-0.359247394481053,0.0747596291285506,0.580535348533624
1632,19459,"s074","m0",0.147194799638393,-0.432857129674848,-0.174423356294014,0.907384002530833
1633,19460,"s074","m0",0.252712822899506,-0.4492738615906,0.0771040443802834,0.686881071681441
1634,19469,"s074","m0",0.330912952952004,-0.274719701367761,0.105165497732029,0.315328615826933
1635,19472,"s074","m0",0.201105238227879,-0.755125306100712,0.0385623467367678,0.894105911308928
1636,19479,"s074","m0",0.290326000973882,-0.395168055983384,0.0363052317615189,0.298581137377593
1637,19493,"s074","m0",0.316079671251837,-0.425445076998337,0.0811428227892475,0.609704361633562
1638,19501,"s074","m0",0.153600337990514,-0.449186856240755,-0.168938754278226,1.07918984789824
1639,19518,"s074","m0",0.171544914111764,-0.653107980777542,-0.0312006519802249,0.865248862041157
1640,19520,"s074","m0",0.298669481428321,-0.254632854054664,-0.0350188538160703,0.516171472765619
1641,19531,"s074","m0",0.237742670698876,-0.458740761171458,-0.0884626634365673,0.63639975676447
1642,19532,"s074","m0",0.303090538934427,-0.27080154376959,0.129323053491735,0.50617860523454
1643,19538,"s074","m0",0.170629359568262,-0.517055844659286,-0.0690862677374541,0.929363778916097
1644,19542,"s074","m0",0.201319418784612,-0.551428790698093,0.0295827638997052,1.05664135895786
1645,19558,"s074","m0",0.22192209419311,-0.364431678714214,-0.00271772413186385,0.961074964149035
1646,19562,"s074","m0",0.132004735070453,-0.491131472601443,-0.175993506520039,1.11358042497844
1647,19582,"s074","m0",0.265896340039456,-0.283074671768527,0.0543016313804547,0.560505702052317
1648,19592,"s074","m0",0.399879635907352,-0.101895310574643,0.0825066013831932,0.0762821460953104
1649,19598,"s074","m0",0.18661834539302,-0.439365137859713,0.0676579356799458,1.13675992397747
1650,19613,"s074","m0",0.311210832638017,-0.301678922285636,0.00953994636944469,0.359184429713032
1651,19614,"s074","m0",0.318285103318928,-0.263596442367922,0.0654852862100676,0.413110054640604
1652,19618,"s074","m0",0.191899709673748,-0.386042077601215,-0.17471341181009,0.739382020577602
1653,19621,"s074","m0",0.175082105333262,-0.560932086911986,-0.156224235554505,0.98184726426467
1654,19643,"s074","m0",0.216005046410436,-0.638869119889421,-0.0731134478846523,0.956346418359497
1655,19662,"s074","m0",0.235024442910828,-0.466306972519001,0.00366840314063803,0.869655590237066
1656,19674,"s074","m0",0.251372227121292,-0.330832983775784,0.00617597261871632,0.353905755780627
1657,19677,"s074","m0",0.220105954720706,-0.297893882095734,0.0435613574028479,0.96315186924596
1658,19685,"s074","m0",0.328368708956234,-0.110201890511298,0.0840827007057477,0.426276361477116
1659,19688,"s074","m0",0.278853379730766,-0.474609711337542,0.0623772188937779,0.563053802808597
1660,19690,"s074","m0",0.202740038736994,-0.43683120699468,0.0403827847187612,0.794161584296289
1661,19694,"s074","m0",0.256819386914419,-0.470696201356144,0.121201909146815,0.73757192866523
1662,19697,"s074","m0",0.2131028593702,-0.567968394768572,-0.0791035171672883,0.592931550685778
1663,19706,"s074","m0",0.188286670154276,-0.429225462671216,-0.030192754229165,0.935269579631395
1664,19709,"s074","m0",0.143502547618956,-0.616606689510655,-0.0823626481183164,0.970690284359641
1665,19714,"s074","m0",0.146297100414208,-0.615970858813507,0.0222617506138178,0.948412000645151
1666,19715,"s074","m0",0.119245250649625,-0.655181144414836,-0.0813387301501617,1.25391659970418
1667,19733,"s074","m0",0.230801752849586,-0.467694408723689,0.0987892058628392,0.844402054284506
1668,19740,"s074","m0",0.211577447254359,-0.507024313357123,-0.0798842274052042,0.99142406314239
1669,19759,"s074","m0",0.274270476921794,-0.422648838593331,0.107736367026014,0.670741124199385
1670,19762,"s074","m0",0.366786264099297,-0.146634128232293,0.0965816430459177,0.19957788043486
1671,19763,"s074","m0",0.395549828748338,-0.229159988177278,0.228089776191774,0.0016849007962334
1672,19780,"s074","m0",0.259937714141333,-0.246256947066699,-0.0348109148352119,0.724460686885974
1673,19782,"s074","m0",0.214379800399808,-0.549532984207768,-0.0120034550656973,0.657507032167163
1674,19783,"s074","m0",0.157669376916543,-0.497263525922937,-0.118765244610807,1.18716180409736
1675,19785,"s074","m0",0.186932284490068,-0.47778449395569,-0.0172013880731088,0.886047673114779
1676,19793,"s074","m0",0.204791838985964,-0.369698850595612,0.0429410805492462,0.760352884798468
1677,19794,"s074","m0",0.234885442500454,-0.469529859332817,-0.0653827653757915,0.850076205612559
1678,19797,"s074","m0",0.248575004793297,-0.419300603005841,0.0225595178238776,0.640173505271001
1679,19831,"s074","m0",0.23772860778203,-0.285287578719195,-0.0819241938451447,0.614734620864545
1680,19853,"s074","m0",0.130391722691367,-0.706469078471566,-0.13056568937403,1.38276185911338
1681,19874,"s074","m0",0.278219556672422,-0.337777480346546,0.0564904979948042,0.403740368436001
1682,19938,"s074","m0",0.201087308866416,-0.567032695040775,-0.0121373739038003,0.916108271573383
1683,19950,"s074","m0",0.373259428292099,-0.135957951122287,0.108069838387739,0.286681490256808
1684,19958,"s074","m0",0.249433183387691,-0.306920245083189,0.0964257194797074,0.921794796624103
1685,19960,"s074","m0",0.249972704414711,-0.30331179523326,0.0527787860578297,0.785610084846492
1686,19967,"s074","m0",0.150639175629259,-0.717956572433779,-0.0598418493258922,0.985342068872248
1687,19973,"s074","m0",0.423594268898515,-0.142247334453457,0.198900425765678,0.036858949742499
1688,19985,"s074","m0",0.319239253402548,-0.327085612707829,0.00180148301709368,0.451613807314821
1689,19989,"s074","m0",0.19218792052277,-0.540891716192108,-0.125053144691465,0.671595163294109
1690,20005,"s074","m0",0.120088411698384,-0.544725949194413,-0.0528561912912036,1.05554722336149
1691,20009,"s074","m0",0.261185019528545,-0.353424873705242,0.0287347846790238,0.670677288171006
1692,20013,"s074","m0",0.338355031224429,-0.46271660118157,0.0681222405595628,0.266016586196358
1693,20018,"s074","m0",0.13700689457018,-0.519944080602956,0.0191025056283285,1.30018153410054
1694,20028,"s074","m0",0.288968348745392,-0.349744523967923,0.0952016377521786,0.577570787839157
1695,20032,"s074","m0",0.165865255207441,-0.466742646221427,-0.16052931343455,0.964348297632168
1696,20033,"s074","m0",0.220467678750355,-0.49548502137452,0.0284794570956803,0.726703639734946
1697,20041,"s074","m0",0.208568880533474,-0.314535598410672,-0.0358132925455398,0.711248252316041
1698,20055,"s074","m0",0.164952478809163,-0.590193342741683,-0.116317695340615,1.083748508562
1699,20057,"s074","m0",0.426829967795645,-0.320183448335439,0.136715852990391,0.0427045256216666
1700,20080,"s074","m0",0.278272217354375,-0.34118366455723,-0.0123541613264476,0.418423661858014
1701,20110,"s074","m0",0.176937753579812,-0.563847420420188,-0.00610095204151771,1.00707875674463
1702,20123,"s074","m0",0.359532056931418,-0.180266450488587,0.135299177324638,0.264467499264343
1703,20131,"s074","m0",0.19119675293997,-0.59847626208179,-0.121045049790254,0.936392640027188
1704,20133,"s074","m0",0.226040450248112,-0.488475928676226,-0.00268494271243062,0.848521573439252
1705,20163,"s074","m0",0.193916485819577,-0.399162399368853,-0.0402800207512499,0.739023691735595
1706,20174,"s074","m0",0.230645071855209,-0.547159180464096,0.0853036191180629,0.729271806157871
1707,20175,"s074","m0",0.177066482046321,-0.281730671075476,-0.084771306813271,1.02251673565182
1708,20184,"s074","m0",0.30207930067122,-0.535829044123521,0.0139822471719218,0.310753678312606
1709,20191,"s074","m0",0.304569513682045,-0.22733195415645,0.00949498187026812,0.545931573971728
1710,20195,"s074","m0",0.233458887955615,-0.487238042880799,-0.0472056043750352,0.379862210636951
1711,20222,"s074","m0",0.248210096947911,-0.435612806547869,-0.0263133294897198,0.611351705675344
1712,20236,"s074","m0",0.238404580107101,-0.42874574509879,-0.0253251188150182,0.989368402351427
1713,20251,"s074","m0",0.350075199789991,-0.149291421303635,0.0753883012672781,0.162489434107151
1714,20257,"s074","m0",0.333803529527956,-0.222267468357529,0.0468457462884614,0.173968486352109
1715,20267,"s074","m0",0.238582724745427,-0.381132849889515,0.143527161012058,0.69882975017803
1716,20290,"s074","m0",0.288840864106667,-0.281938478057418,0.102390071922759,0.346004291274722
1717,20291,"s074","m0",0.142950299512902,-0.636346167376189,-0.203452374370988,0.975028138552774
1718,20296,"s074","m0",0.219491705177288,-0.332466483265627,-0.0420703214073187,0.764342040840521
1719,20300,"s074","m0",0.185316593792721,-0.775381696755868,0.0626279442412111,0.687625540467036
1720,20305,"s074","m0",0.202710146923468,-0.602785288864661,0.0659253506508267,0.791224415233067
1721,20316,"s074","m0",0.200835723001346,-0.288080580112088,0.0199789207794469,0.983671143845656
1722,20317,"s074","m0",0.311614385363113,-0.289668254361564,0.191476815218523,0.537108872020421
1723,20321,"s074","m0",0.303057506464136,-0.187040292328324,0.0774500313354736,0.576794456813765
1724,20338,"s074","m0",0.178492068114862,-0.579117065015607,-0.0286476750221005,0.596399160531294
1725,20349,"s074","m0",0.181089701314495,-0.490917099426437,-0.0401374543947442,0.816904999402732
1726,20351,"s074","m0",0.210515941814373,-0.506568592991452,-0.0130472650587469,0.968226545597018
1727,20352,"s074","m0",0.293619988577059,-0.240455476297178,0.112314177607272,0.442158017347671
1728,20356,"s074","m0",0.104150310630083,-0.528531965478351,-0.23395034240907,1.24228254529643
1729,20366,"s074","m0",0.242334850539063,-0.421628816417031,0.0217057341723083,0.51484445220212
1730,20371,"s074","m0",0.204086955077513,-0.608876583070931,0.037426143031971,0.948490189306522
1731,20400,"s074","m0",0.300565821345696,-0.416378799344926,-0.011352971814127,0.628209964127398
1732,20410,"s074","m0",0.256675762404109,-0.285847899690767,0.126976313099034,0.498452042726678
1733,20415,"s074","m0",0.247545578786744,-0.413921818936284,-0.0135732110359712,0.730685696250322
1734,20434,"s074","m0",0.220780171206023,-0.523480024929255,-0.0237345779833969,0.716882259111758
1735,20435,"s074","m0",0.175614937702923,-0.509918598058257,-0.0375157983772128,1.07053027001901
1736,20438,"s074","m0",0.363067050865322,-0.275132326013545,0.0610097338446729,-0.0723349567529954
1737,20440,"s074","m0",0.232858070424146,-0.322958501982421,0.0399726124647871,0.85739230370506
1738,20451,"s074","m0",0.23529241980678,-0.464146030707871,-0.00870933338938312,0.708475742353009
1739,20454,"s074","m0",0.395349900072673,-0.311832087589544,0.107647218518453,-0.0544191213142614
1740,20462,"s074","m0",0.189329689058163,-0.506842068310783,0.0308285888980451,0.713970513826009
1741,20466,"s074","m0",0.165447298379062,-0.584138985972948,-0.0934399828668211,0.968666858464237
1742,20480,"s074","m0",0.245661241112265,-0.330636816971989,-0.0947755341521369,0.770934046293471
1743,20484,"s074","m0",0.125787308396232,-0.525880872797747,-0.0511940070650252,1.16909634270785
1744,20486,"s074","m0",0.108467033349584,-0.560862271233248,-0.0396862339360225,1.17980581934177
1745,20489,"s074","m0",0.291689070806242,-0.481700050935051,0.0577330273140771,0.465230572893594
1746,20490,"s074","m0",0.322412637665178,-0.300901134972736,0.0858657473342976,0.334229204364043
1747,20494,"s074","m0",0.132733879831602,-0.52094073134552,-0.00711458720889708,0.976147299666994
1748,20507,"s074","m0",0.209045557031409,-0.369343386951142,0.00287027038249657,0.645380059427679
1749,20515,"s074","m0",0.298262743933894,-0.30839172325872,0.0387472218679156,0.587705617478501
1750,20516,"s074","m0",0.253170485747011,-0.723953663306306,-0.0290076868229452,0.662385154336805
1751,20544,"s074","m0",0.254444133667316,-0.481547857900725,0.00256942938364848,0.66161934548739
1752,20563,"s074","m0",0.217892269597839,-0.497764428091403,-0.023190995646008,0.470264636712448
1753,20568,"s074","m0",0.0712963004524576,-0.722978831404534,-0.189773095933307,1.52801185161071
1754,20591,"s074","m0",0.245549408736167,-0.331807177249233,0.0932211323344058,0.838267258962118
1755,20619,"s074","m0",0.286454700283587,-0.180826015938418,0.0181036399645007,0.533320263751254
1756,20620,"s074","m0",0.308240584769777,-0.352935277095659,0.16103422429558,0.552258769367388
1757,20630,"s074","m0",0.326386081405994,-0.290573336863285,0.032042387830485,0.447502750194744
1758,20699,"s074","m0",0.320326930613008,-0.375357950902549,0.00121792898146807,0.403551994800476
1759,20705,"s074","m0",0.245725573384629,-0.266815039215865,-0.00739891471337074,0.812299916257141
1760,20714,"s074","m0",0.127784115803641,-0.588640686148828,-0.128947598031768,1.04788667605461
1761,20715,"s074","m0",0.179181133813701,-0.505940995835925,-0.07021043429273,0.871249046494671
1762,20720,"s074","m0",0.287982032881389,-0.553277020163908,0.0841841474609711,0.485859639151858
1763,20732,"s074","m0",0.15289691040458,-0.657664798405243,0.00798934533520022,0.850299558667408
1764,20737,"s074","m0",0.254172609821053,-0.439895934344727,0.153908895357305,0.74828281454129
1765,20740,"s074","m0",0.213234352432019,-0.294895012793892,0.00415326880611458,0.775289719829029
1766,20743,"s074","m0",0.182090242467283,-0.545585363422407,-0.106855828156043,0.969632792800026
1767,20757,"s074","m0",0.274752043016784,-0.503942992327298,0.0230243038683817,0.590430505354404
1768,20767,"s074","m0",0.240775864326327,-0.415406637713949,0.0995936755085668,0.828172891960891
1769,20772,"s074","m0",0.168159256003459,-0.566955402071178,-0.0631480388119063,0.906319922793075
1770,20783,"s074","m0",0.314710361972668,-0.229455410098423,0.148303285933137,0.541924490920668
1771,20791,"s074","m0",0.341420544798765,-0.0743226492510322,0.155107589597489,0.400878392543824
1772,20803,"s074","m0",0.119739075384037,-0.6077115757975,-0.0440619695569514,0.95517220227874
1773,20811,"s074","m0",0.302722034395402,-0.469727937664333,0.133475795238205,0.603907740830051
1774,20819,"s074","m0",0.232013442034527,-0.568835388730884,0.0957281565042634,0.720471219465549
1775,20820,"s074","m0",0.152040663773024,-0.357944235263424,-0.071037903254435,1.11152187426052
1776,20839,"s074","m0",0.227316837946823,-0.324967556820258,-0.0770889538100943,0.543896340224911
1777,20842,"s074","m0",0.125336832936478,-0.658677957843378,-0.0598410352755141,1.17327830645274
1778,20864,"s074","m0",0.399088584900967,-0.159300265669435,0.181413870832198,0.218597794331048
1779,20879,"s074","m0",0.262026379363099,-0.366118279612535,0.000678546682643793,0.838559518481772
1780,20883,"s074","m0",0.220173488884099,-0.28371354698995,0.0612070269503854,0.88158871854044
1781,20885,"s074","m0",0.206760315624428,-0.315481238714819,0.0352364933093016,0.936401674724913
1782,20896,"s074","m0",0.377154564473112,-0.291229126997834,0.0601812600628573,0.223501499505064
1783,20909,"s074","m0",0.288078157505836,-0.370449880736057,0.00838833795166287,0.316325008045732
1784,20923,"s074","m0",0.241604534475371,-0.259257639859257,-0.0357783457207895,0.63471895879049
1785,20930,"s074","m0",0.278662661086876,-0.427043363332473,0.0749655399273575,0.227981771805342
1786,20938,"s074","m0",0.230679793308072,-0.392987483853824,-0.126427472485733,0.642496143640087
1787,20942,"s074","m0",0.174804781649843,-0.511086457210329,-0.00407388813808852,0.830955189255392
1788,20944,"s074","m0",0.261832763155229,-0.361639227232766,0.147378615161967,0.578055374541521
1789,20952,"s074","m0",0.19911611206193,-0.491548294681209,0.00443274388762526,0.733437787583228
1790,20954,"s074","m0",0.186244314329023,-0.450136800043098,-0.106674491338278,0.807756483904349
1791,20961,"s074","m0",0.232883609952346,-0.378605374414615,0.0623394719588145,0.781994034202822
1792,20972,"s074","m0",0.114034594320416,-0.499883404969373,-0.157480698139037,1.11396817470134
1793,20973,"s074","m0",0.265710655836108,-0.350493656100645,0.102588101433871,0.669787890241041
1794,20980,"s074","m0",0.323977717446181,-0.26076717397477,0.133156657056522,0.713518581876445
1795,20981,"s074","m0",0.215062271451899,-0.63523665371271,0.0174603740743731,0.597844581172184
1796,20990,"s074","m0",0.127508411653115,-0.450527805732037,-0.219570889577695,1.07194906447459
1797,21012,"s074","m0",0.272724657379013,-0.305358047259051,0.017863047608587,0.402730774310176
1798,21022,"s074","m0",0.232290240997005,-0.284549920012182,0.0444328301433066,0.988047978080535
1799,21035,"s074","m0",0.206641859757371,-0.467537007787465,-0.038122928276166,1.0014136763056
1800,21039,"s074","m0",0.282107469670161,-0.0929443731421669,0.0202421289263418,0.559948701638429
1801,21050,"s074","m0",0.232538463583954,-0.538106182215373,0.000544741789134185,0.408997348146362
1802,21054,"s074","m0",0.261581108360127,-0.350975649316339,-0.0650302648839072,0.789658864802476
1803,21071,"s074","m0",0.257458020489273,-0.465253980841994,0.051979971244713,0.5724240219214
1804,21073,"s074","m0",0.278408448232668,-0.413238310566889,-0.128757092494793,0.567338241769332
1805,21077,"s074","m0",0.300783994336676,-0.314858991631667,0.17404217576283,0.70039344127068
1806,21110,"s074","m0",0.231981242842211,-0.363789756848572,-0.064460778177686,0.614202826078885
1807,21113,"s074","m0",0.322871629087758,-0.414696823325693,0.160910205227952,0.589438486829947
1808,21122,"s074","m0",0.143969710125376,-0.492466062407059,-0.240426951254054,1.34443013579852
1809,21133,"s074","m0",0.307930201356944,-0.267875187889169,0.00203627706516693,0.434778518438476
1810,21135,"s074","m0",0.134220718804396,-0.575528252338812,-0.166022736936459,1.07530044323638
1811,21139,"s074","m0",0.23215417763295,-0.630202024641478,0.0579776293643777,0.516017542194197
1812,21148,"s074","m0",0.279743978976613,-0.326783087925149,0.131100001933856,0.694335060274881
1813,21154,"s074","m0",0.115591628109703,-0.785805470365038,-0.161468175652436,1.01686449171294
1814,21163,"s074","m0",0.278201499649888,-0.41034316802434,0.0549839770466383,0.508178032401344
1815,21193,"s074","m0",0.236407331701676,-0.355531204028338,0.00887385393920313,0.504974231674435
1816,21199,"s074","m0",0.369825781523005,-0.143555607593911,0.1405801713142,0.296805876390781
1817,21224,"s074","m0",0.219590560582875,-0.289943939927036,0.0615035681444105,0.851448548727848
1818,21235,"s074","m0",0.172864421845646,-0.549540988670584,0.0190712987519022,0.82503496097371
1819,21237,"s074","m0",0.246392168035116,-0.317008801136421,0.063298878587877,0.658889586977527
1820,21246,"s074","m0",0.211485982759515,-0.344010081438154,0.126031822855078,0.782629024693608
1821,21247,"s074","m0",0.174339057448932,-0.379325698136951,-0.140449438135384,0.986011019874995
1822,21269,"s074","m0",0.35863743733181,-0.206109952528763,0.142804349245067,0.40710250381727
1823,21284,"s074","m0",0.333968525730865,-0.251320973157567,0.0852956364160668,0.358929671332596
1824,21290,"s074","m0",0.487601738766546,-0.0386208488536775,0.225777543461736,-0.40527209951553
1825,21306,"s074","m0",0.20475500963975,-0.31928729833361,-0.0127137473927725,0.943097244474948
1826,21333,"s074","m0",0.204919789076837,-0.43707957122497,-0.0421893793627654,1.03668173461063
1827,21363,"s074","m0",0.165706888677104,-0.683309226268717,-0.0577453804194376,1.17739620422712
1828,21369,"s074","m0",0.323630947455713,-0.177915774037652,0.0484142233046635,0.457689993818515
1829,21370,"s074","m0",0.337023903054942,-0.206232985519012,0.151242787086556,0.370790694447244
1830,21381,"s074","m0",0.227241193619245,-0.514789103797976,0.0494231087039947,0.659148629088
1831,21394,"s074","m0",0.272554960581397,-0.419998141540825,0.044720586318574,0.195823631105352
1832,21399,"s074","m0",0.214627702223996,-0.632362342385835,0.0110625474028448,0.672324165542753
1833,21406,"s074","m0",0.371137797515663,-0.0896769120822332,0.124823041812956,0.478556212896431
1834,21446,"s074","m0",0.202534765346879,-0.433725648117623,-0.0517260300780161,0.717214294153774
1835,21449,"s074","m0",0.215016426986604,-0.367818411688772,-0.0540025286761415,0.755120495179694
1836,21451,"s074","m0",0.239309933890065,-0.214026458699431,0.116408634858244,0.874486028263064
1837,21463,"s074","m0",0.252221419509738,-0.285169575550372,0.0572994212153062,1.00316307035381
1838,21464,"s074","m0",0.275711730765461,-0.346302719419544,0.0852717033917528,0.494262842854668
1839,21465,"s074","m0",0.202393226917347,-0.488406391090455,-0.0141258971836303,0.885401921571857
1840,21484,"s074","m0",0.12181637131593,-0.590129293391638,-0.144514316939656,1.22803290636127
1841,21494,"s074","m0",0.271978796960199,-0.309942674635226,0.0348224846551165,0.685406925866309
1842,21507,"s074","m0",0.305989360727162,-0.4600671570992,0.109623433368322,0.390910139357258
1843,21524,"s074","m0",0.250603827678791,-0.486793161687169,0.0672411784971358,0.703795504865392
1844,21531,"s074","m0",0.177631042490206,-0.327097524866369,-0.0557447525648261,0.957378595923657
1845,21533,"s074","m0",0.305690388869297,-0.169487065403525,0.0399622607794665,0.507887012902465
1846,21541,"s074","m0",0.217294327867334,-0.605444168688182,0.00656449874151305,0.540978159826386
1847,21547,"s074","m0",0.302507198121131,-0.144503604355666,0.0226919367082484,0.26716735029563
1848,21605,"s074","m0",0.226452452315012,-0.461900903106974,0.0261845303026474,0.955436837965644
1849,21607,"s074","m0",0.262959974173548,-0.312965843524052,-0.00174172164182078,0.74766730877726
1850,21612,"s074","m0",0.404032598597337,-0.280100151715069,0.134621604505947,-0.117477071518777
1851,21632,"s074","m0",0.209237960537644,-0.547886715892237,-0.03447549621885,0.626913472323368
1852,21661,"s074","m0",0.234448383839973,-0.380223671265896,0.0939176430551762,0.652724781964145
1853,21665,"s074","m0",0.211879611016965,-0.383483264344399,0.0307374934774157,0.629307039550458
1854,21685,"s074","m0",0.163324695593612,-0.574475201351834,-0.03066414387616,1.09354923993304
1855,21724,"s074","m0",0.106318526959205,-0.543338971203185,-0.207007289625826,1.26406367496473
1856,21756,"s074","m0",0.249185902622001,-0.371215066184129,0.0172913093543799,0.707352665152311
1857,21770,"s074","m0",0.272813266731366,-0.231867110472183,0.0344086482565428,0.550938281353235
1858,21783,"s074","m0",0.171878200912563,-0.649039111100618,-0.0175068705491077,0.940858829229022
1859,21794,"s074","m0",0.108442335090717,-0.403927418555536,-0.0600834894182619,1.05503352732692
1860,21802,"s074","m0",0.24343972763598,-0.356308021506666,0.0427483358491833,0.843790233668651
1861,21828,"s074","m0",0.280314223020468,-0.352862623478169,0.00833320342624313,0.565938650788431
1862,21854,"s074","m0",0.207435332638235,-0.343333318741782,-0.128800384225873,0.800639513587314
1863,21856,"s074","m0",0.319389639729083,-0.255020350373362,0.118642977952439,0.57062714712518
1864,21864,"s074","m0",0.231000698493879,-0.340591280231297,0.0212017044970595,0.652093181526875
1865,21908,"s074","m0",0.226163829262841,-0.337688253222505,0.0845406950915614,0.755750286407577
1866,21945,"s074","m0",0.340528017461741,-0.231855940178509,0.0871043369710118,0.32356759821145
1867,21951,"s074","m0",0.322930051926946,-0.367851376005269,0.19176172922373,0.373236207282889
1868,21960,"s074","m0",0.164005246780319,-0.488394577253222,-0.0741961331215349,1.00916562449696
1869,21975,"s074","m0",0.184621547491252,-0.644550654510454,0.0023899585614574,0.956148599046899
1870,21977,"s074","m0",0.313438893685914,-0.444868965584069,0.0893536571817556,0.257817860541028
1871,21979,"s074","m0",0.195849762821763,-0.499048193042653,0.034575415169801,0.771259456103957
1872,21986,"s074","m0",0.240827423048309,-0.395196598400607,0.0416318187258821,0.743799012391194
1873,21987,"s074","m0",0.341191359154436,-0.179262189313835,0.246628135480457,0.557302197296946
1874,21989,"s074","m0",0.234810520031937,-0.359116983075634,0.0641038535962911,0.781883986216652
1875,21994,"s074","m0",0.208524563479016,-0.534548887501213,0.0576976696978706,0.986331298662034
1876,21995,"s074","m0",0.274379055931111,-0.338217159019061,0.0392880541592097,0.709558654573863
1877,21997,"s074","m0",0.0879679697958776,-0.4971713952001,-0.219870067185134,1.28610294781158
1878,22000,"s074","m0",0.247509011363498,-0.414517445257779,0.0314862585331127,0.652283633126993
1879,22002,"s074","m0",0.136038560015247,-0.789731246753532,-0.120025480787567,0.852831234686772
1880,22006,"s074","m0",0.238627840580455,-0.420379960132229,0.0175176099852752,0.779647577531183
1881,22027,"s074","m0",0.240292062132141,-0.191063526337095,0.00390335217233922,0.767459548160072
1882,22029,"s074","m0",0.266610325106583,-0.276247361784128,0.0399956554208715,0.861093863009631
1883,22033,"s074","m0",0.201577743830215,-0.533290429621221,-0.104208880165011,0.96170322461475
1884,22043,"s074","m0",0.410822458819476,-0.247722985015178,0.191894179631276,0.0950721827487489
1885,22047,"s074","m0",0.335692772394537,-0.411655538253772,-0.0139649662168685,0.132606842257175
1886,22066,"s074","m0",0.143646679114584,-0.672759003829532,-0.0443391479765759,1.09940707433206
1887,22070,"s074","m0",0.338827625554981,-0.2166467362532,0.0870744395129217,0.38091004336396
1888,22085,"s074","m0",0.294854242063574,-0.334415347256729,-0.00641022361890729,0.465374385501381
1889,22117,"s074","m0",0.173978608785515,-0.526631135301885,-0.0899446631327213,0.885975002015342
1890,22137,"s074","m0",0.206952832231137,-0.541305704173271,0.012406957774117,0.967078539197885
1891,22141,"s074","m0",0.255882944865083,-0.344011465774649,0.0803511951288361,0.857565036698477
1892,22145,"s074","m0",0.20854616380311,-0.480903194751789,-0.0223116587292949,0.944882612711922
1893,22169,"s074","m0",0.288809707743039,-0.390047441650802,0.0377869823529956,0.441334087152197
1894,22187,"s074","m0",0.32429607301587,-0.481651875412097,0.0478885510152794,0.351629561656226
1895,22200,"s074","m0",0.225356718570695,-0.553696117093889,-0.0239990374251899,0.640991287494323
1896,22245,"s074","m0",0.193686781520007,-0.409635260650547,-0.144262808684239,0.898105879926204
1897,22266,"s074","m0",0.238243535797143,-0.372717273651945,-0.0185512254773587,0.877077361215616
1898,22291,"s074","m0",0.339021327985062,-0.346590901564807,0.0978890854133528,0.32116674280045
1899,22307,"s074","m0",0.331037589899513,-0.327867657724878,0.0673773803536356,0.365771651433964
1900,22311,"s074","m0",0.189009293747544,-0.531100971278921,0.00409273543230095,0.888213410925734
1901,22317,"s074","m0",0.121279852811429,-0.537259264865806,-0.0612925710437682,1.18249898192783
1902,22354,"s074","m0",0.14847126817121,-0.357063153575093,0.0530240608301235,1.10180252527747
1903,22355,"s074","m0",0.21607488672102,-0.47471485436603,-0.00105805703078791,0.871571293674587
1904,22360,"s074","m0",0.206267301787259,-0.53490138268202,-0.0398823185817758,0.790158134366506
1905,22364,"s074","m0",0.326340701622011,-0.315957045967636,0.15056934775468,0.33065451023465
1906,22414,"s074","m0",0.45067583441967,-0.057347421698135,0.202309841817139,0.109473020187013
1907,22416,"s074","m0",0.232721934816432,-0.561138901012236,0.0170110996260351,0.816031391213082
1908,22418,"s074","m0",0.300377545372745,-0.324021386145895,0.0387363187965952,0.385850739469825
1909,22425,"s074","m0",0.229381965527168,-0.270038226300133,0.0705616224583983,0.859881227666202
1910,22429,"s074","m0",0.182248001683967,-0.587289097550961,-0.110108902612903,0.829000964353767
1911,22430,"s074","m0",0.306256065212606,-0.435234915325704,0.0529069541979554,0.357683761310982
1912,22434,"s074","m0",0.280011612281251,-0.346132384728165,0.0369588774884672,0.684144743903775
1913,22436,"s074","m0",0.182227769205212,-0.511263087417309,-0.0529067846949476,0.83303390902743
1914,22454,"s074","m0",0.259420265435997,-0.319567413667046,0.0511403894584582,0.555500657106553
1915,22461,"s074","m0",0.275992354941019,-0.288389663950828,0.136223662871031,0.845469056660595
1916,22466,"s074","m0",0.153958672495883,-0.471957404187841,-0.199328300378353,0.776320276204042
1917,22471,"s074","m0",0.236758454708589,-0.538918357007199,0.0706604422845109,0.907294779702853
1918,22472,"s074","m0",0.272145624114379,-0.280932035062566,0.0956448409096669,0.641040804442483
1919,22475,"s074","m0",0.126428846202243,-0.678493102864047,-0.180741814036571,1.14164780921234
1920,22504,"s074","m0",0.283701267623012,-0.312279831541519,0.111485498224648,0.573803269087062
1921,22506,"s074","m0",0.183181979962927,-0.547035072130054,-0.116787398113954,0.976728219931589
1922,22519,"s074","m0",0.345562945505129,-0.327911802284679,0.14448082783415,0.181475816648581
1923,22526,"s074","m0",0.291595960257351,-0.273644038761504,0.118010927996732,0.548988465029229
1924,22534,"s074","m0",0.299955989246283,-0.344621355006284,0.147142335976434,0.485231952740485
1925,22535,"s074","m0",0.286646643898025,-0.362378822626384,0.0912543739701077,0.48256930739656
1926,22547,"s074","m0",0.189202742715379,-0.548152923240698,-0.0514136740776908,0.894973838905517
1927,22566,"s074","m0",0.101752838576808,-0.855326592713421,-0.0645454979262911,1.00316599402918
1928,22583,"s074","m0",0.142774321987973,-0.424531443628257,-0.133321332260077,0.914820206834237
1929,22588,"s074","m0",0.321696860532702,-0.136669569654824,0.00294693454416462,0.413194864761141
1930,22596,"s074","m0",0.248421853165491,-0.398783011014313,0.0496398405931078,0.520146327885858
1931,22601,"s074","m0",0.175607733523187,-0.505979882187955,-0.0122603749908418,0.776854847764233
1932,22612,"s074","m0",0.26065760993189,-0.523302970267786,0.00983855956929547,0.52620292052768
1933,22620,"s074","m0",0.237377908540225,-0.399891105266014,-0.0390262722044826,0.683367593592448
1934,22625,"s074","m0",0.229888904035354,-0.295201287156101,0.0168162990508051,0.772110628854671
1935,22652,"s074","m0",0.139294461007489,-0.586824916692915,-0.173789451400858,0.914410863979709
1936,22665,"s074","m0",0.112483643044617,-0.555374034979267,-0.246887104895039,0.814532611187709
1937,22668,"s074","m0",0.332333361879256,-0.332737600310936,0.127673919881764,0.391309662870833
1938,22672,"s074","m0",0.138225193755968,-0.629033702111909,-0.198200746036353,1.01133600512986
1939,22709,"s074","m0",0.109645210701423,-0.865447611677958,-0.0734599078851429,1.09359837093334
1940,22711,"s074","m0",0.287517320236371,-0.394416258547918,0.048674250716134,0.642235733499112
1941,22742,"s074","m0",0.254341926313408,-0.225728603479923,0.0218648043694154,0.804258251578289
1942,22743,"s074","m0",0.418627150687912,-0.192364824117993,0.270751900825732,0.172538642907516
1943,22759,"s074","m0",0.146866070218271,-0.496068078986009,-0.127669049329812,1.23291806968309
1944,22763,"s074","m0",0.251131341572903,-0.443238201817687,-0.024641726894305,0.623380078698173
1945,22766,"s074","m0",0.301663207012686,-0.259500200483701,0.0785068569467507,0.380083901695679
1946,22770,"s074","m0",0.292286752416503,-0.306059345766511,0.0564154674525902,0.419693421426826
1947,22779,"s074","m0",0.138738623398723,-0.579729285458453,-0.0503760414727025,0.969249462926271
1948,22794,"s074","m0",0.249623771186654,-0.39692042270919,-0.0121262486449068,0.68805705764889
1949,22801,"s074","m0",0.143683125948683,-0.538904086576871,-0.0599925589429782,0.800320755197253
1950,22807,"s074","m0",0.238943429787584,-0.43909651137934,0.137572991359061,0.781278984800168
1951,22819,"s074","m0",0.190999327077442,-0.637508146815264,-0.108102513048556,1.25496151195247
1952,22824,"s074","m0",0.237527757743228,-0.398965366452511,-0.0705056164360409,0.757847619793998
1953,22826,"s074","m0",0.242419537487921,-0.370779848140004,0.0166328867767204,0.780417517894574
1954,22839,"s074","m0",0.157850346310546,-0.416195274426568,-0.0318035418173892,0.9972618156773
1955,22840,"s074","m0",0.221743694450873,-0.2809461959643,0.0830139092494326,0.71927305911917
1956,22852,"s074","m0",0.335454497095621,-0.298206785570071,0.198405627223639,0.282464142193472
1957,22859,"s074","m0",0.166769271988019,-0.35966849517606,-0.0142431072908902,0.829702448584614
1958,22879,"s074","m0",0.203244364884834,-0.671010916717346,-0.061032864899718,0.795959205128916
1959,22895,"s074","m0",0.289329129049967,-0.49128693647847,0.127060516721294,0.528283850149525
1960,22915,"s074","m0",0.312927955703576,-0.485890328042902,0.0910602361858669,0.304446665091866
1961,22936,"s074","m0",0.138868511075811,-0.559976337438078,-0.0628279107412911,1.03714118366231
1962,22942,"s074","m0",0.165243781451014,-0.452924028435128,-0.0745729210522038,1.04129344645695
1963,22944,"s074","m0",0.303099078781222,-0.229949989159466,0.0788144282500482,0.491362480471801
1964,22946,"s074","m0",0.0867764023311748,-0.603721162907358,-0.117882784176164,1.14649664667016
1965,22948,"s074","m0",0.225085394826514,-0.430286638131284,-0.00476178102148357,0.833350955393934
1966,22970,"s074","m0",0.286288174669053,-0.341538656305278,0.0915471280402868,0.661872820900025
1967,22987,"s074","m0",0.244735082261539,-0.272887811199533,-0.00261069839913689,0.565452807135315
1968,22989,"s074","m0",0.21016294026838,-0.365787304826166,-0.198019421847771,0.852393832838633
1969,22994,"s074","m0",0.277303976487405,-0.536570361890935,0.00589866975468442,0.482576799104822
1970,23012,"s074","m0",0.269780224635363,-0.514803163351357,0.0738889686476132,0.557137747375335
1971,23027,"s074","m0",0.270854187850722,-0.311279919657506,0.0135549399538167,0.587270288927598
1972,23030,"s074","m0",0.187781107532412,-0.510127081468584,0.018251628168098,1.09157180787025
1973,23034,"s074","m0",0.0996504454525202,-0.645775102321145,-0.129926498620953,1.21305253167856
1974,23037,"s074","m0",0.272215068103634,-0.370656977208564,-0.0117134138973409,0.38357531422467
1975,23045,"s074","m0",0.37157644063556,-0.351461968263163,0.193411125785172,0.255066306042604
1976,23046,"s074","m0",0.248918991657806,-0.328412784051782,0.0767079103532605,0.642381093655358
1977,23047,"s074","m0",0.192516420296216,-0.364384008433788,-0.0961403075332687,0.715985429606509
1978,23058,"s074","m0",0.22012019282921,-0.41101739322186,0.0648272190945415,0.851033116410952
1979,23078,"s074","m0",0.447152810839564,-0.132634858720021,0.165319156655636,-0.118922485505059
1980,23091,"s074","m0",0.157563520198509,-0.369766240386975,-0.00778778187522492,0.946251518930897
1981,23125,"s074","m0",0.131695215901783,-0.721066881954932,-0.0858648950494004,1.27640718460939
1982,23152,"s074","m0",0.184419840249691,-0.551982245387211,-0.11371215632666,0.822166884688847
1983,23166,"s074","m0",0.28673377826943,-0.319218074933815,0.0993486083396508,0.598633206202585
1984,23170,"s074","m0",0.134622138388196,-0.64643902789251,0.0243155813425064,1.1176169770644
1985,23177,"s074","m0",0.24628565619058,-0.333176512065619,0.0107612076097034,0.349527049975541
1986,23198,"s074","m0",0.25075799793328,-0.297764233787885,0.0959948164445369,0.859814810482677
1987,23203,"s074","m0",0.181893221261943,-0.643767417928481,-0.170721590129847,0.753562761272268
1988,23213,"s074","m0",0.176168418754945,-0.440681387676787,-0.0836125124667254,1.12448917790601
1989,23214,"s074","m0",0.224951156639242,-0.38553339045854,0.027109925701291,0.806660110036707
1990,23218,"s074","m0",0.122758568697682,-0.754868395734061,-0.171382254012467,1.1121173999533
1991,23222,"s074","m0",0.123279132720489,-0.558057136123139,-0.0790530864867092,1.07326552270287
1992,23245,"s074","m0",0.212032697344154,-0.39038785345684,0.0489627800811957,0.833299866288509
1993,23253,"s074","m0",0.290234555102332,-0.535374121988832,0.0324708460869761,0.494413922155274
1994,23277,"s074","m0",0.248332850011278,-0.220393961168738,-0.0496250143804833,0.579555358924323
1995,23280,"s074","m0",0.116874592188966,-0.712374633922623,-0.185468171476506,1.00303063438691
1996,23310,"s074","m0",0.267959394381154,-0.525849893256309,0.0255362955041521,0.503030225599952
1997,23324,"s074","m0",0.336337424312772,-0.234716784559268,0.038999956655624,0.350692455201359
1998,23327,"s074","m0",0.141439023758308,-0.379605266069807,-0.090180612150437,1.22213217298351
1999,23330,"s074","m0",0.295667749011188,-0.165076243778678,0.164818185670675,0.873188806317869
2000,23336,"s074","m0",0.224643018071544,-0.436369350488649,-0.0633590664850099,0.611991965268507
2001,23343,"s074","m0",0.292180760604796,-0.373416043463346,0.0598752090865262,0.640303540439674
2002,23348,"s074","m0",0.324069365019282,-0.396924118515865,0.0597694615062408,0.245127689209539
2003,23359,"s074","m0",0.186978565025942,-0.526886006442901,-0.0223483979440413,1.0283763250121
2004,23377,"s074","m0",0.21132023714797,-0.371912702535703,0.0452795485820384,0.912794995088151
2005,23423,"s074","m0",0.350613234956974,-0.124805967110142,0.160047375626538,0.663593396052514
2006,23427,"s074","m0",0.226736035259618,-0.306915897563277,-0.0403894142689274,0.652354793379451
2007,23477,"s074","m0",0.271150541964003,-0.279322182959378,0.0159285454132265,0.546259542174119
2008,23498,"s074","m0",0.154864283468234,-0.578860050161313,-0.147418536372721,0.94949867910411
2009,23508,"s074","m0",0.194743301111168,-0.346100423123273,-0.042365961320422,1.06383433586869
2010,23574,"s074","m0",0.182776755951596,-0.443540812943072,0.0206263414130416,0.736796435129259
2011,23576,"s074","m0",0.211252662764469,-0.562433825908665,-0.0238657315709796,0.827094603386903
2012,23577,"s074","m0",0.210251169961314,-0.285018498330781,-0.00105314541036346,0.994272900412591
2013,23583,"s074","m0",0.226213653736456,-0.458806002626686,-0.0909143651078493,0.764139245288457
2014,23584,"s074","m0",0.312619429696033,-0.214321376240293,0.100281087788551,0.519006591238706
2015,23595,"s074","m0",0.208737426622747,-0.645945320667122,-0.0379958939620499,0.843983132672784
2016,23643,"s074","m0",0.177237055824609,-0.755533522290016,-0.0628121880918026,0.862362267858867
2017,23652,"s074","m0",0.149097028696836,-0.587814204085146,-0.0898119373674529,0.712917234450692
2018,23658,"s074","m0",0.174145612799714,-0.710091850073414,-0.0725399211176524,0.93334052197957
2019,23670,"s074","m0",0.0644054094223648,-0.61715800718053,-0.11368241709835,1.15777547428605
2020,23676,"s074","m0",0.247643873725045,-0.341495232684014,-0.0117811234229259,0.81123858519446
2021,23677,"s074","m0",0.243036358047677,-0.544919814221656,0.0410527077370547,0.724633371672763
2022,23682,"s074","m0",0.26731229772842,-0.33113872937553,-0.0114579852297025,0.49336694777692
2023,23685,"s074","m0",0.32929217555413,-0.231850350375833,0.0786368431123067,0.363877619260123
2024,23710,"s074","m0",0.290463566876485,-0.336547405104367,0.0589265648976271,0.650373318435078
2025,23736,"s074","m0",0.229990221168085,-0.279340860814941,0.0939893547067344,1.00879161893121
2026,23752,"s074","m0",0.246081573241837,-0.437384312872137,-0.0670577009706879,0.42140620488709
2027,23779,"s074","m0",0.188124201759073,-0.254922352008509,0.0756598224517396,0.936264262901245
2028,23780,"s074","m0",0.209076017466159,-0.355420921426923,0.00300833968173913,0.826073594826892
2029,23783,"s074","m0",0.171082869988534,-0.344762302112182,-0.0673003394774852,0.967010678403033
2030,23784,"s074","m0",0.190225895960801,-0.459972915524433,-0.0178962330290147,0.968318403234387
2031,23799,"s074","m0",0.202582301855695,-0.510783923453554,0.041785680720797,0.917912639084417
2032,23818,"s074","m0",0.276146609872946,-0.422340754302728,0.0234924350021797,0.533481547319876
2033,23825,"s074","m0",0.378227328733283,-0.120494485419942,0.196933825727509,0.303453674362386
2034,23855,"s074","m0",0.219952166454149,-0.471241332345931,-0.0239150501077307,0.901699279919256
2035,23856,"s074","m0",0.195665188282646,-0.453100512827502,0.0193872508537735,0.749108121940911
2036,23881,"s074","m0",0.278397374942507,-0.276643569377995,0.146563973273613,0.694398930899007
2037,23884,"s074","m0",0.307907217092451,-0.270882255682618,0.0371388663916735,0.501680641718829
2038,23889,"s074","m0",0.253046843103892,-0.451362584118172,0.0892583957454664,0.591309763514568
2039,23900,"s074","m0",0.0901363717510483,-0.568963392431027,0.00337604220932044,1.43111205625982
2040,23928,"s074","m0",0.273543812074008,-0.383253417226428,0.0658544431499011,0.620095272702129
2041,23936,"s074","m0",0.0759269610346444,-0.78989150187791,-0.168805028249897,1.28229901136441
2042,23939,"s074","m0",0.0919419830553794,-0.77136424120337,-0.0945267723260539,1.20310575790078
2043,23942,"s074","m0",0.339050225944584,-0.17035890602703,0.133939663483771,0.385301711826165
2044,23946,"s074","m0",0.139524862065206,-0.547620089367227,-0.0865749520190042,1.42148714975965
2045,23954,"s074","m0",0.23916820499869,-0.318917634815283,-0.0237541328445975,0.738968740090601
2046,23967,"s074","m0",0.155036155597608,-0.288874685622787,0.00955753989804662,0.971482908930084
2047,23979,"s074","m0",0.304124231607052,-0.233486168224906,0.115984508008433,0.546166486580966
2048,23995,"s074","m0",0.260638417736217,-0.368260423400359,0.0651630493105795,0.489142272921496
