Loading required package: StanHeaders

rstan version 2.32.7 (Stan version 2.32.2)

For execution on a local, multicore CPU with excess RAM we recommend calling
options(mc.cores = parallel::detectCores()).
To avoid recompilation of unchanged Stan programs, we recommend calling
rstan_options(auto_write = TRUE)
For within-chain threading using `reduce_sum()` or `map_rect()` Stan functions,
change `threads_per_chain` option:
rstan_options(threads_per_chain = 1)

Dataset: empirical 
Stan file: /Users/yimingzang/Documents/Project/benchmark2/benchmark/examples/diffusion/stan/rdm_4_models.stan 
Models: m0, m1, m2, m3 

Posterior draws exported per fit: 2048 

recompiling to avoid crashing R session
Assumed model: m0 (model_index = 0 )
Fitting p0.json, 1/17

SAMPLING FOR MODEL 'anon_model' NOW (CHAIN 1).
Chain 1: 
Chain 1: Gradient evaluation took 0.00022 seconds
Chain 1: 1000 transitions using 10 leapfrog steps per transition would take 2.2 seconds.
Chain 1: Adjust your expectations accordingly!
Chain 1: 
Chain 1: 
Chain 1: Iteration:     1 / 12000 [  0%]  (Warmup)

SAMPLING FOR MODEL 'anon_model' NOW (CHAIN 2).

SAMPLING FOR MODEL 'anon_model' NOW (CHAIN 3).
Chain 2: 
Chain 2: Gradient evaluation took 0.000205 seconds
Chain 2: 1000 transitions using 10 leapfrog steps per transition would take 2.05 seconds.
Chain 2: Adjust your expectations accordingly!
Chain 2: 
Chain 2: 
Chain 3: 
Chain 3: Gradient evaluation took 0.000224 seconds
Chain 3: 1000 transitions using 10 leapfrog steps per transition would take 2.24 seconds.
Chain 3: Adjust your expectations accordingly!
Chain 3: 
Chain 3: 

SAMPLING FOR MODEL 'anon_model' NOW (CHAIN 4).
Chain 4: 
Chain 4: Gradient evaluation took 0.000228 seconds
Chain 4: 1000 transitions using 10 leapfrog steps per transition would take 2.28 seconds.
Chain 4: Adjust your expectations accordingly!
Chain 4: 
Chain 4: 
Chain 2: Iteration:     1 / 12000 [  0%]  (Warmup)
Chain 3: Iteration:     1 / 12000 [  0%]  (Warmup)
Chain 4: Iteration:     1 / 12000 [  0%]  (Warmup)
Chain 4: Iteration:  1200 / 12000 [ 10%]  (Warmup)
Chain 1: Iteration:  1200 / 12000 [ 10%]  (Warmup)
Chain 3: Iteration:  1200 / 12000 [ 10%]  (Warmup)
Chain 2: Iteration:  1200 / 12000 [ 10%]  (Warmup)
Chain 4: Iteration:  2400 / 12000 [ 20%]  (Warmup)
Chain 1: Iteration:  2400 / 12000 [ 20%]  (Warmup)
Chain 3: Iteration:  2400 / 12000 [ 20%]  (Warmup)
Chain 2: Iteration:  2400 / 12000 [ 20%]  (Warmup)
Chain 4: Iteration:  3600 / 12000 [ 30%]  (Warmup)
Chain 1: Iteration:  3600 / 12000 [ 30%]  (Warmup)
Chain 3: Iteration:  3600 / 12000 [ 30%]  (Warmup)
Chain 2: Iteration:  3600 / 12000 [ 30%]  (Warmup)
Chain 4: Iteration:  4800 / 12000 [ 40%]  (Warmup)
Chain 1: Iteration:  4800 / 12000 [ 40%]  (Warmup)
Chain 3: Iteration:  4800 / 12000 [ 40%]  (Warmup)
Chain 2: Iteration:  4800 / 12000 [ 40%]  (Warmup)
Chain 4: Iteration:  6000 / 12000 [ 50%]  (Warmup)
Chain 4: Iteration:  6001 / 12000 [ 50%]  (Sampling)
Chain 1: Iteration:  6000 / 12000 [ 50%]  (Warmup)
Chain 1: Iteration:  6001 / 12000 [ 50%]  (Sampling)
Chain 3: Iteration:  6000 / 12000 [ 50%]  (Warmup)
Chain 3: Iteration:  6001 / 12000 [ 50%]  (Sampling)
Chain 2: Iteration:  6000 / 12000 [ 50%]  (Warmup)
Chain 2: Iteration:  6001 / 12000 [ 50%]  (Sampling)
Chain 3: Iteration:  7200 / 12000 [ 60%]  (Sampling)
Chain 4: Iteration:  7200 / 12000 [ 60%]  (Sampling)
Chain 1: Iteration:  7200 / 12000 [ 60%]  (Sampling)
Chain 3: Iteration:  8400 / 12000 [ 70%]  (Sampling)
Chain 1: Iteration:  8400 / 12000 [ 70%]  (Sampling)
Chain 4: Iteration:  8400 / 12000 [ 70%]  (Sampling)
Chain 2: Iteration:  7200 / 12000 [ 60%]  (Sampling)
Chain 3: Iteration:  9600 / 12000 [ 80%]  (Sampling)
Chain 1: Iteration:  9600 / 12000 [ 80%]  (Sampling)
Chain 4: Iteration:  9600 / 12000 [ 80%]  (Sampling)
Chain 3: Iteration: 10800 / 12000 [ 90%]  (Sampling)
Chain 1: Iteration: 10800 / 12000 [ 90%]  (Sampling)
Chain 2: Iteration:  8400 / 12000 [ 70%]  (Sampling)
Chain 3: Iteration: 12000 / 12000 [100%]  (Sampling)
Chain 3: 
Chain 3:  Elapsed Time: 29.78 seconds (Warm-up)
Chain 3:                21.358 seconds (Sampling)
Chain 3:                51.138 seconds (Total)
Chain 3: 
Chain 4: Iteration: 10800 / 12000 [ 90%]  (Sampling)
Chain 1: Iteration: 12000 / 12000 [100%]  (Sampling)
Chain 1: 
Chain 1:  Elapsed Time: 29.192 seconds (Warm-up)
Chain 1:                27.142 seconds (Sampling)
Chain 1:                56.334 seconds (Total)
Chain 1: 
Chain 4: Iteration: 12000 / 12000 [100%]  (Sampling)
Chain 4: 
Chain 4:  Elapsed Time: 28.905 seconds (Warm-up)
Chain 4:                28.265 seconds (Sampling)
Chain 4:                57.17 seconds (Total)
Chain 4: 
Chain 2: Iteration:  9600 / 12000 [ 80%]  (Sampling)
Chain 2: Iteration: 10800 / 12000 [ 90%]  (Sampling)
Chain 2: Iteration: 12000 / 12000 [100%]  (Sampling)
Chain 2: 
Chain 2:  Elapsed Time: 30.803 seconds (Warm-up)
Chain 2:                48.984 seconds (Sampling)
Chain 2:                79.787 seconds (Total)
Chain 2: 
Done!
Fitting p1.json, 2/17

SAMPLING FOR MODEL 'anon_model' NOW (CHAIN 1).
Chain 1: 
Chain 1: Gradient evaluation took 0.00024 seconds
Chain 1: 1000 transitions using 10 leapfrog steps per transition would take 2.4 seconds.
Chain 1: Adjust your expectations accordingly!
Chain 1: 
Chain 1: 

SAMPLING FOR MODEL 'anon_model' NOW (CHAIN 2).

SAMPLING FOR MODEL 'anon_model' NOW (CHAIN 3).
Chain 2: 
Chain 2: Gradient evaluation took 0.000227 seconds
Chain 2: 1000 transitions using 10 leapfrog steps per transition would take 2.27 seconds.
Chain 2: Adjust your expectations accordingly!
Chain 2: 
Chain 2: 
Chain 3: 
Chain 3: Gradient evaluation took 0.000228 seconds
Chain 3: 1000 transitions using 10 leapfrog steps per transition would take 2.28 seconds.
Chain 3: Adjust your expectations accordingly!
Chain 3: 
Chain 3: 
Chain 1: Iteration:     1 / 12000 [  0%]  (Warmup)

SAMPLING FOR MODEL 'anon_model' NOW (CHAIN 4).
Chain 4: 
Chain 4: Gradient evaluation took 0.000214 seconds
Chain 4: 1000 transitions using 10 leapfrog steps per transition would take 2.14 seconds.
Chain 4: Adjust your expectations accordingly!
Chain 4: 
Chain 4: 
Chain 3: Iteration:     1 / 12000 [  0%]  (Warmup)
Chain 2: Iteration:     1 / 12000 [  0%]  (Warmup)
Chain 4: Iteration:     1 / 12000 [  0%]  (Warmup)
Chain 4: Iteration:  1200 / 12000 [ 10%]  (Warmup)
Chain 1: Iteration:  1200 / 12000 [ 10%]  (Warmup)
Chain 3: Iteration:  1200 / 12000 [ 10%]  (Warmup)
Chain 2: Iteration:  1200 / 12000 [ 10%]  (Warmup)
Chain 3: Iteration:  2400 / 12000 [ 20%]  (Warmup)
Chain 1: Iteration:  2400 / 12000 [ 20%]  (Warmup)
Chain 4: Iteration:  2400 / 12000 [ 20%]  (Warmup)
Chain 2: Iteration:  2400 / 12000 [ 20%]  (Warmup)
Chain 1: Iteration:  3600 / 12000 [ 30%]  (Warmup)
Chain 3: Iteration:  3600 / 12000 [ 30%]  (Warmup)
Chain 4: Iteration:  3600 / 12000 [ 30%]  (Warmup)
Chain 2: Iteration:  3600 / 12000 [ 30%]  (Warmup)
Chain 1: Iteration:  4800 / 12000 [ 40%]  (Warmup)
Chain 4: Iteration:  4800 / 12000 [ 40%]  (Warmup)
Chain 3: Iteration:  4800 / 12000 [ 40%]  (Warmup)
Chain 2: Iteration:  4800 / 12000 [ 40%]  (Warmup)
Chain 1: Iteration:  6000 / 12000 [ 50%]  (Warmup)
Chain 1: Iteration:  6001 / 12000 [ 50%]  (Sampling)
Chain 4: Iteration:  6000 / 12000 [ 50%]  (Warmup)
Chain 4: Iteration:  6001 / 12000 [ 50%]  (Sampling)
Chain 3: Iteration:  6000 / 12000 [ 50%]  (Warmup)
Chain 3: Iteration:  6001 / 12000 [ 50%]  (Sampling)
Chain 2: Iteration:  6000 / 12000 [ 50%]  (Warmup)
Chain 2: Iteration:  6001 / 12000 [ 50%]  (Sampling)
Chain 1: Iteration:  7200 / 12000 [ 60%]  (Sampling)
Chain 2: Iteration:  7200 / 12000 [ 60%]  (Sampling)
Chain 4: Iteration:  7200 / 12000 [ 60%]  (Sampling)
Chain 3: Iteration:  7200 / 12000 [ 60%]  (Sampling)
Chain 1: Iteration:  8400 / 12000 [ 70%]  (Sampling)
Chain 2: Iteration:  8400 / 12000 [ 70%]  (Sampling)
Chain 4: Iteration:  8400 / 12000 [ 70%]  (Sampling)
Chain 1: Iteration:  9600 / 12000 [ 80%]  (Sampling)
Chain 2: Iteration:  9600 / 12000 [ 80%]  (Sampling)
Chain 3: Iteration:  8400 / 12000 [ 70%]  (Sampling)
Chain 4: Iteration:  9600 / 12000 [ 80%]  (Sampling)
Chain 2: Iteration: 10800 / 12000 [ 90%]  (Sampling)
Chain 1: Iteration: 10800 / 12000 [ 90%]  (Sampling)
Chain 4: Iteration: 10800 / 12000 [ 90%]  (Sampling)
Chain 2: Iteration: 12000 / 12000 [100%]  (Sampling)
Chain 2: 
Chain 2:  Elapsed Time: 31.705 seconds (Warm-up)
Chain 2:                30.773 seconds (Sampling)
Chain 2:                62.478 seconds (Total)
Chain 2: 
Chain 3: Iteration:  9600 / 12000 [ 80%]  (Sampling)
Chain 1: Iteration: 12000 / 12000 [100%]  (Sampling)
Chain 1: 
Chain 1:  Elapsed Time: 29.972 seconds (Warm-up)
Chain 1:                33.053 seconds (Sampling)
Chain 1:                63.025 seconds (Total)
Chain 1: 
Chain 4: Iteration: 12000 / 12000 [100%]  (Sampling)
Chain 4: 
Chain 4:  Elapsed Time: 30.351 seconds (Warm-up)
Chain 4:                36.686 seconds (Sampling)
Chain 4:                67.037 seconds (Total)
Chain 4: 
Chain 3: Iteration: 10800 / 12000 [ 90%]  (Sampling)
Chain 3: Iteration: 12000 / 12000 [100%]  (Sampling)
Chain 3: 
Chain 3:  Elapsed Time: 31.402 seconds (Warm-up)
Chain 3:                51.598 seconds (Sampling)
Chain 3:                83 seconds (Total)
Chain 3: 
Done!
Fitting p10.json, 3/17

SAMPLING FOR MODEL 'anon_model' NOW (CHAIN 1).
Chain 1: 
Chain 1: Gradient evaluation took 0.000227 seconds
Chain 1: 1000 transitions using 10 leapfrog steps per transition would take 2.27 seconds.
Chain 1: Adjust your expectations accordingly!
Chain 1: 
Chain 1: 

SAMPLING FOR MODEL 'anon_model' NOW (CHAIN 2).

SAMPLING FOR MODEL 'anon_model' NOW (CHAIN 3).
Chain 1: Iteration:     1 / 12000 [  0%]  (Warmup)
Chain 3: 
Chain 3: Gradient evaluation took 0.00023 seconds
Chain 3: 1000 transitions using 10 leapfrog steps per transition would take 2.3 seconds.
Chain 3: Adjust your expectations accordingly!
Chain 3: 
Chain 3: 
Chain 2: 
Chain 2: Gradient evaluation took 0.000205 seconds
Chain 2: 1000 transitions using 10 leapfrog steps per transition would take 2.05 seconds.
Chain 2: Adjust your expectations accordingly!
Chain 2: 
Chain 2: 

SAMPLING FOR MODEL 'anon_model' NOW (CHAIN 4).
Chain 4: 
Chain 4: Gradient evaluation took 0.000213 seconds
Chain 4: Chain 1000 transitions using 10 leapfrog steps per transition would take 2.13 seconds.3
: Chain Iteration:     1 / 12000 [  0%]  (Warmup)4
: Adjust your expectations accordingly!
Chain 2: Iteration:     1 / 12000 [  0%]  (Warmup)
Chain 4: 
Chain 4: 
Chain 4: Iteration:     1 / 12000 [  0%]  (Warmup)
Chain 1: Iteration:  1200 / 12000 [ 10%]  (Warmup)
Chain 3: Iteration:  1200 / 12000 [ 10%]  (Warmup)
Chain 4: Iteration:  1200 / 12000 [ 10%]  (Warmup)
Chain 2: Iteration:  1200 / 12000 [ 10%]  (Warmup)
Chain 1: Iteration:  2400 / 12000 [ 20%]  (Warmup)
Chain 4: Iteration:  2400 / 12000 [ 20%]  (Warmup)
Chain 3: Iteration:  2400 / 12000 [ 20%]  (Warmup)
Chain 2: Iteration:  2400 / 12000 [ 20%]  (Warmup)
Chain 1: Iteration:  3600 / 12000 [ 30%]  (Warmup)
Chain 4: Iteration:  3600 / 12000 [ 30%]  (Warmup)
Chain 2: Iteration:  3600 / 12000 [ 30%]  (Warmup)
Chain 3: Iteration:  3600 / 12000 [ 30%]  (Warmup)
Chain 1: Iteration:  4800 / 12000 [ 40%]  (Warmup)
Chain 4: Iteration:  4800 / 12000 [ 40%]  (Warmup)
Chain 2: Iteration:  4800 / 12000 [ 40%]  (Warmup)
Chain 3: Iteration:  4800 / 12000 [ 40%]  (Warmup)
Chain 1: Iteration:  6000 / 12000 [ 50%]  (Warmup)
Chain 1: Iteration:  6001 / 12000 [ 50%]  (Sampling)
Chain 4: Iteration:  6000 / 12000 [ 50%]  (Warmup)
Chain 4: Iteration:  6001 / 12000 [ 50%]  (Sampling)
Chain 2: Iteration:  6000 / 12000 [ 50%]  (Warmup)
Chain 2: Iteration:  6001 / 12000 [ 50%]  (Sampling)
Chain 3: Iteration:  6000 / 12000 [ 50%]  (Warmup)
Chain 3: Iteration:  6001 / 12000 [ 50%]  (Sampling)
Chain 4: Iteration:  7200 / 12000 [ 60%]  (Sampling)
Chain 1: Iteration:  7200 / 12000 [ 60%]  (Sampling)
Chain 2: Iteration:  7200 / 12000 [ 60%]  (Sampling)
Chain 3: Iteration:  7200 / 12000 [ 60%]  (Sampling)
Chain 4: Iteration:  8400 / 12000 [ 70%]  (Sampling)
Chain 1: Iteration:  8400 / 12000 [ 70%]  (Sampling)
Chain 4: Iteration:  9600 / 12000 [ 80%]  (Sampling)
Chain 2: Iteration:  8400 / 12000 [ 70%]  (Sampling)
Chain 3: Iteration:  8400 / 12000 [ 70%]  (Sampling)
Chain 1: Iteration:  9600 / 12000 [ 80%]  (Sampling)
Chain 4: Iteration: 10800 / 12000 [ 90%]  (Sampling)
Chain 2: Iteration:  9600 / 12000 [ 80%]  (Sampling)
Chain 3: Iteration:  9600 / 12000 [ 80%]  (Sampling)
Chain 4: Iteration: 12000 / 12000 [100%]  (Sampling)
Chain 4: 
Chain 4:  Elapsed Time: 35.652 seconds (Warm-up)
Chain 4:                28.429 seconds (Sampling)
Chain 4:                64.081 seconds (Total)
Chain 4: 
Chain 1: Iteration: 10800 / 12000 [ 90%]  (Sampling)
Chain 2: Iteration: 10800 / 12000 [ 90%]  (Sampling)
Chain 3: Iteration: 10800 / 12000 [ 90%]  (Sampling)
Chain 1: Iteration: 12000 / 12000 [100%]  (Sampling)
Chain 1: 
Chain 1:  Elapsed Time: 35.342 seconds (Warm-up)
Chain 1:                36.469 seconds (Sampling)
Chain 1:                71.811 seconds (Total)
Chain 1: 
Chain 2: Iteration: 12000 / 12000 [100%]  (Sampling)
Chain 2: 
Chain 2:  Elapsed Time: 36.589 seconds (Warm-up)
Chain 2:                41.457 seconds (Sampling)
Chain 2:                78.046 seconds (Total)
Chain 2: 
Chain 3: Iteration: 12000 / 12000 [100%]  (Sampling)
Chain 3: 
Chain 3:  Elapsed Time: 36.747 seconds (Warm-up)
Chain 3:                41.51 seconds (Sampling)
Chain 3:                78.257 seconds (Total)
Chain 3: 
Done!
Fitting p11.json, 4/17

SAMPLING FOR MODEL 'anon_model' NOW (CHAIN 1).
Chain 1: 
Chain 1: Gradient evaluation took 0.000238 seconds
Chain 1: 1000 transitions using 10 leapfrog steps per transition would take 2.38 seconds.
Chain 1: Adjust your expectations accordingly!
Chain 1: 
Chain 1: 

SAMPLING FOR MODEL 'anon_model' NOW (CHAIN 2).
Chain 2: 
Chain 2: Gradient evaluation took 0.000234 seconds
Chain 2: 1000 transitions using 10 leapfrog steps per transition would take 2.34 seconds.
Chain 2: Adjust your expectations accordingly!
Chain 2: 
Chain 2: 
Chain 1: Iteration:     1 / 12000 [  0%]  (Warmup)

SAMPLING FOR MODEL 'anon_model' NOW (CHAIN 3).
Chain 3: 
Chain 3: Gradient evaluation took 0.000223 seconds
Chain 3: 1000 transitions using 10 leapfrog steps per transition would take 2.23 seconds.
Chain 3: Adjust your expectations accordingly!
Chain 3: 
Chain 3: 
Chain 2: Iteration:     1 / 12000 [  0%]  (Warmup)

SAMPLING FOR MODEL 'anon_model' NOW (CHAIN 4).
Chain 4: 
Chain 4: Gradient evaluation took 0.000216 seconds
Chain 4: 1000 transitions using 10 leapfrog steps per transition would take 2.16 seconds.
Chain 4: Adjust your expectations accordingly!
Chain 4: 
Chain 4: 
Chain 3: Iteration:     1 / 12000 [  0%]  (Warmup)
Chain 4: Iteration:     1 / 12000 [  0%]  (Warmup)
Chain 1: Iteration:  1200 / 12000 [ 10%]  (Warmup)
Chain 4: Iteration:  1200 / 12000 [ 10%]  (Warmup)
Chain 3: Iteration:  1200 / 12000 [ 10%]  (Warmup)
Chain 2: Iteration:  1200 / 12000 [ 10%]  (Warmup)
Chain 1: Iteration:  2400 / 12000 [ 20%]  (Warmup)
Chain 4: Iteration:  2400 / 12000 [ 20%]  (Warmup)
Chain 3: Iteration:  2400 / 12000 [ 20%]  (Warmup)
Chain 2: Iteration:  2400 / 12000 [ 20%]  (Warmup)
Chain 4: Iteration:  3600 / 12000 [ 30%]  (Warmup)
Chain 1: Iteration:  3600 / 12000 [ 30%]  (Warmup)
Chain 3: Iteration:  3600 / 12000 [ 30%]  (Warmup)
Chain 2: Iteration:  3600 / 12000 [ 30%]  (Warmup)
Chain 4: Iteration:  4800 / 12000 [ 40%]  (Warmup)
Chain 1: Iteration:  4800 / 12000 [ 40%]  (Warmup)
Chain 3: Iteration:  4800 / 12000 [ 40%]  (Warmup)
Chain 2: Iteration:  4800 / 12000 [ 40%]  (Warmup)
Chain 4: Iteration:  6000 / 12000 [ 50%]  (Warmup)
Chain 4: Iteration:  6001 / 12000 [ 50%]  (Sampling)
Chain 1: Iteration:  6000 / 12000 [ 50%]  (Warmup)
Chain 1: Iteration:  6001 / 12000 [ 50%]  (Sampling)
Chain 3: Iteration:  6000 / 12000 [ 50%]  (Warmup)
Chain 3: Iteration:  6001 / 12000 [ 50%]  (Sampling)
Chain 2: Iteration:  6000 / 12000 [ 50%]  (Warmup)
Chain 2: Iteration:  6001 / 12000 [ 50%]  (Sampling)
Chain 1: Iteration:  7200 / 12000 [ 60%]  (Sampling)
Chain 4: Iteration:  7200 / 12000 [ 60%]  (Sampling)
Chain 3: Iteration:  7200 / 12000 [ 60%]  (Sampling)
Chain 1: Iteration:  8400 / 12000 [ 70%]  (Sampling)
Chain 3: Iteration:  8400 / 12000 [ 70%]  (Sampling)
Chain 4: Iteration:  8400 / 12000 [ 70%]  (Sampling)
Chain 2: Iteration:  7200 / 12000 [ 60%]  (Sampling)
Chain 1: Iteration:  9600 / 12000 [ 80%]  (Sampling)
Chain 3: Iteration:  9600 / 12000 [ 80%]  (Sampling)
Chain 4: Iteration:  9600 / 12000 [ 80%]  (Sampling)
Chain 1: Iteration: 10800 / 12000 [ 90%]  (Sampling)
Chain 2: Iteration:  8400 / 12000 [ 70%]  (Sampling)
Chain 3: Iteration: 10800 / 12000 [ 90%]  (Sampling)
Chain 1: Iteration: 12000 / 12000 [100%]  (Sampling)
Chain 1: 
Chain 1:  Elapsed Time: 25.961 seconds (Warm-up)
Chain 1:                21.942 seconds (Sampling)
Chain 1:                47.903 seconds (Total)
Chain 1: 
Chain 4: Iteration: 10800 / 12000 [ 90%]  (Sampling)
Chain 3: Iteration: 12000 / 12000 [100%]  (Sampling)
Chain 3: 
Chain 3:  Elapsed Time: 26.695 seconds (Warm-up)
Chain 3:                25.042 seconds (Sampling)
Chain 3:                51.737 seconds (Total)
Chain 3: 
Chain 4: Iteration: 12000 / 12000 [100%]  (Sampling)
Chain 4: 
Chain 4:  Elapsed Time: 25.213 seconds (Warm-up)
Chain 4:                29.252 seconds (Sampling)
Chain 4:                54.465 seconds (Total)
Chain 4: 
Chain 2: Iteration:  9600 / 12000 [ 80%]  (Sampling)
Chain 2: Iteration: 10800 / 12000 [ 90%]  (Sampling)
Chain 2: Iteration: 12000 / 12000 [100%]  (Sampling)
Chain 2: 
Chain 2:  Elapsed Time: 27.833 seconds (Warm-up)
Chain 2:                44.086 seconds (Sampling)
Chain 2:                71.919 seconds (Total)
Chain 2: 
Done!
Fitting p12.json, 5/17

SAMPLING FOR MODEL 'anon_model' NOW (CHAIN 1).
Chain 1: 
Chain 1: Gradient evaluation took 0.000234 seconds
Chain 1: 1000 transitions using 10 leapfrog steps per transition would take 2.34 seconds.
Chain 1: Adjust your expectations accordingly!
Chain 1: 
Chain 1: 

SAMPLING FOR MODEL 'anon_model' NOW (CHAIN 2).
Chain 2: 
Chain 2: Gradient evaluation took 0.000224 seconds
Chain 2: 1000 transitions using 10 leapfrog steps per transition would take 2.24 seconds.
Chain 2: Adjust your expectations accordingly!
Chain 2: 
Chain 2: 

SAMPLING FOR MODEL 'anon_model' NOW (CHAIN 3).
Chain 1: Iteration:     1 / 12000 [  0%]  (Warmup)
Chain 3: 
Chain 3: Gradient evaluation took 0.000237 seconds
Chain 3: 1000 transitions using 10 leapfrog steps per transition would take 2.37 seconds.
Chain 3: Adjust your expectations accordingly!
Chain 3: 
Chain 3: 
Chain 2: Iteration:     1 / 12000 [  0%]  (Warmup)

SAMPLING FOR MODEL 'anon_model' NOW (CHAIN 4).
Chain 4: 
Chain 4: Gradient evaluation took 0.00022 seconds
Chain 4: 1000 transitions using 10 leapfrog steps per transition would take 2.2 seconds.
Chain 4: Adjust your expectations accordingly!
Chain 4: 
Chain 4: 
Chain 3: Iteration:     1 / 12000 [  0%]  (Warmup)
Chain 4: Iteration:     1 / 12000 [  0%]  (Warmup)
Chain 1: Iteration:  1200 / 12000 [ 10%]  (Warmup)
Chain 3: Iteration:  1200 / 12000 [ 10%]  (Warmup)
Chain 4: Iteration:  1200 / 12000 [ 10%]  (Warmup)
Chain 2: Iteration:  1200 / 12000 [ 10%]  (Warmup)
Chain 1: Iteration:  2400 / 12000 [ 20%]  (Warmup)
Chain 3: Iteration:  2400 / 12000 [ 20%]  (Warmup)
Chain 4: Iteration:  2400 / 12000 [ 20%]  (Warmup)
Chain 2: Iteration:  2400 / 12000 [ 20%]  (Warmup)
Chain 1: Iteration:  3600 / 12000 [ 30%]  (Warmup)
Chain 3: Iteration:  3600 / 12000 [ 30%]  (Warmup)
Chain 4: Iteration:  3600 / 12000 [ 30%]  (Warmup)
Chain 2: Iteration:  3600 / 12000 [ 30%]  (Warmup)
Chain 1: Iteration:  4800 / 12000 [ 40%]  (Warmup)
Chain 3: Iteration:  4800 / 12000 [ 40%]  (Warmup)
Chain 4: Iteration:  4800 / 12000 [ 40%]  (Warmup)
Chain 2: Iteration:  4800 / 12000 [ 40%]  (Warmup)
Chain 1: Iteration:  6000 / 12000 [ 50%]  (Warmup)
Chain 1: Iteration:  6001 / 12000 [ 50%]  (Sampling)
Chain 3: Iteration:  6000 / 12000 [ 50%]  (Warmup)
Chain 3: Iteration:  6001 / 12000 [ 50%]  (Sampling)
Chain 4: Iteration:  6000 / 12000 [ 50%]  (Warmup)
Chain 4: Iteration:  6001 / 12000 [ 50%]  (Sampling)
Chain 2: Iteration:  6000 / 12000 [ 50%]  (Warmup)
Chain 2: Iteration:  6001 / 12000 [ 50%]  (Sampling)
Chain 1: Iteration:  7200 / 12000 [ 60%]  (Sampling)
Chain 2: Iteration:  7200 / 12000 [ 60%]  (Sampling)
Chain 3: Iteration:  7200 / 12000 [ 60%]  (Sampling)
Chain 4: Iteration:  7200 / 12000 [ 60%]  (Sampling)
Chain 2: Iteration:  8400 / 12000 [ 70%]  (Sampling)
Chain 1: Iteration:  8400 / 12000 [ 70%]  (Sampling)
Chain 3: Iteration:  8400 / 12000 [ 70%]  (Sampling)
Chain 4: Iteration:  8400 / 12000 [ 70%]  (Sampling)
Chain 2: Iteration:  9600 / 12000 [ 80%]  (Sampling)
Chain 1: Iteration:  9600 / 12000 [ 80%]  (Sampling)
Chain 3: Iteration:  9600 / 12000 [ 80%]  (Sampling)
Chain 4: Iteration:  9600 / 12000 [ 80%]  (Sampling)
Chain 2: Iteration: 10800 / 12000 [ 90%]  (Sampling)
Chain 3: Iteration: 10800 / 12000 [ 90%]  (Sampling)
Chain 1: Iteration: 10800 / 12000 [ 90%]  (Sampling)
Chain 4: Iteration: 10800 / 12000 [ 90%]  (Sampling)
Chain 2: Iteration: 12000 / 12000 [100%]  (Sampling)
Chain 2: 
Chain 2:  Elapsed Time: 26.954 seconds (Warm-up)
Chain 2:                20.596 seconds (Sampling)
Chain 2:                47.55 seconds (Total)
Chain 2: 
Chain 3: Iteration: 12000 / 12000 [100%]  (Sampling)
Chain 3: 
Chain 3:  Elapsed Time: 26.215 seconds (Warm-up)
Chain 3:                24.811 seconds (Sampling)
Chain 3:                51.026 seconds (Total)
Chain 3: 
Chain 1: Iteration: 12000 / 12000 [100%]  (Sampling)
Chain 1: 
Chain 1:  Elapsed Time: 25.726 seconds (Warm-up)
Chain 1:                25.443 seconds (Sampling)
Chain 1:                51.169 seconds (Total)
Chain 1: 
Chain 4: Iteration: 12000 / 12000 [100%]  (Sampling)
Chain 4: 
Chain 4:  Elapsed Time: 26.457 seconds (Warm-up)
Chain 4:                24.944 seconds (Sampling)
Chain 4:                51.401 seconds (Total)
Chain 4: 
Done!
Fitting p13.json, 6/17

SAMPLING FOR MODEL 'anon_model' NOW (CHAIN 1).
Chain 1: 
Chain 1: Gradient evaluation took 0.000425 seconds
Chain 1: 1000 transitions using 10 leapfrog steps per transition would take 4.25 seconds.
Chain 1: Adjust your expectations accordingly!
Chain 1: 
Chain 1: 

SAMPLING FOR MODEL 'anon_model' NOW (CHAIN 2).
Chain 1: Iteration:     1 / 12000 [  0%]  (Warmup)
Chain 2: 
Chain 2: Gradient evaluation took 0.00071 seconds
Chain 2: 1000 transitions using 10 leapfrog steps per transition would take 7.1 seconds.
Chain 2: Adjust your expectations accordingly!
Chain 2: 
Chain 2: 

SAMPLING FOR MODEL 'anon_model' NOW (CHAIN 3).
Chain 3: 
Chain 3: Gradient evaluation took 0.000251 seconds
Chain 3: 1000 transitions using 10 leapfrog steps per transition would take 2.51 seconds.
Chain 3: Adjust your expectations accordingly!
Chain 3: 
Chain 3: 

SAMPLING FOR MODEL 'anon_model' NOW (CHAIN 4).
Chain 2: Iteration:     1 / 12000 [  0%]  (Warmup)
Chain 4: 
Chain 4: Gradient evaluation took 0.000221 seconds
Chain 4: 1000 transitions using 10 leapfrog steps per transition would take 2.21 seconds.
Chain 4: Adjust your expectations accordingly!
Chain 4: 
Chain 4: 
Chain 3: Iteration:     1 / 12000 [  0%]  (Warmup)
Chain 4: Iteration:     1 / 12000 [  0%]  (Warmup)
Chain 1: Iteration:  1200 / 12000 [ 10%]  (Warmup)
Chain 4: Iteration:  1200 / 12000 [ 10%]  (Warmup)
Chain 2: Iteration:  1200 / 12000 [ 10%]  (Warmup)
Chain 3: Iteration:  1200 / 12000 [ 10%]  (Warmup)
Chain 1: Iteration:  2400 / 12000 [ 20%]  (Warmup)
Chain 4: Iteration:  2400 / 12000 [ 20%]  (Warmup)
Chain 3: Iteration:  2400 / 12000 [ 20%]  (Warmup)
Chain 2: Iteration:  2400 / 12000 [ 20%]  (Warmup)
Chain 1: Iteration:  3600 / 12000 [ 30%]  (Warmup)
Chain 2: Iteration:  3600 / 12000 [ 30%]  (Warmup)
Chain 3: Iteration:  3600 / 12000 [ 30%]  (Warmup)
Chain 4: Iteration:  3600 / 12000 [ 30%]  (Warmup)
Chain 1: Iteration:  4800 / 12000 [ 40%]  (Warmup)
Chain 3: Iteration:  4800 / 12000 [ 40%]  (Warmup)
Chain 2: Iteration:  4800 / 12000 [ 40%]  (Warmup)
Chain 4: Iteration:  4800 / 12000 [ 40%]  (Warmup)
Chain 1: Iteration:  6000 / 12000 [ 50%]  (Warmup)
Chain 1: Iteration:  6001 / 12000 [ 50%]  (Sampling)
Chain 3: Iteration:  6000 / 12000 [ 50%]  (Warmup)
Chain 3: Iteration:  6001 / 12000 [ 50%]  (Sampling)
Chain 4: Iteration:  6000 / 12000 [ 50%]  (Warmup)
Chain 4: Iteration:  6001 / 12000 [ 50%]  (Sampling)
Chain 2: Iteration:  6000 / 12000 [ 50%]  (Warmup)
Chain 2: Iteration:  6001 / 12000 [ 50%]  (Sampling)
Chain 4: Iteration:  7200 / 12000 [ 60%]  (Sampling)
Chain 3: Iteration:  7200 / 12000 [ 60%]  (Sampling)
Chain 1: Iteration:  7200 / 12000 [ 60%]  (Sampling)
Chain 2: Iteration:  7200 / 12000 [ 60%]  (Sampling)
Chain 4: Iteration:  8400 / 12000 [ 70%]  (Sampling)
Chain 4: Iteration:  9600 / 12000 [ 80%]  (Sampling)
Chain 3: Iteration:  8400 / 12000 [ 70%]  (Sampling)
Chain 2: Iteration:  8400 / 12000 [ 70%]  (Sampling)
Chain 1: Iteration:  8400 / 12000 [ 70%]  (Sampling)
Chain 4: Iteration: 10800 / 12000 [ 90%]  (Sampling)
Chain 3: Iteration:  9600 / 12000 [ 80%]  (Sampling)
Chain 2: Iteration:  9600 / 12000 [ 80%]  (Sampling)
Chain 4: Iteration: 12000 / 12000 [100%]  (Sampling)
Chain 4: 
Chain 4:  Elapsed Time: 28.33 seconds (Warm-up)
Chain 4:                25.861 seconds (Sampling)
Chain 4:                54.191 seconds (Total)
Chain 4: 
Chain 1: Iteration:  9600 / 12000 [ 80%]  (Sampling)
Chain 3: Iteration: 10800 / 12000 [ 90%]  (Sampling)
Chain 2: Iteration: 10800 / 12000 [ 90%]  (Sampling)
Chain 1: Iteration: 10800 / 12000 [ 90%]  (Sampling)
Chain 3: Iteration: 12000 / 12000 [100%]  (Sampling)
Chain 3: 
Chain 3:  Elapsed Time: 28.105 seconds (Warm-up)
Chain 3:                39.752 seconds (Sampling)
Chain 3:                67.857 seconds (Total)
Chain 3: 
Chain 2: Iteration: 12000 / 12000 [100%]  (Sampling)
Chain 2: 
Chain 2:  Elapsed Time: 28.371 seconds (Warm-up)
Chain 2:                42.195 seconds (Sampling)
Chain 2:                70.566 seconds (Total)
Chain 2: 
Chain 1: Iteration: 12000 / 12000 [100%]  (Sampling)
Chain 1: 
Chain 1:  Elapsed Time: 27.851 seconds (Warm-up)
Chain 1:                44.545 seconds (Sampling)
Chain 1:                72.396 seconds (Total)
Chain 1: 
Done!
Fitting p14.json, 7/17

SAMPLING FOR MODEL 'anon_model' NOW (CHAIN 1).

SAMPLING FOR MODEL 'anon_model' NOW (CHAIN 2).
Chain 1: 
Chain 1: Gradient evaluation took 0.000282 seconds
Chain 1: 1000 transitions using 10 leapfrog steps per transition would take 2.82 seconds.
Chain 1: Adjust your expectations accordingly!
Chain 1: 
Chain 1: 
Chain 2: 
Chain 2: Gradient evaluation took 0.000295 seconds
Chain 2: 1000 transitions using 10 leapfrog steps per transition would take 2.95 seconds.
Chain 2: Adjust your expectations accordingly!
Chain 2: 
Chain 2: 
Chain 1: Iteration:     1 / 12000 [  0%]  (Warmup)

SAMPLING FOR MODEL 'anon_model' NOW (CHAIN 3).
Chain 2: Iteration:     1 / 12000 [  0%]  (Warmup)
Chain 3: 
Chain 3: Gradient evaluation took 0.000267 seconds
Chain 3: 1000 transitions using 10 leapfrog steps per transition would take 2.67 seconds.
Chain 3: Adjust your expectations accordingly!
Chain 3: 
Chain 3: 

SAMPLING FOR MODEL 'anon_model' NOW (CHAIN 4).
Chain 3: Iteration:     1 / 12000 [  0%]  (Warmup)
Chain 4: 
Chain 4: Gradient evaluation took 0.000253 seconds
Chain 4: 1000 transitions using 10 leapfrog steps per transition would take 2.53 seconds.
Chain 4: Adjust your expectations accordingly!
Chain 4: 
Chain 4: 
Chain 4: Iteration:     1 / 12000 [  0%]  (Warmup)
Chain 4: Iteration:  1200 / 12000 [ 10%]  (Warmup)
Chain 3: Iteration:  1200 / 12000 [ 10%]  (Warmup)
Chain 2: Iteration:  1200 / 12000 [ 10%]  (Warmup)
Chain 1: Iteration:  1200 / 12000 [ 10%]  (Warmup)
Chain 4: Iteration:  2400 / 12000 [ 20%]  (Warmup)
Chain 3: Iteration:  2400 / 12000 [ 20%]  (Warmup)
Chain 2: Iteration:  2400 / 12000 [ 20%]  (Warmup)
Chain 1: Iteration:  2400 / 12000 [ 20%]  (Warmup)
Chain 4: Iteration:  3600 / 12000 [ 30%]  (Warmup)
Chain 3: Iteration:  3600 / 12000 [ 30%]  (Warmup)
Chain 1: Iteration:  3600 / 12000 [ 30%]  (Warmup)
Chain 2: Iteration:  3600 / 12000 [ 30%]  (Warmup)
Chain 4: Iteration:  4800 / 12000 [ 40%]  (Warmup)
Chain 1: Iteration:  4800 / 12000 [ 40%]  (Warmup)
Chain 3: Iteration:  4800 / 12000 [ 40%]  (Warmup)
Chain 2: Iteration:  4800 / 12000 [ 40%]  (Warmup)
Chain 1: Iteration:  6000 / 12000 [ 50%]  (Warmup)
Chain 1: Iteration:  6001 / 12000 [ 50%]  (Sampling)
Chain 4: Iteration:  6000 / 12000 [ 50%]  (Warmup)
Chain 4: Iteration:  6001 / 12000 [ 50%]  (Sampling)
Chain 3: Iteration:  6000 / 12000 [ 50%]  (Warmup)
Chain 3: Iteration:  6001 / 12000 [ 50%]  (Sampling)
Chain 2: Iteration:  6000 / 12000 [ 50%]  (Warmup)
Chain 2: Iteration:  6001 / 12000 [ 50%]  (Sampling)
Chain 1: Iteration:  7200 / 12000 [ 60%]  (Sampling)
Chain 4: Iteration:  7200 / 12000 [ 60%]  (Sampling)
Chain 3: Iteration:  7200 / 12000 [ 60%]  (Sampling)
Chain 4: Iteration:  8400 / 12000 [ 70%]  (Sampling)
Chain 1: Iteration:  8400 / 12000 [ 70%]  (Sampling)
Chain 2: Iteration:  7200 / 12000 [ 60%]  (Sampling)
Chain 3: Iteration:  8400 / 12000 [ 70%]  (Sampling)
Chain 4: Iteration:  9600 / 12000 [ 80%]  (Sampling)
Chain 1: Iteration:  9600 / 12000 [ 80%]  (Sampling)
Chain 3: Iteration:  9600 / 12000 [ 80%]  (Sampling)
Chain 4: Iteration: 10800 / 12000 [ 90%]  (Sampling)
Chain 1: Iteration: 10800 / 12000 [ 90%]  (Sampling)
Chain 2: Iteration:  8400 / 12000 [ 70%]  (Sampling)
Chain 3: Iteration: 10800 / 12000 [ 90%]  (Sampling)
Chain 4: Iteration: 12000 / 12000 [100%]  (Sampling)
Chain 4: 
Chain 4:  Elapsed Time: 26.949 seconds (Warm-up)
Chain 4:                23.672 seconds (Sampling)
Chain 4:                50.621 seconds (Total)
Chain 4: 
Chain 1: Iteration: 12000 / 12000 [100%]  (Sampling)
Chain 1: 
Chain 1:  Elapsed Time: 26.888 seconds (Warm-up)
Chain 1:                24.173 seconds (Sampling)
Chain 1:                51.061 seconds (Total)
Chain 1: 
Chain 3: Iteration: 12000 / 12000 [100%]  (Sampling)
Chain 3: 
Chain 3:  Elapsed Time: 27.293 seconds (Warm-up)
Chain 3:                25.068 seconds (Sampling)
Chain 3:                52.361 seconds (Total)
Chain 3: 
Chain 2: Iteration:  9600 / 12000 [ 80%]  (Sampling)
Chain 2: Iteration: 10800 / 12000 [ 90%]  (Sampling)
Chain 2: Iteration: 12000 / 12000 [100%]  (Sampling)
Chain 2: 
Chain 2:  Elapsed Time: 28.194 seconds (Warm-up)
Chain 2:                44.36 seconds (Sampling)
Chain 2:                72.554 seconds (Total)
Chain 2: 
Done!
Fitting p15.json, 8/17

SAMPLING FOR MODEL 'anon_model' NOW (CHAIN 1).
Chain 1: 
Chain 1: Gradient evaluation took 0.000259 seconds
Chain 1: 1000 transitions using 10 leapfrog steps per transition would take 2.59 seconds.
Chain 1: Adjust your expectations accordingly!
Chain 1: 
Chain 1: 

SAMPLING FOR MODEL 'anon_model' NOW (CHAIN 2).
Chain 2: 

SAMPLING FOR MODEL 'Chain 2: anon_model' NOW (CHAIN Gradient evaluation took 0.000221 seconds3
).
Chain 2: 1000 transitions using 10 leapfrog steps per transition would take 2.21 seconds.
Chain 2: Adjust your expectations accordingly!
Chain 2: 
Chain 2: 
Chain 1: Iteration:     1 / 12000 [  0%]  (Warmup)
Chain 3: 
Chain 3: Gradient evaluation took 0.000213 seconds
Chain 3: 1000 transitions using 10 leapfrog steps per transition would take 2.13 seconds.
Chain 3: Adjust your expectations accordingly!
Chain 3: 
Chain 3: 

SAMPLING FOR MODEL 'anon_model' NOW (CHAIN 4).
Chain 2: Iteration:     1 / 12000 [  0%]  (Warmup)
Chain 4: 
Chain 4: Gradient evaluation took 0.000216 seconds
Chain 4: 1000 transitions using 10 leapfrog steps per transition would take 2.16 seconds.
Chain 4: Adjust your expectations accordingly!
Chain 4: 
Chain 4: 
Chain 3: Iteration:     1 / 12000 [  0%]  (Warmup)
Chain 4: Iteration:     1 / 12000 [  0%]  (Warmup)
Chain 3: Iteration:  1200 / 12000 [ 10%]  (Warmup)
Chain 4: Iteration:  1200 / 12000 [ 10%]  (Warmup)
Chain 2: Iteration:  1200 / 12000 [ 10%]  (Warmup)
Chain 1: Iteration:  1200 / 12000 [ 10%]  (Warmup)
Chain 4: Iteration:  2400 / 12000 [ 20%]  (Warmup)
Chain 3: Iteration:  2400 / 12000 [ 20%]  (Warmup)
Chain 1: Iteration:  2400 / 12000 [ 20%]  (Warmup)
Chain 2: Iteration:  2400 / 12000 [ 20%]  (Warmup)
Chain 4: Iteration:  3600 / 12000 [ 30%]  (Warmup)
Chain 3: Iteration:  3600 / 12000 [ 30%]  (Warmup)
Chain 1: Iteration:  3600 / 12000 [ 30%]  (Warmup)
Chain 2: Iteration:  3600 / 12000 [ 30%]  (Warmup)
Chain 4: Iteration:  4800 / 12000 [ 40%]  (Warmup)
Chain 1: Iteration:  4800 / 12000 [ 40%]  (Warmup)
Chain 3: Iteration:  4800 / 12000 [ 40%]  (Warmup)
Chain 2: Iteration:  4800 / 12000 [ 40%]  (Warmup)
Chain 4: Iteration:  6000 / 12000 [ 50%]  (Warmup)
Chain 4: Iteration:  6001 / 12000 [ 50%]  (Sampling)
Chain 1: Iteration:  6000 / 12000 [ 50%]  (Warmup)
Chain 1: Iteration:  6001 / 12000 [ 50%]  (Sampling)
Chain 3: Iteration:  6000 / 12000 [ 50%]  (Warmup)
Chain 3: Iteration:  6001 / 12000 [ 50%]  (Sampling)
Chain 2: Iteration:  6000 / 12000 [ 50%]  (Warmup)
Chain 2: Iteration:  6001 / 12000 [ 50%]  (Sampling)
Chain 4: Iteration:  7200 / 12000 [ 60%]  (Sampling)
Chain 3: Iteration:  7200 / 12000 [ 60%]  (Sampling)
Chain 2: Iteration:  7200 / 12000 [ 60%]  (Sampling)
Chain 1: Iteration:  7200 / 12000 [ 60%]  (Sampling)
Chain 4: Iteration:  8400 / 12000 [ 70%]  (Sampling)
Chain 3: Iteration:  8400 / 12000 [ 70%]  (Sampling)
Chain 2: Iteration:  8400 / 12000 [ 70%]  (Sampling)
Chain 4: Iteration:  9600 / 12000 [ 80%]  (Sampling)
Chain 2: Iteration:  9600 / 12000 [ 80%]  (Sampling)
Chain 3: Iteration:  9600 / 12000 [ 80%]  (Sampling)
Chain 1: Iteration:  8400 / 12000 [ 70%]  (Sampling)
Chain 4: Iteration: 10800 / 12000 [ 90%]  (Sampling)
Chain 2: Iteration: 10800 / 12000 [ 90%]  (Sampling)
Chain 3: Iteration: 10800 / 12000 [ 90%]  (Sampling)
Chain 4: Iteration: 12000 / 12000 [100%]  (Sampling)
Chain 4: 
Chain 4:  Elapsed Time: 23.193 seconds (Warm-up)
Chain 4:                23.302 seconds (Sampling)
Chain 4:                46.495 seconds (Total)
Chain 4: 
Chain 1: Iteration:  9600 / 12000 [ 80%]  (Sampling)
Chain 2: Iteration: 12000 / 12000 [100%]  (Sampling)
Chain 2: 
Chain 2:  Elapsed Time: 24.23 seconds (Warm-up)
Chain 2:                23.781 seconds (Sampling)
Chain 2:                48.011 seconds (Total)
Chain 2: 
Chain 3: Iteration: 12000 / 12000 [100%]  (Sampling)
Chain 3: 
Chain 3:  Elapsed Time: 24.082 seconds (Warm-up)
Chain 3:                24.102 seconds (Sampling)
Chain 3:                48.184 seconds (Total)
Chain 3: 
Chain 1: Iteration: 10800 / 12000 [ 90%]  (Sampling)
Chain 1: Iteration: 12000 / 12000 [100%]  (Sampling)
Chain 1: 
Chain 1:  Elapsed Time: 24.062 seconds (Warm-up)
Chain 1:                39.491 seconds (Sampling)
Chain 1:                63.553 seconds (Total)
Chain 1: 
Done!
Fitting p16.json, 9/17

SAMPLING FOR MODEL 'anon_model' NOW (CHAIN 1).
Chain 1: 
Chain 1: Gradient evaluation took 0.000232 seconds
Chain 1: 1000 transitions using 10 leapfrog steps per transition would take 2.32 seconds.
Chain 1: Adjust your expectations accordingly!
Chain 1: 
Chain 1: 

SAMPLING FOR MODEL 'anon_model' NOW (CHAIN 2).
Chain 2: 
Chain 2: Gradient evaluation took 0.000231 seconds
Chain 2: 1000 transitions using 10 leapfrog steps per transition would take 2.31 seconds.
Chain 2: Adjust your expectations accordingly!
Chain 2: 
Chain 2: 
Chain 1: Iteration:     1 / 12000 [  0%]  (Warmup)

SAMPLING FOR MODEL 'anon_model' NOW (CHAIN 3).

SAMPLING FOR MODEL 'anon_model' NOW (CHAIN 4).
Chain 3: 
Chain 3: Gradient evaluation took 0.000224 seconds
Chain 3: 1000 transitions using 10 leapfrog steps per transition would take 2.24 seconds.
Chain 3: Adjust your expectations accordingly!
Chain 3: 
Chain 3: 
Chain 2: Iteration:     1 / 12000 [  0%]  (Warmup)
Chain 4: 
Chain 4: Gradient evaluation took 0.000235 seconds
Chain 4: 1000 transitions using 10 leapfrog steps per transition would take 2.35 seconds.
Chain 4: Adjust your expectations accordingly!
Chain 4: 
Chain 4: 
Chain 3: Iteration:     1 / 12000 [  0%]  (Warmup)
Chain 4: Iteration:     1 / 12000 [  0%]  (Warmup)
Chain 4: Iteration:  1200 / 12000 [ 10%]  (Warmup)
Chain 3: Iteration:  1200 / 12000 [ 10%]  (Warmup)
Chain 1: Iteration:  1200 / 12000 [ 10%]  (Warmup)
Chain 2: Iteration:  1200 / 12000 [ 10%]  (Warmup)
Chain 4: Iteration:  2400 / 12000 [ 20%]  (Warmup)
Chain 3: Iteration:  2400 / 12000 [ 20%]  (Warmup)
Chain 2: Iteration:  2400 / 12000 [ 20%]  (Warmup)
Chain 1: Iteration:  2400 / 12000 [ 20%]  (Warmup)
Chain 4: Iteration:  3600 / 12000 [ 30%]  (Warmup)
Chain 3: Iteration:  3600 / 12000 [ 30%]  (Warmup)
Chain 2: Iteration:  3600 / 12000 [ 30%]  (Warmup)
Chain 1: Iteration:  3600 / 12000 [ 30%]  (Warmup)
Chain 4: Iteration:  4800 / 12000 [ 40%]  (Warmup)
Chain 3: Iteration:  4800 / 12000 [ 40%]  (Warmup)
Chain 2: Iteration:  4800 / 12000 [ 40%]  (Warmup)
Chain 1: Iteration:  4800 / 12000 [ 40%]  (Warmup)
Chain 4: Iteration:  6000 / 12000 [ 50%]  (Warmup)
Chain 4: Iteration:  6001 / 12000 [ 50%]  (Sampling)
Chain 3: Iteration:  6000 / 12000 [ 50%]  (Warmup)
Chain 3: Iteration:  6001 / 12000 [ 50%]  (Sampling)
Chain 2: Iteration:  6000 / 12000 [ 50%]  (Warmup)
Chain 2: Iteration:  6001 / 12000 [ 50%]  (Sampling)
Chain 1: Iteration:  6000 / 12000 [ 50%]  (Warmup)
Chain 1: Iteration:  6001 / 12000 [ 50%]  (Sampling)
Chain 4: Iteration:  7200 / 12000 [ 60%]  (Sampling)
Chain 3: Iteration:  7200 / 12000 [ 60%]  (Sampling)
Chain 1: Iteration:  7200 / 12000 [ 60%]  (Sampling)
Chain 4: Iteration:  8400 / 12000 [ 70%]  (Sampling)
Chain 2: Iteration:  7200 / 12000 [ 60%]  (Sampling)
Chain 3: Iteration:  8400 / 12000 [ 70%]  (Sampling)
Chain 4: Iteration:  9600 / 12000 [ 80%]  (Sampling)
Chain 1: Iteration:  8400 / 12000 [ 70%]  (Sampling)
Chain 3: Iteration:  9600 / 12000 [ 80%]  (Sampling)
Chain 4: Iteration: 10800 / 12000 [ 90%]  (Sampling)
Chain 2: Iteration:  8400 / 12000 [ 70%]  (Sampling)
Chain 1: Iteration:  9600 / 12000 [ 80%]  (Sampling)
Chain 3: Iteration: 10800 / 12000 [ 90%]  (Sampling)
Chain 4: Iteration: 12000 / 12000 [100%]  (Sampling)
Chain 4: 
Chain 4:  Elapsed Time: 34.615 seconds (Warm-up)
Chain 4:                30.688 seconds (Sampling)
Chain 4:                65.303 seconds (Total)
Chain 4: 
Chain 1: Iteration: 10800 / 12000 [ 90%]  (Sampling)
Chain 3: Iteration: 12000 / 12000 [100%]  (Sampling)
Chain 3: 
Chain 3:  Elapsed Time: 34.647 seconds (Warm-up)
Chain 3:                36.409 seconds (Sampling)
Chain 3:                71.056 seconds (Total)
Chain 3: 
Chain 2: Iteration:  9600 / 12000 [ 80%]  (Sampling)
Chain 1: Iteration: 12000 / 12000 [100%]  (Sampling)
Chain 1: 
Chain 1:  Elapsed Time: 37.335 seconds (Warm-up)
Chain 1:                39.398 seconds (Sampling)
Chain 1:                76.733 seconds (Total)
Chain 1: 
Chain 2: Iteration: 10800 / 12000 [ 90%]  (Sampling)
Chain 2: Iteration: 12000 / 12000 [100%]  (Sampling)
Chain 2: 
Chain 2:  Elapsed Time: 35.607 seconds (Warm-up)
Chain 2:                59.965 seconds (Sampling)
Chain 2:                95.572 seconds (Total)
Chain 2: 
Done!
Fitting p2.json, 10/17

SAMPLING FOR MODEL 'anon_model' NOW (CHAIN 1).
Chain 1: 
Chain 1: Gradient evaluation took 0.00025 seconds
Chain 1: 1000 transitions using 10 leapfrog steps per transition would take 2.5 seconds.
Chain 1: Adjust your expectations accordingly!
Chain 1: 
Chain 1: 

SAMPLING FOR MODEL 'anon_model' NOW (CHAIN 2).
Chain 2: 
Chain 2: Gradient evaluation took 0.000221 seconds
Chain 2: 1000 transitions using 10 leapfrog steps per transition would take 2.21 seconds.
Chain 2: Adjust your expectations accordingly!
Chain 2: 
Chain 2: 

SAMPLING FOR MODEL 'anon_model' NOW (CHAIN 3).
Chain 1: Iteration:     1 / 12000 [  0%]  (Warmup)
Chain 3: 
Chain 3: Gradient evaluation took 0.000224 seconds
Chain 3: 1000 transitions using 10 leapfrog steps per transition would take 2.24 seconds.
Chain 3: Adjust your expectations accordingly!
Chain 3: 
Chain 3: 
Chain 2: Iteration:     1 / 12000 [  0%]  (Warmup)

SAMPLING FOR MODEL 'anon_model' NOW (CHAIN 4).
Chain 3: Iteration:     1 / 12000 [  0%]  (Warmup)
Chain 4: 
Chain 4: Gradient evaluation took 0.000221 seconds
Chain 4: 1000 transitions using 10 leapfrog steps per transition would take 2.21 seconds.
Chain 4: Adjust your expectations accordingly!
Chain 4: 
Chain 4: 
Chain 4: Iteration:     1 / 12000 [  0%]  (Warmup)
Chain 4: Iteration:  1200 / 12000 [ 10%]  (Warmup)
Chain 2: Iteration:  1200 / 12000 [ 10%]  (Warmup)
Chain 3: Iteration:  1200 / 12000 [ 10%]  (Warmup)
Chain 1: Iteration:  1200 / 12000 [ 10%]  (Warmup)
Chain 4: Iteration:  2400 / 12000 [ 20%]  (Warmup)
Chain 2: Iteration:  2400 / 12000 [ 20%]  (Warmup)
Chain 3: Iteration:  2400 / 12000 [ 20%]  (Warmup)
Chain 1: Iteration:  2400 / 12000 [ 20%]  (Warmup)
Chain 4: Iteration:  3600 / 12000 [ 30%]  (Warmup)
Chain 2: Iteration:  3600 / 12000 [ 30%]  (Warmup)
Chain 3: Iteration:  3600 / 12000 [ 30%]  (Warmup)
Chain 1: Iteration:  3600 / 12000 [ 30%]  (Warmup)
Chain 4: Iteration:  4800 / 12000 [ 40%]  (Warmup)
Chain 2: Iteration:  4800 / 12000 [ 40%]  (Warmup)
Chain 3: Iteration:  4800 / 12000 [ 40%]  (Warmup)
Chain 1: Iteration:  4800 / 12000 [ 40%]  (Warmup)
Chain 4: Iteration:  6000 / 12000 [ 50%]  (Warmup)
Chain 4: Iteration:  6001 / 12000 [ 50%]  (Sampling)
Chain 2: Iteration:  6000 / 12000 [ 50%]  (Warmup)
Chain 2: Iteration:  6001 / 12000 [ 50%]  (Sampling)
Chain 3: Iteration:  6000 / 12000 [ 50%]  (Warmup)
Chain 3: Iteration:  6001 / 12000 [ 50%]  (Sampling)
Chain 1: Iteration:  6000 / 12000 [ 50%]  (Warmup)
Chain 1: Iteration:  6001 / 12000 [ 50%]  (Sampling)
Chain 3: Iteration:  7200 / 12000 [ 60%]  (Sampling)
Chain 4: Iteration:  7200 / 12000 [ 60%]  (Sampling)
Chain 2: Iteration:  7200 / 12000 [ 60%]  (Sampling)
Chain 3: Iteration:  8400 / 12000 [ 70%]  (Sampling)
Chain 1: Iteration:  7200 / 12000 [ 60%]  (Sampling)
Chain 4: Iteration:  8400 / 12000 [ 70%]  (Sampling)
Chain 2: Iteration:  8400 / 12000 [ 70%]  (Sampling)
Chain 3: Iteration:  9600 / 12000 [ 80%]  (Sampling)
Chain 4: Iteration:  9600 / 12000 [ 80%]  (Sampling)
Chain 3: Iteration: 10800 / 12000 [ 90%]  (Sampling)
Chain 1: Iteration:  8400 / 12000 [ 70%]  (Sampling)
Chain 2: Iteration:  9600 / 12000 [ 80%]  (Sampling)
Chain 4: Iteration: 10800 / 12000 [ 90%]  (Sampling)
Chain 3: Iteration: 12000 / 12000 [100%]  (Sampling)
Chain 3: 
Chain 3:  Elapsed Time: 31.679 seconds (Warm-up)
Chain 3:                26.778 seconds (Sampling)
Chain 3:                58.457 seconds (Total)
Chain 3: 
Chain 2: Iteration: 10800 / 12000 [ 90%]  (Sampling)
Chain 1: Iteration:  9600 / 12000 [ 80%]  (Sampling)
Chain 4: Iteration: 12000 / 12000 [100%]  (Sampling)
Chain 4: 
Chain 4:  Elapsed Time: 30.285 seconds (Warm-up)
Chain 4:                34.21 seconds (Sampling)
Chain 4:                64.495 seconds (Total)
Chain 4: 
Chain 2: Iteration: 12000 / 12000 [100%]  (Sampling)
Chain 2: 
Chain 2:  Elapsed Time: 31.304 seconds (Warm-up)
Chain 2:                40.431 seconds (Sampling)
Chain 2:                71.735 seconds (Total)
Chain 2: 
Chain 1: Iteration: 10800 / 12000 [ 90%]  (Sampling)
Chain 1: Iteration: 12000 / 12000 [100%]  (Sampling)
Chain 1: 
Chain 1:  Elapsed Time: 33.187 seconds (Warm-up)
Chain 1:                50.755 seconds (Sampling)
Chain 1:                83.942 seconds (Total)
Chain 1: 
Done!
Fitting p3.json, 11/17

SAMPLING FOR MODEL 'anon_model' NOW (CHAIN 1).
Chain 1: 
Chain 1: Gradient evaluation took 0.000231 seconds
Chain 1: 1000 transitions using 10 leapfrog steps per transition would take 2.31 seconds.
Chain 1: Adjust your expectations accordingly!
Chain 1: 
Chain 1: 

SAMPLING FOR MODEL 'anon_model' NOW (CHAIN 2).
Chain 1: Iteration:     1 / 12000 [  0%]  (Warmup)
Chain 2: 
Chain 2: Gradient evaluation took 0.000223 seconds
Chain 2: 1000 transitions using 10 leapfrog steps per transition would take 2.23 seconds.
Chain 2: Adjust your expectations accordingly!
Chain 2: 
Chain 2: 

SAMPLING FOR MODEL 'anon_model' NOW (CHAIN 3).
Chain 3: 
Chain 3: Gradient evaluation took 0.000234 seconds
Chain 3: 1000 transitions using 10 leapfrog steps per transition would take 2.34 seconds.
Chain 3: Adjust your expectations accordingly!
Chain 3: 
Chain 3: 
Chain 2: Iteration:     1 / 12000 [  0%]  (Warmup)

SAMPLING FOR MODEL 'anon_model' NOW (CHAIN 4).
Chain 3: Iteration:     1 / 12000 [  0%]  (Warmup)
Chain 4: 
Chain 4: Gradient evaluation took 0.000609 seconds
Chain 4: 1000 transitions using 10 leapfrog steps per transition would take 6.09 seconds.
Chain 4: Adjust your expectations accordingly!
Chain 4: 
Chain 4: 
Chain 4: Iteration:     1 / 12000 [  0%]  (Warmup)
Chain 1: Iteration:  1200 / 12000 [ 10%]  (Warmup)
Chain 2: Iteration:  1200 / 12000 [ 10%]  (Warmup)
Chain 3: Iteration:  1200 / 12000 [ 10%]  (Warmup)
Chain 4: Iteration:  1200 / 12000 [ 10%]  (Warmup)
Chain 2: Iteration:  2400 / 12000 [ 20%]  (Warmup)
Chain 1: Iteration:  2400 / 12000 [ 20%]  (Warmup)
Chain 4: Iteration:  2400 / 12000 [ 20%]  (Warmup)
Chain 3: Iteration:  2400 / 12000 [ 20%]  (Warmup)
Chain 2: Iteration:  3600 / 12000 [ 30%]  (Warmup)
Chain 1: Iteration:  3600 / 12000 [ 30%]  (Warmup)
Chain 3: Iteration:  3600 / 12000 [ 30%]  (Warmup)
Chain 4: Iteration:  3600 / 12000 [ 30%]  (Warmup)
Chain 2: Iteration:  4800 / 12000 [ 40%]  (Warmup)
Chain 1: Iteration:  4800 / 12000 [ 40%]  (Warmup)
Chain 3: Iteration:  4800 / 12000 [ 40%]  (Warmup)
Chain 4: Iteration:  4800 / 12000 [ 40%]  (Warmup)
Chain 3: Iteration:  6000 / 12000 [ 50%]  (Warmup)
Chain 3: Iteration:  6001 / 12000 [ 50%]  (Sampling)
Chain 2: Iteration:  6000 / 12000 [ 50%]  (Warmup)
Chain 2: Iteration:  6001 / 12000 [ 50%]  (Sampling)
Chain 1: Iteration:  6000 / 12000 [ 50%]  (Warmup)
Chain 1: Iteration:  6001 / 12000 [ 50%]  (Sampling)
Chain 4: Iteration:  6000 / 12000 [ 50%]  (Warmup)
Chain 4: Iteration:  6001 / 12000 [ 50%]  (Sampling)
Chain 3: Iteration:  7200 / 12000 [ 60%]  (Sampling)
Chain 2: Iteration:  7200 / 12000 [ 60%]  (Sampling)
Chain 4: Iteration:  7200 / 12000 [ 60%]  (Sampling)
Chain 3: Iteration:  8400 / 12000 [ 70%]  (Sampling)
Chain 1: Iteration:  7200 / 12000 [ 60%]  (Sampling)
Chain 3: Iteration:  9600 / 12000 [ 80%]  (Sampling)
Chain 2: Iteration:  8400 / 12000 [ 70%]  (Sampling)
Chain 4: Iteration:  8400 / 12000 [ 70%]  (Sampling)
Chain 1: Iteration:  8400 / 12000 [ 70%]  (Sampling)
Chain 3: Iteration: 10800 / 12000 [ 90%]  (Sampling)
Chain 3: Iteration: 12000 / 12000 [100%]  (Sampling)
Chain 3: 
Chain 3:  Elapsed Time: 29.164 seconds (Warm-up)
Chain 3:                26.542 seconds (Sampling)
Chain 3:                55.706 seconds (Total)
Chain 3: 
Chain 4: Iteration:  9600 / 12000 [ 80%]  (Sampling)
Chain 2: Iteration:  9600 / 12000 [ 80%]  (Sampling)
Chain 1: Iteration:  9600 / 12000 [ 80%]  (Sampling)
Chain 4: Iteration: 10800 / 12000 [ 90%]  (Sampling)
Chain 2: Iteration: 10800 / 12000 [ 90%]  (Sampling)
Chain 1: Iteration: 10800 / 12000 [ 90%]  (Sampling)
Chain 4: Iteration: 12000 / 12000 [100%]  (Sampling)
Chain 4: 
Chain 4:  Elapsed Time: 30.246 seconds (Warm-up)
Chain 4:                45.01 seconds (Sampling)
Chain 4:                75.256 seconds (Total)
Chain 4: 
Chain 2: Iteration: 12000 / 12000 [100%]  (Sampling)
Chain 2: 
Chain 2:  Elapsed Time: 29.436 seconds (Warm-up)
Chain 2:                47.12 seconds (Sampling)
Chain 2:                76.556 seconds (Total)
Chain 2: 
Chain 1: Iteration: 12000 / 12000 [100%]  (Sampling)
Chain 1: 
Chain 1:  Elapsed Time: 29.761 seconds (Warm-up)
Chain 1:                49.682 seconds (Sampling)
Chain 1:                79.443 seconds (Total)
Chain 1: 
Done!
Fitting p4.json, 12/17

SAMPLING FOR MODEL 'anon_model' NOW (CHAIN 1).
Chain 1: 
Chain 1: Gradient evaluation took 0.000283 seconds
Chain 1: 1000 transitions using 10 leapfrog steps per transition would take 2.83 seconds.
Chain 1: Adjust your expectations accordingly!
Chain 1: 
Chain 1: 

SAMPLING FOR MODEL 'anon_model' NOW (CHAIN 2).
Chain 1: Iteration:     1 / 12000 [  0%]  (Warmup)
Chain 2: 
Chain 2: Gradient evaluation took 0.000236 seconds
Chain 2: 1000 transitions using 10 leapfrog steps per transition would take 2.36 seconds.
Chain 2: Adjust your expectations accordingly!
Chain 2: 
Chain 2: 

SAMPLING FOR MODEL 'anon_model' NOW (CHAIN 3).
Chain 3: 
Chain 3: Gradient evaluation took 0.000321 seconds
Chain 3: 1000 transitions using 10 leapfrog steps per transition would take 3.21 seconds.
Chain 3: Adjust your expectations accordingly!
Chain 3: 
Chain 3: 
Chain 2: Iteration:     1 / 12000 [  0%]  (Warmup)

SAMPLING FOR MODEL 'anon_model' NOW (CHAIN 4).
Chain 3: Iteration:     1 / 12000 [  0%]  (Warmup)
Chain 4: 
Chain 4: Gradient evaluation took 0.00023 seconds
Chain 4: 1000 transitions using 10 leapfrog steps per transition would take 2.3 seconds.
Chain 4: Adjust your expectations accordingly!
Chain 4: 
Chain 4: 
Chain 4: Iteration:     1 / 12000 [  0%]  (Warmup)
Chain 2: Iteration:  1200 / 12000 [ 10%]  (Warmup)
Chain 3: Iteration:  1200 / 12000 [ 10%]  (Warmup)
Chain 4: Iteration:  1200 / 12000 [ 10%]  (Warmup)
Chain 1: Iteration:  1200 / 12000 [ 10%]  (Warmup)
Chain 2: Iteration:  2400 / 12000 [ 20%]  (Warmup)
Chain 3: Iteration:  2400 / 12000 [ 20%]  (Warmup)
Chain 4: Iteration:  2400 / 12000 [ 20%]  (Warmup)
Chain 1: Iteration:  2400 / 12000 [ 20%]  (Warmup)
Chain 2: Iteration:  3600 / 12000 [ 30%]  (Warmup)
Chain 4: Iteration:  3600 / 12000 [ 30%]  (Warmup)
Chain 3: Iteration:  3600 / 12000 [ 30%]  (Warmup)
Chain 1: Iteration:  3600 / 12000 [ 30%]  (Warmup)
Chain 2: Iteration:  4800 / 12000 [ 40%]  (Warmup)
Chain 4: Iteration:  4800 / 12000 [ 40%]  (Warmup)
Chain 3: Iteration:  4800 / 12000 [ 40%]  (Warmup)
Chain 1: Iteration:  4800 / 12000 [ 40%]  (Warmup)
Chain 2: Iteration:  6000 / 12000 [ 50%]  (Warmup)
Chain 2: Iteration:  6001 / 12000 [ 50%]  (Sampling)
Chain 4: Iteration:  6000 / 12000 [ 50%]  (Warmup)
Chain 4: Iteration:  6001 / 12000 [ 50%]  (Sampling)
Chain 3: Iteration:  6000 / 12000 [ 50%]  (Warmup)
Chain 3: Iteration:  6001 / 12000 [ 50%]  (Sampling)
Chain 1: Iteration:  6000 / 12000 [ 50%]  (Warmup)
Chain 1: Iteration:  6001 / 12000 [ 50%]  (Sampling)
Chain 2: Iteration:  7200 / 12000 [ 60%]  (Sampling)
Chain 1: Iteration:  7200 / 12000 [ 60%]  (Sampling)
Chain 2: Iteration:  8400 / 12000 [ 70%]  (Sampling)
Chain 4: Iteration:  7200 / 12000 [ 60%]  (Sampling)
Chain 3: Iteration:  7200 / 12000 [ 60%]  (Sampling)
Chain 1: Iteration:  8400 / 12000 [ 70%]  (Sampling)
Chain 2: Iteration:  9600 / 12000 [ 80%]  (Sampling)
Chain 1: Iteration:  9600 / 12000 [ 80%]  (Sampling)
Chain 2: Iteration: 10800 / 12000 [ 90%]  (Sampling)
Chain 4: Iteration:  8400 / 12000 [ 70%]  (Sampling)
Chain 3: Iteration:  8400 / 12000 [ 70%]  (Sampling)
Chain 1: Iteration: 10800 / 12000 [ 90%]  (Sampling)
Chain 2: Iteration: 12000 / 12000 [100%]  (Sampling)
Chain 2: 
Chain 2:  Elapsed Time: 39.155 seconds (Warm-up)
Chain 2:                33.464 seconds (Sampling)
Chain 2:                72.619 seconds (Total)
Chain 2: 
Chain 1: Iteration: 12000 / 12000 [100%]  (Sampling)
Chain 1: 
Chain 1:  Elapsed Time: 40.153 seconds (Warm-up)
Chain 1:                36.032 seconds (Sampling)
Chain 1:                76.185 seconds (Total)
Chain 1: 
Chain 4: Iteration:  9600 / 12000 [ 80%]  (Sampling)
Chain 3: Iteration:  9600 / 12000 [ 80%]  (Sampling)
Chain 4: Iteration: 10800 / 12000 [ 90%]  (Sampling)
Chain 3: Iteration: 10800 / 12000 [ 90%]  (Sampling)
Chain 4: Iteration: 12000 / 12000 [100%]  (Sampling)
Chain 4: 
Chain 4:  Elapsed Time: 39.914 seconds (Warm-up)
Chain 4:                63.864 seconds (Sampling)
Chain 4:                103.778 seconds (Total)
Chain 4: 
Chain 3: Iteration: 12000 / 12000 [100%]  (Sampling)
Chain 3: 
Chain 3:  Elapsed Time: 40.065 seconds (Warm-up)
Chain 3:                65.229 seconds (Sampling)
Chain 3:                105.294 seconds (Total)
Chain 3: 
Done!
Fitting p5.json, 13/17

SAMPLING FOR MODEL 'anon_model' NOW (CHAIN 1).
Chain 1: 
Chain 1: Gradient evaluation took 0.000234 seconds
Chain 1: 1000 transitions using 10 leapfrog steps per transition would take 2.34 seconds.
Chain 1: Adjust your expectations accordingly!
Chain 1: 
Chain 1: 

SAMPLING FOR MODEL 'anon_model' NOW (CHAIN 2).
Chain 2: 
Chain 2: Gradient evaluation took 0.000226 seconds
Chain 2: 1000 transitions using 10 leapfrog steps per transition would take 2.26 seconds.
Chain 2: Adjust your expectations accordingly!
Chain 2: 
Chain 2: 
Chain 1: Iteration:     1 / 12000 [  0%]  (Warmup)
Chain 2: Iteration:     1 / 12000 [  0%]  (Warmup)

SAMPLING FOR MODEL 'anon_model' NOW (CHAIN 3).
Chain 3: 
Chain 3: Gradient evaluation took 0.000227 seconds
Chain 3: 1000 transitions using 10 leapfrog steps per transition would take 2.27 seconds.
Chain 3: Adjust your expectations accordingly!
Chain 3: 
Chain 3: 

SAMPLING FOR MODEL 'anon_model' NOW (CHAIN 4).
Chain 4: 
Chain 4: Gradient evaluation took 0.000213 seconds
Chain 4: 1000 transitions using 10 leapfrog steps per transition would take 2.13 seconds.
Chain 4: Adjust your expectations accordingly!
Chain 4: 
Chain 4: 
Chain 3: Iteration:     1 / 12000 [  0%]  (Warmup)
Chain 4: Iteration:     1 / 12000 [  0%]  (Warmup)
Chain 4: Iteration:  1200 / 12000 [ 10%]  (Warmup)
Chain 1: Iteration:  1200 / 12000 [ 10%]  (Warmup)
Chain 2: Iteration:  1200 / 12000 [ 10%]  (Warmup)
Chain 3: Iteration:  1200 / 12000 [ 10%]  (Warmup)
Chain 4: Iteration:  2400 / 12000 [ 20%]  (Warmup)
Chain 1: Iteration:  2400 / 12000 [ 20%]  (Warmup)
Chain 2: Iteration:  2400 / 12000 [ 20%]  (Warmup)
Chain 3: Iteration:  2400 / 12000 [ 20%]  (Warmup)
Chain 4: Iteration:  3600 / 12000 [ 30%]  (Warmup)
Chain 1: Iteration:  3600 / 12000 [ 30%]  (Warmup)
Chain 3: Iteration:  3600 / 12000 [ 30%]  (Warmup)
Chain 2: Iteration:  3600 / 12000 [ 30%]  (Warmup)
Chain 4: Iteration:  4800 / 12000 [ 40%]  (Warmup)
Chain 1: Iteration:  4800 / 12000 [ 40%]  (Warmup)
Chain 3: Iteration:  4800 / 12000 [ 40%]  (Warmup)
Chain 2: Iteration:  4800 / 12000 [ 40%]  (Warmup)
Chain 4: Iteration:  6000 / 12000 [ 50%]  (Warmup)
Chain 4: Iteration:  6001 / 12000 [ 50%]  (Sampling)
Chain 1: Iteration:  6000 / 12000 [ 50%]  (Warmup)
Chain 1: Iteration:  6001 / 12000 [ 50%]  (Sampling)
Chain 3: Iteration:  6000 / 12000 [ 50%]  (Warmup)
Chain 3: Iteration:  6001 / 12000 [ 50%]  (Sampling)
Chain 2: Iteration:  6000 / 12000 [ 50%]  (Warmup)
Chain 2: Iteration:  6001 / 12000 [ 50%]  (Sampling)
Chain 1: Iteration:  7200 / 12000 [ 60%]  (Sampling)
Chain 2: Iteration:  7200 / 12000 [ 60%]  (Sampling)
Chain 4: Iteration:  7200 / 12000 [ 60%]  (Sampling)
Chain 1: Iteration:  8400 / 12000 [ 70%]  (Sampling)
Chain 3: Iteration:  7200 / 12000 [ 60%]  (Sampling)
Chain 2: Iteration:  8400 / 12000 [ 70%]  (Sampling)
Chain 1: Iteration:  9600 / 12000 [ 80%]  (Sampling)
Chain 2: Iteration:  9600 / 12000 [ 80%]  (Sampling)
Chain 4: Iteration:  8400 / 12000 [ 70%]  (Sampling)
Chain 1: Iteration: 10800 / 12000 [ 90%]  (Sampling)
Chain 2: Iteration: 10800 / 12000 [ 90%]  (Sampling)
Chain 3: Iteration:  8400 / 12000 [ 70%]  (Sampling)
Chain 1: Iteration: 12000 / 12000 [100%]  (Sampling)
Chain 1: 
Chain 1:  Elapsed Time: 32.83 seconds (Warm-up)
Chain 1:                27.978 seconds (Sampling)
Chain 1:                60.808 seconds (Total)
Chain 1: 
Chain 2: Iteration: 12000 / 12000 [100%]  (Sampling)
Chain 2: 
Chain 2:  Elapsed Time: 34.63 seconds (Warm-up)
Chain 2:                28.363 seconds (Sampling)
Chain 2:                62.993 seconds (Total)
Chain 2: 
Chain 4: Iteration:  9600 / 12000 [ 80%]  (Sampling)
Chain 3: Iteration:  9600 / 12000 [ 80%]  (Sampling)
Chain 4: Iteration: 10800 / 12000 [ 90%]  (Sampling)
Chain 3: Iteration: 10800 / 12000 [ 90%]  (Sampling)
Chain 4: Iteration: 12000 / 12000 [100%]  (Sampling)
Chain 4: 
Chain 4:  Elapsed Time: 31.66 seconds (Warm-up)
Chain 4:                51.665 seconds (Sampling)
Chain 4:                83.325 seconds (Total)
Chain 4: 
Chain 3: Iteration: 12000 / 12000 [100%]  (Sampling)
Chain 3: 
Chain 3:  Elapsed Time: 34.017 seconds (Warm-up)
Chain 3:                58.595 seconds (Sampling)
Chain 3:                92.612 seconds (Total)
Chain 3: 
Done!
Fitting p6.json, 14/17

SAMPLING FOR MODEL 'anon_model' NOW (CHAIN 1).

SAMPLING FOR MODEL 'anon_model' NOW (CHAIN 2).
Chain 1: 
Chain 1: Gradient evaluation took 0.000245 seconds
Chain 1: 1000 transitions using 10 leapfrog steps per transition would take 2.45 seconds.
Chain 1: Adjust your expectations accordingly!
Chain 1: 
Chain 1: 
Chain 2: 
Chain 2: Gradient evaluation took 0.000221 seconds
Chain 2: 1000 transitions using 10 leapfrog steps per transition would take 2.21 seconds.
Chain 2: Adjust your expectations accordingly!
Chain 2: 
Chain 2: 

SAMPLING FOR MODEL 'anon_model' NOW (CHAIN 3).
Chain 1: Iteration:     1 / 12000 [  0%]  (Warmup)
Chain 3: 
Chain 3: Gradient evaluation took 0.000237 seconds
Chain 3: 1000 transitions using 10 leapfrog steps per transition would take 2.37 seconds.
Chain 3: Adjust your expectations accordingly!
Chain 3: 
Chain 3: 
Chain 2: Iteration:     1 / 12000 [  0%]  (Warmup)

SAMPLING FOR MODEL 'anon_model' NOW (CHAIN 4).
Chain 4: 
Chain 4: Gradient evaluation took 0.000207 seconds
Chain 4: 1000 transitions using 10 leapfrog steps per transition would take 2.07 seconds.
Chain 4: Adjust your expectations accordingly!
Chain 4: 
Chain 4: 
Chain 3: Iteration:     1 / 12000 [  0%]  (Warmup)
Chain 4: Iteration:     1 / 12000 [  0%]  (Warmup)
Chain 4: Iteration:  1200 / 12000 [ 10%]  (Warmup)
Chain 2: Iteration:  1200 / 12000 [ 10%]  (Warmup)
Chain 3: Iteration:  1200 / 12000 [ 10%]  (Warmup)
Chain 1: Iteration:  1200 / 12000 [ 10%]  (Warmup)
Chain 4: Iteration:  2400 / 12000 [ 20%]  (Warmup)
Chain 3: Iteration:  2400 / 12000 [ 20%]  (Warmup)
Chain 2: Iteration:  2400 / 12000 [ 20%]  (Warmup)
Chain 1: Iteration:  2400 / 12000 [ 20%]  (Warmup)
Chain 4: Iteration:  3600 / 12000 [ 30%]  (Warmup)
Chain 3: Iteration:  3600 / 12000 [ 30%]  (Warmup)
Chain 2: Iteration:  3600 / 12000 [ 30%]  (Warmup)
Chain 1: Iteration:  3600 / 12000 [ 30%]  (Warmup)
Chain 3: Iteration:  4800 / 12000 [ 40%]  (Warmup)
Chain 4: Iteration:  4800 / 12000 [ 40%]  (Warmup)
Chain 2: Iteration:  4800 / 12000 [ 40%]  (Warmup)
Chain 1: Iteration:  4800 / 12000 [ 40%]  (Warmup)
Chain 3: Iteration:  6000 / 12000 [ 50%]  (Warmup)
Chain 3: Iteration:  6001 / 12000 [ 50%]  (Sampling)
Chain 1: Iteration:  6000 / 12000 [ 50%]  (Warmup)
Chain 1: Iteration:  6001 / 12000 [ 50%]  (Sampling)
Chain 2: Iteration:  6000 / 12000 [ 50%]  (Warmup)
Chain 2: Iteration:  6001 / 12000 [ 50%]  (Sampling)
Chain 4: Iteration:  6000 / 12000 [ 50%]  (Warmup)
Chain 4: Iteration:  6001 / 12000 [ 50%]  (Sampling)
Chain 3: Iteration:  7200 / 12000 [ 60%]  (Sampling)
Chain 1: Iteration:  7200 / 12000 [ 60%]  (Sampling)
Chain 2: Iteration:  7200 / 12000 [ 60%]  (Sampling)
Chain 3: Iteration:  8400 / 12000 [ 70%]  (Sampling)
Chain 4: Iteration:  7200 / 12000 [ 60%]  (Sampling)
Chain 1: Iteration:  8400 / 12000 [ 70%]  (Sampling)
Chain 3: Iteration:  9600 / 12000 [ 80%]  (Sampling)
Chain 1: Iteration:  9600 / 12000 [ 80%]  (Sampling)
Chain 2: Iteration:  8400 / 12000 [ 70%]  (Sampling)
Chain 4: Iteration:  8400 / 12000 [ 70%]  (Sampling)
Chain 3: Iteration: 10800 / 12000 [ 90%]  (Sampling)
Chain 1: Iteration: 10800 / 12000 [ 90%]  (Sampling)
Chain 3: Iteration: 12000 / 12000 [100%]  (Sampling)
Chain 3: 
Chain 3:  Elapsed Time: 24.828 seconds (Warm-up)
Chain 3:                24.188 seconds (Sampling)
Chain 3:                49.016 seconds (Total)
Chain 3: 
Chain 2: Iteration:  9600 / 12000 [ 80%]  (Sampling)
Chain 4: Iteration:  9600 / 12000 [ 80%]  (Sampling)
Chain 1: Iteration: 12000 / 12000 [100%]  (Sampling)
Chain 1: 
Chain 1:  Elapsed Time: 25.943 seconds (Warm-up)
Chain 1:                26.188 seconds (Sampling)
Chain 1:                52.131 seconds (Total)
Chain 1: 
Chain 2: Iteration: 10800 / 12000 [ 90%]  (Sampling)
Chain 4: Iteration: 10800 / 12000 [ 90%]  (Sampling)
Chain 2: Iteration: 12000 / 12000 [100%]  (Sampling)
Chain 2: 
Chain 2:  Elapsed Time: 26.004 seconds (Warm-up)
Chain 2:                41.105 seconds (Sampling)
Chain 2:                67.109 seconds (Total)
Chain 2: 
Chain 4: Iteration: 12000 / 12000 [100%]  (Sampling)
Chain 4: 
Chain 4:  Elapsed Time: 26.041 seconds (Warm-up)
Chain 4:                42.658 seconds (Sampling)
Chain 4:                68.699 seconds (Total)
Chain 4: 
Done!
Fitting p7.json, 15/17

SAMPLING FOR MODEL 'anon_model' NOW (CHAIN 1).
Chain 1: 
Chain 1: Gradient evaluation took 0.000244 seconds
Chain 1: 1000 transitions using 10 leapfrog steps per transition would take 2.44 seconds.
Chain 1: Adjust your expectations accordingly!
Chain 1: 
Chain 1: 

SAMPLING FOR MODEL 'anon_model' NOW (CHAIN 2).
Chain 2: 
Chain 2: Gradient evaluation took 0.000227 seconds
Chain 2: 1000 transitions using 10 leapfrog steps per transition would take 2.27 seconds.
Chain 2: Adjust your expectations accordingly!
Chain 2: 
Chain 2: 

SAMPLING FOR MODEL 'anon_model' NOW (CHAIN 3).
Chain 1: Iteration:     1 / 12000 [  0%]  (Warmup)
Chain 3: 
Chain 3: Gradient evaluation took 0.000217 seconds
Chain 3: 1000 transitions using 10 leapfrog steps per transition would take 2.17 seconds.
Chain 3: Adjust your expectations accordingly!
Chain 3: 
Chain 3: 
Chain 2: Iteration:     1 / 12000 [  0%]  (Warmup)

SAMPLING FOR MODEL 'anon_model' NOW (CHAIN 4).
Chain 3: Iteration:     1 / 12000 [  0%]  (Warmup)
Chain 4: 
Chain 4: Gradient evaluation took 0.000216 seconds
Chain 4: 1000 transitions using 10 leapfrog steps per transition would take 2.16 seconds.
Chain 4: Adjust your expectations accordingly!
Chain 4: 
Chain 4: 
Chain 4: Iteration:     1 / 12000 [  0%]  (Warmup)
Chain 3: Iteration:  1200 / 12000 [ 10%]  (Warmup)
Chain 1: Iteration:  1200 / 12000 [ 10%]  (Warmup)
Chain 2: Iteration:  1200 / 12000 [ 10%]  (Warmup)
Chain 4: Iteration:  1200 / 12000 [ 10%]  (Warmup)
Chain 1: Iteration:  2400 / 12000 [ 20%]  (Warmup)
Chain 3: Iteration:  2400 / 12000 [ 20%]  (Warmup)
Chain 2: Iteration:  2400 / 12000 [ 20%]  (Warmup)
Chain 4: Iteration:  2400 / 12000 [ 20%]  (Warmup)
Chain 1: Iteration:  3600 / 12000 [ 30%]  (Warmup)
Chain 2: Iteration:  3600 / 12000 [ 30%]  (Warmup)
Chain 3: Iteration:  3600 / 12000 [ 30%]  (Warmup)
Chain 4: Iteration:  3600 / 12000 [ 30%]  (Warmup)
Chain 2: Iteration:  4800 / 12000 [ 40%]  (Warmup)
Chain 1: Iteration:  4800 / 12000 [ 40%]  (Warmup)
Chain 3: Iteration:  4800 / 12000 [ 40%]  (Warmup)
Chain 4: Iteration:  4800 / 12000 [ 40%]  (Warmup)
Chain 1: Iteration:  6000 / 12000 [ 50%]  (Warmup)
Chain 1: Iteration:  6001 / 12000 [ 50%]  (Sampling)
Chain 2: Iteration:  6000 / 12000 [ 50%]  (Warmup)
Chain 2: Iteration:  6001 / 12000 [ 50%]  (Sampling)
Chain 3: Iteration:  6000 / 12000 [ 50%]  (Warmup)
Chain 3: Iteration:  6001 / 12000 [ 50%]  (Sampling)
Chain 4: Iteration:  6000 / 12000 [ 50%]  (Warmup)
Chain 4: Iteration:  6001 / 12000 [ 50%]  (Sampling)
Chain 1: Iteration:  7200 / 12000 [ 60%]  (Sampling)
Chain 3: Iteration:  7200 / 12000 [ 60%]  (Sampling)
Chain 2: Iteration:  7200 / 12000 [ 60%]  (Sampling)
Chain 1: Iteration:  8400 / 12000 [ 70%]  (Sampling)
Chain 4: Iteration:  7200 / 12000 [ 60%]  (Sampling)
Chain 3: Iteration:  8400 / 12000 [ 70%]  (Sampling)
Chain 2: Iteration:  8400 / 12000 [ 70%]  (Sampling)
Chain 1: Iteration:  9600 / 12000 [ 80%]  (Sampling)
Chain 1: Iteration: 10800 / 12000 [ 90%]  (Sampling)
Chain 3: Iteration:  9600 / 12000 [ 80%]  (Sampling)
Chain 4: Iteration:  8400 / 12000 [ 70%]  (Sampling)
Chain 2: Iteration:  9600 / 12000 [ 80%]  (Sampling)
Chain 1: Iteration: 12000 / 12000 [100%]  (Sampling)
Chain 1: 
Chain 1:  Elapsed Time: 25.116 seconds (Warm-up)
Chain 1:                19.504 seconds (Sampling)
Chain 1:                44.62 seconds (Total)
Chain 1: 
Chain 3: Iteration: 10800 / 12000 [ 90%]  (Sampling)
Chain 2: Iteration: 10800 / 12000 [ 90%]  (Sampling)
Chain 4: Iteration:  9600 / 12000 [ 80%]  (Sampling)
Chain 3: Iteration: 12000 / 12000 [100%]  (Sampling)
Chain 3: 
Chain 3:  Elapsed Time: 25.274 seconds (Warm-up)
Chain 3:                26.819 seconds (Sampling)
Chain 3:                52.093 seconds (Total)
Chain 3: 
Chain 2: Iteration: 12000 / 12000 [100%]  (Sampling)
Chain 2: 
Chain 2:  Elapsed Time: 25.153 seconds (Warm-up)
Chain 2:                27.97 seconds (Sampling)
Chain 2:                53.123 seconds (Total)
Chain 2: 
Chain 4: Iteration: 10800 / 12000 [ 90%]  (Sampling)
Chain 4: Iteration: 12000 / 12000 [100%]  (Sampling)
Chain 4: 
Chain 4:  Elapsed Time: 25.444 seconds (Warm-up)
Chain 4:                39.904 seconds (Sampling)
Chain 4:                65.348 seconds (Total)
Chain 4: 
Done!
Fitting p8.json, 16/17

SAMPLING FOR MODEL 'anon_model' NOW (CHAIN 1).
Chain 1: 
Chain 1: Gradient evaluation took 0.000241 seconds
Chain 1: 1000 transitions using 10 leapfrog steps per transition would take 2.41 seconds.
Chain 1: Adjust your expectations accordingly!
Chain 1: 
Chain 1: 

SAMPLING FOR MODEL 'anon_model' NOW (CHAIN 2).
Chain 2: 
Chain 2: Gradient evaluation took 0.00022 seconds
Chain 2: 1000 transitions using 10 leapfrog steps per transition would take 2.2 seconds.
Chain 2: Adjust your expectations accordingly!
Chain 2: 
Chain 2: 

SAMPLING FOR MODEL 'anon_model' NOW (CHAIN 3).
Chain 1: Iteration:     1 / 12000 [  0%]  (Warmup)
Chain 3: 
Chain 3: Gradient evaluation took 0.000249 seconds
Chain 3: 1000 transitions using 10 leapfrog steps per transition would take 2.49 seconds.
Chain 3: Adjust your expectations accordingly!
Chain 3: 
Chain 3: 
Chain 2: Iteration:     1 / 12000 [  0%]  (Warmup)

SAMPLING FOR MODEL 'anon_model' NOW (CHAIN 4).
Chain 3: Iteration:     1 / 12000 [  0%]  (Warmup)
Chain 4: 
Chain 4: Gradient evaluation took 0.000227 seconds
Chain 4: 1000 transitions using 10 leapfrog steps per transition would take 2.27 seconds.
Chain 4: Adjust your expectations accordingly!
Chain 4: 
Chain 4: 
Chain 4: Iteration:     1 / 12000 [  0%]  (Warmup)
Chain 3: Iteration:  1200 / 12000 [ 10%]  (Warmup)
Chain 2: Iteration:  1200 / 12000 [ 10%]  (Warmup)
Chain 4: Iteration:  1200 / 12000 [ 10%]  (Warmup)
Chain 1: Iteration:  1200 / 12000 [ 10%]  (Warmup)
Chain 3: Iteration:  2400 / 12000 [ 20%]  (Warmup)
Chain 1: Iteration:  2400 / 12000 [ 20%]  (Warmup)
Chain 4: Iteration:  2400 / 12000 [ 20%]  (Warmup)
Chain 2: Iteration:  2400 / 12000 [ 20%]  (Warmup)
Chain 3: Iteration:  3600 / 12000 [ 30%]  (Warmup)
Chain 1: Iteration:  3600 / 12000 [ 30%]  (Warmup)
Chain 4: Iteration:  3600 / 12000 [ 30%]  (Warmup)
Chain 2: Iteration:  3600 / 12000 [ 30%]  (Warmup)
Chain 3: Iteration:  4800 / 12000 [ 40%]  (Warmup)
Chain 1: Iteration:  4800 / 12000 [ 40%]  (Warmup)
Chain 4: Iteration:  4800 / 12000 [ 40%]  (Warmup)
Chain 2: Iteration:  4800 / 12000 [ 40%]  (Warmup)
Chain 3: Iteration:  6000 / 12000 [ 50%]  (Warmup)
Chain 3: Iteration:  6001 / 12000 [ 50%]  (Sampling)
Chain 1: Iteration:  6000 / 12000 [ 50%]  (Warmup)
Chain 1: Iteration:  6001 / 12000 [ 50%]  (Sampling)
Chain 4: Iteration:  6000 / 12000 [ 50%]  (Warmup)
Chain 4: Iteration:  6001 / 12000 [ 50%]  (Sampling)
Chain 2: Iteration:  6000 / 12000 [ 50%]  (Warmup)
Chain 2: Iteration:  6001 / 12000 [ 50%]  (Sampling)
Chain 1: Iteration:  7200 / 12000 [ 60%]  (Sampling)
Chain 3: Iteration:  7200 / 12000 [ 60%]  (Sampling)
Chain 4: Iteration:  7200 / 12000 [ 60%]  (Sampling)
Chain 2: Iteration:  7200 / 12000 [ 60%]  (Sampling)
Chain 1: Iteration:  8400 / 12000 [ 70%]  (Sampling)
Chain 3: Iteration:  8400 / 12000 [ 70%]  (Sampling)
Chain 4: Iteration:  8400 / 12000 [ 70%]  (Sampling)
Chain 1: Iteration:  9600 / 12000 [ 80%]  (Sampling)
Chain 2: Iteration:  8400 / 12000 [ 70%]  (Sampling)
Chain 3: Iteration:  9600 / 12000 [ 80%]  (Sampling)
Chain 1: Iteration: 10800 / 12000 [ 90%]  (Sampling)
Chain 4: Iteration:  9600 / 12000 [ 80%]  (Sampling)
Chain 2: Iteration:  9600 / 12000 [ 80%]  (Sampling)
Chain 1: Iteration: 12000 / 12000 [100%]  (Sampling)
Chain 1: 
Chain 1:  Elapsed Time: 24.107 seconds (Warm-up)
Chain 1:                29.051 seconds (Sampling)
Chain 1:                53.158 seconds (Total)
Chain 1: 
Chain 3: Iteration: 10800 / 12000 [ 90%]  (Sampling)
Chain 4: Iteration: 10800 / 12000 [ 90%]  (Sampling)
Chain 2: Iteration: 10800 / 12000 [ 90%]  (Sampling)
Chain 3: Iteration: 12000 / 12000 [100%]  (Sampling)
Chain 3: 
Chain 3:  Elapsed Time: 23.334 seconds (Warm-up)
Chain 3:                37.861 seconds (Sampling)
Chain 3:                61.195 seconds (Total)
Chain 3: 
Chain 4: Iteration: 12000 / 12000 [100%]  (Sampling)
Chain 4: 
Chain 4:  Elapsed Time: 24.457 seconds (Warm-up)
Chain 4:                42.043 seconds (Sampling)
Chain 4:                66.5 seconds (Total)
Chain 4: 
Chain 2: Iteration: 12000 / 12000 [100%]  (Sampling)
Chain 2: 
Chain 2:  Elapsed Time: 25.233 seconds (Warm-up)
Chain 2:                41.651 seconds (Sampling)
Chain 2:                66.884 seconds (Total)
Chain 2: 
Done!
Fitting p9.json, 17/17

SAMPLING FOR MODEL 'anon_model' NOW (CHAIN 1).
Chain 1: 
Chain 1: Gradient evaluation took 0.000238 seconds
Chain 1: 1000 transitions using 10 leapfrog steps per transition would take 2.38 seconds.
Chain 1: Adjust your expectations accordingly!
Chain 1: 
Chain 1: 

SAMPLING FOR MODEL 'anon_model' NOW (CHAIN 2).
Chain 1: Iteration:     1 / 12000 [  0%]  (Warmup)
Chain 2: 
Chain 2: Gradient evaluation took 0.000229 seconds
Chain 2: 1000 transitions using 10 leapfrog steps per transition would take 2.29 seconds.
Chain 2: Adjust your expectations accordingly!
Chain 2: 
Chain 2: 

SAMPLING FOR MODEL 'anon_model' NOW (CHAIN 3).
Chain 3: 
Chain 3: Gradient evaluation took 0.000222 seconds
Chain 3: 1000 transitions using 10 leapfrog steps per transition would take 2.22 seconds.
Chain 3: Adjust your expectations accordingly!
Chain 3: 
Chain 3: 
Chain 2: Iteration:     1 / 12000 [  0%]  (Warmup)

SAMPLING FOR MODEL 'anon_model' NOW (CHAIN 4).
Chain 4: 
Chain 4: Gradient evaluation took 0.000215 seconds
Chain 4: 1000 transitions using 10 leapfrog steps per transition would take 2.15 seconds.
Chain 4: Adjust your expectations accordingly!
Chain 4: 
Chain 4: 
Chain 3: Iteration:     1 / 12000 [  0%]  (Warmup)
Chain 4: Iteration:     1 / 12000 [  0%]  (Warmup)
Chain 2: Iteration:  1200 / 12000 [ 10%]  (Warmup)
Chain 3: Iteration:  1200 / 12000 [ 10%]  (Warmup)
Chain 4: Iteration:  1200 / 12000 [ 10%]  (Warmup)
Chain 1: Iteration:  1200 / 12000 [ 10%]  (Warmup)
Chain 2: Iteration:  2400 / 12000 [ 20%]  (Warmup)
Chain 3: Iteration:  2400 / 12000 [ 20%]  (Warmup)
Chain 4: Iteration:  2400 / 12000 [ 20%]  (Warmup)
Chain 1: Iteration:  2400 / 12000 [ 20%]  (Warmup)
Chain 3: Iteration:  3600 / 12000 [ 30%]  (Warmup)
Chain 2: Iteration:  3600 / 12000 [ 30%]  (Warmup)
Chain 4: Iteration:  3600 / 12000 [ 30%]  (Warmup)
Chain 1: Iteration:  3600 / 12000 [ 30%]  (Warmup)
Chain 3: Iteration:  4800 / 12000 [ 40%]  (Warmup)
Chain 2: Iteration:  4800 / 12000 [ 40%]  (Warmup)
Chain 4: Iteration:  4800 / 12000 [ 40%]  (Warmup)
Chain 1: Iteration:  4800 / 12000 [ 40%]  (Warmup)
Chain 2: Iteration:  6000 / 12000 [ 50%]  (Warmup)
Chain 3: Iteration:  6000 / 12000 [ 50%]  (Warmup)
Chain 3: Iteration:  6001 / 12000 [ 50%]  (Sampling)
Chain 2: Iteration:  6001 / 12000 [ 50%]  (Sampling)
Chain 4: Iteration:  6000 / 12000 [ 50%]  (Warmup)
Chain 4: Iteration:  6001 / 12000 [ 50%]  (Sampling)
Chain 1: Iteration:  6000 / 12000 [ 50%]  (Warmup)
Chain 1: Iteration:  6001 / 12000 [ 50%]  (Sampling)
Chain 2: Iteration:  7200 / 12000 [ 60%]  (Sampling)
Chain 4: Iteration:  7200 / 12000 [ 60%]  (Sampling)
Chain 3: Iteration:  7200 / 12000 [ 60%]  (Sampling)
Chain 1: Iteration:  7200 / 12000 [ 60%]  (Sampling)
Chain 2: Iteration:  8400 / 12000 [ 70%]  (Sampling)
Chain 4: Iteration:  8400 / 12000 [ 70%]  (Sampling)
Chain 3: Iteration:  8400 / 12000 [ 70%]  (Sampling)
Chain 2: Iteration:  9600 / 12000 [ 80%]  (Sampling)
Chain 4: Iteration:  9600 / 12000 [ 80%]  (Sampling)
Chain 1: Iteration:  8400 / 12000 [ 70%]  (Sampling)
Chain 2: Iteration: 10800 / 12000 [ 90%]  (Sampling)
Chain 3: Iteration:  9600 / 12000 [ 80%]  (Sampling)
Chain 4: Iteration: 10800 / 12000 [ 90%]  (Sampling)
Chain 2: Iteration: 12000 / 12000 [100%]  (Sampling)
Chain 2: 
Chain 2:  Elapsed Time: 35.543 seconds (Warm-up)
Chain 2:                26.209 seconds (Sampling)
Chain 2:                61.752 seconds (Total)
Chain 2: 
Chain 1: Iteration:  9600 / 12000 [ 80%]  (Sampling)
Chain 4: Iteration: 12000 / 12000 [100%]  (Sampling)
Chain 4: 
Chain 4:  Elapsed Time: 36.32 seconds (Warm-up)
Chain 4:                28.484 seconds (Sampling)
Chain 4:                64.804 seconds (Total)
Chain 4: 
Chain 3: Iteration: 10800 / 12000 [ 90%]  (Sampling)
Chain 1: Iteration: 10800 / 12000 [ 90%]  (Sampling)
Chain 3: Iteration: 12000 / 12000 [100%]  (Sampling)
Chain 3: 
Chain 3:  Elapsed Time: 35.541 seconds (Warm-up)
Chain 3:                37.796 seconds (Sampling)
Chain 3:                73.337 seconds (Total)
Chain 3: 
Chain 1: Iteration: 12000 / 12000 [100%]  (Sampling)
Chain 1: 
Chain 1:  Elapsed Time: 36.875 seconds (Warm-up)
Chain 1:                41.172 seconds (Sampling)
Chain 1:                78.047 seconds (Total)
Chain 1: 
Done!
Assumed model: m1 (model_index = 1 )
Fitting p0.json, 1/17

SAMPLING FOR MODEL 'anon_model' NOW (CHAIN 1).
Chain 1: 
Chain 1: Gradient evaluation took 0.00024 seconds
Chain 1: 1000 transitions using 10 leapfrog steps per transition would take 2.4 seconds.
Chain 1: Adjust your expectations accordingly!
Chain 1: 
Chain 1: 

SAMPLING FOR MODEL 'anon_model' NOW (CHAIN 2).
Chain 2: 
Chain 2: Gradient evaluation took 0.000236 seconds
Chain 2: 1000 transitions using 10 leapfrog steps per transition would take 2.36 seconds.
Chain 2: Adjust your expectations accordingly!
Chain 2: 
Chain 2: 

SAMPLING FOR MODEL 'anon_model' NOW (CHAIN 3).
Chain 1: Iteration:     1 / 12000 [  0%]  (Warmup)
Chain 3: 
Chain 3: Gradient evaluation took 0.000221 seconds
Chain 3: 1000 transitions using 10 leapfrog steps per transition would take 2.21 seconds.
Chain 3: Adjust your expectations accordingly!
Chain 3: 
Chain 3: 
Chain 2: Iteration:     1 / 12000 [  0%]  (Warmup)

SAMPLING FOR MODEL 'anon_model' NOW (CHAIN 4).
Chain 4: 
Chain 4: Gradient evaluation took 0.000219 seconds
Chain 4: 1000 transitions using 10 leapfrog steps per transition would take 2.19 seconds.
Chain 4: Adjust your expectations accordingly!
Chain 4: 
Chain 4: 
Chain 3: Iteration:     1 / 12000 [  0%]  (Warmup)
Chain 4: Iteration:     1 / 12000 [  0%]  (Warmup)
Chain 2: Iteration:  1200 / 12000 [ 10%]  (Warmup)
Chain 3: Iteration:  1200 / 12000 [ 10%]  (Warmup)
Chain 4: Iteration:  1200 / 12000 [ 10%]  (Warmup)
Chain 1: Iteration:  1200 / 12000 [ 10%]  (Warmup)
Chain 2: Iteration:  2400 / 12000 [ 20%]  (Warmup)
Chain 3: Iteration:  2400 / 12000 [ 20%]  (Warmup)
Chain 4: Iteration:  2400 / 12000 [ 20%]  (Warmup)
Chain 1: Iteration:  2400 / 12000 [ 20%]  (Warmup)
Chain 2: Iteration:  3600 / 12000 [ 30%]  (Warmup)
Chain 3: Iteration:  3600 / 12000 [ 30%]  (Warmup)
Chain 4: Iteration:  3600 / 12000 [ 30%]  (Warmup)
Chain 1: Iteration:  3600 / 12000 [ 30%]  (Warmup)
Chain 2: Iteration:  4800 / 12000 [ 40%]  (Warmup)
Chain 3: Iteration:  4800 / 12000 [ 40%]  (Warmup)
Chain 1: Iteration:  4800 / 12000 [ 40%]  (Warmup)
Chain 4: Iteration:  4800 / 12000 [ 40%]  (Warmup)
Chain 2: Iteration:  6000 / 12000 [ 50%]  (Warmup)
Chain 2: Iteration:  6001 / 12000 [ 50%]  (Sampling)
Chain 3: Iteration:  6000 / 12000 [ 50%]  (Warmup)
Chain 3: Iteration:  6001 / 12000 [ 50%]  (Sampling)
Chain 4: Iteration:  6000 / 12000 [ 50%]  (Warmup)
Chain 4: Iteration:  6001 / 12000 [ 50%]  (Sampling)
Chain 1: Iteration:  6000 / 12000 [ 50%]  (Warmup)
Chain 1: Iteration:  6001 / 12000 [ 50%]  (Sampling)
Chain 4: Iteration:  7200 / 12000 [ 60%]  (Sampling)
Chain 2: Iteration:  7200 / 12000 [ 60%]  (Sampling)
Chain 1: Iteration:  7200 / 12000 [ 60%]  (Sampling)
Chain 4: Iteration:  8400 / 12000 [ 70%]  (Sampling)
Chain 3: Iteration:  7200 / 12000 [ 60%]  (Sampling)
Chain 2: Iteration:  8400 / 12000 [ 70%]  (Sampling)
Chain 4: Iteration:  9600 / 12000 [ 80%]  (Sampling)
Chain 1: Iteration:  8400 / 12000 [ 70%]  (Sampling)
Chain 2: Iteration:  9600 / 12000 [ 80%]  (Sampling)
Chain 4: Iteration: 10800 / 12000 [ 90%]  (Sampling)
Chain 3: Iteration:  8400 / 12000 [ 70%]  (Sampling)
Chain 4: Iteration: 12000 / 12000 [100%]  (Sampling)
Chain 4: 
Chain 4:  Elapsed Time: 26.7 seconds (Warm-up)
Chain 4:                22.254 seconds (Sampling)
Chain 4:                48.954 seconds (Total)
Chain 4: 
Chain 2: Iteration: 10800 / 12000 [ 90%]  (Sampling)
Chain 1: Iteration:  9600 / 12000 [ 80%]  (Sampling)
Chain 3: Iteration:  9600 / 12000 [ 80%]  (Sampling)
Chain 2: Iteration: 12000 / 12000 [100%]  (Sampling)
Chain 2: 
Chain 2:  Elapsed Time: 26.33 seconds (Warm-up)
Chain 2:                28.66 seconds (Sampling)
Chain 2:                54.99 seconds (Total)
Chain 2: 
Chain 1: Iteration: 10800 / 12000 [ 90%]  (Sampling)
Chain 3: Iteration: 10800 / 12000 [ 90%]  (Sampling)
Chain 1: Iteration: 12000 / 12000 [100%]  (Sampling)
Chain 1: 
Chain 1:  Elapsed Time: 26.862 seconds (Warm-up)
Chain 1:                39.49 seconds (Sampling)
Chain 1:                66.352 seconds (Total)
Chain 1: 
Chain 3: Iteration: 12000 / 12000 [100%]  (Sampling)
Chain 3: 
Chain 3:  Elapsed Time: 26.544 seconds (Warm-up)
Chain 3:                45.125 seconds (Sampling)
Chain 3:                71.669 seconds (Total)
Chain 3: 
Done!
Fitting p1.json, 2/17

SAMPLING FOR MODEL 'anon_model' NOW (CHAIN 1).
Chain 1: 
Chain 1: Gradient evaluation took 0.000236 seconds
Chain 1: 1000 transitions using 10 leapfrog steps per transition would take 2.36 seconds.
Chain 1: Adjust your expectations accordingly!

SAMPLINGChain  FOR MODEL 'anon_model' NOW (CHAIN 12: ).

Chain 1: 
Chain 2: 
Chain 2: Gradient evaluation took 0.000256 seconds
Chain 2: 1000 transitions using 10 leapfrog steps per transition would take 2.56 seconds.
Chain 2: Adjust your expectations accordingly!
Chain 2: 
Chain 2: 
Chain 1: Iteration:     1 / 12000 [  0%]  (Warmup)
Chain 2: Iteration:     1 / 12000 [  0%]  (Warmup)

SAMPLING FOR MODEL 'anon_model' NOW (CHAIN 3).
Chain 3: 
Chain 3: Gradient evaluation took 0.000221 seconds
Chain 3: 1000 transitions using 10 leapfrog steps per transition would take 2.21 seconds.
Chain 3: Adjust your expectations accordingly!
Chain 3: 
Chain 3: 

SAMPLING FOR MODEL 'anon_model' NOW (CHAIN 4).
Chain 3: Iteration:     1 / 12000 [  0%]  (Warmup)
Chain 4: 
Chain 4: Gradient evaluation took 0.000235 seconds
Chain 4: 1000 transitions using 10 leapfrog steps per transition would take 2.35 seconds.
Chain 4: Adjust your expectations accordingly!
Chain 4: 
Chain 4: 
Chain 4: Iteration:     1 / 12000 [  0%]  (Warmup)
Chain 1: Iteration:  1200 / 12000 [ 10%]  (Warmup)
Chain 3: Iteration:  1200 / 12000 [ 10%]  (Warmup)
Chain 2: Iteration:  1200 / 12000 [ 10%]  (Warmup)
Chain 4: Iteration:  1200 / 12000 [ 10%]  (Warmup)
Chain 1: Iteration:  2400 / 12000 [ 20%]  (Warmup)
Chain 3: Iteration:  2400 / 12000 [ 20%]  (Warmup)
Chain 2: Iteration:  2400 / 12000 [ 20%]  (Warmup)
Chain 4: Iteration:  2400 / 12000 [ 20%]  (Warmup)
Chain 1: Iteration:  3600 / 12000 [ 30%]  (Warmup)
Chain 3: Iteration:  3600 / 12000 [ 30%]  (Warmup)
Chain 4: Iteration:  3600 / 12000 [ 30%]  (Warmup)
Chain 2: Iteration:  3600 / 12000 [ 30%]  (Warmup)
Chain 1: Iteration:  4800 / 12000 [ 40%]  (Warmup)
Chain 3: Iteration:  4800 / 12000 [ 40%]  (Warmup)
Chain 4: Iteration:  4800 / 12000 [ 40%]  (Warmup)
Chain 2: Iteration:  4800 / 12000 [ 40%]  (Warmup)
Chain 1: Iteration:  6000 / 12000 [ 50%]  (Warmup)
Chain 1: Iteration:  6001 / 12000 [ 50%]  (Sampling)
Chain 3: Iteration:  6000 / 12000 [ 50%]  (Warmup)
Chain 3: Iteration:  6001 / 12000 [ 50%]  (Sampling)
Chain 4: Iteration:  6000 / 12000 [ 50%]  (Warmup)
Chain 4: Iteration:  6001 / 12000 [ 50%]  (Sampling)
Chain 2: Iteration:  6000 / 12000 [ 50%]  (Warmup)
Chain 2: Iteration:  6001 / 12000 [ 50%]  (Sampling)
Chain 4: Iteration:  7200 / 12000 [ 60%]  (Sampling)
Chain 3: Iteration:  7200 / 12000 [ 60%]  (Sampling)
Chain 2: Iteration:  7200 / 12000 [ 60%]  (Sampling)
Chain 1: Iteration:  7200 / 12000 [ 60%]  (Sampling)
Chain 4: Iteration:  8400 / 12000 [ 70%]  (Sampling)
Chain 3: Iteration:  8400 / 12000 [ 70%]  (Sampling)
Chain 2: Iteration:  8400 / 12000 [ 70%]  (Sampling)
Chain 4: Iteration:  9600 / 12000 [ 80%]  (Sampling)
Chain 3: Iteration:  9600 / 12000 [ 80%]  (Sampling)
Chain 1: Iteration:  8400 / 12000 [ 70%]  (Sampling)
Chain 4: Iteration: 10800 / 12000 [ 90%]  (Sampling)
Chain 2: Iteration:  9600 / 12000 [ 80%]  (Sampling)
Chain 3: Iteration: 10800 / 12000 [ 90%]  (Sampling)
Chain 4: Iteration: 12000 / 12000 [100%]  (Sampling)
Chain 4: 
Chain 4:  Elapsed Time: 27.055 seconds (Warm-up)
Chain 4:                24.233 seconds (Sampling)
Chain 4:                51.288 seconds (Total)
Chain 4: 
Chain 1: Iteration:  9600 / 12000 [ 80%]  (Sampling)
Chain 3: Iteration: 12000 / 12000 [100%]  (Sampling)
Chain 3: 
Chain 3:  Elapsed Time: 26.703 seconds (Warm-up)
Chain 3:                27.644 seconds (Sampling)
Chain 3:                54.347 seconds (Total)
Chain 3: 
Chain 2: Iteration: 10800 / 12000 [ 90%]  (Sampling)
Chain 1: Iteration: 10800 / 12000 [ 90%]  (Sampling)
Chain 2: Iteration: 12000 / 12000 [100%]  (Sampling)
Chain 2: 
Chain 2:  Elapsed Time: 27.405 seconds (Warm-up)
Chain 2:                35.121 seconds (Sampling)
Chain 2:                62.526 seconds (Total)
Chain 2: 
Chain 1: Iteration: 12000 / 12000 [100%]  (Sampling)
Chain 1: 
Chain 1:  Elapsed Time: 26.581 seconds (Warm-up)
Chain 1:                42.334 seconds (Sampling)
Chain 1:                68.915 seconds (Total)
Chain 1: 
Done!
Fitting p10.json, 3/17

SAMPLING FOR MODEL 'anon_model' NOW (CHAIN 1).
Chain 1: 
Chain 1: Gradient evaluation took 0.000247 seconds
Chain 1: 1000 transitions using 10 leapfrog steps per transition would take 2.47 seconds.
Chain 1: Adjust your expectations accordingly!
Chain 1: 
Chain 1: 

SAMPLING FOR MODEL 'anon_model' NOW (CHAIN 2).
Chain 1: Iteration:     1 / 12000 [  0%]  (Warmup)
Chain 2: 
Chain 2: Gradient evaluation took 0.000229 seconds
Chain 2: 1000 transitions using 10 leapfrog steps per transition would take 2.29 seconds.
Chain 2: Adjust your expectations accordingly!
Chain 2: 
Chain 2: 

SAMPLING FOR MODEL 'anon_model' NOW (CHAIN 3).
Chain 3: 
Chain 3: Gradient evaluation took 0.000219 seconds
Chain 3: 1000 transitions using 10 leapfrog steps per transition would take 2.19 seconds.
Chain 3: Adjust your expectations accordingly!
Chain 3: 
Chain 3: 
Chain 2: Iteration:     1 / 12000 [  0%]  (Warmup)

SAMPLING FOR MODEL 'anon_model' NOW (CHAIN 4).
Chain 3: Iteration:     1 / 12000 [  0%]  (Warmup)
Chain 4: 
Chain 4: Gradient evaluation took 0.000215 seconds
Chain 4: 1000 transitions using 10 leapfrog steps per transition would take 2.15 seconds.
Chain 4: Adjust your expectations accordingly!
Chain 4: 
Chain 4: 
Chain 4: Iteration:     1 / 12000 [  0%]  (Warmup)
Chain 3: Iteration:  1200 / 12000 [ 10%]  (Warmup)
Chain 1: Iteration:  1200 / 12000 [ 10%]  (Warmup)
Chain 2: Iteration:  1200 / 12000 [ 10%]  (Warmup)
Chain 4: Iteration:  1200 / 12000 [ 10%]  (Warmup)
Chain 3: Iteration:  2400 / 12000 [ 20%]  (Warmup)
Chain 1: Iteration:  2400 / 12000 [ 20%]  (Warmup)
Chain 2: Iteration:  2400 / 12000 [ 20%]  (Warmup)
Chain 4: Iteration:  2400 / 12000 [ 20%]  (Warmup)
Chain 3: Iteration:  3600 / 12000 [ 30%]  (Warmup)
Chain 1: Iteration:  3600 / 12000 [ 30%]  (Warmup)
Chain 2: Iteration:  3600 / 12000 [ 30%]  (Warmup)
Chain 4: Iteration:  3600 / 12000 [ 30%]  (Warmup)
Chain 3: Iteration:  4800 / 12000 [ 40%]  (Warmup)
Chain 2: Iteration:  4800 / 12000 [ 40%]  (Warmup)
Chain 1: Iteration:  4800 / 12000 [ 40%]  (Warmup)
Chain 4: Iteration:  4800 / 12000 [ 40%]  (Warmup)
Chain 3: Iteration:  6000 / 12000 [ 50%]  (Warmup)
Chain 3: Iteration:  6001 / 12000 [ 50%]  (Sampling)
Chain 2: Iteration:  6000 / 12000 [ 50%]  (Warmup)
Chain 2: Iteration:  6001 / 12000 [ 50%]  (Sampling)
Chain 1: Iteration:  6000 / 12000 [ 50%]  (Warmup)
Chain 1: Iteration:  6001 / 12000 [ 50%]  (Sampling)
Chain 4: Iteration:  6000 / 12000 [ 50%]  (Warmup)
Chain 4: Iteration:  6001 / 12000 [ 50%]  (Sampling)
Chain 3: Iteration:  7200 / 12000 [ 60%]  (Sampling)
Chain 4: Iteration:  7200 / 12000 [ 60%]  (Sampling)
Chain 2: Iteration:  7200 / 12000 [ 60%]  (Sampling)
Chain 1: Iteration:  7200 / 12000 [ 60%]  (Sampling)
Chain 4: Iteration:  8400 / 12000 [ 70%]  (Sampling)
Chain 3: Iteration:  8400 / 12000 [ 70%]  (Sampling)
Chain 4: Iteration:  9600 / 12000 [ 80%]  (Sampling)
Chain 3: Iteration:  9600 / 12000 [ 80%]  (Sampling)
Chain 2: Iteration:  8400 / 12000 [ 70%]  (Sampling)
Chain 1: Iteration:  8400 / 12000 [ 70%]  (Sampling)
Chain 4: Iteration: 10800 / 12000 [ 90%]  (Sampling)
Chain 3: Iteration: 10800 / 12000 [ 90%]  (Sampling)
Chain 4: Iteration: 12000 / 12000 [100%]  (Sampling)
Chain 4: 
Chain 4:  Elapsed Time: 34.704 seconds (Warm-up)
Chain 4:                30.34 seconds (Sampling)
Chain 4:                65.044 seconds (Total)
Chain 4: 
Chain 2: Iteration:  9600 / 12000 [ 80%]  (Sampling)
Chain 1: Iteration:  9600 / 12000 [ 80%]  (Sampling)
Chain 3: Iteration: 12000 / 12000 [100%]  (Sampling)
Chain 3: 
Chain 3:  Elapsed Time: 33.106 seconds (Warm-up)
Chain 3:                37.602 seconds (Sampling)
Chain 3:                70.708 seconds (Total)
Chain 3: 
Chain 2: Iteration: 10800 / 12000 [ 90%]  (Sampling)
Chain 1: Iteration: 10800 / 12000 [ 90%]  (Sampling)
Chain 2: Iteration: 12000 / 12000 [100%]  (Sampling)
Chain 2: 
Chain 2:  Elapsed Time: 34 seconds (Warm-up)
Chain 2:                54.453 seconds (Sampling)
Chain 2:                88.453 seconds (Total)
Chain 2: 
Chain 1: Iteration: 12000 / 12000 [100%]  (Sampling)
Chain 1: 
Chain 1:  Elapsed Time: 34.044 seconds (Warm-up)
Chain 1:                55.675 seconds (Sampling)
Chain 1:                89.719 seconds (Total)
Chain 1: 
Done!
Fitting p11.json, 4/17

SAMPLING FOR MODEL 'anon_model' NOW (CHAIN 1).

SAMPLING FOR MODEL 'anon_model' NOW (CHAIN 2).
Chain 1: 
Chain 1: Gradient evaluation took 0.000227 seconds
Chain 1: 1000 transitions using 10 leapfrog steps per transition would take 2.27 seconds.
Chain 1: Adjust your expectations accordingly!
Chain 1: 
Chain 1: 
Chain 2: 
Chain 2: Gradient evaluation took 0.00023 seconds
Chain 2: 1000 transitions using 10 leapfrog steps per transition would take 2.3 seconds.
Chain 2: Adjust your expectations accordingly!
Chain 2: 
Chain 2: 

SAMPLING FOR MODEL 'anon_model' NOW (CHAIN 3).
Chain 1: Iteration:     1 / 12000 [  0%]  (Warmup)
Chain 3: 
Chain 3: Gradient evaluation took 0.000212 seconds
Chain 3: 1000 transitions using 10 leapfrog steps per transition would take 2.12 seconds.
Chain 3: Adjust your expectations accordingly!
Chain 3: 
Chain 3: 
Chain 2: Iteration:     1 / 12000 [  0%]  (Warmup)

SAMPLING FOR MODEL 'anon_model' NOW (CHAIN 4).
Chain 4: 
Chain 4: Gradient evaluation took 0.000214 seconds
Chain 4: 1000 transitions using 10 leapfrog steps per transition would take 2.14 seconds.
Chain 4: Adjust your expectations accordingly!
Chain 4: 
Chain 4: 
Chain 3: Iteration:     1 / 12000 [  0%]  (Warmup)
Chain 4: Iteration:     1 / 12000 [  0%]  (Warmup)
Chain 4: Iteration:  1200 / 12000 [ 10%]  (Warmup)
Chain 2: Iteration:  1200 / 12000 [ 10%]  (Warmup)
Chain 1: Iteration:  1200 / 12000 [ 10%]  (Warmup)
Chain 3: Iteration:  1200 / 12000 [ 10%]  (Warmup)
Chain 4: Iteration:  2400 / 12000 [ 20%]  (Warmup)
Chain 1: Iteration:  2400 / 12000 [ 20%]  (Warmup)
Chain 2: Iteration:  2400 / 12000 [ 20%]  (Warmup)
Chain 3: Iteration:  2400 / 12000 [ 20%]  (Warmup)
Chain 1: Iteration:  3600 / 12000 [ 30%]  (Warmup)
Chain 2: Iteration:  3600 / 12000 [ 30%]  (Warmup)
Chain 4: Iteration:  3600 / 12000 [ 30%]  (Warmup)
Chain 3: Iteration:  3600 / 12000 [ 30%]  (Warmup)
Chain 1: Iteration:  4800 / 12000 [ 40%]  (Warmup)
Chain 2: Iteration:  4800 / 12000 [ 40%]  (Warmup)
Chain 3: Iteration:  4800 / 12000 [ 40%]  (Warmup)
Chain 4: Iteration:  4800 / 12000 [ 40%]  (Warmup)
Chain 1: Iteration:  6000 / 12000 [ 50%]  (Warmup)
Chain 1: Iteration:  6001 / 12000 [ 50%]  (Sampling)
Chain 2: Iteration:  6000 / 12000 [ 50%]  (Warmup)
Chain 2: Iteration:  6001 / 12000 [ 50%]  (Sampling)
Chain 3: Iteration:  6000 / 12000 [ 50%]  (Warmup)
Chain 3: Iteration:  6001 / 12000 [ 50%]  (Sampling)
Chain 4: Iteration:  6000 / 12000 [ 50%]  (Warmup)
Chain 4: Iteration:  6001 / 12000 [ 50%]  (Sampling)
Chain 2: Iteration:  7200 / 12000 [ 60%]  (Sampling)
Chain 3: Iteration:  7200 / 12000 [ 60%]  (Sampling)
Chain 4: Iteration:  7200 / 12000 [ 60%]  (Sampling)
Chain 1: Iteration:  7200 / 12000 [ 60%]  (Sampling)
Chain 2: Iteration:  8400 / 12000 [ 70%]  (Sampling)
Chain 3: Iteration:  8400 / 12000 [ 70%]  (Sampling)
Chain 4: Iteration:  8400 / 12000 [ 70%]  (Sampling)
Chain 1: Iteration:  8400 / 12000 [ 70%]  (Sampling)
Chain 2: Iteration:  9600 / 12000 [ 80%]  (Sampling)
Chain 3: Iteration:  9600 / 12000 [ 80%]  (Sampling)
Chain 4: Iteration:  9600 / 12000 [ 80%]  (Sampling)
Chain 2: Iteration: 10800 / 12000 [ 90%]  (Sampling)
Chain 1: Iteration:  9600 / 12000 [ 80%]  (Sampling)
Chain 2: Iteration: 12000 / 12000 [100%]  (Sampling)
Chain 2: 
Chain 2:  Elapsed Time: 25.577 seconds (Warm-up)
Chain 2:                22.057 seconds (Sampling)
Chain 2:                47.634 seconds (Total)
Chain 2: 
Chain 3: Iteration: 10800 / 12000 [ 90%]  (Sampling)
Chain 4: Iteration: 10800 / 12000 [ 90%]  (Sampling)
Chain 1: Iteration: 10800 / 12000 [ 90%]  (Sampling)
Chain 4: Iteration: 12000 / 12000 [100%]  (Sampling)
Chain 4: 
Chain 4:  Elapsed Time: 26.261 seconds (Warm-up)
Chain 4:                27.156 seconds (Sampling)
Chain 4:                53.417 seconds (Total)
Chain 4: 
Chain 3: Iteration: 12000 / 12000 [100%]  (Sampling)
Chain 3: 
Chain 3:  Elapsed Time: 25.887 seconds (Warm-up)
Chain 3:                27.659 seconds (Sampling)
Chain 3:                53.546 seconds (Total)
Chain 3: 
Chain 1: Iteration: 12000 / 12000 [100%]  (Sampling)
Chain 1: 
Chain 1:  Elapsed Time: 25.569 seconds (Warm-up)
Chain 1:                31.561 seconds (Sampling)
Chain 1:                57.13 seconds (Total)
Chain 1: 
Done!
Fitting p12.json, 5/17

SAMPLING FOR MODEL 'anon_model' NOW (CHAIN 1).

SAMPLING FOR MODEL 'anon_model' NOW (CHAIN 2).
Chain 1: 
Chain 1: Gradient evaluation took 0.000241 seconds
Chain 1: 1000 transitions using 10 leapfrog steps per transition would take 2.41 seconds.
Chain 1: Adjust your expectations accordingly!
Chain 1: 
Chain 1: 

SAMPLING FOR MODEL 'anon_model' NOW (CHAIN 3).
Chain 2: 
Chain 2: Gradient evaluation took 0.000214 seconds
Chain 2: 1000 transitions using 10 leapfrog steps per transition would take 2.14 seconds.
Chain 2: Adjust your expectations accordingly!
Chain 2: 
Chain 2: 
Chain 3: 
Chain 3: Gradient evaluation took 0.000227 seconds
Chain 3: 1000 transitions using 10 leapfrog steps per transition would take 2.27 seconds.
Chain 3: Adjust your expectations accordingly!
Chain 3: 
Chain 3: 
Chain 1: Iteration:     1 / 12000 [  0%]  (Warmup)

SAMPLING FOR MODEL 'anon_model' NOW (CHAIN 4).
Chain 2: Iteration:     1 / 12000 [  0%]  (Warmup)
Chain 3: Iteration:     1 / 12000 [  0%]  (Warmup)
Chain 4: 
Chain 4: Gradient evaluation took 0.000222 seconds
Chain 4: 1000 transitions using 10 leapfrog steps per transition would take 2.22 seconds.
Chain 4: Adjust your expectations accordingly!
Chain 4: 
Chain 4: 
Chain 4: Iteration:     1 / 12000 [  0%]  (Warmup)
Chain 1: Iteration:  1200 / 12000 [ 10%]  (Warmup)
Chain 3: Iteration:  1200 / 12000 [ 10%]  (Warmup)
Chain 4: Iteration:  1200 / 12000 [ 10%]  (Warmup)
Chain 2: Iteration:  1200 / 12000 [ 10%]  (Warmup)
Chain 1: Iteration:  2400 / 12000 [ 20%]  (Warmup)
Chain 3: Iteration:  2400 / 12000 [ 20%]  (Warmup)
Chain 4: Iteration:  2400 / 12000 [ 20%]  (Warmup)
Chain 2: Iteration:  2400 / 12000 [ 20%]  (Warmup)
Chain 1: Iteration:  3600 / 12000 [ 30%]  (Warmup)
Chain 3: Iteration:  3600 / 12000 [ 30%]  (Warmup)
Chain 4: Iteration:  3600 / 12000 [ 30%]  (Warmup)
Chain 2: Iteration:  3600 / 12000 [ 30%]  (Warmup)
Chain 1: Iteration:  4800 / 12000 [ 40%]  (Warmup)
Chain 3: Iteration:  4800 / 12000 [ 40%]  (Warmup)
Chain 4: Iteration:  4800 / 12000 [ 40%]  (Warmup)
Chain 2: Iteration:  4800 / 12000 [ 40%]  (Warmup)
Chain 1: Iteration:  6000 / 12000 [ 50%]  (Warmup)
Chain 1: Iteration:  6001 / 12000 [ 50%]  (Sampling)
Chain 4: Iteration:  6000 / 12000 [ 50%]  (Warmup)
Chain 4: Iteration:  6001 / 12000 [ 50%]  (Sampling)
Chain 3: Iteration:  6000 / 12000 [ 50%]  (Warmup)
Chain 3: Iteration:  6001 / 12000 [ 50%]  (Sampling)
Chain 2: Iteration:  6000 / 12000 [ 50%]  (Warmup)
Chain 2: Iteration:  6001 / 12000 [ 50%]  (Sampling)
Chain 4: Iteration:  7200 / 12000 [ 60%]  (Sampling)
Chain 3: Iteration:  7200 / 12000 [ 60%]  (Sampling)
Chain 1: Iteration:  7200 / 12000 [ 60%]  (Sampling)
Chain 4: Iteration:  8400 / 12000 [ 70%]  (Sampling)
Chain 3: Iteration:  8400 / 12000 [ 70%]  (Sampling)
Chain 2: Iteration:  7200 / 12000 [ 60%]  (Sampling)
Chain 4: Iteration:  9600 / 12000 [ 80%]  (Sampling)
Chain 3: Iteration:  9600 / 12000 [ 80%]  (Sampling)
Chain 1: Iteration:  8400 / 12000 [ 70%]  (Sampling)
Chain 4: Iteration: 10800 / 12000 [ 90%]  (Sampling)
Chain 2: Iteration:  8400 / 12000 [ 70%]  (Sampling)
Chain 3: Iteration: 10800 / 12000 [ 90%]  (Sampling)
Chain 4: Iteration: 12000 / 12000 [100%]  (Sampling)
Chain 4: 
Chain 4:  Elapsed Time: 25.042 seconds (Warm-up)
Chain 4:                21.792 seconds (Sampling)
Chain 4:                46.834 seconds (Total)
Chain 4: 
Chain 3: Iteration: 12000 / 12000 [100%]  (Sampling)
Chain 3: 
Chain 3:  Elapsed Time: 25.212 seconds (Warm-up)
Chain 3:                22.834 seconds (Sampling)
Chain 3:                48.046 seconds (Total)
Chain 3: 
Chain 1: Iteration:  9600 / 12000 [ 80%]  (Sampling)
Chain 2: Iteration:  9600 / 12000 [ 80%]  (Sampling)
Chain 1: Iteration: 10800 / 12000 [ 90%]  (Sampling)
Chain 2: Iteration: 10800 / 12000 [ 90%]  (Sampling)
Chain 1: Iteration: 12000 / 12000 [100%]  (Sampling)
Chain 1: 
Chain 1:  Elapsed Time: 24.797 seconds (Warm-up)
Chain 1:                39.116 seconds (Sampling)
Chain 1:                63.913 seconds (Total)
Chain 1: 
Chain 2: Iteration: 12000 / 12000 [100%]  (Sampling)
Chain 2: 
Chain 2:  Elapsed Time: 26.412 seconds (Warm-up)
Chain 2:                39.618 seconds (Sampling)
Chain 2:                66.03 seconds (Total)
Chain 2: 
Done!
Fitting p13.json, 6/17

SAMPLING FOR MODEL 'anon_model' NOW (CHAIN 1).
Chain 1: 
Chain 1: Gradient evaluation took 0.000241 seconds
Chain 1: 1000 transitions using 10 leapfrog steps per transition would take 2.41 seconds.
Chain 1: Adjust your expectations accordingly!
Chain 1: 
Chain 1: 

SAMPLING FOR MODEL 'anon_model' NOW (CHAIN 2).
Chain 2: 
Chain 2: Gradient evaluation took 0.000224 seconds
Chain 2: 1000 transitions using 10 leapfrog steps per transition would take 2.24 seconds.
Chain 2: Adjust your expectations accordingly!
Chain 2: 
Chain 2: 
Chain 1: Iteration:     1 / 12000 [  0%]  (Warmup)

SAMPLING FOR MODEL 'anon_model' NOW (CHAIN 3).
Chain 3: 
Chain 3: Gradient evaluation took 0.000236 seconds
Chain 3: 1000 transitions using 10 leapfrog steps per transition would take 2.36 seconds.
Chain 3: Adjust your expectations accordingly!
Chain 3: 
Chain 3: 
Chain 2: Iteration:     1 / 12000 [  0%]  (Warmup)

SAMPLING FOR MODEL 'anon_model' NOW (CHAIN 4).
Chain 3: Iteration:     1 / 12000 [  0%]  (Warmup)
Chain 4: 
Chain 4: Gradient evaluation took 0.000271 seconds
Chain 4: 1000 transitions using 10 leapfrog steps per transition would take 2.71 seconds.
Chain 4: Adjust your expectations accordingly!
Chain 4: 
Chain 4: 
Chain 4: Iteration:     1 / 12000 [  0%]  (Warmup)
Chain 4: Iteration:  1200 / 12000 [ 10%]  (Warmup)
Chain 3: Iteration:  1200 / 12000 [ 10%]  (Warmup)
Chain 2: Iteration:  1200 / 12000 [ 10%]  (Warmup)
Chain 1: Iteration:  1200 / 12000 [ 10%]  (Warmup)
Chain 4: Iteration:  2400 / 12000 [ 20%]  (Warmup)
Chain 3: Iteration:  2400 / 12000 [ 20%]  (Warmup)
Chain 1: Iteration:  2400 / 12000 [ 20%]  (Warmup)
Chain 2: Iteration:  2400 / 12000 [ 20%]  (Warmup)
Chain 4: Iteration:  3600 / 12000 [ 30%]  (Warmup)
Chain 2: Iteration:  3600 / 12000 [ 30%]  (Warmup)
Chain 1: Iteration:  3600 / 12000 [ 30%]  (Warmup)
Chain 3: Iteration:  3600 / 12000 [ 30%]  (Warmup)
Chain 4: Iteration:  4800 / 12000 [ 40%]  (Warmup)
Chain 2: Iteration:  4800 / 12000 [ 40%]  (Warmup)
Chain 1: Iteration:  4800 / 12000 [ 40%]  (Warmup)
Chain 3: Iteration:  4800 / 12000 [ 40%]  (Warmup)
Chain 4: Iteration:  6000 / 12000 [ 50%]  (Warmup)
Chain 4: Iteration:  6001 / 12000 [ 50%]  (Sampling)
Chain 1: Iteration:  6000 / 12000 [ 50%]  (Warmup)
Chain 1: Iteration:  6001 / 12000 [ 50%]  (Sampling)
Chain 2: Iteration:  6000 / 12000 [ 50%]  (Warmup)
Chain 2: Iteration:  6001 / 12000 [ 50%]  (Sampling)
Chain 3: Iteration:  6000 / 12000 [ 50%]  (Warmup)
Chain 3: Iteration:  6001 / 12000 [ 50%]  (Sampling)
Chain 1: Iteration:  7200 / 12000 [ 60%]  (Sampling)
Chain 3: Iteration:  7200 / 12000 [ 60%]  (Sampling)
Chain 4: Iteration:  7200 / 12000 [ 60%]  (Sampling)
Chain 2: Iteration:  7200 / 12000 [ 60%]  (Sampling)
Chain 1: Iteration:  8400 / 12000 [ 70%]  (Sampling)
Chain 3: Iteration:  8400 / 12000 [ 70%]  (Sampling)
Chain 1: Iteration:  9600 / 12000 [ 80%]  (Sampling)
Chain 4: Iteration:  8400 / 12000 [ 70%]  (Sampling)
Chain 3: Iteration:  9600 / 12000 [ 80%]  (Sampling)
Chain 2: Iteration:  8400 / 12000 [ 70%]  (Sampling)
Chain 1: Iteration: 10800 / 12000 [ 90%]  (Sampling)
Chain 3: Iteration: 10800 / 12000 [ 90%]  (Sampling)
Chain 4: Iteration:  9600 / 12000 [ 80%]  (Sampling)
Chain 1: Iteration: 12000 / 12000 [100%]  (Sampling)
Chain 1: 
Chain 1:  Elapsed Time: 25.899 seconds (Warm-up)
Chain 1:                23.935 seconds (Sampling)
Chain 1:                49.834 seconds (Total)
Chain 1: 
Chain 3: Iteration: 12000 / 12000 [100%]  (Sampling)
Chain 3: 
Chain 3:  Elapsed Time: 26.714 seconds (Warm-up)
Chain 3:                23.747 seconds (Sampling)
Chain 3:                50.461 seconds (Total)
Chain 3: 
Chain 2: Iteration:  9600 / 12000 [ 80%]  (Sampling)
Chain 4: Iteration: 10800 / 12000 [ 90%]  (Sampling)
Chain 2: Iteration: 10800 / 12000 [ 90%]  (Sampling)
Chain 4: Iteration: 12000 / 12000 [100%]  (Sampling)
Chain 4: 
Chain 4:  Elapsed Time: 25.79 seconds (Warm-up)
Chain 4:                36.105 seconds (Sampling)
Chain 4:                61.895 seconds (Total)
Chain 4: 
Chain 2: Iteration: 12000 / 12000 [100%]  (Sampling)
Chain 2: 
Chain 2:  Elapsed Time: 26.224 seconds (Warm-up)
Chain 2:                41.531 seconds (Sampling)
Chain 2:                67.755 seconds (Total)
Chain 2: 
Done!
Fitting p14.json, 7/17

SAMPLING FOR MODEL 'anon_model' NOW (CHAIN 1).
Chain 1: 
Chain 1: Gradient evaluation took 0.000234 seconds
Chain 1: 1000 transitions using 10 leapfrog steps per transition would take 2.34 seconds.
Chain 1: Adjust your expectations accordingly!
Chain 1: 
Chain 1: 

SAMPLING FOR MODEL 'anon_model' NOW (CHAIN 2).

SAMPLING FOR MODEL 'anon_model' NOW (CHAIN 3).
Chain 2: 
Chain 2: Gradient evaluation took 0.000246 seconds
Chain 2: 1000 transitions using 10 leapfrog steps per transition would take 2.46 seconds.
Chain 2: Adjust your expectations accordingly!
Chain 2: 
Chain 2: 
Chain 1: Iteration:     1 / 12000 [  0%]  (Warmup)
Chain 3: 
Chain 3: Gradient evaluation took 0.000219 seconds
Chain 3: 1000 transitions using 10 leapfrog steps per transition would take 2.19 seconds.
Chain 3: Adjust your expectations accordingly!
Chain 3: 
Chain 3: 
Chain 2: Iteration:     1 / 12000 [  0%]  (Warmup)

SAMPLING FOR MODEL 'anon_model' NOW (CHAIN 4).
Chain 3: Iteration:     1 / 12000 [  0%]  (Warmup)
Chain 4: 
Chain 4: Gradient evaluation took 0.000218 seconds
Chain 4: 1000 transitions using 10 leapfrog steps per transition would take 2.18 seconds.
Chain 4: Adjust your expectations accordingly!
Chain 4: 
Chain 4: 
Chain 4: Iteration:     1 / 12000 [  0%]  (Warmup)
Chain 1: Iteration:  1200 / 12000 [ 10%]  (Warmup)
Chain 3: Iteration:  1200 / 12000 [ 10%]  (Warmup)
Chain 2: Iteration:  1200 / 12000 [ 10%]  (Warmup)
Chain 4: Iteration:  1200 / 12000 [ 10%]  (Warmup)
Chain 1: Iteration:  2400 / 12000 [ 20%]  (Warmup)
Chain 3: Iteration:  2400 / 12000 [ 20%]  (Warmup)
Chain 2: Iteration:  2400 / 12000 [ 20%]  (Warmup)
Chain 4: Iteration:  2400 / 12000 [ 20%]  (Warmup)
Chain 1: Iteration:  3600 / 12000 [ 30%]  (Warmup)
Chain 2: Iteration:  3600 / 12000 [ 30%]  (Warmup)
Chain 3: Iteration:  3600 / 12000 [ 30%]  (Warmup)
Chain 4: Iteration:  3600 / 12000 [ 30%]  (Warmup)
Chain 2: Iteration:  4800 / 12000 [ 40%]  (Warmup)
Chain 1: Iteration:  4800 / 12000 [ 40%]  (Warmup)
Chain 4: Iteration:  4800 / 12000 [ 40%]  (Warmup)
Chain 3: Iteration:  4800 / 12000 [ 40%]  (Warmup)
Chain 2: Iteration:  6000 / 12000 [ 50%]  (Warmup)
Chain 2: Iteration:  6001 / 12000 [ 50%]  (Sampling)
Chain 1: Iteration:  6000 / 12000 [ 50%]  (Warmup)
Chain 1: Iteration:  6001 / 12000 [ 50%]  (Sampling)
Chain 4: Iteration:  6000 / 12000 [ 50%]  (Warmup)
Chain 4: Iteration:  6001 / 12000 [ 50%]  (Sampling)
Chain 3: Iteration:  6000 / 12000 [ 50%]  (Warmup)
Chain 3: Iteration:  6001 / 12000 [ 50%]  (Sampling)
Chain 2: Iteration:  7200 / 12000 [ 60%]  (Sampling)
Chain 3: Iteration:  7200 / 12000 [ 60%]  (Sampling)
Chain 4: Iteration:  7200 / 12000 [ 60%]  (Sampling)
Chain 2: Iteration:  8400 / 12000 [ 70%]  (Sampling)
Chain 1: Iteration:  7200 / 12000 [ 60%]  (Sampling)
Chain 3: Iteration:  8400 / 12000 [ 70%]  (Sampling)
Chain 4: Iteration:  8400 / 12000 [ 70%]  (Sampling)
Chain 2: Iteration:  9600 / 12000 [ 80%]  (Sampling)
Chain 2: Iteration: 10800 / 12000 [ 90%]  (Sampling)
Chain 1: Iteration:  8400 / 12000 [ 70%]  (Sampling)
Chain 3: Iteration:  9600 / 12000 [ 80%]  (Sampling)
Chain 4: Iteration:  9600 / 12000 [ 80%]  (Sampling)
Chain 2: Iteration: 12000 / 12000 [100%]  (Sampling)
Chain 2: 
Chain 2:  Elapsed Time: 24.374 seconds (Warm-up)
Chain 2:                18.042 seconds (Sampling)
Chain 2:                42.416 seconds (Total)
Chain 2: 
Chain 3: Iteration: 10800 / 12000 [ 90%]  (Sampling)
Chain 4: Iteration: 10800 / 12000 [ 90%]  (Sampling)
Chain 1: Iteration:  9600 / 12000 [ 80%]  (Sampling)
Chain 3: Iteration: 12000 / 12000 [100%]  (Sampling)
Chain 3: 
Chain 3:  Elapsed Time: 24.943 seconds (Warm-up)
Chain 3:                24.57 seconds (Sampling)
Chain 3:                49.513 seconds (Total)
Chain 3: 
Chain 4: Iteration: 12000 / 12000 [100%]  (Sampling)
Chain 4: 
Chain 4:  Elapsed Time: 24.833 seconds (Warm-up)
Chain 4:                25.858 seconds (Sampling)
Chain 4:                50.691 seconds (Total)
Chain 4: 
Chain 1: Iteration: 10800 / 12000 [ 90%]  (Sampling)
Chain 1: Iteration: 12000 / 12000 [100%]  (Sampling)
Chain 1: 
Chain 1:  Elapsed Time: 24.774 seconds (Warm-up)
Chain 1:                36.729 seconds (Sampling)
Chain 1:                61.503 seconds (Total)
Chain 1: 
Done!
Fitting p15.json, 8/17

SAMPLING FOR MODEL 'anon_model' NOW (CHAIN 1).
Chain 1: 
Chain 1: Gradient evaluation took 0.000243 seconds
Chain 1: 1000 transitions using 10 leapfrog steps per transition would take 2.43 seconds.
Chain 1: Adjust your expectations accordingly!
Chain 1: 
Chain 1: 

SAMPLING FOR MODEL 'anon_model' NOW (CHAIN 2).
Chain 1: Iteration:     1 / 12000 [  0%]  (Warmup)

SAMPLING FOR MODEL 'anon_model' NOW (CHAIN 3).
Chain 2: 
Chain 2: Gradient evaluation took 0.000239 seconds
Chain 2: 1000 transitions using 10 leapfrog steps per transition would take 2.39 seconds.
Chain 2: Adjust your expectations accordingly!
Chain 2: 
Chain 2: 
Chain 3: 
Chain 3: Gradient evaluation took 0.000226 seconds
Chain 3: 1000 transitions using 10 leapfrog steps per transition would take 2.26 seconds.
Chain 3: Adjust your expectations accordingly!
Chain 3: 
Chain 3: 
Chain 2: Iteration:     1 / 12000 [  0%]  (Warmup)

SAMPLING FOR MODEL 'anon_model' NOW (CHAIN 4).
Chain 3: Iteration:     1 / 12000 [  0%]  (Warmup)
Chain 4: 
Chain 4: Gradient evaluation took 0.00023 seconds
Chain 4: 1000 transitions using 10 leapfrog steps per transition would take 2.3 seconds.
Chain 4: Adjust your expectations accordingly!
Chain 4: 
Chain 4: 
Chain 4: Iteration:     1 / 12000 [  0%]  (Warmup)
Chain 4: Iteration:  1200 / 12000 [ 10%]  (Warmup)
Chain 3: Iteration:  1200 / 12000 [ 10%]  (Warmup)
Chain 1: Iteration:  1200 / 12000 [ 10%]  (Warmup)
Chain 2: Iteration:  1200 / 12000 [ 10%]  (Warmup)
Chain 4: Iteration:  2400 / 12000 [ 20%]  (Warmup)
Chain 3: Iteration:  2400 / 12000 [ 20%]  (Warmup)
Chain 1: Iteration:  2400 / 12000 [ 20%]  (Warmup)
Chain 2: Iteration:  2400 / 12000 [ 20%]  (Warmup)
Chain 4: Iteration:  3600 / 12000 [ 30%]  (Warmup)
Chain 3: Iteration:  3600 / 12000 [ 30%]  (Warmup)
Chain 1: Iteration:  3600 / 12000 [ 30%]  (Warmup)
Chain 2: Iteration:  3600 / 12000 [ 30%]  (Warmup)
Chain 4: Iteration:  4800 / 12000 [ 40%]  (Warmup)
Chain 1: Iteration:  4800 / 12000 [ 40%]  (Warmup)
Chain 3: Iteration:  4800 / 12000 [ 40%]  (Warmup)
Chain 2: Iteration:  4800 / 12000 [ 40%]  (Warmup)
Chain 4: Iteration:  6000 / 12000 [ 50%]  (Warmup)
Chain 4: Iteration:  6001 / 12000 [ 50%]  (Sampling)
Chain 1: Iteration:  6000 / 12000 [ 50%]  (Warmup)
Chain 1: Iteration:  6001 / 12000 [ 50%]  (Sampling)
Chain 3: Iteration:  6000 / 12000 [ 50%]  (Warmup)
Chain 3: Iteration:  6001 / 12000 [ 50%]  (Sampling)
Chain 2: Iteration:  6000 / 12000 [ 50%]  (Warmup)
Chain 2: Iteration:  6001 / 12000 [ 50%]  (Sampling)
Chain 4: Iteration:  7200 / 12000 [ 60%]  (Sampling)
Chain 1: Iteration:  7200 / 12000 [ 60%]  (Sampling)
Chain 3: Iteration:  7200 / 12000 [ 60%]  (Sampling)
Chain 2: Iteration:  7200 / 12000 [ 60%]  (Sampling)
Chain 4: Iteration:  8400 / 12000 [ 70%]  (Sampling)
Chain 4: Iteration:  9600 / 12000 [ 80%]  (Sampling)
Chain 1: Iteration:  8400 / 12000 [ 70%]  (Sampling)
Chain 3: Iteration:  8400 / 12000 [ 70%]  (Sampling)
Chain 2: Iteration:  8400 / 12000 [ 70%]  (Sampling)
Chain 4: Iteration: 10800 / 12000 [ 90%]  (Sampling)
Chain 1: Iteration:  9600 / 12000 [ 80%]  (Sampling)
Chain 3: Iteration:  9600 / 12000 [ 80%]  (Sampling)
Chain 4: Iteration: 12000 / 12000 [100%]  (Sampling)
Chain 4: 
Chain 4:  Elapsed Time: 21.812 seconds (Warm-up)
Chain 4:                22.319 seconds (Sampling)
Chain 4:                44.131 seconds (Total)
Chain 4: 
Chain 2: Iteration:  9600 / 12000 [ 80%]  (Sampling)
Chain 1: Iteration: 10800 / 12000 [ 90%]  (Sampling)
Chain 3: Iteration: 10800 / 12000 [ 90%]  (Sampling)
Chain 2: Iteration: 10800 / 12000 [ 90%]  (Sampling)
Chain 1: Iteration: 12000 / 12000 [100%]  (Sampling)
Chain 1: 
Chain 1:  Elapsed Time: 22.872 seconds (Warm-up)
Chain 1:                31.375 seconds (Sampling)
Chain 1:                54.247 seconds (Total)
Chain 1: 
Chain 3: Iteration: 12000 / 12000 [100%]  (Sampling)
Chain 3: 
Chain 3:  Elapsed Time: 23.202 seconds (Warm-up)
Chain 3:                33.033 seconds (Sampling)
Chain 3:                56.235 seconds (Total)
Chain 3: 
Chain 2: Iteration: 12000 / 12000 [100%]  (Sampling)
Chain 2: 
Chain 2:  Elapsed Time: 23.711 seconds (Warm-up)
Chain 2:                34.805 seconds (Sampling)
Chain 2:                58.516 seconds (Total)
Chain 2: 
Done!
Fitting p16.json, 9/17

SAMPLING FOR MODEL 'anon_model' NOW (CHAIN 1).
Chain 1: 
Chain 1: Gradient evaluation took 0.000371 seconds
Chain 1: 1000 transitions using 10 leapfrog steps per transition would take 3.71 seconds.
Chain 1: Adjust your expectations accordingly!
Chain 1: 
Chain 1: 

SAMPLING FOR MODEL 'anon_model' NOW (CHAIN 2).
Chain 1: Iteration:     1 / 12000 [  0%]  (Warmup)
Chain 2: 
Chain 2: Gradient evaluation took 0.000256 seconds
Chain 2: 1000 transitions using 10 leapfrog steps per transition would take 2.56 seconds.
Chain 2: Adjust your expectations accordingly!
Chain 2: 
Chain 2: 

SAMPLING FOR MODEL 'anon_model' NOW (CHAIN 3).
Chain 2: Iteration:     1 / 12000 [  0%]  (Warmup)
Chain 3: 
Chain 3: Gradient evaluation took 0.000234 seconds
Chain 3: 
1000 transitions using 10 leapfrog steps per transition would take 2.34 seconds.
SAMPLINGChain  FOR MODEL '3: anon_modelAdjust your expectations accordingly!' NOW (CHAIN 4).

Chain 3: 
Chain 3: 
Chain 4: 
Chain 4: Gradient evaluation took 0.000226 seconds
Chain 4: 1000 transitions using 10 leapfrog steps per transition would take 2.26 seconds.
Chain 4: Adjust your expectations accordingly!
Chain 4: 
Chain 4: 
Chain 3: Iteration:     1 / 12000 [  0%]  (Warmup)
Chain 4: Iteration:     1 / 12000 [  0%]  (Warmup)
Chain 4: Iteration:  1200 / 12000 [ 10%]  (Warmup)
Chain 1: Iteration:  1200 / 12000 [ 10%]  (Warmup)
Chain 3: Iteration:  1200 / 12000 [ 10%]  (Warmup)
Chain 2: Iteration:  1200 / 12000 [ 10%]  (Warmup)
Chain 4: Iteration:  2400 / 12000 [ 20%]  (Warmup)
Chain 1: Iteration:  2400 / 12000 [ 20%]  (Warmup)
Chain 3: Iteration:  2400 / 12000 [ 20%]  (Warmup)
Chain 2: Iteration:  2400 / 12000 [ 20%]  (Warmup)
Chain 4: Iteration:  3600 / 12000 [ 30%]  (Warmup)
Chain 1: Iteration:  3600 / 12000 [ 30%]  (Warmup)
Chain 3: Iteration:  3600 / 12000 [ 30%]  (Warmup)
Chain 2: Iteration:  3600 / 12000 [ 30%]  (Warmup)
Chain 4: Iteration:  4800 / 12000 [ 40%]  (Warmup)
Chain 1: Iteration:  4800 / 12000 [ 40%]  (Warmup)
Chain 3: Iteration:  4800 / 12000 [ 40%]  (Warmup)
Chain 2: Iteration:  4800 / 12000 [ 40%]  (Warmup)
Chain 4: Iteration:  6000 / 12000 [ 50%]  (Warmup)
Chain 4: Iteration:  6001 / 12000 [ 50%]  (Sampling)
Chain 1: Iteration:  6000 / 12000 [ 50%]  (Warmup)
Chain 1: Iteration:  6001 / 12000 [ 50%]  (Sampling)
Chain 3: Iteration:  6000 / 12000 [ 50%]  (Warmup)
Chain 3: Iteration:  6001 / 12000 [ 50%]  (Sampling)
Chain 2: Iteration:  6000 / 12000 [ 50%]  (Warmup)
Chain 2: Iteration:  6001 / 12000 [ 50%]  (Sampling)
Chain 2: Iteration:  7200 / 12000 [ 60%]  (Sampling)
Chain 4: Iteration:  7200 / 12000 [ 60%]  (Sampling)
Chain 1: Iteration:  7200 / 12000 [ 60%]  (Sampling)
Chain 3: Iteration:  7200 / 12000 [ 60%]  (Sampling)
Chain 2: Iteration:  8400 / 12000 [ 70%]  (Sampling)
Chain 2: Iteration:  9600 / 12000 [ 80%]  (Sampling)
Chain 4: Iteration:  8400 / 12000 [ 70%]  (Sampling)
Chain 1: Iteration:  8400 / 12000 [ 70%]  (Sampling)
Chain 3: Iteration:  8400 / 12000 [ 70%]  (Sampling)
Chain 2: Iteration: 10800 / 12000 [ 90%]  (Sampling)
Chain 2: Iteration: 12000 / 12000 [100%]  (Sampling)
Chain 2: 
Chain 2:  Elapsed Time: 31.521 seconds (Warm-up)
Chain 2:                26.455 seconds (Sampling)
Chain 2:                57.976 seconds (Total)
Chain 2: 
Chain 4: Iteration:  9600 / 12000 [ 80%]  (Sampling)
Chain 1: Iteration:  9600 / 12000 [ 80%]  (Sampling)
Chain 3: Iteration:  9600 / 12000 [ 80%]  (Sampling)
Chain 4: Iteration: 10800 / 12000 [ 90%]  (Sampling)
Chain 1: Iteration: 10800 / 12000 [ 90%]  (Sampling)
Chain 3: Iteration: 10800 / 12000 [ 90%]  (Sampling)
Chain 4: Iteration: 12000 / 12000 [100%]  (Sampling)
Chain 4: 
Chain 4:  Elapsed Time: 29.596 seconds (Warm-up)
Chain 4:                48.025 seconds (Sampling)
Chain 4:                77.621 seconds (Total)
Chain 4: 
Chain 1: Iteration: 12000 / 12000 [100%]  (Sampling)
Chain 1: 
Chain 1:  Elapsed Time: 30.515 seconds (Warm-up)
Chain 1:                51.716 seconds (Sampling)
Chain 1:                82.231 seconds (Total)
Chain 1: 
Chain 3: Iteration: 12000 / 12000 [100%]  (Sampling)
Chain 3: 
Chain 3:  Elapsed Time: 30.937 seconds (Warm-up)
Chain 3:                52.268 seconds (Sampling)
Chain 3:                83.205 seconds (Total)
Chain 3: 
Done!
Fitting p2.json, 10/17

SAMPLING FOR MODEL 'anon_model' NOW (CHAIN 1).

SAMPLING FOR MODEL 'anon_model' NOW (CHAIN 2).
Chain 1: 
Chain 1: Gradient evaluation took 0.000243 seconds
Chain 1: 1000 transitions using 10 leapfrog steps per transition would take 2.43 seconds.
Chain 1: Adjust your expectations accordingly!
Chain 1: 
Chain 1: 
Chain 2: 
Chain 2: Gradient evaluation took 0.000223 seconds
Chain 2: 1000 transitions using 10 leapfrog steps per transition would take 2.23 seconds.
Chain 2: Adjust your expectations accordingly!
Chain 2: 
Chain 2: 

SAMPLING FOR MODEL 'anon_model' NOW (CHAIN 3).
Chain 1: Iteration:     1 / 12000 [  0%]  (Warmup)
Chain 3: 
Chain 3: Gradient evaluation took 0.000222 seconds
Chain 3: 1000 transitions using 10 leapfrog steps per transition would take 2.22 seconds.
Chain 3: Adjust your expectations accordingly!
Chain 3: 
Chain 3: 
Chain 2: Iteration:     1 / 12000 [  0%]  (Warmup)

SAMPLING FOR MODEL 'anon_model' NOW (CHAIN 4).
Chain 3: Iteration:     1 / 12000 [  0%]  (Warmup)
Chain 4: 
Chain 4: Gradient evaluation took 0.000222 seconds
Chain 4: 1000 transitions using 10 leapfrog steps per transition would take 2.22 seconds.
Chain 4: Adjust your expectations accordingly!
Chain 4: 
Chain 4: 
Chain 4: Iteration:     1 / 12000 [  0%]  (Warmup)
Chain 3: Iteration:  1200 / 12000 [ 10%]  (Warmup)
Chain 2: Iteration:  1200 / 12000 [ 10%]  (Warmup)
Chain 1: Iteration:  1200 / 12000 [ 10%]  (Warmup)
Chain 4: Iteration:  1200 / 12000 [ 10%]  (Warmup)
Chain 3: Iteration:  2400 / 12000 [ 20%]  (Warmup)
Chain 2: Iteration:  2400 / 12000 [ 20%]  (Warmup)
Chain 1: Iteration:  2400 / 12000 [ 20%]  (Warmup)
Chain 4: Iteration:  2400 / 12000 [ 20%]  (Warmup)
Chain 3: Iteration:  3600 / 12000 [ 30%]  (Warmup)
Chain 2: Iteration:  3600 / 12000 [ 30%]  (Warmup)
Chain 1: Iteration:  3600 / 12000 [ 30%]  (Warmup)
Chain 4: Iteration:  3600 / 12000 [ 30%]  (Warmup)
Chain 3: Iteration:  4800 / 12000 [ 40%]  (Warmup)
Chain 1: Iteration:  4800 / 12000 [ 40%]  (Warmup)
Chain 2: Iteration:  4800 / 12000 [ 40%]  (Warmup)
Chain 4: Iteration:  4800 / 12000 [ 40%]  (Warmup)
Chain 3: Iteration:  6000 / 12000 [ 50%]  (Warmup)
Chain 3: Iteration:  6001 / 12000 [ 50%]  (Sampling)
Chain 2: Iteration:  6000 / 12000 [ 50%]  (Warmup)
Chain 2: Iteration:  6001 / 12000 [ 50%]  (Sampling)
Chain 1: Iteration:  6000 / 12000 [ 50%]  (Warmup)
Chain 1: Iteration:  6001 / 12000 [ 50%]  (Sampling)
Chain 4: Iteration:  6000 / 12000 [ 50%]  (Warmup)
Chain 4: Iteration:  6001 / 12000 [ 50%]  (Sampling)
Chain 3: Iteration:  7200 / 12000 [ 60%]  (Sampling)
Chain 2: Iteration:  7200 / 12000 [ 60%]  (Sampling)
Chain 4: Iteration:  7200 / 12000 [ 60%]  (Sampling)
Chain 1: Iteration:  7200 / 12000 [ 60%]  (Sampling)
Chain 3: Iteration:  8400 / 12000 [ 70%]  (Sampling)
Chain 2: Iteration:  8400 / 12000 [ 70%]  (Sampling)
Chain 4: Iteration:  8400 / 12000 [ 70%]  (Sampling)
Chain 3: Iteration:  9600 / 12000 [ 80%]  (Sampling)
Chain 1: Iteration:  8400 / 12000 [ 70%]  (Sampling)
Chain 2: Iteration:  9600 / 12000 [ 80%]  (Sampling)
Chain 4: Iteration:  9600 / 12000 [ 80%]  (Sampling)
Chain 3: Iteration: 10800 / 12000 [ 90%]  (Sampling)
Chain 2: Iteration: 10800 / 12000 [ 90%]  (Sampling)
Chain 4: Iteration: 10800 / 12000 [ 90%]  (Sampling)
Chain 1: Iteration:  9600 / 12000 [ 80%]  (Sampling)
Chain 3: Iteration: 12000 / 12000 [100%]  (Sampling)
Chain 3: 
Chain 3:  Elapsed Time: 31.933 seconds (Warm-up)
Chain 3:                34.878 seconds (Sampling)
Chain 3:                66.811 seconds (Total)
Chain 3: 
Chain 2: Iteration: 12000 / 12000 [100%]  (Sampling)
Chain 2: 
Chain 2:  Elapsed Time: 32.911 seconds (Warm-up)
Chain 2:                34.99 seconds (Sampling)
Chain 2:                67.901 seconds (Total)
Chain 2: 
Chain 4: Iteration: 12000 / 12000 [100%]  (Sampling)
Chain 4: 
Chain 4:  Elapsed Time: 33.315 seconds (Warm-up)
Chain 4:                36.452 seconds (Sampling)
Chain 4:                69.767 seconds (Total)
Chain 4: 
Chain 1: Iteration: 10800 / 12000 [ 90%]  (Sampling)
Chain 1: Iteration: 12000 / 12000 [100%]  (Sampling)
Chain 1: 
Chain 1:  Elapsed Time: 33.16 seconds (Warm-up)
Chain 1:                50.156 seconds (Sampling)
Chain 1:                83.316 seconds (Total)
Chain 1: 
Done!
Fitting p3.json, 11/17

SAMPLING FOR MODEL 'anon_model' NOW (CHAIN 1).

SAMPLING FOR MODEL 'anon_model' NOW (CHAIN 2).
Chain 1: 
Chain 1: Gradient evaluation took 0.000224 seconds
Chain 1: 1000 transitions using 10 leapfrog steps per transition would take 2.24 seconds.
Chain 1: Adjust your expectations accordingly!
Chain 1: 
Chain 1: 
Chain 2: 
Chain 2: Gradient evaluation took 0.000226 seconds
Chain 2: 1000 transitions using 10 leapfrog steps per transition would take 2.26 seconds.
Chain 
SAMPLING FOR MODEL 'anon_model' NOW (CHAIN 3).
2: Adjust your expectations accordingly!
Chain 2: 
Chain 2: 
Chain 3: 
Chain 3: Gradient evaluation took 0.000227 seconds
Chain 3: 1000 transitions using 10 leapfrog steps per transition would take 2.27 seconds.
Chain 3: Adjust your expectations accordingly!
Chain 3: 
Chain 3: 
Chain 1: Iteration:     1 / 12000 [  0%]  (Warmup)

SAMPLING FOR MODEL 'anon_model' NOW (CHAIN 4).
Chain 2: Iteration:     1 / 12000 [  0%]  (Warmup)
Chain 4: 
Chain 4: Gradient evaluation took 0.000211 seconds
Chain 4: 1000 transitions using 10 leapfrog steps per transition would take 2.11 seconds.
Chain 4: Adjust your expectations accordingly!
Chain 4: 
Chain 4: 
Chain 3: Iteration:     1 / 12000 [  0%]  (Warmup)
Chain 4: Iteration:     1 / 12000 [  0%]  (Warmup)
Chain 3: Iteration:  1200 / 12000 [ 10%]  (Warmup)
Chain 4: Iteration:  1200 / 12000 [ 10%]  (Warmup)
Chain 2: Iteration:  1200 / 12000 [ 10%]  (Warmup)
Chain 1: Iteration:  1200 / 12000 [ 10%]  (Warmup)
Chain 3: Iteration:  2400 / 12000 [ 20%]  (Warmup)
Chain 4: Iteration:  2400 / 12000 [ 20%]  (Warmup)
Chain 2: Iteration:  2400 / 12000 [ 20%]  (Warmup)
Chain 1: Iteration:  2400 / 12000 [ 20%]  (Warmup)
Chain 3: Iteration:  3600 / 12000 [ 30%]  (Warmup)
Chain 4: Iteration:  3600 / 12000 [ 30%]  (Warmup)
Chain 2: Iteration:  3600 / 12000 [ 30%]  (Warmup)
Chain 1: Iteration:  3600 / 12000 [ 30%]  (Warmup)
Chain 4: Iteration:  4800 / 12000 [ 40%]  (Warmup)
Chain 3: Iteration:  4800 / 12000 [ 40%]  (Warmup)
Chain 2: Iteration:  4800 / 12000 [ 40%]  (Warmup)
Chain 1: Iteration:  4800 / 12000 [ 40%]  (Warmup)
Chain 3: Iteration:  6000 / 12000 [ 50%]  (Warmup)
Chain 3: Iteration:  6001 / 12000 [ 50%]  (Sampling)
Chain 4: Iteration:  6000 / 12000 [ 50%]  (Warmup)
Chain 4: Iteration:  6001 / 12000 [ 50%]  (Sampling)
Chain 2: Iteration:  6000 / 12000 [ 50%]  (Warmup)
Chain 2: Iteration:  6001 / 12000 [ 50%]  (Sampling)
Chain 1: Iteration:  6000 / 12000 [ 50%]  (Warmup)
Chain 1: Iteration:  6001 / 12000 [ 50%]  (Sampling)
Chain 3: Iteration:  7200 / 12000 [ 60%]  (Sampling)
Chain 3: Iteration:  8400 / 12000 [ 70%]  (Sampling)
Chain 4: Iteration:  7200 / 12000 [ 60%]  (Sampling)
Chain 2: Iteration:  7200 / 12000 [ 60%]  (Sampling)
Chain 1: Iteration:  7200 / 12000 [ 60%]  (Sampling)
Chain 3: Iteration:  9600 / 12000 [ 80%]  (Sampling)
Chain 3: Iteration: 10800 / 12000 [ 90%]  (Sampling)
Chain 4: Iteration:  8400 / 12000 [ 70%]  (Sampling)
Chain 2: Iteration:  8400 / 12000 [ 70%]  (Sampling)
Chain 1: Iteration:  8400 / 12000 [ 70%]  (Sampling)
Chain 3: Iteration: 12000 / 12000 [100%]  (Sampling)
Chain 3: 
Chain 3:  Elapsed Time: 26.9 seconds (Warm-up)
Chain 3:                21.504 seconds (Sampling)
Chain 3:                48.404 seconds (Total)
Chain 3: 
Chain 4: Iteration:  9600 / 12000 [ 80%]  (Sampling)
Chain 2: Iteration:  9600 / 12000 [ 80%]  (Sampling)
Chain 1: Iteration:  9600 / 12000 [ 80%]  (Sampling)
Chain 4: Iteration: 10800 / 12000 [ 90%]  (Sampling)
Chain 2: Iteration: 10800 / 12000 [ 90%]  (Sampling)
Chain 1: Iteration: 10800 / 12000 [ 90%]  (Sampling)
Chain 4: Iteration: 12000 / 12000 [100%]  (Sampling)
Chain 4: 
Chain 4:  Elapsed Time: 27.065 seconds (Warm-up)
Chain 4:                44.334 seconds (Sampling)
Chain 4:                71.399 seconds (Total)
Chain 4: 
Chain 2: Iteration: 12000 / 12000 [100%]  (Sampling)
Chain 2: 
Chain 2:  Elapsed Time: 27.71 seconds (Warm-up)
Chain 2:                44.186 seconds (Sampling)
Chain 2:                71.896 seconds (Total)
Chain 2: 
Chain 1: Iteration: 12000 / 12000 [100%]  (Sampling)
Chain 1: 
Chain 1:  Elapsed Time: 28.911 seconds (Warm-up)
Chain 1:                47.356 seconds (Sampling)
Chain 1:                76.267 seconds (Total)
Chain 1: 
Done!
Fitting p4.json, 12/17

SAMPLING FOR MODEL 'anon_model' NOW (CHAIN 1).
Chain 1: 
Chain 1: Gradient evaluation took 0.000243 seconds
Chain 1: 1000 transitions using 10 leapfrog steps per transition would take 2.43 seconds.
Chain 1: Adjust your expectations accordingly!
Chain 1: 
Chain 1: 

SAMPLING FOR MODEL 'anon_model' NOW (CHAIN 2).
Chain 1: Iteration:     1 / 12000 [  0%]  (Warmup)

SAMPLING FOR MODEL 'anon_model' NOW (CHAIN 3).
Chain 2: 
Chain 2: Gradient evaluation took 0.000226 seconds
Chain 2: 1000 transitions using 10 leapfrog steps per transition would take 2.26 seconds.
Chain 2: Adjust your expectations accordingly!
Chain 2: 
Chain 2: 
Chain 3: 
Chain 3: Gradient evaluation took 0.00031 seconds
Chain 3: 1000 transitions using 10 leapfrog steps per transition would take 3.1 seconds.
Chain 3: Adjust your expectations accordingly!
Chain 3: 
Chain 3: 
Chain 2: Iteration:     1 / 12000 [  0%]  (Warmup)

SAMPLING FOR MODEL 'anon_model' NOW (CHAIN 4).
Chain 3: Iteration:     1 / 12000 [  0%]  (Warmup)
Chain 4: 
Chain 4: Gradient evaluation took 0.000224 seconds
Chain 4: 1000 transitions using 10 leapfrog steps per transition would take 2.24 seconds.
Chain 4: Adjust your expectations accordingly!
Chain 4: 
Chain 4: 
Chain 4: Iteration:     1 / 12000 [  0%]  (Warmup)
Chain 3: Iteration:  1200 / 12000 [ 10%]  (Warmup)
Chain 2: Iteration:  1200 / 12000 [ 10%]  (Warmup)
Chain 4: Iteration:  1200 / 12000 [ 10%]  (Warmup)
Chain 1: Iteration:  1200 / 12000 [ 10%]  (Warmup)
Chain 3: Iteration:  2400 / 12000 [ 20%]  (Warmup)
Chain 2: Iteration:  2400 / 12000 [ 20%]  (Warmup)
Chain 4: Iteration:  2400 / 12000 [ 20%]  (Warmup)
Chain 1: Iteration:  2400 / 12000 [ 20%]  (Warmup)
Chain 3: Iteration:  3600 / 12000 [ 30%]  (Warmup)
Chain 2: Iteration:  3600 / 12000 [ 30%]  (Warmup)
Chain 4: Iteration:  3600 / 12000 [ 30%]  (Warmup)
Chain 1: Iteration:  3600 / 12000 [ 30%]  (Warmup)
Chain 3: Iteration:  4800 / 12000 [ 40%]  (Warmup)
Chain 2: Iteration:  4800 / 12000 [ 40%]  (Warmup)
Chain 4: Iteration:  4800 / 12000 [ 40%]  (Warmup)
Chain 1: Iteration:  4800 / 12000 [ 40%]  (Warmup)
Chain 3: Iteration:  6000 / 12000 [ 50%]  (Warmup)
Chain 3: Iteration:  6001 / 12000 [ 50%]  (Sampling)
Chain 2: Iteration:  6000 / 12000 [ 50%]  (Warmup)
Chain 2: Iteration:  6001 / 12000 [ 50%]  (Sampling)
Chain 4: Iteration:  6000 / 12000 [ 50%]  (Warmup)
Chain 4: Iteration:  6001 / 12000 [ 50%]  (Sampling)
Chain 1: Iteration:  6000 / 12000 [ 50%]  (Warmup)
Chain 1: Iteration:  6001 / 12000 [ 50%]  (Sampling)
Chain 3: Iteration:  7200 / 12000 [ 60%]  (Sampling)
Chain 2: Iteration:  7200 / 12000 [ 60%]  (Sampling)
Chain 1: Iteration:  7200 / 12000 [ 60%]  (Sampling)
Chain 4: Iteration:  7200 / 12000 [ 60%]  (Sampling)
Chain 3: Iteration:  8400 / 12000 [ 70%]  (Sampling)
Chain 1: Iteration:  8400 / 12000 [ 70%]  (Sampling)
Chain 4: Iteration:  8400 / 12000 [ 70%]  (Sampling)
Chain 2: Iteration:  8400 / 12000 [ 70%]  (Sampling)
Chain 3: Iteration:  9600 / 12000 [ 80%]  (Sampling)
Chain 1: Iteration:  9600 / 12000 [ 80%]  (Sampling)
Chain 4: Iteration:  9600 / 12000 [ 80%]  (Sampling)
Chain 3: Iteration: 10800 / 12000 [ 90%]  (Sampling)
Chain 2: Iteration:  9600 / 12000 [ 80%]  (Sampling)
Chain 1: Iteration: 10800 / 12000 [ 90%]  (Sampling)
Chain 3: Iteration: 12000 / 12000 [100%]  (Sampling)
Chain 3: 
Chain 3:  Elapsed Time: 34.794 seconds (Warm-up)
Chain 3:                30.183 seconds (Sampling)
Chain 3:                64.977 seconds (Total)
Chain 3: 
Chain 4: Iteration: 10800 / 12000 [ 90%]  (Sampling)
Chain 1: Iteration: 12000 / 12000 [100%]  (Sampling)
Chain 1: 
Chain 1:  Elapsed Time: 38.017 seconds (Warm-up)
Chain 1:                28.801 seconds (Sampling)
Chain 1:                66.818 seconds (Total)
Chain 1: 
Chain 2: Iteration: 10800 / 12000 [ 90%]  (Sampling)
Chain 4: Iteration: 12000 / 12000 [100%]  (Sampling)
Chain 4: 
Chain 4:  Elapsed Time: 36.854 seconds (Warm-up)
Chain 4:                35.461 seconds (Sampling)
Chain 4:                72.315 seconds (Total)
Chain 4: 
Chain 2: Iteration: 12000 / 12000 [100%]  (Sampling)
Chain 2: 
Chain 2:  Elapsed Time: 35.734 seconds (Warm-up)
Chain 2:                39.315 seconds (Sampling)
Chain 2:                75.049 seconds (Total)
Chain 2: 
Done!
Fitting p5.json, 13/17

SAMPLING FOR MODEL 'anon_model' NOW (CHAIN 1).
Chain 1: 
Chain 1: Gradient evaluation took 0.000234 seconds
Chain 1: 1000 transitions using 10 leapfrog steps per transition would take 2.34 seconds.
Chain 1: Adjust your expectations accordingly!
Chain 1: 
Chain 1: 
Chain 1: Iteration:     1 / 12000 [  0%]  (Warmup)

SAMPLING FOR MODEL 'anon_model' NOW (CHAIN 2).
Chain 2: 
Chain 2: Gradient evaluation took 0.000232 seconds
Chain 2: 1000 transitions using 10 leapfrog steps per transition would take 2.32 seconds.
Chain 2: Adjust your expectations accordingly!
Chain 2: 
Chain 2: 

SAMPLING FOR MODEL 'anon_model' NOW (CHAIN 3).
Chain 2: Iteration:     1 / 12000 [  0%]  (Warmup)
Chain 3: 
Chain 3: Gradient evaluation took 0.000223 seconds
Chain 3: 1000 transitions using 10 leapfrog steps per transition would take 2.23 seconds.
Chain 3: Adjust your expectations accordingly!
Chain 3: 
Chain 3: 

SAMPLING FOR MODEL 'anon_model' NOW (CHAIN 4).
Chain 4: 
Chain 4: Gradient evaluation took 0.00022 seconds
Chain 4: 1000 transitions using 10 leapfrog steps per transition would take 2.2 seconds.
Chain 4: Adjust your expectations accordingly!
Chain 4: 
Chain 4: 
Chain 3: Iteration:     1 / 12000 [  0%]  (Warmup)
Chain 4: Iteration:     1 / 12000 [  0%]  (Warmup)
Chain 4: Iteration:  1200 / 12000 [ 10%]  (Warmup)
Chain 3: Iteration:  1200 / 12000 [ 10%]  (Warmup)
Chain 1: Iteration:  1200 / 12000 [ 10%]  (Warmup)
Chain 2: Iteration:  1200 / 12000 [ 10%]  (Warmup)
Chain 4: Iteration:  2400 / 12000 [ 20%]  (Warmup)
Chain 3: Iteration:  2400 / 12000 [ 20%]  (Warmup)
Chain 1: Iteration:  2400 / 12000 [ 20%]  (Warmup)
Chain 2: Iteration:  2400 / 12000 [ 20%]  (Warmup)
Chain 4: Iteration:  3600 / 12000 [ 30%]  (Warmup)
Chain 3: Iteration:  3600 / 12000 [ 30%]  (Warmup)
Chain 1: Iteration:  3600 / 12000 [ 30%]  (Warmup)
Chain 2: Iteration:  3600 / 12000 [ 30%]  (Warmup)
Chain 4: Iteration:  4800 / 12000 [ 40%]  (Warmup)
Chain 3: Iteration:  4800 / 12000 [ 40%]  (Warmup)
Chain 1: Iteration:  4800 / 12000 [ 40%]  (Warmup)
Chain 2: Iteration:  4800 / 12000 [ 40%]  (Warmup)
Chain 4: Iteration:  6000 / 12000 [ 50%]  (Warmup)
Chain 4: Iteration:  6001 / 12000 [ 50%]  (Sampling)
Chain 3: Iteration:  6000 / 12000 [ 50%]  (Warmup)
Chain 3: Iteration:  6001 / 12000 [ 50%]  (Sampling)
Chain 1: Iteration:  6000 / 12000 [ 50%]  (Warmup)
Chain 1: Iteration:  6001 / 12000 [ 50%]  (Sampling)
Chain 2: Iteration:  6000 / 12000 [ 50%]  (Warmup)
Chain 2: Iteration:  6001 / 12000 [ 50%]  (Sampling)
Chain 1: Iteration:  7200 / 12000 [ 60%]  (Sampling)
Chain 4: Iteration:  7200 / 12000 [ 60%]  (Sampling)
Chain 3: Iteration:  7200 / 12000 [ 60%]  (Sampling)
Chain 2: Iteration:  7200 / 12000 [ 60%]  (Sampling)
Chain 1: Iteration:  8400 / 12000 [ 70%]  (Sampling)
Chain 4: Iteration:  8400 / 12000 [ 70%]  (Sampling)
Chain 2: Iteration:  8400 / 12000 [ 70%]  (Sampling)
Chain 1: Iteration:  9600 / 12000 [ 80%]  (Sampling)
Chain 3: Iteration:  8400 / 12000 [ 70%]  (Sampling)
Chain 1: Iteration: 10800 / 12000 [ 90%]  (Sampling)
Chain 2: Iteration:  9600 / 12000 [ 80%]  (Sampling)
Chain 4: Iteration:  9600 / 12000 [ 80%]  (Sampling)
Chain 3: Iteration:  9600 / 12000 [ 80%]  (Sampling)
Chain 1: Iteration: 12000 / 12000 [100%]  (Sampling)
Chain 1: 
Chain 1:  Elapsed Time: 30.958 seconds (Warm-up)
Chain 1:                28.384 seconds (Sampling)
Chain 1:                59.342 seconds (Total)
Chain 1: 
Chain 2: Iteration: 10800 / 12000 [ 90%]  (Sampling)
Chain 4: Iteration: 10800 / 12000 [ 90%]  (Sampling)
Chain 3: Iteration: 10800 / 12000 [ 90%]  (Sampling)
Chain 2: Iteration: 12000 / 12000 [100%]  (Sampling)
Chain 2: 
Chain 2:  Elapsed Time: 31.973 seconds (Warm-up)
Chain 2:                37.466 seconds (Sampling)
Chain 2:                69.439 seconds (Total)
Chain 2: 
Chain 4: Iteration: 12000 / 12000 [100%]  (Sampling)
Chain 4: 
Chain 4:  Elapsed Time: 29.845 seconds (Warm-up)
Chain 4:                40.923 seconds (Sampling)
Chain 4:                70.768 seconds (Total)
Chain 4: 
Chain 3: Iteration: 12000 / 12000 [100%]  (Sampling)
Chain 3: 
Chain 3:  Elapsed Time: 30.592 seconds (Warm-up)
Chain 3:                44.412 seconds (Sampling)
Chain 3:                75.004 seconds (Total)
Chain 3: 
Done!
Fitting p6.json, 14/17

SAMPLING FOR MODEL 'anon_model' NOW (CHAIN 1).
Chain 1: 
Chain 1: Gradient evaluation took 0.000232 seconds
Chain 1: 1000 transitions using 10 leapfrog steps per transition would take 2.32 seconds.
Chain 1: Adjust your expectations accordingly!
Chain 1: 
Chain 1: 

SAMPLING FOR MODEL 'anon_model' NOW (CHAIN 2).
Chain 1: Iteration:     1 / 12000 [  0%]  (Warmup)
Chain 2: 
Chain 2: Gradient evaluation took 0.000222 seconds
Chain 2: 1000 transitions using 10 leapfrog steps per transition would take 2.22 seconds.
Chain 2: Adjust your expectations accordingly!
Chain 2: 
Chain 2: 

SAMPLING FOR MODEL 'anon_model' NOW (CHAIN 3).
Chain 2: Iteration:     1 / 12000 [  0%]  (Warmup)
Chain 3: 
Chain 3: Gradient evaluation took 0.0003 seconds
Chain 3: 1000 transitions using 10 leapfrog steps per transition would take 3 seconds.
Chain 3: Adjust your expectations accordingly!
Chain 3: 
Chain 3: 

SAMPLING FOR MODEL 'anon_model' NOW (CHAIN 4).
Chain 4: 
Chain 4: Gradient evaluation took 0.000221 seconds
Chain 4: 1000 transitions using 10 leapfrog steps per transition would take 2.21 seconds.
Chain 4: Adjust your expectations accordingly!
Chain 4: 
Chain 4: 
Chain 3: Iteration:     1 / 12000 [  0%]  (Warmup)
Chain 4: Iteration:     1 / 12000 [  0%]  (Warmup)
Chain 2: Iteration:  1200 / 12000 [ 10%]  (Warmup)
Chain 4: Iteration:  1200 / 12000 [ 10%]  (Warmup)
Chain 3: Iteration:  1200 / 12000 [ 10%]  (Warmup)
Chain 1: Iteration:  1200 / 12000 [ 10%]  (Warmup)
Chain 4: Iteration:  2400 / 12000 [ 20%]  (Warmup)
Chain 2: Iteration:  2400 / 12000 [ 20%]  (Warmup)
Chain 3: Iteration:  2400 / 12000 [ 20%]  (Warmup)
Chain 1: Iteration:  2400 / 12000 [ 20%]  (Warmup)
Chain 4: Iteration:  3600 / 12000 [ 30%]  (Warmup)
Chain 3: Iteration:  3600 / 12000 [ 30%]  (Warmup)
Chain 2: Iteration:  3600 / 12000 [ 30%]  (Warmup)
Chain 1: Iteration:  3600 / 12000 [ 30%]  (Warmup)
Chain 3: Iteration:  4800 / 12000 [ 40%]  (Warmup)
Chain 4: Iteration:  4800 / 12000 [ 40%]  (Warmup)
Chain 2: Iteration:  4800 / 12000 [ 40%]  (Warmup)
Chain 1: Iteration:  4800 / 12000 [ 40%]  (Warmup)
Chain 3: Iteration:  6000 / 12000 [ 50%]  (Warmup)
Chain 3: Iteration:  6001 / 12000 [ 50%]  (Sampling)
Chain 4: Iteration:  6000 / 12000 [ 50%]  (Warmup)
Chain 4: Iteration:  6001 / 12000 [ 50%]  (Sampling)
Chain 2: Iteration:  6000 / 12000 [ 50%]  (Warmup)
Chain 2: Iteration:  6001 / 12000 [ 50%]  (Sampling)
Chain 1: Iteration:  6000 / 12000 [ 50%]  (Warmup)
Chain 1: Iteration:  6001 / 12000 [ 50%]  (Sampling)
Chain 3: Iteration:  7200 / 12000 [ 60%]  (Sampling)
Chain 2: Iteration:  7200 / 12000 [ 60%]  (Sampling)
Chain 4: Iteration:  7200 / 12000 [ 60%]  (Sampling)
Chain 1: Iteration:  7200 / 12000 [ 60%]  (Sampling)
Chain 3: Iteration:  8400 / 12000 [ 70%]  (Sampling)
Chain 2: Iteration:  8400 / 12000 [ 70%]  (Sampling)
Chain 4: Iteration:  8400 / 12000 [ 70%]  (Sampling)
Chain 3: Iteration:  9600 / 12000 [ 80%]  (Sampling)
Chain 1: Iteration:  8400 / 12000 [ 70%]  (Sampling)
Chain 2: Iteration:  9600 / 12000 [ 80%]  (Sampling)
Chain 3: Iteration: 10800 / 12000 [ 90%]  (Sampling)
Chain 4: Iteration:  9600 / 12000 [ 80%]  (Sampling)
Chain 2: Iteration: 10800 / 12000 [ 90%]  (Sampling)
Chain 1: Iteration:  9600 / 12000 [ 80%]  (Sampling)
Chain 3: Iteration: 12000 / 12000 [100%]  (Sampling)
Chain 3: 
Chain 3:  Elapsed Time: 26.324 seconds (Warm-up)
Chain 3:                24.481 seconds (Sampling)
Chain 3:                50.805 seconds (Total)
Chain 3: 
Chain 2: Iteration: 12000 / 12000 [100%]  (Sampling)
Chain 2: 
Chain 2:  Elapsed Time: 26.9 seconds (Warm-up)
Chain 2:                25.474 seconds (Sampling)
Chain 2:                52.374 seconds (Total)
Chain 2: 
Chain 4: Iteration: 10800 / 12000 [ 90%]  (Sampling)
Chain 1: Iteration: 10800 / 12000 [ 90%]  (Sampling)
Chain 4: Iteration: 12000 / 12000 [100%]  (Sampling)
Chain 4: 
Chain 4:  Elapsed Time: 26.781 seconds (Warm-up)
Chain 4:                33.524 seconds (Sampling)
Chain 4:                60.305 seconds (Total)
Chain 4: 
Chain 1: Iteration: 12000 / 12000 [100%]  (Sampling)
Chain 1: 
Chain 1:  Elapsed Time: 27.688 seconds (Warm-up)
Chain 1:                34.22 seconds (Sampling)
Chain 1:                61.908 seconds (Total)
Chain 1: 
Done!
Fitting p7.json, 15/17

SAMPLING FOR MODEL 'anon_model' NOW (CHAIN 1).

SAMPLING FOR MODEL 'anon_model' NOW (CHAIN 2).
Chain 1: 
Chain 1: Gradient evaluation took 0.000347 seconds
Chain 1: 1000 transitions using 10 leapfrog steps per transition would take 3.47 seconds.
Chain 1: Adjust your expectations accordingly!
Chain 1: 
Chain 1: 
Chain 2: 
Chain 2: Gradient evaluation took 0.000286 seconds
Chain 2: 1000 transitions using 10 leapfrog steps per transition would take 2.86 seconds.
Chain 2: Adjust your expectations accordingly!
Chain 2: 
Chain 2: 
Chain 1: Iteration:     1 / 12000 [  0%]  (Warmup)

SAMPLING FOR MODEL 'anon_model' NOW (CHAIN 3).
Chain 2: Iteration:     1 / 12000 [  0%]  (Warmup)
Chain 3: 
Chain 3: Gradient evaluation took 0.000291 seconds
Chain 3: 1000 transitions using 10 leapfrog steps per transition would take 2.91 seconds.
Chain 3: Adjust your expectations accordingly!
Chain 3: 
Chain 3: 

SAMPLING FOR MODEL 'anon_model' NOW (CHAIN 4).
Chain 4: 
Chain 4: Gradient evaluation took 0.000266 seconds
Chain 4: 1000 transitions using 10 leapfrog steps per transition would take 2.66 seconds.
Chain 4: Adjust your expectations accordingly!
Chain 4: 
Chain 4: 
Chain 3: Iteration:     1 / 12000 [  0%]  (Warmup)
Chain 4: Iteration:     1 / 12000 [  0%]  (Warmup)
Chain 2: Iteration:  1200 / 12000 [ 10%]  (Warmup)
Chain 3: Iteration:  1200 / 12000 [ 10%]  (Warmup)
Chain 4: Iteration:  1200 / 12000 [ 10%]  (Warmup)
Chain 1: Iteration:  1200 / 12000 [ 10%]  (Warmup)
Chain 2: Iteration:  2400 / 12000 [ 20%]  (Warmup)
Chain 3: Iteration:  2400 / 12000 [ 20%]  (Warmup)
Chain 4: Iteration:  2400 / 12000 [ 20%]  (Warmup)
Chain 1: Iteration:  2400 / 12000 [ 20%]  (Warmup)
Chain 2: Iteration:  3600 / 12000 [ 30%]  (Warmup)
Chain 3: Iteration:  3600 / 12000 [ 30%]  (Warmup)
Chain 4: Iteration:  3600 / 12000 [ 30%]  (Warmup)
Chain 1: Iteration:  3600 / 12000 [ 30%]  (Warmup)
Chain 2: Iteration:  4800 / 12000 [ 40%]  (Warmup)
Chain 3: Iteration:  4800 / 12000 [ 40%]  (Warmup)
Chain 4: Iteration:  4800 / 12000 [ 40%]  (Warmup)
Chain 1: Iteration:  4800 / 12000 [ 40%]  (Warmup)
Chain 2: Iteration:  6000 / 12000 [ 50%]  (Warmup)
Chain 2: Iteration:  6001 / 12000 [ 50%]  (Sampling)
Chain 3: Iteration:  6000 / 12000 [ 50%]  (Warmup)
Chain 3: Iteration:  6001 / 12000 [ 50%]  (Sampling)
Chain 4: Iteration:  6000 / 12000 [ 50%]  (Warmup)
Chain 4: Iteration:  6001 / 12000 [ 50%]  (Sampling)
Chain 1: Iteration:  6000 / 12000 [ 50%]  (Warmup)
Chain 1: Iteration:  6001 / 12000 [ 50%]  (Sampling)
Chain 3: Iteration:  7200 / 12000 [ 60%]  (Sampling)
Chain 2: Iteration:  7200 / 12000 [ 60%]  (Sampling)
Chain 3: Iteration:  8400 / 12000 [ 70%]  (Sampling)
Chain 4: Iteration:  7200 / 12000 [ 60%]  (Sampling)
Chain 1: Iteration:  7200 / 12000 [ 60%]  (Sampling)
Chain 3: Iteration:  9600 / 12000 [ 80%]  (Sampling)
Chain 2: Iteration:  8400 / 12000 [ 70%]  (Sampling)
Chain 3: Iteration: 10800 / 12000 [ 90%]  (Sampling)
Chain 1: Iteration:  8400 / 12000 [ 70%]  (Sampling)
Chain 4: Iteration:  8400 / 12000 [ 70%]  (Sampling)
Chain 3: Iteration: 12000 / 12000 [100%]  (Sampling)
Chain 3: 
Chain 3:  Elapsed Time: 23.018 seconds (Warm-up)
Chain 3:                18.094 seconds (Sampling)
Chain 3:                41.112 seconds (Total)
Chain 3: 
Chain 2: Iteration:  9600 / 12000 [ 80%]  (Sampling)
Chain 1: Iteration:  9600 / 12000 [ 80%]  (Sampling)
Chain 4: Iteration:  9600 / 12000 [ 80%]  (Sampling)
Chain 2: Iteration: 10800 / 12000 [ 90%]  (Sampling)
Chain 1: Iteration: 10800 / 12000 [ 90%]  (Sampling)
Chain 2: Iteration: 12000 / 12000 [100%]  (Sampling)
Chain 2: 
Chain 2:  Elapsed Time: 22.704 seconds (Warm-up)
Chain 2:                30.615 seconds (Sampling)
Chain 2:                53.319 seconds (Total)
Chain 2: 
Chain 4: Iteration: 10800 / 12000 [ 90%]  (Sampling)
Chain 1: Iteration: 12000 / 12000 [100%]  (Sampling)
Chain 1: 
Chain 1:  Elapsed Time: 23.802 seconds (Warm-up)
Chain 1:                36.191 seconds (Sampling)
Chain 1:                59.993 seconds (Total)
Chain 1: 
Chain 4: Iteration: 12000 / 12000 [100%]  (Sampling)
Chain 4: 
Chain 4:  Elapsed Time: 23.457 seconds (Warm-up)
Chain 4:                37.771 seconds (Sampling)
Chain 4:                61.228 seconds (Total)
Chain 4: 
Done!
Fitting p8.json, 16/17

SAMPLING FOR MODEL 'anon_model' NOW (CHAIN 1).
Chain 1: 
Chain 1: Gradient evaluation took 0.000237 seconds
Chain 1: 1000 transitions using 10 leapfrog steps per transition would take 2.37 seconds.
Chain 1: Adjust your expectations accordingly!
Chain 1: 
Chain 1: 

SAMPLING FOR MODEL 'anon_model' NOW (CHAIN 2).
Chain 2: 
Chain 2: Gradient evaluation took 0.000227 seconds
Chain 2: 1000 transitions using 10 leapfrog steps per transition would take 2.27 seconds.
Chain 2: Adjust your expectations accordingly!
Chain 2: 
Chain 2: 
Chain 1: Iteration:     1 / 12000 [  0%]  (Warmup)

SAMPLING FOR MODEL 'anon_model' NOW (CHAIN 3).
Chain 3: 
Chain 3: Gradient evaluation took 0.000217 seconds
Chain 3: 1000 transitions using 10 leapfrog steps per transition would take 2.17 seconds.
Chain 3: Adjust your expectations accordingly!
Chain 3: 
Chain 3: 

SAMPLING FOR MODEL 'anon_model' NOW (CHAIN 4).
Chain 2: Iteration:     1 / 12000 [  0%]  (Warmup)
Chain 4: 
Chain 4: Gradient evaluation took 0.000226 seconds
Chain 4: 1000 transitions using 10 leapfrog steps per transition would take 2.26 seconds.
Chain 4: Adjust your expectations accordingly!
Chain 4: 
Chain 4: 
Chain 3: Iteration:     1 / 12000 [  0%]  (Warmup)
Chain 4: Iteration:     1 / 12000 [  0%]  (Warmup)
Chain 2: Iteration:  1200 / 12000 [ 10%]  (Warmup)
Chain 1: Iteration:  1200 / 12000 [ 10%]  (Warmup)
Chain 3: Iteration:  1200 / 12000 [ 10%]  (Warmup)
Chain 4: Iteration:  1200 / 12000 [ 10%]  (Warmup)
Chain 1: Iteration:  2400 / 12000 [ 20%]  (Warmup)
Chain 2: Iteration:  2400 / 12000 [ 20%]  (Warmup)
Chain 3: Iteration:  2400 / 12000 [ 20%]  (Warmup)
Chain 4: Iteration:  2400 / 12000 [ 20%]  (Warmup)
Chain 1: Iteration:  3600 / 12000 [ 30%]  (Warmup)
Chain 2: Iteration:  3600 / 12000 [ 30%]  (Warmup)
Chain 3: Iteration:  3600 / 12000 [ 30%]  (Warmup)
Chain 4: Iteration:  3600 / 12000 [ 30%]  (Warmup)
Chain 1: Iteration:  4800 / 12000 [ 40%]  (Warmup)
Chain 2: Iteration:  4800 / 12000 [ 40%]  (Warmup)
Chain 3: Iteration:  4800 / 12000 [ 40%]  (Warmup)
Chain 4: Iteration:  4800 / 12000 [ 40%]  (Warmup)
Chain 1: Iteration:  6000 / 12000 [ 50%]  (Warmup)
Chain 1: Iteration:  6001 / 12000 [ 50%]  (Sampling)
Chain 3: Iteration:  6000 / 12000 [ 50%]  (Warmup)
Chain 3: Iteration:  6001 / 12000 [ 50%]  (Sampling)
Chain 2: Iteration:  6000 / 12000 [ 50%]  (Warmup)
Chain 2: Iteration:  6001 / 12000 [ 50%]  (Sampling)
Chain 4: Iteration:  6000 / 12000 [ 50%]  (Warmup)
Chain 4: Iteration:  6001 / 12000 [ 50%]  (Sampling)
Chain 3: Iteration:  7200 / 12000 [ 60%]  (Sampling)
Chain 1: Iteration:  7200 / 12000 [ 60%]  (Sampling)
Chain 2: Iteration:  7200 / 12000 [ 60%]  (Sampling)
Chain 4: Iteration:  7200 / 12000 [ 60%]  (Sampling)
Chain 3: Iteration:  8400 / 12000 [ 70%]  (Sampling)
Chain 1: Iteration:  8400 / 12000 [ 70%]  (Sampling)
Chain 3: Iteration:  9600 / 12000 [ 80%]  (Sampling)
Chain 2: Iteration:  8400 / 12000 [ 70%]  (Sampling)
Chain 4: Iteration:  8400 / 12000 [ 70%]  (Sampling)
Chain 3: Iteration: 10800 / 12000 [ 90%]  (Sampling)
Chain 1: Iteration:  9600 / 12000 [ 80%]  (Sampling)
Chain 4: Iteration:  9600 / 12000 [ 80%]  (Sampling)
Chain 2: Iteration:  9600 / 12000 [ 80%]  (Sampling)
Chain 3: Iteration: 12000 / 12000 [100%]  (Sampling)
Chain 3: 
Chain 3:  Elapsed Time: 22.008 seconds (Warm-up)
Chain 3:                23.801 seconds (Sampling)
Chain 3:                45.809 seconds (Total)
Chain 3: 
Chain 1: Iteration: 10800 / 12000 [ 90%]  (Sampling)
Chain 4: Iteration: 10800 / 12000 [ 90%]  (Sampling)
Chain 2: Iteration: 10800 / 12000 [ 90%]  (Sampling)
Chain 1: Iteration: 12000 / 12000 [100%]  (Sampling)
Chain 1: 
Chain 1:  Elapsed Time: 21.626 seconds (Warm-up)
Chain 1:                34.006 seconds (Sampling)
Chain 1:                55.632 seconds (Total)
Chain 1: 
Chain 4: Iteration: 12000 / 12000 [100%]  (Sampling)
Chain 4: 
Chain 4:  Elapsed Time: 23.444 seconds (Warm-up)
Chain 4:                35.056 seconds (Sampling)
Chain 4:                58.5 seconds (Total)
Chain 4: 
Chain 2: Iteration: 12000 / 12000 [100%]  (Sampling)
Chain 2: 
Chain 2:  Elapsed Time: 22.456 seconds (Warm-up)
Chain 2:                36.361 seconds (Sampling)
Chain 2:                58.817 seconds (Total)
Chain 2: 
Done!
Fitting p9.json, 17/17

SAMPLING FOR MODEL 'anon_model' NOW (CHAIN 1).
Chain 1: 
Chain 1: Gradient evaluation took 0.000213 seconds
Chain 1: 1000 transitions using 10 leapfrog steps per transition would take 2.13 seconds.
Chain 1: Adjust your expectations accordingly!
Chain 1: 
Chain 1: 

SAMPLING FOR MODEL 'anon_model' NOW (CHAIN 2).
Chain 2: 
Chain 2: Gradient evaluation took 0.000219 seconds
Chain 2: 1000 transitions using 10 leapfrog steps per transition would take 2.19 seconds.
Chain 2: Adjust your expectations accordingly!
Chain 2: 
Chain 2: 
Chain 1: Iteration:     1 / 12000 [  0%]  (Warmup)

SAMPLING FOR MODEL 'anon_model' NOW (CHAIN 3).
Chain 3: 
Chain 3: Gradient evaluation took 0.00022 seconds
Chain 3: 1000 transitions using 10 leapfrog steps per transition would take 2.2 seconds.
Chain 3: Adjust your expectations accordingly!
Chain 3: 
Chain 3: 
Chain 2: Iteration:     1 / 12000 [  0%]  (Warmup)

SAMPLING FOR MODEL 'anon_model' NOW (CHAIN 4).
Chain 3: Iteration:     1 / 12000 [  0%]  (Warmup)
Chain 4: 
Chain 4: Gradient evaluation took 0.000219 seconds
Chain 4: 1000 transitions using 10 leapfrog steps per transition would take 2.19 seconds.
Chain 4: Adjust your expectations accordingly!
Chain 4: 
Chain 4: 
Chain 4: Iteration:     1 / 12000 [  0%]  (Warmup)
Chain 3: Iteration:  1200 / 12000 [ 10%]  (Warmup)
Chain 2: Iteration:  1200 / 12000 [ 10%]  (Warmup)
Chain 1: Iteration:  1200 / 12000 [ 10%]  (Warmup)
Chain 4: Iteration:  1200 / 12000 [ 10%]  (Warmup)
Chain 3: Iteration:  2400 / 12000 [ 20%]  (Warmup)
Chain 2: Iteration:  2400 / 12000 [ 20%]  (Warmup)
Chain 1: Iteration:  2400 / 12000 [ 20%]  (Warmup)
Chain 4: Iteration:  2400 / 12000 [ 20%]  (Warmup)
Chain 3: Iteration:  3600 / 12000 [ 30%]  (Warmup)
Chain 2: Iteration:  3600 / 12000 [ 30%]  (Warmup)
Chain 1: Iteration:  3600 / 12000 [ 30%]  (Warmup)
Chain 4: Iteration:  3600 / 12000 [ 30%]  (Warmup)
Chain 3: Iteration:  4800 / 12000 [ 40%]  (Warmup)
Chain 1: Iteration:  4800 / 12000 [ 40%]  (Warmup)
Chain 2: Iteration:  4800 / 12000 [ 40%]  (Warmup)
Chain 4: Iteration:  4800 / 12000 [ 40%]  (Warmup)
Chain 3: Iteration:  6000 / 12000 [ 50%]  (Warmup)
Chain 3: Iteration:  6001 / 12000 [ 50%]  (Sampling)
Chain 1: Iteration:  6000 / 12000 [ 50%]  (Warmup)
Chain 1: Iteration:  6001 / 12000 [ 50%]  (Sampling)
Chain 2: Iteration:  6000 / 12000 [ 50%]  (Warmup)
Chain 2: Iteration:  6001 / 12000 [ 50%]  (Sampling)
Chain 4: Iteration:  6000 / 12000 [ 50%]  (Warmup)
Chain 4: Iteration:  6001 / 12000 [ 50%]  (Sampling)
Chain 3: Iteration:  7200 / 12000 [ 60%]  (Sampling)
Chain 1: Iteration:  7200 / 12000 [ 60%]  (Sampling)
Chain 2: Iteration:  7200 / 12000 [ 60%]  (Sampling)
Chain 4: Iteration:  7200 / 12000 [ 60%]  (Sampling)
Chain 3: Iteration:  8400 / 12000 [ 70%]  (Sampling)
Chain 1: Iteration:  8400 / 12000 [ 70%]  (Sampling)
Chain 3: Iteration:  9600 / 12000 [ 80%]  (Sampling)
Chain 4: Iteration:  8400 / 12000 [ 70%]  (Sampling)
Chain 2: Iteration:  8400 / 12000 [ 70%]  (Sampling)
Chain 1: Iteration:  9600 / 12000 [ 80%]  (Sampling)
Chain 3: Iteration: 10800 / 12000 [ 90%]  (Sampling)
Chain 4: Iteration:  9600 / 12000 [ 80%]  (Sampling)
Chain 2: Iteration:  9600 / 12000 [ 80%]  (Sampling)
Chain 3: Iteration: 12000 / 12000 [100%]  (Sampling)
Chain 3: 
Chain 3:  Elapsed Time: 29.975 seconds (Warm-up)
Chain 3:                21.641 seconds (Sampling)
Chain 3:                51.616 seconds (Total)
Chain 3: 
Chain 1: Iteration: 10800 / 12000 [ 90%]  (Sampling)
Chain 4: Iteration: 10800 / 12000 [ 90%]  (Sampling)
Chain 2: Iteration: 10800 / 12000 [ 90%]  (Sampling)
Chain 1: Iteration: 12000 / 12000 [100%]  (Sampling)
Chain 1: 
Chain 1:  Elapsed Time: 30.747 seconds (Warm-up)
Chain 1:                27.512 seconds (Sampling)
Chain 1:                58.259 seconds (Total)
Chain 1: 
Chain 4: Iteration: 12000 / 12000 [100%]  (Sampling)
Chain 4: 
Chain 4:  Elapsed Time: 31.446 seconds (Warm-up)
Chain 4:                32.545 seconds (Sampling)
Chain 4:                63.991 seconds (Total)
Chain 4: 
Chain 2: Iteration: 12000 / 12000 [100%]  (Sampling)
Chain 2: 
Chain 2:  Elapsed Time: 30.942 seconds (Warm-up)
Chain 2:                33.923 seconds (Sampling)
Chain 2:                64.865 seconds (Total)
Chain 2: 
Done!
Assumed model: m2 (model_index = 2 )
Fitting p0.json, 1/17

SAMPLING FOR MODEL 'anon_model' NOW (CHAIN 1).
Chain 1: 
Chain 1: Gradient evaluation took 0.000232 seconds
Chain 1: 1000 transitions using 10 leapfrog steps per transition would take 2.32 seconds.
Chain 1: Adjust your expectations accordingly!
Chain 1: 
Chain 1: 
Chain 1: Iteration:     1 / 12000 [  0%]  (Warmup)

SAMPLING FOR MODEL 'anon_model' NOW (CHAIN 2).
Chain 2: 
Chain 2: Gradient evaluation took 0.000281 seconds
Chain 2: 1000 transitions using 10 leapfrog steps per transition would take 2.81 seconds.
Chain 2: Adjust your expectations accordingly!
Chain 2: 
Chain 2: 

SAMPLING FOR MODEL 'anon_model' NOW (CHAIN 3).
Chain 3: 
Chain 3: Gradient evaluation took 0.00023 seconds
Chain 3: 1000 transitions using 10 leapfrog steps per transition would take 2.3 seconds.
Chain 3: Adjust your expectations accordingly!
Chain 3: 
Chain 3: 
Chain 2: Iteration:     1 / 12000 [  0%]  (Warmup)

SAMPLING FOR MODEL 'anon_model' NOW (CHAIN 4).
Chain 3: Iteration:     1 / 12000 [  0%]  (Warmup)
Chain 4: 
Chain 4: Gradient evaluation took 0.000283 seconds
Chain 4: 1000 transitions using 10 leapfrog steps per transition would take 2.83 seconds.
Chain 4: Adjust your expectations accordingly!
Chain 4: 
Chain 4: 
Chain 4: Iteration:     1 / 12000 [  0%]  (Warmup)
Chain 3: Iteration:  1200 / 12000 [ 10%]  (Warmup)
Chain 2: Iteration:  1200 / 12000 [ 10%]  (Warmup)
Chain 4: Iteration:  1200 / 12000 [ 10%]  (Warmup)
Chain 1: Iteration:  1200 / 12000 [ 10%]  (Warmup)
Chain 3: Iteration:  2400 / 12000 [ 20%]  (Warmup)
Chain 2: Iteration:  2400 / 12000 [ 20%]  (Warmup)
Chain 4: Iteration:  2400 / 12000 [ 20%]  (Warmup)
Chain 1: Iteration:  2400 / 12000 [ 20%]  (Warmup)
Chain 3: Iteration:  3600 / 12000 [ 30%]  (Warmup)
Chain 2: Iteration:  3600 / 12000 [ 30%]  (Warmup)
Chain 4: Iteration:  3600 / 12000 [ 30%]  (Warmup)
Chain 1: Iteration:  3600 / 12000 [ 30%]  (Warmup)
Chain 3: Iteration:  4800 / 12000 [ 40%]  (Warmup)
Chain 2: Iteration:  4800 / 12000 [ 40%]  (Warmup)
Chain 4: Iteration:  4800 / 12000 [ 40%]  (Warmup)
Chain 1: Iteration:  4800 / 12000 [ 40%]  (Warmup)
Chain 3: Iteration:  6000 / 12000 [ 50%]  (Warmup)
Chain 3: Iteration:  6001 / 12000 [ 50%]  (Sampling)
Chain 2: Iteration:  6000 / 12000 [ 50%]  (Warmup)
Chain 2: Iteration:  6001 / 12000 [ 50%]  (Sampling)
Chain 4: Iteration:  6000 / 12000 [ 50%]  (Warmup)
Chain 4: Iteration:  6001 / 12000 [ 50%]  (Sampling)
Chain 1: Iteration:  6000 / 12000 [ 50%]  (Warmup)
Chain 1: Iteration:  6001 / 12000 [ 50%]  (Sampling)
Chain 4: Iteration:  7200 / 12000 [ 60%]  (Sampling)
Chain 2: Iteration:  7200 / 12000 [ 60%]  (Sampling)
Chain 3: Iteration:  7200 / 12000 [ 60%]  (Sampling)
Chain 4: Iteration:  8400 / 12000 [ 70%]  (Sampling)
Chain 2: Iteration:  8400 / 12000 [ 70%]  (Sampling)
Chain 1: Iteration:  7200 / 12000 [ 60%]  (Sampling)
Chain 3: Iteration:  8400 / 12000 [ 70%]  (Sampling)
Chain 4: Iteration:  9600 / 12000 [ 80%]  (Sampling)
Chain 2: Iteration:  9600 / 12000 [ 80%]  (Sampling)
Chain 3: Iteration:  9600 / 12000 [ 80%]  (Sampling)
Chain 4: Iteration: 10800 / 12000 [ 90%]  (Sampling)
Chain 1: Iteration:  8400 / 12000 [ 70%]  (Sampling)
Chain 2: Iteration: 10800 / 12000 [ 90%]  (Sampling)
Chain 4: Iteration: 12000 / 12000 [100%]  (Sampling)
Chain 4: 
Chain 4:  Elapsed Time: 34.496 seconds (Warm-up)
Chain 4:                29.053 seconds (Sampling)
Chain 4:                63.549 seconds (Total)
Chain 4: 
Chain 3: Iteration: 10800 / 12000 [ 90%]  (Sampling)
Chain 2: Iteration: 12000 / 12000 [100%]  (Sampling)
Chain 2: 
Chain 2:  Elapsed Time: 33.945 seconds (Warm-up)
Chain 2:                33.313 seconds (Sampling)
Chain 2:                67.258 seconds (Total)
Chain 2: 
Chain 1: Iteration:  9600 / 12000 [ 80%]  (Sampling)
Chain 3: Iteration: 12000 / 12000 [100%]  (Sampling)
Chain 3: 
Chain 3:  Elapsed Time: 33.854 seconds (Warm-up)
Chain 3:                39.404 seconds (Sampling)
Chain 3:                73.258 seconds (Total)
Chain 3: 
Chain 1: Iteration: 10800 / 12000 [ 90%]  (Sampling)
Chain 1: Iteration: 12000 / 12000 [100%]  (Sampling)
Chain 1: 
Chain 1:  Elapsed Time: 36.179 seconds (Warm-up)
Chain 1:                58.386 seconds (Sampling)
Chain 1:                94.565 seconds (Total)
Chain 1: 
Done!
Fitting p1.json, 2/17

SAMPLING FOR MODEL 'anon_model' NOW (CHAIN 1).
Chain 1: 
Chain 1: Gradient evaluation took 0.000251 seconds
Chain 1: 1000 transitions using 10 leapfrog steps per transition would take 2.51 seconds.
Chain 1: Adjust your expectations accordingly!
Chain 1: 
Chain 1: 
Chain 1: Iteration:     1 / 12000 [  0%]  (Warmup)

SAMPLING FOR MODEL 'anon_model' NOW (CHAIN 2).
Chain 2: 
Chain 2: Gradient evaluation took 0.00024 seconds
Chain 2: 1000 transitions using 10 leapfrog steps per transition would take 2.4 seconds.
Chain 2: Adjust your expectations accordingly!
Chain 2: 
Chain 2: 
Chain 2: Iteration:     1 / 12000 [  0%]  (Warmup)

SAMPLING FOR MODEL 'anon_model' NOW (CHAIN 3).
Chain 3: 
Chain 3: Gradient evaluation took 0.000224 seconds
Chain 3: 1000 transitions using 10 leapfrog steps per transition would take 2.24 seconds.
Chain 3: Adjust your expectations accordingly!
Chain 3: 
Chain 3: 

SAMPLING FOR MODEL 'anon_model' NOW (CHAIN 4).
Chain 4: 
Chain 4: Gradient evaluation took 0.000221 seconds
Chain 4: 1000 transitions using 10 leapfrog steps per transition would take 2.21 seconds.
Chain 4: Adjust your expectations accordingly!
Chain 4: 
Chain 4: 
Chain 3: Iteration:     1 / 12000 [  0%]  (Warmup)
Chain 4: Iteration:     1 / 12000 [  0%]  (Warmup)
Chain 3: Iteration:  1200 / 12000 [ 10%]  (Warmup)
Chain 2: Iteration:  1200 / 12000 [ 10%]  (Warmup)
Chain 4: Iteration:  1200 / 12000 [ 10%]  (Warmup)
Chain 1: Iteration:  1200 / 12000 [ 10%]  (Warmup)
Chain 3: Iteration:  2400 / 12000 [ 20%]  (Warmup)
Chain 2: Iteration:  2400 / 12000 [ 20%]  (Warmup)
Chain 4: Iteration:  2400 / 12000 [ 20%]  (Warmup)
Chain 1: Iteration:  2400 / 12000 [ 20%]  (Warmup)
Chain 3: Iteration:  3600 / 12000 [ 30%]  (Warmup)
Chain 2: Iteration:  3600 / 12000 [ 30%]  (Warmup)
Chain 1: Iteration:  3600 / 12000 [ 30%]  (Warmup)
Chain 4: Iteration:  3600 / 12000 [ 30%]  (Warmup)
Chain 3: Iteration:  4800 / 12000 [ 40%]  (Warmup)
Chain 1: Iteration:  4800 / 12000 [ 40%]  (Warmup)
Chain 4: Iteration:  4800 / 12000 [ 40%]  (Warmup)
Chain 2: Iteration:  4800 / 12000 [ 40%]  (Warmup)
Chain 3: Iteration:  6000 / 12000 [ 50%]  (Warmup)
Chain 3: Iteration:  6001 / 12000 [ 50%]  (Sampling)
Chain 1: Iteration:  6000 / 12000 [ 50%]  (Warmup)
Chain 1: Iteration:  6001 / 12000 [ 50%]  (Sampling)
Chain 4: Iteration:  6000 / 12000 [ 50%]  (Warmup)
Chain 4: Iteration:  6001 / 12000 [ 50%]  (Sampling)
Chain 2: Iteration:  6000 / 12000 [ 50%]  (Warmup)
Chain 2: Iteration:  6001 / 12000 [ 50%]  (Sampling)
Chain 1: Iteration:  7200 / 12000 [ 60%]  (Sampling)
Chain 3: Iteration:  7200 / 12000 [ 60%]  (Sampling)
Chain 2: Iteration:  7200 / 12000 [ 60%]  (Sampling)
Chain 4: Iteration:  7200 / 12000 [ 60%]  (Sampling)
Chain 1: Iteration:  8400 / 12000 [ 70%]  (Sampling)
Chain 1: Iteration:  9600 / 12000 [ 80%]  (Sampling)
Chain 2: Iteration:  8400 / 12000 [ 70%]  (Sampling)
Chain 4: Iteration:  8400 / 12000 [ 70%]  (Sampling)
Chain 3: Iteration:  8400 / 12000 [ 70%]  (Sampling)
Chain 1: Iteration: 10800 / 12000 [ 90%]  (Sampling)
Chain 2: Iteration:  9600 / 12000 [ 80%]  (Sampling)
Chain 4: Iteration:  9600 / 12000 [ 80%]  (Sampling)
Chain 3: Iteration:  9600 / 12000 [ 80%]  (Sampling)
Chain 1: Iteration: 12000 / 12000 [100%]  (Sampling)
Chain 1: 
Chain 1:  Elapsed Time: 34.125 seconds (Warm-up)
Chain 1:                32.92 seconds (Sampling)
Chain 1:                67.045 seconds (Total)
Chain 1: 
Chain 2: Iteration: 10800 / 12000 [ 90%]  (Sampling)
Chain 4: Iteration: 10800 / 12000 [ 90%]  (Sampling)
Chain 3: Iteration: 10800 / 12000 [ 90%]  (Sampling)
Chain 2: Iteration: 12000 / 12000 [100%]  (Sampling)
Chain 2: 
Chain 2:  Elapsed Time: 35.454 seconds (Warm-up)
Chain 2:                45.878 seconds (Sampling)
Chain 2:                81.332 seconds (Total)
Chain 2: 
Chain 4: Iteration: 12000 / 12000 [100%]  (Sampling)
Chain 4: 
Chain 4:  Elapsed Time: 35.115 seconds (Warm-up)
Chain 4:                48.435 seconds (Sampling)
Chain 4:                83.55 seconds (Total)
Chain 4: 
Chain 3: Iteration: 12000 / 12000 [100%]  (Sampling)
Chain 3: 
Chain 3:  Elapsed Time: 32.88 seconds (Warm-up)
Chain 3:                56.078 seconds (Sampling)
Chain 3:                88.958 seconds (Total)
Chain 3: 
Done!
Fitting p10.json, 3/17

SAMPLING FOR MODEL 'anon_model' NOW (CHAIN 1).
Chain 1: 
Chain 1: Gradient evaluation took 0.000237 seconds
Chain 1: 1000 transitions using 10 leapfrog steps per transition would take 2.37 seconds.
Chain 1: Adjust your expectations accordingly!
Chain 1: 
Chain 1: 

SAMPLING FOR MODEL 'anon_model' NOW (CHAIN 2).
Chain 2: 
Chain 2: Gradient evaluation took 0.000217 seconds
Chain 2: 1000 transitions using 10 leapfrog steps per transition would take 2.17 seconds.
Chain 2: Adjust your expectations accordingly!
Chain 2: 
Chain 2: 
Chain 1: Iteration:     1 / 12000 [  0%]  (Warmup)
Chain 2: Iteration:     1 / 12000 [  0%]  (Warmup)

SAMPLING FOR MODEL 'anon_model' NOW (CHAIN 3).
Chain 3: 
Chain 3: Gradient evaluation took 0.000219 seconds
Chain 3: 1000 transitions using 10 leapfrog steps per transition would take 2.19 seconds.
Chain 3: Adjust your expectations accordingly!
Chain 3: 
Chain 3: 
Chain 3: Iteration:     1 / 12000 [  0%]  (Warmup)

SAMPLING FOR MODEL 'anon_model' NOW (CHAIN 4).
Chain 4: 
Chain 4: Gradient evaluation took 0.000223 seconds
Chain 4: 1000 transitions using 10 leapfrog steps per transition would take 2.23 seconds.
Chain 4: Adjust your expectations accordingly!
Chain 4: 
Chain 4: 
Chain 4: Iteration:     1 / 12000 [  0%]  (Warmup)
Chain 4: Iteration:  1200 / 12000 [ 10%]  (Warmup)
Chain 2: Iteration:  1200 / 12000 [ 10%]  (Warmup)
Chain 1: Iteration:  1200 / 12000 [ 10%]  (Warmup)
Chain 3: Iteration:  1200 / 12000 [ 10%]  (Warmup)
Chain 2: Iteration:  2400 / 12000 [ 20%]  (Warmup)
Chain 4: Iteration:  2400 / 12000 [ 20%]  (Warmup)
Chain 1: Iteration:  2400 / 12000 [ 20%]  (Warmup)
Chain 3: Iteration:  2400 / 12000 [ 20%]  (Warmup)
Chain 2: Iteration:  3600 / 12000 [ 30%]  (Warmup)
Chain 4: Iteration:  3600 / 12000 [ 30%]  (Warmup)
Chain 1: Iteration:  3600 / 12000 [ 30%]  (Warmup)
Chain 3: Iteration:  3600 / 12000 [ 30%]  (Warmup)
Chain 4: Iteration:  4800 / 12000 [ 40%]  (Warmup)
Chain 2: Iteration:  4800 / 12000 [ 40%]  (Warmup)
Chain 1: Iteration:  4800 / 12000 [ 40%]  (Warmup)
Chain 3: Iteration:  4800 / 12000 [ 40%]  (Warmup)
Chain 2: Iteration:  6000 / 12000 [ 50%]  (Warmup)
Chain 2: Iteration:  6001 / 12000 [ 50%]  (Sampling)
Chain 1: Iteration:  6000 / 12000 [ 50%]  (Warmup)
Chain 1: Iteration:  6001 / 12000 [ 50%]  (Sampling)
Chain 4: Iteration:  6000 / 12000 [ 50%]  (Warmup)
Chain 4: Iteration:  6001 / 12000 [ 50%]  (Sampling)
Chain 3: Iteration:  6000 / 12000 [ 50%]  (Warmup)
Chain 3: Iteration:  6001 / 12000 [ 50%]  (Sampling)
Chain 1: Iteration:  7200 / 12000 [ 60%]  (Sampling)
Chain 2: Iteration:  7200 / 12000 [ 60%]  (Sampling)
Chain 1: Iteration:  8400 / 12000 [ 70%]  (Sampling)
Chain 4: Iteration:  7200 / 12000 [ 60%]  (Sampling)
Chain 3: Iteration:  7200 / 12000 [ 60%]  (Sampling)
Chain 2: Iteration:  8400 / 12000 [ 70%]  (Sampling)
Chain 1: Iteration:  9600 / 12000 [ 80%]  (Sampling)
Chain 1: Iteration: 10800 / 12000 [ 90%]  (Sampling)
Chain 2: Iteration:  9600 / 12000 [ 80%]  (Sampling)
Chain 4: Iteration:  8400 / 12000 [ 70%]  (Sampling)
Chain 3: Iteration:  8400 / 12000 [ 70%]  (Sampling)
Chain 1: Iteration: 12000 / 12000 [100%]  (Sampling)
Chain 1: 
Chain 1:  Elapsed Time: 48.681 seconds (Warm-up)
Chain 1:                39.322 seconds (Sampling)
Chain 1:                88.003 seconds (Total)
Chain 1: 
Chain 2: Iteration: 10800 / 12000 [ 90%]  (Sampling)
Chain 4: Iteration:  9600 / 12000 [ 80%]  (Sampling)
Chain 3: Iteration:  9600 / 12000 [ 80%]  (Sampling)
Chain 2: Iteration: 12000 / 12000 [100%]  (Sampling)
Chain 2: 
Chain 2:  Elapsed Time: 48.621 seconds (Warm-up)
Chain 2:                53.653 seconds (Sampling)
Chain 2:                102.274 seconds (Total)
Chain 2: 
Chain 4: Iteration: 10800 / 12000 [ 90%]  (Sampling)
Chain 3: Iteration: 10800 / 12000 [ 90%]  (Sampling)
Chain 4: Iteration: 12000 / 12000 [100%]  (Sampling)
Chain 4: 
Chain 4:  Elapsed Time: 48.96 seconds (Warm-up)
Chain 4:                80.759 seconds (Sampling)
Chain 4:                129.719 seconds (Total)
Chain 4: 
Chain 3: Iteration: 12000 / 12000 [100%]  (Sampling)
Chain 3: 
Chain 3:  Elapsed Time: 50.34 seconds (Warm-up)
Chain 3:                81.312 seconds (Sampling)
Chain 3:                131.652 seconds (Total)
Chain 3: 
Done!
Fitting p11.json, 4/17

SAMPLING FOR MODEL 'anon_model' NOW (CHAIN 1).
Chain 1: 
Chain 1: Gradient evaluation took 0.000242 seconds
Chain 1: 1000 transitions using 10 leapfrog steps per transition would take 2.42 seconds.
Chain 1: Adjust your expectations accordingly!
Chain 1: 
Chain 1: 
Chain 1: Iteration:     1 / 12000 [  0%]  (Warmup)

SAMPLING FOR MODEL 'anon_model' NOW (CHAIN 2).
Chain 2: 
Chain 2: Gradient evaluation took 0.000237 seconds
Chain 2: 1000 transitions using 10 leapfrog steps per transition would take 2.37 seconds.
Chain 2: Adjust your expectations accordingly!
Chain 2: 
Chain 2: 

SAMPLING FOR MODEL 'anon_model' NOW (CHAIN 3).
Chain 2: Iteration:     1 / 12000 [  0%]  (Warmup)
Chain 3: 
Chain 3: Gradient evaluation took 0.000227 seconds
Chain 3: 1000 transitions using 10 leapfrog steps per transition would take 2.27 seconds.
Chain 3: Adjust your expectations accordingly!
Chain 3: 
Chain 3: 

SAMPLING FOR MODEL 'anon_model' NOW (CHAIN 4).
Chain 3: Iteration:     1 / 12000 [  0%]  (Warmup)
Chain 4: 
Chain 4: Gradient evaluation took 0.000225 seconds
Chain 4: 1000 transitions using 10 leapfrog steps per transition would take 2.25 seconds.
Chain 4: Adjust your expectations accordingly!
Chain 4: 
Chain 4: 
Chain 4: Iteration:     1 / 12000 [  0%]  (Warmup)
Chain 4: Iteration:  1200 / 12000 [ 10%]  (Warmup)
Chain 3: Iteration:  1200 / 12000 [ 10%]  (Warmup)
Chain 2: Iteration:  1200 / 12000 [ 10%]  (Warmup)
Chain 1: Iteration:  1200 / 12000 [ 10%]  (Warmup)
Chain 4: Iteration:  2400 / 12000 [ 20%]  (Warmup)
Chain 3: Iteration:  2400 / 12000 [ 20%]  (Warmup)
Chain 2: Iteration:  2400 / 12000 [ 20%]  (Warmup)
Chain 1: Iteration:  2400 / 12000 [ 20%]  (Warmup)
Chain 4: Iteration:  3600 / 12000 [ 30%]  (Warmup)
Chain 3: Iteration:  3600 / 12000 [ 30%]  (Warmup)
Chain 2: Iteration:  3600 / 12000 [ 30%]  (Warmup)
Chain 1: Iteration:  3600 / 12000 [ 30%]  (Warmup)
Chain 4: Iteration:  4800 / 12000 [ 40%]  (Warmup)
Chain 2: Iteration:  4800 / 12000 [ 40%]  (Warmup)
Chain 3: Iteration:  4800 / 12000 [ 40%]  (Warmup)
Chain 1: Iteration:  4800 / 12000 [ 40%]  (Warmup)
Chain 4: Iteration:  6000 / 12000 [ 50%]  (Warmup)
Chain 4: Iteration:  6001 / 12000 [ 50%]  (Sampling)
Chain 3: Iteration:  6000 / 12000 [ 50%]  (Warmup)
Chain 3: Iteration:  6001 / 12000 [ 50%]  (Sampling)
Chain 2: Iteration:  6000 / 12000 [ 50%]  (Warmup)
Chain 2: Iteration:  6001 / 12000 [ 50%]  (Sampling)
Chain 1: Iteration:  6000 / 12000 [ 50%]  (Warmup)
Chain 1: Iteration:  6001 / 12000 [ 50%]  (Sampling)
Chain 3: Iteration:  7200 / 12000 [ 60%]  (Sampling)
Chain 4: Iteration:  7200 / 12000 [ 60%]  (Sampling)
Chain 1: Iteration:  7200 / 12000 [ 60%]  (Sampling)
Chain 2: Iteration:  7200 / 12000 [ 60%]  (Sampling)
Chain 3: Iteration:  8400 / 12000 [ 70%]  (Sampling)
Chain 1: Iteration:  8400 / 12000 [ 70%]  (Sampling)
Chain 4: Iteration:  8400 / 12000 [ 70%]  (Sampling)
Chain 3: Iteration:  9600 / 12000 [ 80%]  (Sampling)
Chain 1: Iteration:  9600 / 12000 [ 80%]  (Sampling)
Chain 2: Iteration:  8400 / 12000 [ 70%]  (Sampling)
Chain 3: Iteration: 10800 / 12000 [ 90%]  (Sampling)
Chain 4: Iteration:  9600 / 12000 [ 80%]  (Sampling)
Chain 1: Iteration: 10800 / 12000 [ 90%]  (Sampling)
Chain 2: Iteration:  9600 / 12000 [ 80%]  (Sampling)
Chain 3: Iteration: 12000 / 12000 [100%]  (Sampling)
Chain 3: 
Chain 3:  Elapsed Time: 29.936 seconds (Warm-up)
Chain 3:                30.782 seconds (Sampling)
Chain 3:                60.718 seconds (Total)
Chain 3: 
Chain 1: Iteration: 12000 / 12000 [100%]  (Sampling)
Chain 1: 
Chain 1:  Elapsed Time: 31.656 seconds (Warm-up)
Chain 1:                30.113 seconds (Sampling)
Chain 1:                61.769 seconds (Total)
Chain 1: 
Chain 4: Iteration: 10800 / 12000 [ 90%]  (Sampling)
Chain 2: Iteration: 10800 / 12000 [ 90%]  (Sampling)
Chain 4: Iteration: 12000 / 12000 [100%]  (Sampling)
Chain 4: 
Chain 4:  Elapsed Time: 28.935 seconds (Warm-up)
Chain 4:                42.961 seconds (Sampling)
Chain 4:                71.896 seconds (Total)
Chain 4: 
Chain 2: Iteration: 12000 / 12000 [100%]  (Sampling)
Chain 2: 
Chain 2:  Elapsed Time: 30.299 seconds (Warm-up)
Chain 2:                48.398 seconds (Sampling)
Chain 2:                78.697 seconds (Total)
Chain 2: 
Done!
Fitting p12.json, 5/17

SAMPLING FOR MODEL 'anon_model' NOW (CHAIN 1).
Chain 1: 
Chain 1: Gradient evaluation took 0.000236 seconds
Chain 1: 1000 transitions using 10 leapfrog steps per transition would take 2.36 seconds.
Chain 1: Adjust your expectations accordingly!
Chain 1: 
Chain 1: 

SAMPLING FOR MODEL 'anon_model' NOW (CHAIN 2).
Chain 2: 
Chain 2: Gradient evaluation took 0.000239 seconds
Chain 2: 1000 transitions using 10 leapfrog steps per transition would take 2.39 seconds.
Chain 2: Adjust your expectations accordingly!
Chain 2: 
Chain 2: 

SAMPLING FOR MODEL 'anon_model' NOW (CHAIN 3).
Chain 1: Iteration:     1 / 12000 [  0%]  (Warmup)
Chain 3: 
Chain 3: Gradient evaluation took 0.000218 seconds
Chain 3: 1000 transitions using 10 leapfrog steps per transition would take 2.18 seconds.
Chain 3: Adjust your expectations accordingly!
Chain 3: 
Chain 3: 
Chain 2: Iteration:     1 / 12000 [  0%]  (Warmup)

SAMPLING FOR MODEL 'anon_model' NOW (CHAIN 4).
Chain 3: Iteration:     1 / 12000 [  0%]  (Warmup)
Chain 4: 
Chain 4: Gradient evaluation took 0.000214 seconds
Chain 4: 1000 transitions using 10 leapfrog steps per transition would take 2.14 seconds.
Chain 4: Adjust your expectations accordingly!
Chain 4: 
Chain 4: 
Chain 4: Iteration:     1 / 12000 [  0%]  (Warmup)
Chain 3: Iteration:  1200 / 12000 [ 10%]  (Warmup)
Chain 2: Iteration:  1200 / 12000 [ 10%]  (Warmup)
Chain 4: Iteration:  1200 / 12000 [ 10%]  (Warmup)
Chain 1: Iteration:  1200 / 12000 [ 10%]  (Warmup)
Chain 3: Iteration:  2400 / 12000 [ 20%]  (Warmup)
Chain 4: Iteration:  2400 / 12000 [ 20%]  (Warmup)
Chain 1: Iteration:  2400 / 12000 [ 20%]  (Warmup)
Chain 2: Iteration:  2400 / 12000 [ 20%]  (Warmup)
Chain 3: Iteration:  3600 / 12000 [ 30%]  (Warmup)
Chain 4: Iteration:  3600 / 12000 [ 30%]  (Warmup)
Chain 1: Iteration:  3600 / 12000 [ 30%]  (Warmup)
Chain 2: Iteration:  3600 / 12000 [ 30%]  (Warmup)
Chain 3: Iteration:  4800 / 12000 [ 40%]  (Warmup)
Chain 1: Iteration:  4800 / 12000 [ 40%]  (Warmup)
Chain 4: Iteration:  4800 / 12000 [ 40%]  (Warmup)
Chain 2: Iteration:  4800 / 12000 [ 40%]  (Warmup)
Chain 3: Iteration:  6000 / 12000 [ 50%]  (Warmup)
Chain 3: Iteration:  6001 / 12000 [ 50%]  (Sampling)
Chain 2: Iteration:  6000 / 12000 [ 50%]  (Warmup)
Chain 2: Iteration:  6001 / 12000 [ 50%]  (Sampling)
Chain 4: Iteration:  6000 / 12000 [ 50%]  (Warmup)
Chain 4: Iteration:  6001 / 12000 [ 50%]  (Sampling)
Chain 1: Iteration:  6000 / 12000 [ 50%]  (Warmup)
Chain 1: Iteration:  6001 / 12000 [ 50%]  (Sampling)
Chain 3: Iteration:  7200 / 12000 [ 60%]  (Sampling)
Chain 2: Iteration:  7200 / 12000 [ 60%]  (Sampling)
Chain 3: Iteration:  8400 / 12000 [ 70%]  (Sampling)
Chain 4: Iteration:  7200 / 12000 [ 60%]  (Sampling)
Chain 1: Iteration:  7200 / 12000 [ 60%]  (Sampling)
Chain 2: Iteration:  8400 / 12000 [ 70%]  (Sampling)
Chain 3: Iteration:  9600 / 12000 [ 80%]  (Sampling)
Chain 3: Iteration: 10800 / 12000 [ 90%]  (Sampling)
Chain 2: Iteration:  9600 / 12000 [ 80%]  (Sampling)
Chain 4: Iteration:  8400 / 12000 [ 70%]  (Sampling)
Chain 1: Iteration:  8400 / 12000 [ 70%]  (Sampling)
Chain 3: Iteration: 12000 / 12000 [100%]  (Sampling)
Chain 3: 
Chain 3:  Elapsed Time: 29.939 seconds (Warm-up)
Chain 3:                22.856 seconds (Sampling)
Chain 3:                52.795 seconds (Total)
Chain 3: 
Chain 2: Iteration: 10800 / 12000 [ 90%]  (Sampling)
Chain 4: Iteration:  9600 / 12000 [ 80%]  (Sampling)
Chain 2: Iteration: 12000 / 12000 [100%]  (Sampling)
Chain 2: 
Chain 2:  Elapsed Time: 30.541 seconds (Warm-up)
Chain 2:                30.903 seconds (Sampling)
Chain 2:                61.444 seconds (Total)
Chain 2: 
Chain 1: Iteration:  9600 / 12000 [ 80%]  (Sampling)
Chain 4: Iteration: 10800 / 12000 [ 90%]  (Sampling)
Chain 1: Iteration: 10800 / 12000 [ 90%]  (Sampling)
Chain 4: Iteration: 12000 / 12000 [100%]  (Sampling)
Chain 4: 
Chain 4:  Elapsed Time: 30.735 seconds (Warm-up)
Chain 4:                49.782 seconds (Sampling)
Chain 4:                80.517 seconds (Total)
Chain 4: 
Chain 1: Iteration: 12000 / 12000 [100%]  (Sampling)
Chain 1: 
Chain 1:  Elapsed Time: 30.931 seconds (Warm-up)
Chain 1:                50.368 seconds (Sampling)
Chain 1:                81.299 seconds (Total)
Chain 1: 
Done!
Fitting p13.json, 6/17

SAMPLING FOR MODEL 'anon_model' NOW (CHAIN 1).
Chain 1: 
Chain 1: Gradient evaluation took 0.000238 seconds
Chain 1: 1000 transitions using 10 leapfrog steps per transition would take 2.38 seconds.
Chain 1: Adjust your expectations accordingly!
Chain 1: 
Chain 1: 

SAMPLING FOR MODEL 'anon_model' NOW (CHAIN 2).
Chain 2: 
Chain 2: Gradient evaluation took 0.000232 seconds
Chain 2: 1000 transitions using 10 leapfrog steps per transition would take 2.32 seconds.
Chain 2: Adjust your expectations accordingly!
Chain 2: 
Chain 2: 
Chain 1: Iteration:     1 / 12000 [  0%]  (Warmup)

SAMPLING FOR MODEL 'anon_model' NOW (CHAIN 3).
Chain 3: 
Chain 3: Gradient evaluation took 0.000235 seconds
Chain 3: 1000 transitions using 10 leapfrog steps per transition would take 2.35 seconds.
Chain 3: Adjust your expectations accordingly!
Chain 3: 
Chain 3: 
Chain 2: Iteration:     1 / 12000 [  0%]  (Warmup)

SAMPLING FOR MODEL 'anon_model' NOW (CHAIN 4).
Chain 3: Iteration:     1 / 12000 [  0%]  (Warmup)
Chain 4: 
Chain 4: Gradient evaluation took 0.000543 seconds
Chain 4: 1000 transitions using 10 leapfrog steps per transition would take 5.43 seconds.
Chain 4: Adjust your expectations accordingly!
Chain 4: 
Chain 4: 
Chain 4: Iteration:     1 / 12000 [  0%]  (Warmup)
Chain 3: Iteration:  1200 / 12000 [ 10%]  (Warmup)
Chain 1: Iteration:  1200 / 12000 [ 10%]  (Warmup)
Chain 2: Iteration:  1200 / 12000 [ 10%]  (Warmup)
Chain 4: Iteration:  1200 / 12000 [ 10%]  (Warmup)
Chain 3: Iteration:  2400 / 12000 [ 20%]  (Warmup)
Chain 2: Iteration:  2400 / 12000 [ 20%]  (Warmup)
Chain 1: Iteration:  2400 / 12000 [ 20%]  (Warmup)
Chain 4: Iteration:  2400 / 12000 [ 20%]  (Warmup)
Chain 3: Iteration:  3600 / 12000 [ 30%]  (Warmup)
Chain 2: Iteration:  3600 / 12000 [ 30%]  (Warmup)
Chain 4: Iteration:  3600 / 12000 [ 30%]  (Warmup)
Chain 1: Iteration:  3600 / 12000 [ 30%]  (Warmup)
Chain 3: Iteration:  4800 / 12000 [ 40%]  (Warmup)
Chain 4: Iteration:  4800 / 12000 [ 40%]  (Warmup)
Chain 2: Iteration:  4800 / 12000 [ 40%]  (Warmup)
Chain 1: Iteration:  4800 / 12000 [ 40%]  (Warmup)
Chain 3: Iteration:  6000 / 12000 [ 50%]  (Warmup)
Chain 3: Iteration:  6001 / 12000 [ 50%]  (Sampling)
Chain 2: Iteration:  6000 / 12000 [ 50%]  (Warmup)
Chain 2: Iteration:  6001 / 12000 [ 50%]  (Sampling)
Chain 4: Iteration:  6000 / 12000 [ 50%]  (Warmup)
Chain 4: Iteration:  6001 / 12000 [ 50%]  (Sampling)
Chain 1: Iteration:  6000 / 12000 [ 50%]  (Warmup)
Chain 1: Iteration:  6001 / 12000 [ 50%]  (Sampling)
Chain 3: Iteration:  7200 / 12000 [ 60%]  (Sampling)
Chain 1: Iteration:  7200 / 12000 [ 60%]  (Sampling)
Chain 2: Iteration:  7200 / 12000 [ 60%]  (Sampling)
Chain 4: Iteration:  7200 / 12000 [ 60%]  (Sampling)
Chain 3: Iteration:  8400 / 12000 [ 70%]  (Sampling)
Chain 1: Iteration:  8400 / 12000 [ 70%]  (Sampling)
Chain 2: Iteration:  8400 / 12000 [ 70%]  (Sampling)
Chain 3: Iteration:  9600 / 12000 [ 80%]  (Sampling)
Chain 1: Iteration:  9600 / 12000 [ 80%]  (Sampling)
Chain 4: Iteration:  8400 / 12000 [ 70%]  (Sampling)
Chain 2: Iteration:  9600 / 12000 [ 80%]  (Sampling)
Chain 3: Iteration: 10800 / 12000 [ 90%]  (Sampling)
Chain 1: Iteration: 10800 / 12000 [ 90%]  (Sampling)
Chain 2: Iteration: 10800 / 12000 [ 90%]  (Sampling)
Chain 3: Iteration: 12000 / 12000 [100%]  (Sampling)
Chain 3: 
Chain 3:  Elapsed Time: 24.924 seconds (Warm-up)
Chain 3:                23.029 seconds (Sampling)
Chain 3:                47.953 seconds (Total)
Chain 3: 
Chain 1: Iteration: 12000 / 12000 [100%]  (Sampling)
Chain 1: 
Chain 1:  Elapsed Time: 26.071 seconds (Warm-up)
Chain 1:                22.361 seconds (Sampling)
Chain 1:                48.432 seconds (Total)
Chain 1: 
Chain 4: Iteration:  9600 / 12000 [ 80%]  (Sampling)
Chain 2: Iteration: 12000 / 12000 [100%]  (Sampling)
Chain 2: 
Chain 2:  Elapsed Time: 25.943 seconds (Warm-up)
Chain 2:                25.944 seconds (Sampling)
Chain 2:                51.887 seconds (Total)
Chain 2: 
Chain 4: Iteration: 10800 / 12000 [ 90%]  (Sampling)
Chain 4: Iteration: 12000 / 12000 [100%]  (Sampling)
Chain 4: 
Chain 4:  Elapsed Time: 25.999 seconds (Warm-up)
Chain 4:                37.638 seconds (Sampling)
Chain 4:                63.637 seconds (Total)
Chain 4: 
Done!
Fitting p14.json, 7/17

SAMPLING FOR MODEL 'anon_model' NOW (CHAIN 1).
Chain 1: 
Chain 1: Gradient evaluation took 0.000252 seconds
Chain 1: 1000 transitions using 10 leapfrog steps per transition would take 2.52 seconds.
Chain 1: Adjust your expectations accordingly!
Chain 1: 
Chain 1: 

SAMPLING FOR MODEL 'anon_model' NOW (CHAIN 2).
Chain 2: 
Chain 2: Gradient evaluation took 0.000223 seconds
Chain 2: 1000 transitions using 10 leapfrog steps per transition would take 2.23 seconds.
Chain 2: Adjust your expectations accordingly!
Chain 2: 
Chain 2: 
Chain 1: Iteration:     1 / 12000 [  0%]  (Warmup)

SAMPLING FOR MODEL 'anon_model' NOW (CHAIN 3).
Chain 3: 
Chain 3: Gradient evaluation took 0.000237 seconds
Chain 3: 1000 transitions using 10 leapfrog steps per transition would take 2.37 seconds.
Chain 3: Adjust your expectations accordingly!
Chain 3: 
Chain 3: 
Chain 2: Iteration:     1 / 12000 [  0%]  (Warmup)

SAMPLING FOR MODEL 'anon_model' NOW (CHAIN 4).
Chain 3: Iteration:     1 / 12000 [  0%]  (Warmup)
Chain 4: 
Chain 4: Gradient evaluation took 0.00022 seconds
Chain 4: 1000 transitions using 10 leapfrog steps per transition would take 2.2 seconds.
Chain 4: Adjust your expectations accordingly!
Chain 4: 
Chain 4: 
Chain 4: Iteration:     1 / 12000 [  0%]  (Warmup)
Chain 2: Iteration:  1200 / 12000 [ 10%]  (Warmup)
Chain 3: Iteration:  1200 / 12000 [ 10%]  (Warmup)
Chain 4: Iteration:  1200 / 12000 [ 10%]  (Warmup)
Chain 1: Iteration:  1200 / 12000 [ 10%]  (Warmup)
Chain 3: Iteration:  2400 / 12000 [ 20%]  (Warmup)
Chain 2: Iteration:  2400 / 12000 [ 20%]  (Warmup)
Chain 1: Iteration:  2400 / 12000 [ 20%]  (Warmup)
Chain 4: Iteration:  2400 / 12000 [ 20%]  (Warmup)
Chain 3: Iteration:  3600 / 12000 [ 30%]  (Warmup)
Chain 2: Iteration:  3600 / 12000 [ 30%]  (Warmup)
Chain 4: Iteration:  3600 / 12000 [ 30%]  (Warmup)
Chain 1: Iteration:  3600 / 12000 [ 30%]  (Warmup)
Chain 3: Iteration:  4800 / 12000 [ 40%]  (Warmup)
Chain 2: Iteration:  4800 / 12000 [ 40%]  (Warmup)
Chain 4: Iteration:  4800 / 12000 [ 40%]  (Warmup)
Chain 1: Iteration:  4800 / 12000 [ 40%]  (Warmup)
Chain 3: Iteration:  6000 / 12000 [ 50%]  (Warmup)
Chain 3: Iteration:  6001 / 12000 [ 50%]  (Sampling)
Chain 2: Iteration:  6000 / 12000 [ 50%]  (Warmup)
Chain 2: Iteration:  6001 / 12000 [ 50%]  (Sampling)
Chain 4: Iteration:  6000 / 12000 [ 50%]  (Warmup)
Chain 4: Iteration:  6001 / 12000 [ 50%]  (Sampling)
Chain 1: Iteration:  6000 / 12000 [ 50%]  (Warmup)
Chain 1: Iteration:  6001 / 12000 [ 50%]  (Sampling)
Chain 3: Iteration:  7200 / 12000 [ 60%]  (Sampling)
Chain 2: Iteration:  7200 / 12000 [ 60%]  (Sampling)
Chain 4: Iteration:  7200 / 12000 [ 60%]  (Sampling)
Chain 1: Iteration:  7200 / 12000 [ 60%]  (Sampling)
Chain 3: Iteration:  8400 / 12000 [ 70%]  (Sampling)
Chain 2: Iteration:  8400 / 12000 [ 70%]  (Sampling)
Chain 4: Iteration:  8400 / 12000 [ 70%]  (Sampling)
Chain 3: Iteration:  9600 / 12000 [ 80%]  (Sampling)
Chain 1: Iteration:  8400 / 12000 [ 70%]  (Sampling)
Chain 2: Iteration:  9600 / 12000 [ 80%]  (Sampling)
Chain 4: Iteration:  9600 / 12000 [ 80%]  (Sampling)
Chain 3: Iteration: 10800 / 12000 [ 90%]  (Sampling)
Chain 2: Iteration: 10800 / 12000 [ 90%]  (Sampling)
Chain 4: Iteration: 10800 / 12000 [ 90%]  (Sampling)
Chain 1: Iteration:  9600 / 12000 [ 80%]  (Sampling)
Chain 3: Iteration: 12000 / 12000 [100%]  (Sampling)
Chain 3: 
Chain 3:  Elapsed Time: 29.63 seconds (Warm-up)
Chain 3:                25.657 seconds (Sampling)
Chain 3:                55.287 seconds (Total)
Chain 3: 
Chain 2: Iteration: 12000 / 12000 [100%]  (Sampling)
Chain 2: 
Chain 2:  Elapsed Time: 29.684 seconds (Warm-up)
Chain 2:                28.026 seconds (Sampling)
Chain 2:                57.71 seconds (Total)
Chain 2: 
Chain 4: Iteration: 12000 / 12000 [100%]  (Sampling)
Chain 4: 
Chain 4:  Elapsed Time: 30.626 seconds (Warm-up)
Chain 4:                28.393 seconds (Sampling)
Chain 4:                59.019 seconds (Total)
Chain 4: 
Chain 1: Iteration: 10800 / 12000 [ 90%]  (Sampling)
Chain 1: Iteration: 12000 / 12000 [100%]  (Sampling)
Chain 1: 
Chain 1:  Elapsed Time: 31.175 seconds (Warm-up)
Chain 1:                36.863 seconds (Sampling)
Chain 1:                68.038 seconds (Total)
Chain 1: 
Done!
Fitting p15.json, 8/17

SAMPLING FOR MODEL 'anon_model' NOW (CHAIN 1).
Chain 1: 
Chain 1: Gradient evaluation took 0.000239 seconds
Chain 1: 1000 transitions using 10 leapfrog steps per transition would take 2.39 seconds.
Chain 1: Adjust your expectations accordingly!
Chain 1: 
Chain 1: 

SAMPLING FOR MODEL 'anon_model' NOW (CHAIN 2).
Chain 2: 
Chain 2: Gradient evaluation took 0.000244 seconds
Chain 2: 1000 transitions using 10 leapfrog steps per transition would take 2.44 seconds.
Chain 2: Adjust your expectations accordingly!
Chain 2: 
Chain 2: 

SAMPLING FOR MODEL 'anon_model' NOW (CHAIN 3Chain ).
1: Iteration:     1 / 12000 [  0%]  (Warmup)
Chain 3: 
Chain 3: Gradient evaluation took 0.000229 seconds
Chain 3: 1000 transitions using 10 leapfrog steps per transition would take 2.29 seconds.
Chain 3: Adjust your expectations accordingly!
Chain 3: 
Chain 3: 

SAMPLING FOR MODEL 'anon_model' NOW (CHAIN 4).
Chain 2: Iteration:     1 / 12000 [  0%]  (Warmup)
Chain 4: 
Chain 4: Gradient evaluation took 0.000226 seconds
Chain 4: 1000 transitions using 10 leapfrog steps per transition would take 2.26 seconds.
Chain 4: Adjust your expectations accordingly!
Chain 4: 
Chain 4: 
Chain 3: Iteration:     1 / 12000 [  0%]  (Warmup)
Chain 4: Iteration:     1 / 12000 [  0%]  (Warmup)
Chain 2: Iteration:  1200 / 12000 [ 10%]  (Warmup)
Chain 3: Iteration:  1200 / 12000 [ 10%]  (Warmup)
Chain 4: Iteration:  1200 / 12000 [ 10%]  (Warmup)
Chain 1: Iteration:  1200 / 12000 [ 10%]  (Warmup)
Chain 2: Iteration:  2400 / 12000 [ 20%]  (Warmup)
Chain 3: Iteration:  2400 / 12000 [ 20%]  (Warmup)
Chain 1: Iteration:  2400 / 12000 [ 20%]  (Warmup)
Chain 4: Iteration:  2400 / 12000 [ 20%]  (Warmup)
Chain 2: Iteration:  3600 / 12000 [ 30%]  (Warmup)
Chain 3: Iteration:  3600 / 12000 [ 30%]  (Warmup)
Chain 4: Iteration:  3600 / 12000 [ 30%]  (Warmup)
Chain 1: Iteration:  3600 / 12000 [ 30%]  (Warmup)
Chain 2: Iteration:  4800 / 12000 [ 40%]  (Warmup)
Chain 4: Iteration:  4800 / 12000 [ 40%]  (Warmup)
Chain 3: Iteration:  4800 / 12000 [ 40%]  (Warmup)
Chain 1: Iteration:  4800 / 12000 [ 40%]  (Warmup)
Chain 2: Iteration:  6000 / 12000 [ 50%]  (Warmup)
Chain 2: Iteration:  6001 / 12000 [ 50%]  (Sampling)
Chain 4: Iteration:  6000 / 12000 [ 50%]  (Warmup)
Chain 4: Iteration:  6001 / 12000 [ 50%]  (Sampling)
Chain 3: Iteration:  6000 / 12000 [ 50%]  (Warmup)
Chain 3: Iteration:  6001 / 12000 [ 50%]  (Sampling)
Chain 1: Iteration:  6000 / 12000 [ 50%]  (Warmup)
Chain 1: Iteration:  6001 / 12000 [ 50%]  (Sampling)
Chain 3: Iteration:  7200 / 12000 [ 60%]  (Sampling)
Chain 4: Iteration:  7200 / 12000 [ 60%]  (Sampling)
Chain 1: Iteration:  7200 / 12000 [ 60%]  (Sampling)
Chain 2: Iteration:  7200 / 12000 [ 60%]  (Sampling)
Chain 3: Iteration:  8400 / 12000 [ 70%]  (Sampling)
Chain 4: Iteration:  8400 / 12000 [ 70%]  (Sampling)
Chain 1: Iteration:  8400 / 12000 [ 70%]  (Sampling)
Chain 3: Iteration:  9600 / 12000 [ 80%]  (Sampling)
Chain 4: Iteration:  9600 / 12000 [ 80%]  (Sampling)
Chain 2: Iteration:  8400 / 12000 [ 70%]  (Sampling)
Chain 1: Iteration:  9600 / 12000 [ 80%]  (Sampling)
Chain 3: Iteration: 10800 / 12000 [ 90%]  (Sampling)
Chain 4: Iteration: 10800 / 12000 [ 90%]  (Sampling)
Chain 1: Iteration: 10800 / 12000 [ 90%]  (Sampling)
Chain 3: Iteration: 12000 / 12000 [100%]  (Sampling)
Chain 3: 
Chain 3:  Elapsed Time: 27.285 seconds (Warm-up)
Chain 3:                25.717 seconds (Sampling)
Chain 3:                53.002 seconds (Total)
Chain 3: 
Chain 2: Iteration:  9600 / 12000 [ 80%]  (Sampling)
Chain 4: Iteration: 12000 / 12000 [100%]  (Sampling)
Chain 4: 
Chain 4:  Elapsed Time: 27.206 seconds (Warm-up)
Chain 4:                29.095 seconds (Sampling)
Chain 4:                56.301 seconds (Total)
Chain 4: 
Chain 1: Iteration: 12000 / 12000 [100%]  (Sampling)
Chain 1: 
Chain 1:  Elapsed Time: 27.704 seconds (Warm-up)
Chain 1:                29.652 seconds (Sampling)
Chain 1:                57.356 seconds (Total)
Chain 1: 
Chain 2: Iteration: 10800 / 12000 [ 90%]  (Sampling)
Chain 2: Iteration: 12000 / 12000 [100%]  (Sampling)
Chain 2: 
Chain 2:  Elapsed Time: 26.292 seconds (Warm-up)
Chain 2:                45.062 seconds (Sampling)
Chain 2:                71.354 seconds (Total)
Chain 2: 
Done!
Fitting p16.json, 9/17

SAMPLING FOR MODEL 'anon_model' NOW (CHAIN 1).
Chain 1: 
Chain 1: Gradient evaluation took 0.00024 seconds
Chain 1: 1000 transitions using 10 leapfrog steps per transition would take 2.4 seconds.
Chain 1: Adjust your expectations accordingly!
Chain 1: 
Chain 1: 

SAMPLING FOR MODEL 'anon_model' NOW (CHAIN 2).
Chain 1: Iteration:     1 / 12000 [  0%]  (Warmup)
Chain 2: 
Chain 2: Gradient evaluation took 0.000231 seconds
Chain 2: 1000 transitions using 10 leapfrog steps per transition would take 2.31 seconds.
Chain 2: Adjust your expectations accordingly!
Chain 2: 
Chain 2: 

SAMPLING FOR MODEL 'anon_model' NOW (CHAIN 3).
Chain 3: 
Chain 3: Gradient evaluation took 0.00022 seconds
Chain 3: 1000 transitions using 10 leapfrog steps per transition would take 2.2 seconds.
Chain 3: Adjust your expectations accordingly!
Chain 3Chain : 2
: Chain Iteration:     1 / 12000 [  0%]  (Warmup)
3: 

SAMPLING FOR MODEL 'anon_model' NOW (CHAIN 4).
Chain 3: Iteration:     1 / 12000 [  0%]  (Warmup)
Chain 4: 
Chain 4: Gradient evaluation took 0.000208 seconds
Chain 4: 1000 transitions using 10 leapfrog steps per transition would take 2.08 seconds.
Chain 4: Adjust your expectations accordingly!
Chain 4: 
Chain 4: 
Chain 4: Iteration:     1 / 12000 [  0%]  (Warmup)
Chain 1: Iteration:  1200 / 12000 [ 10%]  (Warmup)
Chain 3: Iteration:  1200 / 12000 [ 10%]  (Warmup)
Chain 4: Iteration:  1200 / 12000 [ 10%]  (Warmup)
Chain 2: Iteration:  1200 / 12000 [ 10%]  (Warmup)
Chain 1: Iteration:  2400 / 12000 [ 20%]  (Warmup)
Chain 3: Iteration:  2400 / 12000 [ 20%]  (Warmup)
Chain 4: Iteration:  2400 / 12000 [ 20%]  (Warmup)
Chain 2: Iteration:  2400 / 12000 [ 20%]  (Warmup)
Chain 1: Iteration:  3600 / 12000 [ 30%]  (Warmup)
Chain 3: Iteration:  3600 / 12000 [ 30%]  (Warmup)
Chain 2: Iteration:  3600 / 12000 [ 30%]  (Warmup)
Chain 4: Iteration:  3600 / 12000 [ 30%]  (Warmup)
Chain 1: Iteration:  4800 / 12000 [ 40%]  (Warmup)
Chain 3: Iteration:  4800 / 12000 [ 40%]  (Warmup)
Chain 2: Iteration:  4800 / 12000 [ 40%]  (Warmup)
Chain 4: Iteration:  4800 / 12000 [ 40%]  (Warmup)
Chain 1: Iteration:  6000 / 12000 [ 50%]  (Warmup)
Chain 1: Iteration:  6001 / 12000 [ 50%]  (Sampling)
Chain 3: Iteration:  6000 / 12000 [ 50%]  (Warmup)
Chain 3: Iteration:  6001 / 12000 [ 50%]  (Sampling)
Chain 2: Iteration:  6000 / 12000 [ 50%]  (Warmup)
Chain 2: Iteration:  6001 / 12000 [ 50%]  (Sampling)
Chain 4: Iteration:  6000 / 12000 [ 50%]  (Warmup)
Chain 4: Iteration:  6001 / 12000 [ 50%]  (Sampling)
Chain 2: Iteration:  7200 / 12000 [ 60%]  (Sampling)
Chain 1: Iteration:  7200 / 12000 [ 60%]  (Sampling)
Chain 2: Iteration:  8400 / 12000 [ 70%]  (Sampling)
Chain 3: Iteration:  7200 / 12000 [ 60%]  (Sampling)
Chain 4: Iteration:  7200 / 12000 [ 60%]  (Sampling)
Chain 2: Iteration:  9600 / 12000 [ 80%]  (Sampling)
Chain 2: Iteration: 10800 / 12000 [ 90%]  (Sampling)
Chain 1: Iteration:  8400 / 12000 [ 70%]  (Sampling)
Chain 3: Iteration:  8400 / 12000 [ 70%]  (Sampling)
Chain 4: Iteration:  8400 / 12000 [ 70%]  (Sampling)
Chain 2: Iteration: 12000 / 12000 [100%]  (Sampling)
Chain 2: 
Chain 2:  Elapsed Time: 44.471 seconds (Warm-up)
Chain 2:                34.944 seconds (Sampling)
Chain 2:                79.415 seconds (Total)
Chain 2: 
Chain 1: Iteration:  9600 / 12000 [ 80%]  (Sampling)
Chain 3: Iteration:  9600 / 12000 [ 80%]  (Sampling)
Chain 4: Iteration:  9600 / 12000 [ 80%]  (Sampling)
Chain 1: Iteration: 10800 / 12000 [ 90%]  (Sampling)
Chain 3: Iteration: 10800 / 12000 [ 90%]  (Sampling)
Chain 4: Iteration: 10800 / 12000 [ 90%]  (Sampling)
Chain 1: Iteration: 12000 / 12000 [100%]  (Sampling)
Chain 1: 
Chain 1:  Elapsed Time: 43.085 seconds (Warm-up)
Chain 1:                73.937 seconds (Sampling)
Chain 1:                117.022 seconds (Total)
Chain 1: 
Chain 3: Iteration: 12000 / 12000 [100%]  (Sampling)
Chain 3: 
Chain 3:  Elapsed Time: 44.337 seconds (Warm-up)
Chain 3:                75.234 seconds (Sampling)
Chain 3:                119.571 seconds (Total)
Chain 3: 
Chain 4: Iteration: 12000 / 12000 [100%]  (Sampling)
Chain 4: 
Chain 4:  Elapsed Time: 47.837 seconds (Warm-up)
Chain 4:                76.615 seconds (Sampling)
Chain 4:                124.452 seconds (Total)
Chain 4: 
Done!
Fitting p2.json, 10/17

SAMPLING FOR MODEL 'anon_model' NOW (CHAIN 1).
Chain 1: 
Chain 1: Gradient evaluation took 0.000237 seconds
Chain 1: 1000 transitions using 10 leapfrog steps per transition would take 2.37 seconds.
Chain 1: Adjust your expectations accordingly!
Chain 1: 
Chain 1: 

SAMPLING FOR MODEL 'anon_model' NOW (CHAIN 2).
Chain 1: Iteration:     1 / 12000 [  0%]  (Warmup)

SAMPLING FOR MODEL 'anon_model' NOW (CHAIN 3).
Chain 2: 
Chain 2: Gradient evaluation took 0.000226 seconds
Chain 2: 1000 transitions using 10 leapfrog steps per transition would take 2.26 seconds.
Chain 2: Adjust your expectations accordingly!
Chain 2: 
Chain 2: 
Chain 3: 
Chain 3: Gradient evaluation took 0.000215 seconds
Chain 3: 1000 transitions using 10 leapfrog steps per transition would take 2.15 seconds.
Chain 3: Adjust your expectations accordingly!
Chain 3: 
Chain 3: 
Chain 2: Iteration:     1 / 12000 [  0%]  (Warmup)

SAMPLING FOR MODEL 'anon_model' NOW (CHAIN 4).
Chain 3: Iteration:     1 / 12000 [  0%]  (Warmup)
Chain 4: 
Chain 4: Gradient evaluation took 0.000244 seconds
Chain 4: 1000 transitions using 10 leapfrog steps per transition would take 2.44 seconds.
Chain 4: Adjust your expectations accordingly!
Chain 4: 
Chain 4: 
Chain 4: Iteration:     1 / 12000 [  0%]  (Warmup)
Chain 4: Iteration:  1200 / 12000 [ 10%]  (Warmup)
Chain 3: Iteration:  1200 / 12000 [ 10%]  (Warmup)
Chain 1: Iteration:  1200 / 12000 [ 10%]  (Warmup)
Chain 2: Iteration:  1200 / 12000 [ 10%]  (Warmup)
Chain 4: Iteration:  2400 / 12000 [ 20%]  (Warmup)
Chain 1: Iteration:  2400 / 12000 [ 20%]  (Warmup)
Chain 3: Iteration:  2400 / 12000 [ 20%]  (Warmup)
Chain 2: Iteration:  2400 / 12000 [ 20%]  (Warmup)
Chain 3: Iteration:  3600 / 12000 [ 30%]  (Warmup)
Chain 4: Iteration:  3600 / 12000 [ 30%]  (Warmup)
Chain 1: Iteration:  3600 / 12000 [ 30%]  (Warmup)
Chain 2: Iteration:  3600 / 12000 [ 30%]  (Warmup)
Chain 3: Iteration:  4800 / 12000 [ 40%]  (Warmup)
Chain 4: Iteration:  4800 / 12000 [ 40%]  (Warmup)
Chain 1: Iteration:  4800 / 12000 [ 40%]  (Warmup)
Chain 2: Iteration:  4800 / 12000 [ 40%]  (Warmup)
Chain 3: Iteration:  6000 / 12000 [ 50%]  (Warmup)
Chain 3: Iteration:  6001 / 12000 [ 50%]  (Sampling)
Chain 4: Iteration:  6000 / 12000 [ 50%]  (Warmup)
Chain 4: Iteration:  6001 / 12000 [ 50%]  (Sampling)
Chain 1: Iteration:  6000 / 12000 [ 50%]  (Warmup)
Chain 1: Iteration:  6001 / 12000 [ 50%]  (Sampling)
Chain 2: Iteration:  6000 / 12000 [ 50%]  (Warmup)
Chain 2: Iteration:  6001 / 12000 [ 50%]  (Sampling)
Chain 3: Iteration:  7200 / 12000 [ 60%]  (Sampling)
Chain 4: Iteration:  7200 / 12000 [ 60%]  (Sampling)
Chain 1: Iteration:  7200 / 12000 [ 60%]  (Sampling)
Chain 2: Iteration:  7200 / 12000 [ 60%]  (Sampling)
Chain 3: Iteration:  8400 / 12000 [ 70%]  (Sampling)
Chain 4: Iteration:  8400 / 12000 [ 70%]  (Sampling)
Chain 1: Iteration:  8400 / 12000 [ 70%]  (Sampling)
Chain 2: Iteration:  8400 / 12000 [ 70%]  (Sampling)
Chain 3: Iteration:  9600 / 12000 [ 80%]  (Sampling)
Chain 4: Iteration:  9600 / 12000 [ 80%]  (Sampling)
Chain 1: Iteration:  9600 / 12000 [ 80%]  (Sampling)
Chain 2: Iteration:  9600 / 12000 [ 80%]  (Sampling)
Chain 3: Iteration: 10800 / 12000 [ 90%]  (Sampling)
Chain 4: Iteration: 10800 / 12000 [ 90%]  (Sampling)
Chain 1: Iteration: 10800 / 12000 [ 90%]  (Sampling)
Chain 3: Iteration: 12000 / 12000 [100%]  (Sampling)
Chain 3: 
Chain 3:  Elapsed Time: 40.307 seconds (Warm-up)
Chain 3:                32.475 seconds (Sampling)
Chain 3:                72.782 seconds (Total)
Chain 3: 
Chain 4: Iteration: 12000 / 12000 [100%]  (Sampling)
Chain 4: 
Chain 4:  Elapsed Time: 40.949 seconds (Warm-up)
Chain 4:                32.011 seconds (Sampling)
Chain 4:                72.96 seconds (Total)
Chain 4: 
Chain 2: Iteration: 10800 / 12000 [ 90%]  (Sampling)
Chain 1: Iteration: 12000 / 12000 [100%]  (Sampling)
Chain 1: 
Chain 1:  Elapsed Time: 41.952 seconds (Warm-up)
Chain 1:                37.181 seconds (Sampling)
Chain 1:                79.133 seconds (Total)
Chain 1: 
Chain 2: Iteration: 12000 / 12000 [100%]  (Sampling)
Chain 2: 
Chain 2:  Elapsed Time: 43.653 seconds (Warm-up)
Chain 2:                37.398 seconds (Sampling)
Chain 2:                81.051 seconds (Total)
Chain 2: 
Done!
Fitting p3.json, 11/17

SAMPLING FOR MODEL 'anon_model' NOW (CHAIN 1).
Chain 1: 
Chain 1: Gradient evaluation took 0.000237 seconds
Chain 1: 1000 transitions using 10 leapfrog steps per transition would take 2.37 seconds.
Chain 1: Adjust your expectations accordingly!
Chain 1: 
Chain 1: 

SAMPLING FOR MODEL 'anon_model' NOW (CHAIN 2).
Chain 1: Iteration:     1 / 12000 [  0%]  (Warmup)

SAMPLING FOR MODEL 'anon_model' NOW (CHAIN 3).
Chain 2: 
Chain 2: Gradient evaluation took 0.000232 seconds
Chain 2: 1000 transitions using 10 leapfrog steps per transition would take 2.32 seconds.
Chain 2: Adjust your expectations accordingly!
Chain 2: 
Chain 2: 
Chain 3: 
Chain 3: Gradient evaluation took 0.000204 seconds
Chain 3: 1000 transitions using 10 leapfrog steps per transition would take 2.04 seconds.
Chain 3: Adjust your expectations accordingly!
Chain 3: 
Chain 3: 
Chain 2: Iteration:     1 / 12000 [  0%]  (Warmup)
Chain 3: Iteration:     1 / 12000 [  0%]  (Warmup)

SAMPLING FOR MODEL 'anon_model' NOW (CHAIN 4).
Chain 4: 
Chain 4: Gradient evaluation took 0.000221 seconds
Chain 4: 1000 transitions using 10 leapfrog steps per transition would take 2.21 seconds.
Chain 4: Adjust your expectations accordingly!
Chain 4: 
Chain 4: 
Chain 4: Iteration:     1 / 12000 [  0%]  (Warmup)
Chain 2: Iteration:  1200 / 12000 [ 10%]  (Warmup)
Chain 4: Iteration:  1200 / 12000 [ 10%]  (Warmup)
Chain 3: Iteration:  1200 / 12000 [ 10%]  (Warmup)
Chain 1: Iteration:  1200 / 12000 [ 10%]  (Warmup)
Chain 2: Iteration:  2400 / 12000 [ 20%]  (Warmup)
Chain 4: Iteration:  2400 / 12000 [ 20%]  (Warmup)
Chain 3: Iteration:  2400 / 12000 [ 20%]  (Warmup)
Chain 1: Iteration:  2400 / 12000 [ 20%]  (Warmup)
Chain 2: Iteration:  3600 / 12000 [ 30%]  (Warmup)
Chain 4: Iteration:  3600 / 12000 [ 30%]  (Warmup)
Chain 3: Iteration:  3600 / 12000 [ 30%]  (Warmup)
Chain 1: Iteration:  3600 / 12000 [ 30%]  (Warmup)
Chain 2: Iteration:  4800 / 12000 [ 40%]  (Warmup)
Chain 4: Iteration:  4800 / 12000 [ 40%]  (Warmup)
Chain 3: Iteration:  4800 / 12000 [ 40%]  (Warmup)
Chain 1: Iteration:  4800 / 12000 [ 40%]  (Warmup)
Chain 2: Iteration:  6000 / 12000 [ 50%]  (Warmup)
Chain 2: Iteration:  6001 / 12000 [ 50%]  (Sampling)
Chain 4: Iteration:  6000 / 12000 [ 50%]  (Warmup)
Chain 4: Iteration:  6001 / 12000 [ 50%]  (Sampling)
Chain 3: Iteration:  6000 / 12000 [ 50%]  (Warmup)
Chain 3: Iteration:  6001 / 12000 [ 50%]  (Sampling)
Chain 1: Iteration:  6000 / 12000 [ 50%]  (Warmup)
Chain 1: Iteration:  6001 / 12000 [ 50%]  (Sampling)
Chain 2: Iteration:  7200 / 12000 [ 60%]  (Sampling)
Chain 4: Iteration:  7200 / 12000 [ 60%]  (Sampling)
Chain 3: Iteration:  7200 / 12000 [ 60%]  (Sampling)
Chain 1: Iteration:  7200 / 12000 [ 60%]  (Sampling)
Chain 2: Iteration:  8400 / 12000 [ 70%]  (Sampling)
Chain 4: Iteration:  8400 / 12000 [ 70%]  (Sampling)
Chain 3: Iteration:  8400 / 12000 [ 70%]  (Sampling)
Chain 2: Iteration:  9600 / 12000 [ 80%]  (Sampling)
Chain 1: Iteration:  8400 / 12000 [ 70%]  (Sampling)
Chain 4: Iteration:  9600 / 12000 [ 80%]  (Sampling)
Chain 3: Iteration:  9600 / 12000 [ 80%]  (Sampling)
Chain 2: Iteration: 10800 / 12000 [ 90%]  (Sampling)
Chain 4: Iteration: 10800 / 12000 [ 90%]  (Sampling)
Chain 1: Iteration:  9600 / 12000 [ 80%]  (Sampling)
Chain 3: Iteration: 10800 / 12000 [ 90%]  (Sampling)
Chain 2: Iteration: 12000 / 12000 [100%]  (Sampling)
Chain 2: 
Chain 2:  Elapsed Time: 32.028 seconds (Warm-up)
Chain 2:                29.048 seconds (Sampling)
Chain 2:                61.076 seconds (Total)
Chain 2: 
Chain 4: Iteration: 12000 / 12000 [100%]  (Sampling)
Chain 4: 
Chain 4:  Elapsed Time: 33.043 seconds (Warm-up)
Chain 4:                29.708 seconds (Sampling)
Chain 4:                62.751 seconds (Total)
Chain 4: 
Chain 1: Iteration: 10800 / 12000 [ 90%]  (Sampling)
Chain 3: Iteration: 12000 / 12000 [100%]  (Sampling)
Chain 3: 
Chain 3:  Elapsed Time: 35.395 seconds (Warm-up)
Chain 3:                29.713 seconds (Sampling)
Chain 3:                65.108 seconds (Total)
Chain 3: 
Chain 1: Iteration: 12000 / 12000 [100%]  (Sampling)
Chain 1: 
Chain 1:  Elapsed Time: 36.758 seconds (Warm-up)
Chain 1:                33.525 seconds (Sampling)
Chain 1:                70.283 seconds (Total)
Chain 1: 
Done!
Fitting p4.json, 12/17

SAMPLING FOR MODEL 'anon_model' NOW (CHAIN 1).
Chain 1: 
Chain 1: Gradient evaluation took 0.000242 seconds
Chain 1: 1000 transitions using 10 leapfrog steps per transition would take 2.42 seconds.
Chain 1: Adjust your expectations accordingly!
Chain 1: 
Chain 1: 

SAMPLING FOR MODEL 'anon_model' NOW (CHAIN 2).
Chain 2: 
Chain 2: Gradient evaluation took 0.000236 seconds
Chain 2: 1000 transitions using 10 leapfrog steps per transition would take 2.36 seconds.
Chain 2: Adjust your expectations accordingly!
Chain 2: 
Chain 2: 
Chain 1: Iteration:     1 / 12000 [  0%]  (Warmup)

SAMPLING FOR MODEL 'anon_model' NOW (CHAIN 3).
Chain 2: Iteration:     1 / 12000 [  0%]  (Warmup)
Chain 3: 
Chain 3: Gradient evaluation took 0.00022 seconds
Chain 3: 1000 transitions using 10 leapfrog steps per transition would take 2.2 seconds.
Chain 3: Adjust your expectations accordingly!
Chain 3: 
Chain 3: 

SAMPLING FOR MODEL 'anon_model' NOW (CHAIN 4).
Chain 3: Iteration:     1 / 12000 [  0%]  (Warmup)
Chain 4: 
Chain 4: Gradient evaluation took 0.000215 seconds
Chain 4: 1000 transitions using 10 leapfrog steps per transition would take 2.15 seconds.
Chain 4: Adjust your expectations accordingly!
Chain 4: 
Chain 4: 
Chain 4: Iteration:     1 / 12000 [  0%]  (Warmup)
Chain 1: Iteration:  1200 / 12000 [ 10%]  (Warmup)
Chain 3: Iteration:  1200 / 12000 [ 10%]  (Warmup)
Chain 2: Iteration:  1200 / 12000 [ 10%]  (Warmup)
Chain 4: Iteration:  1200 / 12000 [ 10%]  (Warmup)
Chain 3: Iteration:  2400 / 12000 [ 20%]  (Warmup)
Chain 1: Iteration:  2400 / 12000 [ 20%]  (Warmup)
Chain 4: Iteration:  2400 / 12000 [ 20%]  (Warmup)
Chain 2: Iteration:  2400 / 12000 [ 20%]  (Warmup)
Chain 3: Iteration:  3600 / 12000 [ 30%]  (Warmup)
Chain 1: Iteration:  3600 / 12000 [ 30%]  (Warmup)
Chain 4: Iteration:  3600 / 12000 [ 30%]  (Warmup)
Chain 2: Iteration:  3600 / 12000 [ 30%]  (Warmup)
Chain 4: Iteration:  4800 / 12000 [ 40%]  (Warmup)
Chain 3: Iteration:  4800 / 12000 [ 40%]  (Warmup)
Chain 1: Iteration:  4800 / 12000 [ 40%]  (Warmup)
Chain 2: Iteration:  4800 / 12000 [ 40%]  (Warmup)
Chain 4: Iteration:  6000 / 12000 [ 50%]  (Warmup)
Chain 4: Iteration:  6001 / 12000 [ 50%]  (Sampling)
Chain 3: Iteration:  6000 / 12000 [ 50%]  (Warmup)
Chain 3: Iteration:  6001 / 12000 [ 50%]  (Sampling)
Chain 1: Iteration:  6000 / 12000 [ 50%]  (Warmup)
Chain 1: Iteration:  6001 / 12000 [ 50%]  (Sampling)
Chain 2: Iteration:  6000 / 12000 [ 50%]  (Warmup)
Chain 2: Iteration:  6001 / 12000 [ 50%]  (Sampling)
Chain 4: Iteration:  7200 / 12000 [ 60%]  (Sampling)
Chain 3: Iteration:  7200 / 12000 [ 60%]  (Sampling)
Chain 1: Iteration:  7200 / 12000 [ 60%]  (Sampling)
Chain 4: Iteration:  8400 / 12000 [ 70%]  (Sampling)
Chain 3: Iteration:  8400 / 12000 [ 70%]  (Sampling)
Chain 2: Iteration:  7200 / 12000 [ 60%]  (Sampling)
Chain 1: Iteration:  8400 / 12000 [ 70%]  (Sampling)
Chain 4: Iteration:  9600 / 12000 [ 80%]  (Sampling)
Chain 3: Iteration:  9600 / 12000 [ 80%]  (Sampling)
Chain 1: Iteration:  9600 / 12000 [ 80%]  (Sampling)
Chain 4: Iteration: 10800 / 12000 [ 90%]  (Sampling)
Chain 3: Iteration: 10800 / 12000 [ 90%]  (Sampling)
Chain 2: Iteration:  8400 / 12000 [ 70%]  (Sampling)
Chain 3: Iteration: 12000 / 12000 [100%]  (Sampling)
Chain 3: 
Chain 3:  Elapsed Time: 57.007 seconds (Warm-up)
Chain 3:                41.519 seconds (Sampling)
Chain 3:                98.526 seconds (Total)
Chain 3: 
Chain 4: Iteration: 12000 / 12000 [100%]  (Sampling)
Chain 4: 
Chain 4:  Elapsed Time: 56.382 seconds (Warm-up)
Chain 4:                42.311 seconds (Sampling)
Chain 4:                98.693 seconds (Total)
Chain 4: 
Chain 1: Iteration: 10800 / 12000 [ 90%]  (Sampling)
Chain 1: Iteration: 12000 / 12000 [100%]  (Sampling)
Chain 1: 
Chain 1:  Elapsed Time: 57.058 seconds (Warm-up)
Chain 1:                54.458 seconds (Sampling)
Chain 1:                111.516 seconds (Total)
Chain 1: 
Chain 2: Iteration:  9600 / 12000 [ 80%]  (Sampling)
Chain 2: Iteration: 10800 / 12000 [ 90%]  (Sampling)
Chain 2: Iteration: 12000 / 12000 [100%]  (Sampling)
Chain 2: 
Chain 2:  Elapsed Time: 59.718 seconds (Warm-up)
Chain 2:                93.615 seconds (Sampling)
Chain 2:                153.333 seconds (Total)
Chain 2: 
Done!
Fitting p5.json, 13/17

SAMPLING FOR MODEL 'anon_model' NOW (CHAIN 1).
Chain 1: 
Chain 1: Gradient evaluation took 0.000242 seconds
Chain 1: 1000 transitions using 10 leapfrog steps per transition would take 2.42 seconds.
Chain 1: Adjust your expectations accordingly!
Chain 1: 
Chain 1: 

SAMPLING FOR MODEL 'anon_model' NOW (CHAIN 2).

SAMPLING FOR MODEL 'anon_model' NOW (CHAIN 3).
Chain 2: 
Chain 2: Gradient evaluation took 0.000216 seconds
Chain 2: 1000 transitions using 10 leapfrog steps per transition would take 2.16 seconds.
Chain 2: Adjust your expectations accordingly!
Chain 2: 
Chain 2: 
Chain 1: Iteration:     1 / 12000 [  0%]  (Warmup)
Chain 3: 
Chain 3: Gradient evaluation took 0.000221 seconds
Chain 3: 1000 transitions using 10 leapfrog steps per transition would take 2.21 seconds.
Chain 3: Adjust your expectations accordingly!
Chain 3: 
Chain 3: 
Chain 2: Iteration:     1 / 12000 [  0%]  (Warmup)

SAMPLING FOR MODEL 'anon_model' NOW (CHAIN 4).
Chain 3: Iteration:     1 / 12000 [  0%]  (Warmup)
Chain 4: 
Chain 4: Gradient evaluation took 0.000213 seconds
Chain 4: 1000 transitions using 10 leapfrog steps per transition would take 2.13 seconds.
Chain 4: Adjust your expectations accordingly!
Chain 4: 
Chain 4: 
Chain 4: Iteration:     1 / 12000 [  0%]  (Warmup)
Chain 1: Iteration:  1200 / 12000 [ 10%]  (Warmup)
Chain 2: Iteration:  1200 / 12000 [ 10%]  (Warmup)
Chain 3: Iteration:  1200 / 12000 [ 10%]  (Warmup)
Chain 4: Iteration:  1200 / 12000 [ 10%]  (Warmup)
Chain 1: Iteration:  2400 / 12000 [ 20%]  (Warmup)
Chain 2: Iteration:  2400 / 12000 [ 20%]  (Warmup)
Chain 3: Iteration:  2400 / 12000 [ 20%]  (Warmup)
Chain 4: Iteration:  2400 / 12000 [ 20%]  (Warmup)
Chain 1: Iteration:  3600 / 12000 [ 30%]  (Warmup)
Chain 3: Iteration:  3600 / 12000 [ 30%]  (Warmup)
Chain 2: Iteration:  3600 / 12000 [ 30%]  (Warmup)
Chain 4: Iteration:  3600 / 12000 [ 30%]  (Warmup)
Chain 1: Iteration:  4800 / 12000 [ 40%]  (Warmup)
Chain 3: Iteration:  4800 / 12000 [ 40%]  (Warmup)
Chain 2: Iteration:  4800 / 12000 [ 40%]  (Warmup)
Chain 4: Iteration:  4800 / 12000 [ 40%]  (Warmup)
Chain 1: Iteration:  6000 / 12000 [ 50%]  (Warmup)
Chain 1: Iteration:  6001 / 12000 [ 50%]  (Sampling)
Chain 4: Iteration:  6000 / 12000 [ 50%]  (Warmup)
Chain 4: Iteration:  6001 / 12000 [ 50%]  (Sampling)
Chain 3: Iteration:  6000 / 12000 [ 50%]  (Warmup)
Chain 3: Iteration:  6001 / 12000 [ 50%]  (Sampling)
Chain 2: Iteration:  6000 / 12000 [ 50%]  (Warmup)
Chain 2: Iteration:  6001 / 12000 [ 50%]  (Sampling)
Chain 3: Iteration:  7200 / 12000 [ 60%]  (Sampling)
Chain 4: Iteration:  7200 / 12000 [ 60%]  (Sampling)
Chain 2: Iteration:  7200 / 12000 [ 60%]  (Sampling)
Chain 3: Iteration:  8400 / 12000 [ 70%]  (Sampling)
Chain 1: Iteration:  7200 / 12000 [ 60%]  (Sampling)
Chain 4: Iteration:  8400 / 12000 [ 70%]  (Sampling)
Chain 2: Iteration:  8400 / 12000 [ 70%]  (Sampling)
Chain 3: Iteration:  9600 / 12000 [ 80%]  (Sampling)
Chain 4: Iteration:  9600 / 12000 [ 80%]  (Sampling)
Chain 2: Iteration:  9600 / 12000 [ 80%]  (Sampling)
Chain 3: Iteration: 10800 / 12000 [ 90%]  (Sampling)
Chain 1: Iteration:  8400 / 12000 [ 70%]  (Sampling)
Chain 4: Iteration: 10800 / 12000 [ 90%]  (Sampling)
Chain 3: Iteration: 12000 / 12000 [100%]  (Sampling)
Chain 3: 
Chain 3:  Elapsed Time: 45.589 seconds (Warm-up)
Chain 3:                53.757 seconds (Sampling)
Chain 3:                99.346 seconds (Total)
Chain 3: 
Chain 2: Iteration: 10800 / 12000 [ 90%]  (Sampling)
Chain 4: Iteration: 12000 / 12000 [100%]  (Sampling)
Chain 4: 
Chain 4:  Elapsed Time: 45.469 seconds (Warm-up)
Chain 4:                64.821 seconds (Sampling)
Chain 4:                110.29 seconds (Total)
Chain 4: 
Chain 2: Iteration: 12000 / 12000 [100%]  (Sampling)
Chain 2: 
Chain 2:  Elapsed Time: 45.986 seconds (Warm-up)
Chain 2:                67.151 seconds (Sampling)
Chain 2:                113.137 seconds (Total)
Chain 2: 
Chain 1: Iteration:  9600 / 12000 [ 80%]  (Sampling)
Chain 1: Iteration: 10800 / 12000 [ 90%]  (Sampling)
Chain 1: Iteration: 12000 / 12000 [100%]  (Sampling)
Chain 1: 
Chain 1:  Elapsed Time: 44.671 seconds (Warm-up)
Chain 1:                997.208 seconds (Sampling)
Chain 1:                1041.88 seconds (Total)
Chain 1: 
Done!
Fitting p6.json, 14/17

SAMPLING FOR MODEL 'anon_model' NOW (CHAIN 1).
Chain 1: 
Chain 1: Gradient evaluation took 0.000225 seconds
Chain 1: 1000 transitions using 10 leapfrog steps per transition would take 2.25 seconds.
Chain 1: Adjust your expectations accordingly!
Chain 1: 
Chain 1: 

SAMPLING FOR MODEL 'anon_model' NOW (CHAIN 2).
Chain 2: 
Chain 2: Gradient evaluation took 0.000213 seconds
Chain 2: 1000 transitions using 10 leapfrog steps per transition would take 2.13 seconds.
Chain 2: Adjust your expectations accordingly!
Chain 2: 
Chain 2: 
Chain 1: Iteration:     1 / 12000 [  0%]  (Warmup)

SAMPLING FOR MODEL 'anon_model' NOW (CHAIN 3).
Chain 2: Iteration:     1 / 12000 [  0%]  (Warmup)
Chain 3: 
Chain 3: Gradient evaluation took 0.000212 seconds
Chain 3: 1000 transitions using 10 leapfrog steps per transition would take 2.12 seconds.
Chain 3: Adjust your expectations accordingly!
Chain 3: 
Chain 3: 

SAMPLING FOR MODEL 'anon_model' NOW (CHAIN 4).
Chain 3: Iteration:     1 / 12000 [  0%]  (Warmup)
Chain 4: 
Chain 4: Gradient evaluation took 0.000209 seconds
Chain 4: 1000 transitions using 10 leapfrog steps per transition would take 2.09 seconds.
Chain 4: Adjust your expectations accordingly!
Chain 4: 
Chain 4: 
Chain 4: Iteration:     1 / 12000 [  0%]  (Warmup)
Chain 4: Iteration:  1200 / 12000 [ 10%]  (Warmup)
Chain 2: Iteration:  1200 / 12000 [ 10%]  (Warmup)
Chain 3: Iteration:  1200 / 12000 [ 10%]  (Warmup)
Chain 1: Iteration:  1200 / 12000 [ 10%]  (Warmup)
Chain 4: Iteration:  2400 / 12000 [ 20%]  (Warmup)
Chain 2: Iteration:  2400 / 12000 [ 20%]  (Warmup)
Chain 1: Iteration:  2400 / 12000 [ 20%]  (Warmup)
Chain 3: Iteration:  2400 / 12000 [ 20%]  (Warmup)
Chain 2: Iteration:  3600 / 12000 [ 30%]  (Warmup)
Chain 4: Iteration:  3600 / 12000 [ 30%]  (Warmup)
Chain 1: Iteration:  3600 / 12000 [ 30%]  (Warmup)
Chain 3: Iteration:  3600 / 12000 [ 30%]  (Warmup)
Chain 2: Iteration:  4800 / 12000 [ 40%]  (Warmup)
Chain 1: Iteration:  4800 / 12000 [ 40%]  (Warmup)
Chain 4: Iteration:  4800 / 12000 [ 40%]  (Warmup)
Chain 3: Iteration:  4800 / 12000 [ 40%]  (Warmup)
Chain 2: Iteration:  6000 / 12000 [ 50%]  (Warmup)
Chain 2: Iteration:  6001 / 12000 [ 50%]  (Sampling)
Chain 1: Iteration:  6000 / 12000 [ 50%]  (Warmup)
Chain 1: Iteration:  6001 / 12000 [ 50%]  (Sampling)
Chain 3: Iteration:  6000 / 12000 [ 50%]  (Warmup)
Chain 3: Iteration:  6001 / 12000 [ 50%]  (Sampling)
Chain 4: Iteration:  6000 / 12000 [ 50%]  (Warmup)
Chain 4: Iteration:  6001 / 12000 [ 50%]  (Sampling)
Chain 3: Iteration:  7200 / 12000 [ 60%]  (Sampling)
Chain 1: Iteration:  7200 / 12000 [ 60%]  (Sampling)
Chain 2: Iteration:  7200 / 12000 [ 60%]  (Sampling)
Chain 4: Iteration:  7200 / 12000 [ 60%]  (Sampling)
Chain 3: Iteration:  8400 / 12000 [ 70%]  (Sampling)
Chain 1: Iteration:  8400 / 12000 [ 70%]  (Sampling)
Chain 2: Iteration:  8400 / 12000 [ 70%]  (Sampling)
Chain 3: Iteration:  9600 / 12000 [ 80%]  (Sampling)
Chain 4: Iteration:  8400 / 12000 [ 70%]  (Sampling)
Chain 1: Iteration:  9600 / 12000 [ 80%]  (Sampling)
Chain 3: Iteration: 10800 / 12000 [ 90%]  (Sampling)
Chain 2: Iteration:  9600 / 12000 [ 80%]  (Sampling)
Chain 4: Iteration:  9600 / 12000 [ 80%]  (Sampling)
Chain 1: Iteration: 10800 / 12000 [ 90%]  (Sampling)
Chain 3: Iteration: 12000 / 12000 [100%]  (Sampling)
Chain 3: 
Chain 3:  Elapsed Time: 189.335 seconds (Warm-up)
Chain 3:                25.539 seconds (Sampling)
Chain 3:                214.874 seconds (Total)
Chain 3: 
Chain 2: Iteration: 10800 / 12000 [ 90%]  (Sampling)
Chain 1: Iteration: 12000 / 12000 [100%]  (Sampling)
Chain 1: 
Chain 1:  Elapsed Time: 188.858 seconds (Warm-up)
Chain 1:                29.342 seconds (Sampling)
Chain 1:                218.2 seconds (Total)
Chain 1: 
Chain 4: Iteration: 10800 / 12000 [ 90%]  (Sampling)
Chain 2: Iteration: 12000 / 12000 [100%]  (Sampling)
Chain 2: 
Chain 2:  Elapsed Time: 188.159 seconds (Warm-up)
Chain 2:                36.303 seconds (Sampling)
Chain 2:                224.462 seconds (Total)
Chain 2: 
Chain 4: Iteration: 12000 / 12000 [100%]  (Sampling)
Chain 4: 
Chain 4:  Elapsed Time: 189.794 seconds (Warm-up)
Chain 4:                36.561 seconds (Sampling)
Chain 4:                226.355 seconds (Total)
Chain 4: 
Done!
Fitting p7.json, 15/17

SAMPLING FOR MODEL 'anon_model' NOW (CHAIN 1).

SAMPLING FOR MODEL 'anon_model' NOW (CHAIN 2).
Chain 1: 
Chain 1: Gradient evaluation took 0.000232 seconds
Chain 1: 1000 transitions using 10 leapfrog steps per transition would take 2.32 seconds.
Chain 1: Adjust your expectations accordingly!
Chain 1: 
Chain 1: 
Chain 2: 
Chain 2: Gradient evaluation took 0.000234 seconds
Chain 2: 1000 transitions using 10 leapfrog steps per transition would take 2.34 seconds.
Chain 2: Adjust your expectations accordingly!
Chain 2: 
Chain 2: 
Chain 2: Iteration:     1 / 12000 [  0%]  (Warmup)
Chain 1: Iteration:     1 / 12000 [  0%]  (Warmup)

SAMPLING FOR MODEL 'anon_model' NOW (CHAIN 3).
Chain 3: 
Chain 3: Gradient evaluation took 0.000239 seconds
Chain 3: 1000 transitions using 10 leapfrog steps per transition would take 2.39 seconds.
Chain 3: Adjust your expectations accordingly!
Chain 3: 
Chain 3: 

SAMPLING FOR MODEL 'anon_model' NOW (CHAIN 4).
Chain 3: Iteration:     1 / 12000 [  0%]  (Warmup)
Chain 4: 
Chain 4: Gradient evaluation took 0.000239 seconds
Chain 4: 1000 transitions using 10 leapfrog steps per transition would take 2.39 seconds.
Chain 4: Adjust your expectations accordingly!
Chain 4: 
Chain 4: 
Chain 4: Iteration:     1 / 12000 [  0%]  (Warmup)
Chain 2: Iteration:  1200 / 12000 [ 10%]  (Warmup)
Chain 4: Iteration:  1200 / 12000 [ 10%]  (Warmup)
Chain 3: Iteration:  1200 / 12000 [ 10%]  (Warmup)
Chain 1: Iteration:  1200 / 12000 [ 10%]  (Warmup)
Chain 2: Iteration:  2400 / 12000 [ 20%]  (Warmup)
Chain 4: Iteration:  2400 / 12000 [ 20%]  (Warmup)
Chain 3: Iteration:  2400 / 12000 [ 20%]  (Warmup)
Chain 1: Iteration:  2400 / 12000 [ 20%]  (Warmup)
Chain 2: Iteration:  3600 / 12000 [ 30%]  (Warmup)
Chain 4: Iteration:  3600 / 12000 [ 30%]  (Warmup)
Chain 3: Iteration:  3600 / 12000 [ 30%]  (Warmup)
Chain 1: Iteration:  3600 / 12000 [ 30%]  (Warmup)
Chain 2: Iteration:  4800 / 12000 [ 40%]  (Warmup)
Chain 4: Iteration:  4800 / 12000 [ 40%]  (Warmup)
Chain 1: Iteration:  4800 / 12000 [ 40%]  (Warmup)
Chain 3: Iteration:  4800 / 12000 [ 40%]  (Warmup)
Chain 2: Iteration:  6000 / 12000 [ 50%]  (Warmup)
Chain 2: Iteration:  6001 / 12000 [ 50%]  (Sampling)
Chain 4: Iteration:  6000 / 12000 [ 50%]  (Warmup)
Chain 4: Iteration:  6001 / 12000 [ 50%]  (Sampling)
Chain 1: Iteration:  6000 / 12000 [ 50%]  (Warmup)
Chain 3: Iteration:  6000 / 12000 [ 50%]  (Warmup)
Chain 1: Iteration:  6001 / 12000 [ 50%]  (Sampling)
Chain 3: Iteration:  6001 / 12000 [ 50%]  (Sampling)
Chain 4: Iteration:  7200 / 12000 [ 60%]  (Sampling)
Chain 3: Iteration:  7200 / 12000 [ 60%]  (Sampling)
Chain 2: Iteration:  7200 / 12000 [ 60%]  (Sampling)
Chain 1: Iteration:  7200 / 12000 [ 60%]  (Sampling)
Chain 4: Iteration:  8400 / 12000 [ 70%]  (Sampling)
Chain 3: Iteration:  8400 / 12000 [ 70%]  (Sampling)
Chain 1: Iteration:  8400 / 12000 [ 70%]  (Sampling)
Chain 2: Iteration:  8400 / 12000 [ 70%]  (Sampling)
Chain 4: Iteration:  9600 / 12000 [ 80%]  (Sampling)
Chain 3: Iteration:  9600 / 12000 [ 80%]  (Sampling)
Chain 1: Iteration:  9600 / 12000 [ 80%]  (Sampling)
Chain 2: Iteration:  9600 / 12000 [ 80%]  (Sampling)
Chain 4: Iteration: 10800 / 12000 [ 90%]  (Sampling)
Chain 3: Iteration: 10800 / 12000 [ 90%]  (Sampling)
Chain 1: Iteration: 10800 / 12000 [ 90%]  (Sampling)
Chain 2: Iteration: 10800 / 12000 [ 90%]  (Sampling)
Chain 4: Iteration: 12000 / 12000 [100%]  (Sampling)
Chain 4: 
Chain 4:  Elapsed Time: 28.862 seconds (Warm-up)
Chain 4:                25.441 seconds (Sampling)
Chain 4:                54.303 seconds (Total)
Chain 4: 
Chain 3: Iteration: 12000 / 12000 [100%]  (Sampling)
Chain 3: 
Chain 3:  Elapsed Time: 28.896 seconds (Warm-up)
Chain 3:                26.718 seconds (Sampling)
Chain 3:                55.614 seconds (Total)
Chain 3: 
Chain 1: Iteration: 12000 / 12000 [100%]  (Sampling)
Chain 1: 
Chain 1:  Elapsed Time: 28.897 seconds (Warm-up)
Chain 1:                28.951 seconds (Sampling)
Chain 1:                57.848 seconds (Total)
Chain 1: 
Chain 2: Iteration: 12000 / 12000 [100%]  (Sampling)
Chain 2: 
Chain 2:  Elapsed Time: 28.395 seconds (Warm-up)
Chain 2:                30.492 seconds (Sampling)
Chain 2:                58.887 seconds (Total)
Chain 2: 
Done!
Fitting p8.json, 16/17

SAMPLING FOR MODEL 'anon_model' NOW (CHAIN 1).
Chain 1: 
Chain 1: Gradient evaluation took 0.000249 seconds
Chain 1: 1000 transitions using 10 leapfrog steps per transition would take 2.49 seconds.
Chain 1: Adjust your expectations accordingly!
Chain 1: 
Chain 1: 

SAMPLING FOR MODEL 'anon_model' NOW (CHAIN 2).
Chain 1: Iteration:     1 / 12000 [  0%]  (Warmup)
Chain 2: 
Chain 2: Gradient evaluation took 0.000234 seconds
Chain 2: 1000 transitions using 10 leapfrog steps per transition would take 2.34 seconds.
Chain 2: Adjust your expectations accordingly!
Chain 2: 
Chain 2: 

SAMPLING FOR MODEL 'anon_model' NOW (CHAIN 3).
Chain 3: 
Chain 3: Gradient evaluation took 0.00023 seconds
Chain 3: 1000 transitions using 10 leapfrog steps per transition would take 2.3 seconds.
Chain 3: Adjust your expectations accordingly!
Chain 3: 
Chain 3: 
Chain 2: Iteration:     1 / 12000 [  0%]  (Warmup)

SAMPLING FOR MODEL 'anon_model' NOW (CHAIN 4).
Chain 4: 
Chain 4: Gradient evaluation took 0.000225 seconds
Chain 4: 1000 transitions using 10 leapfrog steps per transition would take 2.25 seconds.
Chain 4: Adjust your expectations accordingly!
Chain 4: 
Chain 4: 
Chain 3: Iteration:     1 / 12000 [  0%]  (Warmup)
Chain 4: Iteration:     1 / 12000 [  0%]  (Warmup)
Chain 4: Iteration:  1200 / 12000 [ 10%]  (Warmup)
Chain 3: Iteration:  1200 / 12000 [ 10%]  (Warmup)
Chain 2: Iteration:  1200 / 12000 [ 10%]  (Warmup)
Chain 1: Iteration:  1200 / 12000 [ 10%]  (Warmup)
Chain 4: Iteration:  2400 / 12000 [ 20%]  (Warmup)
Chain 2: Iteration:  2400 / 12000 [ 20%]  (Warmup)
Chain 3: Iteration:  2400 / 12000 [ 20%]  (Warmup)
Chain 1: Iteration:  2400 / 12000 [ 20%]  (Warmup)
Chain 4: Iteration:  3600 / 12000 [ 30%]  (Warmup)
Chain 2: Iteration:  3600 / 12000 [ 30%]  (Warmup)
Chain 3: Iteration:  3600 / 12000 [ 30%]  (Warmup)
Chain 1: Iteration:  3600 / 12000 [ 30%]  (Warmup)
Chain 2: Iteration:  4800 / 12000 [ 40%]  (Warmup)
Chain 4: Iteration:  4800 / 12000 [ 40%]  (Warmup)
Chain 3: Iteration:  4800 / 12000 [ 40%]  (Warmup)
Chain 1: Iteration:  4800 / 12000 [ 40%]  (Warmup)
Chain 2: Iteration:  6000 / 12000 [ 50%]  (Warmup)
Chain 2: Iteration:  6001 / 12000 [ 50%]  (Sampling)
Chain 3: Iteration:  6000 / 12000 [ 50%]  (Warmup)
Chain 3: Iteration:  6001 / 12000 [ 50%]  (Sampling)
Chain 4: Iteration:  6000 / 12000 [ 50%]  (Warmup)
Chain 4: Iteration:  6001 / 12000 [ 50%]  (Sampling)
Chain 1: Iteration:  6000 / 12000 [ 50%]  (Warmup)
Chain 1: Iteration:  6001 / 12000 [ 50%]  (Sampling)
Chain 2: Iteration:  7200 / 12000 [ 60%]  (Sampling)
Chain 3: Iteration:  7200 / 12000 [ 60%]  (Sampling)
Chain 1: Iteration:  7200 / 12000 [ 60%]  (Sampling)
Chain 2: Iteration:  8400 / 12000 [ 70%]  (Sampling)
Chain 3: Iteration:  8400 / 12000 [ 70%]  (Sampling)
Chain 4: Iteration:  7200 / 12000 [ 60%]  (Sampling)
Chain 1: Iteration:  8400 / 12000 [ 70%]  (Sampling)
Chain 2: Iteration:  9600 / 12000 [ 80%]  (Sampling)
Chain 3: Iteration:  9600 / 12000 [ 80%]  (Sampling)
Chain 1: Iteration:  9600 / 12000 [ 80%]  (Sampling)
Chain 2: Iteration: 10800 / 12000 [ 90%]  (Sampling)
Chain 4: Iteration:  8400 / 12000 [ 70%]  (Sampling)
Chain 3: Iteration: 10800 / 12000 [ 90%]  (Sampling)
Chain 1: Iteration: 10800 / 12000 [ 90%]  (Sampling)
Chain 2: Iteration: 12000 / 12000 [100%]  (Sampling)
Chain 2: 
Chain 2:  Elapsed Time: 24.242 seconds (Warm-up)
Chain 2:                20.333 seconds (Sampling)
Chain 2:                44.575 seconds (Total)
Chain 2: 
Chain 3: Iteration: 12000 / 12000 [100%]  (Sampling)
Chain 3: 
Chain 3:  Elapsed Time: 24.743 seconds (Warm-up)
Chain 3:                20.975 seconds (Sampling)
Chain 3:                45.718 seconds (Total)
Chain 3: 
Chain 1: Iteration: 12000 / 12000 [100%]  (Sampling)
Chain 1: 
Chain 1:  Elapsed Time: 25.81 seconds (Warm-up)
Chain 1:                22.516 seconds (Sampling)
Chain 1:                48.326 seconds (Total)
Chain 1: 
Chain 4: Iteration:  9600 / 12000 [ 80%]  (Sampling)
Chain 4: Iteration: 10800 / 12000 [ 90%]  (Sampling)
Chain 4: Iteration: 12000 / 12000 [100%]  (Sampling)
Chain 4: 
Chain 4:  Elapsed Time: 24.857 seconds (Warm-up)
Chain 4:                41.137 seconds (Sampling)
Chain 4:                65.994 seconds (Total)
Chain 4: 
Done!
Fitting p9.json, 17/17

SAMPLING FOR MODEL 'anon_model' NOW (CHAIN 1).
Chain 1: 
Chain 1: Gradient evaluation took 0.000256 seconds
Chain 1: 1000 transitions using 10 leapfrog steps per transition would take 2.56 seconds.
Chain 1: Adjust your expectations accordingly!
Chain 1: 
Chain 1: 

SAMPLING FOR MODEL 'anon_model' NOW (CHAIN 2).
Chain 1: Iteration:     1 / 12000 [  0%]  (Warmup)
Chain 2: 
Chain 2: Gradient evaluation took 0.000234 seconds
Chain 2: 1000 transitions using 10 leapfrog steps per transition would take 2.34 seconds.
Chain 2: Adjust your expectations accordingly!
Chain 2: 
Chain 2: 

SAMPLING FOR MODEL 'anon_model' NOW (CHAIN 3).
Chain 2: Iteration:     1 / 12000 [  0%]  (Warmup)
Chain 3: 
Chain 3: Gradient evaluation took 0.000216 seconds
Chain 3: 1000 transitions using 10 leapfrog steps per transition would take 2.16 seconds.
Chain 3: Adjust your expectations accordingly!
Chain 3: 
Chain 3: 
Chain 3: Iteration:     1 / 12000 [  0%]  (Warmup)

SAMPLING FOR MODEL 'anon_model' NOW (CHAIN 4).
Chain 4: 
Chain 4: Gradient evaluation took 0.000221 seconds
Chain 4: 1000 transitions using 10 leapfrog steps per transition would take 2.21 seconds.
Chain 4: Adjust your expectations accordingly!
Chain 4: 
Chain 4: 
Chain 4: Iteration:     1 / 12000 [  0%]  (Warmup)
Chain 3: Iteration:  1200 / 12000 [ 10%]  (Warmup)
Chain 4: Iteration:  1200 / 12000 [ 10%]  (Warmup)
Chain 1: Iteration:  1200 / 12000 [ 10%]  (Warmup)
Chain 2: Iteration:  1200 / 12000 [ 10%]  (Warmup)
Chain 4: Iteration:  2400 / 12000 [ 20%]  (Warmup)
Chain 3: Iteration:  2400 / 12000 [ 20%]  (Warmup)
Chain 1: Iteration:  2400 / 12000 [ 20%]  (Warmup)
Chain 2: Iteration:  2400 / 12000 [ 20%]  (Warmup)
Chain 3: Iteration:  3600 / 12000 [ 30%]  (Warmup)
Chain 4: Iteration:  3600 / 12000 [ 30%]  (Warmup)
Chain 1: Iteration:  3600 / 12000 [ 30%]  (Warmup)
Chain 2: Iteration:  3600 / 12000 [ 30%]  (Warmup)
Chain 3: Iteration:  4800 / 12000 [ 40%]  (Warmup)
Chain 4: Iteration:  4800 / 12000 [ 40%]  (Warmup)
Chain 1: Iteration:  4800 / 12000 [ 40%]  (Warmup)
Chain 2: Iteration:  4800 / 12000 [ 40%]  (Warmup)
Chain 3: Iteration:  6000 / 12000 [ 50%]  (Warmup)
Chain 3: Iteration:  6001 / 12000 [ 50%]  (Sampling)
Chain 4: Iteration:  6000 / 12000 [ 50%]  (Warmup)
Chain 4: Iteration:  6001 / 12000 [ 50%]  (Sampling)
Chain 1: Iteration:  6000 / 12000 [ 50%]  (Warmup)
Chain 1: Iteration:  6001 / 12000 [ 50%]  (Sampling)
Chain 2: Iteration:  6000 / 12000 [ 50%]  (Warmup)
Chain 2: Iteration:  6001 / 12000 [ 50%]  (Sampling)
Chain 4: Iteration:  7200 / 12000 [ 60%]  (Sampling)
Chain 3: Iteration:  7200 / 12000 [ 60%]  (Sampling)
Chain 1: Iteration:  7200 / 12000 [ 60%]  (Sampling)
Chain 4: Iteration:  8400 / 12000 [ 70%]  (Sampling)
Chain 2: Iteration:  7200 / 12000 [ 60%]  (Sampling)
Chain 3: Iteration:  8400 / 12000 [ 70%]  (Sampling)
Chain 4: Iteration:  9600 / 12000 [ 80%]  (Sampling)
Chain 1: Iteration:  8400 / 12000 [ 70%]  (Sampling)
Chain 2: Iteration:  8400 / 12000 [ 70%]  (Sampling)
Chain 4: Iteration: 10800 / 12000 [ 90%]  (Sampling)
Chain 3: Iteration:  9600 / 12000 [ 80%]  (Sampling)
Chain 4: Iteration: 12000 / 12000 [100%]  (Sampling)
Chain 4: 
Chain 4:  Elapsed Time: 56.142 seconds (Warm-up)
Chain 4:                57.62 seconds (Sampling)
Chain 4:                113.762 seconds (Total)
Chain 4: 
Chain 1: Iteration:  9600 / 12000 [ 80%]  (Sampling)
Chain 2: Iteration:  9600 / 12000 [ 80%]  (Sampling)
Chain 3: Iteration: 10800 / 12000 [ 90%]  (Sampling)
Chain 1: Iteration: 10800 / 12000 [ 90%]  (Sampling)
Chain 2: Iteration: 10800 / 12000 [ 90%]  (Sampling)
Chain 3: Iteration: 12000 / 12000 [100%]  (Sampling)
Chain 3: 
Chain 3:  Elapsed Time: 55.532 seconds (Warm-up)
Chain 3:                86.012 seconds (Sampling)
Chain 3:                141.544 seconds (Total)
Chain 3: 
Chain 1: Iteration: 12000 / 12000 [100%]  (Sampling)
Chain 1: 
Chain 1:  Elapsed Time: 58.344 seconds (Warm-up)
Chain 1:                101.258 seconds (Sampling)
Chain 1:                159.602 seconds (Total)
Chain 1: 
Chain 2: Iteration: 12000 / 12000 [100%]  (Sampling)
Chain 2: 
Chain 2:  Elapsed Time: 59.536 seconds (Warm-up)
Chain 2:                101.486 seconds (Sampling)
Chain 2:                161.022 seconds (Total)
Chain 2: 
Done!
Assumed model: m3 (model_index = 3 )
Fitting p0.json, 1/17

SAMPLING FOR MODEL 'anon_model' NOW (CHAIN 1).
Chain 1: 
Chain 1: Gradient evaluation took 0.000228 seconds
Chain 1: 1000 transitions using 10 leapfrog steps per transition would take 2.28 seconds.
Chain 1: Adjust your expectations accordingly!
Chain 1: 
Chain 1: 

SAMPLING FOR MODEL 'anon_model' NOW (CHAIN 2).
Chain 1: Iteration:     1 / 12000 [  0%]  (Warmup)
Chain 2: 
Chain 2: Gradient evaluation took 0.000218 seconds
Chain 2: 1000 transitions using 10 leapfrog steps per transition would take 2.18 seconds.
Chain 2: Adjust your expectations accordingly!
Chain 2: 
Chain 2: 

SAMPLING FOR MODEL 'anon_model' NOW (CHAIN 3).
Chain 3: 
Chain 3: Gradient evaluation took 0.000281 seconds
Chain 3: 1000 transitions using 10 leapfrog steps per transition would take 2.81 seconds.
Chain 3: Adjust your expectations accordingly!
Chain 3: 
Chain 3: 
Chain 2: Iteration:     1 / 12000 [  0%]  (Warmup)

SAMPLING FOR MODEL 'anon_model' NOW (CHAIN 4).
Chain 3: Iteration:     1 / 12000 [  0%]  (Warmup)
Chain 4: 
Chain 4: Gradient evaluation took 0.000231 seconds
Chain 4: 1000 transitions using 10 leapfrog steps per transition would take 2.31 seconds.
Chain 4: Adjust your expectations accordingly!
Chain 4: 
Chain 4: 
Chain 4: Iteration:     1 / 12000 [  0%]  (Warmup)
Chain 3: Iteration:  1200 / 12000 [ 10%]  (Warmup)
Chain 4: Iteration:  1200 / 12000 [ 10%]  (Warmup)
Chain 1: Iteration:  1200 / 12000 [ 10%]  (Warmup)
Chain 2: Iteration:  1200 / 12000 [ 10%]  (Warmup)
Chain 3: Iteration:  2400 / 12000 [ 20%]  (Warmup)
Chain 1: Iteration:  2400 / 12000 [ 20%]  (Warmup)
Chain 4: Iteration:  2400 / 12000 [ 20%]  (Warmup)
Chain 2: Iteration:  2400 / 12000 [ 20%]  (Warmup)
Chain 3: Iteration:  3600 / 12000 [ 30%]  (Warmup)
Chain 4: Iteration:  3600 / 12000 [ 30%]  (Warmup)
Chain 1: Iteration:  3600 / 12000 [ 30%]  (Warmup)
Chain 2: Iteration:  3600 / 12000 [ 30%]  (Warmup)
Chain 3: Iteration:  4800 / 12000 [ 40%]  (Warmup)
Chain 4: Iteration:  4800 / 12000 [ 40%]  (Warmup)
Chain 1: Iteration:  4800 / 12000 [ 40%]  (Warmup)
Chain 2: Iteration:  4800 / 12000 [ 40%]  (Warmup)
Chain 3: Iteration:  6000 / 12000 [ 50%]  (Warmup)
Chain 3: Iteration:  6001 / 12000 [ 50%]  (Sampling)
Chain 4: Iteration:  6000 / 12000 [ 50%]  (Warmup)
Chain 4: Iteration:  6001 / 12000 [ 50%]  (Sampling)
Chain 1: Iteration:  6000 / 12000 [ 50%]  (Warmup)
Chain 1: Iteration:  6001 / 12000 [ 50%]  (Sampling)
Chain 2: Iteration:  6000 / 12000 [ 50%]  (Warmup)
Chain 2: Iteration:  6001 / 12000 [ 50%]  (Sampling)
Chain 3: Iteration:  7200 / 12000 [ 60%]  (Sampling)
Chain 1: Iteration:  7200 / 12000 [ 60%]  (Sampling)
Chain 4: Iteration:  7200 / 12000 [ 60%]  (Sampling)
Chain 2: Iteration:  7200 / 12000 [ 60%]  (Sampling)
Chain 3: Iteration:  8400 / 12000 [ 70%]  (Sampling)
Chain 1: Iteration:  8400 / 12000 [ 70%]  (Sampling)
Chain 2: Iteration:  8400 / 12000 [ 70%]  (Sampling)
Chain 3: Iteration:  9600 / 12000 [ 80%]  (Sampling)
Chain 1: Iteration:  9600 / 12000 [ 80%]  (Sampling)
Chain 4: Iteration:  8400 / 12000 [ 70%]  (Sampling)
Chain 3: Iteration: 10800 / 12000 [ 90%]  (Sampling)
Chain 1: Iteration: 10800 / 12000 [ 90%]  (Sampling)
Chain 2: Iteration:  9600 / 12000 [ 80%]  (Sampling)
Chain 4: Iteration:  9600 / 12000 [ 80%]  (Sampling)
Chain 1: Iteration: 12000 / 12000 [100%]  (Sampling)
Chain 1: 
Chain 1:  Elapsed Time: 33.406 seconds (Warm-up)
Chain 1:                26.234 seconds (Sampling)
Chain 1:                59.64 seconds (Total)
Chain 1: 
Chain 3: Iteration: 12000 / 12000 [100%]  (Sampling)
Chain 3: 
Chain 3:  Elapsed Time: 32.187 seconds (Warm-up)
Chain 3:                27.455 seconds (Sampling)
Chain 3:                59.642 seconds (Total)
Chain 3: 
Chain 2: Iteration: 10800 / 12000 [ 90%]  (Sampling)
Chain 4: Iteration: 10800 / 12000 [ 90%]  (Sampling)
Chain 2: Iteration: 12000 / 12000 [100%]  (Sampling)
Chain 2: 
Chain 2:  Elapsed Time: 33.999 seconds (Warm-up)
Chain 2:                35.593 seconds (Sampling)
Chain 2:                69.592 seconds (Total)
Chain 2: 
Chain 4: Iteration: 12000 / 12000 [100%]  (Sampling)
Chain 4: 
Chain 4:  Elapsed Time: 33.072 seconds (Warm-up)
Chain 4:                40.12 seconds (Sampling)
Chain 4:                73.192 seconds (Total)
Chain 4: 
Done!
Fitting p1.json, 2/17

SAMPLING FOR MODEL 'anon_model' NOW (CHAIN 1).
Chain 1: 
Chain 1: Gradient evaluation took 0.000229 seconds
Chain 1: 1000 transitions using 10 leapfrog steps per transition would take 2.29 seconds.
Chain 1: Adjust your expectations accordingly!
Chain 1: 
Chain 1: 

SAMPLING FOR MODEL 'anon_model' NOW (CHAIN 2).
Chain 2: 
Chain 2: Gradient evaluation took 0.000222 seconds
Chain 2: 1000 transitions using 10 leapfrog steps per transition would take 2.22 seconds.
Chain 2: Adjust your expectations accordingly!
Chain 2: 
Chain 2: 

SAMPLING FOR MODEL 'anon_model' NOW (CHAIN 3).
Chain 1: Iteration:     1 / 12000 [  0%]  (Warmup)
Chain 3: 
Chain 3: Gradient evaluation took 0.00023 seconds
Chain 3: 1000 transitions using 10 leapfrog steps per transition would take 2.3 seconds.
Chain 3: Adjust your expectations accordingly!
Chain 3: 
Chain 3: 
Chain 2: Iteration:     1 / 12000 [  0%]  (Warmup)

SAMPLING FOR MODEL 'anon_model' NOW (CHAIN 4).
Chain 3: Iteration:     1 / 12000 [  0%]  (Warmup)
Chain 4: 
Chain 4: Gradient evaluation took 0.000216 seconds
Chain 4: 1000 transitions using 10 leapfrog steps per transition would take 2.16 seconds.
Chain 4: Adjust your expectations accordingly!
Chain 4: 
Chain 4: 
Chain 4: Iteration:     1 / 12000 [  0%]  (Warmup)
Chain 1: Iteration:  1200 / 12000 [ 10%]  (Warmup)
Chain 4: Iteration:  1200 / 12000 [ 10%]  (Warmup)
Chain 2: Iteration:  1200 / 12000 [ 10%]  (Warmup)
Chain 3: Iteration:  1200 / 12000 [ 10%]  (Warmup)
Chain 1: Iteration:  2400 / 12000 [ 20%]  (Warmup)
Chain 4: Iteration:  2400 / 12000 [ 20%]  (Warmup)
Chain 2: Iteration:  2400 / 12000 [ 20%]  (Warmup)
Chain 3: Iteration:  2400 / 12000 [ 20%]  (Warmup)
Chain 1: Iteration:  3600 / 12000 [ 30%]  (Warmup)
Chain 2: Iteration:  3600 / 12000 [ 30%]  (Warmup)
Chain 4: Iteration:  3600 / 12000 [ 30%]  (Warmup)
Chain 3: Iteration:  3600 / 12000 [ 30%]  (Warmup)
Chain 1: Iteration:  4800 / 12000 [ 40%]  (Warmup)
Chain 2: Iteration:  4800 / 12000 [ 40%]  (Warmup)
Chain 4: Iteration:  4800 / 12000 [ 40%]  (Warmup)
Chain 3: Iteration:  4800 / 12000 [ 40%]  (Warmup)
Chain 1: Iteration:  6000 / 12000 [ 50%]  (Warmup)
Chain 1: Iteration:  6001 / 12000 [ 50%]  (Sampling)
Chain 2: Iteration:  6000 / 12000 [ 50%]  (Warmup)
Chain 2: Iteration:  6001 / 12000 [ 50%]  (Sampling)
Chain 4: Iteration:  6000 / 12000 [ 50%]  (Warmup)
Chain 4: Iteration:  6001 / 12000 [ 50%]  (Sampling)
Chain 3: Iteration:  6000 / 12000 [ 50%]  (Warmup)
Chain 3: Iteration:  6001 / 12000 [ 50%]  (Sampling)
Chain 1: Iteration:  7200 / 12000 [ 60%]  (Sampling)
Chain 2: Iteration:  7200 / 12000 [ 60%]  (Sampling)
Chain 1: Iteration:  8400 / 12000 [ 70%]  (Sampling)
Chain 3: Iteration:  7200 / 12000 [ 60%]  (Sampling)
Chain 4: Iteration:  7200 / 12000 [ 60%]  (Sampling)
Chain 1: Iteration:  9600 / 12000 [ 80%]  (Sampling)
Chain 2: Iteration:  8400 / 12000 [ 70%]  (Sampling)
Chain 3: Iteration:  8400 / 12000 [ 70%]  (Sampling)
Chain 1: Iteration: 10800 / 12000 [ 90%]  (Sampling)
Chain 4: Iteration:  8400 / 12000 [ 70%]  (Sampling)
Chain 2: Iteration:  9600 / 12000 [ 80%]  (Sampling)
Chain 1: Iteration: 12000 / 12000 [100%]  (Sampling)
Chain 1: 
Chain 1:  Elapsed Time: 29.733 seconds (Warm-up)
Chain 1:                26.529 seconds (Sampling)
Chain 1:                56.262 seconds (Total)
Chain 1: 
Chain 3: Iteration:  9600 / 12000 [ 80%]  (Sampling)
Chain 2: Iteration: 10800 / 12000 [ 90%]  (Sampling)
Chain 4: Iteration:  9600 / 12000 [ 80%]  (Sampling)
Chain 2: Iteration: 12000 / 12000 [100%]  (Sampling)
Chain 2: 
Chain 2:  Elapsed Time: 30.097 seconds (Warm-up)
Chain 2:                39.445 seconds (Sampling)
Chain 2:                69.542 seconds (Total)
Chain 2: 
Chain 3: Iteration: 10800 / 12000 [ 90%]  (Sampling)
Chain 4: Iteration: 10800 / 12000 [ 90%]  (Sampling)
Chain 3: Iteration: 12000 / 12000 [100%]  (Sampling)
Chain 3: 
Chain 3:  Elapsed Time: 30.845 seconds (Warm-up)
Chain 3:                47.868 seconds (Sampling)
Chain 3:                78.713 seconds (Total)
Chain 3: 
Chain 4: Iteration: 12000 / 12000 [100%]  (Sampling)
Chain 4: 
Chain 4:  Elapsed Time: 30.529 seconds (Warm-up)
Chain 4:                51.507 seconds (Sampling)
Chain 4:                82.036 seconds (Total)
Chain 4: 
Done!
Fitting p10.json, 3/17

SAMPLING FOR MODEL 'anon_model' NOW (CHAIN 1).
Chain 1: 
Chain 1: Gradient evaluation took 0.000255 seconds
Chain 1: 1000 transitions using 10 leapfrog steps per transition would take 2.55 seconds.
Chain 1: Adjust your expectations accordingly!
Chain 1: 
Chain 1: 

SAMPLING FOR MODEL 'anon_model' NOW (CHAIN 2).
Chain 1: Iteration:     1 / 12000 [  0%]  (Warmup)
Chain 2: 
Chain 2: Gradient evaluation took 0.00023 seconds
Chain 2: 1000 transitions using 10 leapfrog steps per transition would take 2.3 seconds.
Chain 2: Adjust your expectations accordingly!
Chain 2: 
Chain 2: 

SAMPLING FOR MODEL 'anon_model' NOW (CHAIN 3).
Chain 3: 
Chain 3: Gradient evaluation took 0.000213 seconds
Chain 3: 1000 transitions using 10 leapfrog steps per transition would take 2.13 seconds.
Chain 3: Adjust your expectations accordingly!
Chain 3: 
Chain 3: 
Chain 2: Iteration:     1 / 12000 [  0%]  (Warmup)

SAMPLING FOR MODEL 'anon_model' NOW (CHAIN 4).
Chain 3: Iteration:     1 / 12000 [  0%]  (Warmup)
Chain 4: 
Chain 4: Gradient evaluation took 0.000226 seconds
Chain 4: 1000 transitions using 10 leapfrog steps per transition would take 2.26 seconds.
Chain 4: Adjust your expectations accordingly!
Chain 4: 
Chain 4: 
Chain 4: Iteration:     1 / 12000 [  0%]  (Warmup)
Chain 2: Iteration:  1200 / 12000 [ 10%]  (Warmup)
Chain 1: Iteration:  1200 / 12000 [ 10%]  (Warmup)
Chain 3: Iteration:  1200 / 12000 [ 10%]  (Warmup)
Chain 4: Iteration:  1200 / 12000 [ 10%]  (Warmup)
Chain 3: Iteration:  2400 / 12000 [ 20%]  (Warmup)
Chain 1: Iteration:  2400 / 12000 [ 20%]  (Warmup)
Chain 2: Iteration:  2400 / 12000 [ 20%]  (Warmup)
Chain 4: Iteration:  2400 / 12000 [ 20%]  (Warmup)
Chain 3: Iteration:  3600 / 12000 [ 30%]  (Warmup)
Chain 1: Iteration:  3600 / 12000 [ 30%]  (Warmup)
Chain 2: Iteration:  3600 / 12000 [ 30%]  (Warmup)
Chain 4: Iteration:  3600 / 12000 [ 30%]  (Warmup)
Chain 3: Iteration:  4800 / 12000 [ 40%]  (Warmup)
Chain 1: Iteration:  4800 / 12000 [ 40%]  (Warmup)
Chain 2: Iteration:  4800 / 12000 [ 40%]  (Warmup)
Chain 4: Iteration:  4800 / 12000 [ 40%]  (Warmup)
Chain 3: Iteration:  6000 / 12000 [ 50%]  (Warmup)
Chain 3: Iteration:  6001 / 12000 [ 50%]  (Sampling)
Chain 1: Iteration:  6000 / 12000 [ 50%]  (Warmup)
Chain 1: Iteration:  6001 / 12000 [ 50%]  (Sampling)
Chain 2: Iteration:  6000 / 12000 [ 50%]  (Warmup)
Chain 2: Iteration:  6001 / 12000 [ 50%]  (Sampling)
Chain 4: Iteration:  6000 / 12000 [ 50%]  (Warmup)
Chain 4: Iteration:  6001 / 12000 [ 50%]  (Sampling)
Chain 1: Iteration:  7200 / 12000 [ 60%]  (Sampling)
Chain 2: Iteration:  7200 / 12000 [ 60%]  (Sampling)
Chain 3: Iteration:  7200 / 12000 [ 60%]  (Sampling)
Chain 1: Iteration:  8400 / 12000 [ 70%]  (Sampling)
Chain 2: Iteration:  8400 / 12000 [ 70%]  (Sampling)
Chain 4: Iteration:  7200 / 12000 [ 60%]  (Sampling)
Chain 1: Iteration:  9600 / 12000 [ 80%]  (Sampling)
Chain 3: Iteration:  8400 / 12000 [ 70%]  (Sampling)
Chain 2: Iteration:  9600 / 12000 [ 80%]  (Sampling)
Chain 1: Iteration: 10800 / 12000 [ 90%]  (Sampling)
Chain 2: Iteration: 10800 / 12000 [ 90%]  (Sampling)
Chain 4: Iteration:  8400 / 12000 [ 70%]  (Sampling)
Chain 3: Iteration:  9600 / 12000 [ 80%]  (Sampling)
Chain 1: Iteration: 12000 / 12000 [100%]  (Sampling)
Chain 1: 
Chain 1:  Elapsed Time: 44.492 seconds (Warm-up)
Chain 1:                35.193 seconds (Sampling)
Chain 1:                79.685 seconds (Total)
Chain 1: 
Chain 2: Iteration: 12000 / 12000 [100%]  (Sampling)
Chain 2: 
Chain 2:  Elapsed Time: 44.68 seconds (Warm-up)
Chain 2:                37.712 seconds (Sampling)
Chain 2:                82.392 seconds (Total)
Chain 2: 
Chain 4: Iteration:  9600 / 12000 [ 80%]  (Sampling)
Chain 3: Iteration: 10800 / 12000 [ 90%]  (Sampling)
Chain 3: Iteration: 12000 / 12000 [100%]  (Sampling)
Chain 3: 
Chain 3:  Elapsed Time: 44.436 seconds (Warm-up)
Chain 3:                56.293 seconds (Sampling)
Chain 3:                100.729 seconds (Total)
Chain 3: 
Chain 4: Iteration: 10800 / 12000 [ 90%]  (Sampling)
Chain 4: Iteration: 12000 / 12000 [100%]  (Sampling)
Chain 4: 
Chain 4:  Elapsed Time: 46.292 seconds (Warm-up)
Chain 4:                69.431 seconds (Sampling)
Chain 4:                115.723 seconds (Total)
Chain 4: 
Done!
Fitting p11.json, 4/17

SAMPLING FOR MODEL 'anon_model' NOW (CHAIN 1).
Chain 1: 
Chain 1: Gradient evaluation took 0.000257 seconds
Chain 1: 1000 transitions using 10 leapfrog steps per transition would take 2.57 seconds.
Chain 1: Adjust your expectations accordingly!
Chain 1: 
Chain 1: 

SAMPLING FOR MODEL 'anon_model' NOW (CHAIN 2).
Chain 1: Iteration:     1 / 12000 [  0%]  (Warmup)
Chain 2: 
Chain 2: Gradient evaluation took 0.000227 seconds
Chain 2: 1000 transitions using 10 leapfrog steps per transition would take 2.27 seconds.
Chain 2: Adjust your expectations accordingly!
Chain 2: 
Chain 2: 

SAMPLING FOR MODEL 'anon_model' NOW (CHAIN 3).
Chain 3: 
Chain 3: Gradient evaluation took 0.000245 seconds
Chain 3: 1000 transitions using 10 leapfrog steps per transition would take 2.45 seconds.
Chain 3: Adjust your expectations accordingly!
Chain 3: 
Chain 3: 
Chain 2: Iteration:     1 / 12000 [  0%]  (Warmup)

SAMPLING FOR MODEL 'anon_model' NOW (CHAIN 4).
Chain 3: Iteration:     1 / 12000 [  0%]  (Warmup)
Chain 4: 
Chain 4: Gradient evaluation took 0.000235 seconds
Chain 4: 1000 transitions using 10 leapfrog steps per transition would take 2.35 seconds.
Chain 4: Adjust your expectations accordingly!
Chain 4: 
Chain 4: 
Chain 4: Iteration:     1 / 12000 [  0%]  (Warmup)
Chain 4: Iteration:  1200 / 12000 [ 10%]  (Warmup)
Chain 3: Iteration:  1200 / 12000 [ 10%]  (Warmup)
Chain 1: Iteration:  1200 / 12000 [ 10%]  (Warmup)
Chain 2: Iteration:  1200 / 12000 [ 10%]  (Warmup)
Chain 4: Iteration:  2400 / 12000 [ 20%]  (Warmup)
Chain 3: Iteration:  2400 / 12000 [ 20%]  (Warmup)
Chain 1: Iteration:  2400 / 12000 [ 20%]  (Warmup)
Chain 2: Iteration:  2400 / 12000 [ 20%]  (Warmup)
Chain 4: Iteration:  3600 / 12000 [ 30%]  (Warmup)
Chain 3: Iteration:  3600 / 12000 [ 30%]  (Warmup)
Chain 1: Iteration:  3600 / 12000 [ 30%]  (Warmup)
Chain 2: Iteration:  3600 / 12000 [ 30%]  (Warmup)
Chain 4: Iteration:  4800 / 12000 [ 40%]  (Warmup)
Chain 3: Iteration:  4800 / 12000 [ 40%]  (Warmup)
Chain 1: Iteration:  4800 / 12000 [ 40%]  (Warmup)
Chain 2: Iteration:  4800 / 12000 [ 40%]  (Warmup)
Chain 4: Iteration:  6000 / 12000 [ 50%]  (Warmup)
Chain 4: Iteration:  6001 / 12000 [ 50%]  (Sampling)
Chain 3: Iteration:  6000 / 12000 [ 50%]  (Warmup)
Chain 3: Iteration:  6001 / 12000 [ 50%]  (Sampling)
Chain 1: Iteration:  6000 / 12000 [ 50%]  (Warmup)
Chain 1: Iteration:  6001 / 12000 [ 50%]  (Sampling)
Chain 2: Iteration:  6000 / 12000 [ 50%]  (Warmup)
Chain 2: Iteration:  6001 / 12000 [ 50%]  (Sampling)
Chain 4: Iteration:  7200 / 12000 [ 60%]  (Sampling)
Chain 3: Iteration:  7200 / 12000 [ 60%]  (Sampling)
Chain 2: Iteration:  7200 / 12000 [ 60%]  (Sampling)
Chain 4: Iteration:  8400 / 12000 [ 70%]  (Sampling)
Chain 1: Iteration:  7200 / 12000 [ 60%]  (Sampling)
Chain 3: Iteration:  8400 / 12000 [ 70%]  (Sampling)
Chain 2: Iteration:  8400 / 12000 [ 70%]  (Sampling)
Chain 4: Iteration:  9600 / 12000 [ 80%]  (Sampling)
Chain 2: Iteration:  9600 / 12000 [ 80%]  (Sampling)
Chain 3: Iteration:  9600 / 12000 [ 80%]  (Sampling)
Chain 1: Iteration:  8400 / 12000 [ 70%]  (Sampling)
Chain 4: Iteration: 10800 / 12000 [ 90%]  (Sampling)
Chain 2: Iteration: 10800 / 12000 [ 90%]  (Sampling)
Chain 3: Iteration: 10800 / 12000 [ 90%]  (Sampling)
Chain 4: Iteration: 12000 / 12000 [100%]  (Sampling)
Chain 4: 
Chain 4:  Elapsed Time: 27.713 seconds (Warm-up)
Chain 4:                24.052 seconds (Sampling)
Chain 4:                51.765 seconds (Total)
Chain 4: 
Chain 1: Iteration:  9600 / 12000 [ 80%]  (Sampling)
Chain 2: Iteration: 12000 / 12000 [100%]  (Sampling)
Chain 2: 
Chain 2:  Elapsed Time: 30.058 seconds (Warm-up)
Chain 2:                22.609 seconds (Sampling)
Chain 2:                52.667 seconds (Total)
Chain 2: 
Chain 3: Iteration: 12000 / 12000 [100%]  (Sampling)
Chain 3: 
Chain 3:  Elapsed Time: 28.785 seconds (Warm-up)
Chain 3:                25.025 seconds (Sampling)
Chain 3:                53.81 seconds (Total)
Chain 3: 
Chain 1: Iteration: 10800 / 12000 [ 90%]  (Sampling)
Chain 1: Iteration: 12000 / 12000 [100%]  (Sampling)
Chain 1: 
Chain 1:  Elapsed Time: 29.775 seconds (Warm-up)
Chain 1:                36.473 seconds (Sampling)
Chain 1:                66.248 seconds (Total)
Chain 1: 
Done!
Fitting p12.json, 5/17

SAMPLING FOR MODEL 'anon_model' NOW (CHAIN 1).
Chain 1: 
Chain 1: Gradient evaluation took 0.000242 seconds
Chain 1: 1000 transitions using 10 leapfrog steps per transition would take 2.42 seconds.
Chain 1: Adjust your expectations accordingly!
Chain 1: 
Chain 1: 
Chain 1: Iteration:     1 / 12000 [  0%]  (Warmup)

SAMPLING FOR MODEL 'anon_model' NOW (CHAIN 2).

SAMPLING FOR MODEL 'anon_model' NOW (CHAIN 3).
Chain 2: 
Chain 2: Gradient evaluation took 0.000257 seconds
Chain 2: 1000 transitions using 10 leapfrog steps per transition would take 2.57 seconds.
Chain 2: Adjust your expectations accordingly!
Chain 2: 
Chain 2: 
Chain 3: 
Chain 3: Gradient evaluation took 0.000235 seconds
Chain 3: 1000 transitions using 10 leapfrog steps per transition would take 2.35 seconds.
Chain 3: Adjust your expectations accordingly!
Chain 3: 
Chain 3: 
Chain 2: Iteration:     1 / 12000 [  0%]  (Warmup)

SAMPLING FOR MODEL 'anon_model' NOW (CHAIN 4).
Chain 3: Iteration:     1 / 12000 [  0%]  (Warmup)
Chain 4: 
Chain 4: Gradient evaluation took 0.001075 seconds
Chain 4: 1000 transitions using 10 leapfrog steps per transition would take 10.75 seconds.
Chain 4: Adjust your expectations accordingly!
Chain 4: 
Chain 4: 
Chain 4: Iteration:     1 / 12000 [  0%]  (Warmup)
Chain 2: Iteration:  1200 / 12000 [ 10%]  (Warmup)
Chain 4: Iteration:  1200 / 12000 [ 10%]  (Warmup)
Chain 3: Iteration:  1200 / 12000 [ 10%]  (Warmup)
Chain 1: Iteration:  1200 / 12000 [ 10%]  (Warmup)
Chain 4: Iteration:  2400 / 12000 [ 20%]  (Warmup)
Chain 2: Iteration:  2400 / 12000 [ 20%]  (Warmup)
Chain 3: Iteration:  2400 / 12000 [ 20%]  (Warmup)
Chain 1: Iteration:  2400 / 12000 [ 20%]  (Warmup)
Chain 4: Iteration:  3600 / 12000 [ 30%]  (Warmup)
Chain 2: Iteration:  3600 / 12000 [ 30%]  (Warmup)
Chain 3: Iteration:  3600 / 12000 [ 30%]  (Warmup)
Chain 1: Iteration:  3600 / 12000 [ 30%]  (Warmup)
Chain 4: Iteration:  4800 / 12000 [ 40%]  (Warmup)
Chain 2: Iteration:  4800 / 12000 [ 40%]  (Warmup)
Chain 3: Iteration:  4800 / 12000 [ 40%]  (Warmup)
Chain 1: Iteration:  4800 / 12000 [ 40%]  (Warmup)
Chain 4: Iteration:  6000 / 12000 [ 50%]  (Warmup)
Chain 4: Iteration:  6001 / 12000 [ 50%]  (Sampling)
Chain 2: Iteration:  6000 / 12000 [ 50%]  (Warmup)
Chain 2: Iteration:  6001 / 12000 [ 50%]  (Sampling)
Chain 1: Iteration:  6000 / 12000 [ 50%]  (Warmup)
Chain 1: Iteration:  6001 / 12000 [ 50%]  (Sampling)
Chain 3: Iteration:  6000 / 12000 [ 50%]  (Warmup)
Chain 3: Iteration:  6001 / 12000 [ 50%]  (Sampling)
Chain 4: Iteration:  7200 / 12000 [ 60%]  (Sampling)
Chain 1: Iteration:  7200 / 12000 [ 60%]  (Sampling)
Chain 2: Iteration:  7200 / 12000 [ 60%]  (Sampling)
Chain 3: Iteration:  7200 / 12000 [ 60%]  (Sampling)
Chain 1: Iteration:  8400 / 12000 [ 70%]  (Sampling)
Chain 4: Iteration:  8400 / 12000 [ 70%]  (Sampling)
Chain 2: Iteration:  8400 / 12000 [ 70%]  (Sampling)
Chain 1: Iteration:  9600 / 12000 [ 80%]  (Sampling)
Chain 3: Iteration:  8400 / 12000 [ 70%]  (Sampling)
Chain 4: Iteration:  9600 / 12000 [ 80%]  (Sampling)
Chain 2: Iteration:  9600 / 12000 [ 80%]  (Sampling)
Chain 1: Iteration: 10800 / 12000 [ 90%]  (Sampling)
Chain 4: Iteration: 10800 / 12000 [ 90%]  (Sampling)
Chain 2: Iteration: 10800 / 12000 [ 90%]  (Sampling)
Chain 3: Iteration:  9600 / 12000 [ 80%]  (Sampling)
Chain 1: Iteration: 12000 / 12000 [100%]  (Sampling)
Chain 1: 
Chain 1:  Elapsed Time: 29.784 seconds (Warm-up)
Chain 1:                25.721 seconds (Sampling)
Chain 1:                55.505 seconds (Total)
Chain 1: 
Chain 4: Iteration: 12000 / 12000 [100%]  (Sampling)
Chain 4: 
Chain 4:  Elapsed Time: 28.831 seconds (Warm-up)
Chain 4:                28.476 seconds (Sampling)
Chain 4:                57.307 seconds (Total)
Chain 4: 
Chain 2: Iteration: 12000 / 12000 [100%]  (Sampling)
Chain 2: 
Chain 2:  Elapsed Time: 29.736 seconds (Warm-up)
Chain 2:                30.662 seconds (Sampling)
Chain 2:                60.398 seconds (Total)
Chain 2: 
Chain 3: Iteration: 10800 / 12000 [ 90%]  (Sampling)
Chain 3: Iteration: 12000 / 12000 [100%]  (Sampling)
Chain 3: 
Chain 3:  Elapsed Time: 29.836 seconds (Warm-up)
Chain 3:                39.877 seconds (Sampling)
Chain 3:                69.713 seconds (Total)
Chain 3: 
Done!
Fitting p13.json, 6/17

SAMPLING FOR MODEL 'anon_model' NOW (CHAIN 1).
Chain 1: 
Chain 1: Gradient evaluation took 0.000233 seconds
Chain 1: 1000 transitions using 10 leapfrog steps per transition would take 2.33 seconds.
Chain 1: Adjust your expectations accordingly!
Chain 1: 
Chain 1: 

SAMPLING FOR MODEL 'anon_model' NOW (CHAIN 2).
Chain 1: Iteration:     1 / 12000 [  0%]  (Warmup)
Chain 2: 
Chain 2: Gradient evaluation took 0.000221 seconds
Chain 2: 1000 transitions using 10 leapfrog steps per transition would take 2.21 seconds.
Chain 2: Adjust your expectations accordingly!
Chain 2: 
Chain 2: 

SAMPLING FOR MODEL 'anon_model' NOW (CHAIN 3).
Chain 3: 
Chain 3: Gradient evaluation took 0.000223 seconds
Chain 3: 1000 transitions using 10 leapfrog steps per transition would take 2.23 seconds.
Chain 3: Adjust your expectations accordingly!
Chain 3: 
Chain 3: 
Chain 2: Iteration:     1 / 12000 [  0%]  (Warmup)

SAMPLING FOR MODEL 'anon_model' NOW (CHAIN 4).
Chain 3: Iteration:     1 / 12000 [  0%]  (Warmup)
Chain 4: 
Chain 4: Gradient evaluation took 0.000213 seconds
Chain 4: 1000 transitions using 10 leapfrog steps per transition would take 2.13 seconds.
Chain 4: Adjust your expectations accordingly!
Chain 4: 
Chain 4: 
Chain 4: Iteration:     1 / 12000 [  0%]  (Warmup)
Chain 4: Iteration:  1200 / 12000 [ 10%]  (Warmup)
Chain 3: Iteration:  1200 / 12000 [ 10%]  (Warmup)
Chain 1: Iteration:  1200 / 12000 [ 10%]  (Warmup)
Chain 2: Iteration:  1200 / 12000 [ 10%]  (Warmup)
Chain 2: Iteration:  2400 / 12000 [ 20%]  (Warmup)
Chain 4: Iteration:  2400 / 12000 [ 20%]  (Warmup)
Chain 3: Iteration:  2400 / 12000 [ 20%]  (Warmup)
Chain 1: Iteration:  2400 / 12000 [ 20%]  (Warmup)
Chain 2: Iteration:  3600 / 12000 [ 30%]  (Warmup)
Chain 4: Iteration:  3600 / 12000 [ 30%]  (Warmup)
Chain 1: Iteration:  3600 / 12000 [ 30%]  (Warmup)
Chain 3: Iteration:  3600 / 12000 [ 30%]  (Warmup)
Chain 2: Iteration:  4800 / 12000 [ 40%]  (Warmup)
Chain 4: Iteration:  4800 / 12000 [ 40%]  (Warmup)
Chain 1: Iteration:  4800 / 12000 [ 40%]  (Warmup)
Chain 3: Iteration:  4800 / 12000 [ 40%]  (Warmup)
Chain 4: Iteration:  6000 / 12000 [ 50%]  (Warmup)
Chain 1: Iteration:  6000 / 12000 [ 50%]  (Warmup)
Chain 4: Iteration:  6001 / 12000 [ 50%]  (Sampling)
Chain 1: Iteration:  6001 / 12000 [ 50%]  (Sampling)
Chain 2: Iteration:  6000 / 12000 [ 50%]  (Warmup)
Chain 2: Iteration:  6001 / 12000 [ 50%]  (Sampling)
Chain 3: Iteration:  6000 / 12000 [ 50%]  (Warmup)
Chain 3: Iteration:  6001 / 12000 [ 50%]  (Sampling)
Chain 1: Iteration:  7200 / 12000 [ 60%]  (Sampling)
Chain 3: Iteration:  7200 / 12000 [ 60%]  (Sampling)
Chain 4: Iteration:  7200 / 12000 [ 60%]  (Sampling)
Chain 2: Iteration:  7200 / 12000 [ 60%]  (Sampling)
Chain 1: Iteration:  8400 / 12000 [ 70%]  (Sampling)
Chain 3: Iteration:  8400 / 12000 [ 70%]  (Sampling)
Chain 4: Iteration:  8400 / 12000 [ 70%]  (Sampling)
Chain 1: Iteration:  9600 / 12000 [ 80%]  (Sampling)
Chain 3: Iteration:  9600 / 12000 [ 80%]  (Sampling)
Chain 2: Iteration:  8400 / 12000 [ 70%]  (Sampling)
Chain 4: Iteration:  9600 / 12000 [ 80%]  (Sampling)
Chain 1: Iteration: 10800 / 12000 [ 90%]  (Sampling)
Chain 3: Iteration: 10800 / 12000 [ 90%]  (Sampling)
Chain 4: Iteration: 10800 / 12000 [ 90%]  (Sampling)
Chain 2: Iteration:  9600 / 12000 [ 80%]  (Sampling)
Chain 1: Iteration: 12000 / 12000 [100%]  (Sampling)
Chain 1: 
Chain 1:  Elapsed Time: 23.954 seconds (Warm-up)
Chain 1:                25.537 seconds (Sampling)
Chain 1:                49.491 seconds (Total)
Chain 1: 
Chain 3: Iteration: 12000 / 12000 [100%]  (Sampling)
Chain 3: 
Chain 3:  Elapsed Time: 24.386 seconds (Warm-up)
Chain 3:                25.388 seconds (Sampling)
Chain 3:                49.774 seconds (Total)
Chain 3: 
Chain 4: Iteration: 12000 / 12000 [100%]  (Sampling)
Chain 4: 
Chain 4:  Elapsed Time: 23.945 seconds (Warm-up)
Chain 4:                28.586 seconds (Sampling)
Chain 4:                52.531 seconds (Total)
Chain 4: 
Chain 2: Iteration: 10800 / 12000 [ 90%]  (Sampling)
Chain 2: Iteration: 12000 / 12000 [100%]  (Sampling)
Chain 2: 
Chain 2:  Elapsed Time: 24.287 seconds (Warm-up)
Chain 2:                40.162 seconds (Sampling)
Chain 2:                64.449 seconds (Total)
Chain 2: 
Done!
Fitting p14.json, 7/17

SAMPLING FOR MODEL 'anon_model' NOW (CHAIN 1).
Chain 1: 
Chain 1: Gradient evaluation took 0.000236 seconds
Chain 1: 1000 transitions using 10 leapfrog steps per transition would take 2.36 seconds.
Chain 1: Adjust your expectations accordingly!
Chain 1: 
Chain 1: 
Chain 1: Iteration:     1 / 12000 [  0%]  (Warmup)

SAMPLING FOR MODEL 'anon_model' NOW (CHAIN 2).

SAMPLING FOR MODEL 'anon_model' NOW (CHAIN 3).
Chain 2: 
Chain 2: Gradient evaluation took 0.000235 seconds
Chain 2: 1000 transitions using 10 leapfrog steps per transition would take 2.35 seconds.
Chain 2: Adjust your expectations accordingly!
Chain 2: 
Chain 2: 
Chain 3: 
Chain 3: Gradient evaluation took 0.000267 seconds
Chain 3: 1000 transitions using 10 leapfrog steps per transition would take 2.67 seconds.
Chain 3: Adjust your expectations accordingly!
Chain 3: 
Chain 3: 
Chain 2: Iteration:     1 / 12000 [  0%]  (Warmup)

SAMPLING FOR MODEL 'anon_model' NOW (CHAIN 4).
Chain 3: Iteration:     1 / 12000 [  0%]  (Warmup)
Chain 4: 
Chain 4: Gradient evaluation took 0.000212 seconds
Chain 4: 1000 transitions using 10 leapfrog steps per transition would take 2.12 seconds.
Chain 4: Adjust your expectations accordingly!
Chain 4: 
Chain 4: 
Chain 4: Iteration:     1 / 12000 [  0%]  (Warmup)
Chain 2: Iteration:  1200 / 12000 [ 10%]  (Warmup)
Chain 4: Iteration:  1200 / 12000 [ 10%]  (Warmup)
Chain 3: Iteration:  1200 / 12000 [ 10%]  (Warmup)
Chain 1: Iteration:  1200 / 12000 [ 10%]  (Warmup)
Chain 4: Iteration:  2400 / 12000 [ 20%]  (Warmup)
Chain 2: Iteration:  2400 / 12000 [ 20%]  (Warmup)
Chain 3: Iteration:  2400 / 12000 [ 20%]  (Warmup)
Chain 1: Iteration:  2400 / 12000 [ 20%]  (Warmup)
Chain 4: Iteration:  3600 / 12000 [ 30%]  (Warmup)
Chain 2: Iteration:  3600 / 12000 [ 30%]  (Warmup)
Chain 3: Iteration:  3600 / 12000 [ 30%]  (Warmup)
Chain 1: Iteration:  3600 / 12000 [ 30%]  (Warmup)
Chain 4: Iteration:  4800 / 12000 [ 40%]  (Warmup)
Chain 2: Iteration:  4800 / 12000 [ 40%]  (Warmup)
Chain 3: Iteration:  4800 / 12000 [ 40%]  (Warmup)
Chain 1: Iteration:  4800 / 12000 [ 40%]  (Warmup)
Chain 4: Iteration:  6000 / 12000 [ 50%]  (Warmup)
Chain 4: Iteration:  6001 / 12000 [ 50%]  (Sampling)
Chain 2: Iteration:  6000 / 12000 [ 50%]  (Warmup)
Chain 2: Iteration:  6001 / 12000 [ 50%]  (Sampling)
Chain 3: Iteration:  6000 / 12000 [ 50%]  (Warmup)
Chain 3: Iteration:  6001 / 12000 [ 50%]  (Sampling)
Chain 1: Iteration:  6000 / 12000 [ 50%]  (Warmup)
Chain 1: Iteration:  6001 / 12000 [ 50%]  (Sampling)
Chain 4: Iteration:  7200 / 12000 [ 60%]  (Sampling)
Chain 2: Iteration:  7200 / 12000 [ 60%]  (Sampling)
Chain 3: Iteration:  7200 / 12000 [ 60%]  (Sampling)
Chain 1: Iteration:  7200 / 12000 [ 60%]  (Sampling)
Chain 4: Iteration:  8400 / 12000 [ 70%]  (Sampling)
Chain 2: Iteration:  8400 / 12000 [ 70%]  (Sampling)
Chain 3: Iteration:  8400 / 12000 [ 70%]  (Sampling)
Chain 4: Iteration:  9600 / 12000 [ 80%]  (Sampling)
Chain 1: Iteration:  8400 / 12000 [ 70%]  (Sampling)
Chain 2: Iteration:  9600 / 12000 [ 80%]  (Sampling)
Chain 4: Iteration: 10800 / 12000 [ 90%]  (Sampling)
Chain 3: Iteration:  9600 / 12000 [ 80%]  (Sampling)
Chain 2: Iteration: 10800 / 12000 [ 90%]  (Sampling)
Chain 1: Iteration:  9600 / 12000 [ 80%]  (Sampling)
Chain 4: Iteration: 12000 / 12000 [100%]  (Sampling)
Chain 4: 
Chain 4:  Elapsed Time: 27.42 seconds (Warm-up)
Chain 4:                21.33 seconds (Sampling)
Chain 4:                48.75 seconds (Total)
Chain 4: 
Chain 3: Iteration: 10800 / 12000 [ 90%]  (Sampling)
Chain 2: Iteration: 12000 / 12000 [100%]  (Sampling)
Chain 2: 
Chain 2:  Elapsed Time: 27.992 seconds (Warm-up)
Chain 2:                23.132 seconds (Sampling)
Chain 2:                51.124 seconds (Total)
Chain 2: 
Chain 1: Iteration: 10800 / 12000 [ 90%]  (Sampling)
Chain 3: Iteration: 12000 / 12000 [100%]  (Sampling)
Chain 3: 
Chain 3:  Elapsed Time: 28.312 seconds (Warm-up)
Chain 3:                26.859 seconds (Sampling)
Chain 3:                55.171 seconds (Total)
Chain 3: 
Chain 1: Iteration: 12000 / 12000 [100%]  (Sampling)
Chain 1: 
Chain 1:  Elapsed Time: 29.135 seconds (Warm-up)
Chain 1:                30.529 seconds (Sampling)
Chain 1:                59.664 seconds (Total)
Chain 1: 
Done!
Fitting p15.json, 8/17

SAMPLING FOR MODEL 'anon_model' NOW (CHAIN 1).
Chain 1: 
Chain 1: Gradient evaluation took 0.000259 seconds
Chain 1: 1000 transitions using 10 leapfrog steps per transition would take 2.59 seconds.
Chain 1: Adjust your expectations accordingly!
Chain 1: 
Chain 1: 

SAMPLING FOR MODEL 'anon_model' NOW (CHAIN 2).
Chain 1: Iteration:     1 / 12000 [  0%]  (Warmup)
Chain 2: 
Chain 2: Gradient evaluation took 0.000227 seconds
Chain 2: 1000 transitions using 10 leapfrog steps per transition would take 2.27 seconds.
Chain 2: Adjust your expectations accordingly!
Chain 2: 
Chain 2: 

SAMPLING FOR MODEL 'anon_model' NOW (CHAIN 3).
Chain 3: 
Chain 3: Gradient evaluation took 0.000223 seconds
Chain 3: 1000 transitions using 10 leapfrog steps per transition would take 2.23 seconds.
Chain 3: Adjust your expectations accordingly!
Chain 3: 
Chain 3: 
Chain 2: Iteration:     1 / 12000 [  0%]  (Warmup)

SAMPLING FOR MODEL 'anon_model' NOW (CHAIN 4).
Chain 3: Iteration:     1 / 12000 [  0%]  (Warmup)
Chain 4: 
Chain 4: Gradient evaluation took 0.000222 seconds
Chain 4: 1000 transitions using 10 leapfrog steps per transition would take 2.22 seconds.
Chain 4: Adjust your expectations accordingly!
Chain 4: 
Chain 4: 
Chain 4: Iteration:     1 / 12000 [  0%]  (Warmup)
Chain 1: Iteration:  1200 / 12000 [ 10%]  (Warmup)
Chain 2: Iteration:  1200 / 12000 [ 10%]  (Warmup)
Chain 3: Iteration:  1200 / 12000 [ 10%]  (Warmup)
Chain 4: Iteration:  1200 / 12000 [ 10%]  (Warmup)
Chain 1: Iteration:  2400 / 12000 [ 20%]  (Warmup)
Chain 3: Iteration:  2400 / 12000 [ 20%]  (Warmup)
Chain 2: Iteration:  2400 / 12000 [ 20%]  (Warmup)
Chain 4: Iteration:  2400 / 12000 [ 20%]  (Warmup)
Chain 1: Iteration:  3600 / 12000 [ 30%]  (Warmup)
Chain 3: Iteration:  3600 / 12000 [ 30%]  (Warmup)
Chain 4: Iteration:  3600 / 12000 [ 30%]  (Warmup)
Chain 2: Iteration:  3600 / 12000 [ 30%]  (Warmup)
Chain 1: Iteration:  4800 / 12000 [ 40%]  (Warmup)
Chain 3: Iteration:  4800 / 12000 [ 40%]  (Warmup)
Chain 4: Iteration:  4800 / 12000 [ 40%]  (Warmup)
Chain 2: Iteration:  4800 / 12000 [ 40%]  (Warmup)
Chain 1: Iteration:  6000 / 12000 [ 50%]  (Warmup)
Chain 1: Iteration:  6001 / 12000 [ 50%]  (Sampling)
Chain 3: Iteration:  6000 / 12000 [ 50%]  (Warmup)
Chain 3: Iteration:  6001 / 12000 [ 50%]  (Sampling)
Chain 4: Iteration:  6000 / 12000 [ 50%]  (Warmup)
Chain 4: Iteration:  6001 / 12000 [ 50%]  (Sampling)
Chain 2: Iteration:  6000 / 12000 [ 50%]  (Warmup)
Chain 2: Iteration:  6001 / 12000 [ 50%]  (Sampling)
Chain 4: Iteration:  7200 / 12000 [ 60%]  (Sampling)
Chain 1: Iteration:  7200 / 12000 [ 60%]  (Sampling)
Chain 3: Iteration:  7200 / 12000 [ 60%]  (Sampling)
Chain 2: Iteration:  7200 / 12000 [ 60%]  (Sampling)
Chain 4: Iteration:  8400 / 12000 [ 70%]  (Sampling)
Chain 1: Iteration:  8400 / 12000 [ 70%]  (Sampling)
Chain 3: Iteration:  8400 / 12000 [ 70%]  (Sampling)
Chain 2: Iteration:  8400 / 12000 [ 70%]  (Sampling)
Chain 4: Iteration:  9600 / 12000 [ 80%]  (Sampling)
Chain 1: Iteration:  9600 / 12000 [ 80%]  (Sampling)
Chain 3: Iteration:  9600 / 12000 [ 80%]  (Sampling)
Chain 2: Iteration:  9600 / 12000 [ 80%]  (Sampling)
Chain 4: Iteration: 10800 / 12000 [ 90%]  (Sampling)
Chain 1: Iteration: 10800 / 12000 [ 90%]  (Sampling)
Chain 3: Iteration: 10800 / 12000 [ 90%]  (Sampling)
Chain 2: Iteration: 10800 / 12000 [ 90%]  (Sampling)
Chain 4: Iteration: 12000 / 12000 [100%]  (Sampling)
Chain 4: 
Chain 4:  Elapsed Time: 26.855 seconds (Warm-up)
Chain 4:                39.326 seconds (Sampling)
Chain 4:                66.181 seconds (Total)
Chain 4: 
Chain 3: Iteration: 12000 / 12000 [100%]  (Sampling)
Chain 3: 
Chain 3:  Elapsed Time: 26.748 seconds (Warm-up)
Chain 3:                42.192 seconds (Sampling)
Chain 3:                68.94 seconds (Total)
Chain 3: 
Chain 1: Iteration: 12000 / 12000 [100%]  (Sampling)
Chain 1: 
Chain 1:  Elapsed Time: 26.58 seconds (Warm-up)
Chain 1:                42.604 seconds (Sampling)
Chain 1:                69.184 seconds (Total)
Chain 1: 
Chain 2: Iteration: 12000 / 12000 [100%]  (Sampling)
Chain 2: 
Chain 2:  Elapsed Time: 27.127 seconds (Warm-up)
Chain 2:                42.624 seconds (Sampling)
Chain 2:                69.751 seconds (Total)
Chain 2: 
Done!
Fitting p16.json, 9/17

SAMPLING FOR MODEL 'anon_model' NOW (CHAIN 1).
Chain 1: 
Chain 1: Gradient evaluation took 0.000241 seconds
Chain 1: 1000 transitions using 10 leapfrog steps per transition would take 2.41 seconds.
Chain 1: Adjust your expectations accordingly!
Chain 1: 
Chain 1: 

SAMPLING FOR MODEL 'anon_model' NOW (CHAIN 2).
Chain 2: 
Chain 2: Gradient evaluation took 0.000228 seconds
Chain 2: 1000 transitions using 10 leapfrog steps per transition would take 2.28 seconds.
Chain 2: Adjust your expectations accordingly!
Chain 2: 
Chain 2: 
Chain 1: Iteration:     1 / 12000 [  0%]  (Warmup)

SAMPLING FOR MODEL 'anon_model' NOW (CHAIN 3).
Chain 3: 
Chain 3: Gradient evaluation took 0.00023 seconds
Chain 3: 1000 transitions using 10 leapfrog steps per transition would take 2.3 seconds.
Chain 3: Adjust your expectations accordingly!
Chain 3: 
Chain 3: 
Chain 2: Iteration:     1 / 12000 [  0%]  (Warmup)

SAMPLING FOR MODEL 'anon_model' NOW (CHAIN 4).
Chain 3: Iteration:     1 / 12000 [  0%]  (Warmup)
Chain 4: 
Chain 4: Gradient evaluation took 0.000273 seconds
Chain 4: 1000 transitions using 10 leapfrog steps per transition would take 2.73 seconds.
Chain 4: Adjust your expectations accordingly!
Chain 4: 
Chain 4: 
Chain 4: Iteration:     1 / 12000 [  0%]  (Warmup)
Chain 3: Iteration:  1200 / 12000 [ 10%]  (Warmup)
Chain 4: Iteration:  1200 / 12000 [ 10%]  (Warmup)
Chain 1: Iteration:  1200 / 12000 [ 10%]  (Warmup)
Chain 2: Iteration:  1200 / 12000 [ 10%]  (Warmup)
Chain 3: Iteration:  2400 / 12000 [ 20%]  (Warmup)
Chain 1: Iteration:  2400 / 12000 [ 20%]  (Warmup)
Chain 4: Iteration:  2400 / 12000 [ 20%]  (Warmup)
Chain 2: Iteration:  2400 / 12000 [ 20%]  (Warmup)
Chain 3: Iteration:  3600 / 12000 [ 30%]  (Warmup)
Chain 4: Iteration:  3600 / 12000 [ 30%]  (Warmup)
Chain 1: Iteration:  3600 / 12000 [ 30%]  (Warmup)
Chain 2: Iteration:  3600 / 12000 [ 30%]  (Warmup)
Chain 4: Iteration:  4800 / 12000 [ 40%]  (Warmup)
Chain 3: Iteration:  4800 / 12000 [ 40%]  (Warmup)
Chain 1: Iteration:  4800 / 12000 [ 40%]  (Warmup)
Chain 2: Iteration:  4800 / 12000 [ 40%]  (Warmup)
Chain 4: Iteration:  6000 / 12000 [ 50%]  (Warmup)
Chain 4: Iteration:  6001 / 12000 [ 50%]  (Sampling)
Chain 3: Iteration:  6000 / 12000 [ 50%]  (Warmup)
Chain 3: Iteration:  6001 / 12000 [ 50%]  (Sampling)
Chain 1: Iteration:  6000 / 12000 [ 50%]  (Warmup)
Chain 1: Iteration:  6001 / 12000 [ 50%]  (Sampling)
Chain 2: Iteration:  6000 / 12000 [ 50%]  (Warmup)
Chain 2: Iteration:  6001 / 12000 [ 50%]  (Sampling)
Chain 4: Iteration:  7200 / 12000 [ 60%]  (Sampling)
Chain 2: Iteration:  7200 / 12000 [ 60%]  (Sampling)
Chain 3: Iteration:  7200 / 12000 [ 60%]  (Sampling)
Chain 4: Iteration:  8400 / 12000 [ 70%]  (Sampling)
Chain 1: Iteration:  7200 / 12000 [ 60%]  (Sampling)
Chain 2: Iteration:  8400 / 12000 [ 70%]  (Sampling)
Chain 4: Iteration:  9600 / 12000 [ 80%]  (Sampling)
Chain 3: Iteration:  8400 / 12000 [ 70%]  (Sampling)
Chain 1: Iteration:  8400 / 12000 [ 70%]  (Sampling)
Chain 2: Iteration:  9600 / 12000 [ 80%]  (Sampling)
Chain 4: Iteration: 10800 / 12000 [ 90%]  (Sampling)
Chain 4: Iteration: 12000 / 12000 [100%]  (Sampling)
Chain 4: 
Chain 4:  Elapsed Time: 36.565 seconds (Warm-up)
Chain 4:                33.515 seconds (Sampling)
Chain 4:                70.08 seconds (Total)
Chain 4: 
Chain 2: Iteration: 10800 / 12000 [ 90%]  (Sampling)
Chain 3: Iteration:  9600 / 12000 [ 80%]  (Sampling)
Chain 1: Iteration:  9600 / 12000 [ 80%]  (Sampling)
Chain 2: Iteration: 12000 / 12000 [100%]  (Sampling)
Chain 2: 
Chain 2:  Elapsed Time: 38.722 seconds (Warm-up)
Chain 2:                40.427 seconds (Sampling)
Chain 2:                79.149 seconds (Total)
Chain 2: 
Chain 3: Iteration: 10800 / 12000 [ 90%]  (Sampling)
Chain 1: Iteration: 10800 / 12000 [ 90%]  (Sampling)
Chain 3: Iteration: 12000 / 12000 [100%]  (Sampling)
Chain 3: 
Chain 3:  Elapsed Time: 37.607 seconds (Warm-up)
Chain 3:                60.301 seconds (Sampling)
Chain 3:                97.908 seconds (Total)
Chain 3: 
Chain 1: Iteration: 12000 / 12000 [100%]  (Sampling)
Chain 1: 
Chain 1:  Elapsed Time: 38.462 seconds (Warm-up)
Chain 1:                60.354 seconds (Sampling)
Chain 1:                98.816 seconds (Total)
Chain 1: 
Done!
Fitting p2.json, 10/17

SAMPLING FOR MODEL 'anon_model' NOW (CHAIN 1).
Chain 1: 
Chain 1: Gradient evaluation took 0.000231 seconds
Chain 1: 1000 transitions using 10 leapfrog steps per transition would take 2.31 seconds.
Chain 1: Adjust your expectations accordingly!
Chain 1: 
Chain 1: 
Chain 1: Iteration:     1 / 12000 [  0%]  (Warmup)

SAMPLING FOR MODEL 'anon_model' NOW (CHAIN 2).
Chain 2: 
Chain 2: Gradient evaluation took 0.000234 seconds
Chain 2: 1000 transitions using 10 leapfrog steps per transition would take 2.34 seconds.
Chain 2: Adjust your expectations accordingly!
Chain 2: 
Chain 2: 

SAMPLING FOR MODEL 'anon_model' NOW (CHAIN 3).
Chain 3: 
Chain 3: Gradient evaluation took 0.00021 seconds
Chain 3: 1000 transitions using 10 leapfrog steps per transition would take 2.1 seconds.
Chain 3: Adjust your expectations accordingly!
Chain 3: 
Chain 3: 
Chain 2: Iteration:     1 / 12000 [  0%]  (Warmup)

SAMPLING FOR MODEL 'anon_model' NOW (CHAIN 4).
Chain 4: 
Chain 4: Gradient evaluation took 0.000226 seconds
Chain 4: 1000 transitions using 10 leapfrog steps per transition would take 2.26 seconds.
Chain 4: Adjust your expectations accordingly!
Chain 4: 
Chain 4: 
Chain 3: Iteration:     1 / 12000 [  0%]  (Warmup)
Chain 4: Iteration:     1 / 12000 [  0%]  (Warmup)
Chain 4: Iteration:  1200 / 12000 [ 10%]  (Warmup)
Chain 2: Iteration:  1200 / 12000 [ 10%]  (Warmup)
Chain 3: Iteration:  1200 / 12000 [ 10%]  (Warmup)
Chain 1: Iteration:  1200 / 12000 [ 10%]  (Warmup)
Chain 4: Iteration:  2400 / 12000 [ 20%]  (Warmup)
Chain 2: Iteration:  2400 / 12000 [ 20%]  (Warmup)
Chain 1: Iteration:  2400 / 12000 [ 20%]  (Warmup)
Chain 3: Iteration:  2400 / 12000 [ 20%]  (Warmup)
Chain 4: Iteration:  3600 / 12000 [ 30%]  (Warmup)
Chain 1: Iteration:  3600 / 12000 [ 30%]  (Warmup)
Chain 3: Iteration:  3600 / 12000 [ 30%]  (Warmup)
Chain 2: Iteration:  3600 / 12000 [ 30%]  (Warmup)
Chain 4: Iteration:  4800 / 12000 [ 40%]  (Warmup)
Chain 3: Iteration:  4800 / 12000 [ 40%]  (Warmup)
Chain 1: Iteration:  4800 / 12000 [ 40%]  (Warmup)
Chain 2: Iteration:  4800 / 12000 [ 40%]  (Warmup)
Chain 3: Iteration:  6000 / 12000 [ 50%]  (Warmup)
Chain 3: Iteration:  6001 / 12000 [ 50%]  (Sampling)
Chain 4: Iteration:  6000 / 12000 [ 50%]  (Warmup)
Chain 4: Iteration:  6001 / 12000 [ 50%]  (Sampling)
Chain 1: Iteration:  6000 / 12000 [ 50%]  (Warmup)
Chain 1: Iteration:  6001 / 12000 [ 50%]  (Sampling)
Chain 2: Iteration:  6000 / 12000 [ 50%]  (Warmup)
Chain 2: Iteration:  6001 / 12000 [ 50%]  (Sampling)
Chain 3: Iteration:  7200 / 12000 [ 60%]  (Sampling)
Chain 4: Iteration:  7200 / 12000 [ 60%]  (Sampling)
Chain 1: Iteration:  7200 / 12000 [ 60%]  (Sampling)
Chain 3: Iteration:  8400 / 12000 [ 70%]  (Sampling)
Chain 2: Iteration:  7200 / 12000 [ 60%]  (Sampling)
Chain 4: Iteration:  8400 / 12000 [ 70%]  (Sampling)
Chain 3: Iteration:  9600 / 12000 [ 80%]  (Sampling)
Chain 1: Iteration:  8400 / 12000 [ 70%]  (Sampling)
Chain 2: Iteration:  8400 / 12000 [ 70%]  (Sampling)
Chain 3: Iteration: 10800 / 12000 [ 90%]  (Sampling)
Chain 4: Iteration:  9600 / 12000 [ 80%]  (Sampling)
Chain 3: Iteration: 12000 / 12000 [100%]  (Sampling)
Chain 3: 
Chain 3:  Elapsed Time: 44.136 seconds (Warm-up)
Chain 3:                39.634 seconds (Sampling)
Chain 3:                83.77 seconds (Total)
Chain 3: 
Chain 1: Iteration:  9600 / 12000 [ 80%]  (Sampling)
Chain 4: Iteration: 10800 / 12000 [ 90%]  (Sampling)
Chain 2: Iteration:  9600 / 12000 [ 80%]  (Sampling)
Chain 4: Iteration: 12000 / 12000 [100%]  (Sampling)
Chain 4: 
Chain 4:  Elapsed Time: 44.157 seconds (Warm-up)
Chain 4:                53.364 seconds (Sampling)
Chain 4:                97.521 seconds (Total)
Chain 4: 
Chain 1: Iteration: 10800 / 12000 [ 90%]  (Sampling)
Chain 2: Iteration: 10800 / 12000 [ 90%]  (Sampling)
Chain 1: Iteration: 12000 / 12000 [100%]  (Sampling)
Chain 1: 
Chain 1:  Elapsed Time: 45.071 seconds (Warm-up)
Chain 1:                68.03 seconds (Sampling)
Chain 1:                113.101 seconds (Total)
Chain 1: 
Chain 2: Iteration: 12000 / 12000 [100%]  (Sampling)
Chain 2: 
Chain 2:  Elapsed Time: 45.842 seconds (Warm-up)
Chain 2:                70.727 seconds (Sampling)
Chain 2:                116.569 seconds (Total)
Chain 2: 
Done!
Fitting p3.json, 11/17

SAMPLING FOR MODEL 'anon_model' NOW (CHAIN 1).
Chain 1: 
Chain 1: Gradient evaluation took 0.000246 seconds
Chain 1: 1000 transitions using 10 leapfrog steps per transition would take 2.46 seconds.
Chain 1: Adjust your expectations accordingly!
Chain 1: 
Chain 1: 

SAMPLING FOR MODEL 'anon_model' NOW (CHAIN 2).
Chain 1: Iteration:     1 / 12000 [  0%]  (Warmup)
Chain 2: 
Chain 2: Gradient evaluation took 0.000248 seconds
Chain 2: 1000 transitions using 10 leapfrog steps per transition would take 2.48 seconds.
Chain 2: Adjust your expectations accordingly!
Chain 2: 
Chain 2: 

SAMPLING FOR MODEL 'anon_model' NOW (CHAIN 3).
Chain 3: 
Chain 3: Gradient evaluation took 0.000214 seconds
Chain 3: 1000 transitions using 10 leapfrog steps per transition would take 2.14 seconds.
Chain 3: Adjust your expectations accordingly!
Chain 3: 
Chain 3: 
Chain 2: Iteration:     1 / 12000 [  0%]  (Warmup)

SAMPLING FOR MODEL 'anon_model' NOW (CHAIN 4).
Chain 4: 
Chain 4: Gradient evaluation took 0.000216 seconds
Chain 4: 1000 transitions using 10 leapfrog steps per transition would take 2.16 seconds.
Chain 4: Adjust your expectations accordingly!
Chain 4: 
Chain 4: 
Chain 3: Iteration:     1 / 12000 [  0%]  (Warmup)
Chain 4: Iteration:     1 / 12000 [  0%]  (Warmup)
Chain 4: Iteration:  1200 / 12000 [ 10%]  (Warmup)
Chain 2: Iteration:  1200 / 12000 [ 10%]  (Warmup)
Chain 1: Iteration:  1200 / 12000 [ 10%]  (Warmup)
Chain 3: Iteration:  1200 / 12000 [ 10%]  (Warmup)
Chain 2: Iteration:  2400 / 12000 [ 20%]  (Warmup)
Chain 4: Iteration:  2400 / 12000 [ 20%]  (Warmup)
Chain 1: Iteration:  2400 / 12000 [ 20%]  (Warmup)
Chain 3: Iteration:  2400 / 12000 [ 20%]  (Warmup)
Chain 2: Iteration:  3600 / 12000 [ 30%]  (Warmup)
Chain 4: Iteration:  3600 / 12000 [ 30%]  (Warmup)
Chain 1: Iteration:  3600 / 12000 [ 30%]  (Warmup)
Chain 3: Iteration:  3600 / 12000 [ 30%]  (Warmup)
Chain 2: Iteration:  4800 / 12000 [ 40%]  (Warmup)
Chain 4: Iteration:  4800 / 12000 [ 40%]  (Warmup)
Chain 1: Iteration:  4800 / 12000 [ 40%]  (Warmup)
Chain 3: Iteration:  4800 / 12000 [ 40%]  (Warmup)
Chain 2: Iteration:  6000 / 12000 [ 50%]  (Warmup)
Chain 2: Iteration:  6001 / 12000 [ 50%]  (Sampling)
Chain 4: Iteration:  6000 / 12000 [ 50%]  (Warmup)
Chain 4: Iteration:  6001 / 12000 [ 50%]  (Sampling)
Chain 1: Iteration:  6000 / 12000 [ 50%]  (Warmup)
Chain 1: Iteration:  6001 / 12000 [ 50%]  (Sampling)
Chain 3: Iteration:  6000 / 12000 [ 50%]  (Warmup)
Chain 3: Iteration:  6001 / 12000 [ 50%]  (Sampling)
Chain 2: Iteration:  7200 / 12000 [ 60%]  (Sampling)
Chain 3: Iteration:  7200 / 12000 [ 60%]  (Sampling)
Chain 1: Iteration:  7200 / 12000 [ 60%]  (Sampling)
Chain 4: Iteration:  7200 / 12000 [ 60%]  (Sampling)
Chain 3: Iteration:  8400 / 12000 [ 70%]  (Sampling)
Chain 2: Iteration:  8400 / 12000 [ 70%]  (Sampling)
Chain 1: Iteration:  8400 / 12000 [ 70%]  (Sampling)
Chain 3: Iteration:  9600 / 12000 [ 80%]  (Sampling)
Chain 4: Iteration:  8400 / 12000 [ 70%]  (Sampling)
Chain 2: Iteration:  9600 / 12000 [ 80%]  (Sampling)
Chain 1: Iteration:  9600 / 12000 [ 80%]  (Sampling)
Chain 3: Iteration: 10800 / 12000 [ 90%]  (Sampling)
Chain 2: Iteration: 10800 / 12000 [ 90%]  (Sampling)
Chain 1: Iteration: 10800 / 12000 [ 90%]  (Sampling)
Chain 3: Iteration: 12000 / 12000 [100%]  (Sampling)
Chain 3: 
Chain 3:  Elapsed Time: 32.067 seconds (Warm-up)
Chain 3:                25.395 seconds (Sampling)
Chain 3:                57.462 seconds (Total)
Chain 3: 
Chain 4: Iteration:  9600 / 12000 [ 80%]  (Sampling)
Chain 2: Iteration: 12000 / 12000 [100%]  (Sampling)
Chain 1: Iteration: 12000 / 12000 [100%]  (Sampling)
Chain 2: 
Chain 2:  Elapsed Time: 30.314 seconds (Warm-up)
Chain 2:                33.604 seconds (Sampling)
Chain 2:                63.918 seconds (Total)
Chain 2: 
Chain 1: 
Chain 1:  Elapsed Time: 31.35 seconds (Warm-up)
Chain 1:                32.575 seconds (Sampling)
Chain 1:                63.925 seconds (Total)
Chain 1: 
Chain 4: Iteration: 10800 / 12000 [ 90%]  (Sampling)
Chain 4: Iteration: 12000 / 12000 [100%]  (Sampling)
Chain 4: 
Chain 4:  Elapsed Time: 30.797 seconds (Warm-up)
Chain 4:                44.147 seconds (Sampling)
Chain 4:                74.944 seconds (Total)
Chain 4: 
Done!
Fitting p4.json, 12/17

SAMPLING FOR MODEL 'anon_model' NOW (CHAIN 1).
Chain 1: 
Chain 1: Gradient evaluation took 0.000237 seconds
Chain 1: 1000 transitions using 10 leapfrog steps per transition would take 2.37 seconds.
Chain 1: Adjust your expectations accordingly!
Chain 1: 
Chain 1: 
Chain 1: Iteration:     1 / 12000 [  0%]  (Warmup)

SAMPLING FOR MODEL 'anon_model' NOW (CHAIN 2).
Chain 2: 
Chain 2: Gradient evaluation took 0.000233 seconds
Chain 2: 1000 transitions using 10 leapfrog steps per transition would take 2.33 seconds.
Chain 2: Adjust your expectations accordingly!
Chain 2: 
Chain 2: 

SAMPLING FOR MODEL 'anon_model' NOW (CHAIN 3).
Chain 2: Iteration:     1 / 12000 [  0%]  (Warmup)
Chain 3: 
Chain 3: Gradient evaluation took 0.00024 seconds
Chain 3: 1000 transitions using 10 leapfrog steps per transition would take 2.4 seconds.
Chain 3: Adjust your expectations accordingly!
Chain 3: 
Chain 3: 
Chain 3: Iteration:     1 / 12000 [  0%]  (Warmup)

SAMPLING FOR MODEL 'anon_model' NOW (CHAIN 4).
Chain 4: 
Chain 4: Gradient evaluation took 0.000205 seconds
Chain 4: 1000 transitions using 10 leapfrog steps per transition would take 2.05 seconds.
Chain 4: Adjust your expectations accordingly!
Chain 4: 
Chain 4: 
Chain 4: Iteration:     1 / 12000 [  0%]  (Warmup)
Chain 3: Iteration:  1200 / 12000 [ 10%]  (Warmup)
Chain 4: Iteration:  1200 / 12000 [ 10%]  (Warmup)
Chain 1: Iteration:  1200 / 12000 [ 10%]  (Warmup)
Chain 2: Iteration:  1200 / 12000 [ 10%]  (Warmup)
Chain 3: Iteration:  2400 / 12000 [ 20%]  (Warmup)
Chain 4: Iteration:  2400 / 12000 [ 20%]  (Warmup)
Chain 1: Iteration:  2400 / 12000 [ 20%]  (Warmup)
Chain 2: Iteration:  2400 / 12000 [ 20%]  (Warmup)
Chain 3: Iteration:  3600 / 12000 [ 30%]  (Warmup)
Chain 4: Iteration:  3600 / 12000 [ 30%]  (Warmup)
Chain 1: Iteration:  3600 / 12000 [ 30%]  (Warmup)
Chain 2: Iteration:  3600 / 12000 [ 30%]  (Warmup)
Chain 4: Iteration:  4800 / 12000 [ 40%]  (Warmup)
Chain 3: Iteration:  4800 / 12000 [ 40%]  (Warmup)
Chain 1: Iteration:  4800 / 12000 [ 40%]  (Warmup)
Chain 2: Iteration:  4800 / 12000 [ 40%]  (Warmup)
Chain 4: Iteration:  6000 / 12000 [ 50%]  (Warmup)
Chain 4: Iteration:  6001 / 12000 [ 50%]  (Sampling)
Chain 3: Iteration:  6000 / 12000 [ 50%]  (Warmup)
Chain 3: Iteration:  6001 / 12000 [ 50%]  (Sampling)
Chain 1: Iteration:  6000 / 12000 [ 50%]  (Warmup)
Chain 1: Iteration:  6001 / 12000 [ 50%]  (Sampling)
Chain 2: Iteration:  6000 / 12000 [ 50%]  (Warmup)
Chain 2: Iteration:  6001 / 12000 [ 50%]  (Sampling)
Chain 4: Iteration:  7200 / 12000 [ 60%]  (Sampling)
Chain 3: Iteration:  7200 / 12000 [ 60%]  (Sampling)
Chain 1: Iteration:  7200 / 12000 [ 60%]  (Sampling)
Chain 4: Iteration:  8400 / 12000 [ 70%]  (Sampling)
Chain 2: Iteration:  7200 / 12000 [ 60%]  (Sampling)
Chain 3: Iteration:  8400 / 12000 [ 70%]  (Sampling)
Chain 1: Iteration:  8400 / 12000 [ 70%]  (Sampling)
Chain 4: Iteration:  9600 / 12000 [ 80%]  (Sampling)
Chain 2: Iteration:  8400 / 12000 [ 70%]  (Sampling)
Chain 3: Iteration:  9600 / 12000 [ 80%]  (Sampling)
Chain 4: Iteration: 10800 / 12000 [ 90%]  (Sampling)
Chain 1: Iteration:  9600 / 12000 [ 80%]  (Sampling)
Chain 4: Iteration: 12000 / 12000 [100%]  (Sampling)
Chain 4: 
Chain 4:  Elapsed Time: 46.84 seconds (Warm-up)
Chain 4:                40.71 seconds (Sampling)
Chain 4:                87.55 seconds (Total)
Chain 4: 
Chain 3: Iteration: 10800 / 12000 [ 90%]  (Sampling)
Chain 2: Iteration:  9600 / 12000 [ 80%]  (Sampling)
Chain 1: Iteration: 10800 / 12000 [ 90%]  (Sampling)
Chain 3: Iteration: 12000 / 12000 [100%]  (Sampling)
Chain 3: 
Chain 3:  Elapsed Time: 47.908 seconds (Warm-up)
Chain 3:                51.702 seconds (Sampling)
Chain 3:                99.61 seconds (Total)
Chain 3: 
Chain 1: Iteration: 12000 / 12000 [100%]  (Sampling)
Chain 1: 
Chain 1:  Elapsed Time: 49.273 seconds (Warm-up)
Chain 1:                53.77 seconds (Sampling)
Chain 1:                103.043 seconds (Total)
Chain 1: 
Chain 2: Iteration: 10800 / 12000 [ 90%]  (Sampling)
Chain 2: Iteration: 12000 / 12000 [100%]  (Sampling)
Chain 2: 
Chain 2:  Elapsed Time: 50.756 seconds (Warm-up)
Chain 2:                66.023 seconds (Sampling)
Chain 2:                116.779 seconds (Total)
Chain 2: 
Done!
Fitting p5.json, 13/17

SAMPLING FOR MODEL 'anon_model' NOW (CHAIN 1).
Chain 1: 
Chain 1: Gradient evaluation took 0.000231 seconds
Chain 1: 1000 transitions using 10 leapfrog steps per transition would take 2.31 seconds.
Chain 1: Adjust your expectations accordingly!
Chain 1: 
Chain 1: 

SAMPLING FOR MODEL 'anon_model' NOW (CHAIN 2).
Chain 2: 
Chain 2: Gradient evaluation took 0.00023 seconds
Chain 2: 1000 transitions using 10 leapfrog steps per transition would take 2.3 seconds.
Chain 2: Adjust your expectations accordingly!
Chain 2: 
Chain 2: 
Chain 1: Iteration:     1 / 12000 [  0%]  (Warmup)

SAMPLING FOR MODEL 'anon_model' NOW (CHAIN 3).
Chain 3: 
Chain 3: Gradient evaluation took 0.000217 seconds
Chain 3: 1000 transitions using 10 leapfrog steps per transition would take 2.17 seconds.
Chain 3: Adjust your expectations accordingly!
Chain 3: 
Chain 3: 
Chain 2: Iteration:     1 / 12000 [  0%]  (Warmup)

SAMPLING FOR MODEL 'anon_model' NOW (CHAIN 4).
Chain 3: Iteration:     1 / 12000 [  0%]  (Warmup)
Chain 4: 
Chain 4: Gradient evaluation took 0.000216 seconds
Chain 4: 1000 transitions using 10 leapfrog steps per transition would take 2.16 seconds.
Chain 4: Adjust your expectations accordingly!
Chain 4: 
Chain 4: 
Chain 4: Iteration:     1 / 12000 [  0%]  (Warmup)
Chain 2: Iteration:  1200 / 12000 [ 10%]  (Warmup)
Chain 4: Iteration:  1200 / 12000 [ 10%]  (Warmup)
Chain 1: Iteration:  1200 / 12000 [ 10%]  (Warmup)
Chain 3: Iteration:  1200 / 12000 [ 10%]  (Warmup)
Chain 1: Iteration:  2400 / 12000 [ 20%]  (Warmup)
Chain 2: Iteration:  2400 / 12000 [ 20%]  (Warmup)
Chain 4: Iteration:  2400 / 12000 [ 20%]  (Warmup)
Chain 3: Iteration:  2400 / 12000 [ 20%]  (Warmup)
Chain 1: Iteration:  3600 / 12000 [ 30%]  (Warmup)
Chain 4: Iteration:  3600 / 12000 [ 30%]  (Warmup)
Chain 2: Iteration:  3600 / 12000 [ 30%]  (Warmup)
Chain 3: Iteration:  3600 / 12000 [ 30%]  (Warmup)
Chain 1: Iteration:  4800 / 12000 [ 40%]  (Warmup)
Chain 4: Iteration:  4800 / 12000 [ 40%]  (Warmup)
Chain 3: Iteration:  4800 / 12000 [ 40%]  (Warmup)
Chain 2: Iteration:  4800 / 12000 [ 40%]  (Warmup)
Chain 1: Iteration:  6000 / 12000 [ 50%]  (Warmup)
Chain 1: Iteration:  6001 / 12000 [ 50%]  (Sampling)
Chain 4: Iteration:  6000 / 12000 [ 50%]  (Warmup)
Chain 4: Iteration:  6001 / 12000 [ 50%]  (Sampling)
Chain 3: Iteration:  6000 / 12000 [ 50%]  (Warmup)
Chain 3: Iteration:  6001 / 12000 [ 50%]  (Sampling)
Chain 2: Iteration:  6000 / 12000 [ 50%]  (Warmup)
Chain 2: Iteration:  6001 / 12000 [ 50%]  (Sampling)
Chain 4: Iteration:  7200 / 12000 [ 60%]  (Sampling)
Chain 3: Iteration:  7200 / 12000 [ 60%]  (Sampling)
Chain 1: Iteration:  7200 / 12000 [ 60%]  (Sampling)
Chain 4: Iteration:  8400 / 12000 [ 70%]  (Sampling)
Chain 2: Iteration:  7200 / 12000 [ 60%]  (Sampling)
Chain 3: Iteration:  8400 / 12000 [ 70%]  (Sampling)
Chain 4: Iteration:  9600 / 12000 [ 80%]  (Sampling)
Chain 3: Iteration:  9600 / 12000 [ 80%]  (Sampling)
Chain 1: Iteration:  8400 / 12000 [ 70%]  (Sampling)
Chain 4: Iteration: 10800 / 12000 [ 90%]  (Sampling)
Chain 2: Iteration:  8400 / 12000 [ 70%]  (Sampling)
Chain 4: Iteration: 12000 / 12000 [100%]  (Sampling)
Chain 4: 
Chain 4:  Elapsed Time: 39.613 seconds (Warm-up)
Chain 4:                32.439 seconds (Sampling)
Chain 4:                72.052 seconds (Total)
Chain 4: 
Chain 3: Iteration: 10800 / 12000 [ 90%]  (Sampling)
Chain 1: Iteration:  9600 / 12000 [ 80%]  (Sampling)
Chain 2: Iteration:  9600 / 12000 [ 80%]  (Sampling)
Chain 3: Iteration: 12000 / 12000 [100%]  (Sampling)
Chain 3: 
Chain 3:  Elapsed Time: 40.447 seconds (Warm-up)
Chain 3:                40.227 seconds (Sampling)
Chain 3:                80.674 seconds (Total)
Chain 3: 
Chain 2: Iteration: 10800 / 12000 [ 90%]  (Sampling)
Chain 1: Iteration: 10800 / 12000 [ 90%]  (Sampling)
Chain 2: Iteration: 12000 / 12000 [100%]  (Sampling)
Chain 2: 
Chain 2:  Elapsed Time: 41.196 seconds (Warm-up)
Chain 2:                62.829 seconds (Sampling)
Chain 2:                104.025 seconds (Total)
Chain 2: 
Chain 1: Iteration: 12000 / 12000 [100%]  (Sampling)
Chain 1: 
Chain 1:  Elapsed Time: 39.549 seconds (Warm-up)
Chain 1:                65.385 seconds (Sampling)
Chain 1:                104.934 seconds (Total)
Chain 1: 
Done!
Fitting p6.json, 14/17

SAMPLING FOR MODEL 'anon_model' NOW (CHAIN 1).
Chain 1: 
Chain 1: Gradient evaluation took 0.000233 seconds
Chain 1: 1000 transitions using 10 leapfrog steps per transition would take 2.33 seconds.
Chain 1: Adjust your expectations accordingly!
Chain 1: 
Chain 1: 

SAMPLING FOR MODEL 'anon_model' NOW (CHAIN 2).
Chain 1: Iteration:     1 / 12000 [  0%]  (Warmup)

SAMPLING FOR MODEL 'anon_model' NOW (CHAIN 3).
Chain 2: 
Chain 2: Gradient evaluation took 0.000219 seconds
Chain 2: 1000 transitions using 10 leapfrog steps per transition would take 2.19 seconds.
Chain 2: Adjust your expectations accordingly!
Chain 2: 
Chain 2: 
Chain 3: 
Chain 3: Gradient evaluation took 0.000221 seconds
Chain 3: 1000 transitions using 10 leapfrog steps per transition would take 2.21 seconds.
Chain 3: Adjust your expectations accordingly!
Chain 3: 
Chain 3: 
Chain 2: Iteration:     1 / 12000 [  0%]  (Warmup)

SAMPLING FOR MODEL 'anon_model' NOW (CHAIN 4).
Chain 3: Iteration:     1 / 12000 [  0%]  (Warmup)
Chain 4: 
Chain 4: Gradient evaluation took 0.000224 seconds
Chain 4: 1000 transitions using 10 leapfrog steps per transition would take 2.24 seconds.
Chain 4: Adjust your expectations accordingly!
Chain 4: 
Chain 4: 
Chain 4: Iteration:     1 / 12000 [  0%]  (Warmup)
Chain 2: Iteration:  1200 / 12000 [ 10%]  (Warmup)
Chain 1: Iteration:  1200 / 12000 [ 10%]  (Warmup)
Chain 4: Iteration:  1200 / 12000 [ 10%]  (Warmup)
Chain 3: Iteration:  1200 / 12000 [ 10%]  (Warmup)
Chain 2: Iteration:  2400 / 12000 [ 20%]  (Warmup)
Chain 1: Iteration:  2400 / 12000 [ 20%]  (Warmup)
Chain 4: Iteration:  2400 / 12000 [ 20%]  (Warmup)
Chain 3: Iteration:  2400 / 12000 [ 20%]  (Warmup)
Chain 2: Iteration:  3600 / 12000 [ 30%]  (Warmup)
Chain 1: Iteration:  3600 / 12000 [ 30%]  (Warmup)
Chain 4: Iteration:  3600 / 12000 [ 30%]  (Warmup)
Chain 3: Iteration:  3600 / 12000 [ 30%]  (Warmup)
Chain 2: Iteration:  4800 / 12000 [ 40%]  (Warmup)
Chain 1: Iteration:  4800 / 12000 [ 40%]  (Warmup)
Chain 4: Iteration:  4800 / 12000 [ 40%]  (Warmup)
Chain 3: Iteration:  4800 / 12000 [ 40%]  (Warmup)
Chain 2: Iteration:  6000 / 12000 [ 50%]  (Warmup)
Chain 2: Iteration:  6001 / 12000 [ 50%]  (Sampling)
Chain 1: Iteration:  6000 / 12000 [ 50%]  (Warmup)
Chain 1: Iteration:  6001 / 12000 [ 50%]  (Sampling)
Chain 4: Iteration:  6000 / 12000 [ 50%]  (Warmup)
Chain 4: Iteration:  6001 / 12000 [ 50%]  (Sampling)
Chain 3: Iteration:  6000 / 12000 [ 50%]  (Warmup)
Chain 3: Iteration:  6001 / 12000 [ 50%]  (Sampling)
Chain 3: Iteration:  7200 / 12000 [ 60%]  (Sampling)
Chain 2: Iteration:  7200 / 12000 [ 60%]  (Sampling)
Chain 1: Iteration:  7200 / 12000 [ 60%]  (Sampling)
Chain 4: Iteration:  7200 / 12000 [ 60%]  (Sampling)
Chain 3: Iteration:  8400 / 12000 [ 70%]  (Sampling)
Chain 3: Iteration:  9600 / 12000 [ 80%]  (Sampling)
Chain 2: Iteration:  8400 / 12000 [ 70%]  (Sampling)
Chain 4: Iteration:  8400 / 12000 [ 70%]  (Sampling)
Chain 1: Iteration:  8400 / 12000 [ 70%]  (Sampling)
Chain 3: Iteration: 10800 / 12000 [ 90%]  (Sampling)
Chain 2: Iteration:  9600 / 12000 [ 80%]  (Sampling)
Chain 4: Iteration:  9600 / 12000 [ 80%]  (Sampling)
Chain 3: Iteration: 12000 / 12000 [100%]  (Sampling)
Chain 3: 
Chain 3:  Elapsed Time: 37.116 seconds (Warm-up)
Chain 3:                35.925 seconds (Sampling)
Chain 3:                73.041 seconds (Total)
Chain 3: 
Chain 1: Iteration:  9600 / 12000 [ 80%]  (Sampling)
Chain 2: Iteration: 10800 / 12000 [ 90%]  (Sampling)
Chain 4: Iteration: 10800 / 12000 [ 90%]  (Sampling)
Chain 1: Iteration: 10800 / 12000 [ 90%]  (Sampling)
Chain 4: Iteration: 12000 / 12000 [100%]  (Sampling)
Chain 4: 
Chain 4:  Elapsed Time: 36.987 seconds (Warm-up)
Chain 4:                59.425 seconds (Sampling)
Chain 4:                96.412 seconds (Total)
Chain 4: 
Chain 2: Iteration: 12000 / 12000 [100%]  (Sampling)
Chain 2: 
Chain 2:  Elapsed Time: 35.728 seconds (Warm-up)
Chain 2:                60.762 seconds (Sampling)
Chain 2:                96.49 seconds (Total)
Chain 2: 
Chain 1: Iteration: 12000 / 12000 [100%]  (Sampling)
Chain 1: 
Chain 1:  Elapsed Time: 36.592 seconds (Warm-up)
Chain 1:                60.324 seconds (Sampling)
Chain 1:                96.916 seconds (Total)
Chain 1: 
Done!
Fitting p7.json, 15/17

SAMPLING FOR MODEL 'anon_model' NOW (CHAIN 1).
Chain 1: 
Chain 1: Gradient evaluation took 0.000236 seconds
Chain 1: 1000 transitions using 10 leapfrog steps per transition would take 2.36 seconds.
Chain 1: Adjust your expectations accordingly!
Chain 1: 
Chain 1: 

SAMPLING FOR MODEL 'anon_model' NOW (CHAIN 2).
Chain 2: 
Chain 2: Gradient evaluation took 0.000237 seconds
Chain 2: 1000 transitions using 10 leapfrog steps per transition would take 2.37 seconds.
Chain 2: Adjust your expectations accordingly!
Chain 2: 
Chain 2: 
Chain 1: Iteration:     1 / 12000 [  0%]  (Warmup)
Chain 2: Iteration:     1 / 12000 [  0%]  (Warmup)

SAMPLING FOR MODEL 'anon_model' NOW (CHAIN 3).
Chain 3: 
Chain 3: Gradient evaluation took 0.00026 seconds
Chain 3: 1000 transitions using 10 leapfrog steps per transition would take 2.6 seconds.
Chain 3: Adjust your expectations accordingly!
Chain 3: 
Chain 3: 

SAMPLING FOR MODEL 'anon_model' NOW (CHAIN 4).
Chain 3: Iteration:     1 / 12000 [  0%]  (Warmup)
Chain 4: 
Chain 4: Gradient evaluation took 0.000215 seconds
Chain 4: 1000 transitions using 10 leapfrog steps per transition would take 2.15 seconds.
Chain 4: Adjust your expectations accordingly!
Chain 4: 
Chain 4: 
Chain 4: Iteration:     1 / 12000 [  0%]  (Warmup)
Chain 1: Iteration:  1200 / 12000 [ 10%]  (Warmup)
Chain 3: Iteration:  1200 / 12000 [ 10%]  (Warmup)
Chain 4: Iteration:  1200 / 12000 [ 10%]  (Warmup)
Chain 2: Iteration:  1200 / 12000 [ 10%]  (Warmup)
Chain 1: Iteration:  2400 / 12000 [ 20%]  (Warmup)
Chain 3: Iteration:  2400 / 12000 [ 20%]  (Warmup)
Chain 4: Iteration:  2400 / 12000 [ 20%]  (Warmup)
Chain 2: Iteration:  2400 / 12000 [ 20%]  (Warmup)
Chain 1: Iteration:  3600 / 12000 [ 30%]  (Warmup)
Chain 3: Iteration:  3600 / 12000 [ 30%]  (Warmup)
Chain 4: Iteration:  3600 / 12000 [ 30%]  (Warmup)
Chain 2: Iteration:  3600 / 12000 [ 30%]  (Warmup)
Chain 1: Iteration:  4800 / 12000 [ 40%]  (Warmup)
Chain 3: Iteration:  4800 / 12000 [ 40%]  (Warmup)
Chain 4: Iteration:  4800 / 12000 [ 40%]  (Warmup)
Chain 2: Iteration:  4800 / 12000 [ 40%]  (Warmup)
Chain 1: Iteration:  6000 / 12000 [ 50%]  (Warmup)
Chain 1: Iteration:  6001 / 12000 [ 50%]  (Sampling)
Chain 4: Iteration:  6000 / 12000 [ 50%]  (Warmup)
Chain 4: Iteration:  6001 / 12000 [ 50%]  (Sampling)
Chain 3: Iteration:  6000 / 12000 [ 50%]  (Warmup)
Chain 3: Iteration:  6001 / 12000 [ 50%]  (Sampling)
Chain 2: Iteration:  6000 / 12000 [ 50%]  (Warmup)
Chain 2: Iteration:  6001 / 12000 [ 50%]  (Sampling)
Chain 1: Iteration:  7200 / 12000 [ 60%]  (Sampling)
Chain 4: Iteration:  7200 / 12000 [ 60%]  (Sampling)
Chain 2: Iteration:  7200 / 12000 [ 60%]  (Sampling)
Chain 1: Iteration:  8400 / 12000 [ 70%]  (Sampling)
Chain 4: Iteration:  8400 / 12000 [ 70%]  (Sampling)
Chain 3: Iteration:  7200 / 12000 [ 60%]  (Sampling)
Chain 1: Iteration:  9600 / 12000 [ 80%]  (Sampling)
Chain 2: Iteration:  8400 / 12000 [ 70%]  (Sampling)
Chain 4: Iteration:  9600 / 12000 [ 80%]  (Sampling)
Chain 1: Iteration: 10800 / 12000 [ 90%]  (Sampling)
Chain 4: Iteration: 10800 / 12000 [ 90%]  (Sampling)
Chain 2: Iteration:  9600 / 12000 [ 80%]  (Sampling)
Chain 3: Iteration:  8400 / 12000 [ 70%]  (Sampling)
Chain 1: Iteration: 12000 / 12000 [100%]  (Sampling)
Chain 1: 
Chain 1:  Elapsed Time: 25.939 seconds (Warm-up)
Chain 1:                23.923 seconds (Sampling)
Chain 1:                49.862 seconds (Total)
Chain 1: 
Chain 4: Iteration: 12000 / 12000 [100%]  (Sampling)
Chain 4: 
Chain 4:  Elapsed Time: 28.329 seconds (Warm-up)
Chain 4:                22.41 seconds (Sampling)
Chain 4:                50.739 seconds (Total)
Chain 4: 
Chain 2: Iteration: 10800 / 12000 [ 90%]  (Sampling)
Chain 3: Iteration:  9600 / 12000 [ 80%]  (Sampling)
Chain 2: Iteration: 12000 / 12000 [100%]  (Sampling)
Chain 2: 
Chain 2:  Elapsed Time: 28.556 seconds (Warm-up)
Chain 2:                29.857 seconds (Sampling)
Chain 2:                58.413 seconds (Total)
Chain 2: 
Chain 3: Iteration: 10800 / 12000 [ 90%]  (Sampling)
Chain 3: Iteration: 12000 / 12000 [100%]  (Sampling)
Chain 3: 
Chain 3:  Elapsed Time: 28.478 seconds (Warm-up)
Chain 3:                45.512 seconds (Sampling)
Chain 3:                73.99 seconds (Total)
Chain 3: 
Done!
Fitting p8.json, 16/17

SAMPLING FOR MODEL 'anon_model' NOW (CHAIN 1).
Chain 1: 
Chain 1: Gradient evaluation took 0.000236 seconds
Chain 1: 1000 transitions using 10 leapfrog steps per transition would take 2.36 seconds.
Chain 1: Adjust your expectations accordingly!
Chain 1: 
Chain 1: 

SAMPLING FOR MODEL 'anon_model' NOW (CHAIN 2).
Chain 1: Iteration:     1 / 12000 [  0%]  (Warmup)
Chain 2: 
Chain 2: Gradient evaluation took 0.000231 seconds
Chain 2: 1000 transitions using 10 leapfrog steps per transition would take 2.31 seconds.
Chain 2: Adjust your expectations accordingly!
Chain 2: 
Chain 2: 

SAMPLING FOR MODEL 'anon_model' NOW (CHAIN 3).
Chain 3: 
Chain 3: Gradient evaluation took 0.000221 seconds
Chain 3: 1000 transitions using 10 leapfrog steps per transition would take 2.21 seconds.
Chain 3: Adjust your expectations accordingly!
Chain 3: 
Chain 3: 
Chain 2: Iteration:     1 / 12000 [  0%]  (Warmup)

SAMPLING FOR MODEL 'anon_model' NOW (CHAIN 4).
Chain 4: 
Chain 4: Gradient evaluation took 0.000214 seconds
Chain 4: 1000 transitions using 10 leapfrog steps per transition would take 2.14 seconds.
Chain 4: Adjust your expectations accordingly!
Chain 4: 
Chain 4: 
Chain 3: Iteration:     1 / 12000 [  0%]  (Warmup)
Chain 4: Iteration:     1 / 12000 [  0%]  (Warmup)
Chain 4: Iteration:  1200 / 12000 [ 10%]  (Warmup)
Chain 2: Iteration:  1200 / 12000 [ 10%]  (Warmup)
Chain 1: Iteration:  1200 / 12000 [ 10%]  (Warmup)
Chain 3: Iteration:  1200 / 12000 [ 10%]  (Warmup)
Chain 4: Iteration:  2400 / 12000 [ 20%]  (Warmup)
Chain 2: Iteration:  2400 / 12000 [ 20%]  (Warmup)
Chain 1: Iteration:  2400 / 12000 [ 20%]  (Warmup)
Chain 3: Iteration:  2400 / 12000 [ 20%]  (Warmup)
Chain 4: Iteration:  3600 / 12000 [ 30%]  (Warmup)
Chain 2: Iteration:  3600 / 12000 [ 30%]  (Warmup)
Chain 1: Iteration:  3600 / 12000 [ 30%]  (Warmup)
Chain 3: Iteration:  3600 / 12000 [ 30%]  (Warmup)
Chain 4: Iteration:  4800 / 12000 [ 40%]  (Warmup)
Chain 2: Iteration:  4800 / 12000 [ 40%]  (Warmup)
Chain 1: Iteration:  4800 / 12000 [ 40%]  (Warmup)
Chain 3: Iteration:  4800 / 12000 [ 40%]  (Warmup)
Chain 4: Iteration:  6000 / 12000 [ 50%]  (Warmup)
Chain 4: Iteration:  6001 / 12000 [ 50%]  (Sampling)
Chain 2: Iteration:  6000 / 12000 [ 50%]  (Warmup)
Chain 2: Iteration:  6001 / 12000 [ 50%]  (Sampling)
Chain 1: Iteration:  6000 / 12000 [ 50%]  (Warmup)
Chain 1: Iteration:  6001 / 12000 [ 50%]  (Sampling)
Chain 3: Iteration:  6000 / 12000 [ 50%]  (Warmup)
Chain 3: Iteration:  6001 / 12000 [ 50%]  (Sampling)
Chain 2: Iteration:  7200 / 12000 [ 60%]  (Sampling)
Chain 4: Iteration:  7200 / 12000 [ 60%]  (Sampling)
Chain 1: Iteration:  7200 / 12000 [ 60%]  (Sampling)
Chain 3: Iteration:  7200 / 12000 [ 60%]  (Sampling)
Chain 2: Iteration:  8400 / 12000 [ 70%]  (Sampling)
Chain 4: Iteration:  8400 / 12000 [ 70%]  (Sampling)
Chain 1: Iteration:  8400 / 12000 [ 70%]  (Sampling)
Chain 2: Iteration:  9600 / 12000 [ 80%]  (Sampling)
Chain 3: Iteration:  8400 / 12000 [ 70%]  (Sampling)
Chain 4: Iteration:  9600 / 12000 [ 80%]  (Sampling)
Chain 2: Iteration: 10800 / 12000 [ 90%]  (Sampling)
Chain 1: Iteration:  9600 / 12000 [ 80%]  (Sampling)
Chain 3: Iteration:  9600 / 12000 [ 80%]  (Sampling)
Chain 4: Iteration: 10800 / 12000 [ 90%]  (Sampling)
Chain 2: Iteration: 12000 / 12000 [100%]  (Sampling)
Chain 2: 
Chain 2:  Elapsed Time: 23.632 seconds (Warm-up)
Chain 2:                25.578 seconds (Sampling)
Chain 2:                49.21 seconds (Total)
Chain 2: 
Chain 1: Iteration: 10800 / 12000 [ 90%]  (Sampling)
Chain 3: Iteration: 10800 / 12000 [ 90%]  (Sampling)
Chain 4: Iteration: 12000 / 12000 [100%]  (Sampling)
Chain 4: 
Chain 4:  Elapsed Time: 23.27 seconds (Warm-up)
Chain 4:                32.057 seconds (Sampling)
Chain 4:                55.327 seconds (Total)
Chain 4: 
Chain 1: Iteration: 12000 / 12000 [100%]  (Sampling)
Chain 1: 
Chain 1:  Elapsed Time: 23.94 seconds (Warm-up)
Chain 1:                33.725 seconds (Sampling)
Chain 1:                57.665 seconds (Total)
Chain 1: 
Chain 3: Iteration: 12000 / 12000 [100%]  (Sampling)
Chain 3: 
Chain 3:  Elapsed Time: 24.383 seconds (Warm-up)
Chain 3:                38.192 seconds (Sampling)
Chain 3:                62.575 seconds (Total)
Chain 3: 
Done!
Fitting p9.json, 17/17

SAMPLING FOR MODEL 'anon_model' NOW (CHAIN 1).
Chain 1: 
Chain 1: Gradient evaluation took 0.00023 seconds
Chain 1: 1000 transitions using 10 leapfrog steps per transition would take 2.3 seconds.
Chain 1: Adjust your expectations accordingly!
Chain 1: 
Chain 1: 

SAMPLING FOR MODEL 'anon_model' NOW (CHAIN 2).
Chain 2: 
Chain 2: Gradient evaluation took 0.000237 seconds
Chain 2: 1000 transitions using 10 leapfrog steps per transition would take 2.37 seconds.
Chain 2: Adjust your expectations accordingly!
Chain 2: 
Chain 2: 
Chain 1: Iteration:     1 / 12000 [  0%]  (Warmup)

SAMPLING FOR MODEL 'anon_model' NOW (CHAIN 3).
Chain 2: Iteration:     1 / 12000 [  0%]  (Warmup)
Chain 3: 
Chain 3: Gradient evaluation took 0.000227 seconds
Chain 3: 1000 transitions using 10 leapfrog steps per transition would take 2.27 seconds.
Chain 3: Adjust your expectations accordingly!
Chain 3: 
Chain 3: 

SAMPLING FOR MODEL 'anon_model' NOW (CHAIN 4).
Chain 3: Iteration:     1 / 12000 [  0%]  (Warmup)
Chain 4: 
Chain 4: Gradient evaluation took 0.000227 seconds
Chain 4: 1000 transitions using 10 leapfrog steps per transition would take 2.27 seconds.
Chain 4: Adjust your expectations accordingly!
Chain 4: 
Chain 4: 
Chain 4: Iteration:     1 / 12000 [  0%]  (Warmup)
Chain 4: Iteration:  1200 / 12000 [ 10%]  (Warmup)
Chain 1: Iteration:  1200 / 12000 [ 10%]  (Warmup)
Chain 3: Iteration:  1200 / 12000 [ 10%]  (Warmup)
Chain 2: Iteration:  1200 / 12000 [ 10%]  (Warmup)
Chain 4: Iteration:  2400 / 12000 [ 20%]  (Warmup)
Chain 1: Iteration:  2400 / 12000 [ 20%]  (Warmup)
Chain 3: Iteration:  2400 / 12000 [ 20%]  (Warmup)
Chain 2: Iteration:  2400 / 12000 [ 20%]  (Warmup)
Chain 4: Iteration:  3600 / 12000 [ 30%]  (Warmup)
Chain 3: Iteration:  3600 / 12000 [ 30%]  (Warmup)
Chain 1: Iteration:  3600 / 12000 [ 30%]  (Warmup)
Chain 2: Iteration:  3600 / 12000 [ 30%]  (Warmup)
Chain 4: Iteration:  4800 / 12000 [ 40%]  (Warmup)
Chain 3: Iteration:  4800 / 12000 [ 40%]  (Warmup)
Chain 1: Iteration:  4800 / 12000 [ 40%]  (Warmup)
Chain 2: Iteration:  4800 / 12000 [ 40%]  (Warmup)
Chain 4: Iteration:  6000 / 12000 [ 50%]  (Warmup)
Chain 4: Iteration:  6001 / 12000 [ 50%]  (Sampling)
Chain 3: Iteration:  6000 / 12000 [ 50%]  (Warmup)
Chain 3: Iteration:  6001 / 12000 [ 50%]  (Sampling)
Chain 1: Iteration:  6000 / 12000 [ 50%]  (Warmup)
Chain 1: Iteration:  6001 / 12000 [ 50%]  (Sampling)
Chain 2: Iteration:  6000 / 12000 [ 50%]  (Warmup)
Chain 2: Iteration:  6001 / 12000 [ 50%]  (Sampling)
Chain 1: Iteration:  7200 / 12000 [ 60%]  (Sampling)
Chain 3: Iteration:  7200 / 12000 [ 60%]  (Sampling)
Chain 4: Iteration:  7200 / 12000 [ 60%]  (Sampling)
Chain 2: Iteration:  7200 / 12000 [ 60%]  (Sampling)
Chain 1: Iteration:  8400 / 12000 [ 70%]  (Sampling)
Chain 3: Iteration:  8400 / 12000 [ 70%]  (Sampling)
Chain 4: Iteration:  8400 / 12000 [ 70%]  (Sampling)
Chain 2: Iteration:  8400 / 12000 [ 70%]  (Sampling)
Chain 1: Iteration:  9600 / 12000 [ 80%]  (Sampling)
Chain 4: Iteration:  9600 / 12000 [ 80%]  (Sampling)
Chain 3: Iteration:  9600 / 12000 [ 80%]  (Sampling)
Chain 1: Iteration: 10800 / 12000 [ 90%]  (Sampling)
Chain 2: Iteration:  9600 / 12000 [ 80%]  (Sampling)
Chain 3: Iteration: 10800 / 12000 [ 90%]  (Sampling)
Chain 1: Iteration: 12000 / 12000 [100%]  (Sampling)
Chain 1: 
Chain 1:  Elapsed Time: 50.045 seconds (Warm-up)
Chain 1:                52.291 seconds (Sampling)
Chain 1:                102.336 seconds (Total)
Chain 1: 
Chain 4: Iteration: 10800 / 12000 [ 90%]  (Sampling)
Chain 2: Iteration: 10800 / 12000 [ 90%]  (Sampling)
Chain 3: Iteration: 12000 / 12000 [100%]  (Sampling)
Chain 3: 
Chain 3:  Elapsed Time: 49.019 seconds (Warm-up)
Chain 3:                66.151 seconds (Sampling)
Chain 3:                115.17 seconds (Total)
Chain 3: 
Chain 4: Iteration: 12000 / 12000 [100%]  (Sampling)
Chain 4: 
Chain 4:  Elapsed Time: 48.505 seconds (Warm-up)
Chain 4:                67.534 seconds (Sampling)
Chain 4:                116.039 seconds (Total)
Chain 4: 
Chain 2: Iteration: 12000 / 12000 [100%]  (Sampling)
Chain 2: 
Chain 2:  Elapsed Time: 51.045 seconds (Warm-up)
Chain 2:                70.047 seconds (Sampling)
Chain 2:                121.092 seconds (Total)
Chain 2: 
Done!
