Loading required package: StanHeaders

rstan version 2.32.7 (Stan version 2.32.2)

For execution on a local, multicore CPU with excess RAM we recommend calling
options(mc.cores = parallel::detectCores()).
To avoid recompilation of unchanged Stan programs, we recommend calling
rstan_options(auto_write = TRUE)
For within-chain threading using `reduce_sum()` or `map_rect()` Stan functions,
change `threads_per_chain` option:
rstan_options(threads_per_chain = 1)

Dataset: m3_slow_30 
Stan file: /Users/yimingzang/Documents/Project/benchmark2/benchmark/examples/diffusion/stan/rdm_4_models.stan 
Models: m0, m1, m2, m3 

Posterior draws exported per fit: 2048 

Assumed model: m0 (model_index = 0 )
Fitting s0.json, 1/17

SAMPLING FOR MODEL 'anon_model' NOW (CHAIN 1).
Chain 1: 
Chain 1: Gradient evaluation took 0.000287 seconds
Chain 1: 1000 transitions using 10 leapfrog steps per transition would take 2.87 seconds.
Chain 1: Adjust your expectations accordingly!
Chain 1: 
Chain 1: 
Chain 1: Iteration:     1 / 12000 [  0%]  (Warmup)


SAMPLING FOR MODEL 'SAMPLINGanon_model FOR MODEL '' NOW (CHAIN anon_model' NOW (CHAIN 2).
3).
Chain 3: 
Chain 3: Gradient evaluation took 0.000242 seconds
Chain 3: 1000 transitions using 10 leapfrog steps per transition would take 2.42 seconds.
Chain 3: Adjust your expectations accordingly!
Chain 3: 
Chain 3: 
Chain 2: 
Chain 2: Gradient evaluation took 0.000286 seconds
Chain 2: 1000 transitions using 10 leapfrog steps per transition would take 2.86 seconds.
Chain 2: Adjust your expectations accordingly!
Chain 2: 
Chain 2: 

SAMPLING FOR MODEL 'anon_model' NOW (CHAIN 4).
Chain 3: Iteration:     1 / 12000 [  0%]  (Warmup)
Chain 4: 
Chain 4: Gradient evaluation took 0.000261 seconds
Chain 4: 1000 transitions using 10 leapfrog steps per transition would take 2.61 seconds.
Chain 4: Adjust your expectations accordingly!
Chain 4: 
Chain 4: 
Chain 2: Iteration:     1 / 12000 [  0%]  (Warmup)
Chain 4: Iteration:     1 / 12000 [  0%]  (Warmup)
Chain 2: Iteration:  1200 / 12000 [ 10%]  (Warmup)
Chain 4: Iteration:  1200 / 12000 [ 10%]  (Warmup)
Chain 3: Iteration:  1200 / 12000 [ 10%]  (Warmup)
Chain 1: Iteration:  1200 / 12000 [ 10%]  (Warmup)
Chain 4: Iteration:  2400 / 12000 [ 20%]  (Warmup)
Chain 3: Iteration:  2400 / 12000 [ 20%]  (Warmup)
Chain 2: Iteration:  2400 / 12000 [ 20%]  (Warmup)
Chain 1: Iteration:  2400 / 12000 [ 20%]  (Warmup)
Chain 4: Iteration:  3600 / 12000 [ 30%]  (Warmup)
Chain 3: Iteration:  3600 / 12000 [ 30%]  (Warmup)
Chain 2: Iteration:  3600 / 12000 [ 30%]  (Warmup)
Chain 1: Iteration:  3600 / 12000 [ 30%]  (Warmup)
Chain 3: Iteration:  4800 / 12000 [ 40%]  (Warmup)
Chain 4: Iteration:  4800 / 12000 [ 40%]  (Warmup)
Chain 2: Iteration:  4800 / 12000 [ 40%]  (Warmup)
Chain 1: Iteration:  4800 / 12000 [ 40%]  (Warmup)
Chain 3: Iteration:  6000 / 12000 [ 50%]  (Warmup)
Chain 3: Iteration:  6001 / 12000 [ 50%]  (Sampling)
Chain 2: Iteration:  6000 / 12000 [ 50%]  (Warmup)
Chain 2: Iteration:  6001 / 12000 [ 50%]  (Sampling)
Chain 4: Iteration:  6000 / 12000 [ 50%]  (Warmup)
Chain 4: Iteration:  6001 / 12000 [ 50%]  (Sampling)
Chain 3: Iteration:  7200 / 12000 [ 60%]  (Sampling)
Chain 1: Iteration:  6000 / 12000 [ 50%]  (Warmup)
Chain 1: Iteration:  6001 / 12000 [ 50%]  (Sampling)
Chain 4: Iteration:  7200 / 12000 [ 60%]  (Sampling)
Chain 2: Iteration:  7200 / 12000 [ 60%]  (Sampling)
Chain 3: Iteration:  8400 / 12000 [ 70%]  (Sampling)
Chain 4: Iteration:  8400 / 12000 [ 70%]  (Sampling)
Chain 1: Iteration:  7200 / 12000 [ 60%]  (Sampling)
Chain 3: Iteration:  9600 / 12000 [ 80%]  (Sampling)
Chain 2: Iteration:  8400 / 12000 [ 70%]  (Sampling)
Chain 4: Iteration:  9600 / 12000 [ 80%]  (Sampling)
Chain 3: Iteration: 10800 / 12000 [ 90%]  (Sampling)
Chain 4: Iteration: 10800 / 12000 [ 90%]  (Sampling)
Chain 2: Iteration:  9600 / 12000 [ 80%]  (Sampling)
Chain 1: Iteration:  8400 / 12000 [ 70%]  (Sampling)
Chain 3: Iteration: 12000 / 12000 [100%]  (Sampling)
Chain 3: 
Chain 3:  Elapsed Time: 14.975 seconds (Warm-up)
Chain 3:                11.59 seconds (Sampling)
Chain 3:                26.565 seconds (Total)
Chain 3: 
Chain 4: Iteration: 12000 / 12000 [100%]  (Sampling)
Chain 4: 
Chain 4:  Elapsed Time: 15.132 seconds (Warm-up)
Chain 4:                12.685 seconds (Sampling)
Chain 4:                27.817 seconds (Total)
Chain 4: 
Chain 2: Iteration: 10800 / 12000 [ 90%]  (Sampling)
Chain 1: Iteration:  9600 / 12000 [ 80%]  (Sampling)
Chain 2: Iteration: 12000 / 12000 [100%]  (Sampling)
Chain 2: 
Chain 2:  Elapsed Time: 15.106 seconds (Warm-up)
Chain 2:                16.968 seconds (Sampling)
Chain 2:                32.074 seconds (Total)
Chain 2: 
Chain 1: Iteration: 10800 / 12000 [ 90%]  (Sampling)
Chain 1: Iteration: 12000 / 12000 [100%]  (Sampling)
Chain 1: 
Chain 1:  Elapsed Time: 17.507 seconds (Warm-up)
Chain 1:                20.521 seconds (Sampling)
Chain 1:                38.028 seconds (Total)
Chain 1: 
Done!
Fitting s1.json, 2/17

SAMPLING FOR MODEL 'anon_model' NOW (CHAIN 1).
Chain 1: 
Chain 1: Gradient evaluation took 0.000278 seconds
Chain 1: 1000 transitions using 10 leapfrog steps per transition would take 2.78 seconds.
Chain 1: Adjust your expectations accordingly!
Chain 1: 
Chain 1: 

SAMPLING FOR MODEL 'anon_model' NOW (CHAIN 2).

SAMPLING FOR MODEL 'anon_model' NOW (CHAIN 3).
Chain 1: Iteration:     1 / 12000 [  0%]  (Warmup)
Chain 2: 
Chain 2: Gradient evaluation took 0.000241 seconds
Chain 2: 1000 transitions using 10 leapfrog steps per transition would take 2.41 seconds.
Chain 2: Adjust your expectations accordingly!
Chain 2: 
Chain 2: 
Chain 3: 
Chain 3: Gradient evaluation took 0.00025 seconds
Chain 3: 1000 transitions using 10 leapfrog steps per transition would take 2.5 seconds.
Chain 3: Adjust your expectations accordingly!
Chain 3: 
Chain 3: 

SAMPLING FOR MODEL 'anon_model' NOW (CHAIN 4).
Chain 2: Iteration:     1 / 12000 [  0%]  (Warmup)
Chain 3: Iteration:     1 / 12000 [  0%]  (Warmup)
Chain 4: 
Chain 4: Gradient evaluation took 0.000247 seconds
Chain 4: 1000 transitions using 10 leapfrog steps per transition would take 2.47 seconds.
Chain 4: Adjust your expectations accordingly!
Chain 4: 
Chain 4: 
Chain 4: Iteration:     1 / 12000 [  0%]  (Warmup)
Chain 4: Iteration:  1200 / 12000 [ 10%]  (Warmup)
Chain 3: Iteration:  1200 / 12000 [ 10%]  (Warmup)
Chain 1: Iteration:  1200 / 12000 [ 10%]  (Warmup)
Chain 2: Iteration:  1200 / 12000 [ 10%]  (Warmup)
Chain 4: Iteration:  2400 / 12000 [ 20%]  (Warmup)
Chain 3: Iteration:  2400 / 12000 [ 20%]  (Warmup)
Chain 1: Iteration:  2400 / 12000 [ 20%]  (Warmup)
Chain 2: Iteration:  2400 / 12000 [ 20%]  (Warmup)
Chain 4: Iteration:  3600 / 12000 [ 30%]  (Warmup)
Chain 3: Iteration:  3600 / 12000 [ 30%]  (Warmup)
Chain 1: Iteration:  3600 / 12000 [ 30%]  (Warmup)
Chain 2: Iteration:  3600 / 12000 [ 30%]  (Warmup)
Chain 4: Iteration:  4800 / 12000 [ 40%]  (Warmup)
Chain 3: Iteration:  4800 / 12000 [ 40%]  (Warmup)
Chain 1: Iteration:  4800 / 12000 [ 40%]  (Warmup)
Chain 2: Iteration:  4800 / 12000 [ 40%]  (Warmup)
Chain 4: Iteration:  6000 / 12000 [ 50%]  (Warmup)
Chain 4: Iteration:  6001 / 12000 [ 50%]  (Sampling)
Chain 3: Iteration:  6000 / 12000 [ 50%]  (Warmup)
Chain 3: Iteration:  6001 / 12000 [ 50%]  (Sampling)
Chain 1: Iteration:  6000 / 12000 [ 50%]  (Warmup)
Chain 1: Iteration:  6001 / 12000 [ 50%]  (Sampling)
Chain 2: Iteration:  6000 / 12000 [ 50%]  (Warmup)
Chain 2: Iteration:  6001 / 12000 [ 50%]  (Sampling)
Chain 4: Iteration:  7200 / 12000 [ 60%]  (Sampling)
Chain 3: Iteration:  7200 / 12000 [ 60%]  (Sampling)
Chain 4: Iteration:  8400 / 12000 [ 70%]  (Sampling)
Chain 1: Iteration:  7200 / 12000 [ 60%]  (Sampling)
Chain 2: Iteration:  7200 / 12000 [ 60%]  (Sampling)
Chain 3: Iteration:  8400 / 12000 [ 70%]  (Sampling)
Chain 4: Iteration:  9600 / 12000 [ 80%]  (Sampling)
Chain 1: Iteration:  8400 / 12000 [ 70%]  (Sampling)
Chain 3: Iteration:  9600 / 12000 [ 80%]  (Sampling)
Chain 4: Iteration: 10800 / 12000 [ 90%]  (Sampling)
Chain 2: Iteration:  8400 / 12000 [ 70%]  (Sampling)
Chain 4: Iteration: 12000 / 12000 [100%]  (Sampling)
Chain 4: 
Chain 4:  Elapsed Time: 13.41 seconds (Warm-up)
Chain 4:                11.051 seconds (Sampling)
Chain 4:                24.461 seconds (Total)
Chain 4: 
Chain 3: Iteration: 10800 / 12000 [ 90%]  (Sampling)
Chain 1: Iteration:  9600 / 12000 [ 80%]  (Sampling)
Chain 2: Iteration:  9600 / 12000 [ 80%]  (Sampling)
Chain 3: Iteration: 12000 / 12000 [100%]  (Sampling)
Chain 3: 
Chain 3:  Elapsed Time: 13.659 seconds (Warm-up)
Chain 3:                13.942 seconds (Sampling)
Chain 3:                27.601 seconds (Total)
Chain 3: 
Chain 1: Iteration: 10800 / 12000 [ 90%]  (Sampling)
Chain 2: Iteration: 10800 / 12000 [ 90%]  (Sampling)
Chain 1: Iteration: 12000 / 12000 [100%]  (Sampling)
Chain 1: 
Chain 1:  Elapsed Time: 14.08 seconds (Warm-up)
Chain 1:                19.148 seconds (Sampling)
Chain 1:                33.228 seconds (Total)
Chain 1: 
Chain 2: Iteration: 12000 / 12000 [100%]  (Sampling)
Chain 2: 
Chain 2:  Elapsed Time: 14.452 seconds (Warm-up)
Chain 2:                20.913 seconds (Sampling)
Chain 2:                35.365 seconds (Total)
Chain 2: 
Done!
Fitting s10.json, 3/17

SAMPLING FOR MODEL 'anon_model' NOW (CHAIN 1).

SAMPLING FOR MODEL 'anon_model' NOW (CHAIN 2).
Chain 1: 
Chain 1: Gradient evaluation took 0.000249 seconds
Chain 1: 1000 transitions using 10 leapfrog steps per transition would take 2.49 seconds.
Chain 1: Adjust your expectations accordingly!
Chain 1: 
Chain 1: 
Chain 2: 
Chain 2: Gradient evaluation took 0.000293 seconds
Chain 2: 1000 transitions using 10 leapfrog steps per transition would take 2.93 seconds.
Chain 2: Adjust your expectations accordingly!
Chain 2: 
Chain 2: 

SAMPLING FOR MODEL 'anon_model' NOW (CHAIN 3).

SAMPLING FOR MODEL 'anon_model' NOW (CHAIN 4).
Chain 1: Iteration:     1 / 12000 [  0%]  (Warmup)
Chain 2: Iteration:     1 / 12000 [  0%]  (Warmup)
Chain 3: 
Chain 3: Gradient evaluation took 0.000299 seconds
Chain 3: 1000 transitions using 10 leapfrog steps per transition would take 2.99 seconds.
Chain 3: Adjust your expectations accordingly!
Chain 3: 
Chain 3: 
Chain 4: 
Chain 4: Gradient evaluation took 0.000425 seconds
Chain 4: 1000 transitions using 10 leapfrog steps per transition would take 4.25 seconds.
Chain 4: Adjust your expectations accordingly!
Chain 4: 
Chain 4: 
Chain 3: Iteration:     1 / 12000 [  0%]  (Warmup)
Chain 4: Iteration:     1 / 12000 [  0%]  (Warmup)
Chain 2: Iteration:  1200 / 12000 [ 10%]  (Warmup)
Chain 4: Iteration:  1200 / 12000 [ 10%]  (Warmup)
Chain 3: Iteration:  1200 / 12000 [ 10%]  (Warmup)
Chain 1: Iteration:  1200 / 12000 [ 10%]  (Warmup)
Chain 2: Iteration:  2400 / 12000 [ 20%]  (Warmup)
Chain 4: Iteration:  2400 / 12000 [ 20%]  (Warmup)
Chain 3: Iteration:  2400 / 12000 [ 20%]  (Warmup)
Chain 1: Iteration:  2400 / 12000 [ 20%]  (Warmup)
Chain 2: Iteration:  3600 / 12000 [ 30%]  (Warmup)
Chain 4: Iteration:  3600 / 12000 [ 30%]  (Warmup)
Chain 3: Iteration:  3600 / 12000 [ 30%]  (Warmup)
Chain 1: Iteration:  3600 / 12000 [ 30%]  (Warmup)
Chain 2: Iteration:  4800 / 12000 [ 40%]  (Warmup)
Chain 4: Iteration:  4800 / 12000 [ 40%]  (Warmup)
Chain 3: Iteration:  4800 / 12000 [ 40%]  (Warmup)
Chain 1: Iteration:  4800 / 12000 [ 40%]  (Warmup)
Chain 2: Iteration:  6000 / 12000 [ 50%]  (Warmup)
Chain 2: Iteration:  6001 / 12000 [ 50%]  (Sampling)
Chain 4: Iteration:  6000 / 12000 [ 50%]  (Warmup)
Chain 4: Iteration:  6001 / 12000 [ 50%]  (Sampling)
Chain 1: Iteration:  6000 / 12000 [ 50%]  (Warmup)
Chain 1: Iteration:  6001 / 12000 [ 50%]  (Sampling)
Chain 3: Iteration:  6000 / 12000 [ 50%]  (Warmup)
Chain 3: Iteration:  6001 / 12000 [ 50%]  (Sampling)
Chain 2: Iteration:  7200 / 12000 [ 60%]  (Sampling)
Chain 4: Iteration:  7200 / 12000 [ 60%]  (Sampling)
Chain 3: Iteration:  7200 / 12000 [ 60%]  (Sampling)
Chain 1: Iteration:  7200 / 12000 [ 60%]  (Sampling)
Chain 2: Iteration:  8400 / 12000 [ 70%]  (Sampling)
Chain 4: Iteration:  8400 / 12000 [ 70%]  (Sampling)
Chain 3: Iteration:  8400 / 12000 [ 70%]  (Sampling)
Chain 2: Iteration:  9600 / 12000 [ 80%]  (Sampling)
Chain 4: Iteration:  9600 / 12000 [ 80%]  (Sampling)
Chain 3: Iteration:  9600 / 12000 [ 80%]  (Sampling)
Chain 1: Iteration:  8400 / 12000 [ 70%]  (Sampling)
Chain 4: Iteration: 10800 / 12000 [ 90%]  (Sampling)
Chain 2: Iteration: 10800 / 12000 [ 90%]  (Sampling)
Chain 3: Iteration: 10800 / 12000 [ 90%]  (Sampling)
Chain 4: Iteration: 12000 / 12000 [100%]  (Sampling)
Chain 4: 
Chain 4:  Elapsed Time: 14.14 seconds (Warm-up)
Chain 4:                11.819 seconds (Sampling)
Chain 4:                25.959 seconds (Total)
Chain 4: 
Chain 3: Iteration: 12000 / 12000 [100%]  (Sampling)
Chain 3: 
Chain 3:  Elapsed Time: 14.428 seconds (Warm-up)
Chain 3:                11.66 seconds (Sampling)
Chain 3:                26.088 seconds (Total)
Chain 3: 
Chain 2: Iteration: 12000 / 12000 [100%]  (Sampling)
Chain 2: 
Chain 2:  Elapsed Time: 13.732 seconds (Warm-up)
Chain 2:                12.447 seconds (Sampling)
Chain 2:                26.179 seconds (Total)
Chain 2: 
Chain 1: Iteration:  9600 / 12000 [ 80%]  (Sampling)
Chain 1: Iteration: 10800 / 12000 [ 90%]  (Sampling)
Chain 1: Iteration: 12000 / 12000 [100%]  (Sampling)
Chain 1: 
Chain 1:  Elapsed Time: 14.392 seconds (Warm-up)
Chain 1:                19.526 seconds (Sampling)
Chain 1:                33.918 seconds (Total)
Chain 1: 
Done!
Fitting s11.json, 4/17

SAMPLING FOR MODEL 'anon_model' NOW (CHAIN 1).

SAMPLING FOR MODEL 'anon_model' NOW (CHAIN 2).
Chain 1: 
Chain 1: Gradient evaluation took 0.000593 seconds
Chain 1: 1000 transitions using 10 leapfrog steps per transition would take 5.93 seconds.
Chain 1: Adjust your expectations accordingly!
Chain 1: 
Chain 1: 
Chain 2: 
Chain 2: Gradient evaluation took 0.000553 seconds
Chain 2: 1000 transitions using 10 leapfrog steps per transition would take 5.53 seconds.
Chain 2: Adjust your expectations accordingly!
Chain 2: 
Chain 2: 

SAMPLING FOR MODEL 'anon_model' NOW (CHAIN 3).
Chain 3: 
Chain 3: Gradient evaluation took 0.000277 seconds
Chain 3: 1000 transitions using 10 leapfrog steps per transition would take 2.77 seconds.
Chain 3: Adjust your expectations accordingly!
Chain 3: 
Chain 3: 
Chain 1: Iteration:     1 / 12000 [  0%]  (Warmup)
Chain 2: Iteration:     1 / 12000 [  0%]  (Warmup)

SAMPLING FOR MODEL 'anon_model' NOW (CHAIN 4).
Chain 3: Iteration:     1 / 12000 [  0%]  (Warmup)
Chain 4: 
Chain 4: Gradient evaluation took 0.000302 seconds
Chain 4: 1000 transitions using 10 leapfrog steps per transition would take 3.02 seconds.
Chain 4: Adjust your expectations accordingly!
Chain 4: 
Chain 4: 
Chain 4: Iteration:     1 / 12000 [  0%]  (Warmup)
Chain 1: Iteration:  1200 / 12000 [ 10%]  (Warmup)
Chain 3: Iteration:  1200 / 12000 [ 10%]  (Warmup)
Chain 2: Iteration:  1200 / 12000 [ 10%]  (Warmup)
Chain 4: Iteration:  1200 / 12000 [ 10%]  (Warmup)
Chain 3: Iteration:  2400 / 12000 [ 20%]  (Warmup)
Chain 1: Iteration:  2400 / 12000 [ 20%]  (Warmup)
Chain 2: Iteration:  2400 / 12000 [ 20%]  (Warmup)
Chain 4: Iteration:  2400 / 12000 [ 20%]  (Warmup)
Chain 3: Iteration:  3600 / 12000 [ 30%]  (Warmup)
Chain 1: Iteration:  3600 / 12000 [ 30%]  (Warmup)
Chain 2: Iteration:  3600 / 12000 [ 30%]  (Warmup)
Chain 4: Iteration:  3600 / 12000 [ 30%]  (Warmup)
Chain 3: Iteration:  4800 / 12000 [ 40%]  (Warmup)
Chain 1: Iteration:  4800 / 12000 [ 40%]  (Warmup)
Chain 2: Iteration:  4800 / 12000 [ 40%]  (Warmup)
Chain 4: Iteration:  4800 / 12000 [ 40%]  (Warmup)
Chain 3: Iteration:  6000 / 12000 [ 50%]  (Warmup)
Chain 3: Iteration:  6001 / 12000 [ 50%]  (Sampling)
Chain 2: Iteration:  6000 / 12000 [ 50%]  (Warmup)
Chain 2: Iteration:  6001 / 12000 [ 50%]  (Sampling)
Chain 1: Iteration:  6000 / 12000 [ 50%]  (Warmup)
Chain 1: Iteration:  6001 / 12000 [ 50%]  (Sampling)
Chain 4: Iteration:  6000 / 12000 [ 50%]  (Warmup)
Chain 4: Iteration:  6001 / 12000 [ 50%]  (Sampling)
Chain 2: Iteration:  7200 / 12000 [ 60%]  (Sampling)
Chain 3: Iteration:  7200 / 12000 [ 60%]  (Sampling)
Chain 1: Iteration:  7200 / 12000 [ 60%]  (Sampling)
Chain 2: Iteration:  8400 / 12000 [ 70%]  (Sampling)
Chain 4: Iteration:  7200 / 12000 [ 60%]  (Sampling)
Chain 2: Iteration:  9600 / 12000 [ 80%]  (Sampling)
Chain 1: Iteration:  8400 / 12000 [ 70%]  (Sampling)
Chain 3: Iteration:  8400 / 12000 [ 70%]  (Sampling)
Chain 2: Iteration: 10800 / 12000 [ 90%]  (Sampling)
Chain 4: Iteration:  8400 / 12000 [ 70%]  (Sampling)
Chain 2: Iteration: 12000 / 12000 [100%]  (Sampling)
Chain 2: 
Chain 2:  Elapsed Time: 19.66 seconds (Warm-up)
Chain 2:                15.238 seconds (Sampling)
Chain 2:                34.898 seconds (Total)
Chain 2: 
Chain 1: Iteration:  9600 / 12000 [ 80%]  (Sampling)
Chain 3: Iteration:  9600 / 12000 [ 80%]  (Sampling)
Chain 4: Iteration:  9600 / 12000 [ 80%]  (Sampling)
Chain 1: Iteration: 10800 / 12000 [ 90%]  (Sampling)
Chain 3: Iteration: 10800 / 12000 [ 90%]  (Sampling)
Chain 4: Iteration: 10800 / 12000 [ 90%]  (Sampling)
Chain 1: Iteration: 12000 / 12000 [100%]  (Sampling)
Chain 1: 
Chain 1:  Elapsed Time: 19.736 seconds (Warm-up)
Chain 1:                28.014 seconds (Sampling)
Chain 1:                47.75 seconds (Total)
Chain 1: 
Chain 3: Iteration: 12000 / 12000 [100%]  (Sampling)
Chain 3: 
Chain 3:  Elapsed Time: 19.444 seconds (Warm-up)
Chain 3:                29.424 seconds (Sampling)
Chain 3:                48.868 seconds (Total)
Chain 3: 
Chain 4: Iteration: 12000 / 12000 [100%]  (Sampling)
Chain 4: 
Chain 4:  Elapsed Time: 20.274 seconds (Warm-up)
Chain 4:                33.191 seconds (Sampling)
Chain 4:                53.465 seconds (Total)
Chain 4: 
Done!
Fitting s12.json, 5/17

SAMPLING FOR MODEL 'anon_model' NOW (CHAIN 1).
Chain 1: 
Chain 1: Gradient evaluation took 0.00026 seconds
Chain 1: 1000 transitions using 10 leapfrog steps per transition would take 2.6 seconds.
Chain 1: Adjust your expectations accordingly!
Chain 1: 
Chain 1: 

SAMPLING FOR MODEL 'anon_model' NOW (CHAIN 2).

SAMPLING FOR MODEL 'anon_model' NOW (CHAIN 3).
Chain 1: Iteration:     1 / 12000 [  0%]  (Warmup)
Chain 2: 
Chain 2: Gradient evaluation took 0.000293 seconds
Chain 2: 1000 transitions using 10 leapfrog steps per transition would take 2.93 seconds.
Chain 2: Adjust your expectations accordingly!
Chain 2: 
Chain 2: 

SAMPLING FOR MODEL 'anon_model' NOW (CHAIN 4).
Chain 3: 
Chain 3: Gradient evaluation took 0.000305 seconds
Chain 3: 1000 transitions using 10 leapfrog steps per transition would take 3.05 seconds.
Chain 3: Adjust your expectations accordingly!
Chain 3: 
Chain 3: 
Chain 4: 
Chain 4: Gradient evaluation took 0.000229 seconds
Chain 4: 1000 transitions using 10 leapfrog steps per transition would take 2.29 seconds.
Chain 4: Adjust your expectations accordingly!
Chain 4: 
Chain 4: 
Chain 2: Iteration:     1 / 12000 [  0%]  (Warmup)
Chain 3: Iteration:     1 / 12000 [  0%]  (Warmup)
Chain 4: Iteration:     1 / 12000 [  0%]  (Warmup)
Chain 4: Iteration:  1200 / 12000 [ 10%]  (Warmup)
Chain 1: Iteration:  1200 / 12000 [ 10%]  (Warmup)
Chain 2: Iteration:  1200 / 12000 [ 10%]  (Warmup)
Chain 3: Iteration:  1200 / 12000 [ 10%]  (Warmup)
Chain 4: Iteration:  2400 / 12000 [ 20%]  (Warmup)
Chain 1: Iteration:  2400 / 12000 [ 20%]  (Warmup)
Chain 2: Iteration:  2400 / 12000 [ 20%]  (Warmup)
Chain 3: Iteration:  2400 / 12000 [ 20%]  (Warmup)
Chain 4: Iteration:  3600 / 12000 [ 30%]  (Warmup)
Chain 1: Iteration:  3600 / 12000 [ 30%]  (Warmup)
Chain 2: Iteration:  3600 / 12000 [ 30%]  (Warmup)
Chain 3: Iteration:  3600 / 12000 [ 30%]  (Warmup)
Chain 4: Iteration:  4800 / 12000 [ 40%]  (Warmup)
Chain 1: Iteration:  4800 / 12000 [ 40%]  (Warmup)
Chain 2: Iteration:  4800 / 12000 [ 40%]  (Warmup)
Chain 3: Iteration:  4800 / 12000 [ 40%]  (Warmup)
Chain 2: Iteration:  6000 / 12000 [ 50%]  (Warmup)
Chain 2: Iteration:  6001 / 12000 [ 50%]  (Sampling)
Chain 4: Iteration:  6000 / 12000 [ 50%]  (Warmup)
Chain 4: Iteration:  6001 / 12000 [ 50%]  (Sampling)
Chain 1: Iteration:  6000 / 12000 [ 50%]  (Warmup)
Chain 1: Iteration:  6001 / 12000 [ 50%]  (Sampling)
Chain 3: Iteration:  6000 / 12000 [ 50%]  (Warmup)
Chain 3: Iteration:  6001 / 12000 [ 50%]  (Sampling)
Chain 2: Iteration:  7200 / 12000 [ 60%]  (Sampling)
Chain 3: Iteration:  7200 / 12000 [ 60%]  (Sampling)
Chain 4: Iteration:  7200 / 12000 [ 60%]  (Sampling)
Chain 2: Iteration:  8400 / 12000 [ 70%]  (Sampling)
Chain 1: Iteration:  7200 / 12000 [ 60%]  (Sampling)
Chain 2: Iteration:  9600 / 12000 [ 80%]  (Sampling)
Chain 3: Iteration:  8400 / 12000 [ 70%]  (Sampling)
Chain 4: Iteration:  8400 / 12000 [ 70%]  (Sampling)
Chain 1: Iteration:  8400 / 12000 [ 70%]  (Sampling)
Chain 2: Iteration: 10800 / 12000 [ 90%]  (Sampling)
Chain 2: Iteration: 12000 / 12000 [100%]  (Sampling)
Chain 2: 
Chain 2:  Elapsed Time: 14.306 seconds (Warm-up)
Chain 2:                12.052 seconds (Sampling)
Chain 2:                26.358 seconds (Total)
Chain 2: 
Chain 3: Iteration:  9600 / 12000 [ 80%]  (Sampling)
Chain 4: Iteration:  9600 / 12000 [ 80%]  (Sampling)
Chain 1: Iteration:  9600 / 12000 [ 80%]  (Sampling)
Chain 3: Iteration: 10800 / 12000 [ 90%]  (Sampling)
Chain 4: Iteration: 10800 / 12000 [ 90%]  (Sampling)
Chain 1: Iteration: 10800 / 12000 [ 90%]  (Sampling)
Chain 3: Iteration: 12000 / 12000 [100%]  (Sampling)
Chain 3: 
Chain 3:  Elapsed Time: 14.542 seconds (Warm-up)
Chain 3:                19.948 seconds (Sampling)
Chain 3:                34.49 seconds (Total)
Chain 3: 
Chain 4: Iteration: 12000 / 12000 [100%]  (Sampling)
Chain 4: 
Chain 4:  Elapsed Time: 14.315 seconds (Warm-up)
Chain 4:                21.646 seconds (Sampling)
Chain 4:                35.961 seconds (Total)
Chain 4: 
Chain 1: Iteration: 12000 / 12000 [100%]  (Sampling)
Chain 1: 
Chain 1:  Elapsed Time: 14.517 seconds (Warm-up)
Chain 1:                23.193 seconds (Sampling)
Chain 1:                37.71 seconds (Total)
Chain 1: 
Done!
Fitting s13.json, 6/17

SAMPLING FOR MODEL 'anon_model' NOW (CHAIN 1).
Chain 1: 
Chain 1: Gradient evaluation took 0.000236 seconds
Chain 1: 1000 transitions using 10 leapfrog steps per transition would take 2.36 seconds.
Chain 1: Adjust your expectations accordingly!
Chain 1: 
Chain 1: 

SAMPLING FOR MODEL 'anon_model' NOW (CHAIN 2).

SAMPLING FOR MODEL 'anon_model' NOW (CHAIN 3Chain ).
2: 
Chain 2: Gradient evaluation took 0.000222 seconds
Chain 2: 1000 transitions using 10 leapfrog steps per transition would take 2.22 seconds.
Chain 2: Adjust your expectations accordingly!
Chain 2: 
Chain 2: 
Chain 3: 
Chain 3: Gradient evaluation took 0.000225 seconds
Chain 3: 1000 transitions using 10 leapfrog steps per transition would take 2.25 seconds.
Chain 3: Adjust your expectations accordingly!
Chain 3: 
Chain 3: 

SAMPLING FOR MODEL 'anon_model' NOW (CHAIN 4).
Chain 4: 
Chain 4: Gradient evaluation took 0.000218 seconds
Chain 4: 1000 transitions using 10 leapfrog steps per transition would take 2.18 seconds.
Chain 4: Adjust your expectations accordingly!
Chain 4: 
Chain 4: 
Chain 1: Iteration:     1 / 12000 [  0%]  (Warmup)
Chain 2: Iteration:     1 / 12000 [  0%]  (Warmup)
Chain 3: Iteration:     1 / 12000 [  0%]  (Warmup)
Chain 4: Iteration:     1 / 12000 [  0%]  (Warmup)
Chain 3: Iteration:  1200 / 12000 [ 10%]  (Warmup)
Chain 2: Iteration:  1200 / 12000 [ 10%]  (Warmup)
Chain 4: Iteration:  1200 / 12000 [ 10%]  (Warmup)
Chain 1: Iteration:  1200 / 12000 [ 10%]  (Warmup)
Chain 3: Iteration:  2400 / 12000 [ 20%]  (Warmup)
Chain 2: Iteration:  2400 / 12000 [ 20%]  (Warmup)
Chain 4: Iteration:  2400 / 12000 [ 20%]  (Warmup)
Chain 1: Iteration:  2400 / 12000 [ 20%]  (Warmup)
Chain 3: Iteration:  3600 / 12000 [ 30%]  (Warmup)
Chain 2: Iteration:  3600 / 12000 [ 30%]  (Warmup)
Chain 4: Iteration:  3600 / 12000 [ 30%]  (Warmup)
Chain 1: Iteration:  3600 / 12000 [ 30%]  (Warmup)
Chain 3: Iteration:  4800 / 12000 [ 40%]  (Warmup)
Chain 2: Iteration:  4800 / 12000 [ 40%]  (Warmup)
Chain 4: Iteration:  4800 / 12000 [ 40%]  (Warmup)
Chain 1: Iteration:  4800 / 12000 [ 40%]  (Warmup)
Chain 3: Iteration:  6000 / 12000 [ 50%]  (Warmup)
Chain 3: Iteration:  6001 / 12000 [ 50%]  (Sampling)
Chain 2: Iteration:  6000 / 12000 [ 50%]  (Warmup)
Chain 2: Iteration:  6001 / 12000 [ 50%]  (Sampling)
Chain 4: Iteration:  6000 / 12000 [ 50%]  (Warmup)
Chain 4: Iteration:  6001 / 12000 [ 50%]  (Sampling)
Chain 1: Iteration:  6000 / 12000 [ 50%]  (Warmup)
Chain 1: Iteration:  6001 / 12000 [ 50%]  (Sampling)
Chain 3: Iteration:  7200 / 12000 [ 60%]  (Sampling)
Chain 1: Iteration:  7200 / 12000 [ 60%]  (Sampling)
Chain 4: Iteration:  7200 / 12000 [ 60%]  (Sampling)
Chain 2: Iteration:  7200 / 12000 [ 60%]  (Sampling)
Chain 3: Iteration:  8400 / 12000 [ 70%]  (Sampling)
Chain 1: Iteration:  8400 / 12000 [ 70%]  (Sampling)
Chain 3: Iteration:  9600 / 12000 [ 80%]  (Sampling)
Chain 4: Iteration:  8400 / 12000 [ 70%]  (Sampling)
Chain 1: Iteration:  9600 / 12000 [ 80%]  (Sampling)
Chain 2: Iteration:  8400 / 12000 [ 70%]  (Sampling)
Chain 3: Iteration: 10800 / 12000 [ 90%]  (Sampling)
Chain 1: Iteration: 10800 / 12000 [ 90%]  (Sampling)
Chain 4: Iteration:  9600 / 12000 [ 80%]  (Sampling)
Chain 3: Iteration: 12000 / 12000 [100%]  (Sampling)
Chain 3: 
Chain 3:  Elapsed Time: 13.349 seconds (Warm-up)
Chain 3:                12.937 seconds (Sampling)
Chain 3:                26.286 seconds (Total)
Chain 3: 
Chain 2: Iteration:  9600 / 12000 [ 80%]  (Sampling)
Chain 1: Iteration: 12000 / 12000 [100%]  (Sampling)
Chain 1: 
Chain 1:  Elapsed Time: 14.688 seconds (Warm-up)
Chain 1:                13.623 seconds (Sampling)
Chain 1:                28.311 seconds (Total)
Chain 1: 
Chain 4: Iteration: 10800 / 12000 [ 90%]  (Sampling)
Chain 2: Iteration: 10800 / 12000 [ 90%]  (Sampling)
Chain 4: Iteration: 12000 / 12000 [100%]  (Sampling)
Chain 4: 
Chain 4:  Elapsed Time: 14.137 seconds (Warm-up)
Chain 4:                19.464 seconds (Sampling)
Chain 4:                33.601 seconds (Total)
Chain 4: 
Chain 2: Iteration: 12000 / 12000 [100%]  (Sampling)
Chain 2: 
Chain 2:  Elapsed Time: 13.789 seconds (Warm-up)
Chain 2:                22.63 seconds (Sampling)
Chain 2:                36.419 seconds (Total)
Chain 2: 
Done!
Fitting s14.json, 7/17

SAMPLING FOR MODEL 'anon_model' NOW (CHAIN 1).
Chain 1: 
Chain 1: Gradient evaluation took 0.000239 seconds
Chain 1: 1000 transitions using 10 leapfrog steps per transition would take 2.39 seconds.
Chain 1: Adjust your expectations accordingly!
Chain 1: 
Chain 1: 

SAMPLING FOR MODEL 'anon_model' NOW (CHAIN 2).
Chain 2: 
Chain 2: Gradient evaluation took 0.00024 seconds
Chain 2: 1000 transitions using 10 leapfrog steps per transition would take 2.4 seconds.
Chain 2: Adjust your expectations accordingly!
Chain 2: 
Chain 2: 

SAMPLING FOR MODEL 'anon_model' NOW (CHAIN 3).
Chain 1: Iteration:     1 / 12000 [  0%]  (Warmup)
Chain 3: 
Chain 3: Gradient evaluation took 0.000228 seconds
Chain 3: 1000 transitions using 10 leapfrog steps per transition would take 2.28 seconds.
Chain 3: Adjust your expectations accordingly!
Chain 3: 
Chain 3: 
Chain 2: Iteration:     1 / 12000 [  0%]  (Warmup)

SAMPLING FOR MODEL 'anon_model' NOW (CHAIN 4).
Chain 4: 
Chain 4: Gradient evaluation took 0.00023 seconds
Chain 4: 1000 transitions using 10 leapfrog steps per transition would take 2.3 seconds.
Chain 4: Adjust your expectations accordingly!
Chain 4: 
Chain 4: 
Chain 3: Iteration:     1 / 12000 [  0%]  (Warmup)
Chain 4: Iteration:     1 / 12000 [  0%]  (Warmup)
Chain 2: Iteration:  1200 / 12000 [ 10%]  (Warmup)
Chain 4: Iteration:  1200 / 12000 [ 10%]  (Warmup)
Chain 1: Iteration:  1200 / 12000 [ 10%]  (Warmup)
Chain 3: Iteration:  1200 / 12000 [ 10%]  (Warmup)
Chain 2: Iteration:  2400 / 12000 [ 20%]  (Warmup)
Chain 1: Iteration:  2400 / 12000 [ 20%]  (Warmup)
Chain 4: Iteration:  2400 / 12000 [ 20%]  (Warmup)
Chain 3: Iteration:  2400 / 12000 [ 20%]  (Warmup)
Chain 2: Iteration:  3600 / 12000 [ 30%]  (Warmup)
Chain 1: Iteration:  3600 / 12000 [ 30%]  (Warmup)
Chain 4: Iteration:  3600 / 12000 [ 30%]  (Warmup)
Chain 3: Iteration:  3600 / 12000 [ 30%]  (Warmup)
Chain 2: Iteration:  4800 / 12000 [ 40%]  (Warmup)
Chain 4: Iteration:  4800 / 12000 [ 40%]  (Warmup)
Chain 1: Iteration:  4800 / 12000 [ 40%]  (Warmup)
Chain 3: Iteration:  4800 / 12000 [ 40%]  (Warmup)
Chain 2: Iteration:  6000 / 12000 [ 50%]  (Warmup)
Chain 2: Iteration:  6001 / 12000 [ 50%]  (Sampling)
Chain 1: Iteration:  6000 / 12000 [ 50%]  (Warmup)
Chain 1: Iteration:  6001 / 12000 [ 50%]  (Sampling)
Chain 4: Iteration:  6000 / 12000 [ 50%]  (Warmup)
Chain 4: Iteration:  6001 / 12000 [ 50%]  (Sampling)
Chain 3: Iteration:  6000 / 12000 [ 50%]  (Warmup)
Chain 3: Iteration:  6001 / 12000 [ 50%]  (Sampling)
Chain 1: Iteration:  7200 / 12000 [ 60%]  (Sampling)
Chain 2: Iteration:  7200 / 12000 [ 60%]  (Sampling)
Chain 1: Iteration:  8400 / 12000 [ 70%]  (Sampling)
Chain 4: Iteration:  7200 / 12000 [ 60%]  (Sampling)
Chain 3: Iteration:  7200 / 12000 [ 60%]  (Sampling)
Chain 2: Iteration:  8400 / 12000 [ 70%]  (Sampling)
Chain 1: Iteration:  9600 / 12000 [ 80%]  (Sampling)
Chain 2: Iteration:  9600 / 12000 [ 80%]  (Sampling)
Chain 4: Iteration:  8400 / 12000 [ 70%]  (Sampling)
Chain 3: Iteration:  8400 / 12000 [ 70%]  (Sampling)
Chain 1: Iteration: 10800 / 12000 [ 90%]  (Sampling)
Chain 2: Iteration: 10800 / 12000 [ 90%]  (Sampling)
Chain 1: Iteration: 12000 / 12000 [100%]  (Sampling)
Chain 1: 
Chain 1:  Elapsed Time: 14.402 seconds (Warm-up)
Chain 1:                11.936 seconds (Sampling)
Chain 1:                26.338 seconds (Total)
Chain 1: 
Chain 3: Iteration:  9600 / 12000 [ 80%]  (Sampling)
Chain 2: Iteration: 12000 / 12000 [100%]  (Sampling)
Chain 2: 
Chain 2:  Elapsed Time: 14.207 seconds (Warm-up)
Chain 2:                14.286 seconds (Sampling)
Chain 2:                28.493 seconds (Total)
Chain 2: 
Chain 4: Iteration:  9600 / 12000 [ 80%]  (Sampling)
Chain 3: Iteration: 10800 / 12000 [ 90%]  (Sampling)
Chain 4: Iteration: 10800 / 12000 [ 90%]  (Sampling)
Chain 3: Iteration: 12000 / 12000 [100%]  (Sampling)
Chain 3: 
Chain 3:  Elapsed Time: 14.918 seconds (Warm-up)
Chain 3:                22.185 seconds (Sampling)
Chain 3:                37.103 seconds (Total)
Chain 3: 
Chain 4: Iteration: 12000 / 12000 [100%]  (Sampling)
Chain 4: 
Chain 4:  Elapsed Time: 14.523 seconds (Warm-up)
Chain 4:                23.219 seconds (Sampling)
Chain 4:                37.742 seconds (Total)
Chain 4: 
Done!
Fitting s15.json, 8/17

SAMPLING FOR MODEL 'anon_model' NOW (CHAIN 1).
Chain 1: 
Chain 1: Gradient evaluation took 0.000239 seconds
Chain 1: 1000 transitions using 10 leapfrog steps per transition would take 2.39 seconds.
Chain 1: Adjust your expectations accordingly!
Chain 1: 
Chain 1: 

SAMPLING FOR MODEL 'anon_model' NOW (CHAIN 2).

SAMPLING FOR MODEL 'anon_model' NOW (CHAIN 3).
Chain 2: 
Chain 2: Gradient evaluation took 0.000218 seconds
Chain 2: 1000 transitions using 10 leapfrog steps per transition would take 2.18 seconds.
Chain 2: Adjust your expectations accordingly!
Chain 2: 
Chain 2: 
Chain 3: 
Chain 3: Gradient evaluation took 0.000221 seconds
Chain 3: 1000 transitions using 10 leapfrog steps per transition would take 2.21 seconds.
Chain 3: Adjust your expectations accordingly!
Chain 3: 
Chain 3: 
Chain 1: Iteration:     1 / 12000 [  0%]  (Warmup)

SAMPLING FOR MODEL 'anon_model' NOW (CHAIN 4).
Chain 4: 
Chain 4: Gradient evaluation took 0.000223 seconds
Chain 4: 1000 transitions using 10 leapfrog steps per transition would take 2.23 seconds.
Chain 4: Adjust your expectations accordingly!
Chain 4: 
Chain 4: 
Chain 2: Iteration:     1 / 12000 [  0%]  (Warmup)
Chain 3: Iteration:     1 / 12000 [  0%]  (Warmup)
Chain 4: Iteration:     1 / 12000 [  0%]  (Warmup)
Chain 3: Iteration:  1200 / 12000 [ 10%]  (Warmup)
Chain 2: Iteration:  1200 / 12000 [ 10%]  (Warmup)
Chain 4: Iteration:  1200 / 12000 [ 10%]  (Warmup)
Chain 1: Iteration:  1200 / 12000 [ 10%]  (Warmup)
Chain 3: Iteration:  2400 / 12000 [ 20%]  (Warmup)
Chain 2: Iteration:  2400 / 12000 [ 20%]  (Warmup)
Chain 4: Iteration:  2400 / 12000 [ 20%]  (Warmup)
Chain 1: Iteration:  2400 / 12000 [ 20%]  (Warmup)
Chain 4: Iteration:  3600 / 12000 [ 30%]  (Warmup)
Chain 3: Iteration:  3600 / 12000 [ 30%]  (Warmup)
Chain 2: Iteration:  3600 / 12000 [ 30%]  (Warmup)
Chain 1: Iteration:  3600 / 12000 [ 30%]  (Warmup)
Chain 4: Iteration:  4800 / 12000 [ 40%]  (Warmup)
Chain 3: Iteration:  4800 / 12000 [ 40%]  (Warmup)
Chain 2: Iteration:  4800 / 12000 [ 40%]  (Warmup)
Chain 1: Iteration:  4800 / 12000 [ 40%]  (Warmup)
Chain 4: Iteration:  6000 / 12000 [ 50%]  (Warmup)
Chain 4: Iteration:  6001 / 12000 [ 50%]  (Sampling)
Chain 2: Iteration:  6000 / 12000 [ 50%]  (Warmup)
Chain 2: Iteration:  6001 / 12000 [ 50%]  (Sampling)
Chain 3: Iteration:  6000 / 12000 [ 50%]  (Warmup)
Chain 3: Iteration:  6001 / 12000 [ 50%]  (Sampling)
Chain 1: Iteration:  6000 / 12000 [ 50%]  (Warmup)
Chain 1: Iteration:  6001 / 12000 [ 50%]  (Sampling)
Chain 4: Iteration:  7200 / 12000 [ 60%]  (Sampling)
Chain 2: Iteration:  7200 / 12000 [ 60%]  (Sampling)
Chain 3: Iteration:  7200 / 12000 [ 60%]  (Sampling)
Chain 1: Iteration:  7200 / 12000 [ 60%]  (Sampling)
Chain 4: Iteration:  8400 / 12000 [ 70%]  (Sampling)
Chain 2: Iteration:  8400 / 12000 [ 70%]  (Sampling)
Chain 3: Iteration:  8400 / 12000 [ 70%]  (Sampling)
Chain 1: Iteration:  8400 / 12000 [ 70%]  (Sampling)
Chain 4: Iteration:  9600 / 12000 [ 80%]  (Sampling)
Chain 2: Iteration:  9600 / 12000 [ 80%]  (Sampling)
Chain 3: Iteration:  9600 / 12000 [ 80%]  (Sampling)
Chain 1: Iteration:  9600 / 12000 [ 80%]  (Sampling)
Chain 4: Iteration: 10800 / 12000 [ 90%]  (Sampling)
Chain 2: Iteration: 10800 / 12000 [ 90%]  (Sampling)
Chain 3: Iteration: 10800 / 12000 [ 90%]  (Sampling)
Chain 1: Iteration: 10800 / 12000 [ 90%]  (Sampling)
Chain 4: Iteration: 12000 / 12000 [100%]  (Sampling)
Chain 4: 
Chain 4:  Elapsed Time: 18.309 seconds (Warm-up)
Chain 4:                26.486 seconds (Sampling)
Chain 4:                44.795 seconds (Total)
Chain 4: 
Chain 2: Iteration: 12000 / 12000 [100%]  (Sampling)
Chain 2: 
Chain 2:  Elapsed Time: 18.747 seconds (Warm-up)
Chain 2:                28.107 seconds (Sampling)
Chain 2:                46.854 seconds (Total)
Chain 2: 
Chain 3: Iteration: 12000 / 12000 [100%]  (Sampling)
Chain 3: 
Chain 3:  Elapsed Time: 18.837 seconds (Warm-up)
Chain 3:                29.958 seconds (Sampling)
Chain 3:                48.795 seconds (Total)
Chain 3: 
Chain 1: Iteration: 12000 / 12000 [100%]  (Sampling)
Chain 1: 
Chain 1:  Elapsed Time: 20.806 seconds (Warm-up)
Chain 1:                28.63 seconds (Sampling)
Chain 1:                49.436 seconds (Total)
Chain 1: 
Done!
Fitting s16.json, 9/17

SAMPLING FOR MODEL 'anon_model' NOW (CHAIN 1).

SAMPLING FOR MODEL 'anon_model' NOW (CHAIN 2).
Chain 1: 
Chain 1: Gradient evaluation took 0.000241 seconds
Chain 1: 1000 transitions using 10 leapfrog steps per transition would take 2.41 seconds.
Chain 1: Adjust your expectations accordingly!
Chain 1: 
Chain 1: 
Chain 2: 
Chain 2: Gradient evaluation took 0.000219 seconds
Chain 2: 1000 transitions using 10 leapfrog steps per transition would take 2.19 seconds.
Chain 2: Adjust your expectations accordingly!
Chain 2: 
Chain 2: 

SAMPLING FOR MODEL 'anon_model' NOW (CHAIN 3).
Chain 1: Iteration:     1 / 12000 [  0%]  (Warmup)
Chain 2: Iteration:     1 / 12000 [  0%]  (Warmup)
Chain 3: 
Chain 3: Gradient evaluation took 0.000224 seconds
Chain 3: 1000 transitions using 10 leapfrog steps per transition would take 2.24 seconds.
Chain 3: Adjust your expectations accordingly!
Chain 3: 
Chain 3: 

SAMPLING FOR MODEL 'anon_model' NOW (CHAIN 4).
Chain 4: 
Chain 4: Gradient evaluation took 0.000221 seconds
Chain 4: 1000 transitions using 10 leapfrog steps per transition would take 2.21 seconds.
Chain 4: Adjust your expectations accordingly!
Chain 4: 
Chain 4: 
Chain 3: Iteration:     1 / 12000 [  0%]  (Warmup)
Chain 4: Iteration:     1 / 12000 [  0%]  (Warmup)
Chain 3: Iteration:  1200 / 12000 [ 10%]  (Warmup)
Chain 2: Iteration:  1200 / 12000 [ 10%]  (Warmup)
Chain 1: Iteration:  1200 / 12000 [ 10%]  (Warmup)
Chain 4: Iteration:  1200 / 12000 [ 10%]  (Warmup)
Chain 3: Iteration:  2400 / 12000 [ 20%]  (Warmup)
Chain 2: Iteration:  2400 / 12000 [ 20%]  (Warmup)
Chain 1: Iteration:  2400 / 12000 [ 20%]  (Warmup)
Chain 4: Iteration:  2400 / 12000 [ 20%]  (Warmup)
Chain 3: Iteration:  3600 / 12000 [ 30%]  (Warmup)
Chain 2: Iteration:  3600 / 12000 [ 30%]  (Warmup)
Chain 1: Iteration:  3600 / 12000 [ 30%]  (Warmup)
Chain 4: Iteration:  3600 / 12000 [ 30%]  (Warmup)
Chain 3: Iteration:  4800 / 12000 [ 40%]  (Warmup)
Chain 2: Iteration:  4800 / 12000 [ 40%]  (Warmup)
Chain 1: Iteration:  4800 / 12000 [ 40%]  (Warmup)
Chain 4: Iteration:  4800 / 12000 [ 40%]  (Warmup)
Chain 3: Iteration:  6000 / 12000 [ 50%]  (Warmup)
Chain 3: Iteration:  6001 / 12000 [ 50%]  (Sampling)
Chain 2: Iteration:  6000 / 12000 [ 50%]  (Warmup)
Chain 2: Iteration:  6001 / 12000 [ 50%]  (Sampling)
Chain 4: Iteration:  6000 / 12000 [ 50%]  (Warmup)
Chain 4: Iteration:  6001 / 12000 [ 50%]  (Sampling)
Chain 1: Iteration:  6000 / 12000 [ 50%]  (Warmup)
Chain 1: Iteration:  6001 / 12000 [ 50%]  (Sampling)
Chain 4: Iteration:  7200 / 12000 [ 60%]  (Sampling)
Chain 3: Iteration:  7200 / 12000 [ 60%]  (Sampling)
Chain 4: Iteration:  8400 / 12000 [ 70%]  (Sampling)
Chain 2: Iteration:  7200 / 12000 [ 60%]  (Sampling)
Chain 1: Iteration:  7200 / 12000 [ 60%]  (Sampling)
Chain 4: Iteration:  9600 / 12000 [ 80%]  (Sampling)
Chain 4: Iteration: 10800 / 12000 [ 90%]  (Sampling)
Chain 3: Iteration:  8400 / 12000 [ 70%]  (Sampling)
Chain 1: Iteration:  8400 / 12000 [ 70%]  (Sampling)
Chain 2: Iteration:  8400 / 12000 [ 70%]  (Sampling)
Chain 4: Iteration: 12000 / 12000 [100%]  (Sampling)
Chain 4: 
Chain 4:  Elapsed Time: 20.49 seconds (Warm-up)
Chain 4:                14.61 seconds (Sampling)
Chain 4:                35.1 seconds (Total)
Chain 4: 
Chain 1: Iteration:  9600 / 12000 [ 80%]  (Sampling)
Chain 3: Iteration:  9600 / 12000 [ 80%]  (Sampling)
Chain 2: Iteration:  9600 / 12000 [ 80%]  (Sampling)
Chain 1: Iteration: 10800 / 12000 [ 90%]  (Sampling)
Chain 3: Iteration: 10800 / 12000 [ 90%]  (Sampling)
Chain 2: Iteration: 10800 / 12000 [ 90%]  (Sampling)
Chain 1: Iteration: 12000 / 12000 [100%]  (Sampling)
Chain 1: 
Chain 1:  Elapsed Time: 20.563 seconds (Warm-up)
Chain 1:                31.109 seconds (Sampling)
Chain 1:                51.672 seconds (Total)
Chain 1: 
Chain 3: Iteration: 12000 / 12000 [100%]  (Sampling)
Chain 3: 
Chain 3:  Elapsed Time: 19.579 seconds (Warm-up)
Chain 3:                32.317 seconds (Sampling)
Chain 3:                51.896 seconds (Total)
Chain 3: 
Chain 2: Iteration: 12000 / 12000 [100%]  (Sampling)
Chain 2: 
Chain 2:  Elapsed Time: 19.95 seconds (Warm-up)
Chain 2:                33.205 seconds (Sampling)
Chain 2:                53.155 seconds (Total)
Chain 2: 
Done!
Fitting s2.json, 10/17

SAMPLING FOR MODEL 'anon_model' NOW (CHAIN 1).

SAMPLING FOR MODEL 'anon_model' NOW (CHAIN 2).
Chain 1: 
Chain 1: Gradient evaluation took 0.000241 seconds
Chain 1: 1000 transitions using 10 leapfrog steps per transition would take 2.41 seconds.
Chain 1: Adjust your expectations accordingly!
Chain 1: 
Chain 1: 
Chain 2: 
Chain 2: Gradient evaluation took 0.000229 seconds
Chain 2: 1000 transitions using 10 leapfrog steps per transition would take 2.29 seconds.
Chain 2: Adjust your expectations accordingly!
Chain 2: 
Chain 2: 

SAMPLING FOR MODEL 'anon_model' NOW (CHAIN 3).
Chain 1: Iteration:     1 / 12000 [  0%]  (Warmup)
Chain 3: 
Chain 3: Gradient evaluation took 0.000227 seconds
Chain 3: 1000 transitions using 10 leapfrog steps per transition would take 2.27 seconds.
Chain 3: Adjust your expectations accordingly!
Chain 3: 
Chain 3: 

SAMPLING FOR MODEL 'anon_model' NOW (CHAIN 4).
Chain 2: Iteration:     1 / 12000 [  0%]  (Warmup)
Chain 4: 
Chain 4: Gradient evaluation took 0.000216 seconds
Chain 4: 1000 transitions using 10 leapfrog steps per transition would take 2.16 seconds.
Chain 4: Adjust your expectations accordingly!
Chain 4: 
Chain 4: 
Chain 3: Iteration:     1 / 12000 [  0%]  (Warmup)
Chain 4: Iteration:     1 / 12000 [  0%]  (Warmup)
Chain 4: Iteration:  1200 / 12000 [ 10%]  (Warmup)
Chain 3: Iteration:  1200 / 12000 [ 10%]  (Warmup)
Chain 2: Iteration:  1200 / 12000 [ 10%]  (Warmup)
Chain 1: Iteration:  1200 / 12000 [ 10%]  (Warmup)
Chain 4: Iteration:  2400 / 12000 [ 20%]  (Warmup)
Chain 2: Iteration:  2400 / 12000 [ 20%]  (Warmup)
Chain 3: Iteration:  2400 / 12000 [ 20%]  (Warmup)
Chain 1: Iteration:  2400 / 12000 [ 20%]  (Warmup)
Chain 4: Iteration:  3600 / 12000 [ 30%]  (Warmup)
Chain 2: Iteration:  3600 / 12000 [ 30%]  (Warmup)
Chain 3: Iteration:  3600 / 12000 [ 30%]  (Warmup)
Chain 1: Iteration:  3600 / 12000 [ 30%]  (Warmup)
Chain 4: Iteration:  4800 / 12000 [ 40%]  (Warmup)
Chain 2: Iteration:  4800 / 12000 [ 40%]  (Warmup)
Chain 3: Iteration:  4800 / 12000 [ 40%]  (Warmup)
Chain 1: Iteration:  4800 / 12000 [ 40%]  (Warmup)
Chain 4: Iteration:  6000 / 12000 [ 50%]  (Warmup)
Chain 4: Iteration:  6001 / 12000 [ 50%]  (Sampling)
Chain 2: Iteration:  6000 / 12000 [ 50%]  (Warmup)
Chain 2: Iteration:  6001 / 12000 [ 50%]  (Sampling)
Chain 3: Iteration:  6000 / 12000 [ 50%]  (Warmup)
Chain 3: Iteration:  6001 / 12000 [ 50%]  (Sampling)
Chain 1: Iteration:  6000 / 12000 [ 50%]  (Warmup)
Chain 1: Iteration:  6001 / 12000 [ 50%]  (Sampling)
Chain 4: Iteration:  7200 / 12000 [ 60%]  (Sampling)
Chain 2: Iteration:  7200 / 12000 [ 60%]  (Sampling)
Chain 1: Iteration:  7200 / 12000 [ 60%]  (Sampling)
Chain 4: Iteration:  8400 / 12000 [ 70%]  (Sampling)
Chain 3: Iteration:  7200 / 12000 [ 60%]  (Sampling)
Chain 1: Iteration:  8400 / 12000 [ 70%]  (Sampling)
Chain 2: Iteration:  8400 / 12000 [ 70%]  (Sampling)
Chain 4: Iteration:  9600 / 12000 [ 80%]  (Sampling)
Chain 1: Iteration:  9600 / 12000 [ 80%]  (Sampling)
Chain 2: Iteration:  9600 / 12000 [ 80%]  (Sampling)
Chain 4: Iteration: 10800 / 12000 [ 90%]  (Sampling)
Chain 3: Iteration:  8400 / 12000 [ 70%]  (Sampling)
Chain 1: Iteration: 10800 / 12000 [ 90%]  (Sampling)
Chain 2: Iteration: 10800 / 12000 [ 90%]  (Sampling)
Chain 4: Iteration: 12000 / 12000 [100%]  (Sampling)
Chain 4: 
Chain 4:  Elapsed Time: 16.339 seconds (Warm-up)
Chain 4:                14.597 seconds (Sampling)
Chain 4:                30.936 seconds (Total)
Chain 4: 
Chain 1: Iteration: 12000 / 12000 [100%]  (Sampling)
Chain 1: 
Chain 1:  Elapsed Time: 17.851 seconds (Warm-up)
Chain 1:                13.417 seconds (Sampling)
Chain 1:                31.268 seconds (Total)
Chain 1: 
Chain 3: Iteration:  9600 / 12000 [ 80%]  (Sampling)
Chain 2: Iteration: 12000 / 12000 [100%]  (Sampling)
Chain 2: 
Chain 2:  Elapsed Time: 17.108 seconds (Warm-up)
Chain 2:                16.399 seconds (Sampling)
Chain 2:                33.507 seconds (Total)
Chain 2: 
Chain 3: Iteration: 10800 / 12000 [ 90%]  (Sampling)
Chain 3: Iteration: 12000 / 12000 [100%]  (Sampling)
Chain 3: 
Chain 3:  Elapsed Time: 17.33 seconds (Warm-up)
Chain 3:                26.36 seconds (Sampling)
Chain 3:                43.69 seconds (Total)
Chain 3: 
Done!
Fitting s3.json, 11/17

SAMPLING FOR MODEL 'anon_model' NOW (CHAIN 1).
Chain 1: 
Chain 1: Gradient evaluation took 0.00025 seconds
Chain 1: 1000 transitions using 10 leapfrog steps per transition would take 2.5 seconds.
Chain 1: Adjust your expectations accordingly!
Chain 1: 
Chain 1: 

SAMPLING FOR MODEL 'anon_model' NOW (CHAIN 2).

SAMPLING FOR MODEL 'anon_model' NOW (CHAIN 3).
Chain 2: 
Chain 2: Gradient evaluation took 0.000228 seconds
Chain 2: 1000 transitions using 10 leapfrog steps per transition would take 2.28 seconds.
Chain 2: Adjust your expectations accordingly!
Chain 2: 
Chain 2: 
Chain 1: Iteration:     1 / 12000 [  0%]  (Warmup)
Chain 3: 
Chain 3: Gradient evaluation took 0.000231 seconds
Chain 3: 1000 transitions using 10 leapfrog steps per transition would take 2.31 seconds.
Chain 3: Adjust your expectations accordingly!
Chain 3: 
Chain 3: 
Chain 2: Iteration:     1 / 12000 [  0%]  (Warmup)

SAMPLING FOR MODEL 'anon_model' NOW (CHAIN 4).
Chain 3: Iteration:     1 / 12000 [  0%]  (Warmup)
Chain 4: 
Chain 4: Gradient evaluation took 0.00022 seconds
Chain 4: 1000 transitions using 10 leapfrog steps per transition would take 2.2 seconds.
Chain 4: Adjust your expectations accordingly!
Chain 4: 
Chain 4: 
Chain 4: Iteration:     1 / 12000 [  0%]  (Warmup)
Chain 4: Iteration:  1200 / 12000 [ 10%]  (Warmup)
Chain 2: Iteration:  1200 / 12000 [ 10%]  (Warmup)
Chain 1: Iteration:  1200 / 12000 [ 10%]  (Warmup)
Chain 3: Iteration:  1200 / 12000 [ 10%]  (Warmup)
Chain 4: Iteration:  2400 / 12000 [ 20%]  (Warmup)
Chain 2: Iteration:  2400 / 12000 [ 20%]  (Warmup)
Chain 1: Iteration:  2400 / 12000 [ 20%]  (Warmup)
Chain 3: Iteration:  2400 / 12000 [ 20%]  (Warmup)
Chain 4: Iteration:  3600 / 12000 [ 30%]  (Warmup)
Chain 2: Iteration:  3600 / 12000 [ 30%]  (Warmup)
Chain 1: Iteration:  3600 / 12000 [ 30%]  (Warmup)
Chain 3: Iteration:  3600 / 12000 [ 30%]  (Warmup)
Chain 4: Iteration:  4800 / 12000 [ 40%]  (Warmup)
Chain 2: Iteration:  4800 / 12000 [ 40%]  (Warmup)
Chain 1: Iteration:  4800 / 12000 [ 40%]  (Warmup)
Chain 3: Iteration:  4800 / 12000 [ 40%]  (Warmup)
Chain 4: Iteration:  6000 / 12000 [ 50%]  (Warmup)
Chain 4: Iteration:  6001 / 12000 [ 50%]  (Sampling)
Chain 2: Iteration:  6000 / 12000 [ 50%]  (Warmup)
Chain 2: Iteration:  6001 / 12000 [ 50%]  (Sampling)
Chain 1: Iteration:  6000 / 12000 [ 50%]  (Warmup)
Chain 1: Iteration:  6001 / 12000 [ 50%]  (Sampling)
Chain 3: Iteration:  6000 / 12000 [ 50%]  (Warmup)
Chain 3: Iteration:  6001 / 12000 [ 50%]  (Sampling)
Chain 1: Iteration:  7200 / 12000 [ 60%]  (Sampling)
Chain 2: Iteration:  7200 / 12000 [ 60%]  (Sampling)
Chain 4: Iteration:  7200 / 12000 [ 60%]  (Sampling)
Chain 3: Iteration:  7200 / 12000 [ 60%]  (Sampling)
Chain 1: Iteration:  8400 / 12000 [ 70%]  (Sampling)
Chain 2: Iteration:  8400 / 12000 [ 70%]  (Sampling)
Chain 3: Iteration:  8400 / 12000 [ 70%]  (Sampling)
Chain 4: Iteration:  8400 / 12000 [ 70%]  (Sampling)
Chain 1: Iteration:  9600 / 12000 [ 80%]  (Sampling)
Chain 2: Iteration:  9600 / 12000 [ 80%]  (Sampling)
Chain 3: Iteration:  9600 / 12000 [ 80%]  (Sampling)
Chain 1: Iteration: 10800 / 12000 [ 90%]  (Sampling)
Chain 4: Iteration:  9600 / 12000 [ 80%]  (Sampling)
Chain 2: Iteration: 10800 / 12000 [ 90%]  (Sampling)
Chain 3: Iteration: 10800 / 12000 [ 90%]  (Sampling)
Chain 1: Iteration: 12000 / 12000 [100%]  (Sampling)
Chain 1: 
Chain 1:  Elapsed Time: 14.462 seconds (Warm-up)
Chain 1:                11.807 seconds (Sampling)
Chain 1:                26.269 seconds (Total)
Chain 1: 
Chain 2: Iteration: 12000 / 12000 [100%]  (Sampling)
Chain 2: 
Chain 2:  Elapsed Time: 14.414 seconds (Warm-up)
Chain 2:                12.667 seconds (Sampling)
Chain 2:                27.081 seconds (Total)
Chain 2: 
Chain 3: Iteration: 12000 / 12000 [100%]  (Sampling)
Chain 3: 
Chain 3:  Elapsed Time: 14.93 seconds (Warm-up)
Chain 3:                12.288 seconds (Sampling)
Chain 3:                27.218 seconds (Total)
Chain 3: 
Chain 4: Iteration: 10800 / 12000 [ 90%]  (Sampling)
Chain 4: Iteration: 12000 / 12000 [100%]  (Sampling)
Chain 4: 
Chain 4:  Elapsed Time: 13.733 seconds (Warm-up)
Chain 4:                17.524 seconds (Sampling)
Chain 4:                31.257 seconds (Total)
Chain 4: 
Done!
Fitting s4.json, 12/17

SAMPLING FOR MODEL 'anon_model' NOW (CHAIN 1).

SAMPLING FOR MODEL 'anon_model' NOW (CHAIN 2).
Chain 1: 
Chain 1: Gradient evaluation took 0.000315 seconds
Chain 1: 1000 transitions using 10 leapfrog steps per transition would take 3.15 seconds.
Chain 1: Adjust your expectations accordingly!
Chain 1: 
Chain 1: 
Chain 2: 
Chain 2: Gradient evaluation took 0.000305 seconds
Chain 2: 1000 transitions using 10 leapfrog steps per transition would take 3.05 seconds.
Chain 2: Adjust your expectations accordingly!
Chain 2: 
Chain 2: 

SAMPLING FOR MODEL 'anon_model' NOW (CHAIN 3).
Chain 1: Iteration:     1 / 12000 [  0%]  (Warmup)
Chain 2: Iteration:     1 / 12000 [  0%]  (Warmup)
Chain 3: 
Chain 3: Gradient evaluation took 0.00024 seconds
Chain 3: 1000 transitions using 10 leapfrog steps per transition would take 2.4 seconds.
Chain 3: Adjust your expectations accordingly!
Chain 3: 
Chain 3: 

SAMPLING FOR MODEL 'anon_model' NOW (CHAIN 4).
Chain 4: 
Chain 4: Gradient evaluation took 0.000241 seconds
Chain 4: 1000 transitions using 10 leapfrog steps per transition would take 2.41 seconds.
Chain 4: Adjust your expectations accordingly!
Chain 4: 
Chain 4: 
Chain 3: Iteration:     1 / 12000 [  0%]  (Warmup)
Chain 4: Iteration:     1 / 12000 [  0%]  (Warmup)
Chain 3: Iteration:  1200 / 12000 [ 10%]  (Warmup)
Chain 4: Iteration:  1200 / 12000 [ 10%]  (Warmup)
Chain 2: Iteration:  1200 / 12000 [ 10%]  (Warmup)
Chain 1: Iteration:  1200 / 12000 [ 10%]  (Warmup)
Chain 4: Iteration:  2400 / 12000 [ 20%]  (Warmup)
Chain 2: Iteration:  2400 / 12000 [ 20%]  (Warmup)
Chain 3: Iteration:  2400 / 12000 [ 20%]  (Warmup)
Chain 1: Iteration:  2400 / 12000 [ 20%]  (Warmup)
Chain 4: Iteration:  3600 / 12000 [ 30%]  (Warmup)
Chain 3: Iteration:  3600 / 12000 [ 30%]  (Warmup)
Chain 2: Iteration:  3600 / 12000 [ 30%]  (Warmup)
Chain 1: Iteration:  3600 / 12000 [ 30%]  (Warmup)
Chain 3: Iteration:  4800 / 12000 [ 40%]  (Warmup)
Chain 4: Iteration:  4800 / 12000 [ 40%]  (Warmup)
Chain 2: Iteration:  4800 / 12000 [ 40%]  (Warmup)
Chain 1: Iteration:  4800 / 12000 [ 40%]  (Warmup)
Chain 4: Iteration:  6000 / 12000 [ 50%]  (Warmup)
Chain 4: Iteration:  6001 / 12000 [ 50%]  (Sampling)
Chain 3: Iteration:  6000 / 12000 [ 50%]  (Warmup)
Chain 3: Iteration:  6001 / 12000 [ 50%]  (Sampling)
Chain 2: Iteration:  6000 / 12000 [ 50%]  (Warmup)
Chain 2: Iteration:  6001 / 12000 [ 50%]  (Sampling)
Chain 1: Iteration:  6000 / 12000 [ 50%]  (Warmup)
Chain 1: Iteration:  6001 / 12000 [ 50%]  (Sampling)
Chain 4: Iteration:  7200 / 12000 [ 60%]  (Sampling)
Chain 3: Iteration:  7200 / 12000 [ 60%]  (Sampling)
Chain 2: Iteration:  7200 / 12000 [ 60%]  (Sampling)
Chain 4: Iteration:  8400 / 12000 [ 70%]  (Sampling)
Chain 3: Iteration:  8400 / 12000 [ 70%]  (Sampling)
Chain 2: Iteration:  8400 / 12000 [ 70%]  (Sampling)
Chain 1: Iteration:  7200 / 12000 [ 60%]  (Sampling)
Chain 4: Iteration:  9600 / 12000 [ 80%]  (Sampling)
Chain 3: Iteration:  9600 / 12000 [ 80%]  (Sampling)
Chain 2: Iteration:  9600 / 12000 [ 80%]  (Sampling)
Chain 4: Iteration: 10800 / 12000 [ 90%]  (Sampling)
Chain 3: Iteration: 10800 / 12000 [ 90%]  (Sampling)
Chain 1: Iteration:  8400 / 12000 [ 70%]  (Sampling)
Chain 2: Iteration: 10800 / 12000 [ 90%]  (Sampling)
Chain 4: Iteration: 12000 / 12000 [100%]  (Sampling)
Chain 4: 
Chain 4:  Elapsed Time: 13.922 seconds (Warm-up)
Chain 4:                11.302 seconds (Sampling)
Chain 4:                25.224 seconds (Total)
Chain 4: 
Chain 3: Iteration: 12000 / 12000 [100%]  (Sampling)
Chain 3: 
Chain 3:  Elapsed Time: 13.938 seconds (Warm-up)
Chain 3:                11.823 seconds (Sampling)
Chain 3:                25.761 seconds (Total)
Chain 3: 
Chain 2: Iteration: 12000 / 12000 [100%]  (Sampling)
Chain 2: 
Chain 2:  Elapsed Time: 13.973 seconds (Warm-up)
Chain 2:                11.923 seconds (Sampling)
Chain 2:                25.896 seconds (Total)
Chain 2: 
Chain 1: Iteration:  9600 / 12000 [ 80%]  (Sampling)
Chain 1: Iteration: 10800 / 12000 [ 90%]  (Sampling)
Chain 1: Iteration: 12000 / 12000 [100%]  (Sampling)
Chain 1: 
Chain 1:  Elapsed Time: 14.323 seconds (Warm-up)
Chain 1:                22.484 seconds (Sampling)
Chain 1:                36.807 seconds (Total)
Chain 1: 
Done!
Fitting s5.json, 13/17

SAMPLING FOR MODEL 'anon_model' NOW (CHAIN 1).
Chain 1: 
Chain 1: Gradient evaluation took 0.000236 seconds
Chain 1: 1000 transitions using 10 leapfrog steps per transition would take 2.36 seconds.
Chain 1: Adjust your expectations accordingly!
Chain 1: 
Chain 1: 

SAMPLING FOR MODEL 'anon_model' NOW (CHAIN 2).
Chain 2: 
Chain 2: Gradient evaluation took 0.000237 seconds
Chain 2: 1000 transitions using 10 leapfrog steps per transition would take 2.37 seconds.
Chain 2: Adjust your expectations accordingly!
Chain 
SAMPLING FOR MODEL 'anon_model' NOW (CHAIN 3).
2: 
Chain 2: 
Chain 3: 
Chain 3: Gradient evaluation took 0.000233 seconds
Chain Chain 13: : 1000 transitions using 10 leapfrog steps per transition would take 2.33 seconds.
Chain 3: Adjust your expectations accordingly!
Iteration:     1 / 12000 [  0%]  (Warmup)Chain 
3: 
Chain 3: 
Chain 2: Iteration:     1 / 12000 [  0%]  (Warmup)

SAMPLING FOR MODEL 'anon_model' NOW (CHAIN 4).
Chain 3: Iteration:     1 / 12000 [  0%]  (Warmup)
Chain 4: 
Chain 4: Gradient evaluation took 0.000222 seconds
Chain 4: 1000 transitions using 10 leapfrog steps per transition would take 2.22 seconds.
Chain 4: Adjust your expectations accordingly!
Chain 4: 
Chain 4: 
Chain 4: Iteration:     1 / 12000 [  0%]  (Warmup)
Chain 1: Iteration:  1200 / 12000 [ 10%]  (Warmup)
Chain 2: Iteration:  1200 / 12000 [ 10%]  (Warmup)
Chain 3: Iteration:  1200 / 12000 [ 10%]  (Warmup)
Chain 4: Iteration:  1200 / 12000 [ 10%]  (Warmup)
Chain 1: Iteration:  2400 / 12000 [ 20%]  (Warmup)
Chain 2: Iteration:  2400 / 12000 [ 20%]  (Warmup)
Chain 3: Iteration:  2400 / 12000 [ 20%]  (Warmup)
Chain 4: Iteration:  2400 / 12000 [ 20%]  (Warmup)
Chain 2: Iteration:  3600 / 12000 [ 30%]  (Warmup)
Chain 1: Iteration:  3600 / 12000 [ 30%]  (Warmup)
Chain 3: Iteration:  3600 / 12000 [ 30%]  (Warmup)
Chain 4: Iteration:  3600 / 12000 [ 30%]  (Warmup)
Chain 2: Iteration:  4800 / 12000 [ 40%]  (Warmup)
Chain 1: Iteration:  4800 / 12000 [ 40%]  (Warmup)
Chain 3: Iteration:  4800 / 12000 [ 40%]  (Warmup)
Chain 4: Iteration:  4800 / 12000 [ 40%]  (Warmup)
Chain 2: Iteration:  6000 / 12000 [ 50%]  (Warmup)
Chain 2: Iteration:  6001 / 12000 [ 50%]  (Sampling)
Chain 1: Iteration:  6000 / 12000 [ 50%]  (Warmup)
Chain 1: Iteration:  6001 / 12000 [ 50%]  (Sampling)
Chain 3: Iteration:  6000 / 12000 [ 50%]  (Warmup)
Chain 3: Iteration:  6001 / 12000 [ 50%]  (Sampling)
Chain 4: Iteration:  6000 / 12000 [ 50%]  (Warmup)
Chain 4: Iteration:  6001 / 12000 [ 50%]  (Sampling)
Chain 2: Iteration:  7200 / 12000 [ 60%]  (Sampling)
Chain 4: Iteration:  7200 / 12000 [ 60%]  (Sampling)
Chain 3: Iteration:  7200 / 12000 [ 60%]  (Sampling)
Chain 1: Iteration:  7200 / 12000 [ 60%]  (Sampling)
Chain 2: Iteration:  8400 / 12000 [ 70%]  (Sampling)
Chain 4: Iteration:  8400 / 12000 [ 70%]  (Sampling)
Chain 3: Iteration:  8400 / 12000 [ 70%]  (Sampling)
Chain 1: Iteration:  8400 / 12000 [ 70%]  (Sampling)
Chain 2: Iteration:  9600 / 12000 [ 80%]  (Sampling)
Chain 4: Iteration:  9600 / 12000 [ 80%]  (Sampling)
Chain 3: Iteration:  9600 / 12000 [ 80%]  (Sampling)
Chain 2: Iteration: 10800 / 12000 [ 90%]  (Sampling)
Chain 4: Iteration: 10800 / 12000 [ 90%]  (Sampling)
Chain 1: Iteration:  9600 / 12000 [ 80%]  (Sampling)
Chain 3: Iteration: 10800 / 12000 [ 90%]  (Sampling)
Chain 4: Iteration: 12000 / 12000 [100%]  (Sampling)
Chain 4: 
Chain 4:  Elapsed Time: 15.359 seconds (Warm-up)
Chain 4:                13.162 seconds (Sampling)
Chain 4:                28.521 seconds (Total)
Chain 4: 
Chain 2: Iteration: 12000 / 12000 [100%]  (Sampling)
Chain 2: 
Chain 2:  Elapsed Time: 15.03 seconds (Warm-up)
Chain 2:                13.557 seconds (Sampling)
Chain 2:                28.587 seconds (Total)
Chain 2: 
Chain 3: Iteration: 12000 / 12000 [100%]  (Sampling)
Chain 3: 
Chain 3:  Elapsed Time: 15.207 seconds (Warm-up)
Chain 3:                14.217 seconds (Sampling)
Chain 3:                29.424 seconds (Total)
Chain 3: 
Chain 1: Iteration: 10800 / 12000 [ 90%]  (Sampling)
Chain 1: Iteration: 12000 / 12000 [100%]  (Sampling)
Chain 1: 
Chain 1:  Elapsed Time: 15.131 seconds (Warm-up)
Chain 1:                18.28 seconds (Sampling)
Chain 1:                33.411 seconds (Total)
Chain 1: 
Done!
Fitting s6.json, 14/17

SAMPLING FOR MODEL 'anon_model' NOW (CHAIN 1).
Chain 1: 
Chain 1: Gradient evaluation took 0.000251 seconds
Chain 1: 1000 transitions using 10 leapfrog steps per transition would take 2.51 seconds.
Chain 1: Adjust your expectations accordingly!
Chain 1: 
Chain 1: 

SAMPLING FOR MODEL 'anon_model' NOW (CHAIN 2).

SAMPLING FOR MODEL 'anon_model' NOW (CHAIN 3).
Chain 2: 
Chain 2: Gradient evaluation took 0.000275 seconds
Chain 2: 1000 transitions using 10 leapfrog steps per transition would take 2.75 seconds.
Chain 2: Adjust your expectations accordingly!
Chain 2: 
Chain 2: 
Chain 1: Iteration:     1 / 12000 [  0%]  (Warmup)
Chain 3: 
Chain 3: Gradient evaluation took 0.000244 seconds
Chain 3: 1000 transitions using 10 leapfrog steps per transition would take 2.44 seconds.
Chain 3: Adjust your expectations accordingly!
Chain 3: 
Chain 3: 
Chain 2: Iteration:     1 / 12000 [  0%]  (Warmup)
Chain 3: Iteration:     1 / 12000 [  0%]  (Warmup)

SAMPLING FOR MODEL 'anon_model' NOW (CHAIN 4).
Chain 4: 
Chain 4: Gradient evaluation took 0.000264 seconds
Chain 4: 1000 transitions using 10 leapfrog steps per transition would take 2.64 seconds.
Chain 4: Adjust your expectations accordingly!
Chain 4: 
Chain 4: 
Chain 4: Iteration:     1 / 12000 [  0%]  (Warmup)
Chain 1: Iteration:  1200 / 12000 [ 10%]  (Warmup)
Chain 4: Iteration:  1200 / 12000 [ 10%]  (Warmup)
Chain 3: Iteration:  1200 / 12000 [ 10%]  (Warmup)
Chain 2: Iteration:  1200 / 12000 [ 10%]  (Warmup)
Chain 3: Iteration:  2400 / 12000 [ 20%]  (Warmup)
Chain 4: Iteration:  2400 / 12000 [ 20%]  (Warmup)
Chain 1: Iteration:  2400 / 12000 [ 20%]  (Warmup)
Chain 2: Iteration:  2400 / 12000 [ 20%]  (Warmup)
Chain 3: Iteration:  3600 / 12000 [ 30%]  (Warmup)
Chain 4: Iteration:  3600 / 12000 [ 30%]  (Warmup)
Chain 1: Iteration:  3600 / 12000 [ 30%]  (Warmup)
Chain 2: Iteration:  3600 / 12000 [ 30%]  (Warmup)
Chain 3: Iteration:  4800 / 12000 [ 40%]  (Warmup)
Chain 4: Iteration:  4800 / 12000 [ 40%]  (Warmup)
Chain 1: Iteration:  4800 / 12000 [ 40%]  (Warmup)
Chain 2: Iteration:  4800 / 12000 [ 40%]  (Warmup)
Chain 4: Iteration:  6000 / 12000 [ 50%]  (Warmup)
Chain 4: Iteration:  6001 / 12000 [ 50%]  (Sampling)
Chain 1: Iteration:  6000 / 12000 [ 50%]  (Warmup)
Chain 1: Iteration:  6001 / 12000 [ 50%]  (Sampling)
Chain 3: Iteration:  6000 / 12000 [ 50%]  (Warmup)
Chain 3: Iteration:  6001 / 12000 [ 50%]  (Sampling)
Chain 2: Iteration:  6000 / 12000 [ 50%]  (Warmup)
Chain 2: Iteration:  6001 / 12000 [ 50%]  (Sampling)
Chain 4: Iteration:  7200 / 12000 [ 60%]  (Sampling)
Chain 1: Iteration:  7200 / 12000 [ 60%]  (Sampling)
Chain 3: Iteration:  7200 / 12000 [ 60%]  (Sampling)
Chain 4: Iteration:  8400 / 12000 [ 70%]  (Sampling)
Chain 2: Iteration:  7200 / 12000 [ 60%]  (Sampling)
Chain 1: Iteration:  8400 / 12000 [ 70%]  (Sampling)
Chain 4: Iteration:  9600 / 12000 [ 80%]  (Sampling)
Chain 1: Iteration:  9600 / 12000 [ 80%]  (Sampling)
Chain 3: Iteration:  8400 / 12000 [ 70%]  (Sampling)
Chain 4: Iteration: 10800 / 12000 [ 90%]  (Sampling)
Chain 2: Iteration:  8400 / 12000 [ 70%]  (Sampling)
Chain 1: Iteration: 10800 / 12000 [ 90%]  (Sampling)
Chain 4: Iteration: 12000 / 12000 [100%]  (Sampling)
Chain 4: 
Chain 4:  Elapsed Time: 13.532 seconds (Warm-up)
Chain 4:                12.072 seconds (Sampling)
Chain 4:                25.604 seconds (Total)
Chain 4: 
Chain 3: Iteration:  9600 / 12000 [ 80%]  (Sampling)
Chain 2: Iteration:  9600 / 12000 [ 80%]  (Sampling)
Chain 1: Iteration: 12000 / 12000 [100%]  (Sampling)
Chain 1: 
Chain 1:  Elapsed Time: 13.648 seconds (Warm-up)
Chain 1:                14.579 seconds (Sampling)
Chain 1:                28.227 seconds (Total)
Chain 1: 
Chain 3: Iteration: 10800 / 12000 [ 90%]  (Sampling)
Chain 2: Iteration: 10800 / 12000 [ 90%]  (Sampling)
Chain 3: Iteration: 12000 / 12000 [100%]  (Sampling)
Chain 3: 
Chain 3:  Elapsed Time: 13.812 seconds (Warm-up)
Chain 3:                21.503 seconds (Sampling)
Chain 3:                35.315 seconds (Total)
Chain 3: 
Chain 2: Iteration: 12000 / 12000 [100%]  (Sampling)
Chain 2: 
Chain 2:  Elapsed Time: 14.098 seconds (Warm-up)
Chain 2:                23.187 seconds (Sampling)
Chain 2:                37.285 seconds (Total)
Chain 2: 
Done!
Fitting s7.json, 15/17

SAMPLING FOR MODEL 'anon_model' NOW (CHAIN 1).

SAMPLING FOR MODEL 'anon_model' NOW (CHAIN 2).
Chain 1: 
Chain 1: Gradient evaluation took 0.000233 seconds
Chain 1: 1000 transitions using 10 leapfrog steps per transition would take 2.33 seconds.
Chain 1: Adjust your expectations accordingly!
Chain 1: 
Chain 1: 
Chain 2: 
Chain 2: Gradient evaluation took 0.00023 seconds
Chain 2: 1000 transitions using 10 leapfrog steps per transition would take 2.3 seconds.
Chain 2: Adjust your expectations accordingly!
Chain 2: 
Chain 2: 

SAMPLING FOR MODEL 'anon_model' NOW (CHAIN 3).
Chain 3: 
Chain 3: Gradient evaluation took 0.000223 seconds
Chain 3: 1000 transitions using 10 leapfrog steps per transition would take 2.23 seconds.
Chain 3: Adjust your expectations accordingly!
Chain 3: 
Chain 3: 
Chain 1: Iteration:     1 / 12000 [  0%]  (Warmup)
Chain 2: Iteration:     1 / 12000 [  0%]  (Warmup)

SAMPLING FOR MODEL 'anon_model' NOW (CHAIN 4).
Chain 3: Iteration:     1 / 12000 [  0%]  (Warmup)
Chain 4: 
Chain 4: Gradient evaluation took 0.000224 seconds
Chain 4: 1000 transitions using 10 leapfrog steps per transition would take 2.24 seconds.
Chain 4: Adjust your expectations accordingly!
Chain 4: 
Chain 4: 
Chain 4: Iteration:     1 / 12000 [  0%]  (Warmup)
Chain 3: Iteration:  1200 / 12000 [ 10%]  (Warmup)
Chain 2: Iteration:  1200 / 12000 [ 10%]  (Warmup)
Chain 1: Iteration:  1200 / 12000 [ 10%]  (Warmup)
Chain 4: Iteration:  1200 / 12000 [ 10%]  (Warmup)
Chain 4: Iteration:  2400 / 12000 [ 20%]  (Warmup)
Chain 2: Iteration:  2400 / 12000 [ 20%]  (Warmup)
Chain 3: Iteration:  2400 / 12000 [ 20%]  (Warmup)
Chain 1: Iteration:  2400 / 12000 [ 20%]  (Warmup)
Chain 1: Iteration:  3600 / 12000 [ 30%]  (Warmup)
Chain 2: Iteration:  3600 / 12000 [ 30%]  (Warmup)
Chain 4: Iteration:  3600 / 12000 [ 30%]  (Warmup)
Chain 3: Iteration:  3600 / 12000 [ 30%]  (Warmup)
Chain 1: Iteration:  4800 / 12000 [ 40%]  (Warmup)
Chain 4: Iteration:  4800 / 12000 [ 40%]  (Warmup)
Chain 2: Iteration:  4800 / 12000 [ 40%]  (Warmup)
Chain 3: Iteration:  4800 / 12000 [ 40%]  (Warmup)
Chain 1: Iteration:  6000 / 12000 [ 50%]  (Warmup)
Chain 1: Iteration:  6001 / 12000 [ 50%]  (Sampling)
Chain 4: Iteration:  6000 / 12000 [ 50%]  (Warmup)
Chain 4: Iteration:  6001 / 12000 [ 50%]  (Sampling)
Chain 2: Iteration:  6000 / 12000 [ 50%]  (Warmup)
Chain 2: Iteration:  6001 / 12000 [ 50%]  (Sampling)
Chain 3: Iteration:  6000 / 12000 [ 50%]  (Warmup)
Chain 3: Iteration:  6001 / 12000 [ 50%]  (Sampling)
Chain 3: Iteration:  7200 / 12000 [ 60%]  (Sampling)
Chain 1: Iteration:  7200 / 12000 [ 60%]  (Sampling)
Chain 4: Iteration:  7200 / 12000 [ 60%]  (Sampling)
Chain 2: Iteration:  7200 / 12000 [ 60%]  (Sampling)
Chain 3: Iteration:  8400 / 12000 [ 70%]  (Sampling)
Chain 1: Iteration:  8400 / 12000 [ 70%]  (Sampling)
Chain 4: Iteration:  8400 / 12000 [ 70%]  (Sampling)
Chain 2: Iteration:  8400 / 12000 [ 70%]  (Sampling)
Chain 3: Iteration:  9600 / 12000 [ 80%]  (Sampling)
Chain 1: Iteration:  9600 / 12000 [ 80%]  (Sampling)
Chain 4: Iteration:  9600 / 12000 [ 80%]  (Sampling)
Chain 3: Iteration: 10800 / 12000 [ 90%]  (Sampling)
Chain 2: Iteration:  9600 / 12000 [ 80%]  (Sampling)
Chain 1: Iteration: 10800 / 12000 [ 90%]  (Sampling)
Chain 3: Iteration: 12000 / 12000 [100%]  (Sampling)
Chain 3: 
Chain 3:  Elapsed Time: 18.327 seconds (Warm-up)
Chain 3:                16.715 seconds (Sampling)
Chain 3:                35.042 seconds (Total)
Chain 3: 
Chain 4: Iteration: 10800 / 12000 [ 90%]  (Sampling)
Chain 2: Iteration: 10800 / 12000 [ 90%]  (Sampling)
Chain 1: Iteration: 12000 / 12000 [100%]  (Sampling)
Chain 1: 
Chain 1:  Elapsed Time: 17.822 seconds (Warm-up)
Chain 1:                20.815 seconds (Sampling)
Chain 1:                38.637 seconds (Total)
Chain 1: 
Chain 4: Iteration: 12000 / 12000 [100%]  (Sampling)
Chain 4: 
Chain 4:  Elapsed Time: 18.022 seconds (Warm-up)
Chain 4:                21.87 seconds (Sampling)
Chain 4:                39.892 seconds (Total)
Chain 4: 
Chain 2: Iteration: 12000 / 12000 [100%]  (Sampling)
Chain 2: 
Chain 2:  Elapsed Time: 18.252 seconds (Warm-up)
Chain 2:                23.033 seconds (Sampling)
Chain 2:                41.285 seconds (Total)
Chain 2: 
Done!
Fitting s8.json, 16/17

SAMPLING FOR MODEL 'anon_model' NOW (CHAIN 1).

SAMPLING FOR MODEL 'anon_model' NOW (CHAIN 2).
Chain 1: 
Chain 1: Gradient evaluation took 0.000242 seconds
Chain 1: 1000 transitions using 10 leapfrog steps per transition would take 2.42 seconds.
Chain 1: Adjust your expectations accordingly!
Chain 1: 
Chain 1: 

SAMPLING FOR MODEL 'anon_model' NOW (CHAIN 3).
Chain 2: 
Chain 2: Gradient evaluation took 0.000228 seconds
Chain 2: 1000 transitions using 10 leapfrog steps per transition would take 2.28 seconds.
Chain 2: Adjust your expectations accordingly!
Chain 2: 
Chain 2: 
Chain 3: 
Chain 3: Gradient evaluation took 0.000233 seconds
Chain 3: 1000 transitions using 10 leapfrog steps per transition would take 2.33 seconds.
Chain 3: Adjust your expectations accordingly!
Chain 3: 
Chain 3: 
Chain 1: Iteration:     1 / 12000 [  0%]  (Warmup)
Chain 2: Iteration:     1 / 12000 [  0%]  (Warmup)

SAMPLING FOR MODEL 'anon_model' NOW (CHAIN 4).
Chain 3: Iteration:     1 / 12000 [  0%]  (Warmup)
Chain 4: 
Chain 4: Gradient evaluation took 0.000218 seconds
Chain 4: 1000 transitions using 10 leapfrog steps per transition would take 2.18 seconds.
Chain 4: Adjust your expectations accordingly!
Chain 4: 
Chain 4: 
Chain 4: Iteration:     1 / 12000 [  0%]  (Warmup)
Chain 3: Iteration:  1200 / 12000 [ 10%]  (Warmup)
Chain 1: Iteration:  1200 / 12000 [ 10%]  (Warmup)
Chain 2: Iteration:  1200 / 12000 [ 10%]  (Warmup)
Chain 4: Iteration:  1200 / 12000 [ 10%]  (Warmup)
Chain 3: Iteration:  2400 / 12000 [ 20%]  (Warmup)
Chain 1: Iteration:  2400 / 12000 [ 20%]  (Warmup)
Chain 2: Iteration:  2400 / 12000 [ 20%]  (Warmup)
Chain 4: Iteration:  2400 / 12000 [ 20%]  (Warmup)
Chain 3: Iteration:  3600 / 12000 [ 30%]  (Warmup)
Chain 1: Iteration:  3600 / 12000 [ 30%]  (Warmup)
Chain 2: Iteration:  3600 / 12000 [ 30%]  (Warmup)
Chain 4: Iteration:  3600 / 12000 [ 30%]  (Warmup)
Chain 3: Iteration:  4800 / 12000 [ 40%]  (Warmup)
Chain 1: Iteration:  4800 / 12000 [ 40%]  (Warmup)
Chain 2: Iteration:  4800 / 12000 [ 40%]  (Warmup)
Chain 4: Iteration:  4800 / 12000 [ 40%]  (Warmup)
Chain 3: Iteration:  6000 / 12000 [ 50%]  (Warmup)
Chain 3: Iteration:  6001 / 12000 [ 50%]  (Sampling)
Chain 1: Iteration:  6000 / 12000 [ 50%]  (Warmup)
Chain 1: Iteration:  6001 / 12000 [ 50%]  (Sampling)
Chain 2: Iteration:  6000 / 12000 [ 50%]  (Warmup)
Chain 2: Iteration:  6001 / 12000 [ 50%]  (Sampling)
Chain 4: Iteration:  6000 / 12000 [ 50%]  (Warmup)
Chain 4: Iteration:  6001 / 12000 [ 50%]  (Sampling)
Chain 2: Iteration:  7200 / 12000 [ 60%]  (Sampling)
Chain 4: Iteration:  7200 / 12000 [ 60%]  (Sampling)
Chain 1: Iteration:  7200 / 12000 [ 60%]  (Sampling)
Chain 3: Iteration:  7200 / 12000 [ 60%]  (Sampling)
Chain 4: Iteration:  8400 / 12000 [ 70%]  (Sampling)
Chain 2: Iteration:  8400 / 12000 [ 70%]  (Sampling)
Chain 1: Iteration:  8400 / 12000 [ 70%]  (Sampling)
Chain 3: Iteration:  8400 / 12000 [ 70%]  (Sampling)
Chain 4: Iteration:  9600 / 12000 [ 80%]  (Sampling)
Chain 2: Iteration:  9600 / 12000 [ 80%]  (Sampling)
Chain 1: Iteration:  9600 / 12000 [ 80%]  (Sampling)
Chain 3: Iteration:  9600 / 12000 [ 80%]  (Sampling)
Chain 4: Iteration: 10800 / 12000 [ 90%]  (Sampling)
Chain 2: Iteration: 10800 / 12000 [ 90%]  (Sampling)
Chain 1: Iteration: 10800 / 12000 [ 90%]  (Sampling)
Chain 4: Iteration: 12000 / 12000 [100%]  (Sampling)
Chain 4: 
Chain 4:  Elapsed Time: 15.366 seconds (Warm-up)
Chain 4:                12.163 seconds (Sampling)
Chain 4:                27.529 seconds (Total)
Chain 4: 
Chain 2: Iteration: 12000 / 12000 [100%]  (Sampling)
Chain 2: 
Chain 2:  Elapsed Time: 15.253 seconds (Warm-up)
Chain 2:                12.6 seconds (Sampling)
Chain 2:                27.853 seconds (Total)
Chain 2: 
Chain 3: Iteration: 10800 / 12000 [ 90%]  (Sampling)
Chain 1: Iteration: 12000 / 12000 [100%]  (Sampling)
Chain 1: 
Chain 1:  Elapsed Time: 15.042 seconds (Warm-up)
Chain 1:                14.235 seconds (Sampling)
Chain 1:                29.277 seconds (Total)
Chain 1: 
Chain 3: Iteration: 12000 / 12000 [100%]  (Sampling)
Chain 3: 
Chain 3:  Elapsed Time: 14.635 seconds (Warm-up)
Chain 3:                16.913 seconds (Sampling)
Chain 3:                31.548 seconds (Total)
Chain 3: 
Done!
Fitting s9.json, 17/17

SAMPLING FOR MODEL 'anon_model' NOW (CHAIN 1).
Chain 1: 
Chain 1: Gradient evaluation took 0.000233 seconds
Chain 1: 1000 transitions using 10 leapfrog steps per transition would take 2.33 seconds.
Chain 1: Adjust your expectations accordingly!
Chain 1: 
Chain 1: 

SAMPLING FOR MODEL 'anon_model' NOW (CHAIN 2).
Chain 2: 
Chain 2: Gradient evaluation took 0.000231 seconds
Chain 2: 1000 transitions using 10 leapfrog steps per transition would take 2.31 seconds.
Chain 2: Adjust your expectations accordingly!
Chain 2: 
Chain 2: 
Chain 1: Iteration:     1 / 12000 [  0%]  (Warmup)

SAMPLING FOR MODEL 'anon_model' NOW (CHAIN 3).
Chain 2: Iteration:     1 / 12000 [  0%]  (Warmup)
Chain 3: 
Chain 3: Gradient evaluation took 0.000234 seconds
Chain 3: 1000 transitions using 10 leapfrog steps per transition would take 2.34 seconds.
Chain 3: Adjust your expectations accordingly!
Chain 3: 
Chain 3: 

SAMPLING FOR MODEL 'anon_model' NOW (CHAIN 4).
Chain 3: Iteration:     1 / 12000 [  0%]  (Warmup)
Chain 4: 
Chain 4: Gradient evaluation took 0.00022 seconds
Chain 4: 1000 transitions using 10 leapfrog steps per transition would take 2.2 seconds.
Chain 4: Adjust your expectations accordingly!
Chain 4: 
Chain 4: 
Chain 4: Iteration:     1 / 12000 [  0%]  (Warmup)
Chain 1: Iteration:  1200 / 12000 [ 10%]  (Warmup)
Chain 4: Iteration:  1200 / 12000 [ 10%]  (Warmup)
Chain 2: Iteration:  1200 / 12000 [ 10%]  (Warmup)
Chain 3: Iteration:  1200 / 12000 [ 10%]  (Warmup)
Chain 1: Iteration:  2400 / 12000 [ 20%]  (Warmup)
Chain 4: Iteration:  2400 / 12000 [ 20%]  (Warmup)
Chain 2: Iteration:  2400 / 12000 [ 20%]  (Warmup)
Chain 3: Iteration:  2400 / 12000 [ 20%]  (Warmup)
Chain 1: Iteration:  3600 / 12000 [ 30%]  (Warmup)
Chain 4: Iteration:  3600 / 12000 [ 30%]  (Warmup)
Chain 2: Iteration:  3600 / 12000 [ 30%]  (Warmup)
Chain 3: Iteration:  3600 / 12000 [ 30%]  (Warmup)
Chain 1: Iteration:  4800 / 12000 [ 40%]  (Warmup)
Chain 4: Iteration:  4800 / 12000 [ 40%]  (Warmup)
Chain 2: Iteration:  4800 / 12000 [ 40%]  (Warmup)
Chain 3: Iteration:  4800 / 12000 [ 40%]  (Warmup)
Chain 1: Iteration:  6000 / 12000 [ 50%]  (Warmup)
Chain 1: Iteration:  6001 / 12000 [ 50%]  (Sampling)
Chain 2: Iteration:  6000 / 12000 [ 50%]  (Warmup)
Chain 2: Iteration:  6001 / 12000 [ 50%]  (Sampling)
Chain 4: Iteration:  6000 / 12000 [ 50%]  (Warmup)
Chain 4: Iteration:  6001 / 12000 [ 50%]  (Sampling)
Chain 3: Iteration:  6000 / 12000 [ 50%]  (Warmup)
Chain 3: Iteration:  6001 / 12000 [ 50%]  (Sampling)
Chain 1: Iteration:  7200 / 12000 [ 60%]  (Sampling)
Chain 2: Iteration:  7200 / 12000 [ 60%]  (Sampling)
Chain 3: Iteration:  7200 / 12000 [ 60%]  (Sampling)
Chain 4: Iteration:  7200 / 12000 [ 60%]  (Sampling)
Chain 2: Iteration:  8400 / 12000 [ 70%]  (Sampling)
Chain 1: Iteration:  8400 / 12000 [ 70%]  (Sampling)
Chain 3: Iteration:  8400 / 12000 [ 70%]  (Sampling)
Chain 4: Iteration:  8400 / 12000 [ 70%]  (Sampling)
Chain 2: Iteration:  9600 / 12000 [ 80%]  (Sampling)
Chain 1: Iteration:  9600 / 12000 [ 80%]  (Sampling)
Chain 3: Iteration:  9600 / 12000 [ 80%]  (Sampling)
Chain 2: Iteration: 10800 / 12000 [ 90%]  (Sampling)
Chain 1: Iteration: 10800 / 12000 [ 90%]  (Sampling)
Chain 4: Iteration:  9600 / 12000 [ 80%]  (Sampling)
Chain 2: Iteration: 12000 / 12000 [100%]  (Sampling)
Chain 2: 
Chain 2:  Elapsed Time: 17.096 seconds (Warm-up)
Chain 2:                14.308 seconds (Sampling)
Chain 2:                31.404 seconds (Total)
Chain 2: 
Chain 3: Iteration: 10800 / 12000 [ 90%]  (Sampling)
Chain 1: Iteration: 12000 / 12000 [100%]  (Sampling)
Chain 1: 
Chain 1:  Elapsed Time: 16.337 seconds (Warm-up)
Chain 1:                16.958 seconds (Sampling)
Chain 1:                33.295 seconds (Total)
Chain 1: 
Chain 4: Iteration: 10800 / 12000 [ 90%]  (Sampling)
Chain 3: Iteration: 12000 / 12000 [100%]  (Sampling)
Chain 3: 
Chain 3:  Elapsed Time: 17.708 seconds (Warm-up)
Chain 3:                17.164 seconds (Sampling)
Chain 3:                34.872 seconds (Total)
Chain 3: 
Chain 4: Iteration: 12000 / 12000 [100%]  (Sampling)
Chain 4: 
Chain 4:  Elapsed Time: 17.102 seconds (Warm-up)
Chain 4:                21.174 seconds (Sampling)
Chain 4:                38.276 seconds (Total)
Chain 4: 
Done!
Assumed model: m1 (model_index = 1 )
Fitting s0.json, 1/17

SAMPLING FOR MODEL 'anon_model' NOW (CHAIN 1).

SAMPLING FOR MODEL 'anon_model' NOW (CHAIN 2).
Chain 1: 
Chain 1: Gradient evaluation took 0.000235 seconds
Chain 1: 1000 transitions using 10 leapfrog steps per transition would take 2.35 seconds.
Chain 1: Adjust your expectations accordingly!
Chain 1: 
Chain 1: 
Chain 2: 
Chain 2: Gradient evaluation took 0.000224 seconds
Chain 2: 1000 transitions using 10 leapfrog steps per transition would take 2.24 seconds.
Chain 2: Adjust your expectations accordingly!
Chain 2: 
Chain 2: 

SAMPLING FOR MODEL 'anon_model' NOW (CHAIN 3).
Chain 3: 
Chain 3: Gradient evaluation took 0.000212 seconds
Chain 3: 1000 transitions using 10 leapfrog steps per transition would take 2.12 seconds.
Chain 3: Adjust your expectations accordingly!
Chain 3: 
Chain 3: 
Chain 1: Iteration:     1 / 12000 [  0%]  (Warmup)

SAMPLING FOR MODEL 'anon_model' NOW (CHAIN 4).
Chain 2: Iteration:     1 / 12000 [  0%]  (Warmup)
Chain 4: 
Chain 4: Gradient evaluation took 0.000212 seconds
Chain 4: 1000 transitions using 10 leapfrog steps per transition would take 2.12 seconds.
Chain 4: Adjust your expectations accordingly!
Chain 4: 
Chain 4: 
Chain 3: Iteration:     1 / 12000 [  0%]  (Warmup)
Chain 4: Iteration:     1 / 12000 [  0%]  (Warmup)
Chain 1: Iteration:  1200 / 12000 [ 10%]  (Warmup)
Chain 2: Iteration:  1200 / 12000 [ 10%]  (Warmup)
Chain 4: Iteration:  1200 / 12000 [ 10%]  (Warmup)
Chain 3: Iteration:  1200 / 12000 [ 10%]  (Warmup)
Chain 1: Iteration:  2400 / 12000 [ 20%]  (Warmup)
Chain 2: Iteration:  2400 / 12000 [ 20%]  (Warmup)
Chain 4: Iteration:  2400 / 12000 [ 20%]  (Warmup)
Chain 3: Iteration:  2400 / 12000 [ 20%]  (Warmup)
Chain 1: Iteration:  3600 / 12000 [ 30%]  (Warmup)
Chain 2: Iteration:  3600 / 12000 [ 30%]  (Warmup)
Chain 4: Iteration:  3600 / 12000 [ 30%]  (Warmup)
Chain 3: Iteration:  3600 / 12000 [ 30%]  (Warmup)
Chain 1: Iteration:  4800 / 12000 [ 40%]  (Warmup)
Chain 2: Iteration:  4800 / 12000 [ 40%]  (Warmup)
Chain 4: Iteration:  4800 / 12000 [ 40%]  (Warmup)
Chain 3: Iteration:  4800 / 12000 [ 40%]  (Warmup)
Chain 1: Iteration:  6000 / 12000 [ 50%]  (Warmup)
Chain 1: Iteration:  6001 / 12000 [ 50%]  (Sampling)
Chain 2: Iteration:  6000 / 12000 [ 50%]  (Warmup)
Chain 2: Iteration:  6001 / 12000 [ 50%]  (Sampling)
Chain 4: Iteration:  6000 / 12000 [ 50%]  (Warmup)
Chain 4: Iteration:  6001 / 12000 [ 50%]  (Sampling)
Chain 3: Iteration:  6000 / 12000 [ 50%]  (Warmup)
Chain 3: Iteration:  6001 / 12000 [ 50%]  (Sampling)
Chain 1: Iteration:  7200 / 12000 [ 60%]  (Sampling)
Chain 2: Iteration:  7200 / 12000 [ 60%]  (Sampling)
Chain 3: Iteration:  7200 / 12000 [ 60%]  (Sampling)
Chain 2: Iteration:  8400 / 12000 [ 70%]  (Sampling)
Chain 1: Iteration:  8400 / 12000 [ 70%]  (Sampling)
Chain 4: Iteration:  7200 / 12000 [ 60%]  (Sampling)
Chain 3: Iteration:  8400 / 12000 [ 70%]  (Sampling)
Chain 2: Iteration:  9600 / 12000 [ 80%]  (Sampling)
Chain 1: Iteration:  9600 / 12000 [ 80%]  (Sampling)
Chain 3: Iteration:  9600 / 12000 [ 80%]  (Sampling)
Chain 2: Iteration: 10800 / 12000 [ 90%]  (Sampling)
Chain 4: Iteration:  8400 / 12000 [ 70%]  (Sampling)
Chain 1: Iteration: 10800 / 12000 [ 90%]  (Sampling)
Chain 3: Iteration: 10800 / 12000 [ 90%]  (Sampling)
Chain 2: Iteration: 12000 / 12000 [100%]  (Sampling)
Chain 2: 
Chain 2:  Elapsed Time: 17.934 seconds (Warm-up)
Chain 2:                14.044 seconds (Sampling)
Chain 2:                31.978 seconds (Total)
Chain 2: 
Chain 3: Iteration: 12000 / 12000 [100%]  (Sampling)
Chain 3: 
Chain 3:  Elapsed Time: 18.661 seconds (Warm-up)
Chain 3:                15.051 seconds (Sampling)
Chain 3:                33.712 seconds (Total)
Chain 3: 
Chain 1: Iteration: 12000 / 12000 [100%]  (Sampling)
Chain 1: 
Chain 1:  Elapsed Time: 17.105 seconds (Warm-up)
Chain 1:                16.89 seconds (Sampling)
Chain 1:                33.995 seconds (Total)
Chain 1: 
Chain 4: Iteration:  9600 / 12000 [ 80%]  (Sampling)
Chain 4: Iteration: 10800 / 12000 [ 90%]  (Sampling)
Chain 4: Iteration: 12000 / 12000 [100%]  (Sampling)
Chain 4: 
Chain 4:  Elapsed Time: 18.637 seconds (Warm-up)
Chain 4:                26.22 seconds (Sampling)
Chain 4:                44.857 seconds (Total)
Chain 4: 
Done!
Fitting s1.json, 2/17

SAMPLING FOR MODEL 'anon_model' NOW (CHAIN 1).
Chain 1: 
Chain 1: Gradient evaluation took 0.000231 seconds
Chain 1: 1000 transitions using 10 leapfrog steps per transition would take 2.31 seconds.
Chain 1: Adjust your expectations accordingly!
Chain 1: 
Chain 1: 

SAMPLING FOR MODEL 'anon_model' NOW (CHAIN 2).
Chain 2: 
Chain 2: Gradient evaluation took 0.000237 seconds
Chain 2: 1000 transitions using 10 leapfrog steps per transition would take 2.37 seconds.
Chain 2: Adjust your expectations accordingly!
Chain 2: 
Chain 2: 

SAMPLING FOR MODEL 'anon_model' NOW (CHAIN 3).
Chain 1: Iteration:     1 / 12000 [  0%]  (Warmup)
Chain 3: 
Chain 3: Gradient evaluation took 0.000222 seconds
Chain 3: 1000 transitions using 10 leapfrog steps per transition would take 2.22 seconds.
Chain 3: Adjust your expectations accordingly!
Chain 3: 
Chain 3: 
Chain 2: Iteration:     1 / 12000 [  0%]  (Warmup)

SAMPLING FOR MODEL 'anon_model' NOW (CHAIN 4).
Chain 3: Iteration:     1 / 12000 [  0%]  (Warmup)
Chain 4: 
Chain 4: Gradient evaluation took 0.000228 seconds
Chain 4: 1000 transitions using 10 leapfrog steps per transition would take 2.28 seconds.
Chain 4: Adjust your expectations accordingly!
Chain 4: 
Chain 4: 
Chain 4: Iteration:     1 / 12000 [  0%]  (Warmup)
Chain 2: Iteration:  1200 / 12000 [ 10%]  (Warmup)
Chain 3: Iteration:  1200 / 12000 [ 10%]  (Warmup)
Chain 4: Iteration:  1200 / 12000 [ 10%]  (Warmup)
Chain 1: Iteration:  1200 / 12000 [ 10%]  (Warmup)
Chain 2: Iteration:  2400 / 12000 [ 20%]  (Warmup)
Chain 1: Iteration:  2400 / 12000 [ 20%]  (Warmup)
Chain 3: Iteration:  2400 / 12000 [ 20%]  (Warmup)
Chain 4: Iteration:  2400 / 12000 [ 20%]  (Warmup)
Chain 2: Iteration:  3600 / 12000 [ 30%]  (Warmup)
Chain 1: Iteration:  3600 / 12000 [ 30%]  (Warmup)
Chain 3: Iteration:  3600 / 12000 [ 30%]  (Warmup)
Chain 4: Iteration:  3600 / 12000 [ 30%]  (Warmup)
Chain 2: Iteration:  4800 / 12000 [ 40%]  (Warmup)
Chain 3: Iteration:  4800 / 12000 [ 40%]  (Warmup)
Chain 1: Iteration:  4800 / 12000 [ 40%]  (Warmup)
Chain 4: Iteration:  4800 / 12000 [ 40%]  (Warmup)
Chain 3: Iteration:  6000 / 12000 [ 50%]  (Warmup)
Chain 3: Iteration:  6001 / 12000 [ 50%]  (Sampling)
Chain 2: Iteration:  6000 / 12000 [ 50%]  (Warmup)
Chain 2: Iteration:  6001 / 12000 [ 50%]  (Sampling)
Chain 1: Iteration:  6000 / 12000 [ 50%]  (Warmup)
Chain 1: Iteration:  6001 / 12000 [ 50%]  (Sampling)
Chain 4: Iteration:  6000 / 12000 [ 50%]  (Warmup)
Chain 4: Iteration:  6001 / 12000 [ 50%]  (Sampling)
Chain 1: Iteration:  7200 / 12000 [ 60%]  (Sampling)
Chain 3: Iteration:  7200 / 12000 [ 60%]  (Sampling)
Chain 2: Iteration:  7200 / 12000 [ 60%]  (Sampling)
Chain 1: Iteration:  8400 / 12000 [ 70%]  (Sampling)
Chain 4: Iteration:  7200 / 12000 [ 60%]  (Sampling)
Chain 3: Iteration:  8400 / 12000 [ 70%]  (Sampling)
Chain 2: Iteration:  8400 / 12000 [ 70%]  (Sampling)
Chain 1: Iteration:  9600 / 12000 [ 80%]  (Sampling)
Chain 3: Iteration:  9600 / 12000 [ 80%]  (Sampling)
Chain 4: Iteration:  8400 / 12000 [ 70%]  (Sampling)
Chain 1: Iteration: 10800 / 12000 [ 90%]  (Sampling)
Chain 2: Iteration:  9600 / 12000 [ 80%]  (Sampling)
Chain 3: Iteration: 10800 / 12000 [ 90%]  (Sampling)
Chain 1: Iteration: 12000 / 12000 [100%]  (Sampling)
Chain 1: 
Chain 1:  Elapsed Time: 15.419 seconds (Warm-up)
Chain 1:                12.929 seconds (Sampling)
Chain 1:                28.348 seconds (Total)
Chain 1: 
Chain 2: Iteration: 10800 / 12000 [ 90%]  (Sampling)
Chain 3: Iteration: 12000 / 12000 [100%]  (Sampling)
Chain 3: 
Chain 3:  Elapsed Time: 15.24 seconds (Warm-up)
Chain 3:                15.098 seconds (Sampling)
Chain 3:                30.338 seconds (Total)
Chain 3: 
Chain 4: Iteration:  9600 / 12000 [ 80%]  (Sampling)
Chain 2: Iteration: 12000 / 12000 [100%]  (Sampling)
Chain 2: 
Chain 2:  Elapsed Time: 15.311 seconds (Warm-up)
Chain 2:                17.329 seconds (Sampling)
Chain 2:                32.64 seconds (Total)
Chain 2: 
Chain 4: Iteration: 10800 / 12000 [ 90%]  (Sampling)
Chain 4: Iteration: 12000 / 12000 [100%]  (Sampling)
Chain 4: 
Chain 4:  Elapsed Time: 15.612 seconds (Warm-up)
Chain 4:                24.686 seconds (Sampling)
Chain 4:                40.298 seconds (Total)
Chain 4: 
Done!
Fitting s10.json, 3/17

SAMPLING FOR MODEL 'anon_model' NOW (CHAIN 1).
Chain 1: 
Chain 1: Gradient evaluation took 0.000253 seconds
Chain 1: 1000 transitions using 10 leapfrog steps per transition would take 2.53 seconds.
Chain 1: Adjust your expectations accordingly!
Chain 1: 
Chain 1: 

SAMPLING FOR MODEL 'anon_model' NOW (CHAIN 2).

SAMPLING FOR MODEL 'anon_model' NOW (CHAIN 3).
Chain 2: 
Chain 2: Gradient evaluation took 0.000245 seconds
Chain 2: 1000 transitions using 10 leapfrog steps per transition would take 2.45 seconds.
Chain 2: Adjust your expectations accordingly!
Chain 2: 
Chain 2: 
Chain 3: 
Chain 3: Gradient evaluation took 0.00024 seconds
Chain 3: 1000 transitions using 10 leapfrog steps per transition would take 2.4 seconds.
Chain 3: Adjust your expectations accordingly!
Chain 3: 
Chain 3: 
Chain 1: Iteration:     1 / 12000 [  0%]  (Warmup)

SAMPLING FOR MODEL 'anon_model' NOW (CHAIN 4).
Chain 2: Iteration:     1 / 12000 [  0%]  (Warmup)
Chain 3: Iteration:     1 / 12000 [  0%]  (Warmup)
Chain 4: 
Chain 4: Gradient evaluation took 0.000217 seconds
Chain 4: 1000 transitions using 10 leapfrog steps per transition would take 2.17 seconds.
Chain 4: Adjust your expectations accordingly!
Chain 4: 
Chain 4: 
Chain 4: Iteration:     1 / 12000 [  0%]  (Warmup)
Chain 4: Iteration:  1200 / 12000 [ 10%]  (Warmup)
Chain 1: Iteration:  1200 / 12000 [ 10%]  (Warmup)
Chain 3: Iteration:  1200 / 12000 [ 10%]  (Warmup)
Chain 2: Iteration:  1200 / 12000 [ 10%]  (Warmup)
Chain 4: Iteration:  2400 / 12000 [ 20%]  (Warmup)
Chain 3: Iteration:  2400 / 12000 [ 20%]  (Warmup)
Chain 1: Iteration:  2400 / 12000 [ 20%]  (Warmup)
Chain 2: Iteration:  2400 / 12000 [ 20%]  (Warmup)
Chain 4: Iteration:  3600 / 12000 [ 30%]  (Warmup)
Chain 1: Iteration:  3600 / 12000 [ 30%]  (Warmup)
Chain 2: Iteration:  3600 / 12000 [ 30%]  (Warmup)
Chain 3: Iteration:  3600 / 12000 [ 30%]  (Warmup)
Chain 4: Iteration:  4800 / 12000 [ 40%]  (Warmup)
Chain 1: Iteration:  4800 / 12000 [ 40%]  (Warmup)
Chain 2: Iteration:  4800 / 12000 [ 40%]  (Warmup)
Chain 3: Iteration:  4800 / 12000 [ 40%]  (Warmup)
Chain 4: Iteration:  6000 / 12000 [ 50%]  (Warmup)
Chain 4: Iteration:  6001 / 12000 [ 50%]  (Sampling)
Chain 2: Iteration:  6000 / 12000 [ 50%]  (Warmup)
Chain 2: Iteration:  6001 / 12000 [ 50%]  (Sampling)
Chain 1: Iteration:  6000 / 12000 [ 50%]  (Warmup)
Chain 1: Iteration:  6001 / 12000 [ 50%]  (Sampling)
Chain 3: Iteration:  6000 / 12000 [ 50%]  (Warmup)
Chain 3: Iteration:  6001 / 12000 [ 50%]  (Sampling)
Chain 2: Iteration:  7200 / 12000 [ 60%]  (Sampling)
Chain 3: Iteration:  7200 / 12000 [ 60%]  (Sampling)
Chain 4: Iteration:  7200 / 12000 [ 60%]  (Sampling)
Chain 1: Iteration:  7200 / 12000 [ 60%]  (Sampling)
Chain 2: Iteration:  8400 / 12000 [ 70%]  (Sampling)
Chain 3: Iteration:  8400 / 12000 [ 70%]  (Sampling)
Chain 2: Iteration:  9600 / 12000 [ 80%]  (Sampling)
Chain 4: Iteration:  8400 / 12000 [ 70%]  (Sampling)
Chain 3: Iteration:  9600 / 12000 [ 80%]  (Sampling)
Chain 1: Iteration:  8400 / 12000 [ 70%]  (Sampling)
Chain 2: Iteration: 10800 / 12000 [ 90%]  (Sampling)
Chain 3: Iteration: 10800 / 12000 [ 90%]  (Sampling)
Chain 2: Iteration: 12000 / 12000 [100%]  (Sampling)
Chain 2: 
Chain 2:  Elapsed Time: 16.293 seconds (Warm-up)
Chain 2:                13.291 seconds (Sampling)
Chain 2:                29.584 seconds (Total)
Chain 2: 
Chain 4: Iteration:  9600 / 12000 [ 80%]  (Sampling)
Chain 1: Iteration:  9600 / 12000 [ 80%]  (Sampling)
Chain 3: Iteration: 12000 / 12000 [100%]  (Sampling)
Chain 3: 
Chain 3:  Elapsed Time: 16.864 seconds (Warm-up)
Chain 3:                14.965 seconds (Sampling)
Chain 3:                31.829 seconds (Total)
Chain 3: 
Chain 4: Iteration: 10800 / 12000 [ 90%]  (Sampling)
Chain 1: Iteration: 10800 / 12000 [ 90%]  (Sampling)
Chain 4: Iteration: 12000 / 12000 [100%]  (Sampling)
Chain 4: 
Chain 4:  Elapsed Time: 16.145 seconds (Warm-up)
Chain 4:                23.221 seconds (Sampling)
Chain 4:                39.366 seconds (Total)
Chain 4: 
Chain 1: Iteration: 12000 / 12000 [100%]  (Sampling)
Chain 1: 
Chain 1:  Elapsed Time: 16.491 seconds (Warm-up)
Chain 1:                23.17 seconds (Sampling)
Chain 1:                39.661 seconds (Total)
Chain 1: 
Done!
Fitting s11.json, 4/17

SAMPLING FOR MODEL 'anon_model' NOW (CHAIN 1).
Chain 1: 
Chain 1: Gradient evaluation took 0.000282 seconds
Chain 1: 1000 transitions using 10 leapfrog steps per transition would take 2.82 seconds.
Chain 1: Adjust your expectations accordingly!
Chain 1: 
Chain 1: 

SAMPLING FOR MODEL 'anon_model' NOW (CHAIN 2).
Chain 2: 
Chain 2: Gradient evaluation took 0.00026 seconds
Chain 2: 1000 transitions using 10 leapfrog steps per transition would take 2.6 seconds.
Chain 2: Adjust your expectations accordingly!
Chain 2: 
Chain 2: 
Chain 1: Iteration:     1 / 12000 [  0%]  (Warmup)

SAMPLING FOR MODEL 'anon_model' NOW (CHAIN 3).
Chain 3: 
Chain 3: Gradient evaluation took 0.000226 seconds
Chain 3: 1000 transitions using 10 leapfrog steps per transition would take 2.26 seconds.
Chain 3: Adjust your expectations accordingly!
Chain 3: 
Chain 3: 
Chain 2: Iteration:     1 / 12000 [  0%]  (Warmup)

SAMPLING FOR MODEL 'anon_model' NOW (CHAIN 4).
Chain 4: 
Chain 4: Gradient evaluation took 0.000224 seconds
Chain 4: 1000 transitions using 10 leapfrog steps per transition would take 2.24 seconds.
Chain 4: Adjust your expectations accordingly!
Chain 4: 
Chain 4: 
Chain 3: Iteration:     1 / 12000 [  0%]  (Warmup)
Chain 4: Iteration:     1 / 12000 [  0%]  (Warmup)
Chain 2: Iteration:  1200 / 12000 [ 10%]  (Warmup)
Chain 4: Iteration:  1200 / 12000 [ 10%]  (Warmup)
Chain 1: Iteration:  1200 / 12000 [ 10%]  (Warmup)
Chain 3: Iteration:  1200 / 12000 [ 10%]  (Warmup)
Chain 4: Iteration:  2400 / 12000 [ 20%]  (Warmup)
Chain 2: Iteration:  2400 / 12000 [ 20%]  (Warmup)
Chain 1: Iteration:  2400 / 12000 [ 20%]  (Warmup)
Chain 3: Iteration:  2400 / 12000 [ 20%]  (Warmup)
Chain 4: Iteration:  3600 / 12000 [ 30%]  (Warmup)
Chain 2: Iteration:  3600 / 12000 [ 30%]  (Warmup)
Chain 1: Iteration:  3600 / 12000 [ 30%]  (Warmup)
Chain 3: Iteration:  3600 / 12000 [ 30%]  (Warmup)
Chain 4: Iteration:  4800 / 12000 [ 40%]  (Warmup)
Chain 2: Iteration:  4800 / 12000 [ 40%]  (Warmup)
Chain 1: Iteration:  4800 / 12000 [ 40%]  (Warmup)
Chain 3: Iteration:  4800 / 12000 [ 40%]  (Warmup)
Chain 4: Iteration:  6000 / 12000 [ 50%]  (Warmup)
Chain 4: Iteration:  6001 / 12000 [ 50%]  (Sampling)
Chain 2: Iteration:  6000 / 12000 [ 50%]  (Warmup)
Chain 2: Iteration:  6001 / 12000 [ 50%]  (Sampling)
Chain 3: Iteration:  6000 / 12000 [ 50%]  (Warmup)
Chain 3: Iteration:  6001 / 12000 [ 50%]  (Sampling)
Chain 1: Iteration:  6000 / 12000 [ 50%]  (Warmup)
Chain 1: Iteration:  6001 / 12000 [ 50%]  (Sampling)
Chain 2: Iteration:  7200 / 12000 [ 60%]  (Sampling)
Chain 4: Iteration:  7200 / 12000 [ 60%]  (Sampling)
Chain 3: Iteration:  7200 / 12000 [ 60%]  (Sampling)
Chain 1: Iteration:  7200 / 12000 [ 60%]  (Sampling)
Chain 2: Iteration:  8400 / 12000 [ 70%]  (Sampling)
Chain 3: Iteration:  8400 / 12000 [ 70%]  (Sampling)
Chain 4: Iteration:  8400 / 12000 [ 70%]  (Sampling)
Chain 1: Iteration:  8400 / 12000 [ 70%]  (Sampling)
Chain 2: Iteration:  9600 / 12000 [ 80%]  (Sampling)
Chain 3: Iteration:  9600 / 12000 [ 80%]  (Sampling)
Chain 4: Iteration:  9600 / 12000 [ 80%]  (Sampling)
Chain 1: Iteration:  9600 / 12000 [ 80%]  (Sampling)
Chain 2: Iteration: 10800 / 12000 [ 90%]  (Sampling)
Chain 3: Iteration: 10800 / 12000 [ 90%]  (Sampling)
Chain 1: Iteration: 10800 / 12000 [ 90%]  (Sampling)
Chain 4: Iteration: 10800 / 12000 [ 90%]  (Sampling)
Chain 2: Iteration: 12000 / 12000 [100%]  (Sampling)
Chain 2: 
Chain 2:  Elapsed Time: 22.019 seconds (Warm-up)
Chain 2:                18.605 seconds (Sampling)
Chain 2:                40.624 seconds (Total)
Chain 2: 
Chain 3: Iteration: 12000 / 12000 [100%]  (Sampling)
Chain 3: 
Chain 3:  Elapsed Time: 22.548 seconds (Warm-up)
Chain 3:                18.281 seconds (Sampling)
Chain 3:                40.829 seconds (Total)
Chain 3: 
Chain 1: Iteration: 12000 / 12000 [100%]  (Sampling)
Chain 1: 
Chain 1:  Elapsed Time: 22.646 seconds (Warm-up)
Chain 1:                19.965 seconds (Sampling)
Chain 1:                42.611 seconds (Total)
Chain 1: 
Chain 4: Iteration: 12000 / 12000 [100%]  (Sampling)
Chain 4: 
Chain 4:  Elapsed Time: 21.732 seconds (Warm-up)
Chain 4:                21.177 seconds (Sampling)
Chain 4:                42.909 seconds (Total)
Chain 4: 
Done!
Fitting s12.json, 5/17

SAMPLING FOR MODEL 'anon_model' NOW (CHAIN 1).

SAMPLING FOR MODEL 'anon_model' NOW (CHAIN 2).
Chain 1: 
Chain 1: Gradient evaluation took 0.000701 seconds
Chain 1: 1000 transitions using 10 leapfrog steps per transition would take 7.01 seconds.
Chain 1: Adjust your expectations accordingly!
Chain 1: 
Chain 1: 
Chain 2: 
Chain 2: Gradient evaluation took 0.000248 seconds
Chain 2: 1000 transitions using 10 leapfrog steps per transition would take 2.48 seconds.
Chain 2: Adjust your expectations accordingly!
Chain 2: 
Chain 2: 

SAMPLING FOR MODEL 'anon_model' NOW (CHAIN 3).
Chain 1: Iteration:     1 / 12000 [  0%]  (Warmup)
Chain 2: Iteration:     1 / 12000 [  0%]  (Warmup)

SAMPLING FOR MODEL 'anon_model' NOW (CHAIN 4).
Chain 3: 
Chain 3: Gradient evaluation took 0.000819 seconds
Chain 3: 1000 transitions using 10 leapfrog steps per transition would take 8.19 seconds.
Chain 3: Adjust your expectations accordingly!
Chain 3: 
Chain 3: 
Chain 3: Iteration:     1 / 12000 [  0%]  (Warmup)
Chain 4: 
Chain 4: Gradient evaluation took 0.000807 seconds
Chain 4: 1000 transitions using 10 leapfrog steps per transition would take 8.07 seconds.
Chain 4: Adjust your expectations accordingly!
Chain 4: 
Chain 4: 
Chain 4: Iteration:     1 / 12000 [  0%]  (Warmup)
Chain 1: Iteration:  1200 / 12000 [ 10%]  (Warmup)
Chain 4: Iteration:  1200 / 12000 [ 10%]  (Warmup)
Chain 2: Iteration:  1200 / 12000 [ 10%]  (Warmup)
Chain 3: Iteration:  1200 / 12000 [ 10%]  (Warmup)
Chain 1: Iteration:  2400 / 12000 [ 20%]  (Warmup)
Chain 2: Iteration:  2400 / 12000 [ 20%]  (Warmup)
Chain 4: Iteration:  2400 / 12000 [ 20%]  (Warmup)
Chain 3: Iteration:  2400 / 12000 [ 20%]  (Warmup)
Chain 1: Iteration:  3600 / 12000 [ 30%]  (Warmup)
Chain 2: Iteration:  3600 / 12000 [ 30%]  (Warmup)
Chain 4: Iteration:  3600 / 12000 [ 30%]  (Warmup)
Chain 3: Iteration:  3600 / 12000 [ 30%]  (Warmup)
Chain 1: Iteration:  4800 / 12000 [ 40%]  (Warmup)
Chain 4: Iteration:  4800 / 12000 [ 40%]  (Warmup)
Chain 2: Iteration:  4800 / 12000 [ 40%]  (Warmup)
Chain 3: Iteration:  4800 / 12000 [ 40%]  (Warmup)
Chain 1: Iteration:  6000 / 12000 [ 50%]  (Warmup)
Chain 1: Iteration:  6001 / 12000 [ 50%]  (Sampling)
Chain 4: Iteration:  6000 / 12000 [ 50%]  (Warmup)
Chain 4: Iteration:  6001 / 12000 [ 50%]  (Sampling)
Chain 2: Iteration:  6000 / 12000 [ 50%]  (Warmup)
Chain 2: Iteration:  6001 / 12000 [ 50%]  (Sampling)
Chain 3: Iteration:  6000 / 12000 [ 50%]  (Warmup)
Chain 3: Iteration:  6001 / 12000 [ 50%]  (Sampling)
Chain 4: Iteration:  7200 / 12000 [ 60%]  (Sampling)
Chain 2: Iteration:  7200 / 12000 [ 60%]  (Sampling)
Chain 3: Iteration:  7200 / 12000 [ 60%]  (Sampling)
Chain 1: Iteration:  7200 / 12000 [ 60%]  (Sampling)
Chain 2: Iteration:  8400 / 12000 [ 70%]  (Sampling)
Chain 4: Iteration:  8400 / 12000 [ 70%]  (Sampling)
Chain 3: Iteration:  8400 / 12000 [ 70%]  (Sampling)
Chain 2: Iteration:  9600 / 12000 [ 80%]  (Sampling)
Chain 4: Iteration:  9600 / 12000 [ 80%]  (Sampling)
Chain 1: Iteration:  8400 / 12000 [ 70%]  (Sampling)
Chain 2: Iteration: 10800 / 12000 [ 90%]  (Sampling)
Chain 4: Iteration: 10800 / 12000 [ 90%]  (Sampling)
Chain 3: Iteration:  9600 / 12000 [ 80%]  (Sampling)
Chain 2: Iteration: 12000 / 12000 [100%]  (Sampling)
Chain 2: 
Chain 2:  Elapsed Time: 16.045 seconds (Warm-up)
Chain 2:                12.315 seconds (Sampling)
Chain 2:                28.36 seconds (Total)
Chain 2: 
Chain 4: Iteration: 12000 / 12000 [100%]  (Sampling)
Chain 4: 
Chain 4:  Elapsed Time: 15.759 seconds (Warm-up)
Chain 4:                13.251 seconds (Sampling)
Chain 4:                29.01 seconds (Total)
Chain 4: 
Chain 3: Iteration: 10800 / 12000 [ 90%]  (Sampling)
Chain 1: Iteration:  9600 / 12000 [ 80%]  (Sampling)
Chain 3: Iteration: 12000 / 12000 [100%]  (Sampling)
Chain 3: 
Chain 3:  Elapsed Time: 16.544 seconds (Warm-up)
Chain 3:                16.768 seconds (Sampling)
Chain 3:                33.312 seconds (Total)
Chain 3: 
Chain 1: Iteration: 10800 / 12000 [ 90%]  (Sampling)
Chain 1: Iteration: 12000 / 12000 [100%]  (Sampling)
Chain 1: 
Chain 1:  Elapsed Time: 15.727 seconds (Warm-up)
Chain 1:                25.002 seconds (Sampling)
Chain 1:                40.729 seconds (Total)
Chain 1: 
Done!
Fitting s13.json, 6/17

SAMPLING FOR MODEL 'anon_model' NOW (CHAIN 1).
Chain 1: 
Chain 1: Gradient evaluation took 0.000241 seconds
Chain 1: 1000 transitions using 10 leapfrog steps per transition would take 2.41 seconds.
Chain 1: Adjust your expectations accordingly!
Chain 1: 
Chain 1: 

SAMPLING FOR MODEL 'anon_model' NOW (CHAIN 2).

SAMPLING FOR MODEL 'anon_model' NOW (CHAIN 3).
Chain 2: 
Chain 2: Gradient evaluation took 0.000228 seconds
Chain 2: 1000 transitions using 10 leapfrog steps per transition would take 2.28 seconds.
Chain 2: Adjust your expectations accordingly!
Chain 2: 
Chain 2: 
Chain 3: 
Chain 3: Gradient evaluation took 0.000221 seconds
Chain 3: 1000 transitions using 10 leapfrog steps per transition would take 2.21 seconds.
Chain 3: Adjust your expectations accordingly!
Chain 3: 
Chain 3: 

SAMPLING FOR MODEL 'anon_model' NOW (CHAIN 4).
Chain 4: 
Chain 4: Gradient evaluation took 0.000214 seconds
Chain 4: 1000 transitions using 10 leapfrog steps per transition would take 2.14 seconds.
Chain 4: Adjust your expectations accordingly!
Chain 4: 
Chain 4: 
Chain 1: Iteration:     1 / 12000 [  0%]  (Warmup)
Chain 2: Iteration:     1 / 12000 [  0%]  (Warmup)
Chain 3: Iteration:     1 / 12000 [  0%]  (Warmup)
Chain 4: Iteration:     1 / 12000 [  0%]  (Warmup)
Chain 3: Iteration:  1200 / 12000 [ 10%]  (Warmup)
Chain 2: Iteration:  1200 / 12000 [ 10%]  (Warmup)
Chain 1: Iteration:  1200 / 12000 [ 10%]  (Warmup)
Chain 4: Iteration:  1200 / 12000 [ 10%]  (Warmup)
Chain 3: Iteration:  2400 / 12000 [ 20%]  (Warmup)
Chain 2: Iteration:  2400 / 12000 [ 20%]  (Warmup)
Chain 4: Iteration:  2400 / 12000 [ 20%]  (Warmup)
Chain 1: Iteration:  2400 / 12000 [ 20%]  (Warmup)
Chain 3: Iteration:  3600 / 12000 [ 30%]  (Warmup)
Chain 2: Iteration:  3600 / 12000 [ 30%]  (Warmup)
Chain 4: Iteration:  3600 / 12000 [ 30%]  (Warmup)
Chain 1: Iteration:  3600 / 12000 [ 30%]  (Warmup)
Chain 3: Iteration:  4800 / 12000 [ 40%]  (Warmup)
Chain 2: Iteration:  4800 / 12000 [ 40%]  (Warmup)
Chain 4: Iteration:  4800 / 12000 [ 40%]  (Warmup)
Chain 1: Iteration:  4800 / 12000 [ 40%]  (Warmup)
Chain 3: Iteration:  6000 / 12000 [ 50%]  (Warmup)
Chain 3: Iteration:  6001 / 12000 [ 50%]  (Sampling)
Chain 2: Iteration:  6000 / 12000 [ 50%]  (Warmup)
Chain 2: Iteration:  6001 / 12000 [ 50%]  (Sampling)
Chain 4: Iteration:  6000 / 12000 [ 50%]  (Warmup)
Chain 4: Iteration:  6001 / 12000 [ 50%]  (Sampling)
Chain 1: Iteration:  6000 / 12000 [ 50%]  (Warmup)
Chain 1: Iteration:  6001 / 12000 [ 50%]  (Sampling)
Chain 3: Iteration:  7200 / 12000 [ 60%]  (Sampling)
Chain 1: Iteration:  7200 / 12000 [ 60%]  (Sampling)
Chain 2: Iteration:  7200 / 12000 [ 60%]  (Sampling)
Chain 4: Iteration:  7200 / 12000 [ 60%]  (Sampling)
Chain 3: Iteration:  8400 / 12000 [ 70%]  (Sampling)
Chain 1: Iteration:  8400 / 12000 [ 70%]  (Sampling)
Chain 3: Iteration:  9600 / 12000 [ 80%]  (Sampling)
Chain 2: Iteration:  8400 / 12000 [ 70%]  (Sampling)
Chain 1: Iteration:  9600 / 12000 [ 80%]  (Sampling)
Chain 4: Iteration:  8400 / 12000 [ 70%]  (Sampling)
Chain 3: Iteration: 10800 / 12000 [ 90%]  (Sampling)
Chain 1: Iteration: 10800 / 12000 [ 90%]  (Sampling)
Chain 2: Iteration:  9600 / 12000 [ 80%]  (Sampling)
Chain 3: Iteration: 12000 / 12000 [100%]  (Sampling)
Chain 3: 
Chain 3:  Elapsed Time: 14.682 seconds (Warm-up)
Chain 3:                13.333 seconds (Sampling)
Chain 3:                28.015 seconds (Total)
Chain 3: 
Chain 4: Iteration:  9600 / 12000 [ 80%]  (Sampling)
Chain 1: Iteration: 12000 / 12000 [100%]  (Sampling)
Chain 1: 
Chain 1:  Elapsed Time: 15.212 seconds (Warm-up)
Chain 1:                14.323 seconds (Sampling)
Chain 1:                29.535 seconds (Total)
Chain 1: 
Chain 2: Iteration: 10800 / 12000 [ 90%]  (Sampling)
Chain 4: Iteration: 10800 / 12000 [ 90%]  (Sampling)
Chain 2: Iteration: 12000 / 12000 [100%]  (Sampling)
Chain 2: 
Chain 2:  Elapsed Time: 14.833 seconds (Warm-up)
Chain 2:                20.798 seconds (Sampling)
Chain 2:                35.631 seconds (Total)
Chain 2: 
Chain 4: Iteration: 12000 / 12000 [100%]  (Sampling)
Chain 4: 
Chain 4:  Elapsed Time: 14.914 seconds (Warm-up)
Chain 4:                23.957 seconds (Sampling)
Chain 4:                38.871 seconds (Total)
Chain 4: 
Done!
Fitting s14.json, 7/17

SAMPLING FOR MODEL 'anon_model' NOW (CHAIN 1).

SAMPLING FOR MODEL 'anon_model' NOW (CHAIN 2).
Chain 1: 
Chain 1: Gradient evaluation took 0.000242 seconds
Chain 1: 1000 transitions using 10 leapfrog steps per transition would take 2.42 seconds.
Chain 1: Adjust your expectations accordingly!
Chain 1: 
Chain 1: 

SAMPLING FOR MODEL 'anon_model' NOW (CHAIN 3).
Chain 2: 
Chain 2: Gradient evaluation took 0.000233 seconds
Chain 2: 1000 transitions using 10 leapfrog steps per transition would take 2.33 seconds.
Chain 2: Adjust your expectations accordingly!
Chain 2: 
Chain 2: 
Chain 3: 
Chain 3: Gradient evaluation took 0.000224 seconds
Chain 3: 1000 transitions using 10 leapfrog steps per transition would take 2.24 seconds.
Chain 3: Adjust your expectations accordingly!
Chain 3: 
Chain 3: 
Chain 1: Iteration:     1 / 12000 [  0%]  (Warmup)

SAMPLING FOR MODEL 'anon_model' NOW (CHAIN 4).
Chain 2: Iteration:     1 / 12000 [  0%]  (Warmup)
Chain 3: Iteration:     1 / 12000 [  0%]  (Warmup)
Chain 4: 
Chain 4: Gradient evaluation took 0.000241 seconds
Chain 4: 1000 transitions using 10 leapfrog steps per transition would take 2.41 seconds.
Chain 4: Adjust your expectations accordingly!
Chain 4: 
Chain 4: 
Chain 4: Iteration:     1 / 12000 [  0%]  (Warmup)
Chain 1: Iteration:  1200 / 12000 [ 10%]  (Warmup)
Chain 4: Iteration:  1200 / 12000 [ 10%]  (Warmup)
Chain 2: Iteration:  1200 / 12000 [ 10%]  (Warmup)
Chain 3: Iteration:  1200 / 12000 [ 10%]  (Warmup)
Chain 4: Iteration:  2400 / 12000 [ 20%]  (Warmup)
Chain 1: Iteration:  2400 / 12000 [ 20%]  (Warmup)
Chain 2: Iteration:  2400 / 12000 [ 20%]  (Warmup)
Chain 3: Iteration:  2400 / 12000 [ 20%]  (Warmup)
Chain 4: Iteration:  3600 / 12000 [ 30%]  (Warmup)
Chain 1: Iteration:  3600 / 12000 [ 30%]  (Warmup)
Chain 2: Iteration:  3600 / 12000 [ 30%]  (Warmup)
Chain 3: Iteration:  3600 / 12000 [ 30%]  (Warmup)
Chain 4: Iteration:  4800 / 12000 [ 40%]  (Warmup)
Chain 1: Iteration:  4800 / 12000 [ 40%]  (Warmup)
Chain 2: Iteration:  4800 / 12000 [ 40%]  (Warmup)
Chain 3: Iteration:  4800 / 12000 [ 40%]  (Warmup)
Chain 1: Iteration:  6000 / 12000 [ 50%]  (Warmup)
Chain 1: Iteration:  6001 / 12000 [ 50%]  (Sampling)
Chain 4: Iteration:  6000 / 12000 [ 50%]  (Warmup)
Chain 4: Iteration:  6001 / 12000 [ 50%]  (Sampling)
Chain 2: Iteration:  6000 / 12000 [ 50%]  (Warmup)
Chain 2: Iteration:  6001 / 12000 [ 50%]  (Sampling)
Chain 3: Iteration:  6000 / 12000 [ 50%]  (Warmup)
Chain 3: Iteration:  6001 / 12000 [ 50%]  (Sampling)
Chain 1: Iteration:  7200 / 12000 [ 60%]  (Sampling)
Chain 3: Iteration:  7200 / 12000 [ 60%]  (Sampling)
Chain 4: Iteration:  7200 / 12000 [ 60%]  (Sampling)
Chain 1: Iteration:  8400 / 12000 [ 70%]  (Sampling)
Chain 2: Iteration:  7200 / 12000 [ 60%]  (Sampling)
Chain 3: Iteration:  8400 / 12000 [ 70%]  (Sampling)
Chain 1: Iteration:  9600 / 12000 [ 80%]  (Sampling)
Chain 3: Iteration:  9600 / 12000 [ 80%]  (Sampling)
Chain 4: Iteration:  8400 / 12000 [ 70%]  (Sampling)
Chain 2: Iteration:  8400 / 12000 [ 70%]  (Sampling)
Chain 3: Iteration: 10800 / 12000 [ 90%]  (Sampling)
Chain 1: Iteration: 10800 / 12000 [ 90%]  (Sampling)
Chain 4: Iteration:  9600 / 12000 [ 80%]  (Sampling)
Chain 3: Iteration: 12000 / 12000 [100%]  (Sampling)
Chain 3: 
Chain 3:  Elapsed Time: 18.731 seconds (Warm-up)
Chain 3:                14.391 seconds (Sampling)
Chain 3:                33.122 seconds (Total)
Chain 3: 
Chain 1: Iteration: 12000 / 12000 [100%]  (Sampling)
Chain 1: 
Chain 1:  Elapsed Time: 17.662 seconds (Warm-up)
Chain 1:                16.112 seconds (Sampling)
Chain 1:                33.774 seconds (Total)
Chain 1: 
Chain 2: Iteration:  9600 / 12000 [ 80%]  (Sampling)
Chain 4: Iteration: 10800 / 12000 [ 90%]  (Sampling)
Chain 2: Iteration: 10800 / 12000 [ 90%]  (Sampling)
Chain 4: Iteration: 12000 / 12000 [100%]  (Sampling)
Chain 4: 
Chain 4:  Elapsed Time: 17.689 seconds (Warm-up)
Chain 4:                24.949 seconds (Sampling)
Chain 4:                42.638 seconds (Total)
Chain 4: 
Chain 2: Iteration: 12000 / 12000 [100%]  (Sampling)
Chain 2: 
Chain 2:  Elapsed Time: 18.622 seconds (Warm-up)
Chain 2:                27.704 seconds (Sampling)
Chain 2:                46.326 seconds (Total)
Chain 2: 
Done!
Fitting s15.json, 8/17

SAMPLING FOR MODEL 'anon_model' NOW (CHAIN 1).
Chain 1: 
Chain 1: Gradient evaluation took 0.000243 seconds
Chain 1: 1000 transitions using 10 leapfrog steps per transition would take 2.43 seconds.
Chain 1: Adjust your expectations accordingly!
Chain 1: 
Chain 1: 

SAMPLING FOR MODEL 'anon_model' NOW (CHAIN 2).
Chain 2: 
Chain 2: Gradient evaluation took 0.000238 seconds
Chain 2: 1000 transitions using 10 leapfrog steps per transition would take 2.38 seconds.
Chain 2: Adjust your expectations accordingly!
Chain 2: 
Chain 2: 

SAMPLING FOR MODEL 'anon_model' NOW (CHAIN 3).
Chain 1: Iteration:     1 / 12000 [  0%]  (Warmup)
Chain 3: 
Chain 3: Gradient evaluation took 0.000226 seconds
Chain 3: 1000 transitions using 10 leapfrog steps per transition would take 2.26 seconds.
Chain 3: Adjust your expectations accordingly!
Chain 3: 
Chain 3: 

SAMPLING FOR MODEL 'anon_model' NOW (CHAIN 4).
Chain 2: Iteration:     1 / 12000 [  0%]  (Warmup)
Chain 4: 
Chain 4: Gradient evaluation took 0.000221 seconds
Chain 4: 1000 transitions using 10 leapfrog steps per transition would take 2.21 seconds.
Chain 4: Adjust your expectations accordingly!
Chain 4: 
Chain 4: 
Chain 3: Iteration:     1 / 12000 [  0%]  (Warmup)
Chain 4: Iteration:     1 / 12000 [  0%]  (Warmup)
Chain 2: Iteration:  1200 / 12000 [ 10%]  (Warmup)
Chain 3: Iteration:  1200 / 12000 [ 10%]  (Warmup)
Chain 4: Iteration:  1200 / 12000 [ 10%]  (Warmup)
Chain 1: Iteration:  1200 / 12000 [ 10%]  (Warmup)
Chain 2: Iteration:  2400 / 12000 [ 20%]  (Warmup)
Chain 4: Iteration:  2400 / 12000 [ 20%]  (Warmup)
Chain 3: Iteration:  2400 / 12000 [ 20%]  (Warmup)
Chain 1: Iteration:  2400 / 12000 [ 20%]  (Warmup)
Chain 2: Iteration:  3600 / 12000 [ 30%]  (Warmup)
Chain 4: Iteration:  3600 / 12000 [ 30%]  (Warmup)
Chain 3: Iteration:  3600 / 12000 [ 30%]  (Warmup)
Chain 1: Iteration:  3600 / 12000 [ 30%]  (Warmup)
Chain 2: Iteration:  4800 / 12000 [ 40%]  (Warmup)
Chain 4: Iteration:  4800 / 12000 [ 40%]  (Warmup)
Chain 3: Iteration:  4800 / 12000 [ 40%]  (Warmup)
Chain 1: Iteration:  4800 / 12000 [ 40%]  (Warmup)
Chain 4: Iteration:  6000 / 12000 [ 50%]  (Warmup)
Chain 4: Iteration:  6001 / 12000 [ 50%]  (Sampling)
Chain 2: Iteration:  6000 / 12000 [ 50%]  (Warmup)
Chain 2: Iteration:  6001 / 12000 [ 50%]  (Sampling)
Chain 3: Iteration:  6000 / 12000 [ 50%]  (Warmup)
Chain 3: Iteration:  6001 / 12000 [ 50%]  (Sampling)
Chain 1: Iteration:  6000 / 12000 [ 50%]  (Warmup)
Chain 1: Iteration:  6001 / 12000 [ 50%]  (Sampling)
Chain 4: Iteration:  7200 / 12000 [ 60%]  (Sampling)
Chain 1: Iteration:  7200 / 12000 [ 60%]  (Sampling)
Chain 2: Iteration:  7200 / 12000 [ 60%]  (Sampling)
Chain 3: Iteration:  7200 / 12000 [ 60%]  (Sampling)
Chain 4: Iteration:  8400 / 12000 [ 70%]  (Sampling)
Chain 1: Iteration:  8400 / 12000 [ 70%]  (Sampling)
Chain 4: Iteration:  9600 / 12000 [ 80%]  (Sampling)
Chain 2: Iteration:  8400 / 12000 [ 70%]  (Sampling)
Chain 3: Iteration:  8400 / 12000 [ 70%]  (Sampling)
Chain 4: Iteration: 10800 / 12000 [ 90%]  (Sampling)
Chain 1: Iteration:  9600 / 12000 [ 80%]  (Sampling)
Chain 4: Iteration: 12000 / 12000 [100%]  (Sampling)
Chain 4: 
Chain 4:  Elapsed Time: 19.358 seconds (Warm-up)
Chain 4:                16.549 seconds (Sampling)
Chain 4:                35.907 seconds (Total)
Chain 4: 
Chain 1: Iteration: 10800 / 12000 [ 90%]  (Sampling)
Chain 2: Iteration:  9600 / 12000 [ 80%]  (Sampling)
Chain 3: Iteration:  9600 / 12000 [ 80%]  (Sampling)
Chain 1: Iteration: 12000 / 12000 [100%]  (Sampling)
Chain 1: 
Chain 1:  Elapsed Time: 20.613 seconds (Warm-up)
Chain 1:                20.015 seconds (Sampling)
Chain 1:                40.628 seconds (Total)
Chain 1: 
Chain 2: Iteration: 10800 / 12000 [ 90%]  (Sampling)
Chain 3: Iteration: 10800 / 12000 [ 90%]  (Sampling)
Chain 3: Iteration: 12000 / 12000 [100%]  (Sampling)
Chain 3: 
Chain 3:  Elapsed Time: 19.939 seconds (Warm-up)
Chain 3:                28.682 seconds (Sampling)
Chain 3:                48.621 seconds (Total)
Chain 3: 
Chain 2: Iteration: 12000 / 12000 [100%]  (Sampling)
Chain 2: 
Chain 2:  Elapsed Time: 19.581 seconds (Warm-up)
Chain 2:                29.176 seconds (Sampling)
Chain 2:                48.757 seconds (Total)
Chain 2: 
Done!
Fitting s16.json, 9/17

SAMPLING FOR MODEL 'anon_model' NOW (CHAIN 1).

SAMPLING FOR MODEL 'anon_model' NOW (CHAIN 2).
Chain 1: 
Chain 1: Gradient evaluation took 0.000263 seconds
Chain 1: 1000 transitions using 10 leapfrog steps per transition would take 2.63 seconds.
Chain 1: Adjust your expectations accordingly!
Chain 1: 
Chain 1: 
Chain 2: 
Chain 2: Gradient evaluation took 0.000241 seconds
Chain 2: 1000 transitions using 10 leapfrog steps per transition would take 2.41 seconds.
Chain 2: Adjust your expectations accordingly!
Chain 2: 
Chain 2: 

SAMPLING FOR MODEL 'anon_model' NOW (CHAIN 3).
Chain 1: Iteration:     1 / 12000 [  0%]  (Warmup)
Chain 2: Iteration:     1 / 12000 [  0%]  (Warmup)
Chain 3: 
Chain 3: Gradient evaluation took 0.000426 seconds
Chain 3: 1000 transitions using 10 leapfrog steps per transition would take 4.26 seconds.
Chain 3: Adjust your expectations accordingly!
Chain 3: 
Chain 3: 

SAMPLING FOR MODEL 'anon_model' NOW (CHAIN 4).
Chain 4: 
Chain 4: Gradient evaluation took 0.000251 seconds
Chain 4: 1000 transitions using 10 leapfrog steps per transition would take 2.51 seconds.
Chain 4: Adjust your expectations accordingly!
Chain 4: 
Chain 4: 
Chain 3: Iteration:     1 / 12000 [  0%]  (Warmup)
Chain 4: Iteration:     1 / 12000 [  0%]  (Warmup)
Chain 4: Iteration:  1200 / 12000 [ 10%]  (Warmup)
Chain 1: Iteration:  1200 / 12000 [ 10%]  (Warmup)
Chain 2: Iteration:  1200 / 12000 [ 10%]  (Warmup)
Chain 3: Iteration:  1200 / 12000 [ 10%]  (Warmup)
Chain 1: Iteration:  2400 / 12000 [ 20%]  (Warmup)
Chain 2: Iteration:  2400 / 12000 [ 20%]  (Warmup)
Chain 4: Iteration:  2400 / 12000 [ 20%]  (Warmup)
Chain 3: Iteration:  2400 / 12000 [ 20%]  (Warmup)
Chain 1: Iteration:  3600 / 12000 [ 30%]  (Warmup)
Chain 2: Iteration:  3600 / 12000 [ 30%]  (Warmup)
Chain 4: Iteration:  3600 / 12000 [ 30%]  (Warmup)
Chain 3: Iteration:  3600 / 12000 [ 30%]  (Warmup)
Chain 1: Iteration:  4800 / 12000 [ 40%]  (Warmup)
Chain 2: Iteration:  4800 / 12000 [ 40%]  (Warmup)
Chain 3: Iteration:  4800 / 12000 [ 40%]  (Warmup)
Chain 4: Iteration:  4800 / 12000 [ 40%]  (Warmup)
Chain 1: Iteration:  6000 / 12000 [ 50%]  (Warmup)
Chain 1: Iteration:  6001 / 12000 [ 50%]  (Sampling)
Chain 3: Iteration:  6000 / 12000 [ 50%]  (Warmup)
Chain 3: Iteration:  6001 / 12000 [ 50%]  (Sampling)
Chain 2: Iteration:  6000 / 12000 [ 50%]  (Warmup)
Chain 2: Iteration:  6001 / 12000 [ 50%]  (Sampling)
Chain 4: Iteration:  6000 / 12000 [ 50%]  (Warmup)
Chain 4: Iteration:  6001 / 12000 [ 50%]  (Sampling)
Chain 1: Iteration:  7200 / 12000 [ 60%]  (Sampling)
Chain 3: Iteration:  7200 / 12000 [ 60%]  (Sampling)
Chain 4: Iteration:  7200 / 12000 [ 60%]  (Sampling)
Chain 1: Iteration:  8400 / 12000 [ 70%]  (Sampling)
Chain 2: Iteration:  7200 / 12000 [ 60%]  (Sampling)
Chain 3: Iteration:  8400 / 12000 [ 70%]  (Sampling)
Chain 1: Iteration:  9600 / 12000 [ 80%]  (Sampling)
Chain 4: Iteration:  8400 / 12000 [ 70%]  (Sampling)
Chain 3: Iteration:  9600 / 12000 [ 80%]  (Sampling)
Chain 1: Iteration: 10800 / 12000 [ 90%]  (Sampling)
Chain 2: Iteration:  8400 / 12000 [ 70%]  (Sampling)
Chain 4: Iteration:  9600 / 12000 [ 80%]  (Sampling)
Chain 3: Iteration: 10800 / 12000 [ 90%]  (Sampling)
Chain 1: Iteration: 12000 / 12000 [100%]  (Sampling)
Chain 1: 
Chain 1:  Elapsed Time: 18.557 seconds (Warm-up)
Chain 1:                13.406 seconds (Sampling)
Chain 1:                31.963 seconds (Total)
Chain 1: 
Chain 3: Iteration: 12000 / 12000 [100%]  (Sampling)
Chain 3: 
Chain 3:  Elapsed Time: 19.22 seconds (Warm-up)
Chain 3:                14.571 seconds (Sampling)
Chain 3:                33.791 seconds (Total)
Chain 3: 
Chain 4: Iteration: 10800 / 12000 [ 90%]  (Sampling)
Chain 2: Iteration:  9600 / 12000 [ 80%]  (Sampling)
Chain 4: Iteration: 12000 / 12000 [100%]  (Sampling)
Chain 4: 
Chain 4:  Elapsed Time: 19.364 seconds (Warm-up)
Chain 4:                18.83 seconds (Sampling)
Chain 4:                38.194 seconds (Total)
Chain 4: 
Chain 2: Iteration: 10800 / 12000 [ 90%]  (Sampling)
Chain 2: Iteration: 12000 / 12000 [100%]  (Sampling)
Chain 2: 
Chain 2:  Elapsed Time: 19.228 seconds (Warm-up)
Chain 2:                27.19 seconds (Sampling)
Chain 2:                46.418 seconds (Total)
Chain 2: 
Done!
Fitting s2.json, 10/17

SAMPLING FOR MODEL 'anon_model' NOW (CHAIN 1).
Chain 1: 
Chain 1: Gradient evaluation took 0.000238 seconds
Chain 1: 1000 transitions using 10 leapfrog steps per transition would take 2.38 seconds.
Chain 1: Adjust your expectations accordingly!
Chain 1: 
Chain 1: 

SAMPLING FOR MODEL 'anon_model' NOW (CHAIN 2).

SAMPLING FOR MODEL 'anon_model' NOW (CHAIN 3).
Chain 2: 
Chain 2: Gradient evaluation took 0.000241 seconds
Chain 2: 1000 transitions using 10 leapfrog steps per transition would take 2.41 seconds.
Chain 2: Adjust your expectations accordingly!
Chain 2: 
Chain 2: 
Chain 1: Iteration:     1 / 12000 [  0%]  (Warmup)
Chain 3: 
Chain 3: Gradient evaluation took 0.000227 seconds
Chain 3: 1000 transitions using 10 leapfrog steps per transition would take 2.27 seconds.
Chain 3: Adjust your expectations accordingly!
Chain 3: 
Chain 3: 

SAMPLING FOR MODEL 'anon_model' NOW (CHAIN Chain 42).
: Iteration:     1 / 12000 [  0%]  (Warmup)
Chain 3: Iteration:     1 / 12000 [  0%]  (Warmup)
Chain 4: 
Chain 4: Gradient evaluation took 0.000222 seconds
Chain 4: 1000 transitions using 10 leapfrog steps per transition would take 2.22 seconds.
Chain 4: Adjust your expectations accordingly!
Chain 4: 
Chain 4: 
Chain 4: Iteration:     1 / 12000 [  0%]  (Warmup)
Chain 1: Iteration:  1200 / 12000 [ 10%]  (Warmup)
Chain 3: Iteration:  1200 / 12000 [ 10%]  (Warmup)
Chain 4: Iteration:  1200 / 12000 [ 10%]  (Warmup)
Chain 2: Iteration:  1200 / 12000 [ 10%]  (Warmup)
Chain 3: Iteration:  2400 / 12000 [ 20%]  (Warmup)
Chain 4: Iteration:  2400 / 12000 [ 20%]  (Warmup)
Chain 1: Iteration:  2400 / 12000 [ 20%]  (Warmup)
Chain 2: Iteration:  2400 / 12000 [ 20%]  (Warmup)
Chain 3: Iteration:  3600 / 12000 [ 30%]  (Warmup)
Chain 4: Iteration:  3600 / 12000 [ 30%]  (Warmup)
Chain 1: Iteration:  3600 / 12000 [ 30%]  (Warmup)
Chain 2: Iteration:  3600 / 12000 [ 30%]  (Warmup)
Chain 4: Iteration:  4800 / 12000 [ 40%]  (Warmup)
Chain 1: Iteration:  4800 / 12000 [ 40%]  (Warmup)
Chain 3: Iteration:  4800 / 12000 [ 40%]  (Warmup)
Chain 2: Iteration:  4800 / 12000 [ 40%]  (Warmup)
Chain 1: Iteration:  6000 / 12000 [ 50%]  (Warmup)
Chain 1: Iteration:  6001 / 12000 [ 50%]  (Sampling)
Chain 4: Iteration:  6000 / 12000 [ 50%]  (Warmup)
Chain 4: Iteration:  6001 / 12000 [ 50%]  (Sampling)
Chain 2: Iteration:  6000 / 12000 [ 50%]  (Warmup)
Chain 2: Iteration:  6001 / 12000 [ 50%]  (Sampling)
Chain 3: Iteration:  6000 / 12000 [ 50%]  (Warmup)
Chain 3: Iteration:  6001 / 12000 [ 50%]  (Sampling)
Chain 1: Iteration:  7200 / 12000 [ 60%]  (Sampling)
Chain 2: Iteration:  7200 / 12000 [ 60%]  (Sampling)
Chain 4: Iteration:  7200 / 12000 [ 60%]  (Sampling)
Chain 3: Iteration:  7200 / 12000 [ 60%]  (Sampling)
Chain 1: Iteration:  8400 / 12000 [ 70%]  (Sampling)
Chain 2: Iteration:  8400 / 12000 [ 70%]  (Sampling)
Chain 1: Iteration:  9600 / 12000 [ 80%]  (Sampling)
Chain 3: Iteration:  8400 / 12000 [ 70%]  (Sampling)
Chain 4: Iteration:  8400 / 12000 [ 70%]  (Sampling)
Chain 2: Iteration:  9600 / 12000 [ 80%]  (Sampling)
Chain 1: Iteration: 10800 / 12000 [ 90%]  (Sampling)
Chain 2: Iteration: 10800 / 12000 [ 90%]  (Sampling)
Chain 1: Iteration: 12000 / 12000 [100%]  (Sampling)
Chain 1: 
Chain 1:  Elapsed Time: 17.115 seconds (Warm-up)
Chain 1:                16.228 seconds (Sampling)
Chain 1:                33.343 seconds (Total)
Chain 1: 
Chain 3: Iteration:  9600 / 12000 [ 80%]  (Sampling)
Chain 4: Iteration:  9600 / 12000 [ 80%]  (Sampling)
Chain 2: Iteration: 12000 / 12000 [100%]  (Sampling)
Chain 2: 
Chain 2:  Elapsed Time: 17.36 seconds (Warm-up)
Chain 2:                19.638 seconds (Sampling)
Chain 2:                36.998 seconds (Total)
Chain 2: 
Chain 3: Iteration: 10800 / 12000 [ 90%]  (Sampling)
Chain 4: Iteration: 10800 / 12000 [ 90%]  (Sampling)
Chain 3: Iteration: 12000 / 12000 [100%]  (Sampling)
Chain 3: 
Chain 3:  Elapsed Time: 17.599 seconds (Warm-up)
Chain 3:                26.484 seconds (Sampling)
Chain 3:                44.083 seconds (Total)
Chain 3: 
Chain 4: Iteration: 12000 / 12000 [100%]  (Sampling)
Chain 4: 
Chain 4:  Elapsed Time: 17.242 seconds (Warm-up)
Chain 4:                27.726 seconds (Sampling)
Chain 4:                44.968 seconds (Total)
Chain 4: 
Done!
Fitting s3.json, 11/17

SAMPLING FOR MODEL 'anon_model' NOW (CHAIN 1).

SAMPLING FOR MODEL 'anon_model' NOW (CHAIN 2).
Chain 1: 
Chain 1: Gradient evaluation took 0.000245 seconds
Chain 1: 1000 transitions using 10 leapfrog steps per transition would take 2.45 seconds.
Chain 1: Adjust your expectations accordingly!
Chain 1: 
Chain 1: 
Chain 2: 
Chain 2: Gradient evaluation took 0.00024 seconds
Chain 2: 1000 transitions using 10 leapfrog steps per transition would take 2.4 seconds.
Chain 2: Adjust your expectations accordingly!
Chain 2: 
Chain 2: 

SAMPLING FOR MODEL 'anon_model' NOW (CHAIN 3).
Chain 1: Iteration:     1 / 12000 [  0%]  (Warmup)
Chain 2: Iteration:     1 / 12000 [  0%]  (Warmup)
Chain 3: 
Chain 3: Gradient evaluation took 0.000236 seconds
Chain 3: 1000 transitions using 10 leapfrog steps per transition would take 2.36 seconds.
Chain 3: Adjust your expectations accordingly!
Chain 3: 
Chain 3: 

SAMPLING FOR MODEL 'anon_model' NOW (CHAIN 4).
Chain 3: Iteration:     1 / 12000 [  0%]  (Warmup)
Chain 4: 
Chain 4: Gradient evaluation took 0.000224 seconds
Chain 4: 1000 transitions using 10 leapfrog steps per transition would take 2.24 seconds.
Chain 4: Adjust your expectations accordingly!
Chain 4: 
Chain 4: 
Chain 4: Iteration:     1 / 12000 [  0%]  (Warmup)
Chain 1: Iteration:  1200 / 12000 [ 10%]  (Warmup)
Chain 3: Iteration:  1200 / 12000 [ 10%]  (Warmup)
Chain 4: Iteration:  1200 / 12000 [ 10%]  (Warmup)
Chain 2: Iteration:  1200 / 12000 [ 10%]  (Warmup)
Chain 1: Iteration:  2400 / 12000 [ 20%]  (Warmup)
Chain 3: Iteration:  2400 / 12000 [ 20%]  (Warmup)
Chain 4: Iteration:  2400 / 12000 [ 20%]  (Warmup)
Chain 2: Iteration:  2400 / 12000 [ 20%]  (Warmup)
Chain 1: Iteration:  3600 / 12000 [ 30%]  (Warmup)
Chain 3: Iteration:  3600 / 12000 [ 30%]  (Warmup)
Chain 2: Iteration:  3600 / 12000 [ 30%]  (Warmup)
Chain 4: Iteration:  3600 / 12000 [ 30%]  (Warmup)
Chain 1: Iteration:  4800 / 12000 [ 40%]  (Warmup)
Chain 3: Iteration:  4800 / 12000 [ 40%]  (Warmup)
Chain 2: Iteration:  4800 / 12000 [ 40%]  (Warmup)
Chain 4: Iteration:  4800 / 12000 [ 40%]  (Warmup)
Chain 1: Iteration:  6000 / 12000 [ 50%]  (Warmup)
Chain 1: Iteration:  6001 / 12000 [ 50%]  (Sampling)
Chain 3: Iteration:  6000 / 12000 [ 50%]  (Warmup)
Chain 3: Iteration:  6001 / 12000 [ 50%]  (Sampling)
Chain 2: Iteration:  6000 / 12000 [ 50%]  (Warmup)
Chain 2: Iteration:  6001 / 12000 [ 50%]  (Sampling)
Chain 4: Iteration:  6000 / 12000 [ 50%]  (Warmup)
Chain 4: Iteration:  6001 / 12000 [ 50%]  (Sampling)
Chain 1: Iteration:  7200 / 12000 [ 60%]  (Sampling)
Chain 3: Iteration:  7200 / 12000 [ 60%]  (Sampling)
Chain 4: Iteration:  7200 / 12000 [ 60%]  (Sampling)
Chain 2: Iteration:  7200 / 12000 [ 60%]  (Sampling)
Chain 1: Iteration:  8400 / 12000 [ 70%]  (Sampling)
Chain 3: Iteration:  8400 / 12000 [ 70%]  (Sampling)
Chain 4: Iteration:  8400 / 12000 [ 70%]  (Sampling)
Chain 2: Iteration:  8400 / 12000 [ 70%]  (Sampling)
Chain 1: Iteration:  9600 / 12000 [ 80%]  (Sampling)
Chain 3: Iteration:  9600 / 12000 [ 80%]  (Sampling)
Chain 4: Iteration:  9600 / 12000 [ 80%]  (Sampling)
Chain 1: Iteration: 10800 / 12000 [ 90%]  (Sampling)
Chain 2: Iteration:  9600 / 12000 [ 80%]  (Sampling)
Chain 4: Iteration: 10800 / 12000 [ 90%]  (Sampling)
Chain 3: Iteration: 10800 / 12000 [ 90%]  (Sampling)
Chain 1: Iteration: 12000 / 12000 [100%]  (Sampling)
Chain 1: 
Chain 1:  Elapsed Time: 18.111 seconds (Warm-up)
Chain 1:                24.976 seconds (Sampling)
Chain 1:                43.087 seconds (Total)
Chain 1: 
Chain 2: Iteration: 10800 / 12000 [ 90%]  (Sampling)
Chain 4: Iteration: 12000 / 12000 [100%]  (Sampling)
Chain 4: 
Chain 4:  Elapsed Time: 19.499 seconds (Warm-up)
Chain 4:                26.089 seconds (Sampling)
Chain 4:                45.588 seconds (Total)
Chain 4: 
Chain 3: Iteration: 12000 / 12000 [100%]  (Sampling)
Chain 3: 
Chain 3:  Elapsed Time: 18.95 seconds (Warm-up)
Chain 3:                26.806 seconds (Sampling)
Chain 3:                45.756 seconds (Total)
Chain 3: 
Chain 2: Iteration: 12000 / 12000 [100%]  (Sampling)
Chain 2: 
Chain 2:  Elapsed Time: 19.416 seconds (Warm-up)
Chain 2:                30.966 seconds (Sampling)
Chain 2:                50.382 seconds (Total)
Chain 2: 
Done!
Fitting s4.json, 12/17

SAMPLING FOR MODEL 'anon_model' NOW (CHAIN 1).
Chain 1: 
Chain 1: Gradient evaluation took 0.000239 seconds
Chain 1: 1000 transitions using 10 leapfrog steps per transition would take 2.39 seconds.
Chain 1: Adjust your expectations accordingly!
Chain 1: 
Chain 1: 

SAMPLING FOR MODEL 'anon_model' NOW (CHAIN 2).
Chain 2: 
Chain 2: Gradient evaluation took 0.000227 seconds
Chain 2: 1000 transitions using 10 leapfrog steps per transition would take 2.27 seconds.
Chain 2: Adjust your expectations accordingly!
Chain 2: 
Chain 2: 
Chain 1: Iteration:     1 / 12000 [  0%]  (Warmup)

SAMPLING FOR MODEL 'anon_model' NOW (CHAIN 3).
Chain 3: 
Chain 3: Gradient evaluation took 0.000242 seconds
Chain 3: 1000 transitions using 10 leapfrog steps per transition would take 2.42 seconds.
Chain 3: Adjust your expectations accordingly!
Chain 3: 
Chain 3: 
Chain 2: Iteration:     1 / 12000 [  0%]  (Warmup)

SAMPLING FOR MODEL 'anon_model' NOW (CHAIN 4).
Chain 3: Iteration:     1 / 12000 [  0%]  (Warmup)
Chain 4: 
Chain 4: Gradient evaluation took 0.000231 seconds
Chain 4: 1000 transitions using 10 leapfrog steps per transition would take 2.31 seconds.
Chain 4: Adjust your expectations accordingly!
Chain 4: 
Chain 4: 
Chain 4: Iteration:     1 / 12000 [  0%]  (Warmup)
Chain 4: Iteration:  1200 / 12000 [ 10%]  (Warmup)
Chain 2: Iteration:  1200 / 12000 [ 10%]  (Warmup)
Chain 3: Iteration:  1200 / 12000 [ 10%]  (Warmup)
Chain 1: Iteration:  1200 / 12000 [ 10%]  (Warmup)
Chain 4: Iteration:  2400 / 12000 [ 20%]  (Warmup)
Chain 2: Iteration:  2400 / 12000 [ 20%]  (Warmup)
Chain 3: Iteration:  2400 / 12000 [ 20%]  (Warmup)
Chain 1: Iteration:  2400 / 12000 [ 20%]  (Warmup)
Chain 4: Iteration:  3600 / 12000 [ 30%]  (Warmup)
Chain 2: Iteration:  3600 / 12000 [ 30%]  (Warmup)
Chain 3: Iteration:  3600 / 12000 [ 30%]  (Warmup)
Chain 1: Iteration:  3600 / 12000 [ 30%]  (Warmup)
Chain 4: Iteration:  4800 / 12000 [ 40%]  (Warmup)
Chain 2: Iteration:  4800 / 12000 [ 40%]  (Warmup)
Chain 3: Iteration:  4800 / 12000 [ 40%]  (Warmup)
Chain 1: Iteration:  4800 / 12000 [ 40%]  (Warmup)
Chain 4: Iteration:  6000 / 12000 [ 50%]  (Warmup)
Chain 4: Iteration:  6001 / 12000 [ 50%]  (Sampling)
Chain 3: Iteration:  6000 / 12000 [ 50%]  (Warmup)
Chain 3: Iteration:  6001 / 12000 [ 50%]  (Sampling)
Chain 2: Iteration:  6000 / 12000 [ 50%]  (Warmup)
Chain 2: Iteration:  6001 / 12000 [ 50%]  (Sampling)
Chain 1: Iteration:  6000 / 12000 [ 50%]  (Warmup)
Chain 1: Iteration:  6001 / 12000 [ 50%]  (Sampling)
Chain 3: Iteration:  7200 / 12000 [ 60%]  (Sampling)
Chain 2: Iteration:  7200 / 12000 [ 60%]  (Sampling)
Chain 1: Iteration:  7200 / 12000 [ 60%]  (Sampling)
Chain 4: Iteration:  7200 / 12000 [ 60%]  (Sampling)
Chain 3: Iteration:  8400 / 12000 [ 70%]  (Sampling)
Chain 2: Iteration:  8400 / 12000 [ 70%]  (Sampling)
Chain 1: Iteration:  8400 / 12000 [ 70%]  (Sampling)
Chain 3: Iteration:  9600 / 12000 [ 80%]  (Sampling)
Chain 4: Iteration:  8400 / 12000 [ 70%]  (Sampling)
Chain 1: Iteration:  9600 / 12000 [ 80%]  (Sampling)
Chain 2: Iteration:  9600 / 12000 [ 80%]  (Sampling)
Chain 3: Iteration: 10800 / 12000 [ 90%]  (Sampling)
Chain 1: Iteration: 10800 / 12000 [ 90%]  (Sampling)
Chain 2: Iteration: 10800 / 12000 [ 90%]  (Sampling)
Chain 4: Iteration:  9600 / 12000 [ 80%]  (Sampling)
Chain 3: Iteration: 12000 / 12000 [100%]  (Sampling)
Chain 3: 
Chain 3:  Elapsed Time: 15.415 seconds (Warm-up)
Chain 3:                12.565 seconds (Sampling)
Chain 3:                27.98 seconds (Total)
Chain 3: 
Chain 1: Iteration: 12000 / 12000 [100%]  (Sampling)
Chain 1: 
Chain 1:  Elapsed Time: 16.048 seconds (Warm-up)
Chain 1:                12.602 seconds (Sampling)
Chain 1:                28.65 seconds (Total)
Chain 1: 
Chain 2: Iteration: 12000 / 12000 [100%]  (Sampling)
Chain 2: 
Chain 2:  Elapsed Time: 15.452 seconds (Warm-up)
Chain 2:                14.098 seconds (Sampling)
Chain 2:                29.55 seconds (Total)
Chain 2: 
Chain 4: Iteration: 10800 / 12000 [ 90%]  (Sampling)
Chain 4: Iteration: 12000 / 12000 [100%]  (Sampling)
Chain 4: 
Chain 4:  Elapsed Time: 15.099 seconds (Warm-up)
Chain 4:                20.591 seconds (Sampling)
Chain 4:                35.69 seconds (Total)
Chain 4: 
Done!
Fitting s5.json, 13/17

SAMPLING FOR MODEL 'anon_model' NOW (CHAIN 1).
Chain 1: 
Chain 1: Gradient evaluation took 0.000847 seconds
Chain 1: 1000 transitions using 10 leapfrog steps per transition would take 8.47 seconds.
Chain 1: Adjust your expectations accordingly!
Chain 1: 
Chain 1: 
Chain 1: Iteration:     1 / 12000 [  0%]  (Warmup)

SAMPLING FOR MODEL 'anon_model' NOW (CHAIN 2).

SAMPLING FOR MODEL 'anon_model' NOW (CHAIN 3).
Chain 2: 
Chain 2: Gradient evaluation took 0.000601 seconds
Chain 2: 1000 transitions using 10 leapfrog steps per transition would take 6.01 seconds.
Chain 2: Adjust your expectations accordingly!
Chain 2: 
Chain 2: 
Chain 3: 
Chain 3: Gradient evaluation took 0.000763 seconds
Chain 3: 1000 transitions using 10 leapfrog steps per transition would take 7.63 seconds.
Chain 3: Adjust your expectations accordingly!
Chain 3: 
Chain 3: 
Chain 3: Iteration:     1 / 12000 [  0%]  (Warmup)
Chain 2: Iteration:     1 / 12000 [  0%]  (Warmup)

SAMPLING FOR MODEL 'anon_model' NOW (CHAIN 4).
Chain 4: 
Chain 4: Gradient evaluation took 0.000287 seconds
Chain 4: 1000 transitions using 10 leapfrog steps per transition would take 2.87 seconds.
Chain 4: Adjust your expectations accordingly!
Chain 4: 
Chain 4: 
Chain 4: Iteration:     1 / 12000 [  0%]  (Warmup)
Chain 2: Iteration:  1200 / 12000 [ 10%]  (Warmup)
Chain 4: Iteration:  1200 / 12000 [ 10%]  (Warmup)
Chain 3: Iteration:  1200 / 12000 [ 10%]  (Warmup)
Chain 1: Iteration:  1200 / 12000 [ 10%]  (Warmup)
Chain 4: Iteration:  2400 / 12000 [ 20%]  (Warmup)
Chain 2: Iteration:  2400 / 12000 [ 20%]  (Warmup)
Chain 3: Iteration:  2400 / 12000 [ 20%]  (Warmup)
Chain 1: Iteration:  2400 / 12000 [ 20%]  (Warmup)
Chain 4: Iteration:  3600 / 12000 [ 30%]  (Warmup)
Chain 2: Iteration:  3600 / 12000 [ 30%]  (Warmup)
Chain 3: Iteration:  3600 / 12000 [ 30%]  (Warmup)
Chain 1: Iteration:  3600 / 12000 [ 30%]  (Warmup)
Chain 4: Iteration:  4800 / 12000 [ 40%]  (Warmup)
Chain 2: Iteration:  4800 / 12000 [ 40%]  (Warmup)
Chain 3: Iteration:  4800 / 12000 [ 40%]  (Warmup)
Chain 1: Iteration:  4800 / 12000 [ 40%]  (Warmup)
Chain 4: Iteration:  6000 / 12000 [ 50%]  (Warmup)
Chain 4: Iteration:  6001 / 12000 [ 50%]  (Sampling)
Chain 2: Iteration:  6000 / 12000 [ 50%]  (Warmup)
Chain 2: Iteration:  6001 / 12000 [ 50%]  (Sampling)
Chain 3: Iteration:  6000 / 12000 [ 50%]  (Warmup)
Chain 3: Iteration:  6001 / 12000 [ 50%]  (Sampling)
Chain 1: Iteration:  6000 / 12000 [ 50%]  (Warmup)
Chain 1: Iteration:  6001 / 12000 [ 50%]  (Sampling)
Chain 4: Iteration:  7200 / 12000 [ 60%]  (Sampling)
Chain 2: Iteration:  7200 / 12000 [ 60%]  (Sampling)
Chain 3: Iteration:  7200 / 12000 [ 60%]  (Sampling)
Chain 1: Iteration:  7200 / 12000 [ 60%]  (Sampling)
Chain 3: Iteration:  8400 / 12000 [ 70%]  (Sampling)
Chain 4: Iteration:  8400 / 12000 [ 70%]  (Sampling)
Chain 2: Iteration:  8400 / 12000 [ 70%]  (Sampling)
Chain 1: Iteration:  8400 / 12000 [ 70%]  (Sampling)
Chain 3: Iteration:  9600 / 12000 [ 80%]  (Sampling)
Chain 2: Iteration:  9600 / 12000 [ 80%]  (Sampling)
Chain 4: Iteration:  9600 / 12000 [ 80%]  (Sampling)
Chain 3: Iteration: 10800 / 12000 [ 90%]  (Sampling)
Chain 1: Iteration:  9600 / 12000 [ 80%]  (Sampling)
Chain 2: Iteration: 10800 / 12000 [ 90%]  (Sampling)
Chain 4: Iteration: 10800 / 12000 [ 90%]  (Sampling)
Chain 3: Iteration: 12000 / 12000 [100%]  (Sampling)
Chain 3: 
Chain 3:  Elapsed Time: 23.459 seconds (Warm-up)
Chain 3:                18.489 seconds (Sampling)
Chain 3:                41.948 seconds (Total)
Chain 3: 
Chain 2: Iteration: 12000 / 12000 [100%]  (Sampling)
Chain 2: 
Chain 2:  Elapsed Time: 22.594 seconds (Warm-up)
Chain 2:                20.662 seconds (Sampling)
Chain 2:                43.256 seconds (Total)
Chain 2: 
Chain 1: Iteration: 10800 / 12000 [ 90%]  (Sampling)
Chain 4: Iteration: 12000 / 12000 [100%]  (Sampling)
Chain 4: 
Chain 4:  Elapsed Time: 22.413 seconds (Warm-up)
Chain 4:                21.078 seconds (Sampling)
Chain 4:                43.491 seconds (Total)
Chain 4: 
Chain 1: Iteration: 12000 / 12000 [100%]  (Sampling)
Chain 1: 
Chain 1:  Elapsed Time: 25.133 seconds (Warm-up)
Chain 1:                22.52 seconds (Sampling)
Chain 1:                47.653 seconds (Total)
Chain 1: 
Done!
Fitting s6.json, 14/17

SAMPLING FOR MODEL 'anon_model' NOW (CHAIN 1).
Chain 1: 
Chain 1: Gradient evaluation took 0.000346 seconds
Chain 1: 1000 transitions using 10 leapfrog steps per transition would take 3.46 seconds.
Chain 1: Adjust your expectations accordingly!
Chain 1: 
Chain 1: 

SAMPLING FOR MODEL 'anon_model' NOW (CHAIN 2).
Chain 2: 
Chain 2: Gradient evaluation took 0.000233 seconds
Chain 2: 1000 transitions using 10 leapfrog steps per transition would take 2.33 seconds.
Chain 2: Adjust your expectations accordingly!
Chain 2: 
Chain 2: 

SAMPLING FOR MODEL 'anon_model' NOW (CHAIN 3).
Chain 1: Iteration:     1 / 12000 [  0%]  (Warmup)
Chain 3: 
Chain 3: Gradient evaluation took 0.000275 seconds
Chain 3: 1000 transitions using 10 leapfrog steps per transition would take 2.75 seconds.
Chain 3: Adjust your expectations accordingly!
Chain 3: 
Chain 3: 

SAMPLING FOR MODEL 'anon_model' NOW (CHAIN 4).
Chain 2: Iteration:     1 / 12000 [  0%]  (Warmup)
Chain 4: 
Chain 4: Gradient evaluation took 0.000247 seconds
Chain 4: 1000 transitions using 10 leapfrog steps per transition would take 2.47 seconds.
Chain 4: Adjust your expectations accordingly!
Chain 4: 
Chain 4: 
Chain 3: Iteration:     1 / 12000 [  0%]  (Warmup)
Chain 4: Iteration:     1 / 12000 [  0%]  (Warmup)
Chain 3: Iteration:  1200 / 12000 [ 10%]  (Warmup)
Chain 2: Iteration:  1200 / 12000 [ 10%]  (Warmup)
Chain 1: Iteration:  1200 / 12000 [ 10%]  (Warmup)
Chain 4: Iteration:  1200 / 12000 [ 10%]  (Warmup)
Chain 3: Iteration:  2400 / 12000 [ 20%]  (Warmup)
Chain 2: Iteration:  2400 / 12000 [ 20%]  (Warmup)
Chain 1: Iteration:  2400 / 12000 [ 20%]  (Warmup)
Chain 4: Iteration:  2400 / 12000 [ 20%]  (Warmup)
Chain 2: Iteration:  3600 / 12000 [ 30%]  (Warmup)
Chain 3: Iteration:  3600 / 12000 [ 30%]  (Warmup)
Chain 1: Iteration:  3600 / 12000 [ 30%]  (Warmup)
Chain 4: Iteration:  3600 / 12000 [ 30%]  (Warmup)
Chain 2: Iteration:  4800 / 12000 [ 40%]  (Warmup)
Chain 1: Iteration:  4800 / 12000 [ 40%]  (Warmup)
Chain 3: Iteration:  4800 / 12000 [ 40%]  (Warmup)
Chain 4: Iteration:  4800 / 12000 [ 40%]  (Warmup)
Chain 2: Iteration:  6000 / 12000 [ 50%]  (Warmup)
Chain 2: Iteration:  6001 / 12000 [ 50%]  (Sampling)
Chain 1: Iteration:  6000 / 12000 [ 50%]  (Warmup)
Chain 1: Iteration:  6001 / 12000 [ 50%]  (Sampling)
Chain 4: Iteration:  6000 / 12000 [ 50%]  (Warmup)
Chain 4: Iteration:  6001 / 12000 [ 50%]  (Sampling)
Chain 3: Iteration:  6000 / 12000 [ 50%]  (Warmup)
Chain 3: Iteration:  6001 / 12000 [ 50%]  (Sampling)
Chain 2: Iteration:  7200 / 12000 [ 60%]  (Sampling)
Chain 1: Iteration:  7200 / 12000 [ 60%]  (Sampling)
Chain 3: Iteration:  7200 / 12000 [ 60%]  (Sampling)
Chain 4: Iteration:  7200 / 12000 [ 60%]  (Sampling)
Chain 2: Iteration:  8400 / 12000 [ 70%]  (Sampling)
Chain 1: Iteration:  8400 / 12000 [ 70%]  (Sampling)
Chain 1: Iteration:  9600 / 12000 [ 80%]  (Sampling)
Chain 2: Iteration:  9600 / 12000 [ 80%]  (Sampling)
Chain 3: Iteration:  8400 / 12000 [ 70%]  (Sampling)
Chain 4: Iteration:  8400 / 12000 [ 70%]  (Sampling)
Chain 1: Iteration: 10800 / 12000 [ 90%]  (Sampling)
Chain 2: Iteration: 10800 / 12000 [ 90%]  (Sampling)
Chain 1: Iteration: 12000 / 12000 [100%]  (Sampling)
Chain 1: 
Chain 1:  Elapsed Time: 14.829 seconds (Warm-up)
Chain 1:                12.476 seconds (Sampling)
Chain 1:                27.305 seconds (Total)
Chain 1: 
Chain 2: Iteration: 12000 / 12000 [100%]  (Sampling)
Chain 2: 
Chain 2:  Elapsed Time: 14.615 seconds (Warm-up)
Chain 2:                12.874 seconds (Sampling)
Chain 2:                27.489 seconds (Total)
Chain 2: 
Chain 3: Iteration:  9600 / 12000 [ 80%]  (Sampling)
Chain 4: Iteration:  9600 / 12000 [ 80%]  (Sampling)
Chain 3: Iteration: 10800 / 12000 [ 90%]  (Sampling)
Chain 4: Iteration: 10800 / 12000 [ 90%]  (Sampling)
Chain 3: Iteration: 12000 / 12000 [100%]  (Sampling)
Chain 3: 
Chain 3:  Elapsed Time: 15.23 seconds (Warm-up)
Chain 3:                22.023 seconds (Sampling)
Chain 3:                37.253 seconds (Total)
Chain 3: 
Chain 4: Iteration: 12000 / 12000 [100%]  (Sampling)
Chain 4: 
Chain 4:  Elapsed Time: 15.22 seconds (Warm-up)
Chain 4:                22.106 seconds (Sampling)
Chain 4:                37.326 seconds (Total)
Chain 4: 
Done!
Fitting s7.json, 15/17

SAMPLING FOR MODEL 'anon_model' NOW (CHAIN 1).
Chain 1: 
Chain 1: Gradient evaluation took 0.000258 seconds
Chain 1: 1000 transitions using 10 leapfrog steps per transition would take 2.58 seconds.
Chain 1: Adjust your expectations accordingly!
Chain 1: 
Chain 1: 

SAMPLING FOR MODEL 'anon_model' NOW (CHAIN 2).
Chain 2: 
Chain 2: Gradient evaluation took 0.000228 seconds
Chain 2: 1000 transitions using 10 leapfrog steps per transition would take 2.28 seconds.
Chain 2: Adjust your expectations accordingly!
Chain 2: 
Chain 2: 

SAMPLING FOR MODEL 'anon_model' NOW (CHAIN 3).
Chain 1: Iteration:     1 / 12000 [  0%]  (Warmup)
Chain 3: 
Chain 3: Gradient evaluation took 0.000238 seconds
Chain 3: 1000 transitions using 10 leapfrog steps per transition would take 2.38 seconds.
Chain 3: Adjust your expectations accordingly!
Chain 3: 
Chain 3: 

SAMPLING FOR MODEL 'anon_model' NOW (CHAIN 4).
Chain 2: Iteration:     1 / 12000 [  0%]  (Warmup)
Chain 4: 
Chain 4: Gradient evaluation took 0.000223 seconds
Chain 4: 1000 transitions using 10 leapfrog steps per transition would take 2.23 seconds.
Chain 4: Adjust your expectations accordingly!
Chain 4: 
Chain 4: 
Chain 3: Iteration:     1 / 12000 [  0%]  (Warmup)
Chain 4: Iteration:     1 / 12000 [  0%]  (Warmup)
Chain 2: Iteration:  1200 / 12000 [ 10%]  (Warmup)
Chain 4: Iteration:  1200 / 12000 [ 10%]  (Warmup)
Chain 1: Iteration:  1200 / 12000 [ 10%]  (Warmup)
Chain 3: Iteration:  1200 / 12000 [ 10%]  (Warmup)
Chain 2: Iteration:  2400 / 12000 [ 20%]  (Warmup)
Chain 4: Iteration:  2400 / 12000 [ 20%]  (Warmup)
Chain 1: Iteration:  2400 / 12000 [ 20%]  (Warmup)
Chain 3: Iteration:  2400 / 12000 [ 20%]  (Warmup)
Chain 2: Iteration:  3600 / 12000 [ 30%]  (Warmup)
Chain 4: Iteration:  3600 / 12000 [ 30%]  (Warmup)
Chain 3: Iteration:  3600 / 12000 [ 30%]  (Warmup)
Chain 1: Iteration:  3600 / 12000 [ 30%]  (Warmup)
Chain 2: Iteration:  4800 / 12000 [ 40%]  (Warmup)
Chain 4: Iteration:  4800 / 12000 [ 40%]  (Warmup)
Chain 3: Iteration:  4800 / 12000 [ 40%]  (Warmup)
Chain 1: Iteration:  4800 / 12000 [ 40%]  (Warmup)
Chain 2: Iteration:  6000 / 12000 [ 50%]  (Warmup)
Chain 2: Iteration:  6001 / 12000 [ 50%]  (Sampling)
Chain 3: Iteration:  6000 / 12000 [ 50%]  (Warmup)
Chain 3: Iteration:  6001 / 12000 [ 50%]  (Sampling)
Chain 4: Iteration:  6000 / 12000 [ 50%]  (Warmup)
Chain 4: Iteration:  6001 / 12000 [ 50%]  (Sampling)
Chain 1: Iteration:  6000 / 12000 [ 50%]  (Warmup)
Chain 1: Iteration:  6001 / 12000 [ 50%]  (Sampling)
Chain 2: Iteration:  7200 / 12000 [ 60%]  (Sampling)
Chain 4: Iteration:  7200 / 12000 [ 60%]  (Sampling)
Chain 1: Iteration:  7200 / 12000 [ 60%]  (Sampling)
Chain 3: Iteration:  7200 / 12000 [ 60%]  (Sampling)
Chain 1: Iteration:  8400 / 12000 [ 70%]  (Sampling)
Chain 4: Iteration:  8400 / 12000 [ 70%]  (Sampling)
Chain 2: Iteration:  8400 / 12000 [ 70%]  (Sampling)
Chain 3: Iteration:  8400 / 12000 [ 70%]  (Sampling)
Chain 1: Iteration:  9600 / 12000 [ 80%]  (Sampling)
Chain 4: Iteration:  9600 / 12000 [ 80%]  (Sampling)
Chain 2: Iteration:  9600 / 12000 [ 80%]  (Sampling)
Chain 3: Iteration:  9600 / 12000 [ 80%]  (Sampling)
Chain 1: Iteration: 10800 / 12000 [ 90%]  (Sampling)
Chain 4: Iteration: 10800 / 12000 [ 90%]  (Sampling)
Chain 2: Iteration: 10800 / 12000 [ 90%]  (Sampling)
Chain 3: Iteration: 10800 / 12000 [ 90%]  (Sampling)
Chain 1: Iteration: 12000 / 12000 [100%]  (Sampling)
Chain 1: 
Chain 1:  Elapsed Time: 20.118 seconds (Warm-up)
Chain 1:                14.68 seconds (Sampling)
Chain 1:                34.798 seconds (Total)
Chain 1: 
Chain 4: Iteration: 12000 / 12000 [100%]  (Sampling)
Chain 4: 
Chain 4:  Elapsed Time: 19.618 seconds (Warm-up)
Chain 4:                15.841 seconds (Sampling)
Chain 4:                35.459 seconds (Total)
Chain 4: 
Chain 2: Iteration: 12000 / 12000 [100%]  (Sampling)
Chain 2: 
Chain 2:  Elapsed Time: 19.099 seconds (Warm-up)
Chain 2:                17.394 seconds (Sampling)
Chain 2:                36.493 seconds (Total)
Chain 2: 
Chain 3: Iteration: 12000 / 12000 [100%]  (Sampling)
Chain 3: 
Chain 3:  Elapsed Time: 19.616 seconds (Warm-up)
Chain 3:                18.389 seconds (Sampling)
Chain 3:                38.005 seconds (Total)
Chain 3: 
Done!
Fitting s8.json, 16/17

SAMPLING FOR MODEL 'anon_model' NOW (CHAIN 1).
Chain 1: 
Chain 1: Gradient evaluation took 0.000235 seconds
Chain 1: 1000 transitions using 10 leapfrog steps per transition would take 2.35 seconds.
Chain 1: Adjust your expectations accordingly!
Chain 1: 
Chain 1: 

SAMPLING FOR MODEL 'anon_model' NOW (CHAIN 2).

SAMPLING FOR MODEL 'anon_model' NOW (CHAIN 3).
Chain 2: 
Chain 2: Gradient evaluation took 0.000228 seconds
Chain 2: 1000 transitions using 10 leapfrog steps per transition would take 2.28 seconds.
Chain 2: Adjust your expectations accordingly!
Chain 2: 
Chain 2: 
Chain 1: Iteration:     1 / 12000 [  0%]  (Warmup)
Chain 3: 
Chain 3: Gradient evaluation took 0.000224 seconds
Chain 3: 1000 transitions using 10 leapfrog steps per transition would take 2.24 seconds.
Chain 3: Adjust your expectations accordingly!
Chain 3: 
Chain 3: 

SAMPLING FOR MODEL 'anon_model' NOW (CHAIN 4).
Chain 4: 
Chain 4: Gradient evaluation took 0.000219 seconds
Chain 4: 1000 transitions using 10 leapfrog steps per transition would take 2.19 seconds.
Chain 4: Adjust your expectations accordingly!
Chain 4: 
Chain 4: 
Chain 2: Iteration:     1 / 12000 [  0%]  (Warmup)
Chain 3: Iteration:     1 / 12000 [  0%]  (Warmup)
Chain 4: Iteration:     1 / 12000 [  0%]  (Warmup)
Chain 4: Iteration:  1200 / 12000 [ 10%]  (Warmup)
Chain 1: Iteration:  1200 / 12000 [ 10%]  (Warmup)
Chain 3: Iteration:  1200 / 12000 [ 10%]  (Warmup)
Chain 2: Iteration:  1200 / 12000 [ 10%]  (Warmup)
Chain 1: Iteration:  2400 / 12000 [ 20%]  (Warmup)
Chain 3: Iteration:  2400 / 12000 [ 20%]  (Warmup)
Chain 4: Iteration:  2400 / 12000 [ 20%]  (Warmup)
Chain 2: Iteration:  2400 / 12000 [ 20%]  (Warmup)
Chain 3: Iteration:  3600 / 12000 [ 30%]  (Warmup)
Chain 1: Iteration:  3600 / 12000 [ 30%]  (Warmup)
Chain 4: Iteration:  3600 / 12000 [ 30%]  (Warmup)
Chain 2: Iteration:  3600 / 12000 [ 30%]  (Warmup)
Chain 3: Iteration:  4800 / 12000 [ 40%]  (Warmup)
Chain 1: Iteration:  4800 / 12000 [ 40%]  (Warmup)
Chain 4: Iteration:  4800 / 12000 [ 40%]  (Warmup)
Chain 2: Iteration:  4800 / 12000 [ 40%]  (Warmup)
Chain 3: Iteration:  6000 / 12000 [ 50%]  (Warmup)
Chain 3: Iteration:  6001 / 12000 [ 50%]  (Sampling)
Chain 1: Iteration:  6000 / 12000 [ 50%]  (Warmup)
Chain 1: Iteration:  6001 / 12000 [ 50%]  (Sampling)
Chain 4: Iteration:  6000 / 12000 [ 50%]  (Warmup)
Chain 4: Iteration:  6001 / 12000 [ 50%]  (Sampling)
Chain 2: Iteration:  6000 / 12000 [ 50%]  (Warmup)
Chain 2: Iteration:  6001 / 12000 [ 50%]  (Sampling)
Chain 3: Iteration:  7200 / 12000 [ 60%]  (Sampling)
Chain 1: Iteration:  7200 / 12000 [ 60%]  (Sampling)
Chain 4: Iteration:  7200 / 12000 [ 60%]  (Sampling)
Chain 3: Iteration:  8400 / 12000 [ 70%]  (Sampling)
Chain 1: Iteration:  8400 / 12000 [ 70%]  (Sampling)
Chain 4: Iteration:  8400 / 12000 [ 70%]  (Sampling)
Chain 2: Iteration:  7200 / 12000 [ 60%]  (Sampling)
Chain 3: Iteration:  9600 / 12000 [ 80%]  (Sampling)
Chain 1: Iteration:  9600 / 12000 [ 80%]  (Sampling)
Chain 4: Iteration:  9600 / 12000 [ 80%]  (Sampling)
Chain 3: Iteration: 10800 / 12000 [ 90%]  (Sampling)
Chain 2: Iteration:  8400 / 12000 [ 70%]  (Sampling)
Chain 1: Iteration: 10800 / 12000 [ 90%]  (Sampling)
Chain 4: Iteration: 10800 / 12000 [ 90%]  (Sampling)
Chain 3: Iteration: 12000 / 12000 [100%]  (Sampling)
Chain 3: 
Chain 3:  Elapsed Time: 18.298 seconds (Warm-up)
Chain 3:                14.807 seconds (Sampling)
Chain 3:                33.105 seconds (Total)
Chain 3: 
Chain 1: Iteration: 12000 / 12000 [100%]  (Sampling)
Chain 1: 
Chain 1:  Elapsed Time: 18.523 seconds (Warm-up)
Chain 1:                16.216 seconds (Sampling)
Chain 1:                34.739 seconds (Total)
Chain 1: 
Chain 4: Iteration: 12000 / 12000 [100%]  (Sampling)
Chain 4: 
Chain 4:  Elapsed Time: 19.122 seconds (Warm-up)
Chain 4:                15.847 seconds (Sampling)
Chain 4:                34.969 seconds (Total)
Chain 4: 
Chain 2: Iteration:  9600 / 12000 [ 80%]  (Sampling)
Chain 2: Iteration: 10800 / 12000 [ 90%]  (Sampling)
Chain 2: Iteration: 12000 / 12000 [100%]  (Sampling)
Chain 2: 
Chain 2:  Elapsed Time: 19.559 seconds (Warm-up)
Chain 2:                29.343 seconds (Sampling)
Chain 2:                48.902 seconds (Total)
Chain 2: 
Done!
Fitting s9.json, 17/17

SAMPLING FOR MODEL 'anon_model' NOW (CHAIN 1).

SAMPLING FOR MODEL 'anon_model' NOW (CHAIN 2).
Chain 1: 
Chain 1: Gradient evaluation took 0.000244 seconds
Chain 1: 1000 transitions using 10 leapfrog steps per transition would take 2.44 seconds.
Chain 1: Adjust your expectations accordingly!
Chain 1: 
Chain 1: 
Chain 2: 
Chain 2: Gradient evaluation took 0.000253 seconds
Chain 2: 1000 transitions using 10 leapfrog steps per transition would take 2.53 seconds.
Chain 2: Adjust your expectations accordingly!
Chain 2: 
Chain 2: 

SAMPLING FOR MODEL 'anon_model' NOW (CHAIN 3).
Chain 1: Iteration:     1 / 12000 [  0%]  (Warmup)
Chain 3: 
Chain 3: Gradient evaluation took 0.000414 seconds
Chain 3: 1000 transitions using 10 leapfrog steps per transition would take 4.14 seconds.
Chain 3: Adjust your expectations accordingly!
Chain 3: 
Chain 3: 
Chain 2: Iteration:     1 / 12000 [  0%]  (Warmup)

SAMPLING FOR MODEL 'anon_model' NOW (CHAIN 4).
Chain 3: Iteration:     1 / 12000 [  0%]  (Warmup)
Chain 4: 
Chain 4: Gradient evaluation took 0.000268 seconds
Chain 4: 1000 transitions using 10 leapfrog steps per transition would take 2.68 seconds.
Chain 4: Adjust your expectations accordingly!
Chain 4: 
Chain 4: 
Chain 4: Iteration:     1 / 12000 [  0%]  (Warmup)
Chain 1: Iteration:  1200 / 12000 [ 10%]  (Warmup)
Chain 3: Iteration:  1200 / 12000 [ 10%]  (Warmup)
Chain 4: Iteration:  1200 / 12000 [ 10%]  (Warmup)
Chain 2: Iteration:  1200 / 12000 [ 10%]  (Warmup)
Chain 4: Iteration:  2400 / 12000 [ 20%]  (Warmup)
Chain 3: Iteration:  2400 / 12000 [ 20%]  (Warmup)
Chain 1: Iteration:  2400 / 12000 [ 20%]  (Warmup)
Chain 2: Iteration:  2400 / 12000 [ 20%]  (Warmup)
Chain 1: Iteration:  3600 / 12000 [ 30%]  (Warmup)
Chain 3: Iteration:  3600 / 12000 [ 30%]  (Warmup)
Chain 4: Iteration:  3600 / 12000 [ 30%]  (Warmup)
Chain 2: Iteration:  3600 / 12000 [ 30%]  (Warmup)
Chain 1: Iteration:  4800 / 12000 [ 40%]  (Warmup)
Chain 3: Iteration:  4800 / 12000 [ 40%]  (Warmup)
Chain 4: Iteration:  4800 / 12000 [ 40%]  (Warmup)
Chain 2: Iteration:  4800 / 12000 [ 40%]  (Warmup)
Chain 3: Iteration:  6000 / 12000 [ 50%]  (Warmup)
Chain 3: Iteration:  6001 / 12000 [ 50%]  (Sampling)
Chain 1: Iteration:  6000 / 12000 [ 50%]  (Warmup)
Chain 1: Iteration:  6001 / 12000 [ 50%]  (Sampling)
Chain 4: Iteration:  6000 / 12000 [ 50%]  (Warmup)
Chain 4: Iteration:  6001 / 12000 [ 50%]  (Sampling)
Chain 2: Iteration:  6000 / 12000 [ 50%]  (Warmup)
Chain 2: Iteration:  6001 / 12000 [ 50%]  (Sampling)
Chain 2: Iteration:  7200 / 12000 [ 60%]  (Sampling)
Chain 4: Iteration:  7200 / 12000 [ 60%]  (Sampling)
Chain 3: Iteration:  7200 / 12000 [ 60%]  (Sampling)
Chain 1: Iteration:  7200 / 12000 [ 60%]  (Sampling)
Chain 2: Iteration:  8400 / 12000 [ 70%]  (Sampling)
Chain 4: Iteration:  8400 / 12000 [ 70%]  (Sampling)
Chain 3: Iteration:  8400 / 12000 [ 70%]  (Sampling)
Chain 2: Iteration:  9600 / 12000 [ 80%]  (Sampling)
Chain 1: Iteration:  8400 / 12000 [ 70%]  (Sampling)
Chain 4: Iteration:  9600 / 12000 [ 80%]  (Sampling)
Chain 2: Iteration: 10800 / 12000 [ 90%]  (Sampling)
Chain 4: Iteration: 10800 / 12000 [ 90%]  (Sampling)
Chain 3: Iteration:  9600 / 12000 [ 80%]  (Sampling)
Chain 1: Iteration:  9600 / 12000 [ 80%]  (Sampling)
Chain 2: Iteration: 12000 / 12000 [100%]  (Sampling)
Chain 2: 
Chain 2:  Elapsed Time: 18.272 seconds (Warm-up)
Chain 2:                16.1 seconds (Sampling)
Chain 2:                34.372 seconds (Total)
Chain 2: 
Chain 4: Iteration: 12000 / 12000 [100%]  (Sampling)
Chain 4: 
Chain 4:  Elapsed Time: 18.241 seconds (Warm-up)
Chain 4:                17.324 seconds (Sampling)
Chain 4:                35.565 seconds (Total)
Chain 4: 
Chain 3: Iteration: 10800 / 12000 [ 90%]  (Sampling)
Chain 1: Iteration: 10800 / 12000 [ 90%]  (Sampling)
Chain 3: Iteration: 12000 / 12000 [100%]  (Sampling)
Chain 3: 
Chain 3:  Elapsed Time: 17.895 seconds (Warm-up)
Chain 3:                23.712 seconds (Sampling)
Chain 3:                41.607 seconds (Total)
Chain 3: 
Chain 1: Iteration: 12000 / 12000 [100%]  (Sampling)
Chain 1: 
Chain 1:  Elapsed Time: 17.935 seconds (Warm-up)
Chain 1:                26.091 seconds (Sampling)
Chain 1:                44.026 seconds (Total)
Chain 1: 
Done!
Assumed model: m2 (model_index = 2 )
Fitting s0.json, 1/17

SAMPLING FOR MODEL 'anon_model' NOW (CHAIN 1).

SAMPLING FOR MODEL 'anon_model' NOW (CHAIN 2).
Chain 1: 
Chain 1: Gradient evaluation took 0.000253 seconds
Chain 1: 1000 transitions using 10 leapfrog steps per transition would take 2.53 seconds.
Chain 1: Adjust your expectations accordingly!
Chain 1: 
Chain 1: 

SAMPLING FOR MODEL 'anon_model' NOW (CHAIN 3).
Chain 2: 
Chain 2: Gradient evaluation took 0.000259 seconds
Chain 2: 1000 transitions using 10 leapfrog steps per transition would take 2.59 seconds.
Chain 2: Adjust your expectations accordingly!
Chain 2: 
Chain 2: 
Chain 3: 
Chain 3: Gradient evaluation took 0.00031 seconds
Chain 3: 1000 transitions using 10 leapfrog steps per transition would take 3.1 seconds.
Chain 3: Adjust your expectations accordingly!
Chain 3: 
Chain 3: 
Chain 1: Iteration:     1 / 12000 [  0%]  (Warmup)
Chain 2: Iteration:     1 / 12000 [  0%]  (Warmup)
Chain 3: Iteration:     1 / 12000 [  0%]  (Warmup)

SAMPLING FOR MODEL 'anon_model' NOW (CHAIN 4).
Chain 4: 
Chain 4: Gradient evaluation took 0.000248 seconds
Chain 4: 1000 transitions using 10 leapfrog steps per transition would take 2.48 seconds.
Chain 4: Adjust your expectations accordingly!
Chain 4: 
Chain 4: 
Chain 4: Iteration:     1 / 12000 [  0%]  (Warmup)
Chain 1: Iteration:  1200 / 12000 [ 10%]  (Warmup)
Chain 4: Iteration:  1200 / 12000 [ 10%]  (Warmup)
Chain 2: Iteration:  1200 / 12000 [ 10%]  (Warmup)
Chain 3: Iteration:  1200 / 12000 [ 10%]  (Warmup)
Chain 1: Iteration:  2400 / 12000 [ 20%]  (Warmup)
Chain 4: Iteration:  2400 / 12000 [ 20%]  (Warmup)
Chain 2: Iteration:  2400 / 12000 [ 20%]  (Warmup)
Chain 3: Iteration:  2400 / 12000 [ 20%]  (Warmup)
Chain 1: Iteration:  3600 / 12000 [ 30%]  (Warmup)
Chain 4: Iteration:  3600 / 12000 [ 30%]  (Warmup)
Chain 2: Iteration:  3600 / 12000 [ 30%]  (Warmup)
Chain 3: Iteration:  3600 / 12000 [ 30%]  (Warmup)
Chain 4: Iteration:  4800 / 12000 [ 40%]  (Warmup)
Chain 1: Iteration:  4800 / 12000 [ 40%]  (Warmup)
Chain 2: Iteration:  4800 / 12000 [ 40%]  (Warmup)
Chain 3: Iteration:  4800 / 12000 [ 40%]  (Warmup)
Chain 4: Iteration:  6000 / 12000 [ 50%]  (Warmup)
Chain 4: Iteration:  6001 / 12000 [ 50%]  (Sampling)
Chain 1: Iteration:  6000 / 12000 [ 50%]  (Warmup)
Chain 1: Iteration:  6001 / 12000 [ 50%]  (Sampling)
Chain 2: Iteration:  6000 / 12000 [ 50%]  (Warmup)
Chain 2: Iteration:  6001 / 12000 [ 50%]  (Sampling)
Chain 3: Iteration:  6000 / 12000 [ 50%]  (Warmup)
Chain 3: Iteration:  6001 / 12000 [ 50%]  (Sampling)
Chain 4: Iteration:  7200 / 12000 [ 60%]  (Sampling)
Chain 1: Iteration:  7200 / 12000 [ 60%]  (Sampling)
Chain 3: Iteration:  7200 / 12000 [ 60%]  (Sampling)
Chain 2: Iteration:  7200 / 12000 [ 60%]  (Sampling)
Chain 4: Iteration:  8400 / 12000 [ 70%]  (Sampling)
Chain 1: Iteration:  8400 / 12000 [ 70%]  (Sampling)
Chain 3: Iteration:  8400 / 12000 [ 70%]  (Sampling)
Chain 4: Iteration:  9600 / 12000 [ 80%]  (Sampling)
Chain 2: Iteration:  8400 / 12000 [ 70%]  (Sampling)
Chain 1: Iteration:  9600 / 12000 [ 80%]  (Sampling)
Chain 3: Iteration:  9600 / 12000 [ 80%]  (Sampling)
Chain 4: Iteration: 10800 / 12000 [ 90%]  (Sampling)
Chain 3: Iteration: 10800 / 12000 [ 90%]  (Sampling)
Chain 1: Iteration: 10800 / 12000 [ 90%]  (Sampling)
Chain 4: Iteration: 12000 / 12000 [100%]  (Sampling)
Chain 4: 
Chain 4:  Elapsed Time: 16.116 seconds (Warm-up)
Chain 4:                13.685 seconds (Sampling)
Chain 4:                29.801 seconds (Total)
Chain 4: 
Chain 2: Iteration:  9600 / 12000 [ 80%]  (Sampling)
Chain 3: Iteration: 12000 / 12000 [100%]  (Sampling)
Chain 3: 
Chain 3:  Elapsed Time: 16.812 seconds (Warm-up)
Chain 3:                15.708 seconds (Sampling)
Chain 3:                32.52 seconds (Total)
Chain 3: 
Chain 1: Iteration: 12000 / 12000 [100%]  (Sampling)
Chain 1: 
Chain 1:  Elapsed Time: 16.202 seconds (Warm-up)
Chain 1:                16.658 seconds (Sampling)
Chain 1:                32.86 seconds (Total)
Chain 1: 
Chain 2: Iteration: 10800 / 12000 [ 90%]  (Sampling)
Chain 2: Iteration: 12000 / 12000 [100%]  (Sampling)
Chain 2: 
Chain 2:  Elapsed Time: 16.359 seconds (Warm-up)
Chain 2:                24.117 seconds (Sampling)
Chain 2:                40.476 seconds (Total)
Chain 2: 
Done!
Fitting s1.json, 2/17

SAMPLING FOR MODEL 'anon_model' NOW (CHAIN 1).
Chain 1: 
Chain 1: Gradient evaluation took 0.000237 seconds
Chain 1: 1000 transitions using 10 leapfrog steps per transition would take 2.37 seconds.
Chain 1: Adjust your expectations accordingly!
Chain 1: 
Chain 1: 

SAMPLING FOR MODEL 'anon_model' NOW (CHAIN 2).
Chain 2: 
Chain 2: Gradient evaluation took 0.000238 seconds
Chain 2: 1000 transitions using 10 leapfrog steps per transition would take 2.38 seconds.
Chain 2: Adjust your expectations accordingly!
Chain 2: 
Chain 2: 

SAMPLING FOR MODEL 'anon_model' NOW (CHAIN 3).
Chain 1: Iteration:     1 / 12000 [  0%]  (Warmup)
Chain 3: 
Chain 3: Gradient evaluation took 0.000291 seconds
Chain 3: 1000 transitions using 10 leapfrog steps per transition would take 2.91 seconds.
Chain 3: Adjust your expectations accordingly!
Chain 3: 
Chain 3: 
Chain 2: Iteration:     1 / 12000 [  0%]  (Warmup)

SAMPLING FOR MODEL 'anon_model' NOW (CHAIN 4).
Chain 3: Iteration:     1 / 12000 [  0%]  (Warmup)
Chain 4: 
Chain 4: Gradient evaluation took 0.000226 seconds
Chain 4: 1000 transitions using 10 leapfrog steps per transition would take 2.26 seconds.
Chain 4: Adjust your expectations accordingly!
Chain 4: 
Chain 4: 
Chain 4: Iteration:     1 / 12000 [  0%]  (Warmup)
Chain 4: Iteration:  1200 / 12000 [ 10%]  (Warmup)
Chain 1: Iteration:  1200 / 12000 [ 10%]  (Warmup)
Chain 2: Iteration:  1200 / 12000 [ 10%]  (Warmup)
Chain 3: Iteration:  1200 / 12000 [ 10%]  (Warmup)
Chain 4: Iteration:  2400 / 12000 [ 20%]  (Warmup)
Chain 1: Iteration:  2400 / 12000 [ 20%]  (Warmup)
Chain 2: Iteration:  2400 / 12000 [ 20%]  (Warmup)
Chain 3: Iteration:  2400 / 12000 [ 20%]  (Warmup)
Chain 4: Iteration:  3600 / 12000 [ 30%]  (Warmup)
Chain 1: Iteration:  3600 / 12000 [ 30%]  (Warmup)
Chain 2: Iteration:  3600 / 12000 [ 30%]  (Warmup)
Chain 3: Iteration:  3600 / 12000 [ 30%]  (Warmup)
Chain 4: Iteration:  4800 / 12000 [ 40%]  (Warmup)
Chain 1: Iteration:  4800 / 12000 [ 40%]  (Warmup)
Chain 2: Iteration:  4800 / 12000 [ 40%]  (Warmup)
Chain 3: Iteration:  4800 / 12000 [ 40%]  (Warmup)
Chain 4: Iteration:  6000 / 12000 [ 50%]  (Warmup)
Chain 4: Iteration:  6001 / 12000 [ 50%]  (Sampling)
Chain 1: Iteration:  6000 / 12000 [ 50%]  (Warmup)
Chain 1: Iteration:  6001 / 12000 [ 50%]  (Sampling)
Chain 2: Iteration:  6000 / 12000 [ 50%]  (Warmup)
Chain 2: Iteration:  6001 / 12000 [ 50%]  (Sampling)
Chain 3: Iteration:  6000 / 12000 [ 50%]  (Warmup)
Chain 3: Iteration:  6001 / 12000 [ 50%]  (Sampling)
Chain 1: Iteration:  7200 / 12000 [ 60%]  (Sampling)
Chain 4: Iteration:  7200 / 12000 [ 60%]  (Sampling)
Chain 3: Iteration:  7200 / 12000 [ 60%]  (Sampling)
Chain 1: Iteration:  8400 / 12000 [ 70%]  (Sampling)
Chain 2: Iteration:  7200 / 12000 [ 60%]  (Sampling)
Chain 1: Iteration:  9600 / 12000 [ 80%]  (Sampling)
Chain 3: Iteration:  8400 / 12000 [ 70%]  (Sampling)
Chain 4: Iteration:  8400 / 12000 [ 70%]  (Sampling)
Chain 2: Iteration:  8400 / 12000 [ 70%]  (Sampling)
Chain 1: Iteration: 10800 / 12000 [ 90%]  (Sampling)
Chain 1: Iteration: 12000 / 12000 [100%]  (Sampling)
Chain 1: 
Chain 1:  Elapsed Time: 15.121 seconds (Warm-up)
Chain 1:                13.214 seconds (Sampling)
Chain 1:                28.335 seconds (Total)
Chain 1: 
Chain 3: Iteration:  9600 / 12000 [ 80%]  (Sampling)
Chain 4: Iteration:  9600 / 12000 [ 80%]  (Sampling)
Chain 2: Iteration:  9600 / 12000 [ 80%]  (Sampling)
Chain 3: Iteration: 10800 / 12000 [ 90%]  (Sampling)
Chain 4: Iteration: 10800 / 12000 [ 90%]  (Sampling)
Chain 2: Iteration: 10800 / 12000 [ 90%]  (Sampling)
Chain 3: Iteration: 12000 / 12000 [100%]  (Sampling)
Chain 3: 
Chain 3:  Elapsed Time: 15.695 seconds (Warm-up)
Chain 3:                22.245 seconds (Sampling)
Chain 3:                37.94 seconds (Total)
Chain 3: 
Chain 4: Iteration: 12000 / 12000 [100%]  (Sampling)
Chain 4: 
Chain 4:  Elapsed Time: 15.015 seconds (Warm-up)
Chain 4:                24.318 seconds (Sampling)
Chain 4:                39.333 seconds (Total)
Chain 4: 
Chain 2: Iteration: 12000 / 12000 [100%]  (Sampling)
Chain 2: 
Chain 2:  Elapsed Time: 15.5 seconds (Warm-up)
Chain 2:                24.45 seconds (Sampling)
Chain 2:                39.95 seconds (Total)
Chain 2: 
Done!
Fitting s10.json, 3/17

SAMPLING FOR MODEL 'anon_model' NOW (CHAIN 1).
Chain 1: 
Chain 1: Gradient evaluation took 0.000242 seconds
Chain 1: 1000 transitions using 10 leapfrog steps per transition would take 2.42 seconds.
Chain 1: Adjust your expectations accordingly!
Chain 1: 
Chain 1: 

SAMPLING FOR MODEL 'anon_model' NOW (CHAIN 2).
Chain 2: 
Chain 2: Gradient evaluation took 0.000245 seconds
Chain 2: 1000 transitions using 10 leapfrog steps per transition would take 2.45 seconds.
Chain 2: Adjust your expectations accordingly!
Chain 2: 
Chain 2: 
Chain 1: Iteration:     1 / 12000 [  0%]  (Warmup)

SAMPLING FOR MODEL 'anon_model' NOW (CHAIN 3).
Chain 3: 
Chain 3: Gradient evaluation took 0.000238 seconds
Chain 3: 1000 transitions using 10 leapfrog steps per transition would take 2.38 seconds.
Chain 3: Adjust your expectations accordingly!
Chain Chain 2: Iteration:     1 / 12000 [  0%]  (Warmup)
3: 
Chain 3: 

SAMPLING FOR MODEL 'anon_model' NOW (CHAIN 4).
Chain 4: 
Chain 4: Gradient evaluation took 0.000217 seconds
Chain 4: 1000 transitions using 10 leapfrog steps per transition would take 2.17 seconds.
Chain 4: Adjust your expectations accordingly!
Chain 4: 
Chain 4: 
Chain 3: Iteration:     1 / 12000 [  0%]  (Warmup)
Chain 4: Iteration:     1 / 12000 [  0%]  (Warmup)
Chain 1: Iteration:  1200 / 12000 [ 10%]  (Warmup)
Chain 2: Iteration:  1200 / 12000 [ 10%]  (Warmup)
Chain 3: Iteration:  1200 / 12000 [ 10%]  (Warmup)
Chain 4: Iteration:  1200 / 12000 [ 10%]  (Warmup)
Chain 1: Iteration:  2400 / 12000 [ 20%]  (Warmup)
Chain 3: Iteration:  2400 / 12000 [ 20%]  (Warmup)
Chain 2: Iteration:  2400 / 12000 [ 20%]  (Warmup)
Chain 4: Iteration:  2400 / 12000 [ 20%]  (Warmup)
Chain 1: Iteration:  3600 / 12000 [ 30%]  (Warmup)
Chain 3: Iteration:  3600 / 12000 [ 30%]  (Warmup)
Chain 2: Iteration:  3600 / 12000 [ 30%]  (Warmup)
Chain 4: Iteration:  3600 / 12000 [ 30%]  (Warmup)
Chain 1: Iteration:  4800 / 12000 [ 40%]  (Warmup)
Chain 3: Iteration:  4800 / 12000 [ 40%]  (Warmup)
Chain 2: Iteration:  4800 / 12000 [ 40%]  (Warmup)
Chain 4: Iteration:  4800 / 12000 [ 40%]  (Warmup)
Chain 1: Iteration:  6000 / 12000 [ 50%]  (Warmup)
Chain 1: Iteration:  6001 / 12000 [ 50%]  (Sampling)
Chain 3: Iteration:  6000 / 12000 [ 50%]  (Warmup)
Chain 3: Iteration:  6001 / 12000 [ 50%]  (Sampling)
Chain 4: Iteration:  6000 / 12000 [ 50%]  (Warmup)
Chain 4: Iteration:  6001 / 12000 [ 50%]  (Sampling)
Chain 2: Iteration:  6000 / 12000 [ 50%]  (Warmup)
Chain 2: Iteration:  6001 / 12000 [ 50%]  (Sampling)
Chain 4: Iteration:  7200 / 12000 [ 60%]  (Sampling)
Chain 3: Iteration:  7200 / 12000 [ 60%]  (Sampling)
Chain 1: Iteration:  7200 / 12000 [ 60%]  (Sampling)
Chain 4: Iteration:  8400 / 12000 [ 70%]  (Sampling)
Chain 2: Iteration:  7200 / 12000 [ 60%]  (Sampling)
Chain 3: Iteration:  8400 / 12000 [ 70%]  (Sampling)
Chain 4: Iteration:  9600 / 12000 [ 80%]  (Sampling)
Chain 3: Iteration:  9600 / 12000 [ 80%]  (Sampling)
Chain 1: Iteration:  8400 / 12000 [ 70%]  (Sampling)
Chain 2: Iteration:  8400 / 12000 [ 70%]  (Sampling)
Chain 4: Iteration: 10800 / 12000 [ 90%]  (Sampling)
Chain 3: Iteration: 10800 / 12000 [ 90%]  (Sampling)
Chain 4: Iteration: 12000 / 12000 [100%]  (Sampling)
Chain 4: 
Chain 4:  Elapsed Time: 15.992 seconds (Warm-up)
Chain 4:                13.246 seconds (Sampling)
Chain 4:                29.238 seconds (Total)
Chain 4: 
Chain 3: Iteration: 12000 / 12000 [100%]  (Sampling)
Chain 3: 
Chain 3:  Elapsed Time: 15.896 seconds (Warm-up)
Chain 3:                13.849 seconds (Sampling)
Chain 3:                29.745 seconds (Total)
Chain 3: 
Chain 1: Iteration:  9600 / 12000 [ 80%]  (Sampling)
Chain 2: Iteration:  9600 / 12000 [ 80%]  (Sampling)
Chain 1: Iteration: 10800 / 12000 [ 90%]  (Sampling)
Chain 2: Iteration: 10800 / 12000 [ 90%]  (Sampling)
Chain 1: Iteration: 12000 / 12000 [100%]  (Sampling)
Chain 1: 
Chain 1:  Elapsed Time: 15.14 seconds (Warm-up)
Chain 1:                24.286 seconds (Sampling)
Chain 1:                39.426 seconds (Total)
Chain 1: 
Chain 2: Iteration: 12000 / 12000 [100%]  (Sampling)
Chain 2: 
Chain 2:  Elapsed Time: 16.234 seconds (Warm-up)
Chain 2:                25.155 seconds (Sampling)
Chain 2:                41.389 seconds (Total)
Chain 2: 
Done!
Fitting s11.json, 4/17

SAMPLING FOR MODEL 'anon_model' NOW (CHAIN 1).
Chain 1: 
Chain 1: Gradient evaluation took 0.00025 seconds
Chain 1: 1000 transitions using 10 leapfrog steps per transition would take 2.5 seconds.
Chain 
1: SAMPLINGAdjust your expectations accordingly!
 FOR MODEL 'Chain anon_model1' NOW (CHAIN : 
Chain 21: 
).
Chain 2: 
Chain 2: Gradient evaluation took 0.00025 seconds
Chain 2: 1000 transitions using 10 leapfrog steps per transition would take 2.5 seconds.
Chain 2: Adjust your expectations accordingly!
Chain 2: 
Chain 2: 

SAMPLING FOR MODEL 'anon_model' NOW (CHAIN 3).
Chain 1: Iteration:     1 / 12000 [  0%]  (Warmup)
Chain 3: 
Chain 3: Gradient evaluation took 0.000237 seconds
Chain 3: 1000 transitions using 10 leapfrog steps per transition would take 2.37 seconds.
Chain 3: Adjust your expectations accordingly!
Chain 3: 
Chain 3: 
Chain 2: Iteration:     1 / 12000 [  0%]  (Warmup)

SAMPLING FOR MODEL 'anon_model' NOW (CHAIN 4).
Chain 3: Iteration:     1 / 12000 [  0%]  (Warmup)
Chain 4: 
Chain 4: Gradient evaluation took 0.000225 seconds
Chain 4: 1000 transitions using 10 leapfrog steps per transition would take 2.25 seconds.
Chain 4: Adjust your expectations accordingly!
Chain 4: 
Chain 4: 
Chain 4: Iteration:     1 / 12000 [  0%]  (Warmup)
Chain 4: Iteration:  1200 / 12000 [ 10%]  (Warmup)
Chain 1: Iteration:  1200 / 12000 [ 10%]  (Warmup)
Chain 2: Iteration:  1200 / 12000 [ 10%]  (Warmup)
Chain 3: Iteration:  1200 / 12000 [ 10%]  (Warmup)
Chain 4: Iteration:  2400 / 12000 [ 20%]  (Warmup)
Chain 1: Iteration:  2400 / 12000 [ 20%]  (Warmup)
Chain 2: Iteration:  2400 / 12000 [ 20%]  (Warmup)
Chain 3: Iteration:  2400 / 12000 [ 20%]  (Warmup)
Chain 4: Iteration:  3600 / 12000 [ 30%]  (Warmup)
Chain 1: Iteration:  3600 / 12000 [ 30%]  (Warmup)
Chain 3: Iteration:  3600 / 12000 [ 30%]  (Warmup)
Chain 2: Iteration:  3600 / 12000 [ 30%]  (Warmup)
Chain 4: Iteration:  4800 / 12000 [ 40%]  (Warmup)
Chain 1: Iteration:  4800 / 12000 [ 40%]  (Warmup)
Chain 3: Iteration:  4800 / 12000 [ 40%]  (Warmup)
Chain 2: Iteration:  4800 / 12000 [ 40%]  (Warmup)
Chain 4: Iteration:  6000 / 12000 [ 50%]  (Warmup)
Chain 4: Iteration:  6001 / 12000 [ 50%]  (Sampling)
Chain 1: Iteration:  6000 / 12000 [ 50%]  (Warmup)
Chain 1: Iteration:  6001 / 12000 [ 50%]  (Sampling)
Chain 3: Iteration:  6000 / 12000 [ 50%]  (Warmup)
Chain 3: Iteration:  6001 / 12000 [ 50%]  (Sampling)
Chain 2: Iteration:  6000 / 12000 [ 50%]  (Warmup)
Chain 2: Iteration:  6001 / 12000 [ 50%]  (Sampling)
Chain 4: Iteration:  7200 / 12000 [ 60%]  (Sampling)
Chain 1: Iteration:  7200 / 12000 [ 60%]  (Sampling)
Chain 2: Iteration:  7200 / 12000 [ 60%]  (Sampling)
Chain 3: Iteration:  7200 / 12000 [ 60%]  (Sampling)
Chain 4: Iteration:  8400 / 12000 [ 70%]  (Sampling)
Chain 2: Iteration:  8400 / 12000 [ 70%]  (Sampling)
Chain 1: Iteration:  8400 / 12000 [ 70%]  (Sampling)
Chain 3: Iteration:  8400 / 12000 [ 70%]  (Sampling)
Chain 2: Iteration:  9600 / 12000 [ 80%]  (Sampling)
Chain 4: Iteration:  9600 / 12000 [ 80%]  (Sampling)
Chain 1: Iteration:  9600 / 12000 [ 80%]  (Sampling)
Chain 3: Iteration:  9600 / 12000 [ 80%]  (Sampling)
Chain 2: Iteration: 10800 / 12000 [ 90%]  (Sampling)
Chain 4: Iteration: 10800 / 12000 [ 90%]  (Sampling)
Chain 1: Iteration: 10800 / 12000 [ 90%]  (Sampling)
Chain 2: Iteration: 12000 / 12000 [100%]  (Sampling)
Chain 2: 
Chain 2:  Elapsed Time: 22.29 seconds (Warm-up)
Chain 2:                15.494 seconds (Sampling)
Chain 2:                37.784 seconds (Total)
Chain 2: 
Chain 3: Iteration: 10800 / 12000 [ 90%]  (Sampling)
Chain 4: Iteration: 12000 / 12000 [100%]  (Sampling)
Chain 4: 
Chain 4:  Elapsed Time: 21.1 seconds (Warm-up)
Chain 4:                17.756 seconds (Sampling)
Chain 4:                38.856 seconds (Total)
Chain 4: 
Chain 1: Iteration: 12000 / 12000 [100%]  (Sampling)
Chain 1: 
Chain 1:  Elapsed Time: 21.228 seconds (Warm-up)
Chain 1:                19.35 seconds (Sampling)
Chain 1:                40.578 seconds (Total)
Chain 1: 
Chain 3: Iteration: 12000 / 12000 [100%]  (Sampling)
Chain 3: 
Chain 3:  Elapsed Time: 22.016 seconds (Warm-up)
Chain 3:                20.64 seconds (Sampling)
Chain 3:                42.656 seconds (Total)
Chain 3: 
Done!
Fitting s12.json, 5/17

SAMPLING FOR MODEL 'anon_model' NOW (CHAIN 1).
Chain 1: 
Chain 1: Gradient evaluation took 0.000239 seconds
Chain 1: 1000 transitions using 10 leapfrog steps per transition would take 2.39 seconds.
Chain 1: Adjust your expectations accordingly!
Chain 1: 
Chain 1: 

SAMPLING FOR MODEL 'anon_model' NOW (CHAIN 2).

SAMPLING FOR MODEL 'anon_model' NOW (CHAIN 3).
Chain 2: 
Chain 2: Gradient evaluation took 0.000228 seconds
Chain 2: 1000 transitions using 10 leapfrog steps per transition would take 2.28 seconds.
Chain 2: Adjust your expectations accordingly!
Chain 2: 
Chain 2: 
Chain 1: Iteration:     1 / 12000 [  0%]  (Warmup)
Chain 3: 
Chain 3: Gradient evaluation took 0.000221 seconds
Chain 3: 1000 transitions using 10 leapfrog steps per transition would take 2.21 seconds.
Chain 3: Adjust your expectations accordingly!
Chain 3: 
Chain 3: 
Chain 2: Iteration:     1 / 12000 [  0%]  (Warmup)

SAMPLING FOR MODEL 'anon_model' NOW (CHAIN 4).
Chain 3: Iteration:     1 / 12000 [  0%]  (Warmup)
Chain 4: 
Chain 4: Gradient evaluation took 0.000214 seconds
Chain 4: 1000 transitions using 10 leapfrog steps per transition would take 2.14 seconds.
Chain 4: Adjust your expectations accordingly!
Chain 4: 
Chain 4: 
Chain 4: Iteration:     1 / 12000 [  0%]  (Warmup)
Chain 3: Iteration:  1200 / 12000 [ 10%]  (Warmup)
Chain 2: Iteration:  1200 / 12000 [ 10%]  (Warmup)
Chain 1: Iteration:  1200 / 12000 [ 10%]  (Warmup)
Chain 4: Iteration:  1200 / 12000 [ 10%]  (Warmup)
Chain 2: Iteration:  2400 / 12000 [ 20%]  (Warmup)
Chain 3: Iteration:  2400 / 12000 [ 20%]  (Warmup)
Chain 1: Iteration:  2400 / 12000 [ 20%]  (Warmup)
Chain 4: Iteration:  2400 / 12000 [ 20%]  (Warmup)
Chain 2: Iteration:  3600 / 12000 [ 30%]  (Warmup)
Chain 3: Iteration:  3600 / 12000 [ 30%]  (Warmup)
Chain 1: Iteration:  3600 / 12000 [ 30%]  (Warmup)
Chain 4: Iteration:  3600 / 12000 [ 30%]  (Warmup)
Chain 3: Iteration:  4800 / 12000 [ 40%]  (Warmup)
Chain 2: Iteration:  4800 / 12000 [ 40%]  (Warmup)
Chain 1: Iteration:  4800 / 12000 [ 40%]  (Warmup)
Chain 4: Iteration:  4800 / 12000 [ 40%]  (Warmup)
Chain 3: Iteration:  6000 / 12000 [ 50%]  (Warmup)
Chain 3: Iteration:  6001 / 12000 [ 50%]  (Sampling)
Chain 2: Iteration:  6000 / 12000 [ 50%]  (Warmup)
Chain 2: Iteration:  6001 / 12000 [ 50%]  (Sampling)
Chain 1: Iteration:  6000 / 12000 [ 50%]  (Warmup)
Chain 1: Iteration:  6001 / 12000 [ 50%]  (Sampling)
Chain 4: Iteration:  6000 / 12000 [ 50%]  (Warmup)
Chain 4: Iteration:  6001 / 12000 [ 50%]  (Sampling)
Chain 4: Iteration:  7200 / 12000 [ 60%]  (Sampling)
Chain 3: Iteration:  7200 / 12000 [ 60%]  (Sampling)
Chain 2: Iteration:  7200 / 12000 [ 60%]  (Sampling)
Chain 1: Iteration:  7200 / 12000 [ 60%]  (Sampling)
Chain 4: Iteration:  8400 / 12000 [ 70%]  (Sampling)
Chain 3: Iteration:  8400 / 12000 [ 70%]  (Sampling)
Chain 2: Iteration:  8400 / 12000 [ 70%]  (Sampling)
Chain 1: Iteration:  8400 / 12000 [ 70%]  (Sampling)
Chain 4: Iteration:  9600 / 12000 [ 80%]  (Sampling)
Chain 3: Iteration:  9600 / 12000 [ 80%]  (Sampling)
Chain 2: Iteration:  9600 / 12000 [ 80%]  (Sampling)
Chain 1: Iteration:  9600 / 12000 [ 80%]  (Sampling)
Chain 4: Iteration: 10800 / 12000 [ 90%]  (Sampling)
Chain 3: Iteration: 10800 / 12000 [ 90%]  (Sampling)
Chain 2: Iteration: 10800 / 12000 [ 90%]  (Sampling)
Chain 1: Iteration: 10800 / 12000 [ 90%]  (Sampling)
Chain 4: Iteration: 12000 / 12000 [100%]  (Sampling)
Chain 4: 
Chain 4:  Elapsed Time: 15.998 seconds (Warm-up)
Chain 4:                20.745 seconds (Sampling)
Chain 4:                36.743 seconds (Total)
Chain 4: 
Chain 3: Iteration: 12000 / 12000 [100%]  (Sampling)
Chain 3: 
Chain 3:  Elapsed Time: 15.362 seconds (Warm-up)
Chain 3:                24.854 seconds (Sampling)
Chain 3:                40.216 seconds (Total)
Chain 3: 
Chain 2: Iteration: 12000 / 12000 [100%]  (Sampling)
Chain 2: 
Chain 2:  Elapsed Time: 15.624 seconds (Warm-up)
Chain 2:                24.738 seconds (Sampling)
Chain 2:                40.362 seconds (Total)
Chain 2: 
Chain 1: Iteration: 12000 / 12000 [100%]  (Sampling)
Chain 1: 
Chain 1:  Elapsed Time: 15.978 seconds (Warm-up)
Chain 1:                24.868 seconds (Sampling)
Chain 1:                40.846 seconds (Total)
Chain 1: 
Done!
Fitting s13.json, 6/17

SAMPLING FOR MODEL 'anon_model' NOW (CHAIN 1).
Chain 1: 
Chain 1: Gradient evaluation took 0.000249 seconds
Chain 1: 1000 transitions using 10 leapfrog steps per transition would take 2.49 seconds.
Chain 1: Adjust your expectations accordingly!
Chain 1: 
Chain 1: 

SAMPLING FOR MODEL 'anon_model' NOW (CHAIN 2).

SAMPLING FOR MODEL 'anon_model' NOW (CHAIN 3).
Chain 2: 
Chain 2: Gradient evaluation took 0.000226 seconds
Chain 2: 1000 transitions using 10 leapfrog steps per transition would take 2.26 seconds.
Chain 2: Adjust your expectations accordingly!
Chain 2: 
Chain 2: 
Chain 3: 
Chain 3: Gradient evaluation took 0.000225 seconds
Chain 3: 1000 transitions using 10 leapfrog steps per transition would take 2.25 seconds.
Chain 3: Adjust your expectations accordingly!
Chain 3: 
Chain 3: 

SAMPLING FOR MODEL 'anon_model' NOW (CHAIN 4).
Chain 4: 
Chain 4: Gradient evaluation took 0.00023 seconds
Chain 4: 1000 transitions using 10 leapfrog steps per transition would take 2.3 seconds.
Chain 4: Adjust your expectations accordingly!
Chain 4: 
Chain 4: 
Chain 1: Iteration:     1 / 12000 [  0%]  (Warmup)
Chain 2: Iteration:     1 / 12000 [  0%]  (Warmup)
Chain 3: Iteration:     1 / 12000 [  0%]  (Warmup)
Chain 4: Iteration:     1 / 12000 [  0%]  (Warmup)
Chain 3: Iteration:  1200 / 12000 [ 10%]  (Warmup)
Chain 1: Iteration:  1200 / 12000 [ 10%]  (Warmup)
Chain 4: Iteration:  1200 / 12000 [ 10%]  (Warmup)
Chain 2: Iteration:  1200 / 12000 [ 10%]  (Warmup)
Chain 3: Iteration:  2400 / 12000 [ 20%]  (Warmup)
Chain 1: Iteration:  2400 / 12000 [ 20%]  (Warmup)
Chain 4: Iteration:  2400 / 12000 [ 20%]  (Warmup)
Chain 2: Iteration:  2400 / 12000 [ 20%]  (Warmup)
Chain 1: Iteration:  3600 / 12000 [ 30%]  (Warmup)
Chain 3: Iteration:  3600 / 12000 [ 30%]  (Warmup)
Chain 4: Iteration:  3600 / 12000 [ 30%]  (Warmup)
Chain 2: Iteration:  3600 / 12000 [ 30%]  (Warmup)
Chain 1: Iteration:  4800 / 12000 [ 40%]  (Warmup)
Chain 3: Iteration:  4800 / 12000 [ 40%]  (Warmup)
Chain 4: Iteration:  4800 / 12000 [ 40%]  (Warmup)
Chain 2: Iteration:  4800 / 12000 [ 40%]  (Warmup)
Chain 1: Iteration:  6000 / 12000 [ 50%]  (Warmup)
Chain 1: Iteration:  6001 / 12000 [ 50%]  (Sampling)
Chain 3: Iteration:  6000 / 12000 [ 50%]  (Warmup)
Chain 3: Iteration:  6001 / 12000 [ 50%]  (Sampling)
Chain 2: Iteration:  6000 / 12000 [ 50%]  (Warmup)
Chain 2: Iteration:  6001 / 12000 [ 50%]  (Sampling)
Chain 4: Iteration:  6000 / 12000 [ 50%]  (Warmup)
Chain 4: Iteration:  6001 / 12000 [ 50%]  (Sampling)
Chain 1: Iteration:  7200 / 12000 [ 60%]  (Sampling)
Chain 3: Iteration:  7200 / 12000 [ 60%]  (Sampling)
Chain 2: Iteration:  7200 / 12000 [ 60%]  (Sampling)
Chain 1: Iteration:  8400 / 12000 [ 70%]  (Sampling)
Chain 3: Iteration:  8400 / 12000 [ 70%]  (Sampling)
Chain 4: Iteration:  7200 / 12000 [ 60%]  (Sampling)
Chain 1: Iteration:  9600 / 12000 [ 80%]  (Sampling)
Chain 2: Iteration:  8400 / 12000 [ 70%]  (Sampling)
Chain 3: Iteration:  9600 / 12000 [ 80%]  (Sampling)
Chain 1: Iteration: 10800 / 12000 [ 90%]  (Sampling)
Chain 3: Iteration: 10800 / 12000 [ 90%]  (Sampling)
Chain 4: Iteration:  8400 / 12000 [ 70%]  (Sampling)
Chain 2: Iteration:  9600 / 12000 [ 80%]  (Sampling)
Chain 1: Iteration: 12000 / 12000 [100%]  (Sampling)
Chain 1: 
Chain 1:  Elapsed Time: 14.349 seconds (Warm-up)
Chain 1:                12.064 seconds (Sampling)
Chain 1:                26.413 seconds (Total)
Chain 1: 
Chain 3: Iteration: 12000 / 12000 [100%]  (Sampling)
Chain 3: 
Chain 3:  Elapsed Time: 14.909 seconds (Warm-up)
Chain 3:                11.955 seconds (Sampling)
Chain 3:                26.864 seconds (Total)
Chain 3: 
Chain 2: Iteration: 10800 / 12000 [ 90%]  (Sampling)
Chain 4: Iteration:  9600 / 12000 [ 80%]  (Sampling)
Chain 2: Iteration: 12000 / 12000 [100%]  (Sampling)
Chain 2: 
Chain 2:  Elapsed Time: 15.182 seconds (Warm-up)
Chain 2:                16.283 seconds (Sampling)
Chain 2:                31.465 seconds (Total)
Chain 2: 
Chain 4: Iteration: 10800 / 12000 [ 90%]  (Sampling)
Chain 4: Iteration: 12000 / 12000 [100%]  (Sampling)
Chain 4: 
Chain 4:  Elapsed Time: 15.37 seconds (Warm-up)
Chain 4:                22.739 seconds (Sampling)
Chain 4:                38.109 seconds (Total)
Chain 4: 
Done!
Fitting s14.json, 7/17

SAMPLING FOR MODEL 'anon_model' NOW (CHAIN 1).

SAMPLING FOR MODEL 'anon_model' NOW (CHAIN 2).
Chain 1: 
Chain 1: Gradient evaluation took 0.000296 seconds
Chain 1: 1000 transitions using 10 leapfrog steps per transition would take 2.96 seconds.
Chain 1: Adjust your expectations accordingly!
Chain 1: 
Chain 1: 
Chain 2: 
Chain 2: Gradient evaluation took 0.000317 seconds
Chain 2: 1000 transitions using 10 leapfrog steps per transition would take 3.17 seconds.
Chain 2: Adjust your expectations accordingly!
Chain 2: 
Chain 2: 
Chain 1: Iteration:     1 / 12000 [  0%]  (Warmup)

SAMPLING FOR MODEL 'anon_model' NOW (CHAIN 3).
Chain 2: Iteration:     1 / 12000 [  0%]  (Warmup)
Chain 3: 
Chain 3: Gradient evaluation took 0.002855 seconds
Chain 3: 1000 transitions using 10 leapfrog steps per transition would take 28.55 seconds.
Chain 3: Adjust your expectations accordingly!
Chain 3: 
Chain 3: 

SAMPLING FOR MODEL 'anon_model' NOW (CHAIN 4).
Chain 3: Iteration:     1 / 12000 [  0%]  (Warmup)
Chain 4: 
Chain 4: Gradient evaluation took 0.000239 seconds
Chain 4: 1000 transitions using 10 leapfrog steps per transition would take 2.39 seconds.
Chain 4: Adjust your expectations accordingly!
Chain 4: 
Chain 4: 
Chain 4: Iteration:     1 / 12000 [  0%]  (Warmup)
Chain 3: Iteration:  1200 / 12000 [ 10%]  (Warmup)
Chain 1: Iteration:  1200 / 12000 [ 10%]  (Warmup)
Chain 4: Iteration:  1200 / 12000 [ 10%]  (Warmup)
Chain 2: Iteration:  1200 / 12000 [ 10%]  (Warmup)
Chain 3: Iteration:  2400 / 12000 [ 20%]  (Warmup)
Chain 1: Iteration:  2400 / 12000 [ 20%]  (Warmup)
Chain 4: Iteration:  2400 / 12000 [ 20%]  (Warmup)
Chain 2: Iteration:  2400 / 12000 [ 20%]  (Warmup)
Chain 3: Iteration:  3600 / 12000 [ 30%]  (Warmup)
Chain 1: Iteration:  3600 / 12000 [ 30%]  (Warmup)
Chain 2: Iteration:  3600 / 12000 [ 30%]  (Warmup)
Chain 4: Iteration:  3600 / 12000 [ 30%]  (Warmup)
Chain 3: Iteration:  4800 / 12000 [ 40%]  (Warmup)
Chain 1: Iteration:  4800 / 12000 [ 40%]  (Warmup)
Chain 2: Iteration:  4800 / 12000 [ 40%]  (Warmup)
Chain 4: Iteration:  4800 / 12000 [ 40%]  (Warmup)
Chain 3: Iteration:  6000 / 12000 [ 50%]  (Warmup)
Chain 3: Iteration:  6001 / 12000 [ 50%]  (Sampling)
Chain 1: Iteration:  6000 / 12000 [ 50%]  (Warmup)
Chain 1: Iteration:  6001 / 12000 [ 50%]  (Sampling)
Chain 2: Iteration:  6000 / 12000 [ 50%]  (Warmup)
Chain 2: Iteration:  6001 / 12000 [ 50%]  (Sampling)
Chain 4: Iteration:  6000 / 12000 [ 50%]  (Warmup)
Chain 4: Iteration:  6001 / 12000 [ 50%]  (Sampling)
Chain 3: Iteration:  7200 / 12000 [ 60%]  (Sampling)
Chain 1: Iteration:  7200 / 12000 [ 60%]  (Sampling)
Chain 2: Iteration:  7200 / 12000 [ 60%]  (Sampling)
Chain 3: Iteration:  8400 / 12000 [ 70%]  (Sampling)
Chain 1: Iteration:  8400 / 12000 [ 70%]  (Sampling)
Chain 2: Iteration:  8400 / 12000 [ 70%]  (Sampling)
Chain 4: Iteration:  7200 / 12000 [ 60%]  (Sampling)
Chain 3: Iteration:  9600 / 12000 [ 80%]  (Sampling)
Chain 1: Iteration:  9600 / 12000 [ 80%]  (Sampling)
Chain 2: Iteration:  9600 / 12000 [ 80%]  (Sampling)
Chain 3: Iteration: 10800 / 12000 [ 90%]  (Sampling)
Chain 1: Iteration: 10800 / 12000 [ 90%]  (Sampling)
Chain 2: Iteration: 10800 / 12000 [ 90%]  (Sampling)
Chain 4: Iteration:  8400 / 12000 [ 70%]  (Sampling)
Chain 3: Iteration: 12000 / 12000 [100%]  (Sampling)
Chain 3: 
Chain 3:  Elapsed Time: 16.869 seconds (Warm-up)
Chain 3:                13.92 seconds (Sampling)
Chain 3:                30.789 seconds (Total)
Chain 3: 
Chain 1: Iteration: 12000 / 12000 [100%]  (Sampling)
Chain 1: 
Chain 1:  Elapsed Time: 17.805 seconds (Warm-up)
Chain 1:                13.326 seconds (Sampling)
Chain 1:                31.131 seconds (Total)
Chain 1: 
Chain 2: Iteration: 12000 / 12000 [100%]  (Sampling)
Chain 2: 
Chain 2:  Elapsed Time: 17.967 seconds (Warm-up)
Chain 2:                14.087 seconds (Sampling)
Chain 2:                32.054 seconds (Total)
Chain 2: 
Chain 4: Iteration:  9600 / 12000 [ 80%]  (Sampling)
Chain 4: Iteration: 10800 / 12000 [ 90%]  (Sampling)
Chain 4: Iteration: 12000 / 12000 [100%]  (Sampling)
Chain 4: 
Chain 4:  Elapsed Time: 18.672 seconds (Warm-up)
Chain 4:                26.417 seconds (Sampling)
Chain 4:                45.089 seconds (Total)
Chain 4: 
Done!
Fitting s15.json, 8/17

SAMPLING FOR MODEL 'anon_model' NOW (CHAIN 1).

SAMPLING FOR MODEL 'anon_model' NOW (CHAIN 2).

SAMPLING FOR MODEL 'anon_model' NOW (CHAIN 3).

SAMPLING FOR MODEL 'anon_model' NOW (CHAIN 4).
Chain 1: 
Chain 1: Gradient evaluation took 0.000255 seconds
Chain 1: 1000 transitions using 10 leapfrog steps per transition would take 2.55 seconds.
Chain 1: Adjust your expectations accordingly!
Chain 1: 
Chain 1: 
Chain 3: 
Chain 3: Gradient evaluation took 0.000222 seconds
Chain 3: 1000 transitions using 10 leapfrog steps per transition would take 2.22 seconds.
Chain 3: Adjust your expectations accordingly!
Chain 3: 
Chain 3: 
Chain 2: 
Chain 2: Gradient evaluation took 0.000231 seconds
Chain 2: 1000 transitions using 10 leapfrog steps per transition would take 2.31 seconds.
Chain 2: Adjust your expectations accordingly!
Chain 2: 
Chain 2: 
Chain 3: Iteration:     1 / 12000 [  0%]  (Warmup)
Chain 4: 
Chain 4: Gradient evaluation took 0.000233 seconds
Chain 4: 1000 transitions using 10 leapfrog steps per transition would take 2.33 seconds.
Chain 4: Adjust your expectations accordingly!
Chain 4: 
Chain 4: 
Chain 1: Iteration:     1 / 12000 [  0%]  (Warmup)
Chain 2: Iteration:     1 / 12000 [  0%]  (Warmup)
Chain 4: Iteration:     1 / 12000 [  0%]  (Warmup)
Chain 4: Iteration:  1200 / 12000 [ 10%]  (Warmup)
Chain 2: Iteration:  1200 / 12000 [ 10%]  (Warmup)
Chain 1: Iteration:  1200 / 12000 [ 10%]  (Warmup)
Chain 3: Iteration:  1200 / 12000 [ 10%]  (Warmup)
Chain 4: Iteration:  2400 / 12000 [ 20%]  (Warmup)
Chain 2: Iteration:  2400 / 12000 [ 20%]  (Warmup)
Chain 1: Iteration:  2400 / 12000 [ 20%]  (Warmup)
Chain 3: Iteration:  2400 / 12000 [ 20%]  (Warmup)
Chain 4: Iteration:  3600 / 12000 [ 30%]  (Warmup)
Chain 2: Iteration:  3600 / 12000 [ 30%]  (Warmup)
Chain 1: Iteration:  3600 / 12000 [ 30%]  (Warmup)
Chain 3: Iteration:  3600 / 12000 [ 30%]  (Warmup)
Chain 4: Iteration:  4800 / 12000 [ 40%]  (Warmup)
Chain 1: Iteration:  4800 / 12000 [ 40%]  (Warmup)
Chain 2: Iteration:  4800 / 12000 [ 40%]  (Warmup)
Chain 3: Iteration:  4800 / 12000 [ 40%]  (Warmup)
Chain 4: Iteration:  6000 / 12000 [ 50%]  (Warmup)
Chain 4: Iteration:  6001 / 12000 [ 50%]  (Sampling)
Chain 3: Iteration:  6000 / 12000 [ 50%]  (Warmup)
Chain 3: Iteration:  6001 / 12000 [ 50%]  (Sampling)
Chain 1: Iteration:  6000 / 12000 [ 50%]  (Warmup)
Chain 1: Iteration:  6001 / 12000 [ 50%]  (Sampling)
Chain 2: Iteration:  6000 / 12000 [ 50%]  (Warmup)
Chain 2: Iteration:  6001 / 12000 [ 50%]  (Sampling)
Chain 4: Iteration:  7200 / 12000 [ 60%]  (Sampling)
Chain 2: Iteration:  7200 / 12000 [ 60%]  (Sampling)
Chain 1: Iteration:  7200 / 12000 [ 60%]  (Sampling)
Chain 3: Iteration:  7200 / 12000 [ 60%]  (Sampling)
Chain 2: Iteration:  8400 / 12000 [ 70%]  (Sampling)
Chain 4: Iteration:  8400 / 12000 [ 70%]  (Sampling)
Chain 1: Iteration:  8400 / 12000 [ 70%]  (Sampling)
Chain 3: Iteration:  8400 / 12000 [ 70%]  (Sampling)
Chain 2: Iteration:  9600 / 12000 [ 80%]  (Sampling)
Chain 4: Iteration:  9600 / 12000 [ 80%]  (Sampling)
Chain 1: Iteration:  9600 / 12000 [ 80%]  (Sampling)
Chain 3: Iteration:  9600 / 12000 [ 80%]  (Sampling)
Chain 2: Iteration: 10800 / 12000 [ 90%]  (Sampling)
Chain 4: Iteration: 10800 / 12000 [ 90%]  (Sampling)
Chain 1: Iteration: 10800 / 12000 [ 90%]  (Sampling)
Chain 3: Iteration: 10800 / 12000 [ 90%]  (Sampling)
Chain 2: Iteration: 12000 / 12000 [100%]  (Sampling)
Chain 2: 
Chain 2:  Elapsed Time: 21.105 seconds (Warm-up)
Chain 2:                16.815 seconds (Sampling)
Chain 2:                37.92 seconds (Total)
Chain 2: 
Chain 4: Iteration: 12000 / 12000 [100%]  (Sampling)
Chain 4: 
Chain 4:  Elapsed Time: 20.371 seconds (Warm-up)
Chain 4:                18.617 seconds (Sampling)
Chain 4:                38.988 seconds (Total)
Chain 4: 
Chain 1: Iteration: 12000 / 12000 [100%]  (Sampling)
Chain 1: 
Chain 1:  Elapsed Time: 20.958 seconds (Warm-up)
Chain 1:                19.26 seconds (Sampling)
Chain 1:                40.218 seconds (Total)
Chain 1: 
Chain 3: Iteration: 12000 / 12000 [100%]  (Sampling)
Chain 3: 
Chain 3:  Elapsed Time: 20.941 seconds (Warm-up)
Chain 3:                20.914 seconds (Sampling)
Chain 3:                41.855 seconds (Total)
Chain 3: 
Done!
Fitting s16.json, 9/17

SAMPLING FOR MODEL 'anon_model' NOW (CHAIN 1).
Chain 1: 
Chain 1: Gradient evaluation took 0.000235 seconds
Chain 1: 1000 transitions using 10 leapfrog steps per transition would take 2.35 seconds.
Chain 1: Adjust your expectations accordingly!
Chain 1: 
Chain 1: 

SAMPLING FOR MODEL 'anon_model' NOW (CHAIN 2).

SAMPLING FOR MODEL 'anon_model' NOW (CHAIN 3).
Chain 2: 
Chain 2: Gradient evaluation took 0.000237 seconds
Chain 2: 1000 transitions using 10 leapfrog steps per transition would take 2.37 seconds.
Chain 2: Adjust your expectations accordingly!
Chain 2: 
Chain 2: 
Chain 1: Iteration:     1 / 12000 [  0%]  (Warmup)
Chain 3: 
Chain 3: Gradient evaluation took 0.000222 seconds
Chain 3: 1000 transitions using 10 leapfrog steps per transition would take 2.22 seconds.
Chain 3: Adjust your expectations accordingly!
Chain 3: 
Chain 3: 
Chain 2: Iteration:     1 / 12000 [  0%]  (Warmup)

SAMPLING FOR MODEL 'anon_model' NOW (CHAIN 4).
Chain 3: Iteration:     1 / 12000 [  0%]  (Warmup)
Chain 4: 
Chain 4: Gradient evaluation took 0.000227 seconds
Chain 4: 1000 transitions using 10 leapfrog steps per transition would take 2.27 seconds.
Chain 4: Adjust your expectations accordingly!
Chain 4: 
Chain 4: 
Chain 4: Iteration:     1 / 12000 [  0%]  (Warmup)
Chain 1: Iteration:  1200 / 12000 [ 10%]  (Warmup)
Chain 3: Iteration:  1200 / 12000 [ 10%]  (Warmup)
Chain 4: Iteration:  1200 / 12000 [ 10%]  (Warmup)
Chain 2: Iteration:  1200 / 12000 [ 10%]  (Warmup)
Chain 1: Iteration:  2400 / 12000 [ 20%]  (Warmup)
Chain 3: Iteration:  2400 / 12000 [ 20%]  (Warmup)
Chain 4: Iteration:  2400 / 12000 [ 20%]  (Warmup)
Chain 2: Iteration:  2400 / 12000 [ 20%]  (Warmup)
Chain 3: Iteration:  3600 / 12000 [ 30%]  (Warmup)
Chain 1: Iteration:  3600 / 12000 [ 30%]  (Warmup)
Chain 4: Iteration:  3600 / 12000 [ 30%]  (Warmup)
Chain 2: Iteration:  3600 / 12000 [ 30%]  (Warmup)
Chain 3: Iteration:  4800 / 12000 [ 40%]  (Warmup)
Chain 1: Iteration:  4800 / 12000 [ 40%]  (Warmup)
Chain 4: Iteration:  4800 / 12000 [ 40%]  (Warmup)
Chain 2: Iteration:  4800 / 12000 [ 40%]  (Warmup)
Chain 1: Iteration:  6000 / 12000 [ 50%]  (Warmup)
Chain 1: Iteration:  6001 / 12000 [ 50%]  (Sampling)
Chain 3: Iteration:  6000 / 12000 [ 50%]  (Warmup)
Chain 3: Iteration:  6001 / 12000 [ 50%]  (Sampling)
Chain 4: Iteration:  6000 / 12000 [ 50%]  (Warmup)
Chain 4: Iteration:  6001 / 12000 [ 50%]  (Sampling)
Chain 2: Iteration:  6000 / 12000 [ 50%]  (Warmup)
Chain 2: Iteration:  6001 / 12000 [ 50%]  (Sampling)
Chain 1: Iteration:  7200 / 12000 [ 60%]  (Sampling)
Chain 4: Iteration:  7200 / 12000 [ 60%]  (Sampling)
Chain 3: Iteration:  7200 / 12000 [ 60%]  (Sampling)
Chain 1: Iteration:  8400 / 12000 [ 70%]  (Sampling)
Chain 4: Iteration:  8400 / 12000 [ 70%]  (Sampling)
Chain 2: Iteration:  7200 / 12000 [ 60%]  (Sampling)
Chain 3: Iteration:  8400 / 12000 [ 70%]  (Sampling)
Chain 1: Iteration:  9600 / 12000 [ 80%]  (Sampling)
Chain 4: Iteration:  9600 / 12000 [ 80%]  (Sampling)
Chain 3: Iteration:  9600 / 12000 [ 80%]  (Sampling)
Chain 1: Iteration: 10800 / 12000 [ 90%]  (Sampling)
Chain 4: Iteration: 10800 / 12000 [ 90%]  (Sampling)
Chain 2: Iteration:  8400 / 12000 [ 70%]  (Sampling)
Chain 1: Iteration: 12000 / 12000 [100%]  (Sampling)
Chain 1: 
Chain 1:  Elapsed Time: 19.339 seconds (Warm-up)
Chain 1:                16.124 seconds (Sampling)
Chain 1:                35.463 seconds (Total)
Chain 1: 
Chain 3: Iteration: 10800 / 12000 [ 90%]  (Sampling)
Chain 4: Iteration: 12000 / 12000 [100%]  (Sampling)
Chain 4: 
Chain 4:  Elapsed Time: 19.549 seconds (Warm-up)
Chain 4:                17.016 seconds (Sampling)
Chain 4:                36.565 seconds (Total)
Chain 4: 
Chain 3: Iteration: 12000 / 12000 [100%]  (Sampling)
Chain 3: 
Chain 3:  Elapsed Time: 19.458 seconds (Warm-up)
Chain 3:                20.011 seconds (Sampling)
Chain 3:                39.469 seconds (Total)
Chain 3: 
Chain 2: Iteration:  9600 / 12000 [ 80%]  (Sampling)
Chain 2: Iteration: 10800 / 12000 [ 90%]  (Sampling)
Chain 2: Iteration: 12000 / 12000 [100%]  (Sampling)
Chain 2: 
Chain 2:  Elapsed Time: 20.427 seconds (Warm-up)
Chain 2:                31.813 seconds (Sampling)
Chain 2:                52.24 seconds (Total)
Chain 2: 
Done!
Fitting s2.json, 10/17

SAMPLING FOR MODEL 'anon_model' NOW (CHAIN 1).
Chain 1: 
Chain 1: Gradient evaluation took 0.000249 seconds
Chain 1: 1000 transitions using 10 leapfrog steps per transition would take 2.49 seconds.
Chain 1: Adjust your expectations accordingly!
Chain 1: 
Chain 1: 

SAMPLING FOR MODEL 'anon_model' NOW (CHAIN 2).

SAMPLING FOR MODEL 'anon_model' NOW (CHAIN 3).
Chain 1: Iteration:     1 / 12000 [  0%]  (Warmup)
Chain 2: 
Chain 2: Gradient evaluation took 0.000241 seconds
Chain 2: 1000 transitions using 10 leapfrog steps per transition would take 2.41 seconds.
Chain 2: Adjust your expectations accordingly!
Chain 2: 
Chain 2: 
Chain 3: 
Chain 3: Gradient evaluation took 0.000229 seconds
Chain 3: 1000 transitions using 10 leapfrog steps per transition would take 2.29 seconds.
Chain 3: Adjust your expectations accordingly!
Chain 3: 
Chain 3: 

SAMPLING FOR MODEL 'anon_model' NOW (CHAIN 4).
Chain 2: Iteration:     1 / 12000 [  0%]  (Warmup)
Chain 3: Iteration:     1 / 12000 [  0%]  (Warmup)
Chain 4: 
Chain 4: Gradient evaluation took 0.000223 seconds
Chain 4: 1000 transitions using 10 leapfrog steps per transition would take 2.23 seconds.
Chain 4: Adjust your expectations accordingly!
Chain 4: 
Chain 4: 
Chain 4: Iteration:     1 / 12000 [  0%]  (Warmup)
Chain 4: Iteration:  1200 / 12000 [ 10%]  (Warmup)
Chain 2: Iteration:  1200 / 12000 [ 10%]  (Warmup)
Chain 1: Iteration:  1200 / 12000 [ 10%]  (Warmup)
Chain 3: Iteration:  1200 / 12000 [ 10%]  (Warmup)
Chain 4: Iteration:  2400 / 12000 [ 20%]  (Warmup)
Chain 2: Iteration:  2400 / 12000 [ 20%]  (Warmup)
Chain 3: Iteration:  2400 / 12000 [ 20%]  (Warmup)
Chain 1: Iteration:  2400 / 12000 [ 20%]  (Warmup)
Chain 4: Iteration:  3600 / 12000 [ 30%]  (Warmup)
Chain 2: Iteration:  3600 / 12000 [ 30%]  (Warmup)
Chain 1: Iteration:  3600 / 12000 [ 30%]  (Warmup)
Chain 3: Iteration:  3600 / 12000 [ 30%]  (Warmup)
Chain 4: Iteration:  4800 / 12000 [ 40%]  (Warmup)
Chain 2: Iteration:  4800 / 12000 [ 40%]  (Warmup)
Chain 1: Iteration:  4800 / 12000 [ 40%]  (Warmup)
Chain 3: Iteration:  4800 / 12000 [ 40%]  (Warmup)
Chain 4: Iteration:  6000 / 12000 [ 50%]  (Warmup)
Chain 4: Iteration:  6001 / 12000 [ 50%]  (Sampling)
Chain 2: Iteration:  6000 / 12000 [ 50%]  (Warmup)
Chain 2: Iteration:  6001 / 12000 [ 50%]  (Sampling)
Chain 1: Iteration:  6000 / 12000 [ 50%]  (Warmup)
Chain 1: Iteration:  6001 / 12000 [ 50%]  (Sampling)
Chain 3: Iteration:  6000 / 12000 [ 50%]  (Warmup)
Chain 3: Iteration:  6001 / 12000 [ 50%]  (Sampling)
Chain 3: Iteration:  7200 / 12000 [ 60%]  (Sampling)
Chain 4: Iteration:  7200 / 12000 [ 60%]  (Sampling)
Chain 1: Iteration:  7200 / 12000 [ 60%]  (Sampling)
Chain 3: Iteration:  8400 / 12000 [ 70%]  (Sampling)
Chain 2: Iteration:  7200 / 12000 [ 60%]  (Sampling)
Chain 4: Iteration:  8400 / 12000 [ 70%]  (Sampling)
Chain 3: Iteration:  9600 / 12000 [ 80%]  (Sampling)
Chain 1: Iteration:  8400 / 12000 [ 70%]  (Sampling)
Chain 3: Iteration: 10800 / 12000 [ 90%]  (Sampling)
Chain 4: Iteration:  9600 / 12000 [ 80%]  (Sampling)
Chain 2: Iteration:  8400 / 12000 [ 70%]  (Sampling)
Chain 3: Iteration: 12000 / 12000 [100%]  (Sampling)
Chain 3: 
Chain 3:  Elapsed Time: 19.141 seconds (Warm-up)
Chain 3:                13.822 seconds (Sampling)
Chain 3:                32.963 seconds (Total)
Chain 3: 
Chain 4: Iteration: 10800 / 12000 [ 90%]  (Sampling)
Chain 1: Iteration:  9600 / 12000 [ 80%]  (Sampling)
Chain 2: Iteration:  9600 / 12000 [ 80%]  (Sampling)
Chain 4: Iteration: 12000 / 12000 [100%]  (Sampling)
Chain 4: 
Chain 4:  Elapsed Time: 17.929 seconds (Warm-up)
Chain 4:                20.792 seconds (Sampling)
Chain 4:                38.721 seconds (Total)
Chain 4: 
Chain 1: Iteration: 10800 / 12000 [ 90%]  (Sampling)
Chain 2: Iteration: 10800 / 12000 [ 90%]  (Sampling)
Chain 1: Iteration: 12000 / 12000 [100%]  (Sampling)
Chain 1: 
Chain 1:  Elapsed Time: 19.11 seconds (Warm-up)
Chain 1:                26.726 seconds (Sampling)
Chain 1:                45.836 seconds (Total)
Chain 1: 
Chain 2: Iteration: 12000 / 12000 [100%]  (Sampling)
Chain 2: 
Chain 2:  Elapsed Time: 18.704 seconds (Warm-up)
Chain 2:                29.832 seconds (Sampling)
Chain 2:                48.536 seconds (Total)
Chain 2: 
Done!
Fitting s3.json, 11/17

SAMPLING FOR MODEL 'anon_model' NOW (CHAIN 1).
Chain 1: 
Chain 1: Gradient evaluation took 0.000284 seconds
Chain 1: 1000 transitions using 10 leapfrog steps per transition would take 2.84 seconds.
Chain 1: Adjust your expectations accordingly!
Chain 1: 
Chain 1: 
Chain 1: Iteration:     1 / 12000 [  0%]  (Warmup)

SAMPLING FOR MODEL 'anon_model' NOW (CHAIN 2).

SAMPLING FOR MODEL 'anon_model' NOW (CHAIN 3).
Chain 3: 
Chain 3: Gradient evaluation took 0.000727 seconds
Chain 3: 1000 transitions using 10 leapfrog steps per transition would take 7.27 seconds.
Chain 3: Adjust your expectations accordingly!
Chain 3: 
Chain 3: 
Chain 2: 
Chain 2: Gradient evaluation took 0.000454 seconds
Chain 2: 1000 transitions using 10 leapfrog steps per transition would take 4.54 seconds.
Chain 2: Adjust your expectations accordingly!
Chain 2: 
Chain 2: 
Chain 2: Iteration:     1 / 12000 [  0%]  (Warmup)
Chain 3: Iteration:     1 / 12000 [  0%]  (Warmup)

SAMPLING FOR MODEL 'anon_model' NOW (CHAIN 4).
Chain 4: 
Chain 4: Gradient evaluation took 0.0003 seconds
Chain 4: 1000 transitions using 10 leapfrog steps per transition would take 3 seconds.
Chain 4: Adjust your expectations accordingly!
Chain 4: 
Chain 4: 
Chain 4: Iteration:     1 / 12000 [  0%]  (Warmup)
Chain 4: Iteration:  1200 / 12000 [ 10%]  (Warmup)
Chain 2: Iteration:  1200 / 12000 [ 10%]  (Warmup)
Chain 3: Iteration:  1200 / 12000 [ 10%]  (Warmup)
Chain 1: Iteration:  1200 / 12000 [ 10%]  (Warmup)
Chain 2: Iteration:  2400 / 12000 [ 20%]  (Warmup)
Chain 4: Iteration:  2400 / 12000 [ 20%]  (Warmup)
Chain 3: Iteration:  2400 / 12000 [ 20%]  (Warmup)
Chain 1: Iteration:  2400 / 12000 [ 20%]  (Warmup)
Chain 2: Iteration:  3600 / 12000 [ 30%]  (Warmup)
Chain 4: Iteration:  3600 / 12000 [ 30%]  (Warmup)
Chain 3: Iteration:  3600 / 12000 [ 30%]  (Warmup)
Chain 1: Iteration:  3600 / 12000 [ 30%]  (Warmup)
Chain 2: Iteration:  4800 / 12000 [ 40%]  (Warmup)
Chain 4: Iteration:  4800 / 12000 [ 40%]  (Warmup)
Chain 3: Iteration:  4800 / 12000 [ 40%]  (Warmup)
Chain 1: Iteration:  4800 / 12000 [ 40%]  (Warmup)
Chain 3: Iteration:  6000 / 12000 [ 50%]  (Warmup)
Chain 3: Iteration:  6001 / 12000 [ 50%]  (Sampling)
Chain 4: Iteration:  6000 / 12000 [ 50%]  (Warmup)
Chain 4: Iteration:  6001 / 12000 [ 50%]  (Sampling)
Chain 2: Iteration:  6000 / 12000 [ 50%]  (Warmup)
Chain 2: Iteration:  6001 / 12000 [ 50%]  (Sampling)
Chain 1: Iteration:  6000 / 12000 [ 50%]  (Warmup)
Chain 1: Iteration:  6001 / 12000 [ 50%]  (Sampling)
Chain 3: Iteration:  7200 / 12000 [ 60%]  (Sampling)
Chain 1: Iteration:  7200 / 12000 [ 60%]  (Sampling)
Chain 4: Iteration:  7200 / 12000 [ 60%]  (Sampling)
Chain 2: Iteration:  7200 / 12000 [ 60%]  (Sampling)
Chain 3: Iteration:  8400 / 12000 [ 70%]  (Sampling)
Chain 1: Iteration:  8400 / 12000 [ 70%]  (Sampling)
Chain 3: Iteration:  9600 / 12000 [ 80%]  (Sampling)
Chain 4: Iteration:  8400 / 12000 [ 70%]  (Sampling)
Chain 2: Iteration:  8400 / 12000 [ 70%]  (Sampling)
Chain 1: Iteration:  9600 / 12000 [ 80%]  (Sampling)
Chain 3: Iteration: 10800 / 12000 [ 90%]  (Sampling)
Chain 3: Iteration: 12000 / 12000 [100%]  (Sampling)
Chain 3: 
Chain 3:  Elapsed Time: 17.362 seconds (Warm-up)
Chain 3:                14.349 seconds (Sampling)
Chain 3:                31.711 seconds (Total)
Chain 3: 
Chain 4: Iteration:  9600 / 12000 [ 80%]  (Sampling)
Chain 1: Iteration: 10800 / 12000 [ 90%]  (Sampling)
Chain 2: Iteration:  9600 / 12000 [ 80%]  (Sampling)
Chain 1: Iteration: 12000 / 12000 [100%]  (Sampling)
Chain 1: 
Chain 1:  Elapsed Time: 17.684 seconds (Warm-up)
Chain 1:                18.419 seconds (Sampling)
Chain 1:                36.103 seconds (Total)
Chain 1: 
Chain 4: Iteration: 10800 / 12000 [ 90%]  (Sampling)
Chain 2: Iteration: 10800 / 12000 [ 90%]  (Sampling)
Chain 4: Iteration: 12000 / 12000 [100%]  (Sampling)
Chain 4: 
Chain 4:  Elapsed Time: 17.579 seconds (Warm-up)
Chain 4:                24.037 seconds (Sampling)
Chain 4:                41.616 seconds (Total)
Chain 4: 
Chain 2: Iteration: 12000 / 12000 [100%]  (Sampling)
Chain 2: 
Chain 2:  Elapsed Time: 17.598 seconds (Warm-up)
Chain 2:                26.312 seconds (Sampling)
Chain 2:                43.91 seconds (Total)
Chain 2: 
Done!
Fitting s4.json, 12/17

SAMPLING FOR MODEL 'anon_model' NOW (CHAIN 1).
Chain 1: 
Chain 1: Gradient evaluation took 0.000249 seconds
Chain 1: 1000 transitions using 10 leapfrog steps per transition would take 2.49 seconds.
Chain 1: Adjust your expectations accordingly!
Chain 1: 
Chain 1: 

SAMPLING FOR MODEL 'anon_model' NOW (CHAIN 2).
Chain 2: 
Chain 2: Gradient evaluation took 0.000244 seconds
Chain 2: 1000 transitions using 10 leapfrog steps per transition would take 2.44 seconds.
Chain 2: Adjust your expectations accordingly!
Chain 2: 
Chain 2: 

SAMPLING FOR MODEL 'anon_model' NOW (CHAIN 3).
Chain 1: Iteration:     1 / 12000 [  0%]  (Warmup)
Chain 3: 
Chain 3: Gradient evaluation took 0.000238 seconds
Chain 3: 1000 transitions using 10 leapfrog steps per transition would take 2.38 seconds.
Chain 3: Adjust your expectations accordingly!
Chain 3: 
Chain 3: 
Chain 2: Iteration:     1 / 12000 [  0%]  (Warmup)

SAMPLING FOR MODEL 'anon_model' NOW (CHAIN 4).
Chain 3: Iteration:     1 / 12000 [  0%]  (Warmup)
Chain 4: 
Chain 4: Gradient evaluation took 0.000224 seconds
Chain 4: 1000 transitions using 10 leapfrog steps per transition would take 2.24 seconds.
Chain 4: Adjust your expectations accordingly!
Chain 4: 
Chain 4: 
Chain 4: Iteration:     1 / 12000 [  0%]  (Warmup)
Chain 4: Iteration:  1200 / 12000 [ 10%]  (Warmup)
Chain 3: Iteration:  1200 / 12000 [ 10%]  (Warmup)
Chain 1: Iteration:  1200 / 12000 [ 10%]  (Warmup)
Chain 2: Iteration:  1200 / 12000 [ 10%]  (Warmup)
Chain 4: Iteration:  2400 / 12000 [ 20%]  (Warmup)
Chain 1: Iteration:  2400 / 12000 [ 20%]  (Warmup)
Chain 2: Iteration:  2400 / 12000 [ 20%]  (Warmup)
Chain 3: Iteration:  2400 / 12000 [ 20%]  (Warmup)
Chain 4: Iteration:  3600 / 12000 [ 30%]  (Warmup)
Chain 3: Iteration:  3600 / 12000 [ 30%]  (Warmup)
Chain 1: Iteration:  3600 / 12000 [ 30%]  (Warmup)
Chain 2: Iteration:  3600 / 12000 [ 30%]  (Warmup)
Chain 4: Iteration:  4800 / 12000 [ 40%]  (Warmup)
Chain 3: Iteration:  4800 / 12000 [ 40%]  (Warmup)
Chain 1: Iteration:  4800 / 12000 [ 40%]  (Warmup)
Chain 2: Iteration:  4800 / 12000 [ 40%]  (Warmup)
Chain 4: Iteration:  6000 / 12000 [ 50%]  (Warmup)
Chain 4: Iteration:  6001 / 12000 [ 50%]  (Sampling)
Chain 3: Iteration:  6000 / 12000 [ 50%]  (Warmup)
Chain 3: Iteration:  6001 / 12000 [ 50%]  (Sampling)
Chain 1: Iteration:  6000 / 12000 [ 50%]  (Warmup)
Chain 1: Iteration:  6001 / 12000 [ 50%]  (Sampling)
Chain 2: Iteration:  6000 / 12000 [ 50%]  (Warmup)
Chain 2: Iteration:  6001 / 12000 [ 50%]  (Sampling)
Chain 3: Iteration:  7200 / 12000 [ 60%]  (Sampling)
Chain 4: Iteration:  7200 / 12000 [ 60%]  (Sampling)
Chain 1: Iteration:  7200 / 12000 [ 60%]  (Sampling)
Chain 2: Iteration:  7200 / 12000 [ 60%]  (Sampling)
Chain 3: Iteration:  8400 / 12000 [ 70%]  (Sampling)
Chain 2: Iteration:  8400 / 12000 [ 70%]  (Sampling)
Chain 1: Iteration:  8400 / 12000 [ 70%]  (Sampling)
Chain 4: Iteration:  8400 / 12000 [ 70%]  (Sampling)
Chain 3: Iteration:  9600 / 12000 [ 80%]  (Sampling)
Chain 2: Iteration:  9600 / 12000 [ 80%]  (Sampling)
Chain 1: Iteration:  9600 / 12000 [ 80%]  (Sampling)
Chain 4: Iteration:  9600 / 12000 [ 80%]  (Sampling)
Chain 3: Iteration: 10800 / 12000 [ 90%]  (Sampling)
Chain 2: Iteration: 10800 / 12000 [ 90%]  (Sampling)
Chain 1: Iteration: 10800 / 12000 [ 90%]  (Sampling)
Chain 4: Iteration: 10800 / 12000 [ 90%]  (Sampling)
Chain 2: Iteration: 12000 / 12000 [100%]  (Sampling)
Chain 2: 
Chain 2:  Elapsed Time: 16.119 seconds (Warm-up)
Chain 2:                15.024 seconds (Sampling)
Chain 2:                31.143 seconds (Total)
Chain 2: 
Chain 3: Iteration: 12000 / 12000 [100%]  (Sampling)
Chain 3: 
Chain 3:  Elapsed Time: 15.668 seconds (Warm-up)
Chain 3:                15.494 seconds (Sampling)
Chain 3:                31.162 seconds (Total)
Chain 3: 
Chain 1: Iteration: 12000 / 12000 [100%]  (Sampling)
Chain 1: 
Chain 1:  Elapsed Time: 15.825 seconds (Warm-up)
Chain 1:                16.119 seconds (Sampling)
Chain 1:                31.944 seconds (Total)
Chain 1: 
Chain 4: Iteration: 12000 / 12000 [100%]  (Sampling)
Chain 4: 
Chain 4:  Elapsed Time: 15.385 seconds (Warm-up)
Chain 4:                17.561 seconds (Sampling)
Chain 4:                32.946 seconds (Total)
Chain 4: 
Done!
Fitting s5.json, 13/17

SAMPLING FOR MODEL 'anon_model' NOW (CHAIN 1).

SAMPLING FOR MODEL 'anon_model' NOW (CHAIN 2).
Chain 1: 
Chain 1: Gradient evaluation took 0.000256 seconds
Chain 1: 1000 transitions using 10 leapfrog steps per transition would take 2.56 seconds.
Chain 1: Adjust your expectations accordingly!
Chain 1: 
Chain 1: 
Chain 2: 
Chain 2: Gradient evaluation took 0.000232 seconds
Chain 2: 1000 transitions using 10 leapfrog steps per transition would take 2.32 seconds.
Chain 2: Adjust your expectations accordingly!
Chain 2: 
Chain 2: 

SAMPLING FOR MODEL 'anon_model' NOW (CHAIN 3).
Chain 1: Iteration:     1 / 12000 [  0%]  (Warmup)
Chain 3: 
Chain 3: Gradient evaluation took 0.000236 seconds
Chain 3: 1000 transitions using 10 leapfrog steps per transition would take 2.36 seconds.
Chain 3: Adjust your expectations accordingly!
Chain 3: 
Chain 3: 
Chain 2: Iteration:     1 / 12000 [  0%]  (Warmup)

SAMPLING FOR MODEL 'anon_model' NOW (CHAIN 4).
Chain 3: Iteration:     1 / 12000 [  0%]  (Warmup)
Chain 4: 
Chain 4: Gradient evaluation took 0.000252 seconds
Chain 4: 1000 transitions using 10 leapfrog steps per transition would take 2.52 seconds.
Chain 4: Adjust your expectations accordingly!
Chain 4: 
Chain 4: 
Chain 4: Iteration:     1 / 12000 [  0%]  (Warmup)
Chain 2: Iteration:  1200 / 12000 [ 10%]  (Warmup)
Chain 4: Iteration:  1200 / 12000 [ 10%]  (Warmup)
Chain 1: Iteration:  1200 / 12000 [ 10%]  (Warmup)
Chain 3: Iteration:  1200 / 12000 [ 10%]  (Warmup)
Chain 2: Iteration:  2400 / 12000 [ 20%]  (Warmup)
Chain 1: Iteration:  2400 / 12000 [ 20%]  (Warmup)
Chain 3: Iteration:  2400 / 12000 [ 20%]  (Warmup)
Chain 4: Iteration:  2400 / 12000 [ 20%]  (Warmup)
Chain 2: Iteration:  3600 / 12000 [ 30%]  (Warmup)
Chain 1: Iteration:  3600 / 12000 [ 30%]  (Warmup)
Chain 3: Iteration:  3600 / 12000 [ 30%]  (Warmup)
Chain 4: Iteration:  3600 / 12000 [ 30%]  (Warmup)
Chain 2: Iteration:  4800 / 12000 [ 40%]  (Warmup)
Chain 1: Iteration:  4800 / 12000 [ 40%]  (Warmup)
Chain 3: Iteration:  4800 / 12000 [ 40%]  (Warmup)
Chain 4: Iteration:  4800 / 12000 [ 40%]  (Warmup)
Chain 1: Iteration:  6000 / 12000 [ 50%]  (Warmup)
Chain 1: Iteration:  6001 / 12000 [ 50%]  (Sampling)
Chain 3: Iteration:  6000 / 12000 [ 50%]  (Warmup)
Chain 3: Iteration:  6001 / 12000 [ 50%]  (Sampling)
Chain 2: Iteration:  6000 / 12000 [ 50%]  (Warmup)
Chain 2: Iteration:  6001 / 12000 [ 50%]  (Sampling)
Chain 4: Iteration:  6000 / 12000 [ 50%]  (Warmup)
Chain 4: Iteration:  6001 / 12000 [ 50%]  (Sampling)
Chain 3: Iteration:  7200 / 12000 [ 60%]  (Sampling)
Chain 1: Iteration:  7200 / 12000 [ 60%]  (Sampling)
Chain 4: Iteration:  7200 / 12000 [ 60%]  (Sampling)
Chain 2: Iteration:  7200 / 12000 [ 60%]  (Sampling)
Chain 3: Iteration:  8400 / 12000 [ 70%]  (Sampling)
Chain 1: Iteration:  8400 / 12000 [ 70%]  (Sampling)
Chain 4: Iteration:  8400 / 12000 [ 70%]  (Sampling)
Chain 3: Iteration:  9600 / 12000 [ 80%]  (Sampling)
Chain 1: Iteration:  9600 / 12000 [ 80%]  (Sampling)
Chain 4: Iteration:  9600 / 12000 [ 80%]  (Sampling)
Chain 2: Iteration:  8400 / 12000 [ 70%]  (Sampling)
Chain 3: Iteration: 10800 / 12000 [ 90%]  (Sampling)
Chain 1: Iteration: 10800 / 12000 [ 90%]  (Sampling)
Chain 4: Iteration: 10800 / 12000 [ 90%]  (Sampling)
Chain 3: Iteration: 12000 / 12000 [100%]  (Sampling)
Chain 3: 
Chain 3:  Elapsed Time: 22.634 seconds (Warm-up)
Chain 3:                19.912 seconds (Sampling)
Chain 3:                42.546 seconds (Total)
Chain 3: 
Chain 1: Iteration: 12000 / 12000 [100%]  (Sampling)
Chain 1: 
Chain 1:  Elapsed Time: 22.615 seconds (Warm-up)
Chain 1:                21.215 seconds (Sampling)
Chain 1:                43.83 seconds (Total)
Chain 1: 
Chain 2: Iteration:  9600 / 12000 [ 80%]  (Sampling)
Chain 4: Iteration: 12000 / 12000 [100%]  (Sampling)
Chain 4: 
Chain 4:  Elapsed Time: 23.567 seconds (Warm-up)
Chain 4:                22.297 seconds (Sampling)
Chain 4:                45.864 seconds (Total)
Chain 4: 
Chain 2: Iteration: 10800 / 12000 [ 90%]  (Sampling)
Chain 2: Iteration: 12000 / 12000 [100%]  (Sampling)
Chain 2: 
Chain 2:  Elapsed Time: 22.819 seconds (Warm-up)
Chain 2:                35.109 seconds (Sampling)
Chain 2:                57.928 seconds (Total)
Chain 2: 
Done!
Fitting s6.json, 14/17

SAMPLING FOR MODEL 'anon_model' NOW (CHAIN 1).
Chain 1: 
Chain 1: Gradient evaluation took 0.000298 seconds
Chain 1: 1000 transitions using 10 leapfrog steps per transition would take 2.98 seconds.
Chain 1: Adjust your expectations accordingly!
Chain 1: 
Chain 1: 

SAMPLING FOR MODEL 'anon_model' NOW (CHAIN 2).
Chain 2: 
Chain 2: Gradient evaluation took 0.000241 seconds
Chain 2: 1000 transitions using 10 leapfrog steps per transition would take 2.41 seconds.
Chain 2: Adjust your expectations accordingly!
Chain 2: 
Chain 2: 
Chain 1: Iteration:     1 / 12000 [  0%]  (Warmup)

SAMPLING FOR MODEL 'anon_model' NOW (CHAIN 3).
Chain 3: 
Chain 3: Gradient evaluation took 0.000258 seconds
Chain 3: 1000 transitions using 10 leapfrog steps per transition would take 2.58 seconds.
Chain 3: Adjust your expectations accordingly!
Chain 3: 
Chain 3: 
Chain 2: Iteration:     1 / 12000 [  0%]  (Warmup)

SAMPLING FOR MODEL 'anon_model' NOW (CHAIN 4).
Chain 4: 
Chain 4: Gradient evaluation took 0.000306 seconds
Chain 4: 1000 transitions using 10 leapfrog steps per transition would take 3.06 seconds.
Chain 4: Adjust your expectations accordingly!
Chain 4: 
Chain 4: 
Chain 3: Iteration:     1 / 12000 [  0%]  (Warmup)
Chain 4: Iteration:     1 / 12000 [  0%]  (Warmup)
Chain 3: Iteration:  1200 / 12000 [ 10%]  (Warmup)
Chain 1: Iteration:  1200 / 12000 [ 10%]  (Warmup)
Chain 2: Iteration:  1200 / 12000 [ 10%]  (Warmup)
Chain 4: Iteration:  1200 / 12000 [ 10%]  (Warmup)
Chain 3: Iteration:  2400 / 12000 [ 20%]  (Warmup)
Chain 1: Iteration:  2400 / 12000 [ 20%]  (Warmup)
Chain 2: Iteration:  2400 / 12000 [ 20%]  (Warmup)
Chain 4: Iteration:  2400 / 12000 [ 20%]  (Warmup)
Chain 3: Iteration:  3600 / 12000 [ 30%]  (Warmup)
Chain 1: Iteration:  3600 / 12000 [ 30%]  (Warmup)
Chain 2: Iteration:  3600 / 12000 [ 30%]  (Warmup)
Chain 4: Iteration:  3600 / 12000 [ 30%]  (Warmup)
Chain 3: Iteration:  4800 / 12000 [ 40%]  (Warmup)
Chain 1: Iteration:  4800 / 12000 [ 40%]  (Warmup)
Chain 2: Iteration:  4800 / 12000 [ 40%]  (Warmup)
Chain 4: Iteration:  4800 / 12000 [ 40%]  (Warmup)
Chain 3: Iteration:  6000 / 12000 [ 50%]  (Warmup)
Chain 3: Iteration:  6001 / 12000 [ 50%]  (Sampling)
Chain 1: Iteration:  6000 / 12000 [ 50%]  (Warmup)
Chain 1: Iteration:  6001 / 12000 [ 50%]  (Sampling)
Chain 2: Iteration:  6000 / 12000 [ 50%]  (Warmup)
Chain 2: Iteration:  6001 / 12000 [ 50%]  (Sampling)
Chain 4: Iteration:  6000 / 12000 [ 50%]  (Warmup)
Chain 4: Iteration:  6001 / 12000 [ 50%]  (Sampling)
Chain 1: Iteration:  7200 / 12000 [ 60%]  (Sampling)
Chain 4: Iteration:  7200 / 12000 [ 60%]  (Sampling)
Chain 3: Iteration:  7200 / 12000 [ 60%]  (Sampling)
Chain 2: Iteration:  7200 / 12000 [ 60%]  (Sampling)
Chain 1: Iteration:  8400 / 12000 [ 70%]  (Sampling)
Chain 4: Iteration:  8400 / 12000 [ 70%]  (Sampling)
Chain 1: Iteration:  9600 / 12000 [ 80%]  (Sampling)
Chain 4: Iteration:  9600 / 12000 [ 80%]  (Sampling)
Chain 3: Iteration:  8400 / 12000 [ 70%]  (Sampling)
Chain 2: Iteration:  8400 / 12000 [ 70%]  (Sampling)
Chain 1: Iteration: 10800 / 12000 [ 90%]  (Sampling)
Chain 4: Iteration: 10800 / 12000 [ 90%]  (Sampling)
Chain 1: Iteration: 12000 / 12000 [100%]  (Sampling)
Chain 1: 
Chain 1:  Elapsed Time: 15.182 seconds (Warm-up)
Chain 1:                13.346 seconds (Sampling)
Chain 1:                28.528 seconds (Total)
Chain 1: 
Chain 3: Iteration:  9600 / 12000 [ 80%]  (Sampling)
Chain 4: Iteration: 12000 / 12000 [100%]  (Sampling)
Chain 4: 
Chain 4:  Elapsed Time: 15.493 seconds (Warm-up)
Chain 4:                14.131 seconds (Sampling)
Chain 4:                29.624 seconds (Total)
Chain 4: 
Chain 2: Iteration:  9600 / 12000 [ 80%]  (Sampling)
Chain 3: Iteration: 10800 / 12000 [ 90%]  (Sampling)
Chain 2: Iteration: 10800 / 12000 [ 90%]  (Sampling)
Chain 3: Iteration: 12000 / 12000 [100%]  (Sampling)
Chain 3: 
Chain 3:  Elapsed Time: 15.054 seconds (Warm-up)
Chain 3:                23.488 seconds (Sampling)
Chain 3:                38.542 seconds (Total)
Chain 3: 
Chain 2: Iteration: 12000 / 12000 [100%]  (Sampling)
Chain 2: 
Chain 2:  Elapsed Time: 15.343 seconds (Warm-up)
Chain 2:                24.541 seconds (Sampling)
Chain 2:                39.884 seconds (Total)
Chain 2: 
Done!
Fitting s7.json, 15/17

SAMPLING FOR MODEL 'anon_model' NOW (CHAIN 1).
Chain 1: 
Chain 1: Gradient evaluation took 0.000243 seconds
Chain 1: 1000 transitions using 10 leapfrog steps per transition would take 2.43 seconds.
Chain 1: Adjust your expectations accordingly!
Chain 1: 
Chain 1: 

SAMPLING FOR MODEL 'anon_model' NOW (CHAIN 2).
Chain 2: 
Chain 2: Gradient evaluation took 0.000226 seconds
Chain 2: 1000 transitions using 10 leapfrog steps per transition would take 2.26 seconds.
Chain 2: Adjust your expectations accordingly!
Chain 2: 
Chain 2: 

SAMPLING FOR MODEL 'anon_model' NOW (CHAIN 3).
Chain 1: Iteration:     1 / 12000 [  0%]  (Warmup)
Chain 3: 
Chain 3: Gradient evaluation took 0.000227 seconds
Chain 3: 1000 transitions using 10 leapfrog steps per transition would take 2.27 seconds.
Chain 3: Adjust your expectations accordingly!
Chain 3: 
Chain 3: 
Chain 2: Iteration:     1 / 12000 [  0%]  (Warmup)

SAMPLING FOR MODEL 'anon_model' NOW (CHAIN 4).
Chain 3: Iteration:     1 / 12000 [  0%]  (Warmup)
Chain 4: 
Chain 4: Gradient evaluation took 0.000261 seconds
Chain 4: 1000 transitions using 10 leapfrog steps per transition would take 2.61 seconds.
Chain 4: Adjust your expectations accordingly!
Chain 4: 
Chain 4: 
Chain 4: Iteration:     1 / 12000 [  0%]  (Warmup)
Chain 3: Iteration:  1200 / 12000 [ 10%]  (Warmup)
Chain 2: Iteration:  1200 / 12000 [ 10%]  (Warmup)
Chain 4: Iteration:  1200 / 12000 [ 10%]  (Warmup)
Chain 1: Iteration:  1200 / 12000 [ 10%]  (Warmup)
Chain 3: Iteration:  2400 / 12000 [ 20%]  (Warmup)
Chain 2: Iteration:  2400 / 12000 [ 20%]  (Warmup)
Chain 1: Iteration:  2400 / 12000 [ 20%]  (Warmup)
Chain 4: Iteration:  2400 / 12000 [ 20%]  (Warmup)
Chain 3: Iteration:  3600 / 12000 [ 30%]  (Warmup)
Chain 2: Iteration:  3600 / 12000 [ 30%]  (Warmup)
Chain 1: Iteration:  3600 / 12000 [ 30%]  (Warmup)
Chain 4: Iteration:  3600 / 12000 [ 30%]  (Warmup)
Chain 3: Iteration:  4800 / 12000 [ 40%]  (Warmup)
Chain 1: Iteration:  4800 / 12000 [ 40%]  (Warmup)
Chain 2: Iteration:  4800 / 12000 [ 40%]  (Warmup)
Chain 4: Iteration:  4800 / 12000 [ 40%]  (Warmup)
Chain 1: Iteration:  6000 / 12000 [ 50%]  (Warmup)
Chain 1: Iteration:  6001 / 12000 [ 50%]  (Sampling)
Chain 3: Iteration:  6000 / 12000 [ 50%]  (Warmup)
Chain 3: Iteration:  6001 / 12000 [ 50%]  (Sampling)
Chain 2: Iteration:  6000 / 12000 [ 50%]  (Warmup)
Chain 2: Iteration:  6001 / 12000 [ 50%]  (Sampling)
Chain 4: Iteration:  6000 / 12000 [ 50%]  (Warmup)
Chain 4: Iteration:  6001 / 12000 [ 50%]  (Sampling)
Chain 2: Iteration:  7200 / 12000 [ 60%]  (Sampling)
Chain 1: Iteration:  7200 / 12000 [ 60%]  (Sampling)
Chain 3: Iteration:  7200 / 12000 [ 60%]  (Sampling)
Chain 4: Iteration:  7200 / 12000 [ 60%]  (Sampling)
Chain 2: Iteration:  8400 / 12000 [ 70%]  (Sampling)
Chain 1: Iteration:  8400 / 12000 [ 70%]  (Sampling)
Chain 2: Iteration:  9600 / 12000 [ 80%]  (Sampling)
Chain 1: Iteration:  9600 / 12000 [ 80%]  (Sampling)
Chain 3: Iteration:  8400 / 12000 [ 70%]  (Sampling)
Chain 4: Iteration:  8400 / 12000 [ 70%]  (Sampling)
Chain 2: Iteration: 10800 / 12000 [ 90%]  (Sampling)
Chain 1: Iteration: 10800 / 12000 [ 90%]  (Sampling)
Chain 2: Iteration: 12000 / 12000 [100%]  (Sampling)
Chain 2: 
Chain 2:  Elapsed Time: 19.084 seconds (Warm-up)
Chain 2:                15.62 seconds (Sampling)
Chain 2:                34.704 seconds (Total)
Chain 2: 
Chain 1: Iteration: 12000 / 12000 [100%]  (Sampling)
Chain 1: 
Chain 1:  Elapsed Time: 18.865 seconds (Warm-up)
Chain 1:                16.568 seconds (Sampling)
Chain 1:                35.433 seconds (Total)
Chain 1: 
Chain 3: Iteration:  9600 / 12000 [ 80%]  (Sampling)
Chain 4: Iteration:  9600 / 12000 [ 80%]  (Sampling)
Chain 3: Iteration: 10800 / 12000 [ 90%]  (Sampling)
Chain 4: Iteration: 10800 / 12000 [ 90%]  (Sampling)
Chain 3: Iteration: 12000 / 12000 [100%]  (Sampling)
Chain 3: 
Chain 3:  Elapsed Time: 18.923 seconds (Warm-up)
Chain 3:                28.15 seconds (Sampling)
Chain 3:                47.073 seconds (Total)
Chain 3: 
Chain 4: Iteration: 12000 / 12000 [100%]  (Sampling)
Chain 4: 
Chain 4:  Elapsed Time: 19.391 seconds (Warm-up)
Chain 4:                28.177 seconds (Sampling)
Chain 4:                47.568 seconds (Total)
Chain 4: 
Done!
Fitting s8.json, 16/17

SAMPLING FOR MODEL 'anon_model' NOW (CHAIN 1).

SAMPLING FOR MODEL 'anon_model' NOW (CHAIN 2).
Chain 1: 
Chain 1: Gradient evaluation took 0.00024 seconds
Chain 1: 1000 transitions using 10 leapfrog steps per transition would take 2.4 seconds.
Chain 1: Adjust your expectations accordingly!
Chain 1: 
Chain 1: 
Chain 2: 
Chain 2: Gradient evaluation took 0.000262 seconds
Chain 2: 1000 transitions using 10 leapfrog steps per transition would take 2.62 seconds.
Chain 2: Adjust your expectations accordingly!
Chain 2: 
Chain 2: 

SAMPLING FOR MODEL 'anon_model' NOW (CHAIN 3).
Chain 1: Iteration:     1 / 12000 [  0%]  (Warmup)
Chain 3: 
Chain 3: Gradient evaluation took 0.000229 seconds
Chain 3: 1000 transitions using 10 leapfrog steps per transition would take 2.29 seconds.
Chain 3: Adjust your expectations accordingly!
Chain 3: 
Chain 3: 

SAMPLING FOR MODEL 'anon_model' NOW (CHAIN 4).
Chain 2: Iteration:     1 / 12000 [  0%]  (Warmup)
Chain 3: Iteration:     1 / 12000 [  0%]  (Warmup)
Chain 4: 
Chain 4: Gradient evaluation took 0.00037 seconds
Chain 4: 1000 transitions using 10 leapfrog steps per transition would take 3.7 seconds.
Chain 4: Adjust your expectations accordingly!
Chain 4: 
Chain 4: 
Chain 4: Iteration:     1 / 12000 [  0%]  (Warmup)
Chain 2: Iteration:  1200 / 12000 [ 10%]  (Warmup)
Chain 1: Iteration:  1200 / 12000 [ 10%]  (Warmup)
Chain 3: Iteration:  1200 / 12000 [ 10%]  (Warmup)
Chain 4: Iteration:  1200 / 12000 [ 10%]  (Warmup)
Chain 2: Iteration:  2400 / 12000 [ 20%]  (Warmup)
Chain 1: Iteration:  2400 / 12000 [ 20%]  (Warmup)
Chain 3: Iteration:  2400 / 12000 [ 20%]  (Warmup)
Chain 4: Iteration:  2400 / 12000 [ 20%]  (Warmup)
Chain 2: Iteration:  3600 / 12000 [ 30%]  (Warmup)
Chain 1: Iteration:  3600 / 12000 [ 30%]  (Warmup)
Chain 4: Iteration:  3600 / 12000 [ 30%]  (Warmup)
Chain 3: Iteration:  3600 / 12000 [ 30%]  (Warmup)
Chain 2: Iteration:  4800 / 12000 [ 40%]  (Warmup)
Chain 3: Iteration:  4800 / 12000 [ 40%]  (Warmup)
Chain 1: Iteration:  4800 / 12000 [ 40%]  (Warmup)
Chain 4: Iteration:  4800 / 12000 [ 40%]  (Warmup)
Chain 2: Iteration:  6000 / 12000 [ 50%]  (Warmup)
Chain 2: Iteration:  6001 / 12000 [ 50%]  (Sampling)
Chain 3: Iteration:  6000 / 12000 [ 50%]  (Warmup)
Chain 3: Iteration:  6001 / 12000 [ 50%]  (Sampling)
Chain 1: Iteration:  6000 / 12000 [ 50%]  (Warmup)
Chain 1: Iteration:  6001 / 12000 [ 50%]  (Sampling)
Chain 4: Iteration:  6000 / 12000 [ 50%]  (Warmup)
Chain 4: Iteration:  6001 / 12000 [ 50%]  (Sampling)
Chain 3: Iteration:  7200 / 12000 [ 60%]  (Sampling)
Chain 1: Iteration:  7200 / 12000 [ 60%]  (Sampling)
Chain 4: Iteration:  7200 / 12000 [ 60%]  (Sampling)
Chain 2: Iteration:  7200 / 12000 [ 60%]  (Sampling)
Chain 3: Iteration:  8400 / 12000 [ 70%]  (Sampling)
Chain 1: Iteration:  8400 / 12000 [ 70%]  (Sampling)
Chain 4: Iteration:  8400 / 12000 [ 70%]  (Sampling)
Chain 3: Iteration:  9600 / 12000 [ 80%]  (Sampling)
Chain 2: Iteration:  8400 / 12000 [ 70%]  (Sampling)
Chain 1: Iteration:  9600 / 12000 [ 80%]  (Sampling)
Chain 4: Iteration:  9600 / 12000 [ 80%]  (Sampling)
Chain 3: Iteration: 10800 / 12000 [ 90%]  (Sampling)
Chain 2: Iteration:  9600 / 12000 [ 80%]  (Sampling)
Chain 3: Iteration: 12000 / 12000 [100%]  (Sampling)
Chain 3: 
Chain 3:  Elapsed Time: 16.245 seconds (Warm-up)
Chain 3:                15.711 seconds (Sampling)
Chain 3:                31.956 seconds (Total)
Chain 3: 
Chain 1: Iteration: 10800 / 12000 [ 90%]  (Sampling)
Chain 4: Iteration: 10800 / 12000 [ 90%]  (Sampling)
Chain 2: Iteration: 10800 / 12000 [ 90%]  (Sampling)
Chain 1: Iteration: 12000 / 12000 [100%]  (Sampling)
Chain 1: 
Chain 1:  Elapsed Time: 16.507 seconds (Warm-up)
Chain 1:                19.872 seconds (Sampling)
Chain 1:                36.379 seconds (Total)
Chain 1: 
Chain 4: Iteration: 12000 / 12000 [100%]  (Sampling)
Chain 4: 
Chain 4:  Elapsed Time: 16.52 seconds (Warm-up)
Chain 4:                20.507 seconds (Sampling)
Chain 4:                37.027 seconds (Total)
Chain 4: 
Chain 2: Iteration: 12000 / 12000 [100%]  (Sampling)
Chain 2: 
Chain 2:  Elapsed Time: 16.227 seconds (Warm-up)
Chain 2:                23.73 seconds (Sampling)
Chain 2:                39.957 seconds (Total)
Chain 2: 
Done!
Fitting s9.json, 17/17

SAMPLING FOR MODEL 'anon_model' NOW (CHAIN 1).

SAMPLING FOR MODEL 'anon_model' NOW (CHAIN 2).
Chain 1: 
Chain 1: Gradient evaluation took 0.00026 seconds
Chain 1: 1000 transitions using 10 leapfrog steps per transition would take 2.6 seconds.
Chain 1: Adjust your expectations accordingly!
Chain 1: 
Chain 1: 

SAMPLING FOR MODEL 'anon_model' NOW (CHAIN 3).
Chain 2: 
Chain 2: Gradient evaluation took 0.000218 seconds
Chain 2: 1000 transitions using 10 leapfrog steps per transition would take 2.18 seconds.
Chain 2: Adjust your expectations accordingly!
Chain 2: 
Chain 2: 
Chain 3: 
Chain 3: Gradient evaluation took 0.000218 seconds
Chain 3: 1000 transitions using 10 leapfrog steps per transition would take 2.18 seconds.
Chain 3: Adjust your expectations accordingly!
Chain 3: 
Chain 3: 
Chain 1: Iteration:     1 / 12000 [  0%]  (Warmup)
Chain 2: Iteration:     1 / 12000 [  0%]  (Warmup)
Chain 3: Iteration:     1 / 12000 [  0%]  (Warmup)

SAMPLING FOR MODEL 'anon_model' NOW (CHAIN 4).
Chain 4: 
Chain 4: Gradient evaluation took 0.000215 seconds
Chain 4: 1000 transitions using 10 leapfrog steps per transition would take 2.15 seconds.
Chain 4: Adjust your expectations accordingly!
Chain 4: 
Chain 4: 
Chain 4: Iteration:     1 / 12000 [  0%]  (Warmup)
Chain 3: Iteration:  1200 / 12000 [ 10%]  (Warmup)
Chain 4: Iteration:  1200 / 12000 [ 10%]  (Warmup)
Chain 1: Iteration:  1200 / 12000 [ 10%]  (Warmup)
Chain 2: Iteration:  1200 / 12000 [ 10%]  (Warmup)
Chain 3: Iteration:  2400 / 12000 [ 20%]  (Warmup)
Chain 2: Iteration:  2400 / 12000 [ 20%]  (Warmup)
Chain 4: Iteration:  2400 / 12000 [ 20%]  (Warmup)
Chain 1: Iteration:  2400 / 12000 [ 20%]  (Warmup)
Chain 3: Iteration:  3600 / 12000 [ 30%]  (Warmup)
Chain 2: Iteration:  3600 / 12000 [ 30%]  (Warmup)
Chain 1: Iteration:  3600 / 12000 [ 30%]  (Warmup)
Chain 4: Iteration:  3600 / 12000 [ 30%]  (Warmup)
Chain 2: Iteration:  4800 / 12000 [ 40%]  (Warmup)
Chain 3: Iteration:  4800 / 12000 [ 40%]  (Warmup)
Chain 4: Iteration:  4800 / 12000 [ 40%]  (Warmup)
Chain 1: Iteration:  4800 / 12000 [ 40%]  (Warmup)
Chain 2: Iteration:  6000 / 12000 [ 50%]  (Warmup)
Chain 2: Iteration:  6001 / 12000 [ 50%]  (Sampling)
Chain 3: Iteration:  6000 / 12000 [ 50%]  (Warmup)
Chain 3: Iteration:  6001 / 12000 [ 50%]  (Sampling)
Chain 1: Iteration:  6000 / 12000 [ 50%]  (Warmup)
Chain 4: Iteration:  6000 / 12000 [ 50%]  (Warmup)
Chain 1: Iteration:  6001 / 12000 [ 50%]  (Sampling)
Chain 4: Iteration:  6001 / 12000 [ 50%]  (Sampling)
Chain 2: Iteration:  7200 / 12000 [ 60%]  (Sampling)
Chain 3: Iteration:  7200 / 12000 [ 60%]  (Sampling)
Chain 1: Iteration:  7200 / 12000 [ 60%]  (Sampling)
Chain 4: Iteration:  7200 / 12000 [ 60%]  (Sampling)
Chain 2: Iteration:  8400 / 12000 [ 70%]  (Sampling)
Chain 3: Iteration:  8400 / 12000 [ 70%]  (Sampling)
Chain 2: Iteration:  9600 / 12000 [ 80%]  (Sampling)
Chain 1: Iteration:  8400 / 12000 [ 70%]  (Sampling)
Chain 3: Iteration:  9600 / 12000 [ 80%]  (Sampling)
Chain 4: Iteration:  8400 / 12000 [ 70%]  (Sampling)
Chain 2: Iteration: 10800 / 12000 [ 90%]  (Sampling)
Chain 3: Iteration: 10800 / 12000 [ 90%]  (Sampling)
Chain 1: Iteration:  9600 / 12000 [ 80%]  (Sampling)
Chain 4: Iteration:  9600 / 12000 [ 80%]  (Sampling)
Chain 2: Iteration: 12000 / 12000 [100%]  (Sampling)
Chain 2: 
Chain 2:  Elapsed Time: 16.735 seconds (Warm-up)
Chain 2:                16.75 seconds (Sampling)
Chain 2:                33.485 seconds (Total)
Chain 2: 
Chain 3: Iteration: 12000 / 12000 [100%]  (Sampling)
Chain 3: 
Chain 3:  Elapsed Time: 16.873 seconds (Warm-up)
Chain 3:                17.382 seconds (Sampling)
Chain 3:                34.255 seconds (Total)
Chain 3: 
Chain 1: Iteration: 10800 / 12000 [ 90%]  (Sampling)
Chain 4: Iteration: 10800 / 12000 [ 90%]  (Sampling)
Chain 1: Iteration: 12000 / 12000 [100%]  (Sampling)
Chain 1: 
Chain 1:  Elapsed Time: 17.237 seconds (Warm-up)
Chain 1:                24.818 seconds (Sampling)
Chain 1:                42.055 seconds (Total)
Chain 1: 
Chain 4: Iteration: 12000 / 12000 [100%]  (Sampling)
Chain 4: 
Chain 4:  Elapsed Time: 17.234 seconds (Warm-up)
Chain 4:                26.795 seconds (Sampling)
Chain 4:                44.029 seconds (Total)
Chain 4: 
Done!
Assumed model: m3 (model_index = 3 )
Fitting s0.json, 1/17

SAMPLING FOR MODEL 'anon_model' NOW (CHAIN 1).
Chain 1: 
Chain 1: Gradient evaluation took 0.000276 seconds
Chain 1: 1000 transitions using 10 leapfrog steps per transition would take 2.76 seconds.
Chain 1: Adjust your expectations accordingly!
Chain 1: 
Chain 1: 

SAMPLING FOR MODEL 'anon_model' NOW (CHAIN 2).
Chain 2: 
Chain 2: Gradient evaluation took 0.000241 seconds
Chain 2: 1000 transitions using 10 leapfrog steps per transition would take 2.41 seconds.
Chain 2: Adjust your expectations accordingly!
Chain 2: 
Chain 2: 

SAMPLING FOR MODEL 'anon_model' NOW (CHAIN 3).
Chain 1: Iteration:     1 / 12000 [  0%]  (Warmup)
Chain 3: 
Chain 3: Gradient evaluation took 0.000341 seconds
Chain 3: 1000 transitions using 10 leapfrog steps per transition would take 3.41 seconds.
Chain 3: Adjust your expectations accordingly!
Chain 3: 
Chain 3: 
Chain 2: Iteration:     1 / 12000 [  0%]  (Warmup)

SAMPLING FOR MODEL 'anon_model' NOW (CHAIN 4).
Chain 3: Iteration:     1 / 12000 [  0%]  (Warmup)
Chain 4: 
Chain 4: Gradient evaluation took 0.000245 seconds
Chain 4: 1000 transitions using 10 leapfrog steps per transition would take 2.45 seconds.
Chain 4: Adjust your expectations accordingly!
Chain 4: 
Chain 4: 
Chain 4: Iteration:     1 / 12000 [  0%]  (Warmup)
Chain 2: Iteration:  1200 / 12000 [ 10%]  (Warmup)
Chain 4: Iteration:  1200 / 12000 [ 10%]  (Warmup)
Chain 1: Iteration:  1200 / 12000 [ 10%]  (Warmup)
Chain 3: Iteration:  1200 / 12000 [ 10%]  (Warmup)
Chain 2: Iteration:  2400 / 12000 [ 20%]  (Warmup)
Chain 4: Iteration:  2400 / 12000 [ 20%]  (Warmup)
Chain 1: Iteration:  2400 / 12000 [ 20%]  (Warmup)
Chain 3: Iteration:  2400 / 12000 [ 20%]  (Warmup)
Chain 2: Iteration:  3600 / 12000 [ 30%]  (Warmup)
Chain 4: Iteration:  3600 / 12000 [ 30%]  (Warmup)
Chain 1: Iteration:  3600 / 12000 [ 30%]  (Warmup)
Chain 3: Iteration:  3600 / 12000 [ 30%]  (Warmup)
Chain 2: Iteration:  4800 / 12000 [ 40%]  (Warmup)
Chain 4: Iteration:  4800 / 12000 [ 40%]  (Warmup)
Chain 1: Iteration:  4800 / 12000 [ 40%]  (Warmup)
Chain 3: Iteration:  4800 / 12000 [ 40%]  (Warmup)
Chain 2: Iteration:  6000 / 12000 [ 50%]  (Warmup)
Chain 4: Iteration:  6000 / 12000 [ 50%]  (Warmup)
Chain 2: Iteration:  6001 / 12000 [ 50%]  (Sampling)
Chain 4: Iteration:  6001 / 12000 [ 50%]  (Sampling)
Chain 3: Iteration:  6000 / 12000 [ 50%]  (Warmup)
Chain 3: Iteration:  6001 / 12000 [ 50%]  (Sampling)
Chain 1: Iteration:  6000 / 12000 [ 50%]  (Warmup)
Chain 1: Iteration:  6001 / 12000 [ 50%]  (Sampling)
Chain 4: Iteration:  7200 / 12000 [ 60%]  (Sampling)
Chain 2: Iteration:  7200 / 12000 [ 60%]  (Sampling)
Chain 3: Iteration:  7200 / 12000 [ 60%]  (Sampling)
Chain 1: Iteration:  7200 / 12000 [ 60%]  (Sampling)
Chain 4: Iteration:  8400 / 12000 [ 70%]  (Sampling)
Chain 2: Iteration:  8400 / 12000 [ 70%]  (Sampling)
Chain 4: Iteration:  9600 / 12000 [ 80%]  (Sampling)
Chain 3: Iteration:  8400 / 12000 [ 70%]  (Sampling)
Chain 1: Iteration:  8400 / 12000 [ 70%]  (Sampling)
Chain 2: Iteration:  9600 / 12000 [ 80%]  (Sampling)
Chain 4: Iteration: 10800 / 12000 [ 90%]  (Sampling)
Chain 3: Iteration:  9600 / 12000 [ 80%]  (Sampling)
Chain 1: Iteration:  9600 / 12000 [ 80%]  (Sampling)
Chain 4: Iteration: 12000 / 12000 [100%]  (Sampling)
Chain 4: 
Chain 4:  Elapsed Time: 19.923 seconds (Warm-up)
Chain 4:                15.602 seconds (Sampling)
Chain 4:                35.525 seconds (Total)
Chain 4: 
Chain 2: Iteration: 10800 / 12000 [ 90%]  (Sampling)
Chain 3: Iteration: 10800 / 12000 [ 90%]  (Sampling)
Chain 2: Iteration: 12000 / 12000 [100%]  (Sampling)
Chain 2: 
Chain 2:  Elapsed Time: 19.925 seconds (Warm-up)
Chain 2:                19.841 seconds (Sampling)
Chain 2:                39.766 seconds (Total)
Chain 2: 
Chain 1: Iteration: 10800 / 12000 [ 90%]  (Sampling)
Chain 3: Iteration: 12000 / 12000 [100%]  (Sampling)
Chain 3: 
Chain 3:  Elapsed Time: 20.54 seconds (Warm-up)
Chain 3:                22.204 seconds (Sampling)
Chain 3:                42.744 seconds (Total)
Chain 3: 
Chain 1: Iteration: 12000 / 12000 [100%]  (Sampling)
Chain 1: 
Chain 1:  Elapsed Time: 20.591 seconds (Warm-up)
Chain 1:                24.253 seconds (Sampling)
Chain 1:                44.844 seconds (Total)
Chain 1: 
Done!
Fitting s1.json, 2/17

SAMPLING FOR MODEL 'anon_model' NOW (CHAIN 1).

SAMPLING FOR MODEL 'anon_model' NOW (CHAIN 2).
Chain 1: 
Chain 1: Gradient evaluation took 0.00025 seconds
Chain 1: 1000 transitions using 10 leapfrog steps per transition would take 2.5 seconds.
Chain 1: Adjust your expectations accordingly!
Chain 1: 
Chain 1: 

SAMPLING FOR MODEL 'anon_model' NOW (CHAIN 3).
Chain 2: 
Chain 2: Gradient evaluation took 0.00024 seconds
Chain 2: 1000 transitions using 10 leapfrog steps per transition would take 2.4 seconds.
Chain 2: Adjust your expectations accordingly!
Chain 2: 
Chain 2: 
Chain 1: Iteration:     1 / 12000 [  0%]  (Warmup)
Chain 3: 
Chain 3: Gradient evaluation took 0.000237 seconds
Chain 3: 1000 transitions using 10 leapfrog steps per transition would take 2.37 seconds.
Chain 3: Adjust your expectations accordingly!
Chain 3: 
Chain 3: 

SAMPLING FOR MODEL 'anon_model' NOW (CHAIN 4).
Chain 2: Iteration:     1 / 12000 [  0%]  (Warmup)
Chain 4: 
Chain 4: Gradient evaluation took 0.000226 seconds
Chain 4: 1000 transitions using 10 leapfrog steps per transition would take 2.26 seconds.
Chain 4: Adjust your expectations accordingly!
Chain 4: 
Chain 4: 
Chain 3: Iteration:     1 / 12000 [  0%]  (Warmup)
Chain 4: Iteration:     1 / 12000 [  0%]  (Warmup)
Chain 4: Iteration:  1200 / 12000 [ 10%]  (Warmup)
Chain 2: Iteration:  1200 / 12000 [ 10%]  (Warmup)
Chain 3: Iteration:  1200 / 12000 [ 10%]  (Warmup)
Chain 1: Iteration:  1200 / 12000 [ 10%]  (Warmup)
Chain 2: Iteration:  2400 / 12000 [ 20%]  (Warmup)
Chain 4: Iteration:  2400 / 12000 [ 20%]  (Warmup)
Chain 3: Iteration:  2400 / 12000 [ 20%]  (Warmup)
Chain 1: Iteration:  2400 / 12000 [ 20%]  (Warmup)
Chain 4: Iteration:  3600 / 12000 [ 30%]  (Warmup)
Chain 2: Iteration:  3600 / 12000 [ 30%]  (Warmup)
Chain 3: Iteration:  3600 / 12000 [ 30%]  (Warmup)
Chain 1: Iteration:  3600 / 12000 [ 30%]  (Warmup)
Chain 4: Iteration:  4800 / 12000 [ 40%]  (Warmup)
Chain 3: Iteration:  4800 / 12000 [ 40%]  (Warmup)
Chain 2: Iteration:  4800 / 12000 [ 40%]  (Warmup)
Chain 1: Iteration:  4800 / 12000 [ 40%]  (Warmup)
Chain 4: Iteration:  6000 / 12000 [ 50%]  (Warmup)
Chain 4: Iteration:  6001 / 12000 [ 50%]  (Sampling)
Chain 3: Iteration:  6000 / 12000 [ 50%]  (Warmup)
Chain 3: Iteration:  6001 / 12000 [ 50%]  (Sampling)
Chain 2: Iteration:  6000 / 12000 [ 50%]  (Warmup)
Chain 2: Iteration:  6001 / 12000 [ 50%]  (Sampling)
Chain 1: Iteration:  6000 / 12000 [ 50%]  (Warmup)
Chain 1: Iteration:  6001 / 12000 [ 50%]  (Sampling)
Chain 4: Iteration:  7200 / 12000 [ 60%]  (Sampling)
Chain 3: Iteration:  7200 / 12000 [ 60%]  (Sampling)
Chain 2: Iteration:  7200 / 12000 [ 60%]  (Sampling)
Chain 4: Iteration:  8400 / 12000 [ 70%]  (Sampling)
Chain 1: Iteration:  7200 / 12000 [ 60%]  (Sampling)
Chain 4: Iteration:  9600 / 12000 [ 80%]  (Sampling)
Chain 3: Iteration:  8400 / 12000 [ 70%]  (Sampling)
Chain 2: Iteration:  8400 / 12000 [ 70%]  (Sampling)
Chain 1: Iteration:  8400 / 12000 [ 70%]  (Sampling)
Chain 4: Iteration: 10800 / 12000 [ 90%]  (Sampling)
Chain 3: Iteration:  9600 / 12000 [ 80%]  (Sampling)
Chain 2: Iteration:  9600 / 12000 [ 80%]  (Sampling)
Chain 4: Iteration: 12000 / 12000 [100%]  (Sampling)
Chain 4: 
Chain 4:  Elapsed Time: 17.286 seconds (Warm-up)
Chain 4:                13.839 seconds (Sampling)
Chain 4:                31.125 seconds (Total)
Chain 4: 
Chain 1: Iteration:  9600 / 12000 [ 80%]  (Sampling)
Chain 3: Iteration: 10800 / 12000 [ 90%]  (Sampling)
Chain 2: Iteration: 10800 / 12000 [ 90%]  (Sampling)
Chain 3: Iteration: 12000 / 12000 [100%]  (Sampling)
Chain 3: 
Chain 3:  Elapsed Time: 17.574 seconds (Warm-up)
Chain 3:                20.501 seconds (Sampling)
Chain 3:                38.075 seconds (Total)
Chain 3: 
Chain 1: Iteration: 10800 / 12000 [ 90%]  (Sampling)
Chain 2: Iteration: 12000 / 12000 [100%]  (Sampling)
Chain 2: 
Chain 2:  Elapsed Time: 17.843 seconds (Warm-up)
Chain 2:                21.959 seconds (Sampling)
Chain 2:                39.802 seconds (Total)
Chain 2: 
Chain 1: Iteration: 12000 / 12000 [100%]  (Sampling)
Chain 1: 
Chain 1:  Elapsed Time: 18.054 seconds (Warm-up)
Chain 1:                25.443 seconds (Sampling)
Chain 1:                43.497 seconds (Total)
Chain 1: 
Done!
Fitting s10.json, 3/17

SAMPLING FOR MODEL 'anon_model' NOW (CHAIN 1).

SAMPLING FOR MODEL 'anon_model' NOW (CHAIN 2).
Chain 1: 
Chain 1: Gradient evaluation took 0.000246 seconds
Chain 1: 1000 transitions using 10 leapfrog steps per transition would take 2.46 seconds.
Chain 1: Adjust your expectations accordingly!
Chain 1: 
Chain 1: 
Chain 2: 
Chain 2: Gradient evaluation took 0.000223 seconds
Chain 2: 1000 transitions using 10 leapfrog steps per transition would take 2.23 seconds.
Chain 2: Adjust your expectations accordingly!
Chain 2: 
Chain 2: 

SAMPLING FOR MODEL 'anon_model' NOW (CHAIN 3).
Chain 1: Iteration:     1 / 12000 [  0%]  (Warmup)
Chain 3: 
Chain 3: Gradient evaluation took 0.000228 seconds
Chain 3: 1000 transitions using 10 leapfrog steps per transition would take 2.28 seconds.
Chain 3: Adjust your expectations accordingly!
Chain 3: 
Chain 3: 
Chain 2: Iteration:     1 / 12000 [  0%]  (Warmup)

SAMPLING FOR MODEL 'anon_model' NOW (CHAIN 4).
Chain 3: Iteration:     1 / 12000 [  0%]  (Warmup)
Chain 4: 
Chain 4: Gradient evaluation took 0.000235 seconds
Chain 4: 1000 transitions using 10 leapfrog steps per transition would take 2.35 seconds.
Chain 4: Adjust your expectations accordingly!
Chain 4: 
Chain 4: 
Chain 4: Iteration:     1 / 12000 [  0%]  (Warmup)
Chain 3: Iteration:  1200 / 12000 [ 10%]  (Warmup)
Chain 1: Iteration:  1200 / 12000 [ 10%]  (Warmup)
Chain 2: Iteration:  1200 / 12000 [ 10%]  (Warmup)
Chain 4: Iteration:  1200 / 12000 [ 10%]  (Warmup)
Chain 3: Iteration:  2400 / 12000 [ 20%]  (Warmup)
Chain 2: Iteration:  2400 / 12000 [ 20%]  (Warmup)
Chain 1: Iteration:  2400 / 12000 [ 20%]  (Warmup)
Chain 4: Iteration:  2400 / 12000 [ 20%]  (Warmup)
Chain 1: Iteration:  3600 / 12000 [ 30%]  (Warmup)
Chain 3: Iteration:  3600 / 12000 [ 30%]  (Warmup)
Chain 2: Iteration:  3600 / 12000 [ 30%]  (Warmup)
Chain 4: Iteration:  3600 / 12000 [ 30%]  (Warmup)
Chain 1: Iteration:  4800 / 12000 [ 40%]  (Warmup)
Chain 3: Iteration:  4800 / 12000 [ 40%]  (Warmup)
Chain 2: Iteration:  4800 / 12000 [ 40%]  (Warmup)
Chain 4: Iteration:  4800 / 12000 [ 40%]  (Warmup)
Chain 1: Iteration:  6000 / 12000 [ 50%]  (Warmup)
Chain 1: Iteration:  6001 / 12000 [ 50%]  (Sampling)
Chain 3: Iteration:  6000 / 12000 [ 50%]  (Warmup)
Chain 3: Iteration:  6001 / 12000 [ 50%]  (Sampling)
Chain 2: Iteration:  6000 / 12000 [ 50%]  (Warmup)
Chain 2: Iteration:  6001 / 12000 [ 50%]  (Sampling)
Chain 4: Iteration:  6000 / 12000 [ 50%]  (Warmup)
Chain 4: Iteration:  6001 / 12000 [ 50%]  (Sampling)
Chain 3: Iteration:  7200 / 12000 [ 60%]  (Sampling)
Chain 1: Iteration:  7200 / 12000 [ 60%]  (Sampling)
Chain 2: Iteration:  7200 / 12000 [ 60%]  (Sampling)
Chain 4: Iteration:  7200 / 12000 [ 60%]  (Sampling)
Chain 3: Iteration:  8400 / 12000 [ 70%]  (Sampling)
Chain 1: Iteration:  8400 / 12000 [ 70%]  (Sampling)
Chain 4: Iteration:  8400 / 12000 [ 70%]  (Sampling)
Chain 3: Iteration:  9600 / 12000 [ 80%]  (Sampling)
Chain 2: Iteration:  8400 / 12000 [ 70%]  (Sampling)
Chain 1: Iteration:  9600 / 12000 [ 80%]  (Sampling)
Chain 3: Iteration: 10800 / 12000 [ 90%]  (Sampling)
Chain 4: Iteration:  9600 / 12000 [ 80%]  (Sampling)
Chain 2: Iteration:  9600 / 12000 [ 80%]  (Sampling)
Chain 1: Iteration: 10800 / 12000 [ 90%]  (Sampling)
Chain 3: Iteration: 12000 / 12000 [100%]  (Sampling)
Chain 3: 
Chain 3:  Elapsed Time: 19.994 seconds (Warm-up)
Chain 3:                19.063 seconds (Sampling)
Chain 3:                39.057 seconds (Total)
Chain 3: 
Chain 4: Iteration: 10800 / 12000 [ 90%]  (Sampling)
Chain 2: Iteration: 10800 / 12000 [ 90%]  (Sampling)
Chain 1: Iteration: 12000 / 12000 [100%]  (Sampling)
Chain 1: 
Chain 1:  Elapsed Time: 19.772 seconds (Warm-up)
Chain 1:                23.029 seconds (Sampling)
Chain 1:                42.801 seconds (Total)
Chain 1: 
Chain 4: Iteration: 12000 / 12000 [100%]  (Sampling)
Chain 4: 
Chain 4:  Elapsed Time: 21.088 seconds (Warm-up)
Chain 4:                24.12 seconds (Sampling)
Chain 4:                45.208 seconds (Total)
Chain 4: 
Chain 2: Iteration: 12000 / 12000 [100%]  (Sampling)
Chain 2: 
Chain 2:  Elapsed Time: 20.259 seconds (Warm-up)
Chain 2:                27.713 seconds (Sampling)
Chain 2:                47.972 seconds (Total)
Chain 2: 
Done!
Fitting s11.json, 4/17

SAMPLING FOR MODEL 'anon_model' NOW (CHAIN 1).
Chain 1: 
Chain 1: Gradient evaluation took 0.000245 seconds
Chain 1: 1000 transitions using 10 leapfrog steps per transition would take 2.45 seconds.
Chain 1: Adjust your expectations accordingly!
Chain 1: 
Chain 1: 

SAMPLING FOR MODEL 'anon_model' NOW (CHAIN 2).
Chain 2: 
Chain 2: Gradient evaluation took 0.000288 seconds
Chain 2: 1000 transitions using 10 leapfrog steps per transition would take 2.88 seconds.
Chain 2: Adjust your expectations accordingly!
Chain 2: 
Chain 2: 
Chain 1: Iteration:     1 / 12000 [  0%]  (Warmup)

SAMPLING FOR MODEL 'anon_model' NOW (CHAIN 3).
Chain 3: 
Chain 3: Gradient evaluation took 0.000232 seconds
Chain 3: 1000 transitions using 10 leapfrog steps per transition would take 2.32 seconds.
Chain 3: Adjust your expectations accordingly!
Chain 3: 
Chain 3: 
Chain 2: Iteration:     1 / 12000 [  0%]  (Warmup)

SAMPLING FOR MODEL 'anon_model' NOW (CHAIN 4).
Chain 3: Iteration:     1 / 12000 [  0%]  (Warmup)
Chain 4: 
Chain 4: Gradient evaluation took 0.000219 seconds
Chain 4: 1000 transitions using 10 leapfrog steps per transition would take 2.19 seconds.
Chain 4: Adjust your expectations accordingly!
Chain 4: 
Chain 4: 
Chain 4: Iteration:     1 / 12000 [  0%]  (Warmup)
Chain 1: Iteration:  1200 / 12000 [ 10%]  (Warmup)
Chain 2: Iteration:  1200 / 12000 [ 10%]  (Warmup)
Chain 4: Iteration:  1200 / 12000 [ 10%]  (Warmup)
Chain 3: Iteration:  1200 / 12000 [ 10%]  (Warmup)
Chain 1: Iteration:  2400 / 12000 [ 20%]  (Warmup)
Chain 3: Iteration:  2400 / 12000 [ 20%]  (Warmup)
Chain 2: Iteration:  2400 / 12000 [ 20%]  (Warmup)
Chain 4: Iteration:  2400 / 12000 [ 20%]  (Warmup)
Chain 1: Iteration:  3600 / 12000 [ 30%]  (Warmup)
Chain 3: Iteration:  3600 / 12000 [ 30%]  (Warmup)
Chain 2: Iteration:  3600 / 12000 [ 30%]  (Warmup)
Chain 4: Iteration:  3600 / 12000 [ 30%]  (Warmup)
Chain 1: Iteration:  4800 / 12000 [ 40%]  (Warmup)
Chain 3: Iteration:  4800 / 12000 [ 40%]  (Warmup)
Chain 4: Iteration:  4800 / 12000 [ 40%]  (Warmup)
Chain 2: Iteration:  4800 / 12000 [ 40%]  (Warmup)
Chain 1: Iteration:  6000 / 12000 [ 50%]  (Warmup)
Chain 1: Iteration:  6001 / 12000 [ 50%]  (Sampling)
Chain 3: Iteration:  6000 / 12000 [ 50%]  (Warmup)
Chain 3: Iteration:  6001 / 12000 [ 50%]  (Sampling)
Chain 4: Iteration:  6000 / 12000 [ 50%]  (Warmup)
Chain 4: Iteration:  6001 / 12000 [ 50%]  (Sampling)
Chain 2: Iteration:  6000 / 12000 [ 50%]  (Warmup)
Chain 2: Iteration:  6001 / 12000 [ 50%]  (Sampling)
Chain 3: Iteration:  7200 / 12000 [ 60%]  (Sampling)
Chain 1: Iteration:  7200 / 12000 [ 60%]  (Sampling)
Chain 4: Iteration:  7200 / 12000 [ 60%]  (Sampling)
Chain 2: Iteration:  7200 / 12000 [ 60%]  (Sampling)
Chain 3: Iteration:  8400 / 12000 [ 70%]  (Sampling)
Chain 1: Iteration:  8400 / 12000 [ 70%]  (Sampling)
Chain 3: Iteration:  9600 / 12000 [ 80%]  (Sampling)
Chain 4: Iteration:  8400 / 12000 [ 70%]  (Sampling)
Chain 2: Iteration:  8400 / 12000 [ 70%]  (Sampling)
Chain 1: Iteration:  9600 / 12000 [ 80%]  (Sampling)
Chain 3: Iteration: 10800 / 12000 [ 90%]  (Sampling)
Chain 4: Iteration:  9600 / 12000 [ 80%]  (Sampling)
Chain 1: Iteration: 10800 / 12000 [ 90%]  (Sampling)
Chain 3: Iteration: 12000 / 12000 [100%]  (Sampling)
Chain 3: 
Chain 3:  Elapsed Time: 20.336 seconds (Warm-up)
Chain 3:                16.307 seconds (Sampling)
Chain 3:                36.643 seconds (Total)
Chain 3: 
Chain 2: Iteration:  9600 / 12000 [ 80%]  (Sampling)
Chain 4: Iteration: 10800 / 12000 [ 90%]  (Sampling)
Chain 1: Iteration: 12000 / 12000 [100%]  (Sampling)
Chain 1: 
Chain 1:  Elapsed Time: 20.142 seconds (Warm-up)
Chain 1:                20.391 seconds (Sampling)
Chain 1:                40.533 seconds (Total)
Chain 1: 
Chain 2: Iteration: 10800 / 12000 [ 90%]  (Sampling)
Chain 4: Iteration: 12000 / 12000 [100%]  (Sampling)
Chain 4: 
Chain 4:  Elapsed Time: 20.776 seconds (Warm-up)
Chain 4:                24.419 seconds (Sampling)
Chain 4:                45.195 seconds (Total)
Chain 4: 
Chain 2: Iteration: 12000 / 12000 [100%]  (Sampling)
Chain 2: 
Chain 2:  Elapsed Time: 21.022 seconds (Warm-up)
Chain 2:                26.176 seconds (Sampling)
Chain 2:                47.198 seconds (Total)
Chain 2: 
Done!
Fitting s12.json, 5/17

SAMPLING FOR MODEL 'anon_model' NOW (CHAIN 1).

SAMPLING FOR MODEL 'anon_model' NOW (CHAIN 2).
Chain 1: 
Chain 1: Gradient evaluation took 0.000241 seconds
Chain 1: 1000 transitions using 10 leapfrog steps per transition would take 2.41 seconds.
Chain 1: Adjust your expectations accordingly!
Chain 1: 
Chain 1: 

SAMPLING FOR MODEL 'anon_model' NOW (CHAIN 3).
Chain 2: 
Chain 2: Gradient evaluation took 0.000257 seconds
Chain 2: 1000 transitions using 10 leapfrog steps per transition would take 2.57 seconds.
Chain 2: Adjust your expectations accordingly!
Chain 2: 
Chain 2: 
Chain 3: 
Chain 3: Gradient evaluation took 0.000249 seconds
Chain 3: 1000 transitions using 10 leapfrog steps per transition would take 2.49 seconds.
Chain 3: Adjust your expectations accordingly!
Chain 3: 
Chain 3: 
Chain 1: Iteration:     1 / 12000 [  0%]  (Warmup)
Chain 2: Iteration:     1 / 12000 [  0%]  (Warmup)

SAMPLING FOR MODEL 'anon_model' NOW (CHAIN 4).
Chain 3: Iteration:     1 / 12000 [  0%]  (Warmup)
Chain 4: 
Chain 4: Gradient evaluation took 0.000273 seconds
Chain 4: 1000 transitions using 10 leapfrog steps per transition would take 2.73 seconds.
Chain 4: Adjust your expectations accordingly!
Chain 4: 
Chain 4: 
Chain 4: Iteration:     1 / 12000 [  0%]  (Warmup)
Chain 4: Iteration:  1200 / 12000 [ 10%]  (Warmup)
Chain 1: Iteration:  1200 / 12000 [ 10%]  (Warmup)
Chain 3: Iteration:  1200 / 12000 [ 10%]  (Warmup)
Chain 2: Iteration:  1200 / 12000 [ 10%]  (Warmup)
Chain 4: Iteration:  2400 / 12000 [ 20%]  (Warmup)
Chain 1: Iteration:  2400 / 12000 [ 20%]  (Warmup)
Chain 2: Iteration:  2400 / 12000 [ 20%]  (Warmup)
Chain 3: Iteration:  2400 / 12000 [ 20%]  (Warmup)
Chain 4: Iteration:  3600 / 12000 [ 30%]  (Warmup)
Chain 1: Iteration:  3600 / 12000 [ 30%]  (Warmup)
Chain 2: Iteration:  3600 / 12000 [ 30%]  (Warmup)
Chain 3: Iteration:  3600 / 12000 [ 30%]  (Warmup)
Chain 4: Iteration:  4800 / 12000 [ 40%]  (Warmup)
Chain 2: Iteration:  4800 / 12000 [ 40%]  (Warmup)
Chain 1: Iteration:  4800 / 12000 [ 40%]  (Warmup)
Chain 3: Iteration:  4800 / 12000 [ 40%]  (Warmup)
Chain 4: Iteration:  6000 / 12000 [ 50%]  (Warmup)
Chain 4: Iteration:  6001 / 12000 [ 50%]  (Sampling)
Chain 2: Iteration:  6000 / 12000 [ 50%]  (Warmup)
Chain 2: Iteration:  6001 / 12000 [ 50%]  (Sampling)
Chain 1: Iteration:  6000 / 12000 [ 50%]  (Warmup)
Chain 1: Iteration:  6001 / 12000 [ 50%]  (Sampling)
Chain 3: Iteration:  6000 / 12000 [ 50%]  (Warmup)
Chain 3: Iteration:  6001 / 12000 [ 50%]  (Sampling)
Chain 4: Iteration:  7200 / 12000 [ 60%]  (Sampling)
Chain 1: Iteration:  7200 / 12000 [ 60%]  (Sampling)
Chain 2: Iteration:  7200 / 12000 [ 60%]  (Sampling)
Chain 3: Iteration:  7200 / 12000 [ 60%]  (Sampling)
Chain 4: Iteration:  8400 / 12000 [ 70%]  (Sampling)
Chain 1: Iteration:  8400 / 12000 [ 70%]  (Sampling)
Chain 2: Iteration:  8400 / 12000 [ 70%]  (Sampling)
Chain 3: Iteration:  8400 / 12000 [ 70%]  (Sampling)
Chain 4: Iteration:  9600 / 12000 [ 80%]  (Sampling)
Chain 1: Iteration:  9600 / 12000 [ 80%]  (Sampling)
Chain 3: Iteration:  9600 / 12000 [ 80%]  (Sampling)
Chain 2: Iteration:  9600 / 12000 [ 80%]  (Sampling)
Chain 4: Iteration: 10800 / 12000 [ 90%]  (Sampling)
Chain 1: Iteration: 10800 / 12000 [ 90%]  (Sampling)
Chain 3: Iteration: 10800 / 12000 [ 90%]  (Sampling)
Chain 2: Iteration: 10800 / 12000 [ 90%]  (Sampling)
Chain 4: Iteration: 12000 / 12000 [100%]  (Sampling)
Chain 4: 
Chain 4:  Elapsed Time: 17.641 seconds (Warm-up)
Chain 4:                23.696 seconds (Sampling)
Chain 4:                41.337 seconds (Total)
Chain 4: 
Chain 1: Iteration: 12000 / 12000 [100%]  (Sampling)
Chain 1: 
Chain 1:  Elapsed Time: 18.224 seconds (Warm-up)
Chain 1:                26.201 seconds (Sampling)
Chain 1:                44.425 seconds (Total)
Chain 1: 
Chain 3: Iteration: 12000 / 12000 [100%]  (Sampling)
Chain 3: 
Chain 3:  Elapsed Time: 18.372 seconds (Warm-up)
Chain 3:                26.095 seconds (Sampling)
Chain 3:                44.467 seconds (Total)
Chain 3: 
Chain 2: Iteration: 12000 / 12000 [100%]  (Sampling)
Chain 2: 
Chain 2:  Elapsed Time: 18.136 seconds (Warm-up)
Chain 2:                26.481 seconds (Sampling)
Chain 2:                44.617 seconds (Total)
Chain 2: 
Done!
Fitting s13.json, 6/17

SAMPLING FOR MODEL 'anon_model' NOW (CHAIN 1).
Chain 1: 
Chain 1: Gradient evaluation took 0.00022 seconds
Chain 1: 1000 transitions using 10 leapfrog steps per transition would take 2.2 seconds.
Chain 1: Adjust your expectations accordingly!
Chain 1: 
Chain 1: 

SAMPLING FOR MODEL 'anon_model' NOW (CHAIN 2).

SAMPLING FOR MODEL 'anon_model' NOW (CHAIN 3).
Chain 2: 
Chain 2: Gradient evaluation took 0.000225 seconds
Chain 2: 1000 transitions using 10 leapfrog steps per transition would take 2.25 seconds.
Chain 2: Adjust your expectations accordingly!
Chain 2: 
Chain 2: 
Chain 3: 
Chain 3: Gradient evaluation took 0.000216 seconds
Chain 3: 1000 transitions using 10 leapfrog steps per transition would take 2.16 seconds.
Chain 3: Adjust your expectations accordingly!
Chain 3: 
Chain 3: 

SAMPLING FOR MODEL 'anon_model' NOW (CHAIN 4).
Chain 4: 
Chain 4: Gradient evaluation took 0.000206 seconds
Chain 4: 1000 transitions using 10 leapfrog steps per transition would take 2.06 seconds.
Chain 4: Adjust your expectations accordingly!
Chain 4: 
Chain 4: 
Chain 1: Iteration:     1 / 12000 [  0%]  (Warmup)
Chain 3: Iteration:     1 / 12000 [  0%]  (Warmup)
Chain 2: Iteration:     1 / 12000 [  0%]  (Warmup)
Chain 4: Iteration:     1 / 12000 [  0%]  (Warmup)
Chain 2: Iteration:  1200 / 12000 [ 10%]  (Warmup)
Chain 1: Iteration:  1200 / 12000 [ 10%]  (Warmup)
Chain 4: Iteration:  1200 / 12000 [ 10%]  (Warmup)
Chain 3: Iteration:  1200 / 12000 [ 10%]  (Warmup)
Chain 2: Iteration:  2400 / 12000 [ 20%]  (Warmup)
Chain 1: Iteration:  2400 / 12000 [ 20%]  (Warmup)
Chain 4: Iteration:  2400 / 12000 [ 20%]  (Warmup)
Chain 3: Iteration:  2400 / 12000 [ 20%]  (Warmup)
Chain 2: Iteration:  3600 / 12000 [ 30%]  (Warmup)
Chain 1: Iteration:  3600 / 12000 [ 30%]  (Warmup)
Chain 4: Iteration:  3600 / 12000 [ 30%]  (Warmup)
Chain 3: Iteration:  3600 / 12000 [ 30%]  (Warmup)
Chain 2: Iteration:  4800 / 12000 [ 40%]  (Warmup)
Chain 1: Iteration:  4800 / 12000 [ 40%]  (Warmup)
Chain 4: Iteration:  4800 / 12000 [ 40%]  (Warmup)
Chain 3: Iteration:  4800 / 12000 [ 40%]  (Warmup)
Chain 2: Iteration:  6000 / 12000 [ 50%]  (Warmup)
Chain 2: Iteration:  6001 / 12000 [ 50%]  (Sampling)
Chain 1: Iteration:  6000 / 12000 [ 50%]  (Warmup)
Chain 1: Iteration:  6001 / 12000 [ 50%]  (Sampling)
Chain 4: Iteration:  6000 / 12000 [ 50%]  (Warmup)
Chain 4: Iteration:  6001 / 12000 [ 50%]  (Sampling)
Chain 3: Iteration:  6000 / 12000 [ 50%]  (Warmup)
Chain 3: Iteration:  6001 / 12000 [ 50%]  (Sampling)
Chain 4: Iteration:  7200 / 12000 [ 60%]  (Sampling)
Chain 1: Iteration:  7200 / 12000 [ 60%]  (Sampling)
Chain 3: Iteration:  7200 / 12000 [ 60%]  (Sampling)
Chain 2: Iteration:  7200 / 12000 [ 60%]  (Sampling)
Chain 4: Iteration:  8400 / 12000 [ 70%]  (Sampling)
Chain 3: Iteration:  8400 / 12000 [ 70%]  (Sampling)
Chain 1: Iteration:  8400 / 12000 [ 70%]  (Sampling)
Chain 4: Iteration:  9600 / 12000 [ 80%]  (Sampling)
Chain 3: Iteration:  9600 / 12000 [ 80%]  (Sampling)
Chain 1: Iteration:  9600 / 12000 [ 80%]  (Sampling)
Chain 2: Iteration:  8400 / 12000 [ 70%]  (Sampling)
Chain 3: Iteration: 10800 / 12000 [ 90%]  (Sampling)
Chain 4: Iteration: 10800 / 12000 [ 90%]  (Sampling)
Chain 1: Iteration: 10800 / 12000 [ 90%]  (Sampling)
Chain 3: Iteration: 12000 / 12000 [100%]  (Sampling)
Chain 3: 
Chain 3:  Elapsed Time: 18.025 seconds (Warm-up)
Chain 3:                12.753 seconds (Sampling)
Chain 3:                30.778 seconds (Total)
Chain 3: 
Chain 4: Iteration: 12000 / 12000 [100%]  (Sampling)
Chain 4: 
Chain 4:  Elapsed Time: 17.057 seconds (Warm-up)
Chain 4:                14.193 seconds (Sampling)
Chain 4:                31.25 seconds (Total)
Chain 4: 
Chain 2: Iteration:  9600 / 12000 [ 80%]  (Sampling)
Chain 1: Iteration: 12000 / 12000 [100%]  (Sampling)
Chain 1: 
Chain 1:  Elapsed Time: 16.997 seconds (Warm-up)
Chain 1:                15.906 seconds (Sampling)
Chain 1:                32.903 seconds (Total)
Chain 1: 
Chain 2: Iteration: 10800 / 12000 [ 90%]  (Sampling)
Chain 2: Iteration: 12000 / 12000 [100%]  (Sampling)
Chain 2: 
Chain 2:  Elapsed Time: 16.919 seconds (Warm-up)
Chain 2:                25.351 seconds (Sampling)
Chain 2:                42.27 seconds (Total)
Chain 2: 
Done!
Fitting s14.json, 7/17

SAMPLING FOR MODEL 'anon_model' NOW (CHAIN 1).

SAMPLING FOR MODEL 'anon_model' NOW (CHAIN 2).
Chain 1: 
Chain 1: Gradient evaluation took 0.000251 seconds
Chain 1: 1000 transitions using 10 leapfrog steps per transition would take 2.51 seconds.
Chain 1: Adjust your expectations accordingly!
Chain 1: 
Chain 1: 
Chain 2: 
Chain 2: Gradient evaluation took 0.000394 seconds
Chain 2: 1000 transitions using 10 leapfrog steps per transition would take 3.94 seconds.
Chain 2: Adjust your expectations accordingly!
Chain 2: 
Chain 2: 
Chain 1: Iteration:     1 / 12000 [  0%]  (Warmup)

SAMPLING FOR MODEL 'anon_model' NOW (CHAIN 3).
Chain 2: Iteration:     1 / 12000 [  0%]  (Warmup)
Chain 3: 
Chain 3: Gradient evaluation took 0.00026 seconds
Chain 3: 1000 transitions using 10 leapfrog steps per transition would take 2.6 seconds.
Chain 3: Adjust your expectations accordingly!
Chain 3: 
Chain 3: 

SAMPLING FOR MODEL 'anon_model' NOW (CHAIN 4).
Chain 3: Iteration:     1 / 12000 [  0%]  (Warmup)
Chain 4: 
Chain 4: Gradient evaluation took 0.001304 seconds
Chain 4: 1000 transitions using 10 leapfrog steps per transition would take 13.04 seconds.
Chain 4: Adjust your expectations accordingly!
Chain 4: 
Chain 4: 
Chain 4: Iteration:     1 / 12000 [  0%]  (Warmup)
Chain 2: Iteration:  1200 / 12000 [ 10%]  (Warmup)
Chain 1: Iteration:  1200 / 12000 [ 10%]  (Warmup)
Chain 4: Iteration:  1200 / 12000 [ 10%]  (Warmup)
Chain 3: Iteration:  1200 / 12000 [ 10%]  (Warmup)
Chain 2: Iteration:  2400 / 12000 [ 20%]  (Warmup)
Chain 1: Iteration:  2400 / 12000 [ 20%]  (Warmup)
Chain 4: Iteration:  2400 / 12000 [ 20%]  (Warmup)
Chain 3: Iteration:  2400 / 12000 [ 20%]  (Warmup)
Chain 2: Iteration:  3600 / 12000 [ 30%]  (Warmup)
Chain 1: Iteration:  3600 / 12000 [ 30%]  (Warmup)
Chain 4: Iteration:  3600 / 12000 [ 30%]  (Warmup)
Chain 3: Iteration:  3600 / 12000 [ 30%]  (Warmup)
Chain 2: Iteration:  4800 / 12000 [ 40%]  (Warmup)
Chain 1: Iteration:  4800 / 12000 [ 40%]  (Warmup)
Chain 4: Iteration:  4800 / 12000 [ 40%]  (Warmup)
Chain 3: Iteration:  4800 / 12000 [ 40%]  (Warmup)
Chain 2: Iteration:  6000 / 12000 [ 50%]  (Warmup)
Chain 2: Iteration:  6001 / 12000 [ 50%]  (Sampling)
Chain 4: Iteration:  6000 / 12000 [ 50%]  (Warmup)
Chain 4: Iteration:  6001 / 12000 [ 50%]  (Sampling)
Chain 1: Iteration:  6000 / 12000 [ 50%]  (Warmup)
Chain 1: Iteration:  6001 / 12000 [ 50%]  (Sampling)
Chain 3: Iteration:  6000 / 12000 [ 50%]  (Warmup)
Chain 3: Iteration:  6001 / 12000 [ 50%]  (Sampling)
Chain 4: Iteration:  7200 / 12000 [ 60%]  (Sampling)
Chain 2: Iteration:  7200 / 12000 [ 60%]  (Sampling)
Chain 4: Iteration:  8400 / 12000 [ 70%]  (Sampling)
Chain 1: Iteration:  7200 / 12000 [ 60%]  (Sampling)
Chain 3: Iteration:  7200 / 12000 [ 60%]  (Sampling)
Chain 2: Iteration:  8400 / 12000 [ 70%]  (Sampling)
Chain 4: Iteration:  9600 / 12000 [ 80%]  (Sampling)
Chain 4: Iteration: 10800 / 12000 [ 90%]  (Sampling)
Chain 2: Iteration:  9600 / 12000 [ 80%]  (Sampling)
Chain 1: Iteration:  8400 / 12000 [ 70%]  (Sampling)
Chain 3: Iteration:  8400 / 12000 [ 70%]  (Sampling)
Chain 4: Iteration: 12000 / 12000 [100%]  (Sampling)
Chain 4: 
Chain 4:  Elapsed Time: 19.245 seconds (Warm-up)
Chain 4:                14.254 seconds (Sampling)
Chain 4:                33.499 seconds (Total)
Chain 4: 
Chain 2: Iteration: 10800 / 12000 [ 90%]  (Sampling)
Chain 1: Iteration:  9600 / 12000 [ 80%]  (Sampling)
Chain 2: Iteration: 12000 / 12000 [100%]  (Sampling)
Chain 2: 
Chain 2:  Elapsed Time: 19.008 seconds (Warm-up)
Chain 2:                19.569 seconds (Sampling)
Chain 2:                38.577 seconds (Total)
Chain 2: 
Chain 3: Iteration:  9600 / 12000 [ 80%]  (Sampling)
Chain 1: Iteration: 10800 / 12000 [ 90%]  (Sampling)
Chain 3: Iteration: 10800 / 12000 [ 90%]  (Sampling)
Chain 1: Iteration: 12000 / 12000 [100%]  (Sampling)
Chain 1: 
Chain 1:  Elapsed Time: 19.465 seconds (Warm-up)
Chain 1:                29.094 seconds (Sampling)
Chain 1:                48.559 seconds (Total)
Chain 1: 
Chain 3: Iteration: 12000 / 12000 [100%]  (Sampling)
Chain 3: 
Chain 3:  Elapsed Time: 20.506 seconds (Warm-up)
Chain 3:                30.51 seconds (Sampling)
Chain 3:                51.016 seconds (Total)
Chain 3: 
Done!
Fitting s15.json, 8/17

SAMPLING FOR MODEL 'anon_model' NOW (CHAIN 2).

SAMPLING FOR MODEL 'anon_model' NOW (CHAIN 1).
Chain 2: 
Chain 2: Gradient evaluation took 0.000283 seconds
Chain 2: 1000 transitions using 10 leapfrog steps per transition would take 2.83 seconds.
Chain 2: Adjust your expectations accordingly!
Chain 2: 
Chain 2: 
Chain 1: 
Chain 1: Gradient evaluation took 0.000247 seconds
Chain 1: 1000 transitions using 10 leapfrog steps per transition would take 2.47 seconds.
Chain 1: Adjust your expectations accordingly!
Chain 1: 
Chain 1: 
Chain 2: Iteration:     1 / 12000 [  0%]  (Warmup)
Chain 1: Iteration:     1 / 12000 [  0%]  (Warmup)

SAMPLING FOR MODEL 'anon_model' NOW (CHAIN 3).
Chain 3: 
Chain 3: Gradient evaluation took 0.000293 seconds
Chain 3: 1000 transitions using 10 leapfrog steps per transition would take 2.93 seconds.
Chain 3: Adjust your expectations accordingly!
Chain 3: 
Chain 3: 

SAMPLING FOR MODEL 'anon_model' NOW (CHAIN 4).
Chain 3: Iteration:     1 / 12000 [  0%]  (Warmup)
Chain 4: 
Chain 4: Gradient evaluation took 0.000258 seconds
Chain 4: 1000 transitions using 10 leapfrog steps per transition would take 2.58 seconds.
Chain 4: Adjust your expectations accordingly!
Chain 4: 
Chain 4: 
Chain 4: Iteration:     1 / 12000 [  0%]  (Warmup)
Chain 3: Iteration:  1200 / 12000 [ 10%]  (Warmup)
Chain 2: Iteration:  1200 / 12000 [ 10%]  (Warmup)
Chain 1: Iteration:  1200 / 12000 [ 10%]  (Warmup)
Chain 4: Iteration:  1200 / 12000 [ 10%]  (Warmup)
Chain 3: Iteration:  2400 / 12000 [ 20%]  (Warmup)
Chain 2: Iteration:  2400 / 12000 [ 20%]  (Warmup)
Chain 1: Iteration:  2400 / 12000 [ 20%]  (Warmup)
Chain 4: Iteration:  2400 / 12000 [ 20%]  (Warmup)
Chain 2: Iteration:  3600 / 12000 [ 30%]  (Warmup)
Chain 3: Iteration:  3600 / 12000 [ 30%]  (Warmup)
Chain 1: Iteration:  3600 / 12000 [ 30%]  (Warmup)
Chain 4: Iteration:  3600 / 12000 [ 30%]  (Warmup)
Chain 2: Iteration:  4800 / 12000 [ 40%]  (Warmup)
Chain 3: Iteration:  4800 / 12000 [ 40%]  (Warmup)
Chain 1: Iteration:  4800 / 12000 [ 40%]  (Warmup)
Chain 4: Iteration:  4800 / 12000 [ 40%]  (Warmup)
Chain 2: Iteration:  6000 / 12000 [ 50%]  (Warmup)
Chain 2: Iteration:  6001 / 12000 [ 50%]  (Sampling)
Chain 3: Iteration:  6000 / 12000 [ 50%]  (Warmup)
Chain 3: Iteration:  6001 / 12000 [ 50%]  (Sampling)
Chain 1: Iteration:  6000 / 12000 [ 50%]  (Warmup)
Chain 1: Iteration:  6001 / 12000 [ 50%]  (Sampling)
Chain 4: Iteration:  6000 / 12000 [ 50%]  (Warmup)
Chain 4: Iteration:  6001 / 12000 [ 50%]  (Sampling)
Chain 3: Iteration:  7200 / 12000 [ 60%]  (Sampling)
Chain 4: Iteration:  7200 / 12000 [ 60%]  (Sampling)
Chain 2: Iteration:  7200 / 12000 [ 60%]  (Sampling)
Chain 1: Iteration:  7200 / 12000 [ 60%]  (Sampling)
Chain 3: Iteration:  8400 / 12000 [ 70%]  (Sampling)
Chain 4: Iteration:  8400 / 12000 [ 70%]  (Sampling)
Chain 2: Iteration:  8400 / 12000 [ 70%]  (Sampling)
Chain 1: Iteration:  8400 / 12000 [ 70%]  (Sampling)
Chain 3: Iteration:  9600 / 12000 [ 80%]  (Sampling)
Chain 4: Iteration:  9600 / 12000 [ 80%]  (Sampling)
Chain 2: Iteration:  9600 / 12000 [ 80%]  (Sampling)
Chain 3: Iteration: 10800 / 12000 [ 90%]  (Sampling)
Chain 4: Iteration: 10800 / 12000 [ 90%]  (Sampling)
Chain 1: Iteration:  9600 / 12000 [ 80%]  (Sampling)
Chain 3: Iteration: 12000 / 12000 [100%]  (Sampling)
Chain 3: 
Chain 3:  Elapsed Time: 21.638 seconds (Warm-up)
Chain 3:                17.281 seconds (Sampling)
Chain 3:                38.919 seconds (Total)
Chain 3: 
Chain 4: Iteration: 12000 / 12000 [100%]  (Sampling)
Chain 4: 
Chain 4:  Elapsed Time: 22.253 seconds (Warm-up)
Chain 4:                17.31 seconds (Sampling)
Chain 4:                39.563 seconds (Total)
Chain 4: 
Chain 2: Iteration: 10800 / 12000 [ 90%]  (Sampling)
Chain 1: Iteration: 10800 / 12000 [ 90%]  (Sampling)
Chain 2: Iteration: 12000 / 12000 [100%]  (Sampling)
Chain 2: 
Chain 2:  Elapsed Time: 21.279 seconds (Warm-up)
Chain 2:                23.324 seconds (Sampling)
Chain 2:                44.603 seconds (Total)
Chain 2: 
Chain 1: Iteration: 12000 / 12000 [100%]  (Sampling)
Chain 1: 
Chain 1:  Elapsed Time: 21.936 seconds (Warm-up)
Chain 1:                23.458 seconds (Sampling)
Chain 1:                45.394 seconds (Total)
Chain 1: 
Done!
Fitting s16.json, 9/17

SAMPLING FOR MODEL 'anon_model' NOW (CHAIN 1).

SAMPLING FOR MODEL 'anon_model' NOW (CHAIN 2).
Chain 1: 
Chain 1: Gradient evaluation took 0.000254 seconds
Chain 1: 1000 transitions using 10 leapfrog steps per transition would take 2.54 seconds.
Chain 1: Adjust your expectations accordingly!
Chain 1: 
Chain 1: 
Chain 2: 
Chain 2: Gradient evaluation took 0.00022 seconds
Chain 2: 1000 transitions using 10 leapfrog steps per transition would take 2.2 seconds.
Chain 2: Adjust your expectations accordingly!
Chain 2: 
Chain 2: 

SAMPLING FOR MODEL 'anon_model' NOW (CHAIN 3).
Chain 1: Iteration:     1 / 12000 [  0%]  (Warmup)
Chain 2: Iteration:     1 / 12000 [  0%]  (Warmup)
Chain 3: 
Chain 3: Gradient evaluation took 0.000224 seconds
Chain 3: 1000 transitions using 10 leapfrog steps per transition would take 2.24 seconds.
Chain 3: Adjust your expectations accordingly!
Chain 3: 
Chain 3: 

SAMPLING FOR MODEL 'anon_model' NOW (CHAIN 4).
Chain 3: Iteration:     1 / 12000 [  0%]  (Warmup)
Chain 4: 
Chain 4: Gradient evaluation took 0.00023 seconds
Chain 4: 1000 transitions using 10 leapfrog steps per transition would take 2.3 seconds.
Chain 4: Adjust your expectations accordingly!
Chain 4: 
Chain 4: 
Chain 4: Iteration:     1 / 12000 [  0%]  (Warmup)
Chain 1: Iteration:  1200 / 12000 [ 10%]  (Warmup)
Chain 4: Iteration:  1200 / 12000 [ 10%]  (Warmup)
Chain 2: Iteration:  1200 / 12000 [ 10%]  (Warmup)
Chain 3: Iteration:  1200 / 12000 [ 10%]  (Warmup)
Chain 1: Iteration:  2400 / 12000 [ 20%]  (Warmup)
Chain 2: Iteration:  2400 / 12000 [ 20%]  (Warmup)
Chain 4: Iteration:  2400 / 12000 [ 20%]  (Warmup)
Chain 3: Iteration:  2400 / 12000 [ 20%]  (Warmup)
Chain 1: Iteration:  3600 / 12000 [ 30%]  (Warmup)
Chain 2: Iteration:  3600 / 12000 [ 30%]  (Warmup)
Chain 4: Iteration:  3600 / 12000 [ 30%]  (Warmup)
Chain 3: Iteration:  3600 / 12000 [ 30%]  (Warmup)
Chain 1: Iteration:  4800 / 12000 [ 40%]  (Warmup)
Chain 2: Iteration:  4800 / 12000 [ 40%]  (Warmup)
Chain 3: Iteration:  4800 / 12000 [ 40%]  (Warmup)
Chain 4: Iteration:  4800 / 12000 [ 40%]  (Warmup)
Chain 1: Iteration:  6000 / 12000 [ 50%]  (Warmup)
Chain 1: Iteration:  6001 / 12000 [ 50%]  (Sampling)
Chain 3: Iteration:  6000 / 12000 [ 50%]  (Warmup)
Chain 3: Iteration:  6001 / 12000 [ 50%]  (Sampling)
Chain 2: Iteration:  6000 / 12000 [ 50%]  (Warmup)
Chain 2: Iteration:  6001 / 12000 [ 50%]  (Sampling)
Chain 4: Iteration:  6000 / 12000 [ 50%]  (Warmup)
Chain 4: Iteration:  6001 / 12000 [ 50%]  (Sampling)
Chain 3: Iteration:  7200 / 12000 [ 60%]  (Sampling)
Chain 4: Iteration:  7200 / 12000 [ 60%]  (Sampling)
Chain 1: Iteration:  7200 / 12000 [ 60%]  (Sampling)
Chain 2: Iteration:  7200 / 12000 [ 60%]  (Sampling)
Chain 4: Iteration:  8400 / 12000 [ 70%]  (Sampling)
Chain 3: Iteration:  8400 / 12000 [ 70%]  (Sampling)
Chain 1: Iteration:  8400 / 12000 [ 70%]  (Sampling)
Chain 4: Iteration:  9600 / 12000 [ 80%]  (Sampling)
Chain 2: Iteration:  8400 / 12000 [ 70%]  (Sampling)
Chain 3: Iteration:  9600 / 12000 [ 80%]  (Sampling)
Chain 4: Iteration: 10800 / 12000 [ 90%]  (Sampling)
Chain 3: Iteration: 10800 / 12000 [ 90%]  (Sampling)
Chain 1: Iteration:  9600 / 12000 [ 80%]  (Sampling)
Chain 2: Iteration:  9600 / 12000 [ 80%]  (Sampling)
Chain 4: Iteration: 12000 / 12000 [100%]  (Sampling)
Chain 4: 
Chain 4:  Elapsed Time: 20.684 seconds (Warm-up)
Chain 4:                15.803 seconds (Sampling)
Chain 4:                36.487 seconds (Total)
Chain 4: 
Chain 3: Iteration: 12000 / 12000 [100%]  (Sampling)
Chain 3: 
Chain 3:  Elapsed Time: 20.526 seconds (Warm-up)
Chain 3:                16.346 seconds (Sampling)
Chain 3:                36.872 seconds (Total)
Chain 3: 
Chain 1: Iteration: 10800 / 12000 [ 90%]  (Sampling)
Chain 2: Iteration: 10800 / 12000 [ 90%]  (Sampling)
Chain 1: Iteration: 12000 / 12000 [100%]  (Sampling)
Chain 1: 
Chain 1:  Elapsed Time: 20.342 seconds (Warm-up)
Chain 1:                22.905 seconds (Sampling)
Chain 1:                43.247 seconds (Total)
Chain 1: 
Chain 2: Iteration: 12000 / 12000 [100%]  (Sampling)
Chain 2: 
Chain 2:  Elapsed Time: 20.571 seconds (Warm-up)
Chain 2:                23.725 seconds (Sampling)
Chain 2:                44.296 seconds (Total)
Chain 2: 
Done!
Fitting s2.json, 10/17

SAMPLING FOR MODEL 'anon_model' NOW (CHAIN 1).

SAMPLING FOR MODEL 'anon_model' NOW (CHAIN 2).
Chain 1: 
Chain 1: Gradient evaluation took 0.000253 seconds
Chain 1: 1000 transitions using 10 leapfrog steps per transition would take 2.53 seconds.
Chain 1: Adjust your expectations accordingly!
Chain 1: 
Chain 1: 

Chain SAMPLING2 FOR MODEL ': anon_model
' NOW (CHAIN 3Chain ).
2: Gradient evaluation took 0.000231 seconds
Chain 2: 1000 transitions using 10 leapfrog steps per transition would take 2.31 seconds.
Chain 2: Adjust your expectations accordingly!
Chain 2: 
Chain 2: 
Chain 3: 
Chain 3: Gradient evaluation took 0.000228 seconds
Chain 3: 1000 transitions using 10 leapfrog steps per transition would take 2.28 seconds.
Chain 3: Adjust your expectations accordingly!
Chain 3: 
Chain 3: 
Chain 1: Iteration:     1 / 12000 [  0%]  (Warmup)
Chain 2: Iteration:     1 / 12000 [  0%]  (Warmup)
Chain 3: Iteration:     1 / 12000 [  0%]  (Warmup)

SAMPLING FOR MODEL 'anon_model' NOW (CHAIN 4).
Chain 4: 
Chain 4: Gradient evaluation took 0.000241 seconds
Chain 4: 1000 transitions using 10 leapfrog steps per transition would take 2.41 seconds.
Chain 4: Adjust your expectations accordingly!
Chain 4: 
Chain 4: 
Chain 4: Iteration:     1 / 12000 [  0%]  (Warmup)
Chain 1: Iteration:  1200 / 12000 [ 10%]  (Warmup)
Chain 4: Iteration:  1200 / 12000 [ 10%]  (Warmup)
Chain 2: Iteration:  1200 / 12000 [ 10%]  (Warmup)
Chain 3: Iteration:  1200 / 12000 [ 10%]  (Warmup)
Chain 2: Iteration:  2400 / 12000 [ 20%]  (Warmup)
Chain 1: Iteration:  2400 / 12000 [ 20%]  (Warmup)
Chain 4: Iteration:  2400 / 12000 [ 20%]  (Warmup)
Chain 3: Iteration:  2400 / 12000 [ 20%]  (Warmup)
Chain 2: Iteration:  3600 / 12000 [ 30%]  (Warmup)
Chain 1: Iteration:  3600 / 12000 [ 30%]  (Warmup)
Chain 3: Iteration:  3600 / 12000 [ 30%]  (Warmup)
Chain 4: Iteration:  3600 / 12000 [ 30%]  (Warmup)
Chain 2: Iteration:  4800 / 12000 [ 40%]  (Warmup)
Chain 1: Iteration:  4800 / 12000 [ 40%]  (Warmup)
Chain 3: Iteration:  4800 / 12000 [ 40%]  (Warmup)
Chain 4: Iteration:  4800 / 12000 [ 40%]  (Warmup)
Chain 2: Iteration:  6000 / 12000 [ 50%]  (Warmup)
Chain 2: Iteration:  6001 / 12000 [ 50%]  (Sampling)
Chain 4: Iteration:  6000 / 12000 [ 50%]  (Warmup)
Chain 4: Iteration:  6001 / 12000 [ 50%]  (Sampling)
Chain 1: Iteration:  6000 / 12000 [ 50%]  (Warmup)
Chain 1: Iteration:  6001 / 12000 [ 50%]  (Sampling)
Chain 3: Iteration:  6000 / 12000 [ 50%]  (Warmup)
Chain 3: Iteration:  6001 / 12000 [ 50%]  (Sampling)
Chain 1: Iteration:  7200 / 12000 [ 60%]  (Sampling)
Chain 4: Iteration:  7200 / 12000 [ 60%]  (Sampling)
Chain 3: Iteration:  7200 / 12000 [ 60%]  (Sampling)
Chain 2: Iteration:  7200 / 12000 [ 60%]  (Sampling)
Chain 1: Iteration:  8400 / 12000 [ 70%]  (Sampling)
Chain 4: Iteration:  8400 / 12000 [ 70%]  (Sampling)
Chain 3: Iteration:  8400 / 12000 [ 70%]  (Sampling)
Chain 2: Iteration:  8400 / 12000 [ 70%]  (Sampling)
Chain 1: Iteration:  9600 / 12000 [ 80%]  (Sampling)
Chain 4: Iteration:  9600 / 12000 [ 80%]  (Sampling)
Chain 3: Iteration:  9600 / 12000 [ 80%]  (Sampling)
Chain 2: Iteration:  9600 / 12000 [ 80%]  (Sampling)
Chain 1: Iteration: 10800 / 12000 [ 90%]  (Sampling)
Chain 4: Iteration: 10800 / 12000 [ 90%]  (Sampling)
Chain 3: Iteration: 10800 / 12000 [ 90%]  (Sampling)
Chain 2: Iteration: 10800 / 12000 [ 90%]  (Sampling)
Chain 1: Iteration: 12000 / 12000 [100%]  (Sampling)
Chain 1: 
Chain 1:  Elapsed Time: 20.194 seconds (Warm-up)
Chain 1:                22.422 seconds (Sampling)
Chain 1:                42.616 seconds (Total)
Chain 1: 
Chain 4: Iteration: 12000 / 12000 [100%]  (Sampling)
Chain 4: 
Chain 4:  Elapsed Time: 20.149 seconds (Warm-up)
Chain 4:                24.211 seconds (Sampling)
Chain 4:                44.36 seconds (Total)
Chain 4: 
Chain 3: Iteration: 12000 / 12000 [100%]  (Sampling)
Chain 3: 
Chain 3:  Elapsed Time: 20.224 seconds (Warm-up)
Chain 3:                24.53 seconds (Sampling)
Chain 3:                44.754 seconds (Total)
Chain 3: 
Chain 2: Iteration: 12000 / 12000 [100%]  (Sampling)
Chain 2: 
Chain 2:  Elapsed Time: 19.803 seconds (Warm-up)
Chain 2:                28.348 seconds (Sampling)
Chain 2:                48.151 seconds (Total)
Chain 2: 
Done!
Fitting s3.json, 11/17

SAMPLING FOR MODEL 'anon_model' NOW (CHAIN 1).
Chain 1: 
Chain 1: Gradient evaluation took 0.000238 seconds
Chain 1: 1000 transitions using 10 leapfrog steps per transition would take 2.38 seconds.
Chain 1: Adjust your expectations accordingly!
Chain 1: 
Chain 1: 

SAMPLING FOR MODEL 'anon_model' NOW (CHAIN 2).

SAMPLING FOR MODEL 'anon_model' NOW (CHAIN 3).
Chain 1: Iteration:     1 / 12000 [  0%]  (Warmup)
Chain 2: 
Chain 2: Gradient evaluation took 0.000228 seconds
Chain 2: 1000 transitions using 10 leapfrog steps per transition would take 2.28 seconds.
Chain 2: Adjust your expectations accordingly!
Chain 2: 
Chain 2: 
Chain 3: 
Chain 3: Gradient evaluation took 0.000224 seconds
Chain 3: 1000 transitions using 10 leapfrog steps per transition would take 2.24 seconds.
Chain 3: Adjust your expectations accordingly!
Chain 3: 
Chain 3: 

SAMPLING FOR MODEL 'anon_model' NOW (CHAIN 4).
Chain 2: Iteration:     1 / 12000 [  0%]  (Warmup)
Chain 4: 
Chain 4: Gradient evaluation took 0.000204 seconds
Chain 4: 1000 transitions using 10 leapfrog steps per transition would take 2.04 seconds.
Chain 4: Adjust your expectations accordingly!
Chain 4: 
Chain 4: 
Chain 3: Iteration:     1 / 12000 [  0%]  (Warmup)
Chain 4: Iteration:     1 / 12000 [  0%]  (Warmup)
Chain 4: Iteration:  1200 / 12000 [ 10%]  (Warmup)
Chain 3: Iteration:  1200 / 12000 [ 10%]  (Warmup)
Chain 1: Iteration:  1200 / 12000 [ 10%]  (Warmup)
Chain 2: Iteration:  1200 / 12000 [ 10%]  (Warmup)
Chain 4: Iteration:  2400 / 12000 [ 20%]  (Warmup)
Chain 3: Iteration:  2400 / 12000 [ 20%]  (Warmup)
Chain 1: Iteration:  2400 / 12000 [ 20%]  (Warmup)
Chain 2: Iteration:  2400 / 12000 [ 20%]  (Warmup)
Chain 4: Iteration:  3600 / 12000 [ 30%]  (Warmup)
Chain 1: Iteration:  3600 / 12000 [ 30%]  (Warmup)
Chain 3: Iteration:  3600 / 12000 [ 30%]  (Warmup)
Chain 2: Iteration:  3600 / 12000 [ 30%]  (Warmup)
Chain 4: Iteration:  4800 / 12000 [ 40%]  (Warmup)
Chain 1: Iteration:  4800 / 12000 [ 40%]  (Warmup)
Chain 3: Iteration:  4800 / 12000 [ 40%]  (Warmup)
Chain 2: Iteration:  4800 / 12000 [ 40%]  (Warmup)
Chain 4: Iteration:  6000 / 12000 [ 50%]  (Warmup)
Chain 4: Iteration:  6001 / 12000 [ 50%]  (Sampling)
Chain 1: Iteration:  6000 / 12000 [ 50%]  (Warmup)
Chain 1: Iteration:  6001 / 12000 [ 50%]  (Sampling)
Chain 3: Iteration:  6000 / 12000 [ 50%]  (Warmup)
Chain 3: Iteration:  6001 / 12000 [ 50%]  (Sampling)
Chain 2: Iteration:  6000 / 12000 [ 50%]  (Warmup)
Chain 2: Iteration:  6001 / 12000 [ 50%]  (Sampling)
Chain 4: Iteration:  7200 / 12000 [ 60%]  (Sampling)
Chain 3: Iteration:  7200 / 12000 [ 60%]  (Sampling)
Chain 1: Iteration:  7200 / 12000 [ 60%]  (Sampling)
Chain 2: Iteration:  7200 / 12000 [ 60%]  (Sampling)
Chain 4: Iteration:  8400 / 12000 [ 70%]  (Sampling)
Chain 4: Iteration:  9600 / 12000 [ 80%]  (Sampling)
Chain 3: Iteration:  8400 / 12000 [ 70%]  (Sampling)
Chain 2: Iteration:  8400 / 12000 [ 70%]  (Sampling)
Chain 1: Iteration:  8400 / 12000 [ 70%]  (Sampling)
Chain 4: Iteration: 10800 / 12000 [ 90%]  (Sampling)
Chain 3: Iteration:  9600 / 12000 [ 80%]  (Sampling)
Chain 4: Iteration: 12000 / 12000 [100%]  (Sampling)
Chain 4: 
Chain 4:  Elapsed Time: 20.594 seconds (Warm-up)
Chain 4:                18.2 seconds (Sampling)
Chain 4:                38.794 seconds (Total)
Chain 4: 
Chain 2: Iteration:  9600 / 12000 [ 80%]  (Sampling)
Chain 1: Iteration:  9600 / 12000 [ 80%]  (Sampling)
Chain 3: Iteration: 10800 / 12000 [ 90%]  (Sampling)
Chain 2: Iteration: 10800 / 12000 [ 90%]  (Sampling)
Chain 1: Iteration: 10800 / 12000 [ 90%]  (Sampling)
Chain 3: Iteration: 12000 / 12000 [100%]  (Sampling)
Chain 3: 
Chain 3:  Elapsed Time: 21.414 seconds (Warm-up)
Chain 3:                25.802 seconds (Sampling)
Chain 3:                47.216 seconds (Total)
Chain 3: 
Chain 2: Iteration: 12000 / 12000 [100%]  (Sampling)
Chain 2: 
Chain 2:  Elapsed Time: 21.634 seconds (Warm-up)
Chain 2:                29.27 seconds (Sampling)
Chain 2:                50.904 seconds (Total)
Chain 2: 
Chain 1: Iteration: 12000 / 12000 [100%]  (Sampling)
Chain 1: 
Chain 1:  Elapsed Time: 21.21 seconds (Warm-up)
Chain 1:                30.903 seconds (Sampling)
Chain 1:                52.113 seconds (Total)
Chain 1: 
Done!
Fitting s4.json, 12/17

SAMPLING FOR MODEL 'anon_model' NOW (CHAIN 1).

SAMPLING FOR MODEL 'anon_model' NOW (CHAIN 2).
Chain 1: 
Chain 1: Gradient evaluation took 0.00026 seconds
Chain 1: 1000 transitions using 10 leapfrog steps per transition would take 2.6 seconds.
Chain 1: Adjust your expectations accordingly!
Chain 1: 
Chain 1: 
Chain 2: 
Chain 2: Gradient evaluation took 0.000222 seconds
Chain 2: 1000 transitions using 10 leapfrog steps per transition would take 2.22 seconds.
Chain 2: Adjust your expectations accordingly!
Chain 2: 
Chain 2: 

SAMPLING FOR MODEL 'anon_model' NOW (CHAIN 3).
Chain 1: Iteration:     1 / 12000 [  0%]  (Warmup)
Chain 3: 
Chain 3: Gradient evaluation took 0.000215 seconds
Chain 3: 1000 transitions using 10 leapfrog steps per transition would take 2.15 seconds.
Chain 3: Adjust your expectations accordingly!
Chain 3: 
Chain 3: 
Chain 2: Iteration:     1 / 12000 [  0%]  (Warmup)

SAMPLING FOR MODEL 'anon_model' NOW (CHAIN 4).
Chain 3: Iteration:     1 / 12000 [  0%]  (Warmup)
Chain 4: 
Chain 4: Gradient evaluation took 0.000227 seconds
Chain 4: 1000 transitions using 10 leapfrog steps per transition would take 2.27 seconds.
Chain 4: Adjust your expectations accordingly!
Chain 4: 
Chain 4: 
Chain 4: Iteration:     1 / 12000 [  0%]  (Warmup)
Chain 1: Iteration:  1200 / 12000 [ 10%]  (Warmup)
Chain 4: Iteration:  1200 / 12000 [ 10%]  (Warmup)
Chain 3: Iteration:  1200 / 12000 [ 10%]  (Warmup)
Chain 2: Iteration:  1200 / 12000 [ 10%]  (Warmup)
Chain 1: Iteration:  2400 / 12000 [ 20%]  (Warmup)
Chain 4: Iteration:  2400 / 12000 [ 20%]  (Warmup)
Chain 3: Iteration:  2400 / 12000 [ 20%]  (Warmup)
Chain 2: Iteration:  2400 / 12000 [ 20%]  (Warmup)
Chain 1: Iteration:  3600 / 12000 [ 30%]  (Warmup)
Chain 4: Iteration:  3600 / 12000 [ 30%]  (Warmup)
Chain 2: Iteration:  3600 / 12000 [ 30%]  (Warmup)
Chain 3: Iteration:  3600 / 12000 [ 30%]  (Warmup)
Chain 1: Iteration:  4800 / 12000 [ 40%]  (Warmup)
Chain 4: Iteration:  4800 / 12000 [ 40%]  (Warmup)
Chain 2: Iteration:  4800 / 12000 [ 40%]  (Warmup)
Chain 3: Iteration:  4800 / 12000 [ 40%]  (Warmup)
Chain 1: Iteration:  6000 / 12000 [ 50%]  (Warmup)
Chain 1: Iteration:  6001 / 12000 [ 50%]  (Sampling)
Chain 4: Iteration:  6000 / 12000 [ 50%]  (Warmup)
Chain 4: Iteration:  6001 / 12000 [ 50%]  (Sampling)
Chain 2: Iteration:  6000 / 12000 [ 50%]  (Warmup)
Chain 2: Iteration:  6001 / 12000 [ 50%]  (Sampling)
Chain 3: Iteration:  6000 / 12000 [ 50%]  (Warmup)
Chain 3: Iteration:  6001 / 12000 [ 50%]  (Sampling)
Chain 1: Iteration:  7200 / 12000 [ 60%]  (Sampling)
Chain 3: Iteration:  7200 / 12000 [ 60%]  (Sampling)
Chain 4: Iteration:  7200 / 12000 [ 60%]  (Sampling)
Chain 2: Iteration:  7200 / 12000 [ 60%]  (Sampling)
Chain 1: Iteration:  8400 / 12000 [ 70%]  (Sampling)
Chain 3: Iteration:  8400 / 12000 [ 70%]  (Sampling)
Chain 4: Iteration:  8400 / 12000 [ 70%]  (Sampling)
Chain 1: Iteration:  9600 / 12000 [ 80%]  (Sampling)
Chain 3: Iteration:  9600 / 12000 [ 80%]  (Sampling)
Chain 2: Iteration:  8400 / 12000 [ 70%]  (Sampling)
Chain 4: Iteration:  9600 / 12000 [ 80%]  (Sampling)
Chain 3: Iteration: 10800 / 12000 [ 90%]  (Sampling)
Chain 1: Iteration: 10800 / 12000 [ 90%]  (Sampling)
Chain 4: Iteration: 10800 / 12000 [ 90%]  (Sampling)
Chain 2: Iteration:  9600 / 12000 [ 80%]  (Sampling)
Chain 3: Iteration: 12000 / 12000 [100%]  (Sampling)
Chain 3: 
Chain 3:  Elapsed Time: 18.295 seconds (Warm-up)
Chain 3:                13.745 seconds (Sampling)
Chain 3:                32.04 seconds (Total)
Chain 3: 
Chain 1: Iteration: 12000 / 12000 [100%]  (Sampling)
Chain 1: 
Chain 1:  Elapsed Time: 17.955 seconds (Warm-up)
Chain 1:                14.318 seconds (Sampling)
Chain 1:                32.273 seconds (Total)
Chain 1: 
Chain 4: Iteration: 12000 / 12000 [100%]  (Sampling)
Chain 4: 
Chain 4:  Elapsed Time: 18.106 seconds (Warm-up)
Chain 4:                15.412 seconds (Sampling)
Chain 4:                33.518 seconds (Total)
Chain 4: 
Chain 2: Iteration: 10800 / 12000 [ 90%]  (Sampling)
Chain 2: Iteration: 12000 / 12000 [100%]  (Sampling)
Chain 2: 
Chain 2:  Elapsed Time: 18.189 seconds (Warm-up)
Chain 2:                21.647 seconds (Sampling)
Chain 2:                39.836 seconds (Total)
Chain 2: 
Done!
Fitting s5.json, 13/17

SAMPLING FOR MODEL 'anon_model' NOW (CHAIN 1).

SAMPLING FOR MODEL 'anon_model' NOW (CHAIN 2).
Chain 1: 
Chain 1: Gradient evaluation took 0.000284 seconds
Chain 1: 1000 transitions using 10 leapfrog steps per transition would take 2.84 seconds.
Chain 1: Adjust your expectations accordingly!
Chain 1: 
Chain 1: 
Chain 2: 
Chain 2: Gradient evaluation took 0.000308 seconds
Chain 2: 1000 transitions using 10 leapfrog steps per transition would take 3.08 seconds.
Chain 2
SAMPLING FOR MODEL 'anon_model' NOW (CHAIN : 3Adjust your expectations accordingly!).

Chain 2: 
Chain 2: 
Chain 1: Iteration:     1 / 12000 [  0%]  (Warmup)
Chain 3: 
Chain 3: Gradient evaluation took 0.000248 seconds
Chain 3: 1000 transitions using 10 leapfrog steps per transition would take 2.48 seconds.
Chain 3: Adjust your expectations accordingly!
Chain 3: 
Chain 3: 

SAMPLING FOR MODEL 'anon_model' NOW (CHAIN 4).
Chain 2: Iteration:     1 / 12000 [  0%]  (Warmup)
Chain 4: 
Chain 4: Gradient evaluation took 0.000228 seconds
Chain 4: 1000 transitions using 10 leapfrog steps per transition would take 2.28 seconds.
Chain 4: Adjust your expectations accordingly!
Chain 4: 
Chain 4: 
Chain 3: Iteration:     1 / 12000 [  0%]  (Warmup)
Chain 4: Iteration:     1 / 12000 [  0%]  (Warmup)
Chain 3: Iteration:  1200 / 12000 [ 10%]  (Warmup)
Chain 4: Iteration:  1200 / 12000 [ 10%]  (Warmup)
Chain 2: Iteration:  1200 / 12000 [ 10%]  (Warmup)
Chain 1: Iteration:  1200 / 12000 [ 10%]  (Warmup)
Chain 4: Iteration:  2400 / 12000 [ 20%]  (Warmup)
Chain 3: Iteration:  2400 / 12000 [ 20%]  (Warmup)
Chain 2: Iteration:  2400 / 12000 [ 20%]  (Warmup)
Chain 1: Iteration:  2400 / 12000 [ 20%]  (Warmup)
Chain 4: Iteration:  3600 / 12000 [ 30%]  (Warmup)
Chain 3: Iteration:  3600 / 12000 [ 30%]  (Warmup)
Chain 2: Iteration:  3600 / 12000 [ 30%]  (Warmup)
Chain 1: Iteration:  3600 / 12000 [ 30%]  (Warmup)
Chain 4: Iteration:  4800 / 12000 [ 40%]  (Warmup)
Chain 3: Iteration:  4800 / 12000 [ 40%]  (Warmup)
Chain 2: Iteration:  4800 / 12000 [ 40%]  (Warmup)
Chain 1: Iteration:  4800 / 12000 [ 40%]  (Warmup)
Chain 4: Iteration:  6000 / 12000 [ 50%]  (Warmup)
Chain 4: Iteration:  6001 / 12000 [ 50%]  (Sampling)
Chain 3: Iteration:  6000 / 12000 [ 50%]  (Warmup)
Chain 3: Iteration:  6001 / 12000 [ 50%]  (Sampling)
Chain 2: Iteration:  6000 / 12000 [ 50%]  (Warmup)
Chain 2: Iteration:  6001 / 12000 [ 50%]  (Sampling)
Chain 1: Iteration:  6000 / 12000 [ 50%]  (Warmup)
Chain 1: Iteration:  6001 / 12000 [ 50%]  (Sampling)
Chain 2: Iteration:  7200 / 12000 [ 60%]  (Sampling)
Chain 3: Iteration:  7200 / 12000 [ 60%]  (Sampling)
Chain 1: Iteration:  7200 / 12000 [ 60%]  (Sampling)
Chain 4: Iteration:  7200 / 12000 [ 60%]  (Sampling)
Chain 2: Iteration:  8400 / 12000 [ 70%]  (Sampling)
Chain 3: Iteration:  8400 / 12000 [ 70%]  (Sampling)
Chain 1: Iteration:  8400 / 12000 [ 70%]  (Sampling)
Chain 2: Iteration:  9600 / 12000 [ 80%]  (Sampling)
Chain 3: Iteration:  9600 / 12000 [ 80%]  (Sampling)
Chain 4: Iteration:  8400 / 12000 [ 70%]  (Sampling)
Chain 2: Iteration: 10800 / 12000 [ 90%]  (Sampling)
Chain 1: Iteration:  9600 / 12000 [ 80%]  (Sampling)
Chain 2: Iteration: 12000 / 12000 [100%]  (Sampling)
Chain 2: 
Chain 2:  Elapsed Time: 23.644 seconds (Warm-up)
Chain 2:                17.716 seconds (Sampling)
Chain 2:                41.36 seconds (Total)
Chain 2: 
Chain 3: Iteration: 10800 / 12000 [ 90%]  (Sampling)
Chain 1: Iteration: 10800 / 12000 [ 90%]  (Sampling)
Chain 4: Iteration:  9600 / 12000 [ 80%]  (Sampling)
Chain 3: Iteration: 12000 / 12000 [100%]  (Sampling)
Chain 3: 
Chain 3:  Elapsed Time: 23.065 seconds (Warm-up)
Chain 3:                23.376 seconds (Sampling)
Chain 3:                46.441 seconds (Total)
Chain 3: 
Chain 1: Iteration: 12000 / 12000 [100%]  (Sampling)
Chain 1: 
Chain 1:  Elapsed Time: 23.876 seconds (Warm-up)
Chain 1:                24.522 seconds (Sampling)
Chain 1:                48.398 seconds (Total)
Chain 1: 
Chain 4: Iteration: 10800 / 12000 [ 90%]  (Sampling)
Chain 4: Iteration: 12000 / 12000 [100%]  (Sampling)
Chain 4: 
Chain 4:  Elapsed Time: 22.718 seconds (Warm-up)
Chain 4:                36.776 seconds (Sampling)
Chain 4:                59.494 seconds (Total)
Chain 4: 
Done!
Fitting s6.json, 14/17

SAMPLING FOR MODEL 'anon_model' NOW (CHAIN 1).

SAMPLING FOR MODEL 'anon_model' NOW (CHAIN 2).
Chain 1: 
Chain 1: Gradient evaluation took 0.000272 seconds
Chain 1: 1000 transitions using 10 leapfrog steps per transition would take 2.72 seconds.
Chain 1: Adjust your expectations accordingly!
Chain 1: 
Chain 1: 

SAMPLING FOR MODEL 'anon_model' NOW (CHAIN 3).
Chain 2: 
Chain 2: Gradient evaluation took 0.000324 seconds
Chain 2: 1000 transitions using 10 leapfrog steps per transition would take 3.24 seconds.
Chain 2: Adjust your expectations accordingly!
Chain 2: 
Chain 2: 
Chain 1: Iteration:     1 / 12000 [  0%]  (Warmup)
Chain 3: 
Chain 3: Gradient evaluation took 0.00024 seconds
Chain 3: 1000 transitions using 10 leapfrog steps per transition would take 2.4 seconds.
Chain 3: Adjust your expectations accordingly!
Chain 3: 
Chain 3: 
Chain 2: Iteration:     1 / 12000 [  0%]  (Warmup)

SAMPLING FOR MODEL 'anon_model' NOW (CHAIN 4).
Chain 3: Iteration:     1 / 12000 [  0%]  (Warmup)
Chain 4: 
Chain 4: Gradient evaluation took 0.000763 seconds
Chain 4: 1000 transitions using 10 leapfrog steps per transition would take 7.63 seconds.
Chain 4: Adjust your expectations accordingly!
Chain 4: 
Chain 4: 
Chain 4: Iteration:     1 / 12000 [  0%]  (Warmup)
Chain 1: Iteration:  1200 / 12000 [ 10%]  (Warmup)
Chain 4: Iteration:  1200 / 12000 [ 10%]  (Warmup)
Chain 2: Iteration:  1200 / 12000 [ 10%]  (Warmup)
Chain 3: Iteration:  1200 / 12000 [ 10%]  (Warmup)
Chain 1: Iteration:  2400 / 12000 [ 20%]  (Warmup)
Chain 4: Iteration:  2400 / 12000 [ 20%]  (Warmup)
Chain 2: Iteration:  2400 / 12000 [ 20%]  (Warmup)
Chain 3: Iteration:  2400 / 12000 [ 20%]  (Warmup)
Chain 1: Iteration:  3600 / 12000 [ 30%]  (Warmup)
Chain 4: Iteration:  3600 / 12000 [ 30%]  (Warmup)
Chain 2: Iteration:  3600 / 12000 [ 30%]  (Warmup)
Chain 3: Iteration:  3600 / 12000 [ 30%]  (Warmup)
Chain 1: Iteration:  4800 / 12000 [ 40%]  (Warmup)
Chain 4: Iteration:  4800 / 12000 [ 40%]  (Warmup)
Chain 2: Iteration:  4800 / 12000 [ 40%]  (Warmup)
Chain 3: Iteration:  4800 / 12000 [ 40%]  (Warmup)
Chain 1: Iteration:  6000 / 12000 [ 50%]  (Warmup)
Chain 1: Iteration:  6001 / 12000 [ 50%]  (Sampling)
Chain 2: Iteration:  6000 / 12000 [ 50%]  (Warmup)
Chain 2: Iteration:  6001 / 12000 [ 50%]  (Sampling)
Chain 4: Iteration:  6000 / 12000 [ 50%]  (Warmup)
Chain 4: Iteration:  6001 / 12000 [ 50%]  (Sampling)
Chain 3: Iteration:  6000 / 12000 [ 50%]  (Warmup)
Chain 3: Iteration:  6001 / 12000 [ 50%]  (Sampling)
Chain 2: Iteration:  7200 / 12000 [ 60%]  (Sampling)
Chain 4: Iteration:  7200 / 12000 [ 60%]  (Sampling)
Chain 1: Iteration:  7200 / 12000 [ 60%]  (Sampling)
Chain 3: Iteration:  7200 / 12000 [ 60%]  (Sampling)
Chain 2: Iteration:  8400 / 12000 [ 70%]  (Sampling)
Chain 4: Iteration:  8400 / 12000 [ 70%]  (Sampling)
Chain 3: Iteration:  8400 / 12000 [ 70%]  (Sampling)
Chain 1: Iteration:  8400 / 12000 [ 70%]  (Sampling)
Chain 2: Iteration:  9600 / 12000 [ 80%]  (Sampling)
Chain 3: Iteration:  9600 / 12000 [ 80%]  (Sampling)
Chain 4: Iteration:  9600 / 12000 [ 80%]  (Sampling)
Chain 2: Iteration: 10800 / 12000 [ 90%]  (Sampling)
Chain 1: Iteration:  9600 / 12000 [ 80%]  (Sampling)
Chain 3: Iteration: 10800 / 12000 [ 90%]  (Sampling)
Chain 4: Iteration: 10800 / 12000 [ 90%]  (Sampling)
Chain 2: Iteration: 12000 / 12000 [100%]  (Sampling)
Chain 2: 
Chain 2:  Elapsed Time: 18.504 seconds (Warm-up)
Chain 2:                12.893 seconds (Sampling)
Chain 2:                31.397 seconds (Total)
Chain 2: 
Chain 3: Iteration: 12000 / 12000 [100%]  (Sampling)
Chain 3: 
Chain 3:  Elapsed Time: 19.533 seconds (Warm-up)
Chain 3:                13.579 seconds (Sampling)
Chain 3:                33.112 seconds (Total)
Chain 3: 
Chain 4: Iteration: 12000 / 12000 [100%]  (Sampling)
Chain 4: 
Chain 4:  Elapsed Time: 18.757 seconds (Warm-up)
Chain 4:                15.101 seconds (Sampling)
Chain 4:                33.858 seconds (Total)
Chain 4: 
Chain 1: Iteration: 10800 / 12000 [ 90%]  (Sampling)
Chain 1: Iteration: 12000 / 12000 [100%]  (Sampling)
Chain 1: 
Chain 1:  Elapsed Time: 17.965 seconds (Warm-up)
Chain 1:                20.326 seconds (Sampling)
Chain 1:                38.291 seconds (Total)
Chain 1: 
Done!
Fitting s7.json, 15/17

SAMPLING FOR MODEL 'anon_model' NOW (CHAIN 1).

SAMPLING FOR MODEL 'anon_model' NOW (CHAIN 2).
Chain 1: 
Chain 1: Gradient evaluation took 0.000773 seconds
Chain 1: 1000 transitions using 10 leapfrog steps per transition would take 7.73 seconds.
Chain 1: Adjust your expectations accordingly!
Chain 1: 
Chain 1: 
Chain 2: 
Chain 2: Gradient evaluation took 0.000258 seconds
Chain 2: 1000 transitions using 10 leapfrog steps per transition would take 2.58 seconds.
Chain 2: Adjust your expectations accordingly!
Chain 2: 
Chain 2: 
Chain 1: Iteration:     1 / 12000 [  0%]  (Warmup)

SAMPLING FOR MODEL 'anon_model' NOW (CHAIN 3).
Chain 2: Iteration:     1 / 12000 [  0%]  (Warmup)

SAMPLING FOR MODEL 'anon_model' NOW (CHAIN 4).
Chain 3: 
Chain 3: Gradient evaluation took 0.001174 seconds
Chain 3: 1000 transitions using 10 leapfrog steps per transition would take 11.74 seconds.
Chain 3: Adjust your expectations accordingly!
Chain 3: 
Chain 3: 
Chain 4: 
Chain 4: Gradient evaluation took 0.000289 seconds
Chain 4: 1000 transitions using 10 leapfrog steps per transition would take 2.89 seconds.
Chain 4: Adjust your expectations accordingly!
Chain 4: 
Chain 4: 
Chain 3: Iteration:     1 / 12000 [  0%]  (Warmup)
Chain 4: Iteration:     1 / 12000 [  0%]  (Warmup)
Chain 3: Iteration:  1200 / 12000 [ 10%]  (Warmup)
Chain 1: Iteration:  1200 / 12000 [ 10%]  (Warmup)
Chain 2: Iteration:  1200 / 12000 [ 10%]  (Warmup)
Chain 4: Iteration:  1200 / 12000 [ 10%]  (Warmup)
Chain 3: Iteration:  2400 / 12000 [ 20%]  (Warmup)
Chain 1: Iteration:  2400 / 12000 [ 20%]  (Warmup)
Chain 4: Iteration:  2400 / 12000 [ 20%]  (Warmup)
Chain 2: Iteration:  2400 / 12000 [ 20%]  (Warmup)
Chain 3: Iteration:  3600 / 12000 [ 30%]  (Warmup)
Chain 1: Iteration:  3600 / 12000 [ 30%]  (Warmup)
Chain 4: Iteration:  3600 / 12000 [ 30%]  (Warmup)
Chain 2: Iteration:  3600 / 12000 [ 30%]  (Warmup)
Chain 3: Iteration:  4800 / 12000 [ 40%]  (Warmup)
Chain 1: Iteration:  4800 / 12000 [ 40%]  (Warmup)
Chain 4: Iteration:  4800 / 12000 [ 40%]  (Warmup)
Chain 2: Iteration:  4800 / 12000 [ 40%]  (Warmup)
Chain 3: Iteration:  6000 / 12000 [ 50%]  (Warmup)
Chain 3: Iteration:  6001 / 12000 [ 50%]  (Sampling)
Chain 1: Iteration:  6000 / 12000 [ 50%]  (Warmup)
Chain 1: Iteration:  6001 / 12000 [ 50%]  (Sampling)
Chain 4: Iteration:  6000 / 12000 [ 50%]  (Warmup)
Chain 4: Iteration:  6001 / 12000 [ 50%]  (Sampling)
Chain 2: Iteration:  6000 / 12000 [ 50%]  (Warmup)
Chain 2: Iteration:  6001 / 12000 [ 50%]  (Sampling)
Chain 4: Iteration:  7200 / 12000 [ 60%]  (Sampling)
Chain 1: Iteration:  7200 / 12000 [ 60%]  (Sampling)
Chain 2: Iteration:  7200 / 12000 [ 60%]  (Sampling)
Chain 3: Iteration:  7200 / 12000 [ 60%]  (Sampling)
Chain 4: Iteration:  8400 / 12000 [ 70%]  (Sampling)
Chain 4: Iteration:  9600 / 12000 [ 80%]  (Sampling)
Chain 1: Iteration:  8400 / 12000 [ 70%]  (Sampling)
Chain 2: Iteration:  8400 / 12000 [ 70%]  (Sampling)
Chain 4: Iteration: 10800 / 12000 [ 90%]  (Sampling)
Chain 3: Iteration:  8400 / 12000 [ 70%]  (Sampling)
Chain 4: Iteration: 12000 / 12000 [100%]  (Sampling)
Chain 4: 
Chain 4:  Elapsed Time: 20.688 seconds (Warm-up)
Chain 4:                14.445 seconds (Sampling)
Chain 4:                35.133 seconds (Total)
Chain 4: 
Chain 1: Iteration:  9600 / 12000 [ 80%]  (Sampling)
Chain 2: Iteration:  9600 / 12000 [ 80%]  (Sampling)
Chain 3: Iteration:  9600 / 12000 [ 80%]  (Sampling)
Chain 2: Iteration: 10800 / 12000 [ 90%]  (Sampling)
Chain 1: Iteration: 10800 / 12000 [ 90%]  (Sampling)
Chain 2: Iteration: 12000 / 12000 [100%]  (Sampling)
Chain 2: 
Chain 2:  Elapsed Time: 21.167 seconds (Warm-up)
Chain 2:                23.637 seconds (Sampling)
Chain 2:                44.804 seconds (Total)
Chain 2: 
Chain 1: Iteration: 12000 / 12000 [100%]  (Sampling)
Chain 1: 
Chain 1:  Elapsed Time: 20.611 seconds (Warm-up)
Chain 1:                24.384 seconds (Sampling)
Chain 1:                44.995 seconds (Total)
Chain 1: 
Chain 3: Iteration: 10800 / 12000 [ 90%]  (Sampling)
Chain 3: Iteration: 12000 / 12000 [100%]  (Sampling)
Chain 3: 
Chain 3:  Elapsed Time: 20.187 seconds (Warm-up)
Chain 3:                30.908 seconds (Sampling)
Chain 3:                51.095 seconds (Total)
Chain 3: 
Done!
Fitting s8.json, 16/17

SAMPLING FOR MODEL 'anon_model' NOW (CHAIN 1).
Chain 1: 
Chain 1: Gradient evaluation took 0.000241 seconds
Chain 1: 1000 transitions using 10 leapfrog steps per transition would take 2.41 seconds.
Chain 1: Adjust your expectations accordingly!
Chain 1: 
Chain 1: 

SAMPLING FOR MODEL 'anon_model' NOW (CHAIN 2).

SAMPLING FOR MODEL 'anon_model' NOW (CHAIN 3).
Chain 2: 
Chain 2: Gradient evaluation took 0.000233 seconds
Chain 2: 1000 transitions using 10 leapfrog steps per transition would take 2.33 seconds.
Chain 2: Adjust your expectations accordingly!
Chain 2: 
Chain 2: 
Chain 3: 
Chain 3: Gradient evaluation took 0.000231 seconds
Chain 3: 1000 transitions using 10 leapfrog steps per transition would take 2.31 seconds.
Chain 3: Adjust your expectations accordingly!
Chain 3: 
Chain 3: 
Chain 1: Iteration:     1 / 12000 [  0%]  (Warmup)
Chain 2: Iteration:     1 / 12000 [  0%]  (Warmup)

SAMPLING FOR MODEL 'anon_model' NOW (CHAIN 4).
Chain 3: Iteration:     1 / 12000 [  0%]  (Warmup)
Chain 4: 
Chain 4: Gradient evaluation took 0.000217 seconds
Chain 4: 1000 transitions using 10 leapfrog steps per transition would take 2.17 seconds.
Chain 4: Adjust your expectations accordingly!
Chain 4: 
Chain 4: 
Chain 4: Iteration:     1 / 12000 [  0%]  (Warmup)
Chain 2: Iteration:  1200 / 12000 [ 10%]  (Warmup)
Chain 4: Iteration:  1200 / 12000 [ 10%]  (Warmup)
Chain 3: Iteration:  1200 / 12000 [ 10%]  (Warmup)
Chain 1: Iteration:  1200 / 12000 [ 10%]  (Warmup)
Chain 2: Iteration:  2400 / 12000 [ 20%]  (Warmup)
Chain 4: Iteration:  2400 / 12000 [ 20%]  (Warmup)
Chain 3: Iteration:  2400 / 12000 [ 20%]  (Warmup)
Chain 1: Iteration:  2400 / 12000 [ 20%]  (Warmup)
Chain 2: Iteration:  3600 / 12000 [ 30%]  (Warmup)
Chain 4: Iteration:  3600 / 12000 [ 30%]  (Warmup)
Chain 3: Iteration:  3600 / 12000 [ 30%]  (Warmup)
Chain 1: Iteration:  3600 / 12000 [ 30%]  (Warmup)
Chain 4: Iteration:  4800 / 12000 [ 40%]  (Warmup)
Chain 2: Iteration:  4800 / 12000 [ 40%]  (Warmup)
Chain 3: Iteration:  4800 / 12000 [ 40%]  (Warmup)
Chain 1: Iteration:  4800 / 12000 [ 40%]  (Warmup)
Chain 2: Iteration:  6000 / 12000 [ 50%]  (Warmup)
Chain 2: Iteration:  6001 / 12000 [ 50%]  (Sampling)
Chain 4: Iteration:  6000 / 12000 [ 50%]  (Warmup)
Chain 4: Iteration:  6001 / 12000 [ 50%]  (Sampling)
Chain 3: Iteration:  6000 / 12000 [ 50%]  (Warmup)
Chain 3: Iteration:  6001 / 12000 [ 50%]  (Sampling)
Chain 1: Iteration:  6000 / 12000 [ 50%]  (Warmup)
Chain 1: Iteration:  6001 / 12000 [ 50%]  (Sampling)
Chain 3: Iteration:  7200 / 12000 [ 60%]  (Sampling)
Chain 2: Iteration:  7200 / 12000 [ 60%]  (Sampling)
Chain 1: Iteration:  7200 / 12000 [ 60%]  (Sampling)
Chain 4: Iteration:  7200 / 12000 [ 60%]  (Sampling)
Chain 3: Iteration:  8400 / 12000 [ 70%]  (Sampling)
Chain 2: Iteration:  8400 / 12000 [ 70%]  (Sampling)
Chain 1: Iteration:  8400 / 12000 [ 70%]  (Sampling)
Chain 3: Iteration:  9600 / 12000 [ 80%]  (Sampling)
Chain 4: Iteration:  8400 / 12000 [ 70%]  (Sampling)
Chain 2: Iteration:  9600 / 12000 [ 80%]  (Sampling)
Chain 3: Iteration: 10800 / 12000 [ 90%]  (Sampling)
Chain 1: Iteration:  9600 / 12000 [ 80%]  (Sampling)
Chain 2: Iteration: 10800 / 12000 [ 90%]  (Sampling)
Chain 3: Iteration: 12000 / 12000 [100%]  (Sampling)
Chain 3: 
Chain 3:  Elapsed Time: 20.65 seconds (Warm-up)
Chain 3:                16.89 seconds (Sampling)
Chain 3:                37.54 seconds (Total)
Chain 3: 
Chain 4: Iteration:  9600 / 12000 [ 80%]  (Sampling)
Chain 1: Iteration: 10800 / 12000 [ 90%]  (Sampling)
Chain 2: Iteration: 12000 / 12000 [100%]  (Sampling)
Chain 2: 
Chain 2:  Elapsed Time: 20.198 seconds (Warm-up)
Chain 2:                20.492 seconds (Sampling)
Chain 2:                40.69 seconds (Total)
Chain 2: 
Chain 1: Iteration: 12000 / 12000 [100%]  (Sampling)
Chain 1: 
Chain 1:  Elapsed Time: 20.98 seconds (Warm-up)
Chain 1:                21.99 seconds (Sampling)
Chain 1:                42.97 seconds (Total)
Chain 1: 
Chain 4: Iteration: 10800 / 12000 [ 90%]  (Sampling)
Chain 4: Iteration: 12000 / 12000 [100%]  (Sampling)
Chain 4: 
Chain 4:  Elapsed Time: 20.32 seconds (Warm-up)
Chain 4:                29.799 seconds (Sampling)
Chain 4:                50.119 seconds (Total)
Chain 4: 
Done!
Fitting s9.json, 17/17

SAMPLING FOR MODEL 'anon_model' NOW (CHAIN 1).

SAMPLING FOR MODEL 'anon_model' NOW (CHAIN 2).
Chain 1: 
Chain 1: Gradient evaluation took 0.000228 seconds
Chain 1: 1000 transitions using 10 leapfrog steps per transition would take 2.28 seconds.
Chain 1: Adjust your expectations accordingly!
Chain 1: 
Chain 1: 
Chain 2: 
Chain 2: Gradient evaluation took 0.000233 seconds
Chain 2: 1000 transitions using 10 leapfrog steps per transition would take 2.33 seconds.
Chain 2: Adjust your expectations accordingly!
Chain 2: 
Chain 2: 

SAMPLING FOR MODEL 'anon_model' NOW (CHAIN 3).
Chain 1: Iteration:     1 / 12000 [  0%]  (Warmup)
Chain 3: 
Chain 3: Gradient evaluation took 0.000267 seconds
Chain 3: 1000 transitions using 10 leapfrog steps per transition would take 2.67 seconds.
Chain 3: Adjust your expectations accordingly!
Chain 3: 
Chain 3: 
Chain 2: Iteration:     1 / 12000 [  0%]  (Warmup)

SAMPLING FOR MODEL 'anon_model' NOW (CHAIN 4).
Chain 4: 
Chain 4: Gradient evaluation took 0.000215 seconds
Chain 4: 1000 transitions using 10 leapfrog steps per transition would take 2.15 seconds.
Chain 4: Adjust your expectations accordingly!
Chain 4: 
Chain 4: 
Chain 3: Iteration:     1 / 12000 [  0%]  (Warmup)
Chain 4: Iteration:     1 / 12000 [  0%]  (Warmup)
Chain 2: Iteration:  1200 / 12000 [ 10%]  (Warmup)
Chain 3: Iteration:  1200 / 12000 [ 10%]  (Warmup)
Chain 4: Iteration:  1200 / 12000 [ 10%]  (Warmup)
Chain 1: Iteration:  1200 / 12000 [ 10%]  (Warmup)
Chain 2: Iteration:  2400 / 12000 [ 20%]  (Warmup)
Chain 3: Iteration:  2400 / 12000 [ 20%]  (Warmup)
Chain 4: Iteration:  2400 / 12000 [ 20%]  (Warmup)
Chain 1: Iteration:  2400 / 12000 [ 20%]  (Warmup)
Chain 2: Iteration:  3600 / 12000 [ 30%]  (Warmup)
Chain 3: Iteration:  3600 / 12000 [ 30%]  (Warmup)
Chain 4: Iteration:  3600 / 12000 [ 30%]  (Warmup)
Chain 1: Iteration:  3600 / 12000 [ 30%]  (Warmup)
Chain 2: Iteration:  4800 / 12000 [ 40%]  (Warmup)
Chain 3: Iteration:  4800 / 12000 [ 40%]  (Warmup)
Chain 4: Iteration:  4800 / 12000 [ 40%]  (Warmup)
Chain 1: Iteration:  4800 / 12000 [ 40%]  (Warmup)
Chain 2: Iteration:  6000 / 12000 [ 50%]  (Warmup)
Chain 2: Iteration:  6001 / 12000 [ 50%]  (Sampling)
Chain 3: Iteration:  6000 / 12000 [ 50%]  (Warmup)
Chain 3: Iteration:  6001 / 12000 [ 50%]  (Sampling)
Chain 4: Iteration:  6000 / 12000 [ 50%]  (Warmup)
Chain 4: Iteration:  6001 / 12000 [ 50%]  (Sampling)
Chain 1: Iteration:  6000 / 12000 [ 50%]  (Warmup)
Chain 1: Iteration:  6001 / 12000 [ 50%]  (Sampling)
Chain 1: Iteration:  7200 / 12000 [ 60%]  (Sampling)
Chain 4: Iteration:  7200 / 12000 [ 60%]  (Sampling)
Chain 3: Iteration:  7200 / 12000 [ 60%]  (Sampling)
Chain 2: Iteration:  7200 / 12000 [ 60%]  (Sampling)
Chain 1: Iteration:  8400 / 12000 [ 70%]  (Sampling)
Chain 4: Iteration:  8400 / 12000 [ 70%]  (Sampling)
Chain 3: Iteration:  8400 / 12000 [ 70%]  (Sampling)
Chain 2: Iteration:  8400 / 12000 [ 70%]  (Sampling)
Chain 1: Iteration:  9600 / 12000 [ 80%]  (Sampling)
Chain 1: Iteration: 10800 / 12000 [ 90%]  (Sampling)
Chain 4: Iteration:  9600 / 12000 [ 80%]  (Sampling)
Chain 3: Iteration:  9600 / 12000 [ 80%]  (Sampling)
Chain 2: Iteration:  9600 / 12000 [ 80%]  (Sampling)
Chain 1: Iteration: 12000 / 12000 [100%]  (Sampling)
Chain 1: 
Chain 1:  Elapsed Time: 18.924 seconds (Warm-up)
Chain 1:                16.972 seconds (Sampling)
Chain 1:                35.896 seconds (Total)
Chain 1: 
Chain 4: Iteration: 10800 / 12000 [ 90%]  (Sampling)
Chain 3: Iteration: 10800 / 12000 [ 90%]  (Sampling)
Chain 2: Iteration: 10800 / 12000 [ 90%]  (Sampling)
Chain 4: Iteration: 12000 / 12000 [100%]  (Sampling)
Chain 4: 
Chain 4:  Elapsed Time: 18.395 seconds (Warm-up)
Chain 4:                24.043 seconds (Sampling)
Chain 4:                42.438 seconds (Total)
Chain 4: 
Chain 3: Iteration: 12000 / 12000 [100%]  (Sampling)
Chain 3: 
Chain 3:  Elapsed Time: 18.239 seconds (Warm-up)
Chain 3:                24.642 seconds (Sampling)
Chain 3:                42.881 seconds (Total)
Chain 3: 
Chain 2: Iteration: 12000 / 12000 [100%]  (Sampling)
Chain 2: 
Chain 2:  Elapsed Time: 18.118 seconds (Warm-up)
Chain 2:                26.171 seconds (Sampling)
Chain 2:                44.289 seconds (Total)
Chain 2: 
Done!
