Loading required package: StanHeaders

rstan version 2.32.7 (Stan version 2.32.2)

For execution on a local, multicore CPU with excess RAM we recommend calling
options(mc.cores = parallel::detectCores()).
To avoid recompilation of unchanged Stan programs, we recommend calling
rstan_options(auto_write = TRUE)
For within-chain threading using `reduce_sum()` or `map_rect()` Stan functions,
change `threads_per_chain` option:
rstan_options(threads_per_chain = 1)

Dataset: simulated_from_m1 
Stan file: /Users/yimingzang/Documents/Project/benchmark2/benchmark/examples/diffusion/stan/rdm_4_models.stan 
Models: m0, m1, m2, m3 

Posterior draws exported per fit: 2048 

Assumed model: m0 (model_index = 0 )
Fitting s0.json, 1/17

SAMPLING FOR MODEL 'anon_model' NOW (CHAIN 1).
Chain 1: 
Chain 1: Gradient evaluation took 0.000245 seconds
Chain 1: 1000 transitions using 10 leapfrog steps per transition would take 2.45 seconds.
Chain 1: Adjust your expectations accordingly!
Chain 1: 
Chain 1: 
Chain 1: Iteration:     1 / 12000 [  0%]  (Warmup)

SAMPLING FOR MODEL 'anon_model' NOW (CHAIN 2).

SAMPLING FOR MODEL 'anon_model' NOW (CHAIN 3).
Chain 2: 
Chain 2: Gradient evaluation took 0.000245 seconds
Chain 2: 1000 transitions using 10 leapfrog steps per transition would take 2.45 seconds.
Chain 2: Adjust your expectations accordingly!
Chain 2: 
Chain 2: 
Chain 3: 
Chain 3: Gradient evaluation took 0.000246 seconds
Chain 3: 1000 transitions using 10 leapfrog steps per transition would take 2.46 seconds.
Chain 3: Adjust your expectations accordingly!
Chain 3: 
Chain 3: 

SAMPLING FOR MODEL 'anon_model' NOW (CHAIN 4).
Chain 4: 
Chain 4: Gradient evaluation took 0.000191 seconds
Chain 4: 1000 transitions using 10 leapfrog steps per transition would take 1.91 seconds.
Chain 4: Adjust your expectations accordingly!
Chain 4: 
Chain 4: 
Chain 2: Iteration:     1 / 12000 [  0%]  (Warmup)
Chain 3: Iteration:     1 / 12000 [  0%]  (Warmup)
Chain 4: Iteration:     1 / 12000 [  0%]  (Warmup)
Chain 1: Iteration:  1200 / 12000 [ 10%]  (Warmup)
Chain 2: Iteration:  1200 / 12000 [ 10%]  (Warmup)
Chain 4: Iteration:  1200 / 12000 [ 10%]  (Warmup)
Chain 3: Iteration:  1200 / 12000 [ 10%]  (Warmup)
Chain 4: Iteration:  2400 / 12000 [ 20%]  (Warmup)
Chain 1: Iteration:  2400 / 12000 [ 20%]  (Warmup)
Chain 2: Iteration:  2400 / 12000 [ 20%]  (Warmup)
Chain 3: Iteration:  2400 / 12000 [ 20%]  (Warmup)
Chain 1: Iteration:  3600 / 12000 [ 30%]  (Warmup)
Chain 4: Iteration:  3600 / 12000 [ 30%]  (Warmup)
Chain 2: Iteration:  3600 / 12000 [ 30%]  (Warmup)
Chain 3: Iteration:  3600 / 12000 [ 30%]  (Warmup)
Chain 1: Iteration:  4800 / 12000 [ 40%]  (Warmup)
Chain 4: Iteration:  4800 / 12000 [ 40%]  (Warmup)
Chain 2: Iteration:  4800 / 12000 [ 40%]  (Warmup)
Chain 3: Iteration:  4800 / 12000 [ 40%]  (Warmup)
Chain 1: Iteration:  6000 / 12000 [ 50%]  (Warmup)
Chain 1: Iteration:  6001 / 12000 [ 50%]  (Sampling)
Chain 4: Iteration:  6000 / 12000 [ 50%]  (Warmup)
Chain 4: Iteration:  6001 / 12000 [ 50%]  (Sampling)
Chain 2: Iteration:  6000 / 12000 [ 50%]  (Warmup)
Chain 2: Iteration:  6001 / 12000 [ 50%]  (Sampling)
Chain 3: Iteration:  6000 / 12000 [ 50%]  (Warmup)
Chain 3: Iteration:  6001 / 12000 [ 50%]  (Sampling)
Chain 1: Iteration:  7200 / 12000 [ 60%]  (Sampling)
Chain 2: Iteration:  7200 / 12000 [ 60%]  (Sampling)
Chain 4: Iteration:  7200 / 12000 [ 60%]  (Sampling)
Chain 3: Iteration:  7200 / 12000 [ 60%]  (Sampling)
Chain 1: Iteration:  8400 / 12000 [ 70%]  (Sampling)
Chain 2: Iteration:  8400 / 12000 [ 70%]  (Sampling)
Chain 4: Iteration:  8400 / 12000 [ 70%]  (Sampling)
Chain 3: Iteration:  8400 / 12000 [ 70%]  (Sampling)
Chain 1: Iteration:  9600 / 12000 [ 80%]  (Sampling)
Chain 2: Iteration:  9600 / 12000 [ 80%]  (Sampling)
Chain 3: Iteration:  9600 / 12000 [ 80%]  (Sampling)
Chain 1: Iteration: 10800 / 12000 [ 90%]  (Sampling)
Chain 4: Iteration:  9600 / 12000 [ 80%]  (Sampling)
Chain 2: Iteration: 10800 / 12000 [ 90%]  (Sampling)
Chain 1: Iteration: 12000 / 12000 [100%]  (Sampling)
Chain 1: 
Chain 1:  Elapsed Time: 29.769 seconds (Warm-up)
Chain 1:                21.218 seconds (Sampling)
Chain 1:                50.987 seconds (Total)
Chain 1: 
Chain 3: Iteration: 10800 / 12000 [ 90%]  (Sampling)
Chain 4: Iteration: 10800 / 12000 [ 90%]  (Sampling)
Chain 2: Iteration: 12000 / 12000 [100%]  (Sampling)
Chain 2: 
Chain 2:  Elapsed Time: 30.379 seconds (Warm-up)
Chain 2:                23.576 seconds (Sampling)
Chain 2:                53.955 seconds (Total)
Chain 2: 
Chain 3: Iteration: 12000 / 12000 [100%]  (Sampling)
Chain 3: 
Chain 3:  Elapsed Time: 32.013 seconds (Warm-up)
Chain 3:                24.294 seconds (Sampling)
Chain 3:                56.307 seconds (Total)
Chain 3: 
Chain 4: Iteration: 12000 / 12000 [100%]  (Sampling)
Chain 4: 
Chain 4:  Elapsed Time: 30.146 seconds (Warm-up)
Chain 4:                27.988 seconds (Sampling)
Chain 4:                58.134 seconds (Total)
Chain 4: 
Done!
Fitting s1.json, 2/17

SAMPLING FOR MODEL 'anon_model' NOW (CHAIN 1).

SAMPLING FOR MODEL 'anon_model' NOW (CHAIN 2).
Chain 1: 
Chain 1: Gradient evaluation took 0.00024 seconds
Chain 1: 1000 transitions using 10 leapfrog steps per transition would take 2.4 seconds.
Chain 1: Adjust your expectations accordingly!
Chain 1: 
Chain 1: 
Chain 2: 
Chain 2: Gradient evaluation took 0.000239 seconds
Chain 2: 1000 transitions using 10 leapfrog steps per transition would take 2.39 seconds.
Chain 2: Adjust your expectations accordingly!
Chain 2: 
Chain 2: 
Chain 1: Iteration:     1 / 12000 [  0%]  (Warmup)

SAMPLING FOR MODEL 'anon_model' NOW (CHAIN 3).
Chain 2: Iteration:     1 / 12000 [  0%]  (Warmup)
Chain 3: 
Chain 3: Gradient evaluation took 0.000269 seconds
Chain 3: 1000 transitions using 10 leapfrog steps per transition would take 2.69 seconds.
Chain 3: Adjust your expectations accordingly!
Chain 3: 
Chain 3: 

SAMPLING FOR MODEL 'anon_model' NOW (CHAIN 4).
Chain 3: Iteration:     1 / 12000 [  0%]  (Warmup)
Chain 4: 
Chain 4: Gradient evaluation took 0.000277 seconds
Chain 4: 1000 transitions using 10 leapfrog steps per transition would take 2.77 seconds.
Chain 4: Adjust your expectations accordingly!
Chain 4: 
Chain 4: 
Chain 4: Iteration:     1 / 12000 [  0%]  (Warmup)
Chain 1: Iteration:  1200 / 12000 [ 10%]  (Warmup)
Chain 2: Iteration:  1200 / 12000 [ 10%]  (Warmup)
Chain 4: Iteration:  1200 / 12000 [ 10%]  (Warmup)
Chain 3: Iteration:  1200 / 12000 [ 10%]  (Warmup)
Chain 1: Iteration:  2400 / 12000 [ 20%]  (Warmup)
Chain 4: Iteration:  2400 / 12000 [ 20%]  (Warmup)
Chain 3: Iteration:  2400 / 12000 [ 20%]  (Warmup)
Chain 2: Iteration:  2400 / 12000 [ 20%]  (Warmup)
Chain 1: Iteration:  3600 / 12000 [ 30%]  (Warmup)
Chain 4: Iteration:  3600 / 12000 [ 30%]  (Warmup)
Chain 3: Iteration:  3600 / 12000 [ 30%]  (Warmup)
Chain 2: Iteration:  3600 / 12000 [ 30%]  (Warmup)
Chain 1: Iteration:  4800 / 12000 [ 40%]  (Warmup)
Chain 4: Iteration:  4800 / 12000 [ 40%]  (Warmup)
Chain 2: Iteration:  4800 / 12000 [ 40%]  (Warmup)
Chain 3: Iteration:  4800 / 12000 [ 40%]  (Warmup)
Chain 1: Iteration:  6000 / 12000 [ 50%]  (Warmup)
Chain 1: Iteration:  6001 / 12000 [ 50%]  (Sampling)
Chain 4: Iteration:  6000 / 12000 [ 50%]  (Warmup)
Chain 4: Iteration:  6001 / 12000 [ 50%]  (Sampling)
Chain 2: Iteration:  6000 / 12000 [ 50%]  (Warmup)
Chain 2: Iteration:  6001 / 12000 [ 50%]  (Sampling)
Chain 3: Iteration:  6000 / 12000 [ 50%]  (Warmup)
Chain 3: Iteration:  6001 / 12000 [ 50%]  (Sampling)
Chain 1: Iteration:  7200 / 12000 [ 60%]  (Sampling)
Chain 1: Iteration:  8400 / 12000 [ 70%]  (Sampling)
Chain 2: Iteration:  7200 / 12000 [ 60%]  (Sampling)
Chain 4: Iteration:  7200 / 12000 [ 60%]  (Sampling)
Chain 3: Iteration:  7200 / 12000 [ 60%]  (Sampling)
Chain 1: Iteration:  9600 / 12000 [ 80%]  (Sampling)
Chain 2: Iteration:  8400 / 12000 [ 70%]  (Sampling)
Chain 1: Iteration: 10800 / 12000 [ 90%]  (Sampling)
Chain 4: Iteration:  8400 / 12000 [ 70%]  (Sampling)
Chain 3: Iteration:  8400 / 12000 [ 70%]  (Sampling)
Chain 1: Iteration: 12000 / 12000 [100%]  (Sampling)
Chain 1: 
Chain 1:  Elapsed Time: 20.123 seconds (Warm-up)
Chain 1:                18.44 seconds (Sampling)
Chain 1:                38.563 seconds (Total)
Chain 1: 
Chain 2: Iteration:  9600 / 12000 [ 80%]  (Sampling)
Chain 4: Iteration:  9600 / 12000 [ 80%]  (Sampling)
Chain 3: Iteration:  9600 / 12000 [ 80%]  (Sampling)
Chain 2: Iteration: 10800 / 12000 [ 90%]  (Sampling)
Chain 4: Iteration: 10800 / 12000 [ 90%]  (Sampling)
Chain 3: Iteration: 10800 / 12000 [ 90%]  (Sampling)
Chain 2: Iteration: 12000 / 12000 [100%]  (Sampling)
Chain 2: 
Chain 2:  Elapsed Time: 21.597 seconds (Warm-up)
Chain 2:                30.505 seconds (Sampling)
Chain 2:                52.102 seconds (Total)
Chain 2: 
Chain 4: Iteration: 12000 / 12000 [100%]  (Sampling)
Chain 4: 
Chain 4:  Elapsed Time: 21.567 seconds (Warm-up)
Chain 4:                33.766 seconds (Sampling)
Chain 4:                55.333 seconds (Total)
Chain 4: 
Chain 3: Iteration: 12000 / 12000 [100%]  (Sampling)
Chain 3: 
Chain 3:  Elapsed Time: 21.715 seconds (Warm-up)
Chain 3:                34.724 seconds (Sampling)
Chain 3:                56.439 seconds (Total)
Chain 3: 
Done!
Fitting s10.json, 3/17

SAMPLING FOR MODEL 'anon_model' NOW (CHAIN 1).

SAMPLING FOR MODEL 'anon_model' NOW (CHAIN 2).
Chain 1: 
Chain 1: Gradient evaluation took 0.000241 seconds
Chain 1: 1000 transitions using 10 leapfrog steps per transition would take 2.41 seconds.
Chain 1: Adjust your expectations accordingly!
Chain 1: 
Chain 1: 
Chain 2: 
Chain 2: Gradient evaluation took 0.000221 seconds
Chain 2: 1000 transitions using 10 leapfrog steps per transition would take 2.21 seconds.
Chain 2: Adjust your expectations accordingly!
Chain 2: 
Chain 2: 

SAMPLING FOR MODEL 'anon_model' NOW (CHAIN 3).
Chain 1: Iteration:     1 / 12000 [  0%]  (Warmup)
Chain 3: 
Chain 3: Gradient evaluation took 0.000232 seconds
Chain 3: 1000 transitions using 10 leapfrog steps per transition would take 2.32 seconds.
Chain 3: Adjust your expectations accordingly!
Chain 3: 
Chain 3: 

SAMPLING FOR MODEL 'anon_model' NOW (CHAIN 4).
Chain 2: Iteration:     1 / 12000 [  0%]  (Warmup)
Chain 4: 
Chain 4: Gradient evaluation took 0.000216 seconds
Chain 4: 1000 transitions using 10 leapfrog steps per transition would take 2.16 seconds.
Chain 4: Adjust your expectations accordingly!
Chain 4: 
Chain 4: 
Chain 3: Iteration:     1 / 12000 [  0%]  (Warmup)
Chain 4: Iteration:     1 / 12000 [  0%]  (Warmup)
Chain 3: Iteration:  1200 / 12000 [ 10%]  (Warmup)
Chain 1: Iteration:  1200 / 12000 [ 10%]  (Warmup)
Chain 2: Iteration:  1200 / 12000 [ 10%]  (Warmup)
Chain 4: Iteration:  1200 / 12000 [ 10%]  (Warmup)
Chain 3: Iteration:  2400 / 12000 [ 20%]  (Warmup)
Chain 1: Iteration:  2400 / 12000 [ 20%]  (Warmup)
Chain 4: Iteration:  2400 / 12000 [ 20%]  (Warmup)
Chain 2: Iteration:  2400 / 12000 [ 20%]  (Warmup)
Chain 3: Iteration:  3600 / 12000 [ 30%]  (Warmup)
Chain 2: Iteration:  3600 / 12000 [ 30%]  (Warmup)
Chain 1: Iteration:  3600 / 12000 [ 30%]  (Warmup)
Chain 4: Iteration:  3600 / 12000 [ 30%]  (Warmup)
Chain 3: Iteration:  4800 / 12000 [ 40%]  (Warmup)
Chain 2: Iteration:  4800 / 12000 [ 40%]  (Warmup)
Chain 1: Iteration:  4800 / 12000 [ 40%]  (Warmup)
Chain 4: Iteration:  4800 / 12000 [ 40%]  (Warmup)
Chain 2: Iteration:  6000 / 12000 [ 50%]  (Warmup)
Chain 2: Iteration:  6001 / 12000 [ 50%]  (Sampling)
Chain 3: Iteration:  6000 / 12000 [ 50%]  (Warmup)
Chain 3: Iteration:  6001 / 12000 [ 50%]  (Sampling)
Chain 4: Iteration:  6000 / 12000 [ 50%]  (Warmup)
Chain 4: Iteration:  6001 / 12000 [ 50%]  (Sampling)
Chain 1: Iteration:  6000 / 12000 [ 50%]  (Warmup)
Chain 1: Iteration:  6001 / 12000 [ 50%]  (Sampling)
Chain 2: Iteration:  7200 / 12000 [ 60%]  (Sampling)
Chain 3: Iteration:  7200 / 12000 [ 60%]  (Sampling)
Chain 4: Iteration:  7200 / 12000 [ 60%]  (Sampling)
Chain 1: Iteration:  7200 / 12000 [ 60%]  (Sampling)
Chain 2: Iteration:  8400 / 12000 [ 70%]  (Sampling)
Chain 3: Iteration:  8400 / 12000 [ 70%]  (Sampling)
Chain 4: Iteration:  8400 / 12000 [ 70%]  (Sampling)
Chain 1: Iteration:  8400 / 12000 [ 70%]  (Sampling)
Chain 2: Iteration:  9600 / 12000 [ 80%]  (Sampling)
Chain 3: Iteration:  9600 / 12000 [ 80%]  (Sampling)
Chain 4: Iteration:  9600 / 12000 [ 80%]  (Sampling)
Chain 1: Iteration:  9600 / 12000 [ 80%]  (Sampling)
Chain 2: Iteration: 10800 / 12000 [ 90%]  (Sampling)
Chain 3: Iteration: 10800 / 12000 [ 90%]  (Sampling)
Chain 4: Iteration: 10800 / 12000 [ 90%]  (Sampling)
Chain 1: Iteration: 10800 / 12000 [ 90%]  (Sampling)
Chain 2: Iteration: 12000 / 12000 [100%]  (Sampling)
Chain 2: 
Chain 2:  Elapsed Time: 17.451 seconds (Warm-up)
Chain 2:                26.285 seconds (Sampling)
Chain 2:                43.736 seconds (Total)
Chain 2: 
Chain 3: Iteration: 12000 / 12000 [100%]  (Sampling)
Chain 3: 
Chain 3:  Elapsed Time: 17.558 seconds (Warm-up)
Chain 3:                27.063 seconds (Sampling)
Chain 3:                44.621 seconds (Total)
Chain 3: 
Chain 4: Iteration: 12000 / 12000 [100%]  (Sampling)
Chain 4: 
Chain 4:  Elapsed Time: 17.739 seconds (Warm-up)
Chain 4:                27.628 seconds (Sampling)
Chain 4:                45.367 seconds (Total)
Chain 4: 
Chain 1: Iteration: 12000 / 12000 [100%]  (Sampling)
Chain 1: 
Chain 1:  Elapsed Time: 17.761 seconds (Warm-up)
Chain 1:                27.921 seconds (Sampling)
Chain 1:                45.682 seconds (Total)
Chain 1: 
Done!
Fitting s11.json, 4/17

SAMPLING FOR MODEL 'anon_model' NOW (CHAIN 1).

SAMPLING FOR MODEL 'anon_model' NOW (CHAIN 2).
Chain 1: 
Chain 1: Gradient evaluation took 0.000234 seconds
Chain 1: 1000 transitions using 10 leapfrog steps per transition would take 2.34 seconds.
Chain 1: Adjust your expectations accordingly!
Chain 1: 
Chain 1: 

SAMPLING FOR MODEL 'anon_model' NOW (CHAIN 3).
Chain 2: 
Chain 2: Gradient evaluation took 0.000239 seconds
Chain 2: 1000 transitions using 10 leapfrog steps per transition would take 2.39 seconds.
Chain 2: Adjust your expectations accordingly!
Chain 2: 
Chain 2: 
Chain 3: 
Chain 3: Gradient evaluation took 0.00021 seconds
Chain 3: 1000 transitions using 10 leapfrog steps per transition would take 2.1 seconds.
Chain 3: Adjust your expectations accordingly!
Chain 3: 
Chain 3: 
Chain 1: Iteration:     1 / 12000 [  0%]  (Warmup)
Chain 2: Iteration:     1 / 12000 [  0%]  (Warmup)

SAMPLING FOR MODEL 'anon_model' NOW (CHAIN 4).
Chain 3: Iteration:     1 / 12000 [  0%]  (Warmup)
Chain 4: 
Chain 4: Gradient evaluation took 0.00021 seconds
Chain 4: 1000 transitions using 10 leapfrog steps per transition would take 2.1 seconds.
Chain 4: Adjust your expectations accordingly!
Chain 4: 
Chain 4: 
Chain 4: Iteration:     1 / 12000 [  0%]  (Warmup)
Chain 4: Iteration:  1200 / 12000 [ 10%]  (Warmup)
Chain 3: Iteration:  1200 / 12000 [ 10%]  (Warmup)
Chain 1: Iteration:  1200 / 12000 [ 10%]  (Warmup)
Chain 2: Iteration:  1200 / 12000 [ 10%]  (Warmup)
Chain 4: Iteration:  2400 / 12000 [ 20%]  (Warmup)
Chain 3: Iteration:  2400 / 12000 [ 20%]  (Warmup)
Chain 2: Iteration:  2400 / 12000 [ 20%]  (Warmup)
Chain 1: Iteration:  2400 / 12000 [ 20%]  (Warmup)
Chain 4: Iteration:  3600 / 12000 [ 30%]  (Warmup)
Chain 3: Iteration:  3600 / 12000 [ 30%]  (Warmup)
Chain 1: Iteration:  3600 / 12000 [ 30%]  (Warmup)
Chain 2: Iteration:  3600 / 12000 [ 30%]  (Warmup)
Chain 3: Iteration:  4800 / 12000 [ 40%]  (Warmup)
Chain 4: Iteration:  4800 / 12000 [ 40%]  (Warmup)
Chain 2: Iteration:  4800 / 12000 [ 40%]  (Warmup)
Chain 1: Iteration:  4800 / 12000 [ 40%]  (Warmup)
Chain 4: Iteration:  6000 / 12000 [ 50%]  (Warmup)
Chain 4: Iteration:  6001 / 12000 [ 50%]  (Sampling)
Chain 2: Iteration:  6000 / 12000 [ 50%]  (Warmup)
Chain 2: Iteration:  6001 / 12000 [ 50%]  (Sampling)
Chain 3: Iteration:  6000 / 12000 [ 50%]  (Warmup)
Chain 1: Iteration:  6000 / 12000 [ 50%]  (Warmup)
Chain 3: Iteration:  6001 / 12000 [ 50%]  (Sampling)
Chain 1: Iteration:  6001 / 12000 [ 50%]  (Sampling)
Chain 2: Iteration:  7200 / 12000 [ 60%]  (Sampling)
Chain 1: Iteration:  7200 / 12000 [ 60%]  (Sampling)
Chain 4: Iteration:  7200 / 12000 [ 60%]  (Sampling)
Chain 2: Iteration:  8400 / 12000 [ 70%]  (Sampling)
Chain 1: Iteration:  8400 / 12000 [ 70%]  (Sampling)
Chain 3: Iteration:  7200 / 12000 [ 60%]  (Sampling)
Chain 4: Iteration:  8400 / 12000 [ 70%]  (Sampling)
Chain 2: Iteration:  9600 / 12000 [ 80%]  (Sampling)
Chain 1: Iteration:  9600 / 12000 [ 80%]  (Sampling)
Chain 4: Iteration:  9600 / 12000 [ 80%]  (Sampling)
Chain 2: Iteration: 10800 / 12000 [ 90%]  (Sampling)
Chain 3: Iteration:  8400 / 12000 [ 70%]  (Sampling)
Chain 1: Iteration: 10800 / 12000 [ 90%]  (Sampling)
Chain 4: Iteration: 10800 / 12000 [ 90%]  (Sampling)
Chain 2: Iteration: 12000 / 12000 [100%]  (Sampling)
Chain 2: 
Chain 2:  Elapsed Time: 30.367 seconds (Warm-up)
Chain 2:                24.666 seconds (Sampling)
Chain 2:                55.033 seconds (Total)
Chain 2: 
Chain 1: Iteration: 12000 / 12000 [100%]  (Sampling)
Chain 1: 
Chain 1:  Elapsed Time: 30.634 seconds (Warm-up)
Chain 1:                26.842 seconds (Sampling)
Chain 1:                57.476 seconds (Total)
Chain 1: 
Chain 4: Iteration: 12000 / 12000 [100%]  (Sampling)
Chain 4: 
Chain 4:  Elapsed Time: 30.171 seconds (Warm-up)
Chain 4:                28.374 seconds (Sampling)
Chain 4:                58.545 seconds (Total)
Chain 4: 
Chain 3: Iteration:  9600 / 12000 [ 80%]  (Sampling)
Chain 3: Iteration: 10800 / 12000 [ 90%]  (Sampling)
Chain 3: Iteration: 12000 / 12000 [100%]  (Sampling)
Chain 3: 
Chain 3:  Elapsed Time: 30.631 seconds (Warm-up)
Chain 3:                51.419 seconds (Sampling)
Chain 3:                82.05 seconds (Total)
Chain 3: 
Done!
Fitting s12.json, 5/17

SAMPLING FOR MODEL 'anon_model' NOW (CHAIN 1).

SAMPLING FOR MODEL 'anon_model' NOW (CHAIN 2).
Chain 1: 
Chain 1: Gradient evaluation took 0.000236 seconds
Chain 1: 1000 transitions using 10 leapfrog steps per transition would take 2.36 seconds.
Chain 1: Adjust your expectations accordingly!
Chain 1: 
Chain 1: 
Chain 2: 
Chain 2: Gradient evaluation took 0.00027 seconds
Chain 2: 1000 transitions using 10 leapfrog steps per transition would take 2.7 seconds.
Chain 2: Adjust your expectations accordingly!
Chain 2: 
Chain 2: 

SAMPLING FOR MODEL 'anon_model' NOW (CHAIN 3).
Chain 3: 
Chain 3: Gradient evaluation took 0.000225 seconds
Chain 3: 1000 transitions using 10 leapfrog steps per transition would take 2.25 seconds.
Chain 3: Adjust your expectations accordingly!
Chain 3: 
Chain 3: 

SAMPLING FOR MODEL 'anon_model' NOW (CHAIN 4).
Chain 4: 
Chain 4: Gradient evaluation took 0.000223 seconds
Chain 4: 1000 transitions using 10 leapfrog steps per transition would take 2.23 seconds.
Chain 4: Adjust your expectations accordingly!
Chain 4: 
Chain 4: 
Chain 1: Iteration:     1 / 12000 [  0%]  (Warmup)
Chain 2: Iteration:     1 / 12000 [  0%]  (Warmup)
Chain 3: Iteration:     1 / 12000 [  0%]  (Warmup)
Chain 4: Iteration:     1 / 12000 [  0%]  (Warmup)
Chain 2: Iteration:  1200 / 12000 [ 10%]  (Warmup)
Chain 4: Iteration:  1200 / 12000 [ 10%]  (Warmup)
Chain 3: Iteration:  1200 / 12000 [ 10%]  (Warmup)
Chain 1: Iteration:  1200 / 12000 [ 10%]  (Warmup)
Chain 2: Iteration:  2400 / 12000 [ 20%]  (Warmup)
Chain 4: Iteration:  2400 / 12000 [ 20%]  (Warmup)
Chain 3: Iteration:  2400 / 12000 [ 20%]  (Warmup)
Chain 1: Iteration:  2400 / 12000 [ 20%]  (Warmup)
Chain 2: Iteration:  3600 / 12000 [ 30%]  (Warmup)
Chain 4: Iteration:  3600 / 12000 [ 30%]  (Warmup)
Chain 3: Iteration:  3600 / 12000 [ 30%]  (Warmup)
Chain 1: Iteration:  3600 / 12000 [ 30%]  (Warmup)
Chain 2: Iteration:  4800 / 12000 [ 40%]  (Warmup)
Chain 3: Iteration:  4800 / 12000 [ 40%]  (Warmup)
Chain 4: Iteration:  4800 / 12000 [ 40%]  (Warmup)
Chain 1: Iteration:  4800 / 12000 [ 40%]  (Warmup)
Chain 2: Iteration:  6000 / 12000 [ 50%]  (Warmup)
Chain 2: Iteration:  6001 / 12000 [ 50%]  (Sampling)
Chain 3: Iteration:  6000 / 12000 [ 50%]  (Warmup)
Chain 3: Iteration:  6001 / 12000 [ 50%]  (Sampling)
Chain 4: Iteration:  6000 / 12000 [ 50%]  (Warmup)
Chain 4: Iteration:  6001 / 12000 [ 50%]  (Sampling)
Chain 1: Iteration:  6000 / 12000 [ 50%]  (Warmup)
Chain 1: Iteration:  6001 / 12000 [ 50%]  (Sampling)
Chain 3: Iteration:  7200 / 12000 [ 60%]  (Sampling)
Chain 4: Iteration:  7200 / 12000 [ 60%]  (Sampling)
Chain 2: Iteration:  7200 / 12000 [ 60%]  (Sampling)
Chain 3: Iteration:  8400 / 12000 [ 70%]  (Sampling)
Chain 4: Iteration:  8400 / 12000 [ 70%]  (Sampling)
Chain 1: Iteration:  7200 / 12000 [ 60%]  (Sampling)
Chain 3: Iteration:  9600 / 12000 [ 80%]  (Sampling)
Chain 4: Iteration:  9600 / 12000 [ 80%]  (Sampling)
Chain 2: Iteration:  8400 / 12000 [ 70%]  (Sampling)
Chain 3: Iteration: 10800 / 12000 [ 90%]  (Sampling)
Chain 4: Iteration: 10800 / 12000 [ 90%]  (Sampling)
Chain 1: Iteration:  8400 / 12000 [ 70%]  (Sampling)
Chain 3: Iteration: 12000 / 12000 [100%]  (Sampling)
Chain 3: 
Chain 3:  Elapsed Time: 14.481 seconds (Warm-up)
Chain 3:                11.609 seconds (Sampling)
Chain 3:                26.09 seconds (Total)
Chain 3: 
Chain 4: Iteration: 12000 / 12000 [100%]  (Sampling)
Chain 4: 
Chain 4:  Elapsed Time: 14.518 seconds (Warm-up)
Chain 4:                12.058 seconds (Sampling)
Chain 4:                26.576 seconds (Total)
Chain 4: 
Chain 2: Iteration:  9600 / 12000 [ 80%]  (Sampling)
Chain 1: Iteration:  9600 / 12000 [ 80%]  (Sampling)
Chain 2: Iteration: 10800 / 12000 [ 90%]  (Sampling)
Chain 1: Iteration: 10800 / 12000 [ 90%]  (Sampling)
Chain 2: Iteration: 12000 / 12000 [100%]  (Sampling)
Chain 2: 
Chain 2:  Elapsed Time: 14.266 seconds (Warm-up)
Chain 2:                23.388 seconds (Sampling)
Chain 2:                37.654 seconds (Total)
Chain 2: 
Chain 1: Iteration: 12000 / 12000 [100%]  (Sampling)
Chain 1: 
Chain 1:  Elapsed Time: 15.413 seconds (Warm-up)
Chain 1:                22.802 seconds (Sampling)
Chain 1:                38.215 seconds (Total)
Chain 1: 
Done!
Fitting s13.json, 6/17

SAMPLING FOR MODEL 'anon_model' NOW (CHAIN 1).

SAMPLING FOR MODEL 'anon_model' NOW (CHAIN 2).

SAMPLING FOR MODEL 'anon_model' NOW (CHAIN 3).

SAMPLING FOR MODEL 'anon_model' NOW (CHAIN 4).
Chain Chain 1: 
Chain 1: Gradient evaluation took 0.000239 seconds
2: 
Chain 2: Gradient evaluation took 0.000238 seconds
Chain 1: Chain 2: 1000 transitions using 10 leapfrog steps per transition would take 2.38 seconds.
Chain 2: Adjust your expectations accordingly!
Chain 2: 
Chain 2: 
1000 transitions using 10 leapfrog steps per transition would take 2.39 seconds.
Chain 1: Adjust your expectations accordingly!
Chain 1: 
Chain 1: 
Chain 3: 
Chain 3: Gradient evaluation took 0.000214 seconds
Chain 3: 1000 transitions using 10 leapfrog steps per transition would take 2.14 seconds.
Chain 3: Adjust your expectations accordingly!
Chain 3: 
Chain 3: 
Chain 2: Iteration:     1 / 12000 [  0%]  (Warmup)
Chain 1: Iteration:     1 / 12000 [  0%]  (Warmup)
Chain 3: Iteration:     1 / 12000 [  0%]  (Warmup)
Chain 4: 
Chain 4: Gradient evaluation took 0.000225 seconds
Chain 4: 1000 transitions using 10 leapfrog steps per transition would take 2.25 seconds.
Chain 4: Adjust your expectations accordingly!
Chain 4: 
Chain 4: 
Chain 4: Iteration:     1 / 12000 [  0%]  (Warmup)
Chain 1: Iteration:  1200 / 12000 [ 10%]  (Warmup)
Chain 4: Iteration:  1200 / 12000 [ 10%]  (Warmup)
Chain 3: Iteration:  1200 / 12000 [ 10%]  (Warmup)
Chain 2: Iteration:  1200 / 12000 [ 10%]  (Warmup)
Chain 1: Iteration:  2400 / 12000 [ 20%]  (Warmup)
Chain 4: Iteration:  2400 / 12000 [ 20%]  (Warmup)
Chain 3: Iteration:  2400 / 12000 [ 20%]  (Warmup)
Chain 2: Iteration:  2400 / 12000 [ 20%]  (Warmup)
Chain 1: Iteration:  3600 / 12000 [ 30%]  (Warmup)
Chain 4: Iteration:  3600 / 12000 [ 30%]  (Warmup)
Chain 3: Iteration:  3600 / 12000 [ 30%]  (Warmup)
Chain 2: Iteration:  3600 / 12000 [ 30%]  (Warmup)
Chain 1: Iteration:  4800 / 12000 [ 40%]  (Warmup)
Chain 4: Iteration:  4800 / 12000 [ 40%]  (Warmup)
Chain 3: Iteration:  4800 / 12000 [ 40%]  (Warmup)
Chain 2: Iteration:  4800 / 12000 [ 40%]  (Warmup)
Chain 1: Iteration:  6000 / 12000 [ 50%]  (Warmup)
Chain 1: Iteration:  6001 / 12000 [ 50%]  (Sampling)
Chain 4: Iteration:  6000 / 12000 [ 50%]  (Warmup)
Chain 4: Iteration:  6001 / 12000 [ 50%]  (Sampling)
Chain 3: Iteration:  6000 / 12000 [ 50%]  (Warmup)
Chain 3: Iteration:  6001 / 12000 [ 50%]  (Sampling)
Chain 2: Iteration:  6000 / 12000 [ 50%]  (Warmup)
Chain 2: Iteration:  6001 / 12000 [ 50%]  (Sampling)
Chain 1: Iteration:  7200 / 12000 [ 60%]  (Sampling)
Chain 4: Iteration:  7200 / 12000 [ 60%]  (Sampling)
Chain 2: Iteration:  7200 / 12000 [ 60%]  (Sampling)
Chain 3: Iteration:  7200 / 12000 [ 60%]  (Sampling)
Chain 1: Iteration:  8400 / 12000 [ 70%]  (Sampling)
Chain 4: Iteration:  8400 / 12000 [ 70%]  (Sampling)
Chain 2: Iteration:  8400 / 12000 [ 70%]  (Sampling)
Chain 1: Iteration:  9600 / 12000 [ 80%]  (Sampling)
Chain 3: Iteration:  8400 / 12000 [ 70%]  (Sampling)
Chain 4: Iteration:  9600 / 12000 [ 80%]  (Sampling)
Chain 1: Iteration: 10800 / 12000 [ 90%]  (Sampling)
Chain 2: Iteration:  9600 / 12000 [ 80%]  (Sampling)
Chain 4: Iteration: 10800 / 12000 [ 90%]  (Sampling)
Chain 3: Iteration:  9600 / 12000 [ 80%]  (Sampling)
Chain 1: Iteration: 12000 / 12000 [100%]  (Sampling)
Chain 1: 
Chain 1:  Elapsed Time: 22.903 seconds (Warm-up)
Chain 1:                25.328 seconds (Sampling)
Chain 1:                48.231 seconds (Total)
Chain 1: 
Chain 4: Iteration: 12000 / 12000 [100%]  (Sampling)
Chain 4: 
Chain 4:  Elapsed Time: 23.068 seconds (Warm-up)
Chain 4:                27.673 seconds (Sampling)
Chain 4:                50.741 seconds (Total)
Chain 4: 
Chain 2: Iteration: 10800 / 12000 [ 90%]  (Sampling)
Chain 3: Iteration: 10800 / 12000 [ 90%]  (Sampling)
Chain 2: Iteration: 12000 / 12000 [100%]  (Sampling)
Chain 2: 
Chain 2:  Elapsed Time: 24.231 seconds (Warm-up)
Chain 2:                34.168 seconds (Sampling)
Chain 2:                58.399 seconds (Total)
Chain 2: 
Chain 3: Iteration: 12000 / 12000 [100%]  (Sampling)
Chain 3: 
Chain 3:  Elapsed Time: 24.061 seconds (Warm-up)
Chain 3:                36.645 seconds (Sampling)
Chain 3:                60.706 seconds (Total)
Chain 3: 
Done!
Fitting s14.json, 7/17

SAMPLING FOR MODEL 'anon_model' NOW (CHAIN 1).
Chain 1: 
Chain 1: Gradient evaluation took 0.000339 seconds
Chain 1: 1000 transitions using 10 leapfrog steps per transition would take 3.39 seconds.
Chain 1: Adjust your expectations accordingly!
Chain 1: 
Chain 1: 

SAMPLING FOR MODEL 'anon_model' NOW (CHAIN 2).
Chain 2: 
Chain 2: Gradient evaluation took 0.000243 seconds
Chain 2: 1000 transitions using 10 leapfrog steps per transition would take 2.43 seconds.
Chain 2: Adjust your expectations accordingly!
Chain 2: 
Chain 2: 

SAMPLING FOR MODEL 'anon_model' NOW (CHAIN Chain 31).
: Iteration:     1 / 12000 [  0%]  (Warmup)

SAMPLING FOR MODEL 'anon_model' NOW (CHAIN 4).
Chain 3: 
Chain 3: Gradient evaluation took 0.000316 seconds
Chain 3: 1000 transitions using 10 leapfrog steps per transition would take 3.16 seconds.
Chain 3: Adjust your expectations accordingly!
Chain 3: 
Chain 3: 
Chain 4: 
Chain 4: Gradient evaluation took 0.000255 seconds
Chain 4: 1000 transitions using 10 leapfrog steps per transition would take 2.55 seconds.
Chain 4: Adjust your expectations accordingly!
Chain 4: 
Chain 4: 
Chain 2: Iteration:     1 / 12000 [  0%]  (Warmup)
Chain 4: Iteration:     1 / 12000 [  0%]  (Warmup)
Chain 3: Iteration:     1 / 12000 [  0%]  (Warmup)
Chain 2: Iteration:  1200 / 12000 [ 10%]  (Warmup)
Chain 3: Iteration:  1200 / 12000 [ 10%]  (Warmup)
Chain 4: Iteration:  1200 / 12000 [ 10%]  (Warmup)
Chain 1: Iteration:  1200 / 12000 [ 10%]  (Warmup)
Chain 2: Iteration:  2400 / 12000 [ 20%]  (Warmup)
Chain 3: Iteration:  2400 / 12000 [ 20%]  (Warmup)
Chain 4: Iteration:  2400 / 12000 [ 20%]  (Warmup)
Chain 1: Iteration:  2400 / 12000 [ 20%]  (Warmup)
Chain 2: Iteration:  3600 / 12000 [ 30%]  (Warmup)
Chain 3: Iteration:  3600 / 12000 [ 30%]  (Warmup)
Chain 4: Iteration:  3600 / 12000 [ 30%]  (Warmup)
Chain 1: Iteration:  3600 / 12000 [ 30%]  (Warmup)
Chain 2: Iteration:  4800 / 12000 [ 40%]  (Warmup)
Chain 3: Iteration:  4800 / 12000 [ 40%]  (Warmup)
Chain 1: Iteration:  4800 / 12000 [ 40%]  (Warmup)
Chain 4: Iteration:  4800 / 12000 [ 40%]  (Warmup)
Chain 2: Iteration:  6000 / 12000 [ 50%]  (Warmup)
Chain 2: Iteration:  6001 / 12000 [ 50%]  (Sampling)
Chain 3: Iteration:  6000 / 12000 [ 50%]  (Warmup)
Chain 3: Iteration:  6001 / 12000 [ 50%]  (Sampling)
Chain 1: Iteration:  6000 / 12000 [ 50%]  (Warmup)
Chain 1: Iteration:  6001 / 12000 [ 50%]  (Sampling)
Chain 4: Iteration:  6000 / 12000 [ 50%]  (Warmup)
Chain 4: Iteration:  6001 / 12000 [ 50%]  (Sampling)
Chain 4: Iteration:  7200 / 12000 [ 60%]  (Sampling)
Chain 2: Iteration:  7200 / 12000 [ 60%]  (Sampling)
Chain 3: Iteration:  7200 / 12000 [ 60%]  (Sampling)
Chain 4: Iteration:  8400 / 12000 [ 70%]  (Sampling)
Chain 1: Iteration:  7200 / 12000 [ 60%]  (Sampling)
Chain 4: Iteration:  9600 / 12000 [ 80%]  (Sampling)
Chain 2: Iteration:  8400 / 12000 [ 70%]  (Sampling)
Chain 3: Iteration:  8400 / 12000 [ 70%]  (Sampling)
Chain 4: Iteration: 10800 / 12000 [ 90%]  (Sampling)
Chain 1: Iteration:  8400 / 12000 [ 70%]  (Sampling)
Chain 4: Iteration: 12000 / 12000 [100%]  (Sampling)
Chain 4: 
Chain 4:  Elapsed Time: 26.081 seconds (Warm-up)
Chain 4:                18.916 seconds (Sampling)
Chain 4:                44.997 seconds (Total)
Chain 4: 
Chain 2: Iteration:  9600 / 12000 [ 80%]  (Sampling)
Chain 3: Iteration:  9600 / 12000 [ 80%]  (Sampling)
Chain 1: Iteration:  9600 / 12000 [ 80%]  (Sampling)
Chain 2: Iteration: 10800 / 12000 [ 90%]  (Sampling)
Chain 3: Iteration: 10800 / 12000 [ 90%]  (Sampling)
Chain 1: Iteration: 10800 / 12000 [ 90%]  (Sampling)
Chain 2: Iteration: 12000 / 12000 [100%]  (Sampling)
Chain 2: 
Chain 2:  Elapsed Time: 25.087 seconds (Warm-up)
Chain 2:                37.32 seconds (Sampling)
Chain 2:                62.407 seconds (Total)
Chain 2: 
Chain 3: Iteration: 12000 / 12000 [100%]  (Sampling)
Chain 3: 
Chain 3:  Elapsed Time: 25.812 seconds (Warm-up)
Chain 3:                37.775 seconds (Sampling)
Chain 3:                63.587 seconds (Total)
Chain 3: 
Chain 1: Iteration: 12000 / 12000 [100%]  (Sampling)
Chain 1: 
Chain 1:  Elapsed Time: 25.995 seconds (Warm-up)
Chain 1:                41.369 seconds (Sampling)
Chain 1:                67.364 seconds (Total)
Chain 1: 
Done!
Fitting s15.json, 8/17

SAMPLING FOR MODEL 'anon_model' NOW (CHAIN 1).
Chain 1: 
Chain 1: Gradient evaluation took 0.000236 seconds
Chain 1: 1000 transitions using 10 leapfrog steps per transition would take 2.36 seconds.
Chain 1: Adjust your expectations accordingly!
Chain 1: 
Chain 1: 

SAMPLING FOR MODEL 'anon_model' NOW (CHAIN 2).
Chain 1: Iteration:     1 / 12000 [  0%]  (Warmup)
Chain 2: 
Chain 2: Gradient evaluation took 0.000225 seconds
Chain 2: 1000 transitions using 10 leapfrog steps per transition would take 2.25 seconds.
Chain 2: Adjust your expectations accordingly!
Chain 2: 
Chain 2: 

SAMPLING FOR MODEL 'anon_model' NOW (CHAIN 3).
Chain 3: 
Chain 3: Gradient evaluation took 0.000226 seconds
Chain 3: 1000 transitions using 10 leapfrog steps per transition would take 2.26 seconds.
Chain 3: Adjust your expectations accordingly!
Chain 3: 
Chain 3: 

SAMPLING FOR MODEL 'anon_model' NOW (CHAIN 4).
Chain 2: Iteration:     1 / 12000 [  0%]  (Warmup)
Chain 4: 
Chain 4: Gradient evaluation took 0.000214 seconds
Chain 4: 1000 transitions using 10 leapfrog steps per transition would take 2.14 seconds.
Chain 4: Adjust your expectations accordingly!
Chain 4: 
Chain 4: 
Chain 3: Iteration:     1 / 12000 [  0%]  (Warmup)
Chain 4: Iteration:     1 / 12000 [  0%]  (Warmup)
Chain 3: Iteration:  1200 / 12000 [ 10%]  (Warmup)
Chain 1: Iteration:  1200 / 12000 [ 10%]  (Warmup)
Chain 4: Iteration:  1200 / 12000 [ 10%]  (Warmup)
Chain 2: Iteration:  1200 / 12000 [ 10%]  (Warmup)
Chain 3: Iteration:  2400 / 12000 [ 20%]  (Warmup)
Chain 1: Iteration:  2400 / 12000 [ 20%]  (Warmup)
Chain 4: Iteration:  2400 / 12000 [ 20%]  (Warmup)
Chain 2: Iteration:  2400 / 12000 [ 20%]  (Warmup)
Chain 3: Iteration:  3600 / 12000 [ 30%]  (Warmup)
Chain 1: Iteration:  3600 / 12000 [ 30%]  (Warmup)
Chain 4: Iteration:  3600 / 12000 [ 30%]  (Warmup)
Chain 2: Iteration:  3600 / 12000 [ 30%]  (Warmup)
Chain 1: Iteration:  4800 / 12000 [ 40%]  (Warmup)
Chain 3: Iteration:  4800 / 12000 [ 40%]  (Warmup)
Chain 4: Iteration:  4800 / 12000 [ 40%]  (Warmup)
Chain 2: Iteration:  4800 / 12000 [ 40%]  (Warmup)
Chain 3: Iteration:  6000 / 12000 [ 50%]  (Warmup)
Chain 3: Iteration:  6001 / 12000 [ 50%]  (Sampling)
Chain 1: Iteration:  6000 / 12000 [ 50%]  (Warmup)
Chain 1: Iteration:  6001 / 12000 [ 50%]  (Sampling)
Chain 4: Iteration:  6000 / 12000 [ 50%]  (Warmup)
Chain 4: Iteration:  6001 / 12000 [ 50%]  (Sampling)
Chain 2: Iteration:  6000 / 12000 [ 50%]  (Warmup)
Chain 2: Iteration:  6001 / 12000 [ 50%]  (Sampling)
Chain 2: Iteration:  7200 / 12000 [ 60%]  (Sampling)
Chain 1: Iteration:  7200 / 12000 [ 60%]  (Sampling)
Chain 4: Iteration:  7200 / 12000 [ 60%]  (Sampling)
Chain 3: Iteration:  7200 / 12000 [ 60%]  (Sampling)
Chain 2: Iteration:  8400 / 12000 [ 70%]  (Sampling)
Chain 1: Iteration:  8400 / 12000 [ 70%]  (Sampling)
Chain 2: Iteration:  9600 / 12000 [ 80%]  (Sampling)
Chain 4: Iteration:  8400 / 12000 [ 70%]  (Sampling)
Chain 3: Iteration:  8400 / 12000 [ 70%]  (Sampling)
Chain 2: Iteration: 10800 / 12000 [ 90%]  (Sampling)
Chain 1: Iteration:  9600 / 12000 [ 80%]  (Sampling)
Chain 4: Iteration:  9600 / 12000 [ 80%]  (Sampling)
Chain 2: Iteration: 12000 / 12000 [100%]  (Sampling)
Chain 2: 
Chain 2:  Elapsed Time: 17.974 seconds (Warm-up)
Chain 2:                13.448 seconds (Sampling)
Chain 2:                31.422 seconds (Total)
Chain 2: 
Chain 3: Iteration:  9600 / 12000 [ 80%]  (Sampling)
Chain 4: Iteration: 10800 / 12000 [ 90%]  (Sampling)
Chain 1: Iteration: 10800 / 12000 [ 90%]  (Sampling)
Chain 3: Iteration: 10800 / 12000 [ 90%]  (Sampling)
Chain 4: Iteration: 12000 / 12000 [100%]  (Sampling)
Chain 4: 
Chain 4:  Elapsed Time: 17.638 seconds (Warm-up)
Chain 4:                20.83 seconds (Sampling)
Chain 4:                38.468 seconds (Total)
Chain 4: 
Chain 1: Iteration: 12000 / 12000 [100%]  (Sampling)
Chain 1: 
Chain 1:  Elapsed Time: 17.542 seconds (Warm-up)
Chain 1:                21.163 seconds (Sampling)
Chain 1:                38.705 seconds (Total)
Chain 1: 
Chain 3: Iteration: 12000 / 12000 [100%]  (Sampling)
Chain 3: 
Chain 3:  Elapsed Time: 17.508 seconds (Warm-up)
Chain 3:                24.544 seconds (Sampling)
Chain 3:                42.052 seconds (Total)
Chain 3: 
Done!
Fitting s16.json, 9/17

SAMPLING FOR MODEL 'anon_model' NOW (CHAIN 1).

SAMPLING FOR MODEL 'anon_model' NOW (CHAIN 2).
Chain 1: 
Chain 1: Gradient evaluation took 0.000254 seconds
Chain 1: 1000 transitions using 10 leapfrog steps per transition would take 2.54 seconds.
Chain 1: Adjust your expectations accordingly!
Chain 1: 
Chain 1: 

SAMPLING FOR MODEL 'anon_model' NOW (CHAIN 3).
Chain 2: 
Chain 2: Gradient evaluation took 0.000215 seconds
Chain 2: 1000 transitions using 10 leapfrog steps per transition would take 2.15 seconds.
Chain 2: Adjust your expectations accordingly!
Chain 2: 
Chain 2: 
Chain 3: 
Chain 3: Gradient evaluation took 0.000219 seconds
Chain 3: 1000 transitions using 10 leapfrog steps per transition would take 2.19 seconds.
Chain 3: Adjust your expectations accordingly!
Chain 3: 
Chain 3: 

SAMPLING FOR MODEL 'anon_model' NOW (CHAIN Chain 41).
: Iteration:     1 / 12000 [  0%]  (Warmup)
Chain 2: Iteration:     1 / 12000 [  0%]  (Warmup)
Chain 4: 
Chain 4: Gradient evaluation took 0.000216 seconds
Chain 4: 1000 transitions using 10 leapfrog steps per transition would take 2.16 seconds.
Chain 4: Adjust your expectations accordingly!
Chain 4: 
Chain 4: 
Chain 3: Iteration:     1 / 12000 [  0%]  (Warmup)
Chain 4: Iteration:     1 / 12000 [  0%]  (Warmup)
Chain 2: Iteration:  1200 / 12000 [ 10%]  (Warmup)
Chain 3: Iteration:  1200 / 12000 [ 10%]  (Warmup)
Chain 1: Iteration:  1200 / 12000 [ 10%]  (Warmup)
Chain 4: Iteration:  1200 / 12000 [ 10%]  (Warmup)
Chain 2: Iteration:  2400 / 12000 [ 20%]  (Warmup)
Chain 3: Iteration:  2400 / 12000 [ 20%]  (Warmup)
Chain 1: Iteration:  2400 / 12000 [ 20%]  (Warmup)
Chain 4: Iteration:  2400 / 12000 [ 20%]  (Warmup)
Chain 2: Iteration:  3600 / 12000 [ 30%]  (Warmup)
Chain 3: Iteration:  3600 / 12000 [ 30%]  (Warmup)
Chain 1: Iteration:  3600 / 12000 [ 30%]  (Warmup)
Chain 4: Iteration:  3600 / 12000 [ 30%]  (Warmup)
Chain 2: Iteration:  4800 / 12000 [ 40%]  (Warmup)
Chain 3: Iteration:  4800 / 12000 [ 40%]  (Warmup)
Chain 1: Iteration:  4800 / 12000 [ 40%]  (Warmup)
Chain 4: Iteration:  4800 / 12000 [ 40%]  (Warmup)
Chain 2: Iteration:  6000 / 12000 [ 50%]  (Warmup)
Chain 2: Iteration:  6001 / 12000 [ 50%]  (Sampling)
Chain 3: Iteration:  6000 / 12000 [ 50%]  (Warmup)
Chain 3: Iteration:  6001 / 12000 [ 50%]  (Sampling)
Chain 1: Iteration:  6000 / 12000 [ 50%]  (Warmup)
Chain 1: Iteration:  6001 / 12000 [ 50%]  (Sampling)
Chain 4: Iteration:  6000 / 12000 [ 50%]  (Warmup)
Chain 4: Iteration:  6001 / 12000 [ 50%]  (Sampling)
Chain 1: Iteration:  7200 / 12000 [ 60%]  (Sampling)
Chain 2: Iteration:  7200 / 12000 [ 60%]  (Sampling)
Chain 3: Iteration:  7200 / 12000 [ 60%]  (Sampling)
Chain 4: Iteration:  7200 / 12000 [ 60%]  (Sampling)
Chain 1: Iteration:  8400 / 12000 [ 70%]  (Sampling)
Chain 2: Iteration:  8400 / 12000 [ 70%]  (Sampling)
Chain 1: Iteration:  9600 / 12000 [ 80%]  (Sampling)
Chain 3: Iteration:  8400 / 12000 [ 70%]  (Sampling)
Chain 4: Iteration:  8400 / 12000 [ 70%]  (Sampling)
Chain 1: Iteration: 10800 / 12000 [ 90%]  (Sampling)
Chain 2: Iteration:  9600 / 12000 [ 80%]  (Sampling)
Chain 3: Iteration:  9600 / 12000 [ 80%]  (Sampling)
Chain 4: Iteration:  9600 / 12000 [ 80%]  (Sampling)
Chain 1: Iteration: 12000 / 12000 [100%]  (Sampling)
Chain 1: 
Chain 1:  Elapsed Time: 19.472 seconds (Warm-up)
Chain 1:                18.39 seconds (Sampling)
Chain 1:                37.862 seconds (Total)
Chain 1: 
Chain 2: Iteration: 10800 / 12000 [ 90%]  (Sampling)
Chain 4: Iteration: 10800 / 12000 [ 90%]  (Sampling)
Chain 3: Iteration: 10800 / 12000 [ 90%]  (Sampling)
Chain 2: Iteration: 12000 / 12000 [100%]  (Sampling)
Chain 2: 
Chain 2:  Elapsed Time: 18.43 seconds (Warm-up)
Chain 2:                28.112 seconds (Sampling)
Chain 2:                46.542 seconds (Total)
Chain 2: 
Chain 4: Iteration: 12000 / 12000 [100%]  (Sampling)
Chain 4: 
Chain 4:  Elapsed Time: 20.484 seconds (Warm-up)
Chain 4:                26.591 seconds (Sampling)
Chain 4:                47.075 seconds (Total)
Chain 4: 
Chain 3: Iteration: 12000 / 12000 [100%]  (Sampling)
Chain 3: 
Chain 3:  Elapsed Time: 19.154 seconds (Warm-up)
Chain 3:                28.379 seconds (Sampling)
Chain 3:                47.533 seconds (Total)
Chain 3: 
Done!
Fitting s2.json, 10/17

SAMPLING FOR MODEL 'anon_model' NOW (CHAIN 1).
Chain 1: 
Chain 1: Gradient evaluation took 0.000252 seconds
Chain 1: 1000 transitions using 10 leapfrog steps per transition would take 2.52 seconds.
Chain 1: Adjust your expectations accordingly!
Chain 1: 
Chain 1: 

SAMPLING FOR MODEL 'anon_model' NOW (CHAIN 2).
Chain 2: 
Chain 2: Gradient evaluation took 0.000239 seconds
Chain 2: 1000 transitions using 10 leapfrog steps per transition would take 2.39 seconds.
Chain 2: Adjust your expectations accordingly!
Chain 2: 
Chain 2: 

SAMPLING FOR MODEL 'anon_model' NOW (CHAIN 3).
Chain 1: Iteration:     1 / 12000 [  0%]  (Warmup)
Chain Chain 2: 3Iteration:     1 / 12000 [  0%]  (Warmup): 

Chain 3: Gradient evaluation took 0.000221 seconds
Chain 3: 1000 transitions using 10 leapfrog steps per transition would take 2.21 seconds.
Chain 3: Adjust your expectations accordingly!
Chain 3: 
Chain 3: 

SAMPLING FOR MODEL 'anon_model' NOW (CHAIN 4).
Chain 4: 
Chain 4: Gradient evaluation took 0.000227 seconds
Chain 4: 1000 transitions using 10 leapfrog steps per transition would take 2.27 seconds.
Chain 4: Adjust your expectations accordingly!
Chain 4: 
Chain 4: 
Chain 3: Iteration:     1 / 12000 [  0%]  (Warmup)
Chain 4: Iteration:     1 / 12000 [  0%]  (Warmup)
Chain 3: Iteration:  1200 / 12000 [ 10%]  (Warmup)
Chain 1: Iteration:  1200 / 12000 [ 10%]  (Warmup)
Chain 2: Iteration:  1200 / 12000 [ 10%]  (Warmup)
Chain 4: Iteration:  1200 / 12000 [ 10%]  (Warmup)
Chain 3: Iteration:  2400 / 12000 [ 20%]  (Warmup)
Chain 1: Iteration:  2400 / 12000 [ 20%]  (Warmup)
Chain 2: Iteration:  2400 / 12000 [ 20%]  (Warmup)
Chain 4: Iteration:  2400 / 12000 [ 20%]  (Warmup)
Chain 3: Iteration:  3600 / 12000 [ 30%]  (Warmup)
Chain 1: Iteration:  3600 / 12000 [ 30%]  (Warmup)
Chain 2: Iteration:  3600 / 12000 [ 30%]  (Warmup)
Chain 4: Iteration:  3600 / 12000 [ 30%]  (Warmup)
Chain 1: Iteration:  4800 / 12000 [ 40%]  (Warmup)
Chain 3: Iteration:  4800 / 12000 [ 40%]  (Warmup)
Chain 2: Iteration:  4800 / 12000 [ 40%]  (Warmup)
Chain 4: Iteration:  4800 / 12000 [ 40%]  (Warmup)
Chain 1: Iteration:  6000 / 12000 [ 50%]  (Warmup)
Chain 1: Iteration:  6001 / 12000 [ 50%]  (Sampling)
Chain 2: Iteration:  6000 / 12000 [ 50%]  (Warmup)
Chain 2: Iteration:  6001 / 12000 [ 50%]  (Sampling)
Chain 3: Iteration:  6000 / 12000 [ 50%]  (Warmup)
Chain 3: Iteration:  6001 / 12000 [ 50%]  (Sampling)
Chain 4: Iteration:  6000 / 12000 [ 50%]  (Warmup)
Chain 4: Iteration:  6001 / 12000 [ 50%]  (Sampling)
Chain 4: Iteration:  7200 / 12000 [ 60%]  (Sampling)
Chain 2: Iteration:  7200 / 12000 [ 60%]  (Sampling)
Chain 1: Iteration:  7200 / 12000 [ 60%]  (Sampling)
Chain 3: Iteration:  7200 / 12000 [ 60%]  (Sampling)
Chain 4: Iteration:  8400 / 12000 [ 70%]  (Sampling)
Chain 2: Iteration:  8400 / 12000 [ 70%]  (Sampling)
Chain 4: Iteration:  9600 / 12000 [ 80%]  (Sampling)
Chain 1: Iteration:  8400 / 12000 [ 70%]  (Sampling)
Chain 2: Iteration:  9600 / 12000 [ 80%]  (Sampling)
Chain 3: Iteration:  8400 / 12000 [ 70%]  (Sampling)
Chain 4: Iteration: 10800 / 12000 [ 90%]  (Sampling)
Chain 2: Iteration: 10800 / 12000 [ 90%]  (Sampling)
Chain 1: Iteration:  9600 / 12000 [ 80%]  (Sampling)
Chain 4: Iteration: 12000 / 12000 [100%]  (Sampling)
Chain 4: 
Chain 4:  Elapsed Time: 35.947 seconds (Warm-up)
Chain 4:                30.445 seconds (Sampling)
Chain 4:                66.392 seconds (Total)
Chain 4: 
Chain 3: Iteration:  9600 / 12000 [ 80%]  (Sampling)
Chain 2: Iteration: 12000 / 12000 [100%]  (Sampling)
Chain 2: 
Chain 2:  Elapsed Time: 35.877 seconds (Warm-up)
Chain 2:                35.196 seconds (Sampling)
Chain 2:                71.073 seconds (Total)
Chain 2: 
Chain 1: Iteration: 10800 / 12000 [ 90%]  (Sampling)
Chain 3: Iteration: 10800 / 12000 [ 90%]  (Sampling)
Chain 1: Iteration: 12000 / 12000 [100%]  (Sampling)
Chain 1: 
Chain 1:  Elapsed Time: 35.444 seconds (Warm-up)
Chain 1:                49.756 seconds (Sampling)
Chain 1:                85.2 seconds (Total)
Chain 1: 
Chain 3: Iteration: 12000 / 12000 [100%]  (Sampling)
Chain 3: 
Chain 3:  Elapsed Time: 35.879 seconds (Warm-up)
Chain 3:                55.561 seconds (Sampling)
Chain 3:                91.44 seconds (Total)
Chain 3: 
Done!
Fitting s3.json, 11/17

SAMPLING FOR MODEL 'anon_model' NOW (CHAIN 1).

SAMPLING FOR MODEL 'anon_model' NOW (CHAIN 2).
Chain 1: 
Chain 1: Gradient evaluation took 0.000238 seconds
Chain 1: 1000 transitions using 10 leapfrog steps per transition would take 2.38 seconds.
Chain 1: Adjust your expectations accordingly!
Chain 1: 
Chain 1: 
Chain 2: 
Chain 2: Gradient evaluation took 0.000238 seconds
Chain 2: 1000 transitions using 10 leapfrog steps per transition would take 2.38 seconds.
Chain 2: Adjust your expectations accordingly!
Chain 2: 
Chain 2: 

SAMPLING FOR MODEL 'anon_model' NOW (CHAIN 3).
Chain 3: 
Chain 3: Gradient evaluation took 0.000222 seconds
Chain 3: 1000 transitions using 10 leapfrog steps per transition would take 2.22 seconds.
Chain 3: Adjust your expectations accordingly!
Chain 3: 
Chain 3: 
Chain 1: Iteration:     1 / 12000 [  0%]  (Warmup)
Chain 2: Iteration:     1 / 12000 [  0%]  (Warmup)

SAMPLING FOR MODEL 'anon_model' NOW (CHAIN 4).
Chain 3: Iteration:     1 / 12000 [  0%]  (Warmup)
Chain 4: 
Chain 4: Gradient evaluation took 0.000217 seconds
Chain 4: 1000 transitions using 10 leapfrog steps per transition would take 2.17 seconds.
Chain 4: Adjust your expectations accordingly!
Chain 4: 
Chain 4: 
Chain 4: Iteration:     1 / 12000 [  0%]  (Warmup)
Chain 4: Iteration:  1200 / 12000 [ 10%]  (Warmup)
Chain 2: Iteration:  1200 / 12000 [ 10%]  (Warmup)
Chain 1: Iteration:  1200 / 12000 [ 10%]  (Warmup)
Chain 3: Iteration:  1200 / 12000 [ 10%]  (Warmup)
Chain 4: Iteration:  2400 / 12000 [ 20%]  (Warmup)
Chain 2: Iteration:  2400 / 12000 [ 20%]  (Warmup)
Chain 1: Iteration:  2400 / 12000 [ 20%]  (Warmup)
Chain 3: Iteration:  2400 / 12000 [ 20%]  (Warmup)
Chain 4: Iteration:  3600 / 12000 [ 30%]  (Warmup)
Chain 2: Iteration:  3600 / 12000 [ 30%]  (Warmup)
Chain 1: Iteration:  3600 / 12000 [ 30%]  (Warmup)
Chain 3: Iteration:  3600 / 12000 [ 30%]  (Warmup)
Chain 4: Iteration:  4800 / 12000 [ 40%]  (Warmup)
Chain 2: Iteration:  4800 / 12000 [ 40%]  (Warmup)
Chain 1: Iteration:  4800 / 12000 [ 40%]  (Warmup)
Chain 3: Iteration:  4800 / 12000 [ 40%]  (Warmup)
Chain 4: Iteration:  6000 / 12000 [ 50%]  (Warmup)
Chain 4: Iteration:  6001 / 12000 [ 50%]  (Sampling)
Chain 2: Iteration:  6000 / 12000 [ 50%]  (Warmup)
Chain 2: Iteration:  6001 / 12000 [ 50%]  (Sampling)
Chain 1: Iteration:  6000 / 12000 [ 50%]  (Warmup)
Chain 1: Iteration:  6001 / 12000 [ 50%]  (Sampling)
Chain 3: Iteration:  6000 / 12000 [ 50%]  (Warmup)
Chain 3: Iteration:  6001 / 12000 [ 50%]  (Sampling)
Chain 1: Iteration:  7200 / 12000 [ 60%]  (Sampling)
Chain 3: Iteration:  7200 / 12000 [ 60%]  (Sampling)
Chain 4: Iteration:  7200 / 12000 [ 60%]  (Sampling)
Chain 2: Iteration:  7200 / 12000 [ 60%]  (Sampling)
Chain 1: Iteration:  8400 / 12000 [ 70%]  (Sampling)
Chain 3: Iteration:  8400 / 12000 [ 70%]  (Sampling)
Chain 4: Iteration:  8400 / 12000 [ 70%]  (Sampling)
Chain 2: Iteration:  8400 / 12000 [ 70%]  (Sampling)
Chain 1: Iteration:  9600 / 12000 [ 80%]  (Sampling)
Chain 3: Iteration:  9600 / 12000 [ 80%]  (Sampling)
Chain 4: Iteration:  9600 / 12000 [ 80%]  (Sampling)
Chain 1: Iteration: 10800 / 12000 [ 90%]  (Sampling)
Chain 2: Iteration:  9600 / 12000 [ 80%]  (Sampling)
Chain 3: Iteration: 10800 / 12000 [ 90%]  (Sampling)
Chain 1: Iteration: 12000 / 12000 [100%]  (Sampling)
Chain 1: 
Chain 1:  Elapsed Time: 17.627 seconds (Warm-up)
Chain 1:                19.053 seconds (Sampling)
Chain 1:                36.68 seconds (Total)
Chain 1: 
Chain 4: Iteration: 10800 / 12000 [ 90%]  (Sampling)
Chain 3: Iteration: 12000 / 12000 [100%]  (Sampling)
Chain 3: 
Chain 3:  Elapsed Time: 17.777 seconds (Warm-up)
Chain 3:                21.11 seconds (Sampling)
Chain 3:                38.887 seconds (Total)
Chain 3: 
Chain 2: Iteration: 10800 / 12000 [ 90%]  (Sampling)
Chain 4: Iteration: 12000 / 12000 [100%]  (Sampling)
Chain 4: 
Chain 4:  Elapsed Time: 17.326 seconds (Warm-up)
Chain 4:                25.145 seconds (Sampling)
Chain 4:                42.471 seconds (Total)
Chain 4: 
Chain 2: Iteration: 12000 / 12000 [100%]  (Sampling)
Chain 2: 
Chain 2:  Elapsed Time: 17.566 seconds (Warm-up)
Chain 2:                27.637 seconds (Sampling)
Chain 2:                45.203 seconds (Total)
Chain 2: 
Done!
Fitting s4.json, 12/17

SAMPLING FOR MODEL 'anon_model' NOW (CHAIN 1).

SAMPLING FOR MODEL 'anon_model' NOW (CHAIN 2).
Chain 1: 
Chain 1: Gradient evaluation took 0.00025 seconds
Chain 1: 1000 transitions using 10 leapfrog steps per transition would take 2.5 seconds.
Chain 1: Adjust your expectations accordingly!
Chain 1: 
Chain 1: 
Chain 2: 
Chain 2: Gradient evaluation took 0.000238 seconds
Chain 2: 1000 transitions using 10 leapfrog steps per transition would take 2.38 seconds.
Chain 2: Adjust your expectations accordingly!
Chain 2: 
Chain 2: 

SAMPLING FOR MODEL 'anon_model' NOW (CHAIN 3).
Chain 3: 
Chain 3: Gradient evaluation took 0.000225 seconds
Chain 3: 1000 transitions using 10 leapfrog steps per transition would take 2.25 seconds.
Chain 3: Adjust your expectations accordingly!
Chain 3: 
Chain 3: 

SAMPLING FOR MODEL 'anon_model' NOW (CHAIN 4).
Chain 4: 
Chain 4: Gradient evaluation took 0.000308 seconds
Chain 4: 1000 transitions using 10 leapfrog steps per transition would take 3.08 seconds.
Chain 4: Adjust your expectations accordingly!
Chain 4: 
Chain 4: 
Chain 1: Iteration:     1 / 12000 [  0%]  (Warmup)
Chain 2: Iteration:     1 / 12000 [  0%]  (Warmup)
Chain 3: Iteration:     1 / 12000 [  0%]  (Warmup)
Chain 4: Iteration:     1 / 12000 [  0%]  (Warmup)
Chain 4: Iteration:  1200 / 12000 [ 10%]  (Warmup)
Chain 2: Iteration:  1200 / 12000 [ 10%]  (Warmup)
Chain 3: Iteration:  1200 / 12000 [ 10%]  (Warmup)
Chain 1: Iteration:  1200 / 12000 [ 10%]  (Warmup)
Chain 4: Iteration:  2400 / 12000 [ 20%]  (Warmup)
Chain 2: Iteration:  2400 / 12000 [ 20%]  (Warmup)
Chain 3: Iteration:  2400 / 12000 [ 20%]  (Warmup)
Chain 1: Iteration:  2400 / 12000 [ 20%]  (Warmup)
Chain 4: Iteration:  3600 / 12000 [ 30%]  (Warmup)
Chain 2: Iteration:  3600 / 12000 [ 30%]  (Warmup)
Chain 3: Iteration:  3600 / 12000 [ 30%]  (Warmup)
Chain 1: Iteration:  3600 / 12000 [ 30%]  (Warmup)
Chain 4: Iteration:  4800 / 12000 [ 40%]  (Warmup)
Chain 2: Iteration:  4800 / 12000 [ 40%]  (Warmup)
Chain 3: Iteration:  4800 / 12000 [ 40%]  (Warmup)
Chain 1: Iteration:  4800 / 12000 [ 40%]  (Warmup)
Chain 4: Iteration:  6000 / 12000 [ 50%]  (Warmup)
Chain 4: Iteration:  6001 / 12000 [ 50%]  (Sampling)
Chain 2: Iteration:  6000 / 12000 [ 50%]  (Warmup)
Chain 2: Iteration:  6001 / 12000 [ 50%]  (Sampling)
Chain 3: Iteration:  6000 / 12000 [ 50%]  (Warmup)
Chain 3: Iteration:  6001 / 12000 [ 50%]  (Sampling)
Chain 1: Iteration:  6000 / 12000 [ 50%]  (Warmup)
Chain 1: Iteration:  6001 / 12000 [ 50%]  (Sampling)
Chain 4: Iteration:  7200 / 12000 [ 60%]  (Sampling)
Chain 3: Iteration:  7200 / 12000 [ 60%]  (Sampling)
Chain 2: Iteration:  7200 / 12000 [ 60%]  (Sampling)
Chain 3: Iteration:  8400 / 12000 [ 70%]  (Sampling)
Chain 1: Iteration:  7200 / 12000 [ 60%]  (Sampling)
Chain 4: Iteration:  8400 / 12000 [ 70%]  (Sampling)
Chain 2: Iteration:  8400 / 12000 [ 70%]  (Sampling)
Chain 3: Iteration:  9600 / 12000 [ 80%]  (Sampling)
Chain 4: Iteration:  9600 / 12000 [ 80%]  (Sampling)
Chain 2: Iteration:  9600 / 12000 [ 80%]  (Sampling)
Chain 1: Iteration:  8400 / 12000 [ 70%]  (Sampling)
Chain 3: Iteration: 10800 / 12000 [ 90%]  (Sampling)
Chain 4: Iteration: 10800 / 12000 [ 90%]  (Sampling)
Chain 2: Iteration: 10800 / 12000 [ 90%]  (Sampling)
Chain 3: Iteration: 12000 / 12000 [100%]  (Sampling)
Chain 3: 
Chain 3:  Elapsed Time: 21.331 seconds (Warm-up)
Chain 3:                16.274 seconds (Sampling)
Chain 3:                37.605 seconds (Total)
Chain 3: 
Chain 1: Iteration:  9600 / 12000 [ 80%]  (Sampling)
Chain 4: Iteration: 12000 / 12000 [100%]  (Sampling)
Chain 4: 
Chain 4:  Elapsed Time: 20.355 seconds (Warm-up)
Chain 4:                20.475 seconds (Sampling)
Chain 4:                40.83 seconds (Total)
Chain 4: 
Chain 2: Iteration: 12000 / 12000 [100%]  (Sampling)
Chain 2: 
Chain 2:  Elapsed Time: 20.723 seconds (Warm-up)
Chain 2:                20.809 seconds (Sampling)
Chain 2:                41.532 seconds (Total)
Chain 2: 
Chain 1: Iteration: 10800 / 12000 [ 90%]  (Sampling)
Chain 1: Iteration: 12000 / 12000 [100%]  (Sampling)
Chain 1: 
Chain 1:  Elapsed Time: 22.945 seconds (Warm-up)
Chain 1:                25.898 seconds (Sampling)
Chain 1:                48.843 seconds (Total)
Chain 1: 
Done!
Fitting s5.json, 13/17

SAMPLING FOR MODEL 'anon_model' NOW (CHAIN 1).
Chain 1: 
Chain 1: Gradient evaluation took 0.000251 seconds
Chain 1: 1000 transitions using 10 leapfrog steps per transition would take 2.51 seconds.
Chain 1: Adjust your expectations accordingly!
Chain 1: 
Chain 1: 

SAMPLING FOR MODEL 'anon_model' NOW (CHAIN 2).

SAMPLING FOR MODEL 'anon_model' NOW (CHAIN 3).
Chain 2: 
Chain 2: Gradient evaluation took 0.000227 seconds
Chain 2: 1000 transitions using 10 leapfrog steps per transition would take 2.27 seconds.
Chain 2: Adjust your expectations accordingly!
Chain 2: 
Chain 2: 
Chain 1: Iteration:     1 / 12000 [  0%]  (Warmup)
Chain 3: 
Chain 3: Gradient evaluation took 0.000225 seconds
Chain 3: 1000 transitions using 10 leapfrog steps per transition would take 2.25 seconds.
Chain 3: Adjust your expectations accordingly!
Chain 3: 
Chain 3: 
Chain 2: Iteration:     1 / 12000 [  0%]  (Warmup)

SAMPLING FOR MODEL 'anon_model' NOW (CHAIN 4).
Chain 3: Iteration:     1 / 12000 [  0%]  (Warmup)
Chain 4: 
Chain 4: Gradient evaluation took 0.000218 seconds
Chain 4: 1000 transitions using 10 leapfrog steps per transition would take 2.18 seconds.
Chain 4: Adjust your expectations accordingly!
Chain 4: 
Chain 4: 
Chain 4: Iteration:     1 / 12000 [  0%]  (Warmup)
Chain 3: Iteration:  1200 / 12000 [ 10%]  (Warmup)
Chain 4: Iteration:  1200 / 12000 [ 10%]  (Warmup)
Chain 2: Iteration:  1200 / 12000 [ 10%]  (Warmup)
Chain 1: Iteration:  1200 / 12000 [ 10%]  (Warmup)
Chain 3: Iteration:  2400 / 12000 [ 20%]  (Warmup)
Chain 4: Iteration:  2400 / 12000 [ 20%]  (Warmup)
Chain 2: Iteration:  2400 / 12000 [ 20%]  (Warmup)
Chain 1: Iteration:  2400 / 12000 [ 20%]  (Warmup)
Chain 3: Iteration:  3600 / 12000 [ 30%]  (Warmup)
Chain 4: Iteration:  3600 / 12000 [ 30%]  (Warmup)
Chain 2: Iteration:  3600 / 12000 [ 30%]  (Warmup)
Chain 1: Iteration:  3600 / 12000 [ 30%]  (Warmup)
Chain 3: Iteration:  4800 / 12000 [ 40%]  (Warmup)
Chain 2: Iteration:  4800 / 12000 [ 40%]  (Warmup)
Chain 4: Iteration:  4800 / 12000 [ 40%]  (Warmup)
Chain 1: Iteration:  4800 / 12000 [ 40%]  (Warmup)
Chain 2: Iteration:  6000 / 12000 [ 50%]  (Warmup)
Chain 2: Iteration:  6001 / 12000 [ 50%]  (Sampling)
Chain 1: Iteration:  6000 / 12000 [ 50%]  (Warmup)
Chain 1: Iteration:  6001 / 12000 [ 50%]  (Sampling)
Chain 3: Iteration:  6000 / 12000 [ 50%]  (Warmup)
Chain 3: Iteration:  6001 / 12000 [ 50%]  (Sampling)
Chain 4: Iteration:  6000 / 12000 [ 50%]  (Warmup)
Chain 4: Iteration:  6001 / 12000 [ 50%]  (Sampling)
Chain 2: Iteration:  7200 / 12000 [ 60%]  (Sampling)
Chain 1: Iteration:  7200 / 12000 [ 60%]  (Sampling)
Chain 3: Iteration:  7200 / 12000 [ 60%]  (Sampling)
Chain 4: Iteration:  7200 / 12000 [ 60%]  (Sampling)
Chain 2: Iteration:  8400 / 12000 [ 70%]  (Sampling)
Chain 1: Iteration:  8400 / 12000 [ 70%]  (Sampling)
Chain 2: Iteration:  9600 / 12000 [ 80%]  (Sampling)
Chain 3: Iteration:  8400 / 12000 [ 70%]  (Sampling)
Chain 1: Iteration:  9600 / 12000 [ 80%]  (Sampling)
Chain 4: Iteration:  8400 / 12000 [ 70%]  (Sampling)
Chain 2: Iteration: 10800 / 12000 [ 90%]  (Sampling)
Chain 1: Iteration: 10800 / 12000 [ 90%]  (Sampling)
Chain 2: Iteration: 12000 / 12000 [100%]  (Sampling)
Chain 2: 
Chain 2:  Elapsed Time: 26.67 seconds (Warm-up)
Chain 2:                24.645 seconds (Sampling)
Chain 2:                51.315 seconds (Total)
Chain 2: 
Chain 3: Iteration:  9600 / 12000 [ 80%]  (Sampling)
Chain 4: Iteration:  9600 / 12000 [ 80%]  (Sampling)
Chain 1: Iteration: 12000 / 12000 [100%]  (Sampling)
Chain 1: 
Chain 1:  Elapsed Time: 27.266 seconds (Warm-up)
Chain 1:                29.423 seconds (Sampling)
Chain 1:                56.689 seconds (Total)
Chain 1: 
Chain 3: Iteration: 10800 / 12000 [ 90%]  (Sampling)
Chain 4: Iteration: 10800 / 12000 [ 90%]  (Sampling)
Chain 3: Iteration: 12000 / 12000 [100%]  (Sampling)
Chain 3: 
Chain 3:  Elapsed Time: 27.302 seconds (Warm-up)
Chain 3:                43.215 seconds (Sampling)
Chain 3:                70.517 seconds (Total)
Chain 3: 
Chain 4: Iteration: 12000 / 12000 [100%]  (Sampling)
Chain 4: 
Chain 4:  Elapsed Time: 27.368 seconds (Warm-up)
Chain 4:                43.834 seconds (Sampling)
Chain 4:                71.202 seconds (Total)
Chain 4: 
Done!
Fitting s6.json, 14/17

SAMPLING FOR MODEL 'anon_model' NOW (CHAIN 1).
Chain 1: 
Chain 1: Gradient evaluation took 0.000234 seconds
Chain 1: 1000 transitions using 10 leapfrog steps per transition would take 2.34 seconds.
Chain 1: Adjust your expectations accordingly!
Chain 1: 
Chain 1: 

SAMPLING FOR MODEL 'anon_model' NOW (CHAIN 2).

SAMPLING FOR MODEL 'anon_model' NOW (CHAIN 3).
Chain 2: 
Chain 2: Gradient evaluation took 0.000229 seconds
Chain 2: 1000 transitions using 10 leapfrog steps per transition would take 2.29 seconds.
Chain 2: Adjust your expectations accordingly!
Chain 2: 
Chain 2: 
Chain 3: 
Chain 3: Gradient evaluation took 0.000235 seconds
Chain 3: 1000 transitions using 10 leapfrog steps per transition would take 2.35 seconds.
Chain 3: Adjust your expectations accordingly!
Chain 3: 
Chain 3: 
Chain 1: Iteration:     1 / 12000 [  0%]  (Warmup)

SAMPLING FOR MODEL 'anon_model' NOW (CHAIN 4).
Chain 4: 
Chain 4: Gradient evaluation took 0.000215 seconds
Chain 4: 1000 transitions using 10 leapfrog steps per transition would take 2.15 seconds.
Chain 4: Adjust your expectations accordingly!
Chain 4: 
Chain 4: 
Chain 2: Iteration:     1 / 12000 [  0%]  (Warmup)
Chain 3: Iteration:     1 / 12000 [  0%]  (Warmup)
Chain 4: Iteration:     1 / 12000 [  0%]  (Warmup)
Chain 4: Iteration:  1200 / 12000 [ 10%]  (Warmup)
Chain 2: Iteration:  1200 / 12000 [ 10%]  (Warmup)
Chain 1: Iteration:  1200 / 12000 [ 10%]  (Warmup)
Chain 3: Iteration:  1200 / 12000 [ 10%]  (Warmup)
Chain 4: Iteration:  2400 / 12000 [ 20%]  (Warmup)
Chain 2: Iteration:  2400 / 12000 [ 20%]  (Warmup)
Chain 1: Iteration:  2400 / 12000 [ 20%]  (Warmup)
Chain 3: Iteration:  2400 / 12000 [ 20%]  (Warmup)
Chain 4: Iteration:  3600 / 12000 [ 30%]  (Warmup)
Chain 2: Iteration:  3600 / 12000 [ 30%]  (Warmup)
Chain 1: Iteration:  3600 / 12000 [ 30%]  (Warmup)
Chain 3: Iteration:  3600 / 12000 [ 30%]  (Warmup)
Chain 4: Iteration:  4800 / 12000 [ 40%]  (Warmup)
Chain 2: Iteration:  4800 / 12000 [ 40%]  (Warmup)
Chain 1: Iteration:  4800 / 12000 [ 40%]  (Warmup)
Chain 3: Iteration:  4800 / 12000 [ 40%]  (Warmup)
Chain 4: Iteration:  6000 / 12000 [ 50%]  (Warmup)
Chain 4: Iteration:  6001 / 12000 [ 50%]  (Sampling)
Chain 2: Iteration:  6000 / 12000 [ 50%]  (Warmup)
Chain 2: Iteration:  6001 / 12000 [ 50%]  (Sampling)
Chain 3: Iteration:  6000 / 12000 [ 50%]  (Warmup)
Chain 3: Iteration:  6001 / 12000 [ 50%]  (Sampling)
Chain 1: Iteration:  6000 / 12000 [ 50%]  (Warmup)
Chain 1: Iteration:  6001 / 12000 [ 50%]  (Sampling)
Chain 3: Iteration:  7200 / 12000 [ 60%]  (Sampling)
Chain 2: Iteration:  7200 / 12000 [ 60%]  (Sampling)
Chain 1: Iteration:  7200 / 12000 [ 60%]  (Sampling)
Chain 4: Iteration:  7200 / 12000 [ 60%]  (Sampling)
Chain 3: Iteration:  8400 / 12000 [ 70%]  (Sampling)
Chain 2: Iteration:  8400 / 12000 [ 70%]  (Sampling)
Chain 3: Iteration:  9600 / 12000 [ 80%]  (Sampling)
Chain 2: Iteration:  9600 / 12000 [ 80%]  (Sampling)
Chain 1: Iteration:  8400 / 12000 [ 70%]  (Sampling)
Chain 4: Iteration:  8400 / 12000 [ 70%]  (Sampling)
Chain 3: Iteration: 10800 / 12000 [ 90%]  (Sampling)
Chain 2: Iteration: 10800 / 12000 [ 90%]  (Sampling)
Chain 1: Iteration:  9600 / 12000 [ 80%]  (Sampling)
Chain 3: Iteration: 12000 / 12000 [100%]  (Sampling)
Chain 3: 
Chain 3:  Elapsed Time: 25.406 seconds (Warm-up)
Chain 3:                21.159 seconds (Sampling)
Chain 3:                46.565 seconds (Total)
Chain 3: 
Chain 4: Iteration:  9600 / 12000 [ 80%]  (Sampling)
Chain 2: Iteration: 12000 / 12000 [100%]  (Sampling)
Chain 2: 
Chain 2:  Elapsed Time: 24.724 seconds (Warm-up)
Chain 2:                24.284 seconds (Sampling)
Chain 2:                49.008 seconds (Total)
Chain 2: 
Chain 1: Iteration: 10800 / 12000 [ 90%]  (Sampling)
Chain 4: Iteration: 10800 / 12000 [ 90%]  (Sampling)
Chain 1: Iteration: 12000 / 12000 [100%]  (Sampling)
Chain 1: 
Chain 1:  Elapsed Time: 25.529 seconds (Warm-up)
Chain 1:                33.984 seconds (Sampling)
Chain 1:                59.513 seconds (Total)
Chain 1: 
Chain 4: Iteration: 12000 / 12000 [100%]  (Sampling)
Chain 4: 
Chain 4:  Elapsed Time: 24.593 seconds (Warm-up)
Chain 4:                39.569 seconds (Sampling)
Chain 4:                64.162 seconds (Total)
Chain 4: 
Done!
Fitting s7.json, 15/17

SAMPLING FOR MODEL 'anon_model' NOW (CHAIN 1).
Chain 1: 
Chain 1: Gradient evaluation took 0.000241 seconds
Chain 1: 1000 transitions using 10 leapfrog steps per transition would take 2.41 seconds.
Chain 1: Adjust your expectations accordingly!
Chain 1: 
Chain 1: 

SAMPLING FOR MODEL 'anon_model' NOW (CHAIN 2).
Chain 1: Iteration:     1 / 12000 [  0%]  (Warmup)

SAMPLING FOR MODEL 'anon_model' NOW (CHAIN 3).
Chain 2: 
Chain 2: Gradient evaluation took 0.000276 seconds
Chain 2: 1000 transitions using 10 leapfrog steps per transition would take 2.76 seconds.
Chain 2: Adjust your expectations accordingly!
Chain 2: 
Chain 2: 
Chain 2: Iteration:     1 / 12000 [  0%]  (Warmup)
Chain 3: 
Chain 3: Gradient evaluation took 0.000329 seconds
Chain 3: 1000 transitions using 10 leapfrog steps per transition would take 3.29 seconds.
Chain 3: Adjust your expectations accordingly!
Chain 3: 
Chain 3: 

SAMPLING FOR MODEL 'anon_model' NOW (CHAIN 4).
Chain 3: Iteration:     1 / 12000 [  0%]  (Warmup)
Chain 4: 
Chain 4: Gradient evaluation took 0.000335 seconds
Chain 4: 1000 transitions using 10 leapfrog steps per transition would take 3.35 seconds.
Chain 4: Adjust your expectations accordingly!
Chain 4: 
Chain 4: 
Chain 4: Iteration:     1 / 12000 [  0%]  (Warmup)
Chain 4: Iteration:  1200 / 12000 [ 10%]  (Warmup)
Chain 2: Iteration:  1200 / 12000 [ 10%]  (Warmup)
Chain 3: Iteration:  1200 / 12000 [ 10%]  (Warmup)
Chain 1: Iteration:  1200 / 12000 [ 10%]  (Warmup)
Chain 4: Iteration:  2400 / 12000 [ 20%]  (Warmup)
Chain 2: Iteration:  2400 / 12000 [ 20%]  (Warmup)
Chain 3: Iteration:  2400 / 12000 [ 20%]  (Warmup)
Chain 1: Iteration:  2400 / 12000 [ 20%]  (Warmup)
Chain 4: Iteration:  3600 / 12000 [ 30%]  (Warmup)
Chain 2: Iteration:  3600 / 12000 [ 30%]  (Warmup)
Chain 3: Iteration:  3600 / 12000 [ 30%]  (Warmup)
Chain 1: Iteration:  3600 / 12000 [ 30%]  (Warmup)
Chain 4: Iteration:  4800 / 12000 [ 40%]  (Warmup)
Chain 2: Iteration:  4800 / 12000 [ 40%]  (Warmup)
Chain 3: Iteration:  4800 / 12000 [ 40%]  (Warmup)
Chain 1: Iteration:  4800 / 12000 [ 40%]  (Warmup)
Chain 4: Iteration:  6000 / 12000 [ 50%]  (Warmup)
Chain 4: Iteration:  6001 / 12000 [ 50%]  (Sampling)
Chain 2: Iteration:  6000 / 12000 [ 50%]  (Warmup)
Chain 2: Iteration:  6001 / 12000 [ 50%]  (Sampling)
Chain 1: Iteration:  6000 / 12000 [ 50%]  (Warmup)
Chain 1: Iteration:  6001 / 12000 [ 50%]  (Sampling)
Chain 3: Iteration:  6000 / 12000 [ 50%]  (Warmup)
Chain 3: Iteration:  6001 / 12000 [ 50%]  (Sampling)
Chain 2: Iteration:  7200 / 12000 [ 60%]  (Sampling)
Chain 1: Iteration:  7200 / 12000 [ 60%]  (Sampling)
Chain 4: Iteration:  7200 / 12000 [ 60%]  (Sampling)
Chain 2: Iteration:  8400 / 12000 [ 70%]  (Sampling)
Chain 3: Iteration:  7200 / 12000 [ 60%]  (Sampling)
Chain 1: Iteration:  8400 / 12000 [ 70%]  (Sampling)
Chain 2: Iteration:  9600 / 12000 [ 80%]  (Sampling)
Chain 4: Iteration:  8400 / 12000 [ 70%]  (Sampling)
Chain 1: Iteration:  9600 / 12000 [ 80%]  (Sampling)
Chain 3: Iteration:  8400 / 12000 [ 70%]  (Sampling)
Chain 2: Iteration: 10800 / 12000 [ 90%]  (Sampling)
Chain 4: Iteration:  9600 / 12000 [ 80%]  (Sampling)
Chain 1: Iteration: 10800 / 12000 [ 90%]  (Sampling)
Chain 2: Iteration: 12000 / 12000 [100%]  (Sampling)
Chain 2: 
Chain 2:  Elapsed Time: 32.599 seconds (Warm-up)
Chain 2:                30.942 seconds (Sampling)
Chain 2:                63.541 seconds (Total)
Chain 2: 
Chain 3: Iteration:  9600 / 12000 [ 80%]  (Sampling)
Chain 1: Iteration: 12000 / 12000 [100%]  (Sampling)
Chain 1: 
Chain 1:  Elapsed Time: 34.638 seconds (Warm-up)
Chain 1:                34.851 seconds (Sampling)
Chain 1:                69.489 seconds (Total)
Chain 1: 
Chain 4: Iteration: 10800 / 12000 [ 90%]  (Sampling)
Chain 3: Iteration: 10800 / 12000 [ 90%]  (Sampling)
Chain 4: Iteration: 12000 / 12000 [100%]  (Sampling)
Chain 4: 
Chain 4:  Elapsed Time: 31.929 seconds (Warm-up)
Chain 4:                50.519 seconds (Sampling)
Chain 4:                82.448 seconds (Total)
Chain 4: 
Chain 3: Iteration: 12000 / 12000 [100%]  (Sampling)
Chain 3: 
Chain 3:  Elapsed Time: 34.685 seconds (Warm-up)
Chain 3:                55.807 seconds (Sampling)
Chain 3:                90.492 seconds (Total)
Chain 3: 
Done!
Fitting s8.json, 16/17

SAMPLING FOR MODEL 'anon_model' NOW (CHAIN 1).
Chain 1: 
Chain 1: Gradient evaluation took 0.000238 seconds
Chain 1: 1000 transitions using 10 leapfrog steps per transition would take 2.38 seconds.
Chain 1: Adjust your expectations accordingly!
Chain 1: 
Chain 1: 

SAMPLING FOR MODEL 'anon_model' NOW (CHAIN 2).

SAMPLING FOR MODEL 'anon_model' NOW (CHAIN 3).
Chain 2: 
Chain 2: Gradient evaluation took 0.00023 seconds
Chain 2: 1000 transitions using 10 leapfrog steps per transition would take 2.3 seconds.
Chain 2: Adjust your expectations accordingly!
Chain 2: 
Chain 2: 
Chain 1: Iteration:     1 / 12000 [  0%]  (Warmup)
Chain 3: 
Chain 3: Gradient evaluation took 0.000226 seconds
Chain 3: 1000 transitions using 10 leapfrog steps per transition would take 2.26 seconds.
Chain 3: Adjust your expectations accordingly!
Chain 3: 
Chain 3: 
Chain 2: Iteration:     1 / 12000 [  0%]  (Warmup)

SAMPLING FOR MODEL 'anon_model' NOW (CHAIN 4).
Chain 3: Iteration:     1 / 12000 [  0%]  (Warmup)
Chain 4: 
Chain 4: Gradient evaluation took 0.000218 seconds
Chain 4: 1000 transitions using 10 leapfrog steps per transition would take 2.18 seconds.
Chain 4: Adjust your expectations accordingly!
Chain 4: 
Chain 4: 
Chain 4: Iteration:     1 / 12000 [  0%]  (Warmup)
Chain 4: Iteration:  1200 / 12000 [ 10%]  (Warmup)
Chain 1: Iteration:  1200 / 12000 [ 10%]  (Warmup)
Chain 3: Iteration:  1200 / 12000 [ 10%]  (Warmup)
Chain 2: Iteration:  1200 / 12000 [ 10%]  (Warmup)
Chain 4: Iteration:  2400 / 12000 [ 20%]  (Warmup)
Chain 1: Iteration:  2400 / 12000 [ 20%]  (Warmup)
Chain 3: Iteration:  2400 / 12000 [ 20%]  (Warmup)
Chain 2: Iteration:  2400 / 12000 [ 20%]  (Warmup)
Chain 4: Iteration:  3600 / 12000 [ 30%]  (Warmup)
Chain 1: Iteration:  3600 / 12000 [ 30%]  (Warmup)
Chain 3: Iteration:  3600 / 12000 [ 30%]  (Warmup)
Chain 2: Iteration:  3600 / 12000 [ 30%]  (Warmup)
Chain 4: Iteration:  4800 / 12000 [ 40%]  (Warmup)
Chain 1: Iteration:  4800 / 12000 [ 40%]  (Warmup)
Chain 2: Iteration:  4800 / 12000 [ 40%]  (Warmup)
Chain 3: Iteration:  4800 / 12000 [ 40%]  (Warmup)
Chain 4: Iteration:  6000 / 12000 [ 50%]  (Warmup)
Chain 4: Iteration:  6001 / 12000 [ 50%]  (Sampling)
Chain 2: Iteration:  6000 / 12000 [ 50%]  (Warmup)
Chain 2: Iteration:  6001 / 12000 [ 50%]  (Sampling)
Chain 1: Iteration:  6000 / 12000 [ 50%]  (Warmup)
Chain 1: Iteration:  6001 / 12000 [ 50%]  (Sampling)
Chain 3: Iteration:  6000 / 12000 [ 50%]  (Warmup)
Chain 3: Iteration:  6001 / 12000 [ 50%]  (Sampling)
Chain 4: Iteration:  7200 / 12000 [ 60%]  (Sampling)
Chain 2: Iteration:  7200 / 12000 [ 60%]  (Sampling)
Chain 3: Iteration:  7200 / 12000 [ 60%]  (Sampling)
Chain 4: Iteration:  8400 / 12000 [ 70%]  (Sampling)
Chain 1: Iteration:  7200 / 12000 [ 60%]  (Sampling)
Chain 2: Iteration:  8400 / 12000 [ 70%]  (Sampling)
Chain 3: Iteration:  8400 / 12000 [ 70%]  (Sampling)
Chain 4: Iteration:  9600 / 12000 [ 80%]  (Sampling)
Chain 3: Iteration:  9600 / 12000 [ 80%]  (Sampling)
Chain 2: Iteration:  9600 / 12000 [ 80%]  (Sampling)
Chain 4: Iteration: 10800 / 12000 [ 90%]  (Sampling)
Chain 1: Iteration:  8400 / 12000 [ 70%]  (Sampling)
Chain 3: Iteration: 10800 / 12000 [ 90%]  (Sampling)
Chain 2: Iteration: 10800 / 12000 [ 90%]  (Sampling)
Chain 4: Iteration: 12000 / 12000 [100%]  (Sampling)
Chain 4: 
Chain 4:  Elapsed Time: 25.083 seconds (Warm-up)
Chain 4:                19.704 seconds (Sampling)
Chain 4:                44.787 seconds (Total)
Chain 4: 
Chain 3: Iteration: 12000 / 12000 [100%]  (Sampling)
Chain 3: 
Chain 3:  Elapsed Time: 26.075 seconds (Warm-up)
Chain 3:                20.742 seconds (Sampling)
Chain 3:                46.817 seconds (Total)
Chain 3: 
Chain 2: Iteration: 12000 / 12000 [100%]  (Sampling)
Chain 2: 
Chain 2:  Elapsed Time: 25.543 seconds (Warm-up)
Chain 2:                21.871 seconds (Sampling)
Chain 2:                47.414 seconds (Total)
Chain 2: 
Chain 1: Iteration:  9600 / 12000 [ 80%]  (Sampling)
Chain 1: Iteration: 10800 / 12000 [ 90%]  (Sampling)
Chain 1: Iteration: 12000 / 12000 [100%]  (Sampling)
Chain 1: 
Chain 1:  Elapsed Time: 25.722 seconds (Warm-up)
Chain 1:                40.764 seconds (Sampling)
Chain 1:                66.486 seconds (Total)
Chain 1: 
Done!
Fitting s9.json, 17/17

SAMPLING FOR MODEL 'anon_model' NOW (CHAIN 1).
Chain 1: 
Chain 1: Gradient evaluation took 0.000241 seconds
Chain 1: 1000 transitions using 10 leapfrog steps per transition would take 2.41 seconds.
Chain 1: Adjust your expectations accordingly!
Chain 1: 
Chain 1: 

SAMPLING FOR MODEL 'anon_model' NOW (CHAIN 2).
Chain 1: Iteration:     1 / 12000 [  0%]  (Warmup)
Chain 2: 
Chain 2: Gradient evaluation took 0.000228 seconds
Chain 2: 1000 transitions using 10 leapfrog steps per transition would take 2.28 seconds.
Chain 2: Adjust your expectations accordingly!
Chain 2: 
Chain 2: 

SAMPLING FOR MODEL 'anon_model' NOW (CHAIN 3).
Chain 3: 
Chain 3: Gradient evaluation took 0.000273 seconds
Chain 3: 1000 transitions using 10 leapfrog steps per transition would take 2.73 seconds.
Chain 3: Adjust your expectations accordingly!
Chain 3: 
Chain 3: 

SAMPLING FOR MODEL 'anon_model' NOW (CHAIN 4).
Chain 2: Iteration:     1 / 12000 [  0%]  (Warmup)
Chain 4: 
Chain 4: Gradient evaluation took 0.000222 seconds
Chain 4: 1000 transitions using 10 leapfrog steps per transition would take 2.22 seconds.
Chain 4: Adjust your expectations accordingly!
Chain 4: 
Chain 4: 
Chain 3: Iteration:     1 / 12000 [  0%]  (Warmup)
Chain 4: Iteration:     1 / 12000 [  0%]  (Warmup)
Chain 2: Iteration:  1200 / 12000 [ 10%]  (Warmup)
Chain 1: Iteration:  1200 / 12000 [ 10%]  (Warmup)
Chain 3: Iteration:  1200 / 12000 [ 10%]  (Warmup)
Chain 4: Iteration:  1200 / 12000 [ 10%]  (Warmup)
Chain 2: Iteration:  2400 / 12000 [ 20%]  (Warmup)
Chain 1: Iteration:  2400 / 12000 [ 20%]  (Warmup)
Chain 3: Iteration:  2400 / 12000 [ 20%]  (Warmup)
Chain 4: Iteration:  2400 / 12000 [ 20%]  (Warmup)
Chain 2: Iteration:  3600 / 12000 [ 30%]  (Warmup)
Chain 1: Iteration:  3600 / 12000 [ 30%]  (Warmup)
Chain 3: Iteration:  3600 / 12000 [ 30%]  (Warmup)
Chain 4: Iteration:  3600 / 12000 [ 30%]  (Warmup)
Chain 1: Iteration:  4800 / 12000 [ 40%]  (Warmup)
Chain 2: Iteration:  4800 / 12000 [ 40%]  (Warmup)
Chain 3: Iteration:  4800 / 12000 [ 40%]  (Warmup)
Chain 4: Iteration:  4800 / 12000 [ 40%]  (Warmup)
Chain 1: Iteration:  6000 / 12000 [ 50%]  (Warmup)
Chain 1: Iteration:  6001 / 12000 [ 50%]  (Sampling)
Chain 2: Iteration:  6000 / 12000 [ 50%]  (Warmup)
Chain 2: Iteration:  6001 / 12000 [ 50%]  (Sampling)
Chain 3: Iteration:  6000 / 12000 [ 50%]  (Warmup)
Chain 3: Iteration:  6001 / 12000 [ 50%]  (Sampling)
Chain 4: Iteration:  6000 / 12000 [ 50%]  (Warmup)
Chain 4: Iteration:  6001 / 12000 [ 50%]  (Sampling)
Chain 1: Iteration:  7200 / 12000 [ 60%]  (Sampling)
Chain 3: Iteration:  7200 / 12000 [ 60%]  (Sampling)
Chain 4: Iteration:  7200 / 12000 [ 60%]  (Sampling)
Chain 1: Iteration:  8400 / 12000 [ 70%]  (Sampling)
Chain 3: Iteration:  8400 / 12000 [ 70%]  (Sampling)
Chain 2: Iteration:  7200 / 12000 [ 60%]  (Sampling)
Chain 3: Iteration:  9600 / 12000 [ 80%]  (Sampling)
Chain 1: Iteration:  9600 / 12000 [ 80%]  (Sampling)
Chain 4: Iteration:  8400 / 12000 [ 70%]  (Sampling)
Chain 3: Iteration: 10800 / 12000 [ 90%]  (Sampling)
Chain 2: Iteration:  8400 / 12000 [ 70%]  (Sampling)
Chain 1: Iteration: 10800 / 12000 [ 90%]  (Sampling)
Chain 4: Iteration:  9600 / 12000 [ 80%]  (Sampling)
Chain 3: Iteration: 12000 / 12000 [100%]  (Sampling)
Chain 3: 
Chain 3:  Elapsed Time: 34.644 seconds (Warm-up)
Chain 3:                28.37 seconds (Sampling)
Chain 3:                63.014 seconds (Total)
Chain 3: 
Chain 1: Iteration: 12000 / 12000 [100%]  (Sampling)
Chain 1: 
Chain 1:  Elapsed Time: 33.74 seconds (Warm-up)
Chain 1:                29.967 seconds (Sampling)
Chain 1:                63.707 seconds (Total)
Chain 1: 
Chain 4: Iteration: 10800 / 12000 [ 90%]  (Sampling)
Chain 2: Iteration:  9600 / 12000 [ 80%]  (Sampling)
Chain 4: Iteration: 12000 / 12000 [100%]  (Sampling)
Chain 4: 
Chain 4:  Elapsed Time: 35.577 seconds (Warm-up)
Chain 4:                40.201 seconds (Sampling)
Chain 4:                75.778 seconds (Total)
Chain 4: 
Chain 2: Iteration: 10800 / 12000 [ 90%]  (Sampling)
Chain 2: Iteration: 12000 / 12000 [100%]  (Sampling)
Chain 2: 
Chain 2:  Elapsed Time: 34.631 seconds (Warm-up)
Chain 2:                55.341 seconds (Sampling)
Chain 2:                89.972 seconds (Total)
Chain 2: 
Done!
Assumed model: m1 (model_index = 1 )
Fitting s0.json, 1/17

SAMPLING FOR MODEL 'anon_model' NOW (CHAIN 1).

SAMPLING FOR MODEL 'anon_model' NOW (CHAIN 2).
Chain 1: 
Chain 1: Gradient evaluation took 0.000238 seconds
Chain 1: 1000 transitions using 10 leapfrog steps per transition would take 2.38 seconds.
Chain 1: Adjust your expectations accordingly!
Chain 1: 
Chain 1: 
Chain 2: 
Chain 2: Gradient evaluation took 0.000232 seconds
Chain 2: 1000 transitions using 10 leapfrog steps per transition would take 2.32 seconds.
Chain 2: Adjust your expectations accordingly!
Chain 2: 
Chain 2: 

SAMPLING FOR MODEL 'anon_model' NOW (CHAIN 3).
Chain 1: Iteration:     1 / 12000 [  0%]  (Warmup)
Chain 3: 
Chain 3: Gradient evaluation took 0.000224 seconds
Chain 3: 1000 transitions using 10 leapfrog steps per transition would take 2.24 seconds.
Chain 3: Adjust your expectations accordingly!
Chain 3: 
Chain 3: 
Chain 2: Iteration:     1 / 12000 [  0%]  (Warmup)

SAMPLING FOR MODEL 'anon_model' NOW (CHAIN 4).
Chain 4: 
Chain 4: Gradient evaluation took 0.000229 seconds
Chain 4: 1000 transitions using 10 leapfrog steps per transition would take 2.29 seconds.
Chain 4: Adjust your expectations accordingly!
Chain 4: 
Chain 4: 
Chain 3: Iteration:     1 / 12000 [  0%]  (Warmup)
Chain 4: Iteration:     1 / 12000 [  0%]  (Warmup)
Chain 2: Iteration:  1200 / 12000 [ 10%]  (Warmup)
Chain 3: Iteration:  1200 / 12000 [ 10%]  (Warmup)
Chain 1: Iteration:  1200 / 12000 [ 10%]  (Warmup)
Chain 4: Iteration:  1200 / 12000 [ 10%]  (Warmup)
Chain 2: Iteration:  2400 / 12000 [ 20%]  (Warmup)
Chain 3: Iteration:  2400 / 12000 [ 20%]  (Warmup)
Chain 1: Iteration:  2400 / 12000 [ 20%]  (Warmup)
Chain 4: Iteration:  2400 / 12000 [ 20%]  (Warmup)
Chain 2: Iteration:  3600 / 12000 [ 30%]  (Warmup)
Chain 3: Iteration:  3600 / 12000 [ 30%]  (Warmup)
Chain 1: Iteration:  3600 / 12000 [ 30%]  (Warmup)
Chain 4: Iteration:  3600 / 12000 [ 30%]  (Warmup)
Chain 2: Iteration:  4800 / 12000 [ 40%]  (Warmup)
Chain 3: Iteration:  4800 / 12000 [ 40%]  (Warmup)
Chain 4: Iteration:  4800 / 12000 [ 40%]  (Warmup)
Chain 1: Iteration:  4800 / 12000 [ 40%]  (Warmup)
Chain 2: Iteration:  6000 / 12000 [ 50%]  (Warmup)
Chain 2: Iteration:  6001 / 12000 [ 50%]  (Sampling)
Chain 3: Iteration:  6000 / 12000 [ 50%]  (Warmup)
Chain 3: Iteration:  6001 / 12000 [ 50%]  (Sampling)
Chain 4: Iteration:  6000 / 12000 [ 50%]  (Warmup)
Chain 4: Iteration:  6001 / 12000 [ 50%]  (Sampling)
Chain 1: Iteration:  6000 / 12000 [ 50%]  (Warmup)
Chain 1: Iteration:  6001 / 12000 [ 50%]  (Sampling)
Chain 4: Iteration:  7200 / 12000 [ 60%]  (Sampling)
Chain 3: Iteration:  7200 / 12000 [ 60%]  (Sampling)
Chain 2: Iteration:  7200 / 12000 [ 60%]  (Sampling)
Chain 1: Iteration:  7200 / 12000 [ 60%]  (Sampling)
Chain 4: Iteration:  8400 / 12000 [ 70%]  (Sampling)
Chain 3: Iteration:  8400 / 12000 [ 70%]  (Sampling)
Chain 4: Iteration:  9600 / 12000 [ 80%]  (Sampling)
Chain 1: Iteration:  8400 / 12000 [ 70%]  (Sampling)
Chain 3: Iteration:  9600 / 12000 [ 80%]  (Sampling)
Chain 2: Iteration:  8400 / 12000 [ 70%]  (Sampling)
Chain 4: Iteration: 10800 / 12000 [ 90%]  (Sampling)
Chain 3: Iteration: 10800 / 12000 [ 90%]  (Sampling)
Chain 4: Iteration: 12000 / 12000 [100%]  (Sampling)
Chain 4: 
Chain 4:  Elapsed Time: 30.111 seconds (Warm-up)
Chain 4:                26.145 seconds (Sampling)
Chain 4:                56.256 seconds (Total)
Chain 4: 
Chain 1: Iteration:  9600 / 12000 [ 80%]  (Sampling)
Chain 2: Iteration:  9600 / 12000 [ 80%]  (Sampling)
Chain 3: Iteration: 12000 / 12000 [100%]  (Sampling)
Chain 3: 
Chain 3:  Elapsed Time: 29.292 seconds (Warm-up)
Chain 3:                32.577 seconds (Sampling)
Chain 3:                61.869 seconds (Total)
Chain 3: 
Chain 1: Iteration: 10800 / 12000 [ 90%]  (Sampling)
Chain 2: Iteration: 10800 / 12000 [ 90%]  (Sampling)
Chain 1: Iteration: 12000 / 12000 [100%]  (Sampling)
Chain 1: 
Chain 1:  Elapsed Time: 30.341 seconds (Warm-up)
Chain 1:                45.673 seconds (Sampling)
Chain 1:                76.014 seconds (Total)
Chain 1: 
Chain 2: Iteration: 12000 / 12000 [100%]  (Sampling)
Chain 2: 
Chain 2:  Elapsed Time: 29.193 seconds (Warm-up)
Chain 2:                49.223 seconds (Sampling)
Chain 2:                78.416 seconds (Total)
Chain 2: 
Done!
Fitting s1.json, 2/17

SAMPLING FOR MODEL 'anon_model' NOW (CHAIN 1).
Chain 1: 
Chain 1: Gradient evaluation took 0.000247 seconds
Chain 1: 1000 transitions using 10 leapfrog steps per transition would take 2.47 seconds.
Chain 1: Adjust your expectations accordingly!
Chain 1: 
Chain 1: 

SAMPLING FOR MODEL 'anon_model' NOW (CHAIN 2).
Chain 2: 
Chain 2: Gradient evaluation took 0.000235 seconds
Chain 2: 1000 transitions using 10 leapfrog steps per transition would take 2.35 seconds.
Chain 2: Adjust your expectations accordingly!
Chain 2: 
Chain 2: 
Chain 1: Iteration:     1 / 12000 [  0%]  (Warmup)

SAMPLING FOR MODEL 'anon_model' NOW (CHAIN 3).
Chain 2: Iteration:     1 / 12000 [  0%]  (Warmup)

SAMPLING FOR MODEL 'anon_model' NOW (CHAIN 4).
Chain 3: 
Chain 3: Gradient evaluation took 0.000225 seconds
Chain 3: 1000 transitions using 10 leapfrog steps per transition would take 2.25 seconds.
Chain 3: Adjust your expectations accordingly!
Chain 3: 
Chain 3: 
Chain 4: 
Chain 4: Gradient evaluation took 0.00022 seconds
Chain 4: 1000 transitions using 10 leapfrog steps per transition would take 2.2 seconds.
Chain 4: Adjust your expectations accordingly!
Chain 4: 
Chain 4: 
Chain 4: Iteration:     1 / 12000 [  0%]  (Warmup)
Chain 3: Iteration:     1 / 12000 [  0%]  (Warmup)
Chain 2: Iteration:  1200 / 12000 [ 10%]  (Warmup)
Chain 3: Iteration:  1200 / 12000 [ 10%]  (Warmup)
Chain 1: Iteration:  1200 / 12000 [ 10%]  (Warmup)
Chain 4: Iteration:  1200 / 12000 [ 10%]  (Warmup)
Chain 2: Iteration:  2400 / 12000 [ 20%]  (Warmup)
Chain 3: Iteration:  2400 / 12000 [ 20%]  (Warmup)
Chain 1: Iteration:  2400 / 12000 [ 20%]  (Warmup)
Chain 4: Iteration:  2400 / 12000 [ 20%]  (Warmup)
Chain 2: Iteration:  3600 / 12000 [ 30%]  (Warmup)
Chain 3: Iteration:  3600 / 12000 [ 30%]  (Warmup)
Chain 1: Iteration:  3600 / 12000 [ 30%]  (Warmup)
Chain 4: Iteration:  3600 / 12000 [ 30%]  (Warmup)
Chain 3: Iteration:  4800 / 12000 [ 40%]  (Warmup)
Chain 2: Iteration:  4800 / 12000 [ 40%]  (Warmup)
Chain 1: Iteration:  4800 / 12000 [ 40%]  (Warmup)
Chain 4: Iteration:  4800 / 12000 [ 40%]  (Warmup)
Chain 3: Iteration:  6000 / 12000 [ 50%]  (Warmup)
Chain 3: Iteration:  6001 / 12000 [ 50%]  (Sampling)
Chain 2: Iteration:  6000 / 12000 [ 50%]  (Warmup)
Chain 2: Iteration:  6001 / 12000 [ 50%]  (Sampling)
Chain 1: Iteration:  6000 / 12000 [ 50%]  (Warmup)
Chain 1: Iteration:  6001 / 12000 [ 50%]  (Sampling)
Chain 4: Iteration:  6000 / 12000 [ 50%]  (Warmup)
Chain 4: Iteration:  6001 / 12000 [ 50%]  (Sampling)
Chain 2: Iteration:  7200 / 12000 [ 60%]  (Sampling)
Chain 1: Iteration:  7200 / 12000 [ 60%]  (Sampling)
Chain 3: Iteration:  7200 / 12000 [ 60%]  (Sampling)
Chain 2: Iteration:  8400 / 12000 [ 70%]  (Sampling)
Chain 4: Iteration:  7200 / 12000 [ 60%]  (Sampling)
Chain 1: Iteration:  8400 / 12000 [ 70%]  (Sampling)
Chain 2: Iteration:  9600 / 12000 [ 80%]  (Sampling)
Chain 3: Iteration:  8400 / 12000 [ 70%]  (Sampling)
Chain 1: Iteration:  9600 / 12000 [ 80%]  (Sampling)
Chain 4: Iteration:  8400 / 12000 [ 70%]  (Sampling)
Chain 2: Iteration: 10800 / 12000 [ 90%]  (Sampling)
Chain 3: Iteration:  9600 / 12000 [ 80%]  (Sampling)
Chain 1: Iteration: 10800 / 12000 [ 90%]  (Sampling)
Chain 2: Iteration: 12000 / 12000 [100%]  (Sampling)
Chain 2: 
Chain 2:  Elapsed Time: 20.651 seconds (Warm-up)
Chain 2:                19.976 seconds (Sampling)
Chain 2:                40.627 seconds (Total)
Chain 2: 
Chain 4: Iteration:  9600 / 12000 [ 80%]  (Sampling)
Chain 1: Iteration: 12000 / 12000 [100%]  (Sampling)
Chain 1: 
Chain 1:  Elapsed Time: 21.597 seconds (Warm-up)
Chain 1:                22.169 seconds (Sampling)
Chain 1:                43.766 seconds (Total)
Chain 1: 
Chain 3: Iteration: 10800 / 12000 [ 90%]  (Sampling)
Chain 4: Iteration: 10800 / 12000 [ 90%]  (Sampling)
Chain 3: Iteration: 12000 / 12000 [100%]  (Sampling)
Chain 3: 
Chain 3:  Elapsed Time: 20.568 seconds (Warm-up)
Chain 3:                30.879 seconds (Sampling)
Chain 3:                51.447 seconds (Total)
Chain 3: 
Chain 4: Iteration: 12000 / 12000 [100%]  (Sampling)
Chain 4: 
Chain 4:  Elapsed Time: 22.394 seconds (Warm-up)
Chain 4:                33.814 seconds (Sampling)
Chain 4:                56.208 seconds (Total)
Chain 4: 
Done!
Fitting s10.json, 3/17

SAMPLING FOR MODEL 'anon_model' NOW (CHAIN 1).
Chain 1: 
Chain 1: Gradient evaluation took 0.000251 seconds
Chain 1: 1000 transitions using 10 leapfrog steps per transition would take 2.51 seconds.
Chain 1: Adjust your expectations accordingly!
Chain 1: 
Chain 1: 
Chain 1: Iteration:     1 / 12000 [  0%]  (Warmup)

SAMPLING FOR MODEL 'anon_model' NOW (CHAIN 2).
Chain 2: 
Chain 2: Gradient evaluation took 0.0004 seconds
Chain 2: 1000 transitions using 10 leapfrog steps per transition would take 4 seconds.
Chain 2: Adjust your expectations accordingly!
Chain 2: 
Chain 2: 

SAMPLING FOR MODEL 'anon_model' NOW (CHAIN 3).

SAMPLING FOR MODEL 'anon_model' NOW (CHAIN 4).
Chain 2: Iteration:     1 / 12000 [  0%]  (Warmup)
Chain 3: 
Chain 3: Gradient evaluation took 0.000246 seconds
Chain 3: 1000 transitions using 10 leapfrog steps per transition would take 2.46 seconds.
Chain 3: Adjust your expectations accordingly!
Chain 3: 
Chain 3: 
Chain 4: 
Chain 4: Gradient evaluation took 0.000282 seconds
Chain 4: 1000 transitions using 10 leapfrog steps per transition would take 2.82 seconds.
Chain 4: Adjust your expectations accordingly!
Chain 4: 
Chain 4: 
Chain 3: Iteration:     1 / 12000 [  0%]  (Warmup)
Chain 4: Iteration:     1 / 12000 [  0%]  (Warmup)
Chain 1: Iteration:  1200 / 12000 [ 10%]  (Warmup)
Chain 4: Iteration:  1200 / 12000 [ 10%]  (Warmup)
Chain 3: Iteration:  1200 / 12000 [ 10%]  (Warmup)
Chain 2: Iteration:  1200 / 12000 [ 10%]  (Warmup)
Chain 1: Iteration:  2400 / 12000 [ 20%]  (Warmup)
Chain 4: Iteration:  2400 / 12000 [ 20%]  (Warmup)
Chain 3: Iteration:  2400 / 12000 [ 20%]  (Warmup)
Chain 2: Iteration:  2400 / 12000 [ 20%]  (Warmup)
Chain 1: Iteration:  3600 / 12000 [ 30%]  (Warmup)
Chain 3: Iteration:  3600 / 12000 [ 30%]  (Warmup)
Chain 4: Iteration:  3600 / 12000 [ 30%]  (Warmup)
Chain 2: Iteration:  3600 / 12000 [ 30%]  (Warmup)
Chain 1: Iteration:  4800 / 12000 [ 40%]  (Warmup)
Chain 3: Iteration:  4800 / 12000 [ 40%]  (Warmup)
Chain 4: Iteration:  4800 / 12000 [ 40%]  (Warmup)
Chain 2: Iteration:  4800 / 12000 [ 40%]  (Warmup)
Chain 1: Iteration:  6000 / 12000 [ 50%]  (Warmup)
Chain 1: Iteration:  6001 / 12000 [ 50%]  (Sampling)
Chain 3: Iteration:  6000 / 12000 [ 50%]  (Warmup)
Chain 3: Iteration:  6001 / 12000 [ 50%]  (Sampling)
Chain 4: Iteration:  6000 / 12000 [ 50%]  (Warmup)
Chain 4: Iteration:  6001 / 12000 [ 50%]  (Sampling)
Chain 2: Iteration:  6000 / 12000 [ 50%]  (Warmup)
Chain 2: Iteration:  6001 / 12000 [ 50%]  (Sampling)
Chain 1: Iteration:  7200 / 12000 [ 60%]  (Sampling)
Chain 3: Iteration:  7200 / 12000 [ 60%]  (Sampling)
Chain 2: Iteration:  7200 / 12000 [ 60%]  (Sampling)
Chain 4: Iteration:  7200 / 12000 [ 60%]  (Sampling)
Chain 1: Iteration:  8400 / 12000 [ 70%]  (Sampling)
Chain 2: Iteration:  8400 / 12000 [ 70%]  (Sampling)
Chain 3: Iteration:  8400 / 12000 [ 70%]  (Sampling)
Chain 4: Iteration:  8400 / 12000 [ 70%]  (Sampling)
Chain 2: Iteration:  9600 / 12000 [ 80%]  (Sampling)
Chain 1: Iteration:  9600 / 12000 [ 80%]  (Sampling)
Chain 3: Iteration:  9600 / 12000 [ 80%]  (Sampling)
Chain 2: Iteration: 10800 / 12000 [ 90%]  (Sampling)
Chain 1: Iteration: 10800 / 12000 [ 90%]  (Sampling)
Chain 4: Iteration:  9600 / 12000 [ 80%]  (Sampling)
Chain 3: Iteration: 10800 / 12000 [ 90%]  (Sampling)
Chain 2: Iteration: 12000 / 12000 [100%]  (Sampling)
Chain 2: 
Chain 2:  Elapsed Time: 19.662 seconds (Warm-up)
Chain 2:                16.379 seconds (Sampling)
Chain 2:                36.041 seconds (Total)
Chain 2: 
Chain 1: Iteration: 12000 / 12000 [100%]  (Sampling)
Chain 1: 
Chain 1:  Elapsed Time: 18.521 seconds (Warm-up)
Chain 1:                18.387 seconds (Sampling)
Chain 1:                36.908 seconds (Total)
Chain 1: 
Chain 3: Iteration: 12000 / 12000 [100%]  (Sampling)
Chain 3: 
Chain 3:  Elapsed Time: 18.58 seconds (Warm-up)
Chain 3:                19.944 seconds (Sampling)
Chain 3:                38.524 seconds (Total)
Chain 3: 
Chain 4: Iteration: 10800 / 12000 [ 90%]  (Sampling)
Chain 4: Iteration: 12000 / 12000 [100%]  (Sampling)
Chain 4: 
Chain 4:  Elapsed Time: 19.039 seconds (Warm-up)
Chain 4:                25.429 seconds (Sampling)
Chain 4:                44.468 seconds (Total)
Chain 4: 
Done!
Fitting s11.json, 4/17

SAMPLING FOR MODEL 'anon_model' NOW (CHAIN 1).
Chain 1: 
Chain 1: Gradient evaluation took 0.000269 seconds
Chain 1: 1000 transitions using 10 leapfrog steps per transition would take 2.69 seconds.
Chain 1: Adjust your expectations accordingly!
Chain 1: 
Chain 1: 
Chain 1: Iteration:     1 / 12000 [  0%]  (Warmup)

SAMPLING FOR MODEL 'anon_model' NOW (CHAIN 2).
Chain 2: 
Chain 2: Gradient evaluation took 0.00024 seconds
Chain 2: 1000 transitions using 10 leapfrog steps per transition would take 2.4 seconds.
Chain 2: Adjust your expectations accordingly!
Chain 2: 
Chain 2: 

SAMPLING FOR MODEL 'anon_model' NOW (CHAIN 3).
Chain 3: 
Chain 3: Gradient evaluation took 0.000238 seconds
Chain 3: 1000 transitions using 10 leapfrog steps per transition would take 2.38 seconds.
Chain 3: Adjust your expectations accordingly!
Chain 3: 
Chain 3: 
Chain 2: Iteration:     1 / 12000 [  0%]  (Warmup)

SAMPLING FOR MODEL 'anon_model' NOW (CHAIN 4).
Chain 3: Iteration:     1 / 12000 [  0%]  (Warmup)
Chain 4: 
Chain 4: Gradient evaluation took 0.000245 seconds
Chain 4: 1000 transitions using 10 leapfrog steps per transition would take 2.45 seconds.
Chain 4: Adjust your expectations accordingly!
Chain 4: 
Chain 4: 
Chain 4: Iteration:     1 / 12000 [  0%]  (Warmup)
Chain 1: Iteration:  1200 / 12000 [ 10%]  (Warmup)
Chain 2: Iteration:  1200 / 12000 [ 10%]  (Warmup)
Chain 3: Iteration:  1200 / 12000 [ 10%]  (Warmup)
Chain 4: Iteration:  1200 / 12000 [ 10%]  (Warmup)
Chain 1: Iteration:  2400 / 12000 [ 20%]  (Warmup)
Chain 2: Iteration:  2400 / 12000 [ 20%]  (Warmup)
Chain 3: Iteration:  2400 / 12000 [ 20%]  (Warmup)
Chain 4: Iteration:  2400 / 12000 [ 20%]  (Warmup)
Chain 1: Iteration:  3600 / 12000 [ 30%]  (Warmup)
Chain 2: Iteration:  3600 / 12000 [ 30%]  (Warmup)
Chain 3: Iteration:  3600 / 12000 [ 30%]  (Warmup)
Chain 4: Iteration:  3600 / 12000 [ 30%]  (Warmup)
Chain 1: Iteration:  4800 / 12000 [ 40%]  (Warmup)
Chain 4: Iteration:  4800 / 12000 [ 40%]  (Warmup)
Chain 3: Iteration:  4800 / 12000 [ 40%]  (Warmup)
Chain 2: Iteration:  4800 / 12000 [ 40%]  (Warmup)
Chain 1: Iteration:  6000 / 12000 [ 50%]  (Warmup)
Chain 1: Iteration:  6001 / 12000 [ 50%]  (Sampling)
Chain 4: Iteration:  6000 / 12000 [ 50%]  (Warmup)
Chain 4: Iteration:  6001 / 12000 [ 50%]  (Sampling)
Chain 2: Iteration:  6000 / 12000 [ 50%]  (Warmup)
Chain 2: Iteration:  6001 / 12000 [ 50%]  (Sampling)
Chain 3: Iteration:  6000 / 12000 [ 50%]  (Warmup)
Chain 3: Iteration:  6001 / 12000 [ 50%]  (Sampling)
Chain 4: Iteration:  7200 / 12000 [ 60%]  (Sampling)
Chain 1: Iteration:  7200 / 12000 [ 60%]  (Sampling)
Chain 2: Iteration:  7200 / 12000 [ 60%]  (Sampling)
Chain 3: Iteration:  7200 / 12000 [ 60%]  (Sampling)
Chain 4: Iteration:  8400 / 12000 [ 70%]  (Sampling)
Chain 2: Iteration:  8400 / 12000 [ 70%]  (Sampling)
Chain 1: Iteration:  8400 / 12000 [ 70%]  (Sampling)
Chain 4: Iteration:  9600 / 12000 [ 80%]  (Sampling)
Chain 3: Iteration:  8400 / 12000 [ 70%]  (Sampling)
Chain 2: Iteration:  9600 / 12000 [ 80%]  (Sampling)
Chain 1: Iteration:  9600 / 12000 [ 80%]  (Sampling)
Chain 4: Iteration: 10800 / 12000 [ 90%]  (Sampling)
Chain 2: Iteration: 10800 / 12000 [ 90%]  (Sampling)
Chain 1: Iteration: 10800 / 12000 [ 90%]  (Sampling)
Chain 4: Iteration: 12000 / 12000 [100%]  (Sampling)
Chain 4: 
Chain 4:  Elapsed Time: 27.313 seconds (Warm-up)
Chain 4:                26.404 seconds (Sampling)
Chain 4:                53.717 seconds (Total)
Chain 4: 
Chain 3: Iteration:  9600 / 12000 [ 80%]  (Sampling)
Chain 2: Iteration: 12000 / 12000 [100%]  (Sampling)
Chain 2: 
Chain 2:  Elapsed Time: 27.449 seconds (Warm-up)
Chain 2:                31.751 seconds (Sampling)
Chain 2:                59.2 seconds (Total)
Chain 2: 
Chain 1: Iteration: 12000 / 12000 [100%]  (Sampling)
Chain 1: 
Chain 1:  Elapsed Time: 27.129 seconds (Warm-up)
Chain 1:                32.713 seconds (Sampling)
Chain 1:                59.842 seconds (Total)
Chain 1: 
Chain 3: Iteration: 10800 / 12000 [ 90%]  (Sampling)
Chain 3: Iteration: 12000 / 12000 [100%]  (Sampling)
Chain 3: 
Chain 3:  Elapsed Time: 27.722 seconds (Warm-up)
Chain 3:                44.321 seconds (Sampling)
Chain 3:                72.043 seconds (Total)
Chain 3: 
Done!
Fitting s12.json, 5/17

SAMPLING FOR MODEL 'anon_model' NOW (CHAIN 1).
Chain 1: 
Chain 1: Gradient evaluation took 0.000282 seconds
Chain 1: 1000 transitions using 10 leapfrog steps per transition would take 2.82 seconds.
Chain 1: Adjust your expectations accordingly!
Chain 1: 
Chain 1: 

SAMPLING FOR MODEL 'anon_model' NOW (CHAIN 2).

SAMPLING FOR MODEL 'anon_model' NOW (CHAIN 3).
Chain 2: 
Chain 2: Gradient evaluation took 0.000253 seconds
Chain 2: 1000 transitions using 10 leapfrog steps per transition would take 2.53 seconds.
Chain 2: Adjust your expectations accordingly!
Chain 2: 
Chain 2: 
Chain 3: 
Chain 3: Gradient evaluation took 0.001564 seconds
Chain 3: 1000 transitions using 10 leapfrog steps per transition would take 15.64 seconds.
Chain 3: Adjust your expectations accordingly!
Chain 3: 
Chain 3: 

SAMPLING FOR MODEL 'anon_model' NOW (CHAIN 4).
Chain 1: Iteration:     1 / 12000 [  0%]  (Warmup)
Chain 4: 
Chain 4: Gradient evaluation took 0.000216 seconds
Chain 4: 1000 transitions using 10 leapfrog steps per transition would take 2.16 seconds.
Chain 4: Adjust your expectations accordingly!
Chain 4: 
Chain 4: 
Chain 2: Iteration:     1 / 12000 [  0%]  (Warmup)
Chain 3: Iteration:     1 / 12000 [  0%]  (Warmup)
Chain 4: Iteration:     1 / 12000 [  0%]  (Warmup)
Chain 3: Iteration:  1200 / 12000 [ 10%]  (Warmup)
Chain 1: Iteration:  1200 / 12000 [ 10%]  (Warmup)
Chain 4: Iteration:  1200 / 12000 [ 10%]  (Warmup)
Chain 2: Iteration:  1200 / 12000 [ 10%]  (Warmup)
Chain 3: Iteration:  2400 / 12000 [ 20%]  (Warmup)
Chain 1: Iteration:  2400 / 12000 [ 20%]  (Warmup)
Chain 2: Iteration:  2400 / 12000 [ 20%]  (Warmup)
Chain 4: Iteration:  2400 / 12000 [ 20%]  (Warmup)
Chain 3: Iteration:  3600 / 12000 [ 30%]  (Warmup)
Chain 1: Iteration:  3600 / 12000 [ 30%]  (Warmup)
Chain 4: Iteration:  3600 / 12000 [ 30%]  (Warmup)
Chain 2: Iteration:  3600 / 12000 [ 30%]  (Warmup)
Chain 3: Iteration:  4800 / 12000 [ 40%]  (Warmup)
Chain 4: Iteration:  4800 / 12000 [ 40%]  (Warmup)
Chain 1: Iteration:  4800 / 12000 [ 40%]  (Warmup)
Chain 2: Iteration:  4800 / 12000 [ 40%]  (Warmup)
Chain 3: Iteration:  6000 / 12000 [ 50%]  (Warmup)
Chain 3: Iteration:  6001 / 12000 [ 50%]  (Sampling)
Chain 1: Iteration:  6000 / 12000 [ 50%]  (Warmup)
Chain 1: Iteration:  6001 / 12000 [ 50%]  (Sampling)
Chain 4: Iteration:  6000 / 12000 [ 50%]  (Warmup)
Chain 4: Iteration:  6001 / 12000 [ 50%]  (Sampling)
Chain 2: Iteration:  6000 / 12000 [ 50%]  (Warmup)
Chain 2: Iteration:  6001 / 12000 [ 50%]  (Sampling)
Chain 1: Iteration:  7200 / 12000 [ 60%]  (Sampling)
Chain 2: Iteration:  7200 / 12000 [ 60%]  (Sampling)
Chain 3: Iteration:  7200 / 12000 [ 60%]  (Sampling)
Chain 4: Iteration:  7200 / 12000 [ 60%]  (Sampling)
Chain 1: Iteration:  8400 / 12000 [ 70%]  (Sampling)
Chain 2: Iteration:  8400 / 12000 [ 70%]  (Sampling)
Chain 1: Iteration:  9600 / 12000 [ 80%]  (Sampling)
Chain 3: Iteration:  8400 / 12000 [ 70%]  (Sampling)
Chain 2: Iteration:  9600 / 12000 [ 80%]  (Sampling)
Chain 4: Iteration:  8400 / 12000 [ 70%]  (Sampling)
Chain 1: Iteration: 10800 / 12000 [ 90%]  (Sampling)
Chain 1: Iteration: 12000 / 12000 [100%]  (Sampling)
Chain 1: 
Chain 1:  Elapsed Time: 21.54 seconds (Warm-up)
Chain 1:                17.998 seconds (Sampling)
Chain 1:                39.538 seconds (Total)
Chain 1: 
Chain 2: Iteration: 10800 / 12000 [ 90%]  (Sampling)
Chain 3: Iteration:  9600 / 12000 [ 80%]  (Sampling)
Chain 4: Iteration:  9600 / 12000 [ 80%]  (Sampling)
Chain 2: Iteration: 12000 / 12000 [100%]  (Sampling)
Chain 2: 
Chain 2:  Elapsed Time: 21.848 seconds (Warm-up)
Chain 2:                22.477 seconds (Sampling)
Chain 2:                44.325 seconds (Total)
Chain 2: 
Chain 3: Iteration: 10800 / 12000 [ 90%]  (Sampling)
Chain 4: Iteration: 10800 / 12000 [ 90%]  (Sampling)
Chain 3: Iteration: 12000 / 12000 [100%]  (Sampling)
Chain 3: 
Chain 3:  Elapsed Time: 21.411 seconds (Warm-up)
Chain 3:                31.014 seconds (Sampling)
Chain 3:                52.425 seconds (Total)
Chain 3: 
Chain 4: Iteration: 12000 / 12000 [100%]  (Sampling)
Chain 4: 
Chain 4:  Elapsed Time: 21.667 seconds (Warm-up)
Chain 4:                34.184 seconds (Sampling)
Chain 4:                55.851 seconds (Total)
Chain 4: 
Done!
Fitting s13.json, 6/17

SAMPLING FOR MODEL 'anon_model' NOW (CHAIN 1).

SAMPLING FOR MODEL 'anon_model' NOW (CHAIN 2).
Chain 1: 
Chain 1: Gradient evaluation took 0.000247 seconds
Chain 1: 1000 transitions using 10 leapfrog steps per transition would take 2.47 seconds.
Chain 1: Adjust your expectations accordingly!
Chain 1: 
Chain 1: 
Chain 2: 
Chain 2: Gradient evaluation took 0.000226 seconds
Chain 2: 1000 transitions using 10 leapfrog steps per transition would take 2.26 seconds.
Chain 2: Adjust your expectations accordingly!
Chain 2: 
Chain 2: 

SAMPLING FOR MODEL 'anon_model' NOW (CHAIN 3).
Chain 1: Iteration:     1 / 12000 [  0%]  (Warmup)
Chain 3: 
Chain 3: Gradient evaluation took 0.000228 seconds
Chain 3: 1000 transitions using 10 leapfrog steps per transition would take 2.28 seconds.
Chain 3: Adjust your expectations accordingly!
Chain 3: 
Chain 3: 
Chain 2: Iteration:     1 / 12000 [  0%]  (Warmup)

SAMPLING FOR MODEL 'anon_model' NOW (CHAIN 4).
Chain 3: Iteration:     1 / 12000 [  0%]  (Warmup)
Chain 4: 
Chain 4: Gradient evaluation took 0.00035 seconds
Chain 4: 1000 transitions using 10 leapfrog steps per transition would take 3.5 seconds.
Chain 4: Adjust your expectations accordingly!
Chain 4: 
Chain 4: 
Chain 4: Iteration:     1 / 12000 [  0%]  (Warmup)
Chain 2: Iteration:  1200 / 12000 [ 10%]  (Warmup)
Chain 3: Iteration:  1200 / 12000 [ 10%]  (Warmup)
Chain 1: Iteration:  1200 / 12000 [ 10%]  (Warmup)
Chain 4: Iteration:  1200 / 12000 [ 10%]  (Warmup)
Chain 2: Iteration:  2400 / 12000 [ 20%]  (Warmup)
Chain 1: Iteration:  2400 / 12000 [ 20%]  (Warmup)
Chain 3: Iteration:  2400 / 12000 [ 20%]  (Warmup)
Chain 4: Iteration:  2400 / 12000 [ 20%]  (Warmup)
Chain 2: Iteration:  3600 / 12000 [ 30%]  (Warmup)
Chain 3: Iteration:  3600 / 12000 [ 30%]  (Warmup)
Chain 1: Iteration:  3600 / 12000 [ 30%]  (Warmup)
Chain 4: Iteration:  3600 / 12000 [ 30%]  (Warmup)
Chain 2: Iteration:  4800 / 12000 [ 40%]  (Warmup)
Chain 3: Iteration:  4800 / 12000 [ 40%]  (Warmup)
Chain 1: Iteration:  4800 / 12000 [ 40%]  (Warmup)
Chain 4: Iteration:  4800 / 12000 [ 40%]  (Warmup)
Chain 3: Iteration:  6000 / 12000 [ 50%]  (Warmup)
Chain 3: Iteration:  6001 / 12000 [ 50%]  (Sampling)
Chain 2: Iteration:  6000 / 12000 [ 50%]  (Warmup)
Chain 2: Iteration:  6001 / 12000 [ 50%]  (Sampling)
Chain 1: Iteration:  6000 / 12000 [ 50%]  (Warmup)
Chain 1: Iteration:  6001 / 12000 [ 50%]  (Sampling)
Chain 4: Iteration:  6000 / 12000 [ 50%]  (Warmup)
Chain 4: Iteration:  6001 / 12000 [ 50%]  (Sampling)
Chain 3: Iteration:  7200 / 12000 [ 60%]  (Sampling)
Chain 4: Iteration:  7200 / 12000 [ 60%]  (Sampling)
Chain 1: Iteration:  7200 / 12000 [ 60%]  (Sampling)
Chain 2: Iteration:  7200 / 12000 [ 60%]  (Sampling)
Chain 3: Iteration:  8400 / 12000 [ 70%]  (Sampling)
Chain 4: Iteration:  8400 / 12000 [ 70%]  (Sampling)
Chain 1: Iteration:  8400 / 12000 [ 70%]  (Sampling)
Chain 3: Iteration:  9600 / 12000 [ 80%]  (Sampling)
Chain 4: Iteration:  9600 / 12000 [ 80%]  (Sampling)
Chain 2: Iteration:  8400 / 12000 [ 70%]  (Sampling)
Chain 3: Iteration: 10800 / 12000 [ 90%]  (Sampling)
Chain 4: Iteration: 10800 / 12000 [ 90%]  (Sampling)
Chain 1: Iteration:  9600 / 12000 [ 80%]  (Sampling)
Chain 3: Iteration: 12000 / 12000 [100%]  (Sampling)
Chain 3: 
Chain 3:  Elapsed Time: 25.289 seconds (Warm-up)
Chain 3:                23.672 seconds (Sampling)
Chain 3:                48.961 seconds (Total)
Chain 3: 
Chain 4: Iteration: 12000 / 12000 [100%]  (Sampling)
Chain 4: 
Chain 4:  Elapsed Time: 26.267 seconds (Warm-up)
Chain 4:                22.79 seconds (Sampling)
Chain 4:                49.057 seconds (Total)
Chain 4: 
Chain 2: Iteration:  9600 / 12000 [ 80%]  (Sampling)
Chain 1: Iteration: 10800 / 12000 [ 90%]  (Sampling)
Chain 1: Iteration: 12000 / 12000 [100%]  (Sampling)
Chain 1: 
Chain 1:  Elapsed Time: 26.022 seconds (Warm-up)
Chain 1:                33.046 seconds (Sampling)
Chain 1:                59.068 seconds (Total)
Chain 1: 
Chain 2: Iteration: 10800 / 12000 [ 90%]  (Sampling)
Chain 2: Iteration: 12000 / 12000 [100%]  (Sampling)
Chain 2: 
Chain 2:  Elapsed Time: 25.382 seconds (Warm-up)
Chain 2:                42.821 seconds (Sampling)
Chain 2:                68.203 seconds (Total)
Chain 2: 
Done!
Fitting s14.json, 7/17

SAMPLING FOR MODEL 'anon_model' NOW (CHAIN 1).

SAMPLING FOR MODEL 'anon_model' NOW (CHAIN 2).
Chain 1: 
Chain 1: Gradient evaluation took 0.000245 seconds
Chain 1: 1000 transitions using 10 leapfrog steps per transition would take 2.45 seconds.
Chain 1: Adjust your expectations accordingly!
Chain 1: 
Chain 1: 
Chain 2: 
Chain 2: Gradient evaluation took 0.000232 seconds
Chain 2: 1000 transitions using 10 leapfrog steps per transition would take 2.32 seconds.
Chain 2: Adjust your expectations accordingly!
Chain 2: 
Chain 2: 

SAMPLING FOR MODEL 'anon_model' NOW (CHAIN 3).
Chain 1: Iteration:     1 / 12000 [  0%]  (Warmup)

SAMPLING FOR MODEL 'anon_model' NOW (CHAIN 4).
Chain 3: 
Chain 3: Gradient evaluation took 0.000226 seconds
Chain 3: 1000 transitions using 10 leapfrog steps per transition would take 2.26 seconds.
Chain 3: Adjust your expectations accordingly!
Chain 3: 
Chain 3: 
Chain 2: Iteration:     1 / 12000 [  0%]  (Warmup)
Chain 4: 
Chain 4: Gradient evaluation took 0.000217 seconds
Chain 4: 1000 transitions using 10 leapfrog steps per transition would take 2.17 seconds.
Chain 4: Adjust your expectations accordingly!
Chain 4: 
Chain 4: 
Chain 3: Iteration:     1 / 12000 [  0%]  (Warmup)
Chain 4: Iteration:     1 / 12000 [  0%]  (Warmup)
Chain 4: Iteration:  1200 / 12000 [ 10%]  (Warmup)
Chain 1: Iteration:  1200 / 12000 [ 10%]  (Warmup)
Chain 2: Iteration:  1200 / 12000 [ 10%]  (Warmup)
Chain 3: Iteration:  1200 / 12000 [ 10%]  (Warmup)
Chain 1: Iteration:  2400 / 12000 [ 20%]  (Warmup)
Chain 4: Iteration:  2400 / 12000 [ 20%]  (Warmup)
Chain 2: Iteration:  2400 / 12000 [ 20%]  (Warmup)
Chain 3: Iteration:  2400 / 12000 [ 20%]  (Warmup)
Chain 4: Iteration:  3600 / 12000 [ 30%]  (Warmup)
Chain 1: Iteration:  3600 / 12000 [ 30%]  (Warmup)
Chain 2: Iteration:  3600 / 12000 [ 30%]  (Warmup)
Chain 3: Iteration:  3600 / 12000 [ 30%]  (Warmup)
Chain 4: Iteration:  4800 / 12000 [ 40%]  (Warmup)
Chain 1: Iteration:  4800 / 12000 [ 40%]  (Warmup)
Chain 2: Iteration:  4800 / 12000 [ 40%]  (Warmup)
Chain 3: Iteration:  4800 / 12000 [ 40%]  (Warmup)
Chain 4: Iteration:  6000 / 12000 [ 50%]  (Warmup)
Chain 2: Iteration:  6000 / 12000 [ 50%]  (Warmup)
Chain 4: Iteration:  6001 / 12000 [ 50%]  (Sampling)
Chain 2: Iteration:  6001 / 12000 [ 50%]  (Sampling)
Chain 1: Iteration:  6000 / 12000 [ 50%]  (Warmup)
Chain 1: Iteration:  6001 / 12000 [ 50%]  (Sampling)
Chain 3: Iteration:  6000 / 12000 [ 50%]  (Warmup)
Chain 3: Iteration:  6001 / 12000 [ 50%]  (Sampling)
Chain 2: Iteration:  7200 / 12000 [ 60%]  (Sampling)
Chain 3: Iteration:  7200 / 12000 [ 60%]  (Sampling)
Chain 4: Iteration:  7200 / 12000 [ 60%]  (Sampling)
Chain 2: Iteration:  8400 / 12000 [ 70%]  (Sampling)
Chain 1: Iteration:  7200 / 12000 [ 60%]  (Sampling)
Chain 3: Iteration:  8400 / 12000 [ 70%]  (Sampling)
Chain 2: Iteration:  9600 / 12000 [ 80%]  (Sampling)
Chain 4: Iteration:  8400 / 12000 [ 70%]  (Sampling)
Chain 3: Iteration:  9600 / 12000 [ 80%]  (Sampling)
Chain 2: Iteration: 10800 / 12000 [ 90%]  (Sampling)
Chain 1: Iteration:  8400 / 12000 [ 70%]  (Sampling)
Chain 2: Iteration: 12000 / 12000 [100%]  (Sampling)
Chain 2: 
Chain 2:  Elapsed Time: 23.833 seconds (Warm-up)
Chain 2:                20.786 seconds (Sampling)
Chain 2:                44.619 seconds (Total)
Chain 2: 
Chain 3: Iteration: 10800 / 12000 [ 90%]  (Sampling)
Chain 4: Iteration:  9600 / 12000 [ 80%]  (Sampling)
Chain 1: Iteration:  9600 / 12000 [ 80%]  (Sampling)
Chain 3: Iteration: 12000 / 12000 [100%]  (Sampling)
Chain 3: 
Chain 3:  Elapsed Time: 24.497 seconds (Warm-up)
Chain 3:                25.581 seconds (Sampling)
Chain 3:                50.078 seconds (Total)
Chain 3: 
Chain 4: Iteration: 10800 / 12000 [ 90%]  (Sampling)
Chain 1: Iteration: 10800 / 12000 [ 90%]  (Sampling)
Chain 4: Iteration: 12000 / 12000 [100%]  (Sampling)
Chain 4: 
Chain 4:  Elapsed Time: 23.831 seconds (Warm-up)
Chain 4:                39.32 seconds (Sampling)
Chain 4:                63.151 seconds (Total)
Chain 4: 
Chain 1: Iteration: 12000 / 12000 [100%]  (Sampling)
Chain 1: 
Chain 1:  Elapsed Time: 24.171 seconds (Warm-up)
Chain 1:                40.068 seconds (Sampling)
Chain 1:                64.239 seconds (Total)
Chain 1: 
Done!
Fitting s15.json, 8/17

SAMPLING FOR MODEL 'anon_model' NOW (CHAIN 1).
Chain 1: 
Chain 1: Gradient evaluation took 0.000262 seconds
Chain 1: 1000 transitions using 10 leapfrog steps per transition would take 2.62 seconds.
Chain 1: Adjust your expectations accordingly!
Chain 1: 
Chain 1: 

SAMPLING FOR MODEL 'anon_model' NOW (CHAIN 2).
Chain 1: Iteration:     1 / 12000 [  0%]  (Warmup)
Chain 2: 
Chain 2: Gradient evaluation took 0.000235 seconds
Chain 2: 1000 transitions using 10 leapfrog steps per transition would take 2.35 seconds.
Chain 2: Adjust your expectations accordingly!
Chain 2: 
Chain 2: 

SAMPLING FOR MODEL 'anon_model' NOW (CHAIN 3).
Chain 3: 
Chain 3: Gradient evaluation took 0.000295 seconds
Chain 3: 1000 transitions using 10 leapfrog steps per transition would take 2.95 seconds.
Chain 3: Adjust your expectations accordingly!
Chain 3: 
Chain 3: 

SAMPLING FOR MODEL 'anon_model' NOW (CHAIN 4).
Chain 2: Iteration:     1 / 12000 [  0%]  (Warmup)
Chain 4: 
Chain 4: Gradient evaluation took 0.000236 seconds
Chain 4: 1000 transitions using 10 leapfrog steps per transition would take 2.36 seconds.
Chain 4: Adjust your expectations accordingly!
Chain 4: 
Chain 4: 
Chain 3: Iteration:     1 / 12000 [  0%]  (Warmup)
Chain 4: Iteration:     1 / 12000 [  0%]  (Warmup)
Chain 2: Iteration:  1200 / 12000 [ 10%]  (Warmup)
Chain 4: Iteration:  1200 / 12000 [ 10%]  (Warmup)
Chain 1: Iteration:  1200 / 12000 [ 10%]  (Warmup)
Chain 3: Iteration:  1200 / 12000 [ 10%]  (Warmup)
Chain 2: Iteration:  2400 / 12000 [ 20%]  (Warmup)
Chain 4: Iteration:  2400 / 12000 [ 20%]  (Warmup)
Chain 1: Iteration:  2400 / 12000 [ 20%]  (Warmup)
Chain 3: Iteration:  2400 / 12000 [ 20%]  (Warmup)
Chain 2: Iteration:  3600 / 12000 [ 30%]  (Warmup)
Chain 4: Iteration:  3600 / 12000 [ 30%]  (Warmup)
Chain 1: Iteration:  3600 / 12000 [ 30%]  (Warmup)
Chain 3: Iteration:  3600 / 12000 [ 30%]  (Warmup)
Chain 2: Iteration:  4800 / 12000 [ 40%]  (Warmup)
Chain 4: Iteration:  4800 / 12000 [ 40%]  (Warmup)
Chain 1: Iteration:  4800 / 12000 [ 40%]  (Warmup)
Chain 3: Iteration:  4800 / 12000 [ 40%]  (Warmup)
Chain 2: Iteration:  6000 / 12000 [ 50%]  (Warmup)
Chain 2: Iteration:  6001 / 12000 [ 50%]  (Sampling)
Chain 1: Iteration:  6000 / 12000 [ 50%]  (Warmup)
Chain 1: Iteration:  6001 / 12000 [ 50%]  (Sampling)
Chain 4: Iteration:  6000 / 12000 [ 50%]  (Warmup)
Chain 4: Iteration:  6001 / 12000 [ 50%]  (Sampling)
Chain 3: Iteration:  6000 / 12000 [ 50%]  (Warmup)
Chain 3: Iteration:  6001 / 12000 [ 50%]  (Sampling)
Chain 1: Iteration:  7200 / 12000 [ 60%]  (Sampling)
Chain 3: Iteration:  7200 / 12000 [ 60%]  (Sampling)
Chain 2: Iteration:  7200 / 12000 [ 60%]  (Sampling)
Chain 4: Iteration:  7200 / 12000 [ 60%]  (Sampling)
Chain 1: Iteration:  8400 / 12000 [ 70%]  (Sampling)
Chain 3: Iteration:  8400 / 12000 [ 70%]  (Sampling)
Chain 1: Iteration:  9600 / 12000 [ 80%]  (Sampling)
Chain 4: Iteration:  8400 / 12000 [ 70%]  (Sampling)
Chain 2: Iteration:  8400 / 12000 [ 70%]  (Sampling)
Chain 3: Iteration:  9600 / 12000 [ 80%]  (Sampling)
Chain 1: Iteration: 10800 / 12000 [ 90%]  (Sampling)
Chain 1: Iteration: 12000 / 12000 [100%]  (Sampling)
Chain 1: 
Chain 1:  Elapsed Time: 20.723 seconds (Warm-up)
Chain 1:                16.818 seconds (Sampling)
Chain 1:                37.541 seconds (Total)
Chain 1: 
Chain 3: Iteration: 10800 / 12000 [ 90%]  (Sampling)
Chain 4: Iteration:  9600 / 12000 [ 80%]  (Sampling)
Chain 2: Iteration:  9600 / 12000 [ 80%]  (Sampling)
Chain 3: Iteration: 12000 / 12000 [100%]  (Sampling)
Chain 3: 
Chain 3:  Elapsed Time: 21.088 seconds (Warm-up)
Chain 3:                21.718 seconds (Sampling)
Chain 3:                42.806 seconds (Total)
Chain 3: 
Chain 4: Iteration: 10800 / 12000 [ 90%]  (Sampling)
Chain 2: Iteration: 10800 / 12000 [ 90%]  (Sampling)
Chain 4: Iteration: 12000 / 12000 [100%]  (Sampling)
Chain 4: 
Chain 4:  Elapsed Time: 20.95 seconds (Warm-up)
Chain 4:                31.678 seconds (Sampling)
Chain 4:                52.628 seconds (Total)
Chain 4: 
Chain 2: Iteration: 12000 / 12000 [100%]  (Sampling)
Chain 2: 
Chain 2:  Elapsed Time: 20.491 seconds (Warm-up)
Chain 2:                33.283 seconds (Sampling)
Chain 2:                53.774 seconds (Total)
Chain 2: 
Done!
Fitting s16.json, 9/17

SAMPLING FOR MODEL 'anon_model' NOW (CHAIN 1).
Chain 1: 
Chain 1: Gradient evaluation took 0.000231 seconds
Chain 1: 1000 transitions using 10 leapfrog steps per transition would take 2.31 seconds.
Chain 1: Adjust your expectations accordingly!
Chain 1: 
Chain 1: 

SAMPLING FOR MODEL 'anon_model' NOW (CHAIN 2).
Chain 1: Iteration:     1 / 12000 [  0%]  (Warmup)

SAMPLING FOR MODEL 'anon_model' NOW (CHAIN 3).
Chain 2: 
Chain 2: Gradient evaluation took 0.000223 seconds
Chain 2: 1000 transitions using 10 leapfrog steps per transition would take 2.23 seconds.
Chain 2: Adjust your expectations accordingly!
Chain 2: 
Chain 2: 
Chain 3: 
Chain 3: Gradient evaluation took 0.000226 seconds
Chain 3: 1000 transitions using 10 leapfrog steps per transition would take 2.26 seconds.
Chain 3: Adjust your expectations accordingly!
Chain 3: 
Chain 3: 
Chain 2: Iteration:     1 / 12000 [  0%]  (Warmup)

SAMPLING FOR MODEL 'anon_model' NOW (CHAIN 4).
Chain 3: Iteration:     1 / 12000 [  0%]  (Warmup)
Chain 4: 
Chain 4: Gradient evaluation took 0.000219 seconds
Chain 4: 1000 transitions using 10 leapfrog steps per transition would take 2.19 seconds.
Chain 4: Adjust your expectations accordingly!
Chain 4: 
Chain 4: 
Chain 4: Iteration:     1 / 12000 [  0%]  (Warmup)
Chain 4: Iteration:  1200 / 12000 [ 10%]  (Warmup)
Chain 2: Iteration:  1200 / 12000 [ 10%]  (Warmup)
Chain 1: Iteration:  1200 / 12000 [ 10%]  (Warmup)
Chain 3: Iteration:  1200 / 12000 [ 10%]  (Warmup)
Chain 4: Iteration:  2400 / 12000 [ 20%]  (Warmup)
Chain 1: Iteration:  2400 / 12000 [ 20%]  (Warmup)
Chain 2: Iteration:  2400 / 12000 [ 20%]  (Warmup)
Chain 3: Iteration:  2400 / 12000 [ 20%]  (Warmup)
Chain 4: Iteration:  3600 / 12000 [ 30%]  (Warmup)
Chain 2: Iteration:  3600 / 12000 [ 30%]  (Warmup)
Chain 1: Iteration:  3600 / 12000 [ 30%]  (Warmup)
Chain 3: Iteration:  3600 / 12000 [ 30%]  (Warmup)
Chain 4: Iteration:  4800 / 12000 [ 40%]  (Warmup)
Chain 2: Iteration:  4800 / 12000 [ 40%]  (Warmup)
Chain 1: Iteration:  4800 / 12000 [ 40%]  (Warmup)
Chain 3: Iteration:  4800 / 12000 [ 40%]  (Warmup)
Chain 2: Iteration:  6000 / 12000 [ 50%]  (Warmup)
Chain 2: Iteration:  6001 / 12000 [ 50%]  (Sampling)
Chain 4: Iteration:  6000 / 12000 [ 50%]  (Warmup)
Chain 4: Iteration:  6001 / 12000 [ 50%]  (Sampling)
Chain 1: Iteration:  6000 / 12000 [ 50%]  (Warmup)
Chain 1: Iteration:  6001 / 12000 [ 50%]  (Sampling)
Chain 3: Iteration:  6000 / 12000 [ 50%]  (Warmup)
Chain 3: Iteration:  6001 / 12000 [ 50%]  (Sampling)
Chain 3: Iteration:  7200 / 12000 [ 60%]  (Sampling)
Chain 2: Iteration:  7200 / 12000 [ 60%]  (Sampling)
Chain 1: Iteration:  7200 / 12000 [ 60%]  (Sampling)
Chain 4: Iteration:  7200 / 12000 [ 60%]  (Sampling)
Chain 3: Iteration:  8400 / 12000 [ 70%]  (Sampling)
Chain 2: Iteration:  8400 / 12000 [ 70%]  (Sampling)
Chain 1: Iteration:  8400 / 12000 [ 70%]  (Sampling)
Chain 3: Iteration:  9600 / 12000 [ 80%]  (Sampling)
Chain 2: Iteration:  9600 / 12000 [ 80%]  (Sampling)
Chain 1: Iteration:  9600 / 12000 [ 80%]  (Sampling)
Chain 4: Iteration:  8400 / 12000 [ 70%]  (Sampling)
Chain 3: Iteration: 10800 / 12000 [ 90%]  (Sampling)
Chain 2: Iteration: 10800 / 12000 [ 90%]  (Sampling)
Chain 1: Iteration: 10800 / 12000 [ 90%]  (Sampling)
Chain 3: Iteration: 12000 / 12000 [100%]  (Sampling)
Chain 3: 
Chain 3:  Elapsed Time: 22.883 seconds (Warm-up)
Chain 3:                18.179 seconds (Sampling)
Chain 3:                41.062 seconds (Total)
Chain 3: 
Chain 4: Iteration:  9600 / 12000 [ 80%]  (Sampling)
Chain 2: Iteration: 12000 / 12000 [100%]  (Sampling)
Chain 2: 
Chain 2:  Elapsed Time: 22.236 seconds (Warm-up)
Chain 2:                21.644 seconds (Sampling)
Chain 2:                43.88 seconds (Total)
Chain 2: 
Chain 1: Iteration: 12000 / 12000 [100%]  (Sampling)
Chain 1: 
Chain 1:  Elapsed Time: 22.622 seconds (Warm-up)
Chain 1:                21.602 seconds (Sampling)
Chain 1:                44.224 seconds (Total)
Chain 1: 
Chain 4: Iteration: 10800 / 12000 [ 90%]  (Sampling)
Chain 4: Iteration: 12000 / 12000 [100%]  (Sampling)
Chain 4: 
Chain 4:  Elapsed Time: 22.351 seconds (Warm-up)
Chain 4:                34.725 seconds (Sampling)
Chain 4:                57.076 seconds (Total)
Chain 4: 
Done!
Fitting s2.json, 10/17

SAMPLING FOR MODEL 'anon_model' NOW (CHAIN 1).
Chain 1: 
Chain 1: Gradient evaluation took 0.000228 seconds
Chain 1: 1000 transitions using 10 leapfrog steps per transition would take 2.28 seconds.
Chain 1: Adjust your expectations accordingly!
Chain 1: 
Chain 1: 

SAMPLING FOR MODEL 'anon_model' NOW (CHAIN 2).
Chain 2: 
Chain 2: Gradient evaluation took 0.000239 seconds
Chain 2: 1000 transitions using 10 leapfrog steps per transition would take 2.39 seconds.
Chain 2: Adjust your expectations accordingly!
Chain 2: 
Chain 2: 
Chain 1: Iteration:     1 / 12000 [  0%]  (Warmup)

SAMPLING FOR MODEL 'anon_model' NOW (CHAIN 3).
Chain 3: 
Chain 3: Gradient evaluation took 0.000234 seconds
Chain 3: 1000 transitions using 10 leapfrog steps per transition would take 2.34 seconds.
Chain 3: Adjust your expectations accordingly!
Chain 3: 
Chain 3: 
Chain 2: Iteration:     1 / 12000 [  0%]  (Warmup)
Chain 3: Iteration:     1 / 12000 [  0%]  (Warmup)

SAMPLING FOR MODEL 'anon_model' NOW (CHAIN 4).
Chain 4: 
Chain 4: Gradient evaluation took 0.000219 seconds
Chain 4: 1000 transitions using 10 leapfrog steps per transition would take 2.19 seconds.
Chain 4: Adjust your expectations accordingly!
Chain 4: 
Chain 4: 
Chain 4: Iteration:     1 / 12000 [  0%]  (Warmup)
Chain 4: Iteration:  1200 / 12000 [ 10%]  (Warmup)
Chain 1: Iteration:  1200 / 12000 [ 10%]  (Warmup)
Chain 3: Iteration:  1200 / 12000 [ 10%]  (Warmup)
Chain 2: Iteration:  1200 / 12000 [ 10%]  (Warmup)
Chain 4: Iteration:  2400 / 12000 [ 20%]  (Warmup)
Chain 3: Iteration:  2400 / 12000 [ 20%]  (Warmup)
Chain 1: Iteration:  2400 / 12000 [ 20%]  (Warmup)
Chain 2: Iteration:  2400 / 12000 [ 20%]  (Warmup)
Chain 3: Iteration:  3600 / 12000 [ 30%]  (Warmup)
Chain 1: Iteration:  3600 / 12000 [ 30%]  (Warmup)
Chain 4: Iteration:  3600 / 12000 [ 30%]  (Warmup)
Chain 2: Iteration:  3600 / 12000 [ 30%]  (Warmup)
Chain 3: Iteration:  4800 / 12000 [ 40%]  (Warmup)
Chain 1: Iteration:  4800 / 12000 [ 40%]  (Warmup)
Chain 4: Iteration:  4800 / 12000 [ 40%]  (Warmup)
Chain 2: Iteration:  4800 / 12000 [ 40%]  (Warmup)
Chain 3: Iteration:  6000 / 12000 [ 50%]  (Warmup)
Chain 3: Iteration:  6001 / 12000 [ 50%]  (Sampling)
Chain 1: Iteration:  6000 / 12000 [ 50%]  (Warmup)
Chain 1: Iteration:  6001 / 12000 [ 50%]  (Sampling)
Chain 2: Iteration:  6000 / 12000 [ 50%]  (Warmup)
Chain 2: Iteration:  6001 / 12000 [ 50%]  (Sampling)
Chain 4: Iteration:  6000 / 12000 [ 50%]  (Warmup)
Chain 4: Iteration:  6001 / 12000 [ 50%]  (Sampling)
Chain 3: Iteration:  7200 / 12000 [ 60%]  (Sampling)
Chain 2: Iteration:  7200 / 12000 [ 60%]  (Sampling)
Chain 1: Iteration:  7200 / 12000 [ 60%]  (Sampling)
Chain 3: Iteration:  8400 / 12000 [ 70%]  (Sampling)
Chain 4: Iteration:  7200 / 12000 [ 60%]  (Sampling)
Chain 2: Iteration:  8400 / 12000 [ 70%]  (Sampling)
Chain 3: Iteration:  9600 / 12000 [ 80%]  (Sampling)
Chain 1: Iteration:  8400 / 12000 [ 70%]  (Sampling)
Chain 2: Iteration:  9600 / 12000 [ 80%]  (Sampling)
Chain 3: Iteration: 10800 / 12000 [ 90%]  (Sampling)
Chain 4: Iteration:  8400 / 12000 [ 70%]  (Sampling)
Chain 3: Iteration: 12000 / 12000 [100%]  (Sampling)
Chain 3: 
Chain 3:  Elapsed Time: 30.366 seconds (Warm-up)
Chain 3:                26.296 seconds (Sampling)
Chain 3:                56.662 seconds (Total)
Chain 3: 
Chain 2: Iteration: 10800 / 12000 [ 90%]  (Sampling)
Chain 1: Iteration:  9600 / 12000 [ 80%]  (Sampling)
Chain 4: Iteration:  9600 / 12000 [ 80%]  (Sampling)
Chain 2: Iteration: 12000 / 12000 [100%]  (Sampling)
Chain 2: 
Chain 2:  Elapsed Time: 31.359 seconds (Warm-up)
Chain 2:                33.098 seconds (Sampling)
Chain 2:                64.457 seconds (Total)
Chain 2: 
Chain 1: Iteration: 10800 / 12000 [ 90%]  (Sampling)
Chain 4: Iteration: 10800 / 12000 [ 90%]  (Sampling)
Chain 1: Iteration: 12000 / 12000 [100%]  (Sampling)
Chain 1: 
Chain 1:  Elapsed Time: 30.899 seconds (Warm-up)
Chain 1:                47.807 seconds (Sampling)
Chain 1:                78.706 seconds (Total)
Chain 1: 
Chain 4: Iteration: 12000 / 12000 [100%]  (Sampling)
Chain 4: 
Chain 4:  Elapsed Time: 31.482 seconds (Warm-up)
Chain 4:                50.229 seconds (Sampling)
Chain 4:                81.711 seconds (Total)
Chain 4: 
Done!
Fitting s3.json, 11/17

SAMPLING FOR MODEL 'anon_model' NOW (CHAIN 1).

SAMPLING FOR MODEL 'anon_model' NOW (CHAIN 2).
Chain 2: 
Chain 2: Gradient evaluation took 0.000237 seconds
Chain 2: 1000 transitions using 10 leapfrog steps per transition would take 2.37 seconds.
Chain 2: Adjust your expectations accordingly!
Chain 2: 
Chain 2: 
Chain 1: 
Chain 1: Gradient evaluation took 0.000215 seconds
Chain 1: 1000 transitions using 10 leapfrog steps per transition would take 2.15 seconds.
Chain 1: Adjust your expectations accordingly!
Chain 1: 
Chain 1: 
Chain 1: Iteration:     1 / 12000 [  0%]  (Warmup)
Chain 2: Iteration:     1 / 12000 [  0%]  (Warmup)

SAMPLING FOR MODEL 'anon_model' NOW (CHAIN 3).
Chain 3: 
Chain 3: Gradient evaluation took 0.000238 seconds
Chain 3: 1000 transitions using 10 leapfrog steps per transition would take 2.38 seconds.
Chain 3: Adjust your expectations accordingly!
Chain 3: 
Chain 3: 

SAMPLING FOR MODEL 'anon_model' NOW (CHAIN 4).
Chain 3: Iteration:     1 / 12000 [  0%]  (Warmup)
Chain 4: 
Chain 4: Gradient evaluation took 0.000217 seconds
Chain 4: 1000 transitions using 10 leapfrog steps per transition would take 2.17 seconds.
Chain 4: Adjust your expectations accordingly!
Chain 4: 
Chain 4: 
Chain 4: Iteration:     1 / 12000 [  0%]  (Warmup)
Chain 4: Iteration:  1200 / 12000 [ 10%]  (Warmup)
Chain 3: Iteration:  1200 / 12000 [ 10%]  (Warmup)
Chain 1: Iteration:  1200 / 12000 [ 10%]  (Warmup)
Chain 2: Iteration:  1200 / 12000 [ 10%]  (Warmup)
Chain 4: Iteration:  2400 / 12000 [ 20%]  (Warmup)
Chain 3: Iteration:  2400 / 12000 [ 20%]  (Warmup)
Chain 2: Iteration:  2400 / 12000 [ 20%]  (Warmup)
Chain 1: Iteration:  2400 / 12000 [ 20%]  (Warmup)
Chain 4: Iteration:  3600 / 12000 [ 30%]  (Warmup)
Chain 3: Iteration:  3600 / 12000 [ 30%]  (Warmup)
Chain 2: Iteration:  3600 / 12000 [ 30%]  (Warmup)
Chain 1: Iteration:  3600 / 12000 [ 30%]  (Warmup)
Chain 4: Iteration:  4800 / 12000 [ 40%]  (Warmup)
Chain 3: Iteration:  4800 / 12000 [ 40%]  (Warmup)
Chain 2: Iteration:  4800 / 12000 [ 40%]  (Warmup)
Chain 1: Iteration:  4800 / 12000 [ 40%]  (Warmup)
Chain 4: Iteration:  6000 / 12000 [ 50%]  (Warmup)
Chain 4: Iteration:  6001 / 12000 [ 50%]  (Sampling)
Chain 3: Iteration:  6000 / 12000 [ 50%]  (Warmup)
Chain 3: Iteration:  6001 / 12000 [ 50%]  (Sampling)
Chain 2: Iteration:  6000 / 12000 [ 50%]  (Warmup)
Chain 2: Iteration:  6001 / 12000 [ 50%]  (Sampling)
Chain 1: Iteration:  6000 / 12000 [ 50%]  (Warmup)
Chain 1: Iteration:  6001 / 12000 [ 50%]  (Sampling)
Chain 4: Iteration:  7200 / 12000 [ 60%]  (Sampling)
Chain 2: Iteration:  7200 / 12000 [ 60%]  (Sampling)
Chain 1: Iteration:  7200 / 12000 [ 60%]  (Sampling)
Chain 4: Iteration:  8400 / 12000 [ 70%]  (Sampling)
Chain 3: Iteration:  7200 / 12000 [ 60%]  (Sampling)
Chain 2: Iteration:  8400 / 12000 [ 70%]  (Sampling)
Chain 4: Iteration:  9600 / 12000 [ 80%]  (Sampling)
Chain 1: Iteration:  8400 / 12000 [ 70%]  (Sampling)
Chain 2: Iteration:  9600 / 12000 [ 80%]  (Sampling)
Chain 3: Iteration:  8400 / 12000 [ 70%]  (Sampling)
Chain 4: Iteration: 10800 / 12000 [ 90%]  (Sampling)
Chain 2: Iteration: 10800 / 12000 [ 90%]  (Sampling)
Chain 1: Iteration:  9600 / 12000 [ 80%]  (Sampling)
Chain 4: Iteration: 12000 / 12000 [100%]  (Sampling)
Chain 4: 
Chain 4:  Elapsed Time: 19.384 seconds (Warm-up)
Chain 4:                15.249 seconds (Sampling)
Chain 4:                34.633 seconds (Total)
Chain 4: 
Chain 2: Iteration: 12000 / 12000 [100%]  (Sampling)
Chain 2: 
Chain 2:  Elapsed Time: 20.101 seconds (Warm-up)
Chain 2:                15.85 seconds (Sampling)
Chain 2:                35.951 seconds (Total)
Chain 2: 
Chain 3: Iteration:  9600 / 12000 [ 80%]  (Sampling)
Chain 1: Iteration: 10800 / 12000 [ 90%]  (Sampling)
Chain 1: Iteration: 12000 / 12000 [100%]  (Sampling)
Chain 1: 
Chain 1:  Elapsed Time: 20.626 seconds (Warm-up)
Chain 1:                21.453 seconds (Sampling)
Chain 1:                42.079 seconds (Total)
Chain 1: 
Chain 3: Iteration: 10800 / 12000 [ 90%]  (Sampling)
Chain 3: Iteration: 12000 / 12000 [100%]  (Sampling)
Chain 3: 
Chain 3:  Elapsed Time: 19.829 seconds (Warm-up)
Chain 3:                28.789 seconds (Sampling)
Chain 3:                48.618 seconds (Total)
Chain 3: 
Done!
Fitting s4.json, 12/17

SAMPLING FOR MODEL 'anon_model' NOW (CHAIN 1).
Chain 1: 
Chain 1: Gradient evaluation took 0.000247 seconds
Chain 1: 1000 transitions using 10 leapfrog steps per transition would take 2.47 seconds.
Chain 1: Adjust your expectations accordingly!
Chain 1: 
Chain 1: 

SAMPLING FOR MODEL 'anon_model' NOW (CHAIN 2).
Chain 2: 
Chain 2: Gradient evaluation took 0.000222 seconds
Chain 2: 1000 transitions using 10 leapfrog steps per transition would take 2.22 seconds.
Chain 2: Adjust your expectations accordingly!
Chain 2: 
Chain 2: 
Chain 1: Iteration:     1 / 12000 [  0%]  (Warmup)

SAMPLING FOR MODEL 'anon_model' NOW (CHAIN 3).
Chain 2: Iteration:     1 / 12000 [  0%]  (Warmup)
Chain 3: 
Chain 3: Gradient evaluation took 0.00027 seconds
Chain 3: 1000 transitions using 10 leapfrog steps per transition would take 2.7 seconds.
Chain 3: Adjust your expectations accordingly!
Chain 3: 
Chain 3: 

SAMPLING FOR MODEL 'anon_model' NOW (CHAIN 4).
Chain 4: 
Chain 4: Gradient evaluation took 0.000216 seconds
Chain 4: 1000 transitions using 10 leapfrog steps per transition would take 2.16 seconds.
Chain 4: Adjust your expectations accordingly!
Chain 4: 
Chain 4: 
Chain 3: Iteration:     1 / 12000 [  0%]  (Warmup)
Chain 4: Iteration:     1 / 12000 [  0%]  (Warmup)
Chain 1: Iteration:  1200 / 12000 [ 10%]  (Warmup)
Chain 2: Iteration:  1200 / 12000 [ 10%]  (Warmup)
Chain 4: Iteration:  1200 / 12000 [ 10%]  (Warmup)
Chain 3: Iteration:  1200 / 12000 [ 10%]  (Warmup)
Chain 1: Iteration:  2400 / 12000 [ 20%]  (Warmup)
Chain 2: Iteration:  2400 / 12000 [ 20%]  (Warmup)
Chain 4: Iteration:  2400 / 12000 [ 20%]  (Warmup)
Chain 3: Iteration:  2400 / 12000 [ 20%]  (Warmup)
Chain 1: Iteration:  3600 / 12000 [ 30%]  (Warmup)
Chain 2: Iteration:  3600 / 12000 [ 30%]  (Warmup)
Chain 4: Iteration:  3600 / 12000 [ 30%]  (Warmup)
Chain 3: Iteration:  3600 / 12000 [ 30%]  (Warmup)
Chain 1: Iteration:  4800 / 12000 [ 40%]  (Warmup)
Chain 2: Iteration:  4800 / 12000 [ 40%]  (Warmup)
Chain 4: Iteration:  4800 / 12000 [ 40%]  (Warmup)
Chain 3: Iteration:  4800 / 12000 [ 40%]  (Warmup)
Chain 1: Iteration:  6000 / 12000 [ 50%]  (Warmup)
Chain 1: Iteration:  6001 / 12000 [ 50%]  (Sampling)
Chain 3: Iteration:  6000 / 12000 [ 50%]  (Warmup)
Chain 3: Iteration:  6001 / 12000 [ 50%]  (Sampling)
Chain 4: Iteration:  6000 / 12000 [ 50%]  (Warmup)
Chain 4: Iteration:  6001 / 12000 [ 50%]  (Sampling)
Chain 2: Iteration:  6000 / 12000 [ 50%]  (Warmup)
Chain 2: Iteration:  6001 / 12000 [ 50%]  (Sampling)
Chain 1: Iteration:  7200 / 12000 [ 60%]  (Sampling)
Chain 4: Iteration:  7200 / 12000 [ 60%]  (Sampling)
Chain 3: Iteration:  7200 / 12000 [ 60%]  (Sampling)
Chain 2: Iteration:  7200 / 12000 [ 60%]  (Sampling)
Chain 1: Iteration:  8400 / 12000 [ 70%]  (Sampling)
Chain 1: Iteration:  9600 / 12000 [ 80%]  (Sampling)
Chain 4: Iteration:  8400 / 12000 [ 70%]  (Sampling)
Chain 2: Iteration:  8400 / 12000 [ 70%]  (Sampling)
Chain 3: Iteration:  8400 / 12000 [ 70%]  (Sampling)
Chain 1: Iteration: 10800 / 12000 [ 90%]  (Sampling)
Chain 4: Iteration:  9600 / 12000 [ 80%]  (Sampling)
Chain 1: Iteration: 12000 / 12000 [100%]  (Sampling)
Chain 1: 
Chain 1:  Elapsed Time: 21.335 seconds (Warm-up)
Chain 1:                22.086 seconds (Sampling)
Chain 1:                43.421 seconds (Total)
Chain 1: 
Chain 2: Iteration:  9600 / 12000 [ 80%]  (Sampling)
Chain 3: Iteration:  9600 / 12000 [ 80%]  (Sampling)
Chain 4: Iteration: 10800 / 12000 [ 90%]  (Sampling)
Chain 2: Iteration: 10800 / 12000 [ 90%]  (Sampling)
Chain 3: Iteration: 10800 / 12000 [ 90%]  (Sampling)
Chain 4: Iteration: 12000 / 12000 [100%]  (Sampling)
Chain 4: 
Chain 4:  Elapsed Time: 22.669 seconds (Warm-up)
Chain 4:                33.687 seconds (Sampling)
Chain 4:                56.356 seconds (Total)
Chain 4: 
Chain 2: Iteration: 12000 / 12000 [100%]  (Sampling)
Chain 2: 
Chain 2:  Elapsed Time: 22.828 seconds (Warm-up)
Chain 2:                35.435 seconds (Sampling)
Chain 2:                58.263 seconds (Total)
Chain 2: 
Chain 3: Iteration: 12000 / 12000 [100%]  (Sampling)
Chain 3: 
Chain 3:  Elapsed Time: 22.627 seconds (Warm-up)
Chain 3:                35.948 seconds (Sampling)
Chain 3:                58.575 seconds (Total)
Chain 3: 
Done!
Fitting s5.json, 13/17

SAMPLING FOR MODEL 'anon_model' NOW (CHAIN 1).
Chain 1: 
Chain 1: Gradient evaluation took 0.000251 seconds
Chain 1: 1000 transitions using 10 leapfrog steps per transition would take 2.51 seconds.
Chain 1: Adjust your expectations accordingly!
Chain 1: 
Chain 1: 

SAMPLING FOR MODEL 'anon_model' NOW (CHAIN 2).
Chain 1: Iteration:     1 / 12000 [  0%]  (Warmup)
Chain 2: 
Chain 2: Gradient evaluation took 0.000246 seconds
Chain 2: 1000 transitions using 10 leapfrog steps per transition would take 2.46 seconds.
Chain 2: Adjust your expectations accordingly!
Chain 2: 
Chain 2: 

SAMPLING FOR MODEL 'anon_model' NOW (CHAIN 3).
Chain 3: 
Chain 3: Gradient evaluation took 0.000239 seconds
Chain 3: 1000 transitions using 10 leapfrog steps per transition would take 2.39 seconds.
Chain 3: Adjust your expectations accordingly!
Chain 3: 
Chain 3: 

SAMPLING FOR MODEL 'anon_model' NOW (CHAIN 4).
Chain 2: Iteration:     1 / 12000 [  0%]  (Warmup)
Chain 4: 
Chain 4: Gradient evaluation took 0.000227 seconds
Chain 4: 1000 transitions using 10 leapfrog steps per transition would take 2.27 seconds.
Chain 4: Adjust your expectations accordingly!
Chain 4: 
Chain 4: 
Chain 3: Iteration:     1 / 12000 [  0%]  (Warmup)
Chain 4: Iteration:     1 / 12000 [  0%]  (Warmup)
Chain 3: Iteration:  1200 / 12000 [ 10%]  (Warmup)
Chain 4: Iteration:  1200 / 12000 [ 10%]  (Warmup)
Chain 1: Iteration:  1200 / 12000 [ 10%]  (Warmup)
Chain 2: Iteration:  1200 / 12000 [ 10%]  (Warmup)
Chain 3: Iteration:  2400 / 12000 [ 20%]  (Warmup)
Chain 2: Iteration:  2400 / 12000 [ 20%]  (Warmup)
Chain 1: Iteration:  2400 / 12000 [ 20%]  (Warmup)
Chain 4: Iteration:  2400 / 12000 [ 20%]  (Warmup)
Chain 3: Iteration:  3600 / 12000 [ 30%]  (Warmup)
Chain 1: Iteration:  3600 / 12000 [ 30%]  (Warmup)
Chain 2: Iteration:  3600 / 12000 [ 30%]  (Warmup)
Chain 4: Iteration:  3600 / 12000 [ 30%]  (Warmup)
Chain 1: Iteration:  4800 / 12000 [ 40%]  (Warmup)
Chain 3: Iteration:  4800 / 12000 [ 40%]  (Warmup)
Chain 2: Iteration:  4800 / 12000 [ 40%]  (Warmup)
Chain 4: Iteration:  4800 / 12000 [ 40%]  (Warmup)
Chain 1: Iteration:  6000 / 12000 [ 50%]  (Warmup)
Chain 1: Iteration:  6001 / 12000 [ 50%]  (Sampling)
Chain 3: Iteration:  6000 / 12000 [ 50%]  (Warmup)
Chain 3: Iteration:  6001 / 12000 [ 50%]  (Sampling)
Chain 2: Iteration:  6000 / 12000 [ 50%]  (Warmup)
Chain 2: Iteration:  6001 / 12000 [ 50%]  (Sampling)
Chain 4: Iteration:  6000 / 12000 [ 50%]  (Warmup)
Chain 4: Iteration:  6001 / 12000 [ 50%]  (Sampling)
Chain 1: Iteration:  7200 / 12000 [ 60%]  (Sampling)
Chain 3: Iteration:  7200 / 12000 [ 60%]  (Sampling)
Chain 2: Iteration:  7200 / 12000 [ 60%]  (Sampling)
Chain 4: Iteration:  7200 / 12000 [ 60%]  (Sampling)
Chain 1: Iteration:  8400 / 12000 [ 70%]  (Sampling)
Chain 3: Iteration:  8400 / 12000 [ 70%]  (Sampling)
Chain 2: Iteration:  8400 / 12000 [ 70%]  (Sampling)
Chain 4: Iteration:  8400 / 12000 [ 70%]  (Sampling)
Chain 1: Iteration:  9600 / 12000 [ 80%]  (Sampling)
Chain 3: Iteration:  9600 / 12000 [ 80%]  (Sampling)
Chain 2: Iteration:  9600 / 12000 [ 80%]  (Sampling)
Chain 1: Iteration: 10800 / 12000 [ 90%]  (Sampling)
Chain 3: Iteration: 10800 / 12000 [ 90%]  (Sampling)
Chain 2: Iteration: 10800 / 12000 [ 90%]  (Sampling)
Chain 4: Iteration:  9600 / 12000 [ 80%]  (Sampling)
Chain 1: Iteration: 12000 / 12000 [100%]  (Sampling)
Chain 1: 
Chain 1:  Elapsed Time: 25.448 seconds (Warm-up)
Chain 1:                21.063 seconds (Sampling)
Chain 1:                46.511 seconds (Total)
Chain 1: 
Chain 3: Iteration: 12000 / 12000 [100%]  (Sampling)
Chain 3: 
Chain 3:  Elapsed Time: 25.891 seconds (Warm-up)
Chain 3:                20.853 seconds (Sampling)
Chain 3:                46.744 seconds (Total)
Chain 3: 
Chain 2: Iteration: 12000 / 12000 [100%]  (Sampling)
Chain 2: 
Chain 2:  Elapsed Time: 25.903 seconds (Warm-up)
Chain 2:                21.014 seconds (Sampling)
Chain 2:                46.917 seconds (Total)
Chain 2: 
Chain 4: Iteration: 10800 / 12000 [ 90%]  (Sampling)
Chain 4: Iteration: 12000 / 12000 [100%]  (Sampling)
Chain 4: 
Chain 4:  Elapsed Time: 26.338 seconds (Warm-up)
Chain 4:                27.789 seconds (Sampling)
Chain 4:                54.127 seconds (Total)
Chain 4: 
Done!
Fitting s6.json, 14/17

SAMPLING FOR MODEL 'anon_model' NOW (CHAIN 1).
Chain 1: 
Chain 1: Gradient evaluation took 0.000234 seconds
Chain 1: 1000 transitions using 10 leapfrog steps per transition would take 2.34 seconds.
Chain 1: Adjust your expectations accordingly!
Chain 1: 
Chain 1: 

SAMPLING FOR MODEL 'anon_model' NOW (CHAIN 2).
Chain 2: 
Chain 2: Gradient evaluation took 0.000236 seconds
Chain 2: 1000 transitions using 10 leapfrog steps per transition would take 2.36 seconds.
Chain 2: Adjust your expectations accordingly!
Chain 2: 
Chain 2: 

SAMPLING FOR MODEL 'anon_model' NOW (CHAIN 3).
Chain 1: Iteration:     1 / 12000 [  0%]  (Warmup)
Chain 3: 
Chain 3: Gradient evaluation took 0.000231 seconds
Chain 3: 1000 transitions using 10 leapfrog steps per transition would take 2.31 seconds.
Chain 3: Adjust your expectations accordingly!
Chain 3: 
Chain 3: 
Chain 2: Iteration:     1 / 12000 [  0%]  (Warmup)

SAMPLING FOR MODEL 'anon_model' NOW (CHAIN 4).
Chain Chain 43: : 
Chain 4: Gradient evaluation took 0.000211 secondsIteration:     1 / 12000 [  0%]  (Warmup)

Chain 4: 1000 transitions using 10 leapfrog steps per transition would take 2.11 seconds.
Chain 4: Adjust your expectations accordingly!
Chain 4: 
Chain 4: 
Chain 4: Iteration:     1 / 12000 [  0%]  (Warmup)
Chain 4: Iteration:  1200 / 12000 [ 10%]  (Warmup)
Chain 1: Iteration:  1200 / 12000 [ 10%]  (Warmup)
Chain 3: Iteration:  1200 / 12000 [ 10%]  (Warmup)
Chain 2: Iteration:  1200 / 12000 [ 10%]  (Warmup)
Chain 4: Iteration:  2400 / 12000 [ 20%]  (Warmup)
Chain 1: Iteration:  2400 / 12000 [ 20%]  (Warmup)
Chain 3: Iteration:  2400 / 12000 [ 20%]  (Warmup)
Chain 2: Iteration:  2400 / 12000 [ 20%]  (Warmup)
Chain 4: Iteration:  3600 / 12000 [ 30%]  (Warmup)
Chain 3: Iteration:  3600 / 12000 [ 30%]  (Warmup)
Chain 1: Iteration:  3600 / 12000 [ 30%]  (Warmup)
Chain 2: Iteration:  3600 / 12000 [ 30%]  (Warmup)
Chain 4: Iteration:  4800 / 12000 [ 40%]  (Warmup)
Chain 3: Iteration:  4800 / 12000 [ 40%]  (Warmup)
Chain 1: Iteration:  4800 / 12000 [ 40%]  (Warmup)
Chain 2: Iteration:  4800 / 12000 [ 40%]  (Warmup)
Chain 4: Iteration:  6000 / 12000 [ 50%]  (Warmup)
Chain 4: Iteration:  6001 / 12000 [ 50%]  (Sampling)
Chain 3: Iteration:  6000 / 12000 [ 50%]  (Warmup)
Chain 3: Iteration:  6001 / 12000 [ 50%]  (Sampling)
Chain 2: Iteration:  6000 / 12000 [ 50%]  (Warmup)
Chain 2: Iteration:  6001 / 12000 [ 50%]  (Sampling)
Chain 1: Iteration:  6000 / 12000 [ 50%]  (Warmup)
Chain 1: Iteration:  6001 / 12000 [ 50%]  (Sampling)
Chain 3: Iteration:  7200 / 12000 [ 60%]  (Sampling)
Chain 4: Iteration:  7200 / 12000 [ 60%]  (Sampling)
Chain 2: Iteration:  7200 / 12000 [ 60%]  (Sampling)
Chain 3: Iteration:  8400 / 12000 [ 70%]  (Sampling)
Chain 4: Iteration:  8400 / 12000 [ 70%]  (Sampling)
Chain 2: Iteration:  8400 / 12000 [ 70%]  (Sampling)
Chain 1: Iteration:  7200 / 12000 [ 60%]  (Sampling)
Chain 3: Iteration:  9600 / 12000 [ 80%]  (Sampling)
Chain 4: Iteration:  9600 / 12000 [ 80%]  (Sampling)
Chain 2: Iteration:  9600 / 12000 [ 80%]  (Sampling)
Chain 3: Iteration: 10800 / 12000 [ 90%]  (Sampling)
Chain 2: Iteration: 10800 / 12000 [ 90%]  (Sampling)
Chain 4: Iteration: 10800 / 12000 [ 90%]  (Sampling)
Chain 1: Iteration:  8400 / 12000 [ 70%]  (Sampling)
Chain 3: Iteration: 12000 / 12000 [100%]  (Sampling)
Chain 3: 
Chain 3:  Elapsed Time: 22.866 seconds (Warm-up)
Chain 3:                19.875 seconds (Sampling)
Chain 3:                42.741 seconds (Total)
Chain 3: 
Chain 2: Iteration: 12000 / 12000 [100%]  (Sampling)
Chain 2: 
Chain 2:  Elapsed Time: 23.885 seconds (Warm-up)
Chain 2:                18.94 seconds (Sampling)
Chain 2:                42.825 seconds (Total)
Chain 2: 
Chain 4: Iteration: 12000 / 12000 [100%]  (Sampling)
Chain 4: 
Chain 4:  Elapsed Time: 22.735 seconds (Warm-up)
Chain 4:                20.395 seconds (Sampling)
Chain 4:                43.13 seconds (Total)
Chain 4: 
Chain 1: Iteration:  9600 / 12000 [ 80%]  (Sampling)
Chain 1: Iteration: 10800 / 12000 [ 90%]  (Sampling)
Chain 1: Iteration: 12000 / 12000 [100%]  (Sampling)
Chain 1: 
Chain 1:  Elapsed Time: 24.097 seconds (Warm-up)
Chain 1:                36.828 seconds (Sampling)
Chain 1:                60.925 seconds (Total)
Chain 1: 
Done!
Fitting s7.json, 15/17

SAMPLING FOR MODEL 'anon_model' NOW (CHAIN 1).
Chain 1: 
Chain 1: Gradient evaluation took 0.000268 seconds
Chain 1: 1000 transitions using 10 leapfrog steps per transition would take 2.68 seconds.
Chain 1: Adjust your expectations accordingly!
Chain 1: 
Chain 1: 

SAMPLING FOR MODEL 'anon_model' NOW (CHAIN 2).
Chain 1: Iteration:     1 / 12000 [  0%]  (Warmup)
Chain 2: 
Chain 2: Gradient evaluation took 0.00023 seconds
Chain 2: 1000 transitions using 10 leapfrog steps per transition would take 2.3 seconds.
Chain 2: Adjust your expectations accordingly!
Chain 2: 
Chain 2: 

SAMPLING FOR MODEL 'anon_model' NOW (CHAIN 3).
Chain 2: Iteration:     1 / 12000 [  0%]  (Warmup)
Chain 3: 
Chain 3: Gradient evaluation took 0.000261 seconds
Chain 3: 1000 transitions using 10 leapfrog steps per transition would take 2.61 seconds.
Chain 3: Adjust your expectations accordingly!
Chain 3: 
Chain 3: 
Chain 3: Iteration:     1 / 12000 [  0%]  (Warmup)

SAMPLING FOR MODEL 'anon_model' NOW (CHAIN 4).
Chain 4: 
Chain 4: Gradient evaluation took 0.000244 seconds
Chain 4: 1000 transitions using 10 leapfrog steps per transition would take 2.44 seconds.
Chain 4: Adjust your expectations accordingly!
Chain 4: 
Chain 4: 
Chain 4: Iteration:     1 / 12000 [  0%]  (Warmup)
Chain 1: Iteration:  1200 / 12000 [ 10%]  (Warmup)
Chain 4: Iteration:  1200 / 12000 [ 10%]  (Warmup)
Chain 2: Iteration:  1200 / 12000 [ 10%]  (Warmup)
Chain 3: Iteration:  1200 / 12000 [ 10%]  (Warmup)
Chain 4: Iteration:  2400 / 12000 [ 20%]  (Warmup)
Chain 1: Iteration:  2400 / 12000 [ 20%]  (Warmup)
Chain 3: Iteration:  2400 / 12000 [ 20%]  (Warmup)
Chain 2: Iteration:  2400 / 12000 [ 20%]  (Warmup)
Chain 4: Iteration:  3600 / 12000 [ 30%]  (Warmup)
Chain 1: Iteration:  3600 / 12000 [ 30%]  (Warmup)
Chain 3: Iteration:  3600 / 12000 [ 30%]  (Warmup)
Chain 2: Iteration:  3600 / 12000 [ 30%]  (Warmup)
Chain 4: Iteration:  4800 / 12000 [ 40%]  (Warmup)
Chain 1: Iteration:  4800 / 12000 [ 40%]  (Warmup)
Chain 3: Iteration:  4800 / 12000 [ 40%]  (Warmup)
Chain 2: Iteration:  4800 / 12000 [ 40%]  (Warmup)
Chain 4: Iteration:  6000 / 12000 [ 50%]  (Warmup)
Chain 4: Iteration:  6001 / 12000 [ 50%]  (Sampling)
Chain 3: Iteration:  6000 / 12000 [ 50%]  (Warmup)
Chain 3: Iteration:  6001 / 12000 [ 50%]  (Sampling)
Chain 1: Iteration:  6000 / 12000 [ 50%]  (Warmup)
Chain 1: Iteration:  6001 / 12000 [ 50%]  (Sampling)
Chain 2: Iteration:  6000 / 12000 [ 50%]  (Warmup)
Chain 2: Iteration:  6001 / 12000 [ 50%]  (Sampling)
Chain 2: Iteration:  7200 / 12000 [ 60%]  (Sampling)
Chain 4: Iteration:  7200 / 12000 [ 60%]  (Sampling)
Chain 3: Iteration:  7200 / 12000 [ 60%]  (Sampling)
Chain 1: Iteration:  7200 / 12000 [ 60%]  (Sampling)
Chain 2: Iteration:  8400 / 12000 [ 70%]  (Sampling)
Chain 4: Iteration:  8400 / 12000 [ 70%]  (Sampling)
Chain 3: Iteration:  8400 / 12000 [ 70%]  (Sampling)
Chain 2: Iteration:  9600 / 12000 [ 80%]  (Sampling)
Chain 4: Iteration:  9600 / 12000 [ 80%]  (Sampling)
Chain 3: Iteration:  9600 / 12000 [ 80%]  (Sampling)
Chain 1: Iteration:  8400 / 12000 [ 70%]  (Sampling)
Chain 2: Iteration: 10800 / 12000 [ 90%]  (Sampling)
Chain 4: Iteration: 10800 / 12000 [ 90%]  (Sampling)
Chain 2: Iteration: 12000 / 12000 [100%]  (Sampling)
Chain 2: 
Chain 2:  Elapsed Time: 30.981 seconds (Warm-up)
Chain 2:                27.029 seconds (Sampling)
Chain 2:                58.01 seconds (Total)
Chain 2: 
Chain 3: Iteration: 10800 / 12000 [ 90%]  (Sampling)
Chain 4: Iteration: 12000 / 12000 [100%]  (Sampling)
Chain 4: 
Chain 4:  Elapsed Time: 30.08 seconds (Warm-up)
Chain 4:                30.961 seconds (Sampling)
Chain 4:                61.041 seconds (Total)
Chain 4: 
Chain 1: Iteration:  9600 / 12000 [ 80%]  (Sampling)
Chain 3: Iteration: 12000 / 12000 [100%]  (Sampling)
Chain 3: 
Chain 3:  Elapsed Time: 30.496 seconds (Warm-up)
Chain 3:                34.592 seconds (Sampling)
Chain 3:                65.088 seconds (Total)
Chain 3: 
Chain 1: Iteration: 10800 / 12000 [ 90%]  (Sampling)
Chain 1: Iteration: 12000 / 12000 [100%]  (Sampling)
Chain 1: 
Chain 1:  Elapsed Time: 30.784 seconds (Warm-up)
Chain 1:                50.588 seconds (Sampling)
Chain 1:                81.372 seconds (Total)
Chain 1: 
Done!
Fitting s8.json, 16/17

SAMPLING FOR MODEL 'anon_model' NOW (CHAIN 1).
Chain 1: 
Chain 1: Gradient evaluation took 0.000252 seconds
Chain 1: 1000 transitions using 10 leapfrog steps per transition would take 2.52 seconds.
Chain 1: Adjust your expectations accordingly!
Chain 1: 
Chain 1: 

SAMPLING FOR MODEL 'anon_model' NOW (CHAIN 2).
Chain 1: Iteration:     1 / 12000 [  0%]  (Warmup)
Chain 2: 
Chain 2: Gradient evaluation took 0.000251 seconds
Chain 2: 1000 transitions using 10 leapfrog steps per transition would take 2.51 seconds.
Chain 2: Adjust your expectations accordingly!
Chain 2: 
Chain 2: 

SAMPLING FOR MODEL 'anon_model' NOW (CHAIN 3).
Chain 3: 
Chain 3: Gradient evaluation took 0.000226 seconds
Chain 3: 1000 transitions using 10 leapfrog steps per transition would take 2.26 seconds.
Chain 3: Adjust your expectations accordingly!
Chain 3: 
Chain 3: 
Chain 2: Iteration:     1 / 12000 [  0%]  (Warmup)

SAMPLING FOR MODEL 'anon_model' NOW (CHAIN 4).
Chain 3: Iteration:     1 / 12000 [  0%]  (Warmup)
Chain 4: 
Chain 4: Gradient evaluation took 0.000253 seconds
Chain 4: 1000 transitions using 10 leapfrog steps per transition would take 2.53 seconds.
Chain 4: Adjust your expectations accordingly!
Chain 4: 
Chain 4: 
Chain 4: Iteration:     1 / 12000 [  0%]  (Warmup)
Chain 3: Iteration:  1200 / 12000 [ 10%]  (Warmup)
Chain 4: Iteration:  1200 / 12000 [ 10%]  (Warmup)
Chain 1: Iteration:  1200 / 12000 [ 10%]  (Warmup)
Chain 2: Iteration:  1200 / 12000 [ 10%]  (Warmup)
Chain 3: Iteration:  2400 / 12000 [ 20%]  (Warmup)
Chain 4: Iteration:  2400 / 12000 [ 20%]  (Warmup)
Chain 1: Iteration:  2400 / 12000 [ 20%]  (Warmup)
Chain 2: Iteration:  2400 / 12000 [ 20%]  (Warmup)
Chain 3: Iteration:  3600 / 12000 [ 30%]  (Warmup)
Chain 4: Iteration:  3600 / 12000 [ 30%]  (Warmup)
Chain 2: Iteration:  3600 / 12000 [ 30%]  (Warmup)
Chain 1: Iteration:  3600 / 12000 [ 30%]  (Warmup)
Chain 3: Iteration:  4800 / 12000 [ 40%]  (Warmup)
Chain 4: Iteration:  4800 / 12000 [ 40%]  (Warmup)
Chain 2: Iteration:  4800 / 12000 [ 40%]  (Warmup)
Chain 1: Iteration:  4800 / 12000 [ 40%]  (Warmup)
Chain 3: Iteration:  6000 / 12000 [ 50%]  (Warmup)
Chain 3: Iteration:  6001 / 12000 [ 50%]  (Sampling)
Chain 4: Iteration:  6000 / 12000 [ 50%]  (Warmup)
Chain 4: Iteration:  6001 / 12000 [ 50%]  (Sampling)
Chain 2: Iteration:  6000 / 12000 [ 50%]  (Warmup)
Chain 2: Iteration:  6001 / 12000 [ 50%]  (Sampling)
Chain 1: Iteration:  6000 / 12000 [ 50%]  (Warmup)
Chain 1: Iteration:  6001 / 12000 [ 50%]  (Sampling)
Chain 3: Iteration:  7200 / 12000 [ 60%]  (Sampling)
Chain 4: Iteration:  7200 / 12000 [ 60%]  (Sampling)
Chain 2: Iteration:  7200 / 12000 [ 60%]  (Sampling)
Chain 3: Iteration:  8400 / 12000 [ 70%]  (Sampling)
Chain 1: Iteration:  7200 / 12000 [ 60%]  (Sampling)
Chain 4: Iteration:  8400 / 12000 [ 70%]  (Sampling)
Chain 3: Iteration:  9600 / 12000 [ 80%]  (Sampling)
Chain 4: Iteration:  9600 / 12000 [ 80%]  (Sampling)
Chain 2: Iteration:  8400 / 12000 [ 70%]  (Sampling)
Chain 1: Iteration:  8400 / 12000 [ 70%]  (Sampling)
Chain 3: Iteration: 10800 / 12000 [ 90%]  (Sampling)
Chain 4: Iteration: 10800 / 12000 [ 90%]  (Sampling)
Chain 3: Iteration: 12000 / 12000 [100%]  (Sampling)
Chain 3: 
Chain 3:  Elapsed Time: 24.645 seconds (Warm-up)
Chain 3:                25.116 seconds (Sampling)
Chain 3:                49.761 seconds (Total)
Chain 3: 
Chain 2: Iteration:  9600 / 12000 [ 80%]  (Sampling)
Chain 4: Iteration: 12000 / 12000 [100%]  (Sampling)
Chain 4: 
Chain 4:  Elapsed Time: 25.415 seconds (Warm-up)
Chain 4:                25.968 seconds (Sampling)
Chain 4:                51.383 seconds (Total)
Chain 4: 
Chain 1: Iteration:  9600 / 12000 [ 80%]  (Sampling)
Chain 2: Iteration: 10800 / 12000 [ 90%]  (Sampling)
Chain 1: Iteration: 10800 / 12000 [ 90%]  (Sampling)
Chain 2: Iteration: 12000 / 12000 [100%]  (Sampling)
Chain 2: 
Chain 2:  Elapsed Time: 26.07 seconds (Warm-up)
Chain 2:                40.159 seconds (Sampling)
Chain 2:                66.229 seconds (Total)
Chain 2: 
Chain 1: Iteration: 12000 / 12000 [100%]  (Sampling)
Chain 1: 
Chain 1:  Elapsed Time: 26.388 seconds (Warm-up)
Chain 1:                42.746 seconds (Sampling)
Chain 1:                69.134 seconds (Total)
Chain 1: 
Done!
Fitting s9.json, 17/17

SAMPLING FOR MODEL 'anon_model' NOW (CHAIN 1).
Chain 1: 
Chain 1: Gradient evaluation took 0.000237 seconds
Chain 1: 1000 transitions using 10 leapfrog steps per transition would take 2.37 seconds.
Chain 1: Adjust your expectations accordingly!
Chain 1: 
Chain 1: 

SAMPLING FOR MODEL 'anon_model' NOW (CHAIN 2).
Chain 1: Iteration:     1 / 12000 [  0%]  (Warmup)
Chain 2: 
Chain 2: Gradient evaluation took 0.000271 seconds
Chain 2: 1000 transitions using 10 leapfrog steps per transition would take 2.71 seconds.
Chain 2: Adjust your expectations accordingly!
Chain 2: 
Chain 2: 

SAMPLING FOR MODEL 'anon_model' NOW (CHAIN 3).
Chain 3: 
Chain 3: Gradient evaluation took 0.000226 seconds
Chain 3: 1000 transitions using 10 leapfrog steps per transition would take 2.26 seconds.
Chain 3: Adjust your expectations accordingly!
Chain 3: 
Chain 3: 
Chain 2: Iteration:     1 / 12000 [  0%]  (Warmup)

SAMPLING FOR MODEL 'anon_model' NOW (CHAIN 4).
Chain 4: 
Chain 4: Gradient evaluation took 0.000215 seconds
Chain 4: 1000 transitions using 10 leapfrog steps per transition would take 2.15 seconds.
Chain 4: Adjust your expectations accordingly!
Chain 4: 
Chain 4: 
Chain 3: Iteration:     1 / 12000 [  0%]  (Warmup)
Chain 4: Iteration:     1 / 12000 [  0%]  (Warmup)
Chain 2: Iteration:  1200 / 12000 [ 10%]  (Warmup)
Chain 1: Iteration:  1200 / 12000 [ 10%]  (Warmup)
Chain 3: Iteration:  1200 / 12000 [ 10%]  (Warmup)
Chain 4: Iteration:  1200 / 12000 [ 10%]  (Warmup)
Chain 2: Iteration:  2400 / 12000 [ 20%]  (Warmup)
Chain 3: Iteration:  2400 / 12000 [ 20%]  (Warmup)
Chain 1: Iteration:  2400 / 12000 [ 20%]  (Warmup)
Chain 4: Iteration:  2400 / 12000 [ 20%]  (Warmup)
Chain 3: Iteration:  3600 / 12000 [ 30%]  (Warmup)
Chain 2: Iteration:  3600 / 12000 [ 30%]  (Warmup)
Chain 1: Iteration:  3600 / 12000 [ 30%]  (Warmup)
Chain 4: Iteration:  3600 / 12000 [ 30%]  (Warmup)
Chain 3: Iteration:  4800 / 12000 [ 40%]  (Warmup)
Chain 2: Iteration:  4800 / 12000 [ 40%]  (Warmup)
Chain 1: Iteration:  4800 / 12000 [ 40%]  (Warmup)
Chain 4: Iteration:  4800 / 12000 [ 40%]  (Warmup)
Chain 3: Iteration:  6000 / 12000 [ 50%]  (Warmup)
Chain 3: Iteration:  6001 / 12000 [ 50%]  (Sampling)
Chain 2: Iteration:  6000 / 12000 [ 50%]  (Warmup)
Chain 2: Iteration:  6001 / 12000 [ 50%]  (Sampling)
Chain 1: Iteration:  6000 / 12000 [ 50%]  (Warmup)
Chain 1: Iteration:  6001 / 12000 [ 50%]  (Sampling)
Chain 4: Iteration:  6000 / 12000 [ 50%]  (Warmup)
Chain 4: Iteration:  6001 / 12000 [ 50%]  (Sampling)
Chain 3: Iteration:  7200 / 12000 [ 60%]  (Sampling)
Chain 4: Iteration:  7200 / 12000 [ 60%]  (Sampling)
Chain 1: Iteration:  7200 / 12000 [ 60%]  (Sampling)
Chain 3: Iteration:  8400 / 12000 [ 70%]  (Sampling)
Chain 2: Iteration:  7200 / 12000 [ 60%]  (Sampling)
Chain 4: Iteration:  8400 / 12000 [ 70%]  (Sampling)
Chain 3: Iteration:  9600 / 12000 [ 80%]  (Sampling)
Chain 4: Iteration:  9600 / 12000 [ 80%]  (Sampling)
Chain 1: Iteration:  8400 / 12000 [ 70%]  (Sampling)
Chain 2: Iteration:  8400 / 12000 [ 70%]  (Sampling)
Chain 3: Iteration: 10800 / 12000 [ 90%]  (Sampling)
Chain 4: Iteration: 10800 / 12000 [ 90%]  (Sampling)
Chain 3: Iteration: 12000 / 12000 [100%]  (Sampling)
Chain 3: 
Chain 3:  Elapsed Time: 31.361 seconds (Warm-up)
Chain 3:                32.248 seconds (Sampling)
Chain 3:                63.609 seconds (Total)
Chain 3: 
Chain 1: Iteration:  9600 / 12000 [ 80%]  (Sampling)
Chain 2: Iteration:  9600 / 12000 [ 80%]  (Sampling)
Chain 4: Iteration: 12000 / 12000 [100%]  (Sampling)
Chain 4: 
Chain 4:  Elapsed Time: 34.081 seconds (Warm-up)
Chain 4:                34.192 seconds (Sampling)
Chain 4:                68.273 seconds (Total)
Chain 4: 
Chain 1: Iteration: 10800 / 12000 [ 90%]  (Sampling)
Chain 2: Iteration: 10800 / 12000 [ 90%]  (Sampling)
Chain 1: Iteration: 12000 / 12000 [100%]  (Sampling)
Chain 1: 
Chain 1:  Elapsed Time: 33.113 seconds (Warm-up)
Chain 1:                55.28 seconds (Sampling)
Chain 1:                88.393 seconds (Total)
Chain 1: 
Chain 2: Iteration: 12000 / 12000 [100%]  (Sampling)
Chain 2: 
Chain 2:  Elapsed Time: 33.013 seconds (Warm-up)
Chain 2:                56.518 seconds (Sampling)
Chain 2:                89.531 seconds (Total)
Chain 2: 
Done!
Assumed model: m2 (model_index = 2 )
Fitting s0.json, 1/17

SAMPLING FOR MODEL 'anon_model' NOW (CHAIN 1).
Chain 1: 
Chain 1: Gradient evaluation took 0.000242 seconds
Chain 1: 1000 transitions using 10 leapfrog steps per transition would take 2.42 seconds.
Chain 1: Adjust your expectations accordingly!
Chain 1: 
Chain 1: 

SAMPLING FOR MODEL 'anon_model' NOW (CHAIN 2).
Chain 2: 
Chain 2: Gradient evaluation took 0.000222 seconds
Chain 2: 1000 transitions using 10 leapfrog steps per transition would take 2.22 seconds.
Chain 2: Adjust your expectations accordingly!
Chain 2: 
Chain 2: 

SAMPLING FOR MODEL 'anon_model' NOW (CHAIN 3).
Chain 1: Iteration:     1 / 12000 [  0%]  (Warmup)
Chain 3: 
Chain 3: Gradient evaluation took 0.000231 seconds
Chain 3: 1000 transitions using 10 leapfrog steps per transition would take 2.31 seconds.
Chain 3: Adjust your expectations accordingly!
Chain 3: 
Chain 3: 
Chain 2: Iteration:     1 / 12000 [  0%]  (Warmup)

SAMPLING FOR MODEL 'anon_model' NOW (CHAIN 4).
Chain 3: Iteration:     1 / 12000 [  0%]  (Warmup)
Chain 4: 
Chain 4: Gradient evaluation took 0.00022 seconds
Chain 4: 1000 transitions using 10 leapfrog steps per transition would take 2.2 seconds.
Chain 4: Adjust your expectations accordingly!
Chain 4: 
Chain 4: 
Chain 4: Iteration:     1 / 12000 [  0%]  (Warmup)
Chain 1: Iteration:  1200 / 12000 [ 10%]  (Warmup)
Chain 3: Iteration:  1200 / 12000 [ 10%]  (Warmup)
Chain 4: Iteration:  1200 / 12000 [ 10%]  (Warmup)
Chain 2: Iteration:  1200 / 12000 [ 10%]  (Warmup)
Chain 1: Iteration:  2400 / 12000 [ 20%]  (Warmup)
Chain 3: Iteration:  2400 / 12000 [ 20%]  (Warmup)
Chain 4: Iteration:  2400 / 12000 [ 20%]  (Warmup)
Chain 2: Iteration:  2400 / 12000 [ 20%]  (Warmup)
Chain 1: Iteration:  3600 / 12000 [ 30%]  (Warmup)
Chain 3: Iteration:  3600 / 12000 [ 30%]  (Warmup)
Chain 4: Iteration:  3600 / 12000 [ 30%]  (Warmup)
Chain 2: Iteration:  3600 / 12000 [ 30%]  (Warmup)
Chain 1: Iteration:  4800 / 12000 [ 40%]  (Warmup)
Chain 3: Iteration:  4800 / 12000 [ 40%]  (Warmup)
Chain 4: Iteration:  4800 / 12000 [ 40%]  (Warmup)
Chain 2: Iteration:  4800 / 12000 [ 40%]  (Warmup)
Chain 1: Iteration:  6000 / 12000 [ 50%]  (Warmup)
Chain 1: Iteration:  6001 / 12000 [ 50%]  (Sampling)
Chain 4: Iteration:  6000 / 12000 [ 50%]  (Warmup)
Chain 4: Iteration:  6001 / 12000 [ 50%]  (Sampling)
Chain 3: Iteration:  6000 / 12000 [ 50%]  (Warmup)
Chain 3: Iteration:  6001 / 12000 [ 50%]  (Sampling)
Chain 2: Iteration:  6000 / 12000 [ 50%]  (Warmup)
Chain 2: Iteration:  6001 / 12000 [ 50%]  (Sampling)
Chain 4: Iteration:  7200 / 12000 [ 60%]  (Sampling)
Chain 3: Iteration:  7200 / 12000 [ 60%]  (Sampling)
Chain 1: Iteration:  7200 / 12000 [ 60%]  (Sampling)
Chain 2: Iteration:  7200 / 12000 [ 60%]  (Sampling)
Chain 4: Iteration:  8400 / 12000 [ 70%]  (Sampling)
Chain 4: Iteration:  9600 / 12000 [ 80%]  (Sampling)
Chain 3: Iteration:  8400 / 12000 [ 70%]  (Sampling)
Chain 1: Iteration:  8400 / 12000 [ 70%]  (Sampling)
Chain 2: Iteration:  8400 / 12000 [ 70%]  (Sampling)
Chain 4: Iteration: 10800 / 12000 [ 90%]  (Sampling)
Chain 4: Iteration: 12000 / 12000 [100%]  (Sampling)
Chain 4: 
Chain 4:  Elapsed Time: 35.634 seconds (Warm-up)
Chain 4:                32.144 seconds (Sampling)
Chain 4:                67.778 seconds (Total)
Chain 4: 
Chain 3: Iteration:  9600 / 12000 [ 80%]  (Sampling)
Chain 2: Iteration:  9600 / 12000 [ 80%]  (Sampling)
Chain 1: Iteration:  9600 / 12000 [ 80%]  (Sampling)
Chain 3: Iteration: 10800 / 12000 [ 90%]  (Sampling)
Chain 2: Iteration: 10800 / 12000 [ 90%]  (Sampling)
Chain 1: Iteration: 10800 / 12000 [ 90%]  (Sampling)
Chain 3: Iteration: 12000 / 12000 [100%]  (Sampling)
Chain 3: 
Chain 3:  Elapsed Time: 36.013 seconds (Warm-up)
Chain 3:                53.943 seconds (Sampling)
Chain 3:                89.956 seconds (Total)
Chain 3: 
Chain 2: Iteration: 12000 / 12000 [100%]  (Sampling)
Chain 2: 
Chain 2:  Elapsed Time: 37.153 seconds (Warm-up)
Chain 2:                53.155 seconds (Sampling)
Chain 2:                90.308 seconds (Total)
Chain 2: 
Chain 1: Iteration: 12000 / 12000 [100%]  (Sampling)
Chain 1: 
Chain 1:  Elapsed Time: 35.398 seconds (Warm-up)
Chain 1:                56.792 seconds (Sampling)
Chain 1:                92.19 seconds (Total)
Chain 1: 
Done!
Fitting s1.json, 2/17

SAMPLING FOR MODEL 'anon_model' NOW (CHAIN 1).
Chain 1: 
Chain 1: Gradient evaluation took 0.000252 seconds
Chain 1: 1000 transitions using 10 leapfrog steps per transition would take 2.52 seconds.
Chain 1: Adjust your expectations accordingly!
Chain 1: 
Chain 1: 

SAMPLING FOR MODEL 'anon_model' NOW (CHAIN 2).
Chain 2: 
Chain 2: Gradient evaluation took 0.000247 seconds
Chain 2: 1000 transitions using 10 leapfrog steps per transition would take 2.47 seconds.
Chain 2: Adjust your expectations accordingly!
Chain 2: 
Chain 2: 
Chain 1: Iteration:     1 / 12000 [  0%]  (Warmup)

SAMPLING FOR MODEL 'anon_model' NOW (CHAIN 3).
Chain 2: Iteration:     1 / 12000 [  0%]  (Warmup)
Chain 3: 
Chain 3: Gradient evaluation took 0.000222 seconds
Chain 3: 1000 transitions using 10 leapfrog steps per transition would take 2.22 seconds.
Chain 3: Adjust your expectations accordingly!
Chain 3: 
Chain 3: 

SAMPLING FOR MODEL 'anon_model' NOW (CHAIN 4).
Chain 4: 
Chain 4: Gradient evaluation took 0.000223 seconds
Chain 4: 1000 transitions using 10 leapfrog steps per transition would take 2.23 seconds.
Chain 4: Adjust your expectations accordingly!
Chain 4: 
Chain 4: 
Chain 3: Iteration:     1 / 12000 [  0%]  (Warmup)
Chain 4: Iteration:     1 / 12000 [  0%]  (Warmup)
Chain 3: Iteration:  1200 / 12000 [ 10%]  (Warmup)
Chain 4: Iteration:  1200 / 12000 [ 10%]  (Warmup)
Chain 1: Iteration:  1200 / 12000 [ 10%]  (Warmup)
Chain 2: Iteration:  1200 / 12000 [ 10%]  (Warmup)
Chain 3: Iteration:  2400 / 12000 [ 20%]  (Warmup)
Chain 4: Iteration:  2400 / 12000 [ 20%]  (Warmup)
Chain 1: Iteration:  2400 / 12000 [ 20%]  (Warmup)
Chain 2: Iteration:  2400 / 12000 [ 20%]  (Warmup)
Chain 3: Iteration:  3600 / 12000 [ 30%]  (Warmup)
Chain 4: Iteration:  3600 / 12000 [ 30%]  (Warmup)
Chain 1: Iteration:  3600 / 12000 [ 30%]  (Warmup)
Chain 2: Iteration:  3600 / 12000 [ 30%]  (Warmup)
Chain 3: Iteration:  4800 / 12000 [ 40%]  (Warmup)
Chain 4: Iteration:  4800 / 12000 [ 40%]  (Warmup)
Chain 1: Iteration:  4800 / 12000 [ 40%]  (Warmup)
Chain 2: Iteration:  4800 / 12000 [ 40%]  (Warmup)
Chain 3: Iteration:  6000 / 12000 [ 50%]  (Warmup)
Chain 3: Iteration:  6001 / 12000 [ 50%]  (Sampling)
Chain 4: Iteration:  6000 / 12000 [ 50%]  (Warmup)
Chain 4: Iteration:  6001 / 12000 [ 50%]  (Sampling)
Chain 1: Iteration:  6000 / 12000 [ 50%]  (Warmup)
Chain 1: Iteration:  6001 / 12000 [ 50%]  (Sampling)
Chain 2: Iteration:  6000 / 12000 [ 50%]  (Warmup)
Chain 2: Iteration:  6001 / 12000 [ 50%]  (Sampling)
Chain 3: Iteration:  7200 / 12000 [ 60%]  (Sampling)
Chain 1: Iteration:  7200 / 12000 [ 60%]  (Sampling)
Chain 4: Iteration:  7200 / 12000 [ 60%]  (Sampling)
Chain 2: Iteration:  7200 / 12000 [ 60%]  (Sampling)
Chain 1: Iteration:  8400 / 12000 [ 70%]  (Sampling)
Chain 3: Iteration:  8400 / 12000 [ 70%]  (Sampling)
Chain 4: Iteration:  8400 / 12000 [ 70%]  (Sampling)
Chain 1: Iteration:  9600 / 12000 [ 80%]  (Sampling)
Chain 3: Iteration:  9600 / 12000 [ 80%]  (Sampling)
Chain 4: Iteration:  9600 / 12000 [ 80%]  (Sampling)
Chain 2: Iteration:  8400 / 12000 [ 70%]  (Sampling)
Chain 1: Iteration: 10800 / 12000 [ 90%]  (Sampling)
Chain 3: Iteration: 10800 / 12000 [ 90%]  (Sampling)
Chain 4: Iteration: 10800 / 12000 [ 90%]  (Sampling)
Chain 1: Iteration: 12000 / 12000 [100%]  (Sampling)
Chain 1: 
Chain 1:  Elapsed Time: 22.308 seconds (Warm-up)
Chain 1:                16.349 seconds (Sampling)
Chain 1:                38.657 seconds (Total)
Chain 1: 
Chain 2: Iteration:  9600 / 12000 [ 80%]  (Sampling)
Chain 3: Iteration: 12000 / 12000 [100%]  (Sampling)
Chain 3: 
Chain 3:  Elapsed Time: 21.803 seconds (Warm-up)
Chain 3:                18.664 seconds (Sampling)
Chain 3:                40.467 seconds (Total)
Chain 3: 
Chain 4: Iteration: 12000 / 12000 [100%]  (Sampling)
Chain 4: 
Chain 4:  Elapsed Time: 22.095 seconds (Warm-up)
Chain 4:                18.916 seconds (Sampling)
Chain 4:                41.011 seconds (Total)
Chain 4: 
Chain 2: Iteration: 10800 / 12000 [ 90%]  (Sampling)
Chain 2: Iteration: 12000 / 12000 [100%]  (Sampling)
Chain 2: 
Chain 2:  Elapsed Time: 23.473 seconds (Warm-up)
Chain 2:                25.144 seconds (Sampling)
Chain 2:                48.617 seconds (Total)
Chain 2: 
Done!
Fitting s10.json, 3/17

SAMPLING FOR MODEL 'anon_model' NOW (CHAIN 1).
Chain 1: 
Chain 1: Gradient evaluation took 0.000239 seconds
Chain 1: 1000 transitions using 10 leapfrog steps per transition would take 2.39 seconds.
Chain 1: Adjust your expectations accordingly!
Chain 1: 
Chain 1: 

SAMPLING FOR MODEL 'anon_model' NOW (CHAIN 2).
Chain 2: 
Chain 2: Gradient evaluation took 0.000228 seconds
Chain 2: 1000 transitions using 10 leapfrog steps per transition would take 2.28 seconds.
Chain 2: Adjust your expectations accordingly!
Chain 2: 
Chain 2: 
Chain 1: Iteration:     1 / 12000 [  0%]  (Warmup)

SAMPLING FOR MODEL 'anon_model' NOW (CHAIN 3).

SAMPLING FOR MODEL 'anon_model' NOW (CHAIN 4).
Chain 2: Iteration:     1 / 12000 [  0%]  (Warmup)
Chain 3: 
Chain 3: Gradient evaluation took 0.000232 seconds
Chain 3: 1000 transitions using 10 leapfrog steps per transition would take 2.32 seconds.
Chain 3: Adjust your expectations accordingly!
Chain 3: 
Chain 3: 
Chain 4: 
Chain 4: Gradient evaluation took 0.000211 seconds
Chain 4: 1000 transitions using 10 leapfrog steps per transition would take 2.11 seconds.
Chain 4: Adjust your expectations accordingly!
Chain 4: 
Chain 4: 
Chain 3: Iteration:     1 / 12000 [  0%]  (Warmup)
Chain 4: Iteration:     1 / 12000 [  0%]  (Warmup)
Chain 1: Iteration:  1200 / 12000 [ 10%]  (Warmup)
Chain 2: Iteration:  1200 / 12000 [ 10%]  (Warmup)
Chain 4: Iteration:  1200 / 12000 [ 10%]  (Warmup)
Chain 3: Iteration:  1200 / 12000 [ 10%]  (Warmup)
Chain 1: Iteration:  2400 / 12000 [ 20%]  (Warmup)
Chain 2: Iteration:  2400 / 12000 [ 20%]  (Warmup)
Chain 4: Iteration:  2400 / 12000 [ 20%]  (Warmup)
Chain 3: Iteration:  2400 / 12000 [ 20%]  (Warmup)
Chain 1: Iteration:  3600 / 12000 [ 30%]  (Warmup)
Chain 2: Iteration:  3600 / 12000 [ 30%]  (Warmup)
Chain 4: Iteration:  3600 / 12000 [ 30%]  (Warmup)
Chain 3: Iteration:  3600 / 12000 [ 30%]  (Warmup)
Chain 1: Iteration:  4800 / 12000 [ 40%]  (Warmup)
Chain 2: Iteration:  4800 / 12000 [ 40%]  (Warmup)
Chain 4: Iteration:  4800 / 12000 [ 40%]  (Warmup)
Chain 3: Iteration:  4800 / 12000 [ 40%]  (Warmup)
Chain 1: Iteration:  6000 / 12000 [ 50%]  (Warmup)
Chain 1: Iteration:  6001 / 12000 [ 50%]  (Sampling)
Chain 2: Iteration:  6000 / 12000 [ 50%]  (Warmup)
Chain 2: Iteration:  6001 / 12000 [ 50%]  (Sampling)
Chain 4: Iteration:  6000 / 12000 [ 50%]  (Warmup)
Chain 4: Iteration:  6001 / 12000 [ 50%]  (Sampling)
Chain 3: Iteration:  6000 / 12000 [ 50%]  (Warmup)
Chain 3: Iteration:  6001 / 12000 [ 50%]  (Sampling)
Chain 2: Iteration:  7200 / 12000 [ 60%]  (Sampling)
Chain 4: Iteration:  7200 / 12000 [ 60%]  (Sampling)
Chain 1: Iteration:  7200 / 12000 [ 60%]  (Sampling)
Chain 3: Iteration:  7200 / 12000 [ 60%]  (Sampling)
Chain 2: Iteration:  8400 / 12000 [ 70%]  (Sampling)
Chain 2: Iteration:  9600 / 12000 [ 80%]  (Sampling)
Chain 4: Iteration:  8400 / 12000 [ 70%]  (Sampling)
Chain 3: Iteration:  8400 / 12000 [ 70%]  (Sampling)
Chain 1: Iteration:  8400 / 12000 [ 70%]  (Sampling)
Chain 2: Iteration: 10800 / 12000 [ 90%]  (Sampling)
Chain 3: Iteration:  9600 / 12000 [ 80%]  (Sampling)
Chain 4: Iteration:  9600 / 12000 [ 80%]  (Sampling)
Chain 2: Iteration: 12000 / 12000 [100%]  (Sampling)
Chain 2: 
Chain 2:  Elapsed Time: 19.754 seconds (Warm-up)
Chain 2:                16.051 seconds (Sampling)
Chain 2:                35.805 seconds (Total)
Chain 2: 
Chain 1: Iteration:  9600 / 12000 [ 80%]  (Sampling)
Chain 3: Iteration: 10800 / 12000 [ 90%]  (Sampling)
Chain 4: Iteration: 10800 / 12000 [ 90%]  (Sampling)
Chain 1: Iteration: 10800 / 12000 [ 90%]  (Sampling)
Chain 3: Iteration: 12000 / 12000 [100%]  (Sampling)
Chain 3: 
Chain 3:  Elapsed Time: 21.249 seconds (Warm-up)
Chain 3:                21.659 seconds (Sampling)
Chain 3:                42.908 seconds (Total)
Chain 3: 
Chain 4: Iteration: 12000 / 12000 [100%]  (Sampling)
Chain 4: 
Chain 4:  Elapsed Time: 20.47 seconds (Warm-up)
Chain 4:                23.348 seconds (Sampling)
Chain 4:                43.818 seconds (Total)
Chain 4: 
Chain 1: Iteration: 12000 / 12000 [100%]  (Sampling)
Chain 1: 
Chain 1:  Elapsed Time: 19.601 seconds (Warm-up)
Chain 1:                28.443 seconds (Sampling)
Chain 1:                48.044 seconds (Total)
Chain 1: 
Done!
Fitting s11.json, 4/17

SAMPLING FOR MODEL 'anon_model' NOW (CHAIN 1).
Chain 1: 
Chain 1: Gradient evaluation took 0.000237 seconds
Chain 1: 1000 transitions using 10 leapfrog steps per transition would take 2.37 seconds.
Chain 1: Adjust your expectations accordingly!
Chain 1: 
Chain 1: 
Chain 1: Iteration:     1 / 12000 [  0%]  (Warmup)

SAMPLING FOR MODEL 'anon_model' NOW (CHAIN 2).
Chain 2: 
Chain 2: Gradient evaluation took 0.000238 seconds
Chain 2: 1000 transitions using 10 leapfrog steps per transition would take 2.38 seconds.
Chain 2: Adjust your expectations accordingly!
Chain 2: 
Chain 2: 

SAMPLING FOR MODEL 'anon_model' NOW (CHAIN 3).
Chain 3: 
Chain 3: Gradient evaluation took 0.000215 seconds
Chain 3: 1000 transitions using 10 leapfrog steps per transition would take 2.15 seconds.
Chain 3: Adjust your expectations accordingly!
Chain 3: 
Chain 3: 
Chain 2: Iteration:     1 / 12000 [  0%]  (Warmup)

SAMPLING FOR MODEL 'anon_model' NOW (CHAIN 4).
Chain 4: 
Chain 4: Gradient evaluation took 0.000215 seconds
Chain 4: 1000 transitions using 10 leapfrog steps per transition would take 2.15 seconds.
Chain 4: Adjust your expectations accordingly!
Chain 4: 
Chain 4: 
Chain 3: Iteration:     1 / 12000 [  0%]  (Warmup)
Chain 4: Iteration:     1 / 12000 [  0%]  (Warmup)
Chain 3: Iteration:  1200 / 12000 [ 10%]  (Warmup)
Chain 2: Iteration:  1200 / 12000 [ 10%]  (Warmup)
Chain 1: Iteration:  1200 / 12000 [ 10%]  (Warmup)
Chain 4: Iteration:  1200 / 12000 [ 10%]  (Warmup)
Chain 2: Iteration:  2400 / 12000 [ 20%]  (Warmup)
Chain 4: Iteration:  2400 / 12000 [ 20%]  (Warmup)
Chain 1: Iteration:  2400 / 12000 [ 20%]  (Warmup)
Chain 3: Iteration:  2400 / 12000 [ 20%]  (Warmup)
Chain 2: Iteration:  3600 / 12000 [ 30%]  (Warmup)
Chain 4: Iteration:  3600 / 12000 [ 30%]  (Warmup)
Chain 1: Iteration:  3600 / 12000 [ 30%]  (Warmup)
Chain 3: Iteration:  3600 / 12000 [ 30%]  (Warmup)
Chain 2: Iteration:  4800 / 12000 [ 40%]  (Warmup)
Chain 4: Iteration:  4800 / 12000 [ 40%]  (Warmup)
Chain 1: Iteration:  4800 / 12000 [ 40%]  (Warmup)
Chain 3: Iteration:  4800 / 12000 [ 40%]  (Warmup)
Chain 2: Iteration:  6000 / 12000 [ 50%]  (Warmup)
Chain 2: Iteration:  6001 / 12000 [ 50%]  (Sampling)
Chain 4: Iteration:  6000 / 12000 [ 50%]  (Warmup)
Chain 4: Iteration:  6001 / 12000 [ 50%]  (Sampling)
Chain 1: Iteration:  6000 / 12000 [ 50%]  (Warmup)
Chain 1: Iteration:  6001 / 12000 [ 50%]  (Sampling)
Chain 3: Iteration:  6000 / 12000 [ 50%]  (Warmup)
Chain 3: Iteration:  6001 / 12000 [ 50%]  (Sampling)
Chain 1: Iteration:  7200 / 12000 [ 60%]  (Sampling)
Chain 2: Iteration:  7200 / 12000 [ 60%]  (Sampling)
Chain 4: Iteration:  7200 / 12000 [ 60%]  (Sampling)
Chain 3: Iteration:  7200 / 12000 [ 60%]  (Sampling)
Chain 1: Iteration:  8400 / 12000 [ 70%]  (Sampling)
Chain 1: Iteration:  9600 / 12000 [ 80%]  (Sampling)
Chain 2: Iteration:  8400 / 12000 [ 70%]  (Sampling)
Chain 4: Iteration:  8400 / 12000 [ 70%]  (Sampling)
Chain 3: Iteration:  8400 / 12000 [ 70%]  (Sampling)
Chain 1: Iteration: 10800 / 12000 [ 90%]  (Sampling)
Chain 1: Iteration: 12000 / 12000 [100%]  (Sampling)
Chain 1: 
Chain 1:  Elapsed Time: 33.466 seconds (Warm-up)
Chain 1:                29.87 seconds (Sampling)
Chain 1:                63.336 seconds (Total)
Chain 1: 
Chain 2: Iteration:  9600 / 12000 [ 80%]  (Sampling)
Chain 4: Iteration:  9600 / 12000 [ 80%]  (Sampling)
Chain 3: Iteration:  9600 / 12000 [ 80%]  (Sampling)
Chain 2: Iteration: 10800 / 12000 [ 90%]  (Sampling)
Chain 4: Iteration: 10800 / 12000 [ 90%]  (Sampling)
Chain 3: Iteration: 10800 / 12000 [ 90%]  (Sampling)
Chain 2: Iteration: 12000 / 12000 [100%]  (Sampling)
Chain 2: 
Chain 2:  Elapsed Time: 32.684 seconds (Warm-up)
Chain 2:                51.758 seconds (Sampling)
Chain 2:                84.442 seconds (Total)
Chain 2: 
Chain 4: Iteration: 12000 / 12000 [100%]  (Sampling)
Chain 4: 
Chain 4:  Elapsed Time: 32.742 seconds (Warm-up)
Chain 4:                52.881 seconds (Sampling)
Chain 4:                85.623 seconds (Total)
Chain 4: 
Chain 3: Iteration: 12000 / 12000 [100%]  (Sampling)
Chain 3: 
Chain 3:  Elapsed Time: 34.14 seconds (Warm-up)
Chain 3:                51.889 seconds (Sampling)
Chain 3:                86.029 seconds (Total)
Chain 3: 
Done!
Fitting s12.json, 5/17

SAMPLING FOR MODEL 'anon_model' NOW (CHAIN 1).

SAMPLING FOR MODEL 'anon_model' NOW (CHAIN 2).
Chain 1: 
Chain 1: Gradient evaluation took 0.000258 seconds
Chain 1: 1000 transitions using 10 leapfrog steps per transition would take 2.58 seconds.
Chain 1: Adjust your expectations accordingly!
Chain 1: 
Chain 1: 
Chain 2: 
Chain 2: Gradient evaluation took 0.000248 seconds
Chain 2: 1000 transitions using 10 leapfrog steps per transition would take 2.48 seconds.
Chain 2: Adjust your expectations accordingly!
Chain 2: 
Chain 2: 

SAMPLING FOR MODEL 'anon_model' NOW (CHAIN 3).
Chain 1: Iteration:     1 / 12000 [  0%]  (Warmup)
Chain 3: 
Chain 3: Gradient evaluation took 0.000226 seconds
Chain 3: 1000 transitions using 10 leapfrog steps per transition would take 2.26 seconds.
Chain 3: Adjust your expectations accordingly!
Chain 3: 
Chain 3: 
Chain 2: Iteration:     1 / 12000 [  0%]  (Warmup)

SAMPLING FOR MODEL 'anon_model' NOW (CHAIN 4).
Chain 3: Iteration:     1 / 12000 [  0%]  (Warmup)
Chain 4: 
Chain 4: Gradient evaluation took 0.000232 seconds
Chain 4: 1000 transitions using 10 leapfrog steps per transition would take 2.32 seconds.
Chain 4: Adjust your expectations accordingly!
Chain 4: 
Chain 4: 
Chain 4: Iteration:     1 / 12000 [  0%]  (Warmup)
Chain 2: Iteration:  1200 / 12000 [ 10%]  (Warmup)
Chain 1: Iteration:  1200 / 12000 [ 10%]  (Warmup)
Chain 4: Iteration:  1200 / 12000 [ 10%]  (Warmup)
Chain 3: Iteration:  1200 / 12000 [ 10%]  (Warmup)
Chain 2: Iteration:  2400 / 12000 [ 20%]  (Warmup)
Chain 1: Iteration:  2400 / 12000 [ 20%]  (Warmup)
Chain 3: Iteration:  2400 / 12000 [ 20%]  (Warmup)
Chain 4: Iteration:  2400 / 12000 [ 20%]  (Warmup)
Chain 2: Iteration:  3600 / 12000 [ 30%]  (Warmup)
Chain 3: Iteration:  3600 / 12000 [ 30%]  (Warmup)
Chain 4: Iteration:  3600 / 12000 [ 30%]  (Warmup)
Chain 1: Iteration:  3600 / 12000 [ 30%]  (Warmup)
Chain 2: Iteration:  4800 / 12000 [ 40%]  (Warmup)
Chain 4: Iteration:  4800 / 12000 [ 40%]  (Warmup)
Chain 1: Iteration:  4800 / 12000 [ 40%]  (Warmup)
Chain 3: Iteration:  4800 / 12000 [ 40%]  (Warmup)
Chain 2: Iteration:  6000 / 12000 [ 50%]  (Warmup)
Chain 2: Iteration:  6001 / 12000 [ 50%]  (Sampling)
Chain 4: Iteration:  6000 / 12000 [ 50%]  (Warmup)
Chain 4: Iteration:  6001 / 12000 [ 50%]  (Sampling)
Chain 3: Iteration:  6000 / 12000 [ 50%]  (Warmup)
Chain 3: Iteration:  6001 / 12000 [ 50%]  (Sampling)
Chain 1: Iteration:  6000 / 12000 [ 50%]  (Warmup)
Chain 1: Iteration:  6001 / 12000 [ 50%]  (Sampling)
Chain 2: Iteration:  7200 / 12000 [ 60%]  (Sampling)
Chain 3: Iteration:  7200 / 12000 [ 60%]  (Sampling)
Chain 4: Iteration:  7200 / 12000 [ 60%]  (Sampling)
Chain 2: Iteration:  8400 / 12000 [ 70%]  (Sampling)
Chain 1: Iteration:  7200 / 12000 [ 60%]  (Sampling)
Chain 3: Iteration:  8400 / 12000 [ 70%]  (Sampling)
Chain 4: Iteration:  8400 / 12000 [ 70%]  (Sampling)
Chain 2: Iteration:  9600 / 12000 [ 80%]  (Sampling)
Chain 3: Iteration:  9600 / 12000 [ 80%]  (Sampling)
Chain 2: Iteration: 10800 / 12000 [ 90%]  (Sampling)
Chain 1: Iteration:  8400 / 12000 [ 70%]  (Sampling)
Chain 3: Iteration: 10800 / 12000 [ 90%]  (Sampling)
Chain 4: Iteration:  9600 / 12000 [ 80%]  (Sampling)
Chain 2: Iteration: 12000 / 12000 [100%]  (Sampling)
Chain 2: 
Chain 2:  Elapsed Time: 14.961 seconds (Warm-up)
Chain 2:                12.51 seconds (Sampling)
Chain 2:                27.471 seconds (Total)
Chain 2: 
Chain 3: Iteration: 12000 / 12000 [100%]  (Sampling)
Chain 3: 
Chain 3:  Elapsed Time: 15.357 seconds (Warm-up)
Chain 3:                12.669 seconds (Sampling)
Chain 3:                28.026 seconds (Total)
Chain 3: 
Chain 4: Iteration: 10800 / 12000 [ 90%]  (Sampling)
Chain 1: Iteration:  9600 / 12000 [ 80%]  (Sampling)
Chain 4: Iteration: 12000 / 12000 [100%]  (Sampling)
Chain 4: 
Chain 4:  Elapsed Time: 15.238 seconds (Warm-up)
Chain 4:                17.066 seconds (Sampling)
Chain 4:                32.304 seconds (Total)
Chain 4: 
Chain 1: Iteration: 10800 / 12000 [ 90%]  (Sampling)
Chain 1: Iteration: 12000 / 12000 [100%]  (Sampling)
Chain 1: 
Chain 1:  Elapsed Time: 15.449 seconds (Warm-up)
Chain 1:                24.148 seconds (Sampling)
Chain 1:                39.597 seconds (Total)
Chain 1: 
Done!
Fitting s13.json, 6/17

SAMPLING FOR MODEL 'anon_model' NOW (CHAIN 1).
Chain 1: 
Chain 1: Gradient evaluation took 0.000252 seconds
Chain 1: 1000 transitions using 10 leapfrog steps per transition would take 2.52 seconds.
Chain 1: Adjust your expectations accordingly!
Chain 1: 
Chain 1: 

SAMPLING FOR MODEL 'anon_model' NOW (CHAIN 2).
Chain 2: 
Chain 2: Gradient evaluation took 0.000245 seconds
Chain 2: 1000 transitions using 10 leapfrog steps per transition would take 2.45 seconds.
Chain 2: Adjust your expectations accordingly!
Chain 2: 
Chain 2: 

SAMPLING FOR MODEL 'anon_model' NOW (CHAIN 3).
Chain 1: Iteration:     1 / 12000 [  0%]  (Warmup)
Chain 3: 
Chain 3: Gradient evaluation took 0.000244 seconds
Chain 3: 1000 transitions using 10 leapfrog steps per transition would take 2.44 seconds.
Chain 3: Adjust your expectations accordingly!
Chain 3: 
Chain 3: 
Chain 2: Iteration:     1 / 12000 [  0%]  (Warmup)

SAMPLING FOR MODEL 'anon_model' NOW (CHAIN 4).
Chain 4: 
Chain 4: Gradient evaluation took 0.000219 seconds
Chain 4: 1000 transitions using 10 leapfrog steps per transition would take 2.19 seconds.
Chain 4: Adjust your expectations accordingly!
Chain 4: 
Chain 4: 
Chain 3: Iteration:     1 / 12000 [  0%]  (Warmup)
Chain 4: Iteration:     1 / 12000 [  0%]  (Warmup)
Chain 1: Iteration:  1200 / 12000 [ 10%]  (Warmup)
Chain 4: Iteration:  1200 / 12000 [ 10%]  (Warmup)
Chain 2: Iteration:  1200 / 12000 [ 10%]  (Warmup)
Chain 3: Iteration:  1200 / 12000 [ 10%]  (Warmup)
Chain 1: Iteration:  2400 / 12000 [ 20%]  (Warmup)
Chain 4: Iteration:  2400 / 12000 [ 20%]  (Warmup)
Chain 2: Iteration:  2400 / 12000 [ 20%]  (Warmup)
Chain 3: Iteration:  2400 / 12000 [ 20%]  (Warmup)
Chain 1: Iteration:  3600 / 12000 [ 30%]  (Warmup)
Chain 4: Iteration:  3600 / 12000 [ 30%]  (Warmup)
Chain 2: Iteration:  3600 / 12000 [ 30%]  (Warmup)
Chain 3: Iteration:  3600 / 12000 [ 30%]  (Warmup)
Chain 4: Iteration:  4800 / 12000 [ 40%]  (Warmup)
Chain 1: Iteration:  4800 / 12000 [ 40%]  (Warmup)
Chain 2: Iteration:  4800 / 12000 [ 40%]  (Warmup)
Chain 3: Iteration:  4800 / 12000 [ 40%]  (Warmup)
Chain 4: Iteration:  6000 / 12000 [ 50%]  (Warmup)
Chain 4: Iteration:  6001 / 12000 [ 50%]  (Sampling)
Chain 1: Iteration:  6000 / 12000 [ 50%]  (Warmup)
Chain 1: Iteration:  6001 / 12000 [ 50%]  (Sampling)
Chain 2: Iteration:  6000 / 12000 [ 50%]  (Warmup)
Chain 2: Iteration:  6001 / 12000 [ 50%]  (Sampling)
Chain 3: Iteration:  6000 / 12000 [ 50%]  (Warmup)
Chain 3: Iteration:  6001 / 12000 [ 50%]  (Sampling)
Chain 4: Iteration:  7200 / 12000 [ 60%]  (Sampling)
Chain 3: Iteration:  7200 / 12000 [ 60%]  (Sampling)
Chain 1: Iteration:  7200 / 12000 [ 60%]  (Sampling)
Chain 4: Iteration:  8400 / 12000 [ 70%]  (Sampling)
Chain 2: Iteration:  7200 / 12000 [ 60%]  (Sampling)
Chain 3: Iteration:  8400 / 12000 [ 70%]  (Sampling)
Chain 1: Iteration:  8400 / 12000 [ 70%]  (Sampling)
Chain 4: Iteration:  9600 / 12000 [ 80%]  (Sampling)
Chain 3: Iteration:  9600 / 12000 [ 80%]  (Sampling)
Chain 4: Iteration: 10800 / 12000 [ 90%]  (Sampling)
Chain 2: Iteration:  8400 / 12000 [ 70%]  (Sampling)
Chain 1: Iteration:  9600 / 12000 [ 80%]  (Sampling)
Chain 3: Iteration: 10800 / 12000 [ 90%]  (Sampling)
Chain 4: Iteration: 12000 / 12000 [100%]  (Sampling)
Chain 4: 
Chain 4:  Elapsed Time: 26.008 seconds (Warm-up)
Chain 4:                20.964 seconds (Sampling)
Chain 4:                46.972 seconds (Total)
Chain 4: 
Chain 3: Iteration: 12000 / 12000 [100%]  (Sampling)
Chain 3: 
Chain 3:  Elapsed Time: 26.87 seconds (Warm-up)
Chain 3:                21.049 seconds (Sampling)
Chain 3:                47.919 seconds (Total)
Chain 3: 
Chain 1: Iteration: 10800 / 12000 [ 90%]  (Sampling)
Chain 2: Iteration:  9600 / 12000 [ 80%]  (Sampling)
Chain 1: Iteration: 12000 / 12000 [100%]  (Sampling)
Chain 1: 
Chain 1:  Elapsed Time: 26.078 seconds (Warm-up)
Chain 1:                28.844 seconds (Sampling)
Chain 1:                54.922 seconds (Total)
Chain 1: 
Chain 2: Iteration: 10800 / 12000 [ 90%]  (Sampling)
Chain 2: Iteration: 12000 / 12000 [100%]  (Sampling)
Chain 2: 
Chain 2:  Elapsed Time: 26.628 seconds (Warm-up)
Chain 2:                40.832 seconds (Sampling)
Chain 2:                67.46 seconds (Total)
Chain 2: 
Done!
Fitting s14.json, 7/17

SAMPLING FOR MODEL 'anon_model' NOW (CHAIN 1).
Chain 1: 
Chain 1: Gradient evaluation took 0.000237 seconds
Chain 1: 1000 transitions using 10 leapfrog steps per transition would take 2.37 seconds.
Chain 1: Adjust your expectations accordingly!
Chain 1: 
Chain 1: 

SAMPLING FOR MODEL 'anon_model' NOW (CHAIN 2).
Chain 2: 
Chain 2: Gradient evaluation took 0.000246 seconds
Chain 2: 1000 transitions using 10 leapfrog steps per transition would take 2.46 seconds.
Chain 2: Adjust your expectations accordingly!
Chain 2: 
Chain 2: 

SAMPLING FOR MODEL 'anon_model' NOW (CHAIN 3).
Chain 1: Iteration:     1 / 12000 [  0%]  (Warmup)
Chain 3: 
Chain 3: Gradient evaluation took 0.000223 seconds
Chain 3: 1000 transitions using 10 leapfrog steps per transition would take 2.23 seconds.
Chain 3: Adjust your expectations accordingly!
Chain 3: 
Chain 3: 
Chain 2: Iteration:     1 / 12000 [  0%]  (Warmup)

SAMPLING FOR MODEL 'anon_model' NOW (CHAIN 4).
Chain 3: Iteration:     1 / 12000 [  0%]  (Warmup)
Chain 4: 
Chain 4: Gradient evaluation took 0.000219 seconds
Chain 4: 1000 transitions using 10 leapfrog steps per transition would take 2.19 seconds.
Chain 4: Adjust your expectations accordingly!
Chain 4: 
Chain 4: 
Chain 4: Iteration:     1 / 12000 [  0%]  (Warmup)
Chain 4: Iteration:  1200 / 12000 [ 10%]  (Warmup)
Chain 3: Iteration:  1200 / 12000 [ 10%]  (Warmup)
Chain 2: Iteration:  1200 / 12000 [ 10%]  (Warmup)
Chain 1: Iteration:  1200 / 12000 [ 10%]  (Warmup)
Chain 4: Iteration:  2400 / 12000 [ 20%]  (Warmup)
Chain 3: Iteration:  2400 / 12000 [ 20%]  (Warmup)
Chain 2: Iteration:  2400 / 12000 [ 20%]  (Warmup)
Chain 1: Iteration:  2400 / 12000 [ 20%]  (Warmup)
Chain 4: Iteration:  3600 / 12000 [ 30%]  (Warmup)
Chain 3: Iteration:  3600 / 12000 [ 30%]  (Warmup)
Chain 2: Iteration:  3600 / 12000 [ 30%]  (Warmup)
Chain 1: Iteration:  3600 / 12000 [ 30%]  (Warmup)
Chain 3: Iteration:  4800 / 12000 [ 40%]  (Warmup)
Chain 4: Iteration:  4800 / 12000 [ 40%]  (Warmup)
Chain 2: Iteration:  4800 / 12000 [ 40%]  (Warmup)
Chain 1: Iteration:  4800 / 12000 [ 40%]  (Warmup)
Chain 3: Iteration:  6000 / 12000 [ 50%]  (Warmup)
Chain 3: Iteration:  6001 / 12000 [ 50%]  (Sampling)
Chain 2: Iteration:  6000 / 12000 [ 50%]  (Warmup)
Chain 2: Iteration:  6001 / 12000 [ 50%]  (Sampling)
Chain 4: Iteration:  6000 / 12000 [ 50%]  (Warmup)
Chain 4: Iteration:  6001 / 12000 [ 50%]  (Sampling)
Chain 1: Iteration:  6000 / 12000 [ 50%]  (Warmup)
Chain 1: Iteration:  6001 / 12000 [ 50%]  (Sampling)
Chain 4: Iteration:  7200 / 12000 [ 60%]  (Sampling)
Chain 2: Iteration:  7200 / 12000 [ 60%]  (Sampling)
Chain 3: Iteration:  7200 / 12000 [ 60%]  (Sampling)
Chain 4: Iteration:  8400 / 12000 [ 70%]  (Sampling)
Chain 2: Iteration:  8400 / 12000 [ 70%]  (Sampling)
Chain 1: Iteration:  7200 / 12000 [ 60%]  (Sampling)
Chain 3: Iteration:  8400 / 12000 [ 70%]  (Sampling)
Chain 4: Iteration:  9600 / 12000 [ 80%]  (Sampling)
Chain 2: Iteration:  9600 / 12000 [ 80%]  (Sampling)
Chain 4: Iteration: 10800 / 12000 [ 90%]  (Sampling)
Chain 3: Iteration:  9600 / 12000 [ 80%]  (Sampling)
Chain 2: Iteration: 10800 / 12000 [ 90%]  (Sampling)
Chain 1: Iteration:  8400 / 12000 [ 70%]  (Sampling)
Chain 4: Iteration: 12000 / 12000 [100%]  (Sampling)
Chain 4: 
Chain 4:  Elapsed Time: 27.328 seconds (Warm-up)
Chain 4:                21.872 seconds (Sampling)
Chain 4:                49.2 seconds (Total)
Chain 4: 
Chain 2: Iteration: 12000 / 12000 [100%]  (Sampling)
Chain 2: 
Chain 2:  Elapsed Time: 27.251 seconds (Warm-up)
Chain 2:                23.491 seconds (Sampling)
Chain 2:                50.742 seconds (Total)
Chain 2: 
Chain 3: Iteration: 10800 / 12000 [ 90%]  (Sampling)
Chain 1: Iteration:  9600 / 12000 [ 80%]  (Sampling)
Chain 3: Iteration: 12000 / 12000 [100%]  (Sampling)
Chain 3: 
Chain 3:  Elapsed Time: 27.054 seconds (Warm-up)
Chain 3:                30.996 seconds (Sampling)
Chain 3:                58.05 seconds (Total)
Chain 3: 
Chain 1: Iteration: 10800 / 12000 [ 90%]  (Sampling)
Chain 1: Iteration: 12000 / 12000 [100%]  (Sampling)
Chain 1: 
Chain 1:  Elapsed Time: 28.213 seconds (Warm-up)
Chain 1:                44.015 seconds (Sampling)
Chain 1:                72.228 seconds (Total)
Chain 1: 
Done!
Fitting s15.json, 8/17

SAMPLING FOR MODEL 'anon_model' NOW (CHAIN 1).
Chain 1: 
Chain 1: Gradient evaluation took 0.000241 seconds
Chain 1: 1000 transitions using 10 leapfrog steps per transition would take 2.41 seconds.
Chain 1: Adjust your expectations accordingly!
Chain 1: 
Chain 1: 

SAMPLING FOR MODEL 'anon_model' NOW (CHAIN 2).
Chain 2: 
Chain 2: Gradient evaluation took 0.000229 seconds
Chain 2: 1000 transitions using 10 leapfrog steps per transition would take 2.29 seconds.
Chain 2: Adjust your expectations accordingly!
Chain 2: 
Chain 2: 
Chain 1: Iteration:     1 / 12000 [  0%]  (Warmup)

SAMPLING FOR MODEL 'anon_model' NOW (CHAIN 3).
Chain 3: 
Chain 3: Gradient evaluation took 0.000228 seconds
Chain 3: 1000 transitions using 10 leapfrog steps per transition would take 2.28 seconds.
Chain 3: Adjust your expectations accordingly!
Chain 3: 
Chain 3: 
Chain 
2SAMPLING:  FOR MODEL 'Iteration:     1 / 12000 [  0%]  (Warmup)anon_model
' NOW (CHAIN 4).
Chain 4: 
Chain 4: Gradient evaluation took 0.000228 seconds
Chain 4: 1000 transitions using 10 leapfrog steps per transition would take 2.28 seconds.
Chain 4: Adjust your expectations accordingly!
Chain 4: 
Chain 4: 
Chain 3: Iteration:     1 / 12000 [  0%]  (Warmup)
Chain 4: Iteration:     1 / 12000 [  0%]  (Warmup)
Chain 2: Iteration:  1200 / 12000 [ 10%]  (Warmup)
Chain 3: Iteration:  1200 / 12000 [ 10%]  (Warmup)
Chain 4: Iteration:  1200 / 12000 [ 10%]  (Warmup)
Chain 1: Iteration:  1200 / 12000 [ 10%]  (Warmup)
Chain 3: Iteration:  2400 / 12000 [ 20%]  (Warmup)
Chain 2: Iteration:  2400 / 12000 [ 20%]  (Warmup)
Chain 4: Iteration:  2400 / 12000 [ 20%]  (Warmup)
Chain 1: Iteration:  2400 / 12000 [ 20%]  (Warmup)
Chain 3: Iteration:  3600 / 12000 [ 30%]  (Warmup)
Chain 2: Iteration:  3600 / 12000 [ 30%]  (Warmup)
Chain 4: Iteration:  3600 / 12000 [ 30%]  (Warmup)
Chain 1: Iteration:  3600 / 12000 [ 30%]  (Warmup)
Chain 3: Iteration:  4800 / 12000 [ 40%]  (Warmup)
Chain 2: Iteration:  4800 / 12000 [ 40%]  (Warmup)
Chain 4: Iteration:  4800 / 12000 [ 40%]  (Warmup)
Chain 1: Iteration:  4800 / 12000 [ 40%]  (Warmup)
Chain 3: Iteration:  6000 / 12000 [ 50%]  (Warmup)
Chain 3: Iteration:  6001 / 12000 [ 50%]  (Sampling)
Chain 4: Iteration:  6000 / 12000 [ 50%]  (Warmup)
Chain 4: Iteration:  6001 / 12000 [ 50%]  (Sampling)
Chain 2: Iteration:  6000 / 12000 [ 50%]  (Warmup)
Chain 2: Iteration:  6001 / 12000 [ 50%]  (Sampling)
Chain 1: Iteration:  6000 / 12000 [ 50%]  (Warmup)
Chain 1: Iteration:  6001 / 12000 [ 50%]  (Sampling)
Chain 4: Iteration:  7200 / 12000 [ 60%]  (Sampling)
Chain 1: Iteration:  7200 / 12000 [ 60%]  (Sampling)
Chain 3: Iteration:  7200 / 12000 [ 60%]  (Sampling)
Chain 2: Iteration:  7200 / 12000 [ 60%]  (Sampling)
Chain 4: Iteration:  8400 / 12000 [ 70%]  (Sampling)
Chain 1: Iteration:  8400 / 12000 [ 70%]  (Sampling)
Chain 4: Iteration:  9600 / 12000 [ 80%]  (Sampling)
Chain 3: Iteration:  8400 / 12000 [ 70%]  (Sampling)
Chain 2: Iteration:  8400 / 12000 [ 70%]  (Sampling)
Chain 1: Iteration:  9600 / 12000 [ 80%]  (Sampling)
Chain 4: Iteration: 10800 / 12000 [ 90%]  (Sampling)
Chain 3: Iteration:  9600 / 12000 [ 80%]  (Sampling)
Chain 1: Iteration: 10800 / 12000 [ 90%]  (Sampling)
Chain 4: Iteration: 12000 / 12000 [100%]  (Sampling)
Chain 4: 
Chain 4:  Elapsed Time: 19.202 seconds (Warm-up)
Chain 4:                15.478 seconds (Sampling)
Chain 4:                34.68 seconds (Total)
Chain 4: 
Chain 2: Iteration:  9600 / 12000 [ 80%]  (Sampling)
Chain 1: Iteration: 12000 / 12000 [100%]  (Sampling)
Chain 1: 
Chain 1:  Elapsed Time: 19.365 seconds (Warm-up)
Chain 1:                18.951 seconds (Sampling)
Chain 1:                38.316 seconds (Total)
Chain 1: 
Chain 3: Iteration: 10800 / 12000 [ 90%]  (Sampling)
Chain 2: Iteration: 10800 / 12000 [ 90%]  (Sampling)
Chain 3: Iteration: 12000 / 12000 [100%]  (Sampling)
Chain 3: 
Chain 3:  Elapsed Time: 19.132 seconds (Warm-up)
Chain 3:                24.667 seconds (Sampling)
Chain 3:                43.799 seconds (Total)
Chain 3: 
Chain 2: Iteration: 12000 / 12000 [100%]  (Sampling)
Chain 2: 
Chain 2:  Elapsed Time: 19.238 seconds (Warm-up)
Chain 2:                26.046 seconds (Sampling)
Chain 2:                45.284 seconds (Total)
Chain 2: 
Done!
Fitting s16.json, 9/17

SAMPLING FOR MODEL 'anon_model' NOW (CHAIN 1).
Chain 1: 
Chain 1: Gradient evaluation took 0.000234 seconds
Chain 1: 1000 transitions using 10 leapfrog steps per transition would take 2.34 seconds.
Chain 1: Adjust your expectations accordingly!
Chain 1: 
Chain 1: 

SAMPLING FOR MODEL 'anon_model' NOW (CHAIN 2).

SAMPLING FOR MODEL 'anon_model' NOW (CHAIN 3).
Chain 2: 
Chain 2: Gradient evaluation took 0.000222 seconds
Chain 2: 1000 transitions using 10 leapfrog steps per transition would take 2.22 seconds.
Chain 2: Adjust your expectations accordingly!
Chain 2: 
Chain 2: 
Chain 3: 
Chain 3: Gradient evaluation took 0.000222 seconds
Chain 3: 1000 transitions using 10 leapfrog steps per transition would take 2.22 seconds.
Chain 3: Adjust your expectations accordingly!
Chain 3: 
Chain 3: 
Chain 1: Iteration:     1 / 12000 [  0%]  (Warmup)
Chain 2: Iteration:     1 / 12000 [  0%]  (Warmup)

SAMPLING FOR MODEL 'anon_model' NOW (CHAIN 4).
Chain 3: Iteration:     1 / 12000 [  0%]  (Warmup)
Chain 4: 
Chain 4: Gradient evaluation took 0.000217 seconds
Chain 4: 1000 transitions using 10 leapfrog steps per transition would take 2.17 seconds.
Chain 4: Adjust your expectations accordingly!
Chain 4: 
Chain 4: 
Chain 4: Iteration:     1 / 12000 [  0%]  (Warmup)
Chain 1: Iteration:  1200 / 12000 [ 10%]  (Warmup)
Chain 3: Iteration:  1200 / 12000 [ 10%]  (Warmup)
Chain 2: Iteration:  1200 / 12000 [ 10%]  (Warmup)
Chain 4: Iteration:  1200 / 12000 [ 10%]  (Warmup)
Chain 1: Iteration:  2400 / 12000 [ 20%]  (Warmup)
Chain 3: Iteration:  2400 / 12000 [ 20%]  (Warmup)
Chain 2: Iteration:  2400 / 12000 [ 20%]  (Warmup)
Chain 4: Iteration:  2400 / 12000 [ 20%]  (Warmup)
Chain 1: Iteration:  3600 / 12000 [ 30%]  (Warmup)
Chain 3: Iteration:  3600 / 12000 [ 30%]  (Warmup)
Chain 2: Iteration:  3600 / 12000 [ 30%]  (Warmup)
Chain 4: Iteration:  3600 / 12000 [ 30%]  (Warmup)
Chain 1: Iteration:  4800 / 12000 [ 40%]  (Warmup)
Chain 3: Iteration:  4800 / 12000 [ 40%]  (Warmup)
Chain 2: Iteration:  4800 / 12000 [ 40%]  (Warmup)
Chain 4: Iteration:  4800 / 12000 [ 40%]  (Warmup)
Chain 1: Iteration:  6000 / 12000 [ 50%]  (Warmup)
Chain 1: Iteration:  6001 / 12000 [ 50%]  (Sampling)
Chain 3: Iteration:  6000 / 12000 [ 50%]  (Warmup)
Chain 3: Iteration:  6001 / 12000 [ 50%]  (Sampling)
Chain 2: Iteration:  6000 / 12000 [ 50%]  (Warmup)
Chain 2: Iteration:  6001 / 12000 [ 50%]  (Sampling)
Chain 4: Iteration:  6000 / 12000 [ 50%]  (Warmup)
Chain 4: Iteration:  6001 / 12000 [ 50%]  (Sampling)
Chain 1: Iteration:  7200 / 12000 [ 60%]  (Sampling)
Chain 3: Iteration:  7200 / 12000 [ 60%]  (Sampling)
Chain 3: Iteration:  8400 / 12000 [ 70%]  (Sampling)
Chain 1: Iteration:  8400 / 12000 [ 70%]  (Sampling)
Chain 4: Iteration:  7200 / 12000 [ 60%]  (Sampling)
Chain 2: Iteration:  7200 / 12000 [ 60%]  (Sampling)
Chain 3: Iteration:  9600 / 12000 [ 80%]  (Sampling)
Chain 1: Iteration:  9600 / 12000 [ 80%]  (Sampling)
Chain 3: Iteration: 10800 / 12000 [ 90%]  (Sampling)
Chain 4: Iteration:  8400 / 12000 [ 70%]  (Sampling)
Chain 1: Iteration: 10800 / 12000 [ 90%]  (Sampling)
Chain 2: Iteration:  8400 / 12000 [ 70%]  (Sampling)
Chain 3: Iteration: 12000 / 12000 [100%]  (Sampling)
Chain 3: 
Chain 3:  Elapsed Time: 21.353 seconds (Warm-up)
Chain 3:                16.786 seconds (Sampling)
Chain 3:                38.139 seconds (Total)
Chain 3: 
Chain 1: Iteration: 12000 / 12000 [100%]  (Sampling)
Chain 1: 
Chain 1:  Elapsed Time: 21.051 seconds (Warm-up)
Chain 1:                17.865 seconds (Sampling)
Chain 1:                38.916 seconds (Total)
Chain 1: 
Chain 4: Iteration:  9600 / 12000 [ 80%]  (Sampling)
Chain 2: Iteration:  9600 / 12000 [ 80%]  (Sampling)
Chain 4: Iteration: 10800 / 12000 [ 90%]  (Sampling)
Chain 2: Iteration: 10800 / 12000 [ 90%]  (Sampling)
Chain 4: Iteration: 12000 / 12000 [100%]  (Sampling)
Chain 4: 
Chain 4:  Elapsed Time: 22.852 seconds (Warm-up)
Chain 4:                30.492 seconds (Sampling)
Chain 4:                53.344 seconds (Total)
Chain 4: 
Chain 2: Iteration: 12000 / 12000 [100%]  (Sampling)
Chain 2: 
Chain 2:  Elapsed Time: 22.745 seconds (Warm-up)
Chain 2:                33.761 seconds (Sampling)
Chain 2:                56.506 seconds (Total)
Chain 2: 
Done!
Fitting s2.json, 10/17

SAMPLING FOR MODEL 'anon_model' NOW (CHAIN 1).
Chain 1: 
Chain 1: Gradient evaluation took 0.000235 seconds
Chain 1: 1000 transitions using 10 leapfrog steps per transition would take 2.35 seconds.
Chain 1: Adjust your expectations accordingly!
Chain 1: 
Chain 1: 

SAMPLING FOR MODEL 'anon_model' NOW (CHAIN 2).
Chain 1: Iteration:     1 / 12000 [  0%]  (Warmup)
Chain 2: 
Chain 2: Gradient evaluation took 0.000399 seconds
Chain 2: 1000 transitions using 10 leapfrog steps per transition would take 3.99 seconds.
Chain 2: Adjust your expectations accordingly!
Chain 2: 
Chain 2: 

SAMPLING FOR MODEL 'anon_model' NOW (CHAIN 3).
Chain 3: 
Chain 3: Gradient evaluation took 0.000246 seconds
Chain 3: 1000 transitions using 10 leapfrog steps per transition would take 2.46 seconds.
Chain 3: Adjust your expectations accordingly!
Chain 3: 
Chain 3: 
Chain 2: Iteration:     1 / 12000 [  0%]  (Warmup)

SAMPLING FOR MODEL 'anon_model' NOW (CHAIN 4).
Chain 3: Iteration:     1 / 12000 [  0%]  (Warmup)
Chain 4: 
Chain 4: Gradient evaluation took 0.000218 seconds
Chain 4: 1000 transitions using 10 leapfrog steps per transition would take 2.18 seconds.
Chain 4: Adjust your expectations accordingly!
Chain 4: 
Chain 4: 
Chain 4: Iteration:     1 / 12000 [  0%]  (Warmup)
Chain 1: Iteration:  1200 / 12000 [ 10%]  (Warmup)
Chain 3: Iteration:  1200 / 12000 [ 10%]  (Warmup)
Chain 4: Iteration:  1200 / 12000 [ 10%]  (Warmup)
Chain 2: Iteration:  1200 / 12000 [ 10%]  (Warmup)
Chain 1: Iteration:  2400 / 12000 [ 20%]  (Warmup)
Chain 4: Iteration:  2400 / 12000 [ 20%]  (Warmup)
Chain 3: Iteration:  2400 / 12000 [ 20%]  (Warmup)
Chain 2: Iteration:  2400 / 12000 [ 20%]  (Warmup)
Chain 1: Iteration:  3600 / 12000 [ 30%]  (Warmup)
Chain 3: Iteration:  3600 / 12000 [ 30%]  (Warmup)
Chain 4: Iteration:  3600 / 12000 [ 30%]  (Warmup)
Chain 2: Iteration:  3600 / 12000 [ 30%]  (Warmup)
Chain 1: Iteration:  4800 / 12000 [ 40%]  (Warmup)
Chain 3: Iteration:  4800 / 12000 [ 40%]  (Warmup)
Chain 2: Iteration:  4800 / 12000 [ 40%]  (Warmup)
Chain 4: Iteration:  4800 / 12000 [ 40%]  (Warmup)
Chain 1: Iteration:  6000 / 12000 [ 50%]  (Warmup)
Chain 1: Iteration:  6001 / 12000 [ 50%]  (Sampling)
Chain 3: Iteration:  6000 / 12000 [ 50%]  (Warmup)
Chain 3: Iteration:  6001 / 12000 [ 50%]  (Sampling)
Chain 2: Iteration:  6000 / 12000 [ 50%]  (Warmup)
Chain 2: Iteration:  6001 / 12000 [ 50%]  (Sampling)
Chain 4: Iteration:  6000 / 12000 [ 50%]  (Warmup)
Chain 4: Iteration:  6001 / 12000 [ 50%]  (Sampling)
Chain 2: Iteration:  7200 / 12000 [ 60%]  (Sampling)
Chain 3: Iteration:  7200 / 12000 [ 60%]  (Sampling)
Chain 1: Iteration:  7200 / 12000 [ 60%]  (Sampling)
Chain 4: Iteration:  7200 / 12000 [ 60%]  (Sampling)
Chain 2: Iteration:  8400 / 12000 [ 70%]  (Sampling)
Chain 3: Iteration:  8400 / 12000 [ 70%]  (Sampling)
Chain 1: Iteration:  8400 / 12000 [ 70%]  (Sampling)
Chain 2: Iteration:  9600 / 12000 [ 80%]  (Sampling)
Chain 3: Iteration:  9600 / 12000 [ 80%]  (Sampling)
Chain 4: Iteration:  8400 / 12000 [ 70%]  (Sampling)
Chain 2: Iteration: 10800 / 12000 [ 90%]  (Sampling)
Chain 1: Iteration:  9600 / 12000 [ 80%]  (Sampling)
Chain 3: Iteration: 10800 / 12000 [ 90%]  (Sampling)
Chain 2: Iteration: 12000 / 12000 [100%]  (Sampling)
Chain 2: 
Chain 2:  Elapsed Time: 36.783 seconds (Warm-up)
Chain 2:                31.231 seconds (Sampling)
Chain 2:                68.014 seconds (Total)
Chain 2: 
Chain 4: Iteration:  9600 / 12000 [ 80%]  (Sampling)
Chain 1: Iteration: 10800 / 12000 [ 90%]  (Sampling)
Chain 3: Iteration: 12000 / 12000 [100%]  (Sampling)
Chain 3: 
Chain 3:  Elapsed Time: 36.523 seconds (Warm-up)
Chain 3:                35.981 seconds (Sampling)
Chain 3:                72.504 seconds (Total)
Chain 3: 
Chain 1: Iteration: 12000 / 12000 [100%]  (Sampling)
Chain 1: 
Chain 1:  Elapsed Time: 36.404 seconds (Warm-up)
Chain 1:                43.752 seconds (Sampling)
Chain 1:                80.156 seconds (Total)
Chain 1: 
Chain 4: Iteration: 10800 / 12000 [ 90%]  (Sampling)
Chain 4: Iteration: 12000 / 12000 [100%]  (Sampling)
Chain 4: 
Chain 4:  Elapsed Time: 37.164 seconds (Warm-up)
Chain 4:                56.286 seconds (Sampling)
Chain 4:                93.45 seconds (Total)
Chain 4: 
Done!
Fitting s3.json, 11/17

SAMPLING FOR MODEL 'anon_model' NOW (CHAIN 1).
Chain 1: 
Chain 1: Gradient evaluation took 0.000254 seconds
Chain 1: 1000 transitions using 10 leapfrog steps per transition would take 2.54 seconds.
Chain 1: Adjust your expectations accordingly!
Chain 1: 
Chain 1: 

SAMPLING FOR MODEL 'anon_model' NOW (CHAIN 2).
Chain 1: Iteration:     1 / 12000 [  0%]  (Warmup)
Chain 2: 
Chain 2: Gradient evaluation took 0.000241 seconds
Chain 2: 1000 transitions using 10 leapfrog steps per transition would take 2.41 seconds.
Chain 2: Adjust your expectations accordingly!
Chain 2: 
Chain 2: 

SAMPLING FOR MODEL 'anon_model' NOW (CHAIN 3).
Chain 3: 
Chain 3: Gradient evaluation took 0.000219 seconds
Chain 3: 1000 transitions using 10 leapfrog steps per transition would take 2.19 seconds.
Chain 3: Adjust your expectations accordingly!
Chain 3: 
Chain 3: 

SAMPLING FOR MODEL 'anon_model' NOW (CHAIN 4).
Chain 2: Iteration:     1 / 12000 [  0%]  (Warmup)
Chain 4: 
Chain 4: Gradient evaluation took 0.000259 seconds
Chain 4: 1000 transitions using 10 leapfrog steps per transition would take 2.59 seconds.
Chain 4: Adjust your expectations accordingly!
Chain 4: 
Chain 4: 
Chain 3: Iteration:     1 / 12000 [  0%]  (Warmup)
Chain 4: Iteration:     1 / 12000 [  0%]  (Warmup)
Chain 3: Iteration:  1200 / 12000 [ 10%]  (Warmup)
Chain 2: Iteration:  1200 / 12000 [ 10%]  (Warmup)
Chain 4: Iteration:  1200 / 12000 [ 10%]  (Warmup)
Chain 1: Iteration:  1200 / 12000 [ 10%]  (Warmup)
Chain 3: Iteration:  2400 / 12000 [ 20%]  (Warmup)
Chain 2: Iteration:  2400 / 12000 [ 20%]  (Warmup)
Chain 4: Iteration:  2400 / 12000 [ 20%]  (Warmup)
Chain 1: Iteration:  2400 / 12000 [ 20%]  (Warmup)
Chain 2: Iteration:  3600 / 12000 [ 30%]  (Warmup)
Chain 3: Iteration:  3600 / 12000 [ 30%]  (Warmup)
Chain 4: Iteration:  3600 / 12000 [ 30%]  (Warmup)
Chain 1: Iteration:  3600 / 12000 [ 30%]  (Warmup)
Chain 2: Iteration:  4800 / 12000 [ 40%]  (Warmup)
Chain 3: Iteration:  4800 / 12000 [ 40%]  (Warmup)
Chain 4: Iteration:  4800 / 12000 [ 40%]  (Warmup)
Chain 1: Iteration:  4800 / 12000 [ 40%]  (Warmup)
Chain 2: Iteration:  6000 / 12000 [ 50%]  (Warmup)
Chain 2: Iteration:  6001 / 12000 [ 50%]  (Sampling)
Chain 3: Iteration:  6000 / 12000 [ 50%]  (Warmup)
Chain 3: Iteration:  6001 / 12000 [ 50%]  (Sampling)
Chain 4: Iteration:  6000 / 12000 [ 50%]  (Warmup)
Chain 4: Iteration:  6001 / 12000 [ 50%]  (Sampling)
Chain 1: Iteration:  6000 / 12000 [ 50%]  (Warmup)
Chain 1: Iteration:  6001 / 12000 [ 50%]  (Sampling)
Chain 2: Iteration:  7200 / 12000 [ 60%]  (Sampling)
Chain 4: Iteration:  7200 / 12000 [ 60%]  (Sampling)
Chain 1: Iteration:  7200 / 12000 [ 60%]  (Sampling)
Chain 3: Iteration:  7200 / 12000 [ 60%]  (Sampling)
Chain 2: Iteration:  8400 / 12000 [ 70%]  (Sampling)
Chain 4: Iteration:  8400 / 12000 [ 70%]  (Sampling)
Chain 1: Iteration:  8400 / 12000 [ 70%]  (Sampling)
Chain 2: Iteration:  9600 / 12000 [ 80%]  (Sampling)
Chain 3: Iteration:  8400 / 12000 [ 70%]  (Sampling)
Chain 4: Iteration:  9600 / 12000 [ 80%]  (Sampling)
Chain 1: Iteration:  9600 / 12000 [ 80%]  (Sampling)
Chain 2: Iteration: 10800 / 12000 [ 90%]  (Sampling)
Chain 4: Iteration: 10800 / 12000 [ 90%]  (Sampling)
Chain 2: Iteration: 12000 / 12000 [100%]  (Sampling)
Chain 2: 
Chain 2:  Elapsed Time: 19.564 seconds (Warm-up)
Chain 2:                17.189 seconds (Sampling)
Chain 2:                36.753 seconds (Total)
Chain 2: 
Chain 1: Iteration: 10800 / 12000 [ 90%]  (Sampling)
Chain 3: Iteration:  9600 / 12000 [ 80%]  (Sampling)
Chain 4: Iteration: 12000 / 12000 [100%]  (Sampling)
Chain 4: 
Chain 4:  Elapsed Time: 21.051 seconds (Warm-up)
Chain 4:                18.354 seconds (Sampling)
Chain 4:                39.405 seconds (Total)
Chain 4: 
Chain 1: Iteration: 12000 / 12000 [100%]  (Sampling)
Chain 1: 
Chain 1:  Elapsed Time: 21.356 seconds (Warm-up)
Chain 1:                19.79 seconds (Sampling)
Chain 1:                41.146 seconds (Total)
Chain 1: 
Chain 3: Iteration: 10800 / 12000 [ 90%]  (Sampling)
Chain 3: Iteration: 12000 / 12000 [100%]  (Sampling)
Chain 3: 
Chain 3:  Elapsed Time: 20.046 seconds (Warm-up)
Chain 3:                28.601 seconds (Sampling)
Chain 3:                48.647 seconds (Total)
Chain 3: 
Done!
Fitting s4.json, 12/17

SAMPLING FOR MODEL 'anon_model' NOW (CHAIN 1).

SAMPLING FOR MODEL 'anon_model' NOW (CHAIN 2).
Chain 1: 
Chain 1: Gradient evaluation took 0.000238 seconds
Chain 1: 1000 transitions using 10 leapfrog steps per transition would take 2.38 seconds.
Chain 1: Adjust your expectations accordingly!
Chain 1: 
Chain 1: 
Chain 2: 
Chain 2: Gradient evaluation took 0.000218 seconds
Chain 2: 1000 transitions using 10 leapfrog steps per transition would take 2.18 seconds.
Chain 2: Adjust your expectations accordingly!
Chain 2: 
Chain 2: 

SAMPLING FOR MODEL 'anon_model' NOW (CHAIN 3).
Chain 1: Iteration:     1 / 12000 [  0%]  (Warmup)
Chain 2: Iteration:     1 / 12000 [  0%]  (Warmup)
Chain 3: 
Chain 3: Gradient evaluation took 0.000237 seconds
Chain 3: 1000 transitions using 10 leapfrog steps per transition would take 2.37 seconds.
Chain 3: Adjust your expectations accordingly!
Chain 3: 
Chain 3: 

SAMPLING FOR MODEL 'anon_model' NOW (CHAIN 4).
Chain 4: 
Chain 4: Gradient evaluation took 0.000212 seconds
Chain 4: 1000 transitions using 10 leapfrog steps per transition would take 2.12 seconds.
Chain 4: Adjust your expectations accordingly!
Chain 4: 
Chain 4: 
Chain 3: Iteration:     1 / 12000 [  0%]  (Warmup)
Chain 4: Iteration:     1 / 12000 [  0%]  (Warmup)
Chain 2: Iteration:  1200 / 12000 [ 10%]  (Warmup)
Chain 4: Iteration:  1200 / 12000 [ 10%]  (Warmup)
Chain 1: Iteration:  1200 / 12000 [ 10%]  (Warmup)
Chain 3: Iteration:  1200 / 12000 [ 10%]  (Warmup)
Chain 2: Iteration:  2400 / 12000 [ 20%]  (Warmup)
Chain 4: Iteration:  2400 / 12000 [ 20%]  (Warmup)
Chain 3: Iteration:  2400 / 12000 [ 20%]  (Warmup)
Chain 1: Iteration:  2400 / 12000 [ 20%]  (Warmup)
Chain 2: Iteration:  3600 / 12000 [ 30%]  (Warmup)
Chain 4: Iteration:  3600 / 12000 [ 30%]  (Warmup)
Chain 1: Iteration:  3600 / 12000 [ 30%]  (Warmup)
Chain 3: Iteration:  3600 / 12000 [ 30%]  (Warmup)
Chain 4: Iteration:  4800 / 12000 [ 40%]  (Warmup)
Chain 2: Iteration:  4800 / 12000 [ 40%]  (Warmup)
Chain 1: Iteration:  4800 / 12000 [ 40%]  (Warmup)
Chain 3: Iteration:  4800 / 12000 [ 40%]  (Warmup)
Chain 4: Iteration:  6000 / 12000 [ 50%]  (Warmup)
Chain 4: Iteration:  6001 / 12000 [ 50%]  (Sampling)
Chain 2: Iteration:  6000 / 12000 [ 50%]  (Warmup)
Chain 2: Iteration:  6001 / 12000 [ 50%]  (Sampling)
Chain 1: Iteration:  6000 / 12000 [ 50%]  (Warmup)
Chain 1: Iteration:  6001 / 12000 [ 50%]  (Sampling)
Chain 3: Iteration:  6000 / 12000 [ 50%]  (Warmup)
Chain 3: Iteration:  6001 / 12000 [ 50%]  (Sampling)
Chain 3: Iteration:  7200 / 12000 [ 60%]  (Sampling)
Chain 2: Iteration:  7200 / 12000 [ 60%]  (Sampling)
Chain 4: Iteration:  7200 / 12000 [ 60%]  (Sampling)
Chain 1: Iteration:  7200 / 12000 [ 60%]  (Sampling)
Chain 3: Iteration:  8400 / 12000 [ 70%]  (Sampling)
Chain 2: Iteration:  8400 / 12000 [ 70%]  (Sampling)
Chain 3: Iteration:  9600 / 12000 [ 80%]  (Sampling)
Chain 4: Iteration:  8400 / 12000 [ 70%]  (Sampling)
Chain 2: Iteration:  9600 / 12000 [ 80%]  (Sampling)
Chain 1: Iteration:  8400 / 12000 [ 70%]  (Sampling)
Chain 3: Iteration: 10800 / 12000 [ 90%]  (Sampling)
Chain 2: Iteration: 10800 / 12000 [ 90%]  (Sampling)
Chain 3: Iteration: 12000 / 12000 [100%]  (Sampling)
Chain 3: 
Chain 3:  Elapsed Time: 23.847 seconds (Warm-up)
Chain 3:                18.903 seconds (Sampling)
Chain 3:                42.75 seconds (Total)
Chain 3: 
Chain 4: Iteration:  9600 / 12000 [ 80%]  (Sampling)
Chain 2: Iteration: 12000 / 12000 [100%]  (Sampling)
Chain 2: 
Chain 2:  Elapsed Time: 23.262 seconds (Warm-up)
Chain 2:                23.167 seconds (Sampling)
Chain 2:                46.429 seconds (Total)
Chain 2: 
Chain 1: Iteration:  9600 / 12000 [ 80%]  (Sampling)
Chain 4: Iteration: 10800 / 12000 [ 90%]  (Sampling)
Chain 1: Iteration: 10800 / 12000 [ 90%]  (Sampling)
Chain 4: Iteration: 12000 / 12000 [100%]  (Sampling)
Chain 4: 
Chain 4:  Elapsed Time: 22.864 seconds (Warm-up)
Chain 4:                35.222 seconds (Sampling)
Chain 4:                58.086 seconds (Total)
Chain 4: 
Chain 1: Iteration: 12000 / 12000 [100%]  (Sampling)
Chain 1: 
Chain 1:  Elapsed Time: 23.781 seconds (Warm-up)
Chain 1:                37.529 seconds (Sampling)
Chain 1:                61.31 seconds (Total)
Chain 1: 
Done!
Fitting s5.json, 13/17

SAMPLING FOR MODEL 'anon_model' NOW (CHAIN 1).

SAMPLING FOR MODEL 'anon_model' NOW (CHAIN 2).
Chain 1: 
Chain 1: Gradient evaluation took 0.000249 seconds
Chain 1: 1000 transitions using 10 leapfrog steps per transition would take 2.49 seconds.
Chain 1: Adjust your expectations accordingly!
Chain 1: 
Chain 1: 
Chain 2: 
Chain 2: Gradient evaluation took 0.000233 seconds
Chain 2: 1000 transitions using 10 leapfrog steps per transition would take 2.33 seconds.
Chain 2: Adjust your expectations accordingly!
Chain 2: 
Chain 2: 
Chain 1: Iteration:     1 / 12000 [  0%]  (Warmup)
Chain 2: Iteration:     1 / 12000 [  0%]  (Warmup)

SAMPLING FOR MODEL 'anon_model' NOW (CHAIN 3).
Chain 3: 
Chain 3: Gradient evaluation took 0.000235 seconds
Chain 3: 1000 transitions using 10 leapfrog steps per transition would take 2.35 seconds.
Chain 3: Adjust your expectations accordingly!
Chain 3: 
Chain 3: 

SAMPLING FOR MODEL 'anon_model' NOW (CHAIN 4).
Chain 4: 
Chain 4: Gradient evaluation took 0.000215 seconds
Chain 4: 1000 transitions using 10 leapfrog steps per transition would take 2.15 seconds.
Chain 4: Adjust your expectations accordingly!
Chain 4: 
Chain 4: 
Chain 3: Iteration:     1 / 12000 [  0%]  (Warmup)
Chain 4: Iteration:     1 / 12000 [  0%]  (Warmup)
Chain 2: Iteration:  1200 / 12000 [ 10%]  (Warmup)
Chain 3: Iteration:  1200 / 12000 [ 10%]  (Warmup)
Chain 1: Iteration:  1200 / 12000 [ 10%]  (Warmup)
Chain 4: Iteration:  1200 / 12000 [ 10%]  (Warmup)
Chain 2: Iteration:  2400 / 12000 [ 20%]  (Warmup)
Chain 3: Iteration:  2400 / 12000 [ 20%]  (Warmup)
Chain 1: Iteration:  2400 / 12000 [ 20%]  (Warmup)
Chain 4: Iteration:  2400 / 12000 [ 20%]  (Warmup)
Chain 2: Iteration:  3600 / 12000 [ 30%]  (Warmup)
Chain 3: Iteration:  3600 / 12000 [ 30%]  (Warmup)
Chain 1: Iteration:  3600 / 12000 [ 30%]  (Warmup)
Chain 4: Iteration:  3600 / 12000 [ 30%]  (Warmup)
Chain 2: Iteration:  4800 / 12000 [ 40%]  (Warmup)
Chain 3: Iteration:  4800 / 12000 [ 40%]  (Warmup)
Chain 4: Iteration:  4800 / 12000 [ 40%]  (Warmup)
Chain 1: Iteration:  4800 / 12000 [ 40%]  (Warmup)
Chain 2: Iteration:  6000 / 12000 [ 50%]  (Warmup)
Chain 2: Iteration:  6001 / 12000 [ 50%]  (Sampling)
Chain 3: Iteration:  6000 / 12000 [ 50%]  (Warmup)
Chain 3: Iteration:  6001 / 12000 [ 50%]  (Sampling)
Chain 4: Iteration:  6000 / 12000 [ 50%]  (Warmup)
Chain 4: Iteration:  6001 / 12000 [ 50%]  (Sampling)
Chain 1: Iteration:  6000 / 12000 [ 50%]  (Warmup)
Chain 1: Iteration:  6001 / 12000 [ 50%]  (Sampling)
Chain 2: Iteration:  7200 / 12000 [ 60%]  (Sampling)
Chain 4: Iteration:  7200 / 12000 [ 60%]  (Sampling)
Chain 3: Iteration:  7200 / 12000 [ 60%]  (Sampling)
Chain 1: Iteration:  7200 / 12000 [ 60%]  (Sampling)
Chain 2: Iteration:  8400 / 12000 [ 70%]  (Sampling)
Chain 4: Iteration:  8400 / 12000 [ 70%]  (Sampling)
Chain 3: Iteration:  8400 / 12000 [ 70%]  (Sampling)
Chain 2: Iteration:  9600 / 12000 [ 80%]  (Sampling)
Chain 1: Iteration:  8400 / 12000 [ 70%]  (Sampling)
Chain 4: Iteration:  9600 / 12000 [ 80%]  (Sampling)
Chain 2: Iteration: 10800 / 12000 [ 90%]  (Sampling)
Chain 1: Iteration:  9600 / 12000 [ 80%]  (Sampling)
Chain 3: Iteration:  9600 / 12000 [ 80%]  (Sampling)
Chain 2: Iteration: 12000 / 12000 [100%]  (Sampling)
Chain 2: 
Chain 2:  Elapsed Time: 27.949 seconds (Warm-up)
Chain 2:                22.574 seconds (Sampling)
Chain 2:                50.523 seconds (Total)
Chain 2: 
Chain 4: Iteration: 10800 / 12000 [ 90%]  (Sampling)
Chain 1: Iteration: 10800 / 12000 [ 90%]  (Sampling)
Chain 3: Iteration: 10800 / 12000 [ 90%]  (Sampling)
Chain 4: Iteration: 12000 / 12000 [100%]  (Sampling)
Chain 4: 
Chain 4:  Elapsed Time: 29.636 seconds (Warm-up)
Chain 4:                27.276 seconds (Sampling)
Chain 4:                56.912 seconds (Total)
Chain 4: 
Chain 1: Iteration: 12000 / 12000 [100%]  (Sampling)
Chain 1: 
Chain 1:  Elapsed Time: 30.141 seconds (Warm-up)
Chain 1:                28.585 seconds (Sampling)
Chain 1:                58.726 seconds (Total)
Chain 1: 
Chain 3: Iteration: 12000 / 12000 [100%]  (Sampling)
Chain 3: 
Chain 3:  Elapsed Time: 28.554 seconds (Warm-up)
Chain 3:                31.712 seconds (Sampling)
Chain 3:                60.266 seconds (Total)
Chain 3: 
Done!
Fitting s6.json, 14/17

SAMPLING FOR MODEL 'anon_model' NOW (CHAIN 1).
Chain 1: 
Chain 1: Gradient evaluation took 0.000248 seconds
Chain 1: 1000 transitions using 10 leapfrog steps per transition would take 2.48 seconds.
Chain 1: Adjust your expectations accordingly!
Chain 1: 
Chain 1: 

SAMPLING FOR MODEL 'anon_model' NOW (CHAIN 2).
Chain 2: 
Chain 2: Gradient evaluation took 0.00022 seconds
Chain 2: 1000 transitions using 10 leapfrog steps per transition would take 2.2 seconds.
Chain 2: Adjust your expectations accordingly!
Chain 2: 
Chain 2: 
Chain 1: 
SAMPLING FOR MODEL 'anon_model' NOW (CHAIN 3).
Iteration:     1 / 12000 [  0%]  (Warmup)
Chain 3: 
Chain 3: Gradient evaluation took 0.000234 seconds
Chain 3: 1000 transitions using 10 leapfrog steps per transition would take 2.34 seconds.
Chain 3: Adjust your expectations accordingly!
Chain 3: 
Chain 3: 
Chain 2: Iteration:     1 / 12000 [  0%]  (Warmup)

SAMPLING FOR MODEL 'anon_model' NOW (CHAIN 4).
Chain 3: Iteration:     1 / 12000 [  0%]  (Warmup)
Chain 4: 
Chain 4: Gradient evaluation took 0.000253 seconds
Chain 4: 1000 transitions using 10 leapfrog steps per transition would take 2.53 seconds.
Chain 4: Adjust your expectations accordingly!
Chain 4: 
Chain 4: 
Chain 4: Iteration:     1 / 12000 [  0%]  (Warmup)
Chain 1: Iteration:  1200 / 12000 [ 10%]  (Warmup)
Chain 2: Iteration:  1200 / 12000 [ 10%]  (Warmup)
Chain 3: Iteration:  1200 / 12000 [ 10%]  (Warmup)
Chain 4: Iteration:  1200 / 12000 [ 10%]  (Warmup)
Chain 1: Iteration:  2400 / 12000 [ 20%]  (Warmup)
Chain 2: Iteration:  2400 / 12000 [ 20%]  (Warmup)
Chain 3: Iteration:  2400 / 12000 [ 20%]  (Warmup)
Chain 4: Iteration:  2400 / 12000 [ 20%]  (Warmup)
Chain 1: Iteration:  3600 / 12000 [ 30%]  (Warmup)
Chain 2: Iteration:  3600 / 12000 [ 30%]  (Warmup)
Chain 3: Iteration:  3600 / 12000 [ 30%]  (Warmup)
Chain 4: Iteration:  3600 / 12000 [ 30%]  (Warmup)
Chain 1: Iteration:  4800 / 12000 [ 40%]  (Warmup)
Chain 2: Iteration:  4800 / 12000 [ 40%]  (Warmup)
Chain 3: Iteration:  4800 / 12000 [ 40%]  (Warmup)
Chain 4: Iteration:  4800 / 12000 [ 40%]  (Warmup)
Chain 2: Iteration:  6000 / 12000 [ 50%]  (Warmup)
Chain 2: Iteration:  6001 / 12000 [ 50%]  (Sampling)
Chain 1: Iteration:  6000 / 12000 [ 50%]  (Warmup)
Chain 1: Iteration:  6001 / 12000 [ 50%]  (Sampling)
Chain 3: Iteration:  6000 / 12000 [ 50%]  (Warmup)
Chain 3: Iteration:  6001 / 12000 [ 50%]  (Sampling)
Chain 4: Iteration:  6000 / 12000 [ 50%]  (Warmup)
Chain 4: Iteration:  6001 / 12000 [ 50%]  (Sampling)
Chain 2: Iteration:  7200 / 12000 [ 60%]  (Sampling)
Chain 4: Iteration:  7200 / 12000 [ 60%]  (Sampling)
Chain 2: Iteration:  8400 / 12000 [ 70%]  (Sampling)
Chain 3: Iteration:  7200 / 12000 [ 60%]  (Sampling)
Chain 1: Iteration:  7200 / 12000 [ 60%]  (Sampling)
Chain 4: Iteration:  8400 / 12000 [ 70%]  (Sampling)
Chain 2: Iteration:  9600 / 12000 [ 80%]  (Sampling)
Chain 2: Iteration: 10800 / 12000 [ 90%]  (Sampling)
Chain 4: Iteration:  9600 / 12000 [ 80%]  (Sampling)
Chain 3: Iteration:  8400 / 12000 [ 70%]  (Sampling)
Chain 1: Iteration:  8400 / 12000 [ 70%]  (Sampling)
Chain 2: Iteration: 12000 / 12000 [100%]  (Sampling)
Chain 2: 
Chain 2:  Elapsed Time: 25.528 seconds (Warm-up)
Chain 2:                20.279 seconds (Sampling)
Chain 2:                45.807 seconds (Total)
Chain 2: 
Chain 4: Iteration: 10800 / 12000 [ 90%]  (Sampling)
Chain 3: Iteration:  9600 / 12000 [ 80%]  (Sampling)
Chain 4: Iteration: 12000 / 12000 [100%]  (Sampling)
Chain 4: 
Chain 4:  Elapsed Time: 26.687 seconds (Warm-up)
Chain 4:                25.486 seconds (Sampling)
Chain 4:                52.173 seconds (Total)
Chain 4: 
Chain 1: Iteration:  9600 / 12000 [ 80%]  (Sampling)
Chain 3: Iteration: 10800 / 12000 [ 90%]  (Sampling)
Chain 1: Iteration: 10800 / 12000 [ 90%]  (Sampling)
Chain 3: Iteration: 12000 / 12000 [100%]  (Sampling)
Chain 3: 
Chain 3:  Elapsed Time: 26.349 seconds (Warm-up)
Chain 3:                41.236 seconds (Sampling)
Chain 3:                67.585 seconds (Total)
Chain 3: 
Chain 1: Iteration: 12000 / 12000 [100%]  (Sampling)
Chain 1: 
Chain 1:  Elapsed Time: 26.006 seconds (Warm-up)
Chain 1:                42.897 seconds (Sampling)
Chain 1:                68.903 seconds (Total)
Chain 1: 
Done!
Fitting s7.json, 15/17

SAMPLING FOR MODEL 'anon_model' NOW (CHAIN 1).
Chain 1: 
Chain 1: Gradient evaluation took 0.000235 seconds
Chain 1: 1000 transitions using 10 leapfrog steps per transition would take 2.35 seconds.
Chain 1: Adjust your expectations accordingly!
Chain 1: 
Chain 1: 

SAMPLING FOR MODEL 'anon_model' NOW (CHAIN 2).
Chain 1: Iteration:     1 / 12000 [  0%]  (Warmup)

SAMPLING FOR MODEL 'anon_model' NOW (CHAIN 3).
Chain 2: 
Chain 2: Gradient evaluation took 0.000228 seconds
Chain 2: 1000 transitions using 10 leapfrog steps per transition would take 2.28 seconds.
Chain 2: Adjust your expectations accordingly!
Chain 2: 
Chain 2: 
Chain 3: 
Chain 3: Gradient evaluation took 0.000226 seconds
Chain 3: 1000 transitions using 10 leapfrog steps per transition would take 2.26 seconds.
Chain 3: Adjust your expectations accordingly!
Chain 3: 
Chain 3: 
Chain 2: Iteration:     1 / 12000 [  0%]  (Warmup)

SAMPLING FOR MODEL 'anon_model' NOW (CHAIN 4).
Chain 3: Iteration:     1 / 12000 [  0%]  (Warmup)
Chain 4: 
Chain 4: Gradient evaluation took 0.000222 seconds
Chain 4: 1000 transitions using 10 leapfrog steps per transition would take 2.22 seconds.
Chain 4: Adjust your expectations accordingly!
Chain 4: 
Chain 4: 
Chain 4: Iteration:     1 / 12000 [  0%]  (Warmup)
Chain 2: Iteration:  1200 / 12000 [ 10%]  (Warmup)
Chain 4: Iteration:  1200 / 12000 [ 10%]  (Warmup)
Chain 1: Iteration:  1200 / 12000 [ 10%]  (Warmup)
Chain 3: Iteration:  1200 / 12000 [ 10%]  (Warmup)
Chain 1: Iteration:  2400 / 12000 [ 20%]  (Warmup)
Chain 4: Iteration:  2400 / 12000 [ 20%]  (Warmup)
Chain 2: Iteration:  2400 / 12000 [ 20%]  (Warmup)
Chain 3: Iteration:  2400 / 12000 [ 20%]  (Warmup)
Chain 1: Iteration:  3600 / 12000 [ 30%]  (Warmup)
Chain 4: Iteration:  3600 / 12000 [ 30%]  (Warmup)
Chain 2: Iteration:  3600 / 12000 [ 30%]  (Warmup)
Chain 3: Iteration:  3600 / 12000 [ 30%]  (Warmup)
Chain 1: Iteration:  4800 / 12000 [ 40%]  (Warmup)
Chain 4: Iteration:  4800 / 12000 [ 40%]  (Warmup)
Chain 2: Iteration:  4800 / 12000 [ 40%]  (Warmup)
Chain 3: Iteration:  4800 / 12000 [ 40%]  (Warmup)
Chain 1: Iteration:  6000 / 12000 [ 50%]  (Warmup)
Chain 1: Iteration:  6001 / 12000 [ 50%]  (Sampling)
Chain 2: Iteration:  6000 / 12000 [ 50%]  (Warmup)
Chain 2: Iteration:  6001 / 12000 [ 50%]  (Sampling)
Chain 4: Iteration:  6000 / 12000 [ 50%]  (Warmup)
Chain 4: Iteration:  6001 / 12000 [ 50%]  (Sampling)
Chain 3: Iteration:  6000 / 12000 [ 50%]  (Warmup)
Chain 3: Iteration:  6001 / 12000 [ 50%]  (Sampling)
Chain 1: Iteration:  7200 / 12000 [ 60%]  (Sampling)
Chain 4: Iteration:  7200 / 12000 [ 60%]  (Sampling)
Chain 1: Iteration:  8400 / 12000 [ 70%]  (Sampling)
Chain 2: Iteration:  7200 / 12000 [ 60%]  (Sampling)
Chain 3: Iteration:  7200 / 12000 [ 60%]  (Sampling)
Chain 1: Iteration:  9600 / 12000 [ 80%]  (Sampling)
Chain 4: Iteration:  8400 / 12000 [ 70%]  (Sampling)
Chain 2: Iteration:  8400 / 12000 [ 70%]  (Sampling)
Chain 1: Iteration: 10800 / 12000 [ 90%]  (Sampling)
Chain 3: Iteration:  8400 / 12000 [ 70%]  (Sampling)
Chain 4: Iteration:  9600 / 12000 [ 80%]  (Sampling)
Chain 1: Iteration: 12000 / 12000 [100%]  (Sampling)
Chain 1: 
Chain 1:  Elapsed Time: 35.293 seconds (Warm-up)
Chain 1:                31.727 seconds (Sampling)
Chain 1:                67.02 seconds (Total)
Chain 1: 
Chain 2: Iteration:  9600 / 12000 [ 80%]  (Sampling)
Chain 4: Iteration: 10800 / 12000 [ 90%]  (Sampling)
Chain 3: Iteration:  9600 / 12000 [ 80%]  (Sampling)
Chain 2: Iteration: 10800 / 12000 [ 90%]  (Sampling)
Chain 4: Iteration: 12000 / 12000 [100%]  (Sampling)
Chain 4: 
Chain 4:  Elapsed Time: 37.064 seconds (Warm-up)
Chain 4:                46.606 seconds (Sampling)
Chain 4:                83.67 seconds (Total)
Chain 4: 
Chain 3: Iteration: 10800 / 12000 [ 90%]  (Sampling)
Chain 2: Iteration: 12000 / 12000 [100%]  (Sampling)
Chain 2: 
Chain 2:  Elapsed Time: 37.01 seconds (Warm-up)
Chain 2:                56.089 seconds (Sampling)
Chain 2:                93.099 seconds (Total)
Chain 2: 
Chain 3: Iteration: 12000 / 12000 [100%]  (Sampling)
Chain 3: 
Chain 3:  Elapsed Time: 38.611 seconds (Warm-up)
Chain 3:                63.941 seconds (Sampling)
Chain 3:                102.552 seconds (Total)
Chain 3: 
Done!
Fitting s8.json, 16/17

SAMPLING FOR MODEL 'anon_model' NOW (CHAIN 1).
Chain 1: 
Chain 1: Gradient evaluation took 0.000245 seconds
Chain 1: 1000 transitions using 10 leapfrog steps per transition would take 2.45 seconds.
Chain 1: Adjust your expectations accordingly!
Chain 1: 
Chain 1: 

SAMPLING FOR MODEL 'anon_model' NOW (CHAIN 2).
Chain 2: 
Chain 2: Gradient evaluation took 0.000229 seconds
Chain 2: 1000 transitions using 10 leapfrog steps per transition would take 2.29 seconds.
Chain 2: Adjust your expectations accordingly!
Chain 2: 
Chain 2: 
Chain 1: Iteration:     1 / 12000 [  0%]  (Warmup)

SAMPLING FOR MODEL 'anon_model' NOW (CHAIN 3).
Chain 2: Iteration:     1 / 12000 [  0%]  (Warmup)
Chain 3: 
Chain 3: Gradient evaluation took 0.000224 seconds
Chain 3: 1000 transitions using 10 leapfrog steps per transition would take 2.24 seconds.
Chain 3: Adjust your expectations accordingly!
Chain 3: 
Chain 3: 

SAMPLING FOR MODEL 'anon_model' NOW (CHAIN 4).
Chain 4: 
Chain 4: Gradient evaluation took 0.000206 seconds
Chain 4: 1000 transitions using 10 leapfrog steps per transition would take 2.06 seconds.
Chain 4: Adjust your expectations accordingly!
Chain 4: 
Chain 4: 
Chain 3: Iteration:     1 / 12000 [  0%]  (Warmup)
Chain 4: Iteration:     1 / 12000 [  0%]  (Warmup)
Chain 3: Iteration:  1200 / 12000 [ 10%]  (Warmup)
Chain 2: Iteration:  1200 / 12000 [ 10%]  (Warmup)
Chain 4: Iteration:  1200 / 12000 [ 10%]  (Warmup)
Chain 1: Iteration:  1200 / 12000 [ 10%]  (Warmup)
Chain 4: Iteration:  2400 / 12000 [ 20%]  (Warmup)
Chain 2: Iteration:  2400 / 12000 [ 20%]  (Warmup)
Chain 3: Iteration:  2400 / 12000 [ 20%]  (Warmup)
Chain 1: Iteration:  2400 / 12000 [ 20%]  (Warmup)
Chain 3: Iteration:  3600 / 12000 [ 30%]  (Warmup)
Chain 2: Iteration:  3600 / 12000 [ 30%]  (Warmup)
Chain 4: Iteration:  3600 / 12000 [ 30%]  (Warmup)
Chain 1: Iteration:  3600 / 12000 [ 30%]  (Warmup)
Chain 3: Iteration:  4800 / 12000 [ 40%]  (Warmup)
Chain 2: Iteration:  4800 / 12000 [ 40%]  (Warmup)
Chain 4: Iteration:  4800 / 12000 [ 40%]  (Warmup)
Chain 1: Iteration:  4800 / 12000 [ 40%]  (Warmup)
Chain 2: Iteration:  6000 / 12000 [ 50%]  (Warmup)
Chain 2: Iteration:  6001 / 12000 [ 50%]  (Sampling)
Chain 3: Iteration:  6000 / 12000 [ 50%]  (Warmup)
Chain 3: Iteration:  6001 / 12000 [ 50%]  (Sampling)
Chain 4: Iteration:  6000 / 12000 [ 50%]  (Warmup)
Chain 4: Iteration:  6001 / 12000 [ 50%]  (Sampling)
Chain 1: Iteration:  6000 / 12000 [ 50%]  (Warmup)
Chain 1: Iteration:  6001 / 12000 [ 50%]  (Sampling)
Chain 3: Iteration:  7200 / 12000 [ 60%]  (Sampling)
Chain 2: Iteration:  7200 / 12000 [ 60%]  (Sampling)
Chain 1: Iteration:  7200 / 12000 [ 60%]  (Sampling)
Chain 4: Iteration:  7200 / 12000 [ 60%]  (Sampling)
Chain 3: Iteration:  8400 / 12000 [ 70%]  (Sampling)
Chain 2: Iteration:  8400 / 12000 [ 70%]  (Sampling)
Chain 1: Iteration:  8400 / 12000 [ 70%]  (Sampling)
Chain 3: Iteration:  9600 / 12000 [ 80%]  (Sampling)
Chain 2: Iteration:  9600 / 12000 [ 80%]  (Sampling)
Chain 4: Iteration:  8400 / 12000 [ 70%]  (Sampling)
Chain 1: Iteration:  9600 / 12000 [ 80%]  (Sampling)
Chain 3: Iteration: 10800 / 12000 [ 90%]  (Sampling)
Chain 2: Iteration: 10800 / 12000 [ 90%]  (Sampling)
Chain 3: Iteration: 12000 / 12000 [100%]  (Sampling)
Chain 3: 
Chain 3:  Elapsed Time: 27.909 seconds (Warm-up)
Chain 3:                26.646 seconds (Sampling)
Chain 3:                54.555 seconds (Total)
Chain 3: 
Chain 1: Iteration: 10800 / 12000 [ 90%]  (Sampling)
Chain 2: Iteration: 12000 / 12000 [100%]  (Sampling)
Chain 2: 
Chain 2:  Elapsed Time: 27.819 seconds (Warm-up)
Chain 2:                27.229 seconds (Sampling)
Chain 2:                55.048 seconds (Total)
Chain 2: 
Chain 4: Iteration:  9600 / 12000 [ 80%]  (Sampling)
Chain 1: Iteration: 12000 / 12000 [100%]  (Sampling)
Chain 1: 
Chain 1:  Elapsed Time: 29.79 seconds (Warm-up)
Chain 1:                30.812 seconds (Sampling)
Chain 1:                60.602 seconds (Total)
Chain 1: 
Chain 4: Iteration: 10800 / 12000 [ 90%]  (Sampling)
Chain 4: Iteration: 12000 / 12000 [100%]  (Sampling)
Chain 4: 
Chain 4:  Elapsed Time: 28.586 seconds (Warm-up)
Chain 4:                46.33 seconds (Sampling)
Chain 4:                74.916 seconds (Total)
Chain 4: 
Done!
Fitting s9.json, 17/17

SAMPLING FOR MODEL 'anon_model' NOW (CHAIN 1).
Chain 1: 
Chain 1: Gradient evaluation took 0.000234 seconds
Chain 1: 1000 transitions using 10 leapfrog steps per transition would take 2.34 seconds.
Chain 1: Adjust your expectations accordingly!
Chain 1: 
Chain 1: 

SAMPLING FOR MODEL 'anon_model' NOW (CHAIN 2).
Chain 2: 
Chain 2: Gradient evaluation took 0.00024 seconds
Chain 2: 1000 transitions using 10 leapfrog steps per transition would take 2.4 seconds.
Chain 2: Adjust your expectations accordingly!
Chain 2: 
Chain 2: 

SAMPLING FOR MODEL 'anon_model' NOW (CHAIN 3).
Chain 1: Iteration:     1 / 12000 [  0%]  (Warmup)
Chain 3: 
Chain 3: Gradient evaluation took 0.000226 seconds
Chain 3: 1000 transitions using 10 leapfrog steps per transition would take 2.26 seconds.
Chain 3: Adjust your expectations accordingly!
Chain 3: 
Chain 3: 
Chain 2: Iteration:     1 / 12000 [  0%]  (Warmup)

SAMPLING FOR MODEL 'anon_model' NOW (CHAIN 4).
Chain 3: Iteration:     1 / 12000 [  0%]  (Warmup)
Chain 4: 
Chain 4: Gradient evaluation took 0.000219 seconds
Chain 4: 1000 transitions using 10 leapfrog steps per transition would take 2.19 seconds.
Chain 4: Adjust your expectations accordingly!
Chain 4: 
Chain 4: 
Chain 4: Iteration:     1 / 12000 [  0%]  (Warmup)
Chain 2: Iteration:  1200 / 12000 [ 10%]  (Warmup)
Chain 4: Iteration:  1200 / 12000 [ 10%]  (Warmup)
Chain 1: Iteration:  1200 / 12000 [ 10%]  (Warmup)
Chain 3: Iteration:  1200 / 12000 [ 10%]  (Warmup)
Chain 2: Iteration:  2400 / 12000 [ 20%]  (Warmup)
Chain 3: Iteration:  2400 / 12000 [ 20%]  (Warmup)
Chain 4: Iteration:  2400 / 12000 [ 20%]  (Warmup)
Chain 1: Iteration:  2400 / 12000 [ 20%]  (Warmup)
Chain 2: Iteration:  3600 / 12000 [ 30%]  (Warmup)
Chain 3: Iteration:  3600 / 12000 [ 30%]  (Warmup)
Chain 4: Iteration:  3600 / 12000 [ 30%]  (Warmup)
Chain 1: Iteration:  3600 / 12000 [ 30%]  (Warmup)
Chain 2: Iteration:  4800 / 12000 [ 40%]  (Warmup)
Chain 4: Iteration:  4800 / 12000 [ 40%]  (Warmup)
Chain 3: Iteration:  4800 / 12000 [ 40%]  (Warmup)
Chain 1: Iteration:  4800 / 12000 [ 40%]  (Warmup)
Chain 2: Iteration:  6000 / 12000 [ 50%]  (Warmup)
Chain 2: Iteration:  6001 / 12000 [ 50%]  (Sampling)
Chain 4: Iteration:  6000 / 12000 [ 50%]  (Warmup)
Chain 4: Iteration:  6001 / 12000 [ 50%]  (Sampling)
Chain 1: Iteration:  6000 / 12000 [ 50%]  (Warmup)
Chain 1: Iteration:  6001 / 12000 [ 50%]  (Sampling)
Chain 3: Iteration:  6000 / 12000 [ 50%]  (Warmup)
Chain 3: Iteration:  6001 / 12000 [ 50%]  (Sampling)
Chain 4: Iteration:  7200 / 12000 [ 60%]  (Sampling)
Chain 2: Iteration:  7200 / 12000 [ 60%]  (Sampling)
Chain 1: Iteration:  7200 / 12000 [ 60%]  (Sampling)
Chain 3: Iteration:  7200 / 12000 [ 60%]  (Sampling)
Chain 4: Iteration:  8400 / 12000 [ 70%]  (Sampling)
Chain 1: Iteration:  8400 / 12000 [ 70%]  (Sampling)
Chain 2: Iteration:  8400 / 12000 [ 70%]  (Sampling)
Chain 3: Iteration:  8400 / 12000 [ 70%]  (Sampling)
Chain 4: Iteration:  9600 / 12000 [ 80%]  (Sampling)
Chain 1: Iteration:  9600 / 12000 [ 80%]  (Sampling)
Chain 2: Iteration:  9600 / 12000 [ 80%]  (Sampling)
Chain 4: Iteration: 10800 / 12000 [ 90%]  (Sampling)
Chain 1: Iteration: 10800 / 12000 [ 90%]  (Sampling)
Chain 3: Iteration:  9600 / 12000 [ 80%]  (Sampling)
Chain 2: Iteration: 10800 / 12000 [ 90%]  (Sampling)
Chain 4: Iteration: 12000 / 12000 [100%]  (Sampling)
Chain 4: 
Chain 4:  Elapsed Time: 42.135 seconds (Warm-up)
Chain 4:                36.843 seconds (Sampling)
Chain 4:                78.978 seconds (Total)
Chain 4: 
Chain 1: Iteration: 12000 / 12000 [100%]  (Sampling)
Chain 1: 
Chain 1:  Elapsed Time: 42.266 seconds (Warm-up)
Chain 1:                38.607 seconds (Sampling)
Chain 1:                80.873 seconds (Total)
Chain 1: 
Chain 3: Iteration: 10800 / 12000 [ 90%]  (Sampling)
Chain 2: Iteration: 12000 / 12000 [100%]  (Sampling)
Chain 2: 
Chain 2:  Elapsed Time: 40.754 seconds (Warm-up)
Chain 2:                44.845 seconds (Sampling)
Chain 2:                85.599 seconds (Total)
Chain 2: 
Chain 3: Iteration: 12000 / 12000 [100%]  (Sampling)
Chain 3: 
Chain 3:  Elapsed Time: 42.661 seconds (Warm-up)
Chain 3:                52.239 seconds (Sampling)
Chain 3:                94.9 seconds (Total)
Chain 3: 
Done!
Assumed model: m3 (model_index = 3 )
Fitting s0.json, 1/17

SAMPLING FOR MODEL 'anon_model' NOW (CHAIN 1).

SAMPLING FOR MODEL 'anon_model' NOW (CHAIN 2).
Chain 1: 
Chain 1: Gradient evaluation took 0.00023 seconds
Chain 1: 1000 transitions using 10 leapfrog steps per transition would take 2.3 seconds.
Chain 1: Adjust your expectations accordingly!
Chain 1: 
Chain 1: 
Chain 2: 
Chain 2: Gradient evaluation took 0.000224 seconds
Chain 2: 1000 transitions using 10 leapfrog steps per transition would take 2.24 seconds.
Chain 2: Adjust your expectations accordingly!
Chain 2: 
Chain 2: 

SAMPLING FOR MODEL 'anon_model' NOW (CHAIN 3).
Chain 1: Iteration:     1 / 12000 [  0%]  (Warmup)
Chain 3: 
Chain 3: Gradient evaluation took 0.00021 seconds
Chain 3: 1000 transitions using 10 leapfrog steps per transition would take 2.1 seconds.
Chain 3: Adjust your expectations accordingly!
Chain 3: 
Chain 3: 
Chain 2: Iteration:     1 / 12000 [  0%]  (Warmup)

SAMPLING FOR MODEL 'anon_model' NOW (CHAIN 4).
Chain 3: Iteration:     1 / 12000 [  0%]  (Warmup)
Chain 4: 
Chain 4: Gradient evaluation took 0.00023 seconds
Chain 4: 1000 transitions using 10 leapfrog steps per transition would take 2.3 seconds.
Chain 4: Adjust your expectations accordingly!
Chain 4: 
Chain 4: 
Chain 4: Iteration:     1 / 12000 [  0%]  (Warmup)
Chain 3: Iteration:  1200 / 12000 [ 10%]  (Warmup)
Chain 4: Iteration:  1200 / 12000 [ 10%]  (Warmup)
Chain 1: Iteration:  1200 / 12000 [ 10%]  (Warmup)
Chain 2: Iteration:  1200 / 12000 [ 10%]  (Warmup)
Chain 3: Iteration:  2400 / 12000 [ 20%]  (Warmup)
Chain 4: Iteration:  2400 / 12000 [ 20%]  (Warmup)
Chain 1: Iteration:  2400 / 12000 [ 20%]  (Warmup)
Chain 2: Iteration:  2400 / 12000 [ 20%]  (Warmup)
Chain 3: Iteration:  3600 / 12000 [ 30%]  (Warmup)
Chain 4: Iteration:  3600 / 12000 [ 30%]  (Warmup)
Chain 1: Iteration:  3600 / 12000 [ 30%]  (Warmup)
Chain 2: Iteration:  3600 / 12000 [ 30%]  (Warmup)
Chain 3: Iteration:  4800 / 12000 [ 40%]  (Warmup)
Chain 4: Iteration:  4800 / 12000 [ 40%]  (Warmup)
Chain 1: Iteration:  4800 / 12000 [ 40%]  (Warmup)
Chain 2: Iteration:  4800 / 12000 [ 40%]  (Warmup)
Chain 3: Iteration:  6000 / 12000 [ 50%]  (Warmup)
Chain 3: Iteration:  6001 / 12000 [ 50%]  (Sampling)
Chain 4: Iteration:  6000 / 12000 [ 50%]  (Warmup)
Chain 4: Iteration:  6001 / 12000 [ 50%]  (Sampling)
Chain 1: Iteration:  6000 / 12000 [ 50%]  (Warmup)
Chain 1: Iteration:  6001 / 12000 [ 50%]  (Sampling)
Chain 2: Iteration:  6000 / 12000 [ 50%]  (Warmup)
Chain 2: Iteration:  6001 / 12000 [ 50%]  (Sampling)
Chain 2: Iteration:  7200 / 12000 [ 60%]  (Sampling)
Chain 1: Iteration:  7200 / 12000 [ 60%]  (Sampling)
Chain 3: Iteration:  7200 / 12000 [ 60%]  (Sampling)
Chain 4: Iteration:  7200 / 12000 [ 60%]  (Sampling)
Chain 2: Iteration:  8400 / 12000 [ 70%]  (Sampling)
Chain 1: Iteration:  8400 / 12000 [ 70%]  (Sampling)
Chain 3: Iteration:  8400 / 12000 [ 70%]  (Sampling)
Chain 4: Iteration:  8400 / 12000 [ 70%]  (Sampling)
Chain 2: Iteration:  9600 / 12000 [ 80%]  (Sampling)
Chain 1: Iteration:  9600 / 12000 [ 80%]  (Sampling)
Chain 2: Iteration: 10800 / 12000 [ 90%]  (Sampling)
Chain 3: Iteration:  9600 / 12000 [ 80%]  (Sampling)
Chain 1: Iteration: 10800 / 12000 [ 90%]  (Sampling)
Chain 4: Iteration:  9600 / 12000 [ 80%]  (Sampling)
Chain 2: Iteration: 12000 / 12000 [100%]  (Sampling)
Chain 2: 
Chain 2:  Elapsed Time: 33.728 seconds (Warm-up)
Chain 2:                27.132 seconds (Sampling)
Chain 2:                60.86 seconds (Total)
Chain 2: 
Chain 1: Iteration: 12000 / 12000 [100%]  (Sampling)
Chain 1: 
Chain 1:  Elapsed Time: 33.487 seconds (Warm-up)
Chain 1:                29.493 seconds (Sampling)
Chain 1:                62.98 seconds (Total)
Chain 1: 
Chain 3: Iteration: 10800 / 12000 [ 90%]  (Sampling)
Chain 4: Iteration: 10800 / 12000 [ 90%]  (Sampling)
Chain 3: Iteration: 12000 / 12000 [100%]  (Sampling)
Chain 3: 
Chain 3:  Elapsed Time: 32.707 seconds (Warm-up)
Chain 3:                40.34 seconds (Sampling)
Chain 3:                73.047 seconds (Total)
Chain 3: 
Chain 4: Iteration: 12000 / 12000 [100%]  (Sampling)
Chain 4: 
Chain 4:  Elapsed Time: 33.251 seconds (Warm-up)
Chain 4:                41.542 seconds (Sampling)
Chain 4:                74.793 seconds (Total)
Chain 4: 
Done!
Fitting s1.json, 2/17

SAMPLING FOR MODEL 'anon_model' NOW (CHAIN 1).
Chain 1: 
Chain 1: Gradient evaluation took 0.000241 seconds
Chain 1: 1000 transitions using 10 leapfrog steps per transition would take 2.41 seconds.
Chain 1: Adjust your expectations accordingly!
Chain 1: 
Chain 1: 

SAMPLING FOR MODEL 'anon_model' NOW (CHAIN 2).
Chain 2: 
Chain 2: Gradient evaluation took 0.000224 seconds
Chain 2: 1000 transitions using 10 leapfrog steps per transition would take 2.24 seconds.
Chain 2: Adjust your expectations accordingly!
Chain 2: 
Chain 2: 
Chain 1: Iteration:     1 / 12000 [  0%]  (Warmup)
Chain 2: Iteration:     1 / 12000 [  0%]  (Warmup)

SAMPLING FOR MODEL 'anon_model' NOW (CHAIN 3).
Chain 3: 
Chain 3: Gradient evaluation took 0.000231 seconds
Chain 3: 1000 transitions using 10 leapfrog steps per transition would take 2.31 seconds.
Chain 3: Adjust your expectations accordingly!
Chain 3: 
Chain 3: 
Chain 3: Iteration:     1 / 12000 [  0%]  (Warmup)

SAMPLING FOR MODEL 'anon_model' NOW (CHAIN 4).
Chain 4: 
Chain 4: Gradient evaluation took 0.00021 seconds
Chain 4: 1000 transitions using 10 leapfrog steps per transition would take 2.1 seconds.
Chain 4: Adjust your expectations accordingly!
Chain 4: 
Chain 4: 
Chain 4: Iteration:     1 / 12000 [  0%]  (Warmup)
Chain 4: Iteration:  1200 / 12000 [ 10%]  (Warmup)
Chain 3: Iteration:  1200 / 12000 [ 10%]  (Warmup)
Chain 2: Iteration:  1200 / 12000 [ 10%]  (Warmup)
Chain 1: Iteration:  1200 / 12000 [ 10%]  (Warmup)
Chain 4: Iteration:  2400 / 12000 [ 20%]  (Warmup)
Chain 3: Iteration:  2400 / 12000 [ 20%]  (Warmup)
Chain 2: Iteration:  2400 / 12000 [ 20%]  (Warmup)
Chain 1: Iteration:  2400 / 12000 [ 20%]  (Warmup)
Chain 4: Iteration:  3600 / 12000 [ 30%]  (Warmup)
Chain 1: Iteration:  3600 / 12000 [ 30%]  (Warmup)
Chain 3: Iteration:  3600 / 12000 [ 30%]  (Warmup)
Chain 2: Iteration:  3600 / 12000 [ 30%]  (Warmup)
Chain 4: Iteration:  4800 / 12000 [ 40%]  (Warmup)
Chain 1: Iteration:  4800 / 12000 [ 40%]  (Warmup)
Chain 2: Iteration:  4800 / 12000 [ 40%]  (Warmup)
Chain 3: Iteration:  4800 / 12000 [ 40%]  (Warmup)
Chain 4: Iteration:  6000 / 12000 [ 50%]  (Warmup)
Chain 4: Iteration:  6001 / 12000 [ 50%]  (Sampling)
Chain 1: Iteration:  6000 / 12000 [ 50%]  (Warmup)
Chain 1: Iteration:  6001 / 12000 [ 50%]  (Sampling)
Chain 2: Iteration:  6000 / 12000 [ 50%]  (Warmup)
Chain 2: Iteration:  6001 / 12000 [ 50%]  (Sampling)
Chain 3: Iteration:  6000 / 12000 [ 50%]  (Warmup)
Chain 3: Iteration:  6001 / 12000 [ 50%]  (Sampling)
Chain 4: Iteration:  7200 / 12000 [ 60%]  (Sampling)
Chain 2: Iteration:  7200 / 12000 [ 60%]  (Sampling)
Chain 3: Iteration:  7200 / 12000 [ 60%]  (Sampling)
Chain 1: Iteration:  7200 / 12000 [ 60%]  (Sampling)
Chain 4: Iteration:  8400 / 12000 [ 70%]  (Sampling)
Chain 2: Iteration:  8400 / 12000 [ 70%]  (Sampling)
Chain 3: Iteration:  8400 / 12000 [ 70%]  (Sampling)
Chain 1: Iteration:  8400 / 12000 [ 70%]  (Sampling)
Chain 4: Iteration:  9600 / 12000 [ 80%]  (Sampling)
Chain 2: Iteration:  9600 / 12000 [ 80%]  (Sampling)
Chain 3: Iteration:  9600 / 12000 [ 80%]  (Sampling)
Chain 4: Iteration: 10800 / 12000 [ 90%]  (Sampling)
Chain 1: Iteration:  9600 / 12000 [ 80%]  (Sampling)
Chain 2: Iteration: 10800 / 12000 [ 90%]  (Sampling)
Chain 3: Iteration: 10800 / 12000 [ 90%]  (Sampling)
Chain 4: Iteration: 12000 / 12000 [100%]  (Sampling)
Chain 4: 
Chain 4:  Elapsed Time: 24.101 seconds (Warm-up)
Chain 4:                26.006 seconds (Sampling)
Chain 4:                50.107 seconds (Total)
Chain 4: 
Chain 2: Iteration: 12000 / 12000 [100%]  (Sampling)
Chain 2: 
Chain 2:  Elapsed Time: 24.579 seconds (Warm-up)
Chain 2:                27.02 seconds (Sampling)
Chain 2:                51.599 seconds (Total)
Chain 2: 
Chain 1: Iteration: 10800 / 12000 [ 90%]  (Sampling)
Chain 3: Iteration: 12000 / 12000 [100%]  (Sampling)
Chain 3: 
Chain 3:  Elapsed Time: 24.919 seconds (Warm-up)
Chain 3:                27.246 seconds (Sampling)
Chain 3:                52.165 seconds (Total)
Chain 3: 
Chain 1: Iteration: 12000 / 12000 [100%]  (Sampling)
Chain 1: 
Chain 1:  Elapsed Time: 24.311 seconds (Warm-up)
Chain 1:                34.359 seconds (Sampling)
Chain 1:                58.67 seconds (Total)
Chain 1: 
Done!
Fitting s10.json, 3/17

SAMPLING FOR MODEL 'anon_model' NOW (CHAIN 1).
Chain 1: 
Chain 1: Gradient evaluation took 0.000239 seconds
Chain 1: 1000 transitions using 10 leapfrog steps per transition would take 2.39 seconds.
Chain 1: Adjust your expectations accordingly!
Chain 1: 
Chain 1: 

SAMPLING FOR MODEL 'anon_model' NOW (CHAIN 2).
Chain 2: 
Chain 2: Gradient evaluation took 0.000237 seconds
Chain 2: 1000 transitions using 10 leapfrog steps per transition would take 2.37 seconds.
Chain 2: Adjust your expectations accordingly!
Chain 2: 
Chain 2: 
Chain 1: Iteration:     1 / 12000 [  0%]  (Warmup)

SAMPLING FOR MODEL 'anon_model' NOW (CHAIN 3).
Chain 3: 
Chain 3: Gradient evaluation took 0.000227 seconds
Chain 3: 1000 transitions using 10 leapfrog steps per transition would take 2.27 seconds.
Chain 3: Adjust your expectations accordingly!
Chain 3: 
Chain 3: 
Chain 2: Iteration:     1 / 12000 [  0%]  (Warmup)
Chain 3: Iteration:     1 / 12000 [  0%]  (Warmup)

SAMPLING FOR MODEL 'anon_model' NOW (CHAIN 4).
Chain 4: 
Chain 4: Gradient evaluation took 0.000221 seconds
Chain 4: 1000 transitions using 10 leapfrog steps per transition would take 2.21 seconds.
Chain 4: Adjust your expectations accordingly!
Chain 4: 
Chain 4: 
Chain 4: Iteration:     1 / 12000 [  0%]  (Warmup)
Chain 1: Iteration:  1200 / 12000 [ 10%]  (Warmup)
Chain 3: Iteration:  1200 / 12000 [ 10%]  (Warmup)
Chain 4: Iteration:  1200 / 12000 [ 10%]  (Warmup)
Chain 2: Iteration:  1200 / 12000 [ 10%]  (Warmup)
Chain 1: Iteration:  2400 / 12000 [ 20%]  (Warmup)
Chain 3: Iteration:  2400 / 12000 [ 20%]  (Warmup)
Chain 4: Iteration:  2400 / 12000 [ 20%]  (Warmup)
Chain 2: Iteration:  2400 / 12000 [ 20%]  (Warmup)
Chain 1: Iteration:  3600 / 12000 [ 30%]  (Warmup)
Chain 3: Iteration:  3600 / 12000 [ 30%]  (Warmup)
Chain 4: Iteration:  3600 / 12000 [ 30%]  (Warmup)
Chain 2: Iteration:  3600 / 12000 [ 30%]  (Warmup)
Chain 1: Iteration:  4800 / 12000 [ 40%]  (Warmup)
Chain 3: Iteration:  4800 / 12000 [ 40%]  (Warmup)
Chain 4: Iteration:  4800 / 12000 [ 40%]  (Warmup)
Chain 2: Iteration:  4800 / 12000 [ 40%]  (Warmup)
Chain 1: Iteration:  6000 / 12000 [ 50%]  (Warmup)
Chain 1: Iteration:  6001 / 12000 [ 50%]  (Sampling)
Chain 3: Iteration:  6000 / 12000 [ 50%]  (Warmup)
Chain 3: Iteration:  6001 / 12000 [ 50%]  (Sampling)
Chain 4: Iteration:  6000 / 12000 [ 50%]  (Warmup)
Chain 4: Iteration:  6001 / 12000 [ 50%]  (Sampling)
Chain 2: Iteration:  6000 / 12000 [ 50%]  (Warmup)
Chain 2: Iteration:  6001 / 12000 [ 50%]  (Sampling)
Chain 2: Iteration:  7200 / 12000 [ 60%]  (Sampling)
Chain 3: Iteration:  7200 / 12000 [ 60%]  (Sampling)
Chain 1: Iteration:  7200 / 12000 [ 60%]  (Sampling)
Chain 4: Iteration:  7200 / 12000 [ 60%]  (Sampling)
Chain 2: Iteration:  8400 / 12000 [ 70%]  (Sampling)
Chain 3: Iteration:  8400 / 12000 [ 70%]  (Sampling)
Chain 2: Iteration:  9600 / 12000 [ 80%]  (Sampling)
Chain 1: Iteration:  8400 / 12000 [ 70%]  (Sampling)
Chain 4: Iteration:  8400 / 12000 [ 70%]  (Sampling)
Chain 2: Iteration: 10800 / 12000 [ 90%]  (Sampling)
Chain 3: Iteration:  9600 / 12000 [ 80%]  (Sampling)
Chain 1: Iteration:  9600 / 12000 [ 80%]  (Sampling)
Chain 2: Iteration: 12000 / 12000 [100%]  (Sampling)
Chain 2: 
Chain 2:  Elapsed Time: 23.853 seconds (Warm-up)
Chain 2:                17.051 seconds (Sampling)
Chain 2:                40.904 seconds (Total)
Chain 2: 
Chain 4: Iteration:  9600 / 12000 [ 80%]  (Sampling)
Chain 3: Iteration: 10800 / 12000 [ 90%]  (Sampling)
Chain 1: Iteration: 10800 / 12000 [ 90%]  (Sampling)
Chain 4: Iteration: 10800 / 12000 [ 90%]  (Sampling)
Chain 3: Iteration: 12000 / 12000 [100%]  (Sampling)
Chain 3: 
Chain 3:  Elapsed Time: 22.356 seconds (Warm-up)
Chain 3:                27.332 seconds (Sampling)
Chain 3:                49.688 seconds (Total)
Chain 3: 
Chain 1: Iteration: 12000 / 12000 [100%]  (Sampling)
Chain 1: 
Chain 1:  Elapsed Time: 22.293 seconds (Warm-up)
Chain 1:                30.555 seconds (Sampling)
Chain 1:                52.848 seconds (Total)
Chain 1: 
Chain 4: Iteration: 12000 / 12000 [100%]  (Sampling)
Chain 4: 
Chain 4:  Elapsed Time: 22.982 seconds (Warm-up)
Chain 4:                30.23 seconds (Sampling)
Chain 4:                53.212 seconds (Total)
Chain 4: 
Done!
Fitting s11.json, 4/17

SAMPLING FOR MODEL 'anon_model' NOW (CHAIN 1).
Chain 1: 
Chain 1: Gradient evaluation took 0.000236 seconds
Chain 1: 1000 transitions using 10 leapfrog steps per transition would take 2.36 seconds.
Chain 1: Adjust your expectations accordingly!
Chain 1: 
Chain 1: 

SAMPLING FOR MODEL 'anon_model' NOW (CHAIN 2).
Chain 2: 
Chain 2: Gradient evaluation took 0.000221 seconds
Chain 2: 1000 transitions using 10 leapfrog steps per transition would take 2.21 seconds.
Chain 2: Adjust your expectations accordingly!
Chain 2: 
Chain 2: 
Chain 1: Iteration:     1 / 12000 [  0%]  (Warmup)

SAMPLING FOR MODEL 'anon_model' NOW (CHAIN 3).
Chain 3: 
Chain 3: Gradient evaluation took 0.00023 seconds
Chain 3: 1000 transitions using 10 leapfrog steps per transition would take 2.3 seconds.
Chain 3: Adjust your expectations accordingly!
Chain 3: 
Chain 3: 
Chain 2: Iteration:     1 / 12000 [  0%]  (Warmup)

SAMPLING FOR MODEL 'anon_model' NOW (CHAIN 4).
Chain 3: Iteration:     1 / 12000 [  0%]  (Warmup)
Chain 4: 
Chain 4: Gradient evaluation took 0.000213 seconds
Chain 4: 1000 transitions using 10 leapfrog steps per transition would take 2.13 seconds.
Chain 4: Adjust your expectations accordingly!
Chain 4: 
Chain 4: 
Chain 4: Iteration:     1 / 12000 [  0%]  (Warmup)
Chain 1: Iteration:  1200 / 12000 [ 10%]  (Warmup)
Chain 4: Iteration:  1200 / 12000 [ 10%]  (Warmup)
Chain 3: Iteration:  1200 / 12000 [ 10%]  (Warmup)
Chain 2: Iteration:  1200 / 12000 [ 10%]  (Warmup)
Chain 1: Iteration:  2400 / 12000 [ 20%]  (Warmup)
Chain 4: Iteration:  2400 / 12000 [ 20%]  (Warmup)
Chain 3: Iteration:  2400 / 12000 [ 20%]  (Warmup)
Chain 2: Iteration:  2400 / 12000 [ 20%]  (Warmup)
Chain 1: Iteration:  3600 / 12000 [ 30%]  (Warmup)
Chain 4: Iteration:  3600 / 12000 [ 30%]  (Warmup)
Chain 3: Iteration:  3600 / 12000 [ 30%]  (Warmup)
Chain 2: Iteration:  3600 / 12000 [ 30%]  (Warmup)
Chain 1: Iteration:  4800 / 12000 [ 40%]  (Warmup)
Chain 3: Iteration:  4800 / 12000 [ 40%]  (Warmup)
Chain 4: Iteration:  4800 / 12000 [ 40%]  (Warmup)
Chain 2: Iteration:  4800 / 12000 [ 40%]  (Warmup)
Chain 3: Iteration:  6000 / 12000 [ 50%]  (Warmup)
Chain 3: Iteration:  6001 / 12000 [ 50%]  (Sampling)
Chain 1: Iteration:  6000 / 12000 [ 50%]  (Warmup)
Chain 1: Iteration:  6001 / 12000 [ 50%]  (Sampling)
Chain 4: Iteration:  6000 / 12000 [ 50%]  (Warmup)
Chain 4: Iteration:  6001 / 12000 [ 50%]  (Sampling)
Chain 2: Iteration:  6000 / 12000 [ 50%]  (Warmup)
Chain 2: Iteration:  6001 / 12000 [ 50%]  (Sampling)
Chain 3: Iteration:  7200 / 12000 [ 60%]  (Sampling)
Chain 4: Iteration:  7200 / 12000 [ 60%]  (Sampling)
Chain 2: Iteration:  7200 / 12000 [ 60%]  (Sampling)
Chain 3: Iteration:  8400 / 12000 [ 70%]  (Sampling)
Chain 1: Iteration:  7200 / 12000 [ 60%]  (Sampling)
Chain 3: Iteration:  9600 / 12000 [ 80%]  (Sampling)
Chain 4: Iteration:  8400 / 12000 [ 70%]  (Sampling)
Chain 2: Iteration:  8400 / 12000 [ 70%]  (Sampling)
Chain 3: Iteration: 10800 / 12000 [ 90%]  (Sampling)
Chain 1: Iteration:  8400 / 12000 [ 70%]  (Sampling)
Chain 3: Iteration: 12000 / 12000 [100%]  (Sampling)
Chain 3: 
Chain 3:  Elapsed Time: 29.701 seconds (Warm-up)
Chain 3:                25.251 seconds (Sampling)
Chain 3:                54.952 seconds (Total)
Chain 3: 
Chain 4: Iteration:  9600 / 12000 [ 80%]  (Sampling)
Chain 2: Iteration:  9600 / 12000 [ 80%]  (Sampling)
Chain 1: Iteration:  9600 / 12000 [ 80%]  (Sampling)
Chain 4: Iteration: 10800 / 12000 [ 90%]  (Sampling)
Chain 2: Iteration: 10800 / 12000 [ 90%]  (Sampling)
Chain 1: Iteration: 10800 / 12000 [ 90%]  (Sampling)
Chain 2: Iteration: 12000 / 12000 [100%]  (Sampling)
Chain 2: 
Chain 2:  Elapsed Time: 30.997 seconds (Warm-up)
Chain 2:                41.71 seconds (Sampling)
Chain 2:                72.707 seconds (Total)
Chain 2: 
Chain 4: Iteration: 12000 / 12000 [100%]  (Sampling)
Chain 4: 
Chain 4:  Elapsed Time: 30.499 seconds (Warm-up)
Chain 4:                42.23 seconds (Sampling)
Chain 4:                72.729 seconds (Total)
Chain 4: 
Chain 1: Iteration: 12000 / 12000 [100%]  (Sampling)
Chain 1: 
Chain 1:  Elapsed Time: 30.149 seconds (Warm-up)
Chain 1:                51.392 seconds (Sampling)
Chain 1:                81.541 seconds (Total)
Chain 1: 
Done!
Fitting s12.json, 5/17

SAMPLING FOR MODEL 'anon_model' NOW (CHAIN 1).
Chain 1: 
Chain 1: Gradient evaluation took 0.000238 seconds
Chain 1: 1000 transitions using 10 leapfrog steps per transition would take 2.38 seconds.
Chain 1: Adjust your expectations accordingly!
Chain 1: 
Chain 1: 

SAMPLING FOR MODEL 'anon_model' NOW (CHAIN 2).

SAMPLING FOR MODEL 'anon_model' NOW (CHAIN 3).
Chain 1: Iteration:     1 / 12000 [  0%]  (Warmup)
Chain 2: 
Chain 2: Gradient evaluation took 0.000229 seconds
Chain 2: 1000 transitions using 10 leapfrog steps per transition would take 2.29 seconds.
Chain 2: Adjust your expectations accordingly!
Chain 2: 
Chain 2: 
Chain 3: 
Chain 3: Gradient evaluation took 0.000223 seconds
Chain 3: 1000 transitions using 10 leapfrog steps per transition would take 2.23 seconds.
Chain 3: Adjust your expectations accordingly!
Chain 3: 
Chain 3: 
Chain 2: Iteration:     1 / 12000 [  0%]  (Warmup)

SAMPLING FOR MODEL 'anon_model' NOW (CHAIN 4).
Chain 3: Iteration:     1 / 12000 [  0%]  (Warmup)
Chain 4: 
Chain 4: Gradient evaluation took 0.000221 seconds
Chain 4: 1000 transitions using 10 leapfrog steps per transition would take 2.21 seconds.
Chain 4: Adjust your expectations accordingly!
Chain 4: 
Chain 4: 
Chain 4: Iteration:     1 / 12000 [  0%]  (Warmup)
Chain 3: Iteration:  1200 / 12000 [ 10%]  (Warmup)
Chain 4: Iteration:  1200 / 12000 [ 10%]  (Warmup)
Chain 1: Iteration:  1200 / 12000 [ 10%]  (Warmup)
Chain 2: Iteration:  1200 / 12000 [ 10%]  (Warmup)
Chain 3: Iteration:  2400 / 12000 [ 20%]  (Warmup)
Chain 4: Iteration:  2400 / 12000 [ 20%]  (Warmup)
Chain 2: Iteration:  2400 / 12000 [ 20%]  (Warmup)
Chain 1: Iteration:  2400 / 12000 [ 20%]  (Warmup)
Chain 3: Iteration:  3600 / 12000 [ 30%]  (Warmup)
Chain 4: Iteration:  3600 / 12000 [ 30%]  (Warmup)
Chain 2: Iteration:  3600 / 12000 [ 30%]  (Warmup)
Chain 1: Iteration:  3600 / 12000 [ 30%]  (Warmup)
Chain 3: Iteration:  4800 / 12000 [ 40%]  (Warmup)
Chain 4: Iteration:  4800 / 12000 [ 40%]  (Warmup)
Chain 2: Iteration:  4800 / 12000 [ 40%]  (Warmup)
Chain 1: Iteration:  4800 / 12000 [ 40%]  (Warmup)
Chain 3: Iteration:  6000 / 12000 [ 50%]  (Warmup)
Chain 3: Iteration:  6001 / 12000 [ 50%]  (Sampling)
Chain 4: Iteration:  6000 / 12000 [ 50%]  (Warmup)
Chain 4: Iteration:  6001 / 12000 [ 50%]  (Sampling)
Chain 2: Iteration:  6000 / 12000 [ 50%]  (Warmup)
Chain 2: Iteration:  6001 / 12000 [ 50%]  (Sampling)
Chain 1: Iteration:  6000 / 12000 [ 50%]  (Warmup)
Chain 1: Iteration:  6001 / 12000 [ 50%]  (Sampling)
Chain 3: Iteration:  7200 / 12000 [ 60%]  (Sampling)
Chain 1: Iteration:  7200 / 12000 [ 60%]  (Sampling)
Chain 2: Iteration:  7200 / 12000 [ 60%]  (Sampling)
Chain 4: Iteration:  7200 / 12000 [ 60%]  (Sampling)
Chain 3: Iteration:  8400 / 12000 [ 70%]  (Sampling)
Chain 1: Iteration:  8400 / 12000 [ 70%]  (Sampling)
Chain 2: Iteration:  8400 / 12000 [ 70%]  (Sampling)
Chain 3: Iteration:  9600 / 12000 [ 80%]  (Sampling)
Chain 4: Iteration:  8400 / 12000 [ 70%]  (Sampling)
Chain 1: Iteration:  9600 / 12000 [ 80%]  (Sampling)
Chain 2: Iteration:  9600 / 12000 [ 80%]  (Sampling)
Chain 3: Iteration: 10800 / 12000 [ 90%]  (Sampling)
Chain 3: Iteration: 12000 / 12000 [100%]  (Sampling)
Chain 3: 
Chain 3:  Elapsed Time: 26.634 seconds (Warm-up)
Chain 3:                20.706 seconds (Sampling)
Chain 3:                47.34 seconds (Total)
Chain 3: 
Chain 1: Iteration: 10800 / 12000 [ 90%]  (Sampling)
Chain 4: Iteration:  9600 / 12000 [ 80%]  (Sampling)
Chain 2: Iteration: 10800 / 12000 [ 90%]  (Sampling)
Chain 1: Iteration: 12000 / 12000 [100%]  (Sampling)
Chain 1: 
Chain 1:  Elapsed Time: 27.559 seconds (Warm-up)
Chain 1:                25.133 seconds (Sampling)
Chain 1:                52.692 seconds (Total)
Chain 1: 
Chain 2: Iteration: 12000 / 12000 [100%]  (Sampling)
Chain 2: 
Chain 2:  Elapsed Time: 27.508 seconds (Warm-up)
Chain 2:                25.683 seconds (Sampling)
Chain 2:                53.191 seconds (Total)
Chain 2: 
Chain 4: Iteration: 10800 / 12000 [ 90%]  (Sampling)
Chain 4: Iteration: 12000 / 12000 [100%]  (Sampling)
Chain 4: 
Chain 4:  Elapsed Time: 26.851 seconds (Warm-up)
Chain 4:                34.743 seconds (Sampling)
Chain 4:                61.594 seconds (Total)
Chain 4: 
Done!
Fitting s13.json, 6/17

SAMPLING FOR MODEL 'anon_model' NOW (CHAIN 1).

SAMPLING FOR MODEL 'anon_model' NOW (CHAIN 2).

SAMPLING FOR MODEL 'anon_model' NOW (CHAIN 3).

SAMPLING FOR MODEL 'anon_model' NOW (CHAIN 4).
Chain 1: 
Chain 1: Gradient evaluation took 0.000248 seconds
Chain 1: 1000 transitions using 10 leapfrog steps per transition would take 2.48 seconds.
Chain 1: Adjust your expectations accordingly!
Chain 1: 
Chain 1: 
Chain 1: Iteration:     1 / 12000 [  0%]  (Warmup)
Chain 2: 
Chain 2: Gradient evaluation took 0.000312 seconds
Chain 2: 1000 transitions using 10 leapfrog steps per transition would take 3.12 seconds.
Chain 2: Adjust your expectations accordingly!
Chain 2: 
Chain 2: 
Chain 3: 
Chain 3: Gradient evaluation took 0.000237 seconds
Chain 3: 1000 transitions using 10 leapfrog steps per transition would take 2.37 seconds.
Chain 3: Adjust your expectations accordingly!
Chain 3: 
Chain 3: 
Chain 2: Iteration:     1 / 12000 [  0%]  (Warmup)
Chain 3: Iteration:     1 / 12000 [  0%]  (Warmup)
Chain 4: 
Chain 4: Gradient evaluation took 0.000239 seconds
Chain 4: 1000 transitions using 10 leapfrog steps per transition would take 2.39 seconds.
Chain 4: Adjust your expectations accordingly!
Chain 4: 
Chain 4: 
Chain 4: Iteration:     1 / 12000 [  0%]  (Warmup)
Chain 1: Iteration:  1200 / 12000 [ 10%]  (Warmup)
Chain 3: Iteration:  1200 / 12000 [ 10%]  (Warmup)
Chain 4: Iteration:  1200 / 12000 [ 10%]  (Warmup)
Chain 2: Iteration:  1200 / 12000 [ 10%]  (Warmup)
Chain 1: Iteration:  2400 / 12000 [ 20%]  (Warmup)
Chain 3: Iteration:  2400 / 12000 [ 20%]  (Warmup)
Chain 4: Iteration:  2400 / 12000 [ 20%]  (Warmup)
Chain 2: Iteration:  2400 / 12000 [ 20%]  (Warmup)
Chain 1: Iteration:  3600 / 12000 [ 30%]  (Warmup)
Chain 3: Iteration:  3600 / 12000 [ 30%]  (Warmup)
Chain 4: Iteration:  3600 / 12000 [ 30%]  (Warmup)
Chain 2: Iteration:  3600 / 12000 [ 30%]  (Warmup)
Chain 1: Iteration:  4800 / 12000 [ 40%]  (Warmup)
Chain 3: Iteration:  4800 / 12000 [ 40%]  (Warmup)
Chain 4: Iteration:  4800 / 12000 [ 40%]  (Warmup)
Chain 2: Iteration:  4800 / 12000 [ 40%]  (Warmup)
Chain 1: Iteration:  6000 / 12000 [ 50%]  (Warmup)
Chain 1: Iteration:  6001 / 12000 [ 50%]  (Sampling)
Chain 4: Iteration:  6000 / 12000 [ 50%]  (Warmup)
Chain 4: Iteration:  6001 / 12000 [ 50%]  (Sampling)
Chain 3: Iteration:  6000 / 12000 [ 50%]  (Warmup)
Chain 3: Iteration:  6001 / 12000 [ 50%]  (Sampling)
Chain 2: Iteration:  6000 / 12000 [ 50%]  (Warmup)
Chain 2: Iteration:  6001 / 12000 [ 50%]  (Sampling)
Chain 1: Iteration:  7200 / 12000 [ 60%]  (Sampling)
Chain 4: Iteration:  7200 / 12000 [ 60%]  (Sampling)
Chain 2: Iteration:  7200 / 12000 [ 60%]  (Sampling)
Chain 1: Iteration:  8400 / 12000 [ 70%]  (Sampling)
Chain 4: Iteration:  8400 / 12000 [ 70%]  (Sampling)
Chain 3: Iteration:  7200 / 12000 [ 60%]  (Sampling)
Chain 1: Iteration:  9600 / 12000 [ 80%]  (Sampling)
Chain 4: Iteration:  9600 / 12000 [ 80%]  (Sampling)
Chain 2: Iteration:  8400 / 12000 [ 70%]  (Sampling)
Chain 4: Iteration: 10800 / 12000 [ 90%]  (Sampling)
Chain 1: Iteration: 10800 / 12000 [ 90%]  (Sampling)
Chain 3: Iteration:  8400 / 12000 [ 70%]  (Sampling)
Chain 2: Iteration:  9600 / 12000 [ 80%]  (Sampling)
Chain 4: Iteration: 12000 / 12000 [100%]  (Sampling)
Chain 4: 
Chain 4:  Elapsed Time: 30.218 seconds (Warm-up)
Chain 4:                22.605 seconds (Sampling)
Chain 4:                52.823 seconds (Total)
Chain 4: 
Chain 1: Iteration: 12000 / 12000 [100%]  (Sampling)
Chain 1: 
Chain 1:  Elapsed Time: 29.271 seconds (Warm-up)
Chain 1:                23.862 seconds (Sampling)
Chain 1:                53.133 seconds (Total)
Chain 1: 
Chain 2: Iteration: 10800 / 12000 [ 90%]  (Sampling)
Chain 3: Iteration:  9600 / 12000 [ 80%]  (Sampling)
Chain 2: Iteration: 12000 / 12000 [100%]  (Sampling)
Chain 2: 
Chain 2:  Elapsed Time: 31.089 seconds (Warm-up)
Chain 2:                32.201 seconds (Sampling)
Chain 2:                63.29 seconds (Total)
Chain 2: 
Chain 3: Iteration: 10800 / 12000 [ 90%]  (Sampling)
Chain 3: Iteration: 12000 / 12000 [100%]  (Sampling)
Chain 3: 
Chain 3:  Elapsed Time: 30.621 seconds (Warm-up)
Chain 3:                46.722 seconds (Sampling)
Chain 3:                77.343 seconds (Total)
Chain 3: 
Done!
Fitting s14.json, 7/17

SAMPLING FOR MODEL 'anon_model' NOW (CHAIN 1).
Chain 1: 
Chain 1: Gradient evaluation took 0.000242 seconds
Chain 1: 1000 transitions using 10 leapfrog steps per transition would take 2.42 seconds.
Chain 1: Adjust your expectations accordingly!
Chain 1: 
Chain 1: 

SAMPLING FOR MODEL 'anon_model' NOW (CHAIN 2).
Chain 2: 
Chain 2: Gradient evaluation took 0.000222 seconds
Chain 2: 1000 transitions using 10 leapfrog steps per transition would take 2.22 seconds.
Chain 2: Adjust your expectations accordingly!
Chain 2: 
Chain 2: 

SAMPLING FOR MODEL 'anon_model' NOW (CHAIN 3).
Chain 1: Iteration:     1 / 12000 [  0%]  (Warmup)
Chain 3: 
Chain 3: Gradient evaluation took 0.000223 seconds
Chain 3: 1000 transitions using 10 leapfrog steps per transition would take 2.23 seconds.
Chain 3: Adjust your expectations accordingly!
Chain 3: 
Chain 3: 
Chain 2: Iteration:     1 / 12000 [  0%]  (Warmup)

SAMPLING FOR MODEL 'anon_model' NOW (CHAIN 4).
Chain 3: Iteration:     1 / 12000 [  0%]  (Warmup)
Chain 4: 
Chain 4: Gradient evaluation took 0.00023 seconds
Chain 4: 1000 transitions using 10 leapfrog steps per transition would take 2.3 seconds.
Chain 4: Adjust your expectations accordingly!
Chain 4: 
Chain 4: 
Chain 4: Iteration:     1 / 12000 [  0%]  (Warmup)
Chain 1: Iteration:  1200 / 12000 [ 10%]  (Warmup)
Chain 3: Iteration:  1200 / 12000 [ 10%]  (Warmup)
Chain 2: Iteration:  1200 / 12000 [ 10%]  (Warmup)
Chain 4: Iteration:  1200 / 12000 [ 10%]  (Warmup)
Chain 3: Iteration:  2400 / 12000 [ 20%]  (Warmup)
Chain 1: Iteration:  2400 / 12000 [ 20%]  (Warmup)
Chain 2: Iteration:  2400 / 12000 [ 20%]  (Warmup)
Chain 4: Iteration:  2400 / 12000 [ 20%]  (Warmup)
Chain 3: Iteration:  3600 / 12000 [ 30%]  (Warmup)
Chain 1: Iteration:  3600 / 12000 [ 30%]  (Warmup)
Chain 2: Iteration:  3600 / 12000 [ 30%]  (Warmup)
Chain 4: Iteration:  3600 / 12000 [ 30%]  (Warmup)
Chain 3: Iteration:  4800 / 12000 [ 40%]  (Warmup)
Chain 1: Iteration:  4800 / 12000 [ 40%]  (Warmup)
Chain 2: Iteration:  4800 / 12000 [ 40%]  (Warmup)
Chain 4: Iteration:  4800 / 12000 [ 40%]  (Warmup)
Chain 1: Iteration:  6000 / 12000 [ 50%]  (Warmup)
Chain 1: Iteration:  6001 / 12000 [ 50%]  (Sampling)
Chain 3: Iteration:  6000 / 12000 [ 50%]  (Warmup)
Chain 3: Iteration:  6001 / 12000 [ 50%]  (Sampling)
Chain 2: Iteration:  6000 / 12000 [ 50%]  (Warmup)
Chain 2: Iteration:  6001 / 12000 [ 50%]  (Sampling)
Chain 4: Iteration:  6000 / 12000 [ 50%]  (Warmup)
Chain 4: Iteration:  6001 / 12000 [ 50%]  (Sampling)
Chain 1: Iteration:  7200 / 12000 [ 60%]  (Sampling)
Chain 3: Iteration:  7200 / 12000 [ 60%]  (Sampling)
Chain 2: Iteration:  7200 / 12000 [ 60%]  (Sampling)
Chain 4: Iteration:  7200 / 12000 [ 60%]  (Sampling)
Chain 1: Iteration:  8400 / 12000 [ 70%]  (Sampling)
Chain 3: Iteration:  8400 / 12000 [ 70%]  (Sampling)
Chain 2: Iteration:  8400 / 12000 [ 70%]  (Sampling)
Chain 1: Iteration:  9600 / 12000 [ 80%]  (Sampling)
Chain 3: Iteration:  9600 / 12000 [ 80%]  (Sampling)
Chain 4: Iteration:  8400 / 12000 [ 70%]  (Sampling)
Chain 1: Iteration: 10800 / 12000 [ 90%]  (Sampling)
Chain 3: Iteration: 10800 / 12000 [ 90%]  (Sampling)
Chain 2: Iteration:  9600 / 12000 [ 80%]  (Sampling)
Chain 4: Iteration:  9600 / 12000 [ 80%]  (Sampling)
Chain 1: Iteration: 12000 / 12000 [100%]  (Sampling)
Chain 1: 
Chain 1:  Elapsed Time: 26.355 seconds (Warm-up)
Chain 1:                29.445 seconds (Sampling)
Chain 1:                55.8 seconds (Total)
Chain 1: 
Chain 3: Iteration: 12000 / 12000 [100%]  (Sampling)
Chain 3: 
Chain 3:  Elapsed Time: 26.584 seconds (Warm-up)
Chain 3:                29.633 seconds (Sampling)
Chain 3:                56.217 seconds (Total)
Chain 3: 
Chain 2: Iteration: 10800 / 12000 [ 90%]  (Sampling)
Chain 4: Iteration: 10800 / 12000 [ 90%]  (Sampling)
Chain 2: Iteration: 12000 / 12000 [100%]  (Sampling)
Chain 2: 
Chain 2:  Elapsed Time: 27.288 seconds (Warm-up)
Chain 2:                38.12 seconds (Sampling)
Chain 2:                65.408 seconds (Total)
Chain 2: 
Chain 4: Iteration: 12000 / 12000 [100%]  (Sampling)
Chain 4: 
Chain 4:  Elapsed Time: 28.439 seconds (Warm-up)
Chain 4:                43.987 seconds (Sampling)
Chain 4:                72.426 seconds (Total)
Chain 4: 
Done!
Fitting s15.json, 8/17

SAMPLING FOR MODEL 'anon_model' NOW (CHAIN 1).
Chain 1: 
Chain 1: Gradient evaluation took 0.000253 seconds
Chain 1: 1000 transitions using 10 leapfrog steps per transition would take 2.53 seconds.
Chain 1: Adjust your expectations accordingly!
Chain 1: 
Chain 1: 

SAMPLING FOR MODEL 'anon_model' NOW (CHAIN 2).
Chain 1: Iteration:     1 / 12000 [  0%]  (Warmup)
Chain 2: 
Chain 2: Gradient evaluation took 0.000237 seconds
Chain 2: 1000 transitions using 10 leapfrog steps per transition would take 2.37 seconds.
Chain 2: Adjust your expectations accordingly!
Chain 2: 
Chain 2: 

SAMPLING FOR MODEL 'anon_model' NOW (CHAIN 3).
Chain 3: 
Chain 3: Gradient evaluation took 0.000221 seconds
Chain 3: 1000 transitions using 10 leapfrog steps per transition would take 2.21 seconds.
Chain 3: Adjust your expectations accordingly!
Chain 3: 
Chain 3: 

SAMPLING FOR MODEL 'anon_model' NOW (CHAIN 4).
Chain 2: Iteration:     1 / 12000 [  0%]  (Warmup)
Chain 4: 
Chain 4: Gradient evaluation took 0.000232 seconds
Chain 4: 1000 transitions using 10 leapfrog steps per transition would take 2.32 seconds.
Chain 4: Adjust your expectations accordingly!
Chain 4: 
Chain 4: 
Chain 3: Iteration:     1 / 12000 [  0%]  (Warmup)
Chain 4: Iteration:     1 / 12000 [  0%]  (Warmup)
Chain 1: Iteration:  1200 / 12000 [ 10%]  (Warmup)
Chain 4: Iteration:  1200 / 12000 [ 10%]  (Warmup)
Chain 2: Iteration:  1200 / 12000 [ 10%]  (Warmup)
Chain 3: Iteration:  1200 / 12000 [ 10%]  (Warmup)
Chain 4: Iteration:  2400 / 12000 [ 20%]  (Warmup)
Chain 1: Iteration:  2400 / 12000 [ 20%]  (Warmup)
Chain 2: Iteration:  2400 / 12000 [ 20%]  (Warmup)
Chain 3: Iteration:  2400 / 12000 [ 20%]  (Warmup)
Chain 4: Iteration:  3600 / 12000 [ 30%]  (Warmup)
Chain 1: Iteration:  3600 / 12000 [ 30%]  (Warmup)
Chain 2: Iteration:  3600 / 12000 [ 30%]  (Warmup)
Chain 3: Iteration:  3600 / 12000 [ 30%]  (Warmup)
Chain 4: Iteration:  4800 / 12000 [ 40%]  (Warmup)
Chain 1: Iteration:  4800 / 12000 [ 40%]  (Warmup)
Chain 2: Iteration:  4800 / 12000 [ 40%]  (Warmup)
Chain 3: Iteration:  4800 / 12000 [ 40%]  (Warmup)
Chain 4: Iteration:  6000 / 12000 [ 50%]  (Warmup)
Chain 4: Iteration:  6001 / 12000 [ 50%]  (Sampling)
Chain 1: Iteration:  6000 / 12000 [ 50%]  (Warmup)
Chain 1: Iteration:  6001 / 12000 [ 50%]  (Sampling)
Chain 2: Iteration:  6000 / 12000 [ 50%]  (Warmup)
Chain 2: Iteration:  6001 / 12000 [ 50%]  (Sampling)
Chain 3: Iteration:  6000 / 12000 [ 50%]  (Warmup)
Chain 3: Iteration:  6001 / 12000 [ 50%]  (Sampling)
Chain 3: Iteration:  7200 / 12000 [ 60%]  (Sampling)
Chain 4: Iteration:  7200 / 12000 [ 60%]  (Sampling)
Chain 1: Iteration:  7200 / 12000 [ 60%]  (Sampling)
Chain 2: Iteration:  7200 / 12000 [ 60%]  (Sampling)
Chain 3: Iteration:  8400 / 12000 [ 70%]  (Sampling)
Chain 4: Iteration:  8400 / 12000 [ 70%]  (Sampling)
Chain 3: Iteration:  9600 / 12000 [ 80%]  (Sampling)
Chain 1: Iteration:  8400 / 12000 [ 70%]  (Sampling)
Chain 2: Iteration:  8400 / 12000 [ 70%]  (Sampling)
Chain 4: Iteration:  9600 / 12000 [ 80%]  (Sampling)
Chain 3: Iteration: 10800 / 12000 [ 90%]  (Sampling)
Chain 1: Iteration:  9600 / 12000 [ 80%]  (Sampling)
Chain 2: Iteration:  9600 / 12000 [ 80%]  (Sampling)
Chain 3: Iteration: 12000 / 12000 [100%]  (Sampling)
Chain 3: 
Chain 3:  Elapsed Time: 24.562 seconds (Warm-up)
Chain 3:                23.459 seconds (Sampling)
Chain 3:                48.021 seconds (Total)
Chain 3: 
Chain 4: Iteration: 10800 / 12000 [ 90%]  (Sampling)
Chain 1: Iteration: 10800 / 12000 [ 90%]  (Sampling)
Chain 4: Iteration: 12000 / 12000 [100%]  (Sampling)
Chain 4: 
Chain 4:  Elapsed Time: 23.71 seconds (Warm-up)
Chain 4:                31.023 seconds (Sampling)
Chain 4:                54.733 seconds (Total)
Chain 4: 
Chain 2: Iteration: 10800 / 12000 [ 90%]  (Sampling)
Chain 1: Iteration: 12000 / 12000 [100%]  (Sampling)
Chain 1: 
Chain 1:  Elapsed Time: 23.868 seconds (Warm-up)
Chain 1:                37.548 seconds (Sampling)
Chain 1:                61.416 seconds (Total)
Chain 1: 
Chain 2: Iteration: 12000 / 12000 [100%]  (Sampling)
Chain 2: 
Chain 2:  Elapsed Time: 24.358 seconds (Warm-up)
Chain 2:                39.327 seconds (Sampling)
Chain 2:                63.685 seconds (Total)
Chain 2: 
Done!
Fitting s16.json, 9/17

SAMPLING FOR MODEL 'anon_model' NOW (CHAIN 1).
Chain 1: 
Chain 1: Gradient evaluation took 0.00024 seconds
Chain 1: 1000 transitions using 10 leapfrog steps per transition would take 2.4 seconds.
Chain 1: Adjust your expectations accordingly!
Chain 1: 
Chain 1: 

SAMPLING FOR MODEL 'anon_model' NOW (CHAIN 2).
Chain 2: 
Chain 2: Gradient evaluation took 0.000227 seconds
Chain 2: 1000 transitions using 10 leapfrog steps per transition would take 2.27 seconds.
Chain 2: Adjust your expectations accordingly!
Chain 2: 
Chain 2: 
Chain 1: Iteration:     1 / 12000 [  0%]  (Warmup)

SAMPLING FOR MODEL 'anon_model' NOW (CHAIN 3).
Chain 3: 
Chain 3: Gradient evaluation took 0.000222 seconds
Chain 3: 1000 transitions using 10 leapfrog steps per transition would take 2.22 seconds.
Chain 3: Adjust your expectations accordingly!
Chain 3: 
Chain 3: 
Chain 2: Iteration:     1 / 12000 [  0%]  (Warmup)

SAMPLING FOR MODEL 'anon_model' NOW (CHAIN 4).
Chain 3: Iteration:     1 / 12000 [  0%]  (Warmup)
Chain 4: 
Chain 4: Gradient evaluation took 0.000218 seconds
Chain 4: 1000 transitions using 10 leapfrog steps per transition would take 2.18 seconds.
Chain 4: Adjust your expectations accordingly!
Chain 4: 
Chain 4: 
Chain 4: Iteration:     1 / 12000 [  0%]  (Warmup)
Chain 1: Iteration:  1200 / 12000 [ 10%]  (Warmup)
Chain 2: Iteration:  1200 / 12000 [ 10%]  (Warmup)
Chain 4: Iteration:  1200 / 12000 [ 10%]  (Warmup)
Chain 3: Iteration:  1200 / 12000 [ 10%]  (Warmup)
Chain 1: Iteration:  2400 / 12000 [ 20%]  (Warmup)
Chain 2: Iteration:  2400 / 12000 [ 20%]  (Warmup)
Chain 4: Iteration:  2400 / 12000 [ 20%]  (Warmup)
Chain 3: Iteration:  2400 / 12000 [ 20%]  (Warmup)
Chain 1: Iteration:  3600 / 12000 [ 30%]  (Warmup)
Chain 2: Iteration:  3600 / 12000 [ 30%]  (Warmup)
Chain 3: Iteration:  3600 / 12000 [ 30%]  (Warmup)
Chain 4: Iteration:  3600 / 12000 [ 30%]  (Warmup)
Chain 1: Iteration:  4800 / 12000 [ 40%]  (Warmup)
Chain 2: Iteration:  4800 / 12000 [ 40%]  (Warmup)
Chain 3: Iteration:  4800 / 12000 [ 40%]  (Warmup)
Chain 4: Iteration:  4800 / 12000 [ 40%]  (Warmup)
Chain 2: Iteration:  6000 / 12000 [ 50%]  (Warmup)
Chain 2: Iteration:  6001 / 12000 [ 50%]  (Sampling)
Chain 1: Iteration:  6000 / 12000 [ 50%]  (Warmup)
Chain 1: Iteration:  6001 / 12000 [ 50%]  (Sampling)
Chain 3: Iteration:  6000 / 12000 [ 50%]  (Warmup)
Chain 3: Iteration:  6001 / 12000 [ 50%]  (Sampling)
Chain 4: Iteration:  6000 / 12000 [ 50%]  (Warmup)
Chain 4: Iteration:  6001 / 12000 [ 50%]  (Sampling)
Chain 2: Iteration:  7200 / 12000 [ 60%]  (Sampling)
Chain 3: Iteration:  7200 / 12000 [ 60%]  (Sampling)
Chain 1: Iteration:  7200 / 12000 [ 60%]  (Sampling)
Chain 2: Iteration:  8400 / 12000 [ 70%]  (Sampling)
Chain 4: Iteration:  7200 / 12000 [ 60%]  (Sampling)
Chain 3: Iteration:  8400 / 12000 [ 70%]  (Sampling)
Chain 2: Iteration:  9600 / 12000 [ 80%]  (Sampling)
Chain 3: Iteration:  9600 / 12000 [ 80%]  (Sampling)
Chain 1: Iteration:  8400 / 12000 [ 70%]  (Sampling)
Chain 4: Iteration:  8400 / 12000 [ 70%]  (Sampling)
Chain 2: Iteration: 10800 / 12000 [ 90%]  (Sampling)
Chain 3: Iteration: 10800 / 12000 [ 90%]  (Sampling)
Chain 2: Iteration: 12000 / 12000 [100%]  (Sampling)
Chain 2: 
Chain 2:  Elapsed Time: 25.964 seconds (Warm-up)
Chain 2:                22.958 seconds (Sampling)
Chain 2:                48.922 seconds (Total)
Chain 2: 
Chain 1: Iteration:  9600 / 12000 [ 80%]  (Sampling)
Chain 3: Iteration: 12000 / 12000 [100%]  (Sampling)
Chain 3: 
Chain 3:  Elapsed Time: 26.818 seconds (Warm-up)
Chain 3:                25.259 seconds (Sampling)
Chain 3:                52.077 seconds (Total)
Chain 3: 
Chain 4: Iteration:  9600 / 12000 [ 80%]  (Sampling)
Chain 1: Iteration: 10800 / 12000 [ 90%]  (Sampling)
Chain 4: Iteration: 10800 / 12000 [ 90%]  (Sampling)
Chain 1: Iteration: 12000 / 12000 [100%]  (Sampling)
Chain 1: 
Chain 1:  Elapsed Time: 26.192 seconds (Warm-up)
Chain 1:                38.692 seconds (Sampling)
Chain 1:                64.884 seconds (Total)
Chain 1: 
Chain 4: Iteration: 12000 / 12000 [100%]  (Sampling)
Chain 4: 
Chain 4:  Elapsed Time: 27.043 seconds (Warm-up)
Chain 4:                41.738 seconds (Sampling)
Chain 4:                68.781 seconds (Total)
Chain 4: 
Done!
Fitting s2.json, 10/17

SAMPLING FOR MODEL 'anon_model' NOW (CHAIN 1).
Chain 1: 
Chain 1: Gradient evaluation took 0.000239 seconds
Chain 1: 1000 transitions using 10 leapfrog steps per transition would take 2.39 seconds.
Chain 1: Adjust your expectations accordingly!
Chain 1: 
Chain 1: 

SAMPLING FOR MODEL 'anon_model' NOW (CHAIN 2).
Chain 2: 
Chain 2: Gradient evaluation took 0.000236 seconds
Chain 2: 1000 transitions using 10 leapfrog steps per transition would take 2.36 seconds.
Chain 2: Adjust your expectations accordingly!
Chain 2: 
Chain 2: 
Chain 1: Iteration:     1 / 12000 [  0%]  (Warmup)

SAMPLING FOR MODEL 'anon_model' NOW (CHAIN 3).
Chain 3: 
Chain 3: Gradient evaluation took 0.000234 seconds
Chain 3: 1000 transitions using 10 leapfrog steps per transition would take 2.34 seconds.
Chain 3: Adjust your expectations accordingly!
Chain 3: 
Chain 3: 
Chain 2: Iteration:     1 / 12000 [  0%]  (Warmup)

SAMPLING FOR MODEL 'anon_model' NOW (CHAIN 4).
Chain 4: 
Chain 4: Gradient evaluation took 0.000221 seconds
Chain 4: 1000 transitions using 10 leapfrog steps per transition would take 2.21 seconds.
Chain 4: Adjust your expectations accordingly!
Chain 4: 
Chain 4: 
Chain 3: Iteration:     1 / 12000 [  0%]  (Warmup)
Chain 4: Iteration:     1 / 12000 [  0%]  (Warmup)
Chain 2: Iteration:  1200 / 12000 [ 10%]  (Warmup)
Chain 1: Iteration:  1200 / 12000 [ 10%]  (Warmup)
Chain 4: Iteration:  1200 / 12000 [ 10%]  (Warmup)
Chain 3: Iteration:  1200 / 12000 [ 10%]  (Warmup)
Chain 2: Iteration:  2400 / 12000 [ 20%]  (Warmup)
Chain 1: Iteration:  2400 / 12000 [ 20%]  (Warmup)
Chain 4: Iteration:  2400 / 12000 [ 20%]  (Warmup)
Chain 3: Iteration:  2400 / 12000 [ 20%]  (Warmup)
Chain 2: Iteration:  3600 / 12000 [ 30%]  (Warmup)
Chain 1: Iteration:  3600 / 12000 [ 30%]  (Warmup)
Chain 4: Iteration:  3600 / 12000 [ 30%]  (Warmup)
Chain 3: Iteration:  3600 / 12000 [ 30%]  (Warmup)
Chain 2: Iteration:  4800 / 12000 [ 40%]  (Warmup)
Chain 1: Iteration:  4800 / 12000 [ 40%]  (Warmup)
Chain 4: Iteration:  4800 / 12000 [ 40%]  (Warmup)
Chain 3: Iteration:  4800 / 12000 [ 40%]  (Warmup)
Chain 2: Iteration:  6000 / 12000 [ 50%]  (Warmup)
Chain 2: Iteration:  6001 / 12000 [ 50%]  (Sampling)
Chain 4: Iteration:  6000 / 12000 [ 50%]  (Warmup)
Chain 4: Iteration:  6001 / 12000 [ 50%]  (Sampling)
Chain 1: Iteration:  6000 / 12000 [ 50%]  (Warmup)
Chain 1: Iteration:  6001 / 12000 [ 50%]  (Sampling)
Chain 3: Iteration:  6000 / 12000 [ 50%]  (Warmup)
Chain 3: Iteration:  6001 / 12000 [ 50%]  (Sampling)
Chain 4: Iteration:  7200 / 12000 [ 60%]  (Sampling)
Chain 3: Iteration:  7200 / 12000 [ 60%]  (Sampling)
Chain 2: Iteration:  7200 / 12000 [ 60%]  (Sampling)
Chain 4: Iteration:  8400 / 12000 [ 70%]  (Sampling)
Chain 1: Iteration:  7200 / 12000 [ 60%]  (Sampling)
Chain 3: Iteration:  8400 / 12000 [ 70%]  (Sampling)
Chain 4: Iteration:  9600 / 12000 [ 80%]  (Sampling)
Chain 2: Iteration:  8400 / 12000 [ 70%]  (Sampling)
Chain 4: Iteration: 10800 / 12000 [ 90%]  (Sampling)
Chain 3: Iteration:  9600 / 12000 [ 80%]  (Sampling)
Chain 1: Iteration:  8400 / 12000 [ 70%]  (Sampling)
Chain 4: Iteration: 12000 / 12000 [100%]  (Sampling)
Chain 4: 
Chain 4:  Elapsed Time: 32.507 seconds (Warm-up)
Chain 4:                25.568 seconds (Sampling)
Chain 4:                58.075 seconds (Total)
Chain 4: 
Chain 2: Iteration:  9600 / 12000 [ 80%]  (Sampling)
Chain 3: Iteration: 10800 / 12000 [ 90%]  (Sampling)
Chain 1: Iteration:  9600 / 12000 [ 80%]  (Sampling)
Chain 3: Iteration: 12000 / 12000 [100%]  (Sampling)
Chain 3: 
Chain 3:  Elapsed Time: 33.094 seconds (Warm-up)
Chain 3:                35.062 seconds (Sampling)
Chain 3:                68.156 seconds (Total)
Chain 3: 
Chain 2: Iteration: 10800 / 12000 [ 90%]  (Sampling)
Chain 1: Iteration: 10800 / 12000 [ 90%]  (Sampling)
Chain 2: Iteration: 12000 / 12000 [100%]  (Sampling)
Chain 2: 
Chain 2:  Elapsed Time: 32.274 seconds (Warm-up)
Chain 2:                45.069 seconds (Sampling)
Chain 2:                77.343 seconds (Total)
Chain 2: 
Chain 1: Iteration: 12000 / 12000 [100%]  (Sampling)
Chain 1: 
Chain 1:  Elapsed Time: 32.772 seconds (Warm-up)
Chain 1:                53.71 seconds (Sampling)
Chain 1:                86.482 seconds (Total)
Chain 1: 
Done!
Fitting s3.json, 11/17

SAMPLING FOR MODEL 'anon_model' NOW (CHAIN 1).
Chain 1: 
Chain 1: Gradient evaluation took 0.000236 seconds
Chain 1: 1000 transitions using 10 leapfrog steps per transition would take 2.36 seconds.
Chain 1: Adjust your expectations accordingly!
Chain 1: 
Chain 1: 

SAMPLING FOR MODEL 'anon_model' NOW (CHAIN 2).
Chain 2: 
Chain 2: Gradient evaluation took 0.000241 seconds
Chain 2: 1000 transitions using 10 leapfrog steps per transition would take 2.41 seconds.
Chain 2: Adjust your expectations accordingly!
Chain 2: 
Chain 2: 
Chain 1: Iteration:     1 / 12000 [  0%]  (Warmup)

SAMPLING FOR MODEL 'anon_model' NOW (CHAIN 3).
Chain 3: 
Chain 3: Gradient evaluation took 0.000224 seconds
Chain 3: 1000 transitions using 10 leapfrog steps per transition would take 2.24 seconds.
Chain 3: Adjust your expectations accordingly!
Chain 3: 
Chain 3: 
Chain 2: Iteration:     1 / 12000 [  0%]  (Warmup)
Chain 3: Iteration:     1 / 12000 [  0%]  (Warmup)

SAMPLING FOR MODEL 'anon_model' NOW (CHAIN 4).
Chain 4: 
Chain 4: Gradient evaluation took 0.000225 seconds
Chain 4: 1000 transitions using 10 leapfrog steps per transition would take 2.25 seconds.
Chain 4: Adjust your expectations accordingly!
Chain 4: 
Chain 4: 
Chain 4: Iteration:     1 / 12000 [  0%]  (Warmup)
Chain 2: Iteration:  1200 / 12000 [ 10%]  (Warmup)
Chain 3: Iteration:  1200 / 12000 [ 10%]  (Warmup)
Chain 1: Iteration:  1200 / 12000 [ 10%]  (Warmup)
Chain 4: Iteration:  1200 / 12000 [ 10%]  (Warmup)
Chain 2: Iteration:  2400 / 12000 [ 20%]  (Warmup)
Chain 3: Iteration:  2400 / 12000 [ 20%]  (Warmup)
Chain 1: Iteration:  2400 / 12000 [ 20%]  (Warmup)
Chain 4: Iteration:  2400 / 12000 [ 20%]  (Warmup)
Chain 2: Iteration:  3600 / 12000 [ 30%]  (Warmup)
Chain 3: Iteration:  3600 / 12000 [ 30%]  (Warmup)
Chain 4: Iteration:  3600 / 12000 [ 30%]  (Warmup)
Chain 1: Iteration:  3600 / 12000 [ 30%]  (Warmup)
Chain 2: Iteration:  4800 / 12000 [ 40%]  (Warmup)
Chain 3: Iteration:  4800 / 12000 [ 40%]  (Warmup)
Chain 4: Iteration:  4800 / 12000 [ 40%]  (Warmup)
Chain 1: Iteration:  4800 / 12000 [ 40%]  (Warmup)
Chain 2: Iteration:  6000 / 12000 [ 50%]  (Warmup)
Chain 2: Iteration:  6001 / 12000 [ 50%]  (Sampling)
Chain 4: Iteration:  6000 / 12000 [ 50%]  (Warmup)
Chain 4: Iteration:  6001 / 12000 [ 50%]  (Sampling)
Chain 3: Iteration:  6000 / 12000 [ 50%]  (Warmup)
Chain 3: Iteration:  6001 / 12000 [ 50%]  (Sampling)
Chain 1: Iteration:  6000 / 12000 [ 50%]  (Warmup)
Chain 1: Iteration:  6001 / 12000 [ 50%]  (Sampling)
Chain 4: Iteration:  7200 / 12000 [ 60%]  (Sampling)
Chain 2: Iteration:  7200 / 12000 [ 60%]  (Sampling)
Chain 1: Iteration:  7200 / 12000 [ 60%]  (Sampling)
Chain 3: Iteration:  7200 / 12000 [ 60%]  (Sampling)
Chain 4: Iteration:  8400 / 12000 [ 70%]  (Sampling)
Chain 1: Iteration:  8400 / 12000 [ 70%]  (Sampling)
Chain 2: Iteration:  8400 / 12000 [ 70%]  (Sampling)
Chain 4: Iteration:  9600 / 12000 [ 80%]  (Sampling)
Chain 3: Iteration:  8400 / 12000 [ 70%]  (Sampling)
Chain 1: Iteration:  9600 / 12000 [ 80%]  (Sampling)
Chain 2: Iteration:  9600 / 12000 [ 80%]  (Sampling)
Chain 4: Iteration: 10800 / 12000 [ 90%]  (Sampling)
Chain 1: Iteration: 10800 / 12000 [ 90%]  (Sampling)
Chain 3: Iteration:  9600 / 12000 [ 80%]  (Sampling)
Chain 4: Iteration: 12000 / 12000 [100%]  (Sampling)
Chain 4: 
Chain 4:  Elapsed Time: 25.202 seconds (Warm-up)
Chain 4:                21.597 seconds (Sampling)
Chain 4:                46.799 seconds (Total)
Chain 4: 
Chain 2: Iteration: 10800 / 12000 [ 90%]  (Sampling)
Chain 1: Iteration: 12000 / 12000 [100%]  (Sampling)
Chain 1: 
Chain 1:  Elapsed Time: 25.427 seconds (Warm-up)
Chain 1:                24.271 seconds (Sampling)
Chain 1:                49.698 seconds (Total)
Chain 1: 
Chain 3: Iteration: 10800 / 12000 [ 90%]  (Sampling)
Chain 2: Iteration: 12000 / 12000 [100%]  (Sampling)
Chain 2: 
Chain 2:  Elapsed Time: 24.478 seconds (Warm-up)
Chain 2:                28.016 seconds (Sampling)
Chain 2:                52.494 seconds (Total)
Chain 2: 
Chain 3: Iteration: 12000 / 12000 [100%]  (Sampling)
Chain 3: 
Chain 3:  Elapsed Time: 25.384 seconds (Warm-up)
Chain 3:                32.692 seconds (Sampling)
Chain 3:                58.076 seconds (Total)
Chain 3: 
Done!
Fitting s4.json, 12/17

SAMPLING FOR MODEL 'anon_model' NOW (CHAIN 1).
Chain 1: 
Chain 1: Gradient evaluation took 0.000236 seconds
Chain 1: 1000 transitions using 10 leapfrog steps per transition would take 2.36 seconds.
Chain 1: Adjust your expectations accordingly!
Chain 1: 
Chain 1: 

SAMPLING FOR MODEL 'anon_model' NOW (CHAIN 2).
Chain 2: 
Chain 2: Gradient evaluation took 0.000225 seconds
Chain 2: 1000 transitions using 10 leapfrog steps per transition would take 2.25 seconds.
Chain 2: Adjust your expectations accordingly!
Chain 2: 
Chain 2: 

SAMPLING FOR MODEL 'anon_model' NOW (CHAIN 3).
Chain 1: Iteration:     1 / 12000 [  0%]  (Warmup)
Chain 3: 
Chain 3: Gradient evaluation took 0.000229 seconds
Chain 3: 1000 transitions using 10 leapfrog steps per transition would take 2.29 seconds.
Chain 3: Adjust your expectations accordingly!
Chain 3: 
Chain 3: 
Chain 2: Iteration:     1 / 12000 [  0%]  (Warmup)
Chain 3: Iteration:     1 / 12000 [  0%]  (Warmup)

SAMPLING FOR MODEL 'anon_model' NOW (CHAIN 4).
Chain 4: 
Chain 4: Gradient evaluation took 0.000213 seconds
Chain 4: 1000 transitions using 10 leapfrog steps per transition would take 2.13 seconds.
Chain 4: Adjust your expectations accordingly!
Chain 4: 
Chain 4: 
Chain 4: Iteration:     1 / 12000 [  0%]  (Warmup)
Chain 4: Iteration:  1200 / 12000 [ 10%]  (Warmup)
Chain 1: Iteration:  1200 / 12000 [ 10%]  (Warmup)
Chain 2: Iteration:  1200 / 12000 [ 10%]  (Warmup)
Chain 3: Iteration:  1200 / 12000 [ 10%]  (Warmup)
Chain 4: Iteration:  2400 / 12000 [ 20%]  (Warmup)
Chain 1: Iteration:  2400 / 12000 [ 20%]  (Warmup)
Chain 2: Iteration:  2400 / 12000 [ 20%]  (Warmup)
Chain 3: Iteration:  2400 / 12000 [ 20%]  (Warmup)
Chain 4: Iteration:  3600 / 12000 [ 30%]  (Warmup)
Chain 1: Iteration:  3600 / 12000 [ 30%]  (Warmup)
Chain 3: Iteration:  3600 / 12000 [ 30%]  (Warmup)
Chain 2: Iteration:  3600 / 12000 [ 30%]  (Warmup)
Chain 4: Iteration:  4800 / 12000 [ 40%]  (Warmup)
Chain 1: Iteration:  4800 / 12000 [ 40%]  (Warmup)
Chain 3: Iteration:  4800 / 12000 [ 40%]  (Warmup)
Chain 2: Iteration:  4800 / 12000 [ 40%]  (Warmup)
Chain 4: Iteration:  6000 / 12000 [ 50%]  (Warmup)
Chain 4: Iteration:  6001 / 12000 [ 50%]  (Sampling)
Chain 1: Iteration:  6000 / 12000 [ 50%]  (Warmup)
Chain 1: Iteration:  6001 / 12000 [ 50%]  (Sampling)
Chain 3: Iteration:  6000 / 12000 [ 50%]  (Warmup)
Chain 3: Iteration:  6001 / 12000 [ 50%]  (Sampling)
Chain 2: Iteration:  6000 / 12000 [ 50%]  (Warmup)
Chain 2: Iteration:  6001 / 12000 [ 50%]  (Sampling)
Chain 1: Iteration:  7200 / 12000 [ 60%]  (Sampling)
Chain 4: Iteration:  7200 / 12000 [ 60%]  (Sampling)
Chain 2: Iteration:  7200 / 12000 [ 60%]  (Sampling)
Chain 2: Iteration:  8400 / 12000 [ 70%]  (Sampling)
Chain 3: Iteration:  7200 / 12000 [ 60%]  (Sampling)
Chain 1: Iteration:  8400 / 12000 [ 70%]  (Sampling)
Chain 4: Iteration:  8400 / 12000 [ 70%]  (Sampling)
Chain 2: Iteration:  9600 / 12000 [ 80%]  (Sampling)
Chain 1: Iteration:  9600 / 12000 [ 80%]  (Sampling)
Chain 4: Iteration:  9600 / 12000 [ 80%]  (Sampling)
Chain 2: Iteration: 10800 / 12000 [ 90%]  (Sampling)
Chain 3: Iteration:  8400 / 12000 [ 70%]  (Sampling)
Chain 1: Iteration: 10800 / 12000 [ 90%]  (Sampling)
Chain 4: Iteration: 10800 / 12000 [ 90%]  (Sampling)
Chain 2: Iteration: 12000 / 12000 [100%]  (Sampling)
Chain 2: 
Chain 2:  Elapsed Time: 27.599 seconds (Warm-up)
Chain 2:                19.728 seconds (Sampling)
Chain 2:                47.327 seconds (Total)
Chain 2: 
Chain 1: Iteration: 12000 / 12000 [100%]  (Sampling)
Chain 1: 
Chain 1:  Elapsed Time: 26.25 seconds (Warm-up)
Chain 1:                23.525 seconds (Sampling)
Chain 1:                49.775 seconds (Total)
Chain 1: 
Chain 3: Iteration:  9600 / 12000 [ 80%]  (Sampling)
Chain 4: Iteration: 12000 / 12000 [100%]  (Sampling)
Chain 4: 
Chain 4:  Elapsed Time: 25.842 seconds (Warm-up)
Chain 4:                26.523 seconds (Sampling)
Chain 4:                52.365 seconds (Total)
Chain 4: 
Chain 3: Iteration: 10800 / 12000 [ 90%]  (Sampling)
Chain 3: Iteration: 12000 / 12000 [100%]  (Sampling)
Chain 3: 
Chain 3:  Elapsed Time: 27.365 seconds (Warm-up)
Chain 3:                40.189 seconds (Sampling)
Chain 3:                67.554 seconds (Total)
Chain 3: 
Done!
Fitting s5.json, 13/17

SAMPLING FOR MODEL 'anon_model' NOW (CHAIN 1).
Chain 1: 
Chain 1: Gradient evaluation took 0.000243 seconds
Chain 1: 1000 transitions using 10 leapfrog steps per transition would take 2.43 seconds.
Chain 1: Adjust your expectations accordingly!
Chain 1: 
Chain 1: 

SAMPLING FOR MODEL 'anon_model' NOW (CHAIN 2).

SAMPLING FOR MODEL 'anon_model' NOW (CHAIN 3).
Chain 2: 
Chain 2: Gradient evaluation took 0.000224 seconds
Chain 2: 1000 transitions using 10 leapfrog steps per transition would take 2.24 seconds.
Chain 2: Adjust your expectations accordingly!
Chain 2: 
Chain 2: 
Chain 1: Iteration:     1 / 12000 [  0%]  (Warmup)
Chain 3: 
Chain 3: Gradient evaluation took 0.000223 seconds
Chain 3: 1000 transitions using 10 leapfrog steps per transition would take 2.23 seconds.
Chain 3: Adjust your expectations accordingly!
Chain 3: 
Chain 3: 

SAMPLING FOR MODEL 'anon_model' NOW (CHAIN 4).
Chain 2: Iteration:     1 / 12000 [  0%]  (Warmup)
Chain 3: Iteration:     1 / 12000 [  0%]  (Warmup)
Chain 4: 
Chain 4: Gradient evaluation took 0.000223 seconds
Chain 4: 1000 transitions using 10 leapfrog steps per transition would take 2.23 seconds.
Chain 4: Adjust your expectations accordingly!
Chain 4: 
Chain 4: 
Chain 4: Iteration:     1 / 12000 [  0%]  (Warmup)
Chain 1: Iteration:  1200 / 12000 [ 10%]  (Warmup)
Chain 2: Iteration:  1200 / 12000 [ 10%]  (Warmup)
Chain 3: Iteration:  1200 / 12000 [ 10%]  (Warmup)
Chain 4: Iteration:  1200 / 12000 [ 10%]  (Warmup)
Chain 1: Iteration:  2400 / 12000 [ 20%]  (Warmup)
Chain 2: Iteration:  2400 / 12000 [ 20%]  (Warmup)
Chain 3: Iteration:  2400 / 12000 [ 20%]  (Warmup)
Chain 4: Iteration:  2400 / 12000 [ 20%]  (Warmup)
Chain 1: Iteration:  3600 / 12000 [ 30%]  (Warmup)
Chain 2: Iteration:  3600 / 12000 [ 30%]  (Warmup)
Chain 3: Iteration:  3600 / 12000 [ 30%]  (Warmup)
Chain 4: Iteration:  3600 / 12000 [ 30%]  (Warmup)
Chain 1: Iteration:  4800 / 12000 [ 40%]  (Warmup)
Chain 2: Iteration:  4800 / 12000 [ 40%]  (Warmup)
Chain 3: Iteration:  4800 / 12000 [ 40%]  (Warmup)
Chain 4: Iteration:  4800 / 12000 [ 40%]  (Warmup)
Chain 2: Iteration:  6000 / 12000 [ 50%]  (Warmup)
Chain 2: Iteration:  6001 / 12000 [ 50%]  (Sampling)
Chain 4: Iteration:  6000 / 12000 [ 50%]  (Warmup)
Chain 4: Iteration:  6001 / 12000 [ 50%]  (Sampling)
Chain 1: Iteration:  6000 / 12000 [ 50%]  (Warmup)
Chain 1: Iteration:  6001 / 12000 [ 50%]  (Sampling)
Chain 3: Iteration:  6000 / 12000 [ 50%]  (Warmup)
Chain 3: Iteration:  6001 / 12000 [ 50%]  (Sampling)
Chain 2: Iteration:  7200 / 12000 [ 60%]  (Sampling)
Chain 4: Iteration:  7200 / 12000 [ 60%]  (Sampling)
Chain 1: Iteration:  7200 / 12000 [ 60%]  (Sampling)
Chain 2: Iteration:  8400 / 12000 [ 70%]  (Sampling)
Chain 4: Iteration:  8400 / 12000 [ 70%]  (Sampling)
Chain 3: Iteration:  7200 / 12000 [ 60%]  (Sampling)
Chain 1: Iteration:  8400 / 12000 [ 70%]  (Sampling)
Chain 2: Iteration:  9600 / 12000 [ 80%]  (Sampling)
Chain 4: Iteration:  9600 / 12000 [ 80%]  (Sampling)
Chain 2: Iteration: 10800 / 12000 [ 90%]  (Sampling)
Chain 1: Iteration:  9600 / 12000 [ 80%]  (Sampling)
Chain 4: Iteration: 10800 / 12000 [ 90%]  (Sampling)
Chain 3: Iteration:  8400 / 12000 [ 70%]  (Sampling)
Chain 2: Iteration: 12000 / 12000 [100%]  (Sampling)
Chain 2: 
Chain 2:  Elapsed Time: 29.075 seconds (Warm-up)
Chain 2:                23.668 seconds (Sampling)
Chain 2:                52.743 seconds (Total)
Chain 2: 
Chain 4: Iteration: 12000 / 12000 [100%]  (Sampling)
Chain 4: 
Chain 4:  Elapsed Time: 29.235 seconds (Warm-up)
Chain 4:                24.264 seconds (Sampling)
Chain 4:                53.499 seconds (Total)
Chain 4: 
Chain 1: Iteration: 10800 / 12000 [ 90%]  (Sampling)
Chain 3: Iteration:  9600 / 12000 [ 80%]  (Sampling)
Chain 1: Iteration: 12000 / 12000 [100%]  (Sampling)
Chain 1: 
Chain 1:  Elapsed Time: 29.287 seconds (Warm-up)
Chain 1:                31.291 seconds (Sampling)
Chain 1:                60.578 seconds (Total)
Chain 1: 
Chain 3: Iteration: 10800 / 12000 [ 90%]  (Sampling)
Chain 3: Iteration: 12000 / 12000 [100%]  (Sampling)
Chain 3: 
Chain 3:  Elapsed Time: 29.624 seconds (Warm-up)
Chain 3:                46.707 seconds (Sampling)
Chain 3:                76.331 seconds (Total)
Chain 3: 
Done!
Fitting s6.json, 14/17

SAMPLING FOR MODEL 'anon_model' NOW (CHAIN 1).
Chain 1: 
Chain 1: Gradient evaluation took 0.000246 seconds
Chain 1: 1000 transitions using 10 leapfrog steps per transition would take 2.46 seconds.
Chain 1: Adjust your expectations accordingly!
Chain 1: 
Chain 1: 

SAMPLING FOR MODEL 'anon_model' NOW (CHAIN 2).
Chain 2: 
Chain 2: Gradient evaluation took 0.000222 seconds
Chain 2: 1000 transitions using 10 leapfrog steps per transition would take 2.22 seconds.
Chain 2: Adjust your expectations accordingly!
Chain 2: 
Chain 2: 
Chain 1: Iteration:     1 / 12000 [  0%]  (Warmup)

SAMPLING FOR MODEL 'anon_model' NOW (CHAIN 3).
Chain 2: Iteration:     1 / 12000 [  0%]  (Warmup)
Chain 3: 
Chain 3: Gradient evaluation took 0.000218 seconds
Chain 3: 1000 transitions using 10 leapfrog steps per transition would take 2.18 seconds.
Chain 3: Adjust your expectations accordingly!
Chain 3: 
Chain 3: 

SAMPLING FOR MODEL 'anon_model' NOW (CHAIN 4).
Chain 4: 
Chain 4: Gradient evaluation took 0.000215 seconds
Chain 4: 1000 transitions using 10 leapfrog steps per transition would take 2.15 seconds.
Chain 4: Adjust your expectations accordingly!
Chain 4: 
Chain 4: 
Chain 3: Iteration:     1 / 12000 [  0%]  (Warmup)
Chain 4: Iteration:     1 / 12000 [  0%]  (Warmup)
Chain 4: Iteration:  1200 / 12000 [ 10%]  (Warmup)
Chain 3: Iteration:  1200 / 12000 [ 10%]  (Warmup)
Chain 1: Iteration:  1200 / 12000 [ 10%]  (Warmup)
Chain 2: Iteration:  1200 / 12000 [ 10%]  (Warmup)
Chain 4: Iteration:  2400 / 12000 [ 20%]  (Warmup)
Chain 3: Iteration:  2400 / 12000 [ 20%]  (Warmup)
Chain 1: Iteration:  2400 / 12000 [ 20%]  (Warmup)
Chain 2: Iteration:  2400 / 12000 [ 20%]  (Warmup)
Chain 3: Iteration:  3600 / 12000 [ 30%]  (Warmup)
Chain 4: Iteration:  3600 / 12000 [ 30%]  (Warmup)
Chain 1: Iteration:  3600 / 12000 [ 30%]  (Warmup)
Chain 2: Iteration:  3600 / 12000 [ 30%]  (Warmup)
Chain 3: Iteration:  4800 / 12000 [ 40%]  (Warmup)
Chain 1: Iteration:  4800 / 12000 [ 40%]  (Warmup)
Chain 4: Iteration:  4800 / 12000 [ 40%]  (Warmup)
Chain 2: Iteration:  4800 / 12000 [ 40%]  (Warmup)
Chain 3: Iteration:  6000 / 12000 [ 50%]  (Warmup)
Chain 3: Iteration:  6001 / 12000 [ 50%]  (Sampling)
Chain 1: Iteration:  6000 / 12000 [ 50%]  (Warmup)
Chain 1: Iteration:  6001 / 12000 [ 50%]  (Sampling)
Chain 4: Iteration:  6000 / 12000 [ 50%]  (Warmup)
Chain 4: Iteration:  6001 / 12000 [ 50%]  (Sampling)
Chain 2: Iteration:  6000 / 12000 [ 50%]  (Warmup)
Chain 2: Iteration:  6001 / 12000 [ 50%]  (Sampling)
Chain 1: Iteration:  7200 / 12000 [ 60%]  (Sampling)
Chain 3: Iteration:  7200 / 12000 [ 60%]  (Sampling)
Chain 1: Iteration:  8400 / 12000 [ 70%]  (Sampling)
Chain 2: Iteration:  7200 / 12000 [ 60%]  (Sampling)
Chain 4: Iteration:  7200 / 12000 [ 60%]  (Sampling)
Chain 3: Iteration:  8400 / 12000 [ 70%]  (Sampling)
Chain 1: Iteration:  9600 / 12000 [ 80%]  (Sampling)
Chain 2: Iteration:  8400 / 12000 [ 70%]  (Sampling)
Chain 4: Iteration:  8400 / 12000 [ 70%]  (Sampling)
Chain 1: Iteration: 10800 / 12000 [ 90%]  (Sampling)
Chain 3: Iteration:  9600 / 12000 [ 80%]  (Sampling)
Chain 1: Iteration: 12000 / 12000 [100%]  (Sampling)
Chain 1: 
Chain 1:  Elapsed Time: 26.26 seconds (Warm-up)
Chain 1:                20.408 seconds (Sampling)
Chain 1:                46.668 seconds (Total)
Chain 1: 
Chain 2: Iteration:  9600 / 12000 [ 80%]  (Sampling)
Chain 4: Iteration:  9600 / 12000 [ 80%]  (Sampling)
Chain 3: Iteration: 10800 / 12000 [ 90%]  (Sampling)
Chain 2: Iteration: 10800 / 12000 [ 90%]  (Sampling)
Chain 3: Iteration: 12000 / 12000 [100%]  (Sampling)
Chain 3: 
Chain 3:  Elapsed Time: 25.942 seconds (Warm-up)
Chain 3:                29.491 seconds (Sampling)
Chain 3:                55.433 seconds (Total)
Chain 3: 
Chain 4: Iteration: 10800 / 12000 [ 90%]  (Sampling)
Chain 2: Iteration: 12000 / 12000 [100%]  (Sampling)
Chain 2: 
Chain 2:  Elapsed Time: 27.352 seconds (Warm-up)
Chain 2:                34.657 seconds (Sampling)
Chain 2:                62.009 seconds (Total)
Chain 2: 
Chain 4: Iteration: 12000 / 12000 [100%]  (Sampling)
Chain 4: 
Chain 4:  Elapsed Time: 27.002 seconds (Warm-up)
Chain 4:                36.163 seconds (Sampling)
Chain 4:                63.165 seconds (Total)
Chain 4: 
Done!
Fitting s7.json, 15/17

SAMPLING FOR MODEL 'anon_model' NOW (CHAIN 1).
Chain 1: 
Chain 1: Gradient evaluation took 0.000251 seconds
Chain 1: 1000 transitions using 10 leapfrog steps per transition would take 2.51 seconds.
Chain 1: Adjust your expectations accordingly!
Chain 1: 
Chain 1: 

SAMPLING FOR MODEL 'anon_model' NOW (CHAIN 2).
Chain 1: Iteration:     1 / 12000 [  0%]  (Warmup)
Chain 2: 
Chain 2: Gradient evaluation took 0.000232 seconds
Chain 2: 1000 transitions using 10 leapfrog steps per transition would take 2.32 seconds.
Chain 2: Adjust your expectations accordingly!
Chain 2: 
Chain 2: 
Chain 2: Iteration:     1 / 12000 [  0%]  (Warmup)

SAMPLING FOR MODEL 'anon_model' NOW (CHAIN 3).
Chain 3: 
Chain 3: Gradient evaluation took 0.000234 seconds
Chain 3: 1000 transitions using 10 leapfrog steps per transition would take 2.34 seconds.
Chain 3: Adjust your expectations accordingly!
Chain 3: 
Chain 3: 
Chain 3: Iteration:     1 / 12000 [  0%]  (Warmup)

SAMPLING FOR MODEL 'anon_model' NOW (CHAIN 4).
Chain 4: 
Chain 4: Gradient evaluation took 0.000225 seconds
Chain 4: 1000 transitions using 10 leapfrog steps per transition would take 2.25 seconds.
Chain 4: Adjust your expectations accordingly!
Chain 4: 
Chain 4: 
Chain 4: Iteration:     1 / 12000 [  0%]  (Warmup)
Chain 3: Iteration:  1200 / 12000 [ 10%]  (Warmup)
Chain 1: Iteration:  1200 / 12000 [ 10%]  (Warmup)
Chain 4: Iteration:  1200 / 12000 [ 10%]  (Warmup)
Chain 2: Iteration:  1200 / 12000 [ 10%]  (Warmup)
Chain 1: Iteration:  2400 / 12000 [ 20%]  (Warmup)
Chain 3: Iteration:  2400 / 12000 [ 20%]  (Warmup)
Chain 4: Iteration:  2400 / 12000 [ 20%]  (Warmup)
Chain 2: Iteration:  2400 / 12000 [ 20%]  (Warmup)
Chain 1: Iteration:  3600 / 12000 [ 30%]  (Warmup)
Chain 3: Iteration:  3600 / 12000 [ 30%]  (Warmup)
Chain 2: Iteration:  3600 / 12000 [ 30%]  (Warmup)
Chain 4: Iteration:  3600 / 12000 [ 30%]  (Warmup)
Chain 1: Iteration:  4800 / 12000 [ 40%]  (Warmup)
Chain 3: Iteration:  4800 / 12000 [ 40%]  (Warmup)
Chain 2: Iteration:  4800 / 12000 [ 40%]  (Warmup)
Chain 4: Iteration:  4800 / 12000 [ 40%]  (Warmup)
Chain 1: Iteration:  6000 / 12000 [ 50%]  (Warmup)
Chain 1: Iteration:  6001 / 12000 [ 50%]  (Sampling)
Chain 3: Iteration:  6000 / 12000 [ 50%]  (Warmup)
Chain 3: Iteration:  6001 / 12000 [ 50%]  (Sampling)
Chain 2: Iteration:  6000 / 12000 [ 50%]  (Warmup)
Chain 2: Iteration:  6001 / 12000 [ 50%]  (Sampling)
Chain 4: Iteration:  6000 / 12000 [ 50%]  (Warmup)
Chain 4: Iteration:  6001 / 12000 [ 50%]  (Sampling)
Chain 1: Iteration:  7200 / 12000 [ 60%]  (Sampling)
Chain 2: Iteration:  7200 / 12000 [ 60%]  (Sampling)
Chain 4: Iteration:  7200 / 12000 [ 60%]  (Sampling)
Chain 3: Iteration:  7200 / 12000 [ 60%]  (Sampling)
Chain 1: Iteration:  8400 / 12000 [ 70%]  (Sampling)
Chain 2: Iteration:  8400 / 12000 [ 70%]  (Sampling)
Chain 4: Iteration:  8400 / 12000 [ 70%]  (Sampling)
Chain 1: Iteration:  9600 / 12000 [ 80%]  (Sampling)
Chain 3: Iteration:  8400 / 12000 [ 70%]  (Sampling)
Chain 2: Iteration:  9600 / 12000 [ 80%]  (Sampling)
Chain 1: Iteration: 10800 / 12000 [ 90%]  (Sampling)
Chain 4: Iteration:  9600 / 12000 [ 80%]  (Sampling)
Chain 2: Iteration: 10800 / 12000 [ 90%]  (Sampling)
Chain 3: Iteration:  9600 / 12000 [ 80%]  (Sampling)
Chain 1: Iteration: 12000 / 12000 [100%]  (Sampling)
Chain 1: 
Chain 1:  Elapsed Time: 32.304 seconds (Warm-up)
Chain 1:                37.839 seconds (Sampling)
Chain 1:                70.143 seconds (Total)
Chain 1: 
Chain 4: Iteration: 10800 / 12000 [ 90%]  (Sampling)
Chain 2: Iteration: 12000 / 12000 [100%]  (Sampling)
Chain 2: 
Chain 2:  Elapsed Time: 33.746 seconds (Warm-up)
Chain 2:                42.171 seconds (Sampling)
Chain 2:                75.917 seconds (Total)
Chain 2: 
Chain 3: Iteration: 10800 / 12000 [ 90%]  (Sampling)
Chain 4: Iteration: 12000 / 12000 [100%]  (Sampling)
Chain 4: 
Chain 4:  Elapsed Time: 34.099 seconds (Warm-up)
Chain 4:                50.077 seconds (Sampling)
Chain 4:                84.176 seconds (Total)
Chain 4: 
Chain 3: Iteration: 12000 / 12000 [100%]  (Sampling)
Chain 3: 
Chain 3:  Elapsed Time: 33.2 seconds (Warm-up)
Chain 3:                57.176 seconds (Sampling)
Chain 3:                90.376 seconds (Total)
Chain 3: 
Done!
Fitting s8.json, 16/17

SAMPLING FOR MODEL 'anon_model' NOW (CHAIN 1).
Chain 1: 
Chain 1: Gradient evaluation took 0.000231 seconds
Chain 1: 1000 transitions using 10 leapfrog steps per transition would take 2.31 seconds.
Chain 1: Adjust your expectations accordingly!
Chain 1: 
Chain 1: 

SAMPLING FOR MODEL 'anon_model' NOW (CHAIN 2).
Chain 2: 
Chain 2: Gradient evaluation took 0.000233 seconds
Chain 2: 1000 transitions using 10 leapfrog steps per transition would take 2.33 seconds.
Chain 2: Adjust your expectations accordingly!
Chain 2: 
Chain 2: 
Chain 1: Iteration:     1 / 12000 [  0%]  (Warmup)

SAMPLING FOR MODEL 'anon_model' NOW (CHAIN 3).
Chain 3: 
Chain 3: Gradient evaluation took 0.000225 seconds
Chain 3: 1000 transitions using 10 leapfrog steps per transition would take 2.25 seconds.
Chain 3: Adjust your expectations accordingly!
Chain 3: 
Chain 3: 
Chain 2: Iteration:     1 / 12000 [  0%]  (Warmup)

SAMPLING FOR MODEL 'anon_model' NOW (CHAIN 4).
Chain 3: Iteration:     1 / 12000 [  0%]  (Warmup)
Chain 4: 
Chain 4: Gradient evaluation took 0.000219 seconds
Chain 4: 1000 transitions using 10 leapfrog steps per transition would take 2.19 seconds.
Chain 4: Adjust your expectations accordingly!
Chain 4: 
Chain 4: 
Chain 4: Iteration:     1 / 12000 [  0%]  (Warmup)
Chain 3: Iteration:  1200 / 12000 [ 10%]  (Warmup)
Chain 2: Iteration:  1200 / 12000 [ 10%]  (Warmup)
Chain 1: Iteration:  1200 / 12000 [ 10%]  (Warmup)
Chain 4: Iteration:  1200 / 12000 [ 10%]  (Warmup)
Chain 3: Iteration:  2400 / 12000 [ 20%]  (Warmup)
Chain 2: Iteration:  2400 / 12000 [ 20%]  (Warmup)
Chain 1: Iteration:  2400 / 12000 [ 20%]  (Warmup)
Chain 4: Iteration:  2400 / 12000 [ 20%]  (Warmup)
Chain 3: Iteration:  3600 / 12000 [ 30%]  (Warmup)
Chain 2: Iteration:  3600 / 12000 [ 30%]  (Warmup)
Chain 1: Iteration:  3600 / 12000 [ 30%]  (Warmup)
Chain 4: Iteration:  3600 / 12000 [ 30%]  (Warmup)
Chain 3: Iteration:  4800 / 12000 [ 40%]  (Warmup)
Chain 2: Iteration:  4800 / 12000 [ 40%]  (Warmup)
Chain 1: Iteration:  4800 / 12000 [ 40%]  (Warmup)
Chain 4: Iteration:  4800 / 12000 [ 40%]  (Warmup)
Chain 3: Iteration:  6000 / 12000 [ 50%]  (Warmup)
Chain 3: Iteration:  6001 / 12000 [ 50%]  (Sampling)
Chain 2: Iteration:  6000 / 12000 [ 50%]  (Warmup)
Chain 2: Iteration:  6001 / 12000 [ 50%]  (Sampling)
Chain 1: Iteration:  6000 / 12000 [ 50%]  (Warmup)
Chain 1: Iteration:  6001 / 12000 [ 50%]  (Sampling)
Chain 4: Iteration:  6000 / 12000 [ 50%]  (Warmup)
Chain 4: Iteration:  6001 / 12000 [ 50%]  (Sampling)
Chain 3: Iteration:  7200 / 12000 [ 60%]  (Sampling)
Chain 1: Iteration:  7200 / 12000 [ 60%]  (Sampling)
Chain 2: Iteration:  7200 / 12000 [ 60%]  (Sampling)
Chain 3: Iteration:  8400 / 12000 [ 70%]  (Sampling)
Chain 4: Iteration:  7200 / 12000 [ 60%]  (Sampling)
Chain 1: Iteration:  8400 / 12000 [ 70%]  (Sampling)
Chain 3: Iteration:  9600 / 12000 [ 80%]  (Sampling)
Chain 2: Iteration:  8400 / 12000 [ 70%]  (Sampling)
Chain 1: Iteration:  9600 / 12000 [ 80%]  (Sampling)
Chain 4: Iteration:  8400 / 12000 [ 70%]  (Sampling)
Chain 3: Iteration: 10800 / 12000 [ 90%]  (Sampling)
Chain 1: Iteration: 10800 / 12000 [ 90%]  (Sampling)
Chain 3: Iteration: 12000 / 12000 [100%]  (Sampling)
Chain 3: 
Chain 3:  Elapsed Time: 28.579 seconds (Warm-up)
Chain 3:                28.809 seconds (Sampling)
Chain 3:                57.388 seconds (Total)
Chain 3: 
Chain 2: Iteration:  9600 / 12000 [ 80%]  (Sampling)
Chain 4: Iteration:  9600 / 12000 [ 80%]  (Sampling)
Chain 1: Iteration: 12000 / 12000 [100%]  (Sampling)
Chain 1: 
Chain 1:  Elapsed Time: 29.413 seconds (Warm-up)
Chain 1:                33.875 seconds (Sampling)
Chain 1:                63.288 seconds (Total)
Chain 1: 
Chain 2: Iteration: 10800 / 12000 [ 90%]  (Sampling)
Chain 4: Iteration: 10800 / 12000 [ 90%]  (Sampling)
Chain 2: Iteration: 12000 / 12000 [100%]  (Sampling)
Chain 2: 
Chain 2:  Elapsed Time: 29.134 seconds (Warm-up)
Chain 2:                48.359 seconds (Sampling)
Chain 2:                77.493 seconds (Total)
Chain 2: 
Chain 4: Iteration: 12000 / 12000 [100%]  (Sampling)
Chain 4: 
Chain 4:  Elapsed Time: 30.284 seconds (Warm-up)
Chain 4:                48.943 seconds (Sampling)
Chain 4:                79.227 seconds (Total)
Chain 4: 
Done!
Fitting s9.json, 17/17

SAMPLING FOR MODEL 'anon_model' NOW (CHAIN 1).
Chain 1: 
Chain 1: Gradient evaluation took 0.00086 seconds
Chain 1: 1000 transitions using 10 leapfrog steps per transition would take 8.6 seconds.
Chain 1: Adjust your expectations accordingly!
Chain 1: 
Chain 1: 

SAMPLING FOR MODEL 'anon_model' NOW (CHAIN 2).

SAMPLING FOR MODEL 'anon_model' NOW (CHAIN 3).
Chain 1: Iteration:     1 / 12000 [  0%]  (Warmup)
Chain 2: 
Chain 2: Gradient evaluation took 0.000244 seconds
Chain 2: 1000 transitions using 10 leapfrog steps per transition would take 2.44 seconds.
Chain 2: Adjust your expectations accordingly!
Chain 2: 
Chain 2: 
Chain 3: 
Chain 3: Gradient evaluation took 0.000307 seconds
Chain 3: 1000 transitions using 10 leapfrog steps per transition would take 3.07 seconds.
Chain 3: Adjust your expectations accordingly!
Chain 3: 
Chain 3: 
Chain 2: Iteration:     1 / 12000 [  0%]  (Warmup)

SAMPLING FOR MODEL 'anon_model' NOW (CHAIN 4).
Chain 3: Iteration:     1 / 12000 [  0%]  (Warmup)
Chain 4: 
Chain 4: Gradient evaluation took 0.000277 seconds
Chain 4: 1000 transitions using 10 leapfrog steps per transition would take 2.77 seconds.
Chain 4: Adjust your expectations accordingly!
Chain 4: 
Chain 4: 
Chain 4: Iteration:     1 / 12000 [  0%]  (Warmup)
Chain 1: Iteration:  1200 / 12000 [ 10%]  (Warmup)
Chain 2: Iteration:  1200 / 12000 [ 10%]  (Warmup)
Chain 3: Iteration:  1200 / 12000 [ 10%]  (Warmup)
Chain 4: Iteration:  1200 / 12000 [ 10%]  (Warmup)
Chain 1: Iteration:  2400 / 12000 [ 20%]  (Warmup)
Chain 2: Iteration:  2400 / 12000 [ 20%]  (Warmup)
Chain 3: Iteration:  2400 / 12000 [ 20%]  (Warmup)
Chain 4: Iteration:  2400 / 12000 [ 20%]  (Warmup)
Chain 1: Iteration:  3600 / 12000 [ 30%]  (Warmup)
Chain 2: Iteration:  3600 / 12000 [ 30%]  (Warmup)
Chain 4: Iteration:  3600 / 12000 [ 30%]  (Warmup)
Chain 3: Iteration:  3600 / 12000 [ 30%]  (Warmup)
Chain 1: Iteration:  4800 / 12000 [ 40%]  (Warmup)
Chain 2: Iteration:  4800 / 12000 [ 40%]  (Warmup)
Chain 4: Iteration:  4800 / 12000 [ 40%]  (Warmup)
Chain 3: Iteration:  4800 / 12000 [ 40%]  (Warmup)
Chain 1: Iteration:  6000 / 12000 [ 50%]  (Warmup)
Chain 1: Iteration:  6001 / 12000 [ 50%]  (Sampling)
Chain 4: Iteration:  6000 / 12000 [ 50%]  (Warmup)
Chain 4: Iteration:  6001 / 12000 [ 50%]  (Sampling)
Chain 2: Iteration:  6000 / 12000 [ 50%]  (Warmup)
Chain 2: Iteration:  6001 / 12000 [ 50%]  (Sampling)
Chain 3: Iteration:  6000 / 12000 [ 50%]  (Warmup)
Chain 3: Iteration:  6001 / 12000 [ 50%]  (Sampling)
Chain 1: Iteration:  7200 / 12000 [ 60%]  (Sampling)
Chain 4: Iteration:  7200 / 12000 [ 60%]  (Sampling)
Chain 2: Iteration:  7200 / 12000 [ 60%]  (Sampling)
Chain 3: Iteration:  7200 / 12000 [ 60%]  (Sampling)
Chain 1: Iteration:  8400 / 12000 [ 70%]  (Sampling)
Chain 4: Iteration:  8400 / 12000 [ 70%]  (Sampling)
Chain 2: Iteration:  8400 / 12000 [ 70%]  (Sampling)
Chain 1: Iteration:  9600 / 12000 [ 80%]  (Sampling)
Chain 4: Iteration:  9600 / 12000 [ 80%]  (Sampling)
Chain 3: Iteration:  8400 / 12000 [ 70%]  (Sampling)
Chain 2: Iteration:  9600 / 12000 [ 80%]  (Sampling)
Chain 1: Iteration: 10800 / 12000 [ 90%]  (Sampling)
Chain 4: Iteration: 10800 / 12000 [ 90%]  (Sampling)
Chain 2: Iteration: 10800 / 12000 [ 90%]  (Sampling)
Chain 3: Iteration:  9600 / 12000 [ 80%]  (Sampling)
Chain 1: Iteration: 12000 / 12000 [100%]  (Sampling)
Chain 1: 
Chain 1:  Elapsed Time: 38.871 seconds (Warm-up)
Chain 1:                44.032 seconds (Sampling)
Chain 1:                82.903 seconds (Total)
Chain 1: 
Chain 4: Iteration: 12000 / 12000 [100%]  (Sampling)
Chain 4: 
Chain 4:  Elapsed Time: 40.135 seconds (Warm-up)
Chain 4:                43.926 seconds (Sampling)
Chain 4:                84.061 seconds (Total)
Chain 4: 
Chain 2: Iteration: 12000 / 12000 [100%]  (Sampling)
Chain 2: 
Chain 2:  Elapsed Time: 40.54 seconds (Warm-up)
Chain 2:                50.556 seconds (Sampling)
Chain 2:                91.096 seconds (Total)
Chain 2: 
Chain 3: Iteration: 10800 / 12000 [ 90%]  (Sampling)
Chain 3: Iteration: 12000 / 12000 [100%]  (Sampling)
Chain 3: 
Chain 3:  Elapsed Time: 41.363 seconds (Warm-up)
Chain 3:                66.799 seconds (Sampling)
Chain 3:                108.162 seconds (Total)
Chain 3: 
Done!
