Loading required package: StanHeaders

rstan version 2.32.7 (Stan version 2.32.2)

For execution on a local, multicore CPU with excess RAM we recommend calling
options(mc.cores = parallel::detectCores()).
To avoid recompilation of unchanged Stan programs, we recommend calling
rstan_options(auto_write = TRUE)
For within-chain threading using `reduce_sum()` or `map_rect()` Stan functions,
change `threads_per_chain` option:
rstan_options(threads_per_chain = 1)

Dataset: simulated_from_m0 
Stan file: /Users/yimingzang/Documents/Project/benchmark2/benchmark/examples/diffusion/stan/rdm_4_models.stan 
Models: m0, m1, m2, m3 

Posterior draws exported per fit: 2048 

Assumed model: m0 (model_index = 0 )
Fitting s0.json, 1/17

SAMPLING FOR MODEL 'anon_model' NOW (CHAIN 1).
Chain 1: 
Chain 1: Gradient evaluation took 0.000271 seconds
Chain 1: 1000 transitions using 10 leapfrog steps per transition would take 2.71 seconds.
Chain 1: Adjust your expectations accordingly!
Chain 1: 
Chain 1: 
Chain 1: Iteration:     1 / 12000 [  0%]  (Warmup)

SAMPLING FOR MODEL 'anon_model' NOW (CHAIN 2).

SAMPLING FOR MODEL 'anon_model' NOW (CHAIN 3).
Chain 2: 
Chain 2: Gradient evaluation took 0.000244 seconds
Chain 2: 1000 transitions using 10 leapfrog steps per transition would take 2.44 seconds.
Chain 2: Adjust your expectations accordingly!
Chain 2: 
Chain 2: 
Chain 3: 
Chain 3: Gradient evaluation took 0.00026 seconds
Chain 3: 1000 transitions using 10 leapfrog steps per transition would take 2.6 seconds.
Chain 3: Adjust your expectations accordingly!
Chain 3: 
Chain 3: 

SAMPLING FOR MODEL 'anon_model' NOW (CHAIN 4).
Chain 4: 
Chain 4: Gradient evaluation took 0.000191 seconds
Chain 4: 1000 transitions using 10 leapfrog steps per transition would take 1.91 seconds.
Chain 4: Adjust your expectations accordingly!
Chain 4: 
Chain 4: 
Chain 2: Iteration:     1 / 12000 [  0%]  (Warmup)
Chain 3: Iteration:     1 / 12000 [  0%]  (Warmup)
Chain 4: Iteration:     1 / 12000 [  0%]  (Warmup)
Chain 4: Iteration:  1200 / 12000 [ 10%]  (Warmup)
Chain 1: Iteration:  1200 / 12000 [ 10%]  (Warmup)
Chain 2: Iteration:  1200 / 12000 [ 10%]  (Warmup)
Chain 3: Iteration:  1200 / 12000 [ 10%]  (Warmup)
Chain 4: Iteration:  2400 / 12000 [ 20%]  (Warmup)
Chain 1: Iteration:  2400 / 12000 [ 20%]  (Warmup)
Chain 2: Iteration:  2400 / 12000 [ 20%]  (Warmup)
Chain 3: Iteration:  2400 / 12000 [ 20%]  (Warmup)
Chain 1: Iteration:  3600 / 12000 [ 30%]  (Warmup)
Chain 4: Iteration:  3600 / 12000 [ 30%]  (Warmup)
Chain 2: Iteration:  3600 / 12000 [ 30%]  (Warmup)
Chain 3: Iteration:  3600 / 12000 [ 30%]  (Warmup)
Chain 1: Iteration:  4800 / 12000 [ 40%]  (Warmup)
Chain 4: Iteration:  4800 / 12000 [ 40%]  (Warmup)
Chain 2: Iteration:  4800 / 12000 [ 40%]  (Warmup)
Chain 3: Iteration:  4800 / 12000 [ 40%]  (Warmup)
Chain 4: Iteration:  6000 / 12000 [ 50%]  (Warmup)
Chain 4: Iteration:  6001 / 12000 [ 50%]  (Sampling)
Chain 1: Iteration:  6000 / 12000 [ 50%]  (Warmup)
Chain 1: Iteration:  6001 / 12000 [ 50%]  (Sampling)
Chain 2: Iteration:  6000 / 12000 [ 50%]  (Warmup)
Chain 2: Iteration:  6001 / 12000 [ 50%]  (Sampling)
Chain 3: Iteration:  6000 / 12000 [ 50%]  (Warmup)
Chain 3: Iteration:  6001 / 12000 [ 50%]  (Sampling)
Chain 4: Iteration:  7200 / 12000 [ 60%]  (Sampling)
Chain 1: Iteration:  7200 / 12000 [ 60%]  (Sampling)
Chain 4: Iteration:  8400 / 12000 [ 70%]  (Sampling)
Chain 2: Iteration:  7200 / 12000 [ 60%]  (Sampling)
Chain 3: Iteration:  7200 / 12000 [ 60%]  (Sampling)
Chain 1: Iteration:  8400 / 12000 [ 70%]  (Sampling)
Chain 4: Iteration:  9600 / 12000 [ 80%]  (Sampling)
Chain 2: Iteration:  8400 / 12000 [ 70%]  (Sampling)
Chain 4: Iteration: 10800 / 12000 [ 90%]  (Sampling)
Chain 3: Iteration:  8400 / 12000 [ 70%]  (Sampling)
Chain 1: Iteration:  9600 / 12000 [ 80%]  (Sampling)
Chain 4: Iteration: 12000 / 12000 [100%]  (Sampling)
Chain 4: 
Chain 4:  Elapsed Time: 21.371 seconds (Warm-up)
Chain 4:                17.03 seconds (Sampling)
Chain 4:                38.401 seconds (Total)
Chain 4: 
Chain 1: Iteration: 10800 / 12000 [ 90%]  (Sampling)
Chain 2: Iteration:  9600 / 12000 [ 80%]  (Sampling)
Chain 3: Iteration:  9600 / 12000 [ 80%]  (Sampling)
Chain 1: Iteration: 12000 / 12000 [100%]  (Sampling)
Chain 1: 
Chain 1:  Elapsed Time: 21.471 seconds (Warm-up)
Chain 1:                24.509 seconds (Sampling)
Chain 1:                45.98 seconds (Total)
Chain 1: 
Chain 2: Iteration: 10800 / 12000 [ 90%]  (Sampling)
Chain 3: Iteration: 10800 / 12000 [ 90%]  (Sampling)
Chain 2: Iteration: 12000 / 12000 [100%]  (Sampling)
Chain 2: 
Chain 2:  Elapsed Time: 21.997 seconds (Warm-up)
Chain 2:                32.414 seconds (Sampling)
Chain 2:                54.411 seconds (Total)
Chain 2: 
Chain 3: Iteration: 12000 / 12000 [100%]  (Sampling)
Chain 3: 
Chain 3:  Elapsed Time: 22.636 seconds (Warm-up)
Chain 3:                33.272 seconds (Sampling)
Chain 3:                55.908 seconds (Total)
Chain 3: 
Done!
Fitting s1.json, 2/17

SAMPLING FOR MODEL 'anon_model' NOW (CHAIN 1).
Chain 1: 
Chain 1: Gradient evaluation took 0.000242 seconds
Chain 1: 1000 transitions using 10 leapfrog steps per transition would take 2.42 seconds.
Chain 1: Adjust your expectations accordingly!
Chain 1: 
Chain 1: 

SAMPLING FOR MODEL 'anon_model' NOW (CHAIN 2).
Chain 2: 
Chain 2: Gradient evaluation took 0.000241 seconds
Chain 2: 1000 transitions using 10 leapfrog steps per transition would take 2.41 seconds.
Chain 2: Adjust your expectations accordingly!
Chain 2: 
Chain 2: 

SAMPLING FOR MODEL 'anon_model' NOW (CHAIN 3).
Chain 1: Iteration:     1 / 12000 [  0%]  (Warmup)
Chain 3: 
Chain 3: Gradient evaluation took 0.000244 seconds
Chain 3: 1000 transitions using 10 leapfrog steps per transition would take 2.44 seconds.
Chain 3: Adjust your expectations accordingly!
Chain 3: 
Chain 3: 
Chain 2: Iteration:     1 / 12000 [  0%]  (Warmup)

SAMPLING FOR MODEL 'anon_model' NOW (CHAIN 4).
Chain 3: Iteration:     1 / 12000 [  0%]  (Warmup)
Chain 4: 
Chain 4: Gradient evaluation took 0.000243 seconds
Chain 4: 1000 transitions using 10 leapfrog steps per transition would take 2.43 seconds.
Chain 4: Adjust your expectations accordingly!
Chain 4: 
Chain 4: 
Chain 4: Iteration:     1 / 12000 [  0%]  (Warmup)
Chain 3: Iteration:  1200 / 12000 [ 10%]  (Warmup)
Chain 2: Iteration:  1200 / 12000 [ 10%]  (Warmup)
Chain 4: Iteration:  1200 / 12000 [ 10%]  (Warmup)
Chain 1: Iteration:  1200 / 12000 [ 10%]  (Warmup)
Chain 2: Iteration:  2400 / 12000 [ 20%]  (Warmup)
Chain 3: Iteration:  2400 / 12000 [ 20%]  (Warmup)
Chain 4: Iteration:  2400 / 12000 [ 20%]  (Warmup)
Chain 1: Iteration:  2400 / 12000 [ 20%]  (Warmup)
Chain 3: Iteration:  3600 / 12000 [ 30%]  (Warmup)
Chain 2: Iteration:  3600 / 12000 [ 30%]  (Warmup)
Chain 4: Iteration:  3600 / 12000 [ 30%]  (Warmup)
Chain 1: Iteration:  3600 / 12000 [ 30%]  (Warmup)
Chain 3: Iteration:  4800 / 12000 [ 40%]  (Warmup)
Chain 2: Iteration:  4800 / 12000 [ 40%]  (Warmup)
Chain 4: Iteration:  4800 / 12000 [ 40%]  (Warmup)
Chain 1: Iteration:  4800 / 12000 [ 40%]  (Warmup)
Chain 3: Iteration:  6000 / 12000 [ 50%]  (Warmup)
Chain 3: Iteration:  6001 / 12000 [ 50%]  (Sampling)
Chain 4: Iteration:  6000 / 12000 [ 50%]  (Warmup)
Chain 4: Iteration:  6001 / 12000 [ 50%]  (Sampling)
Chain 2: Iteration:  6000 / 12000 [ 50%]  (Warmup)
Chain 2: Iteration:  6001 / 12000 [ 50%]  (Sampling)
Chain 1: Iteration:  6000 / 12000 [ 50%]  (Warmup)
Chain 1: Iteration:  6001 / 12000 [ 50%]  (Sampling)
Chain 4: Iteration:  7200 / 12000 [ 60%]  (Sampling)
Chain 3: Iteration:  7200 / 12000 [ 60%]  (Sampling)
Chain 1: Iteration:  7200 / 12000 [ 60%]  (Sampling)
Chain 2: Iteration:  7200 / 12000 [ 60%]  (Sampling)
Chain 4: Iteration:  8400 / 12000 [ 70%]  (Sampling)
Chain 3: Iteration:  8400 / 12000 [ 70%]  (Sampling)
Chain 4: Iteration:  9600 / 12000 [ 80%]  (Sampling)
Chain 1: Iteration:  8400 / 12000 [ 70%]  (Sampling)
Chain 2: Iteration:  8400 / 12000 [ 70%]  (Sampling)
Chain 4: Iteration: 10800 / 12000 [ 90%]  (Sampling)
Chain 3: Iteration:  9600 / 12000 [ 80%]  (Sampling)
Chain 1: Iteration:  9600 / 12000 [ 80%]  (Sampling)
Chain 4: Iteration: 12000 / 12000 [100%]  (Sampling)
Chain 4: 
Chain 4:  Elapsed Time: 31.609 seconds (Warm-up)
Chain 4:                31.221 seconds (Sampling)
Chain 4:                62.83 seconds (Total)
Chain 4: 
Chain 2: Iteration:  9600 / 12000 [ 80%]  (Sampling)
Chain 3: Iteration: 10800 / 12000 [ 90%]  (Sampling)
Chain 1: Iteration: 10800 / 12000 [ 90%]  (Sampling)
Chain 3: Iteration: 12000 / 12000 [100%]  (Sampling)
Chain 3: 
Chain 3:  Elapsed Time: 31.479 seconds (Warm-up)
Chain 3:                41.926 seconds (Sampling)
Chain 3:                73.405 seconds (Total)
Chain 3: 
Chain 2: Iteration: 10800 / 12000 [ 90%]  (Sampling)
Chain 1: Iteration: 12000 / 12000 [100%]  (Sampling)
Chain 1: 
Chain 1:  Elapsed Time: 32.153 seconds (Warm-up)
Chain 1:                50.71 seconds (Sampling)
Chain 1:                82.863 seconds (Total)
Chain 1: 
Chain 2: Iteration: 12000 / 12000 [100%]  (Sampling)
Chain 2: 
Chain 2:  Elapsed Time: 31.895 seconds (Warm-up)
Chain 2:                53.925 seconds (Sampling)
Chain 2:                85.82 seconds (Total)
Chain 2: 
Done!
Fitting s10.json, 3/17

SAMPLING FOR MODEL 'anon_model' NOW (CHAIN 1).

SAMPLING FOR MODEL 'anon_model' NOW (CHAIN 2).
Chain 1: 
Chain 1: Gradient evaluation took 0.000246 seconds
Chain 1: 1000 transitions using 10 leapfrog steps per transition would take 2.46 seconds.
Chain 1: Adjust your expectations accordingly!
Chain 1: 
Chain 1: 
Chain 2: 

Chain 2SAMPLING:  FOR MODEL 'anon_model' NOW (CHAIN 3).
Gradient evaluation took 0.00022 seconds
Chain 2: 1000 transitions using 10 leapfrog steps per transition would take 2.2 seconds.
Chain 2: Adjust your expectations accordingly!
Chain 2: 
Chain 2: 
Chain 3: 
Chain 3: Gradient evaluation took 0.000215 seconds
Chain 3: 1000 transitions using 10 leapfrog steps per transition would take 2.15 seconds.
Chain 3: Adjust your expectations accordingly!
Chain 3: 
Chain 3: 
Chain 1: Iteration:     1 / 12000 [  0%]  (Warmup)
Chain 2: Iteration:     1 / 12000 [  0%]  (Warmup)

SAMPLING FOR MODEL 'anon_model' NOW (CHAIN 4).
Chain 3: Iteration:     1 / 12000 [  0%]  (Warmup)
Chain 4: 
Chain 4: Gradient evaluation took 0.000215 seconds
Chain 4: 1000 transitions using 10 leapfrog steps per transition would take 2.15 seconds.
Chain 4: Adjust your expectations accordingly!
Chain 4: 
Chain 4: 
Chain 4: Iteration:     1 / 12000 [  0%]  (Warmup)
Chain 2: Iteration:  1200 / 12000 [ 10%]  (Warmup)
Chain 1: Iteration:  1200 / 12000 [ 10%]  (Warmup)
Chain 4: Iteration:  1200 / 12000 [ 10%]  (Warmup)
Chain 3: Iteration:  1200 / 12000 [ 10%]  (Warmup)
Chain 2: Iteration:  2400 / 12000 [ 20%]  (Warmup)
Chain 1: Iteration:  2400 / 12000 [ 20%]  (Warmup)
Chain 4: Iteration:  2400 / 12000 [ 20%]  (Warmup)
Chain 3: Iteration:  2400 / 12000 [ 20%]  (Warmup)
Chain 2: Iteration:  3600 / 12000 [ 30%]  (Warmup)
Chain 1: Iteration:  3600 / 12000 [ 30%]  (Warmup)
Chain 4: Iteration:  3600 / 12000 [ 30%]  (Warmup)
Chain 3: Iteration:  3600 / 12000 [ 30%]  (Warmup)
Chain 2: Iteration:  4800 / 12000 [ 40%]  (Warmup)
Chain 1: Iteration:  4800 / 12000 [ 40%]  (Warmup)
Chain 4: Iteration:  4800 / 12000 [ 40%]  (Warmup)
Chain 3: Iteration:  4800 / 12000 [ 40%]  (Warmup)
Chain 2: Iteration:  6000 / 12000 [ 50%]  (Warmup)
Chain 2: Iteration:  6001 / 12000 [ 50%]  (Sampling)
Chain 1: Iteration:  6000 / 12000 [ 50%]  (Warmup)
Chain 1: Iteration:  6001 / 12000 [ 50%]  (Sampling)
Chain 4: Iteration:  6000 / 12000 [ 50%]  (Warmup)
Chain 4: Iteration:  6001 / 12000 [ 50%]  (Sampling)
Chain 3: Iteration:  6000 / 12000 [ 50%]  (Warmup)
Chain 3: Iteration:  6001 / 12000 [ 50%]  (Sampling)
Chain 2: Iteration:  7200 / 12000 [ 60%]  (Sampling)
Chain 4: Iteration:  7200 / 12000 [ 60%]  (Sampling)
Chain 3: Iteration:  7200 / 12000 [ 60%]  (Sampling)
Chain 1: Iteration:  7200 / 12000 [ 60%]  (Sampling)
Chain 2: Iteration:  8400 / 12000 [ 70%]  (Sampling)
Chain 4: Iteration:  8400 / 12000 [ 70%]  (Sampling)
Chain 3: Iteration:  8400 / 12000 [ 70%]  (Sampling)
Chain 2: Iteration:  9600 / 12000 [ 80%]  (Sampling)
Chain 4: Iteration:  9600 / 12000 [ 80%]  (Sampling)
Chain 1: Iteration:  8400 / 12000 [ 70%]  (Sampling)
Chain 3: Iteration:  9600 / 12000 [ 80%]  (Sampling)
Chain 2: Iteration: 10800 / 12000 [ 90%]  (Sampling)
Chain 4: Iteration: 10800 / 12000 [ 90%]  (Sampling)
Chain 3: Iteration: 10800 / 12000 [ 90%]  (Sampling)
Chain 1: Iteration:  9600 / 12000 [ 80%]  (Sampling)
Chain 2: Iteration: 12000 / 12000 [100%]  (Sampling)
Chain 2: 
Chain 2:  Elapsed Time: 21.433 seconds (Warm-up)
Chain 2:                22.979 seconds (Sampling)
Chain 2:                44.412 seconds (Total)
Chain 2: 
Chain 4: Iteration: 12000 / 12000 [100%]  (Sampling)
Chain 4: 
Chain 4:  Elapsed Time: 22.833 seconds (Warm-up)
Chain 4:                22.11 seconds (Sampling)
Chain 4:                44.943 seconds (Total)
Chain 4: 
Chain 3: Iteration: 12000 / 12000 [100%]  (Sampling)
Chain 3: 
Chain 3:  Elapsed Time: 24.425 seconds (Warm-up)
Chain 3:                20.641 seconds (Sampling)
Chain 3:                45.066 seconds (Total)
Chain 3: 
Chain 1: Iteration: 10800 / 12000 [ 90%]  (Sampling)
Chain 1: Iteration: 12000 / 12000 [100%]  (Sampling)
Chain 1: 
Chain 1:  Elapsed Time: 22.425 seconds (Warm-up)
Chain 1:                34.378 seconds (Sampling)
Chain 1:                56.803 seconds (Total)
Chain 1: 
Done!
Fitting s11.json, 4/17

SAMPLING FOR MODEL 'anon_model' NOW (CHAIN 1).

SAMPLING FOR MODEL 'anon_model' NOW (CHAIN 2).
Chain 1: 
Chain 1: Gradient evaluation took 0.000251 seconds
Chain 1: 1000 transitions using 10 leapfrog steps per transition would take 2.51 seconds.
Chain 1: Adjust your expectations accordingly!
Chain 1: 
Chain 1: 
Chain 2: 
Chain 2: Gradient evaluation took 0.000239 seconds
Chain 2: 1000 transitions using 10 leapfrog steps per transition would take 2.39 seconds.
Chain 2: Adjust your expectations accordingly!
Chain 2: 
Chain 2: 

SAMPLING FOR MODEL 'anon_model' NOW (CHAIN 3).
Chain 3: 
Chain 3: Gradient evaluation took 0.000238 seconds
Chain 3: 1000 transitions using 10 leapfrog steps per transition would take 2.38 seconds.
Chain 3: Adjust your expectations accordingly!
Chain 3: 
Chain 3: 

SAMPLING FOR MODEL 'anon_model' NOW (CHAIN 4).
Chain 4: 
Chain 4: Gradient evaluation took 0.000217 seconds
Chain 4: 1000 transitions using 10 leapfrog steps per transition would take 2.17 seconds.
Chain 4: Adjust your expectations accordingly!
Chain 4: 
Chain 4: 
Chain 1: Iteration:     1 / 12000 [  0%]  (Warmup)
Chain 2: Iteration:     1 / 12000 [  0%]  (Warmup)
Chain 3: Iteration:     1 / 12000 [  0%]  (Warmup)
Chain 4: Iteration:     1 / 12000 [  0%]  (Warmup)
Chain 4: Iteration:  1200 / 12000 [ 10%]  (Warmup)
Chain 3: Iteration:  1200 / 12000 [ 10%]  (Warmup)
Chain 2: Iteration:  1200 / 12000 [ 10%]  (Warmup)
Chain 1: Iteration:  1200 / 12000 [ 10%]  (Warmup)
Chain 4: Iteration:  2400 / 12000 [ 20%]  (Warmup)
Chain 3: Iteration:  2400 / 12000 [ 20%]  (Warmup)
Chain 1: Iteration:  2400 / 12000 [ 20%]  (Warmup)
Chain 2: Iteration:  2400 / 12000 [ 20%]  (Warmup)
Chain 4: Iteration:  3600 / 12000 [ 30%]  (Warmup)
Chain 3: Iteration:  3600 / 12000 [ 30%]  (Warmup)
Chain 2: Iteration:  3600 / 12000 [ 30%]  (Warmup)
Chain 1: Iteration:  3600 / 12000 [ 30%]  (Warmup)
Chain 4: Iteration:  4800 / 12000 [ 40%]  (Warmup)
Chain 3: Iteration:  4800 / 12000 [ 40%]  (Warmup)
Chain 2: Iteration:  4800 / 12000 [ 40%]  (Warmup)
Chain 1: Iteration:  4800 / 12000 [ 40%]  (Warmup)
Chain 4: Iteration:  6000 / 12000 [ 50%]  (Warmup)
Chain 4: Iteration:  6001 / 12000 [ 50%]  (Sampling)
Chain 3: Iteration:  6000 / 12000 [ 50%]  (Warmup)
Chain 3: Iteration:  6001 / 12000 [ 50%]  (Sampling)
Chain 2: Iteration:  6000 / 12000 [ 50%]  (Warmup)
Chain 2: Iteration:  6001 / 12000 [ 50%]  (Sampling)
Chain 1: Iteration:  6000 / 12000 [ 50%]  (Warmup)
Chain 1: Iteration:  6001 / 12000 [ 50%]  (Sampling)
Chain 2: Iteration:  7200 / 12000 [ 60%]  (Sampling)
Chain 3: Iteration:  7200 / 12000 [ 60%]  (Sampling)
Chain 4: Iteration:  7200 / 12000 [ 60%]  (Sampling)
Chain 1: Iteration:  7200 / 12000 [ 60%]  (Sampling)
Chain 2: Iteration:  8400 / 12000 [ 70%]  (Sampling)
Chain 3: Iteration:  8400 / 12000 [ 70%]  (Sampling)
Chain 2: Iteration:  9600 / 12000 [ 80%]  (Sampling)
Chain 3: Iteration:  9600 / 12000 [ 80%]  (Sampling)
Chain 4: Iteration:  8400 / 12000 [ 70%]  (Sampling)
Chain 1: Iteration:  8400 / 12000 [ 70%]  (Sampling)
Chain 2: Iteration: 10800 / 12000 [ 90%]  (Sampling)
Chain 3: Iteration: 10800 / 12000 [ 90%]  (Sampling)
Chain 2: Iteration: 12000 / 12000 [100%]  (Sampling)
Chain 2: 
Chain 2:  Elapsed Time: 24.27 seconds (Warm-up)
Chain 2:                21.324 seconds (Sampling)
Chain 2:                45.594 seconds (Total)
Chain 2: 
Chain 4: Iteration:  9600 / 12000 [ 80%]  (Sampling)
Chain 1: Iteration:  9600 / 12000 [ 80%]  (Sampling)
Chain 3: Iteration: 12000 / 12000 [100%]  (Sampling)
Chain 3: 
Chain 3:  Elapsed Time: 23.764 seconds (Warm-up)
Chain 3:                24.015 seconds (Sampling)
Chain 3:                47.779 seconds (Total)
Chain 3: 
Chain 1: Iteration: 10800 / 12000 [ 90%]  (Sampling)
Chain 4: Iteration: 10800 / 12000 [ 90%]  (Sampling)
Chain 1: Iteration: 12000 / 12000 [100%]  (Sampling)
Chain 1: 
Chain 1:  Elapsed Time: 24.46 seconds (Warm-up)
Chain 1:                34.821 seconds (Sampling)
Chain 1:                59.281 seconds (Total)
Chain 1: 
Chain 4: Iteration: 12000 / 12000 [100%]  (Sampling)
Chain 4: 
Chain 4:  Elapsed Time: 23.686 seconds (Warm-up)
Chain 4:                36.202 seconds (Sampling)
Chain 4:                59.888 seconds (Total)
Chain 4: 
Done!
Fitting s12.json, 5/17

SAMPLING FOR MODEL 'anon_model' NOW (CHAIN 1).

SAMPLING FOR MODEL 'anon_model' NOW (CHAIN 2).
Chain 1: 
Chain 1: Gradient evaluation took 0.000235 seconds
Chain 1: 1000 transitions using 10 leapfrog steps per transition would take 2.35 seconds.
Chain 1: Adjust your expectations accordingly!
Chain 1: 
Chain 1: 
Chain 2: 
Chain 2: Gradient evaluation took 0.000224 seconds
Chain 2: 1000 transitions using 10 leapfrog steps per transition would take 2.24 seconds.
Chain 2: Adjust your expectations accordingly!
Chain 2: 
Chain 2: 

SAMPLING FOR MODEL 'anon_model' NOW (CHAIN 3).
Chain 3: 
Chain 3: Gradient evaluation took 0.000216 seconds
Chain 3: 1000 transitions using 10 leapfrog steps per transition would take 2.16 seconds.
Chain 3: Adjust your expectations accordingly!
Chain 3: 
Chain 3: 

SAMPLING FOR MODEL 'anon_model' NOW (CHAIN 4).
Chain 4: 
Chain 4: Gradient evaluation took 0.000212 seconds
Chain 4: 1000 transitions using 10 leapfrog steps per transition would take 2.12 seconds.
Chain 4: Adjust your expectations accordingly!
Chain 4: 
Chain 4: 
Chain 1: Iteration:     1 / 12000 [  0%]  (Warmup)
Chain 2: Iteration:     1 / 12000 [  0%]  (Warmup)
Chain 3: Iteration:     1 / 12000 [  0%]  (Warmup)
Chain 4: Iteration:     1 / 12000 [  0%]  (Warmup)
Chain 2: Iteration:  1200 / 12000 [ 10%]  (Warmup)
Chain 3: Iteration:  1200 / 12000 [ 10%]  (Warmup)
Chain 1: Iteration:  1200 / 12000 [ 10%]  (Warmup)
Chain 4: Iteration:  1200 / 12000 [ 10%]  (Warmup)
Chain 2: Iteration:  2400 / 12000 [ 20%]  (Warmup)
Chain 3: Iteration:  2400 / 12000 [ 20%]  (Warmup)
Chain 4: Iteration:  2400 / 12000 [ 20%]  (Warmup)
Chain 1: Iteration:  2400 / 12000 [ 20%]  (Warmup)
Chain 2: Iteration:  3600 / 12000 [ 30%]  (Warmup)
Chain 3: Iteration:  3600 / 12000 [ 30%]  (Warmup)
Chain 4: Iteration:  3600 / 12000 [ 30%]  (Warmup)
Chain 1: Iteration:  3600 / 12000 [ 30%]  (Warmup)
Chain 2: Iteration:  4800 / 12000 [ 40%]  (Warmup)
Chain 4: Iteration:  4800 / 12000 [ 40%]  (Warmup)
Chain 3: Iteration:  4800 / 12000 [ 40%]  (Warmup)
Chain 1: Iteration:  4800 / 12000 [ 40%]  (Warmup)
Chain 2: Iteration:  6000 / 12000 [ 50%]  (Warmup)
Chain 2: Iteration:  6001 / 12000 [ 50%]  (Sampling)
Chain 4: Iteration:  6000 / 12000 [ 50%]  (Warmup)
Chain 4: Iteration:  6001 / 12000 [ 50%]  (Sampling)
Chain 3: Iteration:  6000 / 12000 [ 50%]  (Warmup)
Chain 3: Iteration:  6001 / 12000 [ 50%]  (Sampling)
Chain 1: Iteration:  6000 / 12000 [ 50%]  (Warmup)
Chain 1: Iteration:  6001 / 12000 [ 50%]  (Sampling)
Chain 1: Iteration:  7200 / 12000 [ 60%]  (Sampling)
Chain 2: Iteration:  7200 / 12000 [ 60%]  (Sampling)
Chain 4: Iteration:  7200 / 12000 [ 60%]  (Sampling)
Chain 3: Iteration:  7200 / 12000 [ 60%]  (Sampling)
Chain 1: Iteration:  8400 / 12000 [ 70%]  (Sampling)
Chain 1: Iteration:  9600 / 12000 [ 80%]  (Sampling)
Chain 4: Iteration:  8400 / 12000 [ 70%]  (Sampling)
Chain 2: Iteration:  8400 / 12000 [ 70%]  (Sampling)
Chain 3: Iteration:  8400 / 12000 [ 70%]  (Sampling)
Chain 1: Iteration: 10800 / 12000 [ 90%]  (Sampling)
Chain 4: Iteration:  9600 / 12000 [ 80%]  (Sampling)
Chain 2: Iteration:  9600 / 12000 [ 80%]  (Sampling)
Chain 3: Iteration:  9600 / 12000 [ 80%]  (Sampling)
Chain 1: Iteration: 12000 / 12000 [100%]  (Sampling)
Chain 1: 
Chain 1:  Elapsed Time: 24.122 seconds (Warm-up)
Chain 1:                24.49 seconds (Sampling)
Chain 1:                48.612 seconds (Total)
Chain 1: 
Chain 4: Iteration: 10800 / 12000 [ 90%]  (Sampling)
Chain 2: Iteration: 10800 / 12000 [ 90%]  (Sampling)
Chain 3: Iteration: 10800 / 12000 [ 90%]  (Sampling)
Chain 4: Iteration: 12000 / 12000 [100%]  (Sampling)
Chain 4: 
Chain 4:  Elapsed Time: 23.953 seconds (Warm-up)
Chain 4:                37.358 seconds (Sampling)
Chain 4:                61.311 seconds (Total)
Chain 4: 
Chain 3: Iteration: 12000 / 12000 [100%]  (Sampling)
Chain 3: 
Chain 3:  Elapsed Time: 24.098 seconds (Warm-up)
Chain 3:                39.568 seconds (Sampling)
Chain 3:                63.666 seconds (Total)
Chain 3: 
Chain 2: Iteration: 12000 / 12000 [100%]  (Sampling)
Chain 2: 
Chain 2:  Elapsed Time: 22.92 seconds (Warm-up)
Chain 2:                40.8 seconds (Sampling)
Chain 2:                63.72 seconds (Total)
Chain 2: 
Done!
Fitting s13.json, 6/17

SAMPLING FOR MODEL 'anon_model' NOW (CHAIN 1).

SAMPLING FOR MODEL 'anon_model' NOW (CHAIN 2).
Chain 1: 
Chain 1: Gradient evaluation took 0.000236 seconds
Chain 1: 1000 transitions using 10 leapfrog steps per transition would take 2.36 seconds.
Chain 1: Adjust your expectations accordingly!
Chain 1: 
Chain 1: 
Chain 2: 
Chain 2: Gradient evaluation took 0.000237 seconds
Chain 2: 1000 transitions using 10 leapfrog steps per transition would take 2.37 seconds.
Chain 2: Adjust your expectations accordingly!
Chain 2: 
Chain 2: 

SAMPLING FOR MODEL 'anon_model' NOW (CHAIN 3).
Chain 1: Iteration:     1 / 12000 [  0%]  (Warmup)
Chain 3: 
Chain 3: Gradient evaluation took 0.000229 seconds
Chain 3: 1000 transitions using 10 leapfrog steps per transition would take 2.29 seconds.
Chain 3: Adjust your expectations accordingly!
Chain 3: 
Chain 3: 

SAMPLING FOR MODEL 'anon_model' NOW (CHAIN 4).
Chain 2: Iteration:     1 / 12000 [  0%]  (Warmup)
Chain 4: 
Chain 4: Gradient evaluation took 0.000221 seconds
Chain 4: 1000 transitions using 10 leapfrog steps per transition would take 2.21 seconds.
Chain 4: Adjust your expectations accordingly!
Chain 4: 
Chain 4: 
Chain 3: Iteration:     1 / 12000 [  0%]  (Warmup)
Chain 4: Iteration:     1 / 12000 [  0%]  (Warmup)
Chain 1: Iteration:  1200 / 12000 [ 10%]  (Warmup)
Chain 3: Iteration:  1200 / 12000 [ 10%]  (Warmup)
Chain 2: Iteration:  1200 / 12000 [ 10%]  (Warmup)
Chain 4: Iteration:  1200 / 12000 [ 10%]  (Warmup)
Chain 1: Iteration:  2400 / 12000 [ 20%]  (Warmup)
Chain 3: Iteration:  2400 / 12000 [ 20%]  (Warmup)
Chain 2: Iteration:  2400 / 12000 [ 20%]  (Warmup)
Chain 4: Iteration:  2400 / 12000 [ 20%]  (Warmup)
Chain 1: Iteration:  3600 / 12000 [ 30%]  (Warmup)
Chain 3: Iteration:  3600 / 12000 [ 30%]  (Warmup)
Chain 2: Iteration:  3600 / 12000 [ 30%]  (Warmup)
Chain 4: Iteration:  3600 / 12000 [ 30%]  (Warmup)
Chain 1: Iteration:  4800 / 12000 [ 40%]  (Warmup)
Chain 2: Iteration:  4800 / 12000 [ 40%]  (Warmup)
Chain 3: Iteration:  4800 / 12000 [ 40%]  (Warmup)
Chain 4: Iteration:  4800 / 12000 [ 40%]  (Warmup)
Chain 1: Iteration:  6000 / 12000 [ 50%]  (Warmup)
Chain 1: Iteration:  6001 / 12000 [ 50%]  (Sampling)
Chain 2: Iteration:  6000 / 12000 [ 50%]  (Warmup)
Chain 2: Iteration:  6001 / 12000 [ 50%]  (Sampling)
Chain 4: Iteration:  6000 / 12000 [ 50%]  (Warmup)
Chain 4: Iteration:  6001 / 12000 [ 50%]  (Sampling)
Chain 3: Iteration:  6000 / 12000 [ 50%]  (Warmup)
Chain 3: Iteration:  6001 / 12000 [ 50%]  (Sampling)
Chain 4: Iteration:  7200 / 12000 [ 60%]  (Sampling)
Chain 2: Iteration:  7200 / 12000 [ 60%]  (Sampling)
Chain 1: Iteration:  7200 / 12000 [ 60%]  (Sampling)
Chain 4: Iteration:  8400 / 12000 [ 70%]  (Sampling)
Chain 3: Iteration:  7200 / 12000 [ 60%]  (Sampling)
Chain 2: Iteration:  8400 / 12000 [ 70%]  (Sampling)
Chain 4: Iteration:  9600 / 12000 [ 80%]  (Sampling)
Chain 1: Iteration:  8400 / 12000 [ 70%]  (Sampling)
Chain 2: Iteration:  9600 / 12000 [ 80%]  (Sampling)
Chain 4: Iteration: 10800 / 12000 [ 90%]  (Sampling)
Chain 3: Iteration:  8400 / 12000 [ 70%]  (Sampling)
Chain 4: Iteration: 12000 / 12000 [100%]  (Sampling)
Chain 4: 
Chain 4:  Elapsed Time: 22.435 seconds (Warm-up)
Chain 4:                18.325 seconds (Sampling)
Chain 4:                40.76 seconds (Total)
Chain 4: 
Chain 2: Iteration: 10800 / 12000 [ 90%]  (Sampling)
Chain 1: Iteration:  9600 / 12000 [ 80%]  (Sampling)
Chain 3: Iteration:  9600 / 12000 [ 80%]  (Sampling)
Chain 2: Iteration: 12000 / 12000 [100%]  (Sampling)
Chain 2: 
Chain 2:  Elapsed Time: 22.135 seconds (Warm-up)
Chain 2:                23.717 seconds (Sampling)
Chain 2:                45.852 seconds (Total)
Chain 2: 
Chain 1: Iteration: 10800 / 12000 [ 90%]  (Sampling)
Chain 3: Iteration: 10800 / 12000 [ 90%]  (Sampling)
Chain 1: Iteration: 12000 / 12000 [100%]  (Sampling)
Chain 1: 
Chain 1:  Elapsed Time: 21.335 seconds (Warm-up)
Chain 1:                33.774 seconds (Sampling)
Chain 1:                55.109 seconds (Total)
Chain 1: 
Chain 3: Iteration: 12000 / 12000 [100%]  (Sampling)
Chain 3: 
Chain 3:  Elapsed Time: 22.821 seconds (Warm-up)
Chain 3:                36.594 seconds (Sampling)
Chain 3:                59.415 seconds (Total)
Chain 3: 
Done!
Fitting s14.json, 7/17

SAMPLING FOR MODEL 'anon_model' NOW (CHAIN 1).
Chain 1: 
Chain 1: Gradient evaluation took 0.000251 seconds
Chain 1: 1000 transitions using 10 leapfrog steps per transition would take 2.51 seconds.
Chain 1: Adjust your expectations accordingly!
Chain 1: 
Chain 1: 

SAMPLING FOR MODEL 'anon_model' NOW (CHAIN 2).
Chain 2: 
Chain 2: Gradient evaluation took 0.000219 seconds
Chain 2: 1000 transitions using 10 leapfrog steps per transition would take 2.19 seconds.
Chain 2: Adjust your expectations accordingly!
Chain 2: 
Chain 2: 

SAMPLING FOR MODEL 'anon_model' NOW (CHAIN 3).
Chain 1: Iteration:     1 / 12000 [  0%]  (Warmup)
Chain 3: 
Chain 3: Gradient evaluation took 0.000232 seconds
Chain 3: 1000 transitions using 10 leapfrog steps per transition would take 2.32 seconds.
Chain 3: Adjust your expectations accordingly!
Chain 3: 
Chain 3: 
Chain 2: Iteration:     1 / 12000 [  0%]  (Warmup)

SAMPLING FOR MODEL 'anon_model' NOW (CHAIN 4).
Chain 4: 
Chain 4: Gradient evaluation took 0.000217 seconds
Chain 4: 1000 transitions using 10 leapfrog steps per transition would take 2.17 seconds.
Chain 4: Chain 3: Iteration:     1 / 12000 [  0%]  (Warmup)
Adjust your expectations accordingly!
Chain 4: 
Chain 4: 
Chain 4: Iteration:     1 / 12000 [  0%]  (Warmup)
Chain 1: Iteration:  1200 / 12000 [ 10%]  (Warmup)
Chain 2: Iteration:  1200 / 12000 [ 10%]  (Warmup)
Chain 3: Iteration:  1200 / 12000 [ 10%]  (Warmup)
Chain 4: Iteration:  1200 / 12000 [ 10%]  (Warmup)
Chain 1: Iteration:  2400 / 12000 [ 20%]  (Warmup)
Chain 2: Iteration:  2400 / 12000 [ 20%]  (Warmup)
Chain 4: Iteration:  2400 / 12000 [ 20%]  (Warmup)
Chain 3: Iteration:  2400 / 12000 [ 20%]  (Warmup)
Chain 1: Iteration:  3600 / 12000 [ 30%]  (Warmup)
Chain 2: Iteration:  3600 / 12000 [ 30%]  (Warmup)
Chain 4: Iteration:  3600 / 12000 [ 30%]  (Warmup)
Chain 3: Iteration:  3600 / 12000 [ 30%]  (Warmup)
Chain 1: Iteration:  4800 / 12000 [ 40%]  (Warmup)
Chain 2: Iteration:  4800 / 12000 [ 40%]  (Warmup)
Chain 4: Iteration:  4800 / 12000 [ 40%]  (Warmup)
Chain 3: Iteration:  4800 / 12000 [ 40%]  (Warmup)
Chain 1: Iteration:  6000 / 12000 [ 50%]  (Warmup)
Chain 1: Iteration:  6001 / 12000 [ 50%]  (Sampling)
Chain 2: Iteration:  6000 / 12000 [ 50%]  (Warmup)
Chain 2: Iteration:  6001 / 12000 [ 50%]  (Sampling)
Chain 4: Iteration:  6000 / 12000 [ 50%]  (Warmup)
Chain 4: Iteration:  6001 / 12000 [ 50%]  (Sampling)
Chain 3: Iteration:  6000 / 12000 [ 50%]  (Warmup)
Chain 3: Iteration:  6001 / 12000 [ 50%]  (Sampling)
Chain 1: Iteration:  7200 / 12000 [ 60%]  (Sampling)
Chain 2: Iteration:  7200 / 12000 [ 60%]  (Sampling)
Chain 4: Iteration:  7200 / 12000 [ 60%]  (Sampling)
Chain 3: Iteration:  7200 / 12000 [ 60%]  (Sampling)
Chain 1: Iteration:  8400 / 12000 [ 70%]  (Sampling)
Chain 2: Iteration:  8400 / 12000 [ 70%]  (Sampling)
Chain 4: Iteration:  8400 / 12000 [ 70%]  (Sampling)
Chain 3: Iteration:  8400 / 12000 [ 70%]  (Sampling)
Chain 1: Iteration:  9600 / 12000 [ 80%]  (Sampling)
Chain 2: Iteration:  9600 / 12000 [ 80%]  (Sampling)
Chain 4: Iteration:  9600 / 12000 [ 80%]  (Sampling)
Chain 1: Iteration: 10800 / 12000 [ 90%]  (Sampling)
Chain 3: Iteration:  9600 / 12000 [ 80%]  (Sampling)
Chain 2: Iteration: 10800 / 12000 [ 90%]  (Sampling)
Chain 4: Iteration: 10800 / 12000 [ 90%]  (Sampling)
Chain 1: Iteration: 12000 / 12000 [100%]  (Sampling)
Chain 1: 
Chain 1:  Elapsed Time: 28.053 seconds (Warm-up)
Chain 1:                25.038 seconds (Sampling)
Chain 1:                53.091 seconds (Total)
Chain 1: 
Chain 2: Iteration: 12000 / 12000 [100%]  (Sampling)
Chain 2: 
Chain 2:  Elapsed Time: 28.824 seconds (Warm-up)
Chain 2:                25.673 seconds (Sampling)
Chain 2:                54.497 seconds (Total)
Chain 2: 
Chain 3: Iteration: 10800 / 12000 [ 90%]  (Sampling)
Chain 4: Iteration: 12000 / 12000 [100%]  (Sampling)
Chain 4: 
Chain 4:  Elapsed Time: 29.414 seconds (Warm-up)
Chain 4:                27.513 seconds (Sampling)
Chain 4:                56.927 seconds (Total)
Chain 4: 
Chain 3: Iteration: 12000 / 12000 [100%]  (Sampling)
Chain 3: 
Chain 3:  Elapsed Time: 30.063 seconds (Warm-up)
Chain 3:                31.375 seconds (Sampling)
Chain 3:                61.438 seconds (Total)
Chain 3: 
Done!
Fitting s15.json, 8/17

SAMPLING FOR MODEL 'anon_model' NOW (CHAIN 1).
Chain 1: 
Chain 1: Gradient evaluation took 0.000232 seconds
Chain 1: 1000 transitions using 10 leapfrog steps per transition would take 2.32 seconds.
Chain 1: Adjust your expectations accordingly!
Chain 1: 
Chain 1: 

SAMPLING FOR MODEL 'anon_model' NOW (CHAIN 2).
Chain 2: 
Chain 2: Gradient evaluation took 0.000218 seconds
Chain 2: 1000 transitions using 10 leapfrog steps per transition would take 2.18 seconds.
Chain 2: Adjust your expectations accordingly!
Chain 2: 
Chain 2: 

SAMPLING FOR MODEL 'anon_model' NOW (CHAIN 3).
Chain 3: 
Chain 3: Gradient evaluation took 0.00022 seconds
Chain 3: 1000 transitions using 10 leapfrog steps per transition would take 2.2 seconds.
Chain 3: Adjust your expectations accordingly!
Chain 3: 
Chain 3: 

SAMPLING FOR MODEL 'anon_model' NOW (CHAIN 4).
Chain 4: 
Chain 4: Gradient evaluation took 0.000215 seconds
Chain 4: 1000 transitions using 10 leapfrog steps per transition would take 2.15 seconds.
Chain 4: Adjust your expectations accordingly!
Chain 4: 
Chain 4: 
Chain 1: Iteration:     1 / 12000 [  0%]  (Warmup)
Chain 2: Iteration:     1 / 12000 [  0%]  (Warmup)
Chain 3: Iteration:     1 / 12000 [  0%]  (Warmup)
Chain 4: Iteration:     1 / 12000 [  0%]  (Warmup)
Chain 1: Iteration:  1200 / 12000 [ 10%]  (Warmup)
Chain 3: Iteration:  1200 / 12000 [ 10%]  (Warmup)
Chain 4: Iteration:  1200 / 12000 [ 10%]  (Warmup)
Chain 2: Iteration:  1200 / 12000 [ 10%]  (Warmup)
Chain 2: Iteration:  2400 / 12000 [ 20%]  (Warmup)
Chain 1: Iteration:  2400 / 12000 [ 20%]  (Warmup)
Chain 4: Iteration:  2400 / 12000 [ 20%]  (Warmup)
Chain 3: Iteration:  2400 / 12000 [ 20%]  (Warmup)
Chain 2: Iteration:  3600 / 12000 [ 30%]  (Warmup)
Chain 1: Iteration:  3600 / 12000 [ 30%]  (Warmup)
Chain 3: Iteration:  3600 / 12000 [ 30%]  (Warmup)
Chain 4: Iteration:  3600 / 12000 [ 30%]  (Warmup)
Chain 2: Iteration:  4800 / 12000 [ 40%]  (Warmup)
Chain 1: Iteration:  4800 / 12000 [ 40%]  (Warmup)
Chain 3: Iteration:  4800 / 12000 [ 40%]  (Warmup)
Chain 4: Iteration:  4800 / 12000 [ 40%]  (Warmup)
Chain 2: Iteration:  6000 / 12000 [ 50%]  (Warmup)
Chain 2: Iteration:  6001 / 12000 [ 50%]  (Sampling)
Chain 3: Iteration:  6000 / 12000 [ 50%]  (Warmup)
Chain 3: Iteration:  6001 / 12000 [ 50%]  (Sampling)
Chain 4: Iteration:  6000 / 12000 [ 50%]  (Warmup)
Chain 4: Iteration:  6001 / 12000 [ 50%]  (Sampling)
Chain 1: Iteration:  6000 / 12000 [ 50%]  (Warmup)
Chain 1: Iteration:  6001 / 12000 [ 50%]  (Sampling)
Chain 3: Iteration:  7200 / 12000 [ 60%]  (Sampling)
Chain 4: Iteration:  7200 / 12000 [ 60%]  (Sampling)
Chain 2: Iteration:  7200 / 12000 [ 60%]  (Sampling)
Chain 3: Iteration:  8400 / 12000 [ 70%]  (Sampling)
Chain 1: Iteration:  7200 / 12000 [ 60%]  (Sampling)
Chain 4: Iteration:  8400 / 12000 [ 70%]  (Sampling)
Chain 2: Iteration:  8400 / 12000 [ 70%]  (Sampling)
Chain 3: Iteration:  9600 / 12000 [ 80%]  (Sampling)
Chain 4: Iteration:  9600 / 12000 [ 80%]  (Sampling)
Chain 3: Iteration: 10800 / 12000 [ 90%]  (Sampling)
Chain 1: Iteration:  8400 / 12000 [ 70%]  (Sampling)
Chain 2: Iteration:  9600 / 12000 [ 80%]  (Sampling)
Chain 4: Iteration: 10800 / 12000 [ 90%]  (Sampling)
Chain 3: Iteration: 12000 / 12000 [100%]  (Sampling)
Chain 3: 
Chain 3:  Elapsed Time: 21.326 seconds (Warm-up)
Chain 3:                17.421 seconds (Sampling)
Chain 3:                38.747 seconds (Total)
Chain 3: 
Chain 4: Iteration: 12000 / 12000 [100%]  (Sampling)
Chain 4: 
Chain 4:  Elapsed Time: 21.385 seconds (Warm-up)
Chain 4:                20.243 seconds (Sampling)
Chain 4:                41.628 seconds (Total)
Chain 4: 
Chain 2: Iteration: 10800 / 12000 [ 90%]  (Sampling)
Chain 1: Iteration:  9600 / 12000 [ 80%]  (Sampling)
Chain 2: Iteration: 12000 / 12000 [100%]  (Sampling)
Chain 2: 
Chain 2:  Elapsed Time: 21.251 seconds (Warm-up)
Chain 2:                25.356 seconds (Sampling)
Chain 2:                46.607 seconds (Total)
Chain 2: 
Chain 1: Iteration: 10800 / 12000 [ 90%]  (Sampling)
Chain 1: Iteration: 12000 / 12000 [100%]  (Sampling)
Chain 1: 
Chain 1:  Elapsed Time: 21.56 seconds (Warm-up)
Chain 1:                35.205 seconds (Sampling)
Chain 1:                56.765 seconds (Total)
Chain 1: 
Done!
Fitting s16.json, 9/17

SAMPLING FOR MODEL 'anon_model' NOW (CHAIN 1).
Chain 1: 
Chain 1: Gradient evaluation took 0.000237 seconds
Chain 1: 1000 transitions using 10 leapfrog steps per transition would take 2.37 seconds.
Chain 1: Adjust your expectations accordingly!
Chain 1: 
Chain 1: 

SAMPLING FOR MODEL 'anon_model' NOW (CHAIN 2).
Chain 2: 
Chain 2: Gradient evaluation took 0.000223 seconds
Chain 2: 1000 transitions using 10 leapfrog steps per transition would take 2.23 seconds.
Chain 2: Adjust your expectations accordingly!
Chain 2: 
Chain 2: 

SAMPLING FOR MODEL 'anon_model' NOW (CHAIN 3).
Chain 1: Iteration:     1 / 12000 [  0%]  (Warmup)
Chain 3: 
Chain 3: Gradient evaluation took 0.000219 seconds
Chain 3: 1000 transitions using 10 leapfrog steps per transition would take 2.19 seconds.
Chain 3: Adjust your expectations accordingly!
Chain 3: 
Chain 3: 
Chain 2: Iteration:     1 / 12000 [  0%]  (Warmup)

SAMPLING FOR MODEL 'anon_model' NOW (CHAIN 4).
Chain 3: Iteration:     1 / 12000 [  0%]  (Warmup)
Chain 4: 
Chain 4: Gradient evaluation took 0.000222 seconds
Chain 4: 1000 transitions using 10 leapfrog steps per transition would take 2.22 seconds.
Chain 4: Adjust your expectations accordingly!
Chain 4: 
Chain 4: 
Chain 4: Iteration:     1 / 12000 [  0%]  (Warmup)
Chain 1: Iteration:  1200 / 12000 [ 10%]  (Warmup)
Chain 2: Iteration:  1200 / 12000 [ 10%]  (Warmup)
Chain 4: Iteration:  1200 / 12000 [ 10%]  (Warmup)
Chain 3: Iteration:  1200 / 12000 [ 10%]  (Warmup)
Chain 1: Iteration:  2400 / 12000 [ 20%]  (Warmup)
Chain 4: Iteration:  2400 / 12000 [ 20%]  (Warmup)
Chain 2: Iteration:  2400 / 12000 [ 20%]  (Warmup)
Chain 3: Iteration:  2400 / 12000 [ 20%]  (Warmup)
Chain 1: Iteration:  3600 / 12000 [ 30%]  (Warmup)
Chain 2: Iteration:  3600 / 12000 [ 30%]  (Warmup)
Chain 4: Iteration:  3600 / 12000 [ 30%]  (Warmup)
Chain 3: Iteration:  3600 / 12000 [ 30%]  (Warmup)
Chain 1: Iteration:  4800 / 12000 [ 40%]  (Warmup)
Chain 2: Iteration:  4800 / 12000 [ 40%]  (Warmup)
Chain 4: Iteration:  4800 / 12000 [ 40%]  (Warmup)
Chain 3: Iteration:  4800 / 12000 [ 40%]  (Warmup)
Chain 1: Iteration:  6000 / 12000 [ 50%]  (Warmup)
Chain 1: Iteration:  6001 / 12000 [ 50%]  (Sampling)
Chain 2: Iteration:  6000 / 12000 [ 50%]  (Warmup)
Chain 2: Iteration:  6001 / 12000 [ 50%]  (Sampling)
Chain 4: Iteration:  6000 / 12000 [ 50%]  (Warmup)
Chain 4: Iteration:  6001 / 12000 [ 50%]  (Sampling)
Chain 3: Iteration:  6000 / 12000 [ 50%]  (Warmup)
Chain 3: Iteration:  6001 / 12000 [ 50%]  (Sampling)
Chain 1: Iteration:  7200 / 12000 [ 60%]  (Sampling)
Chain 2: Iteration:  7200 / 12000 [ 60%]  (Sampling)
Chain 1: Iteration:  8400 / 12000 [ 70%]  (Sampling)
Chain 4: Iteration:  7200 / 12000 [ 60%]  (Sampling)
Chain 2: Iteration:  8400 / 12000 [ 70%]  (Sampling)
Chain 3: Iteration:  7200 / 12000 [ 60%]  (Sampling)
Chain 1: Iteration:  9600 / 12000 [ 80%]  (Sampling)
Chain 2: Iteration:  9600 / 12000 [ 80%]  (Sampling)
Chain 1: Iteration: 10800 / 12000 [ 90%]  (Sampling)
Chain 4: Iteration:  8400 / 12000 [ 70%]  (Sampling)
Chain 3: Iteration:  8400 / 12000 [ 70%]  (Sampling)
Chain 2: Iteration: 10800 / 12000 [ 90%]  (Sampling)
Chain 1: Iteration: 12000 / 12000 [100%]  (Sampling)
Chain 1: 
Chain 1:  Elapsed Time: 30.922 seconds (Warm-up)
Chain 1:                30.584 seconds (Sampling)
Chain 1:                61.506 seconds (Total)
Chain 1: 
Chain 2: Iteration: 12000 / 12000 [100%]  (Sampling)
Chain 2: 
Chain 2:  Elapsed Time: 33.263 seconds (Warm-up)
Chain 2:                29.201 seconds (Sampling)
Chain 2:                62.464 seconds (Total)
Chain 2: 
Chain 3: Iteration:  9600 / 12000 [ 80%]  (Sampling)
Chain 4: Iteration:  9600 / 12000 [ 80%]  (Sampling)
Chain 4: Iteration: 10800 / 12000 [ 90%]  (Sampling)
Chain 3: Iteration: 10800 / 12000 [ 90%]  (Sampling)
Chain 3: Iteration: 12000 / 12000 [100%]  (Sampling)
Chain 3: 
Chain 3:  Elapsed Time: 34.457 seconds (Warm-up)
Chain 3:                52.373 seconds (Sampling)
Chain 3:                86.83 seconds (Total)
Chain 3: 
Chain 4: Iteration: 12000 / 12000 [100%]  (Sampling)
Chain 4: 
Chain 4:  Elapsed Time: 33.877 seconds (Warm-up)
Chain 4:                52.972 seconds (Sampling)
Chain 4:                86.849 seconds (Total)
Chain 4: 
Done!
Fitting s2.json, 10/17

SAMPLING FOR MODEL 'anon_model' NOW (CHAIN 1).
Chain 1: 
Chain 1: Gradient evaluation took 0.000252 seconds
Chain 1: 1000 transitions using 10 leapfrog steps per transition would take 2.52 seconds.
Chain 1: Adjust your expectations accordingly!
Chain 1: 
Chain 1: 

SAMPLING FOR MODEL 'anon_model' NOW (CHAIN 2).
Chain 2: 
Chain 2: Gradient evaluation took 0.000224 seconds
Chain 2: 1000 transitions using 10 leapfrog steps per transition would take 2.24 seconds.
Chain 2: Adjust your expectations accordingly!
Chain 2: 
Chain 2: 

SAMPLING FOR MODEL 'anon_model' NOW (CHAIN 3).
Chain 3: 
Chain 3: Gradient evaluation took 0.000241 seconds
Chain 3: 1000 transitions using 10 leapfrog steps per transition would take 2.41 seconds.
Chain 3: Adjust your expectations accordingly!
Chain 3: 
Chain 3: 

SAMPLING FOR MODEL 'anon_model' NOW (CHAIN 4).
Chain 4: 
Chain 4: Gradient evaluation took 0.00022 seconds
Chain 4: 1000 transitions using 10 leapfrog steps per transition would take 2.2 seconds.
Chain 4: Adjust your expectations accordingly!
Chain 4: 
Chain 4: 
Chain 1: Iteration:     1 / 12000 [  0%]  (Warmup)
Chain 2: Iteration:     1 / 12000 [  0%]  (Warmup)
Chain 3: Iteration:     1 / 12000 [  0%]  (Warmup)
Chain 4: Iteration:     1 / 12000 [  0%]  (Warmup)
Chain 3: Iteration:  1200 / 12000 [ 10%]  (Warmup)
Chain 1: Iteration:  1200 / 12000 [ 10%]  (Warmup)
Chain 2: Iteration:  1200 / 12000 [ 10%]  (Warmup)
Chain 4: Iteration:  1200 / 12000 [ 10%]  (Warmup)
Chain 1: Iteration:  2400 / 12000 [ 20%]  (Warmup)
Chain 3: Iteration:  2400 / 12000 [ 20%]  (Warmup)
Chain 2: Iteration:  2400 / 12000 [ 20%]  (Warmup)
Chain 4: Iteration:  2400 / 12000 [ 20%]  (Warmup)
Chain 3: Iteration:  3600 / 12000 [ 30%]  (Warmup)
Chain 1: Iteration:  3600 / 12000 [ 30%]  (Warmup)
Chain 2: Iteration:  3600 / 12000 [ 30%]  (Warmup)
Chain 4: Iteration:  3600 / 12000 [ 30%]  (Warmup)
Chain 3: Iteration:  4800 / 12000 [ 40%]  (Warmup)
Chain 2: Iteration:  4800 / 12000 [ 40%]  (Warmup)
Chain 1: Iteration:  4800 / 12000 [ 40%]  (Warmup)
Chain 4: Iteration:  4800 / 12000 [ 40%]  (Warmup)
Chain 3: Iteration:  6000 / 12000 [ 50%]  (Warmup)
Chain 3: Iteration:  6001 / 12000 [ 50%]  (Sampling)
Chain 2: Iteration:  6000 / 12000 [ 50%]  (Warmup)
Chain 2: Iteration:  6001 / 12000 [ 50%]  (Sampling)
Chain 1: Iteration:  6000 / 12000 [ 50%]  (Warmup)
Chain 1: Iteration:  6001 / 12000 [ 50%]  (Sampling)
Chain 4: Iteration:  6000 / 12000 [ 50%]  (Warmup)
Chain 4: Iteration:  6001 / 12000 [ 50%]  (Sampling)
Chain 1: Iteration:  7200 / 12000 [ 60%]  (Sampling)
Chain 4: Iteration:  7200 / 12000 [ 60%]  (Sampling)
Chain 3: Iteration:  7200 / 12000 [ 60%]  (Sampling)
Chain 2: Iteration:  7200 / 12000 [ 60%]  (Sampling)
Chain 1: Iteration:  8400 / 12000 [ 70%]  (Sampling)
Chain 1: Iteration:  9600 / 12000 [ 80%]  (Sampling)
Chain 4: Iteration:  8400 / 12000 [ 70%]  (Sampling)
Chain 3: Iteration:  8400 / 12000 [ 70%]  (Sampling)
Chain 2: Iteration:  8400 / 12000 [ 70%]  (Sampling)
Chain 1: Iteration: 10800 / 12000 [ 90%]  (Sampling)
Chain 4: Iteration:  9600 / 12000 [ 80%]  (Sampling)
Chain 1: Iteration: 12000 / 12000 [100%]  (Sampling)
Chain 1: 
Chain 1:  Elapsed Time: 19.013 seconds (Warm-up)
Chain 1:                17.396 seconds (Sampling)
Chain 1:                36.409 seconds (Total)
Chain 1: 
Chain 3: Iteration:  9600 / 12000 [ 80%]  (Sampling)
Chain 2: Iteration:  9600 / 12000 [ 80%]  (Sampling)
Chain 4: Iteration: 10800 / 12000 [ 90%]  (Sampling)
Chain 3: Iteration: 10800 / 12000 [ 90%]  (Sampling)
Chain 2: Iteration: 10800 / 12000 [ 90%]  (Sampling)
Chain 4: Iteration: 12000 / 12000 [100%]  (Sampling)
Chain 4: 
Chain 4:  Elapsed Time: 19.305 seconds (Warm-up)
Chain 4:                27.917 seconds (Sampling)
Chain 4:                47.222 seconds (Total)
Chain 4: 
Chain 3: Iteration: 12000 / 12000 [100%]  (Sampling)
Chain 3: 
Chain 3:  Elapsed Time: 18.87 seconds (Warm-up)
Chain 3:                30.207 seconds (Sampling)
Chain 3:                49.077 seconds (Total)
Chain 3: 
Chain 2: Iteration: 12000 / 12000 [100%]  (Sampling)
Chain 2: 
Chain 2:  Elapsed Time: 18.985 seconds (Warm-up)
Chain 2:                30.716 seconds (Sampling)
Chain 2:                49.701 seconds (Total)
Chain 2: 
Done!
Fitting s3.json, 11/17

SAMPLING FOR MODEL 'anon_model' NOW (CHAIN 1).
Chain 1: 
Chain 1: Gradient evaluation took 0.000235 seconds
Chain 1: 1000 transitions using 10 leapfrog steps per transition would take 2.35 seconds.
Chain 1: Adjust your expectations accordingly!
Chain 1: 
Chain 1: 

SAMPLING FOR MODEL 'anon_model' NOW (CHAIN 2).
Chain 1: Iteration:     1 / 12000 [  0%]  (Warmup)
Chain 2: 
Chain 2: Gradient evaluation took 0.000442 seconds
Chain 2: 1000 transitions using 10 leapfrog steps per transition would take 4.42 seconds.
Chain 2: Adjust your expectations accordingly!
Chain 2: 
Chain 2: 

SAMPLING FOR MODEL 'anon_model' NOW (CHAIN 3).
Chain 3: 
Chain 3: Gradient evaluation took 0.000818 seconds
Chain 3: 1000 transitions using 10 leapfrog steps per transition would take 8.18 seconds.
Chain 3: Adjust your expectations accordingly!
Chain 3: 
Chain 3: 
Chain 2: Iteration:     1 / 12000 [  0%]  (Warmup)

SAMPLING FOR MODEL 'anon_model' NOW (CHAIN 4).
Chain 4: 
Chain 4: Gradient evaluation took 0.000218 seconds
Chain 4: 1000 transitions using 10 leapfrog steps per transition would take 2.18 seconds.
Chain 4: Adjust your expectations accordingly!
Chain 4: 
Chain 4: 
Chain 3: Iteration:     1 / 12000 [  0%]  (Warmup)
Chain 4: Iteration:     1 / 12000 [  0%]  (Warmup)
Chain 1: Iteration:  1200 / 12000 [ 10%]  (Warmup)
Chain 3: Iteration:  1200 / 12000 [ 10%]  (Warmup)
Chain 2: Iteration:  1200 / 12000 [ 10%]  (Warmup)
Chain 4: Iteration:  1200 / 12000 [ 10%]  (Warmup)
Chain 1: Iteration:  2400 / 12000 [ 20%]  (Warmup)
Chain 3: Iteration:  2400 / 12000 [ 20%]  (Warmup)
Chain 2: Iteration:  2400 / 12000 [ 20%]  (Warmup)
Chain 4: Iteration:  2400 / 12000 [ 20%]  (Warmup)
Chain 1: Iteration:  3600 / 12000 [ 30%]  (Warmup)
Chain 3: Iteration:  3600 / 12000 [ 30%]  (Warmup)
Chain 2: Iteration:  3600 / 12000 [ 30%]  (Warmup)
Chain 4: Iteration:  3600 / 12000 [ 30%]  (Warmup)
Chain 1: Iteration:  4800 / 12000 [ 40%]  (Warmup)
Chain 3: Iteration:  4800 / 12000 [ 40%]  (Warmup)
Chain 2: Iteration:  4800 / 12000 [ 40%]  (Warmup)
Chain 4: Iteration:  4800 / 12000 [ 40%]  (Warmup)
Chain 1: Iteration:  6000 / 12000 [ 50%]  (Warmup)
Chain 1: Iteration:  6001 / 12000 [ 50%]  (Sampling)
Chain 2: Iteration:  6000 / 12000 [ 50%]  (Warmup)
Chain 2: Iteration:  6001 / 12000 [ 50%]  (Sampling)
Chain 3: Iteration:  6000 / 12000 [ 50%]  (Warmup)
Chain 3: Iteration:  6001 / 12000 [ 50%]  (Sampling)
Chain 4: Iteration:  6000 / 12000 [ 50%]  (Warmup)
Chain 4: Iteration:  6001 / 12000 [ 50%]  (Sampling)
Chain 2: Iteration:  7200 / 12000 [ 60%]  (Sampling)
Chain 1: Iteration:  7200 / 12000 [ 60%]  (Sampling)
Chain 3: Iteration:  7200 / 12000 [ 60%]  (Sampling)
Chain 2: Iteration:  8400 / 12000 [ 70%]  (Sampling)
Chain 4: Iteration:  7200 / 12000 [ 60%]  (Sampling)
Chain 2: Iteration:  9600 / 12000 [ 80%]  (Sampling)
Chain 1: Iteration:  8400 / 12000 [ 70%]  (Sampling)
Chain 3: Iteration:  8400 / 12000 [ 70%]  (Sampling)
Chain 2: Iteration: 10800 / 12000 [ 90%]  (Sampling)
Chain 4: Iteration:  8400 / 12000 [ 70%]  (Sampling)
Chain 1: Iteration:  9600 / 12000 [ 80%]  (Sampling)
Chain 2: Iteration: 12000 / 12000 [100%]  (Sampling)
Chain 2: 
Chain 2:  Elapsed Time: 23.831 seconds (Warm-up)
Chain 2:                21.155 seconds (Sampling)
Chain 2:                44.986 seconds (Total)
Chain 2: 
Chain 3: Iteration:  9600 / 12000 [ 80%]  (Sampling)
Chain 4: Iteration:  9600 / 12000 [ 80%]  (Sampling)
Chain 1: Iteration: 10800 / 12000 [ 90%]  (Sampling)
Chain 3: Iteration: 10800 / 12000 [ 90%]  (Sampling)
Chain 4: Iteration: 10800 / 12000 [ 90%]  (Sampling)
Chain 1: Iteration: 12000 / 12000 [100%]  (Sampling)
Chain 1: 
Chain 1:  Elapsed Time: 23.503 seconds (Warm-up)
Chain 1:                34.557 seconds (Sampling)
Chain 1:                58.06 seconds (Total)
Chain 1: 
Chain 3: Iteration: 12000 / 12000 [100%]  (Sampling)
Chain 3: 
Chain 3:  Elapsed Time: 24.149 seconds (Warm-up)
Chain 3:                37.501 seconds (Sampling)
Chain 3:                61.65 seconds (Total)
Chain 3: 
Chain 4: Iteration: 12000 / 12000 [100%]  (Sampling)
Chain 4: 
Chain 4:  Elapsed Time: 25.484 seconds (Warm-up)
Chain 4:                39.227 seconds (Sampling)
Chain 4:                64.711 seconds (Total)
Chain 4: 
Done!
Fitting s4.json, 12/17

SAMPLING FOR MODEL 'anon_model' NOW (CHAIN 1).
Chain 1: 
Chain 1: Gradient evaluation took 0.000264 seconds
Chain 1: 1000 transitions using 10 leapfrog steps per transition would take 2.64 seconds.
Chain 1: Adjust your expectations accordingly!
Chain 1: 
Chain 1: 

SAMPLING FOR MODEL 'anon_model' NOW (CHAIN 2).
Chain 1: Iteration:     1 / 12000 [  0%]  (Warmup)
Chain 2: 
Chain 2: Gradient evaluation took 0.000231 seconds
Chain 2: 1000 transitions using 10 leapfrog steps per transition would take 2.31 seconds.
Chain 2: Adjust your expectations accordingly!
Chain 2: 
Chain 2: 

SAMPLING FOR MODEL 'anon_model' NOW (CHAIN 3).
Chain 3: 
Chain 3: Gradient evaluation took 0.000282 seconds
Chain 3: 1000 transitions using 10 leapfrog steps per transition would take 2.82 seconds.
Chain 3: Adjust your expectations accordingly!
Chain 3: 
Chain 3: 
Chain 2: Iteration:     1 / 12000 [  0%]  (Warmup)

SAMPLING FOR MODEL 'anon_model' NOW (CHAIN 4).
Chain 4: 
Chain 4: Gradient evaluation took 0.000209 seconds
Chain 4: 1000 transitions using 10 leapfrog steps per transition would take 2.09 seconds.
Chain 4: Adjust your expectations accordingly!
Chain 4: 
Chain 4: 
Chain 3: Iteration:     1 / 12000 [  0%]  (Warmup)
Chain 4: Iteration:     1 / 12000 [  0%]  (Warmup)
Chain 3: Iteration:  1200 / 12000 [ 10%]  (Warmup)
Chain 4: Iteration:  1200 / 12000 [ 10%]  (Warmup)
Chain 2: Iteration:  1200 / 12000 [ 10%]  (Warmup)
Chain 1: Iteration:  1200 / 12000 [ 10%]  (Warmup)
Chain 3: Iteration:  2400 / 12000 [ 20%]  (Warmup)
Chain 4: Iteration:  2400 / 12000 [ 20%]  (Warmup)
Chain 2: Iteration:  2400 / 12000 [ 20%]  (Warmup)
Chain 1: Iteration:  2400 / 12000 [ 20%]  (Warmup)
Chain 3: Iteration:  3600 / 12000 [ 30%]  (Warmup)
Chain 4: Iteration:  3600 / 12000 [ 30%]  (Warmup)
Chain 2: Iteration:  3600 / 12000 [ 30%]  (Warmup)
Chain 1: Iteration:  3600 / 12000 [ 30%]  (Warmup)
Chain 3: Iteration:  4800 / 12000 [ 40%]  (Warmup)
Chain 4: Iteration:  4800 / 12000 [ 40%]  (Warmup)
Chain 1: Iteration:  4800 / 12000 [ 40%]  (Warmup)
Chain 2: Iteration:  4800 / 12000 [ 40%]  (Warmup)
Chain 4: Iteration:  6000 / 12000 [ 50%]  (Warmup)
Chain 4: Iteration:  6001 / 12000 [ 50%]  (Sampling)
Chain 3: Iteration:  6000 / 12000 [ 50%]  (Warmup)
Chain 3: Iteration:  6001 / 12000 [ 50%]  (Sampling)
Chain 1: Iteration:  6000 / 12000 [ 50%]  (Warmup)
Chain 1: Iteration:  6001 / 12000 [ 50%]  (Sampling)
Chain 2: Iteration:  6000 / 12000 [ 50%]  (Warmup)
Chain 2: Iteration:  6001 / 12000 [ 50%]  (Sampling)
Chain 1: Iteration:  7200 / 12000 [ 60%]  (Sampling)
Chain 4: Iteration:  7200 / 12000 [ 60%]  (Sampling)
Chain 3: Iteration:  7200 / 12000 [ 60%]  (Sampling)
Chain 1: Iteration:  8400 / 12000 [ 70%]  (Sampling)
Chain 4: Iteration:  8400 / 12000 [ 70%]  (Sampling)
Chain 2: Iteration:  7200 / 12000 [ 60%]  (Sampling)
Chain 1: Iteration:  9600 / 12000 [ 80%]  (Sampling)
Chain 4: Iteration:  9600 / 12000 [ 80%]  (Sampling)
Chain 3: Iteration:  8400 / 12000 [ 70%]  (Sampling)
Chain 1: Iteration: 10800 / 12000 [ 90%]  (Sampling)
Chain 2: Iteration:  8400 / 12000 [ 70%]  (Sampling)
Chain 4: Iteration: 10800 / 12000 [ 90%]  (Sampling)
Chain 1: Iteration: 12000 / 12000 [100%]  (Sampling)
Chain 1: 
Chain 1:  Elapsed Time: 27.625 seconds (Warm-up)
Chain 1:                21.77 seconds (Sampling)
Chain 1:                49.395 seconds (Total)
Chain 1: 
Chain 3: Iteration:  9600 / 12000 [ 80%]  (Sampling)
Chain 4: Iteration: 12000 / 12000 [100%]  (Sampling)
Chain 4: 
Chain 4:  Elapsed Time: 27.098 seconds (Warm-up)
Chain 4:                25.424 seconds (Sampling)
Chain 4:                52.522 seconds (Total)
Chain 4: 
Chain 2: Iteration:  9600 / 12000 [ 80%]  (Sampling)
Chain 3: Iteration: 10800 / 12000 [ 90%]  (Sampling)
Chain 2: Iteration: 10800 / 12000 [ 90%]  (Sampling)
Chain 3: Iteration: 12000 / 12000 [100%]  (Sampling)
Chain 3: 
Chain 3:  Elapsed Time: 27.498 seconds (Warm-up)
Chain 3:                40.382 seconds (Sampling)
Chain 3:                67.88 seconds (Total)
Chain 3: 
Chain 2: Iteration: 12000 / 12000 [100%]  (Sampling)
Chain 2: 
Chain 2:  Elapsed Time: 28.112 seconds (Warm-up)
Chain 2:                47.938 seconds (Sampling)
Chain 2:                76.05 seconds (Total)
Chain 2: 
Done!
Fitting s5.json, 13/17

SAMPLING FOR MODEL 'anon_model' NOW (CHAIN 1).
Chain 1: 
Chain 1: Gradient evaluation took 0.00024 seconds
Chain 1: 1000 transitions using 10 leapfrog steps per transition would take 2.4 seconds.
Chain 1: Adjust your expectations accordingly!
Chain 1: 
Chain 1: 

SAMPLING FOR MODEL 'anon_model' NOW (CHAIN 2).

SAMPLING FOR MODEL 'anon_model' NOW (CHAIN 3).
Chain 2: 
Chain 2: Gradient evaluation took 0.000218 seconds
Chain 2: 1000 transitions using 10 leapfrog steps per transition would take 2.18 seconds.
Chain 2: Adjust your expectations accordingly!
Chain 2: 
Chain 2: 
Chain 1: Iteration:     1 / 12000 [  0%]  (Warmup)
Chain 3: 
Chain 3: Gradient evaluation took 0.000207 seconds
Chain 3: 1000 transitions using 10 leapfrog steps per transition would take 2.07 seconds.
Chain 3: Adjust your expectations accordingly!
Chain 3: 
Chain 3: 

SAMPLING FOR MODEL 'anon_model' NOW (CHAIN 4).
Chain 2: Iteration:     1 / 12000 [  0%]  (Warmup)
Chain 4: 
Chain 4: Gradient evaluation took 0.000213 seconds
Chain 4: 1000 transitions using 10 leapfrog steps per transition would take 2.13 seconds.
Chain 4: Adjust your expectations accordingly!
Chain 4: 
Chain 4: 
Chain 3: Iteration:     1 / 12000 [  0%]  (Warmup)
Chain 4: Iteration:     1 / 12000 [  0%]  (Warmup)
Chain 4: Iteration:  1200 / 12000 [ 10%]  (Warmup)
Chain 2: Iteration:  1200 / 12000 [ 10%]  (Warmup)
Chain 1: Iteration:  1200 / 12000 [ 10%]  (Warmup)
Chain 3: Iteration:  1200 / 12000 [ 10%]  (Warmup)
Chain 4: Iteration:  2400 / 12000 [ 20%]  (Warmup)
Chain 2: Iteration:  2400 / 12000 [ 20%]  (Warmup)
Chain 1: Iteration:  2400 / 12000 [ 20%]  (Warmup)
Chain 3: Iteration:  2400 / 12000 [ 20%]  (Warmup)
Chain 4: Iteration:  3600 / 12000 [ 30%]  (Warmup)
Chain 2: Iteration:  3600 / 12000 [ 30%]  (Warmup)
Chain 1: Iteration:  3600 / 12000 [ 30%]  (Warmup)
Chain 3: Iteration:  3600 / 12000 [ 30%]  (Warmup)
Chain 4: Iteration:  4800 / 12000 [ 40%]  (Warmup)
Chain 2: Iteration:  4800 / 12000 [ 40%]  (Warmup)
Chain 1: Iteration:  4800 / 12000 [ 40%]  (Warmup)
Chain 3: Iteration:  4800 / 12000 [ 40%]  (Warmup)
Chain 4: Iteration:  6000 / 12000 [ 50%]  (Warmup)
Chain 4: Iteration:  6001 / 12000 [ 50%]  (Sampling)
Chain 2: Iteration:  6000 / 12000 [ 50%]  (Warmup)
Chain 2: Iteration:  6001 / 12000 [ 50%]  (Sampling)
Chain 1: Iteration:  6000 / 12000 [ 50%]  (Warmup)
Chain 1: Iteration:  6001 / 12000 [ 50%]  (Sampling)
Chain 3: Iteration:  6000 / 12000 [ 50%]  (Warmup)
Chain 3: Iteration:  6001 / 12000 [ 50%]  (Sampling)
Chain 4: Iteration:  7200 / 12000 [ 60%]  (Sampling)
Chain 2: Iteration:  7200 / 12000 [ 60%]  (Sampling)
Chain 1: Iteration:  7200 / 12000 [ 60%]  (Sampling)
Chain 4: Iteration:  8400 / 12000 [ 70%]  (Sampling)
Chain 3: Iteration:  7200 / 12000 [ 60%]  (Sampling)
Chain 2: Iteration:  8400 / 12000 [ 70%]  (Sampling)
Chain 1: Iteration:  8400 / 12000 [ 70%]  (Sampling)
Chain 4: Iteration:  9600 / 12000 [ 80%]  (Sampling)
Chain 2: Iteration:  9600 / 12000 [ 80%]  (Sampling)
Chain 3: Iteration:  8400 / 12000 [ 70%]  (Sampling)
Chain 4: Iteration: 10800 / 12000 [ 90%]  (Sampling)
Chain 1: Iteration:  9600 / 12000 [ 80%]  (Sampling)
Chain 4: Iteration: 12000 / 12000 [100%]  (Sampling)
Chain 4: 
Chain 4:  Elapsed Time: 35.944 seconds (Warm-up)
Chain 4:                31.057 seconds (Sampling)
Chain 4:                67.001 seconds (Total)
Chain 4: 
Chain 2: Iteration: 10800 / 12000 [ 90%]  (Sampling)
Chain 1: Iteration: 10800 / 12000 [ 90%]  (Sampling)
Chain 3: Iteration:  9600 / 12000 [ 80%]  (Sampling)
Chain 2: Iteration: 12000 / 12000 [100%]  (Sampling)
Chain 2: 
Chain 2:  Elapsed Time: 36.408 seconds (Warm-up)
Chain 2:                38.431 seconds (Sampling)
Chain 2:                74.839 seconds (Total)
Chain 2: 
Chain 1: Iteration: 12000 / 12000 [100%]  (Sampling)
Chain 1: 
Chain 1:  Elapsed Time: 36.995 seconds (Warm-up)
Chain 1:                41.622 seconds (Sampling)
Chain 1:                78.617 seconds (Total)
Chain 1: 
Chain 3: Iteration: 10800 / 12000 [ 90%]  (Sampling)
Chain 3: Iteration: 12000 / 12000 [100%]  (Sampling)
Chain 3: 
Chain 3:  Elapsed Time: 37.927 seconds (Warm-up)
Chain 3:                55.522 seconds (Sampling)
Chain 3:                93.449 seconds (Total)
Chain 3: 
Done!
Fitting s6.json, 14/17

SAMPLING FOR MODEL 'anon_model' NOW (CHAIN 1).
Chain 1: 
Chain 1: Gradient evaluation took 0.000252 seconds
Chain 1: 1000 transitions using 10 leapfrog steps per transition would take 2.52 seconds.
Chain 1: Adjust your expectations accordingly!
Chain 1: 
Chain 1: 

SAMPLING FOR MODEL 'anon_model' NOW (CHAIN 2).
Chain 2: 
Chain 2: Gradient evaluation took 0.000223 seconds
Chain 2: 1000 transitions using 10 leapfrog steps per transition would take 2.23 seconds.
Chain 2: Adjust your expectations accordingly!
Chain 2: 
Chain 2: 

SAMPLING FOR MODEL 'anon_model' NOW (CHAIN 3).
Chain 1: Iteration:     1 / 12000 [  0%]  (Warmup)
Chain 3: 
Chain 3: Gradient evaluation took 0.000225 seconds
Chain 3: 1000 transitions using 10 leapfrog steps per transition would take 2.25 seconds.
Chain 3: Adjust your expectations accordingly!
Chain 3: 
Chain 3: 

SAMPLING FOR MODEL 'anon_model' NOW (CHAIN 4).
Chain 2: Iteration:     1 / 12000 [  0%]  (Warmup)
Chain 4: 
Chain 4: Gradient evaluation took 0.000202 seconds
Chain 4: 1000 transitions using 10 leapfrog steps per transition would take 2.02 seconds.
Chain 4: Adjust your expectations accordingly!
Chain 4: 
Chain 4: 
Chain 3: Iteration:     1 / 12000 [  0%]  (Warmup)
Chain 4: Iteration:     1 / 12000 [  0%]  (Warmup)
Chain 2: Iteration:  1200 / 12000 [ 10%]  (Warmup)
Chain 3: Iteration:  1200 / 12000 [ 10%]  (Warmup)
Chain 4: Iteration:  1200 / 12000 [ 10%]  (Warmup)
Chain 1: Iteration:  1200 / 12000 [ 10%]  (Warmup)
Chain 4: Iteration:  2400 / 12000 [ 20%]  (Warmup)
Chain 1: Iteration:  2400 / 12000 [ 20%]  (Warmup)
Chain 2: Iteration:  2400 / 12000 [ 20%]  (Warmup)
Chain 3: Iteration:  2400 / 12000 [ 20%]  (Warmup)
Chain 1: Iteration:  3600 / 12000 [ 30%]  (Warmup)
Chain 4: Iteration:  3600 / 12000 [ 30%]  (Warmup)
Chain 2: Iteration:  3600 / 12000 [ 30%]  (Warmup)
Chain 3: Iteration:  3600 / 12000 [ 30%]  (Warmup)
Chain 1: Iteration:  4800 / 12000 [ 40%]  (Warmup)
Chain 2: Iteration:  4800 / 12000 [ 40%]  (Warmup)
Chain 4: Iteration:  4800 / 12000 [ 40%]  (Warmup)
Chain 3: Iteration:  4800 / 12000 [ 40%]  (Warmup)
Chain 1: Iteration:  6000 / 12000 [ 50%]  (Warmup)
Chain 1: Iteration:  6001 / 12000 [ 50%]  (Sampling)
Chain 2: Iteration:  6000 / 12000 [ 50%]  (Warmup)
Chain 2: Iteration:  6001 / 12000 [ 50%]  (Sampling)
Chain 4: Iteration:  6000 / 12000 [ 50%]  (Warmup)
Chain 4: Iteration:  6001 / 12000 [ 50%]  (Sampling)
Chain 3: Iteration:  6000 / 12000 [ 50%]  (Warmup)
Chain 3: Iteration:  6001 / 12000 [ 50%]  (Sampling)
Chain 1: Iteration:  7200 / 12000 [ 60%]  (Sampling)
Chain 1: Iteration:  8400 / 12000 [ 70%]  (Sampling)
Chain 2: Iteration:  7200 / 12000 [ 60%]  (Sampling)
Chain 4: Iteration:  7200 / 12000 [ 60%]  (Sampling)
Chain 3: Iteration:  7200 / 12000 [ 60%]  (Sampling)
Chain 1: Iteration:  9600 / 12000 [ 80%]  (Sampling)
Chain 2: Iteration:  8400 / 12000 [ 70%]  (Sampling)
Chain 1: Iteration: 10800 / 12000 [ 90%]  (Sampling)
Chain 3: Iteration:  8400 / 12000 [ 70%]  (Sampling)
Chain 4: Iteration:  8400 / 12000 [ 70%]  (Sampling)
Chain 1: Iteration: 12000 / 12000 [100%]  (Sampling)
Chain 1: 
Chain 1:  Elapsed Time: 29.34 seconds (Warm-up)
Chain 1:                25.295 seconds (Sampling)
Chain 1:                54.635 seconds (Total)
Chain 1: 
Chain 2: Iteration:  9600 / 12000 [ 80%]  (Sampling)
Chain 3: Iteration:  9600 / 12000 [ 80%]  (Sampling)
Chain 4: Iteration:  9600 / 12000 [ 80%]  (Sampling)
Chain 2: Iteration: 10800 / 12000 [ 90%]  (Sampling)
Chain 3: Iteration: 10800 / 12000 [ 90%]  (Sampling)
Chain 4: Iteration: 10800 / 12000 [ 90%]  (Sampling)
Chain 2: Iteration: 12000 / 12000 [100%]  (Sampling)
Chain 2: 
Chain 2:  Elapsed Time: 30.102 seconds (Warm-up)
Chain 2:                46.578 seconds (Sampling)
Chain 2:                76.68 seconds (Total)
Chain 2: 
Chain 3: Iteration: 12000 / 12000 [100%]  (Sampling)
Chain 3: 
Chain 3:  Elapsed Time: 30.76 seconds (Warm-up)
Chain 3:                47.149 seconds (Sampling)
Chain 3:                77.909 seconds (Total)
Chain 3: 
Chain 4: Iteration: 12000 / 12000 [100%]  (Sampling)
Chain 4: 
Chain 4:  Elapsed Time: 30.271 seconds (Warm-up)
Chain 4:                50.235 seconds (Sampling)
Chain 4:                80.506 seconds (Total)
Chain 4: 
Done!
Fitting s7.json, 15/17

SAMPLING FOR MODEL 'anon_model' NOW (CHAIN 1).
Chain 1: 
Chain 1: Gradient evaluation took 0.000243 seconds
Chain 1: 1000 transitions using 10 leapfrog steps per transition would take 2.43 seconds.
Chain 1: Adjust your expectations accordingly!
Chain 1: 
Chain 1: 

SAMPLING FOR MODEL 'anon_model' NOW (CHAIN 2).
Chain 2: 
Chain 2: Gradient evaluation took 0.000229 seconds
Chain 2: 1000 transitions using 10 leapfrog steps per transition would take 2.29 seconds.
Chain 2: Adjust your expectations accordingly!
Chain 2: 
Chain 2: 

SAMPLING FOR MODEL 'anon_model' NOW (CHAIN 3).
Chain 1: Iteration:     1 / 12000 [  0%]  (Warmup)
Chain 3: 
Chain 3: Gradient evaluation took 0.000224 seconds
Chain 3: 1000 transitions using 10 leapfrog steps per transition would take 2.24 seconds.
Chain 3: Adjust your expectations accordingly!
Chain 3: 
Chain 3: 
Chain 2: Iteration:     1 / 12000 [  0%]  (Warmup)

SAMPLING FOR MODEL 'anon_model' NOW (CHAIN 4).
Chain 3: Iteration:     1 / 12000 [  0%]  (Warmup)
Chain 4: 
Chain 4: Gradient evaluation took 0.000226 seconds
Chain 4: 1000 transitions using 10 leapfrog steps per transition would take 2.26 seconds.
Chain 4: Adjust your expectations accordingly!
Chain 4: 
Chain 4: 
Chain 4: Iteration:     1 / 12000 [  0%]  (Warmup)
Chain 1: Iteration:  1200 / 12000 [ 10%]  (Warmup)
Chain 2: Iteration:  1200 / 12000 [ 10%]  (Warmup)
Chain 4: Iteration:  1200 / 12000 [ 10%]  (Warmup)
Chain 3: Iteration:  1200 / 12000 [ 10%]  (Warmup)
Chain 1: Iteration:  2400 / 12000 [ 20%]  (Warmup)
Chain 4: Iteration:  2400 / 12000 [ 20%]  (Warmup)
Chain 3: Iteration:  2400 / 12000 [ 20%]  (Warmup)
Chain 2: Iteration:  2400 / 12000 [ 20%]  (Warmup)
Chain 1: Iteration:  3600 / 12000 [ 30%]  (Warmup)
Chain 3: Iteration:  3600 / 12000 [ 30%]  (Warmup)
Chain 4: Iteration:  3600 / 12000 [ 30%]  (Warmup)
Chain 2: Iteration:  3600 / 12000 [ 30%]  (Warmup)
Chain 1: Iteration:  4800 / 12000 [ 40%]  (Warmup)
Chain 4: Iteration:  4800 / 12000 [ 40%]  (Warmup)
Chain 3: Iteration:  4800 / 12000 [ 40%]  (Warmup)
Chain 2: Iteration:  4800 / 12000 [ 40%]  (Warmup)
Chain 1: Iteration:  6000 / 12000 [ 50%]  (Warmup)
Chain 1: Iteration:  6001 / 12000 [ 50%]  (Sampling)
Chain 3: Iteration:  6000 / 12000 [ 50%]  (Warmup)
Chain 3: Iteration:  6001 / 12000 [ 50%]  (Sampling)
Chain 4: Iteration:  6000 / 12000 [ 50%]  (Warmup)
Chain 4: Iteration:  6001 / 12000 [ 50%]  (Sampling)
Chain 2: Iteration:  6000 / 12000 [ 50%]  (Warmup)
Chain 2: Iteration:  6001 / 12000 [ 50%]  (Sampling)
Chain 2: Iteration:  7200 / 12000 [ 60%]  (Sampling)
Chain 1: Iteration:  7200 / 12000 [ 60%]  (Sampling)
Chain 4: Iteration:  7200 / 12000 [ 60%]  (Sampling)
Chain 3: Iteration:  7200 / 12000 [ 60%]  (Sampling)
Chain 2: Iteration:  8400 / 12000 [ 70%]  (Sampling)
Chain 1: Iteration:  8400 / 12000 [ 70%]  (Sampling)
Chain 4: Iteration:  8400 / 12000 [ 70%]  (Sampling)
Chain 2: Iteration:  9600 / 12000 [ 80%]  (Sampling)
Chain 3: Iteration:  8400 / 12000 [ 70%]  (Sampling)
Chain 1: Iteration:  9600 / 12000 [ 80%]  (Sampling)
Chain 2: Iteration: 10800 / 12000 [ 90%]  (Sampling)
Chain 4: Iteration:  9600 / 12000 [ 80%]  (Sampling)
Chain 1: Iteration: 10800 / 12000 [ 90%]  (Sampling)
Chain 2: Iteration: 12000 / 12000 [100%]  (Sampling)
Chain 2: 
Chain 2:  Elapsed Time: 23.431 seconds (Warm-up)
Chain 2:                22.395 seconds (Sampling)
Chain 2:                45.826 seconds (Total)
Chain 2: 
Chain 3: Iteration:  9600 / 12000 [ 80%]  (Sampling)
Chain 1: Iteration: 12000 / 12000 [100%]  (Sampling)
Chain 1: 
Chain 1:  Elapsed Time: 22.811 seconds (Warm-up)
Chain 1:                25.777 seconds (Sampling)
Chain 1:                48.588 seconds (Total)
Chain 1: 
Chain 4: Iteration: 10800 / 12000 [ 90%]  (Sampling)
Chain 3: Iteration: 10800 / 12000 [ 90%]  (Sampling)
Chain 4: Iteration: 12000 / 12000 [100%]  (Sampling)
Chain 4: 
Chain 4:  Elapsed Time: 23.214 seconds (Warm-up)
Chain 4:                31.69 seconds (Sampling)
Chain 4:                54.904 seconds (Total)
Chain 4: 
Chain 3: Iteration: 12000 / 12000 [100%]  (Sampling)
Chain 3: 
Chain 3:  Elapsed Time: 23.055 seconds (Warm-up)
Chain 3:                37.982 seconds (Sampling)
Chain 3:                61.037 seconds (Total)
Chain 3: 
Done!
Fitting s8.json, 16/17

SAMPLING FOR MODEL 'anon_model' NOW (CHAIN 1).

SAMPLING FOR MODEL 'anon_model' NOW (CHAIN 2).
Chain 1: 
Chain 1: Gradient evaluation took 0.00025 seconds
Chain 1: 1000 transitions using 10 leapfrog steps per transition would take 2.5 seconds.
Chain 1: Adjust your expectations accordingly!
Chain 1: 
Chain 1: 
Chain 2: 
Chain 2: Gradient evaluation took 0.000218 seconds
Chain 2: 1000 transitions using 10 leapfrog steps per transition would take 2.18 seconds.
Chain 2: Adjust your expectations accordingly!
Chain 2: 
Chain 2: 

SAMPLING FOR MODEL 'anon_model' NOW (CHAIN 3).
Chain 1: Iteration:     1 / 12000 [  0%]  (Warmup)
Chain 3: 
Chain 3: Gradient evaluation took 0.000225 seconds
Chain 3: 1000 transitions using 10 leapfrog steps per transition would take 2.25 seconds.
Chain 3: Adjust your expectations accordingly!
Chain 3: 
Chain 3: 

SAMPLING FOR MODEL 'anon_model' NOW (CHAIN 4).
Chain 2: Iteration:     1 / 12000 [  0%]  (Warmup)
Chain 4: 
Chain 4: Gradient evaluation took 0.000218 seconds
Chain 4: 1000 transitions using 10 leapfrog steps per transition would take 2.18 seconds.
Chain 4: Adjust your expectations accordingly!
Chain 4: 
Chain 4: 
Chain 3: Iteration:     1 / 12000 [  0%]  (Warmup)
Chain 4: Iteration:     1 / 12000 [  0%]  (Warmup)
Chain 2: Iteration:  1200 / 12000 [ 10%]  (Warmup)
Chain 1: Iteration:  1200 / 12000 [ 10%]  (Warmup)
Chain 4: Iteration:  1200 / 12000 [ 10%]  (Warmup)
Chain 3: Iteration:  1200 / 12000 [ 10%]  (Warmup)
Chain 2: Iteration:  2400 / 12000 [ 20%]  (Warmup)
Chain 1: Iteration:  2400 / 12000 [ 20%]  (Warmup)
Chain 3: Iteration:  2400 / 12000 [ 20%]  (Warmup)
Chain 4: Iteration:  2400 / 12000 [ 20%]  (Warmup)
Chain 2: Iteration:  3600 / 12000 [ 30%]  (Warmup)
Chain 1: Iteration:  3600 / 12000 [ 30%]  (Warmup)
Chain 3: Iteration:  3600 / 12000 [ 30%]  (Warmup)
Chain 4: Iteration:  3600 / 12000 [ 30%]  (Warmup)
Chain 2: Iteration:  4800 / 12000 [ 40%]  (Warmup)
Chain 1: Iteration:  4800 / 12000 [ 40%]  (Warmup)
Chain 3: Iteration:  4800 / 12000 [ 40%]  (Warmup)
Chain 4: Iteration:  4800 / 12000 [ 40%]  (Warmup)
Chain 2: Iteration:  6000 / 12000 [ 50%]  (Warmup)
Chain 2: Iteration:  6001 / 12000 [ 50%]  (Sampling)
Chain 1: Iteration:  6000 / 12000 [ 50%]  (Warmup)
Chain 1: Iteration:  6001 / 12000 [ 50%]  (Sampling)
Chain 4: Iteration:  6000 / 12000 [ 50%]  (Warmup)
Chain 4: Iteration:  6001 / 12000 [ 50%]  (Sampling)
Chain 3: Iteration:  6000 / 12000 [ 50%]  (Warmup)
Chain 3: Iteration:  6001 / 12000 [ 50%]  (Sampling)
Chain 4: Iteration:  7200 / 12000 [ 60%]  (Sampling)
Chain 2: Iteration:  7200 / 12000 [ 60%]  (Sampling)
Chain 1: Iteration:  7200 / 12000 [ 60%]  (Sampling)
Chain 3: Iteration:  7200 / 12000 [ 60%]  (Sampling)
Chain 4: Iteration:  8400 / 12000 [ 70%]  (Sampling)
Chain 2: Iteration:  8400 / 12000 [ 70%]  (Sampling)
Chain 4: Iteration:  9600 / 12000 [ 80%]  (Sampling)
Chain 3: Iteration:  8400 / 12000 [ 70%]  (Sampling)
Chain 1: Iteration:  8400 / 12000 [ 70%]  (Sampling)
Chain 2: Iteration:  9600 / 12000 [ 80%]  (Sampling)
Chain 4: Iteration: 10800 / 12000 [ 90%]  (Sampling)
Chain 2: Iteration: 10800 / 12000 [ 90%]  (Sampling)
Chain 3: Iteration:  9600 / 12000 [ 80%]  (Sampling)
Chain 1: Iteration:  9600 / 12000 [ 80%]  (Sampling)
Chain 4: Iteration: 12000 / 12000 [100%]  (Sampling)
Chain 4: 
Chain 4:  Elapsed Time: 27.526 seconds (Warm-up)
Chain 4:                25.539 seconds (Sampling)
Chain 4:                53.065 seconds (Total)
Chain 4: 
Chain 2: Iteration: 12000 / 12000 [100%]  (Sampling)
Chain 2: 
Chain 2:  Elapsed Time: 26.581 seconds (Warm-up)
Chain 2:                30.799 seconds (Sampling)
Chain 2:                57.38 seconds (Total)
Chain 2: 
Chain 3: Iteration: 10800 / 12000 [ 90%]  (Sampling)
Chain 1: Iteration: 10800 / 12000 [ 90%]  (Sampling)
Chain 3: Iteration: 12000 / 12000 [100%]  (Sampling)
Chain 3: 
Chain 3:  Elapsed Time: 27.62 seconds (Warm-up)
Chain 3:                39.749 seconds (Sampling)
Chain 3:                67.369 seconds (Total)
Chain 3: 
Chain 1: Iteration: 12000 / 12000 [100%]  (Sampling)
Chain 1: 
Chain 1:  Elapsed Time: 26.932 seconds (Warm-up)
Chain 1:                42.651 seconds (Sampling)
Chain 1:                69.583 seconds (Total)
Chain 1: 
Done!
Fitting s9.json, 17/17

SAMPLING FOR MODEL 'anon_model' NOW (CHAIN 1).
Chain 1: 
Chain 1: Gradient evaluation took 0.000232 seconds
Chain 1: 1000 transitions using 10 leapfrog steps per transition would take 2.32 seconds.
Chain 1: Adjust your expectations accordingly!
Chain 1: 
Chain 1: 

SAMPLING FOR MODEL 'anon_model' NOW (CHAIN 2).

SAMPLING FOR MODEL 'anon_model' NOW (CHAIN 3).
Chain 2: 
Chain 2: Gradient evaluation took 0.000233 seconds
Chain 2: 1000 transitions using 10 leapfrog steps per transition would take 2.33 seconds.
Chain 2: Adjust your expectations accordingly!
Chain 2: 
Chain 2: 
Chain 1: Iteration:     1 / 12000 [  0%]  (Warmup)
Chain 3: 
Chain 3: Gradient evaluation took 0.000226 seconds
Chain 3: 1000 transitions using 10 leapfrog steps per transition would take 2.26 seconds.
Chain 3: Adjust your expectations accordingly!
Chain 3: 
Chain 3: 

SAMPLING FOR MODEL 'anon_model' NOW (CHAIN 4).
Chain 2: Iteration:     1 / 12000 [  0%]  (Warmup)
Chain 4: 
Chain 4: Gradient evaluation took 0.00021 seconds
Chain 4: 1000 transitions using 10 leapfrog steps per transition would take 2.1 seconds.
Chain 4: Adjust your expectations accordingly!
Chain 4: 
Chain 4: 
Chain 3: Iteration:     1 / 12000 [  0%]  (Warmup)
Chain 4: Iteration:     1 / 12000 [  0%]  (Warmup)
Chain 1: Iteration:  1200 / 12000 [ 10%]  (Warmup)
Chain 4: Iteration:  1200 / 12000 [ 10%]  (Warmup)
Chain 2: Iteration:  1200 / 12000 [ 10%]  (Warmup)
Chain 3: Iteration:  1200 / 12000 [ 10%]  (Warmup)
Chain 1: Iteration:  2400 / 12000 [ 20%]  (Warmup)
Chain 4: Iteration:  2400 / 12000 [ 20%]  (Warmup)
Chain 3: Iteration:  2400 / 12000 [ 20%]  (Warmup)
Chain 2: Iteration:  2400 / 12000 [ 20%]  (Warmup)
Chain 1: Iteration:  3600 / 12000 [ 30%]  (Warmup)
Chain 4: Iteration:  3600 / 12000 [ 30%]  (Warmup)
Chain 3: Iteration:  3600 / 12000 [ 30%]  (Warmup)
Chain 2: Iteration:  3600 / 12000 [ 30%]  (Warmup)
Chain 1: Iteration:  4800 / 12000 [ 40%]  (Warmup)
Chain 3: Iteration:  4800 / 12000 [ 40%]  (Warmup)
Chain 4: Iteration:  4800 / 12000 [ 40%]  (Warmup)
Chain 2: Iteration:  4800 / 12000 [ 40%]  (Warmup)
Chain 1: Iteration:  6000 / 12000 [ 50%]  (Warmup)
Chain 1: Iteration:  6001 / 12000 [ 50%]  (Sampling)
Chain 3: Iteration:  6000 / 12000 [ 50%]  (Warmup)
Chain 3: Iteration:  6001 / 12000 [ 50%]  (Sampling)
Chain 2: Iteration:  6000 / 12000 [ 50%]  (Warmup)
Chain 2: Iteration:  6001 / 12000 [ 50%]  (Sampling)
Chain 4: Iteration:  6000 / 12000 [ 50%]  (Warmup)
Chain 4: Iteration:  6001 / 12000 [ 50%]  (Sampling)
Chain 2: Iteration:  7200 / 12000 [ 60%]  (Sampling)
Chain 1: Iteration:  7200 / 12000 [ 60%]  (Sampling)
Chain 4: Iteration:  7200 / 12000 [ 60%]  (Sampling)
Chain 2: Iteration:  8400 / 12000 [ 70%]  (Sampling)
Chain 3: Iteration:  7200 / 12000 [ 60%]  (Sampling)
Chain 2: Iteration:  9600 / 12000 [ 80%]  (Sampling)
Chain 1: Iteration:  8400 / 12000 [ 70%]  (Sampling)
Chain 4: Iteration:  8400 / 12000 [ 70%]  (Sampling)
Chain 2: Iteration: 10800 / 12000 [ 90%]  (Sampling)
Chain 3: Iteration:  8400 / 12000 [ 70%]  (Sampling)
Chain 2: Iteration: 12000 / 12000 [100%]  (Sampling)
Chain 2: 
Chain 2:  Elapsed Time: 30.965 seconds (Warm-up)
Chain 2:                25.422 seconds (Sampling)
Chain 2:                56.387 seconds (Total)
Chain 2: 
Chain 1: Iteration:  9600 / 12000 [ 80%]  (Sampling)
Chain 4: Iteration:  9600 / 12000 [ 80%]  (Sampling)
Chain 3: Iteration:  9600 / 12000 [ 80%]  (Sampling)
Chain 1: Iteration: 10800 / 12000 [ 90%]  (Sampling)
Chain 4: Iteration: 10800 / 12000 [ 90%]  (Sampling)
Chain 3: Iteration: 10800 / 12000 [ 90%]  (Sampling)
Chain 1: Iteration: 12000 / 12000 [100%]  (Sampling)
Chain 1: 
Chain 1:  Elapsed Time: 30.348 seconds (Warm-up)
Chain 1:                47.059 seconds (Sampling)
Chain 1:                77.407 seconds (Total)
Chain 1: 
Chain 4: Iteration: 12000 / 12000 [100%]  (Sampling)
Chain 4: 
Chain 4:  Elapsed Time: 31.225 seconds (Warm-up)
Chain 4:                46.997 seconds (Sampling)
Chain 4:                78.222 seconds (Total)
Chain 4: 
Chain 3: Iteration: 12000 / 12000 [100%]  (Sampling)
Chain 3: 
Chain 3:  Elapsed Time: 30.951 seconds (Warm-up)
Chain 3:                52.36 seconds (Sampling)
Chain 3:                83.311 seconds (Total)
Chain 3: 
Done!
Assumed model: m1 (model_index = 1 )
Fitting s0.json, 1/17

SAMPLING FOR MODEL 'anon_model' NOW (CHAIN 1).
Chain 1: 
Chain 1: Gradient evaluation took 0.000239 seconds
Chain 1: 1000 transitions using 10 leapfrog steps per transition would take 2.39 seconds.
Chain 1: Adjust your expectations accordingly!
Chain 1: 
Chain 1: 

SAMPLING FOR MODEL 'anon_model' NOW (CHAIN 2).

SAMPLING FOR MODEL 'anon_model' NOW (CHAIN 3).
Chain 2: 
Chain 2: Gradient evaluation took 0.000228 seconds
Chain 2: 1000 transitions using 10 leapfrog steps per transition would take 2.28 seconds.
Chain 2: Adjust your expectations accordingly!
Chain 2: 
Chain 2: 
Chain 3: 
Chain 3: Gradient evaluation took 0.000219 seconds
Chain 3: 1000 transitions using 10 leapfrog steps per transition would take 2.19 seconds.
Chain 3: Adjust your expectations accordingly!
Chain 3: 
Chain 3: 
Chain 1: Iteration:     1 / 12000 [  0%]  (Warmup)

SAMPLING FOR MODEL 'anon_model' NOW (CHAIN 4).
Chain 2: Iteration:     1 / 12000 [  0%]  (Warmup)
Chain 3: Iteration:     1 / 12000 [  0%]  (Warmup)
Chain 4: 
Chain 4: Gradient evaluation took 0.00021 seconds
Chain 4: 1000 transitions using 10 leapfrog steps per transition would take 2.1 seconds.
Chain 4: Adjust your expectations accordingly!
Chain 4: 
Chain 4: 
Chain 4: Iteration:     1 / 12000 [  0%]  (Warmup)
Chain 3: Iteration:  1200 / 12000 [ 10%]  (Warmup)
Chain 1: Iteration:  1200 / 12000 [ 10%]  (Warmup)
Chain 2: Iteration:  1200 / 12000 [ 10%]  (Warmup)
Chain 4: Iteration:  1200 / 12000 [ 10%]  (Warmup)
Chain 3: Iteration:  2400 / 12000 [ 20%]  (Warmup)
Chain 1: Iteration:  2400 / 12000 [ 20%]  (Warmup)
Chain 2: Iteration:  2400 / 12000 [ 20%]  (Warmup)
Chain 4: Iteration:  2400 / 12000 [ 20%]  (Warmup)
Chain 1: Iteration:  3600 / 12000 [ 30%]  (Warmup)
Chain 3: Iteration:  3600 / 12000 [ 30%]  (Warmup)
Chain 4: Iteration:  3600 / 12000 [ 30%]  (Warmup)
Chain 2: Iteration:  3600 / 12000 [ 30%]  (Warmup)
Chain 3: Iteration:  4800 / 12000 [ 40%]  (Warmup)
Chain 1: Iteration:  4800 / 12000 [ 40%]  (Warmup)
Chain 4: Iteration:  4800 / 12000 [ 40%]  (Warmup)
Chain 2: Iteration:  4800 / 12000 [ 40%]  (Warmup)
Chain 1: Iteration:  6000 / 12000 [ 50%]  (Warmup)
Chain 1: Iteration:  6001 / 12000 [ 50%]  (Sampling)
Chain 3: Iteration:  6000 / 12000 [ 50%]  (Warmup)
Chain 3: Iteration:  6001 / 12000 [ 50%]  (Sampling)
Chain 4: Iteration:  6000 / 12000 [ 50%]  (Warmup)
Chain 4: Iteration:  6001 / 12000 [ 50%]  (Sampling)
Chain 2: Iteration:  6000 / 12000 [ 50%]  (Warmup)
Chain 2: Iteration:  6001 / 12000 [ 50%]  (Sampling)
Chain 1: Iteration:  7200 / 12000 [ 60%]  (Sampling)
Chain 2: Iteration:  7200 / 12000 [ 60%]  (Sampling)
Chain 4: Iteration:  7200 / 12000 [ 60%]  (Sampling)
Chain 3: Iteration:  7200 / 12000 [ 60%]  (Sampling)
Chain 1: Iteration:  8400 / 12000 [ 70%]  (Sampling)
Chain 2: Iteration:  8400 / 12000 [ 70%]  (Sampling)
Chain 4: Iteration:  8400 / 12000 [ 70%]  (Sampling)
Chain 1: Iteration:  9600 / 12000 [ 80%]  (Sampling)
Chain 3: Iteration:  8400 / 12000 [ 70%]  (Sampling)
Chain 1: Iteration: 10800 / 12000 [ 90%]  (Sampling)
Chain 2: Iteration:  9600 / 12000 [ 80%]  (Sampling)
Chain 4: Iteration:  9600 / 12000 [ 80%]  (Sampling)
Chain 1: Iteration: 12000 / 12000 [100%]  (Sampling)
Chain 1: 
Chain 1:  Elapsed Time: 21.124 seconds (Warm-up)
Chain 1:                17.82 seconds (Sampling)
Chain 1:                38.944 seconds (Total)
Chain 1: 
Chain 2: Iteration: 10800 / 12000 [ 90%]  (Sampling)
Chain 3: Iteration:  9600 / 12000 [ 80%]  (Sampling)
Chain 4: Iteration: 10800 / 12000 [ 90%]  (Sampling)
Chain 2: Iteration: 12000 / 12000 [100%]  (Sampling)
Chain 2: 
Chain 2:  Elapsed Time: 21.953 seconds (Warm-up)
Chain 2:                22.294 seconds (Sampling)
Chain 2:                44.247 seconds (Total)
Chain 2: 
Chain 3: Iteration: 10800 / 12000 [ 90%]  (Sampling)
Chain 4: Iteration: 12000 / 12000 [100%]  (Sampling)
Chain 4: 
Chain 4:  Elapsed Time: 21.582 seconds (Warm-up)
Chain 4:                25.697 seconds (Sampling)
Chain 4:                47.279 seconds (Total)
Chain 4: 
Chain 3: Iteration: 12000 / 12000 [100%]  (Sampling)
Chain 3: 
Chain 3:  Elapsed Time: 21.335 seconds (Warm-up)
Chain 3:                32.309 seconds (Sampling)
Chain 3:                53.644 seconds (Total)
Chain 3: 
Done!
Fitting s1.json, 2/17

SAMPLING FOR MODEL 'anon_model' NOW (CHAIN 1).
Chain 1: 
Chain 1: Gradient evaluation took 0.000243 seconds
Chain 1: 1000 transitions using 10 leapfrog steps per transition would take 2.43 seconds.
Chain 1: Adjust your expectations accordingly!
Chain 1: 
Chain 1: 
Chain 1: Iteration:     1 / 12000 [  0%]  (Warmup)

SAMPLING FOR MODEL 'anon_model' NOW (CHAIN 2).

SAMPLING FOR MODEL 'anon_model' NOW (CHAIN 3).
Chain 2: 
Chain 2: Gradient evaluation took 0.000233 seconds
Chain 2: 1000 transitions using 10 leapfrog steps per transition would take 2.33 seconds.
Chain 2: Adjust your expectations accordingly!
Chain 2: 
Chain 2: 
Chain 3: 
Chain 3: Gradient evaluation took 0.000212 seconds
Chain 3: 1000 transitions using 10 leapfrog steps per transition would take 2.12 seconds.
Chain 3: Adjust your expectations accordingly!
Chain 3: 
Chain 3: 
Chain 2: Iteration:     1 / 12000 [  0%]  (Warmup)

SAMPLING FOR MODEL 'anon_model' NOW (CHAIN 4).
Chain 3: Iteration:     1 / 12000 [  0%]  (Warmup)
Chain 4: 
Chain 4: Gradient evaluation took 0.000241 seconds
Chain 4: 1000 transitions using 10 leapfrog steps per transition would take 2.41 seconds.
Chain 4: Adjust your expectations accordingly!
Chain 4: 
Chain 4: 
Chain 4: Iteration:     1 / 12000 [  0%]  (Warmup)
Chain 3: Iteration:  1200 / 12000 [ 10%]  (Warmup)
Chain 1: Iteration:  1200 / 12000 [ 10%]  (Warmup)
Chain 4: Iteration:  1200 / 12000 [ 10%]  (Warmup)
Chain 2: Iteration:  1200 / 12000 [ 10%]  (Warmup)
Chain 3: Iteration:  2400 / 12000 [ 20%]  (Warmup)
Chain 1: Iteration:  2400 / 12000 [ 20%]  (Warmup)
Chain 2: Iteration:  2400 / 12000 [ 20%]  (Warmup)
Chain 4: Iteration:  2400 / 12000 [ 20%]  (Warmup)
Chain 3: Iteration:  3600 / 12000 [ 30%]  (Warmup)
Chain 1: Iteration:  3600 / 12000 [ 30%]  (Warmup)
Chain 2: Iteration:  3600 / 12000 [ 30%]  (Warmup)
Chain 4: Iteration:  3600 / 12000 [ 30%]  (Warmup)
Chain 3: Iteration:  4800 / 12000 [ 40%]  (Warmup)
Chain 1: Iteration:  4800 / 12000 [ 40%]  (Warmup)
Chain 2: Iteration:  4800 / 12000 [ 40%]  (Warmup)
Chain 4: Iteration:  4800 / 12000 [ 40%]  (Warmup)
Chain 3: Iteration:  6000 / 12000 [ 50%]  (Warmup)
Chain 3: Iteration:  6001 / 12000 [ 50%]  (Sampling)
Chain 2: Iteration:  6000 / 12000 [ 50%]  (Warmup)
Chain 2: Iteration:  6001 / 12000 [ 50%]  (Sampling)
Chain 1: Iteration:  6000 / 12000 [ 50%]  (Warmup)
Chain 1: Iteration:  6001 / 12000 [ 50%]  (Sampling)
Chain 4: Iteration:  6000 / 12000 [ 50%]  (Warmup)
Chain 4: Iteration:  6001 / 12000 [ 50%]  (Sampling)
Chain 2: Iteration:  7200 / 12000 [ 60%]  (Sampling)
Chain 3: Iteration:  7200 / 12000 [ 60%]  (Sampling)
Chain 4: Iteration:  7200 / 12000 [ 60%]  (Sampling)
Chain 1: Iteration:  7200 / 12000 [ 60%]  (Sampling)
Chain 2: Iteration:  8400 / 12000 [ 70%]  (Sampling)
Chain 3: Iteration:  8400 / 12000 [ 70%]  (Sampling)
Chain 2: Iteration:  9600 / 12000 [ 80%]  (Sampling)
Chain 3: Iteration:  9600 / 12000 [ 80%]  (Sampling)
Chain 4: Iteration:  8400 / 12000 [ 70%]  (Sampling)
Chain 1: Iteration:  8400 / 12000 [ 70%]  (Sampling)
Chain 2: Iteration: 10800 / 12000 [ 90%]  (Sampling)
Chain 3: Iteration: 10800 / 12000 [ 90%]  (Sampling)
Chain 2: Iteration: 12000 / 12000 [100%]  (Sampling)
Chain 2: 
Chain 2:  Elapsed Time: 30.187 seconds (Warm-up)
Chain 2:                28.572 seconds (Sampling)
Chain 2:                58.759 seconds (Total)
Chain 2: 
Chain 4: Iteration:  9600 / 12000 [ 80%]  (Sampling)
Chain 1: Iteration:  9600 / 12000 [ 80%]  (Sampling)
Chain 3: Iteration: 12000 / 12000 [100%]  (Sampling)
Chain 3: 
Chain 3:  Elapsed Time: 30.082 seconds (Warm-up)
Chain 3:                32.112 seconds (Sampling)
Chain 3:                62.194 seconds (Total)
Chain 3: 
Chain 4: Iteration: 10800 / 12000 [ 90%]  (Sampling)
Chain 1: Iteration: 10800 / 12000 [ 90%]  (Sampling)
Chain 4: Iteration: 12000 / 12000 [100%]  (Sampling)
Chain 4: 
Chain 4:  Elapsed Time: 31.066 seconds (Warm-up)
Chain 4:                47.205 seconds (Sampling)
Chain 4:                78.271 seconds (Total)
Chain 4: 
Chain 1: Iteration: 12000 / 12000 [100%]  (Sampling)
Chain 1: 
Chain 1:  Elapsed Time: 31.004 seconds (Warm-up)
Chain 1:                48.852 seconds (Sampling)
Chain 1:                79.856 seconds (Total)
Chain 1: 
Done!
Fitting s10.json, 3/17

SAMPLING FOR MODEL 'anon_model' NOW (CHAIN 1).
Chain 1: 
Chain 1: Gradient evaluation took 0.000265 seconds

Chain 1SAMPLING:  FOR MODEL '1000 transitions using 10 leapfrog steps per transition would take 2.65 seconds.anon_model
' NOW (CHAIN Chain 1: 2Adjust your expectations accordingly!).

Chain 1: 
Chain 1: 
Chain 2: 
Chain 2: Gradient evaluation took 0.000225 seconds
Chain 2: 1000 transitions using 10 leapfrog steps per transition would take 2.25 seconds.
Chain 2: Adjust your expectations accordingly!
Chain 2: 
Chain 2: 

SAMPLING FOR MODEL 'anon_model' NOW (CHAIN 3).
Chain 1: Iteration:     1 / 12000 [  0%]  (Warmup)
Chain 3: 
Chain 3: Gradient evaluation took 0.000239 seconds
Chain 3: 1000 transitions using 10 leapfrog steps per transition would take 2.39 seconds.
Chain 3: Adjust your expectations accordingly!
Chain 3: 
Chain 3: 

SAMPLING FOR MODEL 'anon_model' NOW (CHAIN 4).
Chain 2: Iteration:     1 / 12000 [  0%]  (Warmup)
Chain 4: 
Chain 4: Gradient evaluation took 0.000223 seconds
Chain 4: 1000 transitions using 10 leapfrog steps per transition would take 2.23 seconds.
Chain 4: Adjust your expectations accordingly!
Chain 4: 
Chain 4: 
Chain 3: Iteration:     1 / 12000 [  0%]  (Warmup)
Chain 4: Iteration:     1 / 12000 [  0%]  (Warmup)
Chain 3: Iteration:  1200 / 12000 [ 10%]  (Warmup)
Chain 2: Iteration:  1200 / 12000 [ 10%]  (Warmup)
Chain 4: Iteration:  1200 / 12000 [ 10%]  (Warmup)
Chain 1: Iteration:  1200 / 12000 [ 10%]  (Warmup)
Chain 3: Iteration:  2400 / 12000 [ 20%]  (Warmup)
Chain 2: Iteration:  2400 / 12000 [ 20%]  (Warmup)
Chain 4: Iteration:  2400 / 12000 [ 20%]  (Warmup)
Chain 1: Iteration:  2400 / 12000 [ 20%]  (Warmup)
Chain 3: Iteration:  3600 / 12000 [ 30%]  (Warmup)
Chain 2: Iteration:  3600 / 12000 [ 30%]  (Warmup)
Chain 4: Iteration:  3600 / 12000 [ 30%]  (Warmup)
Chain 1: Iteration:  3600 / 12000 [ 30%]  (Warmup)
Chain 3: Iteration:  4800 / 12000 [ 40%]  (Warmup)
Chain 4: Iteration:  4800 / 12000 [ 40%]  (Warmup)
Chain 2: Iteration:  4800 / 12000 [ 40%]  (Warmup)
Chain 1: Iteration:  4800 / 12000 [ 40%]  (Warmup)
Chain 3: Iteration:  6000 / 12000 [ 50%]  (Warmup)
Chain 3: Iteration:  6001 / 12000 [ 50%]  (Sampling)
Chain 2: Iteration:  6000 / 12000 [ 50%]  (Warmup)
Chain 2: Iteration:  6001 / 12000 [ 50%]  (Sampling)
Chain 4: Iteration:  6000 / 12000 [ 50%]  (Warmup)
Chain 4: Iteration:  6001 / 12000 [ 50%]  (Sampling)
Chain 1: Iteration:  6000 / 12000 [ 50%]  (Warmup)
Chain 1: Iteration:  6001 / 12000 [ 50%]  (Sampling)
Chain 2: Iteration:  7200 / 12000 [ 60%]  (Sampling)
Chain 3: Iteration:  7200 / 12000 [ 60%]  (Sampling)
Chain 4: Iteration:  7200 / 12000 [ 60%]  (Sampling)
Chain 1: Iteration:  7200 / 12000 [ 60%]  (Sampling)
Chain 2: Iteration:  8400 / 12000 [ 70%]  (Sampling)
Chain 3: Iteration:  8400 / 12000 [ 70%]  (Sampling)
Chain 1: Iteration:  8400 / 12000 [ 70%]  (Sampling)
Chain 4: Iteration:  8400 / 12000 [ 70%]  (Sampling)
Chain 2: Iteration:  9600 / 12000 [ 80%]  (Sampling)
Chain 1: Iteration:  9600 / 12000 [ 80%]  (Sampling)
Chain 3: Iteration:  9600 / 12000 [ 80%]  (Sampling)
Chain 2: Iteration: 10800 / 12000 [ 90%]  (Sampling)
Chain 4: Iteration:  9600 / 12000 [ 80%]  (Sampling)
Chain 2: Iteration: 12000 / 12000 [100%]  (Sampling)
Chain 2: 
Chain 2:  Elapsed Time: 21.316 seconds (Warm-up)
Chain 2:                25.165 seconds (Sampling)
Chain 2:                46.481 seconds (Total)
Chain 2: 
Chain 1: Iteration: 10800 / 12000 [ 90%]  (Sampling)
Chain 3: Iteration: 10800 / 12000 [ 90%]  (Sampling)
Chain 4: Iteration: 10800 / 12000 [ 90%]  (Sampling)
Chain 1: Iteration: 12000 / 12000 [100%]  (Sampling)
Chain 1: 
Chain 1:  Elapsed Time: 22.424 seconds (Warm-up)
Chain 1:                30.353 seconds (Sampling)
Chain 1:                52.777 seconds (Total)
Chain 1: 
Chain 3: Iteration: 12000 / 12000 [100%]  (Sampling)
Chain 3: 
Chain 3:  Elapsed Time: 21.131 seconds (Warm-up)
Chain 3:                33.305 seconds (Sampling)
Chain 3:                54.436 seconds (Total)
Chain 3: 
Chain 4: Iteration: 12000 / 12000 [100%]  (Sampling)
Chain 4: 
Chain 4:  Elapsed Time: 21.524 seconds (Warm-up)
Chain 4:                33.359 seconds (Sampling)
Chain 4:                54.883 seconds (Total)
Chain 4: 
Done!
Fitting s11.json, 4/17

SAMPLING FOR MODEL 'anon_model' NOW (CHAIN 1).

SAMPLING FOR MODEL 'anon_model' NOW (CHAIN 2).
Chain 1: 
Chain 1: Gradient evaluation took 0.000247 seconds
Chain 1: 1000 transitions using 10 leapfrog steps per transition would take 2.47 seconds.
Chain 1: Adjust your expectations accordingly!
Chain 1: 
Chain 1: 
Chain 2: 
Chain 2: Gradient evaluation took 0.000284 seconds
Chain 2: 1000 transitions using 10 leapfrog steps per transition would take 2.84 seconds.
Chain 2: Adjust your expectations accordingly!
Chain 2: 
Chain 2: 

SAMPLING FOR MODEL 'anon_model' NOW (CHAIN 3).
Chain 1: Iteration:     1 / 12000 [  0%]  (Warmup)
Chain 3: 
Chain 3: Gradient evaluation took 0.000254 seconds
Chain 3: 1000 transitions using 10 leapfrog steps per transition would take 2.54 seconds.
Chain 3: Adjust your expectations accordingly!
Chain 3: 
Chain 3: 
Chain 2: Iteration:     1 / 12000 [  0%]  (Warmup)

SAMPLING FOR MODEL 'anon_model' NOW (CHAIN 4).
Chain Chain 34: : Iteration:     1 / 12000 [  0%]  (Warmup)

Chain 4: Gradient evaluation took 0.000236 seconds
Chain 4: 1000 transitions using 10 leapfrog steps per transition would take 2.36 seconds.
Chain 4: Adjust your expectations accordingly!
Chain 4: 
Chain 4: 
Chain 4: Iteration:     1 / 12000 [  0%]  (Warmup)
Chain 1: Iteration:  1200 / 12000 [ 10%]  (Warmup)
Chain 2: Iteration:  1200 / 12000 [ 10%]  (Warmup)
Chain 3: Iteration:  1200 / 12000 [ 10%]  (Warmup)
Chain 4: Iteration:  1200 / 12000 [ 10%]  (Warmup)
Chain 2: Iteration:  2400 / 12000 [ 20%]  (Warmup)
Chain 3: Iteration:  2400 / 12000 [ 20%]  (Warmup)
Chain 1: Iteration:  2400 / 12000 [ 20%]  (Warmup)
Chain 4: Iteration:  2400 / 12000 [ 20%]  (Warmup)
Chain 2: Iteration:  3600 / 12000 [ 30%]  (Warmup)
Chain 1: Iteration:  3600 / 12000 [ 30%]  (Warmup)
Chain 3: Iteration:  3600 / 12000 [ 30%]  (Warmup)
Chain 4: Iteration:  3600 / 12000 [ 30%]  (Warmup)
Chain 2: Iteration:  4800 / 12000 [ 40%]  (Warmup)
Chain 1: Iteration:  4800 / 12000 [ 40%]  (Warmup)
Chain 3: Iteration:  4800 / 12000 [ 40%]  (Warmup)
Chain 4: Iteration:  4800 / 12000 [ 40%]  (Warmup)
Chain 2: Iteration:  6000 / 12000 [ 50%]  (Warmup)
Chain 2: Iteration:  6001 / 12000 [ 50%]  (Sampling)
Chain 1: Iteration:  6000 / 12000 [ 50%]  (Warmup)
Chain 1: Iteration:  6001 / 12000 [ 50%]  (Sampling)
Chain 4: Iteration:  6000 / 12000 [ 50%]  (Warmup)
Chain 4: Iteration:  6001 / 12000 [ 50%]  (Sampling)
Chain 3: Iteration:  6000 / 12000 [ 50%]  (Warmup)
Chain 3: Iteration:  6001 / 12000 [ 50%]  (Sampling)
Chain 4: Iteration:  7200 / 12000 [ 60%]  (Sampling)
Chain 2: Iteration:  7200 / 12000 [ 60%]  (Sampling)
Chain 3: Iteration:  7200 / 12000 [ 60%]  (Sampling)
Chain 1: Iteration:  7200 / 12000 [ 60%]  (Sampling)
Chain 4: Iteration:  8400 / 12000 [ 70%]  (Sampling)
Chain 2: Iteration:  8400 / 12000 [ 70%]  (Sampling)
Chain 3: Iteration:  8400 / 12000 [ 70%]  (Sampling)
Chain 4: Iteration:  9600 / 12000 [ 80%]  (Sampling)
Chain 2: Iteration:  9600 / 12000 [ 80%]  (Sampling)
Chain 1: Iteration:  8400 / 12000 [ 70%]  (Sampling)
Chain 3: Iteration:  9600 / 12000 [ 80%]  (Sampling)
Chain 4: Iteration: 10800 / 12000 [ 90%]  (Sampling)
Chain 2: Iteration: 10800 / 12000 [ 90%]  (Sampling)
Chain 4: Iteration: 12000 / 12000 [100%]  (Sampling)
Chain 4: 
Chain 4:  Elapsed Time: 22.495 seconds (Warm-up)
Chain 4:                17.906 seconds (Sampling)
Chain 4:                40.401 seconds (Total)
Chain 4: 
Chain 3: Iteration: 10800 / 12000 [ 90%]  (Sampling)
Chain 1: Iteration:  9600 / 12000 [ 80%]  (Sampling)
Chain 2: Iteration: 12000 / 12000 [100%]  (Sampling)
Chain 2: 
Chain 2:  Elapsed Time: 21.711 seconds (Warm-up)
Chain 2:                22.428 seconds (Sampling)
Chain 2:                44.139 seconds (Total)
Chain 2: 
Chain 3: Iteration: 12000 / 12000 [100%]  (Sampling)
Chain 3: 
Chain 3:  Elapsed Time: 22.609 seconds (Warm-up)
Chain 3:                22.39 seconds (Sampling)
Chain 3:                44.999 seconds (Total)
Chain 3: 
Chain 1: Iteration: 10800 / 12000 [ 90%]  (Sampling)
Chain 1: Iteration: 12000 / 12000 [100%]  (Sampling)
Chain 1: 
Chain 1:  Elapsed Time: 22.254 seconds (Warm-up)
Chain 1:                33.294 seconds (Sampling)
Chain 1:                55.548 seconds (Total)
Chain 1: 
Done!
Fitting s12.json, 5/17

SAMPLING FOR MODEL 'anon_model' NOW (CHAIN 1).

SAMPLING FOR MODEL 'anon_model' NOW (CHAIN 2).
Chain 1: 
Chain 1: Gradient evaluation took 0.000238 seconds
Chain 1: 1000 transitions using 10 leapfrog steps per transition would take 2.38 seconds.
Chain 1: Adjust your expectations accordingly!
Chain 1: 
Chain 1: 
Chain 2: 
Chain 2: Gradient evaluation took 0.00022 seconds
Chain 2: 1000 transitions using 10 leapfrog steps per transition would take 2.2 seconds.
Chain 2: Adjust your expectations accordingly!
Chain 2: 
Chain 2: 

SAMPLING FOR MODEL 'anon_model' NOW (CHAIN 3).
Chain 3: 
Chain 3: Gradient evaluation took 0.000219 seconds
Chain 3: 1000 transitions using 10 leapfrog steps per transition would take 2.19 seconds.
Chain 3: Adjust your expectations accordingly!
Chain 3: 
Chain 3: 
Chain 1: Iteration:     1 / 12000 [  0%]  (Warmup)
Chain 2: Iteration:     1 / 12000 [  0%]  (Warmup)

SAMPLING FOR MODEL 'anon_model' NOW (CHAIN 4).
Chain 3: Iteration:     1 / 12000 [  0%]  (Warmup)
Chain 4: 
Chain 4: Gradient evaluation took 0.000229 seconds
Chain 4: 1000 transitions using 10 leapfrog steps per transition would take 2.29 seconds.
Chain 4: Adjust your expectations accordingly!
Chain 4: 
Chain 4: 
Chain 4: Iteration:     1 / 12000 [  0%]  (Warmup)
Chain 4: Iteration:  1200 / 12000 [ 10%]  (Warmup)
Chain 3: Iteration:  1200 / 12000 [ 10%]  (Warmup)
Chain 2: Iteration:  1200 / 12000 [ 10%]  (Warmup)
Chain 1: Iteration:  1200 / 12000 [ 10%]  (Warmup)
Chain 4: Iteration:  2400 / 12000 [ 20%]  (Warmup)
Chain 3: Iteration:  2400 / 12000 [ 20%]  (Warmup)
Chain 2: Iteration:  2400 / 12000 [ 20%]  (Warmup)
Chain 1: Iteration:  2400 / 12000 [ 20%]  (Warmup)
Chain 4: Iteration:  3600 / 12000 [ 30%]  (Warmup)
Chain 3: Iteration:  3600 / 12000 [ 30%]  (Warmup)
Chain 1: Iteration:  3600 / 12000 [ 30%]  (Warmup)
Chain 2: Iteration:  3600 / 12000 [ 30%]  (Warmup)
Chain 4: Iteration:  4800 / 12000 [ 40%]  (Warmup)
Chain 2: Iteration:  4800 / 12000 [ 40%]  (Warmup)
Chain 1: Iteration:  4800 / 12000 [ 40%]  (Warmup)
Chain 3: Iteration:  4800 / 12000 [ 40%]  (Warmup)
Chain 4: Iteration:  6000 / 12000 [ 50%]  (Warmup)
Chain 4: Iteration:  6001 / 12000 [ 50%]  (Sampling)
Chain 2: Iteration:  6000 / 12000 [ 50%]  (Warmup)
Chain 2: Iteration:  6001 / 12000 [ 50%]  (Sampling)
Chain 1: Iteration:  6000 / 12000 [ 50%]  (Warmup)
Chain 1: Iteration:  6001 / 12000 [ 50%]  (Sampling)
Chain 3: Iteration:  6000 / 12000 [ 50%]  (Warmup)
Chain 3: Iteration:  6001 / 12000 [ 50%]  (Sampling)
Chain 1: Iteration:  7200 / 12000 [ 60%]  (Sampling)
Chain 2: Iteration:  7200 / 12000 [ 60%]  (Sampling)
Chain 1: Iteration:  8400 / 12000 [ 70%]  (Sampling)
Chain 4: Iteration:  7200 / 12000 [ 60%]  (Sampling)
Chain 3: Iteration:  7200 / 12000 [ 60%]  (Sampling)
Chain 2: Iteration:  8400 / 12000 [ 70%]  (Sampling)
Chain 1: Iteration:  9600 / 12000 [ 80%]  (Sampling)
Chain 2: Iteration:  9600 / 12000 [ 80%]  (Sampling)
Chain 1: Iteration: 10800 / 12000 [ 90%]  (Sampling)
Chain 4: Iteration:  8400 / 12000 [ 70%]  (Sampling)
Chain 3: Iteration:  8400 / 12000 [ 70%]  (Sampling)
Chain 1: Iteration: 12000 / 12000 [100%]  (Sampling)
Chain 1: 
Chain 1:  Elapsed Time: 22.717 seconds (Warm-up)
Chain 1:                17.789 seconds (Sampling)
Chain 1:                40.506 seconds (Total)
Chain 1: 
Chain 2: Iteration: 10800 / 12000 [ 90%]  (Sampling)
Chain 4: Iteration:  9600 / 12000 [ 80%]  (Sampling)
Chain 2: Iteration: 12000 / 12000 [100%]  (Sampling)
Chain 2: 
Chain 2:  Elapsed Time: 22.701 seconds (Warm-up)
Chain 2:                22.307 seconds (Sampling)
Chain 2:                45.008 seconds (Total)
Chain 2: 
Chain 3: Iteration:  9600 / 12000 [ 80%]  (Sampling)
Chain 4: Iteration: 10800 / 12000 [ 90%]  (Sampling)
Chain 3: Iteration: 10800 / 12000 [ 90%]  (Sampling)
Chain 4: Iteration: 12000 / 12000 [100%]  (Sampling)
Chain 4: 
Chain 4:  Elapsed Time: 22.644 seconds (Warm-up)
Chain 4:                35.809 seconds (Sampling)
Chain 4:                58.453 seconds (Total)
Chain 4: 
Chain 3: Iteration: 12000 / 12000 [100%]  (Sampling)
Chain 3: 
Chain 3:  Elapsed Time: 23.164 seconds (Warm-up)
Chain 3:                36.308 seconds (Sampling)
Chain 3:                59.472 seconds (Total)
Chain 3: 
Done!
Fitting s13.json, 6/17

SAMPLING FOR MODEL 'anon_model' NOW (CHAIN 1).

SAMPLING FOR MODEL 'anon_model' NOW (CHAIN 2).
Chain 1: 
Chain 1: Gradient evaluation took 0.000255 seconds
Chain 1: 1000 transitions using 10 leapfrog steps per transition would take 2.55 seconds.
Chain 1: Adjust your expectations accordingly!
Chain 1: 
Chain 1: 
Chain 2: 
Chain 2: Gradient evaluation took 0.000224 seconds
Chain 2: 1000 transitions using 10 leapfrog steps per transition would take 2.24 seconds.
Chain 2: Adjust your expectations accordingly!
Chain 2: 
Chain 2: 

SAMPLING FOR MODEL 'anon_model' NOW (CHAIN 3).
Chain 3: 
Chain 3: Gradient evaluation took 0.000219 seconds
Chain 3: 1000 transitions using 10 leapfrog steps per transition would take 2.19 seconds.
Chain 3: Adjust your expectations accordingly!
Chain 3: 
Chain 3: 
Chain 1: Iteration:     1 / 12000 [  0%]  (Warmup)
Chain 2: Iteration:     1 / 12000 [  0%]  (Warmup)

SAMPLING FOR MODEL 'anon_model' NOW (CHAIN 4).
Chain 3: Iteration:     1 / 12000 [  0%]  (Warmup)
Chain 4: 
Chain 4: Gradient evaluation took 0.000213 seconds
Chain 4: 1000 transitions using 10 leapfrog steps per transition would take 2.13 seconds.
Chain 4: Adjust your expectations accordingly!
Chain 4: 
Chain 4: 
Chain 4: Iteration:     1 / 12000 [  0%]  (Warmup)
Chain 4: Iteration:  1200 / 12000 [ 10%]  (Warmup)
Chain 1: Iteration:  1200 / 12000 [ 10%]  (Warmup)
Chain 2: Iteration:  1200 / 12000 [ 10%]  (Warmup)
Chain 3: Iteration:  1200 / 12000 [ 10%]  (Warmup)
Chain 1: Iteration:  2400 / 12000 [ 20%]  (Warmup)
Chain 4: Iteration:  2400 / 12000 [ 20%]  (Warmup)
Chain 2: Iteration:  2400 / 12000 [ 20%]  (Warmup)
Chain 3: Iteration:  2400 / 12000 [ 20%]  (Warmup)
Chain 1: Iteration:  3600 / 12000 [ 30%]  (Warmup)
Chain 4: Iteration:  3600 / 12000 [ 30%]  (Warmup)
Chain 2: Iteration:  3600 / 12000 [ 30%]  (Warmup)
Chain 3: Iteration:  3600 / 12000 [ 30%]  (Warmup)
Chain 4: Iteration:  4800 / 12000 [ 40%]  (Warmup)
Chain 1: Iteration:  4800 / 12000 [ 40%]  (Warmup)
Chain 2: Iteration:  4800 / 12000 [ 40%]  (Warmup)
Chain 3: Iteration:  4800 / 12000 [ 40%]  (Warmup)
Chain 4: Iteration:  6000 / 12000 [ 50%]  (Warmup)
Chain 4: Iteration:  6001 / 12000 [ 50%]  (Sampling)
Chain 1: Iteration:  6000 / 12000 [ 50%]  (Warmup)
Chain 1: Iteration:  6001 / 12000 [ 50%]  (Sampling)
Chain 2: Iteration:  6000 / 12000 [ 50%]  (Warmup)
Chain 2: Iteration:  6001 / 12000 [ 50%]  (Sampling)
Chain 3: Iteration:  6000 / 12000 [ 50%]  (Warmup)
Chain 3: Iteration:  6001 / 12000 [ 50%]  (Sampling)
Chain 4: Iteration:  7200 / 12000 [ 60%]  (Sampling)
Chain 2: Iteration:  7200 / 12000 [ 60%]  (Sampling)
Chain 4: Iteration:  8400 / 12000 [ 70%]  (Sampling)
Chain 1: Iteration:  7200 / 12000 [ 60%]  (Sampling)
Chain 3: Iteration:  7200 / 12000 [ 60%]  (Sampling)
Chain 4: Iteration:  9600 / 12000 [ 80%]  (Sampling)
Chain 2: Iteration:  8400 / 12000 [ 70%]  (Sampling)
Chain 1: Iteration:  8400 / 12000 [ 70%]  (Sampling)
Chain 4: Iteration: 10800 / 12000 [ 90%]  (Sampling)
Chain 3: Iteration:  8400 / 12000 [ 70%]  (Sampling)
Chain 4: Iteration: 12000 / 12000 [100%]  (Sampling)
Chain 4: 
Chain 4:  Elapsed Time: 20.966 seconds (Warm-up)
Chain 4:                17.705 seconds (Sampling)
Chain 4:                38.671 seconds (Total)
Chain 4: 
Chain 2: Iteration:  9600 / 12000 [ 80%]  (Sampling)
Chain 1: Iteration:  9600 / 12000 [ 80%]  (Sampling)
Chain 3: Iteration:  9600 / 12000 [ 80%]  (Sampling)
Chain 2: Iteration: 10800 / 12000 [ 90%]  (Sampling)
Chain 1: Iteration: 10800 / 12000 [ 90%]  (Sampling)
Chain 3: Iteration: 10800 / 12000 [ 90%]  (Sampling)
Chain 2: Iteration: 12000 / 12000 [100%]  (Sampling)
Chain 2: 
Chain 2:  Elapsed Time: 21.527 seconds (Warm-up)
Chain 2:                30.341 seconds (Sampling)
Chain 2:                51.868 seconds (Total)
Chain 2: 
Chain 1: Iteration: 12000 / 12000 [100%]  (Sampling)
Chain 1: 
Chain 1:  Elapsed Time: 21.255 seconds (Warm-up)
Chain 1:                34.307 seconds (Sampling)
Chain 1:                55.562 seconds (Total)
Chain 1: 
Chain 3: Iteration: 12000 / 12000 [100%]  (Sampling)
Chain 3: 
Chain 3:  Elapsed Time: 22.828 seconds (Warm-up)
Chain 3:                35.68 seconds (Sampling)
Chain 3:                58.508 seconds (Total)
Chain 3: 
Done!
Fitting s14.json, 7/17

SAMPLING FOR MODEL 'anon_model' NOW (CHAIN 1).

SAMPLING FOR MODEL 'anon_model' NOW (CHAIN 2).
Chain 1: 
Chain 1: Gradient evaluation took 0.000237 seconds
Chain 1: 1000 transitions using 10 leapfrog steps per transition would take 2.37 seconds.
Chain 1: Adjust your expectations accordingly!
Chain 1: 
Chain 1: 

SAMPLING FOR MODEL 'anon_model' NOW (CHAIN 3).
Chain 2: 
Chain 2: Gradient evaluation took 0.000225 seconds
Chain 2: 1000 transitions using 10 leapfrog steps per transition would take 2.25 seconds.
Chain 2: Adjust your expectations accordingly!
Chain 2: 
Chain 2: 
Chain 3: 
Chain 3: Gradient evaluation took 0.000224 seconds
Chain 3: 1000 transitions using 10 leapfrog steps per transition would take 2.24 seconds.
Chain 3: Adjust your expectations accordingly!
Chain 3: 
Chain 3: 
Chain 1: Iteration:     1 / 12000 [  0%]  (Warmup)
Chain 2: Iteration:     1 / 12000 [  0%]  (Warmup)

SAMPLING FOR MODEL 'anon_model' NOW (CHAIN 4).
Chain 3: Iteration:     1 / 12000 [  0%]  (Warmup)
Chain 4: 
Chain 4: Gradient evaluation took 0.000206 seconds
Chain 4: 1000 transitions using 10 leapfrog steps per transition would take 2.06 seconds.
Chain 4: Adjust your expectations accordingly!
Chain 4: 
Chain 4: 
Chain 4: Iteration:     1 / 12000 [  0%]  (Warmup)
Chain 2: Iteration:  1200 / 12000 [ 10%]  (Warmup)
Chain 1: Iteration:  1200 / 12000 [ 10%]  (Warmup)
Chain 3: Iteration:  1200 / 12000 [ 10%]  (Warmup)
Chain 4: Iteration:  1200 / 12000 [ 10%]  (Warmup)
Chain 2: Iteration:  2400 / 12000 [ 20%]  (Warmup)
Chain 1: Iteration:  2400 / 12000 [ 20%]  (Warmup)
Chain 3: Iteration:  2400 / 12000 [ 20%]  (Warmup)
Chain 4: Iteration:  2400 / 12000 [ 20%]  (Warmup)
Chain 2: Iteration:  3600 / 12000 [ 30%]  (Warmup)
Chain 1: Iteration:  3600 / 12000 [ 30%]  (Warmup)
Chain 4: Iteration:  3600 / 12000 [ 30%]  (Warmup)
Chain 3: Iteration:  3600 / 12000 [ 30%]  (Warmup)
Chain 1: Iteration:  4800 / 12000 [ 40%]  (Warmup)
Chain 2: Iteration:  4800 / 12000 [ 40%]  (Warmup)
Chain 4: Iteration:  4800 / 12000 [ 40%]  (Warmup)
Chain 3: Iteration:  4800 / 12000 [ 40%]  (Warmup)
Chain 4: Iteration:  6000 / 12000 [ 50%]  (Warmup)
Chain 4: Iteration:  6001 / 12000 [ 50%]  (Sampling)
Chain 2: Iteration:  6000 / 12000 [ 50%]  (Warmup)
Chain 2: Iteration:  6001 / 12000 [ 50%]  (Sampling)
Chain 1: Iteration:  6000 / 12000 [ 50%]  (Warmup)
Chain 1: Iteration:  6001 / 12000 [ 50%]  (Sampling)
Chain 3: Iteration:  6000 / 12000 [ 50%]  (Warmup)
Chain 3: Iteration:  6001 / 12000 [ 50%]  (Sampling)
Chain 2: Iteration:  7200 / 12000 [ 60%]  (Sampling)
Chain 4: Iteration:  7200 / 12000 [ 60%]  (Sampling)
Chain 3: Iteration:  7200 / 12000 [ 60%]  (Sampling)
Chain 1: Iteration:  7200 / 12000 [ 60%]  (Sampling)
Chain 2: Iteration:  8400 / 12000 [ 70%]  (Sampling)
Chain 4: Iteration:  8400 / 12000 [ 70%]  (Sampling)
Chain 3: Iteration:  8400 / 12000 [ 70%]  (Sampling)
Chain 1: Iteration:  8400 / 12000 [ 70%]  (Sampling)
Chain 2: Iteration:  9600 / 12000 [ 80%]  (Sampling)
Chain 4: Iteration:  9600 / 12000 [ 80%]  (Sampling)
Chain 3: Iteration:  9600 / 12000 [ 80%]  (Sampling)
Chain 1: Iteration:  9600 / 12000 [ 80%]  (Sampling)
Chain 2: Iteration: 10800 / 12000 [ 90%]  (Sampling)
Chain 4: Iteration: 10800 / 12000 [ 90%]  (Sampling)
Chain 2: Iteration: 12000 / 12000 [100%]  (Sampling)
Chain 2: 
Chain 2:  Elapsed Time: 27.819 seconds (Warm-up)
Chain 2:                35.459 seconds (Sampling)
Chain 2:                63.278 seconds (Total)
Chain 2: 
Chain 3: Iteration: 10800 / 12000 [ 90%]  (Sampling)
Chain 1: Iteration: 10800 / 12000 [ 90%]  (Sampling)
Chain 4: Iteration: 12000 / 12000 [100%]  (Sampling)
Chain 4: 
Chain 4:  Elapsed Time: 27.651 seconds (Warm-up)
Chain 4:                40.86 seconds (Sampling)
Chain 4:                68.511 seconds (Total)
Chain 4: 
Chain 3: Iteration: 12000 / 12000 [100%]  (Sampling)
Chain 3: 
Chain 3:  Elapsed Time: 28.076 seconds (Warm-up)
Chain 3:                44.515 seconds (Sampling)
Chain 3:                72.591 seconds (Total)
Chain 3: 
Chain 1: Iteration: 12000 / 12000 [100%]  (Sampling)
Chain 1: 
Chain 1:  Elapsed Time: 27.867 seconds (Warm-up)
Chain 1:                46.198 seconds (Sampling)
Chain 1:                74.065 seconds (Total)
Chain 1: 
Done!
Fitting s15.json, 8/17

SAMPLING FOR MODEL 'anon_model' NOW (CHAIN 1).

SAMPLING FOR MODEL 'anon_model' NOW (CHAIN 2).

SAMPLING FOR MODEL 'anon_model' NOW (CHAIN 3).

SAMPLING FOR MODEL 'anon_model' NOW (CHAIN 4).
Chain 2: 
Chain 2: Gradient evaluation took 0.000254 seconds
Chain 2: 1000 transitions using 10 leapfrog steps per transition would take 2.54 seconds.
Chain 2: Adjust your expectations accordingly!
Chain 2: 
Chain 2: 
Chain 3: 
Chain 3: Gradient evaluation took 0.000229 seconds
Chain 3: 1000 transitions using 10 leapfrog steps per transition would take 2.29 seconds.
Chain 3: Adjust your expectations accordingly!
Chain 3: 
Chain 3: 
Chain 1: 
Chain 1: Gradient evaluation took 0.000227 seconds
Chain 1: 1000 transitions using 10 leapfrog steps per transition would take 2.27 seconds.
Chain 1: Adjust your expectations accordingly!
Chain 1: 
Chain 1: 
Chain 2: Iteration:     1 / 12000 [  0%]  (Warmup)
Chain 3: Iteration:     1 / 12000 [  0%]  (Warmup)
Chain 1: Iteration:     1 / 12000 [  0%]  (Warmup)
Chain 4: 
Chain 4: Gradient evaluation took 0.000209 seconds
Chain 4: 1000 transitions using 10 leapfrog steps per transition would take 2.09 seconds.
Chain 4: Adjust your expectations accordingly!
Chain 4: 
Chain 4: 
Chain 4: Iteration:     1 / 12000 [  0%]  (Warmup)
Chain 3: Iteration:  1200 / 12000 [ 10%]  (Warmup)
Chain 2: Iteration:  1200 / 12000 [ 10%]  (Warmup)
Chain 4: Iteration:  1200 / 12000 [ 10%]  (Warmup)
Chain 1: Iteration:  1200 / 12000 [ 10%]  (Warmup)
Chain 3: Iteration:  2400 / 12000 [ 20%]  (Warmup)
Chain 2: Iteration:  2400 / 12000 [ 20%]  (Warmup)
Chain 4: Iteration:  2400 / 12000 [ 20%]  (Warmup)
Chain 1: Iteration:  2400 / 12000 [ 20%]  (Warmup)
Chain 3: Iteration:  3600 / 12000 [ 30%]  (Warmup)
Chain 2: Iteration:  3600 / 12000 [ 30%]  (Warmup)
Chain 4: Iteration:  3600 / 12000 [ 30%]  (Warmup)
Chain 1: Iteration:  3600 / 12000 [ 30%]  (Warmup)
Chain 3: Iteration:  4800 / 12000 [ 40%]  (Warmup)
Chain 2: Iteration:  4800 / 12000 [ 40%]  (Warmup)
Chain 1: Iteration:  4800 / 12000 [ 40%]  (Warmup)
Chain 4: Iteration:  4800 / 12000 [ 40%]  (Warmup)
Chain 3: Iteration:  6000 / 12000 [ 50%]  (Warmup)
Chain 3: Iteration:  6001 / 12000 [ 50%]  (Sampling)
Chain 2: Iteration:  6000 / 12000 [ 50%]  (Warmup)
Chain 2: Iteration:  6001 / 12000 [ 50%]  (Sampling)
Chain 4: Iteration:  6000 / 12000 [ 50%]  (Warmup)
Chain 4: Iteration:  6001 / 12000 [ 50%]  (Sampling)
Chain 1: Iteration:  6000 / 12000 [ 50%]  (Warmup)
Chain 1: Iteration:  6001 / 12000 [ 50%]  (Sampling)
Chain 3: Iteration:  7200 / 12000 [ 60%]  (Sampling)
Chain 4: Iteration:  7200 / 12000 [ 60%]  (Sampling)
Chain 3: Iteration:  8400 / 12000 [ 70%]  (Sampling)
Chain 2: Iteration:  7200 / 12000 [ 60%]  (Sampling)
Chain 1: Iteration:  7200 / 12000 [ 60%]  (Sampling)
Chain 4: Iteration:  8400 / 12000 [ 70%]  (Sampling)
Chain 3: Iteration:  9600 / 12000 [ 80%]  (Sampling)
Chain 4: Iteration:  9600 / 12000 [ 80%]  (Sampling)
Chain 2: Iteration:  8400 / 12000 [ 70%]  (Sampling)
Chain 3: Iteration: 10800 / 12000 [ 90%]  (Sampling)
Chain 1: Iteration:  8400 / 12000 [ 70%]  (Sampling)
Chain 4: Iteration: 10800 / 12000 [ 90%]  (Sampling)
Chain 3: Iteration: 12000 / 12000 [100%]  (Sampling)
Chain 3: 
Chain 3:  Elapsed Time: 20.303 seconds (Warm-up)
Chain 3:                17.18 seconds (Sampling)
Chain 3:                37.483 seconds (Total)
Chain 3: 
Chain 4: Iteration: 12000 / 12000 [100%]  (Sampling)
Chain 4: 
Chain 4:  Elapsed Time: 21.621 seconds (Warm-up)
Chain 4:                16.912 seconds (Sampling)
Chain 4:                38.533 seconds (Total)
Chain 4: 
Chain 2: Iteration:  9600 / 12000 [ 80%]  (Sampling)
Chain 1: Iteration:  9600 / 12000 [ 80%]  (Sampling)
Chain 2: Iteration: 10800 / 12000 [ 90%]  (Sampling)
Chain 1: Iteration: 10800 / 12000 [ 90%]  (Sampling)
Chain 2: Iteration: 12000 / 12000 [100%]  (Sampling)
Chain 2: 
Chain 2:  Elapsed Time: 21.499 seconds (Warm-up)
Chain 2:                29.526 seconds (Sampling)
Chain 2:                51.025 seconds (Total)
Chain 2: 
Chain 1: Iteration: 12000 / 12000 [100%]  (Sampling)
Chain 1: 
Chain 1:  Elapsed Time: 21.679 seconds (Warm-up)
Chain 1:                32.24 seconds (Sampling)
Chain 1:                53.919 seconds (Total)
Chain 1: 
Done!
Fitting s16.json, 9/17

SAMPLING FOR MODEL 'anon_model' NOW (CHAIN 1).

SAMPLING FOR MODEL 'anon_model' NOW (CHAIN 2).
Chain 1: 
Chain 1: Gradient evaluation took 0.00025 seconds
Chain 1: 1000 transitions using 10 leapfrog steps per transition would take 2.5 seconds.
Chain 1: Adjust your expectations accordingly!
Chain 1: 
Chain 1: 
Chain 2: 
Chain 2: Gradient evaluation took 0.000224 seconds
Chain 2: 1000 transitions using 10 leapfrog steps per transition would take 2.24 seconds.
Chain 2: Adjust your expectations accordingly!
Chain 2: 
Chain 2: 

SAMPLING FOR MODEL 'anon_model' NOW (CHAIN 3).
Chain 3: 
Chain 3: Gradient evaluation took 0.00022 seconds
Chain 3: 1000 transitions using 10 leapfrog steps per transition would take 2.2 seconds.
Chain 3: Adjust your expectations accordingly!
Chain 3: 
Chain 3: 
Chain 1: Iteration:     1 / 12000 [  0%]  (Warmup)

SAMPLING FOR MODEL 'anon_model' NOW (CHAIN 4).
Chain 2: Iteration:     1 / 12000 [  0%]  (Warmup)
Chain 4: 
Chain 4: Gradient evaluation took 0.000224 seconds
Chain 4: 1000 transitions using 10 leapfrog steps per transition would take 2.24 seconds.
Chain 4: Adjust your expectations accordingly!
Chain 4: 
Chain 4: 
Chain 3: Iteration:     1 / 12000 [  0%]  (Warmup)
Chain 4: Iteration:     1 / 12000 [  0%]  (Warmup)
Chain 2: Iteration:  1200 / 12000 [ 10%]  (Warmup)
Chain 1: Iteration:  1200 / 12000 [ 10%]  (Warmup)
Chain 4: Iteration:  1200 / 12000 [ 10%]  (Warmup)
Chain 3: Iteration:  1200 / 12000 [ 10%]  (Warmup)
Chain 2: Iteration:  2400 / 12000 [ 20%]  (Warmup)
Chain 1: Iteration:  2400 / 12000 [ 20%]  (Warmup)
Chain 4: Iteration:  2400 / 12000 [ 20%]  (Warmup)
Chain 3: Iteration:  2400 / 12000 [ 20%]  (Warmup)
Chain 2: Iteration:  3600 / 12000 [ 30%]  (Warmup)
Chain 1: Iteration:  3600 / 12000 [ 30%]  (Warmup)
Chain 4: Iteration:  3600 / 12000 [ 30%]  (Warmup)
Chain 3: Iteration:  3600 / 12000 [ 30%]  (Warmup)
Chain 2: Iteration:  4800 / 12000 [ 40%]  (Warmup)
Chain 1: Iteration:  4800 / 12000 [ 40%]  (Warmup)
Chain 4: Iteration:  4800 / 12000 [ 40%]  (Warmup)
Chain 3: Iteration:  4800 / 12000 [ 40%]  (Warmup)
Chain 2: Iteration:  6000 / 12000 [ 50%]  (Warmup)
Chain 2: Iteration:  6001 / 12000 [ 50%]  (Sampling)
Chain 1: Iteration:  6000 / 12000 [ 50%]  (Warmup)
Chain 1: Iteration:  6001 / 12000 [ 50%]  (Sampling)
Chain 4: Iteration:  6000 / 12000 [ 50%]  (Warmup)
Chain 4: Iteration:  6001 / 12000 [ 50%]  (Sampling)
Chain 3: Iteration:  6000 / 12000 [ 50%]  (Warmup)
Chain 3: Iteration:  6001 / 12000 [ 50%]  (Sampling)
Chain 3: Iteration:  7200 / 12000 [ 60%]  (Sampling)
Chain 1: Iteration:  7200 / 12000 [ 60%]  (Sampling)
Chain 2: Iteration:  7200 / 12000 [ 60%]  (Sampling)
Chain 4: Iteration:  7200 / 12000 [ 60%]  (Sampling)
Chain 3: Iteration:  8400 / 12000 [ 70%]  (Sampling)
Chain 1: Iteration:  8400 / 12000 [ 70%]  (Sampling)
Chain 3: Iteration:  9600 / 12000 [ 80%]  (Sampling)
Chain 2: Iteration:  8400 / 12000 [ 70%]  (Sampling)
Chain 4: Iteration:  8400 / 12000 [ 70%]  (Sampling)
Chain 3: Iteration: 10800 / 12000 [ 90%]  (Sampling)
Chain 1: Iteration:  9600 / 12000 [ 80%]  (Sampling)
Chain 2: Iteration:  9600 / 12000 [ 80%]  (Sampling)
Chain 3: Iteration: 12000 / 12000 [100%]  (Sampling)
Chain 3: 
Chain 3:  Elapsed Time: 30.992 seconds (Warm-up)
Chain 3:                28.337 seconds (Sampling)
Chain 3:                59.329 seconds (Total)
Chain 3: 
Chain 4: Iteration:  9600 / 12000 [ 80%]  (Sampling)
Chain 1: Iteration: 10800 / 12000 [ 90%]  (Sampling)
Chain 2: Iteration: 10800 / 12000 [ 90%]  (Sampling)
Chain 1: Iteration: 12000 / 12000 [100%]  (Sampling)
Chain 1: 
Chain 1:  Elapsed Time: 30.14 seconds (Warm-up)
Chain 1:                41.696 seconds (Sampling)
Chain 1:                71.836 seconds (Total)
Chain 1: 
Chain 4: Iteration: 10800 / 12000 [ 90%]  (Sampling)
Chain 2: Iteration: 12000 / 12000 [100%]  (Sampling)
Chain 2: 
Chain 2:  Elapsed Time: 29.699 seconds (Warm-up)
Chain 2:                48.246 seconds (Sampling)
Chain 2:                77.945 seconds (Total)
Chain 2: 
Chain 4: Iteration: 12000 / 12000 [100%]  (Sampling)
Chain 4: 
Chain 4:  Elapsed Time: 30.948 seconds (Warm-up)
Chain 4:                50.845 seconds (Sampling)
Chain 4:                81.793 seconds (Total)
Chain 4: 
Done!
Fitting s2.json, 10/17

SAMPLING FOR MODEL 'anon_model' NOW (CHAIN 1).

SAMPLING FOR MODEL 'anon_model' NOW (CHAIN 2).
Chain 1: 
Chain 1: Gradient evaluation took 0.000239 seconds
Chain 1: 1000 transitions using 10 leapfrog steps per transition would take 2.39 seconds.
Chain 1: Adjust your expectations accordingly!
Chain 1: 
Chain 1: 
Chain 2: 
Chain 2: Gradient evaluation took 0.000271 seconds
Chain 2: 1000 transitions using 10 leapfrog steps per transition would take 2.71 seconds.
Chain 2: Adjust your expectations accordingly!
Chain 2: 
Chain 2: 

SAMPLING FOR MODEL 'anon_model' NOW (CHAIN 3).
Chain 3: 
Chain 3: Gradient evaluation took 0.000216 seconds
Chain 3: 1000 transitions using 10 leapfrog steps per transition would take 2.16 seconds.
Chain 3: Adjust your expectations accordingly!
Chain 3: 
Chain 3: 

SAMPLING FOR MODEL 'anon_model' NOW (CHAIN 4).
Chain 4: 
Chain 4: Gradient evaluation took 0.000212 seconds
Chain 4: 1000 transitions using 10 leapfrog steps per transition would take 2.12 seconds.
Chain 4: Adjust your expectations accordingly!
Chain 4: 
Chain 4: 
Chain 1: Iteration:     1 / 12000 [  0%]  (Warmup)
Chain 2: Iteration:     1 / 12000 [  0%]  (Warmup)
Chain 3: Iteration:     1 / 12000 [  0%]  (Warmup)
Chain 4: Iteration:     1 / 12000 [  0%]  (Warmup)
Chain 4: Iteration:  1200 / 12000 [ 10%]  (Warmup)
Chain 1: Iteration:  1200 / 12000 [ 10%]  (Warmup)
Chain 2: Iteration:  1200 / 12000 [ 10%]  (Warmup)
Chain 3: Iteration:  1200 / 12000 [ 10%]  (Warmup)
Chain 4: Iteration:  2400 / 12000 [ 20%]  (Warmup)
Chain 1: Iteration:  2400 / 12000 [ 20%]  (Warmup)
Chain 2: Iteration:  2400 / 12000 [ 20%]  (Warmup)
Chain 3: Iteration:  2400 / 12000 [ 20%]  (Warmup)
Chain 1: Iteration:  3600 / 12000 [ 30%]  (Warmup)
Chain 4: Iteration:  3600 / 12000 [ 30%]  (Warmup)
Chain 2: Iteration:  3600 / 12000 [ 30%]  (Warmup)
Chain 3: Iteration:  3600 / 12000 [ 30%]  (Warmup)
Chain 1: Iteration:  4800 / 12000 [ 40%]  (Warmup)
Chain 4: Iteration:  4800 / 12000 [ 40%]  (Warmup)
Chain 2: Iteration:  4800 / 12000 [ 40%]  (Warmup)
Chain 3: Iteration:  4800 / 12000 [ 40%]  (Warmup)
Chain 1: Iteration:  6000 / 12000 [ 50%]  (Warmup)
Chain 1: Iteration:  6001 / 12000 [ 50%]  (Sampling)
Chain 4: Iteration:  6000 / 12000 [ 50%]  (Warmup)
Chain 4: Iteration:  6001 / 12000 [ 50%]  (Sampling)
Chain 2: Iteration:  6000 / 12000 [ 50%]  (Warmup)
Chain 2: Iteration:  6001 / 12000 [ 50%]  (Sampling)
Chain 3: Iteration:  6000 / 12000 [ 50%]  (Warmup)
Chain 3: Iteration:  6001 / 12000 [ 50%]  (Sampling)
Chain 1: Iteration:  7200 / 12000 [ 60%]  (Sampling)
Chain 4: Iteration:  7200 / 12000 [ 60%]  (Sampling)
Chain 3: Iteration:  7200 / 12000 [ 60%]  (Sampling)
Chain 2: Iteration:  7200 / 12000 [ 60%]  (Sampling)
Chain 1: Iteration:  8400 / 12000 [ 70%]  (Sampling)
Chain 3: Iteration:  8400 / 12000 [ 70%]  (Sampling)
Chain 4: Iteration:  8400 / 12000 [ 70%]  (Sampling)
Chain 2: Iteration:  8400 / 12000 [ 70%]  (Sampling)
Chain 1: Iteration:  9600 / 12000 [ 80%]  (Sampling)
Chain 3: Iteration:  9600 / 12000 [ 80%]  (Sampling)
Chain 1: Iteration: 10800 / 12000 [ 90%]  (Sampling)
Chain 4: Iteration:  9600 / 12000 [ 80%]  (Sampling)
Chain 2: Iteration:  9600 / 12000 [ 80%]  (Sampling)
Chain 3: Iteration: 10800 / 12000 [ 90%]  (Sampling)
Chain 1: Iteration: 12000 / 12000 [100%]  (Sampling)
Chain 1: 
Chain 1:  Elapsed Time: 18.594 seconds (Warm-up)
Chain 1:                14.995 seconds (Sampling)
Chain 1:                33.589 seconds (Total)
Chain 1: 
Chain 2: Iteration: 10800 / 12000 [ 90%]  (Sampling)
Chain 4: Iteration: 10800 / 12000 [ 90%]  (Sampling)
Chain 3: Iteration: 12000 / 12000 [100%]  (Sampling)
Chain 3: 
Chain 3:  Elapsed Time: 19.481 seconds (Warm-up)
Chain 3:                16.997 seconds (Sampling)
Chain 3:                36.478 seconds (Total)
Chain 3: 
Chain 2: Iteration: 12000 / 12000 [100%]  (Sampling)
Chain 2: 
Chain 2:  Elapsed Time: 18.938 seconds (Warm-up)
Chain 2:                19.843 seconds (Sampling)
Chain 2:                38.781 seconds (Total)
Chain 2: 
Chain 4: Iteration: 12000 / 12000 [100%]  (Sampling)
Chain 4: 
Chain 4:  Elapsed Time: 18.697 seconds (Warm-up)
Chain 4:                20.223 seconds (Sampling)
Chain 4:                38.92 seconds (Total)
Chain 4: 
Done!
Fitting s3.json, 11/17

SAMPLING FOR MODEL 'anon_model' NOW (CHAIN 1).
Chain 1: 
Chain 1: Gradient evaluation took 0.000242 seconds
Chain 1: 1000 transitions using 10 leapfrog steps per transition would take 2.42 seconds.
Chain 1: Adjust your expectations accordingly!
Chain 1: 
Chain 1: 

SAMPLING FOR MODEL 'anon_model' NOW (CHAIN 2).
Chain 2: 
Chain 2: Gradient evaluation took 0.000221 seconds
Chain 2: 1000 transitions using 10 leapfrog steps per transition would take 2.21 seconds.
Chain 2: Adjust your expectations accordingly!
Chain 2: 
Chain 2: 
Chain 1: Iteration:     1 / 12000 [  0%]  (Warmup)
Chain 2: Iteration:     1 / 12000 [  0%]  (Warmup)

SAMPLING FOR MODEL 'anon_model' NOW (CHAIN 3).
Chain 3: 
Chain 3: Gradient evaluation took 0.000241 seconds
Chain 3: 1000 transitions using 10 leapfrog steps per transition would take 2.41 seconds.
Chain 3: Adjust your expectations accordingly!
Chain 3: 
Chain 3: 

SAMPLING FOR MODEL 'anon_model' NOW (CHAIN 4).
Chain 4: 
Chain 4: Gradient evaluation took 0.000213 seconds
Chain 4: 1000 transitions using 10 leapfrog steps per transition would take 2.13 seconds.
Chain 4: Adjust your expectations accordingly!
Chain 4: 
Chain 4: 
Chain 3: Iteration:     1 / 12000 [  0%]  (Warmup)
Chain 4: Iteration:     1 / 12000 [  0%]  (Warmup)
Chain 4: Iteration:  1200 / 12000 [ 10%]  (Warmup)
Chain 1: Iteration:  1200 / 12000 [ 10%]  (Warmup)
Chain 2: Iteration:  1200 / 12000 [ 10%]  (Warmup)
Chain 3: Iteration:  1200 / 12000 [ 10%]  (Warmup)
Chain 4: Iteration:  2400 / 12000 [ 20%]  (Warmup)
Chain 1: Iteration:  2400 / 12000 [ 20%]  (Warmup)
Chain 2: Iteration:  2400 / 12000 [ 20%]  (Warmup)
Chain 3: Iteration:  2400 / 12000 [ 20%]  (Warmup)
Chain 4: Iteration:  3600 / 12000 [ 30%]  (Warmup)
Chain 1: Iteration:  3600 / 12000 [ 30%]  (Warmup)
Chain 3: Iteration:  3600 / 12000 [ 30%]  (Warmup)
Chain 2: Iteration:  3600 / 12000 [ 30%]  (Warmup)
Chain 4: Iteration:  4800 / 12000 [ 40%]  (Warmup)
Chain 3: Iteration:  4800 / 12000 [ 40%]  (Warmup)
Chain 1: Iteration:  4800 / 12000 [ 40%]  (Warmup)
Chain 2: Iteration:  4800 / 12000 [ 40%]  (Warmup)
Chain 4: Iteration:  6000 / 12000 [ 50%]  (Warmup)
Chain 4: Iteration:  6001 / 12000 [ 50%]  (Sampling)
Chain 1: Iteration:  6000 / 12000 [ 50%]  (Warmup)
Chain 1: Iteration:  6001 / 12000 [ 50%]  (Sampling)
Chain 3: Iteration:  6000 / 12000 [ 50%]  (Warmup)
Chain 3: Iteration:  6001 / 12000 [ 50%]  (Sampling)
Chain 2: Iteration:  6000 / 12000 [ 50%]  (Warmup)
Chain 2: Iteration:  6001 / 12000 [ 50%]  (Sampling)
Chain 4: Iteration:  7200 / 12000 [ 60%]  (Sampling)
Chain 1: Iteration:  7200 / 12000 [ 60%]  (Sampling)
Chain 3: Iteration:  7200 / 12000 [ 60%]  (Sampling)
Chain 4: Iteration:  8400 / 12000 [ 70%]  (Sampling)
Chain 2: Iteration:  7200 / 12000 [ 60%]  (Sampling)
Chain 1: Iteration:  8400 / 12000 [ 70%]  (Sampling)
Chain 3: Iteration:  8400 / 12000 [ 70%]  (Sampling)
Chain 4: Iteration:  9600 / 12000 [ 80%]  (Sampling)
Chain 1: Iteration:  9600 / 12000 [ 80%]  (Sampling)
Chain 4: Iteration: 10800 / 12000 [ 90%]  (Sampling)
Chain 2: Iteration:  8400 / 12000 [ 70%]  (Sampling)
Chain 3: Iteration:  9600 / 12000 [ 80%]  (Sampling)
Chain 1: Iteration: 10800 / 12000 [ 90%]  (Sampling)
Chain 4: Iteration: 12000 / 12000 [100%]  (Sampling)
Chain 4: 
Chain 4:  Elapsed Time: 22.185 seconds (Warm-up)
Chain 4:                19.851 seconds (Sampling)
Chain 4:                42.036 seconds (Total)
Chain 4: 
Chain 1: Iteration: 12000 / 12000 [100%]  (Sampling)
Chain 1: 
Chain 1:  Elapsed Time: 22.608 seconds (Warm-up)
Chain 1:                20.715 seconds (Sampling)
Chain 1:                43.323 seconds (Total)
Chain 1: 
Chain 3: Iteration: 10800 / 12000 [ 90%]  (Sampling)
Chain 2: Iteration:  9600 / 12000 [ 80%]  (Sampling)
Chain 3: Iteration: 12000 / 12000 [100%]  (Sampling)
Chain 3: 
Chain 3:  Elapsed Time: 22.647 seconds (Warm-up)
Chain 3:                27.28 seconds (Sampling)
Chain 3:                49.927 seconds (Total)
Chain 3: 
Chain 2: Iteration: 10800 / 12000 [ 90%]  (Sampling)
Chain 2: Iteration: 12000 / 12000 [100%]  (Sampling)
Chain 2: 
Chain 2:  Elapsed Time: 23.183 seconds (Warm-up)
Chain 2:                38.313 seconds (Sampling)
Chain 2:                61.496 seconds (Total)
Chain 2: 
Done!
Fitting s4.json, 12/17

SAMPLING FOR MODEL 'anon_model' NOW (CHAIN 1).

SAMPLING FOR MODEL 'anon_model' NOW (CHAIN 2).
Chain 1: 
Chain 1: Gradient evaluation took 0.000239 seconds
Chain 1: 1000 transitions using 10 leapfrog steps per transition would take 2.39 seconds.
Chain 1: Adjust your expectations accordingly!
Chain 1: 
Chain 1: 
Chain 2: 
Chain 2: Gradient evaluation took 0.000226 seconds
Chain 2: 1000 transitions using 10 leapfrog steps per transition would take 2.26 seconds.
Chain 2: Adjust your expectations accordingly!
Chain 2: 
Chain 2: 

SAMPLING FOR MODEL 'anon_model' NOW (CHAIN 3).
Chain 1: Iteration:     1 / 12000 [  0%]  (Warmup)
Chain 2: Iteration:     1 / 12000 [  0%]  (Warmup)
Chain 3: 
Chain 3: Gradient evaluation took 0.00023 seconds
Chain 3: 1000 transitions using 10 leapfrog steps per transition would take 2.3 seconds.
Chain 3: Adjust your expectations accordingly!
Chain 3: 
Chain 3: 

SAMPLING FOR MODEL 'anon_model' NOW (CHAIN 4).
Chain 4: 
Chain 4: Gradient evaluation took 0.000212 seconds
Chain 4: 1000 transitions using 10 leapfrog steps per transition would take 2.12 seconds.
Chain 4: Adjust your expectations accordingly!
Chain 4: 
Chain 4: 
Chain 3: Iteration:     1 / 12000 [  0%]  (Warmup)
Chain 4: Iteration:     1 / 12000 [  0%]  (Warmup)
Chain 4: Iteration:  1200 / 12000 [ 10%]  (Warmup)
Chain 3: Iteration:  1200 / 12000 [ 10%]  (Warmup)
Chain 2: Iteration:  1200 / 12000 [ 10%]  (Warmup)
Chain 1: Iteration:  1200 / 12000 [ 10%]  (Warmup)
Chain 3: Iteration:  2400 / 12000 [ 20%]  (Warmup)
Chain 4: Iteration:  2400 / 12000 [ 20%]  (Warmup)
Chain 1: Iteration:  2400 / 12000 [ 20%]  (Warmup)
Chain 2: Iteration:  2400 / 12000 [ 20%]  (Warmup)
Chain 3: Iteration:  3600 / 12000 [ 30%]  (Warmup)
Chain 4: Iteration:  3600 / 12000 [ 30%]  (Warmup)
Chain 1: Iteration:  3600 / 12000 [ 30%]  (Warmup)
Chain 2: Iteration:  3600 / 12000 [ 30%]  (Warmup)
Chain 3: Iteration:  4800 / 12000 [ 40%]  (Warmup)
Chain 4: Iteration:  4800 / 12000 [ 40%]  (Warmup)
Chain 1: Iteration:  4800 / 12000 [ 40%]  (Warmup)
Chain 2: Iteration:  4800 / 12000 [ 40%]  (Warmup)
Chain 3: Iteration:  6000 / 12000 [ 50%]  (Warmup)
Chain 3: Iteration:  6001 / 12000 [ 50%]  (Sampling)
Chain 4: Iteration:  6000 / 12000 [ 50%]  (Warmup)
Chain 4: Iteration:  6001 / 12000 [ 50%]  (Sampling)
Chain 1: Iteration:  6000 / 12000 [ 50%]  (Warmup)
Chain 1: Iteration:  6001 / 12000 [ 50%]  (Sampling)
Chain 2: Iteration:  6000 / 12000 [ 50%]  (Warmup)
Chain 2: Iteration:  6001 / 12000 [ 50%]  (Sampling)
Chain 3: Iteration:  7200 / 12000 [ 60%]  (Sampling)
Chain 4: Iteration:  7200 / 12000 [ 60%]  (Sampling)
Chain 2: Iteration:  7200 / 12000 [ 60%]  (Sampling)
Chain 1: Iteration:  7200 / 12000 [ 60%]  (Sampling)
Chain 3: Iteration:  8400 / 12000 [ 70%]  (Sampling)
Chain 2: Iteration:  8400 / 12000 [ 70%]  (Sampling)
Chain 4: Iteration:  8400 / 12000 [ 70%]  (Sampling)
Chain 1: Iteration:  8400 / 12000 [ 70%]  (Sampling)
Chain 3: Iteration:  9600 / 12000 [ 80%]  (Sampling)
Chain 2: Iteration:  9600 / 12000 [ 80%]  (Sampling)
Chain 4: Iteration:  9600 / 12000 [ 80%]  (Sampling)
Chain 1: Iteration:  9600 / 12000 [ 80%]  (Sampling)
Chain 3: Iteration: 10800 / 12000 [ 90%]  (Sampling)
Chain 2: Iteration: 10800 / 12000 [ 90%]  (Sampling)
Chain 4: Iteration: 10800 / 12000 [ 90%]  (Sampling)
Chain 1: Iteration: 10800 / 12000 [ 90%]  (Sampling)
Chain 2: Iteration: 12000 / 12000 [100%]  (Sampling)
Chain 2: 
Chain 2:  Elapsed Time: 27.277 seconds (Warm-up)
Chain 2:                20.801 seconds (Sampling)
Chain 2:                48.078 seconds (Total)
Chain 2: 
Chain 3: Iteration: 12000 / 12000 [100%]  (Sampling)
Chain 3: 
Chain 3:  Elapsed Time: 25.568 seconds (Warm-up)
Chain 3:                22.697 seconds (Sampling)
Chain 3:                48.265 seconds (Total)
Chain 3: 
Chain 1: Iteration: 12000 / 12000 [100%]  (Sampling)
Chain 1: 
Chain 1:  Elapsed Time: 26.715 seconds (Warm-up)
Chain 1:                25.769 seconds (Sampling)
Chain 1:                52.484 seconds (Total)
Chain 1: 
Chain 4: Iteration: 12000 / 12000 [100%]  (Sampling)
Chain 4: 
Chain 4:  Elapsed Time: 25.616 seconds (Warm-up)
Chain 4:                27.069 seconds (Sampling)
Chain 4:                52.685 seconds (Total)
Chain 4: 
Done!
Fitting s5.json, 13/17

SAMPLING FOR MODEL 'anon_model' NOW (CHAIN 1).
Chain 1: 
Chain 1: Gradient evaluation took 0.000237 seconds
Chain 1: 1000 transitions using 10 leapfrog steps per transition would take 2.37 seconds.
Chain 1: Adjust your expectations accordingly!
Chain 1: 
Chain 1: 

SAMPLING FOR MODEL 'anon_model' NOW (CHAIN 2).
Chain 2: 
Chain 2: Gradient evaluation took 0.000223 seconds
Chain 2: 1000 transitions using 10 leapfrog steps per transition would take 2.23 seconds.
Chain 2: Adjust your expectations accordingly!
Chain 2: 
Chain 2: 

SAMPLING FOR MODEL 'anon_model' NOW (CHAIN 3).
Chain 1: Iteration:     1 / 12000 [  0%]  (Warmup)
Chain 3: 
Chain 3: Gradient evaluation took 0.000213 seconds

SAMPLINGChain 3: 1000 transitions using 10 leapfrog steps per transition would take 2.13 seconds.
Chain 3: Adjust your expectations accordingly!
Chain 3: 
Chain 3: 
 FOR MODEL 'anon_model' NOW (CHAIN 4).
Chain 2: Iteration:     1 / 12000 [  0%]  (Warmup)
Chain 4: 
Chain 4: Gradient evaluation took 0.000215 seconds
Chain 4: 1000 transitions using 10 leapfrog steps per transition would take 2.15 seconds.
Chain 4: Adjust your expectations accordingly!
Chain 4: 
Chain 4: 
Chain 3: Iteration:     1 / 12000 [  0%]  (Warmup)
Chain 4: Iteration:     1 / 12000 [  0%]  (Warmup)
Chain 4: Iteration:  1200 / 12000 [ 10%]  (Warmup)
Chain 2: Iteration:  1200 / 12000 [ 10%]  (Warmup)
Chain 3: Iteration:  1200 / 12000 [ 10%]  (Warmup)
Chain 1: Iteration:  1200 / 12000 [ 10%]  (Warmup)
Chain 4: Iteration:  2400 / 12000 [ 20%]  (Warmup)
Chain 2: Iteration:  2400 / 12000 [ 20%]  (Warmup)
Chain 1: Iteration:  2400 / 12000 [ 20%]  (Warmup)
Chain 3: Iteration:  2400 / 12000 [ 20%]  (Warmup)
Chain 4: Iteration:  3600 / 12000 [ 30%]  (Warmup)
Chain 2: Iteration:  3600 / 12000 [ 30%]  (Warmup)
Chain 1: Iteration:  3600 / 12000 [ 30%]  (Warmup)
Chain 3: Iteration:  3600 / 12000 [ 30%]  (Warmup)
Chain 4: Iteration:  4800 / 12000 [ 40%]  (Warmup)
Chain 2: Iteration:  4800 / 12000 [ 40%]  (Warmup)
Chain 1: Iteration:  4800 / 12000 [ 40%]  (Warmup)
Chain 3: Iteration:  4800 / 12000 [ 40%]  (Warmup)
Chain 2: Iteration:  6000 / 12000 [ 50%]  (Warmup)
Chain 2: Iteration:  6001 / 12000 [ 50%]  (Sampling)
Chain 4: Iteration:  6000 / 12000 [ 50%]  (Warmup)
Chain 4: Iteration:  6001 / 12000 [ 50%]  (Sampling)
Chain 1: Iteration:  6000 / 12000 [ 50%]  (Warmup)
Chain 1: Iteration:  6001 / 12000 [ 50%]  (Sampling)
Chain 3: Iteration:  6000 / 12000 [ 50%]  (Warmup)
Chain 3: Iteration:  6001 / 12000 [ 50%]  (Sampling)
Chain 1: Iteration:  7200 / 12000 [ 60%]  (Sampling)
Chain 2: Iteration:  7200 / 12000 [ 60%]  (Sampling)
Chain 3: Iteration:  7200 / 12000 [ 60%]  (Sampling)
Chain 4: Iteration:  7200 / 12000 [ 60%]  (Sampling)
Chain 1: Iteration:  8400 / 12000 [ 70%]  (Sampling)
Chain 2: Iteration:  8400 / 12000 [ 70%]  (Sampling)
Chain 1: Iteration:  9600 / 12000 [ 80%]  (Sampling)
Chain 2: Iteration:  9600 / 12000 [ 80%]  (Sampling)
Chain 3: Iteration:  8400 / 12000 [ 70%]  (Sampling)
Chain 4: Iteration:  8400 / 12000 [ 70%]  (Sampling)
Chain 1: Iteration: 10800 / 12000 [ 90%]  (Sampling)
Chain 2: Iteration: 10800 / 12000 [ 90%]  (Sampling)
Chain 3: Iteration:  9600 / 12000 [ 80%]  (Sampling)
Chain 1: Iteration: 12000 / 12000 [100%]  (Sampling)
Chain 1: 
Chain 1:  Elapsed Time: 33.524 seconds (Warm-up)
Chain 1:                27.011 seconds (Sampling)
Chain 1:                60.535 seconds (Total)
Chain 1: 
Chain 2: Iteration: 12000 / 12000 [100%]  (Sampling)
Chain 2: 
Chain 2:  Elapsed Time: 32.975 seconds (Warm-up)
Chain 2:                29.134 seconds (Sampling)
Chain 2:                62.109 seconds (Total)
Chain 2: 
Chain 4: Iteration:  9600 / 12000 [ 80%]  (Sampling)
Chain 3: Iteration: 10800 / 12000 [ 90%]  (Sampling)
Chain 4: Iteration: 10800 / 12000 [ 90%]  (Sampling)
Chain 3: Iteration: 12000 / 12000 [100%]  (Sampling)
Chain 3: 
Chain 3:  Elapsed Time: 33.848 seconds (Warm-up)
Chain 3:                42.073 seconds (Sampling)
Chain 3:                75.921 seconds (Total)
Chain 3: 
Chain 4: Iteration: 12000 / 12000 [100%]  (Sampling)
Chain 4: 
Chain 4:  Elapsed Time: 33.116 seconds (Warm-up)
Chain 4:                52.753 seconds (Sampling)
Chain 4:                85.869 seconds (Total)
Chain 4: 
Done!
Fitting s6.json, 14/17

SAMPLING FOR MODEL 'anon_model' NOW (CHAIN 1).
Chain 1: 
Chain 1: Gradient evaluation took 0.000237 seconds
Chain 1: 1000 transitions using 10 leapfrog steps per transition would take 2.37 seconds.
Chain 1: Adjust your expectations accordingly!
Chain 1: 
Chain 1: 
Chain 1: Iteration:     1 / 12000 [  0%]  (Warmup)

SAMPLING FOR MODEL 'anon_model' NOW (CHAIN 2).

SAMPLING FOR MODEL 'anon_model' NOW (CHAIN 3).
Chain 2: 
Chain 2: Gradient evaluation took 0.000235 seconds
Chain 2: 1000 transitions using 10 leapfrog steps per transition would take 2.35 seconds.
Chain 2: Adjust your expectations accordingly!
Chain 2: 
Chain 2: 
Chain 3: 
Chain 3: Gradient evaluation took 0.000225 seconds
Chain 3: 1000 transitions using 10 leapfrog steps per transition would take 2.25 seconds.
Chain 3: Adjust your expectations accordingly!
Chain 3: 
Chain 3: 
Chain 2: Iteration:     1 / 12000 [  0%]  (Warmup)
Chain 3: Iteration:     1 / 12000 [  0%]  (Warmup)

SAMPLING FOR MODEL 'anon_model' NOW (CHAIN 4).
Chain 4: 
Chain 4: Gradient evaluation took 0.000224 seconds
Chain 4: 1000 transitions using 10 leapfrog steps per transition would take 2.24 seconds.
Chain 4: Adjust your expectations accordingly!
Chain 4: 
Chain 4: 
Chain 4: Iteration:     1 / 12000 [  0%]  (Warmup)
Chain 1: Iteration:  1200 / 12000 [ 10%]  (Warmup)
Chain 2: Iteration:  1200 / 12000 [ 10%]  (Warmup)
Chain 4: Iteration:  1200 / 12000 [ 10%]  (Warmup)
Chain 3: Iteration:  1200 / 12000 [ 10%]  (Warmup)
Chain 2: Iteration:  2400 / 12000 [ 20%]  (Warmup)
Chain 1: Iteration:  2400 / 12000 [ 20%]  (Warmup)
Chain 4: Iteration:  2400 / 12000 [ 20%]  (Warmup)
Chain 3: Iteration:  2400 / 12000 [ 20%]  (Warmup)
Chain 1: Iteration:  3600 / 12000 [ 30%]  (Warmup)
Chain 2: Iteration:  3600 / 12000 [ 30%]  (Warmup)
Chain 4: Iteration:  3600 / 12000 [ 30%]  (Warmup)
Chain 3: Iteration:  3600 / 12000 [ 30%]  (Warmup)
Chain 2: Iteration:  4800 / 12000 [ 40%]  (Warmup)
Chain 1: Iteration:  4800 / 12000 [ 40%]  (Warmup)
Chain 4: Iteration:  4800 / 12000 [ 40%]  (Warmup)
Chain 3: Iteration:  4800 / 12000 [ 40%]  (Warmup)
Chain 1: Iteration:  6000 / 12000 [ 50%]  (Warmup)
Chain 1: Iteration:  6001 / 12000 [ 50%]  (Sampling)
Chain 2: Iteration:  6000 / 12000 [ 50%]  (Warmup)
Chain 2: Iteration:  6001 / 12000 [ 50%]  (Sampling)
Chain 3: Iteration:  6000 / 12000 [ 50%]  (Warmup)
Chain 3: Iteration:  6001 / 12000 [ 50%]  (Sampling)
Chain 4: Iteration:  6000 / 12000 [ 50%]  (Warmup)
Chain 4: Iteration:  6001 / 12000 [ 50%]  (Sampling)
Chain 1: Iteration:  7200 / 12000 [ 60%]  (Sampling)
Chain 3: Iteration:  7200 / 12000 [ 60%]  (Sampling)
Chain 1: Iteration:  8400 / 12000 [ 70%]  (Sampling)
Chain 2: Iteration:  7200 / 12000 [ 60%]  (Sampling)
Chain 4: Iteration:  7200 / 12000 [ 60%]  (Sampling)
Chain 3: Iteration:  8400 / 12000 [ 70%]  (Sampling)
Chain 1: Iteration:  9600 / 12000 [ 80%]  (Sampling)
Chain 3: Iteration:  9600 / 12000 [ 80%]  (Sampling)
Chain 2: Iteration:  8400 / 12000 [ 70%]  (Sampling)
Chain 1: Iteration: 10800 / 12000 [ 90%]  (Sampling)
Chain 4: Iteration:  8400 / 12000 [ 70%]  (Sampling)
Chain 3: Iteration: 10800 / 12000 [ 90%]  (Sampling)
Chain 1: Iteration: 12000 / 12000 [100%]  (Sampling)
Chain 1: 
Chain 1:  Elapsed Time: 27.376 seconds (Warm-up)
Chain 1:                24.582 seconds (Sampling)
Chain 1:                51.958 seconds (Total)
Chain 1: 
Chain 3: Iteration: 12000 / 12000 [100%]  (Sampling)
Chain 3: 
Chain 3:  Elapsed Time: 28.428 seconds (Warm-up)
Chain 3:                25.473 seconds (Sampling)
Chain 3:                53.901 seconds (Total)
Chain 3: 
Chain 2: Iteration:  9600 / 12000 [ 80%]  (Sampling)
Chain 4: Iteration:  9600 / 12000 [ 80%]  (Sampling)
Chain 4: Iteration: 10800 / 12000 [ 90%]  (Sampling)
Chain 2: Iteration: 10800 / 12000 [ 90%]  (Sampling)
Chain 4: Iteration: 12000 / 12000 [100%]  (Sampling)
Chain 4: 
Chain 4:  Elapsed Time: 28.474 seconds (Warm-up)
Chain 4:                45.865 seconds (Sampling)
Chain 4:                74.339 seconds (Total)
Chain 4: 
Chain 2: Iteration: 12000 / 12000 [100%]  (Sampling)
Chain 2: 
Chain 2:  Elapsed Time: 27.648 seconds (Warm-up)
Chain 2:                47.441 seconds (Sampling)
Chain 2:                75.089 seconds (Total)
Chain 2: 
Done!
Fitting s7.json, 15/17

SAMPLING FOR MODEL 'anon_model' NOW (CHAIN 1).
Chain 1: 
Chain 1: Gradient evaluation took 0.000245 seconds
Chain 1: 1000 transitions using 10 leapfrog steps per transition would take 2.45 seconds.
Chain 1: Adjust your expectations accordingly!
Chain 1: 
Chain 1: 

SAMPLING FOR MODEL 'anon_model' NOW (CHAIN 2).

SAMPLING FOR MODEL 'anon_model' NOW (CHAIN 3).
Chain 2: 
Chain 2: Gradient evaluation took 0.00024 seconds
Chain 2: 1000 transitions using 10 leapfrog steps per transition would take 2.4 seconds.
Chain 2: Adjust your expectations accordingly!
Chain 2: 
Chain 2: 
Chain 1: Iteration:     1 / 12000 [  0%]  (Warmup)
Chain 3: 
Chain 3: Gradient evaluation took 0.000225 seconds
Chain 3: 1000 transitions using 10 leapfrog steps per transition would take 2.25 seconds.
Chain 3: Adjust your expectations accordingly!
Chain 3: 
Chain 3: 

SAMPLING FOR MODEL 'anon_model' NOW (CHAIN 4).
Chain 2: Iteration:     1 / 12000 [  0%]  (Warmup)
Chain 4: 
Chain 4: Gradient evaluation took 0.000212 seconds
Chain 4: 1000 transitions using 10 leapfrog steps per transition would take 2.12 seconds.
Chain 4: Adjust your expectations accordingly!
Chain 4: 
Chain 4: 
Chain 3: Iteration:     1 / 12000 [  0%]  (Warmup)
Chain 4: Iteration:     1 / 12000 [  0%]  (Warmup)
Chain 4: Iteration:  1200 / 12000 [ 10%]  (Warmup)
Chain 1: Iteration:  1200 / 12000 [ 10%]  (Warmup)
Chain 2: Iteration:  1200 / 12000 [ 10%]  (Warmup)
Chain 3: Iteration:  1200 / 12000 [ 10%]  (Warmup)
Chain 4: Iteration:  2400 / 12000 [ 20%]  (Warmup)
Chain 1: Iteration:  2400 / 12000 [ 20%]  (Warmup)
Chain 2: Iteration:  2400 / 12000 [ 20%]  (Warmup)
Chain 3: Iteration:  2400 / 12000 [ 20%]  (Warmup)
Chain 4: Iteration:  3600 / 12000 [ 30%]  (Warmup)
Chain 1: Iteration:  3600 / 12000 [ 30%]  (Warmup)
Chain 2: Iteration:  3600 / 12000 [ 30%]  (Warmup)
Chain 3: Iteration:  3600 / 12000 [ 30%]  (Warmup)
Chain 4: Iteration:  4800 / 12000 [ 40%]  (Warmup)
Chain 1: Iteration:  4800 / 12000 [ 40%]  (Warmup)
Chain 2: Iteration:  4800 / 12000 [ 40%]  (Warmup)
Chain 3: Iteration:  4800 / 12000 [ 40%]  (Warmup)
Chain 4: Iteration:  6000 / 12000 [ 50%]  (Warmup)
Chain 4: Iteration:  6001 / 12000 [ 50%]  (Sampling)
Chain 1: Iteration:  6000 / 12000 [ 50%]  (Warmup)
Chain 1: Iteration:  6001 / 12000 [ 50%]  (Sampling)
Chain 2: Iteration:  6000 / 12000 [ 50%]  (Warmup)
Chain 2: Iteration:  6001 / 12000 [ 50%]  (Sampling)
Chain 3: Iteration:  6000 / 12000 [ 50%]  (Warmup)
Chain 3: Iteration:  6001 / 12000 [ 50%]  (Sampling)
Chain 4: Iteration:  7200 / 12000 [ 60%]  (Sampling)
Chain 4: Iteration:  8400 / 12000 [ 70%]  (Sampling)
Chain 1: Iteration:  7200 / 12000 [ 60%]  (Sampling)
Chain 3: Iteration:  7200 / 12000 [ 60%]  (Sampling)
Chain 2: Iteration:  7200 / 12000 [ 60%]  (Sampling)
Chain 4: Iteration:  9600 / 12000 [ 80%]  (Sampling)
Chain 1: Iteration:  8400 / 12000 [ 70%]  (Sampling)
Chain 4: Iteration: 10800 / 12000 [ 90%]  (Sampling)
Chain 3: Iteration:  8400 / 12000 [ 70%]  (Sampling)
Chain 2: Iteration:  8400 / 12000 [ 70%]  (Sampling)
Chain 4: Iteration: 12000 / 12000 [100%]  (Sampling)
Chain 4: 
Chain 4:  Elapsed Time: 21.715 seconds (Warm-up)
Chain 4:                19.415 seconds (Sampling)
Chain 4:                41.13 seconds (Total)
Chain 4: 
Chain 1: Iteration:  9600 / 12000 [ 80%]  (Sampling)
Chain 3: Iteration:  9600 / 12000 [ 80%]  (Sampling)
Chain 2: Iteration:  9600 / 12000 [ 80%]  (Sampling)
Chain 1: Iteration: 10800 / 12000 [ 90%]  (Sampling)
Chain 3: Iteration: 10800 / 12000 [ 90%]  (Sampling)
Chain 2: Iteration: 10800 / 12000 [ 90%]  (Sampling)
Chain 1: Iteration: 12000 / 12000 [100%]  (Sampling)
Chain 1: 
Chain 1:  Elapsed Time: 22.524 seconds (Warm-up)
Chain 1:                35.027 seconds (Sampling)
Chain 1:                57.551 seconds (Total)
Chain 1: 
Chain 3: Iteration: 12000 / 12000 [100%]  (Sampling)
Chain 3: 
Chain 3:  Elapsed Time: 23.457 seconds (Warm-up)
Chain 3:                35.59 seconds (Sampling)
Chain 3:                59.047 seconds (Total)
Chain 3: 
Chain 2: Iteration: 12000 / 12000 [100%]  (Sampling)
Chain 2: 
Chain 2:  Elapsed Time: 23.428 seconds (Warm-up)
Chain 2:                38.486 seconds (Sampling)
Chain 2:                61.914 seconds (Total)
Chain 2: 
Done!
Fitting s8.json, 16/17

SAMPLING FOR MODEL 'anon_model' NOW (CHAIN 1).
Chain 1: 
Chain 1: Gradient evaluation took 0.000257 seconds
Chain 1: 1000 transitions using 10 leapfrog steps per transition would take 2.57 seconds.
Chain 1: Adjust your expectations accordingly!
Chain 1: 
Chain 1: 

SAMPLING FOR MODEL 'anon_model' NOW (CHAIN 2).

SAMPLINGChain 2: 
 FOR MODEL 'Chain anon_model' NOW (CHAIN 32).
: Gradient evaluation took 0.000238 seconds
Chain 2: 1000 transitions using 10 leapfrog steps per transition would take 2.38 seconds.
Chain 2: Adjust your expectations accordingly!
Chain 2: 
Chain 2: 
Chain 1: Iteration:     1 / 12000 [  0%]  (Warmup)
Chain 3: 
Chain 3: Gradient evaluation took 0.000229 seconds
Chain 3: 1000 transitions using 10 leapfrog steps per transition would take 2.29 seconds.
Chain 3: Adjust your expectations accordingly!
Chain 3: 
Chain 3: 
Chain 2: Iteration:     1 / 12000 [  0%]  (Warmup)
Chain 3: Iteration:     1 / 12000 [  0%]  (Warmup)

SAMPLING FOR MODEL 'anon_model' NOW (CHAIN 4).
Chain 4: 
Chain 4: Gradient evaluation took 0.000239 seconds
Chain 4: 1000 transitions using 10 leapfrog steps per transition would take 2.39 seconds.
Chain 4: Adjust your expectations accordingly!
Chain 4: 
Chain 4: 
Chain 4: Iteration:     1 / 12000 [  0%]  (Warmup)
Chain 4: Iteration:  1200 / 12000 [ 10%]  (Warmup)
Chain 1: Iteration:  1200 / 12000 [ 10%]  (Warmup)
Chain 2: Iteration:  1200 / 12000 [ 10%]  (Warmup)
Chain 3: Iteration:  1200 / 12000 [ 10%]  (Warmup)
Chain 2: Iteration:  2400 / 12000 [ 20%]  (Warmup)
Chain 1: Iteration:  2400 / 12000 [ 20%]  (Warmup)
Chain 4: Iteration:  2400 / 12000 [ 20%]  (Warmup)
Chain 3: Iteration:  2400 / 12000 [ 20%]  (Warmup)
Chain 1: Iteration:  3600 / 12000 [ 30%]  (Warmup)
Chain 4: Iteration:  3600 / 12000 [ 30%]  (Warmup)
Chain 2: Iteration:  3600 / 12000 [ 30%]  (Warmup)
Chain 3: Iteration:  3600 / 12000 [ 30%]  (Warmup)
Chain 2: Iteration:  4800 / 12000 [ 40%]  (Warmup)
Chain 4: Iteration:  4800 / 12000 [ 40%]  (Warmup)
Chain 1: Iteration:  4800 / 12000 [ 40%]  (Warmup)
Chain 3: Iteration:  4800 / 12000 [ 40%]  (Warmup)
Chain 2: Iteration:  6000 / 12000 [ 50%]  (Warmup)
Chain 2: Iteration:  6001 / 12000 [ 50%]  (Sampling)
Chain 4: Iteration:  6000 / 12000 [ 50%]  (Warmup)
Chain 4: Iteration:  6001 / 12000 [ 50%]  (Sampling)
Chain 1: Iteration:  6000 / 12000 [ 50%]  (Warmup)
Chain 1: Iteration:  6001 / 12000 [ 50%]  (Sampling)
Chain 3: Iteration:  6000 / 12000 [ 50%]  (Warmup)
Chain 3: Iteration:  6001 / 12000 [ 50%]  (Sampling)
Chain 2: Iteration:  7200 / 12000 [ 60%]  (Sampling)
Chain 1: Iteration:  7200 / 12000 [ 60%]  (Sampling)
Chain 4: Iteration:  7200 / 12000 [ 60%]  (Sampling)
Chain 3: Iteration:  7200 / 12000 [ 60%]  (Sampling)
Chain 2: Iteration:  8400 / 12000 [ 70%]  (Sampling)
Chain 1: Iteration:  8400 / 12000 [ 70%]  (Sampling)
Chain 4: Iteration:  8400 / 12000 [ 70%]  (Sampling)
Chain 3: Iteration:  8400 / 12000 [ 70%]  (Sampling)
Chain 2: Iteration:  9600 / 12000 [ 80%]  (Sampling)
Chain 1: Iteration:  9600 / 12000 [ 80%]  (Sampling)
Chain 4: Iteration:  9600 / 12000 [ 80%]  (Sampling)
Chain 2: Iteration: 10800 / 12000 [ 90%]  (Sampling)
Chain 3: Iteration:  9600 / 12000 [ 80%]  (Sampling)
Chain 1: Iteration: 10800 / 12000 [ 90%]  (Sampling)
Chain 2: Iteration: 12000 / 12000 [100%]  (Sampling)
Chain 2: 
Chain 2:  Elapsed Time: 24.805 seconds (Warm-up)
Chain 2:                20.517 seconds (Sampling)
Chain 2:                45.322 seconds (Total)
Chain 2: 
Chain 4: Iteration: 10800 / 12000 [ 90%]  (Sampling)
Chain 3: Iteration: 10800 / 12000 [ 90%]  (Sampling)
Chain 1: Iteration: 12000 / 12000 [100%]  (Sampling)
Chain 1: 
Chain 1:  Elapsed Time: 25.182 seconds (Warm-up)
Chain 1:                23.123 seconds (Sampling)
Chain 1:                48.305 seconds (Total)
Chain 1: 
Chain 4: Iteration: 12000 / 12000 [100%]  (Sampling)
Chain 4: 
Chain 4:  Elapsed Time: 25.05 seconds (Warm-up)
Chain 4:                25.693 seconds (Sampling)
Chain 4:                50.743 seconds (Total)
Chain 4: 
Chain 3: Iteration: 12000 / 12000 [100%]  (Sampling)
Chain 3: 
Chain 3:  Elapsed Time: 25.52 seconds (Warm-up)
Chain 3:                26.928 seconds (Sampling)
Chain 3:                52.448 seconds (Total)
Chain 3: 
Done!
Fitting s9.json, 17/17

SAMPLING FOR MODEL 'anon_model' NOW (CHAIN 1).
Chain 1: 
Chain 1: Gradient evaluation took 0.000247 seconds
Chain 1: 1000 transitions using 10 leapfrog steps per transition would take 2.47 seconds.
Chain 1: Adjust your expectations accordingly!
Chain 1: 
Chain 1: 

SAMPLING FOR MODEL 'anon_model' NOW (CHAIN 2).
Chain 2: 
Chain 2: Gradient evaluation took 0.000228 seconds
Chain 2: 1000 transitions using 10 leapfrog steps per transition would take 2.28 seconds.
Chain 2: Adjust your expectations accordingly!
Chain 2: 
Chain 2: 

SAMPLING FOR MODEL 'anon_model' NOW (CHAIN 3).
Chain 1: Iteration:     1 / 12000 [  0%]  (Warmup)
Chain 3: 
Chain 3: Gradient evaluation took 0.000224 seconds
Chain 3: 1000 transitions using 10 leapfrog steps per transition would take 2.24 seconds.
Chain 3: Adjust your expectations accordingly!
Chain 3: 
Chain 3: 
Chain 2: Iteration:     1 / 12000 [  0%]  (Warmup)

SAMPLING FOR MODEL 'anon_model' NOW (CHAIN 4).
Chain 3: Iteration:     1 / 12000 [  0%]  (Warmup)
Chain 4: 
Chain 4: Gradient evaluation took 0.000221 seconds
Chain 4: 1000 transitions using 10 leapfrog steps per transition would take 2.21 seconds.
Chain 4: Adjust your expectations accordingly!
Chain 4: 
Chain 4: 
Chain 4: Iteration:     1 / 12000 [  0%]  (Warmup)
Chain 2: Iteration:  1200 / 12000 [ 10%]  (Warmup)
Chain 4: Iteration:  1200 / 12000 [ 10%]  (Warmup)
Chain 1: Iteration:  1200 / 12000 [ 10%]  (Warmup)
Chain 3: Iteration:  1200 / 12000 [ 10%]  (Warmup)
Chain 2: Iteration:  2400 / 12000 [ 20%]  (Warmup)
Chain 4: Iteration:  2400 / 12000 [ 20%]  (Warmup)
Chain 1: Iteration:  2400 / 12000 [ 20%]  (Warmup)
Chain 3: Iteration:  2400 / 12000 [ 20%]  (Warmup)
Chain 2: Iteration:  3600 / 12000 [ 30%]  (Warmup)
Chain 4: Iteration:  3600 / 12000 [ 30%]  (Warmup)
Chain 1: Iteration:  3600 / 12000 [ 30%]  (Warmup)
Chain 3: Iteration:  3600 / 12000 [ 30%]  (Warmup)
Chain 2: Iteration:  4800 / 12000 [ 40%]  (Warmup)
Chain 1: Iteration:  4800 / 12000 [ 40%]  (Warmup)
Chain 4: Iteration:  4800 / 12000 [ 40%]  (Warmup)
Chain 3: Iteration:  4800 / 12000 [ 40%]  (Warmup)
Chain 2: Iteration:  6000 / 12000 [ 50%]  (Warmup)
Chain 2: Iteration:  6001 / 12000 [ 50%]  (Sampling)
Chain 4: Iteration:  6000 / 12000 [ 50%]  (Warmup)
Chain 4: Iteration:  6001 / 12000 [ 50%]  (Sampling)
Chain 1: Iteration:  6000 / 12000 [ 50%]  (Warmup)
Chain 1: Iteration:  6001 / 12000 [ 50%]  (Sampling)
Chain 3: Iteration:  6000 / 12000 [ 50%]  (Warmup)
Chain 3: Iteration:  6001 / 12000 [ 50%]  (Sampling)
Chain 2: Iteration:  7200 / 12000 [ 60%]  (Sampling)
Chain 3: Iteration:  7200 / 12000 [ 60%]  (Sampling)
Chain 4: Iteration:  7200 / 12000 [ 60%]  (Sampling)
Chain 2: Iteration:  8400 / 12000 [ 70%]  (Sampling)
Chain 1: Iteration:  7200 / 12000 [ 60%]  (Sampling)
Chain 3: Iteration:  8400 / 12000 [ 70%]  (Sampling)
Chain 2: Iteration:  9600 / 12000 [ 80%]  (Sampling)
Chain 4: Iteration:  8400 / 12000 [ 70%]  (Sampling)
Chain 1: Iteration:  8400 / 12000 [ 70%]  (Sampling)
Chain 3: Iteration:  9600 / 12000 [ 80%]  (Sampling)
Chain 2: Iteration: 10800 / 12000 [ 90%]  (Sampling)
Chain 4: Iteration:  9600 / 12000 [ 80%]  (Sampling)
Chain 2: Iteration: 12000 / 12000 [100%]  (Sampling)
Chain 2: 
Chain 2:  Elapsed Time: 27.514 seconds (Warm-up)
Chain 2:                21.58 seconds (Sampling)
Chain 2:                49.094 seconds (Total)
Chain 2: 
Chain 3: Iteration: 10800 / 12000 [ 90%]  (Sampling)
Chain 1: Iteration:  9600 / 12000 [ 80%]  (Sampling)
Chain 4: Iteration: 10800 / 12000 [ 90%]  (Sampling)
Chain 3: Iteration: 12000 / 12000 [100%]  (Sampling)
Chain 3: 
Chain 3:  Elapsed Time: 29.122 seconds (Warm-up)
Chain 3:                25.862 seconds (Sampling)
Chain 3:                54.984 seconds (Total)
Chain 3: 
Chain 4: Iteration: 12000 / 12000 [100%]  (Sampling)
Chain 4: 
Chain 4:  Elapsed Time: 28.85 seconds (Warm-up)
Chain 4:                29.342 seconds (Sampling)
Chain 4:                58.192 seconds (Total)
Chain 4: 
Chain 1: Iteration: 10800 / 12000 [ 90%]  (Sampling)
Chain 1: Iteration: 12000 / 12000 [100%]  (Sampling)
Chain 1: 
Chain 1:  Elapsed Time: 28.868 seconds (Warm-up)
Chain 1:                37.247 seconds (Sampling)
Chain 1:                66.115 seconds (Total)
Chain 1: 
Done!
Assumed model: m2 (model_index = 2 )
Fitting s0.json, 1/17

SAMPLING FOR MODEL 'anon_model' NOW (CHAIN 1).
Chain 1: 
Chain 1: Gradient evaluation took 0.000253 seconds
Chain 1: 1000 transitions using 10 leapfrog steps per transition would take 2.53 seconds.
Chain 1: Adjust your expectations accordingly!
Chain 1: 
Chain 1: 

SAMPLING FOR MODEL 'anon_model' NOW (CHAIN 2).
Chain 2: 
Chain 2: Gradient evaluation took 0.000243 seconds
Chain 2: 1000 transitions using 10 leapfrog steps per transition would take 2.43 seconds.
Chain 2: Adjust your expectations accordingly!
Chain 2: 
Chain 2: 

SAMPLING FOR MODEL 'anon_model' NOW (CHAIN 3).
Chain 1: Iteration:     1 / 12000 [  0%]  (Warmup)
Chain 3: 
Chain 3: Gradient evaluation took 0.000231 seconds
Chain 3: 1000 transitions using 10 leapfrog steps per transition would take 2.31 seconds.
Chain 3: Adjust your expectations accordingly!
Chain 3: 
Chain 3: 
Chain 2: Iteration:     1 / 12000 [  0%]  (Warmup)

SAMPLING FOR MODEL 'anon_model' NOW (CHAIN 4).
Chain 3: Iteration:     1 / 12000 [  0%]  (Warmup)
Chain 4: 
Chain 4: Gradient evaluation took 0.000219 seconds
Chain 4: 1000 transitions using 10 leapfrog steps per transition would take 2.19 seconds.
Chain 4: Adjust your expectations accordingly!
Chain 4: 
Chain 4: 
Chain 4: Iteration:     1 / 12000 [  0%]  (Warmup)
Chain 2: Iteration:  1200 / 12000 [ 10%]  (Warmup)
Chain 1: Iteration:  1200 / 12000 [ 10%]  (Warmup)
Chain 3: Iteration:  1200 / 12000 [ 10%]  (Warmup)
Chain 4: Iteration:  1200 / 12000 [ 10%]  (Warmup)
Chain 2: Iteration:  2400 / 12000 [ 20%]  (Warmup)
Chain 1: Iteration:  2400 / 12000 [ 20%]  (Warmup)
Chain 3: Iteration:  2400 / 12000 [ 20%]  (Warmup)
Chain 4: Iteration:  2400 / 12000 [ 20%]  (Warmup)
Chain 2: Iteration:  3600 / 12000 [ 30%]  (Warmup)
Chain 1: Iteration:  3600 / 12000 [ 30%]  (Warmup)
Chain 3: Iteration:  3600 / 12000 [ 30%]  (Warmup)
Chain 4: Iteration:  3600 / 12000 [ 30%]  (Warmup)
Chain 2: Iteration:  4800 / 12000 [ 40%]  (Warmup)
Chain 1: Iteration:  4800 / 12000 [ 40%]  (Warmup)
Chain 3: Iteration:  4800 / 12000 [ 40%]  (Warmup)
Chain 4: Iteration:  4800 / 12000 [ 40%]  (Warmup)
Chain 2: Iteration:  6000 / 12000 [ 50%]  (Warmup)
Chain 2: Iteration:  6001 / 12000 [ 50%]  (Sampling)
Chain 1: Iteration:  6000 / 12000 [ 50%]  (Warmup)
Chain 1: Iteration:  6001 / 12000 [ 50%]  (Sampling)
Chain 4: Iteration:  6000 / 12000 [ 50%]  (Warmup)
Chain 4: Iteration:  6001 / 12000 [ 50%]  (Sampling)
Chain 3: Iteration:  6000 / 12000 [ 50%]  (Warmup)
Chain 3: Iteration:  6001 / 12000 [ 50%]  (Sampling)
Chain 2: Iteration:  7200 / 12000 [ 60%]  (Sampling)
Chain 1: Iteration:  7200 / 12000 [ 60%]  (Sampling)
Chain 4: Iteration:  7200 / 12000 [ 60%]  (Sampling)
Chain 3: Iteration:  7200 / 12000 [ 60%]  (Sampling)
Chain 2: Iteration:  8400 / 12000 [ 70%]  (Sampling)
Chain 4: Iteration:  8400 / 12000 [ 70%]  (Sampling)
Chain 1: Iteration:  8400 / 12000 [ 70%]  (Sampling)
Chain 3: Iteration:  8400 / 12000 [ 70%]  (Sampling)
Chain 2: Iteration:  9600 / 12000 [ 80%]  (Sampling)
Chain 4: Iteration:  9600 / 12000 [ 80%]  (Sampling)
Chain 1: Iteration:  9600 / 12000 [ 80%]  (Sampling)
Chain 3: Iteration:  9600 / 12000 [ 80%]  (Sampling)
Chain 2: Iteration: 10800 / 12000 [ 90%]  (Sampling)
Chain 4: Iteration: 10800 / 12000 [ 90%]  (Sampling)
Chain 1: Iteration: 10800 / 12000 [ 90%]  (Sampling)
Chain 2: Iteration: 12000 / 12000 [100%]  (Sampling)
Chain 2: 
Chain 2:  Elapsed Time: 23.019 seconds (Warm-up)
Chain 2:                20.072 seconds (Sampling)
Chain 2:                43.091 seconds (Total)
Chain 2: 
Chain 4: Iteration: 12000 / 12000 [100%]  (Sampling)
Chain 4: 
Chain 4:  Elapsed Time: 23.882 seconds (Warm-up)
Chain 4:                19.509 seconds (Sampling)
Chain 4:                43.391 seconds (Total)
Chain 4: 
Chain 3: Iteration: 10800 / 12000 [ 90%]  (Sampling)
Chain 1: Iteration: 12000 / 12000 [100%]  (Sampling)
Chain 1: 
Chain 1:  Elapsed Time: 23.444 seconds (Warm-up)
Chain 1:                21.135 seconds (Sampling)
Chain 1:                44.579 seconds (Total)
Chain 1: 
Chain 3: Iteration: 12000 / 12000 [100%]  (Sampling)
Chain 3: 
Chain 3:  Elapsed Time: 24.065 seconds (Warm-up)
Chain 3:                24.214 seconds (Sampling)
Chain 3:                48.279 seconds (Total)
Chain 3: 
Done!
Fitting s1.json, 2/17

SAMPLING FOR MODEL 'anon_model' NOW (CHAIN 1).
Chain 1: 
Chain 1: Gradient evaluation took 0.000237 seconds
Chain 1: 1000 transitions using 10 leapfrog steps per transition would take 2.37 seconds.
Chain 1: Adjust your expectations accordingly!
Chain 1: 
Chain 1: 
Chain 1: Iteration:     1 / 12000 [  0%]  (Warmup)

SAMPLING FOR MODEL 'anon_model' NOW (CHAIN 2).
Chain 2: 
Chain 2: Gradient evaluation took 0.000224 seconds
Chain 2: 1000 transitions using 10 leapfrog steps per transition would take 2.24 seconds.
Chain 2: Adjust your expectations accordingly!
Chain 2: 
Chain 2: 

SAMPLING FOR MODEL 'anon_model' NOW (CHAIN 3).
Chain 2: Iteration:     1 / 12000 [  0%]  (Warmup)

SAMPLING FOR MODEL 'anon_model' NOW (CHAIN 4).
Chain 3: 
Chain 3: Gradient evaluation took 0.000224 seconds
Chain 3: 1000 transitions using 10 leapfrog steps per transition would take 2.24 seconds.
Chain 3: Adjust your expectations accordingly!
Chain 3: 
Chain 3: 
Chain 4: 
Chain 4: Gradient evaluation took 0.000218 seconds
Chain 4: 1000 transitions using 10 leapfrog steps per transition would take 2.18 seconds.
Chain 4: Adjust your expectations accordingly!
Chain 4: 
Chain 4: 
Chain 3: Iteration:     1 / 12000 [  0%]  (Warmup)
Chain 4: Iteration:     1 / 12000 [  0%]  (Warmup)
Chain 3: Iteration:  1200 / 12000 [ 10%]  (Warmup)
Chain 2: Iteration:  1200 / 12000 [ 10%]  (Warmup)
Chain 4: Iteration:  1200 / 12000 [ 10%]  (Warmup)
Chain 1: Iteration:  1200 / 12000 [ 10%]  (Warmup)
Chain 2: Iteration:  2400 / 12000 [ 20%]  (Warmup)
Chain 3: Iteration:  2400 / 12000 [ 20%]  (Warmup)
Chain 4: Iteration:  2400 / 12000 [ 20%]  (Warmup)
Chain 1: Iteration:  2400 / 12000 [ 20%]  (Warmup)
Chain 2: Iteration:  3600 / 12000 [ 30%]  (Warmup)
Chain 3: Iteration:  3600 / 12000 [ 30%]  (Warmup)
Chain 4: Iteration:  3600 / 12000 [ 30%]  (Warmup)
Chain 1: Iteration:  3600 / 12000 [ 30%]  (Warmup)
Chain 2: Iteration:  4800 / 12000 [ 40%]  (Warmup)
Chain 3: Iteration:  4800 / 12000 [ 40%]  (Warmup)
Chain 4: Iteration:  4800 / 12000 [ 40%]  (Warmup)
Chain 1: Iteration:  4800 / 12000 [ 40%]  (Warmup)
Chain 2: Iteration:  6000 / 12000 [ 50%]  (Warmup)
Chain 2: Iteration:  6001 / 12000 [ 50%]  (Sampling)
Chain 4: Iteration:  6000 / 12000 [ 50%]  (Warmup)
Chain 4: Iteration:  6001 / 12000 [ 50%]  (Sampling)
Chain 3: Iteration:  6000 / 12000 [ 50%]  (Warmup)
Chain 3: Iteration:  6001 / 12000 [ 50%]  (Sampling)
Chain 1: Iteration:  6000 / 12000 [ 50%]  (Warmup)
Chain 1: Iteration:  6001 / 12000 [ 50%]  (Sampling)
Chain 2: Iteration:  7200 / 12000 [ 60%]  (Sampling)
Chain 1: Iteration:  7200 / 12000 [ 60%]  (Sampling)
Chain 4: Iteration:  7200 / 12000 [ 60%]  (Sampling)
Chain 2: Iteration:  8400 / 12000 [ 70%]  (Sampling)
Chain 1: Iteration:  8400 / 12000 [ 70%]  (Sampling)
Chain 3: Iteration:  7200 / 12000 [ 60%]  (Sampling)
Chain 4: Iteration:  8400 / 12000 [ 70%]  (Sampling)
Chain 2: Iteration:  9600 / 12000 [ 80%]  (Sampling)
Chain 1: Iteration:  9600 / 12000 [ 80%]  (Sampling)
Chain 4: Iteration:  9600 / 12000 [ 80%]  (Sampling)
Chain 1: Iteration: 10800 / 12000 [ 90%]  (Sampling)
Chain 2: Iteration: 10800 / 12000 [ 90%]  (Sampling)
Chain 3: Iteration:  8400 / 12000 [ 70%]  (Sampling)
Chain 1: Iteration: 12000 / 12000 [100%]  (Sampling)
Chain 1: 
Chain 1:  Elapsed Time: 38.401 seconds (Warm-up)
Chain 1:                30.015 seconds (Sampling)
Chain 1:                68.416 seconds (Total)
Chain 1: 
Chain 2: Iteration: 12000 / 12000 [100%]  (Sampling)
Chain 2: 
Chain 2:  Elapsed Time: 36.173 seconds (Warm-up)
Chain 2:                33.44 seconds (Sampling)
Chain 2:                69.613 seconds (Total)
Chain 2: 
Chain 4: Iteration: 10800 / 12000 [ 90%]  (Sampling)
Chain 3: Iteration:  9600 / 12000 [ 80%]  (Sampling)
Chain 4: Iteration: 12000 / 12000 [100%]  (Sampling)
Chain 4: 
Chain 4:  Elapsed Time: 37.474 seconds (Warm-up)
Chain 4:                40.862 seconds (Sampling)
Chain 4:                78.336 seconds (Total)
Chain 4: 
Chain 3: Iteration: 10800 / 12000 [ 90%]  (Sampling)
Chain 3: Iteration: 12000 / 12000 [100%]  (Sampling)
Chain 3: 
Chain 3:  Elapsed Time: 37.619 seconds (Warm-up)
Chain 3:                66.9 seconds (Sampling)
Chain 3:                104.519 seconds (Total)
Chain 3: 
Done!
Fitting s10.json, 3/17

SAMPLING FOR MODEL 'anon_model' NOW (CHAIN 1).

SAMPLING FOR MODEL 'anon_model' NOW (CHAIN 2).
Chain 1: 
Chain 1: Gradient evaluation took 0.000302 seconds
Chain 1: 1000 transitions using 10 leapfrog steps per transition would take 3.02 seconds.
Chain 1: Adjust your expectations accordingly!
Chain 1: 
Chain 1: 
Chain 2: 
Chain 2: Gradient evaluation took 0.000252 seconds
Chain 2: 1000 transitions using 10 leapfrog steps per transition would take 2.52 seconds.
Chain 2: Adjust your expectations accordingly!
Chain 2: 
Chain 2: 
Chain 1: Iteration:     1 / 12000 [  0%]  (Warmup)

SAMPLING FOR MODEL 'anon_model' NOW (CHAIN 3).
Chain 2: Iteration:     1 / 12000 [  0%]  (Warmup)
Chain 3: 
Chain 3: Gradient evaluation took 0.000239 seconds
Chain 3: 1000 transitions using 10 leapfrog steps per transition would take 2.39 seconds.
Chain 3: Adjust your expectations accordingly!
Chain 3: 
Chain 3: 

SAMPLING FOR MODEL 'anon_model' NOW (CHAIN 4).
Chain 3: Iteration:     1 / 12000 [  0%]  (Warmup)
Chain 4: 
Chain 4: Gradient evaluation took 0.000245 seconds
Chain 4: 1000 transitions using 10 leapfrog steps per transition would take 2.45 seconds.
Chain 4: Adjust your expectations accordingly!
Chain 4: 
Chain 4: 
Chain 4: Iteration:     1 / 12000 [  0%]  (Warmup)
Chain 1: Iteration:  1200 / 12000 [ 10%]  (Warmup)
Chain 4: Iteration:  1200 / 12000 [ 10%]  (Warmup)
Chain 2: Iteration:  1200 / 12000 [ 10%]  (Warmup)
Chain 3: Iteration:  1200 / 12000 [ 10%]  (Warmup)
Chain 4: Iteration:  2400 / 12000 [ 20%]  (Warmup)
Chain 2: Iteration:  2400 / 12000 [ 20%]  (Warmup)
Chain 1: Iteration:  2400 / 12000 [ 20%]  (Warmup)
Chain 3: Iteration:  2400 / 12000 [ 20%]  (Warmup)
Chain 4: Iteration:  3600 / 12000 [ 30%]  (Warmup)
Chain 2: Iteration:  3600 / 12000 [ 30%]  (Warmup)
Chain 1: Iteration:  3600 / 12000 [ 30%]  (Warmup)
Chain 3: Iteration:  3600 / 12000 [ 30%]  (Warmup)
Chain 4: Iteration:  4800 / 12000 [ 40%]  (Warmup)
Chain 2: Iteration:  4800 / 12000 [ 40%]  (Warmup)
Chain 1: Iteration:  4800 / 12000 [ 40%]  (Warmup)
Chain 3: Iteration:  4800 / 12000 [ 40%]  (Warmup)
Chain 4: Iteration:  6000 / 12000 [ 50%]  (Warmup)
Chain 4: Iteration:  6001 / 12000 [ 50%]  (Sampling)
Chain 2: Iteration:  6000 / 12000 [ 50%]  (Warmup)
Chain 2: Iteration:  6001 / 12000 [ 50%]  (Sampling)
Chain 1: Iteration:  6000 / 12000 [ 50%]  (Warmup)
Chain 1: Iteration:  6001 / 12000 [ 50%]  (Sampling)
Chain 3: Iteration:  6000 / 12000 [ 50%]  (Warmup)
Chain 3: Iteration:  6001 / 12000 [ 50%]  (Sampling)
Chain 2: Iteration:  7200 / 12000 [ 60%]  (Sampling)
Chain 4: Iteration:  7200 / 12000 [ 60%]  (Sampling)
Chain 1: Iteration:  7200 / 12000 [ 60%]  (Sampling)
Chain 3: Iteration:  7200 / 12000 [ 60%]  (Sampling)
Chain 2: Iteration:  8400 / 12000 [ 70%]  (Sampling)
Chain 4: Iteration:  8400 / 12000 [ 70%]  (Sampling)
Chain 3: Iteration:  8400 / 12000 [ 70%]  (Sampling)
Chain 1: Iteration:  8400 / 12000 [ 70%]  (Sampling)
Chain 2: Iteration:  9600 / 12000 [ 80%]  (Sampling)
Chain 4: Iteration:  9600 / 12000 [ 80%]  (Sampling)
Chain 3: Iteration:  9600 / 12000 [ 80%]  (Sampling)
Chain 1: Iteration:  9600 / 12000 [ 80%]  (Sampling)
Chain 2: Iteration: 10800 / 12000 [ 90%]  (Sampling)
Chain 4: Iteration: 10800 / 12000 [ 90%]  (Sampling)
Chain 3: Iteration: 10800 / 12000 [ 90%]  (Sampling)
Chain 1: Iteration: 10800 / 12000 [ 90%]  (Sampling)
Chain 2: Iteration: 12000 / 12000 [100%]  (Sampling)
Chain 2: 
Chain 2:  Elapsed Time: 22.511 seconds (Warm-up)
Chain 2:                18.672 seconds (Sampling)
Chain 2:                41.183 seconds (Total)
Chain 2: 
Chain 4: Iteration: 12000 / 12000 [100%]  (Sampling)
Chain 4: 
Chain 4:  Elapsed Time: 22.332 seconds (Warm-up)
Chain 4:                19.48 seconds (Sampling)
Chain 4:                41.812 seconds (Total)
Chain 4: 
Chain 3: Iteration: 12000 / 12000 [100%]  (Sampling)
Chain 3: 
Chain 3:  Elapsed Time: 23.408 seconds (Warm-up)
Chain 3:                20.55 seconds (Sampling)
Chain 3:                43.958 seconds (Total)
Chain 3: 
Chain 1: Iteration: 12000 / 12000 [100%]  (Sampling)
Chain 1: 
Chain 1:  Elapsed Time: 22.931 seconds (Warm-up)
Chain 1:                22.234 seconds (Sampling)
Chain 1:                45.165 seconds (Total)
Chain 1: 
Done!
Fitting s11.json, 4/17

SAMPLING FOR MODEL 'anon_model' NOW (CHAIN 1).

SAMPLING FOR MODEL 'anon_model' NOW (CHAIN 2).
Chain 1: 
Chain 1: Gradient evaluation took 0.000241 seconds
Chain 1: 1000 transitions using 10 leapfrog steps per transition would take 2.41 seconds.
Chain 1: Adjust your expectations accordingly!
Chain 1: 
Chain 1: 
Chain 2: 
Chain 2: Gradient evaluation took 0.000232 seconds
Chain 2: 1000 transitions using 10 leapfrog steps per transition would take 2.32 seconds.
Chain 2: Adjust your expectations accordingly!
Chain 2: 
Chain 2: 

SAMPLING FOR MODEL 'anon_model' NOW (CHAIN 3).
Chain 1: Iteration:     1 / 12000 [  0%]  (Warmup)
Chain 3: 
Chain 3: Gradient evaluation took 0.000228 seconds
Chain 3: 1000 transitions using 10 leapfrog steps per transition would take 2.28 seconds.
Chain 3: Adjust your expectations accordingly!
Chain 3: 
Chain 3: 
Chain 2: Iteration:     1 / 12000 [  0%]  (Warmup)

SAMPLING FOR MODEL 'anon_model' NOW (CHAIN 4).
Chain 3: Iteration:     1 / 12000 [  0%]  (Warmup)
Chain 4: 
Chain 4: Gradient evaluation took 0.000238 seconds
Chain 4: 1000 transitions using 10 leapfrog steps per transition would take 2.38 seconds.
Chain 4: Adjust your expectations accordingly!
Chain 4: 
Chain 4: 
Chain 4: Iteration:     1 / 12000 [  0%]  (Warmup)
Chain 2: Iteration:  1200 / 12000 [ 10%]  (Warmup)
Chain 4: Iteration:  1200 / 12000 [ 10%]  (Warmup)
Chain 3: Iteration:  1200 / 12000 [ 10%]  (Warmup)
Chain 1: Iteration:  1200 / 12000 [ 10%]  (Warmup)
Chain 2: Iteration:  2400 / 12000 [ 20%]  (Warmup)
Chain 4: Iteration:  2400 / 12000 [ 20%]  (Warmup)
Chain 1: Iteration:  2400 / 12000 [ 20%]  (Warmup)
Chain 3: Iteration:  2400 / 12000 [ 20%]  (Warmup)
Chain 2: Iteration:  3600 / 12000 [ 30%]  (Warmup)
Chain 4: Iteration:  3600 / 12000 [ 30%]  (Warmup)
Chain 1: Iteration:  3600 / 12000 [ 30%]  (Warmup)
Chain 3: Iteration:  3600 / 12000 [ 30%]  (Warmup)
Chain 2: Iteration:  4800 / 12000 [ 40%]  (Warmup)
Chain 4: Iteration:  4800 / 12000 [ 40%]  (Warmup)
Chain 1: Iteration:  4800 / 12000 [ 40%]  (Warmup)
Chain 3: Iteration:  4800 / 12000 [ 40%]  (Warmup)
Chain 2: Iteration:  6000 / 12000 [ 50%]  (Warmup)
Chain 2: Iteration:  6001 / 12000 [ 50%]  (Sampling)
Chain 4: Iteration:  6000 / 12000 [ 50%]  (Warmup)
Chain 4: Iteration:  6001 / 12000 [ 50%]  (Sampling)
Chain 3: Iteration:  6000 / 12000 [ 50%]  (Warmup)
Chain 3: Iteration:  6001 / 12000 [ 50%]  (Sampling)
Chain 1: Iteration:  6000 / 12000 [ 50%]  (Warmup)
Chain 1: Iteration:  6001 / 12000 [ 50%]  (Sampling)
Chain 4: Iteration:  7200 / 12000 [ 60%]  (Sampling)
Chain 2: Iteration:  7200 / 12000 [ 60%]  (Sampling)
Chain 3: Iteration:  7200 / 12000 [ 60%]  (Sampling)
Chain 1: Iteration:  7200 / 12000 [ 60%]  (Sampling)
Chain 4: Iteration:  8400 / 12000 [ 70%]  (Sampling)
Chain 2: Iteration:  8400 / 12000 [ 70%]  (Sampling)
Chain 4: Iteration:  9600 / 12000 [ 80%]  (Sampling)
Chain 2: Iteration:  9600 / 12000 [ 80%]  (Sampling)
Chain 3: Iteration:  8400 / 12000 [ 70%]  (Sampling)
Chain 1: Iteration:  8400 / 12000 [ 70%]  (Sampling)
Chain 4: Iteration: 10800 / 12000 [ 90%]  (Sampling)
Chain 2: Iteration: 10800 / 12000 [ 90%]  (Sampling)
Chain 4: Iteration: 12000 / 12000 [100%]  (Sampling)
Chain 4: 
Chain 4:  Elapsed Time: 25.278 seconds (Warm-up)
Chain 4:                23.036 seconds (Sampling)
Chain 4:                48.314 seconds (Total)
Chain 4: 
Chain 3: Iteration:  9600 / 12000 [ 80%]  (Sampling)
Chain 1: Iteration:  9600 / 12000 [ 80%]  (Sampling)
Chain 2: Iteration: 12000 / 12000 [100%]  (Sampling)
Chain 2: 
Chain 2:  Elapsed Time: 24.766 seconds (Warm-up)
Chain 2:                27.421 seconds (Sampling)
Chain 2:                52.187 seconds (Total)
Chain 2: 
Chain 3: Iteration: 10800 / 12000 [ 90%]  (Sampling)
Chain 1: Iteration: 10800 / 12000 [ 90%]  (Sampling)
Chain 3: Iteration: 12000 / 12000 [100%]  (Sampling)
Chain 3: 
Chain 3:  Elapsed Time: 25.701 seconds (Warm-up)
Chain 3:                39.017 seconds (Sampling)
Chain 3:                64.718 seconds (Total)
Chain 3: 
Chain 1: Iteration: 12000 / 12000 [100%]  (Sampling)
Chain 1: 
Chain 1:  Elapsed Time: 25.725 seconds (Warm-up)
Chain 1:                40.454 seconds (Sampling)
Chain 1:                66.179 seconds (Total)
Chain 1: 
Done!
Fitting s12.json, 5/17

SAMPLING FOR MODEL 'anon_model' NOW (CHAIN 1).
Chain 1: 
Chain 1: Gradient evaluation took 0.00026 seconds
Chain 1: 1000 transitions using 10 leapfrog steps per transition would take 2.6 seconds.
Chain 1: Adjust your expectations accordingly!
Chain 1: 
Chain 1: 

SAMPLING FOR MODEL 'anon_model' NOW (CHAIN 2).
Chain 2: 
Chain 2: Gradient evaluation took 0.000218 seconds
Chain 2: 1000 transitions using 10 leapfrog steps per transition would take 2.18 seconds.
Chain 2: Adjust your expectations accordingly!
Chain 2: 
Chain 2: 

SAMPLING FOR MODEL 'anon_model' NOW (CHAIN 3).
Chain 3: 
Chain 3: Gradient evaluation took 0.000224 seconds
Chain 3: 1000 transitions using 10 leapfrog steps per transition would take 2.24 seconds.
Chain 3: Adjust your expectations accordingly!
Chain 3: 
Chain 3: 

SAMPLING FOR MODEL 'anon_model' NOW (CHAIN 4).
Chain 4: 
Chain 4: Gradient evaluation took 0.000216 seconds
Chain 4: 1000 transitions using 10 leapfrog steps per transition would take 2.16 seconds.
Chain 4: Adjust your expectations accordingly!
Chain 4: 
Chain 4: 
Chain 1: Iteration:     1 / 12000 [  0%]  (Warmup)
Chain 2: Iteration:     1 / 12000 [  0%]  (Warmup)
Chain 3: Iteration:     1 / 12000 [  0%]  (Warmup)
Chain 4: Iteration:     1 / 12000 [  0%]  (Warmup)
Chain 2: Iteration:  1200 / 12000 [ 10%]  (Warmup)
Chain 3: Iteration:  1200 / 12000 [ 10%]  (Warmup)
Chain 1: Iteration:  1200 / 12000 [ 10%]  (Warmup)
Chain 4: Iteration:  1200 / 12000 [ 10%]  (Warmup)
Chain 1: Iteration:  2400 / 12000 [ 20%]  (Warmup)
Chain 2: Iteration:  2400 / 12000 [ 20%]  (Warmup)
Chain 3: Iteration:  2400 / 12000 [ 20%]  (Warmup)
Chain 4: Iteration:  2400 / 12000 [ 20%]  (Warmup)
Chain 1: Iteration:  3600 / 12000 [ 30%]  (Warmup)
Chain 2: Iteration:  3600 / 12000 [ 30%]  (Warmup)
Chain 3: Iteration:  3600 / 12000 [ 30%]  (Warmup)
Chain 4: Iteration:  3600 / 12000 [ 30%]  (Warmup)
Chain 1: Iteration:  4800 / 12000 [ 40%]  (Warmup)
Chain 2: Iteration:  4800 / 12000 [ 40%]  (Warmup)
Chain 3: Iteration:  4800 / 12000 [ 40%]  (Warmup)
Chain 4: Iteration:  4800 / 12000 [ 40%]  (Warmup)
Chain 1: Iteration:  6000 / 12000 [ 50%]  (Warmup)
Chain 1: Iteration:  6001 / 12000 [ 50%]  (Sampling)
Chain 2: Iteration:  6000 / 12000 [ 50%]  (Warmup)
Chain 2: Iteration:  6001 / 12000 [ 50%]  (Sampling)
Chain 3: Iteration:  6000 / 12000 [ 50%]  (Warmup)
Chain 3: Iteration:  6001 / 12000 [ 50%]  (Sampling)
Chain 4: Iteration:  6000 / 12000 [ 50%]  (Warmup)
Chain 4: Iteration:  6001 / 12000 [ 50%]  (Sampling)
Chain 2: Iteration:  7200 / 12000 [ 60%]  (Sampling)
Chain 1: Iteration:  7200 / 12000 [ 60%]  (Sampling)
Chain 2: Iteration:  8400 / 12000 [ 70%]  (Sampling)
Chain 4: Iteration:  7200 / 12000 [ 60%]  (Sampling)
Chain 1: Iteration:  8400 / 12000 [ 70%]  (Sampling)
Chain 3: Iteration:  7200 / 12000 [ 60%]  (Sampling)
Chain 2: Iteration:  9600 / 12000 [ 80%]  (Sampling)
Chain 1: Iteration:  9600 / 12000 [ 80%]  (Sampling)
Chain 4: Iteration:  8400 / 12000 [ 70%]  (Sampling)
Chain 2: Iteration: 10800 / 12000 [ 90%]  (Sampling)
Chain 3: Iteration:  8400 / 12000 [ 70%]  (Sampling)
Chain 1: Iteration: 10800 / 12000 [ 90%]  (Sampling)
Chain 2: Iteration: 12000 / 12000 [100%]  (Sampling)
Chain 2: 
Chain 2:  Elapsed Time: 25.492 seconds (Warm-up)
Chain 2:                19.899 seconds (Sampling)
Chain 2:                45.391 seconds (Total)
Chain 2: 
Chain 4: Iteration:  9600 / 12000 [ 80%]  (Sampling)
Chain 1: Iteration: 12000 / 12000 [100%]  (Sampling)
Chain 1: 
Chain 1:  Elapsed Time: 24.718 seconds (Warm-up)
Chain 1:                24.111 seconds (Sampling)
Chain 1:                48.829 seconds (Total)
Chain 1: 
Chain 3: Iteration:  9600 / 12000 [ 80%]  (Sampling)
Chain 4: Iteration: 10800 / 12000 [ 90%]  (Sampling)
Chain 3: Iteration: 10800 / 12000 [ 90%]  (Sampling)
Chain 4: Iteration: 12000 / 12000 [100%]  (Sampling)
Chain 4: 
Chain 4:  Elapsed Time: 26.719 seconds (Warm-up)
Chain 4:                35.844 seconds (Sampling)
Chain 4:                62.563 seconds (Total)
Chain 4: 
Chain 3: Iteration: 12000 / 12000 [100%]  (Sampling)
Chain 3: 
Chain 3:  Elapsed Time: 26.273 seconds (Warm-up)
Chain 3:                40.656 seconds (Sampling)
Chain 3:                66.929 seconds (Total)
Chain 3: 
Done!
Fitting s13.json, 6/17

SAMPLING FOR MODEL 'anon_model' NOW (CHAIN 1).
Chain 1: 
Chain 1: Gradient evaluation took 0.000243 seconds
Chain 1: 1000 transitions using 10 leapfrog steps per transition would take 2.43 seconds.
Chain 1: Adjust your expectations accordingly!
Chain 1: 
Chain 1: 

SAMPLING FOR MODEL 'anon_model' NOW (CHAIN 2).

SAMPLING FOR MODEL 'anon_model' NOW (CHAIN 3).
Chain 2: 
Chain 2: Gradient evaluation took 0.000281 seconds
Chain 2: 1000 transitions using 10 leapfrog steps per transition would take 2.81 seconds.
Chain 2: Adjust your expectations accordingly!
Chain 2: 
Chain 2: 
Chain 1: Iteration:     1 / 12000 [  0%]  (Warmup)
Chain 3: 
Chain 3: Gradient evaluation took 0.000216 seconds
Chain 3: 1000 transitions using 10 leapfrog steps per transition would take 2.16 seconds.
Chain 3: Adjust your expectations accordingly!
Chain 3: 
Chain 3: 
Chain 2: Iteration:     1 / 12000 [  0%]  (Warmup)
Chain 3: Iteration:     1 / 12000 [  0%]  (Warmup)

SAMPLING FOR MODEL 'anon_model' NOW (CHAIN 4).
Chain 4: 
Chain 4: Gradient evaluation took 0.000229 seconds
Chain 4: 1000 transitions using 10 leapfrog steps per transition would take 2.29 seconds.
Chain 4: Adjust your expectations accordingly!
Chain 4: 
Chain 4: 
Chain 4: Iteration:     1 / 12000 [  0%]  (Warmup)
Chain 1: Iteration:  1200 / 12000 [ 10%]  (Warmup)
Chain 2: Iteration:  1200 / 12000 [ 10%]  (Warmup)
Chain 3: Iteration:  1200 / 12000 [ 10%]  (Warmup)
Chain 4: Iteration:  1200 / 12000 [ 10%]  (Warmup)
Chain 1: Iteration:  2400 / 12000 [ 20%]  (Warmup)
Chain 2: Iteration:  2400 / 12000 [ 20%]  (Warmup)
Chain 3: Iteration:  2400 / 12000 [ 20%]  (Warmup)
Chain 4: Iteration:  2400 / 12000 [ 20%]  (Warmup)
Chain 1: Iteration:  3600 / 12000 [ 30%]  (Warmup)
Chain 2: Iteration:  3600 / 12000 [ 30%]  (Warmup)
Chain 3: Iteration:  3600 / 12000 [ 30%]  (Warmup)
Chain 4: Iteration:  3600 / 12000 [ 30%]  (Warmup)
Chain 2: Iteration:  4800 / 12000 [ 40%]  (Warmup)
Chain 1: Iteration:  4800 / 12000 [ 40%]  (Warmup)
Chain 3: Iteration:  4800 / 12000 [ 40%]  (Warmup)
Chain 4: Iteration:  4800 / 12000 [ 40%]  (Warmup)
Chain 2: Iteration:  6000 / 12000 [ 50%]  (Warmup)
Chain 2: Iteration:  6001 / 12000 [ 50%]  (Sampling)
Chain 1: Iteration:  6000 / 12000 [ 50%]  (Warmup)
Chain 1: Iteration:  6001 / 12000 [ 50%]  (Sampling)
Chain 3: Iteration:  6000 / 12000 [ 50%]  (Warmup)
Chain 3: Iteration:  6001 / 12000 [ 50%]  (Sampling)
Chain 4: Iteration:  6000 / 12000 [ 50%]  (Warmup)
Chain 4: Iteration:  6001 / 12000 [ 50%]  (Sampling)
Chain 2: Iteration:  7200 / 12000 [ 60%]  (Sampling)
Chain 3: Iteration:  7200 / 12000 [ 60%]  (Sampling)
Chain 1: Iteration:  7200 / 12000 [ 60%]  (Sampling)
Chain 4: Iteration:  7200 / 12000 [ 60%]  (Sampling)
Chain 3: Iteration:  8400 / 12000 [ 70%]  (Sampling)
Chain 2: Iteration:  8400 / 12000 [ 70%]  (Sampling)
Chain 1: Iteration:  8400 / 12000 [ 70%]  (Sampling)
Chain 4: Iteration:  8400 / 12000 [ 70%]  (Sampling)
Chain 3: Iteration:  9600 / 12000 [ 80%]  (Sampling)
Chain 2: Iteration:  9600 / 12000 [ 80%]  (Sampling)
Chain 1: Iteration:  9600 / 12000 [ 80%]  (Sampling)
Chain 4: Iteration:  9600 / 12000 [ 80%]  (Sampling)
Chain 3: Iteration: 10800 / 12000 [ 90%]  (Sampling)
Chain 2: Iteration: 10800 / 12000 [ 90%]  (Sampling)
Chain 1: Iteration: 10800 / 12000 [ 90%]  (Sampling)
Chain 3: Iteration: 12000 / 12000 [100%]  (Sampling)
Chain 3: 
Chain 3:  Elapsed Time: 24.357 seconds (Warm-up)
Chain 3:                19.531 seconds (Sampling)
Chain 3:                43.888 seconds (Total)
Chain 3: 
Chain 4: Iteration: 10800 / 12000 [ 90%]  (Sampling)
Chain 2: Iteration: 12000 / 12000 [100%]  (Sampling)
Chain 2: 
Chain 2:  Elapsed Time: 23.121 seconds (Warm-up)
Chain 2:                23.35 seconds (Sampling)
Chain 2:                46.471 seconds (Total)
Chain 2: 
Chain 1: Iteration: 12000 / 12000 [100%]  (Sampling)
Chain 1: 
Chain 1:  Elapsed Time: 23.497 seconds (Warm-up)
Chain 1:                24.168 seconds (Sampling)
Chain 1:                47.665 seconds (Total)
Chain 1: 
Chain 4: Iteration: 12000 / 12000 [100%]  (Sampling)
Chain 4: 
Chain 4:  Elapsed Time: 24.899 seconds (Warm-up)
Chain 4:                24.648 seconds (Sampling)
Chain 4:                49.547 seconds (Total)
Chain 4: 
Done!
Fitting s14.json, 7/17

SAMPLING FOR MODEL 'anon_model' NOW (CHAIN 1).

SAMPLING FOR MODEL 'anon_model' NOW (CHAIN 2).
Chain 1: 
Chain 1: Gradient evaluation took 0.000247 seconds
Chain 1: 1000 transitions using 10 leapfrog steps per transition would take 2.47 seconds.
Chain 1: Adjust your expectations accordingly!
Chain 1: 
Chain 1: 
Chain 2: 
Chain 2: Gradient evaluation took 0.000225 seconds
Chain 2: 1000 transitions using 10 leapfrog steps per transition would take 2.25 seconds.
Chain 2: Adjust your expectations accordingly!
Chain 2: 
Chain 2: 

SAMPLING FOR MODEL 'anon_model' NOW (CHAIN 3).
Chain 1: Iteration:     1 / 12000 [  0%]  (Warmup)
Chain 3: 
Chain 3: Gradient evaluation took 0.000225 seconds
Chain 3: 1000 transitions using 10 leapfrog steps per transition would take 2.25 seconds.
Chain 3: Adjust your expectations accordingly!
Chain 3: 
Chain 3: 
Chain 2: Iteration:     1 / 12000 [  0%]  (Warmup)

SAMPLING FOR MODEL 'anon_model' NOW (CHAIN 4).
Chain 4: 
Chain 4: Gradient evaluation took 0.000219 seconds
Chain 4: 1000 transitions using 10 leapfrog steps per transition would take 2.19 seconds.
Chain 4: Adjust your expectations accordingly!
Chain 4: 
Chain 4: 
Chain 3: Iteration:     1 / 12000 [  0%]  (Warmup)
Chain 4: Iteration:     1 / 12000 [  0%]  (Warmup)
Chain 1: Iteration:  1200 / 12000 [ 10%]  (Warmup)
Chain 3: Iteration:  1200 / 12000 [ 10%]  (Warmup)
Chain 2: Iteration:  1200 / 12000 [ 10%]  (Warmup)
Chain 4: Iteration:  1200 / 12000 [ 10%]  (Warmup)
Chain 3: Iteration:  2400 / 12000 [ 20%]  (Warmup)
Chain 1: Iteration:  2400 / 12000 [ 20%]  (Warmup)
Chain 2: Iteration:  2400 / 12000 [ 20%]  (Warmup)
Chain 4: Iteration:  2400 / 12000 [ 20%]  (Warmup)
Chain 3: Iteration:  3600 / 12000 [ 30%]  (Warmup)
Chain 1: Iteration:  3600 / 12000 [ 30%]  (Warmup)
Chain 2: Iteration:  3600 / 12000 [ 30%]  (Warmup)
Chain 4: Iteration:  3600 / 12000 [ 30%]  (Warmup)
Chain 3: Iteration:  4800 / 12000 [ 40%]  (Warmup)
Chain 2: Iteration:  4800 / 12000 [ 40%]  (Warmup)
Chain 1: Iteration:  4800 / 12000 [ 40%]  (Warmup)
Chain 4: Iteration:  4800 / 12000 [ 40%]  (Warmup)
Chain 1: Iteration:  6000 / 12000 [ 50%]  (Warmup)
Chain 3: Iteration:  6000 / 12000 [ 50%]  (Warmup)
Chain 3: Iteration:  6001 / 12000 [ 50%]  (Sampling)
Chain 1: Iteration:  6001 / 12000 [ 50%]  (Sampling)
Chain 2: Iteration:  6000 / 12000 [ 50%]  (Warmup)
Chain 2: Iteration:  6001 / 12000 [ 50%]  (Sampling)
Chain 4: Iteration:  6000 / 12000 [ 50%]  (Warmup)
Chain 4: Iteration:  6001 / 12000 [ 50%]  (Sampling)
Chain 1: Iteration:  7200 / 12000 [ 60%]  (Sampling)
Chain 4: Iteration:  7200 / 12000 [ 60%]  (Sampling)
Chain 3: Iteration:  7200 / 12000 [ 60%]  (Sampling)
Chain 2: Iteration:  7200 / 12000 [ 60%]  (Sampling)
Chain 1: Iteration:  8400 / 12000 [ 70%]  (Sampling)
Chain 4: Iteration:  8400 / 12000 [ 70%]  (Sampling)
Chain 3: Iteration:  8400 / 12000 [ 70%]  (Sampling)
Chain 4: Iteration:  9600 / 12000 [ 80%]  (Sampling)
Chain 1: Iteration:  9600 / 12000 [ 80%]  (Sampling)
Chain 2: Iteration:  8400 / 12000 [ 70%]  (Sampling)
Chain 4: Iteration: 10800 / 12000 [ 90%]  (Sampling)
Chain 1: Iteration: 10800 / 12000 [ 90%]  (Sampling)
Chain 3: Iteration:  9600 / 12000 [ 80%]  (Sampling)
Chain 4: Iteration: 12000 / 12000 [100%]  (Sampling)
Chain 4: 
Chain 4:  Elapsed Time: 35.803 seconds (Warm-up)
Chain 4:                26.185 seconds (Sampling)
Chain 4:                61.988 seconds (Total)
Chain 4: 
Chain 2: Iteration:  9600 / 12000 [ 80%]  (Sampling)
Chain 1: Iteration: 12000 / 12000 [100%]  (Sampling)
Chain 1: 
Chain 1:  Elapsed Time: 32.99 seconds (Warm-up)
Chain 1:                33.002 seconds (Sampling)
Chain 1:                65.992 seconds (Total)
Chain 1: 
Chain 3: Iteration: 10800 / 12000 [ 90%]  (Sampling)
Chain 2: Iteration: 10800 / 12000 [ 90%]  (Sampling)
Chain 3: Iteration: 12000 / 12000 [100%]  (Sampling)
Chain 3: 
Chain 3:  Elapsed Time: 32.987 seconds (Warm-up)
Chain 3:                44.823 seconds (Sampling)
Chain 3:                77.81 seconds (Total)
Chain 3: 
Chain 2: Iteration: 12000 / 12000 [100%]  (Sampling)
Chain 2: 
Chain 2:  Elapsed Time: 33.176 seconds (Warm-up)
Chain 2:                52.023 seconds (Sampling)
Chain 2:                85.199 seconds (Total)
Chain 2: 
Done!
Fitting s15.json, 8/17

SAMPLING FOR MODEL 'anon_model' NOW (CHAIN 1).
Chain 1: 
Chain 1: Gradient evaluation took 0.000259 seconds
Chain 1: 1000 transitions using 10 leapfrog steps per transition would take 2.59 seconds.
Chain 1: Adjust your expectations accordingly!
Chain 1: 
Chain 1: 

SAMPLING FOR MODEL 'anon_model' NOW (CHAIN 2).

SAMPLING FOR MODEL 'anon_model' NOW (CHAIN 3).
Chain 2: 
Chain 2: Gradient evaluation took 0.000221 seconds
Chain 2: 1000 transitions using 10 leapfrog steps per transition would take 2.21 seconds.
Chain 2: Adjust your expectations accordingly!
Chain 2: 
Chain 2: 
Chain 1: Iteration:     1 / 12000 [  0%]  (Warmup)
Chain 3: 
Chain 3: Gradient evaluation took 0.000224 seconds
Chain 3: 1000 transitions using 10 leapfrog steps per transition would take 2.24 seconds.
Chain 3: Adjust your expectations accordingly!
Chain 3: 
Chain 3: 

SAMPLING FOR MODEL 'anon_model' NOW (CHAIN 4).
Chain 4: 
Chain 4: Gradient evaluation took 0.000216 seconds
Chain 4: 1000 transitions using 10 leapfrog steps per transition would take 2.16 seconds.
Chain 4: Adjust your expectations accordingly!
Chain 4: 
Chain 4: 
Chain 2: Iteration:     1 / 12000 [  0%]  (Warmup)
Chain 3: Iteration:     1 / 12000 [  0%]  (Warmup)
Chain 4: Iteration:     1 / 12000 [  0%]  (Warmup)
Chain 3: Iteration:  1200 / 12000 [ 10%]  (Warmup)
Chain 4: Iteration:  1200 / 12000 [ 10%]  (Warmup)
Chain 1: Iteration:  1200 / 12000 [ 10%]  (Warmup)
Chain 2: Iteration:  1200 / 12000 [ 10%]  (Warmup)
Chain 3: Iteration:  2400 / 12000 [ 20%]  (Warmup)
Chain 4: Iteration:  2400 / 12000 [ 20%]  (Warmup)
Chain 2: Iteration:  2400 / 12000 [ 20%]  (Warmup)
Chain 1: Iteration:  2400 / 12000 [ 20%]  (Warmup)
Chain 3: Iteration:  3600 / 12000 [ 30%]  (Warmup)
Chain 4: Iteration:  3600 / 12000 [ 30%]  (Warmup)
Chain 2: Iteration:  3600 / 12000 [ 30%]  (Warmup)
Chain 1: Iteration:  3600 / 12000 [ 30%]  (Warmup)
Chain 3: Iteration:  4800 / 12000 [ 40%]  (Warmup)
Chain 4: Iteration:  4800 / 12000 [ 40%]  (Warmup)
Chain 2: Iteration:  4800 / 12000 [ 40%]  (Warmup)
Chain 1: Iteration:  4800 / 12000 [ 40%]  (Warmup)
Chain 3: Iteration:  6000 / 12000 [ 50%]  (Warmup)
Chain 3: Iteration:  6001 / 12000 [ 50%]  (Sampling)
Chain 4: Iteration:  6000 / 12000 [ 50%]  (Warmup)
Chain 4: Iteration:  6001 / 12000 [ 50%]  (Sampling)
Chain 2: Iteration:  6000 / 12000 [ 50%]  (Warmup)
Chain 2: Iteration:  6001 / 12000 [ 50%]  (Sampling)
Chain 1: Iteration:  6000 / 12000 [ 50%]  (Warmup)
Chain 1: Iteration:  6001 / 12000 [ 50%]  (Sampling)
Chain 3: Iteration:  7200 / 12000 [ 60%]  (Sampling)
Chain 2: Iteration:  7200 / 12000 [ 60%]  (Sampling)
Chain 1: Iteration:  7200 / 12000 [ 60%]  (Sampling)
Chain 4: Iteration:  7200 / 12000 [ 60%]  (Sampling)
Chain 3: Iteration:  8400 / 12000 [ 70%]  (Sampling)
Chain 2: Iteration:  8400 / 12000 [ 70%]  (Sampling)
Chain 1: Iteration:  8400 / 12000 [ 70%]  (Sampling)
Chain 4: Iteration:  8400 / 12000 [ 70%]  (Sampling)
Chain 3: Iteration:  9600 / 12000 [ 80%]  (Sampling)
Chain 2: Iteration:  9600 / 12000 [ 80%]  (Sampling)
Chain 1: Iteration:  9600 / 12000 [ 80%]  (Sampling)
Chain 2: Iteration: 10800 / 12000 [ 90%]  (Sampling)
Chain 3: Iteration: 10800 / 12000 [ 90%]  (Sampling)
Chain 4: Iteration:  9600 / 12000 [ 80%]  (Sampling)
Chain 1: Iteration: 10800 / 12000 [ 90%]  (Sampling)
Chain 2: Iteration: 12000 / 12000 [100%]  (Sampling)
Chain 2: 
Chain 2:  Elapsed Time: 23.311 seconds (Warm-up)
Chain 2:                18.298 seconds (Sampling)
Chain 2:                41.609 seconds (Total)
Chain 2: 
Chain 3: Iteration: 12000 / 12000 [100%]  (Sampling)
Chain 3: 
Chain 3:  Elapsed Time: 22.47 seconds (Warm-up)
Chain 3:                19.817 seconds (Sampling)
Chain 3:                42.287 seconds (Total)
Chain 3: 
Chain 1: Iteration: 12000 / 12000 [100%]  (Sampling)
Chain 1: 
Chain 1:  Elapsed Time: 23.619 seconds (Warm-up)
Chain 1:                20.221 seconds (Sampling)
Chain 1:                43.84 seconds (Total)
Chain 1: 
Chain 4: Iteration: 10800 / 12000 [ 90%]  (Sampling)
Chain 4: Iteration: 12000 / 12000 [100%]  (Sampling)
Chain 4: 
Chain 4:  Elapsed Time: 22.999 seconds (Warm-up)
Chain 4:                26.426 seconds (Sampling)
Chain 4:                49.425 seconds (Total)
Chain 4: 
Done!
Fitting s16.json, 9/17

SAMPLING FOR MODEL 'anon_model' NOW (CHAIN 1).
Chain 1: 
Chain 1: Gradient evaluation took 0.000238 seconds
Chain 1: 1000 transitions using 10 leapfrog steps per transition would take 2.38 seconds.
Chain 1: Adjust your expectations accordingly!
Chain 1: 
Chain 1: 

SAMPLING FOR MODEL 'anon_model' NOW (CHAIN 2).
Chain 1: Iteration:     1 / 12000 [  0%]  (Warmup)
Chain 2: 
Chain 2: Gradient evaluation took 0.000249 seconds
Chain 2: 1000 transitions using 10 leapfrog steps per transition would take 2.49 seconds.
Chain 2: Adjust your expectations accordingly!
Chain 2: 
Chain 2: 

SAMPLING FOR MODEL 'anon_model' NOW (CHAIN 3).
Chain 3: 
Chain 3: Gradient evaluation took 0.000216 seconds
Chain 3: 1000 transitions using 10 leapfrog steps per transition would take 2.16 seconds.
Chain 3: Adjust your expectations accordingly!
Chain 3: 
Chain 3: 
Chain 2: Iteration:     1 / 12000 [  0%]  (Warmup)

SAMPLING FOR MODEL 'anon_model' NOW (CHAIN 4).
Chain 4: 
Chain 4: Gradient evaluation took 0.00022 seconds
Chain 4: 1000 transitions using 10 leapfrog steps per transition would take 2.2 seconds.
Chain 4: Adjust your expectations accordingly!
Chain 4: 
Chain 4: 
Chain 3: Iteration:     1 / 12000 [  0%]  (Warmup)
Chain 4: Iteration:     1 / 12000 [  0%]  (Warmup)
Chain 2: Iteration:  1200 / 12000 [ 10%]  (Warmup)
Chain 3: Iteration:  1200 / 12000 [ 10%]  (Warmup)
Chain 4: Iteration:  1200 / 12000 [ 10%]  (Warmup)
Chain 1: Iteration:  1200 / 12000 [ 10%]  (Warmup)
Chain 2: Iteration:  2400 / 12000 [ 20%]  (Warmup)
Chain 4: Iteration:  2400 / 12000 [ 20%]  (Warmup)
Chain 3: Iteration:  2400 / 12000 [ 20%]  (Warmup)
Chain 1: Iteration:  2400 / 12000 [ 20%]  (Warmup)
Chain 2: Iteration:  3600 / 12000 [ 30%]  (Warmup)
Chain 3: Iteration:  3600 / 12000 [ 30%]  (Warmup)
Chain 4: Iteration:  3600 / 12000 [ 30%]  (Warmup)
Chain 1: Iteration:  3600 / 12000 [ 30%]  (Warmup)
Chain 2: Iteration:  4800 / 12000 [ 40%]  (Warmup)
Chain 3: Iteration:  4800 / 12000 [ 40%]  (Warmup)
Chain 1: Iteration:  4800 / 12000 [ 40%]  (Warmup)
Chain 4: Iteration:  4800 / 12000 [ 40%]  (Warmup)
Chain 2: Iteration:  6000 / 12000 [ 50%]  (Warmup)
Chain 2: Iteration:  6001 / 12000 [ 50%]  (Sampling)
Chain 3: Iteration:  6000 / 12000 [ 50%]  (Warmup)
Chain 3: Iteration:  6001 / 12000 [ 50%]  (Sampling)
Chain 1: Iteration:  6000 / 12000 [ 50%]  (Warmup)
Chain 1: Iteration:  6001 / 12000 [ 50%]  (Sampling)
Chain 4: Iteration:  6000 / 12000 [ 50%]  (Warmup)
Chain 4: Iteration:  6001 / 12000 [ 50%]  (Sampling)
Chain 3: Iteration:  7200 / 12000 [ 60%]  (Sampling)
Chain 2: Iteration:  7200 / 12000 [ 60%]  (Sampling)
Chain 4: Iteration:  7200 / 12000 [ 60%]  (Sampling)
Chain 3: Iteration:  8400 / 12000 [ 70%]  (Sampling)
Chain 1: Iteration:  7200 / 12000 [ 60%]  (Sampling)
Chain 2: Iteration:  8400 / 12000 [ 70%]  (Sampling)
Chain 3: Iteration:  9600 / 12000 [ 80%]  (Sampling)
Chain 4: Iteration:  8400 / 12000 [ 70%]  (Sampling)
Chain 2: Iteration:  9600 / 12000 [ 80%]  (Sampling)
Chain 3: Iteration: 10800 / 12000 [ 90%]  (Sampling)
Chain 1: Iteration:  8400 / 12000 [ 70%]  (Sampling)
Chain 2: Iteration: 10800 / 12000 [ 90%]  (Sampling)
Chain 4: Iteration:  9600 / 12000 [ 80%]  (Sampling)
Chain 3: Iteration: 12000 / 12000 [100%]  (Sampling)
Chain 3: 
Chain 3:  Elapsed Time: 36.55 seconds (Warm-up)
Chain 3:                29.414 seconds (Sampling)
Chain 3:                65.964 seconds (Total)
Chain 3: 
Chain 2: Iteration: 12000 / 12000 [100%]  (Sampling)
Chain 2: 
Chain 2:  Elapsed Time: 36.153 seconds (Warm-up)
Chain 2:                34.483 seconds (Sampling)
Chain 2:                70.636 seconds (Total)
Chain 2: 
Chain 4: Iteration: 10800 / 12000 [ 90%]  (Sampling)
Chain 1: Iteration:  9600 / 12000 [ 80%]  (Sampling)
Chain 4: Iteration: 12000 / 12000 [100%]  (Sampling)
Chain 4: 
Chain 4:  Elapsed Time: 37.74 seconds (Warm-up)
Chain 4:                44.451 seconds (Sampling)
Chain 4:                82.191 seconds (Total)
Chain 4: 
Chain 1: Iteration: 10800 / 12000 [ 90%]  (Sampling)
Chain 1: Iteration: 12000 / 12000 [100%]  (Sampling)
Chain 1: 
Chain 1:  Elapsed Time: 37.117 seconds (Warm-up)
Chain 1:                59.974 seconds (Sampling)
Chain 1:                97.091 seconds (Total)
Chain 1: 
Done!
Fitting s2.json, 10/17

SAMPLING FOR MODEL 'anon_model' NOW (CHAIN 1).
Chain 1: 
Chain 1: Gradient evaluation took 0.000237 seconds
Chain 1: 1000 transitions using 10 leapfrog steps per transition would take 2.37 seconds.
Chain 1: Adjust your expectations accordingly!
Chain 1: 
Chain 1: 

SAMPLING FOR MODEL 'anon_model' NOW (CHAIN 2).

SAMPLING FOR MODEL 'anon_model' NOW (CHAIN 3).
Chain 2: 
Chain 2: Gradient evaluation took 0.000223 seconds
Chain 2: 1000 transitions using 10 leapfrog steps per transition would take 2.23 seconds.
Chain 2: Adjust your expectations accordingly!
Chain 2: 
Chain 2: 
Chain 3: 
Chain 3: Gradient evaluation took 0.000215 seconds
Chain 3: 1000 transitions using 10 leapfrog steps per transition would take 2.15 seconds.
Chain 3: Adjust your expectations accordingly!
Chain 3: 
Chain 3: 

SAMPLING FOR MODEL 'anon_model' NOW (CHAIN 4).
Chain 4: 
Chain 4: Gradient evaluation took 0.000208 seconds
Chain 4: 1000 transitions using 10 leapfrog steps per transition would take 2.08 seconds.
Chain 4: Adjust your expectations accordingly!
Chain 4: 
Chain 4: 
Chain 1: Iteration:     1 / 12000 [  0%]  (Warmup)
Chain 2: Iteration:     1 / 12000 [  0%]  (Warmup)
Chain 3: Iteration:     1 / 12000 [  0%]  (Warmup)
Chain 4: Iteration:     1 / 12000 [  0%]  (Warmup)
Chain 4: Iteration:  1200 / 12000 [ 10%]  (Warmup)
Chain 3: Iteration:  1200 / 12000 [ 10%]  (Warmup)
Chain 2: Iteration:  1200 / 12000 [ 10%]  (Warmup)
Chain 1: Iteration:  1200 / 12000 [ 10%]  (Warmup)
Chain 2: Iteration:  2400 / 12000 [ 20%]  (Warmup)
Chain 3: Iteration:  2400 / 12000 [ 20%]  (Warmup)
Chain 4: Iteration:  2400 / 12000 [ 20%]  (Warmup)
Chain 1: Iteration:  2400 / 12000 [ 20%]  (Warmup)
Chain 2: Iteration:  3600 / 12000 [ 30%]  (Warmup)
Chain 4: Iteration:  3600 / 12000 [ 30%]  (Warmup)
Chain 1: Iteration:  3600 / 12000 [ 30%]  (Warmup)
Chain 3: Iteration:  3600 / 12000 [ 30%]  (Warmup)
Chain 2: Iteration:  4800 / 12000 [ 40%]  (Warmup)
Chain 1: Iteration:  4800 / 12000 [ 40%]  (Warmup)
Chain 4: Iteration:  4800 / 12000 [ 40%]  (Warmup)
Chain 3: Iteration:  4800 / 12000 [ 40%]  (Warmup)
Chain 2: Iteration:  6000 / 12000 [ 50%]  (Warmup)
Chain 2: Iteration:  6001 / 12000 [ 50%]  (Sampling)
Chain 1: Iteration:  6000 / 12000 [ 50%]  (Warmup)
Chain 1: Iteration:  6001 / 12000 [ 50%]  (Sampling)
Chain 4: Iteration:  6000 / 12000 [ 50%]  (Warmup)
Chain 4: Iteration:  6001 / 12000 [ 50%]  (Sampling)
Chain 3: Iteration:  6000 / 12000 [ 50%]  (Warmup)
Chain 3: Iteration:  6001 / 12000 [ 50%]  (Sampling)
Chain 3: Iteration:  7200 / 12000 [ 60%]  (Sampling)
Chain 2: Iteration:  7200 / 12000 [ 60%]  (Sampling)
Chain 4: Iteration:  7200 / 12000 [ 60%]  (Sampling)
Chain 1: Iteration:  7200 / 12000 [ 60%]  (Sampling)
Chain 3: Iteration:  8400 / 12000 [ 70%]  (Sampling)
Chain 2: Iteration:  8400 / 12000 [ 70%]  (Sampling)
Chain 3: Iteration:  9600 / 12000 [ 80%]  (Sampling)
Chain 4: Iteration:  8400 / 12000 [ 70%]  (Sampling)
Chain 1: Iteration:  8400 / 12000 [ 70%]  (Sampling)
Chain 3: Iteration: 10800 / 12000 [ 90%]  (Sampling)
Chain 2: Iteration:  9600 / 12000 [ 80%]  (Sampling)
Chain 4: Iteration:  9600 / 12000 [ 80%]  (Sampling)
Chain 3: Iteration: 12000 / 12000 [100%]  (Sampling)
Chain 3: 
Chain 3:  Elapsed Time: 21.811 seconds (Warm-up)
Chain 3:                20.075 seconds (Sampling)
Chain 3:                41.886 seconds (Total)
Chain 3: 
Chain 1: Iteration:  9600 / 12000 [ 80%]  (Sampling)
Chain 2: Iteration: 10800 / 12000 [ 90%]  (Sampling)
Chain 4: Iteration: 10800 / 12000 [ 90%]  (Sampling)
Chain 1: Iteration: 10800 / 12000 [ 90%]  (Sampling)
Chain 2: Iteration: 12000 / 12000 [100%]  (Sampling)
Chain 2: 
Chain 2:  Elapsed Time: 21.317 seconds (Warm-up)
Chain 2:                29.154 seconds (Sampling)
Chain 2:                50.471 seconds (Total)
Chain 2: 
Chain 4: Iteration: 12000 / 12000 [100%]  (Sampling)
Chain 4: 
Chain 4:  Elapsed Time: 21.785 seconds (Warm-up)
Chain 4:                33.561 seconds (Sampling)
Chain 4:                55.346 seconds (Total)
Chain 4: 
Chain 1: Iteration: 12000 / 12000 [100%]  (Sampling)
Chain 1: 
Chain 1:  Elapsed Time: 21.402 seconds (Warm-up)
Chain 1:                34.231 seconds (Sampling)
Chain 1:                55.633 seconds (Total)
Chain 1: 
Done!
Fitting s3.json, 11/17

SAMPLING FOR MODEL 'anon_model' NOW (CHAIN 1).
Chain 1: 
Chain 1: Gradient evaluation took 0.000241 seconds
Chain 1: 1000 transitions using 10 leapfrog steps per transition would take 2.41 seconds.
Chain 1: Adjust your expectations accordingly!
Chain 1: 
Chain 1: 

SAMPLING FOR MODEL 'anon_model' NOW (CHAIN 2).
Chain 1: Iteration:     1 / 12000 [  0%]  (Warmup)
Chain 2: 
Chain 2: Gradient evaluation took 0.00023 seconds
Chain 2: 1000 transitions using 10 leapfrog steps per transition would take 2.3 seconds.
Chain 2: Adjust your expectations accordingly!
Chain 2: 
Chain 2: 

SAMPLING FOR MODEL 'anon_model' NOW (CHAIN 3).
Chain 2: Iteration:     1 / 12000 [  0%]  (Warmup)
Chain 3: 
Chain 3: Gradient evaluation took 0.000236 seconds
Chain 3: 1000 transitions using 10 leapfrog steps per transition would take 2.36 seconds.
Chain 3: Adjust your expectations accordingly!
Chain 3: 
Chain 3: 
Chain 3: Iteration:     1 / 12000 [  0%]  (Warmup)

SAMPLING FOR MODEL 'anon_model' NOW (CHAIN 4).
Chain 4: 
Chain 4: Gradient evaluation took 0.000213 seconds
Chain 4: 1000 transitions using 10 leapfrog steps per transition would take 2.13 seconds.
Chain 4: Adjust your expectations accordingly!
Chain 4: 
Chain 4: 
Chain 4: Iteration:     1 / 12000 [  0%]  (Warmup)
Chain 4: Iteration:  1200 / 12000 [ 10%]  (Warmup)
Chain 3: Iteration:  1200 / 12000 [ 10%]  (Warmup)
Chain 2: Iteration:  1200 / 12000 [ 10%]  (Warmup)
Chain 1: Iteration:  1200 / 12000 [ 10%]  (Warmup)
Chain 4: Iteration:  2400 / 12000 [ 20%]  (Warmup)
Chain 3: Iteration:  2400 / 12000 [ 20%]  (Warmup)
Chain 2: Iteration:  2400 / 12000 [ 20%]  (Warmup)
Chain 1: Iteration:  2400 / 12000 [ 20%]  (Warmup)
Chain 4: Iteration:  3600 / 12000 [ 30%]  (Warmup)
Chain 3: Iteration:  3600 / 12000 [ 30%]  (Warmup)
Chain 2: Iteration:  3600 / 12000 [ 30%]  (Warmup)
Chain 1: Iteration:  3600 / 12000 [ 30%]  (Warmup)
Chain 4: Iteration:  4800 / 12000 [ 40%]  (Warmup)
Chain 3: Iteration:  4800 / 12000 [ 40%]  (Warmup)
Chain 2: Iteration:  4800 / 12000 [ 40%]  (Warmup)
Chain 1: Iteration:  4800 / 12000 [ 40%]  (Warmup)
Chain 3: Iteration:  6000 / 12000 [ 50%]  (Warmup)
Chain 3: Iteration:  6001 / 12000 [ 50%]  (Sampling)
Chain 4: Iteration:  6000 / 12000 [ 50%]  (Warmup)
Chain 4: Iteration:  6001 / 12000 [ 50%]  (Sampling)
Chain 1: Iteration:  6000 / 12000 [ 50%]  (Warmup)
Chain 1: Iteration:  6001 / 12000 [ 50%]  (Sampling)
Chain 2: Iteration:  6000 / 12000 [ 50%]  (Warmup)
Chain 2: Iteration:  6001 / 12000 [ 50%]  (Sampling)
Chain 3: Iteration:  7200 / 12000 [ 60%]  (Sampling)
Chain 4: Iteration:  7200 / 12000 [ 60%]  (Sampling)
Chain 1: Iteration:  7200 / 12000 [ 60%]  (Sampling)
Chain 3: Iteration:  8400 / 12000 [ 70%]  (Sampling)
Chain 2: Iteration:  7200 / 12000 [ 60%]  (Sampling)
Chain 4: Iteration:  8400 / 12000 [ 70%]  (Sampling)
Chain 3: Iteration:  9600 / 12000 [ 80%]  (Sampling)
Chain 1: Iteration:  8400 / 12000 [ 70%]  (Sampling)
Chain 4: Iteration:  9600 / 12000 [ 80%]  (Sampling)
Chain 2: Iteration:  8400 / 12000 [ 70%]  (Sampling)
Chain 3: Iteration: 10800 / 12000 [ 90%]  (Sampling)
Chain 1: Iteration:  9600 / 12000 [ 80%]  (Sampling)
Chain 4: Iteration: 10800 / 12000 [ 90%]  (Sampling)
Chain 3: Iteration: 12000 / 12000 [100%]  (Sampling)
Chain 3: 
Chain 3:  Elapsed Time: 24.477 seconds (Warm-up)
Chain 3:                20.348 seconds (Sampling)
Chain 3:                44.825 seconds (Total)
Chain 3: 
Chain 2: Iteration:  9600 / 12000 [ 80%]  (Sampling)
Chain 4: Iteration: 12000 / 12000 [100%]  (Sampling)
Chain 4: 
Chain 4:  Elapsed Time: 24.838 seconds (Warm-up)
Chain 4:                23.494 seconds (Sampling)
Chain 4:                48.332 seconds (Total)
Chain 4: 
Chain 1: Iteration: 10800 / 12000 [ 90%]  (Sampling)
Chain 1: Iteration: 12000 / 12000 [100%]  (Sampling)
Chain 1: 
Chain 1:  Elapsed Time: 25.679 seconds (Warm-up)
Chain 1:                28.301 seconds (Sampling)
Chain 1:                53.98 seconds (Total)
Chain 1: 
Chain 2: Iteration: 10800 / 12000 [ 90%]  (Sampling)
Chain 2: Iteration: 12000 / 12000 [100%]  (Sampling)
Chain 2: 
Chain 2:  Elapsed Time: 25.787 seconds (Warm-up)
Chain 2:                36.259 seconds (Sampling)
Chain 2:                62.046 seconds (Total)
Chain 2: 
Done!
Fitting s4.json, 12/17

SAMPLING FOR MODEL 'anon_model' NOW (CHAIN 1).
Chain 1: 
Chain 1: Gradient evaluation took 0.000248 seconds
Chain 1: 1000 transitions using 10 leapfrog steps per transition would take 2.48 seconds.
Chain 1: Adjust your expectations accordingly!
Chain 1: 
Chain 1: 

SAMPLING FOR MODEL 'anon_model' NOW (CHAIN 2).
Chain 1: Iteration:     1 / 12000 [  0%]  (Warmup)
Chain 2: 
Chain 2: Gradient evaluation took 0.00023 seconds
Chain 2: 1000 transitions using 10 leapfrog steps per transition would take 2.3 seconds.
Chain 2: Adjust your expectations accordingly!
Chain 2: 
Chain 2: 
Chain 2: Iteration:     1 / 12000 [  0%]  (Warmup)

SAMPLING FOR MODEL 'anon_model' NOW (CHAIN 3).
Chain 3: 
Chain 3: Gradient evaluation took 0.000224 seconds
Chain 3: 1000 transitions using 10 leapfrog steps per transition would take 2.24 seconds.
Chain 3: Adjust your expectations accordingly!
Chain 3: 
Chain 3: 

SAMPLING FOR MODEL 'anon_model' NOW (CHAIN 4).
Chain 3: Iteration:     1 / 12000 [  0%]  (Warmup)
Chain 4: 
Chain 4: Gradient evaluation took 0.000223 seconds
Chain 4: 1000 transitions using 10 leapfrog steps per transition would take 2.23 seconds.
Chain 4: Adjust your expectations accordingly!
Chain 4: 
Chain 4: 
Chain 4: Iteration:     1 / 12000 [  0%]  (Warmup)
Chain 1: Iteration:  1200 / 12000 [ 10%]  (Warmup)
Chain 3: Iteration:  1200 / 12000 [ 10%]  (Warmup)
Chain 4: Iteration:  1200 / 12000 [ 10%]  (Warmup)
Chain 2: Iteration:  1200 / 12000 [ 10%]  (Warmup)
Chain 1: Iteration:  2400 / 12000 [ 20%]  (Warmup)
Chain 3: Iteration:  2400 / 12000 [ 20%]  (Warmup)
Chain 4: Iteration:  2400 / 12000 [ 20%]  (Warmup)
Chain 2: Iteration:  2400 / 12000 [ 20%]  (Warmup)
Chain 1: Iteration:  3600 / 12000 [ 30%]  (Warmup)
Chain 3: Iteration:  3600 / 12000 [ 30%]  (Warmup)
Chain 4: Iteration:  3600 / 12000 [ 30%]  (Warmup)
Chain 2: Iteration:  3600 / 12000 [ 30%]  (Warmup)
Chain 1: Iteration:  4800 / 12000 [ 40%]  (Warmup)
Chain 3: Iteration:  4800 / 12000 [ 40%]  (Warmup)
Chain 4: Iteration:  4800 / 12000 [ 40%]  (Warmup)
Chain 2: Iteration:  4800 / 12000 [ 40%]  (Warmup)
Chain 1: Iteration:  6000 / 12000 [ 50%]  (Warmup)
Chain 1: Iteration:  6001 / 12000 [ 50%]  (Sampling)
Chain 3: Iteration:  6000 / 12000 [ 50%]  (Warmup)
Chain 3: Iteration:  6001 / 12000 [ 50%]  (Sampling)
Chain 4: Iteration:  6000 / 12000 [ 50%]  (Warmup)
Chain 4: Iteration:  6001 / 12000 [ 50%]  (Sampling)
Chain 2: Iteration:  6000 / 12000 [ 50%]  (Warmup)
Chain 2: Iteration:  6001 / 12000 [ 50%]  (Sampling)
Chain 4: Iteration:  7200 / 12000 [ 60%]  (Sampling)
Chain 1: Iteration:  7200 / 12000 [ 60%]  (Sampling)
Chain 3: Iteration:  7200 / 12000 [ 60%]  (Sampling)
Chain 2: Iteration:  7200 / 12000 [ 60%]  (Sampling)
Chain 4: Iteration:  8400 / 12000 [ 70%]  (Sampling)
Chain 1: Iteration:  8400 / 12000 [ 70%]  (Sampling)
Chain 4: Iteration:  9600 / 12000 [ 80%]  (Sampling)
Chain 2: Iteration:  8400 / 12000 [ 70%]  (Sampling)
Chain 3: Iteration:  8400 / 12000 [ 70%]  (Sampling)
Chain 4: Iteration: 10800 / 12000 [ 90%]  (Sampling)
Chain 1: Iteration:  9600 / 12000 [ 80%]  (Sampling)
Chain 2: Iteration:  9600 / 12000 [ 80%]  (Sampling)
Chain 3: Iteration:  9600 / 12000 [ 80%]  (Sampling)
Chain 4: Iteration: 12000 / 12000 [100%]  (Sampling)
Chain 4: 
Chain 4:  Elapsed Time: 29.046 seconds (Warm-up)
Chain 4:                22.764 seconds (Sampling)
Chain 4:                51.81 seconds (Total)
Chain 4: 
Chain 2: Iteration: 10800 / 12000 [ 90%]  (Sampling)
Chain 1: Iteration: 10800 / 12000 [ 90%]  (Sampling)
Chain 3: Iteration: 10800 / 12000 [ 90%]  (Sampling)
Chain 2: Iteration: 12000 / 12000 [100%]  (Sampling)
Chain 2: 
Chain 2:  Elapsed Time: 30.92 seconds (Warm-up)
Chain 2:                30.012 seconds (Sampling)
Chain 2:                60.932 seconds (Total)
Chain 2: 
Chain 1: Iteration: 12000 / 12000 [100%]  (Sampling)
Chain 1: 
Chain 1:  Elapsed Time: 28.938 seconds (Warm-up)
Chain 1:                33.021 seconds (Sampling)
Chain 1:                61.959 seconds (Total)
Chain 1: 
Chain 3: Iteration: 12000 / 12000 [100%]  (Sampling)
Chain 3: 
Chain 3:  Elapsed Time: 29.013 seconds (Warm-up)
Chain 3:                35.639 seconds (Sampling)
Chain 3:                64.652 seconds (Total)
Chain 3: 
Done!
Fitting s5.json, 13/17

SAMPLING FOR MODEL 'anon_model' NOW (CHAIN 1).

SAMPLING FOR MODEL 'anon_model' NOW (CHAIN 2).
Chain 1: 
Chain 1: Gradient evaluation took 0.000236 seconds
Chain 1: 1000 transitions using 10 leapfrog steps per transition would take 2.36 seconds.
Chain 1: Adjust your expectations accordingly!
Chain 1: 
Chain 1: 
Chain 2: 
Chain 2: Gradient evaluation took 0.000239 seconds
Chain 2: 1000 transitions using 10 leapfrog steps per transition would take 2.39 seconds.
Chain 2: Adjust your expectations accordingly!
Chain 2: 
Chain 2: 
Chain 1: Iteration:     1 / 12000 [  0%]  (Warmup)
Chain 2: Iteration:     1 / 12000 [  0%]  (Warmup)

SAMPLING FOR MODEL 'anon_model' NOW (CHAIN 3).
Chain 3: 
Chain 3: Gradient evaluation took 0.000741 seconds
Chain 3: 1000 transitions using 10 leapfrog steps per transition would take 7.41 seconds.
Chain 3: Adjust your expectations accordingly!
Chain 3: 
Chain 3: 

SAMPLING FOR MODEL 'anon_model' NOW (CHAIN 4).
Chain 3: Iteration:     1 / 12000 [  0%]  (Warmup)
Chain 4: 
Chain 4: Gradient evaluation took 0.000233 seconds
Chain 4: 1000 transitions using 10 leapfrog steps per transition would take 2.33 seconds.
Chain 4: Adjust your expectations accordingly!
Chain 4: 
Chain 4: 
Chain 4: Iteration:     1 / 12000 [  0%]  (Warmup)
Chain 1: Iteration:  1200 / 12000 [ 10%]  (Warmup)
Chain 3: Iteration:  1200 / 12000 [ 10%]  (Warmup)
Chain 2: Iteration:  1200 / 12000 [ 10%]  (Warmup)
Chain 4: Iteration:  1200 / 12000 [ 10%]  (Warmup)
Chain 1: Iteration:  2400 / 12000 [ 20%]  (Warmup)
Chain 3: Iteration:  2400 / 12000 [ 20%]  (Warmup)
Chain 2: Iteration:  2400 / 12000 [ 20%]  (Warmup)
Chain 4: Iteration:  2400 / 12000 [ 20%]  (Warmup)
Chain 1: Iteration:  3600 / 12000 [ 30%]  (Warmup)
Chain 3: Iteration:  3600 / 12000 [ 30%]  (Warmup)
Chain 2: Iteration:  3600 / 12000 [ 30%]  (Warmup)
Chain 4: Iteration:  3600 / 12000 [ 30%]  (Warmup)
Chain 1: Iteration:  4800 / 12000 [ 40%]  (Warmup)
Chain 3: Iteration:  4800 / 12000 [ 40%]  (Warmup)
Chain 2: Iteration:  4800 / 12000 [ 40%]  (Warmup)
Chain 4: Iteration:  4800 / 12000 [ 40%]  (Warmup)
Chain 1: Iteration:  6000 / 12000 [ 50%]  (Warmup)
Chain 1: Iteration:  6001 / 12000 [ 50%]  (Sampling)
Chain 2: Iteration:  6000 / 12000 [ 50%]  (Warmup)
Chain 2: Iteration:  6001 / 12000 [ 50%]  (Sampling)
Chain 3: Iteration:  6000 / 12000 [ 50%]  (Warmup)
Chain 3: Iteration:  6001 / 12000 [ 50%]  (Sampling)
Chain 4: Iteration:  6000 / 12000 [ 50%]  (Warmup)
Chain 4: Iteration:  6001 / 12000 [ 50%]  (Sampling)
Chain 1: Iteration:  7200 / 12000 [ 60%]  (Sampling)
Chain 2: Iteration:  7200 / 12000 [ 60%]  (Sampling)
Chain 4: Iteration:  7200 / 12000 [ 60%]  (Sampling)
Chain 3: Iteration:  7200 / 12000 [ 60%]  (Sampling)
Chain 1: Iteration:  8400 / 12000 [ 70%]  (Sampling)
Chain 2: Iteration:  8400 / 12000 [ 70%]  (Sampling)
Chain 4: Iteration:  8400 / 12000 [ 70%]  (Sampling)
Chain 2: Iteration:  9600 / 12000 [ 80%]  (Sampling)
Chain 4: Iteration:  9600 / 12000 [ 80%]  (Sampling)
Chain 1: Iteration:  9600 / 12000 [ 80%]  (Sampling)
Chain 3: Iteration:  8400 / 12000 [ 70%]  (Sampling)
Chain 2: Iteration: 10800 / 12000 [ 90%]  (Sampling)
Chain 4: Iteration: 10800 / 12000 [ 90%]  (Sampling)
Chain 1: Iteration: 10800 / 12000 [ 90%]  (Sampling)
Chain 2: Iteration: 12000 / 12000 [100%]  (Sampling)
Chain 2: 
Chain 2:  Elapsed Time: 41.589 seconds (Warm-up)
Chain 2:                32.069 seconds (Sampling)
Chain 2:                73.658 seconds (Total)
Chain 2: 
Chain 3: Iteration:  9600 / 12000 [ 80%]  (Sampling)
Chain 4: Iteration: 12000 / 12000 [100%]  (Sampling)
Chain 4: 
Chain 4:  Elapsed Time: 42.405 seconds (Warm-up)
Chain 4:                31.704 seconds (Sampling)
Chain 4:                74.109 seconds (Total)
Chain 4: 
Chain 1: Iteration: 12000 / 12000 [100%]  (Sampling)
Chain 1: 
Chain 1:  Elapsed Time: 40.327 seconds (Warm-up)
Chain 1:                35.162 seconds (Sampling)
Chain 1:                75.489 seconds (Total)
Chain 1: 
Chain 3: Iteration: 10800 / 12000 [ 90%]  (Sampling)
Chain 3: Iteration: 12000 / 12000 [100%]  (Sampling)
Chain 3: 
Chain 3:  Elapsed Time: 41.952 seconds (Warm-up)
Chain 3:                51.709 seconds (Sampling)
Chain 3:                93.661 seconds (Total)
Chain 3: 
Done!
Fitting s6.json, 14/17

SAMPLING FOR MODEL 'anon_model' NOW (CHAIN 1).
Chain 
1SAMPLING: 
 FOR MODEL 'anon_model' NOW (CHAIN 2).
Chain 1: Gradient evaluation took 0.000366 seconds
Chain 1: 1000 transitions using 10 leapfrog steps per transition would take 3.66 seconds.
Chain 1: Adjust your expectations accordingly!
Chain 1: 
Chain 1: 
Chain 2: 
Chain 2: Gradient evaluation took 0.000229 seconds
Chain 2: 1000 transitions using 10 leapfrog steps per transition would take 2.29 seconds.
Chain 2: Adjust your expectations accordingly!
Chain 2: 
Chain 2: 

SAMPLING FOR MODEL 'anon_model' NOW (CHAIN 3).
Chain 1: Iteration:     1 / 12000 [  0%]  (Warmup)
Chain 3: 
Chain 3: Gradient evaluation took 0.000222 seconds
Chain 3: 1000 transitions using 10 leapfrog steps per transition would take 2.22 seconds.
Chain 3: Adjust your expectations accordingly!
Chain 3: 
Chain 3: 
Chain 2: Iteration:     1 / 12000 [  0%]  (Warmup)

SAMPLING FOR MODEL 'anon_model' NOW (CHAIN 4).
Chain 3: Iteration:     1 / 12000 [  0%]  (Warmup)
Chain 4: 
Chain 4: Gradient evaluation took 0.000229 seconds
Chain 4: 1000 transitions using 10 leapfrog steps per transition would take 2.29 seconds.
Chain 4: Adjust your expectations accordingly!
Chain 4: 
Chain 4: 
Chain 4: Iteration:     1 / 12000 [  0%]  (Warmup)
Chain 3: Iteration:  1200 / 12000 [ 10%]  (Warmup)
Chain 4: Iteration:  1200 / 12000 [ 10%]  (Warmup)
Chain 2: Iteration:  1200 / 12000 [ 10%]  (Warmup)
Chain 1: Iteration:  1200 / 12000 [ 10%]  (Warmup)
Chain 3: Iteration:  2400 / 12000 [ 20%]  (Warmup)
Chain 2: Iteration:  2400 / 12000 [ 20%]  (Warmup)
Chain 1: Iteration:  2400 / 12000 [ 20%]  (Warmup)
Chain 4: Iteration:  2400 / 12000 [ 20%]  (Warmup)
Chain 3: Iteration:  3600 / 12000 [ 30%]  (Warmup)
Chain 4: Iteration:  3600 / 12000 [ 30%]  (Warmup)
Chain 2: Iteration:  3600 / 12000 [ 30%]  (Warmup)
Chain 1: Iteration:  3600 / 12000 [ 30%]  (Warmup)
Chain 3: Iteration:  4800 / 12000 [ 40%]  (Warmup)
Chain 4: Iteration:  4800 / 12000 [ 40%]  (Warmup)
Chain 2: Iteration:  4800 / 12000 [ 40%]  (Warmup)
Chain 1: Iteration:  4800 / 12000 [ 40%]  (Warmup)
Chain 4: Iteration:  6000 / 12000 [ 50%]  (Warmup)
Chain 4: Iteration:  6001 / 12000 [ 50%]  (Sampling)
Chain 3: Iteration:  6000 / 12000 [ 50%]  (Warmup)
Chain 3: Iteration:  6001 / 12000 [ 50%]  (Sampling)
Chain 2: Iteration:  6000 / 12000 [ 50%]  (Warmup)
Chain 2: Iteration:  6001 / 12000 [ 50%]  (Sampling)
Chain 1: Iteration:  6000 / 12000 [ 50%]  (Warmup)
Chain 1: Iteration:  6001 / 12000 [ 50%]  (Sampling)
Chain 4: Iteration:  7200 / 12000 [ 60%]  (Sampling)
Chain 2: Iteration:  7200 / 12000 [ 60%]  (Sampling)
Chain 1: Iteration:  7200 / 12000 [ 60%]  (Sampling)
Chain 3: Iteration:  7200 / 12000 [ 60%]  (Sampling)
Chain 4: Iteration:  8400 / 12000 [ 70%]  (Sampling)
Chain 1: Iteration:  8400 / 12000 [ 70%]  (Sampling)
Chain 2: Iteration:  8400 / 12000 [ 70%]  (Sampling)
Chain 3: Iteration:  8400 / 12000 [ 70%]  (Sampling)
Chain 4: Iteration:  9600 / 12000 [ 80%]  (Sampling)
Chain 1: Iteration:  9600 / 12000 [ 80%]  (Sampling)
Chain 2: Iteration:  9600 / 12000 [ 80%]  (Sampling)
Chain 3: Iteration:  9600 / 12000 [ 80%]  (Sampling)
Chain 4: Iteration: 10800 / 12000 [ 90%]  (Sampling)
Chain 1: Iteration: 10800 / 12000 [ 90%]  (Sampling)
Chain 2: Iteration: 10800 / 12000 [ 90%]  (Sampling)
Chain 3: Iteration: 10800 / 12000 [ 90%]  (Sampling)
Chain 4: Iteration: 12000 / 12000 [100%]  (Sampling)
Chain 4: 
Chain 4:  Elapsed Time: 32.015 seconds (Warm-up)
Chain 4:                46.059 seconds (Sampling)
Chain 4:                78.074 seconds (Total)
Chain 4: 
Chain 1: Iteration: 12000 / 12000 [100%]  (Sampling)
Chain 1: 
Chain 1:  Elapsed Time: 32.774 seconds (Warm-up)
Chain 1:                51.771 seconds (Sampling)
Chain 1:                84.545 seconds (Total)
Chain 1: 
Chain 2: Iteration: 12000 / 12000 [100%]  (Sampling)
Chain 2: 
Chain 2:  Elapsed Time: 32.518 seconds (Warm-up)
Chain 2:                52.738 seconds (Sampling)
Chain 2:                85.256 seconds (Total)
Chain 2: 
Chain 3: Iteration: 12000 / 12000 [100%]  (Sampling)
Chain 3: 
Chain 3:  Elapsed Time: 32.343 seconds (Warm-up)
Chain 3:                55.796 seconds (Sampling)
Chain 3:                88.139 seconds (Total)
Chain 3: 
Done!
Fitting s7.json, 15/17

SAMPLING FOR MODEL 'anon_model' NOW (CHAIN 1).
Chain 1: 
Chain 1: Gradient evaluation took 0.00028 seconds
Chain 1: 1000 transitions using 10 leapfrog steps per transition would take 2.8 seconds.
Chain 1: Adjust your expectations accordingly!
Chain 1: 
Chain 1: 

SAMPLING FOR MODEL 'anon_model' NOW (CHAIN 2).

SAMPLING FOR MODEL 'anon_model' NOW (CHAIN 3).

SAMPLING FOR MODEL 'anon_model' NOW (CHAIN 4).
Chain 2: 
Chain 2: Gradient evaluation took 0.000245 seconds
Chain 2: 1000 transitions using 10 leapfrog steps per transition would take 2.45 seconds.
Chain 2: Adjust your expectations accordingly!
Chain 2: 
Chain 2: 
Chain 1: Iteration:     1 / 12000 [  0%]  (Warmup)
Chain 3: 
Chain 3: Gradient evaluation took 0.000278 seconds
Chain 3: 1000 transitions using 10 leapfrog steps per transition would take 2.78 seconds.
Chain 3: Adjust your expectations accordingly!
Chain 3: 
Chain 3: 
Chain 4: 
Chain 4: Gradient evaluation took 0.000232 seconds
Chain 4: 1000 transitions using 10 leapfrog steps per transition would take 2.32 seconds.
Chain 4: Adjust your expectations accordingly!
Chain 4: 
Chain 4: 
Chain 2: Iteration:     1 / 12000 [  0%]  (Warmup)
Chain 3: Iteration:     1 / 12000 [  0%]  (Warmup)
Chain 4: Iteration:     1 / 12000 [  0%]  (Warmup)
Chain 1: Iteration:  1200 / 12000 [ 10%]  (Warmup)
Chain 4: Iteration:  1200 / 12000 [ 10%]  (Warmup)
Chain 2: Iteration:  1200 / 12000 [ 10%]  (Warmup)
Chain 3: Iteration:  1200 / 12000 [ 10%]  (Warmup)
Chain 1: Iteration:  2400 / 12000 [ 20%]  (Warmup)
Chain 3: Iteration:  2400 / 12000 [ 20%]  (Warmup)
Chain 2: Iteration:  2400 / 12000 [ 20%]  (Warmup)
Chain 4: Iteration:  2400 / 12000 [ 20%]  (Warmup)
Chain 1: Iteration:  3600 / 12000 [ 30%]  (Warmup)
Chain 3: Iteration:  3600 / 12000 [ 30%]  (Warmup)
Chain 2: Iteration:  3600 / 12000 [ 30%]  (Warmup)
Chain 4: Iteration:  3600 / 12000 [ 30%]  (Warmup)
Chain 1: Iteration:  4800 / 12000 [ 40%]  (Warmup)
Chain 3: Iteration:  4800 / 12000 [ 40%]  (Warmup)
Chain 2: Iteration:  4800 / 12000 [ 40%]  (Warmup)
Chain 4: Iteration:  4800 / 12000 [ 40%]  (Warmup)
Chain 1: Iteration:  6000 / 12000 [ 50%]  (Warmup)
Chain 1: Iteration:  6001 / 12000 [ 50%]  (Sampling)
Chain 2: Iteration:  6000 / 12000 [ 50%]  (Warmup)
Chain 2: Iteration:  6001 / 12000 [ 50%]  (Sampling)
Chain 3: Iteration:  6000 / 12000 [ 50%]  (Warmup)
Chain 3: Iteration:  6001 / 12000 [ 50%]  (Sampling)
Chain 4: Iteration:  6000 / 12000 [ 50%]  (Warmup)
Chain 4: Iteration:  6001 / 12000 [ 50%]  (Sampling)
Chain 2: Iteration:  7200 / 12000 [ 60%]  (Sampling)
Chain 1: Iteration:  7200 / 12000 [ 60%]  (Sampling)
Chain 4: Iteration:  7200 / 12000 [ 60%]  (Sampling)
Chain 2: Iteration:  8400 / 12000 [ 70%]  (Sampling)
Chain 3: Iteration:  7200 / 12000 [ 60%]  (Sampling)
Chain 1: Iteration:  8400 / 12000 [ 70%]  (Sampling)
Chain 2: Iteration:  9600 / 12000 [ 80%]  (Sampling)
Chain 1: Iteration:  9600 / 12000 [ 80%]  (Sampling)
Chain 4: Iteration:  8400 / 12000 [ 70%]  (Sampling)
Chain 2: Iteration: 10800 / 12000 [ 90%]  (Sampling)
Chain 3: Iteration:  8400 / 12000 [ 70%]  (Sampling)
Chain 1: Iteration: 10800 / 12000 [ 90%]  (Sampling)
Chain 2: Iteration: 12000 / 12000 [100%]  (Sampling)
Chain 2: 
Chain 2:  Elapsed Time: 25.49 seconds (Warm-up)
Chain 2:                21.377 seconds (Sampling)
Chain 2:                46.867 seconds (Total)
Chain 2: 
Chain 4: Iteration:  9600 / 12000 [ 80%]  (Sampling)
Chain 3: Iteration:  9600 / 12000 [ 80%]  (Sampling)
Chain 1: Iteration: 12000 / 12000 [100%]  (Sampling)
Chain 1: 
Chain 1:  Elapsed Time: 24.627 seconds (Warm-up)
Chain 1:                26.998 seconds (Sampling)
Chain 1:                51.625 seconds (Total)
Chain 1: 
Chain 4: Iteration: 10800 / 12000 [ 90%]  (Sampling)
Chain 3: Iteration: 10800 / 12000 [ 90%]  (Sampling)
Chain 4: Iteration: 12000 / 12000 [100%]  (Sampling)
Chain 4: 
Chain 4:  Elapsed Time: 25.764 seconds (Warm-up)
Chain 4:                39.65 seconds (Sampling)
Chain 4:                65.414 seconds (Total)
Chain 4: 
Chain 3: Iteration: 12000 / 12000 [100%]  (Sampling)
Chain 3: 
Chain 3:  Elapsed Time: 25.566 seconds (Warm-up)
Chain 3:                41.888 seconds (Sampling)
Chain 3:                67.454 seconds (Total)
Chain 3: 
Done!
Fitting s8.json, 16/17

SAMPLING FOR MODEL 'anon_model' NOW (CHAIN 1).
Chain 1: 
Chain 1: Gradient evaluation took 0.000254 seconds
Chain 1: 1000 transitions using 10 leapfrog steps per transition would take 2.54 seconds.
Chain 1: Adjust your expectations accordingly!
Chain 1: 
Chain 1: 

SAMPLING FOR MODEL 'anon_model' NOW (CHAIN 2).
Chain 1: Iteration:     1 / 12000 [  0%]  (Warmup)
Chain 2: 
Chain 2: Gradient evaluation took 0.000229 seconds
Chain 2: 1000 transitions using 10 leapfrog steps per transition would take 2.29 seconds.
Chain 2: Adjust your expectations accordingly!
Chain 2: 
Chain 2: 

SAMPLING FOR MODEL 'anon_model' NOW (CHAIN 3).
Chain 3: 
Chain 3: Gradient evaluation took 0.000223 seconds
Chain 3: 1000 transitions using 10 leapfrog steps per transition would take 2.23 seconds.
Chain 3: Adjust your expectations accordingly!
Chain 3: 
Chain 3: 
Chain 2: Iteration:     1 / 12000 [  0%]  (Warmup)

SAMPLING FOR MODEL 'anon_model' NOW (CHAIN 4).
Chain 3: Iteration:     1 / 12000 [  0%]  (Warmup)
Chain 4: 
Chain 4: Gradient evaluation took 0.000216 seconds
Chain 4: 1000 transitions using 10 leapfrog steps per transition would take 2.16 seconds.
Chain 4: Adjust your expectations accordingly!
Chain 4: 
Chain 4: 
Chain 4: Iteration:     1 / 12000 [  0%]  (Warmup)
Chain 2: Iteration:  1200 / 12000 [ 10%]  (Warmup)
Chain 1: Iteration:  1200 / 12000 [ 10%]  (Warmup)
Chain 4: Iteration:  1200 / 12000 [ 10%]  (Warmup)
Chain 3: Iteration:  1200 / 12000 [ 10%]  (Warmup)
Chain 1: Iteration:  2400 / 12000 [ 20%]  (Warmup)
Chain 2: Iteration:  2400 / 12000 [ 20%]  (Warmup)
Chain 4: Iteration:  2400 / 12000 [ 20%]  (Warmup)
Chain 3: Iteration:  2400 / 12000 [ 20%]  (Warmup)
Chain 1: Iteration:  3600 / 12000 [ 30%]  (Warmup)
Chain 2: Iteration:  3600 / 12000 [ 30%]  (Warmup)
Chain 4: Iteration:  3600 / 12000 [ 30%]  (Warmup)
Chain 3: Iteration:  3600 / 12000 [ 30%]  (Warmup)
Chain 1: Iteration:  4800 / 12000 [ 40%]  (Warmup)
Chain 2: Iteration:  4800 / 12000 [ 40%]  (Warmup)
Chain 4: Iteration:  4800 / 12000 [ 40%]  (Warmup)
Chain 3: Iteration:  4800 / 12000 [ 40%]  (Warmup)
Chain 2: Iteration:  6000 / 12000 [ 50%]  (Warmup)
Chain 2: Iteration:  6001 / 12000 [ 50%]  (Sampling)
Chain 4: Iteration:  6000 / 12000 [ 50%]  (Warmup)
Chain 4: Iteration:  6001 / 12000 [ 50%]  (Sampling)
Chain 1: Iteration:  6000 / 12000 [ 50%]  (Warmup)
Chain 1: Iteration:  6001 / 12000 [ 50%]  (Sampling)
Chain 3: Iteration:  6000 / 12000 [ 50%]  (Warmup)
Chain 3: Iteration:  6001 / 12000 [ 50%]  (Sampling)
Chain 2: Iteration:  7200 / 12000 [ 60%]  (Sampling)
Chain 4: Iteration:  7200 / 12000 [ 60%]  (Sampling)
Chain 2: Iteration:  8400 / 12000 [ 70%]  (Sampling)
Chain 3: Iteration:  7200 / 12000 [ 60%]  (Sampling)
Chain 1: Iteration:  7200 / 12000 [ 60%]  (Sampling)
Chain 4: Iteration:  8400 / 12000 [ 70%]  (Sampling)
Chain 2: Iteration:  9600 / 12000 [ 80%]  (Sampling)
Chain 4: Iteration:  9600 / 12000 [ 80%]  (Sampling)
Chain 3: Iteration:  8400 / 12000 [ 70%]  (Sampling)
Chain 2: Iteration: 10800 / 12000 [ 90%]  (Sampling)
Chain 1: Iteration:  8400 / 12000 [ 70%]  (Sampling)
Chain 2: Iteration: 12000 / 12000 [100%]  (Sampling)
Chain 2: 
Chain 2:  Elapsed Time: 29.816 seconds (Warm-up)
Chain 2:                22.643 seconds (Sampling)
Chain 2:                52.459 seconds (Total)
Chain 2: 
Chain 4: Iteration: 10800 / 12000 [ 90%]  (Sampling)
Chain 3: Iteration:  9600 / 12000 [ 80%]  (Sampling)
Chain 4: Iteration: 12000 / 12000 [100%]  (Sampling)
Chain 4: 
Chain 4:  Elapsed Time: 29.852 seconds (Warm-up)
Chain 4:                29.363 seconds (Sampling)
Chain 4:                59.215 seconds (Total)
Chain 4: 
Chain 1: Iteration:  9600 / 12000 [ 80%]  (Sampling)
Chain 3: Iteration: 10800 / 12000 [ 90%]  (Sampling)
Chain 1: Iteration: 10800 / 12000 [ 90%]  (Sampling)
Chain 3: Iteration: 12000 / 12000 [100%]  (Sampling)
Chain 3: 
Chain 3:  Elapsed Time: 31.471 seconds (Warm-up)
Chain 3:                40.003 seconds (Sampling)
Chain 3:                71.474 seconds (Total)
Chain 3: 
Chain 1: Iteration: 12000 / 12000 [100%]  (Sampling)
Chain 1: 
Chain 1:  Elapsed Time: 30.017 seconds (Warm-up)
Chain 1:                49.234 seconds (Sampling)
Chain 1:                79.251 seconds (Total)
Chain 1: 
Done!
Fitting s9.json, 17/17

SAMPLING FOR MODEL 'anon_model' NOW (CHAIN 1).
Chain 1: 
Chain 1: Gradient evaluation took 0.000244 seconds
Chain 1: 1000 transitions using 10 leapfrog steps per transition would take 2.44 seconds.
Chain 1: Adjust your expectations accordingly!
Chain 1: 
Chain 1: 

SAMPLING FOR MODEL 'anon_model' NOW (CHAIN 2).
Chain 2: 
Chain 2: Gradient evaluation took 0.000241 seconds
Chain 2: 1000 transitions using 10 leapfrog steps per transition would take 2.41 seconds.
Chain 2: Adjust your expectations accordingly!
Chain 2: 
Chain 2: 
Chain 1: Iteration:     1 / 12000 [  0%]  (Warmup)

SAMPLING FOR MODEL 'anon_model' NOW (CHAIN 3).
Chain 3: 
Chain 3: Gradient evaluation took 0.000224 seconds
Chain 3: 1000 transitions using 10 leapfrog steps per transition would take 2.24 seconds.
Chain 3: Adjust your expectations accordingly!
Chain 3: 
Chain 3: 
Chain 2: Iteration:     1 / 12000 [  0%]  (Warmup)

SAMPLING FOR MODEL 'anon_model' NOW (CHAIN 4).
Chain 3: Iteration:     1 / 12000 [  0%]  (Warmup)
Chain 4: 
Chain 4: Gradient evaluation took 0.000224 seconds
Chain 4: 1000 transitions using 10 leapfrog steps per transition would take 2.24 seconds.
Chain 4: Adjust your expectations accordingly!
Chain 4: 
Chain 4: 
Chain 4: Iteration:     1 / 12000 [  0%]  (Warmup)
Chain 2: Iteration:  1200 / 12000 [ 10%]  (Warmup)
Chain 3: Iteration:  1200 / 12000 [ 10%]  (Warmup)
Chain 1: Iteration:  1200 / 12000 [ 10%]  (Warmup)
Chain 4: Iteration:  1200 / 12000 [ 10%]  (Warmup)
Chain 2: Iteration:  2400 / 12000 [ 20%]  (Warmup)
Chain 3: Iteration:  2400 / 12000 [ 20%]  (Warmup)
Chain 1: Iteration:  2400 / 12000 [ 20%]  (Warmup)
Chain 4: Iteration:  2400 / 12000 [ 20%]  (Warmup)
Chain 2: Iteration:  3600 / 12000 [ 30%]  (Warmup)
Chain 3: Iteration:  3600 / 12000 [ 30%]  (Warmup)
Chain 1: Iteration:  3600 / 12000 [ 30%]  (Warmup)
Chain 4: Iteration:  3600 / 12000 [ 30%]  (Warmup)
Chain 2: Iteration:  4800 / 12000 [ 40%]  (Warmup)
Chain 3: Iteration:  4800 / 12000 [ 40%]  (Warmup)
Chain 1: Iteration:  4800 / 12000 [ 40%]  (Warmup)
Chain 4: Iteration:  4800 / 12000 [ 40%]  (Warmup)
Chain 2: Iteration:  6000 / 12000 [ 50%]  (Warmup)
Chain 2: Iteration:  6001 / 12000 [ 50%]  (Sampling)
Chain 3: Iteration:  6000 / 12000 [ 50%]  (Warmup)
Chain 3: Iteration:  6001 / 12000 [ 50%]  (Sampling)
Chain 1: Iteration:  6000 / 12000 [ 50%]  (Warmup)
Chain 1: Iteration:  6001 / 12000 [ 50%]  (Sampling)
Chain 4: Iteration:  6000 / 12000 [ 50%]  (Warmup)
Chain 4: Iteration:  6001 / 12000 [ 50%]  (Sampling)
Chain 1: Iteration:  7200 / 12000 [ 60%]  (Sampling)
Chain 2: Iteration:  7200 / 12000 [ 60%]  (Sampling)
Chain 4: Iteration:  7200 / 12000 [ 60%]  (Sampling)
Chain 3: Iteration:  7200 / 12000 [ 60%]  (Sampling)
Chain 1: Iteration:  8400 / 12000 [ 70%]  (Sampling)
Chain 2: Iteration:  8400 / 12000 [ 70%]  (Sampling)
Chain 4: Iteration:  8400 / 12000 [ 70%]  (Sampling)
Chain 1: Iteration:  9600 / 12000 [ 80%]  (Sampling)
Chain 3: Iteration:  8400 / 12000 [ 70%]  (Sampling)
Chain 2: Iteration:  9600 / 12000 [ 80%]  (Sampling)
Chain 4: Iteration:  9600 / 12000 [ 80%]  (Sampling)
Chain 1: Iteration: 10800 / 12000 [ 90%]  (Sampling)
Chain 2: Iteration: 10800 / 12000 [ 90%]  (Sampling)
Chain 4: Iteration: 10800 / 12000 [ 90%]  (Sampling)
Chain 1: Iteration: 12000 / 12000 [100%]  (Sampling)
Chain 1: 
Chain 1:  Elapsed Time: 32.151 seconds (Warm-up)
Chain 1:                27.747 seconds (Sampling)
Chain 1:                59.898 seconds (Total)
Chain 1: 
Chain 3: Iteration:  9600 / 12000 [ 80%]  (Sampling)
Chain 2: Iteration: 12000 / 12000 [100%]  (Sampling)
Chain 2: 
Chain 2:  Elapsed Time: 30.98 seconds (Warm-up)
Chain 2:                34.153 seconds (Sampling)
Chain 2:                65.133 seconds (Total)
Chain 2: 
Chain 4: Iteration: 12000 / 12000 [100%]  (Sampling)
Chain 4: 
Chain 4:  Elapsed Time: 33.081 seconds (Warm-up)
Chain 4:                32.593 seconds (Sampling)
Chain 4:                65.674 seconds (Total)
Chain 4: 
Chain 3: Iteration: 10800 / 12000 [ 90%]  (Sampling)
Chain 3: Iteration: 12000 / 12000 [100%]  (Sampling)
Chain 3: 
Chain 3:  Elapsed Time: 31.34 seconds (Warm-up)
Chain 3:                48.913 seconds (Sampling)
Chain 3:                80.253 seconds (Total)
Chain 3: 
Done!
Assumed model: m3 (model_index = 3 )
Fitting s0.json, 1/17

SAMPLING FOR MODEL 'anon_model' NOW (CHAIN 1).
Chain 1: 
Chain 1: Gradient evaluation took 0.000251 seconds
Chain 1: 1000 transitions using 10 leapfrog steps per transition would take 2.51 seconds.
Chain 1: Adjust your expectations accordingly!
Chain 1: 
Chain 1: 

SAMPLING FOR MODEL 'anon_model' NOW (CHAIN 2).
Chain 2: 
Chain 2: Gradient evaluation took 0.000236 seconds
Chain 2: 1000 transitions using 10 leapfrog steps per transition would take 2.36 seconds.
Chain 2: Adjust your expectations accordingly!
Chain 2: 
Chain 2: 
Chain 1: Iteration:     1 / 12000 [  0%]  (Warmup)

SAMPLING FOR MODEL 'anon_model' NOW (CHAIN 3).
Chain 2: Iteration:     1 / 12000 [  0%]  (Warmup)
Chain 3: 
Chain 3: Gradient evaluation took 0.000226 seconds
Chain 3: 1000 transitions using 10 leapfrog steps per transition would take 2.26 seconds.
Chain 3: Adjust your expectations accordingly!
Chain 3: 
Chain 3: 

SAMPLING FOR MODEL 'anon_model' NOW (CHAIN 4).
Chain 3: Iteration:     1 / 12000 [  0%]  (Warmup)
Chain 4: 
Chain 4: Gradient evaluation took 0.000218 seconds
Chain 4: 1000 transitions using 10 leapfrog steps per transition would take 2.18 seconds.
Chain 4: Adjust your expectations accordingly!
Chain 4: 
Chain 4: 
Chain 4: Iteration:     1 / 12000 [  0%]  (Warmup)
Chain 4: Iteration:  1200 / 12000 [ 10%]  (Warmup)
Chain 1: Iteration:  1200 / 12000 [ 10%]  (Warmup)
Chain 3: Iteration:  1200 / 12000 [ 10%]  (Warmup)
Chain 2: Iteration:  1200 / 12000 [ 10%]  (Warmup)
Chain 4: Iteration:  2400 / 12000 [ 20%]  (Warmup)
Chain 1: Iteration:  2400 / 12000 [ 20%]  (Warmup)
Chain 3: Iteration:  2400 / 12000 [ 20%]  (Warmup)
Chain 2: Iteration:  2400 / 12000 [ 20%]  (Warmup)
Chain 4: Iteration:  3600 / 12000 [ 30%]  (Warmup)
Chain 1: Iteration:  3600 / 12000 [ 30%]  (Warmup)
Chain 3: Iteration:  3600 / 12000 [ 30%]  (Warmup)
Chain 2: Iteration:  3600 / 12000 [ 30%]  (Warmup)
Chain 4: Iteration:  4800 / 12000 [ 40%]  (Warmup)
Chain 1: Iteration:  4800 / 12000 [ 40%]  (Warmup)
Chain 3: Iteration:  4800 / 12000 [ 40%]  (Warmup)
Chain 2: Iteration:  4800 / 12000 [ 40%]  (Warmup)
Chain 1: Iteration:  6000 / 12000 [ 50%]  (Warmup)
Chain 1: Iteration:  6001 / 12000 [ 50%]  (Sampling)
Chain 4: Iteration:  6000 / 12000 [ 50%]  (Warmup)
Chain 4: Iteration:  6001 / 12000 [ 50%]  (Sampling)
Chain 3: Iteration:  6000 / 12000 [ 50%]  (Warmup)
Chain 3: Iteration:  6001 / 12000 [ 50%]  (Sampling)
Chain 2: Iteration:  6000 / 12000 [ 50%]  (Warmup)
Chain 2: Iteration:  6001 / 12000 [ 50%]  (Sampling)
Chain 2: Iteration:  7200 / 12000 [ 60%]  (Sampling)
Chain 3: Iteration:  7200 / 12000 [ 60%]  (Sampling)
Chain 1: Iteration:  7200 / 12000 [ 60%]  (Sampling)
Chain 4: Iteration:  7200 / 12000 [ 60%]  (Sampling)
Chain 2: Iteration:  8400 / 12000 [ 70%]  (Sampling)
Chain 3: Iteration:  8400 / 12000 [ 70%]  (Sampling)
Chain 1: Iteration:  8400 / 12000 [ 70%]  (Sampling)
Chain 4: Iteration:  8400 / 12000 [ 70%]  (Sampling)
Chain 2: Iteration:  9600 / 12000 [ 80%]  (Sampling)
Chain 3: Iteration:  9600 / 12000 [ 80%]  (Sampling)
Chain 2: Iteration: 10800 / 12000 [ 90%]  (Sampling)
Chain 1: Iteration:  9600 / 12000 [ 80%]  (Sampling)
Chain 4: Iteration:  9600 / 12000 [ 80%]  (Sampling)
Chain 2: Iteration: 12000 / 12000 [100%]  (Sampling)
Chain 2: 
Chain 2:  Elapsed Time: 25.021 seconds (Warm-up)
Chain 2:                27.351 seconds (Sampling)
Chain 2:                52.372 seconds (Total)
Chain 2: 
Chain 3: Iteration: 10800 / 12000 [ 90%]  (Sampling)
Chain 1: Iteration: 10800 / 12000 [ 90%]  (Sampling)
Chain 4: Iteration: 10800 / 12000 [ 90%]  (Sampling)
Chain 3: Iteration: 12000 / 12000 [100%]  (Sampling)
Chain 3: 
Chain 3:  Elapsed Time: 24.897 seconds (Warm-up)
Chain 3:                36.216 seconds (Sampling)
Chain 3:                61.113 seconds (Total)
Chain 3: 
Chain 1: Iteration: 12000 / 12000 [100%]  (Sampling)
Chain 1: 
Chain 1:  Elapsed Time: 24.553 seconds (Warm-up)
Chain 1:                37.456 seconds (Sampling)
Chain 1:                62.009 seconds (Total)
Chain 1: 
Chain 4: Iteration: 12000 / 12000 [100%]  (Sampling)
Chain 4: 
Chain 4:  Elapsed Time: 24.761 seconds (Warm-up)
Chain 4:                41.15 seconds (Sampling)
Chain 4:                65.911 seconds (Total)
Chain 4: 
Done!
Fitting s1.json, 2/17

SAMPLING FOR MODEL 'anon_model' NOW (CHAIN 1).
Chain 1: 
Chain 1: Gradient evaluation took 0.000234 seconds
Chain 1: 1000 transitions using 10 leapfrog steps per transition would take 2.34 seconds.
Chain 1: Adjust your expectations accordingly!
Chain 1: 
Chain 1: 

SAMPLING FOR MODEL 'anon_model' NOW (CHAIN 2).

SAMPLING FOR MODEL 'anon_model' NOW (CHAIN 3).
Chain 2: 
Chain 2: Gradient evaluation took 0.000229 seconds
Chain 2: 1000 transitions using 10 leapfrog steps per transition would take 2.29 seconds.
Chain 2: Adjust your expectations accordingly!
Chain 2: 
Chain 2: 
Chain 1: Iteration:     1 / 12000 [  0%]  (Warmup)
Chain 3: 
Chain 3: Gradient evaluation took 0.000226 seconds
Chain 3: 1000 transitions using 10 leapfrog steps per transition would take 2.26 seconds.
Chain 3: Adjust your expectations accordingly!
Chain 3: 
Chain 3: 
Chain 2: Iteration:     1 / 12000 [  0%]  (Warmup)

SAMPLING FOR MODEL 'anon_model' NOW (CHAIN 4).
Chain 3: Iteration:     1 / 12000 [  0%]  (Warmup)
Chain 4: 
Chain 4: Gradient evaluation took 0.000208 seconds
Chain 4: 1000 transitions using 10 leapfrog steps per transition would take 2.08 seconds.
Chain 4: Adjust your expectations accordingly!
Chain 4: 
Chain 4: 
Chain 4: Iteration:     1 / 12000 [  0%]  (Warmup)
Chain 3: Iteration:  1200 / 12000 [ 10%]  (Warmup)
Chain 4: Iteration:  1200 / 12000 [ 10%]  (Warmup)
Chain 2: Iteration:  1200 / 12000 [ 10%]  (Warmup)
Chain 1: Iteration:  1200 / 12000 [ 10%]  (Warmup)
Chain 3: Iteration:  2400 / 12000 [ 20%]  (Warmup)
Chain 4: Iteration:  2400 / 12000 [ 20%]  (Warmup)
Chain 2: Iteration:  2400 / 12000 [ 20%]  (Warmup)
Chain 1: Iteration:  2400 / 12000 [ 20%]  (Warmup)
Chain 3: Iteration:  3600 / 12000 [ 30%]  (Warmup)
Chain 4: Iteration:  3600 / 12000 [ 30%]  (Warmup)
Chain 2: Iteration:  3600 / 12000 [ 30%]  (Warmup)
Chain 1: Iteration:  3600 / 12000 [ 30%]  (Warmup)
Chain 3: Iteration:  4800 / 12000 [ 40%]  (Warmup)
Chain 4: Iteration:  4800 / 12000 [ 40%]  (Warmup)
Chain 1: Iteration:  4800 / 12000 [ 40%]  (Warmup)
Chain 2: Iteration:  4800 / 12000 [ 40%]  (Warmup)
Chain 3: Iteration:  6000 / 12000 [ 50%]  (Warmup)
Chain 3: Iteration:  6001 / 12000 [ 50%]  (Sampling)
Chain 4: Iteration:  6000 / 12000 [ 50%]  (Warmup)
Chain 4: Iteration:  6001 / 12000 [ 50%]  (Sampling)
Chain 1: Iteration:  6000 / 12000 [ 50%]  (Warmup)
Chain 1: Iteration:  6001 / 12000 [ 50%]  (Sampling)
Chain 2: Iteration:  6000 / 12000 [ 50%]  (Warmup)
Chain 2: Iteration:  6001 / 12000 [ 50%]  (Sampling)
Chain 3: Iteration:  7200 / 12000 [ 60%]  (Sampling)
Chain 4: Iteration:  7200 / 12000 [ 60%]  (Sampling)
Chain 3: Iteration:  8400 / 12000 [ 70%]  (Sampling)
Chain 4: Iteration:  8400 / 12000 [ 70%]  (Sampling)
Chain 1: Iteration:  7200 / 12000 [ 60%]  (Sampling)
Chain 2: Iteration:  7200 / 12000 [ 60%]  (Sampling)
Chain 3: Iteration:  9600 / 12000 [ 80%]  (Sampling)
Chain 4: Iteration:  9600 / 12000 [ 80%]  (Sampling)
Chain 3: Iteration: 10800 / 12000 [ 90%]  (Sampling)
Chain 1: Iteration:  8400 / 12000 [ 70%]  (Sampling)
Chain 2: Iteration:  8400 / 12000 [ 70%]  (Sampling)
Chain 4: Iteration: 10800 / 12000 [ 90%]  (Sampling)
Chain 3: Iteration: 12000 / 12000 [100%]  (Sampling)
Chain 3: 
Chain 3:  Elapsed Time: 34.289 seconds (Warm-up)
Chain 3:                29.627 seconds (Sampling)
Chain 3:                63.916 seconds (Total)
Chain 3: 
Chain 4: Iteration: 12000 / 12000 [100%]  (Sampling)
Chain 4: 
Chain 4:  Elapsed Time: 35.12 seconds (Warm-up)
Chain 4:                33.112 seconds (Sampling)
Chain 4:                68.232 seconds (Total)
Chain 4: 
Chain 1: Iteration:  9600 / 12000 [ 80%]  (Sampling)
Chain 2: Iteration:  9600 / 12000 [ 80%]  (Sampling)
Chain 1: Iteration: 10800 / 12000 [ 90%]  (Sampling)
Chain 2: Iteration: 10800 / 12000 [ 90%]  (Sampling)
Chain 1: Iteration: 12000 / 12000 [100%]  (Sampling)
Chain 1: 
Chain 1:  Elapsed Time: 37.132 seconds (Warm-up)
Chain 1:                56.693 seconds (Sampling)
Chain 1:                93.825 seconds (Total)
Chain 1: 
Chain 2: Iteration: 12000 / 12000 [100%]  (Sampling)
Chain 2: 
Chain 2:  Elapsed Time: 37.212 seconds (Warm-up)
Chain 2:                56.708 seconds (Sampling)
Chain 2:                93.92 seconds (Total)
Chain 2: 
Done!
Fitting s10.json, 3/17

SAMPLING FOR MODEL 'anon_model' NOW (CHAIN 1).

SAMPLING FOR MODEL 'anon_model' NOW (CHAIN 2).
Chain 1: 
Chain 1: Gradient evaluation took 0.000268 seconds
Chain 1: 1000 transitions using 10 leapfrog steps per transition would take 2.68 seconds.
Chain 1: Adjust your expectations accordingly!
Chain 1: 
Chain 1: 
Chain 2: 
Chain 2: Gradient evaluation took 0.00027 seconds
Chain 2: 1000 transitions using 10 leapfrog steps per transition would take 2.7 seconds.
Chain 2: Adjust your expectations accordingly!
Chain 2: 
Chain 2: 

SAMPLING FOR MODEL 'anon_model' NOW (CHAIN 3).
Chain 1: Iteration:     1 / 12000 [  0%]  (Warmup)
Chain 3: 
Chain 3: Gradient evaluation took 0.000242 seconds
Chain 3: 1000 transitions using 10 leapfrog steps per transition would take 2.42 seconds.
Chain 3: Adjust your expectations accordingly!
Chain 3: 
Chain 3: 
Chain 2: Iteration:     1 / 12000 [  0%]  (Warmup)

SAMPLING FOR MODEL 'anon_model' NOW (CHAIN 4).
Chain 4: 
Chain 4: Gradient evaluation took 0.000249 seconds
Chain 4: 1000 transitions using 10 leapfrog steps per transition would take 2.49 seconds.
Chain 4: Adjust your expectations accordingly!
Chain 4: 
Chain 4: 
Chain 3: Iteration:     1 / 12000 [  0%]  (Warmup)
Chain 4: Iteration:     1 / 12000 [  0%]  (Warmup)
Chain 1: Iteration:  1200 / 12000 [ 10%]  (Warmup)
Chain 4: Iteration:  1200 / 12000 [ 10%]  (Warmup)
Chain 2: Iteration:  1200 / 12000 [ 10%]  (Warmup)
Chain 3: Iteration:  1200 / 12000 [ 10%]  (Warmup)
Chain 1: Iteration:  2400 / 12000 [ 20%]  (Warmup)
Chain 2: Iteration:  2400 / 12000 [ 20%]  (Warmup)
Chain 4: Iteration:  2400 / 12000 [ 20%]  (Warmup)
Chain 3: Iteration:  2400 / 12000 [ 20%]  (Warmup)
Chain 1: Iteration:  3600 / 12000 [ 30%]  (Warmup)
Chain 2: Iteration:  3600 / 12000 [ 30%]  (Warmup)
Chain 4: Iteration:  3600 / 12000 [ 30%]  (Warmup)
Chain 3: Iteration:  3600 / 12000 [ 30%]  (Warmup)
Chain 1: Iteration:  4800 / 12000 [ 40%]  (Warmup)
Chain 2: Iteration:  4800 / 12000 [ 40%]  (Warmup)
Chain 4: Iteration:  4800 / 12000 [ 40%]  (Warmup)
Chain 3: Iteration:  4800 / 12000 [ 40%]  (Warmup)
Chain 1: Iteration:  6000 / 12000 [ 50%]  (Warmup)
Chain 1: Iteration:  6001 / 12000 [ 50%]  (Sampling)
Chain 2: Iteration:  6000 / 12000 [ 50%]  (Warmup)
Chain 2: Iteration:  6001 / 12000 [ 50%]  (Sampling)
Chain 4: Iteration:  6000 / 12000 [ 50%]  (Warmup)
Chain 4: Iteration:  6001 / 12000 [ 50%]  (Sampling)
Chain 3: Iteration:  6000 / 12000 [ 50%]  (Warmup)
Chain 3: Iteration:  6001 / 12000 [ 50%]  (Sampling)
Chain 1: Iteration:  7200 / 12000 [ 60%]  (Sampling)
Chain 3: Iteration:  7200 / 12000 [ 60%]  (Sampling)
Chain 2: Iteration:  7200 / 12000 [ 60%]  (Sampling)
Chain 4: Iteration:  7200 / 12000 [ 60%]  (Sampling)
Chain 1: Iteration:  8400 / 12000 [ 70%]  (Sampling)
Chain 3: Iteration:  8400 / 12000 [ 70%]  (Sampling)
Chain 2: Iteration:  8400 / 12000 [ 70%]  (Sampling)
Chain 4: Iteration:  8400 / 12000 [ 70%]  (Sampling)
Chain 1: Iteration:  9600 / 12000 [ 80%]  (Sampling)
Chain 3: Iteration:  9600 / 12000 [ 80%]  (Sampling)
Chain 2: Iteration:  9600 / 12000 [ 80%]  (Sampling)
Chain 1: Iteration: 10800 / 12000 [ 90%]  (Sampling)
Chain 4: Iteration:  9600 / 12000 [ 80%]  (Sampling)
Chain 3: Iteration: 10800 / 12000 [ 90%]  (Sampling)
Chain 2: Iteration: 10800 / 12000 [ 90%]  (Sampling)
Chain 1: Iteration: 12000 / 12000 [100%]  (Sampling)
Chain 1: 
Chain 1:  Elapsed Time: 23.769 seconds (Warm-up)
Chain 1:                28.085 seconds (Sampling)
Chain 1:                51.854 seconds (Total)
Chain 1: 
Chain 3: Iteration: 12000 / 12000 [100%]  (Sampling)
Chain 3: 
Chain 3:  Elapsed Time: 24.669 seconds (Warm-up)
Chain 3:                30.831 seconds (Sampling)
Chain 3:                55.5 seconds (Total)
Chain 3: 
Chain 4: Iteration: 10800 / 12000 [ 90%]  (Sampling)
Chain 2: Iteration: 12000 / 12000 [100%]  (Sampling)
Chain 2: 
Chain 2:  Elapsed Time: 24.383 seconds (Warm-up)
Chain 2:                33.513 seconds (Sampling)
Chain 2:                57.896 seconds (Total)
Chain 2: 
Chain 4: Iteration: 12000 / 12000 [100%]  (Sampling)
Chain 4: 
Chain 4:  Elapsed Time: 24.452 seconds (Warm-up)
Chain 4:                38.988 seconds (Sampling)
Chain 4:                63.44 seconds (Total)
Chain 4: 
Done!
Fitting s11.json, 4/17

SAMPLING FOR MODEL 'anon_model' NOW (CHAIN 1).
Chain 1: 
Chain 1: Gradient evaluation took 0.000237 seconds
Chain 1: 1000 transitions using 10 leapfrog steps per transition would take 2.37 seconds.
Chain 1: Adjust your expectations accordingly!
Chain 1: 
Chain 1: 

SAMPLING FOR MODEL 'anon_model' NOW (CHAIN 2).
Chain 2: 
Chain 2: Gradient evaluation took 0.00024 seconds
Chain 2: 1000 transitions using 10 leapfrog steps per transition would take 2.4 seconds.
Chain 2: Adjust your expectations accordingly!
Chain 2: 
Chain 2: 
Chain 1: Iteration:     1 / 12000 [  0%]  (Warmup)

SAMPLING FOR MODEL 'anon_model' NOW (CHAIN 3).
Chain 3: 
Chain 3: Gradient evaluation took 0.000209 seconds
Chain 3: 1000 transitions using 10 leapfrog steps per transition would take 2.09 seconds.
Chain 3: Adjust your expectations accordingly!
Chain 3: 
Chain 3: 
Chain 2: Iteration:     1 / 12000 [  0%]  (Warmup)

SAMPLING FOR MODEL 'anon_model' NOW (CHAIN 4).
Chain 3: Iteration:     1 / 12000 [  0%]  (Warmup)
Chain 4: 
Chain 4: Gradient evaluation took 0.000862 seconds
Chain 4: 1000 transitions using 10 leapfrog steps per transition would take 8.62 seconds.
Chain 4: Adjust your expectations accordingly!
Chain 4: 
Chain 4: 
Chain 4: Iteration:     1 / 12000 [  0%]  (Warmup)
Chain 3: Iteration:  1200 / 12000 [ 10%]  (Warmup)
Chain 1: Iteration:  1200 / 12000 [ 10%]  (Warmup)
Chain 4: Iteration:  1200 / 12000 [ 10%]  (Warmup)
Chain 2: Iteration:  1200 / 12000 [ 10%]  (Warmup)
Chain 3: Iteration:  2400 / 12000 [ 20%]  (Warmup)
Chain 1: Iteration:  2400 / 12000 [ 20%]  (Warmup)
Chain 4: Iteration:  2400 / 12000 [ 20%]  (Warmup)
Chain 2: Iteration:  2400 / 12000 [ 20%]  (Warmup)
Chain 3: Iteration:  3600 / 12000 [ 30%]  (Warmup)
Chain 1: Iteration:  3600 / 12000 [ 30%]  (Warmup)
Chain 4: Iteration:  3600 / 12000 [ 30%]  (Warmup)
Chain 2: Iteration:  3600 / 12000 [ 30%]  (Warmup)
Chain 3: Iteration:  4800 / 12000 [ 40%]  (Warmup)
Chain 1: Iteration:  4800 / 12000 [ 40%]  (Warmup)
Chain 4: Iteration:  4800 / 12000 [ 40%]  (Warmup)
Chain 2: Iteration:  4800 / 12000 [ 40%]  (Warmup)
Chain 3: Iteration:  6000 / 12000 [ 50%]  (Warmup)
Chain 3: Iteration:  6001 / 12000 [ 50%]  (Sampling)
Chain 1: Iteration:  6000 / 12000 [ 50%]  (Warmup)
Chain 1: Iteration:  6001 / 12000 [ 50%]  (Sampling)
Chain 4: Iteration:  6000 / 12000 [ 50%]  (Warmup)
Chain 4: Iteration:  6001 / 12000 [ 50%]  (Sampling)
Chain 2: Iteration:  6000 / 12000 [ 50%]  (Warmup)
Chain 2: Iteration:  6001 / 12000 [ 50%]  (Sampling)
Chain 1: Iteration:  7200 / 12000 [ 60%]  (Sampling)
Chain 2: Iteration:  7200 / 12000 [ 60%]  (Sampling)
Chain 3: Iteration:  7200 / 12000 [ 60%]  (Sampling)
Chain 4: Iteration:  7200 / 12000 [ 60%]  (Sampling)
Chain 1: Iteration:  8400 / 12000 [ 70%]  (Sampling)
Chain 2: Iteration:  8400 / 12000 [ 70%]  (Sampling)
Chain 3: Iteration:  8400 / 12000 [ 70%]  (Sampling)
Chain 1: Iteration:  9600 / 12000 [ 80%]  (Sampling)
Chain 2: Iteration:  9600 / 12000 [ 80%]  (Sampling)
Chain 4: Iteration:  8400 / 12000 [ 70%]  (Sampling)
Chain 1: Iteration: 10800 / 12000 [ 90%]  (Sampling)
Chain 2: Iteration: 10800 / 12000 [ 90%]  (Sampling)
Chain 3: Iteration:  9600 / 12000 [ 80%]  (Sampling)
Chain 1: Iteration: 12000 / 12000 [100%]  (Sampling)
Chain 1: 
Chain 1:  Elapsed Time: 26.091 seconds (Warm-up)
Chain 1:                25.254 seconds (Sampling)
Chain 1:                51.345 seconds (Total)
Chain 1: 
Chain 2: Iteration: 12000 / 12000 [100%]  (Sampling)
Chain 2: 
Chain 2:  Elapsed Time: 27.125 seconds (Warm-up)
Chain 2:                25.56 seconds (Sampling)
Chain 2:                52.685 seconds (Total)
Chain 2: 
Chain 4: Iteration:  9600 / 12000 [ 80%]  (Sampling)
Chain 3: Iteration: 10800 / 12000 [ 90%]  (Sampling)
Chain 4: Iteration: 10800 / 12000 [ 90%]  (Sampling)
Chain 3: Iteration: 12000 / 12000 [100%]  (Sampling)
Chain 3: 
Chain 3:  Elapsed Time: 25.444 seconds (Warm-up)
Chain 3:                38.57 seconds (Sampling)
Chain 3:                64.014 seconds (Total)
Chain 3: 
Chain 4: Iteration: 12000 / 12000 [100%]  (Sampling)
Chain 4: 
Chain 4:  Elapsed Time: 26.771 seconds (Warm-up)
Chain 4:                43.611 seconds (Sampling)
Chain 4:                70.382 seconds (Total)
Chain 4: 
Done!
Fitting s12.json, 5/17

SAMPLING FOR MODEL 'anon_model' NOW (CHAIN 1).

SAMPLING FOR MODEL 'anon_model' NOW (CHAIN 2).
Chain 1: 
Chain 1: Gradient evaluation took 0.000238 seconds
Chain 1: 1000 transitions using 10 leapfrog steps per transition would take 2.38 seconds.
Chain 1: Adjust your expectations accordingly!
Chain 1: 
Chain 1: 
Chain 2: 
Chain 2: Gradient evaluation took 0.000224 seconds
Chain 2: 1000 transitions using 10 leapfrog steps per transition would take 2.24 seconds.
Chain 2: Adjust your expectations accordingly!
Chain 2: 
Chain 2: 

SAMPLING FOR MODEL 'anon_model' NOW (CHAIN 3).
Chain 3: 
Chain 1: Chain Iteration:     1 / 12000 [  0%]  (Warmup)3
: Gradient evaluation took 0.000219 seconds
Chain 3: 1000 transitions using 10 leapfrog steps per transition would take 2.19 seconds.
Chain 3: Adjust your expectations accordingly!
Chain 3: 
Chain 3: 

SAMPLING FOR MODEL 'anon_model' NOW (CHAIN 4).
Chain 2: Iteration:     1 / 12000 [  0%]  (Warmup)
Chain 4: 
Chain 4: Gradient evaluation took 0.000213 seconds
Chain 4: 1000 transitions using 10 leapfrog steps per transition would take 2.13 seconds.
Chain 4: Adjust your expectations accordingly!
Chain 4: 
Chain 4: 
Chain 3: Iteration:     1 / 12000 [  0%]  (Warmup)
Chain 4: Iteration:     1 / 12000 [  0%]  (Warmup)
Chain 1: Iteration:  1200 / 12000 [ 10%]  (Warmup)
Chain 2: Iteration:  1200 / 12000 [ 10%]  (Warmup)
Chain 4: Iteration:  1200 / 12000 [ 10%]  (Warmup)
Chain 3: Iteration:  1200 / 12000 [ 10%]  (Warmup)
Chain 1: Iteration:  2400 / 12000 [ 20%]  (Warmup)
Chain 2: Iteration:  2400 / 12000 [ 20%]  (Warmup)
Chain 4: Iteration:  2400 / 12000 [ 20%]  (Warmup)
Chain 3: Iteration:  2400 / 12000 [ 20%]  (Warmup)
Chain 1: Iteration:  3600 / 12000 [ 30%]  (Warmup)
Chain 2: Iteration:  3600 / 12000 [ 30%]  (Warmup)
Chain 4: Iteration:  3600 / 12000 [ 30%]  (Warmup)
Chain 3: Iteration:  3600 / 12000 [ 30%]  (Warmup)
Chain 1: Iteration:  4800 / 12000 [ 40%]  (Warmup)
Chain 2: Iteration:  4800 / 12000 [ 40%]  (Warmup)
Chain 4: Iteration:  4800 / 12000 [ 40%]  (Warmup)
Chain 3: Iteration:  4800 / 12000 [ 40%]  (Warmup)
Chain 1: Iteration:  6000 / 12000 [ 50%]  (Warmup)
Chain 1: Iteration:  6001 / 12000 [ 50%]  (Sampling)
Chain 2: Iteration:  6000 / 12000 [ 50%]  (Warmup)
Chain 2: Iteration:  6001 / 12000 [ 50%]  (Sampling)
Chain 3: Iteration:  6000 / 12000 [ 50%]  (Warmup)
Chain 3: Iteration:  6001 / 12000 [ 50%]  (Sampling)
Chain 4: Iteration:  6000 / 12000 [ 50%]  (Warmup)
Chain 4: Iteration:  6001 / 12000 [ 50%]  (Sampling)
Chain 3: Iteration:  7200 / 12000 [ 60%]  (Sampling)
Chain 2: Iteration:  7200 / 12000 [ 60%]  (Sampling)
Chain 1: Iteration:  7200 / 12000 [ 60%]  (Sampling)
Chain 4: Iteration:  7200 / 12000 [ 60%]  (Sampling)
Chain 3: Iteration:  8400 / 12000 [ 70%]  (Sampling)
Chain 2: Iteration:  8400 / 12000 [ 70%]  (Sampling)
Chain 3: Iteration:  9600 / 12000 [ 80%]  (Sampling)
Chain 1: Iteration:  8400 / 12000 [ 70%]  (Sampling)
Chain 4: Iteration:  8400 / 12000 [ 70%]  (Sampling)
Chain 2: Iteration:  9600 / 12000 [ 80%]  (Sampling)
Chain 3: Iteration: 10800 / 12000 [ 90%]  (Sampling)
Chain 2: Iteration: 10800 / 12000 [ 90%]  (Sampling)
Chain 3: Iteration: 12000 / 12000 [100%]  (Sampling)
Chain 3: 
Chain 3:  Elapsed Time: 26.455 seconds (Warm-up)
Chain 3:                23.908 seconds (Sampling)
Chain 3:                50.363 seconds (Total)
Chain 3: 
Chain 4: Iteration:  9600 / 12000 [ 80%]  (Sampling)
Chain 1: Iteration:  9600 / 12000 [ 80%]  (Sampling)
Chain 2: Iteration: 12000 / 12000 [100%]  (Sampling)
Chain 2: 
Chain 2:  Elapsed Time: 25.982 seconds (Warm-up)
Chain 2:                28.249 seconds (Sampling)
Chain 2:                54.231 seconds (Total)
Chain 2: 
Chain 4: Iteration: 10800 / 12000 [ 90%]  (Sampling)
Chain 1: Iteration: 10800 / 12000 [ 90%]  (Sampling)
Chain 4: Iteration: 12000 / 12000 [100%]  (Sampling)
Chain 4: 
Chain 4:  Elapsed Time: 26.486 seconds (Warm-up)
Chain 4:                40.473 seconds (Sampling)
Chain 4:                66.959 seconds (Total)
Chain 4: 
Chain 1: Iteration: 12000 / 12000 [100%]  (Sampling)
Chain 1: 
Chain 1:  Elapsed Time: 25.65 seconds (Warm-up)
Chain 1:                41.529 seconds (Sampling)
Chain 1:                67.179 seconds (Total)
Chain 1: 
Done!
Fitting s13.json, 6/17

SAMPLING FOR MODEL 'anon_model' NOW (CHAIN 1).
Chain 1: 
Chain 1: Gradient evaluation took 0.000256 seconds
Chain 1: 1000 transitions using 10 leapfrog steps per transition would take 2.56 seconds.
Chain 1: Adjust your expectations accordingly!
Chain 1: 
Chain 1: 

SAMPLING FOR MODEL 'anon_model' NOW (CHAIN 2).
Chain 2: 
Chain 2: Gradient evaluation took 0.000236 seconds
Chain 2: 1000 transitions using 10 leapfrog steps per transition would take 2.36 seconds.
Chain 2: Adjust your expectations accordingly!
Chain 2: 
Chain 2: 
Chain 1: Iteration:     1 / 12000 [  0%]  (Warmup)

SAMPLING FOR MODEL 'anon_model' NOW (CHAIN 3).
Chain 3: 
Chain 3: Gradient evaluation took 0.000224 seconds
Chain 3: 1000 transitions using 10 leapfrog steps per transition would take 2.24 seconds.
Chain 3: Adjust your expectations accordingly!
Chain 3: 
Chain 3: 
Chain 2: Iteration:     1 / 12000 [  0%]  (Warmup)
Chain 3: Iteration:     1 / 12000 [  0%]  (Warmup)

SAMPLING FOR MODEL 'anon_model' NOW (CHAIN 4).
Chain 4: 
Chain 4: Gradient evaluation took 0.00022 seconds
Chain 4: 1000 transitions using 10 leapfrog steps per transition would take 2.2 seconds.
Chain 4: Adjust your expectations accordingly!
Chain 4: 
Chain 4: 
Chain 4: Iteration:     1 / 12000 [  0%]  (Warmup)
Chain 3: Iteration:  1200 / 12000 [ 10%]  (Warmup)
Chain 1: Iteration:  1200 / 12000 [ 10%]  (Warmup)
Chain 4: Iteration:  1200 / 12000 [ 10%]  (Warmup)
Chain 2: Iteration:  1200 / 12000 [ 10%]  (Warmup)
Chain 3: Iteration:  2400 / 12000 [ 20%]  (Warmup)
Chain 4: Iteration:  2400 / 12000 [ 20%]  (Warmup)
Chain 1: Iteration:  2400 / 12000 [ 20%]  (Warmup)
Chain 2: Iteration:  2400 / 12000 [ 20%]  (Warmup)
Chain 3: Iteration:  3600 / 12000 [ 30%]  (Warmup)
Chain 1: Iteration:  3600 / 12000 [ 30%]  (Warmup)
Chain 2: Iteration:  3600 / 12000 [ 30%]  (Warmup)
Chain 4: Iteration:  3600 / 12000 [ 30%]  (Warmup)
Chain 3: Iteration:  4800 / 12000 [ 40%]  (Warmup)
Chain 4: Iteration:  4800 / 12000 [ 40%]  (Warmup)
Chain 1: Iteration:  4800 / 12000 [ 40%]  (Warmup)
Chain 2: Iteration:  4800 / 12000 [ 40%]  (Warmup)
Chain 3: Iteration:  6000 / 12000 [ 50%]  (Warmup)
Chain 3: Iteration:  6001 / 12000 [ 50%]  (Sampling)
Chain 4: Iteration:  6000 / 12000 [ 50%]  (Warmup)
Chain 4: Iteration:  6001 / 12000 [ 50%]  (Sampling)
Chain 2: Iteration:  6000 / 12000 [ 50%]  (Warmup)
Chain 2: Iteration:  6001 / 12000 [ 50%]  (Sampling)
Chain 1: Iteration:  6000 / 12000 [ 50%]  (Warmup)
Chain 1: Iteration:  6001 / 12000 [ 50%]  (Sampling)
Chain 3: Iteration:  7200 / 12000 [ 60%]  (Sampling)
Chain 2: Iteration:  7200 / 12000 [ 60%]  (Sampling)
Chain 4: Iteration:  7200 / 12000 [ 60%]  (Sampling)
Chain 3: Iteration:  8400 / 12000 [ 70%]  (Sampling)
Chain 1: Iteration:  7200 / 12000 [ 60%]  (Sampling)
Chain 2: Iteration:  8400 / 12000 [ 70%]  (Sampling)
Chain 4: Iteration:  8400 / 12000 [ 70%]  (Sampling)
Chain 3: Iteration:  9600 / 12000 [ 80%]  (Sampling)
Chain 2: Iteration:  9600 / 12000 [ 80%]  (Sampling)
Chain 4: Iteration:  9600 / 12000 [ 80%]  (Sampling)
Chain 1: Iteration:  8400 / 12000 [ 70%]  (Sampling)
Chain 3: Iteration: 10800 / 12000 [ 90%]  (Sampling)
Chain 2: Iteration: 10800 / 12000 [ 90%]  (Sampling)
Chain 4: Iteration: 10800 / 12000 [ 90%]  (Sampling)
Chain 3: Iteration: 12000 / 12000 [100%]  (Sampling)
Chain 3: 
Chain 3:  Elapsed Time: 22.803 seconds (Warm-up)
Chain 3:                18.83 seconds (Sampling)
Chain 3:                41.633 seconds (Total)
Chain 3: 
Chain 2: Iteration: 12000 / 12000 [100%]  (Sampling)
Chain 2: 
Chain 2:  Elapsed Time: 23.616 seconds (Warm-up)
Chain 2:                19.302 seconds (Sampling)
Chain 2:                42.918 seconds (Total)
Chain 2: 
Chain 4: Iteration: 12000 / 12000 [100%]  (Sampling)
Chain 4: 
Chain 4:  Elapsed Time: 23.484 seconds (Warm-up)
Chain 4:                20.494 seconds (Sampling)
Chain 4:                43.978 seconds (Total)
Chain 4: 
Chain 1: Iteration:  9600 / 12000 [ 80%]  (Sampling)
Chain 1: Iteration: 10800 / 12000 [ 90%]  (Sampling)
Chain 1: Iteration: 12000 / 12000 [100%]  (Sampling)
Chain 1: 
Chain 1:  Elapsed Time: 23.81 seconds (Warm-up)
Chain 1:                33.772 seconds (Sampling)
Chain 1:                57.582 seconds (Total)
Chain 1: 
Done!
Fitting s14.json, 7/17

SAMPLING FOR MODEL 'anon_model' NOW (CHAIN 1).

SAMPLING FOR MODEL 'anon_model' NOW (CHAIN 2).
Chain Chain 12: : 
Chain 2: Gradient evaluation took 0.000244 seconds
Chain 2: 1000 transitions using 10 leapfrog steps per transition would take 2.44 seconds.
Chain 2: Adjust your expectations accordingly!

Chain 2: 
Chain 2: Chain 1: 
Gradient evaluation took 0.000243 seconds
Chain 1: 
1000 transitions using 10 leapfrog steps per transition would take 2.43 seconds.SAMPLING
 FOR MODEL 'Chain anon_model1' NOW (CHAIN : Adjust your expectations accordingly!3
).
Chain 1: 
Chain 1: 
Chain 3: 
Chain 3: Gradient evaluation took 0.00024 seconds
Chain 3: 1000 transitions using 10 leapfrog steps per transition would take 2.4 seconds.
Chain 3: Adjust your expectations accordingly!
Chain 3: 
Chain 3: 
Chain 2: Iteration:     1 / 12000 [  0%]  (Warmup)
Chain 1: Iteration:     1 / 12000 [  0%]  (Warmup)

SAMPLING FOR MODEL 'anon_model' NOW (CHAIN 4).
Chain 3: Iteration:     1 / 12000 [  0%]  (Warmup)
Chain 4: 
Chain 4: Gradient evaluation took 0.000236 seconds
Chain 4: 1000 transitions using 10 leapfrog steps per transition would take 2.36 seconds.
Chain 4: Adjust your expectations accordingly!
Chain 4: 
Chain 4: 
Chain 4: Iteration:     1 / 12000 [  0%]  (Warmup)
Chain 3: Iteration:  1200 / 12000 [ 10%]  (Warmup)
Chain 2: Iteration:  1200 / 12000 [ 10%]  (Warmup)
Chain 1: Iteration:  1200 / 12000 [ 10%]  (Warmup)
Chain 4: Iteration:  1200 / 12000 [ 10%]  (Warmup)
Chain 3: Iteration:  2400 / 12000 [ 20%]  (Warmup)
Chain 1: Iteration:  2400 / 12000 [ 20%]  (Warmup)
Chain 2: Iteration:  2400 / 12000 [ 20%]  (Warmup)
Chain 4: Iteration:  2400 / 12000 [ 20%]  (Warmup)
Chain 3: Iteration:  3600 / 12000 [ 30%]  (Warmup)
Chain 1: Iteration:  3600 / 12000 [ 30%]  (Warmup)
Chain 2: Iteration:  3600 / 12000 [ 30%]  (Warmup)
Chain 4: Iteration:  3600 / 12000 [ 30%]  (Warmup)
Chain 3: Iteration:  4800 / 12000 [ 40%]  (Warmup)
Chain 1: Iteration:  4800 / 12000 [ 40%]  (Warmup)
Chain 2: Iteration:  4800 / 12000 [ 40%]  (Warmup)
Chain 4: Iteration:  4800 / 12000 [ 40%]  (Warmup)
Chain 3: Iteration:  6000 / 12000 [ 50%]  (Warmup)
Chain 3: Iteration:  6001 / 12000 [ 50%]  (Sampling)
Chain 1: Iteration:  6000 / 12000 [ 50%]  (Warmup)
Chain 1: Iteration:  6001 / 12000 [ 50%]  (Sampling)
Chain 2: Iteration:  6000 / 12000 [ 50%]  (Warmup)
Chain 2: Iteration:  6001 / 12000 [ 50%]  (Sampling)
Chain 4: Iteration:  6000 / 12000 [ 50%]  (Warmup)
Chain 4: Iteration:  6001 / 12000 [ 50%]  (Sampling)
Chain 4: Iteration:  7200 / 12000 [ 60%]  (Sampling)
Chain 1: Iteration:  7200 / 12000 [ 60%]  (Sampling)
Chain 2: Iteration:  7200 / 12000 [ 60%]  (Sampling)
Chain 3: Iteration:  7200 / 12000 [ 60%]  (Sampling)
Chain 4: Iteration:  8400 / 12000 [ 70%]  (Sampling)
Chain 4: Iteration:  9600 / 12000 [ 80%]  (Sampling)
Chain 1: Iteration:  8400 / 12000 [ 70%]  (Sampling)
Chain 2: Iteration:  8400 / 12000 [ 70%]  (Sampling)
Chain 3: Iteration:  8400 / 12000 [ 70%]  (Sampling)
Chain 4: Iteration: 10800 / 12000 [ 90%]  (Sampling)
Chain 1: Iteration:  9600 / 12000 [ 80%]  (Sampling)
Chain 4: Iteration: 12000 / 12000 [100%]  (Sampling)
Chain 4: 
Chain 4:  Elapsed Time: 32.26 seconds (Warm-up)
Chain 4:                26.856 seconds (Sampling)
Chain 4:                59.116 seconds (Total)
Chain 4: 
Chain 2: Iteration:  9600 / 12000 [ 80%]  (Sampling)
Chain 3: Iteration:  9600 / 12000 [ 80%]  (Sampling)
Chain 1: Iteration: 10800 / 12000 [ 90%]  (Sampling)
Chain 2: Iteration: 10800 / 12000 [ 90%]  (Sampling)
Chain 1: Iteration: 12000 / 12000 [100%]  (Sampling)
Chain 1: 
Chain 1:  Elapsed Time: 32.141 seconds (Warm-up)
Chain 1:                41.837 seconds (Sampling)
Chain 1:                73.978 seconds (Total)
Chain 1: 
Chain 3: Iteration: 10800 / 12000 [ 90%]  (Sampling)
Chain 2: Iteration: 12000 / 12000 [100%]  (Sampling)
Chain 2: 
Chain 2:  Elapsed Time: 32.239 seconds (Warm-up)
Chain 2:                49.823 seconds (Sampling)
Chain 2:                82.062 seconds (Total)
Chain 2: 
Chain 3: Iteration: 12000 / 12000 [100%]  (Sampling)
Chain 3: 
Chain 3:  Elapsed Time: 31.685 seconds (Warm-up)
Chain 3:                53.087 seconds (Sampling)
Chain 3:                84.772 seconds (Total)
Chain 3: 
Done!
Fitting s15.json, 8/17

SAMPLING FOR MODEL 'anon_model' NOW (CHAIN 1).

SAMPLING FOR MODEL 'anon_model' NOW (CHAIN 2).

SAMPLING FOR MODEL 'anon_model' NOW (CHAIN 3).
Chain 1: 
Chain 1: Gradient evaluation took 0.000256 seconds
Chain 1: 1000 transitions using 10 leapfrog steps per transition would take 2.56 seconds.
Chain 1: Adjust your expectations accordingly!
Chain 1: 
Chain 1: 
Chain 2: 
Chain 2: Gradient evaluation took 0.000263 seconds
Chain 2: 1000 transitions using 10 leapfrog steps per transition would take 2.63 seconds.
Chain 2: Adjust your expectations accordingly!
Chain 2: 
Chain 2: 
Chain 3: 
Chain 3: Gradient evaluation took 0.000389 seconds
Chain 3: 1000 transitions using 10 leapfrog steps per transition would take 3.89 seconds.
Chain 3: Adjust your expectations accordingly!
Chain 3: 
Chain 3: 
Chain 1: Iteration:     1 / 12000 [  0%]  (Warmup)
Chain 2: Iteration:     1 / 12000 [  0%]  (Warmup)
Chain 3: Iteration:     1 / 12000 [  0%]  (Warmup)

SAMPLING FOR MODEL 'anon_model' NOW (CHAIN 4).
Chain 4: 
Chain 4: Gradient evaluation took 0.000235 seconds
Chain 4: 1000 transitions using 10 leapfrog steps per transition would take 2.35 seconds.
Chain 4: Adjust your expectations accordingly!
Chain 4: 
Chain 4: 
Chain 4: Iteration:     1 / 12000 [  0%]  (Warmup)
Chain 2: Iteration:  1200 / 12000 [ 10%]  (Warmup)
Chain 3: Iteration:  1200 / 12000 [ 10%]  (Warmup)
Chain 4: Iteration:  1200 / 12000 [ 10%]  (Warmup)
Chain 1: Iteration:  1200 / 12000 [ 10%]  (Warmup)
Chain 2: Iteration:  2400 / 12000 [ 20%]  (Warmup)
Chain 3: Iteration:  2400 / 12000 [ 20%]  (Warmup)
Chain 4: Iteration:  2400 / 12000 [ 20%]  (Warmup)
Chain 1: Iteration:  2400 / 12000 [ 20%]  (Warmup)
Chain 2: Iteration:  3600 / 12000 [ 30%]  (Warmup)
Chain 3: Iteration:  3600 / 12000 [ 30%]  (Warmup)
Chain 4: Iteration:  3600 / 12000 [ 30%]  (Warmup)
Chain 1: Iteration:  3600 / 12000 [ 30%]  (Warmup)
Chain 2: Iteration:  4800 / 12000 [ 40%]  (Warmup)
Chain 3: Iteration:  4800 / 12000 [ 40%]  (Warmup)
Chain 4: Iteration:  4800 / 12000 [ 40%]  (Warmup)
Chain 1: Iteration:  4800 / 12000 [ 40%]  (Warmup)
Chain 3: Iteration:  6000 / 12000 [ 50%]  (Warmup)
Chain 3: Iteration:  6001 / 12000 [ 50%]  (Sampling)
Chain 2: Iteration:  6000 / 12000 [ 50%]  (Warmup)
Chain 2: Iteration:  6001 / 12000 [ 50%]  (Sampling)
Chain 4: Iteration:  6000 / 12000 [ 50%]  (Warmup)
Chain 4: Iteration:  6001 / 12000 [ 50%]  (Sampling)
Chain 1: Iteration:  6000 / 12000 [ 50%]  (Warmup)
Chain 1: Iteration:  6001 / 12000 [ 50%]  (Sampling)
Chain 4: Iteration:  7200 / 12000 [ 60%]  (Sampling)
Chain 3: Iteration:  7200 / 12000 [ 60%]  (Sampling)
Chain 4: Iteration:  8400 / 12000 [ 70%]  (Sampling)
Chain 2: Iteration:  7200 / 12000 [ 60%]  (Sampling)
Chain 3: Iteration:  8400 / 12000 [ 70%]  (Sampling)
Chain 1: Iteration:  7200 / 12000 [ 60%]  (Sampling)
Chain 4: Iteration:  9600 / 12000 [ 80%]  (Sampling)
Chain 3: Iteration:  9600 / 12000 [ 80%]  (Sampling)
Chain 4: Iteration: 10800 / 12000 [ 90%]  (Sampling)
Chain 2: Iteration:  8400 / 12000 [ 70%]  (Sampling)
Chain 1: Iteration:  8400 / 12000 [ 70%]  (Sampling)
Chain 4: Iteration: 12000 / 12000 [100%]  (Sampling)
Chain 4: 
Chain 4:  Elapsed Time: 23.876 seconds (Warm-up)
Chain 4:                18.309 seconds (Sampling)
Chain 4:                42.185 seconds (Total)
Chain 4: 
Chain 3: Iteration: 10800 / 12000 [ 90%]  (Sampling)
Chain 3: Iteration: 12000 / 12000 [100%]  (Sampling)
Chain 3: 
Chain 3:  Elapsed Time: 23.698 seconds (Warm-up)
Chain 3:                23.356 seconds (Sampling)
Chain 3:                47.054 seconds (Total)
Chain 3: 
Chain 2: Iteration:  9600 / 12000 [ 80%]  (Sampling)
Chain 1: Iteration:  9600 / 12000 [ 80%]  (Sampling)
Chain 2: Iteration: 10800 / 12000 [ 90%]  (Sampling)
Chain 1: Iteration: 10800 / 12000 [ 90%]  (Sampling)
Chain 2: Iteration: 12000 / 12000 [100%]  (Sampling)
Chain 2: 
Chain 2:  Elapsed Time: 23.758 seconds (Warm-up)
Chain 2:                38.697 seconds (Sampling)
Chain 2:                62.455 seconds (Total)
Chain 2: 
Chain 1: Iteration: 12000 / 12000 [100%]  (Sampling)
Chain 1: 
Chain 1:  Elapsed Time: 24.999 seconds (Warm-up)
Chain 1:                38.688 seconds (Sampling)
Chain 1:                63.687 seconds (Total)
Chain 1: 
Done!
Fitting s16.json, 9/17

SAMPLING FOR MODEL 'anon_model' NOW (CHAIN 1).

SAMPLING FOR MODEL 'anon_model' NOW (CHAIN 2).
Chain 2: 
Chain 2: Gradient evaluation took 0.001497 seconds
Chain 2: 1000 transitions using 10 leapfrog steps per transition would take 14.97 seconds.
Chain 2: Adjust your expectations accordingly!
Chain 2: 
Chain 2: 
Chain 1: 
Chain 1: Gradient evaluation took 0.001718 seconds
Chain 1: 1000 transitions using 10 leapfrog steps per transition would take 17.18 seconds.
Chain 1: Adjust your expectations accordingly!
Chain 1: 
Chain 1: 

SAMPLING FOR MODEL 'anon_model' NOW (CHAIN 3).
Chain 2: Iteration:     1 / 12000 [  0%]  (Warmup)
Chain 1: Iteration:     1 / 12000 [  0%]  (Warmup)
Chain 3: 
Chain 3: Gradient evaluation took 0.000243 seconds
Chain 3: 1000 transitions using 10 leapfrog steps per transition would take 2.43 seconds.
Chain 3: Adjust your expectations accordingly!
Chain 3: 
Chain 3: 

SAMPLING FOR MODEL 'anon_model' NOW (CHAIN 4).
Chain 3: Iteration:     1 / 12000 [  0%]  (Warmup)
Chain 4: 
Chain 4: Gradient evaluation took 0.000261 seconds
Chain 4: 1000 transitions using 10 leapfrog steps per transition would take 2.61 seconds.
Chain 4: Adjust your expectations accordingly!
Chain 4: 
Chain 4: 
Chain 4: Iteration:     1 / 12000 [  0%]  (Warmup)
Chain 3: Iteration:  1200 / 12000 [ 10%]  (Warmup)
Chain 1: Iteration:  1200 / 12000 [ 10%]  (Warmup)
Chain 2: Iteration:  1200 / 12000 [ 10%]  (Warmup)
Chain 4: Iteration:  1200 / 12000 [ 10%]  (Warmup)
Chain 3: Iteration:  2400 / 12000 [ 20%]  (Warmup)
Chain 2: Iteration:  2400 / 12000 [ 20%]  (Warmup)
Chain 1: Iteration:  2400 / 12000 [ 20%]  (Warmup)
Chain 4: Iteration:  2400 / 12000 [ 20%]  (Warmup)
Chain 3: Iteration:  3600 / 12000 [ 30%]  (Warmup)
Chain 2: Iteration:  3600 / 12000 [ 30%]  (Warmup)
Chain 1: Iteration:  3600 / 12000 [ 30%]  (Warmup)
Chain 4: Iteration:  3600 / 12000 [ 30%]  (Warmup)
Chain 3: Iteration:  4800 / 12000 [ 40%]  (Warmup)
Chain 2: Iteration:  4800 / 12000 [ 40%]  (Warmup)
Chain 1: Iteration:  4800 / 12000 [ 40%]  (Warmup)
Chain 4: Iteration:  4800 / 12000 [ 40%]  (Warmup)
Chain 3: Iteration:  6000 / 12000 [ 50%]  (Warmup)
Chain 3: Iteration:  6001 / 12000 [ 50%]  (Sampling)
Chain 2: Iteration:  6000 / 12000 [ 50%]  (Warmup)
Chain 2: Iteration:  6001 / 12000 [ 50%]  (Sampling)
Chain 1: Iteration:  6000 / 12000 [ 50%]  (Warmup)
Chain 1: Iteration:  6001 / 12000 [ 50%]  (Sampling)
Chain 4: Iteration:  6000 / 12000 [ 50%]  (Warmup)
Chain 4: Iteration:  6001 / 12000 [ 50%]  (Sampling)
Chain 2: Iteration:  7200 / 12000 [ 60%]  (Sampling)
Chain 4: Iteration:  7200 / 12000 [ 60%]  (Sampling)
Chain 3: Iteration:  7200 / 12000 [ 60%]  (Sampling)
Chain 1: Iteration:  7200 / 12000 [ 60%]  (Sampling)
Chain 2: Iteration:  8400 / 12000 [ 70%]  (Sampling)
Chain 4: Iteration:  8400 / 12000 [ 70%]  (Sampling)
Chain 2: Iteration:  9600 / 12000 [ 80%]  (Sampling)
Chain 4: Iteration:  9600 / 12000 [ 80%]  (Sampling)
Chain 3: Iteration:  8400 / 12000 [ 70%]  (Sampling)
Chain 1: Iteration:  8400 / 12000 [ 70%]  (Sampling)
Chain 2: Iteration: 10800 / 12000 [ 90%]  (Sampling)
Chain 4: Iteration: 10800 / 12000 [ 90%]  (Sampling)
Chain 2: Iteration: 12000 / 12000 [100%]  (Sampling)
Chain 2: 
Chain 2:  Elapsed Time: 34.065 seconds (Warm-up)
Chain 2:                30.244 seconds (Sampling)
Chain 2:                64.309 seconds (Total)
Chain 2: 
Chain 4: Iteration: 12000 / 12000 [100%]  (Sampling)
Chain 4: 
Chain 4:  Elapsed Time: 34.882 seconds (Warm-up)
Chain 4:                29.559 seconds (Sampling)
Chain 4:                64.441 seconds (Total)
Chain 4: 
Chain 3: Iteration:  9600 / 12000 [ 80%]  (Sampling)
Chain 1: Iteration:  9600 / 12000 [ 80%]  (Sampling)
Chain 3: Iteration: 10800 / 12000 [ 90%]  (Sampling)
Chain 1: Iteration: 10800 / 12000 [ 90%]  (Sampling)
Chain 3: Iteration: 12000 / 12000 [100%]  (Sampling)
Chain 3: 
Chain 3:  Elapsed Time: 33.075 seconds (Warm-up)
Chain 3:                56.05 seconds (Sampling)
Chain 3:                89.125 seconds (Total)
Chain 3: 
Chain 1: Iteration: 12000 / 12000 [100%]  (Sampling)
Chain 1: 
Chain 1:  Elapsed Time: 34.346 seconds (Warm-up)
Chain 1:                54.918 seconds (Sampling)
Chain 1:                89.264 seconds (Total)
Chain 1: 
Done!
Fitting s2.json, 10/17

SAMPLING FOR MODEL 'anon_model' NOW (CHAIN 1).

SAMPLING FOR MODEL 'anon_model' NOW (CHAIN 2).
Chain 1: 
Chain 1: Gradient evaluation took 0.000251 seconds
Chain 1: 1000 transitions using 10 leapfrog steps per transition would take 2.51 seconds.
Chain 1: Adjust your expectations accordingly!
Chain 1: 
Chain 1: 

SAMPLING FOR MODEL 'anon_model' NOW (CHAIN 3).
Chain 2: 
Chain 2: Gradient evaluation took 0.000534 seconds
Chain 2: 1000 transitions using 10 leapfrog steps per transition would take 5.34 seconds.
Chain 2: Adjust your expectations accordingly!
Chain 2: 
Chain 2: 
Chain 3: 
Chain 3: Gradient evaluation took 0.000293 seconds
Chain 3: 1000 transitions using 10 leapfrog steps per transition would take 2.93 seconds.
Chain 3: Adjust your expectations accordingly!
Chain 3: 
Chain 3: 

SAMPLING FOR MODEL 'anon_model' NOW (CHAIN 4).
Chain 1: Iteration:     1 / 12000 [  0%]  (Warmup)
Chain 4: 
Chain 4: Gradient evaluation took 0.000238 seconds
Chain 4: 1000 transitions using 10 leapfrog steps per transition would take 2.38 seconds.
Chain 4: Adjust your expectations accordingly!
Chain 4: 
Chain 4: 
Chain 3: Iteration:     1 / 12000 [  0%]  (Warmup)
Chain 2: Iteration:     1 / 12000 [  0%]  (Warmup)
Chain 4: Iteration:     1 / 12000 [  0%]  (Warmup)
Chain 4: Iteration:  1200 / 12000 [ 10%]  (Warmup)
Chain 1: Iteration:  1200 / 12000 [ 10%]  (Warmup)
Chain 2: Iteration:  1200 / 12000 [ 10%]  (Warmup)
Chain 3: Iteration:  1200 / 12000 [ 10%]  (Warmup)
Chain 4: Iteration:  2400 / 12000 [ 20%]  (Warmup)
Chain 1: Iteration:  2400 / 12000 [ 20%]  (Warmup)
Chain 2: Iteration:  2400 / 12000 [ 20%]  (Warmup)
Chain 3: Iteration:  2400 / 12000 [ 20%]  (Warmup)
Chain 4: Iteration:  3600 / 12000 [ 30%]  (Warmup)
Chain 1: Iteration:  3600 / 12000 [ 30%]  (Warmup)
Chain 2: Iteration:  3600 / 12000 [ 30%]  (Warmup)
Chain 3: Iteration:  3600 / 12000 [ 30%]  (Warmup)
Chain 4: Iteration:  4800 / 12000 [ 40%]  (Warmup)
Chain 1: Iteration:  4800 / 12000 [ 40%]  (Warmup)
Chain 2: Iteration:  4800 / 12000 [ 40%]  (Warmup)
Chain 3: Iteration:  4800 / 12000 [ 40%]  (Warmup)
Chain 4: Iteration:  6000 / 12000 [ 50%]  (Warmup)
Chain 4: Iteration:  6001 / 12000 [ 50%]  (Sampling)
Chain 2: Iteration:  6000 / 12000 [ 50%]  (Warmup)
Chain 2: Iteration:  6001 / 12000 [ 50%]  (Sampling)
Chain 1: Iteration:  6000 / 12000 [ 50%]  (Warmup)
Chain 1: Iteration:  6001 / 12000 [ 50%]  (Sampling)
Chain 3: Iteration:  6000 / 12000 [ 50%]  (Warmup)
Chain 3: Iteration:  6001 / 12000 [ 50%]  (Sampling)
Chain 4: Iteration:  7200 / 12000 [ 60%]  (Sampling)
Chain 4: Iteration:  8400 / 12000 [ 70%]  (Sampling)
Chain 2: Iteration:  7200 / 12000 [ 60%]  (Sampling)
Chain 1: Iteration:  7200 / 12000 [ 60%]  (Sampling)
Chain 3: Iteration:  7200 / 12000 [ 60%]  (Sampling)
Chain 4: Iteration:  9600 / 12000 [ 80%]  (Sampling)
Chain 4: Iteration: 10800 / 12000 [ 90%]  (Sampling)
Chain 2: Iteration:  8400 / 12000 [ 70%]  (Sampling)
Chain 1: Iteration:  8400 / 12000 [ 70%]  (Sampling)
Chain 4: Iteration: 12000 / 12000 [100%]  (Sampling)
Chain 4: 
Chain 4:  Elapsed Time: 21.652 seconds (Warm-up)
Chain 4:                15.879 seconds (Sampling)
Chain 4:                37.531 seconds (Total)
Chain 4: 
Chain 3: Iteration:  8400 / 12000 [ 70%]  (Sampling)
Chain 2: Iteration:  9600 / 12000 [ 80%]  (Sampling)
Chain 1: Iteration:  9600 / 12000 [ 80%]  (Sampling)
Chain 3: Iteration:  9600 / 12000 [ 80%]  (Sampling)
Chain 2: Iteration: 10800 / 12000 [ 90%]  (Sampling)
Chain 1: Iteration: 10800 / 12000 [ 90%]  (Sampling)
Chain 2: Iteration: 12000 / 12000 [100%]  (Sampling)
Chain 2: 
Chain 2:  Elapsed Time: 22.587 seconds (Warm-up)
Chain 2:                29.906 seconds (Sampling)
Chain 2:                52.493 seconds (Total)
Chain 2: 
Chain 3: Iteration: 10800 / 12000 [ 90%]  (Sampling)
Chain 1: Iteration: 12000 / 12000 [100%]  (Sampling)
Chain 1: 
Chain 1:  Elapsed Time: 22.723 seconds (Warm-up)
Chain 1:                35.098 seconds (Sampling)
Chain 1:                57.821 seconds (Total)
Chain 1: 
Chain 3: Iteration: 12000 / 12000 [100%]  (Sampling)
Chain 3: 
Chain 3:  Elapsed Time: 23.189 seconds (Warm-up)
Chain 3:                36.603 seconds (Sampling)
Chain 3:                59.792 seconds (Total)
Chain 3: 
Done!
Fitting s3.json, 11/17

SAMPLING FOR MODEL 'anon_model' NOW (CHAIN 1).

SAMPLING FOR MODEL 'anon_model' NOW (CHAIN 2).
Chain 1: 
Chain 1: Gradient evaluation took 0.000253 seconds
Chain 1: 1000 transitions using 10 leapfrog steps per transition would take 2.53 seconds.
Chain 1: Adjust your expectations accordingly!
Chain 1: 
Chain 1: 
Chain 2: 
Chain 2: Gradient evaluation took 0.000228 seconds
Chain 2: 1000 transitions using 10 leapfrog steps per transition would take 2.28 seconds.
Chain 2: Adjust your expectations accordingly!
Chain 2: 
Chain 2: 

SAMPLING FOR MODEL 'anon_model' NOW (CHAIN 3).
Chain 1: Iteration:     1 / 12000 [  0%]  (Warmup)
Chain 3: 
Chain 3: Gradient evaluation took 0.000219 seconds
Chain 3: 1000 transitions using 10 leapfrog steps per transition would take 2.19 seconds.
Chain 3: Adjust your expectations accordingly!
Chain 3: 
Chain 3: 
Chain 2: Iteration:     1 / 12000 [  0%]  (Warmup)

SAMPLING FOR MODEL 'anon_model' NOW (CHAIN 4).
Chain 3: Iteration:     1 / 12000 [  0%]  (Warmup)
Chain 4: 
Chain 4: Gradient evaluation took 0.000224 seconds
Chain 4: 1000 transitions using 10 leapfrog steps per transition would take 2.24 seconds.
Chain 4: Adjust your expectations accordingly!
Chain 4: 
Chain 4: 
Chain 4: Iteration:     1 / 12000 [  0%]  (Warmup)
Chain 2: Iteration:  1200 / 12000 [ 10%]  (Warmup)
Chain 1: Iteration:  1200 / 12000 [ 10%]  (Warmup)
Chain 4: Iteration:  1200 / 12000 [ 10%]  (Warmup)
Chain 3: Iteration:  1200 / 12000 [ 10%]  (Warmup)
Chain 1: Iteration:  2400 / 12000 [ 20%]  (Warmup)
Chain 2: Iteration:  2400 / 12000 [ 20%]  (Warmup)
Chain 4: Iteration:  2400 / 12000 [ 20%]  (Warmup)
Chain 3: Iteration:  2400 / 12000 [ 20%]  (Warmup)
Chain 1: Iteration:  3600 / 12000 [ 30%]  (Warmup)
Chain 2: Iteration:  3600 / 12000 [ 30%]  (Warmup)
Chain 4: Iteration:  3600 / 12000 [ 30%]  (Warmup)
Chain 3: Iteration:  3600 / 12000 [ 30%]  (Warmup)
Chain 2: Iteration:  4800 / 12000 [ 40%]  (Warmup)
Chain 1: Iteration:  4800 / 12000 [ 40%]  (Warmup)
Chain 4: Iteration:  4800 / 12000 [ 40%]  (Warmup)
Chain 3: Iteration:  4800 / 12000 [ 40%]  (Warmup)
Chain 2: Iteration:  6000 / 12000 [ 50%]  (Warmup)
Chain 2: Iteration:  6001 / 12000 [ 50%]  (Sampling)
Chain 1: Iteration:  6000 / 12000 [ 50%]  (Warmup)
Chain 1: Iteration:  6001 / 12000 [ 50%]  (Sampling)
Chain 4: Iteration:  6000 / 12000 [ 50%]  (Warmup)
Chain 4: Iteration:  6001 / 12000 [ 50%]  (Sampling)
Chain 3: Iteration:  6000 / 12000 [ 50%]  (Warmup)
Chain 3: Iteration:  6001 / 12000 [ 50%]  (Sampling)
Chain 2: Iteration:  7200 / 12000 [ 60%]  (Sampling)
Chain 4: Iteration:  7200 / 12000 [ 60%]  (Sampling)
Chain 3: Iteration:  7200 / 12000 [ 60%]  (Sampling)
Chain 1: Iteration:  7200 / 12000 [ 60%]  (Sampling)
Chain 2: Iteration:  8400 / 12000 [ 70%]  (Sampling)
Chain 2: Iteration:  9600 / 12000 [ 80%]  (Sampling)
Chain 3: Iteration:  8400 / 12000 [ 70%]  (Sampling)
Chain 4: Iteration:  8400 / 12000 [ 70%]  (Sampling)
Chain 1: Iteration:  8400 / 12000 [ 70%]  (Sampling)
Chain 2: Iteration: 10800 / 12000 [ 90%]  (Sampling)
Chain 3: Iteration:  9600 / 12000 [ 80%]  (Sampling)
Chain 2: Iteration: 12000 / 12000 [100%]  (Sampling)
Chain 2: 
Chain 2:  Elapsed Time: 25.248 seconds (Warm-up)
Chain 2:                17.715 seconds (Sampling)
Chain 2:                42.963 seconds (Total)
Chain 2: 
Chain 4: Iteration:  9600 / 12000 [ 80%]  (Sampling)
Chain 1: Iteration:  9600 / 12000 [ 80%]  (Sampling)
Chain 3: Iteration: 10800 / 12000 [ 90%]  (Sampling)
Chain 4: Iteration: 10800 / 12000 [ 90%]  (Sampling)
Chain 1: Iteration: 10800 / 12000 [ 90%]  (Sampling)
Chain 3: Iteration: 12000 / 12000 [100%]  (Sampling)
Chain 3: 
Chain 3:  Elapsed Time: 26.404 seconds (Warm-up)
Chain 3:                26.693 seconds (Sampling)
Chain 3:                53.097 seconds (Total)
Chain 3: 
Chain 4: Iteration: 12000 / 12000 [100%]  (Sampling)
Chain 4: 
Chain 4:  Elapsed Time: 26.015 seconds (Warm-up)
Chain 4:                28.601 seconds (Sampling)
Chain 4:                54.616 seconds (Total)
Chain 4: 
Chain 1: Iteration: 12000 / 12000 [100%]  (Sampling)
Chain 1: 
Chain 1:  Elapsed Time: 25.668 seconds (Warm-up)
Chain 1:                32.292 seconds (Sampling)
Chain 1:                57.96 seconds (Total)
Chain 1: 
Done!
Fitting s4.json, 12/17

SAMPLING FOR MODEL 'anon_model' NOW (CHAIN 1).

SAMPLING FOR MODEL 'anon_model' NOW (CHAIN 2).
Chain 1: 
Chain 1: Gradient evaluation took 0.000243 seconds
Chain 1: 1000 transitions using 10 leapfrog steps per transition would take 2.43 seconds.
Chain 1: Adjust your expectations accordingly!
Chain 1: 
Chain 1: 
Chain 2: 
Chain 2: Gradient evaluation took 0.000227 seconds
Chain 2: 1000 transitions using 10 leapfrog steps per transition would take 2.27 seconds.
Chain 2: Adjust your expectations accordingly!
Chain 2: 
Chain 2: 

SAMPLING FOR MODEL 'anon_model' NOW (CHAIN 3).
Chain 1: Iteration:     1 / 12000 [  0%]  (Warmup)
Chain 3: 
Chain 3: Gradient evaluation took 0.000224 seconds
Chain 3: 1000 transitions using 10 leapfrog steps per transition would take 2.24 seconds.
Chain 3: Adjust your expectations accordingly!
Chain 3: 
Chain 3: 
Chain 2: Iteration:     1 / 12000 [  0%]  (Warmup)

SAMPLING FOR MODEL 'anon_model' NOW (CHAIN 4).
Chain 3: Iteration:     1 / 12000 [  0%]  (Warmup)
Chain 4: 
Chain 4: Gradient evaluation took 0.000225 seconds
Chain 4: 1000 transitions using 10 leapfrog steps per transition would take 2.25 seconds.
Chain 4: Adjust your expectations accordingly!
Chain 4: 
Chain 4: 
Chain 4: Iteration:     1 / 12000 [  0%]  (Warmup)
Chain 2: Iteration:  1200 / 12000 [ 10%]  (Warmup)
Chain 3: Iteration:  1200 / 12000 [ 10%]  (Warmup)
Chain 1: Iteration:  1200 / 12000 [ 10%]  (Warmup)
Chain 4: Iteration:  1200 / 12000 [ 10%]  (Warmup)
Chain 2: Iteration:  2400 / 12000 [ 20%]  (Warmup)
Chain 3: Iteration:  2400 / 12000 [ 20%]  (Warmup)
Chain 1: Iteration:  2400 / 12000 [ 20%]  (Warmup)
Chain 4: Iteration:  2400 / 12000 [ 20%]  (Warmup)
Chain 2: Iteration:  3600 / 12000 [ 30%]  (Warmup)
Chain 3: Iteration:  3600 / 12000 [ 30%]  (Warmup)
Chain 1: Iteration:  3600 / 12000 [ 30%]  (Warmup)
Chain 4: Iteration:  3600 / 12000 [ 30%]  (Warmup)
Chain 3: Iteration:  4800 / 12000 [ 40%]  (Warmup)
Chain 2: Iteration:  4800 / 12000 [ 40%]  (Warmup)
Chain 1: Iteration:  4800 / 12000 [ 40%]  (Warmup)
Chain 4: Iteration:  4800 / 12000 [ 40%]  (Warmup)
Chain 3: Iteration:  6000 / 12000 [ 50%]  (Warmup)
Chain 3: Iteration:  6001 / 12000 [ 50%]  (Sampling)
Chain 2: Iteration:  6000 / 12000 [ 50%]  (Warmup)
Chain 2: Iteration:  6001 / 12000 [ 50%]  (Sampling)
Chain 1: Iteration:  6000 / 12000 [ 50%]  (Warmup)
Chain 1: Iteration:  6001 / 12000 [ 50%]  (Sampling)
Chain 4: Iteration:  6000 / 12000 [ 50%]  (Warmup)
Chain 4: Iteration:  6001 / 12000 [ 50%]  (Sampling)
Chain 3: Iteration:  7200 / 12000 [ 60%]  (Sampling)
Chain 1: Iteration:  7200 / 12000 [ 60%]  (Sampling)
Chain 2: Iteration:  7200 / 12000 [ 60%]  (Sampling)
Chain 4: Iteration:  7200 / 12000 [ 60%]  (Sampling)
Chain 3: Iteration:  8400 / 12000 [ 70%]  (Sampling)
Chain 1: Iteration:  8400 / 12000 [ 70%]  (Sampling)
Chain 2: Iteration:  8400 / 12000 [ 70%]  (Sampling)
Chain 3: Iteration:  9600 / 12000 [ 80%]  (Sampling)
Chain 4: Iteration:  8400 / 12000 [ 70%]  (Sampling)
Chain 1: Iteration:  9600 / 12000 [ 80%]  (Sampling)
Chain 3: Iteration: 10800 / 12000 [ 90%]  (Sampling)
Chain 2: Iteration:  9600 / 12000 [ 80%]  (Sampling)
Chain 1: Iteration: 10800 / 12000 [ 90%]  (Sampling)
Chain 4: Iteration:  9600 / 12000 [ 80%]  (Sampling)
Chain 3: Iteration: 12000 / 12000 [100%]  (Sampling)
Chain 3: 
Chain 3:  Elapsed Time: 28.241 seconds (Warm-up)
Chain 3:                23.705 seconds (Sampling)
Chain 3:                51.946 seconds (Total)
Chain 3: 
Chain 2: Iteration: 10800 / 12000 [ 90%]  (Sampling)
Chain 1: Iteration: 12000 / 12000 [100%]  (Sampling)
Chain 1: 
Chain 1:  Elapsed Time: 28.996 seconds (Warm-up)
Chain 1:                26.112 seconds (Sampling)
Chain 1:                55.108 seconds (Total)
Chain 1: 
Chain 4: Iteration: 10800 / 12000 [ 90%]  (Sampling)
Chain 2: Iteration: 12000 / 12000 [100%]  (Sampling)
Chain 2: 
Chain 2:  Elapsed Time: 28.87 seconds (Warm-up)
Chain 2:                31.152 seconds (Sampling)
Chain 2:                60.022 seconds (Total)
Chain 2: 
Chain 4: Iteration: 12000 / 12000 [100%]  (Sampling)
Chain 4: 
Chain 4:  Elapsed Time: 29.401 seconds (Warm-up)
Chain 4:                34.283 seconds (Sampling)
Chain 4:                63.684 seconds (Total)
Chain 4: 
Done!
Fitting s5.json, 13/17

SAMPLING FOR MODEL 'anon_model' NOW (CHAIN 1).

SAMPLING FOR MODEL 'anon_model' NOW (CHAIN 2).
Chain 1: 
Chain 1: Gradient evaluation took 0.000239 seconds
Chain 1: 1000 transitions using 10 leapfrog steps per transition would take 2.39 seconds.
Chain 1: Adjust your expectations accordingly!
Chain 1: 
Chain 1: 
Chain 2: 
Chain 2: Gradient evaluation took 0.000238 seconds
Chain 2: 1000 transitions using 10 leapfrog steps per transition would take 2.38 seconds.
Chain 2: Adjust your expectations accordingly!
Chain 2: 
Chain 2: 

SAMPLING FOR MODEL 'anon_model' NOW (CHAIN 3).
Chain 1: Iteration:     1 / 12000 [  0%]  (Warmup)
Chain 3: 
Chain 3: Gradient evaluation took 0.000238 seconds
Chain 3: 1000 transitions using 10 leapfrog steps per transition would take 2.38 seconds.
Chain 3: Adjust your expectations accordingly!
Chain 3: 
Chain 3: 
Chain 2: Iteration:     1 / 12000 [  0%]  (Warmup)

SAMPLING FOR MODEL 'anon_model' NOW (CHAIN 4).
Chain 3: Iteration:     1 / 12000 [  0%]  (Warmup)
Chain 4: 
Chain 4: Gradient evaluation took 0.000224 seconds
Chain 4: 1000 transitions using 10 leapfrog steps per transition would take 2.24 seconds.
Chain 4: Adjust your expectations accordingly!
Chain 4: 
Chain 4: 
Chain 4: Iteration:     1 / 12000 [  0%]  (Warmup)
Chain 2: Iteration:  1200 / 12000 [ 10%]  (Warmup)
Chain 3: Iteration:  1200 / 12000 [ 10%]  (Warmup)
Chain 4: Iteration:  1200 / 12000 [ 10%]  (Warmup)
Chain 1: Iteration:  1200 / 12000 [ 10%]  (Warmup)
Chain 2: Iteration:  2400 / 12000 [ 20%]  (Warmup)
Chain 3: Iteration:  2400 / 12000 [ 20%]  (Warmup)
Chain 4: Iteration:  2400 / 12000 [ 20%]  (Warmup)
Chain 1: Iteration:  2400 / 12000 [ 20%]  (Warmup)
Chain 2: Iteration:  3600 / 12000 [ 30%]  (Warmup)
Chain 3: Iteration:  3600 / 12000 [ 30%]  (Warmup)
Chain 4: Iteration:  3600 / 12000 [ 30%]  (Warmup)
Chain 1: Iteration:  3600 / 12000 [ 30%]  (Warmup)
Chain 2: Iteration:  4800 / 12000 [ 40%]  (Warmup)
Chain 4: Iteration:  4800 / 12000 [ 40%]  (Warmup)
Chain 3: Iteration:  4800 / 12000 [ 40%]  (Warmup)
Chain 1: Iteration:  4800 / 12000 [ 40%]  (Warmup)
Chain 3: Iteration:  6000 / 12000 [ 50%]  (Warmup)
Chain 3: Iteration:  6001 / 12000 [ 50%]  (Sampling)
Chain 4: Iteration:  6000 / 12000 [ 50%]  (Warmup)
Chain 4: Iteration:  6001 / 12000 [ 50%]  (Sampling)
Chain 2: Iteration:  6000 / 12000 [ 50%]  (Warmup)
Chain 2: Iteration:  6001 / 12000 [ 50%]  (Sampling)
Chain 1: Iteration:  6000 / 12000 [ 50%]  (Warmup)
Chain 1: Iteration:  6001 / 12000 [ 50%]  (Sampling)
Chain 1: Iteration:  7200 / 12000 [ 60%]  (Sampling)
Chain 1: Iteration:  8400 / 12000 [ 70%]  (Sampling)
Chain 3: Iteration:  7200 / 12000 [ 60%]  (Sampling)
Chain 4: Iteration:  7200 / 12000 [ 60%]  (Sampling)
Chain 2: Iteration:  7200 / 12000 [ 60%]  (Sampling)
Chain 1: Iteration:  9600 / 12000 [ 80%]  (Sampling)
Chain 1: Iteration: 10800 / 12000 [ 90%]  (Sampling)
Chain 4: Iteration:  8400 / 12000 [ 70%]  (Sampling)
Chain 3: Iteration:  8400 / 12000 [ 70%]  (Sampling)
Chain 2: Iteration:  8400 / 12000 [ 70%]  (Sampling)
Chain 1: Iteration: 12000 / 12000 [100%]  (Sampling)
Chain 1: 
Chain 1:  Elapsed Time: 36.817 seconds (Warm-up)
Chain 1:                27.762 seconds (Sampling)
Chain 1:                64.579 seconds (Total)
Chain 1: 
Chain 3: Iteration:  9600 / 12000 [ 80%]  (Sampling)
Chain 4: Iteration:  9600 / 12000 [ 80%]  (Sampling)
Chain 2: Iteration:  9600 / 12000 [ 80%]  (Sampling)
Chain 3: Iteration: 10800 / 12000 [ 90%]  (Sampling)
Chain 4: Iteration: 10800 / 12000 [ 90%]  (Sampling)
Chain 2: Iteration: 10800 / 12000 [ 90%]  (Sampling)
Chain 3: Iteration: 12000 / 12000 [100%]  (Sampling)
Chain 3: 
Chain 3:  Elapsed Time: 36.135 seconds (Warm-up)
Chain 3:                59.657 seconds (Sampling)
Chain 3:                95.792 seconds (Total)
Chain 3: 
Chain 4: Iteration: 12000 / 12000 [100%]  (Sampling)
Chain 4: 
Chain 4:  Elapsed Time: 36.375 seconds (Warm-up)
Chain 4:                60.528 seconds (Sampling)
Chain 4:                96.903 seconds (Total)
Chain 4: 
Chain 2: Iteration: 12000 / 12000 [100%]  (Sampling)
Chain 2: 
Chain 2:  Elapsed Time: 36.649 seconds (Warm-up)
Chain 2:                61.35 seconds (Sampling)
Chain 2:                97.999 seconds (Total)
Chain 2: 
Done!
Fitting s6.json, 14/17

SAMPLING FOR MODEL 'anon_model' NOW (CHAIN 1).
Chain 1: 
Chain 1: Gradient evaluation took 0.000259 seconds
Chain 1: 1000 transitions using 10 leapfrog steps per transition would take 2.59 seconds.
Chain 1: Adjust your expectations accordingly!
Chain 1: 
Chain 1: 

SAMPLING FOR MODEL 'anon_model' NOW (CHAIN 2).
Chain 2: 
Chain 2: Gradient evaluation took 0.000304 seconds
Chain 2: 1000 transitions using 10 leapfrog steps per transition would take 3.04 seconds.
Chain 1: Iteration:     1 / 12000 [  0%]  (Warmup)
Chain 2: Adjust your expectations accordingly!
Chain 2: 
Chain 2: 

SAMPLING FOR MODEL 'anon_model' NOW (CHAIN 3).
Chain 3: 
Chain 3: Gradient evaluation took 0.000244 seconds
Chain 3: 1000 transitions using 10 leapfrog steps per transition would take 2.44 seconds.
Chain 3: Adjust your expectations accordingly!
Chain 3: 
Chain 3: 
Chain 2: Iteration:     1 / 12000 [  0%]  (Warmup)

SAMPLING FOR MODEL 'anon_model' NOW (CHAIN 4).
Chain 3: Iteration:     1 / 12000 [  0%]  (Warmup)
Chain 4: 
Chain 4: Gradient evaluation took 0.000246 seconds
Chain 4: 1000 transitions using 10 leapfrog steps per transition would take 2.46 seconds.
Chain 4: Adjust your expectations accordingly!
Chain 4: 
Chain 4: 
Chain 4: Iteration:     1 / 12000 [  0%]  (Warmup)
Chain 3: Iteration:  1200 / 12000 [ 10%]  (Warmup)
Chain 4: Iteration:  1200 / 12000 [ 10%]  (Warmup)
Chain 1: Iteration:  1200 / 12000 [ 10%]  (Warmup)
Chain 2: Iteration:  1200 / 12000 [ 10%]  (Warmup)
Chain 3: Iteration:  2400 / 12000 [ 20%]  (Warmup)
Chain 1: Iteration:  2400 / 12000 [ 20%]  (Warmup)
Chain 4: Iteration:  2400 / 12000 [ 20%]  (Warmup)
Chain 2: Iteration:  2400 / 12000 [ 20%]  (Warmup)
Chain 3: Iteration:  3600 / 12000 [ 30%]  (Warmup)
Chain 4: Iteration:  3600 / 12000 [ 30%]  (Warmup)
Chain 1: Iteration:  3600 / 12000 [ 30%]  (Warmup)
Chain 2: Iteration:  3600 / 12000 [ 30%]  (Warmup)
Chain 3: Iteration:  4800 / 12000 [ 40%]  (Warmup)
Chain 4: Iteration:  4800 / 12000 [ 40%]  (Warmup)
Chain 1: Iteration:  4800 / 12000 [ 40%]  (Warmup)
Chain 2: Iteration:  4800 / 12000 [ 40%]  (Warmup)
Chain 3: Iteration:  6000 / 12000 [ 50%]  (Warmup)
Chain 3: Iteration:  6001 / 12000 [ 50%]  (Sampling)
Chain 4: Iteration:  6000 / 12000 [ 50%]  (Warmup)
Chain 4: Iteration:  6001 / 12000 [ 50%]  (Sampling)
Chain 1: Iteration:  6000 / 12000 [ 50%]  (Warmup)
Chain 1: Iteration:  6001 / 12000 [ 50%]  (Sampling)
Chain 2: Iteration:  6000 / 12000 [ 50%]  (Warmup)
Chain 2: Iteration:  6001 / 12000 [ 50%]  (Sampling)
Chain 2: Iteration:  7200 / 12000 [ 60%]  (Sampling)
Chain 4: Iteration:  7200 / 12000 [ 60%]  (Sampling)
Chain 3: Iteration:  7200 / 12000 [ 60%]  (Sampling)
Chain 1: Iteration:  7200 / 12000 [ 60%]  (Sampling)
Chain 2: Iteration:  8400 / 12000 [ 70%]  (Sampling)
Chain 4: Iteration:  8400 / 12000 [ 70%]  (Sampling)
Chain 1: Iteration:  8400 / 12000 [ 70%]  (Sampling)
Chain 3: Iteration:  8400 / 12000 [ 70%]  (Sampling)
Chain 2: Iteration:  9600 / 12000 [ 80%]  (Sampling)
Chain 4: Iteration:  9600 / 12000 [ 80%]  (Sampling)
Chain 1: Iteration:  9600 / 12000 [ 80%]  (Sampling)
Chain 3: Iteration:  9600 / 12000 [ 80%]  (Sampling)
Chain 2: Iteration: 10800 / 12000 [ 90%]  (Sampling)
Chain 4: Iteration: 10800 / 12000 [ 90%]  (Sampling)
Chain 1: Iteration: 10800 / 12000 [ 90%]  (Sampling)
Chain 2: Iteration: 12000 / 12000 [100%]  (Sampling)
Chain 2: 
Chain 2:  Elapsed Time: 30.741 seconds (Warm-up)
Chain 2:                41.029 seconds (Sampling)
Chain 2:                71.77 seconds (Total)
Chain 2: 
Chain 3: Iteration: 10800 / 12000 [ 90%]  (Sampling)
Chain 4: Iteration: 12000 / 12000 [100%]  (Sampling)
Chain 4: 
Chain 4:  Elapsed Time: 29.935 seconds (Warm-up)
Chain 4:                49.236 seconds (Sampling)
Chain 4:                79.171 seconds (Total)
Chain 4: 
Chain 1: Iteration: 12000 / 12000 [100%]  (Sampling)
Chain 1: 
Chain 1:  Elapsed Time: 30.637 seconds (Warm-up)
Chain 1:                50.313 seconds (Sampling)
Chain 1:                80.95 seconds (Total)
Chain 1: 
Chain 3: Iteration: 12000 / 12000 [100%]  (Sampling)
Chain 3: 
Chain 3:  Elapsed Time: 29.418 seconds (Warm-up)
Chain 3:                54.981 seconds (Sampling)
Chain 3:                84.399 seconds (Total)
Chain 3: 
Done!
Fitting s7.json, 15/17

SAMPLING FOR MODEL 'anon_model' NOW (CHAIN 1).
Chain 1: 
Chain 1: Gradient evaluation took 0.000238 seconds
Chain 1: 1000 transitions using 10 leapfrog steps per transition would take 2.38 seconds.
Chain 1: Adjust your expectations accordingly!
Chain 1: 
Chain 1: 

SAMPLING FOR MODEL 'anon_model' NOW (CHAIN 2).

SAMPLING FOR MODEL 'anon_model' NOW (CHAIN 3).
Chain 1: Iteration:     1 / 12000 [  0%]  (Warmup)
Chain 2: 
Chain 2: Gradient evaluation took 0.000239 seconds
Chain 2: 1000 transitions using 10 leapfrog steps per transition would take 2.39 seconds.
Chain 2: Adjust your expectations accordingly!
Chain 2: 
Chain 2: 
Chain 3: 
Chain 3: Gradient evaluation took 0.000222 seconds
Chain 3: 1000 transitions using 10 leapfrog steps per transition would take 2.22 seconds.
Chain 3: Adjust your expectations accordingly!
Chain 3: 
Chain 3: 

SAMPLING FOR MODEL 'anon_model' NOW (CHAIN 4).
Chain 2: Iteration:     1 / 12000 [  0%]  (Warmup)
Chain 3: Iteration:     1 / 12000 [  0%]  (Warmup)
Chain 4: 
Chain 4: Gradient evaluation took 0.000221 seconds
Chain 4: 1000 transitions using 10 leapfrog steps per transition would take 2.21 seconds.
Chain 4: Adjust your expectations accordingly!
Chain 4: 
Chain 4: 
Chain 4: Iteration:     1 / 12000 [  0%]  (Warmup)
Chain 3: Iteration:  1200 / 12000 [ 10%]  (Warmup)
Chain 4: Iteration:  1200 / 12000 [ 10%]  (Warmup)
Chain 2: Iteration:  1200 / 12000 [ 10%]  (Warmup)
Chain 1: Iteration:  1200 / 12000 [ 10%]  (Warmup)
Chain 3: Iteration:  2400 / 12000 [ 20%]  (Warmup)
Chain 4: Iteration:  2400 / 12000 [ 20%]  (Warmup)
Chain 2: Iteration:  2400 / 12000 [ 20%]  (Warmup)
Chain 1: Iteration:  2400 / 12000 [ 20%]  (Warmup)
Chain 3: Iteration:  3600 / 12000 [ 30%]  (Warmup)
Chain 4: Iteration:  3600 / 12000 [ 30%]  (Warmup)
Chain 1: Iteration:  3600 / 12000 [ 30%]  (Warmup)
Chain 2: Iteration:  3600 / 12000 [ 30%]  (Warmup)
Chain 4: Iteration:  4800 / 12000 [ 40%]  (Warmup)
Chain 3: Iteration:  4800 / 12000 [ 40%]  (Warmup)
Chain 2: Iteration:  4800 / 12000 [ 40%]  (Warmup)
Chain 1: Iteration:  4800 / 12000 [ 40%]  (Warmup)
Chain 3: Iteration:  6000 / 12000 [ 50%]  (Warmup)
Chain 3: Iteration:  6001 / 12000 [ 50%]  (Sampling)
Chain 4: Iteration:  6000 / 12000 [ 50%]  (Warmup)
Chain 4: Iteration:  6001 / 12000 [ 50%]  (Sampling)
Chain 1: Iteration:  6000 / 12000 [ 50%]  (Warmup)
Chain 1: Iteration:  6001 / 12000 [ 50%]  (Sampling)
Chain 2: Iteration:  6000 / 12000 [ 50%]  (Warmup)
Chain 2: Iteration:  6001 / 12000 [ 50%]  (Sampling)
Chain 3: Iteration:  7200 / 12000 [ 60%]  (Sampling)
Chain 4: Iteration:  7200 / 12000 [ 60%]  (Sampling)
Chain 1: Iteration:  7200 / 12000 [ 60%]  (Sampling)
Chain 2: Iteration:  7200 / 12000 [ 60%]  (Sampling)
Chain 3: Iteration:  8400 / 12000 [ 70%]  (Sampling)
Chain 4: Iteration:  8400 / 12000 [ 70%]  (Sampling)
Chain 1: Iteration:  8400 / 12000 [ 70%]  (Sampling)
Chain 3: Iteration:  9600 / 12000 [ 80%]  (Sampling)
Chain 2: Iteration:  8400 / 12000 [ 70%]  (Sampling)
Chain 1: Iteration:  9600 / 12000 [ 80%]  (Sampling)
Chain 4: Iteration:  9600 / 12000 [ 80%]  (Sampling)
Chain 3: Iteration: 10800 / 12000 [ 90%]  (Sampling)
Chain 1: Iteration: 10800 / 12000 [ 90%]  (Sampling)
Chain 4: Iteration: 10800 / 12000 [ 90%]  (Sampling)
Chain 2: Iteration:  9600 / 12000 [ 80%]  (Sampling)
Chain 3: Iteration: 12000 / 12000 [100%]  (Sampling)
Chain 3: 
Chain 3:  Elapsed Time: 25.073 seconds (Warm-up)
Chain 3:                20.116 seconds (Sampling)
Chain 3:                45.189 seconds (Total)
Chain 3: 
Chain 1: Iteration: 12000 / 12000 [100%]  (Sampling)
Chain 1: 
Chain 1:  Elapsed Time: 25.275 seconds (Warm-up)
Chain 1:                20.395 seconds (Sampling)
Chain 1:                45.67 seconds (Total)
Chain 1: 
Chain 4: Iteration: 12000 / 12000 [100%]  (Sampling)
Chain 4: 
Chain 4:  Elapsed Time: 25.087 seconds (Warm-up)
Chain 4:                21.222 seconds (Sampling)
Chain 4:                46.309 seconds (Total)
Chain 4: 
Chain 2: Iteration: 10800 / 12000 [ 90%]  (Sampling)
Chain 2: Iteration: 12000 / 12000 [100%]  (Sampling)
Chain 2: 
Chain 2:  Elapsed Time: 25.511 seconds (Warm-up)
Chain 2:                29.436 seconds (Sampling)
Chain 2:                54.947 seconds (Total)
Chain 2: 
Done!
Fitting s8.json, 16/17

SAMPLING FOR MODEL 'anon_model' NOW (CHAIN 1).
Chain 1: 

SAMPLING FOR MODEL 'anon_modelChain ' NOW (CHAIN 1: Gradient evaluation took 0.000236 seconds2
).
Chain 1: 1000 transitions using 10 leapfrog steps per transition would take 2.36 seconds.
Chain 1: Adjust your expectations accordingly!
Chain 1: 
Chain 1: 

SAMPLING FOR MODEL 'anon_model' NOW (CHAIN 3).
Chain 2: 
Chain 2: Gradient evaluation took 0.000225 seconds
Chain 2: 1000 transitions using 10 leapfrog steps per transition would take 2.25 seconds.
Chain 2: Adjust your expectations accordingly!
Chain 2: 
Chain 2: 
Chain 3: 
Chain 3: Gradient evaluation took 0.000228 seconds
Chain 3: 1000 transitions using 10 leapfrog steps per transition would take 2.28 seconds.
Chain 3: Adjust your expectations accordingly!
Chain Chain 31: : 
Iteration:     1 / 12000 [  0%]  (Warmup)Chain 
3: 
Chain 2: Iteration:     1 / 12000 [  0%]  (Warmup)

SAMPLING FOR MODEL 'anon_model' NOW (CHAIN 4).
Chain 3: Iteration:     1 / 12000 [  0%]  (Warmup)
Chain 4: 
Chain 4: Gradient evaluation took 0.000215 seconds
Chain 4: 1000 transitions using 10 leapfrog steps per transition would take 2.15 seconds.
Chain 4: Adjust your expectations accordingly!
Chain 4: 
Chain 4: 
Chain 4: Iteration:     1 / 12000 [  0%]  (Warmup)
Chain 3: Iteration:  1200 / 12000 [ 10%]  (Warmup)
Chain 2: Iteration:  1200 / 12000 [ 10%]  (Warmup)
Chain 1: Iteration:  1200 / 12000 [ 10%]  (Warmup)
Chain 4: Iteration:  1200 / 12000 [ 10%]  (Warmup)
Chain 3: Iteration:  2400 / 12000 [ 20%]  (Warmup)
Chain 1: Iteration:  2400 / 12000 [ 20%]  (Warmup)
Chain 2: Iteration:  2400 / 12000 [ 20%]  (Warmup)
Chain 4: Iteration:  2400 / 12000 [ 20%]  (Warmup)
Chain 1: Iteration:  3600 / 12000 [ 30%]  (Warmup)
Chain 2: Iteration:  3600 / 12000 [ 30%]  (Warmup)
Chain 3: Iteration:  3600 / 12000 [ 30%]  (Warmup)
Chain 4: Iteration:  3600 / 12000 [ 30%]  (Warmup)
Chain 1: Iteration:  4800 / 12000 [ 40%]  (Warmup)
Chain 2: Iteration:  4800 / 12000 [ 40%]  (Warmup)
Chain 4: Iteration:  4800 / 12000 [ 40%]  (Warmup)
Chain 3: Iteration:  4800 / 12000 [ 40%]  (Warmup)
Chain 1: Iteration:  6000 / 12000 [ 50%]  (Warmup)
Chain 1: Iteration:  6001 / 12000 [ 50%]  (Sampling)
Chain 2: Iteration:  6000 / 12000 [ 50%]  (Warmup)
Chain 2: Iteration:  6001 / 12000 [ 50%]  (Sampling)
Chain 4: Iteration:  6000 / 12000 [ 50%]  (Warmup)
Chain 4: Iteration:  6001 / 12000 [ 50%]  (Sampling)
Chain 3: Iteration:  6000 / 12000 [ 50%]  (Warmup)
Chain 3: Iteration:  6001 / 12000 [ 50%]  (Sampling)
Chain 1: Iteration:  7200 / 12000 [ 60%]  (Sampling)
Chain 4: Iteration:  7200 / 12000 [ 60%]  (Sampling)
Chain 2: Iteration:  7200 / 12000 [ 60%]  (Sampling)
Chain 3: Iteration:  7200 / 12000 [ 60%]  (Sampling)
Chain 1: Iteration:  8400 / 12000 [ 70%]  (Sampling)
Chain 4: Iteration:  8400 / 12000 [ 70%]  (Sampling)
Chain 2: Iteration:  8400 / 12000 [ 70%]  (Sampling)
Chain 1: Iteration:  9600 / 12000 [ 80%]  (Sampling)
Chain 4: Iteration:  9600 / 12000 [ 80%]  (Sampling)
Chain 3: Iteration:  8400 / 12000 [ 70%]  (Sampling)
Chain 2: Iteration:  9600 / 12000 [ 80%]  (Sampling)
Chain 1: Iteration: 10800 / 12000 [ 90%]  (Sampling)
Chain 4: Iteration: 10800 / 12000 [ 90%]  (Sampling)
Chain 1: Iteration: 12000 / 12000 [100%]  (Sampling)
Chain 1: 
Chain 1:  Elapsed Time: 30.031 seconds (Warm-up)
Chain 1:                26.833 seconds (Sampling)
Chain 1:                56.864 seconds (Total)
Chain 1: 
Chain 4: Iteration: 12000 / 12000 [100%]  (Sampling)
Chain 4: 
Chain 4:  Elapsed Time: 30.661 seconds (Warm-up)
Chain 4:                26.89 seconds (Sampling)
Chain 4:                57.551 seconds (Total)
Chain 4: 
Chain 3: Iteration:  9600 / 12000 [ 80%]  (Sampling)
Chain 2: Iteration: 10800 / 12000 [ 90%]  (Sampling)
Chain 2: Iteration: 12000 / 12000 [100%]  (Sampling)
Chain 2: 
Chain 2:  Elapsed Time: 30.548 seconds (Warm-up)
Chain 2:                34.336 seconds (Sampling)
Chain 2:                64.884 seconds (Total)
Chain 2: 
Chain 3: Iteration: 10800 / 12000 [ 90%]  (Sampling)
Chain 3: Iteration: 12000 / 12000 [100%]  (Sampling)
Chain 3: 
Chain 3:  Elapsed Time: 31.017 seconds (Warm-up)
Chain 3:                44.082 seconds (Sampling)
Chain 3:                75.099 seconds (Total)
Chain 3: 
Done!
Fitting s9.json, 17/17

SAMPLING FOR MODEL 'anon_model' NOW (CHAIN 1).
Chain 1: 
Chain 1: Gradient evaluation took 0.000239 seconds
Chain 1: 1000 transitions using 10 leapfrog steps per transition would take 2.39 seconds.
Chain 1: Adjust your expectations accordingly!
Chain 1: 
Chain 1: 

SAMPLING FOR MODEL 'anon_model' NOW (CHAIN 2).
Chain 1: Iteration:     1 / 12000 [  0%]  (Warmup)

SAMPLING FOR MODEL 'anon_model' NOW (CHAIN 3).
Chain 2: 
Chain 2: Gradient evaluation took 0.0003 seconds
Chain 2: 1000 transitions using 10 leapfrog steps per transition would take 3 seconds.
Chain 2: Adjust your expectations accordingly!
Chain 2: 
Chain 2: 
Chain 3: 
Chain 3: Gradient evaluation took 0.000231 seconds
Chain 3: 1000 transitions using 10 leapfrog steps per transition would take 2.31 seconds.
Chain 3: Adjust your expectations accordingly!
Chain 3: 
Chain 3: 

SAMPLING FOR MODEL 'anon_model' NOW (CHAIN 4).
Chain 2: Iteration:     1 / 12000 [  0%]  (Warmup)
Chain 4: 
Chain 4: Gradient evaluation took 0.000236 seconds
Chain 4: 1000 transitions using 10 leapfrog steps per transition would take 2.36 seconds.
Chain 4: Adjust your expectations accordingly!
Chain 4: 
Chain 4: 
Chain 3: Iteration:     1 / 12000 [  0%]  (Warmup)
Chain 4: Iteration:     1 / 12000 [  0%]  (Warmup)
Chain 1: Iteration:  1200 / 12000 [ 10%]  (Warmup)
Chain 2: Iteration:  1200 / 12000 [ 10%]  (Warmup)
Chain 4: Iteration:  1200 / 12000 [ 10%]  (Warmup)
Chain 3: Iteration:  1200 / 12000 [ 10%]  (Warmup)
Chain 1: Iteration:  2400 / 12000 [ 20%]  (Warmup)
Chain 2: Iteration:  2400 / 12000 [ 20%]  (Warmup)
Chain 4: Iteration:  2400 / 12000 [ 20%]  (Warmup)
Chain 3: Iteration:  2400 / 12000 [ 20%]  (Warmup)
Chain 1: Iteration:  3600 / 12000 [ 30%]  (Warmup)
Chain 2: Iteration:  3600 / 12000 [ 30%]  (Warmup)
Chain 4: Iteration:  3600 / 12000 [ 30%]  (Warmup)
Chain 3: Iteration:  3600 / 12000 [ 30%]  (Warmup)
Chain 1: Iteration:  4800 / 12000 [ 40%]  (Warmup)
Chain 4: Iteration:  4800 / 12000 [ 40%]  (Warmup)
Chain 2: Iteration:  4800 / 12000 [ 40%]  (Warmup)
Chain 3: Iteration:  4800 / 12000 [ 40%]  (Warmup)
Chain 1: Iteration:  6000 / 12000 [ 50%]  (Warmup)
Chain 1: Iteration:  6001 / 12000 [ 50%]  (Sampling)
Chain 4: Iteration:  6000 / 12000 [ 50%]  (Warmup)
Chain 4: Iteration:  6001 / 12000 [ 50%]  (Sampling)
Chain 2: Iteration:  6000 / 12000 [ 50%]  (Warmup)
Chain 2: Iteration:  6001 / 12000 [ 50%]  (Sampling)
Chain 3: Iteration:  6000 / 12000 [ 50%]  (Warmup)
Chain 3: Iteration:  6001 / 12000 [ 50%]  (Sampling)
Chain 1: Iteration:  7200 / 12000 [ 60%]  (Sampling)
Chain 4: Iteration:  7200 / 12000 [ 60%]  (Sampling)
Chain 2: Iteration:  7200 / 12000 [ 60%]  (Sampling)
Chain 3: Iteration:  7200 / 12000 [ 60%]  (Sampling)
Chain 1: Iteration:  8400 / 12000 [ 70%]  (Sampling)
Chain 4: Iteration:  8400 / 12000 [ 70%]  (Sampling)
Chain 1: Iteration:  9600 / 12000 [ 80%]  (Sampling)
Chain 2: Iteration:  8400 / 12000 [ 70%]  (Sampling)
Chain 3: Iteration:  8400 / 12000 [ 70%]  (Sampling)
Chain 4: Iteration:  9600 / 12000 [ 80%]  (Sampling)
Chain 1: Iteration: 10800 / 12000 [ 90%]  (Sampling)
Chain 2: Iteration:  9600 / 12000 [ 80%]  (Sampling)
Chain 3: Iteration:  9600 / 12000 [ 80%]  (Sampling)
Chain 4: Iteration: 10800 / 12000 [ 90%]  (Sampling)
Chain 1: Iteration: 12000 / 12000 [100%]  (Sampling)
Chain 1: 
Chain 1:  Elapsed Time: 29.968 seconds (Warm-up)
Chain 1:                26.135 seconds (Sampling)
Chain 1:                56.103 seconds (Total)
Chain 1: 
Chain 4: Iteration: 12000 / 12000 [100%]  (Sampling)
Chain 4: 
Chain 4:  Elapsed Time: 30.49 seconds (Warm-up)
Chain 4:                30.458 seconds (Sampling)
Chain 4:                60.948 seconds (Total)
Chain 4: 
Chain 2: Iteration: 10800 / 12000 [ 90%]  (Sampling)
Chain 3: Iteration: 10800 / 12000 [ 90%]  (Sampling)
Chain 2: Iteration: 12000 / 12000 [100%]  (Sampling)
Chain 2: 
Chain 2:  Elapsed Time: 30.938 seconds (Warm-up)
Chain 2:                38.132 seconds (Sampling)
Chain 2:                69.07 seconds (Total)
Chain 2: 
Chain 3: Iteration: 12000 / 12000 [100%]  (Sampling)
Chain 3: 
Chain 3:  Elapsed Time: 31.308 seconds (Warm-up)
Chain 3:                38.439 seconds (Sampling)
Chain 3:                69.747 seconds (Total)
Chain 3: 
Done!
