Loading required package: StanHeaders

rstan version 2.32.7 (Stan version 2.32.2)

For execution on a local, multicore CPU with excess RAM we recommend calling
options(mc.cores = parallel::detectCores()).
To avoid recompilation of unchanged Stan programs, we recommend calling
rstan_options(auto_write = TRUE)
For within-chain threading using `reduce_sum()` or `map_rect()` Stan functions,
change `threads_per_chain` option:
rstan_options(threads_per_chain = 1)

Dataset: simulated_from_m3 
Stan file: /Users/yimingzang/Documents/Project/benchmark2/benchmark/examples/diffusion/stan/rdm_4_models.stan 
Models: m0, m1, m2, m3 

Posterior draws exported per fit: 2048 

Assumed model: m0 (model_index = 0 )
Fitting s0.json, 1/17

SAMPLING FOR MODEL 'anon_model' NOW (CHAIN 1).
Chain 1: 
Chain 1: Gradient evaluation took 0.00028 seconds
Chain 1: 1000 transitions using 10 leapfrog steps per transition would take 2.8 seconds.
Chain 1: Adjust your expectations accordingly!
Chain 1: 
Chain 1: 
Chain 1: Iteration:     1 / 12000 [  0%]  (Warmup)

SAMPLING FOR MODEL 'anon_model' NOW (CHAIN 2).

SAMPLING FOR MODEL 'anon_model' NOW (CHAIN 3).
Chain 2: 
Chain 2: Gradient evaluation took 0.000245 seconds
Chain 2: 1000 transitions using 10 leapfrog steps per transition would take 2.45 seconds.
Chain 2: Adjust your expectations accordingly!
Chain 2: 
Chain 2: 
Chain 3: 
Chain 3: Gradient evaluation took 0.000248 seconds
Chain 3: 1000 transitions using 10 leapfrog steps per transition would take 2.48 seconds.
Chain 3: Adjust your expectations accordingly!
Chain 3: 
Chain 3: 

SAMPLING FOR MODEL 'anon_model' NOW (CHAIN 4).
Chain 4: 
Chain 4: Gradient evaluation took 0.000189 seconds
Chain 4: 1000 transitions using 10 leapfrog steps per transition would take 1.89 seconds.
Chain 4: Adjust your expectations accordingly!
Chain 4: 
Chain 4: 
Chain 2: Iteration:     1 / 12000 [  0%]  (Warmup)
Chain 3: Iteration:     1 / 12000 [  0%]  (Warmup)
Chain 4: Iteration:     1 / 12000 [  0%]  (Warmup)
Chain 2: Iteration:  1200 / 12000 [ 10%]  (Warmup)
Chain 3: Iteration:  1200 / 12000 [ 10%]  (Warmup)
Chain 1: Iteration:  1200 / 12000 [ 10%]  (Warmup)
Chain 4: Iteration:  1200 / 12000 [ 10%]  (Warmup)
Chain 2: Iteration:  2400 / 12000 [ 20%]  (Warmup)
Chain 3: Iteration:  2400 / 12000 [ 20%]  (Warmup)
Chain 1: Iteration:  2400 / 12000 [ 20%]  (Warmup)
Chain 4: Iteration:  2400 / 12000 [ 20%]  (Warmup)
Chain 2: Iteration:  3600 / 12000 [ 30%]  (Warmup)
Chain 3: Iteration:  3600 / 12000 [ 30%]  (Warmup)
Chain 1: Iteration:  3600 / 12000 [ 30%]  (Warmup)
Chain 4: Iteration:  3600 / 12000 [ 30%]  (Warmup)
Chain 2: Iteration:  4800 / 12000 [ 40%]  (Warmup)
Chain 3: Iteration:  4800 / 12000 [ 40%]  (Warmup)
Chain 1: Iteration:  4800 / 12000 [ 40%]  (Warmup)
Chain 4: Iteration:  4800 / 12000 [ 40%]  (Warmup)
Chain 2: Iteration:  6000 / 12000 [ 50%]  (Warmup)
Chain 2: Iteration:  6001 / 12000 [ 50%]  (Sampling)
Chain 3: Iteration:  6000 / 12000 [ 50%]  (Warmup)
Chain 3: Iteration:  6001 / 12000 [ 50%]  (Sampling)
Chain 1: Iteration:  6000 / 12000 [ 50%]  (Warmup)
Chain 1: Iteration:  6001 / 12000 [ 50%]  (Sampling)
Chain 4: Iteration:  6000 / 12000 [ 50%]  (Warmup)
Chain 4: Iteration:  6001 / 12000 [ 50%]  (Sampling)
Chain 2: Iteration:  7200 / 12000 [ 60%]  (Sampling)
Chain 3: Iteration:  7200 / 12000 [ 60%]  (Sampling)
Chain 4: Iteration:  7200 / 12000 [ 60%]  (Sampling)
Chain 1: Iteration:  7200 / 12000 [ 60%]  (Sampling)
Chain 2: Iteration:  8400 / 12000 [ 70%]  (Sampling)
Chain 4: Iteration:  8400 / 12000 [ 70%]  (Sampling)
Chain 2: Iteration:  9600 / 12000 [ 80%]  (Sampling)
Chain 3: Iteration:  8400 / 12000 [ 70%]  (Sampling)
Chain 1: Iteration:  8400 / 12000 [ 70%]  (Sampling)
Chain 4: Iteration:  9600 / 12000 [ 80%]  (Sampling)
Chain 2: Iteration: 10800 / 12000 [ 90%]  (Sampling)
Chain 3: Iteration:  9600 / 12000 [ 80%]  (Sampling)
Chain 1: Iteration:  9600 / 12000 [ 80%]  (Sampling)
Chain 4: Iteration: 10800 / 12000 [ 90%]  (Sampling)
Chain 2: Iteration: 12000 / 12000 [100%]  (Sampling)
Chain 2: 
Chain 2:  Elapsed Time: 16.983 seconds (Warm-up)
Chain 2:                13.198 seconds (Sampling)
Chain 2:                30.181 seconds (Total)
Chain 2: 
Chain 4: Iteration: 12000 / 12000 [100%]  (Sampling)
Chain 4: 
Chain 4:  Elapsed Time: 18.777 seconds (Warm-up)
Chain 4:                13.759 seconds (Sampling)
Chain 4:                32.536 seconds (Total)
Chain 4: 
Chain 3: Iteration: 10800 / 12000 [ 90%]  (Sampling)
Chain 1: Iteration: 10800 / 12000 [ 90%]  (Sampling)
Chain 3: Iteration: 12000 / 12000 [100%]  (Sampling)
Chain 3: 
Chain 3:  Elapsed Time: 17.356 seconds (Warm-up)
Chain 3:                19.112 seconds (Sampling)
Chain 3:                36.468 seconds (Total)
Chain 3: 
Chain 1: Iteration: 12000 / 12000 [100%]  (Sampling)
Chain 1: 
Chain 1:  Elapsed Time: 18.003 seconds (Warm-up)
Chain 1:                18.918 seconds (Sampling)
Chain 1:                36.921 seconds (Total)
Chain 1: 
Done!
Fitting s1.json, 2/17

SAMPLING FOR MODEL 'anon_model' NOW (CHAIN 1).

SAMPLING FOR MODEL 'anon_model' NOW (CHAIN 2).

SAMPLING FOR MODEL 'anon_model' NOW (CHAIN 3).

SAMPLING FOR MODEL 'anon_model' NOW (CHAIN 4).
Chain 2: 
Chain 2: Gradient evaluation took 0.000564 seconds
Chain 2: 1000 transitions using 10 leapfrog steps per transition would take 5.64 seconds.
Chain 2: Adjust your expectations accordingly!
Chain 2: 
Chain 2: 
Chain 4: 
Chain 4: Gradient evaluation took 0.000254 seconds
Chain 4: 1000 transitions using 10 leapfrog steps per transition would take 2.54 seconds.
Chain 4: Adjust your expectations accordingly!
Chain 4: 
Chain 4: 
Chain 1: 
Chain 1: Gradient evaluation took 0.002336 seconds
Chain 1: 1000 transitions using 10 leapfrog steps per transition would take 23.36 seconds.
Chain 1: Adjust your expectations accordingly!
Chain 1: 
Chain 1: 
Chain 3: 
Chain 3: Gradient evaluation took 0.000474 seconds
Chain 3: 1000 transitions using 10 leapfrog steps per transition would take 4.74 seconds.
Chain 3: Adjust your expectations accordingly!
Chain 3: 
Chain 3: 
Chain 2: Iteration:     1 / 12000 [  0%]  (Warmup)
Chain 1: Iteration:     1 / 12000 [  0%]  (Warmup)
Chain 4: Iteration:     1 / 12000 [  0%]  (Warmup)
Chain 3: Iteration:     1 / 12000 [  0%]  (Warmup)
Chain 2: Iteration:  1200 / 12000 [ 10%]  (Warmup)
Chain 4: Iteration:  1200 / 12000 [ 10%]  (Warmup)
Chain 1: Iteration:  1200 / 12000 [ 10%]  (Warmup)
Chain 3: Iteration:  1200 / 12000 [ 10%]  (Warmup)
Chain 2: Iteration:  2400 / 12000 [ 20%]  (Warmup)
Chain 4: Iteration:  2400 / 12000 [ 20%]  (Warmup)
Chain 1: Iteration:  2400 / 12000 [ 20%]  (Warmup)
Chain 3: Iteration:  2400 / 12000 [ 20%]  (Warmup)
Chain 2: Iteration:  3600 / 12000 [ 30%]  (Warmup)
Chain 4: Iteration:  3600 / 12000 [ 30%]  (Warmup)
Chain 1: Iteration:  3600 / 12000 [ 30%]  (Warmup)
Chain 3: Iteration:  3600 / 12000 [ 30%]  (Warmup)
Chain 2: Iteration:  4800 / 12000 [ 40%]  (Warmup)
Chain 4: Iteration:  4800 / 12000 [ 40%]  (Warmup)
Chain 1: Iteration:  4800 / 12000 [ 40%]  (Warmup)
Chain 3: Iteration:  4800 / 12000 [ 40%]  (Warmup)
Chain 2: Iteration:  6000 / 12000 [ 50%]  (Warmup)
Chain 2: Iteration:  6001 / 12000 [ 50%]  (Sampling)
Chain 1: Iteration:  6000 / 12000 [ 50%]  (Warmup)
Chain 1: Iteration:  6001 / 12000 [ 50%]  (Sampling)
Chain 4: Iteration:  6000 / 12000 [ 50%]  (Warmup)
Chain 4: Iteration:  6001 / 12000 [ 50%]  (Sampling)
Chain 3: Iteration:  6000 / 12000 [ 50%]  (Warmup)
Chain 3: Iteration:  6001 / 12000 [ 50%]  (Sampling)
Chain 1: Iteration:  7200 / 12000 [ 60%]  (Sampling)
Chain 2: Iteration:  7200 / 12000 [ 60%]  (Sampling)
Chain 4: Iteration:  7200 / 12000 [ 60%]  (Sampling)
Chain 1: Iteration:  8400 / 12000 [ 70%]  (Sampling)
Chain 3: Iteration:  7200 / 12000 [ 60%]  (Sampling)
Chain 1: Iteration:  9600 / 12000 [ 80%]  (Sampling)
Chain 2: Iteration:  8400 / 12000 [ 70%]  (Sampling)
Chain 4: Iteration:  8400 / 12000 [ 70%]  (Sampling)
Chain 1: Iteration: 10800 / 12000 [ 90%]  (Sampling)
Chain 3: Iteration:  8400 / 12000 [ 70%]  (Sampling)
Chain 1: Iteration: 12000 / 12000 [100%]  (Sampling)
Chain 1: 
Chain 1:  Elapsed Time: 16.401 seconds (Warm-up)
Chain 1:                12.608 seconds (Sampling)
Chain 1:                29.009 seconds (Total)
Chain 1: 
Chain 2: Iteration:  9600 / 12000 [ 80%]  (Sampling)
Chain 4: Iteration:  9600 / 12000 [ 80%]  (Sampling)
Chain 3: Iteration:  9600 / 12000 [ 80%]  (Sampling)
Chain 4: Iteration: 10800 / 12000 [ 90%]  (Sampling)
Chain 2: Iteration: 10800 / 12000 [ 90%]  (Sampling)
Chain 3: Iteration: 10800 / 12000 [ 90%]  (Sampling)
Chain 4: Iteration: 12000 / 12000 [100%]  (Sampling)
Chain 4: 
Chain 4:  Elapsed Time: 16.588 seconds (Warm-up)
Chain 4:                23.691 seconds (Sampling)
Chain 4:                40.279 seconds (Total)
Chain 4: 
Chain 2: Iteration: 12000 / 12000 [100%]  (Sampling)
Chain 2: 
Chain 2:  Elapsed Time: 15.68 seconds (Warm-up)
Chain 2:                24.8 seconds (Sampling)
Chain 2:                40.48 seconds (Total)
Chain 2: 
Chain 3: Iteration: 12000 / 12000 [100%]  (Sampling)
Chain 3: 
Chain 3:  Elapsed Time: 16.754 seconds (Warm-up)
Chain 3:                24.42 seconds (Sampling)
Chain 3:                41.174 seconds (Total)
Chain 3: 
Done!
Fitting s10.json, 3/17

SAMPLING FOR MODEL 'anon_model' NOW (CHAIN 1).
Chain 1: 
Chain 1: Gradient evaluation took 0.000245 seconds
Chain 1: 1000 transitions using 10 leapfrog steps per transition would take 2.45 seconds.
Chain 1: Adjust your expectations accordingly!
Chain 1: 
Chain 1: 

SAMPLING FOR MODEL 'anon_model' NOW (CHAIN 2).
Chain 2: 
Chain 2: Gradient evaluation took 0.000224 seconds
Chain 2: 1000 transitions using 10 leapfrog steps per transition would take 2.24 seconds.
Chain 2: Adjust your expectations accordingly!
Chain 2: 
Chain 2: 

SAMPLING FOR MODEL 'anon_model' NOW (CHAIN 3).
Chain 1: Iteration:     1 / 12000 [  0%]  (Warmup)
Chain 3: 
Chain 3: Gradient evaluation took 0.000231 seconds
Chain 3: 1000 transitions using 10 leapfrog steps per transition would take 2.31 seconds.
Chain 3: Adjust your expectations accordingly!
Chain 3: 
Chain 3: 

SAMPLING FOR MODEL 'anon_model' NOW (CHAIN 4).
Chain 2: Iteration:     1 / 12000 [  0%]  (Warmup)
Chain 4: 
Chain 4: Gradient evaluation took 0.000212 seconds
Chain 4: 1000 transitions using 10 leapfrog steps per transition would take 2.12 seconds.
Chain 4: Adjust your expectations accordingly!
Chain 4: 
Chain 4: 
Chain 3: Iteration:     1 / 12000 [  0%]  (Warmup)
Chain 4: Iteration:     1 / 12000 [  0%]  (Warmup)
Chain 4: Iteration:  1200 / 12000 [ 10%]  (Warmup)
Chain 1: Iteration:  1200 / 12000 [ 10%]  (Warmup)
Chain 3: Iteration:  1200 / 12000 [ 10%]  (Warmup)
Chain 2: Iteration:  1200 / 12000 [ 10%]  (Warmup)
Chain 4: Iteration:  2400 / 12000 [ 20%]  (Warmup)
Chain 1: Iteration:  2400 / 12000 [ 20%]  (Warmup)
Chain 3: Iteration:  2400 / 12000 [ 20%]  (Warmup)
Chain 2: Iteration:  2400 / 12000 [ 20%]  (Warmup)
Chain 4: Iteration:  3600 / 12000 [ 30%]  (Warmup)
Chain 1: Iteration:  3600 / 12000 [ 30%]  (Warmup)
Chain 3: Iteration:  3600 / 12000 [ 30%]  (Warmup)
Chain 2: Iteration:  3600 / 12000 [ 30%]  (Warmup)
Chain 4: Iteration:  4800 / 12000 [ 40%]  (Warmup)
Chain 1: Iteration:  4800 / 12000 [ 40%]  (Warmup)
Chain 3: Iteration:  4800 / 12000 [ 40%]  (Warmup)
Chain 2: Iteration:  4800 / 12000 [ 40%]  (Warmup)
Chain 4: Iteration:  6000 / 12000 [ 50%]  (Warmup)
Chain 4: Iteration:  6001 / 12000 [ 50%]  (Sampling)
Chain 1: Iteration:  6000 / 12000 [ 50%]  (Warmup)
Chain 1: Iteration:  6001 / 12000 [ 50%]  (Sampling)
Chain 3: Iteration:  6000 / 12000 [ 50%]  (Warmup)
Chain 3: Iteration:  6001 / 12000 [ 50%]  (Sampling)
Chain 2: Iteration:  6000 / 12000 [ 50%]  (Warmup)
Chain 2: Iteration:  6001 / 12000 [ 50%]  (Sampling)
Chain 3: Iteration:  7200 / 12000 [ 60%]  (Sampling)
Chain 4: Iteration:  7200 / 12000 [ 60%]  (Sampling)
Chain 2: Iteration:  7200 / 12000 [ 60%]  (Sampling)
Chain 1: Iteration:  7200 / 12000 [ 60%]  (Sampling)
Chain 3: Iteration:  8400 / 12000 [ 70%]  (Sampling)
Chain 2: Iteration:  8400 / 12000 [ 70%]  (Sampling)
Chain 4: Iteration:  8400 / 12000 [ 70%]  (Sampling)
Chain 3: Iteration:  9600 / 12000 [ 80%]  (Sampling)
Chain 1: Iteration:  8400 / 12000 [ 70%]  (Sampling)
Chain 2: Iteration:  9600 / 12000 [ 80%]  (Sampling)
Chain 3: Iteration: 10800 / 12000 [ 90%]  (Sampling)
Chain 4: Iteration:  9600 / 12000 [ 80%]  (Sampling)
Chain 2: Iteration: 10800 / 12000 [ 90%]  (Sampling)
Chain 1: Iteration:  9600 / 12000 [ 80%]  (Sampling)
Chain 3: Iteration: 12000 / 12000 [100%]  (Sampling)
Chain 3: 
Chain 3:  Elapsed Time: 18.48 seconds (Warm-up)
Chain 3:                16.012 seconds (Sampling)
Chain 3:                34.492 seconds (Total)
Chain 3: 
Chain 2: Iteration: 12000 / 12000 [100%]  (Sampling)
Chain 2: 
Chain 2:  Elapsed Time: 19.336 seconds (Warm-up)
Chain 2:                17.149 seconds (Sampling)
Chain 2:                36.485 seconds (Total)
Chain 2: 
Chain 4: Iteration: 10800 / 12000 [ 90%]  (Sampling)
Chain 1: Iteration: 10800 / 12000 [ 90%]  (Sampling)
Chain 4: Iteration: 12000 / 12000 [100%]  (Sampling)
Chain 4: 
Chain 4:  Elapsed Time: 17.707 seconds (Warm-up)
Chain 4:                23.436 seconds (Sampling)
Chain 4:                41.143 seconds (Total)
Chain 4: 
Chain 1: Iteration: 12000 / 12000 [100%]  (Sampling)
Chain 1: 
Chain 1:  Elapsed Time: 18.27 seconds (Warm-up)
Chain 1:                26.076 seconds (Sampling)
Chain 1:                44.346 seconds (Total)
Chain 1: 
Done!
Fitting s11.json, 4/17

SAMPLING FOR MODEL 'anon_model' NOW (CHAIN 1).

SAMPLING FOR MODEL 'anon_model' NOW (CHAIN 2).
Chain 1: 
Chain 1: Gradient evaluation took 0.00025 seconds
Chain 1: 1000 transitions using 10 leapfrog steps per transition would take 2.5 seconds.
Chain 1: Adjust your expectations accordingly!
Chain 1: 
Chain 1: 
Chain 2: 
Chain 2: Gradient evaluation took 0.000222 seconds
Chain 2: 1000 transitions using 10 leapfrog steps per transition would take 2.22 seconds.
Chain 2: Adjust your expectations accordingly!
Chain 2: 
Chain 2: 

SAMPLING FOR MODEL 'anon_model' NOW (CHAIN 3).
Chain 1: Iteration:     1 / 12000 [  0%]  (Warmup)
Chain 3: 
Chain 3: Gradient evaluation took 0.000236 seconds
Chain 3: 1000 transitions using 10 leapfrog steps per transition would take 2.36 seconds.
Chain 3: Adjust your expectations accordingly!
Chain 3: 
Chain 3: 
Chain 2: Iteration:     1 / 12000 [  0%]  (Warmup)

SAMPLING FOR MODEL 'anon_model' NOW (CHAIN 4).
Chain 4: 
Chain 4: Gradient evaluation took 0.000203 seconds
Chain 4: 1000 transitions using 10 leapfrog steps per transition would take 2.03 seconds.
Chain 4: Adjust your expectations accordingly!
Chain 4: 
Chain 4: 
Chain 3: Iteration:     1 / 12000 [  0%]  (Warmup)
Chain 4: Iteration:     1 / 12000 [  0%]  (Warmup)
Chain 3: Iteration:  1200 / 12000 [ 10%]  (Warmup)
Chain 4: Iteration:  1200 / 12000 [ 10%]  (Warmup)
Chain 2: Iteration:  1200 / 12000 [ 10%]  (Warmup)
Chain 1: Iteration:  1200 / 12000 [ 10%]  (Warmup)
Chain 4: Iteration:  2400 / 12000 [ 20%]  (Warmup)
Chain 3: Iteration:  2400 / 12000 [ 20%]  (Warmup)
Chain 2: Iteration:  2400 / 12000 [ 20%]  (Warmup)
Chain 1: Iteration:  2400 / 12000 [ 20%]  (Warmup)
Chain 4: Iteration:  3600 / 12000 [ 30%]  (Warmup)
Chain 3: Iteration:  3600 / 12000 [ 30%]  (Warmup)
Chain 2: Iteration:  3600 / 12000 [ 30%]  (Warmup)
Chain 1: Iteration:  3600 / 12000 [ 30%]  (Warmup)
Chain 4: Iteration:  4800 / 12000 [ 40%]  (Warmup)
Chain 3: Iteration:  4800 / 12000 [ 40%]  (Warmup)
Chain 2: Iteration:  4800 / 12000 [ 40%]  (Warmup)
Chain 1: Iteration:  4800 / 12000 [ 40%]  (Warmup)
Chain 4: Iteration:  6000 / 12000 [ 50%]  (Warmup)
Chain 4: Iteration:  6001 / 12000 [ 50%]  (Sampling)
Chain 3: Iteration:  6000 / 12000 [ 50%]  (Warmup)
Chain 3: Iteration:  6001 / 12000 [ 50%]  (Sampling)
Chain 2: Iteration:  6000 / 12000 [ 50%]  (Warmup)
Chain 2: Iteration:  6001 / 12000 [ 50%]  (Sampling)
Chain 1: Iteration:  6000 / 12000 [ 50%]  (Warmup)
Chain 1: Iteration:  6001 / 12000 [ 50%]  (Sampling)
Chain 4: Iteration:  7200 / 12000 [ 60%]  (Sampling)
Chain 3: Iteration:  7200 / 12000 [ 60%]  (Sampling)
Chain 1: Iteration:  7200 / 12000 [ 60%]  (Sampling)
Chain 4: Iteration:  8400 / 12000 [ 70%]  (Sampling)
Chain 2: Iteration:  7200 / 12000 [ 60%]  (Sampling)
Chain 3: Iteration:  8400 / 12000 [ 70%]  (Sampling)
Chain 1: Iteration:  8400 / 12000 [ 70%]  (Sampling)
Chain 4: Iteration:  9600 / 12000 [ 80%]  (Sampling)
Chain 1: Iteration:  9600 / 12000 [ 80%]  (Sampling)
Chain 3: Iteration:  9600 / 12000 [ 80%]  (Sampling)
Chain 4: Iteration: 10800 / 12000 [ 90%]  (Sampling)
Chain 2: Iteration:  8400 / 12000 [ 70%]  (Sampling)
Chain 1: Iteration: 10800 / 12000 [ 90%]  (Sampling)
Chain 3: Iteration: 10800 / 12000 [ 90%]  (Sampling)
Chain 4: Iteration: 12000 / 12000 [100%]  (Sampling)
Chain 4: 
Chain 4:  Elapsed Time: 15.885 seconds (Warm-up)
Chain 4:                12.442 seconds (Sampling)
Chain 4:                28.327 seconds (Total)
Chain 4: 
Chain 1: Iteration: 12000 / 12000 [100%]  (Sampling)
Chain 1: 
Chain 1:  Elapsed Time: 17.225 seconds (Warm-up)
Chain 1:                12.252 seconds (Sampling)
Chain 1:                29.477 seconds (Total)
Chain 1: 
Chain 2: Iteration:  9600 / 12000 [ 80%]  (Sampling)
Chain 3: Iteration: 12000 / 12000 [100%]  (Sampling)
Chain 3: 
Chain 3:  Elapsed Time: 16.196 seconds (Warm-up)
Chain 3:                14.822 seconds (Sampling)
Chain 3:                31.018 seconds (Total)
Chain 3: 
Chain 2: Iteration: 10800 / 12000 [ 90%]  (Sampling)
Chain 2: Iteration: 12000 / 12000 [100%]  (Sampling)
Chain 2: 
Chain 2:  Elapsed Time: 16.421 seconds (Warm-up)
Chain 2:                23.831 seconds (Sampling)
Chain 2:                40.252 seconds (Total)
Chain 2: 
Done!
Fitting s12.json, 5/17

SAMPLING FOR MODEL 'anon_model' NOW (CHAIN 1).
Chain 1: 
Chain 1: Gradient evaluation took 0.000233 seconds
Chain 1: 1000 transitions using 10 leapfrog steps per transition would take 2.33 seconds.
Chain 1: Adjust your expectations accordingly!
Chain 1: 
Chain 1: 

SAMPLING FOR MODEL 'anon_model' NOW (CHAIN 2).

SAMPLING FOR MODEL 'anon_model' NOW (CHAIN 3).
Chain 2: 
Chain 2: Gradient evaluation took 0.000214 seconds
Chain 2: 1000 transitions using 10 leapfrog steps per transition would take 2.14 seconds.
Chain 2: Adjust your expectations accordingly!
Chain 2: 
Chain 2: 
Chain 1: Iteration:     1 / 12000 [  0%]  (Warmup)
Chain 3: 
Chain 3: Gradient evaluation took 0.000225 seconds
Chain 3: 1000 transitions using 10 leapfrog steps per transition would take 2.25 seconds.
Chain 3: Adjust your expectations accordingly!
Chain 3: 
Chain 3: 
Chain 2: Iteration:     1 / 12000 [  0%]  (Warmup)

SAMPLING FOR MODEL 'anon_model' NOW (CHAIN 4).
Chain 4: 
Chain 4: Gradient evaluation took 0.000215 seconds
Chain 4: 1000 transitions using 10 leapfrog steps per transition would take 2.15 seconds.
Chain 4: Adjust your expectations accordingly!
Chain 4: 
Chain 4: 
Chain 3: Iteration:     1 / 12000 [  0%]  (Warmup)
Chain 4: Iteration:     1 / 12000 [  0%]  (Warmup)
Chain 4: Iteration:  1200 / 12000 [ 10%]  (Warmup)
Chain 3: Iteration:  1200 / 12000 [ 10%]  (Warmup)
Chain 1: Iteration:  1200 / 12000 [ 10%]  (Warmup)
Chain 2: Iteration:  1200 / 12000 [ 10%]  (Warmup)
Chain 4: Iteration:  2400 / 12000 [ 20%]  (Warmup)
Chain 1: Iteration:  2400 / 12000 [ 20%]  (Warmup)
Chain 3: Iteration:  2400 / 12000 [ 20%]  (Warmup)
Chain 2: Iteration:  2400 / 12000 [ 20%]  (Warmup)
Chain 4: Iteration:  3600 / 12000 [ 30%]  (Warmup)
Chain 1: Iteration:  3600 / 12000 [ 30%]  (Warmup)
Chain 3: Iteration:  3600 / 12000 [ 30%]  (Warmup)
Chain 2: Iteration:  3600 / 12000 [ 30%]  (Warmup)
Chain 4: Iteration:  4800 / 12000 [ 40%]  (Warmup)
Chain 1: Iteration:  4800 / 12000 [ 40%]  (Warmup)
Chain 3: Iteration:  4800 / 12000 [ 40%]  (Warmup)
Chain 2: Iteration:  4800 / 12000 [ 40%]  (Warmup)
Chain 4: Iteration:  6000 / 12000 [ 50%]  (Warmup)
Chain 4: Iteration:  6001 / 12000 [ 50%]  (Sampling)
Chain 1: Iteration:  6000 / 12000 [ 50%]  (Warmup)
Chain 1: Iteration:  6001 / 12000 [ 50%]  (Sampling)
Chain 3: Iteration:  6000 / 12000 [ 50%]  (Warmup)
Chain 3: Iteration:  6001 / 12000 [ 50%]  (Sampling)
Chain 2: Iteration:  6000 / 12000 [ 50%]  (Warmup)
Chain 2: Iteration:  6001 / 12000 [ 50%]  (Sampling)
Chain 2: Iteration:  7200 / 12000 [ 60%]  (Sampling)
Chain 1: Iteration:  7200 / 12000 [ 60%]  (Sampling)
Chain 4: Iteration:  7200 / 12000 [ 60%]  (Sampling)
Chain 3: Iteration:  7200 / 12000 [ 60%]  (Sampling)
Chain 2: Iteration:  8400 / 12000 [ 70%]  (Sampling)
Chain 1: Iteration:  8400 / 12000 [ 70%]  (Sampling)
Chain 2: Iteration:  9600 / 12000 [ 80%]  (Sampling)
Chain 2: Iteration: 10800 / 12000 [ 90%]  (Sampling)
Chain 4: Iteration:  8400 / 12000 [ 70%]  (Sampling)
Chain 3: Iteration:  8400 / 12000 [ 70%]  (Sampling)
Chain 1: Iteration:  9600 / 12000 [ 80%]  (Sampling)
Chain 2: Iteration: 12000 / 12000 [100%]  (Sampling)
Chain 2: 
Chain 2:  Elapsed Time: 19.47 seconds (Warm-up)
Chain 2:                13.191 seconds (Sampling)
Chain 2:                32.661 seconds (Total)
Chain 2: 
Chain 1: Iteration: 10800 / 12000 [ 90%]  (Sampling)
Chain 4: Iteration:  9600 / 12000 [ 80%]  (Sampling)
Chain 3: Iteration:  9600 / 12000 [ 80%]  (Sampling)
Chain 1: Iteration: 12000 / 12000 [100%]  (Sampling)
Chain 1: 
Chain 1:  Elapsed Time: 18.852 seconds (Warm-up)
Chain 1:                19.832 seconds (Sampling)
Chain 1:                38.684 seconds (Total)
Chain 1: 
Chain 4: Iteration: 10800 / 12000 [ 90%]  (Sampling)
Chain 3: Iteration: 10800 / 12000 [ 90%]  (Sampling)
Chain 4: Iteration: 12000 / 12000 [100%]  (Sampling)
Chain 4: 
Chain 4:  Elapsed Time: 18.622 seconds (Warm-up)
Chain 4:                28.243 seconds (Sampling)
Chain 4:                46.865 seconds (Total)
Chain 4: 
Chain 3: Iteration: 12000 / 12000 [100%]  (Sampling)
Chain 3: 
Chain 3:  Elapsed Time: 18.925 seconds (Warm-up)
Chain 3:                29.176 seconds (Sampling)
Chain 3:                48.101 seconds (Total)
Chain 3: 
Done!
Fitting s13.json, 6/17

SAMPLING FOR MODEL 'anon_model' NOW (CHAIN 1).
Chain 1: 
Chain 1: Gradient evaluation took 0.000235 seconds
Chain 1: 1000 transitions using 10 leapfrog steps per transition would take 2.35 seconds.
Chain 1: Adjust your expectations accordingly!
Chain 1: 
Chain 1: 

SAMPLING FOR MODEL 'anon_model' NOW (CHAIN 2).

SAMPLING FOR MODEL 'anon_model' NOW (CHAIN 3).
Chain 2: 
Chain 2: Gradient evaluation took 0.00022 seconds
Chain 2: 1000 transitions using 10 leapfrog steps per transition would take 2.2 seconds.
Chain 2: Adjust your expectations accordingly!
Chain 2: 
Chain 2: 
Chain 1: Iteration:     1 / 12000 [  0%]  (Warmup)
Chain 3: 
Chain 3: Gradient evaluation took 0.000225 seconds
Chain 3: 1000 transitions using 10 leapfrog steps per transition would take 2.25 seconds.
Chain 3: Adjust your expectations accordingly!
Chain 3: 
Chain 3: 
Chain 2: Iteration:     1 / 12000 [  0%]  (Warmup)

SAMPLING FOR MODEL 'anon_model' NOW (CHAIN 4).
Chain 3: Iteration:     1 / 12000 [  0%]  (Warmup)
Chain 4: 
Chain 4: Gradient evaluation took 0.000218 seconds
Chain 4: 1000 transitions using 10 leapfrog steps per transition would take 2.18 seconds.
Chain 4: Adjust your expectations accordingly!
Chain 4: 
Chain 4: 
Chain 4: Iteration:     1 / 12000 [  0%]  (Warmup)
Chain 2: Iteration:  1200 / 12000 [ 10%]  (Warmup)
Chain 3: Iteration:  1200 / 12000 [ 10%]  (Warmup)
Chain 4: Iteration:  1200 / 12000 [ 10%]  (Warmup)
Chain 1: Iteration:  1200 / 12000 [ 10%]  (Warmup)
Chain 2: Iteration:  2400 / 12000 [ 20%]  (Warmup)
Chain 3: Iteration:  2400 / 12000 [ 20%]  (Warmup)
Chain 4: Iteration:  2400 / 12000 [ 20%]  (Warmup)
Chain 1: Iteration:  2400 / 12000 [ 20%]  (Warmup)
Chain 3: Iteration:  3600 / 12000 [ 30%]  (Warmup)
Chain 2: Iteration:  3600 / 12000 [ 30%]  (Warmup)
Chain 4: Iteration:  3600 / 12000 [ 30%]  (Warmup)
Chain 1: Iteration:  3600 / 12000 [ 30%]  (Warmup)
Chain 3: Iteration:  4800 / 12000 [ 40%]  (Warmup)
Chain 2: Iteration:  4800 / 12000 [ 40%]  (Warmup)
Chain 4: Iteration:  4800 / 12000 [ 40%]  (Warmup)
Chain 1: Iteration:  4800 / 12000 [ 40%]  (Warmup)
Chain 2: Iteration:  6000 / 12000 [ 50%]  (Warmup)
Chain 2: Iteration:  6001 / 12000 [ 50%]  (Sampling)
Chain 3: Iteration:  6000 / 12000 [ 50%]  (Warmup)
Chain 3: Iteration:  6001 / 12000 [ 50%]  (Sampling)
Chain 4: Iteration:  6000 / 12000 [ 50%]  (Warmup)
Chain 4: Iteration:  6001 / 12000 [ 50%]  (Sampling)
Chain 1: Iteration:  6000 / 12000 [ 50%]  (Warmup)
Chain 1: Iteration:  6001 / 12000 [ 50%]  (Sampling)
Chain 2: Iteration:  7200 / 12000 [ 60%]  (Sampling)
Chain 1: Iteration:  7200 / 12000 [ 60%]  (Sampling)
Chain 4: Iteration:  7200 / 12000 [ 60%]  (Sampling)
Chain 3: Iteration:  7200 / 12000 [ 60%]  (Sampling)
Chain 2: Iteration:  8400 / 12000 [ 70%]  (Sampling)
Chain 1: Iteration:  8400 / 12000 [ 70%]  (Sampling)
Chain 4: Iteration:  8400 / 12000 [ 70%]  (Sampling)
Chain 1: Iteration:  9600 / 12000 [ 80%]  (Sampling)
Chain 2: Iteration:  9600 / 12000 [ 80%]  (Sampling)
Chain 3: Iteration:  8400 / 12000 [ 70%]  (Sampling)
Chain 1: Iteration: 10800 / 12000 [ 90%]  (Sampling)
Chain 4: Iteration:  9600 / 12000 [ 80%]  (Sampling)
Chain 2: Iteration: 10800 / 12000 [ 90%]  (Sampling)
Chain 3: Iteration:  9600 / 12000 [ 80%]  (Sampling)
Chain 1: Iteration: 12000 / 12000 [100%]  (Sampling)
Chain 1: 
Chain 1:  Elapsed Time: 17.192 seconds (Warm-up)
Chain 1:                12.703 seconds (Sampling)
Chain 1:                29.895 seconds (Total)
Chain 1: 
Chain 2: Iteration: 12000 / 12000 [100%]  (Sampling)
Chain 2: 
Chain 2:  Elapsed Time: 15.47 seconds (Warm-up)
Chain 2:                15.804 seconds (Sampling)
Chain 2:                31.274 seconds (Total)
Chain 2: 
Chain 4: Iteration: 10800 / 12000 [ 90%]  (Sampling)
Chain 3: Iteration: 10800 / 12000 [ 90%]  (Sampling)
Chain 4: Iteration: 12000 / 12000 [100%]  (Sampling)
Chain 4: 
Chain 4:  Elapsed Time: 16.053 seconds (Warm-up)
Chain 4:                19.747 seconds (Sampling)
Chain 4:                35.8 seconds (Total)
Chain 4: 
Chain 3: Iteration: 12000 / 12000 [100%]  (Sampling)
Chain 3: 
Chain 3:  Elapsed Time: 15.483 seconds (Warm-up)
Chain 3:                23.266 seconds (Sampling)
Chain 3:                38.749 seconds (Total)
Chain 3: 
Done!
Fitting s14.json, 7/17

SAMPLING FOR MODEL 'anon_model' NOW (CHAIN 1).
Chain 1: 
Chain 1: Gradient evaluation took 0.000241 seconds
Chain 1: 1000 transitions using 10 leapfrog steps per transition would take 2.41 seconds.
Chain 1: Adjust your expectations accordingly!
Chain 1: 
Chain 1: 

SAMPLING FOR MODEL 'anon_model' NOW (CHAIN 2).
Chain 2: 
Chain 2: Gradient evaluation took 0.000242 seconds
Chain 2: 1000 transitions using 10 leapfrog steps per transition would take 2.42 seconds.
Chain 2: Adjust your expectations accordingly!
Chain 2: 
Chain 2: 

SAMPLING FOR MODEL 'anon_model' NOW (CHAIN 3).
Chain 1: Iteration:     1 / 12000 [  0%]  (Warmup)
Chain 3: 
Chain 3: Gradient evaluation took 0.000221 seconds
Chain 3: 1000 transitions using 10 leapfrog steps per transition would take 2.21 seconds.
Chain 3: Adjust your expectations accordingly!
Chain 3: 
Chain 3: 

SAMPLING FOR MODEL 'anon_model' NOW (CHAIN 4).
Chain 2: Iteration:     1 / 12000 [  0%]  (Warmup)
Chain 4: 
Chain 4: Gradient evaluation took 0.000216 seconds
Chain 4: 1000 transitions using 10 leapfrog steps per transition would take 2.16 seconds.
Chain 4: Adjust your expectations accordingly!
Chain 4: 
Chain 4: 
Chain 3: Iteration:     1 / 12000 [  0%]  (Warmup)
Chain 4: Iteration:     1 / 12000 [  0%]  (Warmup)
Chain 4: Iteration:  1200 / 12000 [ 10%]  (Warmup)
Chain 1: Iteration:  1200 / 12000 [ 10%]  (Warmup)
Chain 3: Iteration:  1200 / 12000 [ 10%]  (Warmup)
Chain 2: Iteration:  1200 / 12000 [ 10%]  (Warmup)
Chain 4: Iteration:  2400 / 12000 [ 20%]  (Warmup)
Chain 1: Iteration:  2400 / 12000 [ 20%]  (Warmup)
Chain 3: Iteration:  2400 / 12000 [ 20%]  (Warmup)
Chain 2: Iteration:  2400 / 12000 [ 20%]  (Warmup)
Chain 4: Iteration:  3600 / 12000 [ 30%]  (Warmup)
Chain 1: Iteration:  3600 / 12000 [ 30%]  (Warmup)
Chain 3: Iteration:  3600 / 12000 [ 30%]  (Warmup)
Chain 2: Iteration:  3600 / 12000 [ 30%]  (Warmup)
Chain 4: Iteration:  4800 / 12000 [ 40%]  (Warmup)
Chain 1: Iteration:  4800 / 12000 [ 40%]  (Warmup)
Chain 3: Iteration:  4800 / 12000 [ 40%]  (Warmup)
Chain 2: Iteration:  4800 / 12000 [ 40%]  (Warmup)
Chain 4: Iteration:  6000 / 12000 [ 50%]  (Warmup)
Chain 4: Iteration:  6001 / 12000 [ 50%]  (Sampling)
Chain 1: Iteration:  6000 / 12000 [ 50%]  (Warmup)
Chain 1: Iteration:  6001 / 12000 [ 50%]  (Sampling)
Chain 3: Iteration:  6000 / 12000 [ 50%]  (Warmup)
Chain 3: Iteration:  6001 / 12000 [ 50%]  (Sampling)
Chain 2: Iteration:  6000 / 12000 [ 50%]  (Warmup)
Chain 2: Iteration:  6001 / 12000 [ 50%]  (Sampling)
Chain 4: Iteration:  7200 / 12000 [ 60%]  (Sampling)
Chain 1: Iteration:  7200 / 12000 [ 60%]  (Sampling)
Chain 2: Iteration:  7200 / 12000 [ 60%]  (Sampling)
Chain 3: Iteration:  7200 / 12000 [ 60%]  (Sampling)
Chain 4: Iteration:  8400 / 12000 [ 70%]  (Sampling)
Chain 2: Iteration:  8400 / 12000 [ 70%]  (Sampling)
Chain 3: Iteration:  8400 / 12000 [ 70%]  (Sampling)
Chain 1: Iteration:  8400 / 12000 [ 70%]  (Sampling)
Chain 4: Iteration:  9600 / 12000 [ 80%]  (Sampling)
Chain 2: Iteration:  9600 / 12000 [ 80%]  (Sampling)
Chain 4: Iteration: 10800 / 12000 [ 90%]  (Sampling)
Chain 3: Iteration:  9600 / 12000 [ 80%]  (Sampling)
Chain 1: Iteration:  9600 / 12000 [ 80%]  (Sampling)
Chain 2: Iteration: 10800 / 12000 [ 90%]  (Sampling)
Chain 4: Iteration: 12000 / 12000 [100%]  (Sampling)
Chain 4: 
Chain 4:  Elapsed Time: 15.804 seconds (Warm-up)
Chain 4:                11.913 seconds (Sampling)
Chain 4:                27.717 seconds (Total)
Chain 4: 
Chain 3: Iteration: 10800 / 12000 [ 90%]  (Sampling)
Chain 2: Iteration: 12000 / 12000 [100%]  (Sampling)
Chain 2: 
Chain 2:  Elapsed Time: 17.124 seconds (Warm-up)
Chain 2:                11.939 seconds (Sampling)
Chain 2:                29.063 seconds (Total)
Chain 2: 
Chain 1: Iteration: 10800 / 12000 [ 90%]  (Sampling)
Chain 3: Iteration: 12000 / 12000 [100%]  (Sampling)
Chain 3: 
Chain 3:  Elapsed Time: 16.612 seconds (Warm-up)
Chain 3:                14.933 seconds (Sampling)
Chain 3:                31.545 seconds (Total)
Chain 3: 
Chain 1: Iteration: 12000 / 12000 [100%]  (Sampling)
Chain 1: 
Chain 1:  Elapsed Time: 16.379 seconds (Warm-up)
Chain 1:                15.897 seconds (Sampling)
Chain 1:                32.276 seconds (Total)
Chain 1: 
Done!
Fitting s15.json, 8/17

SAMPLING FOR MODEL 'anon_model' NOW (CHAIN 1).
Chain 1: 
Chain 1: Gradient evaluation took 0.000237 seconds
Chain 1: 1000 transitions using 10 leapfrog steps per transition would take 2.37 seconds.
Chain 1: Adjust your expectations accordingly!
Chain 1: 
Chain 1: 

SAMPLING FOR MODEL 'anon_model' NOW (CHAIN 2).

SAMPLING FOR MODEL 'anon_model' NOW (CHAIN 3).
Chain 2: 
Chain 2: Gradient evaluation took 0.000237 seconds
Chain 2: 1000 transitions using 10 leapfrog steps per transition would take 2.37 seconds.
Chain 2: Adjust your expectations accordingly!
Chain 2: 
Chain 2: 
Chain 3: 
Chain 3: Gradient evaluation took 0.000237 seconds
Chain 3: 1000 transitions using 10 leapfrog steps per transition would take 2.37 seconds.
Chain 3: Adjust your expectations accordingly!
Chain 3: 
Chain 3: 
Chain 1: Iteration:     1 / 12000 [  0%]  (Warmup)
Chain 2: Iteration:     1 / 12000 [  0%]  (Warmup)

SAMPLING FOR MODEL 'anon_model' NOW (CHAIN 4).
Chain 3: Iteration:     1 / 12000 [  0%]  (Warmup)
Chain 4: 
Chain 4: Gradient evaluation took 0.000211 seconds
Chain 4: 1000 transitions using 10 leapfrog steps per transition would take 2.11 seconds.
Chain 4: Adjust your expectations accordingly!
Chain 4: 
Chain 4: 
Chain 4: Iteration:     1 / 12000 [  0%]  (Warmup)
Chain 2: Iteration:  1200 / 12000 [ 10%]  (Warmup)
Chain 4: Iteration:  1200 / 12000 [ 10%]  (Warmup)
Chain 1: Iteration:  1200 / 12000 [ 10%]  (Warmup)
Chain 3: Iteration:  1200 / 12000 [ 10%]  (Warmup)
Chain 2: Iteration:  2400 / 12000 [ 20%]  (Warmup)
Chain 1: Iteration:  2400 / 12000 [ 20%]  (Warmup)
Chain 3: Iteration:  2400 / 12000 [ 20%]  (Warmup)
Chain 4: Iteration:  2400 / 12000 [ 20%]  (Warmup)
Chain 2: Iteration:  3600 / 12000 [ 30%]  (Warmup)
Chain 3: Iteration:  3600 / 12000 [ 30%]  (Warmup)
Chain 1: Iteration:  3600 / 12000 [ 30%]  (Warmup)
Chain 4: Iteration:  3600 / 12000 [ 30%]  (Warmup)
Chain 2: Iteration:  4800 / 12000 [ 40%]  (Warmup)
Chain 3: Iteration:  4800 / 12000 [ 40%]  (Warmup)
Chain 1: Iteration:  4800 / 12000 [ 40%]  (Warmup)
Chain 4: Iteration:  4800 / 12000 [ 40%]  (Warmup)
Chain 2: Iteration:  6000 / 12000 [ 50%]  (Warmup)
Chain 2: Iteration:  6001 / 12000 [ 50%]  (Sampling)
Chain 3: Iteration:  6000 / 12000 [ 50%]  (Warmup)
Chain 3: Iteration:  6001 / 12000 [ 50%]  (Sampling)
Chain 1: Iteration:  6000 / 12000 [ 50%]  (Warmup)
Chain 1: Iteration:  6001 / 12000 [ 50%]  (Sampling)
Chain 4: Iteration:  6000 / 12000 [ 50%]  (Warmup)
Chain 4: Iteration:  6001 / 12000 [ 50%]  (Sampling)
Chain 2: Iteration:  7200 / 12000 [ 60%]  (Sampling)
Chain 3: Iteration:  7200 / 12000 [ 60%]  (Sampling)
Chain 1: Iteration:  7200 / 12000 [ 60%]  (Sampling)
Chain 4: Iteration:  7200 / 12000 [ 60%]  (Sampling)
Chain 2: Iteration:  8400 / 12000 [ 70%]  (Sampling)
Chain 3: Iteration:  8400 / 12000 [ 70%]  (Sampling)
Chain 2: Iteration:  9600 / 12000 [ 80%]  (Sampling)
Chain 1: Iteration:  8400 / 12000 [ 70%]  (Sampling)
Chain 4: Iteration:  8400 / 12000 [ 70%]  (Sampling)
Chain 3: Iteration:  9600 / 12000 [ 80%]  (Sampling)
Chain 2: Iteration: 10800 / 12000 [ 90%]  (Sampling)
Chain 1: Iteration:  9600 / 12000 [ 80%]  (Sampling)
Chain 4: Iteration:  9600 / 12000 [ 80%]  (Sampling)
Chain 3: Iteration: 10800 / 12000 [ 90%]  (Sampling)
Chain 2: Iteration: 12000 / 12000 [100%]  (Sampling)
Chain 2: 
Chain 2:  Elapsed Time: 18.078 seconds (Warm-up)
Chain 2:                18.169 seconds (Sampling)
Chain 2:                36.247 seconds (Total)
Chain 2: 
Chain 3: Iteration: 12000 / 12000 [100%]  (Sampling)
Chain 3: 
Chain 3:  Elapsed Time: 18.721 seconds (Warm-up)
Chain 3:                21.669 seconds (Sampling)
Chain 3:                40.39 seconds (Total)
Chain 3: 
Chain 1: Iteration: 10800 / 12000 [ 90%]  (Sampling)
Chain 4: Iteration: 10800 / 12000 [ 90%]  (Sampling)
Chain 4: Iteration: 12000 / 12000 [100%]  (Sampling)
Chain 4: 
Chain 4:  Elapsed Time: 19.109 seconds (Warm-up)
Chain 4:                27.088 seconds (Sampling)
Chain 4:                46.197 seconds (Total)
Chain 4: 
Chain 1: Iteration: 12000 / 12000 [100%]  (Sampling)
Chain 1: 
Chain 1:  Elapsed Time: 19.009 seconds (Warm-up)
Chain 1:                27.241 seconds (Sampling)
Chain 1:                46.25 seconds (Total)
Chain 1: 
Done!
Fitting s16.json, 9/17

SAMPLING FOR MODEL 'anon_model' NOW (CHAIN 1).

SAMPLING FOR MODEL 'anon_model' NOW (CHAIN 2).

SAMPLING FOR MODEL 'anon_model' NOW (CHAIN 3).

SAMPLING FOR MODEL 'anon_model' NOW (CHAIN 4).
Chain 1: 
Chain 1: Gradient evaluation took 0.000235 seconds
Chain 1: 1000 transitions using 10 leapfrog steps per transition would take 2.35 seconds.
Chain 1: Adjust your expectations accordingly!
Chain 1: 
Chain 1: 
Chain 2: 
Chain 2: Gradient evaluation took 0.000239 seconds
Chain 2: 1000 transitions using 10 leapfrog steps per transition would take 2.39 seconds.
Chain 2: Adjust your expectations accordingly!
Chain 2: 
Chain 2: 
Chain 3: 
Chain 3: Gradient evaluation took 0.000209 seconds
Chain 3: 1000 transitions using 10 leapfrog steps per transition would take 2.09 seconds.
Chain 3: Adjust your expectations accordingly!
Chain 3: 
Chain 3: 
Chain 1: Iteration:     1 / 12000 [  0%]  (Warmup)
Chain 2: Iteration:     1 / 12000 [  0%]  (Warmup)
Chain 3: Iteration:     1 / 12000 [  0%]  (Warmup)
Chain 4: 
Chain 4: Gradient evaluation took 0.000217 seconds
Chain 4: 1000 transitions using 10 leapfrog steps per transition would take 2.17 seconds.
Chain 4: Adjust your expectations accordingly!
Chain 4: 
Chain 4: 
Chain 4: Iteration:     1 / 12000 [  0%]  (Warmup)
Chain 1: Iteration:  1200 / 12000 [ 10%]  (Warmup)
Chain 2: Iteration:  1200 / 12000 [ 10%]  (Warmup)
Chain 3: Iteration:  1200 / 12000 [ 10%]  (Warmup)
Chain 4: Iteration:  1200 / 12000 [ 10%]  (Warmup)
Chain 1: Iteration:  2400 / 12000 [ 20%]  (Warmup)
Chain 2: Iteration:  2400 / 12000 [ 20%]  (Warmup)
Chain 3: Iteration:  2400 / 12000 [ 20%]  (Warmup)
Chain 4: Iteration:  2400 / 12000 [ 20%]  (Warmup)
Chain 1: Iteration:  3600 / 12000 [ 30%]  (Warmup)
Chain 2: Iteration:  3600 / 12000 [ 30%]  (Warmup)
Chain 3: Iteration:  3600 / 12000 [ 30%]  (Warmup)
Chain 4: Iteration:  3600 / 12000 [ 30%]  (Warmup)
Chain 1: Iteration:  4800 / 12000 [ 40%]  (Warmup)
Chain 2: Iteration:  4800 / 12000 [ 40%]  (Warmup)
Chain 4: Iteration:  4800 / 12000 [ 40%]  (Warmup)
Chain 3: Iteration:  4800 / 12000 [ 40%]  (Warmup)
Chain 1: Iteration:  6000 / 12000 [ 50%]  (Warmup)
Chain 1: Iteration:  6001 / 12000 [ 50%]  (Sampling)
Chain 2: Iteration:  6000 / 12000 [ 50%]  (Warmup)
Chain 2: Iteration:  6001 / 12000 [ 50%]  (Sampling)
Chain 4: Iteration:  6000 / 12000 [ 50%]  (Warmup)
Chain 4: Iteration:  6001 / 12000 [ 50%]  (Sampling)
Chain 3: Iteration:  6000 / 12000 [ 50%]  (Warmup)
Chain 3: Iteration:  6001 / 12000 [ 50%]  (Sampling)
Chain 1: Iteration:  7200 / 12000 [ 60%]  (Sampling)
Chain 4: Iteration:  7200 / 12000 [ 60%]  (Sampling)
Chain 3: Iteration:  7200 / 12000 [ 60%]  (Sampling)
Chain 2: Iteration:  7200 / 12000 [ 60%]  (Sampling)
Chain 1: Iteration:  8400 / 12000 [ 70%]  (Sampling)
Chain 4: Iteration:  8400 / 12000 [ 70%]  (Sampling)
Chain 3: Iteration:  8400 / 12000 [ 70%]  (Sampling)
Chain 4: Iteration:  9600 / 12000 [ 80%]  (Sampling)
Chain 3: Iteration:  9600 / 12000 [ 80%]  (Sampling)
Chain 1: Iteration:  9600 / 12000 [ 80%]  (Sampling)
Chain 2: Iteration:  8400 / 12000 [ 70%]  (Sampling)
Chain 4: Iteration: 10800 / 12000 [ 90%]  (Sampling)
Chain 3: Iteration: 10800 / 12000 [ 90%]  (Sampling)
Chain 1: Iteration: 10800 / 12000 [ 90%]  (Sampling)
Chain 4: Iteration: 12000 / 12000 [100%]  (Sampling)
Chain 4: 
Chain 4:  Elapsed Time: 22.905 seconds (Warm-up)
Chain 4:                21.176 seconds (Sampling)
Chain 4:                44.081 seconds (Total)
Chain 4: 
Chain 3: Iteration: 12000 / 12000 [100%]  (Sampling)
Chain 3: 
Chain 3:  Elapsed Time: 23.142 seconds (Warm-up)
Chain 3:                21.105 seconds (Sampling)
Chain 3:                44.247 seconds (Total)
Chain 3: 
Chain 2: Iteration:  9600 / 12000 [ 80%]  (Sampling)
Chain 1: Iteration: 12000 / 12000 [100%]  (Sampling)
Chain 1: 
Chain 1:  Elapsed Time: 22.215 seconds (Warm-up)
Chain 1:                22.795 seconds (Sampling)
Chain 1:                45.01 seconds (Total)
Chain 1: 
Chain 2: Iteration: 10800 / 12000 [ 90%]  (Sampling)
Chain 2: Iteration: 12000 / 12000 [100%]  (Sampling)
Chain 2: 
Chain 2:  Elapsed Time: 22.78 seconds (Warm-up)
Chain 2:                35.18 seconds (Sampling)
Chain 2:                57.96 seconds (Total)
Chain 2: 
Done!
Fitting s2.json, 10/17

SAMPLING FOR MODEL 'anon_model' NOW (CHAIN 1).

SAMPLING FOR MODEL 'anon_model' NOW (CHAIN 2).
Chain 1: 
Chain 1: Gradient evaluation took 0.000227 seconds
Chain 1: 1000 transitions using 10 leapfrog steps per transition would take 2.27 seconds.
Chain 1: Adjust your expectations accordingly!
Chain 1: 
Chain 1: 
Chain 2: 
Chain 2: Gradient evaluation took 0.000224 seconds
Chain 2: 1000 transitions using 10 leapfrog steps per transition would take 2.24 seconds.
Chain 2: Adjust your expectations accordingly!
Chain 2: 
Chain 2: 

SAMPLING FOR MODEL 'anon_model' NOW (CHAIN 3).
Chain 3: 
Chain 3: Gradient evaluation took 0.000229 seconds
Chain 3: 1000 transitions using 10 leapfrog steps per transition would take 2.29 seconds.
Chain 3: Adjust your expectations accordingly!
Chain 3: 
Chain 3: 

SAMPLING FOR MODEL 'anon_model' NOW (CHAIN 4).
Chain 4: 
Chain 4: Gradient evaluation took 0.000216 seconds
Chain 4: 1000 transitions using 10 leapfrog steps per transition would take 2.16 seconds.
Chain 4: Adjust your expectations accordingly!
Chain 4: 
Chain 4: 
Chain 1: Iteration:     1 / 12000 [  0%]  (Warmup)
Chain 2: Iteration:     1 / 12000 [  0%]  (Warmup)
Chain 3: Iteration:     1 / 12000 [  0%]  (Warmup)
Chain 4: Iteration:     1 / 12000 [  0%]  (Warmup)
Chain 4: Iteration:  1200 / 12000 [ 10%]  (Warmup)
Chain 2: Iteration:  1200 / 12000 [ 10%]  (Warmup)
Chain 3: Iteration:  1200 / 12000 [ 10%]  (Warmup)
Chain 1: Iteration:  1200 / 12000 [ 10%]  (Warmup)
Chain 4: Iteration:  2400 / 12000 [ 20%]  (Warmup)
Chain 2: Iteration:  2400 / 12000 [ 20%]  (Warmup)
Chain 3: Iteration:  2400 / 12000 [ 20%]  (Warmup)
Chain 1: Iteration:  2400 / 12000 [ 20%]  (Warmup)
Chain 4: Iteration:  3600 / 12000 [ 30%]  (Warmup)
Chain 2: Iteration:  3600 / 12000 [ 30%]  (Warmup)
Chain 3: Iteration:  3600 / 12000 [ 30%]  (Warmup)
Chain 1: Iteration:  3600 / 12000 [ 30%]  (Warmup)
Chain 4: Iteration:  4800 / 12000 [ 40%]  (Warmup)
Chain 2: Iteration:  4800 / 12000 [ 40%]  (Warmup)
Chain 1: Iteration:  4800 / 12000 [ 40%]  (Warmup)
Chain 3: Iteration:  4800 / 12000 [ 40%]  (Warmup)
Chain 4: Iteration:  6000 / 12000 [ 50%]  (Warmup)
Chain 4: Iteration:  6001 / 12000 [ 50%]  (Sampling)
Chain 2: Iteration:  6000 / 12000 [ 50%]  (Warmup)
Chain 2: Iteration:  6001 / 12000 [ 50%]  (Sampling)
Chain 3: Iteration:  6000 / 12000 [ 50%]  (Warmup)
Chain 3: Iteration:  6001 / 12000 [ 50%]  (Sampling)
Chain 1: Iteration:  6000 / 12000 [ 50%]  (Warmup)
Chain 1: Iteration:  6001 / 12000 [ 50%]  (Sampling)
Chain 4: Iteration:  7200 / 12000 [ 60%]  (Sampling)
Chain 3: Iteration:  7200 / 12000 [ 60%]  (Sampling)
Chain 1: Iteration:  7200 / 12000 [ 60%]  (Sampling)
Chain 4: Iteration:  8400 / 12000 [ 70%]  (Sampling)
Chain 2: Iteration:  7200 / 12000 [ 60%]  (Sampling)
Chain 3: Iteration:  8400 / 12000 [ 70%]  (Sampling)
Chain 1: Iteration:  8400 / 12000 [ 70%]  (Sampling)
Chain 4: Iteration:  9600 / 12000 [ 80%]  (Sampling)
Chain 3: Iteration:  9600 / 12000 [ 80%]  (Sampling)
Chain 2: Iteration:  8400 / 12000 [ 70%]  (Sampling)
Chain 4: Iteration: 10800 / 12000 [ 90%]  (Sampling)
Chain 1: Iteration:  9600 / 12000 [ 80%]  (Sampling)
Chain 3: Iteration: 10800 / 12000 [ 90%]  (Sampling)
Chain 4: Iteration: 12000 / 12000 [100%]  (Sampling)
Chain 4: 
Chain 4:  Elapsed Time: 13.518 seconds (Warm-up)
Chain 4:                11.691 seconds (Sampling)
Chain 4:                25.209 seconds (Total)
Chain 4: 
Chain 1: Iteration: 10800 / 12000 [ 90%]  (Sampling)
Chain 2: Iteration:  9600 / 12000 [ 80%]  (Sampling)
Chain 3: Iteration: 12000 / 12000 [100%]  (Sampling)
Chain 3: 
Chain 3:  Elapsed Time: 14.035 seconds (Warm-up)
Chain 3:                13.422 seconds (Sampling)
Chain 3:                27.457 seconds (Total)
Chain 3: 
Chain 1: Iteration: 12000 / 12000 [100%]  (Sampling)
Chain 1: 
Chain 1:  Elapsed Time: 14.077 seconds (Warm-up)
Chain 1:                15.558 seconds (Sampling)
Chain 1:                29.635 seconds (Total)
Chain 1: 
Chain 2: Iteration: 10800 / 12000 [ 90%]  (Sampling)
Chain 2: Iteration: 12000 / 12000 [100%]  (Sampling)
Chain 2: 
Chain 2:  Elapsed Time: 13.934 seconds (Warm-up)
Chain 2:                22.064 seconds (Sampling)
Chain 2:                35.998 seconds (Total)
Chain 2: 
Done!
Fitting s3.json, 11/17

SAMPLING FOR MODEL 'anon_model' NOW (CHAIN 1).
Chain 1: 
Chain 1: Gradient evaluation took 0.000248 seconds
Chain 1: 1000 transitions using 10 leapfrog steps per transition would take 2.48 seconds.
Chain 1: Adjust your expectations accordingly!
Chain 1: 
Chain 1: 

SAMPLING FOR MODEL 'anon_model' NOW (CHAIN 2).
Chain 2: 
Chain 2: Gradient evaluation took 0.000256 seconds
Chain 2: 1000 transitions using 10 leapfrog steps per transition would take 2.56 seconds.
Chain 2: Adjust your expectations accordingly!
Chain 2: 
Chain 2: 

SAMPLING FOR MODEL 'anon_model' NOW (CHAIN 3).
Chain 1: Iteration:     1 / 12000 [  0%]  (Warmup)
Chain 3: 
Chain 3: Gradient evaluation took 0.000228 seconds
Chain 3: 1000 transitions using 10 leapfrog steps per transition would take 2.28 seconds.
Chain 3: Adjust your expectations accordingly!
Chain 3: 
Chain 3: 

SAMPLING FOR MODEL 'anon_model' NOW (CHAIN 4).
Chain 2: Iteration:     1 / 12000 [  0%]  (Warmup)
Chain 4: 
Chain 4: Gradient evaluation took 0.000221 seconds
Chain 4: 1000 transitions using 10 leapfrog steps per transition would take 2.21 seconds.
Chain 4: Adjust your expectations accordingly!
Chain 4: 
Chain 4: 
Chain 3: Iteration:     1 / 12000 [  0%]  (Warmup)
Chain 4: Iteration:     1 / 12000 [  0%]  (Warmup)
Chain 3: Iteration:  1200 / 12000 [ 10%]  (Warmup)
Chain 2: Iteration:  1200 / 12000 [ 10%]  (Warmup)
Chain 1: Iteration:  1200 / 12000 [ 10%]  (Warmup)
Chain 4: Iteration:  1200 / 12000 [ 10%]  (Warmup)
Chain 3: Iteration:  2400 / 12000 [ 20%]  (Warmup)
Chain 2: Iteration:  2400 / 12000 [ 20%]  (Warmup)
Chain 4: Iteration:  2400 / 12000 [ 20%]  (Warmup)
Chain 1: Iteration:  2400 / 12000 [ 20%]  (Warmup)
Chain 3: Iteration:  3600 / 12000 [ 30%]  (Warmup)
Chain 2: Iteration:  3600 / 12000 [ 30%]  (Warmup)
Chain 4: Iteration:  3600 / 12000 [ 30%]  (Warmup)
Chain 1: Iteration:  3600 / 12000 [ 30%]  (Warmup)
Chain 3: Iteration:  4800 / 12000 [ 40%]  (Warmup)
Chain 2: Iteration:  4800 / 12000 [ 40%]  (Warmup)
Chain 4: Iteration:  4800 / 12000 [ 40%]  (Warmup)
Chain 1: Iteration:  4800 / 12000 [ 40%]  (Warmup)
Chain 2: Iteration:  6000 / 12000 [ 50%]  (Warmup)
Chain 2: Iteration:  6001 / 12000 [ 50%]  (Sampling)
Chain 3: Iteration:  6000 / 12000 [ 50%]  (Warmup)
Chain 3: Iteration:  6001 / 12000 [ 50%]  (Sampling)
Chain 4: Iteration:  6000 / 12000 [ 50%]  (Warmup)
Chain 4: Iteration:  6001 / 12000 [ 50%]  (Sampling)
Chain 1: Iteration:  6000 / 12000 [ 50%]  (Warmup)
Chain 1: Iteration:  6001 / 12000 [ 50%]  (Sampling)
Chain 2: Iteration:  7200 / 12000 [ 60%]  (Sampling)
Chain 3: Iteration:  7200 / 12000 [ 60%]  (Sampling)
Chain 2: Iteration:  8400 / 12000 [ 70%]  (Sampling)
Chain 1: Iteration:  7200 / 12000 [ 60%]  (Sampling)
Chain 4: Iteration:  7200 / 12000 [ 60%]  (Sampling)
Chain 3: Iteration:  8400 / 12000 [ 70%]  (Sampling)
Chain 2: Iteration:  9600 / 12000 [ 80%]  (Sampling)
Chain 1: Iteration:  8400 / 12000 [ 70%]  (Sampling)
Chain 4: Iteration:  8400 / 12000 [ 70%]  (Sampling)
Chain 3: Iteration:  9600 / 12000 [ 80%]  (Sampling)
Chain 2: Iteration: 10800 / 12000 [ 90%]  (Sampling)
Chain 3: Iteration: 10800 / 12000 [ 90%]  (Sampling)
Chain 2: Iteration: 12000 / 12000 [100%]  (Sampling)
Chain 2: 
Chain 2:  Elapsed Time: 18.731 seconds (Warm-up)
Chain 2:                15.192 seconds (Sampling)
Chain 2:                33.923 seconds (Total)
Chain 2: 
Chain 1: Iteration:  9600 / 12000 [ 80%]  (Sampling)
Chain 4: Iteration:  9600 / 12000 [ 80%]  (Sampling)
Chain 3: Iteration: 12000 / 12000 [100%]  (Sampling)
Chain 3: 
Chain 3:  Elapsed Time: 18.941 seconds (Warm-up)
Chain 3:                18.441 seconds (Sampling)
Chain 3:                37.382 seconds (Total)
Chain 3: 
Chain 1: Iteration: 10800 / 12000 [ 90%]  (Sampling)
Chain 4: Iteration: 10800 / 12000 [ 90%]  (Sampling)
Chain 1: Iteration: 12000 / 12000 [100%]  (Sampling)
Chain 1: 
Chain 1:  Elapsed Time: 20.227 seconds (Warm-up)
Chain 1:                23.219 seconds (Sampling)
Chain 1:                43.446 seconds (Total)
Chain 1: 
Chain 4: Iteration: 12000 / 12000 [100%]  (Sampling)
Chain 4: 
Chain 4:  Elapsed Time: 19.89 seconds (Warm-up)
Chain 4:                25.116 seconds (Sampling)
Chain 4:                45.006 seconds (Total)
Chain 4: 
Done!
Fitting s4.json, 12/17

SAMPLING FOR MODEL 'anon_model' NOW (CHAIN 1).
Chain 1: 
Chain 1: Gradient evaluation took 0.000242 seconds
Chain 1: 1000 transitions using 10 leapfrog steps per transition would take 2.42 seconds.
Chain 1: Adjust your expectations accordingly!
Chain 1: 
Chain 1: 

SAMPLING FOR MODEL 'anon_model' NOW (CHAIN 2).

SAMPLING FOR MODEL 'anon_model' NOW (CHAIN 3).
Chain 2: 
Chain 2: Gradient evaluation took 0.000236 seconds
Chain 2: 1000 transitions using 10 leapfrog steps per transition would take 2.36 seconds.
Chain 2: Adjust your expectations accordingly!
Chain 2: 
Chain 2: 
Chain 1: Iteration:     1 / 12000 [  0%]  (Warmup)
Chain 3: 
Chain 3: Gradient evaluation took 0.000286 seconds
Chain 3: 1000 transitions using 10 leapfrog steps per transition would take 2.86 seconds.
Chain 3: Adjust your expectations accordingly!
Chain 3: 
Chain 3: 
Chain 2: Iteration:     1 / 12000 [  0%]  (Warmup)

SAMPLING FOR MODEL 'anon_model' NOW (CHAIN 4).
Chain 3: Iteration:     1 / 12000 [  0%]  (Warmup)
Chain 4: 
Chain 4: Gradient evaluation took 0.000219 seconds
Chain 4: 1000 transitions using 10 leapfrog steps per transition would take 2.19 seconds.
Chain 4: Adjust your expectations accordingly!
Chain 4: 
Chain 4: 
Chain 4: Iteration:     1 / 12000 [  0%]  (Warmup)
Chain 4: Iteration:  1200 / 12000 [ 10%]  (Warmup)
Chain 3: Iteration:  1200 / 12000 [ 10%]  (Warmup)
Chain 2: Iteration:  1200 / 12000 [ 10%]  (Warmup)
Chain 1: Iteration:  1200 / 12000 [ 10%]  (Warmup)
Chain 4: Iteration:  2400 / 12000 [ 20%]  (Warmup)
Chain 3: Iteration:  2400 / 12000 [ 20%]  (Warmup)
Chain 2: Iteration:  2400 / 12000 [ 20%]  (Warmup)
Chain 1: Iteration:  2400 / 12000 [ 20%]  (Warmup)
Chain 4: Iteration:  3600 / 12000 [ 30%]  (Warmup)
Chain 3: Iteration:  3600 / 12000 [ 30%]  (Warmup)
Chain 1: Iteration:  3600 / 12000 [ 30%]  (Warmup)
Chain 2: Iteration:  3600 / 12000 [ 30%]  (Warmup)
Chain 4: Iteration:  4800 / 12000 [ 40%]  (Warmup)
Chain 3: Iteration:  4800 / 12000 [ 40%]  (Warmup)
Chain 1: Iteration:  4800 / 12000 [ 40%]  (Warmup)
Chain 2: Iteration:  4800 / 12000 [ 40%]  (Warmup)
Chain 4: Iteration:  6000 / 12000 [ 50%]  (Warmup)
Chain 4: Iteration:  6001 / 12000 [ 50%]  (Sampling)
Chain 3: Iteration:  6000 / 12000 [ 50%]  (Warmup)
Chain 3: Iteration:  6001 / 12000 [ 50%]  (Sampling)
Chain 1: Iteration:  6000 / 12000 [ 50%]  (Warmup)
Chain 1: Iteration:  6001 / 12000 [ 50%]  (Sampling)
Chain 2: Iteration:  6000 / 12000 [ 50%]  (Warmup)
Chain 2: Iteration:  6001 / 12000 [ 50%]  (Sampling)
Chain 3: Iteration:  7200 / 12000 [ 60%]  (Sampling)
Chain 1: Iteration:  7200 / 12000 [ 60%]  (Sampling)
Chain 2: Iteration:  7200 / 12000 [ 60%]  (Sampling)
Chain 4: Iteration:  7200 / 12000 [ 60%]  (Sampling)
Chain 1: Iteration:  8400 / 12000 [ 70%]  (Sampling)
Chain 3: Iteration:  8400 / 12000 [ 70%]  (Sampling)
Chain 2: Iteration:  8400 / 12000 [ 70%]  (Sampling)
Chain 4: Iteration:  8400 / 12000 [ 70%]  (Sampling)
Chain 1: Iteration:  9600 / 12000 [ 80%]  (Sampling)
Chain 3: Iteration:  9600 / 12000 [ 80%]  (Sampling)
Chain 1: Iteration: 10800 / 12000 [ 90%]  (Sampling)
Chain 3: Iteration: 10800 / 12000 [ 90%]  (Sampling)
Chain 2: Iteration:  9600 / 12000 [ 80%]  (Sampling)
Chain 4: Iteration:  9600 / 12000 [ 80%]  (Sampling)
Chain 1: Iteration: 12000 / 12000 [100%]  (Sampling)
Chain 1: 
Chain 1:  Elapsed Time: 18.641 seconds (Warm-up)
Chain 1:                16.697 seconds (Sampling)
Chain 1:                35.338 seconds (Total)
Chain 1: 
Chain 3: Iteration: 12000 / 12000 [100%]  (Sampling)
Chain 3: 
Chain 3:  Elapsed Time: 18.427 seconds (Warm-up)
Chain 3:                17.756 seconds (Sampling)
Chain 3:                36.183 seconds (Total)
Chain 3: 
Chain 2: Iteration: 10800 / 12000 [ 90%]  (Sampling)
Chain 4: Iteration: 10800 / 12000 [ 90%]  (Sampling)
Chain 2: Iteration: 12000 / 12000 [100%]  (Sampling)
Chain 2: 
Chain 2:  Elapsed Time: 18.929 seconds (Warm-up)
Chain 2:                22.891 seconds (Sampling)
Chain 2:                41.82 seconds (Total)
Chain 2: 
Chain 4: Iteration: 12000 / 12000 [100%]  (Sampling)
Chain 4: 
Chain 4:  Elapsed Time: 18.36 seconds (Warm-up)
Chain 4:                25.442 seconds (Sampling)
Chain 4:                43.802 seconds (Total)
Chain 4: 
Done!
Fitting s5.json, 13/17

SAMPLING FOR MODEL 'anon_model' NOW (CHAIN 1).
Chain 1: 
Chain 1: Gradient evaluation took 0.000237 seconds
Chain 1: 1000 transitions using 10 leapfrog steps per transition would take 2.37 seconds.
Chain 1: Adjust your expectations accordingly!
Chain 1: 
Chain 1: 

SAMPLING FOR MODEL 'anon_model' NOW (CHAIN 2).
Chain 2: 
Chain 2: Gradient evaluation took 0.000226 seconds
Chain 2: 1000 transitions using 10 leapfrog steps per transition would take 2.26 seconds.
Chain 2: Adjust your expectations accordingly!
Chain 2: 
Chain 2: 
Chain 1: Iteration:     1 / 12000 [  0%]  (Warmup)

SAMPLING FOR MODEL 'anon_model' NOW (CHAIN 3).
Chain 2: Iteration:     1 / 12000 [  0%]  (Warmup)
Chain 3: 
Chain 3: Gradient evaluation took 0.000219 seconds
Chain 3: 1000 transitions using 10 leapfrog steps per transition would take 2.19 seconds.
Chain 3: Adjust your expectations accordingly!
Chain 3: 
Chain 3: 

SAMPLING FOR MODEL 'anon_model' NOW (CHAIN 4).
Chain 4: 
Chain 4: Gradient evaluation took 0.000225 seconds
Chain 4: 1000 transitions using 10 leapfrog steps per transition would take 2.25 seconds.
Chain 4: Adjust your expectations accordingly!
Chain 4: 
Chain 4: 
Chain 3: Iteration:     1 / 12000 [  0%]  (Warmup)
Chain 4: Iteration:     1 / 12000 [  0%]  (Warmup)
Chain 1: Iteration:  1200 / 12000 [ 10%]  (Warmup)
Chain 2: Iteration:  1200 / 12000 [ 10%]  (Warmup)
Chain 3: Iteration:  1200 / 12000 [ 10%]  (Warmup)
Chain 4: Iteration:  1200 / 12000 [ 10%]  (Warmup)
Chain 1: Iteration:  2400 / 12000 [ 20%]  (Warmup)
Chain 2: Iteration:  2400 / 12000 [ 20%]  (Warmup)
Chain 3: Iteration:  2400 / 12000 [ 20%]  (Warmup)
Chain 4: Iteration:  2400 / 12000 [ 20%]  (Warmup)
Chain 1: Iteration:  3600 / 12000 [ 30%]  (Warmup)
Chain 2: Iteration:  3600 / 12000 [ 30%]  (Warmup)
Chain 3: Iteration:  3600 / 12000 [ 30%]  (Warmup)
Chain 4: Iteration:  3600 / 12000 [ 30%]  (Warmup)
Chain 2: Iteration:  4800 / 12000 [ 40%]  (Warmup)
Chain 1: Iteration:  4800 / 12000 [ 40%]  (Warmup)
Chain 3: Iteration:  4800 / 12000 [ 40%]  (Warmup)
Chain 4: Iteration:  4800 / 12000 [ 40%]  (Warmup)
Chain 1: Iteration:  6000 / 12000 [ 50%]  (Warmup)
Chain 2: Iteration:  6000 / 12000 [ 50%]  (Warmup)
Chain 2: Iteration:  6001 / 12000 [ 50%]  (Sampling)
Chain 1: Iteration:  6001 / 12000 [ 50%]  (Sampling)
Chain 3: Iteration:  6000 / 12000 [ 50%]  (Warmup)
Chain 3: Iteration:  6001 / 12000 [ 50%]  (Sampling)
Chain 4: Iteration:  6000 / 12000 [ 50%]  (Warmup)
Chain 4: Iteration:  6001 / 12000 [ 50%]  (Sampling)
Chain 4: Iteration:  7200 / 12000 [ 60%]  (Sampling)
Chain 1: Iteration:  7200 / 12000 [ 60%]  (Sampling)
Chain 2: Iteration:  7200 / 12000 [ 60%]  (Sampling)
Chain 4: Iteration:  8400 / 12000 [ 70%]  (Sampling)
Chain 3: Iteration:  7200 / 12000 [ 60%]  (Sampling)
Chain 1: Iteration:  8400 / 12000 [ 70%]  (Sampling)
Chain 4: Iteration:  9600 / 12000 [ 80%]  (Sampling)
Chain 2: Iteration:  8400 / 12000 [ 70%]  (Sampling)
Chain 1: Iteration:  9600 / 12000 [ 80%]  (Sampling)
Chain 4: Iteration: 10800 / 12000 [ 90%]  (Sampling)
Chain 3: Iteration:  8400 / 12000 [ 70%]  (Sampling)
Chain 4: Iteration: 12000 / 12000 [100%]  (Sampling)
Chain 4: 
Chain 4:  Elapsed Time: 16.036 seconds (Warm-up)
Chain 4:                11.605 seconds (Sampling)
Chain 4:                27.641 seconds (Total)
Chain 4: 
Chain 1: Iteration: 10800 / 12000 [ 90%]  (Sampling)
Chain 2: Iteration:  9600 / 12000 [ 80%]  (Sampling)
Chain 3: Iteration:  9600 / 12000 [ 80%]  (Sampling)
Chain 1: Iteration: 12000 / 12000 [100%]  (Sampling)
Chain 1: 
Chain 1:  Elapsed Time: 15.344 seconds (Warm-up)
Chain 1:                15.904 seconds (Sampling)
Chain 1:                31.248 seconds (Total)
Chain 1: 
Chain 2: Iteration: 10800 / 12000 [ 90%]  (Sampling)
Chain 3: Iteration: 10800 / 12000 [ 90%]  (Sampling)
Chain 2: Iteration: 12000 / 12000 [100%]  (Sampling)
Chain 2: 
Chain 2:  Elapsed Time: 15.343 seconds (Warm-up)
Chain 2:                21.348 seconds (Sampling)
Chain 2:                36.691 seconds (Total)
Chain 2: 
Chain 3: Iteration: 12000 / 12000 [100%]  (Sampling)
Chain 3: 
Chain 3:  Elapsed Time: 15.821 seconds (Warm-up)
Chain 3:                24.511 seconds (Sampling)
Chain 3:                40.332 seconds (Total)
Chain 3: 
Done!
Fitting s6.json, 14/17

SAMPLING FOR MODEL 'anon_model' NOW (CHAIN 1).
Chain 1: 
Chain 1: Gradient evaluation took 0.000233 seconds
Chain 1: 1000 transitions using 10 leapfrog steps per transition would take 2.33 seconds.
Chain 1: Adjust your expectations accordingly!
Chain 1: 
Chain 1: 

SAMPLING FOR MODEL 'anon_model' NOW (CHAIN 2).

SAMPLING FOR MODEL 'anon_model' NOW (CHAIN 3).
Chain 2: 
Chain 2: Gradient evaluation took 0.000233 seconds
Chain 2: 1000 transitions using 10 leapfrog steps per transition would take 2.33 seconds.
Chain 2: Adjust your expectations accordingly!
Chain 2: 
Chain 2: 
Chain 1: Iteration:     1 / 12000 [  0%]  (Warmup)
Chain 3: 
Chain 3: Gradient evaluation took 0.000221 seconds
Chain 3: 1000 transitions using 10 leapfrog steps per transition would take 2.21 seconds.
Chain 3: Adjust your expectations accordingly!
Chain 3: 
Chain 3: 

SAMPLING FOR MODEL 'anon_model' NOW (CHAIN 4).
Chain 2: Iteration:     1 / 12000 [  0%]  (Warmup)
Chain 4: 
Chain 4: Gradient evaluation took 0.000211 seconds
Chain 4: 1000 transitions using 10 leapfrog steps per transition would take 2.11 seconds.
Chain 4: Adjust your expectations accordingly!
Chain 4: 
Chain 4: 
Chain 3: Iteration:     1 / 12000 [  0%]  (Warmup)
Chain 4: Iteration:     1 / 12000 [  0%]  (Warmup)
Chain 1: Iteration:  1200 / 12000 [ 10%]  (Warmup)
Chain 2: Iteration:  1200 / 12000 [ 10%]  (Warmup)
Chain 3: Iteration:  1200 / 12000 [ 10%]  (Warmup)
Chain 4: Iteration:  1200 / 12000 [ 10%]  (Warmup)
Chain 1: Iteration:  2400 / 12000 [ 20%]  (Warmup)
Chain 2: Iteration:  2400 / 12000 [ 20%]  (Warmup)
Chain 3: Iteration:  2400 / 12000 [ 20%]  (Warmup)
Chain 4: Iteration:  2400 / 12000 [ 20%]  (Warmup)
Chain 2: Iteration:  3600 / 12000 [ 30%]  (Warmup)
Chain 1: Iteration:  3600 / 12000 [ 30%]  (Warmup)
Chain 3: Iteration:  3600 / 12000 [ 30%]  (Warmup)
Chain 4: Iteration:  3600 / 12000 [ 30%]  (Warmup)
Chain 2: Iteration:  4800 / 12000 [ 40%]  (Warmup)
Chain 1: Iteration:  4800 / 12000 [ 40%]  (Warmup)
Chain 3: Iteration:  4800 / 12000 [ 40%]  (Warmup)
Chain 4: Iteration:  4800 / 12000 [ 40%]  (Warmup)
Chain 2: Iteration:  6000 / 12000 [ 50%]  (Warmup)
Chain 2: Iteration:  6001 / 12000 [ 50%]  (Sampling)
Chain 1: Iteration:  6000 / 12000 [ 50%]  (Warmup)
Chain 1: Iteration:  6001 / 12000 [ 50%]  (Sampling)
Chain 3: Iteration:  6000 / 12000 [ 50%]  (Warmup)
Chain 3: Iteration:  6001 / 12000 [ 50%]  (Sampling)
Chain 4: Iteration:  6000 / 12000 [ 50%]  (Warmup)
Chain 4: Iteration:  6001 / 12000 [ 50%]  (Sampling)
Chain 2: Iteration:  7200 / 12000 [ 60%]  (Sampling)
Chain 1: Iteration:  7200 / 12000 [ 60%]  (Sampling)
Chain 4: Iteration:  7200 / 12000 [ 60%]  (Sampling)
Chain 3: Iteration:  7200 / 12000 [ 60%]  (Sampling)
Chain 4: Iteration:  8400 / 12000 [ 70%]  (Sampling)
Chain 2: Iteration:  8400 / 12000 [ 70%]  (Sampling)
Chain 1: Iteration:  8400 / 12000 [ 70%]  (Sampling)
Chain 4: Iteration:  9600 / 12000 [ 80%]  (Sampling)
Chain 2: Iteration:  9600 / 12000 [ 80%]  (Sampling)
Chain 1: Iteration:  9600 / 12000 [ 80%]  (Sampling)
Chain 4: Iteration: 10800 / 12000 [ 90%]  (Sampling)
Chain 3: Iteration:  8400 / 12000 [ 70%]  (Sampling)
Chain 2: Iteration: 10800 / 12000 [ 90%]  (Sampling)
Chain 1: Iteration: 10800 / 12000 [ 90%]  (Sampling)
Chain 4: Iteration: 12000 / 12000 [100%]  (Sampling)
Chain 4: 
Chain 4:  Elapsed Time: 24.216 seconds (Warm-up)
Chain 4:                19.486 seconds (Sampling)
Chain 4:                43.702 seconds (Total)
Chain 4: 
Chain 2: Iteration: 12000 / 12000 [100%]  (Sampling)
Chain 2: 
Chain 2:  Elapsed Time: 23.117 seconds (Warm-up)
Chain 2:                22.068 seconds (Sampling)
Chain 2:                45.185 seconds (Total)
Chain 2: 
Chain 1: Iteration: 12000 / 12000 [100%]  (Sampling)
Chain 1: 
Chain 1:  Elapsed Time: 23.576 seconds (Warm-up)
Chain 1:                22.432 seconds (Sampling)
Chain 1:                46.008 seconds (Total)
Chain 1: 
Chain 3: Iteration:  9600 / 12000 [ 80%]  (Sampling)
Chain 3: Iteration: 10800 / 12000 [ 90%]  (Sampling)
Chain 3: Iteration: 12000 / 12000 [100%]  (Sampling)
Chain 3: 
Chain 3:  Elapsed Time: 23.731 seconds (Warm-up)
Chain 3:                38.99 seconds (Sampling)
Chain 3:                62.721 seconds (Total)
Chain 3: 
Done!
Fitting s7.json, 15/17

SAMPLING FOR MODEL 'anon_model' NOW (CHAIN 1).
Chain 1: 
Chain 1: Gradient evaluation took 0.00024 seconds
Chain 1: 1000 transitions using 10 leapfrog steps per transition would take 2.4 seconds.
Chain 1: Adjust your expectations accordingly!
Chain 1: 
Chain 1: 

SAMPLING FOR MODEL 'anon_model' NOW (CHAIN 2).
Chain 2: 
Chain 2: Gradient evaluation took 0.000229 seconds
Chain 2: 1000 transitions using 10 leapfrog steps per transition would take 2.29 seconds.
Chain 2: Adjust your expectations accordingly!
Chain 2: 
Chain 2: 

SAMPLING FOR MODEL 'anon_model' NOW (CHAIN 3).
Chain 1: Iteration:     1 / 12000 [  0%]  (Warmup)
Chain 3: 
Chain 3: Gradient evaluation took 0.000216 seconds
Chain 3: 1000 transitions using 10 leapfrog steps per transition would take 2.16 seconds.
Chain 3: Adjust your expectations accordingly!
Chain 3: 
Chain 3: 
Chain 2: Iteration:     1 / 12000 [  0%]  (Warmup)

SAMPLING FOR MODEL 'anon_model' NOW (CHAIN 4).
Chain 3: Iteration:     1 / 12000 [  0%]  (Warmup)
Chain 4: 
Chain 4: Gradient evaluation took 0.000223 seconds
Chain 4: 1000 transitions using 10 leapfrog steps per transition would take 2.23 seconds.
Chain 4: Adjust your expectations accordingly!
Chain 4: 
Chain 4: 
Chain 4: Iteration:     1 / 12000 [  0%]  (Warmup)
Chain 4: Iteration:  1200 / 12000 [ 10%]  (Warmup)
Chain 2: Iteration:  1200 / 12000 [ 10%]  (Warmup)
Chain 1: Iteration:  1200 / 12000 [ 10%]  (Warmup)
Chain 3: Iteration:  1200 / 12000 [ 10%]  (Warmup)
Chain 4: Iteration:  2400 / 12000 [ 20%]  (Warmup)
Chain 2: Iteration:  2400 / 12000 [ 20%]  (Warmup)
Chain 1: Iteration:  2400 / 12000 [ 20%]  (Warmup)
Chain 3: Iteration:  2400 / 12000 [ 20%]  (Warmup)
Chain 4: Iteration:  3600 / 12000 [ 30%]  (Warmup)
Chain 2: Iteration:  3600 / 12000 [ 30%]  (Warmup)
Chain 1: Iteration:  3600 / 12000 [ 30%]  (Warmup)
Chain 3: Iteration:  3600 / 12000 [ 30%]  (Warmup)
Chain 4: Iteration:  4800 / 12000 [ 40%]  (Warmup)
Chain 2: Iteration:  4800 / 12000 [ 40%]  (Warmup)
Chain 3: Iteration:  4800 / 12000 [ 40%]  (Warmup)
Chain 1: Iteration:  4800 / 12000 [ 40%]  (Warmup)
Chain 2: Iteration:  6000 / 12000 [ 50%]  (Warmup)
Chain 2: Iteration:  6001 / 12000 [ 50%]  (Sampling)
Chain 4: Iteration:  6000 / 12000 [ 50%]  (Warmup)
Chain 4: Iteration:  6001 / 12000 [ 50%]  (Sampling)
Chain 3: Iteration:  6000 / 12000 [ 50%]  (Warmup)
Chain 3: Iteration:  6001 / 12000 [ 50%]  (Sampling)
Chain 1: Iteration:  6000 / 12000 [ 50%]  (Warmup)
Chain 1: Iteration:  6001 / 12000 [ 50%]  (Sampling)
Chain 2: Iteration:  7200 / 12000 [ 60%]  (Sampling)
Chain 3: Iteration:  7200 / 12000 [ 60%]  (Sampling)
Chain 2: Iteration:  8400 / 12000 [ 70%]  (Sampling)
Chain 4: Iteration:  7200 / 12000 [ 60%]  (Sampling)
Chain 3: Iteration:  8400 / 12000 [ 70%]  (Sampling)
Chain 1: Iteration:  7200 / 12000 [ 60%]  (Sampling)
Chain 2: Iteration:  9600 / 12000 [ 80%]  (Sampling)
Chain 3: Iteration:  9600 / 12000 [ 80%]  (Sampling)
Chain 2: Iteration: 10800 / 12000 [ 90%]  (Sampling)
Chain 1: Iteration:  8400 / 12000 [ 70%]  (Sampling)
Chain 4: Iteration:  8400 / 12000 [ 70%]  (Sampling)
Chain 3: Iteration: 10800 / 12000 [ 90%]  (Sampling)
Chain 2: Iteration: 12000 / 12000 [100%]  (Sampling)
Chain 2: 
Chain 2:  Elapsed Time: 15.904 seconds (Warm-up)
Chain 2:                12.446 seconds (Sampling)
Chain 2:                28.35 seconds (Total)
Chain 2: 
Chain 3: Iteration: 12000 / 12000 [100%]  (Sampling)
Chain 3: 
Chain 3:  Elapsed Time: 16.663 seconds (Warm-up)
Chain 3:                12.372 seconds (Sampling)
Chain 3:                29.035 seconds (Total)
Chain 3: 
Chain 1: Iteration:  9600 / 12000 [ 80%]  (Sampling)
Chain 4: Iteration:  9600 / 12000 [ 80%]  (Sampling)
Chain 1: Iteration: 10800 / 12000 [ 90%]  (Sampling)
Chain 4: Iteration: 10800 / 12000 [ 90%]  (Sampling)
Chain 1: Iteration: 12000 / 12000 [100%]  (Sampling)
Chain 1: 
Chain 1:  Elapsed Time: 16.943 seconds (Warm-up)
Chain 1:                23.248 seconds (Sampling)
Chain 1:                40.191 seconds (Total)
Chain 1: 
Chain 4: Iteration: 12000 / 12000 [100%]  (Sampling)
Chain 4: 
Chain 4:  Elapsed Time: 16.217 seconds (Warm-up)
Chain 4:                25.213 seconds (Sampling)
Chain 4:                41.43 seconds (Total)
Chain 4: 
Done!
Fitting s8.json, 16/17

SAMPLING FOR MODEL 'anon_model' NOW (CHAIN 1).
Chain 1: 
Chain 1: Gradient evaluation took 0.000236 seconds
Chain 1: 1000 transitions using 10 leapfrog steps per transition would take 2.36 seconds.
Chain 1: Adjust your expectations accordingly!
Chain 1: 
Chain 1: 

SAMPLING FOR MODEL 'anon_model' NOW (CHAIN 2).
Chain 2: 
Chain 2: Gradient evaluation took 0.000228 seconds
Chain 2: 1000 transitions using 10 leapfrog steps per transition would take 2.28 seconds.
Chain 2: Adjust your expectations accordingly!
Chain 2: 
Chain 2: 

SAMPLING FOR MODEL 'anon_model' NOW (CHAIN 3).
Chain 1: Iteration:     1 / 12000 [  0%]  (Warmup)
Chain 3: 
Chain 3: Gradient evaluation took 0.000226 seconds
Chain 3: 1000 transitions using 10 leapfrog steps per transition would take 2.26 seconds.
Chain 3: Adjust your expectations accordingly!
Chain 3: 
Chain 3: 

SAMPLING FOR MODEL 'anon_model' NOW (CHAIN 4).
Chain 2: Iteration:     1 / 12000 [  0%]  (Warmup)
Chain 4: 
Chain 4: Gradient evaluation took 0.000228 seconds
Chain 4: 1000 transitions using 10 leapfrog steps per transition would take 2.28 seconds.
Chain 4: Adjust your expectations accordingly!
Chain 4: 
Chain 4: 
Chain 3: Iteration:     1 / 12000 [  0%]  (Warmup)
Chain 4: Iteration:     1 / 12000 [  0%]  (Warmup)
Chain 3: Iteration:  1200 / 12000 [ 10%]  (Warmup)
Chain 4: Iteration:  1200 / 12000 [ 10%]  (Warmup)
Chain 1: Iteration:  1200 / 12000 [ 10%]  (Warmup)
Chain 2: Iteration:  1200 / 12000 [ 10%]  (Warmup)
Chain 3: Iteration:  2400 / 12000 [ 20%]  (Warmup)
Chain 4: Iteration:  2400 / 12000 [ 20%]  (Warmup)
Chain 1: Iteration:  2400 / 12000 [ 20%]  (Warmup)
Chain 2: Iteration:  2400 / 12000 [ 20%]  (Warmup)
Chain 4: Iteration:  3600 / 12000 [ 30%]  (Warmup)
Chain 3: Iteration:  3600 / 12000 [ 30%]  (Warmup)
Chain 2: Iteration:  3600 / 12000 [ 30%]  (Warmup)
Chain 1: Iteration:  3600 / 12000 [ 30%]  (Warmup)
Chain 4: Iteration:  4800 / 12000 [ 40%]  (Warmup)
Chain 3: Iteration:  4800 / 12000 [ 40%]  (Warmup)
Chain 2: Iteration:  4800 / 12000 [ 40%]  (Warmup)
Chain 1: Iteration:  4800 / 12000 [ 40%]  (Warmup)
Chain 4: Iteration:  6000 / 12000 [ 50%]  (Warmup)
Chain 4: Iteration:  6001 / 12000 [ 50%]  (Sampling)
Chain 3: Iteration:  6000 / 12000 [ 50%]  (Warmup)
Chain 3: Iteration:  6001 / 12000 [ 50%]  (Sampling)
Chain 2: Iteration:  6000 / 12000 [ 50%]  (Warmup)
Chain 2: Iteration:  6001 / 12000 [ 50%]  (Sampling)
Chain 1: Iteration:  6000 / 12000 [ 50%]  (Warmup)
Chain 1: Iteration:  6001 / 12000 [ 50%]  (Sampling)
Chain 4: Iteration:  7200 / 12000 [ 60%]  (Sampling)
Chain 3: Iteration:  7200 / 12000 [ 60%]  (Sampling)
Chain 2: Iteration:  7200 / 12000 [ 60%]  (Sampling)
Chain 4: Iteration:  8400 / 12000 [ 70%]  (Sampling)
Chain 2: Iteration:  8400 / 12000 [ 70%]  (Sampling)
Chain 1: Iteration:  7200 / 12000 [ 60%]  (Sampling)
Chain 3: Iteration:  8400 / 12000 [ 70%]  (Sampling)
Chain 4: Iteration:  9600 / 12000 [ 80%]  (Sampling)
Chain 2: Iteration:  9600 / 12000 [ 80%]  (Sampling)
Chain 4: Iteration: 10800 / 12000 [ 90%]  (Sampling)
Chain 3: Iteration:  9600 / 12000 [ 80%]  (Sampling)
Chain 1: Iteration:  8400 / 12000 [ 70%]  (Sampling)
Chain 2: Iteration: 10800 / 12000 [ 90%]  (Sampling)
Chain 4: Iteration: 12000 / 12000 [100%]  (Sampling)
Chain 4: 
Chain 4:  Elapsed Time: 16.414 seconds (Warm-up)
Chain 4:                12.983 seconds (Sampling)
Chain 4:                29.397 seconds (Total)
Chain 4: 
Chain 2: Iteration: 12000 / 12000 [100%]  (Sampling)
Chain 2: 
Chain 2:  Elapsed Time: 17.764 seconds (Warm-up)
Chain 2:                13.558 seconds (Sampling)
Chain 2:                31.322 seconds (Total)
Chain 2: 
Chain 3: Iteration: 10800 / 12000 [ 90%]  (Sampling)
Chain 1: Iteration:  9600 / 12000 [ 80%]  (Sampling)
Chain 3: Iteration: 12000 / 12000 [100%]  (Sampling)
Chain 3: 
Chain 3:  Elapsed Time: 16.593 seconds (Warm-up)
Chain 3:                18.599 seconds (Sampling)
Chain 3:                35.192 seconds (Total)
Chain 3: 
Chain 1: Iteration: 10800 / 12000 [ 90%]  (Sampling)
Chain 1: Iteration: 12000 / 12000 [100%]  (Sampling)
Chain 1: 
Chain 1:  Elapsed Time: 18.549 seconds (Warm-up)
Chain 1:                23.186 seconds (Sampling)
Chain 1:                41.735 seconds (Total)
Chain 1: 
Done!
Fitting s9.json, 17/17

SAMPLING FOR MODEL 'anon_model' NOW (CHAIN 1).

SAMPLING FOR MODEL 'anon_model' NOW (CHAIN 2).
Chain 1: 
Chain 1: Gradient evaluation took 0.000239 seconds
Chain 1: 1000 transitions using 10 leapfrog steps per transition would take 2.39 seconds.
Chain 1: Adjust your expectations accordingly!
Chain 1: 
Chain 1: 
Chain 2: 
Chain 2: Gradient evaluation took 0.000258 seconds
Chain 2: 1000 transitions using 10 leapfrog steps per transition would take 2.58 seconds.
Chain 2: Adjust your expectations accordingly!
Chain 2: 
Chain 2: 

SAMPLING FOR MODEL 'anon_model' NOW (CHAIN 3).
Chain 1: Iteration:     1 / 12000 [  0%]  (Warmup)
Chain 3: 
Chain 3: Gradient evaluation took 0.00024 seconds
Chain 3: 1000 transitions using 10 leapfrog steps per transition would take 2.4 seconds.
Chain 3: Adjust your expectations accordingly!
Chain 3: 
Chain 3: 
Chain 2: Iteration:     1 / 12000 [  0%]  (Warmup)

SAMPLING FOR MODEL 'anon_model' NOW (CHAIN 4).
Chain 4: 
Chain 4: Gradient evaluation took 0.000233 seconds
Chain 4: 1000 transitions using 10 leapfrog steps per transition would take 2.33 seconds.
Chain 4: Adjust your expectations accordingly!
Chain 4: 
Chain 4: 
Chain 3: Iteration:     1 / 12000 [  0%]  (Warmup)
Chain 4: Iteration:     1 / 12000 [  0%]  (Warmup)
Chain 4: Iteration:  1200 / 12000 [ 10%]  (Warmup)
Chain 3: Iteration:  1200 / 12000 [ 10%]  (Warmup)
Chain 1: Iteration:  1200 / 12000 [ 10%]  (Warmup)
Chain 2: Iteration:  1200 / 12000 [ 10%]  (Warmup)
Chain 4: Iteration:  2400 / 12000 [ 20%]  (Warmup)
Chain 3: Iteration:  2400 / 12000 [ 20%]  (Warmup)
Chain 2: Iteration:  2400 / 12000 [ 20%]  (Warmup)
Chain 1: Iteration:  2400 / 12000 [ 20%]  (Warmup)
Chain 4: Iteration:  3600 / 12000 [ 30%]  (Warmup)
Chain 3: Iteration:  3600 / 12000 [ 30%]  (Warmup)
Chain 1: Iteration:  3600 / 12000 [ 30%]  (Warmup)
Chain 2: Iteration:  3600 / 12000 [ 30%]  (Warmup)
Chain 4: Iteration:  4800 / 12000 [ 40%]  (Warmup)
Chain 3: Iteration:  4800 / 12000 [ 40%]  (Warmup)
Chain 1: Iteration:  4800 / 12000 [ 40%]  (Warmup)
Chain 2: Iteration:  4800 / 12000 [ 40%]  (Warmup)
Chain 4: Iteration:  6000 / 12000 [ 50%]  (Warmup)
Chain 4: Iteration:  6001 / 12000 [ 50%]  (Sampling)
Chain 3: Iteration:  6000 / 12000 [ 50%]  (Warmup)
Chain 3: Iteration:  6001 / 12000 [ 50%]  (Sampling)
Chain 1: Iteration:  6000 / 12000 [ 50%]  (Warmup)
Chain 1: Iteration:  6001 / 12000 [ 50%]  (Sampling)
Chain 2: Iteration:  6000 / 12000 [ 50%]  (Warmup)
Chain 2: Iteration:  6001 / 12000 [ 50%]  (Sampling)
Chain 4: Iteration:  7200 / 12000 [ 60%]  (Sampling)
Chain 3: Iteration:  7200 / 12000 [ 60%]  (Sampling)
Chain 2: Iteration:  7200 / 12000 [ 60%]  (Sampling)
Chain 1: Iteration:  7200 / 12000 [ 60%]  (Sampling)
Chain 4: Iteration:  8400 / 12000 [ 70%]  (Sampling)
Chain 2: Iteration:  8400 / 12000 [ 70%]  (Sampling)
Chain 3: Iteration:  8400 / 12000 [ 70%]  (Sampling)
Chain 4: Iteration:  9600 / 12000 [ 80%]  (Sampling)
Chain 2: Iteration:  9600 / 12000 [ 80%]  (Sampling)
Chain 3: Iteration:  9600 / 12000 [ 80%]  (Sampling)
Chain 1: Iteration:  8400 / 12000 [ 70%]  (Sampling)
Chain 4: Iteration: 10800 / 12000 [ 90%]  (Sampling)
Chain 2: Iteration: 10800 / 12000 [ 90%]  (Sampling)
Chain 3: Iteration: 10800 / 12000 [ 90%]  (Sampling)
Chain 2: Iteration: 12000 / 12000 [100%]  (Sampling)
Chain 2: 
Chain 2:  Elapsed Time: 16.698 seconds (Warm-up)
Chain 2:                12.97 seconds (Sampling)
Chain 2:                29.668 seconds (Total)
Chain 2: 
Chain 4: Iteration: 12000 / 12000 [100%]  (Sampling)
Chain 4: 
Chain 4:  Elapsed Time: 16.032 seconds (Warm-up)
Chain 4:                13.653 seconds (Sampling)
Chain 4:                29.685 seconds (Total)
Chain 4: 
Chain 3: Iteration: 12000 / 12000 [100%]  (Sampling)
Chain 3: 
Chain 3:  Elapsed Time: 16.503 seconds (Warm-up)
Chain 3:                13.915 seconds (Sampling)
Chain 3:                30.418 seconds (Total)
Chain 3: 
Chain 1: Iteration:  9600 / 12000 [ 80%]  (Sampling)
Chain 1: Iteration: 10800 / 12000 [ 90%]  (Sampling)
Chain 1: Iteration: 12000 / 12000 [100%]  (Sampling)
Chain 1: 
Chain 1:  Elapsed Time: 16.666 seconds (Warm-up)
Chain 1:                23.101 seconds (Sampling)
Chain 1:                39.767 seconds (Total)
Chain 1: 
Done!
Assumed model: m1 (model_index = 1 )
Fitting s0.json, 1/17

SAMPLING FOR MODEL 'anon_model' NOW (CHAIN 1).
Chain 1: 
Chain 1: Gradient evaluation took 0.000252 seconds
Chain 1: 1000 transitions using 10 leapfrog steps per transition would take 2.52 seconds.
Chain 1: Adjust your expectations accordingly!
Chain 1: 
Chain 1: 

SAMPLING FOR MODEL 'anon_model' NOW (CHAIN 2).

SAMPLING FOR MODEL 'anon_model' NOW (CHAIN 3).
Chain 1: Iteration:     1 / 12000 [  0%]  (Warmup)
Chain 2: 
Chain 2: Gradient evaluation took 0.000227 seconds
Chain 2: 1000 transitions using 10 leapfrog steps per transition would take 2.27 seconds.
Chain 2: Adjust your expectations accordingly!
Chain 2: 
Chain 2: 
Chain 3: 
Chain 3: Gradient evaluation took 0.000222 seconds
Chain 3: 1000 transitions using 10 leapfrog steps per transition would take 2.22 seconds.
Chain 3: Adjust your expectations accordingly!
Chain 3: 
Chain 3: 

SAMPLING FOR MODEL 'anon_model' NOW (CHAIN 4).
Chain 4: 
Chain 4: Gradient evaluation took 0.000215 seconds
Chain 4: 1000 transitions using 10 leapfrog steps per transition would take 2.15 seconds.
Chain 4: Adjust your expectations accordingly!
Chain 4: 
Chain 4: 
Chain 2: Iteration:     1 / 12000 [  0%]  (Warmup)
Chain 3: Iteration:     1 / 12000 [  0%]  (Warmup)
Chain 4: Iteration:     1 / 12000 [  0%]  (Warmup)
Chain 3: Iteration:  1200 / 12000 [ 10%]  (Warmup)
Chain 4: Iteration:  1200 / 12000 [ 10%]  (Warmup)
Chain 2: Iteration:  1200 / 12000 [ 10%]  (Warmup)
Chain 1: Iteration:  1200 / 12000 [ 10%]  (Warmup)
Chain 3: Iteration:  2400 / 12000 [ 20%]  (Warmup)
Chain 4: Iteration:  2400 / 12000 [ 20%]  (Warmup)
Chain 1: Iteration:  2400 / 12000 [ 20%]  (Warmup)
Chain 2: Iteration:  2400 / 12000 [ 20%]  (Warmup)
Chain 3: Iteration:  3600 / 12000 [ 30%]  (Warmup)
Chain 4: Iteration:  3600 / 12000 [ 30%]  (Warmup)
Chain 2: Iteration:  3600 / 12000 [ 30%]  (Warmup)
Chain 1: Iteration:  3600 / 12000 [ 30%]  (Warmup)
Chain 4: Iteration:  4800 / 12000 [ 40%]  (Warmup)
Chain 3: Iteration:  4800 / 12000 [ 40%]  (Warmup)
Chain 2: Iteration:  4800 / 12000 [ 40%]  (Warmup)
Chain 1: Iteration:  4800 / 12000 [ 40%]  (Warmup)
Chain 3: Iteration:  6000 / 12000 [ 50%]  (Warmup)
Chain 3: Iteration:  6001 / 12000 [ 50%]  (Sampling)
Chain 4: Iteration:  6000 / 12000 [ 50%]  (Warmup)
Chain 4: Iteration:  6001 / 12000 [ 50%]  (Sampling)
Chain 2: Iteration:  6000 / 12000 [ 50%]  (Warmup)
Chain 2: Iteration:  6001 / 12000 [ 50%]  (Sampling)
Chain 1: Iteration:  6000 / 12000 [ 50%]  (Warmup)
Chain 1: Iteration:  6001 / 12000 [ 50%]  (Sampling)
Chain 3: Iteration:  7200 / 12000 [ 60%]  (Sampling)
Chain 2: Iteration:  7200 / 12000 [ 60%]  (Sampling)
Chain 4: Iteration:  7200 / 12000 [ 60%]  (Sampling)
Chain 3: Iteration:  8400 / 12000 [ 70%]  (Sampling)
Chain 2: Iteration:  8400 / 12000 [ 70%]  (Sampling)
Chain 1: Iteration:  7200 / 12000 [ 60%]  (Sampling)
Chain 2: Iteration:  9600 / 12000 [ 80%]  (Sampling)
Chain 3: Iteration:  9600 / 12000 [ 80%]  (Sampling)
Chain 4: Iteration:  8400 / 12000 [ 70%]  (Sampling)
Chain 2: Iteration: 10800 / 12000 [ 90%]  (Sampling)
Chain 1: Iteration:  8400 / 12000 [ 70%]  (Sampling)
Chain 3: Iteration: 10800 / 12000 [ 90%]  (Sampling)
Chain 2: Iteration: 12000 / 12000 [100%]  (Sampling)
Chain 2: 
Chain 2:  Elapsed Time: 17.672 seconds (Warm-up)
Chain 2:                14.273 seconds (Sampling)
Chain 2:                31.945 seconds (Total)
Chain 2: 
Chain 3: Iteration: 12000 / 12000 [100%]  (Sampling)
Chain 3: 
Chain 3:  Elapsed Time: 17.388 seconds (Warm-up)
Chain 3:                14.866 seconds (Sampling)
Chain 3:                32.254 seconds (Total)
Chain 3: 
Chain 4: Iteration:  9600 / 12000 [ 80%]  (Sampling)
Chain 1: Iteration:  9600 / 12000 [ 80%]  (Sampling)
Chain 4: Iteration: 10800 / 12000 [ 90%]  (Sampling)
Chain 1: Iteration: 10800 / 12000 [ 90%]  (Sampling)
Chain 4: Iteration: 12000 / 12000 [100%]  (Sampling)
Chain 4: 
Chain 4:  Elapsed Time: 17.521 seconds (Warm-up)
Chain 4:                26.279 seconds (Sampling)
Chain 4:                43.8 seconds (Total)
Chain 4: 
Chain 1: Iteration: 12000 / 12000 [100%]  (Sampling)
Chain 1: 
Chain 1:  Elapsed Time: 18.18 seconds (Warm-up)
Chain 1:                27.551 seconds (Sampling)
Chain 1:                45.731 seconds (Total)
Chain 1: 
Done!
Fitting s1.json, 2/17

SAMPLING FOR MODEL 'anon_model' NOW (CHAIN 1).
Chain 1: 
Chain 1: Gradient evaluation took 0.000249 seconds
Chain 1: 1000 transitions using 10 leapfrog steps per transition would take 2.49 seconds.
Chain 1: Adjust your expectations accordingly!
Chain 1: 
Chain 1: 

SAMPLING FOR MODEL 'anon_model' NOW (CHAIN 2).
Chain 2: 
Chain 2: Gradient evaluation took 0.000224 seconds
Chain 2: 1000 transitions using 10 leapfrog steps per transition would take 2.24 seconds.
Chain 2: Adjust your expectations accordingly!
Chain 2: 
Chain 2: 

SAMPLING FOR MODEL 'anon_model' NOW (CHAIN 3).
Chain 3: 
Chain 3: Gradient evaluation took 0.000236 seconds
Chain 3: 1000 transitions using 10 leapfrog steps per transition would take 2.36 seconds.
Chain 3: Adjust your expectations accordingly!
Chain 3: 
Chain 3: 

SAMPLING FOR MODEL 'anon_model' NOW (CHAIN 4).
Chain 4: 
Chain 4: Gradient evaluation took 0.000214 seconds
Chain 4: 1000 transitions using 10 leapfrog steps per transition would take 2.14 seconds.
Chain 4: Adjust your expectations accordingly!
Chain 4: 
Chain 4: 
Chain 1: Iteration:     1 / 12000 [  0%]  (Warmup)
Chain 2: Iteration:     1 / 12000 [  0%]  (Warmup)
Chain 3: Iteration:     1 / 12000 [  0%]  (Warmup)
Chain 4: Iteration:     1 / 12000 [  0%]  (Warmup)
Chain 4: Iteration:  1200 / 12000 [ 10%]  (Warmup)
Chain 3: Iteration:  1200 / 12000 [ 10%]  (Warmup)
Chain 2: Iteration:  1200 / 12000 [ 10%]  (Warmup)
Chain 1: Iteration:  1200 / 12000 [ 10%]  (Warmup)
Chain 4: Iteration:  2400 / 12000 [ 20%]  (Warmup)
Chain 3: Iteration:  2400 / 12000 [ 20%]  (Warmup)
Chain 2: Iteration:  2400 / 12000 [ 20%]  (Warmup)
Chain 1: Iteration:  2400 / 12000 [ 20%]  (Warmup)
Chain 3: Iteration:  3600 / 12000 [ 30%]  (Warmup)
Chain 4: Iteration:  3600 / 12000 [ 30%]  (Warmup)
Chain 2: Iteration:  3600 / 12000 [ 30%]  (Warmup)
Chain 1: Iteration:  3600 / 12000 [ 30%]  (Warmup)
Chain 3: Iteration:  4800 / 12000 [ 40%]  (Warmup)
Chain 2: Iteration:  4800 / 12000 [ 40%]  (Warmup)
Chain 4: Iteration:  4800 / 12000 [ 40%]  (Warmup)
Chain 1: Iteration:  4800 / 12000 [ 40%]  (Warmup)
Chain 3: Iteration:  6000 / 12000 [ 50%]  (Warmup)
Chain 3: Iteration:  6001 / 12000 [ 50%]  (Sampling)
Chain 4: Iteration:  6000 / 12000 [ 50%]  (Warmup)
Chain 4: Iteration:  6001 / 12000 [ 50%]  (Sampling)
Chain 2: Iteration:  6000 / 12000 [ 50%]  (Warmup)
Chain 2: Iteration:  6001 / 12000 [ 50%]  (Sampling)
Chain 1: Iteration:  6000 / 12000 [ 50%]  (Warmup)
Chain 1: Iteration:  6001 / 12000 [ 50%]  (Sampling)
Chain 3: Iteration:  7200 / 12000 [ 60%]  (Sampling)
Chain 1: Iteration:  7200 / 12000 [ 60%]  (Sampling)
Chain 4: Iteration:  7200 / 12000 [ 60%]  (Sampling)
Chain 2: Iteration:  7200 / 12000 [ 60%]  (Sampling)
Chain 3: Iteration:  8400 / 12000 [ 70%]  (Sampling)
Chain 1: Iteration:  8400 / 12000 [ 70%]  (Sampling)
Chain 3: Iteration:  9600 / 12000 [ 80%]  (Sampling)
Chain 4: Iteration:  8400 / 12000 [ 70%]  (Sampling)
Chain 2: Iteration:  8400 / 12000 [ 70%]  (Sampling)
Chain 1: Iteration:  9600 / 12000 [ 80%]  (Sampling)
Chain 3: Iteration: 10800 / 12000 [ 90%]  (Sampling)
Chain 4: Iteration:  9600 / 12000 [ 80%]  (Sampling)
Chain 1: Iteration: 10800 / 12000 [ 90%]  (Sampling)
Chain 3: Iteration: 12000 / 12000 [100%]  (Sampling)
Chain 3: 
Chain 3:  Elapsed Time: 17.888 seconds (Warm-up)
Chain 3:                17.466 seconds (Sampling)
Chain 3:                35.354 seconds (Total)
Chain 3: 
Chain 2: Iteration:  9600 / 12000 [ 80%]  (Sampling)
Chain 4: Iteration: 10800 / 12000 [ 90%]  (Sampling)
Chain 1: Iteration: 12000 / 12000 [100%]  (Sampling)
Chain 1: 
Chain 1:  Elapsed Time: 19.247 seconds (Warm-up)
Chain 1:                20.176 seconds (Sampling)
Chain 1:                39.423 seconds (Total)
Chain 1: 
Chain 2: Iteration: 10800 / 12000 [ 90%]  (Sampling)
Chain 4: Iteration: 12000 / 12000 [100%]  (Sampling)
Chain 4: 
Chain 4:  Elapsed Time: 18.556 seconds (Warm-up)
Chain 4:                25.261 seconds (Sampling)
Chain 4:                43.817 seconds (Total)
Chain 4: 
Chain 2: Iteration: 12000 / 12000 [100%]  (Sampling)
Chain 2: 
Chain 2:  Elapsed Time: 18.697 seconds (Warm-up)
Chain 2:                29.444 seconds (Sampling)
Chain 2:                48.141 seconds (Total)
Chain 2: 
Done!
Fitting s10.json, 3/17

SAMPLING FOR MODEL 'anon_model' NOW (CHAIN 1).
Chain 1: 
Chain 1: Gradient evaluation took 0.000235 seconds
Chain 1: 1000 transitions using 10 leapfrog steps per transition would take 2.35 seconds.
Chain 1: Adjust your expectations accordingly!
Chain 1: 
Chain 1: 

SAMPLING FOR MODEL 'anon_model' NOW (CHAIN 2).
Chain 2: 
Chain 2: Gradient evaluation took 0.00022 seconds
Chain 2: 1000 transitions using 10 leapfrog steps per transition would take 2.2 seconds.
Chain 2: Adjust your expectations accordingly!
Chain 2: 
Chain 2: 

SAMPLING FOR MODEL 'anon_model' NOW (CHAIN 3).
Chain 1: Iteration:     1 / 12000 [  0%]  (Warmup)
Chain 3: 
Chain 3: Gradient evaluation took 0.000222 seconds
Chain 3: 1000 transitions using 10 leapfrog steps per transition would take 2.22 seconds.
Chain 3: Adjust your expectations accordingly!
Chain 3: 
Chain 3: 
Chain 2: Iteration:     1 / 12000 [  0%]  (Warmup)

SAMPLING FOR MODEL 'anon_model' NOW (CHAIN 4).
Chain 3: Iteration:     1 / 12000 [  0%]  (Warmup)
Chain 4: 
Chain 4: Gradient evaluation took 0.000217 seconds
Chain 4: 1000 transitions using 10 leapfrog steps per transition would take 2.17 seconds.
Chain 4: Adjust your expectations accordingly!
Chain 4: 
Chain 4: 
Chain 4: Iteration:     1 / 12000 [  0%]  (Warmup)
Chain 1: Iteration:  1200 / 12000 [ 10%]  (Warmup)
Chain 3: Iteration:  1200 / 12000 [ 10%]  (Warmup)
Chain 4: Iteration:  1200 / 12000 [ 10%]  (Warmup)
Chain 2: Iteration:  1200 / 12000 [ 10%]  (Warmup)
Chain 1: Iteration:  2400 / 12000 [ 20%]  (Warmup)
Chain 4: Iteration:  2400 / 12000 [ 20%]  (Warmup)
Chain 3: Iteration:  2400 / 12000 [ 20%]  (Warmup)
Chain 2: Iteration:  2400 / 12000 [ 20%]  (Warmup)
Chain 1: Iteration:  3600 / 12000 [ 30%]  (Warmup)
Chain 4: Iteration:  3600 / 12000 [ 30%]  (Warmup)
Chain 3: Iteration:  3600 / 12000 [ 30%]  (Warmup)
Chain 2: Iteration:  3600 / 12000 [ 30%]  (Warmup)
Chain 1: Iteration:  4800 / 12000 [ 40%]  (Warmup)
Chain 4: Iteration:  4800 / 12000 [ 40%]  (Warmup)
Chain 3: Iteration:  4800 / 12000 [ 40%]  (Warmup)
Chain 2: Iteration:  4800 / 12000 [ 40%]  (Warmup)
Chain 4: Iteration:  6000 / 12000 [ 50%]  (Warmup)
Chain 4: Iteration:  6001 / 12000 [ 50%]  (Sampling)
Chain 1: Iteration:  6000 / 12000 [ 50%]  (Warmup)
Chain 1: Iteration:  6001 / 12000 [ 50%]  (Sampling)
Chain 3: Iteration:  6000 / 12000 [ 50%]  (Warmup)
Chain 3: Iteration:  6001 / 12000 [ 50%]  (Sampling)
Chain 2: Iteration:  6000 / 12000 [ 50%]  (Warmup)
Chain 2: Iteration:  6001 / 12000 [ 50%]  (Sampling)
Chain 4: Iteration:  7200 / 12000 [ 60%]  (Sampling)
Chain 3: Iteration:  7200 / 12000 [ 60%]  (Sampling)
Chain 1: Iteration:  7200 / 12000 [ 60%]  (Sampling)
Chain 4: Iteration:  8400 / 12000 [ 70%]  (Sampling)
Chain 2: Iteration:  7200 / 12000 [ 60%]  (Sampling)
Chain 3: Iteration:  8400 / 12000 [ 70%]  (Sampling)
Chain 4: Iteration:  9600 / 12000 [ 80%]  (Sampling)
Chain 3: Iteration:  9600 / 12000 [ 80%]  (Sampling)
Chain 1: Iteration:  8400 / 12000 [ 70%]  (Sampling)
Chain 2: Iteration:  8400 / 12000 [ 70%]  (Sampling)
Chain 4: Iteration: 10800 / 12000 [ 90%]  (Sampling)
Chain 3: Iteration: 10800 / 12000 [ 90%]  (Sampling)
Chain 4: Iteration: 12000 / 12000 [100%]  (Sampling)
Chain 4: 
Chain 4:  Elapsed Time: 23.646 seconds (Warm-up)
Chain 4:                23.311 seconds (Sampling)
Chain 4:                46.957 seconds (Total)
Chain 4: 
Chain 2: Iteration:  9600 / 12000 [ 80%]  (Sampling)
Chain 1: Iteration:  9600 / 12000 [ 80%]  (Sampling)
Chain 3: Iteration: 12000 / 12000 [100%]  (Sampling)
Chain 3: 
Chain 3:  Elapsed Time: 24.436 seconds (Warm-up)
Chain 3:                23.892 seconds (Sampling)
Chain 3:                48.328 seconds (Total)
Chain 3: 
Chain 2: Iteration: 10800 / 12000 [ 90%]  (Sampling)
Chain 1: Iteration: 10800 / 12000 [ 90%]  (Sampling)
Chain 2: Iteration: 12000 / 12000 [100%]  (Sampling)
Chain 2: 
Chain 2:  Elapsed Time: 25.964 seconds (Warm-up)
Chain 2:                35.485 seconds (Sampling)
Chain 2:                61.449 seconds (Total)
Chain 2: 
Chain 1: Iteration: 12000 / 12000 [100%]  (Sampling)
Chain 1: 
Chain 1:  Elapsed Time: 23.811 seconds (Warm-up)
Chain 1:                39.268 seconds (Sampling)
Chain 1:                63.079 seconds (Total)
Chain 1: 
Done!
Fitting s11.json, 4/17

SAMPLING FOR MODEL 'anon_model' NOW (CHAIN 1).

SAMPLING FOR MODEL 'anon_model' NOW (CHAIN 2).

SAMPLING FOR MODEL 'anon_model' NOW (CHAIN 3).

SAMPLING FOR MODEL 'anon_model' NOW (CHAIN 4).
Chain 1: 
Chain 1: Gradient evaluation took 0.000273 seconds
Chain 1: 1000 transitions using 10 leapfrog steps per transition would take 2.73 seconds.
Chain 1: Adjust your expectations accordingly!
Chain 1: 
Chain 1: 
Chain 3: 
Chain 3: Gradient evaluation took 0.000233 seconds
Chain 3: 1000 transitions using 10 leapfrog steps per transition would take 2.33 seconds.
Chain 3: Adjust your expectations accordingly!
Chain 3: 
Chain 3: 
Chain 2: 
Chain 2: Gradient evaluation took 0.000295 seconds
Chain 2: 1000 transitions using 10 leapfrog steps per transition would take 2.95 seconds.
Chain 2: Adjust your expectations accordingly!
Chain 2: 
Chain 2: 
Chain 1: Iteration:     1 / 12000 [  0%]  (Warmup)
Chain 3: Iteration:     1 / 12000 [  0%]  (Warmup)
Chain 2: Iteration:     1 / 12000 [  0%]  (Warmup)
Chain 4: 
Chain 4: Gradient evaluation took 0.00027 seconds
Chain 4: 1000 transitions using 10 leapfrog steps per transition would take 2.7 seconds.
Chain 4: Adjust your expectations accordingly!
Chain 4: 
Chain 4: 
Chain 4: Iteration:     1 / 12000 [  0%]  (Warmup)
Chain 1: Iteration:  1200 / 12000 [ 10%]  (Warmup)
Chain 2: Iteration:  1200 / 12000 [ 10%]  (Warmup)
Chain 3: Iteration:  1200 / 12000 [ 10%]  (Warmup)
Chain 4: Iteration:  1200 / 12000 [ 10%]  (Warmup)
Chain 2: Iteration:  2400 / 12000 [ 20%]  (Warmup)
Chain 1: Iteration:  2400 / 12000 [ 20%]  (Warmup)
Chain 3: Iteration:  2400 / 12000 [ 20%]  (Warmup)
Chain 4: Iteration:  2400 / 12000 [ 20%]  (Warmup)
Chain 3: Iteration:  3600 / 12000 [ 30%]  (Warmup)
Chain 2: Iteration:  3600 / 12000 [ 30%]  (Warmup)
Chain 1: Iteration:  3600 / 12000 [ 30%]  (Warmup)
Chain 4: Iteration:  3600 / 12000 [ 30%]  (Warmup)
Chain 3: Iteration:  4800 / 12000 [ 40%]  (Warmup)
Chain 1: Iteration:  4800 / 12000 [ 40%]  (Warmup)
Chain 2: Iteration:  4800 / 12000 [ 40%]  (Warmup)
Chain 4: Iteration:  4800 / 12000 [ 40%]  (Warmup)
Chain 3: Iteration:  6000 / 12000 [ 50%]  (Warmup)
Chain 3: Iteration:  6001 / 12000 [ 50%]  (Sampling)
Chain 1: Iteration:  6000 / 12000 [ 50%]  (Warmup)
Chain 1: Iteration:  6001 / 12000 [ 50%]  (Sampling)
Chain 2: Iteration:  6000 / 12000 [ 50%]  (Warmup)
Chain 2: Iteration:  6001 / 12000 [ 50%]  (Sampling)
Chain 4: Iteration:  6000 / 12000 [ 50%]  (Warmup)
Chain 4: Iteration:  6001 / 12000 [ 50%]  (Sampling)
Chain 2: Iteration:  7200 / 12000 [ 60%]  (Sampling)
Chain 3: Iteration:  7200 / 12000 [ 60%]  (Sampling)
Chain 1: Iteration:  7200 / 12000 [ 60%]  (Sampling)
Chain 2: Iteration:  8400 / 12000 [ 70%]  (Sampling)
Chain 4: Iteration:  7200 / 12000 [ 60%]  (Sampling)
Chain 3: Iteration:  8400 / 12000 [ 70%]  (Sampling)
Chain 1: Iteration:  8400 / 12000 [ 70%]  (Sampling)
Chain 2: Iteration:  9600 / 12000 [ 80%]  (Sampling)
Chain 3: Iteration:  9600 / 12000 [ 80%]  (Sampling)
Chain 4: Iteration:  8400 / 12000 [ 70%]  (Sampling)
Chain 2: Iteration: 10800 / 12000 [ 90%]  (Sampling)
Chain 1: Iteration:  9600 / 12000 [ 80%]  (Sampling)
Chain 3: Iteration: 10800 / 12000 [ 90%]  (Sampling)
Chain 2: Iteration: 12000 / 12000 [100%]  (Sampling)
Chain 2: 
Chain 2:  Elapsed Time: 20.015 seconds (Warm-up)
Chain 2:                16.175 seconds (Sampling)
Chain 2:                36.19 seconds (Total)
Chain 2: 
Chain 4: Iteration:  9600 / 12000 [ 80%]  (Sampling)
Chain 1: Iteration: 10800 / 12000 [ 90%]  (Sampling)
Chain 3: Iteration: 12000 / 12000 [100%]  (Sampling)
Chain 3: 
Chain 3:  Elapsed Time: 19.472 seconds (Warm-up)
Chain 3:                20.256 seconds (Sampling)
Chain 3:                39.728 seconds (Total)
Chain 3: 
Chain 1: Iteration: 12000 / 12000 [100%]  (Sampling)
Chain 1: 
Chain 1:  Elapsed Time: 19.828 seconds (Warm-up)
Chain 1:                24.438 seconds (Sampling)
Chain 1:                44.266 seconds (Total)
Chain 1: 
Chain 4: Iteration: 10800 / 12000 [ 90%]  (Sampling)
Chain 4: Iteration: 12000 / 12000 [100%]  (Sampling)
Chain 4: 
Chain 4:  Elapsed Time: 20.335 seconds (Warm-up)
Chain 4:                29.96 seconds (Sampling)
Chain 4:                50.295 seconds (Total)
Chain 4: 
Done!
Fitting s12.json, 5/17

SAMPLING FOR MODEL 'anon_model' NOW (CHAIN 1).
Chain 1: 
Chain 1: Gradient evaluation took 0.000236 seconds
Chain 1: 1000 transitions using 10 leapfrog steps per transition would take 2.36 seconds.
Chain 1: Adjust your expectations accordingly!
Chain 1: 
Chain 1: 

SAMPLING FOR MODEL 'anon_model' NOW (CHAIN 2).

SAMPLING FOR MODEL 'anon_model' NOW (CHAIN 3).
Chain 2: 
Chain 2: Gradient evaluation took 0.000226 seconds
Chain 2: 1000 transitions using 10 leapfrog steps per transition would take 2.26 seconds.
Chain 2: Adjust your expectations accordingly!
Chain 2: 
Chain 2: 
Chain 1: Iteration:     1 / 12000 [  0%]  (Warmup)
Chain 3: 
Chain 3: Gradient evaluation took 0.000222 seconds
Chain 3: 1000 transitions using 10 leapfrog steps per transition would take 2.22 seconds.
Chain 3: Adjust your expectations accordingly!
Chain 3: 
Chain 3: 

SAMPLING FOR MODEL 'anon_model' NOW (CHAIN 4).
Chain 2: Iteration:     1 / 12000 [  0%]  (Warmup)
Chain 4: 
Chain 4: Gradient evaluation took 0.00022 seconds
Chain 4: 1000 transitions using 10 leapfrog steps per transition would take 2.2 seconds.
Chain 4: Adjust your expectations accordingly!
Chain 4: 
Chain 4: 
Chain 3: Iteration:     1 / 12000 [  0%]  (Warmup)
Chain 4: Iteration:     1 / 12000 [  0%]  (Warmup)
Chain 3: Iteration:  1200 / 12000 [ 10%]  (Warmup)
Chain 4: Iteration:  1200 / 12000 [ 10%]  (Warmup)
Chain 2: Iteration:  1200 / 12000 [ 10%]  (Warmup)
Chain 1: Iteration:  1200 / 12000 [ 10%]  (Warmup)
Chain 3: Iteration:  2400 / 12000 [ 20%]  (Warmup)
Chain 2: Iteration:  2400 / 12000 [ 20%]  (Warmup)
Chain 4: Iteration:  2400 / 12000 [ 20%]  (Warmup)
Chain 1: Iteration:  2400 / 12000 [ 20%]  (Warmup)
Chain 3: Iteration:  3600 / 12000 [ 30%]  (Warmup)
Chain 2: Iteration:  3600 / 12000 [ 30%]  (Warmup)
Chain 4: Iteration:  3600 / 12000 [ 30%]  (Warmup)
Chain 1: Iteration:  3600 / 12000 [ 30%]  (Warmup)
Chain 3: Iteration:  4800 / 12000 [ 40%]  (Warmup)
Chain 2: Iteration:  4800 / 12000 [ 40%]  (Warmup)
Chain 1: Iteration:  4800 / 12000 [ 40%]  (Warmup)
Chain 4: Iteration:  4800 / 12000 [ 40%]  (Warmup)
Chain 3: Iteration:  6000 / 12000 [ 50%]  (Warmup)
Chain 3: Iteration:  6001 / 12000 [ 50%]  (Sampling)
Chain 1: Iteration:  6000 / 12000 [ 50%]  (Warmup)
Chain 1: Iteration:  6001 / 12000 [ 50%]  (Sampling)
Chain 4: Iteration:  6000 / 12000 [ 50%]  (Warmup)
Chain 4: Iteration:  6001 / 12000 [ 50%]  (Sampling)
Chain 2: Iteration:  6000 / 12000 [ 50%]  (Warmup)
Chain 2: Iteration:  6001 / 12000 [ 50%]  (Sampling)
Chain 1: Iteration:  7200 / 12000 [ 60%]  (Sampling)
Chain 4: Iteration:  7200 / 12000 [ 60%]  (Sampling)
Chain 3: Iteration:  7200 / 12000 [ 60%]  (Sampling)
Chain 2: Iteration:  7200 / 12000 [ 60%]  (Sampling)
Chain 1: Iteration:  8400 / 12000 [ 70%]  (Sampling)
Chain 4: Iteration:  8400 / 12000 [ 70%]  (Sampling)
Chain 1: Iteration:  9600 / 12000 [ 80%]  (Sampling)
Chain 4: Iteration:  9600 / 12000 [ 80%]  (Sampling)
Chain 3: Iteration:  8400 / 12000 [ 70%]  (Sampling)
Chain 2: Iteration:  8400 / 12000 [ 70%]  (Sampling)
Chain 1: Iteration: 10800 / 12000 [ 90%]  (Sampling)
Chain 4: Iteration: 10800 / 12000 [ 90%]  (Sampling)
Chain 3: Iteration:  9600 / 12000 [ 80%]  (Sampling)
Chain 1: Iteration: 12000 / 12000 [100%]  (Sampling)
Chain 1: 
Chain 1:  Elapsed Time: 24.881 seconds (Warm-up)
Chain 1:                24.068 seconds (Sampling)
Chain 1:                48.949 seconds (Total)
Chain 1: 
Chain 4: Iteration: 12000 / 12000 [100%]  (Sampling)
Chain 4: 
Chain 4:  Elapsed Time: 25.168 seconds (Warm-up)
Chain 4:                24.084 seconds (Sampling)
Chain 4:                49.252 seconds (Total)
Chain 4: 
Chain 2: Iteration:  9600 / 12000 [ 80%]  (Sampling)
Chain 3: Iteration: 10800 / 12000 [ 90%]  (Sampling)
Chain 2: Iteration: 10800 / 12000 [ 90%]  (Sampling)
Chain 3: Iteration: 12000 / 12000 [100%]  (Sampling)
Chain 3: 
Chain 3:  Elapsed Time: 24.08 seconds (Warm-up)
Chain 3:                39.678 seconds (Sampling)
Chain 3:                63.758 seconds (Total)
Chain 3: 
Chain 2: Iteration: 12000 / 12000 [100%]  (Sampling)
Chain 2: 
Chain 2:  Elapsed Time: 25.37 seconds (Warm-up)
Chain 2:                40.328 seconds (Sampling)
Chain 2:                65.698 seconds (Total)
Chain 2: 
Done!
Fitting s13.json, 6/17

SAMPLING FOR MODEL 'anon_model' NOW (CHAIN 1).
Chain 1: 
Chain 1: Gradient evaluation took 0.000247 seconds
Chain 1: 1000 transitions using 10 leapfrog steps per transition would take 2.47 seconds.
Chain 1: Adjust your expectations accordingly!
Chain 1: 
Chain 1: 

SAMPLING FOR MODEL 'anon_model' NOW (CHAIN 2).

SAMPLING FOR MODEL 'anon_model' NOW (CHAIN 3).
Chain 2: 
Chain 2: Gradient evaluation took 0.000216 seconds
Chain 1Chain : 2Iteration:     1 / 12000 [  0%]  (Warmup): 
1000 transitions using 10 leapfrog steps per transition would take 2.16 seconds.
Chain 2: Adjust your expectations accordingly!
Chain 2: 
Chain 2: 
Chain 3: 
Chain 3: Gradient evaluation took 0.00024 seconds
Chain 3: 1000 transitions using 10 leapfrog steps per transition would take 2.4 seconds.
Chain 3: Adjust your expectations accordingly!
Chain 3: 
Chain 3: 
Chain 2: Iteration:     1 / 12000 [  0%]  (Warmup)

SAMPLING FOR MODEL 'anon_model' NOW (CHAIN 4).
Chain 3: Iteration:     1 / 12000 [  0%]  (Warmup)
Chain 4: 
Chain 4: Gradient evaluation took 0.000219 seconds
Chain 4: 1000 transitions using 10 leapfrog steps per transition would take 2.19 seconds.
Chain 4: Adjust your expectations accordingly!
Chain 4: 
Chain 4: 
Chain 4: Iteration:     1 / 12000 [  0%]  (Warmup)
Chain 3: Iteration:  1200 / 12000 [ 10%]  (Warmup)
Chain 4: Iteration:  1200 / 12000 [ 10%]  (Warmup)
Chain 2: Iteration:  1200 / 12000 [ 10%]  (Warmup)
Chain 1: Iteration:  1200 / 12000 [ 10%]  (Warmup)
Chain 3: Iteration:  2400 / 12000 [ 20%]  (Warmup)
Chain 2: Iteration:  2400 / 12000 [ 20%]  (Warmup)
Chain 4: Iteration:  2400 / 12000 [ 20%]  (Warmup)
Chain 1: Iteration:  2400 / 12000 [ 20%]  (Warmup)
Chain 3: Iteration:  3600 / 12000 [ 30%]  (Warmup)
Chain 2: Iteration:  3600 / 12000 [ 30%]  (Warmup)
Chain 4: Iteration:  3600 / 12000 [ 30%]  (Warmup)
Chain 1: Iteration:  3600 / 12000 [ 30%]  (Warmup)
Chain 3: Iteration:  4800 / 12000 [ 40%]  (Warmup)
Chain 4: Iteration:  4800 / 12000 [ 40%]  (Warmup)
Chain 2: Iteration:  4800 / 12000 [ 40%]  (Warmup)
Chain 1: Iteration:  4800 / 12000 [ 40%]  (Warmup)
Chain 3: Iteration:  6000 / 12000 [ 50%]  (Warmup)
Chain 3: Iteration:  6001 / 12000 [ 50%]  (Sampling)
Chain 4: Iteration:  6000 / 12000 [ 50%]  (Warmup)
Chain 4: Iteration:  6001 / 12000 [ 50%]  (Sampling)
Chain 2: Iteration:  6000 / 12000 [ 50%]  (Warmup)
Chain 2: Iteration:  6001 / 12000 [ 50%]  (Sampling)
Chain 1: Iteration:  6000 / 12000 [ 50%]  (Warmup)
Chain 1: Iteration:  6001 / 12000 [ 50%]  (Sampling)
Chain 3: Iteration:  7200 / 12000 [ 60%]  (Sampling)
Chain 2: Iteration:  7200 / 12000 [ 60%]  (Sampling)
Chain 4: Iteration:  7200 / 12000 [ 60%]  (Sampling)
Chain 1: Iteration:  7200 / 12000 [ 60%]  (Sampling)
Chain 3: Iteration:  8400 / 12000 [ 70%]  (Sampling)
Chain 2: Iteration:  8400 / 12000 [ 70%]  (Sampling)
Chain 1: Iteration:  8400 / 12000 [ 70%]  (Sampling)
Chain 4: Iteration:  8400 / 12000 [ 70%]  (Sampling)
Chain 1: Iteration:  9600 / 12000 [ 80%]  (Sampling)
Chain 3: Iteration:  9600 / 12000 [ 80%]  (Sampling)
Chain 2: Iteration:  9600 / 12000 [ 80%]  (Sampling)
Chain 4: Iteration:  9600 / 12000 [ 80%]  (Sampling)
Chain 1: Iteration: 10800 / 12000 [ 90%]  (Sampling)
Chain 3: Iteration: 10800 / 12000 [ 90%]  (Sampling)
Chain 2: Iteration: 10800 / 12000 [ 90%]  (Sampling)
Chain 4: Iteration: 10800 / 12000 [ 90%]  (Sampling)
Chain 1: Iteration: 12000 / 12000 [100%]  (Sampling)
Chain 1: 
Chain 1:  Elapsed Time: 18.896 seconds (Warm-up)
Chain 1:                24.326 seconds (Sampling)
Chain 1:                43.222 seconds (Total)
Chain 1: 
Chain 3: Iteration: 12000 / 12000 [100%]  (Sampling)
Chain 3: 
Chain 3:  Elapsed Time: 17.342 seconds (Warm-up)
Chain 3:                27.499 seconds (Sampling)
Chain 3:                44.841 seconds (Total)
Chain 3: 
Chain 2: Iteration: 12000 / 12000 [100%]  (Sampling)
Chain 2: 
Chain 2:  Elapsed Time: 17.666 seconds (Warm-up)
Chain 2:                27.386 seconds (Sampling)
Chain 2:                45.052 seconds (Total)
Chain 2: 
Chain 4: Iteration: 12000 / 12000 [100%]  (Sampling)
Chain 4: 
Chain 4:  Elapsed Time: 17.653 seconds (Warm-up)
Chain 4:                27.89 seconds (Sampling)
Chain 4:                45.543 seconds (Total)
Chain 4: 
Done!
Fitting s14.json, 7/17

SAMPLING FOR MODEL 'anon_model' NOW (CHAIN 1).

SAMPLING FOR MODEL 'anon_model' NOW (CHAIN 2).
Chain 1: 
Chain 1: Gradient evaluation took 0.000271 seconds
Chain 1: 1000 transitions using 10 leapfrog steps per transition would take 2.71 seconds.
Chain 1: Adjust your expectations accordingly!
Chain 1: 
Chain 1: 
Chain 2: 
Chain 2: Gradient evaluation took 0.000233 seconds
Chain 2: 1000 transitions using 10 leapfrog steps per transition would take 2.33 seconds.
Chain 2: Adjust your expectations accordingly!
Chain 2: 
Chain 2: 

SAMPLING FOR MODEL 'anon_model' NOW (CHAIN 3).
Chain 1: Iteration:     1 / 12000 [  0%]  (Warmup)
Chain 3: 
Chain 3: Gradient evaluation took 0.000243 seconds
Chain 3: 1000 transitions using 10 leapfrog steps per transition would take 2.43 seconds.
Chain 3: Adjust your expectations accordingly!
Chain 3: 
Chain 3: 
Chain 2: Iteration:     1 / 12000 [  0%]  (Warmup)

SAMPLING FOR MODEL 'anon_model' NOW (CHAIN 4).
Chain 4: 
Chain 4: Gradient evaluation took 0.00022 seconds
Chain 4: 1000 transitions using 10 leapfrog steps per transition would take 2.2 seconds.
Chain 4: Adjust your expectations accordingly!
Chain 4: 
Chain 4: 
Chain 3: Iteration:     1 / 12000 [  0%]  (Warmup)
Chain 4: Iteration:     1 / 12000 [  0%]  (Warmup)
Chain 2: Iteration:  1200 / 12000 [ 10%]  (Warmup)
Chain 4: Iteration:  1200 / 12000 [ 10%]  (Warmup)
Chain 1: Iteration:  1200 / 12000 [ 10%]  (Warmup)
Chain 3: Iteration:  1200 / 12000 [ 10%]  (Warmup)
Chain 2: Iteration:  2400 / 12000 [ 20%]  (Warmup)
Chain 1: Iteration:  2400 / 12000 [ 20%]  (Warmup)
Chain 4: Iteration:  2400 / 12000 [ 20%]  (Warmup)
Chain 3: Iteration:  2400 / 12000 [ 20%]  (Warmup)
Chain 2: Iteration:  3600 / 12000 [ 30%]  (Warmup)
Chain 1: Iteration:  3600 / 12000 [ 30%]  (Warmup)
Chain 4: Iteration:  3600 / 12000 [ 30%]  (Warmup)
Chain 3: Iteration:  3600 / 12000 [ 30%]  (Warmup)
Chain 2: Iteration:  4800 / 12000 [ 40%]  (Warmup)
Chain 1: Iteration:  4800 / 12000 [ 40%]  (Warmup)
Chain 4: Iteration:  4800 / 12000 [ 40%]  (Warmup)
Chain 3: Iteration:  4800 / 12000 [ 40%]  (Warmup)
Chain 2: Iteration:  6000 / 12000 [ 50%]  (Warmup)
Chain 2: Iteration:  6001 / 12000 [ 50%]  (Sampling)
Chain 1: Iteration:  6000 / 12000 [ 50%]  (Warmup)
Chain 1: Iteration:  6001 / 12000 [ 50%]  (Sampling)
Chain 4: Iteration:  6000 / 12000 [ 50%]  (Warmup)
Chain 4: Iteration:  6001 / 12000 [ 50%]  (Sampling)
Chain 3: Iteration:  6000 / 12000 [ 50%]  (Warmup)
Chain 3: Iteration:  6001 / 12000 [ 50%]  (Sampling)
Chain 1: Iteration:  7200 / 12000 [ 60%]  (Sampling)
Chain 4: Iteration:  7200 / 12000 [ 60%]  (Sampling)
Chain 1: Iteration:  8400 / 12000 [ 70%]  (Sampling)
Chain 2: Iteration:  7200 / 12000 [ 60%]  (Sampling)
Chain 3: Iteration:  7200 / 12000 [ 60%]  (Sampling)
Chain 1: Iteration:  9600 / 12000 [ 80%]  (Sampling)
Chain 4: Iteration:  8400 / 12000 [ 70%]  (Sampling)
Chain 1: Iteration: 10800 / 12000 [ 90%]  (Sampling)
Chain 3: Iteration:  8400 / 12000 [ 70%]  (Sampling)
Chain 2: Iteration:  8400 / 12000 [ 70%]  (Sampling)
Chain 1: Iteration: 12000 / 12000 [100%]  (Sampling)
Chain 1: 
Chain 1:  Elapsed Time: 18.106 seconds (Warm-up)
Chain 1:                13.783 seconds (Sampling)
Chain 1:                31.889 seconds (Total)
Chain 1: 
Chain 4: Iteration:  9600 / 12000 [ 80%]  (Sampling)
Chain 3: Iteration:  9600 / 12000 [ 80%]  (Sampling)
Chain 2: Iteration:  9600 / 12000 [ 80%]  (Sampling)
Chain 4: Iteration: 10800 / 12000 [ 90%]  (Sampling)
Chain 3: Iteration: 10800 / 12000 [ 90%]  (Sampling)
Chain 2: Iteration: 10800 / 12000 [ 90%]  (Sampling)
Chain 4: Iteration: 12000 / 12000 [100%]  (Sampling)
Chain 4: 
Chain 4:  Elapsed Time: 18.155 seconds (Warm-up)
Chain 4:                27.334 seconds (Sampling)
Chain 4:                45.489 seconds (Total)
Chain 4: 
Chain 3: Iteration: 12000 / 12000 [100%]  (Sampling)
Chain 3: 
Chain 3:  Elapsed Time: 18.696 seconds (Warm-up)
Chain 3:                27.02 seconds (Sampling)
Chain 3:                45.716 seconds (Total)
Chain 3: 
Chain 2: Iteration: 12000 / 12000 [100%]  (Sampling)
Chain 2: 
Chain 2:  Elapsed Time: 17.956 seconds (Warm-up)
Chain 2:                29.215 seconds (Sampling)
Chain 2:                47.171 seconds (Total)
Chain 2: 
Done!
Fitting s15.json, 8/17

SAMPLING FOR MODEL 'anon_model' NOW (CHAIN 1).
Chain 1: 
Chain 1: Gradient evaluation took 0.000235 seconds
Chain 1: 1000 transitions using 10 leapfrog steps per transition would take 2.35 seconds.
Chain 1: Adjust your expectations accordingly!
Chain 1: 
Chain 1: 

SAMPLING FOR MODEL 'anon_model' NOW (CHAIN 2).
Chain 2: 
Chain 2: Gradient evaluation took 0.000222 seconds
Chain 2: 1000 transitions using 10 leapfrog steps per transition would take 2.22 seconds.
Chain 2: Adjust your expectations accordingly!
Chain 2: 
Chain 2: 

SAMPLING FOR MODEL 'anon_model' NOW (CHAIN 3).
Chain 1: Iteration:     1 / 12000 [  0%]  (Warmup)
Chain 3: 
Chain 3: Gradient evaluation took 0.000223 seconds
Chain 3: 1000 transitions using 10 leapfrog steps per transition would take 2.23 seconds.
Chain 3: Adjust your expectations accordingly!
Chain 3: 
Chain 3: 

SAMPLING FOR MODEL 'anon_model' NOW (CHAIN 4).
Chain 2: Iteration:     1 / 12000 [  0%]  (Warmup)
Chain 4: 
Chain 4: Gradient evaluation took 0.000204 seconds
Chain 4: 1000 transitions using 10 leapfrog steps per transition would take 2.04 seconds.
Chain 4: Adjust your expectations accordingly!
Chain 4: 
Chain 4: 
Chain 3: Iteration:     1 / 12000 [  0%]  (Warmup)
Chain 4: Iteration:     1 / 12000 [  0%]  (Warmup)
Chain 3: Iteration:  1200 / 12000 [ 10%]  (Warmup)
Chain 1: Iteration:  1200 / 12000 [ 10%]  (Warmup)
Chain 4: Iteration:  1200 / 12000 [ 10%]  (Warmup)
Chain 2: Iteration:  1200 / 12000 [ 10%]  (Warmup)
Chain 3: Iteration:  2400 / 12000 [ 20%]  (Warmup)
Chain 1: Iteration:  2400 / 12000 [ 20%]  (Warmup)
Chain 2: Iteration:  2400 / 12000 [ 20%]  (Warmup)
Chain 4: Iteration:  2400 / 12000 [ 20%]  (Warmup)
Chain 3: Iteration:  3600 / 12000 [ 30%]  (Warmup)
Chain 1: Iteration:  3600 / 12000 [ 30%]  (Warmup)
Chain 4: Iteration:  3600 / 12000 [ 30%]  (Warmup)
Chain 2: Iteration:  3600 / 12000 [ 30%]  (Warmup)
Chain 3: Iteration:  4800 / 12000 [ 40%]  (Warmup)
Chain 4: Iteration:  4800 / 12000 [ 40%]  (Warmup)
Chain 1: Iteration:  4800 / 12000 [ 40%]  (Warmup)
Chain 2: Iteration:  4800 / 12000 [ 40%]  (Warmup)
Chain 3: Iteration:  6000 / 12000 [ 50%]  (Warmup)
Chain 3: Iteration:  6001 / 12000 [ 50%]  (Sampling)
Chain 4: Iteration:  6000 / 12000 [ 50%]  (Warmup)
Chain 4: Iteration:  6001 / 12000 [ 50%]  (Sampling)
Chain 2: Iteration:  6000 / 12000 [ 50%]  (Warmup)
Chain 2: Iteration:  6001 / 12000 [ 50%]  (Sampling)
Chain 1: Iteration:  6000 / 12000 [ 50%]  (Warmup)
Chain 1: Iteration:  6001 / 12000 [ 50%]  (Sampling)
Chain 4: Iteration:  7200 / 12000 [ 60%]  (Sampling)
Chain 2: Iteration:  7200 / 12000 [ 60%]  (Sampling)
Chain 3: Iteration:  7200 / 12000 [ 60%]  (Sampling)
Chain 1: Iteration:  7200 / 12000 [ 60%]  (Sampling)
Chain 4: Iteration:  8400 / 12000 [ 70%]  (Sampling)
Chain 2: Iteration:  8400 / 12000 [ 70%]  (Sampling)
Chain 4: Iteration:  9600 / 12000 [ 80%]  (Sampling)
Chain 2: Iteration:  9600 / 12000 [ 80%]  (Sampling)
Chain 3: Iteration:  8400 / 12000 [ 70%]  (Sampling)
Chain 1: Iteration:  8400 / 12000 [ 70%]  (Sampling)
Chain 4: Iteration: 10800 / 12000 [ 90%]  (Sampling)
Chain 2: Iteration: 10800 / 12000 [ 90%]  (Sampling)
Chain 4: Iteration: 12000 / 12000 [100%]  (Sampling)
Chain 4: 
Chain 4:  Elapsed Time: 20.631 seconds (Warm-up)
Chain 4:                17.739 seconds (Sampling)
Chain 4:                38.37 seconds (Total)
Chain 4: 
Chain 2: Iteration: 12000 / 12000 [100%]  (Sampling)
Chain 2: 
Chain 2:  Elapsed Time: 20.958 seconds (Warm-up)
Chain 2:                17.731 seconds (Sampling)
Chain 2:                38.689 seconds (Total)
Chain 2: 
Chain 3: Iteration:  9600 / 12000 [ 80%]  (Sampling)
Chain 1: Iteration:  9600 / 12000 [ 80%]  (Sampling)
Chain 3: Iteration: 10800 / 12000 [ 90%]  (Sampling)
Chain 1: Iteration: 10800 / 12000 [ 90%]  (Sampling)
Chain 3: Iteration: 12000 / 12000 [100%]  (Sampling)
Chain 3: 
Chain 3:  Elapsed Time: 20.545 seconds (Warm-up)
Chain 3:                30.995 seconds (Sampling)
Chain 3:                51.54 seconds (Total)
Chain 3: 
Chain 1: Iteration: 12000 / 12000 [100%]  (Sampling)
Chain 1: 
Chain 1:  Elapsed Time: 21.213 seconds (Warm-up)
Chain 1:                30.68 seconds (Sampling)
Chain 1:                51.893 seconds (Total)
Chain 1: 
Done!
Fitting s16.json, 9/17

SAMPLING FOR MODEL 'anon_model' NOW (CHAIN 1).
Chain 1: 
Chain 1: Gradient evaluation took 0.000232 seconds
Chain 1: 1000 transitions using 10 leapfrog steps per transition would take 2.32 seconds.
Chain 1: Adjust your expectations accordingly!
Chain 1: 
Chain 1: 

SAMPLING FOR MODEL 'anon_model' NOW (CHAIN 2).
Chain 2: 
Chain 2: Gradient evaluation took 0.000231 seconds
Chain 2: 1000 transitions using 10 leapfrog steps per transition would take 2.31 seconds.
Chain 2: Adjust your expectations accordingly!
Chain 2: 
Chain 2: 
Chain 1: Iteration:     1 / 12000 [  0%]  (Warmup)
Chain 2: Iteration:     1 / 12000 [  0%]  (Warmup)

SAMPLING FOR MODEL 'anon_model' NOW (CHAIN 3).
Chain 3: 
Chain 3: Gradient evaluation took 0.000232 seconds
Chain 3: 1000 transitions using 10 leapfrog steps per transition would take 2.32 seconds.
Chain 3: Adjust your expectations accordingly!
Chain 3: 
Chain 3: 

SAMPLING FOR MODEL 'anon_model' NOW (CHAIN 4).
Chain 3: Iteration:     1 / 12000 [  0%]  (Warmup)
Chain 4: 
Chain 4: Gradient evaluation took 0.000215 seconds
Chain 4: 1000 transitions using 10 leapfrog steps per transition would take 2.15 seconds.
Chain 4: Adjust your expectations accordingly!
Chain 4: 
Chain 4: 
Chain 4: Iteration:     1 / 12000 [  0%]  (Warmup)
Chain 4: Iteration:  1200 / 12000 [ 10%]  (Warmup)
Chain 3: Iteration:  1200 / 12000 [ 10%]  (Warmup)
Chain 1: Iteration:  1200 / 12000 [ 10%]  (Warmup)
Chain 2: Iteration:  1200 / 12000 [ 10%]  (Warmup)
Chain 4: Iteration:  2400 / 12000 [ 20%]  (Warmup)
Chain 1: Iteration:  2400 / 12000 [ 20%]  (Warmup)
Chain 3: Iteration:  2400 / 12000 [ 20%]  (Warmup)
Chain 2: Iteration:  2400 / 12000 [ 20%]  (Warmup)
Chain 1: Iteration:  3600 / 12000 [ 30%]  (Warmup)
Chain 3: Iteration:  3600 / 12000 [ 30%]  (Warmup)
Chain 4: Iteration:  3600 / 12000 [ 30%]  (Warmup)
Chain 2: Iteration:  3600 / 12000 [ 30%]  (Warmup)
Chain 3: Iteration:  4800 / 12000 [ 40%]  (Warmup)
Chain 1: Iteration:  4800 / 12000 [ 40%]  (Warmup)
Chain 4: Iteration:  4800 / 12000 [ 40%]  (Warmup)
Chain 2: Iteration:  4800 / 12000 [ 40%]  (Warmup)
Chain 3: Iteration:  6000 / 12000 [ 50%]  (Warmup)
Chain 3: Iteration:  6001 / 12000 [ 50%]  (Sampling)
Chain 1: Iteration:  6000 / 12000 [ 50%]  (Warmup)
Chain 1: Iteration:  6001 / 12000 [ 50%]  (Sampling)
Chain 4: Iteration:  6000 / 12000 [ 50%]  (Warmup)
Chain 4: Iteration:  6001 / 12000 [ 50%]  (Sampling)
Chain 2: Iteration:  6000 / 12000 [ 50%]  (Warmup)
Chain 2: Iteration:  6001 / 12000 [ 50%]  (Sampling)
Chain 3: Iteration:  7200 / 12000 [ 60%]  (Sampling)
Chain 1: Iteration:  7200 / 12000 [ 60%]  (Sampling)
Chain 4: Iteration:  7200 / 12000 [ 60%]  (Sampling)
Chain 3: Iteration:  8400 / 12000 [ 70%]  (Sampling)
Chain 1: Iteration:  8400 / 12000 [ 70%]  (Sampling)
Chain 4: Iteration:  8400 / 12000 [ 70%]  (Sampling)
Chain 2: Iteration:  7200 / 12000 [ 60%]  (Sampling)
Chain 3: Iteration:  9600 / 12000 [ 80%]  (Sampling)
Chain 1: Iteration:  9600 / 12000 [ 80%]  (Sampling)
Chain 4: Iteration:  9600 / 12000 [ 80%]  (Sampling)
Chain 3: Iteration: 10800 / 12000 [ 90%]  (Sampling)
Chain 1: Iteration: 10800 / 12000 [ 90%]  (Sampling)
Chain 4: Iteration: 10800 / 12000 [ 90%]  (Sampling)
Chain 2: Iteration:  8400 / 12000 [ 70%]  (Sampling)
Chain 3: Iteration: 12000 / 12000 [100%]  (Sampling)
Chain 3: 
Chain 3:  Elapsed Time: 30.115 seconds (Warm-up)
Chain 3:                25.155 seconds (Sampling)
Chain 3:                55.27 seconds (Total)
Chain 3: 
Chain 1: Iteration: 12000 / 12000 [100%]  (Sampling)
Chain 1: 
Chain 1:  Elapsed Time: 30.42 seconds (Warm-up)
Chain 1:                26.27 seconds (Sampling)
Chain 1:                56.69 seconds (Total)
Chain 1: 
Chain 4: Iteration: 12000 / 12000 [100%]  (Sampling)
Chain 4: 
Chain 4:  Elapsed Time: 30.864 seconds (Warm-up)
Chain 4:                26.342 seconds (Sampling)
Chain 4:                57.206 seconds (Total)
Chain 4: 
Chain 2: Iteration:  9600 / 12000 [ 80%]  (Sampling)
Chain 2: Iteration: 10800 / 12000 [ 90%]  (Sampling)
Chain 2: Iteration: 12000 / 12000 [100%]  (Sampling)
Chain 2: 
Chain 2:  Elapsed Time: 32.463 seconds (Warm-up)
Chain 2:                52.033 seconds (Sampling)
Chain 2:                84.496 seconds (Total)
Chain 2: 
Done!
Fitting s2.json, 10/17

SAMPLING FOR MODEL 'anon_model' NOW (CHAIN 1).
Chain 1: 
Chain 1: Gradient evaluation took 0.000222 seconds
Chain 1: 1000 transitions using 10 leapfrog steps per transition would take 2.22 seconds.
Chain 1: Adjust your expectations accordingly!
Chain 1: 
Chain 1: 

SAMPLING FOR MODEL 'anon_model' NOW (CHAIN 2).

SAMPLING FOR MODEL 'anon_model' NOW (CHAIN 3).
Chain 2: 
Chain 2: Gradient evaluation took 0.000219 seconds
Chain 2: 1000 transitions using 10 leapfrog steps per transition would take 2.19 seconds.
Chain 2: Adjust your expectations accordingly!
Chain 2: 
Chain 2: 
Chain 3: 
Chain 3: Gradient evaluation took 0.000225 seconds
Chain 3: 1000 transitions using 10 leapfrog steps per transition would take 2.25 seconds.
Chain 3: Adjust your expectations accordingly!
Chain 3: 
Chain 3: 

SAMPLING FOR MODEL 'anon_model' NOW (CHAIN 4).
Chain 4: 
Chain 4: Gradient evaluation took 0.000195 seconds
Chain 4: 1000 transitions using 10 leapfrog steps per transition would take 1.95 seconds.
Chain 4: Adjust your expectations accordingly!
Chain 4: 
Chain 4: 
Chain 1: Iteration:     1 / 12000 [  0%]  (Warmup)
Chain 2: Iteration:     1 / 12000 [  0%]  (Warmup)
Chain 3: Iteration:     1 / 12000 [  0%]  (Warmup)
Chain 4: Iteration:     1 / 12000 [  0%]  (Warmup)
Chain 3: Iteration:  1200 / 12000 [ 10%]  (Warmup)
Chain 4: Iteration:  1200 / 12000 [ 10%]  (Warmup)
Chain 2: Iteration:  1200 / 12000 [ 10%]  (Warmup)
Chain 1: Iteration:  1200 / 12000 [ 10%]  (Warmup)
Chain 4: Iteration:  2400 / 12000 [ 20%]  (Warmup)
Chain 2: Iteration:  2400 / 12000 [ 20%]  (Warmup)
Chain 1: Iteration:  2400 / 12000 [ 20%]  (Warmup)
Chain 3: Iteration:  2400 / 12000 [ 20%]  (Warmup)
Chain 4: Iteration:  3600 / 12000 [ 30%]  (Warmup)
Chain 2: Iteration:  3600 / 12000 [ 30%]  (Warmup)
Chain 3: Iteration:  3600 / 12000 [ 30%]  (Warmup)
Chain 1: Iteration:  3600 / 12000 [ 30%]  (Warmup)
Chain 4: Iteration:  4800 / 12000 [ 40%]  (Warmup)
Chain 2: Iteration:  4800 / 12000 [ 40%]  (Warmup)
Chain 3: Iteration:  4800 / 12000 [ 40%]  (Warmup)
Chain 1: Iteration:  4800 / 12000 [ 40%]  (Warmup)
Chain 3: Iteration:  6000 / 12000 [ 50%]  (Warmup)
Chain 3: Iteration:  6001 / 12000 [ 50%]  (Sampling)
Chain 4: Iteration:  6000 / 12000 [ 50%]  (Warmup)
Chain 4: Iteration:  6001 / 12000 [ 50%]  (Sampling)
Chain 2: Iteration:  6000 / 12000 [ 50%]  (Warmup)
Chain 2: Iteration:  6001 / 12000 [ 50%]  (Sampling)
Chain 1: Iteration:  6000 / 12000 [ 50%]  (Warmup)
Chain 1: Iteration:  6001 / 12000 [ 50%]  (Sampling)
Chain 3: Iteration:  7200 / 12000 [ 60%]  (Sampling)
Chain 2: Iteration:  7200 / 12000 [ 60%]  (Sampling)
Chain 4: Iteration:  7200 / 12000 [ 60%]  (Sampling)
Chain 1: Iteration:  7200 / 12000 [ 60%]  (Sampling)
Chain 3: Iteration:  8400 / 12000 [ 70%]  (Sampling)
Chain 2: Iteration:  8400 / 12000 [ 70%]  (Sampling)
Chain 4: Iteration:  8400 / 12000 [ 70%]  (Sampling)
Chain 3: Iteration:  9600 / 12000 [ 80%]  (Sampling)
Chain 1: Iteration:  8400 / 12000 [ 70%]  (Sampling)
Chain 3: Iteration: 10800 / 12000 [ 90%]  (Sampling)
Chain 2: Iteration:  9600 / 12000 [ 80%]  (Sampling)
Chain 4: Iteration:  9600 / 12000 [ 80%]  (Sampling)
Chain 1: Iteration:  9600 / 12000 [ 80%]  (Sampling)
Chain 3: Iteration: 12000 / 12000 [100%]  (Sampling)
Chain 3: 
Chain 3:  Elapsed Time: 22.553 seconds (Warm-up)
Chain 3:                25.153 seconds (Sampling)
Chain 3:                47.706 seconds (Total)
Chain 3: 
Chain 2: Iteration: 10800 / 12000 [ 90%]  (Sampling)
Chain 4: Iteration: 10800 / 12000 [ 90%]  (Sampling)
Chain 1: Iteration: 10800 / 12000 [ 90%]  (Sampling)
Chain 2: Iteration: 12000 / 12000 [100%]  (Sampling)
Chain 2: 
Chain 2:  Elapsed Time: 22.788 seconds (Warm-up)
Chain 2:                35.073 seconds (Sampling)
Chain 2:                57.861 seconds (Total)
Chain 2: 
Chain 4: Iteration: 12000 / 12000 [100%]  (Sampling)
Chain 4: 
Chain 4:  Elapsed Time: 22.681 seconds (Warm-up)
Chain 4:                37.37 seconds (Sampling)
Chain 4:                60.051 seconds (Total)
Chain 4: 
Chain 1: Iteration: 12000 / 12000 [100%]  (Sampling)
Chain 1: 
Chain 1:  Elapsed Time: 23.163 seconds (Warm-up)
Chain 1:                37.642 seconds (Sampling)
Chain 1:                60.805 seconds (Total)
Chain 1: 
Done!
Fitting s3.json, 11/17

SAMPLING FOR MODEL 'anon_model' NOW (CHAIN 1).
Chain 1: 
Chain 1: Gradient evaluation took 0.000236 seconds
Chain 1: 1000 transitions using 10 leapfrog steps per transition would take 2.36 seconds.
Chain 1: Adjust your expectations accordingly!
Chain 1: 
Chain 1: 

SAMPLING FOR MODEL 'anon_model' NOW (CHAIN 2).
Chain 1: Iteration:     1 / 12000 [  0%]  (Warmup)
Chain 2: 
Chain 2: Gradient evaluation took 0.000224 seconds
Chain 2: 1000 transitions using 10 leapfrog steps per transition would take 2.24 seconds.
Chain 2: Adjust your expectations accordingly!
Chain 2: 
Chain 2: 

SAMPLING FOR MODEL 'anon_model' NOW (CHAIN 3).
Chain 3: 
Chain 3: Gradient evaluation took 0.000222 seconds
Chain 3: 1000 transitions using 10 leapfrog steps per transition would take 2.22 seconds.
Chain 3: Adjust your expectations accordingly!
Chain 3: 
Chain 3: 

SAMPLING FOR MODEL 'anon_model' NOW (CHAIN 4).
Chain 2: Iteration:     1 / 12000 [  0%]  (Warmup)
Chain 4: 
Chain 4: Gradient evaluation took 0.000205 seconds
Chain 4: 1000 transitions using 10 leapfrog steps per transition would take 2.05 seconds.
Chain 4: Adjust your expectations accordingly!
Chain 4: 
Chain 4: 
Chain 3: Iteration:     1 / 12000 [  0%]  (Warmup)
Chain 4: Iteration:     1 / 12000 [  0%]  (Warmup)
Chain 3: Iteration:  1200 / 12000 [ 10%]  (Warmup)
Chain 1: Iteration:  1200 / 12000 [ 10%]  (Warmup)
Chain 2: Iteration:  1200 / 12000 [ 10%]  (Warmup)
Chain 4: Iteration:  1200 / 12000 [ 10%]  (Warmup)
Chain 3: Iteration:  2400 / 12000 [ 20%]  (Warmup)
Chain 1: Iteration:  2400 / 12000 [ 20%]  (Warmup)
Chain 2: Iteration:  2400 / 12000 [ 20%]  (Warmup)
Chain 4: Iteration:  2400 / 12000 [ 20%]  (Warmup)
Chain 3: Iteration:  3600 / 12000 [ 30%]  (Warmup)
Chain 1: Iteration:  3600 / 12000 [ 30%]  (Warmup)
Chain 2: Iteration:  3600 / 12000 [ 30%]  (Warmup)
Chain 4: Iteration:  3600 / 12000 [ 30%]  (Warmup)
Chain 1: Iteration:  4800 / 12000 [ 40%]  (Warmup)
Chain 3: Iteration:  4800 / 12000 [ 40%]  (Warmup)
Chain 2: Iteration:  4800 / 12000 [ 40%]  (Warmup)
Chain 4: Iteration:  4800 / 12000 [ 40%]  (Warmup)
Chain 1: Iteration:  6000 / 12000 [ 50%]  (Warmup)
Chain 1: Iteration:  6001 / 12000 [ 50%]  (Sampling)
Chain 3: Iteration:  6000 / 12000 [ 50%]  (Warmup)
Chain 3: Iteration:  6001 / 12000 [ 50%]  (Sampling)
Chain 2: Iteration:  6000 / 12000 [ 50%]  (Warmup)
Chain 2: Iteration:  6001 / 12000 [ 50%]  (Sampling)
Chain 4: Iteration:  6000 / 12000 [ 50%]  (Warmup)
Chain 4: Iteration:  6001 / 12000 [ 50%]  (Sampling)
Chain 3: Iteration:  7200 / 12000 [ 60%]  (Sampling)
Chain 1: Iteration:  7200 / 12000 [ 60%]  (Sampling)
Chain 2: Iteration:  7200 / 12000 [ 60%]  (Sampling)
Chain 4: Iteration:  7200 / 12000 [ 60%]  (Sampling)
Chain 3: Iteration:  8400 / 12000 [ 70%]  (Sampling)
Chain 1: Iteration:  8400 / 12000 [ 70%]  (Sampling)
Chain 2: Iteration:  8400 / 12000 [ 70%]  (Sampling)
Chain 4: Iteration:  8400 / 12000 [ 70%]  (Sampling)
Chain 3: Iteration:  9600 / 12000 [ 80%]  (Sampling)
Chain 1: Iteration:  9600 / 12000 [ 80%]  (Sampling)
Chain 2: Iteration:  9600 / 12000 [ 80%]  (Sampling)
Chain 4: Iteration:  9600 / 12000 [ 80%]  (Sampling)
Chain 3: Iteration: 10800 / 12000 [ 90%]  (Sampling)
Chain 2: Iteration: 10800 / 12000 [ 90%]  (Sampling)
Chain 1: Iteration: 10800 / 12000 [ 90%]  (Sampling)
Chain 4: Iteration: 10800 / 12000 [ 90%]  (Sampling)
Chain 3: Iteration: 12000 / 12000 [100%]  (Sampling)
Chain 3: 
Chain 3:  Elapsed Time: 20.584 seconds (Warm-up)
Chain 3:                16.467 seconds (Sampling)
Chain 3:                37.051 seconds (Total)
Chain 3: 
Chain 2: Iteration: 12000 / 12000 [100%]  (Sampling)
Chain 2: 
Chain 2:  Elapsed Time: 20.64 seconds (Warm-up)
Chain 2:                17.084 seconds (Sampling)
Chain 2:                37.724 seconds (Total)
Chain 2: 
Chain 1: Iteration: 12000 / 12000 [100%]  (Sampling)
Chain 1: 
Chain 1:  Elapsed Time: 20.443 seconds (Warm-up)
Chain 1:                17.297 seconds (Sampling)
Chain 1:                37.74 seconds (Total)
Chain 1: 
Chain 4: Iteration: 12000 / 12000 [100%]  (Sampling)
Chain 4: 
Chain 4:  Elapsed Time: 21.168 seconds (Warm-up)
Chain 4:                19.187 seconds (Sampling)
Chain 4:                40.355 seconds (Total)
Chain 4: 
Done!
Fitting s4.json, 12/17

SAMPLING FOR MODEL 'anon_model' NOW (CHAIN 1).
Chain 1: 
Chain 1: Gradient evaluation took 0.000237 seconds
Chain 1: 1000 transitions using 10 leapfrog steps per transition would take 2.37 seconds.
Chain 1: Adjust your expectations accordingly!
Chain 1: 
Chain 1: 

SAMPLING FOR MODEL 'anon_model' NOW (CHAIN 2).
Chain 2: 
Chain 2: Gradient evaluation took 0.000226 seconds
Chain 2: 1000 transitions using 10 leapfrog steps per transition would take 2.26 seconds.
Chain 2: Adjust your expectations accordingly!
Chain 2: 
Chain 2: 

SAMPLING FOR MODEL 'anon_model' NOW (CHAIN 3).
Chain 1: Iteration:     1 / 12000 [  0%]  (Warmup)
Chain 3: 
Chain 3: Gradient evaluation took 0.000244 seconds
Chain 3: 1000 transitions using 10 leapfrog steps per transition would take 2.44 seconds.
Chain 3: Adjust your expectations accordingly!
Chain 3: 
Chain 3: 
Chain 2: Iteration:     1 / 12000 [  0%]  (Warmup)

SAMPLING FOR MODEL 'anon_model' NOW (CHAIN 4).
Chain 3: Iteration:     1 / 12000 [  0%]  (Warmup)
Chain 4: 
Chain 4: Gradient evaluation took 0.000221 seconds
Chain 4: 1000 transitions using 10 leapfrog steps per transition would take 2.21 seconds.
Chain 4: Adjust your expectations accordingly!
Chain 4: 
Chain 4: 
Chain 4: Iteration:     1 / 12000 [  0%]  (Warmup)
Chain 2: Iteration:  1200 / 12000 [ 10%]  (Warmup)
Chain 4: Iteration:  1200 / 12000 [ 10%]  (Warmup)
Chain 3: Iteration:  1200 / 12000 [ 10%]  (Warmup)
Chain 1: Iteration:  1200 / 12000 [ 10%]  (Warmup)
Chain 2: Iteration:  2400 / 12000 [ 20%]  (Warmup)
Chain 4: Iteration:  2400 / 12000 [ 20%]  (Warmup)
Chain 3: Iteration:  2400 / 12000 [ 20%]  (Warmup)
Chain 1: Iteration:  2400 / 12000 [ 20%]  (Warmup)
Chain 2: Iteration:  3600 / 12000 [ 30%]  (Warmup)
Chain 4: Iteration:  3600 / 12000 [ 30%]  (Warmup)
Chain 3: Iteration:  3600 / 12000 [ 30%]  (Warmup)
Chain 1: Iteration:  3600 / 12000 [ 30%]  (Warmup)
Chain 2: Iteration:  4800 / 12000 [ 40%]  (Warmup)
Chain 4: Iteration:  4800 / 12000 [ 40%]  (Warmup)
Chain 3: Iteration:  4800 / 12000 [ 40%]  (Warmup)
Chain 1: Iteration:  4800 / 12000 [ 40%]  (Warmup)
Chain 2: Iteration:  6000 / 12000 [ 50%]  (Warmup)
Chain 2: Iteration:  6001 / 12000 [ 50%]  (Sampling)
Chain 4: Iteration:  6000 / 12000 [ 50%]  (Warmup)
Chain 4: Iteration:  6001 / 12000 [ 50%]  (Sampling)
Chain 3: Iteration:  6000 / 12000 [ 50%]  (Warmup)
Chain 3: Iteration:  6001 / 12000 [ 50%]  (Sampling)
Chain 1: Iteration:  6000 / 12000 [ 50%]  (Warmup)
Chain 1: Iteration:  6001 / 12000 [ 50%]  (Sampling)
Chain 4: Iteration:  7200 / 12000 [ 60%]  (Sampling)
Chain 2: Iteration:  7200 / 12000 [ 60%]  (Sampling)
Chain 3: Iteration:  7200 / 12000 [ 60%]  (Sampling)
Chain 1: Iteration:  7200 / 12000 [ 60%]  (Sampling)
Chain 4: Iteration:  8400 / 12000 [ 70%]  (Sampling)
Chain 3: Iteration:  8400 / 12000 [ 70%]  (Sampling)
Chain 2: Iteration:  8400 / 12000 [ 70%]  (Sampling)
Chain 1: Iteration:  8400 / 12000 [ 70%]  (Sampling)
Chain 4: Iteration:  9600 / 12000 [ 80%]  (Sampling)
Chain 3: Iteration:  9600 / 12000 [ 80%]  (Sampling)
Chain 2: Iteration:  9600 / 12000 [ 80%]  (Sampling)
Chain 1: Iteration:  9600 / 12000 [ 80%]  (Sampling)
Chain 4: Iteration: 10800 / 12000 [ 90%]  (Sampling)
Chain 3: Iteration: 10800 / 12000 [ 90%]  (Sampling)
Chain 2: Iteration: 10800 / 12000 [ 90%]  (Sampling)
Chain 1: Iteration: 10800 / 12000 [ 90%]  (Sampling)
Chain 4: Iteration: 12000 / 12000 [100%]  (Sampling)
Chain 4: 
Chain 4:  Elapsed Time: 18.699 seconds (Warm-up)
Chain 4:                16.023 seconds (Sampling)
Chain 4:                34.722 seconds (Total)
Chain 4: 
Chain 3: Iteration: 12000 / 12000 [100%]  (Sampling)
Chain 3: 
Chain 3:  Elapsed Time: 18.769 seconds (Warm-up)
Chain 3:                17.711 seconds (Sampling)
Chain 3:                36.48 seconds (Total)
Chain 3: 
Chain 2: Iteration: 12000 / 12000 [100%]  (Sampling)
Chain 2: 
Chain 2:  Elapsed Time: 18.495 seconds (Warm-up)
Chain 2:                18.444 seconds (Sampling)
Chain 2:                36.939 seconds (Total)
Chain 2: 
Chain 1: Iteration: 12000 / 12000 [100%]  (Sampling)
Chain 1: 
Chain 1:  Elapsed Time: 19.426 seconds (Warm-up)
Chain 1:                18.679 seconds (Sampling)
Chain 1:                38.105 seconds (Total)
Chain 1: 
Done!
Fitting s5.json, 13/17

SAMPLING FOR MODEL 'anon_model' NOW (CHAIN 1).
Chain 1: 
Chain 1: Gradient evaluation took 0.000235 seconds
Chain 1: 1000 transitions using 10 leapfrog steps per transition would take 2.35 seconds.
Chain 1: Adjust your expectations accordingly!
Chain 1: 
Chain 1: 

SAMPLING FOR MODEL 'anon_model' NOW (CHAIN 2).
Chain 2: 
Chain 2: Gradient evaluation took 0.000236 seconds
Chain 2: 1000 transitions using 10 leapfrog steps per transition would take 2.36 seconds.
Chain 2: Adjust your expectations accordingly!
Chain 2: 
Chain 2: 
Chain 1: Iteration:     1 / 12000 [  0%]  (Warmup)

SAMPLING FOR MODEL 'anon_model' NOW (CHAIN 3).
Chain 3: 
Chain 3: Gradient evaluation took 0.000221 seconds
Chain 3: 1000 transitions using 10 leapfrog steps per transition would take 2.21 seconds.
Chain 3: Adjust your expectations accordingly!
Chain 3: 
Chain 3: 
Chain 2: Iteration:     1 / 12000 [  0%]  (Warmup)

SAMPLING FOR MODEL 'anon_model' NOW (CHAIN 4).
Chain 4: 
Chain 4: Gradient evaluation took 0.000213 seconds
Chain 4: 1000 transitions using 10 leapfrog steps per transition would take 2.13 seconds.
Chain 4: Adjust your expectations accordingly!
Chain 4: 
Chain 4: 
Chain 3: Iteration:     1 / 12000 [  0%]  (Warmup)
Chain 4: Iteration:     1 / 12000 [  0%]  (Warmup)
Chain 3: Iteration:  1200 / 12000 [ 10%]  (Warmup)
Chain 2: Iteration:  1200 / 12000 [ 10%]  (Warmup)
Chain 4: Iteration:  1200 / 12000 [ 10%]  (Warmup)
Chain 1: Iteration:  1200 / 12000 [ 10%]  (Warmup)
Chain 3: Iteration:  2400 / 12000 [ 20%]  (Warmup)
Chain 2: Iteration:  2400 / 12000 [ 20%]  (Warmup)
Chain 1: Iteration:  2400 / 12000 [ 20%]  (Warmup)
Chain 4: Iteration:  2400 / 12000 [ 20%]  (Warmup)
Chain 2: Iteration:  3600 / 12000 [ 30%]  (Warmup)
Chain 3: Iteration:  3600 / 12000 [ 30%]  (Warmup)
Chain 1: Iteration:  3600 / 12000 [ 30%]  (Warmup)
Chain 4: Iteration:  3600 / 12000 [ 30%]  (Warmup)
Chain 2: Iteration:  4800 / 12000 [ 40%]  (Warmup)
Chain 3: Iteration:  4800 / 12000 [ 40%]  (Warmup)
Chain 1: Iteration:  4800 / 12000 [ 40%]  (Warmup)
Chain 4: Iteration:  4800 / 12000 [ 40%]  (Warmup)
Chain 2: Iteration:  6000 / 12000 [ 50%]  (Warmup)
Chain 2: Iteration:  6001 / 12000 [ 50%]  (Sampling)
Chain 1: Iteration:  6000 / 12000 [ 50%]  (Warmup)
Chain 1: Iteration:  6001 / 12000 [ 50%]  (Sampling)
Chain 3: Iteration:  6000 / 12000 [ 50%]  (Warmup)
Chain 3: Iteration:  6001 / 12000 [ 50%]  (Sampling)
Chain 4: Iteration:  6000 / 12000 [ 50%]  (Warmup)
Chain 4: Iteration:  6001 / 12000 [ 50%]  (Sampling)
Chain 3: Iteration:  7200 / 12000 [ 60%]  (Sampling)
Chain 1: Iteration:  7200 / 12000 [ 60%]  (Sampling)
Chain 2: Iteration:  7200 / 12000 [ 60%]  (Sampling)
Chain 3: Iteration:  8400 / 12000 [ 70%]  (Sampling)
Chain 4: Iteration:  7200 / 12000 [ 60%]  (Sampling)
Chain 3: Iteration:  9600 / 12000 [ 80%]  (Sampling)
Chain 1: Iteration:  8400 / 12000 [ 70%]  (Sampling)
Chain 2: Iteration:  8400 / 12000 [ 70%]  (Sampling)
Chain 4: Iteration:  8400 / 12000 [ 70%]  (Sampling)
Chain 3: Iteration: 10800 / 12000 [ 90%]  (Sampling)
Chain 1: Iteration:  9600 / 12000 [ 80%]  (Sampling)
Chain 3: Iteration: 12000 / 12000 [100%]  (Sampling)
Chain 3: 
Chain 3:  Elapsed Time: 17.067 seconds (Warm-up)
Chain 3:                14.232 seconds (Sampling)
Chain 3:                31.299 seconds (Total)
Chain 3: 
Chain 2: Iteration:  9600 / 12000 [ 80%]  (Sampling)
Chain 4: Iteration:  9600 / 12000 [ 80%]  (Sampling)
Chain 1: Iteration: 10800 / 12000 [ 90%]  (Sampling)
Chain 2: Iteration: 10800 / 12000 [ 90%]  (Sampling)
Chain 4: Iteration: 10800 / 12000 [ 90%]  (Sampling)
Chain 1: Iteration: 12000 / 12000 [100%]  (Sampling)
Chain 1: 
Chain 1:  Elapsed Time: 16.839 seconds (Warm-up)
Chain 1:                23.105 seconds (Sampling)
Chain 1:                39.944 seconds (Total)
Chain 1: 
Chain 2: Iteration: 12000 / 12000 [100%]  (Sampling)
Chain 2: 
Chain 2:  Elapsed Time: 16.478 seconds (Warm-up)
Chain 2:                26.975 seconds (Sampling)
Chain 2:                43.453 seconds (Total)
Chain 2: 
Chain 4: Iteration: 12000 / 12000 [100%]  (Sampling)
Chain 4: 
Chain 4:  Elapsed Time: 17.662 seconds (Warm-up)
Chain 4:                26.563 seconds (Sampling)
Chain 4:                44.225 seconds (Total)
Chain 4: 
Done!
Fitting s6.json, 14/17

SAMPLING FOR MODEL 'anon_model' NOW (CHAIN 1).

SAMPLING FOR MODEL 'anon_model' NOW (CHAIN 2).
Chain 1: 
Chain 1: Gradient evaluation took 0.000245 seconds
Chain 1: 1000 transitions using 10 leapfrog steps per transition would take 2.45 seconds.
Chain 1: Adjust your expectations accordingly!
Chain 1: 
Chain 1: 
Chain 2: 
Chain 2: Gradient evaluation took 0.000224 seconds
Chain 2: 1000 transitions using 10 leapfrog steps per transition would take 2.24 seconds.
Chain 2: Adjust your expectations accordingly!
Chain 2: 
Chain 2: 

SAMPLING FOR MODEL 'anon_model' NOW (CHAIN 3).
Chain 3: 
Chain 3: Gradient evaluation took 0.000235 seconds
Chain 3: 1000 transitions using 10 leapfrog steps per transition would take 2.35 seconds.
Chain 3: Adjust your expectations accordingly!
Chain 3: 
Chain 3: 
Chain 1: Iteration:     1 / 12000 [  0%]  (Warmup)
Chain 2: Iteration:     1 / 12000 [  0%]  (Warmup)

SAMPLING FOR MODEL 'anon_model' NOW (CHAIN 4).
Chain 3: Iteration:     1 / 12000 [  0%]  (Warmup)
Chain 4: 
Chain 4: Gradient evaluation took 0.000215 seconds
Chain 4: 1000 transitions using 10 leapfrog steps per transition would take 2.15 seconds.
Chain 4: Adjust your expectations accordingly!
Chain 4: 
Chain 4: 
Chain 4: Iteration:     1 / 12000 [  0%]  (Warmup)
Chain 3: Iteration:  1200 / 12000 [ 10%]  (Warmup)
Chain 4: Iteration:  1200 / 12000 [ 10%]  (Warmup)
Chain 2: Iteration:  1200 / 12000 [ 10%]  (Warmup)
Chain 1: Iteration:  1200 / 12000 [ 10%]  (Warmup)
Chain 3: Iteration:  2400 / 12000 [ 20%]  (Warmup)
Chain 4: Iteration:  2400 / 12000 [ 20%]  (Warmup)
Chain 2: Iteration:  2400 / 12000 [ 20%]  (Warmup)
Chain 1: Iteration:  2400 / 12000 [ 20%]  (Warmup)
Chain 3: Iteration:  3600 / 12000 [ 30%]  (Warmup)
Chain 4: Iteration:  3600 / 12000 [ 30%]  (Warmup)
Chain 2: Iteration:  3600 / 12000 [ 30%]  (Warmup)
Chain 1: Iteration:  3600 / 12000 [ 30%]  (Warmup)
Chain 3: Iteration:  4800 / 12000 [ 40%]  (Warmup)
Chain 4: Iteration:  4800 / 12000 [ 40%]  (Warmup)
Chain 2: Iteration:  4800 / 12000 [ 40%]  (Warmup)
Chain 1: Iteration:  4800 / 12000 [ 40%]  (Warmup)
Chain 3: Iteration:  6000 / 12000 [ 50%]  (Warmup)
Chain 3: Iteration:  6001 / 12000 [ 50%]  (Sampling)
Chain 4: Iteration:  6000 / 12000 [ 50%]  (Warmup)
Chain 4: Iteration:  6001 / 12000 [ 50%]  (Sampling)
Chain 1: Iteration:  6000 / 12000 [ 50%]  (Warmup)
Chain 1: Iteration:  6001 / 12000 [ 50%]  (Sampling)
Chain 2: Iteration:  6000 / 12000 [ 50%]  (Warmup)
Chain 2: Iteration:  6001 / 12000 [ 50%]  (Sampling)
Chain 1: Iteration:  7200 / 12000 [ 60%]  (Sampling)
Chain 2: Iteration:  7200 / 12000 [ 60%]  (Sampling)
Chain 3: Iteration:  7200 / 12000 [ 60%]  (Sampling)
Chain 4: Iteration:  7200 / 12000 [ 60%]  (Sampling)
Chain 1: Iteration:  8400 / 12000 [ 70%]  (Sampling)
Chain 2: Iteration:  8400 / 12000 [ 70%]  (Sampling)
Chain 1: Iteration:  9600 / 12000 [ 80%]  (Sampling)
Chain 2: Iteration:  9600 / 12000 [ 80%]  (Sampling)
Chain 3: Iteration:  8400 / 12000 [ 70%]  (Sampling)
Chain 4: Iteration:  8400 / 12000 [ 70%]  (Sampling)
Chain 1: Iteration: 10800 / 12000 [ 90%]  (Sampling)
Chain 2: Iteration: 10800 / 12000 [ 90%]  (Sampling)
Chain 1: Iteration: 12000 / 12000 [100%]  (Sampling)
Chain 1: 
Chain 1:  Elapsed Time: 23.01 seconds (Warm-up)
Chain 1:                17.208 seconds (Sampling)
Chain 1:                40.218 seconds (Total)
Chain 1: 
Chain 3: Iteration:  9600 / 12000 [ 80%]  (Sampling)
Chain 2: Iteration: 12000 / 12000 [100%]  (Sampling)
Chain 2: 
Chain 2:  Elapsed Time: 23.017 seconds (Warm-up)
Chain 2:                20.413 seconds (Sampling)
Chain 2:                43.43 seconds (Total)
Chain 2: 
Chain 4: Iteration:  9600 / 12000 [ 80%]  (Sampling)
Chain 3: Iteration: 10800 / 12000 [ 90%]  (Sampling)
Chain 4: Iteration: 10800 / 12000 [ 90%]  (Sampling)
Chain 3: Iteration: 12000 / 12000 [100%]  (Sampling)
Chain 3: 
Chain 3:  Elapsed Time: 22.408 seconds (Warm-up)
Chain 3:                34.224 seconds (Sampling)
Chain 3:                56.632 seconds (Total)
Chain 3: 
Chain 4: Iteration: 12000 / 12000 [100%]  (Sampling)
Chain 4: 
Chain 4:  Elapsed Time: 22.769 seconds (Warm-up)
Chain 4:                34.468 seconds (Sampling)
Chain 4:                57.237 seconds (Total)
Chain 4: 
Done!
Fitting s7.json, 15/17

SAMPLING
 FOR MODEL 'SAMPLINGanon_model FOR MODEL '' NOW (CHAIN anon_model' NOW (CHAIN 12).
).
Chain 1: 
Chain 1: Gradient evaluation took 0.000248 seconds
Chain 1: 1000 transitions using 10 leapfrog steps per transition would take 2.48 seconds.
Chain 1: Adjust your expectations accordingly!
Chain 1
SAMPLING FOR MODEL 'anon_model' NOW (CHAIN 3: ).

Chain 1: 
Chain 2: 
Chain 2: Gradient evaluation took 0.000218 seconds
Chain 2: 1000 transitions using 10 leapfrog steps per transition would take 2.18 seconds.
Chain 2: Adjust your expectations accordingly!
Chain 2: 
Chain 2: 
Chain 3: 
Chain 3: Gradient evaluation took 0.000224 seconds
Chain 3: 1000 transitions using 10 leapfrog steps per transition would take 2.24 seconds.
Chain 3: Adjust your expectations accordingly!
Chain 3: 
Chain 3: 

SAMPLING FOR MODEL 'anon_model' NOW (CHAIN 4).
Chain 1: Iteration:     1 / 12000 [  0%]  (Warmup)
Chain 2: Iteration:     1 / 12000 [  0%]  (Warmup)
Chain 4: 
Chain 4: Gradient evaluation took 0.000225 seconds
Chain 4: 1000 transitions using 10 leapfrog steps per transition would take 2.25 seconds.
Chain 4: Adjust your expectations accordingly!
Chain 4: 
Chain 4: 
Chain 3: Iteration:     1 / 12000 [  0%]  (Warmup)
Chain 4: Iteration:     1 / 12000 [  0%]  (Warmup)
Chain 3: Iteration:  1200 / 12000 [ 10%]  (Warmup)
Chain 2: Iteration:  1200 / 12000 [ 10%]  (Warmup)
Chain 4: Iteration:  1200 / 12000 [ 10%]  (Warmup)
Chain 1: Iteration:  1200 / 12000 [ 10%]  (Warmup)
Chain 3: Iteration:  2400 / 12000 [ 20%]  (Warmup)
Chain 2: Iteration:  2400 / 12000 [ 20%]  (Warmup)
Chain 4: Iteration:  2400 / 12000 [ 20%]  (Warmup)
Chain 1: Iteration:  2400 / 12000 [ 20%]  (Warmup)
Chain 3: Iteration:  3600 / 12000 [ 30%]  (Warmup)
Chain 2: Iteration:  3600 / 12000 [ 30%]  (Warmup)
Chain 4: Iteration:  3600 / 12000 [ 30%]  (Warmup)
Chain 1: Iteration:  3600 / 12000 [ 30%]  (Warmup)
Chain 2: Iteration:  4800 / 12000 [ 40%]  (Warmup)
Chain 3: Iteration:  4800 / 12000 [ 40%]  (Warmup)
Chain 4: Iteration:  4800 / 12000 [ 40%]  (Warmup)
Chain 1: Iteration:  4800 / 12000 [ 40%]  (Warmup)
Chain 2: Iteration:  6000 / 12000 [ 50%]  (Warmup)
Chain 2: Iteration:  6001 / 12000 [ 50%]  (Sampling)
Chain 3: Iteration:  6000 / 12000 [ 50%]  (Warmup)
Chain 3: Iteration:  6001 / 12000 [ 50%]  (Sampling)
Chain 1: Iteration:  6000 / 12000 [ 50%]  (Warmup)
Chain 1: Iteration:  6001 / 12000 [ 50%]  (Sampling)
Chain 4: Iteration:  6000 / 12000 [ 50%]  (Warmup)
Chain 4: Iteration:  6001 / 12000 [ 50%]  (Sampling)
Chain 2: Iteration:  7200 / 12000 [ 60%]  (Sampling)
Chain 1: Iteration:  7200 / 12000 [ 60%]  (Sampling)
Chain 3: Iteration:  7200 / 12000 [ 60%]  (Sampling)
Chain 2: Iteration:  8400 / 12000 [ 70%]  (Sampling)
Chain 4: Iteration:  7200 / 12000 [ 60%]  (Sampling)
Chain 1: Iteration:  8400 / 12000 [ 70%]  (Sampling)
Chain 2: Iteration:  9600 / 12000 [ 80%]  (Sampling)
Chain 3: Iteration:  8400 / 12000 [ 70%]  (Sampling)
Chain 4: Iteration:  8400 / 12000 [ 70%]  (Sampling)
Chain 2: Iteration: 10800 / 12000 [ 90%]  (Sampling)
Chain 1: Iteration:  9600 / 12000 [ 80%]  (Sampling)
Chain 3: Iteration:  9600 / 12000 [ 80%]  (Sampling)
Chain 2: Iteration: 12000 / 12000 [100%]  (Sampling)
Chain 2: 
Chain 2:  Elapsed Time: 16.654 seconds (Warm-up)
Chain 2:                14.312 seconds (Sampling)
Chain 2:                30.966 seconds (Total)
Chain 2: 
Chain 1: Iteration: 10800 / 12000 [ 90%]  (Sampling)
Chain 4: Iteration:  9600 / 12000 [ 80%]  (Sampling)
Chain 3: Iteration: 10800 / 12000 [ 90%]  (Sampling)
Chain 1: Iteration: 12000 / 12000 [100%]  (Sampling)
Chain 1: 
Chain 1:  Elapsed Time: 17.181 seconds (Warm-up)
Chain 1:                18.351 seconds (Sampling)
Chain 1:                35.532 seconds (Total)
Chain 1: 
Chain 4: Iteration: 10800 / 12000 [ 90%]  (Sampling)
Chain 3: Iteration: 12000 / 12000 [100%]  (Sampling)
Chain 3: 
Chain 3:  Elapsed Time: 17.052 seconds (Warm-up)
Chain 3:                21.118 seconds (Sampling)
Chain 3:                38.17 seconds (Total)
Chain 3: 
Chain 4: Iteration: 12000 / 12000 [100%]  (Sampling)
Chain 4: 
Chain 4:  Elapsed Time: 17.242 seconds (Warm-up)
Chain 4:                25.772 seconds (Sampling)
Chain 4:                43.014 seconds (Total)
Chain 4: 
Done!
Fitting s8.json, 16/17

SAMPLING FOR MODEL 'anon_model' NOW (CHAIN 1).
Chain 1: 
Chain 1: Gradient evaluation took 0.000236 seconds
Chain 1: 1000 transitions using 10 leapfrog steps per transition would take 2.36 seconds.
Chain 1: Adjust your expectations accordingly!
Chain 1: 
Chain 1: 

SAMPLING FOR MODEL 'anon_model' NOW (CHAIN 2).
Chain 2: 
Chain 2: Gradient evaluation took 0.000237 seconds
Chain 2: 1000 transitions using 10 leapfrog steps per transition would take 2.37 seconds.
Chain 2: Adjust your expectations accordingly!
Chain 2: 
Chain 2: 

SAMPLING FOR MODEL 'anon_model' NOW (CHAIN 3).
Chain 1: Iteration:     1 / 12000 [  0%]  (Warmup)
Chain 3: 
Chain 3: Gradient evaluation took 0.000321 seconds
Chain 3: 1000 transitions using 10 leapfrog steps per transition would take 3.21 seconds.
Chain 3: Adjust your expectations accordingly!
Chain 3: 
Chain 3: 

SAMPLING FOR MODEL 'anon_model' NOW (CHAIN 4).
Chain 2: Iteration:     1 / 12000 [  0%]  (Warmup)
Chain 4: 
Chain 4: Gradient evaluation took 0.000217 seconds
Chain 4: 1000 transitions using 10 leapfrog steps per transition would take 2.17 seconds.
Chain 4: Adjust your expectations accordingly!
Chain 4: 
Chain 4: 
Chain 3: Iteration:     1 / 12000 [  0%]  (Warmup)
Chain 4: Iteration:     1 / 12000 [  0%]  (Warmup)
Chain 4: Iteration:  1200 / 12000 [ 10%]  (Warmup)
Chain 3: Iteration:  1200 / 12000 [ 10%]  (Warmup)
Chain 1: Iteration:  1200 / 12000 [ 10%]  (Warmup)
Chain 2: Iteration:  1200 / 12000 [ 10%]  (Warmup)
Chain 4: Iteration:  2400 / 12000 [ 20%]  (Warmup)
Chain 3: Iteration:  2400 / 12000 [ 20%]  (Warmup)
Chain 1: Iteration:  2400 / 12000 [ 20%]  (Warmup)
Chain 2: Iteration:  2400 / 12000 [ 20%]  (Warmup)
Chain 3: Iteration:  3600 / 12000 [ 30%]  (Warmup)
Chain 1: Iteration:  3600 / 12000 [ 30%]  (Warmup)
Chain 4: Iteration:  3600 / 12000 [ 30%]  (Warmup)
Chain 2: Iteration:  3600 / 12000 [ 30%]  (Warmup)
Chain 3: Iteration:  4800 / 12000 [ 40%]  (Warmup)
Chain 1: Iteration:  4800 / 12000 [ 40%]  (Warmup)
Chain 2: Iteration:  4800 / 12000 [ 40%]  (Warmup)
Chain 4: Iteration:  4800 / 12000 [ 40%]  (Warmup)
Chain 1: Iteration:  6000 / 12000 [ 50%]  (Warmup)
Chain 1: Iteration:  6001 / 12000 [ 50%]  (Sampling)
Chain 3: Iteration:  6000 / 12000 [ 50%]  (Warmup)
Chain 3: Iteration:  6001 / 12000 [ 50%]  (Sampling)
Chain 2: Iteration:  6000 / 12000 [ 50%]  (Warmup)
Chain 2: Iteration:  6001 / 12000 [ 50%]  (Sampling)
Chain 4: Iteration:  6000 / 12000 [ 50%]  (Warmup)
Chain 4: Iteration:  6001 / 12000 [ 50%]  (Sampling)
Chain 1: Iteration:  7200 / 12000 [ 60%]  (Sampling)
Chain 4: Iteration:  7200 / 12000 [ 60%]  (Sampling)
Chain 3: Iteration:  7200 / 12000 [ 60%]  (Sampling)
Chain 2: Iteration:  7200 / 12000 [ 60%]  (Sampling)
Chain 1: Iteration:  8400 / 12000 [ 70%]  (Sampling)
Chain 4: Iteration:  8400 / 12000 [ 70%]  (Sampling)
Chain 1: Iteration:  9600 / 12000 [ 80%]  (Sampling)
Chain 2: Iteration:  8400 / 12000 [ 70%]  (Sampling)
Chain 3: Iteration:  8400 / 12000 [ 70%]  (Sampling)
Chain 4: Iteration:  9600 / 12000 [ 80%]  (Sampling)
Chain 1: Iteration: 10800 / 12000 [ 90%]  (Sampling)
Chain 4: Iteration: 10800 / 12000 [ 90%]  (Sampling)
Chain 2: Iteration:  9600 / 12000 [ 80%]  (Sampling)
Chain 1: Iteration: 12000 / 12000 [100%]  (Sampling)
Chain 1: 
Chain 1:  Elapsed Time: 21.536 seconds (Warm-up)
Chain 1:                21.761 seconds (Sampling)
Chain 1:                43.297 seconds (Total)
Chain 1: 
Chain 3: Iteration:  9600 / 12000 [ 80%]  (Sampling)
Chain 4: Iteration: 12000 / 12000 [100%]  (Sampling)
Chain 4: 
Chain 4:  Elapsed Time: 22.365 seconds (Warm-up)
Chain 4:                23.028 seconds (Sampling)
Chain 4:                45.393 seconds (Total)
Chain 4: 
Chain 2: Iteration: 10800 / 12000 [ 90%]  (Sampling)
Chain 3: Iteration: 10800 / 12000 [ 90%]  (Sampling)
Chain 2: Iteration: 12000 / 12000 [100%]  (Sampling)
Chain 2: 
Chain 2:  Elapsed Time: 22.268 seconds (Warm-up)
Chain 2:                33.364 seconds (Sampling)
Chain 2:                55.632 seconds (Total)
Chain 2: 
Chain 3: Iteration: 12000 / 12000 [100%]  (Sampling)
Chain 3: 
Chain 3:  Elapsed Time: 21.598 seconds (Warm-up)
Chain 3:                35.781 seconds (Sampling)
Chain 3:                57.379 seconds (Total)
Chain 3: 
Done!
Fitting s9.json, 17/17

SAMPLING FOR MODEL 'anon_model' NOW (CHAIN 1).

SAMPLING FOR MODEL 'anon_model' NOW (CHAIN 2).
Chain 1: 
Chain 1: Gradient evaluation took 0.000246 seconds
Chain 1: 1000 transitions using 10 leapfrog steps per transition would take 2.46 seconds.
Chain 1: Adjust your expectations accordingly!
Chain 1: 
Chain 1: 
Chain 2: 
Chain 2: Gradient evaluation took 0.000266 seconds
Chain 2: 1000 transitions using 10 leapfrog steps per transition would take 2.66 seconds.
Chain 2: Adjust your expectations accordingly!
Chain 2: 
Chain 2: 
Chain 1: Iteration:     1 / 12000 [  0%]  (Warmup)
Chain 2: Iteration:     1 / 12000 [  0%]  (Warmup)

SAMPLING FOR MODEL 'anon_model' NOW (CHAIN 3).

SAMPLING FOR MODEL 'anon_model' NOW (CHAIN 4).
Chain 3: 
Chain 3: Gradient evaluation took 0.000237 seconds
Chain 3: 1000 transitions using 10 leapfrog steps per transition would take 2.37 seconds.
Chain 3: Adjust your expectations accordingly!
Chain 3: 
Chain 3: 
Chain 4: 
Chain 4: Gradient evaluation took 0.000219 seconds
Chain 4: 1000 transitions using 10 leapfrog steps per transition would take 2.19 seconds.
Chain 4: Adjust your expectations accordingly!
Chain 4: 
Chain 4: 
Chain 3: Iteration:     1 / 12000 [  0%]  (Warmup)
Chain 4: Iteration:     1 / 12000 [  0%]  (Warmup)
Chain 1: Iteration:  1200 / 12000 [ 10%]  (Warmup)
Chain 3: Iteration:  1200 / 12000 [ 10%]  (Warmup)
Chain 2: Iteration:  1200 / 12000 [ 10%]  (Warmup)
Chain 4: Iteration:  1200 / 12000 [ 10%]  (Warmup)
Chain 1: Iteration:  2400 / 12000 [ 20%]  (Warmup)
Chain 2: Iteration:  2400 / 12000 [ 20%]  (Warmup)
Chain 3: Iteration:  2400 / 12000 [ 20%]  (Warmup)
Chain 4: Iteration:  2400 / 12000 [ 20%]  (Warmup)
Chain 1: Iteration:  3600 / 12000 [ 30%]  (Warmup)
Chain 2: Iteration:  3600 / 12000 [ 30%]  (Warmup)
Chain 3: Iteration:  3600 / 12000 [ 30%]  (Warmup)
Chain 4: Iteration:  3600 / 12000 [ 30%]  (Warmup)
Chain 1: Iteration:  4800 / 12000 [ 40%]  (Warmup)
Chain 2: Iteration:  4800 / 12000 [ 40%]  (Warmup)
Chain 3: Iteration:  4800 / 12000 [ 40%]  (Warmup)
Chain 4: Iteration:  4800 / 12000 [ 40%]  (Warmup)
Chain 1: Iteration:  6000 / 12000 [ 50%]  (Warmup)
Chain 1: Iteration:  6001 / 12000 [ 50%]  (Sampling)
Chain 3: Iteration:  6000 / 12000 [ 50%]  (Warmup)
Chain 3: Iteration:  6001 / 12000 [ 50%]  (Sampling)
Chain 2: Iteration:  6000 / 12000 [ 50%]  (Warmup)
Chain 2: Iteration:  6001 / 12000 [ 50%]  (Sampling)
Chain 4: Iteration:  6000 / 12000 [ 50%]  (Warmup)
Chain 4: Iteration:  6001 / 12000 [ 50%]  (Sampling)
Chain 4: Iteration:  7200 / 12000 [ 60%]  (Sampling)
Chain 2: Iteration:  7200 / 12000 [ 60%]  (Sampling)
Chain 1: Iteration:  7200 / 12000 [ 60%]  (Sampling)
Chain 3: Iteration:  7200 / 12000 [ 60%]  (Sampling)
Chain 4: Iteration:  8400 / 12000 [ 70%]  (Sampling)
Chain 2: Iteration:  8400 / 12000 [ 70%]  (Sampling)
Chain 3: Iteration:  8400 / 12000 [ 70%]  (Sampling)
Chain 1: Iteration:  8400 / 12000 [ 70%]  (Sampling)
Chain 4: Iteration:  9600 / 12000 [ 80%]  (Sampling)
Chain 2: Iteration:  9600 / 12000 [ 80%]  (Sampling)
Chain 3: Iteration:  9600 / 12000 [ 80%]  (Sampling)
Chain 4: Iteration: 10800 / 12000 [ 90%]  (Sampling)
Chain 1: Iteration:  9600 / 12000 [ 80%]  (Sampling)
Chain 2: Iteration: 10800 / 12000 [ 90%]  (Sampling)
Chain 4: Iteration: 12000 / 12000 [100%]  (Sampling)
Chain 4: 
Chain 4:  Elapsed Time: 21.061 seconds (Warm-up)
Chain 4:                14.418 seconds (Sampling)
Chain 4:                35.479 seconds (Total)
Chain 4: 
Chain 3: Iteration: 10800 / 12000 [ 90%]  (Sampling)
Chain 1: Iteration: 10800 / 12000 [ 90%]  (Sampling)
Chain 2: Iteration: 12000 / 12000 [100%]  (Sampling)
Chain 2: 
Chain 2:  Elapsed Time: 20.86 seconds (Warm-up)
Chain 2:                17.592 seconds (Sampling)
Chain 2:                38.452 seconds (Total)
Chain 2: 
Chain 3: Iteration: 12000 / 12000 [100%]  (Sampling)
Chain 3: 
Chain 3:  Elapsed Time: 20.82 seconds (Warm-up)
Chain 3:                19.137 seconds (Sampling)
Chain 3:                39.957 seconds (Total)
Chain 3: 
Chain 1: Iteration: 12000 / 12000 [100%]  (Sampling)
Chain 1: 
Chain 1:  Elapsed Time: 20.293 seconds (Warm-up)
Chain 1:                20.896 seconds (Sampling)
Chain 1:                41.189 seconds (Total)
Chain 1: 
Done!
Assumed model: m2 (model_index = 2 )
Fitting s0.json, 1/17

SAMPLING FOR MODEL 'anon_model' NOW (CHAIN 1).
Chain 1: 
Chain 1: Gradient evaluation took 0.000233 seconds
Chain 1: 1000 transitions using 10 leapfrog steps per transition would take 2.33 seconds.
Chain 1: Adjust your expectations accordingly!
Chain 1: 
Chain 1: 

SAMPLING FOR MODEL 'anon_model' NOW (CHAIN 2).
Chain 2: 
Chain 2: Gradient evaluation took 0.000234 seconds
Chain 2: 1000 transitions using 10 leapfrog steps per transition would take 2.34 seconds.
Chain 2: Adjust your expectations accordingly!
Chain 2: 
Chain 2: 
Chain 1: Iteration:     1 / 12000 [  0%]  (Warmup)

SAMPLING FOR MODEL 'anon_model' NOW (CHAIN 3).

SAMPLING FOR MODEL 'anon_model' NOW (CHAIN 4).
Chain 3: 
Chain 3: Gradient evaluation took 0.000226 seconds
Chain 3: 1000 transitions using 10 leapfrog steps per transition would take 2.26 seconds.
Chain 3: Adjust your expectations accordingly!
Chain 3: 
Chain 3: 
Chain 2: Iteration:     1 / 12000 [  0%]  (Warmup)
Chain 4: 
Chain 4: Gradient evaluation took 0.000218 seconds
Chain 4: 1000 transitions using 10 leapfrog steps per transition would take 2.18 seconds.
Chain 4: Adjust your expectations accordingly!
Chain 4: 
Chain 4: 
Chain 3: Iteration:     1 / 12000 [  0%]  (Warmup)
Chain 4: Iteration:     1 / 12000 [  0%]  (Warmup)
Chain 1: Iteration:  1200 / 12000 [ 10%]  (Warmup)
Chain 4: Iteration:  1200 / 12000 [ 10%]  (Warmup)
Chain 3: Iteration:  1200 / 12000 [ 10%]  (Warmup)
Chain 2: Iteration:  1200 / 12000 [ 10%]  (Warmup)
Chain 1: Iteration:  2400 / 12000 [ 20%]  (Warmup)
Chain 4: Iteration:  2400 / 12000 [ 20%]  (Warmup)
Chain 3: Iteration:  2400 / 12000 [ 20%]  (Warmup)
Chain 2: Iteration:  2400 / 12000 [ 20%]  (Warmup)
Chain 1: Iteration:  3600 / 12000 [ 30%]  (Warmup)
Chain 4: Iteration:  3600 / 12000 [ 30%]  (Warmup)
Chain 3: Iteration:  3600 / 12000 [ 30%]  (Warmup)
Chain 2: Iteration:  3600 / 12000 [ 30%]  (Warmup)
Chain 1: Iteration:  4800 / 12000 [ 40%]  (Warmup)
Chain 4: Iteration:  4800 / 12000 [ 40%]  (Warmup)
Chain 3: Iteration:  4800 / 12000 [ 40%]  (Warmup)
Chain 2: Iteration:  4800 / 12000 [ 40%]  (Warmup)
Chain 1: Iteration:  6000 / 12000 [ 50%]  (Warmup)
Chain 1: Iteration:  6001 / 12000 [ 50%]  (Sampling)
Chain 4: Iteration:  6000 / 12000 [ 50%]  (Warmup)
Chain 4: Iteration:  6001 / 12000 [ 50%]  (Sampling)
Chain 2: Iteration:  6000 / 12000 [ 50%]  (Warmup)
Chain 2: Iteration:  6001 / 12000 [ 50%]  (Sampling)
Chain 3: Iteration:  6000 / 12000 [ 50%]  (Warmup)
Chain 3: Iteration:  6001 / 12000 [ 50%]  (Sampling)
Chain 2: Iteration:  7200 / 12000 [ 60%]  (Sampling)
Chain 1: Iteration:  7200 / 12000 [ 60%]  (Sampling)
Chain 4: Iteration:  7200 / 12000 [ 60%]  (Sampling)
Chain 2: Iteration:  8400 / 12000 [ 70%]  (Sampling)
Chain 3: Iteration:  7200 / 12000 [ 60%]  (Sampling)
Chain 1: Iteration:  8400 / 12000 [ 70%]  (Sampling)
Chain 2: Iteration:  9600 / 12000 [ 80%]  (Sampling)
Chain 4: Iteration:  8400 / 12000 [ 70%]  (Sampling)
Chain 3: Iteration:  8400 / 12000 [ 70%]  (Sampling)
Chain 2: Iteration: 10800 / 12000 [ 90%]  (Sampling)
Chain 1: Iteration:  9600 / 12000 [ 80%]  (Sampling)
Chain 2: Iteration: 12000 / 12000 [100%]  (Sampling)
Chain 2: 
Chain 2:  Elapsed Time: 23.961 seconds (Warm-up)
Chain 2:                19.347 seconds (Sampling)
Chain 2:                43.308 seconds (Total)
Chain 2: 
Chain 4: Iteration:  9600 / 12000 [ 80%]  (Sampling)
Chain 1: Iteration: 10800 / 12000 [ 90%]  (Sampling)
Chain 3: Iteration:  9600 / 12000 [ 80%]  (Sampling)
Chain 1: Iteration: 12000 / 12000 [100%]  (Sampling)
Chain 1: 
Chain 1:  Elapsed Time: 22.874 seconds (Warm-up)
Chain 1:                28.229 seconds (Sampling)
Chain 1:                51.103 seconds (Total)
Chain 1: 
Chain 4: Iteration: 10800 / 12000 [ 90%]  (Sampling)
Chain 3: Iteration: 10800 / 12000 [ 90%]  (Sampling)
Chain 4: Iteration: 12000 / 12000 [100%]  (Sampling)
Chain 4: 
Chain 4:  Elapsed Time: 23.923 seconds (Warm-up)
Chain 4:                35.294 seconds (Sampling)
Chain 4:                59.217 seconds (Total)
Chain 4: 
Chain 3: Iteration: 12000 / 12000 [100%]  (Sampling)
Chain 3: 
Chain 3:  Elapsed Time: 24.081 seconds (Warm-up)
Chain 3:                37.518 seconds (Sampling)
Chain 3:                61.599 seconds (Total)
Chain 3: 
Done!
Fitting s1.json, 2/17

SAMPLING FOR MODEL 'anon_model' NOW (CHAIN 1).
Chain 1: 
Chain 1: Gradient evaluation took 0.000241 seconds
Chain 1: 1000 transitions using 10 leapfrog steps per transition would take 2.41 seconds.
Chain 1: Adjust your expectations accordingly!
Chain 1: 
Chain 1: 

SAMPLING FOR MODEL 'anon_model' NOW (CHAIN 2).
Chain 2: 
Chain 2: Gradient evaluation took 0.000222 seconds
Chain 2: 1000 transitions using 10 leapfrog steps per transition would take 2.22 seconds.
Chain 2: Adjust your expectations accordingly!
Chain 2: 
Chain 2: 

SAMPLING FOR MODEL 'anon_model' NOW (CHAIN 3).
Chain 1: Iteration:     1 / 12000 [  0%]  (Warmup)
Chain 3: 
Chain 3: Gradient evaluation took 0.000226 seconds
Chain 3: 1000 transitions using 10 leapfrog steps per transition would take 2.26 seconds.
Chain 3: Adjust your expectations accordingly!
Chain 3: 
Chain 3: 

SAMPLING FOR MODEL 'anon_model' NOW (CHAIN 4).
Chain 2: Iteration:     1 / 12000 [  0%]  (Warmup)
Chain 4: 
Chain 4: Gradient evaluation took 0.000213 seconds
Chain 4: 1000 transitions using 10 leapfrog steps per transition would take 2.13 seconds.
Chain 4: Adjust your expectations accordingly!
Chain 4: 
Chain 4: 
Chain 3: Iteration:     1 / 12000 [  0%]  (Warmup)
Chain 4: Iteration:     1 / 12000 [  0%]  (Warmup)
Chain 1: Iteration:  1200 / 12000 [ 10%]  (Warmup)
Chain 4: Iteration:  1200 / 12000 [ 10%]  (Warmup)
Chain 2: Iteration:  1200 / 12000 [ 10%]  (Warmup)
Chain 3: Iteration:  1200 / 12000 [ 10%]  (Warmup)
Chain 1: Iteration:  2400 / 12000 [ 20%]  (Warmup)
Chain 4: Iteration:  2400 / 12000 [ 20%]  (Warmup)
Chain 2: Iteration:  2400 / 12000 [ 20%]  (Warmup)
Chain 3: Iteration:  2400 / 12000 [ 20%]  (Warmup)
Chain 4: Iteration:  3600 / 12000 [ 30%]  (Warmup)
Chain 1: Iteration:  3600 / 12000 [ 30%]  (Warmup)
Chain 2: Iteration:  3600 / 12000 [ 30%]  (Warmup)
Chain 3: Iteration:  3600 / 12000 [ 30%]  (Warmup)
Chain 4: Iteration:  4800 / 12000 [ 40%]  (Warmup)
Chain 1: Iteration:  4800 / 12000 [ 40%]  (Warmup)
Chain 2: Iteration:  4800 / 12000 [ 40%]  (Warmup)
Chain 3: Iteration:  4800 / 12000 [ 40%]  (Warmup)
Chain 4: Iteration:  6000 / 12000 [ 50%]  (Warmup)
Chain 4: Iteration:  6001 / 12000 [ 50%]  (Sampling)
Chain 1: Iteration:  6000 / 12000 [ 50%]  (Warmup)
Chain 1: Iteration:  6001 / 12000 [ 50%]  (Sampling)
Chain 2: Iteration:  6000 / 12000 [ 50%]  (Warmup)
Chain 2: Iteration:  6001 / 12000 [ 50%]  (Sampling)
Chain 3: Iteration:  6000 / 12000 [ 50%]  (Warmup)
Chain 3: Iteration:  6001 / 12000 [ 50%]  (Sampling)
Chain 4: Iteration:  7200 / 12000 [ 60%]  (Sampling)
Chain 3: Iteration:  7200 / 12000 [ 60%]  (Sampling)
Chain 2: Iteration:  7200 / 12000 [ 60%]  (Sampling)
Chain 1: Iteration:  7200 / 12000 [ 60%]  (Sampling)
Chain 3: Iteration:  8400 / 12000 [ 70%]  (Sampling)
Chain 4: Iteration:  8400 / 12000 [ 70%]  (Sampling)
Chain 2: Iteration:  8400 / 12000 [ 70%]  (Sampling)
Chain 3: Iteration:  9600 / 12000 [ 80%]  (Sampling)
Chain 4: Iteration:  9600 / 12000 [ 80%]  (Sampling)
Chain 1: Iteration:  8400 / 12000 [ 70%]  (Sampling)
Chain 3: Iteration: 10800 / 12000 [ 90%]  (Sampling)
Chain 2: Iteration:  9600 / 12000 [ 80%]  (Sampling)
Chain 4: Iteration: 10800 / 12000 [ 90%]  (Sampling)
Chain 3: Iteration: 12000 / 12000 [100%]  (Sampling)
Chain 3: 
Chain 3:  Elapsed Time: 20.023 seconds (Warm-up)
Chain 3:                14.634 seconds (Sampling)
Chain 3:                34.657 seconds (Total)
Chain 3: 
Chain 1: Iteration:  9600 / 12000 [ 80%]  (Sampling)
Chain 2: Iteration: 10800 / 12000 [ 90%]  (Sampling)
Chain 4: Iteration: 12000 / 12000 [100%]  (Sampling)
Chain 4: 
Chain 4:  Elapsed Time: 18.569 seconds (Warm-up)
Chain 4:                19.621 seconds (Sampling)
Chain 4:                38.19 seconds (Total)
Chain 4: 
Chain 1: Iteration: 10800 / 12000 [ 90%]  (Sampling)
Chain 2: Iteration: 12000 / 12000 [100%]  (Sampling)
Chain 2: 
Chain 2:  Elapsed Time: 19.525 seconds (Warm-up)
Chain 2:                22.875 seconds (Sampling)
Chain 2:                42.4 seconds (Total)
Chain 2: 
Chain 1: Iteration: 12000 / 12000 [100%]  (Sampling)
Chain 1: 
Chain 1:  Elapsed Time: 18.926 seconds (Warm-up)
Chain 1:                28.191 seconds (Sampling)
Chain 1:                47.117 seconds (Total)
Chain 1: 
Done!
Fitting s10.json, 3/17

SAMPLING FOR MODEL 'anon_model' NOW (CHAIN 1).
Chain 1: 
Chain 1: Gradient evaluation took 0.000261 seconds
Chain 1: 1000 transitions using 10 leapfrog steps per transition would take 2.61 seconds.
Chain 1: Adjust your expectations accordingly!
Chain 1: 
Chain 1: 

SAMPLING FOR MODEL 'anon_model' NOW (CHAIN 2).

SAMPLING FOR MODEL 'anon_model' NOW (CHAIN 3).
Chain 2: 
Chain 2: Gradient evaluation took 0.000267 seconds
Chain 2: 1000 transitions using 10 leapfrog steps per transition would take 2.67 seconds.
Chain 2: Adjust your expectations accordingly!
Chain 2: 
Chain 2: 
Chain 1: Iteration:     1 / 12000 [  0%]  (Warmup)
Chain 3: 
Chain 3: Gradient evaluation took 0.000229 seconds
Chain 3: 1000 transitions using 10 leapfrog steps per transition would take 2.29 seconds.
Chain 3: Adjust your expectations accordingly!
Chain 3: 
Chain 3: 
Chain 2: Iteration:     1 / 12000 [  0%]  (Warmup)
Chain 3: Iteration:     1 / 12000 [  0%]  (Warmup)

SAMPLING FOR MODEL 'anon_model' NOW (CHAIN 4).
Chain 4: 
Chain 4: Gradient evaluation took 0.000215 seconds
Chain 4: 1000 transitions using 10 leapfrog steps per transition would take 2.15 seconds.
Chain 4: Adjust your expectations accordingly!
Chain 4: 
Chain 4: 
Chain 4: Iteration:     1 / 12000 [  0%]  (Warmup)
Chain 3: Iteration:  1200 / 12000 [ 10%]  (Warmup)
Chain 4: Iteration:  1200 / 12000 [ 10%]  (Warmup)
Chain 1: Iteration:  1200 / 12000 [ 10%]  (Warmup)
Chain 2: Iteration:  1200 / 12000 [ 10%]  (Warmup)
Chain 3: Iteration:  2400 / 12000 [ 20%]  (Warmup)
Chain 4: Iteration:  2400 / 12000 [ 20%]  (Warmup)
Chain 1: Iteration:  2400 / 12000 [ 20%]  (Warmup)
Chain 2: Iteration:  2400 / 12000 [ 20%]  (Warmup)
Chain 3: Iteration:  3600 / 12000 [ 30%]  (Warmup)
Chain 1: Iteration:  3600 / 12000 [ 30%]  (Warmup)
Chain 4: Iteration:  3600 / 12000 [ 30%]  (Warmup)
Chain 2: Iteration:  3600 / 12000 [ 30%]  (Warmup)
Chain 3: Iteration:  4800 / 12000 [ 40%]  (Warmup)
Chain 1: Iteration:  4800 / 12000 [ 40%]  (Warmup)
Chain 4: Iteration:  4800 / 12000 [ 40%]  (Warmup)
Chain 2: Iteration:  4800 / 12000 [ 40%]  (Warmup)
Chain 3: Iteration:  6000 / 12000 [ 50%]  (Warmup)
Chain 3: Iteration:  6001 / 12000 [ 50%]  (Sampling)
Chain 1: Iteration:  6000 / 12000 [ 50%]  (Warmup)
Chain 1: Iteration:  6001 / 12000 [ 50%]  (Sampling)
Chain 4: Iteration:  6000 / 12000 [ 50%]  (Warmup)
Chain 4: Iteration:  6001 / 12000 [ 50%]  (Sampling)
Chain 2: Iteration:  6000 / 12000 [ 50%]  (Warmup)
Chain 2: Iteration:  6001 / 12000 [ 50%]  (Sampling)
Chain 4: Iteration:  7200 / 12000 [ 60%]  (Sampling)
Chain 3: Iteration:  7200 / 12000 [ 60%]  (Sampling)
Chain 1: Iteration:  7200 / 12000 [ 60%]  (Sampling)
Chain 4: Iteration:  8400 / 12000 [ 70%]  (Sampling)
Chain 2: Iteration:  7200 / 12000 [ 60%]  (Sampling)
Chain 3: Iteration:  8400 / 12000 [ 70%]  (Sampling)
Chain 4: Iteration:  9600 / 12000 [ 80%]  (Sampling)
Chain 3: Iteration:  9600 / 12000 [ 80%]  (Sampling)
Chain 2: Iteration:  8400 / 12000 [ 70%]  (Sampling)
Chain 1: Iteration:  8400 / 12000 [ 70%]  (Sampling)
Chain 4: Iteration: 10800 / 12000 [ 90%]  (Sampling)
Chain 3: Iteration: 10800 / 12000 [ 90%]  (Sampling)
Chain 4: Iteration: 12000 / 12000 [100%]  (Sampling)
Chain 4: 
Chain 4:  Elapsed Time: 28.961 seconds (Warm-up)
Chain 4:                23.126 seconds (Sampling)
Chain 4:                52.087 seconds (Total)
Chain 4: 
Chain 2: Iteration:  9600 / 12000 [ 80%]  (Sampling)
Chain 1: Iteration:  9600 / 12000 [ 80%]  (Sampling)
Chain 3: Iteration: 12000 / 12000 [100%]  (Sampling)
Chain 3: 
Chain 3:  Elapsed Time: 28.059 seconds (Warm-up)
Chain 3:                29.077 seconds (Sampling)
Chain 3:                57.136 seconds (Total)
Chain 3: 
Chain 2: Iteration: 10800 / 12000 [ 90%]  (Sampling)
Chain 1: Iteration: 10800 / 12000 [ 90%]  (Sampling)
Chain 2: Iteration: 12000 / 12000 [100%]  (Sampling)
Chain 2: 
Chain 2:  Elapsed Time: 30.027 seconds (Warm-up)
Chain 2:                42.17 seconds (Sampling)
Chain 2:                72.197 seconds (Total)
Chain 2: 
Chain 1: Iteration: 12000 / 12000 [100%]  (Sampling)
Chain 1: 
Chain 1:  Elapsed Time: 28.76 seconds (Warm-up)
Chain 1:                45.219 seconds (Sampling)
Chain 1:                73.979 seconds (Total)
Chain 1: 
Done!
Fitting s11.json, 4/17

SAMPLING FOR MODEL 'anon_model' NOW (CHAIN 1).

SAMPLING FOR MODEL 'anon_model' NOW (CHAIN 2).
Chain 1: 
Chain 1: Gradient evaluation took 0.000234 seconds
Chain 1: 1000 transitions using 10 leapfrog steps per transition would take 2.34 seconds.
Chain 1: Adjust your expectations accordingly!
Chain 1: 
Chain 1: 
Chain 2: 
Chain 2: Gradient evaluation took 0.000225 seconds
Chain 2: 1000 transitions using 10 leapfrog steps per transition would take 2.25 seconds.
Chain 2: Adjust your expectations accordingly!
Chain 2: 
Chain 2: 
Chain 1: Iteration:     1 / 12000 [  0%]  (Warmup)

SAMPLING FOR MODEL 'anon_model' NOW (CHAIN 3).
Chain 2: Iteration:     1 / 12000 [  0%]  (Warmup)
Chain 3: 
Chain 3: Gradient evaluation took 0.000228 seconds
Chain 3: 1000 transitions using 10 leapfrog steps per transition would take 2.28 seconds.
Chain 3: Adjust your expectations accordingly!
Chain 3: 
Chain 3: 

SAMPLING FOR MODEL 'anon_model' NOW (CHAIN 4).
Chain 3: Iteration:     1 / 12000 [  0%]  (Warmup)
Chain 4: 
Chain 4: Gradient evaluation took 0.000229 seconds
Chain 4: 1000 transitions using 10 leapfrog steps per transition would take 2.29 seconds.
Chain 4: Adjust your expectations accordingly!
Chain 4: 
Chain 4: 
Chain 4: Iteration:     1 / 12000 [  0%]  (Warmup)
Chain 2: Iteration:  1200 / 12000 [ 10%]  (Warmup)
Chain 4: Iteration:  1200 / 12000 [ 10%]  (Warmup)
Chain 3: Iteration:  1200 / 12000 [ 10%]  (Warmup)
Chain 1: Iteration:  1200 / 12000 [ 10%]  (Warmup)
Chain 2: Iteration:  2400 / 12000 [ 20%]  (Warmup)
Chain 4: Iteration:  2400 / 12000 [ 20%]  (Warmup)
Chain 1: Iteration:  2400 / 12000 [ 20%]  (Warmup)
Chain 3: Iteration:  2400 / 12000 [ 20%]  (Warmup)
Chain 2: Iteration:  3600 / 12000 [ 30%]  (Warmup)
Chain 4: Iteration:  3600 / 12000 [ 30%]  (Warmup)
Chain 1: Iteration:  3600 / 12000 [ 30%]  (Warmup)
Chain 3: Iteration:  3600 / 12000 [ 30%]  (Warmup)
Chain 2: Iteration:  4800 / 12000 [ 40%]  (Warmup)
Chain 4: Iteration:  4800 / 12000 [ 40%]  (Warmup)
Chain 1: Iteration:  4800 / 12000 [ 40%]  (Warmup)
Chain 3: Iteration:  4800 / 12000 [ 40%]  (Warmup)
Chain 4: Iteration:  6000 / 12000 [ 50%]  (Warmup)
Chain 4: Iteration:  6001 / 12000 [ 50%]  (Sampling)
Chain 2: Iteration:  6000 / 12000 [ 50%]  (Warmup)
Chain 2: Iteration:  6001 / 12000 [ 50%]  (Sampling)
Chain 1: Iteration:  6000 / 12000 [ 50%]  (Warmup)
Chain 1: Iteration:  6001 / 12000 [ 50%]  (Sampling)
Chain 3: Iteration:  6000 / 12000 [ 50%]  (Warmup)
Chain 3: Iteration:  6001 / 12000 [ 50%]  (Sampling)
Chain 1: Iteration:  7200 / 12000 [ 60%]  (Sampling)
Chain 4: Iteration:  7200 / 12000 [ 60%]  (Sampling)
Chain 2: Iteration:  7200 / 12000 [ 60%]  (Sampling)
Chain 3: Iteration:  7200 / 12000 [ 60%]  (Sampling)
Chain 1: Iteration:  8400 / 12000 [ 70%]  (Sampling)
Chain 4: Iteration:  8400 / 12000 [ 70%]  (Sampling)
Chain 2: Iteration:  8400 / 12000 [ 70%]  (Sampling)
Chain 3: Iteration:  8400 / 12000 [ 70%]  (Sampling)
Chain 1: Iteration:  9600 / 12000 [ 80%]  (Sampling)
Chain 1: Iteration: 10800 / 12000 [ 90%]  (Sampling)
Chain 3: Iteration:  9600 / 12000 [ 80%]  (Sampling)
Chain 4: Iteration:  9600 / 12000 [ 80%]  (Sampling)
Chain 2: Iteration:  9600 / 12000 [ 80%]  (Sampling)
Chain 1: Iteration: 12000 / 12000 [100%]  (Sampling)
Chain 1: 
Chain 1:  Elapsed Time: 17.893 seconds (Warm-up)
Chain 1:                19.07 seconds (Sampling)
Chain 1:                36.963 seconds (Total)
Chain 1: 
Chain 3: Iteration: 10800 / 12000 [ 90%]  (Sampling)
Chain 4: Iteration: 10800 / 12000 [ 90%]  (Sampling)
Chain 2: Iteration: 10800 / 12000 [ 90%]  (Sampling)
Chain 3: Iteration: 12000 / 12000 [100%]  (Sampling)
Chain 3: 
Chain 3:  Elapsed Time: 18.245 seconds (Warm-up)
Chain 3:                25.99 seconds (Sampling)
Chain 3:                44.235 seconds (Total)
Chain 3: 
Chain 4: Iteration: 12000 / 12000 [100%]  (Sampling)
Chain 4: 
Chain 4:  Elapsed Time: 17.444 seconds (Warm-up)
Chain 4:                27.275 seconds (Sampling)
Chain 4:                44.719 seconds (Total)
Chain 4: 
Chain 2: Iteration: 12000 / 12000 [100%]  (Sampling)
Chain 2: 
Chain 2:  Elapsed Time: 17.545 seconds (Warm-up)
Chain 2:                27.219 seconds (Sampling)
Chain 2:                44.764 seconds (Total)
Chain 2: 
Done!
Fitting s12.json, 5/17

SAMPLING FOR MODEL 'anon_model' NOW (CHAIN 1).
Chain 1: 
Chain 1: Gradient evaluation took 0.000243 seconds
Chain 1: 1000 transitions using 10 leapfrog steps per transition would take 2.43 seconds.
Chain 1: Adjust your expectations accordingly!
Chain 1: 
Chain 1: 

SAMPLING FOR MODEL 'anon_model' NOW (CHAIN 2).

SAMPLING FOR MODEL 'anon_model' NOW (CHAIN 3).
Chain 1: Iteration:     1 / 12000 [  0%]  (Warmup)
Chain 2: 
Chain 2: Gradient evaluation took 0.000236 seconds
Chain 2: 1000 transitions using 10 leapfrog steps per transition would take 2.36 seconds.
Chain 2: Adjust your expectations accordingly!
Chain 2: 
Chain 2: 
Chain 3: 
Chain 3: Gradient evaluation took 0.000243 seconds
Chain 3: 1000 transitions using 10 leapfrog steps per transition would take 2.43 seconds.
Chain 3: Adjust your expectations accordingly!
Chain 3: 
Chain 3: 

SAMPLING FOR MODEL 'anon_model' NOW (CHAIN 4).
Chain 4: 
Chain 4: Gradient evaluation took 0.000215 seconds
Chain 4: 1000 transitions using 10 leapfrog steps per transition would take 2.15 seconds.
Chain 4: Adjust your expectations accordingly!
Chain 4: 
Chain 4: 
Chain 2: Iteration:     1 / 12000 [  0%]  (Warmup)
Chain 3: Iteration:     1 / 12000 [  0%]  (Warmup)
Chain 4: Iteration:     1 / 12000 [  0%]  (Warmup)
Chain 2: Iteration:  1200 / 12000 [ 10%]  (Warmup)
Chain 1: Iteration:  1200 / 12000 [ 10%]  (Warmup)
Chain 4: Iteration:  1200 / 12000 [ 10%]  (Warmup)
Chain 3: Iteration:  1200 / 12000 [ 10%]  (Warmup)
Chain 2: Iteration:  2400 / 12000 [ 20%]  (Warmup)
Chain 4: Iteration:  2400 / 12000 [ 20%]  (Warmup)
Chain 1: Iteration:  2400 / 12000 [ 20%]  (Warmup)
Chain 3: Iteration:  2400 / 12000 [ 20%]  (Warmup)
Chain 2: Iteration:  3600 / 12000 [ 30%]  (Warmup)
Chain 1: Iteration:  3600 / 12000 [ 30%]  (Warmup)
Chain 3: Iteration:  3600 / 12000 [ 30%]  (Warmup)
Chain 4: Iteration:  3600 / 12000 [ 30%]  (Warmup)
Chain 3: Iteration:  4800 / 12000 [ 40%]  (Warmup)
Chain 2: Iteration:  4800 / 12000 [ 40%]  (Warmup)
Chain 1: Iteration:  4800 / 12000 [ 40%]  (Warmup)
Chain 4: Iteration:  4800 / 12000 [ 40%]  (Warmup)
Chain 3: Iteration:  6000 / 12000 [ 50%]  (Warmup)
Chain 3: Iteration:  6001 / 12000 [ 50%]  (Sampling)
Chain 2: Iteration:  6000 / 12000 [ 50%]  (Warmup)
Chain 2: Iteration:  6001 / 12000 [ 50%]  (Sampling)
Chain 1: Iteration:  6000 / 12000 [ 50%]  (Warmup)
Chain 1: Iteration:  6001 / 12000 [ 50%]  (Sampling)
Chain 4: Iteration:  6000 / 12000 [ 50%]  (Warmup)
Chain 4: Iteration:  6001 / 12000 [ 50%]  (Sampling)
Chain 1: Iteration:  7200 / 12000 [ 60%]  (Sampling)
Chain 3: Iteration:  7200 / 12000 [ 60%]  (Sampling)
Chain 2: Iteration:  7200 / 12000 [ 60%]  (Sampling)
Chain 1: Iteration:  8400 / 12000 [ 70%]  (Sampling)
Chain 4: Iteration:  7200 / 12000 [ 60%]  (Sampling)
Chain 3: Iteration:  8400 / 12000 [ 70%]  (Sampling)
Chain 1: Iteration:  9600 / 12000 [ 80%]  (Sampling)
Chain 2: Iteration:  8400 / 12000 [ 70%]  (Sampling)
Chain 3: Iteration:  9600 / 12000 [ 80%]  (Sampling)
Chain 1: Iteration: 10800 / 12000 [ 90%]  (Sampling)
Chain 4: Iteration:  8400 / 12000 [ 70%]  (Sampling)
Chain 1: Iteration: 12000 / 12000 [100%]  (Sampling)
Chain 1: 
Chain 1:  Elapsed Time: 23.771 seconds (Warm-up)
Chain 1:                19.292 seconds (Sampling)
Chain 1:                43.063 seconds (Total)
Chain 1: 
Chain 3: Iteration: 10800 / 12000 [ 90%]  (Sampling)
Chain 2: Iteration:  9600 / 12000 [ 80%]  (Sampling)
Chain 4: Iteration:  9600 / 12000 [ 80%]  (Sampling)
Chain 3: Iteration: 12000 / 12000 [100%]  (Sampling)
Chain 3: 
Chain 3:  Elapsed Time: 23.492 seconds (Warm-up)
Chain 3:                25.092 seconds (Sampling)
Chain 3:                48.584 seconds (Total)
Chain 3: 
Chain 2: Iteration: 10800 / 12000 [ 90%]  (Sampling)
Chain 4: Iteration: 10800 / 12000 [ 90%]  (Sampling)
Chain 2: Iteration: 12000 / 12000 [100%]  (Sampling)
Chain 2: 
Chain 2:  Elapsed Time: 23.759 seconds (Warm-up)
Chain 2:                35.304 seconds (Sampling)
Chain 2:                59.063 seconds (Total)
Chain 2: 
Chain 4: Iteration: 12000 / 12000 [100%]  (Sampling)
Chain 4: 
Chain 4:  Elapsed Time: 24.677 seconds (Warm-up)
Chain 4:                38.549 seconds (Sampling)
Chain 4:                63.226 seconds (Total)
Chain 4: 
Done!
Fitting s13.json, 6/17

SAMPLING FOR MODEL 'anon_model' NOW (CHAIN 1).
Chain 1: 
Chain 1: Gradient evaluation took 0.000245 seconds
Chain 1: 1000 transitions using 10 leapfrog steps per transition would take 2.45 seconds.
Chain 1: Adjust your expectations accordingly!
Chain 1: 
Chain 1: 

SAMPLING FOR MODEL 'anon_model' NOW (CHAIN 2).

SAMPLING FOR MODEL 'anon_model' NOW (CHAIN 3).
Chain 2: 
Chain 2: Gradient evaluation took 0.000234 seconds
Chain 2: 1000 transitions using 10 leapfrog steps per transition would take 2.34 seconds.
Chain 2: Adjust your expectations accordingly!
Chain 2: 
Chain 2: 
Chain 1: Iteration:     1 / 12000 [  0%]  (Warmup)
Chain 3: 
Chain 3: Gradient evaluation took 0.000218 seconds
Chain 3: 1000 transitions using 10 leapfrog steps per transition would take 2.18 seconds.
Chain 3: Adjust your expectations accordingly!
Chain 3: 
Chain 3: 

SAMPLING FOR MODEL 'anon_model' NOW (CHAIN 4).
Chain 2: Iteration:     1 / 12000 [  0%]  (Warmup)
Chain 3: Iteration:     1 / 12000 [  0%]  (Warmup)
Chain 4: 
Chain 4: Gradient evaluation took 0.000217 seconds
Chain 4: 1000 transitions using 10 leapfrog steps per transition would take 2.17 seconds.
Chain 4: Adjust your expectations accordingly!
Chain 4: 
Chain 4: 
Chain 4: Iteration:     1 / 12000 [  0%]  (Warmup)
Chain 3: Iteration:  1200 / 12000 [ 10%]  (Warmup)
Chain 4: Iteration:  1200 / 12000 [ 10%]  (Warmup)
Chain 2: Iteration:  1200 / 12000 [ 10%]  (Warmup)
Chain 1: Iteration:  1200 / 12000 [ 10%]  (Warmup)
Chain 3: Iteration:  2400 / 12000 [ 20%]  (Warmup)
Chain 4: Iteration:  2400 / 12000 [ 20%]  (Warmup)
Chain 2: Iteration:  2400 / 12000 [ 20%]  (Warmup)
Chain 1: Iteration:  2400 / 12000 [ 20%]  (Warmup)
Chain 3: Iteration:  3600 / 12000 [ 30%]  (Warmup)
Chain 4: Iteration:  3600 / 12000 [ 30%]  (Warmup)
Chain 2: Iteration:  3600 / 12000 [ 30%]  (Warmup)
Chain 1: Iteration:  3600 / 12000 [ 30%]  (Warmup)
Chain 3: Iteration:  4800 / 12000 [ 40%]  (Warmup)
Chain 4: Iteration:  4800 / 12000 [ 40%]  (Warmup)
Chain 2: Iteration:  4800 / 12000 [ 40%]  (Warmup)
Chain 1: Iteration:  4800 / 12000 [ 40%]  (Warmup)
Chain 4: Iteration:  6000 / 12000 [ 50%]  (Warmup)
Chain 4: Iteration:  6001 / 12000 [ 50%]  (Sampling)
Chain 3: Iteration:  6000 / 12000 [ 50%]  (Warmup)
Chain 3: Iteration:  6001 / 12000 [ 50%]  (Sampling)
Chain 2: Iteration:  6000 / 12000 [ 50%]  (Warmup)
Chain 2: Iteration:  6001 / 12000 [ 50%]  (Sampling)
Chain 1: Iteration:  6000 / 12000 [ 50%]  (Warmup)
Chain 1: Iteration:  6001 / 12000 [ 50%]  (Sampling)
Chain 4: Iteration:  7200 / 12000 [ 60%]  (Sampling)
Chain 3: Iteration:  7200 / 12000 [ 60%]  (Sampling)
Chain 4: Iteration:  8400 / 12000 [ 70%]  (Sampling)
Chain 2: Iteration:  7200 / 12000 [ 60%]  (Sampling)
Chain 1: Iteration:  7200 / 12000 [ 60%]  (Sampling)
Chain 4: Iteration:  9600 / 12000 [ 80%]  (Sampling)
Chain 3: Iteration:  8400 / 12000 [ 70%]  (Sampling)
Chain 2: Iteration:  8400 / 12000 [ 70%]  (Sampling)
Chain 4: Iteration: 10800 / 12000 [ 90%]  (Sampling)
Chain 1: Iteration:  8400 / 12000 [ 70%]  (Sampling)
Chain 4: Iteration: 12000 / 12000 [100%]  (Sampling)
Chain 4: 
Chain 4:  Elapsed Time: 21.774 seconds (Warm-up)
Chain 4:                18.76 seconds (Sampling)
Chain 4:                40.534 seconds (Total)
Chain 4: 
Chain 3: Iteration:  9600 / 12000 [ 80%]  (Sampling)
Chain 2: Iteration:  9600 / 12000 [ 80%]  (Sampling)
Chain 1: Iteration:  9600 / 12000 [ 80%]  (Sampling)
Chain 3: Iteration: 10800 / 12000 [ 90%]  (Sampling)
Chain 2: Iteration: 10800 / 12000 [ 90%]  (Sampling)
Chain 1: Iteration: 10800 / 12000 [ 90%]  (Sampling)
Chain 3: Iteration: 12000 / 12000 [100%]  (Sampling)
Chain 3: 
Chain 3:  Elapsed Time: 22.054 seconds (Warm-up)
Chain 3:                31.413 seconds (Sampling)
Chain 3:                53.467 seconds (Total)
Chain 3: 
Chain 2: Iteration: 12000 / 12000 [100%]  (Sampling)
Chain 2: 
Chain 2:  Elapsed Time: 22.252 seconds (Warm-up)
Chain 2:                35.791 seconds (Sampling)
Chain 2:                58.043 seconds (Total)
Chain 2: 
Chain 1: Iteration: 12000 / 12000 [100%]  (Sampling)
Chain 1: 
Chain 1:  Elapsed Time: 22.459 seconds (Warm-up)
Chain 1:                36.835 seconds (Sampling)
Chain 1:                59.294 seconds (Total)
Chain 1: 
Done!
Fitting s14.json, 7/17

SAMPLING FOR MODEL 'anon_model' NOW (CHAIN 1).
Chain 1: 
Chain 1: Gradient evaluation took 0.000237 seconds
Chain 1: 1000 transitions using 10 leapfrog steps per transition would take 2.37 seconds.
Chain 1: Adjust your expectations accordingly!
Chain 1: 
Chain 1: 

SAMPLING FOR MODEL 'anon_model' NOW (CHAIN 2).
Chain 2: 
Chain 2: Gradient evaluation took 0.000229 seconds
Chain 2: 1000 transitions using 10 leapfrog steps per transition would take 2.29 seconds.
Chain 2: Adjust your expectations accordingly!
Chain 2: 
Chain 2: 
Chain 1: Iteration:     1 / 12000 [  0%]  (Warmup)

SAMPLING FOR MODEL 'anon_model' NOW (CHAIN 3).
Chain 3: 
Chain 3: Gradient evaluation took 0.000236 seconds
Chain 3: 1000 transitions using 10 leapfrog steps per transition would take 2.36 seconds.
Chain 3: Adjust your expectations accordingly!
Chain 3: 
Chain 3: 
Chain 2: Iteration:     1 / 12000 [  0%]  (Warmup)

SAMPLING FOR MODEL 'anon_model' NOW (CHAIN 4).
Chain 3: Iteration:     1 / 12000 [  0%]  (Warmup)
Chain 4: 
Chain 4: Gradient evaluation took 0.000217 seconds
Chain 4: 1000 transitions using 10 leapfrog steps per transition would take 2.17 seconds.
Chain 4: Adjust your expectations accordingly!
Chain 4: 
Chain 4: 
Chain 4: Iteration:     1 / 12000 [  0%]  (Warmup)
Chain 3: Iteration:  1200 / 12000 [ 10%]  (Warmup)
Chain 4: Iteration:  1200 / 12000 [ 10%]  (Warmup)
Chain 2: Iteration:  1200 / 12000 [ 10%]  (Warmup)
Chain 1: Iteration:  1200 / 12000 [ 10%]  (Warmup)
Chain 1: Iteration:  2400 / 12000 [ 20%]  (Warmup)
Chain 4: Iteration:  2400 / 12000 [ 20%]  (Warmup)
Chain 2: Iteration:  2400 / 12000 [ 20%]  (Warmup)
Chain 3: Iteration:  2400 / 12000 [ 20%]  (Warmup)
Chain 4: Iteration:  3600 / 12000 [ 30%]  (Warmup)
Chain 2: Iteration:  3600 / 12000 [ 30%]  (Warmup)
Chain 1: Iteration:  3600 / 12000 [ 30%]  (Warmup)
Chain 3: Iteration:  3600 / 12000 [ 30%]  (Warmup)
Chain 2: Iteration:  4800 / 12000 [ 40%]  (Warmup)
Chain 4: Iteration:  4800 / 12000 [ 40%]  (Warmup)
Chain 1: Iteration:  4800 / 12000 [ 40%]  (Warmup)
Chain 3: Iteration:  4800 / 12000 [ 40%]  (Warmup)
Chain 2: Iteration:  6000 / 12000 [ 50%]  (Warmup)
Chain 2: Iteration:  6001 / 12000 [ 50%]  (Sampling)
Chain 4: Iteration:  6000 / 12000 [ 50%]  (Warmup)
Chain 4: Iteration:  6001 / 12000 [ 50%]  (Sampling)
Chain 3: Iteration:  6000 / 12000 [ 50%]  (Warmup)
Chain 3: Iteration:  6001 / 12000 [ 50%]  (Sampling)
Chain 1: Iteration:  6000 / 12000 [ 50%]  (Warmup)
Chain 1: Iteration:  6001 / 12000 [ 50%]  (Sampling)
Chain 3: Iteration:  7200 / 12000 [ 60%]  (Sampling)
Chain 2: Iteration:  7200 / 12000 [ 60%]  (Sampling)
Chain 4: Iteration:  7200 / 12000 [ 60%]  (Sampling)
Chain 1: Iteration:  7200 / 12000 [ 60%]  (Sampling)
Chain 3: Iteration:  8400 / 12000 [ 70%]  (Sampling)
Chain 2: Iteration:  8400 / 12000 [ 70%]  (Sampling)
Chain 3: Iteration:  9600 / 12000 [ 80%]  (Sampling)
Chain 4: Iteration:  8400 / 12000 [ 70%]  (Sampling)
Chain 1: Iteration:  8400 / 12000 [ 70%]  (Sampling)
Chain 3: Iteration: 10800 / 12000 [ 90%]  (Sampling)
Chain 2: Iteration:  9600 / 12000 [ 80%]  (Sampling)
Chain 4: Iteration:  9600 / 12000 [ 80%]  (Sampling)
Chain 3: Iteration: 12000 / 12000 [100%]  (Sampling)
Chain 3: 
Chain 3:  Elapsed Time: 19.692 seconds (Warm-up)
Chain 3:                14.77 seconds (Sampling)
Chain 3:                34.462 seconds (Total)
Chain 3: 
Chain 2: Iteration: 10800 / 12000 [ 90%]  (Sampling)
Chain 1: Iteration:  9600 / 12000 [ 80%]  (Sampling)
Chain 4: Iteration: 10800 / 12000 [ 90%]  (Sampling)
Chain 2: Iteration: 12000 / 12000 [100%]  (Sampling)
Chain 2: 
Chain 2:  Elapsed Time: 19.327 seconds (Warm-up)
Chain 2:                21.379 seconds (Sampling)
Chain 2:                40.706 seconds (Total)
Chain 2: 
Chain 1: Iteration: 10800 / 12000 [ 90%]  (Sampling)
Chain 4: Iteration: 12000 / 12000 [100%]  (Sampling)
Chain 4: 
Chain 4:  Elapsed Time: 19.428 seconds (Warm-up)
Chain 4:                24.546 seconds (Sampling)
Chain 4:                43.974 seconds (Total)
Chain 4: 
Chain 1: Iteration: 12000 / 12000 [100%]  (Sampling)
Chain 1: 
Chain 1:  Elapsed Time: 19.792 seconds (Warm-up)
Chain 1:                28.634 seconds (Sampling)
Chain 1:                48.426 seconds (Total)
Chain 1: 
Done!
Fitting s15.json, 8/17

SAMPLING FOR MODEL 'anon_model' NOW (CHAIN 1).
Chain 1: 
Chain 1: Gradient evaluation took 0.000238 seconds
Chain 1: 1000 transitions using 10 leapfrog steps per transition would take 2.38 seconds.
Chain 1: Adjust your expectations accordingly!
Chain 1: 
Chain 1: 

SAMPLING FOR MODEL 'anon_model' NOW (CHAIN 2).
Chain 2: 
Chain 2: Gradient evaluation took 0.000235 seconds
Chain 2: 1000 transitions using 10 leapfrog steps per transition would take 2.35 seconds.
Chain 2: Adjust your expectations accordingly!
Chain 2: 
Chain 2: 

SAMPLING FOR MODEL 'anon_model' NOW (CHAIN 3).
Chain 1: Iteration:     1 / 12000 [  0%]  (Warmup)
Chain 3: 
Chain 3: Gradient evaluation took 0.000229 seconds
Chain 3: 1000 transitions using 10 leapfrog steps per transition would take 2.29 seconds.
Chain 3: Adjust your expectations accordingly!
Chain 3: 
Chain 3: 
Chain 2: Iteration:     1 / 12000 [  0%]  (Warmup)

SAMPLING FOR MODEL 'anon_model' NOW (CHAIN 4).
Chain 3: Iteration:     1 / 12000 [  0%]  (Warmup)
Chain 4: 
Chain 4: Gradient evaluation took 0.000222 seconds
Chain 4: 1000 transitions using 10 leapfrog steps per transition would take 2.22 seconds.
Chain 4: Adjust your expectations accordingly!
Chain 4: 
Chain 4: 
Chain 4: Iteration:     1 / 12000 [  0%]  (Warmup)
Chain 1: Iteration:  1200 / 12000 [ 10%]  (Warmup)
Chain 2: Iteration:  1200 / 12000 [ 10%]  (Warmup)
Chain 3: Iteration:  1200 / 12000 [ 10%]  (Warmup)
Chain 4: Iteration:  1200 / 12000 [ 10%]  (Warmup)
Chain 1: Iteration:  2400 / 12000 [ 20%]  (Warmup)
Chain 2: Iteration:  2400 / 12000 [ 20%]  (Warmup)
Chain 3: Iteration:  2400 / 12000 [ 20%]  (Warmup)
Chain 4: Iteration:  2400 / 12000 [ 20%]  (Warmup)
Chain 1: Iteration:  3600 / 12000 [ 30%]  (Warmup)
Chain 2: Iteration:  3600 / 12000 [ 30%]  (Warmup)
Chain 3: Iteration:  3600 / 12000 [ 30%]  (Warmup)
Chain 4: Iteration:  3600 / 12000 [ 30%]  (Warmup)
Chain 1: Iteration:  4800 / 12000 [ 40%]  (Warmup)
Chain 2: Iteration:  4800 / 12000 [ 40%]  (Warmup)
Chain 3: Iteration:  4800 / 12000 [ 40%]  (Warmup)
Chain 4: Iteration:  4800 / 12000 [ 40%]  (Warmup)
Chain 2: Iteration:  6000 / 12000 [ 50%]  (Warmup)
Chain 2: Iteration:  6001 / 12000 [ 50%]  (Sampling)
Chain 3: Iteration:  6000 / 12000 [ 50%]  (Warmup)
Chain 3: Iteration:  6001 / 12000 [ 50%]  (Sampling)
Chain 1: Iteration:  6000 / 12000 [ 50%]  (Warmup)
Chain 1: Iteration:  6001 / 12000 [ 50%]  (Sampling)
Chain 4: Iteration:  6000 / 12000 [ 50%]  (Warmup)
Chain 4: Iteration:  6001 / 12000 [ 50%]  (Sampling)
Chain 4: Iteration:  7200 / 12000 [ 60%]  (Sampling)
Chain 2: Iteration:  7200 / 12000 [ 60%]  (Sampling)
Chain 3: Iteration:  7200 / 12000 [ 60%]  (Sampling)
Chain 1: Iteration:  7200 / 12000 [ 60%]  (Sampling)
Chain 4: Iteration:  8400 / 12000 [ 70%]  (Sampling)
Chain 4: Iteration:  9600 / 12000 [ 80%]  (Sampling)
Chain 2: Iteration:  8400 / 12000 [ 70%]  (Sampling)
Chain 3: Iteration:  8400 / 12000 [ 70%]  (Sampling)
Chain 1: Iteration:  8400 / 12000 [ 70%]  (Sampling)
Chain 4: Iteration: 10800 / 12000 [ 90%]  (Sampling)
Chain 2: Iteration:  9600 / 12000 [ 80%]  (Sampling)
Chain 4: Iteration: 12000 / 12000 [100%]  (Sampling)
Chain 4: 
Chain 4:  Elapsed Time: 21.944 seconds (Warm-up)
Chain 4:                17.948 seconds (Sampling)
Chain 4:                39.892 seconds (Total)
Chain 4: 
Chain 3: Iteration:  9600 / 12000 [ 80%]  (Sampling)
Chain 1: Iteration:  9600 / 12000 [ 80%]  (Sampling)
Chain 2: Iteration: 10800 / 12000 [ 90%]  (Sampling)
Chain 3: Iteration: 10800 / 12000 [ 90%]  (Sampling)
Chain 1: Iteration: 10800 / 12000 [ 90%]  (Sampling)
Chain 2: Iteration: 12000 / 12000 [100%]  (Sampling)
Chain 2: 
Chain 2:  Elapsed Time: 21.229 seconds (Warm-up)
Chain 2:                30.275 seconds (Sampling)
Chain 2:                51.504 seconds (Total)
Chain 2: 
Chain 3: Iteration: 12000 / 12000 [100%]  (Sampling)
Chain 3: 
Chain 3:  Elapsed Time: 21.262 seconds (Warm-up)
Chain 3:                32.212 seconds (Sampling)
Chain 3:                53.474 seconds (Total)
Chain 3: 
Chain 1: Iteration: 12000 / 12000 [100%]  (Sampling)
Chain 1: 
Chain 1:  Elapsed Time: 21.318 seconds (Warm-up)
Chain 1:                35.301 seconds (Sampling)
Chain 1:                56.619 seconds (Total)
Chain 1: 
Done!
Fitting s16.json, 9/17

SAMPLING FOR MODEL 'anon_model' NOW (CHAIN 1).

SAMPLING FOR MODEL 'anon_model' NOW (CHAIN 2).
Chain 1: 
Chain 1: Gradient evaluation took 0.000233 seconds
Chain 1: 1000 transitions using 10 leapfrog steps per transition would take 2.33 seconds.
Chain 1: Adjust your expectations accordingly!
Chain 1: 
Chain 1: 
Chain 2: 
Chain 2: Gradient evaluation took 0.00022 seconds
Chain 2: 1000 transitions using 10 leapfrog steps per transition would take 2.2 seconds.
Chain 2: Adjust your expectations accordingly!
Chain 2: 
Chain 2: 
Chain 1: Iteration:     1 / 12000 [  0%]  (Warmup)

SAMPLING FOR MODEL 'anon_model' NOW (CHAIN 3).
Chain 2: Iteration:     1 / 12000 [  0%]  (Warmup)
Chain 3: 
Chain 3: Gradient evaluation took 0.000218 seconds
Chain 3: 1000 transitions using 10 leapfrog steps per transition would take 2.18 seconds.
Chain 3: Adjust your expectations accordingly!
Chain 3: 
Chain 3: 

SAMPLING FOR MODEL 'anon_model' NOW (CHAIN 4).
Chain 4: 
Chain 4: Gradient evaluation took 0.000212 seconds
Chain 4: 1000 transitions using 10 leapfrog steps per transition would take 2.12 seconds.
Chain 4: Adjust your expectations accordingly!
Chain 4: 
Chain 4: 
Chain 3: Iteration:     1 / 12000 [  0%]  (Warmup)
Chain 4: Iteration:     1 / 12000 [  0%]  (Warmup)
Chain 1: Iteration:  1200 / 12000 [ 10%]  (Warmup)
Chain 3: Iteration:  1200 / 12000 [ 10%]  (Warmup)
Chain 2: Iteration:  1200 / 12000 [ 10%]  (Warmup)
Chain 4: Iteration:  1200 / 12000 [ 10%]  (Warmup)
Chain 1: Iteration:  2400 / 12000 [ 20%]  (Warmup)
Chain 3: Iteration:  2400 / 12000 [ 20%]  (Warmup)
Chain 2: Iteration:  2400 / 12000 [ 20%]  (Warmup)
Chain 4: Iteration:  2400 / 12000 [ 20%]  (Warmup)
Chain 1: Iteration:  3600 / 12000 [ 30%]  (Warmup)
Chain 2: Iteration:  3600 / 12000 [ 30%]  (Warmup)
Chain 3: Iteration:  3600 / 12000 [ 30%]  (Warmup)
Chain 4: Iteration:  3600 / 12000 [ 30%]  (Warmup)
Chain 1: Iteration:  4800 / 12000 [ 40%]  (Warmup)
Chain 2: Iteration:  4800 / 12000 [ 40%]  (Warmup)
Chain 3: Iteration:  4800 / 12000 [ 40%]  (Warmup)
Chain 4: Iteration:  4800 / 12000 [ 40%]  (Warmup)
Chain 1: Iteration:  6000 / 12000 [ 50%]  (Warmup)
Chain 1: Iteration:  6001 / 12000 [ 50%]  (Sampling)
Chain 2: Iteration:  6000 / 12000 [ 50%]  (Warmup)
Chain 2: Iteration:  6001 / 12000 [ 50%]  (Sampling)
Chain 3: Iteration:  6000 / 12000 [ 50%]  (Warmup)
Chain 3: Iteration:  6001 / 12000 [ 50%]  (Sampling)
Chain 4: Iteration:  6000 / 12000 [ 50%]  (Warmup)
Chain 4: Iteration:  6001 / 12000 [ 50%]  (Sampling)
Chain 1: Iteration:  7200 / 12000 [ 60%]  (Sampling)
Chain 3: Iteration:  7200 / 12000 [ 60%]  (Sampling)
Chain 2: Iteration:  7200 / 12000 [ 60%]  (Sampling)
Chain 1: Iteration:  8400 / 12000 [ 70%]  (Sampling)
Chain 4: Iteration:  7200 / 12000 [ 60%]  (Sampling)
Chain 3: Iteration:  8400 / 12000 [ 70%]  (Sampling)
Chain 1: Iteration:  9600 / 12000 [ 80%]  (Sampling)
Chain 2: Iteration:  8400 / 12000 [ 70%]  (Sampling)
Chain 3: Iteration:  9600 / 12000 [ 80%]  (Sampling)
Chain 4: Iteration:  8400 / 12000 [ 70%]  (Sampling)
Chain 1: Iteration: 10800 / 12000 [ 90%]  (Sampling)
Chain 2: Iteration:  9600 / 12000 [ 80%]  (Sampling)
Chain 3: Iteration: 10800 / 12000 [ 90%]  (Sampling)
Chain 1: Iteration: 12000 / 12000 [100%]  (Sampling)
Chain 1: 
Chain 1:  Elapsed Time: 32.093 seconds (Warm-up)
Chain 1:                30.287 seconds (Sampling)
Chain 1:                62.38 seconds (Total)
Chain 1: 
Chain 4: Iteration:  9600 / 12000 [ 80%]  (Sampling)
Chain 3: Iteration: 12000 / 12000 [100%]  (Sampling)
Chain 3: 
Chain 3:  Elapsed Time: 33.902 seconds (Warm-up)
Chain 3:                34.839 seconds (Sampling)
Chain 3:                68.741 seconds (Total)
Chain 3: 
Chain 2: Iteration: 10800 / 12000 [ 90%]  (Sampling)
Chain 4: Iteration: 10800 / 12000 [ 90%]  (Sampling)
Chain 2: Iteration: 12000 / 12000 [100%]  (Sampling)
Chain 2: 
Chain 2:  Elapsed Time: 33.019 seconds (Warm-up)
Chain 2:                44.541 seconds (Sampling)
Chain 2:                77.56 seconds (Total)
Chain 2: 
Chain 4: Iteration: 12000 / 12000 [100%]  (Sampling)
Chain 4: 
Chain 4:  Elapsed Time: 34.92 seconds (Warm-up)
Chain 4:                50.54 seconds (Sampling)
Chain 4:                85.46 seconds (Total)
Chain 4: 
Done!
Fitting s2.json, 10/17

SAMPLING FOR MODEL 'anon_model' NOW (CHAIN 1).
Chain 1: 
Chain 1: Gradient evaluation took 0.000268 seconds
Chain 1: 1000 transitions using 10 leapfrog steps per transition would take 2.68 seconds.
Chain 1: Adjust your expectations accordingly!
Chain 1: 
Chain 1: 

SAMPLING FOR MODEL 'anon_model' NOW (CHAIN 2).

SAMPLING FOR MODEL 'anon_model' NOW (CHAIN 3).
Chain 2: 
Chain 2: Gradient evaluation took 0.000318 seconds
Chain 2: 1000 transitions using 10 leapfrog steps per transition would take 3.18 seconds.
Chain 2: Adjust your expectations accordingly!
Chain 2: 
Chain 2: 
Chain 3: 
Chain 3: Gradient evaluation took 0.000239 seconds
Chain 3: 1000 transitions using 10 leapfrog steps per transition would take 2.39 seconds.
Chain 3: Adjust your expectations accordingly!
Chain 3: 
Chain 3: 

SAMPLING FOR MODEL 'anon_model' NOW (CHAIN 4).
Chain 4: 
Chain 4: Gradient evaluation took 0.00027 seconds
Chain 4: 1000 transitions using 10 leapfrog steps per transition would take 2.7 seconds.
Chain 4: Adjust your expectations accordingly!
Chain 4: 
Chain 4: 
Chain 1: Iteration:     1 / 12000 [  0%]  (Warmup)
Chain 2: Iteration:     1 / 12000 [  0%]  (Warmup)
Chain 3: Iteration:     1 / 12000 [  0%]  (Warmup)
Chain 4: Iteration:     1 / 12000 [  0%]  (Warmup)
Chain 3: Iteration:  1200 / 12000 [ 10%]  (Warmup)
Chain 1: Iteration:  1200 / 12000 [ 10%]  (Warmup)
Chain 2: Iteration:  1200 / 12000 [ 10%]  (Warmup)
Chain 4: Iteration:  1200 / 12000 [ 10%]  (Warmup)
Chain 3: Iteration:  2400 / 12000 [ 20%]  (Warmup)
Chain 1: Iteration:  2400 / 12000 [ 20%]  (Warmup)
Chain 2: Iteration:  2400 / 12000 [ 20%]  (Warmup)
Chain 4: Iteration:  2400 / 12000 [ 20%]  (Warmup)
Chain 1: Iteration:  3600 / 12000 [ 30%]  (Warmup)
Chain 3: Iteration:  3600 / 12000 [ 30%]  (Warmup)
Chain 2: Iteration:  3600 / 12000 [ 30%]  (Warmup)
Chain 4: Iteration:  3600 / 12000 [ 30%]  (Warmup)
Chain 1: Iteration:  4800 / 12000 [ 40%]  (Warmup)
Chain 2: Iteration:  4800 / 12000 [ 40%]  (Warmup)
Chain 3: Iteration:  4800 / 12000 [ 40%]  (Warmup)
Chain 4: Iteration:  4800 / 12000 [ 40%]  (Warmup)
Chain 1: Iteration:  6000 / 12000 [ 50%]  (Warmup)
Chain 1: Iteration:  6001 / 12000 [ 50%]  (Sampling)
Chain 2: Iteration:  6000 / 12000 [ 50%]  (Warmup)
Chain 2: Iteration:  6001 / 12000 [ 50%]  (Sampling)
Chain 4: Iteration:  6000 / 12000 [ 50%]  (Warmup)
Chain 4: Iteration:  6001 / 12000 [ 50%]  (Sampling)
Chain 3: Iteration:  6000 / 12000 [ 50%]  (Warmup)
Chain 3: Iteration:  6001 / 12000 [ 50%]  (Sampling)
Chain 1: Iteration:  7200 / 12000 [ 60%]  (Sampling)
Chain 4: Iteration:  7200 / 12000 [ 60%]  (Sampling)
Chain 3: Iteration:  7200 / 12000 [ 60%]  (Sampling)
Chain 1: Iteration:  8400 / 12000 [ 70%]  (Sampling)
Chain 2: Iteration:  7200 / 12000 [ 60%]  (Sampling)
Chain 4: Iteration:  8400 / 12000 [ 70%]  (Sampling)
Chain 3: Iteration:  8400 / 12000 [ 70%]  (Sampling)
Chain 1: Iteration:  9600 / 12000 [ 80%]  (Sampling)
Chain 4: Iteration:  9600 / 12000 [ 80%]  (Sampling)
Chain 2: Iteration:  8400 / 12000 [ 70%]  (Sampling)
Chain 1: Iteration: 10800 / 12000 [ 90%]  (Sampling)
Chain 3: Iteration:  9600 / 12000 [ 80%]  (Sampling)
Chain 4: Iteration: 10800 / 12000 [ 90%]  (Sampling)
Chain 1: Iteration: 12000 / 12000 [100%]  (Sampling)
Chain 1: 
Chain 1:  Elapsed Time: 14.601 seconds (Warm-up)
Chain 1:                12.92 seconds (Sampling)
Chain 1:                27.521 seconds (Total)
Chain 1: 
Chain 4: Iteration: 12000 / 12000 [100%]  (Sampling)
Chain 4: 
Chain 4:  Elapsed Time: 15.052 seconds (Warm-up)
Chain 4:                12.971 seconds (Sampling)
Chain 4:                28.023 seconds (Total)
Chain 4: 
Chain 3: Iteration: 10800 / 12000 [ 90%]  (Sampling)
Chain 2: Iteration:  9600 / 12000 [ 80%]  (Sampling)
Chain 3: Iteration: 12000 / 12000 [100%]  (Sampling)
Chain 3: 
Chain 3:  Elapsed Time: 15.067 seconds (Warm-up)
Chain 3:                17.051 seconds (Sampling)
Chain 3:                32.118 seconds (Total)
Chain 3: 
Chain 2: Iteration: 10800 / 12000 [ 90%]  (Sampling)
Chain 2: Iteration: 12000 / 12000 [100%]  (Sampling)
Chain 2: 
Chain 2:  Elapsed Time: 14.84 seconds (Warm-up)
Chain 2:                24.394 seconds (Sampling)
Chain 2:                39.234 seconds (Total)
Chain 2: 
Done!
Fitting s3.json, 11/17

SAMPLING FOR MODEL 'anon_model' NOW (CHAIN 1).

SAMPLING FOR MODEL 'anon_model' NOW (CHAIN 2).
Chain 1: 
Chain 1: Gradient evaluation took 0.000235 seconds
Chain 1: 1000 transitions using 10 leapfrog steps per transition would take 2.35 seconds.
Chain 1: Adjust your expectations accordingly!
Chain 1: 
Chain 1: 
Chain 2: 
Chain 2: Gradient evaluation took 0.00022 seconds
Chain 2: 1000 transitions using 10 leapfrog steps per transition would take 2.2 seconds.
Chain 2: Adjust your expectations accordingly!
Chain 2: 
Chain 2: 

SAMPLING FOR MODEL 'anon_model' NOW (CHAIN 3).
Chain 1: Iteration:     1 / 12000 [  0%]  (Warmup)
Chain 3: 
Chain 3: Gradient evaluation took 0.00022 seconds
Chain 3: 1000 transitions using 10 leapfrog steps per transition would take 2.2 seconds.
Chain 3: Adjust your expectations accordingly!
Chain 3: 
Chain 3: 
Chain 2: Iteration:     1 / 12000 [  0%]  (Warmup)

SAMPLING FOR MODEL 'anon_model' NOW (CHAIN 4).
Chain 4: 
Chain 4: Gradient evaluation took 0.000216 seconds
Chain 4: 1000 transitions using 10 leapfrog steps per transition would take 2.16 seconds.
Chain 4: Adjust your expectations accordingly!
Chain 4: 
Chain 4: 
Chain 3: Iteration:     1 / 12000 [  0%]  (Warmup)
Chain 4: Iteration:     1 / 12000 [  0%]  (Warmup)
Chain 2: Iteration:  1200 / 12000 [ 10%]  (Warmup)
Chain 3: Iteration:  1200 / 12000 [ 10%]  (Warmup)
Chain 4: Iteration:  1200 / 12000 [ 10%]  (Warmup)
Chain 1: Iteration:  1200 / 12000 [ 10%]  (Warmup)
Chain 2: Iteration:  2400 / 12000 [ 20%]  (Warmup)
Chain 3: Iteration:  2400 / 12000 [ 20%]  (Warmup)
Chain 4: Iteration:  2400 / 12000 [ 20%]  (Warmup)
Chain 1: Iteration:  2400 / 12000 [ 20%]  (Warmup)
Chain 2: Iteration:  3600 / 12000 [ 30%]  (Warmup)
Chain 3: Iteration:  3600 / 12000 [ 30%]  (Warmup)
Chain 4: Iteration:  3600 / 12000 [ 30%]  (Warmup)
Chain 1: Iteration:  3600 / 12000 [ 30%]  (Warmup)
Chain 2: Iteration:  4800 / 12000 [ 40%]  (Warmup)
Chain 3: Iteration:  4800 / 12000 [ 40%]  (Warmup)
Chain 4: Iteration:  4800 / 12000 [ 40%]  (Warmup)
Chain 1: Iteration:  4800 / 12000 [ 40%]  (Warmup)
Chain 2: Iteration:  6000 / 12000 [ 50%]  (Warmup)
Chain 2: Iteration:  6001 / 12000 [ 50%]  (Sampling)
Chain 3: Iteration:  6000 / 12000 [ 50%]  (Warmup)
Chain 3: Iteration:  6001 / 12000 [ 50%]  (Sampling)
Chain 4: Iteration:  6000 / 12000 [ 50%]  (Warmup)
Chain 4: Iteration:  6001 / 12000 [ 50%]  (Sampling)
Chain 1: Iteration:  6000 / 12000 [ 50%]  (Warmup)
Chain 1: Iteration:  6001 / 12000 [ 50%]  (Sampling)
Chain 2: Iteration:  7200 / 12000 [ 60%]  (Sampling)
Chain 3: Iteration:  7200 / 12000 [ 60%]  (Sampling)
Chain 4: Iteration:  7200 / 12000 [ 60%]  (Sampling)
Chain 1: Iteration:  7200 / 12000 [ 60%]  (Sampling)
Chain 2: Iteration:  8400 / 12000 [ 70%]  (Sampling)
Chain 4: Iteration:  8400 / 12000 [ 70%]  (Sampling)
Chain 2: Iteration:  9600 / 12000 [ 80%]  (Sampling)
Chain 1: Iteration:  8400 / 12000 [ 70%]  (Sampling)
Chain 3: Iteration:  8400 / 12000 [ 70%]  (Sampling)
Chain 2: Iteration: 10800 / 12000 [ 90%]  (Sampling)
Chain 4: Iteration:  9600 / 12000 [ 80%]  (Sampling)
Chain 1: Iteration:  9600 / 12000 [ 80%]  (Sampling)
Chain 3: Iteration:  9600 / 12000 [ 80%]  (Sampling)
Chain 2: Iteration: 12000 / 12000 [100%]  (Sampling)
Chain 2: 
Chain 2:  Elapsed Time: 19.443 seconds (Warm-up)
Chain 2:                16.465 seconds (Sampling)
Chain 2:                35.908 seconds (Total)
Chain 2: 
Chain 4: Iteration: 10800 / 12000 [ 90%]  (Sampling)
Chain 1: Iteration: 10800 / 12000 [ 90%]  (Sampling)
Chain 3: Iteration: 10800 / 12000 [ 90%]  (Sampling)
Chain 4: Iteration: 12000 / 12000 [100%]  (Sampling)
Chain 4: 
Chain 4:  Elapsed Time: 21.451 seconds (Warm-up)
Chain 4:                19.129 seconds (Sampling)
Chain 4:                40.58 seconds (Total)
Chain 4: 
Chain 1: Iteration: 12000 / 12000 [100%]  (Sampling)
Chain 1: 
Chain 1:  Elapsed Time: 21.625 seconds (Warm-up)
Chain 1:                19.795 seconds (Sampling)
Chain 1:                41.42 seconds (Total)
Chain 1: 
Chain 3: Iteration: 12000 / 12000 [100%]  (Sampling)
Chain 3: 
Chain 3:  Elapsed Time: 20.623 seconds (Warm-up)
Chain 3:                22.708 seconds (Sampling)
Chain 3:                43.331 seconds (Total)
Chain 3: 
Done!
Fitting s4.json, 12/17

SAMPLING FOR MODEL 'anon_model' NOW (CHAIN 1).
Chain 1: 
Chain 1: Gradient evaluation took 0.00026 seconds
Chain 1: 1000 transitions using 10 leapfrog steps per transition would take 2.6 seconds.
Chain 1: Adjust your expectations accordingly!
Chain 1: 
Chain 1: 

SAMPLING FOR MODEL 'anon_model' NOW (CHAIN 2).
Chain 2: 
Chain 2: Gradient evaluation took 0.00022 seconds
Chain 
2SAMPLING:  FOR MODEL '1000 transitions using 10 leapfrog steps per transition would take 2.2 seconds.anon_model
' NOW (CHAIN Chain 2: Adjust your expectations accordingly!
Chain 2: 
Chain 2: 
3).
Chain 1: Iteration:     1 / 12000 [  0%]  (Warmup)
Chain 3: 
Chain 3: Gradient evaluation took 0.00023 seconds
Chain 3: 1000 transitions using 10 leapfrog steps per transition would take 2.3 seconds.
Chain 3: Adjust your expectations accordingly!
Chain 3: 
Chain 3: 

SAMPLING FOR MODEL 'anon_model' NOW (CHAIN 4).
Chain 2: Iteration:     1 / 12000 [  0%]  (Warmup)
Chain 4: 
Chain 4: Gradient evaluation took 0.000221 seconds
Chain 4: 1000 transitions using 10 leapfrog steps per transition would take 2.21 seconds.
Chain 4: Adjust your expectations accordingly!
Chain 4: 
Chain 4: 
Chain 3: Iteration:     1 / 12000 [  0%]  (Warmup)
Chain 4: Iteration:     1 / 12000 [  0%]  (Warmup)
Chain 4: Iteration:  1200 / 12000 [ 10%]  (Warmup)
Chain 3: Iteration:  1200 / 12000 [ 10%]  (Warmup)
Chain 1: Iteration:  1200 / 12000 [ 10%]  (Warmup)
Chain 2: Iteration:  1200 / 12000 [ 10%]  (Warmup)
Chain 4: Iteration:  2400 / 12000 [ 20%]  (Warmup)
Chain 3: Iteration:  2400 / 12000 [ 20%]  (Warmup)
Chain 1: Iteration:  2400 / 12000 [ 20%]  (Warmup)
Chain 2: Iteration:  2400 / 12000 [ 20%]  (Warmup)
Chain 4: Iteration:  3600 / 12000 [ 30%]  (Warmup)
Chain 3: Iteration:  3600 / 12000 [ 30%]  (Warmup)
Chain 1: Iteration:  3600 / 12000 [ 30%]  (Warmup)
Chain 2: Iteration:  3600 / 12000 [ 30%]  (Warmup)
Chain 4: Iteration:  4800 / 12000 [ 40%]  (Warmup)
Chain 3: Iteration:  4800 / 12000 [ 40%]  (Warmup)
Chain 1: Iteration:  4800 / 12000 [ 40%]  (Warmup)
Chain 2: Iteration:  4800 / 12000 [ 40%]  (Warmup)
Chain 3: Iteration:  6000 / 12000 [ 50%]  (Warmup)
Chain 3: Iteration:  6001 / 12000 [ 50%]  (Sampling)
Chain 4: Iteration:  6000 / 12000 [ 50%]  (Warmup)
Chain 4: Iteration:  6001 / 12000 [ 50%]  (Sampling)
Chain 1: Iteration:  6000 / 12000 [ 50%]  (Warmup)
Chain 1: Iteration:  6001 / 12000 [ 50%]  (Sampling)
Chain 2: Iteration:  6000 / 12000 [ 50%]  (Warmup)
Chain 2: Iteration:  6001 / 12000 [ 50%]  (Sampling)
Chain 3: Iteration:  7200 / 12000 [ 60%]  (Sampling)
Chain 1: Iteration:  7200 / 12000 [ 60%]  (Sampling)
Chain 4: Iteration:  7200 / 12000 [ 60%]  (Sampling)
Chain 3: Iteration:  8400 / 12000 [ 70%]  (Sampling)
Chain 1: Iteration:  8400 / 12000 [ 70%]  (Sampling)
Chain 2: Iteration:  7200 / 12000 [ 60%]  (Sampling)
Chain 3: Iteration:  9600 / 12000 [ 80%]  (Sampling)
Chain 1: Iteration:  9600 / 12000 [ 80%]  (Sampling)
Chain 4: Iteration:  8400 / 12000 [ 70%]  (Sampling)
Chain 3: Iteration: 10800 / 12000 [ 90%]  (Sampling)
Chain 1: Iteration: 10800 / 12000 [ 90%]  (Sampling)
Chain 2: Iteration:  8400 / 12000 [ 70%]  (Sampling)
Chain 3: Iteration: 12000 / 12000 [100%]  (Sampling)
Chain 3: 
Chain 3:  Elapsed Time: 19.759 seconds (Warm-up)
Chain 3:                15.656 seconds (Sampling)
Chain 3:                35.415 seconds (Total)
Chain 3: 
Chain 1: Iteration: 12000 / 12000 [100%]  (Sampling)
Chain 1: 
Chain 1:  Elapsed Time: 20.092 seconds (Warm-up)
Chain 1:                16.184 seconds (Sampling)
Chain 1:                36.276 seconds (Total)
Chain 1: 
Chain 4: Iteration:  9600 / 12000 [ 80%]  (Sampling)
Chain 2: Iteration:  9600 / 12000 [ 80%]  (Sampling)
Chain 4: Iteration: 10800 / 12000 [ 90%]  (Sampling)
Chain 2: Iteration: 10800 / 12000 [ 90%]  (Sampling)
Chain 4: Iteration: 12000 / 12000 [100%]  (Sampling)
Chain 4: 
Chain 4:  Elapsed Time: 19.842 seconds (Warm-up)
Chain 4:                28.648 seconds (Sampling)
Chain 4:                48.49 seconds (Total)
Chain 4: 
Chain 2: Iteration: 12000 / 12000 [100%]  (Sampling)
Chain 2: 
Chain 2:  Elapsed Time: 20.593 seconds (Warm-up)
Chain 2:                30.643 seconds (Sampling)
Chain 2:                51.236 seconds (Total)
Chain 2: 
Done!
Fitting s5.json, 13/17

SAMPLING FOR MODEL 'anon_model' NOW (CHAIN 1).
Chain 1: 
Chain 1: Gradient evaluation took 0.000239 seconds
Chain 1: 1000 transitions using 10 leapfrog steps per transition would take 2.39 seconds.
Chain 1: Adjust your expectations accordingly!
Chain 1: 
Chain 1: 

SAMPLING FOR MODEL 'anon_model' NOW (CHAIN 2).

SAMPLING FOR MODEL 'anon_model' NOW (CHAIN 3).
Chain 2: 
Chain 2: Gradient evaluation took 0.00024 seconds
Chain 2: 1000 transitions using 10 leapfrog steps per transition would take 2.4 seconds.
Chain 2: Adjust your expectations accordingly!
Chain 2: 
Chain 2: 
Chain 1: Iteration:     1 / 12000 [  0%]  (Warmup)
Chain 3: 
Chain 3: Gradient evaluation took 0.000228 seconds
Chain 3: 1000 transitions using 10 leapfrog steps per transition would take 2.28 seconds.
Chain 3: Adjust your expectations accordingly!
Chain 3: 
Chain 3: 

SAMPLING FOR MODEL 'anon_model' NOW (CHAIN 4).
Chain 2: Iteration:     1 / 12000 [  0%]  (Warmup)
Chain 4: 
Chain 4: Gradient evaluation took 0.000225 seconds
Chain 4: 1000 transitions using 10 leapfrog steps per transition would take 2.25 seconds.
Chain 4: Adjust your expectations accordingly!
Chain 4: 
Chain 4: 
Chain 3: Iteration:     1 / 12000 [  0%]  (Warmup)
Chain 4: Iteration:     1 / 12000 [  0%]  (Warmup)
Chain 3: Iteration:  1200 / 12000 [ 10%]  (Warmup)
Chain 4: Iteration:  1200 / 12000 [ 10%]  (Warmup)
Chain 1: Iteration:  1200 / 12000 [ 10%]  (Warmup)
Chain 2: Iteration:  1200 / 12000 [ 10%]  (Warmup)
Chain 4: Iteration:  2400 / 12000 [ 20%]  (Warmup)
Chain 3: Iteration:  2400 / 12000 [ 20%]  (Warmup)
Chain 1: Iteration:  2400 / 12000 [ 20%]  (Warmup)
Chain 2: Iteration:  2400 / 12000 [ 20%]  (Warmup)
Chain 4: Iteration:  3600 / 12000 [ 30%]  (Warmup)
Chain 1: Iteration:  3600 / 12000 [ 30%]  (Warmup)
Chain 3: Iteration:  3600 / 12000 [ 30%]  (Warmup)
Chain 2: Iteration:  3600 / 12000 [ 30%]  (Warmup)
Chain 1: Iteration:  4800 / 12000 [ 40%]  (Warmup)
Chain 4: Iteration:  4800 / 12000 [ 40%]  (Warmup)
Chain 3: Iteration:  4800 / 12000 [ 40%]  (Warmup)
Chain 2: Iteration:  4800 / 12000 [ 40%]  (Warmup)
Chain 4: Iteration:  6000 / 12000 [ 50%]  (Warmup)
Chain 4: Iteration:  6001 / 12000 [ 50%]  (Sampling)
Chain 3: Iteration:  6000 / 12000 [ 50%]  (Warmup)
Chain 3: Iteration:  6001 / 12000 [ 50%]  (Sampling)
Chain 1: Iteration:  6000 / 12000 [ 50%]  (Warmup)
Chain 1: Iteration:  6001 / 12000 [ 50%]  (Sampling)
Chain 2: Iteration:  6000 / 12000 [ 50%]  (Warmup)
Chain 2: Iteration:  6001 / 12000 [ 50%]  (Sampling)
Chain 4: Iteration:  7200 / 12000 [ 60%]  (Sampling)
Chain 3: Iteration:  7200 / 12000 [ 60%]  (Sampling)
Chain 2: Iteration:  7200 / 12000 [ 60%]  (Sampling)
Chain 1: Iteration:  7200 / 12000 [ 60%]  (Sampling)
Chain 4: Iteration:  8400 / 12000 [ 70%]  (Sampling)
Chain 3: Iteration:  8400 / 12000 [ 70%]  (Sampling)
Chain 2: Iteration:  8400 / 12000 [ 70%]  (Sampling)
Chain 4: Iteration:  9600 / 12000 [ 80%]  (Sampling)
Chain 1: Iteration:  8400 / 12000 [ 70%]  (Sampling)
Chain 3: Iteration:  9600 / 12000 [ 80%]  (Sampling)
Chain 2: Iteration:  9600 / 12000 [ 80%]  (Sampling)
Chain 4: Iteration: 10800 / 12000 [ 90%]  (Sampling)
Chain 4: Iteration: 12000 / 12000 [100%]  (Sampling)
Chain 4: 
Chain 4:  Elapsed Time: 19.771 seconds (Warm-up)
Chain 4:                16.306 seconds (Sampling)
Chain 4:                36.077 seconds (Total)
Chain 4: 
Chain 2: Iteration: 10800 / 12000 [ 90%]  (Sampling)
Chain 3: Iteration: 10800 / 12000 [ 90%]  (Sampling)
Chain 1: Iteration:  9600 / 12000 [ 80%]  (Sampling)
Chain 3: Iteration: 12000 / 12000 [100%]  (Sampling)
Chain 3: 
Chain 3:  Elapsed Time: 20.107 seconds (Warm-up)
Chain 3:                21.066 seconds (Sampling)
Chain 3:                41.173 seconds (Total)
Chain 3: 
Chain 2: Iteration: 12000 / 12000 [100%]  (Sampling)
Chain 2: 
Chain 2:  Elapsed Time: 20.196 seconds (Warm-up)
Chain 2:                21.033 seconds (Sampling)
Chain 2:                41.229 seconds (Total)
Chain 2: 
Chain 1: Iteration: 10800 / 12000 [ 90%]  (Sampling)
Chain 1: Iteration: 12000 / 12000 [100%]  (Sampling)
Chain 1: 
Chain 1:  Elapsed Time: 20.14 seconds (Warm-up)
Chain 1:                30.097 seconds (Sampling)
Chain 1:                50.237 seconds (Total)
Chain 1: 
Done!
Fitting s6.json, 14/17

SAMPLING FOR MODEL 'anon_model' NOW (CHAIN 1).
Chain 1: 
Chain 1: Gradient evaluation took 0.000233 seconds
Chain 1: 1000 transitions using 10 leapfrog steps per transition would take 2.33 seconds.
Chain 1: Adjust your expectations accordingly!
Chain 1: 
Chain 1: 

SAMPLING FOR MODEL 'anon_model' NOW (CHAIN 2).

SAMPLING FOR MODEL 'anon_model' NOW (CHAIN 3).
Chain 2: 
Chain 2: Gradient evaluation took 0.000227 seconds
Chain 2: 1000 transitions using 10 leapfrog steps per transition would take 2.27 seconds.
Chain 2: Adjust your expectations accordingly!
Chain 2: 
Chain 2: 
Chain 1: Iteration:     1 / 12000 [  0%]  (Warmup)
Chain 3: 
Chain 3: Gradient evaluation took 0.000215 seconds
Chain 3: 1000 transitions using 10 leapfrog steps per transition would take 2.15 seconds.
Chain 3: Adjust your expectations accordingly!
Chain 3: 
Chain 3: 

SAMPLING FOR MODEL 'anon_model' NOW (CHAIN 4).
Chain 2: Iteration:     1 / 12000 [  0%]  (Warmup)
Chain 4: 
Chain 4: Gradient evaluation took 0.000222 seconds
Chain 4: 1000 transitions using 10 leapfrog steps per transition would take 2.22 seconds.
Chain 4: Adjust your expectations accordingly!
Chain 4: 
Chain 4: 
Chain 3: Iteration:     1 / 12000 [  0%]  (Warmup)
Chain 4: Iteration:     1 / 12000 [  0%]  (Warmup)
Chain 3: Iteration:  1200 / 12000 [ 10%]  (Warmup)
Chain 4: Iteration:  1200 / 12000 [ 10%]  (Warmup)
Chain 2: Iteration:  1200 / 12000 [ 10%]  (Warmup)
Chain 1: Iteration:  1200 / 12000 [ 10%]  (Warmup)
Chain 2: Iteration:  2400 / 12000 [ 20%]  (Warmup)
Chain 4: Iteration:  2400 / 12000 [ 20%]  (Warmup)
Chain 3: Iteration:  2400 / 12000 [ 20%]  (Warmup)
Chain 1: Iteration:  2400 / 12000 [ 20%]  (Warmup)
Chain 4: Iteration:  3600 / 12000 [ 30%]  (Warmup)
Chain 2: Iteration:  3600 / 12000 [ 30%]  (Warmup)
Chain 3: Iteration:  3600 / 12000 [ 30%]  (Warmup)
Chain 1: Iteration:  3600 / 12000 [ 30%]  (Warmup)
Chain 4: Iteration:  4800 / 12000 [ 40%]  (Warmup)
Chain 2: Iteration:  4800 / 12000 [ 40%]  (Warmup)
Chain 3: Iteration:  4800 / 12000 [ 40%]  (Warmup)
Chain 1: Iteration:  4800 / 12000 [ 40%]  (Warmup)
Chain 4: Iteration:  6000 / 12000 [ 50%]  (Warmup)
Chain 4: Iteration:  6001 / 12000 [ 50%]  (Sampling)
Chain 2: Iteration:  6000 / 12000 [ 50%]  (Warmup)
Chain 2: Iteration:  6001 / 12000 [ 50%]  (Sampling)
Chain 3: Iteration:  6000 / 12000 [ 50%]  (Warmup)
Chain 3: Iteration:  6001 / 12000 [ 50%]  (Sampling)
Chain 1: Iteration:  6000 / 12000 [ 50%]  (Warmup)
Chain 1: Iteration:  6001 / 12000 [ 50%]  (Sampling)
Chain 4: Iteration:  7200 / 12000 [ 60%]  (Sampling)
Chain 2: Iteration:  7200 / 12000 [ 60%]  (Sampling)
Chain 3: Iteration:  7200 / 12000 [ 60%]  (Sampling)
Chain 1: Iteration:  7200 / 12000 [ 60%]  (Sampling)
Chain 4: Iteration:  8400 / 12000 [ 70%]  (Sampling)
Chain 2: Iteration:  8400 / 12000 [ 70%]  (Sampling)
Chain 3: Iteration:  8400 / 12000 [ 70%]  (Sampling)
Chain 1: Iteration:  8400 / 12000 [ 70%]  (Sampling)
Chain 4: Iteration:  9600 / 12000 [ 80%]  (Sampling)
Chain 2: Iteration:  9600 / 12000 [ 80%]  (Sampling)
Chain 3: Iteration:  9600 / 12000 [ 80%]  (Sampling)
Chain 1: Iteration:  9600 / 12000 [ 80%]  (Sampling)
Chain 4: Iteration: 10800 / 12000 [ 90%]  (Sampling)
Chain 1: Iteration: 10800 / 12000 [ 90%]  (Sampling)
Chain 2: Iteration: 10800 / 12000 [ 90%]  (Sampling)
Chain 3: Iteration: 10800 / 12000 [ 90%]  (Sampling)
Chain 1: Iteration: 12000 / 12000 [100%]  (Sampling)
Chain 1: 
Chain 1:  Elapsed Time: 23.289 seconds (Warm-up)
Chain 1:                19.444 seconds (Sampling)
Chain 1:                42.733 seconds (Total)
Chain 1: 
Chain 2: Iteration: 12000 / 12000 [100%]  (Sampling)
Chain 2: 
Chain 2:  Elapsed Time: 22.873 seconds (Warm-up)
Chain 2:                20.083 seconds (Sampling)
Chain 2:                42.956 seconds (Total)
Chain 2: 
Chain 4: Iteration: 12000 / 12000 [100%]  (Sampling)
Chain 4: 
Chain 4:  Elapsed Time: 22.672 seconds (Warm-up)
Chain 4:                20.353 seconds (Sampling)
Chain 4:                43.025 seconds (Total)
Chain 4: 
Chain 3: Iteration: 12000 / 12000 [100%]  (Sampling)
Chain 3: 
Chain 3:  Elapsed Time: 23.038 seconds (Warm-up)
Chain 3:                20.053 seconds (Sampling)
Chain 3:                43.091 seconds (Total)
Chain 3: 
Done!
Fitting s7.json, 15/17

SAMPLING FOR MODEL 'anon_model' NOW (CHAIN 1).

SAMPLING FOR MODEL 'anon_model' NOW (CHAIN 2).
Chain 1: 
Chain 1: Gradient evaluation took 0.000229 seconds
Chain 1: 1000 transitions using 10 leapfrog steps per transition would take 2.29 seconds.
Chain 1: Adjust your expectations accordingly!
Chain 1: 
Chain 1: 
Chain 2: 
Chain 2: Gradient evaluation took 0.000225 seconds
Chain 2: 1000 transitions using 10 leapfrog steps per transition would take 2.25 seconds.
Chain 2: Adjust your expectations accordingly!
Chain 2: 
Chain 2: 

SAMPLING FOR MODEL 'anon_model' NOW (CHAIN 3).
Chain 3: 
Chain 3: Gradient evaluation took 0.000221 seconds
Chain 3: 1000 transitions using 10 leapfrog steps per transition would take 2.21 seconds.
Chain 3: Adjust your expectations accordingly!
Chain 3: 
Chain 3: 
Chain 1: Iteration:     1 / 12000 [  0%]  (Warmup)
Chain 2: Iteration:     1 / 12000 [  0%]  (Warmup)

SAMPLING FOR MODEL 'anon_model' NOW (CHAIN 4).
Chain 3: Iteration:     1 / 12000 [  0%]  (Warmup)
Chain 4: 
Chain 4: Gradient evaluation took 0.000219 seconds
Chain 4: 1000 transitions using 10 leapfrog steps per transition would take 2.19 seconds.
Chain 4: Adjust your expectations accordingly!
Chain 4: 
Chain 4: 
Chain 4: Iteration:     1 / 12000 [  0%]  (Warmup)
Chain 2: Iteration:  1200 / 12000 [ 10%]  (Warmup)
Chain 4: Iteration:  1200 / 12000 [ 10%]  (Warmup)
Chain 3: Iteration:  1200 / 12000 [ 10%]  (Warmup)
Chain 1: Iteration:  1200 / 12000 [ 10%]  (Warmup)
Chain 4: Iteration:  2400 / 12000 [ 20%]  (Warmup)
Chain 1: Iteration:  2400 / 12000 [ 20%]  (Warmup)
Chain 2: Iteration:  2400 / 12000 [ 20%]  (Warmup)
Chain 3: Iteration:  2400 / 12000 [ 20%]  (Warmup)
Chain 1: Iteration:  3600 / 12000 [ 30%]  (Warmup)
Chain 4: Iteration:  3600 / 12000 [ 30%]  (Warmup)
Chain 3: Iteration:  3600 / 12000 [ 30%]  (Warmup)
Chain 2: Iteration:  3600 / 12000 [ 30%]  (Warmup)
Chain 1: Iteration:  4800 / 12000 [ 40%]  (Warmup)
Chain 4: Iteration:  4800 / 12000 [ 40%]  (Warmup)
Chain 3: Iteration:  4800 / 12000 [ 40%]  (Warmup)
Chain 2: Iteration:  4800 / 12000 [ 40%]  (Warmup)
Chain 1: Iteration:  6000 / 12000 [ 50%]  (Warmup)
Chain 1: Iteration:  6001 / 12000 [ 50%]  (Sampling)
Chain 4: Iteration:  6000 / 12000 [ 50%]  (Warmup)
Chain 4: Iteration:  6001 / 12000 [ 50%]  (Sampling)
Chain 3: Iteration:  6000 / 12000 [ 50%]  (Warmup)
Chain 3: Iteration:  6001 / 12000 [ 50%]  (Sampling)
Chain 2: Iteration:  6000 / 12000 [ 50%]  (Warmup)
Chain 2: Iteration:  6001 / 12000 [ 50%]  (Sampling)
Chain 1: Iteration:  7200 / 12000 [ 60%]  (Sampling)
Chain 4: Iteration:  7200 / 12000 [ 60%]  (Sampling)
Chain 3: Iteration:  7200 / 12000 [ 60%]  (Sampling)
Chain 2: Iteration:  7200 / 12000 [ 60%]  (Sampling)
Chain 1: Iteration:  8400 / 12000 [ 70%]  (Sampling)
Chain 4: Iteration:  8400 / 12000 [ 70%]  (Sampling)
Chain 1: Iteration:  9600 / 12000 [ 80%]  (Sampling)
Chain 3: Iteration:  8400 / 12000 [ 70%]  (Sampling)
Chain 2: Iteration:  8400 / 12000 [ 70%]  (Sampling)
Chain 4: Iteration:  9600 / 12000 [ 80%]  (Sampling)
Chain 1: Iteration: 10800 / 12000 [ 90%]  (Sampling)
Chain 4: Iteration: 10800 / 12000 [ 90%]  (Sampling)
Chain 3: Iteration:  9600 / 12000 [ 80%]  (Sampling)
Chain 2: Iteration:  9600 / 12000 [ 80%]  (Sampling)
Chain 1: Iteration: 12000 / 12000 [100%]  (Sampling)
Chain 1: 
Chain 1:  Elapsed Time: 20.502 seconds (Warm-up)
Chain 1:                19.311 seconds (Sampling)
Chain 1:                39.813 seconds (Total)
Chain 1: 
Chain 4: Iteration: 12000 / 12000 [100%]  (Sampling)
Chain 4: 
Chain 4:  Elapsed Time: 20.769 seconds (Warm-up)
Chain 4:                22.056 seconds (Sampling)
Chain 4:                42.825 seconds (Total)
Chain 4: 
Chain 3: Iteration: 10800 / 12000 [ 90%]  (Sampling)
Chain 2: Iteration: 10800 / 12000 [ 90%]  (Sampling)
Chain 3: Iteration: 12000 / 12000 [100%]  (Sampling)
Chain 3: 
Chain 3:  Elapsed Time: 20.882 seconds (Warm-up)
Chain 3:                29.049 seconds (Sampling)
Chain 3:                49.931 seconds (Total)
Chain 3: 
Chain 2: Iteration: 12000 / 12000 [100%]  (Sampling)
Chain 2: 
Chain 2:  Elapsed Time: 21.521 seconds (Warm-up)
Chain 2:                29.798 seconds (Sampling)
Chain 2:                51.319 seconds (Total)
Chain 2: 
Done!
Fitting s8.json, 16/17

SAMPLING FOR MODEL 'anon_model' NOW (CHAIN 1).

SAMPLING FOR MODEL 'anon_model' NOW (CHAIN 2).
Chain 1: 
Chain 1: Gradient evaluation took 0.000249 seconds
Chain 1: 1000 transitions using 10 leapfrog steps per transition would take 2.49 seconds.
Chain 1: Adjust your expectations accordingly!
Chain 1: 
Chain 1: 
Chain 2: 
Chain 2: Gradient evaluation took 0.000233 seconds
Chain 2: 1000 transitions using 10 leapfrog steps per transition would take 2.33 seconds.
Chain 2: Adjust your expectations accordingly!
Chain 2: 
Chain 2: 
Chain 1: Iteration:     1 / 12000 [  0%]  (Warmup)

SAMPLING FOR MODEL 'anon_model' NOW (CHAIN 3).
Chain 2: Iteration:     1 / 12000 [  0%]  (Warmup)
Chain 3: 
Chain 3: Gradient evaluation took 0.000234 seconds
Chain 3: 1000 transitions using 10 leapfrog steps per transition would take 2.34 seconds.
Chain 3: Adjust your expectations accordingly!
Chain 3: 
Chain 3: 

SAMPLING FOR MODEL 'anon_model' NOW (CHAIN 4).
Chain 3: Iteration:     1 / 12000 [  0%]  (Warmup)
Chain 4: 
Chain 4: Gradient evaluation took 0.000234 seconds
Chain 4: 1000 transitions using 10 leapfrog steps per transition would take 2.34 seconds.
Chain 4: Adjust your expectations accordingly!
Chain 4: 
Chain 4: 
Chain 4: Iteration:     1 / 12000 [  0%]  (Warmup)
Chain 3: Iteration:  1200 / 12000 [ 10%]  (Warmup)
Chain 4: Iteration:  1200 / 12000 [ 10%]  (Warmup)
Chain 1: Iteration:  1200 / 12000 [ 10%]  (Warmup)
Chain 2: Iteration:  1200 / 12000 [ 10%]  (Warmup)
Chain 3: Iteration:  2400 / 12000 [ 20%]  (Warmup)
Chain 4: Iteration:  2400 / 12000 [ 20%]  (Warmup)
Chain 1: Iteration:  2400 / 12000 [ 20%]  (Warmup)
Chain 2: Iteration:  2400 / 12000 [ 20%]  (Warmup)
Chain 3: Iteration:  3600 / 12000 [ 30%]  (Warmup)
Chain 4: Iteration:  3600 / 12000 [ 30%]  (Warmup)
Chain 1: Iteration:  3600 / 12000 [ 30%]  (Warmup)
Chain 2: Iteration:  3600 / 12000 [ 30%]  (Warmup)
Chain 3: Iteration:  4800 / 12000 [ 40%]  (Warmup)
Chain 4: Iteration:  4800 / 12000 [ 40%]  (Warmup)
Chain 1: Iteration:  4800 / 12000 [ 40%]  (Warmup)
Chain 2: Iteration:  4800 / 12000 [ 40%]  (Warmup)
Chain 3: Iteration:  6000 / 12000 [ 50%]  (Warmup)
Chain 3: Iteration:  6001 / 12000 [ 50%]  (Sampling)
Chain 4: Iteration:  6000 / 12000 [ 50%]  (Warmup)
Chain 4: Iteration:  6001 / 12000 [ 50%]  (Sampling)
Chain 1: Iteration:  6000 / 12000 [ 50%]  (Warmup)
Chain 1: Iteration:  6001 / 12000 [ 50%]  (Sampling)
Chain 2: Iteration:  6000 / 12000 [ 50%]  (Warmup)
Chain 2: Iteration:  6001 / 12000 [ 50%]  (Sampling)
Chain 3: Iteration:  7200 / 12000 [ 60%]  (Sampling)
Chain 4: Iteration:  7200 / 12000 [ 60%]  (Sampling)
Chain 1: Iteration:  7200 / 12000 [ 60%]  (Sampling)
Chain 2: Iteration:  7200 / 12000 [ 60%]  (Sampling)
Chain 4: Iteration:  8400 / 12000 [ 70%]  (Sampling)
Chain 3: Iteration:  8400 / 12000 [ 70%]  (Sampling)
Chain 1: Iteration:  8400 / 12000 [ 70%]  (Sampling)
Chain 2: Iteration:  8400 / 12000 [ 70%]  (Sampling)
Chain 4: Iteration:  9600 / 12000 [ 80%]  (Sampling)
Chain 3: Iteration:  9600 / 12000 [ 80%]  (Sampling)
Chain 1: Iteration:  9600 / 12000 [ 80%]  (Sampling)
Chain 2: Iteration:  9600 / 12000 [ 80%]  (Sampling)
Chain 3: Iteration: 10800 / 12000 [ 90%]  (Sampling)
Chain 4: Iteration: 10800 / 12000 [ 90%]  (Sampling)
Chain 2: Iteration: 10800 / 12000 [ 90%]  (Sampling)
Chain 1: Iteration: 10800 / 12000 [ 90%]  (Sampling)
Chain 3: Iteration: 12000 / 12000 [100%]  (Sampling)
Chain 3: 
Chain 3:  Elapsed Time: 22.265 seconds (Warm-up)
Chain 3:                20.506 seconds (Sampling)
Chain 3:                42.771 seconds (Total)
Chain 3: 
Chain 4: Iteration: 12000 / 12000 [100%]  (Sampling)
Chain 4: 
Chain 4:  Elapsed Time: 22.385 seconds (Warm-up)
Chain 4:                20.483 seconds (Sampling)
Chain 4:                42.868 seconds (Total)
Chain 4: 
Chain 2: Iteration: 12000 / 12000 [100%]  (Sampling)
Chain 2: 
Chain 2:  Elapsed Time: 23.926 seconds (Warm-up)
Chain 2:                18.953 seconds (Sampling)
Chain 2:                42.879 seconds (Total)
Chain 2: 
Chain 1: Iteration: 12000 / 12000 [100%]  (Sampling)
Chain 1: 
Chain 1:  Elapsed Time: 23.052 seconds (Warm-up)
Chain 1:                20.172 seconds (Sampling)
Chain 1:                43.224 seconds (Total)
Chain 1: 
Done!
Fitting s9.json, 17/17

SAMPLING FOR MODEL 'anon_model' NOW (CHAIN 1).
Chain 1: 
Chain 1: Gradient evaluation took 0.000235 seconds
Chain 1: 1000 transitions using 10 leapfrog steps per transition would take 2.35 seconds.
Chain 1: Adjust your expectations accordingly!
Chain 1: 
Chain 1: 

SAMPLING FOR MODEL 'anon_model' NOW (CHAIN 2).
Chain 1: Iteration:     1 / 12000 [  0%]  (Warmup)
Chain 2: 
Chain 2: Gradient evaluation took 0.000225 seconds
Chain 2: 1000 transitions using 10 leapfrog steps per transition would take 2.25 seconds.
Chain 2: Adjust your expectations accordingly!
Chain 2: 
Chain 2: 

SAMPLING FOR MODEL 'anon_model' NOW (CHAIN 3).
Chain 3: 
Chain 3: Gradient evaluation took 0.000222 seconds
Chain 3: 1000 transitions using 10 leapfrog steps per transition would take 2.22 seconds.
Chain 3: Adjust your expectations accordingly!
Chain 3: 
Chain 3: 
Chain 2: Iteration:     1 / 12000 [  0%]  (Warmup)

SAMPLING FOR MODEL 'anon_model' NOW (CHAIN 4).
Chain 3: Iteration:     1 / 12000 [  0%]  (Warmup)
Chain 4: 
Chain 4: Gradient evaluation took 0.00022 seconds
Chain 4: 1000 transitions using 10 leapfrog steps per transition would take 2.2 seconds.
Chain 4: Adjust your expectations accordingly!
Chain 4: 
Chain 4: 
Chain 4: Iteration:     1 / 12000 [  0%]  (Warmup)
Chain 4: Iteration:  1200 / 12000 [ 10%]  (Warmup)
Chain 3: Iteration:  1200 / 12000 [ 10%]  (Warmup)
Chain 1: Iteration:  1200 / 12000 [ 10%]  (Warmup)
Chain 2: Iteration:  1200 / 12000 [ 10%]  (Warmup)
Chain 4: Iteration:  2400 / 12000 [ 20%]  (Warmup)
Chain 3: Iteration:  2400 / 12000 [ 20%]  (Warmup)
Chain 1: Iteration:  2400 / 12000 [ 20%]  (Warmup)
Chain 2: Iteration:  2400 / 12000 [ 20%]  (Warmup)
Chain 4: Iteration:  3600 / 12000 [ 30%]  (Warmup)
Chain 1: Iteration:  3600 / 12000 [ 30%]  (Warmup)
Chain 3: Iteration:  3600 / 12000 [ 30%]  (Warmup)
Chain 2: Iteration:  3600 / 12000 [ 30%]  (Warmup)
Chain 4: Iteration:  4800 / 12000 [ 40%]  (Warmup)
Chain 1: Iteration:  4800 / 12000 [ 40%]  (Warmup)
Chain 3: Iteration:  4800 / 12000 [ 40%]  (Warmup)
Chain 2: Iteration:  4800 / 12000 [ 40%]  (Warmup)
Chain 4: Iteration:  6000 / 12000 [ 50%]  (Warmup)
Chain 4: Iteration:  6001 / 12000 [ 50%]  (Sampling)
Chain 1: Iteration:  6000 / 12000 [ 50%]  (Warmup)
Chain 1: Iteration:  6001 / 12000 [ 50%]  (Sampling)
Chain 3: Iteration:  6000 / 12000 [ 50%]  (Warmup)
Chain 3: Iteration:  6001 / 12000 [ 50%]  (Sampling)
Chain 2: Iteration:  6000 / 12000 [ 50%]  (Warmup)
Chain 2: Iteration:  6001 / 12000 [ 50%]  (Sampling)
Chain 4: Iteration:  7200 / 12000 [ 60%]  (Sampling)
Chain 2: Iteration:  7200 / 12000 [ 60%]  (Sampling)
Chain 3: Iteration:  7200 / 12000 [ 60%]  (Sampling)
Chain 1: Iteration:  7200 / 12000 [ 60%]  (Sampling)
Chain 4: Iteration:  8400 / 12000 [ 70%]  (Sampling)
Chain 2: Iteration:  8400 / 12000 [ 70%]  (Sampling)
Chain 4: Iteration:  9600 / 12000 [ 80%]  (Sampling)
Chain 2: Iteration:  9600 / 12000 [ 80%]  (Sampling)
Chain 3: Iteration:  8400 / 12000 [ 70%]  (Sampling)
Chain 1: Iteration:  8400 / 12000 [ 70%]  (Sampling)
Chain 4: Iteration: 10800 / 12000 [ 90%]  (Sampling)
Chain 2: Iteration: 10800 / 12000 [ 90%]  (Sampling)
Chain 4: Iteration: 12000 / 12000 [100%]  (Sampling)
Chain 4: 
Chain 4:  Elapsed Time: 20.308 seconds (Warm-up)
Chain 4:                17.639 seconds (Sampling)
Chain 4:                37.947 seconds (Total)
Chain 4: 
Chain 2: Iteration: 12000 / 12000 [100%]  (Sampling)
Chain 2: 
Chain 2:  Elapsed Time: 21.381 seconds (Warm-up)
Chain 2:                16.628 seconds (Sampling)
Chain 2:                38.009 seconds (Total)
Chain 2: 
Chain 3: Iteration:  9600 / 12000 [ 80%]  (Sampling)
Chain 1: Iteration:  9600 / 12000 [ 80%]  (Sampling)
Chain 3: Iteration: 10800 / 12000 [ 90%]  (Sampling)
Chain 1: Iteration: 10800 / 12000 [ 90%]  (Sampling)
Chain 3: Iteration: 12000 / 12000 [100%]  (Sampling)
Chain 3: 
Chain 3:  Elapsed Time: 21.306 seconds (Warm-up)
Chain 3:                29.554 seconds (Sampling)
Chain 3:                50.86 seconds (Total)
Chain 3: 
Chain 1: Iteration: 12000 / 12000 [100%]  (Sampling)
Chain 1: 
Chain 1:  Elapsed Time: 20.977 seconds (Warm-up)
Chain 1:                31.377 seconds (Sampling)
Chain 1:                52.354 seconds (Total)
Chain 1: 
Done!
Assumed model: m3 (model_index = 3 )
Fitting s0.json, 1/17

SAMPLING FOR MODEL 'anon_model' NOW (CHAIN 1).
Chain 1: 
Chain 1: Gradient evaluation took 0.000231 seconds
Chain 1: 1000 transitions using 10 leapfrog steps per transition would take 2.31 seconds.
Chain 1: Adjust your expectations accordingly!
Chain 1: 
Chain 1: 

SAMPLING FOR MODEL 'anon_model' NOW (CHAIN 2).
Chain 2: 
Chain 2: Gradient evaluation took 0.000224 seconds
Chain 2: 1000 transitions using 10 leapfrog steps per transition would take 2.24 seconds.
Chain 2: Adjust your expectations accordingly!
Chain 2: 
Chain 2: 

SAMPLING FOR MODEL 'anon_model' NOW (CHAIN 3).
Chain 1: Iteration:     1 / 12000 [  0%]  (Warmup)
Chain 3: 
Chain 3: Gradient evaluation took 0.000218 seconds
Chain 3: 1000 transitions using 10 leapfrog steps per transition would take 2.18 seconds.
Chain 3: Adjust your expectations accordingly!
Chain 3: 
Chain 3: 
Chain 2: Iteration:     1 / 12000 [  0%]  (Warmup)

SAMPLING FOR MODEL 'anon_model' NOW (CHAIN 4).
Chain 4: 
Chain 4: Gradient evaluation took 0.000212 seconds
Chain 4: 1000 transitions using 10 leapfrog steps per transition would take 2.12 seconds.
Chain 4: Adjust your expectations accordingly!
Chain 4: 
Chain 4: 
Chain 3: Iteration:     1 / 12000 [  0%]  (Warmup)
Chain 4: Iteration:     1 / 12000 [  0%]  (Warmup)
Chain 1: Iteration:  1200 / 12000 [ 10%]  (Warmup)
Chain 2: Iteration:  1200 / 12000 [ 10%]  (Warmup)
Chain 4: Iteration:  1200 / 12000 [ 10%]  (Warmup)
Chain 3: Iteration:  1200 / 12000 [ 10%]  (Warmup)
Chain 1: Iteration:  2400 / 12000 [ 20%]  (Warmup)
Chain 2: Iteration:  2400 / 12000 [ 20%]  (Warmup)
Chain 4: Iteration:  2400 / 12000 [ 20%]  (Warmup)
Chain 3: Iteration:  2400 / 12000 [ 20%]  (Warmup)
Chain 1: Iteration:  3600 / 12000 [ 30%]  (Warmup)
Chain 2: Iteration:  3600 / 12000 [ 30%]  (Warmup)
Chain 4: Iteration:  3600 / 12000 [ 30%]  (Warmup)
Chain 3: Iteration:  3600 / 12000 [ 30%]  (Warmup)
Chain 1: Iteration:  4800 / 12000 [ 40%]  (Warmup)
Chain 2: Iteration:  4800 / 12000 [ 40%]  (Warmup)
Chain 4: Iteration:  4800 / 12000 [ 40%]  (Warmup)
Chain 3: Iteration:  4800 / 12000 [ 40%]  (Warmup)
Chain 2: Iteration:  6000 / 12000 [ 50%]  (Warmup)
Chain 2: Iteration:  6001 / 12000 [ 50%]  (Sampling)
Chain 1: Iteration:  6000 / 12000 [ 50%]  (Warmup)
Chain 1: Iteration:  6001 / 12000 [ 50%]  (Sampling)
Chain 4: Iteration:  6000 / 12000 [ 50%]  (Warmup)
Chain 4: Iteration:  6001 / 12000 [ 50%]  (Sampling)
Chain 3: Iteration:  6000 / 12000 [ 50%]  (Warmup)
Chain 3: Iteration:  6001 / 12000 [ 50%]  (Sampling)
Chain 2: Iteration:  7200 / 12000 [ 60%]  (Sampling)
Chain 1: Iteration:  7200 / 12000 [ 60%]  (Sampling)
Chain 3: Iteration:  7200 / 12000 [ 60%]  (Sampling)
Chain 4: Iteration:  7200 / 12000 [ 60%]  (Sampling)
Chain 2: Iteration:  8400 / 12000 [ 70%]  (Sampling)
Chain 1: Iteration:  8400 / 12000 [ 70%]  (Sampling)
Chain 3: Iteration:  8400 / 12000 [ 70%]  (Sampling)
Chain 2: Iteration:  9600 / 12000 [ 80%]  (Sampling)
Chain 4: Iteration:  8400 / 12000 [ 70%]  (Sampling)
Chain 1: Iteration:  9600 / 12000 [ 80%]  (Sampling)
Chain 2: Iteration: 10800 / 12000 [ 90%]  (Sampling)
Chain 3: Iteration:  9600 / 12000 [ 80%]  (Sampling)
Chain 1: Iteration: 10800 / 12000 [ 90%]  (Sampling)
Chain 4: Iteration:  9600 / 12000 [ 80%]  (Sampling)
Chain 2: Iteration: 12000 / 12000 [100%]  (Sampling)
Chain 2: 
Chain 2:  Elapsed Time: 24.407 seconds (Warm-up)
Chain 2:                27.07 seconds (Sampling)
Chain 2:                51.477 seconds (Total)
Chain 2: 
Chain 3: Iteration: 10800 / 12000 [ 90%]  (Sampling)
Chain 1: Iteration: 12000 / 12000 [100%]  (Sampling)
Chain 1: 
Chain 1:  Elapsed Time: 24.526 seconds (Warm-up)
Chain 1:                29.278 seconds (Sampling)
Chain 1:                53.804 seconds (Total)
Chain 1: 
Chain 4: Iteration: 10800 / 12000 [ 90%]  (Sampling)
Chain 3: Iteration: 12000 / 12000 [100%]  (Sampling)
Chain 3: 
Chain 3:  Elapsed Time: 25.67 seconds (Warm-up)
Chain 3:                34.03 seconds (Sampling)
Chain 3:                59.7 seconds (Total)
Chain 3: 
Chain 4: Iteration: 12000 / 12000 [100%]  (Sampling)
Chain 4: 
Chain 4:  Elapsed Time: 25.241 seconds (Warm-up)
Chain 4:                39.961 seconds (Sampling)
Chain 4:                65.202 seconds (Total)
Chain 4: 
Done!
Fitting s1.json, 2/17

SAMPLING FOR MODEL 'anon_model' NOW (CHAIN 1).

SAMPLING FOR MODEL 'anon_model' NOW (CHAIN 2).

SAMPLING FOR MODEL 'anon_model' NOW (CHAIN 3).

SAMPLING FOR MODEL 'anon_model' NOW (CHAIN 4).
Chain 1: 
Chain 1: Gradient evaluation took 0.005422 seconds
Chain 1: 1000 transitions using 10 leapfrog steps per transition would take 54.22 seconds.
Chain 1: Adjust your expectations accordingly!
Chain 1: 
Chain 1: 
Chain 1: Iteration:     1 / 12000 [  0%]  (Warmup)
Chain 2: 
Chain 2: Gradient evaluation took 0.000334 seconds
Chain 2: 1000 transitions using 10 leapfrog steps per transition would take 3.34 seconds.
Chain 2: Adjust your expectations accordingly!
Chain 2: 
Chain 2: 
Chain 3: 
Chain 3: Gradient evaluation took 0.000345 seconds
Chain 3: 1000 transitions using 10 leapfrog steps per transition would take 3.45 seconds.
Chain 3: Adjust your expectations accordingly!
Chain 3: 
Chain 3: 
Chain 4: 
Chain 4: Gradient evaluation took 0.000301 seconds
Chain 4: 1000 transitions using 10 leapfrog steps per transition would take 3.01 seconds.
Chain 4: Adjust your expectations accordingly!
Chain 4: 
Chain 4: 
Chain 2: Iteration:     1 / 12000 [  0%]  (Warmup)
Chain 3: Iteration:     1 / 12000 [  0%]  (Warmup)
Chain 4: Iteration:     1 / 12000 [  0%]  (Warmup)
Chain 2: Iteration:  1200 / 12000 [ 10%]  (Warmup)
Chain 3: Iteration:  1200 / 12000 [ 10%]  (Warmup)
Chain 4: Iteration:  1200 / 12000 [ 10%]  (Warmup)
Chain 1: Iteration:  1200 / 12000 [ 10%]  (Warmup)
Chain 2: Iteration:  2400 / 12000 [ 20%]  (Warmup)
Chain 3: Iteration:  2400 / 12000 [ 20%]  (Warmup)
Chain 4: Iteration:  2400 / 12000 [ 20%]  (Warmup)
Chain 1: Iteration:  2400 / 12000 [ 20%]  (Warmup)
Chain 2: Iteration:  3600 / 12000 [ 30%]  (Warmup)
Chain 4: Iteration:  3600 / 12000 [ 30%]  (Warmup)
Chain 3: Iteration:  3600 / 12000 [ 30%]  (Warmup)
Chain 1: Iteration:  3600 / 12000 [ 30%]  (Warmup)
Chain 2: Iteration:  4800 / 12000 [ 40%]  (Warmup)
Chain 4: Iteration:  4800 / 12000 [ 40%]  (Warmup)
Chain 3: Iteration:  4800 / 12000 [ 40%]  (Warmup)
Chain 1: Iteration:  4800 / 12000 [ 40%]  (Warmup)
Chain 4: Iteration:  6000 / 12000 [ 50%]  (Warmup)
Chain 4: Iteration:  6001 / 12000 [ 50%]  (Sampling)
Chain 2: Iteration:  6000 / 12000 [ 50%]  (Warmup)
Chain 2: Iteration:  6001 / 12000 [ 50%]  (Sampling)
Chain 3: Iteration:  6000 / 12000 [ 50%]  (Warmup)
Chain 3: Iteration:  6001 / 12000 [ 50%]  (Sampling)
Chain 1: Iteration:  6000 / 12000 [ 50%]  (Warmup)
Chain 1: Iteration:  6001 / 12000 [ 50%]  (Sampling)
Chain 2: Iteration:  7200 / 12000 [ 60%]  (Sampling)
Chain 3: Iteration:  7200 / 12000 [ 60%]  (Sampling)
Chain 4: Iteration:  7200 / 12000 [ 60%]  (Sampling)
Chain 1: Iteration:  7200 / 12000 [ 60%]  (Sampling)
Chain 1: Iteration:  8400 / 12000 [ 70%]  (Sampling)
Chain 2: Iteration:  8400 / 12000 [ 70%]  (Sampling)
Chain 3: Iteration:  8400 / 12000 [ 70%]  (Sampling)
Chain 4: Iteration:  8400 / 12000 [ 70%]  (Sampling)
Chain 1: Iteration:  9600 / 12000 [ 80%]  (Sampling)
Chain 3: Iteration:  9600 / 12000 [ 80%]  (Sampling)
Chain 2: Iteration:  9600 / 12000 [ 80%]  (Sampling)
Chain 4: Iteration:  9600 / 12000 [ 80%]  (Sampling)
Chain 1: Iteration: 10800 / 12000 [ 90%]  (Sampling)
Chain 3: Iteration: 10800 / 12000 [ 90%]  (Sampling)
Chain 2: Iteration: 10800 / 12000 [ 90%]  (Sampling)
Chain 4: Iteration: 10800 / 12000 [ 90%]  (Sampling)
Chain 1: Iteration: 12000 / 12000 [100%]  (Sampling)
Chain 1: 
Chain 1:  Elapsed Time: 25.436 seconds (Warm-up)
Chain 1:                31.984 seconds (Sampling)
Chain 1:                57.42 seconds (Total)
Chain 1: 
Chain 3: Iteration: 12000 / 12000 [100%]  (Sampling)
Chain 3: 
Chain 3:  Elapsed Time: 24.369 seconds (Warm-up)
Chain 3:                36.554 seconds (Sampling)
Chain 3:                60.923 seconds (Total)
Chain 3: 
Chain 2: Iteration: 12000 / 12000 [100%]  (Sampling)
Chain 2: 
Chain 2:  Elapsed Time: 24.118 seconds (Warm-up)
Chain 2:                36.944 seconds (Sampling)
Chain 2:                61.062 seconds (Total)
Chain 2: 
Chain 4: Iteration: 12000 / 12000 [100%]  (Sampling)
Chain 4: 
Chain 4:  Elapsed Time: 23.95 seconds (Warm-up)
Chain 4:                38.443 seconds (Sampling)
Chain 4:                62.393 seconds (Total)
Chain 4: 
Done!
Fitting s10.json, 3/17

SAMPLING FOR MODEL 'anon_model' NOW (CHAIN 1).

SAMPLING FOR MODEL 'anon_model' NOW (CHAIN 2).
Chain 1: 
Chain 1: Gradient evaluation took 0.000246 seconds
Chain 1: 1000 transitions using 10 leapfrog steps per transition would take 2.46 seconds.
Chain 1: Adjust your expectations accordingly!
Chain 1: 
Chain 1: 
Chain 2: 
Chain 2: Gradient evaluation took 0.000226 seconds
Chain 2: 1000 transitions using 10 leapfrog steps per transition would take 2.26 seconds.
Chain 2: Adjust your expectations accordingly!
Chain 2: 
Chain 2: 

SAMPLING FOR MODEL 'anon_model' NOW (CHAIN 3).
Chain 1: Iteration:     1 / 12000 [  0%]  (Warmup)
Chain 3: 
Chain 3: Gradient evaluation took 0.000252 seconds
Chain 3: 1000 transitions using 10 leapfrog steps per transition would take 2.52 seconds.
Chain 3: Adjust your expectations accordingly!
Chain 3: 
Chain 3: 
Chain 2: Iteration:     1 / 12000 [  0%]  (Warmup)

SAMPLING FOR MODEL 'anon_model' NOW (CHAIN 4).
Chain 3: Iteration:     1 / 12000 [  0%]  (Warmup)
Chain 4: 
Chain 4: Gradient evaluation took 0.000315 seconds
Chain 4: 1000 transitions using 10 leapfrog steps per transition would take 3.15 seconds.
Chain 4: Adjust your expectations accordingly!
Chain 4: 
Chain 4: 
Chain 4: Iteration:     1 / 12000 [  0%]  (Warmup)
Chain 1: Iteration:  1200 / 12000 [ 10%]  (Warmup)
Chain 4: Iteration:  1200 / 12000 [ 10%]  (Warmup)
Chain 3: Iteration:  1200 / 12000 [ 10%]  (Warmup)
Chain 2: Iteration:  1200 / 12000 [ 10%]  (Warmup)
Chain 1: Iteration:  2400 / 12000 [ 20%]  (Warmup)
Chain 4: Iteration:  2400 / 12000 [ 20%]  (Warmup)
Chain 3: Iteration:  2400 / 12000 [ 20%]  (Warmup)
Chain 2: Iteration:  2400 / 12000 [ 20%]  (Warmup)
Chain 1: Iteration:  3600 / 12000 [ 30%]  (Warmup)
Chain 4: Iteration:  3600 / 12000 [ 30%]  (Warmup)
Chain 3: Iteration:  3600 / 12000 [ 30%]  (Warmup)
Chain 2: Iteration:  3600 / 12000 [ 30%]  (Warmup)
Chain 1: Iteration:  4800 / 12000 [ 40%]  (Warmup)
Chain 4: Iteration:  4800 / 12000 [ 40%]  (Warmup)
Chain 3: Iteration:  4800 / 12000 [ 40%]  (Warmup)
Chain 2: Iteration:  4800 / 12000 [ 40%]  (Warmup)
Chain 1: Iteration:  6000 / 12000 [ 50%]  (Warmup)
Chain 1: Iteration:  6001 / 12000 [ 50%]  (Sampling)
Chain 4: Iteration:  6000 / 12000 [ 50%]  (Warmup)
Chain 4: Iteration:  6001 / 12000 [ 50%]  (Sampling)
Chain 3: Iteration:  6000 / 12000 [ 50%]  (Warmup)
Chain 3: Iteration:  6001 / 12000 [ 50%]  (Sampling)
Chain 2: Iteration:  6000 / 12000 [ 50%]  (Warmup)
Chain 2: Iteration:  6001 / 12000 [ 50%]  (Sampling)
Chain 4: Iteration:  7200 / 12000 [ 60%]  (Sampling)
Chain 1: Iteration:  7200 / 12000 [ 60%]  (Sampling)
Chain 3: Iteration:  7200 / 12000 [ 60%]  (Sampling)
Chain 4: Iteration:  8400 / 12000 [ 70%]  (Sampling)
Chain 2: Iteration:  7200 / 12000 [ 60%]  (Sampling)
Chain 1: Iteration:  8400 / 12000 [ 70%]  (Sampling)
Chain 4: Iteration:  9600 / 12000 [ 80%]  (Sampling)
Chain 3: Iteration:  8400 / 12000 [ 70%]  (Sampling)
Chain 1: Iteration:  9600 / 12000 [ 80%]  (Sampling)
Chain 2: Iteration:  8400 / 12000 [ 70%]  (Sampling)
Chain 4: Iteration: 10800 / 12000 [ 90%]  (Sampling)
Chain 3: Iteration:  9600 / 12000 [ 80%]  (Sampling)
Chain 1: Iteration: 10800 / 12000 [ 90%]  (Sampling)
Chain 4: Iteration: 12000 / 12000 [100%]  (Sampling)
Chain 4: 
Chain 4:  Elapsed Time: 32.262 seconds (Warm-up)
Chain 4:                28.551 seconds (Sampling)
Chain 4:                60.813 seconds (Total)
Chain 4: 
Chain 2: Iteration:  9600 / 12000 [ 80%]  (Sampling)
Chain 1: Iteration: 12000 / 12000 [100%]  (Sampling)
Chain 1: 
Chain 1:  Elapsed Time: 31.597 seconds (Warm-up)
Chain 1:                34.733 seconds (Sampling)
Chain 1:                66.33 seconds (Total)
Chain 1: 
Chain 3: Iteration: 10800 / 12000 [ 90%]  (Sampling)
Chain 2: Iteration: 10800 / 12000 [ 90%]  (Sampling)
Chain 3: Iteration: 12000 / 12000 [100%]  (Sampling)
Chain 3: 
Chain 3:  Elapsed Time: 32.638 seconds (Warm-up)
Chain 3:                43.263 seconds (Sampling)
Chain 3:                75.901 seconds (Total)
Chain 3: 
Chain 2: Iteration: 12000 / 12000 [100%]  (Sampling)
Chain 2: 
Chain 2:  Elapsed Time: 33.964 seconds (Warm-up)
Chain 2:                52.003 seconds (Sampling)
Chain 2:                85.967 seconds (Total)
Chain 2: 
Done!
Fitting s11.json, 4/17

SAMPLING FOR MODEL 'anon_model' NOW (CHAIN 1).
Chain 1: 
Chain 1: Gradient evaluation took 0.000275 seconds
Chain 1: 1000 transitions using 10 leapfrog steps per transition would take 2.75 seconds.
Chain 1: Adjust your expectations accordingly!
Chain 1: 
Chain 1: 
Chain 1: Iteration:     1 / 12000 [  0%]  (Warmup)

SAMPLING FOR MODEL 'anon_model' NOW (CHAIN 2).

SAMPLING FOR MODEL 'anon_model' NOW (CHAIN 3).
Chain 2: 
Chain 2: Gradient evaluation took 0.000255 seconds
Chain 2: 1000 transitions using 10 leapfrog steps per transition would take 2.55 seconds.
Chain 2: Adjust your expectations accordingly!
Chain 2: 
Chain 2: 
Chain 3: 
Chain 3: Gradient evaluation took 0.000253 seconds
Chain 3: 1000 transitions using 10 leapfrog steps per transition would take 2.53 seconds.
Chain 3: Adjust your expectations accordingly!
Chain 3: 
Chain 3: 
Chain 2: Iteration:     1 / 12000 [  0%]  (Warmup)

SAMPLING FOR MODEL 'anon_model' NOW (CHAIN 4).
Chain 3: Iteration:     1 / 12000 [  0%]  (Warmup)
Chain 4: 
Chain 4: Gradient evaluation took 0.00022 seconds
Chain 4: 1000 transitions using 10 leapfrog steps per transition would take 2.2 seconds.
Chain 4: Adjust your expectations accordingly!
Chain 4: 
Chain 4: 
Chain 4: Iteration:     1 / 12000 [  0%]  (Warmup)
Chain 1: Iteration:  1200 / 12000 [ 10%]  (Warmup)
Chain 4: Iteration:  1200 / 12000 [ 10%]  (Warmup)
Chain 3: Iteration:  1200 / 12000 [ 10%]  (Warmup)
Chain 2: Iteration:  1200 / 12000 [ 10%]  (Warmup)
Chain 1: Iteration:  2400 / 12000 [ 20%]  (Warmup)
Chain 4: Iteration:  2400 / 12000 [ 20%]  (Warmup)
Chain 3: Iteration:  2400 / 12000 [ 20%]  (Warmup)
Chain 2: Iteration:  2400 / 12000 [ 20%]  (Warmup)
Chain 1: Iteration:  3600 / 12000 [ 30%]  (Warmup)
Chain 4: Iteration:  3600 / 12000 [ 30%]  (Warmup)
Chain 3: Iteration:  3600 / 12000 [ 30%]  (Warmup)
Chain 2: Iteration:  3600 / 12000 [ 30%]  (Warmup)
Chain 1: Iteration:  4800 / 12000 [ 40%]  (Warmup)
Chain 4: Iteration:  4800 / 12000 [ 40%]  (Warmup)
Chain 3: Iteration:  4800 / 12000 [ 40%]  (Warmup)
Chain 2: Iteration:  4800 / 12000 [ 40%]  (Warmup)
Chain 1: Iteration:  6000 / 12000 [ 50%]  (Warmup)
Chain 1: Iteration:  6001 / 12000 [ 50%]  (Sampling)
Chain 4: Iteration:  6000 / 12000 [ 50%]  (Warmup)
Chain 4: Iteration:  6001 / 12000 [ 50%]  (Sampling)
Chain 3: Iteration:  6000 / 12000 [ 50%]  (Warmup)
Chain 3: Iteration:  6001 / 12000 [ 50%]  (Sampling)
Chain 2: Iteration:  6000 / 12000 [ 50%]  (Warmup)
Chain 2: Iteration:  6001 / 12000 [ 50%]  (Sampling)
Chain 1: Iteration:  7200 / 12000 [ 60%]  (Sampling)
Chain 4: Iteration:  7200 / 12000 [ 60%]  (Sampling)
Chain 3: Iteration:  7200 / 12000 [ 60%]  (Sampling)
Chain 2: Iteration:  7200 / 12000 [ 60%]  (Sampling)
Chain 1: Iteration:  8400 / 12000 [ 70%]  (Sampling)
Chain 4: Iteration:  8400 / 12000 [ 70%]  (Sampling)
Chain 3: Iteration:  8400 / 12000 [ 70%]  (Sampling)
Chain 2: Iteration:  8400 / 12000 [ 70%]  (Sampling)
Chain 1: Iteration:  9600 / 12000 [ 80%]  (Sampling)
Chain 4: Iteration:  9600 / 12000 [ 80%]  (Sampling)
Chain 2: Iteration:  9600 / 12000 [ 80%]  (Sampling)
Chain 3: Iteration:  9600 / 12000 [ 80%]  (Sampling)
Chain 1: Iteration: 10800 / 12000 [ 90%]  (Sampling)
Chain 4: Iteration: 10800 / 12000 [ 90%]  (Sampling)
Chain 1: Iteration: 12000 / 12000 [100%]  (Sampling)
Chain 1: 
Chain 1:  Elapsed Time: 23.176 seconds (Warm-up)
Chain 1:                28.742 seconds (Sampling)
Chain 1:                51.918 seconds (Total)
Chain 1: 
Chain 2: Iteration: 10800 / 12000 [ 90%]  (Sampling)
Chain 3: Iteration: 10800 / 12000 [ 90%]  (Sampling)
Chain 4: Iteration: 12000 / 12000 [100%]  (Sampling)
Chain 4: 
Chain 4:  Elapsed Time: 23.354 seconds (Warm-up)
Chain 4:                34.282 seconds (Sampling)
Chain 4:                57.636 seconds (Total)
Chain 4: 
Chain 2: Iteration: 12000 / 12000 [100%]  (Sampling)
Chain 2: 
Chain 2:  Elapsed Time: 24.421 seconds (Warm-up)
Chain 2:                35.51 seconds (Sampling)
Chain 2:                59.931 seconds (Total)
Chain 2: 
Chain 3: Iteration: 12000 / 12000 [100%]  (Sampling)
Chain 3: 
Chain 3:  Elapsed Time: 23.911 seconds (Warm-up)
Chain 3:                36.475 seconds (Sampling)
Chain 3:                60.386 seconds (Total)
Chain 3: 
Done!
Fitting s12.json, 5/17

SAMPLING FOR MODEL 'anon_model' NOW (CHAIN 1).
Chain 1: 
Chain 1: Gradient evaluation took 0.000246 seconds
Chain 1: 1000 transitions using 10 leapfrog steps per transition would take 2.46 seconds.
Chain 1: Adjust your expectations accordingly!
Chain 1: 
Chain 1: 

SAMPLING FOR MODEL 'anon_model' NOW (CHAIN 2).
Chain 2: 
Chain 2: Gradient evaluation took 0.000225 seconds
Chain 2: 1000 transitions using 10 leapfrog steps per transition would take 2.25 seconds.
Chain 2: Adjust your expectations accordingly!
Chain 2: 
Chain 2: 
Chain 1: Iteration:     1 / 12000 [  0%]  (Warmup)

SAMPLING FOR MODEL 'anon_model' NOW (CHAIN 3).
Chain 2: Iteration:     1 / 12000 [  0%]  (Warmup)
Chain 3: 
Chain 3: Gradient evaluation took 0.00023 seconds
Chain 3: 1000 transitions using 10 leapfrog steps per transition would take 2.3 seconds.
Chain 3: Adjust your expectations accordingly!
Chain 3: 
Chain 3: 

SAMPLING FOR MODEL 'anon_model' NOW (CHAIN 4).
Chain 3: Iteration:     1 / 12000 [  0%]  (Warmup)
Chain 4: 
Chain 4: Gradient evaluation took 0.000221 seconds
Chain 4: 1000 transitions using 10 leapfrog steps per transition would take 2.21 seconds.
Chain 4: Adjust your expectations accordingly!
Chain 4: 
Chain 4: 
Chain 4: Iteration:     1 / 12000 [  0%]  (Warmup)
Chain 1: Iteration:  1200 / 12000 [ 10%]  (Warmup)
Chain 4: Iteration:  1200 / 12000 [ 10%]  (Warmup)
Chain 3: Iteration:  1200 / 12000 [ 10%]  (Warmup)
Chain 2: Iteration:  1200 / 12000 [ 10%]  (Warmup)
Chain 2: Iteration:  2400 / 12000 [ 20%]  (Warmup)
Chain 4: Iteration:  2400 / 12000 [ 20%]  (Warmup)
Chain 1: Iteration:  2400 / 12000 [ 20%]  (Warmup)
Chain 3: Iteration:  2400 / 12000 [ 20%]  (Warmup)
Chain 2: Iteration:  3600 / 12000 [ 30%]  (Warmup)
Chain 1: Iteration:  3600 / 12000 [ 30%]  (Warmup)
Chain 3: Iteration:  3600 / 12000 [ 30%]  (Warmup)
Chain 4: Iteration:  3600 / 12000 [ 30%]  (Warmup)
Chain 3: Iteration:  4800 / 12000 [ 40%]  (Warmup)
Chain 1: Iteration:  4800 / 12000 [ 40%]  (Warmup)
Chain 2: Iteration:  4800 / 12000 [ 40%]  (Warmup)
Chain 4: Iteration:  4800 / 12000 [ 40%]  (Warmup)
Chain 1: Iteration:  6000 / 12000 [ 50%]  (Warmup)
Chain 1: Iteration:  6001 / 12000 [ 50%]  (Sampling)
Chain 3: Iteration:  6000 / 12000 [ 50%]  (Warmup)
Chain 3: Iteration:  6001 / 12000 [ 50%]  (Sampling)
Chain 4: Iteration:  6000 / 12000 [ 50%]  (Warmup)
Chain 4: Iteration:  6001 / 12000 [ 50%]  (Sampling)
Chain 2: Iteration:  6000 / 12000 [ 50%]  (Warmup)
Chain 2: Iteration:  6001 / 12000 [ 50%]  (Sampling)
Chain 1: Iteration:  7200 / 12000 [ 60%]  (Sampling)
Chain 4: Iteration:  7200 / 12000 [ 60%]  (Sampling)
Chain 3: Iteration:  7200 / 12000 [ 60%]  (Sampling)
Chain 4: Iteration:  8400 / 12000 [ 70%]  (Sampling)
Chain 1: Iteration:  8400 / 12000 [ 70%]  (Sampling)
Chain 2: Iteration:  7200 / 12000 [ 60%]  (Sampling)
Chain 4: Iteration:  9600 / 12000 [ 80%]  (Sampling)
Chain 1: Iteration:  9600 / 12000 [ 80%]  (Sampling)
Chain 3: Iteration:  8400 / 12000 [ 70%]  (Sampling)
Chain 2: Iteration:  8400 / 12000 [ 70%]  (Sampling)
Chain 4: Iteration: 10800 / 12000 [ 90%]  (Sampling)
Chain 1: Iteration: 10800 / 12000 [ 90%]  (Sampling)
Chain 4: Iteration: 12000 / 12000 [100%]  (Sampling)
Chain 4: 
Chain 4:  Elapsed Time: 26.604 seconds (Warm-up)
Chain 4:                21.521 seconds (Sampling)
Chain 4:                48.125 seconds (Total)
Chain 4: 
Chain 1: Iteration: 12000 / 12000 [100%]  (Sampling)
Chain 1: 
Chain 1:  Elapsed Time: 26.186 seconds (Warm-up)
Chain 1:                23.081 seconds (Sampling)
Chain 1:                49.267 seconds (Total)
Chain 1: 
Chain 2: Iteration:  9600 / 12000 [ 80%]  (Sampling)
Chain 3: Iteration:  9600 / 12000 [ 80%]  (Sampling)
Chain 2: Iteration: 10800 / 12000 [ 90%]  (Sampling)
Chain 3: Iteration: 10800 / 12000 [ 90%]  (Sampling)
Chain 2: Iteration: 12000 / 12000 [100%]  (Sampling)
Chain 2: 
Chain 2:  Elapsed Time: 26.875 seconds (Warm-up)
Chain 2:                41.132 seconds (Sampling)
Chain 2:                68.007 seconds (Total)
Chain 2: 
Chain 3: Iteration: 12000 / 12000 [100%]  (Sampling)
Chain 3: 
Chain 3:  Elapsed Time: 26.345 seconds (Warm-up)
Chain 3:                43.306 seconds (Sampling)
Chain 3:                69.651 seconds (Total)
Chain 3: 
Done!
Fitting s13.json, 6/17

SAMPLING FOR MODEL 'anon_model' NOW (CHAIN 1).
Chain 1: 
Chain 1: Gradient evaluation took 0.000232 seconds
Chain 1: 1000 transitions using 10 leapfrog steps per transition would take 2.32 seconds.
Chain 1: Adjust your expectations accordingly!
Chain 1: 
Chain 1: 

SAMPLING FOR MODEL 'anon_model' NOW (CHAIN 2).
Chain 1: Iteration:     1 / 12000 [  0%]  (Warmup)
Chain 2: 
Chain 2: Gradient evaluation took 0.000226 seconds
Chain 2: 1000 transitions using 10 leapfrog steps per transition would take 2.26 seconds.
Chain 2: Adjust your expectations accordingly!
Chain 2: 
Chain 2: 

SAMPLING FOR MODEL 'anon_model' NOW (CHAIN 3).
Chain 3: 
Chain 3: Gradient evaluation took 0.000232 seconds
Chain 3: 1000 transitions using 10 leapfrog steps per transition would take 2.32 seconds.
Chain 3: Adjust your expectations accordingly!
Chain 3: 
Chain 3: 

SAMPLING FOR MODEL 'anon_model' NOW (CHAIN 4).
Chain 2: Iteration:     1 / 12000 [  0%]  (Warmup)
Chain 4: 
Chain 4: Gradient evaluation took 0.000216 seconds
Chain 4: 1000 transitions using 10 leapfrog steps per transition would take 2.16 seconds.
Chain 4: Adjust your expectations accordingly!
Chain 4: 
Chain 4: 
Chain 3: Iteration:     1 / 12000 [  0%]  (Warmup)
Chain 4: Iteration:     1 / 12000 [  0%]  (Warmup)
Chain 1: Iteration:  1200 / 12000 [ 10%]  (Warmup)
Chain 4: Iteration:  1200 / 12000 [ 10%]  (Warmup)
Chain 3: Iteration:  1200 / 12000 [ 10%]  (Warmup)
Chain 2: Iteration:  1200 / 12000 [ 10%]  (Warmup)
Chain 1: Iteration:  2400 / 12000 [ 20%]  (Warmup)
Chain 4: Iteration:  2400 / 12000 [ 20%]  (Warmup)
Chain 3: Iteration:  2400 / 12000 [ 20%]  (Warmup)
Chain 2: Iteration:  2400 / 12000 [ 20%]  (Warmup)
Chain 1: Iteration:  3600 / 12000 [ 30%]  (Warmup)
Chain 4: Iteration:  3600 / 12000 [ 30%]  (Warmup)
Chain 3: Iteration:  3600 / 12000 [ 30%]  (Warmup)
Chain 2: Iteration:  3600 / 12000 [ 30%]  (Warmup)
Chain 1: Iteration:  4800 / 12000 [ 40%]  (Warmup)
Chain 4: Iteration:  4800 / 12000 [ 40%]  (Warmup)
Chain 3: Iteration:  4800 / 12000 [ 40%]  (Warmup)
Chain 2: Iteration:  4800 / 12000 [ 40%]  (Warmup)
Chain 1: Iteration:  6000 / 12000 [ 50%]  (Warmup)
Chain 1: Iteration:  6001 / 12000 [ 50%]  (Sampling)
Chain 4: Iteration:  6000 / 12000 [ 50%]  (Warmup)
Chain 4: Iteration:  6001 / 12000 [ 50%]  (Sampling)
Chain 3: Iteration:  6000 / 12000 [ 50%]  (Warmup)
Chain 3: Iteration:  6001 / 12000 [ 50%]  (Sampling)
Chain 2: Iteration:  6000 / 12000 [ 50%]  (Warmup)
Chain 2: Iteration:  6001 / 12000 [ 50%]  (Sampling)
Chain 4: Iteration:  7200 / 12000 [ 60%]  (Sampling)
Chain 3: Iteration:  7200 / 12000 [ 60%]  (Sampling)
Chain 2: Iteration:  7200 / 12000 [ 60%]  (Sampling)
Chain 1: Iteration:  7200 / 12000 [ 60%]  (Sampling)
Chain 4: Iteration:  8400 / 12000 [ 70%]  (Sampling)
Chain 3: Iteration:  8400 / 12000 [ 70%]  (Sampling)
Chain 4: Iteration:  9600 / 12000 [ 80%]  (Sampling)
Chain 2: Iteration:  8400 / 12000 [ 70%]  (Sampling)
Chain 1: Iteration:  8400 / 12000 [ 70%]  (Sampling)
Chain 3: Iteration:  9600 / 12000 [ 80%]  (Sampling)
Chain 4: Iteration: 10800 / 12000 [ 90%]  (Sampling)
Chain 3: Iteration: 10800 / 12000 [ 90%]  (Sampling)
Chain 2: Iteration:  9600 / 12000 [ 80%]  (Sampling)
Chain 4: Iteration: 12000 / 12000 [100%]  (Sampling)
Chain 4: 
Chain 4:  Elapsed Time: 23.185 seconds (Warm-up)
Chain 4:                21.319 seconds (Sampling)
Chain 4:                44.504 seconds (Total)
Chain 4: 
Chain 1: Iteration:  9600 / 12000 [ 80%]  (Sampling)
Chain 3: Iteration: 12000 / 12000 [100%]  (Sampling)
Chain 3: 
Chain 3:  Elapsed Time: 23.508 seconds (Warm-up)
Chain 3:                25.502 seconds (Sampling)
Chain 3:                49.01 seconds (Total)
Chain 3: 
Chain 2: Iteration: 10800 / 12000 [ 90%]  (Sampling)
Chain 1: Iteration: 10800 / 12000 [ 90%]  (Sampling)
Chain 2: Iteration: 12000 / 12000 [100%]  (Sampling)
Chain 2: 
Chain 2:  Elapsed Time: 23.829 seconds (Warm-up)
Chain 2:                33.925 seconds (Sampling)
Chain 2:                57.754 seconds (Total)
Chain 2: 
Chain 1: Iteration: 12000 / 12000 [100%]  (Sampling)
Chain 1: 
Chain 1:  Elapsed Time: 23.059 seconds (Warm-up)
Chain 1:                37.084 seconds (Sampling)
Chain 1:                60.143 seconds (Total)
Chain 1: 
Done!
Fitting s14.json, 7/17

SAMPLING FOR MODEL 'anon_model' NOW (CHAIN 1).

SAMPLING FOR MODEL 'anon_model' NOW (CHAIN 2).
Chain 1: 
Chain 1: Gradient evaluation took 0.000231 seconds
Chain 1: 1000 transitions using 10 leapfrog steps per transition would take 2.31 seconds.
Chain 1: Adjust your expectations accordingly!
Chain 1: 
Chain 1: 
Chain 2: 
Chain 2: Gradient evaluation took 0.000227 seconds
Chain 2: 1000 transitions using 10 leapfrog steps per transition would take 2.27 seconds.
Chain 2: Adjust your expectations accordingly!
Chain 2: 
Chain 2: 

SAMPLING FOR MODEL 'anon_model' NOW (CHAIN 3).
Chain 3: 
Chain 3: Gradient evaluation took 0.000228 seconds
Chain 3: 1000 transitions using 10 leapfrog steps per transition would take 2.28 seconds.
Chain 3: Adjust your expectations accordingly!
Chain 3: 
Chain 3: 
Chain 1: Iteration:     1 / 12000 [  0%]  (Warmup)
Chain 2: Iteration:     1 / 12000 [  0%]  (Warmup)

SAMPLING FOR MODEL 'anon_model' NOW (CHAIN 4).
Chain 3: Iteration:     1 / 12000 [  0%]  (Warmup)
Chain 4: 
Chain 4: Gradient evaluation took 0.000231 seconds
Chain 4: 1000 transitions using 10 leapfrog steps per transition would take 2.31 seconds.
Chain 4: Adjust your expectations accordingly!
Chain 4: 
Chain 4: 
Chain 4: Iteration:     1 / 12000 [  0%]  (Warmup)
Chain 1: Iteration:  1200 / 12000 [ 10%]  (Warmup)
Chain 2: Iteration:  1200 / 12000 [ 10%]  (Warmup)
Chain 3: Iteration:  1200 / 12000 [ 10%]  (Warmup)
Chain 4: Iteration:  1200 / 12000 [ 10%]  (Warmup)
Chain 1: Iteration:  2400 / 12000 [ 20%]  (Warmup)
Chain 2: Iteration:  2400 / 12000 [ 20%]  (Warmup)
Chain 3: Iteration:  2400 / 12000 [ 20%]  (Warmup)
Chain 4: Iteration:  2400 / 12000 [ 20%]  (Warmup)
Chain 1: Iteration:  3600 / 12000 [ 30%]  (Warmup)
Chain 2: Iteration:  3600 / 12000 [ 30%]  (Warmup)
Chain 3: Iteration:  3600 / 12000 [ 30%]  (Warmup)
Chain 4: Iteration:  3600 / 12000 [ 30%]  (Warmup)
Chain 1: Iteration:  4800 / 12000 [ 40%]  (Warmup)
Chain 2: Iteration:  4800 / 12000 [ 40%]  (Warmup)
Chain 3: Iteration:  4800 / 12000 [ 40%]  (Warmup)
Chain 4: Iteration:  4800 / 12000 [ 40%]  (Warmup)
Chain 1: Iteration:  6000 / 12000 [ 50%]  (Warmup)
Chain 1: Iteration:  6001 / 12000 [ 50%]  (Sampling)
Chain 2: Iteration:  6000 / 12000 [ 50%]  (Warmup)
Chain 2: Iteration:  6001 / 12000 [ 50%]  (Sampling)
Chain 3: Iteration:  6000 / 12000 [ 50%]  (Warmup)
Chain 3: Iteration:  6001 / 12000 [ 50%]  (Sampling)
Chain 4: Iteration:  6000 / 12000 [ 50%]  (Warmup)
Chain 4: Iteration:  6001 / 12000 [ 50%]  (Sampling)
Chain 1: Iteration:  7200 / 12000 [ 60%]  (Sampling)
Chain 4: Iteration:  7200 / 12000 [ 60%]  (Sampling)
Chain 1: Iteration:  8400 / 12000 [ 70%]  (Sampling)
Chain 2: Iteration:  7200 / 12000 [ 60%]  (Sampling)
Chain 3: Iteration:  7200 / 12000 [ 60%]  (Sampling)
Chain 4: Iteration:  8400 / 12000 [ 70%]  (Sampling)
Chain 1: Iteration:  9600 / 12000 [ 80%]  (Sampling)
Chain 4: Iteration:  9600 / 12000 [ 80%]  (Sampling)
Chain 1: Iteration: 10800 / 12000 [ 90%]  (Sampling)
Chain 2: Iteration:  8400 / 12000 [ 70%]  (Sampling)
Chain 3: Iteration:  8400 / 12000 [ 70%]  (Sampling)
Chain 4: Iteration: 10800 / 12000 [ 90%]  (Sampling)
Chain 1: Iteration: 12000 / 12000 [100%]  (Sampling)
Chain 1: 
Chain 1:  Elapsed Time: 21.664 seconds (Warm-up)
Chain 1:                17.437 seconds (Sampling)
Chain 1:                39.101 seconds (Total)
Chain 1: 
Chain 4: Iteration: 12000 / 12000 [100%]  (Sampling)
Chain 4: 
Chain 4:  Elapsed Time: 22.58 seconds (Warm-up)
Chain 4:                19.805 seconds (Sampling)
Chain 4:                42.385 seconds (Total)
Chain 4: 
Chain 2: Iteration:  9600 / 12000 [ 80%]  (Sampling)
Chain 3: Iteration:  9600 / 12000 [ 80%]  (Sampling)
Chain 2: Iteration: 10800 / 12000 [ 90%]  (Sampling)
Chain 3: Iteration: 10800 / 12000 [ 90%]  (Sampling)
Chain 2: Iteration: 12000 / 12000 [100%]  (Sampling)
Chain 2: 
Chain 2:  Elapsed Time: 22.154 seconds (Warm-up)
Chain 2:                33.501 seconds (Sampling)
Chain 2:                55.655 seconds (Total)
Chain 2: 
Chain 3: Iteration: 12000 / 12000 [100%]  (Sampling)
Chain 3: 
Chain 3:  Elapsed Time: 22.434 seconds (Warm-up)
Chain 3:                35.478 seconds (Sampling)
Chain 3:                57.912 seconds (Total)
Chain 3: 
Done!
Fitting s15.json, 8/17

SAMPLING FOR MODEL 'anon_model' NOW (CHAIN 1).
Chain 1: 
Chain 1: Gradient evaluation took 0.000244 seconds
Chain 1: 1000 transitions using 10 leapfrog steps per transition would take 2.44 seconds.
Chain 1: Adjust your expectations accordingly!
Chain 1: 
Chain 1: 

SAMPLING FOR MODEL 'anon_model' NOW (CHAIN 2).
Chain 2: 
Chain 2: Gradient evaluation took 0.000237 seconds
Chain 2: 1000 transitions using 10 leapfrog steps per transition would take 2.37 seconds.
Chain 2: Adjust your expectations accordingly!
Chain 2: 
Chain 2: 
Chain 1: Iteration:     1 / 12000 [  0%]  (Warmup)

SAMPLING FOR MODEL 'anon_model' NOW (CHAIN 3).
Chain 3: 
Chain 3: Gradient evaluation took 0.000226 seconds
Chain 3: 1000 transitions using 10 leapfrog steps per transition would take 2.26 seconds.
Chain 3: Adjust your expectations accordingly!
Chain 3: 
Chain 3: 
Chain 2: Iteration:     1 / 12000 [  0%]  (Warmup)

SAMPLING FOR MODEL 'anon_model' NOW (CHAIN 4).
Chain 4: 
Chain 4: Gradient evaluation took 0.000218 seconds
Chain 4: 1000 transitions using 10 leapfrog steps per transition would take 2.18 seconds.
Chain 4: Adjust your expectations accordingly!
Chain 4: 
Chain 4: 
Chain 3: Iteration:     1 / 12000 [  0%]  (Warmup)
Chain 4: Iteration:     1 / 12000 [  0%]  (Warmup)
Chain 4: Iteration:  1200 / 12000 [ 10%]  (Warmup)
Chain 3: Iteration:  1200 / 12000 [ 10%]  (Warmup)
Chain 1: Iteration:  1200 / 12000 [ 10%]  (Warmup)
Chain 2: Iteration:  1200 / 12000 [ 10%]  (Warmup)
Chain 4: Iteration:  2400 / 12000 [ 20%]  (Warmup)
Chain 3: Iteration:  2400 / 12000 [ 20%]  (Warmup)
Chain 1: Iteration:  2400 / 12000 [ 20%]  (Warmup)
Chain 2: Iteration:  2400 / 12000 [ 20%]  (Warmup)
Chain 4: Iteration:  3600 / 12000 [ 30%]  (Warmup)
Chain 3: Iteration:  3600 / 12000 [ 30%]  (Warmup)
Chain 1: Iteration:  3600 / 12000 [ 30%]  (Warmup)
Chain 2: Iteration:  3600 / 12000 [ 30%]  (Warmup)
Chain 3: Iteration:  4800 / 12000 [ 40%]  (Warmup)
Chain 4: Iteration:  4800 / 12000 [ 40%]  (Warmup)
Chain 1: Iteration:  4800 / 12000 [ 40%]  (Warmup)
Chain 2: Iteration:  4800 / 12000 [ 40%]  (Warmup)
Chain 3: Iteration:  6000 / 12000 [ 50%]  (Warmup)
Chain 3: Iteration:  6001 / 12000 [ 50%]  (Sampling)
Chain 4: Iteration:  6000 / 12000 [ 50%]  (Warmup)
Chain 4: Iteration:  6001 / 12000 [ 50%]  (Sampling)
Chain 1: Iteration:  6000 / 12000 [ 50%]  (Warmup)
Chain 1: Iteration:  6001 / 12000 [ 50%]  (Sampling)
Chain 2: Iteration:  6000 / 12000 [ 50%]  (Warmup)
Chain 2: Iteration:  6001 / 12000 [ 50%]  (Sampling)
Chain 3: Iteration:  7200 / 12000 [ 60%]  (Sampling)
Chain 2: Iteration:  7200 / 12000 [ 60%]  (Sampling)
Chain 1: Iteration:  7200 / 12000 [ 60%]  (Sampling)
Chain 3: Iteration:  8400 / 12000 [ 70%]  (Sampling)
Chain 4: Iteration:  7200 / 12000 [ 60%]  (Sampling)
Chain 2: Iteration:  8400 / 12000 [ 70%]  (Sampling)
Chain 3: Iteration:  9600 / 12000 [ 80%]  (Sampling)
Chain 1: Iteration:  8400 / 12000 [ 70%]  (Sampling)
Chain 2: Iteration:  9600 / 12000 [ 80%]  (Sampling)
Chain 4: Iteration:  8400 / 12000 [ 70%]  (Sampling)
Chain 3: Iteration: 10800 / 12000 [ 90%]  (Sampling)
Chain 2: Iteration: 10800 / 12000 [ 90%]  (Sampling)
Chain 1: Iteration:  9600 / 12000 [ 80%]  (Sampling)
Chain 3: Iteration: 12000 / 12000 [100%]  (Sampling)
Chain 3: 
Chain 3:  Elapsed Time: 25.357 seconds (Warm-up)
Chain 3:                20.58 seconds (Sampling)
Chain 3:                45.937 seconds (Total)
Chain 3: 
Chain 2: Iteration: 12000 / 12000 [100%]  (Sampling)
Chain 2: 
Chain 2:  Elapsed Time: 27.301 seconds (Warm-up)
Chain 2:                21.224 seconds (Sampling)
Chain 2:                48.525 seconds (Total)
Chain 2: 
Chain 4: Iteration:  9600 / 12000 [ 80%]  (Sampling)
Chain 1: Iteration: 10800 / 12000 [ 90%]  (Sampling)
Chain 4: Iteration: 10800 / 12000 [ 90%]  (Sampling)
Chain 1: Iteration: 12000 / 12000 [100%]  (Sampling)
Chain 1: 
Chain 1:  Elapsed Time: 26.895 seconds (Warm-up)
Chain 1:                31.096 seconds (Sampling)
Chain 1:                57.991 seconds (Total)
Chain 1: 
Chain 4: Iteration: 12000 / 12000 [100%]  (Sampling)
Chain 4: 
Chain 4:  Elapsed Time: 26.195 seconds (Warm-up)
Chain 4:                36.756 seconds (Sampling)
Chain 4:                62.951 seconds (Total)
Chain 4: 
Done!
Fitting s16.json, 9/17

SAMPLING FOR MODEL 'anon_model' NOW (CHAIN 1).
Chain 1: 
Chain 1: Gradient evaluation took 0.000228 seconds
Chain 1: 1000 transitions using 10 leapfrog steps per transition would take 2.28 seconds.
Chain 1: Adjust your expectations accordingly!
Chain 1: 
Chain 1: 

SAMPLING FOR MODEL 'anon_model' NOW (CHAIN 2).
Chain 2: 
Chain 2: Gradient evaluation took 0.000233 seconds
Chain 2: 1000 transitions using 10 leapfrog steps per transition would take 2.33 seconds.
Chain 2: Adjust your expectations accordingly!
Chain 2: 
Chain 2: 

SAMPLING FOR MODEL 'anon_model' NOW (CHAIN 3).
Chain 1: Iteration:     1 / 12000 [  0%]  (Warmup)
Chain 3: 
Chain 3: Gradient evaluation took 0.000226 seconds
Chain 3: 1000 transitions using 10 leapfrog steps per transition would take 2.26 seconds.
Chain 3: Adjust your expectations accordingly!
Chain 3: 
Chain 3: 
Chain 2: Iteration:     1 / 12000 [  0%]  (Warmup)

SAMPLING FOR MODEL 'anon_model' NOW (CHAIN 4).
Chain 4: 
Chain 4: Gradient evaluation took 0.000219 seconds
Chain 4: 1000 transitions using 10 leapfrog steps per transition would take 2.19 seconds.
Chain 4: Adjust your expectations accordingly!
Chain 4: 
Chain 4: 
Chain 3: Iteration:     1 / 12000 [  0%]  (Warmup)
Chain 4: Iteration:     1 / 12000 [  0%]  (Warmup)
Chain 4: Iteration:  1200 / 12000 [ 10%]  (Warmup)
Chain 1: Iteration:  1200 / 12000 [ 10%]  (Warmup)
Chain 2: Iteration:  1200 / 12000 [ 10%]  (Warmup)
Chain 3: Iteration:  1200 / 12000 [ 10%]  (Warmup)
Chain 4: Iteration:  2400 / 12000 [ 20%]  (Warmup)
Chain 1: Iteration:  2400 / 12000 [ 20%]  (Warmup)
Chain 2: Iteration:  2400 / 12000 [ 20%]  (Warmup)
Chain 3: Iteration:  2400 / 12000 [ 20%]  (Warmup)
Chain 1: Iteration:  3600 / 12000 [ 30%]  (Warmup)
Chain 4: Iteration:  3600 / 12000 [ 30%]  (Warmup)
Chain 2: Iteration:  3600 / 12000 [ 30%]  (Warmup)
Chain 3: Iteration:  3600 / 12000 [ 30%]  (Warmup)
Chain 1: Iteration:  4800 / 12000 [ 40%]  (Warmup)
Chain 4: Iteration:  4800 / 12000 [ 40%]  (Warmup)
Chain 3: Iteration:  4800 / 12000 [ 40%]  (Warmup)
Chain 2: Iteration:  4800 / 12000 [ 40%]  (Warmup)
Chain 1: Iteration:  6000 / 12000 [ 50%]  (Warmup)
Chain 1: Iteration:  6001 / 12000 [ 50%]  (Sampling)
Chain 4: Iteration:  6000 / 12000 [ 50%]  (Warmup)
Chain 4: Iteration:  6001 / 12000 [ 50%]  (Sampling)
Chain 3: Iteration:  6000 / 12000 [ 50%]  (Warmup)
Chain 3: Iteration:  6001 / 12000 [ 50%]  (Sampling)
Chain 2: Iteration:  6000 / 12000 [ 50%]  (Warmup)
Chain 2: Iteration:  6001 / 12000 [ 50%]  (Sampling)
Chain 1: Iteration:  7200 / 12000 [ 60%]  (Sampling)
Chain 4: Iteration:  7200 / 12000 [ 60%]  (Sampling)
Chain 3: Iteration:  7200 / 12000 [ 60%]  (Sampling)
Chain 2: Iteration:  7200 / 12000 [ 60%]  (Sampling)
Chain 4: Iteration:  8400 / 12000 [ 70%]  (Sampling)
Chain 1: Iteration:  8400 / 12000 [ 70%]  (Sampling)
Chain 2: Iteration:  8400 / 12000 [ 70%]  (Sampling)
Chain 3: Iteration:  8400 / 12000 [ 70%]  (Sampling)
Chain 4: Iteration:  9600 / 12000 [ 80%]  (Sampling)
Chain 1: Iteration:  9600 / 12000 [ 80%]  (Sampling)
Chain 2: Iteration:  9600 / 12000 [ 80%]  (Sampling)
Chain 3: Iteration:  9600 / 12000 [ 80%]  (Sampling)
Chain 4: Iteration: 10800 / 12000 [ 90%]  (Sampling)
Chain 1: Iteration: 10800 / 12000 [ 90%]  (Sampling)
Chain 2: Iteration: 10800 / 12000 [ 90%]  (Sampling)
Chain 3: Iteration: 10800 / 12000 [ 90%]  (Sampling)
Chain 4: Iteration: 12000 / 12000 [100%]  (Sampling)
Chain 4: 
Chain 4:  Elapsed Time: 48.79 seconds (Warm-up)
Chain 4:                44.304 seconds (Sampling)
Chain 4:                93.094 seconds (Total)
Chain 4: 
Chain 1: Iteration: 12000 / 12000 [100%]  (Sampling)
Chain 1: 
Chain 1:  Elapsed Time: 47.816 seconds (Warm-up)
Chain 1:                46.767 seconds (Sampling)
Chain 1:                94.583 seconds (Total)
Chain 1: 
Chain 2: Iteration: 12000 / 12000 [100%]  (Sampling)
Chain 2: 
Chain 2:  Elapsed Time: 49.535 seconds (Warm-up)
Chain 2:                50.344 seconds (Sampling)
Chain 2:                99.879 seconds (Total)
Chain 2: 
Chain 3: Iteration: 12000 / 12000 [100%]  (Sampling)
Chain 3: 
Chain 3:  Elapsed Time: 49.027 seconds (Warm-up)
Chain 3:                51.783 seconds (Sampling)
Chain 3:                100.81 seconds (Total)
Chain 3: 
Done!
Fitting s2.json, 10/17

SAMPLING FOR MODEL 'anon_model' NOW (CHAIN 1).

SAMPLING FOR MODEL 'anon_model' NOW (CHAIN 2).
Chain 1: 
Chain 1: Gradient evaluation took 0.000236 seconds
Chain 1: 1000 transitions using 10 leapfrog steps per transition would take 2.36 seconds.
Chain 1: Adjust your expectations accordingly!
Chain 1: 
Chain 1: 
Chain 2: 
Chain 2: Gradient evaluation took 0.000233 seconds
Chain 2: 1000 transitions using 10 leapfrog steps per transition would take 2.33 seconds.
Chain 2: Adjust your expectations accordingly!
Chain 2: 
Chain 2: 

SAMPLING FOR MODEL 'anon_model' NOW (CHAIN 3).
Chain 3: 
Chain 3: Gradient evaluation took 0.000223 seconds
Chain 3: 1000 transitions using 10 leapfrog steps per transition would take 2.23 seconds.
Chain 3: Adjust your expectations accordingly!
Chain 3: 
Chain 3: 

SAMPLING FOR MODEL 'anon_model' NOW (CHAIN 4).
Chain 4: 
Chain 4: Gradient evaluation took 0.00021 seconds
Chain 4: 1000 transitions using 10 leapfrog steps per transition would take 2.1 seconds.
Chain 4: Adjust your expectations accordingly!
Chain 4: 
Chain 4: 
Chain 1: Iteration:     1 / 12000 [  0%]  (Warmup)
Chain 2: Iteration:     1 / 12000 [  0%]  (Warmup)
Chain 3: Iteration:     1 / 12000 [  0%]  (Warmup)
Chain 4: Iteration:     1 / 12000 [  0%]  (Warmup)
Chain 1: Iteration:  1200 / 12000 [ 10%]  (Warmup)
Chain 2: Iteration:  1200 / 12000 [ 10%]  (Warmup)
Chain 4: Iteration:  1200 / 12000 [ 10%]  (Warmup)
Chain 3: Iteration:  1200 / 12000 [ 10%]  (Warmup)
Chain 1: Iteration:  2400 / 12000 [ 20%]  (Warmup)
Chain 2: Iteration:  2400 / 12000 [ 20%]  (Warmup)
Chain 4: Iteration:  2400 / 12000 [ 20%]  (Warmup)
Chain 3: Iteration:  2400 / 12000 [ 20%]  (Warmup)
Chain 1: Iteration:  3600 / 12000 [ 30%]  (Warmup)
Chain 2: Iteration:  3600 / 12000 [ 30%]  (Warmup)
Chain 4: Iteration:  3600 / 12000 [ 30%]  (Warmup)
Chain 3: Iteration:  3600 / 12000 [ 30%]  (Warmup)
Chain 1: Iteration:  4800 / 12000 [ 40%]  (Warmup)
Chain 2: Iteration:  4800 / 12000 [ 40%]  (Warmup)
Chain 3: Iteration:  4800 / 12000 [ 40%]  (Warmup)
Chain 4: Iteration:  4800 / 12000 [ 40%]  (Warmup)
Chain 1: Iteration:  6000 / 12000 [ 50%]  (Warmup)
Chain 1: Iteration:  6001 / 12000 [ 50%]  (Sampling)
Chain 2: Iteration:  6000 / 12000 [ 50%]  (Warmup)
Chain 2: Iteration:  6001 / 12000 [ 50%]  (Sampling)
Chain 3: Iteration:  6000 / 12000 [ 50%]  (Warmup)
Chain 3: Iteration:  6001 / 12000 [ 50%]  (Sampling)
Chain 4: Iteration:  6000 / 12000 [ 50%]  (Warmup)
Chain 4: Iteration:  6001 / 12000 [ 50%]  (Sampling)
Chain 2: Iteration:  7200 / 12000 [ 60%]  (Sampling)
Chain 3: Iteration:  7200 / 12000 [ 60%]  (Sampling)
Chain 2: Iteration:  8400 / 12000 [ 70%]  (Sampling)
Chain 1: Iteration:  7200 / 12000 [ 60%]  (Sampling)
Chain 4: Iteration:  7200 / 12000 [ 60%]  (Sampling)
Chain 3: Iteration:  8400 / 12000 [ 70%]  (Sampling)
Chain 2: Iteration:  9600 / 12000 [ 80%]  (Sampling)
Chain 2: Iteration: 10800 / 12000 [ 90%]  (Sampling)
Chain 3: Iteration:  9600 / 12000 [ 80%]  (Sampling)
Chain 1: Iteration:  8400 / 12000 [ 70%]  (Sampling)
Chain 4: Iteration:  8400 / 12000 [ 70%]  (Sampling)
Chain 2: Iteration: 12000 / 12000 [100%]  (Sampling)
Chain 2: 
Chain 2:  Elapsed Time: 31.071 seconds (Warm-up)
Chain 2:                23.077 seconds (Sampling)
Chain 2:                54.148 seconds (Total)
Chain 2: 
Chain 3: Iteration: 10800 / 12000 [ 90%]  (Sampling)
Chain 1: Iteration:  9600 / 12000 [ 80%]  (Sampling)
Chain 3: Iteration: 12000 / 12000 [100%]  (Sampling)
Chain 3: 
Chain 3:  Elapsed Time: 32.126 seconds (Warm-up)
Chain 3:                29.905 seconds (Sampling)
Chain 3:                62.031 seconds (Total)
Chain 3: 
Chain 4: Iteration:  9600 / 12000 [ 80%]  (Sampling)
Chain 1: Iteration: 10800 / 12000 [ 90%]  (Sampling)
Chain 4: Iteration: 10800 / 12000 [ 90%]  (Sampling)
Chain 1: Iteration: 12000 / 12000 [100%]  (Sampling)
Chain 1: 
Chain 1:  Elapsed Time: 30.677 seconds (Warm-up)
Chain 1:                48.46 seconds (Sampling)
Chain 1:                79.137 seconds (Total)
Chain 1: 
Chain 4: Iteration: 12000 / 12000 [100%]  (Sampling)
Chain 4: 
Chain 4:  Elapsed Time: 32.641 seconds (Warm-up)
Chain 4:                50.296 seconds (Sampling)
Chain 4:                82.937 seconds (Total)
Chain 4: 
Done!
Fitting s3.json, 11/17

SAMPLING FOR MODEL 'anon_model' NOW (CHAIN 1).

SAMPLING FOR MODEL 'anon_model' NOW (CHAIN 2).

SAMPLING FOR MODEL 'anon_model' NOW (CHAIN 3).

SAMPLING FOR MODEL 'anon_model' NOW (CHAIN 4).
Chain 3: 
Chain 3: Gradient evaluation took 0.000247 seconds
Chain 3: 1000 transitions using 10 leapfrog steps per transition would take 2.47 seconds.
Chain 3: Adjust your expectations accordingly!
Chain 3: 
Chain 3: 
Chain 1: 
Chain 1: Gradient evaluation took 0.000329 seconds
Chain 1: 1000 transitions using 10 leapfrog steps per transition would take 3.29 seconds.
Chain 1: Adjust your expectations accordingly!
Chain 1: 
Chain 1: 
Chain 2: 
Chain 2: Gradient evaluation took 0.000357 seconds
Chain 2: 1000 transitions using 10 leapfrog steps per transition would take 3.57 seconds.
Chain 2: Adjust your expectations accordingly!
Chain 2: 
Chain 2: 
Chain 3: Iteration:     1 / 12000 [  0%]  (Warmup)
Chain 1: Iteration:     1 / 12000 [  0%]  (Warmup)
Chain 2: Iteration:     1 / 12000 [  0%]  (Warmup)
Chain 4: 
Chain 4: Gradient evaluation took 0.00027 seconds
Chain 4: 1000 transitions using 10 leapfrog steps per transition would take 2.7 seconds.
Chain 4: Adjust your expectations accordingly!
Chain 4: 
Chain 4: 
Chain 4: Iteration:     1 / 12000 [  0%]  (Warmup)
Chain 2: Iteration:  1200 / 12000 [ 10%]  (Warmup)
Chain 1: Iteration:  1200 / 12000 [ 10%]  (Warmup)
Chain 4: Iteration:  1200 / 12000 [ 10%]  (Warmup)
Chain 3: Iteration:  1200 / 12000 [ 10%]  (Warmup)
Chain 2: Iteration:  2400 / 12000 [ 20%]  (Warmup)
Chain 1: Iteration:  2400 / 12000 [ 20%]  (Warmup)
Chain 4: Iteration:  2400 / 12000 [ 20%]  (Warmup)
Chain 3: Iteration:  2400 / 12000 [ 20%]  (Warmup)
Chain 2: Iteration:  3600 / 12000 [ 30%]  (Warmup)
Chain 4: Iteration:  3600 / 12000 [ 30%]  (Warmup)
Chain 1: Iteration:  3600 / 12000 [ 30%]  (Warmup)
Chain 3: Iteration:  3600 / 12000 [ 30%]  (Warmup)
Chain 2: Iteration:  4800 / 12000 [ 40%]  (Warmup)
Chain 1: Iteration:  4800 / 12000 [ 40%]  (Warmup)
Chain 4: Iteration:  4800 / 12000 [ 40%]  (Warmup)
Chain 3: Iteration:  4800 / 12000 [ 40%]  (Warmup)
Chain 2: Iteration:  6000 / 12000 [ 50%]  (Warmup)
Chain 2: Iteration:  6001 / 12000 [ 50%]  (Sampling)
Chain 4: Iteration:  6000 / 12000 [ 50%]  (Warmup)
Chain 4: Iteration:  6001 / 12000 [ 50%]  (Sampling)
Chain 1: Iteration:  6000 / 12000 [ 50%]  (Warmup)
Chain 1: Iteration:  6001 / 12000 [ 50%]  (Sampling)
Chain 3: Iteration:  6000 / 12000 [ 50%]  (Warmup)
Chain 3: Iteration:  6001 / 12000 [ 50%]  (Sampling)
Chain 4: Iteration:  7200 / 12000 [ 60%]  (Sampling)
Chain 2: Iteration:  7200 / 12000 [ 60%]  (Sampling)
Chain 3: Iteration:  7200 / 12000 [ 60%]  (Sampling)
Chain 1: Iteration:  7200 / 12000 [ 60%]  (Sampling)
Chain 4: Iteration:  8400 / 12000 [ 70%]  (Sampling)
Chain 2: Iteration:  8400 / 12000 [ 70%]  (Sampling)
Chain 4: Iteration:  9600 / 12000 [ 80%]  (Sampling)
Chain 3: Iteration:  8400 / 12000 [ 70%]  (Sampling)
Chain 1: Iteration:  8400 / 12000 [ 70%]  (Sampling)
Chain 4: Iteration: 10800 / 12000 [ 90%]  (Sampling)
Chain 2: Iteration:  9600 / 12000 [ 80%]  (Sampling)
Chain 3: Iteration:  9600 / 12000 [ 80%]  (Sampling)
Chain 4: Iteration: 12000 / 12000 [100%]  (Sampling)
Chain 4: 
Chain 4:  Elapsed Time: 24.021 seconds (Warm-up)
Chain 4:                21.904 seconds (Sampling)
Chain 4:                45.925 seconds (Total)
Chain 4: 
Chain 1: Iteration:  9600 / 12000 [ 80%]  (Sampling)
Chain 2: Iteration: 10800 / 12000 [ 90%]  (Sampling)
Chain 3: Iteration: 10800 / 12000 [ 90%]  (Sampling)
Chain 2: Iteration: 12000 / 12000 [100%]  (Sampling)
Chain 2: 
Chain 2:  Elapsed Time: 23.43 seconds (Warm-up)
Chain 2:                30.723 seconds (Sampling)
Chain 2:                54.153 seconds (Total)
Chain 2: 
Chain 1: Iteration: 10800 / 12000 [ 90%]  (Sampling)
Chain 3: Iteration: 12000 / 12000 [100%]  (Sampling)
Chain 3: 
Chain 3:  Elapsed Time: 25.111 seconds (Warm-up)
Chain 3:                30.317 seconds (Sampling)
Chain 3:                55.428 seconds (Total)
Chain 3: 
Chain 1: Iteration: 12000 / 12000 [100%]  (Sampling)
Chain 1: 
Chain 1:  Elapsed Time: 24.134 seconds (Warm-up)
Chain 1:                37.256 seconds (Sampling)
Chain 1:                61.39 seconds (Total)
Chain 1: 
Done!
Fitting s4.json, 12/17

SAMPLING FOR MODEL 'anon_model' NOW (CHAIN 1).

SAMPLING FOR MODEL 'anon_model' NOW (CHAIN 2).
Chain 1: 
Chain 1: Gradient evaluation took 0.000238 seconds
Chain 1: 1000 transitions using 10 leapfrog steps per transition would take 2.38 seconds.
Chain 1: Adjust your expectations accordingly!
Chain 1: 
Chain 1: 
Chain 2: 
Chain 2: Gradient evaluation took 0.000233 seconds
Chain 2: 1000 transitions using 10 leapfrog steps per transition would take 2.33 seconds.
Chain 2: Adjust your expectations accordingly!
Chain 2: 
Chain 2: 
Chain 1: Iteration:     1 / 12000 [  0%]  (Warmup)
Chain 2: Iteration:     1 / 12000 [  0%]  (Warmup)

SAMPLING FOR MODEL 'anon_model' NOW (CHAIN 3).
Chain 3: 
Chain 3: Gradient evaluation took 0.000223 seconds
Chain 3: 1000 transitions using 10 leapfrog steps per transition would take 2.23 seconds.
Chain 3: Adjust your expectations accordingly!
Chain 3: 
Chain 3: 

SAMPLING FOR MODEL 'anon_model' NOW (CHAIN 4).
Chain 3: Iteration:     1 / 12000 [  0%]  (Warmup)
Chain 4: 
Chain 4: Gradient evaluation took 0.000231 seconds
Chain 4: 1000 transitions using 10 leapfrog steps per transition would take 2.31 seconds.
Chain 4: Adjust your expectations accordingly!
Chain 4: 
Chain 4: 
Chain 4: Iteration:     1 / 12000 [  0%]  (Warmup)
Chain 4: Iteration:  1200 / 12000 [ 10%]  (Warmup)
Chain 1: Iteration:  1200 / 12000 [ 10%]  (Warmup)
Chain 2: Iteration:  1200 / 12000 [ 10%]  (Warmup)
Chain 3: Iteration:  1200 / 12000 [ 10%]  (Warmup)
Chain 4: Iteration:  2400 / 12000 [ 20%]  (Warmup)
Chain 1: Iteration:  2400 / 12000 [ 20%]  (Warmup)
Chain 3: Iteration:  2400 / 12000 [ 20%]  (Warmup)
Chain 2: Iteration:  2400 / 12000 [ 20%]  (Warmup)
Chain 4: Iteration:  3600 / 12000 [ 30%]  (Warmup)
Chain 1: Iteration:  3600 / 12000 [ 30%]  (Warmup)
Chain 3: Iteration:  3600 / 12000 [ 30%]  (Warmup)
Chain 2: Iteration:  3600 / 12000 [ 30%]  (Warmup)
Chain 4: Iteration:  4800 / 12000 [ 40%]  (Warmup)
Chain 1: Iteration:  4800 / 12000 [ 40%]  (Warmup)
Chain 3: Iteration:  4800 / 12000 [ 40%]  (Warmup)
Chain 2: Iteration:  4800 / 12000 [ 40%]  (Warmup)
Chain 4: Iteration:  6000 / 12000 [ 50%]  (Warmup)
Chain 4: Iteration:  6001 / 12000 [ 50%]  (Sampling)
Chain 1: Iteration:  6000 / 12000 [ 50%]  (Warmup)
Chain 1: Iteration:  6001 / 12000 [ 50%]  (Sampling)
Chain 3: Iteration:  6000 / 12000 [ 50%]  (Warmup)
Chain 3: Iteration:  6001 / 12000 [ 50%]  (Sampling)
Chain 2: Iteration:  6000 / 12000 [ 50%]  (Warmup)
Chain 2: Iteration:  6001 / 12000 [ 50%]  (Sampling)
Chain 2: Iteration:  7200 / 12000 [ 60%]  (Sampling)
Chain 1: Iteration:  7200 / 12000 [ 60%]  (Sampling)
Chain 4: Iteration:  7200 / 12000 [ 60%]  (Sampling)
Chain 3: Iteration:  7200 / 12000 [ 60%]  (Sampling)
Chain 2: Iteration:  8400 / 12000 [ 70%]  (Sampling)
Chain 1: Iteration:  8400 / 12000 [ 70%]  (Sampling)
Chain 3: Iteration:  8400 / 12000 [ 70%]  (Sampling)
Chain 4: Iteration:  8400 / 12000 [ 70%]  (Sampling)
Chain 2: Iteration:  9600 / 12000 [ 80%]  (Sampling)
Chain 2: Iteration: 10800 / 12000 [ 90%]  (Sampling)
Chain 1: Iteration:  9600 / 12000 [ 80%]  (Sampling)
Chain 3: Iteration:  9600 / 12000 [ 80%]  (Sampling)
Chain 4: Iteration:  9600 / 12000 [ 80%]  (Sampling)
Chain 2: Iteration: 12000 / 12000 [100%]  (Sampling)
Chain 2: 
Chain 2:  Elapsed Time: 23.425 seconds (Warm-up)
Chain 2:                25.113 seconds (Sampling)
Chain 2:                48.538 seconds (Total)
Chain 2: 
Chain 1: Iteration: 10800 / 12000 [ 90%]  (Sampling)
Chain 3: Iteration: 10800 / 12000 [ 90%]  (Sampling)
Chain 4: Iteration: 10800 / 12000 [ 90%]  (Sampling)
Chain 1: Iteration: 12000 / 12000 [100%]  (Sampling)
Chain 1: 
Chain 1:  Elapsed Time: 23.165 seconds (Warm-up)
Chain 1:                35.998 seconds (Sampling)
Chain 1:                59.163 seconds (Total)
Chain 1: 
Chain 3: Iteration: 12000 / 12000 [100%]  (Sampling)
Chain 3: 
Chain 3:  Elapsed Time: 23.399 seconds (Warm-up)
Chain 3:                36.13 seconds (Sampling)
Chain 3:                59.529 seconds (Total)
Chain 3: 
Chain 4: Iteration: 12000 / 12000 [100%]  (Sampling)
Chain 4: 
Chain 4:  Elapsed Time: 22.947 seconds (Warm-up)
Chain 4:                38.177 seconds (Sampling)
Chain 4:                61.124 seconds (Total)
Chain 4: 
Done!
Fitting s5.json, 13/17

SAMPLING FOR MODEL 'anon_model' NOW (CHAIN 1).

SAMPLING FOR MODEL 'anon_model' NOW (CHAIN 2).
Chain 1: 
Chain 1: Gradient evaluation took 0.000227 seconds
Chain 1: 1000 transitions using 10 leapfrog steps per transition would take 2.27 seconds.
Chain 1: Adjust your expectations accordingly!
Chain 1: 
Chain 1: 

SAMPLING FOR MODEL 'anon_model' NOW (CHAIN 3).
Chain 2: 
Chain 2: Gradient evaluation took 0.000222 seconds
Chain 2: 1000 transitions using 10 leapfrog steps per transition would take 2.22 seconds.
Chain 2: Adjust your expectations accordingly!
Chain 2: 
Chain 2: 
Chain 3: 
Chain 3: Gradient evaluation took 0.000223 seconds
Chain 3: 1000 transitions using 10 leapfrog steps per transition would take 2.23 seconds.
Chain 3: Adjust your expectations accordingly!
Chain 3: 
Chain 3: 
Chain 1: Iteration:     1 / 12000 [  0%]  (Warmup)
Chain 2: Iteration:     1 / 12000 [  0%]  (Warmup)

SAMPLING FOR MODEL 'anon_model' NOW (CHAIN 4).
Chain 3: Iteration:     1 / 12000 [  0%]  (Warmup)
Chain 4: 
Chain 4: Gradient evaluation took 0.000228 seconds
Chain 4: 1000 transitions using 10 leapfrog steps per transition would take 2.28 seconds.
Chain 4: Adjust your expectations accordingly!
Chain 4: 
Chain 4: 
Chain 4: Iteration:     1 / 12000 [  0%]  (Warmup)
Chain 1: Iteration:  1200 / 12000 [ 10%]  (Warmup)
Chain 4: Iteration:  1200 / 12000 [ 10%]  (Warmup)
Chain 3: Iteration:  1200 / 12000 [ 10%]  (Warmup)
Chain 2: Iteration:  1200 / 12000 [ 10%]  (Warmup)
Chain 1: Iteration:  2400 / 12000 [ 20%]  (Warmup)
Chain 4: Iteration:  2400 / 12000 [ 20%]  (Warmup)
Chain 3: Iteration:  2400 / 12000 [ 20%]  (Warmup)
Chain 2: Iteration:  2400 / 12000 [ 20%]  (Warmup)
Chain 1: Iteration:  3600 / 12000 [ 30%]  (Warmup)
Chain 4: Iteration:  3600 / 12000 [ 30%]  (Warmup)
Chain 3: Iteration:  3600 / 12000 [ 30%]  (Warmup)
Chain 2: Iteration:  3600 / 12000 [ 30%]  (Warmup)
Chain 1: Iteration:  4800 / 12000 [ 40%]  (Warmup)
Chain 4: Iteration:  4800 / 12000 [ 40%]  (Warmup)
Chain 3: Iteration:  4800 / 12000 [ 40%]  (Warmup)
Chain 2: Iteration:  4800 / 12000 [ 40%]  (Warmup)
Chain 1: Iteration:  6000 / 12000 [ 50%]  (Warmup)
Chain 1: Iteration:  6001 / 12000 [ 50%]  (Sampling)
Chain 4: Iteration:  6000 / 12000 [ 50%]  (Warmup)
Chain 4: Iteration:  6001 / 12000 [ 50%]  (Sampling)
Chain 3: Iteration:  6000 / 12000 [ 50%]  (Warmup)
Chain 3: Iteration:  6001 / 12000 [ 50%]  (Sampling)
Chain 2: Iteration:  6000 / 12000 [ 50%]  (Warmup)
Chain 2: Iteration:  6001 / 12000 [ 50%]  (Sampling)
Chain 4: Iteration:  7200 / 12000 [ 60%]  (Sampling)
Chain 2: Iteration:  7200 / 12000 [ 60%]  (Sampling)
Chain 3: Iteration:  7200 / 12000 [ 60%]  (Sampling)
Chain 1: Iteration:  7200 / 12000 [ 60%]  (Sampling)
Chain 4: Iteration:  8400 / 12000 [ 70%]  (Sampling)
Chain 2: Iteration:  8400 / 12000 [ 70%]  (Sampling)
Chain 3: Iteration:  8400 / 12000 [ 70%]  (Sampling)
Chain 2: Iteration:  9600 / 12000 [ 80%]  (Sampling)
Chain 4: Iteration:  9600 / 12000 [ 80%]  (Sampling)
Chain 3: Iteration:  9600 / 12000 [ 80%]  (Sampling)
Chain 1: Iteration:  8400 / 12000 [ 70%]  (Sampling)
Chain 2: Iteration: 10800 / 12000 [ 90%]  (Sampling)
Chain 4: Iteration: 10800 / 12000 [ 90%]  (Sampling)
Chain 3: Iteration: 10800 / 12000 [ 90%]  (Sampling)
Chain 2: Iteration: 12000 / 12000 [100%]  (Sampling)
Chain 2: 
Chain 2:  Elapsed Time: 22.465 seconds (Warm-up)
Chain 2:                19.171 seconds (Sampling)
Chain 2:                41.636 seconds (Total)
Chain 2: 
Chain 4: Iteration: 12000 / 12000 [100%]  (Sampling)
Chain 4: 
Chain 4:  Elapsed Time: 21.901 seconds (Warm-up)
Chain 4:                20.623 seconds (Sampling)
Chain 4:                42.524 seconds (Total)
Chain 4: 
Chain 1: Iteration:  9600 / 12000 [ 80%]  (Sampling)
Chain 3: Iteration: 12000 / 12000 [100%]  (Sampling)
Chain 3: 
Chain 3:  Elapsed Time: 22.055 seconds (Warm-up)
Chain 3:                22.158 seconds (Sampling)
Chain 3:                44.213 seconds (Total)
Chain 3: 
Chain 1: Iteration: 10800 / 12000 [ 90%]  (Sampling)
Chain 1: Iteration: 12000 / 12000 [100%]  (Sampling)
Chain 1: 
Chain 1:  Elapsed Time: 21.319 seconds (Warm-up)
Chain 1:                35.419 seconds (Sampling)
Chain 1:                56.738 seconds (Total)
Chain 1: 
Done!
Fitting s6.json, 14/17

SAMPLING FOR MODEL 'anon_model' NOW (CHAIN 1).

SAMPLING FOR MODEL 'anon_model' NOW (CHAIN 2).
Chain 1: 
Chain 1: Gradient evaluation took 0.000236 seconds
Chain 1: 1000 transitions using 10 leapfrog steps per transition would take 2.36 seconds.
Chain 1: Adjust your expectations accordingly!
Chain 1: 
Chain 1: 
Chain 2: 
Chain 2: Gradient evaluation took 0.000231 seconds
Chain 2: 1000 transitions using 10 leapfrog steps per transition would take 2.31 seconds.
Chain 2: Adjust your expectations accordingly!
Chain 2: 
Chain 2: 

SAMPLING FOR MODEL 'anon_model' NOW (CHAIN 3).
Chain 1: Iteration:     1 / 12000 [  0%]  (Warmup)
Chain 3: 
Chain 3: Gradient evaluation took 0.000223 seconds
Chain 3: 1000 transitions using 10 leapfrog steps per transition would take 2.23 seconds.
Chain 3: Adjust your expectations accordingly!
Chain 3: 
Chain 3: 
Chain 2: Iteration:     1 / 12000 [  0%]  (Warmup)

SAMPLING FOR MODEL 'anon_model' NOW (CHAIN 4).
Chain 4: 
Chain 4: Gradient evaluation took 0.000212 seconds
Chain 4: 1000 transitions using 10 leapfrog steps per transition would take 2.12 seconds.
Chain 4: Adjust your expectations accordingly!
Chain 4: 
Chain 4: 
Chain 3: Iteration:     1 / 12000 [  0%]  (Warmup)
Chain 4: Iteration:     1 / 12000 [  0%]  (Warmup)
Chain 2: Iteration:  1200 / 12000 [ 10%]  (Warmup)
Chain 4: Iteration:  1200 / 12000 [ 10%]  (Warmup)
Chain 3: Iteration:  1200 / 12000 [ 10%]  (Warmup)
Chain 1: Iteration:  1200 / 12000 [ 10%]  (Warmup)
Chain 2: Iteration:  2400 / 12000 [ 20%]  (Warmup)
Chain 4: Iteration:  2400 / 12000 [ 20%]  (Warmup)
Chain 3: Iteration:  2400 / 12000 [ 20%]  (Warmup)
Chain 1: Iteration:  2400 / 12000 [ 20%]  (Warmup)
Chain 4: Iteration:  3600 / 12000 [ 30%]  (Warmup)
Chain 2: Iteration:  3600 / 12000 [ 30%]  (Warmup)
Chain 1: Iteration:  3600 / 12000 [ 30%]  (Warmup)
Chain 3: Iteration:  3600 / 12000 [ 30%]  (Warmup)
Chain 2: Iteration:  4800 / 12000 [ 40%]  (Warmup)
Chain 4: Iteration:  4800 / 12000 [ 40%]  (Warmup)
Chain 3: Iteration:  4800 / 12000 [ 40%]  (Warmup)
Chain 1: Iteration:  4800 / 12000 [ 40%]  (Warmup)
Chain 1: Iteration:  6000 / 12000 [ 50%]  (Warmup)
Chain 1: Iteration:  6001 / 12000 [ 50%]  (Sampling)
Chain 2: Iteration:  6000 / 12000 [ 50%]  (Warmup)
Chain 2: Iteration:  6001 / 12000 [ 50%]  (Sampling)
Chain 4: Iteration:  6000 / 12000 [ 50%]  (Warmup)
Chain 4: Iteration:  6001 / 12000 [ 50%]  (Sampling)
Chain 3: Iteration:  6000 / 12000 [ 50%]  (Warmup)
Chain 3: Iteration:  6001 / 12000 [ 50%]  (Sampling)
Chain 4: Iteration:  7200 / 12000 [ 60%]  (Sampling)
Chain 1: Iteration:  7200 / 12000 [ 60%]  (Sampling)
Chain 3: Iteration:  7200 / 12000 [ 60%]  (Sampling)
Chain 2: Iteration:  7200 / 12000 [ 60%]  (Sampling)
Chain 4: Iteration:  8400 / 12000 [ 70%]  (Sampling)
Chain 1: Iteration:  8400 / 12000 [ 70%]  (Sampling)
Chain 4: Iteration:  9600 / 12000 [ 80%]  (Sampling)
Chain 3: Iteration:  8400 / 12000 [ 70%]  (Sampling)
Chain 2: Iteration:  8400 / 12000 [ 70%]  (Sampling)
Chain 1: Iteration:  9600 / 12000 [ 80%]  (Sampling)
Chain 4: Iteration: 10800 / 12000 [ 90%]  (Sampling)
Chain 1: Iteration: 10800 / 12000 [ 90%]  (Sampling)
Chain 3: Iteration:  9600 / 12000 [ 80%]  (Sampling)
Chain 4: Iteration: 12000 / 12000 [100%]  (Sampling)
Chain 4: 
Chain 4:  Elapsed Time: 24.131 seconds (Warm-up)
Chain 4:                20.075 seconds (Sampling)
Chain 4:                44.206 seconds (Total)
Chain 4: 
Chain 2: Iteration:  9600 / 12000 [ 80%]  (Sampling)
Chain 1: Iteration: 12000 / 12000 [100%]  (Sampling)
Chain 1: 
Chain 1:  Elapsed Time: 23.981 seconds (Warm-up)
Chain 1:                24.898 seconds (Sampling)
Chain 1:                48.879 seconds (Total)
Chain 1: 
Chain 3: Iteration: 10800 / 12000 [ 90%]  (Sampling)
Chain 2: Iteration: 10800 / 12000 [ 90%]  (Sampling)
Chain 3: Iteration: 12000 / 12000 [100%]  (Sampling)
Chain 3: 
Chain 3:  Elapsed Time: 24.143 seconds (Warm-up)
Chain 3:                33.17 seconds (Sampling)
Chain 3:                57.313 seconds (Total)
Chain 3: 
Chain 2: Iteration: 12000 / 12000 [100%]  (Sampling)
Chain 2: 
Chain 2:  Elapsed Time: 23.994 seconds (Warm-up)
Chain 2:                33.911 seconds (Sampling)
Chain 2:                57.905 seconds (Total)
Chain 2: 
Done!
Fitting s7.json, 15/17

SAMPLING FOR MODEL 'anon_model' NOW (CHAIN 1).
Chain 1: 
Chain 1: Gradient evaluation took 0.000257 seconds
Chain 1: 1000 transitions using 10 leapfrog steps per transition would take 2.57 seconds.
Chain 1: Adjust your expectations accordingly!
Chain 1: 
Chain 1: 

SAMPLING FOR MODEL 'anon_model' NOW (CHAIN 2).

SAMPLING FOR MODEL 'anon_model' NOW (CHAIN 3).
Chain 2: 
Chain 2: Gradient evaluation took 0.000227 seconds
Chain 2: 1000 transitions using 10 leapfrog steps per transition would take 2.27 seconds.
Chain 2: Adjust your expectations accordingly!
Chain 2: 
Chain 2: 
Chain 1: Iteration:     1 / 12000 [  0%]  (Warmup)
Chain 3: 
Chain 3: Gradient evaluation took 0.000223 seconds
Chain 3: 1000 transitions using 10 leapfrog steps per transition would take 2.23 seconds.
Chain 3: Adjust your expectations accordingly!
Chain 3: 
Chain 3: 
Chain 2: Iteration:     1 / 12000 [  0%]  (Warmup)

SAMPLING FOR MODEL 'anon_model' NOW (CHAIN 4).
Chain 3: Iteration:     1 / 12000 [  0%]  (Warmup)
Chain 4: 
Chain 4: Gradient evaluation took 0.000215 seconds
Chain 4: 1000 transitions using 10 leapfrog steps per transition would take 2.15 seconds.
Chain 4: Adjust your expectations accordingly!
Chain 4: 
Chain 4: 
Chain 4: Iteration:     1 / 12000 [  0%]  (Warmup)
Chain 4: Iteration:  1200 / 12000 [ 10%]  (Warmup)
Chain 2: Iteration:  1200 / 12000 [ 10%]  (Warmup)
Chain 1: Iteration:  1200 / 12000 [ 10%]  (Warmup)
Chain 3: Iteration:  1200 / 12000 [ 10%]  (Warmup)
Chain 4: Iteration:  2400 / 12000 [ 20%]  (Warmup)
Chain 1: Iteration:  2400 / 12000 [ 20%]  (Warmup)
Chain 2: Iteration:  2400 / 12000 [ 20%]  (Warmup)
Chain 3: Iteration:  2400 / 12000 [ 20%]  (Warmup)
Chain 1: Iteration:  3600 / 12000 [ 30%]  (Warmup)
Chain 4: Iteration:  3600 / 12000 [ 30%]  (Warmup)
Chain 2: Iteration:  3600 / 12000 [ 30%]  (Warmup)
Chain 3: Iteration:  3600 / 12000 [ 30%]  (Warmup)
Chain 1: Iteration:  4800 / 12000 [ 40%]  (Warmup)
Chain 3: Iteration:  4800 / 12000 [ 40%]  (Warmup)
Chain 2: Iteration:  4800 / 12000 [ 40%]  (Warmup)
Chain 4: Iteration:  4800 / 12000 [ 40%]  (Warmup)
Chain 3: Iteration:  6000 / 12000 [ 50%]  (Warmup)
Chain 3: Iteration:  6001 / 12000 [ 50%]  (Sampling)
Chain 2: Iteration:  6000 / 12000 [ 50%]  (Warmup)
Chain 2: Iteration:  6001 / 12000 [ 50%]  (Sampling)
Chain 1: Iteration:  6000 / 12000 [ 50%]  (Warmup)
Chain 1: Iteration:  6001 / 12000 [ 50%]  (Sampling)
Chain 4: Iteration:  6000 / 12000 [ 50%]  (Warmup)
Chain 4: Iteration:  6001 / 12000 [ 50%]  (Sampling)
Chain 2: Iteration:  7200 / 12000 [ 60%]  (Sampling)
Chain 3: Iteration:  7200 / 12000 [ 60%]  (Sampling)
Chain 2: Iteration:  8400 / 12000 [ 70%]  (Sampling)
Chain 4: Iteration:  7200 / 12000 [ 60%]  (Sampling)
Chain 1: Iteration:  7200 / 12000 [ 60%]  (Sampling)
Chain 3: Iteration:  8400 / 12000 [ 70%]  (Sampling)
Chain 2: Iteration:  9600 / 12000 [ 80%]  (Sampling)
Chain 2: Iteration: 10800 / 12000 [ 90%]  (Sampling)
Chain 4: Iteration:  8400 / 12000 [ 70%]  (Sampling)
Chain 3: Iteration:  9600 / 12000 [ 80%]  (Sampling)
Chain 1: Iteration:  8400 / 12000 [ 70%]  (Sampling)
Chain 2: Iteration: 12000 / 12000 [100%]  (Sampling)
Chain 2: 
Chain 2:  Elapsed Time: 23.084 seconds (Warm-up)
Chain 2:                17.726 seconds (Sampling)
Chain 2:                40.81 seconds (Total)
Chain 2: 
Chain 3: Iteration: 10800 / 12000 [ 90%]  (Sampling)
Chain 4: Iteration:  9600 / 12000 [ 80%]  (Sampling)
Chain 1: Iteration:  9600 / 12000 [ 80%]  (Sampling)
Chain 3: Iteration: 12000 / 12000 [100%]  (Sampling)
Chain 3: 
Chain 3:  Elapsed Time: 23.018 seconds (Warm-up)
Chain 3:                24.107 seconds (Sampling)
Chain 3:                47.125 seconds (Total)
Chain 3: 
Chain 4: Iteration: 10800 / 12000 [ 90%]  (Sampling)
Chain 1: Iteration: 10800 / 12000 [ 90%]  (Sampling)
Chain 4: Iteration: 12000 / 12000 [100%]  (Sampling)
Chain 4: 
Chain 4:  Elapsed Time: 23.535 seconds (Warm-up)
Chain 4:                34.368 seconds (Sampling)
Chain 4:                57.903 seconds (Total)
Chain 4: 
Chain 1: Iteration: 12000 / 12000 [100%]  (Sampling)
Chain 1: 
Chain 1:  Elapsed Time: 23.317 seconds (Warm-up)
Chain 1:                36.631 seconds (Sampling)
Chain 1:                59.948 seconds (Total)
Chain 1: 
Done!
Fitting s8.json, 16/17

SAMPLING FOR MODEL 'anon_model' NOW (CHAIN 1).
Chain 1: 
Chain 1: Gradient evaluation took 0.000247 seconds
Chain 1: 1000 transitions using 10 leapfrog steps per transition would take 2.47 seconds.
Chain 1: Adjust your expectations accordingly!
Chain 1: 
Chain 1: 

SAMPLING FOR MODEL 'anon_model' NOW (CHAIN 2).
Chain 1: Iteration:     1 / 12000 [  0%]  (Warmup)
Chain 2: 
Chain 2: Gradient evaluation took 0.000237 seconds
Chain 2: 1000 transitions using 10 leapfrog steps per transition would take 2.37 seconds.
Chain 2: Adjust your expectations accordingly!
Chain 2: 
Chain 2: 

SAMPLING FOR MODEL 'anon_model' NOW (CHAIN 3).
Chain 2: Iteration:     1 / 12000 [  0%]  (Warmup)
Chain 3: 
Chain 3: Gradient evaluation took 0.000238 seconds
Chain 3: 1000 transitions using 10 leapfrog steps per transition would take 2.38 seconds.
Chain 3: Adjust your expectations accordingly!
Chain 3: 
Chain 3: 

SAMPLING FOR MODEL 'anon_model' NOW (CHAIN 4).
Chain 4: 
Chain 4: Gradient evaluation took 0.000214 seconds
Chain 4: 1000 transitions using 10 leapfrog steps per transition would take 2.14 seconds.
Chain 4: Adjust your expectations accordingly!
Chain 4: 
Chain 4: 
Chain 3: Iteration:     1 / 12000 [  0%]  (Warmup)
Chain 4: Iteration:     1 / 12000 [  0%]  (Warmup)
Chain 2: Iteration:  1200 / 12000 [ 10%]  (Warmup)
Chain 4: Iteration:  1200 / 12000 [ 10%]  (Warmup)
Chain 1: Iteration:  1200 / 12000 [ 10%]  (Warmup)
Chain 3: Iteration:  1200 / 12000 [ 10%]  (Warmup)
Chain 2: Iteration:  2400 / 12000 [ 20%]  (Warmup)
Chain 4: Iteration:  2400 / 12000 [ 20%]  (Warmup)
Chain 3: Iteration:  2400 / 12000 [ 20%]  (Warmup)
Chain 1: Iteration:  2400 / 12000 [ 20%]  (Warmup)
Chain 2: Iteration:  3600 / 12000 [ 30%]  (Warmup)
Chain 4: Iteration:  3600 / 12000 [ 30%]  (Warmup)
Chain 3: Iteration:  3600 / 12000 [ 30%]  (Warmup)
Chain 1: Iteration:  3600 / 12000 [ 30%]  (Warmup)
Chain 2: Iteration:  4800 / 12000 [ 40%]  (Warmup)
Chain 4: Iteration:  4800 / 12000 [ 40%]  (Warmup)
Chain 3: Iteration:  4800 / 12000 [ 40%]  (Warmup)
Chain 1: Iteration:  4800 / 12000 [ 40%]  (Warmup)
Chain 2: Iteration:  6000 / 12000 [ 50%]  (Warmup)
Chain 2: Iteration:  6001 / 12000 [ 50%]  (Sampling)
Chain 4: Iteration:  6000 / 12000 [ 50%]  (Warmup)
Chain 4: Iteration:  6001 / 12000 [ 50%]  (Sampling)
Chain 3: Iteration:  6000 / 12000 [ 50%]  (Warmup)
Chain 3: Iteration:  6001 / 12000 [ 50%]  (Sampling)
Chain 1: Iteration:  6000 / 12000 [ 50%]  (Warmup)
Chain 1: Iteration:  6001 / 12000 [ 50%]  (Sampling)
Chain 2: Iteration:  7200 / 12000 [ 60%]  (Sampling)
Chain 4: Iteration:  7200 / 12000 [ 60%]  (Sampling)
Chain 3: Iteration:  7200 / 12000 [ 60%]  (Sampling)
Chain 2: Iteration:  8400 / 12000 [ 70%]  (Sampling)
Chain 1: Iteration:  7200 / 12000 [ 60%]  (Sampling)
Chain 2: Iteration:  9600 / 12000 [ 80%]  (Sampling)
Chain 4: Iteration:  8400 / 12000 [ 70%]  (Sampling)
Chain 3: Iteration:  8400 / 12000 [ 70%]  (Sampling)
Chain 1: Iteration:  8400 / 12000 [ 70%]  (Sampling)
Chain 2: Iteration: 10800 / 12000 [ 90%]  (Sampling)
Chain 4: Iteration:  9600 / 12000 [ 80%]  (Sampling)
Chain 2: Iteration: 12000 / 12000 [100%]  (Sampling)
Chain 2: 
Chain 2:  Elapsed Time: 22.395 seconds (Warm-up)
Chain 2:                19.085 seconds (Sampling)
Chain 2:                41.48 seconds (Total)
Chain 2: 
Chain 3: Iteration:  9600 / 12000 [ 80%]  (Sampling)
Chain 1: Iteration:  9600 / 12000 [ 80%]  (Sampling)
Chain 4: Iteration: 10800 / 12000 [ 90%]  (Sampling)
Chain 3: Iteration: 10800 / 12000 [ 90%]  (Sampling)
Chain 4: Iteration: 12000 / 12000 [100%]  (Sampling)
Chain 4: 
Chain 4:  Elapsed Time: 22.811 seconds (Warm-up)
Chain 4:                28.037 seconds (Sampling)
Chain 4:                50.848 seconds (Total)
Chain 4: 
Chain 1: Iteration: 10800 / 12000 [ 90%]  (Sampling)
Chain 3: Iteration: 12000 / 12000 [100%]  (Sampling)
Chain 3: 
Chain 3:  Elapsed Time: 23.406 seconds (Warm-up)
Chain 3:                32.528 seconds (Sampling)
Chain 3:                55.934 seconds (Total)
Chain 3: 
Chain 1: Iteration: 12000 / 12000 [100%]  (Sampling)
Chain 1: 
Chain 1:  Elapsed Time: 23.542 seconds (Warm-up)
Chain 1:                35.006 seconds (Sampling)
Chain 1:                58.548 seconds (Total)
Chain 1: 
Done!
Fitting s9.json, 17/17

SAMPLING FOR MODEL 'anon_model' NOW (CHAIN 1).
Chain 1: 
Chain 1: Gradient evaluation took 0.000239 seconds
Chain 1: 1000 transitions using 10 leapfrog steps per transition would take 2.39 seconds.
Chain 1: Adjust your expectations accordingly!
Chain 1: 
Chain 1: 

SAMPLING FOR MODEL 'anon_model' NOW (CHAIN 2).
Chain 2: 
Chain 2: Gradient evaluation took 0.000226 seconds
Chain 2: 1000 transitions using 10 leapfrog steps per transition would take 2.26 seconds.
Chain 2: Adjust your expectations accordingly!
Chain 2: 
Chain 2: 

SAMPLING FOR MODEL 'anon_model' NOW (CHAIN 3).
Chain 1: Iteration:     1 / 12000 [  0%]  (Warmup)
Chain 3: 
Chain 3: Gradient evaluation took 0.000242 seconds
Chain 3: 1000 transitions using 10 leapfrog steps per transition would take 2.42 seconds.
Chain 3: Adjust your expectations accordingly!
Chain 3: 
Chain 3: 
Chain 2: Iteration:     1 / 12000 [  0%]  (Warmup)

SAMPLING FOR MODEL 'anon_model' NOW (CHAIN 4).
Chain 3: Iteration:     1 / 12000 [  0%]  (Warmup)
Chain 4: 
Chain 4: Gradient evaluation took 0.000215 seconds
Chain 4: 1000 transitions using 10 leapfrog steps per transition would take 2.15 seconds.
Chain 4: Adjust your expectations accordingly!
Chain 4: 
Chain 4: 
Chain 4: Iteration:     1 / 12000 [  0%]  (Warmup)
Chain 2: Iteration:  1200 / 12000 [ 10%]  (Warmup)
Chain 1: Iteration:  1200 / 12000 [ 10%]  (Warmup)
Chain 3: Iteration:  1200 / 12000 [ 10%]  (Warmup)
Chain 4: Iteration:  1200 / 12000 [ 10%]  (Warmup)
Chain 2: Iteration:  2400 / 12000 [ 20%]  (Warmup)
Chain 1: Iteration:  2400 / 12000 [ 20%]  (Warmup)
Chain 3: Iteration:  2400 / 12000 [ 20%]  (Warmup)
Chain 4: Iteration:  2400 / 12000 [ 20%]  (Warmup)
Chain 2: Iteration:  3600 / 12000 [ 30%]  (Warmup)
Chain 1: Iteration:  3600 / 12000 [ 30%]  (Warmup)
Chain 3: Iteration:  3600 / 12000 [ 30%]  (Warmup)
Chain 4: Iteration:  3600 / 12000 [ 30%]  (Warmup)
Chain 2: Iteration:  4800 / 12000 [ 40%]  (Warmup)
Chain 3: Iteration:  4800 / 12000 [ 40%]  (Warmup)
Chain 1: Iteration:  4800 / 12000 [ 40%]  (Warmup)
Chain 4: Iteration:  4800 / 12000 [ 40%]  (Warmup)
Chain 2: Iteration:  6000 / 12000 [ 50%]  (Warmup)
Chain 2: Iteration:  6001 / 12000 [ 50%]  (Sampling)
Chain 4: Iteration:  6000 / 12000 [ 50%]  (Warmup)
Chain 4: Iteration:  6001 / 12000 [ 50%]  (Sampling)
Chain 1: Iteration:  6000 / 12000 [ 50%]  (Warmup)
Chain 1: Iteration:  6001 / 12000 [ 50%]  (Sampling)
Chain 3: Iteration:  6000 / 12000 [ 50%]  (Warmup)
Chain 3: Iteration:  6001 / 12000 [ 50%]  (Sampling)
Chain 1: Iteration:  7200 / 12000 [ 60%]  (Sampling)
Chain 4: Iteration:  7200 / 12000 [ 60%]  (Sampling)
Chain 3: Iteration:  7200 / 12000 [ 60%]  (Sampling)
Chain 2: Iteration:  7200 / 12000 [ 60%]  (Sampling)
Chain 1: Iteration:  8400 / 12000 [ 70%]  (Sampling)
Chain 4: Iteration:  8400 / 12000 [ 70%]  (Sampling)
Chain 3: Iteration:  8400 / 12000 [ 70%]  (Sampling)
Chain 1: Iteration:  9600 / 12000 [ 80%]  (Sampling)
Chain 2: Iteration:  8400 / 12000 [ 70%]  (Sampling)
Chain 4: Iteration:  9600 / 12000 [ 80%]  (Sampling)
Chain 1: Iteration: 10800 / 12000 [ 90%]  (Sampling)
Chain 3: Iteration:  9600 / 12000 [ 80%]  (Sampling)
Chain 4: Iteration: 10800 / 12000 [ 90%]  (Sampling)
Chain 2: Iteration:  9600 / 12000 [ 80%]  (Sampling)
Chain 1: Iteration: 12000 / 12000 [100%]  (Sampling)
Chain 1: 
Chain 1:  Elapsed Time: 25.507 seconds (Warm-up)
Chain 1:                23.226 seconds (Sampling)
Chain 1:                48.733 seconds (Total)
Chain 1: 
Chain 3: Iteration: 10800 / 12000 [ 90%]  (Sampling)
Chain 4: Iteration: 12000 / 12000 [100%]  (Sampling)
Chain 4: 
Chain 4:  Elapsed Time: 25.482 seconds (Warm-up)
Chain 4:                25.254 seconds (Sampling)
Chain 4:                50.736 seconds (Total)
Chain 4: 
Chain 2: Iteration: 10800 / 12000 [ 90%]  (Sampling)
Chain 3: Iteration: 12000 / 12000 [100%]  (Sampling)
Chain 3: 
Chain 3:  Elapsed Time: 25.526 seconds (Warm-up)
Chain 3:                31.061 seconds (Sampling)
Chain 3:                56.587 seconds (Total)
Chain 3: 
Chain 2: Iteration: 12000 / 12000 [100%]  (Sampling)
Chain 2: 
Chain 2:  Elapsed Time: 24.882 seconds (Warm-up)
Chain 2:                36.788 seconds (Sampling)
Chain 2:                61.67 seconds (Total)
Chain 2: 
Done!
