"draw","source_draw","id","assumed_model","alpha_0","alpha_1","alpha_2","alpha_3","nu_0","nu_1","tau"
1,3,"s3","m3",-1.14266901177189,-0.176290974038275,-1.12056015926262,0.0519551577898187,0.376138701604941,0.94976070648996,-0.572025776843132
2,33,"s3","m3",-1.18017695858018,-0.234447938810103,-1.09567020457927,-0.1681304468042,0.248243033910182,0.556943437360745,-0.687251139566273
3,34,"s3","m3",-1.22595330371107,-0.26561506214797,-1.19224776615559,-0.0103179404726718,0.174057230862112,0.624900634414493,-0.457017211188894
4,41,"s3","m3",-1.12208101159914,-0.172446789951104,-1.13745590434688,-0.0230037355741784,0.303883767454314,0.745776053566277,-0.983279495378261
5,68,"s3","m3",-1.14082581143181,-0.102112404842972,-1.16904088201945,-0.057761408426259,0.202352499520221,0.828021084685777,-0.657820323521232
6,97,"s3","m3",-1.12232366066737,-0.165652559642453,-1.1719699356404,0.0958430279819667,0.507541829619325,1.04056604226721,-0.513527717788456
7,109,"s3","m3",-1.12903162527645,-0.215334298597342,-1.07599487457373,-0.115868909443165,0.472969495948006,0.746238020908287,-0.586892110688167
8,123,"s3","m3",-1.22539325317257,-0.284583776894574,-1.1967769499933,0.00147760814581874,0.362532963939288,0.626534138486778,-0.243416289596958
9,126,"s3","m3",-1.14396132863758,-0.347997145657844,-1.13552489200415,-0.168379574918899,0.518157237146268,0.463525761607854,-0.119995754828844
10,129,"s3","m3",-1.2262325895762,-0.222441196057391,-1.16003422161972,-0.116257766792859,0.297584307788942,0.670012548453507,-0.360512636284237
11,153,"s3","m3",-1.05023357546335,-0.275217054333673,-1.04315623277303,-0.193665962386289,0.523605687114433,0.519233393824658,-0.814934245862404
12,158,"s3","m3",-1.13826874573293,-0.116555847697903,-1.05080323255644,-0.0301238028171893,0.270234797173092,0.776830373328794,-1.18962564485569
13,165,"s3","m3",-1.06780470736923,-0.216943017959175,-1.04583015537021,-0.032499800134564,0.537325077837517,0.847770226809373,-1.21487972653736
14,189,"s3","m3",-1.15002171437652,-0.147564363527516,-1.04429483553029,-0.0375296190624924,0.318036035903768,0.783681558899758,-0.970021942743347
15,191,"s3","m3",-1.14391106140475,-0.147398081669325,-1.1760962216937,0.0737097962994247,0.501087294442135,1.00648825532134,-0.633510331981533
16,196,"s3","m3",-1.29359665690722,-0.333272567858044,-1.1836461505386,-0.205765819814697,0.111531563399864,0.465597785087057,0.128044619187053
17,206,"s3","m3",-1.10176421942627,-0.235045106685054,-1.15749227497484,-0.0157644665109883,0.542281074009512,0.714524048336687,-0.280923187019759
18,209,"s3","m3",-1.12007117790403,-0.23793606928909,-1.1149367720568,-0.120866344187961,0.478452099099158,0.69307813819669,-0.679217004949888
19,211,"s3","m3",-1.10480309017589,-0.253841513779107,-1.18609833209284,-0.0782803909443422,0.514941178350054,0.580696529995985,-0.220298053156801
20,216,"s3","m3",-1.15486854585389,-0.313409550068491,-1.23156261038715,-0.122604934621087,0.203636007503425,0.593241929804698,-0.305622428426342
21,230,"s3","m3",-1.20358084549725,-0.204354488024557,-1.18578434472575,-0.0796279659502747,-0.00679588821674974,0.696805430832359,-0.867583677920609
22,240,"s3","m3",-1.04559166339312,-0.216767958830969,-1.04728061689077,-0.0776126146893356,0.423903375464607,0.62308516743077,-0.926480678696842
23,255,"s3","m3",-1.17249657189642,-0.112089322218423,-1.11954786361397,0.0765613569658186,0.19419080654132,0.985869111379148,-0.394259416321005
24,258,"s3","m3",-1.19519282031173,-0.332703238813887,-1.16203670746675,-0.14526060572692,0.429890765774264,0.438675566146632,-0.289062217315567
25,264,"s3","m3",-1.00836761511782,-0.189298140104812,-0.978591205409055,0.00591151668125784,0.631133314771687,0.846950352513308,-1.08758363118056
26,300,"s3","m3",-1.1494737272477,-0.233199621193868,-1.12771656800502,-0.158567257456751,0.52271446057769,0.826732417662409,0.129997566768661
27,312,"s3","m3",-1.10041436960915,-0.0233720790960063,-1.09212433174724,0.0632230428897382,0.466292151886162,0.897782267725773,-0.925137976126381
28,329,"s3","m3",-1.1417127170376,-0.2514723604701,-1.14287743760065,-0.0341405383388606,0.0960275059237481,0.704367304285635,-0.526776964047115
29,332,"s3","m3",-1.15698700899726,-0.253931127050623,-1.13690888864519,-0.0990361593878996,0.382629654077639,0.600447003850743,-0.123099449051513
30,368,"s3","m3",-1.11019169092995,-0.236115285218138,-1.08793758769677,-0.0485550922814981,0.353671606582948,0.767089241821189,-0.811634816456692
31,369,"s3","m3",-1.18655625919092,-0.419149770855246,-1.25739985737184,-0.130716227455265,0.0758935527743184,0.494704983272905,-0.238560237986585
32,370,"s3","m3",-0.963531463896789,-0.194751710470363,-1.02566889411928,-0.0195756458760829,0.396975551622237,0.670750961682491,-0.969124018195071
33,373,"s3","m3",-1.10895388501911,-0.349833471806273,-1.16390039443061,-0.162458000992732,0.351833968312641,0.440689884677646,-0.609257329737758
34,379,"s3","m3",-1.14484607484959,-0.177516991524749,-1.18897689970668,-0.0642018041192352,0.429334941352611,0.880230282581301,-0.368939936239539
35,388,"s3","m3",-1.07821986711855,-0.269322480785289,-1.12355327688447,-0.0828624404471022,0.414697338706366,0.609492508662819,-0.153987007839963
36,402,"s3","m3",-1.10357072182507,-0.237313431765458,-1.13744975774471,-0.114882250253023,0.267633050586343,0.599023601434744,-0.776004732653663
37,403,"s3","m3",-1.11689648164125,-0.27497819900395,-1.22024223178365,-0.224325946826769,0.299322375218676,0.551509217702743,-0.552189787821959
38,412,"s3","m3",-1.21088985751772,-0.31956701919658,-1.11533841894349,-0.0464615488809625,0.371564553580338,0.591445843419246,-0.380109515427101
39,417,"s3","m3",-0.9876246349783,-0.234128180385697,-1.10701333696093,-0.0627198755841064,0.528931368025535,0.709852739300109,-1.1618246718664
40,422,"s3","m3",-1.11880145421522,-0.209971593639043,-1.11916088878504,-0.025617013618527,0.262418003733385,0.57695937066684,-1.40084147162976
41,426,"s3","m3",-1.25313548360909,-0.176579721809464,-1.19653919446886,-0.0630427474019162,0.210369531726623,0.775188851807697,0.412508246284097
42,437,"s3","m3",-1.04583136226814,-0.357181888502191,-1.15195764324737,-0.152498327170836,0.355457109618986,0.454587628473935,-0.476621775899124
43,439,"s3","m3",-1.1983836701262,-0.188098569666362,-1.1699720058748,0.0470908680127579,0.276329283853645,0.837579718590531,0.105127770988711
44,445,"s3","m3",-1.13798747129125,-0.183452901814663,-1.09784162451011,0.0354756842098093,0.312181633589501,0.887441822324298,-0.812384276155153
45,489,"s3","m3",-1.16711608762929,-0.156855703022361,-1.13216388781978,-0.0304497505192513,0.349054259087386,0.60571191115313,-0.420004853050971
46,491,"s3","m3",-1.12241605329894,-0.256060101158724,-1.1183560763627,-0.12025835110536,0.234606579396432,0.774152393200667,-0.707889381699723
47,505,"s3","m3",-1.09220153841613,-0.273995381244055,-1.06087011339174,-0.0860915085549668,0.289526290057472,0.577960362172202,-1.21330427948186
48,546,"s3","m3",-1.18659096484952,-0.28225345498596,-1.07605919975771,-0.123117072964537,0.338047159019458,0.717088673086392,-0.509526555450126
49,547,"s3","m3",-1.16968249079294,-0.265989279951156,-1.13584415502387,0.00353449918474855,0.297422529099752,0.791650004171085,-0.776339916314375
50,562,"s3","m3",-1.21449027703608,-0.146942026608552,-1.16371853388824,-0.0438650759105427,0.393917431500909,0.948118570247949,-0.75356153445992
51,566,"s3","m3",-1.1896701553414,-0.202105043137642,-1.08555374527529,0.041420879536142,0.370442445006248,0.631765131042623,-0.29688631395079
52,575,"s3","m3",-1.09161599776548,-0.248493098868701,-1.16543782233451,-0.0826213320730222,0.28232431922585,0.808608632893971,-0.428938937067482
53,586,"s3","m3",-1.13086383406164,-0.153675696308544,-1.1048282211742,-0.163529646697827,0.198662800264151,0.690819908012129,-0.725888233244084
54,590,"s3","m3",-1.18629675259932,-0.195393818608994,-1.11108215854273,-0.16335886537024,0.478744465773223,0.625275763632653,-0.784126308980428
55,606,"s3","m3",-1.14489204331895,-0.277873395425174,-1.09146073554606,-0.0462146844925725,0.200241754011593,0.787862351948946,-1.08181569336579
56,607,"s3","m3",-1.05161044074719,-0.396294584711664,-1.04389876736557,-0.20862067979268,0.522391724093357,0.251565746099011,-0.535320646082683
57,610,"s3","m3",-1.09153749754922,-0.230385832881476,-0.972031469166568,-0.134713209227327,0.533735101370552,0.46685007981721,-1.63951991536029
58,620,"s3","m3",-1.17581544652115,-0.0911628612228813,-1.16357987528295,-0.0770000554862503,0.322943894627962,0.741298840984902,-0.49582606653411
59,631,"s3","m3",-0.951293870688823,-0.196572934874523,-1.0657667828479,-0.139585995867326,0.633242910122074,0.804106472837396,-1.18346816288274
60,639,"s3","m3",-1.13347387982817,-0.288670117628703,-1.12596486716061,0.00979527938723494,0.357425620421331,0.706624320012022,-0.370679825645897
61,643,"s3","m3",-1.05264341916931,-0.29665504334631,-1.11438002202983,-0.0100908386265522,0.440078297341989,0.760955310980653,-1.32905591901201
62,645,"s3","m3",-1.11473502999061,-0.28378940039038,-1.11971480876928,-0.0450863930915533,0.47145795508466,0.729707952431844,-0.285436146329435
63,657,"s3","m3",-1.19237656854808,-0.283182535597821,-1.17451160404411,-0.119993868652305,0.123593273143327,0.715229556168438,0.25763462099911
64,661,"s3","m3",-1.1488398495527,-0.251450073599805,-1.21991329831066,-0.0229731540587417,0.135331967848016,0.734287259804372,-0.206543127587745
65,662,"s3","m3",-1.20614787463755,-0.175507670876195,-1.21359805624334,-0.0488417905273075,0.179805659823388,0.830505552460661,-0.596559454277489
66,692,"s3","m3",-1.09785866438569,-0.251792794969716,-1.08857288803012,-0.0593392376707455,0.379461391182542,0.937500880381647,-0.551282855006025
67,739,"s3","m3",-1.16399464483793,-0.163236790358397,-1.1144105883495,-0.104108142538815,0.374274185881486,0.561328804377507,-0.695517230663059
68,761,"s3","m3",-1.20146209721074,-0.2190184224903,-1.1560029558313,-0.158977214649845,0.301860939193732,0.745192083000397,-0.304378418607616
69,766,"s3","m3",-1.22606316865363,-0.228582302288306,-1.19206917578484,-0.103657803362283,0.278302211073159,0.610536321443145,0.013578369038703
70,787,"s3","m3",-1.11007338633624,-0.193764910361361,-1.08988183974309,-0.0504245181675164,0.2920034386949,0.651767933703754,-0.46370288316929
71,802,"s3","m3",-1.19398677308638,-0.262417223221284,-1.12585705947242,-0.0971435464213418,0.292010339694182,0.567028347894016,-0.271246121478706
72,806,"s3","m3",-0.973461244299789,-0.329376837026653,-1.0065383599653,-0.124996759198999,0.390831861802501,0.446775580097835,-1.34907480667857
73,809,"s3","m3",-1.14881716156088,-0.169024017428507,-1.04385392965903,-0.0806708921217841,0.192533572898159,0.786527379392242,-1.54256648348166
74,829,"s3","m3",-1.1400337153483,-0.290434870896185,-1.21391324283366,-0.0699782028784772,0.318993163650749,0.687096510486402,-0.36699612015796
75,839,"s3","m3",-1.09545632048386,-0.159674767396925,-1.11277971764143,-0.133712417037646,0.482869019314291,0.713695356617563,-0.631223897051651
76,846,"s3","m3",-1.08622603809502,-0.267370653881448,-1.07500496677591,-0.135529880006275,0.364853894690422,0.595176853888596,-0.82450119819852
77,861,"s3","m3",-1.0739577329606,-0.294204160291579,-1.20532903786333,-0.043494321419069,0.45660694328992,0.791107781653397,0.0542992963235853
78,862,"s3","m3",-1.06255186524037,-0.228002076511419,-1.05096279424178,-0.0517759544415074,0.402596629434668,0.748240761931444,-1.02507044737502
79,872,"s3","m3",-1.05548757625855,-0.28940227136722,-1.03102794910614,-0.157642451490436,0.499045591554571,0.576378531705902,-0.669121073865077
80,877,"s3","m3",-1.1171277675942,-0.152099607214316,-1.09359968046455,-0.0871073645431771,0.176084115984739,0.699811792151959,-0.573084605359388
81,899,"s3","m3",-1.21878723176133,-0.233954993993698,-1.22733978047825,-0.0242567564929122,0.267569439873544,0.700747380279926,-0.413871154109531
82,908,"s3","m3",-1.11649523521035,-0.265726730774566,-1.09275754793946,-0.204833623297148,0.186779026565059,0.592990502097103,-1.12002186866254
83,943,"s3","m3",-1.19200630082328,-0.342902453346939,-1.20431923884803,-0.198661032231663,0.395103756498433,0.260151199675841,-0.207689441980434
84,963,"s3","m3",-1.17388420866702,-0.103163518196439,-1.12143640839774,0.00966792396884349,0.313514150827081,0.792900699999517,-0.337894060542897
85,965,"s3","m3",-1.18843234786103,-0.237378422780802,-1.13818182139245,-0.028628778334063,0.281888051460147,0.666929638491133,-0.0842760666563588
86,984,"s3","m3",-1.20189063192391,-0.156333188298402,-1.16345166000661,-0.0758256576009795,0.210085690812471,0.874112164723793,0.116050056374165
87,986,"s3","m3",-1.17965384170327,-0.285112989784478,-1.17183538477881,0.0208018721351104,0.182101835442592,0.814184285148737,-0.760245595457474
88,1013,"s3","m3",-1.07163824941365,-0.255514869156638,-1.0779832386597,-0.00292085548152181,0.282477381353067,0.70824541090235,-0.876952482338245
89,1031,"s3","m3",-0.968691285325316,-0.2002933879737,-1.03703394539114,-0.199342166992313,0.459864948174018,0.565283768651405,-1.73443840215013
90,1033,"s3","m3",-1.13975929224108,-0.296310175778799,-1.17009192454996,-0.171137985348254,0.152461964771143,0.553127689651461,-0.384296359226681
91,1039,"s3","m3",-0.986772947910735,-0.203756381380053,-1.11336085552633,-0.0860727884970047,0.552275840954954,0.69809279245879,-0.788810926757861
92,1041,"s3","m3",-1.16238217682123,-0.115416238087004,-1.13010547672371,-0.0279306141674632,0.35824094605105,0.901175050853477,-0.730123175537432
93,1047,"s3","m3",-1.12106774914403,-0.293633435046511,-1.18806075476974,-0.174517993010251,0.174740411812384,0.60397280141032,-0.0156313348485017
94,1053,"s3","m3",-1.07521137374957,-0.0683535165321781,-1.01128516818166,0.0085696174335213,0.467210241478365,0.881174392172437,-0.953476954961602
95,1056,"s3","m3",-1.0725228496421,-0.191034189824724,-1.00586694664162,0.0446269754181912,0.362637008491476,0.736454966065986,-1.28379067136301
96,1069,"s3","m3",-1.16729920268151,-0.232614808369488,-1.18603078127643,-0.0735315149467389,0.197274790148347,0.812490607168848,-0.526332113818852
97,1080,"s3","m3",-1.04700189708506,-0.253266499205447,-1.04521873512066,-0.0355899405762422,0.447464778394676,0.763283640887443,-1.19652244977546
98,1090,"s3","m3",-1.09614671491028,-0.252864920525903,-1.1234008472414,-0.111454043801944,0.477230780595299,0.651319023213703,-0.0877904535680683
99,1093,"s3","m3",-1.1390362671789,-0.22248228408077,-1.12854152233623,-0.10070126837293,0.30271201398523,0.576082346476687,-0.493711228481693
100,1096,"s3","m3",-1.11441900857411,-0.211994151481301,-1.20139526784338,0.0049909636524457,0.227842157706098,0.819375036138348,-0.1782582800067
101,1132,"s3","m3",-1.16071038165205,-0.141668912025987,-1.09626093437304,0.0371590555744481,0.478304822173572,0.93240921206528,-0.336784696033713
102,1144,"s3","m3",-0.987505229093542,-0.25783344230752,-0.976312429252842,-0.160200755161809,0.499782430573509,0.708368840773823,-1.36983883781301
103,1150,"s3","m3",-1.12842059164918,-0.240419667474443,-1.01147237987356,0.00168506477967884,0.470304989481931,0.611992944198996,-0.880541791976649
104,1159,"s3","m3",-1.11336800740141,-0.228038916287374,-1.10071323128539,-0.0837850739014812,0.213504115865196,0.629501821092867,-1.23174834343995
105,1172,"s3","m3",-1.20415667074506,-0.153485807560568,-1.06440919475066,-0.0247935939901448,0.290162178109247,0.908567952964196,0.0907551799687396
106,1187,"s3","m3",-1.12018614950556,-0.345876087999069,-1.15864556492847,-0.0586399325231406,0.379934092585082,0.486554452696346,-0.799331230632841
107,1204,"s3","m3",-0.975985898680894,-0.175798612985239,-1.10273248214777,-0.096450569357422,0.375395508181133,0.623078179017937,-1.25434164872728
108,1213,"s3","m3",-1.12447467080979,-0.344127593025458,-1.1121265240453,-0.191833331668069,0.38408492972676,0.61476890516652,-0.596390767426313
109,1222,"s3","m3",-1.09316481690629,-0.281970069740002,-0.992486118332158,-0.115265163635533,0.523644456683356,0.507829897255312,-1.33142845505366
110,1244,"s3","m3",-1.15646146438494,-0.281032994805991,-1.08727333293252,-0.081148422621848,0.377245742095063,0.662950226278981,-0.318641861371744
111,1250,"s3","m3",-1.15623513635567,-0.26498800678664,-1.15618232827891,-0.0877536876662688,0.234363416854021,0.710467614939526,-0.766967813965249
112,1252,"s3","m3",-1.07293300805229,-0.290974548622712,-1.07731423398846,-0.114857099987771,0.428453146712328,0.582663648898784,-0.0813451066071678
113,1257,"s3","m3",-1.18970509902566,-0.282868497662453,-1.20094273068067,-0.0866371177741144,0.150052024514816,0.45892853638255,-0.601536169993242
114,1318,"s3","m3",-1.15372729389414,-0.221844035716527,-1.13836757234568,-0.096037017232537,0.276204198131746,0.667454797156797,-0.593097370078211
115,1324,"s3","m3",-1.17023683496405,-0.200043402449425,-1.08509016295514,0.0996036031755942,0.214732489785633,0.815643735013879,-0.363997513744002
116,1336,"s3","m3",-1.07186457786498,-0.134491042997312,-1.0866787605748,-0.00120077796481036,0.470874491615177,0.599370838148015,-1.54186883225022
117,1339,"s3","m3",-1.16840109684494,-0.369272174323416,-1.13836652985341,-0.0959318150482366,0.227647922168015,0.519880731929753,-0.359566489141636
118,1358,"s3","m3",-1.16026899663633,-0.221868334136049,-1.0832802802348,0.0962691093831042,0.472313540014908,0.858064477126297,-0.378080222333785
119,1386,"s3","m3",-1.08118416323271,-0.249376957775531,-1.07605430386197,0.0422678206293,0.121798349532258,0.703108062432379,-1.73043175106427
120,1398,"s3","m3",-1.18666866258958,-0.217113047044542,-1.15319133756768,-0.106301967122028,0.137293476804078,0.75401358639914,-0.317995048307782
121,1401,"s3","m3",-1.12364668809369,-0.157975886499622,-1.16781660521402,-0.0246665927292878,0.361790440206616,0.829063122429738,-0.197751884929359
122,1408,"s3","m3",-1.23487923018715,-0.239416098344394,-1.21326262624378,-0.0926731023259881,0.02113742404121,0.705763723708013,-0.579743662415205
123,1418,"s3","m3",-1.2508695906324,-0.312660034203322,-1.11620756043172,-0.00678429933173032,0.294982659742802,0.673404641054164,-0.390319735682382
124,1433,"s3","m3",-1.16473437131149,-0.221067355099002,-1.024997129548,-0.122181031567323,0.315254297295105,0.576675508770595,-0.887515285557053
125,1437,"s3","m3",-1.0052993808447,-0.255653136883293,-1.07267588101743,-0.123265932608191,0.466864728199071,0.767451136344185,-0.654175962276522
126,1469,"s3","m3",-1.16952345557418,-0.201096098247643,-1.22445368013797,0.0177639874652029,0.217997780488881,0.810892011022624,-0.377231050797357
127,1470,"s3","m3",-1.07728433094059,-0.237475379322266,-1.13252595031668,0.00525906361158983,0.126236157274751,0.738901182773159,-1.32358452686634
128,1471,"s3","m3",-1.14697323141631,-0.193939342563936,-1.18205188287836,-0.0068608748456088,0.337784394247064,0.841747143504652,-0.251784586534385
129,1478,"s3","m3",-1.096868569487,-0.186991250192651,-1.09749168123397,-0.0507461750352104,0.302617968081913,0.723664831941277,-1.49539747811645
130,1480,"s3","m3",-1.08301523526891,-0.253326112499681,-1.18299108560632,-0.121562563525633,0.270363034856198,0.691950947052255,-0.610473226156159
131,1481,"s3","m3",-1.01768768933021,-0.201927675252233,-0.98431058813102,-0.0501547728584977,0.516644926052891,0.829311222964855,-1.58321008527186
132,1484,"s3","m3",-1.08237447128606,-0.208332576968046,-1.07698901949504,-0.0885441385101329,0.44149126977069,0.733011498733988,-0.74328687178318
133,1486,"s3","m3",-1.13050624665836,-0.2263494359,-1.08971335324969,-0.00123348106737056,0.331073992486129,0.793345178474752,-0.527972889676492
134,1493,"s3","m3",-1.05346046309885,-0.231128318499524,-1.06129687778843,-0.0306254870931833,0.524969523168872,0.741521378293996,-0.917661999578801
135,1495,"s3","m3",-1.15715925471842,-0.207295412465153,-1.13213033296856,-0.0311090640550021,0.256901148495996,0.79164819371629,-0.435300835790201
136,1510,"s3","m3",-1.14047172823576,-0.196191871890194,-1.02596406251955,-0.0170168752691699,0.411479325460698,0.845789381810054,-0.120319159226675
137,1539,"s3","m3",-1.16871415042115,-0.170668146144872,-1.15009546404361,-0.00898776142368031,0.294499261036365,0.725974891786718,-0.465712485772518
138,1553,"s3","m3",-1.1084195412304,-0.311652014243291,-1.10362220326747,-0.0990982084728299,0.472359698981953,0.610590794696441,-0.798888362195935
139,1560,"s3","m3",-1.17167924203456,-0.30973967969224,-1.07531258493062,-0.104712182519599,0.417050162941755,0.271270972200373,-0.677050204150902
140,1570,"s3","m3",-1.27631411167193,-0.229753165288415,-1.24181142644775,-0.0555782513572424,0.166109086369763,0.792790418735374,0.367303331044472
141,1572,"s3","m3",-1.0752261726283,-0.119134378812433,-1.09910361746862,0.0302491092231891,0.538940822250933,0.844560237536914,-0.608958973667763
142,1617,"s3","m3",-1.04157155852603,-0.0913065265075445,-1.10559566058806,0.0309088394174805,0.43466249990665,0.704428327941128,-0.823245801920673
143,1619,"s3","m3",-1.18489784727872,-0.295494535005779,-1.15462914191795,0.0228377274456102,0.356207524155773,0.667932823153775,-0.382582217730024
144,1623,"s3","m3",-1.16122248983818,-0.258991269875933,-1.12622672403081,-0.0967354757037555,0.363399715641407,0.831975622776754,0.138405626894221
145,1630,"s3","m3",-1.14212178593499,-0.31760960807359,-1.12918165073336,-0.188686607458259,0.288710254710454,0.555923634266053,-0.26370913362391
146,1632,"s3","m3",-1.25392302408017,-0.214175536608059,-1.35412642680164,0.0156584029712563,0.0835144658441291,0.859708222987062,0.285942419665287
147,1640,"s3","m3",-1.11147298709381,-0.140735558730726,-1.08218843768591,0.00374496324588376,0.381332426817972,0.68644822613492,-0.586688272369886
148,1652,"s3","m3",-1.1771339317994,-0.32700818300733,-1.16105028917858,-0.0329748961802144,0.0772659881186004,0.583777803375065,0.346660392927552
149,1691,"s3","m3",-1.16248248959362,-0.221739293734288,-1.20613732859623,-0.055543470759839,0.209550061338388,0.53713918741216,0.193278318627297
150,1700,"s3","m3",-1.08148164973831,-0.0722022374613833,-1.09939465239663,-0.0713175309522912,0.336414521595283,0.850300445172507,-1.03203193967731
151,1716,"s3","m3",-1.20684956635104,-0.351511800025586,-1.25597249710279,-0.020612539265347,0.293902356517318,0.769187074786384,0.128804893701647
152,1735,"s3","m3",-1.08310305264706,-0.251034958964021,-1.11985213082176,-0.128912910414111,0.58157970087095,0.643557509379313,-0.851864724693985
153,1742,"s3","m3",-1.09682003759868,-0.432919964042071,-1.15296384565773,-0.130560420285317,0.433598714404625,0.476558200687713,-0.825957479929883
154,1752,"s3","m3",-1.10874817728257,-0.208191580648035,-1.14355965038297,-0.0233251124829889,0.394123341598689,0.646609964843751,-0.61801339790032
155,1754,"s3","m3",-1.06135394636393,-0.254485862330905,-1.06253020709553,-0.00715740201355049,0.488043548433991,0.697077871181593,-0.747956524771392
156,1773,"s3","m3",-1.19970880812149,-0.178912973835818,-1.09455890205455,0.0380829106928766,0.325421510718779,0.880200032941271,-0.597927143407041
157,1777,"s3","m3",-1.10810491876732,-0.206417543173859,-1.07471709827493,-0.127850335467433,0.406106784026165,0.754777772529986,-0.66822367883627
158,1783,"s3","m3",-1.14322728989629,-0.176366313040734,-1.09763653628998,-0.101032224829995,0.312598984945325,0.692003598016855,-0.79328267846343
159,1788,"s3","m3",-1.16240107759429,-0.209104331706577,-1.14980443534033,0.0754716100377732,0.377973317832808,0.805278410872627,-0.997605540300871
160,1790,"s3","m3",-1.0527163862908,-0.231486258955849,-1.09208117426219,-0.0354353677751375,0.426354608051589,0.616008329694428,-0.854474658938504
161,1791,"s3","m3",-1.22493101615526,-0.224516339790572,-1.09240473932087,-0.0509084518345783,0.301504433978816,0.654030676132343,-0.26208911171665
162,1814,"s3","m3",-1.18872907066287,-0.213625224909037,-1.18594433716818,-0.0616271564135977,-0.0294667526311305,0.730064992970007,-0.358445450431118
163,1825,"s3","m3",-1.3555446927384,-0.350443832244247,-1.2094136938397,-0.0717437759062504,0.00960180831669086,0.720928175432862,0.367735573494374
164,1842,"s3","m3",-1.14287597105236,-0.197085781145624,-1.06928941852349,-0.0561402320170737,0.38390811600053,0.744551096398133,-0.342952364675695
165,1859,"s3","m3",-1.11320173763103,-0.236026121089173,-1.1008471996544,0.0137350378174921,0.386199775042452,0.669450991999409,-0.79802965405967
166,1861,"s3","m3",-1.03721026550747,-0.195727622705151,-1.0930572608552,0.0270262627959525,0.438603616790375,0.784784973801721,-0.659593812649893
167,1862,"s3","m3",-1.06141681027376,-0.120912485945753,-1.22316203132368,0.0288073036227015,0.397074708720083,0.895479216733441,-0.466226869751526
168,1867,"s3","m3",-1.1237009275243,-0.229303125857875,-1.12701292237394,-0.159445289895264,0.249130971644686,0.699291212276023,-0.417464318744155
169,1872,"s3","m3",-1.13197128529473,-0.405046971897046,-1.26084551912091,-0.139451270867465,0.238488864361525,0.298800388724501,0.168529669181997
170,1881,"s3","m3",-1.28380822946781,-0.169945255951158,-1.1970996199095,-0.0690813870037703,0.37516345614792,0.673316232968664,0.369181863982131
171,1885,"s3","m3",-1.07985741601014,-0.224975773985379,-1.07329329198,0.0823419645994275,0.343069591975485,0.755564542543592,-0.867185887788625
172,1892,"s3","m3",-1.12640378300101,-0.241920180673368,-1.19611236000864,-0.103483339782091,0.138739830292189,0.617736380336234,-0.411927954904179
173,1907,"s3","m3",-1.17162098109845,-0.146436993335523,-1.11315103737526,-0.114207840444984,0.225048764373399,0.782647997398798,-0.0774495395644489
174,1925,"s3","m3",-1.20683277299973,-0.269451720519341,-1.31106241822766,-0.144672988107885,0.285003313699717,0.590348927823983,0.750304894729904
175,1944,"s3","m3",-1.04825573828305,-0.296049042630234,-1.0435634906367,-0.126946375881371,0.468907753373593,0.623760672464714,-1.56164644854409
176,1958,"s3","m3",-1.1149622092808,-0.221290387314564,-1.15025228272096,-0.0967452375033967,0.346774384309395,0.673517883216224,-0.347749915278386
177,1986,"s3","m3",-1.15203959326487,-0.275465449962152,-1.1818982398349,-0.198387895485499,0.397346468706677,0.453603360359042,-0.095755911678185
178,2007,"s3","m3",-1.12112454808341,-0.0702986294798486,-1.11433098311758,0.0220341591461354,0.277856312564186,0.801766652055278,-0.568029830660881
179,2020,"s3","m3",-1.1298905989942,-0.279142676922678,-1.14910721578987,-0.0100368249976923,0.430599996759295,0.767781275743644,-0.616912566733612
180,2045,"s3","m3",-1.16732979188734,-0.225005243875524,-1.22711086257185,-0.0120154883437596,0.164397462550253,0.768557480315089,-0.526778101073689
181,2054,"s3","m3",-1.19628176733815,-0.212602438417165,-1.08546603808057,-0.0297224839458633,0.281678666412163,0.877741264682832,-0.153976193123309
182,2074,"s3","m3",-1.03411162957832,-0.170089755203092,-1.00366848918358,-0.165831956426803,0.551778156660757,0.883296892058891,-0.436802381737696
183,2077,"s3","m3",-1.09498593937553,-0.284628995891999,-1.08848119395124,-0.100227232455574,0.365917412134386,0.707951103446479,-0.787244681185465
184,2107,"s3","m3",-1.09171846620167,-0.322733024891308,-1.0901736212146,-0.0937795181985418,0.516808731759871,0.592905076243524,-0.478165278794221
185,2111,"s3","m3",-1.08749452429685,-0.215847304030216,-1.12208462920579,0.0202401027269377,0.452368142296521,0.74315181051297,-1.01511672476415
186,2122,"s3","m3",-1.1746629553078,-0.175163126359866,-1.14542284384178,-0.120639679832118,0.313514547729199,0.744010738358955,-0.346364470363715
187,2128,"s3","m3",-1.24548775906312,-0.217552593510409,-1.2859475044818,-0.109449433921138,0.128263400999244,0.490490118048481,-0.229016166641863
188,2139,"s3","m3",-1.14395154166579,-0.217794724964928,-1.16049011501422,-0.0751343852148703,0.379779931036056,0.706166804794547,-0.430591677789025
189,2143,"s3","m3",-1.20580391258785,-0.245209587934743,-1.09312728999876,-0.128983461917327,0.14689484236716,0.673466479348203,-0.322829963108327
190,2146,"s3","m3",-1.1437828359753,-0.241527269902257,-1.19393721071472,-0.0422575183594464,0.373924984542157,0.723111946199355,0.369045490411056
191,2156,"s3","m3",-1.18690096783295,-0.207236955274237,-1.16211690904871,0.0583736382943388,0.307602786180945,0.840763014044786,-0.377254107421479
192,2185,"s3","m3",-1.10965366916146,-0.159009227631283,-1.151871687767,-0.0674763204745737,0.459089904670339,0.788357579042018,-0.124865671279562
193,2188,"s3","m3",-1.20272655884266,-0.292213653543936,-1.15406764372202,-0.0887446078723949,0.126064814922074,0.681327966149999,-0.373379767459615
194,2190,"s3","m3",-1.04214228020962,-0.218039586158191,-1.02135055381776,-0.125778169950274,0.601347239472644,0.753588123933591,-0.490480221757668
195,2211,"s3","m3",-1.22474344340593,-0.345399561773725,-1.22559527057566,-0.106339832049576,0.229681561671423,0.607663915081104,0.164544317765469
196,2224,"s3","m3",-1.15304935026335,-0.221254411908112,-1.19681634964779,0.0248178529926465,0.145167717990006,0.722315692809545,-0.763981199527398
197,2245,"s3","m3",-1.26859120785204,-0.244441660805874,-1.31605459867616,-0.210234424380607,0.0650684561287911,0.662922836485779,0.0712263628617745
198,2256,"s3","m3",-1.12076139620423,-0.169418584859778,-1.10818846298507,-5.5109581608231e-05,0.383458556385352,0.694736917187836,-0.746781329430234
199,2257,"s3","m3",-1.13421211257295,-0.133656667436312,-1.20219666821733,-0.0680862293484605,0.274601281933351,0.78382847184357,-0.237207638651626
200,2259,"s3","m3",-1.21774649974033,-0.257501935998263,-1.21399006330906,-0.0757686476243407,0.173785422625961,0.797712117574566,0.195267451182073
201,2285,"s3","m3",-1.08139422254538,-0.191045535668947,-1.0996155358719,-0.0588094120843645,0.412011540316702,0.735003620998429,-0.721339823362008
202,2294,"s3","m3",-1.11483405287772,-0.149201775111513,-1.14032545651885,-0.018431114282763,0.242962719186619,0.871577053883478,-0.935672197407215
203,2324,"s3","m3",-1.02866027808664,-0.24157293083085,-0.991957993280475,-0.0268622465502242,0.490093343300349,0.644469994493649,-1.48575232879789
204,2342,"s3","m3",-1.08646486484972,-0.109783491461696,-1.02736551871353,0.0735507225557667,0.571909074450764,0.915033886771002,-1.49631999900985
205,2352,"s3","m3",-1.1230710091853,-0.222849284676195,-1.02571325165581,-0.0176826187163116,0.546836352046042,0.768122665273303,-0.79938687845462
206,2366,"s3","m3",-1.12514420558885,-0.184491919166396,-1.16128213594793,-0.00937178070018102,0.432847712033387,0.69818322630767,-0.960362002864767
207,2385,"s3","m3",-1.35039077839086,-0.418302237348444,-1.24112126867708,-0.154897407991173,-0.0564281780489381,0.377940571244759,0.535667786156024
208,2389,"s3","m3",-1.04904976163542,-0.178588372475155,-1.14464409846882,-0.0884544658542354,0.378488785320908,0.703367530958932,-0.79478159940377
209,2393,"s3","m3",-1.12125258871485,-0.124299126806446,-1.09430098668311,-0.0647747555004819,0.347938960049456,0.687341755273915,-0.164304491433367
210,2397,"s3","m3",-1.11320130589632,-0.222764898006722,-1.04309965928494,-0.123819635657509,0.293897397632971,0.587362754723436,-0.213795959044533
211,2399,"s3","m3",-1.27737138145978,-0.226275869209511,-1.26670474615552,0.00464388621597015,0.370426328900757,0.875422395176561,-0.390175686334446
212,2413,"s3","m3",-1.22931757089284,-0.282299560147303,-1.1922739710244,-0.0944558173231331,0.433884277080438,0.47079527318117,-0.163273336048173
213,2417,"s3","m3",-1.19505239804605,-0.21347446938931,-1.14089064289492,0.0139944335118699,0.116163481277913,0.597503472451119,-0.760100452181087
214,2440,"s3","m3",-1.09804433915185,-0.380265581694078,-1.18908269825413,-0.092984363517439,0.394219160020676,0.475913773157784,-0.431411738155552
215,2451,"s3","m3",-1.07797267725117,-0.233799118139248,-1.05968113151704,-0.0782073316705269,0.369036133033878,0.652895034603437,-1.04679026795835
216,2460,"s3","m3",-1.08489576909022,-0.256370498164716,-1.19518970730761,-0.0299514067775446,0.269727691667782,0.727578631722109,-0.846155066551446
217,2467,"s3","m3",-1.13107964210781,-0.200089148621133,-1.10408949796931,0.0559434034334545,0.402634803799225,0.915021710309511,-0.682389535394008
218,2474,"s3","m3",-1.13528669805745,-0.217573803075333,-1.10219626402452,-0.15677005059662,0.281509641993479,0.798660633120462,-0.455955269213442
219,2476,"s3","m3",-1.08338806431741,-0.117999235531131,-0.994825281911104,-0.00438575175367712,0.462294031995391,0.849297414061664,-1.1775800699869
220,2478,"s3","m3",-1.06764588135205,-0.307163438652456,-1.05668791774309,-0.0471220565381811,0.378157982727485,0.569082035667295,-0.513399407787293
221,2480,"s3","m3",-1.11674052795577,-0.299396675562494,-1.14588279079174,-0.110774538224537,0.265597740518922,0.535238319990181,-0.859741702457455
222,2525,"s3","m3",-1.16242593403409,-0.249908036656662,-1.15366079842446,-0.0510640359015833,0.302272152816261,0.819608263590637,0.168460000890182
223,2526,"s3","m3",-1.19117956053898,-0.230728413498047,-1.13073712727177,-0.170131678620938,0.327999071107598,0.642561231414903,-0.0518005367511161
224,2545,"s3","m3",-1.13160435219001,-0.213571978174588,-1.23307500180307,-0.0453608389416612,0.348299667977052,0.836798504085693,-0.879592142092517
225,2560,"s3","m3",-1.05416583428282,-0.361541303649221,-1.01636003273628,-0.0871520131712234,0.452054008878394,0.539008911739648,-2.05158568361982
226,2566,"s3","m3",-1.14795077633768,-0.194473772883456,-1.12509721166072,-0.0607175784807622,0.493362458270923,0.757086934383544,-0.630171028247704
227,2574,"s3","m3",-1.23394284696444,-0.231569211279354,-1.15803704446273,-0.035078091305227,0.171429665379614,0.857734281865264,0.253700588893434
228,2581,"s3","m3",-1.13068974392153,-0.108670645479756,-1.07896752749638,-0.0632514008775357,0.338455181362015,0.626927282676435,-0.537050104204117
229,2583,"s3","m3",-1.10630497109729,-0.201373972021837,-1.1606818559371,0.00837341224276072,0.34945981650945,0.989044949964509,-0.639703341475855
230,2585,"s3","m3",-1.18626397963688,-0.215345202362115,-1.21161918259447,-0.108198987164686,0.22920074796566,0.653310143416038,0.199649383096278
231,2587,"s3","m3",-1.09278194114335,-0.150129819426115,-1.01961900449605,-0.00412818960094203,0.581969147014849,0.884825651736153,-0.816566813586865
232,2595,"s3","m3",-1.17832479902733,-0.21327946091281,-1.21534023152394,-0.103856937140909,0.247745114825486,0.775335366024704,-0.191319317679448
233,2601,"s3","m3",-1.07542414418488,-0.3065668163052,-0.984528739179195,-0.204423469682789,0.3938355066118,0.551686775476631,-0.975877272582146
234,2607,"s3","m3",-1.03056894799907,-0.153630182712109,-1.07993724110231,-0.0563891019309932,0.532610262139046,0.804113916484575,-1.2048228843942
235,2615,"s3","m3",-1.19717101642547,-0.20371084356913,-1.21930954995889,-0.0166957706006064,0.220012017133851,0.759410472714598,0.451384812821162
236,2617,"s3","m3",-1.1244152185632,-0.208063353234119,-1.10337662855418,-0.0747328966816446,0.360801522739438,0.674195164492984,-0.610730319033336
237,2625,"s3","m3",-1.2594700168216,-0.203258325639051,-1.14109865945689,-0.012407188304004,0.0730597297771251,0.87026441677138,0.24599593510052
238,2632,"s3","m3",-1.16904146075393,-0.350288019733419,-1.10835054227793,-0.0980944265912071,0.258604150253673,0.530013113558274,-0.779776320028506
239,2648,"s3","m3",-1.10335134694226,-0.226991848590371,-1.08988524231339,0.058471866070468,0.460456846239939,0.886772693604207,-0.946973633552486
240,2663,"s3","m3",-1.12789251914665,-0.326645430854845,-1.18971110664728,-0.0550945268582203,0.316235228567992,0.759801116411351,-0.433598503129818
241,2683,"s3","m3",-1.12174625937681,-0.202993260850872,-1.12525892237528,-0.0422335136274395,0.352604838454578,0.709045731447222,-0.662564882981307
242,2700,"s3","m3",-1.1848730250908,-0.149680324016543,-1.14524032336415,-0.0935987695970892,0.29660895605922,0.687328559054717,-0.207017710134829
243,2709,"s3","m3",-1.10280851700197,-0.30359453404321,-1.19753071111241,-0.0400571284210088,0.26783610648606,0.765831929322072,-0.393081168798703
244,2727,"s3","m3",-1.090400384005,-0.321835574324062,-1.1688687903951,-0.188333182767657,0.350507142083178,0.357015670178541,-0.164277008714606
245,2737,"s3","m3",-1.04957767739605,-0.147281836354846,-1.07598202485283,0.016644004445176,0.394702550903678,0.808470395583343,-1.61408649953111
246,2754,"s3","m3",-1.17910329329279,-0.271394353806009,-1.16357893622894,-0.167103798457731,0.151593390208223,0.644008027675372,-0.521745281662171
247,2763,"s3","m3",-1.03051533604902,-0.254774779250246,-1.13313086650837,0.022653328397864,0.57424548749665,0.69582959735327,-1.24545203781317
248,2764,"s3","m3",-1.17489106574816,-0.246420337187971,-1.18766411383197,-0.0503185601530077,0.254601471492999,0.759513285192156,0.179277379731902
249,2768,"s3","m3",-1.15641173817166,-0.215330312668641,-1.17330006323905,-0.109687085725072,0.465301798233703,0.614005824681598,-0.101563930870151
250,2774,"s3","m3",-1.14074225475652,-0.212693742016254,-1.09649685605759,-0.0719622980930498,0.436460830428459,0.795036684424818,-0.5359524782768
251,2791,"s3","m3",-1.09570945960673,-0.33563167840953,-1.15394269635472,-0.225534686591488,0.395955714923984,0.35567538697087,-0.633919462510819
252,2793,"s3","m3",-1.11734079511926,-0.267201716027787,-0.980759278784873,-0.1573054321748,0.530676210444827,0.402770390722744,-1.67757840879317
253,2805,"s3","m3",-1.0649118294855,-0.23620497746559,-1.02731240166177,0.00414098804511625,0.424839565534805,0.687812548657474,-1.24749915179226
254,2807,"s3","m3",-1.07381913173429,-0.141682168448993,-1.03349561282286,-0.041075086443309,0.513173185547199,0.670380257310316,-1.59643835726135
255,2820,"s3","m3",-1.21768050018519,-0.326305259562713,-1.07716287616803,-0.215795830738811,0.212883759289642,0.486354118369889,-0.598752302463281
256,2828,"s3","m3",-1.16387340486411,-0.215622826528732,-1.14910707021226,-0.0176468201032,0.327391181841936,0.657528055557863,-0.50288671284196
257,2835,"s3","m3",-1.10466675851888,-0.229969870521146,-1.12474667464924,0.0412731316200339,0.329478591435755,0.694702020066226,-0.301534985907908
258,2851,"s3","m3",-1.12036041521565,-0.251529368343988,-1.10902237747783,-0.192890826072613,0.367936109254964,0.511423342012872,-0.377478166135086
259,2854,"s3","m3",-1.14042391705956,-0.229568042610901,-1.14643109036104,-0.0577168499972936,0.391522377826823,0.61952682817579,-0.257286193052947
260,2855,"s3","m3",-1.19003473139418,-0.22044154177472,-1.12537175374867,-0.0028308798069563,0.375015456289839,0.821707839688386,-0.839616443098024
261,2880,"s3","m3",-1.23242089935396,-0.305242964639861,-1.18859816273933,-0.131949137806851,0.105882217140901,0.442242798696763,-0.205597443045931
262,2896,"s3","m3",-1.08834982430312,-0.30082382486459,-1.2205679305357,0.0128280553789305,0.450614147677045,0.772004432733516,-0.225786221870972
263,2898,"s3","m3",-1.17961659612828,-0.32701519575404,-1.20846324184084,-0.166014437544661,0.216540460657756,0.47686433991455,-0.625306572140305
264,2900,"s3","m3",-1.18368086954043,-0.240501176204505,-1.11065109637576,0.00638153527224699,0.370535443504747,0.806606962071563,-0.229417251973337
265,2928,"s3","m3",-1.14448461896699,-0.294674222633455,-1.24753410387105,-0.0454359024922178,-0.00174986567991343,0.793055372055239,-0.0439718375310896
266,2999,"s3","m3",-1.23460166563669,-0.338155841549454,-1.09450533061645,-0.239432068373314,0.114107480876296,0.404836784710776,-0.39382356330351
267,3016,"s3","m3",-1.13555170610703,-0.202135446673552,-1.16828569010416,-0.066810471845225,0.255640939883531,0.791147291128425,-1.00846795579556
268,3023,"s3","m3",-1.09729772830587,-0.257726086968024,-1.11008927516914,-0.123771008179912,0.473996479132554,0.664721523679663,-0.672987602162453
269,3027,"s3","m3",-1.10211088263307,-0.289484904454329,-1.15684889822298,-0.0722107466000153,0.430325153780067,0.545883418180645,0.0664881041724094
270,3029,"s3","m3",-1.12648193577343,-0.343144641034503,-1.17186227262081,-0.0755816449086749,0.144879780351821,0.502786103656609,-0.0550314588427194
271,3050,"s3","m3",-1.14553444828251,-0.326295799216065,-1.17315128352889,-0.197580803330672,0.236531180384133,0.584421675409069,-0.244501895738832
272,3056,"s3","m3",-1.1173896947991,-0.270308103885466,-1.14316665702091,-0.0271110183108469,0.246837365617161,0.671791730754866,-0.939068168302424
273,3094,"s3","m3",-1.10892579151683,-0.277311301674986,-1.070325995697,-0.225912187977086,0.425735417732699,0.600949745387785,-0.351186163701304
274,3096,"s3","m3",-1.04814034542358,-0.255516992906823,-1.04731346920506,-0.11817524273589,0.37322221024708,0.520992280971666,-0.855052858246449
275,3104,"s3","m3",-1.12448335883108,-0.379172840630358,-1.14285046929001,-0.140398093667242,0.343980217265492,0.556800022122437,-0.362161058251742
276,3108,"s3","m3",-1.24854578517183,-0.204913542210605,-1.23015680051906,0.0391046842877379,-0.0799219462051211,0.752976413647909,0.509828895262829
277,3113,"s3","m3",-1.038037718839,-0.238220249299002,-1.01506485874198,-0.0231807611969935,0.565121708830215,0.726108131666056,-1.13826831871393
278,3119,"s3","m3",-1.13226489115423,-0.183354030807912,-1.04901588446195,-0.112154070411537,0.4753932677488,0.795681606465309,-0.88719717677208
279,3121,"s3","m3",-1.05797261041145,-0.120233884591839,-0.960783273725195,-0.0282793943395744,0.280670083461572,0.74371532017246,-0.659004690415946
280,3143,"s3","m3",-1.03358045589412,-0.211740140101784,-1.13721271103542,0.0194856686635222,0.322028891442639,0.717268500551863,-1.27398886183427
281,3146,"s3","m3",-1.10912762993822,-0.355285594979793,-1.10178087856381,-0.071254676374623,0.353365692644748,0.629379450722115,-0.281309801367837
282,3149,"s3","m3",-1.02409338243536,-0.171113001528964,-1.02503836190876,0.0433800564611182,0.534227481753845,0.791474488204125,-2.01377875914734
283,3157,"s3","m3",-1.0476739352475,-0.289665078278051,-1.11462154891366,-0.0496521827577348,0.264042033811819,0.665632938020059,-0.983511781468039
284,3172,"s3","m3",-0.995603497222716,-0.168658484238655,-1.01746591452482,-0.117366862148606,0.605624959240766,0.607795498132577,-1.58799800887141
285,3176,"s3","m3",-1.15127390215939,-0.286615068227219,-1.12860574810665,-0.0712050321088259,0.302319425768599,0.726545817515499,-0.832990891501523
286,3240,"s3","m3",-1.04470485041873,-0.267033854387007,-1.05527333804963,-0.10457802208538,0.404697979763141,0.491322551780377,-1.45309998890534
287,3287,"s3","m3",-1.0829430775484,-0.222693702714294,-1.06334572809627,-0.0470677862146917,0.45366564084442,0.828135949874651,-0.822046838033234
288,3302,"s3","m3",-1.09349165834554,-0.283181201826376,-1.12859384251675,-0.0650442218692458,0.438057585105463,0.725646137915699,-0.868097983454163
289,3332,"s3","m3",-1.09889432932643,-0.295150353647644,-1.1004430977484,0.0157694757327302,0.307227158813732,0.703691703241392,-0.498059440953688
290,3344,"s3","m3",-1.09954050297966,-0.19059278553719,-1.01297796513019,-0.0658047850882971,0.339867814663436,0.763319021838122,-1.51520901835593
291,3354,"s3","m3",-1.10464228462596,-0.205071516648218,-0.995039120260856,-0.156422246424379,0.467788335112485,0.667131512089703,-1.00539357858202
292,3379,"s3","m3",-1.14853111071396,-0.17371195142244,-1.11334660346752,0.0406323643564026,0.422755744419989,0.834073644425883,-0.610019795491663
293,3385,"s3","m3",-1.17164207159891,-0.232633398566825,-1.19569665036408,0.0180804470344567,0.244094341084973,0.847653910391159,-0.180112356653799
294,3415,"s3","m3",-0.980719906234193,-0.222155557317378,-1.01764807407348,0.0125003723423177,0.509051875239606,0.751079825963446,-1.9934064644039
295,3423,"s3","m3",-1.11195697825219,-0.284317170775041,-1.16899088943566,-0.0913084564752979,0.297869225202093,0.791982587031488,-0.22860504481643
296,3424,"s3","m3",-1.27904814460222,-0.294366318993317,-1.16378517510123,-0.112177688126874,0.283422679298952,0.669956844154975,-0.160036441968058
297,3426,"s3","m3",-0.994797369310768,-0.137960144509163,-1.049284000209,-0.0520906732185861,0.328460365891682,0.606643093837774,-1.21287388187819
298,3428,"s3","m3",-1.06562860417698,-0.151609237011825,-1.11975025569151,-0.0621191619122772,0.443904994895271,0.735800488028585,-0.89761081929359
299,3440,"s3","m3",-1.08766698214518,-0.31285318044074,-1.07931725693913,-0.207510817900042,0.425241737416225,0.457714616164254,-0.73830799967112
300,3443,"s3","m3",-1.18023982897899,-0.256752587141974,-1.15969459468432,-0.0959200087077092,0.30438721348711,0.718038637022007,-0.0981860099343371
301,3471,"s3","m3",-1.04858056500125,-0.240642457749008,-1.12163139879909,-0.0927528213407311,0.447350874147657,0.716094245078804,-0.963208594849707
302,3486,"s3","m3",-1.06490701510414,-0.18863147826262,-1.00778686225317,0.0322234829277652,0.47384716008212,0.697463060367164,-0.82296669403899
303,3488,"s3","m3",-1.03759743417605,-0.266550732136531,-1.05564800361884,-0.111784783621911,0.581119465003569,0.677149720933201,-0.607327001166625
304,3502,"s3","m3",-1.16262981013341,-0.200909360028404,-1.02491430902973,-0.141648998735895,0.305620674778577,0.614303441373594,-0.714975062371969
305,3510,"s3","m3",-0.962156024082778,-0.207200087449323,-1.00528520905465,0.0624341877506803,0.517026034389993,0.792467360621584,-2.18355918237073
306,3518,"s3","m3",-1.1467188720629,-0.185064051144694,-1.06599923292944,-0.093834744982612,0.515587180408952,0.773725611751427,-0.579106380906977
307,3521,"s3","m3",-1.17535265085314,-0.184275442193717,-1.24471889464165,-0.0382600174409749,0.323839411699961,0.788263293199362,-0.156384280837586
308,3538,"s3","m3",-1.01762147725434,-0.0589747498489236,-1.04397500771112,0.0629910851336691,0.535960219269505,0.944792925317731,-1.87281257748565
309,3543,"s3","m3",-1.01960432290797,-0.255229456941915,-1.11762797945434,-0.110947682293768,0.494226740712025,0.614202980073334,-0.490511144103367
310,3558,"s3","m3",-1.03613494478744,-0.217217249028894,-1.0733626083938,-0.0486737248774073,0.419084037359146,0.605457665791786,-1.07557055723053
311,3567,"s3","m3",-1.17786662244434,-0.284257163903027,-1.14128662614131,-0.0721933620781012,0.325606542331768,0.757840703756285,-0.0601925258648723
312,3568,"s3","m3",-1.11485154215476,-0.109098615850226,-1.09663560065639,-0.0120032363642348,0.381763672525831,0.713862879233003,-0.857353399646455
313,3571,"s3","m3",-1.11435594316664,-0.218280035848402,-1.11274271602739,0.0878309416217423,0.339354285978717,0.948453982418206,-0.972547290964766
314,3573,"s3","m3",-1.07485669427843,-0.179683819871906,-1.07814763881144,-0.0875462423377614,0.356050920211599,0.631385064171943,-1.13462708007504
315,3579,"s3","m3",-1.10758950204666,-0.271147657344605,-1.10140265362909,-0.0961372241274231,0.411900638828457,0.69387994166808,-0.691639662932863
316,3587,"s3","m3",-1.13916072204572,-0.18614254867029,-1.12873233269325,-0.195319233923754,0.215849976154993,0.638805549872407,-0.957920614951236
317,3589,"s3","m3",-1.07924848577463,-0.187871208159999,-1.03874026471633,-0.114017340854845,0.518976887170074,0.640700618165541,-0.661251451513924
318,3596,"s3","m3",-1.15885586310923,-0.222322455080324,-1.15333953962312,-0.0704099918279994,0.467378516285606,0.440391431068074,-0.326215890240572
319,3600,"s3","m3",-1.12951680544939,-0.369947128723937,-1.11434437569434,-0.111674281838018,0.483246465250007,0.492692979898824,-0.324783048012774
320,3602,"s3","m3",-1.15078736694163,-0.299485686615508,-1.1628454180859,-0.0955302798032263,0.190550799883673,0.6207071159216,-0.257573976723666
321,3623,"s3","m3",-1.17761414383628,-0.230974761081097,-1.17256167278573,-0.0185134559099027,0.28890322141704,0.91660114805773,0.0215229529573273
322,3652,"s3","m3",-1.17674384875958,-0.222124188388307,-1.22027795329565,-0.11685408667421,0.147711481760628,0.378605816465931,-0.194679077579869
323,3670,"s3","m3",-1.15004361335003,-0.296036722658047,-1.18241792097169,-0.200543506573114,0.28773271738467,0.404997140148061,-0.034733678237952
324,3671,"s3","m3",-1.14885042823753,-0.229936487366135,-1.20820708629544,0.0255576796372664,0.259872405968952,0.6373072727461,-0.443996233340834
325,3692,"s3","m3",-1.02703202356314,-0.217216776536235,-1.06892314162328,-0.0519906753851918,0.493578511628023,0.544982885738858,-1.32617137800443
326,3701,"s3","m3",-1.14377988349956,-0.280626847668681,-1.20842509509686,-0.0243828718712478,0.369556604963348,0.662969657605698,-0.237084300654477
327,3706,"s3","m3",-1.09688341298991,-0.238070725724971,-1.15847521795013,-0.0991514245785324,0.409330051644084,0.628532515961752,-0.576344103352773
328,3713,"s3","m3",-1.30349997974888,-0.298120385008559,-1.17780389550033,-0.118956460420882,0.198192001477065,0.556210256236844,0.0418643178625392
329,3714,"s3","m3",-1.03434314234434,-0.210953022148569,-1.04090882106346,-0.0668463404465805,0.298540159408652,0.719462767471461,-1.1065212646603
330,3716,"s3","m3",-1.21138494790617,-0.227207415704649,-1.04693893223802,-0.148735258369537,0.278886830178337,0.60730425959602,-0.883168993407552
331,3728,"s3","m3",-1.21294395329196,-0.225899483309019,-1.20897179484668,-0.0348017697196681,0.283563822916594,0.701709901483913,-0.416128117634858
332,3743,"s3","m3",-1.12903460536468,-0.302113979608611,-1.0474729290798,0.0350511650639534,0.379177953110775,0.816803606678812,-0.691116005792413
333,3748,"s3","m3",-1.1145748636622,-0.284802072926325,-1.17330289108088,-0.0138435353689154,0.28717989374863,0.506828855686917,-0.773461176254369
334,3761,"s3","m3",-1.01786227663119,-0.325161237188001,-1.15520462049906,-0.112768058047906,0.21632964296649,0.76886312834518,-1.23254050309995
335,3774,"s3","m3",-1.21417322216707,-0.189303869204522,-1.22659253638969,0.00936168369469953,0.270513594430598,0.757174103715716,-0.1884417420305
336,3779,"s3","m3",-1.14425876071219,-0.394694659968354,-1.2152881191467,-0.0126953280406526,0.308101138726614,0.762848302957956,-0.0616534677721455
337,3782,"s3","m3",-0.969813581131382,-0.00692292274515737,-1.0175860882177,-0.0367678939806485,0.461334684924124,0.873167878705622,-1.33619637257089
338,3783,"s3","m3",-1.13043278903875,-0.294866276126642,-1.21341869971301,-0.118391631226078,0.319650698132094,0.614498355269942,-0.793254684549907
339,3810,"s3","m3",-1.29155954417596,-0.239150431680291,-1.25764379529927,-0.059826633896836,0.138248897246828,0.592028708463497,0.392870017178379
340,3816,"s3","m3",-1.10548980245827,-0.296304122798142,-1.13324152200757,-0.128207883930946,0.358073602486931,0.505590477147946,-0.403650224002476
341,3832,"s3","m3",-1.13949782396007,-0.23063062904904,-1.08382208496983,-0.217753670151632,0.408634567307008,0.596152464813399,-0.870533767530598
342,3866,"s3","m3",-1.11330933366642,-0.318543063232246,-1.08827127916623,-0.103296842445733,0.441226866128223,0.661662385619372,-0.199834328563848
343,3871,"s3","m3",-1.13623600343564,-0.362753035997389,-1.1403917641044,-0.167594822996103,0.371844381682337,0.387471756269612,-0.367981209369872
344,3875,"s3","m3",-1.1169899865413,-0.229834732855167,-1.05499047011214,-0.0133971716970733,0.25969099201959,0.845157403349155,-0.735061582930995
345,3879,"s3","m3",-1.14803661670239,-0.22343088988974,-1.20420588532572,-0.0464640722357911,0.401076708743602,0.685511679209552,-0.227937748927231
346,3894,"s3","m3",-1.10994053363831,-0.237577866990303,-1.1858035415461,-0.168223222650666,0.419730981145249,0.680049069214825,-0.632384842330643
347,3903,"s3","m3",-1.22609121360305,-0.164237714553657,-1.12480827698551,-0.069697531540719,-0.0259856166568068,0.888948214693446,-0.154525803317226
348,3910,"s3","m3",-1.14887534665174,-0.256753738567577,-1.17978236050316,-0.0646225634570532,0.244641296094351,0.681183312188595,-0.0452114513372565
349,3911,"s3","m3",-1.10262398422315,-0.257079956416648,-1.10284466730804,-0.0686092931489756,0.36085942739072,0.676156329189978,-0.779421953536263
350,3924,"s3","m3",-1.13104686585129,-0.183525703709107,-1.1681068923813,-0.127913706807285,0.404884963562534,0.742372541835738,-0.222257884563242
351,3932,"s3","m3",-1.14484450347961,-0.268459692371571,-1.14248518697075,-0.0388490071808975,0.370042797515401,0.624472404187264,-0.499795652286178
352,3951,"s3","m3",-1.06065215681998,-0.19251777002817,-1.03268587101818,0.0401424795073413,0.548702709820449,0.754427375835433,-1.3649671073335
353,3955,"s3","m3",-1.19334281877079,-0.290388868158754,-1.11529523535768,-0.0677663420505034,0.369769320854885,0.540583356281936,0.182338238930383
354,3970,"s3","m3",-1.1274318874192,-0.246876571459452,-1.11669595104385,-0.107675215348832,0.249685001299328,0.746248598240379,-0.673969457804438
355,4011,"s3","m3",-1.14046238415285,-0.212283640338433,-1.17742802559047,-0.0263473572156357,0.0303957038464052,0.689637444484283,-0.630235082904395
356,4032,"s3","m3",-1.01624775517246,-0.222385156467162,-1.03274557167504,-0.0210922805024901,0.340552773039385,0.792281228015565,-2.56875380259659
357,4052,"s3","m3",-1.13727427995923,-0.292761128353815,-1.14517958211627,-0.0498204789163271,0.242303461138812,0.674380507795416,-0.540710514956885
358,4060,"s3","m3",-1.14053381813315,-0.200472105995843,-1.17822064890666,-0.0611383724801781,0.378398749437919,0.846398829094123,-0.135809224393888
359,4065,"s3","m3",-1.14566525938853,-0.202230201854634,-1.07403572431737,0.059017960898099,0.404188695889624,0.86645254863568,-0.466368928459913
360,4067,"s3","m3",-1.09839358070888,-0.285124149999906,-1.16540597545962,-0.0453827910110427,0.493706312994955,0.619982195347655,0.13577042908306
361,4074,"s3","m3",-1.16712266619492,-0.176946892613201,-1.16084956959177,-0.0258657330948419,0.369472038459767,0.810338986083456,-0.523998190859947
362,4086,"s3","m3",-1.0913740111565,-0.217670945026994,-1.15169655910098,-0.14738337395121,0.344483426858377,0.460414409562482,-0.294806174825848
363,4093,"s3","m3",-1.06798053628376,-0.23469222118523,-1.03971545480036,-0.0836348043451515,0.474518903805802,0.691624549638759,-1.35824885830703
364,4124,"s3","m3",-1.23782127765085,-0.176399153646574,-1.17937160786889,-0.0608758656468894,0.228847052204788,0.80548230621953,-0.457006910315894
365,4125,"s3","m3",-1.16855104518133,-0.118819195829087,-1.17599486283122,-0.0442355918267615,0.22460983149188,0.909876221197607,-0.541643278315985
366,4139,"s3","m3",-1.17578183189576,-0.19215100627365,-1.09569670013063,-0.0659937534097217,0.406718368561247,0.861013299876667,-0.00024373965739842
367,4148,"s3","m3",-1.0341876718049,-0.148130869618929,-1.04303468961231,-0.0342869245669256,0.567365073986084,0.783228446957005,-0.97919238891722
368,4149,"s3","m3",-1.1647729021158,-0.309407356350159,-1.09038605085006,-0.103414671498857,0.340611088548746,0.697262332347782,-1.01317634614257
369,4152,"s3","m3",-1.01828851648455,-0.185946716333517,-0.98502004154442,-0.0291136819166438,0.548750732582844,0.815079312880301,-1.8978995227883
370,4155,"s3","m3",-1.27130836851158,-0.33023730803064,-1.26844803503172,-0.131787228974968,0.202705096976304,0.72670891258212,0.0765263430382845
371,4156,"s3","m3",-1.10341413616109,-0.299208152012215,-1.15852909772818,-0.13841553451226,0.374235254630868,0.457886122874203,-0.558086690737922
372,4161,"s3","m3",-1.18589421228748,-0.10731521309557,-1.04153385454983,0.00228880607993315,0.278688903250313,0.742869190375914,-0.6954518077078
373,4185,"s3","m3",-1.10290050046079,-0.244548699740541,-1.11377085077747,-0.0554259363482484,0.318566592849036,0.743879818008066,-1.13277009131445
374,4189,"s3","m3",-1.16191497510106,-0.224408900758897,-1.1174072297539,-0.0976376528999289,0.516105971636314,0.703083483704124,-0.711828601697753
375,4223,"s3","m3",-1.02235575984446,-0.13110531410849,-0.981984126132261,0.128744239618208,0.548455548033715,0.950862205585586,-1.18841906827089
376,4261,"s3","m3",-1.17290978696815,-0.17531661937218,-1.11316739812626,-0.135791592998976,0.433471264840128,0.819213992364764,-0.0128371200781265
377,4267,"s3","m3",-0.961156018041858,-0.233031700570948,-1.10375817057098,-0.121430484309421,0.621047017532728,0.647351747382823,-1.41278137962862
378,4268,"s3","m3",-1.15122329576206,-0.317392906044226,-1.11161544421412,-0.0810143596163963,0.283151306920839,0.454905926691313,-1.15474742434733
379,4272,"s3","m3",-1.07455384839006,-0.175718426120876,-1.08126906937485,-0.0562946314679527,0.178495478748316,0.738792414170052,-0.653471915296164
380,4294,"s3","m3",-1.05856741212253,-0.302308321183768,-1.050468368791,-0.00860210603054838,0.548113918451879,0.587042717579416,-1.12532782068992
381,4298,"s3","m3",-1.30259280215356,-0.264266600964752,-1.23665633182725,-0.168747722408346,0.118902685353062,0.543858404606139,0.0376840970659982
382,4315,"s3","m3",-1.13171534244831,-0.12674360804088,-1.07389964457824,-0.0613058904250573,0.338761059586231,0.791220957240252,-0.80919567780542
383,4317,"s3","m3",-1.08358746034054,-0.184684205604345,-1.1183839341957,-0.0267922458938454,0.339903062388289,0.785375048579637,-0.88682298774876
384,4318,"s3","m3",-1.17568302815796,-0.314908465446479,-1.18586881093653,-0.0987934469273342,0.375956075830044,0.600458925046363,-0.164756776763592
385,4326,"s3","m3",-0.987796027046304,-0.119807550808389,-1.00459915360787,0.100303877494469,0.633111595875101,0.888089186150021,-2.20611467329408
386,4332,"s3","m3",-1.12638603095534,-0.200995019428686,-1.13883500424018,-0.0757053327690384,0.217922531535557,0.666918007662267,-0.40296465760197
387,4341,"s3","m3",-1.14516160353977,-0.189629113447659,-1.08589934196641,-0.130454355829987,0.423440864504105,0.741267323980374,-0.89606182223339
388,4362,"s3","m3",-1.090104318125,-0.180555176107496,-1.04925124279812,-0.0279808566034547,0.545118831643066,0.854537057060756,-1.08148425382579
389,4368,"s3","m3",-1.17280054103224,-0.338185145602637,-1.23412344508288,-0.234164370748324,0.26596753160431,0.385017823411785,0.21825309386942
390,4390,"s3","m3",-1.13728439412829,-0.214841256807013,-1.0811506300108,-0.121832998472689,0.292314796250741,0.580660435758854,-0.909223764711664
391,4392,"s3","m3",-1.14777403978186,-0.165556819123014,-1.1202914940984,0.0175535967388686,0.358119306166684,0.65122514174818,-0.617934312657732
392,4398,"s3","m3",-1.05360923852889,-0.0847818086559432,-1.10981243702281,0.0466347117626669,0.524044365107649,0.927285147945486,-0.56438098824219
393,4399,"s3","m3",-1.08700800559392,-0.178535902264035,-1.20817719791808,-0.0818658093995591,0.278151427791319,0.687191021039393,-0.115237984790339
394,4403,"s3","m3",-1.10529380116441,-0.177106795377235,-1.07170579655043,-0.184291484183108,0.413400554686329,0.613718529628858,-0.605726744745303
395,4405,"s3","m3",-1.15049616224272,-0.248118824688077,-1.14475298637624,-0.0527461832843163,0.404373693950825,0.844151057534067,-0.590342217574581
396,4408,"s3","m3",-1.11560697787406,-0.230679111351004,-1.09443004027636,-0.155788408755461,0.502036448958456,0.669972748811097,-0.684496282993468
397,4414,"s3","m3",-1.07916031544578,-0.227532703240799,-1.10748483004652,0.0330643272697039,0.329967404298923,0.630498939511166,-0.475268238360025
398,4418,"s3","m3",-1.07605796262577,-0.28208658270678,-0.99859682027401,-0.0165913823411999,0.485736243007261,0.529897846358202,-1.32577689831604
399,4427,"s3","m3",-1.15820929440836,-0.313880432040061,-1.11524282742857,-0.102511325391523,0.374533404226693,0.495239174194768,-0.0623806415770913
400,4474,"s3","m3",-1.1276399224277,-0.166961833358668,-1.09976783568738,-0.0705394396249456,0.47365697188682,0.706316255468273,-0.480630011222395
401,4512,"s3","m3",-1.0177213507836,-0.131708993693788,-0.987305277830897,-0.0181842383614196,0.439197563245187,0.870728479354899,-0.812815586899823
402,4516,"s3","m3",-1.21071874448157,-0.203480954879348,-1.05541215233692,-0.0588255703319416,0.357146135887106,0.833782374146848,-0.574402781649044
403,4522,"s3","m3",-1.24557063482728,-0.348922445352036,-1.22188805561919,-0.1741281379561,-0.0548299279236612,0.559519149963494,0.335829444776101
404,4528,"s3","m3",-1.03262778993922,-0.103869255074108,-1.03842052015084,0.0146783202399487,0.439362361790843,0.847450816314557,-1.19808756975828
405,4530,"s3","m3",-1.17906912185841,-0.156575745640797,-1.07215711016561,-0.0683599218847604,0.369286466428799,0.981298445071535,-0.158915684612089
406,4544,"s3","m3",-1.15431350271249,-0.301774028357783,-1.19263623945242,-0.00859410590079293,0.195163999094534,0.895158513647807,0.329276561946676
407,4546,"s3","m3",-1.09872825464506,-0.267290931460968,-1.10124020088375,-0.051552387989423,0.444117467343881,0.631949128052865,-0.830377430136949
408,4549,"s3","m3",-1.13700556155395,-0.246739897825012,-1.21746210641112,-0.162600048338121,0.355904149694035,0.679335601096125,-0.184312558084632
409,4565,"s3","m3",-1.14208119930308,-0.18046763340945,-1.18822779425415,-0.0367044830979467,0.378592885835306,0.81446578920233,-0.279035468079484
410,4573,"s3","m3",-1.12516239367403,-0.21464599843616,-1.10751521420137,-0.0265423015121588,0.444655483232142,0.690096673882512,-0.232877462982462
411,4576,"s3","m3",-1.11817011430432,-0.151695640134727,-1.0434796113909,-0.099606636060684,0.426251890013997,0.666864756357441,-1.02347961871334
412,4588,"s3","m3",-1.0876545712049,-0.285490711985769,-1.12747484014446,-0.049794484665433,0.414760177202642,0.646493536869881,-0.797070904165593
413,4595,"s3","m3",-1.2001658394517,-0.2382689322111,-1.19406834058816,-0.0279944305900605,0.200146223810396,0.85761189272863,0.00603327013126723
414,4598,"s3","m3",-1.19195387573034,-0.28476280943732,-1.18116994864332,-0.0517001420715783,0.0738043755205919,0.719179881441127,-0.0849076314904021
415,4619,"s3","m3",-1.14727814232121,-0.148232626330006,-1.09278752435651,-0.0952708291367334,0.395539658570449,0.774808885592046,-0.239128497771192
416,4627,"s3","m3",-1.2475732449275,-0.286102943338849,-1.23929089728774,-0.0140931744405066,0.247295794348981,0.762575881301017,0.110691213829285
417,4630,"s3","m3",-1.14795121381919,-0.20364014564292,-1.1777456864675,-0.0143001607582817,0.329858204722874,0.781797564354263,-0.134253557378387
418,4632,"s3","m3",-1.0680967824031,-0.215843646137821,-1.05150141175554,0.0155033009382528,0.355709819385735,0.661332671768774,-1.35037916287704
419,4645,"s3","m3",-1.22258028300691,-0.174358739424294,-1.23048495206992,-0.0820758763917155,0.135380731599844,0.476671217850051,0.212711585770336
420,4663,"s3","m3",-1.23957718256194,-0.247825461476905,-1.10292306870505,-0.157888443586452,0.329392518104214,0.753231265478692,-0.455011628420319
421,4667,"s3","m3",-1.0910275887708,-0.231375444781047,-1.0588529364903,-0.111440557251054,0.279980155196235,0.68072833219346,-0.708215972588751
422,4689,"s3","m3",-1.14466164208576,-0.0675762431335605,-0.98588329416386,0.0241368143951513,0.473900136362898,0.927625147092104,-1.45293681700993
423,4693,"s3","m3",-1.0768518378529,-0.238061923120096,-1.14557019834287,0.014643024201194,0.331188533762974,0.834903529340338,-0.617313323126497
424,4722,"s3","m3",-1.19573217173483,-0.192530822913777,-1.09015077377606,-0.028338007539474,0.397784546227978,0.812335223612492,-0.596568525455579
425,4743,"s3","m3",-1.14596711377068,-0.172057628936351,-1.14172166056449,-0.0679891420840156,0.345610141445475,0.730733396310739,-0.103276253994163
426,4756,"s3","m3",-1.13442550896637,-0.140438316690836,-1.08962255299966,-0.00767209096385445,0.274542375681976,0.79796170522802,-1.27706266547238
427,4759,"s3","m3",-1.17362679054622,-0.346363535224143,-1.05432223809213,-0.160759253553129,0.466028741562595,0.471622380730332,-0.623860086349243
428,4760,"s3","m3",-1.09523096287892,-0.226416390421139,-1.13840393098058,-0.257854554468728,0.319367305318437,0.701615836313826,-1.21613158789694
429,4761,"s3","m3",-1.23867786116427,-0.241030371057224,-1.16677329878497,-0.135683486101061,0.157428357606511,0.811406628415848,0.267003000002881
430,4765,"s3","m3",-1.08367002984701,-0.256125937799062,-1.10865502257016,-0.128045063046845,0.523282413293303,0.643246641658647,-0.497052685284712
431,4767,"s3","m3",-1.12526938941175,-0.150650694412088,-1.14628331929771,-0.00565089791421156,0.232538313711194,0.68723358198193,-0.361083386818091
432,4772,"s3","m3",-1.19457638449069,-0.2299348060686,-1.15717984473156,-0.0315378548920274,0.25083563302194,0.750621975809084,0.00758031962750982
433,4802,"s3","m3",-1.18926576451857,-0.323541962436137,-1.22353885907314,-0.264110023577585,0.257153981063812,0.396744289167669,0.29257140822827
434,4811,"s3","m3",-1.00258079251302,-0.192608069838314,-1.10392128393826,-0.0497015877516997,0.496188091478741,0.742789267761872,-1.62463647468018
435,4818,"s3","m3",-0.989832112269526,-0.122337526078949,-0.962093966957349,0.0576285915657028,0.499583853696997,0.924656950110088,-1.52141282701801
436,4820,"s3","m3",-1.19865976084886,-0.30206573227862,-1.16783567009726,-0.118622220718472,0.16227964794023,0.741490359974261,-0.566184241737072
437,4850,"s3","m3",-1.09360050196875,-0.231940011573566,-1.04257657910013,-0.00134307677456539,0.417936388086285,0.694929918427533,-0.540468711480594
438,4853,"s3","m3",-1.12858151094258,-0.233277291651457,-1.10134865553883,-0.0475098888391261,0.216275291549272,0.643733049037927,-0.377535231944764
439,4854,"s3","m3",-1.17997261900423,-0.170269078110677,-1.02404244909963,-0.0867138682551855,0.267710776535934,0.706575084277038,-0.445329915148856
440,4871,"s3","m3",-1.18865745362452,-0.208556714714518,-1.0751277672496,-0.084972032889689,0.339398427767543,0.761285056728064,-0.950651202533755
441,4882,"s3","m3",-1.20996977552706,-0.240773059973652,-1.14029030352071,-0.0689585764326071,0.30763801227745,0.606772710224981,-0.634976503928543
442,4889,"s3","m3",-1.04912174725378,-0.38666869349988,-1.09501295404254,-0.139329674632999,0.345729275472627,0.467466984430567,-0.811326066871974
443,4935,"s3","m3",-1.10626140612122,-0.26915212351018,-1.0470883652593,-0.0115398555050836,0.50130548632368,0.700402705070152,-0.568159116072152
444,4943,"s3","m3",-1.20131447932353,-0.33380580987391,-1.13651329167919,-0.0880249711852556,0.364700836052424,0.69478469939428,-0.441687939190019
445,4948,"s3","m3",-1.17385714461637,-0.267494400372413,-1.0974137776864,-0.0628955419674517,0.289688721285314,0.850811506115706,-0.0905879523715742
446,4951,"s3","m3",-1.12190151801473,-0.242064824897391,-1.16672480716431,-0.0188869890805278,0.113874662087951,0.771349983481908,-0.140379746441807
447,4956,"s3","m3",-1.18114613373363,-0.234530548132801,-1.24497337695734,-0.0174079268059474,0.303856395036599,0.720126862003829,-0.158833615843641
448,4964,"s3","m3",-1.14882708380366,-0.170453604188651,-1.18292550495541,-0.0459061544236426,0.536327794484036,0.838707213122106,0.0205480579094403
449,4967,"s3","m3",-1.08048053327866,-0.192866622145695,-1.10529635681576,-0.135878678722703,0.51826691210711,0.69515745136675,-0.68583131574646
450,4990,"s3","m3",-1.14552944890432,-0.254889634063964,-1.13949719028597,0.0331868963234903,0.453583579178601,0.864320261576282,-0.0885254745599935
451,4994,"s3","m3",-1.14494296396994,-0.326543215266157,-1.10621084535675,-0.0764236171695269,0.287369771094439,0.462691041899308,-1.11793774291135
452,5012,"s3","m3",-1.11568045287788,-0.218827513334465,-1.18136426593526,-0.059872238437271,0.141398543944553,0.675229848301174,-0.1163555569568
453,5014,"s3","m3",-1.20129702623453,-0.247669918778951,-1.06810222010936,-0.162894026461617,0.358210413381625,0.487843717951016,-0.619574286748421
454,5070,"s3","m3",-1.2078516344321,-0.285371494002108,-1.15998404497366,-0.0184650337600087,0.264787001523586,0.783071868056471,-0.155190455187468
455,5080,"s3","m3",-1.15270836018251,-0.176967272827251,-1.13345817159838,0.0179065872514176,0.13700084521701,0.815408986999693,-0.231113764008597
456,5084,"s3","m3",-1.02111324641737,-0.213653483716805,-1.06621313332617,-0.13588703894936,0.416937363826355,0.749496785879803,-1.80068146392146
457,5094,"s3","m3",-1.11041091989432,-0.196865751845115,-1.1487880053583,-0.108281831666739,-0.0118721686319291,0.776765510088678,-0.383593478504965
458,5117,"s3","m3",-1.10733661796388,-0.288994740805945,-1.10869278059826,-0.158981217893396,0.502530372999833,0.506735287238913,-0.637725972952035
459,5132,"s3","m3",-1.09591396965238,-0.153527491788765,-1.20451981050577,-0.00247552428619658,0.352422054073121,0.76969827621137,-0.281839233491325
460,5142,"s3","m3",-1.18577111339858,-0.0965124346883313,-1.16201944118004,0.0206030054702708,0.0720700994678914,0.774728931333494,-0.62438383871945
461,5144,"s3","m3",-1.14214965124873,-0.258760971146842,-1.1316604780739,-0.0816324638304451,0.299499853200481,0.717814889695641,-0.499342465835382
462,5149,"s3","m3",-1.1575302675599,-0.143493578943741,-1.1357647699061,0.076922157230859,0.341635258322765,0.973586220672065,-0.304084100092602
463,5159,"s3","m3",-1.16368539108202,-0.292452797798164,-1.11663917424686,-0.19603361902703,0.444178597795145,0.483525383386853,-0.611234275058694
464,5171,"s3","m3",-1.06813087862164,-0.155773415253813,-1.06093379497194,-0.108888076189302,0.379438527238695,0.617975323375663,-0.778824954597725
465,5175,"s3","m3",-1.19418634305523,-0.144961026726081,-1.20092020730971,0.0295925288399394,0.264915509310921,0.862149666649697,0.10973758097085
466,5185,"s3","m3",-1.11398428165905,-0.324620351215216,-1.18031387352308,-0.02240151419866,0.376649305847025,0.57925832979013,-0.00477330432162473
467,5189,"s3","m3",-1.10923004444685,-0.0953838398893308,-1.13387626606955,-0.0766724164933026,0.246126215668836,0.877686732703557,-0.952383390124879
468,5190,"s3","m3",-1.08202525120827,-0.268556141098725,-1.07482457630095,-0.0826639866091371,0.28733061730018,0.641275361159424,-0.763338045602875
469,5213,"s3","m3",-1.11940943190266,-0.219854597497978,-1.09329179076713,-0.11871295856641,0.365516034795452,0.672393870719897,-1.18806234155519
470,5250,"s3","m3",-1.17413720049136,-0.222272446737566,-1.10183194231789,-0.0925691981039663,0.531490145652259,0.787756031466439,-0.552940937642218
471,5273,"s3","m3",-1.25929108003408,-0.131973190600455,-1.13767589962811,0.0163583472039109,0.365252495198805,0.748687737697659,-0.723129238802206
472,5283,"s3","m3",-1.0940866424092,-0.140046651790524,-1.05653121654988,-0.0295734828667405,0.361638705015225,0.90652827532831,-0.986496728148377
473,5288,"s3","m3",-1.12984851938721,-0.327884895154562,-1.12949424003935,-0.188282738089177,0.296158227207824,0.555286072728825,-0.898013609786446
474,5320,"s3","m3",-1.08009664596012,-0.299652418403853,-1.01151552552513,-0.110539398393909,0.353220234516509,0.570137945251173,-1.22504264241434
475,5347,"s3","m3",-1.1131938193417,-0.239034951469004,-1.19372901590683,-0.137286795217865,0.340320168112981,0.556858672803427,-0.203250869157317
476,5395,"s3","m3",-1.11291665051443,-0.232541693153024,-1.09302354274862,-0.0478398108313081,0.159421302991222,0.658414849361055,-0.806321195340534
477,5408,"s3","m3",-1.20864957479429,-0.189882786008109,-1.11025122425126,-0.0463305523549173,0.132097842195928,0.759330530109777,-0.431787039195585
478,5413,"s3","m3",-1.15332332090783,-0.180351878565822,-1.06793317248664,0.0291066378037476,0.505616730587613,0.906790268920154,-0.606162015451262
479,5421,"s3","m3",-1.22500267303251,-0.218665178932887,-1.22747915561021,-0.170944213618494,0.0341730695286153,0.599742051544072,-0.103611503290704
480,5426,"s3","m3",-1.14454439129521,-0.294466033323313,-1.08863546609898,0.00481199079258908,0.407018392947733,0.705276767394009,-0.536409596571052
481,5430,"s3","m3",-1.15223608794645,-0.271211243443069,-1.1454099808109,-0.0137037611854621,0.395456964031409,0.72988075085925,-0.729997176069371
482,5437,"s3","m3",-1.1480586252157,-0.244933884321042,-1.24260263349013,-0.181392501371458,0.42872953049658,0.607774901898643,-0.200085177474353
483,5441,"s3","m3",-1.02466987038279,-0.211228227442103,-0.998467490891691,-0.0607977215410203,0.522286123913178,0.650326177419207,-2.69164032542331
484,5463,"s3","m3",-1.10945619047148,-0.0620006287514477,-1.18876526346778,0.12028031810305,0.528210321296685,1.03949197828365,-0.549780527203593
485,5491,"s3","m3",-0.975094472041834,-0.186165594585456,-1.01420092933895,-0.0343464090689443,0.61822608615942,0.669254700014753,-2.35550292361447
486,5524,"s3","m3",-1.17503957083566,-0.251958770653586,-1.16661841009749,-0.027732798234932,0.302330855206284,0.599255946302565,-0.21329586094376
487,5526,"s3","m3",-1.29184089335312,-0.209415371510068,-1.14275941259639,-0.11527935382288,0.107453178578328,0.731347039302889,0.168433991124045
488,5540,"s3","m3",-1.24653116707132,-0.282650325951832,-1.21113925733608,-0.119584211608424,0.314511852910658,0.594535392260923,0.162654974089509
489,5547,"s3","m3",-1.16693209022511,-0.27205166204106,-1.09879851359291,-0.0438434958599482,0.363677987100482,0.638233557269718,-0.31747599560857
490,5579,"s3","m3",-1.02910795427279,-0.391307213812695,-1.13093444009854,-0.127280933560162,0.335616197870322,0.536081292007996,-0.36891577281626
491,5586,"s3","m3",-1.1385430788817,-0.273271098700985,-1.14954270737933,-0.1100895225949,0.567501854149616,0.642976080775692,-0.412746746527684
492,5597,"s3","m3",-1.2047848636414,-0.264233345894281,-1.26283729862173,-0.171604135180036,0.229873901723829,0.539462198128618,0.464555322236838
493,5602,"s3","m3",-1.26669480791507,-0.253946072806351,-1.20903692691798,-0.165158008919934,0.0489492495610154,0.509577232291879,0.235504505888604
494,5624,"s3","m3",-1.10669175820423,-0.170368033280227,-1.08766965893037,-0.0685212774035354,0.411713542493276,0.755613637291563,-0.323644520482074
495,5630,"s3","m3",-1.05442785327298,-0.185682259215668,-1.12729123461943,-0.0560341094942253,0.595976441633258,0.73999285759255,-0.587629505006943
496,5654,"s3","m3",-1.09199291270491,-0.190297013780589,-1.07054728322021,0.00881842116584681,0.428182785450575,0.842982328917375,-1.44469554305129
497,5679,"s3","m3",-1.13355581864083,-0.169270264789823,-1.01862821344776,-0.00985266979156814,0.485209172087831,0.880409984188734,-1.17254454702084
498,5680,"s3","m3",-1.2032715003668,-0.357490460786218,-1.05175329587844,-0.130173850657483,0.451473151121884,0.632844810943608,-0.00370796949167579
499,5687,"s3","m3",-1.16649945748763,-0.225519115569697,-1.13194703781545,-0.261679304500557,0.192185982397399,0.448354607384001,-0.403731427517145
500,5693,"s3","m3",-1.12628107924975,-0.342053092580924,-1.13268406849205,-0.0385365297432006,0.164024885688498,0.663425693680655,-0.152558848670115
501,5695,"s3","m3",-1.17899944420673,-0.226550041663166,-1.20507615132699,-0.0305027062753714,0.351447368874839,0.789314326689755,0.290815266277491
502,5706,"s3","m3",-1.12901529601247,-0.198968378097605,-1.16034733660486,-0.0829463899758933,0.333991502012156,0.693261373926635,-1.00880796252596
503,5712,"s3","m3",-1.05858264219299,-0.267575306113334,-1.0415824465974,-0.110185108800119,0.421593803987701,0.592201446367825,-0.860453097492961
504,5726,"s3","m3",-1.0145891226706,-0.231417278656383,-1.0752162549147,-0.0190359020563034,0.572869157949977,0.814118342445371,-0.88634581754471
505,5731,"s3","m3",-1.23190006311351,-0.221177803195029,-1.15987759477892,-0.112799729381574,-0.0655115445076703,0.743558871851499,-0.257704934170319
506,5739,"s3","m3",-1.13735047875591,-0.296314092370193,-1.03619106123885,0.00314167466421137,0.385271491977282,0.700807571632684,-1.07763448094838
507,5743,"s3","m3",-1.10920245561841,-0.280709486792541,-1.07190304757731,-0.0704713503420041,0.491793311994709,0.538217431918957,-0.794620665259187
508,5750,"s3","m3",-1.07379421077289,-0.326322851342757,-1.2552788717552,-0.117430895813671,0.457439474438203,0.532373105728994,0.112860349743139
509,5780,"s3","m3",-1.07155202432791,-0.370434279350565,-1.12279127613243,-0.0963701646429224,0.275088439009166,0.576140828192956,-1.01675821227178
510,5784,"s3","m3",-1.19009837898761,-0.18786063737999,-1.27459584469945,-0.023067500481374,0.241814669586971,0.86152112825124,-0.286847765044854
511,5788,"s3","m3",-1.28033590250863,-0.304189005188212,-1.15654690900358,-0.106144993592244,0.263059331956333,0.807435171227649,0.116330973130964
512,5790,"s3","m3",-1.21284333793437,-0.196930773756952,-1.11324130828019,-0.172241105610765,0.334905613690446,0.68230031471075,-0.0543359717934069
513,5814,"s3","m3",-1.07564691791103,-0.378663395883792,-1.08963702685588,-0.257494487307713,0.391148268763693,0.417246039621442,-0.757520132546549
514,5815,"s3","m3",-1.13970972541575,-0.17998720656668,-1.16134014537427,-0.0656775307754256,0.375256543914309,0.667565828879868,-0.341389331421369
515,5850,"s3","m3",-1.18322556391469,-0.190793752343088,-1.15512673355437,-0.0325076742680555,0.303726433366793,0.754679245199572,-0.334275736540909
516,5852,"s3","m3",-1.11747535563053,-0.321889824640607,-0.95519639166166,-0.109260349253193,0.477957859812523,0.509773277439161,-2.33527454453027
517,5869,"s3","m3",-1.19315643434721,-0.373773152595507,-1.1232252130339,-0.129918052151985,0.256384242442602,0.548343012352805,-0.272447510872822
518,5883,"s3","m3",-1.11110187191051,-0.233742522635874,-1.12893386478655,-0.0931268908195087,0.364361648203416,0.464964002581354,-1.58337658310456
519,5885,"s3","m3",-1.11043943921404,-0.306841899800211,-1.09648870734427,-0.03158600828454,0.330114824414803,0.809914370837381,-0.339910962076922
520,5888,"s3","m3",-0.972973841543168,-0.461409196482426,-1.10718455068754,-0.139602164420039,0.57228327326807,0.364866322875471,-0.965701488375407
521,5893,"s3","m3",-1.15234116361801,-0.1481131041583,-1.17159033152736,0.0254631354059997,0.14844913427782,0.783562335386884,-0.386826822365835
522,5896,"s3","m3",-1.06625691944326,-0.313303059005328,-1.16810377937504,-0.042580251737273,0.425834798489802,0.633090155327514,-0.653700407562093
523,5900,"s3","m3",-1.19545732734906,-0.257645103445408,-1.12544901928207,-0.0888079270060534,0.283092505146168,0.695438523044578,0.424240816295391
524,5913,"s3","m3",-1.11990013545867,-0.258147920935184,-1.1642878924494,-0.117763865154388,0.187989929972164,0.563665121310997,-0.700571546433558
525,5918,"s3","m3",-1.12786063702283,-0.147080346791558,-1.04560220105619,-0.0293783036914702,0.484434447418141,0.870541965684438,-0.801112008587732
526,5923,"s3","m3",-1.14151970499002,-0.268834840428121,-1.15446116661857,-0.172648330188537,0.429869981268426,0.437120719927377,-0.921341290941511
527,5927,"s3","m3",-1.16708789047176,-0.13932673660354,-1.14566287952482,-0.0479923175081438,0.285963570615948,0.597807206514836,-0.106737156423865
528,5929,"s3","m3",-1.05562274621644,-0.186420607444619,-1.08937689254244,-0.11514211188443,0.486402206628245,0.606646434025395,-0.478497847850276
529,5930,"s3","m3",-1.08815345628368,-0.289258006744453,-1.06508558574141,-0.127175567876894,0.337204131326982,0.412905828601499,-0.0462589378413513
530,5940,"s3","m3",-1.13445382723085,-0.223186080506153,-1.14919831803628,-0.0806286048417772,0.412750223477261,0.721091557128449,-0.0785002175337274
531,5948,"s3","m3",-1.28856528256106,-0.275681055701236,-1.12882962523164,-0.0526327798839627,0.272719772021056,0.653214586114623,-0.647791495534213
532,5954,"s3","m3",-1.18644075266284,-0.271132056459628,-1.13103775988891,-0.0181668569012235,0.237696104937523,0.857151492768359,-0.606928598319153
533,5958,"s3","m3",-1.07479294380529,-0.268010740762053,-1.07739194177028,-0.0953962643912443,0.245409252246707,0.707010484994901,-0.701705354201539
534,6000,"s3","m3",-1.25795891712018,-0.315250143538624,-1.19468515417354,-0.124034242189054,0.323420302229424,0.562382367227504,-0.108521715086398
535,6020,"s3","m3",-1.08834995176081,-0.406964603790558,-1.08415973498376,-0.128495028587231,0.240068394814476,0.357457740929037,-0.304660289335528
536,6029,"s3","m3",-1.11687227581486,-0.278406795830123,-1.2257461546354,-0.130490284162599,0.305430907579069,0.451912659119405,0.17913264740163
537,6042,"s3","m3",-1.10338121752428,-0.220191636159191,-1.1700800554907,0.0275513993668509,0.302315266973091,0.720275487272324,-0.722153897956933
538,6059,"s3","m3",-1.14173749024038,-0.243312466359183,-1.12252870197134,-0.0754939182126353,0.34450489604736,0.70861583661168,-0.0982593210721796
539,6070,"s3","m3",-1.00636597158187,-0.361391430081139,-1.11818824382295,-0.180304804955411,0.415644571417165,0.43644634829668,-0.480337757188715
540,6111,"s3","m3",-1.06819803667728,-0.167241852408792,-1.02601865532412,-0.14161411813603,0.472357651016622,0.767402364770139,-1.05946982505686
541,6112,"s3","m3",-1.13307927161639,-0.316170849729368,-1.0254884667649,-0.0588497059165578,0.360324851737652,0.608561008919599,-1.29559024097733
542,6115,"s3","m3",-1.07482861067278,-0.266599063675523,-1.09409485345603,-0.0716671531662314,0.505275722558479,0.395011856356661,-1.73586253879407
543,6140,"s3","m3",-1.08714657904225,-0.157159089591123,-1.10070079424361,-0.0751852976739427,0.40223238600444,0.807663822636934,-1.06745471481992
544,6153,"s3","m3",-1.03413634424612,-0.115092854528163,-1.03913614270951,-0.0774856800280952,0.406008182520251,0.713238303411478,-1.12904212435497
545,6160,"s3","m3",-1.16714742488005,-0.343044833116409,-1.15269642804834,-0.157777899749823,0.350202035028904,0.609790326789418,0.0548771560066686
546,6168,"s3","m3",-1.12036640111869,-0.174619799333244,-1.14099971979036,0.0533917487892331,0.268577668331543,0.793448394111304,-1.08260233082164
547,6178,"s3","m3",-1.13872281080922,-0.360653994632827,-1.20096582379281,-0.0938461632984871,0.179172463860603,0.545645374157644,-0.38470630246239
548,6181,"s3","m3",-1.20327520253121,-0.237995289989787,-1.18295628697601,0.0566485649724486,0.214241296217474,0.864799965864849,-0.392425120448993
549,6185,"s3","m3",-1.1388790423172,-0.293199846780388,-1.15781302375548,-0.0784577011843185,0.249322780361094,0.558480379116608,-0.173686753010498
550,6202,"s3","m3",-1.22870053525343,-0.244896202899579,-1.23091537575011,-0.0774020299151185,0.0302281130818641,0.828405409348461,-0.181165930681281
551,6214,"s3","m3",-1.10132654054435,-0.27660282298131,-1.18353091691364,-0.0191434436686744,0.296139789225306,0.758327335756758,-0.243008648262799
552,6215,"s3","m3",-1.15287549951246,-0.346918551640899,-1.1152254763866,-0.124970441818758,0.396238075234861,0.541834114569662,-0.210008846960162
553,6220,"s3","m3",-1.19086339675505,-0.15455614635275,-1.05436051372501,0.00488249121174366,0.336713255412945,0.880964726151156,-1.62516659706394
554,6234,"s3","m3",-1.1666941838966,-0.266223225204332,-1.04797311038206,-0.0183770111865138,0.499215248222444,0.629424975423434,-0.302668608498582
555,6247,"s3","m3",-1.15878009298585,-0.212937923571181,-1.13012219861875,-0.000105719041335394,0.498813962714788,0.784105762041225,0.0735306359789266
556,6265,"s3","m3",-1.21730554416137,-0.289840014924338,-1.1204038066649,-0.0191842900336028,0.411210996827188,0.7020298490539,-0.223507062305029
557,6267,"s3","m3",-1.11882564114403,-0.360778726079647,-1.13734094155356,-0.124011039158253,0.26676575647699,0.499376573068921,-0.652074729611847
558,6301,"s3","m3",-1.05166424573182,-0.170762954848935,-1.12165082813716,-0.036914455392693,0.411813645531101,0.775177572378577,-0.72428300369268
559,6307,"s3","m3",-1.17145008376165,-0.173274893349759,-1.16406621061497,0.0502621888312495,0.216009706213059,0.838685318928964,-0.650389869793218
560,6321,"s3","m3",-1.04034169318674,-0.205692999824337,-1.10813697331657,0.0264894935449864,0.3976366409732,0.862399749255922,-0.770418570529182
561,6326,"s3","m3",-1.10573395008071,-0.357044264752148,-1.19700928926825,-0.174095070118669,0.230006902936593,0.396153621912145,-0.603803959978344
562,6347,"s3","m3",-1.1708479708125,-0.208901582114208,-1.06324544196835,-0.0104798431730462,0.337020603787923,0.854699519637132,-0.603658436517961
563,6355,"s3","m3",-1.18262804525868,-0.223371459839034,-1.22390740582313,0.00770799511157724,0.254655868944822,0.752438783742702,0.121447926460108
564,6372,"s3","m3",-1.09807875648174,-0.202328687620813,-1.04532365650378,-0.0764283820208161,0.506168596305846,0.701733080212958,-1.36477397985471
565,6381,"s3","m3",-1.17235456269001,-0.357498961904485,-1.11891045545811,-0.155657853152024,0.255264139843432,0.376618687898241,-0.412257983842427
566,6397,"s3","m3",-1.19480724378219,-0.180611613608974,-1.26440865124658,-0.0456627104533099,0.313536643189812,0.871001804920458,-0.192881433659808
567,6420,"s3","m3",-1.07121226592912,-0.23011274980717,-1.06889126804648,0.0658245038066156,0.367215286957225,0.682639727802819,-0.803825437485486
568,6423,"s3","m3",-1.11779327499402,-0.181878974366238,-1.1233727226665,0.0235397385196351,0.484500332332207,0.840585062555701,-0.493204503464614
569,6432,"s3","m3",-1.18075735317786,-0.222254285722422,-1.21850448807408,-0.183820274638522,0.298231588717583,0.610071367993403,-0.429895859354021
570,6436,"s3","m3",-1.09469131632019,-0.231458289412122,-1.10046560735774,-0.0648444170053954,0.420261318935022,0.658447377574917,-0.465225975159003
571,6438,"s3","m3",-1.13654480143351,-0.35833828622889,-1.1171922514541,-0.163260970506242,0.336469360707794,0.530327991540242,-0.606055792049234
572,6446,"s3","m3",-1.20269102700364,-0.222677791545186,-1.22353390450632,-0.0621704245313692,0.444248256535299,0.782704158324211,0.326004087108713
573,6447,"s3","m3",-1.1619659086201,-0.279436476808243,-1.15553005410843,-0.126610014576685,0.218291501360185,0.732490427076791,-0.144064768424978
574,6479,"s3","m3",-1.09554437836857,-0.273181336443858,-1.08843303058364,-0.16117158930814,0.354013158501516,0.500009429197887,-0.917329855520808
575,6494,"s3","m3",-1.20368805757107,-0.275645110314898,-1.08053611028586,0.0327931377946457,0.475281508558378,0.807633709475581,0.220465031346527
576,6495,"s3","m3",-1.17210957642491,-0.262985835425794,-1.20506469199879,-0.152899675577939,0.323490196527915,0.625797649903706,-0.0444995037308103
577,6504,"s3","m3",-0.978493872502011,-0.126511719682813,-1.07544786765458,0.0990840932780972,0.588689841340975,0.859409577331376,-2.0966806713062
578,6555,"s3","m3",-1.13327557764727,-0.176914024741087,-1.14099538207304,-0.0107967298269789,0.332979328546688,0.838489376880759,-0.301450018796158
579,6569,"s3","m3",-1.18065805830505,-0.296369397587594,-1.21942427941168,-0.244138889764704,0.17704611408861,0.508820632075678,-0.0680149761400198
580,6580,"s3","m3",-1.16872975514691,-0.236620342402309,-1.14161200744356,-0.0664605284875696,0.319008249820118,0.615007739735067,-0.0300094435749062
581,6599,"s3","m3",-1.06592656267389,-0.0742830306181949,-1.13521683577548,0.033069663720345,0.429917903256896,0.85937633595702,-0.728778214207509
582,6601,"s3","m3",-1.18076733821894,-0.166334848201534,-1.09947034932172,0.060704759716346,0.373717589015751,0.891888909216908,-0.628348232572577
583,6602,"s3","m3",-1.08064922144455,-0.224970158179739,-1.07376608786388,-0.0474667037674169,0.515174928395385,0.677814327140492,-0.474879593307083
584,6639,"s3","m3",-1.17659517420049,-0.252070921208726,-1.14568361563352,-0.0671094402297642,0.384131789837754,0.730888381348631,-0.982366957292621
585,6642,"s3","m3",-1.11443638676489,-0.224100965454522,-1.04780733631801,-0.0688373998394701,0.510216473250455,0.776141926564291,-0.811369759847094
586,6651,"s3","m3",-1.07004419398071,-0.190433069995616,-1.16259305212073,-0.0782781410765417,0.337161194896328,0.703465814803399,-1.5130337169745
587,6669,"s3","m3",-1.20340542270233,-0.401542047374885,-1.2221121787609,-0.238182493602478,0.00695939437640914,0.451860954377213,0.0972156692595787
588,6686,"s3","m3",-1.20443925842997,-0.222446856780024,-1.25705427467359,-0.0959529808204326,0.0836548303336096,0.706090253998745,-0.317093438769773
589,6696,"s3","m3",-0.947639187178993,-0.235953307637426,-1.0387603232632,0.0220718454099544,0.69461896830981,0.745754063898119,-1.55029087630608
590,6732,"s3","m3",-1.12512538984199,-0.185653694250752,-1.18407416471899,-0.0515647268892093,0.201368967187654,0.789173446868332,-0.634938945817969
591,6736,"s3","m3",-1.12021449787372,-0.296776598491523,-1.14085638832938,-0.0667586599893946,0.272258045861477,0.506900744081565,-0.366860286348732
592,6753,"s3","m3",-1.10510078982456,-0.349331889057481,-1.15257943869312,-0.0638986180984038,0.427950460391376,0.469082297121362,-0.212817108337462
593,6762,"s3","m3",-1.1522881233725,-0.261834522362105,-1.06431560191904,-0.0221011701219906,0.392949080520695,0.688946894753548,-0.993632424747224
594,6765,"s3","m3",-1.40327575891031,-0.335444518033631,-1.27624404565848,-0.163751088766559,0.0321212597759628,0.582481256755134,0.799872680581438
595,6766,"s3","m3",-1.05324846095622,-0.298051689266135,-1.16568058992102,-0.0849814619241103,0.478162876481819,0.571429719122861,-0.286332298689425
596,6783,"s3","m3",-1.16065008747016,-0.289072313188118,-1.08897120400575,-0.0886911518773352,0.515197985320176,0.672440768712771,-0.709522264387073
597,6794,"s3","m3",-1.07134168640214,-0.210495580035431,-1.09491466115484,-0.129120821730016,0.526920064663577,0.712173924662495,-0.749584298670485
598,6797,"s3","m3",-1.15687810838573,-0.257886184758052,-1.15964047883547,-0.0651770968818309,0.415514694296087,0.686102301589997,-0.157741760370776
599,6806,"s3","m3",-1.13883784092664,-0.384141809181891,-1.14650325647902,-0.120970511018387,0.387889469147684,0.569908736614477,-0.395477168707824
600,6812,"s3","m3",-1.09460097340062,-0.243928604729122,-0.991377428247092,-0.0977909366170935,0.381691285857027,0.554530132030571,-1.4828548054889
601,6820,"s3","m3",-1.12490164562361,-0.195577870522218,-1.19787906004636,-0.0846070686665643,0.236099597293882,0.749868310718828,-1.14693462308176
602,6821,"s3","m3",-1.15301501790048,-0.282074830965726,-1.03030580137896,-0.167519329521754,0.543556562873235,0.415236109179283,-1.15504044163402
603,6827,"s3","m3",-1.19704828055622,-0.303433111015895,-1.17594517152053,-0.0599218957939539,0.283732272589913,0.651267120137624,-0.18504612463853
604,6831,"s3","m3",-1.12423434496964,-0.0798198342249643,-1.06121555965858,0.0802363190475133,0.129838173292862,0.784240554944076,-1.22709811679215
605,6835,"s3","m3",-1.14989087329244,-0.148522495256608,-1.02338600165811,-0.0942210242868483,0.411049654823029,0.796653119005657,-1.7171823813153
606,6838,"s3","m3",-1.14226210994357,-0.24012754273094,-1.07879779266453,-0.0589628244326034,0.481272445007534,0.755496589477486,-0.896491680888754
607,6867,"s3","m3",-1.22442323123998,-0.327490553613462,-1.23615502469676,-0.0810869254609939,0.15554391801736,0.61405939041881,-0.0591282053140268
608,6876,"s3","m3",-1.28639597161207,-0.172800556583494,-1.12700927309663,-0.00851643821094035,0.195044627124736,0.830892483431751,-0.00122190533144803
609,6892,"s3","m3",-1.04141701744514,-0.14806502104443,-1.13654977767126,-0.0745564852165558,0.564901238123998,0.832355763941843,-0.247639003224022
610,6900,"s3","m3",-1.16731021463877,-0.210825084179221,-1.21147248229588,-0.063063809208459,0.393192670774915,0.674536244918054,-0.151675600192684
611,6911,"s3","m3",-1.04434984335666,-0.254357638068704,-1.00389355972483,-0.0494838685251073,0.496526568304996,0.791051581290395,-1.13770315761388
612,6913,"s3","m3",-1.19023828022097,-0.253716700397817,-1.26522326678827,-0.128588147155079,0.373438045458973,0.504779609588252,0.0704474358757154
613,6917,"s3","m3",-1.04724212757475,-0.230651509796444,-1.16383901266677,-0.0952944098750037,0.442401226851229,0.516241414418814,-0.362041244261079
614,6932,"s3","m3",-1.09841585738644,-0.365204790152463,-1.07471814004935,-0.0801763218499258,0.548106202454084,0.696661442358024,-0.612658828785479
615,6934,"s3","m3",-1.12385119479497,-0.248711164604569,-1.23440135856803,-0.181222047123836,0.309293261637872,0.436127913662961,-0.184953083434287
616,6951,"s3","m3",-0.946897948918011,-0.211928542948366,-1.06027362089105,-0.163397828630906,0.474485337124006,0.47150384191868,-0.881081103991187
617,6959,"s3","m3",-1.14088191273821,-0.254428739067699,-1.1286573972295,-0.0489172038314359,0.34107016605595,0.647872817114789,-0.297634772702727
618,6964,"s3","m3",-1.17665701398717,-0.147381657655833,-1.26775286770575,0.0164541529769124,0.178089695772378,0.853617741564888,-0.224946898031847
619,6974,"s3","m3",-1.08727122605869,-0.215874739876051,-1.07428391731433,-0.128270809992937,0.408175740662543,0.637356853173564,-0.409888841184437
620,7001,"s3","m3",-1.04546597017946,-0.152660988546291,-1.01920596056789,0.0362737702224162,0.453791567482559,0.800514236726348,-1.41667218904247
621,7002,"s3","m3",-1.08944966031806,-0.168459575364365,-1.00571611291187,-0.0788906967483244,0.434254638963104,0.551862761888871,-1.36606624455344
622,7014,"s3","m3",-1.09289628228689,-0.219991086189804,-1.20797279979237,-0.134067036139421,0.387458481922414,0.635067852200141,-0.195919342398542
623,7021,"s3","m3",-1.21363638736265,-0.277116236800002,-1.09886551108434,-0.130007241391873,0.399036185879017,0.759340113841945,0.00794761038924305
624,7040,"s3","m3",-1.22379627719139,-0.294718697418633,-1.21315831543742,-0.0360041250429085,0.315138135264984,0.625160250078069,-0.167841104895181
625,7043,"s3","m3",-1.13613126700831,-0.230940429555422,-1.12676440884167,-0.153331531123744,0.425919113929446,0.647173184945249,-0.260070291655391
626,7049,"s3","m3",-1.19746940156446,-0.259680567774981,-1.17176767858839,-0.0763797506789271,-0.0162999268016126,0.80142994356876,-0.534070615597909
627,7051,"s3","m3",-1.08530855040451,-0.309954204828016,-1.21127817865023,-0.174378958394447,0.527842862058181,0.395536009570007,-0.579898398151592
628,7055,"s3","m3",-1.19083051495783,-0.200608052494568,-1.08217765442225,-0.110917627955836,0.425791774319526,0.643000967521526,-0.59235331760449
629,7077,"s3","m3",-1.09843629752722,-0.286053985555582,-1.03921934368942,-0.196052613535345,0.375815565983077,0.58455766531386,-1.22333055805301
630,7123,"s3","m3",-0.964416160998513,-0.180219892038823,-1.07851969305858,0.0560459823137371,0.65432161632025,0.804591207700805,-1.80338922787517
631,7127,"s3","m3",-1.04172771207076,-0.227506608120215,-1.08376244157398,0.0173787478721674,0.499550499383487,0.968516718308137,-0.478081402753367
632,7128,"s3","m3",-1.02531011028336,-0.204116473341228,-1.0331196627575,0.070307812579982,0.533103491532848,0.924022883863162,-1.72223700219959
633,7152,"s3","m3",-1.22503005820242,-0.0944700414986553,-1.20001948181846,-0.0924434061672049,0.158406182470272,0.847690340262808,-0.40604368807402
634,7174,"s3","m3",-1.1039069174759,-0.187745787120478,-1.07375814293598,-0.0510527072016906,0.41457829085159,0.66360536495685,-0.493864378327616
635,7175,"s3","m3",-1.03667591590969,-0.398655220009022,-1.04970012333587,-0.174491429588671,0.52070947939288,0.322825450021343,-0.8881312937253
636,7177,"s3","m3",-1.01694856934623,-0.368810257875499,-1.03237872252305,-0.207476835658045,0.681171908411537,0.431603116937716,-0.371158457385682
637,7184,"s3","m3",-1.1266868001818,-0.183581836734264,-1.0844647698166,-0.00414389652994049,0.22005684022856,0.786976728693871,-0.18911341225425
638,7199,"s3","m3",-1.03585276096626,-0.279644578372295,-1.13118613130829,-0.221748090569828,0.357305401056073,0.346207859559499,-0.797666346057404
639,7213,"s3","m3",-1.09557239364526,-0.275963855191868,-1.14989233161968,-0.0859842173967031,0.242740926431814,0.817045845698013,-0.520149200596514
640,7248,"s3","m3",-1.09551079756292,-0.306602301960047,-1.1353339799827,-0.125946467467145,0.493907921302765,0.364275442697255,-0.912814585162324
641,7249,"s3","m3",-0.980719024645297,-0.186517411895987,-1.06590095082617,-0.121473992714959,0.556712477616155,0.687002945022135,-1.78899537660521
642,7279,"s3","m3",-1.02625129040868,-0.356418819611635,-1.17733049347926,-0.230293480330903,0.536465244688337,0.385318963965787,-0.516336734780003
643,7294,"s3","m3",-1.12677719972069,-0.220736515923921,-1.10224946119225,-0.0839163773320196,0.356122549562928,0.698925309527836,-0.692867698211718
644,7303,"s3","m3",-1.18481888319705,-0.417112952774031,-1.15627696903033,-0.103257239974552,0.200574222240312,0.316624363996317,-0.362223894781669
645,7323,"s3","m3",-1.02158326666762,-0.237327591053538,-1.07972686606923,-0.114344876222572,0.444356152128479,0.664587153601076,-1.33250351072554
646,7329,"s3","m3",-1.02318821676414,-0.168652437754394,-1.14643155582915,0.0364152527236185,0.480744710846879,0.877817250194249,-0.709655219742432
647,7355,"s3","m3",-1.11573495360379,-0.236061671474806,-1.22971065245634,-0.0731565709093495,0.287619785825299,0.672321076395054,0.017569757823041
648,7363,"s3","m3",-1.17724409189349,-0.281099101060512,-1.12294384954915,0.0143118265597804,0.422852368719506,0.845448264322604,-0.959984098338787
649,7378,"s3","m3",-1.17366640416291,-0.193737485574633,-1.15313911018938,0.0319130237938208,0.429630266052504,0.845438505688784,0.0510600849992532
650,7389,"s3","m3",-1.0278276776464,-0.159663366073056,-1.13735246499523,-0.00450659071725962,0.289458260185626,0.886829687913092,-1.01334546730134
651,7406,"s3","m3",-1.17487347985152,-0.238336319420149,-1.11427616036006,-0.00300560668830528,0.319019160706107,0.782510170004189,-0.390182953611554
652,7407,"s3","m3",-1.17983001231285,-0.123509257873593,-1.0886526103188,-0.127719929995497,0.247715037979104,0.71198702592427,-0.206611346065414
653,7408,"s3","m3",-1.09771227072263,-0.0987088991485171,-1.01048565508301,-0.113962134106378,0.494665272131406,0.728316463578575,-2.09974724980826
654,7443,"s3","m3",-1.17426005027923,-0.127250055596081,-1.15378471326249,-0.0378035649863907,0.24469269911503,0.790103865595179,-0.458269395611168
655,7452,"s3","m3",-1.06748720961196,-0.20144242274146,-1.02998783459574,-0.0475766961076437,0.238142295756507,0.741815038137859,-1.69236687330716
656,7469,"s3","m3",-1.17197873743257,-0.445901327117676,-1.17105775168556,-0.216383151956446,0.346453909756886,0.372522152028979,-0.274563937639358
657,7472,"s3","m3",-1.1857179569341,-0.264298268616236,-1.2669445983471,-0.0174515595329533,0.406272745928314,0.661223273550541,-0.125515527845675
658,7482,"s3","m3",-1.14526292832764,-0.171861877835599,-1.06711907335251,-0.0106980574444781,0.241414101376672,0.852018700904958,-0.522307995164681
659,7488,"s3","m3",-1.05595784225733,-0.215618685026174,-1.05713822890579,-0.0760774225830948,0.460021783789778,0.695692351750987,-0.532206528332696
660,7493,"s3","m3",-1.12117462826192,-0.204297508915976,-1.25622691876807,-0.188412103185073,0.291115808818205,0.689267987064984,-0.414350677842198
661,7514,"s3","m3",-1.08767406671163,-0.394216981701355,-1.11721322713218,-0.0801662844009627,0.395573062462419,0.485246443579177,-0.864707616335742
662,7526,"s3","m3",-1.0291096230836,-0.249089148559345,-1.0701521015104,-0.0589824967121726,0.413993052542071,0.601838189203381,-1.14051125339847
663,7529,"s3","m3",-1.22868162150531,-0.185517977151429,-1.20451736794655,0.00763124173250883,0.0655126542552991,0.865215832754547,-0.470775011946088
664,7531,"s3","m3",-1.05380304879404,-0.249781765513774,-1.05526942140332,-0.0570817418428777,0.513559871321638,0.594657107826312,-1.29717709854808
665,7536,"s3","m3",-1.26206593491587,-0.25537201800313,-1.22508185414536,-0.116708205534567,-0.139028840133847,0.573375756443576,0.122131803033796
666,7546,"s3","m3",-1.11583515582425,-0.238047845025163,-1.00525468287856,-0.15930310617436,0.440441706847823,0.468443512366741,-0.332902419715412
667,7566,"s3","m3",-1.19677088031724,-0.249557398621828,-1.07866885665059,-0.0732145044547477,0.494002921963273,0.545181474891323,-0.635922038264938
668,7571,"s3","m3",-1.04276713074539,-0.348332181153559,-1.00344439285827,-0.128870775842598,0.607318089344159,0.601414177379524,-0.763603771517075
669,7584,"s3","m3",-1.18459955281177,-0.238146779425724,-1.1180396477164,-0.0797345646980878,0.314409998613833,0.530987444821615,-0.698861258961663
670,7630,"s3","m3",-1.0173308125948,-0.153076163319723,-0.948454803376668,-0.155303909920132,0.49956820318474,0.709152813116224,-1.53546467945855
671,7631,"s3","m3",-1.0205735324543,-0.263972196119148,-1.10406399005277,-0.0485025697204444,0.343037697998764,0.639771891570536,-0.87095370302352
672,7633,"s3","m3",-1.12463277469907,-0.292821432932513,-1.03790358068626,-0.0857051990799782,0.349590306783633,0.796147706232981,-0.268806457250259
673,7645,"s3","m3",-1.05045923470661,-0.234047170467793,-0.973134982808596,-0.188705901056722,0.507327307455445,0.466837299086289,-1.55830297201583
674,7655,"s3","m3",-1.1599779889501,-0.0562553170155196,-1.15552721165646,0.0430428544648211,0.429514715769943,0.995100310309396,-0.625864422314374
675,7656,"s3","m3",-1.21684704506932,-0.291216307620756,-1.1854092574665,-0.0802244457956484,0.0369911592695184,0.430112658683496,-0.0267902806525527
676,7663,"s3","m3",-1.090039553363,-0.213985551839006,-1.12063340629621,0.0140651093026925,0.185806680270249,0.794419385734145,-0.427463208898794
677,7668,"s3","m3",-1.16481117544992,-0.187452062344063,-1.07297598750845,0.012183408314259,0.163443339929793,0.631240989983883,-0.93602271482659
678,7672,"s3","m3",-1.15485362756135,-0.371753489009162,-1.10105709971209,-0.17899819460803,0.350193888272988,0.398956942900001,-0.354272242042606
679,7673,"s3","m3",-1.24104228288942,-0.284560654626045,-1.23806380251196,-0.143583469047978,-0.0812611298968016,0.553089349704064,0.230391583247121
680,7687,"s3","m3",-1.19146853516294,-0.257332719293616,-1.18621848411092,-0.0963784452086562,0.25990166680416,0.643710190164488,-0.442633322194159
681,7688,"s3","m3",-1.14486975234726,-0.197107890987623,-1.05239875634675,-0.056921166178414,0.299297424444886,0.727120883349208,-0.967815155762991
682,7689,"s3","m3",-1.16295032058229,-0.199318208677778,-1.09012073078527,-0.0865817222326138,0.4820323113127,0.820137303781346,-0.413582600051583
683,7690,"s3","m3",-1.26793446235982,-0.175122513489964,-1.26574862547192,-0.0133054039234718,0.158083228268298,0.875221551050346,0.46479638739225
684,7702,"s3","m3",-1.07440923279926,-0.275147217684331,-1.04590917507123,-0.0977222132432941,0.324806251532122,0.704646021362878,-0.347439416217063
685,7718,"s3","m3",-1.07798543284697,-0.226541321182341,-1.07759275598652,-0.0323365781154215,0.346927762358062,0.717466471174679,-0.976216425625552
686,7730,"s3","m3",-1.15219201363583,-0.263046193521236,-1.19192855499934,-0.164452827959208,0.250131358860498,0.671003459983218,-0.339806006041239
687,7737,"s3","m3",-1.19265499746032,-0.274672938547928,-1.15910111875159,-0.0171571635462626,0.322345088139595,0.619450188721853,-0.079833246728248
688,7751,"s3","m3",-1.00883551840616,-0.149820802978939,-1.03862319317557,0.000588901209253277,0.329194590759289,0.831465315101024,-1.94966137801886
689,7752,"s3","m3",-1.2424982440674,-0.232411220783147,-1.28484475816844,-0.170731145938496,0.178417356313593,0.656217502070604,0.381850762991314
690,7769,"s3","m3",-1.08821019288659,-0.234517965969818,-1.09998006602939,-0.124126632109229,0.338214300026064,0.531466789140171,-0.715236335919535
691,7785,"s3","m3",-1.08863038377347,-0.296272957473494,-1.09329153707899,-0.131450642746175,0.322962773681583,0.730708298498341,-1.02524083129594
692,7788,"s3","m3",-0.996206754647408,-0.197496478500839,-1.05352102539892,-0.102104771230582,0.480342005011233,0.860699834127501,-1.40555855966898
693,7791,"s3","m3",-1.12820877273912,-0.234258536321021,-1.16490720809412,0.0150228929675917,0.420434747311678,0.734698476916143,-0.464562627879501
694,7806,"s3","m3",-1.23686564614506,-0.306979439397331,-1.18343853234543,-0.0685140795466481,0.213038059136834,0.562008064883334,-0.123499762955836
695,7812,"s3","m3",-1.18069935592138,-0.218756878352334,-1.17618894440393,0.0295543182242534,0.29919940742106,0.948898158180971,-0.232879999854553
696,7823,"s3","m3",-1.13081939785554,-0.279443437094916,-1.10755451348215,-0.139725046562208,0.319120754326138,0.547934734332066,-0.304930884439785
697,7842,"s3","m3",-1.14391404068835,-0.263797520825074,-1.13700048628667,-0.106940853356474,0.340071150990923,0.727513893260853,-0.0877694214080804
698,7845,"s3","m3",-1.19790292078464,-0.159487838930206,-1.19333534738851,-0.0877862790218707,0.301597736090477,0.743353688937512,0.0252077441046818
699,7865,"s3","m3",-1.25582663399727,-0.32480376271649,-1.230623392145,-0.141866208238927,0.191057490612001,0.548791227237526,0.0937321325584723
700,7873,"s3","m3",-1.21340882900878,-0.20830205711828,-1.09338087299223,0.00310856192593545,0.25923350341294,0.687958457915834,-0.856778925367838
701,7881,"s3","m3",-1.09253192443471,-0.363639521803825,-1.14816691349561,-0.142476094833572,0.472058808532442,0.650334860824909,0.0670073851958828
702,7883,"s3","m3",-1.12074931679136,-0.175580790414393,-1.14453860078717,-0.00179547861989452,0.390957903642247,0.750400584791786,-0.818890390046165
703,7887,"s3","m3",-1.18692506209986,-0.264616449231428,-1.07636716972153,-0.080868014538631,0.474635517698754,0.643026050429325,-0.990227568488545
704,7894,"s3","m3",-1.13121407379805,-0.26748307169569,-1.2069007351423,-0.121989098009057,0.22463653737319,0.706006636172619,-0.13905032989291
705,7913,"s3","m3",-1.11813493779331,-0.300648099164493,-1.12515818511074,-0.167500936880244,0.263052053712565,0.488921847020965,-1.01908969008382
706,7934,"s3","m3",-1.17294565692912,-0.25150984367345,-1.11780845046784,-0.0316104548632983,0.315508888665957,0.605068076113734,-0.442661006017859
707,7947,"s3","m3",-1.017291485145,-0.258062949097284,-1.0531715819494,0.0346419480565454,0.486680422616774,0.756780496087814,-1.02959101440467
708,7964,"s3","m3",-1.0954450829499,-0.338676397898552,-1.20650854794856,-0.153951299774287,0.291941747935272,0.608999489138292,0.011012200011479
709,7968,"s3","m3",-1.14779683095736,-0.193390267378645,-1.06757462171114,-0.153487615104375,0.342077448051303,0.720900545745239,-0.991162262669836
710,7969,"s3","m3",-1.20897956258825,-0.28261950567711,-1.21857758973475,-0.17443746303697,0.303467375140812,0.51974436884428,0.0697593628415975
711,7972,"s3","m3",-1.2340437430685,-0.17334122795729,-1.21429434835644,-0.022662619986738,0.107329946386963,0.829264852322077,0.281437330354325
712,7985,"s3","m3",-1.19361853694199,-0.263011868485382,-1.15964561998118,-0.131714955505763,0.274195206601781,0.572367440865034,-0.236283191974454
713,7991,"s3","m3",-1.12590547260945,-0.298865940109775,-1.14217696300544,-0.170054528709409,0.486216634802327,0.582739116933207,-0.620062123505588
714,7993,"s3","m3",-1.11914096453091,-0.189118786833587,-1.09061673727353,-0.00859404670102058,0.387795082889408,0.755063508118273,-1.52066174886131
715,7994,"s3","m3",-1.12437572076961,-0.279746036352979,-1.24270672605723,-0.157836080004481,0.274009326451062,0.426577813247829,-0.331656184311172
716,7998,"s3","m3",-1.09279456462504,-0.212208583907104,-1.07961697906111,-0.112535031504397,0.352409870729422,0.744299037257955,-0.779801907270392
717,8002,"s3","m3",-1.04960833605449,-0.198449553720259,-1.09557801403985,-0.0245965450946428,0.376957780851487,0.607266097417909,-1.2571402436161
718,8020,"s3","m3",-1.29273447821399,-0.237559776297268,-1.19912170411004,0.0114244444925443,0.274839398470807,0.809088691305533,0.0170265461465896
719,8023,"s3","m3",-1.1432373233694,-0.217962568253872,-1.19096659740625,-0.175705697823892,0.385968212896626,0.589373389524753,-0.289681609007739
720,8031,"s3","m3",-1.09200304434235,-0.3137476839752,-1.13603300053734,-0.0399211745186006,0.459928759825759,0.57504732295807,-0.54646816663839
721,8033,"s3","m3",-1.13238557791881,-0.374261164883162,-1.17000228167008,-0.125783669436445,0.285654660741421,0.513036239917871,-0.491612357031199
722,8041,"s3","m3",-1.09690545163424,-0.292985318088662,-1.10611964770467,-0.0560281349706473,0.400239467236299,0.560726348075477,-1.58859290483367
723,8068,"s3","m3",-1.11950890867886,-0.298369270023074,-1.10178245481576,-0.0596888705601625,0.34102335480679,0.553767660378609,-0.984104716398539
724,8071,"s3","m3",-1.00878432856166,-0.170523413631321,-1.11648071268261,0.0517326512947961,0.41686455312481,0.721057814741129,-1.26536481244222
725,8075,"s3","m3",-1.15647825495377,-0.130290896019745,-1.16931929094318,0.042276664655574,0.203453987013976,0.962209302417876,-0.646567061282094
726,8084,"s3","m3",-1.23464170234238,-0.295333107566277,-1.14707186518362,-0.144481429811965,0.203656977128073,0.568390461052965,-0.75964936595606
727,8110,"s3","m3",-1.11766178403501,-0.228385696727153,-1.02034029454745,-0.0733271508914376,0.387883523097108,0.776131371086495,-0.924916642261179
728,8112,"s3","m3",-1.08217015125171,-0.185705818223453,-1.04744044477732,-0.0923285150869591,0.445802364803308,0.51677162850536,-1.02919959748137
729,8146,"s3","m3",-1.15833018075697,-0.26578862069761,-1.20515782599024,-0.0413355544799285,0.165092785590754,0.622864995803791,-0.196713292817318
730,8155,"s3","m3",-1.12079349880937,-0.202322978185241,-1.07183712006882,0.000842250331785381,0.428422680489405,0.821775104450821,-1.56401253841642
731,8169,"s3","m3",-1.13279590228943,-0.255157884783582,-1.10287428915398,-0.0468089997742481,0.330684162042968,0.747406854555433,-0.599916398926439
732,8173,"s3","m3",-1.04614478297191,-0.269360975575584,-1.0508870377189,-0.135258808200065,0.402428323180273,0.583460249034217,-0.87429278392495
733,8179,"s3","m3",-0.997769967780067,-0.313668826546583,-0.95709442157968,-0.0605276327453015,0.606802298199522,0.663602860903323,-1.83448853734669
734,8195,"s3","m3",-1.06958198572412,-0.216154531340483,-1.14076098919112,-0.131851146868202,0.321743284400855,0.799604842383896,-0.427450846412751
735,8204,"s3","m3",-1.17015890080695,-0.180125242489455,-1.18193617483435,-0.268368452320216,0.271647213982976,0.597808530061597,-0.955886276740266
736,8208,"s3","m3",-1.25103044624442,-0.187724465261995,-1.16003811514563,0.00371827414447147,0.294086279909105,0.84634397209594,-0.394681697532385
737,8234,"s3","m3",-1.05467052054994,-0.227727135938263,-1.18444969294942,-0.00798599590007915,0.443894676924502,0.65706430772685,-0.566153549327494
738,8241,"s3","m3",-1.049704746745,-0.191512595141933,-1.05488613020627,0.045340210434974,0.35214451249045,0.876425969755835,-0.713368036026738
739,8245,"s3","m3",-1.18539572274514,-0.21984443898164,-1.15069616615493,-0.0678896327469854,0.153307063286698,0.652969262018101,0.169668273338525
740,8250,"s3","m3",-1.08543837019362,-0.169004971369119,-1.1259775046511,-0.0879680745777496,0.0258021699903052,0.8141250530085,-0.60962483346471
741,8264,"s3","m3",-1.12911432710923,-0.236810408983025,-1.12182878875105,-0.0838131829034587,0.358484024269376,0.744760012789027,-0.355693474359145
742,8276,"s3","m3",-1.17210302402938,-0.349789942891832,-1.15850640821382,-0.0899326805429653,0.22287468968808,0.542298987804495,-0.400958275973752
743,8294,"s3","m3",-1.25373221452345,-0.193025610410121,-1.29036631521999,-0.232825204778363,0.110662998739147,0.558338828731312,-0.00311173457889098
744,8298,"s3","m3",-1.14245981216047,-0.181235047253781,-1.1071534274793,-0.185966922031898,0.331159294271666,0.49805188997711,-0.135391688084181
745,8307,"s3","m3",-1.09144826898254,-0.233474681907028,-1.17762193778333,-0.0651747178542385,0.349417191170757,0.690476239259704,-1.01816590270349
746,8308,"s3","m3",-1.07731193373435,-0.320999803970313,-1.14104714353162,-0.242214097776698,0.380790894159894,0.478751582834656,-0.224533646297555
747,8348,"s3","m3",-1.08215665599736,-0.26560170776064,-1.12902494529717,-0.0806564303361235,0.420704343969803,0.697743250846447,-0.349805851634044
748,8371,"s3","m3",-1.0288394800441,-0.183575614893692,-1.09539382180647,-0.154871716514218,0.419854446135146,0.596369577803657,-1.15847522489802
749,8382,"s3","m3",-1.22019491528426,-0.329094666208374,-1.09929250602569,-0.0755892491587302,0.206740523813227,0.728821073904315,-0.264763372941208
750,8403,"s3","m3",-1.12118933017079,-0.263537859721547,-1.10117780017976,-0.0467715897178522,0.295989147970286,0.80101340341565,0.116075683802551
751,8408,"s3","m3",-1.1639849938647,-0.249008829863688,-1.15137707977114,0.0563500359728808,0.364801945600568,0.851153619700635,-0.0514302481226155
752,8414,"s3","m3",-1.23045906296104,-0.239131454962203,-1.23190483676128,-0.141371190565517,0.31872833854886,0.713106086429349,0.0985027396619973
753,8474,"s3","m3",-1.1183568412679,-0.306892414938731,-1.10222979978892,-0.13947198350144,0.414974837875575,0.57828238630794,-1.10083284087965
754,8477,"s3","m3",-1.19726009059152,-0.33122537209888,-1.25634387923961,-0.168496713738249,-0.113345715191973,0.507561284880197,0.0150657663665042
755,8481,"s3","m3",-1.08976084447939,-0.367258133962288,-1.06577395360296,-0.0780491783403243,0.448360455313724,0.519819974009092,-0.786149835193458
756,8486,"s3","m3",-1.10403779756047,-0.236754045409739,-1.05082386761707,-0.0777548362318153,0.386382008139814,0.730354268076565,-0.850012091083629
757,8493,"s3","m3",-1.08113833501167,-0.435469714035451,-1.14157963877664,-0.0889223790370472,0.32353811505889,0.407564388397809,-0.466336154801308
758,8513,"s3","m3",-1.16138079905595,-0.308200515600931,-1.05864627347872,-0.0603809138094478,0.463560491944974,0.686449225771163,-0.712325134730459
759,8518,"s3","m3",-1.09862009886001,-0.247872105533889,-1.18514597983411,-0.0585777879042975,0.395375810372134,0.709936385574598,-0.870246482232784
760,8526,"s3","m3",-1.20201741623291,-0.210760807246373,-1.15344216123785,-0.0538195676066742,0.322806937592169,0.844956089160524,-0.223314994479206
761,8575,"s3","m3",-1.15669577487661,-0.183486739826145,-1.10870176674408,-0.0394031545942566,0.402837115399417,0.767033194498717,-1.38585445302051
762,8581,"s3","m3",-1.22378599282541,-0.287809472660682,-1.18595495980435,-0.0759995224848461,0.359859459052507,0.787651351863887,-0.00911017709042786
763,8586,"s3","m3",-1.11241602661753,-0.250637127337488,-1.10064582157914,0.0655816697514117,0.288308640701949,0.871143588098911,-0.830811772299721
764,8592,"s3","m3",-1.05822682946444,-0.244842686593024,-1.09412858265204,0.075659218133191,0.48639480328458,0.855129705516223,-0.233184061252238
765,8596,"s3","m3",-1.19584217840072,-0.179118951578003,-1.09689237335359,-0.000112134571515271,0.513866354791964,0.833490130984981,-0.60104790284918
766,8603,"s3","m3",-1.08999341820896,-0.253320503701402,-1.10161612120837,0.00963871567098774,0.494651242402677,0.570371816369011,-0.575853362472886
767,8609,"s3","m3",-1.14962176299901,-0.341660334822185,-1.13156797409752,-0.0749358628322953,0.451552599525457,0.612517191216534,-0.571350789607817
768,8622,"s3","m3",-1.21201097712187,-0.185548263244689,-1.18314541459216,0.0306309996404594,0.230646039092989,0.830279469351352,-0.768052192902388
769,8632,"s3","m3",-1.13445887916769,-0.164086575772841,-1.00684470863442,-0.0925191471495042,0.434914203581176,0.831611079198747,-1.09503725137532
770,8648,"s3","m3",-1.14998815370847,-0.407031562503899,-1.06596787819673,-0.121479116660835,0.42701168582627,0.315993957811607,-0.465009816046424
771,8656,"s3","m3",-1.1339730256951,-0.144337116117887,-1.15413765925292,-0.0315568441604339,0.219134666597727,0.73124918520737,-0.888231368948631
772,8658,"s3","m3",-1.15845198267802,-0.124277717933738,-1.09737601563593,-0.0841403218474705,0.26587195308554,0.814497693794771,-0.435237522579297
773,8704,"s3","m3",-1.0934584930203,-0.273815529483006,-1.14541870789772,-0.253305380224388,0.465989763202289,0.44506576741461,-0.0954452964405857
774,8727,"s3","m3",-1.26319754520355,-0.0233542080461278,-1.14650050196375,0.00244796438733893,0.200110525432078,0.840215504720369,-0.0160196942197738
775,8732,"s3","m3",-0.968255877374786,-0.237903863360999,-1.02083221338161,-0.024817858739304,0.537428991654698,0.739101369063899,-0.826579211870194
776,8740,"s3","m3",-1.01058772706845,-0.0755987992340578,-1.05192744175228,-0.0459191480928368,0.422148572834728,0.704706156512699,-1.61895033305106
777,8751,"s3","m3",-1.07561853226763,-0.111472479431625,-1.0576614137498,-0.0282486787821757,0.46260963317033,0.778535721276918,-2.19431962774736
778,8764,"s3","m3",-1.21636385306027,-0.210864623822038,-1.22470058028237,-0.0352321932421297,0.330831020332827,0.665738456077453,-0.202115725043735
779,8766,"s3","m3",-1.1428522186171,-0.25375896041397,-1.04692182743387,-0.143673827269964,0.60478201537944,0.589738458435376,-0.760368884979843
780,8769,"s3","m3",-1.14655315912183,-0.350415468171042,-1.17332310276745,-0.112853295592414,0.251779336298966,0.537462281397926,-0.406035827381487
781,8778,"s3","m3",-1.20036820614523,-0.246633288055415,-1.17577487298817,-0.0927389581092011,0.323963753581803,0.660210453020422,-0.980869909997283
782,8779,"s3","m3",-1.1076965020734,-0.192784189598535,-1.04261842174908,-0.0542236863557151,0.488613055587266,0.687543982576839,-1.20403268202151
783,8790,"s3","m3",-1.23920080241941,-0.228944097863269,-1.16337967179425,-0.131156174421793,0.334891995558851,0.752446896714323,0.0828737235636929
784,8821,"s3","m3",-1.09646312552206,-0.230365621451386,-1.16576424653887,-0.0362625743398663,0.271575536580228,0.653961650042595,-0.898083900778831
785,8828,"s3","m3",-1.04989539099069,-0.210119733677393,-0.949387639672078,-0.0819375270219518,0.523898784309802,0.560589620101329,-1.73394258157867
786,8854,"s3","m3",-1.1339195645948,-0.23630302945855,-1.0784779477001,-0.0581267867099402,0.274948684832373,0.745220058813027,-0.535113568611133
787,8860,"s3","m3",-1.13274267755969,-0.119288073779369,-1.1323188383424,0.0676802779529448,0.356714226619066,1.03908993088011,-0.456157767759417
788,8889,"s3","m3",-1.17150846262614,-0.33738737547642,-1.19811825902585,-0.134667149994487,0.262723615182084,0.559910596244454,0.0798865363552891
789,8891,"s3","m3",-1.13347456079749,-0.275997609753439,-1.18413996512988,-0.253480506146472,0.0929129194627996,0.262434597828266,-0.562584004161212
790,8892,"s3","m3",-1.19968652460327,-0.203086329350936,-1.15134355554411,0.0491687787324783,0.251627002367658,0.852601518531066,-0.786478581724908
791,8906,"s3","m3",-1.07222912830151,-0.193301680307242,-0.955925422457068,0.0351220317226826,0.527796471128979,0.7677120569526,-1.74357841983646
792,8907,"s3","m3",-1.08076852144241,-0.330367096206836,-1.04976855124445,-0.171834153347833,0.485352352661227,0.405206632258155,-0.71418597327908
793,8908,"s3","m3",-1.25922320151714,-0.199519365515552,-1.23385732231,-0.0592459519601783,-0.0319821663000219,0.635930275493403,-0.0850870595143788
794,8922,"s3","m3",-1.04842847671914,-0.249700009325319,-1.12125343900889,-0.00396315837230557,0.355671868272832,0.79501277809391,-1.46913102512653
795,8933,"s3","m3",-1.04683423230242,-0.207969773854827,-1.005545428013,-0.0506254524314168,0.596437425799763,0.695730582331051,-2.16366971524762
796,8954,"s3","m3",-1.17424880510137,-0.285326797560364,-1.21157282870782,-0.107619808268851,0.176102183904279,0.492152019224863,0.0282425868406924
797,8968,"s3","m3",-1.21804124038506,-0.261264287966765,-1.17051098596051,-0.101381577414283,0.216790153687939,0.627926725693327,-0.378210834491195
798,8978,"s3","m3",-1.14601874349396,-0.28718058548199,-1.1402475544064,-0.132284261847847,0.324105067046614,0.615940478554882,-0.609098082578333
799,8982,"s3","m3",-1.23232232932862,-0.200478312004855,-1.19483526153481,-0.16659656263565,0.216657315759374,0.757151073975846,-0.133427315876443
800,9003,"s3","m3",-1.07755139296389,-0.175788043671416,-1.09928204168952,-0.0652297360493861,0.442156275972451,0.786038345640369,-0.48281480021136
801,9034,"s3","m3",-1.16124577490082,-0.0719245385328131,-1.15468954085427,-0.0502373414721596,0.396569459258882,0.785097705005264,-1.06920061260418
802,9068,"s3","m3",-1.11032802765715,-0.186605925612233,-1.09796074697643,-0.134141221536288,0.431567004003409,0.786399813037251,-0.161580597114823
803,9071,"s3","m3",-1.13301617141302,-0.240671873279813,-1.01001310388093,-0.133748535009074,0.258497101124747,0.638709539775487,-1.11916018617362
804,9078,"s3","m3",-1.18068721265538,-0.231488694106755,-1.07737063505464,-0.0766000894209215,0.288073371051714,0.625838224275872,-0.540929434080519
805,9079,"s3","m3",-0.960106445898169,-0.138593891463006,-1.10569613492324,-0.0823447226500202,0.615878142614515,0.661410372595328,-1.05225802058957
806,9111,"s3","m3",-1.15376025538344,-0.252448039889364,-1.02422588867399,-0.0528625934641198,0.439283918352355,0.714138770538026,0.0228763597692177
807,9115,"s3","m3",-1.12083468848577,-0.157795346454989,-1.11838558099718,0.00283530986954041,0.308135937190259,0.876897747366725,-0.89817646661
808,9121,"s3","m3",-1.1117779240261,-0.271447605841524,-1.13962117321679,0.0726999538744092,0.307256744983038,0.7287202555576,-0.783647458079778
809,9136,"s3","m3",-1.03784712286444,-0.236338889798056,-1.08850507465705,-0.141825427005127,0.341637086362184,0.678158082796569,-1.15091578656851
810,9145,"s3","m3",-1.12124689917356,-0.249168155394508,-1.10286664608894,-0.122901468376353,0.288385886691322,0.622001905971899,-0.64408435127156
811,9150,"s3","m3",-1.07157631804885,-0.173115375384716,-1.02201276034416,0.0418884449013836,0.458464270194823,0.656519440046817,-0.997908572785076
812,9184,"s3","m3",-1.06359519440367,-0.178304871835881,-1.16650494661759,0.0419127378786598,0.292972137016053,0.765932845886597,-0.769482471267172
813,9185,"s3","m3",-1.07795267738599,-0.270427532438112,-1.02189584924998,-0.0682786296935397,0.549943783860275,0.736648579565608,-1.05869722578931
814,9198,"s3","m3",-1.15616561082687,-0.392228181249875,-1.18641262511645,-0.181225422098147,0.143023087511692,0.406514456689898,0.0935394076572192
815,9206,"s3","m3",-1.10931049456528,-0.372014912014369,-1.12365532640462,-0.119515119987745,0.268408621623147,0.714558762366479,-0.371883472071846
816,9216,"s3","m3",-1.12219671455127,-0.217142848119133,-1.07337829270722,-0.151222838334509,0.439147340278624,0.621711940021126,-0.905807893562669
817,9231,"s3","m3",-1.15018388741051,-0.269229085674862,-0.941746326419503,-0.090784875529381,0.526375702631154,0.790449589374435,-1.46119382312403
818,9238,"s3","m3",-1.12758172657349,-0.218906484110475,-1.1437252166433,-0.0708179681189631,0.385255772818062,0.72505745910055,-0.116181390094553
819,9239,"s3","m3",-1.18038640982332,-0.262949590809577,-1.23684781837113,-0.0431926877403808,0.219560006531706,0.703429970045076,-0.624139039335543
820,9252,"s3","m3",-1.20035001387718,-0.216025215904879,-1.14472177129866,-0.0242330929452908,0.317659211788864,0.877105451079934,-0.2312741426758
821,9263,"s3","m3",-1.22079773103405,-0.179333795078632,-1.19154373780197,-0.0715823259312097,0.271569348849782,0.683499590108147,-0.432303190976602
822,9264,"s3","m3",-1.02940454124121,-0.318280797191581,-1.11905361738627,-0.223801306843813,0.273204613689314,0.48448697774215,-1.11939595039271
823,9289,"s3","m3",-1.06391628379082,-0.233671223426256,-1.0740242238231,-0.0894780655133305,0.395297496547325,0.599469485447276,-1.33108018976981
824,9293,"s3","m3",-1.12882057880695,-0.210629498726907,-1.12266573026657,0.0525964670536631,0.437384876555591,0.802121713469226,-0.362595718549564
825,9294,"s3","m3",-1.23099615889325,-0.308624355913278,-1.28256826444968,-0.0973756191957494,0.105002384965097,0.403521979805488,-0.0601504302975327
826,9295,"s3","m3",-1.03262060873133,-0.312352152082053,-1.0578937511399,-0.185181543992134,0.42471307806161,0.484672785269592,-0.251526030539042
827,9309,"s3","m3",-1.22183182101727,-0.224596525194578,-1.07312664386355,-0.0913383563889661,0.372705428745198,0.710845859407345,-0.851592622528319
828,9313,"s3","m3",-1.05849665438772,-0.234059139327125,-1.07237409413466,-0.135167147983449,0.508589864345253,0.594163234244758,-1.61843952060405
829,9317,"s3","m3",-1.09101052104679,-0.105191639379978,-1.03203359058036,0.101345420361978,0.341090949951065,0.977200252431432,-1.16210000906522
830,9318,"s3","m3",-1.17796227542891,-0.201102209972256,-1.11331586709057,-0.077562377127641,0.288885565626085,0.76100339549643,-0.614512153650521
831,9324,"s3","m3",-1.11902982160175,-0.303145719402838,-1.08288338442609,-0.193436609171055,0.426739754974563,0.707429661910761,-0.876764892731212
832,9329,"s3","m3",-1.18537754688496,-0.203839386632913,-1.20337473203734,-0.0127894991649858,0.17015770281865,0.86316708656544,0.173772886448775
833,9330,"s3","m3",-1.11676360583964,-0.189755908544341,-1.11478885344115,0.0681884204117569,0.122118099690789,0.743544067920444,-1.27073228160235
834,9349,"s3","m3",-1.23465587586902,-0.204845420828287,-1.17446563248931,0.0169434808190862,0.38704502830817,0.807862707904385,-0.420678492379452
835,9363,"s3","m3",-1.13077288997873,-0.252724846851981,-1.0807197683258,-0.0781446712414158,0.329407138988357,0.404278973214487,-0.870251772046342
836,9370,"s3","m3",-1.17561008338911,-0.170181726909121,-1.10427000431597,-0.0915854480018634,0.370121303018559,0.718070619421837,0.0107271453210641
837,9379,"s3","m3",-1.18909912911116,-0.321288464045639,-1.12467631448843,-0.121964969431279,0.317282873809676,0.462607828837311,-0.36774144429712
838,9395,"s3","m3",-1.14148604594776,-0.197399287247717,-1.08655846494734,-0.0183415362812442,0.423617073761327,0.846562453921819,-1.20510766490459
839,9410,"s3","m3",-1.02974004990238,-0.126372233209866,-1.02829229677599,0.0453704396203846,0.623709683642727,0.86949975987726,-1.62899603146876
840,9427,"s3","m3",-1.16351965255204,-0.270759772610842,-1.07357334391294,-0.0828969593868544,0.223352229060395,0.604483306040799,-0.835884475276415
841,9432,"s3","m3",-1.11711769542584,-0.245395158270429,-1.24272384664305,-0.0654245785323644,0.371739571498942,0.731189269348406,-0.169687765685225
842,9450,"s3","m3",-1.27356058887086,-0.283668571214446,-1.096936642243,-0.0928786126520165,0.0297834372448663,0.530337269588435,-0.258435139082033
843,9458,"s3","m3",-1.05784027945108,-0.188282305272631,-1.17145791485438,0.0239409951165132,0.247674772202082,0.821342640768791,-0.956216106402519
844,9463,"s3","m3",-1.11300097063661,-0.291656943993689,-1.2190490333811,-0.0419539486831074,0.422280166498021,0.654203466556709,-0.513896359365559
845,9476,"s3","m3",-1.0795414096778,-0.324083944808633,-1.13152636470187,-0.036804043899161,0.505704555585091,0.533886109135736,-1.06369514260263
846,9502,"s3","m3",-1.2322449361316,-0.248682491624339,-1.12805108004837,-0.17167470963652,0.26705170307489,0.610747796299771,-0.0318277526378289
847,9503,"s3","m3",-1.21179958419816,-0.354658849014801,-1.18600185860583,-0.156233736544839,0.172457816528586,0.467446083372244,-0.227367591739612
848,9520,"s3","m3",-1.11786207697686,-0.264081255269832,-1.13672245680356,-0.125351940469508,0.256280165855772,0.641077019539201,-0.831993795668497
849,9527,"s3","m3",-1.1124132751402,-0.264151037385359,-1.18137498904569,-0.023796002170834,0.355397017963705,0.72119467761171,-0.245361555416902
850,9552,"s3","m3",-1.10207107475413,-0.227343934467698,-1.11035684985176,-0.138633525291717,0.384160176293179,0.609836943722587,-0.327505709459962
851,9566,"s3","m3",-1.1967674400772,-0.276590041361829,-1.17330728476675,-0.203621280015988,0.0749017807164307,0.40968238542189,-0.253181666791016
852,9579,"s3","m3",-1.06597969365171,-0.296955661126562,-1.05792964205189,-0.211259661700095,0.431504207536225,0.450312594157447,-1.06587819305866
853,9604,"s3","m3",-1.16828012020688,-0.311097701949872,-1.10469857109771,-0.131485086581675,0.31870496417454,0.683017852091312,-0.388038467777346
854,9612,"s3","m3",-1.02775167698479,-0.260494623924281,-1.0947281311619,-0.152343212224056,0.477757297220791,0.762672653160889,-1.03003040537734
855,9624,"s3","m3",-1.14454269293937,-0.177267139853087,-1.1520447404237,-0.107636104172071,0.408553666900138,0.608355430271685,-0.53248394844187
856,9631,"s3","m3",-0.994392383287111,-0.176240380460576,-1.10464881423204,-0.0562783979888516,0.559519580639487,0.703219108507159,-1.62421311684603
857,9666,"s3","m3",-1.05813185001162,-0.222864576903764,-1.10488924495464,-0.0197455713554492,0.334555611085522,0.771737525071062,-0.587031549896443
858,9687,"s3","m3",-1.1187474343562,-0.218825827079289,-1.10456951530595,0.0916240077651856,0.31297930677469,1.01035160410557,-0.95242414070745
859,9691,"s3","m3",-0.937176092518254,-0.157979463268242,-1.14730904902653,0.0154137861998398,0.29364075726582,0.754938487564056,-1.35005381748721
860,9692,"s3","m3",-1.14223887165133,-0.203083150278216,-1.07404752930363,0.0216384506838554,0.222226113735117,0.858997099228289,-0.633663055713014
861,9714,"s3","m3",-1.13676263312844,-0.251984825509305,-1.13784936935319,-0.0411226679581025,0.27608355351076,0.622658074568435,-0.506769336829656
862,9746,"s3","m3",-1.08002543278098,-0.303754118660377,-1.07223543459604,-0.191765255740021,0.371403771103539,0.605755203834592,-0.345900472503471
863,9753,"s3","m3",-1.27559899218044,-0.182999269806451,-1.26251471559193,-0.0360903155553786,0.108617437905084,0.71856682203024,0.222829487914304
864,9772,"s3","m3",-1.1057212981467,-0.224206650787105,-1.12921814976296,-0.0558487850803845,0.374366687445942,0.732008164002348,-0.367063586597257
865,9773,"s3","m3",-1.143864983834,-0.451655089846598,-1.05317493882344,-0.18747484273366,0.475263336480651,0.48709232121875,-0.773774820280024
866,9774,"s3","m3",-1.16325384227978,-0.199513642426223,-1.23220048972328,-0.0370952894037653,0.311734559089993,0.75211244036491,-0.115618330421644
867,9776,"s3","m3",-1.12650021062661,-0.209408025473309,-1.09521584848939,-0.0329363113631959,0.414577431359563,0.633915291736798,-0.0622195800600497
868,9783,"s3","m3",-1.24193752790311,-0.184065419607398,-1.27336546481404,-0.105679695089519,0.102849842701537,0.709808907823976,0.0121825954319741
869,9788,"s3","m3",-1.05909175164812,-0.228366505525741,-1.03116339093063,-0.106439200751782,0.351412384432192,0.717289362307855,-1.43278129049983
870,9802,"s3","m3",-1.09607111098808,-0.209984557182835,-1.1120618094134,-0.0506845023334809,0.153131787811387,0.704001012519442,-1.02972357493901
871,9815,"s3","m3",-1.18324123942332,-0.272679504236131,-1.1096121326984,-0.101726467155232,0.474526219214192,0.54668268882484,-0.806307390298274
872,9844,"s3","m3",-1.14881374642334,-0.131641089363532,-1.0914906164622,0.107257475926939,0.338347302516205,0.891351850165459,-1.3458913243817
873,9857,"s3","m3",-1.11191720194388,-0.346299919922263,-1.09908366712259,-0.0757027609148861,0.46627979546918,0.469984045825611,-0.896430301890618
874,9878,"s3","m3",-1.077624685099,-0.258649985643489,-1.07935657097851,-0.168900284207332,0.489802477253796,0.50782667696942,-0.529304356298722
875,9883,"s3","m3",-1.01346994829096,-0.301943905244566,-1.10772980841486,-0.0927360957535429,0.428909034924051,0.670163362143157,-1.82088901198146
876,9896,"s3","m3",-1.03617281570508,-0.221729128879211,-1.09991410013403,-0.0483977693142305,0.502911022538347,0.753462858336628,-1.11452931467372
877,9951,"s3","m3",-1.2082948087083,-0.166274446173398,-1.16520065401314,-0.0318293354703441,0.482607468992019,0.752534792169666,0.353448468647
878,9953,"s3","m3",-1.18582055562085,-0.216937771004845,-1.11307633514449,-0.0156459391134815,0.337513231782471,0.830534831994224,-0.593740716449674
879,9968,"s3","m3",-1.23423288898212,-0.312074845212311,-1.06732974994799,-0.205045646766938,0.230357758698447,0.396813220632478,-0.130829644630495
880,9979,"s3","m3",-1.12460744874394,-0.17042143092142,-1.19454636627964,0.0886636200885706,0.325725613939206,0.726333303210286,-0.349762992561013
881,9993,"s3","m3",-1.08970943632442,-0.186048548662598,-1.15254634243465,-0.0822517962166576,0.404526314939514,0.626755415354943,-0.684778984313803
882,10013,"s3","m3",-1.13054612122906,-0.251815409770719,-1.18851345710305,-0.0598033086733725,0.265494885799213,0.599139211006554,-1.12088473421239
883,10014,"s3","m3",-1.10060074812364,-0.300105409969507,-1.09804182878557,-0.0900652381274065,0.551694489203871,0.529150268772197,-0.477829391303625
884,10019,"s3","m3",-1.08345502834275,-0.0831787153673017,-1.14567095755485,0.057282606500918,0.447889405348139,0.975033838232268,-1.24236102994086
885,10037,"s3","m3",-1.09140072317982,-0.182110776788499,-1.06812533639972,-0.00839537425755297,0.454489964965629,0.808534219813595,-0.479687366106708
886,10042,"s3","m3",-1.16613529983426,-0.257364036721241,-1.10415639052287,-0.0984450334034603,0.28033629462509,0.55074637918144,-0.585747429211573
887,10058,"s3","m3",-1.21361268584717,-0.281210490241256,-1.23686853702507,-0.172613894863631,0.160073806280933,0.453096637195816,-0.148873454481994
888,10070,"s3","m3",-1.00403118520661,-0.321476204983779,-1.13054726112093,-0.0699617307742723,0.304920215760986,0.602219314195186,-0.916212968063602
889,10103,"s3","m3",-1.1612351416289,-0.257735132387191,-1.12730951765532,-0.0505286937345324,0.115007770881454,0.766002720142943,-0.371167873749568
890,10118,"s3","m3",-1.16887870287182,-0.104429597178694,-1.23903936776299,-0.0802985096903034,0.292901400663292,0.849192015972385,-0.078420792672926
891,10120,"s3","m3",-1.19423388128024,-0.273201679134938,-1.17220805613769,0.000660212870926168,0.341898408796308,0.783122101464234,-0.396139818446074
892,10121,"s3","m3",-1.10158312899983,-0.253889367301016,-1.14507595696884,0.0118888799608988,0.166077243032378,0.770081235018083,-1.46394136577544
893,10135,"s3","m3",-1.10161780516801,-0.255066227524481,-1.09158984587176,-0.102634248964498,0.325075140951625,0.570892849457595,-0.317838465504787
894,10153,"s3","m3",-1.10350960222199,-0.304118502781043,-1.0507717408115,-0.0864915722757786,0.430021180671578,0.614329874275769,-0.285319514066452
895,10164,"s3","m3",-1.10418646569452,-0.22410303376172,-1.17491585995205,-0.0261995548867446,0.311838311884246,0.600552603438486,-0.353119229003082
896,10168,"s3","m3",-1.06197100461321,-0.254590897383892,-1.18612763660557,-0.0216454163690386,0.428519049073868,0.692121673921653,-0.46164087302491
897,10202,"s3","m3",-1.21025854029653,-0.251502300107812,-1.09289889093791,-0.239280656228973,0.244813062371187,0.540703793867493,-0.672445834377317
898,10208,"s3","m3",-1.08303150398133,-0.26270763839773,-1.10537997250591,-0.104628358111766,0.333573067473426,0.367666922817538,-0.947481464571598
899,10216,"s3","m3",-1.22266127637214,-0.22189619845906,-1.15281112765393,0.109131117607117,0.114940315199729,0.78014060500081,-0.00941570702127493
900,10219,"s3","m3",-1.10771137077874,-0.228118529164224,-1.08416069313643,-0.0550457818112546,0.259006498384192,0.644910882699613,-0.882220067231555
901,10222,"s3","m3",-1.1970070134574,-0.216450754933423,-1.2096140164223,-0.157334024014247,0.247460179235391,0.633256807162175,0.134152944749788
902,10251,"s3","m3",-1.2012302794309,-0.282477004112308,-1.10817338812402,-0.256796749768948,0.427244984318691,0.642412425902805,0.124029701627395
903,10252,"s3","m3",-1.27120653600218,-0.203173763195099,-1.15291090531964,-0.0771788885695027,0.107545023496522,0.588222030727854,-0.0344449152051076
904,10274,"s3","m3",-1.12679812306355,-0.193409246853959,-1.21032615494919,-0.0551474368286723,0.444551744611082,0.742626737708874,-0.24592621077202
905,10289,"s3","m3",-1.20271169224881,-0.0618423411938942,-1.23748187899482,0.0303174116433053,0.225850132430714,0.898252297939887,-0.125302999521105
906,10296,"s3","m3",-1.06601883738656,-0.226613474982414,-1.20279158277788,-0.00226356158930452,0.473242491929725,0.687974620006637,-0.390175801387686
907,10298,"s3","m3",-1.0679000292491,-0.214414228655897,-0.995360704350939,-0.0823231500102682,0.456242769311923,0.834176509195904,-1.71144234694527
908,10309,"s3","m3",-1.12574231183416,-0.32886150552186,-1.05291680566606,-0.076830432843651,0.4489673801953,0.586767694232286,-0.527308267781066
909,10311,"s3","m3",-1.27859082907597,-0.340627775195014,-1.23974668649691,-0.0989379237612806,0.0848918567181483,0.509932220703751,0.0248163222627928
910,10327,"s3","m3",-1.13478312592764,-0.20771640349268,-1.16693610720731,0.0305399649804842,0.261228471302353,0.722217349287029,-0.646464321801666
911,10328,"s3","m3",-1.09620348568222,-0.209072583725174,-1.14548566957587,-0.00536743390374592,0.175708375311965,0.800313116605243,-0.567718455741046
912,10329,"s3","m3",-1.26964278197639,-0.184935639455706,-1.26896143511762,-0.0102070812157172,-0.0688724671349467,0.903366928911438,0.401202322029799
913,10332,"s3","m3",-1.13083358546954,-0.203050351744246,-1.10467225693385,-0.0336153869774169,0.535448901226028,0.68204435424795,-0.803063497864783
914,10340,"s3","m3",-1.13774683107237,-0.266998561548314,-1.02873615452132,-0.0464663773997724,0.178199270125516,0.603728680123734,-0.737618849321734
915,10348,"s3","m3",-1.11130311460287,-0.217390804588907,-1.10449164580853,-0.0206352038697368,0.393764055987332,0.580383549692449,-0.820819995190506
916,10360,"s3","m3",-1.12838142331412,-0.178889807275072,-1.1428628498373,-0.144304973709661,0.471371081834507,0.685779409097836,-0.380332058554587
917,10361,"s3","m3",-1.06111288329031,-0.224606455396156,-1.08575805027413,-0.106339901942282,0.497895412067507,0.739231051230875,-2.71318096732304
918,10373,"s3","m3",-1.24967222373288,-0.170338350703815,-1.14992528312004,-0.0463618543323521,0.147312211830025,0.918906471613962,-0.55156837510389
919,10397,"s3","m3",-1.03238356683618,-0.165194062000516,-1.00780906998023,-0.0810716388071973,0.463054457994415,0.709967891743868,-1.51350036184406
920,10406,"s3","m3",-1.11083281832762,-0.296864721777736,-1.04208516896155,-0.126377987753105,0.545672473550023,0.425001747813089,-0.295343374255568
921,10428,"s3","m3",-1.09975206563691,-0.134643045622469,-1.10662527583811,-0.0369864940945898,0.468169274514447,0.757827759182058,-1.17224852003372
922,10440,"s3","m3",-1.11640920827652,-0.316012701249715,-1.0924203090435,-0.0829349169800577,0.303449673504855,0.573887907118733,-1.43005191481845
923,10443,"s3","m3",-1.11774084651204,-0.212616225141173,-1.11348360626508,-0.125975070554796,0.338089939480591,0.81321140356551,-0.690334461418896
924,10449,"s3","m3",-1.15972901726457,-0.251977794936646,-1.20156909182572,-0.0358197039712316,0.261575909964767,0.630978862696046,-0.462546860885135
925,10452,"s3","m3",-1.12980340351009,-0.175303139408782,-1.18617166869236,-0.106948226362747,0.200321027186872,0.626443552954401,-0.418113564065129
926,10483,"s3","m3",-1.15136870059098,-0.305046491513044,-1.10587290417869,-0.103568045929589,0.347538876516647,0.658899765392936,-0.304972858987068
927,10491,"s3","m3",-1.13981470953586,-0.220418177091766,-1.10342174521449,0.0947182536362637,0.345859994755334,0.740944363098358,-0.679563999114869
928,10494,"s3","m3",-1.16276984816806,-0.345080525923323,-1.12154352492799,-0.183794233963927,0.35594450086193,0.454501050526618,-0.41448867633079
929,10535,"s3","m3",-1.20155544167758,-0.243920670952739,-1.0768781643563,-0.075989635103307,0.346372344986221,0.794272773705178,-0.355028920887173
930,10546,"s3","m3",-1.16997977053242,-0.298192990688285,-1.11323560558021,-0.121005602761664,0.342197058630152,0.645210074022796,-0.387518740272872
931,10547,"s3","m3",-1.24427763799135,-0.274198343517662,-1.24625587217764,-0.0541917980621049,0.216100036293881,0.751761566112503,0.01978351149644
932,10551,"s3","m3",-1.07971570000477,-0.269317333684203,-1.16334452577339,-0.0242278598335958,0.438075776784997,0.548037640327679,-0.674267785342275
933,10564,"s3","m3",-1.14969679675074,-0.266569442218636,-1.10172389576475,-0.132458876518374,0.433256779293364,0.669240376196752,-0.629993431262599
934,10582,"s3","m3",-1.26201006592656,-0.24265667947236,-1.19004435429611,-0.104409030700903,0.214822585025506,0.710025632285377,0.140439370630599
935,10593,"s3","m3",-1.17308751369986,-0.246144891005582,-1.19488999033661,-0.127114801817361,0.35852000877379,0.449518503281598,-0.835341043546414
936,10601,"s3","m3",-1.15472967725144,-0.193362413363053,-1.14959869983906,-0.101246577271808,0.366067487303345,0.686223198057501,-0.225822844288884
937,10610,"s3","m3",-1.07217588316988,-0.156753497725453,-1.05842424699152,0.00668270712276868,0.510568266758708,0.852040054707415,-1.04789008806364
938,10620,"s3","m3",-1.14662993839756,-0.203430646527801,-1.13893239404138,-0.0169785228933243,0.243494878984591,0.798434820665103,-0.718529624720828
939,10637,"s3","m3",-1.16232107168249,-0.351057088918509,-1.21060490089484,-0.133549088622327,0.223841439005577,0.440809778930453,0.32782785405233
940,10638,"s3","m3",-1.10019957146863,-0.290923695739139,-1.11671054025841,-0.0152768972425792,0.368702558319764,0.645415487123349,-1.22088299445774
941,10641,"s3","m3",-0.969878473249616,-0.215842691359588,-0.935820597938363,-0.0594585105442531,0.636597756655192,0.681124169778475,-1.94990720545997
942,10668,"s3","m3",-1.26945026386051,-0.332084029579014,-1.2673554578503,-0.207563305375365,0.0308961181666305,0.353821640516477,0.268975337268433
943,10704,"s3","m3",-1.1193341360307,-0.286669559505316,-1.28317083252361,-0.0330667598037944,0.462049929102412,0.7342309561886,0.0351185970416505
944,10729,"s3","m3",-1.1519452279632,-0.253258795783094,-1.13654351195269,-0.0766082119582147,0.0710539283188724,0.712694745432764,-0.704946700778032
945,10733,"s3","m3",-1.18041964826383,-0.266412373465269,-1.22541206447964,-0.0811766353155167,0.270121931156988,0.70068554481633,-0.243885707997443
946,10735,"s3","m3",-1.07563915170484,-0.219157153507048,-1.0781970731157,-0.0703339257960042,0.446594097328688,0.766165997315718,-0.167114428194613
947,10742,"s3","m3",-1.08937980141441,-0.250450131846608,-1.0907754900228,-0.194110240969618,0.428084657639101,0.633953089681038,-0.404160865400618
948,10757,"s3","m3",-1.11219976303779,-0.20940585992572,-1.08814709470584,-0.0860352648636326,0.338376355493225,0.654888894647838,-0.370497932854449
949,10766,"s3","m3",-1.03566826541448,-0.207638895476002,-1.11636622401329,-0.0221388149344646,0.533211377363528,0.729415757702516,-1.35827477629181
950,10771,"s3","m3",-1.16461798356556,-0.183617302988723,-1.16478265892984,-0.0478376274787698,0.251450160858408,0.722966129209532,0.0620971059681283
951,10804,"s3","m3",-1.20405904195391,-0.247719633284247,-1.10945168359074,-0.0269959825362563,0.398059856205335,0.720922351596205,-0.831584353076583
952,10808,"s3","m3",-1.0953454933785,-0.264253342762202,-1.13793856708618,-0.0572307640926568,0.478205973513046,0.773186198744061,-0.744876519895
953,10830,"s3","m3",-1.11762877496523,-0.140546379976334,-1.08409720355437,-0.02296820375288,0.362882847852255,0.675903724077991,-0.57750709537681
954,10842,"s3","m3",-1.0871252495562,-0.154183843683389,-1.05438685129401,-0.152179732764889,0.443299616407683,0.79842299793992,-0.462866278841775
955,10867,"s3","m3",-1.01475947218935,-0.138214301482293,-1.1570985393406,0.0567597552837755,0.227837729998705,0.916680751808974,-0.422594607920444
956,10875,"s3","m3",-1.03539466232936,-0.227833046955307,-1.06867405666307,-0.213918497686209,0.551435528240984,0.508538516261344,-1.69893210261379
957,10882,"s3","m3",-1.09392230107574,-0.177898017723504,-1.10579586158639,-0.0495971704959233,0.405962153580141,0.786201037270007,-1.23944394585768
958,10885,"s3","m3",-1.19007105994515,-0.267410221758356,-1.21130138989595,-0.0945886071226689,0.162853762371989,0.841670585599497,0.01813992159665
959,10886,"s3","m3",-1.17797907237954,-0.214026309421787,-1.16849473236036,-0.0612097661418683,0.348719931107489,0.682833559485889,-0.254879386867813
960,10897,"s3","m3",-1.18061985544008,-0.218930197047013,-1.08017728409656,-0.0672254022128718,0.428862249684662,0.669343914381922,-0.282030185680964
961,10913,"s3","m3",-1.05494401682416,-0.327797422927179,-1.06917598263198,-0.0897437752544585,0.518332185133369,0.485441620456519,-0.82777288659217
962,10926,"s3","m3",-1.10202692405134,-0.209508383962459,-1.23636664159067,-0.0212587977767333,0.514453357230753,0.746225943069741,-0.0619905966436306
963,10938,"s3","m3",-1.10775048424224,-0.395645297055995,-1.15316396749511,-0.061596027169024,0.285582050808341,0.517419292925238,-0.183892454954701
964,10941,"s3","m3",-1.16277238970916,-0.277770340456524,-1.10261919216876,-0.0016638113978192,0.264006487151129,0.633405975648824,-0.454879872806607
965,10946,"s3","m3",-1.1034896929606,-0.25161730411601,-1.10185176334976,-0.0525726025180543,0.26960707848837,0.683344667313551,-0.798277064286424
966,10961,"s3","m3",-1.0324774539059,-0.309647512204509,-1.01967495485114,-0.109980431277123,0.46817991810757,0.530156231183969,-1.02219068456962
967,10996,"s3","m3",-1.12198842905298,-0.236594046818514,-1.02059197036757,-0.0716309632603135,0.316688366274919,0.516879957310497,-1.50953191303391
968,11006,"s3","m3",-1.13559986255797,-0.262851453354897,-1.17879226242193,0.00713993973072596,0.246493302179385,0.81908103946375,-0.298808231499833
969,11024,"s3","m3",-1.11173237395731,-0.346778379252765,-1.15058070637459,-0.0868024752248324,0.296874874770214,0.492678817194045,-0.388094071463918
970,11025,"s3","m3",-1.03889613191898,-0.152324988808541,-1.05336787525774,-0.0777676662583425,0.571479443413223,0.818802740475876,-0.757292207522977
971,11030,"s3","m3",-1.18411762631655,-0.275362888624298,-1.17749212703862,0.00745153413009036,0.215670468654429,0.710527116717612,-0.941721966600528
972,11043,"s3","m3",-1.12481070352953,-0.118161726658823,-1.09701820324692,-0.037882531390155,0.39236521757653,0.785094966247424,-0.351911705594193
973,11050,"s3","m3",-1.08968352132752,-0.24451445927237,-1.15366288942242,-0.0733351477767699,0.316208858483478,0.636320870384053,-0.534782314488697
974,11059,"s3","m3",-1.12427500143425,-0.282750902704116,-1.15662611294332,-0.157056390053038,0.263295369840225,0.430561780787178,-0.31984381542649
975,11075,"s3","m3",-1.12923504261795,-0.306376874288898,-1.1018849990102,-0.0778784588697383,0.270053544869365,0.526756751345223,-0.463622631094531
976,11077,"s3","m3",-1.11260694948256,-0.236912299785879,-1.12927657344,-0.0185385609628684,0.169187548988654,0.785019369579019,-0.606260333108172
977,11083,"s3","m3",-1.12048571106321,-0.170220433267269,-1.13150743861973,-0.0428812156096549,0.384305023466764,0.869274989562665,-0.306693757531811
978,11091,"s3","m3",-1.12209375721862,-0.328050345855597,-1.21204199728731,-0.16994064539982,0.326076143806538,0.580636060231694,-0.280655593720734
979,11102,"s3","m3",-1.11632196025138,-0.218407487166451,-1.12395011070658,-0.166397446051058,0.312351936182809,0.798488488523543,-0.350026141031618
980,11115,"s3","m3",-1.26862596047363,-0.329229678965939,-1.10831442821761,-0.141907915850326,0.31990764861941,0.549459067529907,-0.37923701553766
981,11129,"s3","m3",-1.02903155620859,-0.188711168390345,-1.10310085857525,-0.152994756739278,0.575314153291153,0.708453644254305,-0.777780093949749
982,11134,"s3","m3",-1.10353701066038,-0.33214260767003,-1.18216528460353,-0.0553371434442442,0.40325646090998,0.844604912060705,-0.477138281958586
983,11137,"s3","m3",-1.16525157143644,-0.335595502436495,-1.11849412514343,-0.230023554228757,0.492690994387203,0.346073213515797,-0.397165452234382
984,11165,"s3","m3",-1.07195139523068,-0.188737015147351,-1.05412897715385,-0.113041766475675,0.439011099476727,0.726403566970503,-1.20597129044235
985,11170,"s3","m3",-1.0591859367573,-0.162202632216811,-1.18410353359685,-0.0882090496125872,0.416980637357979,0.786972984039829,-0.690631374317066
986,11184,"s3","m3",-1.19521159257231,-0.221193739077078,-1.27693685963706,-0.204138869729388,0.285488419484279,0.501310903599134,-0.260207738800754
987,11211,"s3","m3",-1.28140502200966,-0.376065446648901,-1.18774633455812,-0.205549425692269,0.253161113866538,0.347227155893013,0.445184786991779
988,11280,"s3","m3",-1.07447273464024,-0.325691005702753,-1.05762151443834,-0.159551291029669,0.335946220949439,0.580999263044249,-0.487025802795146
989,11285,"s3","m3",-1.14537235813375,-0.148654635180211,-1.06959720407813,-0.00259708878005668,0.549005246059718,0.731734259712551,-0.646497586370979
990,11318,"s3","m3",-1.09704210853756,-0.208156963707514,-1.04060047214826,-0.00298185770502329,0.492622854892146,0.763495155797721,-1.71561558974462
991,11320,"s3","m3",-1.10095301346586,-0.277857083542627,-1.14482577150372,-0.0766417921729316,0.390525312299452,0.610492733168477,-0.784383061225723
992,11342,"s3","m3",-1.10142841225131,-0.276379249286394,-1.12392166275422,-0.101826484260052,0.38580176103986,0.436236729021294,-0.305305371978481
993,11347,"s3","m3",-1.14094451847941,-0.228496946398189,-1.08838069872898,-0.137107911156194,0.108858730726629,0.690806164892928,-1.07748402160187
994,11371,"s3","m3",-1.03516379258876,-0.281514325759695,-1.04776000009831,-0.0519876322516262,0.499767842456283,0.706950766195796,-2.09057756337028
995,11394,"s3","m3",-1.1761666542823,-0.238004604701354,-1.1771432081113,-0.0696968089845405,0.270943361725651,0.804374251594292,-1.45360682875294
996,11400,"s3","m3",-1.07720970220912,-0.283805874449183,-1.09615690245398,-0.0070231858739177,0.378506101193495,0.688959843353735,-1.52198638890471
997,11409,"s3","m3",-1.12438409234728,-0.357251560702399,-1.22785508663751,-0.148557436169291,0.302549134979188,0.379421778090037,-0.468344149096623
998,11411,"s3","m3",-1.18527982285951,-0.261806673487986,-1.15092186511864,-0.0487809493830802,0.364387385106257,0.712467813412222,0.266592069804822
999,11438,"s3","m3",-1.1064805951986,-0.185663544319741,-1.12735199754679,-0.182611035583491,0.25313679169606,0.638093401316894,-0.609608515215038
1000,11454,"s3","m3",-1.11177069512853,-0.223944770914504,-1.20579596375592,-0.0440062454732266,0.317723096267807,0.673879761756094,-0.844433266401621
1001,11458,"s3","m3",-1.27959890589058,-0.22820097915886,-1.23082221610462,-0.0693401333667524,0.181881737111376,0.622430932542011,-0.215568311860944
1002,11468,"s3","m3",-1.1484188823715,-0.146917217098102,-1.14363401491871,-0.0250922044350586,0.377275391861335,0.829259016818491,-0.193851755085798
1003,11493,"s3","m3",-1.01805248436017,-0.250375287885978,-1.19638729607903,-0.0866223257888932,0.338957049659358,0.546922278399552,-0.810087032868631
1004,11531,"s3","m3",-1.1410546953835,-0.28254463439522,-1.19285223953059,-0.278926819611605,0.180855256830959,0.351438130562237,0.141147286622537
1005,11536,"s3","m3",-0.985389071608035,-0.248759936644461,-1.03587666188376,-0.0473992431172466,0.481641108933788,0.723536410205232,-1.3363343497336
1006,11560,"s3","m3",-1.15951076476964,-0.296812565821969,-1.23365363960921,-0.147963424669468,0.240991094738784,0.53222567261004,-0.871870114710081
1007,11568,"s3","m3",-1.19814076893656,-0.396728756756928,-1.14666953459395,-0.192956987758053,0.237114298909416,0.30488417531629,-0.320296234945315
1008,11574,"s3","m3",-1.17600217012877,-0.303711285657841,-1.16927631279618,-0.210926887267898,0.297018805573223,0.593885682209916,-0.164035824990698
1009,11587,"s3","m3",-0.9982261580132,-0.210303943678499,-0.996081673795714,-0.102947072477985,0.57245595516865,0.681863468211353,-1.97045148696119
1010,11604,"s3","m3",-1.21294830254292,-0.330712103826904,-1.18384028061592,-0.21537670508365,0.154185264019113,0.489324301903297,-0.0904597555928838
1011,11610,"s3","m3",-1.09407582535353,-0.184230770340598,-1.07849399354668,-0.0988611344012232,0.417516849781595,0.685635045629899,-0.856401185383657
1012,11614,"s3","m3",-1.1015089703134,-0.218713805137192,-1.05684570619712,-0.0358073057414973,0.571511339316273,0.722558013057419,-0.804105871768627
1013,11633,"s3","m3",-1.19097075175354,-0.245943535152766,-1.07171368676101,0.0654227436225572,0.195149145293272,0.757621205196987,-0.542666268876712
1014,11642,"s3","m3",-1.14125015785263,-0.242049295970915,-1.11949827711612,-0.0368946810998883,0.236391078899335,0.673393683390237,-0.862604911955631
1015,11658,"s3","m3",-1.04703613138615,-0.0329787711299289,-1.09326064488188,0.0335372807970825,0.309251417419334,0.980754864224612,-1.47444223249688
1016,11662,"s3","m3",-1.10788883661887,-0.304240863309625,-1.00530154332798,-0.0748107305399092,0.224824713729885,0.5932796699567,-1.07784537875329
1017,11671,"s3","m3",-1.21762345868252,-0.211691158242455,-1.15534781250622,-0.107645011524956,0.214021386227177,0.584936886888001,-0.189969450346099
1018,11672,"s3","m3",-1.22945881566311,-0.189011141566461,-1.19195129807757,-0.123087354041057,0.192752229432994,0.775703892808572,-0.336609469170879
1019,11682,"s3","m3",-1.10129143058504,-0.14961128401046,-1.10129250812765,-0.0436845264674744,0.334294318722479,0.771480394099154,-1.22257176688753
1020,11690,"s3","m3",-1.02265235504104,-0.265571697746384,-0.948221611759863,-0.0944902247973063,0.63459728347551,0.625195869336772,-0.924623473911619
1021,11705,"s3","m3",-1.26377882875054,-0.251462732953655,-1.2340073588661,-0.111972907616134,-0.046615141615017,0.706484870247826,0.0909733727703183
1022,11719,"s3","m3",-1.20150973745615,-0.269289740201797,-1.32337379770976,-0.105497646879704,0.200592700130022,0.698182407098705,0.3956907871541
1023,11724,"s3","m3",-1.09357030585434,-0.136424600556552,-1.14835702506875,-0.0403967164073688,0.389797905547557,1.00231804601767,-0.92172072706076
1024,11777,"s3","m3",-1.09394372985699,-0.22758887412019,-1.0846460597069,-0.138588884961567,0.581054613273489,0.434602790823936,-0.620492410844304
1025,11788,"s3","m3",-1.13664368600984,-0.262562785173964,-1.18495678608811,-0.0432579755072463,0.400860476262538,0.641503995591079,-0.446800140117067
1026,11790,"s3","m3",-1.065290688733,-0.232265401201627,-1.14072745330816,-0.0883578629349196,0.412086845979931,0.582697758266721,-0.657602368459953
1027,11794,"s3","m3",-1.18536678155241,-0.247561145169987,-1.13829815266653,-0.18953079185804,0.281009033478314,0.60306224030416,-0.15010892124266
1028,11817,"s3","m3",-1.02144531482039,-0.159318329201178,-1.12152261565154,-0.0573793934183398,0.440113205827572,0.815253691257483,-1.06944298360869
1029,11847,"s3","m3",-1.13584099980813,-0.206057524262938,-1.0483811990556,0.0417103503868781,0.389454462234217,0.781726071542324,-0.869666106919401
1030,11861,"s3","m3",-1.18834860370584,-0.243854715765103,-1.15179983853896,-0.0769051905238775,0.229508098801685,0.636554470473704,-0.425366514117571
1031,11892,"s3","m3",-1.15329225019337,-0.300996439528874,-1.08340708677178,-0.103325243138934,0.446794681835663,0.737196062400459,-0.270351746645722
1032,11912,"s3","m3",-1.12428762228165,-0.176085490316365,-1.01946435271987,0.0753764094809821,0.445415916343842,0.973729571055115,-1.6939270725551
1033,11920,"s3","m3",-1.26686232416761,-0.467201616379089,-1.22408379135968,-0.208006913590588,0.299183328730998,0.441820720931845,0.253842143231344
1034,11921,"s3","m3",-1.18777259510739,-0.359968645272664,-1.12148333242542,-0.178180704402276,0.247200283166878,0.390066256197113,-0.338773108188681
1035,11923,"s3","m3",-1.03884831956633,-0.219035145600143,-1.14848831220916,-0.105939386315328,0.231697953577464,0.704356869214804,-0.678966264561711
1036,11924,"s3","m3",-1.07640157718913,-0.25143769639376,-1.0357320386704,-0.182148937287651,0.478133283118304,0.52424635620582,-0.990979327875872
1037,11926,"s3","m3",-1.12581466642215,-0.320306520400956,-1.1557137252778,-0.120720494720488,0.215544894104795,0.693736500655849,-0.553521048243433
1038,11932,"s3","m3",-1.10606237440039,-0.210042947241365,-1.09515785612017,-0.0304944951336845,0.309440530419948,0.709558896913571,-1.22701867534592
1039,11939,"s3","m3",-1.14199933091305,-0.259943764785367,-0.960144875785115,-0.0648041883372676,0.463697226613582,0.707074177539182,-1.61256848933755
1040,11945,"s3","m3",-1.03762773919945,-0.181126050487988,-1.13613832881295,-0.0664410031812182,0.318809713389416,0.756476134231427,-0.687255630535196
1041,11949,"s3","m3",-1.1253516452995,-0.336526928866969,-1.08907504082273,-0.0183245251746975,0.403828002171947,0.70905096520511,-0.850451047728374
1042,11954,"s3","m3",-1.09904689190559,-0.340913510586761,-1.14426030259402,-0.137107094848211,0.455623262456724,0.635108486655811,-0.80360599013259
1043,11973,"s3","m3",-1.12689705928992,-0.230860620564081,-1.16277896211728,-0.105889112633217,0.392735594349807,0.52598863518289,-0.331970559904125
1044,11984,"s3","m3",-1.17336702174463,-0.383275861262828,-1.13309972100011,-0.235390495711778,0.205571503578993,0.529664281143573,0.0624892467617404
1045,11985,"s3","m3",-1.05864994025641,-0.21949255586957,-0.999784344080377,-0.0957219245189596,0.645762964447405,0.664461229135083,-0.928187614179793
1046,11991,"s3","m3",-1.11125582921163,-0.177820749456531,-1.08083255037702,0.0502887779235373,0.13487382505815,0.769037173856262,-0.805364030852594
1047,12001,"s3","m3",-0.98600876559816,-0.135826413280568,-1.0651737729033,-0.0620189006072849,0.477869245086952,0.77861184431165,-0.670939012853451
1048,12021,"s3","m3",-1.06297742146101,-0.204994944471986,-1.07795748345949,-0.041923364047985,0.462482481170929,0.778834077308676,-0.66177566806673
1049,12039,"s3","m3",-0.994744388711856,-0.208755661680177,-1.07143665694362,-0.0314653054641947,0.526209971035587,0.777154259252036,-1.21891728364936
1050,12045,"s3","m3",-1.04750579522426,-0.134693979442223,-1.09680637691213,-0.00634950713235385,0.402464620851527,0.840498083836031,-0.472581817970072
1051,12054,"s3","m3",-1.14032123622501,-0.286563726770724,-1.13197597083158,-0.133901239087038,0.408992091335313,0.515968107728367,-0.860131012608539
1052,12077,"s3","m3",-1.12267077909746,-0.225423208947628,-1.20269252650166,-0.117953725758302,0.4494610861215,0.702877941242856,0.149455358976608
1053,12081,"s3","m3",-1.16197786575891,-0.323372513184225,-1.12925971573811,-0.194186359628918,0.393179334311061,0.540547210906989,0.00889325158248521
1054,12083,"s3","m3",-1.04084680372781,-0.27968073835154,-1.08975802469496,-0.203950867025126,0.49608882920424,0.598198928942246,-0.744840768795669
1055,12100,"s3","m3",-0.96661777308585,-0.182730945275682,-0.999319539069672,0.0146567599089943,0.554302866839585,0.786517245700394,-1.61876836530204
1056,12125,"s3","m3",-1.12144837842251,-0.20374513628696,-1.10318215821325,-0.103114698372249,0.404425751432776,0.622274558958981,-0.571888055811308
1057,12140,"s3","m3",-1.16804504915287,-0.307632584584118,-1.20524195131017,-0.0662045601678004,0.184121426700476,0.480073537660731,-0.0774128234476959
1058,12150,"s3","m3",-1.06049677294784,-0.147656298368039,-1.0927095605209,-0.048168398718719,0.452199733042455,0.747582959662822,-0.871060223262064
1059,12162,"s3","m3",-1.20851925762535,-0.233993817134198,-1.09249478872975,-0.0603755113022265,0.228010380470746,0.828718047792736,-0.809379544362564
1060,12178,"s3","m3",-1.13098670626055,-0.141542839367472,-1.10549917549457,0.0664300407825622,0.285462241030296,0.976889049685378,-0.798348549828777
1061,12209,"s3","m3",-1.15321997061683,-0.206205602977113,-1.24345757629305,-0.0285204236074858,0.258476576718271,0.650537696248267,-0.00961134610788741
1062,12224,"s3","m3",-1.13215296019631,-0.206442730431728,-1.13781647432607,-0.251361658712547,0.29151591487967,0.68018171539324,-0.275983757237862
1063,12240,"s3","m3",-1.13604808326595,-0.131212009344333,-1.01826259072781,-0.0387759668824788,0.251119872802943,0.798569065893226,-1.25206629423048
1064,12243,"s3","m3",-1.11438464837555,-0.212546134592078,-1.06246185601205,0.0331707796362505,0.440503986056682,0.785528317067863,-1.30803666168451
1065,12254,"s3","m3",-1.04763848771156,-0.168707453964631,-1.07995568703584,-0.0536275556144304,0.523498719635175,0.781926440251443,-0.960956594157842
1066,12264,"s3","m3",-1.07011776705872,-0.157652565947744,-1.13461061550372,-0.0161917477987118,0.326203401467679,0.663366677351715,-0.571417477124555
1067,12279,"s3","m3",-1.17395843654836,-0.22367764074027,-1.1477496360295,-0.223386405110365,0.334904360913641,0.430487093394369,0.345329116824561
1068,12302,"s3","m3",-1.15118111454992,-0.287570621837141,-1.1963778789014,-0.032316946746894,0.0414422551709733,0.69203558903326,0.0659720866751531
1069,12303,"s3","m3",-1.03874513965649,-0.0700067052757533,-1.08686857529461,0.0251283362938014,0.50581142485093,0.930206356969119,-0.91848160133812
1070,12334,"s3","m3",-1.01587069686018,-0.237903763419148,-1.08175179540606,-0.0454207514184681,0.291193662364783,0.660107849432872,-0.621625072884797
1071,12347,"s3","m3",-1.11504857015184,-0.316937497043637,-1.14664599620169,-0.173814928590628,0.398484543126045,0.577201155921005,-0.120165973829985
1072,12355,"s3","m3",-1.167448284247,-0.19715579485584,-1.19032829847362,-0.0487921387255552,0.240960444395466,0.733234114555925,-0.357063701752073
1073,12360,"s3","m3",-1.02930817281823,-0.298437452730202,-1.07926965098968,-0.0165367747955593,0.44224243084634,0.631631912655062,-0.688986223148007
1074,12380,"s3","m3",-1.17586440485994,-0.26041756125416,-1.08042564346691,0.0397679883238844,0.549939723578227,0.701152840853593,-0.152587343536321
1075,12396,"s3","m3",-1.16528560164991,-0.327090963775054,-1.15280211471849,-0.292443062268486,0.350974714840179,0.391240615847496,-0.283918492234851
1076,12405,"s3","m3",-1.06050553615271,-0.309876903268695,-1.09069541132802,-0.142618876571893,0.3462346055864,0.62894205214098,-1.07289896204102
1077,12423,"s3","m3",-1.11776890297362,-0.195161810766967,-1.09025508161667,0.0694745461100787,0.376353804542889,0.817021119628339,-0.496643131142207
1078,12428,"s3","m3",-1.16058163307575,-0.262648509422716,-1.13116546155533,-0.117188011380977,0.424281174302655,0.661234457875728,-0.739349253414141
1079,12441,"s3","m3",-1.06195624604564,-0.117788860738628,-1.04566031898856,-0.0565499341692061,0.472229324223222,0.751230616052504,-1.9119121851654
1080,12456,"s3","m3",-1.21496774294357,-0.210551825003642,-1.2238367162624,-0.0884679309149962,0.158259057785596,0.755385802272828,-0.139428843368951
1081,12457,"s3","m3",-1.14855551385831,-0.087530931040459,-1.14119185229175,-0.00752532850010286,0.377243392785213,0.767045427155367,-1.43701862489176
1082,12458,"s3","m3",-1.10239904220366,-0.227775415805796,-1.21900760766776,-0.0402815965500335,0.33270335737066,0.780602165675659,0.0101695583993526
1083,12466,"s3","m3",-1.09520835015393,-0.195790243954316,-1.06691130656608,-0.061594762797189,0.288840059342042,0.735320538874243,-0.104143336021438
1084,12477,"s3","m3",-1.13078899307327,-0.171488167724045,-1.15694207555574,-0.0651537813880999,0.440806238197216,0.694916929269559,-0.80943541872853
1085,12482,"s3","m3",-1.12217071725051,-0.160308203671832,-1.12734763122875,-0.123050053060886,0.422290080193852,0.757648530706953,-0.723964570905304
1086,12484,"s3","m3",-0.976753460576488,-0.262693906391329,-1.08497397967522,-0.0184387016828591,0.277888029639767,0.770113715239572,-1.38829023672279
1087,12501,"s3","m3",-1.15681586070122,-0.201696809541739,-1.06481348293577,-0.0762090228020636,0.322239306688983,0.715954474061071,-0.620204153771541
1088,12511,"s3","m3",-1.20403739438749,-0.31779667488055,-1.20921977494447,-0.0747793024652723,0.180831139102249,0.738415384969164,0.519765370436693
1089,12514,"s3","m3",-1.09909134789725,-0.316955829669482,-1.03148714174653,-0.193219856285945,0.349934498202679,0.484276260535505,-0.804366177073067
1090,12519,"s3","m3",-1.04472975133871,-0.336759894156335,-1.04955380216284,-0.105256896102134,0.479684552915681,0.453370256591982,-0.934268470292376
1091,12529,"s3","m3",-1.24428784956837,-0.118928057809028,-1.19489286952102,-0.105665072865142,0.221857091466926,0.752685227183742,0.00800924348266159
1092,12533,"s3","m3",-1.20150074987796,-0.195925876373315,-1.21735500729232,-0.0565190420188518,0.233673594285515,0.776523726641688,-0.329350754451165
1093,12553,"s3","m3",-1.18054125166014,-0.330401574517773,-1.11520581526654,-0.017053747464302,0.369845337981645,0.790000158360284,-0.332029911098013
1094,12560,"s3","m3",-1.12186835588659,-0.245455750158003,-1.09805118953151,-0.185121685767082,0.471809836051365,0.457762961941315,-0.658860637787214
1095,12567,"s3","m3",-1.11750272224938,-0.0315243475387845,-1.08952983995988,0.0382797851890878,0.521182832621272,0.97140966972258,-1.48296270171728
1096,12572,"s3","m3",-1.06617051421545,-0.110583968245336,-1.04519212140981,-0.0543639453457233,0.386549167488757,0.745027733377175,-1.01780448199515
1097,12579,"s3","m3",-1.11744244071958,-0.207817486498216,-0.996024600715506,-0.0910195297500745,0.435996713317302,0.792094198018243,-1.01805634910627
1098,12582,"s3","m3",-1.12196381498021,-0.268439908385843,-1.13518228345203,-0.0558111813326002,0.447876171331669,0.59390201385299,-0.89564708069809
1099,12584,"s3","m3",-1.2074635393639,-0.326663736835786,-1.16919353941696,-0.158394233645723,0.152937370211491,0.578612366392272,-0.134831418595334
1100,12589,"s3","m3",-1.12715044869922,-0.194099821168708,-1.10437734324982,-0.13461903150351,0.468560700879504,0.533145167140592,-0.469112541101362
1101,12615,"s3","m3",-1.07361702993355,-0.314541892531042,-1.09243301719021,-0.226402036410033,0.37687815715301,0.529636036700459,-0.847947216928736
1102,12616,"s3","m3",-0.977723538615435,-0.184518279238885,-1.00359931718389,-0.0369622734654636,0.585999607315,0.86686680452324,-2.41073176951009
1103,12631,"s3","m3",-1.1724028112092,-0.29589013423494,-1.2312349211421,-0.0489491151732788,0.0533724492366226,0.78831186427175,0.100312291466043
1104,12637,"s3","m3",-1.19023907279713,-0.374993393879744,-1.16048578181709,-0.11459772781378,0.383939483938584,0.478551131000184,-0.234137195527935
1105,12654,"s3","m3",-1.12559222901575,-0.217571151966143,-1.18838055040015,-0.0289893231544546,0.342632339500466,0.782860315255585,-0.537057005509937
1106,12657,"s3","m3",-1.10342010106569,-0.197778224904911,-1.04697477628262,-0.0454988122175306,0.463443560244285,0.692186319647962,-0.410479380769858
1107,12658,"s3","m3",-1.17489469476136,-0.129185832925528,-1.23954434778519,0.0137920980583047,-0.0413676570555252,0.875888878113671,0.11090670475304
1108,12691,"s3","m3",-1.06931506499421,-0.260208079522959,-1.12280588789296,-0.0313757979097566,0.600115960267823,0.628738594864645,-0.750086458196555
1109,12692,"s3","m3",-0.971233836203871,-0.174920027775312,-0.979423640290238,0.0692823841743686,0.56096033698433,0.838043641512243,-1.19040011426486
1110,12710,"s3","m3",-1.03223529589409,-0.310834122085937,-1.14927250630876,-0.0688786491203279,0.284356050083397,0.642055385782881,-0.602350670231799
1111,12718,"s3","m3",-1.11643984951728,-0.139181275411304,-1.14118809108427,-0.0251480925187269,0.219932301043927,0.80039875407051,-0.847731932832847
1112,12725,"s3","m3",-1.00207952214444,-0.180507412761907,-1.13072987074834,-0.078630255723413,0.422007738394646,0.670063321654354,-0.508624505473196
1113,12728,"s3","m3",-1.19140436906964,-0.1990313707408,-1.08385695026777,-0.0049597792625258,0.274382365822844,0.758526257785527,-0.283996833936707
1114,12736,"s3","m3",-1.20537968078719,-0.26222952940713,-1.20316148456213,-0.0170760593237615,0.309763305882446,0.917961199105272,0.0630423771013354
1115,12738,"s3","m3",-1.22765137978059,-0.196206072997809,-1.15306669071915,-0.0758272201319901,0.13052969772719,0.761439875361232,-0.332607894232479
1116,12743,"s3","m3",-1.00916375598535,-0.270890715234072,-1.1497624985032,-0.0339183134221501,0.487609355644782,0.707930542122984,-0.581993308415981
1117,12763,"s3","m3",-1.06910678064609,-0.314168846329407,-1.12306630381228,-0.201382585330843,0.435116199763378,0.658609787366576,-0.701130192600997
1118,12764,"s3","m3",-1.07345792175073,-0.205701445076708,-1.07079224879386,-0.00514330549036303,0.454234886751892,0.723514271013362,-0.99679191748242
1119,12785,"s3","m3",-1.16532081989643,-0.271767374376737,-1.12798352214081,-0.126502324166908,0.344114322948317,0.629920107307108,-0.706432533531738
1120,12790,"s3","m3",-1.20266087914145,-0.208655206811813,-1.1704645476216,-0.137725571203607,0.258433216081983,0.663457033884864,0.380513971311681
1121,12794,"s3","m3",-1.22899671019329,-0.264743491360911,-1.1921090440268,-0.185912667408311,0.219769024473576,0.567133298031645,-0.381439004717915
1122,12799,"s3","m3",-1.18180391193436,-0.228972483570547,-1.20804969273157,0.0109240190244133,0.321469191638124,0.728881720234,-0.311530258539234
1123,12803,"s3","m3",-1.20716242778813,-0.224159055447557,-1.14198027598666,-0.198961308638675,0.34255875634573,0.685278760255693,-0.582667527491395
1124,12812,"s3","m3",-1.08970092896955,-0.275942908955219,-1.15752627994795,-0.16362288404626,0.396054505865875,0.412857331674923,-0.0535708241452717
1125,12814,"s3","m3",-1.11398752463558,-0.242647059572332,-1.14020597113172,-0.161446370480261,0.371476576253863,0.687857348548748,-0.305585665623539
1126,12821,"s3","m3",-1.04415856167878,-0.117854154977375,-1.01872235840287,0.0388176111449582,0.355779517433264,0.92216147661732,-1.45401253229764
1127,12865,"s3","m3",-1.04025804416284,-0.215663219871767,-0.979408516324079,-0.0852017266841196,0.392084837642866,0.529357077086603,-1.55171882042075
1128,12878,"s3","m3",-1.13593172956322,-0.124993619771653,-1.08837914568105,-0.00669322081962061,0.39275144031019,0.938811713140075,-0.553354621708807
1129,12881,"s3","m3",-1.08706135430758,-0.213451526789941,-1.12891746368833,0.00703144307068302,0.401750245500525,0.788387590730712,-0.717244338627315
1130,12883,"s3","m3",-1.21220378302175,-0.33281298846011,-1.23770753881982,-0.241028285339647,0.0827205132819788,0.480389341132307,-0.0373002101940312
1131,12903,"s3","m3",-1.10501854186009,-0.336278634446289,-1.04861719395263,-0.217251999549558,0.377835379205168,0.33989764526183,-0.109985343044351
1132,12909,"s3","m3",-1.16073147101203,-0.180431053085844,-1.12823904322606,-0.0454949883713278,0.262846339193188,0.729455703894838,-1.10791027781084
1133,12912,"s3","m3",-1.1083495233355,-0.245405155851541,-1.14807367409193,-0.063277129222588,0.458403474707925,0.576157551927281,-0.69419099065459
1134,12919,"s3","m3",-1.04648363317573,-0.243011492730077,-1.18469942370124,-0.118303404722385,0.441840953538494,0.53710181408274,-1.9962432208203
1135,12921,"s3","m3",-1.12417221869988,-0.20676207828726,-1.12930563586788,-0.0631292474926377,0.167881150265637,0.703074533161231,-0.695520024777046
1136,12923,"s3","m3",-1.22453065071436,-0.252802196726929,-1.15633643083644,-0.0165009248133577,0.261705273146274,0.776174825730326,-0.104049932887256
1137,12925,"s3","m3",-1.2248747559963,-0.250923208221623,-1.13699386577604,-0.0382268438227889,0.328572682300208,0.675854780743444,0.306125394560288
1138,12943,"s3","m3",-1.14799127498191,-0.335900689258903,-1.14047741264206,-0.00547752352507592,0.36046552871512,0.758034519375464,-0.306805380644081
1139,12952,"s3","m3",-1.16293665831322,-0.186762168102284,-1.15323776465898,-0.0778362310649362,0.322790120309959,0.746573099108721,-0.420158368039177
1140,12973,"s3","m3",-1.2493594805396,-0.308629349522374,-1.18652174873176,-0.205680260554444,0.330777196401192,0.363438586846285,0.0839331530897072
1141,12988,"s3","m3",-1.14845315330159,-0.252716593044113,-1.12020924809735,-0.0460821319930217,0.398569536698703,0.692951280842181,-0.993922832588898
1142,12997,"s3","m3",-1.143996122299,-0.280901850834167,-1.22116886571283,-0.0211535475752383,0.129022227687137,0.547287932019808,-0.619548997586221
1143,13011,"s3","m3",-1.19416506191113,-0.235790997920323,-1.06763383653986,-0.183426392187187,0.382195345034559,0.363370490911657,-0.670930108337173
1144,13041,"s3","m3",-1.21827859170221,-0.125473118854627,-1.23951611925068,-0.0102090003575593,0.328671250163857,0.735103870860394,-0.0419195166297107
1145,13058,"s3","m3",-1.12084315939151,-0.189477628064761,-1.08433142729436,0.0445670675258334,0.465093054687104,0.776792044541327,-0.636398602969674
1146,13063,"s3","m3",-1.1217291864224,-0.285030063418437,-1.11807293483627,-0.129472055901354,0.32011570843249,0.679343548133469,-0.62657998533652
1147,13106,"s3","m3",-1.08337981966203,-0.274795858734942,-1.1270647447889,-0.09141313776493,0.228460709553396,0.628120310569167,-0.58639630714039
1148,13111,"s3","m3",-1.0875721764083,-0.18157896702401,-1.0236818538228,-0.0587566845423029,0.568500729729049,0.834443210417801,-0.616543490219832
1149,13132,"s3","m3",-1.15816522583615,-0.278143664730085,-1.11357028632946,-0.152173531547174,0.336485205517143,0.672365498006593,-0.43053864612796
1150,13134,"s3","m3",-1.04930587048085,-0.282390690414822,-1.13262321087134,-0.0901738271434541,0.526051717201215,0.6905567769185,-0.70505874169577
1151,13138,"s3","m3",-1.00606859014541,-0.198602193328511,-1.02969244459023,-0.0558182518029295,0.491001365781802,0.75803026334945,-0.761007584064065
1152,13169,"s3","m3",-1.1134528653246,-0.31669312416481,-1.06015016174065,-0.143435333793314,0.489406043908148,0.537071788966588,-0.83832354822319
1153,13192,"s3","m3",-1.13624329904508,-0.14696015750034,-1.06277827634596,0.0581694370070328,0.472374843978827,0.806993644671993,-1.04594956259457
1154,13217,"s3","m3",-0.983149562500998,-0.298889428631401,-0.993749059549841,-0.155782703790875,0.513038676399078,0.546855073817945,-1.90158968392246
1155,13221,"s3","m3",-1.12020890847642,-0.186322176899006,-1.12596961809949,0.0480717684722004,0.464630394463969,0.763135362380096,-0.0326898674753555
1156,13231,"s3","m3",-1.12136954093943,-0.377951201751202,-1.09432083657949,-0.158870067104487,0.22464546612376,0.350268269784687,-0.716114419415691
1157,13237,"s3","m3",-1.05905139755958,-0.276979731863063,-1.05407411955824,-0.0455605300826657,0.408736440119427,0.767701233874574,-0.717719246678726
1158,13239,"s3","m3",-1.04825570729219,-0.21455787203876,-0.965721480839477,-0.118878253455206,0.504190646449873,0.672835519317019,-0.937017454940748
1159,13240,"s3","m3",-1.2050012569613,-0.272154456910403,-1.15394421467079,-0.0631897124557308,0.233116778742846,0.769080621496429,-0.0695864406549588
1160,13242,"s3","m3",-1.16994268977688,-0.271525774110901,-1.29711823552391,0.00250675279800096,0.293726066566459,0.811876972799268,-0.251569633966147
1161,13262,"s3","m3",-1.14960882165523,-0.173521976431239,-1.03689165157199,-0.085646293074272,0.342036926541432,0.814931560362518,-0.845265823156685
1162,13285,"s3","m3",-1.05522893476645,-0.171372214016378,-1.10530844562715,-0.174591060779948,0.355549925002224,0.577387975262622,-1.03321005554619
1163,13291,"s3","m3",-1.17656490850672,-0.229135365696646,-1.03997713057432,-0.0933820773644466,0.490599435077267,0.694839082737951,-0.524377033545922
1164,13295,"s3","m3",-1.02344012380917,-0.249061104768453,-1.01193947721625,-0.148697828891023,0.534263360473244,0.700903850397273,-1.92323631437373
1165,13296,"s3","m3",-1.2430946052279,-0.410672594872498,-1.13182374230452,-0.0992022722120018,0.175122354159109,0.571832292085295,-0.411982712064168
1166,13297,"s3","m3",-1.04280548675762,-0.169369289288852,-1.10171501159201,0.0182566460065705,0.307454127644172,0.808643952285302,-1.1447870196361
1167,13328,"s3","m3",-1.2056531593335,-0.300695624519501,-1.13955826923563,-0.105374064056976,-0.137364988636675,0.565521808801924,-0.854581795102643
1168,13349,"s3","m3",-1.11007541552151,-0.179762307408915,-1.15129407682427,-0.0310034373502594,0.451065059142385,0.752168056474825,-0.696520578631873
1169,13379,"s3","m3",-1.0288353236179,-0.185199701114742,-1.0686159549947,0.074481569986844,0.491816098078147,0.809432543290441,-1.58433025603006
1170,13385,"s3","m3",-1.0446050249857,-0.303101893573223,-1.09526749844805,-0.164389669284188,0.39758321028251,0.433547470851268,-1.14755308753429
1171,13393,"s3","m3",-1.09901977455938,-0.276746909142463,-1.05975342741213,-0.180773648103679,0.3541789289258,0.449754034275461,-0.697496081818918
1172,13399,"s3","m3",-1.16486528963148,-0.24333065650316,-1.250911388549,-0.0559309138197134,0.271032536987754,0.815448089343105,-0.0547843148970315
1173,13400,"s3","m3",-1.09678819719587,-0.171184808308119,-1.12069319348096,-0.0506471056297351,0.382849410548349,0.695757032204419,-0.493105514767998
1174,13402,"s3","m3",-1.04537279407005,-0.0591849754703197,-1.13932271591588,0.051620491820516,0.396210124324817,0.803915123923803,-0.890221868158321
1175,13407,"s3","m3",-1.16558802879375,-0.245285100836038,-1.18865679483344,0.0540944825766879,0.0318295285344817,0.736376602791706,-0.218752217734431
1176,13417,"s3","m3",-1.19210061093657,-0.207418021420018,-1.16250022932433,-0.0381671450694678,0.308650222317488,0.706894289526246,-0.333400143712795
1177,13418,"s3","m3",-1.07896521667797,-0.308885549858632,-1.0018017011824,-0.141569295916099,0.447502666722462,0.547178691184021,-1.20144512137161
1178,13424,"s3","m3",-1.14980078490408,-0.226825043555053,-1.11752099357022,0.0473967486586464,0.397005234803422,0.819588224222404,-0.276951293100243
1179,13446,"s3","m3",-1.15132762612557,-0.205920055788241,-1.11841496149677,-0.15493488854983,0.332062568402367,0.74846033951246,-0.249446014259171
1180,13471,"s3","m3",-1.09061047264957,-0.15711405778994,-1.17358271885038,0.0374104328742706,0.32197604679326,0.916033979161435,-0.357384163027808
1181,13477,"s3","m3",-1.12742870380725,-0.206956655125048,-1.16208226493179,-0.00995785853915514,0.232580361819833,0.842009293074339,-0.491598238195407
1182,13499,"s3","m3",-1.07816875222828,-0.261535587963419,-1.11432916143361,-0.0551784348325009,0.457892075302937,0.662192551870202,-0.21969162909497
1183,13533,"s3","m3",-1.09723809957039,-0.301402750984008,-1.06299551151336,-0.0572300606833561,0.259196275524923,0.608938285253185,-1.63194260756532
1184,13561,"s3","m3",-1.00559666831764,-0.259276322751127,-0.946711417171737,-0.0343643096782586,0.582704795882727,0.685881592291035,-2.18438917158237
1185,13584,"s3","m3",-1.16976284611075,-0.269516877253592,-1.24194780037975,-0.173019992494859,0.247497033995818,0.600091288294728,0.156306366437478
1186,13600,"s3","m3",-1.15930712345034,-0.192155891170269,-1.08670717268815,-0.0718377592359155,0.346715183317181,0.884584252595023,0.0298493073174654
1187,13601,"s3","m3",-1.11918308393126,-0.261586197065227,-1.01540152330861,-0.217389750592396,0.358945786443122,0.344262068428363,-1.18331621690299
1188,13604,"s3","m3",-1.24781454439205,-0.36218144385495,-1.13031318184032,-0.131581311076183,0.244044819559175,0.468440570147895,0.32060375420623
1189,13607,"s3","m3",-1.17857769273199,-0.130365695023729,-1.15411694741349,-0.0700964531893681,0.252995822744093,0.760442310787711,-0.999242161600539
1190,13629,"s3","m3",-1.12237501677643,-0.257095590922774,-1.10406495405864,-0.129390375000966,0.409290867476609,0.68733254795342,-0.661003230156955
1191,13654,"s3","m3",-1.13165501760852,-0.248462913399264,-1.07828453915477,-0.0807179601941263,0.331010597412461,0.71550177902346,-0.493860625210104
1192,13663,"s3","m3",-1.03921844911054,-0.16503075373912,-1.04872955370923,-0.0442152581029865,0.343095485016083,0.833028419412167,-1.66422516485113
1193,13674,"s3","m3",-1.08412051537298,-0.162093711396645,-1.02499852530507,-0.0404108813226161,0.430870637600411,0.783522241520601,-0.90290239432162
1194,13680,"s3","m3",-1.07626112509309,-0.260615305378988,-1.16271976567619,-0.029975213350068,0.364988937811654,0.782279293278271,-0.252706544535656
1195,13686,"s3","m3",-1.02795423189898,-0.276518066996634,-1.07610938394196,-0.094156433407614,0.567166723118812,0.57196623156919,-1.72431355072136
1196,13709,"s3","m3",-1.15882012414814,-0.247813929744769,-1.0678755265386,0.0049897729821131,0.321469730978209,0.837652461299497,-0.275646395741228
1197,13714,"s3","m3",-1.27460193833071,-0.3043123140852,-1.24474468992904,-0.137062252057025,0.0710280598124591,0.521797949505819,-0.0560240730482975
1198,13721,"s3","m3",-1.14604017491698,-0.230806019365717,-1.14558911526443,-0.0337496447895494,0.238159486415269,0.784141048038952,-0.771339646920428
1199,13738,"s3","m3",-1.06816215045939,-0.242369467469593,-1.07891269246918,-0.164429452967409,0.425076649001242,0.610513742926703,-0.365547670867171
1200,13743,"s3","m3",-1.14542576700157,-0.20169279326952,-1.14890542263581,-0.0392501319019672,0.423884409932942,0.741575141685424,-0.337311008843288
1201,13761,"s3","m3",-1.00550701095209,-0.174996038305076,-0.98502182372413,-0.0461503258108486,0.596004424344909,0.713531535771639,-1.56948936851109
1202,13773,"s3","m3",-1.11036958405519,-0.258512349089947,-1.11536311791413,-0.0343401452576699,0.447582911871498,0.866880202292166,-0.547196237108351
1203,13774,"s3","m3",-1.08046649322177,-0.230071314682906,-1.09650272535501,-0.00593963022920648,0.406736143896221,0.760307358293203,-1.55194611486063
1204,13778,"s3","m3",-1.18980875001323,-0.256924204149396,-1.13573740946967,0.00983056238690273,0.34701318510096,0.836969543337735,-0.243704171559429
1205,13786,"s3","m3",-1.06933752561054,-0.290829021066569,-1.0583609622291,-0.116876618581238,0.441574726012407,0.519846691496249,-1.82820232824706
1206,13829,"s3","m3",-1.12347414612691,-0.138275175680297,-1.07460799676199,0.0456930401745852,0.445528820531112,0.865653332756445,-0.716008169565829
1207,13842,"s3","m3",-1.19253216176856,-0.379272161403092,-1.14431065456189,-0.192446163061438,0.375378985436047,0.534679553515825,-0.52326339422227
1208,13860,"s3","m3",-1.13430831881611,-0.19456998791884,-1.21836326561071,-0.10844188061019,0.539247061191952,0.714978064187831,-0.540464813299278
1209,13865,"s3","m3",-1.11347602595219,-0.324424919085239,-1.02402100051795,-0.0700304688491673,0.241024026796476,0.662819609491603,-0.941159458609369
1210,13866,"s3","m3",-1.01349925550501,-0.114152651485008,-1.1308197303207,-0.0187075172178604,0.345590942315738,0.695350076831245,-1.32126794128379
1211,13896,"s3","m3",-1.12768302325265,-0.298151962244981,-1.07955520495208,0.00543636230155391,0.320727896948723,0.756538818182064,-1.39405521979113
1212,13899,"s3","m3",-1.03998133879945,-0.17774327193025,-1.12870224232363,0.0372824607815126,0.394323577352192,0.794333252914814,-0.845233723810132
1213,13907,"s3","m3",-1.16398024102375,-0.27457468565746,-1.31920404331563,-0.190339491329727,0.111709330625898,0.660493983371514,0.0898160858705067
1214,13915,"s3","m3",-1.17053525485707,-0.348562006507046,-1.24962609216653,-0.00435952794025904,0.10374362547036,0.725634162650394,0.360031668768822
1215,13923,"s3","m3",-1.19719109184067,-0.278949239001311,-1.08541443193855,-0.0546007907027672,0.321771623767048,0.50639626648258,-0.716069678172461
1216,13970,"s3","m3",-1.09486570151722,-0.205938538977148,-1.1240110734799,-0.0290561336867482,0.424375863799577,0.626612606855363,-0.798192159629124
1217,13980,"s3","m3",-1.00917118948431,-0.294593313803553,-1.0486716382268,-0.110820697110202,0.379443472239196,0.500710696956469,-1.13785499726792
1218,14018,"s3","m3",-1.22837247664625,-0.274064933856299,-1.22671195633012,-0.0630568408858151,0.282737886927329,0.572251907360838,0.348493592492874
1219,14027,"s3","m3",-1.15046442163167,-0.233760939132581,-1.04588823176058,-0.0463327858119142,0.339656185727338,0.667378744743502,-1.3238010336582
1220,14032,"s3","m3",-1.13172372030085,-0.356590460484006,-1.04933017677022,-0.141617242823898,0.499467317942567,0.419196792570346,-0.670903084499293
1221,14074,"s3","m3",-1.16684872394817,-0.230342604125838,-1.16125628321607,-0.0556133142607708,0.505024718995233,0.752209561692197,-0.415786207193171
1222,14080,"s3","m3",-1.09841795769585,-0.2985735684806,-1.07311338584276,-0.149122600990018,0.426501178047477,0.647412219315873,-0.751950688345973
1223,14081,"s3","m3",-1.1670888962315,-0.254571958855495,-1.22605302046006,-0.116109566888391,0.508800485972042,0.523637336190844,-0.707470899621048
1224,14129,"s3","m3",-1.00971214793757,-0.239112184745617,-1.17034728356752,-0.110417605371154,0.145324012641331,0.659973900868661,-0.155138619011725
1225,14134,"s3","m3",-1.08419722474883,-0.234534474984274,-1.14632534833425,-0.196390779380716,0.349970147340173,0.353078797598773,-0.867584074273244
1226,14146,"s3","m3",-1.12691509575135,-0.207043564578663,-1.1348054733658,-0.00584676787976678,0.228696744676508,0.785820195082028,-0.336959237101308
1227,14154,"s3","m3",-1.29165155890765,-0.223627557601156,-1.09096219402539,-0.0455840284498659,0.19202780288574,0.670680026305904,-0.37465212718196
1228,14174,"s3","m3",-1.08228379565663,-0.129717903371477,-1.08980737463264,0.0479485275846934,0.385247168138233,0.871906468721203,-1.30662054841044
1229,14177,"s3","m3",-1.22889564660049,-0.289905723644316,-1.2035652862476,-0.0816232017893035,0.189284306385323,0.556711091812917,0.133614867012361
1230,14184,"s3","m3",-1.03642532425874,-0.267139921719872,-1.02703545197618,-0.20240572495613,0.497702068119744,0.405598801772038,-1.90694847810145
1231,14187,"s3","m3",-1.18274067581782,-0.251531557361812,-1.05596967341044,0.0261116555195805,0.379465971665467,0.940520358705279,-0.718475599675184
1232,14202,"s3","m3",-1.07926120720778,-0.256444675011417,-1.04128994174169,0.00578699641384881,0.521438688955004,0.531278852779919,-1.01707576337312
1233,14217,"s3","m3",-1.10888170421379,-0.197142139315216,-1.09121397278961,-0.0524203588093799,0.4197926015048,0.779116706349103,-1.15889880473781
1234,14220,"s3","m3",-1.09791908030468,-0.245120387371603,-1.03746874428724,-0.0636337655511296,0.466375234497805,0.626379011925056,-1.33681354877477
1235,14223,"s3","m3",-1.06561277197163,-0.33672380833882,-1.04206073483107,-0.100129368401546,0.49506127969797,0.439823456727545,-0.951285621533535
1236,14272,"s3","m3",-1.1846646639071,-0.166428105927459,-1.23864724062851,-0.0968400254466429,0.390699477610171,0.846499922926296,0.00350589622374983
1237,14351,"s3","m3",-1.11283924157007,-0.309103929256077,-1.07782914952575,-0.144035413431793,0.282530372775737,0.638435912372776,-0.368013035466173
1238,14379,"s3","m3",-1.12650965374002,-0.253478654025438,-1.13853759031047,-0.183533293727288,0.48968053149048,0.65057292301208,-0.210095745925816
1239,14397,"s3","m3",-1.18020426844572,-0.229488220297908,-1.10676764915058,-0.123010284804527,0.282617574091503,0.657601032387206,-0.306560722931029
1240,14409,"s3","m3",-1.14583315491036,-0.204987923034263,-1.0329751024644,-0.0446939992374979,0.457253726227042,0.749696195037812,-0.883157242453049
1241,14416,"s3","m3",-1.02545948358115,-0.235177407640117,-1.08695956357746,0.0329969690777713,0.464414914124688,0.712342495497954,-1.713286015322
1242,14437,"s3","m3",-1.13864101367618,-0.155573474118857,-1.17057585818304,-0.0816056455988972,0.192211663872883,0.835014500727919,-0.47804554845018
1243,14460,"s3","m3",-1.14239261208096,-0.121771798485865,-1.17974430474993,0.0821342636349114,0.423666011362704,1.00826800262732,0.168815223966601
1244,14479,"s3","m3",-1.15047192035395,-0.242269704698714,-1.12920845545867,-0.0132625637870251,0.323183613069081,0.829555365043173,-0.0716121243687132
1245,14491,"s3","m3",-1.10420379153414,-0.247843718823761,-1.17167143854228,-0.0623659238610139,0.432452224202544,0.630191805466117,-0.940160780709162
1246,14502,"s3","m3",-1.15354554767476,-0.138923865934036,-1.12403301582352,-0.0511361710272787,0.415897551021947,0.826062325232512,-0.850311444315741
1247,14508,"s3","m3",-1.03567403296765,-0.310243009205355,-1.01969350691421,-0.0358896849287593,0.476320736036958,0.601727836054004,-1.26657576162435
1248,14517,"s3","m3",-1.13244868976828,-0.24607922443055,-1.01471538538967,0.000802186883476812,0.527202764456706,0.710042388537948,-1.13532088267045
1249,14521,"s3","m3",-1.13571577833964,-0.254509751393511,-1.15873732912281,-0.0266730014095824,0.328411039977649,0.821691453035517,0.0743805750525223
1250,14532,"s3","m3",-1.08011438904196,-0.227863487541027,-1.03679447747819,-0.0171191836408727,0.3405088446286,0.765147193437272,-0.778893608834456
1251,14547,"s3","m3",-1.02710678403137,-0.218887950812702,-1.15577362469952,-0.144189707679663,0.437491538332913,0.632821647055305,-0.991910218993995
1252,14559,"s3","m3",-0.978294711224624,-0.32745006675217,-0.995623776494127,-0.122306389125171,0.512308503368229,0.656487890058429,-1.1025493819285
1253,14564,"s3","m3",-1.18034230605864,-0.252964755941411,-1.08130171900254,-0.0600459762349873,0.377227682806703,0.84631629003609,-0.519775663047082
1254,14581,"s3","m3",-1.1675629007159,-0.278362755083674,-1.12468110692239,-0.0761926712778721,0.431895088129796,0.63838016145748,-0.253344419782581
1255,14584,"s3","m3",-1.21704684944359,-0.219881997661058,-1.20638637547357,0.035950565587878,0.152089048226304,0.74329288804689,0.422789860453453
1256,14624,"s3","m3",-1.15211936267223,-0.156858898394574,-1.12910811743033,-0.0238533995518235,0.372553343245199,0.646208099005768,-0.0647874401828518
1257,14627,"s3","m3",-1.07073698920711,-0.297788413712778,-1.08548536662043,-0.118044766450654,0.346843056404892,0.450953300093746,-1.14732249070705
1258,14645,"s3","m3",-1.09294091266129,-0.284747450190499,-1.13117565169824,-0.188250620119579,0.326515300699472,0.551173711076202,-1.872516722174
1259,14647,"s3","m3",-1.07124069158073,-0.156732971943042,-1.03625745520351,-0.111106553502454,0.402756784656544,0.834546229116027,-0.661696963335998
1260,14662,"s3","m3",-1.25457738676195,-0.390630824009135,-1.15469271180846,-0.130570088771918,0.216395901810324,0.46577796982794,-0.365433974081708
1261,14676,"s3","m3",-1.11110984518569,-0.283360861628412,-1.12641998724329,-0.0465870655741535,0.375834154878084,0.59452534401904,-0.886300904655283
1262,14678,"s3","m3",-1.12411870326054,-0.419241854501452,-1.15829041797434,-0.0709035579815455,0.334723703988012,0.546217670682591,-0.212261566656788
1263,14685,"s3","m3",-1.19476410366397,-0.223171573014906,-1.17764858163528,0.0412203158015728,0.222314939935138,0.907111598019378,-0.488636860915415
1264,14693,"s3","m3",-1.1142954409531,-0.302349848010693,-1.04527922136419,-0.167027410064706,0.44100914376368,0.627117441153933,-0.635018068543646
1265,14704,"s3","m3",-1.01680356290732,-0.227864378146285,-1.03703046040735,0.0295493402625358,0.368149430897436,0.792681303685483,-1.17434251197944
1266,14707,"s3","m3",-1.17139192718115,-0.313249386678665,-1.11913380137308,-0.0215175990112801,0.438327706129878,0.662489883230869,-0.267888353398394
1267,14716,"s3","m3",-1.13699539393311,-0.200236567623981,-1.10078770712848,-0.0117708145421012,0.330803001802496,0.817431209908791,-0.407120961466038
1268,14754,"s3","m3",-1.20929663056739,-0.247841256459102,-1.1587064124677,-0.0327684882092739,0.249393811037891,0.676045704476224,-1.08420826177495
1269,14758,"s3","m3",-1.16349158822443,-0.188639917872795,-1.19703513970467,-0.0979568493726239,0.387299257273926,0.778573670212922,-0.482645484587575
1270,14760,"s3","m3",-1.17914178877845,-0.200080123859329,-1.21762458372232,0.0267259032281449,0.269171518346061,0.729821659975463,-0.114737185285588
1271,14793,"s3","m3",-1.05472602603548,-0.338296993896026,-1.09473263800129,0.00948208291141648,0.422094251642159,0.765296644225229,-0.69282099062287
1272,14811,"s3","m3",-1.04724772358897,-0.275262204185377,-1.15904528251415,-0.282432848021277,0.287900277865416,0.318991776929741,-0.724872753600801
1273,14812,"s3","m3",-1.12162207792715,-0.201677139057935,-1.1633165625246,-0.128309445180451,0.271278547565873,0.563186782369509,-0.113529132441479
1274,14813,"s3","m3",-1.13084209758385,-0.201872030730721,-1.11028909140482,-0.0890223708322369,0.356284342997371,0.649536797728633,-0.331437189738237
1275,14824,"s3","m3",-1.24726672880665,-0.36651327947223,-1.15425200924854,-0.127092495206484,0.313171215150913,0.514864669503148,0.174424726157001
1276,14861,"s3","m3",-1.090648510669,-0.239975900425681,-1.08134712725844,-0.0902110447888478,0.369159424558983,0.547021882947788,-0.976876850412149
1277,14866,"s3","m3",-1.16872735254534,-0.229975515210652,-1.14782251151632,9.5186863864327e-05,0.172645808607651,0.696985027702705,-0.139836361361714
1278,14869,"s3","m3",-1.15756158171009,-0.226583357966421,-1.16821230833657,-0.0848801446930399,0.527854650484056,0.57443737103716,-0.28360024171879
1279,14870,"s3","m3",-1.19640245722083,-0.221271242357502,-1.20892104823794,-0.0990340456780375,0.170055213731753,0.692420431806641,0.448731855669842
1280,14885,"s3","m3",-1.11770749292767,-0.174872926277954,-1.2028756741281,-0.167893737570284,0.375307432863873,0.565230034255662,-0.480063578892872
1281,14895,"s3","m3",-1.11661968826865,-0.222082552755335,-1.10808654105909,-0.212677097724443,0.428259128841177,0.58765207027732,-0.197850266131743
1282,14908,"s3","m3",-1.12846050013046,-0.304171005553332,-1.23102231581563,-0.0965115353141335,0.332677966641994,0.551199404445031,0.00517778102179756
1283,14917,"s3","m3",-1.07825557069982,-0.254272472650126,-1.05192390172638,-0.0584516013596601,0.421946979797972,0.78543870479164,-0.643547740763053
1284,14922,"s3","m3",-1.15742558686675,-0.314687633596705,-1.1605545543055,-0.0228129142437557,0.25507146258898,0.775363452125345,-0.219521315273237
1285,14932,"s3","m3",-1.2738995394011,-0.122720942740029,-1.0678672588357,0.0931930627105974,0.320910634584448,0.923376399503736,-0.500705575506931
1286,14933,"s3","m3",-1.1539762988195,-0.187958316698292,-1.10099077934031,0.0110588526423592,0.252824493740105,0.723480496429304,-0.893100593278062
1287,14954,"s3","m3",-1.13430389653549,-0.219042045574931,-1.12792673290222,0.0141699168863666,0.278955094821354,0.638055417466044,-0.848174772477451
1288,14958,"s3","m3",-1.07064427450318,-0.246145673891831,-1.05212403660525,-0.0432236124850678,0.358556522501764,0.499904985758018,-1.15466121323251
1289,14975,"s3","m3",-1.28766975917356,-0.213473599519244,-1.13550135399983,-0.0796466300314321,-0.00487098405441753,0.653655558838646,-0.357036139368377
1290,15014,"s3","m3",-1.05449256400482,-0.29701586519917,-1.14724726957253,-0.0718121080364869,0.138848225534029,0.585461349614555,-0.615318546116422
1291,15036,"s3","m3",-1.01240841139364,-0.111225761802191,-1.12206036766625,0.0276290889174406,0.503899434707499,0.985397765581819,-1.42802827633069
1292,15048,"s3","m3",-1.21563294058667,-0.340741359368834,-1.13773512349816,-0.26201543274462,0.300163154107819,0.263686279610698,-0.0597356837855708
1293,15049,"s3","m3",-1.19845111780348,-0.116893738471441,-1.09841864790711,0.105548265040357,0.305249358884733,1.04469086140298,-0.468647008013835
1294,15063,"s3","m3",-1.24839061779212,-0.185830422547545,-1.19549990905773,0.0395276209344246,0.187760632755339,0.859450701017985,-0.559564961723888
1295,15087,"s3","m3",-1.20797522076229,-0.268942092446162,-1.04785553497671,-0.0141352712165693,0.302408056828403,0.81292574911035,-1.03017757088028
1296,15091,"s3","m3",-1.16471265831318,-0.198099874218136,-1.15935426011017,-0.0421602692340838,0.129234902658632,0.553314319335062,-0.210031198667721
1297,15100,"s3","m3",-1.10650713021446,-0.228877257391215,-1.04838904314755,-0.0575270104572424,0.356851188089375,0.825832042744841,-1.85557780926789
1298,15103,"s3","m3",-1.0973993213976,-0.11815120141672,-1.0030888599418,-0.0738295996228605,0.466474746989876,0.761663428202968,-1.51582598282905
1299,15105,"s3","m3",-1.04783835178043,-0.263612584797104,-1.16612027463318,-0.175059779836966,0.421576006007407,0.399570368499688,-0.39766708116297
1300,15125,"s3","m3",-1.21862379035697,-0.227787773092181,-1.13620073102607,-0.148232155524244,0.222230217071992,0.560252617324359,-0.351381425323853
1301,15131,"s3","m3",-1.11534978490638,-0.404130626399596,-1.12457173658118,-0.0690814288194071,0.423420127237384,0.709598734385517,-0.0353010815301495
1302,15133,"s3","m3",-1.17959371090463,-0.262499367562491,-1.14164900073516,-0.155428174822618,0.404725121666548,0.54776995120523,-0.782370790047027
1303,15138,"s3","m3",-1.13999460797785,-0.0889862466594336,-1.1383282880336,0.0556422851134583,0.482042110139015,0.89818666234838,-0.512786945504252
1304,15140,"s3","m3",-1.07464474004545,-0.337714434118193,-1.10449941838897,-0.0493366313749852,0.470053636349651,0.624497638251695,-0.747945121863909
1305,15146,"s3","m3",-1.13365913380549,-0.273644767412954,-1.20841131642921,-0.0791203501356114,0.242586213134109,0.64044435942647,-0.37212347619746
1306,15168,"s3","m3",-1.03179008120204,-0.163695902021201,-1.04642520871255,-0.00476031614884704,0.233268112571561,0.840924387018309,-2.18025873562558
1307,15193,"s3","m3",-1.1410306337298,-0.212508800888373,-1.07736994383797,-0.016499263172658,0.333339172604245,0.793017854859112,-1.72824681221696
1308,15197,"s3","m3",-1.04031178857078,-0.214517247738611,-1.08021480076037,-0.168630295175647,0.37803468532847,0.600938009915759,-1.25793155439325
1309,15204,"s3","m3",-1.21173876491988,-0.236275928436705,-1.05368732117797,-0.0852320823406316,0.445858298469087,0.76358753975046,-0.87506698075303
1310,15216,"s3","m3",-1.15292615115197,-0.169729533928931,-1.12903346643827,-0.123205753198184,0.398106584050598,0.798561449216819,-0.758371197283249
1311,15245,"s3","m3",-1.22646749022564,-0.291894430368668,-1.12657514464847,-0.105875329854746,0.409900591318407,0.574283563325463,0.10208032102894
1312,15272,"s3","m3",-1.20445405954006,-0.227347300201862,-1.2009242739853,0.0170028580936189,0.214492763435267,0.720570315101793,-0.299021810788329
1313,15275,"s3","m3",-1.10038370494241,-0.300402445236639,-1.15938758673282,-0.0938754130960778,0.368971134394361,0.65101236057435,-0.49076680137602
1314,15282,"s3","m3",-1.26001804468221,-0.261359290157352,-1.22765517516575,-0.104537067292314,0.106595298678522,0.611192942215174,-0.238433604588496
1315,15291,"s3","m3",-1.04626347443924,-0.192128374778621,-1.11121870763894,0.0790577950588408,0.468418528085137,0.826172521204246,-1.14131270327375
1316,15321,"s3","m3",-1.06273652146555,-0.432310911313794,-1.12794015875659,-0.166611690454164,0.490740807531229,0.40836573102684,-0.634211321825717
1317,15342,"s3","m3",-1.18443505824515,-0.30172090377366,-1.18717312008614,-0.169372971353887,0.335040370378438,0.571053223976812,-0.376416012153419
1318,15363,"s3","m3",-1.1680775548103,-0.292560585253813,-1.18273474934443,-0.146610437863609,0.350604792372624,0.500358445017216,-0.043228711574654
1319,15365,"s3","m3",-1.15247768141225,-0.231205569105455,-1.0377927923185,0.0548701399832219,0.406418917835186,0.76028722152439,-0.558784065449686
1320,15368,"s3","m3",-1.05840038244715,-0.237256573386373,-1.06602772092175,-0.097871524309195,0.453801496032154,0.595887226872735,-1.39343311602037
1321,15401,"s3","m3",-1.14247077034023,-0.233308853445666,-1.18673826082253,-0.0882585599836937,0.320003869800447,0.727598738421152,-0.318733505431625
1322,15408,"s3","m3",-1.11816993876162,-0.333623855681961,-1.16317774982695,-0.182000308268707,0.34465853955115,0.512518530897242,0.117178820846403
1323,15414,"s3","m3",-1.14266027951983,-0.241799638318635,-1.12767763093719,-0.0686479541003474,0.423879823937154,0.801137625369273,-0.744603897182711
1324,15436,"s3","m3",-1.15362318041787,-0.317419627775629,-1.17986948413695,-0.166318109690655,0.367358961338429,0.499819529803854,-0.183389269674301
1325,15439,"s3","m3",-1.09264834147042,-0.271736744900118,-1.19695204793152,-0.100296595069096,0.335475176969595,0.602074901914223,-0.00294454459057216
1326,15445,"s3","m3",-1.0911662342676,-0.203833687529548,-1.04195098153248,0.00876607414255368,0.285995415497951,0.614878002264772,-0.186017609216334
1327,15452,"s3","m3",-1.09638231138994,-0.298595268107774,-1.17037015295027,-0.140795294393009,0.261170040773447,0.4229404456826,-0.292713983729693
1328,15466,"s3","m3",-1.15685985251503,-0.377447191685367,-1.10628397436214,-0.22916722730004,0.214871766954596,0.264601462650861,-0.264046846310332
1329,15474,"s3","m3",-1.14852979530474,-0.155659602480328,-1.13202992407129,-0.0420436095463228,0.439726803882771,0.61598233894253,-0.314243353223393
1330,15475,"s3","m3",-1.04232241596341,-0.301070097965215,-1.06886800132256,-0.0415844842389342,0.467112179288494,0.613014158376574,-1.41979995527874
1331,15477,"s3","m3",-1.10434741175761,-0.181438130488856,-1.18193916374776,-0.0583890454690441,0.32103132182505,0.62312616225831,-0.543175469827948
1332,15479,"s3","m3",-1.16710081221531,-0.196974414335542,-1.18343825884355,-0.0931032331878605,0.460293538927565,0.689332299395485,-0.177821998335038
1333,15486,"s3","m3",-1.20001334886202,-0.24327609671358,-1.15510635592952,-0.227517527532648,0.300104802872473,0.565986106990858,-0.31435158931727
1334,15491,"s3","m3",-1.03184993694981,-0.196113826348135,-1.01123347370108,-0.0232391421338111,0.455110161686728,0.638654896470705,-1.26134818656524
1335,15514,"s3","m3",-1.14348523536108,-0.381380654921139,-1.16007766149521,-0.126774144595661,0.237659887881378,0.620744461250176,-0.0802387900923164
1336,15547,"s3","m3",-1.12000808213506,-0.133109598010493,-1.12720174796549,0.0310178006251296,0.228634704419867,0.860571892898274,-0.50908935596292
1337,15574,"s3","m3",-1.14720813458825,-0.335523680510633,-1.11699063539391,-0.197301837169865,0.217537777889584,0.273921591376133,-0.761829553337799
1338,15585,"s3","m3",-1.10310018537189,-0.113604060906665,-1.04840926534712,-0.0768572964334439,0.304181318388703,0.653326278926328,-1.07270301662787
1339,15586,"s3","m3",-1.15321582265722,-0.103726309353156,-1.23834083648225,0.00592817936850272,0.264924758679776,0.883888743638016,-0.228069284860689
1340,15597,"s3","m3",-1.12924041338571,-0.25370099699626,-1.10179072960078,-0.109724922295963,0.221466721113983,0.657026006544679,-0.219176727294299
1341,15603,"s3","m3",-1.09252962412195,-0.213781503480987,-1.11613176206567,0.0362742017620506,0.257421045052399,0.926313944202801,-0.895611738761499
1342,15625,"s3","m3",-1.15557401950874,-0.159386464857938,-1.19428630209467,-0.0102196573796562,0.308762808595597,0.67395816689142,-0.212019464829749
1343,15669,"s3","m3",-1.16725241656745,-0.290117524630172,-1.09698702592957,-0.0925053078748307,0.328397275155807,0.671356037757507,-0.727916387756171
1344,15676,"s3","m3",-1.07713937372828,-0.200903064508234,-1.08434602412065,0.00324624593001998,0.421668447064973,0.771570911024498,-1.14398447814108
1345,15681,"s3","m3",-1.16807990668608,-0.252155045730864,-1.15970039181556,-0.0998080656862643,0.412636731067283,0.567680425701411,0.298332389863177
1346,15685,"s3","m3",-1.29846050939675,-0.32687106229681,-1.11014687596567,-0.114497886060442,0.276184696630358,0.695904381992974,-0.156272154487358
1347,15691,"s3","m3",-1.12573884197229,-0.278938628169797,-1.16934159323234,-0.106182043223166,0.285339638879585,0.62331565634122,-0.117995437254414
1348,15723,"s3","m3",-1.16217721006908,-0.16960613494769,-1.17362613626282,-0.0724339791108867,0.283614004145208,0.796167351502278,0.133613878360106
1349,15728,"s3","m3",-1.07788406206039,-0.243267802206104,-1.20157004548127,-0.212074369472258,0.299265689098851,0.532977194791611,-0.829266749804834
1350,15748,"s3","m3",-1.03480578646508,-0.167607674408051,-0.944224609267366,-0.0718077938441972,0.48468287376866,0.756262949886201,-1.81313355087506
1351,15763,"s3","m3",-1.15925408962059,-0.222196438194203,-1.08233817493083,-0.0662648426063158,0.451121305150495,0.576688293923455,-0.668788724358926
1352,15765,"s3","m3",-1.10095326868795,-0.460246269572602,-1.07321418361858,-0.167770258509792,0.331352013757971,0.580696609219496,-0.893509615861428
1353,15768,"s3","m3",-1.17353630621656,-0.167966837118096,-1.1260552386408,-0.0918559253335099,0.420869286666227,0.730157790665203,-1.12396649442223
1354,15779,"s3","m3",-1.11487307325883,-0.288322419454519,-1.05410359954143,0.0293373340857251,0.388824759087131,0.631454946601453,-1.02399820916674
1355,15818,"s3","m3",-1.04920823332655,-0.355774784081505,-1.0825684657106,-0.0837135790541466,0.403259249123218,0.519538534655279,-0.902737912759408
1356,15820,"s3","m3",-1.2037536416641,-0.210236416358166,-1.20610065005291,-0.000490561192560232,0.139246220395192,0.897102996408563,0.27228652297767
1357,15825,"s3","m3",-1.0264088793777,-0.236155915205411,-1.05318334125831,0.0150636297758467,0.502821765173176,0.627868586932574,-0.7698216685949
1358,15852,"s3","m3",-1.25101633110203,-0.0949666433605914,-1.1808977101554,-0.0263978837073573,0.129641980348771,0.839853116643575,-0.204714447090318
1359,15889,"s3","m3",-1.13413274109142,-0.29230895960632,-1.17100229428362,-0.101040129002889,0.203676578412404,0.495735173449583,-0.0828937275736222
1360,15898,"s3","m3",-1.13989511360858,-0.179536855654233,-1.13798619181725,-0.130230472562327,0.493684978329316,0.717453001933,-0.132855983719478
1361,15919,"s3","m3",-0.978259570454682,-0.264662030324757,-1.05061522337826,-0.0714782675879612,0.56423048553141,0.613306917823879,-0.59079800520124
1362,15923,"s3","m3",-1.19005174395841,-0.208408850328782,-1.17358463007455,-0.00831922813873379,0.169044132726235,0.685879998674587,-0.508659558195169
1363,15925,"s3","m3",-1.08273617764949,-0.251209169379416,-1.06454222808182,0.0219945596082448,0.494772505129508,0.777533184712974,-1.50366134697301
1364,15930,"s3","m3",-1.16125233413323,-0.26762734737308,-1.20523346822786,-0.0377315156243069,0.346677544738553,0.706546846818235,0.108570289940172
1365,15954,"s3","m3",-1.2499425149141,-0.218899092048782,-1.17122975556828,-0.0725883291051252,0.324981977226644,0.653251830224677,0.00213030380388765
1366,16054,"s3","m3",-0.931862886459124,-0.301094120859984,-0.922304463386189,-0.0913253096079735,0.616124984535058,0.497220080738127,-1.90056169401144
1367,16075,"s3","m3",-1.09297042631283,-0.301816569897389,-1.02301017195799,-0.0578908397020249,0.546788778933265,0.699026817732752,-0.800869468779754
1368,16091,"s3","m3",-1.11897876800306,-0.183129060350353,-1.16813578149195,-0.0154142427492987,0.242904611323451,0.845110221450269,-0.567468939377994
1369,16105,"s3","m3",-1.07797814082376,-0.17625614659669,-1.1332384662456,-0.0723339250128291,0.357420324777446,0.674138517385014,-1.31712684645502
1370,16119,"s3","m3",-1.2074407983376,-0.206311390208536,-1.2516118390766,-0.0442067459624237,0.243716912299468,0.753678846637687,-0.064105082668614
1371,16126,"s3","m3",-1.18119776315961,-0.258939770901933,-1.20286733502809,-0.0320962089568153,0.383838401937396,0.802545381253841,0.137924504354772
1372,16129,"s3","m3",-1.10875661549742,-0.250668880696073,-1.13262095254141,-0.0645770352697286,0.366759282414417,0.679076427509299,-0.348682328672536
1373,16141,"s3","m3",-1.10547691181609,-0.22370206455677,-1.0146349174461,-0.0631963187974275,0.453140817038464,0.714453172668673,-0.896093440177131
1374,16152,"s3","m3",-1.08089862767729,-0.295799554287251,-1.02351334885218,-0.0806590209216657,0.427934306479548,0.512899487139717,-0.951837714916545
1375,16160,"s3","m3",-1.16274499079059,-0.283299095968423,-1.16043004122002,-0.206496714975175,0.333461257262654,0.582784211738355,-0.205814691988523
1376,16181,"s3","m3",-1.01523033219725,-0.26309283286137,-0.990059953971508,-0.0022378936059109,0.532964650632378,0.760252971699965,-1.85040505753747
1377,16186,"s3","m3",-1.0380750472879,-0.280871551918457,-1.11155611138102,-0.058913387916998,0.606744658852652,0.641620113536026,-0.782271206072946
1378,16199,"s3","m3",-1.13021914491872,-0.229380182028278,-1.17978951146597,-0.0708469310045929,0.40426549186392,0.835120440403119,-0.0898459506103269
1379,16234,"s3","m3",-1.23213338685444,-0.17864119748719,-1.1912473249854,-0.00624304149947336,0.0396392523264791,0.66316444480834,-0.452186819541757
1380,16245,"s3","m3",-1.09203963075013,-0.17982030727561,-0.950253546739674,0.000211170848337024,0.585004985967501,0.76112178130035,-1.58453592473415
1381,16249,"s3","m3",-1.08975221008776,-0.327582924735955,-1.09325977746418,-0.0512322756772789,0.337692507833109,0.677674792811625,-0.462933411098597
1382,16253,"s3","m3",-1.16854526444447,-0.29289037503274,-1.14531057547092,-0.0390291853288218,0.388457489564968,0.7445219990178,-0.0885626457987944
1383,16261,"s3","m3",-1.12391205251634,-0.398421204463136,-1.18785679591448,-0.11513015599801,0.351288351055326,0.571119258846763,0.0800654832364572
1384,16284,"s3","m3",-1.12933948285427,-0.306844242138701,-1.13797302703726,-0.105620520797305,0.358116634980103,0.652436621132989,-0.351875978520038
1385,16291,"s3","m3",-1.1030635400041,-0.245129502312382,-1.18691662513728,-0.1096999376347,0.333000975425018,0.498035459317268,-0.50767701303904
1386,16294,"s3","m3",-1.13461048191504,-0.246347976914747,-1.20412463320523,0.00602328449754917,0.0871856443274781,0.829190515281179,-0.433098513012702
1387,16312,"s3","m3",-1.17291241368759,-0.155115203871606,-1.20045754824789,-0.0681380226882548,0.147059241060098,0.673126308473375,0.238442703876102
1388,16318,"s3","m3",-1.14017259270508,-0.268614998746504,-1.1236008961673,-0.10859353882384,0.42385437868366,0.583725098273237,-0.830014645895958
1389,16340,"s3","m3",-1.0730985055983,-0.118071264461902,-1.23042239301772,-0.0545310802497998,0.42525382260811,0.872682458234292,-0.129624425777246
1390,16347,"s3","m3",-1.05842083147854,-0.209292232866969,-1.12201451521775,-0.157934780846087,0.344910498123855,0.586826861139815,-0.878482170653404
1391,16360,"s3","m3",-1.06534134945594,-0.282200331918138,-1.10656294301225,-0.0440763212021812,0.489737124552717,0.548759796913326,-0.37832062620306
1392,16371,"s3","m3",-1.13763115408383,-0.262562137547325,-1.05499640213734,-0.0683390104570679,0.560357143588633,0.694680079018449,-0.683806309941994
1393,16387,"s3","m3",-1.08906605401292,-0.287831579518275,-1.06124249814753,-0.0933837665050978,0.458863630629551,0.626233726848772,-1.22383495154496
1394,16422,"s3","m3",-1.10521366343322,-0.180291287617145,-1.06284516753716,-0.0219184150934303,0.460447300232895,0.666194847754179,-0.403787129413765
1395,16447,"s3","m3",-1.02701720389617,-0.277357639932355,-1.02614963530167,-0.0945048747773268,0.542061097619922,0.610218073936889,-0.752969383492979
1396,16455,"s3","m3",-1.18221436696464,-0.169160469897432,-1.19702375099893,-0.0744309919924792,0.329412922688528,0.806598736528486,0.0480645920571887
1397,16488,"s3","m3",-1.05240443596371,-0.33230600662419,-1.13249608356269,-0.100966731449527,0.522563038942772,0.602600915923449,-0.709512369879826
1398,16500,"s3","m3",-1.03926730854884,-0.266835553432039,-1.0630293606571,-0.0607806763846222,0.438124364430456,0.702748094851084,-1.10752778356571
1399,16515,"s3","m3",-1.03701520812904,-0.296742537523479,-1.06520891444996,-0.121127236042594,0.460703554659683,0.549284774995412,-0.570304306296439
1400,16519,"s3","m3",-1.0861555620318,-0.383149748165704,-1.04607423625977,-0.294357834279779,0.563402121613262,0.131811405089837,-0.858971870326833
1401,16521,"s3","m3",-1.07986335297428,-0.107966604765721,-1.08858280578832,-0.107346079200912,0.403837130630277,0.845473680877168,-0.0601576531256359
1402,16533,"s3","m3",-1.08144310729612,-0.285874408571532,-1.07006348994832,-0.15149488946456,0.445665869501426,0.491304406274969,-1.2144438049035
1403,16543,"s3","m3",-1.12334527386527,-0.22514074031377,-1.04371374685452,-0.026788549864429,0.394028608734697,0.751549965300507,-0.512522337209174
1404,16553,"s3","m3",-1.04951749574918,-0.244802668898189,-1.09890969084067,-0.0712151046820424,0.288558189608249,0.66809230342161,-1.09440166729337
1405,16575,"s3","m3",-1.12355132202062,-0.241569912041048,-1.19600629931046,-0.141273775310847,0.088324462124193,0.560143503353218,-0.264653247822827
1406,16576,"s3","m3",-1.07881904424839,-0.0971246964438168,-1.07985597400961,0.122176999105885,0.227971021196711,0.965144602246016,-2.03692253817482
1407,16585,"s3","m3",-1.17837192951883,-0.222469705378608,-1.18115884128064,-0.0420613195657508,0.250887157367157,0.617413805419653,-0.738634416304078
1408,16598,"s3","m3",-1.24681170021963,-0.259643110089069,-1.13424991829253,-0.0291338810827686,0.380001386053294,0.78220095822109,0.0419847812513054
1409,16606,"s3","m3",-1.11890811552189,-0.286223661860891,-1.09502500129534,-0.11923820103281,0.427509832141967,0.67670112701447,-0.543289093919984
1410,16620,"s3","m3",-1.16531739018333,-0.345309493092431,-1.18689092067182,-0.00298764767881145,0.296420640477136,0.767222991610406,0.0794977103277617
1411,16639,"s3","m3",-1.13358241942617,-0.223094159314744,-1.1900270344041,-0.05140708315917,0.222133800225957,0.696560054284802,0.0145088469621247
1412,16652,"s3","m3",-1.11362246982313,-0.233240191503373,-1.11291681666833,-0.0994204826678128,0.508827794442377,0.848188645018287,-0.427705939427643
1413,16663,"s3","m3",-1.16743127082347,-0.182736432407687,-1.04624206163439,-0.0197108602881567,0.27476174150057,0.749812889909817,-0.644858068644196
1414,16665,"s3","m3",-1.05279910094334,-0.212574379670006,-1.08755273547266,-0.103996664868804,0.407268037781628,0.728861747974634,-0.445368975647408
1415,16708,"s3","m3",-1.13919876861987,-0.200494598875983,-1.20735414070553,0.00163566330332231,0.306633439984395,0.779044792274811,0.00135053739849891
1416,16724,"s3","m3",-1.03455688914482,-0.144595951758846,-1.04677731951359,0.0621289206433038,0.579609568335234,0.887467293171094,-1.90006550926391
1417,16725,"s3","m3",-1.08158563151005,-0.258012794598008,-1.04456734928352,-0.104514982561213,0.352821978318497,0.517446541880476,-0.740087405978651
1418,16742,"s3","m3",-1.05221892618389,-0.257808344804429,-1.04853254069167,-0.0508258479896301,0.548828717734517,0.803951854369897,-1.05521957947214
1419,16747,"s3","m3",-1.17209020804559,-0.277731048029179,-1.19663753318393,-0.0275025647301793,0.292932901115421,0.648610098190667,-0.15953915342585
1420,16752,"s3","m3",-1.17993298263687,-0.327209870145708,-1.1317201249937,-0.0800296802219595,0.458953138677637,0.732197473186362,-0.0456846080126908
1421,16754,"s3","m3",-1.18465123571779,-0.206121696836678,-1.18874802109414,-0.0754988088701832,0.26954521016392,0.648115415219738,-0.256012679378956
1422,16773,"s3","m3",-1.19038434475425,-0.147727073958833,-1.10026664439166,-0.0947559192847819,0.347597717591958,0.668120022845415,-0.605017359891197
1423,16781,"s3","m3",-1.07189520205805,-0.190516964106463,-1.03818835694519,-0.0292365744338902,0.430042601213529,0.678627214299707,-1.28375837343699
1424,16783,"s3","m3",-0.96966220105316,-0.11083977606635,-1.10545567909737,-0.110428014814316,0.457211212351856,0.631321039420242,-1.02322467491633
1425,16786,"s3","m3",-1.20787081719229,-0.305371994588204,-1.10540733954373,-0.0959515439747914,0.0725836350324418,0.667925827575133,-0.517698066544938
1426,16787,"s3","m3",-1.15952197442097,-0.217818193968755,-1.05597238314975,-0.137978231027475,0.444563516475956,0.552917702300785,-1.20367749197255
1427,16790,"s3","m3",-1.13239199150758,-0.162967275100315,-1.0243311559811,-0.00616882738923281,0.520703410265321,0.731282135902969,-1.68216228437034
1428,16792,"s3","m3",-1.15805792835269,-0.303431129282396,-1.19073660062071,-0.099937598370609,0.314075414714156,0.617983450087133,-0.26779454003699
1429,16803,"s3","m3",-1.12864767943497,-0.223439399609864,-1.12937408733096,0.00563353278995679,0.268675370228508,0.813405922696927,-0.495105808808978
1430,16815,"s3","m3",-1.0686996573962,-0.328179162383315,-1.16540663613159,-0.189716145837024,0.405885660426344,0.314591488506382,-0.348225244469548
1431,16819,"s3","m3",-1.15933800881662,-0.222963461296134,-1.17037554876007,-0.03436588904782,0.167689743955061,0.618559272902841,0.0178187216365739
1432,16845,"s3","m3",-1.17359442037787,-0.283461375829107,-1.11872423063185,-0.060983607341273,0.457838647595433,0.538637374052373,-0.0833069008189971
1433,16867,"s3","m3",-1.07674133474445,-0.253188127434897,-1.07913957732862,-0.221977664905418,0.335206401765156,0.576769601931588,-0.538940828596904
1434,16882,"s3","m3",-1.20249681372338,-0.202269514347725,-1.17454185823131,-0.0132924429058871,-0.056318198292133,0.713866446770971,-0.196044709957639
1435,16896,"s3","m3",-1.07589292400994,-0.18626199975043,-1.10741746471379,0.109107680855267,0.291776649221303,0.756463627715686,-0.853250050610035
1436,16911,"s3","m3",-1.12481525734985,-0.306018622912182,-1.21498752180046,-0.121708151217399,0.223769136628872,0.622157089048373,-0.53489492869512
1437,16912,"s3","m3",-1.11487137821285,-0.308760694886416,-1.18577521776242,-0.0821216507984498,0.377718232220352,0.770810681798021,-0.033859845834827
1438,16915,"s3","m3",-1.06045024843711,-0.151947276507481,-1.01126939417379,-0.0171227517688535,0.505328270564441,0.685841660369306,-1.2811839701167
1439,16945,"s3","m3",-1.14571193355924,-0.265731635083758,-1.22276774279757,-0.0947054719647192,0.297552369216665,0.69973716899796,-0.251794371048916
1440,16946,"s3","m3",-1.18438050953173,-0.19108827190395,-1.14927666897873,-0.0384120543793214,0.353717583127079,0.567839125290864,-0.24003541382362
1441,16953,"s3","m3",-1.12183319975281,-0.255553640943008,-1.09447556063634,-0.00997314673768817,0.207886747645163,0.668301881966198,-0.665818240409962
1442,16958,"s3","m3",-1.15724909604965,-0.301826553762208,-1.11162330401109,-0.244209389555374,0.442061710535338,0.403649337531109,-0.758941171970845
1443,16960,"s3","m3",-1.20245147836648,-0.148570360993131,-1.08377149982522,-0.126699612673017,0.313966905720876,0.666312618128368,-0.00237886372308007
1444,16966,"s3","m3",-1.10655857479606,-0.306433067099144,-1.11242048235013,-0.0371415450582209,0.308699153395069,0.591918433798944,-1.261938858796
1445,16968,"s3","m3",-1.13127299929466,-0.199823395114928,-1.02684155036471,-0.034405454438466,0.38415694232419,0.766025417259088,-0.955210031224236
1446,16975,"s3","m3",-1.06396165504056,-0.286734665835507,-1.17367219152875,0.023104547812361,0.161761475972084,0.771558077661945,-0.489672616819113
1447,17002,"s3","m3",-1.07078044600878,-0.218800922412097,-1.12525053268712,0.047468220936359,0.529150900363057,0.841164594982145,-0.651545789891388
1448,17014,"s3","m3",-1.08782859045491,-0.276908353653861,-1.03787858120277,0.00592159937920061,0.220084156961059,0.7527192119915,-0.922703281961909
1449,17026,"s3","m3",-0.970817928482042,-0.0910777510573405,-0.954165235483763,0.000752695291081706,0.668362942620566,0.791727308853472,-2.16729954958676
1450,17030,"s3","m3",-1.13044292594822,-0.24935739833107,-1.17135588992811,-0.165676472293414,0.228240101135557,0.516465051514548,-0.0501367908990087
1451,17041,"s3","m3",-1.17378256817901,-0.161808860114788,-1.13446718408733,0.0124758084283784,0.250376328200509,0.90250515075888,-0.372357116311634
1452,17047,"s3","m3",-1.08314268456024,-0.169293610795751,-1.0159813118054,-0.148649150687527,0.369778216740428,0.527921748130163,-1.40934516322622
1453,17059,"s3","m3",-1.23675318658572,-0.293344127974143,-1.23965143820122,-0.133413138856297,0.199341804478302,0.589145310746035,-0.0397072505578496
1454,17061,"s3","m3",-1.04333981324634,-0.186202390581045,-1.08063815161809,-0.160520616354747,0.420997897938745,0.579292084567137,-1.09938766786816
1455,17065,"s3","m3",-1.12380574421411,-0.191155185978682,-1.04480828116319,-0.119082771586746,0.418929309301859,0.761980129512296,-0.861229510053931
1456,17077,"s3","m3",-1.12070228668316,-0.176076157651492,-1.15113003563968,-0.158073168418136,0.43584619982191,0.724718539362575,-0.255961761291306
1457,17103,"s3","m3",-1.17802442332064,-0.268673266760833,-1.19182202828606,-0.119480788288228,0.333701234985524,0.506659318492283,0.0198127100375867
1458,17113,"s3","m3",-1.12090158393442,-0.140766364016225,-1.12337774302255,0.0340219120697395,0.342596403381432,0.849367553869113,-0.399003013870704
1459,17129,"s3","m3",-1.20784400060627,-0.247805785724332,-1.07291257527615,-0.104896750810765,0.368834211728787,0.62315574600324,-0.640588568012754
1460,17140,"s3","m3",-1.10922252930995,-0.17220437054242,-1.03997415624191,-0.066948158939323,0.495471857934602,0.770874542351053,-1.04889614252626
1461,17146,"s3","m3",-1.18392099040228,-0.239573730341145,-1.11654881445378,-0.135868347330389,0.347166714607339,0.634726442747105,-0.508738840047416
1462,17151,"s3","m3",-0.98425162892799,-0.31093777285613,-1.11067629659885,-0.107142647823247,0.394167100026164,0.731323759151071,-0.817818002418353
1463,17178,"s3","m3",-1.15142792244164,-0.278038024881965,-1.09456728164796,-0.0481824894211409,0.353212912971966,0.737645057700253,-0.236258661250372
1464,17180,"s3","m3",-1.18568292431578,-0.167386656851611,-1.26825141243805,-0.122308945864965,0.43501654635982,0.709303766584397,0.389403001164877
1465,17189,"s3","m3",-1.17663826758531,-0.243094345831068,-1.09176801439565,-0.0573178370962339,0.429490655177694,0.669352177375859,-0.15713233126638
1466,17194,"s3","m3",-1.17155570934507,-0.132561819159474,-1.09456009875853,-0.176676321828397,0.469199636671512,0.757283679252713,-1.04813540974578
1467,17195,"s3","m3",-1.08772151552363,-0.301507591139781,-1.07885294551656,-0.081027599313416,0.299925366723597,0.569860110098413,-0.442524384001096
1468,17202,"s3","m3",-1.08392795545269,-0.318554524680576,-1.10708548030064,-0.165983685240181,0.386772819687544,0.549283049735158,-0.47224834039226
1469,17210,"s3","m3",-1.17571468092986,-0.310069642745851,-1.1548353705214,-0.130173641088885,0.238530028246297,0.46099715035003,-0.101286420701111
1470,17230,"s3","m3",-1.19142557828009,-0.165202277364603,-1.22754520607143,-0.076912573725937,0.0556872021050734,0.656910321510202,-0.522838290480321
1471,17236,"s3","m3",-1.22903881943766,-0.170247000258568,-1.25249214255625,-0.00155285205324486,0.223700911409194,0.715044706016313,-0.00939433077849555
1472,17237,"s3","m3",-1.09976281056129,-0.349802446896231,-1.21902706999341,-0.169957646526334,0.351782943950298,0.570192734070075,0.0342770747100146
1473,17245,"s3","m3",-1.08920748926883,-0.299231702196599,-1.05979919485376,-0.0485843940421282,0.205504924241035,0.723438920476611,-1.62877474438428
1474,17252,"s3","m3",-1.16046744377318,-0.180586738104924,-1.22081826005818,0.0557223495201802,0.250121515428056,0.819376280414534,0.0771525118045209
1475,17255,"s3","m3",-1.23134559359222,-0.294146997406746,-1.20416388874018,-0.348019733723057,0.27978556958091,0.638895659394931,0.160354944048874
1476,17267,"s3","m3",-1.0898566570812,-0.240855533807979,-1.08210992022804,-0.0618864352261541,0.648059458178859,0.80879972082513,-0.557355521259957
1477,17278,"s3","m3",-1.11949505568798,-0.262717574062168,-1.13829048012031,-0.206257553561951,0.379890823533182,0.630695387583032,-0.385790476332642
1478,17288,"s3","m3",-1.11550536597342,-0.210113191647016,-1.11895159246708,0.101952666171377,0.295897425046131,0.868361035859815,-0.209858399306344
1479,17291,"s3","m3",-1.11140897290784,-0.238895708278116,-1.14334221024697,-0.0100477984755501,0.24731218244553,0.810916384897113,-0.570201238587294
1480,17292,"s3","m3",-1.17269961508945,-0.224210271982536,-1.20541532102239,-0.142614958325127,0.233135350443275,0.552669339705141,0.16425535510012
1481,17308,"s3","m3",-1.16668259114221,-0.240823290400384,-1.21900104998693,-0.165538827137642,0.384972979101106,0.719373594068885,-0.226956045219279
1482,17318,"s3","m3",-1.18751910585855,-0.312368478107072,-1.0459205005261,-0.269300268236629,0.313223374432646,0.491984443004926,-1.03452814339532
1483,17326,"s3","m3",-0.98333014779467,-0.201501974467577,-0.89858901416151,0.0524223670054679,0.714751318249253,0.751063553527255,-2.04143142737316
1484,17345,"s3","m3",-1.06132298842748,-0.18680754138822,-1.14252157065191,-0.0343216841531304,0.335750300312116,0.749212596290932,-0.47178931665401
1485,17368,"s3","m3",-1.22721170229484,-0.132666746845045,-1.11217217059274,0.0431121539332826,0.0972307196921154,0.862800690264749,-0.207076068911781
1486,17402,"s3","m3",-1.07811230276091,-0.281582651198528,-1.08924090287543,-0.0304513863654278,0.519264191577215,0.501309026273974,-0.487640203207811
1487,17413,"s3","m3",-1.08784531269631,-0.353888903210714,-1.15755266021921,-0.154409494402873,0.369918826309577,0.458111562821989,-1.20743876380521
1488,17419,"s3","m3",-1.01298354200262,-0.227253721512906,-1.09176127495104,0.0979448449441951,0.413855797427009,0.940122893003333,-1.23519408698253
1489,17428,"s3","m3",-1.04172879983884,-0.297511350718447,-1.01336142073205,-0.156748506340282,0.733901093808352,0.47536159703879,-1.43594939389086
1490,17437,"s3","m3",-1.20021949940709,-0.194052247249501,-1.17386077781534,-0.0888014551730775,0.336479776403774,0.721377344940125,-0.124914091562296
1491,17442,"s3","m3",-1.15589754382318,-0.142404167206366,-1.08682235460565,-0.0251930167242554,0.562711177975029,0.71653222594948,-0.528566727675542
1492,17445,"s3","m3",-1.05177329629194,-0.231859948369257,-1.09598066923813,-0.0457712847335302,0.267141828386221,0.848666268708493,-0.663544991886617
1493,17467,"s3","m3",-1.1304863224629,-0.22041790484075,-1.09942918992245,-0.0985912441190624,0.48486289255841,0.744397863698918,-0.369845513257908
1494,17474,"s3","m3",-1.19297047057289,-0.276823854909007,-1.0855589183879,-0.0550730049958261,0.455028530594594,0.705954825518292,-0.455855390084245
1495,17477,"s3","m3",-1.21668161492788,-0.220323504792373,-1.11116774033885,-0.0533481666033674,0.367126128097916,0.729840400883743,-0.47580985121904
1496,17480,"s3","m3",-1.00909627015838,-0.157782678860937,-1.03166699991788,-0.0325379113549988,0.433144275702359,0.646888233715351,-1.10285708873033
1497,17491,"s3","m3",-1.20812985286941,-0.198122776584301,-1.15412896765306,-0.205466535585747,0.320259992828012,0.729709375057861,-0.365770443121854
1498,17502,"s3","m3",-1.23093012505421,-0.248720525944387,-1.17114568728022,-0.00802150643597522,0.098136486087699,0.87953100995271,-0.163191492918063
1499,17507,"s3","m3",-1.05846471897294,-0.245785433290356,-1.1222619591792,0.069597099920037,0.2376128491288,0.751030794016874,-0.459076808285475
1500,17508,"s3","m3",-1.09929890055698,-0.164469915056069,-1.13801514885644,-0.137597461467134,0.323696216472525,0.847888304787731,-0.431996238146501
1501,17541,"s3","m3",-1.14070193056622,-0.237739554725241,-1.18351647279303,-0.00669489588427459,0.40020736113651,0.675938216894789,-0.340060266486441
1502,17544,"s3","m3",-1.09292333525504,-0.123559537881531,-1.02638311229677,-0.0438863182402018,0.509114567638026,0.862367159613855,-0.5810986071359
1503,17546,"s3","m3",-1.20990839044347,-0.226166409457398,-1.17199393052703,-0.0723889747908041,0.182586671413314,0.6886071690594,0.192169592564794
1504,17577,"s3","m3",-1.17235635914634,-0.199671562350438,-1.08536853685236,-0.13994120242229,0.249602090477111,0.76166566223911,-0.654795889900303
1505,17578,"s3","m3",-1.05574940893944,-0.205568000281255,-1.08277861375182,-0.110627562617439,0.44985603819282,0.639545383347169,-0.624352697483908
1506,17579,"s3","m3",-1.09006704975255,-0.273910309866297,-1.1436469541003,-0.116551208712644,0.378569931974297,0.651441163734692,-0.360914753305692
1507,17581,"s3","m3",-1.08802283848773,-0.252413930540982,-1.01522421130494,-0.0491446039060022,0.339309789448517,0.556974860851544,-0.874036091083264
1508,17582,"s3","m3",-1.03295123713229,-0.260484455523387,-1.0456975051814,-0.198933532230822,0.488592497597679,0.643516658024817,-1.12165216459014
1509,17591,"s3","m3",-1.12689412745211,-0.320022910488113,-1.11780578438915,-0.0539023598690763,0.437888064235009,0.368794056999221,-0.337653552506764
1510,17601,"s3","m3",-1.04870824856459,-0.0883400521109702,-1.15416144089739,-0.109782799581912,0.390963726910555,0.75921539738282,-0.723401732488937
1511,17615,"s3","m3",-1.25690536245306,-0.307697359618884,-1.24089929092574,-0.126270341486956,0.045463551270177,0.712643189075101,0.0868800114073563
1512,17616,"s3","m3",-1.29382360078561,-0.330556711414259,-1.11651347803665,-0.106985653920572,0.275100685327185,0.675680276741267,-0.145883346478803
1513,17626,"s3","m3",-1.01976727664047,-0.237040957167443,-1.03771340326163,-0.0371259576732282,0.608290899598194,0.758964423298498,-1.18095049753885
1514,17638,"s3","m3",-1.01261391910968,-0.289242907160245,-1.06705264078629,0.0110896839305335,0.598517252896714,0.779062342481675,-1.14044457172192
1515,17652,"s3","m3",-1.06433782569522,-0.150303732283744,-1.16652082461575,-0.0295150854685441,0.421284658216262,0.659959367608894,-0.665240452306796
1516,17658,"s3","m3",-1.10237123098248,-0.30813930357042,-1.12011289794888,-0.154815701982782,0.200557773165198,0.643618363138879,-0.893028829960659
1517,17669,"s3","m3",-1.20694602665167,-0.323689021809076,-1.11407368789851,-0.185404909468445,0.491018837892222,0.466989227121152,-0.0867615140611191
1518,17680,"s3","m3",-1.05263807257854,-0.156266594815417,-1.04453455595797,-0.0722934810490652,0.398895648850037,0.533349737507191,-1.35592215260805
1519,17682,"s3","m3",-1.15480215733496,-0.164697331407351,-1.07596480245525,-0.0407267880509354,0.31195597422478,0.734537895440238,-0.904334114393365
1520,17695,"s3","m3",-1.08534385189418,-0.144081545397424,-1.11649481189308,0.00428915173699424,0.365676079236391,0.865534191323732,-0.598416156199167
1521,17707,"s3","m3",-1.10941239742994,-0.320973435170891,-1.13361879256126,-0.0459457190689667,0.290917573691925,0.617025479720877,-0.103550427902116
1522,17730,"s3","m3",-1.29156780226294,-0.327345669068876,-1.13558328530873,-0.0189274408801383,0.0891601949946819,0.635415787071732,-0.0303001648652668
1523,17734,"s3","m3",-1.08944159400059,-0.325471845153119,-1.12309471859402,-0.144812155181284,0.240385254483184,0.56557273948732,-1.27132985771436
1524,17744,"s3","m3",-1.11950770706968,-0.27536574771675,-1.14206558013908,0.000109476816204207,0.463119013702654,0.579456090554184,-0.437419011650086
1525,17755,"s3","m3",-1.13678613910905,-0.224308855659385,-1.07993358905072,-0.0161953644899927,0.42216060532538,0.724177382303318,-0.937193323313647
1526,17767,"s3","m3",-1.01925731514985,-0.285231837106639,-1.0484868634922,-0.0202479090167509,0.478915127455052,0.625867703482908,-0.945248354478688
1527,17781,"s3","m3",-1.07645378831086,-0.218535676746254,-1.08201960887962,-0.10987214344808,0.373967158548272,0.708741822305622,-0.795138706560781
1528,17785,"s3","m3",-1.15212151690487,-0.211763791183335,-1.11385131825267,-0.141888240927192,0.40151318831558,0.747497923046393,-0.541311549998777
1529,17790,"s3","m3",-1.0700613061774,-0.244582158636338,-1.06544031490855,-0.144804372891059,0.569419148202569,0.708254824499915,-0.430344160671941
1530,17791,"s3","m3",-0.997853854668255,-0.350316864742578,-1.08738574977308,-0.123744807646995,0.398580579225408,0.554747994774158,-1.38327508912707
1531,17792,"s3","m3",-0.977928870396368,-0.230807369545084,-0.943635580005487,-0.0792148027757742,0.657556380624396,0.450259009883263,-2.40021489755423
1532,17808,"s3","m3",-0.996154950378297,-0.160079557447168,-1.13662574276413,-0.100668279560368,0.430181878450287,0.557785137459114,-1.38508720622354
1533,17825,"s3","m3",-1.1338651011972,-0.252559829547947,-1.13074003311871,-0.0750589039278269,0.451151780586815,0.507802548176608,-0.496415455075938
1534,17847,"s3","m3",-0.919071867371067,-0.28260038113721,-0.982326322441478,-0.106942362589095,0.595120651445966,0.521552716235875,-3.47185046181365
1535,17855,"s3","m3",-1.1557894425719,-0.418747281007241,-1.1301541492322,-0.235268386824247,0.361534980271731,0.25943803597944,0.0379695731443318
1536,17869,"s3","m3",-1.13730239255669,-0.278553230062887,-1.04874471406135,-0.0626168308274971,0.368820406069802,0.726961726423951,-0.48912783379174
1537,17878,"s3","m3",-1.19423198750861,-0.207105546431839,-1.15409530573143,0.0708854729737707,0.215369168480908,0.813636992026296,-0.805285807986953
1538,17882,"s3","m3",-0.979537093391484,-0.205162527969989,-1.07207211629858,-0.0249686991956823,0.549137073917414,0.708223788478501,-1.56149910573006
1539,17890,"s3","m3",-1.15038984326767,-0.185188072528699,-1.06317548216229,-0.0429490205341399,0.535450823883132,0.754071265942412,-0.146820535849766
1540,17911,"s3","m3",-1.14623734735624,-0.191596889272597,-1.12595406426811,-0.0697389306541393,0.456651248080368,0.661408812813196,-0.84386303362719
1541,17915,"s3","m3",-1.15936873738028,-0.286486003782686,-1.15634154940921,-0.0994141439302416,0.22464203656116,0.67805210670733,-0.110102888783973
1542,17922,"s3","m3",-1.12853168033662,-0.215057949299877,-1.13498021169012,-0.0486052485937865,0.261773578158608,0.532875867127863,-0.566672373102325
1543,17941,"s3","m3",-1.20286620836693,-0.243844468350512,-1.31242169288045,-0.103429958682655,0.123064841538403,0.726349900364555,0.413737214370242
1544,17942,"s3","m3",-1.13949768556403,-0.232027892869576,-1.11117426120595,0.000606635703394944,0.386340947615275,0.742812173314109,-0.824467728810968
1545,18000,"s3","m3",-1.13766863444907,-0.457032368306724,-1.14982521518577,-0.166170264084117,0.274986219017372,0.51528594438105,-0.786868757960894
1546,18008,"s3","m3",-1.02261793731922,-0.210884075510536,-1.04677695720667,-0.08726468546263,0.470247673007482,0.646824270930633,-0.847693178832837
1547,18030,"s3","m3",-1.04188826828279,-0.261546226678688,-1.03090110486952,-0.14931525058263,0.484866331275651,0.605854093651997,-1.54302087843795
1548,18039,"s3","m3",-1.09297418223767,-0.28004407889871,-1.12697036329999,-0.0282595879149406,0.262447208463724,0.714280898216974,-1.23646701940599
1549,18041,"s3","m3",-0.947279929258998,-0.193468538186494,-1.05541933911135,0.0446479512852508,0.503648199974381,0.844917077617121,-1.84493676740749
1550,18047,"s3","m3",-1.18530655002634,-0.267370402908431,-1.17556168963048,-0.0839482055590826,0.230108008673741,0.689800492137601,0.120853949261885
1551,18057,"s3","m3",-1.00206448655757,-0.296328861332234,-1.03956401615765,-0.0138295237574088,0.532561763196821,0.715043696389649,-1.35207319790699
1552,18064,"s3","m3",-1.13450666412178,-0.134458090214458,-1.14280091015606,-0.165014178850704,0.341432806501162,0.682127524071086,-0.294796178887236
1553,18071,"s3","m3",-1.25865484605236,-0.249358241839039,-1.18797780762536,-0.0227191503421414,0.145324767983942,0.881760057839006,0.0527143159279359
1554,18116,"s3","m3",-1.14409069008736,-0.208778545476962,-1.11104192791118,-0.0773619862118462,0.304156754237297,0.725292502182197,-0.633056075888529
1555,18118,"s3","m3",-1.24665981881547,-0.260193861534455,-1.21444958450372,-0.0441771546238244,0.197336279051707,0.789915704116444,-0.424200661016584
1556,18119,"s3","m3",-1.26334170578549,-0.271115287392978,-1.20657927770575,-0.159130843602655,0.181197976374415,0.535770228070046,0.21841992857002
1557,18122,"s3","m3",-1.1334803661452,-0.172476577651894,-1.09480415620585,-0.0903801821669186,0.428863164279559,0.737963488839997,-0.518779485321416
1558,18134,"s3","m3",-1.01605818569302,-0.270519333217042,-1.08286440490641,-0.0370232134634227,0.412423688690854,0.633599821655289,-0.713237454066468
1559,18138,"s3","m3",-1.10935515448177,-0.21539623533876,-1.03368720154425,-0.0895530916439119,0.456911162018517,0.646641057074518,-0.937240270458378
1560,18148,"s3","m3",-1.10592793464467,-0.311088614612012,-1.08787049831977,-0.218840801260821,0.312171024510378,0.429558530441041,-0.755530211098391
1561,18165,"s3","m3",-1.02615145962884,-0.284323965435552,-1.14868272641299,-0.0966182363233924,0.413753055875402,0.650574431074468,-1.65911580519495
1562,18168,"s3","m3",-0.999736982208094,-0.074049820486203,-1.05610235601631,-0.0714812840841166,0.359288738549774,0.679903470255702,-1.86837650071114
1563,18175,"s3","m3",-1.07362440308757,-0.246402817200394,-1.14689585198432,-0.0842656651921306,0.313543829958176,0.580974296732114,-0.502690028267064
1564,18203,"s3","m3",-1.20019013497116,-0.257323200863342,-1.18398293587086,-0.0534320748016835,0.309180240813962,0.665552930786917,-0.563811345091395
1565,18214,"s3","m3",-1.16676154291003,-0.133640435474625,-1.14396904195944,-0.0703262030629749,0.358360364244937,0.747454420361276,-0.196757576418094
1566,18226,"s3","m3",-1.06217474711751,-0.254553283056165,-1.13890992936292,-0.140960232161855,0.467741898866707,0.793826294667932,-0.400919351422238
1567,18238,"s3","m3",-1.17616591235722,-0.230959047127643,-1.15317062706384,-0.0514609042642525,0.456987372155175,0.698562210272413,-0.282454846689908
1568,18245,"s3","m3",-1.14188693959466,-0.24487992011774,-1.12634716068206,-0.020393884293449,0.465053206866442,0.771085945671277,-0.745208640796448
1569,18251,"s3","m3",-1.18264478646506,-0.285991274331071,-1.13160184568288,-0.117621128940496,0.32280620464376,0.415971826144068,-0.440014439304429
1570,18259,"s3","m3",-1.12776731391787,-0.234604408460531,-1.06458481885377,-0.003558952178716,0.420207093518311,0.779348805730422,-0.366325530016831
1571,18265,"s3","m3",-1.12252590794571,-0.337281877184956,-1.04353681448684,-0.0219037176935966,0.419579994759241,0.648983595667648,-0.626272683139801
1572,18276,"s3","m3",-1.00107543017609,-0.215622119309466,-1.0323471328707,-0.00261038021273663,0.460920778285241,0.868551713211398,-1.33674491492185
1573,18287,"s3","m3",-1.15724054598402,-0.373799894724904,-1.20833230571894,-0.204236306272483,0.250982607931504,0.449969382723991,0.127716972770008
1574,18293,"s3","m3",-1.04712481624967,-0.307517250241264,-1.06569053936774,-0.0364054852104019,0.633298264199439,0.667487080396924,-0.903605011925073
1575,18305,"s3","m3",-1.04615093229825,-0.156160193678922,-1.08293073666776,-0.0234504689651418,0.44004155641593,0.737906406685334,-1.01192589796731
1576,18307,"s3","m3",-1.08897461460622,-0.246494252011204,-1.03773395147581,-0.00400693302029471,0.505028319656413,0.799194405196678,-0.807985066250106
1577,18335,"s3","m3",-1.06425270550837,-0.281010893320081,-1.07103840373488,-0.0691534977042193,0.248493029859045,0.642529468963284,-1.18702647307998
1578,18342,"s3","m3",-1.148770330979,-0.156960352170697,-1.13638375285029,-0.0357320500330569,0.347501995540867,0.748172519790186,-0.591442153087994
1579,18366,"s3","m3",-1.00926858123287,-0.295808295980097,-1.02491249162469,0.0362363995395929,0.506202584099027,0.79275378222837,-1.33694967804797
1580,18385,"s3","m3",-1.01283889827913,-0.320674575960941,-1.08684192491574,-0.043447705506174,0.453786078875579,0.70108477966685,-1.25316186834704
1581,18402,"s3","m3",-1.04603707182227,-0.107772856790527,-1.07315031273179,0.0176367188487495,0.242546673596519,0.814332083860864,-1.92572033813562
1582,18410,"s3","m3",-1.07664230078175,-0.133867804902265,-1.10923820720142,-0.0216569563650765,0.310984069144883,0.740916672311137,-0.685566933794952
1583,18414,"s3","m3",-1.20674375424446,-0.289453384628473,-1.22117219790401,-0.143087314905532,0.147919206586404,0.46501022735602,0.0357396656874013
1584,18417,"s3","m3",-1.14766112237539,-0.199257544382249,-1.04966508975144,-0.113208153219458,0.374380091211271,0.573168212762833,-1.09262264792626
1585,18421,"s3","m3",-1.14155445136879,-0.173041857432284,-1.11869332343733,-0.0747414963494324,0.332585974154068,0.720525150396379,-0.310614591763565
1586,18435,"s3","m3",-1.12902387801485,-0.198932725170059,-1.07218928669213,-0.0428799235197517,0.391588020508103,0.695977640245184,-0.999108889001433
1587,18438,"s3","m3",-1.01140443124666,-0.161707690211268,-1.03395983441395,-0.0189504409233952,0.367932432251188,0.758431310619553,-1.58490607376177
1588,18453,"s3","m3",-1.14043242084517,-0.245142069903489,-1.2101887342245,-0.113627941053985,0.287630666972921,0.445172283630617,0.00581238867947811
1589,18458,"s3","m3",-1.10803909369242,-0.183073004979391,-1.07061846468662,-0.0344302668230462,0.285386350557333,0.820279725522467,-1.0160420409751
1590,18459,"s3","m3",-1.2365255681152,-0.242788290736736,-1.14822545452445,-0.0601473123847227,0.372231540236786,0.591857187892292,-0.0286147047807181
1591,18476,"s3","m3",-1.30425489284189,-0.419222674976845,-1.2471710459486,-0.251420766957481,0.245350272150634,0.438162513250943,0.265870619766613
1592,18482,"s3","m3",-1.0462467181855,-0.211455580067025,-1.01955382013453,-0.117051120913526,0.604275810556811,0.672844370352449,-1.07505277726117
1593,18492,"s3","m3",-1.17594396208818,-0.233436219855008,-1.19055681503058,-0.209583141760531,0.26101649701441,0.392253214315192,-0.164215339454694
1594,18511,"s3","m3",-1.24179158619373,-0.411550062806927,-1.1922024077793,-0.138818861300384,0.416206476287464,0.58120608790419,-0.0301953840606418
1595,18518,"s3","m3",-1.13793619850058,-0.138385688526565,-1.1892764060255,0.0477637986658687,0.26285094428505,0.961564041262365,-0.608834735312884
1596,18529,"s3","m3",-1.21859215851839,-0.290941424501865,-1.14298008991896,-0.121754623734613,0.32070113049209,0.491690629594094,-0.412632875366144
1597,18533,"s3","m3",-1.08136850496035,-0.241003522151105,-1.10388078229372,-0.09281310486641,0.517447536397431,0.683112166059059,-0.882234308046626
1598,18602,"s3","m3",-1.19767956416756,-0.0938040160695341,-1.15299260380564,0.0762080827594648,0.413317697471782,0.945194474579709,-0.100697896059656
1599,18607,"s3","m3",-1.18413342814748,-0.167525160793716,-1.07653766203375,-0.0396493878768068,0.348225303314107,0.656067290940224,-0.696752786842723
1600,18625,"s3","m3",-1.14658155010061,-0.152169770079553,-1.20648762050612,0.0914017048855183,0.321107069993261,1.00114777773046,-0.335792562742762
1601,18629,"s3","m3",-1.12899044305123,-0.180058811720004,-1.03315270403355,-0.0920636868817808,0.368887985975039,0.520091282010488,-0.963198107829666
1602,18636,"s3","m3",-1.14403193227957,-0.297202202374611,-1.13856658531086,-0.055951472689918,0.258592556761909,0.746923097082765,-0.246203090534986
1603,18656,"s3","m3",-1.12471703497108,-0.24071486989411,-1.161881207775,-0.0959102353648349,0.361667518295738,0.734820094270871,-0.384350658432211
1604,18658,"s3","m3",-1.10769355903407,-0.257236361971328,-1.10669697866407,-0.00106196237585424,0.277237701002893,0.658530175828157,-0.738539295635484
1605,18680,"s3","m3",-1.1634294959764,-0.22701239233245,-1.10899397433808,-0.087024479004621,0.39360400483179,0.520019725472789,-0.676425737997596
1606,18705,"s3","m3",-1.11265898239517,-0.206776315875081,-1.09954623218365,-0.0745201136044705,0.365142271940601,0.894705197567399,-0.567188193274369
1607,18723,"s3","m3",-1.20088088716225,-0.248727168510386,-1.21065644044739,-0.280800066965066,0.252377607167559,0.35777364960105,-0.26904514081189
1608,18724,"s3","m3",-1.20620769727073,-0.254955269602267,-1.111914689973,-0.0974475618431738,0.00957825799951605,0.658390325849618,-0.0967018451129363
1609,18744,"s3","m3",-1.08739161103803,-0.238012190572144,-1.11118162886685,-0.0669317714481421,0.472746754482371,0.692771884490597,-1.05192600670847
1610,18754,"s3","m3",-1.08309608260253,-0.222351812745088,-1.14991994233183,-0.171632051974828,0.410881815328219,0.625098640733801,-0.457771142473959
1611,18764,"s3","m3",-1.05203612785814,-0.12582007761041,-1.00341333744353,0.0442596275552138,0.414275180303733,0.881800441303486,-1.51326353842916
1612,18795,"s3","m3",-1.06986592010022,-0.289197689696627,-1.04807465631763,-0.10593522471892,0.475990681652748,0.645462010622819,-0.624981885206759
1613,18815,"s3","m3",-1.05046821470261,-0.171158227603614,-1.09567597902452,0.0287012881632698,0.502395630459352,0.913355051149626,-0.733757970569732
1614,18854,"s3","m3",-1.1638733115882,-0.293101363305996,-1.07173906088096,-0.0657723119879756,0.294309310197568,0.493671094428598,-0.589589833517823
1615,18858,"s3","m3",-1.07278172527673,-0.170442510680014,-1.05835631484718,-0.208110798146069,0.421590858136886,0.650896561132758,-0.726276783541985
1616,18870,"s3","m3",-0.953371747473328,-0.183174933397653,-0.94858601873622,0.0135370213018047,0.755259567965365,0.683086295891328,-2.24566236432296
1617,18887,"s3","m3",-1.16457148588885,-0.226621797352664,-1.19307470642389,-0.0974641632032901,0.198089517342563,0.672435897697899,-0.411740302964874
1618,18923,"s3","m3",-1.20907896620831,-0.315953596103167,-1.20029589141233,-0.109944269207819,0.245183068828925,0.53770244236234,0.40748187488101
1619,18925,"s3","m3",-1.15929258063468,-0.336625089175641,-1.15046113814538,-0.11698713542279,0.236242492598647,0.747082504057545,0.082163262327202
1620,18926,"s3","m3",-1.17360741633961,-0.252779793884905,-1.1176479874395,-0.105091875997738,0.10970151559509,0.575104654168402,-0.357162988259223
1621,18929,"s3","m3",-1.07510312547003,-0.290932973033524,-1.03000475436196,-0.138051371267325,0.474960470339502,0.69189194841473,-2.19535280129287
1622,18958,"s3","m3",-1.08138148337202,-0.273555708018,-1.12813119228999,-0.0549294458571548,0.355038566740331,0.73078316681534,-0.418497089309413
1623,18960,"s3","m3",-1.204222817552,-0.261471619437833,-1.08094561347613,-0.32947340427138,0.388666202482715,0.323897749528883,-0.769539742668193
1624,18985,"s3","m3",-1.13269551111578,-0.235692245727893,-1.18046933571352,-0.140594767546423,0.235505958825224,0.493145993620669,-0.540553119290284
1625,18990,"s3","m3",-1.08365085809319,-0.306412242565548,-1.12853637867486,-0.134423180074232,0.452572427542007,0.696506832248072,-0.194385993804198
1626,18991,"s3","m3",-1.12501606193418,-0.268408549832767,-1.07131738311646,-0.015087451154764,0.334863603811903,0.792990393625816,-1.38962563420749
1627,18992,"s3","m3",-1.20355905789935,-0.194972821745734,-1.12239102888107,-0.0167120136383323,0.403155937088568,0.757210591399567,-0.111858712959371
1628,19001,"s3","m3",-1.11730405089822,-0.226759360154155,-1.1359489952107,0.0223377575283063,0.321163813339423,0.693330737450333,-1.00358238135584
1629,19007,"s3","m3",-1.08166992491742,-0.317055503447669,-1.03882637348845,-0.0415970069130476,0.366158994558911,0.541048485425058,-0.762082336721326
1630,19014,"s3","m3",-1.14719612154144,-0.219984283615788,-1.12932739462484,-0.138724904211284,0.221454649055825,0.762083656847418,-0.574474729628124
1631,19027,"s3","m3",-1.16491861908755,-0.152349937124095,-1.1324360535656,-0.0862359899139719,0.386453988968287,0.747236581240397,-0.814550936636547
1632,19045,"s3","m3",-1.06433032332228,-0.111027184465794,-1.0733745948239,0.0204730328575587,0.241020611669743,0.82202072537472,-1.39974184194271
1633,19049,"s3","m3",-0.958588521753993,-0.172368065067504,-0.959854031468966,-0.127416142453564,0.645551416084513,0.563585026929075,-1.109235473084
1634,19067,"s3","m3",-1.05818344942628,-0.301823851391186,-1.06104212562401,-0.0791535969549604,0.208426351423001,0.715149084869806,-0.900185777559272
1635,19127,"s3","m3",-1.24420559391707,-0.143878120635767,-1.1270543288727,-0.134955059033414,0.125480104871506,0.559785090632678,-0.855456617698507
1636,19140,"s3","m3",-1.11173993681736,-0.244373480865628,-1.05664261591086,-0.022727083841811,0.476675448906632,0.69991736249883,-1.05400522361656
1637,19162,"s3","m3",-1.1180300465157,-0.232731995395053,-1.1677141732582,-0.125390586818009,0.369440375860169,0.739576162469562,-0.449173708354897
1638,19172,"s3","m3",-1.06796951759891,-0.116065343910713,-1.16327296918596,-0.0177471990781921,0.385665374372065,0.78231332126195,-0.45602547108695
1639,19183,"s3","m3",-1.11972173960826,-0.206338960798021,-1.00779006439841,-0.0733449388970621,0.53892348574601,0.584101426264868,-1.19800955606422
1640,19193,"s3","m3",-1.03956822645878,-0.274172218982414,-1.02694139641497,0.0152158834825289,0.607956044971696,0.624132605170793,-1.45851568200814
1641,19214,"s3","m3",-1.21697765332617,-0.421207165485286,-1.05268297865881,-0.348190456167197,0.229887624222307,0.263958399899111,-0.883399840336506
1642,19223,"s3","m3",-1.05688894016895,-0.159127747142786,-1.04658549645726,-0.0453902674663811,0.455789898693101,0.746350812421309,-0.936781938680451
1643,19226,"s3","m3",-1.1300993756322,-0.325588985474827,-1.10240674017707,-0.0212733910824,0.584581243794578,0.497746599466167,-0.72530709548264
1644,19227,"s3","m3",-1.04309375011159,-0.135465866357368,-1.06203116935858,0.0249584890258414,0.681704785769878,0.920067966256485,-0.827963409400625
1645,19278,"s3","m3",-1.16110030310694,-0.333652804064899,-1.13884937603221,-0.209116166631473,0.326360934882931,0.52698485044502,-0.852691671924165
1646,19297,"s3","m3",-1.12812069809166,-0.262378882511453,-1.11765244031946,-0.0480911327156979,0.317440112469951,0.625545364964824,-0.731329469909029
1647,19303,"s3","m3",-1.09157830901379,-0.321478221840052,-1.05765765073445,-0.154761342319311,0.422751392577887,0.432764875874079,-1.05546163241898
1648,19320,"s3","m3",-0.943694460807324,-0.23329483804696,-1.07329071563293,0.0583504411197241,0.573182938967165,0.846271341003161,-1.00138891212959
1649,19344,"s3","m3",-1.16121406810603,-0.294749697544886,-1.1897270557884,-0.0576607984748753,0.368341856760767,0.561329869052431,-0.441021091621243
1650,19346,"s3","m3",-1.07701383061433,-0.285909054965066,-1.10030818717767,-0.0431759653144664,0.394034383282554,0.66792037768176,-0.519345287028757
1651,19381,"s3","m3",-1.21166595313825,-0.288011174716317,-1.18142334167328,-0.18796500811346,-0.0676299752459869,0.502043009900004,-0.199684858941049
1652,19385,"s3","m3",-1.15945375550078,-0.296519901224615,-1.16875629357578,-0.0650184291493056,0.11828137911534,0.730741330508106,-0.75916600752794
1653,19386,"s3","m3",-1.10661986501741,-0.138039379835155,-1.03168015866185,-0.141623706757501,0.315053721766097,0.65742613403161,-0.52562669251775
1654,19396,"s3","m3",-1.2037166711926,-0.215704200234002,-1.09683225919838,-0.145286381442736,0.447289885142649,0.533221468161921,-0.454173600286365
1655,19397,"s3","m3",-1.23285233698422,-0.315334487479418,-1.21782817219611,-0.116611758271865,0.126909856547726,0.306171339047537,0.16987564234907
1656,19404,"s3","m3",-1.23073535049352,-0.285615087592498,-1.20027272345652,-0.083222723126556,0.365616174437274,0.609606486602457,0.0200146831383227
1657,19432,"s3","m3",-1.15438224246905,-0.284459155186908,-1.00419915942237,-0.197978248284358,0.31074225225782,0.511667597950292,-0.664690913062844
1658,19439,"s3","m3",-1.10081648088283,-0.255029464351965,-1.12891319636416,-0.148218877288571,0.413857949969254,0.520400165218111,-1.04386592837855
1659,19450,"s3","m3",-1.18170049369476,-0.205966655238612,-1.13199684148484,-0.203045554262889,0.254297671546567,0.484432673681968,-0.17038037072177
1660,19466,"s3","m3",-1.09847962741158,-0.223785351336499,-1.17236673323236,0.00182319069721599,0.529237082233921,0.808721978208077,-0.560431353812356
1661,19486,"s3","m3",-1.11967981328227,-0.200274418279159,-1.21311351290343,-0.047227276494306,0.315659070750502,0.730514940932418,-0.721180984769373
1662,19538,"s3","m3",-1.03219728851839,-0.161255385702665,-1.03675508596023,0.00716621615156987,0.484064608180379,0.74809743581465,-0.930985559780806
1663,19548,"s3","m3",-0.962672329354156,-0.187922963899706,-1.02072900979734,-0.0248778566464537,0.51557480122788,0.802399299867593,-1.33365704783896
1664,19584,"s3","m3",-1.09885248003016,-0.32709287050956,-1.1247283535277,-0.0287153058524459,0.362160188542911,0.742325753261953,-0.588891143794149
1665,19586,"s3","m3",-1.1410870223507,-0.138063652247059,-1.1579153994272,0.0591462522504267,0.333191300571245,0.921937053708997,-0.28499842779692
1666,19600,"s3","m3",-1.17021951133316,-0.308245631718394,-1.1487912432436,-0.105756116786116,0.184637947071896,0.527026598761523,-0.583639256579746
1667,19619,"s3","m3",-1.21897054021238,-0.274212322072655,-1.10985415334762,0.0136275054255659,0.410266566717796,0.753968780499564,-0.0258299014786945
1668,19634,"s3","m3",-1.17467403316186,-0.115891192452652,-1.10823774206716,-0.100648907666442,0.21688096199792,0.746920336042099,-0.539190184617812
1669,19637,"s3","m3",-1.18963166570031,-0.203557039381916,-1.18385116841163,-0.0738614522696276,0.409806014653292,0.725031506794563,-0.200437499093857
1670,19649,"s3","m3",-1.18511663592539,-0.182094850852815,-1.04957820364252,-0.138802324218194,0.414337707248587,0.593153791789915,-1.01771183963128
1671,19688,"s3","m3",-1.12455235772695,-0.349258459489285,-1.07093187945995,-0.113898450753384,0.323180757518224,0.578453933618593,-0.189528545809082
1672,19722,"s3","m3",-1.15758168988612,-0.289103386823634,-1.1955444708162,-0.0944120499569463,0.195162856675181,0.614565734182661,-0.288987218476982
1673,19734,"s3","m3",-1.17575048672804,-0.123580106578532,-1.10251295285381,-0.0636030774289441,0.34643817938521,0.808166155018497,0.0360832485645947
1674,19742,"s3","m3",-1.2505981754989,-0.307280021424883,-1.23141542207221,-0.0962242565156098,0.178308261578772,0.567072301083034,0.573584262514743
1675,19764,"s3","m3",-1.06602986016254,-0.214016116432682,-1.09731912292049,-0.121240432629931,0.396150483580517,0.642032990670548,-0.571302209352111
1676,19766,"s3","m3",-1.10410485406323,-0.168166431477196,-1.00939128288395,0.0450501658291226,0.50264176653524,0.908224105889488,-1.16365835953447
1677,19774,"s3","m3",-1.1591552352173,-0.268125746429942,-1.04524495610623,-0.0407534210025852,0.476931435440138,0.756528873817327,-0.642237154469215
1678,19788,"s3","m3",-1.059767647881,-0.16247815307464,-1.06267862608332,-0.125393805652587,0.418403477832286,0.708711046760451,-0.567430976853411
1679,19792,"s3","m3",-1.04081016630051,-0.33057070183702,-1.10149011416641,-0.116607615192959,0.361835327663684,0.434715795605173,-0.886053349115302
1680,19811,"s3","m3",-1.13253522834112,-0.260550443184856,-1.09357495154336,-0.0580655278640487,0.306270918926581,0.739699562881068,-0.761797942098934
1681,19813,"s3","m3",-1.10480717052413,-0.233608026380821,-1.08797011598332,0.0321454595647299,0.51916242528011,0.800699564113477,-0.00657431813176262
1682,19817,"s3","m3",-1.01306349824281,-0.224869424684341,-1.15772691062131,-0.10390744461145,0.481868717782012,0.672747396803599,-0.513532820291341
1683,19818,"s3","m3",-1.17039317434086,-0.257931276783864,-1.11265879631251,-0.113198276723198,0.187877555957911,0.605632522324772,-0.451599058154179
1684,19820,"s3","m3",-1.10645933013244,-0.403467277850012,-1.06658232409972,-0.19686170147632,0.555738116961644,0.525915106746167,-0.877110926735213
1685,19837,"s3","m3",-1.1358673060091,-0.223745321162004,-1.17647501408161,-0.172400164679465,0.383618264579857,0.70718659763781,-0.246607304416017
1686,19861,"s3","m3",-1.11430732727697,-0.371643345481499,-1.17712976793673,-0.166800587340388,0.411284330439198,0.505044992956849,-0.139287784785829
1687,19874,"s3","m3",-1.13049959783669,-0.156146332679104,-1.07403402377351,-0.0234391114692789,0.482782818529006,0.743216923951813,-0.676928908613368
1688,19883,"s3","m3",-1.14565434246827,-0.207716466849691,-1.19727688729412,-0.0575124114624093,0.338624176633209,0.645622144149481,-0.0768614718561005
1689,19917,"s3","m3",-1.24243155432071,-0.352783485265103,-1.27017041652484,-0.095369035367215,0.117105738341354,0.658521198919428,0.237870732302473
1690,19935,"s3","m3",-1.14345107377853,-0.193533789235434,-1.07235539874334,-0.0524634805328561,0.31749196795914,0.889615780257541,-0.138903778485764
1691,19944,"s3","m3",-1.17577917910966,-0.244627512694544,-1.18539443184877,-0.0772594391488443,0.422066012104071,0.545547501333835,-0.319635471311956
1692,19946,"s3","m3",-1.10374768612886,-0.211082403194582,-1.07859855618719,-0.130010832838545,0.273255279132009,0.676853769556311,-1.33330749108546
1693,19978,"s3","m3",-1.25498765531134,-0.316381250583253,-1.18692536142452,-0.063130374001269,0.160215074843099,0.589999262321059,-0.632203009954098
1694,19988,"s3","m3",-1.2244497642297,-0.265469474846634,-1.18428691842369,-0.139517456340372,0.22675617964382,0.440817210675125,-0.58702837282392
1695,19991,"s3","m3",-1.14700634620727,-0.397577702851957,-1.11026029636457,-0.286598666546008,0.255371071316055,0.329814755713359,-0.520062407370327
1696,19998,"s3","m3",-1.03144676814169,-0.151597496868598,-1.09075367016366,-0.0415352058524016,0.368285845816092,0.711228467996168,-1.20751094325208
1697,20015,"s3","m3",-1.09120932229987,-0.175394971393846,-1.03756608879621,0.039578281498845,0.352517498496682,0.710321094419341,-0.908063820967222
1698,20018,"s3","m3",-1.15579400477557,-0.378539956713451,-1.10369200804155,-0.183954240480913,0.318888808281218,0.387575611508615,0.15283058794884
1699,20019,"s3","m3",-1.14020585682266,-0.20928997139748,-1.06224778457266,-0.0371614294029403,0.535614657335476,0.822072589670409,-0.784157176603029
1700,20037,"s3","m3",-1.2017050311546,-0.20369294909231,-1.14772507858721,-0.0148970871835449,0.192677916583268,0.745742090238035,-0.586789283123367
1701,20047,"s3","m3",-1.09339693010392,-0.305150589172524,-1.03926239025721,-0.101804326504444,0.338654713495777,0.534602302199164,-1.2626024838709
1702,20048,"s3","m3",-1.11401123977979,-0.325233426885142,-1.14617765267034,-0.110588282152435,0.179514031356903,0.578582705905951,-0.368473838704989
1703,20098,"s3","m3",-1.09400142262907,-0.31497271240717,-1.19662215694504,-0.180632089930057,0.380604872280312,0.580513771340553,-0.467258055690696
1704,20103,"s3","m3",-1.07212319122187,-0.202551357320474,-1.13355902604086,0.0309976708308817,0.321226600774888,0.741949368105198,-0.815660201177965
1705,20118,"s3","m3",-1.10128003462171,-0.215646975571667,-1.15650559395619,-0.0609201029712664,0.31147111438608,0.693130581937123,-0.797912621561028
1706,20119,"s3","m3",-1.18024920324417,-0.233498606071504,-1.13774948047026,-0.141430753305269,0.27671814775587,0.787825118667112,0.0256563049096598
1707,20123,"s3","m3",-1.08081937284987,-0.216034623306622,-1.15407362275724,-0.0422285134865989,0.422333746604921,0.866566641422346,-0.702842008468614
1708,20125,"s3","m3",-1.02766225161992,-0.158822693237338,-1.07922737683409,-0.0120406333561651,0.460816541246432,0.956180568228366,-2.55692400133369
1709,20130,"s3","m3",-1.12983981688847,-0.302264956130125,-1.21355610224431,-0.035303409805527,0.248975998157239,0.651691104601641,0.169321441399212
1710,20155,"s3","m3",-1.1183730496841,-0.266087347924823,-1.15961260486808,-0.0170508452847456,0.421196752134028,0.703067340765087,0.0142338829561859
1711,20157,"s3","m3",-1.14395454437006,-0.27978998333818,-1.10908422773231,-0.10070481659232,0.252211387081354,0.608713820097931,-1.01233509853162
1712,20160,"s3","m3",-1.06322246999985,-0.160208251684636,-1.15625803220228,-0.0154126891486973,0.497012582399694,0.790218382424339,-0.938932041793157
1713,20168,"s3","m3",-1.15093701670793,-0.30192873545684,-1.21876445758998,-0.227212475139097,0.0540884224173889,0.654170101124602,-0.378692279228
1714,20170,"s3","m3",-1.2211513818879,-0.363689853824391,-1.15429356824551,-0.0995397276503624,0.167042430811606,0.752750655169295,0.0213951272366695
1715,20201,"s3","m3",-1.13909291960796,-0.318189355950543,-1.03123147080926,-0.00972092768288298,0.338267029609479,0.794636750307483,-1.15619388820742
1716,20206,"s3","m3",-0.97816892362593,-0.146857933061781,-1.06084934909577,0.011929661245766,0.440171098673875,0.865006102069797,-1.3052439996754
1717,20225,"s3","m3",-1.11290889026387,-0.256485105287777,-1.16022937023154,-0.254983995551818,0.453532475056079,0.565335745621424,-1.45244932651815
1718,20232,"s3","m3",-1.18550907759171,-0.292501348345321,-1.14852339559797,-0.166484018537688,0.267587498757638,0.45791187604266,-0.400336699258355
1719,20234,"s3","m3",-1.07990259997611,-0.128352245218407,-1.04234387008664,0.0411544450196184,0.422745966177273,0.80326583271636,-2.43125210436271
1720,20248,"s3","m3",-1.2279357921197,-0.191616804901596,-1.28412803251294,-0.115154869839112,-0.0696350141841912,0.81609457085508,0.716972504771223
1721,20252,"s3","m3",-1.22145634433929,-0.260283644416545,-1.29104032960382,-0.0975744224864708,0.0159832288227047,0.60845061279295,-0.0529172419067557
1722,20253,"s3","m3",-1.11205936180375,-0.198512968375286,-1.18734611440539,0.00575273721581686,0.203762286331028,0.666017355562293,-0.83818256127743
1723,20258,"s3","m3",-1.20994275158259,-0.218655260862146,-1.22134524147393,0.0323787042652022,0.276322212772281,0.872620718670454,0.241821184775232
1724,20297,"s3","m3",-1.09887328326769,-0.248042137371982,-1.15886423381932,-0.0187350766221145,0.554456472420124,0.766854501297909,-0.522211782858053
1725,20306,"s3","m3",-1.16714174917828,-0.26186569078027,-1.1749500951633,-0.29031868976339,0.197990868191933,0.54216701128185,-0.272465652999301
1726,20312,"s3","m3",-1.15759728720993,-0.279123443055733,-1.04530945203783,-0.110565851243722,0.537581568638175,0.548459266819842,-0.345818644407568
1727,20333,"s3","m3",-1.15783413616735,-0.253364160162249,-1.13363846929898,-0.0419370653968326,0.318468143430106,0.703437373308188,-0.0562044022452812
1728,20345,"s3","m3",-1.17523346685364,-0.224053963518116,-1.1053453841375,-0.180365374017132,0.360131819755429,0.492840052040575,-0.168957147008313
1729,20373,"s3","m3",-1.14860367095864,-0.232382131967412,-1.19631500126738,-0.00912512658893633,0.268698467795095,0.626951693329926,-0.199757242482767
1730,20376,"s3","m3",-1.16781201222829,-0.243738619700262,-1.12963801402408,0.0197262575423706,0.417379070028206,0.702632177472993,-0.154669820948956
1731,20390,"s3","m3",-1.11676792802226,-0.214153421290932,-1.16077327085216,-0.0404652559911691,0.351170164783307,0.662063012876161,-0.43369664942297
1732,20397,"s3","m3",-1.19378517474207,-0.277167654431025,-1.21424037760917,0.0433664613529472,0.153256290908613,0.636188822405277,-0.143880916528246
1733,20404,"s3","m3",-1.08524651902372,-0.329831464459951,-1.03837094281443,-0.151518042155819,0.627462410562782,0.701440093322755,-0.776439490715194
1734,20417,"s3","m3",-1.15593385060893,-0.278274122290743,-1.08962706241158,-0.0281382761937362,0.429528430847679,0.716671998209922,-0.685895886266539
1735,20431,"s3","m3",-1.06051376334427,-0.224693883158391,-1.02585839375336,0.119615458587213,0.498313389670033,0.838342302561499,-1.28086269427022
1736,20446,"s3","m3",-1.05569974105367,-0.336331621409783,-1.13602225480871,-0.12939399355945,0.371170734314273,0.521277362486217,-0.975137996861261
1737,20451,"s3","m3",-1.06867687930541,-0.13832435062931,-0.93755366243369,-0.110308521459372,0.533993727351152,0.761986694703465,-1.87437967953153
1738,20458,"s3","m3",-1.20843840696921,-0.131895959288568,-1.23569675422566,-0.0237275011109439,0.142921584816127,0.621322651950128,-0.477325760496122
1739,20471,"s3","m3",-1.07545250846811,-0.125030133303631,-1.05625330549206,-0.0565590863982398,0.521840637999948,0.774463482828891,-0.620083697441543
1740,20472,"s3","m3",-1.13974129483322,-0.28803988738034,-1.19307412086308,0.0377381858077374,0.245964662382627,0.754937775194948,-0.397591368144151
1741,20484,"s3","m3",-1.03488393954185,-0.333867592516021,-1.10306569682394,-0.154197645351256,0.548186837809144,0.511616876036207,-0.482178526993264
1742,20528,"s3","m3",-1.153429813754,-0.103697013239459,-1.18409027414297,0.000597331822653371,0.338430915045493,0.767490668349698,-0.308553232057078
1743,20534,"s3","m3",-1.13170973709791,-0.278499439121691,-1.15345619296523,-0.07424480627456,0.403756481816384,0.601053928376878,-0.190286250097882
1744,20543,"s3","m3",-1.03743236849856,-0.231029327981676,-1.10222657759049,-0.135104667704712,0.216653198400094,0.637475357897416,-1.20250548634634
1745,20546,"s3","m3",-1.09317429102783,-0.211921490650327,-1.06073153974484,-0.029445874328805,0.554568246822685,0.692475969466183,-1.32150583614225
1746,20558,"s3","m3",-1.25468111178243,-0.240327118189341,-1.25324609694682,-0.147282993297836,0.242658189400171,0.592486493584671,-0.435008131710541
1747,20565,"s3","m3",-1.09570900726155,-0.095537355646661,-1.2281419230507,-0.00182686544176729,0.206785859782254,0.908718941955652,-0.715865279569068
1748,20587,"s3","m3",-1.16900328156608,-0.226152848695591,-1.21218814514339,0.0359496617926769,0.44856186310831,0.765498606984601,0.221080749639745
1749,20604,"s3","m3",-1.09116732329873,-0.18867762309846,-1.05193061015359,-0.103650448668287,0.654954708099135,0.738002347249605,-0.482880711962813
1750,20613,"s3","m3",-1.05487502110475,-0.167136464713704,-1.13393235850827,-0.016153377103711,0.502228327523394,0.857493982473515,-0.689352350416869
1751,20616,"s3","m3",-1.11670926904495,-0.123980617716041,-1.19153934283093,-0.137676376597426,0.309605834249704,0.844166411301156,-0.848738618192865
1752,20635,"s3","m3",-1.09820993041392,-0.198767899319708,-1.16753323183592,0.0261716555287752,0.303478495552581,0.885106266647248,-1.13893809661573
1753,20636,"s3","m3",-1.10731602828302,-0.225401209059928,-1.07442060417974,-0.111257991054569,0.562415336928256,0.804411155165073,-1.26324819683417
1754,20687,"s3","m3",-1.07254136045238,-0.0816071319333102,-1.10898828586003,0.00536653168507402,0.458236196877772,0.814025844194563,-0.887988736976706
1755,20694,"s3","m3",-1.14849272431592,-0.3077590577885,-1.09426220165405,-0.0565631792183708,0.586771825477307,0.779438308806202,-1.22511871262339
1756,20696,"s3","m3",-1.14417027913388,-0.218776446984695,-1.09059732032251,-0.0957176922636567,0.342120190206435,0.72992889385634,-0.918391353505708
1757,20715,"s3","m3",-1.08475788344428,-0.109955529187703,-1.10987443696865,-0.0867436583606961,0.466353583826273,0.626791658105244,-0.927146417539496
1758,20718,"s3","m3",-1.11030460835158,-0.227610148109092,-1.07761249357416,0.0178250487266288,0.43681070581618,0.723311066895412,-0.502393137431366
1759,20726,"s3","m3",-1.06739182193798,-0.306149670585112,-1.12465711543405,-0.219710045115203,0.382898439620498,0.496737408949293,-1.53328911915546
1760,20729,"s3","m3",-1.18037771396145,-0.276599947249169,-1.09928269184398,-0.175335800807345,0.355946938645414,0.555264891303137,-0.863749304536862
1761,20732,"s3","m3",-1.16086460723918,-0.266698113015427,-1.22264031181717,-0.0926187833052625,0.112256845574336,0.55728714849202,-0.269126031174911
1762,20742,"s3","m3",-1.14608683006169,-0.297345698106,-1.106366656071,-0.110366164199001,0.308147369856612,0.58988890830516,-0.523953536805525
1763,20750,"s3","m3",-1.08406573601831,-0.162646441968866,-1.1140793231489,-0.0249592773322528,0.362741004165121,0.772697876902807,-1.22129750322572
1764,20782,"s3","m3",-1.08846812466763,-0.248368056727956,-1.15342443466059,-0.101939425737721,0.303331014787807,0.539291149721353,-0.5801590219035
1765,20784,"s3","m3",-1.11441255976749,-0.269204387220874,-1.04458473139605,-0.0588281436397796,0.359729680602023,0.535076680763457,-1.19090941110735
1766,20787,"s3","m3",-1.15135107630168,-0.226909094550256,-1.08065889376766,-0.147029786960723,0.319878905904812,0.668568293646235,-0.112776637586086
1767,20808,"s3","m3",-1.14192376275824,-0.098076728785397,-1.12959889381502,0.00313374064564866,0.231471614034061,0.929141028709741,-0.494731037063657
1768,20815,"s3","m3",-1.09809210756423,-0.237635389720061,-1.07585466635663,-0.031198987857855,0.402303195767798,0.627627856024563,-0.712988722429396
1769,20819,"s3","m3",-1.08193778635436,-0.124566211895486,-1.02558768000897,0.00520096139087695,0.313190335158575,0.88282047498053,-1.8535145241244
1770,20859,"s3","m3",-1.11409990981009,-0.246056703254381,-1.16386893653762,-0.0876855631668338,0.149994205810513,0.667834222122275,-0.428537038042203
1771,20862,"s3","m3",-1.22026585574711,-0.207299496967737,-1.16811092456609,-0.0674507876163189,0.2985320041674,0.758067696456495,-0.388854566955341
1772,20863,"s3","m3",-1.09707205171309,-0.0994104936368849,-1.13651487525706,0.0155946933581677,0.482282407912336,0.997176646360574,-0.900065528731758
1773,20866,"s3","m3",-1.11424945960132,-0.188979199522726,-1.11037945242539,-0.0639679134023005,0.575480430594501,0.670824010501713,-0.709479239754398
1774,20893,"s3","m3",-1.08625930852119,-0.3099822789608,-1.04883397087276,-0.108756778398808,0.255669321630417,0.704399825533016,-1.1891182571463
1775,20896,"s3","m3",-1.21747065785861,-0.172322726342704,-1.14908447469393,-0.0536400838159611,0.285658716526711,0.699326450702816,-0.940719255468234
1776,20905,"s3","m3",-1.12411914401394,-0.261150479771046,-1.11508520640764,-0.103222993761118,0.271763009651213,0.443946613696306,-0.541258051796102
1777,20921,"s3","m3",-1.1815373056348,-0.19262050577667,-1.18945592486513,-0.0547003159292663,0.186966299024824,0.791603518628218,-0.318252254157555
1778,20930,"s3","m3",-1.29598156767054,-0.279280509591609,-1.20434912059687,-0.115236768417169,-0.199134912220638,0.643560755331903,0.299945276742953
1779,20937,"s3","m3",-1.25955265073347,-0.327408563197675,-1.29523751069806,-0.110162631636286,0.0056307611920708,0.560976045513859,0.0385255440511796
1780,20947,"s3","m3",-1.16854034378855,-0.256457019578699,-1.15870893711183,-0.0991141812091045,0.285065812074815,0.598635087640772,-0.224704383819587
1781,20951,"s3","m3",-1.06318759172821,-0.33641422435023,-1.03778894741157,-0.0725685245211694,0.514825438859622,0.511874921123919,-1.05234886575072
1782,20969,"s3","m3",-1.08821264555224,-0.434243411951082,-1.03340393753583,-0.0655016560560255,0.440915713962001,0.521288896588474,-1.00656109649895
1783,20976,"s3","m3",-1.10962274263589,-0.312046514666068,-1.08853152199712,-0.0998297087066322,0.38592289085906,0.462841526705877,-0.787804404516364
1784,20979,"s3","m3",-1.12258890662322,-0.17830507521936,-1.13128640621054,-0.0584596700690044,0.407431642253757,0.781254447818003,-0.874465824491985
1785,21003,"s3","m3",-1.13263533345134,-0.286725825435367,-1.11315333899798,-0.189227136414269,0.538462270478067,0.414413142591476,-0.28400210434046
1786,21014,"s3","m3",-1.1101785896671,-0.222573681448129,-1.16055221912039,-0.178228568513791,0.465734215323366,0.710003379233172,-0.608503762304789
1787,21018,"s3","m3",-1.23465338577817,-0.360616019830824,-1.1001231716927,-0.0635089745889347,0.353440839986588,0.59100763865306,-0.144970740889475
1788,21025,"s3","m3",-1.15676358023979,-0.222357789084448,-1.05918582378239,-0.0476467604437347,0.3637878684746,0.791752115709624,-0.641674744792773
1789,21038,"s3","m3",-1.14180339931717,-0.211892158699033,-1.14540982773661,-0.0944885659152979,0.20809836242831,0.571413903472958,-0.627575479434838
1790,21063,"s3","m3",-1.09604480471047,-0.117211898955699,-1.20213252278488,-0.0186559682862404,0.345424133678202,0.820260151616179,-0.697940521748945
1791,21077,"s3","m3",-1.22421603057427,-0.217439561507973,-1.08697318292319,-0.151797870668573,0.289489769006486,0.520899963415257,-0.394807610441913
1792,21091,"s3","m3",-1.17128015738279,-0.251819866871136,-1.19217378819389,-0.0826061971079023,0.350114714370717,0.502454845543362,-0.366204508175349
1793,21102,"s3","m3",-1.13675209238993,-0.368341265021281,-1.17541915193427,-0.121748026814819,0.260126217195238,0.698937534419134,-0.972572337360709
1794,21104,"s3","m3",-1.14970556553989,-0.307004394163951,-1.14705232964902,-0.00784253760505347,0.357828782970006,0.685415653942609,-0.414941670737094
1795,21122,"s3","m3",-1.11212095345785,-0.30091816244019,-1.17257323219029,-0.14483753797334,0.28518477941284,0.436940744024706,0.0336961062720737
1796,21124,"s3","m3",-1.14814026963383,-0.156792167660245,-1.10038131209791,0.00638143409710764,0.435239549666586,0.89930739497594,-0.99171989314262
1797,21138,"s3","m3",-0.946595778873101,-0.167293186493135,-1.07072636542346,-0.121301203930706,0.460075310945339,0.60816235555158,-1.22710621404763
1798,21143,"s3","m3",-1.21738859540806,-0.223424628368645,-1.17298276824964,-0.0724039714944276,0.406687577618321,0.595698553796757,-0.335625668946296
1799,21144,"s3","m3",-1.04917592973487,-0.303597134844201,-1.02373384339624,-0.119058915131863,0.535935840433707,0.664368165612958,-2.20205372042817
1800,21165,"s3","m3",-1.16624133485214,-0.244201374714212,-1.05108933019821,-0.0223192176954197,0.368116484300033,0.615829008266759,-0.992333274378352
1801,21181,"s3","m3",-1.13270271232757,-0.154438211322976,-1.14980031903526,-0.0684895002751658,0.323250418140934,0.532733385191254,-0.215768171430078
1802,21200,"s3","m3",-1.12633889792482,-0.21200089072037,-1.08425928126144,-0.0785361836296325,0.504847815222434,0.724086250370811,-0.82886646932696
1803,21280,"s3","m3",-1.13050733964175,-0.235351727306395,-1.08725906010602,-0.0122033149722192,0.431618766199153,0.717831738796161,-0.955849523303994
1804,21288,"s3","m3",-1.21819836982366,-0.0602324433439351,-1.21833094554385,-0.0476978344131847,0.346087327140377,0.855835968432301,-0.360896203519599
1805,21302,"s3","m3",-1.16985986316242,-0.267668635566538,-1.1660040915398,0.0238454940037415,0.332317018854406,0.588589612411803,-0.344340549365734
1806,21323,"s3","m3",-1.04227258400673,-0.194944937306811,-1.04275838225653,-0.01373660116176,0.598100686429085,0.741007477433077,-1.24773049887857
1807,21325,"s3","m3",-1.12931298655586,-0.285994902830336,-1.16253711587516,-0.103648791792619,0.181559183032207,0.531926692294973,-0.540685641126518
1808,21361,"s3","m3",-1.13298120848389,-0.127907742065799,-1.05256798428232,-0.0850838899200065,0.224386456585676,0.688399241061049,-0.643133056867711
1809,21370,"s3","m3",-1.0780332633085,-0.268588569028451,-1.11663695677864,0.0431548613759166,0.349870742793845,0.643151070892279,-1.01869606424061
1810,21384,"s3","m3",-1.05774767084725,-0.252392773627387,-1.07911953366008,-0.0908588138485363,0.476804079541301,0.418435849107596,-1.12448706648509
1811,21392,"s3","m3",-1.20727033785803,-0.381379686953234,-1.23354226001236,-0.182746202480004,0.390890969173106,0.55126048670902,0.334025469435287
1812,21411,"s3","m3",-1.20131527368904,-0.158286289121114,-1.12094545370239,-0.100950646442522,0.187488357771147,0.642635732867576,0.0148383384370405
1813,21413,"s3","m3",-1.07128005332572,-0.226901951761287,-1.08168614001641,-0.153377757592597,0.205802901534498,0.40828625703125,-1.42975756310046
1814,21420,"s3","m3",-1.03801627388361,-0.26424761804762,-1.05869123261302,-0.0894249930959665,0.375854133885261,0.770537235612511,-0.960963936642066
1815,21423,"s3","m3",-1.15006353937558,-0.529757534934962,-1.15689607482515,-0.30747231471023,0.0818618086726485,0.062172720598245,-0.0229756156130809
1816,21435,"s3","m3",-1.10905057495381,-0.193400463707401,-1.14854181642585,-0.0624061317995171,0.362191585286683,0.746391087914696,-0.704911806663574
1817,21438,"s3","m3",-1.1356295580721,-0.39387489037822,-1.05249885723883,-0.0102121469171193,0.339809513391119,0.528540910184569,-0.369064437694312
1818,21460,"s3","m3",-1.06253747150941,-0.231963670813851,-1.02682238658017,-0.13074338457172,0.454592870978225,0.580608990790343,-2.45760892956102
1819,21474,"s3","m3",-1.03648928093277,-0.177222551936147,-1.00257953174429,-0.092153639144887,0.513381840825781,0.794372422834477,-2.06589460837169
1820,21509,"s3","m3",-1.25150252845327,-0.288222945555833,-1.13823243697088,-0.162931882036698,0.122683503968549,0.632740701290356,0.206095338042097
1821,21517,"s3","m3",-1.19206757044971,-0.281333221183966,-1.11412989653636,-0.129435048577222,0.289704077816752,0.683609579588196,-0.199193972027105
1822,21525,"s3","m3",-1.15293672342055,-0.3770529345561,-1.13450872653751,-0.138560163037004,0.420250733519388,0.567679985031285,-0.09062848100305
1823,21539,"s3","m3",-1.1678140201072,-0.261150089250408,-1.10510475771353,-0.0818778147569268,0.415863320122464,0.614747389352054,-0.365092515192037
1824,21555,"s3","m3",-1.06207692185355,-0.177210446056287,-1.03761446866785,-0.0509472875106796,0.417309093957119,0.672454121650027,-1.02319339603697
1825,21564,"s3","m3",-1.24638692696587,-0.22300887925606,-1.17003962449299,-0.0130475091638494,0.26636420262962,0.594263897400006,-0.069167163856171
1826,21579,"s3","m3",-1.1935199285415,-0.3148286243921,-1.1997911177506,-0.253671944375015,0.259862896492985,0.313877763788102,-0.21732226529762
1827,21597,"s3","m3",-1.15886805738843,-0.171979683021034,-1.10633233262731,-0.0513240955812441,0.50132790399832,0.491685750065708,-0.879612541331045
1828,21599,"s3","m3",-1.14706730717872,-0.273900603417921,-1.19193936129997,0.0259028056031133,0.336091892814977,0.697535813530765,-0.450944125779157
1829,21616,"s3","m3",-1.11950640493573,-0.269567354090905,-1.02203862090198,-0.112490581174958,0.486151957485455,0.628344430221151,-0.734254150175394
1830,21627,"s3","m3",-1.20810301873359,-0.178872269410947,-1.19735350907606,-0.0223331615321676,0.22432069694202,0.827069931894075,0.127389638341067
1831,21632,"s3","m3",-1.12904982308935,-0.178836992829704,-1.17249351494094,0.0106990309337367,0.336749104121353,0.76543914057481,-0.562389063194253
1832,21637,"s3","m3",-1.21065219102363,-0.274679168053793,-1.1109413874005,-0.0982677817554501,0.221775882383398,0.731890479130787,-0.135309008928235
1833,21650,"s3","m3",-1.27175994506866,-0.114192654235486,-1.21346864466738,-0.0985210625573053,0.276850618688639,0.747095604693762,0.041444602843002
1834,21681,"s3","m3",-1.12457832203977,-0.240938223210994,-1.12012508927066,-0.0586204750015828,0.304125108584692,0.72550634795708,-1.35766285490699
1835,21693,"s3","m3",-1.09257788079442,-0.328248519136967,-1.06192349190949,-0.148472767805564,0.414715777128406,0.517455712571751,-0.67978925949237
1836,21695,"s3","m3",-1.15355251369297,-0.268271362257597,-1.08973061529629,0.00327870226502647,0.44297227404116,0.723381010397313,-0.274981550777981
1837,21700,"s3","m3",-1.07691805032771,-0.14646015290788,-1.0859546446475,0.0573341522206297,0.620506026591668,0.94297246685478,-0.885288710725238
1838,21711,"s3","m3",-1.16442109889218,-0.284440993885786,-1.13860717242024,-0.103987401722494,0.347942308869612,0.587558085099379,-0.753878187847648
1839,21724,"s3","m3",-1.08345571910898,-0.168234995473606,-1.07061946551985,-0.0731483341295253,0.392287604906737,0.728309745837486,-1.86083768017417
1840,21740,"s3","m3",-1.08503864880613,-0.231370395357455,-1.14774792437519,0.0403316452353622,0.137687074162978,0.857733263962055,-0.549001310977103
1841,21753,"s3","m3",-1.04242750370356,-0.350491568933858,-1.11270796207867,-0.0924440925133779,0.351674839734967,0.404986670783262,-0.817149201791158
1842,21759,"s3","m3",-1.14595876566248,-0.296882104059454,-1.07768754554174,-0.216327198670762,0.380291443063545,0.427116149498848,-1.16934824570942
1843,21769,"s3","m3",-1.02215487339418,-0.209369910148012,-1.08205673010999,-0.0697181160208913,0.335981163321871,0.785420809355507,-2.49383048812458
1844,21788,"s3","m3",-1.23823188022677,-0.383389920759713,-1.25715505268061,-0.158453323691137,0.13314515075237,0.424496762612403,0.532141415991509
1845,21796,"s3","m3",-1.17228855651933,-0.260740438982218,-1.08042113170493,0.0129439174171824,0.489203926912262,0.763184764333921,-0.0342063372361777
1846,21803,"s3","m3",-1.08238489749392,-0.164630239713888,-1.07207087805585,-0.083458954306115,0.361200377181708,0.782628443839979,-0.674766527807282
1847,21804,"s3","m3",-1.13062867275001,-0.300614194145479,-1.03722660807981,-0.165978638989448,0.185035450489743,0.527761824122739,-1.06398695599587
1848,21811,"s3","m3",-1.17866601216261,-0.27536438278757,-1.24518745363446,-0.251803776099252,0.261723232737357,0.503747274444482,-0.177153432117575
1849,21843,"s3","m3",-1.11656320231178,-0.295315435503323,-1.14229097530484,-0.0790520018435474,0.333046467207453,0.507225157717984,-0.472057531279638
1850,21844,"s3","m3",-1.10784640053851,-0.227838585060226,-1.10616775643018,-0.0573071336035628,0.499177042225763,0.71622911545321,-1.17260615539833
1851,21852,"s3","m3",-1.08050656124328,-0.353833028726055,-0.999877661490235,-0.210808657568714,0.430391416831201,0.384852353591454,-1.89383020724062
1852,21874,"s3","m3",-1.19019240867219,-0.365817385903415,-1.20602787651835,-0.069191422740496,0.278051073678934,0.512064275901122,-0.0533903234036471
1853,21882,"s3","m3",-1.12361239126469,-0.214613461054486,-1.22992129073344,-0.00490127749419418,-0.00727192544836833,0.741178108725621,-0.841247166404386
1854,21885,"s3","m3",-1.07057281576956,-0.240660648836073,-1.14870688581801,0.0880322717721808,0.304998294879957,0.713321394347626,-0.773659609527574
1855,21886,"s3","m3",-0.987613884031522,-0.220760156056645,-1.07664163849802,-0.00638315835441757,0.651989389476612,0.786583961346735,-1.9511928138247
1856,21895,"s3","m3",-1.05401923491421,-0.210657079168184,-1.11989363467741,-0.0823244056627113,0.30782575822764,0.591931244148389,-0.732229704598399
1857,21906,"s3","m3",-1.20842176940335,-0.263603613282793,-1.13109791539035,-0.0839247212816558,0.0445909968121244,0.667174805433802,-0.270478685812255
1858,21911,"s3","m3",-1.11788298606798,-0.363567894692142,-1.08097202609693,-0.206977193256097,0.302162653863054,0.402214651745405,-0.451549400622421
1859,21941,"s3","m3",-1.10329545284243,-0.186505083178925,-1.11851081541598,-0.0425378605836669,0.484108280376089,0.766965845350548,-0.294191864016887
1860,21944,"s3","m3",-1.15823020607582,-0.192890280549173,-1.09087559830434,-0.0438819683778632,0.41354275256438,0.73497289199582,-0.109040594686171
1861,21948,"s3","m3",-1.13019507235957,-0.290598049578055,-1.11370873709582,-0.0422786342952194,0.528906384657829,0.790073314391145,-1.44053272681828
1862,21978,"s3","m3",-1.13377912065623,-0.149446396037645,-1.18522358941274,-0.134672079516154,0.421690873997312,0.746724492121677,-0.786300319931923
1863,22006,"s3","m3",-1.08587297966694,-0.125983087728799,-1.10879513829454,-0.136261005898592,0.561826267447323,0.842412015876397,-0.501233702121136
1864,22015,"s3","m3",-1.09041751450874,-0.200524353143768,-1.10382079250482,0.0228094689480789,0.199081137123688,0.748320147031696,-0.436281740375717
1865,22024,"s3","m3",-1.10912553996347,-0.345634474923218,-1.08857862991005,-0.171468923105538,0.416121045309268,0.504213240556346,-0.524502433241104
1866,22048,"s3","m3",-1.15518363392005,-0.287325234779397,-1.15986963464324,-0.121655103726304,0.340385980311636,0.624629241483158,-0.140352159954776
1867,22049,"s3","m3",-1.24037035077524,-0.268441533296121,-1.05735823068618,-0.089239442118048,0.173641757426932,0.571397738390181,-0.163735542939422
1868,22054,"s3","m3",-1.2364161421113,-0.179592586578263,-1.09781746892477,0.00538212437848493,0.234047862764743,0.577339987550999,-0.393582918539682
1869,22061,"s3","m3",-1.1991394938204,-0.420947931210276,-1.09146410827367,-0.102425710083115,0.302726287494997,0.271117819049418,-0.211784385768603
1870,22080,"s3","m3",-1.0965001003681,-0.247911648303848,-1.02085943084432,-0.0725512724361275,0.539792703957594,0.705022665394931,-1.09352087308858
1871,22090,"s3","m3",-1.03768847090108,-0.246577866151102,-1.13433378066891,-0.0320159718325801,0.388572642435659,0.805587405711877,-1.07137217330686
1872,22093,"s3","m3",-1.04020650802135,-0.237549493708683,-1.05693049889292,-0.0263352264460128,0.437427576643443,0.617549119108216,-1.38952758564939
1873,22107,"s3","m3",-1.2325172814456,-0.412346292760293,-1.12295540096647,-0.0988235294173749,0.332148566195232,0.58128877909936,-0.317079958791516
1874,22110,"s3","m3",-1.15732284002457,-0.317219272436881,-1.14781261866669,-0.118448320269835,0.223324523251134,0.596988660048253,-0.0677177161624526
1875,22111,"s3","m3",-1.08530835726023,-0.252135912689606,-1.03847619329179,0.0375422973704337,0.466065245406277,0.813409488787343,-0.458281406022719
1876,22135,"s3","m3",-1.11466094344292,-0.346074181487346,-1.11888443196016,0.0307508790666534,0.496803039027343,0.571796631853268,-0.822669232421366
1877,22138,"s3","m3",-0.970756699549096,-0.211873577487724,-0.977507632280441,-0.032188632391459,0.643930133046223,0.738471524612699,-2.03071231528189
1878,22143,"s3","m3",-1.16707566935695,-0.259594190326534,-1.13260505464134,-0.191052272520836,0.317370480189344,0.581197047695189,0.0735919177752475
1879,22144,"s3","m3",-1.03811734136846,-0.319456852816651,-1.14474081092719,-0.0736961687057214,0.404213976515877,0.601583024906826,-0.633969464645472
1880,22148,"s3","m3",-1.06932293874466,-0.224140369997724,-1.04171284610545,-0.0254888351554895,0.56156748189241,0.848383545615072,-2.06411889090788
1881,22151,"s3","m3",-1.06023689416941,-0.146535675646874,-1.08948368544887,-0.132535298028774,0.486477070207204,0.64990474008059,-0.640065300206529
1882,22154,"s3","m3",-1.09823520053442,-0.29362905793152,-1.04265713919661,-0.0129231557620406,0.489543101210653,0.683400295655642,-1.32378264426968
1883,22163,"s3","m3",-1.06533713069466,-0.176350526530305,-1.13605448982964,0.00065505473117377,0.441957064287652,0.843717740657864,-0.823580996697872
1884,22175,"s3","m3",-1.15480281899389,-0.325090743268334,-1.19512938621014,-0.0494684059826258,0.19946424425766,0.396653570900244,-0.239180990631406
1885,22193,"s3","m3",-0.999323299296215,-0.0759130353809761,-1.01365329556052,0.0905713756556174,0.661878158295236,0.977841751134105,-1.4920399776061
1886,22196,"s3","m3",-1.04705033759947,-0.206577307461772,-1.0240547517285,0.0130126537206149,0.491199566187531,0.78902486678764,-1.07797429393406
1887,22206,"s3","m3",-0.996160956337587,-0.255622156515547,-1.07903576790793,-0.0780271568038074,0.566041647461819,0.523723477752479,-0.843870077095881
1888,22215,"s3","m3",-1.10533895192834,-0.264365145235999,-1.03477958852203,-0.0540091845718871,0.328527140841976,0.653558068335952,-1.13198599689476
1889,22220,"s3","m3",-1.15409830026728,-0.059779604236262,-1.04845883163111,-0.0604415810896802,0.35498480878149,0.752785580711198,-2.35444128285349
1890,22244,"s3","m3",-1.27203987704435,-0.266908198809068,-1.10414261343676,-0.0409831017312035,0.404829688912001,0.686679269247201,-0.10284384016805
1891,22245,"s3","m3",-1.13563442283022,-0.23884030359564,-1.2306615751578,-0.0596712660735898,-0.115126615071279,0.778289020252414,-0.515431366638344
1892,22250,"s3","m3",-1.11685144242577,-0.245968859980215,-1.13449119517671,-0.108950036786227,0.177728900866158,0.796203406065725,-0.0948676328237561
1893,22260,"s3","m3",-1.12622686075883,-0.314716600600632,-1.15213949188142,-0.16470579043534,0.379904094242226,0.583926044137272,-0.629208973692769
1894,22285,"s3","m3",-1.16639343032291,-0.288332364725181,-1.11724342554407,-0.111703741482352,0.412981240449384,0.517229853785338,-0.251803258600764
1895,22293,"s3","m3",-1.18290130355949,-0.244632020213597,-1.08993493549161,-0.17481496252829,0.264693281757499,0.796584469365789,0.00527224624053987
1896,22294,"s3","m3",-1.03486221299621,-0.284679820406188,-1.1226361935805,-0.029502134702915,0.561175784483691,0.583795799081587,-0.153358036816116
1897,22298,"s3","m3",-1.21057111969988,-0.357809843479586,-1.21255299589962,-0.22271481666586,0.163703950797169,0.399846725291256,-0.076076598732137
1898,22306,"s3","m3",-1.16593031878809,-0.29410382202151,-1.09284003919517,-0.00275986281835806,0.450083841711777,0.611321554350217,-0.304540368199877
1899,22315,"s3","m3",-1.23839539949738,-0.197574668267008,-1.24452470009708,0.0122646013644864,0.177001019980034,0.858246759949813,-0.0872416902318384
1900,22329,"s3","m3",-1.09415149951406,-0.273683586165469,-1.10837868022984,-0.0963984943933271,0.502087450157167,0.381027398819166,-1.02222626436349
1901,22339,"s3","m3",-1.11081845756395,-0.317712240977771,-1.07406278414333,-0.150738753832976,0.344468748963812,0.482678789392265,-0.290621896506714
1902,22384,"s3","m3",-1.0777524147894,-0.213533296257773,-1.13985265431497,-0.016235106454759,0.245204692100541,0.790890876154001,-0.937972917740357
1903,22387,"s3","m3",-1.08885023236323,-0.381898162931587,-1.16728679024037,-0.121955639618059,0.361436670418697,0.38902766098282,-1.05909933837037
1904,22389,"s3","m3",-1.12188971125981,-0.212431880702891,-1.13580983265812,-0.0123418245415421,0.251538521384496,0.744463731420055,-0.856832930296785
1905,22416,"s3","m3",-1.13364897112603,-0.151192673882987,-1.13594089524518,-0.0848295419041247,0.429804329784524,0.813349313246672,-0.783041914568629
1906,22420,"s3","m3",-1.15839768504591,-0.279606145173298,-1.1493839164369,-0.127806608092349,0.331982582702773,0.788392584816012,-0.0837230407165206
1907,22440,"s3","m3",-1.10985507610931,-0.178612005087471,-1.17983648441627,-0.168151411487812,0.320076043801382,0.667295254191169,-0.0716533639899094
1908,22479,"s3","m3",-1.20772901696656,-0.283108936117576,-1.18845437141233,-0.0590870053824413,0.336516596469315,0.669384070796995,-0.385606006447355
1909,22487,"s3","m3",-1.24863295664925,-0.252226023518547,-1.14830031698913,0.0121623776131214,0.0286928273419833,0.84271683560328,0.0773107908567088
1910,22493,"s3","m3",-1.18491326229166,-0.191035622293615,-1.15069142926272,-0.0664195413631154,0.22087948759214,0.748332731895494,-0.0774939952620806
1911,22505,"s3","m3",-0.971455542141217,-0.290455654917746,-1.05394294073133,-0.101789868768101,0.515908348905403,0.499582018814719,-1.31036821675972
1912,22506,"s3","m3",-1.11108409769801,-0.283053500828882,-1.06411160567423,-0.0965130191176072,0.272560047010382,0.551478356033348,-1.6804325850765
1913,22508,"s3","m3",-1.13685823053512,-0.219463358884543,-1.12989832225192,-0.0831441057128808,0.422008013899798,0.591225600847124,-0.596366042074055
1914,22510,"s3","m3",-1.17992267861278,-0.249654096010765,-1.20835667603379,-0.0594144456748863,0.350240087495213,0.683855901925085,-0.243489110943227
1915,22511,"s3","m3",-1.09967668924864,-0.277057387886806,-1.09797672236505,-0.167692693712002,0.437477382080641,0.549319419097292,-0.842870431779108
1916,22517,"s3","m3",-1.05815412955839,-0.288682513848073,-1.11781003790156,-0.104893309970603,0.488392914918292,0.552787545788083,-0.83193090621698
1917,22520,"s3","m3",-1.10466899281935,-0.260859153600049,-1.00566040001678,-0.106353182807733,0.401512182459449,0.717105668083479,-1.35911610848831
1918,22544,"s3","m3",-1.21096225026034,-0.258279836188494,-1.22711102667169,-0.10753593456197,0.259618370005032,0.626298530339497,0.0541814837919497
1919,22554,"s3","m3",-1.1066577863436,-0.166842184547916,-1.1794078890321,-0.00448160395358086,0.460086973796224,0.795002720525701,-0.28266695789934
1920,22569,"s3","m3",-1.10642405888408,-0.215760949795848,-1.18304346590109,-0.113305506211238,0.31357319821039,0.807618140603615,-1.208125350885
1921,22588,"s3","m3",-1.10852566961057,-0.238039711556876,-1.06521331477335,-0.0828377239638501,0.278574114421594,0.743054506994358,-0.208391982688267
1922,22595,"s3","m3",-1.05050167306046,-0.381128583061716,-1.15477854993075,-0.208389267011638,0.387969791587359,0.284589376856737,-0.312267386338362
1923,22612,"s3","m3",-1.075487014478,-0.276995443738845,-1.06351839466024,-0.0752974431616337,0.460045697057498,0.727674187985662,-0.996060002954273
1924,22643,"s3","m3",-1.07163185125122,-0.195555635800851,-1.04196830774237,-0.0299397539685452,0.411883336741838,0.608678216563995,-1.48908726649344
1925,22681,"s3","m3",-1.15136471836127,-0.219960452031725,-1.10109922383131,-0.0634856245077516,0.362820692063804,0.825659298820021,-0.500334371716592
1926,22684,"s3","m3",-1.02308917211704,-0.24154486541681,-0.990985008201782,-0.0130915641372455,0.604743703993005,0.640831596502923,-1.7968631231043
1927,22711,"s3","m3",-0.990090302282299,-0.187041145908685,-1.11221545417703,0.00360978477851603,0.35059176078753,0.78047150757089,-1.33753986126506
1928,22713,"s3","m3",-1.07610996845843,-0.156154841015638,-1.16796474057831,0.0104068227903256,0.413049412128091,0.757957015942847,-0.802419748853358
1929,22722,"s3","m3",-1.09597797143173,-0.15857602896188,-1.08890022998257,0.0929432779097093,0.440976703570513,0.852389884198964,-0.550807294030147
1930,22728,"s3","m3",-1.08019319486227,-0.277319064559616,-1.1366759246338,-0.0710398618665731,0.286875346576723,0.470007184750803,-0.960202871986796
1931,22753,"s3","m3",-1.18636442199369,-0.309500681424842,-1.14626655485066,-0.138609954594569,0.267726025930711,0.492389474567494,-0.534979008379339
1932,22758,"s3","m3",-1.05090950943694,-0.253248830306315,-1.08758827578069,-0.0206980066111383,0.471668633977299,0.622020115480074,-0.872093786339874
1933,22766,"s3","m3",-1.14461203422341,-0.183224788620839,-1.16357642343315,-0.0443406994592323,0.320183605959909,0.689108541969891,-0.791909836896357
1934,22780,"s3","m3",-1.11397906487011,-0.260591191031527,-1.18989505916697,-0.155818433167389,0.3978483901768,0.636084990371639,-0.0371946790023742
1935,22784,"s3","m3",-1.0938064701107,-0.282421217502752,-1.05993464530695,-0.0848735497217063,0.522260759059461,0.660938163811668,-0.9132131823726
1936,22803,"s3","m3",-1.12751032361758,-0.244319540524473,-1.15248492273717,-0.0519923719498823,0.38399336163733,0.711160317159215,-0.630545880984396
1937,22828,"s3","m3",-1.02777088767495,-0.281493637276573,-1.02266396934363,-0.0615211090439997,0.531704851827632,0.633150440604633,-1.67064054878395
1938,22841,"s3","m3",-1.14045836105692,-0.301867153390651,-1.11642515261928,-0.165230200045039,0.415120992682148,0.46236180809821,0.0906271981571268
1939,22874,"s3","m3",-1.20965962478975,-0.303618375724485,-1.2274419080323,-0.00981281850819261,0.110278918084625,0.797324812346396,0.134082883942379
1940,22876,"s3","m3",-1.11309563904553,-0.227047460678646,-1.08412908626015,-0.0722775904538825,0.313800862258848,0.624061411492271,-0.701124600890026
1941,22879,"s3","m3",-1.25884452664053,-0.176123413176252,-1.21910753970363,0.0138823830879355,0.185415709824119,0.757739339823775,0.32127705482736
1942,22882,"s3","m3",-1.17465445408604,-0.247023747599344,-1.05994809233006,-0.013409648170944,0.31603875969519,0.807022449191466,-0.502958369534859
1943,22889,"s3","m3",-1.06064534067193,-0.191034766885665,-1.0771564416907,-0.0444523672171777,0.471318622985093,0.63910381150865,-0.530290742249026
1944,22921,"s3","m3",-1.13960208222427,-0.347926114880936,-1.13934310322183,-0.0796576799360537,0.37999087664159,0.609551242848794,-0.344011742470498
1945,22928,"s3","m3",-1.18638367738364,-0.315993638191539,-1.167986023496,-0.161030549630349,0.474514018981559,0.717553020589259,-0.130244026510301
1946,22930,"s3","m3",-1.09395077702063,-0.209259810700497,-1.02741308981561,-0.00119137306454826,0.488573837761565,0.73143156771079,-0.637746193892346
1947,22949,"s3","m3",-1.1157427202964,-0.222248231402759,-1.0700158638787,-0.0632422948362503,0.47997808898197,0.606298010215823,-0.795829455040691
1948,22959,"s3","m3",-1.24878620052339,-0.204885343894146,-1.29339709923588,-0.135571053570983,-0.0175777665736878,0.57860467090387,0.399792393340015
1949,22990,"s3","m3",-1.10297204230474,-0.343723067471979,-1.0734691873312,-0.113494104742905,0.332953367494226,0.554103809957322,-0.948668208767674
1950,23006,"s3","m3",-1.09334794637335,-0.314760195213016,-1.14897646980458,-0.0828467044028631,0.436982939474505,0.663446714711381,-0.750358791320217
1951,23010,"s3","m3",-1.11709139074469,-0.239939576885504,-1.10172939814806,-0.139870220512009,0.342372045992748,0.458898847001158,-0.239801579409133
1952,23014,"s3","m3",-1.13908665881278,-0.192646751793329,-1.16802101450329,-0.0381503052743729,0.335628138740812,0.758214066631108,-1.7195461029519
1953,23032,"s3","m3",-1.07943244652364,-0.159641189901756,-1.09158738967751,-0.0227216386278074,0.561747212086836,0.754585337770343,-0.736495637335686
1954,23036,"s3","m3",-1.17594561002113,-0.264992330845045,-1.10389433001211,-0.110662701864877,0.399674653599597,0.704218789260577,-0.787380772807503
1955,23043,"s3","m3",-1.10024332489033,-0.161506179904464,-1.11977464156276,-0.0943287367816873,0.424256519084258,0.534378406567645,-0.188227797934757
1956,23069,"s3","m3",-1.03605348605289,-0.192078786197672,-1.02102547147805,-0.0425976391287656,0.493897846349707,0.664634404647862,-1.43507095179875
1957,23114,"s3","m3",-1.03707645375698,-0.164190387460941,-1.06430737622226,-0.045703329177952,0.552629153438233,0.777490378714657,-1.09815366861381
1958,23124,"s3","m3",-1.0261412817641,-0.249049216260801,-1.03716455469255,0.0259051761183149,0.452117209650192,0.872980669262754,-1.00649348168553
1959,23144,"s3","m3",-1.16349974744147,-0.220571612628416,-1.209344222862,-0.191276687139662,0.301247135507116,0.483162236114084,-0.196411530593965
1960,23145,"s3","m3",-1.1597300100282,-0.24190568916455,-1.25752861509858,-0.0762998279928049,0.311357298287563,0.602829853877669,-0.708090242171845
1961,23165,"s3","m3",-1.10101943520529,-0.224697150985087,-1.13430100281028,-0.10373670653349,0.485206869234342,0.773940675646689,-0.717821309343394
1962,23169,"s3","m3",-1.12411061289981,-0.19326271992646,-1.13564899093433,-0.16511040315266,0.438217820020706,0.605966197937478,-0.738216348724453
1963,23179,"s3","m3",-1.108598612108,-0.227846847450572,-1.10294904703832,-0.039729119546228,0.231929196495652,0.562684009111006,-0.638941639706828
1964,23181,"s3","m3",-1.08929999077087,-0.167399930757843,-1.01840341788667,-0.0451479351425343,0.376247064160461,0.637299780303714,-1.56539532980108
1965,23199,"s3","m3",-1.15719107190108,-0.219870020180562,-1.18989753128735,-0.148340249522904,0.279818010483502,0.47615917932445,-0.842215495161306
1966,23209,"s3","m3",-1.16085053676894,-0.286314380998507,-1.09554558751501,-0.204955065152981,0.27079436059453,0.4296202603134,-0.482239334982603
1967,23212,"s3","m3",-1.25234713687083,-0.308645903974995,-1.28547474471801,-0.0830841775940342,0.194235098278682,0.596315766210953,0.205159695794217
1968,23227,"s3","m3",-1.07811171761923,-0.223957087550939,-1.09765603615452,-0.177222638331822,0.38472865200243,0.619949838965871,-0.383411937346271
1969,23230,"s3","m3",-1.15712252107938,-0.296171965304369,-1.31068188788537,-0.242082831734805,0.250252808766298,0.433595571823594,-0.120479368831432
1970,23242,"s3","m3",-1.12026708445947,-0.25860163732135,-1.08006347755443,-0.0950608481821896,0.430862138613401,0.496500272766212,-0.507062649799084
1971,23247,"s3","m3",-1.0263321983269,-0.287990089608188,-1.03799535077007,-0.031762091110102,0.460125242167539,0.829289695844405,-1.06724188532058
1972,23250,"s3","m3",-1.12905604653491,-0.238280888848,-1.25541387506935,-0.148586215760477,0.282133781614447,0.711609212418476,-0.322054405449919
1973,23252,"s3","m3",-1.10818021013603,-0.326747308371801,-1.160675967566,-0.0921112007642834,0.299659135884414,0.616825504333307,-0.0401438398857864
1974,23258,"s3","m3",-1.11371089109705,-0.199567409277978,-1.10816165370847,-0.0722662901223553,0.395871616697128,0.723941582135021,-0.871187672574168
1975,23267,"s3","m3",-1.12652658739102,-0.269075791309889,-1.10991063339372,0.0157476867160637,0.288062244455028,0.678802156874153,-0.863581794661349
1976,23272,"s3","m3",-1.04664367046631,-0.293804130761778,-1.03385955567355,-0.155447157026501,0.48812363682221,0.522416804406102,-1.11311669600715
1977,23291,"s3","m3",-1.14279974098452,-0.277119056134228,-1.10617822115868,-0.141335918578114,0.500903560280643,0.559724303555224,-0.491047437755436
1978,23294,"s3","m3",-1.13181051581013,-0.169281502702701,-1.16462774445612,-0.0583066885876393,0.347000688135766,0.786268638211435,-0.433815075909747
1979,23300,"s3","m3",-1.06320332221737,-0.294835009697478,-1.04489791797484,-0.191750355745084,0.481816299707828,0.528596298779302,-1.11833685569812
1980,23324,"s3","m3",-1.04197428387875,-0.158920803992197,-1.11439335545446,0.0787359765698559,0.550303259286963,0.843404591011806,-1.0595973462426
1981,23347,"s3","m3",-1.22959608102425,-0.184318952971553,-1.16416978358533,-0.0896156883502373,0.0588005743044195,0.813820157622994,-0.184937413898452
1982,23367,"s3","m3",-1.05165250418133,-0.182078060929511,-1.15433819378098,0.0430754587219735,0.349913776602443,0.874879947369697,-1.60333830476668
1983,23380,"s3","m3",-1.15092631572332,-0.220011261772409,-1.13031208588435,0.000523853555280063,0.374185321471675,0.589578490699591,-0.444799229717584
1984,23388,"s3","m3",-1.10133006795309,-0.150521907704831,-1.00274704547955,0.0619635242220597,0.470945407465552,0.87087189873765,-1.43074678085702
1985,23391,"s3","m3",-1.06027231388962,-0.183170925723017,-1.12697581809532,0.0207610437388138,0.337050349791176,0.807470223118731,-1.54337322963764
1986,23401,"s3","m3",-1.18973193608543,-0.289391302016972,-1.24130633630599,-0.0454022583559503,0.101810914271018,0.614695678434532,0.218747058476155
1987,23403,"s3","m3",-1.18398695782265,-0.154797821653451,-1.12215398755785,-0.0305024512051371,0.3282712607533,0.78502325886412,-0.321935734543856
1988,23406,"s3","m3",-1.06040922169796,-0.16829153014394,-1.06212573024125,-0.110399373679123,0.501860477517504,0.811086909589146,-0.868061747222251
1989,23408,"s3","m3",-1.13250092834512,-0.198806603596011,-1.0764703341432,-0.0453753189854579,0.473765634033635,0.728072878080977,-0.437947914363098
1990,23412,"s3","m3",-1.21930614367842,-0.183637925794969,-1.20023649721724,-0.12325858520218,0.113958850779707,0.661988384999483,0.0832215782255736
1991,23429,"s3","m3",-1.07748355411425,-0.295308630163374,-1.16162854160133,-0.17316833789398,0.481361008728196,0.471048522088285,-0.307207814855462
1992,23448,"s3","m3",-1.21576078047906,-0.253835828773206,-1.1500449769222,-0.21169980367127,0.321009023824058,0.540272093648873,-0.4184143882574
1993,23473,"s3","m3",-1.11517661263683,-0.144168834070136,-1.22689396935486,-0.0359105581890534,0.36452023660037,0.831428713388897,-0.185836347047731
1994,23476,"s3","m3",-1.14873613787514,-0.200899643888036,-1.04759195237962,-0.110150993056336,0.458679045044287,0.583799894062859,-0.520526204174782
1995,23478,"s3","m3",-1.15463833054655,-0.26521011430083,-1.18496728302697,-0.148193885944577,0.466430573252373,0.646276329155969,-0.237375099593447
1996,23479,"s3","m3",-1.06710920530366,-0.183288287508435,-1.20685490489738,-0.0601046511647491,0.196665538782267,0.827189134909696,-0.270476178215121
1997,23484,"s3","m3",-1.0124352602131,-0.109011977118814,-1.02785079801125,-0.0462463558139965,0.212979054835824,0.835624857273451,-1.21789991333996
1998,23489,"s3","m3",-1.18238147433928,-0.335823867211034,-1.17222933093934,-0.189208358778359,0.0529079697883245,0.333928226935148,-0.460100243418487
1999,23535,"s3","m3",-1.09890552788927,-0.207445451488634,-1.1220427965192,-0.108383223630169,0.534719679767805,0.568397149603564,-1.11429894750159
2000,23545,"s3","m3",-1.12514896204072,-0.139729916250542,-1.12669942943796,-0.0294439987315707,0.214498460754887,0.766579772074622,-0.576919937948858
2001,23546,"s3","m3",-1.10384035762654,-0.19867165559299,-1.02405088321119,-0.11264040690958,0.346727249668238,0.519362181004131,-1.88532840507033
2002,23553,"s3","m3",-1.01158766477443,-0.240682348376449,-1.03462611075061,-0.0189899132836478,0.429551418516586,0.873658291150822,-0.951263177937845
2003,23568,"s3","m3",-1.20538198834879,-0.174077671998083,-1.12714387109557,0.0320268062030747,0.257430484328712,0.846998826679504,-0.0963393550604269
2004,23572,"s3","m3",-1.06547648453195,-0.222054808405416,-1.05362530754238,-0.0972839739278603,0.439463386982964,0.571806493093257,-1.46700289459811
2005,23580,"s3","m3",-1.15490091613551,-0.249015152845065,-1.13014404772986,-0.0802507244529507,0.400630509806284,0.748229274571959,-0.610299053051422
2006,23584,"s3","m3",-1.14807679050353,-0.289020231833853,-1.06737429661487,-0.150533434078361,0.519152635622552,0.603053407175589,-0.414855234536932
2007,23591,"s3","m3",-1.18221292436899,-0.234245751233222,-1.11508538282249,0.0281496061335822,0.2178318122223,0.776441660586871,-0.148986253086945
2008,23619,"s3","m3",-1.07526552227726,-0.157142720372735,-1.11039889226545,0.0322910740089043,0.404643257546469,0.790353579789395,-1.26542889653613
2009,23622,"s3","m3",-1.03994386350459,-0.250179349487669,-1.01828350143764,-0.069966825723349,0.329678601780763,0.713339704022778,-1.4160156800815
2010,23641,"s3","m3",-1.09794023191976,-0.231570065368796,-1.09879220852039,-0.174042281710414,0.344922260887205,0.462844852477872,-0.113235688799909
2011,23657,"s3","m3",-1.07967193177062,-0.177335216240221,-1.10874975230598,-0.0735859951639644,0.273211832385995,0.701600236294177,-0.803269062489099
2012,23667,"s3","m3",-1.19283010799049,-0.256092161854739,-1.17933759925757,-0.0523125828244486,0.208746733433049,0.701397064875837,-0.269924944354231
2013,23672,"s3","m3",-1.21198667611832,-0.235351502618754,-1.1938454208834,-0.249953992220505,0.323948210993244,0.482926279577395,-0.134343689894545
2014,23687,"s3","m3",-1.1874689268199,-0.119597671757047,-1.15963622507613,0.0137171761860475,0.287551130373606,0.936919468958878,-0.242126745153278
2015,23702,"s3","m3",-1.08781264395897,-0.232167995408462,-1.03906905903974,-0.0363546671189458,0.451225142457903,0.653019510958776,-0.712600715139534
2016,23727,"s3","m3",-1.14764742987636,-0.239520524056992,-1.09903929987209,0.0221212682737493,0.397445046391514,0.707658794919613,-0.105035419244204
2017,23744,"s3","m3",-1.15983103442646,-0.259562514491607,-1.0835221077224,-0.0497454409782308,0.146491605907573,0.803869944518975,-0.59231932563748
2018,23752,"s3","m3",-1.10869067432547,-0.215655080884955,-1.14354271083586,0.0525785991144658,0.182305384686571,0.812602775926727,-0.885178206615992
2019,23765,"s3","m3",-1.08362591089877,-0.185574301897241,-1.02835844915764,0.0562201006741571,0.386370595269925,0.892097082259313,-1.07957653323584
2020,23776,"s3","m3",-1.16516022577843,-0.274470400764688,-1.20579626034545,-0.178972398398437,0.287012801155463,0.30782213692363,0.544174754544612
2021,23782,"s3","m3",-1.10415478185588,-0.29008448549266,-1.14620701077293,-0.162945698356498,0.205278451971444,0.321238596934027,-0.265532386841194
2022,23798,"s3","m3",-1.14124518204177,-0.245053626354423,-1.11342729220333,-0.0229552661163638,0.207318913152415,0.708752686091432,-1.09888403033093
2023,23809,"s3","m3",-1.12913360215955,-0.348373929738881,-1.17100449120843,-0.0641467504097547,0.262494504682785,0.700960200302089,-1.16235051101211
2024,23810,"s3","m3",-1.16597779872566,-0.240755054030224,-1.16629170932074,-0.0676217738932932,0.212715995636702,0.628253951661945,-0.202595992289253
2025,23811,"s3","m3",-1.20251583751544,-0.422566783614844,-1.1869693961671,-0.0444888958617814,0.375898580890468,0.63984417625128,-0.000672213274396778
2026,23826,"s3","m3",-1.15201415839926,-0.332575195784291,-1.22750764762779,-0.116100784764229,-0.038757487692383,0.230164718203627,-0.413544504541705
2027,23838,"s3","m3",-1.17351535014191,-0.215486188363178,-1.14261873096627,-0.147259935663663,0.327000378527424,0.568126353921388,-0.151058573024627
2028,23839,"s3","m3",-1.21544870117074,-0.247399629349679,-1.13472681364433,-0.019557377128944,0.346575486549803,0.747566585382797,-0.00355540734899362
2029,23849,"s3","m3",-1.12048258127919,-0.203208269672762,-1.12887976839571,-0.0377271971263045,0.370086302267041,0.793959628886532,-0.566301593077945
2030,23858,"s3","m3",-1.13975959171999,-0.302800697836667,-1.03856721770487,-0.0944856561430046,0.394817050094327,0.519878645420621,-0.677540824011213
2031,23870,"s3","m3",-0.939522786692542,-0.254561561023977,-1.138462014433,0.0958034726047607,0.349961371616906,0.819443505024331,-1.45255315423632
2032,23873,"s3","m3",-1.23362710978991,-0.234500873219416,-1.1499179486605,-0.0168509095894115,0.303050484874064,0.730717136171656,-0.128128083266589
2033,23876,"s3","m3",-1.12325893336767,-0.254819759896043,-1.11584671771554,-0.0565455585927499,0.383569253195609,0.6994715423517,-0.693234232114319
2034,23877,"s3","m3",-1.07340380556094,-0.0564877223441511,-1.13750084288499,0.00296665868754608,0.449292299719446,0.890017347100789,-1.19920900558372
2035,23882,"s3","m3",-1.14823903480882,-0.193826079874524,-1.15823111463498,0.00555999993670736,0.293882054653536,0.657562740652772,-0.235132680613736
2036,23887,"s3","m3",-1.17660099252751,-0.301913312038569,-1.17628664091651,-0.140473295496836,0.141443906147909,0.454278894437255,-0.378191118253946
2037,23897,"s3","m3",-1.16239101382915,-0.26507315683459,-1.10546857758917,-0.0287696681464621,0.492672125037416,0.72474954435015,-0.233431037584398
2038,23904,"s3","m3",-1.10997188764807,-0.0787718989391549,-1.03659811140315,0.0267314537226001,0.331426031889865,0.869816936456804,-1.94039372040589
2039,23912,"s3","m3",-1.09815611432867,-0.272408205493204,-1.10455354324244,-0.0421093733449938,0.458529041174043,0.83191181958421,-0.617424117018043
2040,23918,"s3","m3",-1.07322213391222,-0.281489955894869,-1.08407618469947,-0.156070988754193,0.48401591249695,0.575295316005433,-0.648437280080446
2041,23937,"s3","m3",-1.13579864171691,-0.318767914219351,-1.15630823113643,-0.110937661652075,0.277522565873681,0.518267851045239,-0.38894465542541
2042,23951,"s3","m3",-1.10288174407103,-0.18890592451157,-1.11414697103473,-0.149941273309837,0.445101977167594,0.690029653020172,-0.541392118955623
2043,23957,"s3","m3",-1.08536249414639,-0.284021398999944,-1.10988638467877,-0.132328818000149,0.27676972902752,0.572286485807443,-0.93619587045383
2044,23958,"s3","m3",-1.21362441427604,-0.281659365609269,-1.32334035257744,-0.0575691240805468,0.124350721667022,0.644551129420695,0.27738160970746
2045,23960,"s3","m3",-1.09554423727381,-0.176840849252819,-1.11474798051823,-0.0562303953843094,0.28001417377034,0.688493353163658,-0.875136016672326
2046,23969,"s3","m3",-1.1525731908821,-0.250012929845119,-1.20063663958053,-0.112371216118615,0.294654681627802,0.757198381088949,-0.306967076881468
2047,23971,"s3","m3",-1.1568846056748,-0.24297173468286,-1.14531571818052,-0.228544141899362,0.227547682499439,0.288473834553674,-0.15894567389408
2048,23973,"s3","m3",-1.17771346435524,-0.324062285453108,-1.16505802054623,-0.144322074571036,0.455973927052104,0.326640122381697,0.122610650717383
