"draw","source_draw","id","assumed_model","alpha_0","nu_0","nu_1","tau"
1,5,"s020","m0",-0.24821598252593,0.85984226250663,0.17526806955752,-0.703538016371979
2,7,"s020","m0",-0.472939877084788,0.524783342315625,-0.0866610460597234,0.346241981648616
3,33,"s020","m0",-0.259216641350182,0.815957521024874,0.0877465500356586,-1.23254269139605
4,56,"s020","m0",-0.367479442859691,0.787408867087933,0.0876650172919258,0.0521978801747679
5,57,"s020","m0",-0.269431986869644,0.797239965971665,0.170439334050125,-0.835696109162803
6,58,"s020","m0",-0.337900596903877,0.656901504226685,-0.0929273337111124,-0.552836062953112
7,60,"s020","m0",-0.359993430108255,0.66865321735483,0.233963763453197,-0.228474772625051
8,70,"s020","m0",-0.337334701044796,0.69664105812777,-0.0672636334718764,-0.093923358558122
9,71,"s020","m0",-0.246044162605449,0.822338420092635,0.130554756802393,-0.47289637366025
10,82,"s020","m0",-0.325920451789071,0.619508590894298,0.0891080472497985,-0.422894691579139
11,106,"s020","m0",-0.296673806670293,0.801774396222914,0.106581145999387,-0.146064972344189
12,108,"s020","m0",-0.310365174343088,0.802838971393476,0.264698377485129,-0.255370423820048
13,111,"s020","m0",-0.225164125740585,0.712596652950877,0.295921103347541,-0.929531576260842
14,125,"s020","m0",-0.30696056054458,0.773683050120266,0.214435547145035,-0.489034886830019
15,127,"s020","m0",-0.320731585645508,0.667455724043233,0.235255550472745,-0.931835807810157
16,143,"s020","m0",-0.281799893257716,0.74225978391949,0.0413761400960554,-0.855669552917521
17,144,"s020","m0",-0.257222661562383,0.859287381356482,0.11675082777119,-0.440297288451829
18,148,"s020","m0",-0.197521930514521,0.877242336444444,0.405240658719835,-1.2738243566339
19,165,"s020","m0",-0.246890176272613,0.853080791861597,-0.0205122556467541,-1.196732670457
20,167,"s020","m0",-0.18424078351939,0.861052081654043,0.357976000668942,-1.19130028303764
21,168,"s020","m0",-0.330575934676575,0.764046137914591,0.0729402660764917,-0.159957509354072
22,174,"s020","m0",-0.376816620374131,0.603614575992811,-0.10125191468357,-0.351708019115964
23,203,"s020","m0",-0.378459847002893,0.528620013451509,0.0474886445883004,-0.413256017259616
24,216,"s020","m0",-0.202967480694883,0.861031982200245,0.425413443616584,-2.11153094389146
25,228,"s020","m0",-0.240346142058725,0.746573325622557,0.173413289457241,-0.878083537713642
26,234,"s020","m0",-0.290815711214741,0.872447832673559,0.105291334121064,-0.332610674072763
27,236,"s020","m0",-0.339580455756019,0.833650548983923,-0.13145289361029,-0.346608577753523
28,262,"s020","m0",-0.22687927035744,0.81666289137394,0.308982768493097,-1.32029575561066
29,271,"s020","m0",-0.309700760350312,0.727883437878237,0.157190607135802,-0.416069157344069
30,272,"s020","m0",-0.321717362379568,0.751042557387933,0.145624496424082,-0.328518638506681
31,285,"s020","m0",-0.323774387705339,0.846433990516855,0.185121642791588,-0.23181576723868
32,304,"s020","m0",-0.270559050909,0.725562818345854,0.0523566440901802,-0.68773294766524
33,317,"s020","m0",-0.314736438552975,0.768164014625093,0.213077272627275,-0.471451187429538
34,320,"s020","m0",-0.280357836451239,0.833491807930065,0.135908022328262,-0.547980002567597
35,329,"s020","m0",-0.296636190708826,0.775611428169133,0.252495547382306,-1.10430497371386
36,334,"s020","m0",-0.316390090340243,0.766942720878522,0.00863914463661912,-0.479087093715735
37,345,"s020","m0",-0.176516852926767,0.827623134636843,0.317550062931294,-1.4193716137041
38,351,"s020","m0",-0.278564278387109,0.84762689178572,0.198761602710447,-0.52286655015163
39,359,"s020","m0",-0.328332958620829,0.729283532463626,0.00196736693568178,-0.451813455204061
40,387,"s020","m0",-0.264920257638336,0.7062816396208,0.0858557265901461,-1.2942268500512
41,411,"s020","m0",-0.249769864313398,0.774178497162785,0.232143490693246,-0.852752030867724
42,424,"s020","m0",-0.13141951815917,0.933067971220931,0.335476863248763,-2.26243147396999
43,433,"s020","m0",-0.295879879514976,0.727743052765503,0.242340112273189,-0.345614568724976
44,463,"s020","m0",-0.346124917597153,0.777049338254672,0.0973968007927313,0.0716378040491175
45,464,"s020","m0",-0.230711360931461,0.856772017956562,0.205623230707454,-1.33033760906406
46,471,"s020","m0",-0.312588071689121,0.72822084609872,0.282880409635518,-0.52838219018443
47,483,"s020","m0",-0.218710629677356,0.860912044328407,0.231463255581765,-0.926468920473651
48,487,"s020","m0",-0.34249336397559,0.626736033449188,0.0074539297233647,-0.996082361164467
49,498,"s020","m0",-0.1683667149565,0.848972936366533,0.481888611114917,-1.44589472291738
50,501,"s020","m0",-0.304030340230125,0.684450998105673,0.10075027058376,-0.7248823030824
51,508,"s020","m0",-0.229491507554194,0.781912997806165,0.341923111896932,-1.41801505504477
52,513,"s020","m0",-0.314471449590176,0.765875897953042,0.0983174737013508,-0.531362303781723
53,526,"s020","m0",-0.307347727835658,0.739402480392185,-0.0729932846005129,-0.974920245631119
54,529,"s020","m0",-0.315886756309657,0.872938445971095,0.181858632674828,0.0182145730721841
55,540,"s020","m0",-0.249432682207631,0.814030010200409,0.264158408804555,-0.977563031321359
56,569,"s020","m0",-0.263991768750395,0.709515081011417,0.279005571847515,-1.26305347465747
57,580,"s020","m0",-0.202030288625439,0.907880004883187,0.23348582866022,-1.43885811787861
58,585,"s020","m0",-0.233395364993052,0.895542622484508,0.244241724778947,-0.464528480021612
59,603,"s020","m0",-0.357341587873732,0.637053235285433,-0.198237487169457,-0.297529757277869
60,610,"s020","m0",-0.30938759438715,0.754070088285675,0.154502135932093,-0.483954625784611
61,611,"s020","m0",-0.216171455504442,0.892347543367972,0.153773578619036,-0.994369563034609
62,632,"s020","m0",-0.258456200484735,0.897821740573209,0.302695092659032,-0.502105909513754
63,636,"s020","m0",-0.175056440229648,0.89597011402776,0.309902121941758,-1.36715542933068
64,640,"s020","m0",-0.179948296245218,0.869103707625969,0.271496557536727,-1.94580740625609
65,650,"s020","m0",-0.285632446074226,0.675716496816303,0.226473203152226,-0.732029172676313
66,681,"s020","m0",-0.290967218287974,0.756535553245868,0.189652705906712,-0.845065719172035
67,692,"s020","m0",-0.267207818049543,0.803690195466394,0.3168241537434,-0.77765172412291
68,841,"s020","m0",-0.293113619130144,0.774749691557648,0.124205648625548,-0.555800978997131
69,847,"s020","m0",-0.310892746563371,0.761753200549701,-0.34087277864046,-0.379402095817616
70,871,"s020","m0",-0.214797465521739,0.873751746741626,0.213212625205754,-2.0370380919581
71,873,"s020","m0",-0.263197119187512,0.811577315759702,0.036666671076362,-0.98826384214614
72,883,"s020","m0",-0.276680652475279,0.783077904925928,0.0704593518195123,-0.797556967446875
73,894,"s020","m0",-0.300853495152765,0.764071650561756,0.0299069905332672,-0.763813638349761
74,899,"s020","m0",-0.264581681817819,0.775984846618903,0.0395298133498973,-1.03468384097288
75,901,"s020","m0",-0.164775783970145,1.01250216049612,0.597799969842568,-2.16282976448627
76,913,"s020","m0",-0.241912266281094,0.858264477174414,0.275584581838044,-0.871392872432815
77,935,"s020","m0",-0.261232525002962,0.805507852442624,0.397967516736281,-1.32355348769001
78,936,"s020","m0",-0.298455343099122,0.690541315344301,-0.0405903901859183,-0.524308040270199
79,941,"s020","m0",-0.39980135383873,0.682492572596429,-0.257551081316744,0.127054048393598
80,947,"s020","m0",-0.361014409272433,0.711461643071352,-0.0330863580893224,0.174535051321058
81,956,"s020","m0",-0.196104169310572,0.854635146260309,0.147188695749804,-1.25842932875892
82,990,"s020","m0",-0.299348323361304,0.84853244067743,0.225583487618764,-0.547155286874068
83,992,"s020","m0",-0.287314283923839,0.802539164050045,0.149357468701062,-0.654793652479926
84,1006,"s020","m0",-0.281844437377952,0.759639768136715,0.104351424178326,-0.428632363268759
85,1033,"s020","m0",-0.224109052345282,0.803030658529097,0.189103434062404,-1.47174211474499
86,1045,"s020","m0",-0.264077030525007,0.813914416871406,-0.0719562202910128,-1.18932938759699
87,1047,"s020","m0",-0.254240746997502,0.792045190314791,0.0707324060059441,-0.982213668565046
88,1065,"s020","m0",-0.24415261800773,0.851884622251568,0.302912172384866,-0.803357720401413
89,1082,"s020","m0",-0.174162785434454,0.903532059472027,0.156974268523507,-1.45518859766647
90,1084,"s020","m0",-0.210783952133693,0.897051977995387,0.195002328802299,-1.24730185535709
91,1108,"s020","m0",-0.256987764726717,0.752538883167149,0.135281029747829,-1.3008305154485
92,1131,"s020","m0",-0.315578708735437,0.817798814270263,0.136098979654585,-0.817213754328504
93,1135,"s020","m0",-0.235723106608121,0.780782518058036,0.32161469498511,-1.15175762815077
94,1153,"s020","m0",-0.281393944231765,0.78445706236467,0.131825588963368,-0.619134653782408
95,1163,"s020","m0",-0.257993983327807,0.813255741397258,0.23894518993402,-0.533337415124937
96,1196,"s020","m0",-0.26778200882806,0.71579942607488,-0.166455022419279,-0.89010986088717
97,1197,"s020","m0",-0.244356999283596,0.869010083881684,0.302159754780037,-0.87412252244002
98,1206,"s020","m0",-0.330420405301296,0.885838901239128,0.0528179336239432,-0.087228599250014
99,1210,"s020","m0",-0.265866674529908,0.805316830992909,0.124726024955192,-0.881520603073708
100,1217,"s020","m0",-0.27604124889469,0.820006976024254,0.0720756242134142,-0.276978115920237
101,1228,"s020","m0",-0.2827245431781,0.759163645039989,0.183061521434229,-0.710990313353074
102,1241,"s020","m0",-0.286106796539606,0.845832841469458,0.232825218297482,-0.407492890946538
103,1247,"s020","m0",-0.305160214037915,0.65565451918321,0.17072201799077,-0.635471954072553
104,1253,"s020","m0",-0.360158487524047,0.634737230314423,-0.133633593608585,-0.048089918436087
105,1272,"s020","m0",-0.313916481630206,0.715928954002246,0.293803729868295,-0.547249802068448
106,1280,"s020","m0",-0.35330531466186,0.732651219869093,-0.284565903010463,-0.387596807888002
107,1296,"s020","m0",-0.2199597891583,0.855679280615803,0.268834692256073,-1.25166347917433
108,1298,"s020","m0",-0.385228772382382,0.715039923332643,-0.099716221324159,-0.1525713878125
109,1306,"s020","m0",-0.330194046726189,0.723951754162226,0.150659620614445,-0.290363982989023
110,1313,"s020","m0",-0.326465747682021,0.754273676455936,0.125738032155431,-0.19705336954146
111,1320,"s020","m0",-0.198334190738596,0.840478457415718,0.290111030069955,-1.53505194084628
112,1326,"s020","m0",-0.282398463583859,0.786946378808737,0.128726784621145,-0.485705341782938
113,1363,"s020","m0",-0.245780179241315,0.780992435133157,0.333555631409507,-0.823795981582133
114,1374,"s020","m0",-0.320090244495858,0.602678647643779,-0.040726820412624,-0.393178145537364
115,1391,"s020","m0",-0.241185102638355,0.820065554090007,0.151283856390899,-1.51973822815302
116,1422,"s020","m0",-0.25643723494273,0.696242738145578,0.217972040753874,-0.871373291857492
117,1436,"s020","m0",-0.265628529545182,0.79854195046721,-0.00262983407467007,-0.8190808865274
118,1440,"s020","m0",-0.247607699081393,0.78208076992138,0.250048191734296,-1.18148274263365
119,1463,"s020","m0",-0.222697983158124,0.841822490581106,0.226316769473719,-1.16526804726462
120,1468,"s020","m0",-0.172192591224565,0.885164438105493,0.352322384610517,-1.7439140369119
121,1481,"s020","m0",-0.21920021120941,0.785481130818704,0.145034058712963,-1.23495588914582
122,1492,"s020","m0",-0.219257398562649,0.784491304721399,0.13315757497015,-1.59820298181973
123,1497,"s020","m0",-0.306846586381933,0.770793203964062,0.0808296663170786,-0.381717823361922
124,1522,"s020","m0",-0.253880350260038,0.819186116359424,0.23783467769515,-0.142098870074774
125,1529,"s020","m0",-0.29375940761097,0.793414392027223,0.267675809479616,-0.508315695816774
126,1531,"s020","m0",-0.169502742497829,0.828660267487959,0.160668415031451,-2.75720739721655
127,1534,"s020","m0",-0.251816814863046,0.858774853928816,0.116314496537381,-0.906779243566796
128,1543,"s020","m0",-0.467519639895929,0.556074671263095,-0.413804413455219,0.468131607833792
129,1551,"s020","m0",-0.394592016853544,0.57697522787826,-0.207069980787772,-0.156692224248752
130,1561,"s020","m0",-0.34015142004044,0.727335733482553,0.258576729908729,-0.368621112728562
131,1569,"s020","m0",-0.234893444156898,0.725677003513654,0.212311202387311,-1.40842030096966
132,1582,"s020","m0",-0.221426904488685,0.89917348248959,0.258321931831584,-1.03319934968362
133,1583,"s020","m0",-0.387217517268174,0.661812388289254,0.066546569768666,-0.30529549116863
134,1590,"s020","m0",-0.183145141997953,0.902914170323324,0.215421082913193,-1.85169969285764
135,1599,"s020","m0",-0.36443552406415,0.714637925049148,-0.0716620029597205,-0.0557912904998075
136,1616,"s020","m0",-0.361768236562362,0.680741571035285,-0.157121139094913,-0.773991850832319
137,1657,"s020","m0",-0.225662877608361,0.846087452881169,0.333447303307382,-1.45278510497722
138,1680,"s020","m0",-0.233253557629375,0.909219389102043,0.301198199456335,-0.759563139835834
139,1682,"s020","m0",-0.298674289591961,0.72624534045463,0.12921914492296,-0.32395828140299
140,1694,"s020","m0",-0.295891797347396,0.818722374194581,0.0614445020298409,-0.458098587630729
141,1741,"s020","m0",-0.193683330222847,0.905468876858425,0.287672178674029,-1.62189817176615
142,1755,"s020","m0",-0.324524076662545,0.686314713501445,-0.110974021014616,-0.442317832254367
143,1773,"s020","m0",-0.286362876279436,0.74504208215838,-0.0152564685756375,-0.609752141768841
144,1798,"s020","m0",-0.248117604849921,0.789508465633741,0.108786564044625,-0.95820852932841
145,1816,"s020","m0",-0.295540605776129,0.836319067071216,0.21507113762401,-0.778582016449662
146,1823,"s020","m0",-0.243453736721707,0.85446256264825,0.271706441072813,-0.752095333144281
147,1851,"s020","m0",-0.229566102442832,0.838669192762871,0.166975960194736,-1.60501984408863
148,1863,"s020","m0",-0.294774401596276,0.749954389773074,0.0879152446441996,-0.766334348609246
149,1898,"s020","m0",-0.297902477906246,0.766854350784111,0.204967291575668,-0.770435912103142
150,1907,"s020","m0",-0.291414393567146,0.752076278266499,0.0417839712003519,-1.1948107399655
151,1920,"s020","m0",-0.289758584264733,0.73606442547333,0.337533910676891,-0.592502483243775
152,1921,"s020","m0",-0.135200579288238,0.905631898961243,0.455091148866249,-2.21295205329143
153,1952,"s020","m0",-0.365120031176661,0.780263340790735,-0.0225902748749848,-0.183392857670789
154,1964,"s020","m0",-0.35746844454903,0.733885819617839,0.109719095999293,0.0634397196854963
155,1977,"s020","m0",-0.283448184274327,0.73718625217831,0.154708436002547,-0.634506544572642
156,1993,"s020","m0",-0.193770065491435,0.901203683885196,0.279818454814099,-1.54898608950166
157,2029,"s020","m0",-0.209863574110823,0.919891478449776,0.220066718649737,-1.15680077233905
158,2050,"s020","m0",-0.147474004946259,0.866919207524536,0.477381963140289,-1.64655569004693
159,2054,"s020","m0",-0.287885848159316,0.689791991404645,0.00855975029611177,-1.30682179676797
160,2073,"s020","m0",-0.224929469301433,0.812524347566996,0.23531368515098,-0.797198687324775
161,2076,"s020","m0",-0.368026682894776,0.769042184191355,0.0413600791459808,-0.285798601835368
162,2082,"s020","m0",-0.289563064672111,0.862199634795981,0.334686327300466,-0.228719153789278
163,2083,"s020","m0",-0.165540305446761,0.899517508582678,0.401155200839732,-2.46978594196023
164,2086,"s020","m0",-0.272188853100227,0.71534695593921,0.0819273127067635,-0.930274545800928
165,2090,"s020","m0",-0.178299127617803,0.890007618439006,0.228838792367707,-1.83527891531305
166,2106,"s020","m0",-0.261281290556377,0.784347630912761,0.0761857223445213,-0.641601938747859
167,2126,"s020","m0",-0.316926722191754,0.784772233898279,0.117064672630095,-0.423999290086154
168,2136,"s020","m0",-0.350235449585484,0.627577433438132,0.1857064898006,-0.30863656805717
169,2150,"s020","m0",-0.239396992599654,0.866981499106987,0.178064606375425,-0.935120411486384
170,2180,"s020","m0",-0.332533952950285,0.698043948767254,0.0266233567790138,-0.31865438423003
171,2183,"s020","m0",-0.291314954354434,0.817017650997804,0.173565292139754,-0.783243722999801
172,2196,"s020","m0",-0.206667869363201,0.828612426701367,0.0253775164426436,-1.84680309578134
173,2198,"s020","m0",-0.229216746714089,0.847047043605994,0.28515557208687,-0.86271677799506
174,2199,"s020","m0",-0.248113037607055,0.720619189631629,0.0260887864845561,-1.0850192028313
175,2202,"s020","m0",-0.34749017813459,0.703524508968639,0.0109858766990401,-0.143073318907214
176,2226,"s020","m0",-0.266465165170104,0.778719554551082,0.189463908560823,-0.75089054869881
177,2240,"s020","m0",-0.28314153328399,0.798931931508419,0.2136799973907,-0.57036829099886
178,2271,"s020","m0",-0.204038777928506,0.853073078049817,0.2158127167417,-1.99348436997262
179,2272,"s020","m0",-0.21465248370513,0.880619034615305,0.141717252837463,-1.34744788257305
180,2283,"s020","m0",-0.3202155917278,0.752725034037608,0.00642982942792121,-0.504038952412438
181,2298,"s020","m0",-0.306638145933481,0.731355143132174,-0.216814719775522,-0.765644039013575
182,2302,"s020","m0",-0.205584070793743,0.913386497630238,0.141080303854052,-1.41436912492952
183,2316,"s020","m0",-0.374404012989427,0.705710974965237,0.184361143032343,0.0951911248211673
184,2318,"s020","m0",-0.284676601585166,0.851532194755132,-0.0311627494776065,-0.805952705219374
185,2320,"s020","m0",-0.261512261583071,0.754572424239034,0.13891667853127,-1.28932311765693
186,2339,"s020","m0",-0.350992565268133,0.610355035858177,0.0509980794313612,0.0211494299213237
187,2347,"s020","m0",-0.377896944992601,0.673572167184832,-0.000660318481712035,-0.354983105794407
188,2353,"s020","m0",-0.211549461527706,0.844953982234322,0.3628289057488,-0.858837410152719
189,2363,"s020","m0",-0.228480148208402,0.806723989162483,0.173654866492716,-1.73123557551378
190,2370,"s020","m0",-0.373654244082476,0.696068686417629,-0.0582262811510346,-0.461895673266838
191,2373,"s020","m0",-0.230867536856836,0.809823691197005,0.288305487855217,-1.04381363020613
192,2377,"s020","m0",-0.312073831770863,0.716325441268585,-0.163437645002543,-0.676275909528459
193,2393,"s020","m0",-0.25638665856805,0.856264155419127,0.237462143228742,-0.515330585979899
194,2399,"s020","m0",-0.252596572532247,0.840715118471396,0.188693007863555,-0.901998786825228
195,2425,"s020","m0",-0.236019373441114,0.807305041276491,0.0899244457773411,-1.33824519440542
196,2426,"s020","m0",-0.284658701900676,0.68051818581909,0.116333891621781,-0.608903330163926
197,2430,"s020","m0",-0.315188531740888,0.679659922501061,-0.0291497961690621,-0.550434778135262
198,2441,"s020","m0",-0.290991571226296,0.757716765388268,-0.156102017116897,-1.10987657454874
199,2442,"s020","m0",-0.304894409253408,0.733141925618675,0.139872757908956,-0.504970584978722
200,2443,"s020","m0",-0.27933270414631,0.815193436524619,0.16225819662273,-0.669686214760259
201,2453,"s020","m0",-0.217424012509287,0.765694036615838,0.191748907152546,-1.09855823123679
202,2493,"s020","m0",-0.292928796972538,0.753168666277386,-0.00688670569394261,-1.14761918092864
203,2497,"s020","m0",-0.308336630486856,0.762296071236618,0.0296918468613724,-0.639055299960071
204,2505,"s020","m0",-0.239195409581416,0.831288304314268,0.279210262276836,-1.03523126822526
205,2507,"s020","m0",-0.304085988660323,0.769361547282067,-0.233703895851591,-0.560646785529288
206,2516,"s020","m0",-0.197625992243843,0.89922600498331,0.228774637001592,-1.80593315502497
207,2561,"s020","m0",-0.229723386671549,0.824813395585679,0.28364553463087,-1.06206342002918
208,2579,"s020","m0",-0.314969122439,0.758477420072744,-0.0569256717860136,-0.419423127197342
209,2585,"s020","m0",-0.370289039500948,0.751162473774472,0.104901837835712,0.173407328732771
210,2591,"s020","m0",-0.367395635039555,0.690204754728305,0.12541661708135,0.289682769519351
211,2595,"s020","m0",-0.271581296113458,0.788694726625003,0.0589542431086334,-0.776863815768333
212,2604,"s020","m0",-0.198652207076326,0.909722772631887,0.134309370543128,-2.23981300764376
213,2653,"s020","m0",-0.234273105476174,0.873163593174353,0.233641238536315,-1.21481610699704
214,2656,"s020","m0",-0.266748191738902,0.870329518777601,0.0298532357814257,-0.662121874583866
215,2658,"s020","m0",-0.257814974008599,0.898739012482585,0.173018483483134,-0.61225503486484
216,2677,"s020","m0",-0.229733024339882,0.795193840585515,0.286628249088284,-0.95395576879018
217,2681,"s020","m0",-0.27983284164739,0.811407759848391,0.034740725744308,-0.644105319349315
218,2687,"s020","m0",-0.269795122171167,0.819422537823533,0.209050871824326,-0.587949751519616
219,2710,"s020","m0",-0.320080305010061,0.564681744303377,0.0338726693920612,-0.510103820359253
220,2712,"s020","m0",-0.221205967614526,0.904269406715917,0.265805913353984,-1.20341937277667
221,2718,"s020","m0",-0.263308562277702,0.721823099145354,0.172905379860343,-0.722199288601303
222,2719,"s020","m0",-0.188018065345737,0.87333271045619,0.0811382487034664,-1.33305380424035
223,2728,"s020","m0",-0.175110556895394,0.891019987353674,0.247487268936064,-1.68716572974575
224,2731,"s020","m0",-0.221600967520744,0.824570472365678,-0.079730703313786,-1.36024856114069
225,2736,"s020","m0",-0.216399547282076,0.849779520104309,0.307994562054204,-1.33201419381875
226,2741,"s020","m0",-0.274540152006359,0.823022663801639,0.208474496777856,-0.851609173753202
227,2755,"s020","m0",-0.325551398436579,0.636518049384916,-0.162775955281273,-0.488367467288765
228,2775,"s020","m0",-0.232574944952034,0.811248117297543,0.103321152809912,-1.12798603126442
229,2777,"s020","m0",-0.366874253472459,0.790604809175876,0.00308738338472944,0.00910363115964839
230,2785,"s020","m0",-0.301553452829006,0.793159668324645,0.387887254324432,-0.600752701397262
231,2786,"s020","m0",-0.253576262663174,0.832842417682011,0.122983222127077,-0.864627426014244
232,2796,"s020","m0",-0.320744862154279,0.747067792087026,0.0503948843651761,-0.660708558225907
233,2802,"s020","m0",-0.351736624819615,0.713788881100056,0.0744425604296901,-0.420006891355609
234,2809,"s020","m0",-0.156269532938921,0.845529855533843,0.409160368231804,-2.0705415715223
235,2837,"s020","m0",-0.190542732366709,0.815212599903623,0.163103571655133,-1.32720514279391
236,2868,"s020","m0",-0.269960291680743,0.873351418257299,0.119629524291393,-1.13967650976819
237,2878,"s020","m0",-0.264249004479753,0.874493879679445,0.232200879184628,-0.637327496963285
238,2885,"s020","m0",-0.272996893478896,0.808068128903418,0.0252184377133494,-0.879893920973478
239,2894,"s020","m0",-0.370245778168227,0.75393862182588,-0.196719298597659,0.11471778648943
240,2918,"s020","m0",-0.268107455983409,0.766977549463836,0.205241980512053,-0.941510283295652
241,2932,"s020","m0",-0.208815907124577,0.871038628718773,0.335728491487187,-1.44573893318504
242,2947,"s020","m0",-0.341187280206207,0.782158852455182,-0.0182171532814049,-0.748500500167331
243,2974,"s020","m0",-0.320510880347038,0.684726138804046,0.0825462781024567,-0.705740141446415
244,3020,"s020","m0",-0.36354339252393,0.673480522781593,-0.000558880083380529,0.288257812712075
245,3030,"s020","m0",-0.344531537796851,0.72423316825499,0.0677689681692227,-0.0773770582804555
246,3048,"s020","m0",-0.343632420976919,0.79486988228595,0.0704916182411471,-0.490428817115869
247,3049,"s020","m0",-0.284998851063204,0.801767460176269,0.253826412638453,-0.643982144027594
248,3055,"s020","m0",-0.18419826888823,0.908734228534954,0.282099881571997,-1.23471588128928
249,3064,"s020","m0",-0.248384662143702,0.832077482014661,-0.062591467434817,-1.5501333484238
250,3085,"s020","m0",-0.342071985390507,0.796261260404825,0.0560218142182653,-0.0682131461104053
251,3097,"s020","m0",-0.239442186246892,0.808827470753352,0.304680228357012,-1.33901264989166
252,3110,"s020","m0",-0.256393984645433,0.855997526211403,0.203937504013622,-0.513231106638844
253,3111,"s020","m0",-0.19342009831073,0.874486834622668,0.103425532512136,-1.62938775566711
254,3121,"s020","m0",-0.165044374147135,0.879003054225507,0.44055160477759,-1.17088227244456
255,3122,"s020","m0",-0.318476853396129,0.750719117342397,0.228442672869101,-0.774595481017283
256,3132,"s020","m0",-0.224975105216126,0.918542047097646,0.316487471329327,-1.12481867849835
257,3142,"s020","m0",-0.309331645577341,0.842133184900536,-0.0153899855062272,-0.771063624738568
258,3155,"s020","m0",-0.27697650369181,0.853328460011155,0.173952728059861,-1.00776645958544
259,3166,"s020","m0",-0.291306014570858,0.834637508726071,0.158257195085868,-0.564640947599538
260,3176,"s020","m0",-0.222453500449843,0.897981372557581,0.274702629262052,-0.827505112493267
261,3177,"s020","m0",-0.237705099129131,0.797143636140618,0.380496934421013,-1.00089975265929
262,3196,"s020","m0",-0.223439881171597,0.871038427247158,0.191437312167497,-0.853752148376739
263,3198,"s020","m0",-0.281809004171459,0.805615589361081,0.158015469326867,-0.384674074990058
264,3232,"s020","m0",-0.343233439029532,0.707697362602714,0.0218406127940982,-0.0298445014717541
265,3237,"s020","m0",-0.140997089012642,0.922931476523241,0.25380870526018,-2.17926800050762
266,3249,"s020","m0",-0.206286367661493,0.877090798027884,0.238195364404529,-1.57720382426326
267,3250,"s020","m0",-0.223811869784345,0.816297857122299,0.226388852381415,-1.86109919091584
268,3257,"s020","m0",-0.279790805665682,0.855006079395089,0.0828607535105009,-0.39128942709191
269,3275,"s020","m0",-0.322346183826406,0.795666328837213,0.0375094463296775,-0.550988270476084
270,3281,"s020","m0",-0.231332918693896,0.865557579657925,0.156463225032213,-0.83648073197751
271,3287,"s020","m0",-0.202936428869863,0.918462160885802,0.155940718185772,-1.07656494302412
272,3294,"s020","m0",-0.205733115713786,0.897236840614403,0.274474950730356,-0.844562734006576
273,3295,"s020","m0",-0.261879393509779,0.756322786636857,0.165021768798255,-0.686579469012058
274,3301,"s020","m0",-0.303623401782923,0.763348940314886,-0.00519428763297315,-0.546535136995444
275,3307,"s020","m0",-0.258632308276636,0.724506507813908,0.194748033819,-0.761196086665685
276,3315,"s020","m0",-0.351345354184693,0.641254657395143,0.0908183420087917,-0.396617840625332
277,3325,"s020","m0",-0.337513280042851,0.729000041657186,0.0624650672634902,-0.530528349925119
278,3329,"s020","m0",-0.250803787652107,0.777548860118699,0.172794062758593,-1.09240589487544
279,3359,"s020","m0",-0.346713083337796,0.751557088518897,0.0268147801921047,-0.150539821205916
280,3369,"s020","m0",-0.366336782275112,0.612602795695162,-0.176650928901035,-0.328629584894332
281,3371,"s020","m0",-0.234200736971553,0.79532123778441,0.111083053231149,-1.71193409194848
282,3424,"s020","m0",-0.1895248177027,0.847319589053628,0.502594468462015,-1.12540415805147
283,3450,"s020","m0",-0.244466115883596,0.765732143028589,0.230510555349325,-1.0708456294952
284,3455,"s020","m0",-0.258674096518562,0.856167552491918,0.119026621094221,-0.8830117364962
285,3465,"s020","m0",-0.346328379497357,0.59523782449311,0.159575373232744,-0.2035502582398
286,3494,"s020","m0",-0.363874261297026,0.721474695366352,0.0440113981804497,-0.169311746450802
287,3504,"s020","m0",-0.326404116359634,0.877805091131089,0.171273018575197,-0.306990876099756
288,3506,"s020","m0",-0.290563832654713,0.724286000791718,-0.059398441237359,-0.891027703282448
289,3508,"s020","m0",-0.218903122967764,0.89696216543363,0.257443774960475,-0.582902326943742
290,3510,"s020","m0",-0.144254681557673,0.979508255004645,0.363004705398354,-1.65228128170774
291,3512,"s020","m0",-0.263243712028087,0.696904752033518,0.10253215284487,-1.35535537936434
292,3518,"s020","m0",-0.303535832458093,0.787420969483071,0.0334064571588585,-1.24454471087887
293,3527,"s020","m0",-0.178111352711867,0.84424182141792,0.375815152192053,-2.18813791439881
294,3528,"s020","m0",-0.256578399734808,0.732446807902786,-0.130591461202824,-1.20467320764168
295,3530,"s020","m0",-0.205684160929532,0.818796975780368,0.156979807334498,-1.99642669970703
296,3533,"s020","m0",-0.32352290001515,0.737209004155144,0.0491717799350523,-0.468153067655431
297,3537,"s020","m0",-0.209647930029692,0.914653379041036,0.216220173819322,-0.726471913961177
298,3538,"s020","m0",-0.27712059140308,0.756000555858534,-0.0659217598743711,-0.857552461790366
299,3541,"s020","m0",-0.316687992916994,0.76764612429524,0.36275694283606,-0.248687474863056
300,3559,"s020","m0",-0.235686584123538,0.831974472494412,0.0773493465644397,-1.52065639201383
301,3562,"s020","m0",-0.201171824496875,0.906490207233966,0.322200560145188,-1.1831528997494
302,3569,"s020","m0",-0.311772543113099,0.682970476853591,0.189873469560436,-0.235253156336087
303,3571,"s020","m0",-0.32187288637277,0.772432339149292,0.117172258674748,-0.541585432051765
304,3575,"s020","m0",-0.192019583040345,0.85631368494828,0.318793484872476,-1.36985130890691
305,3588,"s020","m0",-0.137279987759152,0.928977194529126,0.551876913626781,-1.47055696402191
306,3590,"s020","m0",-0.236223583187261,0.80046778195837,0.205516611675765,-0.820723525302993
307,3613,"s020","m0",-0.237211317723059,0.737010896198002,0.367550219790088,-1.1591488719003
308,3648,"s020","m0",-0.189117557228501,0.899613741802741,0.185125690810031,-2.29318831410875
309,3679,"s020","m0",-0.2303033331384,0.853754928570937,0.291901301556319,-0.755629980769039
310,3698,"s020","m0",-0.287878724565935,0.753446849565899,-0.00866120203608841,-1.16852934978957
311,3703,"s020","m0",-0.299059528664504,0.767623571813417,-0.00614532798566196,-0.664610946165453
312,3706,"s020","m0",-0.261843313283508,0.768879984214892,0.140669627054271,-1.06725550607987
313,3707,"s020","m0",-0.213267986725089,0.777931676927763,0.173443010578009,-1.54543507076779
314,3712,"s020","m0",-0.293537622500434,0.713353490378589,0.264338445279917,-0.343228686523
315,3742,"s020","m0",-0.288566120328689,0.758149150071794,0.270146391820212,-0.456808313445104
316,3752,"s020","m0",-0.430613914229343,0.575016024660343,0.0532238042923965,0.279891563484013
317,3755,"s020","m0",-0.222630389748488,0.84232764237284,0.304049036256378,-1.30607406351713
318,3758,"s020","m0",-0.338531437439642,0.722402028356939,0.0815384324008201,-0.379931437039468
319,3763,"s020","m0",-0.230234722233066,0.87678009872537,0.144695651753117,-1.31879667303471
320,3764,"s020","m0",-0.157814838236482,1.00344032917541,0.193838692598919,-1.90386582118046
321,3770,"s020","m0",-0.269814868243953,0.878813524454431,0.181145949633804,-0.671845901528346
322,3771,"s020","m0",-0.255862835906686,0.827365150631198,0.225003999705637,-0.568420195083646
323,3779,"s020","m0",-0.306135380912637,0.828921303451594,0.2633575992209,-0.400549113861207
324,3786,"s020","m0",-0.38043842239275,0.548775663993651,-0.155508093334184,-0.153962024608008
325,3794,"s020","m0",-0.309595978362052,0.767520870182042,-0.0826772573464829,-0.623586217335776
326,3796,"s020","m0",-0.267640755922223,0.864281363039937,0.224862322545078,-0.786826688637552
327,3801,"s020","m0",-0.309020401675029,0.818011594933788,0.248226557007237,-0.593882991101895
328,3835,"s020","m0",-0.184428266099902,0.902005679897912,0.345507180335232,-2.42447684148538
329,3843,"s020","m0",-0.354023484668121,0.663232619251552,-0.102838077462938,-0.47933580102519
330,3850,"s020","m0",-0.281911410651909,0.820087609047884,0.101818820061271,-0.405854360233066
331,3857,"s020","m0",-0.0935278458489894,0.936429233393765,0.409823674245323,-2.24511856339588
332,3917,"s020","m0",-0.240926235437432,0.810001406062867,0.113925244577627,-1.18799639806434
333,3930,"s020","m0",-0.273932562304643,0.823208706020913,0.143381134106347,-0.781483470055299
334,3939,"s020","m0",-0.285036926413824,0.877605166632696,0.122028051562875,-0.750622671556972
335,3945,"s020","m0",-0.290913383062706,0.677999605039388,0.096748159509115,-0.698743454647729
336,3956,"s020","m0",-0.294770022267289,0.832347119133859,0.144719119522136,-0.544400387256053
337,3960,"s020","m0",-0.287703298305183,0.842838785686276,0.109858975711957,-0.805871137833095
338,3971,"s020","m0",-0.27216637793628,0.778271351817168,-0.00866926632669214,-0.42496885999112
339,3984,"s020","m0",-0.292066741495829,0.762814295364879,0.0850304189403885,-0.882188188386687
340,4000,"s020","m0",-0.283941939126336,0.833038607881862,0.29402126780238,-0.672423373931782
341,4006,"s020","m0",-0.279825232775426,0.81315745134986,0.154714718446964,-0.174446528300522
342,4008,"s020","m0",-0.272745304243611,0.793939783431184,0.270817396284183,-0.367108678178485
343,4010,"s020","m0",-0.146882204583761,0.889829605139694,0.294963402044204,-2.105818050128
344,4016,"s020","m0",-0.235202736654971,0.806440595620815,0.056311110627333,-1.2999919176157
345,4047,"s020","m0",-0.292478829726147,0.77288864500145,-0.0183632210308622,-1.17851667291719
346,4049,"s020","m0",-0.204057904602241,0.936957463035016,0.159346790776669,-1.7123756270795
347,4064,"s020","m0",-0.315353916134605,0.729702513835793,0.146397122734724,-0.189466215164303
348,4068,"s020","m0",-0.246370275519943,0.784759857432418,0.260499876180202,-0.893373020192164
349,4076,"s020","m0",-0.312784472924025,0.772525891021491,0.216815681099059,-0.866855632187098
350,4079,"s020","m0",-0.294290330925283,0.841254697113766,0.232616224485948,-0.622707228410043
351,4099,"s020","m0",-0.302473251145083,0.744895319783957,0.381602644723437,-0.877036550802508
352,4103,"s020","m0",-0.343761067504893,0.644710551116537,0.0837076594942388,-0.446238174704347
353,4122,"s020","m0",-0.338709064531095,0.808301083543231,0.0295475720222357,-0.638637893123512
354,4123,"s020","m0",-0.133276761772158,0.903042133136756,0.354410259806555,-2.53194984787396
355,4124,"s020","m0",-0.24732156678593,0.732498211045068,0.0885657395283808,-1.04178357305387
356,4136,"s020","m0",-0.299685725422688,0.747527187923961,-0.173955124871258,-1.34279303463955
357,4177,"s020","m0",-0.268555315061545,0.810786078747108,0.23436000229804,-1.07905654400046
358,4185,"s020","m0",-0.209304956545825,0.900868767968855,0.229432380626757,-0.986093872457858
359,4224,"s020","m0",-0.261247336012185,0.827894355127179,0.198953988608962,-0.787737925441713
360,4240,"s020","m0",-0.192370609591614,0.881246820295402,0.460433505992818,-1.21088527714461
361,4271,"s020","m0",-0.271672379039561,0.754241277375636,0.177268967141513,-0.730147731614095
362,4283,"s020","m0",-0.269849299854358,0.784873718283652,0.158897095574865,-0.655030042668199
363,4299,"s020","m0",-0.26374325325539,0.822261027865185,0.183131713458942,-0.540200085893956
364,4300,"s020","m0",-0.292806585600755,0.747053126239798,0.284289953231818,-0.561448349642392
365,4315,"s020","m0",-0.254498907174898,0.814106872306459,0.268929641298338,-1.15086944360567
366,4349,"s020","m0",-0.342987789325385,0.627979406577945,0.0302734063554487,-0.722930810166003
367,4358,"s020","m0",-0.195553100537774,0.874409187362386,0.382450514617329,-1.30461105299741
368,4360,"s020","m0",-0.311450601569426,0.822012923848663,0.162038185683985,-0.638555763358194
369,4387,"s020","m0",-0.317773125743192,0.590638304843839,0.212398404525251,-0.993998672978953
370,4388,"s020","m0",-0.268809113354245,0.787317918285869,0.196968982681702,-0.59416227850761
371,4401,"s020","m0",-0.244315163207417,0.810612822314412,0.196083243712349,-1.30847388570656
372,4403,"s020","m0",-0.214326183371061,0.845829346833156,0.247531209851303,-1.06231150903596
373,4413,"s020","m0",-0.286006927497359,0.791508515738162,0.217636102221534,-0.58994364516273
374,4415,"s020","m0",-0.311818512344133,0.680360274795874,0.0340980598207323,-0.667807138179629
375,4428,"s020","m0",-0.309834423324825,0.711344772179413,0.244619801253005,-0.205725823639442
376,4451,"s020","m0",-0.249381577720906,0.76169957895589,0.130772149349798,-0.753435885291722
377,4475,"s020","m0",-0.24780313616646,0.774631641159201,0.120974433960367,-1.64636944689658
378,4495,"s020","m0",-0.342035994420006,0.620243149238636,-0.072951746294674,-0.281861265793063
379,4513,"s020","m0",-0.388261258930419,0.72728181327797,-0.077451127573186,-0.125072532916606
380,4534,"s020","m0",-0.292630272429151,0.747015247084982,-0.198600323377909,-1.0239738389503
381,4542,"s020","m0",-0.310577856233186,0.747551233545787,0.331310303761732,-0.270048001640527
382,4543,"s020","m0",-0.24543721170604,0.776932559518041,0.132564682345833,-0.726892036295227
383,4550,"s020","m0",-0.225832517375823,0.823109726822775,-0.245059664215637,-1.75212057223774
384,4553,"s020","m0",-0.280674458012181,0.774146383819449,0.0853530704959682,-0.883690513028867
385,4564,"s020","m0",-0.323936750998535,0.708304441542395,0.0708229720112316,-0.629237271893177
386,4577,"s020","m0",-0.2512768528055,0.780994582176055,0.191150515312933,-0.897564631147967
387,4590,"s020","m0",-0.293964657826487,0.795871552064064,0.0392361604615724,-0.359027165803097
388,4602,"s020","m0",-0.298714739944689,0.731969230161361,0.0697090027809143,-0.816244362730336
389,4614,"s020","m0",-0.253714625823824,0.76214947515538,0.25231924485858,-0.961545872603722
390,4618,"s020","m0",-0.25120806255152,0.781639186781931,0.250962309506472,-0.843695309193566
391,4641,"s020","m0",-0.256239404514156,0.878219363585987,0.1996478201471,-0.679621819678034
392,4642,"s020","m0",-0.408263392952419,0.673041473011407,0.0751546286593337,-0.0806216311570401
393,4652,"s020","m0",-0.288316915479269,0.76396171658461,0.210865225514337,-0.215551204659446
394,4685,"s020","m0",-0.171311235285958,0.852214801373654,0.152832928084597,-1.38369295203977
395,4691,"s020","m0",-0.227843236670678,0.807409016113568,0.00820382973923467,-1.49698075957004
396,4697,"s020","m0",-0.201298866432754,0.900899764105815,0.39434238553526,-0.766022891570865
397,4703,"s020","m0",-0.327776914626757,0.78266013152706,0.190771038063972,-0.386019900137765
398,4715,"s020","m0",-0.206750415857211,0.846891702053826,0.207545920493425,-1.11694313846748
399,4716,"s020","m0",-0.242280551987193,0.827193397795205,0.272870338872295,-0.458944161683723
400,4719,"s020","m0",-0.203069925803086,0.890986334656491,0.398097723016003,-1.0308539669282
401,4730,"s020","m0",-0.363068213323678,0.682706109858585,-0.119458635437434,-0.520286919210092
402,4741,"s020","m0",-0.318792807575764,0.67657943820216,-0.0896066090392295,-0.384175739009604
403,4742,"s020","m0",-0.229559233205074,0.872067859432497,0.112741314137776,-1.26236401653424
404,4761,"s020","m0",-0.299813597922593,0.746647899356375,0.315304636223886,-0.203922145434061
405,4762,"s020","m0",-0.267694208227876,0.758155445476488,0.165110912923655,-0.886888407309269
406,4798,"s020","m0",-0.226467874791984,0.740194719746856,0.195140668385307,-1.54650751058999
407,4808,"s020","m0",-0.23522511995598,0.887793604906888,0.031070112783271,-0.739637187609009
408,4840,"s020","m0",-0.217054653932706,0.847865558436588,0.190940136182706,-1.55421549063599
409,4862,"s020","m0",-0.312458168354854,0.762057623594081,-0.055552522285258,-0.404944552807067
410,4866,"s020","m0",-0.350195136472422,0.70289889389647,0.101677578588988,-0.104756818115189
411,4872,"s020","m0",-0.338690727710101,0.690314891855868,0.178025264880122,-0.660994408003354
412,4886,"s020","m0",-0.199596052312373,0.863210584224446,0.271558278117107,-1.09918359608456
413,4887,"s020","m0",-0.167776535371591,0.947408612257286,0.326741831737264,-2.39654291373381
414,4909,"s020","m0",-0.225597963101162,0.822784747747769,0.01265321970252,-1.24956914522842
415,4925,"s020","m0",-0.314632890103277,0.66576433380216,-0.0498766507098314,-0.45246747885208
416,4949,"s020","m0",-0.143345147184364,0.980186073569536,0.19420413680117,-1.78958248010628
417,4964,"s020","m0",-0.268651205520278,0.762437379768027,0.0657446907727433,-1.16033226053581
418,4972,"s020","m0",-0.350819600866175,0.729871593627479,-0.234637782768137,-0.227415750324144
419,4975,"s020","m0",-0.315224380919205,0.77173259160494,0.100099034685578,-0.283826501081822
420,4994,"s020","m0",-0.260544746254366,0.793997547409226,0.305175008007736,-0.47493316357428
421,5002,"s020","m0",-0.201675350565635,0.88571769301181,0.345282957266972,-1.41602794795348
422,5004,"s020","m0",-0.17610731979254,0.882440611405319,0.328105335191087,-1.88890829508551
423,5028,"s020","m0",-0.355279119412766,0.708717025756067,0.19134395794681,0.0725031251230589
424,5029,"s020","m0",-0.247485829627091,0.777939678767426,0.0999040659743692,-1.17069102085219
425,5040,"s020","m0",-0.254078493269501,0.857943413036265,0.0785025454270394,-1.1419908240404
426,5062,"s020","m0",-0.192070404199836,0.833439239957757,0.0812607156018528,-2.05121906376391
427,5066,"s020","m0",-0.323860379422753,0.70991943268693,-0.0298020524375633,-0.867385357052969
428,5094,"s020","m0",-0.258300257063186,0.784629780881324,-0.0144517112660379,-0.774444066870545
429,5101,"s020","m0",-0.271465149065945,0.748902008978877,0.188639526548132,-0.960274152844109
430,5111,"s020","m0",-0.325731131132297,0.784304200562341,0.179608546947436,-0.40448113868295
431,5114,"s020","m0",-0.243905275319033,0.76779965907454,0.161726479724677,-0.883254754411213
432,5125,"s020","m0",-0.307212129330948,0.838982511843196,0.260433210525899,-0.550441818345772
433,5143,"s020","m0",-0.21631675451566,0.838623142933152,0.290422838128428,-2.07913978755406
434,5153,"s020","m0",-0.408551220425096,0.704193546606833,-0.070873487940624,0.154380242830665
435,5154,"s020","m0",-0.189609568558679,0.932032080983914,0.247586683548516,-1.99455246055728
436,5183,"s020","m0",-0.320670839211262,0.683290856697607,0.00732163007744076,-0.353575365574246
437,5186,"s020","m0",-0.272628976188404,0.86893923228975,0.193933300289326,-0.597876231712505
438,5193,"s020","m0",-0.207057929737798,0.874713416949099,0.289319600353097,-1.32278268835358
439,5203,"s020","m0",-0.309376097934325,0.824079259425862,0.0292518039429253,-0.621643004246361
440,5222,"s020","m0",-0.331421425069363,0.697057376661797,-0.056851289514246,-0.571474339011775
441,5247,"s020","m0",-0.236099478581512,0.8058437096506,0.0421102204251598,-1.11870758309766
442,5252,"s020","m0",-0.278569411279905,0.779053030803072,0.06469917419157,-0.700605771587219
443,5270,"s020","m0",-0.229727956623882,0.76281869927327,0.0510157876086709,-1.74566192750476
444,5277,"s020","m0",-0.240878767781188,0.887157105163098,0.207830505884992,-1.0605331617902
445,5284,"s020","m0",-0.230874980911002,0.855420606452145,0.32770782850737,-1.78360342923638
446,5287,"s020","m0",-0.184822990372341,0.813885868264858,0.125602718415747,-2.41550098843936
447,5294,"s020","m0",-0.233865563779745,0.829940919866653,0.11004000686279,-1.05465515585354
448,5296,"s020","m0",-0.320380290020233,0.743560163578125,0.137559814105123,-0.282371323785182
449,5298,"s020","m0",-0.279462608961417,0.91068384673334,0.206487589529602,-0.335978241591293
450,5299,"s020","m0",-0.281044396566761,0.832448557919309,0.00851293748604156,-1.06323334949192
451,5316,"s020","m0",-0.273786609497464,0.749361996580789,0.191120800792309,-1.19871379090346
452,5321,"s020","m0",-0.258968263041294,0.861303916296643,0.280087473062703,-0.480168393335236
453,5341,"s020","m0",-0.31058247606227,0.784234423876363,0.119216500711883,-0.661118448611802
454,5349,"s020","m0",-0.285800449878186,0.698589745613562,0.28024039535264,-0.474277710176652
455,5355,"s020","m0",-0.265272453297873,0.775891117803798,0.0888931067008775,-0.885017147495316
456,5357,"s020","m0",-0.26153678904705,0.91091912894919,0.236351690732,-0.626347406284556
457,5358,"s020","m0",-0.231387069888745,0.811605410726988,0.257041860098937,-1.14283083451822
458,5362,"s020","m0",-0.217875017088798,0.826228393330249,0.183011062642074,-1.08865352548978
459,5367,"s020","m0",-0.355714675698059,0.736027010397584,0.0249856743275536,-0.19677564755201
460,5370,"s020","m0",-0.314188788642328,0.554368781808461,0.00980210336445594,-0.52268048329728
461,5373,"s020","m0",-0.139555353013371,0.872869367926669,0.449384143114314,-1.43829259727487
462,5379,"s020","m0",-0.341428498158221,0.711090652944513,-0.0214728975839073,-0.621534398557242
463,5385,"s020","m0",-0.141134488511575,0.950985511958787,0.362850678799061,-1.48623348265889
464,5387,"s020","m0",-0.325978826065228,0.782892982639986,0.173296312707976,-0.14727239507125
465,5407,"s020","m0",-0.322231856151874,0.762189186528345,0.068764876800796,-0.19610918639078
466,5412,"s020","m0",-0.344335487762845,0.703082020725568,-0.0434866643813202,-0.294585194074106
467,5437,"s020","m0",-0.317148014347155,0.766247309499588,0.0496207382597143,-0.923412648115891
468,5440,"s020","m0",-0.230509928474173,0.8309678292288,0.0796772652419839,-1.4686100105172
469,5477,"s020","m0",-0.258581906653249,0.790207240923155,0.239749383892834,-0.78520495673281
470,5485,"s020","m0",-0.263406573541954,0.820051730890639,0.25938485357275,-0.634450887948883
471,5491,"s020","m0",-0.306250218912384,0.597575339985604,0.249183583357861,-0.773955997184717
472,5527,"s020","m0",-0.346696767026746,0.764378344171039,0.0938442265551067,-0.187446622620375
473,5547,"s020","m0",-0.281826042205998,0.724151517242744,0.179094309153835,-0.866336278755505
474,5549,"s020","m0",-0.196111554269713,0.924728549995994,0.186728436297273,-1.33592795266484
475,5556,"s020","m0",-0.171884264255719,0.887509421747635,0.314163726077081,-2.09711285896749
476,5584,"s020","m0",-0.271539360241435,0.845116914162091,0.28702252332555,-0.49824498432037
477,5586,"s020","m0",-0.398549689917814,0.680314733375038,-0.350406789771405,0.0981620998515013
478,5624,"s020","m0",-0.212221037021921,0.791639768722011,0.197845362729547,-1.62875963836305
479,5629,"s020","m0",-0.400920622522403,0.645702099469202,-0.406281944902938,0.290969793935437
480,5640,"s020","m0",-0.329248462633862,0.765658776034265,0.00672965826689523,-0.538706848932747
481,5647,"s020","m0",-0.257770424603958,0.811267122006364,0.0946526563468912,-1.17442475159856
482,5654,"s020","m0",-0.277494290634407,0.815706970365705,0.10035393642457,-1.30050955913505
483,5655,"s020","m0",-0.325031444105579,0.793310412301486,0.0634399021083275,-0.419055403379198
484,5675,"s020","m0",-0.195677720500873,0.833556699672611,0.353633525475597,-1.66363701719455
485,5677,"s020","m0",-0.297416886155201,0.68677150938449,-0.090799326186876,-0.60890021580851
486,5692,"s020","m0",-0.27538319564978,0.804360689804811,0.169326061381098,-0.369888617405518
487,5696,"s020","m0",-0.416269699008841,0.642724873084925,-0.305422080264223,-0.0406751423339857
488,5717,"s020","m0",-0.264514759271985,0.846362561304902,0.142266005180524,-0.582028865705482
489,5719,"s020","m0",-0.242764083144656,0.892304811350165,0.203219810815627,-1.18614868674839
490,5726,"s020","m0",-0.214219968473451,0.862717640990287,0.0543878401391693,-1.23644872780243
491,5750,"s020","m0",-0.281792749923882,0.800968190753636,0.0663382963643783,-0.677642655063811
492,5751,"s020","m0",-0.195544763177849,0.891006917209026,0.314943777084321,-1.00460685184066
493,5756,"s020","m0",-0.359896653216146,0.661083711343048,-0.0590550177635939,-0.344172628897817
494,5758,"s020","m0",-0.274288075275609,0.758660534919097,0.20854044935632,-0.131899691863166
495,5765,"s020","m0",-0.24956475578014,0.828010766615205,0.254410829169219,-0.649268138613943
496,5766,"s020","m0",-0.332966297648159,0.823397779718542,0.125860029613701,-0.698669034662189
497,5773,"s020","m0",-0.297061543548622,0.763649547821074,0.0877293108599123,-0.819951577538863
498,5781,"s020","m0",-0.231081515924015,0.86790160794062,0.126329458764121,-1.53077883257268
499,5783,"s020","m0",-0.219152117217668,0.817774245567814,0.270930076396345,-1.54367958045795
500,5786,"s020","m0",-0.385885376882941,0.747143294737904,0.0347343773426489,-0.0982230126391956
501,5788,"s020","m0",-0.242735068881967,0.810149786950932,0.185644470684362,-0.915700028506823
502,5791,"s020","m0",-0.298705042671504,0.808015155206638,-0.0221469259154582,-1.13736543603148
503,5794,"s020","m0",-0.259411770199451,0.833648206026566,0.107777636417607,-1.059591105734
504,5804,"s020","m0",-0.268617684506493,0.791120991571494,0.091655458481621,-1.07555626701361
505,5805,"s020","m0",-0.313158482054899,0.837877064937032,0.0508390608134825,-0.490772046787362
506,5806,"s020","m0",-0.277759030416139,0.827978460808283,0.216601650810939,-0.484850856101542
507,5819,"s020","m0",-0.387820680767902,0.656698447021136,0.0643966122146015,-0.0375504635361515
508,5822,"s020","m0",-0.145195949904821,0.892560289426104,0.14534982775991,-2.39239334646025
509,5837,"s020","m0",-0.243929318267015,0.795830858284362,0.284290256205867,-0.95508975683708
510,5852,"s020","m0",-0.257658394851643,0.819713838986342,0.178097215091919,-0.395534066804388
511,5862,"s020","m0",-0.330724570120837,0.675273946751595,0.399549695850612,-0.137011765850389
512,5884,"s020","m0",-0.327184100174961,0.73640016744915,0.163320829325438,-0.200381481661242
513,5890,"s020","m0",-0.206995136269074,0.923195255562603,0.173260428475526,-1.61009945055744
514,5897,"s020","m0",-0.285785983034,0.798873668565044,0.028677776442305,-1.22362722869062
515,5902,"s020","m0",-0.259248220735245,0.812025868459809,0.301609955724601,-0.554682345017001
516,5930,"s020","m0",-0.295389905804896,0.749997576055651,0.153831358450027,-0.102240018057395
517,5934,"s020","m0",-0.278050104356498,0.791313545965653,0.138138334299106,-0.750493156402322
518,5963,"s020","m0",-0.30543078604474,0.740349569001654,0.205534093182092,-0.648862887400852
519,5968,"s020","m0",-0.28855447293541,0.760416286506973,0.0358570036791752,-0.67188013756088
520,5970,"s020","m0",-0.182620806357925,0.896944568861783,0.311742489603665,-1.11690829173372
521,5979,"s020","m0",-0.154974525253441,0.895186713411452,0.401135452638699,-2.09655786782165
522,5986,"s020","m0",-0.306125923310813,0.818708952222896,-0.059600466404111,-0.793992749495017
523,6014,"s020","m0",-0.255425375038547,0.875892375462414,0.244431152378639,-0.894465970084276
524,6017,"s020","m0",-0.233148956787898,0.791762579137066,0.0511098602385601,-2.12077699203126
525,6026,"s020","m0",-0.386439366012205,0.747736569456268,-0.0220676354271653,-0.0735947064224756
526,6038,"s020","m0",-0.324398391148648,0.859874169204284,0.0430499597841621,-0.268141656972213
527,6041,"s020","m0",-0.31604546785855,0.736010453111016,0.106941685247095,-0.629106290881407
528,6065,"s020","m0",-0.239336128094897,0.813430744108289,0.308152314059246,-0.94493473449726
529,6085,"s020","m0",-0.257395152375122,0.767065182267838,0.185151416100334,-0.807190451183158
530,6090,"s020","m0",-0.192934096953484,0.88872540442996,0.266685985225019,-1.08001498069219
531,6097,"s020","m0",-0.230571800822783,0.814014325664808,0.123498084221848,-1.06686390572765
532,6119,"s020","m0",-0.229675720179966,0.806535593497675,0.0920517181020516,-1.37883577707294
533,6128,"s020","m0",-0.14391483539472,0.87828991657856,0.255685118085879,-2.34614908944223
534,6137,"s020","m0",-0.222104435049009,0.878999776691928,0.11090798214683,-1.06182952738811
535,6153,"s020","m0",-0.268819605562229,0.801494459474546,0.0863246544209338,-1.0644804679168
536,6155,"s020","m0",-0.373507725478218,0.59460467014403,-0.0622416630571022,-0.55132442423288
537,6165,"s020","m0",-0.137593312193664,0.945245984711195,0.295260364767658,-2.37860161280725
538,6192,"s020","m0",-0.251683974965917,0.816025126316265,0.0939432673004023,-0.822105054780473
539,6214,"s020","m0",-0.370001294828212,0.684863209844292,0.0614584506423769,-0.502787728731801
540,6223,"s020","m0",-0.215263825895169,0.752042382879832,0.284383557784066,-1.05286195654273
541,6231,"s020","m0",-0.164431132807048,0.851204644306352,0.262370348481248,-1.94057812358214
542,6242,"s020","m0",-0.245965562808073,0.867955227416271,0.0713882434052696,-0.773296463461064
543,6255,"s020","m0",-0.327005713835035,0.674230507218047,-0.0244628667791211,-0.69063822316046
544,6272,"s020","m0",-0.282768300256257,0.714120599573176,0.08263427415194,-0.904588050329043
545,6280,"s020","m0",-0.222456276188631,0.779171752534202,0.0394144942112879,-1.85445151886671
546,6294,"s020","m0",-0.227682968679905,0.813473280392444,0.0149982140974291,-1.77250167332291
547,6298,"s020","m0",-0.283133179596738,0.7662362816288,0.0939700136592918,-0.910034809487582
548,6300,"s020","m0",-0.272739886377532,0.751763329002877,0.244352120522707,-0.755836166897411
549,6316,"s020","m0",-0.135755384836518,0.942093678147821,0.405803514740879,-3.51239634495095
550,6322,"s020","m0",-0.164124539665799,0.854533359649665,0.300014059307271,-1.49175182482457
551,6329,"s020","m0",-0.285348489042295,0.728796227831174,0.00665989699353301,-0.606518660921921
552,6342,"s020","m0",-0.339093697145668,0.774464369592219,0.0930950118964856,-0.200498363039345
553,6349,"s020","m0",-0.214963739862858,0.849488533035982,0.287174730416261,-0.935970242487139
554,6354,"s020","m0",-0.379920268266226,0.721839560922639,-0.0647519065240845,-0.00942225746702205
555,6361,"s020","m0",-0.174972527537843,0.858907923859521,0.366521345887858,-2.81296924013574
556,6367,"s020","m0",-0.259742317993782,0.896154098439234,0.313473988548403,-1.092103719474
557,6391,"s020","m0",-0.286243285276527,0.710354172372303,0.0460793069515427,-0.919732797808484
558,6399,"s020","m0",-0.352497864252464,0.821886404467072,-0.208778781248625,0.091919923111377
559,6412,"s020","m0",-0.205567260478426,0.912656380398651,0.263373476538257,-1.081966295252
560,6445,"s020","m0",-0.356291817491588,0.755774527308064,0.18925820820192,-0.411953104967625
561,6486,"s020","m0",-0.201850499142357,0.933557733357822,0.276454605691155,-1.49123379353967
562,6528,"s020","m0",-0.203745857895804,0.80944544355356,0.241667123465402,-1.29758091519483
563,6551,"s020","m0",-0.338159573068045,0.760957731552762,-0.104502249923147,-0.355900535753327
564,6574,"s020","m0",-0.228704461117529,0.85692897580703,0.246395988269849,-0.997320512429513
565,6588,"s020","m0",-0.237645629740612,0.880752179080084,0.0432706761469286,-1.48203421087207
566,6614,"s020","m0",-0.286912485763186,0.811757252507298,0.142945561520425,-0.508825847991427
567,6619,"s020","m0",-0.261763414728146,0.763891723162158,0.431495673366343,-0.795663439362686
568,6637,"s020","m0",-0.273320078321484,0.843848210372487,0.0459753659249394,-0.434654041810947
569,6640,"s020","m0",-0.226671788273686,0.829369977635382,0.278624531428218,-1.38123406332907
570,6650,"s020","m0",-0.238000673224699,0.858065528174002,0.185755330250776,-1.25480647947114
571,6655,"s020","m0",-0.254944996864077,0.858435109664842,0.123353671380624,-0.854762124860552
572,6681,"s020","m0",-0.250864683670484,0.851819188292075,0.195380638545932,-0.894623226468045
573,6703,"s020","m0",-0.317144028713373,0.673102326418688,-0.316359267728576,-0.655015132791341
574,6708,"s020","m0",-0.354719579420343,0.756638302011349,0.0646477298469128,-0.0251127363961093
575,6725,"s020","m0",-0.234766677892112,0.870643496962056,0.131338392851968,-0.941630031663396
576,6741,"s020","m0",-0.298987577696035,0.738659757898508,0.0266601051618332,-0.910818830999782
577,6760,"s020","m0",-0.286607517594605,0.798341204640321,0.0751044816815425,-0.496181965196821
578,6761,"s020","m0",-0.365972998283465,0.683787265411415,-0.00758550875186878,-0.36145722325183
579,6763,"s020","m0",-0.18522478827696,0.857920156323486,0.330174921865569,-1.77206766384466
580,6764,"s020","m0",-0.240996250869005,0.80662754472889,0.181556786068454,-1.0141394844648
581,6773,"s020","m0",-0.280167489088394,0.769838446809403,0.218211778667703,-0.671453329606858
582,6777,"s020","m0",-0.260541663378779,0.813163060416879,0.191334691997626,-0.657845026566612
583,6805,"s020","m0",-0.269429343576073,0.876571409662996,0.199021602108812,-0.953684446860335
584,6815,"s020","m0",-0.187601889482061,0.86743882259803,0.458305933865001,-1.3650156386138
585,6821,"s020","m0",-0.304530998737543,0.779124596047181,0.184137029521521,-0.475424963498482
586,6848,"s020","m0",-0.348699710167563,0.678308146109509,-0.0810006364674245,-0.755467917829161
587,6868,"s020","m0",-0.247773947499014,0.814592757050924,0.359294217494005,-0.826417054989954
588,6871,"s020","m0",-0.245676910696427,0.928212329022283,0.203875455335206,-0.416756519861071
589,6873,"s020","m0",-0.267693344427883,0.762081411026081,0.0896542024979344,-0.811882143650254
590,6874,"s020","m0",-0.226733351103965,0.783667591356642,0.242652577909323,-1.54579422040862
591,6896,"s020","m0",-0.363691542665652,0.75155505828717,-0.269929707623799,-0.19375214035145
592,6898,"s020","m0",-0.358244821511938,0.75213760168738,-0.121622007372362,-0.00755326388225035
593,6901,"s020","m0",-0.250968088877234,0.82356870019507,0.158707514768867,-0.754943217872397
594,6932,"s020","m0",-0.267367861123001,0.88002669724136,0.176007499400106,-0.662854599561179
595,6933,"s020","m0",-0.34110382612732,0.744373729593802,0.0333600419707143,-0.449867995953985
596,6962,"s020","m0",-0.205814467131621,0.841202743688142,0.380873414642189,-1.26988989563617
597,6979,"s020","m0",-0.311033867283679,0.795936886720406,0.167831027289039,-0.51773467747455
598,6985,"s020","m0",-0.30973215744294,0.729978591558656,-0.00654682693822188,-0.33578755155208
599,7003,"s020","m0",-0.268196222191943,0.808879432823535,0.16432106529622,-0.725854451635885
600,7006,"s020","m0",-0.286645759814611,0.841084254391372,0.0931270946742869,-0.66942322727272
601,7014,"s020","m0",-0.302310042187336,0.731677156074409,0.0486791847231387,-0.822004886134828
602,7023,"s020","m0",-0.273524191506781,0.860476811475898,0.204344811679628,-0.460081970258837
603,7026,"s020","m0",-0.289162865381071,0.800334514508983,0.130869712352471,-0.259441922093444
604,7029,"s020","m0",-0.319214293093712,0.811119228502967,0.158752714306613,-0.0894403448809519
605,7041,"s020","m0",-0.307916795567618,0.683749836808866,0.0528408183167029,-0.492558471304292
606,7046,"s020","m0",-0.263113249680861,0.844988234125159,0.0570631025649688,-0.858652375517173
607,7056,"s020","m0",-0.253558921290157,0.698742318218675,0.317209101372813,-0.741434611026657
608,7073,"s020","m0",-0.199315698617725,0.804872433228396,0.201917640801354,-2.19994696400437
609,7083,"s020","m0",-0.387844103931626,0.689782582610378,0.0386115952779763,0.0296746142960029
610,7085,"s020","m0",-0.25290386687733,0.856685101737439,0.128341532371287,-1.07525734031296
611,7092,"s020","m0",-0.192950782332909,0.787095359571341,0.19629469372569,-2.44250401015445
612,7104,"s020","m0",-0.228585014907735,0.834074180338835,0.1458903730583,-0.886597499126018
613,7133,"s020","m0",-0.340889012521007,0.823097929108348,-0.265217413285441,-0.0433906126928258
614,7138,"s020","m0",-0.317141208155594,0.753058599135016,0.0211942186421055,-0.517164231482952
615,7148,"s020","m0",-0.320615165371075,0.67943283128822,-0.115035993078025,-0.339124044119025
616,7153,"s020","m0",-0.202781711685173,0.83529078676091,0.101781320455898,-1.57609118775095
617,7154,"s020","m0",-0.274053475849043,0.726195501971452,0.024893349881347,-0.871808816184
618,7184,"s020","m0",-0.256262066457799,0.732926972186127,0.309580131669765,-1.11715940699494
619,7188,"s020","m0",-0.290250724620125,0.789655863160663,0.180508115038669,-1.19031969501717
620,7189,"s020","m0",-0.366489374390935,0.597163305791765,-0.0563778238033632,-0.501260444118533
621,7210,"s020","m0",-0.284123225946853,0.838277177905923,0.161040374026531,-0.749243750617324
622,7214,"s020","m0",-0.264594893567954,0.765278644663829,0.0179264663196798,-0.553806731286825
623,7255,"s020","m0",-0.318566991360665,0.751370813966923,0.0199011302988867,-0.48427041474898
624,7258,"s020","m0",-0.278436843610439,0.827091526309816,0.149690197402129,-0.188033899408469
625,7273,"s020","m0",-0.246308363646243,0.760698317173533,-0.00677811560565521,-1.71381192185803
626,7296,"s020","m0",-0.345811998978919,0.6530752389164,0.0917669427958561,-0.316450068394875
627,7298,"s020","m0",-0.238544176856786,0.829382130110906,0.249230087820751,-0.992701132617357
628,7316,"s020","m0",-0.335475071702918,0.73923870361688,-0.014179216393277,-0.422137173478909
629,7338,"s020","m0",-0.188047857808588,0.895922032595202,0.24249025326027,-1.32120582403973
630,7343,"s020","m0",-0.260077253282005,0.790336295912409,0.167946214768714,-1.34507533176271
631,7380,"s020","m0",-0.182205555649642,1.02803973541895,0.406296503173926,-0.90652667027454
632,7384,"s020","m0",-0.369447482098134,0.663108884977963,0.0714746469925141,-0.297921949241715
633,7390,"s020","m0",-0.20856160418442,0.850686192632412,0.0969010545295348,-0.930783273878432
634,7396,"s020","m0",-0.24725215959778,0.75687769524756,0.109227545181163,-1.08413259943767
635,7419,"s020","m0",-0.251505689950235,0.823790941896653,0.170606195177226,-0.563213294089041
636,7422,"s020","m0",-0.202828835966195,0.958317898173682,0.376541827636598,-1.19576769202772
637,7427,"s020","m0",-0.317676532403915,0.632088623877064,0.0959129867492694,-0.874560348448574
638,7430,"s020","m0",-0.207898528515232,0.835363862902744,0.258956334966537,-1.20731472685872
639,7440,"s020","m0",-0.297150397071069,0.866190137309107,0.162319973697055,-0.823448548797956
640,7443,"s020","m0",-0.297649144669107,0.727238907488477,0.389009383373708,-0.317920709473948
641,7450,"s020","m0",-0.342484540626562,0.673886578584394,0.129127051851904,-0.248281250889702
642,7458,"s020","m0",-0.295856942058997,0.816589030931832,0.331615707098389,-0.382351701780031
643,7465,"s020","m0",-0.22869727452471,0.744735857401474,0.143751229203337,-1.21471885984321
644,7479,"s020","m0",-0.205964144397632,0.822183416100938,0.231720528280026,-1.65496912179915
645,7511,"s020","m0",-0.235089080905301,0.727272190096007,0.296911774175896,-1.57520436973685
646,7530,"s020","m0",-0.259853472508903,0.809888835541327,0.165522041716885,-0.694470389095384
647,7536,"s020","m0",-0.319296789503334,0.782287971741727,-0.0585352541991838,-0.599011340774881
648,7557,"s020","m0",-0.1921029143555,0.7997785659801,0.414958251637699,-1.22759829119056
649,7589,"s020","m0",-0.175244372627517,0.91329010419283,0.275020451445258,-1.68222019928868
650,7593,"s020","m0",-0.276194657090468,0.798027749020948,-0.0263860496627673,-0.976563923246021
651,7614,"s020","m0",-0.274584623898804,0.733730612634685,0.155924404927561,-0.722048880306463
652,7617,"s020","m0",-0.254431814861919,0.824854000662169,0.0381321003802011,-0.815942850393313
653,7621,"s020","m0",-0.204325647109301,0.849996820393984,-0.0316576660383152,-1.13011699375536
654,7674,"s020","m0",-0.240649990482421,0.735531604785673,0.2105978482294,-1.44712614871588
655,7705,"s020","m0",-0.250318027282096,0.715575021046697,0.160458891565055,-0.808094301387329
656,7711,"s020","m0",-0.369206943564999,0.681440472313314,-0.0326316024580953,-0.36882139749639
657,7719,"s020","m0",-0.231572940029219,0.943504610199174,0.252788995498927,-0.929140423105004
658,7772,"s020","m0",-0.218656917132681,0.907638076996635,0.259391343233336,-0.943791178693255
659,7788,"s020","m0",-0.235488930665429,0.856448426570029,0.149805397291634,-1.36016757459909
660,7795,"s020","m0",-0.347401856669502,0.726489014826832,0.276923162678986,-0.105769267441065
661,7807,"s020","m0",-0.222490440503565,0.841444487620139,0.198507327756551,-1.74751097284787
662,7817,"s020","m0",-0.343682366356795,0.720011279471985,-0.197191403695081,-0.501397873016065
663,7836,"s020","m0",-0.32591562204022,0.772890565951541,-0.07436376933518,-0.824814464679073
664,7843,"s020","m0",-0.322043369981762,0.760233840395881,-0.047632660783908,-0.358247248102578
665,7845,"s020","m0",-0.119193937830778,0.960418097567852,0.478271344053623,-2.41569896093088
666,7855,"s020","m0",-0.274236457885883,0.818879237795288,0.0518825167989588,-0.713990464057426
667,7859,"s020","m0",-0.346686522902862,0.679117662363277,-0.123473281369373,-0.236941966866551
668,7867,"s020","m0",-0.255525747966327,0.767860195624878,0.159595969615927,-0.801993028339615
669,7877,"s020","m0",-0.361467015624947,0.70711052726506,-0.0591735668619218,-0.360062471625513
670,7890,"s020","m0",-0.305394569342857,0.63094352870205,0.0125582967608595,-0.853529016863702
671,7894,"s020","m0",-0.25046738950009,0.808692381027347,0.0549810409772003,-1.20131473009697
672,7936,"s020","m0",-0.330276813854966,0.673398885873672,0.191406806332787,-0.421804645561448
673,7961,"s020","m0",-0.344914526093379,0.500469116873202,0.0980351329769144,-0.700047202878266
674,7966,"s020","m0",-0.272235828858454,0.750761154448784,0.0352861129722722,-0.563323735709793
675,7989,"s020","m0",-0.339458177216878,0.64095320360679,0.138411439490843,-0.308851790712397
676,7999,"s020","m0",-0.332347260772892,0.700799003109043,0.0860665921535067,-0.409537927455023
677,8000,"s020","m0",-0.231419631039699,0.881630197188084,0.0999499153674637,-1.38794798096912
678,8010,"s020","m0",-0.374103589530612,0.584214775984275,0.0680989661416385,-0.147502554722241
679,8022,"s020","m0",-0.386424261226265,0.705756726307028,-0.0659014135669939,-0.354406396068674
680,8033,"s020","m0",-0.247405861776643,0.779010621978379,0.259016468109303,-1.16628515812664
681,8042,"s020","m0",-0.187277595079505,0.852710450868026,0.18845762618367,-1.70656789040892
682,8074,"s020","m0",-0.230796858738368,0.806136110579331,0.43270138396338,-0.354462037642911
683,8075,"s020","m0",-0.190733156703204,0.938799727766342,-0.0515611876263885,-1.32539142076856
684,8079,"s020","m0",-0.315046244689729,0.766495423879393,0.122888940256279,-0.425654003951337
685,8084,"s020","m0",-0.355113103245282,0.690967910244428,0.097713703207545,-0.190706760765334
686,8089,"s020","m0",-0.346666930027682,0.679879224885261,-0.0807983742543703,-0.423761671706654
687,8105,"s020","m0",-0.283645304670542,0.747344882262614,-0.0259784683256591,-1.11519837744048
688,8115,"s020","m0",-0.356124896620585,0.652384363376331,0.129831346329169,-0.0160508579747492
689,8118,"s020","m0",-0.321342363157399,0.731715896585178,0.0710323658684056,-0.302571589090496
690,8133,"s020","m0",-0.242874892021231,0.71712090880789,0.260412234667091,-1.01392561310927
691,8148,"s020","m0",-0.252624266823869,0.806870615416743,0.215449248354087,-0.842710652205187
692,8161,"s020","m0",-0.278120784673201,0.741528884701108,0.113169962409358,-0.80703243445892
693,8168,"s020","m0",-0.192620774029542,0.864409746117572,0.301515224084852,-1.53138746442273
694,8176,"s020","m0",-0.188082322889757,0.800877426494203,0.18000163462644,-1.52797589069503
695,8177,"s020","m0",-0.325877135676817,0.668236768133433,0.157420353649438,-0.125019352038236
696,8182,"s020","m0",-0.23799073911637,0.915986379686685,0.244274593423019,-0.676713884546523
697,8195,"s020","m0",-0.32426073537822,0.822657811943263,0.0691388603263319,-0.473460795037469
698,8228,"s020","m0",-0.283839023498333,0.686703080261959,-0.0775661149515695,-0.726588925168722
699,8249,"s020","m0",-0.158529248810326,0.882797412879202,0.344886010242098,-2.03469646653346
700,8260,"s020","m0",-0.261572221891083,0.737886603703016,0.18321405226129,-0.805011622345055
701,8264,"s020","m0",-0.345388746192954,0.765155097620321,0.104997536246762,-0.454080141389157
702,8275,"s020","m0",-0.25364453150365,0.847218491163215,0.251015539865227,-0.640114206417968
703,8279,"s020","m0",-0.360277335265878,0.738938794024607,0.116430661176507,0.0360657100953748
704,8286,"s020","m0",-0.322632379398244,0.786806637991591,0.0114971703762272,-0.51233736631961
705,8293,"s020","m0",-0.266903975459162,0.802660980747955,0.0833765755602309,-0.795215002631548
706,8299,"s020","m0",-0.173586973095035,0.859562276090921,0.191428011244607,-2.0370931415534
707,8309,"s020","m0",-0.224555405634658,0.795719177990034,0.212786287712994,-1.03799728127904
708,8310,"s020","m0",-0.256238668885902,0.849733960596742,0.281787575389426,-0.515247421660829
709,8315,"s020","m0",-0.314897271682653,0.703473585395694,-0.0210669575428075,-0.760945379039833
710,8325,"s020","m0",-0.17874031578654,0.858175648928194,0.0916438007933286,-2.27483814961813
711,8328,"s020","m0",-0.273935679111436,0.832789976392734,0.157145300285396,-0.324713860918334
712,8343,"s020","m0",-0.221004111050018,0.815050256392001,0.305001145553669,-0.914489631056133
713,8344,"s020","m0",-0.306330754117501,0.746404347426014,0.126810529505149,-0.297099805991848
714,8353,"s020","m0",-0.263426822517428,0.767123917702404,0.175141985594705,-0.92677991626833
715,8365,"s020","m0",-0.246546035027725,0.844510617775635,0.101246685980213,-1.0412422616986
716,8366,"s020","m0",-0.215205071069825,0.877862312654039,0.395994071332061,-0.844535271878766
717,8374,"s020","m0",-0.184187895527731,1.0079290864667,0.339800058297034,-1.41867564356897
718,8392,"s020","m0",-0.195591630731747,0.92126503778314,0.236956642837411,-0.901069950373754
719,8401,"s020","m0",-0.138939893063586,0.864575329588213,0.344153728793839,-1.2581734991099
720,8404,"s020","m0",-0.160504661112349,0.92587313339834,0.383188873539042,-3.05552142721138
721,8415,"s020","m0",-0.185424423617856,0.838306790299034,0.303070059039691,-2.07964442328517
722,8418,"s020","m0",-0.263792243210719,0.778198375977177,-0.0176793559444156,-0.868090919590894
723,8421,"s020","m0",-0.187802902476208,0.931706897615717,0.201181659024283,-1.0706729440953
724,8444,"s020","m0",-0.203443291672196,0.905320565347277,0.312831646920575,-1.34377276504015
725,8445,"s020","m0",-0.257499947137917,0.862307433281101,0.122324188516843,-0.661241424795233
726,8447,"s020","m0",-0.319795239762275,0.679189840498355,-0.0430073834117777,-0.805388855752192
727,8472,"s020","m0",-0.237563641315842,0.862981857818527,0.173942413051059,-0.989713622482462
728,8475,"s020","m0",-0.212370803178093,0.848619391725361,0.164207697239363,-1.30767768613256
729,8476,"s020","m0",-0.238802975392298,0.83925908561271,0.252460273267442,-0.861502371551098
730,8490,"s020","m0",-0.305198389866372,0.721332559164911,-0.0105958543808895,-0.840190318612538
731,8498,"s020","m0",-0.270321309039923,0.801492694542178,0.166430653473009,-1.24934108414953
732,8529,"s020","m0",-0.28263107836637,0.716673696692703,0.150485876185292,-0.523859874687544
733,8542,"s020","m0",-0.300294574680993,0.770432958523272,0.0333296234594302,-0.731948892039873
734,8562,"s020","m0",-0.250843004744095,0.82699793864398,0.174157270181012,-0.809716230911563
735,8569,"s020","m0",-0.260123013870219,0.848071285262443,0.054207325794829,-0.849947612434388
736,8571,"s020","m0",-0.170279065376216,0.914588864147499,0.304473901061689,-1.62852648167918
737,8573,"s020","m0",-0.223655128969025,0.853859363320221,0.11125436786373,-1.42015185465757
738,8574,"s020","m0",-0.23951680288014,0.816485910822985,0.0716635708451791,-0.952124445517891
739,8600,"s020","m0",-0.291723746226168,0.797215471932701,0.301734406750436,-0.102289188777624
740,8607,"s020","m0",-0.21368357429259,0.787889397353901,0.0982155249765887,-1.88373208648139
741,8614,"s020","m0",-0.346852237250782,0.686980195506235,0.0131728798317054,-0.613757939166702
742,8658,"s020","m0",-0.276559957351277,0.825486878156288,-0.00552274827572435,-0.698559540630136
743,8664,"s020","m0",-0.434893430297113,0.636452635184443,0.183635114459768,0.0649756346450934
744,8670,"s020","m0",-0.189333234765704,0.815697813334454,0.183368513402918,-1.77212093250375
745,8672,"s020","m0",-0.273277968404092,0.811940698159592,0.2735928431109,-1.55141724468152
746,8681,"s020","m0",-0.269336799080989,0.806526506607484,0.177832006657726,-0.947380316360867
747,8690,"s020","m0",-0.331010480094693,0.78560694657035,-0.247362744017069,-0.32662438006651
748,8706,"s020","m0",-0.281533234609797,0.81840141329048,0.068917407373841,-0.188244313934025
749,8720,"s020","m0",-0.268983330363135,0.762855863820548,0.0853824723519735,-0.694784003066452
750,8763,"s020","m0",-0.325437335238444,0.773232198429853,0.223560516682828,-0.734626661416896
751,8772,"s020","m0",-0.263377606813599,0.763675418949423,0.0499992174681991,-1.104545208608
752,8776,"s020","m0",-0.225018748232308,0.861704578688373,0.173957389284035,-1.06331434150187
753,8783,"s020","m0",-0.245825269886275,0.855136722433844,0.261296318701127,-1.30805014830226
754,8803,"s020","m0",-0.300462603596492,0.75466724012008,0.23348470107707,-0.439676670997429
755,8807,"s020","m0",-0.273053741179307,0.803419904633744,0.344559007459526,-0.93649510586657
756,8834,"s020","m0",-0.247208430452742,0.818028853915457,0.287877239767068,-1.01027798836859
757,8845,"s020","m0",-0.283667362678858,0.857555417770735,0.371010043510179,-0.538012453689343
758,8847,"s020","m0",-0.212194700654375,0.80754316006059,0.101154916013323,-1.63212195980734
759,8861,"s020","m0",-0.25531043195058,0.881203803013641,0.316593618276117,-1.09719561202874
760,8880,"s020","m0",-0.243542857937562,0.802100885551741,0.0135064009817981,-1.07055264952802
761,8883,"s020","m0",-0.269189590005829,0.787505812803338,0.0976019225182409,-0.734109503058025
762,8888,"s020","m0",-0.284399704928035,0.665153499769338,0.0360447876369071,-0.65774461933457
763,8892,"s020","m0",-0.376906429523855,0.670721647872908,-0.336590277361484,-0.249411351761636
764,8901,"s020","m0",-0.275861513671337,0.828832131062836,0.181075691688692,-0.78849904366095
765,8902,"s020","m0",-0.167563114474573,0.834333901088404,0.25971502505126,-1.18392160515171
766,8911,"s020","m0",-0.229062137472186,0.851673198040319,0.224459275083849,-0.747414896787032
767,8914,"s020","m0",-0.192886749573496,0.833859994810289,0.207663769836149,-1.07220346014734
768,8915,"s020","m0",-0.197184912194927,0.892398054153632,0.385021881008129,-1.32527680304418
769,8938,"s020","m0",-0.339921830459757,0.710566436669996,0.255707392786113,-0.255255613083536
770,8946,"s020","m0",-0.174237116115616,0.871265281725991,0.274027262195948,-1.90997206734101
771,8951,"s020","m0",-0.391747799752589,0.606237089891292,-0.120935140251409,0.0149098593364891
772,8964,"s020","m0",-0.232781757125982,0.768173309168993,-0.0313198139274348,-1.46883769873769
773,8987,"s020","m0",-0.238009948593272,0.917660419037662,0.0344471213407469,-1.41987219823565
774,8992,"s020","m0",-0.229613160627711,0.897593470209784,0.252601384671653,-0.704429301428339
775,8993,"s020","m0",-0.250186553609337,0.841774833261221,0.16377297486461,-0.86759524627843
776,8997,"s020","m0",-0.193343641262985,0.830372481770058,0.250649857026108,-1.11462171359566
777,9015,"s020","m0",-0.394918838283981,0.657879927424199,-0.380105769401548,-0.0504641199917559
778,9059,"s020","m0",-0.356870190698558,0.755014450494406,0.120941852261378,-0.0873317128402664
779,9069,"s020","m0",-0.34758006770147,0.843152662499601,-0.118263219157913,-0.0616048844160343
780,9093,"s020","m0",-0.364087540297451,0.730172973324178,0.0866627765949577,-0.18363062433565
781,9097,"s020","m0",-0.256994520643539,0.856534130783052,0.0955884695350732,-0.764176929104501
782,9106,"s020","m0",-0.237363919973284,0.867428392955231,0.0259441113775978,-0.931576778075747
783,9113,"s020","m0",-0.220981367955741,0.901865606665111,0.209665602472773,-1.23762821880687
784,9114,"s020","m0",-0.297937664871079,0.781237716438525,0.048390562688441,-0.34009995289617
785,9139,"s020","m0",-0.27593517540307,0.82632741522776,0.0405935646062224,-0.410063388926583
786,9143,"s020","m0",-0.268485318051799,0.729869637848751,0.129182518247282,-0.921571393304708
787,9149,"s020","m0",-0.323654906624916,0.776642381385436,0.0201182961010316,-0.432190041032285
788,9164,"s020","m0",-0.298524929467499,0.827511854542683,0.0177401393532442,-0.7162882759211
789,9173,"s020","m0",-0.198834396823444,0.881609312767735,0.252008397418453,-1.08890236052165
790,9176,"s020","m0",-0.216199027069809,0.807016884311967,0.336668180879786,-1.25741563814647
791,9179,"s020","m0",-0.272851796390084,0.846203888378801,0.224469000841417,-0.559213931426385
792,9187,"s020","m0",-0.266426793042316,0.747221079023325,0.264495893051216,-0.864211665700441
793,9207,"s020","m0",-0.281280430417059,0.815861586847359,0.16389269614351,-0.402773659100759
794,9224,"s020","m0",-0.318115988621205,0.660028131923904,-0.00944997361210912,-0.298813783638189
795,9249,"s020","m0",-0.257418335838841,0.810126257354882,0.0243606605562001,-1.00456620967821
796,9254,"s020","m0",-0.271004866913845,0.884324756873934,0.185404469990791,-0.871885237487974
797,9263,"s020","m0",-0.335683513316416,0.728142726894222,-0.0387395906652929,-0.262293394710261
798,9307,"s020","m0",-0.217645290288283,0.765870554687554,0.118660904526812,-1.07177331080567
799,9310,"s020","m0",-0.247065076119015,0.767919293337805,0.151079622284548,-0.733092946826577
800,9311,"s020","m0",-0.30376602948964,0.778829976246921,-0.227068693679517,-0.766372859704385
801,9323,"s020","m0",-0.384069369023304,0.599866782027597,0.00828044048865901,-0.229365892374084
802,9333,"s020","m0",-0.34434816456145,0.740054308801636,0.155898260759002,-0.0919790951209452
803,9339,"s020","m0",-0.269962704078937,0.775339984524024,0.260146481109,-0.541935688908678
804,9344,"s020","m0",-0.292380147811111,0.780149365003949,0.291903872304778,-0.358141465637972
805,9380,"s020","m0",-0.318500824770345,0.817378810593792,0.0602124762854682,-0.3775258694309
806,9392,"s020","m0",-0.235442102093674,0.757896135914366,0.258470766686461,-0.638034345213492
807,9393,"s020","m0",-0.253283262430048,0.785617917871988,0.280960775241814,-0.85094503004757
808,9394,"s020","m0",-0.183217885347852,0.845424884641408,0.305060279359566,-2.04107285689869
809,9405,"s020","m0",-0.394345181368676,0.704214456074499,0.0226223258504665,-0.131746845176549
810,9432,"s020","m0",-0.364419558424479,0.710431592202044,0.0784906804387198,-0.0338404985408566
811,9441,"s020","m0",-0.314980378808851,0.770007330625959,0.024504783209983,-0.438186058132923
812,9448,"s020","m0",-0.294880523433799,0.837882898131791,0.0850175759136681,-1.05085157321905
813,9452,"s020","m0",-0.277764666090912,0.867864680177124,0.309002668504204,-0.51723289841985
814,9468,"s020","m0",-0.168692782831233,0.83658306456887,0.334004927098572,-1.57412853716267
815,9497,"s020","m0",-0.22549774504843,0.784356848871404,0.271416717395023,-1.42118475984837
816,9513,"s020","m0",-0.203670928343147,0.793541713487029,0.202471232708,-0.978571157542433
817,9519,"s020","m0",-0.254348630737987,0.796907111689598,0.17779136319575,-1.43564062015594
818,9523,"s020","m0",-0.318737193485366,0.687933305675862,-0.0232807654447382,-0.85496788020106
819,9542,"s020","m0",-0.26272722201332,0.749905183216965,0.0556244777013526,-1.28790141718535
820,9629,"s020","m0",-0.295772368087474,0.752390831251862,0.261084732585493,-0.923501039940326
821,9636,"s020","m0",-0.361142453273037,0.789102528520236,0.0925472934436837,0.208401280578424
822,9646,"s020","m0",-0.348066223840217,0.787739232649652,0.0495439141291038,-0.0829553665225343
823,9654,"s020","m0",-0.252090007418015,0.751066817910452,0.15353439038536,-0.512845317562535
824,9682,"s020","m0",-0.236866321713631,0.920804625941459,0.264978119119012,-0.474803653619932
825,9692,"s020","m0",-0.297553893934974,0.708164216425927,0.0462540401635316,-0.599156945593883
826,9699,"s020","m0",-0.324461563040508,0.61569331969508,0.095101418336298,-0.910019034885444
827,9724,"s020","m0",-0.295262193049975,0.671008163454985,0.128803887326288,-0.58877252699878
828,9733,"s020","m0",-0.245581437418157,0.910638370506928,0.268302543704202,-0.82921387616665
829,9745,"s020","m0",-0.375310044051524,0.759964351987087,0.00492518620205844,-0.00359905973718797
830,9791,"s020","m0",-0.312647180822088,0.825758584041422,0.0344641966375364,-0.176900781865146
831,9793,"s020","m0",-0.296295385214519,0.845823037835827,0.0740464259204152,-0.539181661263747
832,9797,"s020","m0",-0.296365372832552,0.827715128154351,0.0989397788793275,-0.305763999455479
833,9816,"s020","m0",-0.263571250129629,0.754060121407875,0.0592704764107078,-1.19835878405633
834,9822,"s020","m0",-0.285766886126388,0.788625518497242,0.209501807075699,-0.538744902050062
835,9829,"s020","m0",-0.273112421647078,0.789442702968204,0.17270104786025,-0.998431513192673
836,9834,"s020","m0",-0.332849872781713,0.731650833828143,0.168147031296831,-0.306514458544635
837,9848,"s020","m0",-0.241229446941837,0.907907876433034,0.176338757245384,-0.993278535893647
838,9865,"s020","m0",-0.272225301232349,0.793779889583028,0.0611304305907724,-0.890060662253076
839,9900,"s020","m0",-0.305481773705777,0.832401192015807,0.00784052225536436,-1.04376305045716
840,9918,"s020","m0",-0.272733752476587,0.748310972485674,0.061835118294237,-0.593356878940974
841,9947,"s020","m0",-0.181973677193468,0.897982165714135,0.233334703611558,-1.396799211889
842,9948,"s020","m0",-0.375336423619169,0.63809053499318,-0.349969174896876,-0.501601436333249
843,9956,"s020","m0",-0.304284758188459,0.818358328067449,-0.0334109705693464,-0.965454030972421
844,9969,"s020","m0",-0.238963200886833,0.836071153144276,0.204875571213613,-2.13662257972613
845,9971,"s020","m0",-0.319628264449122,0.768396585871961,0.0314535934975455,-0.477947188516194
846,9991,"s020","m0",-0.283322117783867,0.687838941682398,0.211582346377648,-0.980615826600916
847,10010,"s020","m0",-0.267688476735315,0.818648321944761,-0.0819484968780302,-1.37893788237885
848,10016,"s020","m0",-0.240955398692843,0.782837069342147,0.310578329336756,-1.01276868060286
849,10023,"s020","m0",-0.257419670169566,0.724955959987748,0.0745840988655359,-1.22975611964156
850,10026,"s020","m0",-0.23667632774093,0.778129156661122,0.111423424520496,-1.67489107382678
851,10029,"s020","m0",-0.212407481341804,0.872555280103922,0.420758410907041,-1.27886461545251
852,10032,"s020","m0",-0.267258298980195,0.794876457799924,0.210488242507549,-0.832257809486096
853,10091,"s020","m0",-0.277917605567339,0.832022805513967,0.208199870734592,-0.702614956035992
854,10119,"s020","m0",-0.22211654252419,0.861825405480389,0.205352537975351,-1.62241228060796
855,10120,"s020","m0",-0.207706649332971,0.767736821279792,0.299179811060467,-1.4865088669273
856,10129,"s020","m0",-0.189070029888799,0.868749108473974,0.20993483614409,-1.85666451010773
857,10131,"s020","m0",-0.385667698323661,0.634249239392107,-0.154002969849897,0.130051370419122
858,10146,"s020","m0",-0.172107284571552,0.864155156808912,0.361017972042905,-1.36380953267601
859,10147,"s020","m0",-0.326075885304048,0.702187445305223,0.197514333475611,-0.293116545121091
860,10153,"s020","m0",-0.173196973724028,0.817767362756842,0.37841167432363,-1.25589629624612
861,10164,"s020","m0",-0.266245508155558,0.831711904034768,0.0591136759449167,-0.574117762486782
862,10185,"s020","m0",-0.309968511663167,0.735852555946302,0.201966647310477,-0.673807342767063
863,10186,"s020","m0",-0.198010488647693,0.888738528800972,0.179648708235935,-1.70320615582197
864,10188,"s020","m0",-0.297690900930984,0.774472151467019,0.101335229538411,-0.493687519004679
865,10200,"s020","m0",-0.298704507752696,0.803875353615872,-0.238983930113684,-0.422156610525447
866,10203,"s020","m0",-0.209546633005554,0.932311446814583,0.362106762419911,-1.14521746409613
867,10210,"s020","m0",-0.221906544951347,0.809048163143848,0.232988622070786,-0.90892058288522
868,10248,"s020","m0",-0.217355566484347,0.830484524789482,0.211769438577131,-1.50851626810635
869,10252,"s020","m0",-0.306633234266373,0.834149213771286,0.0631189008803254,-0.933720220151088
870,10260,"s020","m0",-0.254362541843656,0.799739758071893,0.384612533062294,-0.246340073764914
871,10271,"s020","m0",-0.160082876156252,0.968238783002369,0.28447845034052,-1.83470245592153
872,10287,"s020","m0",-0.477280413228042,0.595460492183024,-0.137360852694378,0.257492088972988
873,10292,"s020","m0",-0.201476905106071,0.823950590017071,0.362789035264258,-1.27198648449603
874,10297,"s020","m0",-0.305034767627536,0.737664608146626,0.0480107026666792,-0.419894910907195
875,10308,"s020","m0",-0.271112564169189,0.868966934224462,0.0638562155314243,-1.06141607818205
876,10317,"s020","m0",-0.190386185807544,0.771934385991095,0.315045542904779,-1.60312986335733
877,10319,"s020","m0",-0.250291757317375,0.877122221099845,0.304755576274353,-0.510370036652433
878,10335,"s020","m0",-0.258552334496665,0.84209591889595,0.085807396638195,-0.400963692509905
879,10347,"s020","m0",-0.310644763862827,0.804815145347078,0.0966223220998,-0.200791653892753
880,10353,"s020","m0",-0.306771564608559,0.650999156879242,0.00830548452432799,-1.10286737395991
881,10356,"s020","m0",-0.274115609682276,0.833705991290237,0.191307860788405,-0.345984876240047
882,10379,"s020","m0",-0.190400465536937,0.778947136086071,0.143341540765278,-1.9486532957965
883,10381,"s020","m0",-0.422429513250378,0.693022746416457,-0.353648113927405,0.263473143114062
884,10390,"s020","m0",-0.199826389980205,0.828416050634565,0.342032073777343,-1.86300758649306
885,10395,"s020","m0",-0.290722923526384,0.842319641095604,0.0310061874997784,-0.537095341928437
886,10396,"s020","m0",-0.296490492095655,0.734204239847442,0.0402383035756532,-0.754945230123047
887,10400,"s020","m0",-0.223279636991664,0.823914723210745,0.338727335705358,-0.838173086156108
888,10403,"s020","m0",-0.198618208013427,0.905845176872764,0.36802543934965,-1.317878599435
889,10420,"s020","m0",-0.262242873152941,0.77676053183296,0.221557026963318,-1.21298076047368
890,10429,"s020","m0",-0.257405916210967,0.797892671541862,0.189352107942148,-0.625599914759381
891,10431,"s020","m0",-0.155560399479429,0.866814933414424,0.249748431637843,-1.92564255150903
892,10444,"s020","m0",-0.279940915486576,0.841926038045271,0.339105228226689,-0.502008919276899
893,10460,"s020","m0",-0.262849277014693,0.85765156735424,0.150730594326215,-0.558024981708225
894,10482,"s020","m0",-0.271535238845708,0.783002637392099,0.341240621756706,-0.346700653047013
895,10505,"s020","m0",-0.271871785147744,0.840593289752057,0.132848226226193,-0.760040882714703
896,10524,"s020","m0",-0.315301098493951,0.73278358220844,0.303915703303827,-0.731650958270738
897,10525,"s020","m0",-0.250602984644397,0.854475093633345,0.102382472417841,-0.899212929137947
898,10546,"s020","m0",-0.217698242298367,0.882790671537339,0.140168048666336,-1.72875967879532
899,10553,"s020","m0",-0.290554503456706,0.747872181915647,0.146160485305861,-0.497677637799549
900,10566,"s020","m0",-0.308338573203578,0.741841514672429,-0.0276174706554803,-0.725305526185458
901,10575,"s020","m0",-0.293207810818537,0.743923486564432,-0.0911770130958233,-0.999061891623878
902,10587,"s020","m0",-0.308670135896406,0.79441111440463,0.0701777896903977,-0.314494643145232
903,10612,"s020","m0",-0.351543779336561,0.718641148427232,0.127333357182518,-0.269882623487424
904,10625,"s020","m0",-0.316147655428016,0.737497279729427,0.0761836785322391,-0.305313382139938
905,10626,"s020","m0",-0.269336810690804,0.786775086954876,0.157760377068086,-0.615586222036586
906,10661,"s020","m0",-0.305647110553851,0.819100710504628,0.132759812723532,-0.674891177450643
907,10667,"s020","m0",-0.253461156782341,0.756494350034147,0.0576119406635519,-1.09590855225874
908,10672,"s020","m0",-0.217375062533384,0.850654852554305,0.422179860947321,-1.17321626042734
909,10685,"s020","m0",-0.320944733626685,0.746095182388238,0.139310784579922,-0.548313376730497
910,10688,"s020","m0",-0.360293439503406,0.741029456211559,-0.309162161093577,-0.232175020883695
911,10690,"s020","m0",-0.357541991570767,0.703314861246101,-0.245903214008704,-0.486318030854956
912,10700,"s020","m0",-0.209986123329829,0.844329351635942,0.228271832853552,-1.03885733225094
913,10729,"s020","m0",-0.303468405722728,0.79776954154479,0.0453249218059836,-0.489254617529779
914,10731,"s020","m0",-0.244693951705736,0.816627489455779,0.233689499302537,-0.99273419247167
915,10735,"s020","m0",-0.210390551636817,0.733415868594602,0.288871023127511,-1.02220360497108
916,10751,"s020","m0",-0.262479659783221,0.866024813256316,0.281953666386405,-1.10166078924691
917,10763,"s020","m0",-0.182884154993821,0.913951787235725,0.172630772442472,-1.81757403852761
918,10791,"s020","m0",-0.372439997640424,0.696675060759604,-0.0114505534796492,-0.104078186046221
919,10795,"s020","m0",-0.183221276813552,0.921304276419804,0.274164992489492,-1.56992215112554
920,10797,"s020","m0",-0.27107919814379,0.722047376562545,0.117039069665677,-0.932527627483343
921,10810,"s020","m0",-0.282259045187977,0.785165273016823,0.191552956245286,-0.814810256479388
922,10815,"s020","m0",-0.316799572508946,0.770930881893956,-0.0145494807885445,-0.69926290797969
923,10816,"s020","m0",-0.281290728985896,0.79482050434385,0.113038970279065,-1.23165891886747
924,10821,"s020","m0",-0.214750602519602,0.836386368809472,0.251416836273609,-1.09195901724111
925,10831,"s020","m0",-0.270352420755488,0.826458449970421,0.047057469010359,-1.06256664255805
926,10858,"s020","m0",-0.315665807844108,0.726189288706027,-0.153325118732077,-0.39848390784375
927,10859,"s020","m0",-0.42432020101612,0.64721016656526,-0.225429519429079,0.341675775157443
928,10866,"s020","m0",-0.271084430131359,0.91106187848659,0.0892869027321882,-0.646180542629717
929,10915,"s020","m0",-0.306280162743333,0.807232702427083,-0.0144645442846098,-0.386189219828041
930,10928,"s020","m0",-0.281239230124162,0.794889487999965,0.130735403155491,-1.40211862159298
931,10943,"s020","m0",-0.188711388918666,0.803511938833192,0.263495857124034,-1.43189745209072
932,10964,"s020","m0",-0.328614708913863,0.643954719829505,-0.0061112802488372,-0.48117222302815
933,10968,"s020","m0",-0.256694083368381,0.882044913009134,0.0267536197184429,-1.10986871693743
934,10975,"s020","m0",-0.298105663395143,0.697596209631121,0.0920474834276963,-0.532276597423659
935,10976,"s020","m0",-0.242076567781755,0.756927313633657,0.300633518444357,-1.24911919614091
936,10983,"s020","m0",-0.263370633300097,0.807668959055426,0.222139174715775,-0.879969614441371
937,10987,"s020","m0",-0.195790908402807,0.873708495850606,0.390451795973815,-0.970793940444577
938,10996,"s020","m0",-0.397290838391521,0.629975322856534,0.234525777613406,-0.0597405233963389
939,11006,"s020","m0",-0.268879755227869,0.686354635115807,0.0520262552327947,-0.824597121105592
940,11007,"s020","m0",-0.396010619941026,0.627867096473196,-0.10150486502279,-0.157709024107029
941,11013,"s020","m0",-0.229671749314041,0.886117566220772,0.133948423413026,-0.981151802156563
942,11015,"s020","m0",-0.368879835905845,0.74609940425206,0.0218044338927851,-0.0834569157691144
943,11018,"s020","m0",-0.141088595532702,0.860446445806618,0.462386079392603,-2.33285946096745
944,11021,"s020","m0",-0.25083514295184,0.862208031718148,0.25782178141518,-0.496176365317146
945,11029,"s020","m0",-0.29809306527047,0.769413649620436,-0.0221739855566697,-0.806084482474569
946,11035,"s020","m0",-0.213651879001149,0.930494612683374,0.194385490757777,-0.898691175519161
947,11063,"s020","m0",-0.413089874465451,0.642112224145682,0.0872642740179327,-0.0718213953311351
948,11070,"s020","m0",-0.258707864349568,0.817775160412464,0.139636035446985,-1.06817355623504
949,11073,"s020","m0",-0.239403201591504,0.760789846099617,0.0824510723527945,-1.63345022334994
950,11076,"s020","m0",-0.256830100486283,0.818345839442229,0.205775857298483,-0.452973737397223
951,11085,"s020","m0",-0.258129946749028,0.849620120635946,0.182194960182469,-0.721033911197596
952,11100,"s020","m0",-0.210920024330611,0.860859824657736,0.248289619473687,-0.817029508579911
953,11153,"s020","m0",-0.350946361451724,0.702437304766211,0.0649500584169401,-0.152886563352457
954,11158,"s020","m0",-0.217617941530089,0.809603951834682,0.318811975361989,-0.907372085733285
955,11169,"s020","m0",-0.222497589592567,0.805810369156019,0.112711715995799,-1.11825013702885
956,11193,"s020","m0",-0.132659694607959,0.965306510366649,0.369072852145055,-1.89979140258789
957,11194,"s020","m0",-0.239707564296634,0.793429450385376,0.333115811836808,-1.19740208346856
958,11198,"s020","m0",-0.257258212943179,0.71870294419152,0.255803145680539,-0.76512075501472
959,11216,"s020","m0",-0.290243995869813,0.684707720263318,0.139537593871611,-0.896258712122848
960,11223,"s020","m0",-0.297319171992829,0.671217605817144,0.212404107211431,-0.484343942739606
961,11232,"s020","m0",-0.281164329888785,0.720285080962228,0.205276964978422,-1.26812201024915
962,11234,"s020","m0",-0.174306649693702,0.952636597071267,0.182353221352177,-3.1184609410913
963,11235,"s020","m0",-0.317027543421964,0.715612941166504,0.0236519304010248,-0.490626260862045
964,11245,"s020","m0",-0.150686667224445,0.92453690823994,0.340179804581402,-2.03096870189678
965,11246,"s020","m0",-0.382829689416695,0.808222030175821,-0.197251154032845,-0.0780889372225348
966,11258,"s020","m0",-0.203373234753164,0.824209354598801,0.311793566561761,-1.56337139218941
967,11260,"s020","m0",-0.278421934580076,0.79077150545327,0.045851264858522,-0.951014725424038
968,11265,"s020","m0",-0.23406751777875,0.8657708345719,0.333043827560583,-1.36860590279527
969,11269,"s020","m0",-0.21925314435482,0.868115186832563,0.385581304261226,-1.11323633271902
970,11295,"s020","m0",-0.243248201284784,0.903446202968419,0.197583783240228,-0.558724505826058
971,11299,"s020","m0",-0.32800381730138,0.749735419436528,0.119585532269509,-0.0740347343163956
972,11304,"s020","m0",-0.227850180720165,0.819592764958734,0.142486733734757,-1.13433224748131
973,11311,"s020","m0",-0.181477516841178,0.920320964506401,0.41703708524285,-1.76345383363508
974,11321,"s020","m0",-0.288058840955858,0.794908314243127,-0.0618025872242876,-0.588159495705999
975,11333,"s020","m0",-0.270526369141826,0.787415833276989,0.311942720130668,-0.793521970703359
976,11338,"s020","m0",-0.221323881126498,0.850027430599415,0.0943665332820945,-1.34845504356028
977,11347,"s020","m0",-0.25513749540019,0.791948301623727,0.237228116369362,-0.800942524230458
978,11353,"s020","m0",-0.295807520037983,0.772743261974857,-0.0760448965557252,-0.49491862589912
979,11370,"s020","m0",-0.205012666090323,0.869727190926039,0.0557530770099601,-1.06119058541923
980,11381,"s020","m0",-0.284741810353205,0.778838584628451,0.258271503634929,-0.665290575660035
981,11383,"s020","m0",-0.301581133204977,0.745279410719818,0.24975545961155,-0.507775191509931
982,11385,"s020","m0",-0.306790601840187,0.653329247721651,0.177397811016103,-0.451119354544509
983,11409,"s020","m0",-0.394806999695959,0.680999282166783,0.0734419197685358,0.00903442923364934
984,11411,"s020","m0",-0.2156089955397,0.845536559689262,0.375687764063735,-0.615375401331216
985,11415,"s020","m0",-0.280452254769576,0.74614885826737,0.13634075572033,-0.873729536863254
986,11421,"s020","m0",-0.274184666073094,0.671031498139682,0.155231944486229,-0.794750170697114
987,11423,"s020","m0",-0.297188429823971,0.743718818315169,-0.157556908124432,-0.40212060478779
988,11430,"s020","m0",-0.264765890175002,0.851285342896245,0.213515122952427,-0.43900209583519
989,11433,"s020","m0",-0.266133288433806,0.794511117352863,0.0932421679588004,-0.31121341399923
990,11442,"s020","m0",-0.252674995453858,0.783398000595094,0.29316454101215,-1.15488287803819
991,11457,"s020","m0",-0.32230321464115,0.819169858496375,0.0336650587585546,-0.635884548603863
992,11466,"s020","m0",-0.223098490747711,0.815791005905851,0.321095332657705,-1.30424126673632
993,11477,"s020","m0",-0.329591088036318,0.715706916351117,-0.0187418197157609,-0.426813911138994
994,11491,"s020","m0",-0.258145112102702,0.863871295432917,0.0751695385408683,-0.742311933573068
995,11495,"s020","m0",-0.297873048531746,0.779945202367271,0.159583614201198,-0.813471876000731
996,11518,"s020","m0",-0.263839451645098,0.857769471689042,0.201647733132429,-0.927924062981155
997,11529,"s020","m0",-0.299923041829836,0.721147296670375,-0.00217201722981025,-1.04474228094205
998,11542,"s020","m0",-0.262168178210956,0.836970181381425,0.104677257245128,-0.884530441633518
999,11565,"s020","m0",-0.233119931936571,0.829637155918994,0.205550081294096,-0.697184744944047
1000,11566,"s020","m0",-0.187467328235858,0.917289138030339,0.341496865038509,-1.75944367987688
1001,11569,"s020","m0",-0.26058500106823,0.823792627708801,0.264793216657673,-0.972669143793153
1002,11574,"s020","m0",-0.232528621475269,0.786384980298966,0.358734430791751,-1.08795663097436
1003,11575,"s020","m0",-0.22668047871306,0.860707078571512,0.0833967312169246,-1.13244471386824
1004,11582,"s020","m0",-0.397980209919076,0.570859276974572,-0.0757622630280968,-0.111203145062095
1005,11612,"s020","m0",-0.206181799844279,0.838338327988387,0.207282046602552,-1.48478702283216
1006,11613,"s020","m0",-0.281909971724971,0.774172262572082,0.0870135114913644,-1.00503049206745
1007,11626,"s020","m0",-0.293641604313059,0.766825479028032,0.0222646463338904,-0.733896268205844
1008,11631,"s020","m0",-0.231818470138368,0.832417700141629,0.334757413930981,-1.0510260173926
1009,11641,"s020","m0",-0.224662604772184,0.882396516691051,0.214840329940713,-0.970032116385756
1010,11648,"s020","m0",-0.270333971930788,0.764243249995224,0.128770765703508,-0.852775824321359
1011,11655,"s020","m0",-0.323728579969064,0.646545724901685,-0.104806100372118,-0.739318525242854
1012,11659,"s020","m0",-0.207910596192075,0.90070064046004,0.20382727989095,-1.09678644957788
1013,11667,"s020","m0",-0.15102360116262,0.914846013009837,0.236808685371743,-2.36932886190982
1014,11668,"s020","m0",-0.211500768294053,0.916013990349142,0.416625519734274,-1.4372264964227
1015,11671,"s020","m0",-0.283444195779506,0.773533259401501,0.200205303232987,-0.844788430427604
1016,11690,"s020","m0",-0.253228414057628,0.902911771798386,0.0878445482122028,-0.758211188348275
1017,11702,"s020","m0",-0.308723911790306,0.653294098244198,-0.0831392755857123,-0.544724197193242
1018,11715,"s020","m0",-0.269251043565534,0.851486466988977,0.00795945253381619,-0.750041038933082
1019,11729,"s020","m0",-0.204877379073198,0.917842900467626,0.10678687750309,-1.24744860793809
1020,11747,"s020","m0",-0.381715075143804,0.608896828010719,-0.297168502697144,0.0314939429519352
1021,11771,"s020","m0",-0.249904508508466,0.902689836619885,0.277173639669444,-1.08885057291171
1022,11774,"s020","m0",-0.159883723072886,0.910641404197185,0.111650854601134,-1.88611426706481
1023,11781,"s020","m0",-0.23825550216569,0.806903676518587,0.24827081303779,-1.11243951219564
1024,11783,"s020","m0",-0.383179054989033,0.654060320204602,-0.101857355412603,-0.0610089134541437
1025,11792,"s020","m0",-0.258636339828734,0.936730142838445,0.203145256761008,-0.82537963342978
1026,11812,"s020","m0",-0.284781311695912,0.794754147551427,0.203358899625542,-0.648215157605694
1027,11815,"s020","m0",-0.285515598400947,0.826033978776677,0.163154432631014,-1.07390465480764
1028,11822,"s020","m0",-0.220333504123479,0.886236724646437,0.341631528753547,-1.26566287280273
1029,11824,"s020","m0",-0.226027327610502,0.886917236610246,0.244005069771077,-0.847561582122443
1030,11831,"s020","m0",-0.27421594217328,0.759517976501387,0.00399216706924792,-1.3222322529022
1031,11837,"s020","m0",-0.274485439106536,0.834414424193103,0.131162763903654,-0.436490792947451
1032,11852,"s020","m0",-0.124141188372017,0.958710949167652,0.302424395658356,-1.88428984292813
1033,11875,"s020","m0",-0.222369656807423,0.707119454972641,0.240208395120812,-1.67314356259493
1034,11906,"s020","m0",-0.333922400462804,0.736637012819986,0.121370052329008,-0.189772418373739
1035,11927,"s020","m0",-0.299311848224685,0.700565531790145,0.193727789817056,-0.472268498539156
1036,11939,"s020","m0",-0.223765403093425,0.71570598159746,0.00347043631962956,-1.67251563338728
1037,11952,"s020","m0",-0.374765622413049,0.612993743028465,-0.0962320915902182,-0.20810387700276
1038,12012,"s020","m0",-0.371512799973668,0.642907454088882,0.101274163055871,-0.0217324515185692
1039,12026,"s020","m0",-0.199840119288188,0.847611664710495,0.373610537904974,-0.845151121613037
1040,12038,"s020","m0",-0.271218146602871,0.812167957673512,0.184987914580867,-0.870189181263968
1041,12061,"s020","m0",-0.165550876209708,0.886475409496031,0.319617816587386,-1.58138074480457
1042,12073,"s020","m0",-0.270574015090591,0.732209701451171,0.162994801689249,-0.835634667001064
1043,12110,"s020","m0",-0.31702103243772,0.728617956155404,0.112477107342299,-0.719435935519734
1044,12114,"s020","m0",-0.274361703260448,0.765175699760181,0.0878550515309133,-0.667181501533423
1045,12121,"s020","m0",-0.282841954484249,0.799938281079115,0.154874926761036,-0.959732054244864
1046,12145,"s020","m0",-0.224125809990243,0.884989361814874,0.284637645915985,-1.11502438312831
1047,12156,"s020","m0",-0.210521751850092,0.89240971468815,0.300027577982869,-1.13914715035868
1048,12169,"s020","m0",-0.218419519808876,0.846867438372531,0.18501860225392,-1.66952485724534
1049,12173,"s020","m0",-0.367010284604146,0.645505998836708,0.101403115823637,-0.534273211913045
1050,12212,"s020","m0",-0.155129497726833,0.933499307489504,0.20411264826763,-1.52355148089775
1051,12215,"s020","m0",-0.171378766196483,0.91100420637969,0.258461580435994,-1.50852031546527
1052,12230,"s020","m0",-0.253624064716817,0.800148048125459,0.139916897662434,-0.739551432382102
1053,12234,"s020","m0",-0.147280854538913,0.964016240460367,0.427256892595735,-1.39016355442761
1054,12238,"s020","m0",-0.326235970093913,0.733888692970841,-0.0862017746479937,-0.195983724355003
1055,12240,"s020","m0",-0.286389066026879,0.770198887541125,0.257762927992446,-0.574686617024501
1056,12242,"s020","m0",-0.302141532010182,0.841289328180538,0.137139408814842,-0.482387539927383
1057,12243,"s020","m0",-0.333135297476266,0.738244471233098,0.104740182539175,-0.390477905267092
1058,12264,"s020","m0",-0.283556851056915,0.750902011826831,0.270775023950191,-0.835834582443322
1059,12270,"s020","m0",-0.349226513367492,0.700451283869816,-0.130050095240772,-0.72093615628957
1060,12304,"s020","m0",-0.288835212032754,0.823442553946397,0.166808208761529,-0.474379206282897
1061,12327,"s020","m0",-0.306588937202258,0.75205740345258,0.100755073280561,-0.447621635830077
1062,12349,"s020","m0",-0.206935194582805,0.845499420905008,0.303456144348905,-1.83995437521662
1063,12356,"s020","m0",-0.191930438717002,0.798407916111186,0.15002998870421,-1.61000806773075
1064,12369,"s020","m0",-0.294236680732307,0.884133748069467,0.132017596434408,-0.74383141808491
1065,12394,"s020","m0",-0.225658461777539,0.794992286117399,0.138677500716822,-1.38259499057242
1066,12402,"s020","m0",-0.292203499016582,0.855180169383238,0.0269314480172498,-0.782552650492219
1067,12403,"s020","m0",-0.279640526258412,0.784998037505418,0.243041016712543,-0.507813397879861
1068,12417,"s020","m0",-0.410614921848816,0.6591069060206,0.0635060286240328,0.138146441667212
1069,12423,"s020","m0",-0.28864559956408,0.775553037667911,0.306973209134623,-0.423932562303377
1070,12437,"s020","m0",-0.276196528233654,0.819615758291455,-0.0586793369939913,-0.693213294418528
1071,12441,"s020","m0",-0.366429395559319,0.59028763553152,0.0184536133994675,-0.329236017193046
1072,12442,"s020","m0",-0.32602149135831,0.808886743934784,0.05038547518048,-0.439096661878485
1073,12444,"s020","m0",-0.282523609304362,0.847105115662892,0.0579709126475412,-0.654769795579788
1074,12446,"s020","m0",-0.33924566506192,0.674284752280795,-0.116710250026495,-0.318446256443827
1075,12447,"s020","m0",-0.198307252375649,0.854153238189237,0.00174125682040908,-2.43419059653583
1076,12463,"s020","m0",-0.222415591360161,0.829733642448774,0.22980652206091,-1.04532820318165
1077,12469,"s020","m0",-0.347266915066729,0.775850904843177,-0.022547213609744,0.0930821329274152
1078,12479,"s020","m0",-0.320192390587707,0.785547295204246,0.0193323066852035,-0.153988967579009
1079,12496,"s020","m0",-0.265790977619896,0.81262642153028,0.169678627827765,-0.722953902318117
1080,12550,"s020","m0",-0.283639196885403,0.831390508182483,0.138308949419173,-0.663918434926799
1081,12562,"s020","m0",-0.236130421023187,0.81843872847327,0.130730205179893,-1.28193411763795
1082,12563,"s020","m0",-0.291893820357231,0.830949833505672,0.241156982553791,-0.376000183398763
1083,12578,"s020","m0",-0.283473524518812,0.803876197366493,0.0691034105833783,-0.988162906670566
1084,12582,"s020","m0",-0.226567162846546,0.836443661122516,0.181677492498503,-1.39036767444428
1085,12592,"s020","m0",-0.264569737566188,0.794517310410207,0.335501694256092,-0.491212653569064
1086,12601,"s020","m0",-0.358778980060624,0.75088515352737,0.116105333803007,-0.166232086524596
1087,12609,"s020","m0",-0.281498622232434,0.750126082789486,0.133349055859725,-0.591094926220413
1088,12621,"s020","m0",-0.329364563722054,0.752063844788175,0.170613476115928,-0.276549606600652
1089,12631,"s020","m0",-0.273067316287369,0.783495187084886,0.283623650147544,-1.19845368299807
1090,12660,"s020","m0",-0.213712469305683,0.809703088563431,0.335615823863024,-1.07648307856736
1091,12666,"s020","m0",-0.261956655011307,0.867014003315551,0.234312627266241,-0.71586918452253
1092,12693,"s020","m0",-0.243720040106794,0.868468199541156,0.154590576628205,-0.900139083773967
1093,12697,"s020","m0",-0.150734534190244,0.921122007547965,0.379766555779309,-1.78359488331581
1094,12702,"s020","m0",-0.294280439530448,0.742154763988845,0.26134176721322,-0.463961752925665
1095,12715,"s020","m0",-0.31800963073389,0.758139009952121,0.0563630822779389,-0.838823960339553
1096,12722,"s020","m0",-0.164964070900707,0.787308284990125,0.332681747857144,-3.80727081402955
1097,12724,"s020","m0",-0.269631436388324,0.79451932783751,0.235453906247014,-0.630722118548194
1098,12733,"s020","m0",-0.251578699374508,0.79842459196976,0.159808029181306,-0.994960293400279
1099,12739,"s020","m0",-0.240643226892983,0.787932411419255,0.112769521486829,-1.15217015100543
1100,12757,"s020","m0",-0.260326508627059,0.757050649713763,0.159350953472785,-1.17836862637004
1101,12779,"s020","m0",-0.232688369472782,0.819765024356727,0.0778360862971458,-1.46823495301213
1102,12796,"s020","m0",-0.244566404118455,0.814811512073887,0.330883067223266,-0.535618731463951
1103,12806,"s020","m0",-0.315189888394807,0.698736661246822,0.0768338164978913,-0.641028146873909
1104,12808,"s020","m0",-0.271187155266212,0.788966228332207,0.294914480551165,-0.702918816496415
1105,12845,"s020","m0",-0.281781776592054,0.754393436961361,0.105329511066869,-0.577497064348197
1106,12850,"s020","m0",-0.218562906441588,0.840924268868751,0.276300277231682,-1.21075190791366
1107,12903,"s020","m0",-0.187693720942854,0.865270863221107,0.365861322094754,-1.52648851599073
1108,12909,"s020","m0",-0.343276322146986,0.680628904744672,-0.0355124756199291,-0.292280773156093
1109,12914,"s020","m0",-0.225950290063349,0.836044317425967,0.243450260643902,-1.23583075330823
1110,12919,"s020","m0",-0.226580921912704,0.798083723043073,0.19847932609362,-1.17008863851422
1111,12921,"s020","m0",-0.274386824286262,0.766259494917191,0.0856342875339602,-0.701804831787629
1112,12922,"s020","m0",-0.29827805194701,0.722181460584668,0.222396880719442,-0.512114199870003
1113,12930,"s020","m0",-0.151888230244749,0.835051289842105,0.302785490788324,-3.07921013188046
1114,12933,"s020","m0",-0.379673173095824,0.701065604230148,-0.0798093335704871,-0.173186227461426
1115,12935,"s020","m0",-0.159444193810268,0.864501921402507,0.343551609159676,-1.79194927616202
1116,12946,"s020","m0",-0.258450737694272,0.90931186383107,0.279293873335799,-0.898530067580521
1117,12960,"s020","m0",-0.242420424452361,0.800678341648876,0.356843223293673,-1.30010451327111
1118,12961,"s020","m0",-0.335903358756156,0.827814481716949,-0.0114808021806516,-0.159431236162547
1119,12965,"s020","m0",-0.326135385789136,0.77727244184485,0.0820323187217641,-0.51813169480822
1120,12966,"s020","m0",-0.182774872570966,0.939911890100804,0.425348741290833,-1.6453297424672
1121,12988,"s020","m0",-0.213326365892369,0.845239325802724,0.202726226124466,-1.13614485655988
1122,12992,"s020","m0",-0.258668015690679,0.900813298086849,0.418485977724553,-0.53059250100246
1123,12995,"s020","m0",-0.350547454814701,0.683209327005085,0.0727060725099855,-0.191375946216298
1124,12997,"s020","m0",-0.323006239840485,0.698386343216076,0.320895475373759,-1.05700538229982
1125,13000,"s020","m0",-0.289632143972435,0.844429027344045,0.200012896402644,-0.567436394570557
1126,13004,"s020","m0",-0.279999135620664,0.798905154496168,0.27037443778744,-0.720169132319376
1127,13005,"s020","m0",-0.317353515021485,0.682658960940895,0.113365006474183,-0.671106647916089
1128,13027,"s020","m0",-0.391172173048033,0.668146124693905,-0.20641009325589,-0.599462927997961
1129,13038,"s020","m0",-0.228840664424961,0.787378507878295,0.245306852126258,-0.974408583773169
1130,13043,"s020","m0",-0.206653733963915,0.901756306485572,0.242177230370518,-0.99165934174421
1131,13045,"s020","m0",-0.320359549718452,0.718561930454403,-0.11575813409636,-0.371788539356597
1132,13057,"s020","m0",-0.168562800923017,0.84850354864001,0.232061355612144,-1.56003965602195
1133,13074,"s020","m0",-0.385399309858397,0.705835937486571,-0.190789259883308,-0.371474467269001
1134,13119,"s020","m0",-0.286599492522223,0.7164390246644,-0.0774188827740904,-0.784734894430164
1135,13132,"s020","m0",-0.19253234755533,0.806355726474175,-0.041810125702783,-1.0963438570904
1136,13144,"s020","m0",-0.302466758505844,0.816759907554893,0.197872094325262,-0.219539299493802
1137,13163,"s020","m0",-0.267109935993768,0.761311177719981,0.206506146687313,-0.654101567708694
1138,13198,"s020","m0",-0.236206817155502,0.911292346091908,0.232097056148963,-0.902945104083664
1139,13200,"s020","m0",-0.371679346169211,0.710565781741863,-0.305290228463357,-0.222820512743965
1140,13223,"s020","m0",-0.292526608086521,0.704843682790758,-0.0854623559887586,-0.794067181974931
1141,13237,"s020","m0",-0.350905262795944,0.706567254825009,0.0558970518612461,-0.3183111627481
1142,13238,"s020","m0",-0.293489869540113,0.698097193492725,0.181726588061788,-0.433342748891189
1143,13247,"s020","m0",-0.193028334065201,0.860516999727675,0.193499026253993,-1.60721350333285
1144,13251,"s020","m0",-0.220809389533712,0.785228390821946,0.145707576992554,-1.48905143786427
1145,13292,"s020","m0",-0.322632558924055,0.786055180605004,0.147485503624149,-0.306527828226695
1146,13314,"s020","m0",-0.195070973030223,0.829395797834622,0.380938114443312,-1.31082759852746
1147,13316,"s020","m0",-0.281978536800479,0.716273747213051,0.0419125107949777,-0.969346675429967
1148,13322,"s020","m0",-0.285403912630726,0.832680187388651,0.243108564570398,-0.280391595689035
1149,13329,"s020","m0",-0.187422200794333,0.836338184498235,0.376266082217366,-1.60939128106649
1150,13337,"s020","m0",-0.218522403885162,0.858203993447921,0.304789046079481,-1.29370567314265
1151,13341,"s020","m0",-0.309219944504917,0.803120105123104,0.219543060060439,-0.387225733630635
1152,13343,"s020","m0",-0.287827032207367,0.748506621329585,0.0288182630049354,-0.660046487324433
1153,13348,"s020","m0",-0.307723976163466,0.721039779289253,0.147833454963665,-0.758891912173852
1154,13351,"s020","m0",-0.369616124274167,0.737274730183266,0.174019352676433,-0.329116624310938
1155,13352,"s020","m0",-0.341279454784842,0.787637543226794,0.173464107642524,-0.179502346925197
1156,13354,"s020","m0",-0.221184924677136,0.931389230207833,0.170985101217757,-1.07443476411744
1157,13367,"s020","m0",-0.338026319635778,0.6863841748663,0.0861765591019495,-0.360446770313649
1158,13396,"s020","m0",-0.334518695903169,0.770309370276787,0.147592138420035,-0.446405457189094
1159,13398,"s020","m0",-0.257698618552859,0.802299649650293,0.117962256700134,-0.797663703340381
1160,13405,"s020","m0",-0.224361596480196,0.871332706703588,0.175505712291755,-1.01541637663795
1161,13412,"s020","m0",-0.325048374354957,0.801349815336109,0.0511765708909239,-0.123938769795468
1162,13419,"s020","m0",-0.252028959720698,0.836686652332192,0.294879729326084,-1.27844420994872
1163,13434,"s020","m0",-0.344191473858397,0.69170133988767,0.121191459234821,-0.374594056791165
1164,13435,"s020","m0",-0.296381031652723,0.850268302072929,0.179053278183917,-1.1612893441286
1165,13454,"s020","m0",-0.260599099400832,0.814677847128578,0.198922403074565,-0.894231970371318
1166,13463,"s020","m0",-0.312941863223917,0.678584955888515,0.176829118615227,-0.174457740480249
1167,13480,"s020","m0",-0.275532862517779,0.790513971535163,0.09812956490002,-0.624477754539447
1168,13487,"s020","m0",-0.338815273626191,0.729429284810768,0.120916684543297,-0.360432935561338
1169,13500,"s020","m0",-0.273529135677314,0.753193016325885,0.190797700477048,-0.852780083997698
1170,13505,"s020","m0",-0.36253197747002,0.648865557537232,0.00300054760613295,-0.100827919092213
1171,13514,"s020","m0",-0.228515576647834,0.84891176677011,0.228794455644404,-1.82569333051356
1172,13519,"s020","m0",-0.344001110327541,0.70623580794204,0.00757253126513237,-0.613471139226725
1173,13523,"s020","m0",-0.362890975462638,0.695975632982634,0.131469217671385,-0.0459716316509274
1174,13584,"s020","m0",-0.307492431433511,0.787790430592072,0.168309753169852,-0.63323048117418
1175,13588,"s020","m0",-0.350753269612978,0.707552693693635,0.00209501741930861,-0.55431171494282
1176,13603,"s020","m0",-0.304786625637753,0.666993309576694,0.128348388782155,-0.770245182591231
1177,13613,"s020","m0",-0.213243881615377,0.768789808935598,0.322631792111495,-1.39318202985458
1178,13618,"s020","m0",-0.262793231613426,0.778019242996853,0.239916652003719,-0.50119811467853
1179,13628,"s020","m0",-0.31093747100637,0.862857880601801,0.309559525260816,-0.218620814770353
1180,13635,"s020","m0",-0.345264040607877,0.845158893903818,-0.04019777791336,-0.41450134276089
1181,13638,"s020","m0",-0.223170747488729,0.901941027378274,0.240210756986919,-0.814484032867264
1182,13660,"s020","m0",-0.326516478731361,0.76439885417156,-0.0147679457605062,-0.76794896923738
1183,13666,"s020","m0",-0.224869779801137,0.810462284008722,0.238083208454727,-1.82809355804454
1184,13678,"s020","m0",-0.222175005737709,0.859353841159868,0.21015701360196,-1.34660768041887
1185,13726,"s020","m0",-0.276538646715308,0.813197276643805,0.0554678733268221,-0.579399368606394
1186,13734,"s020","m0",-0.304324028530685,0.802231403553642,0.182220304073451,-0.232441416750438
1187,13735,"s020","m0",-0.225490115141486,0.862247255250921,0.164489381275705,-1.25371639411902
1188,13753,"s020","m0",-0.319408948650987,0.744410996547355,0.0224856782816291,-0.269370037778029
1189,13760,"s020","m0",-0.220114931978074,0.897592657396131,0.2463727035044,-1.0505666852918
1190,13775,"s020","m0",-0.280391054643401,0.751629051756157,0.0531887468561907,-1.06131627801658
1191,13784,"s020","m0",-0.33244198018027,0.738439328856515,0.108048301592588,0.129077059909966
1192,13788,"s020","m0",-0.28072980994227,0.850710698511954,-0.047975847140489,-0.637336300479382
1193,13798,"s020","m0",-0.260316368898844,0.722361347080531,0.217876468917217,-1.60952978675015
1194,13800,"s020","m0",-0.225852751114875,0.880671950597486,0.159116723776768,-1.14259289272127
1195,13814,"s020","m0",-0.227961762657023,0.844714696078468,0.244327616992803,-1.08204623032328
1196,13848,"s020","m0",-0.245067312558945,0.772154887599611,0.121788789113473,-1.28272639181719
1197,13851,"s020","m0",-0.17933029079617,0.85609735113597,0.284546576644017,-1.84008727735255
1198,13868,"s020","m0",-0.319329758545433,0.819269190535266,-0.0505136438142447,-0.448087340508477
1199,13873,"s020","m0",-0.274285045468216,0.891802938636592,-0.0184109608797789,-0.398557080411876
1200,13882,"s020","m0",-0.334618254848582,0.571281914293394,0.178418216456973,-0.554190183993635
1201,13900,"s020","m0",-0.249761729520275,0.846883634240828,0.257507879495227,-0.961834363799052
1202,13910,"s020","m0",-0.253829587118561,0.842281929096015,0.322787216500946,-0.837662106520225
1203,13914,"s020","m0",-0.267556036703893,0.737151047892696,0.0842084354612969,-0.718299115959919
1204,13921,"s020","m0",-0.368513259648857,0.744411363669305,-0.0818228907814372,0.200422650474838
1205,13931,"s020","m0",-0.321890462924883,0.872702546157708,0.109819939904314,0.139204006129076
1206,13940,"s020","m0",-0.179054904899805,0.892649433128303,0.148334462116457,-1.54451110174919
1207,13945,"s020","m0",-0.271431833040697,0.752254121249644,0.37083929820758,-0.751432053856194
1208,13949,"s020","m0",-0.255087326044745,0.763631974423091,0.189055533300462,-0.978695864787196
1209,13958,"s020","m0",-0.322885886043838,0.801558626047115,0.185931509191887,-0.194246299409407
1210,13962,"s020","m0",-0.255700685057579,0.791660747849456,0.286657306249133,-0.84935827774113
1211,13964,"s020","m0",-0.326194280322676,0.858547112709372,0.093760144477413,-0.152384075865805
1212,13965,"s020","m0",-0.213107887159127,0.816052933432155,0.23606416768817,-1.76182384522318
1213,13980,"s020","m0",-0.291043470731153,0.747267038806037,0.163045231058256,-0.634331261073607
1214,13983,"s020","m0",-0.334075331920314,0.690904826447739,-0.00243017236117922,-0.423966565042743
1215,13984,"s020","m0",-0.17307425258208,0.864282656773838,0.265157204011642,-2.70372513687137
1216,14000,"s020","m0",-0.290822706490341,0.823850989587371,0.147041670065961,-0.515801617144748
1217,14002,"s020","m0",-0.175876678518704,0.932509426008263,0.323197473264049,-1.57396087744583
1218,14031,"s020","m0",-0.229095775407576,0.776866030380224,0.318132878733151,-1.04900285460251
1219,14041,"s020","m0",-0.266189982678905,0.777969769428468,0.274179345307215,-0.410103176749391
1220,14059,"s020","m0",-0.319439866288011,0.802053827947744,-0.00380312472799419,-0.44728065263438
1221,14064,"s020","m0",-0.314209413425839,0.727687795509229,0.229745841462119,-0.75274786712292
1222,14067,"s020","m0",-0.344107677174644,0.652002823124166,-0.00735913032430621,-0.287116947529285
1223,14068,"s020","m0",-0.37178930490455,0.757464516042713,-0.00661095882938178,-0.238757954670488
1224,14075,"s020","m0",-0.390478926737267,0.688657907288863,-0.288659585636647,-0.396485058277698
1225,14095,"s020","m0",-0.209141640536376,0.840909317734228,0.0872244771313212,-1.40103641335199
1226,14103,"s020","m0",-0.23209606934033,0.833114450944008,0.0454477454342719,-0.89135841741323
1227,14117,"s020","m0",-0.323771739109061,0.71148378536695,0.138386100495666,-0.636963435364617
1228,14142,"s020","m0",-0.261109518301949,0.842200771043744,0.219162478154914,-0.830305410518475
1229,14150,"s020","m0",-0.316905406540275,0.733700988517428,0.0544608112313182,-1.15380637075883
1230,14170,"s020","m0",-0.300450943246483,0.786862298367367,0.154012980609548,-0.257603265281392
1231,14189,"s020","m0",-0.168152845722703,0.921805445998522,0.265547837478544,-1.74424097626368
1232,14197,"s020","m0",-0.235250501959824,0.832113192248615,0.282783695002886,-0.834666654646524
1233,14207,"s020","m0",-0.341875814146169,0.663732975847803,0.00738659122723359,-0.487754532856898
1234,14208,"s020","m0",-0.311518050208001,0.693010067765302,-0.236872373078542,-0.804895058638408
1235,14221,"s020","m0",-0.255835434578353,0.772278672579122,0.383080059027397,-0.139408322394905
1236,14227,"s020","m0",-0.162812865165913,0.962838170896667,0.365404438602486,-1.13915782757344
1237,14236,"s020","m0",-0.235980596399712,0.863628330384663,0.132146850351783,-1.32811242568231
1238,14239,"s020","m0",-0.379420014988386,0.710098146914249,-0.198509990605923,-0.28358153583075
1239,14251,"s020","m0",-0.299206164089653,0.83113091523336,0.198116367739461,-0.521900347264103
1240,14256,"s020","m0",-0.198005287700441,0.844898073808087,0.165294736999389,-1.32028608409423
1241,14259,"s020","m0",-0.299882492418672,0.782799900001142,0.124214595182666,-0.372162020038433
1242,14273,"s020","m0",-0.260294378225905,0.819941437467756,0.166819264738897,-0.854779786335995
1243,14275,"s020","m0",-0.293505008509504,0.814373530355429,0.213306728219483,-0.612584634463622
1244,14277,"s020","m0",-0.215197927865581,0.893375560536481,0.255308168861621,-1.99389996843418
1245,14288,"s020","m0",-0.264507260708719,0.81556889516747,0.401163707283752,-0.547781140001005
1246,14290,"s020","m0",-0.218267662193886,0.85623684283075,0.151523628405951,-1.24496595179049
1247,14308,"s020","m0",-0.313536629016122,0.774020320838134,0.180552719632409,-0.231737075935176
1248,14311,"s020","m0",-0.382760802147555,0.751699822037973,-0.0952342662448284,0.213772187411939
1249,14318,"s020","m0",-0.351394567264365,0.656195644451574,-0.291057821853937,-0.423254330183285
1250,14327,"s020","m0",-0.236170503648962,0.78856470184339,0.215433951825677,-1.0887580954138
1251,14337,"s020","m0",-0.305240151115161,0.64525008277076,0.0306041106574212,-0.65434347220428
1252,14347,"s020","m0",-0.25144105914134,0.761579469255346,0.0660455725402818,-0.471124169994138
1253,14366,"s020","m0",-0.311964066615854,0.77859830710683,0.0276217750002466,-0.340163344251214
1254,14367,"s020","m0",-0.18493370227484,0.815665315133847,0.282821443665017,-1.94232737274594
1255,14374,"s020","m0",-0.299690877389896,0.795804806227244,0.175887048476224,-0.403530874908938
1256,14383,"s020","m0",-0.341484892634234,0.697396742155251,0.00868364075262498,-0.61180720340002
1257,14386,"s020","m0",-0.268151598810538,0.8023402426301,0.108984976863855,-0.768741673127226
1258,14399,"s020","m0",-0.228967850556859,0.754417357245216,0.322209934352464,-0.706427997628231
1259,14403,"s020","m0",-0.201512027846069,0.971812615273667,0.181374976893859,-1.7718710034865
1260,14409,"s020","m0",-0.267978449170922,0.809253775262744,0.247400285936057,-0.590861143793521
1261,14436,"s020","m0",-0.268473433611457,0.846783781690785,0.304721674656954,-1.05161488517432
1262,14443,"s020","m0",-0.292314113841251,0.826179590824915,0.234636346800321,-0.713016414571679
1263,14453,"s020","m0",-0.268660404059947,0.779363760531833,0.185648448370554,-1.15846194317366
1264,14462,"s020","m0",-0.27178216243704,0.876099544984562,0.356540034317228,-0.592734047494774
1265,14486,"s020","m0",-0.225148207118506,0.775070121365857,0.286022005318244,-1.07817227801066
1266,14496,"s020","m0",-0.438617461583661,0.67549528996167,-0.153224753869892,0.216206072295624
1267,14497,"s020","m0",-0.139804241654128,0.927228545188736,0.448380910981638,-1.92152884880878
1268,14522,"s020","m0",-0.217553659702847,0.862104788597083,0.164170210494964,-1.01179219761443
1269,14530,"s020","m0",-0.323484198567372,0.73254048191257,-0.0284725614723695,-0.416101044704258
1270,14531,"s020","m0",-0.251987953903523,0.793395169641,0.291791975265156,-0.383406944441395
1271,14545,"s020","m0",-0.25124433616003,0.723904287274346,0.158937382456695,-0.990828186928078
1272,14553,"s020","m0",-0.239348480237984,0.883439288831746,0.23145023246966,-0.600052477325933
1273,14561,"s020","m0",-0.261756293746103,0.741264967764596,0.393268169455483,-0.630020942885622
1274,14565,"s020","m0",-0.228469489175964,0.828707900703904,0.356061484778302,-1.31579564671659
1275,14594,"s020","m0",-0.243895965805589,0.817872380412392,0.244056949717283,-0.912990958773806
1276,14602,"s020","m0",-0.333686212224006,0.788216888317534,0.0434272771102438,-0.22202841823824
1277,14603,"s020","m0",-0.205970834509032,0.877602320914443,0.180690403288597,-0.82029388430428
1278,14610,"s020","m0",-0.440534290745189,0.563507879122751,-0.277037175706147,0.321124457145479
1279,14614,"s020","m0",-0.240701810790919,0.799073593935342,0.0872595090573083,-0.887574493514436
1280,14615,"s020","m0",-0.223945527150423,0.861109891311082,0.119585660613824,-1.10096753623207
1281,14644,"s020","m0",-0.321217641148943,0.75762569935545,-0.128690957486172,-0.673427378457228
1282,14648,"s020","m0",-0.30549327728329,0.657513483137796,0.0102387683496324,-0.706960187408001
1283,14663,"s020","m0",-0.307367912383048,0.812914303020257,0.13759720101582,-0.575765285059602
1284,14670,"s020","m0",-0.285765844583105,0.77087433275585,0.16109039304153,-0.742717069098448
1285,14684,"s020","m0",-0.30852518381541,0.754027984045485,-0.151483355116045,-0.897144530525043
1286,14698,"s020","m0",-0.259428822079444,0.787959718361269,0.0574620259051596,-1.15515681780335
1287,14746,"s020","m0",-0.252943739792033,0.848000715560971,0.284231541684331,-0.845624961632665
1288,14748,"s020","m0",-0.337384240778404,0.781645172624555,0.25784208715481,-0.380008861218369
1289,14749,"s020","m0",-0.312686900972626,0.796949871781777,0.221357868087558,-0.539960008137627
1290,14751,"s020","m0",-0.238523733270362,0.812793554065611,0.0148116678657444,-0.565330341408194
1291,14792,"s020","m0",-0.230216744866602,0.78834535010571,0.123265457853213,-1.54117776946011
1292,14799,"s020","m0",-0.255832214551672,0.872009515561589,0.184514686587915,-0.719674973665521
1293,14804,"s020","m0",-0.335552141887102,0.779127885104307,0.158707230544746,-0.283776412997143
1294,14809,"s020","m0",-0.200606726417232,0.888683389352721,0.129171974120497,-1.22679508921639
1295,14810,"s020","m0",-0.297946940750789,0.7417559495361,0.0408400250392357,-0.329178831101326
1296,14811,"s020","m0",-0.262373778433383,0.82157294380839,0.222194305649933,-1.30982314736653
1297,14846,"s020","m0",-0.204794740343026,0.842181940269096,0.108621983969493,-1.5029379934841
1298,14857,"s020","m0",-0.342518885830553,0.746900231381448,-0.00226670821967619,-0.405961992830752
1299,14908,"s020","m0",-0.186883174784611,0.965285916794647,0.358333694819044,-1.15677610467545
1300,14917,"s020","m0",-0.263737343004963,0.758799089166394,0.225182721684568,-0.937450235396986
1301,14921,"s020","m0",-0.379893245431029,0.675397262922892,-0.0999600435133887,-0.177286237858945
1302,14932,"s020","m0",-0.249387410039033,0.755343005344929,0.243808654191083,-1.20885558481431
1303,14941,"s020","m0",-0.301091404970355,0.73093880336766,0.158506661281313,-1.07836802852931
1304,14947,"s020","m0",-0.287807311194465,0.729170911893099,0.13291999254576,-0.820705829538946
1305,14958,"s020","m0",-0.229139644840655,0.785908733442878,0.289991874123522,-1.31146341896655
1306,14972,"s020","m0",-0.347033782809612,0.641755924211342,0.0131897851528467,-0.506891765731564
1307,14979,"s020","m0",-0.374244865473063,0.687040076617438,0.0745006493276569,-0.119238317083441
1308,14991,"s020","m0",-0.280777809354906,0.798069438159328,0.104137509694773,-1.01138175984079
1309,15001,"s020","m0",-0.171088102966636,0.91352728928877,0.355513219576558,-1.87803406873307
1310,15002,"s020","m0",-0.301552935374556,0.876476578604598,-0.0298670821514959,-0.249704450541101
1311,15011,"s020","m0",-0.297662950853811,0.749221661049488,0.186710881953824,-0.49672299477913
1312,15016,"s020","m0",-0.244789384566518,0.776147819684267,0.0862588724062291,-0.922467696548529
1313,15034,"s020","m0",-0.157692896887602,0.923863300356749,0.287937337303835,-1.5639949092652
1314,15038,"s020","m0",-0.328981021108446,0.780321121684013,0.148738439456024,-0.270771279087848
1315,15039,"s020","m0",-0.330916840548768,0.664348943130519,0.0872998818838082,-0.225837799094716
1316,15050,"s020","m0",-0.288681692025189,0.688867152832978,0.219162170526166,-0.324873261920942
1317,15055,"s020","m0",-0.390195505417877,0.76041948827976,-0.0575385021182104,0.459131538722424
1318,15129,"s020","m0",-0.326951295594805,0.836655846828036,0.141524105749399,-0.11475756814867
1319,15135,"s020","m0",-0.328672279706942,0.690298205697881,0.0383058664390975,-0.470741145961328
1320,15144,"s020","m0",-0.26088609325894,0.760454801283144,0.0658226047923802,-1.06052842558679
1321,15146,"s020","m0",-0.245216831604434,0.803851770257187,0.206654746081381,-1.1401304877644
1322,15174,"s020","m0",-0.216447020755296,0.805648032056437,0.265157928782258,-0.849320061164428
1323,15189,"s020","m0",-0.363651281410231,0.659693890555335,-0.0348350942665052,-0.446839292326273
1324,15192,"s020","m0",-0.356553921890746,0.664808535069317,-0.0153012324136648,-0.252346174831505
1325,15232,"s020","m0",-0.141927275311134,0.975185240433247,0.292307397245296,-1.68885693722039
1326,15243,"s020","m0",-0.266893836907368,0.714462722865345,0.00182251856031092,-1.15700900772035
1327,15269,"s020","m0",-0.322019294017363,0.747231577117554,0.25437366552066,-0.281135136630307
1328,15288,"s020","m0",-0.375169563579556,0.712998953406559,-0.131193832784903,-0.303460380760482
1329,15290,"s020","m0",-0.31976685493918,0.734331526698089,0.219572199894684,-0.679005229549867
1330,15296,"s020","m0",-0.233818427745118,0.825287717491246,0.329677967076517,-1.07912191693544
1331,15307,"s020","m0",-0.192367882424095,0.852234640071743,0.370713579495093,-1.47318770698086
1332,15319,"s020","m0",-0.215635070191875,0.782888547329669,0.0784061914700584,-1.80081685212614
1333,15349,"s020","m0",-0.229768146127901,0.879652819219425,0.363547360592302,-0.778659816463944
1334,15374,"s020","m0",-0.209814003792659,0.840770936354093,0.244678708883672,-1.57288080096884
1335,15415,"s020","m0",-0.302369035511083,0.811843143733219,0.081865859034863,-0.445872349390578
1336,15440,"s020","m0",-0.27536534367878,0.773733114197069,0.329967388175381,-0.846621593957519
1337,15446,"s020","m0",-0.179305691158959,0.841752189164433,0.481304690814037,-1.00922667722564
1338,15474,"s020","m0",-0.299071164868002,0.782340436731393,0.0583539532785877,-0.910587858061799
1339,15477,"s020","m0",-0.312919597070847,0.778993952607303,0.131066011991268,-0.563796771898997
1340,15489,"s020","m0",-0.280809702243974,0.754554103506256,0.188567554007704,-0.4769141815485
1341,15492,"s020","m0",-0.343149796401549,0.68346980287616,-0.145144520279242,0.136993787008483
1342,15496,"s020","m0",-0.271107700636925,0.801817170031886,0.181575437671254,-0.534571146149785
1343,15497,"s020","m0",-0.240160675273946,0.762897680219522,0.223631733282888,-1.18496567406783
1344,15509,"s020","m0",-0.105830567460456,0.926407353922751,0.405831606472738,-1.9374164594416
1345,15512,"s020","m0",-0.281647524152098,0.826155316887883,-0.0739838528442764,-0.665000481706403
1346,15534,"s020","m0",-0.297606190592804,0.801913173760885,0.111665742968449,-0.365884316684626
1347,15551,"s020","m0",-0.294708268285246,0.841311147927942,0.0240758791644553,-0.40397774739298
1348,15559,"s020","m0",-0.261368198343498,0.837173354915145,0.253920357591242,-0.991158437791328
1349,15588,"s020","m0",-0.266072260682442,0.856398305340746,-0.0478796151871911,-0.691636687031142
1350,15597,"s020","m0",-0.28684180307617,0.749992799793614,0.202518551809759,-0.746836860771038
1351,15602,"s020","m0",-0.209907612263369,0.854420835364371,0.327280643504982,-1.32616027315697
1352,15622,"s020","m0",-0.230476558207087,0.885417733955822,0.196828605989381,-1.34354932799476
1353,15642,"s020","m0",-0.153632619957192,0.820401451556465,0.31342657638698,-2.22107726326169
1354,15652,"s020","m0",-0.302527186056912,0.811339172271538,0.159274313432119,-0.624048121040577
1355,15661,"s020","m0",-0.253235127296966,0.819066185387779,0.162461437721517,-1.05473843406374
1356,15676,"s020","m0",-0.415020177363962,0.651274810533375,0.0546128700964161,0.472843258476431
1357,15686,"s020","m0",-0.235367814981562,0.790535331315611,0.220298831308048,-1.1649809622542
1358,15697,"s020","m0",-0.277183691754264,0.818612344385793,0.170939457570201,-0.480037327143741
1359,15713,"s020","m0",-0.276261538666271,0.808170828175627,0.0352920527117854,-0.795938652525123
1360,15724,"s020","m0",-0.255293323053152,0.777767322069923,0.396930925299179,-0.941639628076538
1361,15733,"s020","m0",-0.36629607176621,0.741521504589657,0.200913903344615,-0.407790656095708
1362,15754,"s020","m0",-0.347556726904662,0.682819900307382,-0.138449066235086,0.0676317660937128
1363,15759,"s020","m0",-0.351537571681978,0.694812738530196,0.116910844799042,-0.548453520914519
1364,15760,"s020","m0",-0.231145848316961,0.85835649065726,0.296677656266188,-1.08817076128115
1365,15786,"s020","m0",-0.283847427925333,0.782886935018422,0.206626910727619,-0.755613931923093
1366,15821,"s020","m0",-0.232215878573838,0.812006840627377,0.319379607237774,-1.11083003579755
1367,15842,"s020","m0",-0.277099120367783,0.727674570171825,0.159405014397822,-1.73497529131703
1368,15869,"s020","m0",-0.165055521406625,0.966116752126289,0.251843528355252,-1.20421641754523
1369,15876,"s020","m0",-0.190970144604434,0.899204176754661,0.396320370111744,-1.15153537182901
1370,15907,"s020","m0",-0.295618148636017,0.81342764723367,0.274267946301621,-0.550669407424651
1371,15925,"s020","m0",-0.300940096502116,0.788750051580633,0.134566151236045,-0.38949128144903
1372,15926,"s020","m0",-0.390846272247077,0.735978958203772,-0.0382348138879483,0.168065142624113
1373,15935,"s020","m0",-0.22425315643431,0.843325322076225,0.292901200879956,-0.852199665384059
1374,15937,"s020","m0",-0.314036850194399,0.756879424574906,0.147882937278523,-0.129201653952912
1375,15939,"s020","m0",-0.36837621726165,0.680804481092395,-0.0555285969006204,-0.207300739966722
1376,15942,"s020","m0",-0.290922113286423,0.663975995778212,-0.0386925412890837,-0.877274474291202
1377,15960,"s020","m0",-0.275096663887091,0.838580771303834,0.240206769136638,-0.836693874859894
1378,15961,"s020","m0",-0.267072261411132,0.800147990187073,0.129315782466133,-0.640390057889719
1379,15970,"s020","m0",-0.358794952304316,0.625510271334615,0.17195655182189,-0.249947468883312
1380,15981,"s020","m0",-0.26312630940476,0.726041557701807,0.251336352615831,-0.965936206117439
1381,15989,"s020","m0",-0.300768822699021,0.790606440786814,-0.0685428202090097,-1.16781449096791
1382,16001,"s020","m0",-0.25271029875189,0.841468967219951,0.1042496386188,-0.913167659600319
1383,16007,"s020","m0",-0.145038875034373,0.958974701073015,0.431509184479315,-1.63076799925551
1384,16008,"s020","m0",-0.256692379149686,0.823417014626797,0.10367737767919,-0.979908678621899
1385,16024,"s020","m0",-0.231240781740933,0.800942402647938,0.214215694109454,-1.31435731716908
1386,16046,"s020","m0",-0.25227794894758,0.746816239033941,0.195340318728007,-1.40391947039273
1387,16050,"s020","m0",-0.298256944329148,0.752161491243567,0.169577131893194,-0.429665660617516
1388,16071,"s020","m0",-0.29498262948209,0.814040150389236,0.144199476351271,-0.813293179973891
1389,16094,"s020","m0",-0.37280266524648,0.754681264641946,0.143224332302021,-0.139863240510706
1390,16100,"s020","m0",-0.256240963486308,0.787797766865493,0.0267849137229377,-0.571586386837548
1391,16144,"s020","m0",-0.183360229286081,0.933762152851661,0.150464867073294,-1.56793711553899
1392,16145,"s020","m0",-0.345005639558248,0.760999183219865,0.0201185029846824,-0.109220281927522
1393,16150,"s020","m0",-0.305522854704233,0.696837929884237,0.0612244490079521,-0.52942921023486
1394,16158,"s020","m0",-0.325741901121659,0.815809305458008,-0.289268608220707,-0.599060560441062
1395,16207,"s020","m0",-0.321241322667346,0.749913424560085,0.0259837373809587,-0.364075080747503
1396,16210,"s020","m0",-0.165975330143622,0.982729887843598,0.266964294545275,-2.12337507242498
1397,16213,"s020","m0",-0.302405061732766,0.733322253704418,0.198576714545455,-0.525914921553347
1398,16224,"s020","m0",-0.273512003264526,0.78915201044428,0.178070527494231,-0.206727986783569
1399,16227,"s020","m0",-0.274041239958916,0.844349252273687,0.135055975830432,-0.679095331987223
1400,16234,"s020","m0",-0.206409874577201,0.84837583532244,0.328552893951594,-1.59158540855488
1401,16235,"s020","m0",-0.209110367095455,0.903630923139099,0.190801509932775,-1.5951276479935
1402,16250,"s020","m0",-0.287714820813733,0.831889332444045,-0.0297885937294705,-0.633174061419479
1403,16261,"s020","m0",-0.31370194974052,0.807130536713307,0.163879022025468,-0.678671927809946
1404,16272,"s020","m0",-0.175801504708015,0.897172779976071,0.37868909152102,-1.70953695301404
1405,16276,"s020","m0",-0.227771371589837,0.834198465958299,0.200663241704639,-1.11368542551949
1406,16310,"s020","m0",-0.332919231055046,0.639509886508194,-0.125290661638381,-0.41368734223068
1407,16337,"s020","m0",-0.360742382221279,0.765983522219567,-0.0744355054459287,-0.423844953266669
1408,16349,"s020","m0",-0.352042947864677,0.729709000656634,0.105722844843263,-0.0706078294971952
1409,16357,"s020","m0",-0.353226126216247,0.728470098657243,-0.414487581466424,-0.0876194080547414
1410,16360,"s020","m0",-0.343196728082082,0.690853700683022,-0.15357632567409,-0.725596316771155
1411,16365,"s020","m0",-0.155910223696152,0.846276451021131,0.335949088148709,-1.7777606662774
1412,16371,"s020","m0",-0.308728710177394,0.764588070842164,0.276012966115454,-0.358975910312264
1413,16376,"s020","m0",-0.287341374714844,0.83723373106586,0.173889884816366,-0.432196824895372
1414,16381,"s020","m0",-0.225746394555114,0.890330515190464,0.172273201759685,-0.722190156377653
1415,16388,"s020","m0",-0.211515003150602,0.901852776564652,0.140276532085931,-1.76770434867837
1416,16392,"s020","m0",-0.311326436166253,0.837605569776121,0.11003395497472,-0.0350060177220411
1417,16395,"s020","m0",-0.210297246248624,0.79870051463969,0.151663595873806,-1.45058434320527
1418,16398,"s020","m0",-0.252590067565666,0.824486909167896,0.322461362265383,-0.816085891023488
1419,16399,"s020","m0",-0.336696192429903,0.586568961550903,0.0581798008262051,-0.657064751505086
1420,16407,"s020","m0",-0.246707561279451,0.807167471669165,0.264238272728569,-0.98866294237998
1421,16412,"s020","m0",-0.334666942891719,0.666356735574473,0.125404374975589,-0.343078583945435
1422,16421,"s020","m0",-0.280965100826738,0.820682665825324,0.143247138447142,-0.741635204753876
1423,16422,"s020","m0",-0.362671325807355,0.704119898591487,0.0380313288422156,-0.229038030833352
1424,16428,"s020","m0",-0.345554019244333,0.639203997736539,-0.00509136299025705,-0.0162772991013831
1425,16439,"s020","m0",-0.175602611566151,0.78120863004143,0.385800469619763,-3.68244884524799
1426,16443,"s020","m0",-0.230465426877557,0.731776476305257,0.0113194430248182,-1.70644509719964
1427,16452,"s020","m0",-0.289840534783019,0.77158665665432,-0.0446994488735186,-1.2563149774062
1428,16456,"s020","m0",-0.29964553577932,0.763067691112316,0.100461800441795,-0.840913431223015
1429,16465,"s020","m0",-0.298277949624267,0.862638311385493,0.280145853968009,-0.203198901122489
1430,16482,"s020","m0",-0.282935983231265,0.704068860714754,-0.0377032648711403,-1.01186267893955
1431,16484,"s020","m0",-0.239970975052164,0.880415866834726,0.118443114062581,-1.02505184846483
1432,16500,"s020","m0",-0.20867498122416,0.906423063769056,0.324883089741606,-1.02019792269262
1433,16513,"s020","m0",-0.296050557493445,0.738715144421005,0.115558428564292,-0.746654171442856
1434,16518,"s020","m0",-0.393355259847442,0.663470939807808,-0.232625457834822,0.0451215532621934
1435,16519,"s020","m0",-0.403274406340959,0.769385760890574,-0.469059381707912,0.20938450980153
1436,16539,"s020","m0",-0.299759299569687,0.724367853125738,0.304258354129812,-0.464616087026613
1437,16575,"s020","m0",-0.316619072407795,0.843840256576848,0.0531517859889545,-0.417017750945725
1438,16600,"s020","m0",-0.242796067807024,0.887982951184435,0.251010721446987,-0.844613273910592
1439,16605,"s020","m0",-0.269881326299416,0.784218271426736,0.293728258860446,-0.806478256202122
1440,16613,"s020","m0",-0.359651660086081,0.603766728657722,-0.189171008747571,-0.256023577644218
1441,16645,"s020","m0",-0.2569475500855,0.785817018084975,0.191603345110073,-0.824728765223651
1442,16664,"s020","m0",-0.310805331599076,0.761014578822041,0.244047819893111,-0.613125509624918
1443,16669,"s020","m0",-0.262554347003177,0.842145194481776,0.0396905523869062,-0.726397987789339
1444,16696,"s020","m0",-0.381914289932336,0.653938538107906,-0.138363477492278,-0.491952103430421
1445,16705,"s020","m0",-0.262639192410772,0.799000569704454,0.314991692554812,-0.736764448004099
1446,16711,"s020","m0",-0.293715102811057,0.740886816676342,0.10889137047958,-0.487571559231736
1447,16712,"s020","m0",-0.185854727244826,0.872007408980868,0.0904802393769125,-1.81765988036238
1448,16721,"s020","m0",-0.215679340343777,0.884191256911337,0.23103696304796,-1.4178845953471
1449,16724,"s020","m0",-0.226761720716446,0.866436053394946,0.186657697658548,-1.07042994687032
1450,16745,"s020","m0",-0.197756634374227,0.793018784425946,0.238464538122281,-1.93520124397285
1451,16746,"s020","m0",-0.331133959684891,0.81722182571284,0.0154875220508876,-0.260011131289125
1452,16759,"s020","m0",-0.216430598785676,0.86757332245062,0.174059358373798,-1.45004323887182
1453,16774,"s020","m0",-0.194023402140191,0.853909955568204,0.166679057431757,-1.26959575558723
1454,16790,"s020","m0",-0.365014875189869,0.668583862319601,-0.0644305877466156,-0.29442898089855
1455,16810,"s020","m0",-0.249546223818533,0.819042257491546,0.148706808316743,-0.775084448619305
1456,16827,"s020","m0",-0.275554340277812,0.722436642871455,0.0895010437996345,-0.944080968682506
1457,16831,"s020","m0",-0.178814003145846,0.910519291588825,0.220204374705124,-1.170131547485
1458,16836,"s020","m0",-0.269042981016175,0.789743994563556,0.270018018737442,-0.573535283685484
1459,16841,"s020","m0",-0.268648166316587,0.806147613636716,0.00459398744213502,-1.29461882631587
1460,16845,"s020","m0",-0.249186297423158,0.842454897783685,0.283587008078816,-0.841670624751512
1461,16854,"s020","m0",-0.346419143342346,0.723025017601922,0.0860281708331269,0.140235611347152
1462,16863,"s020","m0",-0.294413180742769,0.790160849252413,-0.0237125677315306,-0.33276934969688
1463,16865,"s020","m0",-0.240172914834252,0.825714091976694,0.325292930033438,-1.36681636475394
1464,16872,"s020","m0",-0.226615044751874,0.874186148382734,0.190161132237628,-1.72075348814039
1465,16880,"s020","m0",-0.261150951675614,0.883636113395293,0.164124174340547,-0.610948590011665
1466,16890,"s020","m0",-0.390499374848782,0.760410658186867,-0.276194411654571,-0.175766666626368
1467,16902,"s020","m0",-0.276178976601421,0.819105389886139,0.223403626197745,-0.75403640721375
1468,16903,"s020","m0",-0.165578503886611,0.878701613931342,0.231573543968163,-1.69652240736573
1469,16915,"s020","m0",-0.15709273866083,0.906005343002999,0.161448331097559,-1.62887282256311
1470,16916,"s020","m0",-0.361839008661573,0.62676888648087,-0.0117732179088649,-0.256581364169154
1471,16921,"s020","m0",-0.218059762060072,0.823196394604617,0.389771176135205,-1.68232210744448
1472,16923,"s020","m0",-0.308852851527046,0.775916308166128,0.200324743408298,-0.338272007652549
1473,16927,"s020","m0",-0.310729048202326,0.764272767324809,0.0263304930791071,-0.673109237632202
1474,16928,"s020","m0",-0.288433233388485,0.744422368000965,0.157572185511244,-0.449385662022325
1475,16934,"s020","m0",-0.317476276870105,0.793360243137727,0.15399109729958,-0.267960117552902
1476,16940,"s020","m0",-0.319485947869433,0.770732422708027,0.184053869849453,-0.379936163859977
1477,16973,"s020","m0",-0.241515265081782,0.747988115168948,0.115016938030292,-0.945756163988152
1478,16979,"s020","m0",-0.24260270923907,0.871138037657999,0.131510794275046,-1.09816560030556
1479,17010,"s020","m0",-0.246352320951461,0.796343290673146,0.103854493897804,-0.918397041601798
1480,17011,"s020","m0",-0.171249510090779,0.933619850196151,0.407501331796449,-1.07504519920418
1481,17014,"s020","m0",-0.302687586614542,0.74019666682204,0.0139867039055939,-0.486661166614344
1482,17030,"s020","m0",-0.101360150466349,0.825712775367076,0.48298716687254,-3.20518655211039
1483,17040,"s020","m0",-0.20331569655468,0.846923348080568,0.155682583444596,-2.18793941575165
1484,17060,"s020","m0",-0.338104548786369,0.676200549835761,-0.0139247887699579,-0.681217379818089
1485,17087,"s020","m0",-0.24177359990921,0.774823293630041,0.181366319666405,-1.66541262188038
1486,17090,"s020","m0",-0.260579376346877,0.756237730463044,0.231220807930404,-1.33586629107329
1487,17098,"s020","m0",-0.154871747480327,0.918755990764887,0.542591698124664,-1.73788904193718
1488,17108,"s020","m0",-0.148983286413819,0.894401632899662,0.283715175705475,-2.25625685446611
1489,17125,"s020","m0",-0.345285272882899,0.789082196614999,0.0097930308538468,-0.525331014077509
1490,17128,"s020","m0",-0.225022130826375,0.870033604129979,0.169720083009519,-0.687160145775493
1491,17131,"s020","m0",-0.141884031279795,0.912086253432499,0.339653115606014,-1.69390786259989
1492,17148,"s020","m0",-0.35338876930366,0.811589748439468,0.189714563662724,-0.379146626389617
1493,17167,"s020","m0",-0.39377847838926,0.716300846668107,-0.0912980411862109,0.168311767961158
1494,17193,"s020","m0",-0.187981572105952,0.88669107655284,0.355633147422286,-1.59823891279083
1495,17195,"s020","m0",-0.278034968349704,0.854020330902509,-0.0950887723037494,-0.559995642045456
1496,17210,"s020","m0",-0.268703224379088,0.831750776250639,0.307144482227299,-0.624529559559196
1497,17211,"s020","m0",-0.227349817323003,0.788534053999162,0.273779250247482,-0.665348905650426
1498,17215,"s020","m0",-0.276416031219856,0.847567124080313,0.335979169710883,-0.50164805708776
1499,17233,"s020","m0",-0.258998819076693,0.8714283021369,0.323284289923841,-0.92669685290194
1500,17256,"s020","m0",-0.228246280153399,0.85442052524865,0.335935755791846,-0.797571567048991
1501,17257,"s020","m0",-0.315134077164054,0.706440038984109,0.324099272683003,-0.542579283312765
1502,17262,"s020","m0",-0.238518297943756,0.844532508091705,0.122204311404313,-1.63818492569958
1503,17274,"s020","m0",-0.386154320437383,0.686975908720639,-0.247566360499729,-0.447825357051623
1504,17275,"s020","m0",-0.304793137675365,0.789313007662865,0.217199800067158,-0.479154332723858
1505,17294,"s020","m0",-0.304891793953047,0.804044405311527,-0.195409830136997,-0.229651470483534
1506,17303,"s020","m0",-0.217699195710224,0.818225732424095,0.157631339397863,-1.48925659741724
1507,17304,"s020","m0",-0.344316531108637,0.798846640453127,0.0335432969770047,-0.388538603671941
1508,17313,"s020","m0",-0.227635662647556,0.868696866948808,-0.0904015541644218,-1.01837625374615
1509,17326,"s020","m0",-0.222717357338546,0.849755278931341,0.246597200581809,-1.64343587096687
1510,17334,"s020","m0",-0.271447758069322,0.772832295931256,-0.0702050002653053,-1.42249519186123
1511,17340,"s020","m0",-0.167116400621163,0.828809184390417,0.325170365445946,-1.33523175805018
1512,17353,"s020","m0",-0.33146819290038,0.874531097805072,0.103151099232708,-0.177138751673001
1513,17374,"s020","m0",-0.305623165191436,0.741865552554975,0.298281818541516,-0.504041354729391
1514,17384,"s020","m0",-0.257167711592045,0.756387351320406,0.269784851577413,-0.914600321992336
1515,17396,"s020","m0",-0.212105099501911,0.850101144518195,0.23918941162112,-1.48186644743981
1516,17398,"s020","m0",-0.231666606330978,0.867244502652522,0.37790525282339,-0.82507225377245
1517,17407,"s020","m0",-0.179563166338388,0.903275336045518,0.400813573800367,-1.07057469131571
1518,17452,"s020","m0",-0.353992706593438,0.759971526383452,0.182949545321353,-0.347707028374322
1519,17473,"s020","m0",-0.304783848786017,0.778535213092801,0.0763150148954461,-0.637714715743652
1520,17493,"s020","m0",-0.293181600432263,0.805626939710191,0.232704288207267,-0.146681451813773
1521,17508,"s020","m0",-0.224549578582862,0.844208848261339,0.259686105730209,-0.95093606367811
1522,17512,"s020","m0",-0.301572466404706,0.700963832999995,0.310469556700603,-0.148072641063898
1523,17514,"s020","m0",-0.293959103189701,0.724737243507306,0.197318115939039,-0.785504032264532
1524,17523,"s020","m0",-0.3571284283254,0.676219015270234,-0.00295456430584086,-0.216025331767337
1525,17532,"s020","m0",-0.394388745789137,0.601177774335653,-0.155815622542455,0.131024302103932
1526,17534,"s020","m0",-0.26614799766121,0.848813036662472,0.164453760529791,-1.18809374944822
1527,17573,"s020","m0",-0.155939670949175,0.943764084416555,0.494710866180794,-1.52794264201505
1528,17614,"s020","m0",-0.308123992638546,0.795712024556032,0.0163686848331147,-0.521377001496764
1529,17636,"s020","m0",-0.330615000223642,0.716520688342839,0.0568584751447287,-0.364592342692241
1530,17639,"s020","m0",-0.15619669719483,0.898320490781679,0.314404896482321,-1.94664296261314
1531,17682,"s020","m0",-0.299707622082971,0.827228656731738,0.103396111790541,-0.340710134621742
1532,17685,"s020","m0",-0.155921963837505,0.863205741681984,0.287658670460149,-2.22656144087146
1533,17704,"s020","m0",-0.320373202992402,0.786665320533373,0.0773646332691187,-0.354647716379856
1534,17707,"s020","m0",-0.219306181725814,0.968728485534613,0.327204374812229,-1.20952577278753
1535,17711,"s020","m0",-0.379666851131076,0.575459644558825,0.155003199125858,-0.140406666479675
1536,17717,"s020","m0",-0.271673467517056,0.773267748555486,0.0596856454272075,-1.06473439774871
1537,17826,"s020","m0",-0.314759485837169,0.75083108126991,0.0746642848409851,-0.664215786115564
1538,17844,"s020","m0",-0.249741677336897,0.832759956077705,0.123759019736533,-0.949533439033982
1539,17859,"s020","m0",-0.212516155231942,0.83594826248845,0.358438732378565,-0.816278446358213
1540,17864,"s020","m0",-0.264773533592192,0.828794939573224,0.228333727595464,-0.890613041905138
1541,17865,"s020","m0",-0.232156820561279,0.852225539167418,0.291661133505341,-1.33253912718008
1542,17885,"s020","m0",-0.315858666681741,0.847900692937787,0.211645911185816,-0.353032579457517
1543,17917,"s020","m0",-0.315748896430046,0.72119777978072,-0.0159585904943932,-0.309277774908344
1544,17948,"s020","m0",-0.234334796936424,0.790215647145153,0.207713999751514,-0.963381473806168
1545,17959,"s020","m0",-0.288946590001706,0.761797244364163,0.182218590242093,-0.442487312889564
1546,17980,"s020","m0",-0.332335355585448,0.66058860050088,0.191600237689358,-0.136941571976779
1547,17981,"s020","m0",-0.275794182387491,0.804998161063708,0.165973726874146,-1.00534905997994
1548,17983,"s020","m0",-0.289251508524989,0.755800140088005,0.166532735506842,-0.610387546633477
1549,17987,"s020","m0",-0.305698508495417,0.745511160454335,0.169591893270911,-0.443346532087877
1550,17988,"s020","m0",-0.206262046477041,0.869489664747284,0.240421573277128,-1.15909162295474
1551,18004,"s020","m0",-0.234908825526616,0.740772812402153,0.152002946741267,-1.10590239574255
1552,18009,"s020","m0",-0.19291439666114,0.890976536262301,0.293110299206096,-0.878740616033941
1553,18012,"s020","m0",-0.302963982788994,0.767332449602115,0.0636237987063184,-0.493077877710942
1554,18020,"s020","m0",-0.404030539209747,0.580972479760507,0.0596014670730576,-0.243683204550566
1555,18032,"s020","m0",-0.317824056380642,0.749317606756529,0.0552135851768232,-0.985636456151206
1556,18045,"s020","m0",-0.315569044509397,0.733584681937333,-0.0935200181269921,-0.995509685602377
1557,18065,"s020","m0",-0.281446364963618,0.783581995890111,0.156048319392184,-0.450008114231861
1558,18086,"s020","m0",-0.357853209545118,0.744306556743607,-0.0539481136007656,-0.196108004049675
1559,18089,"s020","m0",-0.26215822939794,0.805392159825683,0.304751167553274,-0.526472280437046
1560,18094,"s020","m0",-0.330272887884025,0.688515635780534,0.050944528416025,-0.440332549870899
1561,18124,"s020","m0",-0.35547448374703,0.743173184596581,0.122181326348073,-0.275501985362584
1562,18125,"s020","m0",-0.329726701045827,0.6988402587557,-0.00757627410158161,-0.254384647711529
1563,18159,"s020","m0",-0.29498076305128,0.680600825503567,0.00944847963289962,-0.979956933619025
1564,18163,"s020","m0",-0.330683616915915,0.622342992865279,0.00325278060441509,-0.685234432355935
1565,18178,"s020","m0",-0.252020922223719,0.782700880579652,0.194292577807761,-0.253694052700446
1566,18182,"s020","m0",-0.311563946459876,0.703116874196231,-0.045062869843896,-0.420110742209239
1567,18208,"s020","m0",-0.250072360862882,0.84861763089215,0.254373437591423,-0.743754953871844
1568,18227,"s020","m0",-0.284194429678477,0.74981743984215,0.26998139955503,-0.408511732836599
1569,18252,"s020","m0",-0.289589294849121,0.791425802886389,0.323535411122254,-0.305329205374165
1570,18254,"s020","m0",-0.297767614988385,0.813153703415531,-0.181178165126343,-0.761859686833613
1571,18257,"s020","m0",-0.326939199279009,0.72868555575661,-0.0324912421097029,-0.50313633305777
1572,18258,"s020","m0",-0.238830958713329,0.883697427466773,0.258271907681814,-0.676130460086602
1573,18270,"s020","m0",-0.218760629761183,0.879442231270908,0.352309284218063,-0.784511022678793
1574,18293,"s020","m0",-0.269274937303672,0.706973717474644,0.0710382601004488,-1.01268465438479
1575,18339,"s020","m0",-0.226323006798278,0.882426314458898,0.224481962678981,-1.03134855038001
1576,18367,"s020","m0",-0.315243926714368,0.744807158285923,0.215925848040087,-0.382880630987112
1577,18371,"s020","m0",-0.283931972975056,0.803720731193816,0.364287829088988,-0.44173492323352
1578,18375,"s020","m0",-0.212719537631554,0.874442765556241,0.355712085858767,-1.0382772924759
1579,18380,"s020","m0",-0.241631420909461,0.879054677867913,0.234846278838128,-1.30674676577145
1580,18390,"s020","m0",-0.369902173026355,0.610218223663195,0.0208265296705569,-0.216389913799239
1581,18391,"s020","m0",-0.277022795435007,0.823180012044744,0.414775465381174,-0.502712242252647
1582,18402,"s020","m0",-0.396936158725545,0.683520816558017,0.0384861796221894,0.51344532392851
1583,18435,"s020","m0",-0.28076366198777,0.78649731251256,0.224819733708419,-1.13693377519649
1584,18473,"s020","m0",-0.280762025495546,0.812011855770294,0.138050956082721,-1.25118760844459
1585,18487,"s020","m0",-0.299732230939421,0.766933882379436,0.244899838706133,-0.268480149488828
1586,18514,"s020","m0",-0.211269188650145,0.864905421627371,0.188289031040527,-1.45346225477415
1587,18515,"s020","m0",-0.32436714106944,0.835494700178961,0.105563743282149,-0.332801924672923
1588,18517,"s020","m0",-0.25992516343319,0.769150117558126,0.17844415102497,-1.33864685918106
1589,18521,"s020","m0",-0.276181568065483,0.748234193202774,0.260478246233068,-0.712117059046891
1590,18529,"s020","m0",-0.263122518216065,0.805391208797105,0.113837930070105,-0.862360991961658
1591,18543,"s020","m0",-0.330147316463043,0.800437374834424,0.148337869790361,-0.202092430866828
1592,18574,"s020","m0",-0.306927491046049,0.84338447766826,0.122026176320965,-0.279836196241032
1593,18591,"s020","m0",-0.223296461598652,0.884079181996074,0.159299776107113,-1.22556006390057
1594,18611,"s020","m0",-0.235682683717564,0.843549097862649,0.199425572626933,-0.669974461302894
1595,18633,"s020","m0",-0.363495557262168,0.653029964767838,0.0183558477951997,-0.459873668053048
1596,18634,"s020","m0",-0.269965668098418,0.832508356046086,0.248308855933931,-0.566331509784552
1597,18646,"s020","m0",-0.245431163206179,0.761762734124907,0.282049317010037,-1.05581630286441
1598,18656,"s020","m0",-0.299244990106201,0.796051161592783,0.0281531746740417,-0.443396033241986
1599,18666,"s020","m0",-0.170282879196048,0.906857249228969,0.291371057079196,-1.54600759113705
1600,18672,"s020","m0",-0.281600095692594,0.778174798970131,0.138635785743058,-0.957923653718464
1601,18673,"s020","m0",-0.25654831892817,0.761686878712356,0.164775317704192,-1.26510286324073
1602,18674,"s020","m0",-0.284909905494868,0.797881559988062,0.251645547218835,-0.611384762779119
1603,18678,"s020","m0",-0.216038869226265,0.855645757468938,0.135328549047921,-1.44412271983633
1604,18686,"s020","m0",-0.20111762135687,0.757499299326998,0.225536515137202,-1.08831321925388
1605,18697,"s020","m0",-0.260718721932387,0.786705238396196,0.238137129567768,-1.15882245876763
1606,18703,"s020","m0",-0.360239018082729,0.747981970688666,0.136739913263346,0.151731968713178
1607,18712,"s020","m0",-0.252400512533723,0.761010236859829,0.181166359094583,-1.43629574303055
1608,18724,"s020","m0",-0.240737456318405,0.897104094012296,0.206141082976662,-0.863709320906932
1609,18727,"s020","m0",-0.157285297933066,0.896122753815518,0.326508074932908,-2.0282895045195
1610,18732,"s020","m0",-0.147554658486226,1.03903137408291,0.0783317454771344,-1.61466519060434
1611,18737,"s020","m0",-0.295642440129414,0.780042727014591,0.233672269214463,-0.414428693043265
1612,18745,"s020","m0",-0.217374834134998,0.829498349875894,0.0363809301565524,-1.70615923469976
1613,18762,"s020","m0",-0.234638799600149,0.755425419899541,0.33862969919287,-1.47524401187629
1614,18780,"s020","m0",-0.29147845158781,0.785749949465085,0.0773287270976428,-0.665524690290082
1615,18781,"s020","m0",-0.228150469158929,0.761732841335837,0.248607899369033,-1.19464285686269
1616,18785,"s020","m0",-0.247906822033943,0.740651988773421,0.187899282327465,-1.00732238594193
1617,18831,"s020","m0",-0.266273969257656,0.853357925918895,0.363412130529431,-0.938570451039686
1618,18832,"s020","m0",-0.272977151196415,0.674476430616227,0.286787389540029,-1.50582797897089
1619,18834,"s020","m0",-0.260865273520861,0.892062197091841,0.263911686202737,-0.807764948116915
1620,18835,"s020","m0",-0.236255977670556,0.835022986049612,-0.108759355890605,-0.807436941639809
1621,18836,"s020","m0",-0.291961401435069,0.785383296680438,0.263236191558218,-0.824061718379153
1622,18846,"s020","m0",-0.253228897301879,0.713842074606491,0.0247957864542169,-1.48647340057725
1623,18848,"s020","m0",-0.260988214385179,0.844525832086953,0.194510043298328,-0.715533801944065
1624,18851,"s020","m0",-0.379578044708196,0.803402134029408,-0.094576983552538,-0.0620723342628498
1625,18853,"s020","m0",-0.28168322600614,0.821209828218633,-0.0364841558886863,-0.920621117649283
1626,18857,"s020","m0",-0.253012725031901,0.750193736346295,0.134848943045204,-0.84001707695743
1627,18859,"s020","m0",-0.210731081284323,0.866191371076128,0.217226217693746,-1.43228906285311
1628,18868,"s020","m0",-0.244713210583928,0.795134663154836,0.18784093647525,-0.812413014580029
1629,18873,"s020","m0",-0.274994496448322,0.792021906700826,0.346891417365431,-1.06398800799037
1630,18876,"s020","m0",-0.204020797311862,0.818065216386077,0.111149839419813,-0.492418904928404
1631,18887,"s020","m0",-0.351176794041894,0.685315795972002,0.0441437078659898,-0.382338181522515
1632,18892,"s020","m0",-0.263912499448007,0.727486839248603,0.277921103201106,-0.756132378681573
1633,18920,"s020","m0",-0.279036063155232,0.75613801089426,0.243586706243349,-0.431952202347767
1634,18922,"s020","m0",-0.328958520696682,0.817053995369119,0.0395468697062224,-0.45510052042554
1635,18952,"s020","m0",-0.30764850376444,0.759583345131955,0.0655433819857347,-0.646613357664638
1636,18975,"s020","m0",-0.300181934942124,0.710519339552218,0.0829779808897115,-0.743819403586941
1637,18991,"s020","m0",-0.147744533038258,0.914749578861383,0.357124038968865,-1.78251285860029
1638,18994,"s020","m0",-0.386451949580277,0.647583689906784,0.0490574808029051,-0.0160527841741386
1639,19009,"s020","m0",-0.328198512801039,0.655870735197953,0.128712265630205,-0.570149627074706
1640,19017,"s020","m0",-0.369496294038752,0.641111757563412,-0.016023595773019,-0.254820945844498
1641,19024,"s020","m0",-0.296448330886308,0.782057570697155,0.167284059954875,-0.442077749925611
1642,19057,"s020","m0",-0.269823815472202,0.879412496647485,0.277242361848578,-0.910530586492776
1643,19064,"s020","m0",-0.232249964677217,0.86393671285918,0.271550461061501,-1.40959071096827
1644,19097,"s020","m0",-0.323295721684041,0.729886962001131,0.114460042453132,-0.391331394726999
1645,19138,"s020","m0",-0.172702249034767,0.952083881228237,0.351346998443503,-1.62195549131679
1646,19152,"s020","m0",-0.368742839856557,0.644520826681319,-0.0730087359565173,-0.48112758089235
1647,19168,"s020","m0",-0.232070831281636,0.868876860574214,0.218862548448489,-0.819591728705152
1648,19171,"s020","m0",-0.304233792625147,0.739410008898397,0.225516317182923,-0.513299130191521
1649,19196,"s020","m0",-0.264535015899775,0.78777337079958,0.27361653831679,-0.902255456957956
1650,19214,"s020","m0",-0.243670538254468,0.792508882950994,0.163611592665396,-1.82054643475343
1651,19231,"s020","m0",-0.314761699949444,0.805180267056619,0.0911949596971301,-0.522951248980535
1652,19246,"s020","m0",-0.282473972965341,0.813990579011303,0.0653386702333034,-0.854956036389687
1653,19249,"s020","m0",-0.302430216693163,0.791205905126247,-0.144103533136082,-0.562079714011088
1654,19276,"s020","m0",-0.329780151464613,0.71830551822425,0.0693689913640467,-0.209199280245099
1655,19278,"s020","m0",-0.333376117746534,0.786693883961006,0.126810525184793,-0.454626956743696
1656,19297,"s020","m0",-0.247199398885733,0.789946774397937,0.193178215419238,-1.48804053014921
1657,19300,"s020","m0",-0.227517652965554,0.877405487652496,0.252782403384909,-0.560694748385924
1658,19304,"s020","m0",-0.151536865199292,0.886898038450141,0.275595439079119,-1.6376402431709
1659,19350,"s020","m0",-0.268255075735813,0.790550246580725,0.133487909950372,-0.963797422614556
1660,19355,"s020","m0",-0.262510936421512,0.876196160863921,0.13799679157954,-0.530993436015435
1661,19368,"s020","m0",-0.270759991170301,0.693644144138859,0.328296771498079,-0.946415860010022
1662,19376,"s020","m0",-0.237341372501028,0.876193260402922,0.290736100923493,-1.31595459032004
1663,19381,"s020","m0",-0.22825087206149,0.849435732189683,0.123293449413549,-1.57305736631178
1664,19398,"s020","m0",-0.261478697780483,0.766553686570886,0.161284846969425,-0.539995819899081
1665,19406,"s020","m0",-0.171746361809986,0.829041111562208,0.326086792584811,-1.60500719448352
1666,19420,"s020","m0",-0.292967368647504,0.735692706215819,0.224008253066089,-0.612739024763103
1667,19434,"s020","m0",-0.388571379271156,0.740283009073424,-0.0988997570265919,0.174001093330361
1668,19441,"s020","m0",-0.301234650076764,0.789884011289063,0.00591436511820117,-0.345209464488277
1669,19442,"s020","m0",-0.236066546932057,0.875241546258321,0.230075359591257,-0.844351847324019
1670,19470,"s020","m0",-0.358201976116533,0.799964143765945,0.140227038143478,0.0536563104212682
1671,19475,"s020","m0",-0.320361131172313,0.746155964498116,0.097515685062674,-0.639821393609943
1672,19489,"s020","m0",-0.26604171829088,0.737425777060337,0.250218729871637,-0.898432130142857
1673,19530,"s020","m0",-0.235066463282658,0.752465247093616,0.216921418458712,-1.04826688016356
1674,19562,"s020","m0",-0.35231163028755,0.66686033574792,0.117076361929238,-0.294778121387211
1675,19575,"s020","m0",-0.25105453319755,0.806048276921903,0.165054377477502,-1.17172695678542
1676,19578,"s020","m0",-0.295941315313199,0.751858126373151,0.151465174871996,-0.78342254504042
1677,19583,"s020","m0",-0.267981578090859,0.826595940677553,0.223431262027313,-0.611034438889054
1678,19584,"s020","m0",-0.224290184915581,0.821942435496145,0.268075377661356,-1.11933168784492
1679,19593,"s020","m0",-0.256541808345944,0.795469052432916,0.197866600112192,-0.745105250353392
1680,19594,"s020","m0",-0.257525571617145,0.773939800807573,0.2728751434277,-1.21302125025609
1681,19638,"s020","m0",-0.199806424461578,0.88571929864065,0.212463695864068,-0.854925069163772
1682,19650,"s020","m0",-0.259475863316927,0.786760331643837,0.221660389870715,-0.98903189620932
1683,19653,"s020","m0",-0.272155653317061,0.716369602255921,0.0149790275240621,-1.17545462951607
1684,19678,"s020","m0",-0.38563051987405,0.549444148640472,-0.141120505094062,-0.0804500654992748
1685,19687,"s020","m0",-0.319004688795183,0.828782678221128,0.12839617527055,-0.0921012369640655
1686,19688,"s020","m0",-0.215706415358475,0.845176848025805,0.315676510005316,-1.75448263282333
1687,19712,"s020","m0",-0.209050798029157,0.796993777522959,0.255944828004649,-1.3466279060259
1688,19724,"s020","m0",-0.26054260930756,0.793197785914354,0.062746260674103,-1.34164042017824
1689,19729,"s020","m0",-0.374738326612209,0.757679661164746,0.00780090054875814,0.049414874765307
1690,19746,"s020","m0",-0.265953056883392,0.826692623950952,0.277892184138938,-0.455577783286596
1691,19750,"s020","m0",-0.183748243210132,0.931706629502387,0.300404323983626,-1.40200109396394
1692,19761,"s020","m0",-0.381281256501606,0.665151099244898,-0.183067526535535,-0.334430711261453
1693,19764,"s020","m0",-0.229819675501343,0.791431300296295,0.281086926068151,-0.803680861942341
1694,19790,"s020","m0",-0.246985181119702,0.950210418963632,0.341991609797983,-0.626843373012653
1695,19791,"s020","m0",-0.372317698065358,0.691899624265996,-0.084461283604493,-0.124659898065627
1696,19811,"s020","m0",-0.302307667893072,0.710684588945498,0.0130276896974002,-0.722368461745544
1697,19823,"s020","m0",-0.252143579751732,0.858183252163833,0.00209659426032294,-0.975854741845882
1698,19835,"s020","m0",-0.243052302581645,0.856164284097899,0.257805790966594,-1.0432487045175
1699,19836,"s020","m0",-0.268837455269264,0.713796804737523,0.216804159497022,-1.00715542059664
1700,19864,"s020","m0",-0.334840062731889,0.780349209668577,0.0528378436850754,0.00260743426129047
1701,19866,"s020","m0",-0.311831346374602,0.75183089755948,0.119758130241236,-0.296255161346395
1702,19874,"s020","m0",-0.284807727763357,0.815943597508404,0.200134829523846,-0.743695891513548
1703,19884,"s020","m0",-0.370050996984234,0.666386065673901,-0.0269853678384376,-0.382834947310351
1704,19917,"s020","m0",-0.29606928099454,0.888161658939246,0.109634859447945,-0.42428105937338
1705,19922,"s020","m0",-0.30753678939516,0.791579945009839,0.223762515106213,-0.530116670893709
1706,19950,"s020","m0",-0.270102103538596,0.811532694048394,0.0446936084367486,-0.55668464651746
1707,19952,"s020","m0",-0.161726075428225,0.968805899789458,0.133113379387234,-1.81558976801741
1708,19966,"s020","m0",-0.159738682809266,0.907775063139245,0.363935261408462,-2.13574075098807
1709,19978,"s020","m0",-0.245658619296814,0.782611173049126,0.217802504492433,-1.05649979408914
1710,19991,"s020","m0",-0.246835755254391,0.790516109630901,0.165802689781549,-1.0955337187228
1711,19992,"s020","m0",-0.20777207943452,0.887476372732184,0.192702238773358,-1.03736834004141
1712,19998,"s020","m0",-0.274020920424327,0.824254352198079,0.0762222779187105,-0.2013472266564
1713,20030,"s020","m0",-0.186712379513826,0.881565476750884,0.443011102115291,-1.24212816160198
1714,20085,"s020","m0",-0.253052366674138,0.785093593261515,0.279449336861438,-0.843553475546348
1715,20087,"s020","m0",-0.217315769960778,0.836982918280345,0.203760546879419,-2.07773388177509
1716,20091,"s020","m0",-0.321437692517767,0.737437810965878,-0.0989622937795048,-0.23878717481191
1717,20092,"s020","m0",-0.290809388428644,0.817187269487115,0.149002835936829,-0.969068128735771
1718,20103,"s020","m0",-0.265440247904181,0.815709532248196,-0.0466159405699611,-1.20216647700769
1719,20104,"s020","m0",-0.382379712747859,0.678651710718032,0.0634137756058845,-0.211130288939846
1720,20110,"s020","m0",-0.235913558644663,0.875025556926587,0.23854077540906,-1.19428456230691
1721,20115,"s020","m0",-0.261491573267941,0.594869075454339,0.230391725777205,-1.29183523404861
1722,20124,"s020","m0",-0.239274064568983,0.823828446115386,0.304544645954319,-0.851827435488272
1723,20131,"s020","m0",-0.373302830893611,0.559421026347838,-0.0313405413620511,-0.0918471954159585
1724,20132,"s020","m0",-0.199906406143908,0.872137290500789,0.314662036580102,-1.12766588360407
1725,20133,"s020","m0",-0.26501300982945,0.755350268793144,-0.0579032256073896,-0.58731805219836
1726,20134,"s020","m0",-0.218174904063768,0.847737231661244,0.201636288620572,-0.799264078807387
1727,20144,"s020","m0",-0.2649572124193,0.752586096311352,0.209743805327173,-1.11860875656343
1728,20152,"s020","m0",-0.287466615789246,0.801887830508294,0.0317885806906432,-0.722438719927282
1729,20159,"s020","m0",-0.203559783039804,0.89086392269424,0.314424926552153,-1.35425085877506
1730,20170,"s020","m0",-0.257494953294551,0.66530718002952,0.296759462567473,-1.14202722715218
1731,20171,"s020","m0",-0.30467953008473,0.702700911756444,0.110578995640957,-0.824241430252717
1732,20175,"s020","m0",-0.253352543763769,0.749745408368048,0.14109525238916,-1.14939430514145
1733,20181,"s020","m0",-0.36700702015997,0.766684387050595,-0.0786309484602847,0.131458382540651
1734,20186,"s020","m0",-0.252019244709474,0.798360969722201,0.107111896729991,-1.1413989219613
1735,20204,"s020","m0",-0.252313411130349,0.767109642301782,0.171748198815742,-0.798597871321533
1736,20211,"s020","m0",-0.365051673697068,0.670483495347397,0.0884785291569626,0.0362231291059855
1737,20217,"s020","m0",-0.282797962835404,0.855461236392969,0.135968502804913,-0.501389595409252
1738,20228,"s020","m0",-0.336744880341662,0.707128482468939,-0.00854009190015178,-0.472066061480562
1739,20231,"s020","m0",-0.251914418115838,0.807895768352127,0.0415498815740429,-0.904134124762647
1740,20247,"s020","m0",-0.381246460082561,0.737011823081219,-0.470124623811884,-0.124864532488513
1741,20256,"s020","m0",-0.363626649032851,0.642585009275821,-0.0555846537455384,-0.616946880220428
1742,20257,"s020","m0",-0.313979115017241,0.827524312339231,0.0750399319183613,-0.375964663271772
1743,20277,"s020","m0",-0.172125142099909,0.76986034957343,0.189962529733594,-2.65784347412485
1744,20288,"s020","m0",-0.30320107152418,0.775573882014766,0.194903803634509,-0.207604762708895
1745,20290,"s020","m0",-0.243082313208716,0.850828072317074,0.159078638567617,-1.20807269239246
1746,20307,"s020","m0",-0.231742116448955,0.847078913481785,0.346935249614851,-0.59011611913121
1747,20309,"s020","m0",-0.244557958601901,0.823485461985666,0.156125533971219,-0.817347597591506
1748,20320,"s020","m0",-0.204208598094166,0.778713598884951,0.16224675538172,-1.76997216754289
1749,20345,"s020","m0",-0.325804757234792,0.868580833366881,0.271745862580153,-0.0830674973401406
1750,20351,"s020","m0",-0.307091241906367,0.746529626382113,0.241159028372256,-0.247579004396315
1751,20378,"s020","m0",-0.225640781441712,0.895506875319353,0.31490086829631,-0.771673142682813
1752,20380,"s020","m0",-0.233127172258448,0.873544814462227,0.0652087689502324,-1.69426720181354
1753,20414,"s020","m0",-0.194895254545872,0.948961628201147,0.36434460761298,-1.24144730309324
1754,20452,"s020","m0",-0.218522031441358,0.821769597298584,0.344537509035493,-1.0912676042712
1755,20485,"s020","m0",-0.314243174164771,0.818831748243521,0.406288985814756,-0.0660054613652372
1756,20489,"s020","m0",-0.280021324532505,0.735112283191706,0.129480844262924,-0.478682160920724
1757,20491,"s020","m0",-0.155515616396806,0.878938938024249,0.4023800979429,-1.7855494382282
1758,20505,"s020","m0",-0.208848213340458,0.781312441240537,0.219916214275132,-1.4139180663862
1759,20507,"s020","m0",-0.29788362516757,0.809589559418069,0.0126615832698494,-0.660133581702936
1760,20533,"s020","m0",-0.325833961384909,0.688165417207058,0.0704039588460715,-0.891751245768282
1761,20548,"s020","m0",-0.437678977110387,0.765271658364071,-0.284429982802829,0.392436156036558
1762,20592,"s020","m0",-0.224579319394441,0.911550115211792,0.210802157227302,-0.708187889789702
1763,20617,"s020","m0",-0.265384220917005,0.806379438915025,0.110645593299488,-0.783626673891535
1764,20638,"s020","m0",-0.263814607647988,0.788059945159462,0.0736897752434703,-0.731951825671729
1765,20640,"s020","m0",-0.371688752120645,0.678715228551494,-0.132385595477144,-0.373912210194711
1766,20641,"s020","m0",-0.371478161724173,0.662457058188908,-0.0237337447148642,-0.331653627770953
1767,20650,"s020","m0",-0.337329303196667,0.685277491354975,0.130204653688718,-0.3341371163741
1768,20672,"s020","m0",-0.326874750541119,0.69857403610994,0.163770391409988,-0.486857810398206
1769,20678,"s020","m0",-0.312203211128545,0.736703593273305,0.0809691735516878,-0.534440655981473
1770,20687,"s020","m0",-0.210858209919583,0.700832635057979,0.200054018758807,-1.54009400006392
1771,20690,"s020","m0",-0.347135002270589,0.774141134129371,0.0349923251975525,-0.345764297827772
1772,20711,"s020","m0",-0.258839632069984,0.864360190730459,0.252132356533527,-0.659237457202585
1773,20735,"s020","m0",-0.271423670649362,0.772496643662309,0.126617999884058,-0.835006010858072
1774,20742,"s020","m0",-0.255961725637487,0.869061622456855,0.197779221813369,-0.958119107752283
1775,20754,"s020","m0",-0.268772931110742,0.852890681865464,0.00268272998842269,-0.519984208201355
1776,20782,"s020","m0",-0.365425685512857,0.766570629147972,0.123062116863972,-0.228681479126725
1777,20822,"s020","m0",-0.339015281673203,0.76658745083899,0.291483726279781,-0.112944753418807
1778,20836,"s020","m0",-0.297456538232054,0.820661344687796,-0.0614460685000456,-0.353555401956713
1779,20865,"s020","m0",-0.23731736733675,0.812666761444496,0.268644782725433,-0.629042096110374
1780,20886,"s020","m0",-0.320113870832557,0.723513974708482,-0.0292742817869206,-0.197399880513954
1781,20889,"s020","m0",-0.313593524220439,0.817582353358997,0.139114329617544,-0.62186149451087
1782,20891,"s020","m0",-0.351705333793017,0.681406168150645,-0.102785210312454,-0.657182197418942
1783,20913,"s020","m0",-0.230402050991394,0.817909908515236,0.162885978022216,-1.23225730124851
1784,20959,"s020","m0",-0.398228722297014,0.690386465968252,-0.123973760731898,0.215808650268452
1785,20979,"s020","m0",-0.282163719341791,0.815047306333734,0.259361733264593,-0.758917330122162
1786,21009,"s020","m0",-0.259628730342465,0.903901980356147,0.363974719048922,-0.439506012944281
1787,21012,"s020","m0",-0.313441977176365,0.783783420901008,0.0846263661109662,-0.765905189523254
1788,21028,"s020","m0",-0.185162090135522,0.86649236407922,0.329862679486782,-0.927060853138802
1789,21039,"s020","m0",-0.299920727653198,0.677787525108903,0.059044598856178,-0.58821972298516
1790,21065,"s020","m0",-0.292226995490464,0.764771469112898,0.10502929169951,-0.861252254996864
1791,21074,"s020","m0",-0.168648600004081,0.88406073265758,0.342971979321052,-1.76214188388871
1792,21077,"s020","m0",-0.318769697582611,0.682363450213379,-0.0293019105029141,-0.823577842837679
1793,21100,"s020","m0",-0.250831070104057,0.8767264251254,0.321664249859023,-0.916308656134148
1794,21114,"s020","m0",-0.250730635311271,0.750762804710629,0.158483455260432,-1.34551133317792
1795,21116,"s020","m0",-0.321882923561618,0.724847009937338,0.196557177231561,-0.477003662991369
1796,21120,"s020","m0",-0.249816072510772,0.745577173965469,0.089820148941723,-0.84240195269279
1797,21159,"s020","m0",-0.237033696086173,0.827430600535225,-0.00508012551985627,-0.895462107876717
1798,21162,"s020","m0",-0.305727861258904,0.802719875139153,0.263564102077958,-0.46664804076202
1799,21182,"s020","m0",-0.276784118597018,0.813990748976275,0.156706411235481,-0.69369691449572
1800,21184,"s020","m0",-0.337059972648724,0.859331399965421,0.0689330602498387,-0.109907564125325
1801,21226,"s020","m0",-0.282304267812386,0.758502943296781,0.135922145245874,-0.920051959311014
1802,21236,"s020","m0",-0.166641017383441,0.915323306274649,0.332288830283953,-1.85751875379822
1803,21238,"s020","m0",-0.256671279762529,0.780408616176337,-0.109092873031116,-0.852316554414634
1804,21251,"s020","m0",-0.324202455765558,0.766543480244177,-0.108173031764602,-0.321923410153078
1805,21296,"s020","m0",-0.243694956320857,0.753801949280166,0.31953643912903,-1.17764841945026
1806,21302,"s020","m0",-0.317389187812636,0.689867163181532,0.129328681550321,-0.921774024351851
1807,21311,"s020","m0",-0.250115165685119,0.777191866436797,0.0257458812400446,-0.934269426713285
1808,21328,"s020","m0",-0.18320219311959,0.88312527248298,0.228334108211146,-1.38271553439733
1809,21333,"s020","m0",-0.176226445872114,0.897212398718312,0.390148483938545,-1.61263697623135
1810,21350,"s020","m0",-0.342709712002932,0.790660995482017,-0.0171031246194863,-0.161766355530324
1811,21362,"s020","m0",-0.250374490425671,0.844584219892271,0.137663703545031,-1.08169531847225
1812,21374,"s020","m0",-0.254870257969212,0.82017052796501,0.170343393956784,-0.874999051745232
1813,21383,"s020","m0",-0.267336933669602,0.708159914839464,0.227001829384386,-0.88649451755171
1814,21387,"s020","m0",-0.374959448468144,0.658876932392678,-0.160269757796911,-0.216454195174524
1815,21398,"s020","m0",-0.213973649027755,0.870998208034915,0.262480370433693,-1.71662266318314
1816,21401,"s020","m0",-0.268052486490601,0.826669020469854,0.247537414389751,-0.838816037672633
1817,21416,"s020","m0",-0.25516352856387,0.881440044195622,0.283102401002553,-0.7175096328844
1818,21419,"s020","m0",-0.217402841021073,0.797513388386121,0.0714808128971531,-1.46822518839532
1819,21498,"s020","m0",-0.278387289842195,0.717964821020288,0.1903744716305,-0.789640813391416
1820,21505,"s020","m0",-0.211287523567547,0.821753875820656,0.187655186139497,-1.34207322258375
1821,21514,"s020","m0",-0.276607751638169,0.779473766378517,0.121795191997623,-0.679097734425121
1822,21540,"s020","m0",-0.304813935817854,0.7106468400419,0.105601278065626,-0.718165178485408
1823,21547,"s020","m0",-0.305874341099458,0.767280159294957,-0.236955272181812,-0.823678906844155
1824,21552,"s020","m0",-0.303380590877098,0.821897870976333,0.0356664314178094,-0.482718391850896
1825,21561,"s020","m0",-0.321004566632756,0.736801361781801,-0.046631082860657,-0.468100959575709
1826,21577,"s020","m0",-0.312001975349332,0.806729723191851,0.0755354147421696,-1.00907428199982
1827,21588,"s020","m0",-0.354673899873879,0.645293842644696,0.0442141742301878,-1.10218949268709
1828,21605,"s020","m0",-0.259412564823452,0.824248172650294,0.182560112491334,-0.884110593463563
1829,21608,"s020","m0",-0.289480761157833,0.728551109656031,0.0294666299400579,-0.534637160602802
1830,21610,"s020","m0",-0.198317853330641,0.850736280432319,0.271481050988512,-2.08149982642114
1831,21639,"s020","m0",-0.31854011669535,0.72581242951955,0.166966967101021,-0.798277233171579
1832,21662,"s020","m0",-0.210286558538404,0.798426003342605,0.26990442996884,-1.33733562158971
1833,21674,"s020","m0",-0.179790304545839,0.880837749788917,0.389302185129867,-1.48001346559801
1834,21681,"s020","m0",-0.333081079959581,0.752013864109026,0.0974216031396501,-0.150598512904939
1835,21682,"s020","m0",-0.329229551147314,0.756574360641707,-0.134318570876761,-0.298787819505405
1836,21688,"s020","m0",-0.3517014104552,0.726036465711553,0.0344515715374607,-0.279807979353024
1837,21698,"s020","m0",-0.222110632143953,0.910240424071033,0.246829185299336,-0.977113123201261
1838,21701,"s020","m0",-0.252482855838734,0.796418544857016,0.0671916520478485,-0.967110181165741
1839,21722,"s020","m0",-0.216242534439489,0.870223256919478,0.361041677096198,-1.39347295137427
1840,21727,"s020","m0",-0.358475449829666,0.674881397376732,-0.13945596585305,-0.276055330633818
1841,21761,"s020","m0",-0.389407550948815,0.630336972038349,-0.279640513354983,-0.176309525953816
1842,21768,"s020","m0",-0.288618059046651,0.808250772492944,0.229067769528082,-0.0498948342517302
1843,21776,"s020","m0",-0.352629974593827,0.659283029639658,0.0644993058665256,-0.289111299930388
1844,21778,"s020","m0",-0.256889643392864,0.794778618353619,0.193651837197837,-0.756887566520879
1845,21803,"s020","m0",-0.272115879274957,0.743496826763572,0.24091257089386,-0.782689232587867
1846,21804,"s020","m0",-0.334783592546632,0.794733634093138,0.134634348976511,-0.385537796578907
1847,21809,"s020","m0",-0.343727070322528,0.702262351330075,0.0869246667972921,-0.482655292518021
1848,21810,"s020","m0",-0.219311749522506,0.728767464797994,0.262095740278716,-1.05231430031818
1849,21830,"s020","m0",-0.279691732240721,0.825752209040627,0.223784249190453,-0.654650495591234
1850,21831,"s020","m0",-0.267221896325742,0.875080837017457,0.180507167991275,-0.654410695898322
1851,21836,"s020","m0",-0.20296719742936,0.883784766747694,0.240193144366889,-1.61993277693438
1852,21840,"s020","m0",-0.20752781898844,0.861467141214149,0.269600440475921,-1.40516836454119
1853,21847,"s020","m0",-0.318484982098357,0.785887343272857,0.0654284143238367,-0.592708450754211
1854,21868,"s020","m0",-0.378268807376595,0.77668483511663,-0.0488339344541154,-0.0928013990295548
1855,21879,"s020","m0",-0.27646399146807,0.782339660610432,0.13552067771699,-0.882906963240664
1856,21898,"s020","m0",-0.326812964530025,0.750690459189293,0.141710077960846,-0.97182464079783
1857,21910,"s020","m0",-0.208191227729386,0.932261300497353,0.368231943412148,-1.49426369502169
1858,21930,"s020","m0",-0.294215443068172,0.724680214188224,-0.267976139572584,-0.644141278274465
1859,21937,"s020","m0",-0.229156877945664,0.849629454483747,0.280721383469746,-1.27357019873179
1860,21975,"s020","m0",-0.209822684166076,0.906304284485455,0.39013929576859,-0.900600430803209
1861,21980,"s020","m0",-0.309631356898194,0.687296523192953,0.240991913329982,-0.510938342290721
1862,21999,"s020","m0",-0.31365143905783,0.797734374288998,0.0327056836854099,-0.748869997128369
1863,22027,"s020","m0",-0.318144248388905,0.735058530427617,0.184487605565336,-0.806793724565865
1864,22035,"s020","m0",-0.312163680070355,0.654078153095191,-0.111866441072213,-0.58595425507732
1865,22041,"s020","m0",-0.266266519417659,0.694812004276268,0.19373463127845,-0.885805127600054
1866,22061,"s020","m0",-0.336136217142359,0.848020896110911,0.10034041643008,-0.14643680399775
1867,22077,"s020","m0",-0.30077995767137,0.76590374688771,0.21431659670585,-0.324580098255969
1868,22086,"s020","m0",-0.211233356928427,0.804173513253014,0.465531177425977,-1.83027367811205
1869,22094,"s020","m0",-0.252793225166732,0.761005303743028,0.317505161901834,-0.646478014502789
1870,22109,"s020","m0",-0.287529291245964,0.74469955016601,0.113946456657734,-0.944287827752145
1871,22110,"s020","m0",-0.372202835191346,0.718927657663312,0.211483269895576,-0.0543911054434743
1872,22120,"s020","m0",-0.234844714368701,0.845711413337638,0.147987004768472,-0.777706272070668
1873,22124,"s020","m0",-0.232461421373025,0.848177529024999,0.207510960255938,-1.13661201043291
1874,22136,"s020","m0",-0.188115720150656,0.885337701194755,0.267300407517714,-1.78542501724911
1875,22163,"s020","m0",-0.216777781280034,0.924823048939149,0.0743478083825103,-1.17903309142579
1876,22166,"s020","m0",-0.253822013724836,0.833482363942762,0.0966330188926402,-1.36941560460796
1877,22175,"s020","m0",-0.247058409405414,0.883275262389399,0.11755681524094,-1.03843377215951
1878,22181,"s020","m0",-0.253857808922912,0.794500179912114,0.0719550644635392,-1.27552654668028
1879,22192,"s020","m0",-0.195998715315268,0.830727984877377,0.211113046369693,-1.20991160149868
1880,22195,"s020","m0",-0.341913124057833,0.681087589661692,-0.00796144995594186,-0.865314114089399
1881,22199,"s020","m0",-0.237077682822521,0.89629118913554,0.25756859405235,-1.01969296269458
1882,22202,"s020","m0",-0.401957853683574,0.596994087023686,-0.1199566585933,-0.489231119294699
1883,22206,"s020","m0",-0.175403920528344,0.904824875371429,0.35207300240549,-1.83164022611642
1884,22210,"s020","m0",-0.257579255260022,0.830395046856227,0.277564256052092,-1.03995622047231
1885,22224,"s020","m0",-0.267871871752194,0.70600179453078,-0.0806147610553992,-0.813958979883626
1886,22254,"s020","m0",-0.227342229472448,0.897856922711348,0.325504267198478,-1.19695175757619
1887,22273,"s020","m0",-0.335076266826859,0.771316006230427,0.144411038374118,-0.117440175884324
1888,22282,"s020","m0",-0.273055033874588,0.741407223987133,0.0201715932777188,-1.48706558661054
1889,22284,"s020","m0",-0.404427860777634,0.709505972428391,-0.07457590899535,0.036303814977008
1890,22288,"s020","m0",-0.2629889777289,0.780880814659828,0.144158373861736,-0.414100365911402
1891,22312,"s020","m0",-0.255213663729298,0.8144264567716,0.220620408799995,-0.676662105511917
1892,22323,"s020","m0",-0.309963231387587,0.75755108585114,0.101129397146939,-0.754082310748483
1893,22324,"s020","m0",-0.237223899865458,0.817226598987117,0.101940575527189,-1.66904316555675
1894,22335,"s020","m0",-0.252485929744661,0.766518232441696,-0.0241443218759461,-0.595163719932646
1895,22346,"s020","m0",-0.2687113291868,0.694698596468475,-0.0461915970067304,-0.993231445772203
1896,22364,"s020","m0",-0.270642764679112,0.901516746986177,0.111360802059289,-0.673278038174384
1897,22370,"s020","m0",-0.338214994513466,0.720408084952971,-0.0822233527100914,-0.614077721548335
1898,22374,"s020","m0",-0.279387723508327,0.826306357701879,0.254835060373855,-0.647097845497724
1899,22403,"s020","m0",-0.284964795542583,0.715430822840662,0.133818715387798,-0.896897918218573
1900,22412,"s020","m0",-0.192342457974917,0.872065555598161,0.236612856312388,-2.45303145280914
1901,22420,"s020","m0",-0.268525828157827,0.816724500960883,0.0315690456736139,-0.701242245693727
1902,22424,"s020","m0",-0.305327865669531,0.677151488327478,0.142429218626051,-0.499262053781383
1903,22442,"s020","m0",-0.335298680527103,0.790624994665764,0.103376970483771,-0.320719018858756
1904,22461,"s020","m0",-0.267882909877113,0.77714325902353,0.135005998311635,-0.548027129213822
1905,22462,"s020","m0",-0.175067545503224,0.872285269923547,0.267393470855182,-1.81091989144016
1906,22465,"s020","m0",-0.270969798297233,0.724610494945806,0.0271293042995886,-1.10580498848045
1907,22480,"s020","m0",-0.275694786670001,0.80819776279388,0.126424630584358,-0.554531043563309
1908,22495,"s020","m0",-0.270522168804742,0.833273041460548,-0.0431935272496686,-0.708403905699896
1909,22533,"s020","m0",-0.247844369638985,0.775374846596634,0.18158713190585,-0.751840623297522
1910,22538,"s020","m0",-0.370466654623635,0.710577138345696,0.0300726276794542,-0.301877282160006
1911,22549,"s020","m0",-0.255816166340861,0.837415673217295,0.0691239928251165,-0.953968144944011
1912,22558,"s020","m0",-0.201349201183407,0.897624479443345,0.22119702067716,-1.36992036327205
1913,22562,"s020","m0",-0.252845743854643,0.835212664083439,0.2529998457322,-0.722338586600116
1914,22577,"s020","m0",-0.232436493694483,0.836234408062936,0.0849176016004178,-1.48256782775794
1915,22581,"s020","m0",-0.325487180480728,0.663270928191357,0.0724547557650281,-0.533133723888765
1916,22583,"s020","m0",-0.272211715887724,0.923037433274914,0.233039987087212,-0.899267907311991
1917,22595,"s020","m0",-0.24388667196196,0.86449174669924,0.350778789629406,-1.55662225075607
1918,22597,"s020","m0",-0.391583014576966,0.645264527692774,-0.0745457351479114,-0.145742663916903
1919,22613,"s020","m0",-0.285338254956519,0.768750670409633,0.128720538435375,-0.718971564886134
1920,22617,"s020","m0",-0.314052059968459,0.839754907146231,0.370189924348555,-0.128542068516621
1921,22620,"s020","m0",-0.341218386758422,0.688290001654222,0.0653988015797915,-0.431755705830626
1922,22623,"s020","m0",-0.271498835563417,0.780818391108463,-0.0242024905192483,-0.939616336421331
1923,22630,"s020","m0",-0.400995372004033,0.658353749229299,-0.033616933351255,0.121498475401857
1924,22637,"s020","m0",-0.244168877577847,0.760574910457933,0.285708832298106,-1.03102171848282
1925,22642,"s020","m0",-0.339947443303514,0.77555841038588,-0.0594463412966168,0.0119155465203734
1926,22649,"s020","m0",-0.29469464475653,0.886466925940888,0.0293516401395607,-0.276054040589592
1927,22673,"s020","m0",-0.222364891585856,0.782414870494249,0.122784465871698,-1.47329617026331
1928,22674,"s020","m0",-0.236928848006643,0.954880078615693,0.0986506426599858,-0.674241992603202
1929,22688,"s020","m0",-0.188106137599319,0.87940550594042,0.40645357548551,-2.08457550339666
1930,22739,"s020","m0",-0.276816603668193,0.651616201643241,0.0397504085813236,-0.77203565442026
1931,22754,"s020","m0",-0.346054879885529,0.79015367266975,-0.252826557383326,0.00435168411226107
1932,22782,"s020","m0",-0.330411813899369,0.72700994931584,-0.325497807548126,-0.405650001981339
1933,22788,"s020","m0",-0.237045794449828,0.862280668986823,0.173068938611323,-0.926745449222855
1934,22803,"s020","m0",-0.233909461047946,0.880543866848392,0.363821246478663,-1.34033399755139
1935,22810,"s020","m0",-0.314344471233422,0.595007733366614,0.00434930598283824,-0.505672441255882
1936,22817,"s020","m0",-0.396913754711806,0.60698612425756,-0.123444673394707,-0.46278672757636
1937,22841,"s020","m0",-0.20218853909812,0.765874975999349,0.252757616057434,-1.76366534680248
1938,22857,"s020","m0",-0.250114970975586,0.797449040314458,0.171234064599393,-0.946421976073682
1939,22858,"s020","m0",-0.273889470117718,0.819720671884337,0.0292568935005006,-0.624647530486862
1940,22860,"s020","m0",-0.345762434689276,0.808222740203259,0.110562577804677,-0.128917658343369
1941,22867,"s020","m0",-0.200096475955856,0.818219658786153,0.217679081491945,-1.24262439734133
1942,22879,"s020","m0",-0.256131205966357,0.82605490412386,0.247651829324129,-0.95752253411588
1943,22881,"s020","m0",-0.27713775921061,0.792636050769583,0.284060986206509,-0.682874046285245
1944,22884,"s020","m0",-0.37251413896994,0.688132230511454,-0.100982364689426,-0.261606056887798
1945,22888,"s020","m0",-0.342961742932738,0.757850934113427,0.0526115001575537,0.0341406518293161
1946,22898,"s020","m0",-0.176273107101696,0.867433496752022,0.222573358528936,-1.52739485601467
1947,22904,"s020","m0",-0.204049671854818,0.812427670047924,0.238398001824252,-0.990689112264281
1948,22906,"s020","m0",-0.177609981681494,0.95056977808991,0.350333776559911,-1.36289118334821
1949,22939,"s020","m0",-0.24599524075476,0.839913374350461,0.155042614424158,-0.906057335118215
1950,22954,"s020","m0",-0.127492083963093,0.965692382625574,0.446789618763799,-2.2147011449379
1951,22975,"s020","m0",-0.245095851459408,0.814717869958839,0.19623840932283,-0.924426938987453
1952,22990,"s020","m0",-0.214854910919521,0.884347199358677,0.0639929068338582,-1.0794806579327
1953,22995,"s020","m0",-0.282364726126227,0.832127661094901,0.076284966817595,-0.665798877083579
1954,22996,"s020","m0",-0.360174014303543,0.695196291540119,-0.424712324577256,-0.411422138628516
1955,22997,"s020","m0",-0.181766386636934,0.841599480838597,0.245766281353615,-2.16159787673989
1956,23028,"s020","m0",-0.289754761627341,0.805011401309119,0.244686396956576,-0.257118619838641
1957,23029,"s020","m0",-0.275124819494099,0.772710455232979,0.183842579959354,-0.86794312323837
1958,23057,"s020","m0",-0.276224758196083,0.888753267838668,0.200678054342072,-0.630763663514493
1959,23062,"s020","m0",-0.244192625013717,0.795072899981089,0.283013722325602,-0.708064452923097
1960,23075,"s020","m0",-0.236877835160173,0.84326416162574,0.0879022620504205,-1.14601131686568
1961,23081,"s020","m0",-0.269517624281383,0.764257940935109,0.160123587046576,-0.409335141806729
1962,23103,"s020","m0",-0.254530611929128,0.880366053114501,0.0648204736378177,-0.865980465775735
1963,23119,"s020","m0",-0.280113681126059,0.8249829957349,0.325009470104252,-0.187148834065876
1964,23136,"s020","m0",-0.286411471400357,0.848939246778515,0.237027231155342,-0.362164811362234
1965,23140,"s020","m0",-0.271473740149652,0.750294935114478,0.0031602908201503,-1.27190326988696
1966,23143,"s020","m0",-0.278285556537977,0.807603203663081,0.220052349486598,-0.583789190161806
1967,23144,"s020","m0",-0.166903147697502,0.930826992474611,0.210814375248606,-1.61538206100205
1968,23149,"s020","m0",-0.281246905049843,0.728810381709731,0.191989867565442,-1.39734567337927
1969,23164,"s020","m0",-0.248994574094046,0.807116361415816,0.00470435746032649,-0.847077202681091
1970,23175,"s020","m0",-0.2448818384292,0.753255982598017,0.123168042711601,-1.03637639739319
1971,23184,"s020","m0",-0.289987948144051,0.678462580039963,0.232838081217928,-0.625431089929735
1972,23200,"s020","m0",-0.22313519217734,0.734503485483331,0.351412124186739,-1.32167347059921
1973,23219,"s020","m0",-0.225275851661197,0.758047977332824,-0.0150120048593673,-0.919636716087107
1974,23220,"s020","m0",-0.342458829952446,0.771389539975618,-0.050843690170575,-0.348704625711694
1975,23237,"s020","m0",-0.282575460309074,0.774858332860228,0.17001435882453,-0.82179580665307
1976,23246,"s020","m0",-0.179718845029622,0.941177705357876,0.193144921311707,-1.61953174811402
1977,23274,"s020","m0",-0.298145427643216,0.828109234487067,0.0029847796848285,-0.971724223279979
1978,23318,"s020","m0",-0.297727692986074,0.853393134977095,0.228225767702499,-0.285530093617325
1979,23337,"s020","m0",-0.335000775601732,0.774547716326883,-0.0802860659355353,-0.609711208610644
1980,23350,"s020","m0",-0.238854869734295,0.934134327005204,0.172703309552515,-0.785907122639145
1981,23357,"s020","m0",-0.205167223616971,0.920611181121877,0.245771260627729,-1.27483044929573
1982,23359,"s020","m0",-0.218709870900408,0.765030874766131,0.140566578944223,-1.59707063033692
1983,23383,"s020","m0",-0.256660335888652,0.809009706986697,0.0116379085475908,-0.978873009687121
1984,23399,"s020","m0",-0.328551238459811,0.637703153760032,0.086730250127994,-0.703419992332393
1985,23419,"s020","m0",-0.315748961709839,0.789085408868027,0.0857128085620708,-0.123473873293839
1986,23425,"s020","m0",-0.337766005276764,0.585608692590801,0.146845862526326,-0.576005904584836
1987,23427,"s020","m0",-0.275270837933824,0.841481695919167,-0.0960522869654911,-0.879969732699598
1988,23428,"s020","m0",-0.210865170028113,0.869450835023633,0.292715151184905,-1.68983921157069
1989,23437,"s020","m0",-0.217737364486486,0.804381338377242,0.196579022062821,-1.77998986719575
1990,23448,"s020","m0",-0.223829307813354,0.805470532929287,0.370175538256955,-1.34008194924839
1991,23454,"s020","m0",-0.256381143962657,0.792989806440085,0.179197923999965,-1.38964418175059
1992,23457,"s020","m0",-0.436898983981699,0.703332392182873,-0.0867492159970226,0.422299472725206
1993,23463,"s020","m0",-0.283320092989822,0.789638442404302,-0.0274695627388761,-1.15697119929525
1994,23472,"s020","m0",-0.196044572455,0.847874259361885,0.339013562809407,-1.47014769154569
1995,23490,"s020","m0",-0.231095381611496,0.828719612471127,0.241498622125539,-1.39512785445323
1996,23495,"s020","m0",-0.183816694575964,0.961867709191157,0.251312742418359,-1.40732672652526
1997,23497,"s020","m0",-0.311229121071572,0.741724471576313,-0.00834370371117204,-0.589424260051104
1998,23508,"s020","m0",-0.171113925266312,0.931708342347364,0.328089394578646,-2.2208297615938
1999,23549,"s020","m0",-0.357553186697475,0.65001742978147,0.0256173430226131,-0.350665989846215
2000,23550,"s020","m0",-0.167734999944236,0.91164640325656,0.407436884180952,-1.94162681969611
2001,23573,"s020","m0",-0.207558135624831,0.859007752777304,0.302773921497408,-0.844457213577523
2002,23575,"s020","m0",-0.210319592074757,0.795194478059079,0.351576239357972,-1.46328331405855
2003,23591,"s020","m0",-0.203739820487147,0.795739915572889,0.235573140639596,-1.72151877362112
2004,23602,"s020","m0",-0.203994348348109,0.927362554075826,0.130664774766331,-1.70216540110607
2005,23605,"s020","m0",-0.255069328590046,0.801815281452226,0.10566228352101,-0.559625943106631
2006,23617,"s020","m0",-0.307591153862531,0.691025119261487,0.00450813754835517,-0.46686710947543
2007,23626,"s020","m0",-0.230604151845498,0.832560419334039,0.310667253828305,-1.23385800127933
2008,23636,"s020","m0",-0.320470287880937,0.766762252295163,0.0187716617829961,-0.838154134991859
2009,23646,"s020","m0",-0.298712099918676,0.688700512722343,0.0815040031983376,-0.713402200065298
2010,23664,"s020","m0",-0.174551161562759,0.861102795913726,0.383934824559864,-1.25422059204533
2011,23669,"s020","m0",-0.240253007881276,0.849947406883673,0.243350195562248,-0.817404061207193
2012,23686,"s020","m0",-0.29475487049573,0.775401925780171,0.0250021260835997,-0.756694757317785
2013,23691,"s020","m0",-0.300661972822442,0.7070023094176,-0.00595973388603848,-0.75892902503261
2014,23694,"s020","m0",-0.282630205452376,0.75387610706207,0.0648026733528836,-1.08487852237157
2015,23698,"s020","m0",-0.367820314995373,0.804580389188297,-0.169794754243839,-0.0894361565104191
2016,23705,"s020","m0",-0.355570701757894,0.75628908656152,-0.18558636254445,-0.122275158209194
2017,23712,"s020","m0",-0.184248210495563,0.892681417723816,0.238739682377901,-1.66596745867626
2018,23718,"s020","m0",-0.302770324312122,0.83137298000478,0.164472975779312,-0.500200411548334
2019,23721,"s020","m0",-0.402720788687257,0.566917684872854,0.0138902429844494,0.0263912040589501
2020,23727,"s020","m0",-0.282693659665051,0.870390213304656,0.0722737687609249,-0.419615898582308
2021,23748,"s020","m0",-0.275732017570127,0.858296047505902,0.105715246421491,-0.496665086310932
2022,23750,"s020","m0",-0.290505969719964,0.767971354121938,0.114694086691938,-0.307444722062694
2023,23754,"s020","m0",-0.218324413248171,0.79808736632148,0.275932240202823,-0.800706757574118
2024,23781,"s020","m0",-0.321038583688372,0.77514731354055,0.112653531046415,-0.527834852634255
2025,23791,"s020","m0",-0.276229190724578,0.877347757935789,0.361847545713704,-0.579799225731416
2026,23802,"s020","m0",-0.236249090098011,0.890913610438943,0.236491047363463,-0.754746952425095
2027,23817,"s020","m0",-0.336226803160973,0.70436132440383,0.0562638295566586,-0.671707443960937
2028,23818,"s020","m0",-0.259323334687597,0.789433512933374,0.232207972286039,-1.00104387260951
2029,23827,"s020","m0",-0.283235655006733,0.731067405560512,0.122060120682505,-1.03184747842278
2030,23832,"s020","m0",-0.28693018338365,0.725248390300157,0.11565193509237,-0.690942937430698
2031,23845,"s020","m0",-0.321647018850783,0.744386526153897,0.205219355997998,-0.591135979022185
2032,23857,"s020","m0",-0.26643639182186,0.74008223037339,0.105206844509822,-1.08161594881466
2033,23861,"s020","m0",-0.246639184297499,0.836329584373239,0.0824052363494197,-0.728169423105708
2034,23875,"s020","m0",-0.241627053389853,0.765020941698221,0.134593296966619,-0.982927486856635
2035,23882,"s020","m0",-0.241410413903164,0.769308550771698,0.243618186600644,-1.05894822820406
2036,23892,"s020","m0",-0.178929438293522,0.93623940459886,0.210246847025108,-1.68896066456566
2037,23895,"s020","m0",-0.345647500366887,0.698640412608424,-0.07262404917711,-0.554514216898855
2038,23900,"s020","m0",-0.213834457456365,0.863353279450356,0.167689699893461,-1.59085260542049
2039,23908,"s020","m0",-0.290131977154969,0.741652005979199,0.0884451037937117,-1.6172978123373
2040,23928,"s020","m0",-0.302094987453823,0.812830725963044,0.164112419175837,-0.769383242301036
2041,23934,"s020","m0",-0.299681505782876,0.850358816169487,0.186978085084473,-0.77778332790195
2042,23941,"s020","m0",-0.221480929842317,0.820257469264627,-0.0643403011480074,-1.27188413490247
2043,23952,"s020","m0",-0.271073592230542,0.730142987745199,0.167756790711324,-1.01394291591985
2044,23953,"s020","m0",-0.278512220189252,0.773223728720171,0.0567652071954513,-0.73921043130317
2045,23967,"s020","m0",-0.331512302013697,0.741772782388797,-0.0934141059192207,-0.129455514948632
2046,23969,"s020","m0",-0.260163429526364,0.792270642605778,0.120108101979422,-1.22540159132839
2047,23970,"s020","m0",-0.290224008206217,0.755577827563262,0.178115220868912,-0.76643153765806
2048,23972,"s020","m0",-0.293982304601801,0.79976202632863,-0.0162387032119141,-0.243910529608694
