"draw","source_draw","id","assumed_model","alpha_0","nu_0","nu_1","tau"
1,3,"s15","m0",-0.435768795891095,-0.803053147251164,-2.83693225842186,0.0672232541505587
2,18,"s15","m0",-0.491984743074195,-1.11174088455088,-2.24000097676188,-0.0781962797943206
3,20,"s15","m0",-0.50713999713707,-0.833686795797811,-2.39881456157366,0.252600844312083
4,37,"s15","m0",-0.378782092207591,-0.668511231122794,-2.54808961723935,-0.254357209464538
5,49,"s15","m0",-0.46355243861568,-0.993724317391112,-2.502951736769,-0.14704241964433
6,55,"s15","m0",-0.454946682114717,-1.07926889022433,-2.5934181909214,0.0991811506083516
7,68,"s15","m0",-0.442155039305541,-0.832305972625828,-3.13881622698544,-0.15201902206591
8,72,"s15","m0",-0.466240351821436,-0.854032341723594,-2.28143342518504,0.100103784114969
9,74,"s15","m0",-0.381577273785741,-0.834820973324205,-2.19222520068513,-0.56343797210147
10,77,"s15","m0",-0.488430188090371,-0.789877632387632,-3.01378979222254,0.665466201457294
11,86,"s15","m0",-0.456216715171892,-0.835398930998926,-2.77645273824993,-0.150954920289772
12,97,"s15","m0",-0.319876706623285,-0.76159839651423,-2.49093850957194,-0.893100536638673
13,116,"s15","m0",-0.413252885818475,-0.740674021865761,-2.38049153264375,-0.205738339250388
14,119,"s15","m0",-0.415669154326169,-0.89956275827228,-2.47178625135103,-0.206951255832843
15,126,"s15","m0",-0.416292472323384,-0.823971209159212,-2.76374002825834,-0.299650161779857
16,133,"s15","m0",-0.442873181303156,-0.990636295283554,-2.60260153508822,0.115221035157474
17,146,"s15","m0",-0.416496810005511,-0.592531002458352,-2.82148521842491,-0.182910206492039
18,160,"s15","m0",-0.464721550104274,-0.943537284768787,-2.66454993041224,-0.081039862867179
19,177,"s15","m0",-0.457884088165412,-0.714873188485529,-3.30126756171178,0.445045828351444
20,192,"s15","m0",-0.380329016242603,-0.697037917150176,-2.65780249838067,-0.334218915726733
21,196,"s15","m0",-0.434440481284183,-0.677191180464566,-2.58212410113985,-0.396062876934956
22,204,"s15","m0",-0.431433770350957,-0.959427999077242,-2.37743427739791,-0.324904607222214
23,209,"s15","m0",-0.466550329204478,-0.731215851124555,-2.69394115059388,-0.00210648830437502
24,215,"s15","m0",-0.445381116164426,-0.890507262916866,-2.68800275182089,-0.0707317409691271
25,216,"s15","m0",-0.471279200531342,-0.828482525642936,-2.00234695835247,0.555543758740453
26,230,"s15","m0",-0.370711429112912,-0.741056496299317,-2.50226715801792,-0.325385939098233
27,234,"s15","m0",-0.433823604049474,-0.906125815985467,-2.20166375888274,-0.0278186704085893
28,251,"s15","m0",-0.438761946758287,-0.875373697414176,-2.10696666383747,-0.2177998727281
29,258,"s15","m0",-0.38420424707095,-0.757097769964476,-2.97700451743479,-0.276058787509278
30,286,"s15","m0",-0.457407780868319,-0.887884165000146,-1.99027186030515,0.302728013739612
31,287,"s15","m0",-0.439138528097322,-0.941613573706097,-2.54111711743379,-0.0396866899254296
32,290,"s15","m0",-0.469888845787138,-0.963443224905629,-2.881275646007,0.0577618295837435
33,313,"s15","m0",-0.448787594154016,-0.854495769856902,-2.69366109568024,0.0180692637680206
34,319,"s15","m0",-0.498669450955907,-1.02546042255773,-2.04858353313842,0.333782216198601
35,320,"s15","m0",-0.485209771315339,-1.0199076199382,-2.18237454543058,0.310067338500826
36,355,"s15","m0",-0.430065292111089,-0.974151220599974,-2.54738667671937,-0.0427626540405573
37,357,"s15","m0",-0.416981302467379,-0.812000171217018,-2.46006763125337,-0.0260126248122726
38,395,"s15","m0",-0.422290316115622,-0.930317478049179,-2.78764129848768,-0.290492758593853
39,457,"s15","m0",-0.422027085002842,-0.765034825889704,-2.39555552874032,-0.215549355544317
40,461,"s15","m0",-0.442242548965958,-0.931749235259818,-2.66471095303933,-0.229535063157386
41,482,"s15","m0",-0.489332452971021,-0.97943063031072,-2.40304958272911,0.337822748694375
42,516,"s15","m0",-0.442866435773303,-1.0240907454739,-2.40119213451428,0.159737085765785
43,530,"s15","m0",-0.404471208137438,-0.86048801443507,-2.79525471554126,-0.00831106779620663
44,630,"s15","m0",-0.450800580226812,-0.95544502322604,-2.78443555767101,0.163838185357566
45,632,"s15","m0",-0.440101857812786,-0.784757846172689,-2.44233071313545,0.349070852288915
46,646,"s15","m0",-0.41789288517157,-1.02072369032683,-2.24991724994474,-0.35287446574659
47,651,"s15","m0",-0.375265125841148,-0.703787037849664,-2.50598609388681,-0.52681256862016
48,653,"s15","m0",-0.396708376500679,-0.700548246850935,-2.54927130980275,-0.864812365224238
49,675,"s15","m0",-0.363545846092412,-0.704697052706274,-2.7134795265444,-0.964563106332536
50,683,"s15","m0",-0.480533763878799,-1.16571081987112,-2.64953259092454,-0.26370646581586
51,689,"s15","m0",-0.393783948426299,-0.841731355496541,-2.43778825051067,-0.10302305628041
52,719,"s15","m0",-0.448073324200035,-0.787428941636652,-2.44940093117246,0.137181918586589
53,767,"s15","m0",-0.411504111516631,-0.827353949827445,-2.70686936590792,-0.469372617039808
54,773,"s15","m0",-0.449837096794037,-1.02347855109523,-2.94777626981469,-0.0585905220758962
55,789,"s15","m0",-0.384755818250785,-0.900268226224946,-2.95525487110704,-0.317976956315933
56,796,"s15","m0",-0.398367420129145,-0.921768170670311,-2.48848557465717,-0.197583642633533
57,802,"s15","m0",-0.368227541184543,-0.836729852845637,-2.49713526182179,-0.582908748335585
58,812,"s15","m0",-0.348086349902911,-0.854222977434445,-2.33824320088525,-0.971644839752345
59,820,"s15","m0",-0.421568675734265,-0.8268548368749,-3.10327886704629,-0.000227768841984048
60,823,"s15","m0",-0.384878951419134,-0.825943825745651,-2.52229255203304,-0.42411808297043
61,836,"s15","m0",-0.354298787392202,-0.991045198174578,-2.29958761271462,-0.521958624262613
62,838,"s15","m0",-0.361062235419172,-0.818177653969423,-2.88873138941011,-0.469718803807503
63,846,"s15","m0",-0.414124712610312,-1.1050079668851,-2.53733661590324,-0.227029934608938
64,859,"s15","m0",-0.383535595143551,-0.800347971814843,-2.18841682390459,-0.534007934077048
65,862,"s15","m0",-0.430294455605974,-0.956847606097492,-2.39428872426566,0.10471815890656
66,867,"s15","m0",-0.421440445086363,-0.711515815029659,-2.65696208453185,-0.346597847886087
67,875,"s15","m0",-0.39968650842688,-0.852838459848108,-2.00869022446082,-0.172156786724393
68,877,"s15","m0",-0.430811895896447,-0.798455027559494,-2.39479001685087,0.0833407889156082
69,891,"s15","m0",-0.410849697517043,-0.93414042889058,-2.81682066364008,-0.23143604899316
70,916,"s15","m0",-0.37482476846264,-0.973026761534707,-2.65143528147909,-0.757633842130202
71,927,"s15","m0",-0.411369571619307,-0.818811959365466,-2.4039267033609,-0.221639861070543
72,938,"s15","m0",-0.414918154550979,-0.84997168350464,-2.08703961664456,0.0976680830036027
73,946,"s15","m0",-0.277923208293651,-0.750717782503058,-2.42400696692482,-1.55636251393758
74,947,"s15","m0",-0.370458099580599,-0.81267022599397,-2.45240106776777,-0.285177651385088
75,956,"s15","m0",-0.406091283164147,-0.845643542163363,-2.26277709215434,-0.0699212563293566
76,958,"s15","m0",-0.442133184681381,-0.888961305643313,-2.32993812054779,-0.234576924376592
77,963,"s15","m0",-0.454452336659762,-0.791070651780872,-2.51073343908351,-0.00610143083532279
78,977,"s15","m0",-0.423652983128557,-0.904878767636443,-2.13119442118052,-0.137000917094607
79,981,"s15","m0",-0.385328333742123,-0.775573479717838,-2.93991592560242,-0.923342634597597
80,988,"s15","m0",-0.335503854531984,-0.954202047475181,-2.70977840031002,-0.616282498418473
81,1016,"s15","m0",-0.399900450862013,-0.780371493309017,-2.66232764528229,-0.357609837229539
82,1025,"s15","m0",-0.375933126050848,-0.858841922849817,-2.45976645506399,-0.312331466520386
83,1029,"s15","m0",-0.438440639724293,-0.747241054633879,-2.2743550515374,0.00268363432658978
84,1031,"s15","m0",-0.454391597819886,-0.806730196406595,-2.28900834466117,-0.484330992543335
85,1048,"s15","m0",-0.441118032606873,-0.869612620614656,-2.30024844489237,0.210333611655186
86,1055,"s15","m0",-0.420048957641673,-0.841314384909866,-2.4976601605408,-0.694207082854691
87,1072,"s15","m0",-0.314393226101658,-0.627798532710788,-2.57780034035193,-0.739192248767374
88,1081,"s15","m0",-0.436140631058045,-0.668266219862028,-2.77856863939268,-0.00548244238651042
89,1084,"s15","m0",-0.377849758979374,-0.942585496614912,-2.55186213981057,-0.648908429854971
90,1133,"s15","m0",-0.438649119443963,-0.957179152519212,-2.80158198131913,-0.0620824594627411
91,1140,"s15","m0",-0.436152763177443,-0.889474305693694,-2.40896470423375,-0.179897225058466
92,1162,"s15","m0",-0.436065972501341,-0.740450207742935,-2.70246730441732,-0.554720721215071
93,1165,"s15","m0",-0.37351472686363,-0.969225254952008,-2.44370437401242,-1.04564626660394
94,1169,"s15","m0",-0.483304421858989,-0.98491334255198,-2.93551727636077,0.138859413829307
95,1177,"s15","m0",-0.370408437394507,-0.723482741549372,-2.75676332439066,-0.308163459332127
96,1182,"s15","m0",-0.372460855125956,-0.689307366299272,-2.14129406845158,-0.523102083903278
97,1213,"s15","m0",-0.370462264245871,-0.995610963035995,-2.17147517947951,-0.610279644330853
98,1218,"s15","m0",-0.424717522436057,-1.12993929806673,-2.5407147034988,0.0368071492356339
99,1225,"s15","m0",-0.478559773399535,-1.0641049590204,-2.50845623118233,0.359193174710338
100,1238,"s15","m0",-0.443461124576285,-0.795546959176141,-2.38719233337137,0.0999378833641495
101,1246,"s15","m0",-0.406675325323238,-0.793309622790804,-2.73621681040803,-0.333696342495789
102,1247,"s15","m0",-0.448822359578383,-0.917700584100552,-2.61042665710814,0.114783141704737
103,1297,"s15","m0",-0.449533028866796,-0.697085076139979,-2.66547406285053,0.216275140519814
104,1306,"s15","m0",-0.47155630660445,-0.880422397000912,-2.34352769494787,0.216741043018169
105,1327,"s15","m0",-0.358503500333807,-1.01818383872968,-2.25947740756919,-0.336963202625862
106,1330,"s15","m0",-0.506366590332854,-1.03302840006868,-2.94389183898725,0.392694417992409
107,1331,"s15","m0",-0.431816494765571,-0.722118528810543,-2.84182053345932,-0.0542809902215877
108,1341,"s15","m0",-0.45354844449291,-0.868103692062106,-2.40891914251322,-0.0531710944958037
109,1366,"s15","m0",-0.478281563709176,-0.746252223370804,-2.7338529744911,0.442448722998968
110,1372,"s15","m0",-0.476852972754978,-0.963672990528687,-2.5541417525799,0.123022323075768
111,1374,"s15","m0",-0.39000576071013,-0.76377782836783,-2.58964537910352,-0.253203978002712
112,1391,"s15","m0",-0.379341978289291,-0.63395875392781,-2.46764611801514,-0.688070073097875
113,1395,"s15","m0",-0.475332625142009,-0.906968610983023,-2.34029893845841,0.0309794787014025
114,1402,"s15","m0",-0.393523206306712,-0.857305295560229,-2.07752710724329,-0.412384468672893
115,1418,"s15","m0",-0.50787101320723,-0.840411845412361,-2.17962538901897,0.181353426456841
116,1419,"s15","m0",-0.384390145693317,-0.911931754758807,-2.44201136977686,-0.128007815280617
117,1457,"s15","m0",-0.386622554804186,-0.847358200881263,-2.51380851246056,-0.424614300537804
118,1461,"s15","m0",-0.359877904235776,-0.849846721933738,-2.43933767379631,-0.627633841253161
119,1467,"s15","m0",-0.460071395501103,-0.906352946822005,-2.45445456049508,-0.26650809893012
120,1491,"s15","m0",-0.365618783299221,-0.681307226641427,-2.66685293059802,-0.30957643733721
121,1494,"s15","m0",-0.40528481346777,-0.829589373148231,-2.36119555770128,-0.049513475008802
122,1496,"s15","m0",-0.362367484022573,-0.82060549838032,-2.42072377249245,-0.521826451642111
123,1507,"s15","m0",-0.425425161680471,-0.9903894607142,-2.29931264758363,-0.233311031043815
124,1518,"s15","m0",-0.437854729129196,-0.808236829963752,-2.30935037901708,-0.102153926700347
125,1520,"s15","m0",-0.471485954151169,-0.872948176247705,-2.20736831708009,0.251468519429754
126,1536,"s15","m0",-0.452079667679867,-0.909697422856141,-2.6421381018364,-0.305816832046023
127,1541,"s15","m0",-0.49569530693002,-0.951349784022782,-2.29747626598529,0.458881524928047
128,1542,"s15","m0",-0.475554466764906,-0.791071837786387,-3.14235836684654,0.230429912742462
129,1552,"s15","m0",-0.416388932331537,-0.810667691225245,-2.77704232936235,-0.597362511753612
130,1557,"s15","m0",-0.380481288908507,-0.648321673629087,-2.5630770191301,-0.229899308548948
131,1558,"s15","m0",-0.383775472693045,-0.764420179154693,-2.11982141520967,-0.45940391378943
132,1564,"s15","m0",-0.410474970763565,-0.890977019604894,-2.44784085807164,-0.407695048482192
133,1576,"s15","m0",-0.416007068641706,-0.930627540614353,-2.72702533914502,-0.243824654712554
134,1614,"s15","m0",-0.398395241732094,-0.866481613828755,-2.34057289568326,-0.252363622111435
135,1621,"s15","m0",-0.454476471645967,-0.762152563994886,-2.06866713522075,-0.19463165616513
136,1622,"s15","m0",-0.400332955657834,-0.891377741429512,-2.75712402180534,-0.198593440678089
137,1627,"s15","m0",-0.486122845297169,-0.929845072309327,-3.12417702185364,0.50412012691201
138,1628,"s15","m0",-0.412193834432795,-0.878029275492315,-2.23551805894997,-0.35183122792519
139,1645,"s15","m0",-0.383114487710578,-0.68309310874623,-2.97012659984845,-0.046185235951158
140,1707,"s15","m0",-0.418842178304887,-0.835439530535753,-2.17541098261039,-0.106016642266027
141,1727,"s15","m0",-0.479154269652795,-1.04664441073914,-2.48381918613264,0.371289361687321
142,1728,"s15","m0",-0.402378798936926,-0.790012711007367,-2.55518116512003,-0.454637629126888
143,1736,"s15","m0",-0.403202859561377,-0.655479202407757,-2.36377972220462,-0.226851321456705
144,1742,"s15","m0",-0.451395932654589,-1.02374649816507,-2.76674341631944,-0.0307212123966494
145,1752,"s15","m0",-0.37365368603326,-0.77510762035378,-2.45535771064839,-0.47482650036265
146,1762,"s15","m0",-0.391565226719561,-0.644528374091939,-2.22780978450273,-0.387980863115632
147,1763,"s15","m0",-0.477353701201407,-0.74725082823635,-2.41674833495581,-0.0438600158612424
148,1769,"s15","m0",-0.463315596003936,-1.05582165062079,-2.71871818557621,-0.19240319344086
149,1811,"s15","m0",-0.376053744995636,-0.815357741700217,-2.6561515985858,-0.540528045671797
150,1812,"s15","m0",-0.352662510740263,-0.72798819842102,-2.7172983965481,-0.626991354568271
151,1829,"s15","m0",-0.38488750920525,-0.877462525134836,-2.55460186463648,-0.0660940810294859
152,1834,"s15","m0",-0.374955812368592,-0.936291887622372,-2.45106462928449,-0.488953184140249
153,1835,"s15","m0",-0.382736045560322,-0.703683953684843,-2.61663001068968,-0.422677217737484
154,1854,"s15","m0",-0.395470384393631,-0.714152644215512,-2.9964206331186,-0.386488042055776
155,1855,"s15","m0",-0.371348029743088,-0.909975005871123,-3.02348281258038,-0.101074478667916
156,1876,"s15","m0",-0.348971411130402,-0.695597565419689,-2.15305123008926,-0.454788074931689
157,1879,"s15","m0",-0.345367377121765,-0.691325122685168,-2.32508247658593,-0.400007149372531
158,1896,"s15","m0",-0.310758674117547,-0.805951934998824,-2.36402050059758,-0.862390986727784
159,1902,"s15","m0",-0.381394021255178,-0.835499755516129,-2.54487871635004,-0.781601077222812
160,1903,"s15","m0",-0.411506054187183,-0.729122254881579,-2.53036515966517,-0.633987220711805
161,1904,"s15","m0",-0.461587875507826,-1.03216265182593,-2.77515167139222,0.0891549072283691
162,1911,"s15","m0",-0.513193071227825,-0.756883474869273,-2.46812307870525,0.14376851986961
163,1950,"s15","m0",-0.339715753622555,-0.775795609021592,-2.82453235638575,-0.956358130040023
164,1957,"s15","m0",-0.386757972956928,-0.664553039390765,-2.34373120732629,-0.512793395234327
165,2033,"s15","m0",-0.45093141581279,-0.773680490008289,-2.70419376835257,0.109371915609052
166,2039,"s15","m0",-0.437530928209899,-0.726973863374922,-3.00609166456137,0.00628885481999339
167,2062,"s15","m0",-0.44027499723212,-0.742758291354689,-2.3603753873156,0.159835900978419
168,2065,"s15","m0",-0.431039981124653,-0.839153065867546,-2.42793269233355,-0.32828357622262
169,2078,"s15","m0",-0.430081169470577,-1.04520544602259,-2.65333395955801,-0.926696962520841
170,2080,"s15","m0",-0.472588770660773,-0.947052862361743,-2.27160917269127,0.357301064579652
171,2083,"s15","m0",-0.405531207270135,-0.685390765111614,-2.40635318221535,-0.294079294661857
172,2091,"s15","m0",-0.417221564554926,-0.847201861285416,-2.15222959498288,-0.349926376700378
173,2092,"s15","m0",-0.446426144868681,-0.919712558715043,-2.64366369729385,0.000230290842661032
174,2103,"s15","m0",-0.461369624336648,-1.02911267180969,-2.82917505212914,-0.187536627385181
175,2140,"s15","m0",-0.425219502320688,-1.00415093691289,-2.09263434890101,-0.339735256265309
176,2149,"s15","m0",-0.425557304543021,-0.859098848438141,-2.69774036330591,-0.14201979017547
177,2162,"s15","m0",-0.361673746480544,-0.701145055162937,-2.32478408397899,-0.655135753618323
178,2217,"s15","m0",-0.370540944944596,-0.817284342370439,-2.42108872458396,-0.811443043911179
179,2227,"s15","m0",-0.383774586717979,-0.917412307651017,-2.26572088978524,-0.243922539549341
180,2249,"s15","m0",-0.457907470774878,-0.943858951192452,-2.3700733613477,0.00550156086277934
181,2257,"s15","m0",-0.406233203306706,-0.868787832666797,-2.28899033251775,0.0158105115544333
182,2264,"s15","m0",-0.430269604155994,-0.829682129102718,-2.79844666663155,-0.184762501910491
183,2272,"s15","m0",-0.461414009858035,-0.83758710951787,-1.97444787066429,0.410990814359463
184,2312,"s15","m0",-0.417712157459964,-0.751312804695906,-2.36929302549641,-0.243573450552726
185,2314,"s15","m0",-0.402588809238293,-0.930984203193053,-2.60872911448509,-0.223552997551737
186,2330,"s15","m0",-0.368453869982169,-0.862847602779093,-2.34494582041735,-0.671800661319091
187,2333,"s15","m0",-0.411097302052559,-0.877739218549664,-2.39462721481758,-0.525433709059576
188,2341,"s15","m0",-0.500890303322474,-1.04798786725195,-2.97844809812524,0.440060534258761
189,2352,"s15","m0",-0.415958126801715,-0.92343169013433,-2.90156830633169,-0.302065871103817
190,2363,"s15","m0",-0.403124651420591,-0.953911571134143,-2.18350486537392,0.212706379963361
191,2385,"s15","m0",-0.369757013768897,-0.840663099152674,-2.5581863578412,-0.362856217437974
192,2391,"s15","m0",-0.404086805266474,-1.0110409248723,-2.79249057372955,-0.452618558257864
193,2439,"s15","m0",-0.410756570178042,-0.860768432508408,-2.52489583475527,-0.258146298191423
194,2452,"s15","m0",-0.414524285299703,-0.800371722032922,-2.21835024662922,-0.127229858514782
195,2469,"s15","m0",-0.437425235140974,-1.06872679626609,-2.75452310947046,-0.235256444755892
196,2472,"s15","m0",-0.513869874414836,-0.92076619777137,-2.33889518792829,-0.0589636019937305
197,2476,"s15","m0",-0.438170352889667,-1.08210887165765,-2.74337388526328,-0.19341592324613
198,2477,"s15","m0",-0.361577853407526,-0.854772222566613,-2.65940442303622,-0.79906075002175
199,2498,"s15","m0",-0.355429505015143,-0.903987495640992,-2.25247222556923,-0.705589727527679
200,2519,"s15","m0",-0.389900842898151,-0.71570743286603,-2.03579629269237,-0.125498587613533
201,2542,"s15","m0",-0.47108451517751,-1.22249688084089,-2.43045811827428,0.0635213135090112
202,2548,"s15","m0",-0.478659420774884,-0.716757310482876,-1.9737337045595,0.325214477853526
203,2554,"s15","m0",-0.420831761043157,-0.769061698688018,-2.71436946637779,-0.305461335787362
204,2558,"s15","m0",-0.378866580900114,-0.969964380323392,-2.837197071477,-0.607979508638783
205,2589,"s15","m0",-0.399720983746255,-0.839110228332254,-2.37226866606872,-0.529369363757384
206,2615,"s15","m0",-0.481526447950918,-0.862388912054884,-2.46501780886155,0.00774620131866384
207,2632,"s15","m0",-0.450354426215317,-0.835525440300985,-2.56451203306662,0.134213788645225
208,2653,"s15","m0",-0.496214555930886,-0.855759728783164,-2.494356983276,0.220706734903595
209,2662,"s15","m0",-0.478945533542144,-0.909832584073329,-2.84557341953494,0.152544092748083
210,2665,"s15","m0",-0.38808278077447,-0.741697535823735,-2.11324019126989,-0.82893703538464
211,2679,"s15","m0",-0.461853495452217,-0.983302762045934,-2.73330021096501,0.0993911730082631
212,2695,"s15","m0",-0.424851526422559,-0.829051515698101,-3.0225376253027,0.0896172162711696
213,2711,"s15","m0",-0.383206173101538,-0.832135983797658,-2.38974550589877,-1.01005469665113
214,2715,"s15","m0",-0.433259327679934,-0.805936246108913,-2.29414311863525,-0.0318601784587809
215,2748,"s15","m0",-0.380233941942508,-0.862044085602998,-2.49067350827475,-0.263758949423954
216,2768,"s15","m0",-0.441432781932948,-0.922515305018968,-2.72323631699378,-0.0383459749414904
217,2779,"s15","m0",-0.37758099416774,-0.768201448413446,-2.02875310298186,-0.50710640209605
218,2801,"s15","m0",-0.465128653907913,-1.11411883610418,-2.68475425872663,-0.0763957581042722
219,2803,"s15","m0",-0.421852120094595,-0.672800597537453,-2.53058196289391,-0.300004947385786
220,2817,"s15","m0",-0.39426672357109,-0.821463740254099,-2.34876991308745,-0.22717971866505
221,2826,"s15","m0",-0.282498598034843,-0.698693801895796,-2.38501978841723,-1.38491514180515
222,2848,"s15","m0",-0.33922692593844,-0.80227225924367,-2.19798929565302,-0.824629670453831
223,2863,"s15","m0",-0.421184677035709,-0.773896988978092,-2.83155191909218,-0.205857064775337
224,2873,"s15","m0",-0.505741430160365,-1.00175279557378,-2.60057142486465,0.336622457449599
225,2886,"s15","m0",-0.475744065539783,-0.795186561773112,-2.94334539039739,0.285695348971952
226,2894,"s15","m0",-0.409830389501006,-0.876199237757074,-2.3703988864527,-0.282468189136919
227,2911,"s15","m0",-0.36631309431082,-0.815520960169168,-2.48406262714543,-0.896648647768742
228,2932,"s15","m0",-0.468213319101887,-0.753440372587338,-2.74772242830394,0.189434074820743
229,2940,"s15","m0",-0.3389142921574,-0.723347494101212,-2.4329941440863,-0.639682734035059
230,2947,"s15","m0",-0.387659699393608,-0.711407291294124,-2.48605972849818,-0.234148786283787
231,2952,"s15","m0",-0.381587680910736,-0.667388220748304,-2.2954958032944,-0.491394936899848
232,2954,"s15","m0",-0.387690007389452,-0.610799162655862,-2.27747752101436,-0.232483961617343
233,2969,"s15","m0",-0.425877808202046,-0.895597287744368,-2.25199490815206,-0.335132792811262
234,2971,"s15","m0",-0.407759452644336,-0.765811496313798,-2.7362680869055,-0.474540449457975
235,2974,"s15","m0",-0.354713242921738,-0.705934232466125,-2.78971506648188,-0.461757442754048
236,2987,"s15","m0",-0.441949230322464,-1.00912808683727,-2.71093108278852,0.268790154779172
237,2992,"s15","m0",-0.450970550881368,-0.829881986867729,-2.70597259626321,0.0842074328204638
238,3004,"s15","m0",-0.485338784958103,-0.951588349893211,-3.04884105428251,0.626659115247121
239,3007,"s15","m0",-0.464982624148927,-0.927722352954179,-2.40671577843561,-0.0381645473825006
240,3027,"s15","m0",-0.458462552548604,-0.779727922330496,-2.44321089168333,0.159410665012192
241,3031,"s15","m0",-0.457612349127486,-0.891893984617006,-2.18062811853128,0.131489967149233
242,3032,"s15","m0",-0.413809236501986,-0.737591766807607,-2.57874400951524,-0.240444631959401
243,3049,"s15","m0",-0.477803921565583,-0.833232433043524,-2.74097451630944,0.260586599701863
244,3065,"s15","m0",-0.360968204341276,-0.641429091541064,-2.28187389719806,-0.181866159869871
245,3068,"s15","m0",-0.391936767268087,-0.770945860711425,-2.52323490991946,-0.172844754945532
246,3093,"s15","m0",-0.420026151650888,-0.899996502963062,-2.55439588066617,-0.0432017177020387
247,3099,"s15","m0",-0.461845409316741,-0.706777339562846,-2.78442172973821,0.28788827466862
248,3101,"s15","m0",-0.372450755516626,-0.814810544251428,-2.40256931945494,-1.23697969144149
249,3108,"s15","m0",-0.414267129696274,-0.841628957273162,-2.55777104169433,-0.0293251896870411
250,3122,"s15","m0",-0.468141965039278,-0.875571197068161,-2.56018684128052,0.335868701095251
251,3139,"s15","m0",-0.436868326830881,-0.93732753370681,-2.56662125308588,0.124050527305292
252,3159,"s15","m0",-0.403407631226267,-0.967514644616643,-2.36499241091541,-0.267035018536563
253,3177,"s15","m0",-0.376020326363766,-1.01590850106341,-2.72565567549524,-0.426876650495654
254,3189,"s15","m0",-0.333738494978657,-0.784314051796842,-2.15048744285122,-0.833957643655359
255,3204,"s15","m0",-0.385723748324737,-0.792871781463545,-2.34148768216211,-0.738804962473677
256,3211,"s15","m0",-0.407329942586875,-0.726444993678607,-2.65042765991601,-0.288533393082102
257,3214,"s15","m0",-0.408850887779314,-0.83616791406661,-2.50884342842638,-0.321056228506627
258,3216,"s15","m0",-0.388009263141012,-0.646498120148711,-2.2514558718852,-0.391298122825657
259,3268,"s15","m0",-0.420887884744681,-1.05248035305892,-2.63339633366221,-0.382611946049135
260,3307,"s15","m0",-0.33784746322866,-0.847700250192458,-2.49944212503954,-0.504955776278638
261,3312,"s15","m0",-0.423305208915282,-0.807932404188353,-2.52302197754415,0.202865747590715
262,3313,"s15","m0",-0.494581511428281,-0.96943382030986,-2.2711028496097,0.0749622502167619
263,3321,"s15","m0",-0.423093622505743,-0.977493821714167,-2.59765697038081,-0.243163951547896
264,3322,"s15","m0",-0.355410692108238,-0.93110334586592,-2.85590250099682,-0.724484068290308
265,3326,"s15","m0",-0.496823318554029,-0.909220435931527,-2.73310201157733,0.07992244136461
266,3331,"s15","m0",-0.438877385186376,-1.13014329508413,-2.60640472684969,-0.702077849775083
267,3352,"s15","m0",-0.428360089482792,-0.625453744901367,-2.63234569527308,-0.244882420729505
268,3361,"s15","m0",-0.495710606933275,-0.918179743719663,-2.7583597990927,0.143055288663776
269,3366,"s15","m0",-0.436331116460494,-0.797657646866105,-2.73707048240018,0.159897633568867
270,3375,"s15","m0",-0.389777067657196,-0.775649227157169,-2.49459477735857,-0.838756267461981
271,3378,"s15","m0",-0.376900284201419,-0.707031844495246,-2.57831806761996,-0.333024392081264
272,3391,"s15","m0",-0.416054707862309,-0.903986837994349,-2.89307562142575,-0.400107943209852
273,3399,"s15","m0",-0.466459040244805,-1.17155098095652,-2.5559863747042,0.323909365181062
274,3403,"s15","m0",-0.389986917956984,-0.866614475299312,-2.1877922745132,-0.429838741025406
275,3425,"s15","m0",-0.484620824930706,-1.32289105810014,-2.68988739546578,0.193897531503778
276,3453,"s15","m0",-0.418141022326391,-1.02148712112383,-2.79380037037707,-0.310294773555669
277,3487,"s15","m0",-0.507765010471046,-1.21630591088451,-2.33596434043697,0.115775816315925
278,3510,"s15","m0",-0.409805051440707,-0.912828234142126,-2.24837247708994,-0.340028411427758
279,3528,"s15","m0",-0.441079731735316,-1.0794536450182,-2.59725883954947,-0.227952391167085
280,3532,"s15","m0",-0.477421650830448,-0.830896504181022,-2.37318365699987,0.213713366540081
281,3535,"s15","m0",-0.412935971498753,-0.953135699987531,-2.52726846957168,-0.0900155223617136
282,3549,"s15","m0",-0.421055992526304,-0.86732853487097,-2.48185631343441,-0.196227190484253
283,3561,"s15","m0",-0.488598540576401,-0.925360960243603,-2.8612569732417,0.397057785115277
284,3566,"s15","m0",-0.449034541559437,-0.928914865735167,-2.4472783585944,-0.17892170762217
285,3585,"s15","m0",-0.38416505469018,-0.756478244323182,-2.42953967661857,-0.444540555745906
286,3586,"s15","m0",-0.404274589063337,-0.710078947566063,-2.95901703239564,-0.439217244279532
287,3597,"s15","m0",-0.352295212502192,-0.697906229815897,-2.38660878431659,-0.646035847513925
288,3614,"s15","m0",-0.44413350998267,-0.69603596332476,-2.47487779232227,0.119489104305053
289,3617,"s15","m0",-0.388552390641691,-0.682292713693129,-2.90700174553825,-0.802628725925861
290,3622,"s15","m0",-0.385431969845039,-0.927126020766803,-2.6533873848682,-0.255983836073432
291,3636,"s15","m0",-0.451916009899899,-0.997727018121407,-2.83604426002818,-0.279537241380936
292,3646,"s15","m0",-0.34095539346442,-0.700510357301602,-2.45333839098505,-0.282794871614299
293,3664,"s15","m0",-0.398685433330392,-0.761012839192086,-2.52500130955047,-0.279274605109696
294,3671,"s15","m0",-0.427305462037831,-0.726547960790295,-2.50244259442395,0.111599173411806
295,3673,"s15","m0",-0.360396113687096,-0.872277061013429,-2.41567704429813,-0.264772026374095
296,3682,"s15","m0",-0.422078742683736,-0.824282462462721,-2.47251109612226,-0.11883720542153
297,3693,"s15","m0",-0.452532363896443,-0.886341721290575,-2.34577414674,-0.0113560695045402
298,3695,"s15","m0",-0.513813110112462,-0.831338657777506,-2.54934226713416,0.0134337465005396
299,3699,"s15","m0",-0.427120299936163,-0.619940500563205,-2.31386422290934,-0.273215904846446
300,3702,"s15","m0",-0.442652571964355,-0.86444088555952,-2.44449588134268,0.0397217521816437
301,3710,"s15","m0",-0.348994497365886,-0.780381921968919,-2.32703172847078,-0.694570771212212
302,3723,"s15","m0",-0.379959025563989,-0.896773128519278,-2.25232278813204,-0.313711647905177
303,3741,"s15","m0",-0.497244512441923,-0.960032255428884,-2.47910831015876,0.372588877996589
304,3762,"s15","m0",-0.446656834073426,-0.631944516093182,-2.24576255378379,0.131825120996763
305,3764,"s15","m0",-0.383680617586894,-0.819001936349422,-2.72740624608154,-0.693121477985596
306,3765,"s15","m0",-0.42293924426151,-0.901549991269945,-2.47916963409892,-0.243026644442892
307,3775,"s15","m0",-0.451966248763488,-0.831137899857792,-2.59619666370758,0.0090711338037033
308,3777,"s15","m0",-0.457124290685424,-0.974489280108843,-2.95425011122234,0.215958771908128
309,3781,"s15","m0",-0.460308667050254,-0.883629541713967,-2.6148607488839,0.317148781793565
310,3788,"s15","m0",-0.439112557478972,-0.9624374471271,-3.21379808986239,-0.351518803719451
311,3801,"s15","m0",-0.383078685051221,-0.93661124345883,-3.07587718794508,-0.404544296162332
312,3820,"s15","m0",-0.432978194864668,-0.747701169681597,-2.64315347554648,-0.117379238262936
313,3836,"s15","m0",-0.425569950667718,-0.932307089244461,-1.82851894321232,0.0678509886827286
314,3842,"s15","m0",-0.393118322688782,-0.797404815925339,-2.83372194374449,-0.523784702871982
315,3848,"s15","m0",-0.440485788243924,-0.896224773427856,-2.76184204229001,0.217531844523281
316,3849,"s15","m0",-0.431338997324863,-0.751983842163417,-2.81686144506238,-0.396408214558284
317,3850,"s15","m0",-0.3585898811192,-0.845646767070014,-2.59036749838252,-0.550307686571668
318,3860,"s15","m0",-0.444470692424788,-0.813060594202495,-2.19980885802764,-0.193398570281877
319,3895,"s15","m0",-0.426897692829125,-0.81883607844933,-2.18875494806001,-0.512836362881647
320,3902,"s15","m0",-0.467175282771721,-0.91867035482605,-2.79434474704825,-0.0273557824451271
321,3904,"s15","m0",-0.389342359897687,-0.850260920777895,-2.55637747497186,-0.33966184206904
322,3933,"s15","m0",-0.365637758927978,-0.769198575570832,-2.25419731929258,-0.583446594859931
323,3937,"s15","m0",-0.387274416868496,-0.862330142416115,-2.91244518816445,-0.329007589296208
324,3948,"s15","m0",-0.414437866049595,-0.770170232530398,-3.22671553279883,-0.278106174993488
325,3959,"s15","m0",-0.42865001595155,-0.903512388374028,-2.69823600881451,0.0679436848625508
326,3968,"s15","m0",-0.365533617935447,-0.761328941996487,-2.83083523168437,-0.508613226967905
327,3977,"s15","m0",-0.398049783991776,-0.890890189693338,-2.80398515788034,-0.293376066663705
328,3978,"s15","m0",-0.427911287034237,-0.934019258921899,-2.52461760060114,-0.412086839443269
329,3998,"s15","m0",-0.53095592510618,-1.01424028204543,-2.33695587845384,0.102008493410383
330,4010,"s15","m0",-0.436099804134352,-0.754592766988306,-2.24374978422266,-0.0616910732477209
331,4036,"s15","m0",-0.443593737955962,-1.03630145637406,-2.42533177593082,-0.270654914238296
332,4045,"s15","m0",-0.384376554797742,-0.812855691596289,-2.49141691803877,-0.724422168395468
333,4048,"s15","m0",-0.421312516417904,-1.07952610161096,-2.51169967396783,-0.411391041087459
334,4061,"s15","m0",-0.441571445339006,-1.02559002472721,-2.8529817177715,-0.201293210077014
335,4084,"s15","m0",-0.425950116199136,-0.747643242204074,-2.6515696449768,0.344303943199756
336,4092,"s15","m0",-0.402433089283642,-0.874659872659254,-2.80910435042606,-0.243814199680375
337,4097,"s15","m0",-0.481662680426422,-0.868340419388201,-2.2613559815815,0.11362860581718
338,4124,"s15","m0",-0.370527497756264,-0.722959066600058,-2.27096126687003,-0.500807461425465
339,4127,"s15","m0",-0.399757627686531,-0.781841823232229,-2.71045308256457,-0.556843184438741
340,4134,"s15","m0",-0.434029861761272,-0.805350051720087,-2.2418534975781,-0.0583077489258385
341,4165,"s15","m0",-0.445625226899202,-0.784121344348858,-2.59414127508583,-0.376396834743453
342,4175,"s15","m0",-0.35291772792538,-0.798759033262772,-2.19414250981103,-1.08627459436775
343,4182,"s15","m0",-0.436312818961353,-0.853263390037598,-2.27949227804679,-0.0253526681183339
344,4207,"s15","m0",-0.418939166220458,-0.814128485901701,-3.33855591867399,-0.214610592841814
345,4227,"s15","m0",-0.383802437689921,-0.773253288966052,-2.65471140244177,-0.36785782607277
346,4235,"s15","m0",-0.494583911382857,-0.877389103302869,-2.47955217843695,0.127251948265384
347,4243,"s15","m0",-0.397577156788179,-0.900634558783339,-2.31640380374469,-0.558146429769109
348,4252,"s15","m0",-0.446626817665942,-0.977347370756329,-3.0139108200317,0.189457430307986
349,4255,"s15","m0",-0.339771433004956,-0.779088042860654,-2.85333564717058,-0.812630449753481
350,4263,"s15","m0",-0.371586283328477,-0.862323431991317,-2.46534386691502,-0.537480495050992
351,4264,"s15","m0",-0.416517740317772,-0.800679025630189,-2.31828058281668,-0.307384699552145
352,4265,"s15","m0",-0.344970363984976,-0.759433649659022,-2.75673879014329,-0.55472768421841
353,4266,"s15","m0",-0.347425836590529,-0.684796122324826,-2.63117560034864,-0.45337337509975
354,4279,"s15","m0",-0.48753466989069,-0.702487024750838,-2.82665380611584,-0.0826497597396046
355,4311,"s15","m0",-0.420475160712299,-0.811082792435975,-2.47644033420088,0.0123681570354884
356,4314,"s15","m0",-0.451876699034916,-0.857530438017085,-2.26814228350858,-0.037470025256717
357,4316,"s15","m0",-0.397584333170334,-0.772294482297554,-2.51162612690907,-0.362194346933956
358,4318,"s15","m0",-0.419197180881805,-0.776196973564827,-2.89600429581692,-0.189127597813777
359,4325,"s15","m0",-0.490287243149751,-1.12395338049752,-2.91901653665241,-0.0677944606897505
360,4340,"s15","m0",-0.396468422703721,-0.774510844241011,-2.19451727264007,-0.306380262579791
361,4360,"s15","m0",-0.437407371703977,-0.831595093330515,-2.80568668562619,-0.13951473281642
362,4378,"s15","m0",-0.468153379979605,-0.888909094697616,-2.46916472874114,-0.076160494914178
363,4393,"s15","m0",-0.436662403170482,-0.815779109851561,-2.24986531350672,0.00475153382959235
364,4412,"s15","m0",-0.446525222103192,-0.610444274702603,-2.57930875505787,-0.380859367040056
365,4418,"s15","m0",-0.346032456272878,-0.729927121642076,-2.10553026183539,-0.801384918294515
366,4428,"s15","m0",-0.440631661662955,-0.94337781834203,-2.49236719735918,0.156922666366611
367,4432,"s15","m0",-0.51150697914645,-0.886571226386485,-2.55298851631548,0.468570985184213
368,4437,"s15","m0",-0.492024041241441,-0.74462766194483,-2.91096946986282,0.176344824885317
369,4453,"s15","m0",-0.396871812687601,-0.809261275942629,-2.42956586435883,-0.42369506320677
370,4468,"s15","m0",-0.419639725561709,-0.844958789153153,-2.87052383853355,-0.244705003144057
371,4469,"s15","m0",-0.396873954995636,-0.907875402754995,-2.71803845155391,-0.204732046377588
372,4474,"s15","m0",-0.464184343962914,-1.07588116157551,-2.41914771732293,-0.0110611816329819
373,4476,"s15","m0",-0.369918194953325,-0.676724515383052,-2.32565714237683,-0.488310953340565
374,4480,"s15","m0",-0.364623223968852,-0.809165060896095,-2.58514333210646,-0.457674309081666
375,4489,"s15","m0",-0.324303986031025,-0.809846774605858,-2.24654164959071,-1.05464148505393
376,4496,"s15","m0",-0.369074544037786,-0.690464831111049,-2.36736070839957,-0.336372582885689
377,4498,"s15","m0",-0.513240125907862,-0.810440948888273,-2.65237956463537,0.294924897618009
378,4504,"s15","m0",-0.436192097460844,-0.894956633272162,-2.724325226965,-0.180225217948372
379,4506,"s15","m0",-0.452048839379992,-0.765064500993267,-2.56546725490158,-0.295586075051078
380,4516,"s15","m0",-0.437884566634231,-0.861782522881816,-2.46155394236566,0.0990009853231161
381,4543,"s15","m0",-0.452953178502184,-0.989222399677132,-2.08406926942264,0.197671796333518
382,4546,"s15","m0",-0.428972573879789,-0.836068942921409,-2.74307794684741,-0.0700750732180955
383,4566,"s15","m0",-0.396829133354467,-0.826681164013796,-2.21046389189152,-0.428526070810515
384,4572,"s15","m0",-0.41005483338056,-0.827391013989808,-2.22626219101536,0.0531671347434884
385,4587,"s15","m0",-0.364300007414146,-0.642770829439166,-2.38121693549911,-0.681872819403438
386,4620,"s15","m0",-0.465738905384105,-0.891990951502032,-2.5145896298105,0.0218595882538749
387,4623,"s15","m0",-0.507662134591751,-1.16632983125238,-2.44027323842399,0.0445370291793778
388,4641,"s15","m0",-0.418497256186928,-0.909486333727935,-2.10644779066165,-0.415478743037954
389,4644,"s15","m0",-0.416135037344126,-0.676610415556146,-2.88789757702723,-0.100049552308625
390,4669,"s15","m0",-0.344016005286961,-0.720470335346845,-2.30971314053495,-1.03375488145559
391,4674,"s15","m0",-0.374922973178346,-0.825997832554505,-2.62277103221968,-0.491599460222517
392,4676,"s15","m0",-0.388633959900143,-0.744723653067644,-2.6717535910476,-0.0505729296975437
393,4680,"s15","m0",-0.470347144693107,-0.960918648342224,-2.90090510855635,0.0562951738341476
394,4687,"s15","m0",-0.452407250196177,-0.846791200121025,-3.20918737748104,-0.273454742144513
395,4688,"s15","m0",-0.421495066858872,-0.713415024105357,-2.44557652872,-0.311485786930629
396,4693,"s15","m0",-0.39914035346309,-0.654749486883986,-2.08665073982869,-0.147923064918024
397,4707,"s15","m0",-0.365865408421453,-0.906781520208729,-2.75351535467096,-0.587930221602337
398,4729,"s15","m0",-0.421973396518389,-0.783879943079309,-2.58338170774063,-0.176289919536887
399,4748,"s15","m0",-0.501116666726474,-0.985436385606054,-2.65135942190094,0.412503795135049
400,4757,"s15","m0",-0.436880430949002,-0.971123647561126,-2.41923105092075,0.0199851343891656
401,4787,"s15","m0",-0.40256554121192,-0.985976658357396,-2.45074352406096,-0.0883138764345551
402,4804,"s15","m0",-0.395296261618066,-0.954072480931225,-2.23684375288403,-0.380835615978666
403,4810,"s15","m0",-0.431620645711671,-0.877494003994598,-2.45825466525974,0.393791740832588
404,4819,"s15","m0",-0.363580256920411,-0.909095002557108,-3.02066948210144,-0.699646216667436
405,4822,"s15","m0",-0.434632561278811,-0.873141464537038,-2.4686493894653,-0.339935194608273
406,4826,"s15","m0",-0.317015979453322,-0.789602602048062,-2.53336735197994,-0.956354778516235
407,4870,"s15","m0",-0.483525772042947,-0.940653083652685,-2.69281925153735,0.214025364780407
408,4872,"s15","m0",-0.480800426465968,-0.976846221522081,-2.83257091513518,0.147627454065239
409,4876,"s15","m0",-0.485937252392233,-1.12935069862261,-2.6775615287095,0.0168859253005541
410,4879,"s15","m0",-0.354919364599218,-0.850780999889858,-2.51622376403143,-0.617859430583809
411,4881,"s15","m0",-0.37453869164405,-0.665330699961203,-2.55371835889915,-0.361283948515894
412,4889,"s15","m0",-0.426378511881329,-1.16756791159141,-2.62052877284293,-0.630854645930802
413,4950,"s15","m0",-0.371058961595952,-0.859321736417395,-2.66622386613727,-0.686612006770503
414,4957,"s15","m0",-0.41137935176713,-0.756403466018824,-2.46267814367392,-0.363628931709838
415,4969,"s15","m0",-0.466297335983832,-0.784980522675974,-2.77085537967989,-0.25238712372585
416,4988,"s15","m0",-0.470497595360172,-0.97439417356474,-2.51514532257509,0.0133178943577224
417,4996,"s15","m0",-0.403116616185892,-0.954251298143895,-2.3198413554434,-0.211225464347977
418,5003,"s15","m0",-0.4834046284559,-0.755790005757967,-2.54015523357013,-0.0604673941429761
419,5020,"s15","m0",-0.4052963198499,-1.00824316015477,-2.40182351153639,-0.469312602708099
420,5021,"s15","m0",-0.493621926387194,-0.919440232382283,-2.71652634545266,0.0294525769814746
421,5028,"s15","m0",-0.442917427239138,-0.856166678266516,-2.19532630724804,-0.199909363577574
422,5041,"s15","m0",-0.4695991372476,-0.837129434542177,-2.76687098545281,-0.146649980854281
423,5053,"s15","m0",-0.433183468686515,-0.904043982828682,-2.42205794784965,-0.407452315128217
424,5063,"s15","m0",-0.385459166192825,-0.811408793018115,-2.92488663620144,-0.39421089802279
425,5070,"s15","m0",-0.499663026216576,-0.862460998118564,-1.88792254135364,0.339363708167174
426,5077,"s15","m0",-0.461108708229434,-0.957520966345207,-2.92098550936063,-0.15341399608195
427,5122,"s15","m0",-0.495805021626454,-0.965109794959009,-2.73752723371348,0.00132311568131081
428,5136,"s15","m0",-0.37576211058238,-0.662359502187735,-2.65392061695902,-0.282067989794914
429,5149,"s15","m0",-0.457562787029529,-0.838843342738663,-2.10184131459415,0.212634556769659
430,5174,"s15","m0",-0.401041433993005,-0.591463657876094,-2.88944436296319,-0.190987645655515
431,5198,"s15","m0",-0.437008208006977,-0.700176051525129,-2.49922992102238,0.237976230278736
432,5207,"s15","m0",-0.464393832627152,-0.691684457659606,-3.09318612973682,-0.0134303597311236
433,5211,"s15","m0",-0.35084581334735,-0.704223567466083,-2.39232862409123,-0.669106561323596
434,5217,"s15","m0",-0.456984967294509,-0.767365515892911,-2.84033594657362,0.11055677801256
435,5240,"s15","m0",-0.386594342718848,-0.792805506262821,-2.67575656444637,0.0494699105979655
436,5243,"s15","m0",-0.440738652117764,-0.969921641364199,-2.4228337252068,-0.207336547340388
437,5245,"s15","m0",-0.485737580744173,-0.721644000074924,-2.84974222072355,0.458108922657153
438,5251,"s15","m0",-0.40999321482948,-1.12837701312876,-2.46626278273302,-0.354427670723859
439,5256,"s15","m0",-0.474734624019623,-0.894314733618861,-2.72094808980069,0.410967254253564
440,5266,"s15","m0",-0.384178023332333,-0.800524687435913,-2.62845557301922,-0.315673326328109
441,5270,"s15","m0",-0.412363785346537,-0.902256295128457,-2.25554062596657,-0.314418553612508
442,5281,"s15","m0",-0.459539325148614,-0.950628720194501,-2.31028739389347,-0.222676170925463
443,5283,"s15","m0",-0.418676513319764,-0.718852989037117,-2.52654647487595,-0.0392790817210767
444,5295,"s15","m0",-0.431396092478067,-0.846058582843117,-2.70802103497112,-0.0857864158102448
445,5311,"s15","m0",-0.491137307736332,-1.0111067948044,-2.87256616150301,0.372862005015807
446,5318,"s15","m0",-0.393723648300403,-0.920314749818311,-2.46765892418289,-0.253172327203911
447,5335,"s15","m0",-0.427004173323868,-0.738700569960568,-2.14216711427244,0.165541850611909
448,5339,"s15","m0",-0.452497564379824,-0.949300613808795,-2.36604513959242,0.136063371444952
449,5355,"s15","m0",-0.437908606050864,-0.80748748226327,-2.44654134288177,-0.0886782040041378
450,5362,"s15","m0",-0.369356991745541,-0.698749157429987,-2.48502090900286,-0.240974134494637
451,5367,"s15","m0",-0.462917077390847,-0.94992603830859,-2.45780629473137,-0.0454961563567884
452,5375,"s15","m0",-0.418460679204894,-0.802165648546017,-2.56524946801013,-0.35583833993674
453,5384,"s15","m0",-0.400572237428999,-0.74694593168446,-2.88252229405262,-0.264767202368941
454,5397,"s15","m0",-0.390514041558602,-0.699610776424322,-2.93474002956598,-0.12289165379642
455,5422,"s15","m0",-0.418418428586257,-0.967886019516999,-2.65894787940934,-0.661572389686201
456,5439,"s15","m0",-0.5535818294603,-0.923122513154728,-2.26839867350498,0.595477720916362
457,5455,"s15","m0",-0.393535015632357,-0.920390237921524,-2.5550215567724,-0.438178994589293
458,5459,"s15","m0",-0.433564005274177,-0.724892346469448,-2.55177545967822,-0.0507644567995112
459,5462,"s15","m0",-0.40670970126649,-0.79132206363012,-2.27687441064912,-0.179753953008541
460,5475,"s15","m0",-0.46742890770782,-0.776757165774488,-2.59512291918164,0.168501505945471
461,5476,"s15","m0",-0.401068443724067,-0.885921403389663,-2.50816352370989,-0.555829305599699
462,5481,"s15","m0",-0.440770734342067,-1.07144600872822,-2.54228108319417,0.0330489330469042
463,5489,"s15","m0",-0.428841517812787,-0.91668739815816,-2.77291151117617,0.151871345835844
464,5491,"s15","m0",-0.423143320215668,-0.66175896299441,-2.04713665210162,-0.144867887625068
465,5500,"s15","m0",-0.427336150965657,-0.846509620753507,-2.32957087870114,-0.273338076850733
466,5505,"s15","m0",-0.380934814008499,-0.903419588226928,-2.61004067757811,-0.510073781688821
467,5508,"s15","m0",-0.407645514167403,-0.939841090415158,-2.41035662432175,-0.159186873636528
468,5511,"s15","m0",-0.434669453641176,-0.810792648805696,-2.21408099994527,-0.227719275550436
469,5532,"s15","m0",-0.421572754411498,-0.660254591506977,-2.60006284722543,-0.133958865063065
470,5549,"s15","m0",-0.388233378747206,-1.11239102345931,-3.0227943812622,-0.211698414740738
471,5557,"s15","m0",-0.416021135898335,-0.821760483544988,-2.76428180791837,-0.223651859629199
472,5562,"s15","m0",-0.390125443073715,-0.752241741905906,-2.52454812068281,-0.279647357785428
473,5575,"s15","m0",-0.432089123586179,-0.841319044885116,-2.38467665731798,-0.299843937601883
474,5578,"s15","m0",-0.417307122534262,-0.83203703982749,-2.79293078315034,0.193981456577658
475,5589,"s15","m0",-0.513392152864557,-1.10613859772432,-2.39076366412202,0.279373491167
476,5596,"s15","m0",-0.438841765109344,-0.9775289874393,-2.449730987796,-0.2080909371742
477,5612,"s15","m0",-0.469502266617314,-1.09130450809882,-2.7032341817992,0.37946128043364
478,5619,"s15","m0",-0.501015294014625,-1.01851952063955,-2.28834114851769,0.142053855614478
479,5621,"s15","m0",-0.458827690662592,-0.862469505408791,-2.58832448375935,0.0391768055962363
480,5624,"s15","m0",-0.43217331378762,-0.774154792872598,-2.39123643101891,-0.174149442216685
481,5626,"s15","m0",-0.457991207180481,-0.892761924780541,-2.28538261772209,-0.138086990728809
482,5643,"s15","m0",-0.395102198228126,-0.786310817246317,-2.82546537327078,-0.588786242217466
483,5646,"s15","m0",-0.432992313247957,-0.642562370313999,-2.64763515814523,-0.249561609413613
484,5654,"s15","m0",-0.480354854999978,-1.01092181456539,-2.64868173113094,0.178953697901423
485,5665,"s15","m0",-0.455371262222499,-0.724294070261358,-2.69974519415093,0.106287685626628
486,5668,"s15","m0",-0.374004021108772,-0.764870491872842,-2.61893757984577,-0.533542476495872
487,5677,"s15","m0",-0.477301979706469,-0.919850938154695,-2.3459293509875,0.24141345646086
488,5687,"s15","m0",-0.424859030698717,-0.963150437504184,-2.573843821791,-0.216529832126999
489,5688,"s15","m0",-0.393965747903695,-1.07906427957921,-2.64143808479664,-0.444713038569998
490,5704,"s15","m0",-0.382123355764266,-0.555159989015495,-2.18018337032664,-0.266895005415866
491,5711,"s15","m0",-0.414759471384557,-0.853059740978244,-2.51881041534999,-0.346321663049875
492,5738,"s15","m0",-0.431471332813145,-1.01908984295134,-2.88721660104694,-0.774060120961305
493,5752,"s15","m0",-0.454223757642284,-1.10806420937016,-2.34272452106041,-0.230834662458134
494,5756,"s15","m0",-0.421722620819328,-0.782041936463186,-2.76403042475065,-0.4351049716279
495,5759,"s15","m0",-0.376478629508239,-0.636740910882305,-2.29270315028257,-0.0931056132332503
496,5773,"s15","m0",-0.441985166976788,-0.948302524571826,-2.37802501795771,0.0350608994571736
497,5776,"s15","m0",-0.387199514552074,-0.608983502585571,-2.76953339191089,-1.12199571334087
498,5808,"s15","m0",-0.414135143371705,-0.872865279820656,-2.40170966416542,-0.0577279958957656
499,5819,"s15","m0",-0.429110005471659,-0.694277260928547,-2.33042637172539,-0.321919338936944
500,5821,"s15","m0",-0.385996164987958,-0.671567078146379,-2.03987104147129,-0.70876472006442
501,5827,"s15","m0",-0.422679756641155,-0.776389952291099,-2.55786322211443,-0.373671936142702
502,5841,"s15","m0",-0.437416733880367,-0.815439932095529,-2.01974209386291,-0.274018859864983
503,5859,"s15","m0",-0.494633998385381,-0.862279645277576,-2.1393707316888,0.0620232031868608
504,5861,"s15","m0",-0.402062072351051,-0.733663340106589,-2.39963076627996,-0.37435962957177
505,5876,"s15","m0",-0.335409002189095,-0.758813089906625,-2.37257978353941,-0.510511822715759
506,5892,"s15","m0",-0.462146788762432,-0.86642744734182,-2.37363153961288,0.118256013664827
507,5902,"s15","m0",-0.373013216634596,-0.905373486644046,-1.89656393535682,-0.346721690875128
508,5908,"s15","m0",-0.440791844203221,-0.807677947839419,-2.72277576408732,0.0340500028481966
509,5934,"s15","m0",-0.469969971941904,-0.77289893040826,-2.20201860538095,-0.298551274414285
510,5941,"s15","m0",-0.375333490502425,-0.767914601387429,-3.05316629604245,-0.556468489137
511,5954,"s15","m0",-0.39975456794689,-0.768420405828663,-2.80952784739917,-0.259846266390287
512,5968,"s15","m0",-0.379199404508973,-0.945905788895845,-2.78516712450734,-0.532346981237553
513,5991,"s15","m0",-0.399646624590644,-0.876463209311063,-2.90900377312315,-0.315130189557493
514,6015,"s15","m0",-0.482051417174587,-0.95138516462263,-2.46537004557839,0.239347392288328
515,6020,"s15","m0",-0.453240848866337,-0.722870557747187,-2.57113282309634,-0.000757136394716098
516,6021,"s15","m0",-0.488498177150995,-0.729428236775257,-2.92456323557977,0.0898260534707323
517,6026,"s15","m0",-0.409171568962487,-1.00479628717435,-2.36954591942419,-0.227093758269315
518,6050,"s15","m0",-0.459001946846027,-1.01421600289404,-2.57854387092522,-0.560892712133055
519,6054,"s15","m0",-0.49804528017117,-0.895337698452794,-2.5620424448032,0.641770443492142
520,6066,"s15","m0",-0.423602524800444,-0.735964661149729,-3.09538742998405,-0.0516509500676332
521,6067,"s15","m0",-0.326102123642636,-0.733477261294729,-2.47102288486673,-0.442847600211496
522,6069,"s15","m0",-0.44315591823783,-0.745922377904136,-3.0670083923914,-0.159064566720751
523,6077,"s15","m0",-0.383169431447692,-0.719152719106934,-2.91764583829047,-0.304254033487846
524,6086,"s15","m0",-0.375317267607713,-0.795134301296362,-2.53263090777156,-0.665016892480888
525,6093,"s15","m0",-0.454185055775609,-0.64445580991208,-2.44270167237998,0.165857934811425
526,6097,"s15","m0",-0.443069141289045,-0.867360435308345,-2.27154716053757,-0.381544148469522
527,6111,"s15","m0",-0.49499346152328,-0.858515061332502,-2.33211205106515,0.145950233428825
528,6112,"s15","m0",-0.454029948875358,-1.01415330801328,-2.31127831769821,0.010804266645361
529,6129,"s15","m0",-0.420891551190211,-0.892239492037613,-3.00283133470194,0.174170317581032
530,6155,"s15","m0",-0.431764273545676,-0.847987076319391,-2.86971722375916,-0.0636491494109852
531,6160,"s15","m0",-0.34692555761249,-0.882951684108018,-2.60142148416018,-0.62581269149105
532,6176,"s15","m0",-0.415509587317786,-1.02839310278895,-2.97683237450516,-0.025830941303713
533,6182,"s15","m0",-0.506678707070657,-0.805438212209085,-2.88677686304569,0.363172350905052
534,6194,"s15","m0",-0.418096368795305,-0.84728353046894,-1.9148942854533,-0.387595097092367
535,6197,"s15","m0",-0.399725666333049,-0.801671874213611,-2.57832839114853,-0.446411829166589
536,6204,"s15","m0",-0.384484960292876,-0.673624586743958,-2.63473914806469,-0.449620121482096
537,6218,"s15","m0",-0.434318102293857,-0.904659876908391,-2.2169980673484,0.163626199598313
538,6234,"s15","m0",-0.42790478913672,-0.791422536411849,-2.743601001904,-0.0275099035848354
539,6251,"s15","m0",-0.476929979270584,-0.945586756515012,-2.40046052882923,0.158103895128713
540,6262,"s15","m0",-0.52717478711804,-1.05720339206941,-2.73267699801441,0.125912155100299
541,6264,"s15","m0",-0.512043911745856,-0.838539860794224,-2.17333110376056,0.375871427832611
542,6269,"s15","m0",-0.394574556292571,-0.791014042240704,-2.6696598836404,-0.427954196797497
543,6317,"s15","m0",-0.410887446898757,-0.860531454396934,-2.52249365932534,-0.172847889909663
544,6322,"s15","m0",-0.514210302893877,-0.963964000558586,-2.25509863466491,0.336273310570573
545,6348,"s15","m0",-0.485397035772692,-0.796040005553947,-2.12406965678167,0.272780275289663
546,6363,"s15","m0",-0.488634281887852,-0.631804662558036,-2.41791814924866,0.292102437580103
547,6380,"s15","m0",-0.446926856556437,-0.869641155942001,-2.8980195723065,-0.0485043068834384
548,6385,"s15","m0",-0.444895022426332,-0.654697365250757,-2.37617980203661,-0.65759192420712
549,6411,"s15","m0",-0.391648834801228,-0.592144885869091,-2.39736056385319,-0.563836143863163
550,6434,"s15","m0",-0.359844527075908,-0.810248269230907,-2.55289137570325,-0.648488918334658
551,6441,"s15","m0",-0.382206998275704,-0.669964961816674,-2.37635055248975,-0.327697405524529
552,6443,"s15","m0",-0.437522008501982,-0.930037009575552,-2.78750475684607,0.0452994465690332
553,6449,"s15","m0",-0.398566827295348,-0.846264070595501,-2.82534682226963,-0.572117040004284
554,6454,"s15","m0",-0.400242674135886,-0.903523590328202,-2.43987700931547,-0.611523906331245
555,6478,"s15","m0",-0.407945584093876,-1.12373275807191,-2.07994502376246,-0.187925574084064
556,6500,"s15","m0",-0.435371949378935,-0.923490010073463,-2.9052513304578,-0.244034483033989
557,6503,"s15","m0",-0.442528761251894,-0.738516919938987,-2.45644049478338,-0.165156478014871
558,6510,"s15","m0",-0.492025512060288,-0.898817175281036,-2.9624784402678,0.315419327485239
559,6517,"s15","m0",-0.436885232001839,-1.11925693072092,-2.64575725717058,0.0556051007018783
560,6528,"s15","m0",-0.505800428771031,-1.01354070031653,-2.25563222706926,0.248922064964661
561,6575,"s15","m0",-0.397068046042821,-0.606315372675503,-2.81472252077825,-0.506848674955979
562,6593,"s15","m0",-0.418622987519959,-0.782364368043225,-2.48278117433983,-0.235527877397736
563,6600,"s15","m0",-0.45017619382375,-0.90300355566424,-2.63952012397341,0.0212247589593774
564,6619,"s15","m0",-0.417906608443618,-0.768341407037943,-2.60009902283363,-0.142556744712742
565,6641,"s15","m0",-0.377394341045956,-0.777216856443293,-2.07614870550591,-0.38988083323815
566,6654,"s15","m0",-0.41419528020487,-0.927956173234707,-2.21640925029978,-0.287962650426371
567,6659,"s15","m0",-0.418272078731479,-0.995571031632507,-2.65432984755772,-0.520597528794151
568,6661,"s15","m0",-0.411546010024438,-0.823585479732179,-2.38022432525851,-0.0829635763572587
569,6677,"s15","m0",-0.412539750560104,-1.0027524189636,-1.9306741549748,-0.151394759725894
570,6693,"s15","m0",-0.470969120288886,-1.20305458483221,-3.18930993757141,-0.0657509370935608
571,6715,"s15","m0",-0.425568215326086,-0.845486356774321,-2.30174616995054,-0.329755279948822
572,6716,"s15","m0",-0.37158270667583,-0.664238314457512,-2.60559615204654,-0.382184511657342
573,6738,"s15","m0",-0.462917479966929,-0.893238141417736,-2.09207760592382,-0.0188027902263552
574,6751,"s15","m0",-0.410048689793522,-0.612009216712673,-2.89494661183453,-0.13383853637991
575,6767,"s15","m0",-0.356661415051216,-0.618177277461312,-2.19070338681267,-0.679309902169588
576,6772,"s15","m0",-0.403450918065364,-0.931870821393069,-1.98625217311037,-0.303154603458822
577,6782,"s15","m0",-0.459749217453477,-0.939984380903461,-2.70832904282327,0.0497911207595916
578,6789,"s15","m0",-0.356469738263572,-0.91689087489905,-2.27010575623495,-0.857433627798835
579,6804,"s15","m0",-0.463568025719489,-1.19316802363957,-2.65425313587099,0.220487423922607
580,6817,"s15","m0",-0.383875193860513,-0.856862488974296,-2.18908861669513,-0.435686683735467
581,6846,"s15","m0",-0.496718632865844,-1.02132746593051,-2.53868226581588,0.40363094877547
582,6853,"s15","m0",-0.410486156294008,-0.802152559673811,-2.49367712621392,-0.132468975023748
583,6860,"s15","m0",-0.426655002631744,-0.74177887537538,-2.08841488505399,-0.0933320420019083
584,6868,"s15","m0",-0.398680152553993,-0.790110916598496,-2.92717695138722,-0.482426386376971
585,6870,"s15","m0",-0.476654072032884,-0.800786393377224,-2.42651620333816,0.255348780044412
586,6875,"s15","m0",-0.494969898772462,-0.817890747945041,-3.18979961408762,0.190712227818853
587,6876,"s15","m0",-0.490279546753508,-1.0146892618384,-2.12084908209938,0.0302071010950096
588,6880,"s15","m0",-0.444082517424105,-0.696008977042847,-2.79588707837615,0.158739440792842
589,6893,"s15","m0",-0.365038423727203,-0.735393131573449,-3.15446562000264,-0.817737446545225
590,6895,"s15","m0",-0.443933687005093,-1.13735799913417,-2.42068538123246,-0.107215122155798
591,6913,"s15","m0",-0.467989185563866,-0.824443870711887,-2.49199019033986,-0.055959285348477
592,6937,"s15","m0",-0.438679217735215,-0.935352678980316,-2.37620624335819,-0.0684864773142523
593,6955,"s15","m0",-0.455014139849115,-0.746636342978772,-2.47893676396413,0.0926990251355312
594,6962,"s15","m0",-0.447650415374729,-0.89821752040521,-2.77122336666992,-0.21968309646566
595,6964,"s15","m0",-0.412068806802036,-0.744403777337494,-2.40935010746452,-0.106561926804136
596,6969,"s15","m0",-0.40250813581159,-0.870045997387583,-2.16208255661629,-0.124327836051234
597,6976,"s15","m0",-0.42357171212364,-0.879451594425582,-2.4543060548202,-0.0992667132435529
598,6979,"s15","m0",-0.382286843329567,-0.93779812596532,-2.46780382305451,-0.349784869570056
599,6980,"s15","m0",-0.467715478208497,-0.690266186056845,-2.5544774470796,0.0916270020270204
600,7007,"s15","m0",-0.36360710013167,-0.878230686311066,-2.64527368334868,-0.355698289812572
601,7025,"s15","m0",-0.345955093678168,-0.635539149149278,-2.16445146460171,-0.567601635300286
602,7028,"s15","m0",-0.44527174887638,-1.01003124878867,-2.86402696691787,0.284721059626004
603,7031,"s15","m0",-0.433044256699648,-0.856216756040227,-2.7662915934602,0.0353835362945234
604,7032,"s15","m0",-0.467231163317509,-0.759703010921268,-2.62602065686524,0.038519594554624
605,7067,"s15","m0",-0.412696154670012,-0.888153323969954,-2.59390834213504,0.0204278371998237
606,7074,"s15","m0",-0.407357846176763,-0.872150060272759,-2.50873156935746,-0.377105794047042
607,7088,"s15","m0",-0.522200552417144,-1.08165348491523,-2.57475773612371,0.478777536489141
608,7098,"s15","m0",-0.440408466958433,-0.976339188412798,-2.18265384229541,0.0183805874921265
609,7197,"s15","m0",-0.393108722946353,-0.880896003586739,-2.98666594834588,-0.881371253814087
610,7206,"s15","m0",-0.456959903156954,-0.863776089823171,-3.10781890049727,0.231320728333118
611,7213,"s15","m0",-0.379760027368403,-0.891499758593307,-2.54931275993229,-0.317089276226771
612,7223,"s15","m0",-0.372254697643325,-0.859292241635305,-2.31483178858096,-0.329908526273583
613,7234,"s15","m0",-0.376583149910777,-0.847627815866015,-2.16432261356243,-0.877863510556678
614,7236,"s15","m0",-0.440031510542189,-0.797737896809098,-2.14839892432725,-0.0727246866544183
615,7297,"s15","m0",-0.46361747814862,-0.944577693925479,-3.03776979296928,0.165712605929305
616,7311,"s15","m0",-0.421188779043807,-1.07340568102874,-2.94012831976923,-0.0163512638859872
617,7314,"s15","m0",-0.388082899206202,-0.81856625572596,-2.65574928769441,-0.555350955304556
618,7317,"s15","m0",-0.428873369172282,-0.818182997697475,-2.72048528768149,-0.0312914818575721
619,7333,"s15","m0",-0.379691479772574,-0.643143445275956,-2.71577479787607,-0.459135352438594
620,7341,"s15","m0",-0.424479292224616,-0.907890462570119,-2.71417712425326,0.226517989088203
621,7360,"s15","m0",-0.452306025444857,-0.934332494814021,-2.82368839148966,0.0211502623712082
622,7363,"s15","m0",-0.413242158437715,-0.859226654590496,-2.30960804906654,0.0952584114006036
623,7369,"s15","m0",-0.424284214540655,-0.5631273864049,-2.75184582581903,-0.513469723560364
624,7380,"s15","m0",-0.42400479404406,-0.896766972893995,-3.02948237060178,-0.0811079428466162
625,7391,"s15","m0",-0.430521232827694,-0.741481511656883,-2.58002617732797,-0.327866123680696
626,7404,"s15","m0",-0.448004118609123,-0.961183132527666,-2.61163138373619,0.0992505339330577
627,7409,"s15","m0",-0.515646722536894,-0.996663290607653,-2.59116384237384,0.369173042740829
628,7416,"s15","m0",-0.436847303759478,-0.746070732381497,-2.26469537243173,-0.321838685930998
629,7418,"s15","m0",-0.435691485517758,-0.980774518343837,-2.75436285691039,-0.221339024589494
630,7431,"s15","m0",-0.394296420259953,-0.72759395607904,-2.46860024438943,-0.438905177970216
631,7443,"s15","m0",-0.480488988735025,-1.15681614612789,-2.2069758248774,0.287708738166711
632,7451,"s15","m0",-0.34339345084985,-0.814792333076329,-2.19057407615636,-0.34941109098369
633,7469,"s15","m0",-0.315396754490008,-0.867548829570149,-2.64389337911724,-0.631113301957163
634,7492,"s15","m0",-0.437591219400089,-0.842660247872504,-2.2773022933465,-0.300485256377404
635,7502,"s15","m0",-0.459103225201124,-0.952604607779546,-2.45957597698833,0.085533227022301
636,7513,"s15","m0",-0.398537408870028,-1.03719917260451,-2.56367302215909,-0.194135897057992
637,7526,"s15","m0",-0.4807837128562,-0.829084578335955,-2.6634734506384,0.277634767934596
638,7527,"s15","m0",-0.430734158111178,-0.830656700016479,-2.40394989022068,-0.380142184057544
639,7538,"s15","m0",-0.432925300170973,-0.848140553429374,-2.47812919425835,-0.0939314219607722
640,7539,"s15","m0",-0.435925080798764,-0.860580554358638,-2.34564903746947,-0.0591410474694342
641,7550,"s15","m0",-0.401920652450987,-0.8480138183587,-2.58124634314493,-0.0826173090499038
642,7554,"s15","m0",-0.395153126818255,-0.998485270790447,-2.69014601877758,-0.206376629031821
643,7596,"s15","m0",-0.500741398716604,-0.768135203965697,-2.28966532608962,0.267368063263768
644,7616,"s15","m0",-0.403914893913359,-0.631662383371705,-2.09311689909753,-0.15420832758706
645,7621,"s15","m0",-0.44888356658836,-0.915960788270784,-2.87664077182601,-0.108428993548898
646,7624,"s15","m0",-0.493171329250513,-1.05187076993285,-2.44221881262346,-0.187313908913479
647,7625,"s15","m0",-0.386595049642499,-0.84529798785914,-2.16907728491287,-0.620916558308871
648,7635,"s15","m0",-0.394066261139489,-0.769512680971334,-2.6327271524562,-0.279699723640223
649,7656,"s15","m0",-0.414130471362344,-0.845181035880458,-2.88132915046319,0.0955776872776487
650,7657,"s15","m0",-0.42063701315384,-0.889211987711641,-2.57086423277943,-0.00645331189381678
651,7663,"s15","m0",-0.411200556266696,-1.07336641005977,-3.07127504943296,-0.163710678457074
652,7664,"s15","m0",-0.376246166477862,-0.97593450530283,-2.56235606657535,-0.265415749159016
653,7680,"s15","m0",-0.367630284225497,-0.597487553628428,-2.39135464597685,-0.729081949107099
654,7706,"s15","m0",-0.511831320526709,-1.14635509433312,-2.47596041040303,0.447878185841246
655,7722,"s15","m0",-0.399530032726315,-0.859381363115918,-2.42261600652623,-0.0478467406213593
656,7724,"s15","m0",-0.493780561221619,-0.945318780232779,-2.84621884213603,-0.123327436776401
657,7726,"s15","m0",-0.377623757270203,-0.71481784322398,-2.60084977471206,-0.469102331611337
658,7737,"s15","m0",-0.405253459038458,-0.795531054893378,-2.91241305642973,-0.251198832530182
659,7742,"s15","m0",-0.469235498770685,-0.918156439974123,-2.83294747587239,-0.205268784157446
660,7750,"s15","m0",-0.51002128250137,-1.03603137320418,-2.81003597230131,0.532699519401008
661,7754,"s15","m0",-0.380861586523215,-0.718499720577298,-2.28985154848016,-0.152150447227916
662,7756,"s15","m0",-0.35854935196105,-0.766816132421127,-2.13642685923367,-1.00191624697174
663,7763,"s15","m0",-0.417139598666144,-0.963951405070945,-2.22165560513504,-0.447210339896196
664,7764,"s15","m0",-0.425416257044165,-0.702893446858869,-2.63104020760392,-0.567733948984127
665,7770,"s15","m0",-0.401904657261646,-0.859155404685376,-2.76933021916532,-0.119601566448656
666,7777,"s15","m0",-0.408503012079074,-0.73920266874272,-2.74049692913347,-0.290192904352801
667,7785,"s15","m0",-0.426710031860156,-0.991372115304936,-2.12430970795486,-0.388701945612117
668,7808,"s15","m0",-0.484905156469564,-0.894883566147282,-2.2006851348617,0.278089396412016
669,7830,"s15","m0",-0.378769261830626,-0.946681790206502,-2.30737074945984,-0.0760168117489321
670,7843,"s15","m0",-0.430727836676782,-0.99165173193977,-2.34314080069043,-0.167207184126587
671,7845,"s15","m0",-0.399380323420775,-0.791766584194331,-2.44931955528357,-0.265003809998249
672,7860,"s15","m0",-0.491182955148479,-0.841412581217592,-2.6414430195096,0.0122385219171003
673,7874,"s15","m0",-0.378236406862752,-0.952222341430186,-2.61614548848231,-0.451928204352022
674,7904,"s15","m0",-0.367922287806183,-0.809230716934061,-2.92609974329493,-0.168544094644984
675,7913,"s15","m0",-0.421283006128754,-0.943910857888444,-2.07425400918275,-0.00662553461690797
676,7919,"s15","m0",-0.426463528592749,-0.976322482183761,-2.66975780942962,-0.0871346691081747
677,7920,"s15","m0",-0.437207669178125,-0.944022568387687,-2.83325847787616,-0.172364881818787
678,7935,"s15","m0",-0.41019864624454,-1.05170828944261,-2.42989577470673,0.094621378998897
679,7937,"s15","m0",-0.479696132081859,-1.00344246496147,-3.10897574537865,0.109816657676323
680,7958,"s15","m0",-0.468088686051288,-0.852567264915639,-2.50992780812301,0.0431744802187329
681,7988,"s15","m0",-0.344959496340978,-0.674497720118989,-2.32782688322867,-0.394537284885552
682,7990,"s15","m0",-0.428775549356736,-0.94977489704876,-2.04498881279569,-0.672262772521844
683,8001,"s15","m0",-0.352168480886603,-0.680537208130002,-2.13466650231676,-0.361716342958555
684,8006,"s15","m0",-0.35338482481252,-0.831924069294195,-2.65166685224171,-0.46239501387084
685,8030,"s15","m0",-0.465373283742036,-0.803463306410854,-2.48240825549113,0.225639341144306
686,8043,"s15","m0",-0.417940419600005,-0.633747950152499,-2.98924988046871,-0.20914650463496
687,8052,"s15","m0",-0.426999466369268,-0.922825007009973,-2.6146989745377,-0.0844250550368222
688,8088,"s15","m0",-0.480603785528207,-1.03433377442463,-2.80895470086598,-0.100526375733023
689,8120,"s15","m0",-0.497487797030711,-0.908944148176401,-2.36684775043829,0.137721083465122
690,8125,"s15","m0",-0.455747772115184,-0.868164558957392,-2.39986868634873,-0.179120080132409
691,8132,"s15","m0",-0.432486573065272,-0.900689032377986,-2.55335902652528,0.00790902450044059
692,8153,"s15","m0",-0.465191092161043,-1.05525304787453,-2.54283362691046,0.179465770003555
693,8160,"s15","m0",-0.400586454819429,-0.632350415267157,-2.57107155671193,-0.317450653696294
694,8165,"s15","m0",-0.433107625038155,-0.986245347798869,-2.85390853100113,0.12545462542828
695,8167,"s15","m0",-0.39511153847252,-0.980258316578537,-2.50165472481635,-0.816881555711136
696,8172,"s15","m0",-0.404450650221558,-0.667088991344487,-2.48471086813551,-0.0603327511060485
697,8178,"s15","m0",-0.418585679782655,-0.847702122230212,-2.55431387616338,-0.023839602426048
698,8187,"s15","m0",-0.36910735547237,-0.782530464161961,-2.31257768855412,-0.453981791704062
699,8202,"s15","m0",-0.441048412771226,-0.730918788747877,-2.34370872611697,-0.0643553782971387
700,8205,"s15","m0",-0.381226677001155,-0.880155293982431,-2.57499870162586,-0.254456731036675
701,8231,"s15","m0",-0.433153895391612,-0.970338493572235,-2.38739566540708,-0.201787680981457
702,8240,"s15","m0",-0.457109577989683,-0.96693328112945,-2.45826779226553,-0.335553797961784
703,8246,"s15","m0",-0.427073328915485,-0.969415595360365,-2.70691754405467,-0.395076681986673
704,8263,"s15","m0",-0.42340342684956,-0.707025583755141,-2.48650546800237,0.0229582507227827
705,8268,"s15","m0",-0.404440555603288,-0.765575440130974,-2.48679616549689,-0.408165901764913
706,8276,"s15","m0",-0.40829983163457,-0.944032942323029,-2.47178693353722,-0.282599838907897
707,8283,"s15","m0",-0.432230809095847,-0.743902984699598,-2.49593269960351,-0.283921854717183
708,8298,"s15","m0",-0.363168669396479,-0.890010602856813,-2.39736658789788,-0.520803224082176
709,8317,"s15","m0",-0.380520312782927,-0.804568519674133,-2.42264896739826,-0.728039632888967
710,8319,"s15","m0",-0.371083716082263,-0.705858611017166,-2.75828895160234,-0.635175015739157
711,8323,"s15","m0",-0.475544833141306,-0.947142626345812,-2.10385636323744,0.175915683898906
712,8343,"s15","m0",-0.508325680564338,-0.88689006809872,-2.57918613513301,0.252635770570655
713,8365,"s15","m0",-0.379267457352449,-0.961659798115249,-2.61540759697242,-0.443620503627129
714,8371,"s15","m0",-0.463502037855937,-0.772649683606537,-2.51469221529814,0.214348018875293
715,8386,"s15","m0",-0.509161952468798,-0.968426880300532,-2.31766606830954,0.414024112058972
716,8410,"s15","m0",-0.435917973128673,-0.988492878736672,-2.51364099720957,0.237893454896843
717,8428,"s15","m0",-0.410623083426657,-1.03405497501455,-2.39868785421129,-0.528362027291934
718,8430,"s15","m0",-0.418291153923382,-0.874427148539267,-2.52976592979636,-0.115899497194444
719,8434,"s15","m0",-0.448159145376078,-0.872526732734979,-2.27591647185331,-0.230688080387793
720,8480,"s15","m0",-0.345096178009652,-0.877629004298929,-2.36820858967048,-0.933877430370019
721,8488,"s15","m0",-0.442613525512475,-0.766028955395987,-2.39131897056529,-0.0617019675849318
722,8490,"s15","m0",-0.359882961941339,-0.609660899619914,-2.49475603994909,-0.485546105038233
723,8497,"s15","m0",-0.458027562857206,-1.02174605187021,-2.68666319239327,0.0643520313421447
724,8509,"s15","m0",-0.382493105007712,-0.808886070175134,-2.3531531883693,-0.229900827018837
725,8510,"s15","m0",-0.384262262715152,-0.790555211552669,-2.68213565560171,-0.853494196758256
726,8533,"s15","m0",-0.476808248609589,-0.902454715326365,-2.63638910437216,0.0758298441773954
727,8535,"s15","m0",-0.458865155324735,-0.959968116234268,-3.19716705829891,-0.208981777363212
728,8540,"s15","m0",-0.449144915174238,-0.904152905451626,-2.26497541952777,-0.0753830606705747
729,8555,"s15","m0",-0.470995446532896,-0.734856928256156,-2.68206366912868,0.0017543877729543
730,8565,"s15","m0",-0.370687180850578,-0.752537599111277,-2.65523972038276,-0.558676781000682
731,8566,"s15","m0",-0.4086551049391,-0.85002186387268,-2.03548990973587,-0.260082268625787
732,8573,"s15","m0",-0.349000521810287,-0.776197617956802,-2.5820262936036,-0.441567829325963
733,8579,"s15","m0",-0.39670570975063,-0.783189331864464,-2.03442693621522,-0.294888181620003
734,8586,"s15","m0",-0.459391059558949,-0.893825727843478,-2.5511825113471,-0.0857619192475684
735,8598,"s15","m0",-0.342395723325553,-0.613517930819548,-2.74629600552062,-0.78891116257569
736,8600,"s15","m0",-0.386538018164367,-0.816847885219259,-2.13040682819167,-0.776237180935093
737,8605,"s15","m0",-0.44319072479342,-1.00715951901916,-2.6010793518359,-0.268856037755338
738,8614,"s15","m0",-0.463592046721488,-1.06813894111686,-2.68047910088916,-0.197518193089532
739,8616,"s15","m0",-0.416699455014801,-0.83930946743128,-2.98272442822372,-0.386009853065651
740,8640,"s15","m0",-0.436281284167574,-0.765540775721479,-2.39931043801554,-0.511820286699061
741,8658,"s15","m0",-0.422854655549989,-0.798957212519388,-1.96649931423075,0.0906881033154811
742,8666,"s15","m0",-0.362986008288808,-0.933021411571238,-2.21803882029003,-0.317017862154868
743,8684,"s15","m0",-0.493039028266075,-0.841522612469958,-2.34108812828377,-0.0997696124407325
744,8713,"s15","m0",-0.410533401443418,-0.79090901016027,-3.14771772740341,-0.02367624786051
745,8718,"s15","m0",-0.438246010799047,-1.00405496181924,-2.91279321118793,-0.0886129354853013
746,8720,"s15","m0",-0.409077093836925,-0.900858363406727,-2.28924441769939,-0.173039244638226
747,8736,"s15","m0",-0.340754103625939,-0.698107253180085,-2.42171621742231,-0.975347319984985
748,8767,"s15","m0",-0.449065480685365,-0.84686108253782,-2.73460244646013,0.278983167717769
749,8794,"s15","m0",-0.418539960481729,-1.0065260677717,-2.60286811416035,-0.299475435208473
750,8795,"s15","m0",-0.377314937815345,-0.759449258808694,-2.58179091587836,-0.330630570545612
751,8799,"s15","m0",-0.3425528118898,-0.93697968173408,-2.71299498967794,-0.738106533924302
752,8808,"s15","m0",-0.50053747377304,-0.896187081771254,-3.24500548116344,0.212639444677249
753,8818,"s15","m0",-0.46155124606085,-0.918744675675238,-2.63346004657758,0.056282660840613
754,8819,"s15","m0",-0.489417725686345,-0.926751847058247,-2.51327407521404,0.227028237692655
755,8834,"s15","m0",-0.446979531122541,-0.721581164253352,-2.66390863764999,-0.0835667036646491
756,8836,"s15","m0",-0.401665823370121,-0.840359016048781,-2.63462847963149,-0.292715793780275
757,8843,"s15","m0",-0.385082848080988,-0.781689790461139,-2.17846351948943,-0.64662672587332
758,8859,"s15","m0",-0.440826825421881,-0.811901748217781,-3.31146927579693,0.0109306136093491
759,8871,"s15","m0",-0.424365886736271,-0.735729355786966,-2.73229120789729,0.0787149242450613
760,8877,"s15","m0",-0.411187808929523,-0.732797001491177,-2.62240925430463,-0.285145902004756
761,8899,"s15","m0",-0.382565121600548,-0.71944434540426,-2.62455583660451,-0.270953284688696
762,8902,"s15","m0",-0.425906000866424,-0.8522548719854,-3.08429478091325,-0.434473194841443
763,8917,"s15","m0",-0.426400401499512,-0.719022477250147,-3.15594589327432,-0.152757179523255
764,8919,"s15","m0",-0.427795425168738,-0.857667669072659,-2.44336437376861,0.0953605113460348
765,8923,"s15","m0",-0.426849890372837,-0.873791790563495,-2.3444028856471,-0.224819100867639
766,8940,"s15","m0",-0.36421112200752,-0.984296473464885,-2.20436597846159,-1.06465573538794
767,8960,"s15","m0",-0.345694826136319,-0.704883763498372,-2.43136518396953,-0.504488705519714
768,8961,"s15","m0",-0.410884774487419,-1.01174578802942,-2.52597896096172,-0.192934034871063
769,8968,"s15","m0",-0.485099164846091,-1.13171232132044,-2.67419437409585,0.328241291019928
770,8988,"s15","m0",-0.435905295228952,-0.864754698886925,-2.46230221475927,0.0690816981116815
771,8990,"s15","m0",-0.361854453713314,-0.763821838330625,-2.57965843032063,-0.387845670125439
772,9009,"s15","m0",-0.398804998936843,-0.865544648197234,-2.2706673207291,-0.277967436666517
773,9010,"s15","m0",-0.466268656579435,-0.763488933598145,-2.42009108397099,0.276831741480386
774,9016,"s15","m0",-0.504438679345867,-1.14061723577432,-2.41961648276571,0.319363766497969
775,9044,"s15","m0",-0.441948716096537,-1.20802489539208,-2.39558694721721,-0.0688259087353464
776,9046,"s15","m0",-0.378410775641415,-0.869261102067453,-2.4544201865525,-0.172958571383845
777,9056,"s15","m0",-0.366852472340037,-0.803990729038823,-2.63750144258644,-0.758853859979338
778,9057,"s15","m0",-0.419376535906431,-0.79762275437806,-2.17619696497832,-0.3156161493154
779,9063,"s15","m0",-0.36936835058702,-1.01576682917076,-3.06967788876106,-0.597513203583183
780,9066,"s15","m0",-0.426160768198973,-0.703706542377655,-1.93323274260652,-0.350894476430869
781,9081,"s15","m0",-0.477444745476447,-1.12499359639915,-2.52181277985019,0.324585864071533
782,9144,"s15","m0",-0.404467162184194,-0.93139060828041,-2.16748981387866,-0.113843581350268
783,9148,"s15","m0",-0.471176770057964,-0.910467785731634,-2.50854155673657,0.0586406417038479
784,9162,"s15","m0",-0.457222263403675,-0.853548004567733,-2.06316002553401,-0.0194493159562976
785,9163,"s15","m0",-0.378377499684347,-0.996314630743709,-2.25632768295471,-0.692488693637233
786,9196,"s15","m0",-0.39873110125852,-0.84286112960627,-2.43918705364206,-0.363687939603796
787,9217,"s15","m0",-0.402946925933546,-0.823190223075138,-2.47418688363055,-0.282952927285922
788,9234,"s15","m0",-0.455008381013215,-0.957633102325112,-2.66083612987084,0.06635929207177
789,9236,"s15","m0",-0.383125287992997,-0.730438343993372,-1.91087939296663,-0.366281245210547
790,9241,"s15","m0",-0.407440957213304,-0.795197676908927,-2.69595320943939,-0.569680074272297
791,9280,"s15","m0",-0.400151061369494,-0.816476064026285,-2.77281349549749,-0.576119805875597
792,9282,"s15","m0",-0.429281765482441,-0.934064889996049,-2.82515432863053,-0.0954098718679608
793,9291,"s15","m0",-0.42350992128912,-0.862759629822779,-2.89200465992851,-0.300672692962486
794,9301,"s15","m0",-0.447423939817376,-0.822209331905832,-2.60746254577931,0.383225372022237
795,9308,"s15","m0",-0.421281417114217,-1.02493112690798,-2.67539698578535,-0.445703239573625
796,9312,"s15","m0",-0.435862263045274,-0.931315972328339,-2.33394296390376,-0.00325902032352389
797,9327,"s15","m0",-0.418713381302876,-0.745512463418379,-2.1047363479957,0.0588438584742082
798,9332,"s15","m0",-0.432858729002607,-0.624318218250105,-2.1404321629286,0.107440899683129
799,9341,"s15","m0",-0.409223785812684,-0.894583020323246,-2.36913772207568,-0.0431937096829164
800,9362,"s15","m0",-0.443298227604609,-0.818626820397846,-2.04274381471595,-0.0685038121804423
801,9378,"s15","m0",-0.365915220393051,-0.779828438786317,-2.59862395411314,-0.392443896798446
802,9393,"s15","m0",-0.406457062741214,-0.861680293671723,-2.1719419750291,-0.212364304489743
803,9397,"s15","m0",-0.404198748519081,-1.03088832671049,-2.2864567234126,0.245188558036679
804,9400,"s15","m0",-0.40251974675742,-0.923535610869201,-2.24162453644296,-0.595461775414158
805,9415,"s15","m0",-0.453738522510344,-0.722593911054131,-2.48467785241564,0.198680817270445
806,9418,"s15","m0",-0.394670673261945,-0.871628873579934,-2.37775847885108,-0.257882628186795
807,9426,"s15","m0",-0.389049346539549,-0.682270116378329,-2.39644140661248,-0.486364122086329
808,9444,"s15","m0",-0.447510377440409,-0.945150801266322,-2.1328553462701,0.117710474292842
809,9449,"s15","m0",-0.421664035086169,-1.00702100334298,-2.46287676954605,-0.186266748397633
810,9461,"s15","m0",-0.423769228997576,-0.774919131407175,-2.55192730436825,-0.187792146554005
811,9467,"s15","m0",-0.439589517995878,-0.845948925711454,-2.26281920866471,-0.0938823702101253
812,9483,"s15","m0",-0.511153302619715,-0.784683178700859,-2.97151479287298,0.261956934671471
813,9487,"s15","m0",-0.449605955304409,-0.808790375652682,-2.64397193918901,0.0900559096649419
814,9492,"s15","m0",-0.382209722795195,-0.819413206995718,-2.36072499651049,-0.189092368882535
815,9527,"s15","m0",-0.411769649748919,-0.696372238754217,-2.39673434687137,-0.103624432727119
816,9528,"s15","m0",-0.403120862783019,-0.833440797769475,-2.37101674039496,-0.216876063531557
817,9543,"s15","m0",-0.337898762957756,-0.623098133381833,-2.50334575673554,-0.664376451895866
818,9545,"s15","m0",-0.44898953158099,-1.0088327850961,-2.33323610433649,-0.140477842795068
819,9555,"s15","m0",-0.472925728831399,-1.09587262223799,-2.5189622428934,-0.121788421504283
820,9578,"s15","m0",-0.465778073393461,-0.962153304234426,-2.791433973592,-0.0179307860754872
821,9615,"s15","m0",-0.425930290062662,-1.04894582254387,-2.56973914106334,-0.700416188264787
822,9617,"s15","m0",-0.443340233424099,-0.880663477362842,-2.775565036144,-0.11100531657982
823,9627,"s15","m0",-0.438517580267051,-1.02554536341651,-2.33779645888799,-0.496437341645163
824,9635,"s15","m0",-0.446012113304178,-0.88925836616527,-2.47359548550447,-0.495250155683085
825,9649,"s15","m0",-0.427025037495289,-1.10505688013947,-2.37862871813937,-0.0702018929606263
826,9662,"s15","m0",-0.288416747053306,-0.707293377507689,-2.38240124656067,-1.60607906385995
827,9667,"s15","m0",-0.432409316524655,-1.06094587693502,-2.73100960850002,-0.145145948682468
828,9681,"s15","m0",-0.362436199605113,-0.913471550619301,-2.31299328043992,-0.446868696093795
829,9695,"s15","m0",-0.431523299754165,-0.938774937518817,-2.56349756332622,0.006443822009528
830,9699,"s15","m0",-0.429235759553091,-0.871329035086708,-2.50430753537635,0.0955074191651066
831,9700,"s15","m0",-0.483902256820114,-0.916897977984918,-2.52444121551072,0.20495241415745
832,9706,"s15","m0",-0.35982050515799,-0.798955525246778,-2.36749594916012,-0.691883418870704
833,9740,"s15","m0",-0.43138695069931,-0.830581953165535,-2.3714356823804,0.0112142871565064
834,9752,"s15","m0",-0.375568986671747,-0.807149618324976,-2.50272581906013,-0.381435703646334
835,9755,"s15","m0",-0.402056854762071,-0.784473198784862,-2.41812262997375,-0.225293631353839
836,9771,"s15","m0",-0.539088901426338,-1.13772010616571,-2.66374355412541,0.282172754361635
837,9793,"s15","m0",-0.472373902767321,-0.830808749446184,-3.00339194819829,0.145126177290086
838,9798,"s15","m0",-0.437488799179604,-0.92075336404555,-2.24618111401917,-0.309553114147891
839,9801,"s15","m0",-0.379050079071545,-1.20584265196579,-2.36376802187014,-0.792604359866313
840,9822,"s15","m0",-0.450561110962438,-0.69377542781965,-2.67415515148346,-0.353654384581014
841,9855,"s15","m0",-0.404794273522496,-0.789008278684624,-2.01297295691277,-0.375057727565725
842,9858,"s15","m0",-0.459137077513621,-0.985107520781127,-2.263752779209,0.0441240095582726
843,9874,"s15","m0",-0.420909391804322,-1.00008328078944,-2.50727219675178,-0.167102617044159
844,9880,"s15","m0",-0.414650412893134,-1.05061434220264,-2.82095795457316,-0.259309294380484
845,9889,"s15","m0",-0.459430803148662,-0.865218423605549,-3.30653230243169,0.150606122337175
846,9899,"s15","m0",-0.436757924492794,-0.949098324615754,-2.36546787915758,0.140651472897222
847,9906,"s15","m0",-0.460084551236947,-0.815979749820002,-2.56784909873165,0.0136711744267658
848,9908,"s15","m0",-0.39306190203461,-0.725988648015971,-2.33224910693982,-0.232712573000586
849,9914,"s15","m0",-0.435538401913707,-0.850736109339403,-2.67255911085012,-0.317011924686236
850,9918,"s15","m0",-0.435278123484505,-0.620638200141913,-2.56744529120563,0.175809887441931
851,9940,"s15","m0",-0.462632816853677,-0.965851325697757,-2.39212279187242,0.246232402524875
852,9942,"s15","m0",-0.396562838382857,-0.801259483440257,-2.75958615022894,-0.370458483335657
853,9991,"s15","m0",-0.393769290403943,-0.859112729811152,-2.61998375113373,-0.301305104155093
854,10012,"s15","m0",-0.367830717053625,-0.900516962665283,-1.93410676522237,-0.728509852374972
855,10020,"s15","m0",-0.463647287426574,-0.773536154039134,-2.50158327203887,-0.1472977024561
856,10041,"s15","m0",-0.502896641451123,-1.20453125181254,-2.45430177975983,0.267642526626478
857,10052,"s15","m0",-0.501041606868275,-1.00271682125095,-2.62233762916299,0.48635778720428
858,10054,"s15","m0",-0.519760777203317,-0.896459549922851,-2.61995549145902,0.166700268893081
859,10075,"s15","m0",-0.424475218792955,-0.828115881828054,-2.83994631036116,-0.072799133403088
860,10076,"s15","m0",-0.405207472211577,-0.833557448918607,-2.50734032881125,-0.790772248941655
861,10105,"s15","m0",-0.381721168335848,-0.834287726792087,-2.65148603531662,-0.5219134883924
862,10119,"s15","m0",-0.426536768577668,-0.752909171579812,-2.72266266961788,-0.305364396841593
863,10131,"s15","m0",-0.413539788193643,-0.910820978587507,-2.74639257072018,-0.168227232667387
864,10149,"s15","m0",-0.542861998507439,-1.09137654534619,-2.43361595577562,0.130386574088043
865,10150,"s15","m0",-0.473699398947845,-0.968590981502245,-2.9495610892266,0.192666642058844
866,10157,"s15","m0",-0.383454135328884,-0.605449982214864,-2.3118305450646,-0.680468890963942
867,10169,"s15","m0",-0.442001754838267,-0.860357603100512,-2.49337687711427,-0.250421309748098
868,10175,"s15","m0",-0.457305740047015,-0.922676850703276,-2.74803973157169,-0.123113724930027
869,10178,"s15","m0",-0.466620434630945,-0.841812419897229,-2.46351002933562,-0.130405199979854
870,10180,"s15","m0",-0.36444381575587,-0.754486818561992,-2.07238388719559,-0.754975144688198
871,10183,"s15","m0",-0.45206315847177,-1.03544129128032,-2.54886137967771,-0.0392433857348347
872,10197,"s15","m0",-0.477661149449768,-0.752925643485202,-2.50423243598119,-0.0175566542456913
873,10209,"s15","m0",-0.463724044134296,-0.858635348184143,-2.30275750915814,-0.150895441551805
874,10211,"s15","m0",-0.411804354889203,-0.978865570339769,-2.60739096923708,-0.0784490251342452
875,10227,"s15","m0",-0.464655664161307,-0.836421853376127,-2.44259627627108,0.0211735300253907
876,10247,"s15","m0",-0.440751146150509,-0.750857345585445,-2.28538181500621,0.180873528377587
877,10256,"s15","m0",-0.475241936096899,-0.906469288281234,-2.53930010685673,0.0511570209861195
878,10257,"s15","m0",-0.51337709585179,-1.0385094233867,-2.47073691439082,0.315181405723653
879,10272,"s15","m0",-0.356265655575297,-0.721441106641962,-2.13693815544032,-0.872747569790587
880,10283,"s15","m0",-0.382866579588523,-0.825006622281398,-2.75356480861764,-0.356775029821828
881,10298,"s15","m0",-0.441394344095043,-0.914786414136683,-2.82891012893381,0.156413563297539
882,10300,"s15","m0",-0.423749204793641,-0.850875442477178,-2.05946201966403,-0.342640941006486
883,10314,"s15","m0",-0.41496282691654,-0.738224763827505,-2.07378471075428,-0.0810298518011708
884,10324,"s15","m0",-0.425250129983503,-0.832363318574493,-2.14948317953686,-0.471159588225192
885,10336,"s15","m0",-0.4625695289495,-0.969801655131167,-2.59599624599439,0.355377022030405
886,10389,"s15","m0",-0.453487656959629,-0.922573967799112,-2.40271862452418,-0.144872646928414
887,10391,"s15","m0",-0.391921570693211,-1.0268613075588,-2.78381828830527,-0.377109045843865
888,10414,"s15","m0",-0.432646707926261,-0.81934763739731,-2.47728160818318,-0.0680587292732422
889,10418,"s15","m0",-0.343666191798909,-0.64699602811233,-2.54868254224524,-0.905009862029009
890,10431,"s15","m0",-0.41441166627588,-0.925058033873438,-2.48224557363731,0.0856891989615898
891,10442,"s15","m0",-0.461452556070664,-0.889418837345966,-2.18051906518176,-0.0121589529001671
892,10475,"s15","m0",-0.396986358357846,-1.08540206693436,-2.3974608806064,-0.347197163621088
893,10491,"s15","m0",-0.425135382717883,-0.756667424079917,-2.83488912332918,0.124458183306978
894,10499,"s15","m0",-0.439840219136891,-0.830539867184409,-2.74226651819334,-0.29253516653274
895,10501,"s15","m0",-0.462842726814741,-1.04988380912219,-2.04038156577915,-0.0250465653705216
896,10512,"s15","m0",-0.482972649817134,-0.855041516081603,-2.32757739021407,0.0885643506830762
897,10518,"s15","m0",-0.359990302243368,-0.722256782003734,-2.34802549628826,-0.526751734802731
898,10558,"s15","m0",-0.466490433196829,-0.845054059889835,-2.51952838717669,0.148080413897698
899,10605,"s15","m0",-0.408577489721361,-0.871340693444012,-2.88440896432276,-0.0528702622453646
900,10609,"s15","m0",-0.435766497329098,-0.906530970242039,-2.85011986460006,-0.117555193928942
901,10616,"s15","m0",-0.391906779901281,-0.809401873907564,-2.30533317360292,-0.765275579612952
902,10622,"s15","m0",-0.316771644418466,-0.52513777004308,-2.3282060172389,-0.719144200337948
903,10631,"s15","m0",-0.470411927510955,-0.84885084753198,-2.30416930101755,0.246411337490602
904,10632,"s15","m0",-0.479487175187698,-0.840437200686731,-2.72382718969925,0.272077965257644
905,10634,"s15","m0",-0.439794389600624,-0.919642292847223,-2.47786809629416,0.156917438493896
906,10656,"s15","m0",-0.401037888141355,-0.909599011185317,-2.1995032107826,-0.372037890185394
907,10658,"s15","m0",-0.464840879999264,-0.831733568778566,-2.39287518798584,-0.184883239056133
908,10665,"s15","m0",-0.426743975127648,-0.944151086667682,-2.86048937243222,0.0910925156746918
909,10675,"s15","m0",-0.342831641779537,-0.885175775172391,-2.66634514063901,-0.446389277934792
910,10685,"s15","m0",-0.511123602109007,-0.99982173261527,-2.89192311852771,0.392639200907114
911,10708,"s15","m0",-0.47714335482767,-0.936362062072231,-2.41112215188709,0.589372204936365
912,10709,"s15","m0",-0.377752801068407,-0.697545181920598,-2.9312109619267,-0.238430241022839
913,10715,"s15","m0",-0.408689030586739,-0.966242537344204,-2.7543912779936,-0.378597376412363
914,10716,"s15","m0",-0.337639771594696,-0.658956220583985,-2.62718644173596,-0.760916661468731
915,10726,"s15","m0",-0.430684744411755,-0.683450894016869,-2.80793085019805,-0.0931770653352602
916,10735,"s15","m0",-0.406619365736566,-0.995630903366307,-2.30761066574934,-0.285681444434416
917,10747,"s15","m0",-0.438924896991191,-0.787606274310819,-2.13425316116116,0.028305639419597
918,10751,"s15","m0",-0.409991663808667,-0.935392589891215,-2.20051154768189,-0.618079394491016
919,10759,"s15","m0",-0.353708535940232,-0.799170776204682,-2.35204686032339,-0.34740959087573
920,10788,"s15","m0",-0.447479480809345,-0.808847412117025,-2.016722461978,-0.0312322511255351
921,10795,"s15","m0",-0.475295883156585,-0.87669795170407,-2.62942185284397,0.278486665092036
922,10800,"s15","m0",-0.367292230885362,-0.772143663824684,-2.52994239893335,-0.557243523870355
923,10812,"s15","m0",-0.43369207251773,-0.933632000186108,-2.61461094610667,-0.223787361813543
924,10816,"s15","m0",-0.444239012639004,-0.927539852978925,-2.17594624101316,0.0578767023845234
925,10819,"s15","m0",-0.457861418236483,-1.0101097977652,-2.54631405066422,-0.0435113267238951
926,10839,"s15","m0",-0.37298315963373,-1.08690611858114,-2.25440431336582,-0.534573871846928
927,10842,"s15","m0",-0.45707509691015,-0.893896435161406,-2.13323975233556,0.0473042733495326
928,10845,"s15","m0",-0.379349478443128,-0.769857151025781,-2.54809604422913,-0.0889702631921916
929,10865,"s15","m0",-0.481056286086327,-0.799676167828057,-2.47316999020913,0.184533679298035
930,10869,"s15","m0",-0.381155026144456,-0.731274808711658,-2.43623029543721,-0.521499205444397
931,10876,"s15","m0",-0.466935105625595,-0.778384454726681,-2.11545583395609,0.0169985594444083
932,10889,"s15","m0",-0.424980108809988,-0.966056010749401,-2.73165664582925,-0.00474536000412293
933,10890,"s15","m0",-0.416950720267159,-0.903448527346055,-2.73680243812395,-0.180097960066221
934,10892,"s15","m0",-0.465375271619722,-1.0611689272383,-2.81417270377028,-0.0702133071452643
935,10900,"s15","m0",-0.364363080803992,-0.721112666101217,-2.63417302014002,-0.678276050533597
936,10959,"s15","m0",-0.455955611755962,-0.885399318792055,-2.40717308973037,0.353905274138788
937,10968,"s15","m0",-0.423621161521244,-0.782803190344068,-2.75128492251512,-0.637105128301441
938,10973,"s15","m0",-0.445851272316921,-0.62093505100653,-2.44084337716497,0.14119182841193
939,10978,"s15","m0",-0.515857637939673,-1.10815159967727,-2.24632802987755,0.352116891549349
940,10980,"s15","m0",-0.42125810808763,-0.926054584033544,-2.16563988347102,-0.558475619578943
941,10989,"s15","m0",-0.426836272199154,-1.08775140369964,-2.2940647999234,-0.0771843296414421
942,10991,"s15","m0",-0.389189365427243,-0.815911040963477,-2.29367841717625,-0.565368153386702
943,11005,"s15","m0",-0.467232644051812,-1.11780673203858,-2.27725098524468,0.0577833463945709
944,11022,"s15","m0",-0.459135685344289,-0.89862947249638,-2.46067960742294,-0.0693173240561764
945,11037,"s15","m0",-0.448982836498263,-0.959434160349536,-2.32884392422185,0.0597760413113439
946,11048,"s15","m0",-0.415844370450769,-0.918494283521616,-2.31374035395788,-0.403562415127345
947,11058,"s15","m0",-0.410380996587344,-0.928476963259171,-2.22578279325081,-0.0454507216491742
948,11065,"s15","m0",-0.376792537340529,-0.67969776108828,-2.0328794267269,-0.542605727388344
949,11068,"s15","m0",-0.470885143948954,-0.985211845295356,-2.58108537929856,0.116229429569337
950,11090,"s15","m0",-0.502605922072088,-0.82920686142346,-2.4997977674631,0.433694871840883
951,11091,"s15","m0",-0.470925454877906,-1.03075244269496,-2.55196614011287,0.0229538480345896
952,11115,"s15","m0",-0.454348134185102,-0.729601680298661,-2.86592209369964,0.0778245309116048
953,11122,"s15","m0",-0.345154405782162,-0.76218082147413,-2.42934033169738,-0.681330417388187
954,11157,"s15","m0",-0.401420717158946,-0.852161540326286,-2.19138749866998,-0.226644222374034
955,11160,"s15","m0",-0.444591812583873,-1.00484189545075,-2.79548838357394,-0.39748928538581
956,11171,"s15","m0",-0.380755629200272,-0.582583425084189,-2.8550168945066,-0.337888955624091
957,11173,"s15","m0",-0.398460516939624,-0.804946975831725,-2.55648129295531,-0.0871616810891672
958,11201,"s15","m0",-0.389387348554732,-0.93925434903802,-2.13232762581379,-0.855409749650332
959,11230,"s15","m0",-0.454915145060769,-0.867084761992088,-2.52394038350935,-0.142330502957234
960,11236,"s15","m0",-0.439133135236963,-0.91505734449557,-2.30218110599003,-0.120220757134944
961,11247,"s15","m0",-0.399481584997197,-1.0913329354822,-2.38062223996638,-0.163172351233203
962,11252,"s15","m0",-0.369678869833642,-0.597494153903919,-2.13113373178557,-0.412069063272164
963,11260,"s15","m0",-0.460585043371819,-0.910603290857979,-2.72544396898967,-0.153132842657548
964,11264,"s15","m0",-0.460270278955762,-0.673654365935035,-2.84902743207741,-0.160478232553279
965,11268,"s15","m0",-0.418348328915863,-0.883046299892084,-2.62640942183217,0.186233131916062
966,11270,"s15","m0",-0.434943943564034,-0.889981378107501,-2.55328500758032,-0.0296263263890397
967,11273,"s15","m0",-0.448627935878455,-0.81263195133127,-2.05788164775721,-0.439183275640452
968,11274,"s15","m0",-0.435979316097309,-0.871593406355739,-2.44548245905569,-0.119861620072216
969,11275,"s15","m0",-0.463924251736848,-1.03090088400356,-2.73190775454934,-0.216667369689854
970,11276,"s15","m0",-0.474285284342592,-1.07666006064488,-2.57223623781129,0.0450143179195239
971,11278,"s15","m0",-0.380190058171812,-0.766539973902134,-2.47174334537804,-0.517549609278164
972,11300,"s15","m0",-0.374119068277241,-0.782897448240694,-2.46824577302135,-0.525283374780289
973,11301,"s15","m0",-0.35156090572706,-0.790925745078857,-2.44007411241922,-0.653321079282052
974,11303,"s15","m0",-0.462461625111011,-0.700845235260603,-2.62001157501508,-0.0167287541816589
975,11310,"s15","m0",-0.416250067947373,-0.824965291642477,-2.56917844361071,-0.349623117049157
976,11323,"s15","m0",-0.417914743522415,-0.813630249120676,-2.36767120125859,-0.220754124745931
977,11324,"s15","m0",-0.39187786827327,-0.749499314410373,-2.1290854459333,-0.359825020757494
978,11326,"s15","m0",-0.473056759989976,-0.931201840512796,-2.84255974751573,0.0479041552575279
979,11340,"s15","m0",-0.495420289450983,-0.906366648638795,-2.72330290671159,0.457021292681367
980,11341,"s15","m0",-0.381079281009479,-0.678983335217356,-2.42798573941402,-0.51076261923902
981,11344,"s15","m0",-0.479747447265718,-1.05188250650657,-2.25435844639381,0.175517670647227
982,11380,"s15","m0",-0.346935690796063,-0.590241253914956,-2.35155364263525,-0.406680659213481
983,11389,"s15","m0",-0.459722868249116,-0.828447219827082,-2.13544451748027,0.335786108686322
984,11438,"s15","m0",-0.480989778026668,-0.872279089445243,-2.62363178686068,0.412923050857656
985,11440,"s15","m0",-0.413670278623924,-1.02511168938597,-2.21772496950737,-0.0442361262008677
986,11441,"s15","m0",-0.308423823255528,-0.800436270351017,-2.36331007956959,-1.11864285976619
987,11453,"s15","m0",-0.331908742371393,-0.66787438361169,-2.62050212371831,-0.645288832167329
988,11458,"s15","m0",-0.380915330788506,-0.786885017063618,-2.37529438088854,-0.593108439944115
989,11509,"s15","m0",-0.390343136615777,-0.578207002912244,-2.15007232819434,-0.278568797700126
990,11520,"s15","m0",-0.355400261964343,-0.709583788645614,-2.67367445378145,-0.444621181522052
991,11521,"s15","m0",-0.429330700983975,-0.886187435875288,-2.37057153330698,-0.28180841502886
992,11523,"s15","m0",-0.467296110941475,-0.875187080009029,-2.73415086861698,0.336484521634776
993,11534,"s15","m0",-0.458175236698399,-0.825517719680125,-2.67553668784323,-0.269279949036974
994,11565,"s15","m0",-0.474727523772622,-1.12842302661372,-2.45639199545572,0.22247187200305
995,11578,"s15","m0",-0.391577673590245,-0.762614614921163,-2.54793848423598,-0.286673134876898
996,11594,"s15","m0",-0.411815844904245,-1.15954718094183,-2.64077171787046,-0.171601970145891
997,11606,"s15","m0",-0.330657858042104,-0.658204523756456,-2.7081010190568,-0.457351671129802
998,11608,"s15","m0",-0.483336968660835,-1.23038649903337,-2.582602369333,0.0894029005207203
999,11617,"s15","m0",-0.473290704798687,-1.11458712330396,-2.25619277779079,0.00930414448413509
1000,11634,"s15","m0",-0.386933471224566,-0.666501876413569,-2.28886810387521,-0.046096021022771
1001,11649,"s15","m0",-0.493827818555454,-0.787137910977395,-2.69094723419799,0.25920181545615
1002,11655,"s15","m0",-0.42744168065307,-0.856728619721356,-2.60534417961566,-0.0509611245524754
1003,11659,"s15","m0",-0.440335063084536,-0.837891888152615,-2.28276062002923,-0.243963498893357
1004,11661,"s15","m0",-0.406258470174851,-0.820715459304115,-2.39646603247689,-0.222456440060878
1005,11666,"s15","m0",-0.471617880888143,-0.974957355636679,-2.54743729054705,0.0614006944760294
1006,11676,"s15","m0",-0.458913627809928,-1.00755468631223,-2.12318923854569,0.16705945479357
1007,11683,"s15","m0",-0.464272507842943,-0.645129202742064,-2.33528282412912,0.0192131022681679
1008,11712,"s15","m0",-0.366272089343551,-0.833421027832177,-2.62682487184123,-0.77227974044118
1009,11724,"s15","m0",-0.468560247755352,-0.96121125814054,-2.76782244602431,0.357348460999827
1010,11728,"s15","m0",-0.434043511692553,-0.731465096108777,-2.28097113232369,-0.0727677730391886
1011,11738,"s15","m0",-0.462160200001261,-0.990425426863688,-2.55473312690662,-0.0412658153454258
1012,11739,"s15","m0",-0.389990703810379,-0.886493446605991,-2.87124394866778,-0.586570973233848
1013,11769,"s15","m0",-0.399837783136509,-1.05751828469842,-2.37097474581267,-0.830195587340346
1014,11774,"s15","m0",-0.426703445656259,-0.864316201090292,-2.74625552002296,-0.301290104015356
1015,11788,"s15","m0",-0.458082425139649,-0.925698584223336,-2.64149267706022,0.00808374781879304
1016,11791,"s15","m0",-0.398518292007515,-1.07205769645749,-2.56095993732008,-0.430297394387718
1017,11811,"s15","m0",-0.447513697229279,-0.779155269136646,-2.4822373019428,-0.0512653241242276
1018,11840,"s15","m0",-0.406789224927,-0.851295095518837,-3.25651390866562,-0.33489911145029
1019,11859,"s15","m0",-0.421856462258246,-0.891463800635981,-2.44197183004456,-0.134179096102795
1020,11879,"s15","m0",-0.377582457500616,-0.747216878893802,-2.36784645772428,-0.672279760318103
1021,11887,"s15","m0",-0.479716648235991,-0.731695389838713,-2.05768848277593,0.434462110413315
1022,11920,"s15","m0",-0.46732564901768,-0.815923762251893,-2.68244710332274,0.013723349454094
1023,11935,"s15","m0",-0.47045866030145,-0.856536422499016,-2.6114224874534,-0.255774452529312
1024,11941,"s15","m0",-0.420606727037892,-0.869664857524843,-2.18481698170852,-0.421414783365018
1025,11966,"s15","m0",-0.378926784062358,-0.778097112651057,-2.30046810287447,-0.364842346099602
1026,11980,"s15","m0",-0.49165812193686,-0.953140228530884,-2.41332576951488,0.320717283666857
1027,12021,"s15","m0",-0.429028517671861,-0.821864305557067,-2.59553503424347,-0.0052909529110953
1028,12037,"s15","m0",-0.457345178925467,-0.863199141153767,-2.44952980840281,0.0289093526009008
1029,12098,"s15","m0",-0.387387887862014,-0.727740791906199,-2.58032372969636,-0.180318062339646
1030,12136,"s15","m0",-0.436114925649755,-0.804773828738985,-2.53796767674937,0.201448019798303
1031,12148,"s15","m0",-0.457219141810232,-0.749623568023432,-2.54607728452905,0.0442612825680204
1032,12151,"s15","m0",-0.487707810117776,-1.01698101678442,-2.64825640388606,0.25302473722764
1033,12152,"s15","m0",-0.411873540893735,-0.762478720566979,-2.44645684479293,-0.690478768957767
1034,12187,"s15","m0",-0.42080836613412,-0.825869256737045,-2.70299749093517,-0.642349940487383
1035,12204,"s15","m0",-0.44772259675932,-0.806605538077693,-2.48102468086684,0.0329980370147547
1036,12243,"s15","m0",-0.412111979988737,-0.946046077994548,-2.63742511346052,-0.526091103541997
1037,12255,"s15","m0",-0.460332345402722,-0.712445802332054,-2.62949036625865,0.444424758013912
1038,12263,"s15","m0",-0.445695761775571,-0.633656366294583,-2.61827238406571,0.142053466306418
1039,12277,"s15","m0",-0.40986757218178,-0.902492385925801,-2.23152213969062,-0.216133463277817
1040,12300,"s15","m0",-0.430245698592433,-0.908523129717071,-2.48234082877173,-0.0552918124946055
1041,12314,"s15","m0",-0.358569441849791,-0.829119001779937,-2.57194980695636,-0.466476167823127
1042,12330,"s15","m0",-0.40847355923014,-0.926781886717779,-2.47063645984444,-0.529192964679208
1043,12350,"s15","m0",-0.347090628930258,-0.80034220475508,-2.10672584004265,-0.450541971341297
1044,12357,"s15","m0",-0.451448559458469,-0.736130794552426,-2.61402904311468,-0.130944390072646
1045,12386,"s15","m0",-0.419033447775216,-1.06357952057315,-2.53907198337336,0.171415218590665
1046,12411,"s15","m0",-0.411429176811822,-0.762705905609916,-2.6921643160838,-0.463693895507425
1047,12418,"s15","m0",-0.469369917165441,-1.05061608326219,-2.92248956033124,0.152262326310207
1048,12422,"s15","m0",-0.421953841309246,-0.811652047045335,-2.47883429629178,-0.327065405676823
1049,12431,"s15","m0",-0.492689384718311,-0.930010766354482,-2.34683277062145,0.463200898721919
1050,12447,"s15","m0",-0.386625733305532,-0.862396791459686,-2.2996047427479,-0.148533140830284
1051,12450,"s15","m0",-0.438526828594307,-0.746251524371971,-2.65524451129594,-0.40581332299277
1052,12451,"s15","m0",-0.478065673538717,-1.19181110526116,-2.4269960379857,0.356618197009487
1053,12463,"s15","m0",-0.44186726141286,-0.678848768740752,-2.62885359071829,-0.168634571448741
1054,12468,"s15","m0",-0.54880754135032,-1.03026689281769,-2.55396995463219,0.597905234830835
1055,12485,"s15","m0",-0.435488383679139,-0.801554848745368,-2.69065367480236,0.00625665688847636
1056,12486,"s15","m0",-0.451953668067355,-1.12596468060595,-2.78699131750549,-0.319516907575846
1057,12504,"s15","m0",-0.415369980665479,-0.842933439002212,-2.53925935168562,-0.428465009498689
1058,12518,"s15","m0",-0.39578113107742,-0.753119036433952,-2.71264721762125,-0.765033432137168
1059,12530,"s15","m0",-0.416928060341646,-0.76418133184684,-2.37176173795242,-0.444220931447425
1060,12537,"s15","m0",-0.440275058576937,-0.709212367372641,-2.29597327843977,-0.271557650707413
1061,12547,"s15","m0",-0.445506344381779,-0.77239371460024,-2.68008358153389,-0.243765048092692
1062,12570,"s15","m0",-0.366363769923334,-0.913064056771403,-2.68675020122119,-0.766563254137975
1063,12573,"s15","m0",-0.436129104215529,-1.00587963602204,-2.4245140712269,-0.0567472404690098
1064,12583,"s15","m0",-0.37157743906144,-0.61877967745049,-2.79508515228216,-0.633988776974949
1065,12611,"s15","m0",-0.378115983378159,-0.830533055899164,-2.74423093314372,-0.518483718105118
1066,12616,"s15","m0",-0.486122424795455,-0.856891323351288,-2.5118330774213,0.41500500758326
1067,12635,"s15","m0",-0.44373439255248,-0.722216354485833,-2.38755337660997,-0.422746865678035
1068,12658,"s15","m0",-0.489293224040917,-0.979163082855493,-3.00263504551924,0.458168180641649
1069,12661,"s15","m0",-0.386942660278254,-0.902142821001522,-2.37771334454342,-0.286364683743615
1070,12662,"s15","m0",-0.443965950917059,-0.787471351675088,-2.39621316918059,0.0235156066731684
1071,12709,"s15","m0",-0.38004972339503,-0.940184144388313,-2.42180298600358,-0.416591461396217
1072,12726,"s15","m0",-0.390581138936369,-0.660394063070761,-2.35639547484441,-0.0838046873493017
1073,12741,"s15","m0",-0.419162507720499,-0.791091214367631,-2.57341686688952,-0.314465822405184
1074,12749,"s15","m0",-0.415753540984251,-0.940075322945864,-2.58895363329713,-0.165402487163631
1075,12752,"s15","m0",-0.461855484240291,-1.03317806423657,-2.87217412682102,0.0171004723397863
1076,12764,"s15","m0",-0.422955478922036,-0.897825697625745,-2.36117054395247,0.140669646827812
1077,12765,"s15","m0",-0.401893214994942,-0.798910737648078,-2.32907251710475,0.147840215256303
1078,12768,"s15","m0",-0.463754158909303,-0.979643774334253,-2.43218619854755,0.051063514079793
1079,12771,"s15","m0",-0.357467433594391,-0.791127171441264,-2.83168046838548,-0.646203600564068
1080,12804,"s15","m0",-0.394783470457943,-0.76844652098165,-2.54907924767368,-0.611275400136181
1081,12805,"s15","m0",-0.494008441430708,-1.56103966530513,-3.06592533000044,0.0779262797492718
1082,12828,"s15","m0",-0.413212939219913,-0.789145763621658,-2.48343313499334,0.0276092149181959
1083,12830,"s15","m0",-0.421056716102752,-0.83571709532984,-2.36668651650496,-0.0638191631122311
1084,12836,"s15","m0",-0.376005017527701,-0.843960339555539,-2.52256390305462,-0.468537639325426
1085,12867,"s15","m0",-0.38293539100061,-0.822561260187298,-2.77396299509603,-0.542130027709731
1086,12880,"s15","m0",-0.380518981169171,-0.917686572320481,-2.5279509791589,-0.193749819597194
1087,12884,"s15","m0",-0.382040589182709,-0.856421121855434,-2.23544899741103,-0.28863164087634
1088,12890,"s15","m0",-0.478526828534062,-1.02607937512482,-2.53882081635253,0.139750077845438
1089,12909,"s15","m0",-0.424499693672836,-1.00789899028598,-2.48284715754905,-0.297106612397167
1090,12911,"s15","m0",-0.437715497814538,-0.968142645818592,-2.81908708541259,-0.0878792025992652
1091,12919,"s15","m0",-0.419052352842702,-0.811016902486022,-2.50351471342343,-0.453715483841607
1092,12923,"s15","m0",-0.479170144384669,-1.01325059781702,-2.5620865191448,-0.0248287575031224
1093,12928,"s15","m0",-0.339347496357176,-0.802047270470862,-2.33709969566867,-0.569663476351622
1094,12947,"s15","m0",-0.482073425687955,-0.912117211674583,-2.72493842444012,0.063483345185981
1095,12951,"s15","m0",-0.446762170639074,-0.939681858889998,-2.7275374584508,-0.131234755026824
1096,12954,"s15","m0",-0.415231909876547,-0.592014064144905,-2.36226267920802,0.0329598005639311
1097,12967,"s15","m0",-0.480017426238336,-0.966815635494915,-2.51384977219604,-0.322472500162463
1098,12969,"s15","m0",-0.472576934317885,-1.14678880959226,-2.38875995106135,0.154886443350071
1099,12989,"s15","m0",-0.375947924887992,-0.792642321109659,-2.21948966523957,-0.489991340804938
1100,12996,"s15","m0",-0.457167105803433,-0.698452628814172,-2.40412852707841,0.116396544609483
1101,12998,"s15","m0",-0.404437543735441,-0.80247557579391,-2.26846874449676,-0.292218448812487
1102,13003,"s15","m0",-0.355758149935567,-0.78036811525123,-2.88799996925024,-0.694205482279164
1103,13022,"s15","m0",-0.344094071038464,-0.66468881411748,-2.33960200274191,-0.761959403547916
1104,13038,"s15","m0",-0.404636931277846,-0.909108785984558,-2.80973415152707,-0.31272282538139
1105,13051,"s15","m0",-0.485337356042126,-1.04955259605963,-2.37927809668514,0.152394327396534
1106,13074,"s15","m0",-0.420031544702539,-1.01279578260654,-2.6812756006639,0.158489090134606
1107,13075,"s15","m0",-0.518582275539769,-1.23633256987745,-2.24416361948605,-0.154731665338861
1108,13076,"s15","m0",-0.406743439056983,-0.976743230625098,-2.16691437552743,-0.290755116449902
1109,13080,"s15","m0",-0.399882970431321,-0.745112064893452,-2.23169865672828,-0.264346202275342
1110,13082,"s15","m0",-0.465094649749613,-1.00094510142816,-2.10304309755081,-0.00357171576805856
1111,13088,"s15","m0",-0.357910620719227,-0.574066856122885,-2.06173786321125,-0.321244536258536
1112,13114,"s15","m0",-0.461379448036972,-1.01200464499685,-2.37129373792641,-0.283580794996353
1113,13119,"s15","m0",-0.450831378208077,-0.874561273721342,-2.59580495457302,-0.236880825545053
1114,13130,"s15","m0",-0.363266278236348,-0.744964747278934,-2.59690018423168,-0.397152859696761
1115,13133,"s15","m0",-0.464330445028675,-0.980605069277746,-2.67869873104138,-0.244173613788042
1116,13152,"s15","m0",-0.429145174519249,-1.06468541961182,-2.98790061932861,-0.339915167363904
1117,13153,"s15","m0",-0.424245744930664,-0.870135686430966,-2.25524427569679,-0.257675697610102
1118,13165,"s15","m0",-0.514625972964537,-0.991349158578164,-2.44991381032106,0.0732921323384778
1119,13210,"s15","m0",-0.365007729863527,-0.849209095419542,-2.18570169434981,-0.626296067915475
1120,13215,"s15","m0",-0.496340683640904,-0.793337272768083,-2.64232295966718,0.343242698886324
1121,13223,"s15","m0",-0.390082781490594,-0.902301233267273,-2.82141303445275,-0.286832352668693
1122,13224,"s15","m0",-0.477348157878222,-1.11899305939467,-2.84881909522686,0.160546011408987
1123,13238,"s15","m0",-0.452371991292229,-0.782877995725694,-2.35646544003831,0.0985424564386305
1124,13239,"s15","m0",-0.444204104208141,-0.915952263234517,-2.71092918161923,-0.119963706814264
1125,13251,"s15","m0",-0.463579133615337,-0.907401832377521,-3.00630215831467,-0.0231620636710447
1126,13258,"s15","m0",-0.428979063921344,-0.908804176513942,-2.543199116737,-0.0689516427886548
1127,13261,"s15","m0",-0.388368289180078,-0.83019031090056,-2.47672557432327,-0.279285543085581
1128,13271,"s15","m0",-0.3437680953489,-0.851497956401987,-2.31144270834394,-1.04565568759169
1129,13274,"s15","m0",-0.406774312707731,-0.716343873547401,-2.05524500690364,-0.205909302244455
1130,13283,"s15","m0",-0.401717764301742,-0.843638356741763,-2.3808951853122,-0.541524690539342
1131,13289,"s15","m0",-0.360662373242259,-0.812967186882843,-2.73502084497446,-0.746861796320263
1132,13335,"s15","m0",-0.426618252076757,-0.813093667729373,-2.46187015734926,-0.304429386064926
1133,13336,"s15","m0",-0.389036563710152,-0.910919595501541,-2.56737609949893,-0.869987662678974
1134,13344,"s15","m0",-0.484262079278374,-1.08286981400787,-2.54749066041962,0.31563202612017
1135,13346,"s15","m0",-0.402023153341412,-0.79376443461265,-2.62147892853514,-0.723614175076679
1136,13351,"s15","m0",-0.453011165991491,-1.04298212610276,-2.22949713086042,0.268145076631895
1137,13357,"s15","m0",-0.473765351216821,-0.842484817848412,-2.84366363471074,-0.145919503525446
1138,13399,"s15","m0",-0.365246714683211,-0.86920529828684,-2.55924809653511,-0.293038519628796
1139,13402,"s15","m0",-0.51773970864804,-0.977450541872103,-2.58768508327013,0.0363811498067472
1140,13403,"s15","m0",-0.453345390890903,-0.688719907466818,-2.18502386645929,0.0558857012687753
1141,13416,"s15","m0",-0.419471093804437,-0.711003129909871,-2.6395677971076,-0.0700698591900791
1142,13420,"s15","m0",-0.379740633024961,-0.709614211412789,-2.83267786925089,-0.505731628247054
1143,13435,"s15","m0",-0.356293075491966,-1.04860070571761,-2.13462410031514,-1.19177063801766
1144,13450,"s15","m0",-0.39340854177596,-0.86344614231125,-2.47564764283873,-0.07825269554033
1145,13459,"s15","m0",-0.423669134872963,-0.880019853610686,-2.32697607797115,-0.0327550442055751
1146,13475,"s15","m0",-0.404900119849336,-0.557876745150078,-2.62202855342288,-0.389204522911568
1147,13482,"s15","m0",-0.390263271978198,-0.908243952791692,-2.65631631496755,-0.291869510909523
1148,13502,"s15","m0",-0.451231661842646,-0.819297609912102,-2.90721261967079,0.0667331557045229
1149,13504,"s15","m0",-0.407659870228218,-0.935832005945811,-2.63945844141022,-0.384002341617919
1150,13517,"s15","m0",-0.417332589413598,-0.878917972839662,-2.94490103937253,-0.397192820314144
1151,13526,"s15","m0",-0.400058179245851,-0.786560147256232,-3.2108412167801,-0.298948470517272
1152,13530,"s15","m0",-0.444523486486704,-0.850822483977113,-2.26966957348747,0.114655398762413
1153,13552,"s15","m0",-0.452788641275776,-0.821096009992295,-1.88217999226144,-0.448507422987946
1154,13584,"s15","m0",-0.451566802093046,-1.25626686065252,-3.12815464950915,0.069371857851802
1155,13586,"s15","m0",-0.455638672619494,-0.824406353664983,-2.38802120313836,0.179218899933783
1156,13621,"s15","m0",-0.397003116225229,-0.827566108513471,-2.65019146807557,-0.642486334912406
1157,13667,"s15","m0",-0.348870280584116,-0.737423782059192,-2.1457916560073,-0.347012473755207
1158,13674,"s15","m0",-0.412980062359023,-0.972525005520554,-2.75404032668607,-0.201391303985527
1159,13682,"s15","m0",-0.460900117800525,-0.790407859346242,-2.41019625046948,0.286462993960888
1160,13689,"s15","m0",-0.455436578143809,-0.79895487338366,-2.68118248427966,0.160095668137891
1161,13696,"s15","m0",-0.423460159622674,-0.771402834707508,-2.63681353537604,0.0665294618279852
1162,13710,"s15","m0",-0.395857941793715,-0.817378688075935,-2.68989829467554,-0.080449691983396
1163,13713,"s15","m0",-0.47828233613439,-0.923236496730721,-3.01250378900274,0.132811267691731
1164,13717,"s15","m0",-0.434756150529726,-1.05565675215763,-2.32516490878822,0.0513439905386232
1165,13724,"s15","m0",-0.477930808997648,-0.918258393053901,-2.75227217890484,0.358242342550883
1166,13743,"s15","m0",-0.431037245092123,-0.835623155771368,-2.53324247143172,-0.162036762604295
1167,13749,"s15","m0",-0.443471613634558,-0.899832231836806,-2.42971475114098,-0.153243097512767
1168,13752,"s15","m0",-0.447430087336218,-0.810877826589815,-2.91464169369693,-0.0624660278860107
1169,13761,"s15","m0",-0.401908385565046,-0.814562711681181,-2.19250516696654,-0.0884626324393581
1170,13762,"s15","m0",-0.44661709071837,-1.05520312107982,-2.45183600741863,0.0722649632449701
1171,13765,"s15","m0",-0.365443866975144,-0.79666159090749,-2.96626957383413,-0.625580339741347
1172,13811,"s15","m0",-0.462751467033044,-1.02207260466283,-2.70675862651689,-0.473545996200398
1173,13821,"s15","m0",-0.426226421719865,-0.899710033543567,-2.04260247152837,-0.392556147070698
1174,13822,"s15","m0",-0.432839961320869,-0.778840389910496,-2.37240449740032,0.0875427146813238
1175,13833,"s15","m0",-0.453253979320426,-1.08435947727295,-2.98439156420108,0.280979400442751
1176,13837,"s15","m0",-0.442031871839232,-0.802440339576451,-2.55716037373997,0.00204801102493582
1177,13842,"s15","m0",-0.380586516355058,-0.771015145078786,-2.51005318057615,-0.496470523514875
1178,13850,"s15","m0",-0.472419879307495,-0.957879815617466,-2.67033427931762,0.243363687890129
1179,13862,"s15","m0",-0.44764770256415,-0.857258922449705,-2.43668740424955,-0.192092466799213
1180,13867,"s15","m0",-0.368718934154409,-0.847049630403099,-2.25753398157806,-1.27387579352766
1181,13872,"s15","m0",-0.357642226225055,-0.686891999196277,-2.61007193497217,-0.219142023889174
1182,13886,"s15","m0",-0.387176559341205,-0.782580354050831,-2.22089682245798,-0.301921089492967
1183,13887,"s15","m0",-0.401762710531386,-1.15100165162213,-2.22850491911722,-0.328763637917721
1184,13898,"s15","m0",-0.470511642431071,-0.836389632951583,-2.98996233878015,-0.0225474311651557
1185,13900,"s15","m0",-0.41466708318559,-0.876780310568243,-2.60546177354373,-0.706389555589596
1186,13903,"s15","m0",-0.430802551623586,-0.987196607889442,-2.32407192968289,0.122585849654967
1187,13904,"s15","m0",-0.395088554866102,-0.910707364006031,-2.63230504360043,-0.430276942429017
1188,13906,"s15","m0",-0.41156280691417,-1.06784354199135,-2.66864579976311,-0.625996405042492
1189,13960,"s15","m0",-0.413019798572422,-0.95942457476242,-2.45300436223653,-0.284276491954301
1190,13986,"s15","m0",-0.450266730639462,-1.0762864369538,-2.22825682887275,-0.250239847623304
1191,13996,"s15","m0",-0.36664547972601,-0.958716968987789,-2.70343672596487,-0.698112212121306
1192,14001,"s15","m0",-0.465457714396085,-0.924329130575852,-2.77881579290622,-0.0310724714310825
1193,14012,"s15","m0",-0.401589174365704,-0.93856274246978,-2.08377524162282,-0.177094289047697
1194,14048,"s15","m0",-0.406281460816038,-0.792416096251374,-2.94675569664475,-0.517374983037923
1195,14049,"s15","m0",-0.441663622599121,-0.978168065732976,-2.68653443734837,0.217066078449906
1196,14063,"s15","m0",-0.382096767142007,-0.778401924498306,-2.63073473174364,-0.501018111275975
1197,14069,"s15","m0",-0.39761792015474,-0.837883278074926,-2.51283423178411,-0.0845164808525598
1198,14095,"s15","m0",-0.376505849141677,-0.688626768436597,-2.13758031115306,-0.461582644382084
1199,14106,"s15","m0",-0.449275698872947,-0.816619565434116,-2.6785574281532,0.166307442727956
1200,14110,"s15","m0",-0.413304156024689,-0.684489435097793,-2.42384254112273,-0.628003160827063
1201,14112,"s15","m0",-0.373338770291856,-0.674107398599471,-2.73760209787958,-0.555154130821691
1202,14118,"s15","m0",-0.394387082811364,-0.82105811375148,-2.93762368997624,-0.464199879289156
1203,14126,"s15","m0",-0.395823455716415,-0.865492176018068,-3.21555005303391,-0.155267382818805
1204,14141,"s15","m0",-0.412656906770685,-0.982474531331067,-2.00542522866748,-0.192264134531254
1205,14150,"s15","m0",-0.382674800065535,-0.704464526165503,-3.40012192779831,-0.335041927884437
1206,14154,"s15","m0",-0.405463648759163,-0.743057284884024,-2.50913315825013,-0.233554698611744
1207,14179,"s15","m0",-0.421734213240936,-0.941491363181552,-2.49542458098903,-0.458272517700304
1208,14186,"s15","m0",-0.338636272025394,-0.753039127735008,-2.40093649614755,-0.729541133741141
1209,14205,"s15","m0",-0.387838618827556,-0.788780624995636,-2.32296576125171,-0.648534040773965
1210,14208,"s15","m0",-0.480063683063961,-1.04678222319045,-2.27182555930889,0.174799466735165
1211,14212,"s15","m0",-0.480159488673698,-0.913734458970024,-2.78416546486706,-0.249192517464793
1212,14238,"s15","m0",-0.443442118839765,-0.846134279119107,-2.35928096880933,-0.0746835828924725
1213,14246,"s15","m0",-0.417412554302506,-0.948971681278496,-2.1708327757743,-0.336462198470393
1214,14264,"s15","m0",-0.394211661251078,-0.758499533800968,-2.51620927189463,-0.375013247180463
1215,14278,"s15","m0",-0.351493465429987,-0.780257167169404,-2.57379675855731,-0.755631349075187
1216,14292,"s15","m0",-0.339645715962701,-0.67119845640123,-2.54800425039536,-0.475339201045627
1217,14297,"s15","m0",-0.456486898397407,-0.862012377380254,-2.45945141014559,-0.105751245356948
1218,14304,"s15","m0",-0.43944836307732,-0.899425663183935,-2.57144157709767,0.0993639443224309
1219,14307,"s15","m0",-0.440119615307617,-0.846227789778301,-2.44110532373665,-0.20910759984387
1220,14325,"s15","m0",-0.398332184361821,-0.87655991412208,-2.15593854209025,0.00517787570328998
1221,14326,"s15","m0",-0.446315200671997,-1.00572944335308,-2.70749542616888,-0.24701902005881
1222,14351,"s15","m0",-0.509558453709574,-0.748371513914817,-2.41163216007364,0.461396522329365
1223,14352,"s15","m0",-0.406200483394583,-0.659163837699781,-2.65479585325576,-0.0887580889118921
1224,14362,"s15","m0",-0.472826612515242,-1.01322800811197,-2.53741898340053,-0.00272477650355038
1225,14378,"s15","m0",-0.336665269946544,-0.780686282513968,-2.10468327577386,-0.467612255248265
1226,14382,"s15","m0",-0.41831647467427,-1.0020749812621,-2.18554008095337,-0.489346382923936
1227,14387,"s15","m0",-0.401583162602432,-0.750990156845047,-2.44405534992542,-0.231620160014319
1228,14408,"s15","m0",-0.400162706020662,-0.958980359593226,-2.14793566602718,-0.266685702846521
1229,14424,"s15","m0",-0.452942127326971,-1.15102783374463,-2.56410999915027,0.192262911427696
1230,14426,"s15","m0",-0.394531470334481,-0.961712998995294,-2.39048018614442,-0.379332523245177
1231,14456,"s15","m0",-0.435268356966209,-1.23000913557098,-2.51377651438516,-0.408368483619971
1232,14464,"s15","m0",-0.400726763453375,-0.671251142870496,-2.58537663100883,-0.589979396384603
1233,14488,"s15","m0",-0.377077391482176,-0.927948071745858,-2.50707356613497,-0.955841499366939
1234,14496,"s15","m0",-0.399150774897376,-0.920836842113242,-2.75020514158217,-0.178664281184354
1235,14509,"s15","m0",-0.529843885757171,-1.00197726306027,-2.66241771463821,0.546980873470606
1236,14537,"s15","m0",-0.503081740404491,-0.950481562669453,-2.44224408536891,-0.0463293648947909
1237,14545,"s15","m0",-0.447405663632074,-0.961093331311218,-2.59390985699823,0.119668994582847
1238,14546,"s15","m0",-0.427004409014783,-0.876910108281967,-2.36345913936014,-0.121238619252217
1239,14553,"s15","m0",-0.383657376736702,-0.795196198596847,-2.43035325855137,-0.292980866685944
1240,14563,"s15","m0",-0.398593721041122,-1.10929237898381,-2.30617157513647,-0.586869546048979
1241,14594,"s15","m0",-0.405825875657267,-0.894116329674069,-2.28190884917789,-0.556816344683466
1242,14605,"s15","m0",-0.349827840878461,-0.903179687025265,-2.56921098213379,-0.546460028409416
1243,14636,"s15","m0",-0.404859113302241,-0.894970633986764,-2.93195472157592,-0.396974826439419
1244,14638,"s15","m0",-0.363334879086012,-0.880891412740909,-2.30150331546978,-0.633462995439504
1245,14654,"s15","m0",-0.435594232507102,-0.945705987162961,-2.73434359746251,-0.214895514518308
1246,14671,"s15","m0",-0.467990399235631,-1.05945048155168,-2.64909289697717,0.120838945824247
1247,14672,"s15","m0",-0.437148561540113,-0.898248006495918,-2.74343660132005,-0.398695310502032
1248,14674,"s15","m0",-0.376809724580307,-0.748880579828432,-2.55853457731727,-0.457399092547705
1249,14686,"s15","m0",-0.386970138970427,-0.942853073828933,-2.16556022938801,-0.353321187095262
1250,14706,"s15","m0",-0.410211623021811,-0.756415616036053,-2.66963324339794,-0.500333227833882
1251,14712,"s15","m0",-0.450645241274515,-0.917168747784183,-2.73539906505193,-0.020015205368703
1252,14746,"s15","m0",-0.465388845945779,-1.07576408540451,-2.83229675095945,-0.215876740883898
1253,14756,"s15","m0",-0.40802035025701,-0.779111519812551,-3.01912147854496,-0.376400761847308
1254,14760,"s15","m0",-0.473606012727031,-0.781423524665791,-2.14373252704302,-0.160392339993274
1255,14777,"s15","m0",-0.371713097547307,-0.708027526796112,-2.34569313229902,-0.37225826380048
1256,14794,"s15","m0",-0.423990812894826,-0.854137109363919,-2.45839843275356,-0.203723063342848
1257,14825,"s15","m0",-0.374109940476613,-1.06086830640101,-2.18447412231686,-0.685501968113918
1258,14828,"s15","m0",-0.425767900303837,-0.709858708916459,-2.14765960548398,-0.257156397431854
1259,14840,"s15","m0",-0.377885229145923,-0.813049814156967,-2.18105066413032,-0.687212791168425
1260,14848,"s15","m0",-0.366158677115203,-0.671624804259964,-1.88121987688143,-0.410336049752984
1261,14864,"s15","m0",-0.377649152276277,-0.746960256419768,-2.67767762380345,-0.606379168905954
1262,14867,"s15","m0",-0.482120768232096,-0.945453153009206,-2.96290971655534,-0.132974504096625
1263,14868,"s15","m0",-0.379492684164895,-0.618780426924651,-2.57269736014353,-0.541982392951207
1264,14885,"s15","m0",-0.437936521559821,-0.91317670835747,-2.4614346321062,-0.0861886538981894
1265,14886,"s15","m0",-0.386104601248489,-0.935626042169517,-2.30774113747398,-0.101176142622286
1266,14894,"s15","m0",-0.43384138210443,-0.880733557032455,-2.29439499364918,-0.0821558947946006
1267,14899,"s15","m0",-0.39805933718444,-0.779295545443927,-2.43660779549954,-0.415735667109848
1268,14904,"s15","m0",-0.469619760101516,-0.967204178731549,-2.51896447653768,-0.122683065419915
1269,14934,"s15","m0",-0.461269194920288,-0.764245815294022,-2.50182869552559,-0.154758913886914
1270,14937,"s15","m0",-0.415249461908334,-0.79817846250832,-2.86207174055308,-0.169310959561441
1271,14957,"s15","m0",-0.385933540866687,-0.742553175896899,-2.10721650672666,-0.289123424044884
1272,14973,"s15","m0",-0.477163883872959,-1.04641400795686,-2.57942742033477,0.0170196641386542
1273,14991,"s15","m0",-0.412792331036596,-0.778322106545641,-2.1181978533035,-0.239937240784459
1274,14999,"s15","m0",-0.391390465088477,-0.804503413501519,-2.72114013699369,-0.266072302610211
1275,15013,"s15","m0",-0.475413262406395,-0.932086623732019,-2.58148985413431,0.177826914641396
1276,15035,"s15","m0",-0.410202926297189,-0.690997320203059,-2.24401723074846,-0.367234707655466
1277,15044,"s15","m0",-0.41153304300033,-0.75203287292307,-2.38133273693096,-0.198937713787456
1278,15052,"s15","m0",-0.485091983423261,-0.961416234038561,-2.283639340994,0.158803086306056
1279,15073,"s15","m0",-0.421737055628694,-0.765356092595415,-2.41811053567214,-0.294344645442538
1280,15078,"s15","m0",-0.453955673485912,-0.846984387450525,-2.56312665368946,0.0886318285563288
1281,15088,"s15","m0",-0.38794651273258,-0.5484736270182,-2.41954339402081,-0.358270448980595
1282,15093,"s15","m0",-0.399559469530705,-0.718642166389197,-2.25147238961259,-1.11368515161095
1283,15104,"s15","m0",-0.483809703755196,-1.02162776477227,-2.5427496110536,0.071237560795481
1284,15127,"s15","m0",-0.390783241256748,-0.979282837863239,-2.3877481142383,-0.209297909724198
1285,15143,"s15","m0",-0.356887399808136,-0.76875207914451,-2.85555238795162,-0.609966768318002
1286,15168,"s15","m0",-0.383887720114139,-0.834121285010109,-2.44227522200564,-0.585872421162227
1287,15175,"s15","m0",-0.38975821460234,-0.897398438866346,-2.62269810992653,-0.100639090911681
1288,15176,"s15","m0",-0.398723179674132,-0.671137545469552,-2.47116765904748,-0.414833414014405
1289,15191,"s15","m0",-0.448598868934835,-0.679281645372981,-2.19142113358874,0.040541750211012
1290,15220,"s15","m0",-0.463326893392965,-0.996811935821428,-2.88179211304822,0.171512067891688
1291,15225,"s15","m0",-0.444395983739181,-0.844687865638445,-1.99819468872453,0.1706913653492
1292,15242,"s15","m0",-0.428074759478826,-0.840851978497859,-2.24658785384537,0.100956348754186
1293,15259,"s15","m0",-0.406010548067289,-0.728348693550404,-2.56392592394983,-0.32904610320526
1294,15269,"s15","m0",-0.419146755636539,-0.876781452544882,-2.62301688455451,-0.300012107042182
1295,15276,"s15","m0",-0.418552360576081,-0.8964070271945,-2.19399158564093,-0.432842491156904
1296,15294,"s15","m0",-0.397020745107901,-0.903311833045401,-2.25212632204929,-0.0609389294303197
1297,15295,"s15","m0",-0.394225227969994,-1.07877128081753,-2.60744603412825,-0.465194487130979
1298,15312,"s15","m0",-0.445719773086731,-0.764016320627988,-2.91280112830438,-0.0818286198669359
1299,15317,"s15","m0",-0.395340762495928,-0.680508172012479,-2.19445864788809,-0.151979554368655
1300,15333,"s15","m0",-0.402412742780366,-0.794394222126188,-2.47403958955045,-0.435200702569332
1301,15350,"s15","m0",-0.457824791421396,-0.85505753993495,-2.59825679203396,0.0677288519655661
1302,15356,"s15","m0",-0.409566406531525,-1.0479830197108,-2.43238589594903,-0.406075612934967
1303,15364,"s15","m0",-0.365871481703417,-0.738417126637858,-2.79603404352945,-0.352179274684325
1304,15369,"s15","m0",-0.378144817578709,-0.891993671293689,-3.29789233014546,-0.191581039752354
1305,15376,"s15","m0",-0.407994567944561,-0.890738689291735,-2.28849444931662,0.0708225120252374
1306,15377,"s15","m0",-0.410101692125909,-0.816623947084525,-2.61876164120894,-0.232486858496108
1307,15405,"s15","m0",-0.412365568477,-0.85524914032572,-2.65455513759185,-0.191385160494212
1308,15419,"s15","m0",-0.37755531283817,-0.796429786252008,-2.62949899171848,-0.672138717768073
1309,15424,"s15","m0",-0.352993790545124,-0.963223324550562,-2.26050806970834,-0.825621854601141
1310,15481,"s15","m0",-0.476046835710329,-0.759103692089375,-2.47617392201218,-0.0566407633450938
1311,15493,"s15","m0",-0.431510683847018,-0.664028343047776,-2.47202028777125,-0.166905724363382
1312,15498,"s15","m0",-0.448832056773862,-0.877016619513254,-2.52520083144558,0.268051869947559
1313,15508,"s15","m0",-0.445750531611372,-0.900147695059351,-2.43266554289958,0.140544619712602
1314,15515,"s15","m0",-0.395739296515648,-0.740138373040361,-2.44169043348677,-0.698595768350775
1315,15516,"s15","m0",-0.42872501360329,-1.22964545950037,-2.45259054604964,-0.627022846771049
1316,15529,"s15","m0",-0.401840779055088,-0.751638584561122,-2.05273465521083,-0.0195400253964721
1317,15548,"s15","m0",-0.394930341048611,-0.931816660965056,-2.82905715065364,-0.540811776666843
1318,15564,"s15","m0",-0.386953207399898,-0.794408303051503,-2.11806757631357,-0.523725477927903
1319,15568,"s15","m0",-0.459365184984052,-0.827777261070425,-2.58147147860907,0.0884564489432166
1320,15571,"s15","m0",-0.387863372776264,-0.960979135395413,-2.58491132195468,-0.778800141097014
1321,15588,"s15","m0",-0.4186010229282,-0.784781941390861,-2.2056234270331,-0.482918000886279
1322,15599,"s15","m0",-0.388134434688277,-0.725496278227392,-3.01163261054481,-0.541256053549061
1323,15602,"s15","m0",-0.492116924367316,-0.908570364207062,-2.15546718616843,0.389990535716819
1324,15625,"s15","m0",-0.510718460875992,-1.04673567130413,-2.83380968527986,0.328860880953005
1325,15628,"s15","m0",-0.418265063496063,-0.902734541347313,-2.3493509328271,-0.338510390933054
1326,15638,"s15","m0",-0.433473901860343,-1.10745980505766,-2.38906131372819,-0.0564059099999572
1327,15647,"s15","m0",-0.411073206895558,-0.817691777023246,-2.3080285070659,-0.286601890280987
1328,15656,"s15","m0",-0.407092248889028,-0.84368145874957,-2.71652247790956,-0.0508807055963548
1329,15674,"s15","m0",-0.383266726599905,-0.845587405749768,-2.47863702296754,-0.452317978331506
1330,15698,"s15","m0",-0.447746190836051,-0.844415585487418,-2.53348354116886,0.0965799201312408
1331,15711,"s15","m0",-0.458036364106696,-1.06714236490749,-2.63475860029635,-0.0736989427791575
1332,15718,"s15","m0",-0.357595589631074,-0.860282291445548,-2.37790915664064,-0.277309322445281
1333,15732,"s15","m0",-0.365706662599067,-0.663340604811643,-2.91231381677188,-1.00271381472964
1334,15745,"s15","m0",-0.482235549889457,-1.01504556047964,-2.65286320246929,0.130796827388565
1335,15746,"s15","m0",-0.43936320071902,-0.884203818100558,-2.5073544310687,-0.248770007126268
1336,15762,"s15","m0",-0.50046613372785,-1.04477466946499,-2.76796716771017,0.439631295684714
1337,15774,"s15","m0",-0.420561285151874,-0.739094324066355,-2.37941265583921,-0.146074276407465
1338,15787,"s15","m0",-0.417191529813035,-0.824928182642395,-2.32810081635113,-0.103886845359869
1339,15795,"s15","m0",-0.378520521370709,-0.971261373633571,-2.19563654049181,-0.418878632199536
1340,15796,"s15","m0",-0.424118413721296,-0.778108333610313,-2.41135017944531,0.108342679861732
1341,15799,"s15","m0",-0.433669807264575,-0.82571274740847,-2.6914435787344,-0.332229024781265
1342,15839,"s15","m0",-0.40634445812918,-1.0063226055352,-2.73421182447194,-0.238407293340773
1343,15858,"s15","m0",-0.368704544029184,-0.903944367848615,-2.72873668317859,-0.621352141793605
1344,15859,"s15","m0",-0.387560382755725,-0.842787676094605,-2.25563722545292,-0.783615757734097
1345,15877,"s15","m0",-0.419383795598624,-0.878651846094184,-2.43704934390962,-0.142548273335252
1346,15878,"s15","m0",-0.346073601023847,-0.758622378782795,-2.40450068359496,-0.289361961658876
1347,15885,"s15","m0",-0.445638567599484,-1.10709379250698,-2.57506132624082,-0.0286877117524907
1348,15886,"s15","m0",-0.42380688499103,-0.897932826226397,-3.07701274923333,-0.788819466776233
1349,15891,"s15","m0",-0.335544466909444,-0.64670017031932,-2.64316554294309,-1.02481333797022
1350,15893,"s15","m0",-0.401156812526616,-1.06582013779483,-2.34806213955795,-0.220865161916455
1351,15897,"s15","m0",-0.447932862255034,-0.831305139829402,-2.42770253571936,0.236738494766588
1352,15914,"s15","m0",-0.443874245527876,-0.965176110842424,-2.80012025394133,-0.304516814898329
1353,15915,"s15","m0",-0.386452823392491,-0.768152483536184,-2.5812509735774,-0.524144705048325
1354,15925,"s15","m0",-0.377106549753363,-0.71243884763671,-2.5087862776114,-0.335056572249903
1355,15960,"s15","m0",-0.461542062685406,-1.06047803467426,-2.51754323272671,-0.000255266116430536
1356,15964,"s15","m0",-0.496364291525275,-0.905626056907534,-2.43521054056558,0.119653247826556
1357,15969,"s15","m0",-0.532555171480832,-1.16353361285721,-2.61703885843989,0.0877077798540044
1358,15970,"s15","m0",-0.438747740085271,-0.7916932042295,-2.96429509064976,-0.0650905821254096
1359,15985,"s15","m0",-0.535260711406764,-1.27487121680695,-2.91032789800691,0.0795729563434382
1360,15992,"s15","m0",-0.429612989254008,-0.958864629540867,-2.661561431259,-0.38826087535555
1361,15996,"s15","m0",-0.434630248119429,-0.973266630592081,-2.9639432987881,-0.166455070782283
1362,16027,"s15","m0",-0.400425462248793,-0.78502974607243,-2.38867788180168,-0.291874225501221
1363,16032,"s15","m0",-0.420050721987802,-0.795173085353353,-2.58085693330025,-0.301206033482759
1364,16039,"s15","m0",-0.377631518217634,-0.970913011632552,-2.20989956007997,-1.18631255552541
1365,16040,"s15","m0",-0.366241020967397,-0.61207279662921,-2.19583878344856,-0.621819923697306
1366,16054,"s15","m0",-0.393012716074387,-0.830042415139005,-2.39275024764292,-0.513107531363131
1367,16058,"s15","m0",-0.408994249509833,-0.748215804262758,-2.49283739903796,0.0177698018040536
1368,16092,"s15","m0",-0.41867144191635,-0.996664776265025,-2.25427061085999,-0.175204531392296
1369,16095,"s15","m0",-0.463858532866481,-1.03146724106527,-2.26211785934843,0.186034376422031
1370,16099,"s15","m0",-0.383876274399115,-0.956878748505099,-2.58331503205263,-0.671679822877808
1371,16112,"s15","m0",-0.407105613987285,-0.85174147700289,-2.78958859201307,-0.343548918493719
1372,16113,"s15","m0",-0.426587185373992,-1.06076391501907,-2.6510680814135,-0.599776953783714
1373,16114,"s15","m0",-0.448191524712454,-0.788770714939109,-2.23505376136043,0.0491231674993626
1374,16141,"s15","m0",-0.421540289957385,-1.01074110642654,-2.57378821251577,-0.0905847458383295
1375,16143,"s15","m0",-0.408015328269148,-0.85386751200064,-3.08126250014481,-0.809179129803618
1376,16157,"s15","m0",-0.379854271171575,-0.713368656529186,-2.22876940126869,-0.193748560695374
1377,16168,"s15","m0",-0.431112815246027,-0.715166359583256,-2.40029036081858,-0.117379675718033
1378,16171,"s15","m0",-0.450507763037069,-0.899189198070354,-2.94030679893584,-0.087705925656036
1379,16208,"s15","m0",-0.4311264267321,-0.771421795642647,-2.15496608947422,0.127866157193922
1380,16219,"s15","m0",-0.434455250070899,-0.76402291208812,-2.4118647145743,0.0966862823179372
1381,16221,"s15","m0",-0.43537292929581,-1.07411112801749,-2.65687306702376,-0.174713215253334
1382,16237,"s15","m0",-0.420238656230979,-0.842949302430076,-2.22116192899068,-0.694594055589492
1383,16240,"s15","m0",-0.465636957156857,-0.788143567473468,-2.16909572069284,-0.135540499330785
1384,16263,"s15","m0",-0.413506336987181,-0.741798151073823,-2.41230622393195,-0.425100971249246
1385,16266,"s15","m0",-0.440536615520257,-0.897089116562781,-2.61227144554965,-0.437665485953757
1386,16274,"s15","m0",-0.365112835097351,-0.823847918014873,-2.59445791660668,-0.890997826413655
1387,16282,"s15","m0",-0.39966647535264,-0.76572659283512,-2.10860800993661,-0.602227937848277
1388,16289,"s15","m0",-0.43018686751605,-0.762796545595379,-2.47638291824369,-0.137342134385621
1389,16310,"s15","m0",-0.428795023551231,-0.90016059656188,-2.48744262714849,-0.41116554555
1390,16330,"s15","m0",-0.347332832894524,-0.528105321818261,-2.32211375330536,-0.869664180452108
1391,16346,"s15","m0",-0.423176512426775,-0.87788797590213,-2.64781767968345,-0.147389005954996
1392,16378,"s15","m0",-0.336956549212281,-0.885877267261309,-2.4065906857254,-1.05212049686298
1393,16380,"s15","m0",-0.418408036519879,-0.790374902679928,-2.08905036761642,-0.41658838351575
1394,16381,"s15","m0",-0.514848770683187,-1.09128097073572,-2.12379183897477,0.563227983411718
1395,16394,"s15","m0",-0.398198136285576,-0.912727304445191,-2.65369481370469,-0.536856755047683
1396,16432,"s15","m0",-0.395845490416936,-0.663056024306128,-2.4586602767993,-0.171032919243115
1397,16444,"s15","m0",-0.387152236812116,-0.5288920576332,-2.3965838717203,-0.176784147573936
1398,16451,"s15","m0",-0.459659808975826,-0.810971080511653,-2.13151949034205,0.328306200485038
1399,16465,"s15","m0",-0.38683237428824,-0.812327865311177,-2.4163246198266,-0.333341500270098
1400,16474,"s15","m0",-0.386489905287726,-0.689307976845116,-2.44314355506673,-0.29869333067938
1401,16483,"s15","m0",-0.469099313671874,-0.946575518829936,-2.67668413995497,0.187484895248395
1402,16488,"s15","m0",-0.428220240629022,-0.875126935702188,-2.50544654610814,-0.347212165672927
1403,16494,"s15","m0",-0.361743088909598,-0.805996198540267,-2.83717532094953,-0.677236926936286
1404,16520,"s15","m0",-0.423560967457959,-0.830786252966084,-2.33034871489878,-0.311422556854488
1405,16526,"s15","m0",-0.410496278321987,-0.774808329900735,-2.12116994550813,-0.0465169883652892
1406,16531,"s15","m0",-0.379093719820605,-0.678112544549232,-2.88244920527667,-0.408836630630111
1407,16537,"s15","m0",-0.447871172795143,-0.892358719807219,-3.09835240372783,-0.043421935482859
1408,16564,"s15","m0",-0.417674125334885,-0.76716200346394,-2.24916300402735,-0.459810282941679
1409,16568,"s15","m0",-0.488912598536874,-1.00119813987943,-2.49357419210498,0.260967240730223
1410,16573,"s15","m0",-0.433021652361502,-1.01044190655772,-2.20923264256288,-0.34490230274398
1411,16591,"s15","m0",-0.410113446761089,-0.897660293763828,-2.58580651860667,-0.0693175474710726
1412,16617,"s15","m0",-0.492056412557038,-0.797899766297781,-2.89658906150193,0.182133615448616
1413,16635,"s15","m0",-0.426808279071489,-0.890542896493688,-2.26776611796699,-0.253451867710255
1414,16637,"s15","m0",-0.417889911008767,-0.7047955665041,-2.48899157224619,-0.206651577748167
1415,16650,"s15","m0",-0.410765339643255,-0.752942604575253,-2.37796704142699,-0.140481054247568
1416,16653,"s15","m0",-0.544453135074163,-1.04710546168896,-2.90635240899212,-0.0298152895993223
1417,16659,"s15","m0",-0.376404826589094,-0.65605449615715,-2.34352320747451,-0.431207262538426
1418,16670,"s15","m0",-0.461998091083848,-0.819351975612646,-2.89266224322934,-0.433943402305101
1419,16675,"s15","m0",-0.486214846458352,-0.6675317680344,-2.72043595609114,0.342148273529314
1420,16686,"s15","m0",-0.474134839475549,-0.964139919776762,-2.29662895985529,-0.071178373056041
1421,16698,"s15","m0",-0.375316383257644,-0.945432433905418,-2.60741413286348,-0.447777784524982
1422,16708,"s15","m0",-0.409548039887127,-0.862235853029414,-2.92338292562583,-0.0804630612104603
1423,16738,"s15","m0",-0.378329108635332,-0.684107322095614,-2.87120084579,-1.58495633849749
1424,16767,"s15","m0",-0.439056880501985,-0.845422747537013,-2.03509305284772,-0.212332595406444
1425,16771,"s15","m0",-0.415922087088663,-0.963004973344768,-2.532270710803,-0.0802734863013477
1426,16790,"s15","m0",-0.312690790360157,-0.752309140129321,-2.63718608826436,-1.44170409597327
1427,16794,"s15","m0",-0.482624171561352,-0.747516170051449,-2.89280724194061,-0.0801316647874972
1428,16800,"s15","m0",-0.427611650074554,-0.81126711745136,-2.62568211786129,-0.302695515284996
1429,16802,"s15","m0",-0.355933128444511,-0.792527710005843,-2.50054355225424,-0.638478156641335
1430,16833,"s15","m0",-0.477232571826724,-1.0130599179304,-2.53129913483259,0.130611024030017
1431,16839,"s15","m0",-0.506756855333369,-1.05524096865379,-2.47057643362465,0.313553400454986
1432,16850,"s15","m0",-0.47477726067344,-0.941728665570332,-2.43283100757548,-0.0393619837437964
1433,16856,"s15","m0",-0.404829264054156,-1.04888719658658,-2.1473283642879,-0.66272318542606
1434,16869,"s15","m0",-0.432740674241102,-0.980923513571191,-2.07615371984934,-0.170922907133626
1435,16877,"s15","m0",-0.413675888987501,-0.827160428348654,-2.2009735046602,-0.263970748716425
1436,16889,"s15","m0",-0.41191180188046,-0.933330370143266,-2.77869770604728,-0.102283326790382
1437,16901,"s15","m0",-0.447191462358691,-1.12348981972882,-2.13562711694363,-0.140130043489078
1438,16912,"s15","m0",-0.41510204874066,-0.933786456341739,-2.46210882364035,-0.766823987870639
1439,16937,"s15","m0",-0.467129578363979,-0.865410932271283,-2.91715007474509,-0.0237388975274029
1440,16938,"s15","m0",-0.434452109503854,-0.693877533845908,-2.67982358510089,0.0175398648677554
1441,16939,"s15","m0",-0.438514405059663,-0.816691843803505,-2.86003625837083,0.00105672626552999
1442,16946,"s15","m0",-0.422069010335916,-0.816530063731105,-2.45793427643585,-0.390514479666319
1443,16971,"s15","m0",-0.400573992743106,-0.814082815339512,-2.00897088050493,-0.6399027907424
1444,16977,"s15","m0",-0.385581010412892,-0.953290688794064,-2.94537322224666,-0.678713483493728
1445,16995,"s15","m0",-0.44504819991417,-0.949183429311683,-2.72442910471606,0.254799662265823
1446,16998,"s15","m0",-0.455484953646995,-0.828690926333682,-2.11092256872813,-0.259159037650067
1447,17002,"s15","m0",-0.40451750978819,-0.65865848962657,-2.85939308579837,-1.12640573484894
1448,17010,"s15","m0",-0.38383810040889,-0.730526103981921,-2.71362539990743,-0.689855731545497
1449,17031,"s15","m0",-0.283408409696913,-0.608779041766988,-2.25430143937118,-1.07127753540624
1450,17036,"s15","m0",-0.345403252025864,-0.761715560351645,-2.27969720673558,-0.659587945326743
1451,17042,"s15","m0",-0.389796230432897,-0.816590571742188,-2.65138006958044,-0.351913414904447
1452,17063,"s15","m0",-0.434602939276325,-0.918141625483422,-2.32185584079166,0.334920004519694
1453,17065,"s15","m0",-0.413926786755517,-0.751181091471093,-2.61071745859196,0.0911646927369591
1454,17076,"s15","m0",-0.430693498284027,-0.886219699758616,-2.79854855051985,0.0526723376088774
1455,17097,"s15","m0",-0.357929665547438,-0.833576435532059,-2.26870243221793,-0.405992812148251
1456,17099,"s15","m0",-0.370096188320134,-0.701349630290249,-2.7587965297507,-0.167624091194654
1457,17112,"s15","m0",-0.433056189244688,-0.735091890301907,-2.73677511361797,-0.361358076734303
1458,17117,"s15","m0",-0.420138054096783,-0.91113393547435,-2.37048904507059,-0.614020619117048
1459,17118,"s15","m0",-0.459788809207839,-0.972145476158301,-2.50093205256321,0.0591374019737339
1460,17125,"s15","m0",-0.410938324023539,-0.860082694731569,-2.0126471293002,-0.312476457328765
1461,17137,"s15","m0",-0.432965783853894,-0.87483927292649,-2.48144893864079,-0.152591206258549
1462,17171,"s15","m0",-0.438155720451468,-0.713836497786812,-2.24187034552705,-0.676126157265136
1463,17176,"s15","m0",-0.500237583771749,-0.882106718821453,-2.88569399606495,-0.0602656754070484
1464,17191,"s15","m0",-0.470109618782725,-0.82040726004993,-2.54098983793737,0.380030141516567
1465,17206,"s15","m0",-0.415744173707079,-0.795489181366479,-2.58519122310243,-0.308444009274436
1466,17239,"s15","m0",-0.423529368615898,-1.01613806444883,-2.21992597566349,-0.0929486465981189
1467,17273,"s15","m0",-0.486206309816809,-1.03811990818398,-2.58501887035776,0.0340561477354908
1468,17281,"s15","m0",-0.469817482576916,-1.02969439705276,-2.56128370124301,0.278255817259952
1469,17297,"s15","m0",-0.394468418557233,-0.87087952275194,-2.50271585002792,0.0870626432186105
1470,17300,"s15","m0",-0.468337502026704,-0.959415609643875,-2.76193121787479,0.132980104352663
1471,17305,"s15","m0",-0.4524513996575,-0.952635744660491,-2.7274713331206,0.0185992027086712
1472,17312,"s15","m0",-0.450448496913574,-0.924233553324248,-2.51649420434567,-0.0558886157031665
1473,17313,"s15","m0",-0.408836827780512,-0.556691990775081,-2.83250763437015,-0.510032203277501
1474,17331,"s15","m0",-0.357135828740508,-0.88097889348643,-2.16208185210688,-0.13356396187238
1475,17359,"s15","m0",-0.446748401603364,-1.19682329842858,-2.82559005841405,-0.0289588591495725
1476,17362,"s15","m0",-0.405170896331386,-1.08650285144717,-2.85817766008702,-0.305692803119638
1477,17365,"s15","m0",-0.432150813188798,-0.832312169717298,-2.91060844451454,-0.118992828303166
1478,17385,"s15","m0",-0.342312553860728,-0.673129394271744,-2.42618123443409,-0.704419056651584
1479,17388,"s15","m0",-0.364514697296938,-0.742279019897376,-2.50669615900157,-0.407658601952735
1480,17403,"s15","m0",-0.505596321463381,-0.829594408111104,-2.75674253991077,0.350470259576741
1481,17410,"s15","m0",-0.401180153733289,-0.777024826820595,-2.58354317021687,-0.214673540628167
1482,17424,"s15","m0",-0.466865350876682,-0.841294033077236,-2.56111384543338,-0.0487517763689833
1483,17426,"s15","m0",-0.507082030220317,-1.14324467069539,-2.7618472702314,0.549475908941411
1484,17449,"s15","m0",-0.355265923882923,-0.754261405646938,-2.3724596238494,-0.604291288212456
1485,17465,"s15","m0",-0.478572335853648,-0.909125264650833,-2.50192767017558,-0.256447961845615
1486,17474,"s15","m0",-0.379980865523937,-0.760596654794149,-2.72838207997576,-0.392193228587479
1487,17506,"s15","m0",-0.465788466311849,-0.99612957492813,-2.66403990255002,0.0991670530817437
1488,17507,"s15","m0",-0.359582909906815,-0.746335666306285,-2.72279361512917,-0.393748010031921
1489,17509,"s15","m0",-0.50319201560724,-0.808742313906686,-2.69909159179112,0.405693039763929
1490,17526,"s15","m0",-0.421593373584091,-0.852110673833444,-3.23639449908754,-0.160021615899868
1491,17537,"s15","m0",-0.493786350585506,-1.07696992158088,-2.4370329666754,0.153724161760931
1492,17544,"s15","m0",-0.462816765883071,-1.01636877587798,-2.41533599493263,0.191562060472157
1493,17561,"s15","m0",-0.417197516461392,-0.952076975098211,-2.72355505641994,-0.876372041954783
1494,17583,"s15","m0",-0.456454063863229,-0.923047476865199,-2.49486499407849,0.218414346906846
1495,17595,"s15","m0",-0.425757941653718,-0.82167406736168,-2.05654232682702,0.0442222174594619
1496,17615,"s15","m0",-0.414792159902839,-0.699651792729839,-2.39407399627948,-0.250629940044897
1497,17624,"s15","m0",-0.424390659394474,-0.93190596565288,-2.72511155031358,-0.189020243372125
1498,17636,"s15","m0",-0.42510551387312,-1.09081166018233,-2.38982866328517,-0.0537891409309482
1499,17655,"s15","m0",-0.438414477146885,-0.964501344991695,-2.47246705719647,-0.094894018502783
1500,17673,"s15","m0",-0.415691623453829,-0.868735724631007,-2.63709984746073,-0.437348984830939
1501,17702,"s15","m0",-0.386558188407629,-0.674965905017007,-2.80481793389166,-0.370993843021129
1502,17705,"s15","m0",-0.438313170214744,-0.828365013603577,-2.52203076214693,-0.0212344823993969
1503,17707,"s15","m0",-0.437034302517598,-0.925402034012694,-2.37855354887563,-0.0406593236768181
1504,17711,"s15","m0",-0.473266402358058,-0.852203485656626,-2.53662959900156,0.507458633937654
1505,17717,"s15","m0",-0.397875253087841,-0.6387995876369,-2.05160121929836,0.0606581635572875
1506,17739,"s15","m0",-0.385286618531843,-0.808204406838774,-2.87271901875199,-0.228279208094067
1507,17744,"s15","m0",-0.393184425641378,-0.991441289011633,-2.61626955723361,-0.148485319533846
1508,17772,"s15","m0",-0.433923600424269,-1.12269453144957,-2.59054852862394,-0.153241330313791
1509,17780,"s15","m0",-0.370147338216379,-0.87896817921588,-2.74089951244495,-0.684234197085242
1510,17798,"s15","m0",-0.458571420809843,-0.957945085208538,-2.55799247366556,0.0914820214128772
1511,17830,"s15","m0",-0.427827683214921,-0.621294096555873,-2.63333571207461,-0.261257840397547
1512,17832,"s15","m0",-0.420061055353739,-0.952825378765794,-2.38620109950576,-0.222655370243595
1513,17835,"s15","m0",-0.383547021136981,-0.79958524577415,-2.42164175020893,-0.421850221241505
1514,17841,"s15","m0",-0.467143523783816,-0.891693320989557,-2.21617474144947,0.194455710021135
1515,17849,"s15","m0",-0.408632519790977,-0.721687449152763,-2.62064377641983,-0.152533213978577
1516,17880,"s15","m0",-0.422020237234029,-0.630680171698243,-2.27424005447672,0.0851307834680615
1517,17890,"s15","m0",-0.393993916733781,-0.783128403803483,-2.77463600244362,-0.42757709377234
1518,17896,"s15","m0",-0.452459871643136,-0.932405509438427,-2.30969643262817,-0.0565120938964115
1519,17903,"s15","m0",-0.434020945121221,-1.01346481320713,-2.2453994057899,-0.171359195194316
1520,17907,"s15","m0",-0.491498010171331,-1.05873878450952,-2.9699278799183,0.182603200400841
1521,17959,"s15","m0",-0.416339635756832,-0.916446530508671,-2.72201785222342,-0.150113502227136
1522,17963,"s15","m0",-0.409260837357975,-0.798039440640684,-2.70493853115992,0.15920456447116
1523,17994,"s15","m0",-0.425260293338806,-0.941316213921397,-2.62527939318251,-0.158325769846601
1524,18008,"s15","m0",-0.383280385692848,-0.660328798419836,-2.38394803805649,-0.133282878280769
1525,18016,"s15","m0",-0.403015494787405,-0.862443910862937,-2.76634641911021,-0.346287776613622
1526,18019,"s15","m0",-0.380388490967329,-0.747199318611372,-3.15810673800838,-0.188715743156385
1527,18031,"s15","m0",-0.4209505613272,-0.794996155387213,-2.58562010926805,0.441320660118445
1528,18034,"s15","m0",-0.360766988140248,-0.63783509811949,-2.00611184652966,-0.866840070497192
1529,18057,"s15","m0",-0.471643481894852,-0.895871393103485,-2.30528561644596,0.0980217611097511
1530,18060,"s15","m0",-0.459593801914069,-0.92348395502475,-3.2854956521659,0.138457765897058
1531,18086,"s15","m0",-0.459866752331418,-0.834000641503982,-2.37670176533659,0.00969313700971946
1532,18087,"s15","m0",-0.458287930272869,-0.957751737004648,-2.62199639627472,-0.0844726906573325
1533,18090,"s15","m0",-0.420187729761293,-0.812997268026445,-2.83431083528687,-0.0104216034112506
1534,18095,"s15","m0",-0.462039285862438,-0.983556422220762,-2.67965550107495,0.222946341218941
1535,18097,"s15","m0",-0.420110029847222,-0.875592364569408,-2.54216092445437,-0.196323263491883
1536,18100,"s15","m0",-0.485911761788013,-1.10825291505766,-2.31475662387653,0.175935604919649
1537,18108,"s15","m0",-0.478640983112725,-0.903955621261413,-2.31545401560972,0.0570746753464533
1538,18135,"s15","m0",-0.43683410916416,-1.16697447206914,-2.38147713525717,-0.0935019304162225
1539,18136,"s15","m0",-0.405943942197698,-1.00889741536177,-2.58209113933712,-0.412873899591881
1540,18143,"s15","m0",-0.442808597507057,-0.995636210145623,-2.70312811734307,-0.688389937061797
1541,18149,"s15","m0",-0.459645101538366,-0.857328311529179,-2.73166205770116,0.0374027171882286
1542,18151,"s15","m0",-0.444818519613412,-0.842674016123912,-2.16441040048966,-0.0526879618930444
1543,18193,"s15","m0",-0.368881825506705,-0.866897681409897,-2.2464713182353,-0.650897168477186
1544,18195,"s15","m0",-0.435691033446979,-0.966593671087847,-2.7273462899769,-0.222138055750863
1545,18198,"s15","m0",-0.353811945718465,-0.94833534088423,-2.53325039111763,-0.493918530892501
1546,18199,"s15","m0",-0.440460523966784,-0.929242188726098,-2.30843105436326,-0.0713335444126588
1547,18207,"s15","m0",-0.398135097560108,-0.983770485476775,-2.58702262078904,-0.414809703995585
1548,18211,"s15","m0",-0.481134536366577,-0.864298626402068,-2.38697747201406,0.464668440985355
1549,18224,"s15","m0",-0.408441830024913,-0.751215619700072,-2.66446925765755,-0.270570298007737
1550,18234,"s15","m0",-0.422239515861197,-0.915693287021931,-2.42618777883177,-0.00444638954127637
1551,18250,"s15","m0",-0.398126731020249,-0.712000383903053,-2.71184443345645,-0.35438133591441
1552,18254,"s15","m0",-0.50431871006286,-0.906407157932958,-2.62232127220379,0.355791151006272
1553,18269,"s15","m0",-0.354791913529777,-0.788271733460569,-2.26284374526494,-0.673253205347749
1554,18294,"s15","m0",-0.520309831926953,-1.05674405801324,-2.81178970813269,0.469329203708096
1555,18305,"s15","m0",-0.464796618117947,-1.13331368381568,-2.44950351880986,0.103987803372469
1556,18313,"s15","m0",-0.429923316299671,-0.801555755801487,-2.93340512109407,-0.106415155126008
1557,18314,"s15","m0",-0.380075652468635,-0.865578252761156,-2.33773872628246,-0.408624707410728
1558,18333,"s15","m0",-0.4944330223544,-1.06215332712407,-2.46077692448947,0.417014103606437
1559,18368,"s15","m0",-0.435753818417018,-0.803219415242057,-2.77451960468712,-0.182730593784932
1560,18396,"s15","m0",-0.52492857217704,-1.10325664458914,-2.80986725513667,0.200801918031292
1561,18415,"s15","m0",-0.471327918939847,-0.908806958192587,-2.24129796111348,-0.197182507952396
1562,18430,"s15","m0",-0.442068395501962,-0.733168810278,-3.0770057101505,-0.231261643767454
1563,18437,"s15","m0",-0.402955695127904,-0.979342693862375,-2.6934416720392,-0.297956460045827
1564,18476,"s15","m0",-0.402531462511814,-0.679512144772505,-2.38040340771633,-0.056322095097194
1565,18493,"s15","m0",-0.46886146822911,-0.988582017494417,-2.62041115428565,-0.296723254507376
1566,18501,"s15","m0",-0.3553597108872,-0.704063158002226,-2.7084808370857,-0.474203041189856
1567,18519,"s15","m0",-0.436162770814419,-0.770658973364751,-2.57560369744959,0.0418149093763488
1568,18530,"s15","m0",-0.376302829160882,-0.785497445008795,-2.64815974706278,-0.220412186340546
1569,18533,"s15","m0",-0.390215232040126,-0.81767774232059,-2.47646973487601,-0.385358310343889
1570,18546,"s15","m0",-0.408326830289842,-0.797889092076678,-2.81085545079701,-0.17181748527872
1571,18577,"s15","m0",-0.342787535887057,-0.875336868550981,-2.65716491687072,-0.805606096765584
1572,18578,"s15","m0",-0.432043893624357,-0.788882822890963,-2.22026336839589,-0.185066788174889
1573,18616,"s15","m0",-0.471547555956988,-0.862961030599416,-2.64935180689504,0.280822702926308
1574,18629,"s15","m0",-0.394074199456649,-0.848970484441326,-2.44791461922228,-0.0774491282360258
1575,18647,"s15","m0",-0.517933632579297,-1.05041444051712,-2.48197180300246,0.291961759209285
1576,18650,"s15","m0",-0.406234409935393,-0.778060169505602,-2.32199157900931,-0.282480262208423
1577,18656,"s15","m0",-0.388380473483822,-0.879625556142384,-2.1055803114862,-0.121846895409761
1578,18667,"s15","m0",-0.453424487558407,-0.870281613329933,-2.28899969371977,-0.137898705218975
1579,18668,"s15","m0",-0.486868048789998,-0.93630548048814,-2.39784639715953,0.326520359202278
1580,18672,"s15","m0",-0.373474888562091,-0.702196454875809,-2.41513277567279,-0.200541036419221
1581,18674,"s15","m0",-0.436525257149809,-0.956355773813617,-2.34605093215022,0.15290985442384
1582,18718,"s15","m0",-0.432654564167807,-0.796700076083977,-2.78597777490927,-0.0595256295471203
1583,18726,"s15","m0",-0.442572610979317,-0.758398689357325,-2.42648917225835,-0.39729827686593
1584,18762,"s15","m0",-0.429636688507457,-1.0423282588043,-2.87017080086772,0.0751854981819771
1585,18771,"s15","m0",-0.456861596393777,-0.929187599417483,-2.69649858770614,-0.23130485823211
1586,18825,"s15","m0",-0.349019108674809,-0.786679564686138,-2.61634798238436,-0.81823038153236
1587,18836,"s15","m0",-0.374366652548322,-0.772133278186524,-2.10133664648592,-0.536683677256772
1588,18863,"s15","m0",-0.427113551007224,-1.04369402610584,-2.58515524954239,-0.114942736237151
1589,18865,"s15","m0",-0.374477817912812,-0.838547097699134,-2.57599871110948,-0.358700097548028
1590,18867,"s15","m0",-0.360985538507962,-0.627125238266845,-2.2467421838915,-0.459053558585824
1591,18894,"s15","m0",-0.421326878653493,-0.663545816947616,-2.66361418693024,-0.0873596529499789
1592,18923,"s15","m0",-0.361096376143695,-0.739656224099549,-2.17405574511988,-0.597375277560391
1593,18926,"s15","m0",-0.34681972781647,-0.930996125402713,-2.43141833309227,-1.15788314590499
1594,18939,"s15","m0",-0.431620643636517,-0.851712105891673,-2.09172027471062,-0.0723377178144807
1595,18947,"s15","m0",-0.387574869533046,-0.945745860405916,-2.57879085136196,-0.416129826329788
1596,18951,"s15","m0",-0.435153630298862,-0.711248610746886,-2.72968361271967,-0.100237418598475
1597,18955,"s15","m0",-0.323806955817199,-0.532125242246484,-2.33187931365241,-1.15278185580117
1598,18956,"s15","m0",-0.379522201483667,-0.972386646543898,-2.42427978616571,-0.708824589920082
1599,18958,"s15","m0",-0.449596482330808,-0.743453645150374,-2.55998971510323,0.122060002085496
1600,18978,"s15","m0",-0.41513683984357,-0.667134000737004,-2.80976037498933,-0.564944512371707
1601,18983,"s15","m0",-0.457798962583085,-0.82032963062643,-2.17906884584582,-0.244114023650755
1602,18987,"s15","m0",-0.480627835383435,-0.917810154728053,-2.20777386507712,-0.0047469040334773
1603,19009,"s15","m0",-0.511127114792145,-1.01647711513483,-3.2211916394139,0.358809039665404
1604,19017,"s15","m0",-0.375030524450051,-0.804482654241172,-2.4768302375274,-0.582814605635114
1605,19022,"s15","m0",-0.455752449754892,-0.868777508799834,-3.25312975994632,0.389791608326234
1606,19069,"s15","m0",-0.469033272135758,-0.805040497255026,-2.81274211864298,0.280091612867426
1607,19072,"s15","m0",-0.45400790433659,-0.879596804196684,-2.4881989728738,0.178369156304206
1608,19073,"s15","m0",-0.414297932791212,-0.878605153358296,-2.64412081795237,-0.469246444513434
1609,19075,"s15","m0",-0.461923495362846,-0.735214561478957,-2.45887783648419,0.087632462256851
1610,19103,"s15","m0",-0.455694609445316,-0.846229795620955,-2.6914123077968,-0.323670245115962
1611,19107,"s15","m0",-0.460840781043694,-0.655771429305032,-2.10673534650126,0.380232772936762
1612,19119,"s15","m0",-0.481656377304025,-1.19727294918172,-2.68374091156713,0.20928376377731
1613,19120,"s15","m0",-0.466882190487071,-0.818178813508637,-2.70647790964964,0.106717213911185
1614,19124,"s15","m0",-0.384998294678213,-0.602651109312261,-2.4314758312389,-0.483886236548478
1615,19138,"s15","m0",-0.438241500478497,-0.705301613623493,-2.51125346704258,-0.199289860018767
1616,19140,"s15","m0",-0.351941836760164,-0.571162636382154,-2.68643794078037,-0.607512667021339
1617,19156,"s15","m0",-0.373751590695013,-1.0494754865221,-2.33022695223419,-0.339926059712117
1618,19159,"s15","m0",-0.429290624309126,-0.807123462946447,-2.53579720555718,0.0602738454632337
1619,19176,"s15","m0",-0.455471346145616,-0.7633883576658,-2.22541676094223,-0.410090867368042
1620,19186,"s15","m0",-0.438413873085661,-0.719774020808292,-2.18676970970853,0.0274163379639188
1621,19210,"s15","m0",-0.423645547709291,-0.943559382239355,-2.72929647166626,-0.275021016788897
1622,19219,"s15","m0",-0.48123219349772,-0.850914392056548,-2.58922022708,0.454560495245737
1623,19224,"s15","m0",-0.483315363579692,-1.1110809734483,-2.88112919317633,0.37591104426646
1624,19256,"s15","m0",-0.395791313810927,-0.774806146368911,-2.3232536777506,-0.140721214250752
1625,19259,"s15","m0",-0.342416396784752,-0.736204196130712,-1.98378422246753,-0.313575973057976
1626,19276,"s15","m0",-0.405720976132492,-0.763212460224367,-2.59550209801156,-0.1425095422338
1627,19285,"s15","m0",-0.426678289075759,-0.894417619675437,-1.98325959665198,-0.0194466199628439
1628,19288,"s15","m0",-0.421363882018763,-0.812017559146042,-2.43031949466445,0.0266918952471705
1629,19294,"s15","m0",-0.403180288316869,-0.753926148806085,-2.38038410296621,-0.318857456924997
1630,19296,"s15","m0",-0.414764488974732,-0.682845539361788,-2.21948023997566,0.0424883094722174
1631,19306,"s15","m0",-0.426097238759052,-0.804388901444097,-2.10422120585624,-0.143030319209709
1632,19309,"s15","m0",-0.412685595841462,-1.04868977106263,-2.25136591840051,-0.155121331305379
1633,19312,"s15","m0",-0.43502803022437,-0.793327907621946,-2.27239388778201,0.484836926857456
1634,19319,"s15","m0",-0.449150399504745,-1.02026831547704,-2.29568436605309,-0.000227406058392735
1635,19322,"s15","m0",-0.429053098102795,-0.77328892015242,-2.95086787258237,-0.295294187457477
1636,19326,"s15","m0",-0.417187116045497,-0.923961803325615,-2.70485614302147,-0.312347902799707
1637,19331,"s15","m0",-0.378131017152334,-0.943035142949632,-2.11129231760259,-0.322759539981004
1638,19343,"s15","m0",-0.377660304646284,-0.868418898439991,-2.7323580902728,-0.563974269977687
1639,19368,"s15","m0",-0.382070908762589,-0.808445944013576,-2.17055026364412,-0.428821121394285
1640,19384,"s15","m0",-0.469416527073027,-1.01738780691249,-2.29584762847546,0.101997576129841
1641,19391,"s15","m0",-0.437828589948864,-0.921403348368573,-2.93613433869811,-0.231005124275498
1642,19394,"s15","m0",-0.479505310259744,-0.758340694080539,-2.24604475851905,0.421197417073585
1643,19397,"s15","m0",-0.503484677980247,-0.981937530235814,-2.40928640898284,0.328858496675192
1644,19405,"s15","m0",-0.483027043867312,-0.951797140754589,-2.55768413390273,0.0344036102835271
1645,19413,"s15","m0",-0.455519984784994,-0.884136905224107,-2.7440211245678,0.102260935443108
1646,19467,"s15","m0",-0.442664510162263,-0.942104805919784,-2.64694843937969,0.0261369097416558
1647,19474,"s15","m0",-0.334825574222224,-0.666214761853841,-2.45926256880578,-0.998712314517029
1648,19481,"s15","m0",-0.426801256778447,-0.937929059353812,-2.72278705920076,-0.306988331117756
1649,19485,"s15","m0",-0.501257404202129,-0.965045947408078,-2.79555378504564,0.372722489860719
1650,19512,"s15","m0",-0.415483914755988,-0.837988759101484,-2.19285448740326,-0.151819530215174
1651,19520,"s15","m0",-0.467156373137834,-1.05428794803651,-2.31195144484595,0.0531642417547611
1652,19551,"s15","m0",-0.46954286132291,-0.944288857938003,-2.58007479921915,0.0389030812211503
1653,19554,"s15","m0",-0.386337420578383,-0.640840246312848,-2.74283685311352,-0.266460092561731
1654,19556,"s15","m0",-0.431050958177792,-0.997810225219517,-2.84202545386153,-0.798093683532265
1655,19569,"s15","m0",-0.37626020982102,-0.758368265995707,-2.31144112262409,-0.383223390057421
1656,19586,"s15","m0",-0.436691330226449,-0.977678201811042,-2.55471259624904,-0.617394905079121
1657,19587,"s15","m0",-0.434411890765225,-0.964677725687041,-2.82114268974235,-0.37099815323829
1658,19595,"s15","m0",-0.359658327405698,-0.676141216220543,-2.10870493710634,-0.396762948481583
1659,19616,"s15","m0",-0.369272967532626,-0.821601867294379,-2.91405799571047,-0.540323725721085
1660,19632,"s15","m0",-0.40219727485173,-0.863034524279017,-2.73633859638318,-0.229771162053727
1661,19644,"s15","m0",-0.364978094241433,-0.771861201228206,-2.67176376942767,-0.927569383297555
1662,19664,"s15","m0",-0.406397237497616,-0.945438241176629,-2.67321263093198,-0.386504639687047
1663,19671,"s15","m0",-0.337899942781237,-0.778231208436631,-2.13683759667354,-0.91620829767833
1664,19679,"s15","m0",-0.394395248358353,-1.11862471791814,-2.49863715683553,-0.553226453818108
1665,19684,"s15","m0",-0.444813907725585,-0.853085026256402,-2.24176167557214,0.0784632244247448
1666,19688,"s15","m0",-0.359088722800416,-0.709978598660189,-2.31879283224029,-0.19243659891064
1667,19721,"s15","m0",-0.472134307744266,-0.97593872789994,-3.0039390737811,-0.0567298185672324
1668,19736,"s15","m0",-0.407426766317913,-0.880911349823077,-2.28492573057695,-0.326860931763042
1669,19746,"s15","m0",-0.42426725528134,-0.883371413220045,-3.04509197187386,-0.0553864130059448
1670,19752,"s15","m0",-0.45302134979326,-0.971891755478839,-2.59818172162707,0.162811293570697
1671,19753,"s15","m0",-0.488916445417729,-0.892380003757757,-2.45592151120568,0.170639603328016
1672,19766,"s15","m0",-0.371347153316009,-0.883330831105719,-2.61637292698748,-0.703633867182306
1673,19798,"s15","m0",-0.384906758276746,-0.691150437846187,-2.39990369997173,0.0380900882967666
1674,19806,"s15","m0",-0.419300515391221,-0.873785111720111,-2.10562234116281,-0.127435789776223
1675,19814,"s15","m0",-0.486105834666498,-1.11536917234286,-2.53243755023175,0.287186149664502
1676,19831,"s15","m0",-0.437501747412208,-0.933706424126261,-2.65442082890019,0.072542730854771
1677,19847,"s15","m0",-0.361715588468793,-0.71347800426161,-2.30273188745615,-0.576723798730265
1678,19869,"s15","m0",-0.37965602815049,-0.855712582050745,-2.97259850078577,-0.548945597192792
1679,19871,"s15","m0",-0.362522404719608,-0.960980640162416,-2.37826413008237,-0.946457397105071
1680,19878,"s15","m0",-0.359551255299652,-0.715965412296729,-2.76624179211388,-0.327969089196496
1681,19886,"s15","m0",-0.420051898281911,-0.856405547817292,-3.10437182240701,-0.0392204786476446
1682,19887,"s15","m0",-0.439706523581501,-0.721399255201394,-3.06235576252523,0.160661826202484
1683,19892,"s15","m0",-0.33701665212866,-0.967720886193945,-1.95446656496174,-0.613659683882607
1684,19896,"s15","m0",-0.589609982642028,-1.06538922597577,-2.86735036866232,0.844457104999416
1685,19897,"s15","m0",-0.47697632237524,-1.20598309433721,-2.4084624675523,-0.290175564623437
1686,19910,"s15","m0",-0.448851666892407,-0.953350264407682,-2.26443111959265,-0.156463162464888
1687,19913,"s15","m0",-0.365016758862076,-0.920023371883652,-2.33721196204062,-0.53504203545609
1688,19916,"s15","m0",-0.486822897882036,-0.922414986600841,-2.95643801249529,-0.0419646037768819
1689,19918,"s15","m0",-0.357723810429105,-0.799762804245325,-2.3649814806158,-0.326733616324909
1690,19921,"s15","m0",-0.390679119172155,-0.918650416872211,-2.12895962388818,-0.323707200115782
1691,19934,"s15","m0",-0.457048010733574,-0.903804478317379,-2.48312960860897,0.157650056965648
1692,19936,"s15","m0",-0.450072476175291,-0.821470473233812,-2.85503152845963,0.215634054739868
1693,19945,"s15","m0",-0.385877415800441,-0.661715909667078,-2.67837433423741,-0.783427155467886
1694,19962,"s15","m0",-0.438416071335626,-0.878509881281663,-1.94215890618157,-0.0884928708277637
1695,19972,"s15","m0",-0.421912694550442,-1.06246919925799,-2.3344693955595,-0.220848479586101
1696,19996,"s15","m0",-0.355133429689623,-0.887619277413367,-2.58040730095612,-0.894881538829011
1697,20013,"s15","m0",-0.40254137267216,-0.80932272790457,-2.71088371058409,-0.398248834863462
1698,20023,"s15","m0",-0.369002725173904,-0.817406566274284,-2.56104119977455,-0.646455188704832
1699,20026,"s15","m0",-0.411000454981421,-1.02804060672336,-2.55019326844605,-0.0206719599889624
1700,20029,"s15","m0",-0.346955529432839,-0.710766019443036,-2.48019351040757,-0.427880960796129
1701,20034,"s15","m0",-0.352337203489558,-0.705926087365352,-2.06646227377124,-0.488144151354126
1702,20036,"s15","m0",-0.462072908274896,-0.804107483583675,-3.28975251981709,0.194711198164648
1703,20080,"s15","m0",-0.442221125912542,-0.896122043766184,-2.47115668637729,-0.133344789982822
1704,20087,"s15","m0",-0.370117154448535,-0.826611117230625,-2.34746107877254,-0.645088432647199
1705,20090,"s15","m0",-0.427286290602948,-0.693515151003348,-2.38833251772874,-0.0186792724339191
1706,20103,"s15","m0",-0.475699377975918,-1.0498885213851,-2.41500985819498,0.0184767542867171
1707,20108,"s15","m0",-0.40409328155337,-0.897543296157384,-2.38483229303466,-0.548649054912608
1708,20113,"s15","m0",-0.401221414419284,-0.891089700043811,-2.90527398923412,-0.40291998292669
1709,20116,"s15","m0",-0.523156268841063,-0.938062400279941,-2.20634797984381,0.279570635759364
1710,20156,"s15","m0",-0.452816783265961,-0.904381857948742,-2.53417880960045,0.288025396760776
1711,20161,"s15","m0",-0.462014279729896,-0.866574331916829,-2.24320740261117,-0.340042837240692
1712,20166,"s15","m0",-0.452765934033524,-0.827812361087251,-2.11523924289702,0.0149066478132469
1713,20214,"s15","m0",-0.467998679741357,-0.858445880527671,-2.338066106133,0.0237992356140141
1714,20237,"s15","m0",-0.443216477948544,-1.00703919174804,-2.62806492590853,-0.0823197228602627
1715,20239,"s15","m0",-0.381680309563057,-0.78228924213142,-2.28482185261199,-0.687927605885886
1716,20241,"s15","m0",-0.46234979176189,-0.99281807993311,-2.43864397858538,-0.289702777494822
1717,20245,"s15","m0",-0.36863210720131,-0.892185184530735,-2.77091656514701,-0.426838528007917
1718,20272,"s15","m0",-0.466454902448944,-0.837965827437903,-2.36384893368046,0.0253301376999639
1719,20287,"s15","m0",-0.451615524982132,-0.782052888996265,-2.67536497737088,-0.0807906282254189
1720,20290,"s15","m0",-0.427072040710854,-0.90537881455872,-2.53876338587988,-0.0724985156924265
1721,20294,"s15","m0",-0.351068554675164,-0.782350624031877,-2.74521743249843,-0.644375832466217
1722,20300,"s15","m0",-0.404271030866225,-0.780688046922831,-2.70596823019743,-0.277520914940161
1723,20325,"s15","m0",-0.385842445736563,-0.776425351474162,-1.99313037221549,-0.447290394878743
1724,20331,"s15","m0",-0.450806641971394,-1.01619523414517,-2.69555890600052,0.0958130577098971
1725,20351,"s15","m0",-0.418060144016935,-0.812666906299863,-2.95018851544634,0.32527593757577
1726,20360,"s15","m0",-0.468713733612752,-0.823997380059801,-2.11939963956052,0.232925754398196
1727,20362,"s15","m0",-0.42588229700884,-0.853125398849302,-3.01969358050368,-0.151446014599728
1728,20370,"s15","m0",-0.426572550047278,-0.728450847904221,-2.46779380072023,-0.361936118985046
1729,20387,"s15","m0",-0.379961244957058,-0.745999915528601,-2.63224664636258,-0.799727108604465
1730,20388,"s15","m0",-0.418556355209739,-0.837045901042725,-2.55595228554193,-0.442637295652694
1731,20428,"s15","m0",-0.385646222822315,-0.857263075749059,-2.39414249988739,-1.02471444845542
1732,20444,"s15","m0",-0.389306038323793,-0.819248596078944,-2.63588720464933,-0.668426211245145
1733,20448,"s15","m0",-0.383539872788662,-0.839306807960674,-2.25604260683049,-0.61819805649893
1734,20451,"s15","m0",-0.366137080768527,-0.894958842025812,-2.42679991654236,-0.470495544221361
1735,20472,"s15","m0",-0.365803550067587,-0.57798644755348,-2.20112883779845,-0.228231792221805
1736,20486,"s15","m0",-0.438041700806424,-0.824221175368526,-2.493669430729,0.126730345371418
1737,20490,"s15","m0",-0.396124497326459,-0.867856935125297,-2.75481902532905,-0.172838008605523
1738,20508,"s15","m0",-0.346623029157657,-0.816686733327376,-2.23598602460894,-0.483481558113521
1739,20511,"s15","m0",-0.40787370318613,-0.869672037769093,-2.91532160253416,-0.72995868192085
1740,20513,"s15","m0",-0.429467751152182,-0.793804494738145,-2.20131334889133,-0.0634044869179217
1741,20514,"s15","m0",-0.383096230673531,-0.725917219050512,-3.07008816863208,-0.510518095625302
1742,20533,"s15","m0",-0.470308631286729,-0.851306902670134,-2.76127552873102,0.220912996035607
1743,20556,"s15","m0",-0.364037409412317,-0.597653803229681,-3.22779194243303,-0.738369521152508
1744,20562,"s15","m0",-0.368992413684941,-0.694314652073873,-2.63358738009737,-0.315860159430458
1745,20568,"s15","m0",-0.426278715673949,-0.839554064595215,-2.29044831552195,-0.182820960309576
1746,20600,"s15","m0",-0.442812566888528,-0.754852020496028,-2.41888362261805,-0.194648433047962
1747,20609,"s15","m0",-0.453037349532665,-0.934728288030726,-2.74726601563854,-0.282380977310378
1748,20618,"s15","m0",-0.465567147158433,-0.995369892327231,-2.93005103035282,0.14328225685493
1749,20625,"s15","m0",-0.387156297840113,-0.802438995448297,-2.39962699223409,-0.36236898675314
1750,20657,"s15","m0",-0.470475460805865,-0.78371915587127,-2.35752181760015,0.348076613511118
1751,20682,"s15","m0",-0.379758992674544,-0.824200156430995,-1.82043199618226,-0.178282299277036
1752,20716,"s15","m0",-0.464079969475236,-0.951657242238598,-2.5686473522539,0.14913826918449
1753,20719,"s15","m0",-0.439138151577278,-0.933221611829279,-2.33269290903967,-0.0897842686202023
1754,20723,"s15","m0",-0.419819885576509,-0.817874833050915,-2.76554452947701,-0.0082437648358654
1755,20746,"s15","m0",-0.37320660852217,-0.765575564808499,-2.25983960703922,-0.55963757839768
1756,20750,"s15","m0",-0.413978818732104,-0.997642965816033,-2.54535939697388,-0.200778217053845
1757,20753,"s15","m0",-0.40689893026501,-1.09322917904616,-2.43772662250027,-0.419055064520413
1758,20763,"s15","m0",-0.399040708193975,-0.803747456161003,-2.59559235010004,-0.400908982864207
1759,20768,"s15","m0",-0.457645655355065,-0.927510700589412,-2.30657591668278,0.11194224970928
1760,20790,"s15","m0",-0.375123889230732,-0.785600366214894,-2.5696424979665,-0.832662506757392
1761,20811,"s15","m0",-0.465494464500382,-0.951310780151358,-2.40268661242634,0.226185060086503
1762,20821,"s15","m0",-0.443493933065053,-0.837270457623148,-3.0896945109984,0.0514236667346205
1763,20823,"s15","m0",-0.378190324690887,-0.90022781875431,-2.44136756515576,-0.38719353456197
1764,20828,"s15","m0",-0.422555230164421,-0.871900719984785,-2.36569150390283,-0.0471050792549435
1765,20831,"s15","m0",-0.460784059052422,-0.816531428411741,-2.53119103989071,0.00479938576383274
1766,20852,"s15","m0",-0.399154428929411,-0.834314947164859,-2.73385735844957,-0.465570538764484
1767,20883,"s15","m0",-0.414634606062587,-0.751464735290011,-2.57294836650647,0.0106539887006575
1768,20886,"s15","m0",-0.442594357081636,-1.27755476867257,-2.28199469280424,-0.101631776182247
1769,20891,"s15","m0",-0.408292592212413,-0.773140232382591,-2.21393310171239,-0.741188109074641
1770,20905,"s15","m0",-0.344328184403834,-0.666328428146395,-2.44110611572178,-0.728874306889289
1771,20910,"s15","m0",-0.45569821886222,-1.14399661555563,-2.56355901205017,0.0666073770343535
1772,20912,"s15","m0",-0.419849511151495,-0.930485481320027,-2.61312953809465,-0.0812374295431976
1773,20928,"s15","m0",-0.43349077303082,-0.740776078361726,-2.5161212049615,-0.0524120858613311
1774,20946,"s15","m0",-0.443142573898267,-0.845290402923197,-2.59395085857193,0.152642130363331
1775,20956,"s15","m0",-0.494691260319352,-0.961252250149682,-2.55612619748918,0.112358100281851
1776,20967,"s15","m0",-0.436152197386205,-0.665859950030103,-2.95463592663259,-0.158301437763097
1777,20973,"s15","m0",-0.395407574118994,-0.919712670354512,-2.6690033722254,-0.459997547284289
1778,20981,"s15","m0",-0.397345684117017,-0.939029069641092,-2.7079989268725,-0.17190776677081
1779,20996,"s15","m0",-0.403035717213093,-0.667299094958105,-2.42473765913679,-0.0950220849947788
1780,20997,"s15","m0",-0.452062620715451,-1.0434177443192,-2.14667027989798,0.0753410366231863
1781,21012,"s15","m0",-0.369397205304574,-0.68659782076922,-2.24924309850822,-0.125622503086097
1782,21013,"s15","m0",-0.462420174406975,-0.884595482224731,-2.72807262971919,0.173057371042348
1783,21016,"s15","m0",-0.412640932122839,-1.09619060910402,-2.43989496705537,-0.56406567407555
1784,21033,"s15","m0",-0.380527712660522,-0.69526800722441,-2.76664796462735,-0.692509207456056
1785,21054,"s15","m0",-0.48609288680923,-0.795299526516436,-2.65527390360992,0.0872417210167376
1786,21073,"s15","m0",-0.413174130942865,-0.675370208592007,-2.6232678551878,-0.254951551027232
1787,21080,"s15","m0",-0.410918896954341,-0.821415374040869,-2.4686943579628,-0.325923668430532
1788,21086,"s15","m0",-0.363771490864042,-0.566202763838717,-2.66547625458173,-0.179978723170933
1789,21095,"s15","m0",-0.418923934434332,-0.87017957158402,-2.82023240660652,-0.0267332180515234
1790,21100,"s15","m0",-0.374618274327254,-0.784251582826629,-2.38755443890619,-0.578791462238063
1791,21106,"s15","m0",-0.418001177936186,-0.912026320398724,-2.4933212078415,-0.191799366980751
1792,21119,"s15","m0",-0.402161466322073,-0.924215907850576,-2.90024454230281,-0.482264235598739
1793,21141,"s15","m0",-0.401836091325851,-0.82910469023187,-2.00292333897465,-0.336348131817313
1794,21155,"s15","m0",-0.428281408539163,-0.859054378230068,-2.64267371445033,-0.0745712521411824
1795,21161,"s15","m0",-0.526228636593747,-1.10976039880725,-2.77828589434428,0.560027316991004
1796,21167,"s15","m0",-0.45935889763603,-0.88700225911682,-2.51621150735061,-0.147091424278823
1797,21169,"s15","m0",-0.405788127365352,-0.789877207946675,-2.54486937590914,-0.110721785168367
1798,21172,"s15","m0",-0.407715935879238,-1.10502014985771,-3.2122511615018,-0.187979642455964
1799,21187,"s15","m0",-0.38331098839498,-0.617675264858187,-2.94528969906618,-0.507625317584637
1800,21193,"s15","m0",-0.458087478579568,-0.935660993058291,-2.19356887723183,0.20952341334494
1801,21197,"s15","m0",-0.448263072974883,-0.97985162479868,-2.3605785126827,-0.0439670726874571
1802,21206,"s15","m0",-0.389145545183267,-0.82364751621007,-2.56132529829215,-0.695518524451093
1803,21209,"s15","m0",-0.403452935465044,-0.859045119476031,-2.63395170252509,-0.252756963702681
1804,21213,"s15","m0",-0.469714768210945,-0.941657770333403,-2.59439139551929,-0.0846002066127217
1805,21216,"s15","m0",-0.429909888451264,-1.13629051947136,-2.20228818778352,-0.446460491632308
1806,21225,"s15","m0",-0.354267698764323,-0.817810254309874,-2.69379430248564,-0.510915950237389
1807,21227,"s15","m0",-0.446197455729065,-1.0353592347529,-2.42126253224088,-0.215205067596449
1808,21228,"s15","m0",-0.449636421715734,-1.08816612454321,-2.39196264364449,0.0566243867059661
1809,21250,"s15","m0",-0.425984468631087,-0.788327234028603,-2.40114571770041,-0.735129549494894
1810,21267,"s15","m0",-0.48307456664208,-0.877340490332143,-2.58487033294321,0.529797711487644
1811,21286,"s15","m0",-0.392568379171102,-0.99692020330415,-2.49703369032125,-0.28384494347826
1812,21292,"s15","m0",-0.444992532845521,-0.972295413870022,-2.76755125805327,0.0769026451703973
1813,21293,"s15","m0",-0.434396696345823,-0.859723186903388,-2.51807323570539,-0.016592264253667
1814,21297,"s15","m0",-0.440626693192234,-0.743253024359051,-2.75989370722981,0.0570501194396607
1815,21361,"s15","m0",-0.446921552967958,-0.9364159215128,-2.65065848035095,-0.0533980356250975
1816,21371,"s15","m0",-0.41780716618129,-0.89946115679244,-2.53961723562534,-0.175682425368439
1817,21378,"s15","m0",-0.443472604002089,-0.935481265679088,-2.67313309557467,-0.237438456604939
1818,21379,"s15","m0",-0.427750143352877,-1.0621361758969,-2.04968363023159,-0.0190324576860247
1819,21394,"s15","m0",-0.446608030675142,-0.94500110665897,-2.54109299555122,-0.0113684411756882
1820,21400,"s15","m0",-0.48480215116243,-0.798301053059785,-2.80833551997852,0.0187893537965385
1821,21452,"s15","m0",-0.439858669888568,-0.84774849069108,-2.73775278591122,-0.086428117606403
1822,21456,"s15","m0",-0.408317090260228,-0.977759099615003,-2.4795863143871,-0.0719056922018037
1823,21475,"s15","m0",-0.487794559453988,-1.0824818725001,-2.67524408786905,0.0817051795034376
1824,21519,"s15","m0",-0.408118359075575,-0.933780684690134,-2.51434092448292,-0.123106265030315
1825,21523,"s15","m0",-0.446263701839672,-0.835303534103643,-2.72246662258513,-0.021940853109243
1826,21528,"s15","m0",-0.436533124121158,-0.799256051287123,-2.51227787135633,0.295619063524335
1827,21531,"s15","m0",-0.420924327387351,-0.931471399292268,-2.52225541619208,-0.335205440382085
1828,21554,"s15","m0",-0.411905171066684,-1.09942248129769,-2.60962176708082,-0.543676957541458
1829,21555,"s15","m0",-0.472435841806787,-1.00126619186999,-2.15436646745658,0.437098181490047
1830,21563,"s15","m0",-0.488636636668687,-0.807097543215687,-2.47844098103851,0.126810194013951
1831,21567,"s15","m0",-0.390037611217115,-0.748364691363222,-2.14887499111399,-0.318001115426817
1832,21568,"s15","m0",-0.433794307761008,-0.729671217952472,-2.20295491909774,-0.662720248812179
1833,21599,"s15","m0",-0.450839229410739,-0.832812003754536,-2.7063807391683,-0.0337433227480708
1834,21602,"s15","m0",-0.398650327156179,-0.757836874576295,-2.17422573446864,-0.587354302281985
1835,21603,"s15","m0",-0.382520795343078,-0.862002290642628,-2.1763576487908,-0.526243276170322
1836,21612,"s15","m0",-0.438291298019732,-0.8615041978234,-2.44462789931612,0.135025891359542
1837,21629,"s15","m0",-0.439910920192825,-0.711688598810228,-2.94068953830415,0.166369421050249
1838,21635,"s15","m0",-0.418233852144094,-0.886606226637466,-2.62588089911529,0.229860022517701
1839,21636,"s15","m0",-0.442745904909105,-0.872306188804914,-2.45838778050699,-0.15641121902141
1840,21652,"s15","m0",-0.429272912995056,-0.886902248826765,-2.11019193502484,-0.279045832167412
1841,21677,"s15","m0",-0.395559373829118,-0.893196297845253,-2.18806655501204,-0.088833079720882
1842,21682,"s15","m0",-0.411433596624766,-0.81797929130156,-2.42807568045076,-0.289556386621366
1843,21715,"s15","m0",-0.461361437622309,-1.06188685496866,-2.69543625832798,-0.00850119292619658
1844,21726,"s15","m0",-0.352224211258491,-0.706779044494042,-2.59438879182193,-0.718024947193286
1845,21733,"s15","m0",-0.418383090053148,-0.951986162322505,-2.12576686887312,0.00286756857708921
1846,21749,"s15","m0",-0.471083907790047,-0.911926115468886,-2.98313969861957,0.0357995914546224
1847,21767,"s15","m0",-0.385998838891586,-0.742432533929716,-2.60261886458694,-0.217399909109467
1848,21771,"s15","m0",-0.375004366910579,-0.591245142652184,-2.45271376817145,-0.673823652886146
1849,21775,"s15","m0",-0.374089450725231,-1.18024454342444,-2.31592438674218,-0.596362126574658
1850,21781,"s15","m0",-0.395746858030523,-0.671722509963806,-2.33783161372943,-0.103194534504223
1851,21788,"s15","m0",-0.434176035060985,-0.725705934111218,-2.29666286083553,-0.12209789432136
1852,21790,"s15","m0",-0.453523078118722,-0.97085882204523,-2.54977587515695,-0.246470831862923
1853,21809,"s15","m0",-0.444505760627388,-1.01627507334385,-2.58276131154168,0.0913392444729867
1854,21811,"s15","m0",-0.34524170787537,-1.00275386935235,-2.62167568700359,-0.586039572023397
1855,21821,"s15","m0",-0.437041158128456,-0.837004142421304,-3.00399165985855,-0.0372826685836969
1856,21824,"s15","m0",-0.533091626126973,-0.912513142145596,-2.23241186892319,0.394638942919213
1857,21853,"s15","m0",-0.454660143464159,-1.01021390658336,-2.64864393207853,0.093990474989221
1858,21854,"s15","m0",-0.410317342579837,-0.861133468256068,-2.65573963064761,-0.341883955200175
1859,21858,"s15","m0",-0.469390380775395,-1.03968581867633,-2.60903059852376,0.117602928473373
1860,21866,"s15","m0",-0.41111480033037,-0.845436914399825,-2.49160957587318,-0.333295204534222
1861,21875,"s15","m0",-0.417039360929154,-0.741674438945777,-2.9755165514309,-0.37270625443814
1862,21894,"s15","m0",-0.388485320092131,-0.746492483144541,-2.86068159327859,-0.361957799174995
1863,21897,"s15","m0",-0.439718177358343,-0.696959331502098,-2.4096251600291,-0.25251618894204
1864,21901,"s15","m0",-0.378917159537693,-0.86586772813447,-2.28701151200935,-0.157701954916664
1865,21903,"s15","m0",-0.383185908518763,-0.817652850589531,-2.41061981026737,-0.670953659258755
1866,21917,"s15","m0",-0.39237290587741,-0.75455370992595,-2.5184969794554,-0.457199860220219
1867,21923,"s15","m0",-0.470924782661143,-1.01094483498115,-2.4466437619602,0.164500135825206
1868,21927,"s15","m0",-0.458540079242424,-0.729221262773986,-2.75701554752588,0.342511621257916
1869,21928,"s15","m0",-0.376192854175947,-0.846832659885681,-2.57890750452953,-0.384708627182238
1870,21938,"s15","m0",-0.465365160164436,-0.871401040785201,-2.34478428777984,0.0859994341411055
1871,21950,"s15","m0",-0.464656213478013,-0.961556338333643,-3.00872740930623,0.119674191216925
1872,21957,"s15","m0",-0.387483949352015,-0.749787131557926,-2.69641896701925,-0.373271865453201
1873,21973,"s15","m0",-0.418557247810809,-0.884506249308857,-2.08322196399306,-0.277604236121934
1874,21978,"s15","m0",-0.44064118530987,-0.862234655408419,-2.21118090342277,-0.133756549115539
1875,21988,"s15","m0",-0.457485569005438,-0.716673920636798,-2.7865944334268,0.1853023009038
1876,22014,"s15","m0",-0.489784586137234,-1.12373522154071,-2.62016446713807,0.268051312640052
1877,22031,"s15","m0",-0.352626120314307,-0.771398516205681,-2.67017351955393,-0.768131973667862
1878,22038,"s15","m0",-0.42218986452971,-0.90353143925128,-2.35850189422051,-0.549024592335274
1879,22047,"s15","m0",-0.441796873878306,-0.846170826540275,-2.50835813153088,-0.237109707724902
1880,22050,"s15","m0",-0.426338083502602,-0.916429514011142,-2.83545970735881,-0.097583982047925
1881,22055,"s15","m0",-0.419212591247404,-0.857897687248815,-2.77472044653187,-0.101826706978818
1882,22075,"s15","m0",-0.342641329590203,-0.916172597716659,-2.46779175572201,-0.809447421353039
1883,22095,"s15","m0",-0.405075188543913,-0.859591688546331,-2.45445544140885,-0.511074099207672
1884,22162,"s15","m0",-0.35374811921348,-0.81021939821282,-2.92617950131565,-1.01740143371195
1885,22183,"s15","m0",-0.396430285195269,-1.12912563351299,-2.12694743740403,-0.0626224286053305
1886,22196,"s15","m0",-0.449478509249207,-0.860780486832071,-2.58585407905992,-0.344845433188633
1887,22199,"s15","m0",-0.39555669540494,-0.654195217287867,-2.22880616833576,-0.562061450617606
1888,22201,"s15","m0",-0.444091367413402,-0.621395386912339,-2.98683081287839,0.247315407987862
1889,22213,"s15","m0",-0.421465646096145,-0.957968633999223,-2.7403761448147,-0.0501473652141805
1890,22216,"s15","m0",-0.375549288505011,-0.735163658232634,-2.13331305332851,-0.183382935080457
1891,22229,"s15","m0",-0.424416772572446,-0.836635774955699,-2.64531720622245,-0.280175178552239
1892,22233,"s15","m0",-0.422787800311027,-0.810987133597841,-2.13989021003258,0.0448473723668445
1893,22234,"s15","m0",-0.489111970194142,-1.10270548369532,-2.75305544611454,0.115509749833321
1894,22238,"s15","m0",-0.403253404513618,-0.866693879834663,-2.85242124208677,-0.277300486377905
1895,22245,"s15","m0",-0.44729513014436,-0.754890720733935,-2.39567337970119,0.113631097064963
1896,22250,"s15","m0",-0.383439671971179,-0.811109689423458,-2.80570882223333,-0.663823163619597
1897,22271,"s15","m0",-0.448179714874647,-0.741941510808187,-2.59773422255335,-0.116046259757226
1898,22276,"s15","m0",-0.467380686145109,-0.992749481431454,-2.61841702377784,-0.0785435500861305
1899,22287,"s15","m0",-0.405680358783763,-0.867019229718292,-2.43114472457391,-0.105310156509051
1900,22297,"s15","m0",-0.404324404963374,-0.96819001425113,-2.50483552837929,-0.261667162589612
1901,22304,"s15","m0",-0.464193547868032,-0.686958669486641,-2.97174597784954,-0.377317463772705
1902,22307,"s15","m0",-0.373420581497088,-0.82234182666821,-2.79648689072428,-1.17040824052063
1903,22323,"s15","m0",-0.430183809390575,-0.757238587402867,-2.30418944585489,0.139960445140615
1904,22331,"s15","m0",-0.477120908881512,-0.986140936634954,-2.84440779186716,0.11015031016873
1905,22339,"s15","m0",-0.362531340388192,-0.941992996449306,-2.83427459860641,-0.521340746051726
1906,22351,"s15","m0",-0.441919598446283,-0.733087249684571,-2.25267458635187,-0.10207815832435
1907,22372,"s15","m0",-0.418758819402316,-0.696660779338377,-2.50584177689998,-0.22094416839247
1908,22375,"s15","m0",-0.363709641650302,-0.711203753306734,-1.98520177267637,-0.279147109926191
1909,22379,"s15","m0",-0.435602726208105,-0.839503010824471,-2.77107279483835,-0.154052628581132
1910,22414,"s15","m0",-0.440651476514645,-0.878543970409205,-2.63361159669215,-0.0721047368603245
1911,22431,"s15","m0",-0.407849992469466,-0.968304819999343,-2.48757796983727,-0.271974070131196
1912,22434,"s15","m0",-0.418125429813208,-0.859923818922052,-2.36037906617715,-0.353685656742669
1913,22439,"s15","m0",-0.418446741070524,-0.775436983717744,-2.39159927734864,-0.39877499276433
1914,22452,"s15","m0",-0.403110551201109,-0.83238973357033,-2.47113556478159,-0.670565816763066
1915,22453,"s15","m0",-0.418706952523792,-0.752162596475337,-2.55065309101149,-0.156842381733046
1916,22475,"s15","m0",-0.441658159328149,-0.845436962842257,-2.36922174273698,-0.327504142857425
1917,22482,"s15","m0",-0.498001575672272,-1.09659561802549,-2.27000371305458,0.0537876116647935
1918,22484,"s15","m0",-0.484505477392658,-0.784927138550782,-2.85296727046036,0.133985427851596
1919,22486,"s15","m0",-0.485101680710693,-0.863331696244385,-3.44494823141793,-0.357907480026835
1920,22488,"s15","m0",-0.424325121545169,-0.795277101051094,-2.42394708414673,-0.517315408756473
1921,22494,"s15","m0",-0.443897773284677,-0.828989650373379,-2.55869192644205,-0.326868606652889
1922,22501,"s15","m0",-0.451867436555138,-0.961283253985308,-2.34450982098848,-0.143212210351121
1923,22517,"s15","m0",-0.386249640168513,-0.87889697648528,-2.54602752125697,-0.245281720888882
1924,22519,"s15","m0",-0.483274407470073,-0.92762415787613,-2.7530851047157,0.313759328424694
1925,22561,"s15","m0",-0.402787048725302,-0.856020401135353,-2.3423397650362,-0.136730349019826
1926,22585,"s15","m0",-0.434690285172019,-0.964968196446527,-2.54101031008663,0.118988189731733
1927,22588,"s15","m0",-0.36212673594161,-0.834193450049737,-2.24213596865551,-0.581701339186327
1928,22591,"s15","m0",-0.453727577883147,-1.12768018696891,-2.28234033867273,0.0664203498995738
1929,22594,"s15","m0",-0.379037886443709,-0.698365600035951,-2.38675863642816,-0.202506428510718
1930,22606,"s15","m0",-0.412800926719322,-0.862422279129734,-3.25334998540105,-0.21976841942864
1931,22627,"s15","m0",-0.421328477647952,-0.894650599514342,-2.68674525207336,-0.191887178486062
1932,22651,"s15","m0",-0.482753104712175,-1.14376731540459,-2.63015591062998,0.200921363268733
1933,22673,"s15","m0",-0.459478270904719,-0.919331316979978,-2.24114755987129,0.214972017460222
1934,22675,"s15","m0",-0.392275667130213,-0.847832215086801,-2.60314525528451,-0.369283993292674
1935,22676,"s15","m0",-0.473208189516484,-0.786840236975011,-3.34756906055669,0.294132545217163
1936,22683,"s15","m0",-0.399983785372974,-0.709553699548403,-2.6340876041894,-0.338366702724986
1937,22707,"s15","m0",-0.443745339789561,-0.963232000385516,-2.60844332479875,-0.10177490313082
1938,22712,"s15","m0",-0.450855403961569,-1.02584718746359,-2.87723121612579,-0.092365727659889
1939,22729,"s15","m0",-0.439243641993677,-0.889314999353828,-2.51645516851938,0.130408902078455
1940,22745,"s15","m0",-0.3905988903003,-0.690913182871217,-2.75408676872106,-0.556515612354336
1941,22755,"s15","m0",-0.445325632225087,-0.820881827664974,-2.22300405839702,0.0747509075620235
1942,22757,"s15","m0",-0.423222840489532,-0.843568968543472,-2.569778859736,0.108820242793239
1943,22765,"s15","m0",-0.409725404981684,-0.771538135991833,-2.74942419987449,-0.536118241682376
1944,22773,"s15","m0",-0.411984397785107,-0.933163985364493,-2.42629133915271,0.00146763468639322
1945,22787,"s15","m0",-0.409890143430125,-0.909085001021856,-3.03129746487875,-0.085185643634736
1946,22821,"s15","m0",-0.431101905218462,-0.797069612224916,-2.59866877842071,-0.265209204000108
1947,22826,"s15","m0",-0.379714739408936,-0.673002921217493,-2.40530166683683,-0.267961328708016
1948,22829,"s15","m0",-0.429233883157236,-0.905620855426098,-3.23633255768428,-0.430311351511182
1949,22845,"s15","m0",-0.401235761674221,-1.10302058205603,-2.52673537549909,-0.34272524969674
1950,22860,"s15","m0",-0.349984972130944,-0.834620733691532,-3.02308561320507,-0.927901675676209
1951,22869,"s15","m0",-0.41309028546686,-0.736057773754601,-2.61525687192127,-0.547748076941911
1952,22875,"s15","m0",-0.423655346128312,-0.829899284323675,-2.5485728727938,-0.301304451453095
1953,22940,"s15","m0",-0.372992227180649,-0.951041260017514,-2.58828800928603,-0.644009068935992
1954,22942,"s15","m0",-0.434054512983131,-0.74234442949988,-2.78853362546512,-0.389450407494568
1955,22971,"s15","m0",-0.354370462503543,-0.684809825310612,-2.24204049783833,-0.59198717847011
1956,22974,"s15","m0",-0.36153728981365,-0.78301405846939,-1.96784892483709,-0.196778102932117
1957,22982,"s15","m0",-0.493526339557406,-0.801047286473421,-1.92145371742441,-0.0786047952632472
1958,22987,"s15","m0",-0.435190505126948,-0.740551801510778,-2.60313845215717,-0.340729015434386
1959,22989,"s15","m0",-0.414065554129063,-0.88121694977567,-2.55523143582445,-0.389660774343174
1960,23024,"s15","m0",-0.498428482002135,-0.88070105658224,-2.39495242750496,0.115394352900838
1961,23032,"s15","m0",-0.383809446883331,-0.848036224182238,-2.68231997399618,-0.227021060491242
1962,23042,"s15","m0",-0.477999075877322,-0.80344575911533,-2.23674430703046,0.0415732419287335
1963,23048,"s15","m0",-0.369244521441908,-0.783556800003311,-2.90060701531432,-0.765277272072612
1964,23049,"s15","m0",-0.366806854761564,-0.845249105236924,-2.42188907100017,-0.73181048789849
1965,23055,"s15","m0",-0.379758089677587,-0.785331873379269,-2.38260063828805,-0.302744641064778
1966,23135,"s15","m0",-0.347495266776118,-0.982106793067693,-2.58710457197939,-0.67135348427687
1967,23160,"s15","m0",-0.423456828541817,-0.923358049602675,-2.66449177621323,-0.294651907501811
1968,23173,"s15","m0",-0.387276178199886,-0.837940086411691,-2.18085997250892,-0.371891863094741
1969,23177,"s15","m0",-0.436771261834026,-0.758182475381033,-2.3064793488228,0.0389939500419862
1970,23182,"s15","m0",-0.422731412141741,-0.793940502798771,-2.33272966086619,-0.476026935735946
1971,23217,"s15","m0",-0.443135630357773,-0.82064082173687,-2.18566069959356,0.419047793174249
1972,23221,"s15","m0",-0.441117029420165,-0.74487224424807,-2.61994431404783,0.0748078406619724
1973,23222,"s15","m0",-0.439609483758326,-0.780088229744462,-2.57523019848875,-0.0375742049767145
1974,23232,"s15","m0",-0.41484505976635,-0.817047061005827,-2.2999671301118,-0.0788125453925961
1975,23248,"s15","m0",-0.40207780796496,-0.938415340065412,-2.6964418304392,-0.280505870284177
1976,23250,"s15","m0",-0.430050221266132,-0.713689702517015,-2.52489585169526,-0.296091855332453
1977,23251,"s15","m0",-0.350381809855845,-0.759305598731441,-2.78904916495726,-1.00456922478552
1978,23256,"s15","m0",-0.349873787711239,-0.837707132172447,-2.52804861421645,-1.06998376870912
1979,23261,"s15","m0",-0.498838411059428,-0.772249763426646,-2.81822058997249,0.0847733824765748
1980,23273,"s15","m0",-0.420882449139867,-0.658593373768199,-2.51902969416791,-0.0774523826021196
1981,23300,"s15","m0",-0.523838785165659,-0.898364143832522,-2.88418205057279,0.455994090904824
1982,23345,"s15","m0",-0.450108953282828,-0.778511717143125,-2.83573518673945,0.132024820784461
1983,23352,"s15","m0",-0.402621081592843,-0.859921707197661,-2.23769088611514,-0.476011401294899
1984,23359,"s15","m0",-0.448981033579432,-0.948968870192593,-2.73128927250999,-0.0198026987842972
1985,23413,"s15","m0",-0.425981500543315,-0.881275473521919,-2.11831310011751,-0.216826175793175
1986,23416,"s15","m0",-0.418209358177993,-0.937116016899713,-2.76434353697432,-0.608620455611401
1987,23436,"s15","m0",-0.429349273954685,-0.782213610410161,-3.07397709265937,-0.33461997801703
1988,23441,"s15","m0",-0.450750524354829,-0.858950829739395,-2.61165619251898,-0.263286040522084
1989,23454,"s15","m0",-0.483419020282166,-0.930982940738723,-2.50025078023792,-0.00514235560097601
1990,23481,"s15","m0",-0.441599291970226,-0.753539828908044,-2.35768506104658,-0.251415142459821
1991,23492,"s15","m0",-0.444285760313848,-1.23463257822285,-2.64593337285708,-0.315123114940899
1992,23497,"s15","m0",-0.432102347397437,-0.869774226822284,-2.64920494553017,-0.442570632147105
1993,23518,"s15","m0",-0.44872543950428,-0.777301687193752,-2.59721643913098,0.0342108452111529
1994,23529,"s15","m0",-0.366189049502153,-0.941095697772609,-2.34666452093346,-0.584078645075209
1995,23553,"s15","m0",-0.430435714335346,-0.822983775422912,-2.6519265507422,-0.0969053545142384
1996,23558,"s15","m0",-0.435762155734478,-0.928493476042398,-2.45164415688144,0.0415867019647918
1997,23594,"s15","m0",-0.467960737346478,-0.957203189342325,-2.70670191627022,0.00126521374653897
1998,23598,"s15","m0",-0.470180833567645,-0.82945389891622,-2.83316766870295,0.0560835750257574
1999,23599,"s15","m0",-0.447602818727125,-0.769498707651573,-2.13893331173596,-0.357277271364973
2000,23606,"s15","m0",-0.397305783688417,-0.730110463376505,-2.35335304600112,-0.140717295857866
2001,23610,"s15","m0",-0.418150758403434,-0.826246138354418,-2.30374042582456,-0.416321722305247
2002,23619,"s15","m0",-0.450257063873915,-1.10802473836503,-2.77477642095618,-0.025595023208081
2003,23628,"s15","m0",-0.35046365903992,-0.626693397468114,-3.42050476162931,-0.738908161318033
2004,23631,"s15","m0",-0.369323163718814,-0.748696765822236,-2.68087809664794,-0.139072976735635
2005,23663,"s15","m0",-0.499693001588388,-1.02371556743842,-2.57911547130737,0.23548109502564
2006,23669,"s15","m0",-0.389064266936993,-0.978919899010308,-2.4196487947038,-0.937005689184387
2007,23686,"s15","m0",-0.452571807266443,-0.913418550823721,-2.38710728166054,0.110518829602153
2008,23693,"s15","m0",-0.364342558100818,-0.785497506216778,-2.12563096832147,-0.755464392558011
2009,23694,"s15","m0",-0.452972819192167,-0.906561823012286,-2.27085390006767,0.250377409679466
2010,23695,"s15","m0",-0.423236991704125,-0.853757892901577,-2.34018756821666,-0.43857851101744
2011,23710,"s15","m0",-0.436293570505456,-0.781152348529938,-2.49547464619279,0.0858088550237833
2012,23711,"s15","m0",-0.416238390005149,-0.921188802128162,-2.99353170528639,-0.535850722311961
2013,23715,"s15","m0",-0.464782792127755,-0.943719340815308,-2.72998228915389,-0.0935295745979941
2014,23723,"s15","m0",-0.410546702946107,-0.866459635359659,-2.49802323826488,-0.538318721061601
2015,23736,"s15","m0",-0.37335676537436,-0.719875684775054,-2.28509366262635,-0.230705766655601
2016,23744,"s15","m0",-0.426667101570775,-0.888367914123356,-2.85029407985843,-0.271161470273281
2017,23752,"s15","m0",-0.428017670408274,-1.05382692747085,-2.57499873223641,-0.368162994042845
2018,23753,"s15","m0",-0.398536329235926,-0.89716459912499,-2.42440361062,-0.731551774136239
2019,23756,"s15","m0",-0.435691700390239,-1.08759117794878,-2.21141044604997,-0.44048605882389
2020,23773,"s15","m0",-0.403972457903041,-0.764583019073217,-2.70964603229974,-0.335362372990187
2021,23789,"s15","m0",-0.433426105433982,-0.794405372422113,-2.74322554508227,-0.272000294672403
2022,23790,"s15","m0",-0.435117958904836,-0.881731236325488,-2.49012069000651,-0.0480134090274894
2023,23791,"s15","m0",-0.40580993235805,-0.637642978105812,-2.2592477623165,-0.258991756533269
2024,23797,"s15","m0",-0.420274408688699,-0.69546486687344,-2.28547681854097,0.160430890820922
2025,23812,"s15","m0",-0.432243596526991,-0.925228952434409,-2.48304419791403,-0.105876750354931
2026,23820,"s15","m0",-0.381385075866716,-0.988974919116968,-2.27129135314496,-0.194738031521971
2027,23823,"s15","m0",-0.381369291382868,-0.793703778893036,-3.24899017941462,-0.356931328369576
2028,23827,"s15","m0",-0.386663489236273,-0.790936718398993,-2.01713145659255,-0.644399349713347
2029,23833,"s15","m0",-0.409272837673516,-0.755943456399593,-2.49420243108228,-0.0508204886901398
2030,23843,"s15","m0",-0.439220989142003,-0.739363925211955,-2.95232856797919,0.177602397784143
2031,23849,"s15","m0",-0.357955507962641,-0.892721970075189,-2.48388852384724,-0.633513557376201
2032,23850,"s15","m0",-0.419086089582153,-0.733531259774147,-2.99968482592856,-0.344773147132333
2033,23867,"s15","m0",-0.442056069932264,-0.706581222732252,-2.35639369851576,0.444465613654422
2034,23868,"s15","m0",-0.319262287839383,-0.700876190419389,-2.17479958681777,-0.539684417218882
2035,23876,"s15","m0",-0.44846278119207,-0.724901130813602,-2.30339176284592,0.210097812672933
2036,23878,"s15","m0",-0.466794478765813,-0.816293274365972,-2.69381580569293,0.117372954051473
2037,23892,"s15","m0",-0.390232193915698,-0.683159320093421,-2.30698678881701,-0.0134022050915904
2038,23895,"s15","m0",-0.416293160961444,-0.740217737370008,-2.49474073826631,-0.487318079427291
2039,23899,"s15","m0",-0.450057137019932,-0.966831561047832,-2.45888606325111,-0.0689528188028827
2040,23939,"s15","m0",-0.456794665338017,-0.788647104318777,-2.20633157440661,0.0630319772560545
2041,23944,"s15","m0",-0.462640972061331,-1.20232102052259,-2.97457746388988,0.0526021038834789
2042,23949,"s15","m0",-0.442193824316628,-0.953247177774568,-2.66180280476256,-0.190687225239795
2043,23955,"s15","m0",-0.489103147813561,-0.873545760984052,-2.24878760222255,0.420180087247478
2044,23957,"s15","m0",-0.421949689960831,-0.782067118260192,-2.86246308150431,-0.0548321626022816
2045,23969,"s15","m0",-0.432964705680936,-0.900660039135175,-2.56401589632392,0.30882920294222
2046,23986,"s15","m0",-0.435139115100093,-0.827386399301329,-2.53126054614221,0.253423763650421
2047,23990,"s15","m0",-0.47292666067069,-0.93116853129698,-2.48433899077378,0.181981354599572
2048,23991,"s15","m0",-0.3675595203581,-0.65398996914189,-2.53303904433588,-0.912125607566246
