"draw","source_draw","id","assumed_model","alpha_0","nu_0","nu_1","tau"
1,5,"s017","m0",0.189836337403785,-0.0245107442270389,-0.82066944703034,-0.889364753739075
2,23,"s017","m0",0.200030436586858,-0.0636910086985764,-0.878749390113088,-1.65138309491278
3,43,"s017","m0",0.211435597175778,-0.025348903449756,-1.20256774257565,-1.4200206473047
4,48,"s017","m0",0.305072612093045,0.115723853929412,-0.567020516108255,-2.17514813279888
5,80,"s017","m0",0.179405966050615,-0.0799258315485874,-1.04754531156547,-1.08038690151871
6,85,"s017","m0",0.186764961092792,-0.0177735393898587,-0.996888361609119,-1.6744699183771
7,107,"s017","m0",0.30200927276589,0.054690996877368,-0.971003741396924,-2.15268734194738
8,116,"s017","m0",0.252031909029624,0.0748948710922277,-0.76778504030073,-1.35651725015576
9,128,"s017","m0",0.237572051399736,0.0732987567402079,-0.939997939140962,-1.63978177400932
10,145,"s017","m0",0.26416556746255,0.039295851230494,-0.733989992630283,-2.11401037824317
11,152,"s017","m0",0.247606529200816,0.0229627278308408,-1.03241763237011,-2.62044917043284
12,176,"s017","m0",0.235376267208892,-0.0595890195920126,-0.997428294993183,-2.16206645045346
13,185,"s017","m0",0.289632666770003,-0.0553313862711897,-0.738217791445685,-2.21265042491568
14,189,"s017","m0",0.23588604694131,0.0551002910320821,-1.07493867498747,-1.56625639236879
15,200,"s017","m0",0.299486580691457,0.167342040581442,-0.882331763936543,-2.13698948718315
16,260,"s017","m0",0.222306000833053,0.0456264735639438,-0.861151556682568,-0.878635037568663
17,283,"s017","m0",0.144463393241446,-0.0274579274148154,-1.08152780736899,-1.34027008314456
18,289,"s017","m0",0.270067050691764,0.0470943825670455,-0.731836560916899,-2.58539904896992
19,296,"s017","m0",0.228881943038247,-0.0550443891519776,-0.93047037097352,-1.61961565342561
20,310,"s017","m0",0.241283750950539,0.0614735327687267,-0.844864950696447,-1.59119133402248
21,328,"s017","m0",0.253278738278829,0.0856020584803388,-0.819958002702908,-1.07200029417132
22,337,"s017","m0",0.223392943326358,-0.0537682883713662,-1.09430925366926,-1.6160663385359
23,338,"s017","m0",0.239265931435988,0.0823980537799384,-0.828193713358863,-1.15672944153177
24,357,"s017","m0",0.252668805372159,-0.00254384764229052,-1.16390192164756,-2.4583782066087
25,369,"s017","m0",0.177436068692586,-0.00553784902287531,-1.06235242525046,-0.652682600125648
26,380,"s017","m0",0.258444820299956,-0.00689715045338913,-0.923740932664118,-1.64891230257906
27,381,"s017","m0",0.259215124185795,-0.000535137405125353,-0.831250507023086,-1.42332274244892
28,386,"s017","m0",0.199774479994515,-0.0880614300990093,-0.964907700777787,-1.48343865036237
29,403,"s017","m0",0.20160300794409,-0.0347134436181605,-1.2001002720724,-1.17236632040659
30,404,"s017","m0",0.341503343430471,0.101095096165026,-0.81986403852712,-3.93695514518015
31,408,"s017","m0",0.246723738927545,-0.00871326800266427,-0.98706879380363,-1.98527347338881
32,411,"s017","m0",0.226565382367124,-0.0252971414932421,-0.75841003130495,-1.19637284091389
33,412,"s017","m0",0.188392212129112,0.0377323982188327,-1.09567413187363,-0.699607458727171
34,413,"s017","m0",0.229919083099817,-0.0197099645969377,-1.02411815420209,-1.48896575821984
35,427,"s017","m0",0.242295449337023,0.0342086561510234,-1.06308725981188,-2.04535045576785
36,428,"s017","m0",0.274829934139323,0.0700881608511476,-0.93434237187778,-2.15612370147023
37,440,"s017","m0",0.183274780919432,-0.048027744809076,-1.04315156411568,-1.49860705231727
38,466,"s017","m0",0.255006508885368,-0.0121396952028959,-0.814814180357564,-2.14046097691256
39,474,"s017","m0",0.258566536298063,0.0475399322753474,-0.654736270199788,-1.7814830787724
40,478,"s017","m0",0.254250472671516,0.0311190607852168,-0.64754041433684,-1.59463605753061
41,485,"s017","m0",0.261081352046757,0.119300784235843,-0.95720720450213,-2.13774942483912
42,521,"s017","m0",0.22023915991638,-0.0229878969212209,-0.872915374788931,-1.47792763372571
43,553,"s017","m0",0.280673727901953,-0.0288554237223615,-0.819174269514273,-2.65955739607217
44,587,"s017","m0",0.281662481048697,0.0441537322315137,-0.917582419012916,-2.65526828834197
45,594,"s017","m0",0.257333942671356,0.0716626076248715,-0.648765026416085,-1.43444752505334
46,608,"s017","m0",0.174350849950745,-0.0474088839969932,-1.2481977469415,-0.803622712546904
47,612,"s017","m0",0.233998907330368,0.133802707972597,-0.889266821193096,-1.48517385077233
48,614,"s017","m0",0.263738613448414,0.0421677658649963,-0.880682627604263,-2.31363908278689
49,637,"s017","m0",0.23741385402889,0.0739892941314046,-0.972094694497281,-1.49869708392079
50,657,"s017","m0",0.248505671142163,0.0137427571284553,-0.821344369691263,-2.00471645051733
51,662,"s017","m0",0.153312479459412,0.0040663600335643,-0.947982428142657,-0.438745922610651
52,686,"s017","m0",0.197514121342952,-0.0107460174059691,-0.982727443657699,-1.74688934712645
53,694,"s017","m0",0.230951549891073,-0.0121038855634652,-0.948062960659232,-1.33686079811275
54,701,"s017","m0",0.196153854801704,-0.0559766289381603,-1.03335117475545,-1.25576863935949
55,702,"s017","m0",0.214640592469028,0.0761464866461924,-1.31160737625705,-1.12158648499798
56,713,"s017","m0",0.231242773138053,0.0713342416276751,-0.879489535660115,-1.33498231699645
57,718,"s017","m0",0.215158091026893,-0.0604466351761113,-0.878628559180593,-2.13015186215426
58,755,"s017","m0",0.248353763625986,0.0306614440621662,-1.19487301000585,-1.36075338405589
59,778,"s017","m0",0.277222553040601,0.0489020965659944,-0.809342266172804,-2.20327230223654
60,787,"s017","m0",0.199668158927338,-0.0448335565420899,-1.26042079685248,-1.07471478993835
61,811,"s017","m0",0.191163472631069,-0.0311342026167765,-0.883968938459101,-0.746956797547989
62,816,"s017","m0",0.245412360339909,0.0652306009575412,-0.864575903710499,-1.84162234796783
63,867,"s017","m0",0.273446012714862,0.101260657072549,-0.727508731940832,-1.66438788904881
64,870,"s017","m0",0.248209405240541,0.0583846859563521,-0.944104409630712,-1.92703370553799
65,873,"s017","m0",0.270294950825317,0.105103379703004,-0.865102800189693,-1.50614631548015
66,883,"s017","m0",0.250714229029851,0.0676557034909659,-0.992889763432793,-1.77800628430753
67,885,"s017","m0",0.278404794981253,0.141013472136286,-0.8352414838875,-2.03724263422198
68,896,"s017","m0",0.209960057571111,-0.0718387100850622,-0.700929045108349,-1.3092761823835
69,905,"s017","m0",0.206670279215865,0.145016828924903,-1.03796281397307,-1.19290237428928
70,918,"s017","m0",0.173067423596672,-0.0833089911366837,-1.10638619195024,-1.3245265800098
71,921,"s017","m0",0.201104786042097,-0.16180191120152,-0.917253253024549,-2.06453216578637
72,943,"s017","m0",0.217614711907405,0.00587093617395667,-0.91528538558263,-1.34071212029943
73,955,"s017","m0",0.290571593406685,0.0662002073602156,-0.976870484630665,-3.23143693415412
74,957,"s017","m0",0.271536964014787,0.031873473795396,-1.11214915822419,-1.98802603931149
75,966,"s017","m0",0.282049153780379,-0.0258671983192941,-0.874832580934073,-2.63394824348181
76,970,"s017","m0",0.254536962016583,-0.0545022243779368,-1.14480688448955,-2.05418850844546
77,974,"s017","m0",0.166453034283356,0.00687910850301357,-1.14060913712113,-2.11472683647919
78,977,"s017","m0",0.207084271780161,-0.0761860894511332,-0.959220371581148,-1.25378222822264
79,987,"s017","m0",0.236104517370248,0.0723833538455655,-0.939366607596362,-1.75722309982656
80,989,"s017","m0",0.190870521822223,0.000135659334106434,-1.14327529009924,-1.3983878726414
81,990,"s017","m0",0.192068441143633,-0.0467624812150844,-1.07702847259383,-1.21973579362941
82,1013,"s017","m0",0.272248505110515,0.142502241948978,-0.677193478044778,-2.47557354040861
83,1016,"s017","m0",0.266732578038276,0.0905829719489341,-0.94530664856738,-2.46878127836011
84,1018,"s017","m0",0.242017478295181,0.0282683327400052,-0.826475750948196,-1.58914345303854
85,1024,"s017","m0",0.318765399294364,0.101647473128943,-0.813558714856792,-2.59747443479213
86,1053,"s017","m0",0.237448879088233,0.0156134688199233,-0.965011840129928,-1.72787978357379
87,1064,"s017","m0",0.255512519359501,0.054017609323755,-0.597911014284568,-1.70809998302595
88,1088,"s017","m0",0.25400023586589,-0.0873755054167594,-0.812648586539009,-2.09518602241518
89,1090,"s017","m0",0.187259159901962,-0.0471527658463302,-1.30681857848193,-1.18886217451633
90,1116,"s017","m0",0.291833271413098,0.16543735976001,-0.88048133290912,-1.49900080687612
91,1134,"s017","m0",0.228170212251232,-0.0441811231510579,-1.05389318442374,-1.22436855618124
92,1137,"s017","m0",0.258669832457584,0.10514295427465,-0.615102230504595,-1.73753608675895
93,1139,"s017","m0",0.252592118166769,0.0727281203332785,-0.881552744564412,-1.84480852789984
94,1143,"s017","m0",0.319152819517191,0.227973143455752,-0.562969364381458,-2.27593942328394
95,1144,"s017","m0",0.258637965218201,-0.0414867118564695,-1.1261511907477,-2.0870975884524
96,1160,"s017","m0",0.233574710839107,0.0865414450419034,-1.23209700231638,-1.70770949376684
97,1162,"s017","m0",0.232345090155049,-0.0232993541674378,-0.988226095174999,-1.85826069643464
98,1166,"s017","m0",0.27734213430562,0.0751439689017044,-0.954157564321803,-1.6769649136161
99,1178,"s017","m0",0.238496797115482,0.0483614447399103,-0.935347096745027,-2.18012338034277
100,1183,"s017","m0",0.251684437712591,-0.0145514524422364,-0.84939160687077,-1.88746989383142
101,1217,"s017","m0",0.276402034807896,0.0137859762571247,-0.856588110012746,-1.82770922784225
102,1230,"s017","m0",0.215715701765928,-0.0822977098873963,-1.12284823261926,-1.64587163182253
103,1257,"s017","m0",0.260217223421746,0.0169588429595057,-0.885561313360954,-1.77035368146421
104,1259,"s017","m0",0.253033853762398,0.0244114176421196,-0.911903067698902,-1.00170004016439
105,1268,"s017","m0",0.28931691525893,0.0403825366147679,-0.895825964893782,-2.74212439819273
106,1272,"s017","m0",0.245338917442535,-0.00465086814486299,-0.930333029791142,-1.5894430029763
107,1280,"s017","m0",0.226847900044813,0.0112801160734437,-0.84244315345004,-1.5211137163855
108,1283,"s017","m0",0.263552153055874,0.067611210481271,-0.947777675775285,-1.73776920492747
109,1304,"s017","m0",0.259175578549612,0.0362610399759638,-0.899707970670453,-1.96336762028929
110,1315,"s017","m0",0.20394090164906,-0.0251579201385544,-0.75256010060564,-1.57880047824622
111,1325,"s017","m0",0.315271163826732,0.121920731346829,-0.852762973668555,-3.42825581254788
112,1350,"s017","m0",0.273340354430548,-0.0478261236411728,-0.702434610638024,-2.67770609680171
113,1355,"s017","m0",0.290099433732638,0.129084060608969,-0.745997059314176,-2.22437448114687
114,1363,"s017","m0",0.307866685518817,0.0808053584762203,-0.595796741825731,-2.2870283672476
115,1377,"s017","m0",0.285948920137253,0.106732930884686,-0.872241622869541,-3.04253859696716
116,1392,"s017","m0",0.237576029519817,0.0651311328835372,-0.964418436513635,-1.31999496185778
117,1395,"s017","m0",0.23545425276504,0.0546599775405429,-0.936527845500243,-1.55941313121832
118,1402,"s017","m0",0.276916797859894,0.115537113083939,-0.830237355526999,-2.01185662695228
119,1415,"s017","m0",0.197634225458,-0.0498075025597178,-1.12336081236931,-1.63592616238775
120,1421,"s017","m0",0.238668930877207,-0.0236392347321197,-0.996390298675637,-1.90239358965408
121,1427,"s017","m0",0.286910498604531,0.0321783357304636,-0.849967346404512,-2.69451395311903
122,1429,"s017","m0",0.276521692432834,-0.00697620283357079,-0.730642395779704,-2.64177529954497
123,1444,"s017","m0",0.291810058281126,0.148208456270602,-0.633318102439149,-1.67063670988516
124,1463,"s017","m0",0.260891910003848,0.0769372781981521,-0.947434693446233,-2.2570987738371
125,1464,"s017","m0",0.308254278204455,0.17811838523035,-0.647202032089308,-2.1808124773075
126,1472,"s017","m0",0.253193574368743,0.106376625853159,-1.12513861438972,-2.50954860739097
127,1483,"s017","m0",0.285968507745337,0.0944265765586753,-0.752001226205026,-3.95441785440525
128,1484,"s017","m0",0.266116527802609,-0.0218383898676264,-0.812022912889669,-2.11601333820974
129,1490,"s017","m0",0.279053397573676,0.0701461999164403,-0.905636110452375,-2.60910336560596
130,1492,"s017","m0",0.251675335399833,-0.100931135320757,-0.825722802145417,-1.6702571875809
131,1505,"s017","m0",0.290043783597163,0.106133024921218,-0.507356682510778,-1.43503490087402
132,1509,"s017","m0",0.147552317136217,0.00981082100188785,-1.16210875666033,-0.806038719918023
133,1514,"s017","m0",0.232008204234268,0.0462388702892918,-1.2428125510879,-1.24030290895015
134,1527,"s017","m0",0.23045465293124,-0.013228170790903,-0.873818649960022,-1.52313712534388
135,1528,"s017","m0",0.160566291744702,-0.0631500873507609,-0.865898954271906,-0.869036695475264
136,1560,"s017","m0",0.241164345009375,0.0636043989529544,-0.926478590686084,-1.84612314384131
137,1566,"s017","m0",0.256590877261064,0.0290358477403757,-0.84716582111591,-2.35447767474547
138,1573,"s017","m0",0.192104383832317,0.0529629587820101,-0.899311639640886,-1.57555804174077
139,1579,"s017","m0",0.231985723529876,0.0798853076520443,-1.02914376465737,-1.44444948351117
140,1602,"s017","m0",0.21541281336609,-0.0454473579111077,-1.16720116773005,-2.1097290356992
141,1620,"s017","m0",0.256652626440874,0.0114619182277618,-1.16557825299488,-1.23515621694912
142,1630,"s017","m0",0.237269263593038,-0.00709265416005309,-1.21665740993558,-2.47374367456898
143,1631,"s017","m0",0.273783238793828,0.0484039325883082,-1.0569542733052,-2.46334899316972
144,1632,"s017","m0",0.239568780433979,0.0706083164274595,-0.900842585100683,-1.76180137601093
145,1639,"s017","m0",0.271949093334917,0.0414851897272726,-0.73599296335117,-1.39383909693609
146,1706,"s017","m0",0.335662813951,0.291672277014497,-1.03940936451533,-2.98259477349906
147,1710,"s017","m0",0.236467479548248,0.0693305157897566,-1.14438195658507,-2.63079530858276
148,1736,"s017","m0",0.254927700003237,0.0609166902790159,-0.857717487111539,-1.96623393525597
149,1753,"s017","m0",0.220100432947756,0.0344551029467928,-0.931911820843835,-2.10373505902694
150,1761,"s017","m0",0.213953873648813,-0.139242512648753,-0.600434359508339,-1.73002341964309
151,1768,"s017","m0",0.29570246443322,0.0865824880742979,-0.851154894169463,-2.0062856132656
152,1770,"s017","m0",0.295810198917082,0.182159562120991,-0.926974913451626,-2.75389431908801
153,1778,"s017","m0",0.188900363756216,-0.0693681872842136,-1.08672448046617,-1.65329857820783
154,1793,"s017","m0",0.236027190211057,-0.0539531079433066,-1.13382581428387,-2.81645833806829
155,1798,"s017","m0",0.213921629050613,0.116498983289935,-0.901178521979424,-2.18898347612169
156,1799,"s017","m0",0.311975034069481,0.0767552252446724,-1.05746977731064,-1.93150910588034
157,1809,"s017","m0",0.313999801017712,0.154730102174099,-0.685720445910996,-2.89278451323883
158,1823,"s017","m0",0.234755832316531,0.0408628323477763,-0.869838434813794,-1.51180413169584
159,1826,"s017","m0",0.221016793117641,-0.0278552326854032,-0.731422592205884,-1.20473198275095
160,1838,"s017","m0",0.223020754753854,0.020439945838513,-1.07626793745599,-1.92886019915293
161,1839,"s017","m0",0.242227765511625,-0.00793359630408214,-0.895810058376806,-0.931633510836694
162,1846,"s017","m0",0.222310116810428,-0.0631609894239549,-0.866505650593992,-2.01556328760908
163,1848,"s017","m0",0.356267671381786,0.148036308146896,-0.790211188187369,-3.59947718195785
164,1892,"s017","m0",0.255800492223481,-0.00429689651945976,-0.926084998262687,-1.17398749718391
165,1896,"s017","m0",0.245893117101149,0.0635810419272183,-1.10430498055263,-1.16560263962108
166,1898,"s017","m0",0.239010150808482,0.0616935203283775,-0.813555795742816,-2.35618978872213
167,1908,"s017","m0",0.269493321707795,0.079010160466883,-1.06540734526074,-1.61387986000511
168,1911,"s017","m0",0.258200891628789,0.078837261371758,-0.987620238245673,-1.62974878260965
169,1925,"s017","m0",0.273407695705575,0.171975409723676,-1.34215982087717,-1.97299599206886
170,1964,"s017","m0",0.28365517621343,0.0856926575299416,-0.585225044270503,-2.58715472411478
171,1968,"s017","m0",0.241727577201546,-0.00785257012773868,-1.2839073962309,-2.49747564530597
172,1990,"s017","m0",0.210436870104498,0.033308447204762,-1.00140041493956,-1.37322290406163
173,1997,"s017","m0",0.24891465168427,0.0207929662479405,-0.8006305872453,-3.13511662529351
174,2000,"s017","m0",0.229990216714722,0.00980700840007601,-0.885206014305198,-1.68781821160782
175,2011,"s017","m0",0.292273351657014,0.0694095989470121,-0.718280059695087,-2.03338300463791
176,2036,"s017","m0",0.161743312278965,-0.143063027644647,-1.06219554122703,-1.0146323978359
177,2037,"s017","m0",0.199305753997744,0.00386191393399227,-0.9836688538854,-1.27460908771563
178,2041,"s017","m0",0.192806741344057,-0.0428911104860572,-0.743371511450987,-0.718975918166231
179,2045,"s017","m0",0.327802398315564,0.0786867706674216,-0.711582946380675,-3.2558160110697
180,2050,"s017","m0",0.250965504558605,0.0550336855344317,-1.02595401412804,-1.4280593515196
181,2063,"s017","m0",0.153730039854019,-0.125813360607045,-0.963739932267754,-0.896604300549294
182,2093,"s017","m0",0.248192940976951,-0.0296932398114594,-0.791059206337212,-1.45535341242694
183,2096,"s017","m0",0.321413743218378,0.0477748007428087,-0.746909869593593,-3.11103747664801
184,2097,"s017","m0",0.226190301524576,0.0443306088203714,-1.42992318210017,-1.43268426848003
185,2103,"s017","m0",0.280872777919758,0.0607274695308364,-0.842033558962255,-3.39113907023974
186,2108,"s017","m0",0.197082928145775,0.0721209986637388,-0.937576277322017,-1.45475676535349
187,2134,"s017","m0",0.296750371062739,0.138437570949921,-0.829723883420715,-2.23471395638089
188,2143,"s017","m0",0.228858053797524,0.0361102223868991,-1.00288665436151,-1.80433213204983
189,2144,"s017","m0",0.290469103333672,0.149657908276674,-0.87884521871705,-2.08230407083273
190,2151,"s017","m0",0.20423445506056,-0.0369529367569342,-1.13041875276738,-1.56295964417289
191,2155,"s017","m0",0.214174997437235,0.0838780812783001,-0.807626525956139,-1.06995110603127
192,2156,"s017","m0",0.251928492918316,0.0331992902834026,-0.921983857442953,-1.85505893673332
193,2178,"s017","m0",0.267670806305136,0.0528370666818945,-0.76328434691772,-1.97517800376958
194,2187,"s017","m0",0.195775050368782,-0.0263640689605406,-0.909759358032599,-1.64878307034345
195,2205,"s017","m0",0.225715357904648,0.0086183302280657,-1.07140879103319,-1.58050777347113
196,2206,"s017","m0",0.254296146223917,0.120000040183157,-0.985845824673259,-1.18590512767339
197,2210,"s017","m0",0.257191868361937,-0.00477376523982382,-0.88148164415232,-3.35955705539164
198,2212,"s017","m0",0.243054754466556,0.0559417088182029,-0.960075608970539,-2.25187953844159
199,2218,"s017","m0",0.216306407567095,0.0634414529989402,-0.892825562819536,-1.80859030989057
200,2221,"s017","m0",0.234718158547318,0.00174676204165062,-1.04588662259836,-1.68126036008965
201,2223,"s017","m0",0.245250859694158,0.00425581401809824,-0.749809004915167,-1.91373855576105
202,2243,"s017","m0",0.218853547101414,-0.0579837598094947,-0.795292129844513,-1.97120119813788
203,2260,"s017","m0",0.229055285697124,0.112457188725753,-1.24786943849954,-1.25152847057191
204,2264,"s017","m0",0.296578396213267,0.120931860693698,-0.966526359894646,-2.4719926488687
205,2270,"s017","m0",0.28736178097779,0.175101667373399,-0.746073971508031,-1.49493390777426
206,2293,"s017","m0",0.256274276798419,-0.0265423495597161,-1.00746072398199,-1.85955850086975
207,2297,"s017","m0",0.179016623349716,-0.066777035193023,-1.04178120007952,-1.21728866673599
208,2313,"s017","m0",0.222777423062901,0.0703021508448574,-1.15548926858941,-1.36548032892764
209,2319,"s017","m0",0.27235534518815,0.0929275411621307,-0.879143309476921,-1.62471926198899
210,2354,"s017","m0",0.183761175811709,-0.0632447708481497,-0.934671930757117,-0.794791105973355
211,2359,"s017","m0",0.269860649348949,0.0317354559653798,-0.998174646532821,-2.69059164899834
212,2380,"s017","m0",0.293300678026641,-0.0105205664680282,-0.455249367805785,-2.21806504563957
213,2410,"s017","m0",0.28344498273377,0.0819567678298308,-0.80478855240475,-2.05970932069055
214,2432,"s017","m0",0.216458838572774,0.0560733230872711,-1.14364563229845,-1.1683319627477
215,2436,"s017","m0",0.195901595931684,-0.0773897715071205,-1.11592633681104,-0.949370974180967
216,2439,"s017","m0",0.225667747828043,0.0429994177060682,-1.07053155009176,-2.46183031562075
217,2448,"s017","m0",0.268142955736039,0.0857294147927261,-0.710085229724084,-1.52613790182444
218,2453,"s017","m0",0.240045308433866,0.0480782557944403,-0.667959434683228,-2.03413474301737
219,2466,"s017","m0",0.307954215827428,0.0780045112452153,-0.723490450061359,-2.27797050266265
220,2473,"s017","m0",0.255490063320921,0.0449428822235516,-0.735753856920069,-1.91147911043422
221,2476,"s017","m0",0.263524812337219,0.0819818436342253,-1.07497049481592,-2.14594481828124
222,2497,"s017","m0",0.235253724683059,0.00882003060152986,-0.840258067418196,-2.73849363124995
223,2499,"s017","m0",0.258176023120526,0.116843156057171,-1.17551620810994,-2.07374986972508
224,2505,"s017","m0",0.280025661972519,0.135922988663816,-1.03535084230457,-1.67504401170461
225,2528,"s017","m0",0.268571565468051,0.034672254111873,-0.820877183504982,-1.88212932481522
226,2532,"s017","m0",0.22819015281014,-0.055771060867131,-1.22174971600774,-2.27847121263938
227,2537,"s017","m0",0.266824588256515,0.108347932441183,-0.998876248094438,-1.65711967559951
228,2573,"s017","m0",0.239428967694287,-0.02649483263702,-0.911627238110039,-1.61791042230309
229,2576,"s017","m0",0.229065881587405,-0.0456266469310986,-1.28073687531144,-1.94939029341182
230,2577,"s017","m0",0.147085585032813,-0.0940740013080106,-0.977196448514604,-1.00116527197866
231,2590,"s017","m0",0.237139816943078,0.00836814231781712,-1.14423933439784,-1.48796891954978
232,2592,"s017","m0",0.239135407210727,-0.0425903873440098,-1.01757809424076,-1.60578036774796
233,2595,"s017","m0",0.25524503103774,0.0812543150514318,-0.823849373975368,-1.22204778531958
234,2609,"s017","m0",0.187604932723511,-0.0107255678047972,-1.10952283567071,-1.92626820078869
235,2635,"s017","m0",0.220976042284787,0.0485701431957383,-0.907459987848244,-1.23368397711389
236,2644,"s017","m0",0.182859983243843,-0.0716345379674893,-0.864668504804271,-0.897683131828697
237,2649,"s017","m0",0.227512087824149,0.0454597127269625,-0.865315552789343,-1.87269130224961
238,2650,"s017","m0",0.265137601678298,0.074700873912571,-0.76763447497919,-2.6575588253181
239,2656,"s017","m0",0.251524299963818,0.0351972869389564,-0.968580422011018,-2.15921236496423
240,2674,"s017","m0",0.294669610835456,0.0412005997937871,-0.826933645909787,-2.428122882838
241,2687,"s017","m0",0.214411757184061,-0.0563550148128494,-0.95925803118293,-1.68110504257601
242,2692,"s017","m0",0.218699628792799,0.0479571968101773,-0.755798988323261,-1.64776610495937
243,2694,"s017","m0",0.264018618571584,0.0557927244732463,-0.767587298189711,-1.94564886889175
244,2704,"s017","m0",0.181684565859136,-0.0977635858344748,-0.905637815981976,-1.69860847554649
245,2706,"s017","m0",0.231644313996391,0.0112862827632867,-0.997738885477911,-1.23496387382756
246,2716,"s017","m0",0.204355973160828,-0.073808343479999,-0.83188267245956,-1.54117272206062
247,2738,"s017","m0",0.288326122858761,0.0797595441004164,-1.03977616819679,-1.96994992108079
248,2741,"s017","m0",0.233128700587026,-0.0259961731119361,-0.818924584013148,-1.71009654660976
249,2759,"s017","m0",0.217509958360626,-0.0772703310898443,-0.995316463682643,-1.70385666835193
250,2760,"s017","m0",0.247124452467576,-0.00213995867763706,-0.680945485689927,-2.62315106555628
251,2762,"s017","m0",0.203119678600184,0.106502075543027,-1.07999568287957,-1.33276759921498
252,2766,"s017","m0",0.25102062759351,0.106349121728047,-0.777743249039648,-1.70189435434032
253,2783,"s017","m0",0.262778096959199,0.0897833803801188,-0.957707447158248,-1.88519068083563
254,2786,"s017","m0",0.235068776920369,-0.0144915501419999,-0.871557176667046,-2.07448414952244
255,2795,"s017","m0",0.252252106278998,0.119418601473712,-0.81919955984292,-1.2467295134927
256,2806,"s017","m0",0.302826368582141,0.128409648395496,-0.907711581174144,-2.68720924148155
257,2826,"s017","m0",0.206499012286259,-0.00925079505970496,-0.962418010076667,-1.64147913692543
258,2828,"s017","m0",0.194356275535394,0.0665338768463603,-1.27769398614892,-0.832166617791367
259,2869,"s017","m0",0.265493683518693,0.112133322107767,-0.880774783499412,-2.86447350911348
260,2873,"s017","m0",0.204276888857,-0.0562889378721531,-0.994044506191177,-1.23988291999901
261,2894,"s017","m0",0.25985158363749,-0.043501896817079,-0.94408581139138,-1.88194151705791
262,2903,"s017","m0",0.251568325017518,0.0766281087994151,-0.671800166236682,-3.43155097628251
263,2939,"s017","m0",0.265865291729143,-0.0206808000715337,-0.888278299607255,-2.4153117228181
264,2962,"s017","m0",0.213887545854667,-0.0475832159869811,-1.00585113375072,-1.7096827559048
265,2964,"s017","m0",0.253732689428495,0.0704942201642855,-1.17856506436261,-1.66263026149508
266,2970,"s017","m0",0.234566766442652,0.201738894762936,-0.855054867433468,-2.39300197265484
267,2981,"s017","m0",0.246501527558613,0.0667343797102768,-0.770575956754273,-2.23513741156795
268,2987,"s017","m0",0.292652436114947,0.190269069169761,-0.863208468259395,-1.86662468360285
269,2995,"s017","m0",0.241254821773106,-0.0968080549548148,-0.660760938954687,-1.834702235131
270,2998,"s017","m0",0.244542807281125,0.0509829596237727,-1.06673428283265,-1.87389389049657
271,2999,"s017","m0",0.2835107138645,0.0577456051117916,-0.77526093301919,-1.99029364096615
272,3003,"s017","m0",0.20074169954243,-0.00217606977504209,-0.717629550070136,-0.880199370282473
273,3004,"s017","m0",0.294282316521247,0.104674905537686,-0.585368710268614,-2.68878133322733
274,3022,"s017","m0",0.195592371570122,-0.045673537187778,-1.16743748041165,-1.17254000529075
275,3030,"s017","m0",0.19229767351507,-0.0906385604098587,-0.93036296733405,-1.6950017948693
276,3031,"s017","m0",0.197116463838095,0.000819178997561808,-0.870313863666508,-1.59737337991708
277,3046,"s017","m0",0.365721154698852,0.138647711877079,-0.828975040713129,-3.81212529188645
278,3064,"s017","m0",0.188364886719486,-0.117305587351678,-0.888141557661936,-1.34882258128332
279,3067,"s017","m0",0.283975007597247,0.054154271158416,-1.29141480365155,-2.42677855412266
280,3068,"s017","m0",0.237075575538303,0.128684379046133,-0.87551277474314,-1.92115029492677
281,3074,"s017","m0",0.256753514783684,0.0410409445916232,-0.860351871046001,-2.0002950195064
282,3082,"s017","m0",0.292780530886958,0.0918191903157366,-0.732004198560708,-2.08041567924697
283,3095,"s017","m0",0.242531225859485,-0.00638486072109362,-1.0688337480386,-1.8914019706048
284,3097,"s017","m0",0.297302886955934,0.0233706541604906,-0.699796553714808,-2.73681835353156
285,3099,"s017","m0",0.229712866535745,0.0298315354376468,-1.16650680612903,-1.63913836489044
286,3105,"s017","m0",0.231289750195514,-0.014187170132019,-0.714239270906589,-1.87848106845828
287,3122,"s017","m0",0.302857398295339,0.0706870968151523,-0.76125256064869,-1.8549680824388
288,3124,"s017","m0",0.255248959874735,0.046425628515813,-0.835853326801855,-1.31913917134236
289,3132,"s017","m0",0.271698804183643,0.0924781266168269,-0.92746690408739,-1.86508378839149
290,3146,"s017","m0",0.14854275565586,-0.138616375846216,-1.13408828328382,-0.934111603995868
291,3147,"s017","m0",0.285696879736925,0.0961442013619378,-0.920056007879297,-2.21029616526442
292,3151,"s017","m0",0.206564468475529,0.0269303111832428,-1.03972261421946,-1.21731729520746
293,3154,"s017","m0",0.303766103743443,0.168047708764629,-0.78996206975711,-1.82857098969617
294,3164,"s017","m0",0.154230040537642,-0.0413212980837832,-1.09370182496902,-1.26400038737742
295,3165,"s017","m0",0.295935374397548,0.097637004882973,-1.27929259353588,-4.19708655748441
296,3174,"s017","m0",0.263940857449793,0.030666894101043,-0.846277716562402,-2.43636868373775
297,3177,"s017","m0",0.177075331700784,-0.0756525650120582,-1.18382934800566,-1.7605686514212
298,3197,"s017","m0",0.239427310522355,0.0187786216429447,-0.833600240466654,-2.33148237314461
299,3203,"s017","m0",0.199767864790012,0.0448456185573245,-1.26730927302384,-1.6022656836287
300,3214,"s017","m0",0.202904006069226,-0.036741599092084,-1.06294461427185,-1.40114385841108
301,3217,"s017","m0",0.269030745713033,0.0118914947400933,-0.707233522732878,-1.79375702649544
302,3229,"s017","m0",0.210597070691675,-0.0461827232067283,-0.788534830441111,-1.80057497031988
303,3236,"s017","m0",0.291896640876629,0.106047327620291,-0.600965584522329,-1.71330773537996
304,3237,"s017","m0",0.235322799779077,0.0961725104375834,-0.99463757650135,-1.48053864575183
305,3286,"s017","m0",0.24397613348371,-0.0433543473694719,-1.00395118608675,-1.28595787311373
306,3292,"s017","m0",0.19784111301,0.0268514125945743,-0.854293086121522,-1.87962667915936
307,3317,"s017","m0",0.183335434577707,-0.0788012970047982,-1.1847305287586,-1.18412541062729
308,3320,"s017","m0",0.264822235578295,0.0303259632030518,-0.722560042020768,-1.68717862126824
309,3334,"s017","m0",0.241781441756235,0.0443441342881964,-0.705314915191481,-1.50843582361532
310,3342,"s017","m0",0.210745439265282,-0.0176395042916824,-0.931683589615666,-1.08121624144358
311,3350,"s017","m0",0.271320740105499,0.182877945034197,-0.72954156162711,-1.67954910495977
312,3355,"s017","m0",0.216064844216875,0.0492843116043587,-0.808193480362593,-1.12784255855572
313,3365,"s017","m0",0.289224146621572,0.101267908996118,-0.762251371158777,-2.18548511757837
314,3369,"s017","m0",0.28561737114957,0.0352743830346626,-0.668273305149245,-2.6458099435413
315,3374,"s017","m0",0.301967624266687,0.0782130197772798,-0.689821671194272,-2.12147646179085
316,3375,"s017","m0",0.224486402695247,0.0199616478537868,-0.857954972225401,-1.39910702120174
317,3394,"s017","m0",0.191694833403827,-0.00908774792770066,-0.8706522096564,-1.19175827604251
318,3399,"s017","m0",0.211207256976715,-0.123786029606558,-0.925535466088297,-1.10320844602456
319,3409,"s017","m0",0.242282695086991,0.0380548384316907,-0.904323190295293,-2.17169469697483
320,3412,"s017","m0",0.229806331821933,0.0572562367056425,-0.832613341050758,-0.763667937865511
321,3419,"s017","m0",0.272729120812501,-0.0513258852840533,-0.934479426834912,-1.43261676124167
322,3433,"s017","m0",0.270774594732119,0.126519329365013,-0.742720639854788,-1.27599905162591
323,3462,"s017","m0",0.178509720550929,-0.113032180888136,-1.11834622968613,-1.22595310787654
324,3473,"s017","m0",0.243041895064264,0.0223790936947037,-0.902848101070489,-1.50931072909607
325,3474,"s017","m0",0.178303806717057,-0.04304364296579,-1.35934895856494,-1.20071661582744
326,3523,"s017","m0",0.192024693408678,0.0490206584428414,-0.975530268965488,-1.16999608192548
327,3524,"s017","m0",0.276274969924097,0.0835807778972359,-0.84479001985972,-2.37794344336521
328,3540,"s017","m0",0.218351163302445,-0.0824221019885344,-1.06827327620222,-1.92231460915457
329,3549,"s017","m0",0.2199854522277,0.080680224163081,-1.00025433248118,-1.82697396341394
330,3554,"s017","m0",0.192903297435034,-0.103816085997615,-0.832567759756856,-0.535571867166884
331,3577,"s017","m0",0.23308293704505,0.00648239986744561,-1.02795000728154,-1.31856692324566
332,3578,"s017","m0",0.294948350474337,0.0478780065320833,-0.960317399033635,-2.11223144815551
333,3585,"s017","m0",0.235753367799494,-0.0349184261255977,-0.806667404623537,-1.22607328392385
334,3588,"s017","m0",0.219359362728072,0.0447680870434201,-1.22877347497964,-1.48835218999221
335,3594,"s017","m0",0.157205637824771,-0.0561881698754782,-0.918774200574106,-0.905205357859568
336,3600,"s017","m0",0.205736916816208,-0.0156669798768998,-1.39320982483793,-1.66991204617849
337,3616,"s017","m0",0.124717209380272,-0.0730680211493799,-1.353913843769,-0.707290887227787
338,3636,"s017","m0",0.25747582573315,-0.0467993409837429,-0.933104189540566,-2.67489725027667
339,3638,"s017","m0",0.232975942842589,-0.127204399671415,-1.22148527946893,-1.78871750945621
340,3658,"s017","m0",0.269582801005207,0.0964073642935582,-1.10666008210031,-2.2456607501317
341,3662,"s017","m0",0.250917271643431,0.0885875508935938,-0.835891687982762,-1.50034218333803
342,3685,"s017","m0",0.21408780434578,0.00197630282435405,-1.06600782618066,-1.5056917666534
343,3694,"s017","m0",0.224933583050895,-0.0108600183901098,-0.898733624769548,-2.08863644569744
344,3707,"s017","m0",0.274301111071324,0.0939993896959159,-0.991408930826735,-2.14497280521612
345,3713,"s017","m0",0.219443442716024,0.0110859221786675,-0.84631965018879,-1.26064133357285
346,3749,"s017","m0",0.222169301691115,-0.0471381310562933,-1.38087332318468,-2.12663978722228
347,3762,"s017","m0",0.264258974150821,0.0531525240105255,-0.668080280992849,-2.44481639374943
348,3821,"s017","m0",0.257408456514688,0.0369236230115931,-0.84786473844622,-1.2611468620137
349,3823,"s017","m0",0.225098969761422,0.0702104170625524,-0.924658053546068,-1.12592225617642
350,3828,"s017","m0",0.268402753573819,0.0604167755490784,-1.1172856311668,-1.54367538268777
351,3870,"s017","m0",0.237490146420479,-0.16946354447177,-0.780966982193515,-1.92517615655428
352,3902,"s017","m0",0.255845628996839,0.110576146314417,-0.933640278021973,-2.26510854605274
353,3910,"s017","m0",0.235899834407161,0.116492713100621,-0.906627453866237,-1.62364356437585
354,3918,"s017","m0",0.245005362883072,0.0267605430134643,-0.93632115385752,-1.64416438279725
355,3939,"s017","m0",0.31336360608414,0.0797836959718953,-0.838334788298752,-2.68260848692277
356,3953,"s017","m0",0.314233513846579,0.164570290900459,-0.632011532146084,-2.61374258620877
357,3978,"s017","m0",0.276643716984533,0.118338427671703,-0.796556132313289,-1.94472479254532
358,3984,"s017","m0",0.192111651865674,-0.0350681382893233,-1.34707289350983,-1.64410969963879
359,3987,"s017","m0",0.209092569131921,0.0176072535027348,-0.787249076226624,-1.51304029035299
360,4001,"s017","m0",0.292333799327485,0.0700581697369078,-0.668743017483679,-1.95120640569481
361,4015,"s017","m0",0.272937786860996,0.124671828151345,-0.799608707026305,-3.14725496350008
362,4042,"s017","m0",0.25273469102384,-0.121082131595079,-0.799438842764352,-2.00336526744354
363,4054,"s017","m0",0.216003022902955,0.116850615696664,-0.869850056450004,-1.38487358695861
364,4067,"s017","m0",0.300884093289467,0.0969943171103018,-1.13109398155246,-2.94889941173441
365,4071,"s017","m0",0.183922862826163,-0.0456396564413678,-1.1866043970203,-1.4806594313368
366,4075,"s017","m0",0.201537556577106,-0.0927491796670735,-0.976167180442718,-1.67574829318674
367,4090,"s017","m0",0.219396669916593,-0.0364448815455564,-0.891641186719802,-1.30319534352201
368,4094,"s017","m0",0.220128755322421,-0.0421517916052697,-0.723885640330083,-1.71079216092711
369,4151,"s017","m0",0.248836235878482,-0.0273475673344652,-0.980010943342017,-2.45312744386453
370,4157,"s017","m0",0.249999305027857,-0.0794340023402132,-0.841010469826976,-1.71852076750546
371,4164,"s017","m0",0.276476700831536,-0.100044384445796,-0.930203700532287,-2.10380616919629
372,4168,"s017","m0",0.261233224938045,-0.0361220037460326,-0.781731694713223,-2.39335148561694
373,4172,"s017","m0",0.184886610417463,-0.148027211435252,-1.28917602218246,-1.4336438217697
374,4182,"s017","m0",0.286584064021173,0.0206438510504521,-0.8848328284094,-1.53545931216864
375,4205,"s017","m0",0.251134475858759,0.0496887080517976,-1.36253360251109,-1.81915210873128
376,4208,"s017","m0",0.280504125508282,0.0686578380166521,-1.12709512291592,-1.35751944774387
377,4213,"s017","m0",0.198779246886623,-0.136439369986201,-1.0623041735094,-2.12846620203396
378,4232,"s017","m0",0.286247290334086,0.0683848713547815,-0.729869966971052,-1.76005722753811
379,4240,"s017","m0",0.24052998190684,0.0782218911710328,-0.731746702820106,-1.77479297512537
380,4246,"s017","m0",0.329054041392619,0.0835825491673418,-0.812403605205838,-3.01323669062526
381,4281,"s017","m0",0.233057153275287,-0.0257433891859893,-0.75924082772392,-1.2988676329516
382,4298,"s017","m0",0.190047786397743,-0.0750388580598048,-1.23519610580135,-1.22858237132814
383,4307,"s017","m0",0.267435896703038,0.125797626236971,-0.860299871370677,-1.36117951775181
384,4342,"s017","m0",0.258438249511896,-0.104719354616335,-0.748539087219782,-1.94598208362284
385,4357,"s017","m0",0.231942158695964,-0.0221687720843376,-1.09054503244122,-1.84000320947135
386,4360,"s017","m0",0.296460080691405,0.0192329789459251,-0.623263123557622,-3.29765763633932
387,4372,"s017","m0",0.215586254206057,0.0139163398435063,-0.880780456042988,-1.47810426660325
388,4386,"s017","m0",0.2539677721818,-0.0194221389512611,-0.76169648374739,-2.310671239512
389,4397,"s017","m0",0.279625684219969,0.13450186170498,-0.888428163544142,-1.553806683995
390,4442,"s017","m0",0.185908979440309,-0.0577931169406789,-1.00203725317926,-1.39792656397841
391,4448,"s017","m0",0.248490424335743,0.0244291763068388,-0.623280100276281,-2.79817256162186
392,4452,"s017","m0",0.222171589280797,0.0192126908048649,-1.08357039256022,-1.81650930433649
393,4471,"s017","m0",0.288797085838917,0.146564699648809,-0.939107040108584,-2.25025439693472
394,4472,"s017","m0",0.296935902290407,0.125000487514988,-0.6428326185166,-2.24812816508998
395,4475,"s017","m0",0.167583283039408,-0.0760288393662093,-1.26857329126455,-0.911500316831343
396,4480,"s017","m0",0.237189460370205,-0.00375317961861693,-0.760931631013837,-1.49554968914275
397,4502,"s017","m0",0.320941954768039,0.0913939568836539,-1.08064700096066,-1.9548640804511
398,4521,"s017","m0",0.244686147216824,0.0370724153239737,-0.814461475360524,-1.51964797077691
399,4537,"s017","m0",0.250669109105102,0.000809649564315635,-0.900137463953651,-2.03017744988625
400,4549,"s017","m0",0.195926547358293,0.0215222763526128,-1.09814476697886,-1.22105908022061
401,4563,"s017","m0",0.255430236976279,0.04536598762127,-0.657162424316312,-2.89029251167318
402,4565,"s017","m0",0.244026142440293,0.0570058629663287,-1.01143421905714,-1.90067491301645
403,4578,"s017","m0",0.269825299374842,0.0268472455341136,-0.792478981058341,-1.67258546287409
404,4579,"s017","m0",0.287113120490428,0.0589902169049179,-0.62559367659532,-2.71032706925069
405,4588,"s017","m0",0.232546799477417,0.0941590473173427,-0.856578288754107,-0.918807966260564
406,4604,"s017","m0",0.301990557481764,0.130467568506626,-0.66140021930321,-2.67517545974418
407,4609,"s017","m0",0.234533378654438,0.0134977846109503,-0.898882388939236,-1.37168933836786
408,4611,"s017","m0",0.254315322462186,0.0666279510859099,-0.850871656807977,-1.77057047662793
409,4658,"s017","m0",0.271923600956338,0.0918483974676748,-0.839695790258172,-1.04092717330584
410,4660,"s017","m0",0.214713650047859,0.0415643306515818,-0.865463009803121,-1.25851479054157
411,4665,"s017","m0",0.142486776803702,-0.128539229879532,-1.82034826164322,-1.22871476319214
412,4670,"s017","m0",0.264264777853674,-0.0530135217910276,-0.802384250583393,-1.76794683032765
413,4679,"s017","m0",0.220248730372401,-0.131272329709051,-0.795808114671946,-1.12558739326128
414,4696,"s017","m0",0.234003351200728,0.0587885633119629,-0.694101136725072,-1.67106266297356
415,4701,"s017","m0",0.238276391844521,0.0751954566539604,-0.701928932914915,-1.3693983653895
416,4705,"s017","m0",0.24209694006079,0.0192048213136593,-0.915982624953042,-1.43969764682142
417,4733,"s017","m0",0.256838921561081,0.0416743843066591,-0.881537655922774,-1.71091374970183
418,4750,"s017","m0",0.233196937367595,-0.0517462515007403,-0.74729456127672,-1.3602768395738
419,4756,"s017","m0",0.21723242673212,0.0249485731436447,-0.807873295013173,-0.853068534474207
420,4759,"s017","m0",0.208428053114153,-0.000650216577307577,-0.952829202116248,-1.03570050234551
421,4763,"s017","m0",0.257395295203036,0.040065437330145,-0.727298432001225,-2.43916614145289
422,4782,"s017","m0",0.224570100281414,-0.0454785284470232,-0.969812258341785,-1.90316161710338
423,4791,"s017","m0",0.237902983134008,-0.00350843524718513,-0.777827702608102,-2.15061576703878
424,4795,"s017","m0",0.239006530898521,0.110988872258706,-1.00718358044434,-1.28465666597309
425,4799,"s017","m0",0.326958058140972,0.178767704148366,-0.851379590348835,-1.51586849413924
426,4811,"s017","m0",0.187040243548751,-0.0504748711910906,-0.728185977861158,-1.49782769025803
427,4813,"s017","m0",0.197784692907747,-0.0491848693428397,-0.819783299193862,-2.28561170140058
428,4815,"s017","m0",0.209866211253635,0.00457458944705144,-0.975952112745973,-1.78939438079562
429,4830,"s017","m0",0.225519970917592,-0.0423028609531893,-1.11753736799531,-1.94361085557729
430,4831,"s017","m0",0.236170180038566,0.0962160610340171,-0.759654627049821,-1.73025981578956
431,4875,"s017","m0",0.25156466453422,0.0624455480718727,-0.779438399914037,-1.16525331147195
432,4880,"s017","m0",0.24610083916204,0.113488034615814,-0.785550891985792,-1.29883681681255
433,4883,"s017","m0",0.135491981099913,-0.0158336840806632,-1.05623413342758,-1.09983083475954
434,4885,"s017","m0",0.284896711363443,0.119628280516427,-0.916097520217217,-2.26028180212567
435,4886,"s017","m0",0.227749202710634,0.0440574329978982,-0.808285122851835,-1.19260582188271
436,4900,"s017","m0",0.308972991634683,0.0682253753842782,-0.676628231704143,-3.60150307827067
437,4902,"s017","m0",0.228481885650457,-0.0440204079023111,-0.735749513050302,-2.47508865753803
438,4910,"s017","m0",0.294032276571729,0.133018541019721,-0.787267287020322,-1.95742077522627
439,4914,"s017","m0",0.333362069919927,0.128315970346731,-1.12766080545717,-2.79438143865462
440,4918,"s017","m0",0.17107267347031,-0.0351395365250592,-0.950701012601623,-0.890027666621815
441,4923,"s017","m0",0.205266533197155,0.0650714387453079,-1.03544389054111,-1.20505610812333
442,4939,"s017","m0",0.227713451010036,0.00718941496684881,-1.30304225193544,-1.41770349869021
443,4972,"s017","m0",0.235814299457329,0.0098650191773995,-0.839930042175467,-2.41438119925913
444,4973,"s017","m0",0.284847882321318,0.03150630779519,-0.836743924392803,-2.06264512635388
445,4976,"s017","m0",0.282255150825288,0.00404023193703743,-0.799353169056384,-2.73907747140329
446,4981,"s017","m0",0.266811097264524,0.122953334730418,-0.717446587514888,-1.67042683544572
447,4985,"s017","m0",0.2268148544696,-0.0393524887741554,-1.1245656650601,-2.04724548575409
448,4990,"s017","m0",0.207760988075222,0.0412794720930787,-0.891030735816969,-1.58579528452882
449,4992,"s017","m0",0.250688216492494,0.0423521322596889,-1.03040706960452,-2.04979703784092
450,5016,"s017","m0",0.254173111804101,-0.161008715914535,-0.882828962659042,-2.09714462744136
451,5041,"s017","m0",0.241554565861087,-0.0646620658148956,-0.83940525990722,-1.75187994328607
452,5042,"s017","m0",0.247013804983852,0.0143713030552144,-1.13678814240046,-1.96447342821602
453,5081,"s017","m0",0.26211987556682,-0.0027619629397329,-0.867149740541259,-1.44200458579623
454,5093,"s017","m0",0.298612867601876,0.0552986000583044,-1.08554690341941,-3.28663956704032
455,5095,"s017","m0",0.24086060414854,0.00449060749732123,-0.770026999432108,-2.06232692525796
456,5108,"s017","m0",0.227012800488615,0.0197289227386255,-1.06677792682511,-1.8715835922446
457,5118,"s017","m0",0.219142360888782,0.0128203301086255,-1.09839142418837,-1.75822717409527
458,5127,"s017","m0",0.20354363343007,-0.00166722938354926,-0.853500286545167,-1.34159574772635
459,5139,"s017","m0",0.27522263116338,0.116909900054124,-0.788497157082781,-1.45891173218803
460,5149,"s017","m0",0.270649111469938,-0.0265794945009176,-1.03393290249871,-2.04209578053848
461,5170,"s017","m0",0.208429068427678,-0.0319397101785725,-1.14694397118491,-1.97159689089312
462,5208,"s017","m0",0.317454969610022,0.0753365219380537,-0.687650736198983,-2.28112876196808
463,5222,"s017","m0",0.262581900395176,0.0190764329210703,-0.767232315851858,-2.1539622916212
464,5232,"s017","m0",0.227471224257105,0.0647867003891341,-0.969130727448892,-1.68528573238906
465,5239,"s017","m0",0.234148927357977,0.0267131855409377,-1.09264161942365,-2.31385437363664
466,5246,"s017","m0",0.1600206643862,0.0255288676513594,-1.00326057236233,-0.927839218618037
467,5247,"s017","m0",0.275644751638849,0.155975797600257,-0.766682581126558,-1.7262682575665
468,5255,"s017","m0",0.290440629022808,0.074350408527992,-0.817373963330506,-1.77349001108299
469,5281,"s017","m0",0.278283537649055,0.0227314886101645,-0.887521993342078,-1.70228392602429
470,5286,"s017","m0",0.266541485166494,0.097982390135249,-0.823457525617167,-1.8083349012412
471,5290,"s017","m0",0.285705633695215,0.116112830203082,-1.00336137338872,-1.58448161530476
472,5295,"s017","m0",0.195118254199551,-0.0608867835622836,-1.19514985610632,-1.41816246553909
473,5320,"s017","m0",0.280085683952118,0.112870929322397,-0.873357396400567,-2.03851105878994
474,5329,"s017","m0",0.271871991638787,0.062350955412321,-1.06181490207779,-2.46664518505553
475,5339,"s017","m0",0.19405829955952,-0.111950960991692,-1.35085298470468,-1.91118421234787
476,5341,"s017","m0",0.209125611937211,0.0693870404335833,-1.02296494137081,-1.54058165678885
477,5360,"s017","m0",0.306938581745478,0.104121356952552,-0.687089636781197,-2.64933183939251
478,5371,"s017","m0",0.219539617491055,-0.141068250711954,-1.38062383895954,-1.62570034263969
479,5401,"s017","m0",0.242573349054842,-0.0024223921237299,-0.80796145147807,-1.69255952937199
480,5445,"s017","m0",0.239935960957032,0.0105390383877242,-1.11679454498756,-2.05184265269792
481,5465,"s017","m0",0.221699663601418,0.0187771530752491,-1.12370043423397,-1.42976525041389
482,5474,"s017","m0",0.276016164541778,0.133127448836143,-0.761591310448179,-1.95841187216886
483,5478,"s017","m0",0.169614558396509,-0.0633679356294514,-0.948624594376042,-0.778226104721179
484,5480,"s017","m0",0.263765989029196,0.113196343035281,-0.751793944142981,-2.36956853096702
485,5489,"s017","m0",0.299535933623393,0.090029514548201,-0.637506362284774,-2.49962778699216
486,5499,"s017","m0",0.272363995324509,0.12535509025005,-0.699404149296231,-1.91974709288457
487,5510,"s017","m0",0.238553914131879,-0.0822616237458984,-0.925463176330749,-1.44233068278479
488,5519,"s017","m0",0.172404888247261,-0.00739043628067942,-1.41756530487633,-0.760918493437297
489,5591,"s017","m0",0.230765727916638,0.0535234711362046,-0.831199668039651,-1.63810334065854
490,5598,"s017","m0",0.273901044263,0.0511435510601036,-0.685705544112606,-2.35848566563265
491,5608,"s017","m0",0.207097071820203,0.0997780912184754,-1.18136487367604,-0.754386242821851
492,5610,"s017","m0",0.284740470555278,0.0290525391702022,-0.977749632399027,-2.34272949331312
493,5611,"s017","m0",0.288018370544725,0.082163672677088,-0.799338304181536,-2.67089848603674
494,5616,"s017","m0",0.211391194924584,0.00960734374640852,-0.853523218346362,-1.08938618645957
495,5631,"s017","m0",0.2180967539782,-0.077625468540744,-1.04287991351915,-1.92128491080501
496,5648,"s017","m0",0.291854941107947,0.056909673047032,-0.634614594889762,-2.88239187338373
497,5654,"s017","m0",0.198978420000269,-0.0248783073718215,-0.89331199816936,-1.1228013773708
498,5655,"s017","m0",0.24441664833952,0.0115840852905112,-0.882485738371328,-3.0857372151937
499,5665,"s017","m0",0.210442637252474,-0.0997597165101936,-1.35599184199409,-1.91408647619001
500,5672,"s017","m0",0.283139361354212,0.0860661465103885,-0.821456387973087,-3.05182670475785
501,5689,"s017","m0",0.22333590297852,-0.036310541164333,-1.07088471755098,-1.38638422918153
502,5704,"s017","m0",0.187313210800152,-0.0711644028215612,-0.960965634322841,-1.01903722232136
503,5728,"s017","m0",0.26964303556043,-0.112667429965276,-0.840663337356485,-1.89651185788492
504,5742,"s017","m0",0.333467569075377,0.148431990291408,-0.61977801899456,-1.49321210212172
505,5754,"s017","m0",0.298928511782673,0.0838007281480984,-0.988598532368012,-2.45771376323557
506,5755,"s017","m0",0.301722825826011,0.116132815673954,-0.792341889397697,-1.99064176904901
507,5764,"s017","m0",0.261131291030714,0.146543874238751,-0.997114213295207,-1.48558741459131
508,5766,"s017","m0",0.210363944343167,-0.0941528822265013,-0.99394104958109,-1.33631077099304
509,5769,"s017","m0",0.242332805697077,0.0128547006752719,-1.07183744611463,-2.15873341088014
510,5780,"s017","m0",0.22258240823554,-0.0965915672762712,-0.858511717127449,-2.07467261746467
511,5795,"s017","m0",0.199188906768608,0.093113192998349,-0.95526970455049,-1.59411435572875
512,5828,"s017","m0",0.285444454081173,0.150260743058474,-0.941945251139527,-2.30876638698381
513,5832,"s017","m0",0.322374125615759,0.0720151871118447,-0.713863243571384,-2.08156096596565
514,5843,"s017","m0",0.261738928660101,0.017061031493055,-0.699450525392047,-1.25813482874465
515,5864,"s017","m0",0.278326704742245,0.163504369587577,-0.572770637517614,-1.72525501706315
516,5906,"s017","m0",0.243555648512935,-0.00254561434143938,-1.05936475976918,-1.34704680000826
517,5941,"s017","m0",0.249910088454303,0.0566129415392169,-0.960159804173117,-1.05515845410336
518,5947,"s017","m0",0.280318620263291,0.0391744985771318,-1.02185009035081,-2.19814292296444
519,5948,"s017","m0",0.25117642206446,-0.145301091116494,-1.10519899337349,-1.87540884369564
520,5953,"s017","m0",0.194555262853038,-0.0564829037314485,-1.10666471019963,-1.93812574063669
521,5954,"s017","m0",0.237312617970845,0.08297093865657,-0.839899828185155,-1.43115383213741
522,5957,"s017","m0",0.24451650031965,-0.0647698309477493,-0.884084098944877,-2.58104536453513
523,5968,"s017","m0",0.219125497048756,0.0731401066230374,-1.01952566143915,-1.49307989918602
524,5998,"s017","m0",0.230079280091948,0.0541075101977032,-0.865125399916632,-2.31613887425982
525,6011,"s017","m0",0.217853254408759,0.0194842544267663,-1.18393621701901,-1.90401018663791
526,6030,"s017","m0",0.251779268856936,0.0553455936232344,-0.899743254091321,-2.43329320975138
527,6031,"s017","m0",0.182065298444678,-0.0758990754004943,-1.28036041174326,-1.32327657615042
528,6034,"s017","m0",0.247130043316238,-0.0251126823910678,-0.803195112426936,-1.54508964066796
529,6040,"s017","m0",0.312643914737385,0.183534115414695,-0.818445792735886,-2.74096044647741
530,6043,"s017","m0",0.263210093527584,0.0454683426137426,-1.01173885998274,-3.19935791596208
531,6044,"s017","m0",0.172538372385538,0.0194057439026055,-1.16332431667618,-0.930897969081407
532,6049,"s017","m0",0.24365445059433,0.0802225785008638,-0.973986807184414,-2.60098438913908
533,6050,"s017","m0",0.280831743566533,0.0878913673968904,-0.847100284194866,-2.1424584802509
534,6055,"s017","m0",0.225221536276018,0.0771599334029018,-0.753723365071881,-1.55928201479799
535,6062,"s017","m0",0.179958827694393,-0.0915292120119069,-0.858337624241465,-1.22317909170756
536,6068,"s017","m0",0.264158158451864,0.0311660392000032,-1.03610099176558,-1.93977590712749
537,6159,"s017","m0",0.278998377240535,0.155591715167797,-0.666874299087901,-1.90695182180915
538,6164,"s017","m0",0.229279121168323,-0.0623199467791133,-1.05012751490251,-1.53524387153822
539,6180,"s017","m0",0.265813577450555,0.0650531290303108,-0.752372454104819,-1.5576270260162
540,6203,"s017","m0",0.280687830020991,0.107041875348197,-0.657991293249714,-1.51318628409976
541,6207,"s017","m0",0.243627517410199,0.101043950910047,-1.02931752005439,-1.66084589288869
542,6208,"s017","m0",0.269818990014369,-0.0479390411880296,-1.07440245809852,-1.53326323641504
543,6211,"s017","m0",0.204612606061446,-0.0678546383012652,-0.968786495401427,-1.10396818010489
544,6227,"s017","m0",0.235058009959851,0.0463839444512113,-1.01616024202688,-1.46317749038463
545,6228,"s017","m0",0.245370837094454,-0.0471636504426794,-1.23905215190391,-1.64494212246986
546,6269,"s017","m0",0.235324818606776,0.0636269699209499,-1.15609826767696,-1.66645353343542
547,6276,"s017","m0",0.23091113543465,-0.0654419214165524,-1.08120157280288,-1.97004094719017
548,6284,"s017","m0",0.29381004150173,0.0231332182899078,-0.680645247712535,-3.42693014164441
549,6299,"s017","m0",0.288305782064037,0.066389081392021,-0.85795862253228,-2.7964357329653
550,6309,"s017","m0",0.185606826962365,-0.112184066419374,-1.3800484339391,-1.86356289593943
551,6340,"s017","m0",0.260719750248094,0.0656033796412061,-0.770072776582662,-1.45019400170478
552,6349,"s017","m0",0.149960385901755,-0.0445700574658337,-1.38053201244106,-1.39566972523666
553,6354,"s017","m0",0.263591754815932,0.00583836515530996,-0.849266914290505,-3.44615998476106
554,6370,"s017","m0",0.173469341458297,-0.0244206538174358,-1.33445702583738,-0.924279540531073
555,6382,"s017","m0",0.242240059303523,0.030121877171234,-1.01496238226316,-1.70261076858613
556,6387,"s017","m0",0.269567802369449,0.079479287080997,-0.903519287747802,-2.56467376897598
557,6388,"s017","m0",0.178421676486466,-0.0818638737965512,-1.22550977174864,-1.43981504421705
558,6409,"s017","m0",0.302668520404428,0.0374871238208351,-0.775566129355369,-2.45643002867899
559,6427,"s017","m0",0.31679011009226,0.094204014707416,-0.800382376491095,-3.37648414269225
560,6458,"s017","m0",0.229642075934177,-0.0568532721067485,-0.929333219072442,-1.41613066638125
561,6478,"s017","m0",0.244212304390289,-0.00740527115632565,-0.817168437232197,-1.89064227078904
562,6479,"s017","m0",0.262510343584846,-0.0212864747379179,-0.737585556838466,-1.48608833901468
563,6481,"s017","m0",0.190833800359778,-0.0503996095805726,-1.38799788334809,-1.50693956957396
564,6497,"s017","m0",0.26016555633009,0.0645286760769101,-0.965175494486836,-1.71476860755215
565,6502,"s017","m0",0.274106531480977,0.0432443827307497,-0.567612916465457,-2.87267164064162
566,6510,"s017","m0",0.307376257596168,0.124201641657832,-0.727141871071497,-2.48267856436416
567,6516,"s017","m0",0.262586521118644,0.0633405358870739,-0.800944500041772,-1.7040450462964
568,6520,"s017","m0",0.207692377993536,0.0576575365029783,-1.24637710321004,-1.42986229660887
569,6542,"s017","m0",0.289438217097136,0.0194858699772837,-0.76480337298068,-1.85807928328234
570,6551,"s017","m0",0.185164991483303,-0.0669402268420433,-1.08610620250846,-2.29221132517455
571,6554,"s017","m0",0.261493690407133,0.0618493013048571,-0.702278896677703,-2.43312959682101
572,6563,"s017","m0",0.260481728226132,0.0948418977145946,-1.25923667831388,-1.12066876572015
573,6575,"s017","m0",0.210898722171143,0.0129682001976127,-1.44617204353601,-2.0583441281108
574,6587,"s017","m0",0.275189912199779,0.0752454715631278,-1.0370052920513,-2.62110892749599
575,6595,"s017","m0",0.260209034160633,-0.0153734159974168,-0.912047278035445,-1.97261524340759
576,6616,"s017","m0",0.25836285989593,0.0462638097295386,-0.878953063285447,-1.5833270782949
577,6621,"s017","m0",0.223141846134975,-0.0153013930535583,-0.837345383289113,-2.07453973586979
578,6641,"s017","m0",0.206323297692064,0.000496862457531411,-0.981470939465142,-0.891681311267264
579,6652,"s017","m0",0.21082641168849,0.064904744596574,-0.773116352870512,-1.41285962786954
580,6667,"s017","m0",0.265224043915231,0.0505565631632864,-0.891749363432926,-1.70284702404077
581,6674,"s017","m0",0.2390266791815,-0.025377556560764,-0.994291912263272,-1.26550282301808
582,6677,"s017","m0",0.207839040237103,-0.0626540948348966,-1.04620788555542,-2.00124064376864
583,6690,"s017","m0",0.241471875533362,0.0246441888546594,-0.72925206361287,-1.34128511760843
584,6696,"s017","m0",0.199987414326068,-0.139836841675426,-0.945680091739831,-1.73086581578789
585,6723,"s017","m0",0.25540077694637,-0.0148277757890719,-1.17088416468667,-1.88599680962381
586,6741,"s017","m0",0.186098461912567,-0.0622222127882598,-0.973786778858746,-1.1184237017205
587,6745,"s017","m0",0.252873841716293,0.123030387928709,-0.835601190774481,-1.80506725079571
588,6758,"s017","m0",0.283811893241017,0.0591689593946158,-0.915069737734439,-2.56119775193023
589,6793,"s017","m0",0.238172771945227,-0.00903422022720468,-0.835711227639107,-2.9218448687689
590,6801,"s017","m0",0.208127474836489,-0.0621035047165489,-0.858951635469935,-1.14527887192303
591,6802,"s017","m0",0.261446460496907,0.120113964948086,-0.776532809714829,-2.05992319830344
592,6814,"s017","m0",0.232480706691023,0.00943468327609365,-1.14471232988262,-1.71495853696302
593,6816,"s017","m0",0.208082238890707,-0.00991920119802602,-0.832540561031392,-1.45143426809341
594,6817,"s017","m0",0.250723160311401,0.0403902985818935,-0.743597936182181,-1.60445575434308
595,6818,"s017","m0",0.224411977754082,0.00397939906206629,-0.705786486940329,-0.92905994889002
596,6819,"s017","m0",0.21122896107866,-0.00520869774051696,-1.228688520922,-1.50056796415724
597,6855,"s017","m0",0.259488357885647,0.08741269283891,-1.00512789812374,-2.00570800395004
598,6887,"s017","m0",0.134155017821363,-0.147726953246811,-1.45910924630342,-0.881676609358178
599,6889,"s017","m0",0.274306606498356,-0.000724175402955988,-0.808234880835405,-2.01875179404694
600,6894,"s017","m0",0.218382430475105,0.0179744018569981,-1.09966314283077,-1.2771194250153
601,6915,"s017","m0",0.263554964700153,0.067758801454474,-0.981004952531411,-1.77704995148253
602,6927,"s017","m0",0.299384001301655,0.0815952758080973,-0.961027627011906,-2.53344479186166
603,6936,"s017","m0",0.228340679925368,-0.0312651769481174,-0.762552806637908,-1.61391787065632
604,6951,"s017","m0",0.248413556809796,0.0847410712924758,-1.09853288445345,-1.45521226091117
605,6952,"s017","m0",0.237460266423142,-0.0420850261664654,-1.08276930478843,-1.34492563254563
606,6995,"s017","m0",0.218210659965935,0.0201062400475328,-1.51237170762095,-2.0512948979134
607,6996,"s017","m0",0.240902690970354,0.0147666623425201,-0.784774907467499,-2.2025596177151
608,7003,"s017","m0",0.191019526808636,-0.048540311211956,-1.10441168883086,-1.60772937562301
609,7007,"s017","m0",0.230452176298332,0.0877526132590566,-0.846062140165048,-1.38717716460334
610,7012,"s017","m0",0.200617782605743,-0.0320364882856931,-0.945507039606474,-1.40273392670444
611,7013,"s017","m0",0.28998634922227,0.102832039846115,-0.926634050632252,-2.26382298676645
612,7017,"s017","m0",0.28249243459186,0.01837353263632,-1.03669934477016,-2.96621663047222
613,7020,"s017","m0",0.199897983391547,-0.0388246162406785,-1.00754334538727,-1.06487419562073
614,7041,"s017","m0",0.283205564128381,0.0422515558228485,-1.00612524407033,-1.95275494901816
615,7063,"s017","m0",0.240459115497848,0.110484025684453,-0.716314174442353,-1.76630690122862
616,7072,"s017","m0",0.200815127065008,-0.135039536362053,-1.60346631801629,-2.0607068619177
617,7115,"s017","m0",0.226678513989776,-0.0294005753140117,-0.900784905730053,-1.91478141227071
618,7127,"s017","m0",0.216623933540568,0.0188905594232299,-1.0112482674268,-2.35393082046093
619,7147,"s017","m0",0.269638910461468,0.00961913607344217,-0.873019243699722,-1.66179588782041
620,7156,"s017","m0",0.2286621983832,-0.0132471500277409,-1.10977772402026,-1.19325070194871
621,7163,"s017","m0",0.24732941038083,0.079722169888116,-0.857558381034047,-2.45316286391417
622,7172,"s017","m0",0.237600948058195,0.079724114034838,-0.724703515577296,-1.03033328035207
623,7191,"s017","m0",0.201321186407607,-0.0223930559557034,-1.32572318218306,-1.30448766276246
624,7193,"s017","m0",0.209218991085141,0.0420234147690348,-0.978358793152523,-0.896458646918502
625,7201,"s017","m0",0.236573642377271,-0.0315182090198399,-0.983238647881778,-2.37744390392543
626,7210,"s017","m0",0.280763150607792,0.15432003393732,-0.837721631921455,-2.30891787343575
627,7215,"s017","m0",0.307006054864406,0.147629655648801,-1.0211892114176,-1.90969364307578
628,7224,"s017","m0",0.290882090915225,0.139892135707752,-1.11557301682191,-1.81036888545573
629,7225,"s017","m0",0.314287171919592,0.0519347353945543,-0.724607308120461,-2.7336022380619
630,7226,"s017","m0",0.239131005627645,0.0347591172561547,-1.02415739107502,-3.11527196860577
631,7255,"s017","m0",0.160898212044454,-0.0274985519932468,-1.36757006456863,-0.598923906057462
632,7271,"s017","m0",0.205605908108151,0.0238873365815529,-0.806808725390056,-1.8990907533137
633,7276,"s017","m0",0.263235974019021,-0.0126917341397943,-0.591395715428378,-2.29046320902302
634,7291,"s017","m0",0.244020310076231,0.101506550074405,-0.614963237044549,-1.85662130226348
635,7294,"s017","m0",0.231648720494872,0.101759694941054,-0.922065978441507,-0.784546230926958
636,7304,"s017","m0",0.266953859967323,0.0685833631017145,-0.735433212362967,-1.98446604067048
637,7317,"s017","m0",0.276541627472751,0.143506428094976,-0.887866146770531,-2.36317522972322
638,7319,"s017","m0",0.215447116923639,0.0448446672272491,-1.0650167008512,-1.64960369207268
639,7336,"s017","m0",0.243124999239422,-0.00900470382477374,-0.799903109382829,-2.27887456961648
640,7338,"s017","m0",0.221561384337538,-0.0437470042809454,-0.989035071401356,-2.13187206770018
641,7342,"s017","m0",0.272086307974142,0.0440072239875525,-0.631622078892605,-1.32440295827453
642,7352,"s017","m0",0.2337450428398,0.0190087737606046,-0.88035068268495,-1.56073147385336
643,7355,"s017","m0",0.307675924690749,0.123302210238174,-0.711652872121214,-2.03930760913039
644,7383,"s017","m0",0.245546903992285,0.00672416393213307,-0.654673052083204,-1.2066203281199
645,7403,"s017","m0",0.297408232448369,0.157358798552263,-0.616459259381354,-1.88906343779942
646,7405,"s017","m0",0.285230565638223,0.0529501256151621,-1.01118952746957,-2.69345686932851
647,7418,"s017","m0",0.249162114442938,0.0586351367160267,-1.01446310534089,-1.98753817001413
648,7427,"s017","m0",0.283154570268524,0.128205331742552,-0.996019586460219,-2.49017753867935
649,7446,"s017","m0",0.31655562590225,0.102671084866049,-1.07912337562568,-2.85982449741359
650,7452,"s017","m0",0.250210854100607,0.0395600539581665,-1.08783963121912,-2.02126569891506
651,7464,"s017","m0",0.252086509199636,0.0425639341472431,-0.818918598530467,-1.45733579580025
652,7476,"s017","m0",0.244191348474133,-0.0773997239001224,-0.939138839339164,-1.44945260054132
653,7489,"s017","m0",0.257046974281893,0.0656041378564202,-0.793512930505804,-1.37898288533647
654,7493,"s017","m0",0.244700497789668,0.129412680763419,-0.984201182289732,-1.77438277486116
655,7497,"s017","m0",0.21558824817726,-0.0653184860328184,-0.929346548770953,-1.42599829881761
656,7498,"s017","m0",0.247458219350874,0.102467560014739,-0.997245960156747,-1.54296583634799
657,7504,"s017","m0",0.210810308926028,0.0811171636263374,-0.948897169077532,-1.13283339403211
658,7528,"s017","m0",0.2375015041509,-0.0577214961842713,-0.863543084073223,-2.32107190110419
659,7531,"s017","m0",0.222053385540181,-0.029573023938826,-1.09803481522329,-1.59326020817251
660,7575,"s017","m0",0.212925438231584,-0.0449815437991772,-0.740787250984428,-1.52000288050919
661,7586,"s017","m0",0.258194534867428,0.104041691937708,-0.817703930491894,-2.03006464961141
662,7607,"s017","m0",0.234345934871869,0.0398651182945755,-0.914601799135145,-2.75920505311961
663,7612,"s017","m0",0.222926535038178,0.0430912148432616,-0.796677931216037,-1.04798411668536
664,7646,"s017","m0",0.219544038696918,-0.0669556734903902,-1.14811429202726,-0.998680415274074
665,7648,"s017","m0",0.239408432121399,-0.0221883139752536,-1.09129894486268,-1.37072818660174
666,7649,"s017","m0",0.247314491116797,-0.0556419514759372,-1.03448156672524,-1.28593660598707
667,7650,"s017","m0",0.246009770244106,-0.00584062033463671,-0.817015746620223,-1.85533490442268
668,7660,"s017","m0",0.287958513361113,0.0992328579088879,-0.873689124735259,-1.91677946956561
669,7662,"s017","m0",0.25197536637015,-0.0220360897406638,-0.945122895514987,-1.71645405964669
670,7673,"s017","m0",0.228271016227379,0.0331723291711817,-0.888283474433779,-1.64521034229377
671,7696,"s017","m0",0.262121067364621,0.00659136127409819,-0.913412117067398,-1.64394946450828
672,7699,"s017","m0",0.225129653075387,-0.0787768503790596,-1.05688270133184,-1.11972467575299
673,7700,"s017","m0",0.283139952513847,0.0879337614952276,-0.852203754188583,-2.10058972902499
674,7707,"s017","m0",0.250491518160359,0.0596437919275941,-1.05414035012901,-2.07010537489146
675,7725,"s017","m0",0.256761250790521,0.0751176402478011,-0.743850741704575,-1.53323655232195
676,7749,"s017","m0",0.135382269235975,-0.0730835262972506,-0.983955610118276,-1.21254866660754
677,7750,"s017","m0",0.23363870458584,0.0560180737666912,-0.973743069838824,-1.68703946676162
678,7779,"s017","m0",0.271213716482285,0.0589121278734255,-0.791502754137788,-2.17214711611263
679,7791,"s017","m0",0.214686423339603,-0.0435897894653631,-0.939476447309078,-2.1177767850037
680,7825,"s017","m0",0.195109681313753,0.0205872408113234,-1.13787796013757,-0.794658362989655
681,7826,"s017","m0",0.238244165130496,0.104565544462138,-1.18849162023702,-1.73527119849803
682,7829,"s017","m0",0.243627597207031,0.081481985174885,-0.94816210043326,-1.72366677226073
683,7846,"s017","m0",0.256711271865893,0.00181101524634112,-0.802179525315434,-3.89414777431682
684,7853,"s017","m0",0.223269662210053,-0.0240755482435103,-0.946391342168322,-1.25431382474551
685,7873,"s017","m0",0.18617961893011,0.0014403966819047,-1.0017602864275,-0.660979087115082
686,7874,"s017","m0",0.23631162281577,0.0154865924671644,-1.3215749439702,-2.63023164708649
687,7942,"s017","m0",0.264333156138246,0.0184708209543902,-0.868944824533922,-1.85509243620741
688,7947,"s017","m0",0.225955892560261,-0.0815324037597345,-0.7617511802045,-2.12377073827086
689,7951,"s017","m0",0.324012948395163,0.0545515900960874,-0.639537159911246,-2.36921610130042
690,7953,"s017","m0",0.231795054962409,-0.0301834850823555,-0.879185034493997,-0.988526308686217
691,7964,"s017","m0",0.271242941407237,0.0701993380546511,-0.963209476019373,-1.58210171479144
692,7977,"s017","m0",0.248965665357011,0.0232975998039916,-0.932127026247682,-1.50747972882364
693,8009,"s017","m0",0.196437443959076,0.0517639493706992,-0.756775852515452,-1.38457869593236
694,8012,"s017","m0",0.233035996813305,0.0261326990253534,-1.01325362285497,-1.73083688230949
695,8028,"s017","m0",0.244188957457198,-0.07010881755317,-0.845518559162557,-4.02717367065619
696,8032,"s017","m0",0.278520140199631,0.0840156438127188,-0.631038706652799,-2.229252132919
697,8037,"s017","m0",0.306427191290171,0.139865011509357,-0.730924480527022,-1.4068795105313
698,8052,"s017","m0",0.255063470650202,0.030204744597791,-1.01258199894099,-2.19321466987106
699,8063,"s017","m0",0.190243803309978,-0.030336861689199,-0.950086317944585,-0.81709358924268
700,8099,"s017","m0",0.227124799789527,0.0587352347949169,-0.895664392661865,-0.801703742316437
701,8103,"s017","m0",0.297170661568324,0.0851687751953511,-0.878863467838431,-1.69732184023819
702,8108,"s017","m0",0.215523916167191,0.0599927067298976,-0.825516825048776,-0.965911225666359
703,8118,"s017","m0",0.218444737051744,-0.0660976048395338,-1.10306484343782,-1.88625361290177
704,8119,"s017","m0",0.207165573900465,0.0402895243179536,-0.881657534756682,-1.15994639695205
705,8150,"s017","m0",0.202156114947819,-0.00127862335550309,-1.01915429770385,-1.16026591820335
706,8153,"s017","m0",0.233799329662884,0.0256012175541427,-1.05721357681747,-1.74274058213831
707,8160,"s017","m0",0.292426337521021,0.0853580273209264,-0.889811124439758,-1.86947097293795
708,8189,"s017","m0",0.220343025320891,0.104017821828472,-1.01140525679811,-1.99236421338393
709,8209,"s017","m0",0.220196404736761,0.0347300656526046,-0.929256356081386,-2.04187666202099
710,8215,"s017","m0",0.218675173288877,-0.0359811381615899,-1.118372879575,-2.15235080086017
711,8218,"s017","m0",0.198781105926089,0.00706870611414369,-1.03282473644485,-1.2404496071787
712,8263,"s017","m0",0.2229724891206,0.0228434092190521,-0.837133282502565,-1.05653468176923
713,8279,"s017","m0",0.155094274465358,-0.07106494942143,-1.09424383310418,-0.641644815902926
714,8284,"s017","m0",0.231388643812769,-0.0171102905265982,-0.868698425473514,-1.54692477689858
715,8300,"s017","m0",0.203745554774864,0.000360599159251824,-0.842492482247302,-2.13746462576939
716,8313,"s017","m0",0.240021836285149,0.130611880198668,-1.16717408400958,-1.46315049358024
717,8337,"s017","m0",0.229660325018151,-0.0211521372287831,-0.952893666952235,-1.61044761768146
718,8338,"s017","m0",0.220505222687575,-0.105573997569856,-1.09056531051036,-1.37059515386188
719,8339,"s017","m0",0.202002594495337,0.0423211692807948,-0.918233787305766,-1.15265472184817
720,8349,"s017","m0",0.235083643529863,0.0368495683347023,-1.01050935715186,-1.63286093624264
721,8352,"s017","m0",0.244722342158543,0.120119444017623,-0.727889010089774,-2.09006453710043
722,8355,"s017","m0",0.276538075060943,0.114302985606836,-1.06730690725973,-2.54801845692496
723,8376,"s017","m0",0.29265610436325,0.151221240989999,-1.05933057225706,-2.93102210501953
724,8377,"s017","m0",0.249215851202395,0.030614587854225,-1.07449296524526,-1.49277840606168
725,8382,"s017","m0",0.311940651845468,0.135141356549689,-0.734913441090059,-1.64367655844749
726,8399,"s017","m0",0.230874669075253,0.0711937819235219,-1.18557240285736,-2.31651356167486
727,8402,"s017","m0",0.247488077924544,0.0737511334899201,-1.30255154106781,-2.05602788180373
728,8406,"s017","m0",0.258637394546977,0.0831330853328976,-0.822391726862461,-1.86200700798566
729,8415,"s017","m0",0.311649604291787,0.10678320909379,-1.03218489899903,-2.68884737116554
730,8426,"s017","m0",0.181178479996642,-0.017747347354544,-1.20780507655563,-1.16426548680397
731,8442,"s017","m0",0.266132800102267,0.0552704735084649,-0.86174036849461,-1.59449277399209
732,8491,"s017","m0",0.255840897456199,0.101903055563552,-0.72052258947609,-1.52575535809701
733,8510,"s017","m0",0.230273090610525,0.0135802574931947,-0.788587735946849,-1.07927408719033
734,8512,"s017","m0",0.162930506277777,-0.0627428491478802,-1.00065380259256,-1.10974410315078
735,8542,"s017","m0",0.278359096979981,0.0727713551475112,-0.979738379658224,-3.38197206895748
736,8563,"s017","m0",0.284676628542633,0.0942199113368673,-0.876009602609077,-1.69376611493913
737,8580,"s017","m0",0.229301984154159,0.0168899226310248,-1.10476932662264,-1.87756610047745
738,8585,"s017","m0",0.230665814374575,0.0316180882330493,-0.927357572064833,-2.59482740323674
739,8595,"s017","m0",0.291173814246479,0.0958075454899451,-1.02380984784546,-2.41191961180862
740,8606,"s017","m0",0.197369404692796,0.0687995154137049,-1.1337378037265,-1.23063963097061
741,8614,"s017","m0",0.24502749349902,0.0328526282459735,-0.980844523428758,-1.78328675260847
742,8644,"s017","m0",0.231645104089407,0.0563194690814474,-0.868800042446566,-1.37033172545853
743,8655,"s017","m0",0.268884853606435,-0.0006773735005191,-0.763267110496545,-2.06570506435918
744,8664,"s017","m0",0.215188323597297,-0.0668313400767892,-0.980793923722201,-1.64239608041501
745,8670,"s017","m0",0.223045030214129,0.0367394944144826,-0.956451622515308,-1.87419713028071
746,8671,"s017","m0",0.273486374535613,-0.03758651239984,-0.836591274228457,-3.21439067796554
747,8684,"s017","m0",0.27235804368841,0.0914747943014657,-0.816824469067591,-2.58265326909645
748,8695,"s017","m0",0.254194605227065,-0.0493072632577134,-1.0923909793604,-2.53359590592235
749,8713,"s017","m0",0.162556970501605,-0.0426253920451161,-1.07975829678878,-1.57947230538699
750,8724,"s017","m0",0.28817970133489,0.046433068341997,-1.03680900233884,-3.16814886107296
751,8743,"s017","m0",0.244203578614059,-0.0875435970967939,-1.06495627019769,-2.20040345283654
752,8759,"s017","m0",0.210566834758267,0.0230788853673548,-1.27561842738067,-1.4605125007436
753,8774,"s017","m0",0.273777138140878,0.0635485266382476,-0.779566689494122,-2.11613213965734
754,8776,"s017","m0",0.28968934080161,0.0569837674502422,-0.740768599066993,-1.38822970733033
755,8781,"s017","m0",0.286488153403485,0.101557150902677,-0.743209760382349,-2.57227374856117
756,8803,"s017","m0",0.26233061308544,0.189461039632605,-0.838371642859619,-2.01141572781905
757,8822,"s017","m0",0.232259735284414,0.0383016786762827,-1.1667517082007,-2.17164140928649
758,8831,"s017","m0",0.147829229854847,-0.0472609545019799,-1.10391344937163,-0.774624638364851
759,8845,"s017","m0",0.225282051806209,-0.0463854974845469,-0.929218979732899,-2.98638994876044
760,8883,"s017","m0",0.253490627612899,0.0172452635010727,-0.853435993078558,-1.72980811088705
761,8918,"s017","m0",0.19865854727121,-0.00328808971479857,-0.947663261582089,-1.11105321294081
762,8942,"s017","m0",0.231168843105414,0.0111817987218455,-0.816727924659262,-1.9920493557541
763,8951,"s017","m0",0.26997562128522,0.072678397127048,-0.58917982952736,-2.20853800288833
764,8952,"s017","m0",0.241055071865845,0.08291229848349,-1.00429945811858,-1.6169477560151
765,8964,"s017","m0",0.277967130700181,0.106337178655557,-1.08422862867995,-1.67209161777165
766,8967,"s017","m0",0.279755599880017,0.157724766522385,-0.88409634066737,-3.70059789065185
767,8970,"s017","m0",0.177851604074104,-0.141830241110843,-1.02076411307206,-2.05483744439445
768,8971,"s017","m0",0.23016288877138,0.0590217619044847,-0.74112069085592,-1.00742316346221
769,8983,"s017","m0",0.203506449627474,-0.0839988131587065,-1.25253329019746,-1.2814902206155
770,8985,"s017","m0",0.262329239337685,0.100669197692463,-0.704137423877461,-2.32212793233812
771,8987,"s017","m0",0.193610494917544,-0.013129391938542,-0.903005019248748,-0.711760192641095
772,8997,"s017","m0",0.308867310869699,0.249159786315054,-0.965058672238093,-3.32621077185003
773,8998,"s017","m0",0.29945538545307,0.0554268760849988,-0.617667489772315,-1.95800350879379
774,9002,"s017","m0",0.289557536051986,0.17042466980514,-0.815344117663074,-2.31891586838444
775,9022,"s017","m0",0.285897773835101,0.168741035770007,-0.871037657164825,-2.61121622243981
776,9024,"s017","m0",0.194513356287943,-0.0216903759912938,-0.948913666564357,-1.2459616437952
777,9045,"s017","m0",0.180223583220474,-0.0979502109132157,-1.42463087577279,-1.3283064681621
778,9093,"s017","m0",0.205377675447315,-0.0219846845890723,-1.29997436396245,-1.42935703771127
779,9099,"s017","m0",0.275869205156372,0.162172742014287,-0.922265342899129,-1.79627643230615
780,9125,"s017","m0",0.246333322124994,0.0061810282687755,-0.913536643142121,-1.31652341210529
781,9160,"s017","m0",0.213221773556561,0.0595785085739389,-0.85592907780636,-1.45439497191481
782,9162,"s017","m0",0.249821343378628,0.128026571374709,-0.836283746141847,-1.7690848946113
783,9185,"s017","m0",0.313226688066104,0.124334439228894,-0.846397877151854,-2.07045917926372
784,9187,"s017","m0",0.225240046409111,-0.126978691484417,-0.86816287665837,-2.09980154273734
785,9201,"s017","m0",0.200411728966441,0.0227612535334424,-0.928193217608309,-2.02468568537647
786,9228,"s017","m0",0.205910554542685,-0.0509375023726688,-1.04303451066583,-2.18965874334725
787,9234,"s017","m0",0.283057355604513,0.0743692969197367,-0.918831916245907,-1.93668281459176
788,9248,"s017","m0",0.198609027039968,-0.0802236932441156,-1.21130766444904,-1.22880692050511
789,9249,"s017","m0",0.209711291564399,-0.102874494316656,-0.763719352700588,-2.40604582984291
790,9257,"s017","m0",0.216466501390266,0.0350587511205896,-1.01711975026362,-0.958473591293071
791,9272,"s017","m0",0.283857013843069,0.12832131915129,-0.841401986946704,-2.79415470442771
792,9280,"s017","m0",0.243411016582887,0.044014686563215,-0.877317412167128,-2.90682244551876
793,9286,"s017","m0",0.313361342873418,0.108939031435679,-0.901521235548386,-2.76242916941858
794,9297,"s017","m0",0.222775438639295,-0.0358125039236191,-0.894027694083147,-1.21692474334902
795,9308,"s017","m0",0.267302887535038,0.111369549918298,-0.956210614168932,-2.18984837299484
796,9321,"s017","m0",0.239963530030565,0.14589366316142,-0.751635893042522,-1.19583267300672
797,9322,"s017","m0",0.170918176389706,-0.0481789039572202,-1.28102268888773,-0.621233799366876
798,9327,"s017","m0",0.263747957178661,0.151144801339693,-0.787575491694223,-1.57416272237182
799,9340,"s017","m0",0.243104482550135,0.1007795428717,-1.07913791251927,-1.27660845367286
800,9345,"s017","m0",0.281871090459067,0.074308869425243,-0.722191549107924,-2.40605018974668
801,9372,"s017","m0",0.303198894157843,0.217831054786945,-0.52533311169162,-2.03872892269094
802,9419,"s017","m0",0.25189001191106,0.103556294082545,-0.846181276598267,-1.19375742467331
803,9423,"s017","m0",0.254181471803928,0.0439908440149915,-1.04138928181158,-1.67658811501476
804,9437,"s017","m0",0.224760447462217,0.0520652843888211,-1.08324485166522,-1.36146565306875
805,9456,"s017","m0",0.250517634913867,0.0366309377891858,-0.82166992663773,-2.09757377913631
806,9460,"s017","m0",0.277063657913845,0.0447711022983783,-0.762334787101034,-2.56260629181859
807,9467,"s017","m0",0.309505384807235,0.155190959021625,-0.8560623721204,-2.94297681882192
808,9476,"s017","m0",0.265483388479581,0.0712525542326019,-0.953605122033176,-1.31855692015877
809,9497,"s017","m0",0.245772511997982,0.0225300364997525,-1.3619683158948,-2.64750071918029
810,9507,"s017","m0",0.254052387292482,0.0367845512945551,-0.964376243686604,-1.81441041871898
811,9512,"s017","m0",0.23107755008478,-0.049901410854259,-0.788504713373329,-1.69848728969079
812,9518,"s017","m0",0.24651301217394,0.0152637671662802,-0.670807091389707,-2.17898984360369
813,9522,"s017","m0",0.281418067987154,0.0974247661006449,-0.901373845228621,-1.83860587728646
814,9530,"s017","m0",0.166958762402867,-0.0566332454163492,-1.63673957362602,-1.19341190681993
815,9533,"s017","m0",0.238692427430671,0.063426231153028,-0.906292700957797,-2.30409148265312
816,9539,"s017","m0",0.259892731490454,-0.0497161223946838,-0.912352235757562,-2.64515361576529
817,9546,"s017","m0",0.228322205738277,0.0175788070108542,-0.778259059936471,-2.42808572527535
818,9566,"s017","m0",0.206266999339017,-0.0615088208640128,-1.23150655523763,-1.92222642697069
819,9578,"s017","m0",0.243904433326416,-0.016197813201138,-1.03177716126224,-2.04840110581558
820,9609,"s017","m0",0.247355928382847,0.100707080781764,-1.33464043314305,-1.79341082985839
821,9611,"s017","m0",0.264009819163119,-0.0357668448655775,-0.842565176053278,-1.75223380773208
822,9614,"s017","m0",0.220339678056563,-0.0135777837390029,-0.990965105720388,-0.939317705552607
823,9615,"s017","m0",0.265262919772503,0.0450094824692347,-0.833930065569578,-1.42206052122758
824,9618,"s017","m0",0.233522787372921,0.0427548391017316,-1.02236366183387,-2.12124346677523
825,9639,"s017","m0",0.276574598652706,0.0472234604966257,-0.77307935319968,-3.00899146848978
826,9653,"s017","m0",0.234454462625754,-0.0590875718089576,-0.827006155105545,-1.81013232929647
827,9654,"s017","m0",0.281905239497996,0.0641995082556924,-0.715413182564271,-1.77364012320031
828,9666,"s017","m0",0.163729634696272,-0.0998302274871384,-1.13340880725928,-1.24227892700811
829,9681,"s017","m0",0.259585980965755,0.00436834824080231,-0.769352224775406,-2.12424317200625
830,9683,"s017","m0",0.264159830251434,0.0492368310140209,-0.924136467927706,-2.20861188102587
831,9717,"s017","m0",0.187695225200467,-0.0570956664376278,-0.876833723392532,-1.22670457900011
832,9719,"s017","m0",0.227025410356719,0.00799193103844418,-0.893663523183488,-1.62850884674524
833,9784,"s017","m0",0.302619734560638,0.136584656149334,-0.776542185639863,-2.41607731950553
834,9849,"s017","m0",0.240354063388871,-0.0867297154391127,-0.783895532740961,-1.68369685773657
835,9858,"s017","m0",0.229944663801347,-0.0195554274908145,-0.783394123569664,-0.79162247343964
836,9865,"s017","m0",0.290627197549439,0.0576693006322538,-0.786815562167925,-2.45165839647892
837,9868,"s017","m0",0.222096128476096,0.0417976474040026,-0.737637385021318,-1.25953497035353
838,9880,"s017","m0",0.321528746664123,0.230075200788328,-0.548048746128624,-2.18329752558811
839,9906,"s017","m0",0.297097979579494,0.144918298484221,-0.906459833667668,-1.86398142565992
840,9907,"s017","m0",0.265751155751458,0.117245282858683,-1.17236322620501,-1.55308099382752
841,9909,"s017","m0",0.243354461562304,0.065653256942876,-1.01468907824055,-2.00389333496142
842,9916,"s017","m0",0.27140533727279,0.0202489254975138,-0.863233525897544,-1.70864031630918
843,9922,"s017","m0",0.199031359527585,-0.00115113554377078,-1.03839152834884,-1.40802357887681
844,9923,"s017","m0",0.195871950624653,-0.00420689865929183,-1.04957564073834,-1.076289787651
845,9924,"s017","m0",0.261638131504869,0.0913683577212842,-0.825811578766679,-1.80518092616678
846,9938,"s017","m0",0.308012254116689,0.0198529673869605,-1.02040243225671,-3.08633286711657
847,9939,"s017","m0",0.20672583935969,-0.0406055429566754,-1.20002759844265,-0.962419645930573
848,9962,"s017","m0",0.236126902448525,0.00218560394811513,-0.874347649698825,-2.2016319884517
849,9965,"s017","m0",0.193450958708224,-0.0464030854287941,-0.915937682231945,-1.39095388011227
850,9979,"s017","m0",0.203997131042524,0.0739805627422206,-0.990658998386173,-1.48595946677859
851,9980,"s017","m0",0.218064315896402,-0.0399435626752715,-0.746661646015769,-1.64413723820544
852,9986,"s017","m0",0.221530704956054,0.0345757511447287,-0.850152840469523,-1.08686451978411
853,10001,"s017","m0",0.233145596275135,0.0574418592750305,-0.99022198097055,-1.17461598620978
854,10002,"s017","m0",0.232102947373736,-0.0316443521135815,-0.947375898353645,-1.80007475782979
855,10007,"s017","m0",0.271751028504996,0.143282786524204,-1.28616338275423,-2.12602907051948
856,10011,"s017","m0",0.250926935281839,-0.0255782737723134,-0.957180368629277,-2.13152917058325
857,10014,"s017","m0",0.237184261864681,0.0186704226591279,-0.813400744448231,-1.62638469617659
858,10018,"s017","m0",0.19730860948762,-0.0861565426332594,-1.04694301651965,-1.08940288580698
859,10041,"s017","m0",0.191590067142846,0.00800725602127711,-0.735851210885331,-0.903469904358889
860,10043,"s017","m0",0.285971465171586,0.0389269937588385,-0.787227412646093,-3.32199556718652
861,10053,"s017","m0",0.253585513474316,0.0932254670516089,-0.752166819146995,-1.19264135034988
862,10061,"s017","m0",0.252622094475637,-0.026262947288731,-1.09275098901225,-1.81322943699735
863,10095,"s017","m0",0.214319646606346,0.0171046986356354,-0.828838931609135,-1.62154921257789
864,10096,"s017","m0",0.247921358650976,-0.0158528194155177,-0.753952529525717,-1.97151154741221
865,10105,"s017","m0",0.17074987328464,-0.0685844053504263,-1.21528056388342,-1.63616319228831
866,10114,"s017","m0",0.30167375574984,0.108107389135992,-0.762153486129852,-2.40026856955377
867,10155,"s017","m0",0.316496349763709,0.162479725943277,-0.610218807864659,-2.1681061376177
868,10169,"s017","m0",0.231124494112561,-0.0146280068786973,-0.906408287624759,-1.46792203505412
869,10176,"s017","m0",0.227522257968495,0.0858911849978632,-0.887632679458485,-0.926312831265338
870,10195,"s017","m0",0.193640380404702,-0.0645935388293269,-0.972815153243318,-1.36744338373326
871,10222,"s017","m0",0.251374150509911,-0.0979461571021993,-0.805940990855814,-1.97222492881963
872,10228,"s017","m0",0.273091361425709,-0.0200986437681818,-0.92325996787166,-2.86776826260512
873,10242,"s017","m0",0.279791023282425,0.119994516449491,-0.917745977806934,-1.65106319620644
874,10274,"s017","m0",0.308965886086085,0.063553391496121,-0.71624993901692,-3.84261400149162
875,10280,"s017","m0",0.287424704691015,0.0704033237616655,-0.793934218661013,-1.67334264974425
876,10283,"s017","m0",0.31935589578057,0.165890566116721,-0.849989625811254,-2.30574399272464
877,10285,"s017","m0",0.346583623666958,0.158140600647089,-0.501721215416467,-2.18522893334152
878,10289,"s017","m0",0.253837752072761,-0.0697306712389569,-0.792263665143583,-1.99556235799845
879,10290,"s017","m0",0.248459132231656,0.0533334019945506,-1.15648674483535,-1.63464766020578
880,10291,"s017","m0",0.261637378467268,0.043004581904231,-0.59309324959139,-2.37877300862383
881,10322,"s017","m0",0.167712382937562,-0.0714563052327685,-0.844546525066039,-1.25779820116338
882,10329,"s017","m0",0.252857871788008,0.0692923028409181,-0.872947337039114,-1.856589726074
883,10341,"s017","m0",0.343856405446614,0.202029435994591,-0.784226189611871,-2.07496212478946
884,10344,"s017","m0",0.290453198265472,0.0552211545228056,-0.845819385811641,-2.28032634801971
885,10352,"s017","m0",0.185523070416339,-0.0360754228337726,-0.986545122111085,-0.948948350956313
886,10354,"s017","m0",0.21792704100879,-0.0527871619678321,-1.2498529892401,-2.13452256679504
887,10364,"s017","m0",0.200800938721638,-0.0484404259852561,-1.16672209459922,-1.03939001107842
888,10370,"s017","m0",0.243298237637679,0.136376962224396,-0.78149950899825,-1.53601650947419
889,10378,"s017","m0",0.295445398978973,0.097174123285321,-0.85262616912554,-2.41953312669827
890,10405,"s017","m0",0.267285103603615,0.126274212213805,-0.675563643154104,-1.68717265859615
891,10408,"s017","m0",0.27261250761941,0.026994022749743,-0.873698140106404,-1.60128592575851
892,10410,"s017","m0",0.220979857769626,-0.0210424457426615,-1.01059856993912,-1.8756328716649
893,10422,"s017","m0",0.245742836188963,0.0357142374203024,-0.467660344106112,-1.68835782242561
894,10427,"s017","m0",0.249821252039598,-0.153810664780124,-0.893340309394178,-2.04603894053904
895,10441,"s017","m0",0.21772363771317,0.0443586706555321,-1.14287067846946,-2.20490297177557
896,10450,"s017","m0",0.201183107768513,-0.126129290972847,-0.978558292704385,-1.01405112989076
897,10466,"s017","m0",0.279149298760585,0.0152213054085605,-1.03361869723201,-2.53906488243234
898,10485,"s017","m0",0.251752387483537,-0.00794585790336806,-0.972731658313042,-1.89415045489953
899,10494,"s017","m0",0.230927796782029,0.0659313132544657,-0.801980200683162,-2.08207727032526
900,10522,"s017","m0",0.250690609841897,0.118195919686867,-0.792684047787452,-1.42233728161064
901,10554,"s017","m0",0.290468104360593,0.0498684104300019,-0.886191171137399,-2.43531093692816
902,10592,"s017","m0",0.29022872164801,0.021821672666274,-0.674686903838208,-2.63245782643527
903,10621,"s017","m0",0.304766288868045,0.13332129116642,-0.840105396199461,-2.09522932992291
904,10626,"s017","m0",0.205410998064961,0.0973476517703448,-0.990458197931128,-1.72844655468404
905,10630,"s017","m0",0.263842079878203,-0.0270214284630237,-0.930964490644773,-2.50078218783209
906,10637,"s017","m0",0.292451347521038,0.16467571192597,-0.872442888619355,-3.09877739440934
907,10639,"s017","m0",0.201146001750971,-0.0287102538368932,-0.908205707363444,-1.03572726612771
908,10645,"s017","m0",0.194761322303537,-0.0444699893730449,-1.19047383212426,-0.632971235657869
909,10655,"s017","m0",0.250004128105152,0.114758606657563,-1.11214350707211,-1.43184682366945
910,10681,"s017","m0",0.220844053122954,-0.0313346472626802,-1.23865496076098,-1.9579337979898
911,10683,"s017","m0",0.158868123997567,-0.152552311428394,-0.98005175018724,-1.40954992079836
912,10699,"s017","m0",0.174325078923761,-0.119516194016198,-1.18944585252271,-1.52419104345549
913,10725,"s017","m0",0.215307820691003,0.0231538951440457,-0.938560633982462,-1.79198602893156
914,10726,"s017","m0",0.239615752362024,0.141031159943431,-0.966858285403758,-1.53651281063649
915,10731,"s017","m0",0.28496186621438,0.162268275947589,-0.705822357946466,-1.77821328810169
916,10738,"s017","m0",0.283780449235795,0.0226085794028713,-0.941307404912375,-1.56763699156864
917,10740,"s017","m0",0.255853038806837,-0.0838195194376138,-1.21214992277956,-2.35424150408321
918,10742,"s017","m0",0.267597183418426,0.0212655461416849,-1.00613847505073,-2.02495850802535
919,10748,"s017","m0",0.23201745023857,0.0425424639178172,-1.00952695752843,-1.84047097197546
920,10793,"s017","m0",0.236828103584549,0.0454521073532787,-1.06377181935257,-1.34365904059795
921,10808,"s017","m0",0.226630771500292,-0.083713178063902,-1.0627850356375,-1.59195626038178
922,10834,"s017","m0",0.276989919233073,-0.0197676324093692,-0.831226812303595,-2.71515395142368
923,10846,"s017","m0",0.270015266770695,0.138453762206819,-0.77547854795884,-2.47067215619772
924,10853,"s017","m0",0.251615763149916,0.113590997993867,-0.895477348332915,-1.73944759088178
925,10868,"s017","m0",0.254736724481068,-0.0139059908312292,-0.777967600632566,-1.92488533988714
926,10893,"s017","m0",0.175040658070991,0.0315701333725387,-0.7883228088421,-1.21069392020952
927,10897,"s017","m0",0.220294037045558,-0.0655319862839686,-1.34394038199647,-3.14135671297808
928,10900,"s017","m0",0.245653303905009,0.0389436338511275,-0.98828097597612,-1.57469264261182
929,10913,"s017","m0",0.283667634496382,0.0989014720802237,-0.804417155373599,-1.70880606663545
930,10931,"s017","m0",0.22100819198131,0.00961521800047306,-1.61256899181246,-1.51774311379865
931,10963,"s017","m0",0.253616863134588,0.129662044942273,-1.31167608255699,-2.11658355837214
932,10981,"s017","m0",0.176793729621368,-0.146243003317511,-1.39054086678613,-1.67670456079417
933,10984,"s017","m0",0.224583309420828,0.00508167393711116,-0.807984257757946,-1.52894181404074
934,10986,"s017","m0",0.208109502744618,0.00931824964324803,-0.906240493238218,-1.44756560161348
935,10996,"s017","m0",0.210264076931014,0.00959675789787225,-0.953509882923992,-1.01485463702635
936,10997,"s017","m0",0.247454930557601,0.0273991603497865,-0.693224225677991,-3.14051208633096
937,11015,"s017","m0",0.29392701624891,0.0333347102748312,-0.856741206988689,-1.82582068806972
938,11020,"s017","m0",0.246317010093899,0.121765568566708,-0.853360432145258,-2.60863602632743
939,11025,"s017","m0",0.249377408059801,0.0377184784427553,-1.06664373984396,-1.79784773228168
940,11033,"s017","m0",0.268060174277562,0.0690731684360656,-0.816729183587341,-1.27740612840796
941,11037,"s017","m0",0.234094248061453,0.0626437458263261,-1.18386501531469,-1.13080364321831
942,11042,"s017","m0",0.169946962257035,-0.0828974099246881,-1.30565826661298,-0.572245976007599
943,11064,"s017","m0",0.25876262963451,0.108299818480168,-0.800728277651064,-1.59526316753888
944,11068,"s017","m0",0.238856348167648,0.0435202023073999,-1.00946313257771,-1.69785015704181
945,11082,"s017","m0",0.229559753998695,-0.0016721049639996,-0.972995885790029,-1.48989447541087
946,11088,"s017","m0",0.262599093659846,-0.056010185711075,-0.699883509830912,-3.83303435982153
947,11109,"s017","m0",0.260685581044373,-0.0385430162162683,-0.754644142250662,-2.6436531926347
948,11134,"s017","m0",0.25737996200675,0.0619088980588789,-1.18073469440117,-3.1844087404661
949,11151,"s017","m0",0.298774131389573,0.068600239794181,-0.835721738653024,-2.59470475849636
950,11154,"s017","m0",0.258202434012725,0.079121442238967,-1.02054214059779,-1.31728605671449
951,11155,"s017","m0",0.258890033028153,0.0273882284638856,-0.92261692662708,-1.3895586681513
952,11156,"s017","m0",0.296656210726428,0.115496483030837,-0.990177607330095,-1.92077340980597
953,11167,"s017","m0",0.232657231786211,0.0581946180185151,-1.11917003060051,-1.53218733777518
954,11179,"s017","m0",0.279456114173607,-0.0224702550938525,-0.983726161134921,-2.06462972772657
955,11180,"s017","m0",0.248568330258397,0.124493581235216,-0.878217471485343,-2.97888241835417
956,11181,"s017","m0",0.193123126556003,-0.0658550095507263,-0.991955902738591,-1.17241540298764
957,11219,"s017","m0",0.150307141845367,0.0470217565386595,-1.03093751734452,-1.12499792711413
958,11224,"s017","m0",0.285054060618551,0.102374297057277,-1.18096899320169,-2.37830702338057
959,11234,"s017","m0",0.18111826127828,-0.0111535597912584,-0.98311134440305,-0.908830523781905
960,11235,"s017","m0",0.251784374498214,0.00862000271234304,-0.881833743905746,-3.01486879784671
961,11256,"s017","m0",0.275769443695955,0.121617066003624,-0.935715713377282,-2.52841964652953
962,11269,"s017","m0",0.148405448318856,-0.0617226582881862,-1.29573284982379,-1.32371061521602
963,11311,"s017","m0",0.254038641422231,0.0981808048293553,-1.14178899689456,-1.58074522034205
964,11315,"s017","m0",0.216506500060064,0.0996752399347888,-1.23761628120144,-2.18789872005213
965,11361,"s017","m0",0.204592409158077,-0.018708516063757,-1.12657225675687,-1.14761771345802
966,11374,"s017","m0",0.267623007567667,0.0386591824261161,-0.85461707712047,-1.8166841681196
967,11382,"s017","m0",0.266078905707274,0.110359314402408,-0.612883601740724,-1.68319634596708
968,11383,"s017","m0",0.197610331247628,-0.117302540462285,-0.69763558221744,-0.797337245458072
969,11419,"s017","m0",0.294857239230417,0.055439003843902,-0.820172410747841,-2.25676321459755
970,11420,"s017","m0",0.260009974104797,0.024210711693092,-0.903550725325302,-2.10984675922076
971,11439,"s017","m0",0.243306658883215,0.0228874856249596,-0.789751828464184,-3.95671068202798
972,11440,"s017","m0",0.284026177545207,0.0493606812203784,-1.06852958231973,-2.78570349164956
973,11448,"s017","m0",0.268458830852171,0.0049893151759218,-0.977695396957502,-1.89988123882147
974,11451,"s017","m0",0.267558522689427,0.0788719967610679,-0.811854340609316,-1.42901826244514
975,11452,"s017","m0",0.225937622661856,-0.043632912914627,-0.819321675357579,-1.46436452132833
976,11463,"s017","m0",0.230837999562741,-0.0384042481643507,-0.993213796636492,-1.23571369938728
977,11465,"s017","m0",0.239382078989569,0.0448997304254891,-0.957595403118675,-1.52246098253269
978,11472,"s017","m0",0.257481946889908,0.0367154864749739,-0.860822167232371,-1.93002602304612
979,11474,"s017","m0",0.294729056041575,0.0921571420567472,-0.827634064319855,-1.47404173556266
980,11480,"s017","m0",0.242851898714402,0.0227381374825217,-0.97883153700529,-2.22595367954471
981,11483,"s017","m0",0.263870527332858,0.0128595786207846,-0.817119730037198,-2.94224368276976
982,11489,"s017","m0",0.281318291635911,0.19521173503353,-0.857977575669461,-1.7958643950893
983,11495,"s017","m0",0.266179580205828,-0.00183824313512704,-0.983261114105667,-2.37069188666261
984,11496,"s017","m0",0.22390871900567,-0.00428943218519862,-0.775052874243398,-1.41107583236026
985,11503,"s017","m0",0.247524553656604,-0.0189532050457292,-0.780916470943039,-1.60346145027934
986,11509,"s017","m0",0.205008245350412,-0.0510158456139813,-0.808822661290717,-2.00483060688788
987,11524,"s017","m0",0.18505583171433,-0.0399134532664357,-1.13982339490933,-1.2248621376421
988,11534,"s017","m0",0.161800808668585,0.0488371794320561,-0.980809093448288,-0.694512188760537
989,11578,"s017","m0",0.280661828553463,0.0829015147887696,-0.691613782319614,-2.18240874244856
990,11579,"s017","m0",0.23439339737297,0.0341301511751629,-0.951958305750194,-1.4869993115747
991,11593,"s017","m0",0.298308500056931,0.188854584121496,-0.872385936714577,-2.76215912890816
992,11600,"s017","m0",0.305237575258951,0.0985705450837566,-0.701046999938196,-2.5174973746665
993,11601,"s017","m0",0.282993261588502,0.083598711421608,-0.74331495509921,-1.68363232600432
994,11610,"s017","m0",0.187031818264091,-0.0181739136898719,-1.121094238223,-1.55373134476716
995,11616,"s017","m0",0.144404244265764,-0.105540987527751,-0.88940264914859,-0.855685694228214
996,11645,"s017","m0",0.215115558637712,-0.00127971490408366,-0.888831686706791,-1.40710317818211
997,11653,"s017","m0",0.215694113196304,-0.0288275775466833,-0.812272398440107,-1.62679128690681
998,11665,"s017","m0",0.282736610606051,0.0439849066767974,-0.908423383862839,-2.09799605893597
999,11666,"s017","m0",0.20322176934022,-0.0353209530600083,-0.914697213095958,-1.01787346690404
1000,11673,"s017","m0",0.28241660054819,0.0951776760139748,-0.840151318631875,-1.76896794912394
1001,11705,"s017","m0",0.205235706463247,-0.0299407907654547,-0.900561096275413,-1.80954946877026
1002,11719,"s017","m0",0.246670935870084,-0.0707802530041729,-1.03444516458113,-2.3226469132287
1003,11720,"s017","m0",0.228979241898071,-0.0393170252675234,-0.969877468868452,-1.76340438888105
1004,11723,"s017","m0",0.248694395973642,0.0583755621365481,-0.869581796399925,-1.54607021889878
1005,11726,"s017","m0",0.234591298789801,0.0398102815226454,-0.996624375856921,-2.01958456258615
1006,11738,"s017","m0",0.214956193386974,-0.0586231669564208,-0.940504759841393,-1.85349412326709
1007,11750,"s017","m0",0.22040887422998,-0.0134512486711803,-1.15365309275643,-2.55370238736718
1008,11771,"s017","m0",0.269812644914014,0.0780558885315191,-0.970721996304546,-1.94164240879952
1009,11772,"s017","m0",0.298048467551435,0.105896048106822,-0.809539027112505,-2.09477511214025
1010,11776,"s017","m0",0.200489847145244,-0.0278851027994442,-0.771398380779565,-1.27699342754621
1011,11781,"s017","m0",0.26747134381117,0.0524604559502339,-0.519060658924251,-2.44043256475062
1012,11796,"s017","m0",0.189261188697102,-0.113679841689815,-0.958260673394133,-1.20419212902037
1013,11799,"s017","m0",0.278140536734661,0.112104962086067,-0.985223584268314,-2.3304277681587
1014,11807,"s017","m0",0.28271010089264,0.0762636186643079,-0.995351406784412,-2.34335477196542
1015,11822,"s017","m0",0.213254812022556,0.0156789271326106,-1.03518231501543,-1.31913956861722
1016,11833,"s017","m0",0.18514212616512,-0.230919044639136,-1.12202673974664,-1.12394180829472
1017,11842,"s017","m0",0.252190641819578,0.0728165784304323,-1.08365474008965,-1.75638819540855
1018,11846,"s017","m0",0.144734862441558,-0.117091234292093,-1.61401232939962,-0.799411788689007
1019,11863,"s017","m0",0.24908838465255,-0.0358517975526248,-0.831348798159224,-1.76615822769423
1020,11868,"s017","m0",0.26678172062336,0.0866933611210194,-0.671523220282548,-2.21376402512428
1021,11870,"s017","m0",0.246298884442664,0.137764094256551,-0.740851256992031,-1.41254259973652
1022,11872,"s017","m0",0.192746201225479,-0.0437303094558976,-1.03413946041327,-2.13992598091801
1023,11878,"s017","m0",0.236111922555795,-0.0558046250868695,-0.80275945742299,-1.7319051907966
1024,11890,"s017","m0",0.242054468319181,-0.0521858308344234,-0.949164073771009,-2.15539952979075
1025,11891,"s017","m0",0.268992612493071,0.0498464656466614,-1.31400533121007,-1.88428642940473
1026,11904,"s017","m0",0.177173526043953,0.00888597961655187,-1.11485734719698,-1.26698217426053
1027,11907,"s017","m0",0.243353064169183,0.0704896286153939,-0.855643191925836,-1.56476592946367
1028,11913,"s017","m0",0.159902732515768,-0.120315218745054,-1.58660288307838,-1.09591654375333
1029,11916,"s017","m0",0.269026848576439,0.0531824545895527,-1.00665171769045,-2.41351055096201
1030,11940,"s017","m0",0.29102577250666,0.035855265503405,-0.638154993643342,-1.47775780162867
1031,11948,"s017","m0",0.166482443551678,-0.000959704405072097,-1.28848996783221,-1.59553749450947
1032,11954,"s017","m0",0.221165861099264,-0.0474737525374297,-1.2031350358961,-1.6416219185957
1033,11974,"s017","m0",0.2508717622001,0.0709925907389745,-0.930907285633003,-1.84128294024237
1034,11985,"s017","m0",0.20450929767296,0.0121280355184213,-1.18240402315035,-1.44797080706731
1035,12005,"s017","m0",0.274897276071037,0.186740208590002,-0.858177547789863,-1.15432103644454
1036,12006,"s017","m0",0.237880907845246,-0.0112584964028979,-1.05435965349233,-2.22379625580584
1037,12010,"s017","m0",0.246387552455694,-0.0224820289561817,-1.18068172405743,-2.94580435530322
1038,12015,"s017","m0",0.253068443813909,0.160114355443623,-1.02507280700841,-1.57663182633226
1039,12030,"s017","m0",0.253924397521225,0.095960417270645,-0.886904325571165,-1.25259522231016
1040,12037,"s017","m0",0.194457110823305,-0.217357742461949,-1.25339766647377,-1.37712865474544
1041,12062,"s017","m0",0.231544257052142,-0.0801419149387411,-0.639596369252267,-1.53746617968915
1042,12068,"s017","m0",0.212767204164116,-0.0286386676180208,-0.967429004334211,-1.28146446710464
1043,12094,"s017","m0",0.293298420981918,0.129788582172863,-1.00226242434448,-3.02350878049666
1044,12095,"s017","m0",0.258799945324508,0.0956885137048865,-1.06963548551179,-2.37374955660534
1045,12097,"s017","m0",0.151054477175442,-0.124232635804352,-1.22931757300199,-1.05236987369246
1046,12101,"s017","m0",0.188294748457252,0.0050546186811665,-1.15995562235812,-1.26373870106868
1047,12135,"s017","m0",0.31179259520819,0.132056099269809,-0.890396858147056,-2.30338448196824
1048,12162,"s017","m0",0.226162194081254,-0.0208239053394503,-0.895718109922033,-1.30211211063661
1049,12163,"s017","m0",0.230144403614017,0.0217926309708836,-0.879809136061268,-2.32289478414689
1050,12164,"s017","m0",0.263276958701665,0.113813828145727,-1.21995516918208,-1.81127205957652
1051,12167,"s017","m0",0.335047453714226,0.128016655640325,-0.594011508501899,-3.85407404467596
1052,12190,"s017","m0",0.245857544257102,-0.0223089340520051,-0.739099987006414,-2.00398133440225
1053,12203,"s017","m0",0.290803504975936,0.131331666732861,-0.884714396171363,-2.58179893012273
1054,12228,"s017","m0",0.2758607918454,-0.0130255934531892,-0.940706720606785,-2.95571973571483
1055,12239,"s017","m0",0.280770977091431,0.0553152394400469,-0.765133589072671,-2.24277519682461
1056,12253,"s017","m0",0.204424783611874,-0.163833299609974,-1.05952710769836,-1.34344650815397
1057,12258,"s017","m0",0.250308100177993,0.0368093988349232,-0.935542978716495,-2.91272939968641
1058,12262,"s017","m0",0.216843288128238,-0.040912146575633,-1.0303188155652,-1.37398051468336
1059,12273,"s017","m0",0.249392261532241,0.0247262080365187,-0.816352334315759,-1.50641815995433
1060,12286,"s017","m0",0.28453626789288,0.0462457046753968,-0.770013875182441,-1.41423195737822
1061,12306,"s017","m0",0.246123825028208,0.0899982301580932,-0.840601264014038,-2.42485595505723
1062,12321,"s017","m0",0.250859326096935,0.0578114245836367,-0.633982806048601,-2.87684535716109
1063,12329,"s017","m0",0.225539315124251,-0.0364384038337763,-1.06472533583954,-1.73454061353319
1064,12332,"s017","m0",0.255926909279029,0.0804650835600559,-0.748467901913986,-2.97395520900743
1065,12368,"s017","m0",0.199291783766632,0.0947950036512248,-1.11298727843294,-0.824819960889506
1066,12372,"s017","m0",0.216636721156433,-0.0509958750546316,-0.96216213338104,-1.52772296430633
1067,12377,"s017","m0",0.211645102801113,0.0272396583636688,-1.02084330003363,-1.82810107387717
1068,12385,"s017","m0",0.274352968515306,0.05728661141234,-0.933234484647625,-2.78627650073637
1069,12386,"s017","m0",0.21566968461488,0.0253224439349619,-0.84237168023965,-0.819632284058157
1070,12394,"s017","m0",0.22003779129365,0.0192610735965509,-1.11372561437042,-1.29244560643004
1071,12396,"s017","m0",0.262871968696402,0.0692339832765632,-0.743902036840464,-2.4181859452877
1072,12404,"s017","m0",0.27237356159424,0.0216365884921806,-0.851077744441085,-1.92139465663645
1073,12415,"s017","m0",0.267198474939588,0.0997659127316456,-0.810111454720022,-2.786666763073
1074,12424,"s017","m0",0.233917042077576,0.015106090874356,-0.945068702679266,-2.55772969228028
1075,12425,"s017","m0",0.19630453531549,-0.0157639453678323,-1.09985098190283,-1.54487860303114
1076,12444,"s017","m0",0.216682569028702,0.033842619976503,-0.853984339979327,-3.06176681604536
1077,12454,"s017","m0",0.249271329356662,0.141999247941448,-0.830733442771711,-1.44249230406363
1078,12466,"s017","m0",0.211145671188311,-0.00361899133025728,-1.00336545353676,-1.67244705932882
1079,12468,"s017","m0",0.253187213331306,0.132344077283049,-0.948155416117605,-1.78211749041217
1080,12489,"s017","m0",0.284005074250174,0.130703256952884,-0.841790523342082,-1.66120126828253
1081,12498,"s017","m0",0.27517687416792,0.0494672747781517,-0.695455235305786,-2.32912640224594
1082,12499,"s017","m0",0.233078713693612,-0.00670436829956894,-1.54411048378414,-2.45340737356586
1083,12506,"s017","m0",0.204129982763101,-0.0180171246874173,-1.11344347065544,-1.84728732304462
1084,12507,"s017","m0",0.267358966434236,0.0759418111285359,-0.734466751966387,-2.26757665287426
1085,12522,"s017","m0",0.279244971323598,0.121564187585464,-0.616689816863936,-2.43314076513264
1086,12530,"s017","m0",0.263999881076943,0.0739859712093336,-1.06599247669248,-2.68165963871937
1087,12534,"s017","m0",0.208875249566208,0.0354595486618157,-1.19000236666593,-1.43409671380623
1088,12571,"s017","m0",0.294662464627608,0.0114184854017385,-0.825816302051594,-3.54520392863752
1089,12598,"s017","m0",0.262730467015838,0.0399484307657072,-0.460738417993435,-1.69086345492963
1090,12607,"s017","m0",0.253238148928342,0.002608110961253,-0.890908976686239,-2.14943461891924
1091,12633,"s017","m0",0.219838728314507,-0.147695863021672,-1.00757509559653,-1.63848655959942
1092,12666,"s017","m0",0.323389916544361,0.161165764311834,-0.862903831291618,-2.06590999893921
1093,12667,"s017","m0",0.238581761786671,0.0533388977306741,-0.837920456036514,-2.39134238813815
1094,12670,"s017","m0",0.259535472911339,-0.0664068574641745,-0.82748589960118,-1.88257075791569
1095,12672,"s017","m0",0.248752287385481,0.0418921197211261,-0.894070995117209,-1.89004920777023
1096,12696,"s017","m0",0.203742724823917,0.00531470680698988,-1.15113963971979,-1.74043639089294
1097,12700,"s017","m0",0.261494991630855,0.0171423299054041,-0.894331054135251,-3.42026967512417
1098,12701,"s017","m0",0.296815528286985,0.112200800538403,-1.00514598922104,-1.63804702143531
1099,12726,"s017","m0",0.183084302495511,-0.0675737583092363,-0.945712836201986,-1.34847556945212
1100,12745,"s017","m0",0.279127247456859,-0.014397549006087,-0.845874830189445,-2.84574357525309
1101,12747,"s017","m0",0.275568548065442,-0.0292328498360463,-0.674301884845908,-1.66876296620603
1102,12753,"s017","m0",0.254346168914056,0.0494183697881619,-0.864979901289922,-2.62696961008718
1103,12764,"s017","m0",0.307024502235668,0.18664014280306,-0.69133978371939,-2.33147251791735
1104,12767,"s017","m0",0.236614845413458,0.0775549278263428,-0.898732548036414,-1.32830756524863
1105,12787,"s017","m0",0.187591882225819,-0.0302284697571409,-1.01318850388019,-1.40475807140291
1106,12796,"s017","m0",0.167938741210024,-0.0840769455694163,-1.14175109659291,-1.12858837720141
1107,12813,"s017","m0",0.192201445159872,-0.0613364130276151,-1.30556390922821,-1.93625229017096
1108,12820,"s017","m0",0.26053366506768,0.104691160506352,-0.987545037531374,-1.87456395286829
1109,12826,"s017","m0",0.245540872635169,0.116993086424217,-1.0253717518233,-1.32157224302102
1110,12837,"s017","m0",0.192293029184668,-0.015685875078543,-1.10107470113485,-1.42566475740993
1111,12849,"s017","m0",0.251044164746719,0.0331849672586476,-0.731253490759881,-2.80027083614237
1112,12852,"s017","m0",0.187684016986663,-0.0711063026780343,-1.03961440238262,-0.848417649805788
1113,12857,"s017","m0",0.201717762223683,-0.0315820411636999,-0.942706487639504,-1.18183884386557
1114,12879,"s017","m0",0.254158035305711,0.112172159493543,-0.943360656342785,-2.09191720574209
1115,12895,"s017","m0",0.299077255018194,0.114700563830086,-0.738924783868795,-1.585438390439
1116,12900,"s017","m0",0.218743157595678,0.0835039181492149,-1.07816492271215,-1.24642051264269
1117,12905,"s017","m0",0.310605304628148,0.0944230584328847,-0.866159368639772,-1.96696204315657
1118,12910,"s017","m0",0.205012461394229,0.0386212565656499,-0.858688778785714,-1.11524878137981
1119,12920,"s017","m0",0.248767659624534,0.0494617923345791,-0.910987789438456,-1.50510634200735
1120,12932,"s017","m0",0.223976788007825,0.0113302887737096,-1.05689649888845,-2.40770411690904
1121,12946,"s017","m0",0.284914069467913,0.107479100093666,-0.925806510152243,-2.61231675116696
1122,12952,"s017","m0",0.216487563740542,0.0940020233819786,-0.991122672251748,-1.25343165832673
1123,12965,"s017","m0",0.292019298306673,0.126713484560581,-0.770412937778304,-2.26404619513791
1124,12975,"s017","m0",0.189385476382101,-0.0932184280929721,-0.913338750165866,-1.61357343692593
1125,12984,"s017","m0",0.222866153139688,-0.0195846896909446,-0.86948233291274,-2.48722986018658
1126,12992,"s017","m0",0.265186228175469,0.0635629673784995,-0.836208507881085,-1.96095423394595
1127,13007,"s017","m0",0.24195330051873,0.100600847630484,-0.840166358334828,-1.33356358111
1128,13018,"s017","m0",0.219837911590616,-0.0510377317966556,-1.16219471962536,-1.84770390757326
1129,13019,"s017","m0",0.299132056145179,0.0643219375825616,-1.09574366714439,-2.80744805334137
1130,13029,"s017","m0",0.237510952464257,-0.00494539125471121,-0.859581015136331,-1.7934523657223
1131,13032,"s017","m0",0.219704694129874,-0.00286179762700601,-0.98164540675169,-2.48564267473341
1132,13037,"s017","m0",0.258842869591495,0.172295191755049,-1.26806990091241,-2.02652227852744
1133,13041,"s017","m0",0.233916615092534,0.0160911622841143,-1.23969418041297,-1.72194866568452
1134,13058,"s017","m0",0.282164891178719,0.0397045174511611,-0.779764301351992,-2.10825854461144
1135,13065,"s017","m0",0.243248873165318,-0.0754168921206198,-0.851608665253562,-1.83017436843937
1136,13075,"s017","m0",0.253364832424346,-0.0205342016069659,-0.829595112142991,-3.43948072033626
1137,13083,"s017","m0",0.259345712553376,0.0404174080305529,-0.854803961300758,-2.64296860900315
1138,13088,"s017","m0",0.213633006637412,0.0145431564915164,-0.995349097908884,-1.07905061403818
1139,13094,"s017","m0",0.278614991245711,0.0761242985692806,-0.970726406478214,-2.21602953000662
1140,13096,"s017","m0",0.256110000652593,-0.0138667118722433,-0.807234826855822,-1.38102820621413
1141,13105,"s017","m0",0.191357665633072,-0.0218221317695729,-1.12009786572955,-1.73515563449398
1142,13106,"s017","m0",0.220898167694375,-0.121533377786312,-0.94347411741923,-1.38828385725082
1143,13121,"s017","m0",0.308071542190597,0.121623002812315,-0.908686826815872,-3.15251369484269
1144,13123,"s017","m0",0.24691558198343,-0.0549233584368773,-0.875713033126885,-2.37131125512949
1145,13137,"s017","m0",0.194489873825998,-0.135694169494129,-0.969001309597243,-1.12583160320413
1146,13138,"s017","m0",0.293739480238048,0.158573514870104,-0.797390347398797,-1.67158054425549
1147,13181,"s017","m0",0.274401009234918,0.0334184624698517,-0.866140949808462,-2.82945782889198
1148,13202,"s017","m0",0.264082468640612,0.0991032184880598,-0.77113353362463,-2.28730019862976
1149,13232,"s017","m0",0.299347866730978,0.083840285284302,-0.806995360484727,-1.55221097316793
1150,13235,"s017","m0",0.270110905524651,0.0227094891295591,-0.777101854979091,-1.56412913188712
1151,13236,"s017","m0",0.205464710770634,0.015384391561187,-0.946592920098364,-1.85962235139824
1152,13248,"s017","m0",0.265933999213935,0.0459594203138383,-0.767880921465924,-1.79936556633356
1153,13254,"s017","m0",0.28861620065174,0.0700551251121611,-0.739249754262042,-2.76960263645224
1154,13260,"s017","m0",0.182497931752233,-0.0475820113850931,-1.26021197399768,-1.44786689809375
1155,13262,"s017","m0",0.267255034000567,0.041990944558228,-1.24892851715246,-2.6203040405611
1156,13270,"s017","m0",0.286890126075917,0.01245698194753,-0.843387859506554,-1.94739443320894
1157,13288,"s017","m0",0.245410382486038,0.0401396014445314,-1.0239412391481,-2.29994433345038
1158,13299,"s017","m0",0.215118002738959,-0.0171910029745487,-1.23558297266799,-1.48156909022171
1159,13326,"s017","m0",0.30608949094401,0.107815702379648,-0.499410846788845,-2.72075424522883
1160,13328,"s017","m0",0.224948088772487,-0.0240642901385896,-1.23908286438271,-1.74117543166286
1161,13329,"s017","m0",0.289629208062413,0.102592842532607,-0.724289306317302,-2.09993545366231
1162,13333,"s017","m0",0.22175376776295,-0.0153156776471492,-0.888396265292687,-1.31712655342283
1163,13348,"s017","m0",0.292757710353752,0.113468957615783,-0.785480975213425,-2.35062248944792
1164,13350,"s017","m0",0.255887895509418,0.0474262900758764,-0.797150461589731,-1.10457469781375
1165,13352,"s017","m0",0.205143985172432,-0.0948657438837372,-0.986411369782219,-1.76360538797499
1166,13353,"s017","m0",0.224838249870061,0.0531188882648826,-0.970148575293131,-1.76354388213597
1167,13375,"s017","m0",0.281749999728533,0.0366857365849596,-0.748697629576446,-2.48523276032801
1168,13385,"s017","m0",0.258130434051563,0.0668092668482108,-0.851455627267255,-2.18872936559115
1169,13418,"s017","m0",0.282909896153705,0.113555737770913,-0.571785675098017,-1.88094184727501
1170,13439,"s017","m0",0.234496652696136,0.0892486803102903,-1.00608381974406,-1.71530305452543
1171,13444,"s017","m0",0.276946070045512,0.0147533285424886,-0.593276351462065,-2.80957191436448
1172,13445,"s017","m0",0.192515805310957,0.0178512898033273,-0.851758166702751,-1.55092980338775
1173,13451,"s017","m0",0.268701309714942,0.0954315523118119,-0.994971668079964,-1.7316668444068
1174,13478,"s017","m0",0.230474639031405,0.122879049850665,-1.0864030915655,-1.02603807912521
1175,13488,"s017","m0",0.334265859806794,0.160195471740496,-0.764327748671911,-3.06584312223998
1176,13492,"s017","m0",0.272213784279693,0.0556983744363271,-0.824523754584185,-2.96764780380354
1177,13500,"s017","m0",0.207290452980725,-0.0310397101925633,-1.18256809427046,-1.33529464719609
1178,13507,"s017","m0",0.269807802907993,0.0444348624546367,-0.911307788531585,-2.26360060059084
1179,13508,"s017","m0",0.21438978519168,-0.0181065109259404,-0.999840315619524,-2.23299715083683
1180,13517,"s017","m0",0.300400463319933,0.145199261539433,-0.951684103848226,-1.77092297999773
1181,13524,"s017","m0",0.245995526853816,-0.00518062373203648,-0.951974753935364,-1.56209278862144
1182,13531,"s017","m0",0.201960404666189,-0.101020985859163,-1.18206560400901,-2.09710853344279
1183,13559,"s017","m0",0.224861411761553,0.00817880417785916,-1.19605806272551,-2.0473136513045
1184,13567,"s017","m0",0.299368444604966,0.110933799676756,-0.634711334465704,-1.76480800891976
1185,13578,"s017","m0",0.199733540812303,-0.0285761022615274,-1.03797861569775,-1.20243514931265
1186,13600,"s017","m0",0.219055590502618,0.0512487566797211,-1.04630543048843,-2.47393013079069
1187,13616,"s017","m0",0.248216880524894,0.0276853394214046,-0.87388261088209,-2.40815402443497
1188,13623,"s017","m0",0.244554260098141,-0.0508257688079538,-0.808823483593328,-1.4234616434215
1189,13629,"s017","m0",0.260315630554791,0.121111055692239,-1.06634984668731,-1.91649973756892
1190,13649,"s017","m0",0.231176761032857,0.0289707164560768,-0.987837092903719,-1.36193921156188
1191,13658,"s017","m0",0.172541705750479,-0.10009600990939,-1.053543782602,-0.812589961384221
1192,13659,"s017","m0",0.202051962123367,-0.0213290333611574,-1.02768783158465,-1.79831466587304
1193,13672,"s017","m0",0.296489924469752,0.0414536887470693,-0.791305945926413,-2.16402409142689
1194,13696,"s017","m0",0.242161580771257,0.0891180771967206,-0.907780341674301,-1.83572952688193
1195,13702,"s017","m0",0.300381084792347,0.13166485429562,-0.916245174284987,-2.253652424005
1196,13708,"s017","m0",0.193963738224957,-0.0164092667720845,-1.54398095040264,-1.92958927427316
1197,13737,"s017","m0",0.255873359652027,0.0301193017158501,-1.11780412408196,-1.78537222171328
1198,13738,"s017","m0",0.310835646857393,0.174648044325052,-0.77564416759854,-2.44996580824146
1199,13752,"s017","m0",0.248353864202032,0.132950880677648,-0.956611491533818,-1.55200207745794
1200,13764,"s017","m0",0.31547488933408,0.133641431958376,-0.824225498622806,-2.11468343707065
1201,13782,"s017","m0",0.270485961378343,-0.0193265492209727,-0.82330098790484,-1.82644704471034
1202,13789,"s017","m0",0.220675393516267,-0.031110241799984,-0.835635515466549,-1.62238227779568
1203,13794,"s017","m0",0.261948643477934,-0.0657842343742505,-0.689676802742579,-2.09356806845003
1204,13807,"s017","m0",0.234693026408466,0.160890515144528,-0.852772012027041,-1.56812260400171
1205,13813,"s017","m0",0.292949244446646,0.165790270801241,-0.691277317212429,-2.03490435909088
1206,13835,"s017","m0",0.230928838246087,-0.0807597914541234,-1.03847934209665,-2.26622319558149
1207,13842,"s017","m0",0.247076485282096,0.115643566437251,-1.0550509548798,-1.32426818436631
1208,13855,"s017","m0",0.214715784472049,0.0368146992626181,-1.21944069296024,-1.84166393985447
1209,13883,"s017","m0",0.137270335942084,-0.0366642621611097,-1.30715449165231,-0.657803992622481
1210,13902,"s017","m0",0.166383488981501,-0.0397828371437465,-1.49694675227115,-0.736917619148046
1211,13916,"s017","m0",0.259312460348708,-0.0356409396034164,-1.18946104489558,-2.61040505521694
1212,13932,"s017","m0",0.211569579733924,0.00220557714692526,-0.96825282841461,-2.30326237629506
1213,13936,"s017","m0",0.237701022388071,0.067265199375554,-0.793614559112169,-2.37102149202286
1214,13945,"s017","m0",0.214878221444902,0.0752860468337711,-1.16717706557251,-1.34558614468261
1215,13954,"s017","m0",0.147016759379585,0.0490098745703834,-1.07669171930518,-0.645508424672822
1216,13956,"s017","m0",0.277211912742871,-0.0682931401610603,-1.31809987791373,-2.05730250129358
1217,14012,"s017","m0",0.214202975475941,-0.000641032341157238,-0.980852161432572,-2.5966402192244
1218,14027,"s017","m0",0.282339574366775,0.124945187467094,-0.639030993378085,-2.56523606320503
1219,14045,"s017","m0",0.212014613056919,-0.115451872874007,-0.980659211344376,-2.27476590990247
1220,14053,"s017","m0",0.207462899525494,0.0190772800050758,-0.906630227781615,-1.29812065159391
1221,14064,"s017","m0",0.184936952351206,-0.0892230389072998,-0.93839637604199,-1.55942657744674
1222,14083,"s017","m0",0.250725590387533,0.0935435569241919,-0.832040019003703,-2.3723045111417
1223,14088,"s017","m0",0.242965297676072,-0.0314014008189776,-0.90882521195016,-2.14101448215652
1224,14094,"s017","m0",0.302208215737271,0.126185964816531,-0.793012957614983,-3.32090514985718
1225,14103,"s017","m0",0.256508953793594,0.160798038057182,-0.987688180300882,-1.61318220603101
1226,14107,"s017","m0",0.250681480731731,0.0332512011712949,-1.15154954327396,-2.73118480944946
1227,14120,"s017","m0",0.215023713777432,0.0421974114155345,-1.22439552230671,-2.16177214749795
1228,14129,"s017","m0",0.272973867454423,0.0283768132403736,-0.766993707303856,-1.56372043363732
1229,14139,"s017","m0",0.284048666638101,0.0877123286081371,-0.934165460015903,-3.28011311890915
1230,14161,"s017","m0",0.249425213210917,0.0916468735270482,-0.964527433784221,-1.11512408436332
1231,14162,"s017","m0",0.198508575455645,-0.036357658155754,-1.01923074758373,-2.06860391233026
1232,14166,"s017","m0",0.288768418420557,0.0928463616716746,-0.747413723238258,-1.93450134591808
1233,14177,"s017","m0",0.214959655782678,0.0195519561558604,-0.75210670112234,-0.856187016348788
1234,14178,"s017","m0",0.215204603201353,0.0563740565494293,-0.945241128951032,-1.56695424999772
1235,14188,"s017","m0",0.227088604778756,0.0164569063165661,-1.13560244370187,-1.02766879763818
1236,14191,"s017","m0",0.218354690713307,-0.0362522696531207,-0.775368703366762,-1.27997641013888
1237,14207,"s017","m0",0.268694521564282,0.0957302188640498,-0.759721480581393,-1.8764304476877
1238,14212,"s017","m0",0.206304125927772,-0.100965609400482,-1.00506582089466,-1.41623620183528
1239,14242,"s017","m0",0.251326721391598,0.16279028567068,-0.831138953538447,-2.16597813659649
1240,14251,"s017","m0",0.270975445699346,0.0427132669497808,-0.732281959071586,-1.92492372517349
1241,14253,"s017","m0",0.299169902659888,0.0554647814257943,-0.83878395296635,-2.9933796113562
1242,14328,"s017","m0",0.282858480161568,0.122254462840004,-0.955811633272828,-2.18201157034388
1243,14333,"s017","m0",0.319767457357182,0.0948575538551532,-0.957992876093935,-2.48088560187897
1244,14336,"s017","m0",0.286340933060715,0.131759384274464,-0.717312406743355,-1.84613491365657
1245,14348,"s017","m0",0.283446367698417,0.0664798144304168,-0.798755176438255,-1.85850924624743
1246,14361,"s017","m0",0.240887903653717,0.00284159122197066,-0.706424122731688,-1.84417036045324
1247,14372,"s017","m0",0.28297972030647,0.168872484837866,-0.87760403177926,-1.39272778236063
1248,14378,"s017","m0",0.27620144830709,0.161191173702086,-0.741799461038726,-2.41080094794228
1249,14382,"s017","m0",0.314941852005456,0.0278870552597694,-1.06294882586537,-3.03779113196204
1250,14398,"s017","m0",0.231753007883712,0.00615632638073211,-0.911903304403287,-1.59982881942091
1251,14402,"s017","m0",0.242174660102243,0.120297510593438,-0.832933080208647,-1.47865386858675
1252,14408,"s017","m0",0.163954446888329,0.0333621242467301,-1.09872611408473,-0.995952389876264
1253,14417,"s017","m0",0.215324427484698,0.00700153634845085,-1.11354019306765,-1.39715005336079
1254,14428,"s017","m0",0.263894510538098,0.0927690574837573,-0.858178289896883,-2.4739578475488
1255,14433,"s017","m0",0.250152958949436,-0.0301517795454421,-1.26562588615426,-1.5814953960328
1256,14458,"s017","m0",0.282685055339593,0.0312811788140897,-0.809436601875094,-1.74231075948982
1257,14474,"s017","m0",0.25992623238223,0.136676316938531,-0.848894077597999,-1.59362825301868
1258,14505,"s017","m0",0.249429300509621,0.0548188456864523,-1.03117248613842,-2.57062474110755
1259,14517,"s017","m0",0.250281446597577,0.0461416614735859,-1.22807954262928,-2.09216762356834
1260,14534,"s017","m0",0.297544588304049,0.169988212561676,-0.911075964922824,-1.45482766836679
1261,14549,"s017","m0",0.14349887463017,-0.123145667809663,-1.52685500296823,-0.730720096760858
1262,14559,"s017","m0",0.275766532308226,0.101013726469696,-0.938085340696416,-1.97228234957703
1263,14570,"s017","m0",0.253422859708119,0.0159020777904657,-0.732411234248762,-1.95890248563896
1264,14576,"s017","m0",0.217184205826716,0.000571001489059468,-1.0915696786726,-1.3300593145532
1265,14590,"s017","m0",0.234157491891356,0.0325266626268917,-1.02850220128393,-2.18553275342822
1266,14599,"s017","m0",0.234952989766224,-0.102441255762072,-0.775463864310746,-1.36694005057749
1267,14602,"s017","m0",0.267701315132851,0.0342573631765311,-0.988903020798072,-1.530606395408
1268,14605,"s017","m0",0.220929675473126,-0.0701077128776162,-0.937722895153366,-1.51159761659026
1269,14606,"s017","m0",0.223231099754822,0.00997029286464883,-1.24188572430835,-1.37353425267252
1270,14615,"s017","m0",0.271965800240042,0.02334117208874,-1.04535072248885,-1.36547765734075
1271,14638,"s017","m0",0.227725387560445,0.0012143559925845,-0.84474541047958,-3.09301555607569
1272,14643,"s017","m0",0.287658381198913,0.125732179008112,-0.843201085224009,-3.05063801751291
1273,14660,"s017","m0",0.143936576606369,-0.089957719773314,-1.37112027996404,-0.531306599004773
1274,14673,"s017","m0",0.252632220237032,-0.123705719286202,-0.688326224395268,-1.81781050801363
1275,14678,"s017","m0",0.289693212380819,0.101667652869402,-0.892350453438156,-2.98164408268348
1276,14692,"s017","m0",0.229829658285234,-0.00142251227793109,-0.903635986822367,-2.04642907533388
1277,14699,"s017","m0",0.20032524037613,-0.0383861182327483,-0.989650375123696,-1.44796378589646
1278,14704,"s017","m0",0.23674573101234,-0.0463608740890875,-0.785897511863416,-2.96809648799185
1279,14709,"s017","m0",0.188898947026018,0.0998833898953188,-0.848213567869625,-0.716687361075449
1280,14715,"s017","m0",0.258570090540344,0.0742287734398185,-1.01389837196173,-2.33014129078222
1281,14717,"s017","m0",0.250819465592681,0.00436048756209745,-0.884343342985089,-2.42260649983644
1282,14723,"s017","m0",0.238335725598941,-0.0751572860049705,-1.09462286850051,-1.28157939596513
1283,14733,"s017","m0",0.256527346107213,0.0822974971608077,-1.01257226974936,-1.93245722935936
1284,14740,"s017","m0",0.277306248954319,0.110479405117847,-0.680881670847355,-1.79663288683675
1285,14753,"s017","m0",0.271669952548043,0.0388004227803187,-0.879462478202296,-1.83856074810043
1286,14767,"s017","m0",0.224370691094213,-0.0199330675414809,-0.882480749984092,-1.63078391199914
1287,14769,"s017","m0",0.243490116655572,-0.0461717154733231,-1.11085485490289,-1.71614573791525
1288,14771,"s017","m0",0.187755948363446,-0.0128408142394027,-1.10277339635798,-1.12148977406565
1289,14774,"s017","m0",0.244991780519429,0.0206276692355121,-0.647228507011496,-2.07308215396154
1290,14785,"s017","m0",0.271608237227838,0.120652900133748,-0.7576324741256,-2.08371214762477
1291,14795,"s017","m0",0.262114697872967,0.0854326472113342,-0.907370798062561,-2.06915463171643
1292,14798,"s017","m0",0.23257964000929,-0.0221890454627188,-1.15385722961257,-2.88881356164962
1293,14800,"s017","m0",0.129460086276936,-0.0777398751780472,-1.04022935836555,-1.04734028180513
1294,14804,"s017","m0",0.197184124937777,-0.0539195487601798,-1.04645378245259,-0.873655245080308
1295,14813,"s017","m0",0.232521841085581,-0.0135463461834997,-0.851055815170365,-1.64976056008011
1296,14834,"s017","m0",0.19495388787916,0.0186116256175468,-0.83597640852533,-0.996997666578165
1297,14846,"s017","m0",0.207242720332433,0.0120134679205999,-1.03955760526594,-0.83338851943057
1298,14875,"s017","m0",0.2715553865667,0.118278126975952,-0.864994092155007,-2.92850823091527
1299,14898,"s017","m0",0.248797350437429,0.106474580157899,-0.864384458959419,-1.86567982081465
1300,14925,"s017","m0",0.229236585204452,0.0299071073284424,-0.801862727802591,-2.01911119874107
1301,14960,"s017","m0",0.246766343662107,-0.0713636364880266,-1.2365251791325,-1.39741092508372
1302,14970,"s017","m0",0.232808505631528,0.100366951572783,-1.04183495340438,-1.27120882407409
1303,14975,"s017","m0",0.257237320846802,0.0499856647713683,-1.09945811871151,-1.73707549344846
1304,14996,"s017","m0",0.245855353257326,0.0337792481775569,-1.06426779972493,-2.3957867840621
1305,14997,"s017","m0",0.107753837854358,-0.0803779643272813,-1.26149586460136,-0.46952237504493
1306,15009,"s017","m0",0.312515310034796,0.168149096182625,-0.858213126024218,-2.04996339623962
1307,15018,"s017","m0",0.248820185533719,0.0494549786187116,-1.27466313116331,-2.21188481643437
1308,15026,"s017","m0",0.291430486366906,0.150263277003427,-0.734212308823365,-1.81108694033651
1309,15049,"s017","m0",0.158538551572093,0.00815480572766724,-0.962425203761556,-1.06803433672622
1310,15054,"s017","m0",0.185990373872525,-0.0657780647690094,-0.947178507525146,-1.50182041804697
1311,15064,"s017","m0",0.213521699318406,-0.0386001699837803,-0.909685700367969,-1.74382328229794
1312,15071,"s017","m0",0.276117710671081,0.0699924610826738,-0.456591781247447,-2.54901900318724
1313,15075,"s017","m0",0.26331903783414,0.00787180656336354,-0.656579552398997,-2.17034938681749
1314,15076,"s017","m0",0.203591481529857,0.00770123282640417,-1.18601725679271,-2.00747329858968
1315,15078,"s017","m0",0.246337020115555,0.0376854878238541,-1.05902022175691,-1.50296158674434
1316,15082,"s017","m0",0.283929296147449,-0.0025633333986042,-0.972249157331568,-2.02494234834121
1317,15083,"s017","m0",0.309909692556503,0.0582420028326766,-0.694239631143455,-1.96245667396285
1318,15089,"s017","m0",0.270113089580634,0.22668484540424,-0.805998257162104,-1.77301356018
1319,15090,"s017","m0",0.334192569320717,0.131294893977523,-0.690677624533352,-2.62183074758328
1320,15094,"s017","m0",0.237934551948659,0.120772329020662,-0.934202541722993,-2.31164757812778
1321,15101,"s017","m0",0.298564686836121,0.180255678037649,-0.68823070818757,-1.31945093537979
1322,15110,"s017","m0",0.223292216507258,-0.0665271462282378,-1.01395386239804,-2.47074965802605
1323,15113,"s017","m0",0.289914873730384,0.120631478048758,-0.918205449498067,-2.93280941172156
1324,15180,"s017","m0",0.252922030376691,0.0205132840939541,-0.783228844798944,-1.47620525696135
1325,15229,"s017","m0",0.191565453327607,-0.0549381520234387,-1.00884397090302,-0.856709655164857
1326,15269,"s017","m0",0.249767432870882,0.0697637363854381,-0.71700645360825,-1.60154721427082
1327,15273,"s017","m0",0.25375202035774,-0.0167455436099408,-1.1240429135562,-2.95495932619901
1328,15282,"s017","m0",0.211469402758298,-0.121722210832574,-0.973999725203303,-1.27637317464975
1329,15290,"s017","m0",0.258967272137678,0.105225789580419,-1.12903786237816,-2.08079645134041
1330,15305,"s017","m0",0.231530078861667,0.0780342325287101,-0.862909777697533,-1.29540092212192
1331,15339,"s017","m0",0.229489193048162,-0.0609295609688668,-1.09915322488893,-1.53750931824812
1332,15341,"s017","m0",0.264591576514032,0.060188359056183,-0.844509735427574,-2.21683778486973
1333,15367,"s017","m0",0.275592879667577,0.0673664661525233,-0.804709464589225,-2.13584278314481
1334,15379,"s017","m0",0.239181309229686,-0.00338695735585703,-0.821542513955288,-2.1360928219637
1335,15387,"s017","m0",0.222726022737344,0.109667036008149,-0.985843777457888,-1.58972109887806
1336,15406,"s017","m0",0.291698257123923,0.0457456894295649,-0.792589027243915,-2.23620002135855
1337,15418,"s017","m0",0.179076539139841,-0.0557081015388698,-1.26464701529069,-1.12177467282173
1338,15436,"s017","m0",0.253399981994894,0.160550727667165,-0.7460400092967,-2.2957711405578
1339,15440,"s017","m0",0.229039445854534,0.108647332487781,-1.04333437633654,-1.53349053654094
1340,15446,"s017","m0",0.218509994340205,-0.0373981466639755,-1.02160943924405,-1.66877358752416
1341,15457,"s017","m0",0.234112363389704,0.0343365217496265,-0.709242216686437,-2.29932251902528
1342,15462,"s017","m0",0.244106019026342,0.0987459740439999,-0.914295821619038,-1.23039086882482
1343,15475,"s017","m0",0.179279971478155,-0.0753390271682308,-1.00723397149346,-0.935469813862862
1344,15477,"s017","m0",0.182799746893197,-0.00661299674600101,-0.937119741765708,-0.592213839875387
1345,15480,"s017","m0",0.257541434032005,0.0850396257365854,-1.0639883034223,-1.89351158533526
1346,15481,"s017","m0",0.233747188712049,0.0912333115658761,-0.757303993504846,-1.43610052425103
1347,15482,"s017","m0",0.244468394609529,0.1185369258376,-1.07675525746481,-2.45188553367612
1348,15483,"s017","m0",0.228728526024445,-0.0400284801303243,-1.19166984989421,-1.96506493092211
1349,15484,"s017","m0",0.181183540370932,-0.101713922696011,-1.26431558121905,-1.05454720204229
1350,15522,"s017","m0",0.199583102240648,-0.00137925902014018,-0.915908419532143,-1.2596065265831
1351,15535,"s017","m0",0.21249260744581,-0.0543028493625545,-1.04612828179822,-1.91927742782251
1352,15546,"s017","m0",0.171993778082505,-0.059497183615643,-1.18928311176625,-0.896693473322346
1353,15564,"s017","m0",0.210887526855104,0.0351955779873406,-0.956627315002659,-1.0947272810899
1354,15566,"s017","m0",0.281986138934424,0.097258761006921,-0.692959426364323,-2.50059796594834
1355,15571,"s017","m0",0.191798306627206,0.0731698973084255,-1.00589185410249,-1.57385927492337
1356,15578,"s017","m0",0.205344223469312,0.0101429162633191,-1.26605925692016,-1.69363095015222
1357,15582,"s017","m0",0.21547912128138,0.00355543238797535,-0.973888757125906,-1.51004936508838
1358,15592,"s017","m0",0.278619047108053,0.102762264649299,-0.863191945515676,-1.46447513688303
1359,15618,"s017","m0",0.348564554669532,0.119243621248186,-0.681273935391287,-3.93396138886342
1360,15664,"s017","m0",0.209120275876315,-0.020075859772859,-1.24304116516267,-2.01332149667964
1361,15667,"s017","m0",0.241349467794678,0.133677147369847,-0.980727350199147,-1.88284703998912
1362,15670,"s017","m0",0.278599971760354,0.0999650512171725,-0.955695759697749,-2.39940901312236
1363,15706,"s017","m0",0.2280762126897,0.0919200385627361,-0.822541611526617,-1.53328816197202
1364,15718,"s017","m0",0.244979209933325,0.0346668018545784,-0.727709038536838,-1.26562074894816
1365,15739,"s017","m0",0.313027186893539,0.0290810779456182,-0.682485943855555,-1.60704864022536
1366,15755,"s017","m0",0.275725432809153,0.036249270822006,-1.05723011630153,-2.64787623876239
1367,15778,"s017","m0",0.163031623022658,-0.0685823966574963,-1.23143684749156,-0.980629825400075
1368,15797,"s017","m0",0.294777148338763,0.0728810983947232,-0.738776864461514,-1.86688215105841
1369,15829,"s017","m0",0.257542883920785,0.0964079223554051,-0.950128365643205,-2.36989858319484
1370,15860,"s017","m0",0.294645371812373,0.0929934460892943,-0.822725557614046,-2.37040063131526
1371,15865,"s017","m0",0.257297762181031,0.0430344141788809,-1.17355590842728,-1.56287150546661
1372,15868,"s017","m0",0.25472468368474,-0.0654192514649426,-0.895246951266434,-1.73804843354847
1373,15879,"s017","m0",0.258178560200925,0.0474927184293337,-0.623926959860932,-2.37791352673292
1374,15884,"s017","m0",0.25674021882444,-0.0278759877234495,-0.824602462172293,-2.28661799058313
1375,15893,"s017","m0",0.240519789416988,0.0719377547813114,-0.855354971299682,-2.48628292514616
1376,15894,"s017","m0",0.238511484866932,0.0156579748125674,-1.1580174394677,-2.07569043122498
1377,15897,"s017","m0",0.270165508150222,0.0807137698110396,-0.94929021589555,-1.16861796604856
1378,15915,"s017","m0",0.227845342661345,-0.0195248268988701,-0.942390723388794,-2.2312112106074
1379,15929,"s017","m0",0.301808930303691,0.0433439694936154,-0.634198201306559,-2.89840111908092
1380,15930,"s017","m0",0.265137426927511,0.101664027733745,-1.04658161253538,-1.5556502800802
1381,15931,"s017","m0",0.253110345641599,0.0456799304004213,-0.878660619739039,-1.2930734659109
1382,15946,"s017","m0",0.261611974439686,0.0973300636143845,-0.749118074948146,-1.59076016318864
1383,15955,"s017","m0",0.271253847910273,0.0629485959178506,-1.07699574853815,-1.88943338985919
1384,15962,"s017","m0",0.236382458932293,0.0480717514548579,-1.12369311491651,-1.56714738902928
1385,15968,"s017","m0",0.290333385095906,0.0956544268506584,-0.951054840587199,-2.93797068127594
1386,15985,"s017","m0",0.267106928954771,0.0700937681079245,-0.909859373672487,-1.69434652623542
1387,15990,"s017","m0",0.271349806797515,0.0196061944001387,-0.82455868323381,-2.18377929794657
1388,15991,"s017","m0",0.24775646793006,0.0996141014211693,-0.991456561380278,-1.39169042199147
1389,16011,"s017","m0",0.272532567931224,0.110541159414459,-0.785257756341523,-1.53703601245521
1390,16047,"s017","m0",0.208545521098183,-0.022615052048593,-1.01453679207814,-1.36943132194987
1391,16069,"s017","m0",0.195400378419854,-0.00918220665007663,-1.00655996741504,-0.908269112430985
1392,16071,"s017","m0",0.282658638013708,0.148377895744435,-0.59297664462621,-1.96068002652102
1393,16076,"s017","m0",0.182756205096992,-0.0191774998939781,-1.45727387745555,-1.36625814712078
1394,16121,"s017","m0",0.231286533212796,0.0518756006404238,-0.62618478338597,-1.66070885122946
1395,16140,"s017","m0",0.305438311616538,0.126182856501034,-0.932790099608395,-2.27865310000701
1396,16150,"s017","m0",0.201423895142757,0.0143985718629569,-1.08923238756245,-1.06304088318273
1397,16166,"s017","m0",0.238395946959217,-0.00829939791658162,-0.886583569447016,-1.80716150059055
1398,16177,"s017","m0",0.262639544135522,0.0336555161537815,-0.935695026159657,-1.44426717948648
1399,16186,"s017","m0",0.212198099957754,-0.123102137494235,-1.25153646186585,-2.26885842741601
1400,16201,"s017","m0",0.19130804217109,-0.0801829233296378,-1.09362426947334,-0.989757786361678
1401,16222,"s017","m0",0.259171318491489,0.0649852105405325,-0.88795036904301,-1.56946663147597
1402,16231,"s017","m0",0.337965539536882,0.133894420006441,-0.714130426444137,-2.61107077080817
1403,16239,"s017","m0",0.295653647386466,0.0741560342131825,-0.610467643973009,-2.07460711511128
1404,16241,"s017","m0",0.19398669424876,0.0249521620187387,-1.03915060675524,-0.824375309353507
1405,16242,"s017","m0",0.160931732410522,-0.239820944306489,-1.17109882998142,-1.03003375679172
1406,16245,"s017","m0",0.240059216059217,0.056340730960271,-1.09714295032487,-2.62307382306483
1407,16251,"s017","m0",0.25716489150939,0.0110316390734031,-0.825254444664602,-1.50328522107
1408,16260,"s017","m0",0.265967328578712,-0.0525714662460913,-0.873040082976935,-1.95945528417852
1409,16270,"s017","m0",0.209405014424352,-0.0462508711255592,-0.82204826399245,-1.64656598554048
1410,16271,"s017","m0",0.0736655125991828,-0.228097729043813,-1.13474414186627,-0.268583418010053
1411,16284,"s017","m0",0.250584234387954,0.0814689871946724,-0.778272829935955,-2.27822957876208
1412,16302,"s017","m0",0.250941062614383,0.0590891778236086,-0.70424951309868,-1.13853411067472
1413,16307,"s017","m0",0.314431313821531,0.250834720363495,-0.904260358040524,-3.41654745816813
1414,16325,"s017","m0",0.268652454241119,-0.0191167949792766,-0.616175647427969,-1.50142175151132
1415,16397,"s017","m0",0.221876431435166,0.0143849952256089,-0.812616208040785,-1.42765274928444
1416,16413,"s017","m0",0.217303853365705,-0.0860901759437606,-1.1677178248392,-2.26464813096974
1417,16420,"s017","m0",0.290722581878868,-0.00771786371151039,-0.833646492235036,-2.21535017263492
1418,16426,"s017","m0",0.289329520939285,0.154628945353669,-0.797475424859434,-2.41451375366989
1419,16435,"s017","m0",0.255797992374054,0.0385620359020254,-1.00411767623745,-1.4221102158854
1420,16438,"s017","m0",0.209550086138209,-0.0718281649292997,-1.06229899352736,-1.91801269253319
1421,16441,"s017","m0",0.179843614522089,0.054362950948483,-0.982672959567835,-0.624331848830544
1422,16452,"s017","m0",0.239038718037839,0.0189857749584751,-0.698216687062905,-2.01874351050695
1423,16457,"s017","m0",0.234710853145084,-0.00727879111416909,-0.840991563766197,-1.93741184050764
1424,16467,"s017","m0",0.285924446990476,0.0815785320198241,-0.803014596699919,-2.19800038730193
1425,16470,"s017","m0",0.244166816196045,-0.0115971973625386,-1.08924454150262,-1.7045422266841
1426,16478,"s017","m0",0.251464376473474,0.0677801023283912,-0.942987539809554,-2.21910726657782
1427,16516,"s017","m0",0.258507628818528,-0.0244325937333663,-0.698364356434296,-2.24268893964865
1428,16517,"s017","m0",0.269811181610053,0.0792008202682056,-0.880903736301222,-1.79785008976688
1429,16526,"s017","m0",0.290991053231353,0.0765645334602981,-0.916826087868176,-2.55897233090426
1430,16527,"s017","m0",0.203709817947,-0.083941152806425,-0.984024421348318,-2.04144785033267
1431,16550,"s017","m0",0.234812287854444,0.0317226723829625,-1.43195128334562,-2.23212206119369
1432,16557,"s017","m0",0.283332597546072,0.0366519742227785,-0.872812972911314,-2.64582868846157
1433,16572,"s017","m0",0.202311510072478,0.00533623643121567,-1.03428826730541,-0.77294512333932
1434,16588,"s017","m0",0.185936865197711,-0.0165666631400061,-1.05470425826964,-1.30788489123108
1435,16595,"s017","m0",0.200863158539916,0.053411507585868,-1.22103414111808,-1.4860974896525
1436,16616,"s017","m0",0.283340372986935,0.0759549365279282,-0.807394728773441,-2.25747251269634
1437,16686,"s017","m0",0.21601114691754,-0.043371291892004,-0.66503802942984,-3.434003267241
1438,16705,"s017","m0",0.160204537762681,-0.0349440161310018,-1.055019898924,-1.28142901387243
1439,16734,"s017","m0",0.235382251860092,0.0240902430695376,-1.04485298643752,-1.6696621387421
1440,16766,"s017","m0",0.289916944456236,-0.0296686318627332,-0.774524627654939,-2.1140252839183
1441,16780,"s017","m0",0.272031272775766,0.105379252802268,-0.92397348281031,-1.62470176264974
1442,16786,"s017","m0",0.251208252093649,0.0610256574514003,-0.951067000853568,-1.31479125481955
1443,16797,"s017","m0",0.236094024621498,-0.00651989729120932,-1.08343179952098,-1.03410222626196
1444,16800,"s017","m0",0.20912208051158,0.00415959532078874,-0.990232778139711,-1.86671862971013
1445,16824,"s017","m0",0.231701558325674,-0.00446645974532312,-0.77943004732484,-1.35661663481269
1446,16836,"s017","m0",0.212729740441009,-0.0363784279658685,-0.788742828594576,-2.4981337908275
1447,16860,"s017","m0",0.182419455260372,-0.0592393563788345,-1.21997730115024,-1.16190398772796
1448,16879,"s017","m0",0.231994374402087,0.0318669087842415,-0.814448201514982,-1.3429698829528
1449,16900,"s017","m0",0.19328537674488,-0.034529412482989,-0.664790189208676,-1.19914161730297
1450,16905,"s017","m0",0.235917064312757,0.0294162954713035,-0.941359235166186,-1.32505628303569
1451,16907,"s017","m0",0.232836343606433,-0.0700452706768116,-0.874401732466639,-2.041036561732
1452,16928,"s017","m0",0.240328990276624,0.143283104631541,-1.0962755789637,-2.23262332722785
1453,16949,"s017","m0",0.285388011553242,0.13318734201323,-0.93263184882989,-2.77424908818705
1454,16950,"s017","m0",0.256688375561317,0.11459130590422,-0.966957388730769,-1.42504409118315
1455,16955,"s017","m0",0.238579047030613,0.0617885239436364,-0.916958394724498,-2.04086429779727
1456,16959,"s017","m0",0.223168739356311,0.0425220634218633,-0.996376130069897,-1.3537584913332
1457,16973,"s017","m0",0.283209259752003,0.151537146259199,-0.87856016325573,-2.25514185341195
1458,16983,"s017","m0",0.267167160846282,0.0287092167206163,-0.711607525991376,-2.36692738873934
1459,17003,"s017","m0",0.246714863904877,0.0231293817436775,-0.898731987638335,-1.84999226152436
1460,17006,"s017","m0",0.266965478870866,0.0633117600318731,-0.928297903304813,-1.69543459336001
1461,17011,"s017","m0",0.260155777406523,-0.0483710510144267,-0.928130374036413,-1.9367287531289
1462,17022,"s017","m0",0.246585954610093,0.0673543734146313,-0.783405240173356,-1.97017513045683
1463,17036,"s017","m0",0.318944852696429,0.198888226183731,-0.864263845599569,-1.78842001781389
1464,17085,"s017","m0",0.300771245847634,0.137242374032777,-0.808815639156736,-1.5825377803201
1465,17097,"s017","m0",0.324466092421008,0.0979793819900918,-0.689778170520916,-2.01276974672329
1466,17125,"s017","m0",0.239725397526888,0.0225221069326534,-1.03942924437337,-2.09957081735321
1467,17149,"s017","m0",0.302738171409472,0.0392303283821703,-0.658923873715031,-2.67953121962682
1468,17156,"s017","m0",0.199533086569018,0.0144822624881484,-0.762979880370658,-1.25108142377133
1469,17157,"s017","m0",0.260114557266409,0.0762904818320722,-0.921981056082242,-1.6860225644708
1470,17158,"s017","m0",0.302129824983293,0.0853010898049161,-0.866575908825978,-2.85766645823055
1471,17175,"s017","m0",0.221806831052949,0.102752758428879,-0.926948972478023,-1.40089196315623
1472,17179,"s017","m0",0.175273764068946,-0.045180265381013,-0.959586191308752,-0.901989903838662
1473,17191,"s017","m0",0.241291429757533,0.0323672079078833,-0.797670019548331,-1.17880288301377
1474,17199,"s017","m0",0.298384225951484,0.0168964109083208,-0.762763107659493,-2.6048107424132
1475,17204,"s017","m0",0.216091250087807,-0.0587255974868076,-1.18844826749338,-1.63711753100232
1476,17215,"s017","m0",0.199566300465106,-0.0524671738769933,-0.948543448238644,-1.46411021980773
1477,17226,"s017","m0",0.280493679449771,0.0172801511204391,-1.04738992792591,-1.52318791638523
1478,17234,"s017","m0",0.228202350511353,-0.00340079297769393,-1.12481439116653,-1.01459332136195
1479,17237,"s017","m0",0.212920328982096,-0.0530314253359833,-1.30148099104883,-1.99012521380392
1480,17248,"s017","m0",0.268061925137114,0.0319914389281263,-0.825289461523756,-2.6467612466708
1481,17253,"s017","m0",0.215285728735702,0.00978316548569929,-0.750418017230333,-1.4384906398494
1482,17263,"s017","m0",0.239038092110998,0.0941252563066606,-1.00067146531643,-1.73690090429457
1483,17268,"s017","m0",0.280411732030284,0.140554359086855,-1.02326348727281,-2.70975661049928
1484,17279,"s017","m0",0.251215397684364,0.0744458748602721,-1.0126070486448,-1.7599797715551
1485,17284,"s017","m0",0.253450973441315,0.0339888895304783,-0.746196991902563,-1.83523824686372
1486,17324,"s017","m0",0.224884125628844,0.0431463760714853,-0.937172883188209,-1.95106945145342
1487,17326,"s017","m0",0.269473936497294,0.0843820311701948,-0.89121621687913,-2.63364205742451
1488,17333,"s017","m0",0.188138886513521,-0.0194481894601841,-1.31079665660823,-1.29126394787192
1489,17335,"s017","m0",0.179398562739435,0.0760945019853011,-0.772110064900663,-0.638927029812085
1490,17346,"s017","m0",0.212806976113695,-0.0114543541485102,-0.83499909511301,-2.76084119378653
1491,17349,"s017","m0",0.246148457550928,0.0607847437008008,-0.767396650429737,-1.78814158693263
1492,17353,"s017","m0",0.202485418363563,0.039170275717416,-1.28337941418144,-1.59667755980954
1493,17369,"s017","m0",0.319636871209156,0.104957786721453,-0.60765675859152,-2.227270240634
1494,17378,"s017","m0",0.240569322029267,-0.0226543803602292,-0.968526985046332,-2.89172461027698
1495,17430,"s017","m0",0.236606710462986,-0.0466927934402897,-1.24532473911498,-3.23089652737255
1496,17439,"s017","m0",0.198764335853686,-0.00397279006135837,-1.03739227194399,-1.66736763039571
1497,17452,"s017","m0",0.25349954171135,-0.00833835370889087,-0.816937620690762,-1.89232799468566
1498,17460,"s017","m0",0.285672304919668,0.126389175956027,-0.73072960981479,-1.9048203451378
1499,17470,"s017","m0",0.23595135326054,0.0051463889462725,-0.905114678141597,-1.30803872289792
1500,17481,"s017","m0",0.26758473069638,0.00491138227434961,-0.885721030933176,-2.87950774845484
1501,17485,"s017","m0",0.24434433684791,-0.0114304722579685,-0.822413841759622,-2.27410541520015
1502,17487,"s017","m0",0.226299078687354,0.0181074858516165,-1.19831355656309,-1.65439483290526
1503,17513,"s017","m0",0.186949484674942,-0.023938278096341,-0.843906987467988,-1.20825128059556
1504,17523,"s017","m0",0.235637234040291,-0.00754362193546263,-0.696119536380098,-1.42140535365351
1505,17533,"s017","m0",0.297606941154347,0.110044295342556,-0.986297219239479,-2.48732301376097
1506,17542,"s017","m0",0.263010943210021,0.0406255239928488,-0.89129124982748,-1.84567160578896
1507,17549,"s017","m0",0.159372401435918,0.0160953316393149,-0.598549354733335,-1.39648635130676
1508,17553,"s017","m0",0.236413837298874,-0.0537973340235483,-0.998222925792533,-2.6701448166685
1509,17560,"s017","m0",0.28976711743246,0.113679783841789,-0.94619509001658,-1.98030844062411
1510,17563,"s017","m0",0.110011357383872,-0.069509497232104,-1.43549162387845,-1.50302871125384
1511,17576,"s017","m0",0.280517791035544,0.125275970375659,-0.76862589055929,-1.46976231282689
1512,17592,"s017","m0",0.231974764011312,0.006378037586954,-1.10063830077129,-0.836465229636724
1513,17599,"s017","m0",0.232685257972755,0.00116922644703622,-1.28895936263861,-2.53158360364992
1514,17609,"s017","m0",0.275626873335931,0.0739340109288183,-0.884113744485441,-1.94798542687082
1515,17625,"s017","m0",0.23833426880003,0.046725346529035,-0.971858125140817,-1.22027446271984
1516,17631,"s017","m0",0.22485827581968,0.00873845250069616,-0.935746608706506,-2.56695987301917
1517,17645,"s017","m0",0.296070963362452,0.117970014750668,-0.56213453575928,-2.62572358685163
1518,17647,"s017","m0",0.282479634847621,0.1160123157554,-1.09923873574735,-2.51689746000281
1519,17675,"s017","m0",0.259931961783349,0.109387997765013,-0.85353155845667,-2.04839229945807
1520,17702,"s017","m0",0.247509170137391,-0.0514900417121508,-1.10963615256939,-2.01131551637459
1521,17707,"s017","m0",0.288921519882217,-0.015077202644626,-0.882565219635148,-1.91686731224168
1522,17718,"s017","m0",0.291455721395478,0.0679963350375576,-0.982559651387045,-3.31172832089661
1523,17720,"s017","m0",0.265636916326167,-0.033603738841268,-0.888687552214895,-1.72729466414408
1524,17722,"s017","m0",0.280888071289041,0.145218665176667,-0.94532857608633,-2.77214971825625
1525,17734,"s017","m0",0.215797139687429,-0.00445932300346761,-0.921519721575028,-3.25867176852075
1526,17741,"s017","m0",0.177457340012113,0.00472152695216158,-1.00702887460174,-1.12995332671614
1527,17752,"s017","m0",0.190382873757771,0.00435029457894863,-1.14484696684694,-1.26595125144054
1528,17761,"s017","m0",0.24525605736092,0.0510003726994969,-1.0029802445757,-1.22989144527171
1529,17764,"s017","m0",0.192259190967354,-0.0375651872859246,-1.21191177258147,-0.901342380377735
1530,17799,"s017","m0",0.255567212536213,0.0735935813217259,-0.642974167359876,-1.23477760127175
1531,17802,"s017","m0",0.247349946735888,0.0437855257710377,-1.15727115436533,-1.48987924763833
1532,17806,"s017","m0",0.276603568613675,0.158411879902392,-0.782206619276451,-1.90579518497966
1533,17851,"s017","m0",0.234615925954581,0.119228756079116,-0.854641944869786,-1.0590337670284
1534,17854,"s017","m0",0.245985418995321,0.0617689719206857,-1.16006237356583,-2.61439928763489
1535,17865,"s017","m0",0.202066870238915,-0.0116519276307463,-1.05439759959483,-1.12504300035379
1536,17877,"s017","m0",0.266803708523161,0.0932605213554193,-0.691610315952803,-1.54769261932063
1537,17918,"s017","m0",0.235974234555887,0.103649512285345,-0.904539330185719,-2.38225319828412
1538,17922,"s017","m0",0.296100867716989,0.127606540346806,-0.85010239311444,-2.21679852373229
1539,17927,"s017","m0",0.179870233809989,0.0697954151297096,-0.955516821047921,-0.589485809702703
1540,17933,"s017","m0",0.202119222811342,-0.013111184148607,-1.08737655649036,-1.11741209279678
1541,17936,"s017","m0",0.226897883224885,-0.0645275099704656,-1.65876425074841,-1.65988504125438
1542,17940,"s017","m0",0.219686965637865,-0.0339860503596436,-1.23591090072838,-1.5704246884568
1543,17951,"s017","m0",0.24296685643066,0.0220059147311615,-0.971897263001838,-2.25822897566248
1544,17953,"s017","m0",0.236278592993211,0.0703637330213,-0.802029606950449,-1.63058321074462
1545,17954,"s017","m0",0.267148327321154,-0.0308562345723279,-1.17598035287305,-2.55983901851507
1546,17970,"s017","m0",0.253836664183517,-0.0379998450970492,-0.772719455890431,-2.98891800765927
1547,17973,"s017","m0",0.240420477773403,0.0514815734008634,-1.00552061325908,-1.51709039119924
1548,17987,"s017","m0",0.268289084899962,0.115351278164906,-1.01444706260882,-1.05061869893981
1549,17990,"s017","m0",0.228625815411793,-0.0120645238727609,-0.946123945538173,-1.1426671301891
1550,18001,"s017","m0",0.205373502550534,0.0788154984362563,-1.32442410078192,-1.70409532037673
1551,18010,"s017","m0",0.233949182660702,-0.0385692679800917,-0.884268289573748,-2.12231278524203
1552,18038,"s017","m0",0.250005658950014,0.0712486324989861,-1.09653574544907,-1.75590263636025
1553,18041,"s017","m0",0.287004967753028,0.10273013490032,-0.929508841810419,-2.10351214846382
1554,18054,"s017","m0",0.28009937534947,0.0107747668375093,-0.666783836403052,-2.06479101492967
1555,18056,"s017","m0",0.281384223220528,0.0681609836627401,-0.825477707443058,-2.13719294069722
1556,18067,"s017","m0",0.291689555889449,0.0819907805443791,-0.712285683441435,-2.97108471309557
1557,18086,"s017","m0",0.209089101074515,-0.0204298007079015,-1.22692266034546,-1.03914057681504
1558,18102,"s017","m0",0.180360827641833,-0.107693190812747,-1.20673755483951,-0.907927614721531
1559,18129,"s017","m0",0.203562977429857,0.0210690343071504,-0.961945245272204,-1.40011015742458
1560,18139,"s017","m0",0.166421286258718,0.00330721902389493,-0.892641507277082,-0.871952646381181
1561,18163,"s017","m0",0.25350730704346,0.0301382734265896,-0.928216639733034,-2.00100430125704
1562,18172,"s017","m0",0.269963691871972,0.040205883946424,-0.785052618642932,-2.28361620392278
1563,18207,"s017","m0",0.242213878755656,0.056665014565712,-0.928279411616752,-1.39424870722028
1564,18214,"s017","m0",0.182968730726678,-0.119298890982182,-1.01017225449646,-1.34813274486835
1565,18215,"s017","m0",0.244531062844591,-0.0580937858867629,-0.851105586060781,-1.55042941251186
1566,18225,"s017","m0",0.252294426578594,0.150380741679479,-0.926261832356359,-1.53821572728947
1567,18228,"s017","m0",0.311204497491843,0.0647229817765415,-0.702252290031977,-1.89455040664111
1568,18229,"s017","m0",0.23414138950448,-0.05310420599281,-0.984844048862006,-1.83741780415556
1569,18231,"s017","m0",0.177139638415715,-0.0406054033661284,-1.18636143629543,-1.15504333082591
1570,18243,"s017","m0",0.176093796286493,-0.0983964560647655,-1.28490840843058,-1.01213832198014
1571,18245,"s017","m0",0.243568896120544,0.103078666959461,-0.967496288801181,-1.31173553056775
1572,18249,"s017","m0",0.257193392896502,0.0304504912039848,-0.7579617853541,-2.29270577969418
1573,18254,"s017","m0",0.222630631504413,-0.050016043849831,-0.970080332461979,-2.14659315830821
1574,18267,"s017","m0",0.25715966164675,0.0384338738857869,-0.935132417922969,-1.87954759991613
1575,18268,"s017","m0",0.203112511349405,0.0656799410243814,-1.17684498064522,-0.533966832495402
1576,18277,"s017","m0",0.227607494216859,0.10019123964818,-0.972865739779347,-1.04687149628447
1577,18291,"s017","m0",0.241586164521289,0.0219980882601159,-0.893551752039281,-1.54608708181956
1578,18302,"s017","m0",0.223194380478977,-0.0393598862468681,-0.914921499401891,-1.91208276101339
1579,18307,"s017","m0",0.136295308792082,-0.165491886226148,-1.07524180501853,-1.01720689152563
1580,18310,"s017","m0",0.202520894633351,0.0296747836955427,-0.83203247354279,-1.42718514995858
1581,18323,"s017","m0",0.295033245959966,0.168365721454827,-0.752430758646175,-1.64106802166058
1582,18328,"s017","m0",0.298457949452261,0.0951854000992359,-0.628737265266335,-1.90381757952292
1583,18342,"s017","m0",0.311201532980701,0.154180832022132,-0.79251602038446,-2.2167903245241
1584,18357,"s017","m0",0.189222036887668,0.0224430281794628,-1.08058827865572,-1.53146935977932
1585,18363,"s017","m0",0.249467460777963,0.0346480848748478,-1.21099359592122,-1.53806491080808
1586,18364,"s017","m0",0.212778258197058,0.0604309776342786,-1.0882882210123,-1.45924377258326
1587,18367,"s017","m0",0.273149781165076,-0.026248560076583,-0.811654480740753,-1.92115918426442
1588,18379,"s017","m0",0.251891404007689,0.00693873651141717,-0.749830301817012,-1.99799530545604
1589,18384,"s017","m0",0.262766569846919,0.108838896637351,-1.03893255116899,-1.396532537577
1590,18387,"s017","m0",0.229660989463766,0.0802148112262502,-0.89678912403448,-2.77505534718257
1591,18391,"s017","m0",0.28034778233058,0.164140881988615,-0.811738973365982,-1.29948921699136
1592,18398,"s017","m0",0.224462012036659,-0.0601787494854596,-1.13796842454305,-1.11796599300307
1593,18423,"s017","m0",0.259892691074318,0.0704289341781964,-1.01277148610655,-1.83917021446898
1594,18429,"s017","m0",0.25782254130199,0.054929331917942,-1.0742315343627,-2.26129650829404
1595,18431,"s017","m0",0.232324503714924,-0.0323710349132575,-0.941062466385771,-2.41649186635713
1596,18438,"s017","m0",0.18420189294317,-0.0580757818230709,-0.885067271288048,-1.7288384896707
1597,18442,"s017","m0",0.301775553880554,0.105232418841136,-0.899303013172306,-2.48555542157515
1598,18455,"s017","m0",0.218793592024348,-0.0576149387482703,-0.875407393286943,-1.99599586018629
1599,18458,"s017","m0",0.237422622449517,0.0671075293386513,-0.895810800892406,-1.50193120513626
1600,18460,"s017","m0",0.256796155730402,0.118120480452984,-1.10918962504937,-2.2087879419604
1601,18462,"s017","m0",0.286594914249425,0.0816648133311772,-0.635233660423981,-1.93536100713887
1602,18482,"s017","m0",0.288093570007169,0.127886876210131,-0.876387807694344,-2.77870378892599
1603,18516,"s017","m0",0.206595514466593,0.0120844564567331,-1.31351066260439,-1.86725669030066
1604,18535,"s017","m0",0.242003676581664,0.0688208698215137,-0.91153030123968,-2.08961658752133
1605,18543,"s017","m0",0.186182871614323,-0.0778705505998186,-1.09151896506821,-1.235587574635
1606,18544,"s017","m0",0.267129350167299,0.0980907999155469,-0.657600363192777,-2.142971028209
1607,18560,"s017","m0",0.258321758748307,0.00277551992853918,-0.688606194664015,-1.11556214815766
1608,18568,"s017","m0",0.171642472609536,0.0180095226730758,-1.1886964958534,-0.800824216002971
1609,18597,"s017","m0",0.241492580067508,-0.00757498601770815,-0.72266216158648,-1.45989693840042
1610,18603,"s017","m0",0.281539838083427,0.131725098201826,-0.992892703655881,-1.75497743842659
1611,18634,"s017","m0",0.205300583775933,-0.166244404156699,-1.42814636880886,-1.99456244700706
1612,18649,"s017","m0",0.254137552246819,-0.0321891117536401,-1.17401990366413,-2.2408591893768
1613,18652,"s017","m0",0.280975773814344,-0.13834655842155,-1.01821002899635,-2.38488295132562
1614,18654,"s017","m0",0.292017300721411,0.0142863586936388,-0.802864279511883,-2.18145617964403
1615,18660,"s017","m0",0.209459679846483,0.0541362837363226,-0.968733394125391,-1.35568221882999
1616,18671,"s017","m0",0.197535539613846,0.0621064915029527,-1.09757424334664,-1.6309295077085
1617,18706,"s017","m0",0.304334502696256,0.0481865375672648,-0.816402314363905,-2.22535876330598
1618,18733,"s017","m0",0.191751282563072,-0.0829377534885354,-0.775087755872535,-1.17772189279541
1619,18750,"s017","m0",0.320681820002623,0.000935929082112566,-0.876424163454644,-2.7080749545746
1620,18752,"s017","m0",0.208412442958919,0.115116731793121,-0.935467281173928,-1.47602984004921
1621,18757,"s017","m0",0.274774343464823,0.0960902781271252,-0.736505053460507,-2.25185783750925
1622,18768,"s017","m0",0.235148830775682,-0.0829351326644183,-1.07927177051192,-1.63482674680579
1623,18806,"s017","m0",0.328272444658706,0.0889604038195057,-0.609604043331341,-1.60794919222562
1624,18817,"s017","m0",0.240169348714537,-0.0252912873172976,-0.870930654037508,-1.80071010141509
1625,18864,"s017","m0",0.299593810519385,-0.0296675409600298,-0.697990501930195,-3.08816681004668
1626,18883,"s017","m0",0.263102425586893,0.0918662262591165,-0.922823913011457,-1.02409231630802
1627,18903,"s017","m0",0.192003806656015,0.0353887868578013,-0.99109879506124,-1.62377536503654
1628,18913,"s017","m0",0.294323911720296,0.185737498395747,-0.865356958761653,-2.77760501320837
1629,18930,"s017","m0",0.244623909818968,0.0294764432313469,-1.05859475424577,-1.99468118600641
1630,18946,"s017","m0",0.26861471635143,0.0104628254651737,-0.768529064278154,-1.65394464013276
1631,18957,"s017","m0",0.27999033918921,0.0098841562532975,-1.0571993249587,-2.19830267540351
1632,18989,"s017","m0",0.233656553279443,-0.0563771452406321,-1.01738522354041,-2.39491644683379
1633,18990,"s017","m0",0.255317106504432,0.0468422328249644,-0.801853340845085,-2.03952217242206
1634,19009,"s017","m0",0.288810782390772,0.136840026890522,-0.751442428973664,-2.61031398490739
1635,19025,"s017","m0",0.291164825238183,0.0636320997365276,-0.89436326397691,-2.13538298118995
1636,19028,"s017","m0",0.237595069767664,0.0510492648575349,-0.91275035762427,-1.22884291193156
1637,19039,"s017","m0",0.272589498753084,-0.0604922777207384,-0.905807809089377,-2.2341175523775
1638,19051,"s017","m0",0.203256130106964,0.0194263158292701,-0.943056760414673,-1.4332877469298
1639,19054,"s017","m0",0.242145441234579,0.0724036624177208,-0.931472458214986,-1.32179713916618
1640,19063,"s017","m0",0.283710836487223,0.0403078908389325,-0.959700565288452,-2.02917541224638
1641,19067,"s017","m0",0.219641697287612,-0.0195061161774587,-0.710747087859609,-1.86616956540083
1642,19083,"s017","m0",0.234843899061069,-0.0972067046330938,-0.867379245801306,-1.84530086325471
1643,19108,"s017","m0",0.251926910586742,0.0611470154523988,-0.952098811513731,-1.45318912939095
1644,19113,"s017","m0",0.224267688937341,0.071969529527041,-0.913328965774304,-1.50552132767036
1645,19129,"s017","m0",0.21991610654296,-0.0296142273478534,-1.0449516433299,-2.31395493153252
1646,19148,"s017","m0",0.210423404875349,0.0910357071105996,-0.83696273478429,-1.0264710715825
1647,19163,"s017","m0",0.231225193446932,-0.0447437876037063,-1.13261971569319,-1.75100770626224
1648,19164,"s017","m0",0.244158971737715,0.0342902848634771,-0.759525463173834,-1.35872388856264
1649,19166,"s017","m0",0.218945593715075,-0.0322255617407863,-0.870202928914166,-1.98244531380797
1650,19185,"s017","m0",0.312198899030848,0.11035187946702,-0.693044084000213,-1.48061379121092
1651,19194,"s017","m0",0.235709392185914,-0.0274137704794286,-0.903099676788417,-2.06330670330714
1652,19198,"s017","m0",0.199345996860389,0.0164152232299628,-0.847924768225251,-1.19618361881925
1653,19229,"s017","m0",0.278367689909314,-0.00360905235997136,-1.02273596012647,-2.03288992933233
1654,19233,"s017","m0",0.219247769435736,7.39283724663165e-05,-1.16301737077884,-2.42824882767918
1655,19252,"s017","m0",0.219119540127282,0.058244567550522,-0.955585947062919,-1.46270913169059
1656,19269,"s017","m0",0.294947903064985,0.0155365477495587,-0.857485048117964,-1.70872326292797
1657,19280,"s017","m0",0.32016466353973,0.114769726237476,-0.854616829925626,-2.0253445738516
1658,19294,"s017","m0",0.250894195996718,0.0733506094041742,-0.901738989012455,-1.53300190494375
1659,19314,"s017","m0",0.219731885106569,0.135049182657802,-0.924294339493384,-1.52488380116219
1660,19322,"s017","m0",0.271888533842567,0.0770472296020647,-1.01711087214662,-2.32884432082564
1661,19352,"s017","m0",0.285123276821659,0.0757531190148461,-0.670021476858418,-3.75077263165617
1662,19365,"s017","m0",0.154173000970489,0.0321907347581969,-0.887897064372052,-0.775156739697008
1663,19384,"s017","m0",0.244719393827075,-0.01510718670161,-1.24083849302867,-1.58441686353163
1664,19390,"s017","m0",0.23796240479388,0.12845069848057,-0.910463284512125,-0.756455487951073
1665,19391,"s017","m0",0.299035454944704,0.110292556629008,-0.705760985356483,-1.82225123576604
1666,19394,"s017","m0",0.215849260382965,-0.0522254960871845,-0.831093490005123,-1.82074915088171
1667,19411,"s017","m0",0.299460401622528,0.0822842091498686,-0.861818097397308,-2.41182275897513
1668,19415,"s017","m0",0.200130639592989,-0.0401664910243777,-0.935145539897095,-1.56785317513171
1669,19435,"s017","m0",0.236290580499255,-0.136596499572081,-0.928438584886095,-1.60162543889572
1670,19456,"s017","m0",0.284215264106094,0.125040219231138,-0.893332626807181,-1.80452365496228
1671,19459,"s017","m0",0.20438630529952,0.00120445320666656,-0.912581390720853,-1.00845754607561
1672,19474,"s017","m0",0.217826760703628,-0.0568019927654464,-0.946480044074411,-1.4517847001842
1673,19479,"s017","m0",0.232079697678844,0.14555910911122,-0.968713493013691,-1.66944216183898
1674,19483,"s017","m0",0.21128686650984,-0.0184293345052184,-1.14169584288866,-1.75118644257563
1675,19487,"s017","m0",0.249944700586217,0.12774476990412,-0.791101206450215,-1.81398350030785
1676,19497,"s017","m0",0.245462138366459,0.0484174630256039,-0.937321574082662,-1.38292208245938
1677,19512,"s017","m0",0.209668933334675,0.0160168826059278,-1.19386352800187,-1.38724665159933
1678,19516,"s017","m0",0.217808241097432,0.0724802970504654,-1.2297601396188,-1.08227277759714
1679,19524,"s017","m0",0.233355623096835,0.0649154970635506,-0.829603536670206,-1.75418145900723
1680,19541,"s017","m0",0.242594743491735,0.0616407333462862,-0.979800696407793,-1.17428380072506
1681,19600,"s017","m0",0.21928425680049,-0.0454312017332993,-0.750914872719744,-1.80978829394615
1682,19617,"s017","m0",0.290833492094252,0.0949462239309762,-0.595533724876584,-2.45059603656085
1683,19658,"s017","m0",0.212220635377868,-0.0336860156372915,-1.2926988691682,-0.921240518677326
1684,19682,"s017","m0",0.315416269233579,0.21536312775889,-0.660580933137197,-2.14119489469264
1685,19704,"s017","m0",0.21923715933809,0.161063967255558,-0.91976772684102,-1.67273145829514
1686,19706,"s017","m0",0.232518373253566,-0.0201935102425027,-1.04094381339618,-2.31976511582209
1687,19707,"s017","m0",0.251119878965784,0.0521892921213712,-0.954961142636397,-1.59359637446009
1688,19732,"s017","m0",0.243831905165753,0.0679859869526568,-0.868385387899349,-1.78454475383653
1689,19744,"s017","m0",0.241268558742933,-0.0458409188356461,-0.878154843082947,-2.21956713954877
1690,19745,"s017","m0",0.202289690636136,-0.0818091664474511,-0.963201625524256,-1.19398650788119
1691,19751,"s017","m0",0.282787106115387,0.119329661543909,-0.905502946852565,-1.87451414207618
1692,19752,"s017","m0",0.219940743607886,0.150369127191837,-0.991926443067812,-1.44782199265991
1693,19756,"s017","m0",0.284671805577969,0.138687296266034,-0.703927693860412,-2.41810792055647
1694,19769,"s017","m0",0.248428758550176,0.0502786906070476,-0.715846543986608,-1.60987412585276
1695,19783,"s017","m0",0.21013904837643,0.0570654099488473,-1.11688792360155,-0.946181719364448
1696,19801,"s017","m0",0.212598043357195,-0.0129334590449131,-0.825680414128258,-0.834060311599249
1697,19806,"s017","m0",0.295331031094064,0.0492711764619747,-0.977849648717897,-1.8042438818608
1698,19811,"s017","m0",0.293326048416541,0.106764456235405,-1.03225856786572,-2.19112787785569
1699,19825,"s017","m0",0.238001158842942,0.0507267593198169,-1.22012041479534,-1.40528394617337
1700,19844,"s017","m0",0.293757603757841,0.189733145040586,-1.01707102960214,-2.45192003177937
1701,19854,"s017","m0",0.242331683118959,0.0805430540828328,-0.65457901422886,-1.8394580747561
1702,19855,"s017","m0",0.250198685152538,0.0229069922632795,-0.975973504333376,-2.19396254045047
1703,19863,"s017","m0",0.293816252756461,0.125421831739186,-0.841037921003214,-2.09683864103454
1704,19886,"s017","m0",0.264729165835083,0.0999757193884362,-0.677895112315799,-1.76083285088898
1705,19901,"s017","m0",0.252509790297664,0.0337693250078059,-1.03868528570226,-2.0014918652764
1706,19903,"s017","m0",0.180835297306377,-0.00107130910576926,-0.932779789211823,-0.848356012077506
1707,19928,"s017","m0",0.263424533192653,0.0347206616907634,-0.800787588270638,-2.1329621189168
1708,19939,"s017","m0",0.27275161912361,0.0635128799803403,-0.907488068760621,-3.02208349777483
1709,19941,"s017","m0",0.268097121934514,-0.0394346634813858,-0.92669145072545,-2.69914449935485
1710,19951,"s017","m0",0.305723898601016,0.136750674589192,-0.729741609537932,-1.85736690497471
1711,19959,"s017","m0",0.142073401645766,-0.129953244165415,-1.16583901718453,-1.1972622374962
1712,19967,"s017","m0",0.298182211102272,0.102322779018375,-0.951110800325296,-1.85198331522111
1713,19973,"s017","m0",0.226516454513416,-0.0603248535214356,-1.07226814964203,-1.65118249365407
1714,19976,"s017","m0",0.313042650947345,0.104860732978488,-0.852370071534213,-2.04586654908398
1715,19978,"s017","m0",0.225273190784615,-0.000133281803880603,-1.16882031228833,-2.45421108574776
1716,19990,"s017","m0",0.149929316303544,-0.0598350390405711,-1.15905114815001,-1.2615084148272
1717,19994,"s017","m0",0.211872762391579,-0.079220458409271,-1.21591493149471,-1.82752870987306
1718,20000,"s017","m0",0.236108422453291,0.0148798479778034,-0.863644270506758,-1.59438412866014
1719,20007,"s017","m0",0.212595597511223,-0.0639312629216413,-0.905918302776379,-1.04622995350749
1720,20009,"s017","m0",0.21528057817826,-0.0811983904446354,-1.12929227297262,-2.19102741283597
1721,20022,"s017","m0",0.24471059872686,0.0195729336573557,-1.02225576741143,-1.50662803371116
1722,20048,"s017","m0",0.260249998780089,0.0155855179940758,-0.723526695264297,-1.60390463116489
1723,20059,"s017","m0",0.227091740162701,0.0858672854151182,-1.22007288914288,-1.41145206471238
1724,20078,"s017","m0",0.262800850841405,0.0398838477241236,-0.828876308971738,-1.72517866386111
1725,20081,"s017","m0",0.260375367598965,-0.0483708097078554,-1.00266640788539,-2.15837956082793
1726,20086,"s017","m0",0.316763039755209,0.0633496185077216,-0.644093723913818,-2.37912675830566
1727,20097,"s017","m0",0.235398380904998,0.0523104440934323,-0.861985175911,-1.77459525259362
1728,20099,"s017","m0",0.245388599524256,0.0212051894169536,-0.994108208562135,-2.90594416201533
1729,20103,"s017","m0",0.355167153231183,0.145681569687599,-0.500387564459745,-2.4155334402016
1730,20109,"s017","m0",0.211558027374168,-0.0652999094550239,-1.07314794556549,-1.84493629066032
1731,20111,"s017","m0",0.200487860909234,0.0139090528461703,-1.00917167003244,-1.01307046555009
1732,20163,"s017","m0",0.232274482261917,0.123340192292476,-0.904156068844106,-1.15010049390841
1733,20169,"s017","m0",0.200548371825626,-0.109079242465886,-0.818646235765482,-1.57427395945193
1734,20183,"s017","m0",0.296634751566882,0.110824450006972,-0.736872706616636,-2.33540961339153
1735,20192,"s017","m0",0.312482586422082,0.100946134146981,-0.904595796318746,-2.1533420792344
1736,20228,"s017","m0",0.286429704328231,0.0128999876327998,-0.868480216419852,-2.99396260203563
1737,20239,"s017","m0",0.201700163562652,0.0276109420619148,-0.917214184568326,-1.09271971532568
1738,20242,"s017","m0",0.293054969878021,0.167681846311472,-0.619200745923841,-2.12260037960369
1739,20244,"s017","m0",0.307414785586416,0.072744027699952,-0.856105839243304,-2.92949654173463
1740,20261,"s017","m0",0.192276042677065,-0.058880246269482,-0.967052057563367,-1.5553678495525
1741,20292,"s017","m0",0.249571042847572,0.0687156330855383,-0.990296866595941,-2.51863680979797
1742,20295,"s017","m0",0.284705294102773,0.149778147276418,-0.645134488262071,-1.61192757687174
1743,20321,"s017","m0",0.215204409115349,-0.044022633971547,-0.9785400425791,-2.1250877224531
1744,20330,"s017","m0",0.224475169949185,-0.0324360618808735,-1.06727305120864,-1.12383722596536
1745,20339,"s017","m0",0.214708758538854,0.0555899487376641,-1.17013375660097,-1.58126959566783
1746,20345,"s017","m0",0.251959404799772,0.0838621330002265,-1.01353309907449,-1.64996781433531
1747,20353,"s017","m0",0.310995533491845,0.0625651263516281,-0.739303279461957,-2.82539781532796
1748,20356,"s017","m0",0.268924729339625,-0.0472646811290361,-0.820090650523777,-2.25833916112554
1749,20370,"s017","m0",0.21852199057786,0.0174145826885382,-0.807205596806167,-1.54759118371363
1750,20396,"s017","m0",0.325591121893157,0.110648925555115,-0.894119789146796,-1.8630241036789
1751,20405,"s017","m0",0.249278821340502,0.0212890567698195,-0.85860813880837,-1.3979889516332
1752,20412,"s017","m0",0.315213324028555,0.183792625520225,-0.926525559325201,-2.45348574183898
1753,20417,"s017","m0",0.269254542657641,0.142146251757277,-0.750317413799212,-1.45972504720715
1754,20433,"s017","m0",0.267676781119576,-0.0739189722611525,-0.80283662564717,-1.94200044116645
1755,20447,"s017","m0",0.277235977609283,-0.0138536685259035,-0.74161379256223,-2.08567527095791
1756,20475,"s017","m0",0.28344519159119,0.104879113153641,-0.974074692462779,-2.13621728898242
1757,20491,"s017","m0",0.219108812646405,-0.0301374418853081,-1.00640349847792,-2.09769540173058
1758,20500,"s017","m0",0.216304595962453,0.0283500944201745,-0.952158124775118,-1.06457815074715
1759,20534,"s017","m0",0.29584437770166,0.133994008430702,-0.771167556331131,-2.86148337627911
1760,20539,"s017","m0",0.221723379955997,0.0193853380833294,-0.652921851449954,-1.23929503417205
1761,20550,"s017","m0",0.247532731992891,0.0823181797114098,-0.710077564347282,-2.11559543373263
1762,20553,"s017","m0",0.240612861064597,0.0804347283544692,-0.949467856756935,-1.06283086518104
1763,20561,"s017","m0",0.22893901138074,0.100851432819833,-0.94735928922716,-1.58643803356386
1764,20583,"s017","m0",0.208137177599965,-0.0553504658216301,-0.948523760581103,-1.53249575291142
1765,20586,"s017","m0",0.320016466599943,0.0393784854259013,-0.752507356396494,-2.78773421011955
1766,20591,"s017","m0",0.25447104702789,0.0548143080913007,-1.14020773729082,-1.85928692735006
1767,20610,"s017","m0",0.210072299448712,-0.0645229987066828,-1.16889526587982,-1.58085730361133
1768,20611,"s017","m0",0.24331116310459,0.0913959446215266,-0.99989491847208,-2.55788487452044
1769,20635,"s017","m0",0.292883119065098,0.172183538526911,-0.704690080848694,-2.28901369674424
1770,20637,"s017","m0",0.250658786986142,0.0124781925733913,-0.873315334682927,-2.73005231805086
1771,20663,"s017","m0",0.196287764342589,-0.100360078952632,-0.880877056241366,-0.99073505423882
1772,20674,"s017","m0",0.22777731510271,0.0277527559426514,-1.36014314001747,-1.58823038017981
1773,20689,"s017","m0",0.221694109375056,0.0509029713510115,-1.06167325964277,-1.28967473685197
1774,20704,"s017","m0",0.164424869602407,-0.110570011305747,-1.08937847952812,-1.4528571218557
1775,20718,"s017","m0",0.209812016605195,0.0134766508639894,-0.985708959991863,-1.98221467402279
1776,20748,"s017","m0",0.312205297592408,0.187456879738745,-0.779938653913401,-2.86359971045273
1777,20758,"s017","m0",0.272758791709965,0.0161352793694127,-0.707811405474702,-2.90470684108522
1778,20760,"s017","m0",0.291623824084968,0.132335254630123,-0.808494690605001,-2.60840858771175
1779,20767,"s017","m0",0.21840737440593,0.0635527941433829,-0.924307137022913,-1.31890064098049
1780,20773,"s017","m0",0.272318616936922,0.0503965965389048,-1.0221518422578,-1.94881241460906
1781,20776,"s017","m0",0.224494611930536,-0.00677552693873692,-0.935858091167043,-0.776145262680035
1782,20791,"s017","m0",0.296907577737089,0.153367648576801,-0.72739117468943,-2.33499396356188
1783,20793,"s017","m0",0.282907955984747,0.133645674555366,-0.931219198201507,-1.55569414952918
1784,20799,"s017","m0",0.249961568391099,0.019452509591717,-0.791512964128886,-1.73316217832201
1785,20828,"s017","m0",0.209677801451395,0.0976077478921654,-0.988779882050726,-1.44061357944742
1786,20835,"s017","m0",0.205583442686581,0.0921828840788443,-1.36956955514239,-1.33964814522027
1787,20840,"s017","m0",0.238130545342851,0.132599258429946,-0.707279260814745,-1.9237819884706
1788,20845,"s017","m0",0.298545047464567,0.0977684519037721,-0.72955286199855,-4.01190214958692
1789,20871,"s017","m0",0.25271031273814,0.128225321420854,-1.14188121460564,-1.69252587128395
1790,20876,"s017","m0",0.321483201876565,0.200260388050853,-0.711086827934704,-3.36653620192868
1791,20898,"s017","m0",0.289005869305251,0.0914356135250104,-0.866299530239205,-2.97835549672666
1792,20908,"s017","m0",0.21288172677654,0.100459084494921,-1.01794988173974,-1.15472851183432
1793,20910,"s017","m0",0.204272093753501,0.0132208592792807,-0.9588242248395,-1.66956203498022
1794,20920,"s017","m0",0.208966492805093,-0.0661711635686549,-0.84030445592809,-1.84727874847975
1795,20937,"s017","m0",0.264197295415034,0.0783495884892318,-0.935502738438644,-1.48286372082781
1796,20941,"s017","m0",0.294390216711292,-0.0589417796646663,-1.00385119570503,-2.38259263121799
1797,20944,"s017","m0",0.239419565335805,0.0330117334610267,-1.15168275185215,-2.18030117946308
1798,20953,"s017","m0",0.181934062095785,0.0470819684898746,-1.08028781242222,-2.09274078459976
1799,20954,"s017","m0",0.267375765712721,0.069621993347015,-0.893430701822237,-2.93681191464878
1800,20960,"s017","m0",0.248472633238742,0.07894259559313,-0.75709927220957,-1.32097919531463
1801,20968,"s017","m0",0.286845460911831,0.164133534904756,-0.64293843319417,-1.84853906027257
1802,20985,"s017","m0",0.26228280324402,0.0140251574147567,-0.9479331492783,-1.89873205382235
1803,20989,"s017","m0",0.270673478232994,0.034235550258002,-0.794944895911327,-1.56286379737193
1804,20995,"s017","m0",0.259503711687349,0.119346637828542,-1.08081363292378,-2.77426896808714
1805,21011,"s017","m0",0.235595933926859,0.0587962553934885,-0.950496008791417,-1.38641660385896
1806,21028,"s017","m0",0.295185276830133,0.114131931586422,-0.614480429297047,-3.11485299808507
1807,21035,"s017","m0",0.236368796292553,-0.0368285057237797,-1.09819153909098,-2.01256635230083
1808,21041,"s017","m0",0.145284483516574,-0.163196886395677,-1.12930559349288,-0.71914628965627
1809,21048,"s017","m0",0.30657746284257,0.0143499444727758,-0.630358521361249,-2.73016877623528
1810,21055,"s017","m0",0.218215172006516,0.0963575874628511,-1.17924764964632,-1.30299648065902
1811,21061,"s017","m0",0.261644434132617,0.134803405033526,-0.772214900763626,-1.85526036129088
1812,21062,"s017","m0",0.219379937243613,0.110457754323859,-0.728103918232844,-1.01849094443894
1813,21064,"s017","m0",0.253821433184911,0.0365292321628963,-0.703530473353071,-3.10532470636561
1814,21076,"s017","m0",0.278165927163939,0.0375653411839755,-0.536074755934646,-1.81840730750371
1815,21102,"s017","m0",0.249527087604621,0.0689790204844307,-1.25266507912634,-3.15497398718086
1816,21104,"s017","m0",0.270618558724065,-3.0704443694669e-05,-0.834794206509272,-2.42216602801823
1817,21114,"s017","m0",0.279517404707787,0.0917010104980367,-0.785205999010085,-1.79203646163412
1818,21118,"s017","m0",0.244798870183264,0.04849358010282,-1.00871226117603,-1.20801820694038
1819,21131,"s017","m0",0.232621228454089,0.0372689911820059,-1.1459660475762,-1.03525357562562
1820,21132,"s017","m0",0.206996584765452,-0.0570312374994041,-1.27787973138162,-1.40919005848376
1821,21133,"s017","m0",0.306574599507671,0.0284331342357969,-0.600814225353721,-2.50917675572588
1822,21159,"s017","m0",0.219827176448183,0.0682614528905718,-0.903155513314753,-1.50345205657115
1823,21184,"s017","m0",0.226258954441378,0.1282022775857,-1.08535190742907,-1.37127029673632
1824,21208,"s017","m0",0.266719561093454,0.0655465221056552,-0.786250011958435,-1.26412809568199
1825,21214,"s017","m0",0.256341391408985,-0.00393060013367805,-0.726605465859643,-1.87330331919893
1826,21215,"s017","m0",0.22208661312289,0.069039017080492,-1.23600099408794,-2.33013201000647
1827,21217,"s017","m0",0.24801987267975,0.0657620375056384,-1.05167724363053,-2.34557314423944
1828,21239,"s017","m0",0.29163093994395,0.114967228652014,-0.854139461317898,-1.9377056660596
1829,21252,"s017","m0",0.207702545840673,-0.0417296886424832,-1.15501703578694,-1.70137455258166
1830,21258,"s017","m0",0.234160654216915,-0.0188226565165722,-1.07762564074329,-2.71936820706458
1831,21287,"s017","m0",0.251844098152254,0.0679213134690153,-0.931710624936088,-2.22022942738455
1832,21296,"s017","m0",0.252373457963902,0.0194060991326538,-0.705885685616968,-1.65882547239171
1833,21298,"s017","m0",0.282579354807558,0.0770420756670407,-0.909001213435919,-1.9115201642295
1834,21345,"s017","m0",0.304727867398565,0.0989374514654075,-0.862606397511255,-2.89228879581606
1835,21348,"s017","m0",0.303254274094404,0.104625868122315,-0.771519311319208,-1.59696495300805
1836,21376,"s017","m0",0.2787865478138,0.113185246785398,-0.784330749222113,-1.44650330225737
1837,21408,"s017","m0",0.262935747950216,0.055143013059778,-0.946082212829473,-1.08853629691158
1838,21413,"s017","m0",0.261973771197005,0.0954762226865259,-0.995294478413071,-2.71687462155259
1839,21421,"s017","m0",0.229997137122463,-0.00782644528218952,-1.1827380578074,-1.70858832969563
1840,21425,"s017","m0",0.306513397733648,0.128614196272048,-0.838076134336167,-2.49803414637948
1841,21428,"s017","m0",0.114455465954392,0.0159894010841189,-1.58529282379011,-0.175759652257152
1842,21429,"s017","m0",0.295371336803436,0.10782756752561,-1.03012813200905,-2.6683560705205
1843,21451,"s017","m0",0.259227993636424,0.0600120065080899,-0.762242146143431,-2.54819817806257
1844,21480,"s017","m0",0.298501914741343,0.0238463764809319,-1.02836347739588,-2.15458377201041
1845,21505,"s017","m0",0.222312200712212,-0.024548464175306,-1.42437947974816,-1.98661990999196
1846,21508,"s017","m0",0.304159443708375,0.0328346317478585,-0.644543078521648,-3.11248577037793
1847,21522,"s017","m0",0.225782856781754,0.00895827273137871,-0.906950083068628,-1.41914408226632
1848,21530,"s017","m0",0.218781855982366,0.0474095269573096,-0.615894165234541,-1.5947853343094
1849,21531,"s017","m0",0.238788830406744,-0.0852176207133391,-0.965313471260976,-1.80697807547446
1850,21537,"s017","m0",0.214557052413472,0.02709816664765,-0.89546335425325,-1.06752831471759
1851,21541,"s017","m0",0.213842449140108,0.058557983593526,-1.15186961747436,-1.9123854069222
1852,21556,"s017","m0",0.220233445797087,-0.0162905684481544,-0.91853102121685,-1.21228156456247
1853,21562,"s017","m0",0.288946727152819,0.0980856906765742,-0.904560800088753,-4.21709695769374
1854,21569,"s017","m0",0.219660499764284,0.00622637140911871,-0.973896404251086,-2.60742465406466
1855,21573,"s017","m0",0.186337563081974,-0.083730569481322,-1.30232019920243,-1.38213093813361
1856,21585,"s017","m0",0.300008037900647,0.104023260838596,-0.888905951739746,-2.65545720794566
1857,21591,"s017","m0",0.232636643680184,-0.0455461608775819,-1.40245099719861,-2.51732319191413
1858,21598,"s017","m0",0.314956807788307,0.0968548669153265,-1.18022775246859,-2.56445362064291
1859,21600,"s017","m0",0.184339245069742,-0.103087026716588,-1.06218123942773,-1.10450525299233
1860,21603,"s017","m0",0.196193489974994,-0.0976348858600719,-1.19052790608446,-1.37273447590407
1861,21614,"s017","m0",0.15149612272247,-0.081745020424012,-1.11299618304063,-0.792265704174616
1862,21620,"s017","m0",0.202944182688907,-0.0709922851447996,-0.938783734033889,-1.58034820212754
1863,21634,"s017","m0",0.269440123201783,0.00994535508911461,-0.847760263592369,-1.91458079261745
1864,21640,"s017","m0",0.276934662880598,0.0361780925996664,-0.825098609310883,-1.42944213577147
1865,21660,"s017","m0",0.240289344325819,0.00891113335290662,-0.999113610006795,-1.82263535451307
1866,21672,"s017","m0",0.255574487837735,0.00224569268887259,-0.681521583023025,-1.81957188051012
1867,21686,"s017","m0",0.231383589362886,0.00914760711368945,-1.10957724427085,-1.24806286057847
1868,21701,"s017","m0",0.238696574208993,0.0211255949464997,-1.00170889149526,-1.43900334889242
1869,21731,"s017","m0",0.258283412729668,0.0503755731181616,-0.868091248689473,-1.60961657490453
1870,21742,"s017","m0",0.25863608739773,0.00471269184189501,-1.18786837146969,-3.41531823311847
1871,21766,"s017","m0",0.171199692995492,-0.0720309256593217,-1.29848483316171,-1.30525417585517
1872,21773,"s017","m0",0.215210994483974,-0.0321543577660094,-1.00740448390522,-1.24206911121937
1873,21776,"s017","m0",0.243596716398069,-0.0208744724167651,-1.19978363871917,-2.5636681797503
1874,21777,"s017","m0",0.165477622029853,-0.0932405936371256,-1.50074343756355,-0.985172569354976
1875,21783,"s017","m0",0.210824447316723,-0.0294286111574137,-0.786576706335538,-1.65309261532577
1876,21788,"s017","m0",0.242909662170115,-0.0273594039525693,-1.24758657792535,-2.027907975774
1877,21799,"s017","m0",0.310233684184072,0.145112122297748,-0.847826637364808,-2.7376138300383
1878,21807,"s017","m0",0.262722222051719,0.129482890232463,-1.10646890373908,-2.23758001655855
1879,21816,"s017","m0",0.292683865737424,0.119976886484319,-0.961341722865825,-3.09061297108415
1880,21833,"s017","m0",0.237945628482384,-0.0838478811438293,-1.11014747419819,-2.74178425457171
1881,21835,"s017","m0",0.280348035885502,0.118806650878961,-0.971127655601096,-2.40126303224584
1882,21856,"s017","m0",0.327861331459251,0.2137040847898,-0.686592596013181,-2.59276957904008
1883,21859,"s017","m0",0.238574043770321,0.0223470537302699,-1.05498900326791,-2.03409662615731
1884,21884,"s017","m0",0.308976045521898,0.0986001715267234,-0.95472014100663,-2.0755837272927
1885,21927,"s017","m0",0.280102220142462,0.0792358539473441,-0.924242036441534,-2.54623696984107
1886,21937,"s017","m0",0.21430563665869,0.0854809590649287,-0.938131593272199,-2.02774719930558
1887,21987,"s017","m0",0.260643549773822,0.0395041808029455,-0.872316831364824,-1.75156463108274
1888,21995,"s017","m0",0.226511815788123,0.00700748197844923,-0.8761207298099,-1.12066348461777
1889,22027,"s017","m0",0.228555901709301,-0.160474039820595,-0.709503194773995,-1.77193867609063
1890,22053,"s017","m0",0.227306745377792,0.0107747148901547,-0.881638750220417,-2.08688691810769
1891,22074,"s017","m0",0.268598541674663,0.0879462592669631,-0.862979433944284,-2.82413122848755
1892,22082,"s017","m0",0.323923724673645,0.123768625549702,-1.14578680069506,-2.68874589349211
1893,22085,"s017","m0",0.341980224458049,0.217059649399172,-0.695941672876914,-2.16445767207241
1894,22092,"s017","m0",0.229913443881232,0.0367920235978884,-0.779915564101484,-1.45440000998659
1895,22093,"s017","m0",0.243456103536322,-0.00778677313364905,-1.13657267373329,-1.45349281160683
1896,22096,"s017","m0",0.260741534553791,0.132041678595636,-1.08739440179015,-1.53182662375143
1897,22100,"s017","m0",0.281926726664052,0.0611157014291811,-0.720111059286944,-3.67331480652194
1898,22106,"s017","m0",0.237287702153091,0.0434099675883582,-0.939746293458168,-1.38932730596433
1899,22116,"s017","m0",0.259235755352355,0.0925937721204506,-0.956206415291244,-1.57051528067176
1900,22126,"s017","m0",0.267541518217066,-0.0453777363804749,-0.979453597183184,-2.18986468891971
1901,22129,"s017","m0",0.306580695374776,0.0942620434093414,-0.948406259776179,-2.54493120073729
1902,22136,"s017","m0",0.236483995530588,0.0145929396461108,-1.03331747614611,-1.80046552367771
1903,22157,"s017","m0",0.198623619303404,-0.0696227506146306,-1.00974494793982,-1.84481846860392
1904,22176,"s017","m0",0.226829143165899,-0.045165750483733,-0.863907764392391,-1.31350336944944
1905,22194,"s017","m0",0.231044182916366,0.0155478049671483,-0.79671294448146,-1.54379115718583
1906,22195,"s017","m0",0.234064213619492,-0.0300397210071417,-0.981533630535714,-2.49906709915382
1907,22208,"s017","m0",0.283932212919715,0.074864269522891,-0.552021906949362,-2.41456305094674
1908,22217,"s017","m0",0.224056209700847,0.0717583638959388,-1.0955548983024,-1.42105598212977
1909,22230,"s017","m0",0.285390867047414,0.150550753576114,-0.74617823313438,-2.45117367301023
1910,22235,"s017","m0",0.185303991263868,0.0167945645048609,-1.01931567311845,-1.01954860096028
1911,22253,"s017","m0",0.208069565893979,-0.0531860254043112,-1.04061581079596,-2.05521238134541
1912,22258,"s017","m0",0.163999569299638,-0.0612655572022641,-1.24024347191025,-1.35578319695198
1913,22260,"s017","m0",0.214642240587946,-0.0412928722566752,-0.881086756179165,-1.53056109114843
1914,22267,"s017","m0",0.229166079170183,0.0219764642178194,-1.0212515017062,-1.11841212609109
1915,22269,"s017","m0",0.243208650068973,0.0269199748769218,-1.08820861295656,-1.74620388104108
1916,22275,"s017","m0",0.257940385614564,0.0655583076867775,-0.755013201612346,-2.019416500217
1917,22283,"s017","m0",0.281671187541882,0.158194204035936,-1.00684059510691,-1.94845418187208
1918,22290,"s017","m0",0.19694799613564,-0.0569665346971092,-1.1333974187296,-0.98320503110577
1919,22293,"s017","m0",0.249234105326768,-0.0638397779341208,-0.762171272401941,-1.56966322018527
1920,22301,"s017","m0",0.198123921664609,0.123138411481971,-0.776547565910141,-0.707108998465672
1921,22302,"s017","m0",0.222140757997618,0.0446586069557503,-0.97862638945641,-1.94264787193402
1922,22312,"s017","m0",0.250076222126682,0.00700037664767573,-1.18891130278824,-1.71370416187477
1923,22313,"s017","m0",0.266211935364979,0.0263434584924948,-0.826321680966416,-1.98033011916577
1924,22318,"s017","m0",0.286524449503219,0.0420577014532141,-0.928914752308822,-2.42835862714187
1925,22339,"s017","m0",0.290167598015573,0.098446529236057,-0.786770887876065,-2.95967979249646
1926,22351,"s017","m0",0.228650361398657,0.00065222980460334,-0.747642808099809,-1.39249580188312
1927,22359,"s017","m0",0.245076890776467,0.0035282846603574,-1.32662719412382,-2.56299767047784
1928,22366,"s017","m0",0.177133583543647,-0.017598140333571,-0.881315237812933,-0.455854771347516
1929,22390,"s017","m0",0.23199361875591,-0.00665187248096705,-0.98779317633093,-3.06642670151241
1930,22400,"s017","m0",0.24725747827038,0.0248763146889475,-0.856592831528738,-2.10324729377397
1931,22420,"s017","m0",0.207714981861018,0.034588445225535,-0.773964963233435,-1.22416623604999
1932,22422,"s017","m0",0.203857682956754,-0.0905761921533764,-1.15862484984122,-2.15552873923043
1933,22473,"s017","m0",0.222948069175104,0.0795814102680016,-0.957855534910178,-1.29935810283207
1934,22475,"s017","m0",0.251548070803318,0.107499419918856,-0.755056524034038,-1.09882264208532
1935,22476,"s017","m0",0.254104556525738,0.0567407215331331,-1.06562684630113,-2.39289048665847
1936,22479,"s017","m0",0.199994696116818,-0.00578692931606739,-1.50855097331509,-2.15004767953803
1937,22480,"s017","m0",0.218506285021096,0.0487976497346443,-1.06894683178694,-1.52498491662226
1938,22489,"s017","m0",0.316823388459548,0.186307168937969,-0.778063531227436,-2.85207656478689
1939,22490,"s017","m0",0.211518758346253,0.0408099833765096,-0.988040231417232,-1.03906032812417
1940,22498,"s017","m0",0.244044978238599,0.106560327710913,-0.968762377243106,-2.70816166765189
1941,22509,"s017","m0",0.260394946982384,0.0669036132833012,-0.831165483328424,-1.50821208432401
1942,22547,"s017","m0",0.14761309858866,-0.0757927925276264,-0.985568053383689,-0.879677588941227
1943,22551,"s017","m0",0.182279295123656,-0.0304404859581671,-1.24128900031894,-1.18006451872221
1944,22567,"s017","m0",0.300160336200787,0.124109964899729,-1.01078282181052,-3.21923020379116
1945,22595,"s017","m0",0.196631794824771,-0.0283701066997531,-1.17442187394639,-1.91246502170179
1946,22604,"s017","m0",0.183625778030149,0.0284417023372251,-1.16906478682498,-1.16874633286395
1947,22612,"s017","m0",0.189842485031218,0.0187964291016794,-0.791182809613403,-1.49945413179136
1948,22635,"s017","m0",0.159284086866605,-0.157675735637537,-0.963055984012285,-1.14910042569571
1949,22662,"s017","m0",0.192745970651228,0.0153648383916865,-0.95245151258187,-1.61230364425432
1950,22669,"s017","m0",0.230243483869899,-0.0635283583878035,-0.851932020987103,-1.61797423620738
1951,22677,"s017","m0",0.257892861861317,0.0143451817954617,-0.866543859111057,-2.25353273505963
1952,22694,"s017","m0",0.235037459655459,-0.00742246493306659,-0.833168754033527,-2.28015210422156
1953,22699,"s017","m0",0.199740344669395,-0.0258920160002283,-0.954534659816609,-1.4587138266396
1954,22743,"s017","m0",0.182360846812828,0.0963421025130314,-1.12074758361303,-0.865372564438068
1955,22759,"s017","m0",0.249625610087808,0.0115313075472,-1.16608432254047,-1.80072656441231
1956,22766,"s017","m0",0.259858531882969,-0.0497843938215838,-0.614453989667854,-1.77529735214725
1957,22770,"s017","m0",0.253875429556596,0.0570962695958516,-1.0029232878644,-1.60444855948728
1958,22774,"s017","m0",0.276409226781881,0.0338013992367364,-0.79184170334317,-2.46019024399363
1959,22806,"s017","m0",0.229298421623531,0.00895028952570806,-1.08497890282727,-1.43011799192588
1960,22828,"s017","m0",0.222852837803917,-0.00943914961123567,-1.15317051011999,-1.67487006410107
1961,22855,"s017","m0",0.231713395067309,0.0378373631477373,-1.12299867848298,-1.65321551796581
1962,22865,"s017","m0",0.219614376111946,-0.0267147531885951,-0.763511976880752,-1.59712582771887
1963,22871,"s017","m0",0.226946646269075,-0.0690824057070014,-0.958201078948724,-1.74269872620928
1964,22893,"s017","m0",0.246874317083441,0.00505566628220475,-0.899649192419948,-2.14567770544338
1965,22896,"s017","m0",0.248934872106275,0.136520173973135,-0.877829661581526,-1.94790745328088
1966,22910,"s017","m0",0.302662681121819,0.0433527343258438,-0.686943789098917,-3.04084362772396
1967,22916,"s017","m0",0.27890534674457,0.0235082594563305,-0.540844828708965,-1.450470417615
1968,22941,"s017","m0",0.229073971027848,0.039272294590861,-1.0578756288283,-1.86331193786889
1969,22950,"s017","m0",0.260135643329421,0.0505794032888001,-0.952419820536166,-2.40243542578551
1970,22965,"s017","m0",0.246729317062602,0.0473765585276248,-0.825735052087297,-1.81151385111254
1971,22980,"s017","m0",0.182255549333048,0.062052583540275,-0.999515710216632,-1.72824051411945
1972,23004,"s017","m0",0.218354108748587,-0.0885784478107857,-0.90736702820755,-1.71936662927217
1973,23026,"s017","m0",0.293019834360522,0.0176629452070838,-0.768959946674656,-3.2233184869789
1974,23028,"s017","m0",0.216798546269413,-0.0528377114714946,-0.964617850846853,-1.7059944751775
1975,23029,"s017","m0",0.26695593922584,-0.00183077526161877,-1.03580946159328,-2.61845650474938
1976,23035,"s017","m0",0.19874815591108,-0.0429993477650516,-1.11425101341091,-1.20350726127942
1977,23063,"s017","m0",0.260609881994073,0.0935091949467522,-0.869154051297904,-1.45396216526656
1978,23069,"s017","m0",0.267692642187511,0.0386755522137394,-0.878947820857872,-2.01653719019987
1979,23078,"s017","m0",0.236669390935872,0.00514481443461478,-0.868528055717758,-1.50387625493351
1980,23080,"s017","m0",0.176579527856359,-0.0808196802385746,-0.942676995989103,-1.08554902507824
1981,23091,"s017","m0",0.22692540634528,-0.0249006438622964,-0.967290597022975,-1.87537034076605
1982,23136,"s017","m0",0.215571445690733,-0.0191287404366571,-1.16033758853456,-1.58518832331164
1983,23173,"s017","m0",0.225150425939683,0.0532128060365082,-0.903602490454815,-1.57873874259576
1984,23200,"s017","m0",0.234037919016451,-0.0354431161166897,-1.00852611037621,-2.04199351505796
1985,23217,"s017","m0",0.281069362013805,0.0969442066454045,-0.81149779138182,-2.22793621838903
1986,23238,"s017","m0",0.245567231403215,0.0828572693519651,-0.787096966585109,-2.30773908943153
1987,23264,"s017","m0",0.283646980897607,0.153027069761471,-1.02755846741333,-1.54308571818248
1988,23271,"s017","m0",0.265016112288975,0.0495554432274595,-1.16382871383171,-1.63041900516672
1989,23272,"s017","m0",0.237022922267294,-0.0460017529199786,-0.655287219862764,-2.21073713813654
1990,23278,"s017","m0",0.287876267644717,0.175582365488136,-0.986568018219261,-2.77711817078081
1991,23288,"s017","m0",0.286794704094223,0.0617711701495964,-0.948910279430085,-2.91996652555028
1992,23292,"s017","m0",0.21874827381339,0.000739548953551857,-1.08302025692671,-1.59443940137872
1993,23309,"s017","m0",0.232094743628226,-0.0251019938622609,-0.830549678328121,-1.46679411755296
1994,23319,"s017","m0",0.213847445611101,-0.0119638258269959,-0.893099507777281,-1.34753909601692
1995,23321,"s017","m0",0.267273324483356,0.0060768385310694,-1.03106499292008,-1.8671464235044
1996,23324,"s017","m0",0.219495553086286,0.037691135517175,-1.49794515073533,-0.660323215121391
1997,23333,"s017","m0",0.261197494963058,0.142586397157713,-1.1846312429581,-1.59902497537383
1998,23362,"s017","m0",0.271161406624026,0.0788984970029781,-0.740392754670045,-2.6899294445545
1999,23384,"s017","m0",0.242346148620946,0.0140649693449964,-1.01290249903366,-1.29235974720353
2000,23389,"s017","m0",0.304167733203012,0.0891722562115942,-0.643758295003734,-1.99616932005285
2001,23404,"s017","m0",0.273535068491955,0.0619503343053204,-1.19472415539331,-2.4049219711941
2002,23414,"s017","m0",0.269239780657472,0.0578098423680977,-0.941310424553453,-3.17817977092653
2003,23421,"s017","m0",0.314448605796252,0.186324460281355,-0.564251768586591,-2.26000378716779
2004,23438,"s017","m0",0.26834758963562,0.0452565522389871,-0.926315589335977,-2.03083363347082
2005,23458,"s017","m0",0.225172783056258,-0.0339512323206743,-1.03345345625765,-2.90368591402611
2006,23459,"s017","m0",0.268666988812616,0.112453166533842,-0.84169255938087,-1.83718526471901
2007,23493,"s017","m0",0.256444017368217,0.0381890472318801,-0.907675204772595,-2.01668690381183
2008,23528,"s017","m0",0.211626603462851,0.00151073905642146,-0.789043313386843,-1.17948672692825
2009,23539,"s017","m0",0.31606234200311,0.139525984386536,-1.07655485819066,-2.90990851558718
2010,23568,"s017","m0",0.269451228158741,-0.0280553447085947,-0.831779776657339,-1.95572218771455
2011,23592,"s017","m0",0.253738246794192,0.109336587381917,-0.796857301447919,-1.73267686781934
2012,23596,"s017","m0",0.266471436659343,0.0755884732618082,-1.13238266930691,-2.19908437814867
2013,23598,"s017","m0",0.242613574914573,-0.00329208783553664,-1.09891615415075,-1.89097576646329
2014,23602,"s017","m0",0.316411550413035,0.163364946840281,-0.683163986511822,-2.85762402707108
2015,23603,"s017","m0",0.222252979782683,-0.0602393493803346,-0.865295390445488,-1.39736429666834
2016,23604,"s017","m0",0.248824036336021,0.0709431844949537,-0.844886095090501,-2.49267543793017
2017,23622,"s017","m0",0.246631642040914,0.0464806282053768,-1.02118845987663,-2.07449759875788
2018,23624,"s017","m0",0.246985687810167,0.0131479002706157,-1.19135533750004,-1.96673012634039
2019,23630,"s017","m0",0.252488188672322,-0.0138088778253049,-1.11883058619776,-1.74091630234814
2020,23647,"s017","m0",0.188380474182855,-0.0211037269922775,-0.936008539907366,-1.55670304743995
2021,23659,"s017","m0",0.250336653889846,0.0660510529965079,-1.06768340649249,-1.86295647266979
2022,23663,"s017","m0",0.258129823614079,0.0707431661464546,-0.926416891815364,-1.52615442054807
2023,23672,"s017","m0",0.243024032565991,0.0738636255294331,-0.831801192280785,-1.78492328655924
2024,23694,"s017","m0",0.269496144723519,0.0442037037854026,-0.734848605582689,-1.58964418624978
2025,23721,"s017","m0",0.23503245055815,-0.0112934643392008,-0.766533898190835,-2.32298137381482
2026,23724,"s017","m0",0.241554423967382,0.0309223765959152,-0.775712090568743,-1.74870683014965
2027,23744,"s017","m0",0.227754758284326,-0.0456304967112656,-1.382017358849,-2.26863377568204
2028,23745,"s017","m0",0.234542715556184,-0.0236158167894202,-0.67933106759497,-1.9222759396281
2029,23759,"s017","m0",0.241982213216475,0.092267695224241,-0.672050215201633,-1.61436534980432
2030,23773,"s017","m0",0.277549037447583,0.0440558903951411,-0.796230889178112,-3.28098749117195
2031,23807,"s017","m0",0.193650507802254,0.0151372871097997,-1.33007594415539,-1.22793248315816
2032,23818,"s017","m0",0.264440638769577,0.0110250535579321,-0.708361214765268,-2.08557628009358
2033,23823,"s017","m0",0.269783695931538,0.0296227453539395,-0.900738470558189,-1.9964931490093
2034,23825,"s017","m0",0.248462512935734,0.0233245560859259,-1.17531958929156,-2.51643465150599
2035,23827,"s017","m0",0.272578263736969,0.0716794786707109,-0.89920434750901,-1.99185941813422
2036,23833,"s017","m0",0.228368048954285,-0.0233854765405284,-0.866164089011228,-1.30010122520353
2037,23840,"s017","m0",0.225256456313685,0.0473621992359475,-1.02720337669268,-1.6761642076873
2038,23841,"s017","m0",0.244307941109648,0.0243479613435152,-0.696134396551143,-1.44884139133611
2039,23843,"s017","m0",0.249444864178012,-0.00190698325842993,-0.911406707285,-2.83117902772993
2040,23863,"s017","m0",0.260893991266418,0.077895763322113,-0.6807503858392,-1.8643962768324
2041,23869,"s017","m0",0.272602680310369,0.0436341218088443,-0.964414639515761,-2.00560609448354
2042,23879,"s017","m0",0.246297283723923,0.0684600533740363,-1.04865219508721,-1.95127636602985
2043,23883,"s017","m0",0.230149225719623,0.0030498024675956,-1.44790790178061,-2.66901529707307
2044,23918,"s017","m0",0.243203513775558,0.148429272037588,-0.851264369474956,-1.15347697702849
2045,23936,"s017","m0",0.347774117187297,0.0689147289547445,-0.774729326820912,-2.80123117147561
2046,23962,"s017","m0",0.168763028273158,-0.0246421563207861,-1.51024345698552,-1.09519283319656
2047,23980,"s017","m0",0.260833732048719,0.0524215928127959,-0.97075091928602,-3.49560281627701
2048,23981,"s017","m0",0.263712450680152,0.0218436198967261,-1.02171419434314,-2.24658333588823
