"draw","source_draw","id","assumed_model","alpha_0","nu_0","nu_1","tau"
1,3,"s15","m0",0.0804842427536361,-0.385459261848436,-0.426814148477194,-1.29477251030077
2,18,"s15","m0",0.0866088584790225,-0.461423098531428,-0.640918237685085,-1.39578593488899
3,20,"s15","m0",0.0755586582656553,-0.583588292770277,-0.638557126680196,-3.21365385528921
4,37,"s15","m0",0.024574028104997,-0.508760991140992,-0.579345753901053,-1.10843506559048
5,49,"s15","m0",0.00564759290698568,-0.518322894782885,-0.566938660756332,-1.36903537657358
6,55,"s15","m0",0.0507598277647092,-0.392849380924216,-0.643882950527571,-2.74580424583895
7,68,"s15","m0",0.0457914469124105,-0.583819851286436,-0.497564852245913,-1.16880473582239
8,72,"s15","m0",0.0781899658227716,-0.466177168052985,-0.610149136092187,-1.8761733668986
9,74,"s15","m0",0.0484324399330612,-0.412691508207841,-0.62225986656646,-1.31993629254729
10,77,"s15","m0",-0.00367655198562686,-0.423966140610879,-0.60321758058665,-1.34691854701845
11,86,"s15","m0",0.0384791437424591,-0.696465669351121,-0.736888275145986,-1.24406244919336
12,97,"s15","m0",0.0777553789386636,-0.423074799788234,-0.629462680969967,-1.40333789192512
13,116,"s15","m0",0.0365266683113424,-0.532461632423314,-0.949150687655717,-1.59345268492415
14,119,"s15","m0",0.00232485615585225,-0.504095007718258,-0.636494318263446,-1.65189392700957
15,126,"s15","m0",0.152488436564717,-0.206140918500021,-0.516883079391105,-2.46915100384194
16,133,"s15","m0",0.031245721018336,-0.402837508270562,-0.685581050191561,-1.46932810985261
17,146,"s15","m0",0.0699600832018076,-0.329432491298864,-0.401436983814795,-1.76289453865322
18,160,"s15","m0",0.128808234549886,-0.493103883619074,-0.485171835486976,-2.03914292995792
19,177,"s15","m0",0.0785875413188273,-0.41904340924147,-0.500323677766324,-2.52428498209134
20,192,"s15","m0",0.0636039569433126,-0.379696101001014,-0.784095007698432,-1.98053453854363
21,196,"s15","m0",0.0767842018347347,-0.431454647979387,-0.527455305283357,-2.82160602395653
22,204,"s15","m0",0.0486674447321809,-0.401803425693542,-0.970846206228225,-2.08337873662957
23,209,"s15","m0",0.0724147400826971,-0.410059690405348,-0.589503917391567,-1.33894407777321
24,215,"s15","m0",0.0722572517428695,-0.317065371052472,-0.422721642673462,-2.30742424027727
25,216,"s15","m0",-0.00193763445203375,-0.564564911576766,-0.882518653254083,-1.13793421750911
26,230,"s15","m0",-0.0117083554764111,-0.412698627741643,-0.54882862840994,-0.968502496519718
27,234,"s15","m0",0.0094183363990519,-0.993537047383024,-0.517164122700268,-1.57105511567931
28,251,"s15","m0",0.0448353618775428,-0.490813604023412,-0.707525485381562,-2.04958738862566
29,258,"s15","m0",0.0132397223575703,-0.495594630826045,-0.558903652842609,-1.17366997654624
30,286,"s15","m0",0.0415074547888675,-0.350485432654349,-0.707778334188496,-1.08549298202823
31,287,"s15","m0",0.0235856464776932,-0.518658033977179,-0.654015200984309,-1.36511974047046
32,290,"s15","m0",0.0411851246776618,-0.3455630618409,-0.707475758627077,-2.31208539694715
33,313,"s15","m0",0.0317447801914136,-0.489208153737411,-0.784551943925964,-1.37214568747841
34,319,"s15","m0",0.0531805055800304,-0.544364783263092,-0.74416706265983,-3.04197588078767
35,320,"s15","m0",0.0609324677651825,-0.606052683281146,-0.581785640601108,-2.06593523174248
36,355,"s15","m0",0.0902341833207298,-0.339665051036971,-0.573643640662424,-1.4839984118318
37,357,"s15","m0",0.105160207958815,-0.467190387990907,-0.356294310054551,-1.76801776727685
38,395,"s15","m0",0.0352321358817873,-0.366354123785784,-0.511963373170859,-1.59957594023556
39,457,"s15","m0",0.0311225557913758,-0.542099820529952,-0.485565036183994,-1.62353223571114
40,461,"s15","m0",0.0825837729109448,-0.451472737374721,-0.68153592585371,-2.32716367094542
41,482,"s15","m0",0.070366538733557,-0.36907773748868,-0.501827110222917,-2.74409278133234
42,516,"s15","m0",0.122752158382331,-0.475214379081089,-0.455530483933249,-1.93885197985857
43,530,"s15","m0",0.0321886058825681,-0.472706175278186,-0.659458216003673,-1.4703342408829
44,630,"s15","m0",0.0469783470060413,-0.321685856786035,-0.649339534882342,-1.45955589272546
45,632,"s15","m0",0.0663247707464237,-0.44877269383166,-0.671060537786923,-1.93624748830169
46,646,"s15","m0",0.0382135927243782,-0.538696051886537,-0.562864520331934,-1.44324103972446
47,651,"s15","m0",0.0522980685103254,-0.464559181232825,-0.432014747761964,-1.4406514160153
48,653,"s15","m0",0.10241912138371,-0.281697706491242,-0.741288529715291,-2.66916104792263
49,675,"s15","m0",0.0250809066194149,-0.504855074148793,-0.500420446557538,-1.62115389784463
50,683,"s15","m0",0.0406947100661823,-0.624838374547603,-0.955919901100729,-2.59313996555919
51,689,"s15","m0",0.0455922298878482,-0.427030684331446,-0.571227879811717,-2.14207748587073
52,719,"s15","m0",0.0971622162733453,-0.324582797117415,-0.547797556986238,-2.87121194993089
53,767,"s15","m0",0.0346513040045069,-0.547545433638273,-0.560287288141285,-1.44271016964475
54,773,"s15","m0",0.0894327098505778,-0.377357098244504,-0.619311939484148,-1.61043057804214
55,789,"s15","m0",0.0692301622296156,-0.472239499432865,-0.669189499773107,-2.01381591193425
56,796,"s15","m0",0.0383249064691065,-0.613908150206754,-0.807610927327612,-0.941886569990924
57,802,"s15","m0",-0.00232598004389411,-0.679313019152986,-0.824877711985421,-0.980782332682901
58,812,"s15","m0",0.0806407519833128,-0.525217771704968,-0.734476567554527,-2.36398109765224
59,820,"s15","m0",0.0151658989228876,-0.533858585131201,-0.563409517929345,-1.5395347345577
60,823,"s15","m0",0.0493426662748047,-0.324512974257607,-0.685298081873194,-1.48577209536442
61,836,"s15","m0",0.0512293364269567,-0.492511877538514,-0.474920286181597,-2.25931818019924
62,838,"s15","m0",0.0293187224938739,-0.467908796047231,-0.665457369212184,-1.3532023596469
63,846,"s15","m0",0.0440584782881792,-0.576081785352225,-0.701500880826292,-1.53728221733108
64,859,"s15","m0",0.0104804428960396,-0.44456466230835,-0.726797018973572,-1.75209307302097
65,862,"s15","m0",0.043706108829727,-0.479254212459936,-0.70001597781109,-2.24009969931963
66,867,"s15","m0",0.0764235489982854,-0.593388635344153,-0.721950006490213,-1.77272549964896
67,875,"s15","m0",0.0224602259734347,-0.534580835567121,-0.612312222150573,-1.51679219884425
68,877,"s15","m0",0.0336402505528834,-0.471243674544979,-0.541132940686051,-1.44478010982606
69,891,"s15","m0",0.00348320076646588,-0.786905556283519,-0.758169149429055,-1.48225953228871
70,916,"s15","m0",0.103848730050308,-0.452778507738207,-0.508637468438572,-1.75931923548645
71,927,"s15","m0",0.0535291680874733,-0.55046943474555,-0.644242626575575,-1.49782885824213
72,938,"s15","m0",0.0796686735241655,-0.329603811987293,-0.466992749572718,-2.00646619039841
73,946,"s15","m0",0.0304663048629849,-0.529227108948321,-0.623462333581022,-1.17414343628512
74,947,"s15","m0",0.0349393385117157,-0.492129611935754,-0.524037915576293,-1.22721478529708
75,956,"s15","m0",0.0984095860277189,-0.353673016566524,-0.523013308650827,-2.02216138326922
76,958,"s15","m0",0.06174922413132,-0.512326957451077,-0.524917456166619,-1.20883263875387
77,963,"s15","m0",0.0846325793572718,-0.320649481889597,-0.403749253753756,-1.37656480332209
78,977,"s15","m0",0.00793801305810358,-0.489723118397565,-0.695165130646863,-1.89764345575924
79,981,"s15","m0",0.065746979043228,-0.423777949791646,-0.751793387590564,-2.42939623883034
80,988,"s15","m0",0.0397229970949031,-0.476328181592842,-0.709101302925604,-1.6522070379744
81,1016,"s15","m0",0.0407272826452073,-0.424235604772779,-0.580711635023501,-1.99525277782763
82,1025,"s15","m0",0.0766161236526638,-0.476944370188656,-0.635375346749527,-1.96657079713926
83,1029,"s15","m0",0.0347297093356938,-0.452449889685128,-0.746889597634963,-0.933155942382257
84,1031,"s15","m0",0.0750527035052412,-0.277761493010987,-0.598810041262353,-2.31624439241718
85,1048,"s15","m0",0.00427829447324292,-0.606595849092252,-0.646479821507165,-1.57386651762353
86,1055,"s15","m0",0.0573139107814907,-0.448284878401436,-0.690388750330626,-1.30058634947845
87,1072,"s15","m0",0.0851488945553043,-0.488150515375015,-0.488078283075915,-2.34977421581462
88,1081,"s15","m0",0.0900388481292787,-0.596385478566984,-0.685087888251851,-2.43032459606103
89,1084,"s15","m0",0.032293356339208,-0.559875028850174,-0.617729563003059,-1.7558413792837
90,1133,"s15","m0",0.0220492128065338,-0.517263484673672,-0.633292177459233,-0.949969563278374
91,1140,"s15","m0",0.0419810487070495,-0.661762714917045,-0.695255049158337,-2.03759768112936
92,1162,"s15","m0",0.043077124739941,-0.454946135871681,-0.593151495420432,-1.71783865410261
93,1165,"s15","m0",0.0664646029482432,-0.413574194973337,-0.758138509632093,-1.80630263534611
94,1169,"s15","m0",0.0640698657425501,-0.498385762846974,-0.528104811635455,-1.25080245322997
95,1177,"s15","m0",0.0719839452845156,-0.459707701818256,-0.660598015373198,-2.42836794735271
96,1182,"s15","m0",0.0304197241547496,-0.441103198091219,-0.679767158833015,-1.09955394027673
97,1213,"s15","m0",0.0918056353244727,-0.562292166190277,-0.459754318674409,-2.02840132067992
98,1218,"s15","m0",0.0945246058663072,-0.392387505676237,-0.498045531985074,-1.4697182994546
99,1225,"s15","m0",0.0968727529766908,-0.379784369607003,-0.515371976219706,-1.97772058335549
100,1238,"s15","m0",0.00713675403191775,-0.460342836403729,-0.721460885342331,-1.12189698422582
101,1246,"s15","m0",0.157040877916161,-0.293515267926516,-0.427253982636437,-2.88424738454959
102,1247,"s15","m0",0.0874440073471643,-0.409416079435548,-0.582639567978621,-2.22014027952252
103,1297,"s15","m0",-0.0510894771946609,-0.510550391095739,-0.970346626239865,-1.03709692405811
104,1306,"s15","m0",0.0476866756790044,-0.396449304995801,-0.810140493001589,-3.36226630489978
105,1327,"s15","m0",-0.0235537880098017,-0.354734344818804,-0.815694792010751,-0.993688470014842
106,1330,"s15","m0",0.071044287614327,-0.391884592871514,-0.537138049830604,-1.41388937142898
107,1331,"s15","m0",0.101866924555758,-0.489704158032713,-0.444606497819346,-1.79902937712101
108,1341,"s15","m0",-0.0045960239871221,-0.683246012409875,-0.54448658185476,-1.13291109047687
109,1366,"s15","m0",-0.0405572500357959,-0.651138543195077,-0.716108540973946,-0.408999907211004
110,1372,"s15","m0",0.059830900881982,-0.543768091871515,-0.64043437446626,-1.87680818707478
111,1374,"s15","m0",-0.0839914471095928,-0.711819621758964,-0.865982931522745,-0.537259786018373
112,1391,"s15","m0",0.0145339702103783,-0.670383813685129,-0.559947989583689,-0.918193568928862
113,1395,"s15","m0",0.0588434484279622,-0.436846327330157,-0.594810560618035,-2.29995807887216
114,1402,"s15","m0",-0.0372630601382151,-0.51329812548905,-0.902299890071723,-1.40591162891961
115,1418,"s15","m0",0.0615758143872729,-0.504194464405235,-0.607827534509484,-2.4092449222668
116,1419,"s15","m0",0.0849400577424342,-0.475721349189011,-0.61751710920831,-1.9337494899936
117,1457,"s15","m0",0.00991610408276336,-0.427267701524683,-0.900768187807098,-0.85340698341551
118,1461,"s15","m0",0.0999828641936926,-0.3478392977832,-0.398755742610824,-1.92843840004912
119,1467,"s15","m0",0.102690184031149,-0.523933433664177,-0.380400916832875,-2.24746876105892
120,1491,"s15","m0",0.0774669987975884,-0.30486419385536,-0.606378777067062,-2.65358062708211
121,1494,"s15","m0",0.0804118398498805,-0.49428979573522,-0.698653965767925,-1.94154625533756
122,1496,"s15","m0",0.041162175159083,-0.446572086926364,-0.636263048239227,-1.73056895862588
123,1507,"s15","m0",0.0436261163129437,-0.413432064008623,-0.713208539875948,-2.04379685106234
124,1518,"s15","m0",0.086185191991235,-0.390036257294774,-0.476157701020135,-1.82586668180097
125,1520,"s15","m0",0.11741463278277,-0.264706699555505,-0.532942599278642,-1.68689537464577
126,1536,"s15","m0",0.0345960880903489,-0.612405011449185,-0.936764137708851,-1.49086733779885
127,1541,"s15","m0",0.071369804620572,-0.563294956356799,-0.809915432387337,-1.39540207434545
128,1542,"s15","m0",0.031631535529281,-0.458102501686501,-1.08940891340781,-2.92765181723808
129,1552,"s15","m0",-0.0615365079035181,-0.879023536063025,-0.916499107859485,-1.45851142840021
130,1557,"s15","m0",0.0355470899625779,-0.688930374322021,-0.69288631710252,-1.52903418298688
131,1558,"s15","m0",0.117083761883739,-0.46662164958528,-0.602139070259205,-2.97679472588375
132,1564,"s15","m0",0.0983709549892373,-0.314808231541537,-0.600894632538348,-3.49984043342022
133,1576,"s15","m0",0.0618852313182529,-0.687109692724196,-0.367522811617205,-1.91384081394591
134,1614,"s15","m0",0.0876073495450109,-0.397398845239327,-0.647355745848694,-1.95150172177431
135,1621,"s15","m0",0.121850782888288,-0.465606070681537,-0.469280141224854,-1.69299094404165
136,1622,"s15","m0",0.0608567625432472,-0.558973369952746,-0.695934980546365,-2.08464857826214
137,1627,"s15","m0",0.0886444097706892,-0.437121869057658,-0.615695558049006,-1.88770883177457
138,1628,"s15","m0",0.0885399888748745,-0.460596145121807,-0.620286955939095,-1.70174701814923
139,1645,"s15","m0",0.0881023131331269,-0.361040100843232,-0.43299264441298,-1.79598327538306
140,1707,"s15","m0",0.0504085303973898,-0.30697883639336,-0.751102330760977,-1.66815783543286
141,1727,"s15","m0",0.0344485384972498,-0.522027112657049,-0.584721970557726,-2.97231133430197
142,1728,"s15","m0",0.026546937956595,-0.549419220857576,-0.696152383447176,-1.29008575399954
143,1736,"s15","m0",0.0834786425384191,-0.742332165075742,-0.624567402209961,-1.9043273124277
144,1742,"s15","m0",0.0657107664427593,-0.537573645875203,-0.537815643246358,-1.21452679796364
145,1752,"s15","m0",0.111468929456628,-0.345165955393548,-0.809458210158847,-2.89393961632627
146,1762,"s15","m0",0.0967464801998936,-0.276927964221466,-0.692108491517563,-1.43740343690103
147,1763,"s15","m0",0.0403449231622133,-0.62256615972364,-0.655372489978391,-1.76431059791886
148,1769,"s15","m0",0.0408674753023824,-0.512661436842819,-0.762020338207788,-1.08580467997017
149,1811,"s15","m0",0.015778554532607,-0.54571436887028,-0.824575640329801,-0.845698084427744
150,1812,"s15","m0",0.0339399428315736,-0.63969936591119,-0.626128247460899,-2.69658790495411
151,1829,"s15","m0",0.103314332508864,-0.292456822263988,-0.582743585375336,-1.53462363295974
152,1834,"s15","m0",-0.00542539303186952,-0.683625213976647,-0.778657929023899,-0.856778887068975
153,1835,"s15","m0",-0.0164152284498089,-0.665482422236018,-0.898536339695628,-1.51189645145326
154,1854,"s15","m0",0.0340867475904827,-0.583371901219145,-0.631572639144405,-1.21555169471142
155,1855,"s15","m0",0.0997334452017935,-0.360901210992592,-0.472185608107921,-1.77280015201874
156,1876,"s15","m0",0.0267656655558708,-0.350294154687195,-0.772187184195454,-1.84700743959475
157,1879,"s15","m0",0.0307166845108398,-0.299062821985399,-0.421604220930396,-1.08247058262568
158,1896,"s15","m0",0.0380239546821045,-0.336690213061047,-0.705722371513886,-1.02219992345514
159,1902,"s15","m0",0.0548830242695729,-0.44417638664952,-0.499410282242338,-2.13922914507774
160,1903,"s15","m0",0.0107218487635731,-0.675290378626537,-0.739154540207858,-1.3958714896701
161,1904,"s15","m0",0.0988458266151206,-0.435102431219261,-0.5669478579858,-2.19251995981094
162,1911,"s15","m0",-0.000430046631305724,-0.608321010064766,-0.915226412711391,-0.882428112446102
163,1950,"s15","m0",0.0377249496317216,-0.635361670082987,-0.641316311565075,-1.33986373776214
164,1957,"s15","m0",0.0640408349808833,-0.309437724685724,-0.552615553941312,-2.32230913591488
165,2033,"s15","m0",0.0301177662359216,-0.473830987713489,-0.748432110822918,-1.7137218254375
166,2039,"s15","m0",0.0569652250630284,-0.436445431082056,-0.920169195960385,-1.25690386641582
167,2062,"s15","m0",0.100536637498716,-0.365510050850628,-0.78952578397722,-1.76157658111936
168,2065,"s15","m0",0.0464357420900229,-0.438639832246843,-0.54884839523156,-1.2947582455697
169,2078,"s15","m0",0.0976711732016521,-0.433420840324864,-0.668872175027261,-3.3479515959386
170,2080,"s15","m0",0.0508319039253138,-0.49611748355712,-0.934290372787647,-1.54140556601055
171,2083,"s15","m0",0.0432557429869002,-0.528013338282855,-0.69302218181001,-1.59371521025765
172,2091,"s15","m0",0.0614499872939583,-0.49097483821831,-0.795333857132723,-1.45083115400072
173,2092,"s15","m0",0.111772028351156,-0.350804209478672,-0.597891446396868,-2.58667051868586
174,2103,"s15","m0",0.0942245043442042,-0.317974077730756,-0.547904566194533,-2.18204809337511
175,2140,"s15","m0",0.0583440689250698,-0.442065193076628,-0.706763847467697,-1.47895688598187
176,2149,"s15","m0",0.0694954111692946,-0.444545660211305,-0.538213096791229,-2.02586899163434
177,2162,"s15","m0",0.0399966633370497,-0.494541368024796,-0.64438264153398,-1.34694037123937
178,2217,"s15","m0",0.0447213990518615,-0.36716735403035,-0.472590734171382,-1.43538807468776
179,2227,"s15","m0",0.0521787030148452,-0.331436449217442,-0.596225244530161,-1.28093528532657
180,2249,"s15","m0",0.0332204866815693,-0.395993169743132,-0.562882715495017,-2.1840769904709
181,2257,"s15","m0",0.0343179604469941,-0.609089440276055,-0.742758578754494,-1.97864546406497
182,2264,"s15","m0",0.0710097413677407,-0.477811595994111,-0.654054614080094,-2.37209627791833
183,2272,"s15","m0",0.0266662472138816,-0.495378957852165,-0.758916227361715,-1.15820741090375
184,2312,"s15","m0",0.116724392773031,-0.329667114762016,-0.478017015245847,-1.89718459394539
185,2314,"s15","m0",0.0298530107673841,-0.484677236108846,-0.619594082061197,-1.28960867306845
186,2330,"s15","m0",0.0427659857876748,-0.472471197721631,-0.711868366118567,-1.58013482669767
187,2333,"s15","m0",0.116781309105765,-0.491974259038159,-0.560688709556272,-2.22930073613963
188,2341,"s15","m0",0.0857591436920496,-0.375665172988845,-0.624511786563975,-1.82787787181279
189,2352,"s15","m0",0.0512477115188763,-0.453381088834617,-0.618464924680678,-0.904209412722074
190,2363,"s15","m0",0.012642086964219,-0.60594236691579,-0.874181821610755,-1.3284874120974
191,2385,"s15","m0",0.0416609705350199,-0.442348793012998,-1.05348474711795,-1.54301406898884
192,2391,"s15","m0",0.139953056757403,-0.350527478287638,-0.383859343062856,-2.33107819473976
193,2439,"s15","m0",0.0280907470741093,-0.321315303904078,-0.666951978943927,-1.12329059289028
194,2452,"s15","m0",0.090719709461153,-0.628780870182439,-0.554615839449907,-1.99824146167516
195,2469,"s15","m0",0.0735554813379497,-0.291404226895099,-0.723416833789599,-1.70747598357553
196,2472,"s15","m0",0.086013703352426,-0.342889230591545,-0.590713771400309,-2.35501268726392
197,2476,"s15","m0",0.00574592093939347,-0.58139465696146,-0.852787741866517,-1.91678476706678
198,2477,"s15","m0",0.0090908860451394,-0.673802444511373,-0.477131065519574,-1.09806811847281
199,2498,"s15","m0",0.0579307806477329,-0.625415520357769,-0.696038937752722,-1.85360084847056
200,2519,"s15","m0",0.042659821348081,-0.500348057740182,-0.591420061406009,-1.03635318237954
201,2542,"s15","m0",0.0540401965631763,-0.375492956789173,-0.636726092154739,-1.25711633098757
202,2548,"s15","m0",0.129028739990861,-0.288087892645031,-0.850642482923894,-2.76354271199085
203,2554,"s15","m0",0.087065147614271,-0.360701007270524,-0.566060757013778,-1.89000799265387
204,2558,"s15","m0",0.0685345599129743,-0.337293714866059,-0.590234133101592,-2.40288002575214
205,2589,"s15","m0",0.0370976033222393,-0.355605414384793,-0.60580903953385,-1.15954584848651
206,2615,"s15","m0",-0.000859548207439908,-0.623502837094407,-0.79453990042162,-1.16691854323153
207,2632,"s15","m0",0.117414840668523,-0.415260964647561,-0.439324110893673,-2.57855623006371
208,2653,"s15","m0",0.0169060494938723,-0.460078838954118,-0.763324661588313,-1.70880160735039
209,2662,"s15","m0",0.0429547804809524,-0.440275442987107,-0.60225294187125,-2.34193662418224
210,2665,"s15","m0",0.0504275570744516,-0.499339567931424,-0.687091815764268,-1.75192979911767
211,2679,"s15","m0",0.0598822888743296,-0.405979019074657,-0.85395137288786,-1.68182686772595
212,2695,"s15","m0",0.0320949976755768,-0.464251111829262,-0.449451332684946,-2.38077500444763
213,2711,"s15","m0",0.0578005948312799,-0.344105998767922,-1.01777661571524,-1.78932785362973
214,2715,"s15","m0",0.055380064866055,-0.347389732148869,-0.66352425889674,-1.57548459202036
215,2748,"s15","m0",-0.0266242813678389,-0.567155239385116,-0.96219794939613,-1.19463927299269
216,2768,"s15","m0",-0.0318890644375061,-0.620887491947687,-0.742994602188613,-0.816521830612002
217,2779,"s15","m0",0.0404852652158534,-0.563767786376573,-0.57930563647279,-1.7394923671816
218,2801,"s15","m0",0.0774684178199392,-0.34971826721895,-0.63375448375128,-2.06068499014833
219,2803,"s15","m0",0.0279433997886179,-0.461688359306328,-0.876394189771167,-1.11903475858237
220,2817,"s15","m0",0.102588282203165,-0.478241296804708,-0.469478149103512,-1.84004428225534
221,2826,"s15","m0",0.0587008409469544,-0.519862417155597,-0.765012183663473,-2.79107465905529
222,2848,"s15","m0",-0.0320101382103352,-0.712391538707982,-0.858857602351468,-1.41878626963972
223,2863,"s15","m0",0.0763447125134489,-0.533032812283662,-0.74987624400757,-2.85036027157451
224,2873,"s15","m0",0.0708154090311644,-0.378884633218984,-0.789090742336638,-2.24066949490619
225,2886,"s15","m0",0.0712788154452363,-0.469486229730188,-0.628084010373419,-1.58462716770828
226,2894,"s15","m0",0.0407995889598477,-0.651387214588578,-0.884862573201415,-1.26345694210329
227,2911,"s15","m0",0.0283634016244685,-0.536934507669199,-0.828270136843754,-1.18738137809348
228,2932,"s15","m0",0.0823704346152735,-0.415935757893439,-0.540020980436615,-2.18355483602428
229,2940,"s15","m0",0.0645891072054865,-0.500025174679261,-0.54775821138818,-1.63164874663182
230,2947,"s15","m0",0.0568141212299606,-0.48048081433252,-0.694028161539122,-1.98912612022231
231,2952,"s15","m0",-0.0130408256493076,-0.623132637003611,-0.797546282275867,-0.720780720550122
232,2954,"s15","m0",0.0477959728672653,-0.365842352600439,-0.546253471025043,-1.60457392104049
233,2969,"s15","m0",0.0234257182860025,-0.542599323604322,-0.690418290178644,-2.04751890631712
234,2971,"s15","m0",0.00967433378008866,-0.516481428003272,-0.82260327611119,-0.745964726945752
235,2974,"s15","m0",0.0285077892519025,-0.428712551976105,-0.711649989261649,-1.80847118398132
236,2987,"s15","m0",0.069762241886183,-0.508755802855682,-0.555527136743097,-2.74422189410593
237,2992,"s15","m0",0.0403549612762984,-0.506314463713969,-0.681495499738836,-0.880749685860553
238,3004,"s15","m0",0.0197747483529701,-0.634993981510744,-0.694405761463744,-1.84846930284814
239,3007,"s15","m0",0.0210082206285321,-0.677621310577299,-0.800848761427429,-1.16487900390352
240,3027,"s15","m0",0.102471399874863,-0.417912502746024,-0.49792164054285,-1.73675338304327
241,3031,"s15","m0",-0.012726409801674,-0.585061220020188,-0.846940019396559,-0.74990463757958
242,3032,"s15","m0",-0.000138688214929915,-0.564575010439178,-0.683600503467778,-1.02264656715266
243,3049,"s15","m0",0.119084791217071,-0.388453708598327,-0.429842461798858,-2.7049441677616
244,3065,"s15","m0",0.0971731647413183,-0.236138303062255,-0.486110025887837,-1.64268434148659
245,3068,"s15","m0",-0.00487316828537497,-0.625208651086786,-0.478374868049258,-2.23864349605758
246,3093,"s15","m0",0.0598752645829251,-0.431124789650264,-0.745098941647337,-1.49260444213712
247,3099,"s15","m0",0.0745610918732344,-0.452075903176406,-0.590804303281255,-1.68836620986073
248,3101,"s15","m0",0.0257544265553085,-0.496442467383353,-0.587787807964545,-2.41799263949898
249,3108,"s15","m0",-0.0136039238656518,-0.491465581559944,-0.804495356725049,-0.951220064825534
250,3122,"s15","m0",0.0897308971150575,-0.387577374175709,-0.523463918995523,-2.0806344750468
251,3139,"s15","m0",0.0186519418531814,-0.410611384297337,-0.773933139797372,-1.30651013268156
252,3159,"s15","m0",0.109542980362195,-0.333883665278427,-0.710644847896919,-2.51226881501735
253,3177,"s15","m0",0.0226894859292839,-0.508438388809791,-0.751996616732085,-1.54449666926187
254,3189,"s15","m0",0.089040126794504,-0.456919924582852,-0.42292193837181,-1.57310288887866
255,3204,"s15","m0",0.0110195204075831,-0.344177751341742,-0.458267645771847,-0.923171634556015
256,3211,"s15","m0",0.0523341502751168,-0.611775354630803,-0.591721783373485,-2.06011654913772
257,3214,"s15","m0",0.0779845710838751,-0.266616668816685,-0.632135083094095,-1.78861566426155
258,3216,"s15","m0",0.0949274527262075,-0.396760384969249,-0.64153194358481,-2.76543591320932
259,3268,"s15","m0",-0.0136180745554363,-0.535843762523057,-1.08348959101505,-1.23692610209758
260,3307,"s15","m0",0.0508404383019059,-0.358718788132085,-0.796843261332447,-1.78690935893829
261,3312,"s15","m0",0.0846497506403672,-0.343104192937173,-0.639143145951224,-2.22490866064344
262,3313,"s15","m0",0.0547102242257512,-0.427528939319376,-0.802621816084221,-1.51340037040154
263,3321,"s15","m0",0.0094560506184818,-0.585897256035867,-0.998196420296955,-2.08495136477834
264,3322,"s15","m0",0.0478987493575436,-0.460086783415882,-0.72749273054595,-2.11835268550813
265,3326,"s15","m0",0.0572920755236066,-0.568865463466744,-0.431357647580125,-1.79715766016001
266,3331,"s15","m0",0.0776272700964353,-0.560587975454641,-0.604060309952459,-2.13003636794985
267,3352,"s15","m0",0.0117545050835573,-0.638368465651536,-0.713040745686583,-0.925663869819513
268,3361,"s15","m0",0.0426916811659501,-0.25123130338172,-0.55252053421664,-1.56450189821235
269,3366,"s15","m0",0.035060333279964,-0.56240973631658,-0.625546775172065,-0.818812196471608
270,3375,"s15","m0",0.0500468229211377,-0.482573453680615,-0.669196240970041,-1.74849393141241
271,3378,"s15","m0",0.0210355708167738,-0.612333435440074,-0.771721510227645,-2.1136475081982
272,3391,"s15","m0",0.0248104218509851,-0.699203226148862,-0.978386721778822,-1.99726189218053
273,3399,"s15","m0",0.0117093502441657,-0.314713197505607,-0.793805757722627,-2.49990820549929
274,3403,"s15","m0",0.0739894550218065,-0.5130006755602,-0.706334743590039,-0.761011065099603
275,3425,"s15","m0",0.0243316497123357,-0.638845951155634,-0.701473502920584,-1.93916174358366
276,3453,"s15","m0",0.0900190010422422,-0.385268793485057,-0.79150408908541,-1.82044129126391
277,3487,"s15","m0",0.0121664907962,-0.627950952196278,-0.59224630175074,-2.17969677211775
278,3510,"s15","m0",0.0719428990107525,-0.414447295061638,-0.540289538431873,-2.04708520702943
279,3528,"s15","m0",0.0629756954936584,-0.404162572242377,-0.418831379304143,-1.35588212775076
280,3532,"s15","m0",0.0864266474439535,-0.469310443609171,-0.714372125439378,-3.25614497919069
281,3535,"s15","m0",0.00943642176553154,-0.562727947087633,-0.605816594883091,-0.994064877584265
282,3549,"s15","m0",0.0737266892087063,-0.507009676678492,-0.701925764017527,-1.62173276992021
283,3561,"s15","m0",0.0940785887408599,-0.43236641021325,-0.977216315254185,-2.62453731787927
284,3566,"s15","m0",0.0223454514786961,-0.341282495738092,-0.665945301474035,-1.1747916389052
285,3585,"s15","m0",0.0497638827376517,-0.457395317431266,-0.789190115366604,-1.33227388715501
286,3586,"s15","m0",0.0471802692258397,-0.413464393022258,-0.807255972704466,-1.29461367418646
287,3597,"s15","m0",0.0534104401802698,-0.518960964187604,-0.690508949437928,-2.15062895195193
288,3614,"s15","m0",-0.0243593959277261,-0.565639364851361,-0.873424948361664,-1.17198043897012
289,3617,"s15","m0",0.0493157854591867,-0.601994925426096,-0.816329700029344,-2.12933754815824
290,3622,"s15","m0",0.081499012622018,-0.569882115807,-0.842848449314059,-2.24468277998991
291,3636,"s15","m0",0.105983198300732,-0.357632927620388,-0.686428809351113,-2.48816031275112
292,3646,"s15","m0",0.0883932787513905,-0.300600882203603,-0.687027116807532,-2.05425668180372
293,3664,"s15","m0",0.00425074612370269,-0.702915603721402,-0.809805122127044,-0.577016988390586
294,3671,"s15","m0",0.0466163336716765,-0.405494046793093,-0.87492932111103,-0.988046899976204
295,3673,"s15","m0",0.0881248020696764,-0.422805137341739,-0.427259257171295,-1.53460478098714
296,3682,"s15","m0",0.0733442904732519,-0.347744346726465,-0.484065245184393,-1.85217370655241
297,3693,"s15","m0",0.0674487472627487,-0.548053371509161,-0.576116290754285,-2.35769027770427
298,3695,"s15","m0",0.0977507699079833,-0.369367922475313,-0.50385825417108,-2.9156436099166
299,3699,"s15","m0",0.0701209341853708,-0.421649175165928,-0.663343963430826,-1.76897422953842
300,3702,"s15","m0",0.0865716485983582,-0.476518711288476,-0.619811400833353,-1.89132358927834
301,3710,"s15","m0",0.101650662566375,-0.471931254016423,-0.500801460191463,-1.72203148327029
302,3723,"s15","m0",0.0346835325701645,-0.492626058999842,-0.633439924954499,-1.46776186806802
303,3741,"s15","m0",0.0570186585234123,-0.358965978705228,-1.04924451734745,-1.56589101653793
304,3762,"s15","m0",0.0905696027176872,-0.360513071133965,-0.64208008484445,-2.14623475155492
305,3764,"s15","m0",0.0468566752056397,-0.479793343499672,-0.670286125777984,-2.33702894231401
306,3765,"s15","m0",0.0843231044608345,-0.405754823974925,-0.651446403699397,-2.08934019486529
307,3775,"s15","m0",0.111381705591879,-0.462693953969987,-0.432230910029483,-2.3439204186823
308,3777,"s15","m0",0.0458501331117872,-0.355417663646392,-0.681224482989734,-1.83467999143892
309,3781,"s15","m0",0.0329124627874682,-0.603908502217237,-0.839525763299111,-0.823753202708622
310,3788,"s15","m0",0.0875450109046271,-0.500650973402436,-0.692153426810557,-2.80066245232153
311,3801,"s15","m0",0.0859679813826972,-0.420197249172851,-0.660154814549354,-3.40497004456883
312,3820,"s15","m0",0.134834598851126,-0.355190733771392,-0.384580599869538,-2.7173991250269
313,3836,"s15","m0",0.0544371551557876,-0.615415239017133,-0.644126135377511,-2.01595546485483
314,3842,"s15","m0",0.0326707396610862,-0.396631897521903,-0.810087771480371,-2.7606722576829
315,3848,"s15","m0",0.0272375294688146,-0.584456313482586,-0.629846187190936,-1.42707245916404
316,3849,"s15","m0",-0.030435402138173,-0.645676188697087,-0.926252488502036,-1.15968278882096
317,3850,"s15","m0",0.0316581695885668,-0.408317588812339,-0.548649070121835,-1.6496163905385
318,3860,"s15","m0",0.0786585246321369,-0.485350786579736,-0.498522898414269,-1.72617102384396
319,3895,"s15","m0",0.00201040495044693,-0.76860471689884,-1.06834175142083,-1.18062595587877
320,3902,"s15","m0",0.126209144099405,-0.332914107538673,-0.564422693071653,-2.510415587021
321,3904,"s15","m0",0.0228922522009714,-0.384893573524328,-0.853843899101604,-1.07796294924953
322,3933,"s15","m0",0.0728783865787908,-0.496764237663604,-0.68434909935894,-1.78487068004301
323,3937,"s15","m0",0.0686712560462407,-0.397549838007987,-0.728497147995145,-1.97440661054394
324,3948,"s15","m0",0.0637340357445795,-0.314737763963718,-0.577463273235846,-1.6309463449112
325,3959,"s15","m0",0.0456967655126933,-0.383729257484147,-0.835663293136573,-2.06893559669569
326,3968,"s15","m0",0.0672980895070226,-0.559425936553303,-0.65878671132022,-1.66810044792441
327,3977,"s15","m0",0.0401401890218957,-0.366844348484492,-0.840553627789584,-2.05475080279481
328,3978,"s15","m0",0.0235688011045185,-0.335772629813619,-0.52987562387687,-1.23556278265512
329,3998,"s15","m0",-0.0286198480703062,-0.52304111689734,-0.754474108819582,-0.76218916042188
330,4010,"s15","m0",0.0572774549532121,-0.413149554880776,-0.558542683952238,-2.16614240633428
331,4036,"s15","m0",0.0753559332889802,-0.568299681647398,-0.803678408451833,-2.2039621366094
332,4045,"s15","m0",0.0638206361613383,-0.440283492361076,-0.439012570963235,-1.54188132855272
333,4048,"s15","m0",0.0523501083852134,-0.427792871130248,-0.82811727072413,-1.4208736999027
334,4061,"s15","m0",0.0555693836114759,-0.584160505797875,-0.500216085450009,-2.31372819595013
335,4084,"s15","m0",0.0440015384422159,-0.349761478385656,-0.938059523495154,-2.58567527561393
336,4092,"s15","m0",0.0708332353628477,-0.619828843250017,-0.540738073878115,-1.82083162714491
337,4097,"s15","m0",0.0197143836051118,-0.495319964135105,-0.57941983431012,-0.993312792249389
338,4124,"s15","m0",0.0731125514711375,-0.416191628452859,-0.616670532482904,-1.93967121966148
339,4127,"s15","m0",0.0231055112693892,-0.538015760793696,-0.746140292513345,-0.962400820197459
340,4134,"s15","m0",0.0232359151406707,-0.643218804972167,-0.8294988780654,-1.24243622249796
341,4165,"s15","m0",0.00468486558937119,-0.410359747125613,-0.959698064657776,-0.670768089107974
342,4175,"s15","m0",-0.0192225296259241,-0.610215851216473,-0.941809727966807,-1.44479905892248
343,4182,"s15","m0",0.0684319026290038,-0.503618077922606,-0.595292030813336,-1.96112984132526
344,4207,"s15","m0",0.0767460348772931,-0.401450875913548,-0.537859487784484,-1.66960860116272
345,4227,"s15","m0",0.0584789048647796,-0.350292192414451,-0.510001670200142,-2.32752483483106
346,4235,"s15","m0",0.0882040574293913,-0.500470151406627,-0.431552157709545,-2.1977317057211
347,4243,"s15","m0",0.0698170412592696,-0.413184785368327,-0.94044784597029,-2.10033515534131
348,4252,"s15","m0",0.0628360603729278,-0.437006561128254,-0.659619071059669,-3.38088118340224
349,4255,"s15","m0",0.111599139451592,-0.392940725747211,-0.659734467288603,-2.39988536213179
350,4263,"s15","m0",0.0191720392092332,-0.361169585765923,-0.600577142562392,-1.34549354080403
351,4264,"s15","m0",0.0564502101416263,-0.458877527875115,-0.714033662951433,-1.52750064137009
352,4265,"s15","m0",0.0503947632817394,-0.52751450862466,-0.780655676108249,-2.01556066972708
353,4266,"s15","m0",0.00116486360979244,-0.657686597521705,-0.917570215586847,-1.54255231273716
354,4279,"s15","m0",-0.015309212965938,-0.658154275066696,-0.778588538466036,-1.69469155540578
355,4311,"s15","m0",0.079515446868203,-0.465008747986069,-0.610765260326812,-1.88420494886647
356,4314,"s15","m0",0.0248570105796362,-0.463330270720205,-0.662910115402431,-1.38863194705552
357,4316,"s15","m0",0.0697797857806931,-0.505317277764625,-0.50024256506532,-2.0036806293161
358,4318,"s15","m0",0.0482026550811716,-0.3572357230076,-0.790207927073444,-1.59394275947485
359,4325,"s15","m0",0.033154039922155,-0.640685760083636,-0.756749869921228,-0.896735987977138
360,4340,"s15","m0",0.0645242262547325,-0.397668304565403,-0.646234841161234,-1.87139097527606
361,4360,"s15","m0",0.0125620614913642,-0.515631389871184,-0.6236466457608,-2.44528590243983
362,4378,"s15","m0",0.0533779214203622,-0.383715325186371,-0.625580856010937,-2.2432511751674
363,4393,"s15","m0",0.103980245059722,-0.271305475614772,-0.559772922436127,-1.71872086573846
364,4412,"s15","m0",0.0567872521398781,-0.544941485786226,-0.37931209203485,-1.44841173798603
365,4418,"s15","m0",0.0730388983677595,-0.447436244962299,-0.701020102878187,-3.2136147088136
366,4428,"s15","m0",0.0190095706636969,-0.576903735399082,-0.986547753045837,-1.26807791775394
367,4432,"s15","m0",0.0550589383235143,-0.476984938915553,-0.698625836295423,-1.74564887002346
368,4437,"s15","m0",0.0575126164402942,-0.64212683392821,-0.744980399947203,-1.43187643907477
369,4453,"s15","m0",0.0494987280978099,-0.378448018226326,-0.683473293478304,-2.21532104261748
370,4468,"s15","m0",0.0143754455351512,-0.604890270014419,-0.828144132499279,-1.2967703043843
371,4469,"s15","m0",0.0363417298225047,-0.392243050304943,-0.580053964895077,-2.64772500193369
372,4474,"s15","m0",0.0114655754014821,-0.498863551949623,-0.759230476942671,-1.16410443009674
373,4476,"s15","m0",0.0350830239155638,-0.494236258094535,-0.67137402916011,-1.56650568439588
374,4480,"s15","m0",0.0915825877189471,-0.407278703790776,-0.580896824907793,-2.35474291616605
375,4489,"s15","m0",0.101114645096848,-0.407504580221432,-0.650256352578688,-2.45315225102677
376,4496,"s15","m0",0.0683615236122702,-0.62976728966637,-0.779970250104336,-1.69566473109346
377,4498,"s15","m0",0.0915725082205139,-0.393016671894764,-0.774510328446829,-2.65388128028722
378,4504,"s15","m0",0.0301871454191808,-0.338238957290555,-0.650779488402867,-1.82122991144213
379,4506,"s15","m0",0.0579350168575134,-0.498533696666417,-0.411088790897162,-2.15257905326793
380,4516,"s15","m0",0.0558566404847722,-0.611755854608627,-0.775960549502351,-1.2674309179366
381,4543,"s15","m0",0.0239205871564263,-0.430418986102163,-0.702727984586741,-1.88373214285616
382,4546,"s15","m0",0.0432229748911996,-0.456230294879259,-0.731721409947923,-2.63202619307523
383,4566,"s15","m0",0.111905790616221,-0.364033635723262,-0.439956572871736,-2.67806345648343
384,4572,"s15","m0",0.115818696279781,-0.409863637162047,-0.477195104760044,-1.70296981802038
385,4587,"s15","m0",0.0784213216252061,-0.289276890989433,-0.700889284693298,-1.59659102722881
386,4620,"s15","m0",0.0262615607555837,-0.495432661183355,-0.815365713380299,-2.02934404682878
387,4623,"s15","m0",0.061253408560956,-0.438077166296279,-0.774120178272981,-1.8920543522858
388,4641,"s15","m0",0.0205911358644969,-0.632479816047005,-0.812310145664076,-1.34878039064
389,4644,"s15","m0",0.148372585934996,-0.406544185187412,-0.738733771073614,-2.57266203874295
390,4669,"s15","m0",0.0570649408547314,-0.502846587790164,-0.563276714513898,-2.22961681096716
391,4674,"s15","m0",0.0328562456467262,-0.59833123185469,-0.701143567025235,-1.30244079084755
392,4676,"s15","m0",0.0515084485895028,-0.453921410765118,-0.571591392372627,-1.74256142338622
393,4680,"s15","m0",0.120661898484366,-0.484696438390354,-0.368689609123699,-1.9149416523885
394,4687,"s15","m0",0.100687557433794,-0.327202119030194,-0.469486392378826,-2.07083252427699
395,4688,"s15","m0",0.0835411892044394,-0.490745628375396,-0.627260209819052,-1.99921934375374
396,4693,"s15","m0",-0.00388046120989734,-0.531550436136574,-0.660086020021841,-1.10365666714291
397,4707,"s15","m0",-0.0247087302697708,-0.4472419472677,-0.80430854499711,-1.43090479072157
398,4729,"s15","m0",0.123490428762785,-0.339110634004741,-0.571003417299191,-1.79767297175231
399,4748,"s15","m0",0.0913602632506153,-0.480209052079644,-0.479222845002933,-2.43280737419806
400,4757,"s15","m0",0.0487851223276787,-0.43742616838546,-0.60320837692756,-1.19336098177848
401,4787,"s15","m0",0.00861066701688365,-0.557535569116483,-0.623787911038337,-0.987210424211851
402,4804,"s15","m0",0.017215477216597,-0.43927779606294,-0.700640432539338,-2.18185476475145
403,4810,"s15","m0",-0.0323975422336593,-0.558642992940389,-0.788596102202679,-1.14408711809265
404,4819,"s15","m0",0.0935942432920479,-0.46664509630738,-0.4469076004449,-2.18586841952943
405,4822,"s15","m0",0.124156657873613,-0.382264743193691,-0.439528238771506,-2.89402050321349
406,4826,"s15","m0",0.0552881034163567,-0.621169867116746,-0.785990740755721,-2.24474774316209
407,4870,"s15","m0",0.0540161299140614,-0.539691885706491,-0.540769674203054,-2.01943379024111
408,4872,"s15","m0",0.0619084465178775,-0.521012164141224,-0.538134117781355,-1.29211998270753
409,4876,"s15","m0",0.0243297175877818,-0.412668301409666,-0.778122169589217,-1.0344984774608
410,4879,"s15","m0",0.0946098173799152,-0.40244063660092,-0.768565652579197,-1.82182802138212
411,4881,"s15","m0",0.0522418294706934,-0.550139592061674,-0.656364302487322,-1.82651849902533
412,4889,"s15","m0",0.0544425757607883,-0.388400441834331,-0.717605975732234,-1.37679251567132
413,4950,"s15","m0",0.0660749676140484,-0.505728033735356,-0.784737370216991,-3.34935579786277
414,4957,"s15","m0",0.0212493229268435,-0.582541919627298,-0.814015384268811,-1.39780613041441
415,4969,"s15","m0",0.140195150872393,-0.235696411911509,-0.508967513432743,-2.86501119670816
416,4988,"s15","m0",0.0942056853421074,-0.358104917438735,-0.559708592442899,-2.68783483580264
417,4996,"s15","m0",0.0705676032819824,-0.488612021242496,-0.784522468581903,-1.90447094049598
418,5003,"s15","m0",0.0407208813113482,-0.558289911016624,-0.808649223234721,-1.9387221479867
419,5020,"s15","m0",0.0749966084558818,-0.341059322211651,-0.414709033688638,-1.34794537717564
420,5021,"s15","m0",0.0584065801655464,-0.418322303758112,-0.457812576706373,-1.22415834389667
421,5028,"s15","m0",0.0353051559460282,-0.216652738878866,-0.78325887062776,-1.1841265506663
422,5041,"s15","m0",0.00972033933702461,-0.520108000466342,-0.960865895328491,-0.694952831474793
423,5053,"s15","m0",0.00551008096745033,-0.440648499554751,-0.722167718205482,-1.04990768905287
424,5063,"s15","m0",0.0320868848052363,-0.348287217869634,-0.363717744431112,-1.01456698644668
425,5070,"s15","m0",0.0776707628285208,-0.395173643600958,-0.458134024686916,-1.74374584262025
426,5077,"s15","m0",0.0906733378726449,-0.50526836652621,-0.391596189392124,-2.72763618928958
427,5122,"s15","m0",-0.00351562096902063,-0.635723350348322,-0.793801159425433,-0.888651685074956
428,5136,"s15","m0",0.101945108238267,-0.28026089759696,-0.556592704868085,-2.24557458140132
429,5149,"s15","m0",0.0597647633723593,-0.710292796558824,-0.750507404811891,-2.16822036762152
430,5174,"s15","m0",0.0321157814769526,-0.52333763919808,-0.735182342215534,-1.31874590269135
431,5198,"s15","m0",0.0725049662240948,-0.38442709748685,-0.696532134833116,-1.52016262509352
432,5207,"s15","m0",0.109363660806902,-0.366710645171944,-0.571650277556951,-2.38668771027448
433,5211,"s15","m0",0.126299116515322,-0.469747483796923,-0.59238692923033,-3.07253838688013
434,5217,"s15","m0",0.00100331036011125,-0.662557562371087,-0.705088167354906,-1.31688974894614
435,5240,"s15","m0",0.00416327153473563,-0.37932537954088,-0.755957064234207,-0.784672704639778
436,5243,"s15","m0",-0.00455831409773122,-0.644462854378627,-0.695445007134024,-1.75981232025379
437,5245,"s15","m0",0.0634923174828511,-0.383580668560372,-0.579289243903204,-1.97791838759255
438,5251,"s15","m0",-0.0699204933755276,-0.620817526025882,-0.856856557806986,-0.360515915906684
439,5256,"s15","m0",0.0318445520383391,-0.494122832782932,-0.648617834748057,-1.77417062998464
440,5266,"s15","m0",0.0821303716342675,-0.394323454904807,-0.677660732154416,-1.8486314722248
441,5270,"s15","m0",0.0373753192951442,-0.40160089060592,-0.72146725330255,-2.57536535523698
442,5281,"s15","m0",0.0576092760267412,-0.65699102748419,-0.780106063291027,-1.87808195426319
443,5283,"s15","m0",0.0270759366768651,-0.599620820486147,-0.851159448439269,-1.93760990460333
444,5295,"s15","m0",0.100611145845884,-0.491693104525199,-0.652589131250687,-2.6584574353546
445,5311,"s15","m0",0.0527281294986449,-0.417176530251317,-0.602160390990919,-1.91966519458548
446,5318,"s15","m0",0.00236468100480437,-0.667320896532462,-0.791812024584416,-1.38591294649466
447,5335,"s15","m0",0.0540351910145926,-0.451450740261046,-0.54882717913877,-1.12173720535589
448,5339,"s15","m0",0.0301199539082232,-0.491652578371261,-0.667270447428917,-1.82524904568326
449,5355,"s15","m0",0.0198883877767131,-0.415915413145091,-0.764957961871356,-1.72141196257477
450,5362,"s15","m0",0.00674704082545785,-0.629442728654056,-0.624495089667826,-2.38932300060511
451,5367,"s15","m0",-0.00292810479141319,-0.432784784131556,-0.567055070860312,-0.730635589122458
452,5375,"s15","m0",0.0538974984876417,-0.478561505164414,-0.6609261314206,-1.61730036842211
453,5384,"s15","m0",0.0609196294499169,-0.410543112323213,-0.62411917126791,-2.55653711867325
454,5397,"s15","m0",0.0261014341058364,-0.366371243378487,-0.630196489412008,-1.02847998711263
455,5422,"s15","m0",0.0504405194348269,-0.363044681977969,-0.762918834789866,-1.43711888764531
456,5439,"s15","m0",0.0296236717642175,-0.511213931250378,-0.696086307475894,-1.42707389202295
457,5455,"s15","m0",0.0277096418285879,-0.439991092123762,-0.773060178423033,-1.07411534146984
458,5459,"s15","m0",0.029975828947829,-0.479045410348285,-0.832423281161094,-1.30166202580102
459,5462,"s15","m0",0.05467602834479,-0.589024232475086,-0.619347812893071,-1.5298086250314
460,5475,"s15","m0",0.0822420113243546,-0.400725781488745,-0.571845781096603,-2.33160170207647
461,5476,"s15","m0",0.104396946912939,-0.348807958170177,-0.573968431975065,-1.84632377299331
462,5481,"s15","m0",0.0884165220616804,-0.479344678529686,-0.72283656322508,-2.5196620136634
463,5489,"s15","m0",0.0379515370669326,-0.716199098383353,-0.712447917629039,-1.30078709509644
464,5491,"s15","m0",0.0449821815951457,-0.490419935663924,-0.743975850994455,-2.61902441062244
465,5500,"s15","m0",0.0827879311087953,-0.269686630814335,-0.520861348891195,-1.97085638517699
466,5505,"s15","m0",0.0527494745341356,-0.520296937206375,-0.516062664155612,-2.15723544369137
467,5508,"s15","m0",-0.0161519642186589,-0.564885683872434,-0.978644917510681,-1.83195975367216
468,5511,"s15","m0",0.0671198859787831,-0.340788345895825,-0.62211031717503,-1.26016669669003
469,5532,"s15","m0",0.0603718180681555,-0.599250711990232,-0.680183221322632,-1.85644429229593
470,5549,"s15","m0",-0.0173129823904889,-0.384142300406685,-1.00710053328877,-0.39139623841726
471,5557,"s15","m0",0.108848110912598,-0.41529269632888,-0.458496360309862,-2.86564070388971
472,5562,"s15","m0",0.0420175317919719,-0.398869126592264,-0.725733250967371,-2.29383299523298
473,5575,"s15","m0",0.0668897219342716,-0.297401933728078,-0.687208982381326,-2.20689513137899
474,5578,"s15","m0",0.0609841415628474,-0.415183827060874,-0.797401508227527,-2.65925471579367
475,5589,"s15","m0",-0.0136717269348808,-0.533086192697329,-0.672356620288225,-1.08979106612925
476,5596,"s15","m0",0.0424587003375878,-0.483807988650383,-0.835079695134134,-1.79498164138668
477,5612,"s15","m0",0.0189767065292685,-0.430914245225812,-0.773285885845376,-1.05765762809512
478,5619,"s15","m0",0.0447971100265585,-0.33550978229296,-0.739663171421252,-1.2792339153582
479,5621,"s15","m0",0.102830113521654,-0.371494939402297,-0.449379996604402,-2.29294923984352
480,5624,"s15","m0",0.0418700331472975,-0.550481269467617,-0.547582933261512,-1.34754837591375
481,5626,"s15","m0",0.0837857732936144,-0.351155521956797,-0.747776916720569,-2.51204113334633
482,5643,"s15","m0",0.0535295248499187,-0.420292531180469,-0.622777947165254,-2.55979317620706
483,5646,"s15","m0",0.0797924960878606,-0.361009560047394,-0.564245508629886,-2.38422525360731
484,5654,"s15","m0",0.0237693163999275,-0.504910016099995,-0.714871330293261,-1.39713587063403
485,5665,"s15","m0",0.0190096596342668,-0.600111114789099,-0.723569054235734,-1.37593566406172
486,5668,"s15","m0",0.00941612206781705,-0.496906770039107,-0.72907500169371,-0.952354135756121
487,5677,"s15","m0",-0.0555427227397479,-0.650294363015645,-1.01778715243417,-0.630643230070825
488,5687,"s15","m0",0.0818975982511942,-0.396039492495253,-0.465394153986589,-1.40231741652626
489,5688,"s15","m0",0.0273458944251577,-0.19828352448321,-0.592767365680274,-0.747158194371496
490,5704,"s15","m0",0.0895069497509967,-0.467087913484494,-0.445154779978236,-2.23294416179921
491,5711,"s15","m0",-0.0229406981555172,-0.668169625697029,-0.661274736913267,-1.71088335298277
492,5738,"s15","m0",0.097022536366616,-0.308750318528462,-0.422610625356455,-1.70891150231574
493,5752,"s15","m0",0.094746984151946,-0.422968542229501,-0.480675512309793,-2.01732964950036
494,5756,"s15","m0",-0.00763933846795316,-0.45818860077957,-1.17370374649832,-0.928826916878558
495,5759,"s15","m0",0.0957995233206866,-0.35919149641309,-0.625554553783959,-2.6383808440904
496,5773,"s15","m0",0.0498664577796478,-0.54803850354291,-0.753157986866353,-2.59923933750687
497,5776,"s15","m0",0.0664338837344513,-0.570312838537389,-0.592745376412897,-1.63352355701694
498,5808,"s15","m0",0.059318532303901,-0.43075379960128,-0.426374338794065,-1.70727088298424
499,5819,"s15","m0",0.100714343929155,-0.454432282229524,-0.683737172546348,-2.39716043209846
500,5821,"s15","m0",0.0431412657735102,-0.404441302443024,-0.566919307499216,-1.02436854151583
501,5827,"s15","m0",0.0583844931942024,-0.48871281379399,-0.689630668254483,-1.54916385979398
502,5841,"s15","m0",0.0706706656553308,-0.42071640971711,-0.601872308802605,-3.16191819666795
503,5859,"s15","m0",-0.0760879782054514,-0.667038706628202,-0.772084029024095,-0.385069825380654
504,5861,"s15","m0",0.00685905647054472,-0.618991559189696,-0.581959343557381,-0.941518415639296
505,5876,"s15","m0",0.0581685658702519,-0.512807110708168,-0.652359382957142,-1.66911279035057
506,5892,"s15","m0",0.0469046170266136,-0.733490282985805,-0.570088139905231,-1.91506778346337
507,5902,"s15","m0",0.0252758218627144,-0.380375644009142,-0.569241441031538,-0.706240519456161
508,5908,"s15","m0",0.0874668719733379,-0.343471332094459,-0.67544152469374,-2.03244993973633
509,5934,"s15","m0",0.133034357620736,-0.320920135611046,-0.424886670593381,-2.10118968387417
510,5941,"s15","m0",0.0831463896746885,-0.250478680981302,-0.588163494210542,-1.90943468214481
511,5954,"s15","m0",0.114736258028354,-0.334763524540701,-0.641323336119369,-2.64598638917795
512,5968,"s15","m0",0.104020122363228,-0.46842863525538,-0.54974622999301,-2.3300285828364
513,5991,"s15","m0",0.135380681846295,-0.272454798828239,-0.429271605524418,-2.92829419673957
514,6015,"s15","m0",0.00815595952415516,-0.729554026781621,-0.757889990365841,-1.02731459235155
515,6020,"s15","m0",0.0653403530520937,-0.402612193132965,-0.604224413193044,-1.96925495288497
516,6021,"s15","m0",0.028504576030956,-0.422531299346677,-0.579678903625249,-1.29060622226583
517,6026,"s15","m0",0.0330832617717295,-0.4622373345991,-0.419282763637055,-1.92637451648774
518,6050,"s15","m0",0.0700870006018533,-0.607903656742747,-0.684987930315603,-2.07117971911525
519,6054,"s15","m0",0.107483604389853,-0.390109496787792,-0.563544058199728,-1.58905504539912
520,6066,"s15","m0",0.0637741556255432,-0.573715464038012,-0.796575176321097,-1.44190880664956
521,6067,"s15","m0",0.0368279320033829,-0.436384993852316,-0.734999001169773,-1.26069433865344
522,6069,"s15","m0",0.111252433469554,-0.364350417641755,-0.395183235659274,-2.48329257176612
523,6077,"s15","m0",0.0564614994514164,-0.521087464507094,-0.609308738016699,-1.27227209236702
524,6086,"s15","m0",0.0698022924249462,-0.423696563550027,-0.566361689288197,-1.43015463045897
525,6093,"s15","m0",0.0624143948629747,-0.410324718749072,-0.458948258960488,-1.99243814628697
526,6097,"s15","m0",0.0441206167875888,-0.529588570126708,-0.464436269820227,-0.912876279119724
527,6111,"s15","m0",0.0567145275432968,-0.540582698515619,-0.771492169853311,-2.91370023131609
528,6112,"s15","m0",0.113226920808785,-0.372300636465727,-0.455799582758906,-2.91234331328117
529,6129,"s15","m0",0.0501334310573497,-0.590177760904026,-0.770105799436289,-1.70844541164655
530,6155,"s15","m0",0.0454884044766314,-0.419246966309505,-0.810573221038868,-1.21540486870372
531,6160,"s15","m0",0.118219882876165,-0.526364216965927,-0.515116266742822,-2.84860399950635
532,6176,"s15","m0",0.0446126069293214,-0.536455583100317,-0.670082694099923,-0.756490548643345
533,6182,"s15","m0",0.0955567590731523,-0.367350105014765,-0.575716758663969,-2.52871617225848
534,6194,"s15","m0",0.1094747768277,-0.338886026548451,-0.450339141063609,-2.9983025759713
535,6197,"s15","m0",0.11360527813114,-0.369912824656388,-0.423909030332233,-2.12163899661998
536,6204,"s15","m0",0.0895096358012405,-0.32138583386363,-0.587997079431657,-1.26051710630225
537,6218,"s15","m0",0.0691365960343089,-0.37680614959572,-0.601126918029451,-1.55244201183449
538,6234,"s15","m0",0.0526698028283799,-0.641368007954925,-0.678625156502953,-1.77789846208409
539,6251,"s15","m0",0.126958425953759,-0.254303383445896,-0.557026295328211,-1.97923060739456
540,6262,"s15","m0",-0.043576678907672,-0.628745031797744,-0.84172676291298,-0.994417192536852
541,6264,"s15","m0",0.0768611702281426,-0.443828425005254,-0.687517387401608,-3.32543053997122
542,6269,"s15","m0",-0.0072239866072062,-0.546066055836862,-0.664112366088666,-0.849846322908721
543,6317,"s15","m0",0.0514516410803122,-0.376209239855113,-0.868494758495183,-1.10143121014698
544,6322,"s15","m0",0.132710644236196,-0.360125854826034,-0.485561628734097,-2.04814906301935
545,6348,"s15","m0",0.0688007000663202,-0.553292623362463,-0.839858381135242,-1.44710242192161
546,6363,"s15","m0",0.0805149653287073,-0.363055424913051,-0.680282868511244,-1.57413776938341
547,6380,"s15","m0",0.0744793268095475,-0.306300973255268,-0.684593076081226,-1.81435420089316
548,6385,"s15","m0",0.10427782112673,-0.394040540929868,-0.525611359106573,-2.22424057773115
549,6411,"s15","m0",0.10303871025762,-0.501834859241433,-0.521341299467166,-2.6552047689123
550,6434,"s15","m0",0.0710729036772862,-0.403824393265493,-0.627722586021136,-1.71329041345154
551,6441,"s15","m0",0.0285436445730381,-0.486943652503767,-0.650125191035974,-1.75946402024485
552,6443,"s15","m0",-0.0010166671237271,-0.461756704880537,-0.733465938683426,-1.04614388456997
553,6449,"s15","m0",0.0572607043233358,-0.473879797145707,-0.690426008126095,-2.41343780202758
554,6454,"s15","m0",0.125924482181579,-0.311892812659983,-0.483765429182762,-2.82677229853469
555,6478,"s15","m0",0.0145500856899162,-0.582111130922385,-1.05325840034061,-1.52958813550736
556,6500,"s15","m0",0.0224490044835208,-0.452185454006844,-0.767626606567721,-1.13738727901929
557,6503,"s15","m0",0.0589774404239665,-0.564357329483505,-0.692904238289748,-1.54422877640887
558,6510,"s15","m0",0.084299669963266,-0.368652238897703,-0.746746981401255,-1.1067467975044
559,6517,"s15","m0",0.0607608487942919,-0.372682162713573,-0.837833457419793,-1.9897104581103
560,6528,"s15","m0",-0.0741868474842206,-0.627897125051594,-1.54184548889252,-0.861886172412771
561,6575,"s15","m0",0.0177246387686347,-0.469108162332097,-0.877115584240002,-2.25970910879549
562,6593,"s15","m0",0.0705963694098083,-0.61154091112458,-0.676154180971819,-1.70522227282968
563,6600,"s15","m0",0.0327781770797699,-0.403707371754136,-0.928519226988519,-1.86976031217121
564,6619,"s15","m0",-0.0113442308916993,-0.572003162528915,-0.926528842021542,-2.12320901120069
565,6641,"s15","m0",0.0589487415200414,-0.400834119448187,-0.587625226900457,-2.09310669921621
566,6654,"s15","m0",0.0254576532277079,-0.482619325309395,-0.714039198156922,-1.51075246233228
567,6659,"s15","m0",0.0674389866280419,-0.309633705729614,-0.763384503114233,-1.80483154827241
568,6661,"s15","m0",0.114691608423596,-0.521677768798681,-0.572811949459829,-2.8575357778445
569,6677,"s15","m0",0.0570952037780544,-0.480316998280669,-0.702880093424716,-1.2464272681851
570,6693,"s15","m0",0.0663638496544487,-0.447892305260883,-0.47608903463318,-1.4422960209661
571,6715,"s15","m0",0.0543264718421344,-0.550751601842924,-0.708493166686748,-1.79045737050434
572,6716,"s15","m0",0.0329384859875715,-0.336407563400197,-0.663139802045935,-1.88063337660469
573,6738,"s15","m0",0.0701034024625226,-0.50969496073907,-0.644992232780581,-2.2095958697497
574,6751,"s15","m0",0.102920620540766,-0.311642499371499,-0.465264044671445,-1.82202717048051
575,6767,"s15","m0",0.0946220542371588,-0.308425938319794,-0.702458677747128,-1.78841697184472
576,6772,"s15","m0",0.0688191824269491,-0.429313848903108,-0.585019849350633,-1.96847875705878
577,6782,"s15","m0",0.0545891566039094,-0.324316488637737,-0.566590216791825,-1.95874040720769
578,6789,"s15","m0",0.0472312802469992,-0.393927655384891,-0.638089173012114,-1.48410102652141
579,6804,"s15","m0",0.105672535404552,-0.574752024697848,-0.782262688688674,-2.34273735996431
580,6817,"s15","m0",0.050013614600658,-0.460513632322355,-0.954144417100318,-1.73026240598318
581,6846,"s15","m0",0.0543560641480583,-0.446246755620701,-0.819370669511527,-1.25948358930397
582,6853,"s15","m0",0.0666779125639091,-0.312387974002072,-0.56198225122974,-1.54128337133038
583,6860,"s15","m0",0.0757178710033356,-0.407073269774136,-0.470948830659442,-2.02539585654267
584,6868,"s15","m0",0.0319943062173737,-0.491470816846059,-0.714150621024949,-1.93493532560996
585,6870,"s15","m0",0.0515495030325737,-0.451495710264612,-0.637995164462307,-1.44368597279673
586,6875,"s15","m0",0.022440499571307,-0.566567224440558,-0.866749412981948,-2.22438065728977
587,6876,"s15","m0",0.0707523613476437,-0.268360083823085,-0.615971426515029,-2.73239571161943
588,6880,"s15","m0",0.0549669047191411,-0.557616804839596,-0.516727365582076,-1.65228436247162
589,6893,"s15","m0",0.0646608753095956,-0.336851876025565,-0.607044343166162,-1.18673352102748
590,6895,"s15","m0",0.00356275782854087,-0.408697958979623,-0.950630080047126,-0.874121406150316
591,6913,"s15","m0",0.0655028084925418,-0.391330779933106,-0.826441445843833,-1.55348524337049
592,6937,"s15","m0",0.0649944005517847,-0.351369818696583,-0.876804970089108,-2.12264548060454
593,6955,"s15","m0",0.0389971370838384,-0.315442871415404,-0.68958544739328,-1.25588153691315
594,6962,"s15","m0",0.0456609243283297,-0.358113396182025,-0.813684845908905,-1.32026552811107
595,6964,"s15","m0",0.0620358996693955,-0.480694492834216,-0.691643743566441,-1.29071400182019
596,6969,"s15","m0",0.0357349354841301,-0.548579490429466,-0.597446953592633,-1.92475810549222
597,6976,"s15","m0",0.0810358098931625,-0.535571831159539,-0.621864359705092,-2.48081817859729
598,6979,"s15","m0",0.0310299473021148,-0.394111582470997,-0.760591201491803,-1.93245423318021
599,6980,"s15","m0",-0.0162668409765659,-0.644869824116779,-0.828318498407077,-1.06620829697939
600,7007,"s15","m0",0.0239115298109754,-0.538521475793553,-0.76466543401548,-1.75190544643878
601,7025,"s15","m0",0.0163795392861705,-0.677769992248914,-0.797279103786393,-1.53486332104262
602,7028,"s15","m0",0.0851666349265313,-0.454581281663051,-0.685236800608218,-1.62256780985047
603,7031,"s15","m0",0.111781057344751,-0.42958336510834,-0.673862620373847,-3.07888075099215
604,7032,"s15","m0",0.0617318510818852,-0.400913661618341,-0.457716923696938,-1.40981174775816
605,7067,"s15","m0",0.0885184780135295,-0.432261385047515,-0.483388700068141,-2.40448194883632
606,7074,"s15","m0",0.020073709577333,-0.393948519100834,-0.681154931925565,-1.59073933334021
607,7088,"s15","m0",0.0983350190711154,-0.583933962573517,-0.729113706115134,-2.00051809368236
608,7098,"s15","m0",0.10737655220685,-0.409416267030586,-0.62402451653144,-2.38122096674629
609,7197,"s15","m0",0.062461759329089,-0.43839080667258,-0.594006663739081,-2.05810543505409
610,7206,"s15","m0",0.106255405021809,-0.428979006511426,-0.627380537432675,-2.10117050110251
611,7213,"s15","m0",0.0151305951035851,-0.532410592941168,-0.70100285174601,-1.50360997359227
612,7223,"s15","m0",0.0882496702240713,-0.491945913095136,-0.362220489724464,-2.11853333078812
613,7234,"s15","m0",0.058096133433117,-0.597375395933255,-0.696409897581495,-1.46227975607373
614,7236,"s15","m0",0.0876450455703129,-0.50378714872423,-0.637228436296602,-2.40933988763763
615,7297,"s15","m0",0.0963825225855386,-0.443189039579472,-0.532100232035531,-2.11804901401672
616,7311,"s15","m0",0.0698928620626348,-0.529244557355766,-0.613999325611686,-1.60631852873305
617,7314,"s15","m0",0.0592091727674523,-0.501715881200196,-0.607192036792588,-2.35863639823162
618,7317,"s15","m0",0.0442341714503526,-0.492606680826874,-0.82374560430646,-1.58351360551131
619,7333,"s15","m0",0.0340571641625743,-0.570552803504807,-0.5515501511341,-1.82243856352639
620,7341,"s15","m0",-0.0194163407989349,-0.379895110282967,-0.830301728549796,-1.16497619224086
621,7360,"s15","m0",0.0219258756493935,-0.666484335400262,-0.58553566943014,-1.44811839962363
622,7363,"s15","m0",0.0182007884880297,-0.706716204673528,-1.02281843287758,-1.87391606854149
623,7369,"s15","m0",0.0557452072806111,-0.446257025168009,-0.782926699393427,-1.63005901359211
624,7380,"s15","m0",0.0311285441234842,-0.457539996352542,-0.765276239661743,-1.45659621165192
625,7391,"s15","m0",0.0815327196880478,-0.436659610863277,-0.63439698603617,-1.94011373859669
626,7404,"s15","m0",0.0337500232092008,-0.554591663902947,-0.730132665583639,-1.87340611296507
627,7409,"s15","m0",0.112511628016662,-0.237458711315734,-0.481987105591164,-2.11890809242527
628,7416,"s15","m0",-0.0494285964830622,-0.679443478928693,-0.993166100324897,-0.305874393435467
629,7418,"s15","m0",-0.00885145753673253,-0.393685918199633,-0.76918660550762,-0.973169024418695
630,7431,"s15","m0",0.0446142765373048,-0.422733383907958,-0.68490515861191,-1.92188445099687
631,7443,"s15","m0",-0.0176107097891044,-0.534331396436004,-0.568365789222867,-0.965955897757249
632,7451,"s15","m0",0.0181822229271259,-0.479680772118066,-0.769004638322303,-0.66558322279484
633,7469,"s15","m0",0.0124156940410507,-0.472927615244044,-0.459816042851919,-1.00576501185156
634,7492,"s15","m0",0.035256794164567,-0.528568462317707,-0.604066032570568,-2.12296557539602
635,7502,"s15","m0",-0.0149186903782886,-0.576479740943793,-0.938521138929038,-1.3309579273682
636,7513,"s15","m0",0.0607023726879342,-0.400404733975822,-0.528424532036857,-2.26559382011945
637,7526,"s15","m0",0.012534055928929,-0.533821269844228,-0.639295471827059,-0.66736306303643
638,7527,"s15","m0",0.0106437499370216,-0.57867241633093,-0.657546360764645,-1.36898827281926
639,7538,"s15","m0",0.0297092201286964,-0.753271514134613,-0.86087572560229,-1.72416690948007
640,7539,"s15","m0",0.00741253471921166,-0.580662331002507,-0.713407855969637,-0.790904764597587
641,7550,"s15","m0",0.0785700240708086,-0.440283192644731,-0.454336289961189,-1.5313403909035
642,7554,"s15","m0",0.114828207504104,-0.547271404039305,-0.690495559969567,-1.79785080080908
643,7596,"s15","m0",-0.00971870324269988,-0.558603190949719,-0.741735912212398,-1.84608307238763
644,7616,"s15","m0",0.101501935675302,-0.462867824437558,-0.560066474449571,-2.57879941920646
645,7621,"s15","m0",0.0709355482139129,-0.251146590043819,-0.655776613710018,-1.58695316548994
646,7624,"s15","m0",0.066554851843049,-0.532010045553622,-0.448543226041129,-2.46856321457746
647,7625,"s15","m0",0.0772680765189616,-0.363865543192668,-0.442395923496345,-1.8710126900741
648,7635,"s15","m0",0.0887344221853828,-0.332463968922929,-0.7016768735444,-2.31296761999552
649,7656,"s15","m0",0.0781506294898149,-0.247327281236499,-0.754800842470752,-2.05271462599699
650,7657,"s15","m0",0.0700688388879738,-0.635545386035397,-1.06570454359927,-1.86138816937215
651,7663,"s15","m0",0.069737713758558,-0.35122024057019,-0.447225832998968,-1.80786467548206
652,7664,"s15","m0",0.112223502171093,-0.361509822470196,-0.416549019784808,-1.45681546056396
653,7680,"s15","m0",0.0320375948628097,-0.429832416962132,-0.708198196078275,-1.44266290818864
654,7706,"s15","m0",0.0577549997694605,-0.562539106711965,-0.657693517818736,-1.57313904450228
655,7722,"s15","m0",0.0320452437434073,-0.508785499358814,-0.769124371341742,-1.78173142922753
656,7724,"s15","m0",0.00100093943063191,-0.545301861087686,-0.814849447297087,-1.29669862327232
657,7726,"s15","m0",0.0673180486922185,-0.556032771077336,-0.601209117849439,-1.70593016269283
658,7737,"s15","m0",0.0529948015115826,-0.613666443586188,-0.551344911478963,-1.72907490453809
659,7742,"s15","m0",0.0920073865118014,-0.391049196385002,-0.503271013581562,-2.59901045064757
660,7750,"s15","m0",0.0418444261346383,-0.663681525086987,-0.773164127699707,-1.69395833517139
661,7754,"s15","m0",0.0452847645695991,-0.725209442454667,-0.840088279047504,-1.64985337086745
662,7756,"s15","m0",0.0380786821708357,-0.271217435201518,-0.785211784512777,-1.37586314895268
663,7763,"s15","m0",0.00731217296900238,-0.570486334120767,-0.649089131480235,-0.940260712279642
664,7764,"s15","m0",0.0179501344780968,-0.497169258414599,-0.62424155106556,-0.829643919544162
665,7770,"s15","m0",0.0396097614930696,-0.295289323313401,-0.728438595170102,-1.13566791900531
666,7777,"s15","m0",0.0634402025248556,-0.508902698797525,-0.594794200838211,-1.65211481483733
667,7785,"s15","m0",0.0513415876922404,-0.654079162298588,-0.774359638607633,-2.2392512849256
668,7808,"s15","m0",0.0190420285131574,-0.558179881214805,-0.698415045546257,-0.978365074170819
669,7830,"s15","m0",0.0327875453043474,-0.482188507636976,-0.593825156364714,-1.87230871468984
670,7843,"s15","m0",0.0591082656311625,-0.551753486833018,-0.656393642134205,-1.61646404560255
671,7845,"s15","m0",0.0443151788661984,-0.351409459935621,-0.549092436808202,-0.889744764294153
672,7860,"s15","m0",0.0777073636110117,-0.332750615969326,-0.700013474466916,-2.15223931506638
673,7874,"s15","m0",0.0530211254373101,-0.554099221148566,-0.574989026400232,-1.14891466105821
674,7904,"s15","m0",0.0516902442132472,-0.591955946118664,-0.60229441574516,-1.88070761826607
675,7913,"s15","m0",0.0827464777344503,-0.318039326939229,-0.447899675286252,-2.46158011575718
676,7919,"s15","m0",0.00915702039878577,-0.457762209526826,-0.648515316157903,-1.73585714407898
677,7920,"s15","m0",0.115702568179831,-0.4262955690207,-0.561104197088785,-3.18533474280206
678,7935,"s15","m0",0.0255740935795501,-0.347603769273536,-0.934448380430836,-1.28092894897215
679,7937,"s15","m0",0.0750400144566094,-0.367974179655206,-0.467376985329331,-1.51227222396345
680,7958,"s15","m0",0.0646504053357144,-0.522249898829371,-0.627301733540001,-1.41333168214649
681,7988,"s15","m0",0.0605421650355553,-0.48037366685951,-0.701145870583522,-0.891778219378167
682,7990,"s15","m0",0.100933662757855,-0.30416448112383,-0.395451780808285,-1.73258284750408
683,8001,"s15","m0",0.0617566086939715,-0.532046899322006,-0.628289033281339,-1.10643445134414
684,8006,"s15","m0",0.0767969170538372,-0.393324247942882,-0.557595614808293,-2.20984663024268
685,8030,"s15","m0",0.0556056718180402,-0.399778426721342,-0.724165061645573,-2.06177005001942
686,8043,"s15","m0",-2.97718203432829e-06,-0.5626711831848,-0.799300518089054,-0.691669616533107
687,8052,"s15","m0",0.0332714410951167,-0.509692652391141,-0.695245337896522,-1.83690246664654
688,8088,"s15","m0",0.0804832407570224,-0.445717192999419,-0.514443286422305,-2.7817024138722
689,8120,"s15","m0",0.0619483133632884,-0.388859614932499,-0.498255627294613,-1.27033316309319
690,8125,"s15","m0",0.0493645480445705,-0.475511427004126,-0.709562151490896,-1.97459986353626
691,8132,"s15","m0",0.0339876123676788,-0.559449931145316,-0.775533196097395,-2.02573702157872
692,8153,"s15","m0",0.0321356990969862,-0.468781660853934,-0.535383377521656,-1.98671965302799
693,8160,"s15","m0",0.0848197718479562,-0.319659580725129,-0.609649106074732,-1.42965849973443
694,8165,"s15","m0",0.069388874931059,-0.298532035851977,-0.518699784489955,-1.86617937447125
695,8167,"s15","m0",0.0158880750467105,-0.53199995637323,-0.679460147046775,-1.12173414814282
696,8172,"s15","m0",0.0677780992498873,-0.701196862238387,-0.685215255094191,-1.6391821028053
697,8178,"s15","m0",0.096275601348215,-0.419414487593833,-0.49192069716913,-1.91729844826131
698,8187,"s15","m0",0.0207046594719139,-0.547875557840234,-0.59964193354062,-0.959434088726808
699,8202,"s15","m0",0.0710858307925362,-0.393370246204445,-0.546577384296622,-1.96283443673244
700,8205,"s15","m0",0.0405830175335688,-0.585569100175802,-0.636368150373341,-1.28212470969286
701,8231,"s15","m0",0.0936807020541643,-0.425744940561431,-0.4889469557036,-4.09574587198625
702,8240,"s15","m0",0.0780434499349796,-0.525273383428787,-0.520519110010179,-1.62976294989941
703,8246,"s15","m0",0.0823343498350124,-0.41952608879239,-0.598907149508741,-1.78542043920728
704,8263,"s15","m0",0.0922654433962743,-0.586056789159415,-0.5534768401681,-1.45886819065207
705,8268,"s15","m0",-0.00704669231571668,-0.397142564806352,-0.727589778396115,-1.08762451387967
706,8276,"s15","m0",0.0658591388847829,-0.495565614548785,-0.623035998317418,-1.75435350012821
707,8283,"s15","m0",0.00803614811594735,-0.573158692758954,-0.659490148724439,-0.928127027126017
708,8298,"s15","m0",0.0828775343218561,-0.470502354254615,-0.578016191029478,-1.62143811072377
709,8317,"s15","m0",0.037607469724554,-0.599545870241085,-0.651933248389362,-1.14845628764836
710,8319,"s15","m0",0.0414620136927396,-0.43016110055741,-0.705492151081447,-1.13261330694562
711,8323,"s15","m0",0.127289403604944,-0.535495372367791,-0.470734394096076,-2.00747842692015
712,8343,"s15","m0",0.060599110993117,-0.407773036171056,-0.549052800789101,-1.20950162658145
713,8365,"s15","m0",0.0288143774917068,-0.553356768367903,-0.796256723404529,-2.16993275885385
714,8371,"s15","m0",0.0111060859673651,-0.50928584898699,-0.741811957517846,-0.883637163722544
715,8386,"s15","m0",0.0461009219399845,-0.523593666596374,-0.688796075648851,-1.29055913091458
716,8410,"s15","m0",0.0742560692542449,-0.506376579910061,-0.459520835536167,-1.41105754278916
717,8428,"s15","m0",0.0875494167358874,-0.284055430300194,-0.542948088849257,-1.78464355783125
718,8430,"s15","m0",0.10794106358855,-0.518881029496559,-0.425023930134857,-1.56828267555001
719,8434,"s15","m0",0.0101416187419928,-0.432077879892762,-0.722784799373988,-1.12436278109063
720,8480,"s15","m0",0.0389035682290089,-0.430829000025476,-0.721279434688452,-1.92676896374823
721,8488,"s15","m0",0.103207378648369,-0.364082516613086,-0.581410708981182,-2.3179735275087
722,8490,"s15","m0",0.0898475223650388,-0.466100744106285,-0.605051497277663,-1.70897865574716
723,8497,"s15","m0",0.108776412238195,-0.362524732082827,-0.406705181914252,-2.49034432397975
724,8509,"s15","m0",0.0395778836683264,-0.432623877159076,-0.628247073614528,-3.05394716919033
725,8510,"s15","m0",0.0958557584915316,-0.234703818971749,-0.390474614181138,-1.65403783620251
726,8533,"s15","m0",0.000332038401276086,-0.564013138299273,-0.843501910436711,-1.42898302885218
727,8535,"s15","m0",0.046386862218448,-0.574858951446668,-0.72696372653712,-2.49618425951899
728,8540,"s15","m0",-0.00496350865648233,-0.519590794459942,-0.666278578612286,-1.37970814268885
729,8555,"s15","m0",-0.0472510697396969,-0.553209350648833,-0.890519412956893,-0.902096433200697
730,8565,"s15","m0",0.142759737253992,-0.326638561548665,-0.56696345277852,-2.64321876390046
731,8566,"s15","m0",0.0646121339637263,-0.481732294092703,-0.577639383898159,-2.78583522133194
732,8573,"s15","m0",0.0108867598728247,-0.373910337509087,-0.843872210177562,-3.01812320076311
733,8579,"s15","m0",0.0590166282459969,-0.329468525980366,-0.513473619011244,-1.17107698140676
734,8586,"s15","m0",0.0349789264072041,-0.412490708366478,-0.631845462936893,-1.53597579152242
735,8598,"s15","m0",0.101287132866446,-0.458746879556542,-0.675921807405365,-2.30002503427105
736,8600,"s15","m0",0.0856364642289914,-0.352886641076256,-0.82421098702718,-1.61827937703323
737,8605,"s15","m0",0.0909723607476542,-0.432067871575241,-0.47635632459174,-2.02765739923202
738,8614,"s15","m0",0.0666912374575104,-0.663051871507219,-0.46463840543072,-1.85750985473101
739,8616,"s15","m0",0.0406849985801013,-0.513904406089771,-0.884412608369593,-2.30975570398392
740,8640,"s15","m0",0.0640271041060419,-0.363558120273285,-0.703901859795995,-2.23797215846468
741,8658,"s15","m0",0.0716486962634184,-0.52056295121428,-0.977248575752538,-1.46007642473641
742,8666,"s15","m0",0.0178699395858738,-0.506097616558993,-0.795218784274003,-1.28222018971428
743,8684,"s15","m0",0.0661807014986157,-0.487274744330842,-0.488031835074722,-1.79474713842221
744,8713,"s15","m0",0.0550082085440636,-0.526361784402068,-0.610220725863223,-1.44595204750388
745,8718,"s15","m0",0.0447600970160392,-0.338311776433609,-0.607292001455581,-1.54399764717308
746,8720,"s15","m0",0.100964001074666,-0.334678518227953,-0.570028405495012,-1.99635444845288
747,8736,"s15","m0",0.0384792698625695,-0.475858967003802,-0.651250270016855,-1.73615722000145
748,8767,"s15","m0",0.0984701631778058,-0.400942651777352,-0.515760980050648,-2.97705193181347
749,8794,"s15","m0",0.0663047205547496,-0.379105384395552,-0.481542651805404,-1.95372756162013
750,8795,"s15","m0",0.0800981930481045,-0.420129445373243,-0.716853945209779,-1.29796223383486
751,8799,"s15","m0",-0.0349130694450815,-0.674192275928067,-0.979163452949985,-1.27127895762887
752,8808,"s15","m0",0.0677895473649377,-0.442510039710131,-0.654625443669005,-2.07099563444905
753,8818,"s15","m0",0.123580037801231,-0.385043803211401,-0.519358788751572,-1.94114486926889
754,8819,"s15","m0",0.05948120848602,-0.47448190392935,-0.679693318877339,-2.13365910891088
755,8834,"s15","m0",0.101994566945653,-0.346746993050544,-0.864087355300077,-2.67465742448206
756,8836,"s15","m0",0.0556694224614655,-0.534477719365605,-0.539396685676545,-2.38346543283665
757,8843,"s15","m0",0.0541686020016851,-0.395947183204715,-0.564650407637252,-2.33386060091039
758,8859,"s15","m0",0.0367987502573459,-0.535727498887654,-0.743595705537157,-1.91316740920657
759,8871,"s15","m0",0.0816351826364556,-0.483673256873732,-0.446295413424631,-2.0058125341978
760,8877,"s15","m0",0.0560563489511241,-0.289554036432811,-0.689692715898737,-1.86415244200526
761,8899,"s15","m0",0.0934531380933893,-0.366973526426157,-0.682960452332178,-2.34534594861411
762,8902,"s15","m0",0.0184481821474829,-0.45621466690626,-0.697833378395903,-1.09860380390546
763,8917,"s15","m0",0.0274926585018042,-0.339617336131407,-0.639361379003068,-1.49731413312939
764,8919,"s15","m0",0.0295559340632482,-0.484366109437559,-0.997390344495901,-1.28584968589638
765,8923,"s15","m0",0.0577374860328709,-0.472474610437615,-0.595507573593404,-3.33596647640784
766,8940,"s15","m0",0.00486533780667607,-0.594562156144321,-0.818208810553515,-0.699821991922047
767,8960,"s15","m0",-0.00222317056658407,-0.685405558795464,-0.757845737908746,-1.40175274036501
768,8961,"s15","m0",0.0717135415371707,-0.488181918956813,-0.375788809276053,-2.3988757582135
769,8968,"s15","m0",0.0634685295259561,-0.334816291038339,-0.680301338682301,-1.10426020009506
770,8988,"s15","m0",0.0102377500399195,-0.436857818620691,-0.868039382876288,-1.25781068748687
771,8990,"s15","m0",-0.0111462271064317,-0.485961775327111,-0.941199869523935,-1.16010370200874
772,9009,"s15","m0",0.0767235547161876,-0.344965013536841,-0.822756850639498,-1.90784667803849
773,9010,"s15","m0",-0.033892614635206,-0.479579553676583,-0.884812095554722,-1.08404594947726
774,9016,"s15","m0",0.0931524152209812,-0.318323189723723,-0.575053210763019,-2.17717644848196
775,9044,"s15","m0",0.101334291229131,-0.295988493974627,-0.589978499523773,-2.6860437311811
776,9046,"s15","m0",0.0471457109576099,-0.553650865014129,-0.890442181437886,-2.0597151093172
777,9056,"s15","m0",0.0744361405719661,-0.452018784504137,-0.696858259409296,-1.82369632889809
778,9057,"s15","m0",0.0741965767388198,-0.478497135749411,-0.597626031454231,-1.94645332284576
779,9063,"s15","m0",0.105776866856941,-0.228769056604679,-0.51911135837395,-2.85760018450193
780,9066,"s15","m0",0.10903509871241,-0.400195959460593,-0.36999307151468,-2.1083678008456
781,9081,"s15","m0",0.00985272447436409,-0.627059981683931,-0.796438190514905,-1.98325941046101
782,9144,"s15","m0",0.0546275669776994,-0.417617360681514,-0.607797528322902,-1.89804960740645
783,9148,"s15","m0",0.00899906254177214,-0.528227562626506,-0.760472843968084,-1.06908762275613
784,9162,"s15","m0",0.0878250339068135,-0.608684156282399,-0.436558830821358,-2.62495787532416
785,9163,"s15","m0",0.0349084592925167,-0.569437978093488,-0.713405668249321,-0.971883578673805
786,9196,"s15","m0",0.052124841751478,-0.671779974121847,-0.858751983878134,-2.5082741878459
787,9217,"s15","m0",0.0153227584717646,-0.455657024339812,-0.685729593833128,-0.929674228651565
788,9234,"s15","m0",0.0765125013197764,-0.39209076406271,-0.721766578408558,-1.65625267385818
789,9236,"s15","m0",0.0234447188618025,-0.657131779511186,-0.919539980871599,-1.42267775482467
790,9241,"s15","m0",0.042018364133892,-0.556783946571486,-0.646887540467846,-2.78312795161063
791,9280,"s15","m0",0.0653747241421887,-0.416634924164608,-0.624142573180847,-1.79558008764733
792,9282,"s15","m0",0.10130811243688,-0.380463137527634,-0.738696453196786,-3.60937217513536
793,9291,"s15","m0",0.0462349271521205,-0.371821613970741,-0.75495444365333,-2.45085966927199
794,9301,"s15","m0",0.100466837908796,-0.321039642202584,-0.501102344439867,-2.27848766466781
795,9308,"s15","m0",0.038253960482403,-0.522279978968656,-1.03615840112112,-2.65101504056952
796,9312,"s15","m0",0.050547109928723,-0.399327242200789,-0.68055121390767,-2.06172142038017
797,9327,"s15","m0",0.0507483184155953,-0.467294697100137,-0.65176544571017,-1.63880877131109
798,9332,"s15","m0",0.0023302965782314,-0.448664089983757,-0.60373558481212,-0.891339005494684
799,9341,"s15","m0",0.0547060345190416,-0.650957453888037,-0.432770129010555,-0.92063277020101
800,9362,"s15","m0",-0.0739727613977037,-0.707750503079427,-1.00211077801783,-0.397460143733058
801,9378,"s15","m0",0.0654586672988298,-0.475924173105932,-0.459673564960409,-2.33468893215761
802,9393,"s15","m0",0.0808120556716527,-0.238236173582178,-0.832865400215205,-2.16253939846682
803,9397,"s15","m0",0.0825686588762689,-0.580924092495981,-0.596974270992574,-1.95973005767583
804,9400,"s15","m0",0.0343895537205259,-0.514082229736291,-0.514057274045282,-1.63536446176366
805,9415,"s15","m0",0.0284558381760487,-0.58743424727379,-0.778033699744591,-1.31742282568572
806,9418,"s15","m0",0.114871984797539,-0.465793831421119,-0.465195378032842,-1.97330235078914
807,9426,"s15","m0",0.0214400004983448,-0.314260736482424,-0.754693077894813,-2.77388726358277
808,9444,"s15","m0",0.0492808375439041,-0.398486278793106,-0.717125304176092,-1.30661361294891
809,9449,"s15","m0",0.0542643132288399,-0.498641267963587,-0.484809498025075,-1.53709510678431
810,9461,"s15","m0",0.0029719585746686,-0.563259845791956,-0.872852091009116,-2.48284537346961
811,9467,"s15","m0",0.129952013088776,-0.254717233723756,-0.724503368714586,-2.81858057992971
812,9483,"s15","m0",0.108108443598549,-0.43555847228434,-0.340529064133168,-2.22417483752047
813,9487,"s15","m0",0.0438260436673378,-0.370068087271764,-0.496671413036905,-1.3788885937633
814,9492,"s15","m0",0.102370772711254,-0.318968642029971,-0.667216873441169,-2.05706695134155
815,9527,"s15","m0",0.0454737493335455,-0.490547461551907,-0.65661378659742,-1.42330876992361
816,9528,"s15","m0",0.0877393421969954,-0.680468428238656,-0.616160857766359,-2.31394245851476
817,9543,"s15","m0",0.122968021794281,-0.48593404703243,-0.463286930791078,-2.47087994503906
818,9545,"s15","m0",0.0548030041043964,-0.41625313620242,-0.535180644592845,-1.17621622896959
819,9555,"s15","m0",0.0913965687343157,-0.378271179299462,-0.458547227548296,-3.06422026065627
820,9578,"s15","m0",0.0670486593123957,-0.365895445152497,-0.662876155505286,-4.08587774241845
821,9615,"s15","m0",-0.00762650051911648,-0.697987104401566,-0.62262976408151,-0.534902867510271
822,9617,"s15","m0",0.119597079195978,-0.355360077747396,-0.656314108918169,-2.30045177520342
823,9627,"s15","m0",0.0724622181899784,-0.535334401697649,-0.545942157069604,-1.36927428324042
824,9635,"s15","m0",0.105189130293006,-0.452212628703913,-0.48607846321399,-2.16462440853565
825,9649,"s15","m0",0.0793436999346307,-0.559908740317608,-0.700082580596864,-3.66600068440821
826,9662,"s15","m0",0.0489946119534106,-0.475169334184345,-0.762759987616998,-1.81210072023878
827,9667,"s15","m0",-0.029541689040021,-0.631092256658433,-0.74460343080108,-1.127044789074
828,9681,"s15","m0",0.0112951477457394,-0.456564685231323,-0.729792589783483,-0.671341890804885
829,9695,"s15","m0",0.154227794362775,-0.345635705076048,-0.437013263087195,-2.73927920406278
830,9699,"s15","m0",0.0448021174446629,-0.463382644839075,-0.891142213843598,-2.06913894270155
831,9700,"s15","m0",0.0646077936197348,-0.390901960158592,-0.561003291374794,-1.97436688054764
832,9706,"s15","m0",0.116289553192035,-0.38939653478745,-0.382810874191918,-3.18593659809412
833,9740,"s15","m0",0.0560877890575598,-0.537601625343227,-0.988909886662752,-1.44995187784041
834,9752,"s15","m0",0.0692432732198451,-0.356849944101108,-0.540197420928225,-1.5320962660433
835,9755,"s15","m0",0.0525780615715658,-0.321341611766304,-0.454400323518876,-2.42305161264894
836,9771,"s15","m0",0.0249096957899924,-0.642259772551863,-0.613835160264644,-1.64564022811687
837,9793,"s15","m0",0.0268888407322025,-0.555568103935807,-0.640114941226937,-1.31402447665103
838,9798,"s15","m0",0.0945824791649526,-0.34684415693528,-0.689841637246826,-2.86990497419269
839,9801,"s15","m0",-0.00428207448421747,-0.495698120502977,-0.727132479864908,-1.83103939610497
840,9822,"s15","m0",0.0563783421644194,-0.410983293196664,-0.562455337896689,-2.30082645800705
841,9855,"s15","m0",0.0848528481685977,-0.516693050119241,-0.594391598860133,-1.33578153439707
842,9858,"s15","m0",0.0709524711465379,-0.581713792250229,-0.737587604197979,-3.35996476307451
843,9874,"s15","m0",0.0351183641561651,-0.340672529749748,-0.908632279537308,-1.26089941049482
844,9880,"s15","m0",0.0670558401768041,-0.476276121409163,-0.817567563954257,-2.05656411577014
845,9889,"s15","m0",0.0357190280418107,-0.373687240506665,-0.723365596775309,-1.00372631435471
846,9899,"s15","m0",0.0414340893423274,-0.38096361123597,-0.602040243230998,-1.71881291198755
847,9906,"s15","m0",-0.00900657888760022,-0.453273982112255,-0.868648657579807,-0.923688404482395
848,9908,"s15","m0",0.0615825114123681,-0.476492835036391,-0.497522711827217,-1.27617861867421
849,9914,"s15","m0",0.112069588065495,-0.40418925927186,-0.552047804992709,-2.57283862199972
850,9918,"s15","m0",0.032082567505724,-0.380808788958197,-0.55581351888121,-1.17427513429267
851,9940,"s15","m0",0.091393485888076,-0.394980127577932,-0.694645185373601,-2.83314291836063
852,9942,"s15","m0",0.0362447536822349,-0.361876634972803,-0.833736789972568,-2.7630531518503
853,9991,"s15","m0",0.041054073391421,-0.604445687149582,-0.580297039958286,-1.40447530504256
854,10012,"s15","m0",0.00191817499373957,-0.482654809151369,-1.08959257076978,-1.67588570491919
855,10020,"s15","m0",0.0885196910730139,-0.462745051177837,-0.476228945661739,-2.40571158663138
856,10041,"s15","m0",0.0760717621132951,-0.471992076596844,-0.731409849863107,-2.11699943474683
857,10052,"s15","m0",-0.00939411170980163,-0.516821362208754,-0.840541411308035,-0.729814820549538
858,10054,"s15","m0",0.0767877426822283,-0.342135449013673,-0.647960404663555,-1.58558494504
859,10075,"s15","m0",-0.00059951087762102,-0.483269976688303,-0.648826754771276,-1.13142820683411
860,10076,"s15","m0",0.050631530895445,-0.365886810763064,-0.758289281725218,-1.82064384678603
861,10105,"s15","m0",0.0582061650149844,-0.428782630803486,-0.594732620397388,-2.02373765011638
862,10119,"s15","m0",0.0178093410295421,-0.555452754303874,-0.479619154882551,-1.29319612945228
863,10131,"s15","m0",0.00307941445838241,-0.606242121421058,-0.931031821568999,-1.28513820026281
864,10149,"s15","m0",0.104992442985968,-0.184433749378974,-0.63841852049039,-2.15348435636864
865,10150,"s15","m0",0.00290609854570793,-0.569133511852088,-0.904027468031434,-0.730376157368027
866,10157,"s15","m0",0.0400909527680822,-0.384383419731484,-0.724222659245183,-2.802090400364
867,10169,"s15","m0",0.0546686457641731,-0.367510010267306,-0.436330409703809,-1.81251358588339
868,10175,"s15","m0",0.0059956098082143,-0.539809337521471,-0.81232940835325,-1.38703906056091
869,10178,"s15","m0",0.0402028785466882,-0.445799478968091,-0.990967652730733,-1.72827064447575
870,10180,"s15","m0",0.015809637042222,-0.617842082637338,-0.941468392695147,-1.71954850507951
871,10183,"s15","m0",0.00180903634950623,-0.480559990165171,-0.807150982721884,-1.78700587531444
872,10197,"s15","m0",0.0837708039653081,-0.335099764928613,-0.647419863952483,-1.62298778621315
873,10209,"s15","m0",0.11928240170204,-0.446164224254977,-0.519944344573306,-2.30914811653415
874,10211,"s15","m0",0.0770988951215779,-0.310467550853078,-0.672705002957202,-1.3241920535801
875,10227,"s15","m0",-0.0205849768202984,-0.460613042831573,-0.798563876224532,-0.72144690229197
876,10247,"s15","m0",0.0285018729212462,-0.510060916821665,-0.754134516604864,-1.30219548751712
877,10256,"s15","m0",0.117096096310557,-0.41125612861309,-0.525279403975526,-2.52783161207642
878,10257,"s15","m0",-0.00581620496619877,-0.451504425664633,-0.921612636406036,-1.21760163064989
879,10272,"s15","m0",-0.0349265247864094,-0.51438752537755,-0.813417954693373,-0.564622518026662
880,10283,"s15","m0",-0.010246982376756,-0.594010843498609,-0.921582669158682,-1.90864098800901
881,10298,"s15","m0",0.0541706411251395,-0.628135654161823,-0.801947390001639,-2.07781458058925
882,10300,"s15","m0",0.119000986062649,-0.428745191133254,-0.654289498083262,-2.35239021689805
883,10314,"s15","m0",0.129515756605989,-0.35333836504667,-0.298340567615214,-2.92017240496665
884,10324,"s15","m0",-0.0147566571276915,-0.617411038057319,-0.78299923070955,-1.21212589589578
885,10336,"s15","m0",0.0586733142761726,-0.518889248941717,-0.671205827245659,-1.47264706345631
886,10389,"s15","m0",0.0273756808327161,-0.584329746727646,-0.510893062436617,-1.04965669247847
887,10391,"s15","m0",0.0496462998296828,-0.497651576370043,-0.562644506557029,-1.69272947897563
888,10414,"s15","m0",0.111183589595958,-0.387864656078217,-0.387122711670704,-2.73610023939399
889,10418,"s15","m0",0.0743240074591294,-0.525130416287186,-0.545588137665228,-2.75000305415558
890,10431,"s15","m0",0.0372121511206556,-0.287639513438045,-0.634563407324312,-1.31885559570742
891,10442,"s15","m0",-0.0556411764564706,-0.590085365992188,-0.801258189764884,-0.843455961788297
892,10475,"s15","m0",0.0884302540883812,-0.351992573564244,-0.39646411473657,-1.82287227012439
893,10491,"s15","m0",0.0801913654868625,-0.322597177083671,-0.534740987466633,-1.90845302137637
894,10499,"s15","m0",0.0634230102640176,-0.430421303307887,-0.674107578580336,-1.59054551498962
895,10501,"s15","m0",0.0743424289726117,-0.551795676004123,-0.475114554197702,-1.63687816217202
896,10512,"s15","m0",0.059361339015772,-0.439938337877234,-0.584903240444775,-1.67892374756799
897,10518,"s15","m0",0.029434069257108,-0.519725367982174,-0.861099230514391,-1.76996268170968
898,10558,"s15","m0",0.0231331285300861,-0.439583767733852,-0.607800887382666,-2.18604867398121
899,10605,"s15","m0",0.0916580825714753,-0.398170577486518,-0.630236200838034,-1.40638694035711
900,10609,"s15","m0",0.0810639613251925,-0.487525057585843,-0.34543940644462,-2.04999549113882
901,10616,"s15","m0",0.0783052557741466,-0.648734015537189,-0.665908828189315,-1.19527300149571
902,10622,"s15","m0",0.0426093021738637,-0.361568474634081,-0.881210652597888,-1.38153892784488
903,10631,"s15","m0",0.0646867054727049,-0.365678732074396,-0.557689934866879,-1.68524084685804
904,10632,"s15","m0",0.0186537186530429,-0.604150824527656,-0.555992498603403,-1.58835071958907
905,10634,"s15","m0",-0.0163458786015424,-0.472758562267669,-0.787271173147162,-1.07221102945077
906,10656,"s15","m0",0.0906781106352616,-0.582422358546071,-0.470069625537129,-2.07225598538252
907,10658,"s15","m0",0.0469289115589133,-0.418092169910414,-0.497546014259372,-1.87816139041952
908,10665,"s15","m0",0.0167976549690462,-0.567746992149709,-0.662025354824832,-1.64838830652241
909,10675,"s15","m0",0.106051805978453,-0.419252593084108,-0.414406687054506,-2.67492542813152
910,10685,"s15","m0",0.091379459865866,-0.324986411603552,-0.718493069915026,-1.19080892248236
911,10708,"s15","m0",0.0252164360860048,-0.293679787341152,-0.685701629902932,-1.15224118390139
912,10709,"s15","m0",0.0259029455807626,-0.469920791924843,-0.770774809047915,-1.92180711533268
913,10715,"s15","m0",0.092307844894222,-0.399117633364165,-0.516665215762303,-2.11099063449032
914,10716,"s15","m0",0.0775793413337422,-0.491651223480495,-0.735749682067482,-2.12141084126316
915,10726,"s15","m0",0.0545324448863245,-0.465520712472855,-0.729741162820729,-1.03545514810554
916,10735,"s15","m0",0.0529158615996713,-0.516182418496674,-0.545700882075719,-1.49240183712403
917,10747,"s15","m0",0.00978820588164191,-0.361188426701739,-0.930245137184389,-1.34955092137736
918,10751,"s15","m0",0.0434676807086737,-0.481259037935396,-0.747350931541976,-1.9073104402476
919,10759,"s15","m0",0.0129653497298368,-0.297755306394368,-0.815164830513166,-0.880631587902109
920,10788,"s15","m0",0.0674008285178012,-0.257716270882898,-0.568367930918002,-1.8916879771416
921,10795,"s15","m0",0.0756930668447543,-0.434623646621682,-0.780221428523083,-1.62936260353132
922,10800,"s15","m0",0.0771207333474029,-0.421635667693485,-0.377776975064338,-1.94574412832995
923,10812,"s15","m0",0.0270722135507427,-0.516552831915466,-0.799311862637386,-0.890736632334086
924,10816,"s15","m0",0.06832817174994,-0.361472555305918,-0.596940465644219,-2.01206445464114
925,10819,"s15","m0",0.123149168883402,-0.412979858318228,-0.573473023554893,-2.37336964703096
926,10839,"s15","m0",0.0660518393045844,-0.342896721905272,-0.678347433428881,-1.98570414794388
927,10842,"s15","m0",0.0219719998903003,-0.644792265894517,-0.785173601825058,-1.92297634325375
928,10845,"s15","m0",0.021175452836051,-0.365696396218599,-0.674604052351902,-1.72770723708052
929,10865,"s15","m0",0.118922872931102,-0.305566875146936,-0.599434505975385,-2.87929134919446
930,10869,"s15","m0",0.0373172464014574,-0.602543276116599,-0.670687534544136,-1.44652740442622
931,10876,"s15","m0",0.0426594705841052,-0.60834780506475,-0.511692216793214,-1.37288823019852
932,10889,"s15","m0",0.0798335389347178,-0.458455341086382,-0.691728919749875,-1.82335496376071
933,10890,"s15","m0",0.108339953588,-0.251880152672464,-0.66843824390394,-2.83181634166525
934,10892,"s15","m0",0.105579931715048,-0.352374941675216,-0.410885527745774,-2.03813640885576
935,10900,"s15","m0",0.0101675994629408,-0.567852217968912,-0.856459902091828,-2.47724319823012
936,10959,"s15","m0",0.0957000047790933,-0.347394786444256,-0.540472559305876,-2.18085156941119
937,10968,"s15","m0",0.0757615303518322,-0.479677310217101,-0.570559759129803,-1.85528423669716
938,10973,"s15","m0",0.0129575394432783,-0.57420667993846,-0.685591832575492,-0.865718883630278
939,10978,"s15","m0",-0.0298262572757677,-0.545093462853589,-0.674691208448006,-1.58536198047168
940,10980,"s15","m0",0.00575558702946933,-0.63090135134385,-0.706390214820483,-0.97667314475025
941,10989,"s15","m0",0.109151447844669,-0.352393357703248,-0.579442043168436,-2.83290044409829
942,10991,"s15","m0",0.0401136486728447,-0.431754174411449,-0.931859037542714,-2.61436724938605
943,11005,"s15","m0",0.124118001580051,-0.400706208158958,-0.398060024769631,-2.77125467309646
944,11022,"s15","m0",0.0222572961321903,-0.528132644626517,-0.851848731797584,-1.48837486931486
945,11037,"s15","m0",0.090994638257564,-0.344556612065483,-0.39710815673615,-2.82021118050572
946,11048,"s15","m0",0.0877830291354941,-0.425723130747672,-0.567370182689836,-2.52197861693045
947,11058,"s15","m0",0.0794602815782755,-0.388038312671948,-0.553008091227511,-2.37845892022956
948,11065,"s15","m0",0.0231587369874211,-0.49155092575964,-0.632710231828856,-1.20016493249112
949,11068,"s15","m0",0.0716664101760918,-0.361317410189761,-0.808700992512493,-1.72414059921002
950,11090,"s15","m0",0.00243583952226001,-0.358056954043851,-0.771574730909103,-0.867867639906019
951,11091,"s15","m0",0.0390076655333711,-0.443835678854318,-0.789320465813301,-1.31539577754733
952,11115,"s15","m0",0.0982919344351688,-0.378529067320098,-0.502047927545826,-1.81085623768705
953,11122,"s15","m0",0.0872536047845314,-0.34733944454168,-0.514965905449769,-1.68116810600465
954,11157,"s15","m0",0.101036755335556,-0.564833099771728,-0.659590202215453,-2.1101914908706
955,11160,"s15","m0",0.0534709384146321,-0.440935838169945,-0.591940232257326,-1.77008483491183
956,11171,"s15","m0",-0.000765171424742244,-0.48826120483174,-0.565611004275841,-0.775606553059338
957,11173,"s15","m0",-0.00852682885475883,-0.392134676053517,-0.999222389565427,-1.52101722256365
958,11201,"s15","m0",0.0552041902536304,-0.394378418588888,-0.542095250461377,-1.6669225090018
959,11230,"s15","m0",0.102671812106927,-0.395021329738136,-0.57955845776673,-1.80494255971674
960,11236,"s15","m0",-0.0672414797934691,-0.548911033641387,-0.454517594033365,-0.401485011855914
961,11247,"s15","m0",0.114319989871121,-0.386557721475527,-0.502301773727617,-2.09230057470607
962,11252,"s15","m0",0.0691973269472936,-0.366343945545863,-0.549963063202064,-1.69047261471713
963,11260,"s15","m0",0.0587171144874623,-0.492894288498568,-0.463355332330154,-1.01537626104514
964,11264,"s15","m0",0.114099027227458,-0.297393135362755,-0.445850621609971,-2.22297904873729
965,11268,"s15","m0",0.0394324662518864,-0.491691107415057,-0.821881348149587,-1.2971433071675
966,11270,"s15","m0",0.0611281881394769,-0.468466753254077,-0.668549581771767,-1.85320876968698
967,11273,"s15","m0",0.00287614338776906,-0.398049947230488,-0.733160111373145,-1.24504680674062
968,11274,"s15","m0",0.0771464646126389,-0.423276791051916,-0.549213196039337,-2.14906639451263
969,11275,"s15","m0",0.0661671523108834,-0.390221751382884,-0.508777932025147,-2.13715277812218
970,11276,"s15","m0",0.0807660901286087,-0.535932488303728,-0.577069403708536,-2.61515245254455
971,11278,"s15","m0",0.0746488199613428,-0.395217564125914,-0.702369112240443,-3.05016671380949
972,11300,"s15","m0",-0.0126532369187685,-0.620682749981374,-0.950270863552762,-1.1306935386158
973,11301,"s15","m0",0.034748744471614,-0.423233857364854,-0.754547558012187,-1.95653749112048
974,11303,"s15","m0",0.0883631136274096,-0.591879860810872,-0.600330054866634,-1.6019060981885
975,11310,"s15","m0",0.00815440930908944,-0.75633020512418,-0.788081700285091,-1.94776871411308
976,11323,"s15","m0",0.0892091422883981,-0.383189772918413,-0.62895746389345,-2.21277837137882
977,11324,"s15","m0",0.0553044833937315,-0.470509165460597,-0.522784980021014,-1.74357405883437
978,11326,"s15","m0",0.0348757269991592,-0.469175857189142,-0.610383260663672,-1.56985716633653
979,11340,"s15","m0",0.0900491279143543,-0.503990373814809,-0.514402766530863,-1.42510823768357
980,11341,"s15","m0",0.0511765958459376,-0.464649188412678,-0.7902401028795,-1.78247150919456
981,11344,"s15","m0",0.0401548833591622,-0.462049491229912,-0.536327423698161,-2.14006667766455
982,11380,"s15","m0",0.0537404776986245,-0.339214193545614,-0.769001827885875,-2.64227427393629
983,11389,"s15","m0",0.00931446062727066,-0.526320135340642,-0.689464826708217,-1.34580397910737
984,11438,"s15","m0",0.0726297520584282,-0.37167970721119,-0.529102432606356,-1.84414885262704
985,11440,"s15","m0",0.0897497274930443,-0.525301409194646,-0.589780295546421,-1.71182481616928
986,11441,"s15","m0",0.0468487420152144,-0.518447902388039,-0.778151932089087,-2.28638209376554
987,11453,"s15","m0",0.07529315607385,-0.350498015600285,-0.690559695698205,-1.72695608808044
988,11458,"s15","m0",0.042248414702348,-0.534820081290215,-0.621047106293049,-1.43385583515712
989,11509,"s15","m0",0.110008535006359,-0.405630108216697,-0.428444199967844,-2.12149008101887
990,11520,"s15","m0",0.0503654629920288,-0.501599553704091,-0.630386928759354,-1.35982611454838
991,11521,"s15","m0",-0.00964180154919326,-0.520926872169625,-0.82141575191345,-1.05712984560594
992,11523,"s15","m0",0.027429633645363,-0.425928825891171,-0.870021045621533,-1.38309143957512
993,11534,"s15","m0",0.0446103467943626,-0.489557545694487,-0.616327834271362,-1.64391398384724
994,11565,"s15","m0",0.0223217527609097,-0.616611838226668,-1.03992053775889,-1.8629930326782
995,11578,"s15","m0",0.114029790223949,-0.412349334551512,-0.418940079708275,-2.20972755075924
996,11594,"s15","m0",-0.0032862264207122,-0.404814561206638,-0.829589357088504,-1.07429708339692
997,11606,"s15","m0",0.0347461035684344,-0.435135875017773,-0.654319516956754,-1.00149969599498
998,11608,"s15","m0",0.0637438753039769,-0.401179372580968,-0.515827269375566,-1.88217913972291
999,11617,"s15","m0",0.0397277284271999,-0.490685191344486,-0.666446944412522,-1.03337091095193
1000,11634,"s15","m0",0.0562827101784404,-0.605607089579485,-0.563389150594274,-1.4981592362557
1001,11649,"s15","m0",0.0640602486416188,-0.346982331114586,-0.812544836724156,-1.92646272900033
1002,11655,"s15","m0",0.0559621813278232,-0.729580260524261,-0.589445977937661,-2.10533986290505
1003,11659,"s15","m0",0.0847161796770978,-0.604273939221724,-0.661344187129518,-2.02858402632134
1004,11661,"s15","m0",0.0829708449019589,-0.445630351245495,-0.523620532795861,-2.3667524090127
1005,11666,"s15","m0",0.0550897782514647,-0.578222870032927,-0.649480325689323,-1.26814879477498
1006,11676,"s15","m0",0.0878045300728027,-0.362250023854633,-0.711656424450231,-2.25642352550146
1007,11683,"s15","m0",-0.0115430098148553,-0.486261973821453,-0.739837877500568,-0.909468650357574
1008,11712,"s15","m0",0.0579894232235369,-0.288209822822814,-0.712719942868375,-1.21396162462159
1009,11724,"s15","m0",-0.0282266154096948,-0.769572362156991,-0.883024760382211,-1.30126753367903
1010,11728,"s15","m0",0.0517934396074518,-0.444085676969457,-0.578001638969944,-1.88093856230649
1011,11738,"s15","m0",0.00476330760264659,-0.485857875680921,-0.758256663607799,-1.4079788138557
1012,11739,"s15","m0",0.0801113984302315,-0.436977138567269,-0.68917981285786,-2.10404588795653
1013,11769,"s15","m0",-0.0131111055899218,-0.633424404348567,-0.885657228856946,-0.539384174356607
1014,11774,"s15","m0",0.0474580523922175,-0.509699274252521,-0.548703292881671,-1.80698602154067
1015,11788,"s15","m0",0.0323394198765926,-0.667451961760734,-0.725456258146948,-2.66980378209176
1016,11791,"s15","m0",0.0519994098924807,-0.405619577160678,-0.578516041885151,-1.06544437220806
1017,11811,"s15","m0",0.00721857862599389,-0.619876594401185,-0.73964950109806,-1.40631368543762
1018,11840,"s15","m0",0.0687279961252839,-0.457317479077405,-0.562508295979493,-2.06317506650285
1019,11859,"s15","m0",0.0426888941656775,-0.422031635094507,-0.643938979011333,-1.11165997989179
1020,11879,"s15","m0",0.089685603802262,-0.525682869990545,-0.575541559457458,-2.43403386828658
1021,11887,"s15","m0",0.0289754097991978,-0.622469504582784,-0.629237677978595,-1.17095026361825
1022,11920,"s15","m0",0.0786532585622114,-0.42280827929488,-0.356108787325027,-1.11924989094173
1023,11935,"s15","m0",0.115414975436237,-0.322805959583256,-0.469964804942407,-2.16056117991227
1024,11941,"s15","m0",-0.0251604757649873,-0.78597908198579,-0.893659598041886,-1.39581371544209
1025,11966,"s15","m0",0.0130535075499214,-0.60620991937644,-0.724639799659167,-1.24664461009728
1026,11980,"s15","m0",0.00286230961579045,-0.495696135839242,-0.759233183059003,-1.62403994187792
1027,12021,"s15","m0",0.0113623813906888,-0.642712994526654,-0.638426430741634,-0.695256809952752
1028,12037,"s15","m0",0.0938023277937087,-0.420079828557272,-0.611815241624764,-2.0304339111685
1029,12098,"s15","m0",0.018584631915303,-0.39095397324437,-0.640691182537474,-1.04677777716584
1030,12136,"s15","m0",0.0142706603320417,-0.345089759922172,-0.547360561587546,-0.937411310740687
1031,12148,"s15","m0",0.0837179353256054,-0.410469862655106,-0.401507444347501,-2.02204152750124
1032,12151,"s15","m0",0.0361302479352634,-0.427843061933165,-0.880334893057929,-1.5631065878897
1033,12152,"s15","m0",0.0670919141681772,-0.403655277908821,-0.62734454149717,-2.7165228573989
1034,12187,"s15","m0",0.0724928287135869,-0.403796824972697,-0.562033117066261,-1.65623077876486
1035,12204,"s15","m0",0.0227266746355148,-0.577264765614526,-0.538852579010948,-2.04145112850485
1036,12243,"s15","m0",0.0292310943324413,-0.417224493775429,-0.587777561714193,-1.44014199700586
1037,12255,"s15","m0",0.0533974117698999,-0.421364485672394,-0.581630741831424,-1.60470046613762
1038,12263,"s15","m0",0.0510487574919504,-0.588696924146049,-0.823426006034995,-1.69027513063891
1039,12277,"s15","m0",0.0681782177067439,-0.566013684404745,-0.598261873297108,-2.27678057930345
1040,12300,"s15","m0",0.0660048879030238,-0.384965013799664,-0.695309201184272,-1.93948652710312
1041,12314,"s15","m0",-0.0192447244272838,-0.73703780499614,-0.851763419834908,-1.47704317456105
1042,12330,"s15","m0",0.0277253152253364,-0.578102131704326,-0.812354016792849,-1.74996922520913
1043,12350,"s15","m0",0.0502410274612608,-0.301677944944917,-0.781433852164636,-1.53019744937148
1044,12357,"s15","m0",0.0203802060766456,-0.473414151642164,-0.82247082239756,-1.92495073791561
1045,12386,"s15","m0",0.0543753631006111,-0.371474289907173,-0.468333733414417,-2.29252721286929
1046,12411,"s15","m0",0.00675843238173978,-0.392640498660712,-0.879073516263315,-1.74464829099867
1047,12418,"s15","m0",0.0121526185176749,-0.543769782918823,-0.774364446734191,-1.42080773659506
1048,12422,"s15","m0",0.00439884854518808,-0.582222393243169,-0.8375724943756,-1.41490023274796
1049,12431,"s15","m0",-0.0324717586962543,-0.543052456153995,-0.668317857878096,-0.724791298021238
1050,12447,"s15","m0",0.040006626353962,-0.419469682351854,-0.620127121052764,-1.56669396406937
1051,12450,"s15","m0",0.0622969466429209,-0.434877692928288,-0.577670834637389,-2.04461844889357
1052,12451,"s15","m0",0.0623802096143853,-0.536912554741827,-0.78893849758616,-1.93761948814609
1053,12463,"s15","m0",-0.060934655403099,-0.62748432798502,-1.04034067558275,-1.07117962423916
1054,12468,"s15","m0",0.108222141623629,-0.38214473728091,-0.34346858563507,-1.54173861018619
1055,12485,"s15","m0",0.0578687362798568,-0.487444085395917,-0.609282836233798,-1.2741634303778
1056,12486,"s15","m0",0.0544961302936267,-0.440478575273331,-0.513686219113512,-2.03668637634453
1057,12504,"s15","m0",0.0820947738983483,-0.430094523590906,-0.567827281885148,-2.77232311819323
1058,12518,"s15","m0",0.106066874858568,-0.402883301046621,-0.381392241860465,-2.02182298278671
1059,12530,"s15","m0",-0.00137824550414555,-0.564030440053822,-0.651215948941982,-0.759130040781216
1060,12537,"s15","m0",0.0726306080428711,-0.376587676704218,-0.678368919040312,-1.30805931860473
1061,12547,"s15","m0",0.0768359819910125,-0.562777443910781,-0.465894597666982,-1.91728170184354
1062,12570,"s15","m0",0.0319717237556131,-0.535640392021532,-0.793899918539593,-1.75182400010153
1063,12573,"s15","m0",0.122398573008952,-0.259042952391032,-0.48940491959022,-2.62465509205694
1064,12583,"s15","m0",0.0345716066770624,-0.476279513839396,-0.706913995196663,-2.01129544166051
1065,12611,"s15","m0",0.11865469462932,-0.351779904285831,-0.52094531437927,-2.85327803746776
1066,12616,"s15","m0",0.0545562085587587,-0.5342644932156,-0.533442980945278,-1.56113652742361
1067,12635,"s15","m0",-0.0337245145154208,-0.429773248039464,-0.812860431164589,-0.933925935280955
1068,12658,"s15","m0",-0.0249534652201074,-0.675035406985895,-1.01189902967631,-0.472905590949257
1069,12661,"s15","m0",0.0827379244741476,-0.427591735628595,-0.503694964590433,-1.92246309599591
1070,12662,"s15","m0",0.046132504697402,-0.39591002709173,-0.518193311429614,-1.94700580097143
1071,12709,"s15","m0",0.0675335032245449,-0.462719896601876,-0.753674919993322,-1.70768329691396
1072,12726,"s15","m0",0.0879206951548402,-0.473031112033082,-0.673657821998388,-2.06857137542305
1073,12741,"s15","m0",0.132937812164435,-0.441960024883749,-0.652186375152576,-2.55809186254088
1074,12749,"s15","m0",0.0389128281622449,-0.441129452553802,-0.836201898374792,-1.66114543451618
1075,12752,"s15","m0",0.0984015607365858,-0.292464499032456,-0.496725881023296,-1.70594919152955
1076,12764,"s15","m0",0.0815406141362364,-0.323945065458825,-0.74857027314763,-1.84905087585454
1077,12765,"s15","m0",0.0582264050574509,-0.395393815093959,-0.826502504495956,-1.19992785252815
1078,12768,"s15","m0",0.0433834353472055,-0.399055322109404,-1.03759484123788,-1.7865870809057
1079,12771,"s15","m0",0.0523925960241306,-0.769346702864298,-0.580553171990158,-1.22385608700587
1080,12804,"s15","m0",0.0594839420410283,-0.534977584174451,-0.520564980465732,-2.18803246557773
1081,12805,"s15","m0",0.00118023289887345,-0.65649055292698,-0.8780123104334,-1.06241771141055
1082,12828,"s15","m0",0.0416712992114484,-0.484437069061314,-0.804658434169017,-1.69546950772503
1083,12830,"s15","m0",0.0392050755788108,-0.499520150059872,-0.691078982295963,-1.36094238550612
1084,12836,"s15","m0",0.0977133472683621,-0.324293795963093,-0.750567102839309,-2.79846050264611
1085,12867,"s15","m0",0.0747532568691952,-0.365825497673152,-0.532489393541688,-2.54836626099609
1086,12880,"s15","m0",0.112376622206806,-0.405095313732307,-0.517078245124085,-2.2612004269067
1087,12884,"s15","m0",0.0566707259460884,-0.461979058807982,-0.624165042250931,-1.60754972292375
1088,12890,"s15","m0",0.0439030191845938,-0.466488530642963,-0.61643854265386,-2.11615680773883
1089,12909,"s15","m0",0.0277219383782874,-0.606856110324784,-0.722026906751319,-1.26233332054203
1090,12911,"s15","m0",0.0685004399073971,-0.339345672464102,-0.480086325880097,-1.38980756974013
1091,12919,"s15","m0",0.0252863777837477,-0.57240170984216,-0.774028583341575,-1.23315283904393
1092,12923,"s15","m0",0.0560789771648981,-0.490829894278354,-0.793107167680336,-2.00798582115624
1093,12928,"s15","m0",0.0527319320138509,-0.369370611717387,-0.703847453259562,-1.57005984182046
1094,12947,"s15","m0",0.0515238567453121,-0.521452227609745,-0.611599548065455,-2.72127749625818
1095,12951,"s15","m0",0.0319000080609627,-0.394031831868878,-0.795865306568462,-1.6628568920984
1096,12954,"s15","m0",0.0369077345944919,-0.464617803200473,-1.02419949983228,-2.40349281889372
1097,12967,"s15","m0",0.0791382961719884,-0.281860628421514,-0.789761371370184,-2.83098949844046
1098,12969,"s15","m0",0.0285486487833248,-0.469552713093539,-0.754380362884293,-1.00182026795675
1099,12989,"s15","m0",0.0660844422917173,-0.498276868383769,-0.645842439021577,-1.65728935423764
1100,12996,"s15","m0",0.0817887075691705,-0.523155342755546,-0.537651762478556,-1.85865150962046
1101,12998,"s15","m0",0.0525236753553994,-0.461369530339481,-0.544176420215967,-1.12483137476669
1102,13003,"s15","m0",0.116313949273345,-0.444945955505021,-0.567910591709177,-1.66731000243004
1103,13022,"s15","m0",0.11758505062101,-0.464028632975615,-0.42823189612427,-2.47556044050681
1104,13038,"s15","m0",0.0629805268599986,-0.255368024800787,-0.599076618177598,-1.66024834213825
1105,13051,"s15","m0",0.0127126020687942,-0.462254216689911,-0.674722343079019,-1.33542231194567
1106,13074,"s15","m0",0.0633554782772854,-0.494703974522224,-0.471620307975665,-1.6024557013896
1107,13075,"s15","m0",0.0332468751622724,-0.317038643451412,-0.544351895844027,-1.36497542805569
1108,13076,"s15","m0",0.13332849765373,-0.413272462874309,-0.680882973971307,-2.0465204614314
1109,13080,"s15","m0",0.0330100875365253,-0.46709439711109,-0.540467636055211,-1.45386186655583
1110,13082,"s15","m0",0.0572573047327359,-0.401894396824001,-0.603165326965434,-1.52827033623917
1111,13088,"s15","m0",0.0339676274675209,-0.552788425361013,-0.616347530441403,-1.62248450600023
1112,13114,"s15","m0",0.0537533376196021,-0.513232472875282,-0.796626074252309,-1.48053337143679
1113,13119,"s15","m0",0.0896417144722989,-0.299640690813906,-0.70223460194524,-3.74680740318921
1114,13130,"s15","m0",0.0196237446681174,-0.44474952490465,-0.884848251927565,-2.36926368103395
1115,13133,"s15","m0",0.0752167353054076,-0.34227889265935,-0.478477115492739,-1.52847438328598
1116,13152,"s15","m0",0.0144025919614452,-0.455507849516885,-0.801131671664052,-0.925777284968434
1117,13153,"s15","m0",-0.0457264064926008,-0.46662967818751,-0.890586283354315,-0.436188083646599
1118,13165,"s15","m0",0.0512637792987244,-0.437920416782053,-0.465217611743316,-1.16218514778187
1119,13210,"s15","m0",0.0141877785107802,-0.656208182202078,-0.589353698963165,-1.12668219168853
1120,13215,"s15","m0",0.0690781308346413,-0.630260941895631,-0.767133776042617,-1.16557841904528
1121,13223,"s15","m0",0.0867507403230971,-0.477336505848871,-0.475899632440399,-2.01033732261592
1122,13224,"s15","m0",0.0609266337056441,-0.387870651636681,-0.612316293081203,-1.66376976188073
1123,13238,"s15","m0",0.0832398800927779,-0.331667058604267,-0.421166012787936,-1.5076727942907
1124,13239,"s15","m0",-0.00272143624653761,-0.540958917253173,-0.732667736445059,-0.894817192898869
1125,13251,"s15","m0",0.00226620820620127,-0.365146295964634,-0.813236069878894,-1.0744942248495
1126,13258,"s15","m0",0.0788592368452096,-0.536730570978268,-0.597778813851838,-2.83669562924533
1127,13261,"s15","m0",0.0190879298384626,-0.5112087719921,-0.69224306251419,-2.05435680928421
1128,13271,"s15","m0",0.0304056601507967,-0.653194002965264,-0.641105872140587,-1.66812164441301
1129,13274,"s15","m0",0.0065586217494744,-0.562903851803544,-0.876478204918619,-1.51142453895433
1130,13283,"s15","m0",-0.0424350451181282,-0.55838917603861,-0.96626603583203,-1.13225439425208
1131,13289,"s15","m0",0.032825250060418,-0.490977628979813,-0.535169922366344,-0.851332131759213
1132,13335,"s15","m0",-0.00831455066002984,-0.495153400860127,-0.921400489367911,-0.877637294057331
1133,13336,"s15","m0",0.0114483722046647,-0.440224055836828,-0.652324123018204,-1.26406826191647
1134,13344,"s15","m0",0.104611767142143,-0.320117623197043,-0.535504614537961,-1.86112001972681
1135,13346,"s15","m0",0.0408160808887452,-0.497162711605294,-0.862943597380476,-2.09615272340596
1136,13351,"s15","m0",0.0338476611089774,-0.438957229280214,-0.686969532492002,-1.41406883349949
1137,13357,"s15","m0",0.017642953260708,-0.725566906176719,-0.718762834443785,-1.54840980690972
1138,13399,"s15","m0",0.0673050206704324,-0.475933295268927,-0.426171269244941,-0.990591050781508
1139,13402,"s15","m0",0.0560204510480448,-0.473354227738462,-0.538075383305132,-0.924523702565052
1140,13403,"s15","m0",0.0514264951840146,-0.42112430935791,-0.753799369999631,-1.48317486606101
1141,13416,"s15","m0",0.0727667246611316,-0.345403775452983,-0.607286863057383,-1.69418931796343
1142,13420,"s15","m0",0.060696608273486,-0.412163289730469,-0.887927448174135,-1.49246680567566
1143,13435,"s15","m0",0.0620881755127118,-0.388408978381827,-0.626536593821557,-1.70351422409974
1144,13450,"s15","m0",0.044189928679145,-0.460012880818951,-0.482594328792144,-1.6251269876895
1145,13459,"s15","m0",0.0704177495038694,-0.620602307073507,-0.719804082300169,-1.84983927553713
1146,13475,"s15","m0",0.047775386153228,-0.498505025423953,-0.700738350200881,-2.10304610135501
1147,13482,"s15","m0",0.0148888830908907,-0.478716501821603,-0.432552595173955,-1.14409377709361
1148,13502,"s15","m0",0.130684199929444,-0.257309864898892,-0.560991570041132,-2.69145057207482
1149,13504,"s15","m0",0.0523164014072674,-0.515976074390996,-0.531435385856678,-1.55524721234552
1150,13517,"s15","m0",0.0337771245333405,-0.59509688748703,-0.793968680224944,-1.99323657416458
1151,13526,"s15","m0",0.077486822004249,-0.432418589523079,-0.6190962535331,-2.1219227554748
1152,13530,"s15","m0",0.0282417975963972,-0.398542452661915,-1.06987666447376,-1.87685430568014
1153,13552,"s15","m0",0.06582860476474,-0.477421731494179,-0.531994297161775,-1.59126318539487
1154,13584,"s15","m0",0.0103879055146671,-0.423897673984311,-0.851581989080608,-0.738258760310501
1155,13586,"s15","m0",0.116448325015055,-0.425577871588109,-0.558340072709938,-3.14859743660769
1156,13621,"s15","m0",0.115718346633499,-0.349978207838989,-0.73389163106709,-2.65632275748003
1157,13667,"s15","m0",0.0496544318765459,-0.483858462286426,-0.637489459957302,-1.46188370582186
1158,13674,"s15","m0",0.00884696120292495,-0.831907525902229,-0.648373069595723,-2.29110294950013
1159,13682,"s15","m0",0.0469623348703704,-0.466496467056869,-0.823704028798012,-2.17962791681287
1160,13689,"s15","m0",0.0463904215030194,-0.53781747445708,-0.636883407090985,-1.83074603697594
1161,13696,"s15","m0",-0.0207992056500418,-0.53462427152084,-1.18539878619938,-2.09291472699915
1162,13710,"s15","m0",0.0359899436668173,-0.641504855439554,-0.604686028749594,-1.42557047015253
1163,13713,"s15","m0",0.0770735924440259,-0.532035729687074,-0.612938554694347,-1.92458297606021
1164,13717,"s15","m0",0.00297260866871957,-0.501424941705834,-0.780414564395373,-0.905144275009375
1165,13724,"s15","m0",0.00227962485123384,-0.573803632092215,-0.572279118608208,-0.86705919761875
1166,13743,"s15","m0",0.063258659222517,-0.426805645093544,-0.8369386064377,-1.23348269622438
1167,13749,"s15","m0",0.0631502464901466,-0.273460983337012,-0.745052348772232,-2.25192412940993
1168,13752,"s15","m0",0.00860693222917427,-0.433868385002177,-0.857449098612004,-1.63516335065341
1169,13761,"s15","m0",-0.00474798086559548,-0.718829794022867,-0.85545325167162,-1.1730615549915
1170,13762,"s15","m0",0.081924952627157,-0.336470638476291,-0.486785621148715,-2.30816294162737
1171,13765,"s15","m0",0.110596008408074,-0.351601300683543,-0.863601498206125,-1.62200043997865
1172,13811,"s15","m0",0.0525505862848665,-0.395084393355828,-0.740620181606042,-2.01684333353659
1173,13821,"s15","m0",0.0398074896717331,-0.506593801706541,-0.713699796715678,-1.48361345528145
1174,13822,"s15","m0",0.0613588817019088,-0.425596165855168,-0.671210354524545,-2.60492114466347
1175,13833,"s15","m0",-0.00192336858925078,-0.420765718962572,-0.826862346412632,-1.65438163035832
1176,13837,"s15","m0",0.126931697062679,-0.248661987923442,-0.478803099957748,-2.58550989495984
1177,13842,"s15","m0",0.0139657901711045,-0.525515473434657,-0.536934147729254,-1.83205037091408
1178,13850,"s15","m0",0.0786720209806522,-0.515095102906738,-0.680785614488222,-2.32378866862737
1179,13862,"s15","m0",0.0478536533011282,-0.210020441245998,-0.641582066908294,-1.57090267157567
1180,13867,"s15","m0",0.0507335915122715,-0.399080638196394,-0.890229820527292,-3.29325967595948
1181,13872,"s15","m0",0.0567801702008977,-0.574091576175426,-0.657734636288882,-1.59846887165645
1182,13886,"s15","m0",0.0610026114940814,-0.429037347322742,-0.575489002660592,-1.66995446413046
1183,13887,"s15","m0",0.099751398285052,-0.286495577252455,-0.858376757621539,-3.27315969461143
1184,13898,"s15","m0",0.0185762342742615,-0.448090081602947,-0.76146175007317,-1.53195617600767
1185,13900,"s15","m0",0.0382607355347702,-0.438046563157331,-0.636997827432255,-1.25037199333131
1186,13903,"s15","m0",0.0423885351916209,-0.44659155315947,-0.512315482219364,-1.63274665251966
1187,13904,"s15","m0",-0.00213095868692298,-0.658357337153577,-0.745498708771293,-1.47778204159107
1188,13906,"s15","m0",0.0981435129562686,-0.479158196589199,-0.602689923529235,-2.12759996699355
1189,13960,"s15","m0",0.0301387712814356,-0.662832144101854,-0.554912626575494,-1.80253096943645
1190,13986,"s15","m0",0.0496287363896989,-0.394308999524967,-0.668541631139158,-1.66899277103101
1191,13996,"s15","m0",0.0637037614675104,-0.389042512465835,-0.945611785826742,-2.3732341202292
1192,14001,"s15","m0",0.0612138945869763,-0.597969373935504,-0.597239268635586,-2.24868815629074
1193,14012,"s15","m0",0.039707785325106,-0.539549425842132,-0.853722865375794,-1.41861887602921
1194,14048,"s15","m0",0.0343667858894072,-0.40241854836224,-0.852674940000672,-2.10003564238227
1195,14049,"s15","m0",0.0277839737046464,-0.532636602919878,-0.626127065912603,-1.13157259623607
1196,14063,"s15","m0",0.104592752653224,-0.257763245427915,-0.67160354660882,-2.60022047125914
1197,14069,"s15","m0",-0.050524814471949,-0.509501541188436,-1.00869304803919,-0.907112591612438
1198,14095,"s15","m0",0.0192885155955657,-0.61958272076652,-0.535718148571077,-0.755376982321783
1199,14106,"s15","m0",0.107238017700765,-0.521772320714451,-0.499365959405533,-2.21000851215104
1200,14110,"s15","m0",0.0460164538300093,-0.464958324159753,-0.616954749099059,-1.86676505942234
1201,14112,"s15","m0",-0.0551684086742851,-0.418415590472402,-0.669447111154832,-0.360072168684758
1202,14118,"s15","m0",0.0596734668478767,-0.371836110698756,-0.714947106607132,-1.85870186863018
1203,14126,"s15","m0",0.113731978941136,-0.319016366416315,-0.704570506118011,-1.97431304817847
1204,14141,"s15","m0",0.0816155290892656,-0.448488930157847,-0.672420014764398,-1.95552116775413
1205,14150,"s15","m0",0.111766295027252,-0.658837820602691,-0.743853780479226,-3.23523992409701
1206,14154,"s15","m0",0.0394048854533996,-0.658209979621015,-0.876777702567696,-1.94792156102364
1207,14179,"s15","m0",0.0801884827038537,-0.337153090525291,-0.925795880999558,-1.99789799373282
1208,14186,"s15","m0",0.115683025783117,-0.449629560662405,-0.367047501451162,-2.19416588479254
1209,14205,"s15","m0",0.0149979655888781,-0.434736238381312,-0.809635008612978,-0.680724462743378
1210,14208,"s15","m0",0.0686583473829628,-0.239622691986904,-0.657339259152992,-1.83940519693725
1211,14212,"s15","m0",0.0745112663563426,-0.227698870994236,-0.514403964267087,-1.88820960034829
1212,14238,"s15","m0",0.0273118582731142,-0.535944962988598,-0.840522651417822,-1.8416158940337
1213,14246,"s15","m0",0.0719556898382654,-0.414301913804366,-0.606078963719219,-2.36464347162681
1214,14264,"s15","m0",0.0326511940071656,-0.633965725857562,-0.639017571612633,-1.52452487741132
1215,14278,"s15","m0",0.0719005326723507,-0.341977463381885,-0.499161946667824,-1.47918412609839
1216,14292,"s15","m0",0.100179579854488,-0.395448394178936,-0.532260534189372,-1.83304044174442
1217,14297,"s15","m0",0.0230509952032814,-0.53607400273572,-0.91713092067138,-1.99577205395032
1218,14304,"s15","m0",0.0608124075825959,-0.518202433664962,-0.815746711316604,-1.26771808293448
1219,14307,"s15","m0",0.120639567974412,-0.428937849528796,-0.436712204814182,-3.05575793430093
1220,14325,"s15","m0",0.0856994068114188,-0.454630798208453,-0.527458572036949,-1.8730037311596
1221,14326,"s15","m0",0.0498298985271193,-0.588180882082904,-0.732858815935357,-1.90400197522929
1222,14351,"s15","m0",0.0341883922917614,-0.659894092497566,-0.584261798635086,-2.24485479450431
1223,14352,"s15","m0",0.0435541130771897,-0.43900169867157,-0.7045412377601,-1.20999943480159
1224,14362,"s15","m0",0.0592796129123798,-0.4102782677978,-0.626099907523178,-1.70045060802979
1225,14378,"s15","m0",0.123088735955779,-0.494657433828044,-0.570570459780281,-2.47299421700414
1226,14382,"s15","m0",0.0113906756190669,-0.42724813991544,-0.716342820960371,-1.13122239499994
1227,14387,"s15","m0",0.092761563453787,-0.387581551683575,-0.424053452139784,-2.72131591917811
1228,14408,"s15","m0",0.0657406160371284,-0.473664347279618,-0.48421700320083,-2.37298095593869
1229,14424,"s15","m0",0.0606761533689033,-0.385907616381229,-0.483885822157538,-2.62896008412502
1230,14426,"s15","m0",0.157634897090068,-0.344284885304038,-0.521395499388679,-2.50780717335812
1231,14456,"s15","m0",0.0388700760591875,-0.772880527989249,-0.725585686846451,-1.30354837019347
1232,14464,"s15","m0",0.0687474453254579,-0.339175893245588,-0.519830042797027,-1.99033411584344
1233,14488,"s15","m0",-0.0500096987930777,-0.515707308183303,-0.902024004009727,-0.699530746271808
1234,14496,"s15","m0",0.00497177604164744,-0.494564800751393,-0.876506299227835,-1.3412337290765
1235,14509,"s15","m0",0.0340163183069596,-0.452034510443938,-0.730214675951908,-1.2460962098736
1236,14537,"s15","m0",0.0430905579923978,-0.516690595802602,-0.792401278029748,-1.28319440313217
1237,14545,"s15","m0",0.0465305880121069,-0.535857401117704,-0.797312440178765,-2.82813490310084
1238,14546,"s15","m0",0.0526221259031297,-0.513812665789358,-0.435209451593945,-1.27873166384596
1239,14553,"s15","m0",0.0310593046900915,-0.661073721682965,-0.744873138454035,-1.79196800879449
1240,14563,"s15","m0",0.0800083933530074,-0.386904516920946,-0.61369178673955,-1.57514943132905
1241,14594,"s15","m0",-0.0272347951075549,-0.47489627756424,-0.797141330447185,-1.32306526603732
1242,14605,"s15","m0",0.0731665643851232,-0.481721473969749,-0.67499878201519,-2.25315297212917
1243,14636,"s15","m0",0.0576360265004687,-0.689589307755934,-0.904225669056388,-1.22090096881219
1244,14638,"s15","m0",0.0665771167292128,-0.534568730613207,-0.589389061453963,-3.02846099183671
1245,14654,"s15","m0",0.0817950241504699,-0.429417205838709,-0.674377513548594,-2.3155264301166
1246,14671,"s15","m0",0.0548090176839408,-0.472932116800674,-0.592093584223177,-2.66173953075266
1247,14672,"s15","m0",0.0173487405472436,-0.586410175766711,-0.721246863019043,-1.45287046791982
1248,14674,"s15","m0",0.101896711427989,-0.371218399915565,-0.510917760344187,-1.98494359796385
1249,14686,"s15","m0",0.0748388370506579,-0.35151850897488,-0.681843984101881,-2.0685745106786
1250,14706,"s15","m0",0.0547253828266748,-0.327396443126496,-0.639537390347161,-1.61427464230126
1251,14712,"s15","m0",0.0402996613456247,-0.535912847266086,-0.823088967506372,-3.76765266649084
1252,14746,"s15","m0",0.028762394999015,-0.490016560358027,-0.794495549400677,-1.67923575666359
1253,14756,"s15","m0",0.0945243278038445,-0.465742930302431,-0.703406398196219,-2.8612117038765
1254,14760,"s15","m0",0.0416489634295984,-0.532213141562918,-0.635237422379123,-1.82776826882581
1255,14777,"s15","m0",0.0158354016666629,-0.569260551216883,-0.716026053056973,-1.68075953971755
1256,14794,"s15","m0",0.0358156265981552,-0.465590965796523,-0.572948082640194,-0.886828880275145
1257,14825,"s15","m0",0.0590524435074552,-0.427620826409361,-0.471901058182637,-1.44305240697375
1258,14828,"s15","m0",0.0862703270723628,-0.35291024088885,-0.514736622675486,-1.81882465394131
1259,14840,"s15","m0",0.00490484775694344,-0.628072338246441,-0.75293936142077,-1.41932536269182
1260,14848,"s15","m0",0.0290666679443493,-0.423333014794958,-0.849309389057127,-1.83182919809004
1261,14864,"s15","m0",-0.0126809090722015,-0.47491832057827,-0.93620022690211,-1.0760182863454
1262,14867,"s15","m0",0.00918601559591611,-0.413534523990336,-0.815672084891939,-1.12512546698512
1263,14868,"s15","m0",-0.00609743644756442,-0.501688432788458,-0.812614728561827,-1.38161785299064
1264,14885,"s15","m0",-0.021214438321966,-0.467069994579722,-0.970630708481489,-0.790081402692806
1265,14886,"s15","m0",0.0612105870562079,-0.436189370695141,-0.535278617101804,-1.40780910003755
1266,14894,"s15","m0",0.0902548843654359,-0.620585370011631,-0.619683416344491,-2.22077401640832
1267,14899,"s15","m0",0.00863123450923833,-0.599530765932255,-0.700022570420574,-1.60501402800919
1268,14904,"s15","m0",0.0974921762744769,-0.478179995301398,-0.475310835217873,-2.64222726870651
1269,14934,"s15","m0",0.123076480691308,-0.35738937946912,-0.603904666609111,-2.74506525607209
1270,14937,"s15","m0",0.0533623335209314,-0.356239580407813,-0.478080087420578,-1.61883144769966
1271,14957,"s15","m0",0.118605400110579,-0.440503399101415,-0.539117917526058,-3.56331612347478
1272,14973,"s15","m0",0.0765538423586806,-0.22576607706042,-0.64118075453029,-2.30784763232144
1273,14991,"s15","m0",0.100479190169912,-0.413296299840381,-0.731387133665876,-2.10159674965167
1274,14999,"s15","m0",0.0415640864454737,-0.517886920112613,-0.441384172849068,-1.47881854818375
1275,15013,"s15","m0",0.0403621878427756,-0.572349017016643,-0.737132676471701,-1.82896115995671
1276,15035,"s15","m0",0.100616366461736,-0.181345383291934,-0.626427806774666,-2.67352884336078
1277,15044,"s15","m0",0.0344168251260318,-0.546251892549017,-0.513437795323856,-2.1108118564755
1278,15052,"s15","m0",0.0622262263605141,-0.398874561065161,-0.790690945178189,-1.16775715663824
1279,15073,"s15","m0",0.0387969912497549,-0.42730750908763,-0.56937231158962,-0.821288248788636
1280,15078,"s15","m0",0.040415047788093,-0.351842799617958,-0.663523795438369,-0.978449482147169
1281,15088,"s15","m0",-0.0341936256301804,-0.646298663505286,-0.776467040261213,-0.887537834613746
1282,15093,"s15","m0",0.0830261240895033,-0.290559373334177,-0.672805681947735,-3.0750225433681
1283,15104,"s15","m0",0.0721075099346485,-0.357418240640516,-0.766340542926725,-2.23521491663856
1284,15127,"s15","m0",0.0704805084359844,-0.302368584962332,-0.883258000349519,-2.29542803334863
1285,15143,"s15","m0",0.00751435304310605,-0.591702479286695,-0.532395893009093,-1.06599062709538
1286,15168,"s15","m0",0.0939526158618343,-0.43952249399929,-0.41136831244906,-1.64667358317753
1287,15175,"s15","m0",0.138614080599656,-0.306895772583613,-0.601947670068275,-3.42918245077289
1288,15176,"s15","m0",0.10372082063358,-0.231353899629901,-0.587938378840604,-2.55906545102425
1289,15191,"s15","m0",0.0353312652358639,-0.516277917436872,-0.925142344591298,-1.31651687388913
1290,15220,"s15","m0",0.0314060767550048,-0.718973853240997,-0.635362443735752,-1.05795029928493
1291,15225,"s15","m0",0.0705416753519797,-0.429950714064095,-0.657680936445437,-1.98137076108016
1292,15242,"s15","m0",0.0904521224313622,-0.493478983156564,-0.804305880917104,-1.89182811045994
1293,15259,"s15","m0",-0.00791218557424373,-0.434716254098103,-0.811729159279748,-1.30891186431251
1294,15269,"s15","m0",0.119155144795194,-0.352429111285221,-0.529506441986748,-1.80659350050934
1295,15276,"s15","m0",0.0566467679878584,-0.51832951193734,-0.682982670593546,-1.15065040466331
1296,15294,"s15","m0",0.0500680638840425,-0.395367777512885,-0.761793732712461,-2.22497267609753
1297,15295,"s15","m0",0.0297018637941874,-0.515700488648081,-0.708018890593561,-1.6653289506241
1298,15312,"s15","m0",0.0724457929645046,-0.429609504252119,-0.525671905544553,-1.4576210232136
1299,15317,"s15","m0",0.0657629528660977,-0.494290045908241,-0.682965506144806,-2.05099290062033
1300,15333,"s15","m0",0.0237579338003642,-0.363810733548875,-0.46946319403264,-1.14566251256597
1301,15350,"s15","m0",0.0587290322938703,-0.57315251167994,-0.660262744499081,-1.09347738319958
1302,15356,"s15","m0",-0.0120988114876749,-0.572012381024919,-0.763827270326178,-0.957116389422385
1303,15364,"s15","m0",-0.0167369495652135,-0.441226546152068,-0.830558230268804,-1.14449711373514
1304,15369,"s15","m0",0.0424201569631923,-0.478929292987859,-0.909050480740317,-1.52876107226729
1305,15376,"s15","m0",0.0651136539906047,-0.505798904821206,-0.629066089832906,-2.03634409265217
1306,15377,"s15","m0",0.0654801829758482,-0.525866918366281,-0.750131001643602,-1.62073900556615
1307,15405,"s15","m0",-0.0596207832174121,-0.79772048510218,-0.814640440550798,-0.881566115825291
1308,15419,"s15","m0",0.0873301581098407,-0.430935201486508,-0.863655727263028,-2.2333881181466
1309,15424,"s15","m0",0.072279088580094,-0.338521414142995,-0.469220156116291,-2.36497622418886
1310,15481,"s15","m0",0.0761835348973978,-0.236210243507012,-0.525587300462149,-1.85541946874141
1311,15493,"s15","m0",0.0651929950559029,-0.503543902992688,-0.708007194518172,-1.88760077326098
1312,15498,"s15","m0",0.0554728434294607,-0.627999449729063,-0.537023584676335,-1.31461253145572
1313,15508,"s15","m0",-0.0281518320967207,-0.540250347914758,-0.937056687376098,-1.59080220398726
1314,15515,"s15","m0",0.0629441643036595,-0.400911645824098,-0.809532921741195,-1.91597703390143
1315,15516,"s15","m0",0.0231472717043686,-0.490858414385554,-0.473072723354045,-1.61151278456701
1316,15529,"s15","m0",0.0330970066300708,-0.52803890287426,-0.661288696060653,-1.32415327133148
1317,15548,"s15","m0",0.0689030081160004,-0.450964318539606,-0.431961419785706,-2.12593448013353
1318,15564,"s15","m0",0.0994615689412273,-0.322369432199025,-0.500596103045751,-1.91424059636916
1319,15568,"s15","m0",0.0705973141412745,-0.549365167555952,-0.651255430295659,-2.26861488834851
1320,15571,"s15","m0",0.109397986363691,-0.315483750920846,-0.600239963824661,-3.00890152436093
1321,15588,"s15","m0",0.0583031423753194,-0.678444524884286,-0.543291366124571,-1.33847024083019
1322,15599,"s15","m0",0.11689840563819,-0.401096728712179,-0.52177216923724,-2.36625109076967
1323,15602,"s15","m0",0.0453381618458005,-0.489767545239466,-0.66946992263183,-1.89323133717534
1324,15625,"s15","m0",0.0477413821661077,-0.520147974494758,-0.428423133514358,-2.03872453078347
1325,15628,"s15","m0",0.0942896784285966,-0.34639475389508,-0.799573826496637,-2.78565015945177
1326,15638,"s15","m0",0.0127062318499825,-0.419774839611515,-0.883245472018046,-1.63082444069204
1327,15647,"s15","m0",0.0533307479474424,-0.476918839217528,-0.763884240192409,-1.76447896487554
1328,15656,"s15","m0",0.0386955890887666,-0.535437640142238,-0.554102177653381,-1.84959460851385
1329,15674,"s15","m0",0.02876510346329,-0.392415115995335,-0.550857773221446,-1.1212365383162
1330,15698,"s15","m0",0.0832563333806654,-0.420562851381142,-0.543988562441565,-1.85249666109623
1331,15711,"s15","m0",0.0678408677067445,-0.361102902398354,-0.813266260788071,-1.34411894533682
1332,15718,"s15","m0",0.0382570345184083,-0.326689258587741,-0.874785182724807,-2.01143076159037
1333,15732,"s15","m0",0.00596113864390205,-0.742254094763834,-0.879339891356117,-1.34844597602351
1334,15745,"s15","m0",0.0992056481377571,-0.341494152883662,-0.566141024309806,-1.89380578787078
1335,15746,"s15","m0",0.0565049415129724,-0.484369379868734,-0.612023166764928,-1.78291301360703
1336,15762,"s15","m0",-0.00156232223016032,-0.516964911735735,-0.691247578385058,-1.2291296631229
1337,15774,"s15","m0",0.0103127123957197,-0.549275979405115,-0.82184404165677,-1.34255094113019
1338,15787,"s15","m0",0.0268995606126208,-0.35184863847329,-0.82847168503105,-1.24510915917981
1339,15795,"s15","m0",0.0863263447284253,-0.291673256285699,-0.64792852181634,-1.85754735729483
1340,15796,"s15","m0",-0.00412273699376252,-0.495001956516565,-0.681956896646395,-0.994092804381542
1341,15799,"s15","m0",0.0912688054857605,-0.351543666719622,-0.427341077508128,-2.64766477147414
1342,15839,"s15","m0",0.0229007383394024,-0.301304021767233,-0.658712332905257,-0.512967914011235
1343,15858,"s15","m0",-0.0110777528141651,-0.675380777932099,-0.582933517795103,-1.46608166135819
1344,15859,"s15","m0",0.0328244792785203,-0.585169831548712,-0.667881504558062,-1.45298107372898
1345,15877,"s15","m0",0.123835939116677,-0.445045106863709,-0.729320366406176,-2.92821981342931
1346,15878,"s15","m0",-0.00273959995478392,-0.605062997892932,-0.895837637803119,-1.20010755217241
1347,15885,"s15","m0",0.0934921986065352,-0.408754179561125,-0.380315700498057,-2.0912891909803
1348,15886,"s15","m0",0.0987854406747597,-0.434372173681817,-0.58892820235007,-2.24142221564933
1349,15891,"s15","m0",0.0233298542150125,-0.534862539824643,-0.652977307488891,-2.36611333293855
1350,15893,"s15","m0",0.0758971669464884,-0.312018182833985,-0.614286425133436,-1.44862305973319
1351,15897,"s15","m0",-0.0026212689156271,-0.714121635903677,-1.02352273520104,-1.59983790755979
1352,15914,"s15","m0",0.0709482011884419,-0.408992359576064,-0.963894276001265,-2.46237150021861
1353,15915,"s15","m0",0.0583999455180798,-0.475834867456338,-0.551418342782118,-2.57644599493124
1354,15925,"s15","m0",0.0256557541435189,-0.431519001457012,-0.866936759012125,-2.27129378191199
1355,15960,"s15","m0",0.0413822344136002,-0.476071011199549,-0.782812407717896,-1.53024144838634
1356,15964,"s15","m0",0.0691678112881305,-0.479010433815647,-0.805334110601902,-1.31204840158895
1357,15969,"s15","m0",0.100546551042632,-0.359983344086806,-0.369375981700785,-2.30627911386905
1358,15970,"s15","m0",0.145341547534358,-0.410986831539395,-0.395283889226921,-2.69926749292343
1359,15985,"s15","m0",0.0604283194932515,-0.431652893637176,-0.656982206725015,-0.941415149486582
1360,15992,"s15","m0",0.105949267556846,-0.394441749759305,-0.555211817910721,-2.46083959706281
1361,15996,"s15","m0",0.0837016743432768,-0.383105547144197,-0.654113248305411,-2.09170145323504
1362,16027,"s15","m0",0.04301750758719,-0.605299368698305,-0.833863628130722,-1.19952601349707
1363,16032,"s15","m0",0.0688839879151175,-0.397170113775006,-0.647455599361499,-1.9790125769149
1364,16039,"s15","m0",0.0974285003370372,-0.504011988907848,-0.586255471750546,-1.63742066944251
1365,16040,"s15","m0",0.017620154737953,-0.495393300363097,-0.630854894296441,-1.4188235809271
1366,16054,"s15","m0",0.0287463147383896,-0.306642611901681,-0.467533348230731,-1.30358677056366
1367,16058,"s15","m0",0.0743875457838794,-0.399027899236706,-0.4844203280449,-1.76002731333672
1368,16092,"s15","m0",0.0202346428541017,-0.580254874837319,-0.72377699732012,-1.86400631714607
1369,16095,"s15","m0",0.0849072497771073,-0.268479836235546,-0.473540834082411,-1.61338260648007
1370,16099,"s15","m0",0.06912995368152,-0.52885890397636,-0.682035500897891,-2.77403543586189
1371,16112,"s15","m0",-0.017241037208259,-0.59689561906378,-0.926572497677822,-1.23265087871295
1372,16113,"s15","m0",0.0501550694909546,-0.565924321821789,-0.486851669931386,-1.42777828242562
1373,16114,"s15","m0",0.0321251631207647,-0.493945898857427,-0.586144129404154,-1.12826543707848
1374,16141,"s15","m0",0.0639061296290111,-0.364846287614011,-0.516572560293591,-1.97532061160102
1375,16143,"s15","m0",0.128914826617143,-0.487465768789509,-0.49460491159955,-1.99508108931796
1376,16157,"s15","m0",0.0209043004019877,-0.451673103353372,-0.746675616898698,-3.37709300332609
1377,16168,"s15","m0",0.059239295872897,-0.563477384368648,-0.519951222391467,-0.964890885406006
1378,16171,"s15","m0",0.0552273053621132,-0.604546390239718,-0.7920451507558,-2.22411722590383
1379,16208,"s15","m0",0.0603462335419762,-0.506485550342091,-0.637448998821919,-1.34631572904797
1380,16219,"s15","m0",0.0569360280695183,-0.63521893184435,-0.567939500118713,-1.84896571099033
1381,16221,"s15","m0",0.0656966751907786,-0.327290493991975,-0.767706837991876,-2.26540141996151
1382,16237,"s15","m0",0.0847099206194184,-0.405026298644988,-0.928468022726372,-2.41314267222014
1383,16240,"s15","m0",0.0734975958317602,-0.589584169508652,-0.507365777761897,-2.53627415025892
1384,16263,"s15","m0",0.0695947892568897,-0.443918715610842,-0.547544086831026,-1.46277913423404
1385,16266,"s15","m0",0.0329257683865185,-0.716094376667745,-0.55726982556579,-1.15117205908402
1386,16274,"s15","m0",0.0190965464642148,-0.275257840008253,-0.661774823230199,-0.858483055862891
1387,16282,"s15","m0",0.0638311023381084,-0.404990418780876,-0.669660259881002,-1.84651778233203
1388,16289,"s15","m0",-0.0047614566055745,-0.647014207556803,-0.573864666906107,-0.966916252580418
1389,16310,"s15","m0",0.049231304399502,-0.381461647706257,-0.519331639452407,-1.23369383026813
1390,16330,"s15","m0",0.0478144056017316,-0.538731931890186,-0.754118242233936,-1.78878172288135
1391,16346,"s15","m0",0.046389404652055,-0.64767655606473,-0.655928855293745,-1.08835133277794
1392,16378,"s15","m0",0.0657133039184416,-0.366607802736651,-0.522907514992726,-1.22386357923927
1393,16380,"s15","m0",-0.0359268348944905,-0.514494541848889,-0.835551671189164,-0.538356412681055
1394,16381,"s15","m0",0.0882039634053014,-0.402130453248823,-0.608236365840764,-2.21289848633354
1395,16394,"s15","m0",0.0832478703191216,-0.513942843355459,-0.59872573375893,-2.52666257522907
1396,16432,"s15","m0",0.0974700289372079,-0.323769183695105,-0.44598741648,-2.29474650279621
1397,16444,"s15","m0",0.067740422067592,-0.361226119241218,-0.473207495782022,-1.90184424286325
1398,16451,"s15","m0",0.106836258299516,-0.378931016254202,-0.717017364998503,-1.74438609216788
1399,16465,"s15","m0",0.0423512638239894,-0.609156595723871,-0.826785278496252,-1.89738227735063
1400,16474,"s15","m0",0.039111810720959,-0.480593040332904,-0.52086845111222,-0.771606949244944
1401,16483,"s15","m0",0.0773321235760673,-0.484088900089278,-0.578095094790751,-3.22514828638157
1402,16488,"s15","m0",-0.00870697128108067,-0.525308330107508,-0.822019752286301,-0.564851821157275
1403,16494,"s15","m0",0.0637584850143129,-0.448391737544262,-0.49188441073557,-2.13612299707617
1404,16520,"s15","m0",0.133056584642641,-0.537761191879346,-0.33404001550676,-2.62330853844805
1405,16526,"s15","m0",0.071955425380426,-0.414771464110593,-0.731785281667231,-1.82911133859773
1406,16531,"s15","m0",0.0527571273321957,-0.440736238515394,-0.745980641647449,-1.58257815435262
1407,16537,"s15","m0",0.0513984211187668,-0.339311989542485,-0.74779047037866,-1.5517896849543
1408,16564,"s15","m0",0.108548917175507,-0.271437437020228,-0.499778411195269,-1.94495913384682
1409,16568,"s15","m0",0.0800179765063897,-0.316482055830446,-0.738614140294826,-2.19914277489607
1410,16573,"s15","m0",0.0285134652257949,-0.602270213282023,-0.923716901052425,-1.58092165668935
1411,16591,"s15","m0",0.0407542393300799,-0.480528379266778,-0.789798662165184,-1.51531302410775
1412,16617,"s15","m0",0.0627794310673219,-0.528830743969161,-0.901327630778781,-1.88854174815709
1413,16635,"s15","m0",0.00416142230496213,-0.730803088731874,-0.764485985983082,-1.46099068739922
1414,16637,"s15","m0",0.0310893956622318,-0.556801813873682,-0.553083586379375,-1.77367978422351
1415,16650,"s15","m0",0.0279746330223067,-0.479745296305841,-0.595420942888446,-1.63838523471804
1416,16653,"s15","m0",0.0806189842311072,-0.498308613809225,-0.631824257956396,-1.90492125612088
1417,16659,"s15","m0",0.0870437823738545,-0.420261020585851,-0.563043323676836,-2.11922915644161
1418,16670,"s15","m0",0.0511071283298428,-0.63480639705753,-0.697678169221035,-1.67216528294342
1419,16675,"s15","m0",0.102389884612836,-0.369842262166525,-0.533136454548349,-2.01483554612444
1420,16686,"s15","m0",0.112974115590818,-0.419081239466231,-0.667264658333331,-2.18619563123032
1421,16698,"s15","m0",0.0418370955131905,-0.4635378678689,-0.829371409473671,-0.943534213738746
1422,16708,"s15","m0",0.0738422115251177,-0.358138062827402,-0.548125568149301,-1.16242233893145
1423,16738,"s15","m0",0.0123495080394793,-0.341417153494783,-0.833870481916544,-0.906427724108788
1424,16767,"s15","m0",0.0251333570784853,-0.448233909613359,-0.609152611779,-0.815890413978993
1425,16771,"s15","m0",0.017133698924485,-0.51233280720694,-0.763673180465721,-0.743229090245613
1426,16790,"s15","m0",0.0970339169808808,-0.390599009002518,-0.509989241496764,-2.43980484998892
1427,16794,"s15","m0",0.102117877687218,-0.325769282251592,-0.624601641155405,-2.34314495375819
1428,16800,"s15","m0",0.12260328593109,-0.385741263429595,-0.632597616552927,-2.0235080074565
1429,16802,"s15","m0",0.0761119863183901,-0.36967448985434,-0.781384505826093,-1.37112088705477
1430,16833,"s15","m0",0.0785699448829955,-0.548435978786742,-0.494810999862202,-1.58335041831265
1431,16839,"s15","m0",0.0414680866571814,-0.302949141164255,-0.576853904964848,-2.19819922830749
1432,16850,"s15","m0",0.0789155374646505,-0.529901344280983,-0.523274121461168,-1.99808841399137
1433,16856,"s15","m0",0.0713332399389097,-0.408174864249274,-0.545104907579017,-2.94519461165663
1434,16869,"s15","m0",0.0279562142989945,-0.389235916731264,-0.923251318555105,-1.43740105492373
1435,16877,"s15","m0",-0.0503680163000186,-0.686742594991033,-1.2753181991687,-0.851671592727193
1436,16889,"s15","m0",0.112710931920085,-0.402986151229859,-0.608944942271509,-1.84083458483682
1437,16901,"s15","m0",0.00807210165781202,-0.627770529938217,-0.629787414678151,-0.837505462754876
1438,16912,"s15","m0",0.0179012232687177,-0.71341086653423,-0.809424720717324,-1.81667007252651
1439,16937,"s15","m0",0.0427703642476968,-0.510418084054038,-0.700822892124934,-1.84753494959659
1440,16938,"s15","m0",0.0477793992094744,-0.433739668585912,-0.65536975177165,-2.58041429911617
1441,16939,"s15","m0",0.0656039421955114,-0.468581172833961,-0.819466945384944,-1.63422030068752
1442,16946,"s15","m0",0.0868557329788556,-0.496247229983672,-0.432533017516492,-1.57179940512927
1443,16971,"s15","m0",0.0236917141668138,-0.443656988005429,-1.0621270647596,-1.32719417895327
1444,16977,"s15","m0",0.0593383841251984,-0.326186577146813,-0.684762279624048,-1.41731488958518
1445,16995,"s15","m0",0.024967115740711,-0.51256059685313,-0.880550518235135,-2.45650171781796
1446,16998,"s15","m0",0.0392860502436779,-0.539459165101017,-0.662545021038674,-1.78625335969738
1447,17002,"s15","m0",0.0820735097955362,-0.285393681635636,-0.70564643727674,-1.92059208895075
1448,17010,"s15","m0",0.0911507531432052,-0.462023024452867,-0.600884983945453,-2.57157595621908
1449,17031,"s15","m0",0.102763198912803,-0.400098140059378,-0.683937717455947,-1.6683031795413
1450,17036,"s15","m0",0.0823164163313515,-0.505409269182176,-0.559883609231459,-2.00704819015593
1451,17042,"s15","m0",0.133370981348927,-0.351666708245422,-0.46219952835687,-2.28536994095005
1452,17063,"s15","m0",0.0329758877219334,-0.543259979764048,-0.817601196118797,-0.93789846417438
1453,17065,"s15","m0",0.0305219499107178,-0.470782265697226,-0.652545772967156,-1.30603875491478
1454,17076,"s15","m0",0.0591873169017887,-0.548056492873433,-0.594797412463899,-2.22217326602013
1455,17097,"s15","m0",0.0284099610646974,-0.457293170249064,-0.699584059530533,-1.52161353877147
1456,17099,"s15","m0",0.041304955835906,-0.567800585441551,-0.81494603953944,-1.55467448126495
1457,17112,"s15","m0",0.0663112512897491,-0.60834675358654,-0.553717560178599,-2.08064580681755
1458,17117,"s15","m0",0.0438790827222123,-0.548704290456644,-0.836222682303025,-1.5630716284695
1459,17118,"s15","m0",-0.0108482240446329,-0.782351043202429,-1.07847034732033,-0.707381299468511
1460,17125,"s15","m0",0.0285766133262233,-0.512039640027149,-0.76019354753827,-1.37823145837342
1461,17137,"s15","m0",0.0662557501563626,-0.426771455199847,-0.785297592432882,-1.26699561404893
1462,17171,"s15","m0",0.0703924942994257,-0.583232800197262,-0.697016361455874,-2.33755443045657
1463,17176,"s15","m0",0.135264661095494,-0.43676858135696,-0.352798270056539,-2.74860121207835
1464,17191,"s15","m0",0.0393377745852927,-0.383917811187607,-0.623865736341458,-0.672665956274465
1465,17206,"s15","m0",0.0175010870227886,-0.637029535511754,-0.614014563247706,-2.05873044832053
1466,17239,"s15","m0",0.114528662827056,-0.4836039888885,-0.411452076498523,-1.83372555254612
1467,17273,"s15","m0",-0.00582174711448468,-0.93011239303142,-0.941607081458532,-1.70900800675886
1468,17281,"s15","m0",-0.0387559115387473,-0.619975288796491,-0.754969363128898,-0.727756988293449
1469,17297,"s15","m0",-0.0256923480246624,-0.737003236280693,-0.674140026357164,-0.795377011446717
1470,17300,"s15","m0",0.034278753016933,-0.3915309711521,-0.773722047460315,-1.24066606785262
1471,17305,"s15","m0",0.0697089913910682,-0.49834835947801,-0.697613735213401,-3.1608937772222
1472,17312,"s15","m0",0.0113837759720689,-0.412071609007841,-0.773861626710363,-2.19149258841662
1473,17313,"s15","m0",0.0804244892051369,-0.201282348042468,-0.581623333489717,-1.39465134724365
1474,17331,"s15","m0",0.0865098568032137,-0.345712839648963,-0.625604386932518,-1.73178215829086
1475,17359,"s15","m0",0.0179919866699275,-0.516616194035111,-0.788143524964081,-0.903342074640247
1476,17362,"s15","m0",0.0938217440762795,-0.398418368259401,-0.592799684492921,-1.87021962643294
1477,17365,"s15","m0",0.0406386620825156,-0.455330073322378,-0.507820919531538,-1.25678946667903
1478,17385,"s15","m0",0.0615450691531803,-0.434994336431873,-0.59165019849181,-2.0071090658489
1479,17388,"s15","m0",0.126925804319881,-0.351725108389996,-0.761349593325231,-2.20338260566209
1480,17403,"s15","m0",0.0136606790386295,-0.421646403246551,-0.785266045653955,-1.87601273690128
1481,17410,"s15","m0",0.0542042506948075,-0.564131442128173,-0.532485936709098,-1.10277730867588
1482,17424,"s15","m0",0.0478281892974124,-0.531138501733815,-0.76155539060521,-1.72641201107006
1483,17426,"s15","m0",0.0638595196242187,-0.680424597036852,-0.783351732854928,-1.08581036245072
1484,17449,"s15","m0",0.0812921621971104,-0.462215217600657,-0.424668947971386,-3.0684477732113
1485,17465,"s15","m0",0.0258638566692736,-0.622743394663059,-0.627302922103247,-1.76688605208846
1486,17474,"s15","m0",0.0459969211115892,-0.562911967755777,-0.474354591145339,-2.1936195559134
1487,17506,"s15","m0",0.10277629139674,-0.425921309714968,-0.711075308353629,-2.1081552399906
1488,17507,"s15","m0",0.0690804960839094,-0.371198483172509,-0.820447449438084,-2.1025388512542
1489,17509,"s15","m0",0.0876563550869341,-0.414444821252167,-0.662921175729321,-2.06485403728117
1490,17526,"s15","m0",0.106547960937925,-0.1280842301616,-0.582739991497554,-1.64642336761521
1491,17537,"s15","m0",0.0261070647577054,-0.465685150871298,-0.814091870525405,-1.35109180195092
1492,17544,"s15","m0",-0.00936970915795359,-0.498336676440422,-0.611386468086801,-1.53789849186863
1493,17561,"s15","m0",0.0325424518929055,-0.579708863706973,-0.521872986523366,-1.51757980524112
1494,17583,"s15","m0",0.111135998786921,-0.372922039155863,-0.512564586606599,-1.47221429899433
1495,17595,"s15","m0",0.0380927348972767,-0.388087135490237,-0.825520840345894,-2.16567555988832
1496,17615,"s15","m0",0.0516644323967964,-0.472122243031011,-0.691619913546692,-1.67133735622894
1497,17624,"s15","m0",0.0816415551846382,-0.356999143917682,-0.521823770177049,-2.50989590425532
1498,17636,"s15","m0",0.043928341764992,-0.558749456132773,-0.667189972609537,-2.20616902615567
1499,17655,"s15","m0",0.0099713243796421,-0.439922567399518,-0.792804406591041,-1.68932464286492
1500,17673,"s15","m0",0.110658013514752,-0.345660710197251,-0.366689069982678,-2.14727525514728
1501,17702,"s15","m0",0.0290869791616516,-0.464568010664522,-0.646136977068143,-1.19047428754646
1502,17705,"s15","m0",0.0598202084386658,-0.538513688148186,-0.511369354428084,-1.51204232002591
1503,17707,"s15","m0",0.106477981309781,-0.546003614889099,-0.399868385239041,-1.66208703171393
1504,17711,"s15","m0",0.103802945645467,-0.318159769803418,-0.538138213651745,-1.38978532329702
1505,17717,"s15","m0",0.0658885344382695,-0.397288694216474,-0.746562145765358,-1.99382117764208
1506,17739,"s15","m0",0.0609084275413569,-0.478061155152533,-0.435950453818623,-1.16403580255854
1507,17744,"s15","m0",0.0550258458563196,-0.429262606065334,-0.705040873337135,-1.59755164012342
1508,17772,"s15","m0",0.081944103389161,-0.506450174104296,-0.521036827654151,-1.69546663652825
1509,17780,"s15","m0",0.0838929161655463,-0.492754505856123,-0.585736875510741,-2.34506293769746
1510,17798,"s15","m0",-0.000467419093494409,-0.672748975974221,-1.01794262700997,-0.792795555295312
1511,17830,"s15","m0",0.0749914244146662,-0.384402174899907,-0.58615042846415,-1.53763694069723
1512,17832,"s15","m0",-0.0132223303509994,-0.724662267223929,-0.971685752333794,-0.638783948054054
1513,17835,"s15","m0",0.0505906306326639,-0.517261143362575,-0.674997486277816,-1.23870893149658
1514,17841,"s15","m0",0.083841264400795,-0.799244242724006,-0.774309213521294,-1.99423024637327
1515,17849,"s15","m0",0.00614799764249645,-0.419146476490611,-1.06609054493508,-1.19799902095278
1516,17880,"s15","m0",0.0543857781652618,-0.545516507338192,-0.606255598114602,-2.06658182657221
1517,17890,"s15","m0",-0.0159760906473605,-0.460878157890699,-0.784795094959706,-1.22884113869005
1518,17896,"s15","m0",-0.00507320697870101,-0.395791581094799,-0.702194804770721,-0.901411483946982
1519,17903,"s15","m0",0.0264232198554201,-0.595300260804126,-0.872771360784577,-1.21180023236697
1520,17907,"s15","m0",0.121351580609322,-0.281674698011549,-0.705457535228626,-1.82309069710294
1521,17959,"s15","m0",0.0632897653050788,-0.372890194568619,-0.54634966106746,-2.01293826633287
1522,17963,"s15","m0",0.0509514612213971,-0.51159025435271,-0.514604986463148,-1.52576692635465
1523,17994,"s15","m0",-0.00456409988502633,-0.570508693774441,-0.719334387717291,-1.28451698940182
1524,18008,"s15","m0",0.0866963317217466,-0.367446952297569,-0.729490351513432,-1.85914171097132
1525,18016,"s15","m0",0.0297244891460926,-0.766314935376829,-0.707460255843348,-1.92776179933622
1526,18019,"s15","m0",0.0193602124145058,-0.521863142440885,-0.813453206337198,-1.27261912528789
1527,18031,"s15","m0",0.141838167342276,-0.444897306630818,-0.456786824043811,-1.71439373491295
1528,18034,"s15","m0",0.0473125966080608,-0.502063006405568,-0.691374728294787,-1.43505758051557
1529,18057,"s15","m0",0.0384971001911271,-0.532582245630458,-0.531486910708516,-2.16381825155137
1530,18060,"s15","m0",0.00935561389041579,-0.591479450833976,-0.58454956878968,-1.58702133432398
1531,18086,"s15","m0",0.0594788928799906,-0.657053703722394,-0.641738166311047,-2.75116548570908
1532,18087,"s15","m0",0.0974764457484862,-0.423466506287576,-0.63039843660295,-2.11290130511284
1533,18090,"s15","m0",-0.00515803720322582,-0.458653109079163,-0.871968591546565,-0.836497075523543
1534,18095,"s15","m0",0.0193646731608772,-0.732842876793141,-0.759798767358341,-1.55403857807741
1535,18097,"s15","m0",0.0242576341266991,-0.559252088001782,-0.590789286320774,-1.18982194286856
1536,18100,"s15","m0",-0.0246582765209218,-0.551008315228043,-0.7535529366307,-1.60286570177267
1537,18108,"s15","m0",0.0185035658927389,-0.492285209858628,-0.530793186264047,-2.17913024327279
1538,18135,"s15","m0",0.0814667664703888,-0.518594356793142,-0.529555055339774,-1.68071343551915
1539,18136,"s15","m0",0.0671012519896671,-0.459385641418324,-0.573440786668625,-1.76902113963057
1540,18143,"s15","m0",0.0664055663470579,-0.362254511076894,-0.62912561750294,-1.25269071486064
1541,18149,"s15","m0",0.0652850006134491,-0.421735862952026,-0.47513665777776,-2.06887779425091
1542,18151,"s15","m0",0.0679550720482016,-0.448132537925837,-0.759313817014355,-1.49539222893386
1543,18193,"s15","m0",0.0587940249793759,-0.500737753538106,-0.50748194579789,-1.90544971721429
1544,18195,"s15","m0",0.0486817289078981,-0.564348497599515,-0.562261663954992,-1.06363388503567
1545,18198,"s15","m0",0.0889811111553568,-0.431815269831528,-0.585551306073054,-2.49182023138532
1546,18199,"s15","m0",0.0846707853152234,-0.38821504846704,-0.467269208739936,-1.85951055579036
1547,18207,"s15","m0",0.0496808308660572,-0.498813774759703,-0.603015955548922,-2.34425045144422
1548,18211,"s15","m0",0.0809493963580362,-0.377240329617068,-0.582401395544357,-2.10955901294387
1549,18224,"s15","m0",0.0713139483097372,-0.531994291819162,-0.611741944182208,-2.99458363435792
1550,18234,"s15","m0",0.0805926239539654,-0.52810392381298,-0.749233349914925,-1.59576534837136
1551,18250,"s15","m0",0.0521353538220352,-0.41696142646847,-0.754568255546431,-2.02392476570038
1552,18254,"s15","m0",0.129891025790771,-0.264694973134454,-0.462366191809094,-1.86842441027515
1553,18269,"s15","m0",0.0131139005886514,-0.557309685572338,-0.61828241727148,-1.75061119216989
1554,18294,"s15","m0",0.125733361293273,-0.41523479445291,-0.540699591482505,-3.16459472735408
1555,18305,"s15","m0",0.0707298214730371,-0.428972153470948,-0.598179353262681,-1.68294185022756
1556,18313,"s15","m0",0.0721656187172794,-0.30896331758437,-0.574036132363002,-2.44192578121622
1557,18314,"s15","m0",0.0979162938053117,-0.410150984237661,-0.650078960952748,-1.96770395400969
1558,18333,"s15","m0",0.0517050736625805,-0.470896939829658,-0.495983336099326,-2.81041489644988
1559,18368,"s15","m0",0.0374917011782894,-0.596382114074477,-0.598161643897844,-1.81030762324412
1560,18396,"s15","m0",0.0830222342663909,-0.555944311384828,-0.66217924757312,-2.14375740658094
1561,18415,"s15","m0",0.0420160858425202,-0.495089546688999,-0.663370354881491,-1.85023017532515
1562,18430,"s15","m0",0.0578845856350931,-0.457896012208529,-1.06807461291194,-2.31587705579901
1563,18437,"s15","m0",0.0936097287144636,-0.406592600254359,-0.648909938796438,-2.6584711020166
1564,18476,"s15","m0",0.0552648002768723,-0.49405007424518,-0.831869584709032,-2.02720202941024
1565,18493,"s15","m0",0.011963556454993,-0.508053149876975,-0.784213154391063,-1.30936651920316
1566,18501,"s15","m0",0.00889170481572654,-0.363261098798115,-0.710347289167356,-1.70232499314538
1567,18519,"s15","m0",0.044154488873065,-0.444877959003791,-0.673052891377549,-1.80294133614848
1568,18530,"s15","m0",0.0527282560418156,-0.489217579515372,-0.460437876341561,-2.29012489844661
1569,18533,"s15","m0",0.00948401261448575,-0.69122040077576,-0.801949545166499,-1.13009043345028
1570,18546,"s15","m0",0.106474338656124,-0.289731119050356,-0.609235605223152,-2.12179395535266
1571,18577,"s15","m0",0.0475940122325176,-0.413309612750656,-0.544408742868237,-1.68307611795292
1572,18578,"s15","m0",0.0596297781473436,-0.425557781280013,-0.739712884519981,-1.87992500542376
1573,18616,"s15","m0",0.0271612946880363,-0.534674089533789,-0.624864129714095,-1.42904130966505
1574,18629,"s15","m0",0.0354628920921455,-0.655284654672801,-0.713266089847248,-1.15074261301335
1575,18647,"s15","m0",0.0849985514653196,-0.401533356041691,-0.62527513345092,-1.80574889241574
1576,18650,"s15","m0",0.0811611139265288,-0.48014694247609,-0.427604620570936,-2.26833918509195
1577,18656,"s15","m0",0.113673600950784,-0.355300381349547,-0.415150321295876,-2.3273817064227
1578,18667,"s15","m0",0.0580487273690783,-0.465504156937333,-0.727221490702678,-2.76049295174351
1579,18668,"s15","m0",0.0236478602290104,-0.526074387715556,-0.738981552518133,-1.26002342266512
1580,18672,"s15","m0",0.102073059497942,-0.561081310559604,-0.506750695490837,-2.77472749200566
1581,18674,"s15","m0",0.0979754820624823,-0.425312270252775,-0.618875841436359,-2.0776621530368
1582,18718,"s15","m0",0.0569984293290488,-0.458022776448426,-0.695445506012243,-1.15794368773045
1583,18726,"s15","m0",0.0495721423624559,-0.485170549607887,-0.568539501013797,-1.8368142117191
1584,18762,"s15","m0",0.0946080673188177,-0.29862845371437,-0.465177985753082,-1.64751595422596
1585,18771,"s15","m0",0.0357408409813936,-0.574449419087011,-0.778700681159476,-1.99929314290495
1586,18825,"s15","m0",-0.018561998306303,-0.640137082520832,-0.649148541638594,-0.617178321858721
1587,18836,"s15","m0",0.0184257987859025,-0.524544184697869,-0.730859685311443,-2.00288105400123
1588,18863,"s15","m0",0.0851784836723581,-0.621423631487144,-0.690609094389325,-2.15543276323758
1589,18865,"s15","m0",0.0252849057199761,-0.559108272910254,-0.696626750251007,-1.5725367596969
1590,18867,"s15","m0",0.063167844845725,-0.472057152820655,-0.610941919208657,-1.26022928688467
1591,18894,"s15","m0",0.0111686092202633,-0.560201861932221,-0.565948809473124,-0.852718131063761
1592,18923,"s15","m0",0.0986140711389391,-0.35009559615524,-0.627573466619549,-2.22798908681029
1593,18926,"s15","m0",0.0697467955078792,-0.356612564228979,-0.610273841562812,-1.68666161802021
1594,18939,"s15","m0",0.0437183925995049,-0.570450983577562,-0.783067037751375,-1.26256331525135
1595,18947,"s15","m0",0.0612437596642779,-0.431505952490024,-0.523945025307346,-1.61642203814486
1596,18951,"s15","m0",0.00189300931020053,-0.878670478974042,-0.637700383516464,-1.9194703197146
1597,18955,"s15","m0",-0.0215037242625505,-0.499677971393261,-0.866045193789871,-0.94962366256344
1598,18956,"s15","m0",0.0512931473873919,-0.39711296253319,-0.637489549172274,-2.34382390799483
1599,18958,"s15","m0",0.0388475013405159,-0.415500589505551,-0.57408930712034,-1.80671590223657
1600,18978,"s15","m0",0.0622839518458432,-0.390591520756387,-0.650764992651652,-1.85524007254699
1601,18983,"s15","m0",0.0331784285118988,-0.399811456609392,-0.611695158066204,-2.02693780922632
1602,18987,"s15","m0",0.0135472266484937,-0.591721870118828,-0.929120595916386,-1.33821807636209
1603,19009,"s15","m0",0.0752871913468919,-0.490788278739356,-0.671805660559615,-1.79576727823086
1604,19017,"s15","m0",0.0808555559444492,-0.433780868377179,-0.806257604865701,-1.42849951541976
1605,19022,"s15","m0",0.00520899138475725,-0.476059588732498,-0.58787968311291,-0.707342889159052
1606,19069,"s15","m0",0.0279883271512467,-0.364530009905217,-0.832147767492486,-1.71753836671981
1607,19072,"s15","m0",0.0660458921704017,-0.440091622891901,-0.779931055988214,-2.03220832672123
1608,19073,"s15","m0",0.104323237751497,-0.35097630373264,-0.458045463969632,-2.0430126832395
1609,19075,"s15","m0",0.099548869207797,-0.596538165516781,-0.638955974646834,-2.19499868674721
1610,19103,"s15","m0",0.0236446255407733,-0.513267332361311,-0.745371427750865,-2.48299686884811
1611,19107,"s15","m0",0.0352855075998369,-0.497423488639271,-0.872654284985301,-1.73568267926961
1612,19119,"s15","m0",0.0647497009947028,-0.471234289387433,-0.709995834033988,-1.90215895375941
1613,19120,"s15","m0",0.0542166750146799,-0.51927912442921,-0.48409504994458,-2.17747614034438
1614,19124,"s15","m0",0.011410062556262,-0.563989008595556,-0.786655376256037,-2.19922402249598
1615,19138,"s15","m0",-0.00179576665551309,-0.525343605336584,-0.788372813272825,-1.30250212091741
1616,19140,"s15","m0",0.0546235179974209,-0.388169300862578,-0.674139919294539,-1.75652696739685
1617,19156,"s15","m0",0.0528863808657956,-0.630794605204079,-0.585607046872055,-1.26965092952684
1618,19159,"s15","m0",0.169041813373748,-0.23905317757221,-0.424787304616146,-3.00269186206019
1619,19176,"s15","m0",0.0919122560076658,-0.315891460525287,-0.606361332894248,-2.32526342113299
1620,19186,"s15","m0",0.0779727578850174,-0.460090808263661,-0.731335651131089,-3.21145238108531
1621,19210,"s15","m0",-0.00692857815030322,-0.747887219612742,-0.583764512417062,-1.25340812807384
1622,19219,"s15","m0",0.108352175779126,-0.375928184547138,-0.579322057825332,-1.98668499796256
1623,19224,"s15","m0",0.0250055830841167,-0.460927226598751,-0.869876153357411,-0.707658091247621
1624,19256,"s15","m0",0.0899021581242057,-0.302195918096427,-0.637097713035044,-2.19091683069264
1625,19259,"s15","m0",0.0551436332224991,-0.354309160748748,-0.91240372967472,-1.85497950049216
1626,19276,"s15","m0",-0.00162252703116818,-0.547600704444865,-0.678619899839277,-1.61541385480212
1627,19285,"s15","m0",-0.0122900855476593,-0.570825865261064,-0.626983524376174,-1.19984823415664
1628,19288,"s15","m0",0.0784988594183953,-0.380100261088477,-0.525202369063811,-1.99831408739112
1629,19294,"s15","m0",0.0840300942960835,-0.402326228593049,-0.463526261037987,-2.69680984467767
1630,19296,"s15","m0",0.0439810725773145,-0.438124783768785,-0.687426858466797,-2.05760570422839
1631,19306,"s15","m0",-0.0103947445257014,-0.566019924459767,-0.941026409524715,-1.4377281875209
1632,19309,"s15","m0",0.046047303311845,-0.371635483069621,-0.696533403907085,-1.37491614246111
1633,19312,"s15","m0",0.0144615687792093,-0.416865494258233,-0.646922557453301,-0.952283313296281
1634,19319,"s15","m0",-9.81496130910949e-05,-0.75212874942781,-0.670353225159807,-0.940934826761655
1635,19322,"s15","m0",-0.00654215718224161,-0.687315356284886,-0.902621662435416,-0.560635658460164
1636,19326,"s15","m0",0.0802465238128249,-0.426411609445511,-0.54270593433779,-2.16065640181301
1637,19331,"s15","m0",0.0412804164252164,-0.670397674292912,-0.585555460803006,-1.66028231614814
1638,19343,"s15","m0",0.0475647626937169,-0.6918615698258,-0.740072882974187,-1.83193320088149
1639,19368,"s15","m0",0.0120394168353008,-0.629118604852253,-0.749789213712395,-1.06703453731653
1640,19384,"s15","m0",0.0297028202639893,-0.474932824403211,-0.734565841509699,-1.2245542172886
1641,19391,"s15","m0",0.0770057117157613,-0.379813062413888,-0.833869891276502,-1.88559002727018
1642,19394,"s15","m0",0.0833797699062689,-0.518423261812439,-0.56588715735825,-1.69688515674839
1643,19397,"s15","m0",0.0304804349935448,-0.571772133485058,-0.79502416764398,-1.62417096056439
1644,19405,"s15","m0",-0.00843583824269793,-0.407428304757078,-0.612445532731475,-1.25560866276546
1645,19413,"s15","m0",0.0291781977919319,-0.45311856161389,-0.696580700724878,-2.47198597180253
1646,19467,"s15","m0",0.096358816919988,-0.462362105128558,-0.714099881057592,-2.45335510147855
1647,19474,"s15","m0",0.0613267110129561,-0.347295360152245,-0.469143242052295,-1.45488387254204
1648,19481,"s15","m0",0.0201335435221461,-0.438364171978115,-0.682409246815746,-1.88130229698341
1649,19485,"s15","m0",0.0629940298191372,-0.324215063952195,-0.674942196330185,-1.99161252708176
1650,19512,"s15","m0",0.104099465001258,-0.384792461939167,-0.621208564382438,-2.04969364391484
1651,19520,"s15","m0",0.0871370820261699,-0.494199484591435,-0.550936183172593,-1.13161327122045
1652,19551,"s15","m0",0.0432634766497899,-0.406282293898591,-0.726645981530552,-1.49804191053125
1653,19554,"s15","m0",0.0639766688206619,-0.559946773655615,-0.520646382661377,-1.53533745183701
1654,19556,"s15","m0",0.0886988872225001,-0.460756612702661,-0.806976385211909,-1.49959992398194
1655,19569,"s15","m0",0.069204839536433,-0.354853056477212,-0.619504614009624,-2.92245493918423
1656,19586,"s15","m0",0.0587658919043812,-0.414554921339528,-0.433038418310374,-1.62709281170482
1657,19587,"s15","m0",0.0411721541504983,-0.391519526173555,-0.841325838700282,-1.43998929012627
1658,19595,"s15","m0",0.0320673288682667,-0.421132288465885,-0.760842789018198,-1.9730929468742
1659,19616,"s15","m0",0.00370038638679619,-0.639113018672069,-0.891949849033989,-1.1080799381495
1660,19632,"s15","m0",0.031078604620738,-0.620138996711646,-0.517777668023194,-1.43112313424473
1661,19644,"s15","m0",-0.0545436876986197,-0.877110648278883,-0.823007767511671,-1.07794455335615
1662,19664,"s15","m0",0.0225030850663461,-0.520212343214001,-0.79894725601505,-1.86505006032053
1663,19671,"s15","m0",0.0721839951049933,-0.381443171903357,-0.761773525111229,-1.20757167619248
1664,19679,"s15","m0",0.0440885789524682,-0.505375276598258,-0.459256558422536,-1.56558265948846
1665,19684,"s15","m0",0.0440195124347739,-0.476836341310047,-0.750468594075197,-1.8035136165265
1666,19688,"s15","m0",-0.0104860556038357,-0.527745041868045,-0.744271451396464,-0.664946112511583
1667,19721,"s15","m0",0.0558257779907989,-0.692001016209225,-0.768480026016236,-1.41549968492166
1668,19736,"s15","m0",0.075333943425309,-0.234983972250813,-0.457864022218077,-1.71372009887745
1669,19746,"s15","m0",0.0427719131340546,-0.339112250719434,-0.70687750682586,-1.15852281784067
1670,19752,"s15","m0",0.0485275299149666,-0.525965394119279,-0.818862872428984,-1.59961902541777
1671,19753,"s15","m0",0.0868205577399936,-0.345893390217026,-0.474121871109606,-0.999750000132065
1672,19766,"s15","m0",0.0809043670541551,-0.574338749286782,-0.578772127322378,-1.96222056665897
1673,19798,"s15","m0",0.0162812341982574,-0.643166522952337,-0.504446131550963,-1.25201274754103
1674,19806,"s15","m0",0.0977413601818328,-0.2967966030805,-0.612461087535814,-2.70631029541203
1675,19814,"s15","m0",0.080680526209054,-0.379839695257148,-0.588417474461522,-1.82542812643351
1676,19831,"s15","m0",0.000605084470582118,-0.465315807401873,-0.923791302896192,-1.05213032083826
1677,19847,"s15","m0",0.0826086596282015,-0.369643089131963,-0.747436687742939,-2.90910282281031
1678,19869,"s15","m0",0.0476634315751549,-0.614808464986298,-0.592631376584778,-1.19216131077755
1679,19871,"s15","m0",0.0485085848130091,-0.499858938802407,-0.70736034471901,-1.06541392582416
1680,19878,"s15","m0",0.0583109421408504,-0.390971040250992,-0.514495898215396,-2.43144199493524
1681,19886,"s15","m0",0.0322713398546411,-0.396183593744692,-0.6906173856242,-2.33857285713469
1682,19887,"s15","m0",0.0303836381804823,-0.4140924620138,-0.807143082151868,-1.54384260588935
1683,19892,"s15","m0",0.075571058692669,-0.426417879383541,-0.429002109582839,-1.47851249362968
1684,19896,"s15","m0",0.025672196566684,-0.414159549694485,-0.689341657167511,-0.970923068954746
1685,19897,"s15","m0",0.0711849497937643,-0.528880704363801,-0.606506293051514,-1.94421818624918
1686,19910,"s15","m0",0.0524196989629496,-0.558877939241877,-0.667024179498116,-2.60309392049011
1687,19913,"s15","m0",0.0482703133687015,-0.34263288706442,-0.624607273398765,-1.74546067973995
1688,19916,"s15","m0",-0.0115689417195535,-0.668259316942045,-0.755676399626382,-1.16655869161047
1689,19918,"s15","m0",0.0229928240784383,-0.452377582437058,-0.772885581370745,-1.74308709785208
1690,19921,"s15","m0",0.0776085640926652,-0.297104725481901,-0.717960383367236,-1.63078312540259
1691,19934,"s15","m0",0.0353690816847253,-0.323629834125807,-0.611842126316911,-1.88646247720499
1692,19936,"s15","m0",0.0323274240621722,-0.365633106758387,-0.924797722530903,-1.2221569921673
1693,19945,"s15","m0",0.0102288040641431,-0.473841485072846,-0.795015621153964,-1.42978347502426
1694,19962,"s15","m0",0.0591821916957154,-0.53694954177609,-0.687833684399552,-1.43948724026145
1695,19972,"s15","m0",0.0612298761770125,-0.414080003540303,-0.598531009127816,-1.15254772511506
1696,19996,"s15","m0",0.0676370958036099,-0.572956630011259,-0.551320046410061,-1.49955719218845
1697,20013,"s15","m0",0.0696113673828649,-0.507554413385881,-0.697737022263266,-2.66869958628188
1698,20023,"s15","m0",0.0478188187525099,-0.382459469954188,-0.513407336664738,-1.70943394776787
1699,20026,"s15","m0",0.064660434834071,-0.525568697149743,-0.550196632787351,-1.84684383207799
1700,20029,"s15","m0",-0.0145852698130143,-0.66364682260549,-0.633423313030593,-1.09257117764346
1701,20034,"s15","m0",0.0829717415759722,-0.307380085056321,-0.462167067743558,-2.06863450875476
1702,20036,"s15","m0",0.0411214406854997,-0.38117282905571,-0.689584999652832,-1.83565249438682
1703,20080,"s15","m0",0.0138823046539633,-0.545548047667242,-0.670557222583731,-1.27358036489638
1704,20087,"s15","m0",0.0627610720016053,-0.415516469763045,-0.758787569665913,-2.28594896266324
1705,20090,"s15","m0",-0.000902210511053558,-0.437611587949212,-0.802437010762153,-1.27039284872336
1706,20103,"s15","m0",-0.0361522971217849,-0.70933804894617,-0.904521706014383,-0.68761623265154
1707,20108,"s15","m0",0.047964383449525,-0.295715540212256,-0.708607457422767,-2.20035539850573
1708,20113,"s15","m0",0.0675340077289339,-0.544414361890835,-0.47601139656275,-3.13834941268008
1709,20116,"s15","m0",0.0374501377671515,-0.578536715931861,-0.546577755387069,-1.64672369316682
1710,20156,"s15","m0",0.0665809462994359,-0.417047037183523,-0.486077230273178,-1.58846278829534
1711,20161,"s15","m0",0.0389090343121871,-0.527009028389388,-0.930874442792943,-1.26156005860647
1712,20166,"s15","m0",0.0942122303557962,-0.311745573206603,-0.491217304826929,-1.80288763045483
1713,20214,"s15","m0",0.00522935689385728,-0.496250173011113,-0.711383139682592,-1.34072218382945
1714,20237,"s15","m0",0.0838110651757778,-0.491328944561168,-0.852681188085088,-2.07336590711433
1715,20239,"s15","m0",0.0400203775745163,-0.481864342920107,-0.539488728044622,-1.37088187394286
1716,20241,"s15","m0",0.0650023958940177,-0.476950624046995,-0.612563154371522,-3.40156926285672
1717,20245,"s15","m0",0.0881423983325427,-0.496626347886902,-0.617044099123837,-2.92599345948212
1718,20272,"s15","m0",0.146115232573523,-0.33471702444625,-0.449464856482745,-2.15336090783694
1719,20287,"s15","m0",0.10138066272411,-0.429961329309056,-0.521309923214177,-2.09964238604808
1720,20290,"s15","m0",0.0731580076040969,-0.404671342656143,-0.645642676620056,-1.58585156108763
1721,20294,"s15","m0",0.0264370380530947,-0.491595445495902,-0.824930450769444,-1.41787658132701
1722,20300,"s15","m0",0.0706197749594953,-0.376658180335486,-0.725064176571328,-2.48718996103235
1723,20325,"s15","m0",0.0579894071021201,-0.333322953727521,-0.602377197772726,-1.75461004144453
1724,20331,"s15","m0",0.0665744896986888,-0.278979977603324,-0.698969261343256,-2.00425089189167
1725,20351,"s15","m0",0.0848053593823172,-0.485916648283685,-0.531684214597643,-1.31374779085037
1726,20360,"s15","m0",0.0243144191657045,-0.540334395100815,-0.798106875606235,-1.6467478352845
1727,20362,"s15","m0",0.120240097018766,-0.442423245428716,-0.599536676881107,-2.59830921580576
1728,20370,"s15","m0",0.0914475543771249,-0.465772579879928,-0.622271753278898,-1.98425834082099
1729,20387,"s15","m0",0.0116552201460465,-0.512217442258025,-0.565300368994976,-1.17443344686426
1730,20388,"s15","m0",0.062570871230192,-0.545098429103805,-0.621340331227336,-2.03818292988979
1731,20428,"s15","m0",0.0918188588968529,-0.393516213571986,-0.570011194720164,-1.95041830264589
1732,20444,"s15","m0",0.0638251967723447,-0.567730235702986,-0.717330293905313,-0.886574400084216
1733,20448,"s15","m0",-0.00374632543162307,-0.614119368806807,-0.868133511960395,-1.48145799689741
1734,20451,"s15","m0",0.109957357139231,-0.367293143669636,-0.61746952249143,-1.82029590061609
1735,20472,"s15","m0",0.0467345171060029,-0.484679366456345,-0.677262409300941,-1.65125870951749
1736,20486,"s15","m0",0.00251096496110816,-0.544896984437697,-0.645652954322413,-0.796259903503007
1737,20490,"s15","m0",0.0606652215580008,-0.444856510670792,-0.700973970335918,-1.43407808968516
1738,20508,"s15","m0",0.0510252699358348,-0.542190798505087,-0.558753835759236,-2.22055194962882
1739,20511,"s15","m0",0.0775379918405642,-0.329034131999808,-0.541961621930525,-1.53282857323909
1740,20513,"s15","m0",0.011470012369835,-0.554585167714236,-0.855637294460245,-1.51354564237813
1741,20514,"s15","m0",0.0390382317313836,-0.67851804554668,-0.615579314369503,-2.33074868035688
1742,20533,"s15","m0",0.0952255994898581,-0.564161300357214,-0.442179341762287,-1.69506128637498
1743,20556,"s15","m0",0.0656782975230195,-0.402063522293799,-0.656059894217428,-1.83334196511543
1744,20562,"s15","m0",-0.00711190888387254,-0.505599488119498,-0.816909581974281,-1.45705650078025
1745,20568,"s15","m0",0.0412948776459547,-0.526708920888536,-0.694315924364935,-2.10421300354525
1746,20600,"s15","m0",0.0600708571662108,-0.3554742717621,-0.574850923394366,-2.33714452336514
1747,20609,"s15","m0",0.0735822653328336,-0.438873383408138,-0.699319862981144,-1.95297587214604
1748,20618,"s15","m0",0.0756996753873683,-0.421370376597931,-0.72275111015474,-1.89045327915242
1749,20625,"s15","m0",0.0807961729079785,-0.261616387529539,-0.487366333999692,-1.49353740126538
1750,20657,"s15","m0",-0.02971171996745,-0.554762341271884,-0.589455682258298,-1.15314289834066
1751,20682,"s15","m0",0.101924392248576,-0.428401000381473,-0.516383221314223,-1.96536433660045
1752,20716,"s15","m0",-0.0274146724023777,-0.625008481415292,-0.802791689823093,-0.917782963060928
1753,20719,"s15","m0",0.0538147623595975,-0.509870043854437,-0.84620929181922,-1.66226123524142
1754,20723,"s15","m0",0.0614447732950077,-0.432138155627923,-0.724557902641362,-1.87064308564615
1755,20746,"s15","m0",0.0561998257019605,-0.628073670313388,-0.802293006063706,-1.50134614073495
1756,20750,"s15","m0",0.0738748974491648,-0.377511627879358,-0.589728392631765,-2.34678792119283
1757,20753,"s15","m0",0.0861272179437534,-0.295685631452579,-0.634265712050618,-2.2708333649492
1758,20763,"s15","m0",0.0538643338234154,-0.600795562517732,-0.613530416737106,-1.98416488667992
1759,20768,"s15","m0",0.102971473086001,-0.423973179488747,-0.609520141346696,-2.86654693189128
1760,20790,"s15","m0",-0.0314192688343689,-0.678771915718736,-0.716573896358033,-0.559628478366506
1761,20811,"s15","m0",0.076583128749705,-0.279953519268838,-0.416545068183701,-2.37280309239363
1762,20821,"s15","m0",0.0209908524584265,-0.407982530915616,-0.87997439807688,-1.48472979719387
1763,20823,"s15","m0",0.0869219279853677,-0.513179328941467,-0.683901109894591,-3.07568306003479
1764,20828,"s15","m0",0.0187750272765354,-0.454628241780375,-0.83257273916106,-1.31888907326015
1765,20831,"s15","m0",0.0673654642454107,-0.49618215912731,-0.658517234662826,-2.49420974519855
1766,20852,"s15","m0",0.0734604449087012,-0.472204131136443,-0.510093888136063,-2.48973900731372
1767,20883,"s15","m0",0.0998673141074516,-0.357101792724256,-0.538149261105931,-2.43831705545926
1768,20886,"s15","m0",0.0551426538010213,-0.55715727360619,-0.725869785326269,-2.26388200639732
1769,20891,"s15","m0",0.0911317943243036,-0.283316551496586,-0.49055580944376,-1.26269173996716
1770,20905,"s15","m0",0.0546006975140487,-0.447728038172485,-0.72194294044556,-1.34679710352817
1771,20910,"s15","m0",0.100476279439627,-0.383165798091508,-0.706323450598952,-2.67052792898356
1772,20912,"s15","m0",0.118688740047123,-0.358853631474712,-0.549882817283713,-2.55698887722809
1773,20928,"s15","m0",0.0808327782369698,-0.348373629622949,-0.689640509627286,-1.87856884071393
1774,20946,"s15","m0",0.122081383179956,-0.327668295989393,-0.511393688257014,-1.89947558872989
1775,20956,"s15","m0",0.0801152615372319,-0.462453129068709,-0.46520083298836,-2.61072756288892
1776,20967,"s15","m0",0.0705137340356443,-0.413512006313443,-0.528967957657758,-3.1387877841784
1777,20973,"s15","m0",0.00589122086129755,-0.516220168643921,-0.622489589900755,-1.09165347029211
1778,20981,"s15","m0",0.029948730747123,-0.556914863546981,-0.682901947610744,-1.35013260715142
1779,20996,"s15","m0",0.0426338431937886,-0.439123157986685,-0.763870161212916,-1.62236247387557
1780,20997,"s15","m0",0.0781250728121735,-0.371357511649791,-0.654930961334455,-1.65905189405964
1781,21012,"s15","m0",0.0156767183925653,-0.533415707653008,-0.570121794557769,-1.31708352113329
1782,21013,"s15","m0",0.0513514077822039,-0.508408628952442,-0.932155094573125,-2.14812400882825
1783,21016,"s15","m0",0.0293553878081153,-0.427578456434001,-0.565275997304461,-1.81749556356526
1784,21033,"s15","m0",0.0256825299653051,-0.336469687465168,-0.716613286999872,-1.25649686220523
1785,21054,"s15","m0",0.0416499720785776,-0.300262844795017,-0.790515812926419,-1.95193250127201
1786,21073,"s15","m0",0.0166751237226785,-0.470521269702143,-0.607157974709969,-1.85821377070343
1787,21080,"s15","m0",0.0506452597050232,-0.257853234645888,-0.822332397126902,-2.38081792270568
1788,21086,"s15","m0",0.0591349146206088,-0.59333647651198,-0.65113656599563,-1.24585086084113
1789,21095,"s15","m0",0.110735547477134,-0.180097186800167,-0.573294857570173,-1.47784654755778
1790,21100,"s15","m0",0.0151347632386691,-0.551211619214987,-0.82649383293357,-2.27916732431199
1791,21106,"s15","m0",0.0488263910457037,-0.417221136565715,-0.724021181951767,-1.79167514201023
1792,21119,"s15","m0",0.0638401974308482,-0.303593927692752,-0.571385452831107,-1.34421689048049
1793,21141,"s15","m0",0.0662938031257657,-0.40369415668366,-0.602681118618599,-2.4546422619783
1794,21155,"s15","m0",0.11906501186736,-0.422072223515036,-0.514159209407066,-2.19121977333892
1795,21161,"s15","m0",0.106344599421764,-0.354812380810399,-0.404881784466811,-1.91521147453343
1796,21167,"s15","m0",0.0778332419822568,-0.379512879941,-0.556119191095042,-2.13168939508983
1797,21169,"s15","m0",0.0859168603251371,-0.479304538971007,-0.526041048953913,-2.4322619697934
1798,21172,"s15","m0",0.0741166131313522,-0.467379951255622,-0.609971111507237,-2.0514697386014
1799,21187,"s15","m0",0.118489714881779,-0.283648826588295,-0.305965120223959,-1.64441321506191
1800,21193,"s15","m0",0.0780490218193459,-0.681852816470846,-0.556755168642951,-2.72952387838758
1801,21197,"s15","m0",0.0950887599416242,-0.362132350240611,-0.488089403988037,-2.01135479207617
1802,21206,"s15","m0",0.0853179236221009,-0.397015368994247,-0.636123367406865,-1.61338923322179
1803,21209,"s15","m0",0.0126393445574377,-0.607304709236402,-0.610958272413169,-1.44133718599813
1804,21213,"s15","m0",0.0852304332387169,-0.307705179366619,-0.726466800883215,-2.58428686768631
1805,21216,"s15","m0",0.0812707418922471,-0.472445998372889,-0.469356437937944,-3.14555188618011
1806,21225,"s15","m0",0.0306725796888452,-0.634284350557558,-0.927794288995864,-1.62132190806925
1807,21227,"s15","m0",0.101070393902702,-0.365350044001992,-0.57975173436673,-2.0462571151481
1808,21228,"s15","m0",0.0365224814411852,-0.510067076424081,-0.71738628011919,-2.59698280384596
1809,21250,"s15","m0",0.0540710867337778,-0.71573828971913,-0.665911156984287,-1.62701730399949
1810,21267,"s15","m0",0.0385519704061587,-0.503260790488744,-0.643489098754894,-1.36607821096884
1811,21286,"s15","m0",-0.0271551016203586,-0.493657666382604,-1.03478441270286,-0.936786144487506
1812,21292,"s15","m0",0.111195769704804,-0.446774203629804,-0.614801181271329,-2.50498213744265
1813,21293,"s15","m0",0.0558265431922369,-0.548884590195276,-0.721560072361622,-1.55095660740183
1814,21297,"s15","m0",0.0522804201142774,-0.437826023094045,-0.698279697842406,-2.07158223612956
1815,21361,"s15","m0",0.091737992093184,-0.59534418709863,-0.440022335311303,-2.39628260937554
1816,21371,"s15","m0",0.0910394101210716,-0.42297578036022,-0.691463451943465,-1.51412046903657
1817,21378,"s15","m0",0.0510350438278523,-0.422036226053696,-0.54319492581926,-1.16847604853083
1818,21379,"s15","m0",0.0161896403696668,-0.413082886538444,-0.785097705192758,-1.15160824693074
1819,21394,"s15","m0",0.0504256552680151,-0.558880215040708,-0.643332836530705,-1.76962060696323
1820,21400,"s15","m0",0.016977044502621,-0.413370698555496,-0.622868818904261,-1.24334810246124
1821,21452,"s15","m0",0.0800573927704973,-0.623316034752541,-0.421540342305613,-1.5688824843339
1822,21456,"s15","m0",0.0480523959787944,-0.66690099660844,-0.684177392607155,-1.01281721775882
1823,21475,"s15","m0",0.0534776536448187,-0.569667938474668,-0.712982701989042,-1.96236431188702
1824,21519,"s15","m0",0.0393658577886437,-0.257328658665552,-0.624631069185027,-1.11119378106947
1825,21523,"s15","m0",0.0656437571811415,-0.631073913824211,-0.627667546549949,-2.1871249102029
1826,21528,"s15","m0",0.0704097980512226,-0.431072891829233,-0.657550140790439,-1.91480574885915
1827,21531,"s15","m0",0.0421582734289692,-0.465717132060297,-0.757163818688453,-1.33103372605047
1828,21554,"s15","m0",0.0398798982439617,-0.446539710801614,-0.566556555689766,-1.05595014970051
1829,21555,"s15","m0",0.0441485794666514,-0.277763765509318,-0.949262249790762,-1.52372254130068
1830,21563,"s15","m0",0.051697740176518,-0.48202328001081,-0.658820370903552,-1.30913810559104
1831,21567,"s15","m0",0.0562088425891053,-0.360147856693638,-0.842133432544003,-1.72227685749895
1832,21568,"s15","m0",0.106565581342383,-0.31550627605419,-0.45538560727792,-2.76840697144316
1833,21599,"s15","m0",0.0857763402235006,-0.412329077234037,-0.72176687603725,-2.14866005121645
1834,21602,"s15","m0",-0.0229910312893975,-0.544034608268071,-0.802240475294315,-1.03882723599639
1835,21603,"s15","m0",0.0528093313312519,-0.414094518685412,-0.632780440179806,-2.06656427113791
1836,21612,"s15","m0",0.0635235661730418,-0.459638262286445,-0.485198014569113,-1.43000666632761
1837,21629,"s15","m0",0.0285227892652853,-0.339693721906393,-0.791301938336165,-0.811586340615724
1838,21635,"s15","m0",0.116294959426679,-0.335887184390531,-0.587704576926424,-2.33407900421388
1839,21636,"s15","m0",0.0206470728085171,-0.578578923100946,-0.618260224663423,-1.25196840938997
1840,21652,"s15","m0",0.072881473214569,-0.375528040177402,-0.65572738212135,-2.32975594516535
1841,21677,"s15","m0",0.0708765603305995,-0.72775131399132,-0.804530917100822,-1.95958146077583
1842,21682,"s15","m0",0.0549868766987162,-0.454537052531492,-0.735376386404869,-2.01129844903659
1843,21715,"s15","m0",0.0132143345974253,-0.57460097672328,-0.555153258593865,-1.86655822109258
1844,21726,"s15","m0",0.0698051632373307,-0.46234976883204,-0.805056698642713,-1.59979030085122
1845,21733,"s15","m0",0.0471629498143416,-0.41710371755045,-0.651686949477442,-2.22108991595844
1846,21749,"s15","m0",-0.0176425501418923,-0.495090393616366,-0.838159368859833,-1.32390968138854
1847,21767,"s15","m0",0.0177382904120452,-0.51063147720264,-0.812343239032193,-1.1922825375054
1848,21771,"s15","m0",0.0524568197086936,-0.433426632783056,-0.612469754802298,-1.57952507772338
1849,21775,"s15","m0",0.04209019956985,-0.611829516812046,-0.652163826568214,-1.35068906631995
1850,21781,"s15","m0",0.130720736329347,-0.324263464702234,-0.671825339291319,-2.90348642762854
1851,21788,"s15","m0",0.0441453758416272,-0.318321516757098,-0.582429739957102,-1.1160358775629
1852,21790,"s15","m0",0.0405323627058227,-0.41179819087811,-0.746450910866471,-1.29774144220272
1853,21809,"s15","m0",0.0289496103479108,-0.591071540907762,-0.851207980267057,-0.6899597681913
1854,21811,"s15","m0",0.0543715061112825,-0.399749026190683,-0.570117893207478,-1.74777192814796
1855,21821,"s15","m0",0.0647067427140568,-0.451043676704663,-0.680240618366177,-2.3524493951087
1856,21824,"s15","m0",0.0358139913163128,-0.530841321776306,-0.764449753533329,-1.75853627092721
1857,21853,"s15","m0",0.0305616363014001,-0.424010213343228,-0.515088238928371,-1.35402786968073
1858,21854,"s15","m0",0.00675305356941548,-0.586299907370926,-0.766536610951845,-1.63266596198728
1859,21858,"s15","m0",0.0197871766606279,-0.669449435710808,-0.723735056328156,-1.15990851755242
1860,21866,"s15","m0",0.00900702790759092,-0.433830585088864,-0.589785591999721,-1.99136518607063
1861,21875,"s15","m0",-0.0125560595865796,-0.438089568938822,-0.576384485413439,-1.25295784114044
1862,21894,"s15","m0",0.0789427710615023,-0.255205994081902,-0.540336771184083,-1.98102332514264
1863,21897,"s15","m0",0.0453617925438804,-0.580151073621951,-0.861283673323316,-2.08512603848852
1864,21901,"s15","m0",0.13479851990573,-0.257245390855309,-0.643560818965033,-2.95919683363307
1865,21903,"s15","m0",0.0835412453689598,-0.225934604220806,-0.611560683056317,-1.64939795548062
1866,21917,"s15","m0",-0.00527656820195852,-0.612070424020226,-0.778228401131861,-1.01335070836299
1867,21923,"s15","m0",0.0774488144041141,-0.169798250009716,-0.66979053030875,-1.6362813911687
1868,21927,"s15","m0",0.0298048318562062,-0.452503493517146,-0.72701112439525,-1.50937281550995
1869,21928,"s15","m0",0.0153932233148614,-0.574525044526737,-0.77767724152518,-1.42340547896939
1870,21938,"s15","m0",0.034349706241108,-0.483983530372138,-0.5564161108606,-1.01307368217496
1871,21950,"s15","m0",0.0179963926271141,-0.533451962566443,-0.665235544000549,-1.68825873782669
1872,21957,"s15","m0",0.00449518377389092,-0.504611156396966,-0.787751356541215,-1.81861314488524
1873,21973,"s15","m0",0.00488136643873991,-0.704593728114859,-0.781981540299778,-1.51030567605609
1874,21978,"s15","m0",-0.0452010612652334,-0.583244193147207,-1.00929649171648,-0.53986235959731
1875,21988,"s15","m0",0.0385865477645542,-0.434120130016364,-0.61140256110492,-1.71879927592965
1876,22014,"s15","m0",0.0650790130098653,-0.542371710142178,-0.623802466166815,-1.94871434533892
1877,22031,"s15","m0",0.0154975994588987,-0.743300014162865,-0.860784998257793,-1.08432078825836
1878,22038,"s15","m0",0.0653749733950944,-0.350509732454831,-0.478322376256683,-2.23450796051386
1879,22047,"s15","m0",0.0542613590720843,-0.559014097266166,-0.704816216422913,-2.37307030953859
1880,22050,"s15","m0",0.090448011353081,-0.533911923903021,-0.811084000378131,-2.11758045220382
1881,22055,"s15","m0",0.0976168414497046,-0.34630922554022,-0.512090241127184,-1.74835179557467
1882,22075,"s15","m0",0.0271300381201762,-0.585307756007914,-0.547261399816161,-1.06044356219622
1883,22095,"s15","m0",0.0448519089001901,-0.509416304246501,-0.83979625702914,-0.892122144709102
1884,22162,"s15","m0",0.0749174297452924,-0.411210805861739,-0.857148427411434,-2.18069242671504
1885,22183,"s15","m0",-0.0316952161046227,-0.679383718812009,-0.78439918069644,-0.710690630560263
1886,22196,"s15","m0",0.0237116318148317,-0.516430403127108,-0.659552230290431,-1.49997110698217
1887,22199,"s15","m0",0.060767079474294,-0.4042658533368,-0.415305546210045,-0.86380771984025
1888,22201,"s15","m0",0.101140073723243,-0.704134379373753,-0.48459038795797,-1.68309057558425
1889,22213,"s15","m0",0.0232092206474632,-0.546543846980315,-0.704954836527936,-2.06047127154492
1890,22216,"s15","m0",0.0565644600166004,-0.542759907177073,-0.546003660487656,-1.41231856484088
1891,22229,"s15","m0",0.00361870813435583,-0.751437790448454,-0.672338900570603,-1.59398658737795
1892,22233,"s15","m0",-0.0127558620506285,-0.616462094695688,-1.0748932801538,-1.59581382254942
1893,22234,"s15","m0",0.0339469583125436,-0.449449688526941,-0.578867309440291,-1.3016349699734
1894,22238,"s15","m0",-0.00558497072772248,-0.65610158266463,-0.619006199602548,-1.38928463290827
1895,22245,"s15","m0",0.100842045921173,-0.545254834531914,-0.503831764384372,-2.43960387356518
1896,22250,"s15","m0",0.104905662644572,-0.342460243429824,-0.441961777478965,-2.50183850529003
1897,22271,"s15","m0",0.093228884129962,-0.507928409887698,-0.536817083359641,-2.53238923988526
1898,22276,"s15","m0",-0.00178947019718563,-0.562714132917706,-0.824804877053165,-1.21787816637941
1899,22287,"s15","m0",0.0500345043482589,-0.306097896804218,-0.731773955280598,-1.54772626355776
1900,22297,"s15","m0",0.0309630629565229,-0.466062644827951,-0.523194660121157,-0.769588560740585
1901,22304,"s15","m0",0.0848120878131833,-0.336025092460993,-0.608312847063366,-1.65004260636539
1902,22307,"s15","m0",0.0660127079290317,-0.378217606931156,-0.692256902727746,-1.77709810645865
1903,22323,"s15","m0",0.0770230036994456,-0.457987181141834,-0.676748863307262,-1.23808848845878
1904,22331,"s15","m0",0.0941193181984223,-0.340397229623055,-0.515981682909141,-1.21246592491744
1905,22339,"s15","m0",0.0606045446900443,-0.346206782923044,-0.804751869358073,-1.65252026805455
1906,22351,"s15","m0",0.0441455192070835,-0.51258078030328,-0.75900544128703,-1.81864901278268
1907,22372,"s15","m0",0.012680986425513,-0.510631816626137,-0.718311229862798,-0.802932492418705
1908,22375,"s15","m0",0.086360213792564,-0.62187090532422,-0.731078898845158,-1.78341101799699
1909,22379,"s15","m0",0.00502997864802481,-0.515814023589735,-0.898884497846311,-0.978011104283821
1910,22414,"s15","m0",0.0499490810512165,-0.571799257019261,-0.724343156339851,-1.36697016030222
1911,22431,"s15","m0",-0.0155929521397985,-0.434104155050949,-0.701626226252978,-1.45397915420496
1912,22434,"s15","m0",-0.0405169785559877,-0.837215614835147,-0.882820707868931,-1.04387795206169
1913,22439,"s15","m0",0.108466464394841,-0.387779290523288,-0.507412060435654,-1.86247025333873
1914,22452,"s15","m0",-0.0276326236337511,-0.48017923539327,-0.963628302107726,-0.941673804625496
1915,22453,"s15","m0",0.0356491233090216,-0.550883736307827,-0.716974590377256,-1.80894355930798
1916,22475,"s15","m0",0.00837045736220617,-0.390321814668398,-0.656699091993334,-1.55617827857332
1917,22482,"s15","m0",0.0887668532951089,-0.432938390224507,-0.443805514764199,-2.00243621135116
1918,22484,"s15","m0",-0.0297078015977036,-0.45559521083741,-0.800978055876305,-0.472927779067397
1919,22486,"s15","m0",0.0499705029026902,-0.504055995642458,-0.593995317716032,-2.06636445625457
1920,22488,"s15","m0",0.0401933001791671,-0.277994867327338,-0.66320678876005,-1.40462908731792
1921,22494,"s15","m0",0.0131193622922873,-0.323607598333387,-0.434892776069716,-1.10212469641199
1922,22501,"s15","m0",0.0337704155334194,-0.627348435374631,-1.06717330806274,-1.07900535097466
1923,22517,"s15","m0",0.0641657319409426,-0.301515719458696,-0.681041111025432,-2.27094724744737
1924,22519,"s15","m0",0.0582968736038233,-0.499505964360662,-0.7638023930608,-1.339616543084
1925,22561,"s15","m0",0.0392821706537948,-0.639379136584936,-0.856039102306775,-1.6856850226666
1926,22585,"s15","m0",0.11584683267195,-0.492292733631909,-0.671966081632454,-2.16222398533541
1927,22588,"s15","m0",0.113472964495222,-0.352842751503683,-0.400349115260942,-1.8794756929242
1928,22591,"s15","m0",0.0715568438900624,-0.497401846028974,-0.722540652080114,-1.83680875441774
1929,22594,"s15","m0",0.0219695753956657,-0.610285576014457,-0.640747198555109,-0.749644630264315
1930,22606,"s15","m0",0.0706264960933978,-0.450772522924739,-0.595759738676298,-1.92958693771212
1931,22627,"s15","m0",0.0444285286652025,-0.401504103658189,-0.591422963841743,-1.17834906759752
1932,22651,"s15","m0",-0.00913600386371854,-0.446706426598665,-0.659244917829774,-0.896265460609192
1933,22673,"s15","m0",0.0503709579137772,-0.50345569744511,-0.725168910318589,-1.59992366351214
1934,22675,"s15","m0",0.0584985340462236,-0.324383917810884,-0.565208437861162,-1.37757446078166
1935,22676,"s15","m0",0.0248249517161541,-0.38329103494022,-0.597340622398756,-2.13781863962644
1936,22683,"s15","m0",-0.0644872275467786,-0.687554896838295,-1.01314813179412,-0.654204319086412
1937,22707,"s15","m0",-0.0174396347101519,-0.591427263177383,-0.610438781022941,-0.936693410667068
1938,22712,"s15","m0",-0.00817279283711484,-0.882673831840003,-0.661044439902332,-0.851497847336897
1939,22729,"s15","m0",0.0385098758492899,-0.38677530213969,-0.640004011115943,-1.52850717481961
1940,22745,"s15","m0",0.0996575621920726,-0.331240143622529,-0.726182769061222,-2.3730061674495
1941,22755,"s15","m0",-0.0347652117127445,-0.714238516170586,-0.892871562194159,-0.917640395508901
1942,22757,"s15","m0",-0.0264117442467371,-0.521646087831867,-0.714087070930622,-0.46731809203859
1943,22765,"s15","m0",0.00626489601285681,-0.530699298810913,-0.697644780551945,-0.986652798806616
1944,22773,"s15","m0",0.115885532606757,-0.327005339292401,-0.620612230200193,-1.78769027709108
1945,22787,"s15","m0",0.0965972303104837,-0.263804758489169,-0.411229505978846,-3.3723947670564
1946,22821,"s15","m0",0.0857787532925031,-0.53676541614014,-0.675787609960125,-1.71003867620524
1947,22826,"s15","m0",0.0450480427420039,-0.471353477614058,-0.791103264415188,-1.80032639750242
1948,22829,"s15","m0",0.0534945182732795,-0.440781275834128,-0.771890973503983,-2.06309414492536
1949,22845,"s15","m0",-0.0300548744601855,-0.543806968406679,-0.756360640578986,-0.885605568541686
1950,22860,"s15","m0",0.0950991247640321,-0.440595519595727,-0.564736539563428,-1.57020209919394
1951,22869,"s15","m0",0.079027258881731,-0.456691329123801,-0.532468696523186,-1.28045413067117
1952,22875,"s15","m0",0.112013225776852,-0.344041401167397,-0.431280121485809,-2.22926028765559
1953,22940,"s15","m0",0.00583429194871364,-0.68539205966837,-1.1277212494427,-1.23820666676127
1954,22942,"s15","m0",-0.0103924408952974,-0.614444439759627,-0.797054319504867,-2.19832197436316
1955,22971,"s15","m0",0.0394625229870927,-0.317892594150069,-0.664683390027423,-0.74178036782597
1956,22974,"s15","m0",0.0284076033255697,-0.556095682894268,-0.625963674982693,-1.31327342938567
1957,22982,"s15","m0",0.0585086548726437,-0.312825379215475,-0.647022353531679,-1.81867696049124
1958,22987,"s15","m0",0.0700866033421336,-0.461896731484571,-0.599777508692741,-1.50412915082284
1959,22989,"s15","m0",0.020462341525891,-0.587700367720227,-0.756000139419442,-1.85645741007227
1960,23024,"s15","m0",-0.0366825219121727,-0.713377744871943,-0.858052686964444,-1.0064988777147
1961,23032,"s15","m0",0.0164652060251065,-0.555198491253569,-1.03904790438982,-1.48113119820817
1962,23042,"s15","m0",0.0490153908661273,-0.512987505772711,-0.624796166710977,-1.69971713297231
1963,23048,"s15","m0",0.0739662154594565,-0.623792746584125,-0.470385674742221,-2.0874793360702
1964,23049,"s15","m0",0.0461136687114979,-0.460897526635157,-0.602738550387233,-2.82649942281392
1965,23055,"s15","m0",0.0177653072206255,-0.411324682137826,-0.691953963132389,-1.35576048678313
1966,23135,"s15","m0",0.0158905190727701,-0.324534820746491,-0.752886604411539,-2.25120340512476
1967,23160,"s15","m0",0.00124388676483263,-0.377172842801118,-0.678035407161807,-1.23880189065145
1968,23173,"s15","m0",-0.0147202395243473,-0.759115474372125,-0.850669875783805,-1.48529673629311
1969,23177,"s15","m0",0.05479612903415,-0.353906850851863,-0.55200739795994,-1.85655695978848
1970,23182,"s15","m0",0.0333070551318447,-0.517779373595973,-0.601173246444823,-1.87998515939606
1971,23217,"s15","m0",-0.0196639996783034,-0.405846787348196,-0.704623013543289,-1.1899976947077
1972,23221,"s15","m0",0.0764837139235754,-0.267186751543937,-0.635285163217489,-1.04175268881252
1973,23222,"s15","m0",0.0819947690380531,-0.367346016313082,-0.667268723486499,-3.16810895753286
1974,23232,"s15","m0",0.0468382403851985,-0.498277339270938,-0.693367437293615,-1.76205766202344
1975,23248,"s15","m0",0.042746862545162,-0.391753950262346,-0.785721015524683,-1.64981671605657
1976,23250,"s15","m0",0.108200075602638,-0.335537510176696,-0.658448154565012,-2.6193365299426
1977,23251,"s15","m0",0.047342490288653,-0.758061327684656,-0.527016155129923,-1.95064973781949
1978,23256,"s15","m0",-0.0253245967273022,-0.924451388439298,-0.737276186347417,-1.39684664385297
1979,23261,"s15","m0",0.0219981148900949,-0.347056931857229,-0.899868475329094,-1.80348642274815
1980,23273,"s15","m0",0.0758814023340525,-0.490419637729514,-0.369754337963995,-2.28135329427409
1981,23300,"s15","m0",0.00378629307646596,-0.628344515500836,-0.837875866030353,-1.02206303081493
1982,23345,"s15","m0",0.0461762607258955,-0.656174436894067,-0.602692312120058,-2.01052893317553
1983,23352,"s15","m0",0.136535666139123,-0.454531389376966,-0.594891515467315,-2.67373903664438
1984,23359,"s15","m0",0.0797884465238826,-0.44668956266913,-0.801466050253981,-2.01476233918493
1985,23413,"s15","m0",-0.0475078945503555,-0.553969451058994,-0.800344065010506,-0.87303953762797
1986,23416,"s15","m0",0.0344497630278031,-0.44930123388697,-0.660000633830609,-0.6827140885463
1987,23436,"s15","m0",0.0836321111618105,-0.491734968528184,-0.651194295596517,-1.78876537965847
1988,23441,"s15","m0",0.0394440425284506,-0.613954205322604,-0.828407189711256,-1.44223224423218
1989,23454,"s15","m0",0.0748009823766438,-0.426457509020117,-0.782060530896627,-1.57343928754296
1990,23481,"s15","m0",0.0537918193125729,-0.602220014208126,-0.701196071129385,-1.57161918298913
1991,23492,"s15","m0",0.0399722236295088,-0.695848143616405,-0.827446467939049,-1.76333823348604
1992,23497,"s15","m0",0.110030174322487,-0.614245941635897,-0.769028445397535,-1.9577464406181
1993,23518,"s15","m0",0.0486569375136933,-0.461439747441162,-0.793521846005707,-1.68637198492293
1994,23529,"s15","m0",0.0424476113628427,-0.494843294065824,-0.774147588330671,-2.29501896609513
1995,23553,"s15","m0",0.0584582439119492,-0.416578354164805,-0.47575513465944,-1.10757076839067
1996,23558,"s15","m0",0.0227167966548839,-0.500329545472958,-0.657813757916421,-0.935103758409517
1997,23594,"s15","m0",0.045811345668792,-0.458546814488861,-0.709818782740734,-1.32551228010548
1998,23598,"s15","m0",0.0877103357622517,-0.383040374101226,-0.606602701590389,-1.33488859449
1999,23599,"s15","m0",0.0743113585529236,-0.432949949192181,-0.558751873091346,-2.14074414346845
2000,23606,"s15","m0",0.097144539279207,-0.377729110203703,-0.507908707795803,-1.84022717566176
2001,23610,"s15","m0",0.0387308342303569,-0.50643378910422,-0.698410174696153,-1.22413806337141
2002,23619,"s15","m0",0.0760932970068438,-0.248435458053268,-0.472911015335494,-1.60563468327598
2003,23628,"s15","m0",0.0202274042959504,-0.535548622188434,-0.475229898349081,-1.09371192724757
2004,23631,"s15","m0",0.00671837319692054,-0.571489791492954,-0.847542591364367,-1.83889632590303
2005,23663,"s15","m0",0.0541369921686008,-0.319250062622818,-0.596312614616852,-2.39843664693868
2006,23669,"s15","m0",0.0844685271184828,-0.42000026341485,-0.634025461848978,-2.28097779820843
2007,23686,"s15","m0",0.0269329947352283,-0.513832625906656,-0.652502934981721,-2.63694595759793
2008,23693,"s15","m0",0.0596815057237941,-0.427724905709836,-0.658613506415941,-1.70995738161729
2009,23694,"s15","m0",0.0811613813251604,-0.611477515057114,-0.605738394065865,-1.79328793551571
2010,23695,"s15","m0",0.05201555771012,-0.429538564679815,-0.600015447214039,-1.97081466642192
2011,23710,"s15","m0",0.0463863365878417,-0.503478329589692,-0.748884395112488,-0.965664876657931
2012,23711,"s15","m0",0.023965187239191,-0.633607377085251,-0.683294070544356,-1.28228137897599
2013,23715,"s15","m0",0.0314541108757387,-0.536384492121706,-0.631993214133841,-1.50123983567648
2014,23723,"s15","m0",0.0513456157116025,-0.472654477837219,-0.711901116079433,-2.07056457376428
2015,23736,"s15","m0",0.0410655327391378,-0.360568043808684,-0.850444922319543,-1.15655463716852
2016,23744,"s15","m0",0.0808668068052886,-0.418674052156705,-0.629449018279764,-2.30927105978644
2017,23752,"s15","m0",0.148587786885549,-0.316438215095447,-0.454486413744966,-2.11958057372455
2018,23753,"s15","m0",0.0309393397422949,-0.329594502582666,-0.583745544214905,-0.834716410943796
2019,23756,"s15","m0",0.0689835226051828,-0.530515474276367,-0.621626811570868,-1.62969317239322
2020,23773,"s15","m0",0.0318611067822526,-0.53183785440231,-1.03973037564978,-2.04634047717127
2021,23789,"s15","m0",0.110038287402649,-0.353974298952354,-0.59427343830019,-1.86369814875869
2022,23790,"s15","m0",0.0469513937462172,-0.30889775840506,-0.645079575564225,-1.58383392745413
2023,23791,"s15","m0",0.138100334064614,-0.259820890806938,-0.60192527982233,-2.14257553393205
2024,23797,"s15","m0",0.00344234080251893,-0.555560600829742,-0.593851790859666,-1.07546461371196
2025,23812,"s15","m0",0.0354415087778012,-0.401455379793311,-0.55538028110722,-1.4069337234959
2026,23820,"s15","m0",0.0706957199020621,-0.488930685710089,-0.649726244956441,-2.2166061640734
2027,23823,"s15","m0",0.060114469405547,-0.571588137203765,-0.599208761225428,-2.09707104091297
2028,23827,"s15","m0",0.0080342492520215,-0.401148186515858,-0.693793366982979,-1.12324505997398
2029,23833,"s15","m0",0.0242714157565199,-0.434057889744298,-0.810574704732553,-1.73205762240883
2030,23843,"s15","m0",0.112943129423423,-0.407083549580968,-0.628445169512605,-2.25075391660092
2031,23849,"s15","m0",0.0364255029419121,-0.412968208286149,-0.755384338868159,-1.57359204548096
2032,23850,"s15","m0",0.0710075656600205,-0.482795388378717,-0.472050886570463,-2.68245948058994
2033,23867,"s15","m0",0.0907623078102699,-0.262121971749314,-0.470618807779806,-1.64791218551952
2034,23868,"s15","m0",0.080894261058299,-0.437346299797229,-0.669506595613451,-1.49610591679652
2035,23876,"s15","m0",0.0760504053018808,-0.371994728159131,-0.622797185170017,-2.23339032641261
2036,23878,"s15","m0",0.0315676334744637,-0.51118461265914,-0.495149972166961,-1.45678717590069
2037,23892,"s15","m0",0.00468965972286581,-0.42394069363457,-0.817685514085311,-1.44242518444522
2038,23895,"s15","m0",0.0272401876416574,-0.578231567971157,-0.667360296246416,-1.0294225645848
2039,23899,"s15","m0",0.0845189127218491,-0.638869655096616,-0.487243035107698,-2.08517364697736
2040,23939,"s15","m0",0.0531119406752872,-0.614335716758448,-0.444429733788705,-1.68131578268766
2041,23944,"s15","m0",0.0790354963424329,-0.502465838088349,-0.41451603314102,-1.79800925714781
2042,23949,"s15","m0",0.0169820819149903,-0.43698932590658,-0.899271601539986,-1.14867799985229
2043,23955,"s15","m0",0.0110601626004138,-0.636314153066815,-0.893291420685473,-1.54399662544784
2044,23957,"s15","m0",0.0351455407661415,-0.327099819023042,-0.896930704106981,-1.49535977979534
2045,23969,"s15","m0",0.0928877579201479,-0.480555394655992,-0.672855117135686,-2.62767770965966
2046,23986,"s15","m0",0.020671575561067,-0.446885532284365,-0.659204951512688,-2.19636936989069
2047,23990,"s15","m0",0.0315145778198621,-0.759975846430934,-0.755907403764702,-1.00325761196627
2048,23991,"s15","m0",0.0605216053956302,-0.337727660767939,-0.614205074925524,-1.84376747022713
