"draw","source_draw","id","assumed_model","alpha_0","alpha_1","nu_0","nu_1","tau"
1,2,"s1","m2",0.20519562785921,-0.967526191633808,1.007175556977,0.310233814516424,0.0511327063127569
2,5,"s1","m2",0.161781195249572,-1.0475648316635,0.809638247492975,0.124457397064431,0.226346154869502
3,15,"s1","m2",0.172604292806003,-1.02607117857308,0.881153267215547,0.288015994049144,0.179837368560443
4,34,"s1","m2",0.233273789545781,-1.02565573308558,1.01819378623463,0.219863399318968,0.536404835428939
5,54,"s1","m2",0.274125627706612,-0.951651328549297,1.02110041336299,0.273416697068305,-0.445506247690405
6,55,"s1","m2",0.335451936428172,-0.978460922947731,1.24568902331133,0.337278634489176,-0.0014923061229607
7,81,"s1","m2",0.249983747096602,-1.08780724876739,1.04022794479417,0.0476005177767144,0.648121792781106
8,92,"s1","m2",0.207960499893271,-0.905409679843277,1.01021272526058,0.426064383277551,-0.411844522753347
9,102,"s1","m2",0.175689273711945,-0.992477620068537,0.928169502149295,0.34201420485891,-0.281548650725248
10,117,"s1","m2",0.274813162945577,-0.935346442324879,0.998098227306526,0.3468851658312,0.268121220084545
11,120,"s1","m2",0.262232145492721,-1.07111579510183,1.06384460235248,0.166663368441446,0.366261408156172
12,121,"s1","m2",0.432649669772327,-0.866511263011807,1.24921830568963,0.371078276585833,-1.43144683239394
13,127,"s1","m2",0.315069315630513,-0.90544714247464,1.06749864541488,0.553557407523682,-0.459706727795693
14,131,"s1","m2",0.185805610639829,-0.863770912355648,0.946955219577197,0.606842853373548,-0.773807843335851
15,156,"s1","m2",0.0912191325546653,-0.907339129859392,0.798135283008128,0.598034307157454,-1.07726099624794
16,200,"s1","m2",0.197312890510389,-0.929845510960563,0.859844256735721,0.373963480700629,-0.559372326181271
17,201,"s1","m2",0.16689336156888,-1.04648223393107,0.850626370578496,0.00993896921476255,0.418060546745319
18,206,"s1","m2",0.239534999424803,-0.959717997685766,1.04985874598646,0.265704867109927,-0.301462880766288
19,222,"s1","m2",0.28202428774639,-0.985486652648906,0.973741080377545,0.324214635487448,0.403292325378948
20,230,"s1","m2",0.109403157439035,-0.994253938529758,0.952984468606049,0.272152193411004,0.13621506881525
21,233,"s1","m2",0.238730754694337,-0.916630536036525,1.00365009130212,0.243038479599234,-0.625587141537303
22,238,"s1","m2",0.275346025196269,-0.982195893935346,1.10389488381936,0.155077619728592,0.0929610201352943
23,248,"s1","m2",0.325816502064505,-0.920343680109219,1.15282407726654,0.476511746292286,-1.13126129360629
24,249,"s1","m2",0.414363344533947,-0.861767770734943,1.15054412946183,0.318501557561202,-1.1425866157328
25,266,"s1","m2",0.20003042321405,-0.838480113432923,1.03342184883924,0.481919079159011,-0.758026438896702
26,285,"s1","m2",0.270382568947265,-0.832397308264111,1.04053261471239,0.606660824561309,-1.49997534872324
27,288,"s1","m2",0.271942134811611,-1.02171294710147,1.07944881895999,0.359459690521721,-0.164252527594489
28,303,"s1","m2",0.20938169498762,-0.917909452405543,1.02348408372843,0.455709169867084,-0.302390951005189
29,327,"s1","m2",0.2986338520098,-0.8882708314229,1.22439097895009,0.647464116450154,-0.782427102841263
30,335,"s1","m2",0.304763557263069,-0.915365046091609,1.15673360140468,0.297756891128164,-0.419024929821577
31,343,"s1","m2",0.261219559092024,-0.953433375173932,1.07739384560421,0.32189899188844,-0.888553679945772
32,355,"s1","m2",0.184258892546184,-1.06337105943397,1.0018695337891,0.100536931047421,0.625149541174003
33,365,"s1","m2",0.228239942742974,-0.909304247222437,0.907152105255722,0.386950412429896,-0.985103741191668
34,377,"s1","m2",0.23623614493277,-1.19331014754319,1.0937903664205,0.0439110566095861,0.815343322514098
35,388,"s1","m2",0.319280397370498,-1.02047904253534,1.16443616565386,0.268521913928602,-0.578893346096961
36,394,"s1","m2",0.325197816233637,-0.995102741825591,1.22605776917005,0.285790608372933,0.221059096624789
37,406,"s1","m2",0.264729926033403,-1.03008027204653,1.1686208731511,0.113208471534732,0.134998234944518
38,407,"s1","m2",0.314415807269254,-0.920118607770784,1.08122821431053,0.312950887219354,-0.359375252800974
39,408,"s1","m2",0.319659830276698,-0.966422761130343,1.17103433508575,0.289240327488716,-0.261026353644171
40,417,"s1","m2",0.180863875446696,-0.94474969792918,0.99577532169094,0.405125175847129,-0.482400966116954
41,421,"s1","m2",0.228274120502362,-0.842275879819842,1.01073697983791,0.400354638574568,-2.17032014015133
42,439,"s1","m2",0.253447011450124,-0.991703958416891,0.908545567305437,0.381060736808511,-0.00399834946402877
43,445,"s1","m2",0.262264030194578,-0.903127421723711,0.899298300132235,0.397841046445105,-0.527241100841579
44,449,"s1","m2",0.113086640477343,-1.00979385040857,0.706002113727754,0.292363784542969,-0.534919343695291
45,451,"s1","m2",0.273015470812603,-0.837572716073581,0.87458946364231,0.532260671293312,-1.31897669332367
46,457,"s1","m2",0.215600954013772,-1.0155056023348,0.972434498432546,0.210723168215025,0.378759753669348
47,490,"s1","m2",0.347386245330969,-0.998419788711914,1.2095803846605,0.105795341605332,0.473945778175001
48,501,"s1","m2",0.267922451121066,-1.04840690270081,0.933222542872526,0.221839879640846,0.0354980627786213
49,506,"s1","m2",0.257793364266216,-0.91692140892588,0.987528277952335,0.482924041957903,-1.08776533972154
50,515,"s1","m2",0.25667566614649,-0.9896946418146,1.00124024058819,0.276492401565985,-0.702173925392513
51,547,"s1","m2",0.182635539596836,-0.971653394592051,0.971370288399194,0.126322029592337,0.14352713542094
52,552,"s1","m2",0.375571348602726,-0.965759865318601,1.21978903666415,0.384622295921365,-0.109382595607135
53,562,"s1","m2",0.212718654482216,-0.835132709271989,0.988776514086862,0.63528000898947,-0.822688315033373
54,609,"s1","m2",0.362576450707277,-0.848358184450499,1.21218482273046,0.509298071028645,-1.08118031364681
55,618,"s1","m2",0.23173884500643,-0.963498908470153,1.03755322390984,0.213962200029002,-0.882795381416668
56,626,"s1","m2",0.155586122410523,-0.874595506130493,0.883680226415757,0.499429121929944,-0.995634724683578
57,636,"s1","m2",0.224461470837062,-1.06490507941757,0.967434121809765,0.106291307345291,0.789556353284046
58,689,"s1","m2",0.262978414073472,-0.938642658453074,1.01981522046337,0.417335478660661,-0.703874861046491
59,717,"s1","m2",0.198169655260222,-0.934772019937768,0.946188982549459,0.475749470628965,0.0185922972768384
60,734,"s1","m2",0.144226049617714,-1.00361658707101,0.861789861243548,0.219802353257069,0.190981926770854
61,750,"s1","m2",0.0994448015229327,-0.967108923393148,0.861073535095174,0.379864992994981,0.000139853616497803
62,751,"s1","m2",0.176448526354906,-1.0671203853651,0.870830089929547,0.079983584057014,0.736207855365837
63,752,"s1","m2",0.27077909095944,-0.977719048167458,1.05575853345394,0.281780958725118,-0.278176224688044
64,759,"s1","m2",0.354378004718671,-0.895353926432974,1.12419563626664,0.564249357516431,-1.58141579755207
65,767,"s1","m2",0.222511653552576,-0.919596337264293,0.846224909438616,0.32430440144655,-1.04648965312159
66,777,"s1","m2",0.163687942360577,-1.00836250456396,0.898539351050885,0.391677790391291,0.0139359452064446
67,780,"s1","m2",0.271320230354729,-0.96325949856699,0.953428838742806,0.387519582141561,0.0734069013938881
68,783,"s1","m2",0.172705770380389,-0.985453759804159,0.839719508648015,0.340755765921491,0.0222224504262295
69,811,"s1","m2",0.272431548030094,-0.877281972096537,1.00524316515284,0.357652561792168,-2.12543907950059
70,817,"s1","m2",0.173381864122577,-1.03816696213333,0.963198655508883,0.310040553521564,0.380472462840891
71,819,"s1","m2",0.264297232023615,-1.00809092394987,1.07981986586025,0.29262876447773,-0.192990488208393
72,827,"s1","m2",0.266224923448262,-0.959497126170336,1.0827478905761,0.464946854039427,0.151325353578128
73,834,"s1","m2",0.170401545110069,-0.959898336019596,0.973069140076248,0.31908801178149,0.414058695759826
74,841,"s1","m2",0.313466872941433,-0.882530296689484,1.11403431694407,0.429588235305981,-0.951622868549532
75,853,"s1","m2",0.284431404896387,-1.05271311065397,1.12978110014978,0.352827069256135,0.405186332169839
76,867,"s1","m2",0.298534330606315,-0.894415159730396,1.11419513053616,0.406620826225078,-0.900527884665584
77,878,"s1","m2",0.254958894667653,-0.94033714617375,1.09877226364972,0.362277442662208,-0.910099385979061
78,886,"s1","m2",0.168968153630955,-0.973034137665231,0.783470183675051,0.338575341263446,0.108430600347903
79,894,"s1","m2",0.191115621821213,-1.00553434142405,0.879055612150581,0.417242102353762,-0.080473991540027
80,905,"s1","m2",0.316732529338092,-0.993524994645245,1.14034603752057,0.254545789142789,0.120744980709277
81,924,"s1","m2",0.357994881032017,-0.9000688139831,1.20424861408296,0.390526794010693,-0.38322226540533
82,938,"s1","m2",0.34581117408053,-0.975166924207655,1.09014626344442,0.46501357542914,-0.186098565438398
83,947,"s1","m2",0.283710529109929,-0.941325456788554,0.954306498954261,0.483510129991221,-1.06754230864721
84,955,"s1","m2",0.21756795309589,-0.984130240650232,0.960866837539822,0.409864824560838,-0.274376127368723
85,956,"s1","m2",0.283771510350441,-0.837231704344488,0.980960533589866,0.590319984809584,-1.96679679682508
86,962,"s1","m2",0.268179444415186,-0.925206175848508,0.996155410366024,0.590685655961426,-0.880660885642566
87,979,"s1","m2",0.20808303345881,-0.887950307631732,0.850645933525048,0.248620440053274,-0.668909688752075
88,1004,"s1","m2",0.231893098593717,-0.962872917219508,1.07117237269219,0.393385324124872,0.00733027271648749
89,1030,"s1","m2",0.141057602533782,-0.9228317137246,0.952871810527342,0.269239039448313,-0.192700946220204
90,1047,"s1","m2",0.185792541545328,-0.983741418813412,0.943894664290193,0.414076254990842,-0.0579473813898847
91,1067,"s1","m2",0.255820490481429,-0.896301614574834,1.03798284751534,0.457108336320006,0.0718456025460073
92,1072,"s1","m2",0.263914508148514,-0.908207109128697,0.956695512461559,0.291198316434114,-0.133878084086286
93,1079,"s1","m2",0.359892780616855,-0.917332240410198,1.17487782623632,0.458197840606299,-1.12207801972974
94,1080,"s1","m2",0.253984082578347,-1.04845822574487,1.08851648475863,0.206254508303691,0.18802329412513
95,1084,"s1","m2",0.287368687335488,-0.913499804093306,1.20278970127012,0.478214197667068,-0.899226347751381
96,1109,"s1","m2",0.268454896305325,-0.839880312723001,0.978856919341442,0.497168870861502,-1.48466060852408
97,1119,"s1","m2",0.212969521225956,-0.995289310546552,0.969878505614224,0.396410456710793,-0.301558960006864
98,1122,"s1","m2",0.176313499479452,-0.932966123820201,0.924458972279242,0.572345842031752,-0.486819124941683
99,1136,"s1","m2",0.291382987349298,-0.921874238716445,1.08883594809824,0.509245672296289,-0.630932689154216
100,1150,"s1","m2",0.272071070141438,-0.95925111604682,1.05213781623545,0.46994910527721,-0.896059117910577
101,1164,"s1","m2",0.276263234065498,-0.872676360105825,1.14617048784741,0.563536591467992,-0.17128818367825
102,1166,"s1","m2",0.10196381389765,-0.833124526388949,0.768260739058444,0.696539931081915,-0.915461854667599
103,1191,"s1","m2",0.273042617406246,-0.913201367044106,0.998064207806632,0.305309750968079,-0.185655703971786
104,1212,"s1","m2",0.206387349890732,-0.927603927684695,0.896920271174525,0.44252754997822,-0.770238793444089
105,1215,"s1","m2",0.304763092522661,-0.874530236817435,1.11328622832047,0.527157244509857,-1.01604763291635
106,1221,"s1","m2",0.232144827508309,-0.895007135506361,0.915144292924095,0.570155456706023,-0.817359472836125
107,1222,"s1","m2",0.321723575124582,-0.966487521491746,1.11815086091139,0.418623463784792,-0.225825368851256
108,1223,"s1","m2",0.338886997743867,-0.905806610336712,1.13229484985375,0.328199783991236,-0.845310627060388
109,1226,"s1","m2",0.241580028441462,-0.959383454378701,1.00342419101316,0.482464218597644,-0.59819192775893
110,1255,"s1","m2",0.287882172331709,-1.05297189664613,1.14924953850258,0.151507063669343,0.59298244079302
111,1279,"s1","m2",0.366772422741264,-0.941827287270456,1.1440222281257,0.336118535077757,-0.564530252963295
112,1284,"s1","m2",0.124003438186346,-0.934570674003359,0.802862226542987,0.423980602507306,-0.0156017403557149
113,1285,"s1","m2",0.123121683272281,-1.0854937398778,0.798354164144896,0.224396282881701,0.509339376680542
114,1310,"s1","m2",0.277542488461938,-1.0527132303944,1.1456290738724,0.35589731397391,0.204832593889991
115,1329,"s1","m2",0.338829646559646,-0.918088705267044,1.21471805831544,0.499532762026397,-0.391160953972792
116,1330,"s1","m2",0.178585965829478,-0.842334713644435,0.971149005772866,0.44002788154234,-0.576138368873021
117,1342,"s1","m2",0.33070209802232,-1.02221026205821,1.16438246006503,0.249124957513663,-0.670541673163088
118,1345,"s1","m2",0.30684289482773,-0.921984956155295,1.05879097506388,0.385825360267862,-0.753211084475329
119,1346,"s1","m2",0.304385369678792,-0.905219716800015,1.14446107356729,0.348369681146051,-0.895127767101029
120,1348,"s1","m2",0.309274535338948,-0.906649309738967,1.06959389716044,0.365473361883438,-0.796478818647003
121,1367,"s1","m2",0.302514514346852,-0.959738071709037,1.07987313983701,0.437106021413826,-0.595847093390827
122,1381,"s1","m2",0.304537835892523,-0.964600923360764,1.10766163812682,0.436578276420236,-0.516347893671386
123,1393,"s1","m2",0.283433669056964,-0.905755572103128,1.11261765256919,0.375231261866647,-0.939000648800648
124,1409,"s1","m2",0.177048593280463,-0.933963921496604,0.895216101170778,0.334208039720375,-0.753078412883836
125,1410,"s1","m2",0.206680803474314,-1.03707059795106,1.06673245928545,0.144658125362814,-0.0680012936935271
126,1437,"s1","m2",0.235418384308578,-0.890344309520176,0.99467560851979,0.501952911493776,-1.53269525449721
127,1442,"s1","m2",0.267448703694508,-0.91109024894013,1.0052129976197,0.489851710507233,-0.96458444416972
128,1446,"s1","m2",0.375515482280065,-0.905812400583121,1.19311773659751,0.524688913043291,-0.448580851970888
129,1456,"s1","m2",0.20821049312618,-1.01025534816241,0.987289315691666,0.302075325385633,0.0362253244243492
130,1487,"s1","m2",0.348954797821201,-0.917713853780871,1.15548974363912,0.529617090121102,0.130678088335821
131,1501,"s1","m2",0.242489031851355,-1.02734801431721,0.933040686979912,0.339682911270962,0.295863425293851
132,1568,"s1","m2",0.235958059110696,-1.0252265404726,1.02231004479348,0.327067495180578,0.686332418564987
133,1574,"s1","m2",0.354880752007079,-0.975738279037891,1.15286161134685,0.387956708451585,-0.898318499271628
134,1578,"s1","m2",0.250540901493984,-0.84198135481649,1.11647361155746,0.557395381752651,-1.31746931946522
135,1590,"s1","m2",0.27273110172837,-0.941917132587845,1.13409032816333,0.277188245103519,-0.135114485357658
136,1598,"s1","m2",0.298972320222433,-0.907303592065145,0.92315910883134,0.56079245015588,-0.539703554552715
137,1608,"s1","m2",0.25640221602918,-0.974629850454424,1.0629318621395,0.326941535658453,0.54124049870347
138,1609,"s1","m2",0.314504216119548,-0.860200114254155,1.06182829264983,0.414530042670062,-0.841475573523894
139,1612,"s1","m2",0.277672241403317,-0.903176118680176,1.06345803379986,0.321346453539841,-0.508649318301284
140,1613,"s1","m2",0.233046938867209,-1.04779835029886,0.973104229417671,0.289626156089809,0.0843149283861714
141,1618,"s1","m2",0.285209379727146,-0.952934368487834,1.00835420248934,0.452370200695832,0.0635464471253907
142,1621,"s1","m2",0.177521162935821,-0.938391575830641,0.839209527712807,0.455590093713605,-0.889708929794203
143,1645,"s1","m2",0.265019131763858,-0.980259388825395,1.07144369972275,0.395122053066355,-0.100465551811977
144,1665,"s1","m2",0.254679222755906,-1.00845866944936,0.982230477977863,0.331297576602831,-0.0332630252257392
145,1684,"s1","m2",0.315912950652941,-0.915484710015034,1.09257629046515,0.487739729671001,-1.20865604414025
146,1685,"s1","m2",0.246037272657297,-0.961622979822436,0.958697404116557,0.369006108563886,-0.648921703958096
147,1690,"s1","m2",0.197026221554208,-1.02667418707693,0.887760975067088,0.263712817894226,0.175084392886915
148,1700,"s1","m2",0.317331862845483,-1.06496132482404,1.07050158756524,0.389228930752008,0.719039243325679
149,1733,"s1","m2",0.314124945540864,-0.958982152487801,1.17510474489135,0.488954929862356,-0.248666038906687
150,1735,"s1","m2",0.262969014077384,-0.884358382908033,1.08367105652813,0.45460107887186,-0.303079991813457
151,1737,"s1","m2",0.273305883215578,-0.850720411557284,1.16751659883042,0.598291474195731,-1.17657510967067
152,1747,"s1","m2",0.223118073989105,-0.970755117264862,1.01262427912464,0.350645861053729,0.00861406872972621
153,1760,"s1","m2",0.200598710821413,-0.976824252716781,0.846457898297765,0.323181052505514,-0.259801603441494
154,1762,"s1","m2",0.305963481587599,-0.924125060274298,1.06926243678675,0.541372708877297,-0.775256613604826
155,1773,"s1","m2",0.29129287777194,-0.935430514084574,1.05194066674432,0.453630711536498,0.00260391201202371
156,1785,"s1","m2",0.218495202735341,-0.911504468004589,0.923611525800057,0.35069811523909,-1.01782226897079
157,1802,"s1","m2",0.321973790313588,-0.954101762561054,1.07536541383724,0.317298785619521,-1.72446173221705
158,1804,"s1","m2",0.156441735945912,-0.970196430523114,0.842778140119528,0.392684039073188,-0.56558543694779
159,1807,"s1","m2",0.130069946159228,-0.943872524583782,0.743302796363921,0.410778185140393,-0.146487546065956
160,1824,"s1","m2",0.236850396575128,-0.91391080940279,0.874851909787446,0.421838659685449,-0.323488682417977
161,1826,"s1","m2",0.274422684432543,-0.947804725105873,0.992225175148866,0.461114577878318,-0.910885547721747
162,1835,"s1","m2",0.0531521611860023,-0.984823965389605,0.574696313651087,0.456624975780369,0.128464266833106
163,1850,"s1","m2",0.413097239860657,-0.916890641292551,1.199682724904,0.440268076029169,-1.17988895287137
164,1862,"s1","m2",0.194361957295046,-1.0257231100808,0.978223055962641,0.236041586943529,-0.33542293659705
165,1872,"s1","m2",0.216605533563251,-1.00459180771975,1.04725908724083,0.18424125045781,-0.755322216209248
166,1873,"s1","m2",0.275395921755442,-0.968922452317808,1.15228318931804,0.344194409565642,0.269314289262132
167,1874,"s1","m2",0.27221937740935,-0.936598871067646,1.0759383923872,0.525968509679557,-0.0587036965744136
168,1875,"s1","m2",0.180110104411221,-0.946311472136255,0.862925452918689,0.458373859297107,-0.190879707551075
169,1882,"s1","m2",0.259672065487905,-0.833060647225726,1.00316540181448,0.556920584205009,-1.2519621808981
170,1905,"s1","m2",0.251589455181386,-0.852810929548282,1.04031703786286,0.456591673193821,-1.32656193590773
171,1910,"s1","m2",0.262398567382,-0.95996251949889,1.00327413610164,0.459630804404486,-0.0275876687128677
172,1919,"s1","m2",0.289189232998888,-0.994173542148423,1.06731559429338,0.280032665605056,-0.137585145919928
173,1922,"s1","m2",0.24160334721263,-1.10369234713869,0.9961931527185,0.0877893770203317,0.192258534431739
174,1928,"s1","m2",0.219692087168351,-1.00251049779431,1.02737312480068,0.233568889397785,0.465167163821167
175,1934,"s1","m2",0.262032140141453,-1.03158201724405,1.01406944381034,0.348269832470187,-0.750425181512933
176,1941,"s1","m2",0.175512297901236,-1.07170612285655,0.955645755344643,0.226425212553392,0.109429379960677
177,1960,"s1","m2",0.266659774442046,-0.820799818195543,0.960470040529874,0.61465971572657,-1.09197421832006
178,1979,"s1","m2",0.204622222357224,-0.996516085944583,1.03698555652128,0.306813971985095,-0.454160063237196
179,1986,"s1","m2",0.218934131701877,-0.912479741863867,0.973616565717157,0.486608754653566,-0.418496504117627
180,1991,"s1","m2",0.323912856291302,-0.936591113949909,1.19848468874185,0.405188292024797,-1.07323431085237
181,2010,"s1","m2",0.293675418680817,-0.876339954069511,1.18596165395198,0.53509461113746,-1.06858161693723
182,2011,"s1","m2",0.181942152339583,-1.07254101402358,0.982276132996017,0.120914564033813,0.441248202159924
183,2025,"s1","m2",0.279620312414545,-0.916299465724852,1.04903299582025,0.534467195226783,-1.14710053136369
184,2071,"s1","m2",0.32360585339368,-0.948589956233807,1.13660379713232,0.384505948844991,-0.136839648574881
185,2081,"s1","m2",0.226922690133769,-0.870075750972485,1.04083226546266,0.380126537775818,-0.514247168523378
186,2083,"s1","m2",0.224128772412432,-0.880143241491586,1.09507296246164,0.470966223592337,-0.82604949831127
187,2089,"s1","m2",0.239567148943171,-0.983956977878282,0.911535615630627,0.299948389729023,-0.204262964179709
188,2107,"s1","m2",0.201350491101983,-1.01283079883887,0.97211276010808,0.280062421455997,-0.0944410277363919
189,2113,"s1","m2",0.270609665651473,-1.03790285780185,1.03279026490025,0.120211463678574,-0.0220506937556298
190,2140,"s1","m2",0.249799341723195,-0.949813700398905,1.03442035969213,0.62777258293899,0.0424846499003328
191,2149,"s1","m2",0.305123576102345,-0.907249663917862,1.14301142162824,0.336315810370253,-1.39504244960106
192,2160,"s1","m2",0.31460664273431,-0.915696634332873,1.08100865239686,0.443298642526659,-0.266808083643596
193,2161,"s1","m2",0.193903708389004,-0.990072738933162,1.00152996465727,0.421226664977487,0.34978814378922
194,2234,"s1","m2",0.354401786664779,-0.915925323135212,1.18689694402842,0.329251369944611,-0.68762471999921
195,2244,"s1","m2",0.313498278992646,-0.874149191877485,1.22423925205544,0.629433433661962,-0.60267227965724
196,2252,"s1","m2",0.145299366657309,-0.922208757891291,0.940402086401235,0.510737822278652,-0.027836983100005
197,2256,"s1","m2",0.367053416376528,-1.02811603745452,1.18610206696422,0.192278956326021,0.112187879847492
198,2259,"s1","m2",0.276166158672871,-0.850076439440301,0.90980416581849,0.440276292295841,-1.42318996273967
199,2271,"s1","m2",0.320471821181123,-0.929239191538659,1.11569905483324,0.389930969142447,-0.574564900640755
200,2274,"s1","m2",0.361731982340198,-0.968424766909427,1.16450477436428,0.2151458866893,-0.571336830575593
201,2282,"s1","m2",0.252493139677231,-0.941989018047797,1.02271728465517,0.327932571884658,-1.00623344926128
202,2297,"s1","m2",0.221960133790888,-0.951801206785098,0.948357628227094,0.27087191197084,-0.337256386233934
203,2298,"s1","m2",0.301395979487486,-0.950025736553944,1.09068282485237,0.342177383190809,0.139518080975567
204,2342,"s1","m2",0.294335319284842,-0.948846337562649,0.974420978178648,0.382375099367742,-0.706214445357595
205,2377,"s1","m2",0.294755956549288,-1.0763856154465,0.979649514107799,0.21463742185638,0.526076549062105
206,2446,"s1","m2",0.207044603179849,-0.973317881312271,0.976678655704749,0.205370284229422,-0.418162834684329
207,2447,"s1","m2",0.28292625390349,-0.947033110100465,1.0693803034185,0.281275982320589,-0.570899041618743
208,2449,"s1","m2",0.220524893244543,-1.04054827197759,1.00258086579701,0.235976055327508,-0.122534850904853
209,2451,"s1","m2",0.329993363888477,-0.948611776801274,1.05356368797318,0.262630419679636,-0.354443338963549
210,2452,"s1","m2",0.281038176098757,-1.02969881954197,1.08001739422661,0.32325129400392,-0.0885780365230452
211,2454,"s1","m2",0.303560678665688,-0.841414626253944,1.09776020819291,0.549243847411225,-2.87436767959356
212,2459,"s1","m2",0.179975921123317,-0.964091792411618,0.898715199777697,0.367759896380286,0.0666163961901177
213,2465,"s1","m2",0.177133327742745,-0.963943252789221,0.953817952263171,0.42770919545417,0.150710991994221
214,2468,"s1","m2",0.295543979165569,-0.93144691436935,1.15121348734801,0.458551158894614,-0.312206298141463
215,2482,"s1","m2",0.23936361585005,-1.00263106568125,1.00875572335014,0.312073326384943,-0.266240100632425
216,2485,"s1","m2",0.429446019303102,-0.983762461095489,1.26672659486377,0.0435406443238424,-0.0149726482169641
217,2528,"s1","m2",0.234273258018324,-1.04395559666238,1.00356123085812,0.291617971298951,0.358737753331002
218,2529,"s1","m2",0.227055129620201,-1.06931440401549,0.988858311025302,0.120583445308433,0.890505663870705
219,2534,"s1","m2",0.207320528690626,-0.976702016477737,0.994396599768144,0.234689487233745,0.203249541040759
220,2558,"s1","m2",0.218787496037878,-0.85120802235703,0.98286470723305,0.508301387128375,-0.783296578025852
221,2570,"s1","m2",0.157848039546591,-0.899115220843098,0.913566697279799,0.431875577783291,-0.367621836277507
222,2575,"s1","m2",0.113930971010594,-0.904948398350109,0.878886123795239,0.514060140341364,-0.649372504222398
223,2584,"s1","m2",0.260230526799774,-1.00017076725223,1.02226774525948,0.299939408571833,0.445293938744515
224,2593,"s1","m2",0.333959216620201,-0.951897189026181,1.1565417735566,0.353951062639549,-0.300244212514346
225,2594,"s1","m2",0.192394544314903,-0.978356234765961,0.839873113916561,0.37777559160271,-0.0173837658815249
226,2603,"s1","m2",0.274440392887232,-0.983440305159043,1.03578807327906,0.281042153842411,-1.11217723848402
227,2627,"s1","m2",0.238769691402754,-0.995978598320321,0.908986608937407,0.43189039928262,0.0594027584794116
228,2631,"s1","m2",0.244549182899297,-1.0071763801045,1.01897572785272,0.155820716785884,-0.588122920495596
229,2642,"s1","m2",0.277378703151925,-0.907991970206328,1.1310017706653,0.437427685603021,-1.43022095844442
230,2662,"s1","m2",0.147423265255813,-0.92929815558184,0.970801974524195,0.307347892544041,-0.146229574726451
231,2663,"s1","m2",0.268704088281286,-0.945674743572983,1.17089808825684,0.395235688057991,-0.296015373887987
232,2671,"s1","m2",0.224511265767593,-0.932678086798448,0.967227381462624,0.29662762839102,-1.6517034442617
233,2672,"s1","m2",0.114897739703311,-0.852180700533675,0.770840344025692,0.581863374856563,-1.26347447822778
234,2673,"s1","m2",0.184842688644858,-0.897723479293472,0.989727478215137,0.452502220277092,-0.716718959403656
235,2675,"s1","m2",0.252105828613917,-0.982714337279083,1.03316362666456,0.276487106386172,-0.676936572598322
236,2680,"s1","m2",0.381101962526024,-0.9589535547874,1.16104060481342,0.522532807115955,-0.120748636251417
237,2724,"s1","m2",0.28291247335384,-0.887738266447435,1.0627517076448,0.504814239131349,-0.476409543002067
238,2743,"s1","m2",0.177235262809765,-0.960822987119268,0.992493449332875,0.386427465881426,-0.0662194730238376
239,2750,"s1","m2",0.295619522511193,-1.01502077302776,1.1818288804971,0.254228358886822,-0.0669293036678668
240,2760,"s1","m2",0.373052814998394,-0.836619729146711,1.20966219867027,0.544761023327061,-0.750036847800244
241,2778,"s1","m2",0.380082806490136,-0.975484681284833,1.21931439337625,0.328816292862275,0.107245018984968
242,2787,"s1","m2",0.368883918139463,-1.06256879174575,1.11788212932881,0.217251473256799,0.0301973933814437
243,2799,"s1","m2",0.18931070404712,-0.982022291600079,0.872829718576252,0.478261228559206,-0.0571325223454586
244,2800,"s1","m2",0.245506166978475,-0.92205737467941,1.05809891303881,0.511528551937133,-0.419047240624889
245,2805,"s1","m2",0.223719091034313,-0.85351352757879,0.988049619870436,0.551222428918309,-1.20421357866196
246,2826,"s1","m2",0.23306754774653,-0.868230966949362,1.11486724846738,0.54656761486055,-1.21340990867096
247,2850,"s1","m2",0.169396585953508,-0.939204341147813,0.985389951612177,0.411131959593033,-0.548263735780613
248,2853,"s1","m2",0.263586893150216,-0.940193565860763,1.04969939166266,0.427409307355056,-0.570580820649598
249,2874,"s1","m2",0.222052846151102,-1.06187945844839,0.974582254855632,0.100629354698721,0.750596612458884
250,2886,"s1","m2",0.301503493896062,-1.03046898566515,1.18444657993325,0.134763492663901,0.200099041794504
251,2897,"s1","m2",0.18989666719884,-0.95089982982479,0.898410225220513,0.480178388088346,-0.543625639534802
252,2904,"s1","m2",0.437305835970272,-0.94239940170679,1.25723930159323,0.507611021054523,-0.308984162212535
253,2927,"s1","m2",0.313790416159252,-1.04464903157915,1.13790611084987,0.310085254241345,0.12203645882785
254,2939,"s1","m2",0.301920080411285,-0.998431076908967,1.13729923737417,0.239477440609905,0.0631433769778858
255,2942,"s1","m2",0.226293151743007,-0.884603995166938,0.93467266155171,0.408412888702343,-0.848521641668389
256,2959,"s1","m2",0.202896176409786,-0.875264258667687,0.855728174397693,0.344343944615143,-1.34636216825267
257,2978,"s1","m2",0.182260173281939,-0.937417551003582,0.977391353973212,0.498246104304741,-0.275192319095477
258,2981,"s1","m2",0.163950839505448,-1.1033619943743,0.778477601885018,0.122376926633689,0.327883265388327
259,2986,"s1","m2",0.211821280804893,-0.971222738712805,1.0490136463537,0.346480957143843,-0.500947271212682
260,2994,"s1","m2",0.237757113698359,-1.05145113972247,1.10728239269882,0.153673890834177,0.262722408034564
261,3001,"s1","m2",0.309721845698986,-0.921932408260955,1.07333161820461,0.387283848166332,-1.37315693634448
262,3002,"s1","m2",0.252372542450257,-0.988201355861777,1.10053245013119,0.198802375612838,-0.587419139502969
263,3004,"s1","m2",0.314215823540612,-0.93952575280321,1.10150929624754,0.404108602120985,-0.901327681717258
264,3007,"s1","m2",0.187412535650935,-1.01855733680861,0.942021855481146,0.22328957254475,0.521900317388668
265,3018,"s1","m2",0.26250946638313,-1.08195681149439,0.9528920092173,0.389765189535528,-0.238869109192625
266,3022,"s1","m2",0.361374152103162,-0.936094719616415,1.18934988002015,0.366288787080105,-0.305781269712164
267,3046,"s1","m2",0.265502754796824,-0.891988090086409,1.01992523022552,0.450442988145126,-1.46341880888484
268,3065,"s1","m2",0.263646089203014,-0.991368620136375,1.12696123253669,0.367012682354092,0.161449532233844
269,3078,"s1","m2",0.236478209733692,-0.948507296391385,0.966877829282093,0.467002871454556,-0.783768833832163
270,3084,"s1","m2",0.381657503131791,-0.876920761232467,1.20366843218604,0.485213579972535,-1.67287956809446
271,3093,"s1","m2",0.210359457152516,-0.877995559585419,0.891889645324871,0.483306056366861,-0.51357607952648
272,3098,"s1","m2",0.272649761936505,-0.954930697127243,1.12180819064206,0.441584133148332,-0.158423466473113
273,3099,"s1","m2",0.35491553392864,-1.04478993769127,1.16164190308688,0.192634340176827,0.265974636446872
274,3120,"s1","m2",0.0858543816918635,-0.953429927287958,0.728193533171652,0.405441218723049,-0.244513344050722
275,3132,"s1","m2",0.282925165656583,-0.993734186319332,1.05967484665832,0.295027078400798,-0.064648818673955
276,3147,"s1","m2",0.321558116334368,-0.893232750706161,1.13617001327459,0.405231216157216,-1.62078606686825
277,3160,"s1","m2",0.26242509816552,-1.00191464187753,1.06488133012898,0.262920804751871,0.0869316838408067
278,3172,"s1","m2",0.204995753288621,-0.93951090052417,0.991498391835013,0.477741185777235,-0.572128669005312
279,3177,"s1","m2",0.240237133989371,-1.03793839711538,1.07884978646598,0.398716492312712,0.44438863132841
280,3190,"s1","m2",0.253418576642087,-0.981389533590575,1.01887325700948,0.273088149412133,0.0311209908524895
281,3194,"s1","m2",0.346794823464753,-1.0145177385465,1.20765719920675,0.371635013836927,0.199125870557273
282,3215,"s1","m2",0.317354808334779,-0.9415675256199,1.05185690183746,0.495756958980082,-0.505045046651927
283,3247,"s1","m2",0.208432466109145,-0.922204291721818,0.938387943916664,0.434015699383048,-0.232979616096708
284,3265,"s1","m2",0.268058785291659,-1.01244881687481,1.09424336625869,0.327171247759329,-0.170237435109458
285,3302,"s1","m2",0.19809467120135,-0.900842928855524,0.95196786528234,0.317428154538572,-1.02390917052554
286,3315,"s1","m2",0.182597120736648,-0.976226861192097,0.902841075116566,0.290231794062263,-0.395262827826116
287,3316,"s1","m2",0.325261785756311,-0.837898509725966,1.05643910253188,0.386182473161434,-1.40423296448838
288,3320,"s1","m2",0.196574312635458,-0.91519269523355,0.932697790222751,0.385903526468167,-0.978011585749992
289,3325,"s1","m2",0.235528732228244,-0.988797880616627,0.944238981666122,0.252768117689274,0.215815733684786
290,3327,"s1","m2",0.312622889063696,-0.949881943844071,1.11507388647699,0.45285181132948,-0.477937284103617
291,3335,"s1","m2",0.103797150570031,-0.936112643605018,0.779065199919915,0.267730805913317,-0.301505209894705
292,3338,"s1","m2",0.306471384483968,-1.06105304745127,1.05078982513066,-0.0556019499195106,-0.222814637781173
293,3348,"s1","m2",0.175335751188395,-0.986993743929774,0.830866974861064,0.195801017093304,0.0876050982860042
294,3350,"s1","m2",0.276057702065606,-1.01271314371692,1.14448600741749,0.318845260360828,-0.109015013120735
295,3390,"s1","m2",0.215021630337364,-0.932353018586406,0.95731509917148,0.516706088733958,-0.319444354158646
296,3392,"s1","m2",0.231081692526527,-0.925309236948755,1.05098742844548,0.435214331222545,-0.574020162227534
297,3433,"s1","m2",0.144807992648282,-1.01506400120296,0.943588105229013,0.310587015214935,-0.57946447169136
298,3446,"s1","m2",0.29782630869676,-1.00896210433791,0.995890920319952,0.217437130703771,-0.382049815640181
299,3453,"s1","m2",0.239474703546444,-1.02450975700548,0.995089524604978,0.375959095982786,0.0433503406319289
300,3456,"s1","m2",0.238354094357968,-0.938683372207097,1.03193837270983,0.328030187147793,0.254537156217413
301,3458,"s1","m2",0.321219079753421,-0.942997922928675,1.13492318312556,0.28660604509193,-0.983928070203271
302,3519,"s1","m2",0.434013620504639,-0.85535212161666,1.16923349581084,0.550624304348991,-1.31846189873394
303,3521,"s1","m2",0.179680482623788,-0.844072111042752,0.875253905881269,0.540479278191708,-2.32858587438102
304,3548,"s1","m2",0.234516835735657,-0.934331028996586,0.973929440287833,0.396113873637112,-0.0148384675921575
305,3583,"s1","m2",0.22731394096689,-1.07972502060415,0.971000288971977,0.189980612692217,0.0802261915687253
306,3590,"s1","m2",0.252439325265385,-1.13599622339697,0.905359913612969,0.189657949101198,1.04965250032176
307,3591,"s1","m2",0.257931517107276,-0.954144483546443,1.00568139425762,0.358762631616652,0.197784313741915
308,3610,"s1","m2",0.168714722659136,-0.954343265314602,0.966209282852581,0.295307201703779,-0.235017930664668
309,3619,"s1","m2",0.226084302476923,-0.895046939489479,1.0207247301095,0.497591279724687,-0.547342085945175
310,3650,"s1","m2",0.295529605761209,-0.95448414344681,1.15732600168833,0.424354049461538,-0.660436802595141
311,3656,"s1","m2",0.284590233670289,-0.961042880031752,1.06028537957288,0.325785776792057,-1.19111861363361
312,3674,"s1","m2",0.239498803014414,-0.90539009035863,0.943145038931505,0.347453597644937,-0.675454753308316
313,3690,"s1","m2",0.256492771195927,-0.947657692424196,1.01055609081709,0.364188218072694,0.226278298516565
314,3701,"s1","m2",0.320804561827152,-0.832727639351816,0.9839570527723,0.517569756215139,-1.35616220716056
315,3710,"s1","m2",0.338103356564943,-0.941401920737053,1.22876856318239,0.312011738589111,-0.167415301194945
316,3722,"s1","m2",0.366429660752924,-0.879941149351796,1.14056107572734,0.398109582320701,-1.24146480561372
317,3727,"s1","m2",0.271346198970655,-0.888996327134032,0.970940557606203,0.49528866511278,-0.768567067860916
318,3745,"s1","m2",0.310705304761444,-1.02480484805506,1.20148434088743,0.211949218350979,0.301695004381384
319,3750,"s1","m2",0.284551729762127,-0.951100947309847,0.978262294369599,0.335720232478817,-0.331085769123022
320,3785,"s1","m2",0.202853845464359,-0.996667572130644,1.05465795790179,0.436731722883227,0.48477209450232
321,3799,"s1","m2",0.289514627022339,-0.900834200165736,1.07764635773023,0.425789024465085,-0.72479848706951
322,3805,"s1","m2",0.362008916719443,-0.984276552145617,1.21526954513729,0.35433292245419,-0.264826514698548
323,3809,"s1","m2",0.330122588933183,-0.943319366260846,1.10793097619396,0.375766692961438,-1.12168001727922
324,3820,"s1","m2",0.236340238989964,-1.08604228564224,0.957002927194834,0.257704784139496,1.08433306664886
325,3822,"s1","m2",0.160810568133189,-0.965991378494143,0.891982495648651,0.412031410359496,-0.238008610337074
326,3837,"s1","m2",0.353235796507333,-0.915273532446189,1.17655313641358,0.452609547646871,-0.568021844917036
327,3852,"s1","m2",0.222701436182277,-0.95381059594524,1.03284372304688,0.368870534303327,-0.270435617590424
328,3853,"s1","m2",0.221263454448914,-1.02712621497421,0.984988205211379,0.186213953897891,-0.298805796331844
329,3860,"s1","m2",0.177115205035014,-0.955458584489228,0.932090591976012,0.392298754427316,-0.951105508979109
330,3873,"s1","m2",0.242293169296406,-0.942572535165498,1.15255864021891,0.435839935777808,-0.142293575699535
331,3893,"s1","m2",0.254238427650102,-0.977543019050129,1.10025634410073,0.426900898281515,0.020304042136304
332,3904,"s1","m2",0.346468138730145,-0.88742765704981,1.16535352129128,0.447958344334983,-0.85563195649812
333,3913,"s1","m2",0.209199879867184,-0.984902439600443,0.914506313163701,0.340128470363588,-0.126509650293827
334,3919,"s1","m2",0.255786703515296,-0.968423861614047,1.09868246140157,0.367624779118833,-0.184618425085216
335,3923,"s1","m2",0.279046125633634,-1.02182893052627,1.0958266569743,0.325821560586985,0.031795595929587
336,3931,"s1","m2",0.240320612385918,-0.966375116319833,0.965619829993508,0.365100553735158,0.256932081295248
337,3934,"s1","m2",0.235123927446995,-0.936812018757325,0.965268649728803,0.462024850710045,-0.82625161200176
338,3937,"s1","m2",0.321066771629072,-0.878079419929624,1.05822414666452,0.433503862782387,-1.06798490910998
339,3939,"s1","m2",0.200375670217191,-1.01816259463577,0.975863004563536,0.305891064269613,0.194987302728258
340,3949,"s1","m2",0.336625783463115,-0.954940964958603,1.09905896754065,0.332089929588679,-0.484359387148955
341,3993,"s1","m2",0.288080950707002,-1.02398833676432,1.12295753160212,0.193802965707666,0.145807492725042
342,4000,"s1","m2",0.240885503241344,-1.02232446651296,1.01433541378536,0.505303234380176,0.466407338686274
343,4010,"s1","m2",0.268367643070951,-0.998280487833509,1.03933196582267,0.172388651555077,0.409674037956325
344,4025,"s1","m2",0.179670750272605,-1.00827187999915,0.898127412804935,0.296756398491721,0.552011635291419
345,4026,"s1","m2",0.354315178582633,-0.975771958325055,1.13411905871609,0.445899350333925,-1.71200725968368
346,4037,"s1","m2",0.237819149403766,-0.967920475679593,1.05058524228761,0.372881531679434,-0.314926245829438
347,4055,"s1","m2",0.237083990730065,-1.0043115409905,1.04162971284944,0.318935856949295,0.0169593206761479
348,4056,"s1","m2",0.211969696246259,-1.02929556442528,0.988305849575459,0.111085101520409,0.533896553022823
349,4080,"s1","m2",0.241774983852617,-0.912735032506607,1.04311820105286,0.479970792618836,-0.867151364221235
350,4085,"s1","m2",0.324997311721725,-0.927700614105701,1.07248121198337,0.310507434803118,-0.40811434423097
351,4096,"s1","m2",0.295940950761884,-1.03975328191695,1.17087917487345,0.236161368145199,-0.179909399356556
352,4122,"s1","m2",0.277358433103445,-0.95518268220841,0.946977089708486,0.276139572657689,-0.203431948820047
353,4133,"s1","m2",0.144821200073242,-0.972058608732675,0.845698283075465,0.359437284526659,-0.140253194189569
354,4135,"s1","m2",0.227110489105372,-0.983678336658294,1.05184793486641,0.404678322224062,0.0401646405781325
355,4144,"s1","m2",0.202628518227077,-0.975069108203073,0.97772756432162,0.284700057271906,-0.00508034664672346
356,4146,"s1","m2",0.230255984820775,-1.00730338526953,0.973960242059602,0.221350723276669,0.0495218832289014
357,4148,"s1","m2",0.249348841197777,-0.798648057378304,1.02195646415206,0.549899030101844,-1.21844003688514
358,4155,"s1","m2",0.161233739308114,-1.00151391453686,0.906508049583208,0.348590068153614,0.180381175996749
359,4157,"s1","m2",0.220265983447178,-0.994853178480412,0.916739512777867,0.270655609326196,-0.0897938760136806
360,4212,"s1","m2",0.272429238389928,-1.11641670768782,1.08004054245335,0.11355037358313,0.874171918939478
361,4217,"s1","m2",0.281929174060515,-0.936862000755762,1.03991550903703,0.471830867488866,-1.73434677951176
362,4223,"s1","m2",0.27721237188905,-0.978834327967145,1.16484720496683,0.424697643811391,-0.284888755342165
363,4266,"s1","m2",0.109946356352029,-0.93091205302234,0.852161354691489,0.405006505931028,0.558561928644711
364,4291,"s1","m2",0.274992862090934,-0.870940615027981,1.05065078814884,0.512469966114846,-0.395254909563735
365,4297,"s1","m2",0.218760104021337,-0.971758727591429,1.01302494876482,0.316904241065802,-0.699699713597849
366,4319,"s1","m2",0.176614851335277,-0.95772011879013,0.936734480918951,0.449960087587416,0.0283708161742933
367,4320,"s1","m2",0.285296039834235,-0.856834211138311,1.02921803810797,0.458202132399271,-1.02460430671011
368,4331,"s1","m2",0.163865636978668,-0.986400275905168,0.87499126731323,0.336615564663332,-0.317479497522284
369,4332,"s1","m2",0.295684443923948,-1.0358874008264,1.17203470721758,0.144183448886508,-0.226274080386495
370,4346,"s1","m2",0.193882191906795,-0.915840669322695,0.98294771270939,0.367023315310225,-0.165170692174477
371,4347,"s1","m2",0.270895863437058,-0.994480609891882,1.01077614975498,0.336064178671011,-0.0277028188444876
372,4365,"s1","m2",0.261393402081154,-0.991025348559707,0.991454444795166,0.353493220542659,-0.105265523074329
373,4375,"s1","m2",0.29501495028641,-1.04867390381407,1.17163272125563,0.236366968245668,-0.211478823327168
374,4384,"s1","m2",0.28303754738211,-0.962285265741564,1.0552086650547,0.544192898886058,-0.476796467406183
375,4446,"s1","m2",0.438272076684353,-0.90924346008688,1.30790634169119,0.414794509357649,-1.3367191305939
376,4451,"s1","m2",0.267029568349413,-0.96100280061629,1.06615801877417,0.249366929817345,-0.812819176082064
377,4454,"s1","m2",0.320940539514196,-0.926785205439458,1.16910677070062,0.349372268501713,-0.152066765596117
378,4464,"s1","m2",0.208917149162577,-0.952745580128176,0.942734927899123,0.347117713469066,0.103847806715085
379,4476,"s1","m2",0.339942415905268,-1.00518863325879,1.1456514424589,0.323005973819577,0.163378091878482
380,4487,"s1","m2",0.223113074331593,-0.998454823514865,0.95857262047796,0.283290477278566,-0.336927273851361
381,4493,"s1","m2",0.281658844620363,-1.04319308784554,1.02307751582284,0.136804948279823,0.423112510195039
382,4496,"s1","m2",0.346333009956496,-0.962778201890196,1.22616943427017,0.262374282450519,0.0170177576807699
383,4497,"s1","m2",0.24473826137098,-0.960851431065032,1.04258000737776,0.336441872091653,-0.449557761268839
384,4502,"s1","m2",0.296916455130814,-0.884547661653115,1.05668183747834,0.524673989488969,-1.09622906346388
385,4520,"s1","m2",0.274865172240019,-0.912648341638234,1.13820556872307,0.563096023202636,0.0107228406537854
386,4527,"s1","m2",0.24597151527103,-0.89601587358623,0.998724803140966,0.496374832624686,-0.852284145293181
387,4530,"s1","m2",0.231490204607283,-0.946997134915786,1.03411064538066,0.43315772439817,-0.779412651468236
388,4532,"s1","m2",0.235043317499141,-1.02928662880952,1.02983952723997,0.166003370411436,-0.054491550661092
389,4541,"s1","m2",0.334058704876466,-0.99991254043065,1.15262776914844,0.391544584742549,0.131239892828695
390,4564,"s1","m2",0.321381212841605,-0.90253374821346,1.0986745873641,0.328300687146023,-0.53112490002765
391,4568,"s1","m2",0.0613825489640228,-0.961355697717788,0.692642212107761,0.486820763237549,0.150979487041748
392,4582,"s1","m2",0.391068047492219,-0.870806261834702,1.23303868366843,0.518655491626538,-0.457459030690036
393,4590,"s1","m2",0.32513024012555,-0.975094664386104,1.07331104913818,0.497246580236029,0.160297326263856
394,4593,"s1","m2",0.282647593527839,-0.94913881427448,1.11775193367214,0.21861115605244,-0.0307474557248442
395,4599,"s1","m2",0.0917276314854947,-1.05333448646239,0.814081934493248,0.116430147469633,0.138065886044918
396,4601,"s1","m2",0.406833239999963,-1.00979370778072,1.29193008289509,0.266376697062949,-0.977485622985666
397,4603,"s1","m2",0.360409516032754,-1.01126294918182,1.12807285013582,0.316623803448491,-0.351192302130219
398,4626,"s1","m2",0.210576170872484,-0.95234770354335,0.943665705090227,0.356281648042119,-0.187481455722927
399,4631,"s1","m2",0.280087640179721,-1.03619502244616,1.0497486907332,0.121876355991472,0.0607149999215886
400,4635,"s1","m2",0.247397536358385,-1.09750358699452,1.06499311556459,0.146444392706964,0.178180573768025
401,4643,"s1","m2",0.212795145745503,-0.964118874334609,1.04726736691066,0.296543906957714,0.182322141301513
402,4674,"s1","m2",0.230437079059906,-1.0010017888042,1.08018368589219,0.204918243985846,0.0462052514630479
403,4677,"s1","m2",0.263213323919514,-0.874827784295358,0.975167571130868,0.410305362519636,-0.846904781876079
404,4726,"s1","m2",0.168468054696467,-0.918383925172394,0.905318922299221,0.390362964502081,-0.0418746821298495
405,4730,"s1","m2",0.269693389179836,-0.985976445789167,0.947141767762211,0.399572366087255,-0.210739552247329
406,4732,"s1","m2",0.299202268664862,-0.954098448025509,1.003054016037,0.385445924052807,-1.36686393615099
407,4734,"s1","m2",0.309571698940791,-0.978092781080565,1.19737689671496,0.412124418744246,-0.0609698654061867
408,4746,"s1","m2",0.300805371889277,-0.96499974536291,1.09440285145264,0.323889155859203,0.334163981994415
409,4749,"s1","m2",0.31322138080456,-0.981105253847298,1.12861386355328,0.270202671547705,-0.644409812177685
410,4752,"s1","m2",0.319157709138979,-0.980277428557228,1.0768003747739,0.150224890384757,0.186550422222538
411,4761,"s1","m2",0.283195695712505,-1.03916776375767,1.07491918644379,0.210173604651205,-0.00660021329809913
412,4780,"s1","m2",0.355932286403938,-0.98224016896065,1.19848919190278,0.423881041534988,-0.389971574274949
413,4782,"s1","m2",0.210303737048767,-0.935773339136639,1.11506485301286,0.454794831615869,-0.287361857446138
414,4784,"s1","m2",0.333587263657427,-0.95738228500869,1.10032741905555,0.405933033987136,-0.330507713500184
415,4798,"s1","m2",0.278117559741755,-0.932273578816488,1.15152754171193,0.441723058639844,-0.823452016902354
416,4805,"s1","m2",0.265434712387877,-1.00524581933572,0.969188854622133,0.382807581348136,0.233632071718799
417,4820,"s1","m2",0.186990421336351,-1.00924919920105,0.797472944573574,0.284647815037829,-0.517027423414581
418,4822,"s1","m2",0.30642379807305,-0.950465694042846,1.18192302720183,0.476148565898936,-0.801268697261766
419,4844,"s1","m2",0.368428524730985,-0.987068216127148,1.13672615890181,0.273015936192443,-0.064062410846244
420,4848,"s1","m2",0.301881510502994,-1.02134908569553,1.05391766316336,0.370826372594779,-0.128160055200916
421,4890,"s1","m2",0.283087517574008,-0.902334727848871,1.07059844694628,0.458711393970987,-0.72497094525874
422,4891,"s1","m2",0.350383871483516,-0.948166032577689,1.19205225586995,0.331292075683783,-0.353520068772734
423,4913,"s1","m2",0.241562504559767,-0.953760791124479,1.05225867905384,0.472519879982118,0.020406423542431
424,4943,"s1","m2",0.289153469582174,-0.932998338799781,0.988501311219884,0.187751978876418,-0.349084993842197
425,4954,"s1","m2",0.185783093769628,-0.878237716041322,0.964954625056673,0.385849160385697,-0.743903890877201
426,4960,"s1","m2",0.388617180454634,-0.947909399515233,1.24069315872305,0.428801822881225,-0.23655417791377
427,5000,"s1","m2",0.148444959895614,-0.94325343237622,0.814108374226012,0.352150409276076,0.0286012792498394
428,5009,"s1","m2",0.345984531223829,-0.994545898724511,1.22615538226549,0.360956781965576,0.0392961060225056
429,5012,"s1","m2",0.334039124589682,-0.881926910265148,1.15321648149745,0.575568921277685,-0.912024215453762
430,5020,"s1","m2",0.235999992323183,-0.988894658652701,1.07667208958032,0.236245359475388,0.328549233322913
431,5028,"s1","m2",0.165360965116277,-0.948912465923762,0.864683949950898,0.516190577999943,0.0712633282386302
432,5044,"s1","m2",0.292517893630847,-0.961684328020027,1.07639809274167,0.373093519388786,0.336317534718657
433,5045,"s1","m2",0.368640347025687,-0.978905249318335,1.20616166250967,0.338863083769338,-0.437022286496512
434,5059,"s1","m2",0.268558236581313,-0.980768394395272,1.12042181824671,0.336869540546833,0.204951959197974
435,5066,"s1","m2",0.243320052701161,-0.975564751689695,1.05466043955065,0.393055755773376,0.203733696290249
436,5117,"s1","m2",0.301897479963961,-0.914280126596992,1.03208718123139,0.474981907768841,-1.20000141567406
437,5121,"s1","m2",0.317280598908458,-0.960775396696945,1.16948477349313,0.263659782917371,-0.22511132312541
438,5124,"s1","m2",0.291638196558947,-0.97009341706444,1.14389973782,0.327442140087612,-0.0807492287832452
439,5127,"s1","m2",0.269868563180122,-0.974991489240965,1.08739177877616,0.460591337280847,0.746046133138086
440,5128,"s1","m2",0.213313960182131,-0.889210557365075,1.02752926963278,0.55900239494993,-0.588957230870421
441,5130,"s1","m2",0.186486190646471,-0.911538086087352,1.02354735288727,0.459686425012035,-0.331362826187443
442,5134,"s1","m2",0.360720221320855,-1.04689876564295,1.21278269652199,0.163933273155904,0.633163576528249
443,5135,"s1","m2",0.206054355994247,-0.979537410663995,0.956678533895508,0.362381478834845,-0.147168752592782
444,5137,"s1","m2",0.324179968383613,-0.911852326019527,1.13770666254154,0.407800619446576,-0.833325901431238
445,5139,"s1","m2",0.257306598476527,-0.978089469575097,1.09054157925799,0.191998690458221,0.0203980127862969
446,5141,"s1","m2",0.188162077829954,-0.948074274149104,0.993565257560139,0.373909568886367,-0.24564780313487
447,5144,"s1","m2",0.254841802583348,-0.95926070546614,1.04793254994812,0.396109309904978,-0.652211789835994
448,5146,"s1","m2",0.263902814815356,-0.997090487533078,1.12293011571112,0.468452093700312,0.172153378101408
449,5160,"s1","m2",0.245454109518682,-0.843397520529372,0.959313223041273,0.378872132913532,-2.74362731838012
450,5175,"s1","m2",0.328538813343486,-0.990023988284255,1.13263862324623,0.285736270724587,0.412502574047061
451,5204,"s1","m2",0.187222748685128,-0.941786628978964,0.94309631879075,0.494189081708357,-1.08762460652719
452,5217,"s1","m2",0.252265235457367,-0.844161868370473,1.07153923856777,0.502287668223346,-1.72531467662509
453,5235,"s1","m2",0.321412021585523,-0.962371901227313,1.07797447709848,0.502099544957034,0.228843854444203
454,5255,"s1","m2",0.339688076355797,-1.04756379833684,1.2678793768704,0.115683861528585,0.0967264878837142
455,5264,"s1","m2",0.264908977049209,-0.897713187650304,1.06608021068493,0.449089485201633,-0.0546721689116843
456,5265,"s1","m2",0.148783928496977,-0.915438842408772,0.910051665984897,0.435934936360383,-0.53414993705525
457,5274,"s1","m2",0.252742758158093,-0.948351552562093,1.02560635596922,0.437863818540155,-0.0441989427318684
458,5285,"s1","m2",0.310046926417782,-0.914898332518532,1.15236798786723,0.453067835707749,-0.627865046884029
459,5287,"s1","m2",0.318525386120441,-0.917949050953929,1.12097921913545,0.291643846891048,-1.40487730237053
460,5328,"s1","m2",0.354566685708386,-0.874227496072981,1.23835769945239,0.568262184854247,-1.77969756911382
461,5359,"s1","m2",0.284092676671318,-0.857507092906265,1.08232268571959,0.583050705450418,-1.21525563004311
462,5375,"s1","m2",0.19841513434713,-0.91241090217896,0.890065767946915,0.319866522122408,-1.85339145736045
463,5379,"s1","m2",0.308941599832377,-1.00561401733721,1.02136744376589,0.0991872967240958,0.157938393269064
464,5384,"s1","m2",0.257820805922967,-0.849031943654972,1.128484691418,0.436905262003681,-2.0700134473304
465,5386,"s1","m2",0.34474756244238,-0.867966625955198,1.21856565648305,0.435136900886724,-1.34506260585976
466,5408,"s1","m2",0.276410830585296,-0.968059471060046,1.07276589076934,0.291244653245307,-0.0859830893779275
467,5422,"s1","m2",0.274795671132565,-0.922783666524675,1.05444747510608,0.399688397280651,-0.350876568750375
468,5434,"s1","m2",0.238522881600064,-0.875219705534192,0.999994959770675,0.498057554145212,-0.813523071378825
469,5445,"s1","m2",0.216116494359958,-0.969492302170881,0.977390019977722,0.359861764057594,-0.391907548227022
470,5447,"s1","m2",0.348254656920887,-0.898628662988093,1.18936792508047,0.48401779228135,-1.08350976677635
471,5461,"s1","m2",0.299795770525209,-0.865338958707329,1.00408849053025,0.454709095224021,-0.835316180017242
472,5464,"s1","m2",0.338938439600421,-0.913005346713129,1.17206292606789,0.428688533450742,-0.873748068659441
473,5494,"s1","m2",0.288296558765359,-0.914493888994284,1.01043253310507,0.494810152409472,-0.416358992992138
474,5506,"s1","m2",0.213433243317293,-0.956626814042817,0.983892787895758,0.286427582519425,-0.8991146993307
475,5532,"s1","m2",0.177661328819287,-1.06306787669425,0.954462807185173,0.229564562143322,0.0843908117512155
476,5545,"s1","m2",0.418291645892004,-0.985957126674673,1.20254028972329,0.296420235776896,0.0182707758319568
477,5572,"s1","m2",0.375825675990835,-0.870668587889031,1.20168778514051,0.503793933240268,-0.4901374001795
478,5593,"s1","m2",0.273654624658957,-0.946147016709155,0.919456393062555,0.449020612442095,-0.902321947219281
479,5597,"s1","m2",0.353485502462527,-0.869237018186515,1.16221032490266,0.541073538799967,-1.94867375158859
480,5652,"s1","m2",0.319199720277815,-0.974920976522572,1.17585591684853,0.341584114940509,-0.726702714476749
481,5660,"s1","m2",0.312758995277979,-1.05102645394733,1.11835682836857,0.0593820590246284,-0.0932021214916735
482,5677,"s1","m2",0.220487718929625,-0.89166691085831,0.912635667068911,0.351669661349317,-1.75799927054067
483,5681,"s1","m2",0.287298141029003,-0.955992657686123,1.14573026891643,0.409392360531899,0.193830723160674
484,5720,"s1","m2",0.328519901053777,-1.04189555600052,1.13761290579082,0.209248588206628,-0.043232647686994
485,5756,"s1","m2",0.167844536340147,-0.999288271278642,0.906779471085853,0.357318648037137,-0.0719092331096083
486,5762,"s1","m2",0.292994396167933,-0.873450178721396,1.15754780865255,0.526398988032862,-0.488447253853052
487,5791,"s1","m2",0.21871362676374,-0.985361340023376,1.04881845898587,0.340932548088761,-0.0283232829998267
488,5802,"s1","m2",0.332114337904512,-0.929039734446745,1.09349333899474,0.548360354977294,-0.226692124378855
489,5814,"s1","m2",0.299272699136647,-0.962357278693831,1.10141852600853,0.139551837757292,-0.698907281028387
490,5827,"s1","m2",0.251036130427553,-1.05789248606995,0.946059692626491,0.255479443823865,0.558559917811418
491,5836,"s1","m2",0.292712909257841,-0.897601283576803,1.04702099986583,0.529463476779987,-0.577546555584908
492,5838,"s1","m2",0.154960679892235,-0.914009588830655,0.886049760792793,0.615765572419417,-1.09920183918246
493,5865,"s1","m2",0.199038622736374,-0.88816994539774,1.01336606517069,0.519830630111476,-0.288658900139674
494,5867,"s1","m2",0.248884652131038,-0.97716924464932,1.02360080580621,0.521337347547348,-0.407301448744319
495,5868,"s1","m2",0.174662700108214,-0.896196153947584,0.932708575802884,0.484972183745341,-1.06469685476023
496,5881,"s1","m2",0.384600895671357,-0.918188144006623,1.29406458755497,0.389639826519418,-0.321715427193839
497,5893,"s1","m2",0.0865729279415634,-0.951263481380261,0.951195845745701,0.486139863404064,-0.45746304883748
498,5912,"s1","m2",0.205527128001886,-0.940782981895492,1.04085571228849,0.479023276448353,0.566315266206035
499,5933,"s1","m2",0.224715166630357,-0.868993757448708,0.955330349244289,0.504351379572751,-0.945870775239686
500,5959,"s1","m2",0.283453438862798,-0.985475814378126,1.11285134643321,0.429398342853241,-0.254922320012346
501,5978,"s1","m2",0.25763277490636,-0.909561962751813,1.0047561090353,0.491994937077465,-0.734012224829834
502,5989,"s1","m2",0.325398039088662,-0.865453910151497,1.04896259888989,0.609536912172881,-1.40006954704362
503,5993,"s1","m2",0.317332179221265,-1.00239750796394,1.07850415226696,0.28111296087778,-0.099751661137353
504,6050,"s1","m2",0.322170037753065,-0.89050591258827,1.20047403440862,0.350574582237953,-0.78567191691526
505,6062,"s1","m2",0.380178153696263,-0.907176483540157,1.1863756647274,0.489884172169487,-0.325300815082461
506,6127,"s1","m2",0.303313671240664,-1.01350782369929,1.11694034331428,0.367618012037788,0.0502316245162
507,6130,"s1","m2",0.25288523960783,-0.902980173200907,0.937231614524002,0.352805878781571,-0.639101719917573
508,6132,"s1","m2",0.311801955440634,-0.890807127420037,1.12393654742733,0.45250393832389,-0.992485160552103
509,6135,"s1","m2",0.285711840287082,-1.01823351219076,1.03596746656658,0.206835584536379,0.010539819926132
510,6154,"s1","m2",0.229896519099825,-0.958098585764594,1.05392162127224,0.292624918780538,-0.595284335551479
511,6156,"s1","m2",0.287346782563475,-0.938729036447724,1.01368700856176,0.45645990546855,-0.473602438506746
512,6158,"s1","m2",0.26631982848784,-0.892450431475554,1.06684952607104,0.387821648577534,-1.10617273913251
513,6171,"s1","m2",0.272994420247264,-0.905110108626519,1.09974226602722,0.509677253444354,-0.600017944467076
514,6175,"s1","m2",0.232511089632199,-0.973381200460645,0.946196620571244,0.363169088382564,0.054144041845637
515,6185,"s1","m2",0.286879663615412,-1.01051811701725,1.08557855591385,0.333282778676912,-0.732023419038409
516,6187,"s1","m2",0.370320034710806,-0.882134715515844,1.18865500170576,0.510428928378069,-1.23930547597383
517,6191,"s1","m2",0.278144708952476,-0.93150626847357,0.992427909744449,0.373536203671261,-0.742331698085769
518,6212,"s1","m2",0.316135553160159,-0.94656622434409,1.2460640113976,0.31988261822285,-1.23174807676417
519,6218,"s1","m2",0.21459618147101,-0.920293881919684,0.91308312117781,0.30907834948951,-1.24164914211353
520,6221,"s1","m2",0.263291660267971,-1.0580058720043,1.05302332476705,0.173153522912524,0.280846868618144
521,6238,"s1","m2",0.309806356355233,-0.996095311917595,1.01784486243378,0.379635302922594,-0.265750392457275
522,6273,"s1","m2",0.179051009835538,-0.98616312975254,0.886831850537385,0.081891883503509,-0.0279228027263454
523,6284,"s1","m2",0.217064489146815,-0.976219927726493,1.0748329837403,0.40206101431367,-0.359470497690512
524,6292,"s1","m2",0.309804490446824,-0.902426361082329,1.06990272337042,0.384172270022322,-0.711763318819681
525,6298,"s1","m2",0.278658522430107,-0.883510901274188,1.13355455126114,0.577945340757244,-0.249343869675718
526,6315,"s1","m2",0.208173549410339,-0.906287658341786,0.964703668423834,0.325343255283699,-0.325671294635655
527,6366,"s1","m2",0.26045343279376,-1.0051123254726,1.04811101002455,0.288729365874336,0.326084482801763
528,6367,"s1","m2",0.150249605848303,-0.995481944859401,0.784123360602936,0.402568233254758,0.89472080714917
529,6380,"s1","m2",0.266066917694365,-0.963410197008548,1.14798924849355,0.322459698226777,-0.34650331623037
530,6382,"s1","m2",0.345811675007065,-0.84725208483572,1.08544342672307,0.425258730551174,-1.85978092031269
531,6387,"s1","m2",0.199806184021026,-0.949733326006668,1.05073780515928,0.394866226456095,-0.457299649883725
532,6419,"s1","m2",0.344458671534447,-0.86760914447034,1.10925089408224,0.589164134256608,-0.847186861022786
533,6425,"s1","m2",0.217586390440578,-0.877304915044429,0.945425749720626,0.346678513485845,-0.904110824450624
534,6438,"s1","m2",0.252443777393314,-0.923099663395914,1.02891213634521,0.385996764438245,-1.54310122924831
535,6458,"s1","m2",0.302972456569974,-0.96643401677639,1.09327216115279,0.418591558822508,-0.804591212920013
536,6488,"s1","m2",0.178238981985934,-1.06105427021267,1.00081580667898,0.28243020501804,0.588997396623654
537,6490,"s1","m2",0.412123543165766,-1.0366775663691,1.27102188727924,0.359104122426329,0.0847227221448712
538,6494,"s1","m2",0.27092465213049,-1.06883201581115,1.0870590424124,0.281685678726456,0.837112511572873
539,6497,"s1","m2",0.227611433290156,-0.965248220465551,1.04961937891267,0.363685490514646,-0.221861336733047
540,6505,"s1","m2",0.201255928069067,-0.88979441875507,0.96782509006806,0.350165255652408,-1.20688427531726
541,6506,"s1","m2",0.279660305236049,-1.01355879409745,1.0683864163753,0.410047110892387,0.0246145082609543
542,6519,"s1","m2",0.263823072967553,-0.969803823819287,1.21202510861786,0.429111634710412,0.683936943787675
543,6530,"s1","m2",0.27631723244472,-0.969205374629525,1.07348051155334,0.316582046738228,-0.267964900224313
544,6549,"s1","m2",0.2968857049603,-1.00825124412542,1.06332068308636,0.391736879192618,-0.223769523083384
545,6559,"s1","m2",0.266353073461287,-1.01777269603002,1.03118928966991,0.430829564990159,-0.429578962887948
546,6563,"s1","m2",0.140698070186222,-0.963336411514742,0.961538443041525,0.466724337716829,0.0463346933795466
547,6586,"s1","m2",0.221248151771907,-0.875522748741691,0.992143240226089,0.545240886605997,-0.931846231829075
548,6596,"s1","m2",0.274902317434466,-0.925494286877319,1.08087704062942,0.280970520741942,-0.812318175252372
549,6599,"s1","m2",0.235032187810556,-0.832430315064984,1.02337993539991,0.455901932943259,-2.3265407296227
550,6620,"s1","m2",0.199679562651974,-0.950299322958722,1.00162541983152,0.252639319817841,-0.247673524879985
551,6623,"s1","m2",0.303232438481333,-0.946746948385819,1.15698149891128,0.428834489973325,0.324186094842139
552,6633,"s1","m2",0.290966073070589,-0.960149048134194,1.05465314699526,0.526889237465027,-0.879470945511017
553,6662,"s1","m2",0.267350324434223,-1.00025858285502,1.1390704154727,0.291685562777498,-0.0380520622538915
554,6667,"s1","m2",0.282371937691728,-0.903125065163222,1.13418676065226,0.484684379528372,-0.526454453572222
555,6674,"s1","m2",0.28553339775083,-0.979601452152767,1.10289536975166,0.452718346937763,-0.439847295364469
556,6708,"s1","m2",0.224383976418074,-0.96915984481192,1.04445222072777,0.335100114458692,-0.439790781723362
557,6713,"s1","m2",0.308700825512999,-0.93300308428663,1.14029533119514,0.314705346687197,-0.787916724126045
558,6739,"s1","m2",0.333806033971342,-0.964646905690059,1.04794690465624,0.315907866778955,-1.01870156451039
559,6741,"s1","m2",0.240196915541548,-0.881579203317531,0.869176672863872,0.467058072762265,-0.19848580033171
560,6761,"s1","m2",0.0771036835417534,-0.997505583040918,0.825627383277779,0.332446127026107,-0.0588974614303278
561,6766,"s1","m2",0.390273399930199,-0.919123443862566,1.22452664610757,0.175989985885406,-1.09912906306828
562,6774,"s1","m2",0.147253326387185,-0.788026448668589,0.765415911180995,0.662339196649798,-1.47430545780006
563,6775,"s1","m2",0.238593968519853,-0.860005476659688,0.999694592691503,0.411944076228702,-0.729913268378376
564,6776,"s1","m2",0.273390148062333,-0.884639685022012,1.03702734379883,0.488009403200901,-1.24107644477276
565,6778,"s1","m2",0.295914526281182,-1.02817045569846,1.11462744022516,0.331632152619195,0.374803727721363
566,6781,"s1","m2",0.306451028695212,-0.931060348857953,1.03451819353722,0.446308310485461,-0.534460344156191
567,6788,"s1","m2",0.284519422863227,-0.9240380705356,1.0951432249573,0.385992352109773,-0.447293306250522
568,6792,"s1","m2",0.416040852549871,-0.960972331779437,1.23939861070644,0.394673886801228,-0.0609070660642257
569,6798,"s1","m2",0.428669776991632,-0.942753997886176,1.31910341176553,0.213469866662273,-0.893213979583847
570,6833,"s1","m2",0.324380723147862,-0.941942353513378,1.0447492836248,0.370563190269469,-1.17693100698378
571,6834,"s1","m2",0.250494659684799,-0.833395779828604,1.00933146475212,0.563336222320474,-1.36698747239861
572,6841,"s1","m2",0.301028795585022,-0.892661267283897,1.12122784289527,0.486337686387562,-0.041685049964328
573,6851,"s1","m2",0.257578877668552,-0.97831152894711,1.04916224530124,0.317000295085556,-0.0623410274092057
574,6867,"s1","m2",0.176068712728018,-1.02594044768695,0.828925106207109,0.268671198187406,0.568201141078124
575,6875,"s1","m2",0.230374226668659,-0.978891574280722,0.984739632147757,0.357268296321161,-0.125246777984164
576,6877,"s1","m2",0.243890899796955,-0.99825450124843,1.00027202345005,0.440171051262474,0.420141614548844
577,6887,"s1","m2",0.22810340652654,-0.911144352996157,0.976374903283617,0.519084617499885,-0.210993541147346
578,6890,"s1","m2",0.254599281417276,-0.982912715007205,0.953942287094708,0.20233376571744,0.484242508540628
579,6908,"s1","m2",0.32084069774276,-0.99567688625704,1.16527014665722,0.433864614674513,0.0704382366076345
580,6923,"s1","m2",0.356686564151671,-0.930386534941732,1.3232276587256,0.260127780132548,-0.401906926225193
581,6992,"s1","m2",0.242323712604345,-0.946198934869116,0.988586129892084,0.38292562342158,-0.193658440788084
582,7008,"s1","m2",0.0694356943116365,-0.908438521354479,0.801574921577189,0.299698219588231,-0.4945023074113
583,7011,"s1","m2",0.310461560704633,-0.939587005266227,1.04878872800227,0.444466499253516,-0.613334433109763
584,7034,"s1","m2",0.32684296311304,-0.881084906828779,1.19551581029949,0.57708914302566,-0.479252520089717
585,7064,"s1","m2",0.372639054918935,-0.992637026479127,1.21327143412266,0.325270264426518,-0.53134743225167
586,7068,"s1","m2",0.275961671596943,-0.912181868870753,1.05321457430066,0.420788658469188,-0.245083958633885
587,7072,"s1","m2",0.257716968820469,-0.972593859632685,1.11754725197163,0.283607642344138,-0.510513372553715
588,7074,"s1","m2",0.196616443885991,-0.830028207332752,0.922054708905899,0.539095474929979,-1.24377924635003
589,7080,"s1","m2",0.228091214672665,-0.980437898039632,0.929017127764636,0.213052137652056,-0.380124193416586
590,7090,"s1","m2",0.243786614568838,-1.05045369583667,1.10322888297268,0.0181402067977904,0.345611961217416
591,7099,"s1","m2",0.253211585499773,-0.867108075625332,1.07474185478577,0.484947186585724,-1.87626279825219
592,7115,"s1","m2",0.256789180022626,-0.951279188639114,1.11864321477961,0.347740271375526,-0.666212487672923
593,7147,"s1","m2",0.264859345006279,-0.901431034049861,0.927160525065175,0.378541992314538,-1.28429074502243
594,7152,"s1","m2",0.332693671458466,-0.859056263372082,1.15198668177991,0.588677311716869,-1.10805916747867
595,7169,"s1","m2",0.363433286598172,-0.951867648988811,1.23117989297448,0.418207478387325,-0.168559405643285
596,7173,"s1","m2",0.178552808781233,-1.09866793797915,0.969912460988577,0.220221967318182,0.782662909916451
597,7177,"s1","m2",0.172424505696017,-0.944405685230883,0.960413215022313,0.499719817174229,0.445491222308929
598,7188,"s1","m2",0.271497621364972,-0.897044349184803,1.11469193305768,0.635078173133052,-1.48134113463648
599,7189,"s1","m2",0.263740203162836,-0.943414403588502,1.02075716884905,0.290648642484723,-0.772317446500619
600,7214,"s1","m2",0.191086749864591,-0.991711549983153,0.825361325979618,0.341370121025555,-0.630526925765094
601,7219,"s1","m2",0.161381231683503,-0.924688981534983,0.84325480987295,0.457701686116452,-0.27955699545132
602,7228,"s1","m2",0.261242664860564,-0.944136022559071,1.00650961648191,0.577591292149348,-0.0194912712303404
603,7231,"s1","m2",0.327212077044469,-0.878671265386896,1.01619196970011,0.452073595128443,-1.56775838273547
604,7232,"s1","m2",0.30616601182162,-0.949541752432937,1.17948289945207,0.258085085235785,0.0172732730992531
605,7234,"s1","m2",0.237049993243581,-0.881398741492332,1.01500317566906,0.392371107740732,-0.739050427120842
606,7250,"s1","m2",0.114283681013159,-1.03080230527541,0.876200089897655,0.155968420603093,0.173250502103659
607,7261,"s1","m2",0.287172996478614,-0.997140334047448,1.01710176659985,0.367887639163524,0.0373322499069841
608,7278,"s1","m2",0.357779536289032,-0.88132635171266,1.17019124010569,0.443834165516091,-0.380664061451462
609,7279,"s1","m2",0.287460765849088,-0.900662655221566,1.09323926966217,0.369700889764295,-0.720538877526317
610,7281,"s1","m2",0.246518853008085,-0.99002455932603,0.920880806127074,0.413585513558181,-0.241670272755104
611,7286,"s1","m2",0.314408547706473,-0.967785397173057,1.16383632845756,0.348300058150975,-0.0504707540632702
612,7299,"s1","m2",0.255640580045457,-1.04293538653269,1.03853463337946,0.362499578306811,0.405482217304965
613,7305,"s1","m2",0.21504889702496,-1.05269109563174,0.974006477958034,0.31846468742591,0.13614604797065
614,7337,"s1","m2",0.318176967527923,-0.986877110073169,1.18241192278998,0.258456845616247,-0.19035644002952
615,7338,"s1","m2",0.218578299984902,-0.903535408189194,0.973888058642475,0.503245540114307,-0.884503349262618
616,7357,"s1","m2",0.244471847776924,-1.05415078196784,1.00883526371269,0.19724322193321,0.313295321879959
617,7371,"s1","m2",0.37526774695954,-0.851660313570626,1.1150970015214,0.508693643369567,-0.901067371245279
618,7405,"s1","m2",0.290172507267197,-0.887106101919988,1.13749025799676,0.554111908433857,-0.796157291526875
619,7430,"s1","m2",0.156422574156488,-0.966920878334212,0.81071011992154,0.278252643742867,-0.476981570946087
620,7445,"s1","m2",0.267435926253584,-0.967021371125606,0.986581111233439,0.190913337659462,-1.55494510061211
621,7452,"s1","m2",0.300743135693744,-0.933266193908243,1.0901975624245,0.482375329354269,-0.418167407848145
622,7453,"s1","m2",0.290826109761288,-1.0717221282352,1.05685561174695,0.189956190647353,0.588402934366422
623,7472,"s1","m2",0.165760314349376,-0.797466602862882,0.986097859000371,0.579068140892076,-2.26565023981944
624,7473,"s1","m2",0.221996501190284,-0.87458400799203,0.867554860697807,0.4893954235692,-1.68950644213997
625,7476,"s1","m2",0.294764571833457,-0.965209993059455,1.08815746535816,0.381591178874942,0.0777151438327285
626,7483,"s1","m2",0.194416259435799,-1.02749640079691,0.998439204705878,0.164638899016122,0.594858443054328
627,7486,"s1","m2",0.196744519952542,-0.888313949252954,0.925358096868264,0.316257997134747,-0.377538325358558
628,7489,"s1","m2",0.301010955142002,-0.893347257935535,1.08294253407557,0.395565228480052,-0.779196866357066
629,7496,"s1","m2",0.265825602012679,-0.936319767106553,1.13973020108113,0.350560564832666,-1.00196055566574
630,7500,"s1","m2",0.279700382773784,-0.980090973638197,1.08893133342569,0.130567396831432,-0.115773928689673
631,7510,"s1","m2",0.268790134391544,-0.894801089754248,1.10313286375441,0.345546186096058,-0.93552431547809
632,7562,"s1","m2",0.160615962354646,-0.915227159514634,0.846174342225223,0.399281263584538,-0.208604087871944
633,7569,"s1","m2",0.242622705911839,-1.03886001884503,1.00482609570806,0.35261374764544,0.406262257402125
634,7599,"s1","m2",0.373508811251211,-0.986749441980482,1.24287460873621,0.378002345376558,-0.00883470640660156
635,7607,"s1","m2",0.29216608823202,-0.917742000698887,1.13261502574983,0.334653089336567,-0.74130712491899
636,7616,"s1","m2",0.296927480664541,-0.892857552025053,1.14921388131841,0.406228142073906,-1.48402179059193
637,7618,"s1","m2",0.413558008172238,-0.931521635940399,1.26049534870987,0.372145854344328,-0.479399578392761
638,7651,"s1","m2",0.168586993341846,-1.12166598484473,0.869990200190255,0.0592135230121675,0.903614446672594
639,7655,"s1","m2",0.295188779067525,-1.05256682384568,1.10581903212738,0.368699859755259,0.496334985771137
640,7660,"s1","m2",0.239275695789768,-0.941999392288632,1.05755436125026,0.415196635591415,-0.953354440415053
641,7668,"s1","m2",0.259835099363323,-0.946126697673332,1.12112500943382,0.367730405935946,-0.661344309670975
642,7702,"s1","m2",0.242676247798687,-1.01252008074193,0.967451054570659,0.276043447169205,0.359771817724131
643,7704,"s1","m2",0.25721570965255,-0.993787102093363,1.03367700306755,0.240652908279077,-0.0506235187492202
644,7710,"s1","m2",0.246443904539398,-0.982265732422796,1.03126860853829,0.394714325940835,-0.639418490735936
645,7720,"s1","m2",0.23027549665881,-0.948458466203326,1.06779449701585,0.347605216219316,-0.215400203966077
646,7734,"s1","m2",0.260620986160988,-0.959815908725177,1.02023679587562,0.484383888393417,-0.0386478741483889
647,7737,"s1","m2",0.256594123649025,-0.87371679562179,1.05379576278929,0.404130674470246,-1.58424508839184
648,7740,"s1","m2",0.376478049534827,-0.931323590909684,1.14981548314362,0.33158528272629,-1.30361429566512
649,7746,"s1","m2",0.262812132859715,-0.925523995948831,1.07243739484702,0.25196691750453,-0.8671669258491
650,7772,"s1","m2",0.305750574301844,-0.846528060909201,1.12607795037527,0.4371043403726,-1.05843374553824
651,7773,"s1","m2",0.235628746097945,-0.950021840072407,1.12026168472005,0.522172861705501,-0.297788080610936
652,7774,"s1","m2",0.123666079725382,-0.876310454953422,0.893766998653737,0.205497141852727,-0.737060383183819
653,7780,"s1","m2",0.203988696685465,-1.01864138863318,1.01613468767121,0.301370265229057,-0.922119074651412
654,7783,"s1","m2",0.231237541272298,-0.951332229556091,1.04136961083597,0.38822068139172,-0.337999663698756
655,7788,"s1","m2",0.258594730256454,-0.861218185698644,0.856983129829863,0.539163531521816,-1.04603213309579
656,7810,"s1","m2",0.289733797887388,-0.944955306325112,1.00722108695153,0.439552858336798,-1.16686130348378
657,7831,"s1","m2",0.195399243387349,-1.00761659475413,0.905752856441612,0.281682347847015,0.012289385324349
658,7861,"s1","m2",0.316660683429562,-0.85965147321804,1.07511487775224,0.614975303380121,-0.598608950034452
659,7868,"s1","m2",0.382161340761451,-0.96103319653648,1.22354596694794,0.28779191475528,-0.767459325361885
660,7875,"s1","m2",0.163045188855441,-0.944213548284131,0.934955956465082,0.37055644478458,-0.237455747479348
661,7887,"s1","m2",0.185564938416323,-0.995951457819669,0.957903230576626,0.252057738411837,0.465653952715596
662,7889,"s1","m2",0.411522585325225,-0.903293286592625,1.2146952093662,0.40693894699635,-1.11743732102368
663,7892,"s1","m2",0.277411944875383,-0.860985464477812,1.09439228172805,0.439538953998444,-1.43891133186253
664,7917,"s1","m2",0.289668921740197,-0.834562119412877,1.02562182926813,0.466027827593266,-1.30943216801121
665,7921,"s1","m2",0.243918529004198,-0.96094267967434,1.02315345830955,0.244948132061527,0.255916521307048
666,7945,"s1","m2",0.224626919347209,-0.898151739887831,0.930670792437429,0.503698165136364,-0.212543479492247
667,7969,"s1","m2",0.175435671729442,-0.93131922920426,0.925485548598556,0.523337404161795,-0.0680009748302617
668,7986,"s1","m2",0.141865282596054,-1.04723402280409,0.842701768524896,0.188082399067851,0.358164708871527
669,7993,"s1","m2",0.300175887503651,-0.954357132078718,1.04210486216461,0.296198199246053,-0.644940250489029
670,8008,"s1","m2",0.251712514044517,-1.05172426209702,1.0510083223127,0.178737021630174,0.246679914550297
671,8010,"s1","m2",0.244118529967328,-0.9178425967581,0.980886914789964,0.35205378478671,-1.06525407689592
672,8015,"s1","m2",0.119422833812363,-0.969599762193758,0.85021191043649,0.336912551441749,-0.190270231670687
673,8023,"s1","m2",0.265080947257636,-0.946120315290717,1.09426241993772,0.458766956086478,-0.871798913018885
674,8036,"s1","m2",0.226303681798603,-0.966818205028865,1.04975320732637,0.360576713705058,-0.229075487610091
675,8046,"s1","m2",0.163346484762183,-0.887922010351712,0.981733377813519,0.593429740492388,-0.439596613497977
676,8070,"s1","m2",0.192783467294184,-0.971796199617599,1.00898341440057,0.293185341726583,0.462754085314219
677,8071,"s1","m2",0.164733203644333,-1.04450165600836,0.931189072393583,0.28030484640676,0.725517287532033
678,8077,"s1","m2",0.360160118300905,-0.95368611619609,1.12216328543816,0.325330104932632,-0.934238215486716
679,8082,"s1","m2",0.19186493921938,-0.93002011825586,0.941127329172067,0.271980908692941,-0.290682527844755
680,8087,"s1","m2",0.281845469243854,-0.95899517512863,1.08202977596464,0.211613521038278,-0.803063542092087
681,8097,"s1","m2",0.278081329089105,-0.953074658895105,1.1391682786792,0.253945758764639,0.135470846838943
682,8108,"s1","m2",0.19703477630413,-0.934076868629561,1.02637065304473,0.49010928008639,-0.851430557289038
683,8126,"s1","m2",0.119993278681622,-0.926165734771465,0.865322848987043,0.350618449588175,-2.16599193894233
684,8127,"s1","m2",0.260418985941219,-0.947223852866023,1.05441341394767,0.401208121495268,-0.482312307349408
685,8129,"s1","m2",0.272664078948859,-0.957539853886482,1.00577067789522,0.437567483067379,0.387421358545857
686,8131,"s1","m2",0.331260502914582,-0.963275104435096,1.10875208988615,0.397788390649623,-0.621128464164838
687,8139,"s1","m2",0.171387604816086,-1.09241903482808,0.942717585870757,0.166953338472424,0.580610828480694
688,8144,"s1","m2",0.258432705339332,-1.06452447326544,1.01927168135897,0.307430694636022,0.69110141454292
689,8145,"s1","m2",0.314540866408541,-0.949288116522174,1.07269002830234,0.373093156795694,-0.285337613865845
690,8157,"s1","m2",0.172179137046077,-0.992171626833712,0.904379386161916,0.421044847974292,0.159150081956682
691,8160,"s1","m2",0.20273164186665,-0.949914083949557,0.942607463909992,0.369873684159358,-0.417276707188227
692,8172,"s1","m2",0.185455376595108,-0.926871297509235,0.864921903633184,0.585670936851576,-0.611763099625283
693,8186,"s1","m2",0.273398901099816,-0.903308797086325,1.05499592356802,0.474047021280058,-0.665981027769733
694,8197,"s1","m2",0.249924079709753,-0.931959612597375,0.984807697911379,0.385235462290942,0.169595534410419
695,8223,"s1","m2",0.352429184856534,-0.998111354997948,1.22702209917079,0.378236875253982,0.312142157152949
696,8228,"s1","m2",0.10541527373823,-0.900156137625592,0.971608920383916,0.355173746163546,-1.02201503325499
697,8234,"s1","m2",0.234773473327773,-0.918491618948523,1.04268136156626,0.36091174046811,-0.962701056829974
698,8236,"s1","m2",0.366085798302849,-0.908331028019753,1.2030671951947,0.231920279518863,-0.961315174682995
699,8241,"s1","m2",0.277550630775867,-0.927642124881013,0.97800555468613,0.338389766860343,-0.353017415299248
700,8247,"s1","m2",0.292309269548039,-0.913106217441422,1.19211461575548,0.439366615525902,-0.290625121599097
701,8259,"s1","m2",0.224944112540964,-1.04933022315442,1.07446062889016,0.319920329857045,0.265856955378737
702,8263,"s1","m2",0.294544085082872,-0.913924162199831,0.979467393513679,0.390000499768915,-0.850014319065095
703,8266,"s1","m2",0.307432514410518,-0.954105736891896,1.02071500773429,0.372150738299084,-0.869312370877733
704,8307,"s1","m2",0.276567249018625,-0.926485210250978,0.953263844218339,0.440701191521123,-0.448423480400368
705,8311,"s1","m2",0.217525469848052,-0.775998930250948,0.986619352690622,0.608583725769447,-1.28425633540572
706,8318,"s1","m2",0.0961375137256024,-1.09120257070855,0.972412147727849,0.215586339859951,0.596127643043459
707,8328,"s1","m2",0.293830557773673,-0.909833096415383,1.13965750996826,0.451412896705699,-0.278436554858994
708,8361,"s1","m2",0.31151583609988,-0.858889613021318,1.15816016582338,0.502626524412507,-0.571334898388706
709,8365,"s1","m2",0.208001288007326,-0.909916140824687,0.963302313526939,0.400683501964012,-0.363326969175122
710,8369,"s1","m2",0.226362152007433,-0.955109122447728,1.10150777925924,0.299316451605057,-0.349892309999332
711,8377,"s1","m2",0.249700235565776,-1.00521891858881,0.997048659871426,0.306554273534967,-0.258033421830517
712,8392,"s1","m2",0.239932731487215,-0.90279178558863,0.929310693126017,0.576596699960174,-0.813793406761006
713,8393,"s1","m2",0.326447248655894,-0.958401759729124,1.20386809835128,0.424969676993651,-0.190159761582654
714,8406,"s1","m2",0.332068531787498,-0.950513737188387,1.11828050238121,0.371210362352726,-0.255660437442714
715,8426,"s1","m2",0.302538404594117,-0.939919994234165,1.05367154070913,0.442425868048112,-1.53660213306437
716,8427,"s1","m2",0.301868854243847,-0.925203497802738,1.0411432468802,0.503071238632436,-1.46646670122969
717,8436,"s1","m2",0.312704706239337,-0.972920963551898,1.15616048709136,0.220968417368057,-0.397826262442622
718,8447,"s1","m2",0.225725219467228,-0.837121027699923,0.992012628995081,0.485630141074914,-1.19288147027963
719,8449,"s1","m2",0.181694083456663,-0.958434283536146,0.904058747379257,0.297313175767145,0.0371252219418009
720,8451,"s1","m2",0.302194863618001,-0.962322576873487,1.0872730804673,0.410103873604749,-1.05315953062764
721,8494,"s1","m2",0.233218690061068,-1.01331420968039,0.974563848193503,0.194486834832742,0.142648225220206
722,8496,"s1","m2",0.29315593539824,-0.913267408098076,1.09862866469701,0.46305566127459,-1.00718590118277
723,8500,"s1","m2",0.287769208474883,-1.0108152184892,0.967653483836402,-0.0777850163900781,-0.447616639474217
724,8531,"s1","m2",0.267967182206157,-0.913862835866442,1.18030707753553,0.289317277057886,-0.636260077041419
725,8538,"s1","m2",0.239989809889058,-0.904388255905722,1.06968432661743,0.55055544806775,-0.826632172684068
726,8542,"s1","m2",0.285457797919227,-0.996273098014556,1.0913751095982,0.180184943483871,0.709942031245992
727,8548,"s1","m2",0.291374207370606,-1.05116633858091,1.13060789553157,0.317084123564544,0.438313810226461
728,8554,"s1","m2",0.289126909136946,-0.996931710152082,1.04583042926647,0.30869818785855,-0.125461697400362
729,8556,"s1","m2",0.293948190680021,-0.85997312711313,1.13230745840355,0.468789437354651,-1.28701890158926
730,8569,"s1","m2",0.210209022659245,-1.0118546875599,1.00793533189772,0.228665352078322,0.121020864735603
731,8595,"s1","m2",0.192540898803557,-1.03638592738645,0.94502973457971,0.241740120375706,0.111568999684718
732,8619,"s1","m2",0.306960193192238,-0.958183784501215,1.08737932503953,0.52416286660622,-0.245919719338986
733,8624,"s1","m2",0.243970380077951,-1.09511724800331,1.19504401036685,0.000379942962685628,0.482989951663199
734,8633,"s1","m2",0.217571463083544,-0.95367862730085,0.995392630564791,0.350273549442467,-0.0885228303315166
735,8680,"s1","m2",0.36255363193854,-0.85811834140599,1.18581418273923,0.56831877304094,-0.933167467232474
736,8683,"s1","m2",0.292963038794233,-0.964978913452277,1.03102292870421,0.115962552204058,-0.0430836997115614
737,8688,"s1","m2",0.365118311292214,-0.906590077588685,1.13835015042334,0.385227359862666,-0.628468247159492
738,8690,"s1","m2",0.291417372270571,-0.970588544084825,1.10399110193834,0.399457299530344,0.193397349707134
739,8736,"s1","m2",0.390841040780302,-0.919061468711881,1.15528555594931,0.330962846481365,-0.281328997211164
740,8740,"s1","m2",0.184961689448267,-0.965285501904767,0.942471059369743,0.4243091455658,-0.62936514997109
741,8750,"s1","m2",0.373183981628834,-0.95883122185877,1.20570157008398,0.540535306457146,-0.352511781613977
742,8753,"s1","m2",0.366308137261723,-0.945367377524151,1.16714428314871,0.425928244671837,-0.139084268927841
743,8783,"s1","m2",0.252600888165544,-0.974612785518015,0.988589396936287,0.288052424375433,-0.110562788608311
744,8828,"s1","m2",0.239325354195421,-0.973038169660488,0.944048675696713,0.179081010935127,-0.105736960964666
745,8830,"s1","m2",0.255246008272694,-0.950342062247815,0.920094474886498,0.446218205633621,-0.727070871281283
746,8840,"s1","m2",0.312034462617266,-0.889657602446192,1.1634165846938,0.521917762771553,-2.23533294807105
747,8861,"s1","m2",0.359218909519841,-0.956682051841113,1.20342495119937,0.245562198825012,-0.100219159768899
748,8867,"s1","m2",0.108740729260398,-0.899468648185386,0.771926685676315,0.481275017832373,-0.799277749897647
749,8869,"s1","m2",0.21765674524886,-0.960284279016897,0.972784696712834,0.25136562341642,-1.05762704182822
750,8884,"s1","m2",0.339014899302006,-0.934673175490253,1.18473968002742,0.442928608175965,0.373667619414672
751,8886,"s1","m2",0.247158344582701,-0.921190653620596,0.972399568341154,0.357898770174806,-1.23558542225583
752,8899,"s1","m2",0.277578919012603,-0.946213752052728,1.01589347489956,0.246280143625957,-0.522328328330355
753,8902,"s1","m2",0.250274054017145,-1.00733613280207,1.07994347165331,0.276957772049999,-0.121466717392697
754,8919,"s1","m2",0.340412430860633,-0.979988115505126,1.19512678687011,0.303350445371717,0.177435339814354
755,8948,"s1","m2",0.270967566020102,-0.942337809722251,1.14365333229594,0.411683111253751,-1.00946627302445
756,8954,"s1","m2",0.32485119754375,-0.938592277044334,1.08588904751431,0.469309817038348,-1.45985045176754
757,8977,"s1","m2",0.150220886924807,-0.969973041238692,0.841388943181167,0.549858107830362,-0.172153481477277
758,8981,"s1","m2",0.366175754666163,-0.84883719308383,1.1714413747187,0.479599575715473,-1.42171014575859
759,8984,"s1","m2",0.372650220155738,-0.960401550702457,1.22797382425598,0.373708590823263,-0.698902848461062
760,8987,"s1","m2",0.306025592176103,-0.998717462910387,1.08042436116755,0.152628910138558,-0.456646487283409
761,9010,"s1","m2",0.196149003266983,-0.922840745616107,0.896236324781155,0.524933095136731,-0.320155956666786
762,9025,"s1","m2",0.19784494719134,-1.0109538327467,0.962066741791173,0.361170609423946,0.046275078852141
763,9041,"s1","m2",0.215840017883117,-0.83797430354963,0.926391637702347,0.527014526196074,-1.69247075739581
764,9044,"s1","m2",0.299305567172396,-0.924489307564451,1.11594778633038,0.30655096624829,-0.412680521326381
765,9054,"s1","m2",0.274546140077233,-0.834638526155591,1.1198925596997,0.398585176073894,-1.66475369378528
766,9056,"s1","m2",0.222840180249993,-0.974801632157525,1.09429528460724,0.41873670222236,-0.831304342668187
767,9076,"s1","m2",0.339339976445003,-0.850320210202026,1.13503804822679,0.516876400758054,-0.622917462273718
768,9097,"s1","m2",0.294990489341802,-0.924900564432498,1.04010860099533,0.237453217586425,-1.37443526495542
769,9103,"s1","m2",0.279619503263068,-0.927419648771217,1.10636765844869,0.357782294510569,0.0115865509527596
770,9106,"s1","m2",0.220634907489466,-0.871068034136756,1.01933937843315,0.509203007814979,-1.1818755621714
771,9108,"s1","m2",0.347618767012177,-0.996442912160271,1.11023157961327,0.383968164589451,0.154490303973088
772,9111,"s1","m2",0.331629070200566,-1.02863014463349,1.10851556019996,0.341496166517843,0.180251507364842
773,9113,"s1","m2",0.193945036798845,-0.904429142517376,0.865021852008199,0.320234706420055,-0.528274739123883
774,9114,"s1","m2",0.273104078073527,-0.90988948243301,1.01814533734075,0.416871690748345,-0.264997333005687
775,9119,"s1","m2",0.390869344128873,-0.897267396566564,1.16828504856822,0.484280586511289,-0.281113471517583
776,9120,"s1","m2",0.140252952288161,-0.926718845751601,0.781901378859959,0.507489429451516,-0.13704476607898
777,9131,"s1","m2",0.34476699713851,-0.905090153740482,1.03280150751564,0.384010590992042,-0.715538961296603
778,9132,"s1","m2",0.249950506911294,-0.895945812091367,1.0037903556629,0.410718711708996,-0.785118911726352
779,9149,"s1","m2",0.359208225332518,-0.901498176423627,1.19102555629884,0.492986904856422,0.0506761708167408
780,9152,"s1","m2",0.161050753915882,-0.842323487978346,0.864777153489817,0.313343144822132,-1.11257108142253
781,9166,"s1","m2",0.231693326039806,-0.837787747068374,1.04732022476069,0.508887977864093,-0.326577310050104
782,9185,"s1","m2",0.25635056931694,-0.993474811628909,0.987028488920665,0.287876537523627,-0.191950351320542
783,9190,"s1","m2",0.188528033263841,-0.944131138574077,0.937625426193446,0.336841436825707,-0.598439302002644
784,9203,"s1","m2",0.2608429277189,-1.06364795381563,0.98375475486758,0.219467852560078,-0.501939459741843
785,9226,"s1","m2",0.336000013361102,-1.04935650713992,1.15388998671844,0.044378547368358,-0.0995964006285746
786,9263,"s1","m2",0.265044186851318,-0.783292404623148,0.946876727219402,0.637920669323936,-1.81479428555812
787,9284,"s1","m2",0.291525706557625,-0.968493915229945,1.0911680032475,0.369470068303434,0.123179025833518
788,9286,"s1","m2",0.240969925960119,-0.944969396544324,0.928863450458166,0.274258371148002,-0.688484717464011
789,9297,"s1","m2",0.366050334326389,-0.999910670206846,1.22086483548382,0.247670436628852,0.222227300256151
790,9337,"s1","m2",0.21327522856071,-1.08872495215325,1.06827165551635,0.258854335716593,0.423850246073228
791,9340,"s1","m2",0.173096082864288,-0.942753529199464,0.870788886675859,0.353776214202505,-0.971679422343638
792,9345,"s1","m2",0.296200304135561,-0.953211383616079,1.13584398917168,0.375456180161703,-0.170057588095943
793,9352,"s1","m2",0.191479242136262,-0.91935828241666,0.854221710249101,0.308333429561689,-1.93992622976635
794,9376,"s1","m2",0.302080707706523,-0.960593301748092,0.968062832321156,0.43981471057749,0.179364666575188
795,9381,"s1","m2",0.259068080749828,-1.02170792357009,1.02243081210927,0.187244139503495,0.237587399584418
796,9402,"s1","m2",0.228680877006451,-0.880334132371309,0.858585016118555,0.487628068510963,-1.49578546628185
797,9411,"s1","m2",0.357137530658716,-0.94444876520448,1.10793343253552,0.298061301452379,-0.173514860146951
798,9412,"s1","m2",0.181804332654287,-0.930830495969618,1.04630508649985,0.303798450217513,-0.3135037224517
799,9423,"s1","m2",0.0895944767827313,-1.03734101853292,0.66749099616615,0.329797404952929,-0.0508248102335762
800,9440,"s1","m2",0.0855297606337669,-0.999070565416698,0.790222159355245,0.309841422011307,-0.0410619882917659
801,9456,"s1","m2",0.238494054500981,-0.921201651537038,0.925714575649903,0.391138644761445,-0.904961636883879
802,9479,"s1","m2",0.246792780864015,-0.978818410068818,1.09765620480447,0.41450723354044,0.202836468199564
803,9480,"s1","m2",0.269318866542547,-1.00916344867884,1.03935557964553,0.326008359059004,0.308499331293144
804,9482,"s1","m2",0.188268727383858,-0.879562417717585,0.814893804228539,0.468117095852984,-1.05435662766299
805,9506,"s1","m2",0.338581009257391,-0.881225039862383,1.1190030774889,0.567353342178503,-0.568506278264111
806,9517,"s1","m2",0.209942382140663,-0.913904031986525,0.982217793407768,0.44076003282295,-0.664178055927062
807,9526,"s1","m2",0.251729619705422,-0.947563865098654,1.12037070070146,0.263286490515036,-0.733314612051267
808,9546,"s1","m2",0.229535252839581,-1.0869110334257,0.868453154621563,0.000731661658258364,0.530900892517415
809,9558,"s1","m2",0.281522746233901,-0.924183556554961,1.08084851767718,0.424498050094157,-0.3362868806407
810,9569,"s1","m2",0.295540190756379,-0.975525411335839,1.11573254385609,0.443438255074291,0.176803387893257
811,9571,"s1","m2",0.143247620719055,-0.983125714230124,0.900265994973046,0.33441636205576,-0.346195173845698
812,9583,"s1","m2",0.137419413761733,-0.98535509358298,0.865479105800347,0.370092407869071,-0.0223421311415786
813,9599,"s1","m2",0.344581929444278,-0.85996395317844,1.13149719288507,0.591420310070547,-1.32092099641686
814,9604,"s1","m2",0.263397631933035,-0.925037907321467,1.00349743291327,0.434154175506113,-0.0902927843660808
815,9638,"s1","m2",0.31386036643191,-0.962484727041346,1.14540919525183,0.364761543941904,-0.879155123383809
816,9648,"s1","m2",0.172887161047658,-1.05696149838867,0.874629523751683,-0.0586287674781569,0.0790764421969481
817,9665,"s1","m2",0.208531427923457,-0.980678256612872,0.994752357532094,0.346921180224037,0.0475206584590337
818,9681,"s1","m2",0.302189938870724,-0.97021416097419,1.03919341672627,0.313683352063644,-0.187883128833295
819,9691,"s1","m2",0.214835226387945,-0.878151723785463,0.977584169908907,0.397309494782711,-1.23435379971707
820,9703,"s1","m2",0.230271501311124,-0.951228365433529,0.930260624721322,0.332969275493577,-0.386815309621689
821,9715,"s1","m2",0.23798589169486,-0.943897910835413,0.961441919988368,0.551710996314932,-0.560403588198107
822,9718,"s1","m2",0.155072643584357,-0.962360227838947,0.889327951152844,0.39328570768467,-0.124743933434965
823,9730,"s1","m2",0.280827411294401,-1.01115899295389,1.0442815359709,0.428320877343022,0.157919514203026
824,9733,"s1","m2",0.352000595937315,-0.931867403865359,1.14350911262084,0.498266854595664,-0.880251109065907
825,9743,"s1","m2",0.261409220849602,-1.01776233532152,1.11848584080074,0.181477709302356,0.171666712844398
826,9748,"s1","m2",0.218153672625383,-0.986351728220888,1.04200158007832,0.425840996845449,-0.265890928933039
827,9755,"s1","m2",0.188016813943165,-0.919062596125078,0.936204669457542,0.354443120724497,-0.233913864251024
828,9762,"s1","m2",0.313186995958727,-0.955637756678171,1.05941305057241,0.450894204501159,-0.177918136731831
829,9765,"s1","m2",0.211791730753104,-0.936478320730571,0.951925900270319,0.490411495692264,-0.266340852051043
830,9772,"s1","m2",0.252556257985816,-0.86574310039125,1.04397199972513,0.4511038526872,-0.540715227650804
831,9788,"s1","m2",0.267567068150781,-0.958899857222403,1.07910465251585,0.276044873007232,0.518976142889484
832,9793,"s1","m2",0.223801637650983,-0.906441979617191,0.969967475447912,0.542018503995529,-0.968621556185729
833,9797,"s1","m2",0.278632005650024,-1.00524188899792,1.02841369187893,0.317704562726211,-0.419829604568497
834,9813,"s1","m2",0.359587638478678,-0.920172143193342,1.12087579344677,0.517076251805831,0.0253543714657439
835,9820,"s1","m2",0.274910975751748,-0.951429324427749,1.11378918628552,0.26509014006512,-0.214570937545921
836,9821,"s1","m2",0.218128639593486,-1.04465054349563,1.01338189921709,0.320759086414779,0.32584535975793
837,9843,"s1","m2",0.136371619357885,-0.957971488354127,0.959852036636988,0.278105166457389,-0.169464598396637
838,9844,"s1","m2",0.284126960784909,-0.892965497653035,1.03719723111291,0.313981262981813,-0.457660328720394
839,9851,"s1","m2",0.317677806717657,-0.920162823855659,1.14082889774969,0.421310739889824,-0.37387518951234
840,9858,"s1","m2",0.227552341054257,-0.96714132340518,0.953709893407972,0.317242031310342,-0.366133091116804
841,9869,"s1","m2",0.292933443330139,-0.959540759049913,1.05058165707886,0.319858564875018,-0.144089549862749
842,9880,"s1","m2",0.417624107902782,-0.956222652834129,1.23047944613696,0.479334900487892,-0.118699499577245
843,9887,"s1","m2",0.294641351314795,-0.936203528020612,1.136257949924,0.45909365951296,0.176478446673574
844,9890,"s1","m2",0.273095045975258,-0.969535951238548,0.914765964939455,0.338207997409745,-0.771504516960007
845,9912,"s1","m2",0.300153158152536,-0.925836681103167,1.09195760605184,0.513722853183814,-0.25123583572842
846,9916,"s1","m2",0.267982220450721,-0.849347741901263,0.992733157107594,0.433650673105132,-1.2894024533496
847,9925,"s1","m2",0.240171473020968,-0.930620680691403,1.04619252276219,0.514721472216463,-0.678780438219249
848,9928,"s1","m2",0.222802515899241,-0.944748342332229,1.08568870238058,0.425965980905216,-0.306852932066028
849,9935,"s1","m2",0.217005372575128,-0.87842744105808,1.00051377490479,0.52831003218411,-0.793550137458821
850,9944,"s1","m2",0.361525140237949,-0.926875517719943,1.17815858988548,0.343447017443669,-0.98002306112935
851,9957,"s1","m2",0.300366742566515,-0.965872584317892,1.07015340658919,0.464015558421975,-0.144621309419338
852,9962,"s1","m2",0.226144888351323,-0.926383800339973,0.98353401444293,0.59684009276889,0.0925153164993159
853,9987,"s1","m2",0.240961902489805,-1.08417736724726,0.968752565943622,0.234622833573886,0.217584479194718
854,9995,"s1","m2",0.211599855663755,-0.979058228485058,0.895057316169595,0.485161098378934,0.222882922446401
855,9997,"s1","m2",0.225723922567822,-1.01496475642341,0.966817170914403,0.264656261555881,-0.316465166278858
856,10026,"s1","m2",0.210114003113283,-0.954861998699992,0.969158983577815,0.41093795039443,-0.00286209289970461
857,10034,"s1","m2",0.239611871445162,-0.940775020489708,0.945619606967709,0.444845811706829,-0.920541313197994
858,10036,"s1","m2",0.057845973232657,-1.08271670418986,0.785453999081241,-0.0491994438697552,0.562608169446772
859,10053,"s1","m2",0.178905138337871,-0.928126237919295,0.827876527480026,0.434184897707315,-0.220020326543594
860,10056,"s1","m2",0.365118099526656,-0.902980191186444,1.22408508634586,0.407748941873478,-0.380171790236187
861,10058,"s1","m2",0.183797711792817,-0.887207381294314,0.977358413564736,0.500667097589107,-0.602338366280968
862,10076,"s1","m2",0.2902927778123,-0.880948579593612,1.04600102601391,0.563533322548021,-0.687539843251845
863,10089,"s1","m2",0.261676195112894,-0.957621207674495,0.976237936810239,0.418199737332759,-0.0638780983171794
864,10104,"s1","m2",0.22136287128327,-1.05362123468461,1.00986860775814,0.295341854089285,0.391521745313048
865,10111,"s1","m2",0.257633701615173,-1.0026450958243,0.993703516709768,0.227451475512839,0.266035815251376
866,10112,"s1","m2",0.237442445665661,-1.02184873100088,0.827722210825875,0.243164850780559,0.15477290139352
867,10119,"s1","m2",0.336755167693765,-0.962266333863653,1.12784707016968,0.264303916314465,-0.392976110459901
868,10126,"s1","m2",0.242710214516953,-0.8833347705053,1.11253612393467,0.651776382520773,-0.787337967336984
869,10190,"s1","m2",0.271163780970461,-1.0187715955488,1.05588467053221,0.334817138576289,-0.0661111272074526
870,10199,"s1","m2",0.196679171639289,-1.01109971456379,0.997656865066625,0.216489972354894,-0.368461177337114
871,10243,"s1","m2",0.213333773745487,-0.957429000868871,0.967791636038694,0.294895004892593,0.226732143687703
872,10250,"s1","m2",0.18590643411859,-0.97020797949466,0.828041549394465,0.490832324311221,-0.0582321083351496
873,10256,"s1","m2",0.358242482978851,-0.98990826792756,1.15153291091111,0.414346420345708,-0.557138055631689
874,10289,"s1","m2",0.282613699755039,-1.01029677883165,1.00036976765963,0.168529562762669,-0.208823797714339
875,10303,"s1","m2",0.251757372873091,-1.00192955492997,1.11531925969761,0.39411960654503,0.288328164767967
876,10304,"s1","m2",0.306116073500442,-0.9743562217319,1.13048187439543,0.321469423237364,0.138136793135592
877,10323,"s1","m2",0.350732984112395,-0.991110340602205,1.09693534078216,0.174837746868812,0.222228200415035
878,10332,"s1","m2",0.409054324879517,-0.99574687816631,1.220646925282,0.342215652868036,0.468961677591697
879,10349,"s1","m2",0.408927424206831,-0.978301800254435,1.26475666062787,0.282365430373861,0.216439639694193
880,10359,"s1","m2",0.200310112565266,-0.988692074827472,1.00611657538354,0.461175457488876,0.216342546075323
881,10369,"s1","m2",0.309256501182736,-0.909302299519443,1.15552718361364,0.385966648537081,-0.165216897987686
882,10371,"s1","m2",0.18596807878971,-0.937307232847026,0.709671611745278,0.43482360584922,0.161833214062693
883,10372,"s1","m2",0.256726782015268,-1.0057094982113,1.06410078229905,0.34348698111098,0.00531636417739957
884,10381,"s1","m2",0.33770355023284,-0.876566114443702,1.15908148824556,0.42796989583235,-0.371590778017529
885,10394,"s1","m2",0.272977593011478,-0.955397473714901,1.11960540655603,0.358223287187335,0.0869261869572881
886,10399,"s1","m2",0.314243770017269,-0.86506636776721,1.2223171232244,0.652709246797164,-0.760381876751443
887,10401,"s1","m2",0.346395047452479,-0.933933627024154,1.18164335316154,0.443711370620823,-1.57205035342685
888,10402,"s1","m2",0.243021241137152,-0.922385472538321,1.10086262733508,0.511996536378699,-0.0524880710478661
889,10405,"s1","m2",0.322639284020207,-0.990847296774966,1.1788776644439,0.53513497016556,0.243764849784722
890,10425,"s1","m2",0.186977766728077,-1.01369180373724,0.967479190746082,0.238569672139068,0.118291381818666
891,10456,"s1","m2",0.167332787096026,-0.975637684351896,0.867601553807945,0.117913242309844,-0.651753689200806
892,10461,"s1","m2",0.328597287792948,-0.898253976304635,1.11777744133004,0.525323410161232,-2.08213871030178
893,10477,"s1","m2",0.465280688927521,-0.968844971393246,1.33735282934437,0.274930250215058,-0.142832467284913
894,10485,"s1","m2",0.156659863896699,-0.986111502028126,0.947037170225727,0.252365372520507,-0.341454719079364
895,10495,"s1","m2",0.284488063613419,-1.01064000325316,1.10264878264147,0.266717544568145,0.189131353966595
896,10502,"s1","m2",0.203815823549034,-0.932442247959616,0.928899619493335,0.379854558099081,-0.584255154645928
897,10514,"s1","m2",0.270808836278794,-0.924363623178775,0.998225667611046,0.424951511314937,-0.264547750899814
898,10520,"s1","m2",0.308626608720787,-0.986385084969676,0.978320890560027,0.45467345112116,-0.550534233508183
899,10523,"s1","m2",0.308566159014508,-0.922977259144696,1.06359685913598,0.533390205228886,-0.94537904817464
900,10537,"s1","m2",0.369182320378415,-0.915418281262511,1.18963734971861,0.40373033107321,-1.14818354394247
901,10538,"s1","m2",0.277779465983512,-0.934990989495162,1.06379212512246,0.338581896177108,-0.394196669677545
902,10542,"s1","m2",0.165371361814683,-0.977945755565639,0.778455803193183,0.360397317404932,-0.769996730099123
903,10550,"s1","m2",0.203120509284904,-0.976230321066173,0.916321411673545,0.374016586377272,0.0377677992420852
904,10565,"s1","m2",0.170126811774627,-1.05586030249243,0.764265996004994,0.0664100570213414,0.663953884266901
905,10566,"s1","m2",0.216933592208063,-0.977237084003531,1.13521428449397,0.521541767383193,0.287219658520167
906,10597,"s1","m2",0.314873004953133,-0.861242488191139,1.23735022737436,0.454614901934725,-0.949584317283327
907,10612,"s1","m2",0.230875500882953,-0.898933240662563,1.05604872940343,0.391477121584472,-0.116779510852955
908,10631,"s1","m2",0.224822303107504,-0.988773231212065,0.999170666093128,0.183198710755364,0.0972108245035185
909,10650,"s1","m2",0.346806848549325,-0.956636777045822,1.19976771715973,0.261914077862047,-0.219692528148859
910,10652,"s1","m2",0.231827177264698,-0.876119298357185,1.04171475101484,0.438511142405076,-1.3122375531789
911,10653,"s1","m2",0.273439012723936,-0.97449097702857,1.1216469497026,0.359065232325959,-0.265375646447002
912,10696,"s1","m2",0.29310265302734,-0.893982038207335,1.05491093637824,0.35328155152951,-1.04309994757204
913,10709,"s1","m2",0.263360139028698,-0.968944191723179,1.09989402974219,0.332426311490799,-0.385782557779262
914,10712,"s1","m2",0.324205616024103,-0.909824577585562,1.10215622521231,0.450396323413516,-0.764869606673181
915,10714,"s1","m2",0.368210027128727,-0.852707029993162,1.20362660567021,0.548485966264585,-0.138404857022065
916,10759,"s1","m2",0.253263433732057,-1.02402112162746,0.998573998222897,0.250971271702768,0.273872821600907
917,10801,"s1","m2",0.21936973001328,-1.02683861766234,1.04127325854086,0.20893132608419,0.516682225656903
918,10806,"s1","m2",0.255324779898846,-0.967614905258743,0.965447058117464,0.289429792601729,-0.701396462164091
919,10808,"s1","m2",0.372670190567869,-0.904902210330393,1.22410239883769,0.489362394344971,-0.527940840704732
920,10813,"s1","m2",0.261829036278931,-0.951779796477185,0.878673269290068,0.291921018318772,-0.645320475865594
921,10815,"s1","m2",0.329367700555146,-1.03553742403085,1.13112112998449,0.293752083229161,0.378168441646142
922,10822,"s1","m2",0.253450786198054,-0.981364126616943,0.971728633288708,0.445950896255468,-0.367623999662165
923,10823,"s1","m2",0.173813755594373,-0.93694589090654,1.01409209606511,0.438178331874447,-0.970484933943468
924,10829,"s1","m2",0.263704261666905,-0.907270557730263,1.14081503201103,0.328940622193862,-0.704397775474782
925,10830,"s1","m2",0.260340606743132,-0.918612457396999,1.1155507802369,0.612686153580904,-0.0585950259009182
926,10831,"s1","m2",0.278262648739536,-0.974080877028157,1.16007041506942,0.38563924363002,-0.211702417009098
927,10835,"s1","m2",0.24777107176843,-0.960861162513118,0.911261542645619,0.34790636751886,-0.27262151970978
928,10837,"s1","m2",0.182711798818492,-0.948681377843959,0.924972777198869,0.482648661053859,-0.214832850458994
929,10838,"s1","m2",0.187985894879259,-0.968479604341539,0.962483083071661,0.288780694987277,-0.491779383588657
930,10895,"s1","m2",0.319207912728175,-0.945330717874391,1.10618677538766,0.244740558826976,-0.681928520865738
931,10900,"s1","m2",0.153561895689405,-1.03713293047618,0.844589957186324,0.317111081888678,0.244657610034009
932,10911,"s1","m2",0.34316710021179,-0.882605346883077,1.15364461980799,0.484202093090912,-0.587068539375922
933,10913,"s1","m2",0.275886823175737,-1.0283966918327,1.13210619895261,0.356974379570342,0.344183171408011
934,10914,"s1","m2",0.366248876808495,-1.04168378167875,1.16087346046079,0.405138388588146,0.611840089691642
935,10918,"s1","m2",0.268282312890589,-1.00876858321101,0.988543688232695,0.290049921128575,0.107699085593454
936,10935,"s1","m2",0.167793761923695,-0.948486755297695,0.803052359140662,0.562004555351207,-0.210236740344015
937,10958,"s1","m2",0.248841397678044,-0.853340202872643,0.898440885988996,0.473583316350157,-0.505591167167896
938,10959,"s1","m2",0.136089447159604,-0.907694323960162,0.729140045934606,0.53987456897592,-0.740423349589997
939,10966,"s1","m2",0.261800023151094,-0.885246882480869,0.992095023569109,0.587020759908239,-1.44402138175221
940,10968,"s1","m2",0.282903392230561,-1.02871229969872,1.11333198596217,0.451142498072728,0.331010714671591
941,10983,"s1","m2",0.343484668353428,-0.895915304891148,1.16747994866042,0.501020904442186,-0.615359419278878
942,10992,"s1","m2",0.117001397239359,-1.01960311338378,0.766202505657154,0.348251936479478,0.704583489639234
943,11010,"s1","m2",0.254825301342039,-1.01620547509701,1.06534677660974,0.280100274850848,-0.229201029634251
944,11045,"s1","m2",0.246127851245944,-0.855957056618065,0.948149030744241,0.499443418493131,-1.60361922251473
945,11057,"s1","m2",0.359022666691779,-0.907419338521393,1.18891022362368,0.468457700663645,-1.32699894227647
946,11062,"s1","m2",0.259496461125367,-1.06444545858009,0.935853377420716,0.299774336284771,0.47680036319964
947,11107,"s1","m2",0.258244702590834,-1.00099326245933,1.03525838669187,0.19345101153273,0.174362806640574
948,11111,"s1","m2",0.328218916705126,-1.00502488842894,1.16087733896186,0.216677867600241,0.0843953245249408
949,11129,"s1","m2",0.358873287375576,-0.925312659822469,1.15338277959182,0.392500443160967,-0.651028086354462
950,11139,"s1","m2",0.342098632188545,-1.01615364470613,1.09335516925779,0.402998744683149,-0.0523262129935664
951,11153,"s1","m2",0.242118367181127,-0.990784531866125,1.03053921582242,0.275176097513983,0.104339434106
952,11170,"s1","m2",0.233048862604154,-0.948898400892932,1.04626632599667,0.310002165954656,-0.60371618275675
953,11175,"s1","m2",0.361497937888164,-1.0138372842765,1.11849706140121,0.358009260484508,0.0227328865868921
954,11193,"s1","m2",0.31853877715755,-0.95159981236319,1.17577504291667,0.295623090952858,-0.727063799118235
955,11210,"s1","m2",0.305003021160323,-0.950394797537703,1.02837329129479,0.315952393623729,-0.280421686258155
956,11233,"s1","m2",0.356679752605599,-0.989371888277304,1.18469450251327,0.371340745465935,-0.258532222142317
957,11235,"s1","m2",0.260190687823167,-0.90031703127372,1.00166818881472,0.486801735184603,-0.882164486165616
958,11242,"s1","m2",0.315207196303162,-1.03935417492083,1.18105848930587,0.385862348339637,-0.108169605564978
959,11250,"s1","m2",0.212687776134168,-1.02988892904832,1.05340848361838,0.363375097454434,0.53330812746015
960,11267,"s1","m2",0.222847966873864,-0.945499832836222,1.00777174089883,0.455980641033328,0.12221720669337
961,11280,"s1","m2",0.167400093109063,-0.980818402109782,0.869644819112404,0.375933110980694,-0.00429845964185983
962,11299,"s1","m2",0.185440059087099,-1.00709374000718,0.869240338913238,0.397903495359914,-0.435146868313133
963,11318,"s1","m2",0.330671865948844,-0.905038920284399,1.16878841361589,0.518579568086507,-0.304567302276852
964,11321,"s1","m2",0.229284322934915,-1.01255292036188,0.953170189272434,0.0721259882566735,-0.0665675511748467
965,11324,"s1","m2",0.185672599762089,-1.04988685705238,0.930812770349452,0.395244593371625,0.431702213666235
966,11336,"s1","m2",0.372247361850163,-0.836001374370365,1.22242009831122,0.586710039271418,-0.664413540683402
967,11347,"s1","m2",0.161123014258685,-0.908746532186179,0.895040086078414,0.219630182647584,-0.48675897537422
968,11348,"s1","m2",0.279523770224077,-0.867963522662223,1.06854548287571,0.503104121076902,-0.520965631550068
969,11368,"s1","m2",0.278929233045869,-0.899819299570726,1.10266643682199,0.477949953961902,-0.773386792580739
970,11370,"s1","m2",0.271081856495505,-0.944620493303781,1.00237452402154,0.425919300639235,-0.324619613936643
971,11374,"s1","m2",0.293159432083695,-0.912242893068317,1.05362210637869,0.553729349042147,-1.06161056786567
972,11383,"s1","m2",0.245041691123093,-1.03014967966694,0.996638142364177,0.191031738589703,0.31292702214731
973,11384,"s1","m2",0.328226789696559,-0.996009435210853,1.11676479847694,0.305252589046877,-0.479935289474055
974,11404,"s1","m2",0.184934826934128,-1.03291080233813,0.911918097164715,0.268408441535277,-0.0399575741789493
975,11406,"s1","m2",0.207154576887841,-0.926940451535524,0.906692563840144,0.387946099151781,-0.867070160415422
976,11440,"s1","m2",0.269227769231928,-0.917558697041057,1.11706303766831,0.397939306561853,-0.145527792128823
977,11443,"s1","m2",0.160401478922927,-0.874924636471389,0.789751268223488,0.472574551281315,-0.515965721438176
978,11464,"s1","m2",0.151914969076659,-0.852179251691316,0.896669131375817,0.493735020997511,-0.882763552347833
979,11499,"s1","m2",0.287683256922068,-0.913235781484926,1.0961325647168,0.464257741578743,-1.37728906176326
980,11505,"s1","m2",0.233468608090097,-0.882166728388112,0.941940954576698,0.594825410082105,-0.813934403227648
981,11510,"s1","m2",0.231349831694767,-0.949562481357069,0.966211583863189,0.366205874271269,-0.0316638218892918
982,11512,"s1","m2",0.167522033416614,-0.929445752847872,0.937435090319383,0.444183225278061,-1.00332585050177
983,11537,"s1","m2",0.27433633139219,-0.963016093100842,0.973296692726911,0.463354692971871,-0.239268802394403
984,11538,"s1","m2",0.406822977052715,-0.891953477100198,1.17298985710411,0.507033912755466,-0.670041616240028
985,11552,"s1","m2",0.223758404403465,-0.927360571159332,0.927650905166135,0.397475971174157,-0.000353429526827688
986,11563,"s1","m2",0.220310659909051,-0.946804083461462,1.00598003159124,0.317527310088524,-0.517703388914093
987,11580,"s1","m2",0.208482310737855,-0.883189001351001,0.890380677356381,0.548213683667574,-0.503855882728218
988,11615,"s1","m2",0.252176291453831,-0.972162879815715,0.996739154734007,0.348791093896474,-0.337356080924033
989,11620,"s1","m2",0.318576831191281,-0.945733927738578,1.14710534030156,0.364289712296986,-0.11213008603434
990,11632,"s1","m2",0.415626814616966,-0.963534063336385,1.27046776935533,0.236867424917408,-0.0870304133233716
991,11648,"s1","m2",0.374062015876692,-0.976105598287392,1.20067901037689,0.468884105638159,-0.141384839706099
992,11658,"s1","m2",0.328315402239581,-0.901000887289912,1.11279398755792,0.408490905305531,-0.551412207763863
993,11662,"s1","m2",0.201759071482279,-0.965294786450465,0.94786871916699,0.354298885008543,0.12825816306541
994,11674,"s1","m2",0.271262528543902,-0.92040512126999,1.02901857814442,0.529426739956104,-1.140331831424
995,11685,"s1","m2",0.289790930228883,-0.98194279492494,1.07930509849401,0.173029984819782,-0.592124035550181
996,11693,"s1","m2",0.241006098560869,-0.965631505029557,1.10737602765589,0.373438952261555,0.0237416904009907
997,11694,"s1","m2",0.338775177976782,-0.926171541787759,1.19506720808021,0.44750731287771,-0.647672624089211
998,11723,"s1","m2",0.334460283254807,-0.893490875498558,1.12656787028991,0.494980277465299,-2.06234393796642
999,11759,"s1","m2",0.265550962114981,-0.926871198584455,0.952812164272363,0.440568105349491,-0.157645679740494
1000,11760,"s1","m2",0.27236235048617,-0.791725482400868,1.03972712986855,0.517895940203509,-1.54499622761633
1001,11776,"s1","m2",0.242017940762986,-1.01543845794409,1.02437373811355,0.413605350904066,0.332459587883032
1002,11779,"s1","m2",0.285001258605304,-1.01045155218279,1.12116979980478,0.41488460697857,0.0167758978991016
1003,11782,"s1","m2",0.446563893424354,-0.864499263387742,1.2751052939232,0.522069290801013,-1.23258952579216
1004,11801,"s1","m2",0.217599477213913,-0.952809516859006,0.919121743775321,0.450434541481663,-0.535355420394508
1005,11820,"s1","m2",0.322935775795026,-1.12090786714713,1.16121584876378,0.1971194799251,-0.0509594083189131
1006,11868,"s1","m2",0.201228003081796,-0.987799993681503,1.02810066380303,0.336826112727683,0.68274374938303
1007,11901,"s1","m2",0.107816566327623,-0.964486309890214,0.809838139894664,0.375769736656682,-0.282031823667918
1008,11907,"s1","m2",0.246020659387086,-0.882936535651433,1.15388324474271,0.416653625051064,-0.654379964995715
1009,11912,"s1","m2",0.318920896831824,-0.846178417290663,1.21321950340748,0.480482084902276,-2.18531431040943
1010,11916,"s1","m2",0.331665971208559,-0.850512569508624,1.08097949879882,0.310520222467002,-1.80459905283569
1011,11919,"s1","m2",0.281270661632437,-1.00958562523377,1.06157006267872,0.325349465325086,-0.00360479279355103
1012,11924,"s1","m2",0.282263145705126,-0.889725596929876,1.04559683624928,0.484196802223345,-1.16364361547133
1013,11925,"s1","m2",0.152871095653477,-0.961163433337508,0.945765916415381,0.453664290819011,-0.256721681401627
1014,11932,"s1","m2",0.376685892535599,-0.876408629244075,1.14137995134329,0.566301907361488,-1.20373604766184
1015,11943,"s1","m2",0.306359432179771,-0.996250450696035,1.04986269604938,0.32993361742109,-0.116815595290152
1016,11971,"s1","m2",0.23816218716975,-0.997834260362449,1.06489271403856,0.351408116735864,0.296016336914236
1017,11993,"s1","m2",0.285517362074179,-1.024514188234,1.12669326990201,0.464198738488858,0.319659393113806
1018,12000,"s1","m2",0.231507281743613,-0.961631377263683,1.00475394111019,0.336484977458176,0.122150736535127
1019,12001,"s1","m2",0.367779916469706,-0.980930533811168,1.16983678724243,0.459311130386206,-0.443130832024999
1020,12004,"s1","m2",0.317223308461092,-0.888076575955093,1.1065830931904,0.441132932710541,-0.662375497456776
1021,12005,"s1","m2",0.233678362401978,-0.972479411911679,0.996211657171653,0.463210019338504,0.232780719586208
1022,12016,"s1","m2",0.307805421899824,-1.01147574100688,1.16784700256811,0.341031255039044,0.5354408223399
1023,12035,"s1","m2",0.197491369999393,-0.933026381452378,0.943223781799469,0.498430393655518,0.184293583436742
1024,12045,"s1","m2",0.348899040918606,-0.934897617732194,1.11864359047246,0.317306582169222,0.104846562972735
1025,12048,"s1","m2",0.276629909012647,-0.897171369469917,0.978830820370724,0.403513671411851,-0.473397132486827
1026,12055,"s1","m2",0.213954226191751,-0.93396246070825,0.960581013252013,0.501277317787039,0.0827308732537918
1027,12061,"s1","m2",0.315231094990732,-0.893781222125608,1.15124781880013,0.381955667641507,-0.174220804183964
1028,12065,"s1","m2",0.254139512410494,-0.963083126796799,1.0304803991251,0.372195095992236,-0.709406420562626
1029,12069,"s1","m2",0.300119562590333,-1.01328698208025,1.10637656187192,0.344371845122743,0.4907155984062
1030,12080,"s1","m2",0.296738483703138,-1.04423572556626,1.03447617840131,0.247828200703874,-0.27115534659419
1031,12082,"s1","m2",0.265428870841563,-0.967886044190159,0.951982700340447,0.195498496996205,-0.233579633049859
1032,12086,"s1","m2",0.178303405317754,-0.942766704352257,0.954205286307938,0.441263410195034,-0.196183246056699
1033,12094,"s1","m2",0.271678736197004,-0.88905764254883,1.05732015734065,0.450488042559476,-0.671693507579376
1034,12118,"s1","m2",0.327351281477131,-0.999646480088026,1.08723526116616,0.33443661170768,0.0494113048457333
1035,12125,"s1","m2",0.192340202596783,-1.0562076406103,0.957955823457444,0.378217026996677,0.581129571102106
1036,12130,"s1","m2",0.291058900449855,-1.04320536274656,1.11296618632143,0.289474707723965,0.101358247895724
1037,12133,"s1","m2",0.318359269620983,-0.914133570534256,0.908058327558516,0.345441483001748,-1.14695143298911
1038,12158,"s1","m2",0.14412861121866,-0.924111517859446,0.955360952206781,0.449847953773055,-0.428959925762036
1039,12178,"s1","m2",0.230939709406974,-0.991556720979918,1.00424076661896,0.374893065701347,-0.311182714631448
1040,12210,"s1","m2",0.0873305139878514,-0.937900668589411,0.779677347068735,0.403468891665729,-0.72506836414527
1041,12225,"s1","m2",0.243020324612619,-0.938818108476683,0.97513387547178,0.366977303996985,-1.57594954562043
1042,12228,"s1","m2",0.235580000659447,-0.896848200173675,1.05241478829085,0.322919662127212,-0.657442364939589
1043,12238,"s1","m2",0.257179009721351,-0.885077215746265,1.00588493323592,0.496637068697712,-1.12525755995276
1044,12244,"s1","m2",0.214330835270593,-0.885578589268733,0.95312513542828,0.523994548271919,-0.751022652808479
1045,12259,"s1","m2",0.261329126390837,-0.899970696419542,0.998895339347356,0.650212545577656,-0.595569121959293
1046,12261,"s1","m2",0.258586206399133,-0.889330276110759,1.09165569068682,0.333154871285073,-0.797843430269343
1047,12266,"s1","m2",0.30813887439239,-0.867332730302338,1.01791378580859,0.299049013004702,-0.904654333555869
1048,12279,"s1","m2",0.270955695284414,-0.847126814599596,1.05314221642547,0.540927550509679,-0.8706624205943
1049,12294,"s1","m2",0.297440919003454,-0.970391393073388,1.15519115563134,0.2248682988092,-0.298143979162467
1050,12295,"s1","m2",0.271484785871073,-0.924800102077663,1.08805310325,0.373364935828177,-0.707953795453242
1051,12296,"s1","m2",0.138018518605655,-0.954994448151598,0.751241144497422,0.429272665024951,-0.275192766198572
1052,12298,"s1","m2",0.208376756922695,-0.965053622310909,0.958939528855977,0.346881429326262,0.147405847717972
1053,12309,"s1","m2",0.340899651218432,-1.01135549615599,1.17794142179816,0.403172399468188,-0.192515728397022
1054,12315,"s1","m2",0.110013548246312,-0.95643260167206,0.850570504748935,0.43623295556316,0.0969247096838373
1055,12325,"s1","m2",0.247194420409859,-0.96497118688856,0.951863054777887,0.469854863651598,0.195702881355099
1056,12332,"s1","m2",0.214779210237883,-0.912503138238812,1.07121363984813,0.343455526688083,-0.535658012167495
1057,12334,"s1","m2",0.158288804490841,-0.958198890331915,0.891502804789946,0.455116867523173,0.10610459448133
1058,12366,"s1","m2",0.344276235518519,-0.981209613905685,1.18955752549773,0.143626851775413,-0.385363864845633
1059,12371,"s1","m2",0.348558129878317,-0.920203097421615,1.09100429164752,0.438555417220847,-1.14316906130769
1060,12383,"s1","m2",0.205699062150274,-0.944671070819321,0.923870910206127,0.431372833150654,0.142337314882173
1061,12387,"s1","m2",0.193061667406641,-1.02333841857669,1.0576107303901,0.275882158173144,0.679155091739792
1062,12396,"s1","m2",0.256838379602586,-1.02709984864695,0.983667678728351,0.25028563339161,0.331875104408979
1063,12410,"s1","m2",0.188844534241464,-0.974326172550644,0.901092070181042,0.425724817938637,0.149852589712356
1064,12456,"s1","m2",0.276229899735589,-1.02369167278984,1.08517288349051,0.287775745545869,0.199018367663942
1065,12460,"s1","m2",0.246066352253301,-0.904915162060573,0.986861806300408,0.397672540871422,-0.182948864117401
1066,12465,"s1","m2",0.242255530400163,-0.979149966213588,0.929977690853846,0.340450397286727,0.285689013991082
1067,12497,"s1","m2",0.206414195212645,-0.999155295218706,1.03165150303444,0.363263416169568,-0.127517556719014
1068,12510,"s1","m2",0.25445101365784,-0.915116710561005,1.04024746699343,0.516852469823457,-0.371762281104568
1069,12527,"s1","m2",0.142825973552144,-1.00478485211448,0.797699187120582,0.294635944253081,-0.201840020449606
1070,12537,"s1","m2",0.331154016107487,-0.987701988411401,1.11989520166581,0.376255874981186,0.225649486371862
1071,12568,"s1","m2",0.316555378505726,-1.04732035289417,1.14202130273473,0.26195832431156,0.524344916578963
1072,12580,"s1","m2",0.250589957387174,-0.860374046206804,0.98269477240043,0.516156834334763,-1.33419765541957
1073,12581,"s1","m2",0.325917053377414,-0.908654410476521,1.10172060013612,0.363739704390188,-0.395135547493448
1074,12583,"s1","m2",0.245629110196523,-0.933278956233566,1.02368110412763,0.410639351728662,-0.08464916226126
1075,12584,"s1","m2",0.260053822534961,-0.93140521617017,1.05114000239312,0.366132774990444,-0.144132536586726
1076,12587,"s1","m2",0.373075597207768,-1.03315957794713,1.21768936966128,0.150452363569565,-0.48433397735345
1077,12637,"s1","m2",0.296914628459115,-0.944591519902919,1.06254907771398,0.400732812465036,-0.804492450478354
1078,12640,"s1","m2",0.230070796921477,-0.995180391816294,0.970077291247254,0.425356455480393,-0.00271415895734533
1079,12644,"s1","m2",0.23744076841512,-0.950156703317074,1.02942784762035,0.295631188106445,-0.898361737153333
1080,12657,"s1","m2",0.164113530881236,-0.987418614883506,0.798766614599239,0.400534889724841,-0.765986562731584
1081,12663,"s1","m2",0.204023829577481,-0.966587310975725,0.805318102577656,0.394360082404176,-0.638989912558659
1082,12665,"s1","m2",0.180432205842181,-0.894379154093269,0.932357844392555,0.453887992460677,-1.11288686060683
1083,12667,"s1","m2",0.182105326963691,-0.98923983088803,1.00705937988009,0.38147687777706,0.330507519434727
1084,12698,"s1","m2",0.274470384440426,-1.0085363478965,1.11814189070156,0.396405541135265,0.0746937813878128
1085,12705,"s1","m2",0.166398678312398,-0.967519738812327,0.938140960955156,0.47923067168788,-0.682552270666947
1086,12707,"s1","m2",0.307657050343615,-0.999616798856309,1.10333400048028,0.287957927234094,0.472673546803662
1087,12708,"s1","m2",0.359091765746952,-0.952214522678017,1.20294699802528,0.222266112385173,-0.577500652588966
1088,12709,"s1","m2",0.283314351548632,-0.953738564902701,1.22624373750145,0.389823035011738,-0.166038641734375
1089,12717,"s1","m2",0.262854122472577,-0.950677558887387,1.01327207179848,0.380920421329393,-0.342498998058745
1090,12728,"s1","m2",0.352231455014956,-0.985107666331419,1.16149658371442,0.259068783580623,0.00694578649095948
1091,12744,"s1","m2",0.23270191827744,-0.922695356660637,0.958208615983299,0.504415384291179,-0.0466440281362781
1092,12767,"s1","m2",0.25989930853679,-0.844068981599682,1.03972193493875,0.568012012327126,-1.29999202517428
1093,12781,"s1","m2",0.208178261364747,-1.01267402529045,0.961548732838096,0.392521733450651,0.171512539452608
1094,12802,"s1","m2",0.193593950650928,-0.944016328803793,0.940009162288898,0.39158980622498,-0.48800157392817
1095,12803,"s1","m2",0.202193786773883,-0.957971781713932,0.904223589146167,0.524234303740273,-0.474187861091737
1096,12808,"s1","m2",0.25186225543006,-0.953663310429155,1.06107479174584,0.236021765879623,-0.525092385391509
1097,12811,"s1","m2",0.345861936825993,-1.00596708833895,1.1409698556535,0.317142706227645,-0.0690841497964957
1098,12817,"s1","m2",0.27374006564555,-0.962807883646474,1.05242180036661,0.453493909600021,0.232104756288151
1099,12833,"s1","m2",0.215302920359145,-0.876014968173673,0.98864362807444,0.520281014027027,-0.097370624242452
1100,12846,"s1","m2",0.317266456959936,-0.876266614486317,1.12198644116257,0.59091096014556,-0.718425793389271
1101,12864,"s1","m2",0.157919098202556,-1.01533461091201,0.932243831395082,0.223689708355219,-0.0355204724888195
1102,12883,"s1","m2",0.245018914283419,-1.02079210538437,0.962155794007767,0.110682882646222,-0.312063080695914
1103,12886,"s1","m2",0.275800877730158,-1.00038640731775,1.07360800297478,0.275923515599949,0.063610910541051
1104,12918,"s1","m2",0.278497842717803,-0.97943577173132,1.0956287215946,0.312117289474365,-0.069748929180944
1105,12919,"s1","m2",0.213500756092033,-0.966895429332128,1.02626514080824,0.346440151235764,-0.0678233040749001
1106,12923,"s1","m2",0.327832766315071,-0.926469425407042,1.11793445353561,0.407244102329398,-0.311605806231402
1107,12937,"s1","m2",0.29248407539929,-0.938351543481175,1.01006607020316,0.409953751850107,-1.08765086279103
1108,12949,"s1","m2",0.328163717849742,-1.0200854138339,1.09619052789347,0.0123160278775354,-0.350700152670226
1109,12962,"s1","m2",0.291861904034125,-0.867766376946457,1.16939470206725,0.506140826096616,-0.930916522176753
1110,12971,"s1","m2",0.295918025604187,-1.06971824659693,1.11797312076792,0.284785443657056,0.48976879865994
1111,12986,"s1","m2",0.349009992774554,-0.926259684161235,1.11682930191237,0.411880391726405,-0.45842505325604
1112,12988,"s1","m2",0.309990562831628,-0.917888454588796,1.20154210803407,0.579331226036286,-0.865095738464926
1113,13012,"s1","m2",0.370500141990516,-1.00076061934651,1.15623983642484,0.18388014864511,-0.0534208868480342
1114,13015,"s1","m2",0.258416498021561,-0.962735486736622,0.981508307195097,0.401931727856404,-0.551041075893723
1115,13019,"s1","m2",0.307811757103361,-0.882263323110139,1.08729998809373,0.539398855216584,-1.38231032274713
1116,13023,"s1","m2",0.229014995738075,-1.04758010942604,1.01276813676234,0.181135556720708,0.31032896124372
1117,13032,"s1","m2",0.391195506766769,-1.01887088437185,1.29028753565268,0.185625281506782,0.125305999042191
1118,13041,"s1","m2",0.301129902951355,-0.921089188976224,1.17130739794356,0.48758003870137,-0.583755979798771
1119,13066,"s1","m2",0.161631446616615,-0.909258568813694,0.724913017696548,0.494685226324209,-1.15701232671393
1120,13072,"s1","m2",0.190719764658623,-0.921188262171182,0.932061473212854,0.453593858928011,-0.354674744390426
1121,13074,"s1","m2",0.34543075179014,-0.877670313454624,1.04152735011732,0.58629144935055,-1.16449003426836
1122,13078,"s1","m2",0.370463511892396,-0.9666541875194,1.20068073072173,0.319731991683027,-0.0719670441545891
1123,13084,"s1","m2",0.232235574159426,-0.933888259754336,1.02166786178908,0.286809111540225,-0.0886981055094021
1124,13085,"s1","m2",0.211958674695124,-0.963814056373292,1.01090792647237,0.232463215919522,-0.227016285594192
1125,13104,"s1","m2",0.266798704112417,-0.968018104061804,1.15980321510354,0.429725558731226,0.18447824114314
1126,13124,"s1","m2",0.356432424940863,-0.949573549942533,1.22487870999743,0.393094298848626,-0.247635341875063
1127,13128,"s1","m2",0.289460110497475,-0.870285616084148,1.00884118820132,0.449606101462791,-1.88263486726771
1128,13136,"s1","m2",0.202363983660378,-0.943919293265063,1.03275308864258,0.449925674381636,0.406963128733395
1129,13138,"s1","m2",0.259162696801463,-0.997672284021037,1.05936129838855,0.117512100653362,-0.142801280696109
1130,13154,"s1","m2",0.240548064668237,-0.977163799048174,1.01578781915586,0.317239797106996,-0.439024575558626
1131,13186,"s1","m2",0.200997223014911,-0.948130670874983,0.882353127008475,0.609244504787663,0.18760478477565
1132,13189,"s1","m2",0.221869355179224,-0.815647420577159,1.01947498133208,0.588540174042383,-1.05383470055205
1133,13192,"s1","m2",0.163393483507406,-0.895514249468714,0.845063776261569,0.466519474315752,-0.851478904095135
1134,13194,"s1","m2",0.187948260835672,-0.93341331500241,0.878388921931441,0.531341784560197,-0.174467150783369
1135,13203,"s1","m2",0.30578649321194,-0.89931821590368,1.10325654118346,0.443391852150722,-1.09758981589419
1136,13230,"s1","m2",0.320513727953764,-0.959568086940725,1.15588900912845,0.22947299350334,-0.96129503488253
1137,13232,"s1","m2",0.160660304868873,-1.04645939561773,0.889692105333841,0.123730924590651,0.307148279257056
1138,13235,"s1","m2",0.210474675595096,-0.944301268469988,1.05821891848593,0.450165841298927,-0.432815267020065
1139,13243,"s1","m2",0.36520535682107,-0.95281659396681,1.19810082488142,0.417240701115544,-0.479211475940377
1140,13253,"s1","m2",0.314099034986059,-0.936284339239973,1.10788985770116,0.470749096116474,-0.700809204547435
1141,13260,"s1","m2",0.290064830972532,-0.907221650775777,1.08732889587235,0.32612095524108,-1.14833906175948
1142,13275,"s1","m2",0.206791848371726,-0.944271779769974,1.02946062357872,0.43237015451812,-0.0905670515335135
1143,13276,"s1","m2",0.262922632636556,-0.967365300871414,1.06685170364795,0.474370613501003,-0.147523519674744
1144,13291,"s1","m2",0.326021548625339,-0.933904526741323,1.07899472065408,0.353049167065407,-1.20836003455673
1145,13295,"s1","m2",0.236413156776025,-0.898198162553308,0.932881244295683,0.477360434608063,-0.270372390946734
1146,13319,"s1","m2",0.367014192339142,-0.995361719518072,1.09233668007704,0.365355945298999,0.0930066047138329
1147,13328,"s1","m2",0.39377081804568,-0.887115810778372,1.2535959589396,0.481135255488122,-0.68218010145248
1148,13340,"s1","m2",0.306043494337909,-0.871977092759797,1.08480363025756,0.577170650970506,-1.0465126920565
1149,13347,"s1","m2",0.259511369123332,-0.922865004836532,1.19525950715616,0.444330871943243,-0.267537106207891
1150,13353,"s1","m2",0.305578306577458,-0.874223131452781,1.05200024171393,0.464096165279341,-2.65299393014417
1151,13368,"s1","m2",0.220514237619936,-0.977000617351228,1.02692827270167,0.155498464320566,-0.141417957292412
1152,13369,"s1","m2",0.266198015493948,-0.971206268386546,1.13107254475577,0.252379981046844,-0.605777987548202
1153,13385,"s1","m2",0.262034209732112,-0.978537410857515,0.957970721423217,0.529636138548211,-0.253555930059583
1154,13408,"s1","m2",0.24132946361452,-1.01528267516227,1.02089655364956,0.468607898380751,-0.308235124956545
1155,13411,"s1","m2",0.342680763080575,-0.940412755070028,1.17270309287503,0.385316192681708,-0.382709633644173
1156,13416,"s1","m2",0.302378979722397,-0.964239550728918,1.11603467922861,0.208378630927781,-0.0621211666029894
1157,13427,"s1","m2",0.276804080826649,-1.02408709568166,1.07120894606885,0.30197558979916,0.581409007929874
1158,13445,"s1","m2",0.197667999014696,-1.00557156499422,0.915739154922205,0.36874425363676,-0.165186538745579
1159,13465,"s1","m2",0.28083951254102,-1.00785387219553,1.00174631309051,0.269362589047137,0.353466808575945
1160,13493,"s1","m2",0.329029299657053,-0.904653377494599,1.04256889616912,0.493196054367788,-1.52801491756189
1161,13508,"s1","m2",0.267718333045743,-0.934125841242779,1.05986116463196,0.328495819462851,-0.310515700391835
1162,13522,"s1","m2",0.30122659391162,-0.921237754004072,1.07430081235178,0.41152172067618,-0.654884910764801
1163,13532,"s1","m2",0.310092659301988,-0.993200820785108,1.13875475559551,0.234878268403393,-0.0967391410014514
1164,13540,"s1","m2",0.345028034084952,-0.94206741138575,1.1883204336447,0.389603155127644,-0.0595343229727256
1165,13546,"s1","m2",0.323148731389418,-0.91713190651116,1.12337883855689,0.46875256053343,0.0507973268217663
1166,13557,"s1","m2",0.244598267315127,-0.790678194607143,1.07475392177008,0.61612672927638,-1.53149691114891
1167,13561,"s1","m2",0.226382434385456,-0.944167303702086,0.948044897277476,0.351835798440386,-0.600018630663843
1168,13565,"s1","m2",0.224141827103941,-1.0746450638835,0.960315977072795,0.244937872699625,-0.00390742940976328
1169,13568,"s1","m2",0.212288206556107,-0.866787608767318,0.947808980325474,0.487184835598707,-0.763034657327721
1170,13588,"s1","m2",0.285317420675156,-0.92421596317274,1.06818218558895,0.400190349425432,-0.460299081984186
1171,13590,"s1","m2",0.282573764289956,-0.925180666954951,1.08743616557482,0.438565867723883,0.219142284123076
1172,13592,"s1","m2",0.267097009899407,-0.96056619924506,1.07821409325148,0.435135419778934,-0.578613844066768
1173,13597,"s1","m2",0.265826836916158,-0.950219836031002,1.08151748128296,0.456906224130973,-0.564583646958927
1174,13617,"s1","m2",0.275158757301379,-0.878551200860085,0.978746148999869,0.541619010089405,-1.2392874265212
1175,13667,"s1","m2",0.226148108121493,-0.99448183438405,0.940382393824304,0.264281179180891,-0.221088761544084
1176,13681,"s1","m2",0.281067247289276,-0.89546745246414,0.992105408696174,0.480320638970662,-1.4059943766682
1177,13706,"s1","m2",0.265910990193661,-1.12339210157566,1.01544564003184,0.154072320253945,0.76148615270111
1178,13708,"s1","m2",0.276487838657582,-0.955675770639058,1.12289703705714,0.311172082154438,0.0201015626653189
1179,13719,"s1","m2",0.260966423514627,-0.983132671999853,1.04566097437802,0.370497511426392,0.289300180826158
1180,13724,"s1","m2",0.21085786023835,-1.02549542186323,1.05914348893882,0.283405606225891,0.389847334036561
1181,13729,"s1","m2",0.335001199623634,-0.882920910897149,1.13958251818667,0.453055093529949,-0.642515557001821
1182,13743,"s1","m2",0.281235159540019,-0.987143145994673,1.07000505015691,0.345645587594991,0.214461546328665
1183,13750,"s1","m2",0.301237159422913,-0.991996087193394,1.09925970856453,0.334488433180632,0.153354262009181
1184,13756,"s1","m2",0.260011388053326,-0.918930944678939,0.995774863085644,0.458557114608164,-0.563093780914056
1185,13761,"s1","m2",0.178780587598061,-0.969647379518623,1.00612298248619,0.343046830897656,-0.000186467864688671
1186,13773,"s1","m2",0.319687718185729,-0.903763289947706,1.18048300965172,0.423049782925569,-0.779810528283021
1187,13789,"s1","m2",0.43813813993401,-0.962360229420574,1.29691878499024,0.36211670738042,-0.553726460866258
1188,13805,"s1","m2",0.260011142885917,-0.911650247172498,1.16794101490515,0.31960936259339,-0.108939744423387
1189,13811,"s1","m2",0.176313782847729,-1.02877659645625,0.966846898895253,0.268387723266365,-0.171501745689386
1190,13813,"s1","m2",0.338166633683486,-0.985415690048352,1.13643266797731,0.385895370686648,0.0605108981311829
1191,13824,"s1","m2",0.407146831861607,-0.893676299528226,1.25569820250588,0.536392247797776,-0.654501427740873
1192,13825,"s1","m2",0.241053555232819,-0.94537773675324,0.898821435890027,0.404657179114984,-0.39473878545905
1193,13832,"s1","m2",0.407488767887162,-0.88877138106609,1.25302804990137,0.461644509883257,-1.03673634092025
1194,13839,"s1","m2",0.265403124883382,-0.824368441552299,1.03790431517353,0.724153612393999,-0.247056786465681
1195,13840,"s1","m2",0.244734722685751,-0.994875193049626,1.08340728539375,0.349504738647752,0.231072452103962
1196,13848,"s1","m2",0.221286481083012,-0.987764821056261,0.965247493134708,0.334478942808396,-0.235041284928127
1197,13853,"s1","m2",0.177837837516585,-0.983298108892599,0.844821165463323,0.53345084432433,-0.449799365143598
1198,13858,"s1","m2",0.20759929823798,-0.920298107595094,0.925290994751447,0.439801923057834,-0.636321896617849
1199,13884,"s1","m2",0.258136786432354,-0.971125973365734,1.01377064905866,0.447447302264363,-1.12338307518509
1200,13902,"s1","m2",0.200228313877851,-0.960568150164618,0.8705894141805,0.388110848888495,0.366257016488745
1201,13903,"s1","m2",0.263121954285875,-0.989890747217721,1.01906151955533,0.326341010840375,0.0360314908024277
1202,13904,"s1","m2",0.218819369226701,-0.930143909156575,0.93950063320617,0.30951212822107,-0.887041730588575
1203,13912,"s1","m2",0.336254438216424,-0.902512878144972,1.15393917157078,0.605418790391725,-0.719684647600423
1204,13918,"s1","m2",0.252221191064365,-0.914840379547716,1.02919467716451,0.47886475458092,0.040641299733544
1205,13935,"s1","m2",0.212500862612969,-0.981804492783599,0.991320481639603,0.220247729172247,-0.668945195525925
1206,13946,"s1","m2",0.271395550602538,-0.896940858353409,1.12492129538378,0.358239767476631,-0.112748998725217
1207,13948,"s1","m2",0.244172093833119,-0.907416838919021,0.929319218410708,0.386065048731506,-0.811973514580576
1208,13952,"s1","m2",0.328656764290066,-0.927311776585442,1.14796372299936,0.279435653401387,-1.29453521047357
1209,13973,"s1","m2",0.223847079317865,-1.04491336024424,1.00332696790595,0.307242837507225,-0.0614919786557941
1210,13974,"s1","m2",0.255263795801641,-1.07544765078347,1.08133556108502,0.0491737815281203,0.429865005758448
1211,13978,"s1","m2",0.227110241949207,-0.96754754435648,0.949183106073253,0.214926823415101,-0.345517067143119
1212,13982,"s1","m2",0.269832434996241,-0.976888401097426,1.07474323249638,0.324573486516916,-0.477756461717097
1213,13999,"s1","m2",0.274654510888456,-0.937388389551213,1.10440555305836,0.249136194200149,-0.26669041553908
1214,14004,"s1","m2",0.321395836164546,-0.995038836769823,1.09815110949515,0.396072750979542,0.116347300404711
1215,14024,"s1","m2",0.249209272087142,-1.02228978542228,1.12310154740519,0.275344224511846,-0.123470645455775
1216,14034,"s1","m2",0.17348495054001,-0.980882638986239,0.941767424384726,0.307379832384178,0.130955903875291
1217,14048,"s1","m2",0.242580052316333,-0.976307809961798,0.989257606995944,0.355285349346465,0.129961049721366
1218,14050,"s1","m2",0.166716796123435,-0.967736825745699,0.827603550587845,0.329981352239987,-0.109901528199039
1219,14061,"s1","m2",0.327648035856537,-0.999453726498147,1.18425716425965,0.202202035701169,-0.364818554012976
1220,14094,"s1","m2",0.226569696957107,-0.971477244139082,1.02182725629713,0.385169381037486,-1.13144871318104
1221,14108,"s1","m2",0.254890712571997,-0.991675418052857,1.04792532851727,0.29032427523533,0.224106790592521
1222,14115,"s1","m2",0.12458743821841,-0.939941278206739,0.799296177871049,0.341757901657363,-0.299957688711434
1223,14137,"s1","m2",0.174793368617908,-0.977512671448485,0.941499520353746,0.530695537047657,0.457102548010635
1224,14144,"s1","m2",0.268995051056807,-1.01160695887258,1.08126448572243,0.296856083197338,0.18202246422228
1225,14169,"s1","m2",0.173167629711442,-1.00116850818176,0.885507863187103,0.249245545757156,0.411845044913702
1226,14178,"s1","m2",0.253765066103694,-0.97347888591814,1.14636461673419,0.463750862199488,0.203393763615811
1227,14187,"s1","m2",0.262166922964973,-0.906434205763764,1.05334182023972,0.505649674964008,-0.627870939549176
1228,14190,"s1","m2",0.254561135857784,-1.06014282227516,1.01207582716101,0.24550260095962,0.186115470639399
1229,14195,"s1","m2",0.136478880845302,-0.980663423717208,0.843861419608255,0.38263793042436,-0.17596113469629
1230,14200,"s1","m2",0.307861735578739,-0.933505014311616,1.07933965901307,0.463276820216967,-1.0143203769669
1231,14205,"s1","m2",0.358184972769995,-0.976120543346637,1.17293922281872,0.224450760003816,-0.550828422907976
1232,14214,"s1","m2",0.229967303709407,-0.939109443883382,0.983315386121033,0.405754716347736,-0.213788525369282
1233,14216,"s1","m2",0.230632709077112,-0.965405922538652,0.949912855375353,0.362417771903867,-0.0296453909517911
1234,14217,"s1","m2",0.324779213459707,-0.799837991681555,1.02104708343048,0.617769612919112,-2.09508627760216
1235,14218,"s1","m2",0.182454278088405,-0.979539571399171,0.865778749259666,0.357356551723611,0.424486522556126
1236,14220,"s1","m2",0.254980280038564,-0.905808192212031,1.06149287509651,0.393057708464525,-1.10008777180734
1237,14222,"s1","m2",0.237708649410006,-1.10031920271397,1.06937931262019,0.0521238580952739,0.131046947521902
1238,14247,"s1","m2",0.125748711839627,-0.94463138666526,0.877314126370874,0.35795053592612,-0.159847338542395
1239,14259,"s1","m2",0.297538378270172,-0.905607572493311,1.03376790684449,0.42966102940463,-0.582132734620981
1240,14260,"s1","m2",0.213122056921721,-0.984383685900356,0.95386503446697,0.12084884202084,0.0895026601186963
1241,14263,"s1","m2",0.286449761174175,-0.95066970017558,1.11227333801,0.385899071977441,-0.797865457794876
1242,14280,"s1","m2",0.235729310002783,-0.924546419656672,0.960576661965209,0.297482874472494,-1.18999431148313
1243,14283,"s1","m2",0.195100760691739,-0.971762105230408,1.07361379764492,0.4695275120578,0.128523331003483
1244,14302,"s1","m2",0.246654466278729,-0.880925598182065,1.0093282867215,0.618543577809651,-0.794882756177531
1245,14305,"s1","m2",0.174003441970451,-0.999694253511625,0.979126055245431,0.245235954521337,0.120792848277324
1246,14312,"s1","m2",0.242545757425754,-0.992921768247604,0.967588998123905,0.516657677362068,-0.119524474042441
1247,14324,"s1","m2",0.170365503965716,-0.945730111024566,0.984524631586462,0.471650162501044,-0.195618760958846
1248,14330,"s1","m2",0.357743251505741,-0.950758930181446,1.16793494467757,0.388155505082092,0.0138771505908898
1249,14334,"s1","m2",0.230679140240822,-0.967845076595097,1.05425779671031,0.315363838998733,0.116249515743365
1250,14340,"s1","m2",0.314007147972046,-0.955233817440482,1.16107577113419,0.458659649417992,-0.0321178968421255
1251,14345,"s1","m2",0.264023118157602,-0.885416522244298,0.946471381715263,0.619241600982253,-0.559708392221469
1252,14355,"s1","m2",0.276804977813588,-0.901149354994085,1.03102206494865,0.363540143022689,-1.2301771249798
1253,14365,"s1","m2",0.278281087416898,-1.06180785101108,1.04309502875904,0.36481112947,0.366962293408891
1254,14389,"s1","m2",0.256263807019746,-0.921736798667032,1.03298974090308,0.480262031906806,0.0120427070394554
1255,14392,"s1","m2",0.230584586281555,-0.972842643986384,1.04844211341747,0.385318250127108,0.0635605250636171
1256,14395,"s1","m2",0.221469050684035,-0.936284528880373,1.05201911551709,0.40261481303003,-0.301696115771478
1257,14404,"s1","m2",0.192105118042555,-1.01744382505093,0.924400796823971,0.321185115622972,-0.410659911864385
1258,14418,"s1","m2",0.182686940956869,-1.04587602490176,0.942397572280723,0.00660117467034799,0.174490190450115
1259,14424,"s1","m2",0.332007616297575,-0.866282398935487,1.0748467526495,0.511620215834176,-1.19068577535445
1260,14436,"s1","m2",0.187646634826161,-1.06922310162748,0.985906161496857,0.393612898469381,0.664877927201721
1261,14447,"s1","m2",0.34356836021564,-0.84020462962303,1.19409052803388,0.475531413091119,-1.78917701330094
1262,14456,"s1","m2",0.290749053125512,-0.974099418924592,1.05514906354715,0.411436213207624,0.187836845769299
1263,14457,"s1","m2",0.256815109432867,-0.936154366425055,1.04692733559877,0.340162870287391,-0.631797398566872
1264,14469,"s1","m2",0.198620623011346,-0.979008195777199,1.02178282663342,0.329580398934278,0.110915903424445
1265,14485,"s1","m2",0.243874172978808,-0.99560844651978,1.14203603076698,0.261585642983171,0.287922281036784
1266,14491,"s1","m2",0.204608755433318,-0.868122960306342,1.0431420947104,0.418253381944965,-1.23973177731556
1267,14510,"s1","m2",0.220066330362321,-1.05354879878584,0.905985979284297,0.102477264386552,-0.223616877751977
1268,14530,"s1","m2",0.210480431665705,-0.982248105006609,0.933762661408534,0.295688532758469,0.099247407690953
1269,14562,"s1","m2",0.271774414022896,-0.916619885017125,1.14504422794638,0.21569937236967,-0.281657913870445
1270,14567,"s1","m2",0.144237122705417,-0.94724193793104,0.913434621152084,0.452708984411455,-0.863151462491588
1271,14587,"s1","m2",0.205497637108183,-0.998119696688098,1.01761657465053,0.308837175681146,0.152823956352951
1272,14588,"s1","m2",0.277271905261146,-0.897989433383208,0.996891254653363,0.51975563973479,-1.16857790567088
1273,14596,"s1","m2",0.284378873936324,-0.822829999886226,1.03718037708443,0.5151350041059,-1.39285097976679
1274,14615,"s1","m2",0.151529765669528,-0.90766520212333,0.855727386429308,0.334838102154796,-0.388918786094643
1275,14649,"s1","m2",0.255031778937397,-0.895802724570782,0.991056144539921,0.471773588067872,-0.983392295818991
1276,14653,"s1","m2",0.424409222783274,-1.06356633106003,1.24563617845799,0.225364794093057,0.415608961684467
1277,14655,"s1","m2",0.214789326393712,-0.9072737784229,0.974753772162765,0.562747480693807,-0.423124913145578
1278,14664,"s1","m2",0.219669578771376,-0.916442230147372,0.774126724822134,0.301829702671118,-0.72615036405635
1279,14666,"s1","m2",0.282891292538327,-0.905328860847561,1.08170635359892,0.393111253694257,-1.25992489928099
1280,14670,"s1","m2",0.194373031280581,-1.00618734698504,0.981703679640251,0.313254121695703,-0.141432805655679
1281,14687,"s1","m2",0.372252244139113,-0.8923768047035,1.26740351651043,0.577592763175973,-0.885035191001659
1282,14688,"s1","m2",0.350810698022477,-0.859973589383856,1.18227750025622,0.37151006884242,-1.49848845063607
1283,14689,"s1","m2",0.342452621308801,-0.951013594647882,1.23041179314388,0.332163257291387,-0.130270858605137
1284,14703,"s1","m2",0.32066769969129,-1.07024363272043,1.09419474308073,0.196592286385378,0.396643525814305
1285,14708,"s1","m2",0.279449282886414,-0.936063970557416,1.13204057253462,0.281758153201225,-0.57020559606619
1286,14736,"s1","m2",0.145609560080795,-0.986848611924408,1.0219619419448,0.36040359483923,-0.0309266615012688
1287,14781,"s1","m2",0.236444654188692,-0.96247256663589,0.918739401599084,0.342677139554136,-0.00829488957096473
1288,14796,"s1","m2",0.323341569208067,-0.882826601104844,1.09242377338434,0.439669516886006,-1.2418875509101
1289,14797,"s1","m2",0.301099150867213,-0.941967763611181,0.938227791034664,0.514699533321254,-0.535684317393632
1290,14807,"s1","m2",0.261263675100707,-0.965715193315298,1.03545214950508,0.225936713647704,-0.0332436426495327
1291,14834,"s1","m2",0.272183747218467,-0.883536757648956,0.987467326297202,0.513459364354953,-0.444410678358783
1292,14857,"s1","m2",0.227367210822396,-1.02316360876528,1.05119258839122,0.27134638103082,0.220569767734617
1293,14859,"s1","m2",0.214808331216924,-1.01523201639426,1.0200145843045,0.0383183345381755,0.348666363845276
1294,14872,"s1","m2",0.269948673655773,-0.987582618801088,1.14422795979457,0.262225685914776,-0.347770342589862
1295,14888,"s1","m2",0.298723077199694,-1.0918269931237,1.07463334218207,0.118667001028922,-0.25118782398262
1296,14895,"s1","m2",0.237516154812781,-0.981048682775527,0.973983783956275,0.265025311551534,-0.0578543837864635
1297,14914,"s1","m2",0.229936094138492,-0.892263297293313,0.956082150713438,0.522093020478047,-0.73603106874513
1298,14916,"s1","m2",0.272691961791042,-0.921075024279954,0.97487688245199,0.413427962536528,-1.01165330461536
1299,14964,"s1","m2",0.137723527439203,-0.940125736473979,0.863086845872951,0.358456056893356,-0.163939148202258
1300,14979,"s1","m2",0.218418562604463,-0.905369955144594,0.962575875647788,0.534471132622149,-0.254513682940055
1301,14987,"s1","m2",0.270079277490623,-0.853313751717359,1.03738777690242,0.566396995149266,-0.460451496363732
1302,14989,"s1","m2",0.331541103152961,-1.03495875064765,1.1845126156414,0.312789880064818,0.509634280484156
1303,15001,"s1","m2",0.221207233513441,-0.977753072368452,1.04541829319593,0.445128196202937,-1.14982218780631
1304,15022,"s1","m2",0.24336834058497,-0.841900403004134,1.0360131100659,0.383989608560288,-1.59051368395513
1305,15032,"s1","m2",0.255286652518476,-0.920338605485268,1.05128560270759,0.265658344922812,-1.04806954269767
1306,15043,"s1","m2",0.318752735013469,-0.974190785095907,1.20096702035028,0.28294867421758,-0.150027315266539
1307,15060,"s1","m2",0.33457656782557,-0.879085409087883,1.17535240965916,0.460537598506096,-0.769827367728357
1308,15065,"s1","m2",0.246197578169855,-1.00395480819588,1.10007726504976,0.35041728791928,0.120448664434754
1309,15071,"s1","m2",0.227215771714531,-0.935243248668246,0.997677978804754,0.371327587427689,-0.162738219789765
1310,15100,"s1","m2",0.252343268116179,-0.900047261938142,1.00438111353493,0.495792510777046,-0.85921483113666
1311,15107,"s1","m2",0.325351402662163,-0.873592366166855,1.05995275639122,0.566196206957186,-1.08079628973785
1312,15128,"s1","m2",0.230719312673268,-1.01494772549384,1.18285188494225,0.242718912106864,0.662413524660976
1313,15131,"s1","m2",0.297675632241136,-1.04549420723564,1.20089036760323,0.269015148966413,0.319742224629517
1314,15146,"s1","m2",0.354837572007646,-0.965894266091147,1.166816084511,0.342579118772903,0.308793524510209
1315,15165,"s1","m2",0.34356805731673,-0.892010263335535,1.21164149706357,0.484504619647055,-0.608125583207357
1316,15178,"s1","m2",0.304661785879884,-1.06400958418514,1.13258888467807,0.27123945344634,0.243729115211523
1317,15189,"s1","m2",0.164371386501495,-0.855610788658778,0.812428536354396,0.394552616041276,-0.675687307877905
1318,15193,"s1","m2",0.214165605307848,-0.945978245718305,1.00996915347723,0.46101226070214,-0.14222534624855
1319,15218,"s1","m2",0.154258501297039,-0.901506694711626,0.761036174889188,0.485345388274122,-0.387396131146543
1320,15230,"s1","m2",0.180319770100251,-0.921341069071406,0.952507865623897,0.399790821021534,-0.222799469426063
1321,15244,"s1","m2",0.103593929817475,-0.927325722558263,0.663674892877839,0.434485915013738,-0.806479422803333
1322,15266,"s1","m2",0.346278728147184,-0.894198764108689,1.10628671015304,0.477509677444628,-0.819149585077314
1323,15277,"s1","m2",0.335279688732655,-0.952831932528907,1.14155816887578,0.284092089997232,-0.466546542509057
1324,15279,"s1","m2",0.287022254451691,-0.87428234716787,1.08443116475103,0.577178626015453,-0.713973251669674
1325,15284,"s1","m2",0.260905624799961,-1.04385875438221,1.10589199456196,0.204832657741738,0.444544879621552
1326,15298,"s1","m2",0.27395154607302,-1.02911163664402,1.08762151111604,0.273404234165802,0.247559803443383
1327,15326,"s1","m2",0.176870928393394,-1.02748871665608,0.905195437626829,0.188179337462179,0.332115189021044
1328,15343,"s1","m2",0.376099311890444,-0.949768087790185,1.16876514988604,0.398685275217869,-0.393846965036391
1329,15363,"s1","m2",0.166869546143774,-1.02998899387614,0.94176142543756,0.283348158248556,0.197373477602945
1330,15370,"s1","m2",0.251731495738983,-0.934228285492896,1.03940181206141,0.508097860909079,-0.391596452785228
1331,15409,"s1","m2",0.320011899903227,-0.937743212608647,1.10276860496562,0.304587830772483,-0.853042109018433
1332,15425,"s1","m2",0.118581998782695,-0.967228722046297,0.89868794772334,0.28918981936042,-0.557428168326053
1333,15433,"s1","m2",0.323960242587947,-0.982783959816247,1.19313715899602,0.34549735990841,-0.951435727541793
1334,15460,"s1","m2",0.164229306694634,-0.933032659083305,0.802473138757791,0.472166678307575,-0.441646552654771
1335,15480,"s1","m2",0.369776889847455,-0.945445598210941,1.2247235438891,0.520792280149833,0.39934270404743
1336,15482,"s1","m2",0.373545283688178,-1.01716482047557,1.15392488896655,0.258272388650256,0.576186166478057
1337,15489,"s1","m2",0.358905884831843,-0.884110540388983,1.1851124699138,0.598033324747109,-1.63765974598099
1338,15500,"s1","m2",0.0475206037198059,-0.851383907934458,0.744764506390876,0.566317266459288,-0.838645056544605
1339,15509,"s1","m2",0.249864918623454,-0.965431384156477,1.1619065554074,0.376107526933471,0.0359209157895003
1340,15511,"s1","m2",0.243161289459415,-1.0718798192659,1.03554489432127,0.274846530646976,0.605280600801953
1341,15531,"s1","m2",0.319980811826367,-0.926422437361946,1.08103058275509,0.520191773654572,-0.789277238163995
1342,15539,"s1","m2",0.3112390554354,-0.905335938460845,1.07775149353933,0.471523494084431,-1.45846367724592
1343,15560,"s1","m2",0.330188115045574,-0.939443440032266,1.17259207789625,0.355530064505722,-0.578735677776436
1344,15563,"s1","m2",0.205088245435435,-1.01719967129888,0.929788048706903,0.315475134827284,-0.063195908390293
1345,15565,"s1","m2",0.364521666077794,-0.981772995115023,1.16439853352805,0.298693377995131,-0.580616869004093
1346,15585,"s1","m2",0.127806967582375,-0.922695604409885,0.760511883566378,0.423647440071664,0.0786315724990418
1347,15589,"s1","m2",0.303436889787161,-0.976884341501119,1.17497304453957,0.281815559315936,-0.197823555475487
1348,15596,"s1","m2",0.219685000359886,-0.94586143989519,0.969044283471923,0.387448348573956,-0.796509676276344
1349,15597,"s1","m2",0.291604602002336,-1.06671552897591,1.00931656905057,0.224809654688463,0.281307826838324
1350,15598,"s1","m2",0.147274589825182,-1.00091357412393,0.776814220621795,0.300870885918727,-0.449535187671063
1351,15603,"s1","m2",0.132841079684169,-0.965728188656772,0.921010459580112,0.323531984638363,-0.241073717699374
1352,15609,"s1","m2",0.216520558269898,-0.94316798190255,0.928354310724722,0.423040367342288,-1.08112622280282
1353,15610,"s1","m2",0.212363814772772,-1.05926114365426,0.983354676586015,0.306828317310323,0.0941670397981309
1354,15624,"s1","m2",0.327327120620192,-0.959099669729977,1.16922693126477,0.368840457863,-0.509527260466565
1355,15625,"s1","m2",0.325117844812365,-1.03152802495637,1.17610531115171,0.286650586485464,0.40823455152619
1356,15645,"s1","m2",0.256088293141998,-0.967885819985807,1.09095291958329,0.358672143052917,0.142344734125826
1357,15663,"s1","m2",0.217759606540914,-0.929264151151667,0.92731834645678,0.413150560343733,-1.1903401375979
1358,15666,"s1","m2",0.260993567893579,-0.901056135489833,1.00973696007123,0.499888160567404,-0.420616283501772
1359,15680,"s1","m2",0.263249271798764,-1.02050358686629,0.997190878790673,0.302616670960983,0.084713673906352
1360,15693,"s1","m2",0.259138629334113,-1.01029415962673,0.94377988052345,0.385965863861989,-0.328202921521709
1361,15704,"s1","m2",0.20206956111547,-0.92433366076682,0.982163512752701,0.403762741832384,-1.21150924700398
1362,15708,"s1","m2",0.239719994256192,-0.965398221906135,0.966658239104276,0.232388073249923,-0.24617754649999
1363,15726,"s1","m2",0.195008226889348,-1.03444994548589,0.932028066612771,0.105012956035669,0.237166184627072
1364,15741,"s1","m2",0.129580542582377,-1.03440974649795,0.899263653175999,0.113842132862023,0.105902624279861
1365,15764,"s1","m2",0.180926183789898,-0.955139724091261,0.831948248345541,0.383146381676479,-0.621351690662866
1366,15768,"s1","m2",0.198129383214992,-0.989304255686937,0.905881511103967,0.416932641628724,-0.230571194731613
1367,15771,"s1","m2",0.357546388207194,-0.911032392137766,1.18419941345039,0.401012745853208,-0.616670017868505
1368,15783,"s1","m2",0.114199094905451,-1.02382776751518,0.826326818792802,0.0894330050804792,0.187112408154931
1369,15803,"s1","m2",0.257765064997145,-0.97542985102062,1.14889291890186,0.32138031603614,0.315757836933044
1370,15809,"s1","m2",0.270727289251848,-0.927787906707843,1.15677800416129,0.509121881598881,0.24227421320041
1371,15811,"s1","m2",0.265620224842982,-0.956314983462224,1.01822428782988,0.23821117054183,-0.870932002328163
1372,15814,"s1","m2",0.287907501522968,-0.978321553168053,1.12469003915613,0.335886939521663,0.495400156222848
1373,15817,"s1","m2",0.270611616420913,-0.968182003782683,1.01450110630967,0.520426221549958,-0.0711050262117224
1374,15827,"s1","m2",0.329196941573361,-1.04347642573979,1.17579062706177,0.0681441050416096,-0.395342891730822
1375,15844,"s1","m2",0.314652644968873,-0.98131955350201,1.19446031702143,0.348948494228058,0.0668065462855638
1376,15847,"s1","m2",0.297667694808227,-0.923401634068071,1.09230792167386,0.433976173621598,-0.415327813748233
1377,15852,"s1","m2",0.349744470764307,-0.991285062082283,1.1333165209775,0.256104365715253,-0.13570592122697
1378,15858,"s1","m2",0.350570356189757,-0.967114206532792,1.13119728665631,0.30654726338446,-0.357992027024277
1379,15861,"s1","m2",0.200505202741599,-0.955580106464211,0.982960026189004,0.414508846495719,0.23926390286725
1380,15881,"s1","m2",0.168297520282281,-1.01880099543958,0.936176999160269,0.178196937365014,0.13015828077607
1381,15899,"s1","m2",0.263308587137474,-0.972941341972643,1.0064162055416,0.386494696779763,-0.115181850392781
1382,15937,"s1","m2",0.246985218498844,-0.995638218254692,1.1186368894297,0.36403035808726,0.100088393232941
1383,15950,"s1","m2",0.128653878841402,-0.926723829760473,0.832837983294361,0.433490785471069,-0.249336085634285
1384,15962,"s1","m2",0.256765661660517,-0.862657186327778,1.06550323331846,0.450236650249733,-0.987364053585572
1385,15984,"s1","m2",0.351362430438855,-0.898523450302946,1.05018384695744,0.498382550494833,-1.28772059566025
1386,15987,"s1","m2",0.201300046827164,-0.973239640635852,0.984335940190394,0.250021785303418,0.0765083344774408
1387,15996,"s1","m2",0.287132060791604,-0.907186554577385,1.04750153781769,0.208566481296264,-0.636805185401191
1388,16006,"s1","m2",0.281672026243656,-1.04632760272134,0.989204645261015,0.370442693312264,0.040048238209394
1389,16008,"s1","m2",0.288959500585921,-0.895050366227159,0.996280755407287,0.586937591609473,-1.17194586395167
1390,16010,"s1","m2",0.192101709278107,-0.925217406978962,0.958787421830923,0.418770852869887,-0.643206055339698
1391,16026,"s1","m2",0.310850775122677,-0.94138395955887,1.05769340864762,0.362678268444993,0.0412351024449527
1392,16050,"s1","m2",0.338242401831628,-0.898555676152874,1.08462549143527,0.537671762337123,-0.728151336976279
1393,16052,"s1","m2",0.22078011587711,-0.974631557624147,0.995102217380216,0.248943078649879,-0.279455636911668
1394,16059,"s1","m2",0.292609398220785,-0.941102587055288,1.01776744336895,0.357375486234344,-1.25925928151601
1395,16093,"s1","m2",0.320317065305085,-0.958698675749432,1.073357436595,0.403067330469289,-0.777749769741591
1396,16102,"s1","m2",0.292883618268045,-1.02033944149419,1.10840699368913,0.181123115545109,0.370349187967495
1397,16115,"s1","m2",0.173141748791464,-0.950452876287378,0.952077524634678,0.4783801865158,-0.511828712216109
1398,16126,"s1","m2",0.371993886357019,-0.914167792721634,1.15025205839559,0.308645231296493,-1.44278160197155
1399,16129,"s1","m2",0.358776459474594,-0.873163626478534,1.14214616776709,0.373593236596135,-0.662543624118704
1400,16151,"s1","m2",0.215304335706353,-0.939082899791461,0.966821358589826,0.620704036554113,-0.100821163142633
1401,16153,"s1","m2",0.184182484897055,-0.847744505231441,0.964397460970041,0.554830027280301,-1.9014896787446
1402,16155,"s1","m2",0.370947146285458,-0.985125373446956,1.14031231973031,0.241480960867217,0.152201070401579
1403,16170,"s1","m2",0.223908502711973,-1.0173748075068,0.961558928948588,0.241872373617167,0.635469713383768
1404,16178,"s1","m2",0.335834725341981,-0.937134714485597,1.10952988873757,0.436892372775364,-0.564385904360682
1405,16181,"s1","m2",0.130392902324575,-0.916903287811515,0.895675625578922,0.34652664460148,-1.62347396955349
1406,16183,"s1","m2",0.36740271313484,-0.916342562152685,1.11397879319372,0.393874095265349,-1.17366561259533
1407,16186,"s1","m2",0.212892533743649,-0.992281759510331,0.978033974089966,0.357517319170728,-0.911532078772927
1408,16187,"s1","m2",0.251263644565301,-1.0334564776942,1.07016698681184,0.335650942003456,-0.105748604786406
1409,16191,"s1","m2",0.264091428305316,-1.00131462339365,1.01963992063134,0.445409691415225,0.228348152415691
1410,16208,"s1","m2",0.151674121585432,-0.907564007544382,0.886590771392554,0.383378184825966,-0.346680727553462
1411,16210,"s1","m2",0.235702912104787,-1.05694840501986,1.01271787948113,0.270491672266063,0.57870223915241
1412,16216,"s1","m2",0.347375348004239,-1.00618172222603,1.10089474834736,0.382178852653663,-0.495648867926911
1413,16229,"s1","m2",0.18997227832828,-0.908738331441729,0.805146951823171,0.495537568940666,-1.07234821198842
1414,16247,"s1","m2",0.176592976728321,-0.967466034417106,0.69160688833501,0.234847702319569,-0.802098338080458
1415,16265,"s1","m2",0.153060403196217,-0.983673472971045,0.842713339793788,0.202141772291118,-0.478488469345015
1416,16280,"s1","m2",0.266517418186913,-0.970827068837039,1.09591661246047,0.416521568217811,0.162831835339188
1417,16288,"s1","m2",0.283993731254605,-0.881678734410669,1.06922199423517,0.407164332395554,-1.0820250796209
1418,16305,"s1","m2",0.271729504156951,-0.947291746740169,1.08978036580872,0.358513575462731,-0.424827448589639
1419,16311,"s1","m2",0.365708340651923,-0.936851606948468,1.2186147464266,0.531643409391469,0.640468653890938
1420,16315,"s1","m2",0.240925243568844,-0.967793973376609,1.04528517469503,0.284837587825405,0.159931065164982
1421,16338,"s1","m2",0.235805769720018,-0.936338842946213,0.998160483472748,0.291489816892009,-0.63832086356129
1422,16343,"s1","m2",0.316131263895525,-0.937193594616095,1.17648126409008,0.440396846066023,-0.198171725100634
1423,16357,"s1","m2",0.286854631904657,-0.86419327706942,1.13536096702252,0.349832821138042,-1.39974173007026
1424,16359,"s1","m2",0.263408704173747,-0.859730983737765,1.11791650029477,0.576077330690786,-0.464674320463178
1425,16368,"s1","m2",0.200843821167592,-1.00258077069482,1.02522401616269,0.206544516785851,0.266373359801459
1426,16369,"s1","m2",0.360422089163342,-0.987821892659397,1.1576891533916,0.266654880410497,-0.0720758039981906
1427,16370,"s1","m2",0.347274740209652,-0.902491372530729,1.20486462075988,0.500660826896008,-0.364732279422237
1428,16378,"s1","m2",0.252138510081439,-0.795367029772929,1.00231478501137,0.589431479410782,-2.37269936379144
1429,16380,"s1","m2",0.213678773203847,-0.920371264681574,0.896270327901056,0.251382327021612,-0.592577163731634
1430,16387,"s1","m2",0.209082203835794,-0.86507913927481,1.01287508030378,0.540863968603345,-1.20370373099205
1431,16389,"s1","m2",0.257423109143557,-0.978422394487052,1.07529116135115,0.244813432533602,0.149657715901391
1432,16460,"s1","m2",0.335053638854575,-0.847335739081426,1.15488146449174,0.545159738639864,-1.85315706841534
1433,16464,"s1","m2",0.231302746319523,-1.03792043973173,1.03322805975003,0.345055336374833,0.428873488707771
1434,16481,"s1","m2",0.274743678108621,-0.88636131294806,1.09627425598224,0.498584509733127,-0.947701058528724
1435,16486,"s1","m2",0.270299712297237,-1.00575547504847,1.13065481875319,0.249571353369923,-0.244799017190569
1436,16503,"s1","m2",0.219870387099855,-1.00419535091412,1.00059554973913,0.38456038921319,-0.42346910490477
1437,16511,"s1","m2",0.264804132875116,-0.809390522121591,0.958972682719436,0.473536725414206,-1.69682021144589
1438,16516,"s1","m2",0.2134017409244,-0.887070063886803,0.946853347364363,0.408482612043706,-0.644444061637075
1439,16534,"s1","m2",0.275058629774722,-0.898669377820061,1.05147695511599,0.420622724128745,0.171835996986898
1440,16536,"s1","m2",0.135403606297723,-1.00189911680185,0.76625434422402,0.262828626442367,-0.351009692918411
1441,16565,"s1","m2",0.443793646716096,-0.952745942093511,1.2734282604246,0.377191904030397,-0.64400041740574
1442,16574,"s1","m2",0.182940982542473,-0.958787135351772,0.941701180626352,0.417226072820274,-0.191732934563386
1443,16579,"s1","m2",0.349019151407571,-1.07321302417161,1.17691729613946,0.254490839438766,0.729105315472346
1444,16586,"s1","m2",0.271468313958598,-0.921265860558909,1.06198607087236,0.368750894849379,-0.81273253607213
1445,16587,"s1","m2",0.279700849054454,-0.96583767381398,1.15463918873579,0.438074746034034,-0.318009322675952
1446,16597,"s1","m2",0.274132663134802,-0.911209485229763,1.11625253193235,0.341015561221853,-0.272268674613551
1447,16609,"s1","m2",0.178273226292888,-0.945001587771753,1.02501618398449,0.415825954639723,0.0149884431387899
1448,16628,"s1","m2",0.29364551536464,-0.893825702847007,1.0950206842191,0.405638658821605,-0.560775609851768
1449,16629,"s1","m2",0.295238937504612,-0.977728462906664,1.12809214632426,0.154586658398382,-0.615399066279525
1450,16664,"s1","m2",0.39653634706005,-0.994077026597159,1.22841884300914,0.353636046359289,-0.191199492576353
1451,16668,"s1","m2",0.15415649715722,-0.879485678545343,1.00098579423627,0.464864216869599,-1.05281241928585
1452,16700,"s1","m2",0.26187681363658,-0.983750284556431,1.05170206843224,0.298745987840278,-0.298884905236167
1453,16716,"s1","m2",0.231430042101388,-0.971676129523846,0.982258757762375,0.34556587961528,0.0127445171150004
1454,16721,"s1","m2",0.195924837671077,-0.924527121112069,0.878233301925595,0.33717319971681,-0.322412210452142
1455,16722,"s1","m2",0.247438990745014,-0.93267644144224,1.06523329538633,0.377796027037648,-0.742889823142078
1456,16733,"s1","m2",0.351393802671384,-0.959575112356426,1.10813544229859,0.269824102194034,-0.71574172707689
1457,16742,"s1","m2",0.154133937185539,-0.975585255541807,0.966475847715972,0.386281419171795,-0.280053153017488
1458,16764,"s1","m2",0.287849762419817,-0.973350762809365,1.1545646080437,0.411180248383509,-0.374569597740593
1459,16774,"s1","m2",0.255079278301726,-0.953204125409986,1.01340578877001,0.449031056706469,-0.372765242981774
1460,16792,"s1","m2",0.236801942716779,-0.92568162603183,0.989603834727894,0.415629315707974,-0.883797051699553
1461,16795,"s1","m2",0.0878469955869936,-0.950657541170751,0.88916010025,0.394075589265918,-0.0696698081617738
1462,16796,"s1","m2",0.236691270143104,-0.980828395929631,1.0857165077909,0.161591529634625,-0.414243748433354
1463,16824,"s1","m2",0.353401083639174,-0.953553052605174,1.14372657284712,0.331989311793224,-0.59395280419897
1464,16839,"s1","m2",0.148500186661242,-1.01941324221218,0.786284355351443,0.226843843338254,0.5206456791507
1465,16852,"s1","m2",0.261520999657437,-0.917256592386726,0.861768332998684,0.328197751427271,-0.633752522475985
1466,16859,"s1","m2",0.276656698848043,-0.851604467730298,1.06185214221324,0.587727838970884,-2.01460223508714
1467,16864,"s1","m2",0.150658223803537,-1.01105299281561,0.74414041827285,0.165145940377806,-0.154472316620039
1468,16868,"s1","m2",0.252764326228166,-0.953174283768875,1.03302465013246,0.472618462030123,-0.173731148021438
1469,16873,"s1","m2",0.374027791724545,-1.03552550741677,1.21289913806294,0.0848182116399603,0.0296158055168804
1470,16876,"s1","m2",0.210035732045721,-1.0288836400802,0.962412717288964,0.336493549470119,0.459822446009577
1471,16881,"s1","m2",0.321066097242324,-0.967767022716574,1.16153189257602,0.166655036991724,-0.190787212742174
1472,16912,"s1","m2",0.300285432151177,-1.0153902387505,1.17165386633028,0.202976489072579,0.522477311018899
1473,16922,"s1","m2",0.298927937541355,-0.902129802503957,1.06606331817424,0.39913154776803,-0.546612982747322
1474,16940,"s1","m2",0.26605004686245,-0.958904186146802,1.08750407052956,0.438691079815627,-0.0247599589437408
1475,16945,"s1","m2",0.298939747884227,-1.01308947797393,1.11845356453054,0.240965049459915,0.615260592762377
1476,16948,"s1","m2",0.279409890639334,-0.839800950332537,1.14683346806507,0.559871473474421,-0.923964871560195
1477,16966,"s1","m2",0.337517897449727,-0.962880282101045,1.22131282993295,0.184412932966938,-0.250881043708886
1478,16968,"s1","m2",0.327640925014428,-0.780882538417378,1.0842566535112,0.522357101392626,-3.09254371218236
1479,16990,"s1","m2",0.198736360741183,-0.8726819885224,1.04001431675012,0.376825226510927,-1.44517161198483
1480,17001,"s1","m2",0.291091887674026,-0.90394181168322,1.06021110548256,0.381544501954577,-0.429023874305227
1481,17005,"s1","m2",0.236649863393916,-0.958683124741905,0.970368602583136,0.407278227579451,-1.23294665040429
1482,17017,"s1","m2",0.233757896846766,-1.01212601971136,0.954290075954654,0.242028536839899,-0.433721881286454
1483,17046,"s1","m2",0.303017615699514,-1.05988871423473,1.11463389306361,0.387543108333847,0.649864829877395
1484,17047,"s1","m2",0.183221245381776,-0.976414977387757,0.984238672833331,0.366327235802547,0.397107194651946
1485,17056,"s1","m2",0.203297073505519,-0.914712009354218,0.976344084368735,0.433215069234238,-0.817613604372129
1486,17069,"s1","m2",0.299643674324697,-0.928021688806717,1.10568127791104,0.427906591855608,-0.158962259107037
1487,17093,"s1","m2",0.231206550987994,-0.992748106207312,0.990398996674278,0.238045014023754,-0.434750191939247
1488,17095,"s1","m2",0.254536530866177,-0.950743605357161,1.14638907568613,0.497053991606758,-0.456717379001646
1489,17099,"s1","m2",0.258131808020528,-0.966655954103995,1.0184669520315,0.405168182514869,-0.164794459589054
1490,17101,"s1","m2",0.29871678619239,-0.94057408081535,1.03768126922878,0.366749556718733,-1.0443739291635
1491,17112,"s1","m2",0.356666015693979,-0.878756467591128,1.13907280289722,0.36426191179578,-0.798652919833556
1492,17132,"s1","m2",0.236524832733794,-0.990871634832652,0.992148850840586,0.234259784988558,-0.458700887316771
1493,17143,"s1","m2",0.289485565824402,-0.988753935187905,1.15876518405242,0.444868185588323,0.18603913083342
1494,17145,"s1","m2",0.147541552704712,-1.01781863083214,0.842748063532187,0.231477570527768,0.323093630068682
1495,17151,"s1","m2",0.215740920695411,-0.985745921110377,1.00293704562825,0.36676729199003,-0.0699286587587401
1496,17155,"s1","m2",0.257571234921719,-1.00487163444142,1.04244898142788,0.298303963683334,-0.0801448144286499
1497,17168,"s1","m2",0.201107521557359,-0.99240849951284,0.955913473526216,0.272820373118114,0.0675293379895915
1498,17175,"s1","m2",0.177561864160695,-1.07562491816254,0.94962274052039,0.14917032929198,0.716717788256796
1499,17219,"s1","m2",0.19911765168625,-0.990397976407071,0.907681418632054,0.21701376948041,0.0235913839479668
1500,17222,"s1","m2",0.253271995422399,-0.945769751339084,1.11131449016801,0.386224748711024,0.273884523524338
1501,17227,"s1","m2",0.240913610380502,-0.872095455745925,0.994168170447265,0.434954822035959,-0.649056663294342
1502,17237,"s1","m2",0.280098861541455,-0.972528538036971,0.862687904811415,0.393010323695476,-0.653199553687887
1503,17256,"s1","m2",0.275068349703453,-0.903169877613941,1.06671906209126,0.464768136068387,-0.269897239811744
1504,17260,"s1","m2",0.268340716520843,-0.946204730627067,0.987443873457025,0.266694748589009,-0.513314309695028
1505,17287,"s1","m2",0.225869120090836,-0.899466158597387,0.934043702213243,0.44742618214086,-0.397863731829709
1506,17296,"s1","m2",0.397195857744338,-0.965702272285986,1.30212652142273,0.46442461774793,-0.337150123098095
1507,17309,"s1","m2",0.315670865638363,-0.800148446463839,1.07362548985907,0.535680843724353,-1.89244277187266
1508,17313,"s1","m2",0.135751066603419,-0.965675157396189,0.784731861447074,0.383261411099438,-0.334815082259983
1509,17334,"s1","m2",0.178461932901554,-0.929609839368313,0.951223375719013,0.342759467028631,0.172671640876375
1510,17358,"s1","m2",0.324162760029252,-0.936935312256846,1.15962719027202,0.384933423481893,-0.649316686180299
1511,17363,"s1","m2",0.220852669316594,-0.915443734934775,0.997662603184847,0.531818116943247,-0.0610062208200449
1512,17365,"s1","m2",0.210023244403726,-1.00611642920351,1.00403873897206,0.371268330786455,-0.644029252518016
1513,17382,"s1","m2",0.155294577437049,-0.885239217874936,0.88013319986842,0.581368145478527,-1.02899879266235
1514,17408,"s1","m2",0.234179152652169,-0.857246539446757,1.01033902697496,0.393383249948421,-1.48741212910259
1515,17436,"s1","m2",0.309683087226912,-0.885786839705431,1.08634478929873,0.390572104877822,-0.915128614765015
1516,17440,"s1","m2",0.209586660179568,-0.898497094286893,1.00332499376679,0.547807440534535,-0.795370726565647
1517,17446,"s1","m2",0.17553911029821,-1.00112284113586,0.869029781116172,0.434360521488182,0.21044614699216
1518,17458,"s1","m2",0.140207597716884,-0.906480536016074,0.859724410141494,0.372365559667721,-0.78090772550752
1519,17464,"s1","m2",0.241906163910637,-1.00892910862767,1.08138419668127,0.288687630901395,0.266943731016834
1520,17475,"s1","m2",0.338461100684065,-0.996510908878859,1.17701308793871,0.470167777798641,-0.00812501426017896
1521,17509,"s1","m2",0.115388200259026,-0.853086147567721,0.787236509812475,0.649525938328883,-0.196924852020153
1522,17513,"s1","m2",0.187460544285481,-0.942354149603305,0.954905489146458,0.307625922847406,-0.544272228026181
1523,17520,"s1","m2",0.336663860642982,-0.911774076365515,1.13953267361734,0.52500245324411,-1.41233376102391
1524,17527,"s1","m2",0.250952649150973,-0.917369385050175,1.11483358654897,0.462067930501671,-0.379199206966257
1525,17535,"s1","m2",0.272412914132146,-1.02532956229909,0.98105430495642,0.394096552687971,0.559876490251497
1526,17539,"s1","m2",0.264946626086457,-0.995223564369626,1.12064815031618,0.283086558310737,-0.181180976423529
1527,17548,"s1","m2",0.24779877694857,-0.889335038323977,0.939956268914302,0.497446107041865,-0.418024957374321
1528,17557,"s1","m2",0.200090742117045,-1.00701811440646,0.945012061656131,0.470445491817544,-0.218894061674236
1529,17563,"s1","m2",0.271953601709125,-1.0418604339254,1.00623551338467,0.227742648841036,0.322110315741423
1530,17568,"s1","m2",0.326943542097191,-0.935089879925593,1.07370825453285,0.425075385830672,-1.53388361747988
1531,17580,"s1","m2",0.292007195961117,-0.983266020227598,1.13363338512426,0.319189316425418,-0.224263660090826
1532,17583,"s1","m2",0.336292181988492,-0.932569842155786,1.16037380772195,0.435275860056432,-0.131614349636529
1533,17587,"s1","m2",0.303402573600884,-0.990814697660269,1.06776877756881,0.336818655293351,0.134533042245159
1534,17590,"s1","m2",0.421445247688741,-1.03182470034048,1.17319319033827,0.106788380378674,-0.169308083902639
1535,17591,"s1","m2",0.24220018433968,-0.979947333070127,1.14236314186034,0.33071185817817,0.197204741169204
1536,17604,"s1","m2",0.235487946381932,-0.972445919540228,1.02164493582925,0.411355340277989,-0.115347415727644
1537,17634,"s1","m2",0.199101010858586,-0.909270965347008,1.00460033296664,0.557415698147462,-0.522463884145641
1538,17657,"s1","m2",0.173463861955662,-0.94496828176989,0.974499100654823,0.417583256374465,-0.947396782658413
1539,17661,"s1","m2",0.287976128438612,-1.08877073476295,1.04237518223198,0.122463845260545,0.274266798325096
1540,17711,"s1","m2",0.221321648812045,-0.882749575033982,0.849451566020312,0.451404798547022,-1.28512668025469
1541,17713,"s1","m2",0.234107594920391,-1.00147734294284,0.922266658479508,0.311449883176487,-0.106616865050863
1542,17720,"s1","m2",0.323835838789425,-0.898468907861987,1.0343267128197,0.44264205820691,-0.731871611824592
1543,17725,"s1","m2",0.216881400253607,-0.932687570957676,0.914666169310555,0.493027167561286,-0.689834756714433
1544,17726,"s1","m2",0.176464312255652,-1.05974644031212,1.04806645898789,0.302824826143041,0.554408510779705
1545,17732,"s1","m2",0.303425779522632,-0.949483595741525,1.07817426811451,0.370022500841743,-0.706512544477879
1546,17734,"s1","m2",0.261110930774436,-0.89067131566102,1.11943576513944,0.460053898214101,-0.922859468795519
1547,17748,"s1","m2",0.398288022941175,-0.968410147265974,1.24066280209913,0.222126537158339,-0.522294787384289
1548,17781,"s1","m2",0.329583510876549,-0.81667727396016,1.16104862814799,0.6626347906963,-2.03981267323484
1549,17795,"s1","m2",0.18399969030342,-0.864264153776555,0.941353753904022,0.688246367443165,-0.91817752404832
1550,17797,"s1","m2",0.190501171493613,-0.919629118348713,0.87899655328129,0.477288256709835,-1.0020247427825
1551,17803,"s1","m2",0.217824114577971,-0.919841736802931,1.01027923749599,0.453454083873663,-0.88107075116593
1552,17808,"s1","m2",0.267128550126361,-0.932037584044259,1.01332169950438,0.265815635953814,-1.0701369029253
1553,17830,"s1","m2",0.176533522960159,-0.91227722456853,0.955940310370391,0.42476607224652,-0.939373951368721
1554,17834,"s1","m2",0.288317717653203,-0.88814235834942,1.12027491783693,0.451625509228964,-0.764292064366505
1555,17859,"s1","m2",0.196638127745597,-0.947963371677061,0.827906072354426,0.373719859401606,-0.273884137625139
1556,17863,"s1","m2",0.413146572080865,-0.944349062915841,1.18812124266506,0.499736894953669,-0.512080740859686
1557,17872,"s1","m2",0.12272774817901,-0.93799401080321,0.721700527122859,0.37582079003447,-0.36862498120705
1558,17884,"s1","m2",0.22629701536824,-1.04386872423454,0.976356670169177,0.0223668225242926,0.540789674834499
1559,17894,"s1","m2",0.293245134318713,-1.01837723934009,1.10829189073844,0.435875002637515,0.103145960292788
1560,17907,"s1","m2",0.31644262428225,-0.917118346377017,1.12446789166511,0.474065044031084,-0.645409437299768
1561,17912,"s1","m2",0.272541416940717,-0.928945572936075,1.03377876626263,0.422062655886849,-0.243481882115482
1562,17913,"s1","m2",0.28891321090908,-0.905936914338121,1.05836695967667,0.371879777996286,-1.16580594431423
1563,17921,"s1","m2",0.221810802434806,-0.877966491616458,1.07775081805793,0.405455262510401,-0.769755277790497
1564,17925,"s1","m2",0.204315746541531,-0.9212542080866,0.919841291495328,0.330823556663776,-0.282683521995956
1565,17936,"s1","m2",0.282888322336815,-0.903504234147894,1.05743432043714,0.529453001558405,-0.4616497188784
1566,17970,"s1","m2",0.337673330306865,-0.990536930532968,1.07010943811379,0.405169146667904,-0.0764260025491856
1567,17998,"s1","m2",0.343232508588127,-0.940152733562988,1.22760473352053,0.309871648109317,-0.777871970739679
1568,18002,"s1","m2",0.218862933815054,-0.875918154793711,0.895352994518356,0.37731180574883,-1.23787985622742
1569,18003,"s1","m2",0.346597908944614,-1.00673837684041,1.1433857442367,0.341700934474239,0.325665698715872
1570,18050,"s1","m2",0.267152381691261,-1.04166316892192,1.09774070158686,0.388053185539109,-0.261307393773761
1571,18058,"s1","m2",0.285389751922061,-1.11001102921118,1.10709200011219,0.262647769081225,0.699401580109971
1572,18066,"s1","m2",0.105009704132589,-0.964964094871706,0.870189182154369,0.394054376294087,-0.0576300932013803
1573,18074,"s1","m2",0.284644175375487,-0.950760594254691,1.11810874573016,0.472444660593529,-0.111016961948914
1574,18082,"s1","m2",0.0957428091975948,-0.960010401961125,0.819359280202067,0.451107329242454,0.117968051391938
1575,18085,"s1","m2",0.369443823751771,-0.984671408683801,1.19605997898743,0.31746264331389,-0.260401938206067
1576,18095,"s1","m2",0.288256045389515,-0.893391005948308,1.04978698909636,0.573365098645941,-0.738838046038659
1577,18105,"s1","m2",0.211233790321636,-1.03961535083853,0.854826930593577,0.0689593297989339,0.419811500831622
1578,18121,"s1","m2",0.257186911572387,-0.986529703779664,1.06001603993876,0.171754467221849,-0.634399320525414
1579,18123,"s1","m2",0.312008657023632,-0.995046471649053,1.15658846315537,0.347702775402563,0.312063960120789
1580,18135,"s1","m2",0.274832151799906,-1.02220092241474,1.04049488448547,0.14317213343903,0.142070563586845
1581,18163,"s1","m2",0.214255131038667,-0.958871804906396,0.975352200159363,0.258825861262839,-0.563828958577086
1582,18168,"s1","m2",0.19571325029931,-0.91407672326058,1.04445240242167,0.50751376693656,-0.345482431327412
1583,18188,"s1","m2",0.29036916820618,-0.893888200001904,1.10854381132141,0.492628759708931,-1.43983277908991
1584,18211,"s1","m2",0.238407078052922,-0.965371460356626,1.07904933494805,0.20315688732352,-0.550620373744041
1585,18215,"s1","m2",0.276339105795194,-0.974278588007952,1.0258413650889,0.257064826507449,-0.119758457523252
1586,18235,"s1","m2",0.155151914846335,-0.985021025167061,0.875432353739606,0.420928981819409,-0.35198607399306
1587,18262,"s1","m2",0.214325892161748,-1.01286901888712,1.00943853790936,0.237550728417993,-0.168661079903583
1588,18281,"s1","m2",0.15791166022999,-0.890303946523639,0.985404182009953,0.49471329312456,-0.263979264289105
1589,18291,"s1","m2",0.189034369866258,-0.998913578524312,1.00380616819518,0.310917120381501,-0.20914611546932
1590,18339,"s1","m2",0.289680659498594,-0.939665316828916,1.11736771119668,0.391361709887652,-0.488312615705734
1591,18357,"s1","m2",0.247796938808534,-0.966446256943439,0.897407677286952,0.431602831975637,-0.151737865326453
1592,18362,"s1","m2",0.202380963170984,-0.981636267701724,0.918302978496858,0.280658673191395,-0.134499844941395
1593,18380,"s1","m2",0.145215228002297,-0.931023979574295,0.763260250510539,0.302377524018843,-0.270841058484843
1594,18390,"s1","m2",0.197030076421273,-1.01775731569638,0.976200926483892,0.210450022280394,-0.13705147624988
1595,18395,"s1","m2",0.1739957704422,-0.929611207053115,1.00182660300876,0.542489390956243,-0.148728791271261
1596,18412,"s1","m2",0.312497069083798,-0.985459902919463,1.15439534140918,0.341911348429642,0.118500248997712
1597,18419,"s1","m2",0.0468445347822092,-1.01128747181628,0.811093867156165,0.120244283042047,0.064486292306209
1598,18444,"s1","m2",0.273816437231361,-0.920927872843849,0.992865096855322,0.338113350309953,-1.93085797772213
1599,18446,"s1","m2",0.262657271773103,-0.967785777469569,1.02651286833536,0.422022515758956,-0.00662128048764818
1600,18448,"s1","m2",0.257126562162872,-0.967578887803171,1.15100928680739,0.478659122578846,-0.160203003071821
1601,18455,"s1","m2",0.324243811134778,-1.00248390706452,1.11639664568157,0.236647998282151,0.187332617939071
1602,18458,"s1","m2",0.236935400709262,-1.00135988072716,1.04475429772078,0.437307122944352,-0.558398966020248
1603,18464,"s1","m2",0.190466997933168,-1.05015251102579,0.943497106626117,0.337710547363314,0.346825029500353
1604,18477,"s1","m2",0.178305060888916,-0.987955438167652,0.815405288466624,0.254582173751195,-1.08779184430514
1605,18484,"s1","m2",0.136741876820007,-1.01426551653312,0.839183017867911,0.242138151507749,0.537838703073146
1606,18488,"s1","m2",0.217287693467472,-0.937758368003123,0.979258082489292,0.485356073591608,-0.953760796715098
1607,18563,"s1","m2",0.231458660962272,-0.969820773162163,0.985033153589084,0.318355837941712,0.0207549681375553
1608,18595,"s1","m2",0.304812597247275,-0.977546756590931,1.09445037591089,0.384404675225395,0.0367702981450342
1609,18597,"s1","m2",0.314867218141281,-1.00611131209972,1.10592599091596,0.292331005777836,0.164963477100187
1610,18598,"s1","m2",0.258243770654417,-0.957652796509206,1.05798866547415,0.402737526510463,-0.453019699901165
1611,18600,"s1","m2",0.170883255938722,-1.0188833615369,0.915322787420743,0.337068371400369,0.793817629579051
1612,18603,"s1","m2",0.417079154487047,-0.958488609181186,1.23859524562035,0.175208662658437,-0.696047540571157
1613,18607,"s1","m2",0.320430189705861,-0.974721251206847,1.10375524270814,0.266806809302126,-0.761367969701518
1614,18619,"s1","m2",0.239850475684732,-0.918840845719898,0.900120490972808,0.631603691758075,-0.473212129876906
1615,18624,"s1","m2",0.25254123548381,-0.955467056214559,1.00073933723284,0.369382941546037,-0.146479065538799
1616,18626,"s1","m2",0.172839589710227,-0.942306699009138,0.989858162290148,0.441272443288497,0.0334746435363188
1617,18637,"s1","m2",0.273203657872382,-0.911719622713565,1.06747601518453,0.503296297482338,-0.150499225931238
1618,18657,"s1","m2",0.309371111922051,-1.00198210958777,1.17526017008459,0.35685207695484,0.339158563406391
1619,18660,"s1","m2",0.221802766221781,-0.974878383714876,1.01562583367945,0.148843648776348,-0.051573038222988
1620,18663,"s1","m2",0.304667069033705,-0.93097560615649,1.09337144372056,0.56260218647988,-0.302842760313687
1621,18684,"s1","m2",0.186247502416886,-0.901415925266291,0.975103686997738,0.536594415300111,0.120813464117278
1622,18685,"s1","m2",0.259503556798407,-0.953538872310827,1.04331222228195,0.448289184845198,-0.578832088739372
1623,18701,"s1","m2",0.24339375583014,-0.975650946120766,0.977516523239917,0.361630401561826,-0.255163954809953
1624,18712,"s1","m2",0.2962850765966,-0.818041223344704,1.05089370477512,0.623883746066746,-1.14746863563794
1625,18716,"s1","m2",0.308477017384966,-0.902542529009346,0.974683201577233,0.457809156197253,-1.20460714792135
1626,18718,"s1","m2",0.262520765879192,-1.07722977431413,1.04970021117389,-0.0957534273778199,-0.0354243744758302
1627,18719,"s1","m2",0.133448941644641,-1.07964531085618,0.822940120283941,0.136779140260488,0.130178304273663
1628,18725,"s1","m2",0.153964403145346,-0.906601098751395,0.882464186624018,0.491068295598815,-0.505727009411268
1629,18731,"s1","m2",0.380228095805113,-0.863451229592254,1.20581493710565,0.517947401206094,-0.353713546353217
1630,18748,"s1","m2",0.176570800076801,-0.977579409686355,0.857114607700845,0.317498050058536,-0.616648502633372
1631,18750,"s1","m2",0.230201936364449,-0.950116829869996,1.02034382904607,0.500690594993242,-0.179938012562007
1632,18764,"s1","m2",0.308778578508322,-0.825389519449656,1.10111127841073,0.526865900828927,-1.85004120883107
1633,18765,"s1","m2",0.272496598131601,-1.00499140540192,1.1123110067927,0.0809935964178233,0.1034030877112
1634,18779,"s1","m2",0.266179203588651,-0.982372688157295,1.0190156020734,0.265889190217817,0.293249150800109
1635,18795,"s1","m2",0.179428716406736,-0.884393049988663,0.95503995610776,0.521272907172632,-0.994567821762818
1636,18809,"s1","m2",0.187435507472408,-0.966041852782188,0.922351382173058,0.389871509722344,0.109973815136661
1637,18815,"s1","m2",0.217687892056897,-0.958407184639614,1.00823846447239,0.19379833827306,-0.789679143653395
1638,18829,"s1","m2",0.26107788364583,-0.915890095562977,1.10142191725988,0.428806287429941,-0.149353019454923
1639,18831,"s1","m2",0.134673155805046,-0.86325724626602,0.894182324727058,0.578269821517125,-0.80507238118567
1640,18845,"s1","m2",0.435810504946379,-1.01288862836453,1.27120322086885,0.331156864861353,0.34454113789301
1641,18849,"s1","m2",0.242188212777891,-1.01648763658207,1.07085267775333,0.286697072441617,0.458867634515097
1642,18850,"s1","m2",0.192082020115723,-0.92708787014993,0.941232067906306,0.356128288249927,-0.0484966361871639
1643,18862,"s1","m2",0.340561003909814,-1.02841937550829,1.13058076941733,0.300049792507996,-0.20928157400886
1644,18871,"s1","m2",0.124320996084842,-0.928466198551125,0.780828976990868,0.43805008350157,0.128494733233184
1645,18874,"s1","m2",0.161258914952789,-1.02391839652072,0.768480941906457,0.369419582966136,0.501675484223724
1646,18879,"s1","m2",0.176004819724423,-0.911838377518802,0.831239901356094,0.550549563315431,-0.139805922016964
1647,18883,"s1","m2",0.277228726330703,-0.984402391148264,1.09095312998245,0.359843881099106,-0.381877207495231
1648,18884,"s1","m2",0.283381177268078,-0.978188118801993,1.06737492433655,0.256715913842284,0.0226025281521487
1649,18888,"s1","m2",0.266854579988203,-0.967620079861929,1.09608591614156,0.165299775353331,0.0627275158338557
1650,18892,"s1","m2",0.265397881875612,-0.979390905086653,1.07659628525925,0.464691689930348,-0.0131699078044424
1651,18932,"s1","m2",0.236720317536619,-0.884014533464058,0.948467489538289,0.499928124686386,-1.32944321236314
1652,18950,"s1","m2",0.366130053003547,-0.993798547681762,1.17170752329552,0.393675764052584,0.393130879394065
1653,18952,"s1","m2",0.231326010905559,-0.942015659932411,0.954252292976723,0.446389145003823,-0.0937184311455136
1654,18958,"s1","m2",0.212767768820313,-0.998305544754473,1.02116540517015,0.33376107444172,0.42590001811743
1655,18964,"s1","m2",0.255279605010031,-1.0045742481485,0.949992053542231,0.317928125460702,0.523202767592946
1656,18973,"s1","m2",0.232104155522745,-1.04680256253504,0.845132138633938,0.332939395723459,0.671408208195774
1657,18999,"s1","m2",0.399646252589873,-0.895642140232495,1.13826956558832,0.574098965297327,-0.561490679754876
1658,19025,"s1","m2",0.220872026651441,-0.968418148429635,0.899123565832207,0.49370093874397,0.0725377415635901
1659,19047,"s1","m2",0.379697610047745,-0.974040981106442,1.17621554132834,0.316464199637045,-0.0302667141969742
1660,19052,"s1","m2",0.270426092720464,-0.99712372529785,0.961404480822223,0.161594893798359,0.0729437059248964
1661,19054,"s1","m2",0.311711412436884,-0.994217220238652,1.04611898563481,0.321931869742465,-0.596037381271577
1662,19092,"s1","m2",0.260222847119409,-0.964501825025734,1.034388086517,0.192895448024433,-0.682367378756577
1663,19128,"s1","m2",0.203314163612807,-0.972577410784419,0.889739912963224,0.363265971887699,-0.0811427154893406
1664,19129,"s1","m2",0.227904498106691,-0.904590363102342,1.11674297611367,0.489847884052991,-0.555862717968296
1665,19131,"s1","m2",0.353681016349017,-0.960112408981764,1.08561875602487,0.23067860828115,-0.536892906512708
1666,19136,"s1","m2",0.344644566495635,-1.02897215595579,1.15846247175602,0.250824604375312,0.676778418268056
1667,19154,"s1","m2",0.246300840763763,-1.03925317222501,1.11267854953319,0.334621255713637,0.623575144875698
1668,19158,"s1","m2",0.292386911511821,-1.01659182146381,1.12571261469428,0.467408719294099,0.0514130122594631
1669,19188,"s1","m2",0.307144873088435,-1.00200896143245,1.08962612123334,0.30759563336156,-0.0841619164486011
1670,19192,"s1","m2",0.167653541123876,-0.941408842829362,0.956301092205387,0.480710981167678,-0.734873925777323
1671,19193,"s1","m2",0.32872776344395,-1.0719691654977,1.19559899169545,0.138425139289662,-0.155747587205683
1672,19205,"s1","m2",0.153118448864119,-0.903555132810554,0.900163041121428,0.397435919363628,-0.666175832733456
1673,19222,"s1","m2",0.330724219572269,-0.897349299278433,1.20184673048941,0.538757928114288,-1.14537655429734
1674,19237,"s1","m2",0.24932669540647,-0.926881786857118,1.02884415904506,0.365577587976857,-0.173216446702787
1675,19241,"s1","m2",0.295778381891711,-0.957161181259462,1.10040109163599,0.481545852317494,0.21439477296298
1676,19243,"s1","m2",0.278412658285845,-0.998396818618107,1.09479779129571,0.434330669928104,0.152394454338342
1677,19244,"s1","m2",0.276877023969148,-0.943842101647692,1.05641994290955,0.636943012191888,0.276349265070957
1678,19257,"s1","m2",0.216235873300222,-1.01487137758406,0.87965420711129,0.273928753488673,0.148300821872924
1679,19262,"s1","m2",0.216520466437318,-0.893506188605273,0.96786857207725,0.401013422523195,-1.86087949079186
1680,19272,"s1","m2",0.300712852578258,-0.970909264590843,1.09897347816515,0.363234375518952,0.304386474840986
1681,19294,"s1","m2",0.213773404474617,-1.01551309907198,0.968960548469136,0.311169923303366,-0.21216268447442
1682,19305,"s1","m2",0.333778279748726,-0.873043260923993,1.19716635772857,0.35518241913702,-2.17210408681963
1683,19309,"s1","m2",0.246496808055654,-1.03720536169978,1.04472938799327,0.286348273500728,-0.0773042167028145
1684,19325,"s1","m2",0.335822431400857,-0.973097225590572,1.15999317522474,0.415082509758628,-0.43490745031683
1685,19326,"s1","m2",0.224374655055278,-0.993292772593751,0.963695411536503,0.391500683919507,0.0445395255882757
1686,19342,"s1","m2",0.278811861002893,-0.983455353440207,0.941070011773585,0.260171306373768,-0.151457392499064
1687,19379,"s1","m2",0.2805095453818,-0.970052155039239,1.09878164756043,0.320322295023525,-0.416209353477465
1688,19397,"s1","m2",0.289475873899156,-0.904229132552444,1.07588673326064,0.516901628636841,-0.281818353275382
1689,19399,"s1","m2",0.288114568128176,-0.988423524269545,1.10060872732753,0.49667918252437,-0.232517248152853
1690,19407,"s1","m2",0.263213096537882,-0.852485217075376,0.931487198014207,0.475611562991378,-0.953961934176909
1691,19438,"s1","m2",0.191354616291753,-0.972612323015228,0.917448769070878,0.3876129301884,-0.144139991000333
1692,19463,"s1","m2",0.21376814643006,-0.85561973659372,0.942705615019734,0.365175478001021,-0.921927967694328
1693,19472,"s1","m2",0.224205631663887,-0.904201067030214,1.08326070416622,0.524899971863679,-0.728582730923124
1694,19479,"s1","m2",0.171357754375683,-0.983188353047294,0.900195087012444,0.255696158710326,-0.818087035930222
1695,19497,"s1","m2",0.284143117527547,-0.949144143489606,1.1387335676431,0.449789683220069,-0.881938963535069
1696,19498,"s1","m2",0.253813728951556,-1.08170801082693,1.02740104872496,0.16832109502792,0.36047496070811
1697,19502,"s1","m2",0.338522844114767,-0.921538201506781,1.1914648772281,0.399666247696858,-0.113876618198621
1698,19514,"s1","m2",0.325410276305248,-0.900138648061659,1.13712620643328,0.262497671351985,-0.861399019320489
1699,19541,"s1","m2",0.280185019287861,-0.973196885386493,1.03637261300588,0.219855528320258,-0.242465636939179
1700,19569,"s1","m2",0.286028503320086,-1.0661360049566,1.02024863907153,0.274494417744267,0.707510292321423
1701,19578,"s1","m2",0.248451219815774,-1.03256975845905,1.11711609260757,0.392060804602959,0.490908971027643
1702,19582,"s1","m2",0.324736012822451,-0.911200655498481,1.13296447270149,0.548751383578305,-0.626932507973212
1703,19609,"s1","m2",0.236731464353828,-0.994911182308914,0.968056536551216,0.255976206055098,-0.00085644626531315
1704,19610,"s1","m2",0.244331053258222,-0.91824936583391,1.00014892067533,0.430818818402626,-0.328547189836198
1705,19617,"s1","m2",0.199835371024578,-0.988624090625889,0.927053120571364,0.565156057901975,0.479988804962481
1706,19624,"s1","m2",0.237860695391312,-0.946059293239051,1.05467631819936,0.431960458014148,-0.21293101448234
1707,19638,"s1","m2",0.206122687209307,-0.823438762506249,0.873590514799856,0.476986257481527,-1.80205563207565
1708,19693,"s1","m2",0.145104937023088,-0.921038446167789,0.821840294243889,0.470826055585651,-0.548758263637593
1709,19697,"s1","m2",0.218245310992971,-0.958968230049934,0.935989009667325,0.306150288347659,-0.435559602777951
1710,19700,"s1","m2",0.169442837662298,-1.02418709656479,0.95540270517934,0.277271310184203,0.0324383623592105
1711,19730,"s1","m2",0.250072966466923,-0.908770019389665,1.01358773311135,0.475803775390256,-1.29294147939788
1712,19744,"s1","m2",0.365584426604483,-0.93537088161891,1.19477619270897,0.278446561827966,-0.635427619264421
1713,19754,"s1","m2",0.172111030169407,-0.956199968456483,0.950638747203602,0.335784207036846,-0.498213853965405
1714,19756,"s1","m2",0.168232042277996,-1.00034056436212,0.921387113879695,0.311672707281273,-0.117853763602877
1715,19767,"s1","m2",0.216319753603097,-1.08759345068397,0.882574081630546,0.270010738962641,0.584406564021589
1716,19804,"s1","m2",0.121733973373734,-0.920993418526108,0.773998815775591,0.604990998296479,0.111260777522727
1717,19820,"s1","m2",0.227314658286499,-1.00664598874993,1.06887053675311,0.253355576648961,-0.0832972252595188
1718,19849,"s1","m2",0.287432180364462,-0.934911288102028,1.04921088115704,0.422666737089959,-0.533547836181029
1719,19850,"s1","m2",0.376386932807709,-0.916880538337266,1.249020822632,0.224706387530452,-1.48803332738811
1720,19851,"s1","m2",0.224317478880781,-0.951566985031704,0.990836517073234,0.441493884740711,-0.456986130524664
1721,19866,"s1","m2",0.199395486642445,-0.997673426006148,1.06044679274743,0.317771066490629,0.46529899015627
1722,19868,"s1","m2",0.231228703629434,-1.04311122149228,0.884129866946126,0.222332329009248,0.57657867913763
1723,19879,"s1","m2",0.237227464922262,-1.01621159938298,0.960948136900304,0.356096588557496,-0.0692976618491791
1724,19886,"s1","m2",0.309949640172326,-0.985084913615672,1.08371191299601,0.307007663185042,-0.976920280260234
1725,19922,"s1","m2",0.257311136511133,-0.984420774679107,1.01795313210702,0.402084756661598,0.109505505498921
1726,19948,"s1","m2",0.14097072594951,-0.954365846568957,0.815706405864777,0.430157194016227,0.321252394414826
1727,19968,"s1","m2",0.323098200050494,-0.891813593915703,1.22111250866366,0.347458527525457,-1.00359948866636
1728,19972,"s1","m2",0.309899143507107,-1.02417243432153,1.17410838033492,0.272168556462822,0.216421629504889
1729,19998,"s1","m2",0.21217937714948,-0.975254868829166,0.99758849805625,0.333285627635641,0.371077772900226
1730,20005,"s1","m2",0.230155767991705,-0.92021986238446,1.00755987318028,0.544002446938049,-0.318930299669856
1731,20022,"s1","m2",0.205279968163725,-1.01582547682067,0.946591776940863,0.36209406109594,0.597124827641659
1732,20048,"s1","m2",0.220834909230175,-1.00416526980282,0.958432648981599,0.390723548252188,0.394460071181813
1733,20073,"s1","m2",0.296163814517991,-0.931680596351051,1.11135219312069,0.361371120664226,-0.050539435416305
1734,20092,"s1","m2",0.289322451405046,-1.00358487514624,1.04627458208444,0.392435225510189,0.501419276689813
1735,20098,"s1","m2",0.308681714303763,-0.974671193350921,1.03742572814973,0.33113352927071,-0.601014262189765
1736,20104,"s1","m2",0.175259961635852,-0.953155658044582,1.0346710256867,0.335491560029229,-0.0129015932147412
1737,20108,"s1","m2",0.288802082937421,-0.909322804985299,1.06738949349444,0.402030651065905,-0.221000546675919
1738,20111,"s1","m2",0.161571296444435,-0.911561411749692,0.844128731261758,0.520229985448213,-0.0484861863001096
1739,20120,"s1","m2",0.243060021660771,-0.975984005639749,1.01623285783217,0.178490879602314,-0.341748093535298
1740,20121,"s1","m2",0.209522648791112,-0.949556344786058,0.941917494934292,0.307626221444913,0.218771622687884
1741,20130,"s1","m2",0.371713135190998,-0.909738030694909,1.13934628478569,0.309720179809555,-0.02151834496709
1742,20188,"s1","m2",0.259890130443328,-0.99825970404657,0.967042392097868,0.239190148478888,-0.20194246393537
1743,20228,"s1","m2",0.166567525214299,-0.997757184906667,0.975421096603365,0.172981572930852,-0.265776953553616
1744,20235,"s1","m2",0.21596064385664,-0.995966196996271,0.989583945926707,0.352354899915773,0.33750937379586
1745,20245,"s1","m2",0.180729169419474,-0.968232455423733,0.990457666708238,0.424723340042286,-0.049204188883897
1746,20246,"s1","m2",0.272155166839998,-0.973741535047461,1.07140789439691,0.42701171737778,-0.678086905289166
1747,20254,"s1","m2",0.334753459723223,-0.943956353821297,1.25107992286912,0.361527241713514,-0.513998656443331
1748,20262,"s1","m2",0.221085414652107,-0.966286128934785,1.04410630327513,0.357083234515295,-0.109425659555344
1749,20264,"s1","m2",0.212814662651063,-1.06681534957149,1.0247740199665,0.0214312860471494,0.645043371432625
1750,20267,"s1","m2",0.190380743159518,-1.00326635186399,0.982993706852633,0.461223568204909,0.201783956052346
1751,20280,"s1","m2",0.13173691333481,-1.03033749009688,0.795106424972469,0.301442383669262,0.115699008718621
1752,20282,"s1","m2",0.269049651079065,-0.978013483281627,1.1091610753702,0.40547585564011,-0.834718122841189
1753,20283,"s1","m2",0.217204480698893,-0.888989674305795,0.904193295594965,0.453750758693449,-1.3116544151513
1754,20289,"s1","m2",0.412522285758275,-0.923434903790671,1.1560559354434,0.231443302983612,-1.21696630570107
1755,20291,"s1","m2",0.119983404140992,-1.00563674208759,0.888205218871078,0.289598788758443,0.26547965932549
1756,20307,"s1","m2",0.321294847050096,-0.940553896713185,1.13782296551372,0.306106881771159,-1.02307643566336
1757,20344,"s1","m2",0.30765505152474,-0.953790268965186,1.07024563341499,0.313586136927385,-0.66699814915235
1758,20347,"s1","m2",0.188726508849262,-0.938378556664527,0.980842543709512,0.341445153182284,0.19243914122858
1759,20354,"s1","m2",0.232715893495783,-0.956655501586597,0.955613848952591,0.224786594054979,0.491774129133305
1760,20377,"s1","m2",0.372388557162288,-0.910378816854923,1.26363192919568,0.316190641668436,-0.676037801898798
1761,20395,"s1","m2",0.342548611230522,-1.0033528403783,1.0566570733354,0.281661099922426,-0.45425819255773
1762,20402,"s1","m2",0.354678824582774,-0.994951572205469,1.18288033304776,0.305451999747773,-0.324543074149035
1763,20408,"s1","m2",0.305255174552062,-1.02583097711294,1.18230481931607,0.116868450074913,0.34159634255674
1764,20411,"s1","m2",0.309692481194693,-1.05692502841318,1.13184538205077,0.266249475345168,0.523763593201765
1765,20414,"s1","m2",0.339440691344941,-0.916106411671385,1.177050112715,0.357440970566193,-0.765060484179771
1766,20419,"s1","m2",0.263557530783821,-0.969590694551936,1.09105601146841,0.239646902792691,-0.637274198364905
1767,20426,"s1","m2",0.205293998596704,-0.932325302544115,0.946798156876054,0.378321530121894,-0.272780865749183
1768,20431,"s1","m2",0.284173982488383,-0.928475615620626,1.11539086690267,0.455781246736576,-1.67454290342528
1769,20440,"s1","m2",0.212084168484328,-0.927433154775167,1.01202353154826,0.32292687957059,-0.972641238343679
1770,20453,"s1","m2",0.360513005553475,-0.904025215435427,1.16464968908094,0.381815527100569,-0.74604025028163
1771,20464,"s1","m2",0.31235935663708,-1.01004956075587,1.08977607424374,0.305008717514087,0.171088559001144
1772,20477,"s1","m2",0.341256360837113,-0.972795992119319,1.15075524007448,0.336282111971742,-0.335896935449207
1773,20483,"s1","m2",0.298659498857118,-0.836053809757689,1.10264337968412,0.489775679798801,-1.93720911273719
1774,20489,"s1","m2",0.356972230974581,-1.02105775056327,1.23655587161161,0.257329325544329,0.258744131562552
1775,20491,"s1","m2",0.282807096078044,-0.909332777090189,1.12854805094149,0.513402673104052,-0.274845016433824
1776,20505,"s1","m2",0.330679129154372,-0.936372682047909,1.19459015176601,0.366543385927521,0.0407415050959713
1777,20518,"s1","m2",0.263191671430119,-0.944315387556133,0.978369626323272,0.319492628012531,-0.516142138013421
1778,20558,"s1","m2",0.348845865957239,-0.943168136520282,1.13200980693661,0.37268872855941,-0.647879535626931
1779,20570,"s1","m2",0.295375261945412,-0.961651288057784,1.17210167101805,0.298074971683462,-0.0391502204407397
1780,20590,"s1","m2",0.232535885317802,-1.0311184659961,1.07177944744695,0.328371124423392,0.596752029173931
1781,20595,"s1","m2",0.121860154114586,-1.03017474981986,0.87202254277436,0.397707076665692,0.414907585173284
1782,20600,"s1","m2",0.27164080585675,-0.988607283680312,1.00885523411484,0.367174665366575,0.124199543620527
1783,20618,"s1","m2",0.174535068587065,-1.00737741366025,0.913516377031935,0.194446298266282,0.314232528375337
1784,20649,"s1","m2",0.352984003176635,-0.926098551449359,1.16826709009243,0.426491774631632,-0.793917501384817
1785,20658,"s1","m2",0.16869888924916,-0.99759093988966,0.857907008877062,0.309092138026122,-0.473685294780553
1786,20669,"s1","m2",0.23639286774425,-0.9620312338255,0.995467577967101,0.364342471634713,-0.645782693051689
1787,20676,"s1","m2",0.144757169386502,-0.991988079622773,0.972571398286073,0.348112225544746,-1.0125429585232
1788,20691,"s1","m2",0.249839994683811,-0.980597894383935,1.16207215565609,0.367875013245962,-0.150591091433633
1789,20707,"s1","m2",0.136455957630512,-0.869603731361515,0.755658434635326,0.435948732880029,-0.817541961593994
1790,20714,"s1","m2",0.281171085471313,-0.95191781161654,0.993778574007481,0.357818267584777,-0.214876272338324
1791,20715,"s1","m2",0.200274630697919,-1.02741314946579,0.957651270323715,0.243280860297128,-0.103643134558162
1792,20740,"s1","m2",0.205390989340485,-0.945094950591593,0.86396393499342,0.347579456666394,-0.110489506382855
1793,20744,"s1","m2",0.326893167646916,-0.77992215167405,1.12240031103206,0.593429553313686,-1.9667804930173
1794,20754,"s1","m2",0.19064435829206,-0.844913590203347,0.89517179026791,0.445355514816206,-1.99083143181064
1795,20756,"s1","m2",0.25600473588915,-0.937511367508358,1.01537572418413,0.358905676054793,-0.496165900248123
1796,20758,"s1","m2",0.279942647456166,-1.01853611500958,1.08550180541748,0.310332831605113,0.203077139270841
1797,20760,"s1","m2",0.288160806215131,-0.885428817226009,1.12072699902126,0.295017593716513,-0.593561341573513
1798,20764,"s1","m2",0.279346830588103,-0.958477134989191,1.11736126394404,0.354745022288541,-0.472910840785456
1799,20778,"s1","m2",0.265281860399324,-0.973745695064235,1.05630655774966,0.287023522116795,-0.865268335213072
1800,20785,"s1","m2",0.240783830332552,-0.968432860481703,0.96868436882365,-0.00553020536428751,-0.173196944727301
1801,20789,"s1","m2",0.344980643452354,-0.912395196733496,1.14047960585009,0.29124679621599,-0.658703548092546
1802,20802,"s1","m2",0.204543198008002,-0.89414568189579,0.9488388015144,0.446436619825687,-0.61597982404202
1803,20813,"s1","m2",0.317711718176376,-0.881222051605048,1.02666283413508,0.506853414539624,-0.951770873401838
1804,20834,"s1","m2",0.125197756248885,-1.04597354698145,0.819718567458241,0.309456024869304,0.0848076834500306
1805,20845,"s1","m2",0.176145137936173,-0.966513744816169,0.936612402381238,0.398823821861592,-0.747455315069686
1806,20851,"s1","m2",0.301202246187664,-0.831026136955323,1.0960206985432,0.491971846936922,-1.85335489280506
1807,20856,"s1","m2",0.288169463242449,-0.946195281714898,1.05183547683948,0.400731481853332,-0.573096684749786
1808,20896,"s1","m2",0.161296005122761,-0.924573804574604,0.730940924501453,0.399569925957726,-0.025101528439186
1809,20900,"s1","m2",0.237172760412881,-0.970686188814615,1.04734834957298,0.366363626817722,-0.0831788413112559
1810,20901,"s1","m2",0.327771041903816,-0.831257239479633,1.09207189961971,0.711368412234315,-0.86780177563555
1811,20904,"s1","m2",0.244551645058416,-0.89336362435629,0.951377303594271,0.438441529460045,-0.458181499949247
1812,20911,"s1","m2",0.224188340666156,-0.925147023777876,1.08647159658852,0.414736707174115,-0.420456568349648
1813,20914,"s1","m2",0.282790646618628,-0.9315249693117,1.16815932905068,0.292606854058094,-0.675744893965765
1814,20919,"s1","m2",0.196623665812155,-0.963625201862528,0.885565264168762,0.373533333852504,0.161880466559682
1815,20925,"s1","m2",0.348160285060134,-0.974219794728868,1.1527605482391,0.407235471899951,-0.120623010395337
1816,20931,"s1","m2",0.275404024828505,-0.987327151431149,1.02462689234919,0.210639606775695,-0.320615732435605
1817,20974,"s1","m2",0.202847132116243,-0.921355395425627,0.951250408199385,0.371154751199463,-0.840909100305497
1818,20979,"s1","m2",0.304831302713992,-0.987110082182488,1.08740370322667,0.368632599664359,-0.391204840311407
1819,20986,"s1","m2",0.200664555091658,-0.966674732444761,0.873278994877181,0.290603238275176,0.187286379619105
1820,20994,"s1","m2",0.252089873231875,-0.960315722739485,1.1368951937599,0.44264565335976,-0.31779662168609
1821,21050,"s1","m2",0.191079390841506,-1.02232759289807,0.897876163640205,0.251804029868877,-0.756998236071374
1822,21058,"s1","m2",0.251549118678587,-1.02284262016067,0.975982833427832,0.356529977740913,-0.0699586382977859
1823,21066,"s1","m2",0.30813721778035,-0.864284132741602,1.18882813421279,0.540866811404081,-1.58888206098082
1824,21072,"s1","m2",0.341111956191155,-0.985273886927809,1.16096182764855,0.318855587504146,-1.08318170959704
1825,21078,"s1","m2",0.185011154491482,-0.956251992153588,0.933251150519005,0.440068246904483,-0.902192504326546
1826,21090,"s1","m2",0.143188469180493,-1.02632802575978,1.01014212300691,0.318367275632197,0.199615908873395
1827,21114,"s1","m2",0.379051425505533,-0.909587763043764,1.17025514054487,0.564532332613422,-0.59319504598918
1828,21115,"s1","m2",0.176350775593585,-0.968509405936649,0.852383840557686,0.362390546264137,-0.176423355388445
1829,21126,"s1","m2",0.244983166892304,-0.964272184035743,0.96745211945316,0.286273830833052,-0.192134666602306
1830,21127,"s1","m2",0.294866008855516,-0.985178949584831,1.10289591381087,0.346614072992555,-0.264267062662849
1831,21139,"s1","m2",0.262089015238845,-0.944241881534345,1.16664157018707,0.435945877868808,-0.915660630279705
1832,21145,"s1","m2",0.321773721279364,-0.840240995762361,1.02491601330277,0.581841598307314,-2.84606859569359
1833,21161,"s1","m2",0.281878767713181,-1.0142853175967,1.01970847342771,0.490310113768239,0.0512199986402817
1834,21165,"s1","m2",0.268261482409351,-0.976796859250385,0.955056379646999,0.412173862863999,-0.0667607202101237
1835,21167,"s1","m2",0.342490652471505,-1.03282352456621,1.2405114228317,0.148676889560563,0.331261701460364
1836,21185,"s1","m2",0.28286616671735,-1.03176926761991,1.07013280299017,0.220275722566479,0.00467373766507813
1837,21196,"s1","m2",0.335454882143393,-0.867788618975001,1.17939950619214,0.650117835222256,-0.906821162539596
1838,21199,"s1","m2",0.242198787152216,-0.958710368421043,0.936239862298205,0.317217120226225,0.142072810383172
1839,21202,"s1","m2",0.242639658612591,-0.989486241722325,0.966596195132439,0.261314925184209,0.184544700029093
1840,21207,"s1","m2",0.336932192820589,-0.892423805598708,1.09849206016491,0.43963172864787,-0.549025646270219
1841,21219,"s1","m2",0.386252359005227,-0.898684049025237,1.20928327444138,0.60564693768116,-0.778763949428566
1842,21233,"s1","m2",0.239159235730749,-1.05978772230598,0.961163954200278,0.251006644662661,0.890237947030975
1843,21235,"s1","m2",0.220173736294168,-0.984558541951036,1.07020175974109,0.288222010888197,-0.35084777265376
1844,21258,"s1","m2",0.158390440405688,-0.954340774107021,0.955110967077538,0.332469979117011,-0.300973437473241
1845,21279,"s1","m2",0.296990287372005,-0.981387258518469,1.15934839787293,0.295994879279577,0.271729275870163
1846,21281,"s1","m2",0.316777754858292,-0.928992285567327,1.06033206272919,0.470913731497247,-0.423596679816737
1847,21298,"s1","m2",0.283061186520599,-0.841336647888099,1.05373837988496,0.60326097698267,-1.17510183688068
1848,21301,"s1","m2",0.240581736683278,-0.974919918407665,1.04498237045641,0.43542492423305,-0.669697127242144
1849,21302,"s1","m2",0.261047198053733,-0.946226513269269,1.0067232437953,0.556153933102342,-0.496849810246533
1850,21306,"s1","m2",0.257052002202267,-1.02103509277222,1.10587727309377,0.201068197475623,-0.299348875248548
1851,21310,"s1","m2",0.35594443704375,-0.87943136208747,1.21527955003956,0.373514852991856,-1.01504214613873
1852,21311,"s1","m2",0.236116603667309,-0.909494117314813,1.05825758230174,0.489554545307387,-1.80616278830484
1853,21316,"s1","m2",0.351929523194275,-0.877241202607674,1.14193326158273,0.591211104991819,-0.722122760528934
1854,21329,"s1","m2",0.149375741560001,-0.887482438161617,0.892913305154812,0.527725602047869,-0.361520815069971
1855,21332,"s1","m2",0.276296978748971,-0.951702554653869,1.085427441919,0.349014445839307,-0.105601804615662
1856,21343,"s1","m2",0.327133592561553,-0.863326500087115,1.13726871239427,0.422143526221895,-1.38839222958729
1857,21359,"s1","m2",0.245395487188805,-0.934619277155615,0.996971397029948,0.514077603645362,-1.04692434003861
1858,21405,"s1","m2",0.277018514674742,-0.994385517845221,1.06448482874906,0.442680981910257,-0.167867005844792
1859,21408,"s1","m2",0.219048105039412,-1.00508299140688,0.962537247443641,0.231714657796978,-0.216759377996717
1860,21449,"s1","m2",0.270373385402603,-0.972999077760934,1.07076834305621,0.36623107953974,-0.0503149714315573
1861,21450,"s1","m2",0.288266488840254,-1.01487877471109,1.07633218717873,0.113118850083888,-0.980485753787254
1862,21454,"s1","m2",0.229229534866961,-0.915633343848732,1.00551309529054,0.534056008678219,-0.312682486786617
1863,21467,"s1","m2",0.408608526038622,-0.897093888934768,1.16606441967091,0.361258942345031,-1.05911151945749
1864,21469,"s1","m2",0.170721716936028,-0.946486341491583,0.821986550627275,0.29923984044954,-0.811292589259627
1865,21511,"s1","m2",0.32818711844322,-0.971454629452791,1.06195542497552,0.165597059136295,-0.299691984231365
1866,21526,"s1","m2",0.254841680228675,-0.92730425116549,1.15165728812861,0.528527283548464,-0.321262422219028
1867,21542,"s1","m2",0.345911569855197,-0.94143704298573,1.18624846120038,0.394592714580244,-0.326999691663022
1868,21550,"s1","m2",0.352710018568026,-0.923123364920861,1.16028043163619,0.335690724350271,-0.156184549137575
1869,21552,"s1","m2",0.384574762887482,-0.993534125541032,1.22323179977832,0.368212811029021,-0.262595716618686
1870,21566,"s1","m2",0.262820032269732,-0.973377702083709,1.13637170866395,0.314451804822881,-0.765888290725006
1871,21581,"s1","m2",0.304274183156764,-0.838855127034147,1.08303320549837,0.397091183970745,-1.01812009032818
1872,21625,"s1","m2",0.190610617880299,-1.06191357705114,1.07984193970486,0.00226326926070484,0.41457291629004
1873,21640,"s1","m2",0.139475314279089,-0.9037215050925,0.847011140911548,0.376237551051663,-0.357899671381009
1874,21648,"s1","m2",0.237201410320669,-0.868524940217147,0.993291356857358,0.46404545836472,-0.669121042679396
1875,21651,"s1","m2",0.259384979176305,-1.00357061456688,1.17019255852246,0.157791246662808,-0.544790586058221
1876,21653,"s1","m2",0.198693096012477,-1.13130163429802,1.11235433282848,-0.0546706379023198,0.944791186870411
1877,21691,"s1","m2",0.0291442294473592,-1.046233340468,0.676096323482088,0.302678752672473,0.46664336991182
1878,21698,"s1","m2",0.275114116469935,-0.990732667228602,1.10573843495377,0.281616252546779,0.151538102345827
1879,21701,"s1","m2",0.207979582312689,-0.96376643343845,0.938825989745053,0.310121787093309,0.485985443276529
1880,21705,"s1","m2",0.305300682068312,-0.985564526054436,1.14052897398235,0.309651664431469,0.136705080432033
1881,21715,"s1","m2",0.155476778238615,-0.987829391855067,1.00707321601057,0.312510247264918,0.0521895356756207
1882,21721,"s1","m2",0.283993098545807,-0.95343032157622,1.09594955820175,0.288043723523649,-0.0199707708795523
1883,21730,"s1","m2",0.216636787936312,-0.95911767465222,1.00384054966302,0.526062312234909,0.465495457148949
1884,21740,"s1","m2",0.29171031995068,-0.996780016403987,1.0045031985472,0.343257623359273,-0.16922953246212
1885,21742,"s1","m2",0.351111583033939,-0.946092383713107,1.10817495541616,0.25126541136269,-1.45076930632419
1886,21762,"s1","m2",0.3142015453572,-0.934851223880619,1.1608905704876,0.32714785865319,-0.300678000998432
1887,21766,"s1","m2",0.296337181383777,-0.957620455248321,1.03464947684849,0.36144797264424,-0.602712018869184
1888,21819,"s1","m2",0.333435920222407,-0.919031950374698,1.19029321815364,0.315031923997531,0.151163457246581
1889,21820,"s1","m2",0.196889433027342,-0.957884879006975,0.979630982961338,0.393890938666687,-0.479333032997223
1890,21830,"s1","m2",0.176363528772932,-0.944892672069817,1.00972524355936,0.535544448442183,0.320304763213087
1891,21831,"s1","m2",0.441121817926324,-0.968744819780062,1.38341589127654,0.515950942783896,-0.0639629703567354
1892,21857,"s1","m2",0.276962044371891,-0.954442744818366,1.01480308780096,0.516242087571918,-0.914809505897122
1893,21865,"s1","m2",0.249456465589025,-0.96384675901727,0.963001711698341,0.399756555013755,-0.326892968201401
1894,21887,"s1","m2",0.379937883793605,-0.985064731820511,1.27354253095702,0.340503012578044,-0.817598937998432
1895,21901,"s1","m2",0.3074286689231,-1.00551894437781,1.169774060821,0.241503385309416,0.498405643203803
1896,21903,"s1","m2",0.281357640703711,-0.981896058708076,0.998901737084056,0.387214436036782,-0.171187997547594
1897,21915,"s1","m2",0.0715984346722235,-0.959551159398623,0.584028040344841,0.413662527110287,-0.731466705358985
1898,21925,"s1","m2",0.176164576739185,-0.997478130881109,0.945590060552013,0.261240707084912,-0.210467126249329
1899,21960,"s1","m2",0.288703242134278,-1.09537146948974,1.01735770022639,0.141592581508483,0.692462778850304
1900,21974,"s1","m2",0.220549966180389,-1.00095333016469,1.02855710419609,0.385827706880192,0.47704031319058
1901,21979,"s1","m2",0.301432823749988,-1.03572729101321,1.08626289726853,0.233394229541883,-0.0313278117502582
1902,21983,"s1","m2",0.342037785450623,-0.934217629169438,1.22133562483795,0.342936500546297,-0.394815548229313
1903,21991,"s1","m2",0.310144889074201,-0.932535622362909,1.10998059122206,0.492053641217967,-0.00666610926514902
1904,21992,"s1","m2",0.223586194498966,-0.899097900636455,0.958647788474911,0.424169579727199,-0.28155276128709
1905,21994,"s1","m2",0.314849074027196,-0.960421885716933,1.09857800116448,0.458834883043238,-0.0575933324317433
1906,21998,"s1","m2",0.217656542619635,-0.88099586703268,0.886861042466358,0.481101784410019,-0.530323702360111
1907,22025,"s1","m2",0.273570713589202,-1.01613760848855,0.945321898864518,0.391805828328202,0.195069686151824
1908,22030,"s1","m2",0.23878299706731,-1.00462002234218,1.0365496804618,0.295154311274799,-0.0551369898454824
1909,22033,"s1","m2",0.327355982134832,-0.999894437150254,1.11143190735773,0.4215923290685,0.0721307273407166
1910,22052,"s1","m2",0.255156092236901,-0.963188027210369,1.09811053413159,0.464147738448895,0.0972070321912721
1911,22053,"s1","m2",0.372887096132828,-0.877107661557531,1.19807159907444,0.546179944334366,-1.63732206051378
1912,22095,"s1","m2",0.18712697965691,-1.07405253408644,0.939092452751267,0.171176451958829,0.00575563111419964
1913,22126,"s1","m2",0.309943325452296,-1.03511387911772,1.12747469175287,0.25993963157632,-0.0120767226233407
1914,22146,"s1","m2",0.328869702129333,-0.905255316610863,0.968994205517945,0.512913336323833,-1.23948809793521
1915,22161,"s1","m2",0.275214567755162,-1.03510242957917,1.14406158665315,0.276142961306244,0.615358489551067
1916,22169,"s1","m2",0.140193232188657,-0.930188080296746,0.838632816145939,0.506863812540814,-0.172569980878823
1917,22180,"s1","m2",0.109932413960462,-0.96577473632401,0.799285650891892,0.388681802718203,0.367385632672417
1918,22184,"s1","m2",0.272866864283838,-1.05765606242216,1.15134765500243,0.212811121986525,0.230511017849733
1919,22228,"s1","m2",0.303380677289433,-0.922942287770832,1.05648121536876,0.446390152116595,-0.628526084194652
1920,22233,"s1","m2",0.228597929260288,-1.01024867053537,0.96790646846613,0.130801737021752,0.254880622442502
1921,22234,"s1","m2",0.289127304805133,-1.0004043369041,1.05170147429248,0.319165446370744,-0.173422058576713
1922,22247,"s1","m2",0.369221091310914,-1.06447523635508,1.25923317221135,0.312432887359736,0.509284040579958
1923,22270,"s1","m2",0.352242190322166,-0.917740187478681,1.17550623641836,0.42723471931331,-0.391713807498908
1924,22276,"s1","m2",0.340006540183881,-1.00940824517589,1.09773834313642,0.11290347058904,-0.23889484949258
1925,22326,"s1","m2",0.254320186786174,-1.05093976058133,0.999155891875473,0.331549407253236,0.189403806567979
1926,22328,"s1","m2",0.379826244265923,-1.05329014931178,1.22205079816146,0.211474105058462,0.130741333693355
1927,22355,"s1","m2",0.264505402318638,-0.937893858075891,1.1216446016193,0.41973660429422,-0.123551238267548
1928,22371,"s1","m2",0.257435114314825,-1.01649467334481,0.986643892007919,0.256155375596176,0.696989695307083
1929,22383,"s1","m2",0.275161281355479,-0.988200461853387,1.10944976397415,0.356348811666589,-0.983128974405141
1930,22407,"s1","m2",0.304730340510578,-0.885172090262987,1.09432334784493,0.551434144237959,-0.35644381144419
1931,22408,"s1","m2",0.401022455007637,-1.03560507338231,1.2989720700969,0.398986541763476,0.501361210659228
1932,22418,"s1","m2",0.229778664447441,-0.931158091297199,1.02805442084105,0.386698159589953,-0.824087231331777
1933,22428,"s1","m2",0.27136718445063,-0.984337215214599,0.978320424298416,0.268540724406721,0.230794525975251
1934,22447,"s1","m2",0.322617954467251,-0.994978673858988,1.22788777089653,0.518276710508222,-0.399505889552069
1935,22451,"s1","m2",0.386161309808416,-0.946006011190902,1.27093115344307,0.316754632221988,-0.533192061413237
1936,22486,"s1","m2",0.248575793087184,-0.978384312288633,1.13606319888134,0.414745178096684,0.252633838350463
1937,22519,"s1","m2",0.232074121456054,-0.923874488080099,0.963262913693693,0.406441754389568,-0.639506892013048
1938,22525,"s1","m2",0.218882473344109,-1.02868587748674,0.969198730274153,0.378571736956552,0.229693304124905
1939,22532,"s1","m2",0.212365074984921,-1.07820342900553,0.940768517398096,-0.0299433796602867,0.135308400510367
1940,22536,"s1","m2",0.14156990850006,-0.938615733874196,0.910555760526481,0.305351663111575,-0.185184428068901
1941,22540,"s1","m2",0.319376284581369,-0.957816416146187,1.10319198865729,0.380249122031583,-0.575481588149462
1942,22560,"s1","m2",0.244279039055418,-0.87662285623731,0.914413986696639,0.515618142604608,-0.429771148773485
1943,22563,"s1","m2",0.261735210162095,-0.908239523212964,1.12149180007359,0.447936400429508,-0.225179569789504
1944,22571,"s1","m2",0.249429555159515,-1.01727312671746,0.97813903045091,0.207107870434093,0.143997536204052
1945,22573,"s1","m2",0.262302599923122,-0.927927413828201,1.16251424847356,0.406924242778547,0.398964819997098
1946,22603,"s1","m2",0.261478778674312,-0.888719238420532,1.03762761117636,0.518078381729428,-0.33567732127474
1947,22626,"s1","m2",0.321910299533213,-0.871596589727551,1.16954539233656,0.609731465736473,-1.36410601654431
1948,22630,"s1","m2",0.289005527868785,-1.0277438608516,1.0618828832373,0.231990093671984,-0.086140847922125
1949,22639,"s1","m2",0.378663151225108,-0.903644777043004,1.21939938430168,0.362350775347409,-1.40627585973157
1950,22644,"s1","m2",0.291140101500204,-0.901957143424625,1.09466962552886,0.448544548550236,-0.669387900264762
1951,22657,"s1","m2",0.317801483255213,-0.993067112158174,1.13419994330293,0.27314581788351,0.0849701142901558
1952,22663,"s1","m2",0.181025365214194,-0.954135823483244,0.841676610036305,0.22618004340163,-1.0158064281277
1953,22698,"s1","m2",0.139254875266118,-0.876311935728861,0.825083257730294,0.618000061255313,-1.0332773727692
1954,22713,"s1","m2",0.269698877654823,-0.852448719528491,1.04450607110396,0.476303125099945,-1.767525769867
1955,22737,"s1","m2",0.327129784096285,-1.06658717775837,1.14017667521095,0.155718749874765,0.551143303200889
1956,22742,"s1","m2",0.300158789994397,-1.00954768387139,1.08293372984224,0.426321041856367,-0.0993508580258272
1957,22757,"s1","m2",0.284773397040532,-0.929802506673322,1.11895782622332,0.521003507739637,-0.496453480314297
1958,22766,"s1","m2",0.283117927276746,-0.938262434766289,1.13830495094223,0.289278687293556,-1.30166062171041
1959,22783,"s1","m2",0.256795985607497,-0.888210042314619,1.03771390622204,0.477295344431661,-0.478521097321246
1960,22803,"s1","m2",0.291049922332212,-1.00415512850946,1.12880646272213,0.233645960055973,-0.331861799507897
1961,22827,"s1","m2",0.188419424860239,-0.951677000280995,1.01361452484621,0.376977736285448,0.175193493898991
1962,22857,"s1","m2",0.230837496648611,-1.03312150280108,0.94216117271453,0.28452483030055,-0.0241632706769163
1963,22859,"s1","m2",0.190653096649202,-0.936541124610567,0.942922808006669,0.274720700201648,-0.00064594495188082
1964,22860,"s1","m2",0.34968159146705,-0.956881239209358,1.13944478360436,0.441233192349434,-0.408475447313389
1965,22869,"s1","m2",0.246063753050951,-0.954116188180039,0.884283232857471,0.408177757569794,-0.347833050224658
1966,22883,"s1","m2",0.301642945352505,-0.902675378458055,0.938633880659167,0.507850676210424,-0.950261639165913
1967,22889,"s1","m2",0.260759427752514,-1.04990243288908,1.11769771797455,0.303623671714675,-0.192042642447845
1968,22899,"s1","m2",0.191777638420644,-0.908988626391748,0.913598182935477,0.503310876601268,-0.268449789499968
1969,22917,"s1","m2",0.363330874072268,-1.02732067724462,1.28627194020826,0.260520931192453,0.444322732817979
1970,22964,"s1","m2",0.231552508843639,-0.928499676579455,1.00998412318177,0.409479112237852,-0.717029071688145
1971,22972,"s1","m2",0.206525836259431,-0.920787069732105,0.856689880642641,0.596280873413741,0.131278378166611
1972,22976,"s1","m2",0.351557030987289,-0.95330426753773,1.13252899781556,0.379223045435308,0.18305723864845
1973,22996,"s1","m2",0.26778701824559,-0.96447400781692,0.957133772969329,0.342526769989711,-0.0343303659294613
1974,23015,"s1","m2",0.298940651237533,-0.892057208834734,0.993623306177135,0.372383488274368,-0.395808649174379
1975,23033,"s1","m2",0.257277756477557,-0.989821971827691,0.962435903753485,0.306523539103095,-0.0152193362559606
1976,23040,"s1","m2",0.136217200977199,-0.926829515300656,0.898749024749546,0.393072634587695,-0.145132945720348
1977,23047,"s1","m2",0.351835990596059,-0.943164524230682,1.22023106019114,0.447581146610314,-0.369871406191718
1978,23049,"s1","m2",0.414563985453248,-1.04029122215257,1.30870634731379,0.205443370833517,-0.426124482494011
1979,23057,"s1","m2",0.19289004342913,-0.988872188754505,1.04313640284597,0.482458419700578,-0.327484873840896
1980,23061,"s1","m2",0.237467234435845,-0.951776941370217,1.02130340578632,0.404671776217684,-0.598206207859264
1981,23090,"s1","m2",0.232754493385998,-0.869350573018286,0.962365691248413,0.545900146507263,-0.936667651672192
1982,23121,"s1","m2",0.325998279784405,-1.01928210566686,1.20971431708485,0.255776387473087,-0.0373272769098514
1983,23137,"s1","m2",0.285432922698237,-0.954149800449584,1.14452593323885,0.568494668287259,-0.248256147439098
1984,23159,"s1","m2",0.165074142658975,-1.00790714386293,0.935641532453644,0.260563009499945,-0.278657292652705
1985,23164,"s1","m2",0.308711752807745,-0.890565864064021,1.13104703981109,0.571907607514478,-1.50329301397948
1986,23173,"s1","m2",0.191792550297618,-1.01789499730914,0.95758112105636,0.264684948692141,-0.154946714508924
1987,23183,"s1","m2",0.281220424260384,-1.03308117147851,1.07318473850794,0.230797506764757,0.439397244878839
1988,23194,"s1","m2",0.190036499863423,-1.02097340564037,0.997513453396939,0.433932625043712,0.207651510814112
1989,23214,"s1","m2",0.203869712601996,-0.906526140142853,0.976990129658504,0.574047796344773,-0.980874095536035
1990,23216,"s1","m2",0.264397117181837,-0.969960077565558,1.08938201731644,0.270027792310402,0.140343494337598
1991,23243,"s1","m2",0.20433573568076,-1.02999275856978,1.04737836352488,0.271060381788512,-0.0902966966502662
1992,23252,"s1","m2",0.348461612516495,-0.932233482429951,1.2303840191251,0.33993095281269,-0.263577533631033
1993,23265,"s1","m2",0.282623147535499,-0.961031871270485,0.964650726915112,0.404026064124105,-0.59266448345156
1994,23282,"s1","m2",0.303453542951181,-0.930424378494407,1.08687893919754,0.328300113740046,-0.49849867894992
1995,23329,"s1","m2",0.261308924449093,-0.87745908798681,1.06701119882826,0.529893494710773,-1.64365173505097
1996,23343,"s1","m2",0.282531430013838,-0.953981867457076,0.984595576285767,0.337333743315215,-0.280031020488796
1997,23363,"s1","m2",0.264679342915055,-0.905169170608378,1.0787406857928,0.466234840974076,-0.0120765995842483
1998,23368,"s1","m2",0.239843271932956,-0.836284772059847,1.0423927942608,0.584599902155174,-1.44863028167523
1999,23372,"s1","m2",0.273385196432428,-1.02754376625474,1.12948616763034,0.272420542268353,0.700669453010118
2000,23376,"s1","m2",0.222338446102633,-0.975558278268518,0.880981507579186,0.365791749982032,-0.645016973993472
2001,23384,"s1","m2",0.337903212446222,-0.936473625224185,1.11255177972944,0.373513144685206,-0.586776769160166
2002,23386,"s1","m2",0.257540589299153,-1.04370951098892,1.07229283550379,0.340615371958683,0.398948037430518
2003,23388,"s1","m2",0.280825444186712,-0.96228938026501,1.02423097497501,0.525144221826909,-0.135961952578554
2004,23397,"s1","m2",0.288258016151429,-0.95950027822827,1.0808576165259,0.449633761057847,0.125681914973984
2005,23425,"s1","m2",0.285298004860158,-0.892741324405263,0.973053124036874,0.505156330612157,-0.130987409669236
2006,23430,"s1","m2",0.158271680605817,-0.915186707590083,0.914244414716171,0.367303135128916,-0.145524529367815
2007,23457,"s1","m2",0.297084421881554,-0.961884233287924,1.07063090975576,0.34209950863368,0.093116694029245
2008,23460,"s1","m2",0.225700205129428,-0.95843963522202,1.06314807701844,0.377906366982071,-0.231329100971665
2009,23515,"s1","m2",0.294972138228471,-0.942544765359875,1.10654584336614,0.436542317577086,-0.397179858270178
2010,23516,"s1","m2",0.244918917534437,-0.91866823228598,0.984696995120588,0.560703994770197,-0.699457386137578
2011,23522,"s1","m2",0.216670790449559,-0.990363858082726,1.03326730977452,0.288062385558282,0.0619910760797801
2012,23548,"s1","m2",0.243225470038591,-0.90723824737842,0.900688017150256,0.449969119454623,-1.24671864935886
2013,23550,"s1","m2",0.333858522154101,-0.953367127639216,1.1748097851569,0.448595501252701,-0.297486247236426
2014,23565,"s1","m2",0.191162421633266,-0.979089053199027,0.974728534052775,0.2509296834365,-0.501190036890815
2015,23574,"s1","m2",0.201618547704142,-0.976131903442923,0.964350579889083,0.456975474900803,-0.196285248441398
2016,23584,"s1","m2",0.317651756406351,-1.02165489593465,1.16674401843182,0.27602485521652,0.0771545273142224
2017,23618,"s1","m2",0.187390018541517,-0.914171807060769,1.01839602414166,0.462029449985287,-0.816977016221926
2018,23634,"s1","m2",0.319732814663516,-0.963455067348191,1.11394484034244,0.373763148108004,-0.18207652569048
2019,23647,"s1","m2",0.307495399252035,-0.92096838969053,1.09086199880973,0.481429821059487,-0.663950200845294
2020,23657,"s1","m2",0.223334336801051,-0.889096293767168,0.965023268144238,0.416930478543883,-1.53995951117532
2021,23660,"s1","m2",0.230247028919911,-0.996475382402273,1.10555696067535,0.28247922934769,0.13428400849641
2022,23684,"s1","m2",0.297434309920835,-0.950715555438651,1.07278932030093,0.319408511020809,0.419441677926093
2023,23698,"s1","m2",0.128097185482817,-1.01388113620097,0.836787100162187,0.141671038473704,-0.0348745957537462
2024,23711,"s1","m2",0.212003382035352,-0.991163761248801,0.959960725814651,0.3504448128842,0.0405304605135746
2025,23738,"s1","m2",0.273905536349786,-0.982002072385415,1.02388689119576,0.159509404534119,0.0777147093744845
2026,23741,"s1","m2",0.35425331748798,-0.983799673791573,1.05082762501721,0.3457116361965,-0.407294077195731
2027,23743,"s1","m2",0.360201937195162,-0.891520542172769,1.10527937690915,0.597088771956879,-1.0379695673635
2028,23745,"s1","m2",0.256282929686437,-0.987838633952394,1.13344960300329,0.344443783058352,-0.0118366569235353
2029,23758,"s1","m2",0.406318865322153,-0.968629690347042,1.2858180592564,0.317992966782259,-0.454874556833248
2030,23759,"s1","m2",0.196992478057137,-0.979207901740972,1.01834255958415,0.320282990445548,-0.105574394107528
2031,23783,"s1","m2",0.175686805957259,-0.960331296435751,1.02778009879947,0.397844135040209,-0.169087253658512
2032,23784,"s1","m2",0.362845780282394,-0.998321703400942,1.11067237036535,0.170164319011534,-0.139849620702217
2033,23785,"s1","m2",0.260123968852588,-0.940194807546282,1.08256411337954,0.278119987309246,-0.076531531505195
2034,23788,"s1","m2",0.335559328837906,-0.858543840559539,1.05614220553311,0.359947575480559,-2.59938368339728
2035,23821,"s1","m2",0.28338989652334,-0.957485179693021,0.918055225673272,0.38109349125188,-0.316958638345911
2036,23826,"s1","m2",0.327231391699281,-0.923262864341353,1.17502028900915,0.444612235368807,-0.40822894824474
2037,23827,"s1","m2",0.264859036410137,-0.996409210461055,1.00598272245483,0.230605546440635,0.351215507375141
2038,23846,"s1","m2",0.290440729210436,-1.06169601486997,0.92018842252316,0.0784769253003267,0.273887998376329
2039,23848,"s1","m2",0.36707577728131,-0.933293988340553,1.17624556725449,0.428810867015012,-0.46888513234354
2040,23849,"s1","m2",0.277605713824546,-0.893807047735032,1.11630764031615,0.457163252859039,-0.475808069969388
2041,23865,"s1","m2",0.277603929444579,-0.964759632956233,1.07536203567561,0.420722440981545,-0.31721584622078
2042,23910,"s1","m2",0.248963696064789,-0.879262310055498,0.999409007760039,0.389143970407375,-0.965079586376968
2043,23916,"s1","m2",0.232485120367707,-1.00304871535533,1.00783539793547,0.40445820824351,0.503235800752805
2044,23935,"s1","m2",0.180022835971198,-0.963787382058422,1.00126068290838,0.429206691747857,0.191021917323012
2045,23947,"s1","m2",0.258883422853674,-0.988046944979061,1.01569612548713,0.230309021560631,-0.196738399856895
2046,23979,"s1","m2",0.348456669297315,-0.960130703399371,1.16990313462291,0.473462490360709,-0.0626596112465298
2047,23986,"s1","m2",0.3005621100703,-0.915928377234191,1.10821592934058,0.43491677560465,-1.01245744571588
2048,23993,"s1","m2",0.151770242055859,-0.993842627038711,0.881877268437646,0.404519583004638,0.2058242243367
