"draw","source_draw","id","assumed_model","alpha_0","nu_0","nu_1","tau"
1,22,"s12","m0",-0.619883859436218,-1.38414060591767,-1.82365095318701,-2.90198746933949
2,23,"s12","m0",-0.692755018074987,-1.46297360594267,-1.88563185449908,-2.71694801733477
3,45,"s12","m0",-0.691609495106954,-1.67390911140588,-1.85353667139372,-3.52411093849947
4,54,"s12","m0",-0.694616769233431,-1.56366335001094,-1.71976953477052,-1.64395513018875
5,58,"s12","m0",-0.743129930111239,-1.89334475990456,-2.03409305427159,-2.0430463019525
6,61,"s12","m0",-0.711789770074816,-1.79806062807711,-2.09879112931842,-3.75350972837403
7,71,"s12","m0",-0.679978160932628,-1.45915749264583,-1.82263597832928,-2.66824097879543
8,76,"s12","m0",-0.629515253933476,-1.34591624566007,-2.02542369526191,-2.38041099782679
9,80,"s12","m0",-0.681372228934321,-1.37831476936358,-1.6708346076073,-2.8976570599812
10,97,"s12","m0",-0.724085072279229,-2.26340321609984,-2.12555483289703,-2.63812418077097
11,108,"s12","m0",-0.682820605040225,-1.78928005711695,-1.83864434600131,-2.51863716859807
12,117,"s12","m0",-0.675205235357827,-1.31609674909622,-1.8450938859677,-2.87388319617631
13,129,"s12","m0",-0.771135398043549,-1.43039933363233,-2.07178374407054,-2.05364402411364
14,142,"s12","m0",-0.647453267086727,-1.52843441621518,-1.78397715432849,-2.19372210299437
15,143,"s12","m0",-0.713396933664316,-1.83969678380378,-2.11533570090565,-1.71089406417537
16,147,"s12","m0",-0.700896340580882,-2.03336101690137,-2.41390208994179,-1.72413370172162
17,161,"s12","m0",-0.72761638902387,-1.57513571957759,-2.11475559533049,-2.34872944687454
18,165,"s12","m0",-0.6934202645237,-1.56282686539124,-2.32338259517975,-2.72011145575346
19,177,"s12","m0",-0.656481917204052,-1.56568581720503,-1.9455491180802,-2.72367148940404
20,189,"s12","m0",-0.646493712881605,-1.50036923081274,-1.29377089121253,-4.33894509071656
21,198,"s12","m0",-0.701326140553087,-1.75960398662848,-1.90452126890582,-2.04870577147814
22,201,"s12","m0",-0.698486548284326,-1.47646101552944,-1.9354934678032,-2.64914366724253
23,210,"s12","m0",-0.69676524390068,-1.85322009118103,-2.35994680849022,-2.3342998949055
24,213,"s12","m0",-0.644847339625016,-1.94936112719449,-2.07357907227955,-3.51806645589968
25,226,"s12","m0",-0.677671640252994,-2.12572456298672,-2.04124351758448,-1.99402397171117
26,228,"s12","m0",-0.702169009281466,-1.67759218883717,-2.20276585896187,-1.7867171030336
27,236,"s12","m0",-0.676781892279604,-1.62253291769797,-2.03479769986192,-2.9380245660166
28,268,"s12","m0",-0.675748594178373,-1.6650677883003,-2.469676926063,-3.38139636981507
29,274,"s12","m0",-0.690273924751361,-1.88011411185718,-1.87269743631072,-1.64384965374097
30,309,"s12","m0",-0.715941300068388,-1.82711709342149,-2.30770782141753,-2.21800199519869
31,313,"s12","m0",-0.668568111167222,-1.83647697616533,-2.25969186758902,-2.23123292142968
32,338,"s12","m0",-0.690608630300969,-1.37539072650711,-2.23928923019432,-2.54613240325872
33,350,"s12","m0",-0.677214864272964,-1.78731333683078,-1.88162654726991,-3.67331060086241
34,354,"s12","m0",-0.700848978952374,-1.55532841895281,-1.89012347805784,-2.49498073729357
35,365,"s12","m0",-0.700235281520536,-1.72568064405635,-1.60218629791022,-3.18767100344835
36,371,"s12","m0",-0.636295850330945,-1.92691387192586,-1.8610545398145,-3.22379732540589
37,384,"s12","m0",-0.698570615625184,-1.54889389011259,-2.24238370336766,-3.47710142539254
38,398,"s12","m0",-0.686599044518468,-1.32317761278845,-2.07811338583647,-2.64953879826885
39,404,"s12","m0",-0.688987363588987,-1.44172024762965,-2.02303270204449,-2.95861635330952
40,409,"s12","m0",-0.646175493122701,-1.74853212376932,-2.46499699377039,-2.38085744803792
41,428,"s12","m0",-0.690046856597235,-1.95594102086188,-1.88678557129724,-3.02969050314955
42,454,"s12","m0",-0.737621164867298,-1.42857790470104,-2.1105379013031,-2.53079513290707
43,458,"s12","m0",-0.662358776915401,-1.70840581604282,-2.09387965956533,-1.84706498810233
44,476,"s12","m0",-0.71393704107358,-2.38303926654578,-1.80867617690074,-2.45706730603738
45,491,"s12","m0",-0.668651191069674,-1.60149862231503,-1.81706007637628,-2.89952883122144
46,496,"s12","m0",-0.709744171104296,-1.78390042575797,-2.04408444668296,-2.95084019648132
47,500,"s12","m0",-0.676442812750806,-1.26157988153763,-2.81081859551026,-3.82331070407715
48,504,"s12","m0",-0.691019033126025,-1.77029158830705,-1.78062811688938,-3.72408350817922
49,509,"s12","m0",-0.679645141039169,-1.66598271068713,-2.61791290253883,-3.17139748275047
50,521,"s12","m0",-0.701035355616844,-1.75160994670072,-1.99162461658694,-2.76147195422599
51,531,"s12","m0",-0.663054430162389,-1.59856827089686,-1.91656337207785,-3.12019218081681
52,546,"s12","m0",-0.704553723422396,-1.94608396898854,-2.22569318340574,-2.27525815240574
53,567,"s12","m0",-0.684349153601272,-1.71449832240349,-1.98739752829076,-2.39137123703341
54,568,"s12","m0",-0.640281510802123,-2.22860560071649,-1.98493232908778,-3.18779572252897
55,576,"s12","m0",-0.714322142619518,-2.1369965392162,-2.19884171420106,-2.38656311588171
56,607,"s12","m0",-0.71052285624839,-1.7957779436333,-1.78811732308002,-3.04299640281834
57,630,"s12","m0",-0.63733503916668,-1.43308267926355,-2.01095769994637,-2.32406237235312
58,636,"s12","m0",-0.679298636683254,-1.6136303315308,-1.66398155116081,-2.60753365126384
59,658,"s12","m0",-0.733991894030282,-1.78910967205002,-2.17438683400712,-1.85827688191603
60,677,"s12","m0",-0.720490676701811,-1.65208791394475,-1.83144050760028,-2.94314397097526
61,684,"s12","m0",-0.646497787506226,-1.63325753484664,-2.01283876397777,-2.7408020478795
62,709,"s12","m0",-0.66608452156977,-1.42955902762606,-1.78195869875288,-2.85463425597142
63,716,"s12","m0",-0.615185212716721,-1.52486390971659,-1.91873990627757,-2.88272294123432
64,734,"s12","m0",-0.648162930568272,-1.6960058053289,-1.70106352705252,-3.85942724918649
65,743,"s12","m0",-0.695597656943717,-1.69326591793824,-2.55763544262024,-1.58176961286979
66,762,"s12","m0",-0.705652498260186,-1.46127640503162,-2.27683781005965,-2.00762287248314
67,766,"s12","m0",-0.674972310492749,-1.52286007146385,-1.76966858184753,-1.96597546417872
68,774,"s12","m0",-0.689111129302127,-1.65379866136863,-2.24350211224283,-2.62923530148995
69,784,"s12","m0",-0.673792539518423,-1.65807303004874,-1.83677272564252,-2.66301205944739
70,796,"s12","m0",-0.667232070637765,-1.97674168653848,-1.96954878871851,-2.65896088952253
71,807,"s12","m0",-0.692047942775543,-1.60802501855801,-1.88067255436668,-3.27547264426224
72,829,"s12","m0",-0.663695228697134,-1.36553606368119,-1.83065826818085,-2.51148012742708
73,835,"s12","m0",-0.692134761032258,-1.56926719137836,-2.02508708742704,-2.08143314855609
74,862,"s12","m0",-0.735491114904846,-1.67767306744779,-2.02971147889229,-1.81040349947765
75,873,"s12","m0",-0.68996260377189,-1.71259584095184,-2.03187435994431,-2.36481821877834
76,890,"s12","m0",-0.678648495185747,-1.86824418723507,-1.6867256352311,-1.75627815618683
77,909,"s12","m0",-0.67479045418808,-1.54205696685832,-1.68408531984813,-2.72513134514584
78,913,"s12","m0",-0.6772677744745,-1.58899897585208,-1.90984251747527,-3.07995920522321
79,914,"s12","m0",-0.75860393860982,-1.57734575009045,-2.05913086225388,-1.63008841376518
80,919,"s12","m0",-0.653416038320698,-1.47820010009584,-1.96538539785787,-3.48897048015794
81,935,"s12","m0",-0.686001247197972,-1.72951204601221,-1.80517999632506,-2.33924391938167
82,955,"s12","m0",-0.647330390946182,-1.73505332556587,-1.87313734326376,-2.34936482205501
83,956,"s12","m0",-0.669326479660226,-1.4666772754142,-1.68953182635541,-2.56873162679027
84,958,"s12","m0",-0.638582275610373,-1.52219426393577,-1.69322253004378,-4.72931283829287
85,971,"s12","m0",-0.650586115374608,-1.50480618010926,-1.90874301342051,-3.08505775068425
86,982,"s12","m0",-0.625581117999204,-1.95455193877167,-2.0820980817796,-3.03360653639514
87,995,"s12","m0",-0.667509925036561,-1.22162961115351,-1.76383262612324,-1.83195079720525
88,998,"s12","m0",-0.703681269816035,-1.75484023884382,-2.41301105108352,-1.35720617435358
89,999,"s12","m0",-0.71888547329046,-2.01096712203254,-1.9004281390358,-2.3635448276922
90,1025,"s12","m0",-0.691236612889224,-1.87541220977755,-1.87281804585596,-2.53572754156717
91,1026,"s12","m0",-0.695030718535413,-1.31525043402956,-2.16743381779455,-1.89926792908175
92,1041,"s12","m0",-0.695980399840835,-1.98275916841637,-1.82448806003513,-2.05023918801491
93,1049,"s12","m0",-0.718968008131286,-1.7433246783959,-2.64336323589689,-2.90378927061758
94,1068,"s12","m0",-0.665498647701188,-1.68313383122058,-2.2528847660242,-3.03127503693287
95,1072,"s12","m0",-0.691893487180845,-1.78269272145318,-2.38430384165227,-2.6717580177845
96,1085,"s12","m0",-0.681356004967742,-1.53479405229215,-2.1502152321333,-2.20248733787297
97,1092,"s12","m0",-0.677478664467707,-1.46205573775281,-1.76227408432063,-2.80264136890496
98,1103,"s12","m0",-0.697803408971945,-1.67910594106203,-1.92036120663558,-2.92803797770541
99,1108,"s12","m0",-0.661260781803245,-1.74530573205844,-2.26731163723627,-3.29042851316541
100,1111,"s12","m0",-0.682837918810868,-1.7272371103073,-1.78810597222135,-2.90987922497522
101,1116,"s12","m0",-0.69651385503032,-1.62136732407606,-2.42204257407523,-2.32607749826294
102,1126,"s12","m0",-0.69051879642705,-1.5671604042802,-2.15611300231959,-2.18268484659186
103,1130,"s12","m0",-0.642890685289535,-1.64661278759726,-1.76950634549895,-3.83748790170406
104,1156,"s12","m0",-0.66100068234684,-1.58223328311205,-2.20554147549509,-2.02177907377371
105,1163,"s12","m0",-0.681819732295698,-1.71649313401743,-1.95223008504532,-2.05937841517683
106,1173,"s12","m0",-0.713030911768357,-2.18513212660949,-1.65104607317093,-3.04488271634671
107,1181,"s12","m0",-0.703062472344103,-1.9713375594023,-1.70722568283195,-1.98043474079103
108,1198,"s12","m0",-0.685904053503171,-1.55138264876793,-1.59562465028193,-3.42866522233409
109,1202,"s12","m0",-0.688594998395556,-1.20357260023064,-1.74806977098135,-2.42309274224443
110,1209,"s12","m0",-0.710989882236055,-1.48900808167091,-1.84813431374063,-1.72221148679074
111,1216,"s12","m0",-0.646235989036607,-1.54588850219263,-2.18015179825444,-3.80678895980448
112,1238,"s12","m0",-0.689253779414725,-1.57749288477591,-2.09436730778722,-3.98612712129007
113,1240,"s12","m0",-0.731893440858094,-1.42872243898701,-2.07817564553544,-2.22785709051423
114,1250,"s12","m0",-0.631013488874317,-1.38932049294491,-2.15715792763604,-3.7469879889048
115,1262,"s12","m0",-0.691959651509401,-1.56595417906929,-1.74349006119746,-2.73019427227762
116,1269,"s12","m0",-0.681042613908233,-1.94965687837445,-1.73139042137934,-2.68119614255082
117,1281,"s12","m0",-0.739977611220964,-1.70522912951542,-2.11905796445473,-2.27316619152686
118,1293,"s12","m0",-0.678195441507991,-1.64522696844886,-1.94728891937844,-3.59754167909862
119,1301,"s12","m0",-0.665442676077539,-2.32609645330498,-1.78249219442955,-2.29735438328354
120,1318,"s12","m0",-0.697643459346327,-1.67428359511081,-2.54625851237856,-2.72460793196247
121,1343,"s12","m0",-0.692648360982146,-1.42058949524934,-1.77924785059478,-2.41457708106553
122,1360,"s12","m0",-0.701103082048018,-1.63302617094124,-2.66556138379443,-2.29619947686634
123,1363,"s12","m0",-0.683076663463942,-1.26259148727028,-1.8010881770264,-2.48183278287121
124,1379,"s12","m0",-0.723577080170144,-1.9144589231767,-2.06931921064913,-1.9943816565406
125,1386,"s12","m0",-0.679974895096196,-1.43770333770201,-2.03248711665182,-2.8189150825023
126,1387,"s12","m0",-0.702345004839527,-1.73052451925351,-2.04436798419739,-2.50560530111132
127,1434,"s12","m0",-0.683766995437093,-1.51340950727317,-1.93332913942734,-1.96625692239174
128,1451,"s12","m0",-0.644504860252095,-1.4233897290678,-2.27508847551457,-3.25106090566125
129,1462,"s12","m0",-0.666605666465496,-1.89868830976569,-2.00982761228247,-2.41816920145035
130,1471,"s12","m0",-0.697177921814319,-2.02076163791706,-1.81420807172297,-2.14539677471948
131,1516,"s12","m0",-0.718447118017938,-2.46908892214147,-2.16021785665213,-3.22538274698774
132,1517,"s12","m0",-0.704762191566724,-1.80380833553625,-1.6553152548823,-2.73035900522043
133,1527,"s12","m0",-0.681169510805077,-1.65075440443949,-1.68478000199185,-1.29129081137102
134,1565,"s12","m0",-0.640736773370094,-1.52782104133699,-1.69924670633498,-2.92432746132809
135,1570,"s12","m0",-0.709884749684144,-1.80680530667874,-2.12989818579828,-1.81586309148573
136,1573,"s12","m0",-0.668788303753181,-1.68120513578667,-1.81352587292305,-2.58443390969774
137,1574,"s12","m0",-0.693123702388714,-1.52212759796011,-1.80931719617293,-2.14099551283329
138,1576,"s12","m0",-0.704998603185147,-1.89624501830879,-1.8354036464522,-2.05192399167552
139,1608,"s12","m0",-0.659613200984421,-1.8670850612578,-2.43393737578903,-2.61995904776772
140,1637,"s12","m0",-0.714380668850894,-1.79262310320278,-2.57561482137345,-3.98336884124118
141,1667,"s12","m0",-0.682158934964646,-1.65003382251926,-1.89087060501498,-2.74996164816335
142,1668,"s12","m0",-0.641945008928055,-1.76284901666745,-2.18616472848242,-2.99265271267943
143,1672,"s12","m0",-0.677252927907066,-1.52226770463412,-1.91921830383057,-3.04267051619451
144,1677,"s12","m0",-0.669297614562104,-2.11244144594389,-2.15612501456342,-2.24343604085223
145,1683,"s12","m0",-0.680905922512074,-2.03845881766655,-1.61949760091951,-3.27755346999561
146,1691,"s12","m0",-0.738007093436713,-1.94137123050435,-2.11170375989734,-2.64077535829807
147,1735,"s12","m0",-0.668338635933494,-1.54270464552548,-1.6805579655514,-2.84042821062994
148,1738,"s12","m0",-0.651570960554949,-1.68667648559636,-2.06088220368298,-3.78882834406468
149,1754,"s12","m0",-0.704126748257439,-1.86166689752391,-2.20851005915345,-2.67451093552182
150,1763,"s12","m0",-0.670033466247742,-1.8082601779023,-1.60388216488367,-2.82865745912615
151,1772,"s12","m0",-0.721640969406505,-1.62763184069021,-1.99844672838236,-2.77256855212704
152,1777,"s12","m0",-0.655135207250423,-1.82920966358356,-1.8674584692615,-3.81548859159581
153,1781,"s12","m0",-0.705037591066041,-1.7094238346086,-1.94977671046205,-2.25389781969681
154,1789,"s12","m0",-0.708408267079685,-1.59401980236742,-2.28782745144642,-2.37536492497383
155,1810,"s12","m0",-0.676538622034453,-2.42086893853945,-1.63987217475845,-2.39671770278846
156,1815,"s12","m0",-0.697207831112847,-1.6187492401828,-1.98421948530951,-2.23843685148743
157,1844,"s12","m0",-0.72167547644057,-1.72924622182959,-1.66953744170735,-2.5277646774198
158,1873,"s12","m0",-0.655488171371834,-1.83417722905995,-1.70721077726342,-3.01696936140712
159,1887,"s12","m0",-0.618163203969938,-1.33194099542858,-1.35701395432516,-2.28075116153145
160,1890,"s12","m0",-0.651412070616616,-1.90878919453119,-2.05359056105493,-2.58224150404186
161,1900,"s12","m0",-0.642979037426058,-1.64142400182309,-1.41949733613788,-2.31048346781384
162,1912,"s12","m0",-0.668181725243802,-1.71966997497634,-1.56815646651489,-3.06628704621449
163,1941,"s12","m0",-0.693914098091923,-1.91463798523567,-1.87634565789007,-2.58217936410626
164,1944,"s12","m0",-0.679263606130732,-1.68670278705151,-2.14514218754291,-2.64602361315655
165,1949,"s12","m0",-0.702178920332869,-1.73507217170621,-1.67577600011048,-3.36474648057903
166,1954,"s12","m0",-0.689056607219327,-2.05187148991947,-2.19850460275532,-2.34800134178943
167,1966,"s12","m0",-0.681202971252119,-1.81477807945712,-1.83003199605432,-3.10067013027704
168,1972,"s12","m0",-0.714354965163413,-1.80289735384965,-1.99683699165369,-1.88618155222258
169,1981,"s12","m0",-0.646922467378564,-1.80555209165219,-1.66204931315193,-3.04836680076356
170,1991,"s12","m0",-0.702145074164849,-1.8255441071109,-2.33782789111453,-3.49629924409505
171,2002,"s12","m0",-0.699568127543406,-1.75719776729316,-2.53702424636862,-1.63266214521004
172,2003,"s12","m0",-0.705194554430639,-1.66082238459485,-1.97949187140512,-2.35787754069757
173,2010,"s12","m0",-0.698529011034959,-1.42571523550591,-1.6198910924613,-2.53285706124089
174,2014,"s12","m0",-0.632833395710082,-1.33798089618874,-2.03760901963536,-3.61518465859772
175,2024,"s12","m0",-0.701006110374669,-1.69082839443931,-1.82973563611118,-2.2482362019832
176,2086,"s12","m0",-0.677003915038246,-1.70481846869698,-1.63522014865384,-3.63499087787122
177,2100,"s12","m0",-0.667978780277583,-1.72540819531208,-2.18962988960881,-2.34558571080846
178,2105,"s12","m0",-0.696238743305051,-1.71608080882746,-2.03599205563601,-2.36582897992395
179,2111,"s12","m0",-0.674899184819226,-1.4247898856388,-1.59873600058483,-2.61133756748049
180,2131,"s12","m0",-0.711169271847231,-1.63483540776111,-2.48987671451879,-1.82636393199645
181,2133,"s12","m0",-0.660429480826324,-1.95678315851946,-1.65998536978061,-3.09944837498443
182,2138,"s12","m0",-0.681760343558824,-1.6446288601191,-2.21387217354699,-2.16196575036342
183,2142,"s12","m0",-0.690521209007667,-1.66777380166331,-2.00220234136428,-3.15383016276484
184,2143,"s12","m0",-0.674447398794359,-2.00064882649651,-1.7069948853361,-2.38463966507896
185,2148,"s12","m0",-0.683778793069561,-1.75223565140526,-1.80502923737792,-2.56282238024013
186,2149,"s12","m0",-0.699898818609244,-1.74943599304128,-1.87354148973558,-3.33682038317939
187,2156,"s12","m0",-0.689488220341806,-1.93303204000201,-1.71800484370747,-3.20552810950005
188,2167,"s12","m0",-0.670420706528772,-1.72640102463199,-1.84067956505478,-2.8266214669978
189,2174,"s12","m0",-0.7680076669718,-1.85378224170975,-2.26128736140809,-2.86443663226263
190,2213,"s12","m0",-0.734926426026836,-1.7855408386876,-2.17019408183421,-1.76984383812048
191,2230,"s12","m0",-0.698815898834778,-1.46000967256117,-1.71086656270689,-2.57755560028633
192,2246,"s12","m0",-0.675842611311551,-1.36574157364153,-1.78038082121698,-2.36154592513825
193,2247,"s12","m0",-0.615843603939433,-1.34077277858106,-1.56727033811281,-3.76795961927664
194,2266,"s12","m0",-0.657555733642483,-1.58206289986254,-2.02894346401038,-2.89134659631029
195,2281,"s12","m0",-0.655843471739639,-1.49258368256367,-1.80504659555567,-2.37022413781221
196,2286,"s12","m0",-0.661524773014618,-1.5355062319568,-1.90484473695371,-2.10332738601329
197,2307,"s12","m0",-0.755220524594062,-1.40088888687482,-2.08559075504484,-2.49742768155467
198,2366,"s12","m0",-0.661303986457856,-1.3657010141977,-2.00316158277899,-3.05470932583366
199,2367,"s12","m0",-0.71915555547396,-1.91815304665609,-1.7387940569838,-2.58184496554901
200,2382,"s12","m0",-0.729341606824062,-1.35971717127421,-1.68344870412665,-1.93895027390995
201,2401,"s12","m0",-0.692178373143143,-1.67763180886017,-1.87638513818138,-2.5685339605695
202,2404,"s12","m0",-0.649765842051188,-1.77518715217569,-2.44376631238918,-3.35713505737342
203,2422,"s12","m0",-0.690259870007319,-1.51399193457152,-1.49545941722826,-2.29581740849195
204,2426,"s12","m0",-0.675765672687581,-1.72134562532441,-2.16305602040688,-1.83843993519399
205,2428,"s12","m0",-0.667471649065211,-1.61816461304539,-2.31520773314768,-3.15172810805418
206,2443,"s12","m0",-0.697850103856413,-2.02694592075182,-1.62474925862993,-2.20220728614837
207,2457,"s12","m0",-0.689496888103993,-1.61485612910091,-1.85687407094766,-2.94356197941401
208,2478,"s12","m0",-0.738411266758054,-1.07906730831797,-2.15797772090236,-3.07129603056093
209,2493,"s12","m0",-0.663706577514611,-1.691381921346,-1.80046214262145,-3.404387926187
210,2498,"s12","m0",-0.642297432578643,-1.58409006405411,-2.0587362199044,-2.00956993916671
211,2512,"s12","m0",-0.723159450519086,-1.70656922506525,-1.546495863857,-3.1068955703654
212,2517,"s12","m0",-0.669637260493765,-1.70521287002643,-2.46370333215067,-2.68233558301439
213,2528,"s12","m0",-0.626002075359324,-1.65942917747904,-2.38344434594112,-3.16178370531202
214,2558,"s12","m0",-0.711814461265785,-2.00573055172774,-1.83221760644938,-1.7798841994778
215,2559,"s12","m0",-0.736756239567357,-2.12646821111245,-1.87131074605044,-2.65707821039572
216,2581,"s12","m0",-0.671157824912303,-1.57653902069271,-1.82132543609146,-2.88778468924763
217,2582,"s12","m0",-0.652328797136476,-1.62912908934447,-1.81255974736478,-2.355219144579
218,2583,"s12","m0",-0.628369526912674,-1.85672416964495,-1.93712640269089,-4.38002609915107
219,2594,"s12","m0",-0.700701022564418,-1.72460895352483,-2.22094855540241,-2.51110860769845
220,2595,"s12","m0",-0.686449464921428,-1.61111247176933,-1.97898908403855,-3.73556667287377
221,2603,"s12","m0",-0.69172920904817,-1.78579248915736,-2.15326731238146,-2.47206157370683
222,2617,"s12","m0",-0.659029652929197,-1.75519775152747,-2.14203446347401,-2.84323064955118
223,2625,"s12","m0",-0.64738348937868,-1.34372539663576,-1.82623558525774,-2.37902973965312
224,2649,"s12","m0",-0.651191824701796,-1.78138122549023,-1.7332654716923,-2.96966429638443
225,2658,"s12","m0",-0.679897919157706,-1.31861257381114,-1.85990251101004,-2.94122578346843
226,2660,"s12","m0",-0.701025598611206,-1.90919603443006,-1.78559974438183,-2.03603308833642
227,2679,"s12","m0",-0.669504589810498,-1.86298989962351,-1.65795523297734,-2.4816445427436
228,2695,"s12","m0",-0.70636506045899,-1.83946175838468,-1.83806500017398,-2.85616386568639
229,2696,"s12","m0",-0.711362918859419,-1.44138871383414,-2.57359432906837,-2.49695909697378
230,2702,"s12","m0",-0.716143435428192,-1.56288602797477,-1.84693239817835,-2.11142913640364
231,2723,"s12","m0",-0.657769805637986,-1.8094440749397,-1.43337913998033,-2.08089821294681
232,2734,"s12","m0",-0.634274926662711,-1.68504162521836,-1.84606151440322,-2.98450277207095
233,2738,"s12","m0",-0.707901511001983,-1.40685241163012,-1.72842195475916,-2.75935120716791
234,2739,"s12","m0",-0.715451239441767,-1.58076055469133,-1.67415302248663,-2.51281545750538
235,2743,"s12","m0",-0.651952375123002,-1.7701272063726,-1.52221577233648,-3.2888255467772
236,2773,"s12","m0",-0.704000472745478,-1.72742854534202,-2.37805949625008,-2.77677632993139
237,2795,"s12","m0",-0.699673079944515,-2.13267665516877,-2.46098387791082,-2.63796634531543
238,2798,"s12","m0",-0.714986902212827,-1.55223167005234,-1.76769538382887,-1.95054747579937
239,2822,"s12","m0",-0.725701355499995,-1.97236826015457,-2.01396502456996,-2.80450982105335
240,2850,"s12","m0",-0.705067669467286,-1.43018480108541,-2.00573299095297,-2.02826585947005
241,2880,"s12","m0",-0.713689820724924,-1.69736409277769,-2.08834788003116,-2.25864540566869
242,2882,"s12","m0",-0.708442335320551,-1.77435554620964,-1.72404335881457,-1.9940748167851
243,2886,"s12","m0",-0.677434573122871,-2.04471256523998,-1.46822321528722,-3.39792772424911
244,2887,"s12","m0",-0.659982188133849,-1.54546262941582,-1.93083873857035,-2.96019083295825
245,2891,"s12","m0",-0.707024062043591,-1.83006805307383,-2.30089290110709,-3.08875322749667
246,2915,"s12","m0",-0.686427575310855,-1.67791547491973,-2.28788533481963,-2.47799282275928
247,2925,"s12","m0",-0.700242084767224,-1.65651577046232,-1.71673008090086,-2.58321214104926
248,2940,"s12","m0",-0.677515738371864,-1.83653173729978,-1.90015148620218,-2.2921924158712
249,2960,"s12","m0",-0.723813310461533,-1.62712826291148,-2.04983193833068,-3.47735440288214
250,2966,"s12","m0",-0.71922804964527,-2.16327118536014,-1.91498430167684,-2.81078115218036
251,2976,"s12","m0",-0.685967700859638,-1.86063683578712,-2.06404661390021,-2.99107449148439
252,2987,"s12","m0",-0.703111541763191,-1.60710334839204,-1.54932489322962,-2.06169951050066
253,2989,"s12","m0",-0.703521586313581,-1.8456848542101,-2.32258508397422,-2.44920304691835
254,2997,"s12","m0",-0.778666935901763,-2.05440121494258,-2.77261437525053,-1.75389594443963
255,3018,"s12","m0",-0.749927841617783,-1.5796809381362,-2.14874235355579,-2.6517349460915
256,3026,"s12","m0",-0.697433465347455,-1.79483850061139,-2.09109661511089,-2.7750614249517
257,3040,"s12","m0",-0.705401150652225,-2.3892171317165,-1.98682065038374,-3.22788259869716
258,3066,"s12","m0",-0.700192080389767,-1.47771133710759,-1.84644109888636,-3.30364833788944
259,3072,"s12","m0",-0.683563184679773,-1.73192411698022,-1.65720863400227,-3.47487867832003
260,3080,"s12","m0",-0.687392334809492,-2.14739984805237,-2.24922023775486,-2.330484037963
261,3084,"s12","m0",-0.69095272398442,-1.78750054003606,-2.40688503292821,-3.78883429196783
262,3102,"s12","m0",-0.673662741991893,-1.99334834794365,-1.76054468849276,-3.48709675703065
263,3134,"s12","m0",-0.673252778878986,-1.63282705935769,-1.57712206319315,-3.08492623128652
264,3136,"s12","m0",-0.682837267873441,-1.55514247465253,-2.0761581432541,-2.43166325116628
265,3147,"s12","m0",-0.650136939226366,-1.58771421371228,-1.54544486051535,-4.09666600312756
266,3148,"s12","m0",-0.646645106563845,-1.25094004227729,-2.03883455116073,-2.55768022485673
267,3191,"s12","m0",-0.658540303681926,-1.69853961762381,-2.02323477787859,-2.0872311143578
268,3204,"s12","m0",-0.676221144363556,-2.00914013975221,-2.11355375733649,-2.01056483303615
269,3223,"s12","m0",-0.643781016855664,-1.77694900998382,-1.33830659279988,-2.70841339901581
270,3259,"s12","m0",-0.716463134233324,-1.73779552981338,-2.32717263902407,-2.09132874307357
271,3262,"s12","m0",-0.686520758692163,-1.59797279537313,-1.83115481608495,-3.01868811573057
272,3263,"s12","m0",-0.647672802620977,-1.46578742023733,-2.0930418318875,-2.91910927982294
273,3276,"s12","m0",-0.735488520006308,-1.53585768082016,-1.72598373335462,-1.65360503509016
274,3279,"s12","m0",-0.662458062738414,-1.58248360262678,-2.09448022319863,-2.93791259658089
275,3281,"s12","m0",-0.690162089937168,-1.8782630065643,-2.02904943517545,-3.49838670962389
276,3301,"s12","m0",-0.688566009977551,-2.3694275490824,-2.25755407821812,-2.95537865027631
277,3304,"s12","m0",-0.628777929102916,-1.43701251178414,-2.07634676336346,-2.08141281651703
278,3309,"s12","m0",-0.70780623104659,-1.72885210672199,-1.93783859816846,-2.41538267267744
279,3350,"s12","m0",-0.677361069994177,-1.50351495595912,-2.06053864307602,-2.69104859026516
280,3360,"s12","m0",-0.6603121220082,-1.64183957202112,-1.77156065820742,-4.19767467428461
281,3395,"s12","m0",-0.714474826878865,-1.74608035766524,-1.68485319989866,-3.29185591389251
282,3427,"s12","m0",-0.662021995163874,-1.62937251322569,-1.75291340103944,-2.51618763285666
283,3429,"s12","m0",-0.707612309536376,-1.92619786692353,-1.79237261589892,-2.45814519788489
284,3432,"s12","m0",-0.670657563727556,-1.77469664319367,-2.33825299523665,-3.36612074806966
285,3449,"s12","m0",-0.695019404244064,-1.66820469521728,-2.31929001407724,-3.07842594560442
286,3451,"s12","m0",-0.643887023996645,-1.61637350134951,-2.27077887165811,-2.72414649879098
287,3453,"s12","m0",-0.687022245456144,-1.2898286116731,-2.32146558258598,-2.9152597639234
288,3458,"s12","m0",-0.707440623928853,-1.94642065140029,-1.80394458726923,-2.73005344372894
289,3466,"s12","m0",-0.637743554603334,-1.63805706541503,-1.78696770875398,-2.73222562184788
290,3473,"s12","m0",-0.646939802089345,-1.61195078999767,-1.71143624652913,-2.39236360019851
291,3493,"s12","m0",-0.69676589924686,-1.89923092036861,-1.85439250650686,-2.77083714750689
292,3499,"s12","m0",-0.666713034943973,-1.5837327465555,-2.15029064430641,-3.17341947472401
293,3525,"s12","m0",-0.669172184307368,-1.63945272593262,-1.85886989580394,-2.30003155310456
294,3536,"s12","m0",-0.666446421180841,-2.00917869662603,-2.022919708977,-2.98275745425163
295,3537,"s12","m0",-0.664274433052055,-1.46892343020653,-2.33552705801467,-2.31807169136796
296,3555,"s12","m0",-0.694306543363896,-1.69687229782935,-1.60363154244542,-1.95149100436507
297,3573,"s12","m0",-0.70274924197706,-1.74014394086936,-1.79416126773065,-2.00434243297781
298,3581,"s12","m0",-0.70422823146784,-1.78198360586922,-2.18785129024421,-2.81489886050484
299,3611,"s12","m0",-0.660262457861006,-1.39595942104868,-1.96593095023324,-3.23016060167894
300,3617,"s12","m0",-0.648452966983304,-1.75431903311866,-1.85763072782947,-2.97841062524413
301,3624,"s12","m0",-0.702874877648746,-1.67294732835657,-1.81525076059047,-3.0831852075416
302,3632,"s12","m0",-0.656240384555273,-2.48229635302377,-2.18000770374784,-3.0002236332958
303,3639,"s12","m0",-0.663786051882705,-1.68914059937343,-2.22484722159099,-2.01331891834923
304,3642,"s12","m0",-0.703809315016176,-1.81720286119728,-1.7564612855344,-2.04634177310385
305,3663,"s12","m0",-0.71521481173723,-1.11707230347189,-1.91078326184844,-2.06795137451265
306,3666,"s12","m0",-0.646368944349512,-1.53973896505861,-1.70584758032942,-3.73995783377042
307,3673,"s12","m0",-0.662110047834712,-1.60986592124807,-2.10521277497313,-2.34031746675804
308,3687,"s12","m0",-0.672838691293954,-1.74055207206816,-1.8623983873498,-4.19345665700287
309,3699,"s12","m0",-0.675998704028094,-1.73696753572602,-1.75616452736992,-2.11395834699154
310,3710,"s12","m0",-0.704915480832007,-1.77178370367567,-1.7409887301695,-3.40024797877153
311,3721,"s12","m0",-0.712206069124067,-1.83004226190279,-2.14144493756448,-2.84422370324763
312,3732,"s12","m0",-0.724912040629603,-2.09786941683615,-1.78071902170742,-1.73168255988308
313,3749,"s12","m0",-0.680981565918482,-1.72206986125002,-2.08725797120454,-2.45373855415779
314,3768,"s12","m0",-0.685044654733963,-1.5602201742488,-1.77550345668404,-3.33113152610521
315,3772,"s12","m0",-0.697127755648332,-1.52443949637209,-1.8915895448451,-1.94613588858167
316,3789,"s12","m0",-0.6763523284768,-1.95472819655501,-1.92509040021285,-2.95239234098385
317,3790,"s12","m0",-0.650015719751095,-1.36173290781228,-1.86389395037873,-3.55391588734866
318,3806,"s12","m0",-0.708266874213697,-1.49422264588656,-2.0076280817483,-1.4601345561663
319,3830,"s12","m0",-0.640743969710463,-1.30286578969391,-1.87405633398943,-2.99719449785397
320,3842,"s12","m0",-0.689016142430881,-2.14861932777067,-2.32925093498106,-2.03485753306457
321,3855,"s12","m0",-0.666760358182938,-1.59414306766679,-1.7857726685786,-3.34261926646093
322,3867,"s12","m0",-0.66804905296905,-1.40789085973563,-2.01809617196831,-2.55508753129544
323,3868,"s12","m0",-0.640275161020461,-1.05045389529018,-1.77643974982587,-2.93566451223176
324,3873,"s12","m0",-0.657561281001606,-1.61573191071297,-2.64746376390775,-2.56564713491431
325,3893,"s12","m0",-0.71909584211511,-1.74492335500622,-1.89140618199681,-1.95994227198345
326,3894,"s12","m0",-0.683504323262708,-1.58666956107199,-1.62335433515472,-2.79911057655141
327,3905,"s12","m0",-0.743233809013937,-2.12533873947988,-2.06550428367743,-2.6746919751093
328,3906,"s12","m0",-0.739281342650168,-1.75689948388022,-1.51168322092128,-3.06084414997613
329,3909,"s12","m0",-0.696122724860007,-1.35050417493746,-2.08184470481911,-2.84692364784393
330,3924,"s12","m0",-0.724746636923841,-1.43563224000488,-1.97167832123701,-3.01259405672265
331,3948,"s12","m0",-0.676623210040309,-1.4574023807203,-1.84847077195385,-2.7024104749623
332,3954,"s12","m0",-0.659787346587983,-1.32124129386174,-1.75422132027746,-2.95261049360879
333,3980,"s12","m0",-0.707107270056924,-1.91690074239806,-1.56383942080198,-2.66601775762131
334,3995,"s12","m0",-0.675171551742861,-1.58491129109576,-1.8315533264924,-2.47935305245606
335,3998,"s12","m0",-0.650571364373214,-1.92962067754018,-1.82778884639795,-2.57395456793391
336,4001,"s12","m0",-0.722779431795643,-1.79524184492799,-2.10182311612943,-2.96877899680731
337,4010,"s12","m0",-0.647048688399866,-1.43048058545337,-2.38398082949948,-4.06836889957942
338,4018,"s12","m0",-0.659060255323634,-1.86586904861758,-2.29620599610393,-3.19721133108373
339,4026,"s12","m0",-0.656200992649478,-1.6108192922598,-1.95054411370102,-3.17361326299699
340,4047,"s12","m0",-0.654855138096496,-2.03028768312581,-2.05599932041178,-3.06482694788573
341,4048,"s12","m0",-0.642463959977692,-1.46794393437434,-1.81617693962376,-2.12626209346244
342,4058,"s12","m0",-0.681286127864665,-1.39478236065948,-1.8517001581571,-2.66742641300352
343,4064,"s12","m0",-0.691831957553222,-1.55764931920947,-1.80220393311326,-2.94152426001361
344,4069,"s12","m0",-0.684493454079243,-1.40555671903481,-2.50877989604934,-3.1951124418918
345,4073,"s12","m0",-0.654333571812214,-1.5484840539798,-1.44532975364646,-3.13256129545179
346,4081,"s12","m0",-0.715546555984602,-2.12301248708558,-1.85183223196119,-2.81438527763739
347,4100,"s12","m0",-0.691560697248969,-2.06396572480961,-1.71470422422988,-2.28440867548067
348,4113,"s12","m0",-0.651249151190977,-1.50603606863091,-1.62827175370268,-2.93018007960801
349,4117,"s12","m0",-0.666028971214115,-1.80400588174223,-1.953968771117,-2.26753820164021
350,4125,"s12","m0",-0.707693840241218,-1.48025540145802,-1.6136724618955,-3.11827670599477
351,4128,"s12","m0",-0.696776286260118,-1.46689152083055,-1.75189125084168,-2.71624225894987
352,4130,"s12","m0",-0.694080193591931,-1.46835922919773,-2.34277451977575,-3.26467512292657
353,4135,"s12","m0",-0.655128349447481,-1.94307320371632,-1.93612994150031,-2.14493855735799
354,4157,"s12","m0",-0.649446745456394,-1.51050629111677,-2.02191684210074,-2.30016651065311
355,4177,"s12","m0",-0.662287133581075,-1.74572142045521,-2.00753334131127,-2.4527409878648
356,4183,"s12","m0",-0.67768152161622,-2.15198614100823,-1.88926591864856,-2.32247323810798
357,4231,"s12","m0",-0.709620445361063,-1.57950813213696,-1.91234373605938,-3.70798726277462
358,4234,"s12","m0",-0.708327674545125,-1.88560651876972,-2.14133039949602,-3.02363825032607
359,4248,"s12","m0",-0.7037809751543,-1.84820381079245,-2.1243106127155,-1.6954584727505
360,4260,"s12","m0",-0.689172076001563,-2.29363843680631,-1.7444857836436,-2.82883446713663
361,4261,"s12","m0",-0.686499530697846,-1.75933622885353,-2.15359384164259,-2.81355091292462
362,4268,"s12","m0",-0.623548004679355,-1.49741988730863,-2.41268929450027,-4.32750922683759
363,4273,"s12","m0",-0.665717252664959,-1.49419583006713,-1.57522910594795,-2.43812034147395
364,4274,"s12","m0",-0.695926078871045,-2.03296477209727,-2.46407938699709,-3.0589684790828
365,4276,"s12","m0",-0.677064109628499,-2.02459642924819,-2.44680184065131,-4.43419251931372
366,4297,"s12","m0",-0.721837955079712,-1.80150293641582,-2.05747847375243,-2.12843019400166
367,4313,"s12","m0",-0.726792097893216,-1.40793359384,-2.50463480223705,-2.68947402481046
368,4322,"s12","m0",-0.705861814886478,-1.87341556854924,-2.67728604685472,-2.6876595411683
369,4349,"s12","m0",-0.666386720281667,-2.00250123071076,-2.39049790096015,-2.36024856493527
370,4352,"s12","m0",-0.668809933392881,-1.48743070660882,-2.1586433275525,-2.60890281280862
371,4356,"s12","m0",-0.6927387747843,-1.46682711137241,-1.9020252379369,-3.32280348951664
372,4361,"s12","m0",-0.695894713593547,-1.70279787602847,-1.85886372907776,-1.78488559543918
373,4368,"s12","m0",-0.679349371694455,-1.59166299374096,-1.70700228970419,-1.96583679818768
374,4370,"s12","m0",-0.658149065379413,-1.83336034791555,-1.93733879686703,-2.22547119068474
375,4373,"s12","m0",-0.65864048003981,-1.77584133000733,-2.26181374792867,-2.12335115033601
376,4405,"s12","m0",-0.669541499712737,-1.83189837493067,-1.85885809213001,-3.02684697002595
377,4447,"s12","m0",-0.662516087177585,-1.54153282643933,-2.08547908757859,-2.53707398310151
378,4466,"s12","m0",-0.686516408954197,-2.02379129608993,-1.90134164902744,-2.7342273099738
379,4490,"s12","m0",-0.693601539596616,-2.17017897021397,-1.86238057326236,-2.2676110283361
380,4502,"s12","m0",-0.648074409242847,-1.32667035857215,-1.67137224867752,-2.99662463823883
381,4505,"s12","m0",-0.720889760059441,-1.75472046298934,-1.71384018747482,-2.26812512991011
382,4509,"s12","m0",-0.680153575715121,-1.6658905511871,-1.3704456383661,-2.70733671343271
383,4520,"s12","m0",-0.665185454658983,-1.53515039461756,-2.2208967071717,-2.9767552323385
384,4534,"s12","m0",-0.687779740974298,-1.81919259677463,-2.36816466794258,-2.61248146154732
385,4538,"s12","m0",-0.693813890682592,-1.83197744748919,-1.51769725485178,-2.65324695680521
386,4546,"s12","m0",-0.64496042425349,-1.52662650946953,-2.19906496705146,-1.96918906665442
387,4552,"s12","m0",-0.681671922553429,-2.27822282789682,-1.90422519907228,-2.10831684540155
388,4570,"s12","m0",-0.664525148351072,-1.40751727117389,-1.96905735703909,-4.16952969433712
389,4579,"s12","m0",-0.673675545360381,-1.53880855777033,-1.61041287189449,-3.96051354662834
390,4605,"s12","m0",-0.695173699726155,-2.04493895377867,-1.99095036710374,-2.90797494439833
391,4627,"s12","m0",-0.70280336956855,-1.795321622482,-2.12348631218119,-2.98217141806407
392,4642,"s12","m0",-0.704141965827214,-1.45204570306181,-2.17703372743237,-2.94469406649293
393,4655,"s12","m0",-0.688106970675106,-1.55709378680411,-2.04954526349963,-2.26232289254183
394,4658,"s12","m0",-0.683683921323254,-1.74530680191682,-1.95369190023014,-2.88413212580354
395,4672,"s12","m0",-0.682154426551976,-1.76770264973224,-1.97425729105739,-1.72286717344073
396,4684,"s12","m0",-0.664520705986612,-1.63425769897536,-1.89892566380649,-2.72255962013706
397,4694,"s12","m0",-0.667915997386045,-1.54368050574764,-2.0545530815353,-2.85443892652975
398,4700,"s12","m0",-0.716635407834029,-1.65164189002235,-2.02361368840947,-2.11097130965184
399,4712,"s12","m0",-0.715403576145037,-1.6102526000671,-1.94589039669087,-2.92546994441884
400,4714,"s12","m0",-0.694498740675715,-1.95981006490225,-1.86441567262481,-2.24971282927648
401,4718,"s12","m0",-0.717921526468393,-1.95791753648133,-2.32682994515665,-2.77539799186185
402,4720,"s12","m0",-0.684386040280085,-1.90785006434753,-1.90956544256079,-3.45474116522135
403,4727,"s12","m0",-0.712686956019441,-1.79110441460948,-2.21325071201084,-1.73622045487174
404,4731,"s12","m0",-0.637623273462788,-2.09865557562693,-2.35733135134955,-2.61120718212849
405,4746,"s12","m0",-0.716771992873059,-1.6166376275752,-2.20023796494008,-2.32206775770506
406,4749,"s12","m0",-0.694710190342579,-1.47187064084533,-1.67338609031797,-2.914574326288
407,4757,"s12","m0",-0.648064317663809,-1.40411702338144,-1.84253411215522,-2.98328480666538
408,4761,"s12","m0",-0.661238056877339,-1.59348975520599,-1.71459436714523,-3.32647686448639
409,4765,"s12","m0",-0.71713766905136,-1.7090763099614,-1.90116675089762,-3.19684768854473
410,4766,"s12","m0",-0.732603750779505,-1.84908351861012,-1.89898278879211,-2.43236279388876
411,4771,"s12","m0",-0.699673594381852,-1.88638550296912,-2.38410930622846,-3.20395214532273
412,4774,"s12","m0",-0.651236126987312,-1.53020631549497,-1.86429939074724,-2.10533280612297
413,4775,"s12","m0",-0.667514390158872,-1.68205816731184,-2.06859030448629,-2.69858350190765
414,4783,"s12","m0",-0.699240557038097,-1.87917195741582,-2.11294095692869,-2.74696641442922
415,4790,"s12","m0",-0.688237318897251,-1.4897165083591,-1.9554870017101,-2.74491435230628
416,4801,"s12","m0",-0.636828013401837,-1.49005239502895,-2.09060178871388,-1.94448159925395
417,4822,"s12","m0",-0.69069671412099,-1.6173695519962,-1.84791753398003,-2.95249132690568
418,4824,"s12","m0",-0.742984137393137,-1.58858806306676,-2.44066258097172,-2.75187002164921
419,4838,"s12","m0",-0.674104513350849,-1.85864739853935,-2.03780369370543,-3.16467288275982
420,4843,"s12","m0",-0.639721605524136,-1.64211194166413,-2.57127373831901,-3.32686260977243
421,4847,"s12","m0",-0.678121640444071,-1.72441411937887,-1.58022606727099,-2.41981857376618
422,4849,"s12","m0",-0.683856576087842,-1.80161446429207,-2.05237346372424,-2.62582061621189
423,4857,"s12","m0",-0.724005100288071,-1.5331233306283,-1.62106719439154,-3.21623044425767
424,4902,"s12","m0",-0.673625910594227,-1.74762652784766,-2.55035787731722,-1.89796986982627
425,4918,"s12","m0",-0.71155652219802,-1.76432935312827,-1.48237954065616,-1.53211936631248
426,4968,"s12","m0",-0.672956992936996,-1.49750898455807,-1.86719005414266,-2.46867935478204
427,4974,"s12","m0",-0.648232125171046,-1.33665411224955,-1.91931534540158,-3.68513597385421
428,4994,"s12","m0",-0.714896354260196,-1.51584641093133,-1.84949170653242,-1.91830206612664
429,5003,"s12","m0",-0.733447844685918,-1.62643176502937,-1.91826938493247,-2.25554552803638
430,5006,"s12","m0",-0.643444097644497,-1.53674297380191,-2.07037626025636,-2.21989509045433
431,5019,"s12","m0",-0.697723633712743,-2.00098832723563,-2.19120409108793,-2.12261230773846
432,5021,"s12","m0",-0.659099557370385,-1.49480927435258,-2.16900246895707,-1.87592198416081
433,5023,"s12","m0",-0.67368692830542,-1.74532076049383,-1.83931097273224,-3.30539992517616
434,5024,"s12","m0",-0.711619337484722,-1.75676923909522,-1.84872991059239,-2.88943372722843
435,5043,"s12","m0",-0.669353371926944,-1.71578924374075,-1.91025000008909,-3.32077420319969
436,5050,"s12","m0",-0.637431938678467,-1.6746291874549,-2.15746896025381,-2.74129238530461
437,5098,"s12","m0",-0.662123418015161,-1.76880025186416,-1.78331157769463,-3.33447940363374
438,5100,"s12","m0",-0.661991801967294,-2.01519629566546,-1.99357433382126,-3.30411379400759
439,5104,"s12","m0",-0.687721035391773,-1.49171300166608,-1.98440595754652,-1.89653994651179
440,5131,"s12","m0",-0.683528352062815,-1.44374096567148,-1.90542297071381,-2.25702893735951
441,5132,"s12","m0",-0.719081374327239,-1.87274272598603,-1.74805874941134,-2.5929558946336
442,5136,"s12","m0",-0.682778172390411,-1.73225940899506,-2.01312994183939,-3.0547155413476
443,5149,"s12","m0",-0.697772644521308,-1.74493642657,-2.31410548375394,-2.09558612889108
444,5152,"s12","m0",-0.735617745272551,-1.97837607892374,-2.12116554681113,-2.91136981030502
445,5158,"s12","m0",-0.654967584441149,-1.46864099782464,-1.79929506216405,-2.15038287609046
446,5163,"s12","m0",-0.701843960385781,-1.58819680463192,-1.8822737360168,-3.18864001883085
447,5169,"s12","m0",-0.671633180330525,-2.17313605016052,-1.80947384394443,-2.97435720578087
448,5170,"s12","m0",-0.713027830583268,-1.67966015943697,-1.86708115274734,-1.81364198649574
449,5179,"s12","m0",-0.686955640889876,-1.66716591207984,-1.56744419775649,-2.51055053406013
450,5181,"s12","m0",-0.675979746793895,-1.87488640548318,-1.75025639827054,-1.65404658051731
451,5187,"s12","m0",-0.650225551015169,-1.69763305759329,-1.74554787494851,-2.25438566522716
452,5190,"s12","m0",-0.719394652900887,-1.97317792095347,-2.1116997198469,-1.97060708885402
453,5195,"s12","m0",-0.655830141482399,-1.82908988704702,-2.35386072238881,-2.36192509716499
454,5221,"s12","m0",-0.67404460983641,-1.95749276041137,-1.53714354428858,-3.09380301516128
455,5227,"s12","m0",-0.692482215305356,-1.55393224488793,-2.39777493419433,-3.01079579676616
456,5266,"s12","m0",-0.745461033274687,-1.55865758400529,-2.07062320959612,-2.46639123172262
457,5274,"s12","m0",-0.637220821521425,-1.40671764497129,-1.90164119984762,-2.84558026725798
458,5275,"s12","m0",-0.660211721622427,-1.85771627557684,-1.71424969984709,-2.76656915336262
459,5317,"s12","m0",-0.64651791832701,-2.0660890019005,-2.35051523695707,-3.09316823444249
460,5322,"s12","m0",-0.643555250977376,-1.21148452588716,-1.95470203254441,-3.77297563046122
461,5374,"s12","m0",-0.660513941964132,-1.79647784525234,-1.80745829364491,-2.72444474669664
462,5376,"s12","m0",-0.643856434585794,-2.18893045738925,-1.97851966600962,-3.10093776939387
463,5395,"s12","m0",-0.693100334218233,-1.66088121831333,-2.19615658224264,-2.41704840589556
464,5399,"s12","m0",-0.615781496986682,-1.36335881133723,-1.86645341336942,-1.7495381470774
465,5402,"s12","m0",-0.656633515501658,-1.76866842357224,-2.37797455874045,-2.9619380140015
466,5406,"s12","m0",-0.662078098111364,-1.69991122531181,-1.95919241645566,-3.04360101296477
467,5418,"s12","m0",-0.76227553928592,-1.40905788009676,-2.56099589177138,-1.20839768720133
468,5456,"s12","m0",-0.657245216148963,-1.41070209849007,-1.64426560633084,-2.73443481787738
469,5465,"s12","m0",-0.649623522767423,-1.58028499392517,-1.85228242759491,-2.28308917447201
470,5466,"s12","m0",-0.664954215275057,-1.61589343257256,-1.52092620890352,-2.26596926973499
471,5496,"s12","m0",-0.642302584458098,-1.635775634351,-1.81274928637988,-4.22087441280087
472,5532,"s12","m0",-0.676187171713324,-1.72347447599621,-1.71853585643694,-3.22366421302894
473,5553,"s12","m0",-0.708311931706917,-1.65515223395869,-2.38051478849246,-3.11427660900962
474,5555,"s12","m0",-0.665233006359643,-1.64658140723872,-1.53789962180875,-2.33419335530081
475,5563,"s12","m0",-0.713225547098727,-1.8722138209639,-1.98444119039055,-1.6692979716837
476,5602,"s12","m0",-0.668614645993152,-1.72027915071636,-1.87271282882315,-3.18636898982927
477,5604,"s12","m0",-0.732405354223645,-1.76055161875046,-1.83811721073331,-2.08911617260677
478,5608,"s12","m0",-0.686275845847792,-1.74713957253502,-2.07811481807408,-2.83305649589899
479,5621,"s12","m0",-0.646634396372628,-1.31822960996841,-2.07280170071064,-3.31903765842777
480,5633,"s12","m0",-0.69925287898684,-1.73255246773512,-1.94565349631618,-2.37758771288985
481,5639,"s12","m0",-0.717478036065208,-1.60111316336966,-1.99993916955642,-3.08438843360708
482,5650,"s12","m0",-0.654561830077067,-1.4900090125727,-1.8243023656177,-2.77037735543123
483,5651,"s12","m0",-0.742751172937718,-2.01006491976058,-2.03181779331224,-2.60135858510895
484,5653,"s12","m0",-0.677701350808082,-1.66539841042884,-1.98286217244471,-2.91136714815273
485,5666,"s12","m0",-0.661284555094681,-1.96339195682878,-1.78878415452024,-2.70645942556772
486,5667,"s12","m0",-0.625078344716504,-1.97599390798435,-1.83044561185983,-2.9612231926982
487,5681,"s12","m0",-0.6679761106391,-1.33340249826566,-2.06841117797794,-2.40472611808103
488,5684,"s12","m0",-0.641341991740542,-1.66609965975057,-1.62161384168678,-3.76174760870818
489,5695,"s12","m0",-0.670425004817882,-1.80516810439385,-2.2492661167609,-2.4579079224553
490,5697,"s12","m0",-0.679887506831193,-2.43208573800412,-2.17140154133505,-3.17058168769019
491,5700,"s12","m0",-0.669735192731383,-1.57912255983084,-2.17458489091846,-3.34276122106399
492,5707,"s12","m0",-0.648349637320129,-1.55146541521194,-1.92166843838679,-2.96240314941968
493,5711,"s12","m0",-0.646684466401901,-1.57720072742863,-2.26959515556337,-2.99123305631979
494,5747,"s12","m0",-0.673533427825891,-1.83828312971824,-2.26524527409771,-1.54756863066763
495,5785,"s12","m0",-0.658069329470651,-1.13790879433026,-1.99046647526299,-3.0411383873979
496,5789,"s12","m0",-0.655245911692989,-1.54969421877661,-1.90154648406824,-3.60339593456769
497,5790,"s12","m0",-0.63508176558017,-1.82926585267868,-2.46811519757207,-2.50390887925051
498,5794,"s12","m0",-0.682537821249941,-1.51312525220572,-2.41713168548374,-2.78391675180843
499,5814,"s12","m0",-0.7146736015842,-1.74136869284779,-1.93509142678435,-2.57093369970043
500,5822,"s12","m0",-0.696319037389433,-2.04093680794444,-2.00805738113211,-1.7834854146736
501,5826,"s12","m0",-0.660164585892556,-1.69562287404512,-1.72876203754652,-2.38885497446194
502,5827,"s12","m0",-0.714857761828374,-1.78311329608083,-1.89080601013217,-2.17128904591079
503,5834,"s12","m0",-0.677774731552064,-1.89328023899914,-2.07127294856707,-2.88595323195918
504,5835,"s12","m0",-0.666000687537151,-1.79440490918651,-1.94451724515247,-2.23498753817122
505,5860,"s12","m0",-0.683844614695796,-2.11500358785495,-1.63622317348581,-2.2404116621639
506,5862,"s12","m0",-0.694443600085926,-1.82063988901732,-2.21051259643855,-3.21064811078144
507,5889,"s12","m0",-0.711697949850755,-1.47580635390239,-2.77564490869024,-2.54856535432471
508,5909,"s12","m0",-0.638390583097115,-1.83368550659895,-2.25306088414857,-2.32130996695917
509,5920,"s12","m0",-0.671219473768979,-1.68114925542574,-2.10452773008344,-2.14230824555169
510,5943,"s12","m0",-0.650223429273292,-1.84083319232572,-1.93665238305751,-3.11772099660618
511,5956,"s12","m0",-0.624755708081024,-1.6345471514758,-1.90199786318492,-3.03863724463068
512,6024,"s12","m0",-0.69391839797701,-1.69741436618077,-1.91734836041279,-2.40656848478232
513,6025,"s12","m0",-0.66097564722998,-1.94974962585281,-1.81581429239594,-3.30827913280042
514,6026,"s12","m0",-0.658020003210268,-1.81019053142702,-1.83244730288564,-1.98546658359205
515,6029,"s12","m0",-0.683382073342015,-1.64642615113442,-1.74634898405118,-3.8639140222281
516,6037,"s12","m0",-0.691322103527213,-1.39156243636069,-2.26576831125586,-2.07640194080698
517,6083,"s12","m0",-0.677934579203543,-1.72673138298367,-1.92612418918487,-3.06460395281333
518,6094,"s12","m0",-0.655250677100691,-1.68700530622786,-2.25673255175785,-3.20817896702668
519,6099,"s12","m0",-0.705292666804955,-1.72914612391001,-1.8081648516469,-1.87040322103802
520,6109,"s12","m0",-0.686226331856287,-1.5240606553581,-2.04487343940537,-2.1784711416006
521,6120,"s12","m0",-0.710258905909016,-1.82979036851589,-1.90309576682297,-1.89608238638298
522,6127,"s12","m0",-0.724415727411112,-1.73979110308052,-2.46369495137191,-2.15456647455117
523,6136,"s12","m0",-0.658244030783142,-1.73645223469898,-1.70747786245424,-3.27465718100744
524,6137,"s12","m0",-0.708813265921445,-1.67697834950825,-2.18373485542863,-2.95252197225333
525,6142,"s12","m0",-0.703569572333197,-2.03202817241213,-2.04190683918266,-3.39420880380699
526,6145,"s12","m0",-0.657296427000961,-1.64708678764312,-1.74772477482485,-3.87928052859984
527,6155,"s12","m0",-0.696322959417603,-2.37525479857796,-2.09924861836863,-4.05462212748424
528,6175,"s12","m0",-0.661646458201359,-1.53941088768679,-1.6942405445258,-3.01778141869401
529,6187,"s12","m0",-0.668831425520588,-1.8031131091097,-1.75519454294537,-2.56645939654794
530,6194,"s12","m0",-0.684250869844603,-1.78944281515467,-1.97275136178353,-2.064569278552
531,6199,"s12","m0",-0.67042223970045,-1.52154466703111,-1.73185555590209,-3.49963693173601
532,6230,"s12","m0",-0.680829907384448,-1.584322165482,-2.14791937414667,-2.53391268151985
533,6240,"s12","m0",-0.722563875898405,-1.56563246982223,-2.00707928730004,-2.65188643603141
534,6246,"s12","m0",-0.678778495081923,-1.70549715431489,-2.23566755071977,-2.70522167321294
535,6249,"s12","m0",-0.678182092556661,-1.41975111265674,-2.18146967855017,-3.3038737663354
536,6261,"s12","m0",-0.6674435377149,-1.66387498352972,-1.67310067752246,-3.00362796882313
537,6265,"s12","m0",-0.720382478617168,-1.51543678308917,-2.08950617325986,-2.98307786438049
538,6275,"s12","m0",-0.635297134186131,-1.70521225826032,-1.91168586064773,-2.79468688206397
539,6277,"s12","m0",-0.678679347098086,-1.92328183638077,-2.07794551560477,-3.02035546409647
540,6330,"s12","m0",-0.68173234822915,-1.82860233108934,-2.5699461058794,-2.55188778978603
541,6332,"s12","m0",-0.664264155738186,-1.82348674416055,-1.65701772437534,-2.47827611728432
542,6339,"s12","m0",-0.741756487454566,-1.84639608595746,-1.81293362797228,-1.95284398524764
543,6351,"s12","m0",-0.698935732482337,-1.82279201284974,-2.28432664549126,-2.20733896138071
544,6363,"s12","m0",-0.661175772024841,-1.90696091849822,-1.57634811482989,-2.41191986333654
545,6375,"s12","m0",-0.707688051507553,-1.61380199603003,-2.30235833285174,-2.71527537566806
546,6380,"s12","m0",-0.660699051183218,-1.37093561083484,-2.14707313736551,-2.17401435408534
547,6393,"s12","m0",-0.690511460543339,-1.66621137037982,-1.90892379788887,-2.41291543056946
548,6407,"s12","m0",-0.647820018303431,-1.49387409942144,-2.0528765660925,-3.62145390361631
549,6408,"s12","m0",-0.736589815464164,-1.72411109179879,-1.93332932125954,-1.95901302706909
550,6412,"s12","m0",-0.652014492747188,-1.75317848353746,-1.73259728990844,-3.27509191620557
551,6438,"s12","m0",-0.657785954172502,-1.84689954830543,-2.17507106508432,-2.66277646799636
552,6446,"s12","m0",-0.640964827377212,-1.86149476947253,-1.55855900111341,-2.22570825445812
553,6451,"s12","m0",-0.709921250595601,-1.63928423237318,-2.36127831718585,-2.06286970055383
554,6458,"s12","m0",-0.69284581489163,-1.63439107881697,-2.05928174202962,-2.70400748430233
555,6465,"s12","m0",-0.674344738922081,-1.62449771941207,-2.15387718695445,-2.92964037195464
556,6480,"s12","m0",-0.711467067266357,-1.40508846535336,-2.00291975155483,-2.62266814846782
557,6498,"s12","m0",-0.693721725891408,-1.61037384027734,-2.24688172902333,-1.97645032600434
558,6511,"s12","m0",-0.685124399852921,-1.35498973445216,-2.13896881576651,-2.66015277566491
559,6531,"s12","m0",-0.657224662377263,-1.59569645486098,-1.50545264999998,-3.21011872562819
560,6541,"s12","m0",-0.671566844334181,-1.38440555200156,-1.88429403225564,-2.78885458273106
561,6552,"s12","m0",-0.689833479914616,-1.62532376837593,-1.76463472312428,-2.47479677136857
562,6564,"s12","m0",-0.679245128022283,-1.74834813864754,-2.0497748507248,-2.18329512759917
563,6566,"s12","m0",-0.660788456126813,-1.80341668434151,-2.01641811607082,-2.42485697651278
564,6572,"s12","m0",-0.701537506913263,-1.95210145926122,-1.86581086256993,-1.97890853460264
565,6592,"s12","m0",-0.635034477957235,-1.94103062091348,-2.26002414035655,-3.47114065602898
566,6601,"s12","m0",-0.698763553352208,-1.29995272562136,-2.28047841582302,-3.23442121717587
567,6625,"s12","m0",-0.696976425819277,-1.883940335853,-2.0655549703653,-2.92473611444139
568,6645,"s12","m0",-0.669847425406781,-1.87613150545442,-1.8319677605996,-2.69015303720166
569,6672,"s12","m0",-0.709302322341466,-1.77383764005113,-1.79239125626487,-2.6278412365956
570,6680,"s12","m0",-0.666848109448626,-2.17376339310489,-1.54387971047738,-2.84132074756734
571,6683,"s12","m0",-0.72875966068619,-1.63798215946242,-2.51546183223434,-2.0586508005707
572,6692,"s12","m0",-0.684253363204604,-1.84480716772226,-1.67485317966496,-2.29963754708661
573,6693,"s12","m0",-0.673075654848365,-1.56452238128882,-1.52226137462491,-3.0379754791746
574,6707,"s12","m0",-0.66289629090619,-1.85530627638413,-1.78657124821436,-1.87031482742104
575,6711,"s12","m0",-0.65152561594209,-2.06613238222138,-2.16881554276428,-2.78116396578416
576,6715,"s12","m0",-0.679280411582571,-1.57655139606738,-1.71082468724503,-2.19011880536339
577,6731,"s12","m0",-0.660332551401312,-1.7535577955556,-1.87639858945501,-3.67084700728487
578,6760,"s12","m0",-0.694687414259638,-2.02735579812819,-1.75820568145189,-1.79675424989268
579,6763,"s12","m0",-0.669650920319771,-1.80942846891831,-1.97965761612239,-2.68032013642987
580,6770,"s12","m0",-0.644000271730202,-1.33892431239499,-2.27795467480025,-2.81649687380265
581,6794,"s12","m0",-0.69923220498601,-1.84338200347791,-1.97531047370211,-2.17951313514426
582,6833,"s12","m0",-0.707800937712147,-1.67555367554904,-1.61918627743917,-2.35660608134207
583,6883,"s12","m0",-0.702422593395184,-1.72111097643601,-2.19928660913404,-2.64377299222014
584,6903,"s12","m0",-0.676774548951491,-1.82059410033867,-2.02686245864519,-2.59160123189201
585,6905,"s12","m0",-0.612168289792328,-1.7110683398573,-2.25595975803959,-2.7569059424937
586,6908,"s12","m0",-0.673947820619608,-1.54894551101528,-2.19129883325362,-2.49502100820037
587,6919,"s12","m0",-0.695265959845316,-1.68323529805667,-2.05315309784828,-3.24468113805872
588,6951,"s12","m0",-0.690901237852356,-1.83613963659083,-1.95241835523739,-2.95398011192729
589,6955,"s12","m0",-0.669202042426645,-2.00754990816217,-2.04833320202051,-2.64879579448265
590,6956,"s12","m0",-0.702124638332584,-1.47225654863207,-2.18096939890507,-1.71654705677347
591,6957,"s12","m0",-0.638941161897681,-1.5861838506462,-1.80829168303215,-2.35014457587457
592,6959,"s12","m0",-0.714092223391906,-1.65596318295316,-2.2059699866804,-2.05037763463631
593,6987,"s12","m0",-0.678479644436216,-1.901138678408,-2.00838773886951,-2.59737704714855
594,7012,"s12","m0",-0.692414681242373,-1.80041366947443,-1.93162303337094,-2.83480152107332
595,7025,"s12","m0",-0.655538889280148,-1.69277399392097,-2.19374910804175,-3.28668707639238
596,7053,"s12","m0",-0.701488688925795,-1.73960667056911,-1.9128959772448,-2.68191768855038
597,7060,"s12","m0",-0.657715774403446,-1.49374806119389,-1.79829681397838,-2.54309647270124
598,7094,"s12","m0",-0.705517963468764,-1.61741369475547,-1.77462433422818,-2.68064546436775
599,7102,"s12","m0",-0.661775798156649,-1.44485177725396,-2.12324518214849,-2.63952160567322
600,7113,"s12","m0",-0.667037339579547,-1.4170493607349,-2.13586070579805,-2.45888647914032
601,7115,"s12","m0",-0.663429328470952,-1.91878759823485,-2.05786703315443,-2.5374331286444
602,7126,"s12","m0",-0.678654813562933,-1.61045504507051,-2.30408147863796,-2.97434178813903
603,7127,"s12","m0",-0.705738955037217,-1.68732900225009,-1.91030878990941,-2.14362457164483
604,7135,"s12","m0",-0.665698038575945,-2.25557776362661,-1.95606025713567,-3.04612812542816
605,7153,"s12","m0",-0.719282517155794,-1.47065387240655,-2.08911773797584,-2.14081863881588
606,7193,"s12","m0",-0.662833635502738,-1.65618981347446,-1.89882138010835,-3.04272660590749
607,7238,"s12","m0",-0.706482098031279,-1.37750013380692,-1.80026418906111,-2.66263440133236
608,7249,"s12","m0",-0.637750898060115,-1.4505161117965,-2.34318658875041,-2.68815493120149
609,7258,"s12","m0",-0.689057795625246,-1.74892358443341,-2.71979173770471,-3.31585923667119
610,7262,"s12","m0",-0.662769399135415,-2.00888605746459,-1.91962497361078,-2.86636880818071
611,7279,"s12","m0",-0.686779187307833,-1.78827768133278,-1.9581991700122,-3.12024844899714
612,7288,"s12","m0",-0.695127141949765,-1.2780583617273,-1.89847722926231,-1.87636080410787
613,7290,"s12","m0",-0.663853455588846,-1.89598453884588,-1.99390058145299,-3.14300187948802
614,7291,"s12","m0",-0.666704376775159,-2.05718600746084,-2.00563827730976,-3.07403452479722
615,7294,"s12","m0",-0.6373116469338,-1.79243434986925,-1.45804459314232,-3.32035093506102
616,7311,"s12","m0",-0.647131479040634,-1.29101291871122,-1.61765876824309,-2.80477036594261
617,7313,"s12","m0",-0.685851425450695,-1.90768911328654,-2.21107002831416,-2.8474645560417
618,7321,"s12","m0",-0.672417079991161,-1.86416994500747,-2.23057145464331,-2.37666010226166
619,7322,"s12","m0",-0.694391563604138,-1.81700661711062,-1.54189973979851,-2.15733775127319
620,7347,"s12","m0",-0.70364104403013,-1.70245585933907,-1.95310819538716,-2.64603659598373
621,7366,"s12","m0",-0.636427894529372,-1.0984331235627,-2.61653404837386,-2.50377348507783
622,7373,"s12","m0",-0.671308761028915,-1.74474802576168,-1.75800228353096,-2.50678751663217
623,7374,"s12","m0",-0.701926081087571,-2.07625756014088,-2.23803154672194,-2.34072889425792
624,7386,"s12","m0",-0.671239053514231,-1.45800857947614,-2.05624742800951,-2.90671714289747
625,7407,"s12","m0",-0.697536087960733,-1.6321947236912,-1.98124813986929,-2.63967917102092
626,7408,"s12","m0",-0.657574613253752,-1.59024619637679,-1.98273484233036,-2.7737403580477
627,7412,"s12","m0",-0.699872439196683,-2.22296695932526,-2.06740023630897,-3.19034455904982
628,7416,"s12","m0",-0.713457511609519,-1.49251339203155,-2.16634634842412,-2.01567036178978
629,7429,"s12","m0",-0.630918843507455,-1.35935704421392,-1.81592669836973,-2.84972710027702
630,7453,"s12","m0",-0.716634135849825,-1.63231049880401,-1.63956180234788,-2.86854080405283
631,7459,"s12","m0",-0.64164191377737,-1.36183606595686,-1.46903282279611,-3.62880439333846
632,7462,"s12","m0",-0.669764477488948,-1.73435648207905,-1.62329563605064,-3.11362464435863
633,7486,"s12","m0",-0.668981366868106,-1.22860244462079,-2.11753898806556,-2.12362158624321
634,7516,"s12","m0",-0.696580029915493,-1.75989424037063,-1.92175972147538,-3.5163492995658
635,7526,"s12","m0",-0.639863370344631,-1.50507948997736,-1.70950532919431,-2.48134336783988
636,7547,"s12","m0",-0.71186171639738,-1.7678388542605,-2.18048556924438,-3.26602450497109
637,7552,"s12","m0",-0.670162122379086,-1.53693118039195,-1.82006912702495,-2.37370699554065
638,7579,"s12","m0",-0.68417282965808,-1.82836037806567,-1.35952184558459,-3.10048067304351
639,7583,"s12","m0",-0.704908964854365,-1.46269962724773,-2.20106944144221,-3.01562106919962
640,7595,"s12","m0",-0.697716761274054,-1.65215420260465,-2.53672347174806,-3.04934052688918
641,7615,"s12","m0",-0.696442665096897,-1.46149639374908,-1.81608361238233,-2.34674292453978
642,7635,"s12","m0",-0.668545749570726,-1.91904867315077,-2.22546433175001,-3.10194603219989
643,7653,"s12","m0",-0.739147126022449,-1.80471001679283,-2.38053366242814,-2.8008852394623
644,7657,"s12","m0",-0.683917272380143,-1.41065713948504,-2.38051927428655,-2.46955988260199
645,7662,"s12","m0",-0.689708507056955,-1.76216218806818,-1.77535169006986,-2.29219223307513
646,7664,"s12","m0",-0.693294029927202,-1.62851943830205,-2.19517616507801,-2.76422093346454
647,7667,"s12","m0",-0.690988903279563,-1.48360931856373,-2.59199259533155,-3.34177602629886
648,7689,"s12","m0",-0.665429881616327,-1.98293884619441,-2.13555243210746,-2.64045123000941
649,7691,"s12","m0",-0.69006655041602,-1.95748450978303,-2.10746987645576,-1.72222167315522
650,7709,"s12","m0",-0.682581413945876,-1.39740645181678,-2.04522770836347,-3.55918104423011
651,7748,"s12","m0",-0.67089138924632,-1.47496797344517,-2.08280234220831,-3.00487426232977
652,7752,"s12","m0",-0.654161372235837,-1.533933496086,-1.66183320550255,-2.86413376824442
653,7756,"s12","m0",-0.712928324059474,-1.65432097990844,-2.03430854739886,-1.61314684473684
654,7770,"s12","m0",-0.653578858511945,-1.91090965232106,-1.89451289723982,-3.08181300837134
655,7776,"s12","m0",-0.687588541934717,-1.71964635483177,-2.23955145586379,-3.67617795498432
656,7780,"s12","m0",-0.622460280203497,-1.42938204783803,-1.72351081925564,-2.7692489966359
657,7788,"s12","m0",-0.679703837630302,-1.90842725528456,-1.81257538110136,-2.24406948727056
658,7792,"s12","m0",-0.666362876816737,-1.47893431238746,-2.33464078467197,-3.66061248136908
659,7796,"s12","m0",-0.666524005094067,-1.66384420886614,-1.79246932060627,-2.84019007708168
660,7815,"s12","m0",-0.666409843130398,-1.74082687246172,-1.95814780249728,-3.42137351270534
661,7844,"s12","m0",-0.680842175867842,-1.63784142123373,-2.37856979856619,-2.99287673017075
662,7849,"s12","m0",-0.639511173683907,-1.71012396896161,-1.77440315022328,-2.24138317495352
663,7852,"s12","m0",-0.697539765546045,-1.29563680202498,-1.70840771881308,-2.60394068870648
664,7881,"s12","m0",-0.661900017707689,-2.04021072200506,-2.1426769910886,-2.65806387654778
665,7897,"s12","m0",-0.687847734651416,-1.94216545246205,-1.91211789455199,-2.90260550178445
666,7899,"s12","m0",-0.664223045927354,-1.84553853418399,-1.60541343471258,-2.23477992102858
667,7935,"s12","m0",-0.709621703190617,-1.44378544595655,-1.92731552270094,-2.82296635515231
668,7941,"s12","m0",-0.656347736155702,-1.81849201843326,-2.1551606938698,-3.78030319308197
669,7950,"s12","m0",-0.644140067867597,-1.51779697585586,-2.18854129976761,-1.98249547849585
670,7953,"s12","m0",-0.658353998477937,-1.79962015244687,-1.86241684871313,-2.72121316889112
671,7966,"s12","m0",-0.672938358050659,-1.79467734903067,-2.09301996430382,-3.10238039931187
672,7968,"s12","m0",-0.638623720318048,-1.60997491153529,-1.8807821573016,-2.51409176848895
673,7988,"s12","m0",-0.637599585368732,-1.15243064548397,-2.02582444599747,-3.57442996595027
674,7993,"s12","m0",-0.675806960093284,-1.41271755890349,-2.17686957520124,-2.59817907935565
675,7995,"s12","m0",-0.658667999940142,-1.45725999933854,-1.91695335044035,-3.24423868682828
676,8014,"s12","m0",-0.699243411097949,-1.8680681076434,-1.82815332560353,-2.95196312728751
677,8016,"s12","m0",-0.713405095051943,-1.68416182832561,-2.58162647238498,-2.14863143477928
678,8017,"s12","m0",-0.70451209786149,-1.51150976886986,-2.35866962153763,-2.86075035219708
679,8039,"s12","m0",-0.711328722922688,-1.40845484704423,-2.43422688027141,-1.96831465404116
680,8098,"s12","m0",-0.659695213191901,-2.03880332480802,-2.28933430039917,-2.7250811473629
681,8119,"s12","m0",-0.672418233292742,-1.49371946284027,-1.99712703251635,-2.17829202157162
682,8120,"s12","m0",-0.709662348798978,-1.58945695807297,-1.81650592102451,-1.99463715180854
683,8154,"s12","m0",-0.662127803361382,-1.72710034135141,-1.84174704465833,-2.13612165363386
684,8162,"s12","m0",-0.688448098248527,-1.94843065222775,-1.93336583554577,-2.81839886011813
685,8174,"s12","m0",-0.639859263050998,-1.91882163048983,-1.94346011745234,-2.94703615068032
686,8186,"s12","m0",-0.616579845052103,-2.14116718086956,-2.30847714474379,-2.89681163006982
687,8187,"s12","m0",-0.711102270023066,-1.55149870207385,-1.78779803515224,-2.30326966987733
688,8191,"s12","m0",-0.690809290529938,-1.48330264174468,-2.26346134879726,-5.01111983551764
689,8207,"s12","m0",-0.663971026352692,-1.59682371733339,-1.76135543465356,-2.60281264137547
690,8223,"s12","m0",-0.679542847812307,-1.51870006595232,-1.71455217023586,-3.2115080012977
691,8230,"s12","m0",-0.700297369703449,-1.60583896163114,-2.35480349069032,-3.27800854177662
692,8238,"s12","m0",-0.71056662909095,-1.44114335992682,-2.33452702796372,-2.45196431956256
693,8240,"s12","m0",-0.703011766282017,-2.10088917436994,-1.91900358329294,-2.42905462420689
694,8250,"s12","m0",-0.714798477423522,-1.67666978053266,-1.57255462330001,-1.77477560953265
695,8271,"s12","m0",-0.645823242236991,-2.04317908921129,-2.03884680879438,-2.40253024425015
696,8279,"s12","m0",-0.678343122147423,-1.69293347545792,-1.58075321752992,-2.75656771453226
697,8299,"s12","m0",-0.698067411994312,-1.65360935828697,-1.59597387339085,-3.41675595716113
698,8317,"s12","m0",-0.673761771275501,-1.54478272691681,-2.2067646720464,-2.58951223498487
699,8319,"s12","m0",-0.66805198205821,-1.46249346092132,-1.65241661140631,-2.39194314482376
700,8329,"s12","m0",-0.7213736688043,-1.88156467239495,-1.93735499547748,-1.66246871927033
701,8347,"s12","m0",-0.650834248907605,-1.67943855255598,-1.80685274684546,-2.89347393643713
702,8353,"s12","m0",-0.632275206264015,-1.36790011076325,-2.26043319367137,-3.55594286601013
703,8366,"s12","m0",-0.665878469678883,-1.55919573338212,-1.84889646532152,-2.60666192906024
704,8372,"s12","m0",-0.703257759491593,-1.59959627210691,-1.84311532295856,-3.17560821647929
705,8381,"s12","m0",-0.656144993601296,-1.75377771277374,-1.7966139721034,-2.73192988691805
706,8385,"s12","m0",-0.707630350597536,-1.48479308277595,-2.35973365789447,-2.87599609269783
707,8391,"s12","m0",-0.707118736234508,-1.55551175638511,-1.92010133084865,-3.28843643772157
708,8399,"s12","m0",-0.715688581779289,-1.49315891588338,-1.43492853555222,-2.65088719891916
709,8419,"s12","m0",-0.690307890751365,-1.31340595866464,-2.11871334360216,-2.27387538212574
710,8431,"s12","m0",-0.690505497168244,-1.74548849483049,-1.81921159505332,-3.43774558739971
711,8437,"s12","m0",-0.628407690644165,-1.8547313155657,-1.90675291968087,-3.08979260143047
712,8458,"s12","m0",-0.725257605624753,-1.14043142605278,-2.51160200995532,-2.96268338434051
713,8466,"s12","m0",-0.755378755337625,-1.74532091204087,-2.42119607251092,-2.72998076084077
714,8478,"s12","m0",-0.700569822477298,-1.71589880834266,-1.87980541966084,-2.94985615472249
715,8490,"s12","m0",-0.637831039776821,-1.64039771993863,-2.55088687249645,-2.53728903580929
716,8503,"s12","m0",-0.683764203237423,-1.31345169851756,-1.70841092771758,-2.14351197089328
717,8565,"s12","m0",-0.682724362342259,-1.38304447532452,-2.1148840269955,-2.88208513786515
718,8569,"s12","m0",-0.693027549030761,-1.4498613298783,-1.96775864685399,-2.30407707700393
719,8584,"s12","m0",-0.663620588052264,-1.54672967208634,-2.02941006904061,-2.48320947222451
720,8590,"s12","m0",-0.633802946307491,-1.65198912115841,-2.16107940520388,-2.96965434094971
721,8594,"s12","m0",-0.676010745782865,-2.09377916078748,-1.92485269286719,-1.97280347178306
722,8599,"s12","m0",-0.712393670315837,-1.55909686464023,-1.78288348881276,-2.1602486981069
723,8603,"s12","m0",-0.725786191057334,-1.14810540927035,-2.01338019060594,-3.69083751026168
724,8614,"s12","m0",-0.67892299848279,-1.39944693318231,-1.91195192656445,-2.1613159122184
725,8632,"s12","m0",-0.708052344600631,-1.4505534759224,-1.26818373441396,-3.17825519253452
726,8648,"s12","m0",-0.699446037302649,-1.62736313515191,-1.98061286991336,-3.05441793945272
727,8652,"s12","m0",-0.678363550989474,-1.55576233713611,-1.76683085882708,-2.03842883758987
728,8658,"s12","m0",-0.674775221293926,-1.65933998955171,-1.45588382982299,-2.44248931755997
729,8665,"s12","m0",-0.699139527187383,-2.12071516587516,-2.14862944248091,-2.32923798879983
730,8670,"s12","m0",-0.668635715737356,-1.80155543307119,-2.09622734756505,-2.53169409213293
731,8674,"s12","m0",-0.678920407314492,-1.55388401563267,-2.30875525313051,-2.81673233489421
732,8678,"s12","m0",-0.678727369878412,-1.69608766412722,-2.06365426300996,-2.11969651806718
733,8690,"s12","m0",-0.691794505805141,-1.79555041358911,-2.33183586971931,-2.43512273419134
734,8691,"s12","m0",-0.62105672230111,-1.321901809717,-2.12794686257647,-2.88793447999474
735,8723,"s12","m0",-0.680453874037741,-1.50494298161819,-2.01542413009062,-2.76645157447563
736,8730,"s12","m0",-0.673298941782296,-1.82392798699072,-1.80964584476848,-2.53365318508376
737,8738,"s12","m0",-0.682820756401411,-1.76032327094757,-2.25716702212709,-2.12689969099273
738,8745,"s12","m0",-0.709741412093751,-1.7774557582196,-1.94479002431308,-2.60372366747621
739,8755,"s12","m0",-0.69380326014483,-2.20353245959793,-1.76988171207394,-2.13028001835013
740,8780,"s12","m0",-0.630725015827157,-1.71168135247004,-2.02821943715285,-2.8932817743391
741,8785,"s12","m0",-0.686182554439468,-1.57069490838865,-2.10662094754308,-2.72851549454264
742,8789,"s12","m0",-0.666285915260786,-1.52309165964827,-1.85225119699058,-2.33014268293893
743,8825,"s12","m0",-0.721524356109803,-1.75774582658203,-1.73088467754936,-2.10426926631718
744,8827,"s12","m0",-0.694542901320726,-1.35096560600745,-2.261125656673,-2.74491465173366
745,8839,"s12","m0",-0.699762034916602,-1.68722811658822,-2.09473038118715,-2.33484243123515
746,8847,"s12","m0",-0.685764897184748,-1.43707588918212,-1.92556261947885,-3.10850316379027
747,8852,"s12","m0",-0.718510286446929,-1.5651130847797,-1.72701352584877,-2.41359928284421
748,8855,"s12","m0",-0.686239153799305,-1.47786637719018,-2.40528492860006,-2.5429418046276
749,8858,"s12","m0",-0.622008685902004,-1.38755334469549,-2.05874306415543,-2.48322808081778
750,8874,"s12","m0",-0.629198246360695,-1.72611288142528,-1.59941565251603,-2.96771095702968
751,8882,"s12","m0",-0.627852594365087,-1.56809099884539,-2.24220870875002,-2.77911458518275
752,8889,"s12","m0",-0.676696266761204,-1.45590963089263,-2.12641827486601,-3.18327415241085
753,8913,"s12","m0",-0.670391573168259,-1.55933083143751,-2.27663329507851,-2.60105725713589
754,8914,"s12","m0",-0.674352517569643,-1.59400724752718,-1.92568466881187,-2.61725860062972
755,8924,"s12","m0",-0.68288421359521,-1.3152948155108,-1.76042869114552,-2.65317449796074
756,8925,"s12","m0",-0.653776161196139,-1.56001478732414,-2.211096740799,-2.72310099170507
757,8926,"s12","m0",-0.721323167820024,-1.65946744127726,-1.88866245570777,-2.04377677375221
758,8938,"s12","m0",-0.712003633129886,-1.6324246912082,-2.03058622379223,-2.84994681614226
759,9005,"s12","m0",-0.66647774605914,-1.61894347884052,-2.06945039133206,-2.55375631079792
760,9007,"s12","m0",-0.687969316475233,-1.77704199892843,-1.75396978773677,-2.12724868981496
761,9040,"s12","m0",-0.661041820721561,-1.76747531309292,-2.01892256788578,-1.91872806678408
762,9044,"s12","m0",-0.697202276257872,-1.51448558281403,-2.36638931251862,-3.36148821049488
763,9045,"s12","m0",-0.704464318880125,-1.57547836615612,-1.86149968507386,-3.32681050508467
764,9054,"s12","m0",-0.68291779026424,-1.45956514178433,-1.98170322695294,-2.38031793062745
765,9078,"s12","m0",-0.666843165577252,-2.02501648916458,-1.68344019584806,-1.95043022744376
766,9087,"s12","m0",-0.720676625720733,-2.22442641750457,-2.00956469575112,-2.96979038388064
767,9096,"s12","m0",-0.671829019215705,-1.61793397305909,-1.79284091008127,-3.15604891852748
768,9103,"s12","m0",-0.677783027738025,-1.74270451551881,-2.27727471915655,-2.43451890946519
769,9137,"s12","m0",-0.676404891762905,-2.02396815245108,-2.07791548261222,-2.32405283643635
770,9140,"s12","m0",-0.666174868686649,-1.72302720418443,-1.90833530780832,-1.64353422491862
771,9169,"s12","m0",-0.648700038403738,-1.60362369242147,-1.87008108608898,-2.56995483669477
772,9173,"s12","m0",-0.672929839619442,-1.46139509549439,-1.76406030114456,-2.04517168999251
773,9176,"s12","m0",-0.706483653944796,-1.69911568506006,-2.0031145819312,-2.41515850328728
774,9184,"s12","m0",-0.648046064217414,-1.42828089101625,-1.51567064287434,-3.6543037767211
775,9208,"s12","m0",-0.70652081403453,-1.79262352859242,-1.90268619985328,-2.87098626430884
776,9229,"s12","m0",-0.714562118276033,-1.76989398504511,-1.75601642240987,-1.69423479121152
777,9240,"s12","m0",-0.658395331994166,-1.5947999926105,-1.90233747140808,-2.18045507948776
778,9253,"s12","m0",-0.681842807363045,-1.42039988816254,-1.81774862529696,-2.50737057126515
779,9259,"s12","m0",-0.651863844106566,-1.50960791590399,-1.60579015924015,-2.85634995182023
780,9268,"s12","m0",-0.746169521685286,-2.0457521169885,-2.31871900318873,-2.08162134255817
781,9284,"s12","m0",-0.697622970777002,-1.79655485810826,-2.26611080119467,-2.33385408148329
782,9287,"s12","m0",-0.683456853557574,-2.08623431190331,-2.23682451774183,-3.03915155534049
783,9309,"s12","m0",-0.675060590190356,-1.48549870760752,-1.82972683566194,-2.78736237853759
784,9334,"s12","m0",-0.688206778701173,-1.80961478980328,-2.29486182108073,-2.52083697838813
785,9350,"s12","m0",-0.686993373855963,-1.64062952992636,-2.14845515113636,-2.32757701412197
786,9354,"s12","m0",-0.692269519064336,-1.42609542570627,-1.71592449905368,-2.35851467528597
787,9368,"s12","m0",-0.66119763047936,-1.55155158458874,-1.92887184409878,-2.31976588898935
788,9390,"s12","m0",-0.64733737471227,-1.65090789182803,-2.1340057285362,-2.4164252503447
789,9419,"s12","m0",-0.612231900929877,-1.60185131015712,-1.55707223622514,-3.16218000273262
790,9430,"s12","m0",-0.616355856508842,-1.29478148061589,-1.39865641106198,-2.18220260096257
791,9441,"s12","m0",-0.704145556124622,-1.46541218896231,-2.00536242106828,-2.33567526566207
792,9445,"s12","m0",-0.690230571133351,-1.47276429829032,-1.85450482929846,-2.49290370615364
793,9449,"s12","m0",-0.663359834223317,-1.68637872114403,-2.2562699769324,-3.11725682546681
794,9458,"s12","m0",-0.66695111884493,-1.48288192768907,-2.01624926999885,-2.32465363440659
795,9461,"s12","m0",-0.716359200004728,-1.82307782640974,-2.054328784971,-2.75245072103651
796,9502,"s12","m0",-0.646031107374097,-2.0025082677677,-1.98507259896038,-2.56410812318648
797,9519,"s12","m0",-0.67495324513799,-1.84933825124929,-2.33507517611301,-2.13568667756367
798,9524,"s12","m0",-0.645766592192464,-1.61137780687227,-1.78846612858055,-3.27415169816596
799,9538,"s12","m0",-0.63756752204844,-1.42566184960308,-1.83200612727108,-2.80019369282204
800,9550,"s12","m0",-0.691122463586949,-1.42355425240603,-1.93158128526482,-2.58669673311177
801,9568,"s12","m0",-0.677461002499402,-2.0048565454495,-1.77825087744616,-2.97723586129122
802,9584,"s12","m0",-0.637070399917731,-1.62625394755679,-1.92150352707933,-3.05638011098698
803,9595,"s12","m0",-0.647042455654107,-1.45819709738915,-1.77468040516043,-3.18868159919065
804,9596,"s12","m0",-0.6646482652718,-1.9899213523058,-1.96208100682811,-2.51430334598638
805,9598,"s12","m0",-0.650601703646623,-1.63807395863685,-1.78739753362119,-2.73138962404391
806,9606,"s12","m0",-0.68021165824755,-1.59730909846569,-1.7386965685961,-3.69502322498248
807,9613,"s12","m0",-0.671777070951472,-1.53578050047183,-2.38767743461021,-2.36878133082312
808,9621,"s12","m0",-0.747949642378898,-1.82523773936896,-2.08375863156323,-2.2694416364812
809,9625,"s12","m0",-0.647358793325377,-1.51613745754101,-1.81568540905288,-2.50581370277485
810,9628,"s12","m0",-0.672965020087757,-1.08062350975046,-2.05789416066075,-2.40822011645077
811,9629,"s12","m0",-0.728144612614647,-2.06126801171837,-2.39899026067817,-2.65208535447151
812,9663,"s12","m0",-0.72549099568658,-1.56317696139518,-1.95309580444803,-3.38812234529483
813,9669,"s12","m0",-0.701586953327422,-1.77704237187674,-1.58188773707735,-3.25750327851314
814,9677,"s12","m0",-0.760175716949363,-1.78193375601458,-1.90449916776595,-1.78621449772037
815,9680,"s12","m0",-0.653231197122551,-1.71321449219967,-1.94672908822651,-2.80350034043476
816,9689,"s12","m0",-0.666696637716072,-1.74230703587601,-1.75046178556931,-2.84092117322658
817,9697,"s12","m0",-0.675263525293634,-1.39397244672687,-2.27034913287122,-2.66024328521176
818,9721,"s12","m0",-0.635948534515346,-1.40515217213838,-2.26926449168272,-2.88061545790401
819,9728,"s12","m0",-0.657715288096519,-1.4567452375392,-1.6960148578873,-2.4795057382355
820,9730,"s12","m0",-0.633712494488952,-1.51056455693212,-1.65926003726361,-2.23248072883577
821,9732,"s12","m0",-0.67955438675075,-1.76508677653064,-1.84327649519999,-1.96000920774494
822,9746,"s12","m0",-0.677896344536931,-1.80925834137873,-1.94358928004012,-1.76618148432073
823,9773,"s12","m0",-0.71697800108209,-1.74832131862528,-2.16249227992547,-2.17193884188146
824,9779,"s12","m0",-0.681064715597205,-1.47013941695829,-1.69256680794557,-3.01374819967998
825,9809,"s12","m0",-0.67539266807688,-1.64703403874544,-2.01404553762864,-1.99578230732094
826,9820,"s12","m0",-0.696882032198732,-1.42817381864187,-1.44575526773729,-2.44015248229544
827,9825,"s12","m0",-0.65778861359227,-1.79961300108683,-1.697539993475,-2.57349462893829
828,9827,"s12","m0",-0.70383234081985,-1.55995245806222,-2.0078324140943,-2.49437323203472
829,9847,"s12","m0",-0.66225585379166,-1.44441641040945,-1.98914070830971,-2.0139957768429
830,9856,"s12","m0",-0.656916151134983,-1.74022761513356,-1.79764422537799,-3.61985879888423
831,9857,"s12","m0",-0.659765340082855,-1.06103784931681,-1.92296390345353,-2.44012488395614
832,9862,"s12","m0",-0.690793874888547,-1.59343892962129,-1.99397969069456,-2.91318067376107
833,9864,"s12","m0",-0.664469140145069,-1.5898428323765,-2.10819221603079,-1.68038625430635
834,9866,"s12","m0",-0.675614211822028,-1.88102242146288,-1.94736594600412,-1.95532612377402
835,9929,"s12","m0",-0.688128345566319,-1.95876930892198,-1.90803924115901,-3.23619711410711
836,9930,"s12","m0",-0.735490575179,-1.57542179634637,-2.05953498213485,-2.50745195621229
837,9965,"s12","m0",-0.666748139437338,-1.66596148507485,-2.78417834370234,-2.5640880731487
838,9976,"s12","m0",-0.694921409567279,-1.78645324509103,-2.02430746935159,-2.05484996161339
839,9985,"s12","m0",-0.689312437092653,-1.54018876492834,-1.8071541407735,-2.29076142711944
840,10001,"s12","m0",-0.708480403114557,-1.50691473400524,-1.98016833864768,-2.63671696957619
841,10006,"s12","m0",-0.65882938251864,-1.6378139623129,-1.82450464359411,-2.1357228053113
842,10012,"s12","m0",-0.637740689532894,-1.89533165170949,-2.08887613055767,-4.32674425956957
843,10023,"s12","m0",-0.727440412554403,-2.10327239591085,-1.83056320438836,-2.56081484925406
844,10030,"s12","m0",-0.655197486853002,-1.66367659224457,-1.84012896367543,-3.27069242916769
845,10031,"s12","m0",-0.64936825898443,-2.00009847382567,-2.41009950770443,-2.81909538630946
846,10048,"s12","m0",-0.703967480772381,-1.69303532614953,-1.61651911470778,-2.13870196876461
847,10063,"s12","m0",-0.702462182699793,-1.70106674117454,-1.87617703973568,-3.0963297588209
848,10097,"s12","m0",-0.675857230471062,-1.60187829326867,-2.24818208835487,-2.49764391228379
849,10110,"s12","m0",-0.698533323127371,-1.87138678900268,-1.90803366448525,-2.86512235676347
850,10126,"s12","m0",-0.716273527129428,-1.88786506429829,-2.4346853166677,-2.66555246923944
851,10127,"s12","m0",-0.723019021023069,-1.9198927639651,-1.69566296817253,-2.39727409206092
852,10136,"s12","m0",-0.689116189340943,-1.81043007306852,-1.85857817624483,-2.11321489979591
853,10143,"s12","m0",-0.737560561682656,-1.5876326542015,-2.31781171578479,-2.08796323510712
854,10147,"s12","m0",-0.686268024375671,-1.48514901629571,-2.03519582163894,-3.78642700875336
855,10148,"s12","m0",-0.703652004223986,-1.81156692098772,-2.31326004625757,-2.12512916534979
856,10150,"s12","m0",-0.712129074667835,-1.73094435548242,-2.20775815665714,-2.57871747120515
857,10151,"s12","m0",-0.687712209836789,-1.57825244891052,-2.11123938670528,-2.69654668756219
858,10152,"s12","m0",-0.687625801615295,-1.85953721365122,-2.33373251676075,-2.07547508620116
859,10162,"s12","m0",-0.666712380223556,-1.87920918574417,-2.21094502512003,-2.13542869185151
860,10170,"s12","m0",-0.702465459122831,-1.57940747831051,-1.98236155053183,-2.25188125838898
861,10172,"s12","m0",-0.677642869567107,-1.77046145171835,-2.19273064027224,-3.15028200238685
862,10174,"s12","m0",-0.66717869258638,-1.23786112098104,-1.84235790020772,-2.56417379641468
863,10185,"s12","m0",-0.700675722073256,-1.7606337284585,-1.92409320353765,-2.17135489583384
864,10231,"s12","m0",-0.672076346625951,-1.52645070629378,-1.98706038223517,-3.07670224861067
865,10238,"s12","m0",-0.681319849566503,-1.72481909231413,-2.33024227910077,-3.54898513644871
866,10247,"s12","m0",-0.723009318105143,-1.65702387554892,-1.75143875466221,-3.43028528399854
867,10253,"s12","m0",-0.709044073505707,-1.4416240066621,-1.89025468470562,-3.3413296018648
868,10260,"s12","m0",-0.69100077816099,-2.11611493088563,-1.99835115348385,-2.26110135398761
869,10275,"s12","m0",-0.692732373831221,-1.40026710539657,-2.06609369167426,-1.71136889760656
870,10279,"s12","m0",-0.668297503090853,-1.53318799393009,-1.9784158128914,-1.90869923893138
871,10288,"s12","m0",-0.663921395837332,-1.52439277251189,-1.88191279615693,-2.69765184799461
872,10294,"s12","m0",-0.647722725521457,-1.58585116824858,-1.96370268104569,-3.85559919139615
873,10309,"s12","m0",-0.670293137204665,-1.53733705207123,-1.96806483940954,-1.97340069412345
874,10313,"s12","m0",-0.687528217567704,-1.5325667682439,-2.22308927708714,-3.26566509869341
875,10320,"s12","m0",-0.683096886727799,-2.01828749890472,-1.63579733159983,-3.20769744602777
876,10344,"s12","m0",-0.651883208139212,-1.9553919676171,-1.73535191295156,-2.10135412507432
877,10351,"s12","m0",-0.665899039493403,-1.84620215268905,-1.91432355829162,-2.41328706850569
878,10371,"s12","m0",-0.674647907530748,-1.41059870540805,-2.18846309668644,-2.21544013733844
879,10380,"s12","m0",-0.68377499070229,-1.73755534682486,-1.9988991718991,-1.64775962551736
880,10386,"s12","m0",-0.684638822076961,-1.95512142053884,-2.81412708399137,-1.71235972855697
881,10389,"s12","m0",-0.753522061512583,-1.60168743415484,-1.62834476119963,-1.48581444808831
882,10391,"s12","m0",-0.716587266087142,-1.72171813228837,-1.81208424768459,-2.24383084967356
883,10396,"s12","m0",-0.645761125212342,-1.97732622518493,-2.32285441677924,-3.5291185474896
884,10407,"s12","m0",-0.698347445383181,-1.54734545130904,-2.34288276612306,-2.90376432037719
885,10415,"s12","m0",-0.65623954941643,-1.54757511551513,-2.22437574486689,-3.15938518245551
886,10428,"s12","m0",-0.733732365407475,-1.63880323986315,-1.94085077521517,-2.83536906299994
887,10429,"s12","m0",-0.674849692640408,-1.52455821125679,-1.59841546807235,-2.46004141934944
888,10433,"s12","m0",-0.657106289218258,-1.66721736399101,-1.86407674885277,-3.18683912051202
889,10435,"s12","m0",-0.671546951015808,-1.85684506794925,-2.00697813387543,-2.54524574581714
890,10438,"s12","m0",-0.642767549594098,-1.79406613775056,-2.04974358639015,-2.4956128309672
891,10476,"s12","m0",-0.688092991023683,-1.78767631494563,-1.89902935047798,-2.00291453443184
892,10488,"s12","m0",-0.689554802373262,-1.94167509413338,-2.15998632705596,-3.91250479380114
893,10489,"s12","m0",-0.707205708892228,-1.92026080889957,-2.01175910286905,-2.51800583526506
894,10501,"s12","m0",-0.697972558811731,-1.57201213495952,-1.91027752498252,-2.16189869718261
895,10505,"s12","m0",-0.658887568375051,-1.69541127561767,-1.99993849331973,-1.95325660314882
896,10506,"s12","m0",-0.666871908715288,-1.69701737179429,-1.98372504967763,-2.95673970938125
897,10509,"s12","m0",-0.72535246727932,-1.70140515628969,-2.14244165437131,-2.32516888690517
898,10512,"s12","m0",-0.676144820203606,-1.53379867933672,-1.64291718609028,-2.04087107821013
899,10530,"s12","m0",-0.663957899034271,-1.6953659495111,-1.97009045340658,-2.42620312899818
900,10537,"s12","m0",-0.664332049994311,-1.34695232112554,-1.77171733940964,-3.70926156731629
901,10555,"s12","m0",-0.725661759145712,-1.78350157839604,-2.16039808340578,-1.97917488863619
902,10564,"s12","m0",-0.660145152029273,-1.68733293697442,-1.98806693281744,-2.9736505784105
903,10569,"s12","m0",-0.722032781965833,-1.68097001469303,-1.9474246090868,-2.15634009925326
904,10578,"s12","m0",-0.691892307952306,-1.76321157216802,-1.85253781636073,-2.14660090978348
905,10595,"s12","m0",-0.673716599687128,-1.42218430403203,-2.23151032134463,-2.4665336987797
906,10602,"s12","m0",-0.665632408627295,-1.52557110764487,-1.74573487037481,-3.01883218968847
907,10612,"s12","m0",-0.652541761784797,-1.49354436365471,-1.81705822222165,-2.43206804890381
908,10626,"s12","m0",-0.674782894744198,-1.3811948632952,-2.01364118652577,-2.02638359442409
909,10628,"s12","m0",-0.677617959943037,-1.14627377194514,-1.54666626829177,-2.65493566833188
910,10632,"s12","m0",-0.678312966466719,-1.87107231280785,-1.98246076660217,-2.72959804496065
911,10637,"s12","m0",-0.707939081229541,-1.64465823396272,-2.33245521227723,-2.80587069338887
912,10642,"s12","m0",-0.625883278966268,-1.70097922002888,-2.00575920328036,-2.83419425692091
913,10645,"s12","m0",-0.61814660253436,-1.48393089240309,-1.67919986561103,-3.91332269172724
914,10655,"s12","m0",-0.694277269617132,-2.0166057565745,-2.27278938190699,-3.33591418851818
915,10712,"s12","m0",-0.676985440663736,-1.80145214166339,-2.0981520949141,-2.56167198638127
916,10716,"s12","m0",-0.694816989124545,-1.86860722903266,-1.80627197709765,-3.33394606922731
917,10728,"s12","m0",-0.710484539393037,-1.3009013860959,-2.00556825700802,-2.15335707635052
918,10733,"s12","m0",-0.661291849574204,-1.42177393819109,-1.89037716556875,-2.7717865425442
919,10736,"s12","m0",-0.716281062717415,-1.90274882133125,-2.16923266146904,-2.35890851929815
920,10741,"s12","m0",-0.686239125925697,-1.8344963042338,-2.11514882292025,-3.28910698402778
921,10744,"s12","m0",-0.710491622300494,-1.29353627448092,-1.63555810741586,-2.79589748449488
922,10745,"s12","m0",-0.708212427323642,-1.40091479516409,-2.32458081273082,-2.59506024986172
923,10750,"s12","m0",-0.695831457989311,-1.66295578404564,-1.93675201465682,-2.97038022713784
924,10763,"s12","m0",-0.710547523547463,-1.95995953279265,-1.67463446985065,-2.57619019971385
925,10767,"s12","m0",-0.658733393219405,-1.27944803032562,-2.238297209679,-2.80997633584771
926,10803,"s12","m0",-0.667209402137279,-2.16122241689785,-1.47548907366204,-3.29744341402261
927,10826,"s12","m0",-0.664946340259856,-1.82900534118722,-2.16691355468375,-2.54402368121893
928,10842,"s12","m0",-0.654692022918359,-1.58918894469172,-1.82748876645774,-1.9584031220803
929,10873,"s12","m0",-0.668154634452486,-1.33546989822165,-1.81188039104053,-1.86219863787351
930,10891,"s12","m0",-0.680712965204993,-1.76308009238433,-2.04018015167177,-3.11862874386276
931,10895,"s12","m0",-0.714150290527591,-1.75273862016799,-2.43500478422986,-2.71004989169638
932,10934,"s12","m0",-0.690442475249872,-1.78316110020986,-2.04933623674462,-2.5442769089374
933,10942,"s12","m0",-0.708710461226174,-1.85870839722857,-2.04664159713545,-2.7938902074489
934,10945,"s12","m0",-0.705037982427416,-2.06092018581762,-1.72589032552804,-2.3527945648376
935,10949,"s12","m0",-0.684227370757618,-1.69481601827051,-1.71158320377876,-2.44506084289908
936,10962,"s12","m0",-0.688772740217009,-1.75377790919498,-2.18063111960799,-2.2846375658021
937,10969,"s12","m0",-0.64472969689964,-1.68189604156197,-1.87296806712663,-2.77703179647543
938,10972,"s12","m0",-0.729182204631149,-2.16548949996129,-1.90146646212257,-3.80312052835213
939,10996,"s12","m0",-0.686994289851111,-1.55686306015282,-1.97643931981206,-2.40559027533383
940,11015,"s12","m0",-0.681377614056717,-1.70115860518341,-2.14812419093684,-3.29537397853565
941,11029,"s12","m0",-0.6389317631808,-1.49380041361672,-2.92555034523814,-2.07703683380423
942,11034,"s12","m0",-0.63080733634097,-1.21611433728079,-1.50008833776923,-2.82832333465249
943,11046,"s12","m0",-0.736323955038202,-1.65818608274019,-2.26775513809651,-3.27196408225731
944,11055,"s12","m0",-0.680226722106442,-1.78175478536929,-2.232737203455,-2.79994241321214
945,11061,"s12","m0",-0.693597999031277,-1.55112444307901,-1.66806651811484,-3.47583825134433
946,11066,"s12","m0",-0.636720706069682,-1.49498489254776,-2.35496499598428,-3.94713665957016
947,11079,"s12","m0",-0.666061250408976,-1.84002544248867,-2.09789741420563,-2.38830467980364
948,11097,"s12","m0",-0.685819168234605,-1.36732101262283,-2.08932730971098,-2.73131436161673
949,11102,"s12","m0",-0.685089114174965,-1.5119590555392,-1.83356297418423,-2.01710549228372
950,11111,"s12","m0",-0.647996083573921,-1.98095580046022,-1.8358466936898,-2.46219596816892
951,11123,"s12","m0",-0.679631338423396,-1.84622819098627,-1.80734981231305,-2.19693168410667
952,11127,"s12","m0",-0.686539237198563,-1.98207383888146,-2.3262607477229,-2.05694641786388
953,11135,"s12","m0",-0.679496572081667,-1.81471364157295,-2.11179899533068,-3.12780331646018
954,11150,"s12","m0",-0.662464110771213,-1.5504936564637,-1.99685235050584,-2.1842610027122
955,11152,"s12","m0",-0.692210625616732,-1.55368293963494,-1.84352580451161,-2.34642470184922
956,11153,"s12","m0",-0.768371398964559,-1.41800206617111,-2.510931523413,-2.85933775892372
957,11155,"s12","m0",-0.651312869032473,-1.47513810244769,-2.30940228750821,-3.73915307363967
958,11190,"s12","m0",-0.704288481807773,-2.15984549660935,-1.67113418195575,-2.11772270435947
959,11194,"s12","m0",-0.645159217245829,-1.89816976692123,-1.85253136011346,-2.85303461394461
960,11200,"s12","m0",-0.639884802521636,-1.82505606988377,-2.17509532899989,-3.00146944716049
961,11217,"s12","m0",-0.698735135341675,-1.73204764316334,-1.92164955144089,-2.38549620689105
962,11227,"s12","m0",-0.665634926824521,-1.4636049838132,-2.40082698808686,-2.60071489179069
963,11248,"s12","m0",-0.659423379537946,-1.60387794595676,-2.0526275590246,-2.97755024784476
964,11253,"s12","m0",-0.678888146076191,-1.15071932229581,-1.8782106240989,-3.15211556130278
965,11277,"s12","m0",-0.69735670593101,-1.46887592908966,-1.93477573654017,-2.67680119595151
966,11295,"s12","m0",-0.680467297050538,-1.90536975920731,-1.90697582828029,-3.6234231212659
967,11300,"s12","m0",-0.687944600149949,-2.04188980535865,-2.0179920998798,-2.52237975118468
968,11312,"s12","m0",-0.69677147781839,-1.47860675441712,-2.0738895768251,-1.76771465699881
969,11313,"s12","m0",-0.697070239366906,-1.94312734544577,-2.03451941807534,-3.95532800328528
970,11314,"s12","m0",-0.645588987219441,-1.75298498482011,-1.73499068230023,-2.09600694171464
971,11326,"s12","m0",-0.676547396573707,-1.92667011125691,-1.93102650039467,-4.28413215913148
972,11334,"s12","m0",-0.671093587036387,-1.83783199445146,-2.29370566322884,-2.50401847412129
973,11352,"s12","m0",-0.682700625966682,-1.50260839719611,-2.3408959065803,-2.51447581791236
974,11381,"s12","m0",-0.68680734960956,-1.29884935382479,-2.34710853273202,-2.72162652302837
975,11384,"s12","m0",-0.670869174669998,-1.50727045723213,-1.82880411540419,-2.72235444992125
976,11395,"s12","m0",-0.662433716491766,-1.86044678603417,-1.88469569661123,-2.54111684095664
977,11404,"s12","m0",-0.664149123375068,-1.71471812682578,-2.07563630533673,-2.70235965503148
978,11423,"s12","m0",-0.683411776490851,-1.37099953410557,-2.03902577868908,-2.45455775751619
979,11425,"s12","m0",-0.696570261066921,-1.9176176627681,-2.32364505951387,-3.27752916997415
980,11428,"s12","m0",-0.678069976585151,-1.57746196409205,-1.91407231123734,-3.25219697619321
981,11433,"s12","m0",-0.64903183658922,-1.48055021110448,-1.97299749342513,-2.2865570210713
982,11458,"s12","m0",-0.628462227584195,-1.40325322094161,-1.75329637954317,-2.80308861217892
983,11465,"s12","m0",-0.672306080702799,-1.52967742907924,-1.87241147731098,-2.44174013770826
984,11498,"s12","m0",-0.69852001292029,-1.3246355061409,-2.06189709058072,-1.54277840335417
985,11501,"s12","m0",-0.669731324141198,-1.82018522048245,-1.71144783503145,-3.51651517330344
986,11517,"s12","m0",-0.662719294431901,-1.63616527493149,-1.82987375391194,-2.8407515595692
987,11521,"s12","m0",-0.64798568814014,-1.8703672035353,-1.90068939523745,-2.97899823078787
988,11558,"s12","m0",-0.650889339407786,-1.41373622369656,-1.87866245241431,-2.55148265474052
989,11562,"s12","m0",-0.651775136597553,-1.51472731640508,-1.96554141322254,-2.47207501765058
990,11606,"s12","m0",-0.728351053232263,-1.62110711228804,-1.92791422859896,-2.86053677627601
991,11613,"s12","m0",-0.642641691541721,-1.40596023047982,-2.06555922811285,-2.97317504883622
992,11634,"s12","m0",-0.689909990970912,-1.69760584418919,-1.88328855797156,-2.35732076677504
993,11644,"s12","m0",-0.699775796268046,-2.09504160891504,-1.7058713999061,-2.03121034990269
994,11688,"s12","m0",-0.69712449963413,-1.83850728816393,-1.75695742064852,-3.12792591055869
995,11705,"s12","m0",-0.668642425307711,-1.88383302347238,-1.94513017427636,-2.73222312770751
996,11719,"s12","m0",-0.676494677184542,-1.57339322689399,-1.99241426632681,-2.07885798172958
997,11733,"s12","m0",-0.691397340445081,-1.75593832738906,-2.13493514667362,-2.10641995987388
998,11736,"s12","m0",-0.661659250169716,-1.8034609681024,-2.19500404477053,-2.86477076023568
999,11740,"s12","m0",-0.681416937849636,-1.83289218901384,-2.06949156315608,-2.05086652845439
1000,11744,"s12","m0",-0.692549228956031,-1.9241870863111,-2.14185760181056,-3.53466379848811
1001,11749,"s12","m0",-0.645803405136142,-1.88464034929477,-1.90483325405988,-3.16493532237393
1002,11751,"s12","m0",-0.69981952628635,-1.66355115422575,-1.67085106917279,-1.94184202791509
1003,11752,"s12","m0",-0.69196673254621,-1.74810057098786,-2.22611486051197,-2.75887127512346
1004,11755,"s12","m0",-0.712550094510095,-1.66225348167455,-2.30644942179403,-2.74083611956514
1005,11759,"s12","m0",-0.730128850218311,-1.91971532316742,-1.67915839498151,-1.63686268924953
1006,11778,"s12","m0",-0.605890820900232,-1.43286412505933,-2.43777204151004,-2.79830749196005
1007,11785,"s12","m0",-0.687972111686054,-1.57423121581105,-2.17620975357867,-2.85524722354395
1008,11811,"s12","m0",-0.69363468113018,-1.70574970284779,-1.55959871904486,-2.8351586019118
1009,11843,"s12","m0",-0.652678625041457,-1.61245820315189,-1.66006992990668,-3.67778711346381
1010,11848,"s12","m0",-0.66252843765822,-1.87212277276083,-1.8643007175022,-3.77167903053796
1011,11857,"s12","m0",-0.70287505217176,-1.74482122282773,-2.09254329897301,-3.18767245963035
1012,11865,"s12","m0",-0.657298762665684,-1.82794412712141,-1.99331496832928,-3.15029820458307
1013,11866,"s12","m0",-0.704054253715895,-1.75536614330535,-1.80702148864315,-1.71836474704004
1014,11881,"s12","m0",-0.687390650815696,-1.63622887240369,-1.94358820986328,-1.98056775407758
1015,11901,"s12","m0",-0.638256395941014,-1.82433006952301,-1.84991060086286,-2.54045549073477
1016,11934,"s12","m0",-0.712217786823258,-1.82446804499422,-2.15188435003277,-2.577382861387
1017,11939,"s12","m0",-0.650532419675906,-1.64469529481745,-1.61854716623038,-2.2479762879747
1018,11968,"s12","m0",-0.634398536821234,-1.55352155076393,-2.10363340146995,-2.49058980225043
1019,11984,"s12","m0",-0.737855891280164,-1.71347688424534,-2.14412874353634,-1.82163883731042
1020,11989,"s12","m0",-0.658312018704122,-1.42348279907218,-2.35367129531482,-2.61161943073701
1021,12006,"s12","m0",-0.7411723843575,-1.97272233556918,-1.99982222645031,-2.03571513953965
1022,12022,"s12","m0",-0.683482784340302,-1.66957353439691,-2.158980203993,-2.18427678157041
1023,12031,"s12","m0",-0.719378115266283,-1.68118315261848,-2.01403988772678,-2.15146715915521
1024,12036,"s12","m0",-0.652354215288592,-1.88780265986743,-1.8666843759493,-1.78711261098153
1025,12039,"s12","m0",-0.657403486759099,-1.66166032751701,-2.0088304635051,-2.58805504122628
1026,12048,"s12","m0",-0.738638813639864,-1.71725820089503,-2.12082336472563,-2.74402472205469
1027,12049,"s12","m0",-0.67031535860368,-1.92964776292085,-1.89148484297174,-3.145980410443
1028,12066,"s12","m0",-0.654698274998624,-1.62878553333658,-2.22841771881919,-2.42403459109968
1029,12074,"s12","m0",-0.661271915952024,-1.71051848423519,-1.88668006785735,-2.66292238431353
1030,12099,"s12","m0",-0.724270129806565,-2.14361446019057,-1.87530713384534,-1.92829015321308
1031,12102,"s12","m0",-0.678026475129688,-1.70089923362396,-1.85023076929466,-2.69517659395702
1032,12133,"s12","m0",-0.650900835927244,-1.27409346159708,-1.77814049781412,-2.53347085838036
1033,12135,"s12","m0",-0.677102529563871,-1.53580358182527,-2.30238512558861,-2.19269454470416
1034,12139,"s12","m0",-0.713277531176183,-1.59571075991798,-1.94819386883168,-4.10524703214511
1035,12142,"s12","m0",-0.725581164063079,-1.26121978191925,-2.38027291397017,-2.69146729990195
1036,12151,"s12","m0",-0.699701707761419,-1.69870238503793,-1.93305807963367,-3.23614002839634
1037,12156,"s12","m0",-0.684855308984743,-1.50094477375432,-2.17798518833523,-2.22981408128141
1038,12179,"s12","m0",-0.693774194014339,-1.62843556766227,-2.31564878202099,-2.83267221653111
1039,12181,"s12","m0",-0.674960546788625,-1.72654791296184,-1.76897506999218,-2.97688140897799
1040,12183,"s12","m0",-0.703654565976174,-1.9305325774291,-1.80266580153904,-2.78026155633564
1041,12203,"s12","m0",-0.65450625553642,-1.54968277386801,-2.03320212907569,-2.75567855868385
1042,12211,"s12","m0",-0.672956151784035,-1.74517065998956,-2.43668618524934,-2.00105010590778
1043,12259,"s12","m0",-0.672354595669327,-1.81646755450462,-1.82641217353542,-3.105722965373
1044,12268,"s12","m0",-0.683179598082808,-1.57832187407985,-1.84739835824125,-2.26075461638499
1045,12270,"s12","m0",-0.653005921261295,-1.35738416070513,-1.70478246954619,-2.72326858171922
1046,12286,"s12","m0",-0.702760111450655,-1.65690303694428,-2.062932625996,-3.49246819149387
1047,12294,"s12","m0",-0.702318985439335,-1.55448678192783,-2.20118812166873,-3.3130365793781
1048,12296,"s12","m0",-0.692755964073724,-1.71887673929785,-2.05435694677821,-3.14961346248941
1049,12314,"s12","m0",-0.696593207881668,-1.54504850214389,-1.80166848514471,-2.29347593248249
1050,12324,"s12","m0",-0.679647951258816,-1.29866334821376,-1.5807575541371,-2.00308100932709
1051,12357,"s12","m0",-0.669423404855269,-1.36135171286342,-2.49426925011255,-2.73483640713456
1052,12364,"s12","m0",-0.642179436794803,-1.44194438595013,-2.38535390316914,-3.21541624214438
1053,12374,"s12","m0",-0.695689970224319,-1.75855119019896,-1.94524275833999,-1.975315968272
1054,12392,"s12","m0",-0.697421656903683,-1.79894582092327,-1.78814419360684,-2.4369423189582
1055,12393,"s12","m0",-0.67665202054815,-1.67228415973628,-2.0093361411482,-3.26521151733959
1056,12395,"s12","m0",-0.73652000770712,-1.82171429543575,-2.45293797384237,-1.87865790771629
1057,12396,"s12","m0",-0.688026276845249,-1.60141733492959,-2.06012858499651,-2.84091312250322
1058,12412,"s12","m0",-0.684307361853701,-1.82208068931,-1.49398976313476,-2.51930931338412
1059,12424,"s12","m0",-0.693528554684329,-1.34198441726196,-1.80316180726132,-3.0942018622826
1060,12426,"s12","m0",-0.660763024561655,-1.67463884098996,-2.11662740788223,-2.58150600046836
1061,12446,"s12","m0",-0.689693023557021,-1.35253257543806,-1.80845996763485,-2.98181291800455
1062,12448,"s12","m0",-0.685232228483823,-1.44577308881788,-2.05544672351515,-3.0510827167304
1063,12487,"s12","m0",-0.677158339177411,-1.54744306119739,-1.88122414196064,-3.30411115089352
1064,12489,"s12","m0",-0.700920759550773,-1.7526838563285,-2.2317243111484,-2.81054337470512
1065,12515,"s12","m0",-0.653298231654613,-2.19437653962547,-2.40360871932243,-2.78489931099871
1066,12567,"s12","m0",-0.651867614701999,-1.76464196695992,-2.03605272848879,-2.39371805459984
1067,12578,"s12","m0",-0.744586899810389,-1.68501628264109,-2.46886862503962,-1.61237439666328
1068,12600,"s12","m0",-0.712798432517875,-1.72832134758669,-2.35186709809101,-3.27062870569624
1069,12608,"s12","m0",-0.684420564053944,-2.33900153279478,-2.04628070232627,-2.82049869385977
1070,12610,"s12","m0",-0.697116181097646,-1.4872141984935,-2.07907285948052,-2.26150665361692
1071,12628,"s12","m0",-0.720384249112655,-1.55637591825864,-2.41177395610294,-2.70716427089641
1072,12632,"s12","m0",-0.666134643596284,-1.38915728949705,-2.77864795621469,-2.3318863802979
1073,12640,"s12","m0",-0.658051085967069,-1.43179307762289,-1.83441745359097,-2.37911861432037
1074,12668,"s12","m0",-0.691282406109362,-1.94819064477072,-1.57376589976809,-2.95122311873401
1075,12687,"s12","m0",-0.640215962607346,-1.56418500376854,-2.78031849572878,-1.48969056722237
1076,12691,"s12","m0",-0.6598791489409,-1.57289351693373,-1.89371061218826,-1.81947183125397
1077,12696,"s12","m0",-0.698242573164674,-1.85803305593558,-1.7293949751481,-1.76112397158493
1078,12749,"s12","m0",-0.688642294857809,-1.64391089377036,-1.85490169022121,-2.76551764215581
1079,12754,"s12","m0",-0.665606425399447,-1.65174451875285,-2.26263690740595,-3.15634268166636
1080,12777,"s12","m0",-0.711558595897569,-1.91826907774584,-1.98736730073852,-2.62434960678484
1081,12788,"s12","m0",-0.622190329965535,-1.21805233298332,-1.99384426537957,-3.20633577767594
1082,12791,"s12","m0",-0.700519495364489,-1.57683583650186,-1.8900899754208,-2.71941333804093
1083,12820,"s12","m0",-0.654975916506587,-1.71730894613531,-1.50496610529391,-2.65668436932231
1084,12852,"s12","m0",-0.682497590212621,-1.42831582237428,-1.9991907228464,-2.68971526009053
1085,12858,"s12","m0",-0.68786750645424,-1.78414432147724,-1.90336470172457,-2.24075485214955
1086,12911,"s12","m0",-0.689777065403326,-1.473760910529,-2.27097438893952,-3.01066776914095
1087,12917,"s12","m0",-0.655127446281826,-1.69388219846417,-1.76557257206951,-2.85653387872193
1088,12972,"s12","m0",-0.676345266755413,-1.47685750445424,-2.00371641919935,-2.13435829438389
1089,12981,"s12","m0",-0.700190492177431,-1.41166929134312,-2.08489222564956,-2.89830444329395
1090,12984,"s12","m0",-0.651705574926821,-1.20542733794195,-2.02406055178162,-2.50963929906878
1091,12995,"s12","m0",-0.674359070601188,-1.82241895552713,-1.76872355911331,-3.72052501901992
1092,13003,"s12","m0",-0.702325120668088,-1.58319287510013,-1.86189972771862,-2.87544757109474
1093,13012,"s12","m0",-0.652734179571984,-1.38283444770066,-1.797675811333,-3.32898469847393
1094,13019,"s12","m0",-0.681056682391604,-1.73531259653729,-2.03067529450473,-3.37684640438373
1095,13020,"s12","m0",-0.719067765259882,-1.78333840694402,-1.95932573572227,-3.13010436977389
1096,13033,"s12","m0",-0.651559260580042,-1.66134160178986,-2.13264507640162,-2.38410019394177
1097,13035,"s12","m0",-0.715258701889826,-1.66409701853676,-2.11504583621633,-1.92670964829594
1098,13053,"s12","m0",-0.628508384521556,-1.38407237218528,-1.76959597640467,-3.46078071490634
1099,13054,"s12","m0",-0.652809960515908,-1.84808389080718,-2.05700057411404,-2.60895026432863
1100,13079,"s12","m0",-0.676100934208398,-1.65820305983885,-1.58808702836884,-2.86332584642747
1101,13083,"s12","m0",-0.683730173703706,-1.38156327586197,-2.37311358327702,-2.68539235251497
1102,13102,"s12","m0",-0.673587111370848,-1.58919481182181,-1.88859315917394,-2.38910215034657
1103,13108,"s12","m0",-0.678196773250169,-1.748518175149,-1.93021343295784,-3.30810494961997
1104,13122,"s12","m0",-0.642724677360569,-1.4511725221722,-2.03116879779435,-2.47865152067603
1105,13131,"s12","m0",-0.683423764595668,-1.94194817866138,-2.71773675280422,-2.87428504587062
1106,13132,"s12","m0",-0.703115189130021,-1.6922643838349,-1.96452683240424,-3.0288262357984
1107,13220,"s12","m0",-0.714298029796719,-1.68931648167972,-2.48192684530124,-2.39376592273547
1108,13223,"s12","m0",-0.701830496432095,-1.86831019681892,-1.9108297185109,-3.4288180560442
1109,13243,"s12","m0",-0.69637928150542,-1.43498874754775,-1.83644018999603,-1.25442498366529
1110,13248,"s12","m0",-0.67834885811022,-1.89461003734389,-1.51198533927803,-2.18044838762231
1111,13272,"s12","m0",-0.688976417049048,-1.62523854537133,-2.26889750722144,-2.22769465405081
1112,13286,"s12","m0",-0.631714451749848,-1.90246125053548,-1.90654561204369,-3.38267844549211
1113,13292,"s12","m0",-0.687075163061698,-2.1733093824988,-1.91011881464498,-3.39393120827452
1114,13302,"s12","m0",-0.670365988057995,-1.40197716216662,-1.78142321543951,-2.57190064606478
1115,13305,"s12","m0",-0.697489496578029,-1.5586978406589,-2.31451261723689,-2.43388148472645
1116,13326,"s12","m0",-0.691763095438592,-1.45684380070496,-1.86399295148268,-2.05760327186776
1117,13332,"s12","m0",-0.648948804361952,-1.969621956803,-2.0226933945701,-3.44583047896423
1118,13335,"s12","m0",-0.706311074201826,-1.39312438050289,-2.19480416962314,-2.78236919946893
1119,13337,"s12","m0",-0.693932599978162,-1.3782516270625,-1.90702454647039,-2.89354891279684
1120,13338,"s12","m0",-0.647341335586665,-1.30280953582553,-1.73850485133402,-2.70143596741383
1121,13341,"s12","m0",-0.686671563548997,-1.44541046850273,-1.77289608673186,-2.98216537720692
1122,13342,"s12","m0",-0.689770438102857,-1.94991075222695,-2.01016568341692,-2.42618306548999
1123,13370,"s12","m0",-0.727955475600849,-1.94152954154327,-3.06374554312352,-3.14265428531301
1124,13389,"s12","m0",-0.686522916541348,-1.90204546735895,-2.19097352785885,-1.86138953040777
1125,13403,"s12","m0",-0.711872404374869,-2.66413849340114,-1.98568709036506,-2.88493878811922
1126,13404,"s12","m0",-0.658275117011548,-1.58974506133396,-1.93867592635561,-2.33488877110677
1127,13414,"s12","m0",-0.685572235242852,-1.82102352241835,-2.17030240358879,-2.36584197710443
1128,13420,"s12","m0",-0.659235050391197,-1.62370638015212,-1.5389567863142,-1.98157497392083
1129,13432,"s12","m0",-0.696831732106071,-1.78462570994545,-2.15793177467662,-3.43448103086607
1130,13439,"s12","m0",-0.666935604096563,-1.76802109754636,-1.59153491837398,-3.44538904651679
1131,13442,"s12","m0",-0.714642088971358,-1.32882204097051,-1.81219709270443,-1.94035473775646
1132,13443,"s12","m0",-0.694809535679773,-1.9671834650365,-1.85797345549715,-2.33582987264937
1133,13466,"s12","m0",-0.656470983720327,-1.5375667411168,-2.13979218872611,-2.8799483699601
1134,13467,"s12","m0",-0.695018471544346,-1.76524554178907,-2.07495375643569,-1.89400143084095
1135,13493,"s12","m0",-0.690136503457631,-1.55097645521439,-2.19398255704933,-3.14170380062843
1136,13494,"s12","m0",-0.707206465278898,-1.61563078774628,-1.9004678033716,-2.40163453153927
1137,13521,"s12","m0",-0.684654874008868,-1.53663306359371,-2.12495587319513,-1.86599566807819
1138,13522,"s12","m0",-0.675171508711986,-1.53443767336592,-1.86779357084362,-3.75135542169858
1139,13549,"s12","m0",-0.70154140669626,-1.95780982833516,-2.02061192860538,-2.62183239212673
1140,13552,"s12","m0",-0.680815976308214,-1.42099914222777,-1.85191160991002,-2.07706049194771
1141,13565,"s12","m0",-0.641341961129413,-1.60863642619468,-1.62824664430506,-2.11027024512175
1142,13571,"s12","m0",-0.647014572217828,-1.56906689892646,-1.85042734442221,-2.63059094247798
1143,13582,"s12","m0",-0.661079137615823,-1.37902279642097,-1.61071104327194,-2.41296635706761
1144,13590,"s12","m0",-0.648075179924466,-1.78467335512591,-1.94522719207675,-2.35073699608238
1145,13594,"s12","m0",-0.705597943651958,-1.86305971862708,-1.86686824117921,-2.97967933648383
1146,13614,"s12","m0",-0.677621611100186,-1.66355773749064,-1.75690940237872,-3.10024055820116
1147,13618,"s12","m0",-0.695870030881268,-2.15274768576507,-1.73702014992193,-2.47402037591466
1148,13620,"s12","m0",-0.69283426305793,-1.72229284639648,-2.90385003954164,-2.58594824744185
1149,13623,"s12","m0",-0.69067821530375,-1.68361687976982,-1.74274813450681,-2.7898290880342
1150,13628,"s12","m0",-0.655531538152543,-1.72137584108045,-1.64938822463136,-2.57516716157432
1151,13646,"s12","m0",-0.702331435151556,-1.81418563549988,-2.32420456405551,-2.79004406509798
1152,13653,"s12","m0",-0.715349093388445,-1.6795983528213,-2.42269491190151,-3.08344479954039
1153,13658,"s12","m0",-0.705130256042775,-1.6495570810667,-2.55093244613385,-2.29518533805368
1154,13671,"s12","m0",-0.659992486188714,-1.31067994506762,-1.90564442307808,-2.43611170358398
1155,13676,"s12","m0",-0.648610421612778,-1.40705333692459,-1.83370914008036,-3.32644044546006
1156,13709,"s12","m0",-0.687707021102038,-1.34719748832617,-2.21128809403119,-1.62893744816418
1157,13710,"s12","m0",-0.640717695705486,-1.53545099608066,-1.89403314428348,-3.11681966111327
1158,13711,"s12","m0",-0.706154517221757,-1.86615124817269,-2.10081925616017,-2.97218228729031
1159,13722,"s12","m0",-0.649335530334099,-1.35004885959343,-1.66701487739285,-3.53101547312036
1160,13743,"s12","m0",-0.673148011462138,-1.59475881059419,-1.86219970555819,-2.70087168934513
1161,13754,"s12","m0",-0.717282473635608,-1.39104880243068,-2.14389614342664,-2.1490852008536
1162,13758,"s12","m0",-0.662379714508413,-2.00365101174955,-1.86158050165945,-2.78504831646894
1163,13762,"s12","m0",-0.63128830555588,-1.5965073050096,-2.29821255600602,-2.72109882095658
1164,13765,"s12","m0",-0.698802723821009,-2.16442719649542,-1.80914989767317,-3.09263417613931
1165,13767,"s12","m0",-0.643178057287186,-1.49575402913717,-2.01998611718554,-2.17302522434303
1166,13779,"s12","m0",-0.664708883038217,-1.51899834475741,-2.03283480072352,-2.18546475121572
1167,13780,"s12","m0",-0.672583236903232,-1.83967927885887,-2.17845133118014,-1.96931980435499
1168,13790,"s12","m0",-0.6775393459069,-2.05652151155168,-2.02108208073847,-3.00401050209584
1169,13805,"s12","m0",-0.662189381639606,-1.5137342342863,-2.30882107609436,-2.96682950948371
1170,13816,"s12","m0",-0.691969716485268,-1.70521496685636,-1.81147089767945,-2.81324242884325
1171,13822,"s12","m0",-0.682088156363731,-1.94860105628944,-1.93604843712247,-1.93487541235402
1172,13825,"s12","m0",-0.691970366354234,-1.82553044570315,-2.01728638612116,-2.13946209525932
1173,13832,"s12","m0",-0.72288861986214,-1.6994210828514,-2.13914833007545,-1.69332636750805
1174,13849,"s12","m0",-0.615102583126037,-1.40601652800747,-1.94918078856157,-2.36210628074229
1175,13857,"s12","m0",-0.683094723940679,-1.56312650479483,-2.0211549307337,-2.77374296061763
1176,13869,"s12","m0",-0.686863154387875,-1.43458071279708,-2.19451392216866,-2.91359424516386
1177,13875,"s12","m0",-0.718011001829898,-2.06199708306795,-2.08822872630734,-2.00447198637052
1178,13879,"s12","m0",-0.670885633392059,-1.45097765687641,-1.6105310736124,-2.81918870958385
1179,13914,"s12","m0",-0.729230991889924,-1.55398994889083,-2.27628248205289,-2.92097912540332
1180,13920,"s12","m0",-0.635300943913765,-1.7944204284041,-1.595712496452,-3.27844428045148
1181,13926,"s12","m0",-0.6642457862099,-1.84178748656444,-2.11800470891423,-2.89921719081383
1182,13935,"s12","m0",-0.686400423628105,-1.64040529278657,-1.94713126793531,-2.30677027170587
1183,13939,"s12","m0",-0.671213225582586,-1.72533811907263,-1.92334592774588,-2.72754881526575
1184,13957,"s12","m0",-0.67840080391833,-1.31557205681427,-2.29313000781856,-2.8349167177801
1185,13959,"s12","m0",-0.70053607753886,-1.40536104592306,-1.86106220168938,-2.43639540652108
1186,13990,"s12","m0",-0.707111668112458,-1.84130534271133,-1.88183696496134,-2.99697969706237
1187,14015,"s12","m0",-0.665131136098913,-1.61249545759411,-1.90326634300509,-2.9837656977659
1188,14016,"s12","m0",-0.614976566414408,-1.25415283879789,-1.94348359717779,-2.64067583883688
1189,14073,"s12","m0",-0.668538392263954,-1.61581404741424,-1.90910066192424,-2.16024381488966
1190,14081,"s12","m0",-0.631925673445033,-2.19341674690878,-1.43724815628005,-3.1511662938629
1191,14086,"s12","m0",-0.632079770208978,-1.79654611348349,-1.74026732659517,-2.52200488793329
1192,14092,"s12","m0",-0.68426377695755,-1.26699586287728,-2.02691908366759,-2.99095237039383
1193,14119,"s12","m0",-0.658252630213763,-1.80122882998173,-1.81332607244868,-2.47271004319545
1194,14120,"s12","m0",-0.707896901382625,-1.96037072386086,-1.94862838455912,-2.29106405500871
1195,14148,"s12","m0",-0.613202918771571,-1.54725831163922,-1.66951783416334,-4.16079103576127
1196,14154,"s12","m0",-0.673717236489651,-1.93279989275786,-1.82576316039714,-3.2104455175554
1197,14179,"s12","m0",-0.652532140328825,-1.23621192016763,-2.00008802136946,-3.05418163880411
1198,14184,"s12","m0",-0.720239976521338,-1.90015232241735,-2.00574785501868,-2.46212447330602
1199,14198,"s12","m0",-0.687053785624057,-1.81665491877636,-1.75889602742559,-3.00098610357577
1200,14214,"s12","m0",-0.712377745763879,-1.92203297425597,-1.54064140352892,-1.83635923569256
1201,14216,"s12","m0",-0.704727379307821,-1.56503222989398,-1.85150957694821,-1.98061828853105
1202,14235,"s12","m0",-0.676988035308334,-1.62375950128528,-2.23044102846204,-2.88788693597456
1203,14241,"s12","m0",-0.637516451852946,-1.47734907268508,-2.00862484373511,-2.8553339299982
1204,14252,"s12","m0",-0.692332594198588,-1.40426524830799,-2.0588065568052,-2.11473130412279
1205,14258,"s12","m0",-0.706357568004544,-2.10504186491629,-2.10640252243669,-2.0860338553157
1206,14262,"s12","m0",-0.625871449603555,-1.71200422261823,-1.65929972110618,-3.93585092622831
1207,14290,"s12","m0",-0.674078573939248,-1.7057587585524,-2.10547962051079,-1.48144083069693
1208,14319,"s12","m0",-0.667923164575067,-1.6997222769763,-2.0462193926676,-1.64411679929224
1209,14325,"s12","m0",-0.671077304558147,-1.85287997883025,-1.9529662899817,-2.38884494488164
1210,14341,"s12","m0",-0.627268265179185,-1.63101311449946,-2.1214597796404,-3.2164491754388
1211,14343,"s12","m0",-0.650825703743398,-2.01996959495322,-1.70081855886046,-2.44443642253247
1212,14353,"s12","m0",-0.678270909368574,-1.40624562420485,-1.55853117447446,-2.8404926186751
1213,14359,"s12","m0",-0.665417705764561,-1.46616230622371,-1.95817679230541,-2.17898998098969
1214,14376,"s12","m0",-0.697992632471987,-2.21483657974281,-2.07479455446231,-2.88090523743995
1215,14384,"s12","m0",-0.666578669857713,-1.49263058172636,-1.94822240643628,-2.50673825104508
1216,14395,"s12","m0",-0.660865970092451,-1.78557515877233,-1.7131720113694,-2.58910818095769
1217,14405,"s12","m0",-0.679113320960224,-1.46795479040133,-1.99945053609051,-2.38843739632011
1218,14420,"s12","m0",-0.633583724340768,-1.77199115037664,-1.69842231419268,-2.46632241265519
1219,14435,"s12","m0",-0.683612972512023,-1.35790390268594,-1.66660729204826,-2.38852897062416
1220,14442,"s12","m0",-0.659565374055472,-2.200360844524,-2.40475620348727,-2.88375950222886
1221,14461,"s12","m0",-0.674876730999231,-1.67533329045973,-2.26727276812795,-2.04336771035971
1222,14471,"s12","m0",-0.658973880638902,-1.74875006837607,-1.95162603335316,-2.5672578788633
1223,14480,"s12","m0",-0.708699030646532,-1.40860008892388,-2.03365109928194,-2.14441263563438
1224,14483,"s12","m0",-0.721870243200103,-1.49487953150996,-1.99171549396553,-2.70048575600845
1225,14491,"s12","m0",-0.684347921650664,-1.88615485838723,-1.90167782157967,-2.69649684973746
1226,14514,"s12","m0",-0.737864673979621,-2.06545492628101,-2.32939145237871,-3.78325840128285
1227,14531,"s12","m0",-0.721685889735332,-1.64306400093161,-2.00322896178311,-2.79489951614593
1228,14544,"s12","m0",-0.74247878434866,-1.63393450163714,-2.38465373842511,-1.77851646350657
1229,14549,"s12","m0",-0.70166244990101,-1.58259556104793,-2.14728095547684,-1.8026629757535
1230,14556,"s12","m0",-0.676653481027004,-1.62971737781511,-2.41229604859153,-2.98939007611962
1231,14570,"s12","m0",-0.673691491198,-1.57468010422364,-2.05048490437874,-4.00591818247177
1232,14576,"s12","m0",-0.68069330277261,-1.63912009112475,-2.06409163283316,-2.06457896082965
1233,14581,"s12","m0",-0.680646988207919,-1.64328503404524,-1.6343642041101,-3.3387188966305
1234,14583,"s12","m0",-0.675493246724409,-1.56363584548334,-2.06776671068918,-2.61132900712715
1235,14602,"s12","m0",-0.692619767958157,-1.5645663938978,-1.54226073219584,-3.51649411374869
1236,14638,"s12","m0",-0.664085048127489,-1.9647736531564,-1.87821937017877,-2.61046080731931
1237,14645,"s12","m0",-0.671748470252028,-1.49997543330328,-1.93370642229032,-1.83920360629044
1238,14652,"s12","m0",-0.669220854186097,-1.58916796639215,-1.88355694043564,-2.68586175692477
1239,14653,"s12","m0",-0.687711089984611,-1.45530879716878,-2.2190016680081,-2.05348962273924
1240,14657,"s12","m0",-0.692971984266111,-1.53897159199153,-1.75865955833756,-2.23457839569209
1241,14660,"s12","m0",-0.661081230329208,-1.82337929976136,-2.03575792097676,-3.42299261791029
1242,14670,"s12","m0",-0.679361786608182,-1.63207823540718,-2.11469965998856,-3.36363739947927
1243,14678,"s12","m0",-0.691139231539452,-1.86682697731313,-1.9762725040035,-2.19963721294049
1244,14699,"s12","m0",-0.710590917657048,-1.52039641543178,-2.14033675887204,-2.76707540053809
1245,14700,"s12","m0",-0.640403436429193,-1.22830972934583,-1.88027875702058,-3.07223773808656
1246,14741,"s12","m0",-0.71956997950107,-1.67746183662414,-2.15374350253416,-2.65834549198921
1247,14758,"s12","m0",-0.661930171964215,-2.28308394619416,-1.82325206140294,-2.60535235396484
1248,14760,"s12","m0",-0.694860955383491,-1.59753114028508,-1.76162058789759,-2.37441850342518
1249,14792,"s12","m0",-0.71276825110668,-2.07533599538622,-2.31456932485245,-2.89328140879732
1250,14806,"s12","m0",-0.639486543818446,-1.49195476034648,-1.66810867654047,-3.75691703904836
1251,14819,"s12","m0",-0.69343707695315,-1.60409650780416,-2.33923656497594,-2.66064851332321
1252,14838,"s12","m0",-0.680802066283201,-1.5061343986795,-2.10932254653705,-3.40115699982515
1253,14870,"s12","m0",-0.726210985917693,-1.76089992958852,-1.94266188138333,-2.93690569116759
1254,14892,"s12","m0",-0.703960488162052,-1.69170973966854,-1.71756532705504,-3.13927019099912
1255,14895,"s12","m0",-0.67999810705413,-1.67206389065266,-1.84543774798139,-2.25680857917349
1256,14904,"s12","m0",-0.730413722907358,-1.42444691245687,-1.7301742574459,-2.13659690634807
1257,14909,"s12","m0",-0.668736528920985,-1.33456724156959,-2.26875615145626,-4.10036253269695
1258,14914,"s12","m0",-0.731972262914718,-1.95365066692284,-2.43793840395763,-2.48882565702234
1259,14928,"s12","m0",-0.631034463759722,-1.56547708559108,-2.05441412347828,-3.23578102811807
1260,14935,"s12","m0",-0.705485518661845,-1.67568463325861,-2.11100931096276,-2.70492358414067
1261,14945,"s12","m0",-0.657661187561045,-1.56513951836936,-1.86673067846346,-3.20151556225696
1262,14955,"s12","m0",-0.679770650892615,-1.95215511595929,-1.8395861030778,-2.73925696230475
1263,14963,"s12","m0",-0.70035684790121,-1.83167999195059,-1.7507411836314,-2.43619703380953
1264,14974,"s12","m0",-0.6929778894978,-1.48283961120106,-2.08895869033913,-2.44929675788095
1265,14981,"s12","m0",-0.679583265950696,-1.48249957431199,-1.47153067360163,-2.02975270399636
1266,14983,"s12","m0",-0.704023395697637,-2.03740325299438,-2.13352907520669,-1.84571007365218
1267,14986,"s12","m0",-0.662990087028426,-1.97386935317216,-1.89640423370262,-2.53001534226812
1268,14989,"s12","m0",-0.658236182722039,-1.99011367415888,-1.91859882082492,-2.31926916644401
1269,15021,"s12","m0",-0.636700495442342,-1.97602933717085,-1.71724968692007,-2.61954608761298
1270,15025,"s12","m0",-0.667534377645532,-1.42158558732406,-2.19637043711258,-3.09333872167276
1271,15030,"s12","m0",-0.668925677126718,-1.49352129579289,-1.91661327107538,-3.45013429523479
1272,15035,"s12","m0",-0.6772986430208,-1.6799446392619,-1.89741039711062,-2.87111268116058
1273,15045,"s12","m0",-0.726911265325267,-1.74266730733033,-2.13456232902683,-2.49557551411762
1274,15054,"s12","m0",-0.70743339660089,-1.60159485974941,-1.93543668546294,-1.95291705094457
1275,15056,"s12","m0",-0.708746983175201,-1.52132343515115,-2.11897236605784,-2.890768716956
1276,15062,"s12","m0",-0.696397206364632,-1.52219997983459,-1.68278493063962,-2.0563581412718
1277,15069,"s12","m0",-0.699690958038472,-1.96109919466833,-1.82059036050604,-2.47142419734707
1278,15087,"s12","m0",-0.668193735563078,-1.67639062785827,-2.44541909387888,-2.54737849207004
1279,15123,"s12","m0",-0.673229630173143,-2.32970527307498,-1.90780858420339,-2.65281720825792
1280,15143,"s12","m0",-0.666721238152209,-1.80233477067124,-2.07366622369582,-3.2358866727277
1281,15146,"s12","m0",-0.689680654285075,-1.93846468135958,-2.19662460744946,-2.46526409519401
1282,15148,"s12","m0",-0.626808440705325,-1.14470265242212,-1.58415393840579,-3.07352003985793
1283,15151,"s12","m0",-0.670320304285695,-1.28271003683742,-1.90445903947132,-2.31824337884968
1284,15164,"s12","m0",-0.663487003327904,-1.3080261285319,-2.21440995746061,-2.24026830652957
1285,15183,"s12","m0",-0.628811758408762,-1.65327756404518,-1.78680157589125,-2.37642516602436
1286,15202,"s12","m0",-0.689330695666875,-1.91596189208066,-1.89537299426691,-3.03745586009821
1287,15220,"s12","m0",-0.720585565461822,-2.10327890745146,-1.82818433603629,-1.94937472813674
1288,15243,"s12","m0",-0.704851602513344,-1.69661859999831,-1.88151189643328,-2.29250775300306
1289,15270,"s12","m0",-0.654281839222949,-1.38960684783547,-1.89093594624084,-2.53829087672034
1290,15272,"s12","m0",-0.685668889446314,-1.78990094758854,-2.07117187434264,-2.70746932927968
1291,15274,"s12","m0",-0.672404258710124,-1.92624756593946,-1.92303349164603,-2.87538391109623
1292,15279,"s12","m0",-0.681455408823577,-1.61047662866843,-1.73836292643772,-1.59360685056369
1293,15286,"s12","m0",-0.69625577300975,-1.48022121411159,-2.39924133425743,-2.2830294716171
1294,15312,"s12","m0",-0.719152635509171,-1.58457094465444,-2.21733291496636,-2.28305219208752
1295,15338,"s12","m0",-0.709463433760764,-1.79561856245759,-1.68588076700737,-2.40689664546985
1296,15341,"s12","m0",-0.686423952469271,-1.35154888860788,-1.60786864996337,-3.23032056748382
1297,15349,"s12","m0",-0.641734989323779,-1.85274925013612,-2.30797166773344,-2.55503805618516
1298,15357,"s12","m0",-0.652124848320866,-2.11086700739189,-1.93601242318556,-2.48326169577395
1299,15364,"s12","m0",-0.721050644353143,-1.61059019003409,-2.20516883627019,-1.42375581498409
1300,15403,"s12","m0",-0.683133691895149,-1.66225250114666,-2.49835359841004,-3.91533268845375
1301,15417,"s12","m0",-0.675493910257552,-1.92877912014268,-2.66494403206259,-2.96616596195617
1302,15434,"s12","m0",-0.692125855869159,-1.78454530966569,-1.85701474202896,-2.14466167197097
1303,15443,"s12","m0",-0.663990308909922,-1.58983511519586,-2.2488710439847,-3.26142415558944
1304,15447,"s12","m0",-0.677150680524379,-1.84528836608393,-2.2614536988795,-2.3506997976621
1305,15450,"s12","m0",-0.635364371875294,-1.56768581005409,-1.57661646475613,-2.9425365535053
1306,15460,"s12","m0",-0.633415133512928,-1.33191007963087,-1.85862595686117,-2.65668979861822
1307,15462,"s12","m0",-0.663348626254393,-1.93989961535657,-1.40999351916429,-2.60324833430329
1308,15464,"s12","m0",-0.67394658178532,-1.84255222476055,-1.79423917657635,-3.36173321759163
1309,15467,"s12","m0",-0.672438645041812,-1.73953214088448,-1.77355013771583,-1.97755974934776
1310,15469,"s12","m0",-0.67146318986849,-1.30853105320174,-1.85780705194047,-3.21346627629217
1311,15477,"s12","m0",-0.73283276924215,-1.41233634176473,-2.00782721639124,-2.13338239207422
1312,15486,"s12","m0",-0.60399192390994,-1.51729477717534,-2.42915076412607,-2.44817823903032
1313,15492,"s12","m0",-0.64792472010963,-1.49528834870775,-1.96705548904946,-3.25812611240548
1314,15501,"s12","m0",-0.633377650773523,-1.73586301102391,-2.06480860839139,-3.57824198526511
1315,15504,"s12","m0",-0.653393776020895,-1.96494922932012,-2.22768151260149,-3.44761773743598
1316,15526,"s12","m0",-0.672629318276853,-1.31622690730416,-2.06620613615659,-2.47158626756038
1317,15533,"s12","m0",-0.741373723923156,-2.00060351202917,-1.91367933516471,-2.86656128016202
1318,15534,"s12","m0",-0.694278314464663,-1.65774209017776,-1.98263478948766,-2.39925308981707
1319,15553,"s12","m0",-0.680319910530823,-1.61758366572344,-1.90560606053758,-2.98163851974331
1320,15563,"s12","m0",-0.697193419351247,-1.83923807737114,-1.85072941613604,-4.58521898732461
1321,15587,"s12","m0",-0.670511952065257,-1.90368947357987,-1.97775652083468,-2.43979905056156
1322,15596,"s12","m0",-0.667672517769013,-1.79040584629674,-1.93623557618551,-1.92246037999792
1323,15604,"s12","m0",-0.653775243529807,-1.37518557259108,-1.49160559302121,-2.84061986201424
1324,15605,"s12","m0",-0.645967038663654,-1.39867911053532,-1.82763378498781,-2.99992416715836
1325,15608,"s12","m0",-0.682397017100626,-2.00550113114726,-2.12687772425791,-3.31303783495893
1326,15630,"s12","m0",-0.678988141913611,-1.59544779449743,-2.11337229765726,-2.62240078602152
1327,15670,"s12","m0",-0.703948577054855,-1.56892540033873,-2.1065098917019,-2.13603353162294
1328,15677,"s12","m0",-0.697640218284145,-1.62618701527334,-2.23176966249726,-3.32105276559814
1329,15690,"s12","m0",-0.66041682320873,-1.82704815450417,-1.96066677913336,-3.28100851179323
1330,15725,"s12","m0",-0.631354484987833,-1.36217624331916,-2.05854683730668,-2.50401312525636
1331,15726,"s12","m0",-0.690028282668705,-1.73560199107831,-2.21792404544024,-2.28969921847734
1332,15765,"s12","m0",-0.669457044608286,-1.54653531011081,-2.39438255559621,-2.70410933990483
1333,15770,"s12","m0",-0.654547754557022,-1.21465441938455,-1.48538405751367,-3.18036459551102
1334,15776,"s12","m0",-0.664219529389039,-1.73058284098419,-1.42470239822988,-2.06418718455484
1335,15794,"s12","m0",-0.692978076259255,-1.79998294869099,-1.94831003292263,-1.99853562377519
1336,15800,"s12","m0",-0.678966062678799,-1.49423997187367,-1.66237387658517,-1.98945573868505
1337,15812,"s12","m0",-0.702535133654704,-1.55124300081991,-2.08149938157992,-3.16778991950311
1338,15822,"s12","m0",-0.674975319245588,-1.610685852472,-1.87689339989947,-1.73194127467916
1339,15836,"s12","m0",-0.656060459435725,-1.95919012897661,-1.91398964953853,-1.84813878114684
1340,15846,"s12","m0",-0.73374974604168,-1.46920192841638,-2.08423927205956,-3.33412819756418
1341,15861,"s12","m0",-0.715625572762308,-1.48962311560772,-2.39547062145859,-2.63898778997353
1342,15862,"s12","m0",-0.679868884227341,-1.62794852689462,-1.91619174462633,-2.16087035304886
1343,15867,"s12","m0",-0.676633580610925,-1.66469125673547,-1.86578179118896,-2.55859241876755
1344,15873,"s12","m0",-0.688992094773164,-1.95063225184841,-2.12838789020289,-2.97334054847249
1345,15881,"s12","m0",-0.654762797254514,-2.14293944253199,-2.30818697206813,-2.79196558032481
1346,15886,"s12","m0",-0.692798268054779,-1.75909851770309,-1.91259280216325,-2.71285848934957
1347,15889,"s12","m0",-0.651009103310805,-1.72697242203757,-1.63226848033138,-1.93532252923255
1348,15894,"s12","m0",-0.677101938401221,-1.6114625152042,-1.84210754101651,-1.67776889634999
1349,15897,"s12","m0",-0.700454888795528,-1.77262010710096,-1.98788896673838,-2.96587962521057
1350,15914,"s12","m0",-0.668325214630151,-1.56984086156742,-2.19170401769177,-2.96066875537146
1351,15917,"s12","m0",-0.709142870548103,-1.7212977374261,-1.87907815305242,-2.57049872181737
1352,15929,"s12","m0",-0.677197378447753,-1.4759635144546,-2.14286784904396,-2.5671181301933
1353,15947,"s12","m0",-0.642963543529477,-1.64735207406919,-2.20040695282158,-2.67838546518791
1354,15948,"s12","m0",-0.717458893103859,-1.86629633176479,-2.22265720704147,-1.91285577780422
1355,15954,"s12","m0",-0.693825744972456,-1.84683084765002,-2.05782959752097,-3.3240526207779
1356,15956,"s12","m0",-0.696726360862462,-1.76160586200412,-2.17181900205758,-2.3227090232035
1357,15959,"s12","m0",-0.648498568092244,-1.43953132167802,-1.85610302130339,-2.56333829415003
1358,15988,"s12","m0",-0.647179960593901,-1.51439236199938,-1.60763709932903,-2.98596223417026
1359,15991,"s12","m0",-0.685028336412479,-1.53056750713522,-2.1038951245935,-2.8988479435054
1360,15999,"s12","m0",-0.650239800663354,-1.51118263315206,-2.27185299064788,-2.43509096268611
1361,16007,"s12","m0",-0.664915910920788,-1.22974266197678,-1.9033821656544,-2.95916605448068
1362,16012,"s12","m0",-0.70743446170279,-1.57663671800457,-1.88077538138412,-3.21794817167988
1363,16023,"s12","m0",-0.660516686805013,-1.52693974658825,-1.82577815587078,-2.4833235000578
1364,16042,"s12","m0",-0.681190053908586,-1.57412554145738,-2.06271314059436,-2.80027908841095
1365,16051,"s12","m0",-0.716516620292431,-1.78798758517664,-1.89671839355006,-3.59835658802056
1366,16070,"s12","m0",-0.700298800105369,-1.85600446953076,-1.97608670011135,-3.17291536669941
1367,16080,"s12","m0",-0.667209918417804,-1.57507183124512,-2.20836227538962,-2.82860146110748
1368,16085,"s12","m0",-0.651990516299772,-1.75987760543101,-2.26716276173046,-2.94912580676589
1369,16103,"s12","m0",-0.694345296221462,-2.13864866097904,-1.98834817075436,-2.6208517303991
1370,16107,"s12","m0",-0.635784190348637,-1.90686056270838,-1.62035010055618,-3.38871196331416
1371,16143,"s12","m0",-0.680474897069248,-1.79286558500792,-2.00472527412477,-3.11458646854443
1372,16156,"s12","m0",-0.665266497258746,-1.18659720139135,-1.74912899981633,-2.52694178803972
1373,16166,"s12","m0",-0.643031556107823,-1.58162864238284,-1.94205420845044,-3.09152555187694
1374,16197,"s12","m0",-0.690765439679264,-1.86821377093317,-1.85792394878464,-1.59605848566184
1375,16210,"s12","m0",-0.694298336689778,-1.6832498331741,-2.01494123284353,-2.71734655215077
1376,16230,"s12","m0",-0.682436362412752,-1.39442480001582,-2.07420936181255,-2.37130304635879
1377,16257,"s12","m0",-0.635386743129451,-1.72401439728714,-2.01686785689532,-2.30792560717581
1378,16287,"s12","m0",-0.667081523555627,-1.66552948156203,-1.87618456247382,-2.42504043585474
1379,16304,"s12","m0",-0.664101971388383,-1.62398904198253,-1.89898650359686,-3.39353712744242
1380,16311,"s12","m0",-0.687021466395699,-1.94225389102036,-2.06423072438998,-2.43249735826036
1381,16333,"s12","m0",-0.692835198166512,-1.49151924344902,-1.83105760453244,-2.24278084664655
1382,16345,"s12","m0",-0.684688843369182,-1.54421220954679,-2.07670058632734,-2.24082156799901
1383,16351,"s12","m0",-0.650672812789746,-1.8806052299709,-2.11250885744666,-2.66002765870322
1384,16359,"s12","m0",-0.733968800786972,-1.98439859313347,-1.62388724803261,-2.72105290280146
1385,16363,"s12","m0",-0.691738869241406,-1.68132165100115,-2.5163134916571,-3.96507326933945
1386,16367,"s12","m0",-0.708882272354175,-2.02074464727003,-2.13448371187994,-2.35949501900619
1387,16394,"s12","m0",-0.735995806013393,-1.96731779820512,-2.43809329273285,-2.41174314917998
1388,16395,"s12","m0",-0.717270740039594,-1.42618173147381,-2.02221251857645,-2.00922634616106
1389,16398,"s12","m0",-0.665275464900665,-2.03079771339161,-1.60556309524556,-3.0777724310398
1390,16405,"s12","m0",-0.676443223908187,-2.05436408501268,-1.78762347282796,-3.10408670559466
1391,16410,"s12","m0",-0.68066799158965,-1.80992143260944,-2.33479859042362,-2.8261506521954
1392,16417,"s12","m0",-0.670072853267227,-1.47930243297729,-1.85433418792539,-3.63942432789064
1393,16419,"s12","m0",-0.67575038066589,-1.52658775582182,-2.08598244498415,-2.3462659491536
1394,16423,"s12","m0",-0.649608557532024,-2.03964948583954,-1.90055150093375,-2.4786982217702
1395,16472,"s12","m0",-0.705121752681819,-1.26060820587431,-2.10709331626219,-2.71016826751031
1396,16479,"s12","m0",-0.671313561817168,-1.95280505509827,-2.09075443263725,-2.14142729870954
1397,16488,"s12","m0",-0.696913235332903,-2.11934905482944,-1.4769219000242,-2.6120752089708
1398,16528,"s12","m0",-0.64220342015217,-1.894552750071,-1.75815479025634,-2.93966119523677
1399,16533,"s12","m0",-0.644609323776282,-1.6759108632092,-1.92906762569051,-3.12955129553244
1400,16540,"s12","m0",-0.69697752766531,-1.88100619377524,-1.96053042355394,-2.31343914032037
1401,16558,"s12","m0",-0.684649365467133,-1.80574086142426,-2.0318207043832,-3.03683584708695
1402,16560,"s12","m0",-0.661577900854713,-1.50389538432211,-1.7209684149097,-2.16333469304701
1403,16583,"s12","m0",-0.655529674858893,-1.33547774948217,-1.786129479048,-3.9339903628681
1404,16600,"s12","m0",-0.655420331945257,-1.48744494002063,-2.44147143186755,-3.69886058267436
1405,16604,"s12","m0",-0.656927857121211,-1.55788486319712,-1.94448941323969,-3.24114735991363
1406,16615,"s12","m0",-0.682036679679707,-1.46528518603597,-1.92204627807995,-3.96559009351808
1407,16623,"s12","m0",-0.754724499279314,-2.08753659266539,-2.19621834038805,-2.38665757164102
1408,16630,"s12","m0",-0.649391300036685,-1.71695655889765,-1.99587162510459,-2.58153564398335
1409,16636,"s12","m0",-0.706191355040165,-1.776028901938,-1.76987512529263,-3.02482902929509
1410,16658,"s12","m0",-0.757967377868824,-1.97732750444016,-2.2192623753249,-1.75798089207703
1411,16668,"s12","m0",-0.679088932369364,-2.22788270233294,-2.14434095812365,-2.39042724236925
1412,16683,"s12","m0",-0.713215197504263,-1.85329582816204,-2.01013582550425,-3.72733285578771
1413,16691,"s12","m0",-0.693022536197856,-1.66651379063222,-1.77901672308783,-3.29596412677615
1414,16715,"s12","m0",-0.682703861050936,-1.73810073387492,-1.87006334277118,-2.2172132508543
1415,16769,"s12","m0",-0.720195447229343,-1.90024988531643,-1.92861174044922,-2.6883977692792
1416,16782,"s12","m0",-0.653192573277672,-1.5083955816651,-1.91320941873678,-2.47879015275437
1417,16790,"s12","m0",-0.627481918639427,-1.60105358500589,-1.58781525486957,-2.52286553328287
1418,16794,"s12","m0",-0.709324058031536,-1.3922286434693,-1.73913185081115,-3.23431573220039
1419,16797,"s12","m0",-0.687647375678624,-2.28234523371175,-1.59248138172956,-2.49136669091554
1420,16823,"s12","m0",-0.705718881913358,-1.48687014925515,-1.71152277627677,-2.05538365238911
1421,16825,"s12","m0",-0.681296660059228,-1.3390252922879,-1.72416304408354,-2.30841928541764
1422,16834,"s12","m0",-0.69993993576144,-1.65054517598627,-1.74844146082871,-2.19221146583343
1423,16839,"s12","m0",-0.697429443508712,-1.38654652918003,-1.91730326332412,-3.16876917073469
1424,16844,"s12","m0",-0.673140031096399,-1.3901354655152,-2.10394029642549,-2.70543499811067
1425,16850,"s12","m0",-0.752938347814291,-1.94444534136294,-2.09966767817416,-2.23817970160674
1426,16865,"s12","m0",-0.651580133141986,-1.45426842271154,-2.21977910226838,-2.66976341965135
1427,16880,"s12","m0",-0.685978531064825,-1.6703921034374,-1.74061302468265,-3.8946167977685
1428,16881,"s12","m0",-0.652660077783285,-1.12605784137765,-1.98627635447733,-2.42529111208544
1429,16911,"s12","m0",-0.672793982143198,-1.4954908945671,-2.21335270267019,-3.04320389345198
1430,16922,"s12","m0",-0.65577527439517,-1.38355081976316,-1.4631510874299,-3.28719337643646
1431,16925,"s12","m0",-0.677928953768027,-1.81106108483514,-1.83579203917042,-2.76435431475174
1432,16930,"s12","m0",-0.677312674569178,-1.99968690518495,-2.60102426752638,-2.82369709229285
1433,16945,"s12","m0",-0.728410106509416,-1.46788405926206,-2.19287524532506,-3.10984295028931
1434,16946,"s12","m0",-0.664974372243437,-1.31560677387576,-1.93770660266772,-2.46328824517832
1435,16952,"s12","m0",-0.626996051998987,-1.80930291946287,-1.78140710330024,-2.91071241876692
1436,16958,"s12","m0",-0.673800409938029,-1.67098245009902,-1.72697426439689,-3.71910600578638
1437,16959,"s12","m0",-0.684204028906111,-1.51607401645033,-2.46313495018333,-3.03973917143938
1438,16963,"s12","m0",-0.672460616680394,-1.58534372021508,-2.40104578414511,-3.03751621598099
1439,16975,"s12","m0",-0.692010414416901,-1.77073301884913,-1.89384198063522,-2.89822322984415
1440,16987,"s12","m0",-0.713141741477253,-1.64251495041919,-1.79281657494988,-2.52584546598748
1441,16989,"s12","m0",-0.684455544664809,-1.76027496816057,-1.80375470536902,-1.94802691734942
1442,17010,"s12","m0",-0.633757397967326,-1.69772783408377,-2.28734328742064,-3.02456570746637
1443,17025,"s12","m0",-0.702946879523177,-1.19303819325561,-2.22930191945939,-1.60703305173582
1444,17032,"s12","m0",-0.690722830074336,-1.50236795200417,-1.69771164178194,-2.51940631745047
1445,17041,"s12","m0",-0.688565335235783,-1.44577989394404,-1.72399079890992,-2.34078450214976
1446,17064,"s12","m0",-0.642271664734247,-1.72415864185327,-1.68523039385952,-2.86936818696214
1447,17066,"s12","m0",-0.661958671992475,-1.79098466548015,-1.72231592454746,-2.00930739674439
1448,17067,"s12","m0",-0.672144150624863,-1.66480713776167,-1.64161850969377,-3.88779590454063
1449,17069,"s12","m0",-0.660511579556124,-1.60071366003933,-1.66237115476613,-3.30874143852962
1450,17076,"s12","m0",-0.674147629588666,-1.59133508186814,-1.94802864906008,-2.98219037274538
1451,17099,"s12","m0",-0.657071022633619,-2.03144152695043,-1.56755473289186,-3.43371555449134
1452,17128,"s12","m0",-0.712130420323486,-2.29716254684293,-2.47298767989756,-2.74553171353858
1453,17165,"s12","m0",-0.731555505410839,-1.94617548914546,-1.93177883938668,-1.49892783889744
1454,17181,"s12","m0",-0.713178212594779,-1.74011537583476,-2.19391815835457,-3.0553400664145
1455,17187,"s12","m0",-0.638362868487437,-1.90728577015,-1.72785475514007,-2.56801636134498
1456,17188,"s12","m0",-0.639964145888817,-1.6470986816217,-2.33527250496942,-2.77086427098406
1457,17205,"s12","m0",-0.668883373084528,-1.62588815640366,-2.27493645097456,-2.79552512888983
1458,17238,"s12","m0",-0.681779787105991,-1.38797939633212,-2.06532748040385,-2.68517876525442
1459,17241,"s12","m0",-0.646120009237148,-1.65238469531574,-1.89293451618908,-4.34133324503359
1460,17256,"s12","m0",-0.689712564431432,-1.87890707637187,-2.03356495886427,-2.76921070700699
1461,17292,"s12","m0",-0.713237608653746,-1.76169747424428,-2.02297924453985,-2.45968276120287
1462,17295,"s12","m0",-0.658156271704783,-1.52309527970557,-2.37013859999932,-2.44142844086096
1463,17298,"s12","m0",-0.733768378378847,-1.55760862194239,-2.38434141333535,-1.73363321377468
1464,17299,"s12","m0",-0.669170722969683,-1.31189243891078,-2.16866728798736,-2.37895499395811
1465,17300,"s12","m0",-0.692510813546676,-1.75652510704706,-1.80115495226245,-2.63464991501639
1466,17306,"s12","m0",-0.711098963295594,-1.8178169088515,-1.45261865035016,-1.70463326330719
1467,17324,"s12","m0",-0.702907675148562,-1.76503310965479,-2.00740797401377,-2.20432786981776
1468,17326,"s12","m0",-0.680280393684316,-1.56258227741111,-2.04351302047576,-2.00269759055419
1469,17327,"s12","m0",-0.678410216750264,-1.66366688287759,-2.220797473191,-2.70693811948993
1470,17332,"s12","m0",-0.667506690240669,-1.67079558785185,-2.11674256396807,-3.31692809572197
1471,17333,"s12","m0",-0.700854263499256,-1.31846109846213,-2.42416447204751,-2.3321545253715
1472,17335,"s12","m0",-0.702491440247515,-1.66242929323421,-2.23373450452628,-2.6932194782174
1473,17355,"s12","m0",-0.655186776563228,-1.57950249812276,-2.27981748196812,-2.47126315962982
1474,17378,"s12","m0",-0.666003787866755,-1.70391161964066,-1.83568626233598,-2.21049145597997
1475,17386,"s12","m0",-0.681477920244077,-1.63499842439056,-2.0368058245539,-2.28770072646037
1476,17390,"s12","m0",-0.680542074018213,-1.88034318370922,-1.90737704520094,-3.84866966363922
1477,17393,"s12","m0",-0.650998388325456,-1.54352103514397,-1.96945569754079,-2.15283089923635
1478,17404,"s12","m0",-0.702364725952448,-1.77715334985376,-2.56261732133676,-1.97069818182896
1479,17409,"s12","m0",-0.718611695889961,-1.70615705841214,-2.14655599853649,-2.69551495363182
1480,17426,"s12","m0",-0.70224781551105,-1.70791789366971,-1.96904744809346,-2.34991846015184
1481,17468,"s12","m0",-0.669528436061901,-1.8442659090324,-1.61174977516326,-3.08976500809992
1482,17508,"s12","m0",-0.667659620988793,-1.32054391762274,-1.89440002942794,-2.80715198754049
1483,17522,"s12","m0",-0.647902565574025,-1.90948013579807,-1.91195354651026,-2.88976354282472
1484,17531,"s12","m0",-0.651060325156047,-1.77928423433419,-1.97804853288325,-2.77038083816558
1485,17533,"s12","m0",-0.674569065611269,-1.64459242908093,-1.48047853967805,-2.24162379850621
1486,17542,"s12","m0",-0.693029597899763,-1.46579727892847,-1.78413739195119,-3.94981076767791
1487,17546,"s12","m0",-0.700466072015989,-2.20382001981783,-2.05340578717507,-2.46128125995122
1488,17551,"s12","m0",-0.67877299497168,-1.50895315187686,-1.91407077302722,-2.57453106154881
1489,17566,"s12","m0",-0.67336117109177,-1.52649230071309,-2.11045051238714,-2.21149039039744
1490,17582,"s12","m0",-0.73573539669533,-1.86977090772801,-1.7373039411879,-2.52523850033906
1491,17587,"s12","m0",-0.654846996316739,-1.91202155483453,-1.56913829537338,-2.85023003824975
1492,17594,"s12","m0",-0.64269537659454,-1.55158460041747,-2.11749096417171,-3.07099128511254
1493,17603,"s12","m0",-0.690686265228397,-2.01001207543559,-2.33767225511213,-2.26248551426991
1494,17612,"s12","m0",-0.663742568033897,-1.87912860220472,-1.76577521150366,-2.42311985224134
1495,17620,"s12","m0",-0.690766758482594,-1.91258735484554,-1.8899016248279,-2.15289435977484
1496,17624,"s12","m0",-0.663167182390096,-1.69019928924392,-2.24319764422462,-3.60207841375658
1497,17639,"s12","m0",-0.706015946580257,-1.634556063959,-1.85323648724743,-2.49469630284527
1498,17664,"s12","m0",-0.69159601374571,-1.69089640625378,-1.63247683653067,-2.98294722039393
1499,17675,"s12","m0",-0.68785171752494,-1.6285435160715,-1.95968284029877,-2.37645556529268
1500,17677,"s12","m0",-0.669583530674281,-1.66108355630877,-2.47006443862666,-2.01191727534467
1501,17694,"s12","m0",-0.71836853234219,-1.23223926251168,-2.01441908852477,-2.26625278026365
1502,17718,"s12","m0",-0.697247125784246,-1.8637816161407,-2.55727528161808,-3.00888171090983
1503,17739,"s12","m0",-0.697418673862903,-2.05488955654088,-2.21687797059558,-2.15866363749391
1504,17752,"s12","m0",-0.700503903596715,-1.48466756976974,-2.07354115827787,-3.5153657106166
1505,17762,"s12","m0",-0.704168204351025,-1.38571881267603,-2.11249149272755,-2.56088747979711
1506,17763,"s12","m0",-0.693467730953436,-1.85341656474133,-1.94420095363845,-3.00166631674762
1507,17784,"s12","m0",-0.673343500441846,-1.61418259117355,-2.42964794553455,-2.49268469812697
1508,17786,"s12","m0",-0.712533556329753,-1.71781465428339,-2.019298057983,-2.35300916466355
1509,17787,"s12","m0",-0.711632436629822,-1.91890936497978,-2.18206172505254,-3.05998787119575
1510,17800,"s12","m0",-0.664141409527359,-1.80090861269698,-2.4134023078059,-4.2086296495344
1511,17803,"s12","m0",-0.740137675675319,-2.08725675494368,-2.06005037306774,-1.72015141736427
1512,17804,"s12","m0",-0.644534919952419,-1.67506654711369,-1.87680473175095,-3.08876801719412
1513,17825,"s12","m0",-0.64406376796487,-1.31208504401483,-2.19223769898464,-2.07227721160349
1514,17829,"s12","m0",-0.710406021098227,-1.57032221696061,-2.16236536040078,-2.68696248284098
1515,17875,"s12","m0",-0.7024656229574,-1.77141014862217,-2.25815984908321,-1.82668527052781
1516,17876,"s12","m0",-0.685510720856161,-1.4205719702979,-2.09946767145915,-2.44600495322259
1517,17883,"s12","m0",-0.704722917180042,-1.62352826007725,-1.95066747526269,-3.17255033088019
1518,17889,"s12","m0",-0.626019453543815,-1.24226043379243,-1.8467340153419,-3.17165108811029
1519,17893,"s12","m0",-0.699775094492152,-2.11008399540104,-1.85653379502948,-3.34053020719069
1520,17921,"s12","m0",-0.709005377038024,-1.66550862907877,-1.34791477920871,-1.57343419215046
1521,17943,"s12","m0",-0.67757702530083,-1.655327180182,-2.92809849340827,-3.05331859133809
1522,17952,"s12","m0",-0.674719552549945,-1.6187703594148,-2.8648983710966,-3.15951030630749
1523,17956,"s12","m0",-0.69477939422103,-1.75306459118823,-1.84910208295284,-2.17569745091221
1524,17966,"s12","m0",-0.705217555373708,-1.56798422491155,-1.79827690446542,-2.17263214147523
1525,17972,"s12","m0",-0.683615233394034,-1.77043385632311,-2.38957734323703,-3.1650293434519
1526,17976,"s12","m0",-0.700587786319183,-1.5058072440021,-2.11657731687958,-3.15108494737661
1527,17977,"s12","m0",-0.686950034889288,-1.56191981918312,-1.55242191246212,-2.64867622156235
1528,17986,"s12","m0",-0.678078575033464,-1.65824822670733,-1.89928370897275,-2.96116876228968
1529,17992,"s12","m0",-0.666133221048791,-1.56635273937031,-1.9965670080656,-2.60468131770624
1530,18014,"s12","m0",-0.643280758161041,-1.30595170987147,-1.8039387922495,-2.38431959060263
1531,18047,"s12","m0",-0.699778131991543,-1.84940491088162,-1.79028706877362,-2.764311869615
1532,18056,"s12","m0",-0.636667123038043,-1.518277703265,-1.75794825309836,-3.21085011542732
1533,18079,"s12","m0",-0.663787648126474,-1.23477149988461,-1.65383330354544,-2.78283239887085
1534,18092,"s12","m0",-0.630411167873902,-1.29507988689502,-1.59707060822904,-2.84534688253851
1535,18096,"s12","m0",-0.740992008619482,-1.71218672612173,-2.13829913269751,-2.02032892426224
1536,18107,"s12","m0",-0.686503280831822,-1.65967775370538,-2.18927372602603,-3.03186903703114
1537,18108,"s12","m0",-0.723654146951308,-1.62570259680232,-2.18823855114494,-2.32702635382073
1538,18109,"s12","m0",-0.657829373535078,-1.36218477833477,-1.69793472341722,-3.03925020955513
1539,18114,"s12","m0",-0.655417513492267,-1.79057713538851,-1.81441374275806,-2.69275029219167
1540,18143,"s12","m0",-0.648280520623188,-1.55531271944405,-2.2608664850404,-2.51859779851195
1541,18144,"s12","m0",-0.648410091287454,-1.67124005765683,-2.42248029272771,-3.08895342306396
1542,18167,"s12","m0",-0.640165290519378,-1.42360491800893,-2.07931403186279,-3.04803966166169
1543,18191,"s12","m0",-0.651732366112155,-1.62399694345586,-1.91642994266617,-2.53504401102187
1544,18227,"s12","m0",-0.683313531593995,-1.87388220009721,-2.09528111816408,-2.88095832319878
1545,18240,"s12","m0",-0.69498044036702,-2.10090421664155,-1.73710978880741,-2.71537420286667
1546,18242,"s12","m0",-0.664837376285769,-1.57353923191405,-2.02251804201323,-2.77602789785097
1547,18244,"s12","m0",-0.73900070004297,-1.87398795574177,-1.97337695267607,-2.20254806606608
1548,18250,"s12","m0",-0.682943248942178,-1.59987560409135,-2.13452119504948,-2.19633966139817
1549,18252,"s12","m0",-0.672239401410159,-1.39657226046091,-1.88519438436873,-2.67346889402977
1550,18256,"s12","m0",-0.664517816946061,-2.06765230311973,-1.73941896603817,-3.56616667962717
1551,18261,"s12","m0",-0.649226378955049,-1.67273132892062,-2.3153027029487,-3.01711352663247
1552,18273,"s12","m0",-0.687825470798546,-1.60101745741046,-2.28007792978301,-2.69132000567033
1553,18274,"s12","m0",-0.696121440999387,-1.68782561543473,-1.89394133321639,-4.16946661102988
1554,18277,"s12","m0",-0.693395294099085,-1.9866245533791,-1.93305043833905,-1.90231879731698
1555,18340,"s12","m0",-0.699251058470158,-1.51488401423998,-1.65262621162673,-2.48414418420954
1556,18341,"s12","m0",-0.662002859221959,-1.57042739611706,-2.12341695833628,-2.16310176412262
1557,18367,"s12","m0",-0.671743715623919,-1.28090854026146,-1.6719697892982,-2.5475938573802
1558,18374,"s12","m0",-0.664929623462649,-1.55737865971582,-2.03681221012696,-2.25250529455257
1559,18376,"s12","m0",-0.665520702719342,-1.43769489002931,-1.74295748477287,-2.69545071058854
1560,18391,"s12","m0",-0.698052192770674,-1.79984958912991,-2.09405445367714,-3.10951416018773
1561,18401,"s12","m0",-0.670118149390947,-1.80577850385166,-2.15440103748183,-2.97415995493648
1562,18406,"s12","m0",-0.683170937085827,-1.75310728531917,-1.90157266442792,-1.77794260742594
1563,18408,"s12","m0",-0.684484058001759,-2.09123998175594,-2.13645239077263,-2.79823956628886
1564,18418,"s12","m0",-0.628048543446758,-1.43836256613972,-1.65437206738502,-2.24967433521878
1565,18421,"s12","m0",-0.670175545641181,-1.80450647732291,-1.91790719954931,-2.85311910582136
1566,18439,"s12","m0",-0.681848038919636,-1.78423229871191,-2.37217451527617,-2.09194128794777
1567,18441,"s12","m0",-0.68156120485222,-1.31893795662173,-2.19570807707076,-2.36612680624976
1568,18443,"s12","m0",-0.722981757034346,-1.56037611939197,-2.34651104529888,-2.55011636855959
1569,18452,"s12","m0",-0.720214209293615,-2.25122045742268,-1.96178320676678,-2.16273167485913
1570,18456,"s12","m0",-0.702100785336687,-1.51442011922816,-2.23092010180777,-3.8703814319422
1571,18461,"s12","m0",-0.70708765226075,-1.44789035605912,-1.69317434790524,-2.14451378578446
1572,18465,"s12","m0",-0.711318433854327,-1.42298096715963,-1.78243074972729,-2.67573444354231
1573,18511,"s12","m0",-0.681167660952483,-1.64690514493107,-1.65458137424947,-2.3663366494198
1574,18520,"s12","m0",-0.676912630289432,-1.41424901068847,-2.05243543970537,-2.90624481458531
1575,18544,"s12","m0",-0.675360896878818,-1.6303197438707,-1.94813079762241,-2.5396479238141
1576,18549,"s12","m0",-0.666947041735117,-1.32046299077665,-1.94799153465484,-1.95600247223516
1577,18558,"s12","m0",-0.70130602353587,-1.72572773253447,-2.1217663937039,-2.48714724123842
1578,18559,"s12","m0",-0.734262209908041,-1.74765673606771,-2.09472088191168,-2.44458648185506
1579,18567,"s12","m0",-0.651886512749953,-1.74406672736974,-2.10193882735113,-2.67328153860985
1580,18575,"s12","m0",-0.692822243496972,-1.66472384078497,-1.90398985007569,-2.86536888221348
1581,18579,"s12","m0",-0.688068792887082,-1.8112612527017,-1.95004028302976,-3.03473705235116
1582,18581,"s12","m0",-0.679429350340763,-2.32472829925597,-2.13717654057509,-2.81721291456569
1583,18585,"s12","m0",-0.686091093022928,-1.71241120654855,-1.94252768280626,-2.39296852316936
1584,18596,"s12","m0",-0.68555498995642,-1.55165806284267,-1.74579803702137,-3.0560791272404
1585,18598,"s12","m0",-0.668875118283245,-1.33580239885739,-1.93677947741738,-2.85280062105922
1586,18626,"s12","m0",-0.683157868414839,-1.62086736033422,-1.93321202539895,-1.80645832922172
1587,18649,"s12","m0",-0.66052131891414,-1.69764591067231,-2.09951188331907,-2.65618084002889
1588,18658,"s12","m0",-0.6777678420186,-1.81359168260715,-2.42377464052539,-2.90794085573575
1589,18675,"s12","m0",-0.689667570441381,-1.33565603156674,-2.15314741004663,-2.62746855942995
1590,18680,"s12","m0",-0.67456408260842,-1.64351741812897,-1.61159740054373,-3.16742733639124
1591,18691,"s12","m0",-0.674236313860179,-1.47889143252386,-2.00026506143547,-1.95977911026129
1592,18713,"s12","m0",-0.659690802449425,-1.45458911935877,-2.03792007713924,-4.16812478458467
1593,18717,"s12","m0",-0.692024663595513,-1.64777041801126,-1.78978477377163,-2.82975574150902
1594,18745,"s12","m0",-0.72331868088939,-2.16386544787502,-2.0296008911636,-3.07697294603193
1595,18779,"s12","m0",-0.68970309187015,-1.76661186467666,-1.96851261736626,-3.04215126863551
1596,18783,"s12","m0",-0.644107381360077,-1.42659422765685,-2.09349417882986,-2.25665045823708
1597,18786,"s12","m0",-0.702999728730236,-1.37258286533592,-1.8460366001117,-2.51363708853756
1598,18800,"s12","m0",-0.66811415635194,-1.71675948672635,-2.10381446919675,-2.95998691725039
1599,18809,"s12","m0",-0.696314508410297,-1.15960185792684,-2.07297918506421,-3.4979980661816
1600,18812,"s12","m0",-0.664361968909633,-1.5194338155227,-1.75300726586538,-2.32882166105052
1601,18834,"s12","m0",-0.706035599819558,-1.43690815602882,-1.83231412379177,-2.29616123970638
1602,18848,"s12","m0",-0.72576402675539,-1.70619080096309,-1.74006750607189,-2.4005604480315
1603,18865,"s12","m0",-0.686747100757251,-1.38790791637341,-2.26262324631303,-3.32376684496947
1604,18866,"s12","m0",-0.695906405312692,-1.44621520585337,-1.91277809378903,-2.88336171163457
1605,18868,"s12","m0",-0.665811426524878,-1.42594616381648,-2.04260413979458,-3.30397986149485
1606,18886,"s12","m0",-0.66063653632338,-1.68463358529807,-1.75082444918727,-2.45591435441633
1607,18890,"s12","m0",-0.707882321886144,-1.91904470822881,-2.21187473851948,-2.4125066178156
1608,18910,"s12","m0",-0.657244246465857,-1.46100538350788,-2.07702247644798,-2.93268193246378
1609,18917,"s12","m0",-0.713090074988712,-1.78250685857581,-2.35345609685355,-2.1336043424797
1610,18982,"s12","m0",-0.684078316943998,-1.79940946405092,-2.31464788659204,-3.14317416971897
1611,18993,"s12","m0",-0.701235729478469,-1.74174834285775,-1.377877064801,-2.00219785733981
1612,19014,"s12","m0",-0.687160620843945,-1.76417506698757,-2.21033008142475,-2.88709106401762
1613,19019,"s12","m0",-0.643116006012106,-1.32993729315671,-1.91314016141216,-2.82772482474367
1614,19037,"s12","m0",-0.691314585811278,-1.27043736347266,-2.3597537140242,-1.89175967853343
1615,19039,"s12","m0",-0.696085728515417,-1.5777765454633,-2.01307938343245,-2.7041857269848
1616,19042,"s12","m0",-0.698363392467879,-1.56231943212412,-1.66479458935729,-2.24370701355974
1617,19058,"s12","m0",-0.644152004164278,-2.16909445045728,-2.53472978999387,-3.32664864518819
1618,19068,"s12","m0",-0.663905148034182,-1.83703711154074,-1.88090394032415,-2.77183574280277
1619,19123,"s12","m0",-0.671263541274084,-1.61031279555191,-1.88896978544574,-3.03191025702104
1620,19127,"s12","m0",-0.675985232228367,-1.65194163699317,-2.02781296538719,-3.31640266117015
1621,19137,"s12","m0",-0.756831569158734,-1.86585903839939,-2.07423849416485,-2.86652811608951
1622,19146,"s12","m0",-0.710733411323658,-1.90523658870152,-1.9467754734971,-1.87839294523051
1623,19153,"s12","m0",-0.71591506255855,-1.92783984203742,-1.87037327408541,-2.5388657454149
1624,19167,"s12","m0",-0.672452009130167,-1.53604191513595,-2.11749760374783,-2.87673724053397
1625,19179,"s12","m0",-0.662376239512346,-1.61743630596432,-2.42937030629579,-3.14375998777919
1626,19193,"s12","m0",-0.698212371749236,-2.13610724917462,-1.83710273260447,-3.15398270217772
1627,19225,"s12","m0",-0.676241568922569,-1.80993332817005,-1.72027559572218,-2.8539748050746
1628,19232,"s12","m0",-0.643206368113156,-1.3482693306521,-2.1273755776315,-3.17203607285888
1629,19233,"s12","m0",-0.69398891648274,-2.05730518813834,-1.99524846498052,-2.46009288032766
1630,19261,"s12","m0",-0.665279797561746,-1.54541711339993,-1.7026766941101,-2.88083762239344
1631,19265,"s12","m0",-0.638525374040203,-1.56341034912094,-1.57405298444911,-2.96592659932831
1632,19303,"s12","m0",-0.64234372767888,-1.60367533130262,-2.49675393809213,-2.96187696160166
1633,19309,"s12","m0",-0.623689417828037,-1.22878002141891,-1.48830898503964,-2.71867724576312
1634,19316,"s12","m0",-0.683368391030408,-2.12982868188135,-2.00235165352625,-2.6542414146284
1635,19322,"s12","m0",-0.670790372602281,-1.83738425588063,-1.86507630470388,-3.18147124890786
1636,19356,"s12","m0",-0.679322546944597,-1.36785136164025,-1.82136615614425,-3.13428176072297
1637,19358,"s12","m0",-0.691998331546045,-1.56116941994775,-2.04516300343303,-2.33349662443028
1638,19381,"s12","m0",-0.657388402525123,-1.34930396264187,-1.79668942405072,-2.58219743039617
1639,19382,"s12","m0",-0.722059639291073,-1.50147226092685,-2.27557075396525,-1.8639414767996
1640,19407,"s12","m0",-0.658406291062952,-1.70405107453836,-2.10730054574629,-2.54905509796586
1641,19423,"s12","m0",-0.6716708345457,-2.09191283624839,-1.70905956184701,-3.52075178683453
1642,19454,"s12","m0",-0.664568723815358,-2.11757563476613,-2.31985139506206,-2.69102677367892
1643,19492,"s12","m0",-0.688973416783865,-1.71107759719388,-2.19379077788241,-2.31077948023803
1644,19500,"s12","m0",-0.665461337884157,-1.66909450433412,-2.12976209926735,-3.10236364384767
1645,19501,"s12","m0",-0.644086897833948,-1.63383538137461,-1.93532136990696,-3.0280015896598
1646,19516,"s12","m0",-0.684236888237627,-1.40973882536014,-2.5568329648838,-3.13175164120016
1647,19521,"s12","m0",-0.69766671165252,-1.63983637622061,-1.85007751809094,-1.9853535012174
1648,19526,"s12","m0",-0.681854967882582,-1.36473484792667,-2.31900011933877,-2.81883732750972
1649,19532,"s12","m0",-0.679770039961235,-1.65437321735047,-1.85470817668393,-2.23735968234575
1650,19538,"s12","m0",-0.68994560713526,-1.78072647165689,-1.56497995588258,-2.77994174169348
1651,19551,"s12","m0",-0.680811967447916,-1.27802863471783,-2.04016644908391,-2.77394851379478
1652,19564,"s12","m0",-0.662826171492575,-1.58862029636223,-1.99235014468871,-3.24984684804066
1653,19566,"s12","m0",-0.69207899438178,-2.13095497072719,-1.77212768231722,-2.87252929556302
1654,19604,"s12","m0",-0.712065633523278,-1.631965952585,-2.1108596799953,-2.51900855456085
1655,19607,"s12","m0",-0.647481648025885,-1.68532333941082,-2.00302669442132,-1.70003680066743
1656,19623,"s12","m0",-0.667595180391467,-1.47447811425445,-1.94882036829658,-2.87261649641962
1657,19628,"s12","m0",-0.677209480861543,-1.5386567692898,-1.79154721731495,-1.7952676324597
1658,19629,"s12","m0",-0.640364545574891,-1.84206679437126,-2.0997393288341,-2.99959210688589
1659,19633,"s12","m0",-0.703243619845837,-1.4614527888588,-1.81314037843432,-2.97698051133858
1660,19643,"s12","m0",-0.684621772886376,-1.52531441441791,-2.23721463398084,-2.55599266302578
1661,19655,"s12","m0",-0.722236197011936,-1.47927433738124,-2.03597137119331,-2.78927186112508
1662,19661,"s12","m0",-0.6880626782186,-1.79059167050323,-1.82149903783473,-2.31473769924458
1663,19686,"s12","m0",-0.680155138149956,-1.60240767748988,-1.88063451474223,-3.53845369276369
1664,19688,"s12","m0",-0.660923098613682,-1.98102215179315,-2.31376980370373,-2.86443351150636
1665,19700,"s12","m0",-0.71817232356304,-1.34379951746473,-1.86352561455616,-2.49712876157832
1666,19701,"s12","m0",-0.603051031402657,-1.82962622034342,-2.2811020553635,-3.138538114435
1667,19739,"s12","m0",-0.681408284879542,-1.7228598827243,-1.94307908187973,-2.60366974513085
1668,19743,"s12","m0",-0.683119339095008,-2.02229042887066,-1.85041060685868,-1.97179830406655
1669,19774,"s12","m0",-0.727841270279895,-1.98276229766421,-2.20303611050794,-1.79233603494233
1670,19784,"s12","m0",-0.68158347701009,-1.35972709959034,-2.30100122387678,-2.57096740031977
1671,19788,"s12","m0",-0.731518127554949,-1.76620374718946,-1.86723233688169,-2.81894728687695
1672,19802,"s12","m0",-0.679830769774321,-1.83027357313202,-2.33498062871206,-2.56766649648646
1673,19804,"s12","m0",-0.637322358682348,-1.38698924386349,-1.96402385260285,-3.08011804979508
1674,19815,"s12","m0",-0.701224418627339,-1.61444438302248,-1.73093395215294,-2.5789531286886
1675,19846,"s12","m0",-0.711556088340522,-1.71018361611246,-2.24755840245775,-3.0308083831447
1676,19856,"s12","m0",-0.670673696386721,-1.22553140789846,-1.68518450053361,-2.0853020699836
1677,19861,"s12","m0",-0.71694229191128,-1.78562089037709,-1.56763780791533,-2.69299548626937
1678,19865,"s12","m0",-0.662095248683966,-1.69773489134007,-1.92628197409504,-3.01459369160425
1679,19897,"s12","m0",-0.673552739849431,-1.39630119574184,-1.95741874328266,-2.36637924877706
1680,19910,"s12","m0",-0.66644100052159,-1.60905295131744,-2.08949553686946,-3.29448474450138
1681,19917,"s12","m0",-0.676258781285253,-1.72507093645695,-2.25848190454174,-2.22337899228656
1682,19919,"s12","m0",-0.725291987641269,-2.47301793998729,-1.99259805175752,-2.77038117509289
1683,19925,"s12","m0",-0.663969584657505,-1.52299638679759,-1.84165491638073,-1.93585478906003
1684,19930,"s12","m0",-0.642255778359313,-1.52175766022939,-1.93475221126817,-2.51584173191556
1685,19943,"s12","m0",-0.716110216163177,-1.75287242100847,-2.21512470982464,-2.68237040202631
1686,19946,"s12","m0",-0.661499135256004,-1.57594574593551,-1.99361263804355,-2.53228880488714
1687,19955,"s12","m0",-0.708589662562787,-1.61684572425552,-1.90246355554736,-2.35803955337449
1688,19957,"s12","m0",-0.694528771963154,-1.3498152951951,-2.23720195593407,-2.06850652314432
1689,19988,"s12","m0",-0.663380179870219,-1.7431397231712,-2.172276734809,-3.30971159589606
1690,19995,"s12","m0",-0.683495310349672,-1.51999982486898,-1.95709175447326,-2.7290073717585
1691,20004,"s12","m0",-0.688099352282776,-1.90049389268722,-1.59779005234463,-2.35987733692543
1692,20007,"s12","m0",-0.673062057207387,-1.99541286421965,-1.76688823190948,-3.85032398963856
1693,20008,"s12","m0",-0.649503974353837,-1.59342799783072,-1.69550126849458,-2.89347880468793
1694,20013,"s12","m0",-0.682316469279005,-1.47223905099063,-2.62532773878296,-3.88108758439755
1695,20015,"s12","m0",-0.696302208505729,-1.75732519254022,-2.05867975342294,-2.83400175318669
1696,20044,"s12","m0",-0.625422358062843,-1.62582059803685,-1.65269392328626,-2.46227273346355
1697,20068,"s12","m0",-0.689032685521329,-1.34747497921881,-2.31952354090074,-2.57000398745913
1698,20084,"s12","m0",-0.716342372550633,-1.50757525755287,-2.18326513022627,-2.55785210281711
1699,20099,"s12","m0",-0.732848308249659,-1.73813226172324,-1.9260448583487,-2.29645278286201
1700,20127,"s12","m0",-0.683149067029901,-1.87743827389469,-1.74641750855489,-2.32396047157873
1701,20131,"s12","m0",-0.680481223872879,-1.7515299336348,-1.96971979492857,-2.53178744349129
1702,20133,"s12","m0",-0.668469678871208,-2.05848009163792,-2.02646197957806,-2.84269503778325
1703,20161,"s12","m0",-0.690808793198563,-1.63574303882466,-2.07057967843609,-2.02460394208925
1704,20168,"s12","m0",-0.694086549101876,-1.88876153028881,-2.10898473379569,-2.44608833255165
1705,20186,"s12","m0",-0.695950459971617,-1.97965324101313,-1.99288505588398,-1.94135596963008
1706,20187,"s12","m0",-0.647722474295156,-1.37172541875451,-1.56936738718433,-3.08084531707229
1707,20195,"s12","m0",-0.688528743225254,-1.62146866376903,-1.77760043345791,-2.44795557102349
1708,20204,"s12","m0",-0.631719544586085,-1.61565969177352,-1.91480321805339,-3.26700712916016
1709,20214,"s12","m0",-0.64496990318835,-2.09532883811975,-2.1196042407813,-4.20550535656039
1710,20230,"s12","m0",-0.687265575279497,-1.65604158506693,-2.20118812957457,-2.97675440078904
1711,20236,"s12","m0",-0.669654113348132,-1.85554826285258,-2.00316840958106,-3.07929504323213
1712,20250,"s12","m0",-0.680533326960682,-1.70135769353734,-2.0556696315579,-2.82751786673053
1713,20275,"s12","m0",-0.65300447822108,-1.25042701260077,-2.01281641749707,-2.74837877189156
1714,20294,"s12","m0",-0.700114989144243,-1.46515563149639,-1.90714047812562,-2.60625505567066
1715,20302,"s12","m0",-0.671860524492663,-1.48992208183649,-2.05049691457153,-2.09907736964697
1716,20303,"s12","m0",-0.679574075865844,-2.02024873421324,-2.29239348819571,-2.65019595213697
1717,20307,"s12","m0",-0.66245818653636,-1.35480147616036,-1.5617608780649,-2.66675212047251
1718,20312,"s12","m0",-0.654691541039236,-1.91120545230592,-2.20252268971425,-3.19957272647035
1719,20313,"s12","m0",-0.663597064545393,-1.33994228640109,-1.61165566665971,-2.07706612469059
1720,20333,"s12","m0",-0.714715699840974,-1.73277905965808,-2.16541661854839,-2.03647484981519
1721,20339,"s12","m0",-0.706227382298889,-1.97533804575123,-2.29045019617963,-2.471480736848
1722,20355,"s12","m0",-0.646771316334326,-1.51242399070548,-1.88299487282216,-2.78563381973083
1723,20358,"s12","m0",-0.729013080181849,-1.22224041297091,-2.5587821941674,-3.32853181528783
1724,20370,"s12","m0",-0.672328570797568,-1.82675720369234,-2.169892528389,-2.37652110861676
1725,20384,"s12","m0",-0.692093447736981,-1.83144340553373,-1.75999437483612,-3.17700376242263
1726,20392,"s12","m0",-0.689066560850462,-1.58880837955363,-1.85821190281794,-2.8845907118057
1727,20393,"s12","m0",-0.754323938357944,-1.61337175012082,-1.83256246019829,-2.69519931688723
1728,20403,"s12","m0",-0.657698257984673,-1.82995114362552,-1.85141400433369,-2.36734407395244
1729,20412,"s12","m0",-0.717688374781623,-1.51950095947504,-2.46610376237649,-2.2963393149347
1730,20420,"s12","m0",-0.673874726240998,-1.3734303599205,-2.42034800309985,-2.58591399836931
1731,20451,"s12","m0",-0.677026024842123,-1.77342283895927,-2.26194377840937,-3.37847210265609
1732,20493,"s12","m0",-0.678560043147839,-1.90375702761466,-1.8633069932866,-3.41682506866419
1733,20518,"s12","m0",-0.721744054415955,-1.64782074538576,-1.96807378809617,-2.47254152390258
1734,20537,"s12","m0",-0.688511475535649,-1.3853967610122,-1.64256844377303,-1.64269776589307
1735,20554,"s12","m0",-0.66667836534008,-1.70569581467483,-1.79744576340744,-2.55104096613763
1736,20562,"s12","m0",-0.679301072037969,-1.87529315128895,-1.9523511147894,-2.33658178825379
1737,20571,"s12","m0",-0.642866370773009,-1.82791170209897,-2.11333466945173,-3.15310433636523
1738,20582,"s12","m0",-0.720562120247179,-1.68455283805514,-1.55309628825813,-2.07288846784303
1739,20584,"s12","m0",-0.678331648701075,-2.19690049162397,-1.58702258222074,-3.54666116514474
1740,20595,"s12","m0",-0.746653804508694,-1.7046698013297,-1.81678626060703,-2.79764071631961
1741,20600,"s12","m0",-0.731361000128056,-1.92229596801223,-2.12565610213264,-3.29340411858067
1742,20607,"s12","m0",-0.688591672930204,-1.54474795832544,-1.98374184314499,-2.92762745155789
1743,20623,"s12","m0",-0.718646801164666,-1.83532047463407,-2.11131197741737,-1.91351888320812
1744,20636,"s12","m0",-0.668511993394935,-1.69969753100466,-1.61926180640883,-3.30653963983728
1745,20640,"s12","m0",-0.685373257064826,-1.67064294067539,-1.51204429826234,-2.42318430659954
1746,20656,"s12","m0",-0.614235950687423,-1.64374048628115,-2.08707219879495,-3.09813453257234
1747,20657,"s12","m0",-0.669225613578815,-1.5977903363048,-3.12105570492353,-2.27066519157641
1748,20662,"s12","m0",-0.663864594557034,-1.5667087650565,-2.17522729773571,-2.43426667449366
1749,20665,"s12","m0",-0.697829038308073,-1.6227787290342,-2.36757115621039,-3.67137953060271
1750,20674,"s12","m0",-0.669688002021085,-1.7098203399138,-1.97130252836181,-1.98655392591549
1751,20686,"s12","m0",-0.683151609289738,-1.80899111882566,-1.71482306019513,-2.92300961703266
1752,20698,"s12","m0",-0.673123909037358,-2.13872426957809,-1.67975147074928,-2.50556393896313
1753,20722,"s12","m0",-0.679276750162078,-1.46308963832455,-1.69325889832642,-2.38852891587718
1754,20740,"s12","m0",-0.73516186618672,-1.93862406297397,-2.03379702298951,-2.53437541522352
1755,20742,"s12","m0",-0.709950032743331,-1.73671001678257,-2.25749337508529,-3.69443111874163
1756,20762,"s12","m0",-0.660009203808866,-1.53427668189212,-1.60233207382154,-2.92807524134025
1757,20774,"s12","m0",-0.660873780575792,-1.701782350809,-2.35719737662976,-3.07689053739985
1758,20778,"s12","m0",-0.659741679349297,-1.65907663325671,-1.74708229189127,-2.33074195516734
1759,20814,"s12","m0",-0.664292533264759,-1.66699256708071,-1.98715385831804,-2.09927329221618
1760,20815,"s12","m0",-0.687988682629455,-1.89869050252657,-2.01763352273953,-2.24617280223454
1761,20825,"s12","m0",-0.641834676005098,-1.16125967880184,-1.82567439389221,-2.64420004827506
1762,20832,"s12","m0",-0.671760830334386,-1.52529338686464,-2.21587498348049,-2.36449913883128
1763,20850,"s12","m0",-0.661217525680756,-1.48905904183018,-1.86647686592336,-2.70488159253474
1764,20854,"s12","m0",-0.673508029788845,-1.34836865451434,-2.08208378723436,-2.19453916347801
1765,20876,"s12","m0",-0.651433671300286,-1.65333504967092,-1.80068707302478,-3.39454391785429
1766,20886,"s12","m0",-0.706370747685455,-1.96878902513582,-2.14001473166341,-2.23905813514989
1767,20887,"s12","m0",-0.648416783863919,-1.8874422131104,-1.87912757812567,-2.70164146326712
1768,20898,"s12","m0",-0.65272473236373,-1.19350616242308,-1.78514246323179,-2.98845016863165
1769,20903,"s12","m0",-0.694369006548752,-1.67776109794079,-1.64668080058073,-3.1855372345664
1770,20905,"s12","m0",-0.679970947657332,-1.52544469129043,-1.86783127100465,-2.88155442089208
1771,20943,"s12","m0",-0.658103851897142,-1.64464609004559,-1.86512634913376,-2.6916464235645
1772,20973,"s12","m0",-0.660237315613708,-1.37765873125927,-1.84669902492674,-2.66097227124699
1773,20974,"s12","m0",-0.671265959071389,-1.70053894590595,-2.014842827472,-1.478357537264
1774,20999,"s12","m0",-0.702321497496006,-1.45390940715755,-1.953496415986,-2.30901651854413
1775,21011,"s12","m0",-0.653562152733892,-1.76666086475669,-2.20886782315171,-3.02787778583187
1776,21019,"s12","m0",-0.676896392962373,-1.37951888567665,-1.80268904751543,-3.48492179439713
1777,21025,"s12","m0",-0.650112791450475,-1.69068493275707,-1.95005254659961,-3.02635850167011
1778,21044,"s12","m0",-0.704730967199246,-1.41990598511377,-2.21030699076349,-1.23936468259833
1779,21050,"s12","m0",-0.707300364509601,-1.53973273530424,-2.14740477051738,-1.97371012493301
1780,21059,"s12","m0",-0.663344242614142,-1.38737838524358,-1.85648870163901,-2.90116157009301
1781,21068,"s12","m0",-0.727442168377631,-1.56831702893477,-1.62825219029572,-2.71894432978259
1782,21085,"s12","m0",-0.681462841500326,-1.64817240902864,-2.05136319951418,-2.77626204887315
1783,21107,"s12","m0",-0.712177065335353,-1.57859452636573,-1.8080814390647,-2.31123142583591
1784,21133,"s12","m0",-0.701668517441947,-1.72638153256791,-2.03593295863881,-3.27387415489163
1785,21139,"s12","m0",-0.670935549226256,-1.53852503754294,-2.10135160797076,-2.7042731455671
1786,21140,"s12","m0",-0.653847196626988,-1.7203690057706,-1.93785259977122,-2.88756356685233
1787,21143,"s12","m0",-0.662105268076724,-1.40991963534164,-1.8503340619625,-3.44771458675466
1788,21148,"s12","m0",-0.705303475666412,-1.57186497067147,-2.1339341982159,-2.58733897348372
1789,21155,"s12","m0",-0.673875218417599,-1.6912343845696,-2.15921822019015,-3.11199238685023
1790,21173,"s12","m0",-0.683140876225345,-1.29283683680974,-2.3322259001457,-2.81097798802879
1791,21174,"s12","m0",-0.735219905688715,-1.57386160154296,-2.16481779141219,-2.11988417662051
1792,21177,"s12","m0",-0.683120421602821,-1.72568980954163,-2.15382725103141,-1.93648821199595
1793,21182,"s12","m0",-0.703983901295274,-1.48821654937882,-2.35641900190991,-1.8407015330049
1794,21199,"s12","m0",-0.692196041933007,-1.57192039532444,-1.66914799878452,-2.75051080604949
1795,21224,"s12","m0",-0.67752146308719,-1.94378146326531,-1.7539939722981,-2.48158128880551
1796,21225,"s12","m0",-0.66146924614548,-1.8582890031244,-1.57822971331467,-2.1588304580054
1797,21233,"s12","m0",-0.669095946330671,-1.58945287397038,-1.90771048279552,-3.05413937085697
1798,21237,"s12","m0",-0.685475526110136,-1.56233363063623,-2.16182617319964,-3.01258245606902
1799,21244,"s12","m0",-0.688384054176501,-1.49325301770538,-2.24995836692107,-2.84037494532807
1800,21248,"s12","m0",-0.647586911975813,-1.66953274694711,-1.84818255206627,-3.40956366778088
1801,21253,"s12","m0",-0.671057590836698,-1.32523891130125,-2.1671456193771,-2.63972253271609
1802,21263,"s12","m0",-0.658931730389257,-1.66386643093,-2.05462170288637,-3.44552390535872
1803,21279,"s12","m0",-0.67188229962754,-1.53057049397021,-2.27633452719435,-3.24805665727395
1804,21288,"s12","m0",-0.671213298793487,-1.5705072469103,-1.9294832068974,-2.48080261887897
1805,21301,"s12","m0",-0.708157183361402,-1.86668714404066,-2.18549781846395,-2.45242758253502
1806,21314,"s12","m0",-0.671634262827899,-1.54450746711547,-1.7380718098897,-2.35856234591624
1807,21328,"s12","m0",-0.659771531513017,-1.38696773763086,-2.37537310322721,-2.41397961265149
1808,21345,"s12","m0",-0.695675526074785,-1.6460979665764,-1.8105885751771,-2.02974602820054
1809,21353,"s12","m0",-0.721697032927986,-1.595043162033,-2.22173873788469,-3.66589820527457
1810,21367,"s12","m0",-0.662562086480126,-1.71789234959343,-1.95439068895484,-3.61179025862035
1811,21372,"s12","m0",-0.688099758962029,-1.36466690318387,-1.68351000398328,-3.24182757982117
1812,21373,"s12","m0",-0.628160958083374,-1.41545963660125,-1.87336654456739,-3.14923935764744
1813,21375,"s12","m0",-0.70519027327992,-1.36041080933393,-2.04856226261513,-2.9274219611065
1814,21391,"s12","m0",-0.693916047218345,-2.13086432628929,-1.79109804256976,-2.3892233194425
1815,21435,"s12","m0",-0.666137651584559,-1.39841615702531,-1.77492407326814,-2.79769085865278
1816,21437,"s12","m0",-0.657979184544676,-1.55628680025001,-1.95343475274815,-2.67357523035572
1817,21452,"s12","m0",-0.699916857044221,-2.16864844190646,-1.82839520332006,-2.17060600805268
1818,21466,"s12","m0",-0.679647609407532,-1.94849856465706,-2.33445175703764,-2.98712424963601
1819,21479,"s12","m0",-0.64608579535522,-2.08298247056604,-2.17530121652551,-2.19757783865581
1820,21503,"s12","m0",-0.639986217248394,-1.85063095966723,-2.40109860995823,-3.61304901438669
1821,21524,"s12","m0",-0.688509452453143,-1.69074348283577,-2.27428558086679,-3.03309087491259
1822,21526,"s12","m0",-0.63887933617562,-1.46433652487008,-2.58456994885476,-3.74795984616823
1823,21533,"s12","m0",-0.650909529817778,-1.4503427703758,-1.86614258839334,-2.8836545103415
1824,21539,"s12","m0",-0.684399918849911,-1.97983762583927,-1.59209247423903,-1.59600943715154
1825,21540,"s12","m0",-0.641840433852264,-1.77572436601135,-1.83602278255426,-1.95211719808799
1826,21541,"s12","m0",-0.662505016626659,-1.57996716074214,-2.00535906939253,-3.10952895884753
1827,21555,"s12","m0",-0.709206555710009,-1.92292500595354,-1.61105058400102,-1.93743097848269
1828,21558,"s12","m0",-0.67587278661632,-1.43076994515142,-2.11528905100843,-3.38426069312945
1829,21567,"s12","m0",-0.665784736879785,-1.51669227177164,-2.01361186566214,-2.65915317001071
1830,21581,"s12","m0",-0.688142479998671,-1.64106936136102,-1.79732974825847,-2.47736032582626
1831,21583,"s12","m0",-0.684234989853776,-1.69014734554128,-1.59921262484719,-1.99685538545982
1832,21585,"s12","m0",-0.652644029382921,-1.47106353592702,-1.68523751031071,-2.65241844681551
1833,21601,"s12","m0",-0.666651258051874,-1.46721701596247,-2.00324198349341,-2.70531040789922
1834,21613,"s12","m0",-0.677303941569627,-1.67777936796881,-2.03244899623851,-2.42500480514227
1835,21616,"s12","m0",-0.640581090512846,-1.69304525607057,-1.62578400262486,-2.95361071217986
1836,21627,"s12","m0",-0.651901043878721,-1.86546914373078,-1.91360343196527,-2.70423876447528
1837,21669,"s12","m0",-0.72265119960077,-2.04506214276148,-2.34487728802771,-2.53497851772988
1838,21680,"s12","m0",-0.690520553257059,-1.40948808847141,-1.8617517329085,-2.91975842585267
1839,21691,"s12","m0",-0.712103647621909,-2.00582412000559,-2.50586047900698,-2.3536964450955
1840,21704,"s12","m0",-0.675053585736287,-1.45384802951947,-1.68117517526995,-2.43739149062424
1841,21706,"s12","m0",-0.694298536480029,-1.8484289964,-2.04778313627549,-2.99533967307804
1842,21711,"s12","m0",-0.676668589241172,-1.47392067886882,-2.50610615416609,-2.14263781807948
1843,21721,"s12","m0",-0.70136370665198,-1.67630538750609,-1.8869161821276,-3.15635734305629
1844,21725,"s12","m0",-0.673143264406928,-2.08193822845723,-1.79670171963067,-1.46983274474416
1845,21726,"s12","m0",-0.720629578863491,-1.33296881869072,-2.23957897846652,-1.93514831982279
1846,21736,"s12","m0",-0.666651326713645,-1.87624962089414,-2.13862909350149,-3.00034207579305
1847,21738,"s12","m0",-0.709474247429862,-1.36031902270156,-2.34160790430918,-2.4081307362101
1848,21747,"s12","m0",-0.691786179621408,-1.54924340563153,-2.36040132149412,-2.8690597585324
1849,21754,"s12","m0",-0.673862502394048,-1.24054405920511,-2.71985895535904,-2.84091924903445
1850,21758,"s12","m0",-0.64811259837257,-1.77813942924535,-1.93900749151148,-2.99607430383133
1851,21770,"s12","m0",-0.714963313184166,-1.70536152573052,-1.83482343771371,-2.91040769263198
1852,21772,"s12","m0",-0.638883215972199,-1.7711847940699,-1.94253163929537,-2.62564587230473
1853,21808,"s12","m0",-0.72925386749351,-1.92758744319154,-2.14404901887658,-2.42442054708386
1854,21838,"s12","m0",-0.652730466858217,-1.71277072700936,-1.81539142320719,-2.79855373752032
1855,21848,"s12","m0",-0.671462002969306,-1.95996897944562,-1.61663585671699,-1.94374031268315
1856,21850,"s12","m0",-0.636217202601793,-1.4952465606992,-1.78061544621638,-2.28241074153081
1857,21855,"s12","m0",-0.608933463492288,-2.18245568000881,-2.07638557421054,-2.85317909776439
1858,21863,"s12","m0",-0.655163254522075,-1.17939077678477,-2.11930044680246,-2.95670076171096
1859,21864,"s12","m0",-0.690289361143768,-1.7682999182269,-1.96840478203783,-2.64871307328593
1860,21869,"s12","m0",-0.687948528248137,-1.76143429677253,-2.14057107716536,-1.63542313593358
1861,21874,"s12","m0",-0.675290455301786,-1.7932126935506,-2.1596205733388,-2.2830223082584
1862,21876,"s12","m0",-0.690874123458293,-1.56072354779834,-1.70710063678676,-3.25908657785944
1863,21883,"s12","m0",-0.658775110097479,-1.21499105098284,-1.66867091558751,-2.19707609842603
1864,21894,"s12","m0",-0.672400071294182,-1.95084805295219,-1.77323635371714,-3.07413462102358
1865,21896,"s12","m0",-0.72825916096697,-1.68163348248609,-1.79864664864676,-2.98764137813975
1866,21909,"s12","m0",-0.6476261463169,-2.18250754487781,-1.99694977109065,-2.43415164746256
1867,21927,"s12","m0",-0.674762196340645,-1.66762639718145,-2.13202249711458,-2.24394200071568
1868,21954,"s12","m0",-0.66842417011888,-1.84708911311599,-1.75676217502377,-2.29914184485046
1869,21964,"s12","m0",-0.6955284752147,-2.10712907967269,-1.91585805057106,-1.71145731433028
1870,21967,"s12","m0",-0.64713022756032,-1.32751639061421,-1.67021332036952,-3.14510828075385
1871,22001,"s12","m0",-0.664044801357519,-1.59707814318658,-1.94730776773649,-2.51862970080898
1872,22007,"s12","m0",-0.66986563287421,-1.62807677706225,-1.50895303221358,-2.15063674116553
1873,22009,"s12","m0",-0.689430125298983,-1.65630550515313,-2.1697764449702,-2.61494565917779
1874,22020,"s12","m0",-0.69551576530994,-1.44430294987201,-2.42828157676539,-3.1803639701847
1875,22032,"s12","m0",-0.705932346395898,-1.72991359959239,-1.98263849476024,-3.39729446652656
1876,22035,"s12","m0",-0.690345058661051,-1.55437014474052,-1.76141959907843,-2.74370950068155
1877,22054,"s12","m0",-0.624083144266284,-1.56247082322296,-1.85112329597041,-2.75921702563456
1878,22061,"s12","m0",-0.66246858305421,-1.5211491749671,-2.15762716766839,-2.85695600839522
1879,22063,"s12","m0",-0.683390743775592,-1.79271826308752,-1.61189067686852,-2.85362425438248
1880,22065,"s12","m0",-0.650364803605072,-1.73971084459599,-1.47387563202812,-2.85429646017802
1881,22075,"s12","m0",-0.727651104885421,-1.86132159718173,-1.93836687704331,-2.21036212571601
1882,22076,"s12","m0",-0.705925893384952,-1.96617490691767,-2.02602198409117,-2.27444996185155
1883,22089,"s12","m0",-0.662687484090411,-1.69113517118874,-2.27162313333783,-2.84694026987665
1884,22100,"s12","m0",-0.686447152326211,-1.45680870877045,-2.12252888979188,-2.63125999657821
1885,22114,"s12","m0",-0.696988907444044,-1.62101375426817,-2.16979511309427,-2.65794409219916
1886,22123,"s12","m0",-0.718130378619455,-1.52996277156936,-1.93510779629299,-2.10956999303984
1887,22126,"s12","m0",-0.673593526652274,-1.35829759612129,-2.40824967143031,-2.1666404857184
1888,22127,"s12","m0",-0.703105019665576,-1.79418854462864,-2.23903469646892,-2.95134024079672
1889,22131,"s12","m0",-0.664228961129382,-1.30607327543288,-2.07695399514087,-3.57429736700864
1890,22140,"s12","m0",-0.670049068749207,-1.78575204913622,-1.98191654276707,-3.12298770956846
1891,22147,"s12","m0",-0.687588572161305,-1.5868457461724,-2.12229175699868,-3.30072338250706
1892,22159,"s12","m0",-0.69515045347577,-1.69151033178191,-2.03091901750516,-2.04278875912056
1893,22171,"s12","m0",-0.652119194115161,-2.14391218440412,-1.6568634471414,-2.23051237206648
1894,22173,"s12","m0",-0.698533865833809,-2.1244285074054,-1.71289405005651,-2.32254777425824
1895,22191,"s12","m0",-0.681261508542624,-1.47362259025945,-2.3030821295349,-2.0319097792271
1896,22194,"s12","m0",-0.686156778709042,-1.73247995216827,-1.87318972357332,-3.00097894702386
1897,22203,"s12","m0",-0.690045026696244,-1.48969492999842,-2.43926392663702,-2.84568641099992
1898,22212,"s12","m0",-0.676259968416805,-1.20619808937457,-2.3054452690663,-2.62437948972367
1899,22246,"s12","m0",-0.651874213541192,-1.75107262019855,-2.12747599458831,-3.41979812959002
1900,22251,"s12","m0",-0.62986589200621,-1.59292867224474,-1.97469309258147,-3.34995076855648
1901,22256,"s12","m0",-0.698065117427163,-1.45291546404287,-2.19276092801947,-2.51589317141824
1902,22258,"s12","m0",-0.648244757448969,-2.30074898585546,-2.11017907242582,-2.84643475211648
1903,22271,"s12","m0",-0.679765512551422,-1.38449980283636,-1.90996404142813,-3.84615694501109
1904,22286,"s12","m0",-0.700019210465118,-1.48385739711613,-2.17263783077635,-2.19924893648913
1905,22288,"s12","m0",-0.677902983761814,-1.74777650342476,-1.77971537664635,-2.58400742880962
1906,22295,"s12","m0",-0.648662549820374,-1.46137389055386,-2.39365282237542,-1.89140657210168
1907,22297,"s12","m0",-0.727130669144403,-1.7028791118454,-1.91771410698265,-1.73724235631957
1908,22317,"s12","m0",-0.685889669261355,-2.02323960269848,-1.89837440640997,-2.22289242306693
1909,22323,"s12","m0",-0.667108199843965,-1.74448302142889,-1.62761094796117,-2.64631408989188
1910,22331,"s12","m0",-0.708068842459561,-1.76346465293642,-2.04177198527041,-2.32855004321881
1911,22338,"s12","m0",-0.682197812794243,-1.35573053706839,-1.96020709963816,-2.61350975959638
1912,22344,"s12","m0",-0.667847804411735,-1.61154892400066,-1.81089476189344,-2.59490000982223
1913,22357,"s12","m0",-0.689734434117806,-1.43852860280407,-2.07792045516349,-2.40607914237378
1914,22363,"s12","m0",-0.659315290227748,-1.60798901409352,-2.1040515347231,-3.10843796290856
1915,22378,"s12","m0",-0.654771068929232,-1.62319290665679,-2.32481481019138,-3.3634536096158
1916,22388,"s12","m0",-0.715595430279908,-2.29037655093946,-1.91790083073524,-1.86089470405821
1917,22389,"s12","m0",-0.66916104950121,-1.60062315858864,-1.37888821410996,-2.23896935294346
1918,22390,"s12","m0",-0.713898378786419,-1.72464334081467,-1.91079866113265,-1.93793677330337
1919,22394,"s12","m0",-0.723118013236744,-1.90963771092006,-2.03395143845936,-2.23004951745182
1920,22399,"s12","m0",-0.673971754564192,-2.17282832449066,-1.80194472255546,-2.97029616790149
1921,22418,"s12","m0",-0.704484090749115,-1.87463897458204,-1.83896394792166,-2.41954918531846
1922,22427,"s12","m0",-0.678872464242077,-1.59187221832069,-1.93332368567072,-2.55742660172584
1923,22468,"s12","m0",-0.643367441695788,-1.49350402923014,-1.84805756589276,-3.70237487775359
1924,22481,"s12","m0",-0.674324518860682,-1.94671001712376,-2.40420501066727,-3.31487014996072
1925,22486,"s12","m0",-0.70935593923584,-2.05177333370692,-2.20591945733538,-2.23417832268754
1926,22491,"s12","m0",-0.669076775812545,-1.80056544348619,-1.91727486019193,-3.5543792530231
1927,22496,"s12","m0",-0.708012136528094,-1.74532328994382,-1.81665547209458,-3.47093716444711
1928,22499,"s12","m0",-0.649951214425177,-1.49457374202377,-2.15405493229378,-3.40967496237594
1929,22518,"s12","m0",-0.68293460859922,-1.41602609588001,-1.74161375036478,-1.63801489856342
1930,22531,"s12","m0",-0.662014895343104,-1.46421032954911,-2.24204474313339,-2.42200695551051
1931,22532,"s12","m0",-0.71445814557049,-1.88641145099596,-2.13062954082834,-2.8283785005894
1932,22547,"s12","m0",-0.684464405208413,-1.87671926307712,-1.82454987513163,-2.74221551458716
1933,22549,"s12","m0",-0.695989840949616,-1.840416612895,-1.67444945692052,-3.04775196226118
1934,22554,"s12","m0",-0.663880514151202,-1.3820941372722,-2.11517044782262,-3.0523151625355
1935,22566,"s12","m0",-0.705327408587177,-1.60354557764967,-2.63099739373301,-2.58393836397838
1936,22592,"s12","m0",-0.66662768151633,-1.589838658567,-1.97893378783348,-3.45872343598092
1937,22607,"s12","m0",-0.711833023067111,-2.0572351554138,-2.11866436734249,-2.59748436127643
1938,22618,"s12","m0",-0.689802303158346,-1.1344555028228,-1.8631142771596,-3.02828146219095
1939,22620,"s12","m0",-0.686948250874125,-1.84207668077799,-1.7483794905676,-2.99178780190144
1940,22637,"s12","m0",-0.68099315660662,-1.54672764874104,-1.84619090443836,-3.14686151846279
1941,22647,"s12","m0",-0.689442662032459,-1.48801537149766,-1.89709141740284,-1.84830351261972
1942,22648,"s12","m0",-0.681611493816826,-2.05731926866371,-1.63864682787477,-1.95793914660383
1943,22652,"s12","m0",-0.703549861158727,-1.61580825876179,-2.24522937128581,-2.18637211550936
1944,22657,"s12","m0",-0.701487714096228,-1.81146013694933,-1.66226766683699,-2.80528305668166
1945,22695,"s12","m0",-0.741468054876803,-2.05938231870375,-1.88904585288969,-2.19167068498899
1946,22696,"s12","m0",-0.680762930591192,-1.63604423404449,-2.25561899839676,-2.02478750745405
1947,22748,"s12","m0",-0.653183579819926,-1.6244467936538,-1.74056281242262,-3.06481212270269
1948,22751,"s12","m0",-0.739660400509135,-1.44906932333428,-2.12764298632561,-2.55164154421703
1949,22755,"s12","m0",-0.680524970062168,-1.69917429571056,-1.87146540612653,-2.46660964906631
1950,22757,"s12","m0",-0.731063912934447,-1.71552229986064,-2.03180518828148,-2.64372652914109
1951,22760,"s12","m0",-0.67769576676304,-1.74769595389787,-2.20015299490312,-2.46019303233126
1952,22762,"s12","m0",-0.68676817999135,-1.50916901762953,-2.00759490241937,-2.7481753856342
1953,22768,"s12","m0",-0.658852356340111,-1.66279566263489,-1.90221013838418,-2.61042523809958
1954,22783,"s12","m0",-0.665115520704954,-1.82619591136943,-1.54466106344181,-3.24887633444823
1955,22788,"s12","m0",-0.661035019985695,-2.17854186341875,-1.6668530812821,-2.7674296649953
1956,22795,"s12","m0",-0.694296249804595,-2.06590740715701,-2.09428293138474,-2.65738132644345
1957,22796,"s12","m0",-0.68194524824513,-1.60782116129474,-2.18026432813818,-2.73593895882995
1958,22808,"s12","m0",-0.686649962551955,-1.52335347510216,-1.96847879677694,-3.13999680045725
1959,22809,"s12","m0",-0.695652856756333,-1.7455707490915,-1.82260824481257,-3.06658556279587
1960,22817,"s12","m0",-0.682745955810352,-1.44137065622143,-2.02834594129524,-2.78748706480382
1961,22822,"s12","m0",-0.650073125156144,-2.0187024881362,-1.68702018221731,-3.27768894920015
1962,22827,"s12","m0",-0.752552008683776,-2.1454865283813,-2.11095089231741,-2.37861265319522
1963,22828,"s12","m0",-0.689047732916299,-1.62161283497627,-1.84212645993375,-3.12766620568478
1964,22836,"s12","m0",-0.673969621548112,-1.81230451931702,-1.90205363747392,-2.32254146164936
1965,22902,"s12","m0",-0.646955491969288,-1.6396653214721,-2.4167068639844,-3.04767286152538
1966,22906,"s12","m0",-0.64542763781373,-1.92183587305862,-2.13593918256877,-2.65838703030116
1967,22921,"s12","m0",-0.679677623098771,-2.02304797773938,-2.05401035953015,-2.85417867935135
1968,22983,"s12","m0",-0.680437602357447,-1.85665579856533,-2.20130104173662,-2.66561389334245
1969,22998,"s12","m0",-0.691045658411767,-1.99485071860672,-2.35525350508278,-1.90657105463681
1970,23008,"s12","m0",-0.693372453484565,-2.03573088147473,-1.72346285026398,-2.44855847919823
1971,23061,"s12","m0",-0.723269174140576,-1.56401118530184,-2.31635112375685,-2.47789378623503
1972,23064,"s12","m0",-0.661040888496624,-1.49670129045801,-1.50851609479042,-2.8597661771049
1973,23072,"s12","m0",-0.66159230397707,-1.44965877187344,-2.05383270791927,-2.46004589057836
1974,23073,"s12","m0",-0.657858681709074,-1.45798112535856,-2.27581038295611,-3.41318715437491
1975,23076,"s12","m0",-0.700456661878357,-2.359366822916,-1.77916990354274,-2.76972603444365
1976,23114,"s12","m0",-0.723753015951863,-1.72047034655376,-1.59559215390848,-3.10909386202895
1977,23125,"s12","m0",-0.747480678235618,-1.84156043764125,-1.94098977206247,-1.66506158354178
1978,23126,"s12","m0",-0.60674537713844,-1.36738819965805,-2.3273361561538,-2.98834603825627
1979,23146,"s12","m0",-0.63038893373557,-1.58418517190195,-2.04274817072657,-3.39549910817395
1980,23186,"s12","m0",-0.717409580555688,-1.90436547598105,-2.00723860198579,-2.3028292662341
1981,23191,"s12","m0",-0.765518495220069,-1.75974124694674,-2.11776561268964,-2.39277369408651
1982,23194,"s12","m0",-0.681998027881245,-1.57334454162386,-2.04059175531884,-2.98094091472133
1983,23214,"s12","m0",-0.666383005305555,-1.46487594645843,-1.62908191042378,-2.4948324165331
1984,23220,"s12","m0",-0.683900549568282,-1.55336051842436,-1.71245807604864,-2.3435245686711
1985,23225,"s12","m0",-0.707852463298543,-1.69638588508325,-2.02209139102145,-2.82755588290087
1986,23245,"s12","m0",-0.672811950570439,-1.41915479039055,-1.95884340765133,-2.83029242301369
1987,23248,"s12","m0",-0.693465679355376,-1.93616540162976,-1.76120993698822,-1.72366978661796
1988,23250,"s12","m0",-0.692305816762951,-1.89408900133575,-2.65284385886849,-2.76381002117448
1989,23264,"s12","m0",-0.662398389141513,-1.59421259656603,-1.50753155920908,-2.41783350773272
1990,23310,"s12","m0",-0.682977998592948,-1.97833065260761,-1.76118994800851,-2.52529082934568
1991,23337,"s12","m0",-0.648570532810755,-1.52946343495272,-2.16274146929002,-2.96800091891286
1992,23359,"s12","m0",-0.64783653734554,-1.83313544431011,-1.69913223344524,-2.01692252558942
1993,23376,"s12","m0",-0.687501229999634,-1.70777809525885,-2.40092447207394,-3.0456011223135
1994,23378,"s12","m0",-0.673770976506586,-1.81817869000635,-1.95899863031766,-3.07115644908196
1995,23394,"s12","m0",-0.686691433722142,-1.80807780188686,-1.71899061735243,-2.70726599528159
1996,23403,"s12","m0",-0.689709358396996,-1.52813608969303,-1.99984664697034,-1.89054017164402
1997,23409,"s12","m0",-0.652764028094717,-1.7847488120877,-1.58649358503881,-2.02812983289609
1998,23410,"s12","m0",-0.611589567849635,-1.47307408836688,-1.93262323368618,-2.86852011390798
1999,23438,"s12","m0",-0.665208580474623,-1.97343817482749,-1.83676559816729,-2.43111759392363
2000,23441,"s12","m0",-0.688833968086445,-2.15196359058844,-2.17765690912551,-3.24888619579817
2001,23473,"s12","m0",-0.721232058298748,-2.09906881851207,-2.06779751236476,-2.59400657955143
2002,23484,"s12","m0",-0.686201835624476,-1.66535158120058,-1.83414332130222,-2.5984873943539
2003,23501,"s12","m0",-0.674441431929857,-1.52670895317406,-1.80435750149779,-2.59485784558656
2004,23515,"s12","m0",-0.672575213629089,-1.59453911004103,-1.92211286601029,-3.14915448691456
2005,23535,"s12","m0",-0.714381085384212,-1.51166176283756,-2.0556507701407,-2.92697033295841
2006,23536,"s12","m0",-0.708920671063727,-1.63200562904078,-2.13859322417071,-2.47209045854535
2007,23561,"s12","m0",-0.72365631683412,-1.87850014516504,-2.00033031745656,-2.4799218848695
2008,23571,"s12","m0",-0.692068289281891,-1.87992817859443,-1.80439858195608,-2.45322415538245
2009,23585,"s12","m0",-0.656105725850194,-1.54344154977423,-2.10282189344586,-2.60312059938327
2010,23586,"s12","m0",-0.682956341786822,-1.74521548882616,-2.02667659935585,-2.13992855993998
2011,23594,"s12","m0",-0.655899090608345,-1.52894129290433,-2.14909696122307,-2.57844337452342
2012,23595,"s12","m0",-0.702419369176038,-1.59786822943162,-2.11134287113609,-2.48409680639538
2013,23607,"s12","m0",-0.614905044283181,-1.65821616501855,-1.91786708079084,-2.95716137697706
2014,23613,"s12","m0",-0.698219985156892,-1.40375666974255,-1.6883462157871,-2.4417575096891
2015,23616,"s12","m0",-0.676886915762607,-1.63296960513913,-2.22159600982097,-2.54725590157326
2016,23636,"s12","m0",-0.695780807966386,-1.94905937570925,-1.9386128534795,-2.51805942591625
2017,23638,"s12","m0",-0.616742564287082,-1.65790620974318,-1.60055753961639,-2.03006205714264
2018,23648,"s12","m0",-0.661540220763932,-1.58111473646219,-1.79795855294891,-3.23668041126912
2019,23652,"s12","m0",-0.639895220295232,-1.76711609006886,-1.84565408482008,-3.94096334675128
2020,23654,"s12","m0",-0.710701394125398,-1.88448556627452,-2.2571655814576,-3.20056954821405
2021,23655,"s12","m0",-0.660999454711376,-1.17532068118409,-2.48646605676761,-2.57392839058959
2022,23661,"s12","m0",-0.647647782344284,-1.38394909816405,-1.70327144478501,-3.09490891922696
2023,23694,"s12","m0",-0.636285303625693,-1.56827519401492,-2.35165367803945,-2.2298091778195
2024,23717,"s12","m0",-0.695963966463156,-1.32037500297032,-2.38846245760277,-2.67064089648014
2025,23722,"s12","m0",-0.706958744551647,-1.89973913187681,-2.34122802872211,-3.49546605311463
2026,23762,"s12","m0",-0.652593289668873,-1.47696772845155,-2.18089152874767,-2.12205458869081
2027,23767,"s12","m0",-0.691137819929958,-1.7214445215374,-1.99527200833359,-3.4917532397883
2028,23769,"s12","m0",-0.688221010073914,-1.43763688924093,-1.9740624011921,-2.01569392293199
2029,23776,"s12","m0",-0.715736521714988,-1.58785660516968,-1.8191372515348,-2.72575544281027
2030,23786,"s12","m0",-0.709461159599113,-1.6631841856197,-2.04890839296592,-3.31398518959788
2031,23801,"s12","m0",-0.717577307469519,-1.7186843671954,-1.94593738357243,-3.1714032400518
2032,23802,"s12","m0",-0.613467048422967,-1.70944482984183,-1.74916190564929,-3.54336471244905
2033,23812,"s12","m0",-0.665256460366335,-1.42529252403998,-2.14072524172447,-1.92746560963255
2034,23814,"s12","m0",-0.713470744768978,-1.31713380595031,-2.1610239291647,-2.09749609615508
2035,23836,"s12","m0",-0.686949712938287,-1.9184808191017,-1.72474221962089,-3.223190239363
2036,23855,"s12","m0",-0.69557998974832,-1.53799273633651,-1.83034222124519,-2.89726822274341
2037,23857,"s12","m0",-0.693355132942963,-1.37891198794888,-1.82486894480683,-2.2459214337148
2038,23860,"s12","m0",-0.6677066696688,-1.39321223697949,-1.51018045529743,-2.86051289032028
2039,23882,"s12","m0",-0.670739555874609,-1.4308080752338,-2.06867527366687,-2.74791602060366
2040,23897,"s12","m0",-0.646288261014466,-1.68877263193066,-2.01312779956593,-2.8536759247744
2041,23919,"s12","m0",-0.65788004278101,-2.0245430561826,-2.24699265555913,-2.58258417537325
2042,23922,"s12","m0",-0.700753843397687,-2.12249904072938,-1.94981324715095,-1.77197939566044
2043,23931,"s12","m0",-0.692101339155321,-1.55368828581731,-2.51899439689707,-2.53784777962549
2044,23937,"s12","m0",-0.664381786310005,-1.34897488874435,-1.97150350979703,-1.78961517266824
2045,23942,"s12","m0",-0.726780141200884,-1.71265088877323,-1.85691668817259,-2.39922649430357
2046,23947,"s12","m0",-0.694542546877534,-1.41352564118311,-1.9859679810544,-2.31350482215964
2047,23985,"s12","m0",-0.67511741929874,-1.63898005802104,-2.046967343038,-1.87644521508749
2048,23997,"s12","m0",-0.725891615026939,-2.08770671390566,-1.94283234042901,-1.81755064229386
