"draw","source_draw","id","assumed_model","alpha_0","alpha_1","alpha_2","alpha_3","nu_0","nu_1","tau"
1,9,"s14","m3",-0.746321609927332,-0.40877428872897,-0.116000714141256,-0.755725563274328,-0.56752815172843,-0.0714807095242314,0.326057897100389
2,16,"s14","m3",-0.818999217082297,-0.504393596466323,-0.238552912632973,-0.913276106843501,-1.03556808355628,-0.527902882043077,1.41872362114844
3,46,"s14","m3",-0.810210699374141,-0.435476847318468,-0.194353177346586,-0.886112846047435,-1.0984613504938,-0.324045210505629,0.575650684833266
4,48,"s14","m3",-0.804017136068339,-0.491284113213437,-0.22021934809466,-0.870509615999462,-0.604721027751923,-0.163893068497269,1.14116882040876
5,53,"s14","m3",-0.758658946656356,-0.514698753988989,-0.1553020274908,-0.92865599752447,-0.608310044410098,-0.233205831021546,0.845970513313746
6,56,"s14","m3",-0.818753705883731,-0.482552059754319,-0.0604047753967005,-0.977355818123255,-0.596689524030162,-0.171862201436213,1.47555647637054
7,57,"s14","m3",-0.80572446627913,-0.46793768591866,-0.26446348583558,-1.01391689650199,-0.773921791389224,-0.155880382406755,1.75294175100594
8,58,"s14","m3",-0.803693512590495,-0.424114061139595,-0.166440380543848,-0.882171802392872,-0.828938072368814,-0.14417981725075,0.856719318361648
9,71,"s14","m3",-0.784492740031749,-0.468238278153223,-0.192967818895067,-0.873687208937256,-0.52845001346844,-0.325647581972676,0.994616629919862
10,86,"s14","m3",-0.824571860282355,-0.540521938911523,-0.215336719417996,-0.900822272219714,-0.876087240201536,-0.16761194820611,0.872375046603864
11,96,"s14","m3",-0.850378787321237,-0.462288990283244,-0.197019733632736,-0.962284704321684,-0.590433621329813,-0.246967384030512,1.2606043547173
12,118,"s14","m3",-0.830828415640383,-0.548815744857651,-0.239357359181806,-1.08139541727068,-0.546843262229268,-0.479741850617411,1.27121926157787
13,119,"s14","m3",-0.794928763199923,-0.531923649453532,-0.212475670770072,-0.983134312215254,-0.646552238441492,-0.277171909355576,1.2891866444454
14,120,"s14","m3",-0.817171707833321,-0.544027987301657,-0.171470211377375,-0.80238665548049,-0.894668786300325,-0.562761479406556,0.488171770142844
15,132,"s14","m3",-0.806302246941734,-0.480997327656228,-0.157454650598528,-0.982276352316563,-0.341031599936606,-0.489253552738808,1.08386527278484
16,135,"s14","m3",-0.879259749240592,-0.386942406400823,-0.134130870663915,-0.973529614823584,-0.685795882267891,-0.298721644942792,1.32268126315675
17,143,"s14","m3",-0.855125944726138,-0.465945366808339,-0.12586096907385,-0.943945108025028,-0.517702172407689,-0.319238978279146,1.31576411318794
18,149,"s14","m3",-0.714027277342658,-0.434038750171282,-0.206819913965637,-0.833634130103372,-0.442740676600979,-0.403788660221818,0.912059161197072
19,176,"s14","m3",-0.81151917125934,-0.512299774769818,-0.209923081075307,-0.908331029335036,-0.624790488058155,-0.667209076267418,0.940366321315742
20,177,"s14","m3",-0.784062763046201,-0.554096913579052,-0.141227468087443,-0.848090155569981,-0.6966303162537,-0.514326993440694,0.895492597106868
21,191,"s14","m3",-0.913895614175616,-0.531277936442806,-0.250108809951238,-1.02639447434967,-1.28191932854136,-0.520544400275034,1.75958267248594
22,194,"s14","m3",-0.715140892498926,-0.463697337549292,-0.0881973499037644,-0.851919756358135,-0.409978104239003,-0.461952455907596,0.419905472131505
23,205,"s14","m3",-0.835038715487101,-0.545588333274728,-0.167293653439024,-0.931576897289663,-0.571738350592585,-0.277115171751626,1.50201476611094
24,215,"s14","m3",-0.770409055300304,-0.435890049860132,-0.0188602411052209,-0.843455121097302,-0.5750056630546,-0.24179259965484,0.937623413861728
25,220,"s14","m3",-0.825216219549542,-0.532815193592391,-0.15308135623601,-0.990456498087078,-0.521095138907514,-0.409057750080234,1.28909299947119
26,230,"s14","m3",-0.729333610365185,-0.494998968098897,-0.122735196374096,-0.870737385352523,-0.194767872848918,-0.319356769644967,1.39108683564292
27,242,"s14","m3",-0.778427545537521,-0.504067898750354,-0.113207898600531,-1.04774567782024,-0.433943802180268,-0.399123073034911,1.25107747305489
28,266,"s14","m3",-0.782826356428686,-0.485933333434602,-0.0890228865276508,-0.884130196108475,-0.486764697330286,-0.453742768627456,0.932459818106428
29,284,"s14","m3",-0.859807038238819,-0.636676784807064,-0.148467810448774,-0.953417559243265,-1.10808075288675,-0.815028583378206,0.911264267682084
30,297,"s14","m3",-0.891512683677797,-0.526097866425333,-0.317942389431283,-0.877333876002705,-0.81989544397736,-0.33227834668122,1.01873497513576
31,303,"s14","m3",-0.760726286130028,-0.348318961082364,-0.0130966131835949,-0.801347074432031,-0.425063628583536,0.0322878856093632,0.397390852360282
32,315,"s14","m3",-0.740461759158106,-0.570410560627369,-0.23486806408661,-0.885469539662544,-0.69661643248016,-0.48260632143413,1.26112821876844
33,325,"s14","m3",-0.88468072681647,-0.464004647653029,-0.215458072580511,-0.914764394632607,-0.718533278113055,-0.275579593751693,1.5120598170348
34,328,"s14","m3",-0.814529610144086,-0.524037078587022,-0.23398469444214,-0.9559464705475,-0.60300614650436,-0.384122372843796,0.970489275917516
35,348,"s14","m3",-0.847155508384489,-0.500095120042623,-0.204400916969663,-0.930530864682439,-0.518972551066033,-0.250516627887521,1.38251470733554
36,354,"s14","m3",-0.884134582165218,-0.483121322593995,-0.258723769201141,-0.924456647684219,-0.611069871381736,-0.262802579765792,1.53919425168313
37,357,"s14","m3",-0.853914949578956,-0.614194270814894,-0.210600159666963,-1.03876056372008,-1.09645349409113,-0.596952250204039,1.73807340102321
38,362,"s14","m3",-0.847729937164863,-0.628500936030043,-0.231563461011059,-0.915040729007473,-1.03905913043395,-0.295638567330026,1.16220390797682
39,387,"s14","m3",-0.838184972497592,-0.519834228544315,-0.157007199602993,-0.940711575399028,-0.634846122326469,-0.129098937798696,1.32915835119727
40,393,"s14","m3",-0.795303173748386,-0.49616266612969,-0.128819686970057,-0.978121182852068,-0.640755967972054,-0.662536408919717,0.910723569153377
41,397,"s14","m3",-0.798816303959128,-0.473061533476424,-0.289057152484906,-0.968580789318892,-1.4060661635857,-0.510681352815385,1.21913425874664
42,405,"s14","m3",-0.788563619939084,-0.407360977690905,-0.114456662752625,-0.862226773876969,-0.502049626110686,-0.184734425522706,0.671330312555384
43,417,"s14","m3",-0.742068876286699,-0.458064399810948,-0.240778934297097,-0.901985401903444,-1.23262780163151,-0.376742940223723,1.07825314988903
44,426,"s14","m3",-0.813338677342832,-0.412991256848387,-0.149359269179968,-0.904585831222037,-0.568438015463835,-0.447187539523738,0.915872165812483
45,428,"s14","m3",-0.824810199928075,-0.435392471518705,-0.224647054106466,-1.06192079166002,-0.91679966370908,-0.425316303834032,1.41323715759458
46,434,"s14","m3",-0.736685624983574,-0.477177017800346,-0.108817685362728,-0.861890117858344,-0.849903925094332,-0.187043129832883,0.570613077867566
47,446,"s14","m3",-0.836095989745243,-0.523206151020476,-0.157096370414307,-0.98456286155451,-0.567512774004429,-0.681049476099507,0.877592824386575
48,466,"s14","m3",-0.809421506524021,-0.489057275812714,-0.224212874506291,-0.920810150869753,-0.681963298702484,-0.163055873529883,1.01080584475343
49,468,"s14","m3",-0.874320804521946,-0.531359780100596,-0.334737487596165,-1.05125958561063,-0.874430225495117,-0.33979348161011,1.47365444919284
50,469,"s14","m3",-0.844567131412203,-0.492888377660402,-0.202564895603806,-0.962543412528544,-0.737255980035213,-0.468023215736001,0.815418248128325
51,473,"s14","m3",-0.853286789210507,-0.496691115265416,-0.148260331589838,-0.976187761458309,-0.434753626024097,-0.47190270167932,0.950057993562584
52,474,"s14","m3",-0.765829878237595,-0.428531396644855,-0.245138365012241,-0.933262903228766,-0.758432112205305,-0.258113262842333,0.926917146130626
53,486,"s14","m3",-0.932868514212938,-0.439870269315598,-0.287873511585215,-0.934222709062289,-0.772196907018308,-0.270087127510079,1.71277747806057
54,490,"s14","m3",-0.931209586044627,-0.528659070679536,-0.168446565195031,-1.06173614242098,-0.612777446657283,-0.53125657092834,1.47430066985709
55,500,"s14","m3",-0.829261336062531,-0.529817930874989,-0.201795136248872,-0.929581815309118,-0.683551566516116,-0.585478791998437,0.707762906415174
56,501,"s14","m3",-0.77948844574296,-0.516415533695752,-0.0736272075961045,-0.892995926104179,-0.749917781142619,-0.339444736746443,1.34203632178739
57,519,"s14","m3",-0.830205200089389,-0.460445093225196,-0.0980712606083582,-0.914524417342203,-0.624778394848613,-0.227408788599096,1.19199375634441
58,527,"s14","m3",-0.805859477240567,-0.492184486588186,-0.189614860626314,-0.973139994661293,-0.952107295294655,-0.411290861146658,0.733145653712252
59,533,"s14","m3",-0.830994054253334,-0.56820802193426,-0.224362461603579,-0.966500933016148,-0.759595585481134,-0.611658795648213,0.805161493906292
60,535,"s14","m3",-0.872490166680927,-0.5020694967213,-0.237854048375056,-1.01488827922444,-0.970919217829089,-0.458382557946956,1.20650297779402
61,554,"s14","m3",-0.822194661167187,-0.619375579069526,-0.130100211504684,-0.892849851945719,-0.557672266109183,-0.587819495664678,0.975747336900183
62,573,"s14","m3",-0.757541361711737,-0.515613101774095,-0.192132332207988,-0.957003683102273,-0.838996404142328,-0.306781719440773,1.13168542556011
63,576,"s14","m3",-0.793710606769071,-0.448042024088989,-0.145921802311397,-0.931416687201174,-0.579054981141273,-0.279170376962415,0.65236351061526
64,578,"s14","m3",-0.742316161073168,-0.415817459453853,-0.227900920710064,-0.88429829823009,-0.537624384300857,-0.0801595218817526,1.27356541744223
65,588,"s14","m3",-0.831529150450624,-0.462113626940169,-0.123675245748018,-0.918079409100211,-1.08037987291444,-0.233921516975121,1.05444392936636
66,608,"s14","m3",-0.728927169061908,-0.456726425581228,-0.199889397881844,-0.992037417281523,-0.618549139622199,-0.574662828581961,1.03773153474108
67,636,"s14","m3",-0.79167074385147,-0.556987515649939,-0.269656040284959,-1.00684150187273,-0.496605962654926,-0.412305692011268,1.09703278794956
68,646,"s14","m3",-0.743367524261263,-0.413560936719393,-0.174014952908379,-0.866480374865329,-0.447833301852182,-0.0655492696214081,0.997568437154239
69,662,"s14","m3",-0.789014529794368,-0.598815187475621,-0.242862426489817,-0.96489829577294,-0.87728440496031,-0.613259044354684,1.0578966941599
70,664,"s14","m3",-0.80019710526985,-0.471370476272267,-0.0352877988171378,-0.924953481003892,-0.408942914045914,-0.303379645881154,0.76210803458178
71,690,"s14","m3",-0.696111335662483,-0.342754800288183,-0.234293564598434,-0.820894216916233,-0.795271583976928,-0.103459963954526,0.440726789717409
72,698,"s14","m3",-0.750713390057146,-0.441724532863225,-0.234430442199694,-0.871276058589677,-0.564589205493634,-0.192093017348954,0.633131933688322
73,702,"s14","m3",-0.87978968157991,-0.384523438745924,-0.147085907444754,-0.995795538707726,-0.814290425327041,-0.240034842028029,1.49250507569834
74,715,"s14","m3",-0.818742518676751,-0.492042263112524,-0.135482162744933,-1.01118747266979,-0.803177345007667,-0.725407945229846,1.0364686162722
75,719,"s14","m3",-0.775569196540113,-0.520644911262736,-0.225887476736847,-0.91075461911607,-0.610959847927946,-0.165859972187512,0.994035075095187
76,723,"s14","m3",-0.841931551674657,-0.481114497678373,-0.26527175112652,-0.960526234991309,-0.796417914528078,-0.344404649519705,1.05098515254617
77,746,"s14","m3",-0.805100367505164,-0.512270886892428,-0.245858683312932,-1.02824637996772,-0.975862776159278,-0.81626365527806,1.45455813983976
78,762,"s14","m3",-0.889139769575514,-0.555635180508856,-0.324422026628171,-1.05679069087902,-1.18536370574904,-0.299577845755202,1.76594935921465
79,769,"s14","m3",-0.761409226737643,-0.516820975121923,-0.0939541372956897,-1.00334432021612,-0.428810846611533,-0.336997634659118,1.09668401041854
80,782,"s14","m3",-0.869580784093855,-0.460629827090454,-0.164648800323544,-0.898031359330757,-0.543896338263683,-0.405688696737524,0.807243887308477
81,788,"s14","m3",-0.874806266832865,-0.508988890646432,-0.224472592827639,-0.942059367189433,-0.676591867603254,-0.0623843424395474,1.29681858587134
82,797,"s14","m3",-0.776476686904115,-0.491990573498165,-0.160112391494278,-1.01037904882255,-0.511956395970734,-0.215236047787917,1.55931939829012
83,798,"s14","m3",-0.77935311204447,-0.507846331990772,-0.147956852917768,-0.842694563664709,-0.701346241082532,-0.138199617939934,1.22359334233485
84,808,"s14","m3",-0.833492382020779,-0.496662594735234,-0.170484415811353,-0.882098203204237,-0.758994550996386,-0.0467438290832051,1.13511114171292
85,818,"s14","m3",-0.808963089391336,-0.365121124014449,-0.170542175548112,-0.908375024207843,-0.662141700161527,-0.159217873411935,0.863473141867893
86,830,"s14","m3",-0.835216187243063,-0.555864102465182,-0.27018356844219,-0.898160655441597,-1.16088534178878,-0.586557120013925,1.03869732715549
87,854,"s14","m3",-0.817598877656842,-0.500797396859654,-0.242187108988202,-0.925948902041153,-0.719890339199421,-0.2720656925915,1.25182642786713
88,862,"s14","m3",-0.835028485143793,-0.437343143317559,-0.226266281481932,-0.982155606935137,-0.698190168838167,-0.356528952059189,1.36827848536644
89,867,"s14","m3",-0.861428200818059,-0.46961552142544,-0.169936098707322,-0.840361752278643,-0.641375565254101,-0.367205820005448,1.03872866096099
90,874,"s14","m3",-0.702693030612269,-0.47148199583672,-0.144958432934823,-0.90978281002462,-0.543023806002164,-0.341275313294526,0.38065806559305
91,880,"s14","m3",-0.709817115167704,-0.472384482335895,-0.20967498488469,-0.913988522550402,-0.617751269708595,-0.354835586403508,1.00604022527209
92,920,"s14","m3",-0.740055056737291,-0.500155982971127,-0.124360892585564,-0.922523974304037,-0.393820270050405,-0.580597312525937,1.05122412177597
93,951,"s14","m3",-0.912795148507203,-0.430741778112728,-0.17778244222877,-0.888477646136986,-0.915450290985988,-0.15724251120533,1.21208284119407
94,975,"s14","m3",-0.75605765054957,-0.523422785577444,-0.267289654748643,-0.913249857939736,-0.562318962987303,-0.4834314719949,0.993017433575988
95,999,"s14","m3",-0.76838110701689,-0.393921907425005,-0.20967196377944,-0.922305582395373,-0.473520350670483,-0.174031717011307,0.772682169174264
96,1018,"s14","m3",-0.818508540867385,-0.44737168461024,-0.220543953367959,-1.0080553165188,-0.838735053875552,-0.704741406006198,1.29645714335879
97,1032,"s14","m3",-0.780056761153331,-0.396121435697538,-0.169473031618861,-0.824129643220052,-0.79898930485923,-0.24829400428465,0.740924738745697
98,1065,"s14","m3",-0.744381043538588,-0.377401644248307,-0.087154199852114,-0.901180428174874,-0.364138018689347,-0.420087277397006,0.369977900562864
99,1091,"s14","m3",-0.794129236318028,-0.493436923469593,-0.230488632344856,-1.04318263408769,-0.63354597816599,-0.561213285520915,1.17831679274777
100,1092,"s14","m3",-0.86122485061059,-0.413635559405396,-0.140291622264103,-0.891341235797675,-1.19660303427075,-0.144635337493395,1.12950592659004
101,1102,"s14","m3",-0.860671108660277,-0.519317945653402,-0.18780115627391,-0.960178690669019,-0.710727862152959,-0.307960760787155,0.903927889574399
102,1105,"s14","m3",-0.786170080207602,-0.484733916720851,-0.104024674778596,-0.923255288523438,-0.321023316785073,-0.4775253831354,0.907234975579063
103,1138,"s14","m3",-0.761025438125864,-0.511165518906588,-0.249242069779448,-0.879455180011764,-0.785719580573239,-0.538550729461584,1.1711678546097
104,1157,"s14","m3",-0.868104315501686,-0.475918973128385,-0.178182419849108,-0.944671575265471,-0.926162539622059,-0.206904733143238,1.09394214717778
105,1168,"s14","m3",-0.837205092795038,-0.582903075987218,-0.122349363010647,-0.922719150400825,-0.741346521374107,-0.480332329567461,0.863638155654184
106,1175,"s14","m3",-0.811037413082239,-0.492445453189616,-0.0237232526581235,-0.928132653731601,-0.401082399154117,-0.298707453816853,1.60202829949847
107,1208,"s14","m3",-0.905350431278909,-0.575477602656564,-0.245182399909576,-0.957452580103282,-0.479240563010627,-0.579392273458844,1.41157531852673
108,1211,"s14","m3",-0.733020939374714,-0.464464444751161,-0.102615934170309,-0.910468299990489,-0.589369764296003,-0.220868429992907,0.573114770075722
109,1258,"s14","m3",-0.840788639873747,-0.413691923311011,-0.134198241005376,-0.919013920206847,-0.513969434640197,-0.0933995880282828,1.49909341258738
110,1268,"s14","m3",-0.815088135947561,-0.485573802406191,-0.20489329278562,-1.01446381507361,-0.78604060367436,-0.37084673737822,1.05540960045323
111,1269,"s14","m3",-0.710768711608608,-0.591859452134177,-0.111930823411656,-0.904437448023814,-0.516673531000886,-0.605767504826814,0.669914448502442
112,1284,"s14","m3",-0.828488906486731,-0.41918387417079,-0.288702620535591,-0.94048725765504,-0.758956429462803,-0.305686228498929,1.57547850324386
113,1285,"s14","m3",-0.824722158286096,-0.501149444434088,-0.200246413770772,-0.966173430961429,-0.698988228283699,-0.157408510809168,1.20957277730795
114,1286,"s14","m3",-0.8491180914531,-0.430164480504344,-0.283839111645527,-0.939167553524732,-0.878194589603742,-0.515097217821219,1.09515648477182
115,1293,"s14","m3",-0.785310824953596,-0.575704945538466,-0.162228352074933,-0.9710528105384,-0.73002171177732,-0.481361673253756,1.65985775842817
116,1298,"s14","m3",-0.795345788073525,-0.565992117950186,-0.219860038409359,-0.958964461778419,-0.896117554516503,-0.470075683560934,0.979241004013816
117,1311,"s14","m3",-0.832300888380572,-0.502179715281858,-0.191096467704131,-0.985340855273892,-0.633125851839062,-0.211366427546722,1.48788671776079
118,1328,"s14","m3",-0.852463124956766,-0.613232812849853,-0.132070814870562,-1.08638853387344,-0.521823608783965,-0.800187438203298,1.52312041321974
119,1337,"s14","m3",-0.785373586844328,-0.510855189828569,-0.240859782148116,-0.896898444986161,-0.664948642792531,-0.264157492183429,1.32223512843249
120,1365,"s14","m3",-0.662089544316103,-0.435504621867203,-0.133529396713713,-0.85405059886537,-0.634781461220459,-0.32152212956716,0.665771461378308
121,1369,"s14","m3",-0.70328491470255,-0.475246806662958,-0.117353855318198,-0.84210062706364,-0.408277610653275,-0.615317722016141,0.708757182400787
122,1385,"s14","m3",-0.857893423242007,-0.60136903184069,-0.0877179372337242,-0.961732809587836,-0.836997879005525,-0.432157086589326,0.973380125339495
123,1399,"s14","m3",-0.809998603763241,-0.443241803727773,-0.146586620894483,-0.883008180158704,-0.844068371319171,-0.235908250771125,0.990528182417318
124,1427,"s14","m3",-0.769155115823161,-0.608795252607072,-0.15217710379512,-0.860707660040593,-0.737496590608798,-0.599406794911888,1.13724933042765
125,1450,"s14","m3",-0.724358913038307,-0.471330952429524,-0.100222206196798,-0.914033447278843,-0.575915909561893,-0.692626681258485,0.559636757623634
126,1480,"s14","m3",-0.846071785969468,-0.49465251239424,-0.136497411152461,-0.958221056797794,-1.13997339273036,-0.536178186312748,1.02995680502383
127,1485,"s14","m3",-0.805023421543621,-0.524066357130662,-0.122845278717994,-0.976863894579682,-0.8519439238586,-0.368494413292226,0.73092925127849
128,1492,"s14","m3",-0.681425278254446,-0.401284172034112,-0.100730665720696,-0.801317191324791,-0.502234388199795,-0.144152643502213,0.473937033942177
129,1505,"s14","m3",-0.749705662606615,-0.526816894562846,-0.304770837207041,-0.986878514096877,-0.7264975336626,-0.439658977561416,1.11325099248907
130,1525,"s14","m3",-0.729130150450535,-0.437263317694104,-0.0814812518705738,-0.865727631142297,-0.614524248289829,-0.300704048555437,0.737648159503879
131,1532,"s14","m3",-0.853985174237893,-0.351418070222957,-0.195995174515242,-0.824283289375921,-0.506587865997237,0.0725864306113964,0.793254031510375
132,1539,"s14","m3",-0.817120557861826,-0.544687707357676,-0.23821292438367,-0.964367476583576,-0.712365375047743,-0.440354447779076,1.34076657989805
133,1544,"s14","m3",-0.761652738292013,-0.459767954999807,-0.271889457089341,-0.939070966717343,-0.981799683399306,-0.525343393953439,1.21529929942366
134,1550,"s14","m3",-0.820468514892996,-0.508700474024288,-0.144400582725615,-0.942734011842513,-0.506932934383194,-0.481569335855442,1.0169882298925
135,1619,"s14","m3",-0.829309783262373,-0.437137974953865,-0.111508834791562,-0.832237720576447,-0.321411240233278,-0.135380563908052,1.0144594632206
136,1632,"s14","m3",-0.820064038817807,-0.514399553167176,-0.346352176484205,-0.91866489163364,-1.18251639073359,-0.370813683797481,0.870414165763952
137,1639,"s14","m3",-0.824174993244558,-0.524254423674706,-0.013162549714072,-0.980086151954036,-0.345050140956582,-0.550348602897598,1.14956567009981
138,1668,"s14","m3",-0.747411401777945,-0.49890571711747,-0.186456459124056,-0.954610591137561,-0.68620408153141,-0.438060003250855,1.34185718156336
139,1689,"s14","m3",-0.749643153468179,-0.464952655659727,-0.0215119855895632,-0.864606036967359,-0.473258882813041,-0.5446575383624,0.566360175709668
140,1701,"s14","m3",-0.75987312908088,-0.436769383981518,-0.185335717579077,-0.905189015796506,-1.03556572157206,-0.128828942824288,0.846799857337401
141,1715,"s14","m3",-0.80828115228141,-0.603564092171389,-0.202329028393621,-1.00261710070487,-0.87297584357749,-0.67171954151213,1.51861823479226
142,1737,"s14","m3",-0.758912876061648,-0.402365376747085,-0.240444723938631,-0.927752711055596,-0.866093327537582,-0.2402677480935,1.04479510418739
143,1741,"s14","m3",-0.89922031400263,-0.529095229619042,-0.123606537433481,-0.912673371081855,-0.733635728140695,-0.310570069875822,0.925434020664666
144,1744,"s14","m3",-0.749618409484219,-0.552997490622569,-0.229544250661661,-0.93806781111942,-0.556970071154047,-0.718206040265132,1.19349321848208
145,1749,"s14","m3",-0.766213070039935,-0.464538506253426,-0.183277538428678,-0.8869060753575,-0.495694936021785,-0.400540977899165,0.721972338182506
146,1753,"s14","m3",-0.835230925994525,-0.435533733057018,-0.300025145762952,-0.884796515274523,-1.18883904019511,-0.372419841777127,0.94714184270064
147,1778,"s14","m3",-0.75540336619662,-0.480985171380134,-0.195034396514986,-0.856190670734968,-0.76569786818868,-0.237634351240084,0.21788250558974
148,1796,"s14","m3",-0.808134989576585,-0.488266605692539,-0.174812923394176,-1.03581777100748,-0.871871083526675,-0.401918661038259,1.2075397577467
149,1802,"s14","m3",-0.843126007248516,-0.469137344769147,-0.0459153215856925,-0.878571780003577,-0.758421784580093,-0.304748716405875,0.754835625007895
150,1803,"s14","m3",-0.772087059559317,-0.419207896549348,-0.308782562632761,-0.870291318671792,-0.955792664307443,-0.303857180354493,0.790505073450321
151,1805,"s14","m3",-0.778041348648043,-0.460385194354953,-0.159574131288884,-0.963615686290731,-0.309414093262089,-0.390528507738033,1.23068383351665
152,1833,"s14","m3",-0.829502083793976,-0.587704764372696,-0.113509313072961,-0.987981293762716,-0.565036421197912,-0.189266517427234,1.52977653050919
153,1836,"s14","m3",-0.818547738150024,-0.534253726768623,-0.148546371136134,-0.990927431416846,-1.13303832780174,-0.378474358652355,0.853286725244555
154,1847,"s14","m3",-0.790610549331385,-0.485660814454733,-0.186526940555709,-1.00778715647753,-0.986590942870502,-0.36314663263067,1.31741447571114
155,1885,"s14","m3",-0.751768926771531,-0.507904114990908,-0.165030192565938,-0.930337002415553,-0.789413345478181,-0.662243544535123,0.976153122149898
156,1902,"s14","m3",-0.785109629427905,-0.50328909285028,-0.150483462361334,-0.914432445828162,-0.575249273883008,-0.312118070937958,1.19451446449759
157,1933,"s14","m3",-0.632174601191484,-0.55591738246402,-0.0448358448519691,-0.892683024062113,-0.760919865749882,-0.652911128953718,0.734563521958613
158,1948,"s14","m3",-0.815244182725007,-0.515784124834565,-0.186829075676493,-0.773190201232059,-0.499812168467893,-0.182456566063854,0.622172588022665
159,1957,"s14","m3",-0.766876079986846,-0.563326300695034,-0.181621745453117,-0.838906953610917,-0.720742893291166,-0.15198373823804,1.01403493079129
160,1969,"s14","m3",-0.743548726924554,-0.48986050308282,-0.0512100665606913,-0.958869109313958,-0.658436544786666,-0.292137869996937,0.980142320455257
161,1975,"s14","m3",-0.808318234568576,-0.49006240535322,-0.211807525843495,-0.92302597048923,-0.622800163145425,-0.21782624092501,0.918860065523042
162,1987,"s14","m3",-0.837243869528324,-0.506172876845941,-0.192246498945384,-0.971121527374138,-0.583802047024361,-0.31189274233986,1.45297984816904
163,1989,"s14","m3",-0.761620340239413,-0.477856754093588,-0.153043264583257,-0.99777631614574,-0.740011086952203,-0.541833021878112,1.47731568556635
164,2020,"s14","m3",-0.807208771720382,-0.431964753315667,-0.173628278535954,-0.945176916504901,-1.03018313390369,-0.391236142026361,1.06232505422309
165,2022,"s14","m3",-0.872637159076371,-0.458263981144096,-0.289048458608067,-0.860734228824491,-0.666266184298158,-0.209647104517449,1.20338271501933
166,2025,"s14","m3",-0.830523334598177,-0.522570335490755,-0.104999443536898,-0.955914953594183,-0.778086318943182,-0.245496783979302,1.45350481493256
167,2033,"s14","m3",-0.681129798551954,-0.454682752226959,-0.00070625143026414,-0.927894735781605,-0.305292056802768,-0.224309332451194,0.463133033100317
168,2035,"s14","m3",-0.786454579795265,-0.4477985442168,-0.199037984923205,-0.905357887826031,-1.17894256162649,-0.221626185020115,1.12745850707691
169,2047,"s14","m3",-0.77952394840453,-0.547695159603594,-0.0672902381963767,-0.912622753660197,-0.507303805403907,-0.388788516038545,1.17243581107347
170,2057,"s14","m3",-0.81679643461906,-0.484987333936127,-0.250843445859553,-0.940978198988329,-0.639596693020583,-0.277178631554004,1.18329758070874
171,2063,"s14","m3",-0.815622800057839,-0.51493701027574,-0.170449534358755,-0.990156665604343,-0.717867446550346,-0.290683686481703,1.13347483657067
172,2064,"s14","m3",-0.705940691160238,-0.536681491508379,-0.121226095912115,-0.858073954132893,-0.364735719591285,-0.254001051915022,0.190062148959554
173,2075,"s14","m3",-0.834805403571046,-0.654577637906054,-0.284246429790166,-1.0089056675061,-0.65709858977982,-0.490837332009242,1.80855204261163
174,2076,"s14","m3",-0.841335674678918,-0.47251525754197,-0.0918897672350095,-0.973136415462065,-0.407317889439747,-0.581076612118113,1.08403155255158
175,2078,"s14","m3",-0.718000499951867,-0.433911006720361,-0.342769714642402,-0.896339080525136,-0.866858126381315,-0.47518387276757,0.794562440067408
176,2084,"s14","m3",-0.745367408763691,-0.462918364854757,-0.163815042027332,-0.936725569514315,-0.467405338816578,-0.292604281842095,1.32560142813431
177,2096,"s14","m3",-0.810596838502625,-0.451374766998966,-0.238712786028673,-0.922745436884425,-0.792162312991175,-0.305044946083258,0.902013920416492
178,2108,"s14","m3",-0.85310856793145,-0.53038370372721,-0.12402984420302,-1.02794658073045,-0.892139810926538,-0.488552713324156,1.33985569418886
179,2116,"s14","m3",-0.771827847956031,-0.57263161863367,-0.072084311561798,-0.824445147984093,-0.491995372943602,-0.0803464758566886,0.675179998614203
180,2144,"s14","m3",-0.788346862454729,-0.46150497856465,-0.246884291808321,-1.00539720517849,-0.652660531970998,-0.467832752085156,0.652655981217841
181,2149,"s14","m3",-0.810294824262754,-0.513478935105102,-0.120508642974323,-0.897695544200845,-0.730459191356502,-0.451143261182398,0.80696742988979
182,2153,"s14","m3",-0.794187079116177,-0.571798976340212,-0.148407141206147,-0.880125943810007,-1.02113730440631,-0.485052042993722,1.01082393989663
183,2157,"s14","m3",-0.789905789455413,-0.47141590214687,-0.255950114502699,-0.984068229730064,-0.502744002692167,-0.492379518196595,1.78833838947026
184,2166,"s14","m3",-0.780481494798406,-0.400045027680337,-0.150301383116502,-0.862545286107386,-0.693935103093601,-0.255561746112539,1.100975061565
185,2171,"s14","m3",-0.794619263978332,-0.500433653252102,-0.196165375673144,-1.04133736499551,-0.799368302070379,-0.637928302245946,1.03271934151985
186,2189,"s14","m3",-0.800915891979173,-0.496176767403008,-0.20255289116744,-0.894198664547364,-0.915818455905333,-0.0197343454310909,1.14487022771774
187,2202,"s14","m3",-0.841658605005266,-0.516012798767153,-0.0694260885051871,-0.874613235746519,-0.583465230137018,-0.287856607283752,0.958251147856811
188,2214,"s14","m3",-0.804521250761403,-0.364506997084411,-0.137365139644365,-0.93948769258754,-0.81150146295374,-0.454277814758816,0.411880387069728
189,2219,"s14","m3",-0.790806880490358,-0.496803215384296,-0.0895078265091278,-0.928566906417088,-0.621737735603837,-0.280262080331897,0.884939627010025
190,2233,"s14","m3",-0.754753979231378,-0.415048043391801,-0.112977584678411,-0.868169657892489,-0.713887481451915,-0.182898502742386,0.700387825069526
191,2235,"s14","m3",-0.768028582846888,-0.472590128858188,-0.192944790008144,-0.929793633918888,-0.743782589892368,-0.304746361826097,0.863051570953448
192,2247,"s14","m3",-0.810662824703303,-0.531380643062751,-0.174541124189435,-0.97548441759572,-0.703273272480133,-0.369222831281412,1.49670913675396
193,2252,"s14","m3",-0.809559054076482,-0.375539908439996,-0.0452478624710063,-0.90731699835906,-0.572015886646405,-0.112465060991986,1.16964948236574
194,2253,"s14","m3",-0.738705228696823,-0.537052301075743,-0.131243683803424,-0.825494916350751,-0.480815863366294,-0.228536760125527,0.988162826238243
195,2262,"s14","m3",-0.790792459244655,-0.471277961208844,-0.205496464774093,-0.866448944095159,-0.65554781692982,-0.15716913021267,0.830475561391985
196,2265,"s14","m3",-0.800871675588489,-0.372978889144841,-0.14952233100264,-0.835448509532066,-0.551802767098131,-0.10593522072213,0.896103666847548
197,2285,"s14","m3",-0.714298352282217,-0.399362699506739,-0.131796872514417,-0.822599653182611,-0.538076014025304,-0.176503197968301,0.402921582834379
198,2289,"s14","m3",-0.745646279919406,-0.423407594333304,-0.114297724270052,-0.92603482226532,-0.464686931424281,-0.346302449738157,0.967905679904472
199,2294,"s14","m3",-0.826323474550418,-0.420511446668998,-0.205029334493805,-0.806847064990291,-0.888831597675822,-0.298142228055988,0.460664904884617
200,2322,"s14","m3",-0.780528675710721,-0.54215687600767,-0.115575337026245,-1.03057624762442,-0.257716413891459,-0.538876304037514,1.41148989773589
201,2331,"s14","m3",-0.791081347107968,-0.419717805288272,-0.198170410436929,-1.00065582631549,-0.667899999211094,-0.34643529106379,0.807382192932014
202,2339,"s14","m3",-0.814030519731662,-0.52110136877563,-0.14589805813281,-1.03083176118614,-0.620723674237203,-0.493363544053,1.24085927464288
203,2341,"s14","m3",-0.792697796200397,-0.505838535110211,-0.156383697885433,-0.916925612256716,-0.802874302870328,-0.406819669715777,1.20260888063613
204,2346,"s14","m3",-0.844250251107724,-0.396344078453061,-0.0807110890843445,-0.899875989969265,-0.498372209715924,-0.22482559277834,0.951778966690433
205,2354,"s14","m3",-0.756553429450977,-0.425043648380633,-0.207485024842614,-0.831118554204137,-0.330779477999918,-0.19165792970281,0.377263442436516
206,2369,"s14","m3",-0.806072238852339,-0.425693217445088,-0.153546503792621,-0.981367566338926,-0.662242765478244,-0.202812489545514,1.46425870027777
207,2389,"s14","m3",-0.753869838875337,-0.426543378796517,-0.108366511157766,-1.01449713396743,-0.244876598869944,-0.259533356283778,0.950753025991755
208,2396,"s14","m3",-0.755373249134706,-0.518544788213636,-0.103687830644296,-0.939189044949944,-0.649039584821657,-0.336296513318431,1.56106432345874
209,2400,"s14","m3",-0.838725590601385,-0.469613815452209,-0.273884374745386,-1.03076765376984,-0.953286603865021,-0.431471496264292,1.08891550082405
210,2416,"s14","m3",-0.760073980671544,-0.465391574941809,-0.207764188838173,-0.926741182949926,-0.778620608441336,-0.368546918938968,0.805087980590724
211,2417,"s14","m3",-0.827728163272797,-0.467631710159991,-0.197072655813754,-0.873905677612821,-0.712142121443412,-0.318584567093122,0.656474521831156
212,2432,"s14","m3",-0.74247733603143,-0.550356701194195,-0.157418839087715,-0.942723321477093,-0.395361494972893,-0.352969378300238,0.781726631586242
213,2442,"s14","m3",-0.795995534055848,-0.52383426645141,-0.21640134312635,-0.877622417172847,-0.719456721183814,-0.183420815643293,0.761100110359633
214,2454,"s14","m3",-0.766387446773155,-0.45680938980656,-0.232737671019256,-0.922403694993703,-1.14343857513121,-0.435681625224495,0.623103023758207
215,2459,"s14","m3",-0.816733263289409,-0.486615417424556,-0.215262172307866,-0.918741945834142,-0.630328983631554,-0.0954470485013935,1.49993445330552
216,2465,"s14","m3",-0.746171601104472,-0.433049408322741,-0.196085361016355,-0.96723237834123,-0.830844817362205,-0.365605335375967,0.903162452091583
217,2474,"s14","m3",-0.748725085295455,-0.563492933204485,-0.151322289093195,-0.946619227372991,-0.403600099640124,-0.495577258486199,1.0192525703719
218,2475,"s14","m3",-0.803369175806136,-0.461444975794182,-0.256647125267122,-0.976584670257965,-1.32004822871018,-0.617260157581568,0.922589657923805
219,2493,"s14","m3",-0.735066918478135,-0.508725880641843,-0.204549082661407,-0.976383313996744,-0.757015158889001,-0.315481976911598,1.48812669718864
220,2501,"s14","m3",-0.893044258218581,-0.538437550046916,-0.239515236661716,-0.978324632115816,-0.876507565296983,-0.364781088922133,1.43313097187291
221,2505,"s14","m3",-0.846461440162876,-0.536663191613951,-0.147349028213986,-0.895122734141403,-0.777824861616209,-0.332063083434833,0.937064901646495
222,2509,"s14","m3",-0.777616511342233,-0.513107773980856,-0.181339483834425,-0.868729857935087,-0.660226645976938,-0.151167978861825,0.95201332159167
223,2510,"s14","m3",-0.734565680258084,-0.426522229042107,-0.146456221635274,-0.911863080757941,-0.721239930286225,-0.390569455521986,0.795199906263869
224,2520,"s14","m3",-0.836080019401584,-0.384713563393085,-0.144189278305072,-0.895998698220905,-0.651949819648119,-0.15166570736743,1.08268067202833
225,2562,"s14","m3",-0.720370853763338,-0.545071289809903,-0.13539125762657,-0.942925518262874,-0.481109800898619,-0.432503965716057,1.17765548654826
226,2566,"s14","m3",-0.724130529001355,-0.509309072936318,-0.140416670299153,-0.844410877648304,-0.568142908409939,-0.57259305053297,1.13166364068091
227,2578,"s14","m3",-0.79933567112288,-0.419661816681399,-0.0903256396140269,-0.928011959377975,-0.804719167511314,-0.336733144782077,0.851801790054075
228,2584,"s14","m3",-0.82502224356349,-0.538446217506068,-0.0995104389022894,-0.82728915772851,-0.471083140757697,-0.125304828426579,1.14428749156015
229,2604,"s14","m3",-0.760284383783699,-0.45012095754292,-0.208092609467937,-1.02613403404443,-0.597841318657926,-0.483134778960737,1.2167617662525
230,2606,"s14","m3",-0.727356044374046,-0.514088109862143,-0.0772638553480741,-1.02715947088797,-0.231877363074829,-0.439660772121769,1.02612851611755
231,2609,"s14","m3",-0.744286905945884,-0.500349636286494,-0.145148327053667,-0.926363773395202,-0.549041278652143,-0.236294937279952,0.895619147219622
232,2620,"s14","m3",-0.79954371872929,-0.496066826043238,-0.186449338940963,-0.965738930317562,-0.600528411668457,-0.383314866954241,1.57074915477459
233,2657,"s14","m3",-0.752552895101031,-0.436320042924534,-0.151247225713616,-0.960062031734377,-0.487291758025327,-0.510082685039408,1.15691478736175
234,2658,"s14","m3",-0.860610659207456,-0.464268363934191,-0.210560143598718,-0.964085586196803,-0.522571478340186,-0.507015013580024,1.33195381130506
235,2663,"s14","m3",-0.751531608124429,-0.537382266206497,-0.298922590935739,-0.930786049688555,-0.852707820530137,-0.543776322798518,0.948143534645967
236,2709,"s14","m3",-0.801278505222734,-0.490695175062554,-0.23692924424687,-0.893309873689269,-0.915466127228686,-0.462507075857248,0.923966602655587
237,2734,"s14","m3",-0.812913476138447,-0.548256775548715,-0.289688040137484,-1.00584704427318,-0.818650504008774,-0.684446643123465,1.61506414088927
238,2744,"s14","m3",-0.879881195461761,-0.553649921664925,-0.186531182833559,-1.03013221880592,-0.76209905425689,-0.438206380241222,1.44269472851556
239,2745,"s14","m3",-0.819315328003472,-0.451629509441622,-0.164857643604722,-0.905545262688229,-0.856799191120271,-0.257612065313221,0.823235190541122
240,2750,"s14","m3",-0.822194823260353,-0.534607463806114,-0.237452720514119,-1.07210575639747,-0.857588802065762,-0.455810868861163,1.577737261182
241,2780,"s14","m3",-0.740735819040438,-0.475502069532345,-0.139719844894973,-0.757916580728437,-0.426738324421991,-0.144813969138838,0.144635286524353
242,2795,"s14","m3",-0.765016827043821,-0.552272815483428,-0.107014825900037,-0.997911117241849,-0.459021954460203,-0.625103779828419,1.34672782985106
243,2815,"s14","m3",-0.825946466700967,-0.551119023800457,-0.0270693945447578,-1.07540810712546,-0.282517513344076,-0.734501611054665,1.42219926540474
244,2818,"s14","m3",-0.880988832881828,-0.583192435965174,-0.128831751518738,-0.762793648180786,-0.615995040827883,-0.293770161933495,0.731948585202585
245,2857,"s14","m3",-0.792712040619468,-0.536302430115124,-0.123308015408026,-0.994580105800161,-0.842564068151281,-0.420683894859367,1.2468444693785
246,2873,"s14","m3",-0.773772394416529,-0.506160579431678,-0.156937721133746,-0.853303428063628,-0.699680474516838,-0.374842703707097,0.877067271071089
247,2902,"s14","m3",-0.873941216942503,-0.513780198721073,-0.241350566439333,-0.959893504573924,-1.08581940436038,-0.184545372848179,1.42345180877479
248,2904,"s14","m3",-0.750111674963927,-0.427457881077284,-0.123963624715207,-0.934079792470528,-0.411102850411261,-0.410153366294313,1.47257184006354
249,2905,"s14","m3",-0.901117109475048,-0.524252983990278,-0.26957210097127,-0.992545626488518,-0.741641911294341,-0.323063786545818,1.38152316383777
250,2913,"s14","m3",-0.736215841534921,-0.426518714726104,-0.315857195239195,-0.873758912784286,-0.534689440676118,-0.228048204475567,0.721267628147503
251,2928,"s14","m3",-0.798156311353246,-0.439953140878558,-0.231529822489793,-0.922765981705024,-0.586093092190926,-0.293393766143732,1.22753583375112
252,2934,"s14","m3",-0.825997946533867,-0.417404850005772,-0.137162445376407,-0.916776705031245,-0.990876181783395,-0.34256383157332,1.12672382743003
253,2948,"s14","m3",-0.815122824447124,-0.395199696689031,-0.0105479097018049,-0.93425843099832,-0.542816817958849,-0.271897778985915,0.663365544814968
254,2950,"s14","m3",-0.929308438736531,-0.397315195176425,-0.181374408955501,-0.91411659713805,-1.16501150763961,-0.128515469059848,1.44151489737967
255,2971,"s14","m3",-0.841837759229641,-0.517118490278966,-0.153280207496478,-0.973805620691767,-0.534649043929224,-0.39681316014739,1.40198662374511
256,2976,"s14","m3",-0.841710497421806,-0.508801720838054,-0.24665495545489,-1.14663554025294,-0.635000906140742,-0.741712049613673,1.89361973561813
257,2988,"s14","m3",-0.899439053856795,-0.521457002731632,-0.18375557351078,-0.93635631763651,-1.11631757351452,-0.377008134962003,1.19393138026237
258,3003,"s14","m3",-0.77850008767117,-0.391587511461161,-0.318211144537925,-0.900644126359341,-0.755716884287529,-0.397995236440971,1.31209516458775
259,3010,"s14","m3",-0.772284018867037,-0.479320338434255,-0.161919918016435,-0.85657814391653,-1.0019730587487,-0.172892730141116,0.78262887556315
260,3015,"s14","m3",-0.818128453906376,-0.452729692742763,-0.177978034157636,-0.964130883865002,-0.62681279455131,-0.393537692929466,1.03992289952729
261,3019,"s14","m3",-0.827636235256661,-0.518360986593704,-0.222918848039519,-0.89230861017415,-0.663469652705395,-0.539332591711449,1.48827532533943
262,3033,"s14","m3",-0.799653020382583,-0.528718285975249,-0.233646093655484,-0.83662418907364,-1.01001476836795,-0.32121170916007,1.00682964562701
263,3035,"s14","m3",-0.836422708576399,-0.473042465487792,-0.187659067943804,-0.905287095819133,-0.543346717729189,-0.066128541416191,1.17485836669033
264,3043,"s14","m3",-0.845072961040375,-0.5430749716831,-0.230403525661207,-0.980135854040187,-0.601422748682573,-0.519340892826672,1.27641601136729
265,3070,"s14","m3",-0.734096902078255,-0.53687197277212,-0.0994272977623192,-0.880715205886606,-0.504023839143551,-0.305635806383224,1.37400669955334
266,3089,"s14","m3",-0.837124345376189,-0.531222769563978,-0.233478593147246,-0.912073257778497,-0.88524502536638,-0.716244802758736,1.30942202938678
267,3102,"s14","m3",-0.726668014866193,-0.445063682217861,-0.162672869884272,-0.899422660550642,-0.577058712166735,-0.35583941748248,0.819205704198376
268,3110,"s14","m3",-0.7013037436338,-0.471541496041601,-0.0983489216771992,-1.00368100920167,-0.420652734003554,-0.380332157651668,1.36607903357901
269,3115,"s14","m3",-0.788966690076903,-0.51839734174016,-0.211827062764655,-0.982324865313571,-0.86090955669381,-0.256432914562172,1.00829466562508
270,3121,"s14","m3",-0.795844093529852,-0.459022494326423,-0.136674548670318,-0.908832212701901,-0.795288713207302,-0.329653723252167,0.947059229672988
271,3131,"s14","m3",-0.770364142775997,-0.437517107843952,-0.198308404316183,-0.985797510335159,-0.624729808436245,-0.429875618824586,1.33501157587636
272,3137,"s14","m3",-0.838953672638625,-0.526422176349594,-0.258339085061964,-0.949959344364686,-0.849733272124681,-0.371083878984541,1.22777454175973
273,3140,"s14","m3",-0.866246464562084,-0.458135102721099,-0.187052969673869,-0.983258609218748,-0.955914902310238,-0.542693179551822,1.33403468550657
274,3181,"s14","m3",-0.90041403468474,-0.557591261904019,-0.310405433190414,-1.0306146868512,-0.95736836695031,-0.783887934286721,1.64429129586144
275,3200,"s14","m3",-0.833131462637323,-0.369006214117446,-0.167294269159871,-0.747828974695677,-0.819911697728321,-0.0855456610733485,0.400962921958548
276,3208,"s14","m3",-0.851852181447767,-0.482704793894827,-0.133931070796941,-0.990672538258035,-1.0542071764081,-0.409807580970347,1.06570466318597
277,3226,"s14","m3",-0.73796240336223,-0.599737971303989,-0.142556619602073,-0.973180616663927,-0.635938885002198,-0.313539438177489,0.97023129717162
278,3231,"s14","m3",-0.785440007481548,-0.436736776455108,-0.214537212876753,-0.904204612444721,-0.690830238217772,-0.199577014207518,0.733729669184997
279,3241,"s14","m3",-0.83289558134951,-0.40131543582477,-0.179512261268176,-0.966316609723556,-0.330860133107454,-0.271676948044439,1.30506635492784
280,3244,"s14","m3",-0.820265630758706,-0.498919429551363,-0.0876720807432132,-1.02641242474471,-0.916210588649216,-0.558238026901776,1.26371165427172
281,3260,"s14","m3",-0.78167525329347,-0.548597960276131,-0.242084999369499,-0.988473546596536,-0.89601776230873,-0.640843595319524,0.967034146296764
282,3269,"s14","m3",-0.78874531007759,-0.567139484413408,-0.0411168076208988,-0.932418982257871,-0.33174413059483,-0.464112953357122,0.898745571118627
283,3272,"s14","m3",-0.764993094025864,-0.447212359613281,-0.156618698101643,-0.966268151831817,-0.587156727330327,-0.484383379651471,1.11335972221188
284,3286,"s14","m3",-0.92215615235532,-0.437534178021483,-0.150533695731784,-1.00259213396225,-0.633819903994573,-0.474476975337586,1.63532648535131
285,3322,"s14","m3",-0.811016379583123,-0.419692042808778,-0.338730410078201,-0.904097562377808,-0.84480755672714,-0.399685263488935,0.722135057392428
286,3344,"s14","m3",-0.77310878314799,-0.4770432406,-0.169064784066334,-0.863794619713102,-0.549381325357899,-0.254890293864538,0.913117580060008
287,3379,"s14","m3",-0.793351866124455,-0.474482929418028,-0.198373462596034,-0.888468601619533,-0.966919815612225,-0.388706123173532,0.89524858897591
288,3382,"s14","m3",-0.753134807625372,-0.559023982166353,-0.221724680851529,-0.893835467520119,-0.529603105291007,-0.212298066022533,0.65273530427485
289,3406,"s14","m3",-0.771457412439747,-0.374346974059967,-0.249979448475486,-0.875322372436922,-0.5715003471682,-0.0802840401651309,0.644153559515981
290,3411,"s14","m3",-0.802769228459566,-0.482102784276331,-0.242452430284472,-0.800045271438904,-0.596600721418241,-0.209908872817697,0.911177102105797
291,3425,"s14","m3",-0.898844645375989,-0.473485473476199,-0.218867235183286,-1.00769263323732,-0.858946857951401,-0.331894252990243,1.12372157470548
292,3428,"s14","m3",-0.867890376576629,-0.500100858020896,-0.200293456710429,-0.975541252695709,-0.863131494005429,-0.324885001996085,1.77661630446904
293,3452,"s14","m3",-0.840599703007726,-0.460704128700172,-0.205163708915297,-0.918807720691624,-0.748206175666717,-0.269691323600657,0.867548059017341
294,3457,"s14","m3",-0.719741313353731,-0.514259077187144,-0.116139723401485,-0.886753052152246,-0.851979754331843,-0.214913205582003,0.917368962671113
295,3475,"s14","m3",-0.836706923215168,-0.548399044559033,-0.217974929409694,-1.00359524235834,-0.562499573425015,-0.501620105640725,1.67587587542392
296,3479,"s14","m3",-0.911146318709044,-0.500735009846985,-0.0982105253660708,-0.947009356146069,-0.575234753840137,-0.137810289810155,1.42927359592438
297,3481,"s14","m3",-0.774214221353634,-0.456724033380044,-0.27116623293748,-0.960130542221079,-0.715878841878066,-0.179829511094402,0.965692323624388
298,3512,"s14","m3",-0.884915594175789,-0.580036922872692,-0.251371311780741,-0.987006382965336,-1.2977202304775,-0.41031202706599,1.41702012073001
299,3559,"s14","m3",-0.781046806511619,-0.489265880338055,-0.158578680486686,-0.917534783601625,-0.717299089958943,-0.0716268294065155,0.310998140132034
300,3562,"s14","m3",-0.860280817941249,-0.599621469940443,-0.266868348662212,-0.975159496101397,-1.53620675477564,-0.414168320437533,1.20910841427889
301,3606,"s14","m3",-0.785306595338073,-0.48320423137842,-0.182756074399238,-1.02288981518829,-0.625192831911351,-0.223416424690032,1.27570136790572
302,3611,"s14","m3",-0.73754268418498,-0.567850102617507,-0.111110771475128,-0.899333436071174,-0.558448022246255,-0.198405603771008,1.0393526743875
303,3615,"s14","m3",-0.782282797411002,-0.503431475699845,-0.194169098469329,-0.921778503028614,-0.797660766718359,-0.240404987924015,0.559874076218789
304,3654,"s14","m3",-0.857730242630964,-0.462518762889874,-0.191093485792987,-0.857447323001626,-0.653287461321039,-0.301031676689876,0.74219283327108
305,3656,"s14","m3",-0.722722490760006,-0.538254144677969,-0.167371981431504,-0.862119678198896,-0.628093262237224,-0.360463309836918,0.550241468472318
306,3657,"s14","m3",-0.819391847501451,-0.392589279532784,-0.0919140888719667,-0.921635458012656,-0.893996033959299,-0.203737669865251,1.10033830121496
307,3681,"s14","m3",-0.74547704277728,-0.574915904934072,-0.140135308264429,-0.966426911655286,-0.476788722331971,-0.529784486878943,1.14684711150194
308,3685,"s14","m3",-0.848779530345643,-0.547798681472924,-0.116658038431674,-1.09385958043344,-0.658768864985935,-0.574800075370509,1.73024945067442
309,3692,"s14","m3",-0.903812618434647,-0.406565579295457,-0.194903242771447,-0.92234045223316,-0.512567053124833,-0.310116750795721,1.27079850640121
310,3722,"s14","m3",-0.803515990721946,-0.425525987223041,-0.127219835334769,-0.987574555892395,-0.500037325922472,-0.232073617182239,0.960910422052102
311,3739,"s14","m3",-0.728098275073538,-0.476168384490407,-0.157778434522511,-0.952390301370363,-0.646525561567925,-0.574503068944223,1.09522870440812
312,3740,"s14","m3",-0.792289150374622,-0.470799897993729,-0.104839988925398,-0.873156859069768,-0.564510730555546,-0.413052588219731,1.45445592985285
313,3768,"s14","m3",-0.673993438434786,-0.500127705012736,-0.150029744258625,-0.773888462794072,-0.51416465683911,-0.14514433441346,0.379229219209714
314,3769,"s14","m3",-0.817299619584108,-0.46675735554744,-0.227989194603181,-1.01659314336847,-1.28500169761457,-0.422748837317838,1.39685907353338
315,3793,"s14","m3",-0.760342887525654,-0.425451643131579,-0.179023574635763,-0.911143539642567,-0.701006796873564,-0.318940317365742,0.72496192939943
316,3816,"s14","m3",-0.74484366783188,-0.589401499214537,-0.0210115724676021,-0.961295626808779,-0.441557689298769,-0.693210764623098,0.881017182971098
317,3827,"s14","m3",-0.84539288049008,-0.519004675836633,-0.0971298855426166,-0.979389176060888,-0.889144859871186,-0.60327816894722,0.95473580281195
318,3857,"s14","m3",-0.857196749516605,-0.454597074153731,-0.119598704931205,-0.855506006656151,-0.6322042404047,-0.223690445672385,1.07067155273969
319,3862,"s14","m3",-0.7305006191055,-0.444001714376856,-0.149993016764861,-0.824878439390837,-0.79352927636114,-0.135749519338471,1.01043056567769
320,3863,"s14","m3",-0.708920571284421,-0.490863617291611,-0.103639248847405,-0.876325853436155,-0.462222219157827,-0.359895336381615,0.285451458289853
321,3879,"s14","m3",-0.829562101375117,-0.483607879803605,-0.157505552597748,-0.962310110938794,-0.748020220997487,-0.305956912655233,1.4395321007633
322,3881,"s14","m3",-0.820276367199669,-0.452205581563195,-0.176204306166205,-1.00928489884009,-0.60702188856752,-0.333476202669289,1.53257247521834
323,3883,"s14","m3",-0.838477032881979,-0.499118809830408,-0.0972986327403086,-0.880262508002018,-0.720247104168184,-0.209201906602848,0.565661429040173
324,3887,"s14","m3",-0.746799597185434,-0.440747242131896,-0.244377014251071,-0.979079227888244,-0.89052876659732,-0.465854645522974,1.16524809126642
325,3926,"s14","m3",-0.747671955050407,-0.570375507756744,-0.214243208272892,-0.913420431274796,-0.360017660751165,-0.374656746625439,1.08007639385161
326,3930,"s14","m3",-0.765981668960081,-0.490045967144874,-0.151161776632421,-0.943309736138063,-0.788896099201106,-0.323508579849913,1.04579020710727
327,3950,"s14","m3",-0.90113531974414,-0.451795485986322,-0.206317620816371,-0.950017781646832,-1.05303372405611,-0.301108583067789,1.45300645830556
328,3958,"s14","m3",-0.826010415638774,-0.515315170409005,-0.28517597979122,-0.896281022441998,-0.687489208575286,-0.140404825247078,0.910802136192067
329,3961,"s14","m3",-0.707386551688627,-0.458129832877202,-0.029639810796822,-0.883615205702775,-0.387265047806135,-0.476456931821607,0.746387847921056
330,3978,"s14","m3",-0.803013370875027,-0.516820985714951,-0.255172673222497,-0.980767934631298,-0.511073320547216,-0.39345978782328,1.05705200182399
331,3981,"s14","m3",-0.837008781493868,-0.463009229001253,-0.176605415168293,-0.83687554350163,-0.763650235187632,-0.0499046046423355,1.13520436529978
332,3984,"s14","m3",-0.818448834365525,-0.550008754181459,-0.18757224571947,-0.916605964028062,-0.60898148056792,-0.389855040288889,1.71312056741829
333,3990,"s14","m3",-0.857434352215947,-0.509156502631309,-0.205007747483618,-0.96824728069464,-0.792840675529046,-0.373552765254772,1.01739259151048
334,3994,"s14","m3",-0.738247502445783,-0.456028929272253,-0.095142340879687,-0.835720458629517,-0.83760027588615,-0.101116148104214,0.614552784377925
335,3997,"s14","m3",-0.82318206742729,-0.423199308513605,-0.163459979519432,-0.888345510618809,-0.665627849104719,-0.33325135786,0.585392579773236
336,4000,"s14","m3",-0.683343505032988,-0.413966108396369,-0.169741525111258,-0.815698146076846,-0.634365076619683,-0.121340631798694,-0.0103080813655188
337,4003,"s14","m3",-0.846551074049513,-0.586213400574537,-0.229958980755199,-1.01750688674376,-0.652418656722703,-0.699210186420335,1.61184050432661
338,4041,"s14","m3",-0.746623746846193,-0.535602305818618,-0.142193094804834,-0.990225009278944,-0.597963405898088,-0.374401375299233,1.17179138169295
339,4057,"s14","m3",-0.740175598789547,-0.467989587277469,-0.14616685352749,-1.03634273632043,-0.819600828607296,-0.547259735095873,1.07356135344256
340,4069,"s14","m3",-0.870682802435674,-0.499479591204883,-0.23432052080552,-0.938208774592143,-0.878772997415891,-0.409131304564602,1.18993207487406
341,4089,"s14","m3",-0.800773405920742,-0.493904441477735,-0.205494114508573,-0.947083464420926,-0.779911730419932,-0.44094435488244,0.866012736010198
342,4105,"s14","m3",-0.831811375249655,-0.456398866731998,-0.150830573192802,-0.930717726697713,-0.661400517638347,-0.239649570775401,1.045773560947
343,4118,"s14","m3",-0.724435945122843,-0.522758282817918,-0.19005530655581,-0.918866543228732,-0.772108098043942,-0.581231237262712,0.944736614466972
344,4145,"s14","m3",-0.802391678163946,-0.373478861545976,-0.0919721527511792,-0.800146263743977,-0.505419773742023,-0.139137954417063,0.0173506031997482
345,4162,"s14","m3",-0.832584381453797,-0.526915878952768,-0.340311105612599,-0.938478119096613,-1.0232725671224,-0.42325681167352,1.44738623662344
346,4185,"s14","m3",-0.742034514530888,-0.561357529827189,-0.227048175445246,-0.893151806544303,-0.551615952840299,-0.611829356003588,0.847571172576321
347,4186,"s14","m3",-0.807081343639545,-0.452040139879388,-0.212622602852363,-0.828857593985967,-0.636429943508957,-0.182802059507202,1.01350311410596
348,4197,"s14","m3",-0.807712750006692,-0.505551830251118,-0.225887291539741,-0.924743867558287,-0.668103496432414,-0.311416416039556,0.929084842063275
349,4205,"s14","m3",-0.776296697208302,-0.46794022235571,-0.0729578323137455,-0.878289538096519,-0.744964239881809,-0.395109611376921,0.766930170496609
350,4213,"s14","m3",-0.864926490011602,-0.541045366936166,-0.199841668060081,-0.955140228939728,-0.722008800505367,-0.356173309023974,1.18387423761564
351,4226,"s14","m3",-0.804922025499535,-0.445195593545327,-0.215023328506481,-0.912578056504487,-0.729047798076012,-0.111689996934035,0.744644463906352
352,4234,"s14","m3",-0.847925466326979,-0.518283768073441,-0.190697874312268,-1.07220203034124,-1.05692085014503,-0.473025883889171,1.09766431071075
353,4238,"s14","m3",-0.851637940155994,-0.591058367333997,-0.170714389966282,-0.911196238492398,-0.63840607498936,-0.620345222037185,1.15431082762255
354,4258,"s14","m3",-0.784738847853024,-0.516738332083704,-0.232409372231914,-0.958827457814387,-0.653454985161668,-0.461392322623706,0.979238616582378
355,4262,"s14","m3",-0.870548454503331,-0.611939913814115,-0.232667562536746,-1.00437375318705,-1.09799482907313,-0.642170827446635,1.20391877916175
356,4266,"s14","m3",-0.720207963209039,-0.474609835816577,-0.159522287715428,-0.990413278162764,-0.543670319379835,-0.475876728143508,0.983187217121108
357,4269,"s14","m3",-0.72677694196168,-0.552552849049376,-0.0803232326721439,-0.830818510417783,-0.752410275752893,-0.369809067374876,0.640695216647526
358,4274,"s14","m3",-0.779760886434226,-0.480437288881824,-0.133501628677826,-0.888516987326308,-0.585311543053635,-0.294368937795286,1.01862167847105
359,4296,"s14","m3",-0.750202523943318,-0.501694003902344,-0.192518898657086,-0.844544725573712,-0.844813765214785,-0.273094986345439,0.770139740296352
360,4300,"s14","m3",-0.704031698703352,-0.517107654632777,-0.12857258341768,-0.969419959639584,-0.679785941030534,-0.546822024023999,1.35800127024159
361,4305,"s14","m3",-0.750164263943984,-0.505184559365366,-0.134807852820326,-0.989151689234091,-0.645047916834033,-0.414797825923307,1.05675704935136
362,4309,"s14","m3",-0.797267143313415,-0.464788076457893,-0.128492184010477,-0.890556288587559,-0.804141472637327,-0.313732828170811,0.909234703486075
363,4332,"s14","m3",-0.698426562508493,-0.46809646823683,-0.0592086449053197,-0.894257236331303,-0.306052302481793,-0.440074631882817,0.669230507371509
364,4342,"s14","m3",-0.775349273936379,-0.527538051903901,-0.115860761957215,-0.878693482359849,-0.755949090886044,-0.391843545408917,0.98844046654221
365,4343,"s14","m3",-0.784484384744847,-0.481458548539254,-0.133772172451493,-0.910989205361902,-1.0486058324108,-0.191512318219392,1.01324865683972
366,4352,"s14","m3",-0.756224907299756,-0.415156190764832,-0.125130133752538,-0.872666336962088,-0.819277195613429,-0.1198130816115,1.01168786936078
367,4360,"s14","m3",-0.839793593258371,-0.364550263438187,-0.156376706540588,-0.816256050352874,-0.656698724795175,-0.213844246387829,0.296712524080446
368,4361,"s14","m3",-0.821556072083984,-0.471344876666914,-0.163051122760326,-0.92712971637208,-0.496295018941047,-0.533156413229616,1.39070435104984
369,4379,"s14","m3",-0.739070480938634,-0.463983763196569,-0.212494562185704,-0.977484014453194,-0.438075854011125,-0.34587682732787,1.18893566303847
370,4383,"s14","m3",-0.726276814811114,-0.547975525997209,-0.066380041624737,-0.904790865297819,-0.512541853456568,-0.471208242873098,0.66400713760671
371,4392,"s14","m3",-0.88247833219316,-0.480142623282962,-0.0689934110467214,-1.07046622626231,-0.492222189754646,-0.379752433806308,1.95544733110931
372,4408,"s14","m3",-0.75311332824718,-0.459616646381469,-0.295954250282966,-0.935261816876776,-0.977040304945242,-0.394797346350234,1.00847065427225
373,4427,"s14","m3",-0.877990646857963,-0.461268002421081,-0.143308065218481,-0.974650088675904,-0.655849875507582,-0.309107375494767,1.66715908461804
374,4436,"s14","m3",-0.740578877105663,-0.408827311671702,-0.101987957079407,-0.836953402261503,-0.566587339595405,-0.134917748578805,0.662475441183243
375,4450,"s14","m3",-0.841943447216943,-0.605245222160526,-0.299710111933807,-0.910641832934145,-0.974441607436263,-0.592754048163592,1.10957879825048
376,4477,"s14","m3",-0.75395060452526,-0.428348160948699,-0.0760525199802189,-0.975025043481727,-0.614904412024623,-0.504482052055501,1.4030632790448
377,4484,"s14","m3",-0.787850759870022,-0.524096873376704,-0.280263591172748,-0.893155933848662,-1.14996205813662,-0.210124106083669,1.59955343926885
378,4488,"s14","m3",-0.777324943536806,-0.534919097777174,-0.197420012944653,-0.928738212038676,-0.532734016320314,-0.675158593101935,1.68739295592149
379,4491,"s14","m3",-0.794921277385752,-0.448367295937851,-0.166282788400619,-0.985641530610056,-0.802060027207923,-0.286194726711689,0.94530851865937
380,4495,"s14","m3",-0.885044505021405,-0.537907716758726,-0.212589206299183,-0.988438403047318,-0.612353619660453,-0.451705161888457,1.72460346051993
381,4498,"s14","m3",-0.805412168211637,-0.546804638080367,-0.147007114939645,-0.937013477394313,-0.627597140475422,-0.315886435824009,1.30836495145293
382,4504,"s14","m3",-0.793971649221794,-0.484373485454401,-0.22780005151684,-0.971933469802244,-0.626433191257723,-0.536157293345857,1.15148166164313
383,4528,"s14","m3",-0.867193527429196,-0.421572834612541,-0.175178258405342,-0.885256300836808,-0.633735227804874,-0.232023087276037,1.31116451064752
384,4542,"s14","m3",-0.785736003005739,-0.537788757290922,-0.0319870652870987,-0.960102008891901,-0.638611668310399,-0.830948557059984,1.06776281187829
385,4556,"s14","m3",-0.805584279510294,-0.51206768478426,-0.186527834165892,-1.00239992591683,-0.969039873110331,-0.483789538869852,1.17391115389644
386,4564,"s14","m3",-0.833994737454237,-0.463706937981246,-0.140729612194366,-1.01254514015769,-0.581571433249468,-0.497021625240147,1.29525690798758
387,4575,"s14","m3",-0.750750289077986,-0.444223585722886,-0.170363796053276,-0.898612215326104,-0.802472948398527,-0.148913943216826,1.40820492738598
388,4576,"s14","m3",-0.773329266308185,-0.486088763842014,-0.101709097740367,-0.90564054186678,-0.298949644681315,-0.391298161952195,0.724436845648703
389,4591,"s14","m3",-0.805264839887594,-0.50062337992106,-0.278377163608876,-0.947922839083739,-1.12944632196704,-0.467711357607518,0.931276652945858
390,4592,"s14","m3",-0.83696368654512,-0.413134040294266,-0.282498998646225,-0.93423305069056,-0.72721418167102,-0.18178996216026,1.09226622285327
391,4600,"s14","m3",-0.906917724650532,-0.462614580754367,-0.112251135642308,-0.883761941205463,-0.726857113886509,-0.296880483644385,1.06806844308813
392,4603,"s14","m3",-0.827417003867342,-0.375363099619781,-0.11544890123944,-0.864577154985454,-1.00464636664793,-0.163544065666398,0.749011717024767
393,4604,"s14","m3",-0.786540633289318,-0.488522719827926,-0.114741000576946,-0.98446821761075,-0.754395234590161,-0.184193863277862,1.08430635110522
394,4605,"s14","m3",-0.758254802628093,-0.477720943630157,-0.311910182571852,-0.823092373864162,-0.695324877085424,-0.309781933180533,0.935756944124499
395,4607,"s14","m3",-0.849311283676376,-0.492433842347102,-0.23056511354087,-0.967849489633873,-0.803575959506262,-0.581747672301654,1.35730763410422
396,4614,"s14","m3",-0.845267709320703,-0.526259296164768,-0.081277608356699,-0.952934287481528,-0.620889726659001,-0.317065447393169,1.6065874397828
397,4621,"s14","m3",-0.836102901832371,-0.502625186546867,-0.251059816986323,-0.835404070976531,-0.743862074207601,-0.119328021585354,0.945751769413268
398,4626,"s14","m3",-0.865312809585183,-0.461174670907661,-0.124813587479775,-0.945014006355978,-0.563222340105223,-0.618003540467574,1.1683556053756
399,4640,"s14","m3",-0.824297669321409,-0.456235267910616,-0.145878864232019,-0.891879479362569,-0.672967302904076,-0.47721301761626,0.96658934584441
400,4643,"s14","m3",-0.771927978491071,-0.450611149882134,-0.243603360419976,-0.974415037969868,-0.673349738289796,-0.269489024020398,0.8500991033063
401,4647,"s14","m3",-0.773873091271465,-0.392198948377692,-0.159233362092425,-0.941542519747253,-0.594611728508811,-0.336590631095474,0.730364272077177
402,4649,"s14","m3",-0.755477064842506,-0.417835832313383,-0.107862658691661,-0.835256454454738,-0.632381915952201,-0.248777522365647,0.647700361192479
403,4678,"s14","m3",-0.770060825129867,-0.422509930884265,-0.2975487623137,-0.8768425534227,-0.878338433265785,-0.051886508091154,1.1538212199989
404,4692,"s14","m3",-0.742836363144887,-0.461685810079768,-0.26240421645983,-0.79613628656744,-0.448373200886118,-0.392319557985839,0.29713575968062
405,4701,"s14","m3",-0.810949048682128,-0.512326716069307,-0.303051453882132,-1.01936363470402,-0.784865296687222,-0.646720173982401,1.73075825834502
406,4703,"s14","m3",-0.732901821262503,-0.52141064782583,-0.222057791843222,-0.903561097275882,-0.551602577013713,-0.135273604317666,0.934153623507679
407,4709,"s14","m3",-0.810084841582744,-0.517129661996253,-0.0838111308533849,-0.953642934751249,-0.533126144757211,-0.590656758367204,1.18083758413423
408,4712,"s14","m3",-0.845974116782589,-0.516530359769604,-0.263962726180171,-0.785124217594559,-0.660511644810248,-0.59970804119606,0.490438753558075
409,4718,"s14","m3",-0.7341960114076,-0.442120736326253,-0.194674961853974,-0.865549850202266,-0.592788549597104,-0.160309001835059,0.775963280169855
410,4722,"s14","m3",-0.846953754925303,-0.44163692694872,-0.16565675636626,-1.02575742422695,-0.569749909692403,-0.415764080556075,1.6326736177723
411,4728,"s14","m3",-0.899450869760948,-0.469996669920586,-0.282457832766005,-0.810445332759923,-0.73392036756316,-0.244609010762277,1.20579542309644
412,4739,"s14","m3",-0.847010845416074,-0.431416048425368,-0.0261561944914309,-0.861224680977576,-0.332870786599207,-0.175283739346877,0.933633502888441
413,4744,"s14","m3",-0.834288530344098,-0.497130469473872,-0.191126957931921,-0.945982252798742,-0.743637436518291,-0.172244154168438,1.83180171809578
414,4747,"s14","m3",-0.695478565806118,-0.525256369401373,-0.0887199748847062,-0.928405274195476,-0.137290356689247,-0.236587346412033,0.76093960298313
415,4759,"s14","m3",-0.777518653351179,-0.505720052051569,-0.112227812960733,-0.935314721762496,-0.672673560275471,-0.406766804787127,1.12266474939197
416,4765,"s14","m3",-0.766730090863659,-0.595160634766715,-0.239281847832113,-0.9711667314233,-0.39506970660924,-0.812682627561283,1.03390713043865
417,4772,"s14","m3",-0.710756270868589,-0.464488607080521,-0.103954251568774,-0.981582322801391,-0.396840840129986,-0.630314665521488,1.23613634059026
418,4791,"s14","m3",-0.763733608717194,-0.434013795523057,-0.189940733761716,-0.963329686197414,-0.593808028445461,-0.333644694903284,1.19386712307823
419,4796,"s14","m3",-0.826437218879566,-0.613677281699471,-0.187751027003999,-0.955413920151255,-1.0592520760269,-0.631229425579837,1.13627076505812
420,4811,"s14","m3",-0.774549723234953,-0.587102161290624,-0.103722648135416,-0.996166287639193,-0.796069134172362,-0.462148398329689,1.47276405985848
421,4826,"s14","m3",-0.919562583199201,-0.49765128143229,-0.189482279248864,-0.8349185268872,-0.671720212795283,0.0281886118295926,1.10364693020169
422,4875,"s14","m3",-0.766367805763124,-0.525077173027704,-0.0730593328287078,-1.04322765698366,-0.493287608878727,-0.5713512542677,1.28651245237592
423,4880,"s14","m3",-0.785222674504564,-0.609045073099873,-0.247856588617929,-0.977976512505615,-0.793777288899905,-0.294823119111721,1.41259144794684
424,4888,"s14","m3",-0.844734229525261,-0.455573255519445,-0.155907092365978,-0.94186081235418,-0.630827531201901,-0.65430622165452,0.939175621448638
425,4930,"s14","m3",-0.835046717304032,-0.532084052349213,-0.207438126090461,-0.875169197406629,-0.621650135986882,-0.16666260379723,1.31484280252683
426,4931,"s14","m3",-0.831301550610728,-0.460873192559137,-0.137878790825369,-0.893536025366252,-0.515481681314399,-0.30885294785781,1.14685924424465
427,4940,"s14","m3",-0.825416188275538,-0.479608799285135,-0.0796885562019985,-1.04430842507646,-0.69346742298523,-0.519277086215186,1.73922935040456
428,4983,"s14","m3",-0.836635278364504,-0.474997189527729,-0.216620415931659,-0.984670142966676,-0.732548908036576,-0.599589269562558,1.59873147297208
429,5045,"s14","m3",-0.718607199933565,-0.523452900260147,-0.240463219345093,-0.936179189619862,-0.604296390283533,-0.643488022179093,1.12271421969437
430,5080,"s14","m3",-0.753435472133042,-0.501069529048493,-0.11107257628044,-0.954385840289725,-0.396257443333652,-0.484155790108132,1.23181531404559
431,5084,"s14","m3",-0.785285560022221,-0.460427343923281,-0.180515558112239,-0.919018471190982,-0.683277192981572,-0.31978652995549,0.471902182348824
432,5089,"s14","m3",-0.827187274434069,-0.4767690585277,-0.196270198588555,-1.0045463292315,-0.615004470047546,-0.5993937768106,1.19688919949342
433,5097,"s14","m3",-0.842618158055542,-0.514540186031374,-0.122930844655367,-0.856677721670079,-0.51796316276669,-0.25667092464005,0.916778219868865
434,5119,"s14","m3",-0.84814732484481,-0.532678907776213,-0.253941244072605,-0.90157839130688,-0.793734491066993,-0.4312136760296,1.51499280896696
435,5120,"s14","m3",-0.774694920905697,-0.518599760918561,-0.17940646303063,-0.933775145820451,-0.38267509385474,-0.449001111818704,0.910541400178858
436,5124,"s14","m3",-0.779678150448829,-0.400618398777089,-0.124068094595121,-0.91214713407166,-0.790977506759679,-0.169462328056148,1.03812820345293
437,5132,"s14","m3",-0.782846967117416,-0.547142375650935,-0.0765146403539844,-0.869459970270178,-0.552662442810715,-0.0870977487007281,0.879317699607799
438,5136,"s14","m3",-0.816502348600302,-0.494674448331833,-0.212331539319411,-0.913229745280652,-0.711361408521914,-0.244878342819523,1.22258485608007
439,5142,"s14","m3",-0.857144016183614,-0.50362927773321,-0.16893294814506,-1.00158623311481,-0.853523746678549,-0.711279502524258,1.16829656224457
440,5152,"s14","m3",-0.757968023653317,-0.460248277658357,-0.0646819275234572,-0.94433898652785,-0.424351508724427,-0.275392467795932,0.866253664604155
441,5173,"s14","m3",-0.767302374980551,-0.584538868025659,-0.18055063104729,-0.92139943310406,-0.554436589440902,-0.468434896632151,0.891244781592578
442,5185,"s14","m3",-0.809769016187978,-0.477169297094553,-0.175564316331127,-0.909280484643584,-0.650898109090163,-0.537422033417403,0.903235013538645
443,5188,"s14","m3",-0.744892339422475,-0.553313190601104,-0.279726613642887,-1.01396434548272,-1.18594306912123,-0.262527164975519,1.28572582089325
444,5190,"s14","m3",-0.750453827578157,-0.578060503241669,-0.181295573459465,-0.889533304055484,-0.723473478705935,-0.298632191660587,0.820432951798103
445,5191,"s14","m3",-0.801462451712932,-0.488118592585234,-0.270330698876668,-0.982789739424357,-0.961930333689656,-0.480443122710575,1.20699487421483
446,5226,"s14","m3",-0.759079141806,-0.440990908732718,-0.0863828731773058,-0.987507125126113,-0.741183584948056,-0.306546221483777,0.7496082514831
447,5245,"s14","m3",-0.872190287693443,-0.445161695376829,-0.248034244410396,-0.978208842923392,-0.964918576004411,-0.217689898324242,1.71793515396244
448,5246,"s14","m3",-0.829404549212166,-0.526374339112369,-0.278551814804633,-1.00951375318094,-1.11970834277007,-0.280757371693685,1.86192120195191
449,5255,"s14","m3",-0.886161213654853,-0.388292932264919,-0.224250362301896,-0.922545543428953,-1.0670546595604,-0.15544417972027,0.967661016888512
450,5268,"s14","m3",-0.81286697903342,-0.534365268309101,-0.267521077678578,-0.919999830463635,-0.984189008993791,-0.361946233681577,1.0836312085324
451,5301,"s14","m3",-0.732784783695168,-0.507078783352655,-0.161846385142605,-1.02005699538766,-0.631659156011232,-0.355982738665482,1.65367279676806
452,5303,"s14","m3",-0.764417480317813,-0.388365467106029,-0.0330094307234748,-0.781482484691364,-0.439922350525371,-0.29843888980373,0.264487661649534
453,5311,"s14","m3",-0.747035823644328,-0.381161536146509,-0.277614336252668,-0.785164603940126,-0.655985393504126,0.0389835205778761,0.179503314784221
454,5319,"s14","m3",-0.869333545962052,-0.471985623892489,-0.304342831926451,-1.00053985124136,-0.999411982693048,-0.27109942110465,1.29814105494591
455,5329,"s14","m3",-0.788674379697685,-0.404306405816311,-0.135271397378663,-1.00991055000458,-0.570806650195934,-0.154672738708332,0.952755137917687
456,5332,"s14","m3",-0.877882641415853,-0.549514842268233,-0.196678515426755,-0.985394747635648,-0.8115198907653,-0.343567510080106,1.47554503169397
457,5340,"s14","m3",-0.792618195427749,-0.446787780223174,-0.10895818548265,-0.917081458502001,-1.19722472251824,-0.540078470241868,1.41431059329133
458,5348,"s14","m3",-0.833671730009608,-0.48956009242785,-0.270221069946442,-0.981367355646526,-0.982345510614314,-0.606198224552508,0.82184618030428
459,5362,"s14","m3",-0.899407784490471,-0.486085066200682,-0.112162292974403,-0.924723920852342,-1.08035892597552,-0.103481650225911,1.03403826212011
460,5380,"s14","m3",-0.764207011971811,-0.439006625344333,-0.142179146770394,-0.967894056411791,-0.290561187811828,-0.150151778676199,1.61715250858094
461,5400,"s14","m3",-0.801611016867354,-0.450831927689925,-0.239959392860909,-0.863597027102385,-0.493632144985744,-0.588315331249667,1.00722825118613
462,5408,"s14","m3",-0.752776002931886,-0.371643136399645,-0.236322915597611,-0.906263364985247,-0.73866776299003,-0.380558166029314,0.704489031021651
463,5463,"s14","m3",-0.660955103234034,-0.459107709266261,-0.160406007846113,-0.938853922084219,-0.604070513196717,-0.272928717153674,0.807765906850794
464,5483,"s14","m3",-0.797125680412698,-0.524872768034909,-0.158618001481006,-1.10316289421039,-0.487554645579729,-0.851116608931697,1.7561839476006
465,5506,"s14","m3",-0.800507875195692,-0.514057107099933,-0.145671416477812,-0.961668962512324,-0.562111511436027,-0.443672072901481,1.13790862259601
466,5515,"s14","m3",-0.711907134356131,-0.348323960715887,-0.0503416092447029,-0.792430181084071,-0.488904908682998,-0.139414062437589,-0.314266784346668
467,5535,"s14","m3",-0.754793425607869,-0.450093262404503,-0.191056562940487,-0.858371394294982,-0.804612740928918,-0.157379926711799,0.633587091960579
468,5545,"s14","m3",-0.728016300448713,-0.514133770403187,-0.232297191415875,-0.998151188557892,-0.493827136272875,-0.597429969171635,1.6901917150014
469,5554,"s14","m3",-0.830309496077121,-0.477295367336365,-0.182092221947635,-0.977742019411501,-0.92869572988166,-0.427947269134528,1.24868417091329
470,5564,"s14","m3",-0.811617088953363,-0.558496103377092,-0.0926385914823222,-0.983821679658556,-0.663259462750498,-0.387883650591595,1.06508230010158
471,5571,"s14","m3",-0.704863065940927,-0.364860071608896,-0.0297203894129978,-0.766297363924268,-0.518121176391091,-0.152772887150931,-0.165152044311421
472,5595,"s14","m3",-0.882309801738502,-0.545228334215981,-0.207371884061154,-1.02956441292495,-0.715779417993885,-0.291028006203966,1.27827296932805
473,5597,"s14","m3",-0.81286523197902,-0.610127995235019,-0.271674888942174,-0.938322475325504,-0.73112605806657,-0.259939183395436,1.45883051494121
474,5604,"s14","m3",-0.804669064725293,-0.528929257756179,-0.213255982222828,-0.935527964097367,-1.13292767749614,-0.573602327600059,1.27153505123685
475,5611,"s14","m3",-0.773940217816594,-0.479876739223186,-0.233971308431169,-1.01117372158005,-0.647976297217485,-0.381269613314345,1.00838327455227
476,5617,"s14","m3",-0.800295160966185,-0.419516792462596,-0.190171348212166,-0.993297116745386,-0.708165871174465,-0.130122340113756,1.0998973236427
477,5622,"s14","m3",-0.802060678249356,-0.588365060097124,-0.207881827989762,-0.849700161048844,-1.20943611671308,-0.508503997341077,1.0374433235262
478,5632,"s14","m3",-0.941954841031725,-0.493429560325351,-0.237814687663205,-0.917022480684969,-1.0096873832866,-0.436777252793764,1.37214123457249
479,5645,"s14","m3",-0.759892654403415,-0.468887092717395,-0.0618230167583194,-0.762506894267386,-0.247614112524437,-0.203034873985927,0.157134194824822
480,5649,"s14","m3",-0.824534499127539,-0.557601421433254,-0.173604317210307,-0.934340494458533,-0.554950711487923,-0.43711077646703,1.28840728797329
481,5667,"s14","m3",-0.814845529527839,-0.560597473141861,-0.166743589681287,-0.989351285836173,-1.39592841923817,-0.403635496847477,1.56757644614893
482,5670,"s14","m3",-0.830341589397944,-0.474360952903268,-0.150343907312608,-0.86747913561387,-0.711848011154541,-0.159842498186722,0.943643637938935
483,5699,"s14","m3",-0.817730691594323,-0.555982349700244,-0.191800928159454,-0.960556424906723,-0.812317578360642,-0.495251639111453,0.953208027749478
484,5705,"s14","m3",-0.850588257449642,-0.497835035257725,-0.311827134580332,-0.974797601727214,-0.876454643674576,-0.281072912836054,1.35373792159627
485,5708,"s14","m3",-0.74885704133997,-0.444534531791509,-0.190733947650395,-0.96825122925727,-0.544295174849836,-0.352311079336148,0.850424265615181
486,5710,"s14","m3",-0.732447784640155,-0.500289564545161,-0.098582387440857,-0.899066242568878,-0.472723809851571,-0.355148922834165,0.761040483158985
487,5723,"s14","m3",-0.74937159140051,-0.504065275413688,-0.0652294934785342,-0.873542841698112,-0.766126870930665,-0.310351900458878,0.871713155060303
488,5735,"s14","m3",-0.780447297119771,-0.350533211507374,-0.0943549609696475,-0.990097652019396,-0.622243437772971,-0.283381295509258,1.17849756882753
489,5741,"s14","m3",-0.885202366574404,-0.453516110527505,-0.336159968764157,-0.957453623406018,-1.129061145012,-0.0382291538596467,1.24816712177132
490,5743,"s14","m3",-0.882507306902554,-0.514566565823326,-0.313958822178141,-0.920553456243068,-1.09323648468484,-0.339598438804481,1.20870034902799
491,5749,"s14","m3",-0.869579162107839,-0.499669974737161,-0.20682170232673,-0.988355336184199,-0.650475997227087,-0.540840160097735,1.80201812580394
492,5754,"s14","m3",-0.80914222669977,-0.585867682477377,-0.0465472552245644,-0.991416885949576,-0.438489201309397,-0.455082795816343,1.38938977535853
493,5759,"s14","m3",-0.64347203413335,-0.463653542949253,-0.123342630880887,-0.822057352633144,-0.562174858062433,-0.346044837918484,0.202057968780424
494,5761,"s14","m3",-0.844451669921826,-0.444703995311548,-0.185533265769844,-1.01813992933421,-0.496177514758365,-0.126534092675687,1.54300596979384
495,5776,"s14","m3",-0.796421192358726,-0.484762595709858,-0.179896395134156,-1.04321107984202,-0.892827169772308,-0.406188365810255,1.2643134603649
496,5807,"s14","m3",-0.851288712103643,-0.495812761076128,-0.167839081003361,-0.957582921749042,-0.706717046704624,-0.317165535627014,1.2697936135822
497,5811,"s14","m3",-0.777053859915316,-0.486349874510427,-0.186568378220781,-0.918740071958166,-0.408507914506778,-0.484097092130231,1.08037840584986
498,5831,"s14","m3",-0.825049304206649,-0.4703884601345,-0.263249396385385,-0.920197337562415,-0.891591897125264,-0.421950558630381,1.41267104654272
499,5850,"s14","m3",-0.696229851054398,-0.429991297482678,-0.0283958166388285,-0.892555321218608,-0.19911289440675,-0.0301960091842126,0.913809950647224
500,5852,"s14","m3",-0.835747626390678,-0.451205516639012,-0.119302653817915,-0.917953852567442,-0.482538140491737,-0.201476697890967,1.03914666076877
501,5871,"s14","m3",-0.786437731804053,-0.474127281627469,-0.240398540554959,-0.976306921517746,-0.90938654236303,-0.453297363271671,1.2807065326839
502,5889,"s14","m3",-0.746083251112074,-0.430231827268423,-0.27353730043518,-0.950952483498044,-0.847999083855643,-0.157337807581582,1.04024900787751
503,5895,"s14","m3",-0.827663391391344,-0.468163907609416,-0.208662758499511,-0.861289598618985,-0.750703598801489,-0.200387619852881,0.817471105605747
504,5900,"s14","m3",-0.73605178773458,-0.484949016087991,-0.0911269610585005,-0.937603563631172,-0.792077042349956,-0.452232626940165,0.560443488830682
505,5909,"s14","m3",-0.826700086515543,-0.583323487461878,-0.215748022863305,-1.09822687023336,-0.777272265834379,-0.594234193522302,1.59757419625121
506,5923,"s14","m3",-0.781536283692136,-0.428611549295442,-0.181982153642254,-0.849660204673606,-0.504456789795469,-0.397990026102195,0.936777360623998
507,5928,"s14","m3",-0.78278782560904,-0.48610614770272,-0.247025674206355,-0.989400202717166,-0.665196206656267,-0.303163865958214,1.58293373955652
508,5941,"s14","m3",-0.808152073889457,-0.506885254052895,-0.136369688780884,-0.770505801820582,-0.448204056675585,-0.126114485034835,0.775045396762395
509,5945,"s14","m3",-0.790039944390624,-0.373518945530772,-0.242545724590623,-0.941865121209803,-0.474497357134018,-0.261861144102584,0.870844107097013
510,5956,"s14","m3",-0.830557866983165,-0.38202084018965,-0.119992158057827,-0.890155785420401,-0.839991176601504,-0.255017512233309,0.60190285298096
511,5961,"s14","m3",-0.827977713673543,-0.458788250876757,-0.308563915592114,-0.890114305968302,-0.964641114709236,-0.276670280067433,1.13836693491273
512,5984,"s14","m3",-0.753010181948014,-0.503725422615908,-0.185542084661967,-0.967827530685777,-0.750478744671394,-0.647796619469473,1.28601374672347
513,5997,"s14","m3",-0.780181612717131,-0.511761445552942,0.0176036279389687,-0.961677842309304,-0.382218796227921,-0.387741223129973,0.206320813424717
514,6010,"s14","m3",-0.793499049504505,-0.503278323183522,-0.141529693416264,-1.00649904111416,-0.831060885499276,-0.513371285765384,1.29319603843271
515,6019,"s14","m3",-0.716805127423181,-0.369554093752515,-0.236583571922112,-0.911165041191227,-0.673294946740724,-0.0780085664430891,0.595357006320085
516,6026,"s14","m3",-0.780934409521928,-0.520472507775534,-0.274849120926371,-0.942855383551663,-0.577912773767404,-0.348113460936847,0.817504526796112
517,6029,"s14","m3",-0.771602590394826,-0.487567394915427,-0.233432287837355,-1.00374095443559,-0.781783023694562,-0.661483469848463,0.923140868657774
518,6041,"s14","m3",-0.825279592224134,-0.497967650927138,-0.0939574089468397,-0.892166267917121,-0.725831587101694,-0.07202465007361,1.22743975223906
519,6057,"s14","m3",-0.793840060419425,-0.636262048080109,-0.111063483735793,-1.01748406297323,-0.724486390082284,-0.514145001379617,1.34294512622256
520,6061,"s14","m3",-0.696085954576896,-0.410960462086639,-0.0958887738682192,-0.8943146373609,-0.441814066126746,-0.459916926132079,0.951964245499865
521,6068,"s14","m3",-0.833759541158904,-0.507713837399096,-0.144540068127385,-0.927352771532654,-1.05360958976982,-0.25686624810301,0.861334216858294
522,6085,"s14","m3",-0.80718490933704,-0.610317696262881,-0.117366303707772,-0.979248920897514,-0.640390492643169,-0.37990327416446,1.03107839229193
523,6098,"s14","m3",-0.930396201277204,-0.560034470987731,-0.294441894022341,-0.940141505732858,-1.47114894251396,-0.283570242828884,1.20697324774749
524,6104,"s14","m3",-0.879852129476197,-0.596527304354144,-0.189427854064018,-0.914714103188778,-0.528903675995499,-0.218552702056119,1.44255906892685
525,6109,"s14","m3",-0.79284708028947,-0.480859051147659,-0.148475448014382,-0.936028880294303,-0.822375549084403,-0.408477346374407,0.677218984195098
526,6113,"s14","m3",-0.827283367886326,-0.514332666323804,-0.289835730163427,-0.88180710358754,-0.957436370092242,-0.229072609478392,1.27606930539801
527,6127,"s14","m3",-0.854211984543776,-0.507417004168668,-0.258683242788108,-0.944081681307085,-0.876272218051571,-0.351656106438642,1.39342806626396
528,6132,"s14","m3",-0.721304599562962,-0.579145033838698,-0.140345831623205,-0.944789886522507,-0.619179706221675,-0.535372994093363,0.757682638200496
529,6152,"s14","m3",-0.714381614975221,-0.592283232428729,-0.189172133262721,-1.04852989112773,-0.518422128452778,-0.495385948465027,1.0213874713001
530,6153,"s14","m3",-0.854797600343775,-0.50123002450515,-0.247876838413747,-0.962883134368502,-0.910190764798159,-0.301353427277638,1.38299183246399
531,6164,"s14","m3",-0.76403708443656,-0.511848194271399,-0.0817274823695795,-0.991694610041781,-0.495600740433189,-0.476773422703823,1.2035174131749
532,6172,"s14","m3",-0.843470801799783,-0.437691199607682,-0.163823272731001,-1.03679401125215,-0.914474375619952,-0.330305125487888,1.20193031911322
533,6198,"s14","m3",-0.730127957395977,-0.39629367919623,-0.0126015739939869,-0.903620340127638,-0.592914656509845,-0.236355796771298,0.472263490996352
534,6212,"s14","m3",-0.881042242870257,-0.508092367753618,-0.186824146322525,-0.909173809518251,-1.00748559897414,-0.489069528146068,1.24604524901038
535,6215,"s14","m3",-0.770878724668525,-0.425940568986042,-0.192122542495765,-0.902248984044099,-1.04238455910453,-0.309979719530341,1.23289199794072
536,6245,"s14","m3",-0.837196301632562,-0.521860079428871,-0.0854316440620182,-0.970611295532412,-0.368504808493787,-0.556476441382274,1.77960676802204
537,6262,"s14","m3",-0.787838159987851,-0.537266982555018,-0.158456230535563,-0.937181560337121,-0.675768632751918,-0.272788466438674,1.22809811159758
538,6272,"s14","m3",-0.652570393747243,-0.408371357523529,-0.0735845644442849,-0.886424929199526,-0.547626323110472,-0.177416431402757,0.504135845506657
539,6291,"s14","m3",-0.830981853092926,-0.591183592100873,-0.0934007485360541,-0.932738415322647,-0.346012279209736,-0.329110796043757,1.62105718971058
540,6302,"s14","m3",-0.800549306797855,-0.552684046125163,-0.295763517980725,-0.920536050178956,-0.309949168926256,-0.48485230848641,1.44850288662987
541,6305,"s14","m3",-0.781128011971336,-0.504583941171209,-0.103280301056641,-0.891319567158057,-0.435134102921472,-0.533142022520039,0.736510994267977
542,6315,"s14","m3",-0.78946504053457,-0.499711971068131,-0.181685650387602,-0.831756556730987,-0.996677163632846,-0.11649829861403,0.887004372150744
543,6332,"s14","m3",-0.80290730221661,-0.392220284915532,-0.073305918687876,-0.805683370420171,-0.913776932170138,-0.0337738547668526,0.213544326655877
544,6344,"s14","m3",-0.798213982951927,-0.524547169161941,-0.277055814334719,-1.00284663061951,-0.613892254356808,-0.373252496671752,1.39019544349269
545,6346,"s14","m3",-0.907556717617254,-0.461610413351255,-0.223983831905354,-1.03339918736785,-0.591640293590184,-0.229036405500591,1.84647863854895
546,6362,"s14","m3",-0.720277532071462,-0.412750683608857,-0.16474082237457,-0.877202742967573,-0.440117807593082,-0.321767002163921,0.314603073405402
547,6410,"s14","m3",-0.731661882794321,-0.589276365537587,-0.0290703555358757,-0.905919962657527,-0.41899818074881,-0.390070428137966,1.06794438056528
548,6438,"s14","m3",-0.788874375163501,-0.429124139846244,-0.209103245400183,-0.974027464594963,-0.883226501026647,-0.231647037163573,1.03788142722976
549,6461,"s14","m3",-0.818601582640419,-0.434494814894006,-0.237203487664916,-0.961867366361372,-0.700884200715735,-0.515456415625608,0.916825495005564
550,6465,"s14","m3",-0.897943047285596,-0.560573753803886,-0.266497178800373,-1.05526773151817,-0.713337928760566,-0.370733345071737,1.45884209489465
551,6481,"s14","m3",-0.78651174683671,-0.395930354914489,-0.0837315531140709,-0.908597122032592,-0.586490300922605,-0.326723942720647,1.40751428721491
552,6492,"s14","m3",-0.81040820520453,-0.52504472100819,-0.163146816046827,-1.02323415593405,-0.70843841609409,-0.288305773553617,1.56425751792557
553,6493,"s14","m3",-0.769063282358867,-0.495892445728565,-0.0804297683841625,-0.911598306664508,-0.447456787095046,-0.301825443095749,0.684673464450852
554,6501,"s14","m3",-0.835232241347366,-0.482977946544448,-0.236033774023545,-0.91266016530033,-0.7522399075261,-0.27532741666744,1.53433655313938
555,6508,"s14","m3",-0.749757388892083,-0.454793502262935,-0.145073184042946,-0.914123015218493,-0.77658898081396,-0.197101199543671,1.09033453551883
556,6523,"s14","m3",-0.792212577033164,-0.426909701290671,-0.0715340597135571,-0.877596548402093,-0.731564319956106,-0.352635371676922,0.70595324446263
557,6549,"s14","m3",-0.775958527695118,-0.565295994248367,-0.106930769252159,-1.02696411287579,-0.566917602791714,-0.571678228465435,1.18937342931781
558,6573,"s14","m3",-0.803981574539373,-0.398583984052997,-0.112977114048254,-0.88380074714286,-0.472663258963196,-0.0538123742925095,0.690112794028141
559,6610,"s14","m3",-0.898068610972492,-0.513318931336334,-0.270033023578101,-0.892161030773376,-1.11165198227641,-0.213422758997269,1.1565388267777
560,6619,"s14","m3",-0.68782219872714,-0.450664272643066,-0.0544586088225559,-0.92586371355102,-0.464329451346199,-0.254413089968712,0.848880902868643
561,6623,"s14","m3",-0.66374293034179,-0.402532357562779,-0.085638021127145,-0.890766081514834,-0.294527783237475,-0.682230213190286,0.533498007462348
562,6643,"s14","m3",-0.821164280030865,-0.448092097021092,-0.22120361783922,-0.707447459498803,-0.739940863551819,-0.158036711156455,0.334805833118995
563,6654,"s14","m3",-0.89365238505292,-0.557709098785212,-0.232187782998525,-0.929868111995862,-0.781655296856896,-0.280726241467427,1.02258342704382
564,6683,"s14","m3",-0.870092621329504,-0.561994036285711,-0.266969388451988,-1.06223740889934,-0.870255685739596,-0.317046303696748,1.27608461292902
565,6686,"s14","m3",-0.939971030780059,-0.446415875202818,-0.100457428370118,-0.920985232921689,-0.636821317363643,-0.410640728667938,1.19029949272615
566,6695,"s14","m3",-0.778021205733851,-0.49304086807249,-0.211938550205076,-1.04892880654812,-0.552093204935759,-0.245686698877435,1.45043513123891
567,6706,"s14","m3",-0.78297024212262,-0.470558366093259,-0.242769883951773,-0.906858460600765,-0.95048322897162,-0.212751341830238,0.604657424361136
568,6724,"s14","m3",-0.780028568053706,-0.494026154221681,-0.144083668789756,-0.930460276196874,-0.660942512865062,-0.160245190118231,1.41921692463233
569,6725,"s14","m3",-0.78193109231575,-0.435921654413635,-0.1914486454394,-0.896768113955456,-0.655220723743766,-0.411167490334234,0.861652385111721
570,6756,"s14","m3",-0.850496250251339,-0.473423388304396,-0.119896815624554,-0.874781233477721,-0.449913351082078,-0.172921999814991,1.22640977597291
571,6781,"s14","m3",-0.733015542017635,-0.525442466041518,-0.109091107163181,-1.00744986511116,-0.381073861929201,-0.466199298307565,1.02741502984402
572,6804,"s14","m3",-0.708017143882855,-0.390366348088353,-0.0942596106620911,-0.93767416066582,-0.643927414003594,-0.2267689337519,0.965295668351412
573,6806,"s14","m3",-0.840002443761157,-0.477428469809564,-0.228483494058109,-0.870163502441154,-0.947615819592745,-0.204425548729747,0.99367792499094
574,6812,"s14","m3",-0.807898526345365,-0.492332827269508,-0.109350457092393,-0.938750044039185,-0.717340280702046,-0.345266192060836,0.933727312240988
575,6823,"s14","m3",-0.730162288823972,-0.418301083291981,-0.115283466988136,-0.978780868397503,-0.584480911776577,-0.559718159508336,0.829562533805088
576,6827,"s14","m3",-0.793224513740997,-0.476040001301429,-0.109520261008905,-0.976735770416166,-0.315715164860066,-0.355952371911759,1.76641540440791
577,6846,"s14","m3",-0.7938376953971,-0.56187535504237,-0.312264288098568,-0.988599887751709,-0.592484895487057,-0.394691025821012,1.58960605292474
578,6852,"s14","m3",-0.844031971937992,-0.485666965699447,-0.164108699384671,-1.00608763450305,-0.860287338231148,-0.173575579050652,0.934297223695718
579,6863,"s14","m3",-0.753788411528766,-0.431076515909948,-0.0900498479343341,-0.852418808931861,-0.387856149459645,-0.136545832724509,1.39406499410041
580,6878,"s14","m3",-0.743160017713843,-0.463590939072197,-0.170539229989345,-0.950078587856625,-0.649352163197925,-0.277077459991787,1.10288619254812
581,6907,"s14","m3",-0.75286028908144,-0.405013328095856,-0.0855593253602227,-0.890528713126041,-0.579617579688582,-0.208272167450316,1.14802764015541
582,6915,"s14","m3",-0.836013662615609,-0.514451058609806,-0.206078953217066,-0.954122571453202,-0.573278365428654,-0.431054808613924,0.960847222442054
583,6929,"s14","m3",-0.84839113871991,-0.542448256315947,-0.17738819727946,-0.813840320973103,-1.08208520156997,-0.216740832859546,1.20261109910486
584,6954,"s14","m3",-0.799712993985371,-0.4463078547725,-0.196495071863616,-0.981743234413583,-0.708082240689448,-0.478329385383975,1.4048632263153
585,6984,"s14","m3",-0.693711001427211,-0.426020240524881,-0.238910360069318,-0.95324134888024,-0.66438800964652,-0.271610113998833,1.08757126064708
586,6988,"s14","m3",-0.85367590691269,-0.43169457434532,-0.200140788083388,-0.965535690871628,-0.798028379987086,-0.220522226093638,0.819480437488789
587,6997,"s14","m3",-0.855160885695959,-0.461032763118797,-0.0724710839951749,-0.957308852812078,-0.711085893193466,-0.340945249021375,0.812687132068047
588,7013,"s14","m3",-0.86125230414681,-0.456371810950118,-0.266207917641791,-0.972042108915971,-0.618580341148912,-0.31527152694547,1.24085406104452
589,7017,"s14","m3",-0.792457743074266,-0.427120762423773,-0.115468854697895,-0.970423011549151,-0.582199334596207,-0.171272557749533,1.59974004902599
590,7028,"s14","m3",-0.78514964994268,-0.485943947870079,-0.20962897648458,-0.973910474415136,-0.541739341862605,-0.381665253950112,1.18733147889275
591,7055,"s14","m3",-0.787124826762044,-0.452201763183479,-0.296711771570934,-1.01578653413217,-0.794495530305219,-0.306799204893087,1.10357913969063
592,7071,"s14","m3",-0.779749943498338,-0.404542403657757,-0.240353691827147,-0.896273129526893,-0.683477358473006,-0.395655366191527,0.911415994483365
593,7094,"s14","m3",-0.811158228567138,-0.49858532302594,-0.295508234435788,-0.96452816308192,-1.10838818480602,-0.304734912235259,1.31919701796634
594,7108,"s14","m3",-0.886512890580507,-0.576979017039709,-0.251621558490733,-0.876772271008434,-0.572398867209595,-0.160895832379463,1.42866562537814
595,7118,"s14","m3",-0.899561062293608,-0.560374558329716,-0.270936173184682,-0.952415786099307,-0.988677956482968,-0.43122377464499,1.06063395278858
596,7120,"s14","m3",-0.771135932425956,-0.462444990877246,-0.0911330122074445,-0.928430369748045,-0.429812303298657,-0.199187567139325,0.814789480977654
597,7128,"s14","m3",-0.765003012446766,-0.454788804074261,-0.230300971927274,-0.838899813245237,-0.643758799046245,-0.398580467420718,0.787363343917758
598,7142,"s14","m3",-0.690209346368722,-0.482035616650163,-0.335205464830227,-0.997271891068852,-0.937974577769977,-0.429870407438325,1.34170970701186
599,7160,"s14","m3",-0.809560490403306,-0.604735090827949,-0.210819633065826,-0.904060306682279,-0.438661032427765,-0.430933056925808,1.48081402741084
600,7177,"s14","m3",-0.872314911964167,-0.506607908479671,-0.257208991916444,-0.999489566205072,-0.940533282663391,-0.210519393361447,1.27831750538604
601,7185,"s14","m3",-0.861444225466888,-0.555709693385479,-0.0983733795347243,-0.883842880384125,-0.84215735570967,-0.368842524792193,1.22552705003995
602,7198,"s14","m3",-0.798166082406894,-0.408801131254451,-0.264236365911557,-0.89496009857165,-0.643358668718584,-0.293516887524428,0.892455196601857
603,7230,"s14","m3",-0.722605641004419,-0.532785339927065,-0.23574478278421,-0.902012652474378,-0.620500211673829,-0.446844414676469,0.973541307411071
604,7235,"s14","m3",-0.767034078319057,-0.51272154087702,-0.199134812918864,-0.943863256406525,-0.764523910829886,-0.484977692776895,1.22164828431834
605,7238,"s14","m3",-0.760076793723589,-0.497208966471298,-0.0606049081975541,-0.885221115160656,-0.497314880764405,-0.416604654445069,0.496419255307807
606,7247,"s14","m3",-0.803639389654478,-0.545329913270742,-0.18080270525714,-0.958122675825638,-0.444659766346442,-0.358759590745402,0.920624130753261
607,7251,"s14","m3",-0.856936390478683,-0.557853263174335,-0.152449168391684,-0.847092000032313,-0.791877487825817,-0.108674578330082,1.18115688283433
608,7268,"s14","m3",-0.911942619716162,-0.512752228177367,-0.197869281040955,-0.965593216120693,-1.08758706758654,-0.206818577651016,1.3418171425163
609,7270,"s14","m3",-0.778882999880129,-0.489617066377626,-0.105682643989723,-0.935819699640589,-0.676695323075886,-0.278033386157462,1.5400075992215
610,7279,"s14","m3",-0.853706838476929,-0.473758707860159,-0.283450351258898,-0.947586085248358,-0.675930698589311,-0.346727699692423,1.28238055938556
611,7297,"s14","m3",-0.724110103211315,-0.526455990025435,-0.161813927645055,-0.988032074282062,-0.59576450441621,-0.711133417705807,1.15726820334902
612,7305,"s14","m3",-0.871324906338869,-0.424141761943848,-0.294166795935581,-0.861515876726975,-0.646964813274469,-0.09694177413423,1.00791697429662
613,7324,"s14","m3",-0.817028407913215,-0.546540512708334,-0.171183104802572,-0.864232350959971,-0.918442902478207,-0.45817179046504,0.816547412182023
614,7329,"s14","m3",-0.793280145230892,-0.610360354489084,-0.336569166216841,-0.984768656468561,-0.723572076913146,-0.678705860934748,1.1914563714458
615,7332,"s14","m3",-0.830313423305726,-0.605602153427747,-0.169181344628341,-0.976121263741712,-0.871144673525177,-0.571100966072489,1.36178205444278
616,7353,"s14","m3",-0.942368226500073,-0.491114826734187,-0.133024617659588,-0.912835335723413,-0.376277054690092,-0.781980845795491,1.39282332485303
617,7355,"s14","m3",-0.774757225305436,-0.478113213388279,-0.225392993393275,-1.00640011923896,-0.704382719563541,-0.390031500383043,1.19227218744642
618,7361,"s14","m3",-0.861206444402683,-0.559428639883925,-0.217667772615009,-0.917732556261186,-0.477269305426615,-0.412285759936859,1.66234584524698
619,7364,"s14","m3",-0.741829047259775,-0.534386101616327,-0.143377277632415,-0.952520698952417,-0.636073762251585,-0.297808865746459,1.20663157530344
620,7367,"s14","m3",-0.738521304577956,-0.34847177082264,-0.15995946407228,-0.862872084545036,-0.634062484188209,-0.168055019165878,0.402994391299503
621,7391,"s14","m3",-0.849622510706894,-0.535987725406023,-0.289519592204349,-1.00652353375468,-1.43149638431654,-0.624617669560426,1.33383444733836
622,7410,"s14","m3",-0.794641908186126,-0.413280959050045,-0.206790066801161,-0.962880118539037,-0.768645541779834,-0.457164246742382,1.0707527929446
623,7422,"s14","m3",-0.914430109565515,-0.493448759130708,-0.163058429074716,-0.940519705998179,-1.1293815964583,-0.797857298563203,1.26368863776322
624,7429,"s14","m3",-0.859256177184874,-0.537274536834428,-0.214795644007911,-0.931357328115108,-0.709210071763514,-0.0558446323262169,1.304011940827
625,7431,"s14","m3",-0.722963629253356,-0.395404640706486,-0.125712385298419,-0.895378036046297,-0.373955325887895,-0.272363165353306,0.567768153493349
626,7436,"s14","m3",-0.897310156196718,-0.470706356310768,-0.164199001206451,-0.93228454095619,-0.668661712813114,-0.316594711336142,1.2420125889515
627,7468,"s14","m3",-0.806155613676202,-0.377177792607465,-0.116595054013324,-0.899017983883167,-0.899765515194417,-0.221757505495629,0.441928843568653
628,7479,"s14","m3",-0.916547625776208,-0.495569159015879,-0.184192278554636,-0.907754073215293,-0.802244294222737,-0.321137723946893,1.17075191506943
629,7492,"s14","m3",-0.731206080358561,-0.506027553951967,-0.133151609124627,-0.948074326353368,-0.781362835354347,-0.384084021347382,0.71019869169004
630,7494,"s14","m3",-0.782093369474345,-0.540759256157748,-0.0899986091118685,-1.00903403449881,-0.392655770308615,-0.583875775503365,1.58375385532429
631,7496,"s14","m3",-0.751187112120228,-0.364888775907031,-0.196847457892639,-0.928822731806429,-0.729393427363055,-0.313317544206818,1.12646686905663
632,7505,"s14","m3",-0.800364176350083,-0.472424429509497,-0.134067369295546,-0.984244848132014,-0.959454883273444,-0.202732108545937,1.41455127915089
633,7514,"s14","m3",-0.834319562707865,-0.510194305607967,-0.153288358608411,-0.951742911084431,-0.646135556533423,-0.331369800782277,1.33883442893913
634,7537,"s14","m3",-0.818368264543229,-0.565896240664145,-0.179001166954479,-0.920300036392614,-0.644651098211029,-0.608785662849981,1.10180634028051
635,7545,"s14","m3",-0.832509684943831,-0.516254131299497,-0.285195963627142,-0.923874517299337,-0.863520814150483,-0.304689381830387,1.12250876931199
636,7559,"s14","m3",-0.814666241918662,-0.482821100050647,-0.134999409939692,-0.936842850289362,-0.642041816157157,-0.403663627343805,1.26415411840381
637,7570,"s14","m3",-0.866851571614481,-0.427823853711303,-0.213486729274449,-1.02180652549236,-0.842025610175908,-0.174466986886659,2.19477084481456
638,7605,"s14","m3",-0.79196898995466,-0.545149659826495,-0.14677053484868,-1.00378577831287,-0.581981131496988,-0.49496362629028,0.804861895111501
639,7620,"s14","m3",-0.850132013882454,-0.479093690380855,-0.13521896104487,-0.826901248193896,-0.63648166043542,-0.380924972150204,0.40250154159189
640,7622,"s14","m3",-0.755943370896844,-0.38184450259474,-0.0412314475803107,-0.83728055893965,-0.608822082520333,-0.223265824709611,0.584349675247284
641,7626,"s14","m3",-0.766271274348193,-0.474724459300448,-0.246999228351414,-0.999193803907912,-0.936638463643205,-0.242882028147293,0.643716987910793
642,7673,"s14","m3",-0.757377250348289,-0.501515812272584,-0.0351297391603537,-0.855963184908562,-0.410783746962274,-0.195116911374987,0.847593456876992
643,7680,"s14","m3",-0.738784571120426,-0.521778733713275,-0.243210231035721,-1.05801519997833,-0.776955055621813,-0.623046690328644,1.19265913154527
644,7684,"s14","m3",-0.771662775573788,-0.530256998718257,-0.252866951969076,-0.956951817851845,-0.812747440258403,-0.441333787356939,0.97312924277498
645,7687,"s14","m3",-0.877633759263682,-0.555966994330163,-0.201888632500655,-0.953059333060338,-0.693388215010383,-0.184496882320353,1.24357939659649
646,7703,"s14","m3",-0.769598750178672,-0.436737801274566,-0.0978035533788597,-0.979683265164513,-0.55826028130829,-0.388674824934337,0.952460753895223
647,7707,"s14","m3",-0.822883435494987,-0.414719965376626,-0.175133999937665,-0.82326894044322,-0.656928589941404,0.00953065280682822,0.812907708643714
648,7708,"s14","m3",-0.869794021689506,-0.516508006155243,-0.14031403701144,-0.99838450793557,-0.819806461160638,-0.356983080284642,2.08981330754103
649,7731,"s14","m3",-0.802563494022295,-0.554981028026147,-0.240851511609546,-0.919580208303375,-1.02357183454107,-0.496006120694241,0.758300943400262
650,7747,"s14","m3",-0.747072656392609,-0.466198044220869,-0.15413943920479,-0.863491475191919,-0.557515359513519,-0.259906828232287,0.770674726939465
651,7749,"s14","m3",-0.735964215745029,-0.43942575148557,-0.0737872964521766,-0.883510265777062,-0.595118015187295,-0.424002474107196,0.524313299289494
652,7758,"s14","m3",-0.771262058047651,-0.48349718156762,-0.254275864420042,-0.885477803624251,-1.11321058386611,-0.32936112489004,0.898565857564215
653,7790,"s14","m3",-0.808606950201566,-0.527784459710883,-0.186436577332523,-0.873719388783936,-0.748041866156331,-0.151663156472657,1.17764369983675
654,7791,"s14","m3",-0.713192476475933,-0.612614081586323,-0.0343090068986599,-0.907312452706374,-0.895035958863391,-0.359790363054045,0.713631627852355
655,7810,"s14","m3",-0.852244516179292,-0.538808207328547,-0.0619647105847989,-1.05547601862227,-0.949020484528518,-0.524456893018315,1.33148912327586
656,7813,"s14","m3",-0.842152745935553,-0.534836353667678,-0.121970929335695,-0.944507471002457,-0.837185110374123,-0.24355239936689,1.43347665184364
657,7821,"s14","m3",-0.917500651821789,-0.479238933394204,-0.165986661393199,-0.920075070840332,-0.856244566445852,-0.194873172624621,0.948539008924974
658,7824,"s14","m3",-0.802783684260908,-0.448370236988235,-0.169789706145774,-0.93437506078235,-1.09599138031926,-0.378966355317061,1.21277710779643
659,7851,"s14","m3",-0.832399350527225,-0.549422777318435,-0.162111827369358,-1.01934972316583,-0.87893494457943,-0.637200436803155,1.77740802694798
660,7867,"s14","m3",-0.783705679870912,-0.567568240928039,-0.219501543858517,-1.02475349885724,-0.551249808447946,-0.422640369841664,1.16248344345446
661,7871,"s14","m3",-0.735467041632897,-0.536420468939746,-0.131596778513762,-0.960506199537524,-0.666576154946145,-0.349726504728174,1.19415867120574
662,7875,"s14","m3",-0.758600561021721,-0.523317601843607,-0.157880796921669,-0.820271391766002,-0.595719618972941,-0.447409081722085,0.433114025195328
663,7877,"s14","m3",-0.900397816824851,-0.443270778422461,-0.107427247663273,-0.965965080414691,-0.514791614870593,-0.450371058626189,1.39278209970897
664,7884,"s14","m3",-0.69792799949894,-0.402934793230778,-0.128887213959749,-0.921215247498081,-0.495250905637706,-0.0162866884516951,0.733959639439152
665,7892,"s14","m3",-0.743783616662235,-0.454255293046733,-0.168907480359985,-0.874155681749242,-0.483147924269974,-0.463306443520585,0.6143830497724
666,7893,"s14","m3",-0.804901862720548,-0.44968673784512,-0.138620378041552,-0.949275837885728,-0.547789948981278,-0.595469029955325,1.49929665919708
667,7915,"s14","m3",-0.847075196726828,-0.467909446587074,-0.173361450058075,-0.928054999214643,-0.73076341473591,-0.274845225507102,0.895236548923132
668,7944,"s14","m3",-0.878455137671828,-0.465620184196937,-0.131149903350196,-0.903791471184477,-0.68085065514249,-0.0840084500253016,0.940081873634834
669,7976,"s14","m3",-0.772730254542578,-0.355248361698861,-0.205137838448335,-0.972740521903378,-0.544263947548691,-0.30620249897323,0.891084224772684
670,7979,"s14","m3",-0.787325058355566,-0.509347586179417,-0.186362601366095,-0.867743042651735,-0.703827339107747,-0.551928952237599,0.896237344691013
671,8038,"s14","m3",-0.844842067214024,-0.497420228665762,-0.240589479561033,-1.01069745900639,-0.602110055728694,-0.181074895587599,1.24865326259858
672,8039,"s14","m3",-0.814224633873622,-0.567074849541828,-0.186510278061367,-0.965780793874704,-0.754764820427054,-0.405373218587137,1.42367626312853
673,8047,"s14","m3",-0.716838497775486,-0.522565266612692,-0.166539366314697,-1.00443164110021,-0.65066211913028,-0.339568531312389,1.31629824614935
674,8066,"s14","m3",-0.818791426355004,-0.459220347969368,-0.238167402598458,-0.907134006783491,-0.899983534579286,-0.247454993167677,0.812463003805679
675,8068,"s14","m3",-0.759563480266216,-0.436703340840825,-0.157042076219119,-0.973099810706704,-0.554442961677509,-0.19077424832095,1.3574276724004
676,8074,"s14","m3",-0.812469593797245,-0.448960725302011,-0.141363312736843,-0.92128204227888,-0.675111047198636,-0.259580779987367,1.26990969254075
677,8082,"s14","m3",-0.949418042309538,-0.567342398454886,-0.280349400571551,-1.00054741415475,-0.724603763012184,-0.279712078217183,1.61390128573236
678,8094,"s14","m3",-0.876970517245374,-0.47525705458618,-0.182144763999556,-0.905624330624296,-0.799225691396728,-0.0573447582591806,0.947990865676819
679,8099,"s14","m3",-0.804676108327129,-0.425157727972175,-0.0858547089149808,-0.888440384673547,-0.515487350597571,-0.194478075071091,0.945131694129312
680,8101,"s14","m3",-0.86532442366398,-0.475867118210094,-0.165975152983328,-0.92995222929783,-0.692077976181863,-0.266411139391663,0.788892997986631
681,8110,"s14","m3",-0.855537722474316,-0.409608662148064,-0.0893416324199391,-0.869619925129919,-0.992031285498237,-0.311037200032554,1.00133981957006
682,8126,"s14","m3",-0.77127532066545,-0.577222890348526,-0.0360359047976548,-0.912776450995798,-0.746493968663225,-0.522578448218481,1.1029331967075
683,8173,"s14","m3",-0.783738186496673,-0.494216360646537,-0.171517511019187,-1.09233519791698,-0.779222060701327,-0.391055566052778,1.94557201523873
684,8177,"s14","m3",-0.867269340919522,-0.565901545404274,-0.281097146017018,-0.875873131799203,-1.1109041148388,-0.305766605011718,1.28818895379396
685,8201,"s14","m3",-0.743146227787223,-0.45846122795944,-0.150429087111069,-0.865457044792745,-0.367681659287323,-0.166881244605604,0.534474144457475
686,8206,"s14","m3",-0.707999377658695,-0.535052474022062,-0.192874939712691,-0.975207480162096,-0.649226953390403,-0.447156784702234,1.31265820736825
687,8222,"s14","m3",-0.786752315113446,-0.377819603879821,-0.238200706955559,-1.00086310398439,-1.22865109935837,-0.178816455551831,1.39942582999257
688,8233,"s14","m3",-0.893074139065455,-0.488769007594466,-0.355207679851856,-0.971468867920634,-0.86286769907515,-0.124863406337741,1.77423923931979
689,8236,"s14","m3",-0.851836270349951,-0.521067647834557,-0.26777062300595,-0.997146567018445,-0.788806414276988,-0.737977435716202,0.955533367883168
690,8242,"s14","m3",-0.777214441705943,-0.548248511604593,-0.220425259750023,-1.03252052503822,-0.71679361519496,-0.712531825464164,1.32512903834813
691,8273,"s14","m3",-0.82675359056787,-0.532448999836938,-0.310470206670072,-0.948273917567712,-1.13986342545232,-0.360761323503188,1.3731253879248
692,8283,"s14","m3",-0.746857463509533,-0.453770997306702,-0.0888147704963133,-0.850205750736063,-0.205919850910524,-0.313052767999001,0.729251121467234
693,8294,"s14","m3",-0.745306945774823,-0.429046604828852,-0.164301939498371,-0.881084078775632,-0.367365248933402,-0.207139916866721,1.11274561467269
694,8299,"s14","m3",-0.696797558866893,-0.513724507484126,-0.196250961902536,-0.938212834605827,-0.465410693332495,-0.596561964062051,0.685936918261909
695,8332,"s14","m3",-0.817142511800834,-0.48159530360881,-0.129246863517895,-0.952830611738662,-0.509464734118479,-0.361616231545642,1.51816007760616
696,8351,"s14","m3",-0.795300610813176,-0.518335874988056,-0.175758196358916,-0.878449827353876,-0.476599986217559,-0.462564197230984,1.07986668482314
697,8363,"s14","m3",-0.683526458572795,-0.3588676516977,-0.178439682411157,-0.847717772507361,-0.451807985434003,0.0129257746128001,0.715652796480067
698,8367,"s14","m3",-0.787829818319929,-0.455671900595382,-0.222998655863591,-0.943033539246,-0.670287178661479,-0.390692464389379,1.03263087145218
699,8371,"s14","m3",-0.791435035754658,-0.352778897695903,-0.0873887421931214,-0.923323908359566,-0.531924670680107,-0.0893167396951595,0.85591229292384
700,8380,"s14","m3",-0.780678928581947,-0.559122655109261,-0.268556662671274,-0.959917562550364,-0.976151489040128,-0.556039017746507,1.10088470488712
701,8386,"s14","m3",-0.813344331934346,-0.473884170884744,-0.221105555268253,-0.931555429762119,-0.751388260202864,-0.39120221170369,0.898068831213854
702,8390,"s14","m3",-0.789378313594727,-0.455599043946163,-0.23429532172731,-0.979699490345348,-0.700457999098907,-0.222355169157679,0.88561098924691
703,8393,"s14","m3",-0.708362450837836,-0.492969192216627,-0.169690454811434,-0.874795896159238,-0.666281018971922,-0.55610781847349,0.484995552496371
704,8396,"s14","m3",-0.791845603165308,-0.401226876626334,-0.00125013185348875,-0.940102365945457,-0.498443109877143,-0.224007691388567,1.17756954995641
705,8402,"s14","m3",-0.816968525778893,-0.408027266028749,-0.130285426616241,-0.871042265194933,-0.927544625808234,-0.134366261589518,1.31768260073728
706,8415,"s14","m3",-0.83852186403154,-0.519723295649434,-0.164087794683199,-0.913790380194893,-1.06773147454519,-0.272308075975086,1.24683051087724
707,8425,"s14","m3",-0.779126807278079,-0.467405142642592,-0.16369431795878,-0.843769167663669,-0.510361846411479,-0.396025801174628,0.851225149557642
708,8434,"s14","m3",-0.735603962419437,-0.453769697070096,-0.219369517308528,-1.03103147297358,-0.401365070483091,-0.424644297400523,1.70642542268492
709,8435,"s14","m3",-0.700282549621804,-0.479283146596673,-0.265503087196757,-0.900607716655219,-0.590442612349608,-0.247195199813277,0.987741098577934
710,8446,"s14","m3",-0.690765373643342,-0.463506283613463,-0.0495224953869062,-0.979896714537636,-0.658918297337215,-0.885417474678701,0.786114107821501
711,8453,"s14","m3",-0.733871327376613,-0.492856041914413,-0.110856018971113,-0.878737345294698,-0.80336972839389,-0.0293476850229623,0.940549175413591
712,8491,"s14","m3",-0.865253784308524,-0.59392992507678,-0.171887776640342,-0.994231116408026,-0.537641035238704,-0.476887765081867,1.64645482864437
713,8508,"s14","m3",-0.799884598252366,-0.447350868433272,-0.16168990649484,-0.923334654917453,-0.496998264069873,-0.232239895412936,1.09582339983607
714,8513,"s14","m3",-0.906399478514643,-0.528242902923298,-0.10412852999647,-0.916712128643638,-0.764936892466344,-0.356145583160418,1.34969245907245
715,8520,"s14","m3",-0.757936805701966,-0.580868908390064,-0.198255597592462,-0.997416037551177,-0.733433164516316,-0.370116656959217,1.21741615934382
716,8521,"s14","m3",-0.778565433913552,-0.57302850724999,-0.132015033502762,-0.988643438904465,-0.371271602351066,-0.581317613008415,1.71475566896995
717,8537,"s14","m3",-0.753953410484617,-0.438246338543387,-0.102832541526945,-0.875577102828457,-0.353376883251276,-0.294232028672873,0.580784904963825
718,8540,"s14","m3",-0.723402103663747,-0.485165483794344,-0.215816616402265,-0.935702006144678,-0.818817327840623,-0.431971639147181,0.877687256194209
719,8545,"s14","m3",-0.784864989279325,-0.389364645545467,-0.229005330929791,-0.945556987165084,-0.866024114879567,-0.234787278892487,1.01856646540527
720,8565,"s14","m3",-0.74936556375761,-0.491458648572437,-0.18155558475915,-0.963389417035601,-0.607940556904915,-0.228591447411664,1.21774206422762
721,8566,"s14","m3",-0.835980710769621,-0.48488622162918,-0.183413102073595,-0.989063795766595,-0.835820243331647,-0.214171858734769,0.750791629185336
722,8583,"s14","m3",-0.90342825085938,-0.546169598974644,-0.259939629800732,-0.906381960064201,-1.07330174299298,-0.0987641732285247,1.51371762560478
723,8609,"s14","m3",-0.76526793931266,-0.398887933349762,-0.180384505780448,-0.83746469800609,-0.867767068859369,-0.165950053245243,1.01907072624584
724,8611,"s14","m3",-0.775685068563827,-0.473875595491708,-0.16251521649922,-0.889187895633347,-0.442113311695036,-0.294757301716565,1.01645557265047
725,8619,"s14","m3",-0.789320597771156,-0.475417557944931,-0.233732538066871,-1.00249666734726,-0.744241260637281,-0.58441377878071,1.5718887642963
726,8623,"s14","m3",-0.647039602044674,-0.344579271424341,-0.108915918777809,-0.802812903999451,-0.265618053667293,-0.263469045119191,0.0780505453505481
727,8627,"s14","m3",-0.858270912176582,-0.498753635225443,-0.174572698023302,-0.946901991825285,-0.969108963851217,-0.337667933458337,1.1115508498356
728,8635,"s14","m3",-0.730002396185836,-0.565190385947879,-0.219841595912733,-0.972722950402175,-0.565368696065629,-0.446439155705897,0.840561408594086
729,8652,"s14","m3",-0.783536432468586,-0.53037876317525,-0.0549988680188011,-1.00981073754221,-0.633741022053362,-0.629941812290942,1.21940903061203
730,8656,"s14","m3",-0.894326835909291,-0.508869979959606,-0.156340515875987,-1.01281632733303,-0.913627258028367,-0.651319138642927,1.05241007547653
731,8664,"s14","m3",-0.804240085104728,-0.558906444989642,-0.144989070819391,-0.957656915915241,-0.40082273783999,-0.423025139941336,1.38940859023384
732,8681,"s14","m3",-0.832146041432656,-0.514530436440993,-0.123199466323789,-0.859581944954587,-0.708643519951154,-0.628160247835529,1.11379752203048
733,8682,"s14","m3",-0.704037815521782,-0.504034705156724,-0.031224060026878,-0.898353512963122,-0.573095732348345,-0.413418232875275,0.903610692924852
734,8685,"s14","m3",-0.830840457008612,-0.476765534587969,-0.181115424203281,-0.957186795524414,-0.864895198265056,-0.45214887503675,1.47170068927629
735,8705,"s14","m3",-0.802048253434881,-0.581819276348051,-0.132726817681699,-0.910195846286562,-0.583493489468328,-0.338367927909374,1.74670592012554
736,8710,"s14","m3",-0.768357668145565,-0.615760305565286,-0.178601280775952,-1.05745217783972,-0.881378990622697,-0.514312789761894,1.45050918320371
737,8721,"s14","m3",-0.760904443800041,-0.560892662870555,-0.310049811108649,-0.935983976015507,-0.460500867186122,-0.472996059075316,1.53525207406708
738,8731,"s14","m3",-0.908860414120727,-0.554633694822449,-0.0995578891173599,-0.955967491864982,-0.648372428656559,-0.41144743724314,1.44924367046116
739,8734,"s14","m3",-0.733520599355547,-0.57553306063384,-0.0548441979636867,-0.919914973136436,-0.76874746363751,-1.13415772671902,1.14252154003244
740,8755,"s14","m3",-0.913580640284185,-0.459517521235244,-0.230267808928838,-0.939426094317815,-1.46447633385198,-0.304781014372811,1.63783389075527
741,8761,"s14","m3",-0.907420522114549,-0.555021855492054,-0.299203838250498,-0.915004626469116,-0.64356977802225,-0.453046522677392,0.967524493058725
742,8785,"s14","m3",-0.802177257720795,-0.444762664529469,-0.263553244730622,-0.892630060185531,-0.659751841700496,-0.255550610547445,1.09947910848732
743,8790,"s14","m3",-0.765226274282942,-0.474381149009897,-0.215392271813879,-0.945427498272526,-0.849293189883766,-0.355568981907228,0.604567513410886
744,8802,"s14","m3",-0.76704093702597,-0.525025881951623,-0.334824793702942,-0.871652528147603,-0.79144877861013,-0.184057132274066,0.792035375382374
745,8805,"s14","m3",-0.824814450173716,-0.459433988266875,-0.17774085456542,-0.901826662090933,-0.925020315796978,-0.201014638273698,1.11497282637423
746,8810,"s14","m3",-0.747185110835691,-0.496517419291375,-0.178823166177388,-1.01089648214682,-0.798759387470398,-0.348622672218365,1.08022585502706
747,8820,"s14","m3",-0.805743930865599,-0.538718777396867,-0.196286281021002,-0.918692277151414,-0.734714318649729,-0.814824339248467,1.14888603375879
748,8822,"s14","m3",-0.833882907031004,-0.44349463782369,-0.212075576535677,-0.904033092278847,-0.872113571701404,-0.256002293891139,0.610192794278071
749,8823,"s14","m3",-0.675977743878442,-0.454071165471369,-0.128067032633897,-1.00327450701132,-0.45954027968305,-0.391455910380332,0.885871637492289
750,8827,"s14","m3",-0.870835000416233,-0.543567520340867,-0.213317899408922,-0.921081981353504,-0.973630331595684,-0.1833988393948,1.06875586646399
751,8845,"s14","m3",-0.85402936483524,-0.589538917534137,-0.179558697038529,-1.08203465754936,-1.14267863383344,-0.591159021456949,1.3195279368033
752,8849,"s14","m3",-0.776555591814504,-0.520406835800546,-0.11411173368897,-0.878581815898866,-0.77924607437874,-0.266499499773769,0.564716745100984
753,8862,"s14","m3",-0.790632417967639,-0.61341365421885,-0.18847782888663,-0.928533080581487,-0.509349309042978,-0.639724627319483,1.32435987877088
754,8866,"s14","m3",-0.768958966127762,-0.476594849693182,-0.221236958585511,-1.04699560554853,-0.496179590957747,-0.20034436964211,1.22881662707391
755,8886,"s14","m3",-0.857546568628549,-0.519075123183657,-0.234240268836881,-0.969682191514886,-0.636729079395478,-0.638748443134666,1.36733276002342
756,8910,"s14","m3",-0.746597337427034,-0.439183691567681,-0.205141253524644,-0.952998264640511,-0.82633123281308,-0.206080801406543,1.07002656688233
757,8913,"s14","m3",-0.766658668897481,-0.434454116589745,-0.254471188079066,-0.777369765208489,-0.875445857600004,-0.205583549697453,0.546769998150026
758,8916,"s14","m3",-0.81666763509839,-0.466119395172775,-0.207987350042786,-0.948088533157197,-0.714281370775653,-0.132771195144851,0.99099030660753
759,8917,"s14","m3",-0.760786287140283,-0.472523404994124,-0.0876184570050381,-1.00401182267757,-0.21376016378743,-0.144367970358624,1.50432747908664
760,8921,"s14","m3",-0.830833247233614,-0.4270960787311,-0.180153645480461,-0.928881128278174,-0.733078246653157,-0.146526791669065,1.1529738846565
761,8922,"s14","m3",-0.695620038575079,-0.484034263444702,-0.216167048298957,-0.907516729455477,-0.449302311728315,-0.335190275520236,0.942525674763815
762,8939,"s14","m3",-0.724224282050493,-0.572587096820207,-0.139675763394164,-1.0058351067808,-0.466178013343392,-0.518658152997324,1.19638531307851
763,8945,"s14","m3",-0.763067591367121,-0.565039764260549,-0.28239993695041,-0.958930176477504,-0.769257294694593,-0.250267685126718,1.43750538280247
764,8950,"s14","m3",-0.788398915119205,-0.473173167163039,-0.260732819971793,-0.983128476623083,-0.501548790151586,-0.485919299379944,1.00319199060842
765,8968,"s14","m3",-0.708012326744735,-0.476721769343082,-0.189281197042455,-0.946888772387223,-0.692556237562942,-0.353325867629375,1.07690338311029
766,8990,"s14","m3",-0.746952068106874,-0.520837953630545,-0.225901695741699,-0.88040881933068,-0.71112446646472,-0.329921937683968,0.876314860145633
767,8995,"s14","m3",-0.735674749314262,-0.458988911778668,-0.126254267150323,-0.89168584776723,-0.5838559910969,-0.33291118353828,1.41044089143622
768,9003,"s14","m3",-0.720263689121394,-0.431535492993385,-0.119619365106184,-0.88261773620275,-0.464826822696654,-0.0583199939551662,0.547644771379722
769,9006,"s14","m3",-0.723854758100433,-0.520313181525377,-0.156566949773599,-0.959144264012919,-0.583698387240395,-0.232594167509852,1.2497706035274
770,9008,"s14","m3",-0.806617174700972,-0.485285062477748,-0.135566849458755,-0.871517651880405,-0.429634542635356,-0.374028981386483,0.852216043412584
771,9013,"s14","m3",-0.720777810021417,-0.57614437374585,-0.0722400426280972,-0.912091950740602,-0.376371627574409,-0.555753583787079,1.27799731547056
772,9017,"s14","m3",-0.743024875022032,-0.397886794047182,-0.124349373941575,-0.847703478865906,-0.290149616541756,-0.173030807722758,0.886008472985265
773,9031,"s14","m3",-0.720082229811867,-0.501680247231132,-0.136140028561256,-0.885645003083579,-0.281258804209856,-0.16411106550198,0.918324923379197
774,9033,"s14","m3",-0.78884202008362,-0.494700172922909,-0.239369317805648,-0.985796863514543,-0.557702680809779,-0.598968548396945,1.16320489108987
775,9041,"s14","m3",-0.715588031955575,-0.44731072292852,-0.201421041622624,-0.844218108137462,-0.98570663505539,-0.196546766951433,0.370243651018944
776,9042,"s14","m3",-0.880438323058923,-0.644023375245547,-0.0906719044872906,-0.899025916641588,-0.675217507349914,-0.52499805286793,0.580050352652831
777,9046,"s14","m3",-0.760409151803295,-0.531173463021166,-0.136249809200935,-1.00103136668622,-0.59369121685788,-0.518872134887456,1.71447993680756
778,9049,"s14","m3",-0.839131104533692,-0.484563078256252,-0.220794598989382,-0.961040821521338,-0.883541865780229,-0.694227633338715,1.11042429272907
779,9072,"s14","m3",-0.784071120611606,-0.477534849896361,-0.144810279892034,-0.945833707010776,-0.420327547511775,-0.310784490139187,1.23532348905008
780,9087,"s14","m3",-0.791948360872359,-0.461994857837775,-0.0981584272891617,-0.971579643873392,-0.451661378131793,-0.106668340316664,1.67702512807882
781,9096,"s14","m3",-0.714434828811253,-0.446289770117488,-0.123835202671546,-0.921430754263667,-0.55627949524866,-0.215256964339205,0.532254643757663
782,9108,"s14","m3",-0.813269577241356,-0.442724491879446,-0.340240908569028,-0.893767127605957,-0.906917298126762,-0.109750300068601,1.32432320015483
783,9112,"s14","m3",-0.789165265522725,-0.43157552758389,-0.251809421483687,-1.00387766223176,-0.911066870791087,-0.340488991749514,1.2523470908287
784,9117,"s14","m3",-0.827439816671173,-0.501647813564362,-0.059745057499491,-0.883128685959701,-0.505442074136802,-0.411130537325706,0.780990762925657
785,9127,"s14","m3",-0.777833966099518,-0.437144696776407,-0.257661264253438,-0.944400763979667,-0.72746186404177,-0.380036283070337,0.903559557029177
786,9129,"s14","m3",-0.799458094466755,-0.433993315945588,-0.139087709939887,-0.900389103733442,-0.448810302283519,-0.16087211577043,0.735156582866862
787,9143,"s14","m3",-0.824516180262508,-0.427861719110893,-0.0416544641202275,-0.967627472651813,-0.570970288387259,-0.281462962411165,0.680824051893315
788,9158,"s14","m3",-0.763766748184759,-0.587766556614923,-0.210671178031284,-1.01265834447679,-0.553943923773432,-0.560253257777282,1.18152579245379
789,9177,"s14","m3",-0.709600121507655,-0.458738098268397,-0.120219453130069,-0.808970245494485,-0.634671204792019,-0.296700848583065,0.664749996489669
790,9179,"s14","m3",-0.777187610854369,-0.463939819030661,-0.151774679012723,-0.957069246694047,-1.0281055946036,-0.627193917451807,0.810914165731328
791,9210,"s14","m3",-0.72808873148889,-0.480276857999501,-0.141617602847197,-0.853096010459615,-0.543689462108312,-0.320479287036146,1.00652508931784
792,9214,"s14","m3",-0.852689091660789,-0.542053524533861,-0.143219455957149,-1.00111044904888,-0.955767816017895,-0.0894955084661605,1.7460411236534
793,9217,"s14","m3",-0.83294062762217,-0.459727711575571,-0.123026680642115,-0.853354267372235,-0.526845349672964,-0.300480692069376,0.769546641223238
794,9218,"s14","m3",-0.773804938894735,-0.520936969224485,-0.0864324543974489,-0.972862403206666,-0.738259016672603,-0.127713325942385,1.14889162434384
795,9246,"s14","m3",-0.723961599110676,-0.548094115645477,-0.164275473835238,-0.888541314724299,-0.594482875137224,-0.517120447289969,0.647061696548554
796,9248,"s14","m3",-0.785497386757961,-0.508010389472323,-0.166249154359649,-0.902362866868444,-0.469787950637162,-0.540562494575466,0.715885107887111
797,9267,"s14","m3",-0.847629222977662,-0.474498093170778,-0.216033805106608,-1.01942715862662,-0.361164513313601,-0.350450000527541,1.29489921386314
798,9270,"s14","m3",-0.836155372564338,-0.49420720918408,-0.187728550045189,-0.9642150598741,-0.772166532921319,-0.539705977829486,1.08322948971832
799,9293,"s14","m3",-0.817828720492234,-0.507698482950953,-0.262223035102916,-0.939729113895584,-0.618755860548807,-0.52760921217812,1.26367100706231
800,9306,"s14","m3",-0.805099227041825,-0.419899141048972,-0.238425850742132,-0.977145636049942,-1.00549028407959,-0.425246736276779,1.04259005132514
801,9319,"s14","m3",-0.804537303966617,-0.472490082077969,-0.158350455519353,-0.90594644792576,-0.703624967116583,-0.321064455330017,1.31542433079765
802,9323,"s14","m3",-0.780177920915976,-0.453128856625612,-0.123373720016582,-0.867625392618001,-0.67174093411634,-0.281888303299251,0.364712656098375
803,9336,"s14","m3",-0.750139986454296,-0.526618586727223,-0.146637717057474,-0.996991521354799,-0.598952503006503,-0.57073176038799,0.884283620218416
804,9348,"s14","m3",-0.760083355159273,-0.487713258961494,-0.247910178387488,-0.849900234687091,-0.45347256004041,-0.16065658515491,0.705752646027215
805,9369,"s14","m3",-0.81175142111991,-0.444963276384639,-0.0842794711455852,-0.967814991020901,-0.823355408493226,-0.120867622496391,1.30606260337892
806,9387,"s14","m3",-0.880536749029024,-0.404773403056026,-0.218824804918181,-0.862774412344356,-1.04210335910729,-0.116233883780895,0.767944238230722
807,9412,"s14","m3",-0.737727912453567,-0.456650227488036,-0.26438741413915,-0.965461880532942,-0.761650092539919,-0.304854216114943,1.05901085702746
808,9418,"s14","m3",-0.844065537693118,-0.495599469104005,-0.157904469153857,-0.998048614136711,-0.785939979797345,-0.474453000975939,0.824876018208
809,9434,"s14","m3",-0.868086864154692,-0.4419113236146,-0.213233931895561,-1.02218387357095,-0.640763075052871,-0.495649352585838,1.39311926072924
810,9459,"s14","m3",-0.688255868850471,-0.440059672999227,-0.160234199280886,-0.903189738933544,-0.704344396771114,-0.293563944233541,1.13378878484041
811,9499,"s14","m3",-0.870156410682603,-0.607012299510708,-0.221655510398585,-0.978003649575217,-0.749290447090968,-0.432524088886298,1.06889946077705
812,9519,"s14","m3",-0.851311184487598,-0.526283374596602,-0.24592465209296,-0.867210851850409,-0.970210665150173,-0.391557932142057,0.821303732005924
813,9529,"s14","m3",-0.681409705686298,-0.396381083209666,-0.0740589894306303,-0.79311953008615,-0.377061093823526,-0.0333789774984053,0.29899250186459
814,9555,"s14","m3",-0.713365573075861,-0.485907125543536,-0.2042694252491,-1.02223387517286,-0.436013593702922,-0.555273570360644,1.1023131087743
815,9558,"s14","m3",-0.805694489810356,-0.595357889074008,-0.209089607185771,-0.974536628451243,-0.375800872696428,-0.225685378300124,1.53845206735099
816,9567,"s14","m3",-0.809905007825852,-0.550396974977283,-0.188795282903448,-1.02048196421297,-0.733788296360097,-0.423913831805288,1.54254185648022
817,9568,"s14","m3",-0.838655158791348,-0.410987294430413,-0.223251647574473,-0.882890598804363,-0.677235991264716,-0.249865950987133,0.871110373588904
818,9578,"s14","m3",-0.872954463866988,-0.50189219143083,-0.0515680147806683,-0.907651874394467,-0.420339758168352,-0.443048406370935,1.23101236436168
819,9582,"s14","m3",-0.800670367397874,-0.51613349105816,-0.135973171051382,-0.950605649679104,-0.480977903293467,-0.243962218146935,0.814236754512078
820,9615,"s14","m3",-0.875287183048567,-0.433702122673556,-0.179944142084855,-0.927263814048068,-0.943275266640422,-0.128629050618342,0.96228032259239
821,9616,"s14","m3",-0.844205988359844,-0.524194073256323,-0.106903914207565,-0.940474681153392,-0.805315882373028,-0.368451004628197,1.00684946847718
822,9620,"s14","m3",-0.763457196231536,-0.488508815835158,-0.266451310232099,-0.970808971256234,-0.79425120386086,-0.368474510806601,1.14819310152889
823,9625,"s14","m3",-0.840380028851547,-0.449462679890288,-0.121452059371723,-1.02625937728146,-0.645293870816673,-0.262711634541544,0.892644258803788
824,9647,"s14","m3",-0.866555283655281,-0.488395305799878,-0.266535855312181,-1.06319277948545,-0.812676866587702,-0.385500603318821,1.82046328387673
825,9669,"s14","m3",-0.79016626808138,-0.435823372315256,-0.0919876805865007,-0.9298412720234,-0.583107121878446,-0.229788891977026,0.827505293807325
826,9674,"s14","m3",-0.760510487161821,-0.479863850957125,-0.143516922840443,-0.888817017151486,-0.57648095057257,-0.302973404834434,0.849372137426363
827,9704,"s14","m3",-0.745038431187413,-0.497646012213525,-0.180522366243447,-0.941296801238071,-0.648900524239274,-0.176830959924772,0.873471475900532
828,9707,"s14","m3",-0.687565709155663,-0.509874301199513,-0.253399848135056,-0.90576484362905,-0.736409940466072,-0.238494394806173,1.0096598810168
829,9755,"s14","m3",-0.781093502962599,-0.5204841037771,-0.217149318467849,-1.03855947377247,-0.773576584518617,-0.538432737255861,1.87717975715198
830,9768,"s14","m3",-0.757180379810322,-0.508148312382604,-0.259845761916754,-0.917079077087183,-0.573395378641038,-0.29183477557608,1.01242388213071
831,9774,"s14","m3",-0.7317803014476,-0.526045449801817,-0.0975416350935226,-0.907714579477447,-0.790448912196832,-0.6004145346366,1.38451316643009
832,9779,"s14","m3",-0.858609397796064,-0.461199215130132,-0.139940059580585,-0.960307224889,-0.812525306392485,-0.40704431358244,1.12068781563829
833,9786,"s14","m3",-0.787253926086809,-0.512303668165118,-0.117236754673817,-0.818099946781461,-0.583781376038191,-0.420133704371428,0.299546929009535
834,9787,"s14","m3",-0.803363270435275,-0.448466047100437,-0.173035904045965,-0.978163674317381,-0.6569736909801,-0.326727593828963,1.19665687653625
835,9812,"s14","m3",-0.859075600138282,-0.555776292213126,-0.317520362196816,-0.937470549079265,-0.676864335678882,-0.154685408652613,1.43902267902716
836,9813,"s14","m3",-0.688824273792345,-0.520025344554384,-0.106699758662721,-0.964345423660201,-0.395824529450659,-0.687130624554162,1.15146215970458
837,9830,"s14","m3",-0.720353617121794,-0.475825466452529,-0.183536886097072,-0.892192325433268,-1.38323303593418,-0.66506275796351,0.199508656138847
838,9841,"s14","m3",-0.822194105119291,-0.465481413067144,-0.199377709154382,-0.919336688853243,-0.538530692052757,-0.384986663793199,1.2948129923134
839,9845,"s14","m3",-0.929033059916668,-0.606577988676724,-0.25868970618192,-1.00553017661397,-0.68761269773135,-0.568445090695128,1.75777901095942
840,9889,"s14","m3",-0.889041129088195,-0.57745903042463,-0.290416774583029,-0.981672986108083,-0.740055191117749,-0.659956050627362,1.69718168577459
841,9890,"s14","m3",-0.759916933387691,-0.407924807816216,-0.110450910920628,-0.878879588288681,-0.576590632060084,-0.269602834451614,0.444592872130074
842,9907,"s14","m3",-0.803143497963383,-0.526977022345064,-0.14676101431118,-1.01504001116177,-0.557290711880568,-0.618849172661528,1.2841763490225
843,9914,"s14","m3",-0.83248417208314,-0.478787083179632,-0.198724328604712,-0.889209178069405,-0.365752421463073,-0.306366325360828,1.14610902938367
844,9936,"s14","m3",-0.812379007363154,-0.474567727039489,-0.192603781314603,-0.958315495393884,-0.848262742864242,-0.301311883240952,1.26806046925033
845,9976,"s14","m3",-0.857681406651526,-0.374975229839908,-0.162026481559992,-0.896430895560998,-0.335839738595772,-0.0109164525099507,1.45945625882614
846,9985,"s14","m3",-0.776934079440783,-0.629056487172771,-0.162213831268142,-1.01750112713336,-0.515245003270899,-0.245083406146873,1.14246539254425
847,9996,"s14","m3",-0.836919594993764,-0.524747942949895,-0.224335799919237,-0.966576770645653,-0.614192492001202,-0.43684419980628,1.48839902107626
848,10030,"s14","m3",-0.744673083676555,-0.433944738747841,-0.221976028003108,-0.857078930658505,-0.643365595740967,-0.0778130566559112,0.839835757043729
849,10054,"s14","m3",-0.78532943137415,-0.458996371873569,-0.182978721125853,-0.914980788874221,-0.673289475105528,-0.345609192406299,1.49427548956592
850,10063,"s14","m3",-0.847179891532168,-0.466341466876065,-0.153864794699606,-0.88718820744537,-0.526403791019261,-0.178854109893839,0.84948525319343
851,10083,"s14","m3",-0.853505634115306,-0.440779098869479,-0.192232242514584,-0.934757214837242,-1.16144238585655,-0.436254048404152,1.06245124313345
852,10085,"s14","m3",-0.793128767047255,-0.451831851980313,-0.232575916994183,-0.989106936271907,-0.613562464045042,-0.278353343260729,0.894852807293369
853,10093,"s14","m3",-0.684679019881864,-0.502933781682387,-0.0849993709179915,-0.86782739819567,-0.464929742339212,-0.350130302600781,0.817232790822995
854,10126,"s14","m3",-0.64124353320489,-0.409825776188111,-0.151594369673283,-0.932386516736665,-0.321297662590372,-0.107396122699129,0.493950535737247
855,10131,"s14","m3",-0.728745902663289,-0.366522262167687,-0.11207542082467,-0.872753154474238,-0.869854054586691,-0.347976148897927,0.272458626527286
856,10153,"s14","m3",-0.87642409039319,-0.548006308829697,-0.284488052329575,-0.96499535307525,-1.27087388981139,-0.406835934205015,1.35318358592251
857,10156,"s14","m3",-0.820833186034781,-0.506841619638482,-0.182080216009349,-0.98642083213559,-0.678507911937981,-0.250876686822757,1.58153642565189
858,10162,"s14","m3",-0.872297101329783,-0.481360471485443,-0.0522725247730586,-0.903353667680237,-0.757901152244291,-0.359010005468279,0.975778755295652
859,10163,"s14","m3",-0.860963970442725,-0.454279750307407,-0.244184479100876,-0.953328243962389,-0.613091562774532,-0.443617900920972,1.23578499003103
860,10190,"s14","m3",-0.75569464715396,-0.483131236932769,-0.276723967314595,-0.98247697668756,-0.587069679743782,-0.398004724984577,1.23609219756849
861,10215,"s14","m3",-0.720494898241871,-0.505040882436951,-0.12885864693176,-0.898477934173101,-0.35337415377928,-0.277963443027939,0.58968145056048
862,10229,"s14","m3",-0.854705680174648,-0.582265096766395,-0.309002483594265,-1.08807555955321,-0.854795445748212,-0.498342425117002,1.88762834404639
863,10237,"s14","m3",-0.852227530561699,-0.554428433521809,-0.278359071142517,-0.990058352274257,-0.578886486729584,-0.468560042698113,1.24873709305704
864,10246,"s14","m3",-0.870195248298514,-0.532631302509376,-0.131794797815248,-1.09057267100378,-0.622251844712731,-0.26644908903767,1.59603163253167
865,10258,"s14","m3",-0.893311839178705,-0.472095806352905,-0.212477609528543,-0.861100858816573,-0.836480281735159,-0.143223624963486,1.06476436102686
866,10269,"s14","m3",-0.808566499114567,-0.451105276389252,-0.296877041033598,-0.918257826052021,-0.866788902303475,-0.379450923267144,1.18997129283303
867,10273,"s14","m3",-0.863111111573453,-0.530445186758657,-0.213624276766029,-0.96951762430347,-0.555145230830065,-0.270328587230121,1.55490843877893
868,10287,"s14","m3",-0.756973823851703,-0.436566255781691,-0.15052533735947,-0.890988862761138,-0.596106474910631,-0.267365053108156,1.07428404684646
869,10326,"s14","m3",-0.776697650277693,-0.495942931375266,-0.179134480925875,-1.07171443951244,-0.459873695106699,-0.433958319969444,1.34667895845284
870,10346,"s14","m3",-0.85973463695721,-0.493410438464287,-0.184230105654869,-0.930912266114177,-0.871049343605658,-0.266376478469771,1.14139274847155
871,10351,"s14","m3",-0.817480133095381,-0.439279432037656,-0.207916368343295,-0.892639067345919,-0.752725387669007,-0.513313805606855,0.631900683001267
872,10374,"s14","m3",-0.79811165036477,-0.49440803319394,-0.260952437836824,-1.08063129371015,-0.615968717404977,-0.542074944903593,1.25125941152539
873,10376,"s14","m3",-0.804894929919819,-0.512286499830825,-0.0931109055613236,-0.918603514137818,-0.396423301178987,-0.131981858325281,0.941770592344947
874,10384,"s14","m3",-0.876451460696207,-0.51184813917806,-0.201586303390555,-0.925452552398249,-1.07777664311612,-0.193411246169955,0.89727299054673
875,10385,"s14","m3",-0.808835373266522,-0.567590322146042,-0.241951626770795,-1.10861328594229,-0.856953497132584,-0.379647049512405,1.14661204927719
876,10401,"s14","m3",-0.709559473876056,-0.437875978868253,-0.151035666195789,-0.862318485448433,-0.474717033545422,-0.312233119456308,0.928784506940901
877,10422,"s14","m3",-0.653979433838572,-0.475986320834973,-0.127343543557007,-0.967222614530243,-0.564468139606668,-0.430992759709937,1.010114358949
878,10443,"s14","m3",-0.83782573675243,-0.478533805339508,-0.177591655938619,-0.972921857931789,-0.656939221093004,-0.40196296575575,1.40463564229868
879,10454,"s14","m3",-0.736808149618436,-0.414761246477821,-0.194517131109989,-0.783753615556345,-0.683179062081106,-0.364875651699424,0.116252659879105
880,10472,"s14","m3",-0.774179080498137,-0.492013151664527,-0.132478831360143,-0.922750083330695,-0.455926409402165,-0.233719892914362,0.646080460302718
881,10476,"s14","m3",-0.807879900220685,-0.411995701811811,-0.137602867579281,-0.87540622725896,-0.602569272384707,-0.203361677725187,1.2835261935328
882,10480,"s14","m3",-0.785621665873158,-0.461159497066589,-0.124331180041358,-0.921872559493801,-0.803042638639549,-0.186951493207785,1.39331044903052
883,10481,"s14","m3",-0.736038708132998,-0.552856863736518,-0.16291815423347,-1.03524269869262,-0.705334233447271,-0.503292177564233,1.88199263285869
884,10495,"s14","m3",-0.794545018994647,-0.523496498452512,-0.190599157419461,-0.838107977293455,-1.0537023001247,-0.356030730943513,0.609037773842392
885,10531,"s14","m3",-0.747113181395742,-0.497585659998058,-0.237727082549808,-0.909968875891643,-0.739710229362012,-0.269068560511298,0.61737449809358
886,10534,"s14","m3",-0.76892103536033,-0.468977923507047,-0.110730026691089,-0.901323188193082,-0.619291693156452,-0.325585633214472,0.794547783639098
887,10541,"s14","m3",-0.817754106725063,-0.487418725313646,-0.14290794584491,-1.00211057954574,-0.661334059369804,-0.695964368399286,1.29390003310576
888,10542,"s14","m3",-0.916887983276158,-0.486844982652038,-0.187559903932316,-0.972051039126012,-0.853385176442346,-0.410794766372811,1.18394985009842
889,10544,"s14","m3",-0.816245383654825,-0.487354054549112,-0.178538174994069,-0.942145065835432,-0.675870626655506,-0.659000179725627,0.882742503966798
890,10553,"s14","m3",-0.744773596888766,-0.464461391395259,-0.118514733039785,-0.933177058125993,-0.694730273531205,-0.371733918276073,0.815319988676647
891,10556,"s14","m3",-0.77610122060548,-0.449330884195816,-0.25972334112853,-0.897880221849669,-0.688071557263017,-0.265150537870005,0.968438583093503
892,10574,"s14","m3",-0.765574866418909,-0.536413660865309,-0.108555713134434,-0.930491754640796,-0.644388133199015,-0.150260267334016,1.0825556443386
893,10584,"s14","m3",-0.74283669415614,-0.558221179741319,-0.221979427116452,-0.915730303980724,-0.447052004109917,-0.405468580613265,0.734761312317913
894,10589,"s14","m3",-0.82620992704463,-0.437999523134603,-0.171741218834443,-0.99069535382674,-0.40497327105655,-0.663466517926982,1.61040214302276
895,10599,"s14","m3",-0.895895017993633,-0.46960056637321,-0.248686419480015,-0.974859809158422,-0.879945576568332,-0.388663023809414,1.29436520637322
896,10601,"s14","m3",-0.838022495032391,-0.526418114220961,-0.137719292668073,-0.902061938152135,-0.746393955990957,-0.21593185224086,0.61909769601462
897,10632,"s14","m3",-0.788249650263507,-0.589415409030595,-0.159788260057945,-0.971677640998204,-0.557785566429413,-0.37369382519746,1.08913146052854
898,10658,"s14","m3",-0.8156324249243,-0.595588794778495,-0.111071462549842,-0.934095306835767,-0.964835682657103,-0.370864838159972,0.973231418703536
899,10666,"s14","m3",-0.719901385466784,-0.428601700329388,-0.16281196212541,-1.05127143747146,-0.524536053684537,-0.358789523314241,1.6653884292616
900,10670,"s14","m3",-0.721269781335291,-0.480038458889957,-0.308917699808097,-0.951341884140622,-0.61931600175058,-0.325769748044633,1.11321651194991
901,10677,"s14","m3",-0.809072851993281,-0.343671478940844,-0.138717641920786,-0.985372545644596,-0.638995060078865,-0.277197773597202,1.31460086197059
902,10720,"s14","m3",-0.736879290415337,-0.479556983476496,-0.142643784138744,-0.987965596023589,-0.419930888391823,-0.585773965559237,1.40763759955236
903,10752,"s14","m3",-0.830757706546714,-0.411813598107371,-0.0962627064248219,-0.95193161515238,-0.645474444601731,-0.242307101283958,0.734809554385952
904,10754,"s14","m3",-0.79451911043964,-0.429469886605916,-0.187988959403474,-0.98639948329032,-0.676179214435086,-0.324525195628111,1.00866207309504
905,10761,"s14","m3",-0.861339007077613,-0.4056016055713,-0.139196522981425,-0.852203195939954,-0.600454673304686,-0.0403499869500785,1.10757552261816
906,10778,"s14","m3",-0.819448031967966,-0.533481501823255,-0.133660460848047,-0.875247680221673,-0.616902956178438,-0.382431577392055,1.13257680469662
907,10821,"s14","m3",-0.851720752997199,-0.569224331083715,-0.188420141168748,-1.13937516983573,-0.571743736242549,-0.600394170930327,1.90869046230942
908,10845,"s14","m3",-0.741415036352098,-0.523598960922504,-0.249549126545932,-0.874099251363155,-1.16555927866015,-0.226554699744499,1.09302941870049
909,10868,"s14","m3",-0.80024692291142,-0.580360696914744,-0.184418364330521,-0.946852023414796,-0.98662810385615,-0.501761750976782,1.27629853564426
910,10879,"s14","m3",-0.83806355302048,-0.474973721680925,-0.154442296584682,-0.924791943748686,-0.679226919355747,-0.333160861844838,0.895287286575878
911,10882,"s14","m3",-0.7959048319038,-0.409774884576221,-0.198081002855721,-0.971959737299469,-0.604811692160721,-0.253833915164246,1.21820986877928
912,10892,"s14","m3",-0.807008540734828,-0.503521407644182,-0.182936876169308,-0.894845424709535,-0.572062314917947,-0.207952938848726,1.11119391149208
913,10896,"s14","m3",-0.810507772132437,-0.423866254722582,-0.248671201870698,-0.982025738034655,-0.521018926049387,-0.17010937940391,0.739240282503427
914,10897,"s14","m3",-0.849914356821395,-0.558393014999359,-0.294120785701386,-0.882117460383682,-0.505901191732446,-0.641817471317598,1.0537980029227
915,10898,"s14","m3",-0.899192671874765,-0.488630290931151,-0.344490933345811,-0.936412244852402,-1.614337850905,-0.371781354187668,1.36221184078122
916,10904,"s14","m3",-0.765280721048644,-0.509982933572623,-0.200793195453873,-0.971502647599493,-0.508080610054616,-0.654724624128726,0.720653988342272
917,10911,"s14","m3",-0.779266601054058,-0.379759016902692,-0.109359768870448,-0.921612290505635,-0.392839472728266,-0.241002267221894,0.38986824142029
918,10919,"s14","m3",-0.755758602302589,-0.373589813296726,-0.128687536058646,-0.930532962743712,-0.635751167446027,-0.185083611172611,0.563720037933844
919,10933,"s14","m3",-0.843712789115296,-0.460484250024811,-0.123869436930269,-0.877137016565674,-0.633911806938844,-0.331219508357518,1.07198213118361
920,10945,"s14","m3",-0.839979577661083,-0.449078194367724,-0.186415171283474,-0.878588716350733,-1.01902979853544,-0.348031470401184,0.985738844171418
921,10957,"s14","m3",-0.765802898024279,-0.430558913971011,-0.304124704822367,-0.954577059146942,-0.892012105393359,-0.278427495309141,0.557949700787544
922,10966,"s14","m3",-0.79799266875507,-0.473905213644065,-0.189250018118395,-1.00124631166642,-0.884843770748297,-0.525692524489523,1.13640243413282
923,11000,"s14","m3",-0.758690276785312,-0.512012890729312,-0.055545333954748,-0.913205138817976,-0.637486680111792,-0.365030258449294,0.428184047604094
924,11007,"s14","m3",-0.783268393319553,-0.497485999426441,-0.124324228935059,-0.923169630865233,-0.724355528263134,-0.334027159396727,0.916782777471688
925,11015,"s14","m3",-0.719122261449177,-0.484387986026811,-0.0123748480630065,-0.976571282856563,-0.362905430424637,-0.405854043715007,1.44164060886245
926,11029,"s14","m3",-0.848373444718519,-0.555310175587595,-0.0781105960902495,-0.98753019679567,-0.447718610963985,-0.472778595799836,1.86493208061607
927,11053,"s14","m3",-0.762649877802885,-0.538102542191088,-0.103426526027745,-1.00115658086784,-0.535687643066494,-0.617153889768515,1.15004151310317
928,11060,"s14","m3",-0.768113576373161,-0.396295007869269,-0.178550868137358,-0.825062962245108,-0.887972225650114,-0.274120909663162,0.414976347399058
929,11067,"s14","m3",-0.829104662150577,-0.451797669495207,-0.10346139547353,-0.948506255757926,-0.644111841077143,-0.230741689798696,0.767154315930701
930,11083,"s14","m3",-0.750912805795289,-0.667953868154466,-0.0863686478407553,-0.973016706390538,-0.833476341036558,-0.381037655087493,1.17650412016067
931,11093,"s14","m3",-0.837059636030733,-0.419129706428368,-0.107334000468295,-0.884253337442047,-0.775896395367064,-0.413059031101474,0.71563675874802
932,11107,"s14","m3",-0.79448697625694,-0.482529631974688,-0.232943857605514,-0.930762413680199,-0.435299444390845,-0.807250280939052,1.37568638102095
933,11115,"s14","m3",-0.726796041825058,-0.467829103627101,-0.177327968686829,-0.873688570086212,-0.59268769561676,-0.00114247996062578,0.892400760198436
934,11117,"s14","m3",-0.795597781251664,-0.649061959874491,-0.110713563362067,-0.882437628285761,-0.764955654549815,-0.280206472595318,1.06299239041748
935,11135,"s14","m3",-0.877989514885265,-0.500967271253559,-0.195728388353871,-1.02920503883413,-0.929110730013382,-0.423422928125602,1.51550328232393
936,11140,"s14","m3",-0.758491474420296,-0.367575694414406,-0.0794691961950941,-0.915291614674389,-0.624013836225428,-0.478134691952919,1.00935989174121
937,11162,"s14","m3",-0.739406839594979,-0.477983575812649,-0.222968806632631,-0.925158836189565,-0.470829457958971,-0.106982711613169,1.42265309394759
938,11182,"s14","m3",-0.680124078032151,-0.454420909070838,-0.095492633411382,-0.86894573573908,-0.511483963394856,-0.350953569542974,0.50866916093725
939,11195,"s14","m3",-0.788787829051415,-0.389243964038469,-0.0929345478926798,-0.970620338636455,-0.500226025570572,-0.224949353292033,1.05097423630689
940,11201,"s14","m3",-0.803814555755157,-0.497717398655287,-0.118839873164549,-1.03062042197605,-0.669977318833006,-0.290706618472666,1.61113436628192
941,11225,"s14","m3",-0.883718604607606,-0.391548769295447,-0.194126450597733,-0.863665734045613,-0.88939306450454,-0.296255530536371,1.15135664274022
942,11226,"s14","m3",-0.755288150619423,-0.511377960296554,-0.149787641600069,-0.923807873689284,-0.720210997562986,-0.215328632283793,0.75564180478263
943,11228,"s14","m3",-0.883575386809263,-0.495944168094921,-0.229037747302175,-0.915005578295067,-0.914740633244411,-0.462792303541697,0.973840953769106
944,11239,"s14","m3",-0.712613431425692,-0.540881287158655,-0.101417227808875,-0.944767550468324,-0.684728301538659,-0.438246178933372,0.879311466705416
945,11258,"s14","m3",-0.852747314431223,-0.462291585111701,-0.177110517682261,-0.84970686915467,-0.322192440020249,-0.203873834618178,0.769714326468691
946,11259,"s14","m3",-0.880338137972348,-0.485590852741059,-0.0324647221780943,-1.03018297367266,-0.546466688769826,-0.381888666649788,1.25224761882961
947,11267,"s14","m3",-0.766343240466062,-0.431155038979064,-0.223852453941059,-0.91804169578348,-0.419093403113066,-0.221062266795455,1.09567840517195
948,11273,"s14","m3",-0.808110886835016,-0.396600683851609,-0.125371072288011,-0.958386375695152,-0.783137714520851,-0.210519652255999,1.51010952991209
949,11289,"s14","m3",-0.816984577093283,-0.469228949883205,-0.249042764598055,-0.921611985359401,-0.783700327062446,-0.326315532508797,0.910810610315152
950,11290,"s14","m3",-0.798005551949663,-0.483819215458734,-0.222428289530218,-0.837983353692323,-0.925524236668906,-0.242677215756381,0.739071551013277
951,11291,"s14","m3",-0.808817864094062,-0.578577716453605,-0.143162644529714,-0.877281835881373,-0.784758677049576,-0.134647116770994,0.882241565637917
952,11305,"s14","m3",-0.766078367243898,-0.44606293718285,-0.0988587174221045,-0.905759474400928,-0.407651939778569,-0.233580010235741,0.679758543108193
953,11316,"s14","m3",-0.709899154162989,-0.467129234690824,-0.195150219154666,-0.947329957210369,-0.352834457873626,-0.455385488588093,0.878855490999147
954,11326,"s14","m3",-0.774272343400268,-0.518224892124719,-0.174091915268602,-0.971044546391697,-0.818890146917471,-0.527809223634078,0.956717230949763
955,11337,"s14","m3",-0.759289921583982,-0.454765609346269,-0.331135813871452,-0.826354095592281,-0.625779940192866,-0.121438827247171,0.937014504073813
956,11354,"s14","m3",-0.632390583313466,-0.436287962470639,-0.137753356956179,-0.910215475625162,-0.584367484793171,-0.297775340774896,0.716040071531246
957,11356,"s14","m3",-0.761325442365917,-0.443032379981839,-0.258728294050528,-0.86984651801709,-0.71618103492861,-0.324947837311759,1.08969102927256
958,11358,"s14","m3",-0.793199848609781,-0.438622302691655,-0.205396909064275,-0.98350008124289,-0.483460275446959,-0.494885195238285,1.51901574120828
959,11360,"s14","m3",-0.758530974070508,-0.516295942122417,-0.206176216957912,-0.994428677119247,-0.701741573013922,-0.404176633494798,1.243085808785
960,11374,"s14","m3",-0.595559646427688,-0.353102478530191,-0.17012069175623,-0.823848037845299,-0.549003112909985,-0.173308375017586,0.285635257975543
961,11382,"s14","m3",-0.926546181587561,-0.489135569859659,-0.247407517060422,-0.999353011431888,-0.967158866715364,-0.747387792647112,1.55314018272274
962,11388,"s14","m3",-0.845519024634421,-0.496768100563216,-0.22888982728675,-0.864209767604207,-0.918224579669103,-0.423040282392418,1.06972112534094
963,11389,"s14","m3",-0.800441135602713,-0.582841540289128,-0.220432230454514,-0.979799392377854,-0.639742808277666,-0.517148445057437,1.200475555362
964,11394,"s14","m3",-0.755963554322786,-0.456663490024781,-0.157380713210756,-0.920487930221145,-0.535131118056652,-0.319451238813729,1.10428894529805
965,11398,"s14","m3",-0.774911515149158,-0.485510171894108,-0.262328485100288,-0.850572726968003,-0.97621940744025,-0.0234854644093445,0.962727995254019
966,11439,"s14","m3",-0.852770339053803,-0.629615057693436,-0.182939296983118,-0.97525787076777,-0.830710905721542,-0.459100572939405,1.32793976506049
967,11444,"s14","m3",-0.734433828884858,-0.509268728036825,-0.121303062368486,-0.881110390518916,-0.593535530978694,-0.393221173738687,0.801254101324378
968,11467,"s14","m3",-0.741426518218117,-0.459057788436518,-0.190848711393096,-0.956882186210485,-1.0177284551003,-0.465176617719996,1.29998114018398
969,11498,"s14","m3",-0.78429698338329,-0.475039048834348,-0.170096465542903,-0.934317589971187,-0.744554706175682,-0.179674790887323,1.04980719848461
970,11518,"s14","m3",-0.723407688948905,-0.402002095463565,-0.101772966968949,-0.961623666437365,-0.392091000338883,-0.185383193683522,0.717570495839629
971,11525,"s14","m3",-0.743792337282321,-0.526104056643352,-0.0390055476159036,-0.945970169147109,-0.502399120370062,-0.376614340211788,0.528695381660513
972,11538,"s14","m3",-0.864445413711665,-0.488822412169329,-0.195336245558797,-0.936079716085358,-0.885371057843742,-0.481475832888916,1.16287243739007
973,11570,"s14","m3",-0.79570944076065,-0.524491321254436,-0.060711534756258,-0.804251546338465,-0.698272205281463,-0.467452358810299,0.73137521849448
974,11572,"s14","m3",-0.858789981349186,-0.45918398647292,-0.173624952779438,-0.905164235237471,-1.25513354948619,-0.160965334503788,1.34147138194991
975,11589,"s14","m3",-0.74758173366147,-0.419637429079536,-0.0616128088679508,-0.825028655506343,-0.50242826123897,-0.0717903823610715,1.56534861811136
976,11598,"s14","m3",-0.744994265994505,-0.39857113091268,-0.117992582717242,-0.867795896373493,-0.525973892247337,-0.0967059045771786,1.15767329553506
977,11630,"s14","m3",-0.859940885342724,-0.492407094029296,-0.299358442639414,-0.967146252610941,-0.840933936660432,-0.286226849438305,1.106142489089
978,11648,"s14","m3",-0.822633748993853,-0.557343150367821,-0.210234676621599,-1.00246079097777,-0.634005743690289,-0.804974085132885,1.33244932143636
979,11650,"s14","m3",-0.783758202373015,-0.498933821169372,-0.214632083987547,-0.928485501421957,-0.326540197684213,-0.147104310858241,1.02693186544222
980,11666,"s14","m3",-0.768911464864928,-0.548008238728831,-0.179005507068054,-0.825796302513181,-0.528007627118099,-0.176427356207859,0.530075559980518
981,11669,"s14","m3",-0.886380588718533,-0.488545349903358,-0.181365801446806,-0.919977412816918,-0.355988061389632,-0.330227701494674,0.652844008576662
982,11674,"s14","m3",-0.879147383230613,-0.605250487865144,-0.233894122802407,-0.919346941188284,-1.03353964036238,-0.429659646712122,1.23925718702233
983,11680,"s14","m3",-0.859774834093352,-0.550246982630175,-0.210484873073952,-1.05242328564345,-0.851010113092965,-0.277481494006651,1.74181454626894
984,11684,"s14","m3",-0.86604613241333,-0.454721678948061,-0.20986132026065,-1.04725512596199,-0.652498496085678,-0.181803241930504,1.44336549688594
985,11712,"s14","m3",-0.814460033741348,-0.451273639175338,-0.173203992813219,-0.948234539564894,-0.775430405801964,-0.270013233610001,1.45566718673436
986,11713,"s14","m3",-0.779574418553672,-0.460954769995366,-0.171860470411518,-0.8376508379614,-0.947463346133101,-0.330605448989809,1.01884516010617
987,11719,"s14","m3",-0.810136442792718,-0.644882131986904,-0.146178328221806,-0.929760049117076,-0.422320971752604,-0.523874489452293,1.57734841142543
988,11729,"s14","m3",-0.741993219660169,-0.503788352334543,-0.199128420032474,-0.953572094907934,-0.613076578087244,-0.428162893307525,1.21891045711225
989,11754,"s14","m3",-0.827992296520645,-0.547290385943276,-0.215048217102243,-0.977443393650621,-0.750238712936923,-0.463040474389631,1.05069741829398
990,11780,"s14","m3",-0.761241966369536,-0.48649551507301,-0.192998266599547,-0.87611363464784,-0.525981185471606,-0.238813210293072,0.720037342316598
991,11787,"s14","m3",-0.828291588914189,-0.437387106293484,-0.123436049359468,-1.02992743839644,-0.716696044394992,-0.456298194427802,0.997098676318347
992,11796,"s14","m3",-0.825719976988411,-0.487812701969771,-0.102479706366262,-0.925482789695088,-0.270306994203429,-0.19195126527683,0.950456525113049
993,11797,"s14","m3",-0.845526617575511,-0.443862970618239,-0.142153302051748,-0.995074383640513,-0.856895640958857,-0.435964411023592,0.985352290538696
994,11801,"s14","m3",-0.698350973601808,-0.501555903851682,-0.111069832197178,-0.91161404506823,-0.159184702910452,-0.403521275691002,0.881594791485502
995,11823,"s14","m3",-0.774776712167561,-0.509218081163167,-0.196910212951779,-0.95121360961432,-0.486108763110626,-0.256019604444553,1.36749435030831
996,11841,"s14","m3",-0.758389110565159,-0.438812584765029,-0.0913355745198011,-0.885058752009007,-0.368218330004324,-0.239341926837768,0.971781731849382
997,11843,"s14","m3",-0.755609713962199,-0.493343752899389,-0.181972844455214,-0.872216303927557,-0.555794397235007,-0.367433749090466,1.59446504132241
998,11846,"s14","m3",-0.720028807334661,-0.438655397473973,-0.216522091752905,-0.77612205835884,-0.372616639285033,-0.224439686339304,0.378995381732125
999,11874,"s14","m3",-0.848548991470118,-0.539932091326143,-0.312183267868358,-0.977353345606748,-0.750109861696043,-0.59747089892261,1.43613209494219
1000,11878,"s14","m3",-0.783482594817759,-0.468286403422173,-0.159867014148094,-0.932212996818279,-0.645899038886734,-0.67733652575349,0.749936278008171
1001,11888,"s14","m3",-0.806250651735554,-0.484834600052452,-0.14872064346239,-0.890495347097525,-0.449909377885142,-0.294424891303775,0.943674159605552
1002,11901,"s14","m3",-0.725984207484383,-0.485904751235872,-0.135827763324388,-0.935334428398892,-0.824310187465092,-0.550013392894222,0.702129919366521
1003,11917,"s14","m3",-0.83774461179722,-0.505467696963203,-0.283362415967634,-0.893077927041269,-0.913996816361765,-0.488899074758752,0.949454470169329
1004,11933,"s14","m3",-0.808390554033663,-0.453980766270908,-0.14414891003051,-1.02673985397474,-0.905940636196118,-0.492109975024514,1.22296503962894
1005,11951,"s14","m3",-0.797138472545003,-0.476002706615542,-0.180378846373119,-0.948847105269002,-0.80111314314241,-0.211147577048662,1.00069897737571
1006,11974,"s14","m3",-0.810753595888866,-0.376709966672554,-0.135233994585138,-0.767080544626498,-0.581578134535301,-0.125676472520722,0.332560867619868
1007,11976,"s14","m3",-0.680868324066895,-0.506210945628378,-0.191771396080019,-0.933866172337222,-0.681140006256244,-0.334724505486829,0.797438662420483
1008,11996,"s14","m3",-0.925890157041427,-0.477871843117752,-0.22679951900525,-0.998083141493313,-1.10345093335521,-0.50160618222594,1.47230760602484
1009,12006,"s14","m3",-0.811069138272889,-0.45646593833089,-0.243854896061072,-0.950020092086952,-0.889292791372069,-0.526131998374765,1.02025927172021
1010,12019,"s14","m3",-0.804214634449329,-0.439194063535003,-0.289111457611288,-1.00411065284294,-1.01348384345971,-0.226998240657253,1.23532702533714
1011,12021,"s14","m3",-0.841777071726685,-0.49848606561103,-0.276899547213911,-0.952648956238265,-0.888293836594413,-0.56753218989821,0.988675219945063
1012,12031,"s14","m3",-0.833550608752052,-0.572216322638729,-0.154449772290892,-0.985764427506809,-0.796279911741884,-0.273006592913254,1.30026441263893
1013,12060,"s14","m3",-0.752619138655598,-0.501422631443182,-0.180360444500496,-0.887683351589922,-0.410371354112463,-0.523638912182311,1.02991623154881
1014,12079,"s14","m3",-0.807165826445041,-0.483751854728292,-0.159432436491273,-0.879559124021995,-0.694631767016558,-0.365313961230214,0.696206001946666
1015,12087,"s14","m3",-0.793276398617723,-0.43001310985624,-0.189547219446793,-0.903507861458648,-0.766298955916932,-0.193705528792117,0.953381371897565
1016,12099,"s14","m3",-0.804689280270715,-0.346128003359936,-0.239988401345613,-0.863485840596676,-0.402323142946216,-0.252661496094565,1.35502514959807
1017,12107,"s14","m3",-0.823506623363321,-0.511572318033008,-0.185180239795179,-0.954488917431006,-0.904103421765536,-0.270968660633415,1.39127282032819
1018,12128,"s14","m3",-0.792146647888235,-0.570415505780163,-0.0445967843492784,-0.97142964977053,-0.375786335814375,-0.607591325940442,0.760074975732895
1019,12157,"s14","m3",-0.908237037061234,-0.473702514664187,-0.307883360990247,-0.965235888644509,-0.942137739038802,-0.453152919251541,1.62320794767653
1020,12159,"s14","m3",-0.737189714079571,-0.487884812832281,-0.179321775795905,-0.830455564461928,-0.803181628842895,-0.594870795679807,0.551902887413606
1021,12168,"s14","m3",-0.857161261213244,-0.429048774484165,-0.177949970098001,-0.930229045115672,-0.506738643286086,-0.489052577444386,0.884654501276048
1022,12188,"s14","m3",-0.830510503351435,-0.416467634420533,-0.21725090161754,-0.960092834855358,-0.697010229278735,-0.348291098914205,1.53433596908526
1023,12216,"s14","m3",-0.897076448534687,-0.533471922390898,-0.224017281450277,-0.941484793555834,-0.872223222151335,-0.211510307611914,1.16265551443817
1024,12224,"s14","m3",-0.833104264601081,-0.459250989766602,-0.136116954577571,-0.837100801445779,-0.580480136175293,-0.33507865848042,1.23148084415086
1025,12228,"s14","m3",-0.735475986662457,-0.454477744946472,-0.17026029080787,-0.935622802234303,-0.406183823634917,-0.196671627580569,1.32375111521307
1026,12231,"s14","m3",-0.767149818196235,-0.524609974807012,-0.173452328876796,-0.85744440888244,-0.393048883173738,-0.690048258446285,1.28209064178796
1027,12236,"s14","m3",-0.784457622576498,-0.428569632489068,-0.190350823599059,-0.899984608181093,-0.449154526471302,-0.350020195839821,0.988176685785753
1028,12243,"s14","m3",-0.81124036591861,-0.491015328843544,-0.156267393873465,-0.889120486977877,-0.35630241848354,-0.165493972811725,0.900330822410984
1029,12270,"s14","m3",-0.809049285202443,-0.536210514086308,-0.230582588065429,-0.792546331702353,-0.653214966323731,-0.516293621528553,1.03703719486256
1030,12282,"s14","m3",-0.791250034606911,-0.4264082386573,-0.153078013328153,-0.940927468606268,-0.337652643678939,-0.143009995171377,0.638434664966634
1031,12299,"s14","m3",-0.798902736305379,-0.526522681867106,-0.228576090283014,-0.933982321729139,-0.49059166515711,-0.236461918252385,1.37449498443932
1032,12314,"s14","m3",-0.814304994864956,-0.506859764977833,-0.22011178137624,-0.906198963572543,-0.624355732107617,-0.403096326162992,1.35902509678297
1033,12322,"s14","m3",-0.75308133352514,-0.456202290485852,-0.18916758501553,-0.884826561171925,-0.706998742482421,-0.272707276371996,0.354390912241817
1034,12354,"s14","m3",-0.870269891779182,-0.417239686886457,-0.193585966238954,-0.918433457570519,-0.720163509992655,-0.194327516772878,1.36333030528068
1035,12359,"s14","m3",-0.836357802231082,-0.505347438458203,-0.249967950306077,-0.987805603450084,-1.20267459933877,-0.139076572767929,1.15316104539442
1036,12360,"s14","m3",-0.718305036272576,-0.437548296301022,-0.0990071448112894,-0.906628285560687,-0.502724647227774,-0.0834505072153048,0.741743776973851
1037,12366,"s14","m3",-0.883104800727891,-0.549717667271659,-0.356871328920732,-1.00132541734911,-0.80773535237285,-0.289938599537198,1.51709054386794
1038,12370,"s14","m3",-0.819448293702117,-0.48903879890537,-0.145603118111771,-0.91673090668034,-0.596859390225352,-0.384647898431118,0.993647159154901
1039,12398,"s14","m3",-0.752474615441305,-0.523309897838778,-0.0528212533766767,-0.911872425423699,-0.399540945580239,-0.407679594794545,1.06024176713884
1040,12413,"s14","m3",-0.770692399108974,-0.46736474731862,-0.222073163197596,-0.79825425955813,-0.883527219543011,-0.0965489908178605,0.567797040378963
1041,12428,"s14","m3",-0.875216960361666,-0.425411803363133,-0.229340589779871,-0.880652661207156,-0.841197912710678,-0.208574835508591,0.930749913361497
1042,12438,"s14","m3",-0.853271165568688,-0.462615260450384,-0.120918122707448,-0.964885608860901,-1.0850282391836,-0.604578647747197,0.974196555741755
1043,12455,"s14","m3",-0.741978077814032,-0.422187903566232,-0.103556729824877,-1.01657046119034,-0.630633046274526,-0.401010857531657,0.843474212958452
1044,12466,"s14","m3",-0.778343107736466,-0.395253118526239,-0.23154189398164,-0.912300234692277,-0.760566645224314,-0.0361024955404646,1.15962428327089
1045,12474,"s14","m3",-0.752672003130904,-0.497610750785424,-0.229472812498763,-0.916901702923285,-0.733103977167716,-0.511172319751836,1.06981481980068
1046,12484,"s14","m3",-0.759659785772982,-0.398839662462981,-0.10821038150546,-0.95758773822506,-0.482375099660862,-0.254235471968962,1.34968333342669
1047,12485,"s14","m3",-0.836305647365059,-0.504755223180157,-0.11645634272524,-0.986535858332175,-0.61711115882538,-0.318498538067188,1.58199342515661
1048,12490,"s14","m3",-0.845933132817596,-0.442509130183917,-0.285487057807767,-0.824051410429161,-0.705373919125512,-0.232621155521374,0.663891230068808
1049,12506,"s14","m3",-0.875600561690264,-0.474338589134938,-0.260654905262963,-0.986531260484283,-0.904826211951768,-0.442707378103556,1.33999666514446
1050,12519,"s14","m3",-0.77400856704868,-0.419804865402512,-0.146058108372836,-0.832801088703895,-0.733524058635637,-0.150499159739794,0.941674280206554
1051,12524,"s14","m3",-0.806813957256668,-0.557111343595481,-0.124940626486351,-0.9126917126902,-0.726137094213598,-0.355399666291196,0.90853237292462
1052,12529,"s14","m3",-0.788477484818141,-0.555920902473624,-0.238537266316682,-0.942587268252478,-0.738487365293012,-0.580260147203744,0.861256658708448
1053,12532,"s14","m3",-0.899412644219182,-0.363080630563867,-0.176066175569948,-0.848949935648107,-1.1203391188889,-0.162407395341832,0.807994874274941
1054,12535,"s14","m3",-0.818169735146292,-0.439241257286937,-0.282602992405185,-0.99813367408317,-0.913688763160643,-0.218858777078581,1.42641562465522
1055,12546,"s14","m3",-0.776581268165322,-0.497560944535824,-0.171809464762075,-0.971071817501697,-0.633068749140495,-0.296764855243986,1.51423882950723
1056,12559,"s14","m3",-0.873121225938998,-0.546389834918877,-0.280123130811209,-0.982344629329233,-1.13984279991361,-0.451683090806205,1.02356596107108
1057,12569,"s14","m3",-0.706211750515683,-0.472241736705492,-0.0725271089552097,-0.920743088992247,-0.546662635685749,-0.401471723905232,0.697228103545805
1058,12578,"s14","m3",-0.810063465607692,-0.461681794709989,-0.180688397154342,-0.96849069511761,-1.32217859743418,-0.339726435348104,0.824434587850084
1059,12581,"s14","m3",-0.841773028684283,-0.517633035341673,-0.271419455988654,-0.957688486529758,-1.10439981360766,-0.325848953206035,1.4627137083317
1060,12590,"s14","m3",-0.802036363224295,-0.572751801140827,-0.0700133617787816,-0.948582460817897,-0.525449709324634,-0.621911761346586,0.87270189738403
1061,12617,"s14","m3",-0.767989935049852,-0.496019999334223,-0.175999568822653,-0.933585245122605,-0.269552865416825,-0.529080591621465,0.711905668852635
1062,12620,"s14","m3",-0.763571341955879,-0.43882244040034,-0.194482846132535,-0.898876426742754,-0.6976282807837,-0.428005390140487,1.15864408803331
1063,12621,"s14","m3",-0.781377283145893,-0.399122955920706,-0.173873219867519,-0.862009795994691,-1.08214860829157,-0.240567982316994,1.21608978934927
1064,12627,"s14","m3",-0.764248460009556,-0.391365940584408,-0.145104405098033,-0.933861240265634,-0.612909721286499,-0.32040353862914,0.664130616472435
1065,12653,"s14","m3",-0.852108165195117,-0.442627564190706,-0.1893428767703,-0.956958728523324,-0.476210521789143,-0.389735277777849,1.2201362812567
1066,12656,"s14","m3",-0.818340348977401,-0.433335148339042,-0.162054646211694,-0.992759609543169,-0.573183169442244,-0.505664421807518,1.27226792230385
1067,12676,"s14","m3",-0.823923192760521,-0.417225638360778,-0.17911337745102,-0.982418657346443,-0.403286700937694,-0.462974032773858,1.1194713446341
1068,12684,"s14","m3",-0.762756843845723,-0.467357018630874,-0.15948681866175,-0.914397035190243,-0.583588987749377,-0.464675251761343,1.41468446788832
1069,12693,"s14","m3",-0.760033440685228,-0.465080304289127,-0.0617228553473516,-0.892064653988905,-0.558130665779244,-0.128067406713807,1.24131805390548
1070,12694,"s14","m3",-0.816724896170547,-0.521248437266923,-0.226482166511046,-0.975495268706194,-0.98740834611029,-0.481375717268778,1.51413680606027
1071,12704,"s14","m3",-0.824860223853713,-0.491980493097576,-0.159282715751793,-0.912492505878294,-0.803686502110931,-0.235415632507746,1.2629230372112
1072,12714,"s14","m3",-0.836646730720913,-0.513899538415663,-0.185142038221993,-0.949860511730261,-0.841936338725754,-0.300177328321971,1.07861121186581
1073,12719,"s14","m3",-0.813120769329225,-0.462817252235057,-0.150926412782601,-0.841631965022166,-0.784061771519823,-0.247978149688976,0.53301277660552
1074,12724,"s14","m3",-0.780693308315444,-0.415182764686935,-0.129245736591821,-0.89322118777023,-0.302160871276316,-0.483719388337786,0.610715116258095
1075,12751,"s14","m3",-0.798473240120176,-0.490863025304246,-0.169120775742638,-0.862737173774205,-0.500453035524834,-0.155573826531354,1.12561206724164
1076,12757,"s14","m3",-0.771910462125706,-0.568269765271129,-0.207194184397301,-1.04858204601766,-0.509451179281288,-0.241216647920036,1.33314332437495
1077,12761,"s14","m3",-0.904273651234266,-0.569551852135372,-0.288481036398094,-1.09167680767481,-1.09158515761625,-0.63739265321708,1.51072264482732
1078,12770,"s14","m3",-0.764343328401669,-0.552711622782317,-0.205118882117296,-0.922331438517375,-0.684005474473568,-0.202241834560557,1.02791240040543
1079,12778,"s14","m3",-0.767302491282953,-0.526186127207981,-0.0933648911032369,-0.941311083960396,-0.584160940111828,-0.535805628004431,1.10146971078033
1080,12813,"s14","m3",-0.720748955083232,-0.524703655212996,-0.16293048104594,-0.924815929728654,-1.09886261967965,-0.375719431881832,0.742311610795851
1081,12820,"s14","m3",-0.790605865714271,-0.5215272631127,-0.309955132798009,-0.874205634436173,-0.52535369434349,-0.12446278341066,1.44147372913477
1082,12835,"s14","m3",-0.83295515684231,-0.39564550370557,-0.170399183482519,-0.820304036540919,-0.78148549806329,-0.01398714844748,0.872546743739382
1083,12854,"s14","m3",-0.823167155463595,-0.546213798507837,-0.29352547290364,-1.00437097501673,-0.816140763674599,-0.573981362614636,1.15251378543331
1084,12874,"s14","m3",-0.849987862961133,-0.498446969451944,-0.295382892671229,-1.02007022374708,-0.864863835455964,-0.423815731129263,1.35906434473959
1085,12889,"s14","m3",-0.711976090452176,-0.471722490307357,-0.141699487421969,-0.802525279728211,-0.391080568815794,-0.202661679987594,0.264911924109989
1086,12892,"s14","m3",-0.832308917346804,-0.527714898747697,-0.161467639782607,-0.962570225584913,-0.643838712541118,-0.430066093746985,1.68883261671656
1087,12916,"s14","m3",-0.847849973883833,-0.358820193031725,-0.162108739270605,-0.792475553256358,-0.926052260958957,-0.299482917080037,0.471102320746304
1088,12921,"s14","m3",-0.848043123838297,-0.564606426776671,-0.201968245770155,-0.900202880893731,-0.946771393615786,-0.212429085903753,0.763519953672838
1089,12941,"s14","m3",-0.80123761013998,-0.523774444032635,-0.277700570576783,-0.940925783046652,-0.955062102597213,-0.364336916475019,0.801587961135082
1090,12969,"s14","m3",-0.838474334541594,-0.412650510300849,-0.236468122700811,-0.941430939871653,-0.829991239171381,-0.400752249133507,1.18342689416893
1091,12987,"s14","m3",-0.79553465644319,-0.599853481598366,-0.232455278667781,-0.916399169434697,-0.670804186600176,-0.578427483702631,1.24246415870431
1092,12998,"s14","m3",-0.784745564131209,-0.443025623233175,-0.281927277380839,-0.904380401176757,-1.38530188471154,-0.169295918526123,1.17056114400558
1093,13003,"s14","m3",-0.783690138292685,-0.411924037440636,-0.0103133865067701,-0.908359661605583,-0.14793655789016,-0.0460839869098162,0.601055879110937
1094,13004,"s14","m3",-0.912373349525895,-0.44838692024353,-0.215124600449783,-1.01281396052031,-0.779335525554431,-0.463314885298643,1.28878226101731
1095,13020,"s14","m3",-0.806859513863648,-0.447490933035242,-0.182852698022177,-0.999640164768215,-1.1529466102562,-0.399674283396181,0.396718952050868
1096,13035,"s14","m3",-0.71718749375468,-0.445062678952334,-0.164107565256522,-0.947118253507303,-0.897686785744248,-0.298295561798703,1.11855641495882
1097,13037,"s14","m3",-0.743428398974859,-0.446885722153944,-0.0828150603533595,-0.835218187507702,-0.432424667426451,-0.34922237282351,0.730407553549539
1098,13049,"s14","m3",-0.740124009843899,-0.500145264504527,-0.066095558955887,-0.883048305079446,-0.614302185506478,-0.272869954753448,0.77911128863749
1099,13065,"s14","m3",-0.786496148387969,-0.476206481156383,-0.168005567389403,-0.986426452370614,-0.706520310622701,-0.18389211411246,1.60031418143827
1100,13068,"s14","m3",-0.856992284565581,-0.367677579301321,-0.182057276571385,-0.9045742464541,-0.578495884685493,-0.230983735264644,0.837177650617198
1101,13072,"s14","m3",-0.768724167346946,-0.336132639684696,-0.0812374559891983,-0.973551513364354,-0.653831443236623,-0.369659788157571,0.75592071603097
1102,13081,"s14","m3",-0.779100001914198,-0.44982498825533,-0.196760738296648,-0.904174472331497,-0.712310453463942,-0.352969209729726,0.581656328521259
1103,13090,"s14","m3",-0.748315745250765,-0.475820780266514,-0.270136402137559,-0.888367894731299,-0.952973459912514,-0.100085724319888,0.919183136742582
1104,13100,"s14","m3",-0.805949297965293,-0.419919614928076,-0.135372144728814,-0.989432723350271,-0.487531686915822,-0.369987628010361,1.34276463333893
1105,13111,"s14","m3",-0.715153231341153,-0.532600515539277,-0.301450888766249,-0.87184743101968,-0.751154532177292,-0.590284537681823,0.720797236851133
1106,13131,"s14","m3",-0.817289607092605,-0.411647720696047,-0.143626969684848,-0.856665361815081,-0.233524563068807,-0.201110674898756,1.07943861511198
1107,13146,"s14","m3",-0.795470367294967,-0.565737646625299,-0.143846479780557,-0.967945838511125,-0.622337914812026,-0.446347417673554,0.932316329251144
1108,13157,"s14","m3",-0.748935240173285,-0.402820670935226,-0.253883537801226,-0.929816886095767,-0.604124413869706,-0.0541403892645965,1.71633179339767
1109,13159,"s14","m3",-0.719605888942383,-0.416047336477317,-0.00404456463470936,-1.00528467019278,-0.416793880952676,-0.413027688004495,1.36880978271803
1110,13169,"s14","m3",-0.888758331461913,-0.515523372204874,-0.233624115579756,-1.10512115414696,-0.907036180250616,-0.342476016621808,1.78002227540031
1111,13201,"s14","m3",-0.773221760331847,-0.54506160453538,-0.215001228684873,-0.984068895638651,-0.991499040295151,-0.440981853588674,1.228600325643
1112,13202,"s14","m3",-0.634753156706131,-0.483132821830127,-0.0816070833298711,-0.908297478745225,-0.587720918466739,-0.380876768618265,0.322136889350711
1113,13205,"s14","m3",-0.730346805952258,-0.416782656674498,-0.169179309307969,-0.819696226751592,-0.830140232886969,-0.0854753674291373,0.565664402434343
1114,13206,"s14","m3",-0.746628647188801,-0.422424034350499,-0.203099041695506,-0.831865799120314,-0.644433618621468,-0.453202470591345,0.300449979694477
1115,13218,"s14","m3",-0.846606938311485,-0.562411768557854,-0.312892312441813,-0.984366572332028,-0.969861824235593,-0.38280938482173,1.63829011182912
1116,13249,"s14","m3",-0.77884006924805,-0.531195803116529,-0.1297330422287,-1.08433018438954,-0.776850727429683,-0.55619046436115,1.51299799104497
1117,13258,"s14","m3",-0.900264491307042,-0.586303579601904,-0.102448023497145,-0.908337036459555,-0.818095809312362,-0.506161946350888,0.943833085871318
1118,13263,"s14","m3",-0.773495320891707,-0.403907394889363,-0.199045598840953,-0.908799403761311,-0.728720525049592,-0.0715339865001799,1.12223957342256
1119,13265,"s14","m3",-0.726605305155937,-0.473011336184143,-0.07183290670722,-0.915519300708917,-0.48309060495855,-0.33848852192724,0.76726849151773
1120,13280,"s14","m3",-0.892911891687292,-0.4256108815479,-0.212563373628145,-0.982760515444007,-0.663181829827767,-0.307249067244138,1.40657971640302
1121,13321,"s14","m3",-0.788429618722784,-0.508017481424196,-0.151373765412671,-0.880793313666589,-0.449002441578136,-0.443731126866558,0.578823234656125
1122,13325,"s14","m3",-0.75405339820098,-0.538671966047116,-0.184720989293248,-0.983787192703932,-0.68178327247694,-0.318710533322719,0.845337895478772
1123,13331,"s14","m3",-0.842754011734419,-0.518483964781531,-0.144047002291504,-0.952483902932542,-0.788794733719284,-0.530920921945682,1.11833394695314
1124,13337,"s14","m3",-0.778121611641668,-0.458276692415824,-0.173786392510432,-0.949560861329037,-0.653518511054486,-0.41330396902755,0.871659584048388
1125,13341,"s14","m3",-0.900454286065245,-0.442758979899418,-0.25377681257298,-1.01933746309834,-1.31174207474398,-0.366855330341007,1.72543205399961
1126,13345,"s14","m3",-0.793399130645479,-0.446024894674809,-0.156079006461691,-0.902591739890448,-0.896536542994559,-0.380463909417819,1.24543027108112
1127,13357,"s14","m3",-0.830236942178242,-0.540811536490974,-0.19211193363907,-0.98017547479029,-0.772701039592999,-0.121914265929452,1.57189104761141
1128,13363,"s14","m3",-0.775604552043977,-0.406667652046949,-0.171261403855284,-0.914456747454758,-1.01799431903709,-0.402559143099313,0.529676751581555
1129,13381,"s14","m3",-0.740624547647772,-0.433028236054282,-0.126299019092995,-0.933895987085551,-0.502315888387225,-0.281357281406223,0.804839505637395
1130,13385,"s14","m3",-0.811936634302334,-0.534626923741994,-0.178870756576034,-0.959577051225673,-0.544707642116968,-0.570638691517122,1.48601254585215
1131,13386,"s14","m3",-0.764876555503445,-0.492466295546547,-0.316982216391775,-0.918845016934552,-0.681835605160139,-0.375936398221499,1.32825746971809
1132,13435,"s14","m3",-0.752787054650395,-0.40629115648243,-0.172770503077561,-0.958865358354002,-0.702953167722766,-0.250234387908249,1.07672280050476
1133,13440,"s14","m3",-0.878511941034888,-0.56075816209087,-0.112534524380475,-0.906857831754687,-0.604818908532088,-0.281623418834357,1.3953626981783
1134,13447,"s14","m3",-0.868491769901482,-0.3377491431804,-0.12294175958694,-0.848421881292504,-0.855110683937822,-0.239907029597676,1.23443678155966
1135,13449,"s14","m3",-0.716375669931461,-0.549576065897741,-0.122125788495246,-0.966077204408761,-0.554431397418942,-0.275157824198352,1.57981449434262
1136,13451,"s14","m3",-0.797215492826547,-0.520615673078216,-0.214044192516937,-0.937322971951497,-0.550958561701453,-0.491660976408193,1.39144143741458
1137,13467,"s14","m3",-0.74198198790269,-0.557658183502326,-0.156630051844957,-0.926138521333909,-0.597499762071816,-0.161033961436525,0.965008753710666
1138,13475,"s14","m3",-0.750485430102878,-0.46147308136876,-0.127773953915206,-1.03703773313606,-0.722930355865055,-0.483098992308161,1.08411216702759
1139,13483,"s14","m3",-0.773825199232788,-0.564462072787641,-0.218634140375145,-0.925817817365254,-1.04008057431555,-0.136491378805506,1.31919122321633
1140,13486,"s14","m3",-0.84163127250463,-0.61079272293369,-0.127514820212969,-0.950550752706981,-0.711435175618629,-0.248600511456799,1.26155019642351
1141,13488,"s14","m3",-0.661003204869629,-0.544373248153033,-0.074239624453401,-0.942129049629697,-0.444484673822243,-0.354189890130337,0.889518075927446
1142,13498,"s14","m3",-0.827581060391476,-0.542339346043633,-0.136496030769877,-1.00030935612048,-0.506787405668066,-0.511815809241032,1.37538652682987
1143,13509,"s14","m3",-0.820413448209522,-0.494985279913752,-0.287727031320243,-1.01118719617036,-0.855222871377295,-0.473644277640569,1.06581990543109
1144,13532,"s14","m3",-0.793754897149443,-0.526601133128078,-0.378741804073097,-0.932547258181408,-0.960501723667549,-0.193850522876229,1.17438155122316
1145,13543,"s14","m3",-0.785527401656558,-0.414800156058998,-0.129542980431642,-1.00551182283846,-0.645732152718648,-0.210598258612319,1.00973657858367
1146,13550,"s14","m3",-0.814815113701034,-0.384283305098553,-0.151018231738305,-1.02150209863547,-0.463572702087306,-0.463527165146744,1.95841071626332
1147,13567,"s14","m3",-0.924884057811335,-0.436520079264345,-0.128001738140238,-1.01885815185422,-0.971097048545704,-0.490124939807447,1.80567853121355
1148,13579,"s14","m3",-0.699823755014167,-0.463881846412837,-0.146603767439347,-0.854144091103618,-0.700646298990914,-0.201993584736126,0.36512568610756
1149,13592,"s14","m3",-0.667820853595849,-0.417036738075089,-0.150289993465656,-0.969789288172271,-0.318086406626376,-0.369020783708277,1.26391340962214
1150,13593,"s14","m3",-0.774694854366905,-0.47631244189155,-0.158775860799389,-0.925803932792174,-0.572249905779038,-0.0873460976797965,1.0948429182398
1151,13617,"s14","m3",-0.844370660046265,-0.476815636132056,-0.245272740902797,-0.937160667565885,-1.14658571591986,-0.277636588933885,1.6912849683154
1152,13625,"s14","m3",-0.773553090276714,-0.448905834779507,-0.244200915882598,-0.892774041803816,-0.707710901449083,-0.153083598300293,1.25186207567221
1153,13631,"s14","m3",-0.739349665838065,-0.525193404977626,-0.146663273198983,-0.932449814634985,-1.44665384347378,-0.410605646427756,0.858024758172008
1154,13639,"s14","m3",-0.693309277916512,-0.54159567509676,-0.189381503775416,-0.921353485277948,-0.44707433828985,-0.513922149529913,0.850972416150314
1155,13642,"s14","m3",-0.730579355292553,-0.508197652426312,-0.321525812883208,-1.01604118370611,-0.686729849162957,-0.563546921819742,1.16392959797244
1156,13658,"s14","m3",-0.879710553236487,-0.452932650831727,-0.13189519007919,-0.88870162233956,-0.729306092464596,-0.3313032221915,1.08459512103321
1157,13666,"s14","m3",-0.766470822679578,-0.605783836731365,-0.242898006876109,-0.953186568471147,-0.55672605094705,-0.392919598631499,1.40451653654021
1158,13690,"s14","m3",-0.885428058753842,-0.571217977596076,-0.237456273643445,-0.945318803039572,-0.720351584617956,-0.387862270975648,0.855916835084415
1159,13702,"s14","m3",-0.671475897012056,-0.422582777011377,-0.154456429100815,-0.820765643213689,-0.489597349692584,-0.309086073912798,0.891356016018034
1160,13717,"s14","m3",-0.855618626781521,-0.472989681958036,-0.165622737919013,-1.06471396242735,-0.899868037769178,-0.609376731890355,1.65082335237351
1161,13726,"s14","m3",-0.765769022309794,-0.470606590815374,-0.205294926681488,-0.950790972894161,-0.446341447256035,-0.670145617136072,1.26465400722098
1162,13746,"s14","m3",-0.804099021239732,-0.555845829908538,-0.142893999973366,-1.08328160528899,-0.552210298596995,-0.393427289503407,1.46620923411395
1163,13797,"s14","m3",-0.783036841242251,-0.540995855092008,-0.195978834589346,-0.970798082775544,-0.65230959685642,-0.447062823138726,1.59508242144119
1164,13798,"s14","m3",-0.811713224365254,-0.433456758672052,-0.122519101094693,-0.896877158333619,-0.737395591682975,-0.214287532025529,1.05761773445581
1165,13814,"s14","m3",-0.799375327485219,-0.462679497439941,-0.139851179425351,-0.970439254084666,-0.501606902980822,-0.465399219499322,1.4436181899142
1166,13820,"s14","m3",-0.782639108255425,-0.508993006642533,-0.146477892513567,-0.91119672409928,-0.952484632106616,-0.343586424003733,0.822127549710896
1167,13824,"s14","m3",-0.735726448547472,-0.573119253287656,-0.224926362081035,-0.957712600087224,-0.695014068313883,-0.364651263105143,1.03208068352842
1168,13828,"s14","m3",-0.732946359664042,-0.448567496045369,-0.1291894030222,-0.887794993993678,-0.382457620479524,-0.199465596574586,1.07371475088261
1169,13858,"s14","m3",-0.857768978175895,-0.472236418994949,-0.150786276704221,-0.918666670519249,-0.542658517984695,-0.360144781567107,0.864199681758069
1170,13869,"s14","m3",-0.75714674169505,-0.489240002700657,-0.0989517235975092,-1.01790239162535,-0.466015577362298,-0.653119317295395,1.56972816042501
1171,13875,"s14","m3",-0.819094898223519,-0.571930038011604,-0.106326142225041,-0.90202878246054,-0.508452475819152,-0.761831496455308,0.703463754827103
1172,13890,"s14","m3",-0.798275751434788,-0.441482215715059,-0.267496571201286,-0.893228711711811,-0.889590900268582,-0.294375147846331,0.544282645743646
1173,13891,"s14","m3",-0.719906225854629,-0.483406484881624,-0.143279894913731,-0.893640247339167,-0.525300606706732,-0.262454238612001,0.818572773807369
1174,13915,"s14","m3",-0.850879326516019,-0.459946982040871,-0.133656277077595,-0.999648952680759,-0.636904015791072,-0.21623580165787,1.28776830422316
1175,13925,"s14","m3",-0.80194073475037,-0.393984463743734,-0.191035038578688,-0.972731591380443,-0.574217624107221,-0.282017248940238,0.897129055370777
1176,13926,"s14","m3",-0.784454838747289,-0.523874762133222,-0.123803472312724,-0.959426845389656,-0.736003092785237,-0.45144895287437,1.54665852597671
1177,13930,"s14","m3",-0.936423722445295,-0.544639074590955,-0.215372883990491,-0.891616986679178,-0.544956253058403,-0.599666104255054,1.48693464272317
1178,13940,"s14","m3",-0.804259730918344,-0.459090809354056,-0.169301167631575,-0.973377201440362,-0.705937691739648,-0.170060055597729,1.30495045421655
1179,13954,"s14","m3",-0.83213398615759,-0.479720784343155,-0.110746815916203,-0.890705915365936,-0.710082681222465,-0.107249349963191,1.09637196513378
1180,13968,"s14","m3",-0.769328420735401,-0.396475588242021,-0.186804032841657,-0.88213079478149,-0.571132117688793,-0.145682477943114,0.707933319478037
1181,13976,"s14","m3",-0.743077102530465,-0.495096422064415,-0.00512009034807804,-0.868193655021895,-0.176264560638729,-0.508937790385649,1.14946657399413
1182,14025,"s14","m3",-0.765704840910992,-0.464491306824387,-0.150752761109868,-0.965737843907903,-0.444122179884433,-0.369893465422944,1.14206258786333
1183,14029,"s14","m3",-0.854068393306446,-0.53827726648174,-0.209031273155309,-0.932078051158294,-0.657311299943878,-0.379408011798188,1.64688600800011
1184,14031,"s14","m3",-0.881491062771711,-0.4836886704569,-0.22659511304425,-1.00951000942269,-0.548019423888188,-0.616227171416822,1.21480121446017
1185,14043,"s14","m3",-0.896717449421713,-0.469454596908325,-0.212269201068501,-0.873309132857924,-0.691056896170137,-0.238880727960195,0.621166738048719
1186,14049,"s14","m3",-0.725377735555419,-0.468674808090442,-0.244661485518068,-0.853908669950134,-0.59245712443053,-0.254164783142585,0.63097337245242
1187,14076,"s14","m3",-0.749510482905601,-0.472936940321535,-0.0934489297495133,-0.938517062416763,-0.372613381475457,-0.257778427567988,0.845078687619271
1188,14087,"s14","m3",-0.703957948093246,-0.538845473797046,-0.163842265588153,-0.876871887325384,-0.551571644808466,-0.447236859044628,0.610685391005208
1189,14105,"s14","m3",-0.809781467729278,-0.502484811014195,-0.26178678843194,-0.907740792846403,-0.739632807067646,-0.7188711058458,1.1570139316144
1190,14118,"s14","m3",-0.704927496307103,-0.509309872910641,-0.217113273724309,-0.902508701311138,-0.496774908294136,-0.326135337950491,0.861856853699105
1191,14130,"s14","m3",-0.605167937831481,-0.489024326378009,-0.105032260274899,-0.959350766870152,-0.454560598002542,-0.662015934063253,0.453125945632964
1192,14137,"s14","m3",-0.780507818402434,-0.472209435917649,-0.145849715333601,-1.03920523823769,-0.636713973056865,-0.234397568036906,1.57356885142798
1193,14142,"s14","m3",-0.919775998883076,-0.48923864643282,-0.212524641429713,-1.05683275153283,-0.789206617024132,-0.451472869454467,1.38081554636616
1194,14147,"s14","m3",-0.850907513189019,-0.474725129445217,-0.205082999167802,-0.933154126284961,-0.662518264379319,-0.397127353049573,1.42380869074795
1195,14164,"s14","m3",-0.864293336004753,-0.44655765846465,-0.199255876798819,-0.913855004607128,-0.931377356265099,-0.18094196428828,1.18631440295708
1196,14175,"s14","m3",-0.80489149379742,-0.457420012977029,-0.098496048214519,-0.954728751912403,-0.33075041421628,-0.483597505500357,1.40582329411076
1197,14198,"s14","m3",-0.798131733564082,-0.49320528872068,-0.0436979124411582,-1.03693813584721,-0.895632892695737,-0.313341701918736,1.46708300421263
1198,14202,"s14","m3",-0.70017506669567,-0.424596837680535,-0.159404945730567,-0.900845743177974,-0.60755359922896,-0.216793330337824,1.28213509304046
1199,14204,"s14","m3",-0.834975202094922,-0.413722001786483,-0.189086557701177,-0.929752376129672,-1.43166308604685,-0.079935841355111,0.751417832124604
1200,14207,"s14","m3",-0.743017861554992,-0.465441931837602,-0.193882092273789,-0.879592029058353,-0.742653153239964,-0.142133742216009,0.786614090559127
1201,14209,"s14","m3",-0.810072219016285,-0.468464255234911,-0.20824706076588,-1.09558291131995,-1.19706089823445,-0.863686841825521,1.42697834006254
1202,14212,"s14","m3",-0.780676372090982,-0.527102213665644,-0.196419907209268,-0.869304338157124,-0.844880504584014,-0.389423900413052,0.514294933771796
1203,14213,"s14","m3",-0.854498701016194,-0.493923117608532,-0.235215312084952,-1.03216777575246,-1.02951997565916,-0.406686459956247,1.90797783591545
1204,14224,"s14","m3",-0.864008271053854,-0.431354480987587,-0.198293416787157,-0.863568442682429,-0.936529524551213,-0.317408291693692,1.4343174659414
1205,14238,"s14","m3",-0.879390851223302,-0.499730286271107,-0.179809259751015,-0.995833752044982,-0.662573892499853,-0.44559861766803,0.925629088545031
1206,14245,"s14","m3",-0.797606455411981,-0.437786558335486,-0.280351872045752,-0.995913823848907,-0.795733963984221,-0.412766193902073,1.29734968944426
1207,14246,"s14","m3",-0.803519936065543,-0.429506228203415,-0.26082992376628,-0.923060784347523,-0.848983859503396,-0.326354464822035,0.813344189570921
1208,14251,"s14","m3",-0.667874722680308,-0.370592905854669,-0.182866670480373,-0.866028412975648,-0.597580312562988,-0.337313949667946,0.385250758635043
1209,14253,"s14","m3",-0.722836339183331,-0.475402941715542,-0.149018283015932,-1.08358528916168,-0.678180541683883,-0.437864814974017,1.38018370052775
1210,14280,"s14","m3",-0.79501859770422,-0.546594166458418,-0.122286341595145,-0.891975385180304,-0.607958775849491,-0.282718188428817,0.899718271500038
1211,14281,"s14","m3",-0.829995849770424,-0.508197705769133,-0.140738051958074,-0.961183014035578,-0.806965188662235,-0.550041751530028,0.902432798119365
1212,14292,"s14","m3",-0.732002426680264,-0.456058183057262,-0.13765638096103,-0.896775089580055,-0.825467091705932,-0.27886490783925,0.588222128177132
1213,14295,"s14","m3",-0.727253818522342,-0.495436786216055,-0.175788966767455,-0.91088443526779,-0.716207174994016,-0.351537986701383,0.800726034388032
1214,14319,"s14","m3",-0.73621382511521,-0.42873423680185,-0.165993517056818,-0.899736523776302,-0.839323399732817,-0.381125993195574,1.12695417259628
1215,14337,"s14","m3",-0.799132504726162,-0.539266612254244,-0.144230752472913,-0.921873485713227,-0.91505342534913,-0.52982464622211,1.19861173647446
1216,14338,"s14","m3",-0.81054786238378,-0.444555568302116,-0.194644596952296,-0.876253501805416,-0.865995119041873,-0.212292410150898,1.30486235016297
1217,14359,"s14","m3",-0.860275211204494,-0.574036440709515,-0.245278191524568,-0.963341123315301,-0.679848512205407,-0.279812236612081,1.37208284335099
1218,14377,"s14","m3",-0.737951871692514,-0.398912372922276,-0.110587027357836,-0.847150687566856,-0.724003158970719,-0.0278618202864137,0.301957051852576
1219,14378,"s14","m3",-0.725554242497403,-0.493736496125827,-0.000615787716880626,-0.984530530114761,-0.169719041031323,-0.427832452231674,1.13640933241524
1220,14405,"s14","m3",-0.833493221697515,-0.410431497265861,-0.125027854233535,-0.926346654877022,-0.350831576962285,-0.415881300380017,0.950976523352165
1221,14408,"s14","m3",-0.783373457498691,-0.492356264283679,-0.104258638982142,-0.944335266310815,-0.421717707642872,-0.280709769516262,1.34225199692483
1222,14409,"s14","m3",-0.868586403404735,-0.463036335836216,-0.108909843098302,-0.885218285862685,-0.982811742038494,-0.372718966636649,0.938648874104418
1223,14419,"s14","m3",-0.806485045670082,-0.564489526824931,-0.261760675650927,-0.927167917716964,-0.651194623654453,-0.438630163794249,0.803086033041665
1224,14440,"s14","m3",-0.869676846818815,-0.527878813230285,-0.157172782407235,-1.00760576670297,-0.7178313931389,-0.534336542489209,1.1516812093514
1225,14449,"s14","m3",-0.761548563009338,-0.416400047500459,-0.244910711506222,-0.922865737051479,-0.709717223652171,-0.071424457233578,0.838944671395774
1226,14450,"s14","m3",-0.839335359279546,-0.522120761061099,-0.246786939966967,-0.978402218523699,-0.613816814853014,-0.342781302504121,2.15252821739311
1227,14456,"s14","m3",-0.870142383334202,-0.528843013611295,-0.170476595590713,-0.906481261255798,-0.995341067675739,-0.550891779092656,1.16654452078724
1228,14465,"s14","m3",-0.795076537453524,-0.44551989278964,-0.033065929321773,-0.878750415658045,-0.541151460931134,-0.119938895959658,0.725051291425126
1229,14479,"s14","m3",-0.812777414586528,-0.409125096913632,-0.0946766166250716,-0.947519299770037,-0.532264480733405,-0.231154862016177,1.35965236251313
1230,14491,"s14","m3",-0.836226730359621,-0.503504582088888,-0.300590461689722,-1.02393140892676,-0.767650476477611,-0.408388195215947,1.65931122714709
1231,14523,"s14","m3",-0.834211872313158,-0.449677436443119,-0.181528622671234,-0.93371413035486,-0.622146742372578,-0.497051806554998,1.29622963487283
1232,14529,"s14","m3",-0.796523298906148,-0.678807193431606,-0.108712836373414,-0.966652693944503,-0.616796111255025,-0.493995923787935,1.45750765292574
1233,14534,"s14","m3",-0.809673572525024,-0.427421180089418,-0.108304017774609,-0.897418365859523,-0.795889839811674,-0.0570258679162706,0.690533599794677
1234,14536,"s14","m3",-0.86562914092249,-0.551049581509391,-0.140607553729043,-0.971807653016069,-0.756309038376424,-0.245389121756206,1.17560918642309
1235,14560,"s14","m3",-0.816927739444843,-0.410738829590045,-0.192017094777419,-0.860160401481681,-0.725430418101195,-0.401443632885276,1.27648163193857
1236,14565,"s14","m3",-0.776602426631658,-0.492969802449515,-0.171611391378412,-0.852706118087193,-0.669370220710721,-0.366717787440939,0.846903284799821
1237,14611,"s14","m3",-0.817389368288182,-0.520618957436881,-0.139742360604922,-0.791214233416016,-1.22230340267061,-0.149500738941508,0.77161238263179
1238,14615,"s14","m3",-0.771091741605751,-0.430964582627611,-0.227948625378333,-0.883164934845167,-0.611932058439392,-0.204040172148285,0.81329052937728
1239,14631,"s14","m3",-0.758567644217224,-0.420794720147016,-0.201539050651566,-0.923964911881253,-0.867961850463195,-0.188687143650955,0.857642873372548
1240,14655,"s14","m3",-0.884612292416108,-0.529551832057159,-0.155233595589674,-1.04261906666233,-0.654796388716112,-0.280605800643347,1.67475624808548
1241,14673,"s14","m3",-0.745870498606849,-0.472165967280595,-0.0667279144705864,-0.874251032542745,-0.433050379883867,-0.143606455014301,1.04188888970153
1242,14674,"s14","m3",-0.885402819011456,-0.541864598113903,-0.215549297923692,-1.00146717532906,-0.710572183898336,-0.71863251918853,1.34593697237466
1243,14679,"s14","m3",-0.866039032994693,-0.504248516239902,-0.101718733641481,-0.949087690462421,-0.830222040704054,-0.541144156056262,1.00815947791925
1244,14684,"s14","m3",-0.783243478757321,-0.45460173062821,-0.269709475633066,-0.8137502125256,-0.744791698612265,-0.270846776652944,0.898298117709443
1245,14697,"s14","m3",-0.81710983531593,-0.456875516983128,-0.262980216125032,-0.959226212612336,-1.11171113513512,-0.225959299142894,1.1224546571592
1246,14699,"s14","m3",-0.753487647215508,-0.560760990642478,-0.0736322844463077,-1.00377311919522,-0.509692796804694,-0.451481707084668,1.33568783943151
1247,14723,"s14","m3",-0.763933670002461,-0.556264960390672,-0.199855994393281,-0.905069249496732,-0.764429120355813,-0.517415254563525,1.29652090719527
1248,14726,"s14","m3",-0.786530439777773,-0.521666651640352,-0.134423651836195,-0.846661938409862,-0.318101499562902,-0.301745589286315,1.01198502564641
1249,14729,"s14","m3",-0.812213920260403,-0.463018352167954,-0.0737390909045338,-0.878459533388537,-0.942718321814384,-0.86471908284709,1.08831139347962
1250,14736,"s14","m3",-0.778317976021931,-0.391474545296516,-0.154228253738551,-0.861048160881667,-0.577147567588967,-0.21558907080707,0.845454750233604
1251,14745,"s14","m3",-0.736132538063922,-0.52391845115788,-0.218843879438622,-0.97496517791382,-0.494022155418266,-0.428886429748618,0.77422598293075
1252,14764,"s14","m3",-0.771446970252252,-0.515921815372009,-0.176033619765652,-1.01191075475855,-0.762115938574009,-0.443217931896659,1.88998642984687
1253,14781,"s14","m3",-0.836150325964203,-0.50490662375237,-0.280012093388773,-1.07439106941696,-0.799302543947658,-0.413701484889446,1.38677657701852
1254,14790,"s14","m3",-0.821973202286406,-0.504485560709807,-0.158049237752689,-1.04820312792603,-0.411004317347319,-0.461208085888681,1.24033491697999
1255,14851,"s14","m3",-0.775047332949706,-0.427557355350904,-0.277884057581648,-1.00324930942885,-0.692686795413209,-0.357815705446032,1.37356489136062
1256,14857,"s14","m3",-0.839008138264034,-0.531285843494757,-0.165465252706767,-0.934160996946519,-0.666484453915882,-0.274275902667463,1.28989271772467
1257,14865,"s14","m3",-0.784687190568165,-0.459042423976969,-0.212971826975216,-0.898440704125096,-0.419700634616854,-0.398170795864807,0.563527837421253
1258,14877,"s14","m3",-0.96224154837524,-0.487286690234061,-0.282592169592389,-1.08968198636256,-1.59315801974419,-0.17130727457246,1.24975982266654
1259,14879,"s14","m3",-0.756335046150749,-0.396082070819365,-0.205083021765498,-0.903124921990993,-0.864824099711577,-0.0392933189666084,0.631019277632952
1260,14881,"s14","m3",-0.835740244685442,-0.494741196611511,-0.20977429627849,-0.950045443204543,-0.816856167076033,-0.398614805779787,1.50382640248102
1261,14882,"s14","m3",-0.783399698277863,-0.409403571596876,-0.0980905875784671,-0.909172439038009,-0.513008703404553,-0.226535821138593,1.43732883810808
1262,14883,"s14","m3",-0.768865181261657,-0.454275364406966,-0.227542755390593,-0.899769190414385,-0.736386825758481,-0.127561491430134,0.958807985675544
1263,14907,"s14","m3",-0.883598495358693,-0.550169041309278,-0.213642338033242,-0.963763037718209,-0.877580819242937,-0.215333691697656,1.35194216030939
1264,14932,"s14","m3",-0.806729331840666,-0.522013526833324,-0.136144835784305,-0.945379776576815,-0.847773479468393,-0.156312434916689,0.987911903792931
1265,14934,"s14","m3",-0.711868433352202,-0.512314422849759,-0.176297745781773,-0.875386102450631,-0.346778107949171,-0.125768032241842,0.605082273931411
1266,14956,"s14","m3",-0.883787735642045,-0.613835966358569,-0.197801390610302,-0.969915597583699,-1.19751413072924,-0.394113957737378,0.863252811342295
1267,14966,"s14","m3",-0.747236539538463,-0.386801781813703,-0.115319774458769,-0.929261279915548,-0.572938016296469,-0.459610283129188,0.232001082052532
1268,14980,"s14","m3",-0.739379051927469,-0.432565726752486,-0.213405274148207,-0.88537297918419,-0.530711498152484,-0.101403724113651,0.93348179291034
1269,14985,"s14","m3",-0.83250818580479,-0.487332984654036,-0.0966198939412514,-0.969387525213553,-0.529094827091513,-0.393139960057823,1.22091858730948
1270,14988,"s14","m3",-0.725784754643637,-0.405399179428518,-0.150718035396477,-1.01706002217642,-0.356346850917509,-0.21554544706413,1.09693556319865
1271,15021,"s14","m3",-0.691247980900306,-0.442020299021994,-0.125641150730035,-0.887195310934742,-0.449540105299587,-0.223070006048343,0.538573586093937
1272,15030,"s14","m3",-0.883633244939355,-0.510419950842437,-0.198604613740146,-0.94912881775179,-0.683095762016116,-0.238788091931904,1.29669238310735
1273,15039,"s14","m3",-0.791610366809794,-0.542629148940713,-0.246299813577675,-0.990834033703072,-0.6447793257696,-0.595885154291036,1.69455620216757
1274,15045,"s14","m3",-0.802271376531393,-0.527870052551929,-0.0517645517306825,-0.900149788606262,-0.753360718939356,-0.25694826549714,0.75185357558321
1275,15047,"s14","m3",-0.813302386689412,-0.42309107637046,-0.169210373799212,-0.880007173220296,-0.571597167848411,-0.192442739316566,1.05272443910856
1276,15049,"s14","m3",-0.781977654279369,-0.466474939415185,-0.176484284431354,-0.997246676846489,-0.468031551869195,-0.270681243478145,1.47110262798924
1277,15053,"s14","m3",-0.853808374498755,-0.550088435715359,-0.152166936032863,-0.937161071832048,-0.663193538241662,-0.443413092544545,1.59472682007354
1278,15059,"s14","m3",-0.789043649196092,-0.51187205983164,-0.215293186737397,-0.956761999412803,-0.770664147724799,-0.284485185923872,0.856274462129307
1279,15126,"s14","m3",-0.828616684536719,-0.581777122017356,-0.193054655749176,-0.963231220453821,-0.820428159503134,-0.576082386422167,1.08812876433937
1280,15134,"s14","m3",-0.803511939053742,-0.465376531293872,-0.172778850885145,-0.922867796034723,-0.677437162000982,-0.270206888816835,0.755501081834519
1281,15141,"s14","m3",-0.705438645564294,-0.473381383526565,-0.145690403308655,-0.809992295368929,-0.4758248050818,-0.226718576814584,0.418701355465919
1282,15144,"s14","m3",-0.910407678225925,-0.516924054203033,-0.210853997341313,-0.94167389972972,-1.2168160997972,-0.434633283347263,1.03055388719451
1283,15149,"s14","m3",-0.772706995906704,-0.624643213094081,-0.255188514920331,-0.960413849353455,-0.533036909748576,-0.363700895847523,1.31159706850023
1284,15166,"s14","m3",-0.765505174015464,-0.526671486958163,-0.18637180344503,-1.02214905888166,-0.69426148670934,-0.538360448933711,1.80093333752237
1285,15170,"s14","m3",-0.746140579516822,-0.476381797221575,-0.0918981390119976,-0.969119641560002,-0.437904362156895,-0.504250459801966,1.01711842944639
1286,15175,"s14","m3",-0.802252506142753,-0.45209282686682,-0.123589031757366,-0.95152958180692,-0.988772832337116,-0.401146316200165,1.15019738548861
1287,15185,"s14","m3",-0.769969175743913,-0.526685220730469,-0.291985732942172,-0.829421560255649,-0.92515047341573,-0.242387687256699,0.484857168863917
1288,15210,"s14","m3",-0.791864661215259,-0.524265701633478,-0.0973081065952137,-0.903669565701677,-0.749042854051824,-0.324475374220791,1.55130961114593
1289,15218,"s14","m3",-0.849807105577059,-0.622622226819369,-0.315532934782379,-1.00448644186241,-0.990587774213587,-0.475866083197118,2.01013553259671
1290,15219,"s14","m3",-0.833659339890164,-0.494482842335666,-0.11786813348604,-0.872216213663654,-0.595932775965437,-0.225047583987262,1.33741859935807
1291,15220,"s14","m3",-0.87644058300113,-0.457832185409611,-0.262098512368419,-0.824726045573565,-0.578407406898175,-0.169133903053722,1.21266863474319
1292,15221,"s14","m3",-0.809337915171999,-0.434954649364314,-0.116260537673283,-0.93336067118124,-0.433742170364254,-0.242500134052852,0.812177787220066
1293,15228,"s14","m3",-0.823832096709512,-0.508532767187836,-0.15351003783121,-0.97749256408079,-0.781323646036128,-0.253914704017627,1.20858837295892
1294,15249,"s14","m3",-0.810597663575183,-0.411063991503304,-0.14697499653538,-0.820929297926165,-0.558089526212631,-0.102023873449812,0.960170768183522
1295,15253,"s14","m3",-0.856732468016092,-0.51700627261371,-0.207633149389885,-0.989338875869697,-1.55805687170059,-0.488968298148339,1.4205495190294
1296,15258,"s14","m3",-0.884369321639766,-0.590660044028006,-0.197056641881545,-0.924031071353028,-1.16373366563716,-0.395488424710975,1.10352499210463
1297,15272,"s14","m3",-0.821157914275478,-0.503286432892827,-0.205343508353682,-0.96766564468944,-0.585905812740601,-0.136409617492031,1.51330401550435
1298,15290,"s14","m3",-0.790585965312428,-0.487762912659937,-0.186397456643309,-0.772237393841332,-0.751377780593972,-0.0209550836855946,0.835312275210954
1299,15314,"s14","m3",-0.85146775764611,-0.437275873400692,-0.309982320540313,-1.00227192451114,-0.67515291334191,-0.363539098831885,1.4364459053215
1300,15344,"s14","m3",-0.819750296612755,-0.513490387660656,-0.152892948023539,-0.93184315841577,-0.560774849671365,-0.26223120959306,1.41221514958694
1301,15347,"s14","m3",-0.785980902958607,-0.527706713942623,-0.203602466452672,-0.892828236734969,-0.559776384865755,-0.597537218415889,0.883418932858944
1302,15350,"s14","m3",-0.818149442125699,-0.499543120180796,-0.190505342379299,-0.818153531975934,-0.613093604999536,-0.44682152239194,0.533504134859426
1303,15364,"s14","m3",-0.796365516415351,-0.475045291243714,-0.172293025972275,-0.970671518368209,-0.606266688888007,-0.425711494983429,1.74394385058591
1304,15368,"s14","m3",-0.830442727089127,-0.449465407301393,-0.19483260341042,-0.881306043098486,-0.840645949562818,0.0565029637990321,0.697848275831223
1305,15377,"s14","m3",-0.819210638043858,-0.447935744180909,-0.121699889228372,-0.960061155989588,-0.539461721538068,-0.207834187463387,0.946385016278714
1306,15397,"s14","m3",-0.767629386874422,-0.466238113269799,-0.133538489131217,-0.943740031507972,-0.38305129602702,-0.366614587504474,1.15008556379443
1307,15400,"s14","m3",-0.761614556322629,-0.371263786125507,-0.166328805452164,-0.898984165172481,-0.504338286061753,-0.229351608418417,0.712702178926294
1308,15426,"s14","m3",-0.821852209615126,-0.483203508094103,-0.218488513617957,-0.92816506435292,-0.826972162584493,-0.339071679291521,1.11053116272994
1309,15441,"s14","m3",-0.789859301043032,-0.445385292764026,-0.246059089070477,-0.881272363377116,-0.917639194192359,-0.158558377489337,1.23494764970916
1310,15445,"s14","m3",-0.814699692507547,-0.542159481303339,-0.149006263469687,-0.906903015725983,-0.321704449811244,-0.309009296959562,0.835483298509216
1311,15458,"s14","m3",-0.858969280478685,-0.582054048120576,-0.0795742829080368,-0.919221647984266,-1.15325237732827,-0.341511141662207,1.13083680597911
1312,15459,"s14","m3",-0.927052663488386,-0.433862573181628,-0.128415763595499,-0.973441757820008,-1.21959862729771,-0.158318032825652,1.388056486628
1313,15470,"s14","m3",-0.763967947951986,-0.447796891256328,-0.0939189567624762,-0.789797116468088,-0.503651575674699,-0.218927861642362,0.318098912145205
1314,15479,"s14","m3",-0.937469950033967,-0.424339333844744,-0.230413406788998,-0.952514808148504,-0.675605206341842,-0.304742802905277,1.59823617050528
1315,15480,"s14","m3",-0.813567119367606,-0.418442297154174,-0.248384363219128,-0.837031107537732,-1.0265444039682,-0.37464016293008,1.10877555562527
1316,15486,"s14","m3",-0.788259561302489,-0.543506631351422,-0.074907804692137,-0.994901021246243,-0.403055226180581,-0.347643213505335,1.33593100357376
1317,15490,"s14","m3",-0.782773331624398,-0.418029626611126,-0.108273329471076,-0.912559269258244,-0.933443067518417,-0.592153465913454,1.05436134099965
1318,15532,"s14","m3",-0.7781220211617,-0.484939283267508,-0.177708408145612,-1.07322735729714,-0.550930013662017,-0.274115830959689,1.15462855833158
1319,15533,"s14","m3",-0.753164972265816,-0.493019842013121,-0.219951729560611,-0.970283743349036,-0.703579002713987,-0.381401399329003,1.08011499189302
1320,15549,"s14","m3",-0.811042193854261,-0.513224761891256,-0.193857867954884,-1.07030725588378,-0.925590748136162,-0.400493143886642,1.14370553623324
1321,15551,"s14","m3",-0.855200421288645,-0.48713771026856,-0.127876613616714,-1.02656938114823,-0.620869083670085,-0.435797590749759,1.30886573900625
1322,15556,"s14","m3",-0.67019919789635,-0.590511039475548,-0.205803360063312,-0.904178071184568,-0.704349130176534,-0.143817352640587,0.82055055642057
1323,15563,"s14","m3",-0.773514253274664,-0.442161371098363,-0.180970631258107,-0.850934215012549,-0.69384819344214,-0.0744409600704339,0.627549071246971
1324,15577,"s14","m3",-0.86789407326285,-0.455643028640204,-0.224521603855218,-0.915792738224144,-1.29726554615978,-0.449165202966525,1.22624030299597
1325,15578,"s14","m3",-0.825065419771566,-0.437389016576624,-0.143403650304903,-0.944488150665167,-0.573516616815433,-0.339894303686945,1.34326023251059
1326,15585,"s14","m3",-0.7835893901812,-0.576774097783311,-0.262179309616566,-1.02836522513348,-1.35297343622479,-0.38541922395345,1.40170719713647
1327,15606,"s14","m3",-0.781350469310033,-0.547965555116163,-0.182373168090331,-0.917340535754026,-0.87986585877269,-0.348370520410958,1.11601546480797
1328,15610,"s14","m3",-0.660536991274118,-0.509524350223447,-0.0885046466970879,-0.930100616411292,-0.120334589849008,-0.365057238930973,0.761050845703723
1329,15612,"s14","m3",-0.867566157091366,-0.473442451743991,-0.179417450354449,-0.946340372326558,-0.904023483107405,-0.232437375490591,1.28270520173305
1330,15616,"s14","m3",-0.732916834485724,-0.454890191436469,-0.187602287309402,-0.816374188204837,-0.945361776652559,-0.230490742187617,0.191801339089836
1331,15626,"s14","m3",-0.843489708717311,-0.440732036970963,-0.25310755838131,-0.998296876008908,-0.712084748300495,-0.497621595035469,1.00230621736077
1332,15633,"s14","m3",-0.74939246322959,-0.498089989369533,-0.128701967893602,-0.988492638288733,-0.852259131940668,-0.508384868672188,1.26890212275707
1333,15635,"s14","m3",-0.712991635486315,-0.394071900749772,-0.197413985926258,-0.834926162506365,-0.454792574627985,-0.135042439278392,0.801169845230552
1334,15638,"s14","m3",-0.855906480116267,-0.474386289605273,-0.235434909465556,-0.895083627320655,-1.18787043867426,-0.338596288054651,1.32337834363644
1335,15647,"s14","m3",-0.766800133956299,-0.439634804724979,-0.203711563431484,-1.00797263818715,-0.574967531456265,-0.289880957299107,1.46308036057414
1336,15658,"s14","m3",-0.837074712125314,-0.422521495329603,-0.169991890966211,-0.910300869068881,-0.730755782885451,-0.547584733963834,1.41758999555526
1337,15675,"s14","m3",-0.774060193302259,-0.526227550570603,-0.166015880617694,-0.928514480108184,-0.547072669871789,-0.15257963773523,1.44558429273356
1338,15678,"s14","m3",-0.770282682936592,-0.543618554674205,-0.228131376257988,-0.959072507248384,-0.524367739663803,-0.4131993628172,1.19271667899581
1339,15683,"s14","m3",-0.757923674543868,-0.406992388245416,-0.17799257343979,-0.901825483535025,-0.348232604760044,-0.311086332592858,1.14448486522071
1340,15687,"s14","m3",-0.808882919154568,-0.503705861067167,-0.210241129354308,-1.04597043823464,-0.354769835898865,-0.554619626527433,1.58797793083205
1341,15714,"s14","m3",-0.821067118040177,-0.560388359766008,-0.10347212434221,-0.958904976315643,-0.497627526811662,-0.501198862307772,1.30558109266983
1342,15728,"s14","m3",-0.774142774760491,-0.503735874989848,-0.187829065661409,-0.864491696516628,-0.705695208217396,-0.362972991156232,0.727635346251311
1343,15731,"s14","m3",-0.831997875462459,-0.501274364312804,-0.165210715365423,-0.943675300543307,-1.02572501528232,-0.24546921727757,0.692152100904841
1344,15744,"s14","m3",-0.754882514123458,-0.439950663784005,-0.133114557704911,-0.888693804431051,-0.561246912474728,-0.308531304658446,0.954713030064736
1345,15747,"s14","m3",-0.722077637466771,-0.42540841884612,-0.17989113626476,-0.978181208025235,-0.66217082120741,-0.378307133297225,0.527027649487881
1346,15758,"s14","m3",-0.885309133748188,-0.567419162538858,-0.148998437418347,-0.892755464476159,-1.38101948208978,-0.255171004186427,1.29393999934334
1347,15778,"s14","m3",-0.879524341887022,-0.463097418013773,-0.246369076007266,-1.00093706039473,-1.08616040495,-0.224009069899285,1.31234971939669
1348,15788,"s14","m3",-0.889226994206279,-0.465722072093666,-0.0961178745060255,-0.958721848754632,-0.625252107949599,-0.374159230541206,1.77069957469313
1349,15800,"s14","m3",-0.8601075194496,-0.51281533355332,-0.222888818482428,-0.877090571666684,-0.847794949708453,-0.584155191438201,0.979575140456054
1350,15833,"s14","m3",-0.759704623871034,-0.479550381244253,-0.217052281196937,-0.85181443860259,-0.634177579505019,-0.131470710030511,0.876937324970389
1351,15842,"s14","m3",-0.7143085367,-0.438824684941259,-0.13342271087505,-0.833631604644584,-0.671878240808448,-0.206564226632317,0.213318675012409
1352,15847,"s14","m3",-0.739889435511682,-0.366798335865593,-0.194188464382474,-0.926182955505734,-0.654947725534922,-0.277759157389662,0.619437740479255
1353,15863,"s14","m3",-0.892502159210178,-0.44615383427729,-0.380822764149081,-0.906432157262049,-0.881025657201718,-0.36908545628346,1.17343823704035
1354,15866,"s14","m3",-0.790255890033722,-0.447727769629002,-0.119017046758085,-0.925081858676787,-0.712901947341408,-0.0978297066637056,1.04195682358588
1355,15871,"s14","m3",-0.771232466092255,-0.455463842408079,-0.220435426517457,-0.96793088085388,-1.13363684507982,-0.625229385401507,1.16947649128865
1356,15874,"s14","m3",-0.774799277600028,-0.446692732427863,-0.243999518039633,-0.930222509377326,-0.608886535644138,-0.246579481642691,1.13517061355162
1357,15876,"s14","m3",-0.758672728152652,-0.522308772668706,-0.0650617683959998,-0.990268843981843,-0.760356148516507,-0.341565163158293,1.37161480026091
1358,15880,"s14","m3",-0.925298983729535,-0.538269613532779,-0.23952416007421,-1.00177523838814,-0.565845289767544,-0.375731205063102,1.34773362315253
1359,15884,"s14","m3",-0.68256839665576,-0.435290475165307,-0.2100011910906,-0.842224592078568,-0.864133139406364,-0.444698833658925,0.758235067934134
1360,15900,"s14","m3",-0.93342603807801,-0.428852143223383,-0.2911179602575,-0.934316206163315,-1.23206105522864,-0.0811863279468949,2.01060918312177
1361,15916,"s14","m3",-0.820731640201849,-0.557942542654859,-0.208743619892036,-0.955022674799901,-0.858415351181724,-0.324496749509413,1.56321608413881
1362,15923,"s14","m3",-0.726815973421331,-0.596219902827016,-0.284310972441846,-1.03560178239573,-0.715727666498643,-0.267305914083752,1.18547843236796
1363,15940,"s14","m3",-0.819507186665647,-0.454303689406701,-0.22862388794286,-0.989854237687634,-0.899384632460685,-0.29211623692046,1.38882992794394
1364,15942,"s14","m3",-0.795369432770685,-0.530877281343194,-0.0999270444474494,-0.937108239768127,-0.698831389837697,-0.268606729586259,1.6249759740402
1365,15957,"s14","m3",-0.82756726790454,-0.510414175318457,-0.219024593098967,-0.98579637431643,-0.748152176600994,-0.719010275475222,1.19649125418329
1366,15963,"s14","m3",-0.846184625299869,-0.56688529461823,-0.132681839162914,-0.97854474065418,-0.314077916335842,-0.346159378482605,1.51674466820532
1367,15966,"s14","m3",-0.88021075364182,-0.425891672995588,-0.141924670355162,-0.90512591921687,-0.434277507123532,-0.186566323736756,1.06437832424269
1368,16004,"s14","m3",-0.840445313190861,-0.558695141499542,-0.276437784842666,-1.01890543204593,-1.0162414163701,-0.486848024820041,1.54259878867069
1369,16010,"s14","m3",-0.829989974691888,-0.510414103269185,-0.184656876681932,-0.989490545870031,-1.00688547576942,-0.423948533319665,1.78037247070543
1370,16017,"s14","m3",-0.733455264329256,-0.467362771905976,-0.216880757944795,-0.918631086102963,-0.86149009198847,-0.290386356111333,1.11386536591767
1371,16021,"s14","m3",-0.802868707016695,-0.501180515920395,-0.125095159112758,-1.04285935982355,-0.548325806003631,-0.308567348983743,0.751508010594461
1372,16030,"s14","m3",-0.758168203076482,-0.491120464157558,-0.123599882773156,-0.91032941238209,-0.487974196389449,-0.664370378055098,1.16892717188875
1373,16040,"s14","m3",-0.807142109731844,-0.459838384350821,-0.204459813269403,-1.01422395471748,-0.588578064461489,-0.304854127603286,1.08210524551666
1374,16044,"s14","m3",-0.81110499355399,-0.584795721492254,-0.0267339180602995,-0.971608318105636,-0.588007047589647,-0.503316131148401,1.08997328049421
1375,16050,"s14","m3",-0.734695570635205,-0.461710092036304,-0.146033662820431,-0.873536439228694,-0.483660186147915,-0.33771847476819,1.06421352441793
1376,16054,"s14","m3",-0.745814406249625,-0.592649575697636,-0.0725578903819547,-0.91292553155859,-0.405036862871807,-0.534734077519157,0.874813891263519
1377,16064,"s14","m3",-0.822875428320648,-0.561470852555202,-0.280775976114081,-0.962262619771715,-0.556633368082826,-0.600312241716615,1.46798878453854
1378,16075,"s14","m3",-0.826568207798111,-0.502217025230227,-0.176279657704189,-0.935128017361422,-0.427360086325599,-0.348475763318579,1.2854719669121
1379,16080,"s14","m3",-0.793891798012222,-0.513363148406661,-0.134859859515508,-0.958444130594049,-1.06039953496969,-0.246545163140755,1.23194521243068
1380,16094,"s14","m3",-0.77500511377216,-0.409858301866239,-0.200393362123242,-0.841585448563975,-0.279444276002785,-0.270401004498165,0.452893598560179
1381,16133,"s14","m3",-0.724483757859359,-0.427058122461669,-0.236436424292249,-0.884189189441741,-0.549424011593668,-0.173009034865975,0.878939553885198
1382,16150,"s14","m3",-0.701221542858288,-0.408019476462919,-0.10627313599562,-0.843335949582534,-0.57470428133971,-0.189433931350265,0.666544488325305
1383,16163,"s14","m3",-0.86352322250539,-0.517374550373319,-0.29727662461585,-0.91813189632858,-0.937915681415053,-0.380323747471563,1.35318080577692
1384,16164,"s14","m3",-0.712422147452112,-0.554245834515839,-0.23518495198569,-0.948557758051414,-0.773083497455648,-0.252416608013782,1.16563278304113
1385,16169,"s14","m3",-0.756935072538856,-0.306831216203074,-0.174792816761911,-0.809217885896879,-0.700756835614206,0.00232511932094012,0.370376902425403
1386,16175,"s14","m3",-0.804021221104665,-0.495798134958836,-0.00177480074216149,-0.906679924028666,-0.326543251580008,-0.395592654098779,0.872893908500427
1387,16199,"s14","m3",-0.72775700614735,-0.41678073445969,-0.0433762284632278,-0.877127471799331,-0.393913663806834,-0.319426113921003,0.791206143254734
1388,16203,"s14","m3",-0.815061959103225,-0.507993492319377,-0.159295795274485,-0.921219169029314,-0.782479393776894,-0.454519808658785,0.844154092728656
1389,16216,"s14","m3",-0.86439382472546,-0.595587417170499,-0.198457498556048,-1.11632674550214,-1.23187125810324,-0.399076910018109,1.64767112218857
1390,16217,"s14","m3",-0.744942080207183,-0.594049849548554,-0.198064177599521,-0.907373944109128,-0.415473980398075,-0.290704319283417,1.429229439799
1391,16222,"s14","m3",-0.812203210804636,-0.547753607693782,-0.249005840098198,-0.929309610469342,-0.740788213657634,-0.176724407278303,1.21959119185104
1392,16229,"s14","m3",-0.765600513135166,-0.613038687816151,-0.212618442693055,-1.01446538298803,-0.472506641873497,-0.780584534022051,1.53627897617445
1393,16244,"s14","m3",-0.692071003170014,-0.405072026614329,-0.0457467503905355,-0.72241357676755,-0.416644679100764,-0.0404298740634547,0.0898391681936222
1394,16260,"s14","m3",-0.70275643693432,-0.601744095443223,-0.195170557030143,-0.926102992564084,-0.581580919850357,-0.282460616098188,0.992292419593801
1395,16278,"s14","m3",-0.853019162907803,-0.546706993285068,-0.162106590940084,-0.94437411699527,-0.581616155010997,-0.337041981376144,1.16278480623579
1396,16280,"s14","m3",-0.805199538251657,-0.443477184080643,-0.228158354203125,-0.917152727950433,-0.870586808339432,-0.0801737083807607,0.753163345762851
1397,16281,"s14","m3",-0.806300038825711,-0.47761849199203,-0.209838406715702,-0.921192604327482,-0.499883677468841,-0.354217364162641,0.694237967120846
1398,16283,"s14","m3",-0.802464198935063,-0.488289341107521,-0.221149272725336,-0.942661716215947,-0.56866286295802,-0.300520912474156,0.96123493362824
1399,16302,"s14","m3",-0.779499366822522,-0.457523433930605,-0.152788167595894,-0.890205387488785,-0.419653616821641,-0.443766085460659,0.957506801313979
1400,16334,"s14","m3",-0.693541142522572,-0.460029109482824,-0.119740663516067,-0.854020252792534,-0.750534162546111,-0.396872200213919,0.426827978309979
1401,16383,"s14","m3",-0.819545967270655,-0.429635433172598,-0.162155241928511,-0.883728964469214,-0.604046142612392,-0.417204272405732,0.763669038408101
1402,16385,"s14","m3",-0.737108312592095,-0.43765820066026,-0.212596327323049,-0.80077792960625,-0.734375942684732,-0.432900424541647,0.827031609806531
1403,16402,"s14","m3",-0.756523785977624,-0.525602495907769,-0.160198571957161,-0.943776039920868,-0.557525522236753,-0.373324073739562,1.13389414723642
1404,16427,"s14","m3",-0.759311825938579,-0.516147555980941,-0.117414177917185,-0.972567724798574,-0.692172051806067,-0.345780192465852,1.10847013151635
1405,16432,"s14","m3",-0.82489730559621,-0.504204454825899,-0.120206388239398,-0.947179246268806,-0.906116822201895,-0.455020373040311,0.846170739231454
1406,16443,"s14","m3",-0.758489730071221,-0.481169059646853,-0.316371338256136,-0.893997919363677,-0.740898090154567,-0.163351790000066,1.14034651944433
1407,16445,"s14","m3",-0.836313822282489,-0.364104088184692,-0.225820156564752,-0.817382895165579,-0.736080148145526,-0.237641338877929,1.24489995655971
1408,16446,"s14","m3",-0.839651773120747,-0.567825235566037,-0.185214208460255,-0.918595723997509,-0.794179709763629,-0.384504359926916,1.05038276581489
1409,16452,"s14","m3",-0.756182225657621,-0.451218106908771,-0.0166046988565653,-0.937862549361173,-0.622697874056889,-0.353999916960485,1.03811204714146
1410,16462,"s14","m3",-0.884502974905852,-0.485881957486044,-0.10949407380288,-1.06511181618206,-0.690550727118372,-0.235148972728392,1.63830648992814
1411,16472,"s14","m3",-0.800693747606633,-0.481436625645729,-0.156048568337147,-0.913398866461273,-0.802952875163405,-0.209616556184956,1.02238482532258
1412,16475,"s14","m3",-0.867616262889216,-0.628453232247599,-0.110079941415513,-0.981692555320261,-0.96274804455934,-0.551326950349813,1.55355962053813
1413,16493,"s14","m3",-0.864439034505647,-0.430627480404378,-0.0769973507571346,-0.874447381743772,-0.482676405524869,-0.271632539148747,0.851485647515336
1414,16494,"s14","m3",-0.832616286317697,-0.494235475437406,-0.2183605739562,-0.967076147909139,-0.491654880958135,-0.507726422055674,1.76937870629349
1415,16503,"s14","m3",-0.730719458511959,-0.482407100126146,-0.154034010019526,-0.92341139848561,-0.464932520710981,-0.264805005132403,0.593507375718498
1416,16527,"s14","m3",-0.750140734594071,-0.429545298570797,-0.191725974255316,-0.937794990711109,-0.91654874771531,-0.166792311266374,1.06861088773037
1417,16529,"s14","m3",-0.755815019169698,-0.537995603505935,-0.22993657430712,-0.91435060642827,-0.515072723097736,-0.589629856107053,1.072965523651
1418,16535,"s14","m3",-0.907610195511426,-0.509683867580355,-0.296357268716805,-1.0043118092756,-0.636559945484263,-0.482162197499543,1.57753993465645
1419,16550,"s14","m3",-0.743434774014444,-0.552681465566953,-0.168640996661452,-0.948832445913967,-0.606340421730088,-0.539313791790285,1.04547908175658
1420,16554,"s14","m3",-0.719322308236447,-0.541380562277917,-0.00531384683257576,-0.915095123622349,-0.371992525167411,-0.419411801791701,0.627646380804443
1421,16555,"s14","m3",-0.752970077676043,-0.506070707728567,-0.128100996194329,-0.962002630735691,-0.328921398813954,-0.386747642926105,1.14818140386541
1422,16563,"s14","m3",-0.758058977505225,-0.41214529045453,-0.140474619156206,-0.904117146970814,-0.811038269502657,-0.303451513401143,0.934185961180134
1423,16571,"s14","m3",-0.83825186023007,-0.364440733984427,-0.216351443592577,-0.946706489984854,-0.505154655642723,-0.390852420366037,0.964126971205102
1424,16595,"s14","m3",-0.762780572263141,-0.58421443162937,-0.211537323500104,-0.976058857808303,-0.656918837479524,-0.218153664188301,0.81534855165284
1425,16599,"s14","m3",-0.786023470994828,-0.507191671831118,-0.233694177783254,-0.919904543112478,-0.665811741405861,-0.360916214153133,1.35525513400642
1426,16609,"s14","m3",-0.803782003614158,-0.409779886218745,-0.204469541095162,-0.846962120577485,-0.716083859193124,-0.436883362944165,0.86292355931946
1427,16629,"s14","m3",-0.821562508136111,-0.505539494561903,-0.249479444326769,-0.94389736402128,-0.842518230734927,-0.362329161462544,1.70926588090776
1428,16638,"s14","m3",-0.754277370008627,-0.528281066052373,-0.160746938282045,-0.924631453712619,-0.425802252295037,-0.305474581357753,0.728245627860525
1429,16643,"s14","m3",-0.808509929171062,-0.445260283149104,-0.158350231746017,-0.929446227430833,-0.453856804855727,-0.327482418410172,1.15584792032376
1430,16647,"s14","m3",-0.743274806780558,-0.359029684226791,-0.103593007498441,-0.898108260275418,-0.22044619942283,-0.0901228036905846,0.802669934407471
1431,16653,"s14","m3",-0.774963616000043,-0.547299805762166,-0.175732086823513,-0.831798768674547,-1.07871191155965,-0.335435063299569,0.792935016687507
1432,16658,"s14","m3",-0.795192004091589,-0.535338089761245,-0.161464593780123,-0.863614934424935,-1.06399691766379,-0.345794464434628,0.97632536424097
1433,16661,"s14","m3",-0.769243266272225,-0.441681940709521,-0.154037555928606,-0.910595491170473,-0.945014353049573,-0.456303248547507,0.575964415765604
1434,16662,"s14","m3",-0.792692985017874,-0.470989650787305,-0.141545440428619,-0.863615857994032,-0.670596441469937,-0.418994720369182,0.605976024666746
1435,16668,"s14","m3",-0.815268475198019,-0.458305538862012,-0.126195407854204,-0.838270948693516,-0.705332193270966,-0.427774672799838,0.618619878907633
1436,16673,"s14","m3",-0.77370232110142,-0.413207620645327,-0.244389707874717,-0.954912715659326,-0.68096846976152,-0.183058576420957,1.41518960588453
1437,16713,"s14","m3",-0.770681916129475,-0.480113665002428,-0.152437126878144,-0.866712465010485,-0.402932524182521,-0.309044653840648,0.520668759895236
1438,16716,"s14","m3",-0.744650659320568,-0.5488777732096,-0.219135667312866,-0.987878102177515,-0.807565176078539,-0.3249532882739,1.1928782043855
1439,16742,"s14","m3",-0.820862350577348,-0.484593735836915,-0.192956928437537,-0.958229002486018,-0.795934957277886,-0.235114856261845,0.688228410703245
1440,16753,"s14","m3",-0.805924652309943,-0.525609212037909,-0.160174230916196,-1.05662674738976,-0.820402782702221,-0.583981136167701,1.24225884293275
1441,16762,"s14","m3",-0.817090876355652,-0.550119116168874,-0.162914482825092,-0.849311011529266,-0.769598157357886,-0.706138633725359,1.3124277211078
1442,16770,"s14","m3",-0.73559505820335,-0.466621464228667,-0.189953490435862,-0.941164654493869,-0.525693298041745,-0.346299694590296,1.07596426307513
1443,16777,"s14","m3",-0.82330518384713,-0.402275485587035,-0.116824149124095,-0.90420198660629,-0.541800536870106,-0.39096942180692,0.956112344818651
1444,16815,"s14","m3",-0.685192692766629,-0.514138626399352,-0.173060025496482,-0.8862590759745,-0.396467387804994,-0.329075893317893,1.08040679410519
1445,16816,"s14","m3",-0.832501931170556,-0.46040125908675,-0.29847530103239,-0.976603796815382,-0.57371269986356,-0.558635499334148,1.11525877363109
1446,16836,"s14","m3",-0.804008934322007,-0.38742645147748,-0.0810737014720962,-0.971842918845149,-0.563946388645242,-0.23533391998852,0.71727959109612
1447,16839,"s14","m3",-0.811716567700623,-0.555071117574473,-0.16940338457956,-0.945674133804189,-1.15419882252678,-0.589579918758841,1.19258035866552
1448,16847,"s14","m3",-0.8262643975248,-0.590958558174957,-0.0680015888694029,-0.996944148610236,-0.383135987726088,-0.297612020366002,1.42477098567751
1449,16850,"s14","m3",-0.787370397889667,-0.481848729883852,-0.113712590229705,-0.894631377319099,-0.38663701615838,-0.274630836742134,1.00251032311919
1450,16868,"s14","m3",-0.729682367561231,-0.455133339235069,-0.232840521638228,-0.943010013655708,-0.896796791342923,-0.299618843943004,1.17797226202666
1451,16902,"s14","m3",-0.844351282900077,-0.442150535152114,-0.184385619117048,-0.918641972603926,-0.628075730084991,-0.318140671719093,1.2231559291172
1452,16905,"s14","m3",-0.825437046224569,-0.396302876826786,-0.2163307210386,-0.920837306744929,-1.23758713207819,-0.186093639405078,0.786871373402479
1453,16909,"s14","m3",-0.8303243223801,-0.523756419071824,-0.287002754338845,-0.91446738518513,-0.89836615832532,-0.338482124820904,1.06416102151575
1454,16918,"s14","m3",-0.81298549859453,-0.497912922667557,-0.280615397800301,-0.922094787942814,-0.669283938347457,-0.279748283059477,0.912717764527025
1455,16952,"s14","m3",-0.892558494386095,-0.513758980099316,-0.207084128569252,-1.03737667516859,-0.684759347127184,-0.448358924685708,0.699656915010273
1456,16958,"s14","m3",-0.765654428053303,-0.541950384723519,-0.167693076767593,-0.926458301583589,-0.605899664320179,-0.514155949150693,1.12304413908232
1457,16969,"s14","m3",-0.879971462126272,-0.485615688392046,-0.220825874119989,-0.949040729777975,-1.43477674338072,-0.434910018050061,0.966223380887116
1458,16974,"s14","m3",-0.797547647485408,-0.477331054765112,-0.133295548868229,-0.991624787649314,-0.6255168236926,-0.444476902479823,1.02331218108521
1459,16982,"s14","m3",-0.78713189550858,-0.373212972889819,-0.191785575049761,-0.861498126160772,-0.512008581081704,-0.13128710957049,0.21697704051413
1460,16998,"s14","m3",-0.780983606478073,-0.453193649834776,-0.0772565806054304,-0.965549930235368,-0.545522531759768,-0.171634783628944,1.18878760849694
1461,17028,"s14","m3",-0.723507502031635,-0.513477103439015,-0.149786662960987,-0.953166093100934,-0.705884944018193,-0.383339900608036,0.968232352386515
1462,17029,"s14","m3",-0.753002684992134,-0.535188903966371,-0.251992522785017,-0.94787687742872,-0.862867905687332,-0.473642640735067,1.16964203414235
1463,17032,"s14","m3",-0.848108623825622,-0.482331783983879,-0.136450263739953,-0.858555067287761,-0.465375799044063,-0.282243528295274,1.0860877454347
1464,17038,"s14","m3",-0.746951666812006,-0.478767179569439,-0.239891256572819,-0.951404405671239,-0.717075551296495,-0.328353148154921,1.35960748296718
1465,17066,"s14","m3",-0.796685226612512,-0.475611058025599,-0.223368957522663,-0.885805732025935,-0.73979843565715,-0.417059155847497,0.445295355159192
1466,17070,"s14","m3",-0.812477295958849,-0.538799084485006,-0.0996825033628157,-0.882137850676398,-0.510305815215352,-0.346717190378905,1.40464621302683
1467,17081,"s14","m3",-0.835201286222484,-0.5982384520688,-0.0817344972050384,-0.96227282450919,-0.856569820942743,-0.368212487073612,1.42514257687372
1468,17082,"s14","m3",-0.751381683330501,-0.482850446768137,-0.200601378054536,-0.980550842962619,-0.355426428481852,-0.511481658234211,0.466276822796403
1469,17096,"s14","m3",-0.783789204775648,-0.517406317175045,-0.154838691346974,-0.946477380854986,-0.573333962936806,-0.371318178993496,0.794025721431238
1470,17099,"s14","m3",-0.71759197053315,-0.478866510176134,-0.255720572495788,-0.961253794906282,-0.486457407969201,-0.128124871573509,1.19351536943934
1471,17110,"s14","m3",-0.816632513087062,-0.471421920206477,-0.151746426409407,-0.914140221713257,-0.772266980756115,-0.279785241923905,0.54966082253523
1472,17116,"s14","m3",-0.798968838569065,-0.535570893493381,-0.180236083364652,-0.929480769505564,-0.648354824001236,-0.33203343928989,0.859836644595666
1473,17119,"s14","m3",-0.900401774436953,-0.509188555946185,-0.255597582171023,-0.956963894750593,-1.29627972136493,-0.633637080944623,1.1164676038665
1474,17145,"s14","m3",-0.782317685607265,-0.528017520543453,-0.121891075948792,-0.863072021910543,-0.385078881869437,-0.289398300906953,1.07569519823821
1475,17160,"s14","m3",-0.714657075721044,-0.516558296164946,-0.169359116608029,-0.91576243586356,-0.682575858879324,-0.457175710707656,0.772406653095707
1476,17172,"s14","m3",-0.721258240024553,-0.457682014379295,-0.130508134145159,-0.911450315221004,-0.572530005385619,-0.215318984837557,1.22826827918356
1477,17174,"s14","m3",-0.795273839028684,-0.527885139133908,-0.228004020219733,-0.966187652120133,-0.975959165466894,-0.406583253495251,1.16774144231385
1478,17177,"s14","m3",-0.858729838166235,-0.523257403786635,-0.144418436388549,-0.932665245602062,-0.634939064812726,-0.391029951421169,1.24010910513467
1479,17182,"s14","m3",-0.772054737653597,-0.545560018407494,-0.173730227920422,-0.991081189433449,-1.13263558065064,-0.472219932720624,1.35451846669748
1480,17183,"s14","m3",-0.76175512688752,-0.479553848885971,-0.267345164814152,-0.932984738633525,-0.74267164576389,-0.21794804107412,1.44477021627417
1481,17198,"s14","m3",-0.900529492648804,-0.461605661679039,-0.185994941354568,-1.02582556300093,-1.12842479255589,-0.353945171585249,1.72967265550034
1482,17218,"s14","m3",-0.836643198672581,-0.53002257213993,-0.220927849021366,-1.02816872792748,-0.82575657471111,-0.602734754417032,1.14784269509862
1483,17220,"s14","m3",-0.879025224010878,-0.545072143441134,-0.230037543049718,-0.935258969782869,-0.601845745255468,-0.515534001137829,1.25845965264542
1484,17224,"s14","m3",-0.815019789078655,-0.443550034169589,-0.244982414011684,-0.931325054464067,-0.943164283937754,-0.261384751129696,1.43635324580715
1485,17237,"s14","m3",-0.724020571333514,-0.430134401100169,-0.0852753484422336,-0.923650663000262,-0.757526637313985,-0.528997584801796,1.00386821855463
1486,17241,"s14","m3",-0.880808455670729,-0.520049888459472,-0.149407826512845,-0.864996613092311,-0.805420185778056,-0.274079651036456,1.04684974950571
1487,17297,"s14","m3",-0.786159593774629,-0.46100838147688,-0.163633178530174,-0.97006330819512,-0.65889301305092,-0.243510372427582,1.36934186807982
1488,17314,"s14","m3",-0.795892068783056,-0.47425084985513,-0.140062383782161,-0.936479923775313,-0.415021697414999,-0.190427691100993,1.01912558558456
1489,17315,"s14","m3",-0.882029035941992,-0.534799226725219,-0.212715439402643,-0.944644177849585,-0.932331701598773,-0.587703105497455,1.92451812247201
1490,17337,"s14","m3",-0.761144109986173,-0.427362450214251,-0.138600495259453,-0.92144391086501,-0.658325323664474,-0.31240935369229,0.684239477947637
1491,17339,"s14","m3",-0.815114567026167,-0.438454562305942,-0.289839382655773,-0.943563865623466,-0.853886945330548,-0.390336826665409,1.1386965694099
1492,17367,"s14","m3",-0.860195210903,-0.565630518774086,-0.112409190994999,-0.97162439907599,-0.655033317584544,-0.523129803738634,0.835618666429353
1493,17382,"s14","m3",-0.755796593709026,-0.509525441750385,-0.24043325881974,-0.90368847296711,-0.756791813182525,-0.40294463250393,1.39903261387899
1494,17383,"s14","m3",-0.766845653335201,-0.397370636713973,-0.129530884566977,-0.800658602996955,-0.353466303802911,-0.261773529820978,0.470680225065856
1495,17389,"s14","m3",-0.759740084627741,-0.358032336593265,-0.0950597776234268,-0.899035922765293,-0.603529097193087,-0.484261046942351,1.02116262331357
1496,17396,"s14","m3",-0.785729008128446,-0.456561764804299,-0.205302314771802,-0.89831780895262,-0.627498069825479,-0.203116064729846,1.02959130793022
1497,17412,"s14","m3",-0.868993896900865,-0.494251993657029,-0.120421811462889,-0.919421867455147,-0.587513512347708,-0.329876497978404,0.999630178646664
1498,17416,"s14","m3",-0.828846028834058,-0.536300364156936,-0.170507570197365,-1.06499703937692,-0.810174386064575,-0.65090748379357,1.46129280506427
1499,17429,"s14","m3",-0.888144081896243,-0.440665092243983,-0.187156122356047,-0.89686817783468,-0.612068255856794,-0.195228183651812,1.20943639005302
1500,17454,"s14","m3",-0.807195218276517,-0.465315535169066,-0.181785266944456,-0.876238420014179,-0.791606701311118,-0.366009258980198,0.98244641809014
1501,17461,"s14","m3",-0.82594856698807,-0.449288074411762,-0.202124013606567,-0.974899831988185,-0.61249549531786,-0.126504004469097,1.3597890100687
1502,17465,"s14","m3",-0.856711632883173,-0.48926289700496,-0.190652066378677,-0.913873806164529,-0.643248524578611,-0.512070042928297,0.869966032385534
1503,17495,"s14","m3",-0.892484125045922,-0.443899344807612,-0.215791867782956,-0.917220379618168,-1.02065255928673,-0.340241254431865,1.34034060985988
1504,17499,"s14","m3",-0.844385730363947,-0.554506393897364,-0.156963111341958,-0.947556211967826,-0.95765300912735,-0.534665228274193,1.45018941780656
1505,17501,"s14","m3",-0.839547600612339,-0.389873183076095,-0.237431953804499,-0.872023702961458,-0.832864994941337,-0.327793290166466,1.07896247072196
1506,17526,"s14","m3",-0.837241442821177,-0.54003815198727,-0.106429826212776,-0.96082184297389,-0.593168092283872,-0.74517370626754,0.739153535358203
1507,17529,"s14","m3",-0.770325616813215,-0.544561696774583,-0.190688767382683,-1.04516425846083,-0.443009975669116,-0.538190770937672,1.31703956566599
1508,17550,"s14","m3",-0.823600962468454,-0.525428640787059,-0.247060256306633,-1.01439372653091,-0.478041108102264,-0.351921898671088,1.08611362589617
1509,17561,"s14","m3",-0.701800005295175,-0.537464971407443,-0.0808770255491343,-0.905241340094617,-0.555369938917355,-0.369722026070773,1.0132579928714
1510,17576,"s14","m3",-0.869461588237866,-0.481095232014204,-0.253487723100331,-0.93744251579666,-0.876832919679352,-0.435715087170562,1.03365035063488
1511,17578,"s14","m3",-0.860021211809841,-0.445727233645185,-0.142751833010886,-0.996933587610254,-0.927176949014768,-0.472187596661234,1.44778111470246
1512,17592,"s14","m3",-0.81291909298674,-0.491270491500604,-0.195983277839871,-0.897337169403329,-0.469975836947235,-0.351869703304673,0.725906268262768
1513,17637,"s14","m3",-0.829053529198402,-0.497915754149553,-0.201053755787302,-0.862235929238779,-1.20680397585416,-0.479963336126846,1.00584979586219
1514,17648,"s14","m3",-0.776901880868214,-0.451188245242862,-0.101521240746961,-0.917515542995018,-0.470944635342792,-0.291748028405918,1.13730131714591
1515,17654,"s14","m3",-0.815805645829344,-0.478380493955184,-0.162610951454014,-0.911612537622614,-0.740221952299681,-0.152345447189718,1.21839891390459
1516,17660,"s14","m3",-0.669577793753336,-0.35649532572004,-0.150670015053148,-0.932623377670445,-0.717421378239485,-0.151074234181695,0.333066955172964
1517,17666,"s14","m3",-0.918712290052786,-0.512337713399219,-0.132908803742587,-0.980651335618294,-0.840026809814058,-0.39996994674672,1.31618359393403
1518,17671,"s14","m3",-0.820946201689895,-0.515587182033091,-0.230506459538631,-0.898326957181901,-0.856702183665356,-0.351010247866451,0.945067433330456
1519,17675,"s14","m3",-0.735807621769643,-0.439805239526069,-0.207227874926256,-0.897738813645099,-0.658456753834018,-0.384015805590985,0.84980379842789
1520,17676,"s14","m3",-0.800400173982854,-0.398564390486761,-0.203467956108938,-0.931842176710884,-0.464152700964323,-0.251459744613826,0.829689496838266
1521,17708,"s14","m3",-0.785569483130367,-0.495660390040326,-0.193931107763643,-0.974021438883694,-0.441919107039636,-0.390631487157164,0.857518581676345
1522,17732,"s14","m3",-0.784420853628702,-0.546663879032591,-0.117722053035073,-0.921121384500205,-0.507279986758855,-0.396415408464446,0.943878812673704
1523,17754,"s14","m3",-0.865021776990777,-0.516241421150596,-0.14944329191381,-0.922617068719461,-0.332114591975933,-0.46606355309369,1.34957317881335
1524,17758,"s14","m3",-0.802853583873905,-0.495287996734422,-0.149916226891281,-0.891474630392524,-0.690440085767428,-0.385068354623316,0.459795384510017
1525,17767,"s14","m3",-0.795442382295996,-0.50114079489356,-0.134311908963259,-0.929108048822729,-0.562603666303955,-0.282434406935838,1.15406435194696
1526,17784,"s14","m3",-0.86256137345233,-0.489682669425105,-0.121167877246951,-1.05015625035611,-0.98289967016257,-0.384437799273622,1.28530379748459
1527,17790,"s14","m3",-0.780186827922205,-0.505580968989207,-0.181392261636714,-0.905506134737475,-0.865128218576975,-0.615543396485781,0.55508690670984
1528,17791,"s14","m3",-0.838010747384077,-0.460767122804203,-0.276607337864937,-0.94045667836644,-1.17852854798915,-0.476213469956495,1.12909935849752
1529,17804,"s14","m3",-0.867999704855562,-0.419529010434433,-0.199595760543501,-0.941693839071239,-0.585142023990954,-0.268963553589072,0.507679839301209
1530,17808,"s14","m3",-0.857313166773019,-0.577917481849787,-0.207113477346796,-0.934977976661893,-0.758540191989935,-0.486913035123441,1.0388391223767
1531,17822,"s14","m3",-0.855310657436927,-0.448046076696719,-0.175683229825961,-0.997772087035066,-0.597131334794345,-0.353894535483195,1.60589965881488
1532,17829,"s14","m3",-0.902188675127861,-0.552250105257325,-0.155888681801958,-1.05036057310201,-0.424506947586288,-0.5009340078033,1.85002967453188
1533,17860,"s14","m3",-0.826225786872485,-0.50640935757268,-0.138852672484213,-0.924563882418868,-0.794215823963129,-0.616853638790747,1.37258879614176
1534,17861,"s14","m3",-0.912282412253063,-0.54940972577289,-0.147768550815454,-0.964195189673848,-1.35224270670545,-0.206943477230101,0.867782897800038
1535,17882,"s14","m3",-0.857920003722588,-0.455018401038255,-0.209814336775668,-0.938678662789551,-0.687201084894993,-0.227155568210749,1.3474918046211
1536,17888,"s14","m3",-0.913168450773868,-0.494075277510138,-0.125374595296275,-0.80441055318294,-0.842505180383165,0.03594623477471,0.873700924343949
1537,17930,"s14","m3",-0.78673262184867,-0.50461853603753,-0.29602505358399,-0.888828100371575,-0.654929202576273,-0.229752342199443,0.724316979009395
1538,17932,"s14","m3",-0.772822486166898,-0.411279812889743,-0.187455687662249,-0.989521750775173,-0.660428782479988,-0.635623785467315,0.895381520271264
1539,17942,"s14","m3",-0.824243839828983,-0.484895367337791,-0.28257796331643,-0.935920770639524,-0.922955287322038,-0.429684965621241,1.04719945989828
1540,17946,"s14","m3",-0.815246517769623,-0.412401451325111,-0.0531324042061409,-0.867974921149594,-0.802382782439041,-0.305385779049615,0.775088638477151
1541,17958,"s14","m3",-0.782271748840362,-0.495385586726174,-0.272846577354352,-0.993680689573446,-0.614550803398462,-0.417513663973996,1.4565400789279
1542,17965,"s14","m3",-0.823361471103086,-0.489272071778238,-0.255722539352179,-1.05153732218752,-1.21856749360272,-0.450192883747415,0.993124704141558
1543,17967,"s14","m3",-0.792097971916234,-0.327121717626178,-0.192813683279935,-1.00923491397769,-0.544017808406577,-0.536451295617969,0.918356074902445
1544,17970,"s14","m3",-0.723406795738757,-0.462042415286968,-0.17518204870642,-0.810137245256454,-0.956499004990348,-0.176627129872599,0.135510635746473
1545,17972,"s14","m3",-0.735102138099034,-0.523730067800337,-0.187235021624263,-0.916789611481363,-0.609803359493548,-0.382410918678086,0.968698866377845
1546,18013,"s14","m3",-0.804848494545469,-0.471380409627509,-0.259845330093591,-0.878041535604179,-0.830544445443124,-0.559346207322417,1.11563028728769
1547,18032,"s14","m3",-0.871980794954253,-0.461371018535668,-0.138533259303183,-1.0384900037129,-0.619018686642253,-0.258404848219939,1.240728271749
1548,18052,"s14","m3",-0.85549842377165,-0.424973706484369,-0.160032065510547,-0.938261767675445,-0.754914131180474,-0.318262696159141,1.00350615961863
1549,18072,"s14","m3",-0.864171709331787,-0.553059954432732,-0.168033033619935,-0.968014005405116,-0.586813112633233,-0.459473370579261,1.1601173417877
1550,18073,"s14","m3",-0.80752427490288,-0.610901570019519,-0.0911539924306462,-0.821049298267475,-0.565292362975705,-0.545835613105783,0.794953469779775
1551,18086,"s14","m3",-0.754404345184719,-0.360321558081607,-0.178822798911815,-0.828534952603339,-0.793125856358557,-0.238147987204771,0.800348209047553
1552,18101,"s14","m3",-0.79619874032532,-0.554410228436361,-0.141882207577554,-0.953155922735754,-0.440483270182056,-0.231000793902536,0.87470363829035
1553,18111,"s14","m3",-0.854853411481763,-0.446238537385048,-0.144449194455314,-1.02821629464669,-1.06545475843494,-0.243070328890506,1.17632214104715
1554,18118,"s14","m3",-0.803893244744614,-0.484331148650831,-0.138722683291721,-0.909542830590014,-0.568502085977475,-0.128705112949927,0.974517116238198
1555,18145,"s14","m3",-0.801244408170363,-0.442469186035667,-0.122665707997945,-0.935152063741385,-0.843821443368976,-0.274023293917514,0.978979719717296
1556,18160,"s14","m3",-0.863580875649785,-0.503260237171974,-0.151652997055663,-0.956472326531374,-0.830093585912116,-0.366009773288721,1.66112343700952
1557,18171,"s14","m3",-0.842098430159918,-0.516719302696419,-0.14972937477722,-0.888474483303044,-0.395392463296476,-0.451341093887152,0.56588102996511
1558,18184,"s14","m3",-0.874339440643073,-0.605951438802527,-0.158620908874936,-0.965596890078955,-0.721269805209553,-0.466176392605561,1.14394420062029
1559,18186,"s14","m3",-0.76146605667137,-0.473864803552921,-0.0916637179991643,-0.941731515197022,-0.61185884538388,-0.320270505724526,0.72038385860164
1560,18187,"s14","m3",-0.797247933371728,-0.547735482016603,-0.169871172683359,-0.958210312908836,-0.491673878983972,-0.438564287721519,0.913984936061264
1561,18202,"s14","m3",-0.784092287337984,-0.532274945666886,-0.238334551796031,-1.03154132810397,-0.745362896391134,-0.657529776099695,1.54316329707134
1562,18204,"s14","m3",-0.802905296597993,-0.424662473000902,-0.121201916188841,-0.892660893551202,-0.844861606059146,-0.167202079379942,1.44006508222243
1563,18205,"s14","m3",-0.820600619344401,-0.564696007540948,-0.196496165025623,-0.962541884624057,-0.623032698403274,-0.612107035021225,1.26166290347626
1564,18207,"s14","m3",-0.870786846097848,-0.5053636054058,-0.157947527421488,-0.802397970242453,-0.755858138962128,-0.416375747690458,0.919441560775285
1565,18241,"s14","m3",-0.760973285591735,-0.508042916075931,-0.261061655989175,-0.975391291571311,-0.255984134313312,-0.219043692596525,1.58325401993597
1566,18255,"s14","m3",-0.885451215477183,-0.471008945590473,-0.278408689548487,-0.990246618981369,-0.965889137154867,-0.716901867398388,1.05535215621074
1567,18270,"s14","m3",-0.857226324237217,-0.540290427340825,-0.125598873942355,-0.894256604643816,-0.555211156821892,-0.340643333519704,1.34315026703536
1568,18279,"s14","m3",-0.720462053203454,-0.388271007719997,-0.194422725090335,-0.832420379795344,-0.445847382006175,-0.429017104071435,0.0755763087737485
1569,18282,"s14","m3",-0.689410370220658,-0.447865004417,-0.15715375209192,-0.733302278242768,-0.398662247784211,-0.0783630855104853,-0.067437902234359
1570,18302,"s14","m3",-0.784172796211106,-0.436867556956305,-0.237717000080208,-0.92019309422559,-0.427643636889243,-0.340044116565665,1.17826634945326
1571,18311,"s14","m3",-0.843290222384679,-0.485353681957214,-0.150029613737392,-0.927398501643462,-0.566999905462345,-0.405480673631403,1.2579499601514
1572,18322,"s14","m3",-0.849675371970079,-0.531308174528107,-0.288630572519819,-0.947818411665656,-0.71590394570339,-0.58721839278489,1.24815687489635
1573,18330,"s14","m3",-0.707093195146354,-0.478663496224015,-0.264570603963444,-0.979942087210179,-0.530566217692751,-0.50571919516565,1.19347208615845
1574,18335,"s14","m3",-0.781709878089069,-0.56887233433849,-0.121325774279895,-0.853354393680439,-0.561993312692251,-0.230147088985932,1.22355736518477
1575,18338,"s14","m3",-0.798203540540989,-0.509941301646325,-0.116601913413634,-0.962178988924038,-0.784937612956781,-0.41480458287293,0.665176166833416
1576,18346,"s14","m3",-0.923104169281895,-0.495873193787785,-0.0533161952722437,-0.967093125164493,-0.634495921904199,-0.386111333868192,0.937236741277052
1577,18349,"s14","m3",-0.7573731698585,-0.51912463349595,-0.266611667885189,-1.02525130937333,-0.670875669361385,-0.371900031851588,1.2762713216458
1578,18353,"s14","m3",-0.737513880951768,-0.524002757877068,-0.0677091617506385,-0.822071394208773,-0.891083923715299,-0.359591208390732,0.599764564557192
1579,18375,"s14","m3",-0.805715444441803,-0.510475848599763,-0.195787149957118,-0.997877695883987,-0.284925166231708,-0.52707144591796,1.2297382024313
1580,18378,"s14","m3",-0.774318895434921,-0.545916851176604,-0.15204753113709,-0.985185972882582,-0.762069377027561,-0.484089490805354,1.05868830886107
1581,18383,"s14","m3",-0.765831219110226,-0.502276817568932,-0.129952484735799,-0.92826959522659,-0.646952595881427,-0.554351173962629,0.666350989497685
1582,18399,"s14","m3",-0.751757364877365,-0.571407513402129,-0.180683870751501,-1.02300869770332,-0.494516540957907,-0.262333404466659,1.55088179786161
1583,18421,"s14","m3",-0.7677469655715,-0.550071796995971,-0.111753361164679,-0.928813392813122,-0.589228223937288,-0.309358145480748,1.05528424201457
1584,18423,"s14","m3",-0.800150207713215,-0.437464402489188,-0.0811123726749069,-0.917744683804032,-0.481992057180871,-0.211156685381617,0.951601477007498
1585,18426,"s14","m3",-0.790469091706073,-0.585105184484152,-0.166563457183679,-0.937468700401786,-0.643455683681999,-0.340972134874061,1.31562672057091
1586,18428,"s14","m3",-0.741521890070063,-0.44519333855198,-0.148495092246568,-0.921828794930084,-0.481883986890989,-0.421685062535769,0.788350809438045
1587,18432,"s14","m3",-0.773217686086625,-0.6315868310453,-0.082052043974218,-1.02262465799535,-0.50986829921346,-0.598260009249507,1.5675667011758
1588,18433,"s14","m3",-0.792031662200177,-0.623502682095298,-0.139277261716928,-0.988204994644952,-0.447348772117208,-0.320350121398839,1.31810366724948
1589,18442,"s14","m3",-0.824957314368029,-0.540212087759907,-0.179566866977503,-0.952218330366563,-0.446098404036137,-0.585817527784141,0.797790781439472
1590,18444,"s14","m3",-0.925112169615039,-0.385342443489496,-0.187471288291615,-0.953182357626632,-0.587521609892338,-0.0860005939899254,1.23910699545202
1591,18446,"s14","m3",-0.7950678206591,-0.465789407511714,-0.235810164719237,-0.999231211317692,-0.785441832276528,-0.371706628749099,1.08104393348706
1592,18479,"s14","m3",-0.783077632674057,-0.510318807393117,-0.161988143836259,-0.908462716436279,-0.479569750950581,-0.40180241811668,1.25708950337013
1593,18494,"s14","m3",-0.796513775127131,-0.553689093032006,-0.388426708028,-0.861367061431921,-0.590241292822335,-0.312011073523557,0.81773349243897
1594,18500,"s14","m3",-0.767395032905145,-0.490464769469128,-0.136781421019033,-0.870921711717565,-0.677676914255419,-0.439640950876322,0.693568986353024
1595,18512,"s14","m3",-0.710106495908824,-0.4452954156266,-0.164009410066005,-1.05663912263989,-0.63626288296811,-0.598236157957496,0.900290162181581
1596,18519,"s14","m3",-0.778411069827461,-0.469855714428729,-0.290996966329197,-0.85133906543611,-0.68496568801708,-0.255953984139131,1.05742668717342
1597,18531,"s14","m3",-0.863194666762165,-0.524762330776323,-0.280144372773309,-0.953781878705269,-0.594581294167329,-0.340964339312624,1.20080711703725
1598,18538,"s14","m3",-0.770667460743933,-0.484897229648185,-0.0532967900733642,-0.942778680567722,-0.398747060257132,-0.300556326523417,0.919977714430123
1599,18543,"s14","m3",-0.78293329348987,-0.497671120453735,-0.093071314162192,-0.984358919169633,-1.04099304044231,-0.339081848657689,1.30253196711962
1600,18569,"s14","m3",-0.784461502447844,-0.48514409943817,-0.142583609899,-0.947230887003039,-0.636259821707616,-0.527120224231146,0.766438390403925
1601,18575,"s14","m3",-0.738791767202192,-0.490713415328517,-0.0135819794537153,-0.893782030736507,-0.583512070944451,-0.546280415021181,0.599635475620911
1602,18590,"s14","m3",-0.745862666977701,-0.528777085570352,-0.207220739769962,-0.877453137243095,-0.885094546370185,-0.43296998191145,0.933948084580005
1603,18604,"s14","m3",-0.770616571779873,-0.555912867023547,-0.241089070156583,-1.04301558432931,-0.56728583834154,-0.78672452019499,1.30218018996215
1604,18625,"s14","m3",-0.801153181617181,-0.516187353741652,-0.200806641752899,-0.916414357464612,-0.734732895207995,-0.205488450231039,1.3644672509632
1605,18635,"s14","m3",-0.827576954875493,-0.420492004010709,-0.224325487990299,-0.952801929500792,-0.766833683015153,-0.443644003670437,1.14907045297316
1606,18643,"s14","m3",-0.927649531162077,-0.459997384650288,-0.240306062653049,-1.0163181604276,-0.434861095551758,-0.392657008983977,1.20492802187193
1607,18654,"s14","m3",-0.787548602571489,-0.382596193369372,-0.133741783465131,-0.7660276300921,-0.800077698416442,-0.0764679345368372,0.506358338824247
1608,18671,"s14","m3",-0.741145520592511,-0.435293288698364,-0.178217016693331,-0.869682568889365,-0.91435011775738,-0.248709024438991,0.498245274796856
1609,18689,"s14","m3",-0.884742936458601,-0.493653274672582,-0.167684022052089,-0.945398408988727,-0.643183830108664,-0.303411962106788,1.43668564011898
1610,18702,"s14","m3",-0.875927605895077,-0.46474582168792,-0.180373529179158,-0.895692558081527,-1.0716367128106,-0.169890215720367,1.32592128917123
1611,18707,"s14","m3",-0.796413970061226,-0.392423764765859,-0.192059581879627,-0.862307803508272,-0.772616811890286,-0.187613873848686,1.12133212059586
1612,18712,"s14","m3",-0.827019620413383,-0.457288711846385,-0.211065556615514,-1.01087169170975,-0.85509643384618,-0.536728991423008,1.45341866359242
1613,18714,"s14","m3",-0.756223867108997,-0.55494534175679,-0.169672624102434,-0.850148129023484,-0.732529460590882,-0.483060546404881,0.459456391617495
1614,18724,"s14","m3",-0.771142050706429,-0.482329705742936,-0.0860979221751309,-0.906364030258168,-0.652346537303946,-0.234205002966475,1.10918949020945
1615,18728,"s14","m3",-0.71387258850658,-0.442296572247836,-0.122952532021545,-0.841737565815419,-0.547717446006766,-0.053124623806502,0.738545632209574
1616,18731,"s14","m3",-0.792715533141491,-0.506251541957984,-0.135647219503248,-1.03474057485702,-0.685929057768505,-0.509235963760569,1.39429622398514
1617,18737,"s14","m3",-0.773494535093402,-0.472731956702055,-0.184593528093357,-0.900816217687328,-0.497300581277032,-0.327690617053719,0.788288691804477
1618,18745,"s14","m3",-0.747025099909836,-0.693885043742211,-0.209722798301071,-0.918689132389609,-0.808676094379892,-0.346186033767213,1.30875869969212
1619,18768,"s14","m3",-0.816823534275579,-0.522786134600288,-0.0930858033351663,-0.890436780687712,-0.546397664275056,-0.495471033583916,0.855594834723949
1620,18806,"s14","m3",-0.831181580148786,-0.504512654729382,-0.247494520202116,-0.920054256685291,-0.529054970715024,-0.11068857803749,0.967197247067792
1621,18818,"s14","m3",-0.805648268698669,-0.473120571508558,-0.244986864577256,-0.943850311449326,-0.462451131761013,-0.395809458067201,1.08634396849949
1622,18823,"s14","m3",-0.794240482005844,-0.433763740268222,-0.121321793980014,-0.894448837634265,-0.596532626734484,-0.118529867735195,0.525708084954078
1623,18833,"s14","m3",-0.82259150000902,-0.502273857639928,-0.185160828611354,-0.91360138183041,-0.97782995782412,-0.340998532799448,0.754814006599544
1624,18834,"s14","m3",-0.815579192699044,-0.459927061639726,-0.2893332674217,-0.9351112327701,-0.855634476291518,-0.502076768780109,1.16296921815771
1625,18865,"s14","m3",-0.906156665533751,-0.534531051304053,-0.211636922556384,-0.923508226317466,-0.920354738534644,-0.414828151487309,1.19541742019791
1626,18867,"s14","m3",-0.748764558680239,-0.502421421826185,-0.164318773898322,-0.884962772971577,-0.78224058505435,-0.287060490783297,0.816414603393868
1627,18882,"s14","m3",-0.776345381266619,-0.5645860298557,-0.0721993061072715,-0.952611295070939,-0.783075904797024,-0.33403368548597,1.09716991459203
1628,18888,"s14","m3",-0.863002657692107,-0.521563102551531,-0.175034911064295,-0.987509880178239,-0.63004665085794,-0.151641513113433,1.33705741891944
1629,18897,"s14","m3",-0.784174737256662,-0.501388590128461,-0.031344420818152,-0.929485887411445,-0.643097435798989,-0.454771907568297,0.957506684443
1630,18900,"s14","m3",-0.770697492803041,-0.550612123489547,-0.313489136499342,-1.0708756409074,-0.675289056142907,-0.649216219591104,1.82420967463762
1631,18914,"s14","m3",-0.80324534846238,-0.401870027777485,-0.237267592745556,-0.890557231314642,-0.579707542627084,-0.211548004055761,0.939615274367013
1632,18945,"s14","m3",-0.776163097751811,-0.497134112909096,-0.173847888810506,-0.881186349356856,-0.794187384246415,-0.277783126103146,1.30255338964856
1633,18948,"s14","m3",-0.785338308481666,-0.394271818766577,-0.183571369875783,-0.945570062365468,-0.911107682309817,-0.307663155019308,0.703532374591101
1634,18952,"s14","m3",-0.751087589407733,-0.561880378276385,-0.25013780762034,-0.887413987005309,-0.995433853676701,-0.234599935072279,0.849247175615695
1635,18958,"s14","m3",-0.799700688488989,-0.424538981525237,-0.0846102618020884,-0.89021233078354,-0.764727097724298,-0.277064771632594,0.8166724883
1636,18972,"s14","m3",-0.759681777352236,-0.590029961654185,-0.0872652590217164,-0.919699821232014,-0.373783227844746,-0.495613603364783,1.69573794007289
1637,18989,"s14","m3",-0.756979571403581,-0.522213373912754,-0.0956028143737715,-0.891768826248633,-0.23450054049026,-0.63124930667499,1.22805401558806
1638,19010,"s14","m3",-0.843287777466974,-0.482097830176307,-0.151734552159,-0.960631404152,-0.48353516665112,-0.359560524206253,1.45819641114122
1639,19035,"s14","m3",-0.915141239174009,-0.48753490221938,-0.11684138430046,-0.889012858741674,-0.819018772354185,-0.227220813407318,1.07877126036927
1640,19062,"s14","m3",-0.866470202047393,-0.49507702481689,-0.147263337398782,-0.921431173316573,-0.687661711069903,-0.339454440319832,1.13174369130646
1641,19071,"s14","m3",-0.814405938024525,-0.399156300035331,-0.212939728006288,-0.893255049503118,-0.665117750145686,-0.154134974226795,1.01088833776822
1642,19075,"s14","m3",-0.789728157788765,-0.486286996434064,-0.183958025172248,-0.850560337742338,-0.60157827040418,-0.205882446075321,0.892732085783091
1643,19083,"s14","m3",-0.727937511546684,-0.483850179531089,-0.216942688452923,-0.971600363507428,-0.806271310466147,-0.348717316930136,0.961962010238553
1644,19087,"s14","m3",-0.869517485198574,-0.534872909221412,-0.145430323233944,-0.989457009782069,-0.659261596123834,-0.513977429572122,1.39275946351872
1645,19089,"s14","m3",-0.762593766782713,-0.422799037254014,-0.274204340502343,-0.878160037894756,-0.756906255649087,-0.127540850701514,1.06593967457203
1646,19093,"s14","m3",-0.712336295736068,-0.439747723165489,-0.115457057328454,-0.907228607167343,-0.243440413539508,-0.362440136029922,0.851963661200185
1647,19101,"s14","m3",-0.798682594567262,-0.413161109624369,-0.30155542660251,-0.937507118636892,-0.614660616676371,-0.230501974198241,1.14773487158335
1648,19109,"s14","m3",-0.835032925003989,-0.496812353446035,-0.215510034712013,-0.93242392006893,-0.534621918338984,-0.543497954018316,1.2168349303604
1649,19110,"s14","m3",-0.876888336087931,-0.497306825428045,-0.14622956174116,-0.986723867686646,-0.706308663168645,-0.416388118660158,1.1724011440004
1650,19124,"s14","m3",-0.881706292574867,-0.501358203161867,-0.207022627898991,-1.00448745130148,-0.561114452582288,-0.378691872749919,1.23713149038525
1651,19134,"s14","m3",-0.883833356297162,-0.527421085627914,-0.261903887327148,-0.964626412857844,-0.92626145485517,-0.33318625820629,1.160507764942
1652,19139,"s14","m3",-0.839043352798753,-0.506645431059423,-0.0788598018777224,-0.99935424948914,-0.611365636868317,-0.286038558819305,1.51099872787203
1653,19140,"s14","m3",-0.750254314099265,-0.418496019322987,-0.131610448407202,-0.835253341980065,-0.459033258091957,-0.374557071922775,0.605795834707733
1654,19143,"s14","m3",-0.800899108599333,-0.443101337943211,-0.150812418218234,-0.870310617940635,-0.535611497749881,-0.32851302992608,0.628467679182754
1655,19145,"s14","m3",-0.780333562970686,-0.454695605425502,-0.186578581362,-0.940936318743625,-0.538596915624369,-0.287599702615792,0.860858563147501
1656,19152,"s14","m3",-0.733757833354827,-0.420053047058165,-0.141411776002825,-0.947773746335207,-0.440076835848919,-0.68351441495497,0.662535753331354
1657,19163,"s14","m3",-0.802793396364903,-0.508317542707804,-0.154796259538262,-1.0189304320736,-0.883090929977887,-0.256180244254807,1.33756354099499
1658,19173,"s14","m3",-0.822138836784761,-0.525178124070495,-0.370189659352477,-1.00626247202609,-0.565393423047568,-0.341212647702089,1.62872201526348
1659,19176,"s14","m3",-0.758030683204632,-0.533202679694687,-0.189092558882118,-0.916513162297431,-0.332936757154749,-0.0865563935119984,0.945914415014417
1660,19199,"s14","m3",-0.817258201461382,-0.512378390877405,-0.201397269404576,-0.961141039236308,-0.512437833250394,-0.482872858005344,1.32752898521282
1661,19200,"s14","m3",-0.851803531219431,-0.56959090495155,-0.21989167662011,-0.843939261605715,-0.78562837869924,-0.411067712390866,0.68705758068316
1662,19211,"s14","m3",-0.830236522694544,-0.533574006452087,-0.140916828753065,-1.01673642332853,-0.60835568962179,-0.447443021632335,1.60654017759564
1663,19229,"s14","m3",-0.777472422858013,-0.512766563564215,-0.147004353378173,-1.05025449748902,-0.608887493869505,-0.3630995195918,1.14063328456937
1664,19237,"s14","m3",-0.87777705180791,-0.336620960948562,-0.197191727668804,-0.993297112922497,-1.24268741548224,-0.336908354680271,1.0951381855326
1665,19242,"s14","m3",-0.776905773066583,-0.461332789044226,-0.28199088359767,-0.963188152851933,-0.586253226031015,-0.560751108714186,0.961417134864112
1666,19244,"s14","m3",-0.816557060280414,-0.525386798208736,-0.125877295592165,-0.873783620072081,-1.02957545910075,-0.103647324240099,1.24691372825478
1667,19250,"s14","m3",-0.824828086389136,-0.453762958181875,-0.245058920825589,-0.930463861625364,-0.864456565706152,-0.316427547350915,1.2183854239824
1668,19269,"s14","m3",-0.822440712254398,-0.493285160279013,-0.241411275760842,-0.942651329140885,-0.724765211240606,-0.452197577423299,0.860863229197133
1669,19272,"s14","m3",-0.774200926343453,-0.39977107193495,-0.123387418444288,-0.956597847173148,-0.412059161190725,-0.324282413215482,0.564510104870641
1670,19273,"s14","m3",-0.838706269185184,-0.437937850492902,-0.215479047582011,-0.948086828785281,-0.899375276470825,-0.0355471948855707,0.955422322467171
1671,19282,"s14","m3",-0.763047558144429,-0.510852925458241,-0.237213371253602,-0.7921636303889,-0.667034453337282,-0.25334012011761,0.126164994791912
1672,19284,"s14","m3",-0.767290290660338,-0.443252538388233,-0.103828350098569,-0.996188261607996,-0.491987430265842,-0.215580592390542,1.06359029702812
1673,19356,"s14","m3",-0.820085209856881,-0.378481831130094,-0.220233706825127,-0.89216529450041,-0.75471145594528,-0.539005363308026,1.6276837839386
1674,19368,"s14","m3",-0.919650145004566,-0.522134908927797,-0.1687617301853,-0.891092513369005,-0.426773583200325,-0.335039276178678,1.31453826072152
1675,19426,"s14","m3",-0.794847120333766,-0.506225313687837,-0.194281906867747,-0.904161192289084,-0.548526031896613,-0.295349127049079,0.929031388321136
1676,19442,"s14","m3",-0.824360989152243,-0.434080655961026,-0.187399308384035,-0.921739075053508,-0.568821554279111,-0.418626195857522,1.02040849443514
1677,19465,"s14","m3",-0.792215534636722,-0.673647530262819,-0.233173423191006,-0.917847584779837,-0.493350065798973,-0.461290386633819,1.43476984674433
1678,19468,"s14","m3",-0.802823848152323,-0.508864419051928,-0.148517802101261,-0.983532700916347,-0.583349473994728,-0.566569284140972,0.964142119688688
1679,19470,"s14","m3",-0.776379424714957,-0.463968849156944,-0.291646266800922,-1.04354841606409,-0.616531974028175,-0.153473782689883,1.5887157657938
1680,19473,"s14","m3",-0.915380418383604,-0.499588611330754,-0.206280934804476,-0.956915669257059,-0.732706667287822,-0.22610129185811,0.825962111685818
1681,19479,"s14","m3",-0.724924321190803,-0.535967680880313,-0.127578232171907,-0.934106602897054,-0.510259160906366,-0.305816078037982,0.907953895859401
1682,19487,"s14","m3",-0.873465850587396,-0.495135453705197,-0.189246485512697,-0.927194543673735,-0.811112497937768,-0.345603144655357,1.00182440434988
1683,19500,"s14","m3",-0.837864052820003,-0.512996593169213,-0.132871285483086,-0.917692035337913,-0.794930436174375,-0.235938097292201,1.13339300624776
1684,19511,"s14","m3",-0.792846744518345,-0.548901511598988,-0.213862500773072,-0.968909623975943,-0.654728542379992,-0.523771712760171,1.11307143989843
1685,19518,"s14","m3",-0.78091881564178,-0.368417747243692,-0.126212270994272,-0.820708845138551,-0.285772311208361,-0.224041247182999,0.3817210615392
1686,19520,"s14","m3",-0.86614944682128,-0.593267948601077,-0.213659911936741,-0.871486806273716,-0.596167725671813,-0.504442513697128,1.20328169878674
1687,19528,"s14","m3",-0.75107761606802,-0.395094500751921,-0.254440045005213,-0.948340122800681,-0.90369459601512,-0.0991303535283201,1.08801773933545
1688,19547,"s14","m3",-0.779583851961225,-0.563160790186192,-0.165213604175649,-0.942358565696236,-0.660718039903422,-0.400334226544469,1.20035831485179
1689,19550,"s14","m3",-0.734132732369536,-0.416116499706641,-0.069473746615819,-0.945423823956746,-0.524144105014956,-0.27290563634097,0.873248911321149
1690,19552,"s14","m3",-0.83755871384337,-0.514241430152838,-0.191490225272905,-0.874601085579686,-0.642200360820675,-0.382035031204611,0.946939842622695
1691,19575,"s14","m3",-0.734810736310684,-0.371732952795186,-0.129035765750695,-0.882778211212303,-0.630835061484704,-0.141295989681089,0.78872164656511
1692,19578,"s14","m3",-0.880033599244101,-0.434672546205002,-0.115387465604074,-0.921872691061023,-0.767394491945741,-0.409569534522878,0.600375214173826
1693,19598,"s14","m3",-0.870989586741257,-0.564217037414731,-0.287577113779613,-1.01641263102017,-0.875944855970499,-0.564415396992993,1.23638112965125
1694,19615,"s14","m3",-0.698796474340524,-0.367065285583004,-0.163503090625177,-0.88968230955211,-0.520513314117108,-0.123525539460427,0.45924886798514
1695,19643,"s14","m3",-0.812409961940619,-0.405211342095543,-0.205630875511963,-0.951399519582034,-0.660649854916842,-0.467422002557546,1.14324330666857
1696,19651,"s14","m3",-0.814435216348276,-0.512825482541709,-0.204361922577396,-0.975745374267325,-0.872591115038727,-0.448892858996882,1.01733208069178
1697,19660,"s14","m3",-0.86104316829161,-0.510252523679722,-0.17418208040382,-0.938978054993182,-0.692199683748902,-0.338193879065975,0.906015413140083
1698,19680,"s14","m3",-0.798985767201737,-0.566572346073006,-0.179981337329064,-0.858783385856344,-0.62582322510309,-0.242884036072336,0.671679813467392
1699,19703,"s14","m3",-0.761065617416146,-0.428729139268703,-0.186081823588034,-0.90116024378706,-0.674952577357966,-0.350038834780977,0.924928127131911
1700,19713,"s14","m3",-0.737182997687359,-0.502663351711871,-0.0163289620595221,-0.921557540276767,-0.343707194002135,0.0175978545124764,0.906042105689434
1701,19734,"s14","m3",-0.903625321902172,-0.45086027961227,-0.132083031318263,-0.951070832750206,-0.736139217471399,-0.436817527474673,1.24066027168171
1702,19744,"s14","m3",-0.749463850122845,-0.391393258333916,-0.169213820963379,-1.04627255654677,-0.454356870666131,-0.617947124697843,1.48452216435966
1703,19754,"s14","m3",-0.779367810201338,-0.500878189879964,-0.106656721259768,-0.928023847583169,-0.678775335537928,-0.147953012956342,0.772015277244414
1704,19758,"s14","m3",-0.737996729638695,-0.539689906035526,-0.129984031495849,-0.884943095894179,-0.382377685654426,-0.381656540332427,0.759470649098275
1705,19767,"s14","m3",-0.76671145850622,-0.496259701466697,-0.167160502897646,-0.955650295810923,-0.481814299641937,-0.359653378656941,0.921551861035943
1706,19773,"s14","m3",-0.827353816316438,-0.39762620310513,-0.252931739212847,-0.888347668720899,-0.526739101066232,-0.0419728407037109,1.08371364321886
1707,19792,"s14","m3",-0.924859810900912,-0.469168374455291,-0.194293750331698,-0.855549765418596,-0.885657974609524,-0.294312247764195,0.819279291824144
1708,19801,"s14","m3",-0.760082339742693,-0.455402686922263,-0.131433216790511,-0.856138009880488,-0.319672396597283,-0.0665904844563357,1.06344289063485
1709,19806,"s14","m3",-0.829953994711223,-0.480274700573496,-0.234205401542542,-0.859137462180635,-0.591930211690874,-0.126600472456136,1.14969936562489
1710,19827,"s14","m3",-0.838458640794745,-0.413349634061746,-0.136290267912641,-1.03207590303218,-0.866626271231541,-0.471571934259839,1.24209541183085
1711,19856,"s14","m3",-0.787444368558616,-0.456494503739325,-0.104991273460888,-0.893294611475373,-0.804421069540314,-0.158643215660155,0.990138310722873
1712,19877,"s14","m3",-0.768211584398096,-0.442729441656339,-0.218802982797336,-0.862175036267431,-0.608136112305861,-0.278834528407854,0.796220001225262
1713,19883,"s14","m3",-0.794446386071697,-0.388740552613581,-0.240089824852344,-0.973744555571118,-0.701521568524816,-0.341891212745566,0.900551081531083
1714,19893,"s14","m3",-0.681375979024969,-0.379980646414849,-0.0947285059643704,-0.826436263981394,-0.523495484197885,-0.317158414826372,0.370796335325372
1715,19894,"s14","m3",-0.708441700079165,-0.490311115144707,0.00176437334021775,-0.893574106387802,-0.0422581811061433,-0.11573584353628,1.0620589820302
1716,19898,"s14","m3",-0.788165370198521,-0.493428844382933,-0.202746550260901,-0.81775979369732,-0.44418436635014,-0.135784037962918,0.930685910455733
1717,19900,"s14","m3",-0.799601198503868,-0.496864929446109,-0.25211602473743,-0.960880856956838,-0.57361210645602,-0.618819659293785,1.24503398185072
1718,19909,"s14","m3",-0.812509363311401,-0.516959112325854,-0.23997187349939,-0.95793064516468,-0.778663952506863,-0.199696054542835,1.31909978609426
1719,19912,"s14","m3",-0.755301712699158,-0.579485253604706,-0.184599405672986,-1.03227422490933,-0.670302084338954,-0.688157074369613,1.9266323399727
1720,19941,"s14","m3",-0.721650720779876,-0.407361952809023,-0.211512871024399,-0.811358413620116,-0.711276620856732,-0.0801321364105923,0.355422055287808
1721,19978,"s14","m3",-0.770356862908944,-0.430656297513535,-0.277545690588267,-0.965491765027303,-0.545132958033958,-0.217782744740199,1.48580445875192
1722,19997,"s14","m3",-0.939434241756536,-0.53170578404201,-0.260478711109414,-0.944563671670271,-0.768863401581483,-0.233084711212561,1.70730834684494
1723,20007,"s14","m3",-0.785698312142038,-0.421736636992984,-0.155233346073405,-0.893601338471754,-0.775180599270734,-0.212393503365104,1.0695817992296
1724,20029,"s14","m3",-0.741884270418757,-0.463113140867047,-0.29222818010591,-0.876284080805609,-0.576959303092502,-0.226880559821289,0.694908694484073
1725,20031,"s14","m3",-0.89031204507902,-0.47779285291648,-0.326601579702371,-0.892380208564305,-0.99345475864947,-0.260996258730801,0.88943394871474
1726,20034,"s14","m3",-0.739264899189228,-0.587268084174306,-0.0956430265603849,-0.984643691120951,-0.764247657397473,-0.211251014574341,1.1198677414988
1727,20039,"s14","m3",-0.903117253148616,-0.455228216316881,-0.175393797884449,-1.01903669853349,-0.872241425794677,-0.42727717298748,1.58157092138632
1728,20058,"s14","m3",-0.724566089326009,-0.716530480781584,-0.310939182511117,-0.92803343533449,-0.548585718657047,-0.695008101920406,1.36932772139053
1729,20070,"s14","m3",-0.771009277862441,-0.370395478222004,-0.0620749030298196,-0.961291535204048,-0.498712073508951,-0.245814412382928,1.11251347993491
1730,20080,"s14","m3",-0.839182044839524,-0.48913547393771,-0.0898751905735002,-0.885525370340039,-0.341785214659426,-0.439671474963491,1.35500797204389
1731,20102,"s14","m3",-0.714692623192896,-0.418450218315662,-0.111506279479209,-0.848660003033558,-0.448209593305251,-0.359438672142449,0.957067926476244
1732,20107,"s14","m3",-0.824554904478508,-0.417112844809557,-0.0644819559883875,-1.02289861020551,-0.559932117288458,-0.235660384644436,0.878581541771349
1733,20111,"s14","m3",-0.803227745021893,-0.519013137547558,-0.190581571182312,-0.981099779457877,-0.69637584091943,-0.559165359471989,1.45806737659988
1734,20122,"s14","m3",-0.778054112839701,-0.525807169225372,-0.247280042223499,-0.965706526175129,-0.684242762785461,-0.370293501745811,1.07598376333339
1735,20143,"s14","m3",-0.833103113376493,-0.47310791767322,-0.0287582686567351,-0.897633563382108,-0.543705166067058,-0.284145338473117,0.990822045689722
1736,20150,"s14","m3",-0.839122958229433,-0.579401449481438,-0.172891126123131,-0.972108789934418,-1.44121658795828,-0.335365906386262,1.77434192104706
1737,20153,"s14","m3",-0.765384119872507,-0.425591576774982,-0.117223201249555,-1.04137371381169,-0.599478565504894,-0.327986867379953,1.24892748557825
1738,20161,"s14","m3",-0.719157966200081,-0.476712271049045,-0.092310912760926,-0.91227237272587,-0.337983033240515,-0.367523689305761,0.722048255579418
1739,20163,"s14","m3",-0.76808298247334,-0.431430901657671,-0.186785985903822,-0.945548248140486,-0.60816417242278,-0.386110403483204,1.04987012545545
1740,20175,"s14","m3",-0.782179733514492,-0.584693264673521,-0.332576802978579,-0.890280994447596,-0.878214968626541,-0.568397321496149,0.834285751973836
1741,20211,"s14","m3",-0.845449337913052,-0.537027525310598,-0.176248823156669,-1.0568748006551,-0.292076256905577,-0.519034357831868,1.32417257152458
1742,20227,"s14","m3",-0.852546829321959,-0.462185085639123,-0.214726944756287,-0.875898068788973,-0.614693664627666,-0.0692574640733656,0.98045703646325
1743,20230,"s14","m3",-0.795073894959569,-0.549994805146286,-0.183765083775876,-0.914728589517903,-0.621160704435232,-0.517911628547927,1.179681410753
1744,20240,"s14","m3",-0.819311508712718,-0.515105442646847,-0.14952114951587,-1.06803843546151,-0.416894492701542,-0.629511480995397,1.77866181257228
1745,20280,"s14","m3",-0.70576152067709,-0.463209183579425,-0.048198797230269,-0.852264402844323,-0.578740303342842,-0.559402176361701,0.557487373688901
1746,20292,"s14","m3",-0.823913942475962,-0.486500221472604,-0.287870610202006,-0.912024115637765,-1.1678828176211,-0.388697898516328,0.88507961441143
1747,20301,"s14","m3",-0.720224737273355,-0.46398396542959,-0.150760439479342,-1.03186837046171,-0.391679974592896,-0.50646088088495,1.0094109503448
1748,20310,"s14","m3",-0.843058043235822,-0.433035701193308,-0.204419569329083,-0.897037120292457,-0.757716358223848,-0.198428685245323,1.23384954841485
1749,20311,"s14","m3",-0.846458833598613,-0.42457475327489,-0.199971260785349,-1.05166262319102,-1.06112360766846,-0.247176946775902,1.0051758626248
1750,20322,"s14","m3",-0.787174062555832,-0.584193292007472,-0.146617593539622,-0.911880895718835,-0.601289380827593,-0.585709785647634,1.62724303521749
1751,20347,"s14","m3",-0.738902404309565,-0.436184527838508,-0.169050581943882,-0.880878770207339,-0.662377771737785,-0.39267067285825,0.285722025085802
1752,20356,"s14","m3",-0.770368529043185,-0.502703884987669,-0.180601772232363,-0.927498188591831,-0.788563774400479,-0.5075468208224,0.68300760903351
1753,20363,"s14","m3",-0.776501666213028,-0.480964474191052,-0.209579405009813,-0.946498856097679,-0.870804094495266,-0.591933592005469,0.90113441001799
1754,20366,"s14","m3",-0.718459655101968,-0.540280300698303,-0.0887688309957489,-0.821397518335712,-0.374720484706455,-0.365090322267108,0.948870388974028
1755,20377,"s14","m3",-0.690579138730383,-0.555980778348724,-0.224794727111111,-0.967896902581224,-0.788242780798491,-0.413024518069199,0.717206274058746
1756,20396,"s14","m3",-0.773134157535574,-0.409647455337873,-0.238284655384015,-0.824455389037816,-0.692536428125636,0.0195269384723958,0.418659445217062
1757,20397,"s14","m3",-0.954877843122229,-0.461742529096207,-0.282075058621436,-0.970059765718414,-0.969592247626362,-0.116244759204329,1.44288049263829
1758,20406,"s14","m3",-0.810661258090274,-0.534322417642641,-0.167032094039997,-0.899952977784808,-0.697713089104048,-0.433086422761042,1.30984035183466
1759,20436,"s14","m3",-0.804421672377084,-0.40567609509061,-0.253101029163706,-0.937547141211393,-1.10396005233978,-0.186410909379827,0.880433737814444
1760,20444,"s14","m3",-0.845048785111246,-0.564284235156775,-0.0909848419065658,-0.96650155844811,-0.661381772431427,-0.320120645742991,0.927673908537012
1761,20445,"s14","m3",-0.818018654580941,-0.447599746744115,-0.144999236859726,-0.845252060313916,-0.886535228577971,-0.157150549460822,0.475140768303302
1762,20453,"s14","m3",-0.758596562009324,-0.411416460521093,-0.202448932529615,-0.920253349904768,-0.812095581918063,-0.377042095824608,0.480032798002289
1763,20456,"s14","m3",-0.816089430683346,-0.548116991289305,-0.218765595813295,-0.950452870895942,-0.7744365110614,-0.242475644116491,1.33525829026499
1764,20464,"s14","m3",-0.736363150855155,-0.4663775343406,-0.186261116092464,-0.914412047527714,-0.469619309019615,-0.496704875311314,1.29706512844608
1765,20465,"s14","m3",-0.861156416940586,-0.425836911650836,-0.127192133871108,-0.947688503795821,-0.728098883504749,-0.288961216571629,0.850182016262969
1766,20499,"s14","m3",-0.826038525162504,-0.533005835004699,-0.0976066641728739,-0.957236135108967,-0.803709669870613,-0.489031609496146,1.21503666990556
1767,20503,"s14","m3",-0.854681305640933,-0.517789412720856,-0.183683590744153,-0.99511433213746,-0.756684002868499,-0.34719710475532,1.39678379968394
1768,20509,"s14","m3",-0.873694630439216,-0.512940269514037,-0.308143048704517,-0.906515820920662,-1.04150120192983,-0.269287678987332,1.48510812078399
1769,20511,"s14","m3",-0.749441496431925,-0.565186461959866,-0.128185605252256,-0.928040828197331,-0.651730631581263,-0.344607346066926,0.997631446932594
1770,20534,"s14","m3",-0.713454939805717,-0.477506563522283,-0.0816625217839398,-1.01557608668023,-0.156199160572934,-0.204315528641053,1.1747003001205
1771,20569,"s14","m3",-0.826583845175464,-0.552010571512688,-0.120416036444767,-0.957640369729064,-0.371350522589313,-0.183053620335205,0.993034257984845
1772,20587,"s14","m3",-0.914203942916707,-0.525094197138311,-0.235933525689054,-0.99998177715255,-0.921895361115775,-0.313297188588275,1.46927049293296
1773,20590,"s14","m3",-0.738348505691771,-0.49624581451297,-0.0896169092355215,-0.946622258937049,-0.5661567792858,-0.310335287828037,1.1902322810398
1774,20604,"s14","m3",-0.78583347003778,-0.512255811222727,-0.15967179280024,-0.955705156559757,-0.634449066412793,-0.273250577502866,1.03026351525588
1775,20609,"s14","m3",-0.830358431172655,-0.370649364626421,-0.230162630730037,-0.993958785440215,-0.852087022078129,-0.313779558259515,1.6189258940052
1776,20615,"s14","m3",-0.772747827972584,-0.658419670069625,-0.0465908397349566,-0.969727987261827,-0.751605387811946,-0.33088349807341,1.29260629237008
1777,20624,"s14","m3",-0.81135009385459,-0.656304579292524,-0.29420105083713,-1.03696677861788,-0.580479849413298,-0.529273914403726,1.45258364551049
1778,20630,"s14","m3",-0.85656008187837,-0.562023739178876,-0.255551193289207,-1.0296981721089,-0.76273041400582,-0.150957587807331,1.56070025137336
1779,20631,"s14","m3",-0.798240111811017,-0.482247292842088,-0.21815775906841,-0.913740819073313,-0.630878554080917,-0.348217488707025,0.589288567313042
1780,20633,"s14","m3",-0.80543404633542,-0.525332438415056,-0.195046282006891,-0.932450363798691,-0.412960659867533,-0.36754980755944,1.45896414099377
1781,20643,"s14","m3",-0.836667693266786,-0.501355242716771,-0.124281389997389,-0.883251408063785,-0.644118893646866,-0.282362067561203,0.91200319480595
1782,20701,"s14","m3",-0.705815505395858,-0.433811753626574,-0.203634569619041,-0.941410803399454,-0.836638650818741,-0.201139963818056,1.00815478323813
1783,20708,"s14","m3",-0.767846939143,-0.506291970885856,-0.190633407845625,-0.933545755729387,-0.467250630898862,-0.538299985018138,0.904379849998904
1784,20718,"s14","m3",-0.81374721318419,-0.594941856137719,-0.206042083858611,-0.936454439623135,-1.13132974274998,-0.579103646409288,0.854243904486316
1785,20728,"s14","m3",-0.743466965699712,-0.484792618933556,0.0394091142355762,-0.860058815094683,-0.386849813702689,-0.585384640710229,1.03374565485624
1786,20734,"s14","m3",-0.821799459265789,-0.62931604941731,-0.180252693441187,-1.04800589156911,-0.64762600923198,-0.694371040222135,1.51353680046961
1787,20740,"s14","m3",-0.763599838278441,-0.461979114849934,-0.228440451712869,-0.983254325309258,-0.582481937624252,-0.434020596438768,1.37184327342243
1788,20746,"s14","m3",-0.79035890312813,-0.473320268317886,-0.141720538590256,-0.867093393403227,-0.678238902200799,-0.269778724285218,0.873571554721549
1789,20754,"s14","m3",-0.681415169402425,-0.448371930335094,-0.188569647660564,-0.876043089434322,-0.825237046800466,-0.493673587411025,1.033749442054
1790,20770,"s14","m3",-0.80534763971948,-0.656675698989636,-0.30475856151554,-0.999878923505816,-0.819533171137433,-0.744104548090513,1.60469117266821
1791,20771,"s14","m3",-0.838880672827406,-0.554460820076456,-0.211426824350521,-0.957534399266453,-1.35152456642362,-0.634830346295661,1.10214187491184
1792,20809,"s14","m3",-0.836709222864854,-0.490475175078285,-0.244378888421789,-0.985970690009152,-0.726355292782897,-0.546822273941852,1.03466460472544
1793,20811,"s14","m3",-0.773762629617129,-0.538580786106741,-0.275504443901614,-0.970933210072276,-0.596933926317304,-0.573048809547555,1.66186083368802
1794,20817,"s14","m3",-0.746862842366281,-0.514321620264951,-0.179736748007635,-0.946400065968153,-0.750278236575045,-0.585424927207794,0.786249613783613
1795,20819,"s14","m3",-0.791117468927254,-0.429050098287996,-0.151531780976263,-0.895190968617462,-0.749427692676004,-0.0561434689962571,0.789404758896058
1796,20828,"s14","m3",-0.818028532078236,-0.637017734901058,-0.227720806916521,-1.02990841428564,-0.645279136673886,-0.392181922087768,1.51704154351857
1797,20834,"s14","m3",-0.745818442169728,-0.486296073808908,-0.191725619582527,-0.960082546655727,-0.474720354149967,-0.398845178624697,0.881672033214833
1798,20870,"s14","m3",-0.794319003327763,-0.480772626024418,-0.142435720877495,-0.903503058379775,-0.645353251137524,-0.388940575082148,1.1021645241564
1799,20886,"s14","m3",-0.787460475606337,-0.481677507800393,-0.177317402207675,-0.886898701676671,-0.779603635785379,-0.24980321706818,0.395239158360287
1800,20889,"s14","m3",-0.797969080183766,-0.545230162227275,-0.226594944322563,-1.01806305829545,-0.57685759985862,-0.309837663042855,0.942863917171273
1801,20926,"s14","m3",-0.837625766761353,-0.448510757346546,-0.14712056574395,-0.868058943417945,-0.413627175131958,-0.199919651815561,0.931485608844184
1802,20937,"s14","m3",-0.858839732013184,-0.555215452328267,-0.213781187358765,-0.957503121793402,-0.871092401056049,-0.373273439781745,1.34118955389005
1803,20941,"s14","m3",-0.886121306818677,-0.390652991684332,-0.15048079943918,-0.910637273679207,-0.896785810240511,-0.266459475177346,0.895601341797611
1804,20947,"s14","m3",-0.764170487888273,-0.494714316283214,-0.1963216584309,-0.855455457130445,-0.44180019318604,-0.238279012423402,0.898839490188051
1805,20964,"s14","m3",-0.897630181419957,-0.440370238342538,-0.247316067838765,-0.917532922604487,-1.28245967313987,-0.240320745257258,1.379847537244
1806,20970,"s14","m3",-0.772381056278414,-0.550037486720184,-0.0849432340581315,-0.88988337284845,-0.748869641580962,-0.654399689778303,0.660991205882135
1807,21018,"s14","m3",-0.681132404289192,-0.428544096195904,-0.200153521349622,-0.846432739167702,-0.568038202742589,-0.285015941600719,0.492372006844339
1808,21021,"s14","m3",-0.740196772505407,-0.595541745584251,-0.141189244884648,-0.882053036849591,-0.72873841270446,-0.47038566262247,1.24176325228536
1809,21038,"s14","m3",-0.688478260971605,-0.398853784010978,-0.0457895452098992,-0.91332791782891,-0.276244755624298,-0.353888775125404,1.04012471310068
1810,21050,"s14","m3",-0.790673554357689,-0.53311955312547,-0.235736468456628,-0.984142464556518,-0.624951776113774,-0.177192199020553,1.23772483736233
1811,21052,"s14","m3",-0.874309306091398,-0.490436688221046,-0.0529969794056313,-0.863575731924617,-0.646427496381343,-0.345550938098203,1.1058929285141
1812,21057,"s14","m3",-0.792168506237617,-0.555515419310443,-0.250761651957795,-0.992832292148115,-0.699327453954523,-0.256307950918737,1.4832514383333
1813,21083,"s14","m3",-0.782388548609119,-0.493448043368098,-0.161863414369028,-0.929902381194935,-0.671487079988551,-0.199449926694593,0.865666027896035
1814,21090,"s14","m3",-0.775951296404652,-0.536980209229768,-0.0937526596401443,-0.990867994167143,-0.420547256744473,-0.655784526410491,1.1840851959015
1815,21091,"s14","m3",-0.801039686557474,-0.579562043105959,-0.289154811715208,-1.01015447172212,-0.998546173107661,-0.606694548910359,1.02518328449385
1816,21097,"s14","m3",-0.783083417119588,-0.532332874714108,-0.227983215219207,-0.854529447713564,-0.500192179757823,-0.139018970298327,0.596793115578422
1817,21105,"s14","m3",-0.81235709558541,-0.466736637385926,-0.0634757332172461,-1.02909413898141,-0.509028648250316,-0.182410205109174,1.48129501650571
1818,21143,"s14","m3",-0.824554580379435,-0.532769700655318,-0.135587815552803,-0.945605900579717,-0.538598908824481,-0.301843399827732,1.05191148143509
1819,21161,"s14","m3",-0.832824435041369,-0.476315991323013,-0.108810004521018,-0.878954139300872,-0.786528508979793,-0.262854942556324,0.828365725786438
1820,21178,"s14","m3",-0.680944965557537,-0.345332001929995,-0.0915129988397712,-0.848532780110227,-0.444910559429287,-0.0788175758923653,0.688083723114511
1821,21182,"s14","m3",-0.770881891033316,-0.487222838321257,-0.112237725055514,-0.980007193043367,-0.392240946964133,-0.308584742239178,0.920716482549978
1822,21185,"s14","m3",-0.77324968595796,-0.578593228621496,-0.196701755937887,-0.913422665922837,-0.63691419078637,-0.535708673214589,0.743223991055199
1823,21217,"s14","m3",-0.826464560056153,-0.482727158158399,-0.259675664852071,-0.859664565142355,-0.876418526574947,0.0240849059232565,1.33245054870171
1824,21222,"s14","m3",-0.789928044301778,-0.51408455729492,-0.226662509801634,-0.948475702973961,-0.621052205869515,-0.534228923052639,1.28734371861773
1825,21233,"s14","m3",-0.796409467679398,-0.464779603014471,-0.149603319934745,-0.94664944700634,-0.689245742820396,-0.362115904251858,1.10985434947103
1826,21246,"s14","m3",-0.791804110327999,-0.463030504224113,-0.202946197887982,-0.934082556182482,-0.391012417040605,-0.319634051282961,1.28835165658807
1827,21267,"s14","m3",-0.82755098422718,-0.540461818207457,-0.146315531429893,-0.907084898537971,-0.603376994999212,-0.512045462747307,1.36100497863037
1828,21269,"s14","m3",-0.86562138257561,-0.51128394739128,-0.117811090236427,-1.06899939357461,-0.868620019479493,-0.640689362116678,1.24500296797722
1829,21284,"s14","m3",-0.955279725516125,-0.573667657184117,-0.238240068230899,-1.05792759404834,-1.1257533843628,-0.489185745109937,1.4442124889987
1830,21286,"s14","m3",-0.827965065126283,-0.517710080952581,-0.113422336895484,-0.931275569016062,-0.620043276823274,-0.718517447959746,1.19305571533854
1831,21288,"s14","m3",-0.786530211535961,-0.359211055042872,-0.238606644232306,-0.899032947795737,-0.807684031893544,-0.346339821741744,0.750653675655233
1832,21293,"s14","m3",-0.757406528023886,-0.444439722188137,-0.175259148970519,-0.938161764181496,-0.496695483306693,-0.102547747208203,1.00211496403354
1833,21311,"s14","m3",-0.7365267998143,-0.439358820924755,-0.179426399159393,-0.950604557129315,-0.453873009771333,-0.406897022675267,0.756765468181539
1834,21312,"s14","m3",-0.735878118497489,-0.375516639820661,-0.0791425087172912,-0.874064343573644,-0.49264674767914,-0.207161090679729,1.00384317944471
1835,21315,"s14","m3",-0.840106270006422,-0.433613485211848,-0.128762646690921,-0.892267936519284,-0.491567205263447,-0.332962264754694,1.63614272953392
1836,21321,"s14","m3",-0.838288437278943,-0.529955574519647,-0.0767345232869262,-1.02108134061945,-0.581868700140023,-0.541542703857104,1.44294911684787
1837,21347,"s14","m3",-0.790744633111618,-0.484887740457642,-0.108100702583567,-0.982194204081713,-0.574827388121176,-0.485033893233743,1.63016596518495
1838,21350,"s14","m3",-0.779387992598694,-0.477314924255297,-0.0602715318195714,-0.941613511781992,-0.562054230123248,-0.219050547413627,1.21749674795728
1839,21351,"s14","m3",-0.789731676302718,-0.616558205108343,-0.230904103887343,-1.02904580566238,-0.667594949061843,-0.404731316690035,1.41727700179921
1840,21360,"s14","m3",-0.861364688869504,-0.500344731051553,-0.18754386862366,-0.918457792673012,-0.600442895199656,-0.437893535145432,1.14979096105269
1841,21361,"s14","m3",-0.844256457299518,-0.472310791703986,-0.182813375809221,-0.97194235523692,-0.829008324943746,-0.362108161969725,1.26658178644335
1842,21376,"s14","m3",-0.748046152608503,-0.473988629608267,-0.124966729111916,-0.943150953504147,-0.47197183112436,-0.457071016791016,0.884072360839252
1843,21377,"s14","m3",-0.829246086503001,-0.592657922241216,-0.114160739218394,-1.01750791069286,-0.547902451640702,-0.478851141884021,1.52769117909825
1844,21382,"s14","m3",-0.906544892401064,-0.437960418898572,-0.13494542522208,-0.857256996595164,-0.998987887179397,-0.341136514448092,0.802311063052091
1845,21404,"s14","m3",-0.800609610840166,-0.453817390284753,-0.213586864270985,-0.988201269041457,-0.64126258187684,-0.42767509166629,1.36612662483718
1846,21410,"s14","m3",-0.740079383265247,-0.440948704713284,-0.168688249018846,-0.830684350866971,-0.440111364925192,-0.189300945826441,1.14428984478394
1847,21413,"s14","m3",-0.737886048961424,-0.47407065097117,-0.253710573473387,-0.824531968655038,-0.627700352662179,-0.24159809548982,0.488023276267141
1848,21419,"s14","m3",-0.817134703692534,-0.451863779407256,-0.238717076011882,-0.995115092047878,-0.568501261574288,-0.262495060082977,1.43841335654587
1849,21443,"s14","m3",-0.864348518931726,-0.636903370957747,-0.248473210880197,-0.986006966986869,-0.827653385864815,-0.275192048003218,1.62082348179732
1850,21457,"s14","m3",-0.70312067122722,-0.431037310586371,-0.106814473487506,-0.850538648716018,-0.340843420479769,-0.173562109039088,0.741474486809349
1851,21467,"s14","m3",-0.71355420140421,-0.488044867699481,-0.100798696414508,-0.918074632580842,-0.664779373504741,-0.0978532902974601,0.859327570734488
1852,21509,"s14","m3",-0.737687149541153,-0.402248971783436,-0.0923259061547129,-0.904322845040423,-0.52168066371368,-0.0762769137083769,0.824371876908215
1853,21519,"s14","m3",-0.836629704802389,-0.498211093929717,-0.126938626558128,-0.967153496869209,-0.540322943837027,-0.42384000412967,1.40661191001552
1854,21541,"s14","m3",-0.800661110794052,-0.482351706364545,-0.247068991746939,-0.953057211437475,-0.83769059588383,-0.552077565067493,1.21454539153519
1855,21565,"s14","m3",-0.815833758693914,-0.490806003910925,-0.234893605862511,-0.977788038832526,-0.636582070501725,-0.708646809551222,0.829815500840325
1856,21570,"s14","m3",-0.782247604893809,-0.519147755955823,-0.334846276366308,-0.829009699811212,-0.832583239766163,-0.40370291553065,1.10712332166374
1857,21580,"s14","m3",-0.846283734306545,-0.421863645915867,-0.157382893844868,-0.851255260927947,-0.875917899005024,-0.597244885618958,0.48627392577886
1858,21582,"s14","m3",-0.806526954033853,-0.337684873816512,-0.212961917365031,-0.924649229723664,-0.905166077089252,-0.200866462630263,0.558674415364997
1859,21585,"s14","m3",-0.809278522162977,-0.466917880957289,-0.104718811417522,-0.977709879871234,-0.765816612766301,-0.527284254416411,1.11507411041254
1860,21606,"s14","m3",-0.755884834556458,-0.507038001475482,-0.182776059890841,-0.865865382139503,-0.637538979288752,-0.3906304368944,1.0032811372776
1861,21615,"s14","m3",-0.796150848769652,-0.420977108536927,-0.192055253998392,-0.814462057248245,-0.627762306376895,-0.373143813923659,0.870330885149383
1862,21625,"s14","m3",-0.919180951042855,-0.424670799907942,-0.291101997163707,-0.962568645380488,-1.01105672445901,-0.351060684081424,1.5311098882812
1863,21632,"s14","m3",-0.746903865208022,-0.518965397003995,-0.206896849060291,-0.998346555143295,-0.699262249380778,-0.535392222335404,1.58179820162843
1864,21634,"s14","m3",-0.829786286043952,-0.515006935133047,-0.256879605513611,-0.869971621499049,-0.710739566042553,-0.397803806547416,1.17808916360962
1865,21650,"s14","m3",-0.858220163044026,-0.456683859543916,-0.176433900959987,-0.881899683817556,-0.639442505303656,-0.374030204461124,0.936963915440799
1866,21651,"s14","m3",-0.712093905785703,-0.448802741853345,-0.135430592059212,-0.958595401097185,-0.727107534628329,-0.255054187182782,1.11185918551525
1867,21674,"s14","m3",-0.823691899299414,-0.618253426890509,-0.128883579424994,-0.970091664151505,-0.95664441260643,-0.34846706938223,1.45383038805115
1868,21689,"s14","m3",-0.741324527220793,-0.356559327613539,-0.153235351842532,-0.85676816077821,-0.657649197132983,-0.0559381723365176,0.505146379264033
1869,21707,"s14","m3",-0.867790530350622,-0.475232268163166,-0.206599749882664,-0.952518110165956,-0.742600698496997,-0.261558551709026,1.24413840718058
1870,21733,"s14","m3",-0.707918084766065,-0.353643284786985,-0.206000999120459,-0.907486838948488,-0.516423872533265,-0.224925375761774,0.556480144540337
1871,21741,"s14","m3",-0.741231589354186,-0.516395491096664,-0.0863674260156396,-1.02198970295492,-0.640728347817921,-0.579632340675744,1.22126267963916
1872,21750,"s14","m3",-0.724034503015164,-0.458966746696128,-0.167268822637085,-0.846172435893391,-0.396766999946073,-0.413380360329981,0.325850306293707
1873,21755,"s14","m3",-0.823529112269932,-0.450818104664323,-0.204352392213511,-1.02571673075507,-0.808050423955077,-0.476461067890318,1.46259534790237
1874,21764,"s14","m3",-0.7708548154975,-0.532962131638532,-0.181359493913957,-0.933044610632921,-0.56951083080065,-0.295306230921366,0.893771039779422
1875,21771,"s14","m3",-0.754231489105437,-0.49405294323807,-0.168318820987569,-0.944646267778108,-0.438310551448825,-0.293597834017661,0.902620032417494
1876,21779,"s14","m3",-0.735291636175931,-0.379320373380418,-0.299941992597042,-0.990093600239927,-0.591938201508556,-0.314947393249053,1.2078857219974
1877,21800,"s14","m3",-0.879437649833088,-0.425281460612842,-0.124817377569498,-1.01488649238117,-0.509397257947537,-0.30328676530372,1.40375824263396
1878,21803,"s14","m3",-0.820093289102802,-0.543958445104908,-0.239475725439695,-0.996412930624415,-0.741001595463548,-0.507317510871451,1.59740868406914
1879,21808,"s14","m3",-0.837240149233272,-0.419449211415597,-0.263658547226274,-1.01910797029752,-0.67033508379463,-0.343711666335674,0.82327404533004
1880,21829,"s14","m3",-0.815597988954281,-0.449182910383558,-0.191004874746568,-1.00108304208574,-0.935152077438353,-0.428394343261915,1.11606082760191
1881,21833,"s14","m3",-0.800734382315683,-0.534776739828535,-0.242162185797832,-1.03145831068024,-1.20717090833813,-0.559743964353709,1.0454319052737
1882,21834,"s14","m3",-0.794325796827024,-0.424627945313152,-0.258376920446104,-0.956480786141552,-0.62522980119839,-0.22977085851482,1.04021391803054
1883,21842,"s14","m3",-0.841117891477492,-0.488139898607886,-0.251187531537154,-1.06537877987171,-0.701130351597117,-0.238444150044244,2.01825798348718
1884,21846,"s14","m3",-0.832614243406422,-0.514080058492191,-0.130650035990455,-0.921119429278319,-0.624028618790374,-0.337057550401531,1.16754070476686
1885,21851,"s14","m3",-0.767121053035924,-0.458308257195688,-0.181195324241651,-0.880950758422789,-0.661688035331068,-0.29227564149793,0.95221450818166
1886,21860,"s14","m3",-0.689040193071391,-0.493131959344616,-0.163797777684195,-0.94526088895776,-0.300528760954578,-0.275417251402454,0.558578228612899
1887,21903,"s14","m3",-0.824932813672427,-0.434609308942797,-0.0732330056641931,-0.980242008574423,-0.732978193661391,-0.259440644051736,1.09869487434033
1888,21945,"s14","m3",-0.870043322858201,-0.427789823241145,-0.210865689287356,-0.883071380909555,-0.807492156477677,-0.263031716724906,1.4036691558357
1889,21954,"s14","m3",-0.812720496896784,-0.499510223598082,-0.15868883450331,-0.918796746079994,-0.516493296208014,-0.342414613719109,1.1205679373043
1890,21961,"s14","m3",-0.77112840872405,-0.490494018363372,-0.199115970902291,-0.953776072500567,-0.742807590466122,-0.457770641319354,0.901965908812844
1891,21966,"s14","m3",-0.828830169590697,-0.405636849520996,-0.341080629628613,-0.947925201634241,-0.748445601888329,-0.253091780478064,0.738664462615854
1892,21971,"s14","m3",-0.846155764739878,-0.467351672663795,-0.212346074145483,-0.913864513553673,-0.865244469676641,-0.259917202302261,1.22322247101957
1893,21973,"s14","m3",-0.773263286909781,-0.524130001762106,-0.253239365851255,-0.907066281922205,-0.712921429264165,-0.321421031218488,0.617130034471634
1894,22024,"s14","m3",-0.841911900205304,-0.461720641472246,-0.271385955608956,-1.00370715809415,-0.485215634357646,-0.198228604046269,1.14103857560827
1895,22027,"s14","m3",-0.758577364274045,-0.489007287319852,-0.171176559044177,-0.90530067515849,-0.499580543919148,-0.589987048198552,0.985951885483868
1896,22039,"s14","m3",-0.733456430885528,-0.514778094678532,-0.138672909953027,-0.952636433912562,-0.619794742152506,-0.348180078617937,1.1154566207208
1897,22043,"s14","m3",-0.730618453190128,-0.545926169492374,-0.162584851836656,-0.980051816079896,-0.616166193069317,-0.352538004094339,1.31562388244937
1898,22049,"s14","m3",-0.756386586966695,-0.542094920778003,-0.306590971096693,-0.927400648551705,-0.694232667928563,-0.323542918749017,0.771890270057287
1899,22073,"s14","m3",-0.767919031425098,-0.483044557845306,-0.0766035761802181,-0.971460475369244,-0.43830272990838,-0.360846167972111,0.859746676678508
1900,22095,"s14","m3",-0.794544592403175,-0.584539790239694,-0.159287504988088,-1.01393728229087,-0.575283709793281,-0.315842198627543,1.43090005747048
1901,22097,"s14","m3",-0.727539994476393,-0.616285069538586,-0.11737488269474,-1.01919812815341,-0.453127241168626,-0.633617508369487,1.57487641906284
1902,22109,"s14","m3",-0.757261439590391,-0.327106113790187,-0.258509514784273,-0.86132463880726,-0.84442555228461,-0.0573654743088612,0.605352473804914
1903,22121,"s14","m3",-0.814457342170619,-0.530288021171386,-0.132160114207674,-0.906070091909331,-0.698233666075121,-0.690010000557475,1.23289538896048
1904,22142,"s14","m3",-0.793159445173618,-0.513219921866102,-0.220816414497456,-0.89800624865366,-0.685833353741451,-0.24690829091142,1.18805994791217
1905,22151,"s14","m3",-0.72680640364135,-0.56897047395487,-0.0312897688973824,-0.848469268879033,-0.494855291011671,-0.160759829649847,0.322290284221678
1906,22155,"s14","m3",-0.913888316031308,-0.50257868454943,-0.123600746872647,-0.804099306348894,-0.459235431576745,-0.121088990987497,1.23689749596172
1907,22167,"s14","m3",-0.708521901305589,-0.419548386261322,-0.126899727973669,-0.887640122811451,-0.507216859601579,0.0614782931257654,0.576117822568745
1908,22173,"s14","m3",-0.852702801381062,-0.471526158685484,-0.248508665557796,-0.936427327389433,-0.814684491357965,-0.409655734976805,1.10671863695425
1909,22182,"s14","m3",-0.828707108195128,-0.550153901192754,-0.116484373833133,-0.86826178603905,-0.606490030980214,-0.443526912721517,1.20728886885252
1910,22186,"s14","m3",-0.758147567093035,-0.521754185210987,-0.259719513788197,-0.924976857750572,-0.548905769090726,-0.204093304933498,1.44520932590415
1911,22202,"s14","m3",-0.797669919382343,-0.512278964538184,-0.185692228678698,-1.04208679932813,-1.02964137142543,-0.500299144079008,1.33995112531415
1912,22218,"s14","m3",-0.837213629216645,-0.528733339261308,-0.12976244683641,-0.949871594988495,-0.538133959798192,-0.441107858782183,1.45189544763027
1913,22235,"s14","m3",-0.774588965920898,-0.507121615454982,-0.172885952407334,-0.889873188755416,-0.426962479375448,-0.257685272807705,1.14518778507395
1914,22254,"s14","m3",-0.724399974206854,-0.52326438505576,-0.175721258265007,-0.874888690577215,-0.626264546886123,-0.275691094003434,0.630108236931385
1915,22256,"s14","m3",-0.901213098324337,-0.53429054982733,-0.0915743576988152,-1.01105136006548,-0.383486442309779,-0.311443892509274,1.73810514471017
1916,22268,"s14","m3",-0.789448986101653,-0.440268945803821,-0.218298196557334,-0.936219161877532,-0.5768293601459,-0.229105893237358,1.23706091231062
1917,22282,"s14","m3",-0.645390242900758,-0.477637548632962,-0.0294366132753818,-0.934815491696723,-0.572438782607499,-0.0868281886753313,0.938657436751409
1918,22302,"s14","m3",-0.811194317239054,-0.43543032445326,-0.0443016179835701,-0.94125341247806,-0.307721238122697,-0.246283732112916,1.63617896721029
1919,22303,"s14","m3",-0.7692824838726,-0.434542567727748,-0.123156135772293,-0.900149142969882,-0.445168999333968,-0.285612614046006,1.06857964628343
1920,22321,"s14","m3",-0.717983265347442,-0.43098717292517,-0.140651373868304,-0.909342577040762,-0.292145018314133,-0.240897618871728,0.998503647374765
1921,22329,"s14","m3",-0.840052615867487,-0.55048016149379,-0.29141101490572,-0.97860392556539,-0.906166621764112,-0.634134809871925,1.24394868725542
1922,22364,"s14","m3",-0.75156799095228,-0.529664514149233,-0.131474633523097,-0.920472832763234,-0.624173258383108,-0.624283453067874,1.06844478922118
1923,22378,"s14","m3",-0.708327087782468,-0.459543873447778,-0.267442447756937,-0.813981360748565,-0.666677120138554,-0.211311656277011,0.507206315019507
1924,22403,"s14","m3",-0.77154900584909,-0.431550004094929,-0.241231717970398,-0.916984598991976,-0.709017308244285,-0.344198661332404,1.12149111394708
1925,22415,"s14","m3",-0.846074683191398,-0.431453710955742,-0.198356370655511,-0.949662185685414,-1.04045354144143,-0.453947732937838,1.67569235368554
1926,22439,"s14","m3",-0.825777543823693,-0.483768584961412,-0.16112856883052,-0.883989455201463,-0.653236800018466,-0.699118631551663,1.14386609311195
1927,22461,"s14","m3",-0.802847947897788,-0.488380443369553,-0.289544815184324,-0.87291075933868,-0.841195754876388,-0.264432267882468,0.711681819695583
1928,22467,"s14","m3",-0.738161356127863,-0.454462796278193,-0.0592379616261904,-0.877316407043432,-0.717090555366889,-0.389724649149898,0.793989575451571
1929,22495,"s14","m3",-0.787537754693753,-0.538709255315233,-0.215854161828472,-1.07032374488051,-0.821952305897362,-0.531667266784891,1.32888448089328
1930,22507,"s14","m3",-0.906514961965153,-0.531819802531443,-0.184686256617874,-1.00589227210822,-0.924175089350342,-0.47825290938707,1.79228566544275
1931,22525,"s14","m3",-0.802665603417443,-0.402951349708701,-0.162089914096407,-0.943930196827295,-0.423714472813699,-0.488620107685905,1.00047213344862
1932,22533,"s14","m3",-0.855409583698077,-0.567474987439772,-0.293007496694694,-1.01501680139876,-0.642643223337369,-0.522044209641773,1.03676431597392
1933,22537,"s14","m3",-0.834930946429301,-0.476697977724758,-0.0471821311238659,-0.935202542945094,-0.503953539465354,-0.432088093594764,0.497898480723083
1934,22570,"s14","m3",-0.824864494611607,-0.554596814819898,-0.0778967142171722,-1.00385617328274,-0.886980101382209,-0.498073657221308,1.66475435820107
1935,22580,"s14","m3",-0.72285343984446,-0.436460647622129,-0.0944182061431212,-0.822942141507904,-0.380092624415273,-0.294797057264167,0.362005686436271
1936,22594,"s14","m3",-0.828391213370016,-0.607134092746491,-0.175287451201731,-0.986687709613353,-0.940893640463261,-0.626017602425531,1.59796976022824
1937,22603,"s14","m3",-0.834161127822394,-0.455162117866365,-0.121378368515952,-0.994281148764277,-0.726017301042341,-0.499097558119368,1.2884460908817
1938,22604,"s14","m3",-0.683522535616484,-0.530199901200006,-0.0374285787948513,-0.95936314460571,-0.194551440247472,-0.226539827395629,0.585254118450956
1939,22628,"s14","m3",-0.764929814734731,-0.534630244053657,-0.160046868761296,-0.963159764329448,-0.599845805207484,-0.415081198087371,1.25032125106027
1940,22639,"s14","m3",-0.888638937561182,-0.470519500548206,-0.219218347231951,-1.03539215854581,-0.933703817948638,-0.439295554845667,1.43763359364969
1941,22643,"s14","m3",-0.942698455248801,-0.48702603779802,-0.205372866086211,-0.803237484827519,-0.8235426233226,-0.345284933046987,0.434972597886372
1942,22679,"s14","m3",-0.81499771541479,-0.49352164895947,-0.21080415776587,-0.919358136679545,-0.658078196783183,-0.458955194453614,1.02262423036725
1943,22682,"s14","m3",-0.824699342316328,-0.584434517858103,-0.162003430332739,-0.857519906528992,-0.650312319699626,-0.344216707800168,0.99970899007992
1944,22685,"s14","m3",-0.801626482593619,-0.440375430384826,-0.148070833791501,-0.874892140455315,-0.656785286070916,-0.203966132299206,0.526938133031565
1945,22686,"s14","m3",-0.759039184712229,-0.433387618795631,-0.129544583226336,-0.870664566701065,-0.755811736328468,-0.289133756494149,1.02782784370482
1946,22698,"s14","m3",-0.729583098828541,-0.45220744969334,-0.176453014090471,-0.904588913489009,-0.710073049912096,-0.216999579159852,0.810944178681137
1947,22709,"s14","m3",-0.75990501790829,-0.43416873235315,-0.21014506700329,-0.935312631098248,-0.477930691362866,-0.227835209105528,1.1256080910264
1948,22716,"s14","m3",-0.85438007087693,-0.527989233314178,-0.158310862077939,-0.988383922886724,-0.781150784769547,-0.46397228692756,1.42043234239542
1949,22724,"s14","m3",-0.728455864959596,-0.400409603042399,-0.084048185351524,-0.870791117900735,-0.442916458397115,-0.246731917066662,0.881326018547178
1950,22763,"s14","m3",-0.721985185533698,-0.506794585158313,-0.156304775615609,-0.905035713023502,-0.710063593289399,-0.413465114785404,0.820889086477961
1951,22765,"s14","m3",-0.796079178035762,-0.502182402775132,-0.175439458486571,-0.933978389949952,-0.517200651796489,-0.323046709204775,1.74142723905859
1952,22768,"s14","m3",-0.866443408449257,-0.436698416700498,-0.150665973687914,-0.989017078525594,-0.702311042903827,-0.423235451645883,1.32746081356349
1953,22792,"s14","m3",-0.815684128445867,-0.470462387363506,-0.14880479109019,-0.97400317633789,-0.538804019032404,-0.315167329882098,1.33634149936648
1954,22793,"s14","m3",-0.89488107796483,-0.468263522167809,-0.0819730752845971,-1.06705936325472,-0.56691220383273,-0.654557702274698,1.9548405141377
1955,22804,"s14","m3",-0.780327384465012,-0.447518508996826,-0.238966158941431,-0.883055541465043,-0.434939981058114,0.0419173039565435,0.576491957583783
1956,22812,"s14","m3",-0.810241719927042,-0.47415472435842,-0.123965106544608,-0.925099604709572,-0.875720802020837,-0.454073020497558,0.831700789211863
1957,22830,"s14","m3",-0.797258745307243,-0.517110291262923,-0.190659269072592,-0.897372521916685,-0.597117362111715,-0.0385252109078206,1.05548698810061
1958,22841,"s14","m3",-0.739935454041436,-0.439171588127934,-0.196815411172327,-0.909327861759649,-0.472785455768043,-0.678585144624963,0.51679590606388
1959,22850,"s14","m3",-0.793953587061562,-0.5646972796833,-0.241930820158665,-0.948326306974541,-0.646443397457754,-0.971941797882145,1.29578738416691
1960,22863,"s14","m3",-0.824609942067685,-0.450836775000825,-0.167830401878271,-0.985866083936687,-0.258885810753308,-0.282848289880219,1.4412914823782
1961,22876,"s14","m3",-0.862533542071466,-0.49562836029868,-0.26671087865116,-0.852165871685368,-0.744526368820943,-0.112536521766906,0.971399938357789
1962,22881,"s14","m3",-0.814232996201927,-0.483750220153626,-0.2205742595478,-1.02436678722927,-1.11692278353499,-0.429884465202877,1.38774092385387
1963,22883,"s14","m3",-0.81850414783635,-0.453376494806801,-0.129748006821426,-0.977384080754884,-0.574919737765704,-0.312597778995032,0.965484686824422
1964,22887,"s14","m3",-0.889525764021178,-0.481741590703658,-0.258833228244344,-0.88680338065758,-1.29771926925174,-0.317656834804802,1.38435518399616
1965,22924,"s14","m3",-0.833400327990222,-0.432148232918743,-0.23891595355618,-0.861238236179326,-0.869072374037862,-0.389120339611101,0.882088329318127
1966,22939,"s14","m3",-0.76943132464793,-0.478174068226057,-0.153444756396507,-0.939854281747303,-0.575713408465649,-0.131205261166276,1.11586852420271
1967,22956,"s14","m3",-0.79646768808704,-0.435319912859546,-0.249301665082706,-0.941764890564615,-0.911507480838302,-0.178264138627276,1.18285678686505
1968,22961,"s14","m3",-0.753353838720456,-0.546761706357868,-0.199056615390021,-0.981828229444409,-0.808066389606153,-0.612221754484177,1.15225061376748
1969,22999,"s14","m3",-0.840033314307836,-0.404542643976135,-0.239389721021096,-1.01573533043409,-0.87560294650622,-0.271069946250962,1.09013159717713
1970,23010,"s14","m3",-0.854961979906021,-0.454501079578437,-0.198317474495294,-1.00329443206007,-0.671929840362639,-0.505195125952787,1.5517698787493
1971,23019,"s14","m3",-0.747534747243317,-0.494845144694447,-0.135430112429159,-0.809126796955835,-0.906905406862398,-0.08780116362784,0.6316049020612
1972,23037,"s14","m3",-0.737268466582613,-0.456889397435843,-0.106632050442777,-1.01917309427502,-0.745556703429634,-0.523109151863919,0.52869104833178
1973,23051,"s14","m3",-0.803129372412736,-0.448705315667591,-0.101200196901307,-0.891431484742192,-0.754599989844225,-0.214153064595239,1.10141210684431
1974,23055,"s14","m3",-0.793888652693748,-0.538920841851137,-0.141616393899933,-0.932937868700031,-0.650078166287646,-0.304569356970815,0.895803476944897
1975,23056,"s14","m3",-0.748474683456289,-0.425880199481641,-0.0638407994934121,-0.735415415471297,-0.523117800929776,-0.146300326151086,0.141673458588569
1976,23085,"s14","m3",-0.812143578540593,-0.545447118347748,-0.105440339112285,-0.873105366487642,-0.717465487568863,-0.348056642497224,0.865525510033365
1977,23094,"s14","m3",-0.760816499881135,-0.505723079080064,-0.143137776121757,-0.912952922514492,-0.634454227268043,-0.0755808957241706,0.316670769140377
1978,23096,"s14","m3",-0.827705843285735,-0.495025051701982,-0.230457536693677,-0.897846066352955,-1.1115113707769,-0.300292023665501,1.05292785215259
1979,23103,"s14","m3",-0.753336298367373,-0.499786722321798,-0.179006795530773,-0.873446202209443,-0.737456285625235,-0.437266498255862,0.638473776242267
1980,23129,"s14","m3",-0.701600578660076,-0.339341163250036,-0.151991456091514,-0.991925703544904,-0.415474906230129,-0.72787694081937,0.375328001475275
1981,23158,"s14","m3",-0.817352947678601,-0.483683635246288,-0.115648672532201,-0.952933939461269,-0.384873809653825,-0.425270849018172,1.02941517982987
1982,23166,"s14","m3",-0.807251533398662,-0.52785864200115,-0.235327543972258,-0.966515154342575,-0.560080354552865,-0.354889959321405,0.845912400286245
1983,23170,"s14","m3",-0.749379661453514,-0.444804306882657,-0.262073678084231,-0.950302498756383,-0.919744793937751,-0.234749677578999,1.11207088013773
1984,23185,"s14","m3",-0.866753831305114,-0.516002933214066,-0.200181898475802,-0.986233617705066,-0.700912923831279,-0.716706113197014,0.789127446395355
1985,23189,"s14","m3",-0.757803425827485,-0.466910962876283,-0.165673794676248,-0.959636230969655,-0.811185536870048,-0.328564851130573,0.803960705159671
1986,23201,"s14","m3",-0.792981690851029,-0.460065120408038,-0.213285289349441,-0.916023413901497,-0.651463206061033,-0.263590980608242,1.30830775505373
1987,23210,"s14","m3",-0.786472723565036,-0.468015819038087,-0.212145824841989,-0.898573158971507,-0.651861738106338,-0.146555918629833,0.964181418337369
1988,23219,"s14","m3",-0.805086171778683,-0.364774892983645,-0.140985549530182,-0.913426668471864,-0.725349740052861,-0.0660844508233414,0.818746360754715
1989,23261,"s14","m3",-0.938463164763237,-0.506023037080742,-0.323735877452705,-0.93773200039888,-0.812848910586009,-0.364861826938621,1.08949137955244
1990,23264,"s14","m3",-0.740434015905027,-0.429571931065476,-0.147146869625606,-0.844160567218752,-0.619051941766052,-0.335129644044993,0.884702167116925
1991,23266,"s14","m3",-0.893333233158451,-0.506240973305718,-0.31276547525,-0.966885834439593,-0.972946181915597,-0.122536849553214,1.35304915586247
1992,23278,"s14","m3",-0.795335310434155,-0.599857099004648,-0.17836143051895,-0.968075737454507,-0.793640094656677,-0.378496608404648,1.0846613177533
1993,23287,"s14","m3",-0.777622485843342,-0.44186323841783,-0.17767590948033,-0.875373146003253,-1.03545204479699,-0.209662571635637,1.08912875598223
1994,23290,"s14","m3",-0.801460705291485,-0.551455672048053,-0.145811843301241,-0.974420248194477,-0.488992644745293,-0.5215512988997,1.25846920315816
1995,23295,"s14","m3",-0.77298377390147,-0.518900819646889,-0.0772323738943093,-0.935477155137787,-0.433728178609126,-0.130799951372199,1.23023235161288
1996,23312,"s14","m3",-0.805588740054888,-0.600866624804537,-0.184340946174875,-0.96931146723373,-0.595384469243199,-0.346314397154795,1.25187151810061
1997,23317,"s14","m3",-0.80881403543489,-0.489799042873101,-0.0666700179533839,-0.923268900380788,-0.592760846092797,-0.357279987218391,0.895339660375835
1998,23330,"s14","m3",-0.714726097636267,-0.503658953894425,-0.125287310268135,-0.846771905305854,-0.286989684892388,-0.197700497593788,0.795596066918433
1999,23348,"s14","m3",-0.924093369110701,-0.486172965099653,-0.176888914178576,-0.994033140468063,-0.996867576601587,-0.318770557545337,1.3372701278074
2000,23352,"s14","m3",-0.692962481974711,-0.478216704987053,-0.109240524747859,-0.950016846272909,-0.40515553666261,-0.578613411033026,0.390621573503524
2001,23361,"s14","m3",-0.869605498590717,-0.438418531152002,-0.205531339491355,-0.902513372628938,-0.953087142030367,-0.207149353417263,1.17659027062129
2002,23362,"s14","m3",-0.72392309110716,-0.376527904195264,-0.0511436382253718,-0.86789037992274,-0.591883871898235,-0.252054898978595,0.514742576099631
2003,23364,"s14","m3",-0.792575001666088,-0.494430551860694,-0.174070596061975,-0.919676225460204,-0.774947780890842,-0.56814126107068,0.874339705873791
2004,23366,"s14","m3",-0.876441661496892,-0.441705571921072,-0.164178296750453,-0.885130197508821,-1.05096690847155,-0.433311719944667,1.08755534306118
2005,23371,"s14","m3",-0.788676144855334,-0.419863389429309,-0.220909264551117,-0.925453695367252,-0.692044685363259,-0.262289194731562,1.33256127683346
2006,23428,"s14","m3",-0.819239935006004,-0.51754450302672,-0.175856929926696,-1.09468080833897,-0.711584201512812,-0.537560877290716,1.58662610434111
2007,23429,"s14","m3",-0.832194482376781,-0.510247452447952,-0.256768181979523,-0.928422199039176,-0.382157414916964,-0.300158787175769,1.12483676178794
2008,23442,"s14","m3",-0.900919248915358,-0.475673174104175,-0.232283402945046,-0.991105944579412,-0.946759575262213,-0.414354595973753,1.39513892957217
2009,23458,"s14","m3",-0.796902665004448,-0.482739163632337,-0.281496152486335,-0.952229698467075,-0.96517885748736,-0.286875213782953,1.53569909897734
2010,23468,"s14","m3",-0.839580017333574,-0.427248957427757,-0.173561883588996,-1.0594306841673,-0.611231860205761,-0.578873482910643,1.08618069553209
2011,23473,"s14","m3",-0.903097815541045,-0.446645985295235,-0.15429377874779,-0.934777498998511,-1.10029938208076,-0.300813323419193,0.873051276614295
2012,23506,"s14","m3",-0.89507570253149,-0.478770692797711,-0.162095578817831,-0.935192247987942,-0.87026441731746,-0.598339556277206,1.13841951436373
2013,23524,"s14","m3",-0.815261542390499,-0.453671666682876,-0.121367353496949,-0.878148886239222,-0.986647892319722,-0.0199140302435281,0.526435495410198
2014,23570,"s14","m3",-0.759586079938022,-0.521246538166156,-0.117117929536011,-0.932285377853286,-0.387563321868882,-0.395962953406321,1.40732320980699
2015,23587,"s14","m3",-0.937420430039468,-0.471454418197803,-0.190511501059199,-0.868306705273093,-0.846826288539646,-0.358069364972045,1.36377343618246
2016,23595,"s14","m3",-0.761170757518913,-0.510818676116298,-0.100197488686465,-0.925554378908007,-0.515115068588707,-0.291805261990208,1.05581478768502
2017,23601,"s14","m3",-0.898157112272161,-0.566048239107023,-0.179806639967132,-0.930308432536833,-0.689521782823018,-0.429891660120576,0.843836384607652
2018,23604,"s14","m3",-0.831223061081853,-0.620162594815384,-0.111319656056809,-0.945341354641868,-0.524626709371182,-0.379627589244419,1.24948184865606
2019,23611,"s14","m3",-0.708495174243553,-0.576960951326929,-0.192225361598864,-0.846800925972582,-0.660265126477176,-0.467563601401245,0.970385230435063
2020,23619,"s14","m3",-0.777686478888206,-0.48537139881063,-0.239460660905972,-0.836520873373522,-0.789628038605255,-0.191781139443726,0.677364787750291
2021,23620,"s14","m3",-0.870659247068493,-0.382836458763427,-0.26634896783801,-0.867157281592847,-0.846897244099982,-0.220126338603124,0.862844495693551
2022,23623,"s14","m3",-0.839002041871491,-0.50136934047789,-0.106111918863264,-0.892773717489119,-0.427044860978826,-0.174296266871072,0.735833838563675
2023,23625,"s14","m3",-0.811481637736183,-0.505047532500305,-0.172301471482662,-0.909801791494284,-0.635119695984799,-0.236387373460816,1.06727111632597
2024,23644,"s14","m3",-0.80813805024536,-0.501165460294086,-0.201596305196038,-0.987762391975905,-0.894495033970996,-0.379492925758581,1.65405835406849
2025,23659,"s14","m3",-0.764552115359525,-0.448415047306099,-0.0937635453624008,-0.979300229240264,-0.678237416915882,-0.373500438711072,1.0996938757086
2026,23660,"s14","m3",-0.814024962738123,-0.541861622697936,-0.132074795726887,-1.00232953325253,-0.327675103748507,-0.339179714494193,1.01049831706603
2027,23694,"s14","m3",-0.676677105298248,-0.400926863824418,-0.0472958793817318,-0.80373512251315,-0.665145252718883,-0.214995751524451,0.424361371974254
2028,23731,"s14","m3",-0.696451572636556,-0.463883077079402,-0.175051507875031,-0.798096232438497,-0.774168762681824,-0.0715325700532163,0.828118695465665
2029,23743,"s14","m3",-0.884169787824753,-0.418416851490433,-0.241056626616902,-0.908599297391866,-0.689040504409057,-0.388139134909255,1.05266799214923
2030,23755,"s14","m3",-0.816541158165325,-0.536916897059968,-0.216065506616703,-0.907388425814448,-0.546880185767089,-0.674195434625058,1.24153855328584
2031,23772,"s14","m3",-0.817355892394529,-0.548223868324141,-0.155686292761525,-0.908088980738308,-0.614140614607196,-0.470569333322965,1.15573967732258
2032,23788,"s14","m3",-0.737657412042696,-0.555585605422986,-0.28395302351533,-0.910226504777075,-0.839983805839261,-0.354209111308822,1.2046001261765
2033,23793,"s14","m3",-0.739880905644366,-0.477043951647326,-0.0871506692878907,-0.955494660929053,-0.692986309319853,-0.509927695363636,0.59443077332298
2034,23801,"s14","m3",-0.817401349479677,-0.446729912442257,-0.196278147986927,-0.946462337520526,-0.536467978199385,-0.47260440581765,1.49368461492419
2035,23803,"s14","m3",-0.889737810511009,-0.561308408944516,-0.173372539035632,-1.01828958679012,-0.983220914888107,-0.44166905753103,1.02145949449862
2036,23832,"s14","m3",-0.753631473246046,-0.561953161216318,-0.171477211041087,-0.941281806763386,-0.260274108676996,-0.553117477020203,1.17558498672233
2037,23841,"s14","m3",-0.777351620575728,-0.379061431207822,-0.248373358050703,-0.898867973810214,-0.397238191242277,-0.127693428553338,1.00475156948219
2038,23848,"s14","m3",-0.734550947259567,-0.552654308249942,-0.214367177399722,-0.927540481360293,-0.618515040679094,-0.3377165969115,1.01047222905711
2039,23858,"s14","m3",-0.835408987027299,-0.4104428246795,-0.195861586092008,-0.968597001381139,-0.824528006865173,-0.257120111639281,1.26059665899186
2040,23887,"s14","m3",-0.907289556498653,-0.501851950401402,-0.226335484312584,-0.889936354548024,-1.0762597384581,-0.408304352316534,1.23775892082737
2041,23899,"s14","m3",-0.880777173422069,-0.492399528458377,-0.241790303924895,-0.874623114396125,-0.986482357477684,-0.0635631176059525,0.581163907615077
2042,23907,"s14","m3",-0.835285956144986,-0.43126786046323,-0.218627107180556,-0.841060597253999,-0.769041888656226,-0.0537264202289441,1.18143791940987
2043,23918,"s14","m3",-0.788909073640899,-0.362224780029181,-0.161627148123627,-0.793260649066873,-0.453561353198819,-0.0219288619690574,0.291061782951945
2044,23927,"s14","m3",-0.805672249324343,-0.432340137792037,-0.184577043696068,-0.929905400496248,-0.306919960115396,-0.300006308691926,1.06883345245198
2045,23945,"s14","m3",-0.76202379885123,-0.532007914111383,-0.0415114269539273,-1.00720827323978,-0.75405048960776,-0.529292874125542,0.816348660756468
2046,23972,"s14","m3",-0.888520570371122,-0.423680877668735,-0.325408407115005,-0.89567373350962,-0.789887455315066,-0.190318348221554,1.18798842056044
2047,23994,"s14","m3",-0.877984230161759,-0.534139427662714,-0.234792181572908,-0.931719875892535,-0.900587506533561,-0.396050879202426,1.05095912710368
2048,23999,"s14","m3",-0.690448674341931,-0.493898828292581,-0.254297923652682,-0.904074640855108,-0.705683640709795,-0.433914394462131,1.23066899660131
