"draw","source_draw","id","assumed_model","alpha_0","alpha_1","alpha_2","alpha_3","nu_0","nu_1","tau"
1,6,"s057","m3",-0.283341963422284,0.204901653543922,-0.125574628114338,-1.07121241113274,-0.345041641074008,-0.436149782397491,-0.615417002543563
2,8,"s057","m3",-0.314729299397986,0.229325426932477,-0.17490276753389,-1.0129505613599,-0.220039303128848,-0.511247749012856,-0.585672966847258
3,38,"s057","m3",-0.270976709586382,0.264069484093815,-0.234315616746999,-0.963393100269822,-0.479461180421063,-0.490604511443606,-0.629034953014307
4,58,"s057","m3",-0.248026531449924,0.232748291932105,-0.246493977184423,-1.09138489554247,-0.359350986002345,-0.277920170382702,-0.401899284960829
5,66,"s057","m3",-0.279571003934197,0.12921965426972,-0.145358257220197,-1.20033826112095,-0.328909017062822,-0.400969384610507,0.578978285813105
6,70,"s057","m3",-0.29401301465583,0.232161437573047,-0.199191086873813,-1.14329534382276,-0.373627637016279,-0.374746835386654,0.477581046953937
7,71,"s057","m3",-0.244503217169402,0.260659902398742,-0.0238055611232324,-0.991472140289062,-0.352666040571479,-0.130960733775012,-0.716758493706637
8,76,"s057","m3",-0.312086511932555,0.169171941530015,-0.0732850649544868,-1.14554903647054,-0.518947903821129,-0.506570442885345,0.0187664191798943
9,104,"s057","m3",-0.270734497468317,0.363599932630372,-0.0844277247079805,-0.946056854438386,-0.265901908756492,-0.0569470767997083,-1.07068863040251
10,114,"s057","m3",-0.182092814914334,0.11735183172955,-0.124410261472873,-1.17405934053439,-0.144939996824926,-0.670254510429886,0.615524486092025
11,117,"s057","m3",-0.263090866467504,0.168158902931215,-0.183388923044669,-1.13252018762645,-0.270617975104033,-0.434955904958141,0.184680596654508
12,118,"s057","m3",-0.347856939432001,0.254382603434996,-0.15797327773939,-1.00067481995741,-0.60591046930395,-0.280273481575999,-1.38676026096881
13,137,"s057","m3",-0.303543078567104,0.0743172889860396,-0.176393915066301,-1.13694344276535,-0.559475972128301,-0.689266906378447,0.0257250768056054
14,145,"s057","m3",-0.258022928166351,0.2923161784749,-0.169588241577288,-1.09161073377232,-0.473770891117053,-0.505743579615998,-0.198293634184088
15,169,"s057","m3",-0.378156603187312,0.175317243761398,-0.161994609930361,-1.19006546234179,-0.468864486468447,-0.375735552330348,0.394299529871303
16,172,"s057","m3",-0.348266157402309,0.204611388160975,-0.170836647021962,-1.11445200616421,-0.610005391861032,-0.377126013538072,0.279278015399144
17,176,"s057","m3",-0.263091181266842,0.173074869578306,-0.0586698804109735,-0.977955914826019,-0.276681443992988,-0.497045738750731,-0.230049994210191
18,186,"s057","m3",-0.301433015600499,0.144612394624371,-0.118575415653431,-1.08339092762744,-0.375245711202689,-0.463660724695427,0.276679235490137
19,190,"s057","m3",-0.236068693135056,0.18321381097683,-0.0711096140550131,-1.07524320108957,-0.163638478033029,-0.322486218032608,-0.138992949904733
20,244,"s057","m3",-0.242986623933455,0.248731284292144,-0.136264000370804,-1.06546392985884,-0.314670020287129,-0.363833235316714,-0.211291886203575
21,245,"s057","m3",-0.370342375338975,0.0713062055511166,-0.243708688055934,-1.18948609950478,-0.46815478075728,-0.58264439111315,0.398927613888079
22,249,"s057","m3",-0.166990701747027,0.225179022744449,-0.139249964848905,-1.07847729819745,-0.12217124407638,-0.22773535137094,-0.885571763264713
23,252,"s057","m3",-0.223947978839763,0.232449530564838,-0.068897387848766,-1.16139834643635,-0.319081892101947,-0.301470502786871,-0.0142549768222097
24,257,"s057","m3",-0.233764387800765,0.316993948059042,-0.237447980645614,-1.03285657816801,-0.271549195893749,-0.287434959893238,0.20468648568975
25,258,"s057","m3",-0.251188307395864,0.064893917463391,-0.149886939248968,-1.16620860565049,-0.334309782559532,-0.609612833469758,-0.573865530379058
26,260,"s057","m3",-0.334941478962074,0.19110033418489,-0.135728397178782,-1.10921806097002,-0.215773521354269,-0.306663815324211,0.042052317683997
27,263,"s057","m3",-0.212424931904858,0.310322165283728,-0.132779573088353,-1.05776478031702,-0.174306812345307,-0.158284049679742,-0.140539439626742
28,277,"s057","m3",-0.175981596715216,0.334631110152395,0.0925170002321366,-0.951051045040036,-0.177568580364355,-0.119788712074122,-2.00827371370105
29,294,"s057","m3",-0.234816057324523,0.102998318227536,-0.127751183044413,-1.05568310545514,-0.167693441065571,-0.841984898223598,-0.0484876405162144
30,297,"s057","m3",-0.269961584252413,0.322291163631185,-0.227549754940147,-0.952475622785644,-0.213990333334099,-0.0565382344687818,-1.82055704588728
31,304,"s057","m3",-0.338168298718651,0.306676558459449,-0.162276755043728,-1.05186462832044,-0.646245259612046,-0.189430663458541,-0.877607691705807
32,337,"s057","m3",-0.332155965758392,0.148769366308572,-0.234799624437831,-1.19785677188126,-0.497555438178278,-0.674307560306015,0.342837692049958
33,361,"s057","m3",-0.281943047759497,0.106543455718638,-0.209668345406021,-1.11680545055882,-0.310380268152609,-0.794093375854429,0.269626174884242
34,380,"s057","m3",-0.267306688519812,0.235245734161582,-0.0873601528632302,-0.888794867644508,-0.298501080249836,-0.202815162144784,-1.48490737536377
35,383,"s057","m3",-0.304451780691659,0.167564738947543,-0.172712885943687,-1.04572762541035,-0.362229866889778,-0.505642479917224,0.310686271353932
36,413,"s057","m3",-0.232922554580707,0.258698196291763,-0.253045834729283,-1.00975939834722,-0.116063738124885,-0.486805387154401,-1.60951429263383
37,414,"s057","m3",-0.267447699454005,0.384678073508837,-0.0787814672993452,-1.06438406421986,-0.234838034327521,-0.191078103174492,-0.290267873160567
38,422,"s057","m3",-0.219835542157913,0.250852816707519,-0.151557844127502,-0.975185026158389,-0.25268962889431,-0.428442194824223,-2.34988649220442
39,450,"s057","m3",-0.28066824793611,0.216781998827812,-0.136820533900356,-1.0185459401036,-0.234037032899895,-0.319127051392354,0.0351661299604106
40,451,"s057","m3",-0.41667187543959,0.261638651649304,-0.226431625449206,-1.00882945632538,-0.433314370834001,-0.131089954254927,-0.749844823920432
41,478,"s057","m3",-0.286199780936327,0.164536273766012,-0.21873457170704,-1.1079811165732,-0.314264235735997,-0.656064172693872,-0.510566367110982
42,488,"s057","m3",-0.230028353372902,0.192665692940849,-0.144368860790567,-1.10073361441512,-0.206918148581576,-0.507481782518201,-0.290261197472184
43,514,"s057","m3",-0.317712615279728,0.279721541688523,-0.114521291485544,-1.09277824575505,-0.368291136602371,-0.552820043652819,-0.285149657919309
44,515,"s057","m3",-0.343604258760385,0.155192896122097,-0.209668279402626,-1.12021003844623,-0.609384869414287,-0.393063863353864,0.131958893838004
45,543,"s057","m3",-0.306691600471467,0.0766674763548652,-0.228760669286529,-1.16812072595385,-0.435609500084181,-0.795695186114382,0.0831131352663389
46,562,"s057","m3",-0.245179954510791,0.192312175278285,-0.157324836673477,-1.13435126513308,-0.184956879422331,-0.252836960116622,0.263194579087601
47,583,"s057","m3",-0.318912013981372,0.136436366390731,-0.23236328007671,-1.16870313925157,-0.486644113012921,-0.629333613410231,0.459649846202125
48,588,"s057","m3",-0.377386501583477,0.180829628503541,-0.210760999065648,-1.19760927451743,-0.656239299114923,-0.429863484592782,-0.0645592659254883
49,593,"s057","m3",-0.211133932590903,0.201499070449658,-0.105810373062065,-1.02087624008369,-0.248322767403938,-0.3064854595551,-0.449235033654093
50,606,"s057","m3",-0.283102876200895,0.220827279723646,-0.062657309689394,-1.11522610977761,-0.424931137738588,-0.261422378385502,-0.146273592840897
51,609,"s057","m3",-0.333778134800743,0.204750650702898,-0.231177058805718,-1.34684514707691,-0.247203895084067,-0.518944254291566,0.627728298698207
52,618,"s057","m3",-0.151601151655378,0.169433654227103,-0.0632896933940888,-1.01863888527085,-0.234940168529128,-0.124726333684268,-0.598045982529998
53,621,"s057","m3",-0.327739266900792,0.219501148527687,-0.140946396041731,-1.09389933304922,-0.478582957810442,-0.556390395420309,0.0274159833668015
54,630,"s057","m3",-0.406522483979634,0.245039522321786,-0.207722454467652,-1.15678616998374,-0.433419278106339,-0.214710942639253,0.137162510491313
55,634,"s057","m3",-0.269777347026624,0.292623491862468,-0.110063809769109,-1.00608989076769,-0.199960178650572,-0.270762314442564,-0.376444079428763
56,650,"s057","m3",-0.268509038316203,0.103222184729417,-0.242083838271713,-1.02455500488629,-0.569362583730482,-0.346110799841949,-0.309309159047169
57,656,"s057","m3",-0.283563035165695,0.124802609684473,-0.211313692922281,-1.11411309298987,-0.483167052397277,-0.561473648405214,0.0184552608428794
58,666,"s057","m3",-0.319564454692492,0.132997784280443,-0.0505222245008649,-1.1154782966523,-0.308084819349126,-0.368958276903708,0.155478229692188
59,680,"s057","m3",-0.198934966137767,0.19387471458928,-0.11530685901865,-0.946542021273998,-0.538489523195648,-0.253325927469809,-0.981586296168864
60,685,"s057","m3",-0.205013652764068,0.280507049688415,-0.166079175138628,-1.00881620624773,-0.269418932177835,-0.247067747808217,-0.585652264799344
61,701,"s057","m3",-0.321704386501336,0.277851221094708,-0.197007498368565,-1.00408579865665,-0.635847663240123,-0.103206879235627,-0.350189281884541
62,704,"s057","m3",-0.254492596175552,0.178514177614802,-0.0670177587720664,-1.00088162180152,-0.362028360385284,-0.608771469289692,-0.194359585011729
63,707,"s057","m3",-0.209422521299197,0.165443249612472,-0.15768927332516,-1.14481293968037,-0.295589346777866,-0.343145456707087,0.015547413389789
64,708,"s057","m3",-0.335221997155182,0.279853926407294,-0.111679454666438,-1.06833481833369,-0.502615009485681,-0.14371923863702,-0.102413585936667
65,710,"s057","m3",-0.181890818789412,0.287046394555819,-0.116249796974207,-0.984115229008702,-0.239897678717865,-0.336384496264753,-1.24148657191087
66,735,"s057","m3",-0.155426413827173,0.314657060816988,-0.0724011088990273,-1.05855149890158,-0.123843583575284,-0.173121277228571,0.110977336731478
67,737,"s057","m3",-0.333270692873166,0.169044453837224,-0.208032851966658,-1.01416386734206,-0.584029842424095,-0.511971238775738,-1.23747067091051
68,741,"s057","m3",-0.260110716131891,0.241568200952924,-0.0399906016959943,-0.967926248495815,-0.161269733385943,-0.46394228617213,-0.641953818378737
69,785,"s057","m3",-0.250847947711021,0.16791753391572,-0.111695203193999,-1.10777402060515,-0.124769381031104,-0.614501385846769,-0.0569262224497157
70,840,"s057","m3",-0.268684033308682,0.158487876508192,-0.140003473437204,-1.14383294725738,-0.378039352254354,-0.524308649774642,-0.213577869305943
71,846,"s057","m3",-0.168643997838746,0.225426817250679,-0.0922513789181291,-1.0617271610821,-0.190531362058874,-0.265864517495136,0.0896746444196883
72,852,"s057","m3",-0.217461885621306,0.191768717469434,-0.126350603058306,-0.980011857499083,-0.160107333021166,-0.411160444205423,-0.79125392535752
73,888,"s057","m3",-0.357761094793632,0.104028110827017,-0.185427887967847,-1.07374572665067,-0.499249542800085,-0.38058916377145,0.197501698223677
74,898,"s057","m3",-0.272793806016166,0.221534921522638,-0.142715195886244,-1.06966188607955,-0.446607603263622,-0.317005124901234,-0.185020291266919
75,928,"s057","m3",-0.276770959815297,0.230283055149365,-0.0295304904354731,-1.1133287031104,-0.0659814492365789,-0.422885941699316,-0.169172766410731
76,946,"s057","m3",-0.265696023176415,0.330422622228735,-0.0561101790094781,-0.9351032729659,-0.38059162486341,-0.0854700618299945,-1.45895953087734
77,957,"s057","m3",-0.291521983264488,0.237878789454277,-0.167683997545891,-1.14440780442122,-0.19577745726624,-0.312846606109797,0.13704431243883
78,970,"s057","m3",-0.284752918755124,0.216989164680412,-0.139664434269147,-1.20469924224111,-0.255709722853983,-0.374606092480264,0.542456407177536
79,975,"s057","m3",-0.272680823114751,0.264146557138369,-0.144235046348293,-1.09162740303479,-0.215267456810332,-0.216972778595475,0.124145664462454
80,987,"s057","m3",-0.290354724413871,0.190029511959427,-0.224106698568918,-1.10724343693414,-0.473942985060109,-0.395816484430758,-0.34910763426963
81,1013,"s057","m3",-0.237107001615635,0.329501910583681,-0.104307708562157,-1.01061265073208,-0.232250747341434,-0.173828933776957,-0.50741012692129
82,1051,"s057","m3",-0.217561386703796,0.143692874874444,-0.0843743652143929,-1.00888764964958,-0.337099106163235,-0.424086667072863,-0.566180690267006
83,1055,"s057","m3",-0.237907342164013,0.21219803165531,-0.0186736314376961,-1.04180392932406,-0.224676521963604,-0.519450852088265,-1.77894167937015
84,1057,"s057","m3",-0.282349287645772,0.224226782812811,-0.104446044754642,-1.02113338378432,-0.538063837660959,-0.410966304797559,-0.524785912089167
85,1060,"s057","m3",-0.244282011753343,0.323297456352084,-0.100249780275454,-1.10655515673577,-0.20411897643109,-0.239263020280781,-0.0423055566816593
86,1064,"s057","m3",-0.341943676139843,0.102475882253006,-0.338828846309405,-1.17128051716598,-0.277166733290699,-0.614037979954579,0.414861089561029
87,1067,"s057","m3",-0.268202330470428,0.14790422879201,-0.097569336834807,-1.11025605118636,-0.43433885539809,-0.609963657528586,-0.032512871560361
88,1085,"s057","m3",-0.231225363373208,0.224430715411297,-0.212195301698163,-1.03408265547663,-0.590660071784727,-0.262657625272767,-0.707491549599735
89,1099,"s057","m3",-0.234059942886944,0.151524894914581,-0.0641899049718757,-0.942537494419939,-0.320320442645937,-0.454252868275628,-0.427575212281737
90,1104,"s057","m3",-0.234949749435924,0.288207262233318,-0.12406006148228,-1.08886332634199,-0.147983402088495,-0.212075609256859,-0.0487601427939016
91,1109,"s057","m3",-0.336174223322672,0.222034418115624,-0.147794422326337,-1.02867093919172,-0.710265983991673,-0.39672865645766,-0.790763747651599
92,1115,"s057","m3",-0.180084950963873,0.243836910611216,-0.130653357564525,-1.05677201873322,-0.397091468960936,-0.304023937275667,-0.945161785048217
93,1129,"s057","m3",-0.261526094636587,0.197170750650211,-0.136054225389065,-1.13173296686737,-0.22126522025717,-0.42196715098089,0.0921069047805517
94,1130,"s057","m3",-0.304808951671309,0.340595820612077,-0.19648109721217,-0.943843794983983,-0.273460845183338,-0.059087303668193,-1.60997566494738
95,1132,"s057","m3",-0.288599154850887,0.116837249499787,-0.055316116735557,-1.07971137457179,-0.378314820133446,-0.611854804465924,0.286943081671824
96,1140,"s057","m3",-0.290870500277327,0.155280235549144,-0.215991458534851,-1.21293341757368,-0.316748724243034,-0.624598643568485,0.480739444469802
97,1148,"s057","m3",-0.312822781366512,0.182748231603269,-0.165620240330266,-1.07804763364224,-0.291686760378577,-0.534131452500085,-0.253350079329864
98,1160,"s057","m3",-0.209554730853487,0.207191057395897,-0.134636899075037,-0.988820057610106,-0.199708142188522,-0.317193702032576,-0.990572929989906
99,1164,"s057","m3",-0.375108848423251,0.153763886782529,-0.222650955146114,-1.20396928839157,-0.437248481129642,-0.718678173588175,0.244883592699794
100,1179,"s057","m3",-0.253583668243949,0.258171978299887,-0.132361584851363,-1.02149735436726,-0.365647865230103,-0.0673956635396747,-0.670475758575138
101,1184,"s057","m3",-0.352634954498385,0.239436362342478,-0.164073207743912,-1.16923150806726,-0.423441008656331,-0.301095777800838,0.0677368995761273
102,1188,"s057","m3",-0.284849403996719,0.28701666407442,-0.102245452198188,-0.979842134355109,-0.469110931207209,-0.484304917282565,-1.01836117684556
103,1219,"s057","m3",-0.208697465296941,0.252732108106536,-0.0851422738708344,-1.10666811135048,-0.0463269389485593,-0.55559869717102,0.0521950973486593
104,1221,"s057","m3",-0.231634001565646,0.199672158751611,-0.165107682897298,-0.994539117632042,-0.346544550697498,-0.386022180721962,-0.154718401659823
105,1230,"s057","m3",-0.240274451253581,0.139175047866924,-0.0855077435717472,-1.1052110900682,-0.143154653393776,-0.393995786026067,-0.226519700292124
106,1276,"s057","m3",-0.306073031616045,0.26345159984174,-0.146528348764755,-1.13608437090649,-0.53949497353069,-0.262298127255115,-0.00759735064989786
107,1289,"s057","m3",-0.270481942090469,0.163297851020139,-0.0929672505810648,-1.06691808228682,-0.256167475004497,-0.621079408538103,-0.400887818901692
108,1290,"s057","m3",-0.41695305644139,0.139798722831588,-0.178901231557588,-1.0288316737145,-0.498059714752827,-0.256648456901732,0.217680805892276
109,1306,"s057","m3",-0.262977293540149,0.0618135655947434,-0.0674239874071324,-1.13911522006498,-0.339495671657684,-0.579708755980657,0.131554626279674
110,1312,"s057","m3",-0.25077300554877,0.246060004273455,-0.0484387744160197,-1.00891368213785,-0.150981200381713,-0.316437479801272,-0.94040516198203
111,1317,"s057","m3",-0.186508642072706,0.253663214377275,-0.0402940648755872,-1.11525892678888,-0.283649267757618,-0.516812709343876,-0.123342615634924
112,1321,"s057","m3",-0.179019239381633,0.142667738916329,-0.198382193891887,-1.06685282379692,-0.368118699794383,-0.582565791063676,-0.383967255933629
113,1385,"s057","m3",-0.240079024264551,0.221330595390382,-0.0697223008695411,-1.0506782830567,-0.326018358929509,-0.34081949805114,-0.731571110592292
114,1387,"s057","m3",-0.206602559767762,0.234345188017878,-0.0815023817106117,-0.889665852149276,-0.0690198101677178,-0.206430229545774,-1.97623180629415
115,1397,"s057","m3",-0.306964096531551,0.21265380105039,-0.177150264398315,-1.07690576991049,-0.339789069178836,-0.192875751689818,0.26752978875389
116,1401,"s057","m3",-0.265284179210006,0.165302929301002,-0.0467466069027022,-1.00683377186885,-0.645562556491548,-0.44209284733238,-1.1834514591462
117,1403,"s057","m3",-0.276431083646222,0.185779863252814,-0.194209739740939,-1.24969152899658,-0.537689216005377,-0.742813007231821,0.627943669029259
118,1413,"s057","m3",-0.270633778568323,0.269547669172266,-0.0796689632551806,-1.02351314537726,-0.225729258002037,-0.340458031153285,-0.604501154161691
119,1452,"s057","m3",-0.229799238293938,0.112100179942968,-0.0821404913001139,-1.12081240399837,-0.253700586613716,-0.612832018524705,0.171825519582601
120,1486,"s057","m3",-0.285980341148231,0.281341200917179,-0.181870878876644,-0.979576651044566,-0.39093641053583,-0.243862784189778,-0.206877013533152
121,1513,"s057","m3",-0.272261489216086,0.21186791969029,-0.152574216182883,-1.08083512791585,-0.271383509404956,-0.274560808773165,0.193476035880737
122,1532,"s057","m3",-0.336959451846886,0.127948463214924,-0.0956140493084163,-0.994684561994881,-0.499693250822844,-0.41325190774565,-0.339205292339347
123,1554,"s057","m3",-0.296311414911933,0.228436278555112,-0.241593487966678,-1.12012041858663,-0.32662286097194,-0.618709736095768,-0.653349941576712
124,1562,"s057","m3",-0.177543654662788,0.24046423044134,-0.192947584866495,-1.09369184437678,-0.134945536157091,-0.285008334701824,-0.0400641540101092
125,1574,"s057","m3",-0.33347343611389,0.167193859001439,-0.194755025995005,-1.00971940318803,-0.417220440091928,-0.25999265371255,-0.641449751121393
126,1575,"s057","m3",-0.264399035922846,0.294542081861253,-0.179954433379711,-1.06791209988042,-0.222392877433325,-0.348740572260925,0.0672400827996231
127,1579,"s057","m3",-0.326378473567849,0.152834427773302,-0.157883336241416,-1.13000911996541,-0.513817523865809,-0.555497500668036,0.338942747352545
128,1593,"s057","m3",-0.305209633572129,0.213668780585101,-0.113278263903283,-0.988580824728252,-0.492480934883425,-0.247088726536718,-0.996998840686099
129,1609,"s057","m3",-0.249860288547374,0.259020196733045,-0.0948244582658887,-1.01254179894089,-0.397525806894602,-0.236101236087729,-0.310614533825584
130,1613,"s057","m3",-0.235811853148094,0.266110733526977,-0.135475276582282,-0.943483710814908,-0.250992247839137,-0.0953950848036354,-1.28566873256567
131,1617,"s057","m3",-0.285870508300678,0.131077327451713,-0.156559615027984,-1.12843658952394,-0.304803824465533,-0.714551093795515,0.131642405843347
132,1632,"s057","m3",-0.311485547306297,0.367864436319887,-0.165366694061772,-1.03092548373512,-0.441074770994559,-0.304648797248754,-0.376165684138341
133,1636,"s057","m3",-0.240639856241934,0.240819919767143,-0.189525306192505,-0.925508717369642,-0.167698538245412,-0.229373153603185,-0.486747792151184
134,1643,"s057","m3",-0.197855887561597,0.216245417958667,-0.101406991095985,-1.15047105897265,-0.135038151545877,-0.377103267583027,0.0346660623941323
135,1655,"s057","m3",-0.272659077447434,0.107193912302152,-0.123907421367368,-1.14214051081054,-0.339260703320324,-0.590080804180159,-0.0375881468342924
136,1662,"s057","m3",-0.258152238710059,0.35086924492671,-0.101372792193388,-1.02606268275108,-0.244433147673012,-0.0838194794731004,-0.173830686787418
137,1667,"s057","m3",-0.276778085815628,0.245500481543076,-0.221522959825099,-1.02732680029877,-0.378786360583456,-0.24761727719705,-0.394229888253528
138,1671,"s057","m3",-0.278078255510277,0.0599957442262151,-0.23651485555713,-1.19695508382047,-0.395393891773897,-0.66809162934072,0.825887372533027
139,1713,"s057","m3",-0.148720601575533,0.394617989439643,-0.107662066944829,-0.895665930490058,-0.0363589950637228,-0.0990473955297808,-1.25395229417003
140,1720,"s057","m3",-0.171876499685058,0.263640936041226,-0.211827740417107,-0.976657811223545,-0.245090287436462,-0.143626027454796,-0.893910203781939
141,1722,"s057","m3",-0.313553395302737,0.256877624711999,-0.113699923620841,-1.06672126590639,-0.433807005597046,-0.356721069152692,-0.395466861917639
142,1727,"s057","m3",-0.236039641962496,0.26460265386783,-0.206202332107525,-1.14974394879343,-0.204470536110648,-0.293100476523504,0.192184169518029
143,1732,"s057","m3",-0.315244360235687,0.194991186055996,-0.158200564733661,-1.09783651188566,-0.332834008091717,-0.47442644665579,-0.0831318215730791
144,1740,"s057","m3",-0.304552804839152,0.149451439805674,-0.232999828424906,-1.04575460126854,-0.311390010071301,-0.412907844162,-0.211851234073148
145,1766,"s057","m3",-0.223922960590749,0.154655907339427,-0.151066074173516,-1.02059228049464,-0.335477092298567,-0.2145376353137,-0.645846324423149
146,1787,"s057","m3",-0.275209221433936,0.309446012960996,-0.237022659527367,-0.98325986334243,-0.453506129722597,-0.254814818196587,-0.715848475578351
147,1791,"s057","m3",-0.381531022959244,0.241660744558247,-0.136390476150109,-1.06402896947567,-0.356885343811341,-0.269581652160648,0.339614399754346
148,1805,"s057","m3",-0.218728191358897,0.133250477473031,-0.0146519306185442,-1.09357522128064,-0.196676873209084,-0.465406121542236,-1.14401277893233
149,1809,"s057","m3",-0.144463117063176,0.246528086877093,-0.121633215525296,-1.00462793244247,-0.12475183605375,-0.352128471775335,-1.02154799882514
150,1810,"s057","m3",-0.391656533429093,0.224987039659655,-0.112902630201941,-1.06223635414293,-0.38322754275253,-0.349822435480351,-0.269044369552152
151,1826,"s057","m3",-0.269557462059685,0.288478013109753,-0.191638978152756,-0.967026353917987,-0.287753427784814,-0.200316033121811,-0.797987600486461
152,1831,"s057","m3",-0.3954835464892,0.223879450313651,-0.143159657705504,-1.15951085154434,-0.537933127675911,-0.443677278932688,-0.152491622206512
153,1848,"s057","m3",-0.274418604035609,0.183434536670246,-0.24239507013868,-1.20546090352057,-0.308922081670477,-0.500304380553081,0.26499753053454
154,1865,"s057","m3",-0.243045093583747,0.261168172730341,-0.148780416588567,-1.07079354493563,-0.360224200050776,-0.408868607738337,-0.0595087610727784
155,1871,"s057","m3",-0.181361338198676,0.235675010401701,-0.034686751478833,-1.0496875456621,-0.147677784894687,-0.229982059882562,-0.390873946187695
156,1876,"s057","m3",-0.436667082471327,0.218810802310042,-0.172071624056018,-1.10953936060966,-0.4644960596621,-0.163865348084529,0.487701471213982
157,1880,"s057","m3",-0.243488936100964,0.2921825508089,-0.128950454319958,-1.12552640663611,-0.403269188580233,-0.233386836860978,0.419440318346544
158,1901,"s057","m3",-0.26795426389087,0.28917463061305,-0.143080866238281,-1.05724327345168,-0.145667528200491,-0.313690769504917,-0.964236252790849
159,1905,"s057","m3",-0.262332425817543,0.276828681470509,-0.209907084852179,-1.03806091704507,-0.249202121373522,-0.369142763042747,-0.187513892024342
160,1909,"s057","m3",-0.242174710197558,0.304252586650544,-0.129058482447623,-1.0584759247276,-0.26534301516888,-0.228433944732758,-0.27101032504374
161,1913,"s057","m3",-0.209450495333573,0.245638890076451,-0.173894043893674,-1.11995317825585,-0.373688141702697,-0.631840531890952,-0.252480941236352
162,1916,"s057","m3",-0.211524294838433,0.267235795756343,-0.0746505256530683,-1.11817409298901,-0.172331399881558,-0.144559545262399,-0.0499646513462047
163,1917,"s057","m3",-0.289835940422958,0.156329150696369,-0.223575750930891,-1.11682848508447,-0.194713164915285,-0.289959539912509,-0.54238843070169
164,1941,"s057","m3",-0.315751944918748,0.325848424273512,-0.256102582896155,-0.977584691213264,-0.247998004871896,-0.11160642095889,0.0656760565786589
165,1954,"s057","m3",-0.284974289018659,0.238819992457779,-0.321975683926148,-1.08319632811602,-0.67173473243025,-0.28850710341233,-0.0235665943997798
166,1958,"s057","m3",-0.393691392681582,0.234745984153055,-0.0614799829948806,-1.06357961120009,-0.392205107000243,-0.315213860179116,0.192477045575209
167,1969,"s057","m3",-0.272107308378066,0.266453821373433,-0.129689985122642,-1.01375855421036,-0.411809818085181,-0.232870215756628,-0.21642985639656
168,1977,"s057","m3",-0.1858906260056,0.253952051374676,-0.0843587891741747,-1.04226524470853,-0.0628394577077181,-0.224839111282193,-0.190404225695351
169,1991,"s057","m3",-0.24979114593255,0.0749452275941316,-0.117849448826708,-1.19477818876003,-0.178556652688456,-0.715252471437025,-0.299058776685675
170,2005,"s057","m3",-0.284767443141005,0.3900619869551,-0.185056537738852,-1.03505571573288,-0.21321887054675,-0.344051674750229,-0.748371331368372
171,2007,"s057","m3",-0.225983099931247,0.261930112812524,-0.0928828275121929,-1.05226209155389,-0.428604422722255,-0.0244403763998757,-0.186871837604106
172,2015,"s057","m3",-0.211962424238806,0.262371162900514,-0.135681602648397,-1.16330213076949,-0.387217584444531,-0.591994581006653,-0.316492921615623
173,2022,"s057","m3",-0.280720446245177,0.241270786879433,-0.0659670946232327,-1.03637311670879,-0.316488361006769,-0.377466610882213,-0.578815013081249
174,2024,"s057","m3",-0.292396322833033,0.144127243381098,-0.183707500893679,-1.04672453493347,-0.439092088807346,-0.330452624143576,-0.0938829025159374
175,2042,"s057","m3",-0.248258428035772,0.294774309862834,-0.143867820919109,-1.04013844074505,-0.216577715352479,-0.247993083267206,-0.5835519671695
176,2046,"s057","m3",-0.321080252081463,0.246006516799118,-0.207813583790334,-0.953414479161476,-0.598180224603305,-0.238513777568519,-2.55930328570163
177,2064,"s057","m3",-0.22672771645783,0.230112169754456,-0.0319771250904125,-1.05024011743666,-0.237752999032255,-0.154150094071978,-0.117695077531489
178,2103,"s057","m3",-0.178763804909409,0.23955580446919,-0.170412084401337,-1.0732270339738,-0.231837128182219,-0.477258954863611,-1.20866272259134
179,2122,"s057","m3",-0.284736122942104,0.183382523887363,-0.119393701712438,-1.08253880000044,-0.295006356009036,-0.574898918408665,0.155028024371783
180,2143,"s057","m3",-0.309750737795606,0.290686858347895,-0.136989399525543,-1.05397769926896,-0.372862894371179,-0.372078201541977,-0.0320321347581262
181,2168,"s057","m3",-0.28034994093069,0.422545829447715,-0.280674889318815,-0.982002624271709,-0.594332670533543,0.0316032949135444,-0.890626504278176
182,2180,"s057","m3",-0.231802656107271,0.174510258728771,-0.029414774412362,-0.971268832362311,-0.287417305930867,-0.211687335315524,-0.0970600592832553
183,2182,"s057","m3",-0.270638051917639,0.171218060445742,-0.178047831034622,-1.08118502289778,-0.555270990166937,-0.382971324759359,-0.112159200751021
184,2188,"s057","m3",-0.204428675826519,0.18870737854979,-0.198373442396184,-1.08438056687175,-0.364044040815189,-0.600950988735514,-0.0421692794156202
185,2190,"s057","m3",-0.299024846035848,0.300174728169428,-0.0252996896744561,-0.998118323216848,-0.194359772275118,-0.405121643812125,-0.994336932051189
186,2197,"s057","m3",-0.242421880377223,0.162621706342485,-0.189527814506818,-1.05398552744278,-0.331070245884987,-0.529521867567638,-0.191924377719475
187,2201,"s057","m3",-0.224121157767542,0.160141663262991,-0.167436422541732,-1.11097893300229,-0.188247538531589,-0.63864378165606,-0.124765421228097
188,2220,"s057","m3",-0.27942647002249,0.268083729770544,-0.0674307384176935,-1.19976044761915,-0.0911361596550962,-0.635566953692791,0.173931776260542
189,2232,"s057","m3",-0.2739432516425,0.132982614987101,-0.0684504688886167,-1.14232527961037,-0.247043376144016,-0.498186787732636,0.603512818555199
190,2235,"s057","m3",-0.272345787252618,0.185571477077282,-0.0562382617304798,-1.0415216567521,-0.0543790885499298,-0.328639626352099,-0.100216590039363
191,2241,"s057","m3",-0.219147319414222,0.193109043026946,-0.117971356739527,-1.16882156512469,-0.16141020086295,-0.46390680263878,-0.199467318301194
192,2247,"s057","m3",-0.200012962043282,0.205029038537871,-0.0404270183209751,-1.12841812312504,-0.324841654760739,-0.266364016201894,0.0544847401106167
193,2264,"s057","m3",-0.183643754212431,0.1357827819065,-0.0717659373733461,-0.983270406626485,-0.260434574852046,-0.439024414999849,-0.843433512301607
194,2296,"s057","m3",-0.292196801324562,0.341078565052119,-0.122494988839981,-1.02623296861286,-0.3160764218968,-0.0403368173371764,-0.0818856457513543
195,2316,"s057","m3",-0.257513825442052,0.172419698314742,-0.182975227811382,-1.08982516453548,-0.547855841156617,-0.233498366267207,0.373664098097002
196,2368,"s057","m3",-0.288662206735616,0.117227093913795,-0.165229556872788,-1.09761143557667,-0.507293871593776,-0.87009784665334,-0.361850611992638
197,2382,"s057","m3",-0.257940303034832,0.324091344889487,-0.0947774303670586,-1.05919594281525,-0.28392244355403,-0.232143632155269,0.299193406241622
198,2405,"s057","m3",-0.314677638547842,0.0713560937626341,-0.0902004779191802,-1.08511507980429,-0.213747196433533,-0.594874240600346,-0.562793287826467
199,2406,"s057","m3",-0.39168245355764,0.178395068860671,-0.220798309440538,-1.08231712836041,-0.679146888736685,-0.24591878151878,0.104111197855146
200,2408,"s057","m3",-0.317811088177966,0.207347350215742,-0.167907829650589,-1.06636427298395,-0.478142355860021,-0.468648494859814,-0.600938024473788
201,2413,"s057","m3",-0.1802643854506,0.318923014928923,-0.105259327912084,-1.06292083594451,-0.228810762267726,-0.316807838752139,-0.594478769282689
202,2427,"s057","m3",-0.330656905043686,0.166083836643281,-0.16954912867666,-1.23305539387705,-0.202402691344821,-0.880137082108733,1.00549854640496
203,2479,"s057","m3",-0.30735858353792,0.296322994553292,-0.0800655422226608,-1.03107284414703,-0.513964929919274,-0.0352616185987317,-0.70056461368876
204,2484,"s057","m3",-0.241156651085971,0.199263545091505,-0.165747168782601,-1.01358632455339,-0.299129183724391,-0.281670711621479,-1.12460912184928
205,2500,"s057","m3",-0.319364886787908,0.238889096610461,-0.188649331741955,-0.969835439014002,-0.607755810721118,-0.0806816893576754,-0.525364575191354
206,2508,"s057","m3",-0.169484216174372,0.234393284572217,-0.0899484684415536,-1.03994163891724,-0.240526286117772,-0.171480018243638,0.0337797622559205
207,2514,"s057","m3",-0.314307239687232,0.312420276040358,-0.209063437575439,-0.958474284211651,-0.430186421778564,-0.148237459058284,-0.321083226498717
208,2517,"s057","m3",-0.229939710749651,0.230386500462041,-0.112309543851165,-1.05969598535064,-0.287500898953148,-0.270211409051833,-1.02504958414505
209,2519,"s057","m3",-0.249012014976387,0.18719357004393,-0.0790546257960544,-1.16572819772426,-0.11989810067346,-0.356531687833026,0.0378650221263855
210,2520,"s057","m3",-0.256278820387155,0.224551706109643,-0.111150270679401,-1.0225167017273,-0.338216930434253,-0.347319021146547,-1.234481903809
211,2534,"s057","m3",-0.255918145069554,0.2118011054892,-0.0271720205774312,-1.04378770633921,-0.390662385646883,-0.336371652738886,-1.07827127425609
212,2560,"s057","m3",-0.23347958606302,0.280099544681958,0.0634540754600785,-1.02181989296981,-0.1551082524082,-0.161579371959983,-0.311509834472767
213,2564,"s057","m3",-0.295383391176721,0.152957240460295,-0.162000791568597,-1.23616412464436,-0.351565849312327,-0.74708402259929,0.175455922721518
214,2569,"s057","m3",-0.218106964237772,0.192436248624338,-0.110826266063437,-1.0978826213396,-0.271998543575629,-0.344637718871343,0.0522698934132861
215,2570,"s057","m3",-0.257684151750145,0.375761842871112,-0.111466607823963,-1.0322325684691,-0.0523978025074308,-0.0936644541474241,-0.113980918450886
216,2574,"s057","m3",-0.331282558688746,0.193013813628455,-0.153666845836197,-1.21088621259631,-0.307336533681173,-0.366049788253402,0.66091245920511
217,2585,"s057","m3",-0.243762700444133,0.277534978901542,-0.0989964893077063,-0.985610320134639,-0.304346507895923,-0.326873360541006,-0.553764477699552
218,2588,"s057","m3",-0.258325624250643,0.278828625002364,-0.201974090313416,-1.09086170239928,-0.240134526011987,-0.313997803792194,-0.541342027018536
219,2589,"s057","m3",-0.221583068701626,0.22758177695854,-0.0444868976637709,-1.00957964228716,-0.384514092272923,-0.428811589876139,-1.25312652714337
220,2591,"s057","m3",-0.171776305405607,0.241472629979666,-0.0461797412041171,-1.03419607135965,-0.429433525629577,-0.23688720753093,-0.581769589351953
221,2597,"s057","m3",-0.238456110877262,0.280103569305608,-0.245097866671434,-1.1195312874277,-0.442642421054437,-0.339877494310685,0.279373712231229
222,2610,"s057","m3",-0.247871869724939,0.112350086236368,-0.185653027923529,-1.18467759326011,-0.36407174390981,-0.539955728856342,0.00473556626740595
223,2614,"s057","m3",-0.224072703832667,0.153554067574341,-0.195653576993856,-1.03543408523861,-0.264565207741071,-0.49114230519653,-0.547528022780244
224,2616,"s057","m3",-0.211338597575869,0.0865644176816638,-0.233748701695019,-1.03147261954696,-0.28492403822134,-0.506998287692551,-0.11860069552105
225,2617,"s057","m3",-0.253354313999773,0.342971322963953,-0.144918407860215,-0.968676500104734,-0.459418806536562,-0.193744689064508,-0.43400515998577
226,2618,"s057","m3",-0.284614123215571,0.207246150816062,-0.126511890100927,-1.11534344253421,-0.382493124419922,-0.436302295247016,0.17035856347772
227,2639,"s057","m3",-0.28640576550453,0.174308691596985,-0.175442600369212,-1.10472297176398,-0.361288473106611,-0.397516437761909,0.124984909424358
228,2656,"s057","m3",-0.20930530802693,0.230668670261295,-0.0609496933282754,-1.10394491205501,-0.143004363660721,-0.418019165041375,0.177769735407587
229,2658,"s057","m3",-0.300998620311976,0.245876768732326,-0.154835186523642,-1.05197369261449,-0.35928464660666,-0.241177035816189,-0.823008958294743
230,2659,"s057","m3",-0.228746830781719,0.153575691376671,-0.115273941718202,-0.968284044580995,-0.282299122416028,-0.55670582610437,-0.324993396059742
231,2723,"s057","m3",-0.209168770046441,0.150273345857443,-0.193467165512707,-1.15360443703347,-0.142370716749786,-0.362606575971175,-0.116319944932237
232,2724,"s057","m3",-0.281957455526578,0.30268834356547,0.020817676036986,-1.04821489142598,-0.247717149194767,-0.124810455928237,0.379834605205651
233,2731,"s057","m3",-0.26542151448741,0.205989474613222,-0.154325002780218,-1.07939332892039,-0.41875312138289,-0.612668861786904,-0.137247331527305
234,2749,"s057","m3",-0.231281414021815,0.273642670744756,0.0232649919117842,-1.00705899476716,-0.302398370322929,-0.173377782531221,-0.897342655134075
235,2752,"s057","m3",-0.293613686834946,0.15880584315762,-0.100201868976779,-1.13372032659209,-0.166090424905457,-0.463351918719485,-0.0666355706621795
236,2785,"s057","m3",-0.311276265849759,0.192286595187009,-0.123881634996794,-0.982253774581968,-0.318921348335676,-0.334627251582355,-1.08749474626428
237,2804,"s057","m3",-0.169262326992847,0.20345951631021,-0.0958840821479486,-1.12614747532837,-0.388094323162025,-0.618925564576641,-0.349785963655805
238,2824,"s057","m3",-0.22268214232354,0.357656640397585,-0.0464644151442446,-1.07490691483577,-0.267638899612126,-0.331691573197427,-0.477365636257316
239,2850,"s057","m3",-0.294654237526428,0.162057666649531,-0.0804692226992128,-1.06060727760727,-0.291966184440453,-0.481121589520342,-0.181489491780016
240,2854,"s057","m3",-0.237822806435924,0.0915740540271126,-0.207153426221329,-1.03643061669053,-0.60374895232593,-0.50385272356186,-0.947890363359984
241,2865,"s057","m3",-0.278264776796101,0.26736123630131,-0.0107216083703867,-1.17175743227508,-0.0892319951088361,-0.329973438565977,-0.155549299294127
242,2870,"s057","m3",-0.165966816514461,0.210982321530133,-0.160792803447448,-1.00549318469399,-0.209806336184019,-0.715246059159869,-0.44609216717891
243,2876,"s057","m3",-0.330803913638599,0.284926153472018,-0.15379374909094,-0.969845489724089,-0.485385523254588,-0.217964395148984,-0.787510935838295
244,2902,"s057","m3",-0.288548670964715,0.144183911362685,-0.133080834644208,-1.01933045831994,-0.19058149056014,-0.553305752111206,-0.72629526088042
245,2937,"s057","m3",-0.28285036493702,0.134611489404193,-0.282200423671257,-1.16313386228214,-0.368545886658555,-0.511813222178313,0.463862748121789
246,2938,"s057","m3",-0.23004608498696,0.283411133610062,-0.171501474232079,-1.10941862187659,-0.418978102229073,-0.132608001121471,-0.119048824189437
247,2973,"s057","m3",-0.243473296115067,0.221696583593289,-0.125635175806473,-1.02690015220746,-0.24873858595571,-0.499173444065734,-1.14648076420237
248,2975,"s057","m3",-0.160996411671707,0.260280184034588,-0.00799530288125797,-1.01804166280011,-0.119829781008151,-0.317685191885931,-1.15201245051666
249,2984,"s057","m3",-0.154129966482214,0.26388572759626,-0.0720935540591938,-1.05954549492815,-0.253259595455419,-0.182212508711569,-1.32429818419446
250,3000,"s057","m3",-0.318148478695221,0.243348579431418,-0.0161985534499313,-1.0717795466959,-0.255736012497227,-0.435240338971231,-0.895916513506691
251,3043,"s057","m3",-0.289687674949001,0.218037774503954,-0.181177048929392,-1.00886838891481,-0.368877023353793,-0.456159848080478,-0.284373821570713
252,3048,"s057","m3",-0.238555059962397,0.327761105326675,-0.217360980691635,-1.01214990249949,-0.409580955040122,-0.292150696924224,-1.21167375104163
253,3079,"s057","m3",-0.266096119077558,0.222020390619566,-0.0768352312771761,-1.02151602600505,-0.283923457752201,-0.500997603955012,0.0858453409237821
254,3095,"s057","m3",-0.280584324469176,0.131454548391814,-0.15576629490463,-1.20428904159896,-0.409423900207333,-0.65743439152306,0.615074332069891
255,3105,"s057","m3",-0.334659052586471,0.267785042119607,-0.0942194548511721,-0.992308129893419,-0.433797058491898,-0.197841992067715,-0.229142384337577
256,3109,"s057","m3",-0.241312279062447,0.253052075486874,-0.141489130038506,-0.988520225573409,-0.108325519737614,-0.359681181773406,-0.343321716215769
257,3119,"s057","m3",-0.26583759791664,0.391053422864007,-0.12014721273441,-1.00545290068759,-0.309047789519961,-0.139874505613205,-0.78654636342482
258,3130,"s057","m3",-0.227901284406193,0.254953982274748,-0.177010548879438,-1.08339752041787,-0.472286859565343,-0.13966791635493,-0.0930430383983496
259,3157,"s057","m3",-0.219089601763888,0.33256604437593,-0.0823919418216708,-1.13071581344611,-0.144495921377099,-0.328434928736738,-0.665013763449446
260,3167,"s057","m3",-0.285174694254381,0.200029295671977,-0.0990989192717916,-1.09785416279418,-0.389465314530347,-0.428183413701419,-0.23595111485459
261,3176,"s057","m3",-0.35985280879058,0.245520374899061,-0.120804095540689,-0.981785188638142,-0.524281687185688,-0.186845388176036,-0.796010742748571
262,3185,"s057","m3",-0.280406239708676,0.220710869481554,-0.0823038422049862,-0.998632781746306,-0.216397138168834,-0.512016364235569,-0.0711558349134584
263,3195,"s057","m3",-0.363605377860232,0.289258881423008,-0.225348971831878,-1.04517133567058,-0.538486392384846,-0.252647085879859,-0.0792471552905181
264,3208,"s057","m3",-0.231016994832578,0.270322333776814,-0.172515002913002,-1.04636802512261,-0.536071261914966,-0.352091432676285,0.131534065646423
265,3214,"s057","m3",-0.282275148658993,0.178407864262729,-0.222625920611789,-1.05186603093812,-0.475854304600959,-0.46694977634249,-0.157503601369474
266,3232,"s057","m3",-0.354450603773726,0.244870336693096,-0.182830323366007,-1.1706216303853,-0.423121004330034,-0.376424541738005,0.183593320854674
267,3247,"s057","m3",-0.251488667865774,0.307094193541826,-0.220871448688688,-1.0326855673295,-0.284634435571757,-0.1391771119703,-0.406406005018104
268,3260,"s057","m3",-0.167606894389939,0.237906887711792,-0.0986621467652096,-0.910721791416583,-0.220204895897519,-0.409448240952321,-1.26042353417896
269,3274,"s057","m3",-0.244098698738402,0.179682240053888,-0.0703872470794466,-0.98024636283205,-0.262054412205065,-0.490550043440784,-1.48834253279101
270,3291,"s057","m3",-0.291874623481844,0.159564747602278,-0.200355328067666,-1.15238560476426,-0.530012150835984,-0.45636861159295,-0.258310601117511
271,3296,"s057","m3",-0.349913987284755,0.211727835845317,-0.199256948089029,-1.16630766727402,-0.274162792704335,-0.301182435182622,0.6685499029039
272,3304,"s057","m3",-0.275985580284957,0.22903647519639,-0.131162940678026,-1.06963600948902,-0.39837658142395,-0.477681120843204,-0.17652024053284
273,3308,"s057","m3",-0.377396968251384,0.215605721274672,-0.135337398248115,-1.14348193926178,-0.291474389210365,-0.434241021051787,0.410639858596138
274,3328,"s057","m3",-0.214631392375321,0.324007061321128,-0.106516785182982,-0.885356917636894,-0.410036933752559,-0.148624350212518,-1.23998413272927
275,3341,"s057","m3",-0.30249549677355,0.208879425448271,-0.162410360693856,-1.12526347918216,-0.331794510243523,-0.578635862106759,-0.122539840195593
276,3354,"s057","m3",-0.159260424470318,0.299816644952739,-0.0960698110725175,-0.976109339619912,-0.232302780107197,-0.187823627484227,-1.13688563102094
277,3367,"s057","m3",-0.358205574831041,0.184990923411627,-0.0967871463857137,-1.11508400513779,-0.338296416729614,-0.312079606418404,-0.279417979473782
278,3371,"s057","m3",-0.319006299673077,0.270748177889114,-0.103846160053183,-0.961318906209492,-0.207909030819142,-0.347020601287506,-0.490203222804507
279,3385,"s057","m3",-0.331730454457799,0.262261587426431,-0.136742215988128,-1.08586349711854,-0.446980546604102,-0.225885959226999,-0.146896420642758
280,3402,"s057","m3",-0.274274188080189,0.435422238591435,-0.222808377148561,-0.994492343023791,-0.171898939129991,-0.0229506907703031,-0.896836973822804
281,3407,"s057","m3",-0.253950127508805,0.148382839607498,-0.105255596463297,-1.16343819822619,-0.273742586957916,-0.403537538895116,0.373816527750353
282,3408,"s057","m3",-0.187913845405822,0.146498514000429,-0.0399753801102842,-1.12206863495431,-0.0475970766768375,-0.347983802120061,-0.15066273175775
283,3412,"s057","m3",-0.353473440713564,0.0580684317404397,-0.0513622187239374,-1.0038952302083,-0.250485534662504,-0.603333331450521,-0.741949423778861
284,3422,"s057","m3",-0.17969051534585,0.200311059412629,-0.056384174761026,-0.969424300485262,-0.189752927449402,-0.40840556480686,-0.977653268805552
285,3425,"s057","m3",-0.266430534927305,0.252502988844038,-0.0591265005432462,-1.02359078440553,-0.225354295564671,-0.394447001470953,-0.428541506968679
286,3427,"s057","m3",-0.291798720327919,0.281921674598247,-0.2262630015519,-1.15979072096332,-0.20631130216174,-0.397687421273184,0.386091127113572
287,3428,"s057","m3",-0.232804546128897,0.215174941352705,-0.117245618962891,-1.05411338912874,-0.256819036530306,-0.870482905977222,-0.555062134744477
288,3430,"s057","m3",-0.23839083373596,0.320377522390805,-0.0875816983943342,-0.965416991386326,-0.184480580089843,-0.152399399212281,-0.57089774205678
289,3438,"s057","m3",-0.249535041029661,0.204430927102213,-0.0929477725956061,-1.10345320468687,-0.246293956015221,-0.264214915985496,0.360107169902488
290,3453,"s057","m3",-0.359492518856509,0.15235617927404,-0.0510337133362389,-1.16712206868804,-0.418011632313769,-0.647866545374667,0.211018067730386
291,3460,"s057","m3",-0.262255232465982,0.389358488538488,-0.0441144583292673,-0.982265044397685,-0.449169332107609,-0.0873054007702343,-0.964168202983868
292,3502,"s057","m3",-0.20528614308185,0.150323612871788,-0.0338584537147506,-1.04746986389591,-0.254787061161647,-0.506112408016719,-0.305574459982639
293,3512,"s057","m3",-0.279381415037456,0.21461210950251,-0.147975708568568,-1.13331135137747,-0.205356416415144,-0.374388621537147,0.226292016573366
294,3542,"s057","m3",-0.208170212797779,0.163285286873373,-0.168203416883956,-1.11213115987222,-0.0766769490460831,-0.491397734686266,0.29114350916403
295,3543,"s057","m3",-0.230622239359702,0.323769875770206,-0.0571715079709748,-1.02139019126615,-0.36884509267342,-0.366931009623628,-1.17103958703379
296,3574,"s057","m3",-0.31340901229962,0.215461954773997,-0.206992648911747,-1.18507598186676,-0.396980323088207,-0.321257996720352,0.482191095929283
297,3576,"s057","m3",-0.225298413903247,0.268285474145609,-0.115824428415766,-0.962490261096259,-0.36518700007229,-0.215575150105019,-0.543326996530549
298,3588,"s057","m3",-0.292495196968675,0.194525030308497,-0.190132616499277,-1.14787771054927,-0.395912563843498,-0.616894916346735,0.0700575022306834
299,3592,"s057","m3",-0.34925369206673,0.149309480140183,-0.196775640858455,-1.15368494088465,-0.514969254226212,-0.468139618035615,0.479861529719906
300,3610,"s057","m3",-0.317745023844223,0.230326228185597,-0.202169784653367,-1.04883988266727,-0.343823526473035,-0.249856188833289,-0.335314397494681
301,3612,"s057","m3",-0.182831212233115,0.29504651492619,-0.0860704067090387,-1.00915703380175,-0.260973003500041,-0.134068203752704,-1.15716670841927
302,3625,"s057","m3",-0.278264642045332,0.174670584414978,-0.13713233675883,-1.01690363775608,-0.425338355355444,-0.33553905541852,-0.601980189729356
303,3634,"s057","m3",-0.237813859955106,0.158313306446134,-0.116862674554639,-1.08615139775142,-0.418928345250589,-0.85189568927043,-0.417732848070885
304,3653,"s057","m3",-0.308793892670826,0.177575558907519,-0.104262769045652,-1.22937860282533,-0.43977177908199,-0.669835157003621,0.948639231846206
305,3660,"s057","m3",-0.195728797714874,0.125091126736486,-0.161468828834685,-1.20931213676563,-0.368038081269346,-0.644297726786743,0.321583363768612
306,3689,"s057","m3",-0.192389001381084,0.30788467051921,-0.144774088139938,-0.984059528290761,-0.11966012037537,-0.246607753524794,-1.25636631891935
307,3695,"s057","m3",-0.2651231104218,0.260786790120871,-0.167036624214156,-1.15958880430188,-0.343726392076877,-0.15885729679015,-0.473107945621399
308,3703,"s057","m3",-0.318463282885154,0.151988593881057,-0.107664338624237,-1.11085008817609,-0.295728970150271,-0.560707706443975,0.188674522903734
309,3733,"s057","m3",-0.247476749645837,0.157800351560919,-0.231985032712393,-1.1352486393417,-0.430159016132945,-0.334337953900166,-0.0245434538142256
310,3734,"s057","m3",-0.191522195930855,0.253879270688512,-0.0882722335405865,-1.00259920203966,-0.439238489675047,-0.427347959142694,-1.826944993386
311,3754,"s057","m3",-0.374061030147219,0.230683001206777,-0.179999803961942,-1.10255864719104,-0.587508598953872,-0.333302568481888,-0.0911327778392754
312,3759,"s057","m3",-0.224688552746307,0.295067366151285,-0.0382621051041116,-1.01432922851797,-0.184361775480241,-0.475080243268028,-0.386548149018887
313,3770,"s057","m3",-0.439285201014304,0.23324753257196,-0.135123153314668,-1.07882723513221,-0.422551432127637,-0.292336300681807,-0.0910217115269961
314,3774,"s057","m3",-0.186510729192648,0.244080648722533,-0.06330254459968,-0.999154945095739,-0.0865614732158354,-0.362515239373082,-0.694181626287218
315,3806,"s057","m3",-0.209900000806643,0.259809873815489,-0.0634907344791962,-1.04548745293923,-0.0493580652627305,-0.410497037636346,-0.0670673079754638
316,3808,"s057","m3",-0.215865698504989,0.189862325007548,-0.177758329937692,-0.932270073683707,-0.274902992463758,-0.351435371832752,-1.34531410881352
317,3817,"s057","m3",-0.272998335997811,0.256433084406071,-0.128623467754852,-1.08705849899124,-0.339319600637845,-0.0565731461431064,-0.25240199248057
318,3826,"s057","m3",-0.344350843226716,0.340593097092881,-0.109233288778779,-1.09227549732063,-0.425364451859423,-0.378268078395257,-0.440053123965109
319,3831,"s057","m3",-0.290101654970232,0.246708505950043,-0.0407556622839109,-1.01031848000901,-0.336545293918655,-0.155773649368427,-0.388894686247734
320,3833,"s057","m3",-0.335640736861444,0.287951866288817,-0.123616877182915,-0.967343248894632,-0.39265500724007,0.0216418933146921,-0.938796031438267
321,3850,"s057","m3",-0.337361554907989,0.184702757296571,-0.200995282801538,-1.17044454697846,-0.700574346355664,-0.307575743322889,0.0502808714903389
322,3855,"s057","m3",-0.207138656864484,0.210390308580579,-0.117247696218861,-1.03268508954645,-0.377025994024509,-0.648902219982419,-0.184454948229575
323,3872,"s057","m3",-0.260495887184255,0.222385326954617,-0.143487567808831,-1.17154945988464,-0.190715983620523,-0.170015683488106,0.507112206708657
324,3880,"s057","m3",-0.208949611794578,0.231502689005333,-0.0668742082635326,-1.07654998707838,-0.287228786690851,-0.646611919686103,-0.517851124725858
325,3881,"s057","m3",-0.263528021773613,0.298408718933778,-0.107160129263169,-1.05984991467096,-0.154855313669577,-0.112593262251639,-0.658003043920205
326,3893,"s057","m3",-0.220240703682052,0.210451517243026,-0.0171060672497989,-0.936893990892975,-0.170624018800758,-0.401515917136232,-1.94165465026657
327,3912,"s057","m3",-0.235481768497433,0.12970912598976,-0.127370685061015,-1.09027039257443,-0.320628149527637,-0.662334275720884,-0.00817494963558025
328,3918,"s057","m3",-0.304268870121962,0.239197542889085,-0.145004338708401,-1.13592140332633,-0.251916757436839,-0.439854957585614,-0.425114908409348
329,3940,"s057","m3",-0.194796663652271,0.241872825236563,-0.142527190124946,-1.02911389387192,-0.262205268591355,-0.248753364556166,-0.978528242340454
330,3943,"s057","m3",-0.236716506400006,0.183880771393036,-0.119751600494349,-1.0221341949342,-0.29643996362026,-0.356575020538168,-1.22993302594325
331,3949,"s057","m3",-0.177841303449436,0.22280367518199,-0.0514798572124917,-1.08201370959666,-0.200562848287285,-0.294808573846599,-0.349596197573583
332,3953,"s057","m3",-0.349886512593376,0.156281686458182,-0.188461309292393,-1.15351393680054,-0.216032163766708,-0.480588630837492,0.0825343011387232
333,3982,"s057","m3",-0.350630654308136,0.240437719666447,-0.154496239488608,-1.04261653567238,-0.456148621119636,-0.414048494752319,-0.762313018893678
334,3983,"s057","m3",-0.158070615872726,0.225850313589525,-0.136261488116559,-0.993948581286902,-0.200843005988437,-0.307064370683645,-0.651663248705979
335,3989,"s057","m3",-0.226226487915658,0.315610592564621,-0.168641783232819,-0.949602110797969,-0.291922046087286,-0.103793847496022,-0.778534845315779
336,3995,"s057","m3",-0.327204679984602,0.229898516234545,-0.0882197750291334,-1.17596545740868,-0.368548973551568,-0.364363726763576,0.721197122128807
337,3996,"s057","m3",-0.200649214443793,0.275973684970887,-0.116258479487904,-1.09973961574507,-0.220089720294795,-0.369776335271727,-0.704013647902775
338,3999,"s057","m3",-0.303463652076185,0.203991441123534,-0.028384892647486,-1.12644538460109,-0.432923920093237,-0.473376139852874,-0.36865934474946
339,4017,"s057","m3",-0.337313273582631,0.20662589706193,-0.193730887933,-1.07240320245138,-0.493894450477062,-0.334023296255881,-0.402074340089599
340,4021,"s057","m3",-0.267579054240046,0.35281617424902,-0.0932342991257575,-0.84720085554733,-0.348641683400532,0.0606649849750895,-1.17708557625216
341,4031,"s057","m3",-0.261780894202707,0.140691378133111,-0.185265271336014,-1.08638271827136,-0.201846958733047,-0.522952664322345,-0.290161949588192
342,4043,"s057","m3",-0.209744103077742,0.215961858008464,-0.0498823907869635,-1.06613047767761,-0.253804480502938,-0.392347834382138,0.228593912775067
343,4044,"s057","m3",-0.181593304943494,0.305847908932545,-0.0161966099474327,-0.932175073802551,-0.288591242508318,-0.11470469443825,-0.415741315548893
344,4046,"s057","m3",-0.290375030039536,0.169615405392976,-0.12527513097589,-1.20742726030529,-0.181436093164621,-0.497380157519392,0.643075317427516
345,4092,"s057","m3",-0.313832126318668,0.152609218272203,-0.132092738050209,-1.08567045953436,-0.311259095444632,-0.725980168843999,-0.445131634798593
346,4114,"s057","m3",-0.289072771650369,0.21264874564536,-0.112089823291299,-1.04955443153629,-0.343686077495031,-0.276433632036975,-0.319158102281991
347,4126,"s057","m3",-0.207871224086598,0.19185557016087,-0.108447034225071,-0.918206646825423,-0.38418152698986,-0.311359748058638,-1.17026814115527
348,4128,"s057","m3",-0.341660117552567,0.193420666416611,-0.173295044378584,-1.07941687428601,-0.39296959132003,-0.323564199004155,-0.130835725104084
349,4129,"s057","m3",-0.310760626341227,0.0321764665922184,-0.176513012073271,-1.2279919213907,-0.405286175046662,-0.67879560183439,0.241177641894434
350,4134,"s057","m3",-0.296314660934693,0.164885348142702,-0.159214895070063,-1.12674842053487,-0.308431251233025,-0.329512012477724,0.0487905153780862
351,4138,"s057","m3",-0.304271432154349,0.25250793898079,-0.302236993478042,-1.06167664615824,-0.450591127092981,-0.18785143958304,-0.117181790345418
352,4141,"s057","m3",-0.302560585212161,0.0990672404661186,-0.0690009254255724,-1.13751996519608,-0.313384477859758,-0.49154007120015,0.281717699959349
353,4155,"s057","m3",-0.275988686111172,0.161613780212603,-0.0810417343101523,-1.11941278177862,-0.171419614917086,-0.601600238358801,-0.109441248634004
354,4185,"s057","m3",-0.312058366439658,0.176226675328931,-0.174424582566653,-1.1518646060152,-0.403453372663919,-0.749140797080413,-0.603466099170586
355,4215,"s057","m3",-0.325292351800709,0.275689165973212,-0.213781665587895,-1.07029445411111,-0.461857408809618,-0.134751061896781,0.0550887898450381
356,4216,"s057","m3",-0.289732511974642,0.251608861368756,-0.0954085609472872,-0.986262833384167,-0.542501229724747,-0.411849444355026,-0.263259403432245
357,4251,"s057","m3",-0.406414270855025,0.0563958275694492,-0.216676294741586,-1.13573045256247,-0.709067436682039,-0.477984464910435,0.587604699940356
358,4256,"s057","m3",-0.320370246255726,0.283617499889044,-0.0236899208545379,-0.997101977189201,-0.345299631880576,-0.259279463095757,-0.654301170886855
359,4261,"s057","m3",-0.20644553324687,0.21753948546193,-0.0505184890803099,-1.01903809601058,-0.237192446082473,-0.514305488378408,-0.59520767316088
360,4267,"s057","m3",-0.416003676113754,0.15166261422635,-0.10623624061488,-1.23267692505653,-0.57253535000188,-0.475778082285564,0.483844146837628
361,4300,"s057","m3",-0.27239570267862,0.34895261758124,-0.15983523284315,-1.02263254538325,-0.321486650834192,-0.307376456073095,-0.0376317052023206
362,4310,"s057","m3",-0.38253444890734,0.298411562534933,-0.109665119948899,-1.05767779995591,-0.2836256591377,-0.259746749510081,-0.189574423662811
363,4314,"s057","m3",-0.175345404756953,0.30154607234347,-0.105599423015007,-0.970246630025307,-0.104037980944164,-0.283963360810028,-0.764829923696756
364,4330,"s057","m3",-0.212580525814502,0.157160682376119,-0.14085374838824,-1.08653410759696,-0.236116083444014,-0.525521621361558,-0.261700188544358
365,4335,"s057","m3",-0.357803450108383,0.177285304929333,-0.264918783156447,-0.981329817052995,-0.661183739122194,-0.393057119506719,-0.845259644297975
366,4342,"s057","m3",-0.199823066882333,0.228788626650402,-0.0396170658836469,-0.963220947588811,-0.0279033664356774,-0.347579042155099,-1.59371156569953
367,4360,"s057","m3",-0.212859606988033,0.166076761830724,-0.172412784777981,-1.04388533856675,-0.228701059054449,-0.234748144078357,-0.789373914492076
368,4376,"s057","m3",-0.360581364824897,0.121795222833416,-0.169944043520399,-1.00755372934041,-0.58765139794442,-0.618417972389544,-0.00902418684854564
369,4403,"s057","m3",-0.236972191513746,0.127340151481338,-0.204670623643905,-1.03946398492337,-0.509957630935491,-0.31549597868887,-0.688047088411952
370,4435,"s057","m3",-0.259302454135261,0.309896737030692,-0.169746814213682,-1.05506503119086,-0.326353401139229,-0.25503858427564,-0.288784909356847
371,4441,"s057","m3",-0.307285957786523,0.300069456223941,-0.058092074389345,-1.06724670423676,-0.272825688026931,-0.248605267051736,0.354616567805937
372,4463,"s057","m3",-0.29301634730662,0.235200027647525,-0.0361090276304584,-1.1497050583814,-0.388690304012021,-0.334694577696936,-0.290329147877385
373,4477,"s057","m3",-0.274392529716773,0.207896973048317,-0.145124555915382,-1.03035715546059,-0.244475317013869,-0.448689270965001,-0.519476999666407
374,4479,"s057","m3",-0.346937581892563,0.285258457654226,-0.176460428389154,-1.15186994595212,-0.568433098222985,-0.325542339230184,-0.215107057056018
375,4487,"s057","m3",-0.281746168862791,0.221158633876188,-0.127507482031714,-1.16937983869131,-0.17696967587687,-0.387340274685653,0.0840368963475277
376,4491,"s057","m3",-0.201923311125137,0.243440237507604,-0.124489450839374,-0.900302544535671,-0.127961376189634,-0.227875000929541,-1.26557862836807
377,4501,"s057","m3",-0.246085408248976,0.191852177217872,-0.12259890825568,-1.11362824007729,-0.154357352914105,-0.342529672822345,-0.015251954693781
378,4505,"s057","m3",-0.321554057508071,0.172277302787604,-0.268343820984015,-1.08000039339902,-0.331770074618507,-0.20938387834238,0.10749337868199
379,4517,"s057","m3",-0.231078864179559,0.205421317015463,-0.269422273925847,-1.04343367659784,-0.342197184691071,-0.442377841974389,0.334507716628767
380,4522,"s057","m3",-0.319709756383995,0.13085988306926,-0.135986849103217,-1.07876369375886,-0.238347181057942,-0.475521396929087,-0.0612892279563269
381,4555,"s057","m3",-0.296126717277194,0.253535769032436,-0.124607944885939,-0.973441680431561,-0.335927678749091,-0.434446275407127,-0.0885384652112494
382,4571,"s057","m3",-0.280477592340952,0.232134655917974,-0.183943192740189,-1.06210294026848,-0.351074615776104,-0.345104528568096,-0.399393917413784
383,4575,"s057","m3",-0.273558117844459,0.219678861433456,-0.0475670134129153,-0.982126093469349,-0.405407090679158,-0.350069251493585,-1.12564115598774
384,4586,"s057","m3",-0.160548891150332,0.104008066829531,-0.0753084631352716,-1.10705098014772,-0.134134781858536,-0.451091604184077,-0.600338584347601
385,4587,"s057","m3",-0.227756035889258,0.190241386720502,-0.170739392330604,-1.02197959318309,-0.22207437161779,-0.538790226488941,-0.695713054523321
386,4590,"s057","m3",-0.342733110102228,0.194983539671254,-0.0955465767021269,-1.14642830154005,-0.398027699353872,-0.426590779852157,0.0659021158846688
387,4619,"s057","m3",-0.208371755664753,0.204942243261092,-0.0379065418918086,-1.05330748185283,-0.160047411386097,-0.992436812979445,-0.35990224392898
388,4620,"s057","m3",-0.286624303198457,0.236003114354664,-0.122228085573852,-1.02994099951971,-0.320217070767922,-0.276498335020824,-0.398910449748884
389,4636,"s057","m3",-0.219178789233825,0.315450960776485,-0.0778576910003646,-0.946521012672519,-0.303007400065466,-0.184211536204868,-1.07922942312742
390,4646,"s057","m3",-0.247278402909602,0.199921658036753,-0.0901912893380987,-1.07866485395943,-0.222226893663827,-0.526701022069663,-0.146595520948579
391,4652,"s057","m3",-0.186839558269437,0.23822496647584,0.000712358408360887,-1.13800712024296,-0.284426325907634,-0.50419823393358,-0.282804258570236
392,4673,"s057","m3",-0.151438935099058,0.236793039548427,-0.131266062942746,-1.02571377403348,-0.0122264420209173,-0.412576234316713,0.157035906893581
393,4678,"s057","m3",-0.19343809423378,0.160762315279858,-0.259568623500553,-1.06895321513373,-0.297365146887688,-0.582430385461105,-0.548927790609455
394,4698,"s057","m3",-0.280660464772105,0.201894193557752,-0.164765801610538,-1.11348082087447,-0.412612981683491,-0.227946274065924,0.241588662142264
395,4717,"s057","m3",-0.209759618541037,0.237944114080019,-0.131147534959521,-0.926792834884559,-0.288300111109907,-0.315555929459978,-1.48498802443107
396,4724,"s057","m3",-0.310903376349765,0.24206071661417,-0.183582205882382,-1.09364140060884,-0.290199396679025,-0.468810301276475,-0.642094062782009
397,4728,"s057","m3",-0.21990514823071,0.180155405686713,-0.0945629290655199,-0.951326177396564,-0.0529300599441756,-0.471665171611886,-1.04358294381066
398,4743,"s057","m3",-0.278490924389056,0.272405133691298,-0.0790845479200938,-0.949331226330861,-0.217051862559261,-0.212533825385561,-0.549214433417193
399,4744,"s057","m3",-0.293523053267518,0.253682191416115,-0.0781663458527184,-1.09536660598395,-0.315962474560418,-0.330622653989362,-0.244974412941123
400,4763,"s057","m3",-0.355107715319951,0.1695083136581,-0.263156678568708,-0.973650597184186,-0.634555869494413,-0.392007130909137,-0.830739780299026
401,4764,"s057","m3",-0.268168879154527,0.323385581542934,-0.090370981307845,-1.07747708806184,-0.392325493291011,-0.125584607289105,-0.557116791005631
402,4778,"s057","m3",-0.255809215391593,0.305747610267353,-0.134209337842705,-0.920117994489816,-0.346362577132251,0.0397211521682585,-1.06524308586976
403,4779,"s057","m3",-0.329045070060654,0.203049110959348,-0.133855360577664,-1.03231212091348,-0.417662884290874,-0.368415722647429,-1.0195874564346
404,4792,"s057","m3",-0.272023082061482,0.17875647666481,-0.184354543730164,-1.02724465391779,-0.353114598941457,-0.275000481201996,-0.495565168130929
405,4799,"s057","m3",-0.293377395486999,0.215060500555021,-0.142611889987274,-1.11148143954439,-0.483754737746321,-0.23222771894153,-0.220935860516461
406,4803,"s057","m3",-0.284945340594551,0.288478003501927,-0.154725738110447,-0.994264288006023,-0.354811054472928,-0.196118107964854,-0.524868160820922
407,4805,"s057","m3",-0.172834992708626,0.230340381760279,-0.0792129899262748,-0.966262084506852,-0.13570543145805,-0.13235644490054,-0.805266459733659
408,4857,"s057","m3",-0.294479622844101,0.135184384578547,-0.152319059257849,-1.27842188217804,-0.200353091725668,-0.349671352215821,0.586562695362387
409,4858,"s057","m3",-0.343772116664456,0.0926699251798451,-0.224695140976449,-1.24697385829542,-0.518351210915287,-0.403806983464072,0.570846125338573
410,4859,"s057","m3",-0.281718349317666,0.186491661914633,-0.175357918457036,-1.12359653787167,-0.512402875116681,-0.331500625318149,-0.763426729358766
411,4871,"s057","m3",-0.200605760744569,0.200469309921327,-0.0879548788805885,-1.0211121762491,-0.170516310714917,-0.496479083494849,-1.55817496989433
412,4882,"s057","m3",-0.248408578722153,0.239346032728957,-0.121555325449251,-1.0438363571442,-0.209812625332448,-0.188741828187665,-0.241440273802757
413,4887,"s057","m3",-0.351407950629153,0.197862997632246,-0.21598868915837,-1.11549821202126,-0.406171721373361,-0.401467481461302,-0.329993147958419
414,4890,"s057","m3",-0.312303227870891,0.241852533464875,-0.220146682289872,-1.00717564425834,-0.371035614226488,-0.314879332926697,-0.56916551828804
415,4902,"s057","m3",-0.294407354345432,0.320074782706233,-0.173455131913123,-1.11016492994115,-0.35903374159662,-0.317872469197942,-0.641596417200138
416,4927,"s057","m3",-0.172756755983301,0.245564401724709,-0.204910545623795,-1.04497985477294,-0.326613550387737,-0.724830945560538,-0.696836084395943
417,4940,"s057","m3",-0.264422291396464,0.243476548098901,-0.223124659439772,-1.0735791152072,-0.21820720885696,-0.39762346333872,0.0180665901286744
418,4945,"s057","m3",-0.189676227408838,0.252179132295441,0.0126817642529516,-0.946727538931506,-0.167270430235736,-0.226412216920503,-0.971605084608062
419,4958,"s057","m3",-0.284222321378364,0.246411597887732,-0.179187093911149,-1.08700819143322,-0.393999097391154,-0.279207000093638,0.0159428469553402
420,4979,"s057","m3",-0.268821449859345,0.18255772655381,-0.0202997853588476,-1.060840779456,-0.21482466518597,-0.314431559940659,0.068726031404447
421,4983,"s057","m3",-0.287465981569071,0.302191252267635,-0.142280302823505,-0.977837841006139,-0.690967688707672,-0.0738509553918307,-1.42840529570036
422,4995,"s057","m3",-0.35901549979559,0.0420386237989774,-0.232302884966019,-1.1168034717121,-0.574326914166269,-0.772317392415034,-0.111780673916749
423,5012,"s057","m3",-0.261233038611126,0.238104111255495,-0.162474708045411,-1.19411959018196,-0.269461749721771,-0.196783814095254,0.652954327713039
424,5020,"s057","m3",-0.260350322529225,0.0996685538572277,-0.198462079353521,-1.12878400384406,-0.331860747011313,-0.391620684634518,0.00410475934046708
425,5024,"s057","m3",-0.301466571007991,0.345596591416841,-0.118024031232858,-1.06571197175584,-0.282121808087276,-0.119599145331549,-0.261320806343021
426,5038,"s057","m3",-0.373145002448594,0.179549555598776,-0.134654098373974,-1.12455097679691,-0.702697506742523,-0.430674593111276,0.367438951553988
427,5041,"s057","m3",-0.14723356104703,0.186406962466203,-0.139323294076794,-1.05724498962057,-0.254766952563811,-0.0901642630668961,0.379711669441209
428,5084,"s057","m3",-0.256736262417212,0.276262062193909,-0.033825983891606,-0.981223359763613,-0.136151949707833,-0.163306499974294,-0.272079146833915
429,5085,"s057","m3",-0.264184009028803,0.225496693725583,-0.148893273696321,-1.05387328085351,-0.40737400104101,-0.505534708724318,-0.317085195987047
430,5089,"s057","m3",-0.246102681384899,0.124844504549917,-0.0461724154614105,-1.02809066969573,-0.182572696445991,-0.44750970327115,-0.0412461957481661
431,5092,"s057","m3",-0.181912889448353,0.206375454533915,-0.30115092401597,-1.0362860366262,-0.150689333538521,-0.360760613040827,0.0545254958904528
432,5094,"s057","m3",-0.347235064247148,0.117504226787547,-0.23075166484124,-1.07754201069379,-0.672677771705246,-0.297471393119,0.0568128122122676
433,5109,"s057","m3",-0.126973624664292,0.280227245440076,-0.0309656347838094,-0.92259004218346,0.0410606451818494,-0.124656895499017,-2.33082548929907
434,5127,"s057","m3",-0.163795979111908,0.401483094281326,-0.171852478955654,-1.01425870571777,-0.100862622989583,-0.262801632164152,-0.762894610478687
435,5129,"s057","m3",-0.219278309691378,0.330763747470226,-0.25587862221382,-1.07307266555117,-0.192928793614415,-0.26150889500651,0.0907541061309215
436,5132,"s057","m3",-0.276353643339694,0.175512956604614,-0.0894895316296832,-1.09835743101568,-0.185852090888064,-0.721411875870699,-0.50407701851028
437,5139,"s057","m3",-0.289589849492622,0.231261666017288,-0.15877482094093,-1.07365227779999,-0.303171342931233,-0.325868312063076,0.0127605904737259
438,5142,"s057","m3",-0.0888167124491026,0.144491829790626,-0.0631243150649815,-1.04975740301337,-0.0867448369747244,-0.661959047745412,-0.290279731679406
439,5144,"s057","m3",-0.357760900813123,0.154516293308943,-0.113445994188937,-1.00190929597702,-0.524013471099633,-0.358367822385992,-0.0270802802093884
440,5148,"s057","m3",-0.192846273310155,0.144789260302309,-0.113298074261002,-1.03144953995094,-0.303403589387847,-0.637538583534441,-0.27759635122228
441,5155,"s057","m3",-0.330935837552461,0.349029965218429,-0.206962671795495,-1.07812348261704,-0.47270894052973,-0.32672191453016,0.241936653382451
442,5167,"s057","m3",-0.0873497250128742,0.318442171093009,-0.133426581386089,-0.89890838411485,-0.163052744951951,-0.118500665100563,-2.28770749443581
443,5184,"s057","m3",-0.24541950749497,0.16849003362375,-0.121338992270621,-1.09272183568659,-0.288625118547461,-0.396980182150523,-0.194414364210601
444,5212,"s057","m3",-0.355176369658644,0.23313891006951,-0.204368895280147,-1.10448112164432,-0.391049196537864,-0.51025996850539,0.152777520161096
445,5223,"s057","m3",-0.316156956657964,0.196482036387053,-0.0832872203079132,-1.13099470862302,-0.194251494402407,-0.297343947714905,0.168224546097652
446,5236,"s057","m3",-0.206867879543797,0.25163487253906,-0.0916666793432633,-0.926398656447428,-0.42515357014901,-0.041006494046922,-1.46446738879203
447,5264,"s057","m3",-0.260484283413814,0.250690295370327,-0.0838833765391167,-1.05644847728217,-0.324727324983869,-0.161290028330607,-0.654430188160765
448,5274,"s057","m3",-0.347716620990187,0.0225777072465027,-0.093172517220869,-1.20031347049052,-0.33698464061043,-0.958696616239467,0.58504697341393
449,5303,"s057","m3",-0.39186131266153,0.248422963121013,-0.14432588950468,-1.07839849138372,-0.401226657829436,-0.244834148046083,0.127055712795865
450,5312,"s057","m3",-0.317102461747747,0.285344677696069,-0.118670864709917,-1.05432265047373,-0.378232464218575,-0.298080863400449,-0.322150696927701
451,5315,"s057","m3",-0.263084262269033,0.206968541917726,-0.163897630483283,-1.23073711017707,-0.401288157783507,-0.544020471528107,0.632574862582072
452,5316,"s057","m3",-0.239245184585498,0.232422076425842,-0.0687054497131247,-1.05852643287894,-0.361533465244786,-0.726349493383522,-0.356061648796918
453,5325,"s057","m3",-0.21269192865922,0.13643803233966,-0.0412957896757586,-0.990158754333739,-0.384455104239576,-0.383790409297079,-1.12022677632355
454,5331,"s057","m3",-0.161777503600428,0.245396694593322,-0.0232966950044667,-1.05810531359776,-0.348747605727541,-0.198081133382646,-0.764936040478307
455,5374,"s057","m3",-0.191301286182989,0.217436115582852,-0.0336338130471895,-1.09883677758742,-0.245534775908594,-0.33191578587524,-0.584665698552262
456,5385,"s057","m3",-0.328745732188232,0.255388666873158,-0.124819911861768,-1.05060769565377,-0.365005368952129,-0.192255155177081,0.100863678681136
457,5393,"s057","m3",-0.225723122081612,0.224062030734902,-0.119265531137066,-1.01060903338768,-0.343808441129344,-0.579978800164318,-0.274463462676942
458,5416,"s057","m3",-0.377400778269766,0.189652428337176,-0.101997106741968,-1.12458166507108,-0.351276870281144,-0.605388473821313,-0.157676785021914
459,5442,"s057","m3",-0.35038578764488,0.199472631041491,-0.154326388756189,-1.09736487470484,-0.459516337107364,-0.514418532730633,-0.143859699102949
460,5447,"s057","m3",-0.318157482090203,0.201193711265627,-0.151689551708753,-1.13504425755316,-0.505383709572131,-0.430757396794734,-0.543599553829008
461,5454,"s057","m3",-0.316229654255355,0.230052556345542,-0.163688098722798,-1.18169108433167,-0.443726042843742,-0.459958678673922,0.921172618697842
462,5464,"s057","m3",-0.297157027162242,0.114535275363385,-0.0700079270853021,-1.02171105706158,-0.307512771624635,-0.551108143873297,-0.522090539339028
463,5482,"s057","m3",-0.338624881840504,0.204612926658299,-0.107254918858876,-1.24952144006153,-0.284511995429409,-0.277277273710909,1.12622860792097
464,5488,"s057","m3",-0.284024961867663,0.233000028329677,-0.237275468797283,-1.06937514545582,-0.340204573958559,-0.308710959408466,-0.310283516244663
465,5499,"s057","m3",-0.311520044716616,0.175775698215653,-0.188881352974118,-1.2000744144379,-0.526695783882503,-0.383580127778636,0.446891808778142
466,5500,"s057","m3",-0.251965959791189,0.211598792906169,-0.100250175704005,-1.15766153901671,-0.0990046460429979,-0.264633923938697,-0.0437405134829861
467,5524,"s057","m3",-0.385069240256871,0.199490735232994,-0.16257336781936,-1.10847678915332,-0.433346504062326,-0.29472348525803,-0.149126013228094
468,5530,"s057","m3",-0.316527089273971,0.291722696791255,-0.112308992547173,-0.985767651578322,-0.198373194808433,-0.289431671586449,-0.535328410944462
469,5543,"s057","m3",-0.258485527829142,0.222093660409056,-0.0425798302638946,-1.10331510620978,-0.335662206270007,-0.57045737126511,-0.188200555592079
470,5550,"s057","m3",-0.415946452358552,0.174909837472081,-0.211205403379208,-1.09350102012615,-0.217962536449935,-0.392411716804045,0.161223610893836
471,5565,"s057","m3",-0.282957106501439,0.19823673598403,-0.0970420448372757,-1.0240159775849,-0.204755849879643,-0.435462154965121,-0.579673188221608
472,5576,"s057","m3",-0.24970398673381,0.193003732388091,0.0201925793070782,-1.06821408270129,-0.315586162245481,-0.321498417805569,-0.139022401087127
473,5578,"s057","m3",-0.345996067062425,0.235412450093893,-0.173240762376556,-1.06996378459549,-0.75252464536804,-0.264822663158904,-0.386595367737886
474,5586,"s057","m3",-0.322720131108889,0.143961922974724,-0.169337861430272,-1.13854589893687,-0.529537682368686,-0.64731058542564,0.607683623518115
475,5596,"s057","m3",-0.263121297681509,0.139721587621937,-0.119273959516129,-1.12060583172016,-0.571966028482993,-0.62138540099686,0.0804399360767253
476,5598,"s057","m3",-0.298944251550083,0.188106053209438,-0.15767186305654,-1.0777249364401,-0.456329238850315,-0.276544857904313,-0.378078712737036
477,5601,"s057","m3",-0.348344619762834,0.21312285376325,-0.190806547558735,-1.17718677917393,-0.33794618113956,-0.447376897872604,0.805527175149714
478,5610,"s057","m3",-0.300536611524686,0.171008942469801,-0.112022267853229,-1.11813593298299,-0.515749902842482,-0.188502564331327,-0.147170116975819
479,5614,"s057","m3",-0.346124615137497,0.108308571953435,-0.174149359151726,-1.17939604934137,-0.250014970502264,-0.354420374212118,0.286394642131697
480,5637,"s057","m3",-0.34541862560891,0.18983960657826,-0.150932646907963,-1.09705533065465,-0.335065653175968,-0.570363087063353,-0.0708019133752016
481,5650,"s057","m3",-0.207130121737147,0.174072842350426,-0.0514570107616081,-1.0910960952835,-0.175677614786483,-0.565346059674002,-0.245852016320972
482,5654,"s057","m3",-0.298207473435028,0.27022295133121,-0.193801234382914,-1.08246013047385,-0.525439325129329,-0.318150563302371,0.097486504351595
483,5656,"s057","m3",-0.19948499689695,0.202932604476895,0.00165054364238223,-1.08343531965862,-0.160893245312431,-0.528650593009114,-0.582990198894351
484,5666,"s057","m3",-0.287887948693491,0.366146636702333,-0.109560786660688,-0.949205987521256,-0.243190412144906,-0.0972474468979245,-0.981961054227195
485,5670,"s057","m3",-0.340033499226255,0.109868424999689,-0.18929770989198,-1.17068226356863,-0.50936322558408,-0.856279599234761,0.261224862460965
486,5677,"s057","m3",-0.276558259293928,0.111692751959218,-0.107329031188248,-1.22704511847826,-0.423384444382337,-0.728844213125822,-0.0597060171407776
487,5710,"s057","m3",-0.364269657945375,0.237288743198395,-0.160051546054564,-1.06268090974184,-0.713374323785238,-0.449437679899222,0.163833379929698
488,5713,"s057","m3",-0.249308337615996,0.128325439488588,-0.104216187249567,-1.15358264773306,-0.201530386221448,-0.50920590354342,0.305075960782564
489,5720,"s057","m3",-0.345338130738153,0.185858161019542,-0.236706331207069,-1.11799801967724,-0.534872752044471,-0.475463618926737,-0.132603706826566
490,5741,"s057","m3",-0.427424943612112,0.200074701452913,-0.117860931697052,-1.08058688741413,-0.493865655469706,-0.432789031711951,0.0991710266896838
491,5744,"s057","m3",-0.199763869331972,0.259478325325142,-0.0165536169920541,-0.974262994397293,-0.0655212446530683,-0.261788340307546,-0.511767209614879
492,5758,"s057","m3",-0.184055815157916,0.219799520599412,-0.0141688764608171,-1.05514302681066,-0.219593253368355,-0.228891339198228,-0.0546631793915365
493,5765,"s057","m3",-0.269716835866169,0.212066545497684,-0.18492904225113,-1.12809030757783,-0.208810202636335,-0.455852724719495,-0.202094211802621
494,5772,"s057","m3",-0.298955370772388,0.192029394173972,-0.0828849850308621,-1.14908792150956,-0.393970500575081,-0.740249897372864,0.0797435701432606
495,5773,"s057","m3",-0.254933520755991,0.210905288366807,-0.240425570151379,-0.991738813852109,-0.238386504942396,-0.352467253660176,-1.0778063157706
496,5783,"s057","m3",-0.312165610647145,0.0739713470711417,-0.234524101041861,-1.09653343351688,-0.534848406642508,-0.391371458405007,0.414848272649199
497,5784,"s057","m3",-0.288538158898676,0.181280441564432,-0.132781054593719,-1.03854716287042,-0.240637396316227,-0.30980392273182,0.18708028119349
498,5790,"s057","m3",-0.278646156977986,0.127197974903345,-0.0959873781129157,-1.3250197777176,-0.412773258321287,-0.557722345204133,0.641663728610756
499,5808,"s057","m3",-0.296603374059802,0.206958305464115,-0.202605828746597,-1.09050679801334,-0.454734360419215,-0.489160364532399,-0.519420443999293
500,5853,"s057","m3",-0.390281736448805,0.14095032413108,-0.163391014565862,-1.15059848241399,-0.25328026785031,-0.67341363045403,0.495933091904245
501,5872,"s057","m3",-0.130233414523096,0.29829648214626,-0.0558564762661894,-0.997850810255404,-0.263636873940932,-0.193930459859512,-0.83117854958514
502,5878,"s057","m3",-0.291754455053951,0.179652312314194,-0.161496938392778,-1.00232142614989,-0.206574185146475,-0.484337457690419,-1.21363017178009
503,5896,"s057","m3",-0.316691575105097,0.218660331491361,-0.166616609453838,-1.0274841176338,-0.457376211216031,-0.480334997274821,-1.30520170275947
504,5898,"s057","m3",-0.345446893114246,0.228922560283902,-0.116000922834381,-1.12022734782332,-0.488008632875222,-0.316143853446068,0.705402587027048
505,5907,"s057","m3",-0.286926988441841,0.244186416404204,-0.169395916125156,-1.05906283242327,-0.238561110098569,-0.331139903996867,-0.327503924654545
506,5911,"s057","m3",-0.225728622134374,0.209054662711777,-0.0774904042848513,-1.12859515110256,-0.211928040280176,-0.415534474524825,-0.0822231758871495
507,5919,"s057","m3",-0.231345149666017,0.272657465541883,-0.0716758816389417,-1.02633004480007,-0.220077908750563,-0.213840258124088,-0.339386944842183
508,5929,"s057","m3",-0.303793582464933,0.312595145743655,-0.199083869124957,-1.0822476579597,-0.766255110902883,-0.332212600449986,-0.272936795410323
509,5958,"s057","m3",-0.34385060533772,0.0622597420631793,-0.125318695206197,-1.10016076748232,-0.540435667887786,-0.682765988892945,0.07619904302676
510,5960,"s057","m3",-0.217697006939111,0.225561039851229,-0.0667718316839808,-0.957126022445397,-0.314880528056776,-0.401181811347131,-0.8405405368756
511,5962,"s057","m3",-0.25636730505077,0.136702592731342,-0.190195917411677,-1.07683248820642,-0.138144123885346,-0.424435601804494,-0.0687857023690493
512,5968,"s057","m3",-0.207989456585875,0.241114102756988,-0.165379685207197,-0.957187552846177,-0.317986628768333,-0.115251999373031,-0.775804766921839
513,5971,"s057","m3",-0.23699315759673,0.221116621849819,-0.175870381672558,-1.13357049367143,-0.336031662938052,-0.504109685978821,0.0884908022907016
514,5979,"s057","m3",-0.169295253708016,0.197717419249417,-0.114993009096664,-0.986614180227307,-0.150709495549865,-0.487974945050925,-1.53593151610155
515,5994,"s057","m3",-0.267153093700709,0.258223624769303,-0.117150311240821,-1.10224280988848,-0.175111176600132,-0.301494130230754,0.272246907635254
516,5995,"s057","m3",-0.212403987952383,0.288428169814544,-0.133332151080746,-1.08768343529581,-0.164183463282652,-0.463985356556604,-0.324947692156151
517,5998,"s057","m3",-0.309176425387796,0.230018586769977,-0.112744061591851,-1.14446477032292,-0.190354936795917,-0.47360679158808,0.129021924485122
518,6010,"s057","m3",-0.274188601582702,0.307334951226081,-0.118714995620078,-1.13028118672172,-0.305218758656171,-0.384765093369229,-0.220318688714025
519,6021,"s057","m3",-0.351574075929225,0.210293238450865,-0.128493132699634,-1.01008881539156,-0.557847841759333,-0.26494650939177,-0.290424287187452
520,6026,"s057","m3",-0.341965758320058,0.237616135644659,-0.113521871142208,-1.09936886081821,-0.433258755584287,-0.396725506875736,-0.566210910566365
521,6040,"s057","m3",-0.256355357929364,0.302930702253084,-0.244878291485752,-1.01219162645454,-0.263526011260001,-0.158040182620817,-0.635390571166941
522,6045,"s057","m3",-0.274091135965085,0.176460908280418,-0.165436390928524,-1.15763733392259,-0.388757659322629,-0.355047448316091,0.137258383580887
523,6049,"s057","m3",-0.306748033371449,0.257377674842738,-0.0563611276590851,-0.982372041808086,-0.422328071157149,-0.337488215537404,-0.732359691936794
524,6051,"s057","m3",-0.231294022398609,0.181800905618984,-0.00963643402183913,-1.0341658705102,-0.00507815289880807,-0.416583609628678,-0.0452221905269682
525,6057,"s057","m3",-0.28912120823285,0.338718380869974,-0.129160069405722,-1.07826327910428,-0.300916068229994,-0.301780250966057,-0.19548736575387
526,6072,"s057","m3",-0.256325991495022,0.227269406715536,-0.0839033728182653,-1.02640941145116,-0.316894895322866,-0.142398245301595,0.0753143614830577
527,6083,"s057","m3",-0.243001359861058,0.135556858380065,-0.207788424142666,-1.02815873623839,-0.184129387382729,-0.342939630880914,-0.310093349118907
528,6113,"s057","m3",-0.245159079192383,0.233274741969629,-0.0843290550798492,-1.07463425130974,-0.154521338913628,-0.108914150730193,-0.0749305365870291
529,6129,"s057","m3",-0.278606262395185,0.285962475459906,-0.101558148077316,-1.01117557559079,-0.325536381052301,-0.297665621487868,-0.42272749624279
530,6157,"s057","m3",-0.328615562096984,0.189373738736742,-0.202373137448994,-1.02036084680544,-0.712184486830478,-0.50526202169565,-0.273832916251364
531,6159,"s057","m3",-0.265256670649767,0.212623482385742,-0.147718420859246,-1.1401953726439,-0.41196004374978,-0.369785867832553,0.404743605351981
532,6166,"s057","m3",-0.314074043643042,0.28791253197368,-0.226105317575188,-1.0195859949602,-0.436913831473489,-0.151283362950776,-0.471822912629375
533,6178,"s057","m3",-0.291573497238602,0.253663245085356,-0.172013836423796,-1.21346639706341,-0.581144439892233,-0.338469430944167,0.687122806830842
534,6179,"s057","m3",-0.308545782754101,0.130427686372053,-0.173812806847385,-1.16319038890884,-0.549013230296489,-0.698022630583409,0.296278316471541
535,6182,"s057","m3",-0.278011138359368,0.121236093273904,-0.191597997948691,-1.09060423689253,-0.27638803876414,-0.606431546280033,-0.184733740824046
536,6190,"s057","m3",-0.225413542241847,0.293456008706869,-0.0969614340073293,-0.964922165706737,-0.192861996402505,-0.218964740269015,-1.22047241132316
537,6200,"s057","m3",-0.257863244655733,0.220628858355338,-0.102261096256825,-1.04204495864574,-0.430330149194647,-0.237481283984639,0.017540964808655
538,6208,"s057","m3",-0.231540003342549,0.205029559882057,-0.114041479659405,-1.02430433438697,-0.267190107157203,-0.193892431953625,-0.581373093506272
539,6223,"s057","m3",-0.231218669864922,0.324481889550225,-0.194951458518626,-1.08510665320703,-0.254458445243604,-0.181508731802521,0.228776080958776
540,6225,"s057","m3",-0.15781638711872,0.260746563382654,0.0183064664246477,-0.92523694971566,-0.0881921398691629,-0.33240275893583,-1.36964855792001
541,6243,"s057","m3",-0.259152927864535,0.261417036182849,-0.11679219862609,-0.985864007923334,-0.37098273774348,-0.167846647270446,-0.847475952531713
542,6269,"s057","m3",-0.196988895227002,0.183880375869026,-0.0760464115645185,-1.1469426047769,-0.169528882342514,-0.517430797972998,-0.459305936758135
543,6276,"s057","m3",-0.271940600274206,0.167080862163142,-0.169562796714934,-1.08302057222557,-0.282577464330498,-0.524837627811203,-0.846390272512769
544,6286,"s057","m3",-0.268432980269307,0.195024000633778,-0.0972201870332317,-1.10606917625966,-0.1997980395675,-0.426214376942853,-0.0478467204639784
545,6304,"s057","m3",-0.22491833142724,0.290603558552472,-0.216185141587341,-1.10740340653459,-0.477559109592625,-0.126509526086511,0.0716959582751811
546,6317,"s057","m3",-0.3047519156968,0.300617961227824,-0.109661889158247,-1.0240874340492,-0.295688288777251,-0.43315449831542,-0.55203362298775
547,6320,"s057","m3",-0.171536334011354,0.244422040535772,-0.176022141847893,-1.13673160628258,-0.36029344742282,-0.39349188929774,0.455725821943891
548,6330,"s057","m3",-0.15932294621835,0.204269811287745,-0.0212105961966228,-1.08207461278729,-0.249527179245118,-0.485302358422509,0.0125180676641371
549,6354,"s057","m3",-0.266406848219203,0.221653424781168,-0.0194418739737018,-1.02641124302355,-0.303662856287279,-0.319565233001702,-0.717659267267146
550,6366,"s057","m3",-0.268794567468399,0.305612322368948,-0.154843947615695,-1.07289899967804,-0.42103130377769,-0.201358468113784,-0.40323391866574
551,6377,"s057","m3",-0.374610867387142,0.0977480023233766,-0.146378644809929,-1.05099906641141,-0.661194790918491,-0.46797216003782,0.0857040513763291
552,6385,"s057","m3",-0.267116566675531,0.228766573227033,-0.247556198865137,-1.01781577173738,-0.412543329986869,-0.450547507712741,-0.534112462784304
553,6389,"s057","m3",-0.284665834098112,0.229035358810621,-0.114747609658168,-1.09359323013763,-0.571827418637726,-0.356621443500321,-0.132784599429223
554,6391,"s057","m3",-0.33624028781246,0.214595525882394,-0.112630359892966,-0.992303369496737,-0.368306652136414,-0.344105386327472,-0.594187684675286
555,6403,"s057","m3",-0.196900275819376,0.0517317762146446,-0.185162424286348,-1.09364136740685,-0.282544509654596,-0.517107975837815,-0.0222856463501623
556,6411,"s057","m3",-0.249558045260768,0.178292985385091,-0.160652243144754,-1.07204558667649,-0.477381875426993,-0.355947686892654,-0.212916129549845
557,6426,"s057","m3",-0.300974533577197,0.178219832965923,-0.0929721824692704,-1.09467264659435,-0.407187228242402,-0.248426462401074,0.106010341803162
558,6453,"s057","m3",-0.319049123065126,0.134501419263954,-0.1387225753309,-1.0987500332267,-0.193877082814952,-0.387940048140111,0.174183551048882
559,6492,"s057","m3",-0.320476444336815,0.202280259944973,-0.0441111246423373,-1.01580939966825,-0.265046287639598,-0.57257578926182,-0.168210389010839
560,6496,"s057","m3",-0.31454726247597,0.145346131184405,-0.272489583976259,-1.22196630169295,-1.00527310800807,-0.400637044383831,-0.0510695600856929
561,6498,"s057","m3",-0.348491898051217,0.196232549444425,-0.0292806543647653,-1.05927843656431,-0.239635225709912,-0.555030341600681,-0.0622754647554636
562,6513,"s057","m3",-0.270130705384472,0.203771453919826,-0.328434547216176,-1.07225377434445,-0.418074850776389,-0.47684507787453,-0.775431102773008
563,6517,"s057","m3",-0.305584294127348,0.131012804130185,-0.276992160805333,-1.08179108770882,-0.472961996384795,-0.680796696270594,-0.579859774914718
564,6523,"s057","m3",-0.222818489585478,0.204613188094684,-0.169709033966973,-1.07085257453717,-0.27327008836779,-0.333531813335718,0.0231408605317901
565,6534,"s057","m3",-0.328331396555838,0.245549959908074,-0.10383297218782,-0.992729404127317,-0.303954994196804,-0.380853067276938,-0.529891490255142
566,6578,"s057","m3",-0.257232865233775,0.187417345321474,-0.111519408127977,-1.06432038982372,-0.372192307662523,-0.599095102095871,-0.256699058878733
567,6581,"s057","m3",-0.246660040932133,0.241297233392798,-0.188322119973431,-1.10680216887261,-0.212445609079839,-0.175818371346673,-0.599794715792833
568,6627,"s057","m3",-0.24554526003079,0.219391170479562,-0.0695430366984225,-0.984133379229947,-0.292177741268174,-0.373824587948961,-1.12836885851539
569,6660,"s057","m3",-0.416951154786094,0.192117852546869,-0.1092682135617,-1.22907571725785,-0.426341290514133,-0.468562669775167,0.77515828102586
570,6665,"s057","m3",-0.269357636653856,0.145197478915143,-0.185914447298723,-1.13203338812602,-0.285539971349398,-0.330219751701051,0.415703491151168
571,6684,"s057","m3",-0.193167067068174,0.272704050644696,-0.196015278858013,-0.971260170849549,-0.257884820735508,-0.219145619173523,-0.785775335888793
572,6694,"s057","m3",-0.268122388007507,0.246659408889428,-0.109444924971726,-1.00215294323984,-0.289912850398322,-0.288749018377368,-1.87282535679575
573,6713,"s057","m3",-0.156871814842867,0.241679238874799,-0.0492609767095444,-1.01865605873505,-0.197612773231873,-0.194257116605836,-1.14175925424209
574,6736,"s057","m3",-0.239035858076683,0.234842231026378,-0.237735731448385,-1.13103717234292,-0.350046407382334,-0.525548302086901,0.52312309815927
575,6740,"s057","m3",-0.303783435585614,0.213208293005718,-0.0972503723711533,-1.21024042561194,-0.402266367034989,-0.281574509174683,0.316519955570223
576,6741,"s057","m3",-0.306446003421661,0.158243623753088,-0.197850395974171,-1.06454580428274,-0.344212375060538,-0.425919364819976,-0.0949001392910018
577,6758,"s057","m3",-0.24499105871432,0.173397168889269,-0.25539137616696,-1.10524308906746,-0.283143963956932,-0.423903568613587,0.0791525233497933
578,6778,"s057","m3",-0.184625323524834,0.210160790995135,-0.0644092442057021,-1.10544403830666,-0.173889396391876,-0.46622848165375,0.638134468468875
579,6804,"s057","m3",-0.175785584360844,0.146479982624814,-0.130409447984626,-1.02857666272162,-0.0887910021140469,-0.395552517063741,0.0228078712550361
580,6806,"s057","m3",-0.288096518650991,0.241205412936682,-0.17599993536272,-1.08793194830888,-0.402277886025488,-0.376822636471461,0.246656477697213
581,6829,"s057","m3",-0.234134490715084,0.300170704845632,-0.110834156009182,-1.13692424089163,-0.265187150234616,-0.203767510305352,0.303033673361453
582,6831,"s057","m3",-0.238042671242794,0.184928623911385,-0.124583655002207,-1.02658441901364,-0.362969799396729,-0.390172816949926,-0.271622891092061
583,6869,"s057","m3",-0.28830202377198,0.265627137301863,-0.0220819807349765,-1.11800523994379,-0.16106714452839,-0.350173156416785,-0.217273698733137
584,6874,"s057","m3",-0.325234307495948,0.219645473633535,-0.123312968353808,-1.16072702664644,-0.30208610481086,-0.362209520129513,0.112352164793204
585,6877,"s057","m3",-0.198236997935129,0.125090748646569,-0.180303009565276,-1.15777431542987,-0.328066088253787,-0.527987091339081,0.291316148777863
586,6879,"s057","m3",-0.302329223448262,0.107904771041126,-0.106388715654971,-0.991040960353242,-0.320326928851389,-0.426462265364775,-0.407506784286576
587,6886,"s057","m3",-0.33764083373675,0.193686023133575,-0.194214654353234,-1.03347113090109,-0.737518336463964,-0.398334838233844,-0.985641293367011
588,6893,"s057","m3",-0.225840636786208,0.248965090474212,-0.0959654154871285,-1.14342218242059,-0.491402807961676,-0.396682037621765,-0.141156128501464
589,6900,"s057","m3",-0.29484356573271,0.233668979545805,-0.186655670108825,-0.984324969514823,-0.406482970443955,-0.483126168911583,-0.203240875993949
590,6901,"s057","m3",-0.215269515870818,0.148858010285165,-0.171503101448189,-1.09822686464934,-0.249361917252194,-0.515855834257133,-0.41474439453934
591,6918,"s057","m3",-0.277735155466692,0.131847047846234,-0.205375357266526,-1.10734902509014,-0.192967228046071,-0.494604689511709,0.274823293631041
592,6931,"s057","m3",-0.331382654350621,0.126248032723104,-0.188204911057508,-1.15035132892928,-0.525791820329831,-0.591482123944225,0.6056277231467
593,6933,"s057","m3",-0.283866692966998,0.265982656995391,-0.210862564154276,-1.01843626257662,-0.536578339628948,-0.314319851135927,-0.682851238868515
594,6936,"s057","m3",-0.379380734615586,0.220670878036558,-0.145668110565082,-1.15003992746979,-0.470414269985361,-0.488091354358836,-0.203266266948328
595,6941,"s057","m3",-0.250988482176113,0.107552535418368,-0.141079044563746,-1.05068942266575,-0.282509174054915,-0.39698699797907,-0.635205376703071
596,6957,"s057","m3",-0.307966195865517,0.13301599295456,-0.0688974775157835,-1.1203247897198,-0.406091442756667,-0.609543406716459,-0.536995668617013
597,6993,"s057","m3",-0.269780443455992,0.219073176858206,-0.12965926636212,-1.0465274373174,-0.354365415817787,-0.0785849558991472,-0.419763258031122
598,6998,"s057","m3",-0.227086030463415,0.285045324198411,-0.0530874395100149,-1.00575414746729,-0.324814447320151,-0.180377601506009,-0.231581577606385
599,6999,"s057","m3",-0.207955250106828,0.310286286489205,-0.0285501793933131,-0.982622750628549,-0.0646038723359517,-0.318774743902172,-1.44306446976139
600,7004,"s057","m3",-0.256915139545068,0.114938111149408,-0.120673138824423,-1.11705874421853,-0.193493057466992,-0.637336513492635,0.101883408345203
601,7012,"s057","m3",-0.302854265697912,0.20696400507719,-0.0310991354855687,-1.11156108337737,-0.339812143613783,-0.426153281830751,0.254575450843483
602,7033,"s057","m3",-0.202116434915127,0.158852291525355,-0.122801776267453,-1.11802280858216,-0.113063138391238,-0.599073356864044,0.166946814466454
603,7037,"s057","m3",-0.220852849753426,0.326505784743798,-0.15282682116928,-1.11512389174167,-0.346420062586288,-0.331298263739548,-0.405671054055822
604,7054,"s057","m3",-0.328207280939462,0.200080034387339,-0.235467355955447,-1.11480342404431,-0.321872857271817,-0.437638884489636,0.383832359510899
605,7060,"s057","m3",-0.285418897857788,0.102971079207151,-0.147414893192082,-1.21576343246566,-0.413813752498727,-0.672316486957431,0.46761319732122
606,7069,"s057","m3",-0.340026860726314,0.240430492162103,-0.199559271295586,-1.15304313318222,-0.624173547560246,-0.395898776438195,0.403378384176521
607,7073,"s057","m3",-0.21856335993973,0.285149984960508,-0.18682923555728,-1.05273674697114,-0.294951508518682,-0.320234508561139,-0.322341037560528
608,7078,"s057","m3",-0.237336540169416,0.147464722824098,-0.151172395924934,-0.992129017908316,-0.268104871224149,-0.724245227223805,-0.457816261351581
609,7093,"s057","m3",-0.238807512889685,0.252183282193107,-0.0268850999910651,-1.04364123046463,-0.370061821264641,-0.214321822463412,-0.378862330244046
610,7096,"s057","m3",-0.281490341254869,0.372812678414854,-0.153115459859534,-1.08375682574735,-0.270474877809793,-0.0998290923385092,-0.393842696615136
611,7097,"s057","m3",-0.216823829434841,0.228608168819673,-0.142091054636819,-0.991414981112348,-0.353112867319588,-0.425643583330292,-0.624879895065915
612,7099,"s057","m3",-0.219856557726222,0.160224603635076,-0.096434190712466,-1.07503490158775,-0.340937074368651,-0.378998681304464,0.1785310270452
613,7114,"s057","m3",-0.300560435978404,0.171798590292499,-0.0824932103227707,-0.976178040291707,-0.333560207815071,-0.411794622837888,-0.852627769200918
614,7122,"s057","m3",-0.224482573511377,0.225533274327126,-0.162105440330492,-0.96928343049861,-0.145510650068176,-0.181984062000676,-0.377051607222625
615,7128,"s057","m3",-0.213029403508223,0.161156285667088,-0.0616140762420908,-1.0447200261177,-0.240951407288532,-0.395648203474481,-1.02901022742739
616,7135,"s057","m3",-0.206615589512572,0.270329543754515,-0.0135659912595363,-1.08215083292643,-0.173289924076422,-0.369798041806549,-0.636904543789566
617,7155,"s057","m3",-0.344523960387325,0.176298571399477,-0.146543276947491,-1.11454954617289,-0.455490736281552,-0.246720867644461,0.346689263384016
618,7163,"s057","m3",-0.267136100165181,0.305926111006246,-0.189586252641934,-1.17195003816041,-0.272761885011901,-0.245527333294489,0.179684563261447
619,7203,"s057","m3",-0.254304382330928,0.145375775290137,-0.225655907119772,-0.959377964027554,-0.566318206006946,-0.374650003147785,-0.230615430180705
620,7205,"s057","m3",-0.340417761860336,0.279494998681674,-0.240125005328183,-1.0631490723701,-0.517814231341165,-0.202835212175231,-0.154956301600558
621,7221,"s057","m3",-0.304039076053817,0.289795634147871,-0.105204510525338,-1.09613169909731,-0.402769455248189,-0.21794572846944,0.126662223487661
622,7228,"s057","m3",-0.222834082137793,0.132614638134424,-0.177023794038268,-1.13673907690323,-0.620406019197287,-0.368541418661275,-0.185058576782176
623,7235,"s057","m3",-0.266562301763911,0.283702290662536,-0.0443545775743801,-1.07633372707691,-0.190220024467062,-0.30461013314911,-0.117585660507489
624,7260,"s057","m3",-0.301533394902013,0.201087654528045,-0.268271100954479,-1.05917173914593,-0.539382742725927,-0.309009016296631,-0.00393873139102504
625,7290,"s057","m3",-0.37319717471613,0.229646982959972,-0.179951936809908,-1.16607624210571,-0.549412010020742,-0.529726819119192,-0.0346235410102058
626,7328,"s057","m3",-0.270606400674448,0.172922984816612,-0.166947074901094,-1.02431006533688,-0.420719887955301,-0.462854235612644,-0.281486064137608
627,7330,"s057","m3",-0.224322646934332,0.347747609020409,-0.106137906873072,-0.995923656269096,-0.335814143067613,-0.22724077946635,-0.534089288179525
628,7331,"s057","m3",-0.29315642751873,0.212895984588979,-0.168697445025206,-1.01709171871101,-0.2496309150509,-0.355890906968902,-0.233490523784413
629,7349,"s057","m3",-0.351552945656633,0.222868183270625,-0.0944507637193778,-1.20561444097326,-0.462900354182579,-0.453178193469639,0.5671171311039
630,7350,"s057","m3",-0.412441160297866,0.202649717545158,-0.168685084741768,-1.14494524164633,-1.03565044409978,-0.331080747150535,0.42392732801748
631,7353,"s057","m3",-0.264495586224527,0.204511920695666,-0.193503819695427,-1.20149452983289,-0.330048290080798,-0.552386860456693,-0.839599418315698
632,7361,"s057","m3",-0.290672827700343,0.19702940445443,-0.12660911819264,-1.09373305151004,-0.397888033988564,-0.297672459046812,-0.220176346688975
633,7380,"s057","m3",-0.103169880551135,0.288899915298214,-0.0567064373277886,-0.961505712120974,-0.132152210122822,-0.201322808149862,-1.17348762799354
634,7383,"s057","m3",-0.31594590980941,0.238280648277253,-0.275381414244999,-0.996635248384501,-0.626928518411099,-0.253902430807403,-0.35220312413214
635,7398,"s057","m3",-0.296907233884153,0.327964184318403,-0.152736992329404,-0.999361807940295,-0.39059208047707,-0.251120230069509,-1.46328974392602
636,7406,"s057","m3",-0.218090855421593,0.336657794966915,-0.0662113379143691,-1.03753993317251,-0.179381746531489,-0.239976553079402,-0.478277093495276
637,7413,"s057","m3",-0.336082199247722,0.159153535883024,-0.190543632089313,-1.03168337421111,-0.377983972301794,-0.57168214247233,-0.388306852566856
638,7443,"s057","m3",-0.251432712618975,0.147581683654665,-0.170401190547079,-0.955449935357466,-0.421282477123282,-0.405348649165014,-0.764558534850105
639,7464,"s057","m3",-0.265261561343528,0.265649506083832,-0.156216569277953,-1.20213718910005,-0.233273482085517,-0.37105664140513,0.474333417151501
640,7484,"s057","m3",-0.255285734571938,0.293563637348219,-0.0475700759087155,-1.03316873290128,-0.0365909926688198,-0.241884535444232,-1.37823848338184
641,7515,"s057","m3",-0.222675577979487,0.158945974028951,-0.164573714613777,-1.08181082058114,-0.255754703450091,-0.5253719795932,-0.37518300807452
642,7523,"s057","m3",-0.236008661851132,0.189595066404031,-0.066372277327527,-1.03386660718373,-0.284491233326479,-0.472650788926598,-0.506090558049841
643,7526,"s057","m3",-0.283044089581023,0.314735157146572,-0.196434319788361,-1.03961073428436,-0.237728680188308,-0.0802106918844045,-0.418044425382183
644,7528,"s057","m3",-0.225597589436232,0.267298521584143,-0.0634936486400432,-1.03736423616065,-0.373367559495153,-0.101245390923558,0.0467773067977931
645,7548,"s057","m3",-0.248795805237782,0.235525217555808,-0.20544060703151,-1.01438201289741,-0.36814991579183,-0.312112676871421,-0.403389347333279
646,7555,"s057","m3",-0.219760222683603,0.283448898040798,-0.0229557521563866,-0.967090522068223,-0.254116234347328,-0.24073386074476,-1.70338822851152
647,7557,"s057","m3",-0.237969397216093,0.20495131314188,-0.0601032389145199,-1.07280425932686,-0.2700537144676,-0.234918776584402,-0.0878631813779031
648,7571,"s057","m3",-0.235592177526628,0.163897941752245,-0.158116448225645,-1.0188007606096,-0.474230316019951,-0.280309883321362,-0.891659047536201
649,7576,"s057","m3",-0.317055010753593,0.151187125968913,-0.108354577324656,-1.07979972201947,-0.54058271067797,-0.433190731591094,0.190223149910638
650,7584,"s057","m3",-0.236242786605839,0.217397595450053,-0.191114927080532,-0.990447464657135,-0.287410803217545,-0.313733116815417,-1.26634973149352
651,7596,"s057","m3",-0.361882356807974,0.102309114437601,-0.089990217798235,-1.11071445878432,-0.502494094122139,-0.557852567888422,0.167689995355142
652,7604,"s057","m3",-0.228111442029109,0.206773838298556,-0.117610256993536,-1.11314561860446,-0.328779654924816,-0.391414994340381,0.243925825806867
653,7615,"s057","m3",-0.25652559378104,0.273585813502538,-0.142433815099425,-0.928921595966152,-0.261739921281054,-0.373652839114056,-0.671397718995709
654,7617,"s057","m3",-0.292204357324801,0.140650811739772,-0.224076903724671,-1.06110310735951,-0.310609388445434,-0.625404456300604,-0.359780523870409
655,7643,"s057","m3",-0.280322153265203,0.259552681296768,-0.127678489166404,-1.08807196716496,-0.223043178008459,-0.347270845123051,-0.559111266356652
656,7658,"s057","m3",-0.244466767906305,0.297710126115353,-0.0928768272180065,-0.88125739781624,-0.337418330194002,-0.450741285896704,-1.41666025060183
657,7662,"s057","m3",-0.295478398129116,0.326563254315586,-0.243284274412436,-0.909942614067251,-0.658171422363618,-0.0449703442286985,-1.58621685654561
658,7680,"s057","m3",-0.193261418458899,0.191749198887517,-0.0682465799622651,-1.11726837922637,-0.271043850009036,-0.396804110251731,0.11105031289498
659,7688,"s057","m3",-0.37586679158126,0.167764564765803,-0.124772691928156,-1.10518177322155,-0.493708274581608,-0.563992529584677,0.283532264115963
660,7707,"s057","m3",-0.31206544846161,0.292062327351166,-0.0740508843817156,-1.00819128581366,-0.394196629264311,-0.429765506609024,-0.689126227121695
661,7708,"s057","m3",-0.325318500606681,0.262411100247898,-0.112076974796951,-0.932407963724322,-0.474503273130425,-0.134565224331383,-0.598164351593121
662,7709,"s057","m3",-0.280747800079377,0.270074362555976,-0.05482670933529,-1.10741980224376,-0.236520110403201,-0.131735567118501,0.132133737690892
663,7721,"s057","m3",-0.328782900852026,0.230714692781614,-0.146080033944925,-1.05487454688275,-0.460167213167517,-0.405323221456074,-0.342255979831569
664,7725,"s057","m3",-0.217158595180682,0.311957193535077,-0.2115601803705,-0.988910236367574,-0.246682428168119,-0.277202044148288,-0.316161220481479
665,7727,"s057","m3",-0.341596940769081,0.136625073152407,-0.209894547034946,-1.20230894651163,-0.548445189351807,-0.662382983351349,0.597680470687435
666,7738,"s057","m3",-0.254725532402843,0.0811980276286638,-0.0596297796655224,-1.09788720790395,-0.284296878848537,-0.744464245362832,-0.165780856559775
667,7753,"s057","m3",-0.215624704649646,0.0925856563457091,-0.182127268425292,-1.02253303949713,-0.199299583725506,-0.493114925520425,-0.563755294196351
668,7755,"s057","m3",-0.255621747982453,0.256716264517349,-0.0909373309086099,-1.16463886152596,-0.3540455544849,-0.441396741728002,0.0418161427688269
669,7784,"s057","m3",-0.210634139378798,0.132740497792676,-0.110986279226858,-1.14116757237838,-0.280061542986948,-0.658502444965169,0.427061595010441
670,7785,"s057","m3",-0.282391188648539,0.214462691894114,-0.0491616618356224,-1.23089782000782,-0.283635188255776,-0.374019481075852,0.650564744615263
671,7802,"s057","m3",-0.399590110846802,0.21914603536609,-0.111841201868666,-1.13368416552214,-0.570948183272395,-0.341862774846781,0.670928244793212
672,7822,"s057","m3",-0.246663520286352,0.251133573579296,-0.197349782906072,-1.20656971803505,-0.267905370364281,-0.317362627370419,-0.087187990431819
673,7827,"s057","m3",-0.254051768998154,0.226692439288871,-0.165097474919172,-1.13526005226523,-0.306166993199283,-0.572617593956355,-0.0616304913723787
674,7831,"s057","m3",-0.304834206474697,0.13473786078524,-0.170184326810972,-1.13109023556659,-0.31690480873779,-0.684780367081549,0.782792261477369
675,7856,"s057","m3",-0.314346897666341,0.199169753009132,-0.130322606884333,-1.16884734775081,-0.633254605366192,-0.354147288461516,-0.311161129956932
676,7885,"s057","m3",-0.22441300620259,0.324952028604967,-0.0589384525198223,-0.947483429764155,-0.113830338898709,-0.365707646227974,-0.645372076459927
677,7886,"s057","m3",-0.233673014733737,0.209396283597826,-0.127305586748036,-0.969407677957145,-0.406144269197649,-0.462011075667497,-1.28049019268391
678,7887,"s057","m3",-0.308470582883608,0.206191361644191,-0.133753602284413,-1.10553194984355,-0.442744262416798,-0.179976143023125,0.123540684535028
679,7892,"s057","m3",-0.282892422351959,0.276835650848259,-0.147182475002182,-1.10575397732614,-0.375793766654328,-0.256830334819793,-0.134998264734152
680,7921,"s057","m3",-0.224584949577028,0.316781970355986,-0.158384278122591,-1.02175026506064,-0.256838928945571,-0.40164308049612,-0.834957088719035
681,7923,"s057","m3",-0.30419989542897,0.179283830258594,-0.0122509908707876,-0.979716743779491,-0.302371921921942,-0.702002769672427,-0.539547166493368
682,7926,"s057","m3",-0.20807080424863,0.271489767568318,-0.145395911521668,-1.0648592272414,-0.242998224962784,-0.271983409670606,0.552306021249678
683,7935,"s057","m3",-0.349431047623634,0.133664035270403,-0.109729054570603,-1.24974381427003,-0.475007553596724,-0.462865551421722,0.629512297365918
684,7938,"s057","m3",-0.327007160488568,0.150366463057203,-0.236168508928028,-1.12216095470552,-0.284313492225865,-0.717467704020042,0.016505606549742
685,7943,"s057","m3",-0.207047732784299,0.304080298201169,0.00975767944753862,-0.942383271616835,-0.26858614743292,-0.177859718518474,-0.706258919123559
686,7954,"s057","m3",-0.262242696156596,0.229810872957954,-0.146671817646468,-1.04372545128938,-0.112902590545011,-0.367883887213935,-0.422533261429779
687,7961,"s057","m3",-0.257563811263435,0.162272321797168,-0.122550965291474,-1.09971241171027,-0.349286947745934,-0.647623755214233,-0.114017457267192
688,7964,"s057","m3",-0.183295077908766,0.297590441072001,-0.0764896534249202,-1.02699527200429,-0.359197516350642,-0.169708226177663,-0.761926856428477
689,7971,"s057","m3",-0.154655431924678,0.124114507359868,-0.220830590020832,-1.13292206059702,-0.256307289875141,-0.264795916954942,0.0912245770117129
690,7975,"s057","m3",-0.241379896838018,0.258125312260327,-0.190837935469978,-1.13919411991765,-0.325424523019483,-0.15832312342855,0.350220338376086
691,7992,"s057","m3",-0.118062005720704,0.326124376111042,-0.0504565753697687,-0.891804107552936,-0.10417732692412,-0.172079109790101,-1.75354803106032
692,8005,"s057","m3",-0.213345971472075,0.243502802502006,-0.182253155538178,-1.0144873380523,-0.452223001625856,-0.351367976013733,-2.14543391468695
693,8013,"s057","m3",-0.320856559218755,0.273952731380539,-0.187899013875963,-1.01633085668074,-0.341369086196915,-0.173300729712001,-0.80794671476527
694,8026,"s057","m3",-0.260165637708825,0.24230241937739,-0.130362478240246,-1.10363765966688,-0.153807387125112,-0.398922655097644,0.3617633151513
695,8028,"s057","m3",-0.216537036500081,0.274466522140951,-0.117838437579283,-0.963212531886257,-0.446535147225007,-0.279681629961002,-0.713983797672482
696,8044,"s057","m3",-0.207749514208127,0.226983167434857,-0.058342808733577,-0.993429150387916,-0.0455162928664118,-0.24672680761826,-0.511818055354673
697,8047,"s057","m3",-0.275405323893741,0.238583576041768,-0.186930807878014,-1.15113058528981,-0.333831366143749,-0.0950802889016615,-0.0866446416616172
698,8057,"s057","m3",-0.290431590329736,0.269639269699674,-0.171066675308624,-1.05354542103313,-0.390556940990465,-0.380039853610609,-0.36946433980897
699,8066,"s057","m3",-0.219559081889635,0.219833706830572,0.0121482028444553,-1.12662704262303,-0.24085321710658,-0.448645087735922,-0.0478932268315453
700,8072,"s057","m3",-0.260712880972146,0.204609585357057,-0.173934093963709,-1.02001975757161,-0.397442404356084,-0.564699156787204,-0.0569597102173486
701,8074,"s057","m3",-0.292129653778762,0.227832625312187,-0.168545605894052,-1.03146375212308,-0.449663812037407,-0.319592610459682,-0.86785501424034
702,8085,"s057","m3",-0.312705074660392,0.376288532188007,-0.00582935830357353,-1.04630806564137,-0.308111030133194,-0.180471770324521,-0.509651403588342
703,8088,"s057","m3",-0.315943253597234,0.09271253071532,-0.143483764898083,-1.14515283253501,-0.233353391986426,-0.402467645616568,0.111034433284135
704,8101,"s057","m3",-0.244604055812981,0.256348068520944,-0.157799235774437,-1.12953144591084,-0.204418612997629,-0.304441260522811,0.164727667203419
705,8128,"s057","m3",-0.275007158413144,0.264805782981462,-0.241317558647775,-1.04869205818513,-0.537625868527355,-0.261599842288138,-0.200854291249618
706,8150,"s057","m3",-0.312100188124591,0.31978270041535,-0.154330298269905,-0.927329603120543,-0.387749289056366,-0.293709809350032,-0.698853587089224
707,8157,"s057","m3",-0.277770862423568,0.27615322171201,-0.188991931772455,-1.12866458579506,-0.206939171978233,-0.361265588791813,0.100588125030148
708,8185,"s057","m3",-0.422604777806942,0.124521965992401,-0.214501991747055,-1.09554647919362,-0.573315891592809,-0.564599770036508,0.377087509689019
709,8189,"s057","m3",-0.296228505067747,0.119784567625507,-0.241149063459144,-1.12692952103872,-0.339541301898791,-0.520138748114761,0.23637189775064
710,8192,"s057","m3",-0.331991890128297,0.128347093759411,-0.134438412329739,-1.02797975563327,-0.325150687281753,-0.370063704508759,-0.183655931831446
711,8217,"s057","m3",-0.288372565000299,0.173102908393571,-0.0005276003173294,-1.03428457903084,-0.39790628582953,-0.60267957953255,-0.644183372802424
712,8223,"s057","m3",-0.196236036670599,0.325154321609418,-0.0349591052905161,-0.931948063707554,-0.17471228014604,-0.228142104584354,-2.08125366764638
713,8264,"s057","m3",-0.185289248283445,0.203691050198556,-0.0974549350559726,-1.06012038098566,-0.510482912370299,-0.554425598116091,-1.0136865023027
714,8267,"s057","m3",-0.359827125555915,0.234829152780388,-0.178560415849316,-1.11221064604619,-0.8859170036537,-0.734597820350578,-0.040372028919281
715,8288,"s057","m3",-0.26186786630734,0.197455034580363,-0.0906016739822531,-1.1179404108212,-0.246697980206009,-0.533276179083109,0.294321938896877
716,8302,"s057","m3",-0.248574669883012,0.193113355953438,-0.0912189850768747,-1.01001916142819,-0.349465777383375,-0.544460174813251,-0.565538537020331
717,8327,"s057","m3",-0.342525853823662,0.183785508004916,-0.158995147234411,-1.02872720306902,-0.38199212618386,-0.364601344407102,-0.526219213768697
718,8353,"s057","m3",-0.302440396395839,0.292150522203311,-0.238655172727967,-1.11177553767969,-0.299278084120262,-0.175090461086223,0.480861304282414
719,8357,"s057","m3",-0.305936227178594,0.295571379147894,-0.0850345592652059,-1.01115553751749,-0.126953290002564,-0.22005663270965,-0.218282069437406
720,8358,"s057","m3",-0.217580094908395,0.312949931171968,-0.253191516553065,-0.991817136749346,-0.326354679468837,-0.126478844085434,-0.522251650249461
721,8364,"s057","m3",-0.266094072462308,0.379097955370038,-0.163456670825393,-1.07336385742445,-0.273964306168942,-0.363728934623797,-0.255879634329202
722,8366,"s057","m3",-0.308857221376491,0.133831258954948,-0.215066386053082,-1.12355348673251,-0.275720747693879,-0.310417643973869,0.00803046817663239
723,8370,"s057","m3",-0.227873273296443,0.217135758878536,-0.0596304303846589,-1.05958953825271,-0.264537659054198,-0.405381171291004,-0.460465338973317
724,8378,"s057","m3",-0.230115599478239,0.237393022926162,-0.11202637671729,-0.949422880332838,-0.351141457548835,-0.235703026912264,-0.724868727036508
725,8398,"s057","m3",-0.272129748230293,0.196571324747385,-0.127692794073169,-1.0872805936195,-0.240429091853464,-0.377954365789898,-0.044993313089539
726,8479,"s057","m3",-0.26079404726767,0.276245367435503,0.0166706180374438,-1.04069626710006,-0.311346430510002,-0.191631110504675,0.288313763298264
727,8483,"s057","m3",-0.209069627597174,0.209636435602331,-0.0675425280775076,-1.07660621754519,-0.208646194896106,-0.0653039929053035,0.147381022020776
728,8501,"s057","m3",-0.222450005189657,0.253454870099339,-0.161753178577245,-0.9701971291113,-0.156079055667892,-0.259605109558967,-0.83337960253469
729,8524,"s057","m3",-0.253930906651097,0.155421768351157,-0.15678700107375,-1.07511766875991,-0.207533755542134,-0.273008278597257,-0.975576611801687
730,8536,"s057","m3",-0.369330783145189,0.20688039169161,0.0282979894755042,-1.11960784788378,-0.253344973143189,-0.399416813185454,0.197064160236505
731,8552,"s057","m3",-0.305792587323289,0.165271589971322,-0.134883129828405,-1.20708551163789,-0.397005648992473,-0.454611867707145,-0.0734770116697267
732,8568,"s057","m3",-0.291868706228116,0.267232876356253,-0.115993411383277,-1.0400615678186,-0.311273384537304,-0.356283612873477,-0.0809331351234637
733,8570,"s057","m3",-0.218043820073988,0.291535857072077,-0.134821714315957,-1.1073894793938,-0.342991296490298,-0.499287413775333,0.0259670608388091
734,8584,"s057","m3",-0.305252990338193,0.263313652335844,-0.14349692613434,-1.06350145408228,-0.408046456824555,-0.510023818337194,-0.207482510026634
735,8604,"s057","m3",-0.327706027786829,0.151764567567815,-0.130773420300667,-1.11098279908164,-0.475399072084905,-0.547716681596686,0.0636029804321079
736,8609,"s057","m3",-0.303774503851273,0.239435820348365,-0.157708985039157,-1.06462127354858,-0.449706768311203,-0.51071501956394,-0.331818852478982
737,8615,"s057","m3",-0.326000794172735,0.281175756183307,-0.136064127548335,-1.18700340351905,-0.497735163107857,-0.392253944552584,0.214618879082067
738,8629,"s057","m3",-0.31940996040238,0.179690297712116,-0.146692107078365,-1.05831991867925,-0.36232943934702,-0.323180487553451,-0.600538860019496
739,8649,"s057","m3",-0.273112267531113,0.285723350640977,-0.13644971394638,-1.06130359375473,-0.490008082611532,-0.228491455793474,-0.176403070043656
740,8665,"s057","m3",-0.255142819851646,0.219012185734073,-0.114690855088691,-1.0485830171945,-0.306798310655375,-0.397970752961868,0.323416053874779
741,8671,"s057","m3",-0.297792252049009,0.162258956637223,-0.133797101902546,-1.14369065595855,-0.446929462206658,-0.502869740049475,0.107294276197639
742,8676,"s057","m3",-0.285781932437553,0.171954223485291,-0.09691131688955,-0.993921975296654,-0.406083116640783,-0.425836527127858,-0.500362741584355
743,8697,"s057","m3",-0.339605559021331,0.127636579812789,-0.216822833222558,-1.06420122554131,-0.340476489012462,-0.45421594331855,0.0673065525931194
744,8709,"s057","m3",-0.175868939687339,0.283454203750583,-0.0857862674412828,-1.00611091790295,-0.220250352036412,-0.158369452876804,-0.128746815309456
745,8716,"s057","m3",-0.251449468179321,0.344491455988822,-0.110328656620282,-0.903668804674524,-0.202990709930114,-0.0364308847673735,-0.798002874739327
746,8722,"s057","m3",-0.270238201396089,0.239081861591918,-0.219574011484936,-1.03346703257339,-0.46801451324931,-0.253959804590155,0.0326940119228647
747,8727,"s057","m3",-0.266051028036406,0.206780910585371,-0.0971370739938973,-1.06080864024969,-0.193447183002569,-0.411114888576058,-0.0996930268512761
748,8730,"s057","m3",-0.185312699486444,0.267882930489487,-0.122373453852666,-1.08274196549676,-0.109059179439602,-0.415413364513646,-0.369630810649199
749,8741,"s057","m3",-0.20131033778068,0.18748310648925,-0.10794251375091,-0.933601554008012,-0.313365964483995,-0.369793372830188,-1.69942433137469
750,8771,"s057","m3",-0.294951476992336,0.0898075672233416,-0.183128505614899,-1.04258701781532,-0.384275845711214,-0.687511912014056,-0.176100191656618
751,8800,"s057","m3",-0.271170115788676,0.274966493191318,-0.182088221301637,-1.10890973091935,-0.293485446872379,-0.211900782304062,-0.237847224138301
752,8801,"s057","m3",-0.279921136260774,0.151051323611408,-0.279273661762141,-1.09540746108345,-0.44187611177021,-0.51717649079754,0.299798171477984
753,8805,"s057","m3",-0.253255052500818,0.226618445046319,-0.124048181502398,-1.02552025728668,-0.151577833325526,-0.330482678589237,-0.454240423119804
754,8810,"s057","m3",-0.245046583647132,0.129605322374868,-0.0845655001471518,-1.17228318731865,-0.228541482523743,-0.389268702816067,-0.258488700207079
755,8828,"s057","m3",-0.296072702809133,0.224508265088544,-0.178318127821704,-1.14429056281428,-0.313093824159858,-0.622302627623334,-0.694083147615374
756,8834,"s057","m3",-0.189142655698919,0.335519506978286,-0.0408817262640873,-1.0907694342645,-0.412807574889761,-0.389146622080765,-0.479681336295384
757,8856,"s057","m3",-0.267414987064438,0.0810963680377209,-0.17895710848407,-1.10523308312509,-0.244708914264463,-0.453462037626339,-0.0438960820657853
758,8866,"s057","m3",-0.29993005438292,0.117891430257652,-0.182731055213097,-1.06999706211686,-0.250608941985319,-0.571523979897247,0.0952786769855821
759,8887,"s057","m3",-0.216323399521742,0.21286388946685,-0.176080068114922,-1.08125687212336,-0.499280014135899,-0.515568860984377,0.0325110414862643
760,8889,"s057","m3",-0.315663583569266,0.137550922669217,-0.275135164878241,-1.12159839364377,-0.580304846896845,-1.06999861445462,0.396617787478333
761,8900,"s057","m3",-0.226448732987421,0.177505884007212,-0.0544953873627283,-0.995344691353142,-0.2602440926939,-0.318195893405169,-0.48299115528922
762,8904,"s057","m3",-0.263542628445369,0.209280369510015,-0.0499344897027357,-0.966078568460958,-0.147871116142842,-0.428192932803093,-0.385307475077894
763,8925,"s057","m3",-0.161534666589293,0.201105023265951,-0.132381231042199,-1.1016422696541,-0.186397422238487,-0.268153248943043,-0.256693568304944
764,8927,"s057","m3",-0.228271860308344,0.141084007282338,-0.139403421875573,-1.04536267329723,-0.218288876357125,-0.52820930238086,-0.25976207212415
765,8930,"s057","m3",-0.368100644425837,0.145160951964018,-0.138083709917208,-1.02536785454551,-0.460272161660561,-0.34385710825645,-0.221604360263539
766,8931,"s057","m3",-0.251899698324074,0.120063765428651,-0.165547459931292,-1.15343604794455,-0.0878550230243774,-0.363841873961773,0.0867087443791016
767,8941,"s057","m3",-0.191381163404947,0.209558215373105,-0.210839257655863,-1.0990732910573,-0.29422611111689,-0.328851086858143,-0.174294063817497
768,8942,"s057","m3",-0.261751269200957,0.164829808615039,-0.087778361138608,-1.0867077622939,-0.312935317661402,-0.449765901758971,-0.0388887794862423
769,8943,"s057","m3",-0.282032502860894,0.271615855043989,-0.0341745738677089,-0.98228438961261,-0.216998890759412,-0.389675208514239,-0.972856420240341
770,8965,"s057","m3",-0.242935513929311,0.138332462816356,-0.0462673916162375,-1.06456617272278,-0.23892961837084,-0.421794249277414,-0.49807996283576
771,8968,"s057","m3",-0.263715493590355,0.257341116393294,-0.159232954235964,-1.06511239728492,-0.210368846418786,-0.265996603042623,-0.587875021324634
772,8998,"s057","m3",-0.244174573313897,0.13020901646534,-0.103551817325478,-0.974994533804166,-0.28925398774559,-0.754351947058391,-1.6737844527481
773,9014,"s057","m3",-0.232038263097131,0.313660504330818,-0.0975205108706535,-1.07076622068451,-0.251170947103333,-0.413142012028997,-0.229653488060164
774,9020,"s057","m3",-0.182579775818014,0.217313998262814,-0.0445902075832588,-0.98430486508194,-0.255219293736895,-0.42304619682108,-1.22698707397935
775,9026,"s057","m3",-0.28493155098738,0.305688972211536,-0.20022352321155,-1.23348071589489,-0.666349931768629,-0.469282165362285,0.343562335901909
776,9037,"s057","m3",-0.340884783443521,0.18214344004263,-0.0524841887307698,-1.1187532046479,-0.435930288547225,-0.403553038458053,-0.178311558591674
777,9045,"s057","m3",-0.267513552305852,0.260678080172356,-0.161969571026819,-1.07157430717883,-0.268084872995918,-0.201713285815804,-0.665386683298364
778,9054,"s057","m3",-0.30407062398985,0.169072526977768,-0.0477155700398781,-1.07304842410214,-0.401386300556181,-0.60200234821631,-0.843519242279298
779,9063,"s057","m3",-0.261759105102078,0.18145052233357,-0.00717694096855392,-1.06741182717919,-0.176065449357106,-0.135999838210972,0.0459344494960143
780,9078,"s057","m3",-0.25632451634222,0.281464396404195,-0.161754510585061,-1.19249218114929,-0.41670913788732,-0.296973894068676,0.514945333040838
781,9079,"s057","m3",-0.263082567724076,0.263713959044175,-0.116279188644253,-1.12440231253237,-0.406130158291789,-0.475921462092527,0.55541250084316
782,9082,"s057","m3",-0.281886558270252,0.24719178389608,-0.0658125663507338,-1.08306701169109,-0.240060129577372,-0.372835849733633,-0.471612855798725
783,9085,"s057","m3",-0.3219816630098,0.330485284810067,-0.0990376923980618,-0.889705572051152,-0.580950287057997,-0.0946386175126336,-1.2772123960148
784,9102,"s057","m3",-0.267192000991058,0.16217895120863,-0.252418230278483,-1.02572796722207,-0.394984950066179,-0.328534585383141,-0.40379863130902
785,9116,"s057","m3",-0.337374179075404,0.218065450143568,-0.139097052474884,-1.13960481267405,-0.255939409429475,-0.247681033394431,0.372379826867856
786,9129,"s057","m3",-0.266225771388466,0.349966920145776,-0.163904159768609,-1.06168153205252,-0.342290885980522,-0.315357323178799,0.171715347143256
787,9137,"s057","m3",-0.277072866843484,0.22138166070854,-0.258852810398352,-1.04528868523681,-0.477427018469405,-0.280115222699117,-0.672748734115038
788,9156,"s057","m3",-0.251621850742699,0.105782769278223,-0.0785263272086242,-1.17946272548536,-0.341804159816146,-0.507308880014856,-0.395030083866638
789,9158,"s057","m3",-0.400945572522331,0.144364794901797,-0.1527842378967,-1.06901652674502,-0.356721959967817,-0.509192884866745,-0.125577930318632
790,9166,"s057","m3",-0.213535514877852,0.227789129632311,-0.198152898737815,-1.12908554061654,-0.377574289447521,-0.485553614758081,-0.322721468400527
791,9167,"s057","m3",-0.237428493057922,0.24793634832168,-0.0759418365772496,-1.1141479617607,-0.177782188649941,-0.326947104654667,-0.0331331346064694
792,9171,"s057","m3",-0.272313002111899,0.179557733005267,-0.162840612825516,-1.1410051952651,-0.370158182326572,-0.56354665870601,0.0649456779710699
793,9194,"s057","m3",-0.132750791686045,0.302395198908882,-0.138771286111555,-0.954993433008084,-0.23367244945269,-0.282300861349338,-0.798278741741411
794,9203,"s057","m3",-0.266860836459639,0.239794155055737,0.00757550323399932,-0.971733985860524,-0.357155825433762,-0.329239037913721,-1.10967565320178
795,9204,"s057","m3",-0.234011573650773,0.221667194158024,-0.154520705519636,-1.10734377329143,-0.240418294939776,-0.352014042816906,0.152153257531107
796,9227,"s057","m3",-0.246890414349518,0.215532711562604,-0.156611918314209,-1.07979004868029,-0.42650426282712,-0.408396975763692,-0.16987007637327
797,9242,"s057","m3",-0.202323244122612,0.143081809911296,-0.0848118901505665,-1.0430585073268,-0.196564624021882,-0.411085235422915,-0.376404040885137
798,9290,"s057","m3",-0.19565871700693,0.262181009676165,-0.119320416718452,-0.991300658353977,-0.169019113496503,-0.251449935272653,-0.57139918756991
799,9312,"s057","m3",-0.253218780868952,0.225501966758461,-0.176251840498362,-1.02609470674457,-0.442027586680909,-0.410625212381252,-0.967626435768007
800,9317,"s057","m3",-0.30811795850157,0.193773995057414,-0.161713312428828,-1.04839542837912,-0.37503691470485,-0.453459394151888,-0.155763756693953
801,9337,"s057","m3",-0.3107006774511,0.121902541396943,-0.152491717496998,-1.08295733095801,-0.244158558499117,-0.481559097751825,0.278198038757595
802,9360,"s057","m3",-0.23931644384157,0.305515606468665,-0.132679346250361,-0.9476675917979,-0.163780695967611,-0.227213925727371,-1.67807008434552
803,9363,"s057","m3",-0.307844382886767,0.0637861558584876,-0.0848941652656152,-1.05688691622922,-0.28062750021499,-0.261514753816001,-1.03120562062286
804,9368,"s057","m3",-0.283818399180037,0.14410804962563,-0.0420642827744505,-1.04687888415054,-0.332155577069006,-0.586023223594943,-0.220650015177841
805,9369,"s057","m3",-0.29851893252804,0.247114907034724,-0.121641456903767,-0.973314294353213,-0.34949962834698,-0.100578321267736,-0.794373874777629
806,9371,"s057","m3",-0.30732868369667,0.243287387563979,-0.138695284691516,-1.08445902567417,-0.218693919068695,-0.385059396683274,-0.278964756555714
807,9382,"s057","m3",-0.255510639512873,0.134946963567409,-0.12084749182151,-1.08430535844722,-0.407392668349146,-0.747466486856046,0.0662097975468177
808,9397,"s057","m3",-0.279897665164092,0.267443315346328,-0.0191458020326448,-1.13996439143955,-0.224432120804683,-0.245419136267489,-0.506960423011511
809,9402,"s057","m3",-0.321629505223833,0.198455185852564,-0.166314568782427,-1.00574994656987,-0.358070055847068,-0.378677924167471,-0.401695889115823
810,9405,"s057","m3",-0.178513132523663,0.220530764658275,-0.109217885611617,-1.01930026742243,-0.247859910892717,-0.336744830471179,-0.662696386878975
811,9406,"s057","m3",-0.274342144243386,0.325701965518212,-0.294144898878189,-1.04397353909282,-0.227659402171846,-0.200452892774924,-0.189375672794054
812,9421,"s057","m3",-0.278999840929497,0.239397160226129,-0.0780778284796978,-1.07559701886549,-0.723211204004887,-0.38167834155436,-0.158812732736209
813,9432,"s057","m3",-0.284425686333434,0.179491881546683,-0.101937225405706,-1.14068699117981,-0.496630335751335,-0.547558898867459,-0.0155718305903056
814,9445,"s057","m3",-0.161333709011882,0.158188162834871,-0.0849218397110395,-1.12916215458514,-0.150355157424171,-0.443848953684133,-0.00969031968275272
815,9451,"s057","m3",-0.290940524905845,0.224774992031517,-0.253551712208351,-1.14767167248302,-0.490390242887207,-0.553233847664402,-0.216848257708194
816,9470,"s057","m3",-0.281998882557994,0.124844240015303,-0.075057277899159,-1.06705550510345,-0.246091463057529,-0.529320115933283,-0.233037381215171
817,9481,"s057","m3",-0.275925780515684,0.25696332941245,-0.0444852848974619,-1.10246147397859,-0.130058911405376,-0.512563237096598,-0.118015954845989
818,9502,"s057","m3",-0.246087813743788,0.236590256887067,-0.0505512143133385,-1.01064740193113,-0.169551647006159,-0.340316078229058,-0.540609666456943
819,9510,"s057","m3",-0.332234365169003,0.233132574932957,-0.300504077920077,-1.1317421275309,-0.423960211570506,-0.332920133060857,0.42744626288328
820,9512,"s057","m3",-0.235144149604986,0.197298756692178,-0.00528890517988727,-1.00170940441309,-0.36908189379432,-0.371793089925641,-0.384915135148237
821,9520,"s057","m3",-0.31876823410776,0.248961908459582,-0.165676179989866,-1.037789104616,-0.28058202343279,-0.421400245442938,-0.629768420715506
822,9541,"s057","m3",-0.296707777468834,0.182106865590833,-0.031465771406734,-1.08629240743108,-0.381656500700493,-0.432067076521452,-0.312357964813486
823,9544,"s057","m3",-0.30476953286188,0.227412933655829,-0.11302543483479,-1.17381046667604,-0.224452541936468,-0.453118604479114,-0.0455458934588725
824,9548,"s057","m3",-0.307263506174671,0.144910288678013,-0.17203439245862,-1.07286444688303,-0.450426874873584,-0.481652195182865,0.231696539344396
825,9552,"s057","m3",-0.29366749165141,0.256132098550334,-0.0975086759445389,-1.13889614199002,-0.126218868804699,-0.428846080152937,-0.236548912823724
826,9560,"s057","m3",-0.268058108699761,0.261569808933059,-0.201505254615744,-1.06248242599643,-0.360934449084759,-0.30871887187646,-0.388544063350436
827,9594,"s057","m3",-0.293566033677555,0.114226713514862,-0.100263724046021,-1.19718897901271,-0.471022429068802,-0.542945815510598,0.487239046463536
828,9595,"s057","m3",-0.327046284858524,0.230493910291852,-0.0652956715159016,-1.02304712606847,-0.43293521517097,-0.749950219765219,0.0297856191729516
829,9597,"s057","m3",-0.223058458005027,0.187529395410272,-0.0570601465748333,-1.09532665134422,-0.267603196683191,-0.442039040374586,-0.28027763982622
830,9608,"s057","m3",-0.200311811219844,0.339489841448766,-0.0851429528047314,-1.07041844444471,-0.130454007728762,-0.181662479280549,-0.391133387087324
831,9609,"s057","m3",-0.309530186392566,0.175160912414074,-0.14937895188007,-1.09845898746748,-0.311788936038591,-0.43209887323476,0.0292191840972569
832,9622,"s057","m3",-0.301944299394816,0.239579954010379,-0.146240782503962,-1.10745677839303,-0.195151624270197,-0.394020634042368,0.204309352106212
833,9628,"s057","m3",-0.297025305834135,0.360213402087398,-0.141013238053932,-1.09855740063707,-0.433271695847295,-0.268672841596598,-0.326936384363039
834,9630,"s057","m3",-0.281779603740254,0.196520247822317,-0.0555121945491227,-1.07914852738633,-0.283835997899684,-0.558805068792492,-0.134529002245098
835,9632,"s057","m3",-0.29570194603853,0.123420035683266,-0.214838457456352,-1.08432649030103,-0.504750884782498,-0.642566590574954,0.0500381287123673
836,9657,"s057","m3",-0.192132831441954,0.286959963377083,-0.0677989322126876,-1.06235812635778,-0.209037113688996,-0.265122360144842,-0.344622901291482
837,9676,"s057","m3",-0.299116165261012,0.175011736009709,-0.18161692276374,-1.18198200896637,-0.302631733036969,-0.363263209981497,0.364957910739933
838,9681,"s057","m3",-0.285775749181622,0.152649328340608,-0.0624156818565013,-0.987080679535673,-0.447092460903983,-0.548732405799355,-1.25479941690033
839,9687,"s057","m3",-0.304836683576476,0.345734736360798,-0.104689388869473,-1.04987123059758,-0.307482040411856,-0.113670950516427,0.0365170434566289
840,9690,"s057","m3",-0.174579968847429,0.26242488079331,-0.135857854937647,-0.956628621095476,-0.366216355212681,-0.131302167038739,-0.166487757890397
841,9716,"s057","m3",-0.18642118984257,0.233949932421207,-0.117177041502174,-1.00076631181791,-0.137089603302532,-0.158250273325049,-0.102446667392899
842,9728,"s057","m3",-0.360996500093233,0.31008854660757,-0.0968175147230809,-1.02999964604652,-0.539935017735649,-0.186322821884116,-0.563140355584254
843,9743,"s057","m3",-0.312438352777597,0.19630333283954,-0.155934289406079,-1.2027426860806,-0.357690518475376,-0.498103371534268,0.605823251046383
844,9749,"s057","m3",-0.226494771231724,0.198079611860926,-0.142831205888379,-1.17252033119654,-0.365195926967966,-0.433712019613453,0.0282026895200466
845,9754,"s057","m3",-0.29461104750619,0.161338300180997,-0.0426588832002925,-1.05871454906968,-0.412561154164764,-0.693086962338136,0.191227493149805
846,9759,"s057","m3",-0.330457008773736,0.172593159533285,-0.249730202113717,-1.14886454605379,-0.383083018849899,-0.545822247948787,0.353619632012922
847,9766,"s057","m3",-0.266724960178398,0.229153366882327,-0.109985359223839,-1.09822529864909,-0.245130132981652,-0.540307236906789,-0.269354270180195
848,9778,"s057","m3",-0.263295402061785,0.209277586704868,-0.0570143488434076,-1.07037983160903,-0.335846383780191,-0.264610602679909,-1.00893822927889
849,9781,"s057","m3",-0.395616248000701,0.291741456011136,-0.148993815391338,-1.00601051995291,-0.695556998864268,-0.379172618015549,-0.743635753648402
850,9797,"s057","m3",-0.319042972326661,0.249083264640985,-0.150888879301286,-1.1086867993659,-0.352749485317192,-0.442331824900266,-0.455083220123632
851,9798,"s057","m3",-0.255016216340872,0.227602973795574,-0.117257851532783,-1.06676563436481,-0.263863297916208,-0.734883997617034,-0.543470804573263
852,9815,"s057","m3",-0.307436485875219,0.127067623462279,-0.221516652628264,-1.12950242034426,-0.394450895697869,-0.593059328224782,0.513385305479241
853,9818,"s057","m3",-0.239525553849699,0.219082979290595,-0.100992741625885,-1.02888403702804,-0.258735747270745,-0.303314525802373,0.182581229105022
854,9855,"s057","m3",-0.305117319747992,0.348618215071753,-0.0976438104912019,-1.15423536600647,-0.357085887315556,-0.277709952667374,-0.104656798568053
855,9865,"s057","m3",-0.180210648478896,0.217114428279238,-0.0870737489214241,-1.06740512766168,-0.101882381302623,-0.572624177894343,-1.3444699750373
856,9882,"s057","m3",-0.319783523246169,0.252903221040454,-0.15848123677996,-1.19670765694847,-0.232206285616624,-0.485629949961845,0.604774591283685
857,9886,"s057","m3",-0.308741064462787,0.244887166759838,-0.131385628793298,-1.15331685898034,-0.329116220645896,-0.271273177834827,0.543742973406976
858,9887,"s057","m3",-0.244096182093967,0.152249287495527,-0.0343750248857796,-1.00080202598737,-0.218563285373582,-0.377486820400348,-0.918446114605135
859,9893,"s057","m3",-0.220116167862839,0.279763925704061,-0.199565863607684,-1.10768974001258,-0.431564504328212,-0.246093938069953,-0.159654328768895
860,9911,"s057","m3",-0.228638305011035,0.31176587035157,-0.203067137192132,-0.954347125682167,-0.283836169891718,-0.0513508971762926,-1.38460591408141
861,9923,"s057","m3",-0.326162998389942,0.196127437121918,-0.170302246783538,-1.1524996122521,-0.406145193752994,-0.740902804046006,0.0643020390517033
862,9926,"s057","m3",-0.281943927830936,0.254105002759434,-0.0900170544271657,-1.18430496042849,-0.333091906270891,-0.667482250269722,0.316637266099305
863,9937,"s057","m3",-0.279914081933909,0.223044574881116,-0.135769856157786,-1.12052714692928,-0.385121378061781,-0.291176860675496,-0.557331223157426
864,9942,"s057","m3",-0.324300480271736,0.156161814043811,-0.333446890770965,-1.14705590556896,-0.358651335696578,-0.446017268061344,0.0826003564882695
865,9959,"s057","m3",-0.26856152255293,0.329849797544901,-0.0158828361236686,-0.975851866993699,-0.148927488444689,-0.356677002363894,-0.62873902279463
866,9979,"s057","m3",-0.203378630023282,0.135521358881027,-0.164323713437406,-1.15600818610396,-0.0589499600425877,-0.397701749135162,0.188356035474875
867,9982,"s057","m3",-0.324135946682803,0.240404441629324,-0.105460918118943,-1.08298954328824,-0.29568790308098,-0.322695325348757,0.264984704805057
868,10007,"s057","m3",-0.356588643313102,0.298135487401051,-0.14904759524845,-1.00298008805493,-0.719217665396063,-0.131879012321705,-0.0859253261985248
869,10028,"s057","m3",-0.310084978340481,0.276292063863978,-0.0649782309350035,-1.06753252029666,-0.227720240931551,-0.208813436691492,-0.297708069798989
870,10032,"s057","m3",-0.326921081301297,0.251993358251183,-0.132913334896777,-1.10623647117146,-0.31129273729786,-0.395635152063839,0.116949504461889
871,10049,"s057","m3",-0.308575699413207,0.180111561441989,-0.315453133112042,-1.12569972496194,-0.213802092273189,-0.480065692096738,-0.054401489387241
872,10058,"s057","m3",-0.24185979618643,0.0805623276734206,-0.0772799459728678,-1.08642071502896,-0.142415160479573,-0.885298235734802,0.217140873249651
873,10063,"s057","m3",-0.287519200054555,0.23026863047829,-0.168549834597421,-1.09868733562202,-0.223780392360196,-0.201731673364053,0.227880736852533
874,10075,"s057","m3",-0.375686827566855,0.198052105654405,-0.123318343414567,-1.15089325120211,-0.314898544963616,-0.378286165070849,0.545460500531005
875,10100,"s057","m3",-0.200876338221982,0.302648666075262,-0.0131987755347037,-1.04244029618975,-0.247004486626169,-0.21566015536344,0.113199917426723
876,10107,"s057","m3",-0.337854342421798,0.313721229056159,-0.204040270791362,-1.03551885031505,-0.38300182320814,-0.412201983144614,-0.470138833855774
877,10112,"s057","m3",-0.357972636497689,0.227710048375071,-0.273314854027863,-1.18902640012301,-0.501636147567104,-0.564518551217259,0.734808854862489
878,10116,"s057","m3",-0.267465435308886,0.339645137243555,-0.111766209106942,-0.987813161603163,-0.455889946180104,-0.195394529436534,-0.826261451802242
879,10124,"s057","m3",-0.209424393436091,0.106554842715305,-0.0960622420289068,-1.02054956383976,-0.425413400341657,-0.509324024193493,-1.33838671296307
880,10129,"s057","m3",-0.312509417776508,0.150884404966636,-0.0782048124389293,-1.1689827580637,-0.495483391917328,-0.570784484086628,0.352490930165595
881,10138,"s057","m3",-0.239687563585733,0.241293904037214,-0.0848152991215167,-1.03702461720919,-0.114345476722858,-0.471711653541395,-0.939729904901331
882,10160,"s057","m3",-0.293636078578765,0.187882480635712,-0.24420792421741,-1.17269333657677,-0.283059590945008,-0.389077647011423,0.639214682538541
883,10164,"s057","m3",-0.269121467678271,0.210151989526619,-0.112097891814244,-1.04888801844376,-0.273390578433824,-0.404494528226533,-0.839840100258156
884,10178,"s057","m3",-0.257024297142872,0.362758388634927,-0.160915583145748,-1.06557595375476,-0.143811772966908,-0.165999676045687,-0.191058496139882
885,10184,"s057","m3",-0.354318634300026,0.272531135231361,-0.129686275423561,-1.10877875214223,-0.3305289398425,-0.132251174536429,0.35164890915872
886,10187,"s057","m3",-0.28667438198226,0.23679267789302,-0.129165735570042,-1.01485805586024,-0.205368689961824,-0.370169167605631,-0.930862975008232
887,10201,"s057","m3",-0.278576738419255,0.186145633682689,-0.200052590532321,-1.06438206414174,-0.554307089106781,-0.274106715909845,0.221842295101708
888,10234,"s057","m3",-0.259491400055317,0.146361954465042,-0.153135864474826,-1.02304578124604,-0.473754797908283,-0.496096168372964,-1.23359854289088
889,10244,"s057","m3",-0.274163749304198,0.167131919706374,-0.137647151722756,-1.09001476262692,-0.2213367614355,-0.283956034951993,-0.195739163733733
890,10259,"s057","m3",-0.316137407480176,0.302979413701229,-0.149629249281819,-1.15567636823846,-0.22674250438374,-0.441448109734121,0.340000030614806
891,10280,"s057","m3",-0.336001703910606,0.105365380269927,-0.103212754891993,-1.08987423345879,-0.399479974555956,-0.565353676634011,0.296242062450523
892,10286,"s057","m3",-0.330396658473288,0.230194994760172,-0.24410501320465,-1.04306745927358,-0.579527012022488,-0.325717880889142,0.0933057766280772
893,10293,"s057","m3",-0.258041727705095,0.206439082325517,-0.205196523707833,-1.12666783443942,-0.251429393776459,-0.393744302557748,0.0489577525923013
894,10314,"s057","m3",-0.252516232627886,0.216401385056978,-0.167614501349468,-1.08233125701398,-0.172827053203102,-0.572685745493085,-0.494953675941241
895,10332,"s057","m3",-0.219150530630815,0.189535267359508,-0.114772502237304,-1.01139314841111,-0.35634566102782,-0.483634773821032,-0.713100955330022
896,10375,"s057","m3",-0.269011941436027,0.272676045708991,-0.0668499826126762,-1.08721373498763,-0.198690375077127,-0.438990796959803,0.0736785359195267
897,10379,"s057","m3",-0.276651278462988,0.216907334421951,-0.230367203167456,-1.03361645870818,-0.25320200025614,-0.603316063484056,-0.673730765143538
898,10380,"s057","m3",-0.256024646140699,0.136875165329247,-0.155918556555881,-1.05110215666554,-0.472212047360855,-0.390759309575997,-0.0987559584320533
899,10390,"s057","m3",-0.269508597411317,0.216549708827281,-0.181114262859136,-1.13370043034511,-0.231482786055642,-0.38248468251305,0.0519605320085202
900,10399,"s057","m3",-0.239067757547127,0.223588814226814,-0.154276576426149,-0.91093222250054,-0.290709757205065,-0.285398879984712,-0.752055603295612
901,10418,"s057","m3",-0.279364651513454,0.172130968395892,-0.182118867029158,-0.940587854399454,-0.321894211526661,-0.598235275925928,-1.1837376853423
902,10445,"s057","m3",-0.385825869790251,0.251917987675622,-0.112717349376354,-1.12503879126463,-0.365249294330634,-0.292711596407997,0.100841294904426
903,10462,"s057","m3",-0.319309992874507,0.198067084030256,-0.0893025296486388,-1.07728958928852,-0.380437137061496,-0.334288856235803,-0.566517535438248
904,10474,"s057","m3",-0.274644180543515,0.261955840284833,-0.170297400923875,-1.1179715763932,-0.32364449297958,-0.157289522387776,-0.240328713020836
905,10475,"s057","m3",-0.241964999301485,0.122109325961489,-0.143870636363792,-1.08770243316984,-0.287703510898488,-0.377262966586204,0.0976102553094947
906,10476,"s057","m3",-0.305452929104889,0.181421562601382,-0.11421886777522,-1.07663605137426,-0.340423870176139,-0.386950652276387,-0.472772577270737
907,10479,"s057","m3",-0.386166470318077,0.251735574010049,-0.128670167804501,-1.19008401682968,-0.400859205840059,-0.544169781626043,-0.0647103352855938
908,10488,"s057","m3",-0.270596356054748,0.277178187691134,-0.0765240909172895,-1.19574292542438,-0.300755283909591,-0.280691206852456,0.093195090161912
909,10495,"s057","m3",-0.252481398154888,0.207964925471003,-0.0569946554026807,-1.01218872122068,-0.382232958996411,-0.332323901837052,-0.676239298578822
910,10501,"s057","m3",-0.24097240459323,0.259253108309057,-0.116395940249472,-1.10954761567974,-0.255747560645856,-0.345451084246485,0.377421309004355
911,10507,"s057","m3",-0.274615368054752,0.121081055919351,-0.115351412128067,-0.979840514887152,-0.296205628576056,-0.440944698910232,-1.50405338104396
912,10517,"s057","m3",-0.23889487803929,0.147621285874269,-0.0703607482654298,-1.08055023798823,-0.215636532239392,-0.861463930111941,-0.0439014249893435
913,10519,"s057","m3",-0.265772512741575,0.194837586488801,-0.14372784171264,-1.14832664900811,-0.441731542215443,-0.539253961253757,0.286694969816637
914,10529,"s057","m3",-0.249041850648581,0.05790649349971,-0.118389542306339,-0.889175272915398,-0.179784495668968,-0.558090891060322,-1.84585005320837
915,10534,"s057","m3",-0.334608403809146,0.275782696645672,-0.0887064965968175,-1.05544645344192,-0.442438754596435,-0.256161216471106,-1.01252130946531
916,10543,"s057","m3",-0.302280639845982,0.274285115698987,-0.193255864486617,-1.02014428652059,-0.540432439769678,-0.212475182967158,-0.614269758696941
917,10547,"s057","m3",-0.306361106144126,0.190721678914469,-0.138760033396971,-1.20558591056228,-0.322222580075958,-0.505538723337224,0.315116584852204
918,10588,"s057","m3",-0.284195364716573,0.201439550769195,-0.0488980670133819,-1.04176086411294,-0.279955453630219,-0.214056317556903,0.0362510271101405
919,10596,"s057","m3",-0.247600451411266,0.183644208077485,-0.11584447434899,-1.06481231807037,-0.295277661196758,-0.621927185718961,0.464016203691559
920,10604,"s057","m3",-0.177940568980767,0.208114719967875,-0.202610745087446,-1.1137275582218,-0.208292899948332,-0.352766247461718,0.0184162395658743
921,10606,"s057","m3",-0.338016351512209,0.23388647988055,-0.191139687610129,-1.08985055054076,-0.235999855768725,-0.272647205970479,-0.226027457454612
922,10607,"s057","m3",-0.343859735710949,0.319213390476649,-0.21967560562111,-1.08492047063693,-0.800341114446458,-0.191497154503758,-0.130202571091522
923,10619,"s057","m3",-0.236199902773871,0.292971986841477,-0.0426906091289044,-1.05129516146979,-0.209011226546117,-0.385792369493802,-0.80431560414625
924,10638,"s057","m3",-0.305188610559659,0.292341395457487,-0.159037910738334,-1.10583425962875,-0.415887845358508,-0.379993528770183,-0.120738672426102
925,10654,"s057","m3",-0.304286391370355,0.133574505748631,-0.211297260489905,-1.0196929082494,-0.326260328122743,-0.549799149579133,-0.794209228140492
926,10683,"s057","m3",-0.326214834870358,0.0717607489005033,-0.227067878278948,-1.29487830384282,-0.184775443488415,-0.72799738142435,0.746638042387478
927,10695,"s057","m3",-0.317272431297665,0.116218518870428,-0.210449729693432,-1.19535944779422,-0.484283072033413,-0.463896129809723,0.644735160244425
928,10696,"s057","m3",-0.163329118591016,0.253050613534164,-0.128282894245406,-1.03815327630271,-0.291398974413459,-0.195225224013891,-0.383279356007396
929,10715,"s057","m3",-0.234156328177944,0.172887365281249,-0.139180916260973,-1.10875018273937,-0.154506212990251,-0.547087209567441,-0.497496018612579
930,10732,"s057","m3",-0.295010291651365,0.191859396373866,-0.166213379329546,-1.09027780176971,-0.408970528243532,-0.531436290365263,-0.247156075201287
931,10734,"s057","m3",-0.146347875701913,0.236048385839372,-0.0300591741644929,-1.03036071131085,-0.140083778513253,-0.109949878290691,-0.233473663545538
932,10740,"s057","m3",-0.299131978038637,0.184988272081325,-0.137481653421623,-1.01168672878407,-0.507025387901275,-0.412544649234709,-0.605220178674891
933,10759,"s057","m3",-0.296631500215481,0.144138301796756,-0.0982252096497074,-1.11604169308948,-0.410461693903426,-0.31918943903243,0.01386652652446
934,10767,"s057","m3",-0.22497192270433,0.214752572605506,-0.14770919619555,-1.11673221265382,-0.381301522717952,-0.424501700084625,-0.0263529720637612
935,10778,"s057","m3",-0.268079118813518,0.34342935914764,-0.160265149709065,-1.02605672539979,-0.0936471095239746,-0.271485654298467,-0.963938113018138
936,10781,"s057","m3",-0.254191913485302,0.300956542759332,-0.134314728866236,-1.06026904000981,-0.138174664410151,-0.401294231503496,-0.558433334461022
937,10804,"s057","m3",-0.283342025234715,0.27558310878206,-0.168109055912103,-1.1016702610508,-0.355636429699951,-0.352352821995483,0.191108837853297
938,10808,"s057","m3",-0.337505051171888,0.220027682417548,-0.163689817920061,-1.02362715183588,-0.310878764556815,-0.298410030054288,-0.169270466902469
939,10811,"s057","m3",-0.258584801672855,0.258149181533756,0.034669459523055,-1.0780789949427,-0.327842476516777,-0.314261220823676,-0.535614582034484
940,10816,"s057","m3",-0.341761491410308,0.182878931770494,-0.0624533639297958,-1.09408454728161,-0.208670960481716,-0.295484512989431,-0.855039265192326
941,10825,"s057","m3",-0.350701040320763,0.147901962775192,-0.250417360996265,-1.22924217391083,-0.266606455282168,-0.684270291491917,0.45346296750942
942,10850,"s057","m3",-0.339940304758782,0.184407321683194,-0.228579458115955,-1.04328766794788,-0.235682770782287,-0.421430236325287,-0.229120064903842
943,10892,"s057","m3",-0.249964654842785,0.302406711830733,-0.085636728739383,-0.981350632221091,-0.203236943327989,-0.20907975394316,-0.852477668025299
944,10912,"s057","m3",-0.254397461862085,0.175818598894591,-0.112875274051476,-1.11027097114981,-0.265869818867531,-0.549940232879138,-0.120459536965955
945,10914,"s057","m3",-0.228885950417369,0.332660839386159,-0.0607005645358269,-1.067085226684,-0.254040461409763,-0.222387537825035,0.128959867300111
946,10923,"s057","m3",-0.27175869231602,0.282162932239189,-0.173291627014444,-1.06596267727143,-0.36322640528551,-0.517960434265546,-0.307986761648686
947,10957,"s057","m3",-0.270804632288665,0.210300890227071,-0.0996555575430836,-1.07035916856353,-0.243678504532018,-0.34994032187791,-0.534168815109186
948,10967,"s057","m3",-0.259288464049867,0.161449463720323,-0.137877706627175,-0.943353166793436,-0.355622629587307,-0.344218603649252,-0.684647406108028
949,10973,"s057","m3",-0.308101841924511,0.192574607172731,-0.0130590504389377,-1.01688236442434,-0.256831501048144,-0.446753732313397,-0.733851055577735
950,10980,"s057","m3",-0.361413740733713,0.241542943255585,-0.232301304673361,-1.10360100682742,-0.572463349379223,-0.304220158857038,0.0793657817791568
951,10989,"s057","m3",-0.273400295832689,0.0847908265743495,-0.174929939819586,-0.920544394651072,-0.467679630539629,-0.536135043976556,-0.718428110956976
952,11014,"s057","m3",-0.397916225297982,0.231265261626055,-0.179820123024122,-1.11168092375523,-0.441595106684418,-0.382401258384285,0.103716071949555
953,11021,"s057","m3",-0.276199657885951,0.222591443809434,-0.0591625251115978,-1.05150967107447,-0.278148850003743,-0.207064049637232,-0.274155999216785
954,11027,"s057","m3",-0.231949370747304,0.153323887388972,-0.0680580731812132,-1.08968979691879,-0.262813742332993,-0.392829442102281,0.0835937700478534
955,11031,"s057","m3",-0.226600163958121,0.177243345155166,-0.220748975250454,-1.00783058110368,-0.273230781767044,-0.252743936573035,-0.608341972319225
956,11033,"s057","m3",-0.23402009360446,0.221151963177842,-0.193352822120955,-1.08730734311664,-0.313803014016024,-0.160772701575947,-0.504619632933824
957,11042,"s057","m3",-0.326608937522668,0.220971461521687,-0.235234849228849,-1.00289097596919,-0.480033142159234,-0.395414278281314,-0.695146680814245
958,11049,"s057","m3",-0.258560938401148,0.279263968123725,-0.124023702001129,-1.08584207254985,-0.237489030150363,-0.256385351157135,0.0212832266540516
959,11096,"s057","m3",-0.321224453425891,0.127750857961391,-0.151342933828057,-1.12411907446888,-0.317568211730573,-0.338766673826066,0.401440746395125
960,11102,"s057","m3",-0.263490163353303,0.233994064930606,-0.129948097707517,-1.16536206506877,-0.312547871067621,-0.37120165306739,-0.231275191974556
961,11129,"s057","m3",-0.256105182962242,0.228389167456721,-0.113799525303242,-1.00660076771024,-0.435433467128608,-0.144869800783784,-0.728306265395206
962,11149,"s057","m3",-0.345625012064555,0.141326790589209,-0.102599566664008,-1.28165224884393,-0.158117307466112,-0.440293069253314,0.272476262867308
963,11162,"s057","m3",-0.205707537728206,0.239113528784331,-0.149026571079469,-1.02405374770921,-0.226013871992315,-0.266473865628727,-0.0157267844746827
964,11165,"s057","m3",-0.199627595085929,0.339902964906893,-0.0582972804146829,-0.985902743322338,-0.0599840918729668,-0.0363880266474495,-0.831315424208577
965,11169,"s057","m3",-0.262866756132717,0.149877805597398,-0.0695172176019589,-0.984107499310277,-0.433276329417701,-0.557117654065424,-1.05035627606719
966,11174,"s057","m3",-0.368195929915191,0.156181694898095,-0.13477006560323,-1.18460792246598,-0.437641199434816,-0.678228330276183,0.750067902338045
967,11183,"s057","m3",-0.265023279721611,0.183018534749223,-0.144218624178917,-0.957215877343423,-0.429208418010108,-0.224689121042133,-0.717557546218946
968,11185,"s057","m3",-0.186793432956625,0.254616794845397,-0.0169874216845231,-0.982067538572409,-0.187330296474178,-0.394221596132371,-0.836472275758953
969,11212,"s057","m3",-0.274824905838193,0.268218529062005,-0.0575424997456857,-1.13208638519301,-0.182019953293598,-0.243267035717714,0.0194855517763946
970,11214,"s057","m3",-0.204570569026979,0.227152110084256,-0.0884044119686926,-1.04468773740306,-0.295428943625407,-0.240524985824626,-0.33585362753166
971,11221,"s057","m3",-0.262610807164929,0.225770739677949,-0.109684372451414,-1.07913612989164,-0.290335731811131,-0.505560914791568,-0.185408756887547
972,11227,"s057","m3",-0.255521281226819,0.216309194943762,-0.0272492356013591,-1.04580905440582,-0.221671883325841,-0.12880172763324,-0.135397426434292
973,11232,"s057","m3",-0.114593071422654,0.189554195924138,-0.219596793853269,-1.01963097304499,-0.439696375944331,-0.294246242885775,-0.647913873350729
974,11250,"s057","m3",-0.245022447951392,0.338184560028228,-0.103051798979121,-1.05132478408253,-0.275821514353012,-0.14412160129268,-0.0746577403708227
975,11260,"s057","m3",-0.222390070203473,0.336966978221416,-0.0360378276909106,-0.977062355291419,-0.178451152001607,-0.200636018430891,-0.688887038768445
976,11264,"s057","m3",-0.25099584574007,0.275281184029072,-0.102154389727909,-0.996465612031223,-0.452244459166403,-0.141368204855873,-0.700958045284517
977,11294,"s057","m3",-0.17981336863993,0.158874131341909,-0.1037873989354,-1.09693360159171,-0.208890274406361,-0.933135698821924,-1.24318110828389
978,11297,"s057","m3",-0.247454454321845,0.208923069896176,-0.0158180244397966,-1.04600434443728,-0.182685305914154,-0.458381267395384,-0.0830878953368511
979,11301,"s057","m3",-0.194769870188488,0.258196067051504,-0.0933502102011236,-1.03154839888782,-0.341137425999386,-0.175206944782665,-0.0341176502666121
980,11305,"s057","m3",-0.405760544575981,0.230043030038006,-0.118081910233564,-1.11510439190069,-0.431917388238582,-0.319975765485661,0.294830121136689
981,11316,"s057","m3",-0.471622607226857,0.174535593712321,-0.231610904621244,-1.23428061030885,-0.740069446285623,-0.600605941096798,0.808295824660882
982,11323,"s057","m3",-0.288919886860103,0.20834726132475,-0.108663753676427,-1.12062790552981,-0.667366030429055,-0.513541483669797,0.251861064768851
983,11325,"s057","m3",-0.226093567249765,0.22606486059115,-0.130117002888892,-1.06679588049512,-0.26755452934736,-0.372687429692344,0.0312027993524077
984,11331,"s057","m3",-0.214481635840536,0.202418146496023,-0.102166462078297,-1.09683724277958,-0.0892323509610231,-0.267869865268927,-0.438435691138541
985,11338,"s057","m3",-0.234359811543808,0.308177043577533,-0.116112353444618,-1.00629693825425,-0.279922093490001,-0.133722322192485,-1.52701856757358
986,11343,"s057","m3",-0.307446148488607,0.22806416065267,-0.21920136183425,-1.04920801352212,-0.460314332647961,-0.328300266694077,-0.156318665695701
987,11345,"s057","m3",-0.304182192736783,0.295250642323316,-0.136529315894307,-1.12610149194447,-0.471018285438827,-0.229481657456452,-0.312413118887151
988,11357,"s057","m3",-0.208106381137108,0.150336097087891,-0.205389193150976,-1.11501817217713,-0.414446088054753,-0.701304746430056,-0.160870491148787
989,11386,"s057","m3",-0.237922083993469,0.164273309926846,-0.0927375436474184,-1.05211204714593,-0.212706398094091,-0.591748197739266,-0.562268334855018
990,11425,"s057","m3",-0.345434881098291,0.334441377555965,-0.18747088348086,-1.10164036660237,-0.353617265833099,-0.213330324207629,-0.201099566532737
991,11427,"s057","m3",-0.264417142298673,0.253699226704893,-0.13373884986374,-1.1255047812228,-0.178801266730394,-0.373770686532532,-0.568669873124335
992,11434,"s057","m3",-0.225945640111828,0.181466458254645,-0.118249420469262,-1.0902919132626,-0.176950998646774,-0.390693518096945,-0.351890422234617
993,11437,"s057","m3",-0.220824304173058,0.237676453119849,-0.0925318345257273,-1.13581712090293,-0.364136103777779,-0.198150784518041,-0.0720552956992592
994,11440,"s057","m3",-0.302968194506079,0.219373219924087,-0.0725402356732573,-1.17247944204137,-0.321117805867925,-0.411337154307502,0.374600184683617
995,11445,"s057","m3",-0.282184184109627,0.0615741013464512,-0.208290087912874,-1.06962059853399,-0.504534808283932,-0.608385809492203,0.346073819116409
996,11460,"s057","m3",-0.365781909456755,0.277669803187979,-0.191889503505117,-1.15802406822261,-0.476711673743376,-0.571745272457471,0.984891079337341
997,11468,"s057","m3",-0.239594955213299,0.290634447565226,-0.282075655964331,-1.02992967835008,-0.482022584293152,-0.291817579416064,-0.690529782147645
998,11491,"s057","m3",-0.327861439612627,0.211737997467455,-0.228937449137034,-1.11671369478719,-0.516968853870732,-0.430594572348603,0.0842408009282498
999,11549,"s057","m3",-0.295463595633739,0.182355239121132,-0.15741300179385,-1.11843343098223,-0.400880101200732,-0.480609446980485,0.54209941454287
1000,11555,"s057","m3",-0.316768103995723,0.160297243860157,-0.116311363145901,-1.03371352616244,-0.412693535623101,-0.366624409421766,-0.341807861232312
1001,11569,"s057","m3",-0.125589257688599,0.297327483891968,-0.176249041048643,-1.0393541124449,-0.0652261665262725,-0.413569011433926,-0.419901910230127
1002,11571,"s057","m3",-0.279989153741831,0.146962111880983,-0.135773191939987,-1.04512674823599,-0.308211472453,-0.3832889328101,-0.277991777496111
1003,11646,"s057","m3",-0.404458993158556,0.233149806787214,-0.148330321535195,-1.06310896198411,-0.394513443722488,-0.359114196660738,0.255420980389234
1004,11650,"s057","m3",-0.311168597681227,0.154680091156592,-0.0416576504311379,-1.03090434050831,-0.334459555870678,-0.511537478699903,-0.525912717940857
1005,11653,"s057","m3",-0.226184284777217,0.257624894474675,-0.228734397972169,-1.0092887152855,-0.271637032539139,-0.40873235569855,-0.0204386582330808
1006,11666,"s057","m3",-0.257765050153289,0.32407226479186,-0.107728538143228,-1.04732342604596,-0.340395255811885,-0.41752894491363,-0.989030051094796
1007,11668,"s057","m3",-0.183240532371427,0.211364478472235,-0.148353164626281,-1.01177849219721,-0.281538855169971,-0.519458721735359,-0.74973200272058
1008,11669,"s057","m3",-0.2488226746736,0.355792666643937,-0.0940906101400409,-1.03706018610676,-0.160522414211232,-0.0895134236042863,-0.31256059650992
1009,11673,"s057","m3",-0.374051629804723,0.146170417771798,-0.200350667791472,-1.23744773393462,-0.415233606345373,-0.512803714400502,0.714097040433231
1010,11675,"s057","m3",-0.215687709562569,0.128439558400881,-0.163373090301235,-1.14918949499804,-0.244022534621954,-0.527187407148652,-0.484145199198264
1011,11694,"s057","m3",-0.258587098560827,0.187276296195576,-0.113954365134909,-1.00143460955026,-0.176326426426015,-0.212487838379974,-0.233743188114077
1012,11699,"s057","m3",-0.281563227997144,0.27099468201586,-0.156457378634509,-1.14157553343418,-0.140001672226261,-0.364180102346361,0.130166855522819
1013,11709,"s057","m3",-0.245586358830275,0.146318574950846,-0.0958270095232367,-1.10713154816186,-0.268184980210945,-0.392365603628301,-0.369283483453076
1014,11718,"s057","m3",-0.254228437239802,0.279904881858306,-0.206813623601938,-1.04537523039682,-0.156394013186301,-0.128625953526384,-0.6583989561161
1015,11733,"s057","m3",-0.243975629706041,0.213320077681962,-0.0318987074773338,-1.06151166531087,-0.225670144819018,-0.538418280173373,-0.389152271513777
1016,11736,"s057","m3",-0.303878658753053,0.100490756988831,-0.144529388899293,-1.07742409081075,-0.553694949458569,-0.849588684589807,-0.0460493682103074
1017,11739,"s057","m3",-0.284666373516165,0.302608134670985,-0.145778564179714,-1.05729171218948,-0.442587096978583,-0.0516288583143789,-0.213956994843388
1018,11759,"s057","m3",-0.251183465435629,0.159075858016335,-0.147499957080404,-0.986583917170476,-0.269419801008668,-0.285408187575005,-0.95008068569505
1019,11772,"s057","m3",-0.243586362381372,0.185526923970436,-0.180191316279001,-1.19356815203206,-0.367832154524991,-0.572081752026644,-0.27878445850711
1020,11782,"s057","m3",-0.338849123002317,0.216195923060183,-0.126038601645003,-0.995459645934027,-0.543608715603962,-0.361953521932405,-0.549379735866697
1021,11792,"s057","m3",-0.293061370262592,0.252426197662155,-0.167158579696232,-0.972500940145203,-0.366371761670473,-0.176961734444623,-1.03388929649152
1022,11800,"s057","m3",-0.343624607479111,0.172843711547842,-0.128168793827408,-1.12023409024917,-0.241180139369084,-0.272266814020695,0.320353897649125
1023,11801,"s057","m3",-0.33216092996227,0.331243449921313,-0.277392492695472,-1.08599356524347,-0.193534754420718,-0.159977538379467,-0.192913331461131
1024,11803,"s057","m3",-0.199319810177428,0.277993080635795,-0.131620395295652,-1.02732123057924,-0.639881409306495,-0.292586701673132,-0.376861272802145
1025,11810,"s057","m3",-0.306528583282224,0.237358420587818,-0.205590222959096,-1.10218944464458,-0.445300834804716,-0.345811707591728,0.138458547371446
1026,11833,"s057","m3",-0.231148224965048,0.223848086087627,-0.0815130806328244,-1.0377655924885,-0.149882392676951,-0.516428633249239,-0.409354609142383
1027,11879,"s057","m3",-0.373892529892107,0.219264667974572,-0.199225702864926,-1.19678466588947,-0.663370654465273,-0.559397438015389,0.683840668953484
1028,11883,"s057","m3",-0.324469294558633,0.331500760117118,-0.201035640781706,-0.980402456846292,-0.464405426489648,-0.296245791772894,-0.848449462318138
1029,11889,"s057","m3",-0.286635509799984,0.16233329119379,-0.205888012385557,-1.1408348546866,-0.493286950359186,-0.462728099443978,0.153450925981387
1030,11897,"s057","m3",-0.198553258041424,0.253331765146921,-0.0675253759625182,-1.08710807926037,-0.24929129023907,-0.241716971446463,-0.236609785470987
1031,11898,"s057","m3",-0.311181992194935,0.274299119276115,-0.177970449470906,-1.06022831707252,-0.44659201870366,-0.428122587156981,-0.476588212557738
1032,11958,"s057","m3",-0.210742895256969,0.203224950983056,-0.0853423465860841,-1.0537532455723,-0.348011268787312,-0.507345304575697,-0.931746524678392
1033,11961,"s057","m3",-0.389279388530756,0.129815837092825,-0.163950276839815,-1.17265847656696,-0.817491552253537,-0.448037079114457,0.337016451664347
1034,11971,"s057","m3",-0.219510910926543,0.281385665917372,-0.164294772183725,-1.10588205519446,-0.230996527274315,-0.175308138344728,-0.100939020009822
1035,11977,"s057","m3",-0.340628122388059,0.157545177148616,-0.255313465546063,-1.20495597663088,-0.53304744099721,-0.671992888218348,0.616815344655254
1036,11990,"s057","m3",-0.308520236393687,0.250815706725984,-0.127627286662821,-1.0463080590261,-0.659439472455901,-0.322713733451072,-0.228078251574213
1037,11993,"s057","m3",-0.258215534450023,0.141361939993112,-0.21812431694939,-1.13511328733329,-0.573919311480785,-0.472675254842465,0.47956363644232
1038,11998,"s057","m3",-0.290847637399553,0.317562925102536,-0.198135150803776,-0.995511476063456,-0.448089102743865,-0.231030602636243,-1.04607157097586
1039,11999,"s057","m3",-0.197009014752633,0.195082300392605,-0.00818174756068573,-0.973229948142649,-0.231609017060456,-0.513637685746014,-0.948234218161971
1040,12016,"s057","m3",-0.225011341171509,0.0892436722767952,-0.236520032541079,-1.26024783306041,-0.298334349817978,-0.173478986847919,0.587918176530692
1041,12020,"s057","m3",-0.214294651047391,0.166720091822032,-0.0428287118454195,-0.981934948708556,-0.112078794654122,-0.375732124718035,-0.396925401309757
1042,12028,"s057","m3",-0.358051139403911,0.227497512736882,-0.155383121691285,-1.1034875596688,-0.382214198213417,-0.452065557289316,-0.305882279342645
1043,12051,"s057","m3",-0.248125111787152,0.241765910695887,-0.0800274255060311,-0.992027043385421,-0.141143320632609,-0.423096647741663,-0.313035434091489
1044,12076,"s057","m3",-0.281958453987712,0.147396285890419,-0.0552090296582579,-0.979677407590756,-0.397771321996583,-0.307217404277796,0.00445212824330644
1045,12081,"s057","m3",-0.260860163097691,0.157909761531364,-0.129205836197179,-1.23042464566213,-0.227499011148696,-0.592132854616805,0.437387762059941
1046,12120,"s057","m3",-0.154704320983141,0.320341710160884,-0.0813271187864452,-1.00461495576096,-0.105036670312073,-0.228819848896239,-0.802578214316484
1047,12121,"s057","m3",-0.264090295844614,0.245580438468025,-0.0763979096710536,-1.09378929446758,-0.150126629592388,-0.23168892474591,-0.237003028092866
1048,12134,"s057","m3",-0.24871574474978,0.240665213419603,-0.154618196623181,-1.09870649070207,-0.444607907071626,-0.275350417087817,0.273128073740826
1049,12149,"s057","m3",-0.279932123205184,0.239276407910026,-0.073435599082701,-1.07565756957133,-0.346541772662418,-0.294920140332141,0.0187783764739322
1050,12183,"s057","m3",-0.304954544760058,0.137303350185476,-0.0948280617131909,-1.12053948248064,-0.620055994909639,-0.788892149233185,-0.0789997910801533
1051,12196,"s057","m3",-0.272836027792071,0.255568349255847,-0.0756982471738702,-1.06608877116311,-0.305200260832807,-0.146941101176866,-0.866388537271178
1052,12228,"s057","m3",-0.33284741124819,0.182526305569263,-0.0695545579651855,-1.0572273817314,-0.248055734757623,-0.448005232723956,-0.486179025467289
1053,12269,"s057","m3",-0.317648261373622,0.182283041492822,-0.202911073880952,-1.09148787819566,-0.250759392670502,-0.48463156214204,0.488776997897511
1054,12274,"s057","m3",-0.247813608633369,0.217652157189273,-0.0531199240419321,-1.05869472052782,-0.183688256535524,-0.358930379464248,-0.504915103516124
1055,12276,"s057","m3",-0.31720042478134,0.26178640880586,-0.225549520837514,-1.19884060205704,-0.597207846583309,-0.714294415745826,0.618167374745229
1056,12277,"s057","m3",-0.32988763246317,0.215700232369567,-0.26366186315828,-1.10841799121088,-0.424030804506095,-0.616797152469206,-0.441467563304025
1057,12284,"s057","m3",-0.266937108070526,0.140950632041199,-0.108352666554296,-1.01730396421225,-0.277603579394302,-0.386251671550895,-0.700073060021345
1058,12294,"s057","m3",-0.355951647039526,0.120909208378108,-0.0885189117682076,-1.07316469142676,-0.576290468869591,-0.609488207222678,0.480315254691214
1059,12317,"s057","m3",-0.180286875284801,0.233095771073724,-0.201624222285469,-0.94499302146762,-0.186870813923914,-0.243626323756205,-1.67905237422075
1060,12323,"s057","m3",-0.269877820584036,0.28942432145163,-0.162557810640991,-1.00252575982574,-0.210330181570829,-0.265629809855053,-0.76199801555866
1061,12324,"s057","m3",-0.275785405333008,0.0991313593575057,-0.0849415553743843,-1.18559201918723,-0.249867770930019,-0.781105055653416,-0.120232285247353
1062,12325,"s057","m3",-0.242947916393608,0.240251254318425,-0.0258010075306716,-1.07009500783043,-0.106935223540107,-0.476698838846113,-0.674079551919571
1063,12373,"s057","m3",-0.185230792410769,0.278050714477616,-0.25021776070526,-1.05935000268365,-0.381315998766461,-0.333103008765033,-0.29045149293032
1064,12378,"s057","m3",-0.26730686917129,0.156446537499776,-0.203328346825283,-1.13784740306512,-0.533899983509325,-0.336571939292287,-0.579845798005175
1065,12381,"s057","m3",-0.21208832607604,0.255848104931329,-0.207488751072325,-1.06719122539588,-0.482157842501959,-0.173663327422545,-0.182962555492892
1066,12386,"s057","m3",-0.269971721035222,0.223323704949206,-0.279337314321025,-1.18452929630783,-0.433881938506984,-0.249772824313997,0.605171283072161
1067,12397,"s057","m3",-0.285291839153771,0.216168841940167,-0.15658677308833,-1.02136141618814,-0.645291667113733,-0.345004570214293,-0.519588559639738
1068,12399,"s057","m3",-0.289684833443711,0.260697897057215,-0.075130055634621,-1.07084464485681,-0.291888994955517,-0.537799221908785,0.107848485149322
1069,12401,"s057","m3",-0.241778098757278,0.245574034144608,-0.050267955425577,-1.12233268236877,-0.181543067915257,-0.682570135099206,-1.18631233976541
1070,12426,"s057","m3",-0.276124269883344,0.0848145229835597,-0.199223137502037,-1.0883953050547,-0.359146828617064,-0.469809431532428,-0.226256117051531
1071,12427,"s057","m3",-0.369726522789644,0.309707915408561,-0.157171438596204,-1.00381005787343,-0.279045614931553,-0.190588412087421,-0.552470744035329
1072,12435,"s057","m3",-0.288201938126093,0.259866744589531,-0.281311387448586,-1.16055109454771,-0.598170032144541,-0.639113173111534,0.492618401883243
1073,12457,"s057","m3",-0.161625174187367,0.271096899028826,-0.105808664458522,-1.06680973801174,-0.132774278893027,-0.376114040116626,-0.900154240194003
1074,12464,"s057","m3",-0.205721059852906,0.20345697718148,-0.00991246072308754,-0.987325350687558,-0.0663482199997353,-0.454715889428482,-0.714958189417112
1075,12466,"s057","m3",-0.283169687402967,0.213154243955472,-0.216675254327034,-1.05635058289409,-0.481867887058662,-0.315918444255049,0.0796891349877534
1076,12477,"s057","m3",-0.361088554576879,0.143162556342079,-0.149582267811932,-1.16712731720953,-0.310680168410191,-0.619141753859043,0.529187321950964
1077,12491,"s057","m3",-0.275139562316599,0.283027255835549,-0.175368851290307,-0.980089457225831,-0.199199375589748,-0.149760503309767,0.0569515886844109
1078,12544,"s057","m3",-0.20277613154383,0.173217452162442,-0.127865559867537,-0.963489012991664,-0.312274949056879,-0.314198047737433,-0.900554567870855
1079,12550,"s057","m3",-0.270674092860709,0.115621315219037,-0.149239314936762,-1.0813289859689,-0.221043330447256,-0.38073473170234,-0.0591459933651621
1080,12551,"s057","m3",-0.234042237873848,0.141162085815455,-0.145155081862575,-1.1159578125469,-0.120470267488556,-0.594675665855186,0.53741675648368
1081,12552,"s057","m3",-0.291049074446418,0.174293127390026,-0.2299509296977,-1.12754657748313,-0.326461762802296,-0.304064624960466,0.562719254842874
1082,12555,"s057","m3",-0.311763810361784,0.198542651525406,-0.106019990809407,-1.044700459144,-0.309908252717813,-0.243432008580454,-0.193946718227351
1083,12570,"s057","m3",-0.354224843837825,0.259043181301801,-0.129985133284738,-1.06669212457289,-0.741731024583008,-0.186865701870631,0.14979456812767
1084,12573,"s057","m3",-0.287633450285372,0.288972696439673,-0.195834175242756,-0.917931611337597,-0.380516316053032,-0.217887855890289,-0.894417355128823
1085,12580,"s057","m3",-0.220101704162788,0.271660844498812,-0.200429300912764,-1.03457379217684,-0.352057236488388,-0.262210641131323,-0.340240106168516
1086,12584,"s057","m3",-0.231632989622323,0.127485059681545,-0.00683521812778124,-1.15427662288522,-0.31493167737771,-0.831599698728793,-0.482620339840995
1087,12586,"s057","m3",-0.237135152656593,0.329036025632617,-0.0505711191724878,-1.00396240135622,-0.382629448090758,-0.125668415941448,-0.562859969488647
1088,12587,"s057","m3",-0.347694103517592,0.257660071855082,-0.110073389912395,-1.02483278852435,-0.465412364589883,-0.172998588454529,-1.13557981176195
1089,12596,"s057","m3",-0.21009898738428,0.301307005217819,-0.123375820836723,-1.03482224135511,-0.340620371586342,-0.193564572458128,-0.37563146814292
1090,12598,"s057","m3",-0.266347197800343,0.314889936629838,-0.0992334728722093,-1.16042034522477,-0.438045498065811,-0.439468679710168,-0.464027523602971
1091,12599,"s057","m3",-0.227807492208155,0.202674873496518,-0.16093652427187,-0.983806877832477,-0.37633130891076,-0.142973060030827,-1.9744616870167
1092,12640,"s057","m3",-0.259824459360245,0.31943246779681,-0.105930124531171,-1.08627817650062,-0.241651020747905,-0.287897037813414,-0.241370874193389
1093,12642,"s057","m3",-0.242836961163401,0.2079239031287,-0.0763505597089372,-0.969781286734773,-0.244501928777024,-0.231533906963099,-0.210856318395747
1094,12650,"s057","m3",-0.376000015274853,0.192763275255027,-0.0386189092451135,-0.966672280041218,-0.363941689801215,-0.28452007085712,-0.62227308790299
1095,12691,"s057","m3",-0.256715291943611,0.288960710103203,-0.0552184338347397,-1.05516808563682,-0.342335148664643,-0.172344409395961,-0.608302536926355
1096,12698,"s057","m3",-0.270070940244171,0.0815224962518706,-0.0232794614369429,-1.12057916941233,-0.322802713111664,-0.694594011542405,0.0413276413932841
1097,12700,"s057","m3",-0.28397730974083,0.231152047756627,-0.145508299947128,-0.999031770523734,-0.321194778887876,-0.0990377704749107,-0.380498902692827
1098,12707,"s057","m3",-0.271151516627986,0.157315883512285,-0.135273366727306,-0.989189425496437,-0.201525253929377,-0.381017166500262,-0.449895930729519
1099,12726,"s057","m3",-0.260780691990577,0.251349185219635,-0.113058049327022,-1.15692336887414,-0.183784619498346,-0.142316325367008,0.157470154644785
1100,12736,"s057","m3",-0.269115129307481,0.334383484023058,-0.211350990474165,-0.976884478879978,-0.35915480458476,-0.274884360137888,-1.18188853310808
1101,12763,"s057","m3",-0.204227365477122,0.297509857235241,-0.0575711806913784,-0.93847008957812,-0.346030782408465,-0.0794140277362841,-2.09061353905327
1102,12776,"s057","m3",-0.175868798163835,0.229599912569726,-0.0894291335340556,-0.967782879182593,-0.300889749404717,-0.396552754116181,-1.70946371243708
1103,12787,"s057","m3",-0.287013250791599,0.254838774104401,-0.143346624354103,-1.1582483021126,-0.472566149192918,-0.345067085081446,0.0958844034782854
1104,12791,"s057","m3",-0.186915618042737,0.296832036443053,-0.0786211000245604,-0.89094338089968,-0.25669059547005,0.0497622517477184,-1.29433823577269
1105,12798,"s057","m3",-0.232036070132096,0.142511768775848,-0.132721901567874,-0.965995185615557,-0.09438040833141,-0.528390038292685,-0.279415854187443
1106,12806,"s057","m3",-0.30756191375459,0.166938321255999,-0.138481208687066,-1.03435625992352,-0.290220146979738,-0.507269127453826,-0.363511440976444
1107,12865,"s057","m3",-0.308919718467817,0.0957092351014311,-0.155186608102591,-1.1909002319826,-0.34834934773205,-0.931456522244176,0.869916828921698
1108,12874,"s057","m3",-0.296000179983332,0.201067369464611,-0.160369029405692,-0.986032788384283,-0.55778030769232,-0.238105930829498,-0.4193709722781
1109,12875,"s057","m3",-0.253331112166868,0.329776908322276,0.0244842319937457,-0.879763561406952,-0.188181407364017,-0.013014817457493,-1.95512016852891
1110,12876,"s057","m3",-0.323357512741934,0.14909813882247,-0.150270821729346,-1.05315269684525,-0.340856431869066,-0.413355729823773,-0.144326314463231
1111,12883,"s057","m3",-0.217277310870927,0.140338621127206,-0.150711140274125,-1.08409783774401,-0.148330060113541,-0.593488173212605,0.249497996766248
1112,12916,"s057","m3",-0.325166237319106,0.180523025507092,-0.146083135396462,-1.16832126376129,-0.231727057927295,-0.566146809855933,0.139255185421011
1113,12917,"s057","m3",-0.246357152140678,0.358517554319745,0.0195514672829358,-0.970400104761101,-0.254559630003099,-0.311962727456129,-1.98540717330368
1114,12926,"s057","m3",-0.14469162499968,0.339847032965365,0.0504474196587332,-1.05692201006177,-0.413824477392193,-0.107373007980639,-0.429284806205936
1115,12932,"s057","m3",-0.255427392684473,0.202473073244479,-0.117019195455781,-1.09114675036513,-0.224907699882457,-0.337768984537006,-0.65059613296194
1116,12940,"s057","m3",-0.251971768400258,0.156719345479508,-0.0705692575467512,-0.98147168585506,-0.310715153984147,-0.326397361726929,-0.694832789084837
1117,12946,"s057","m3",-0.229303475128071,0.315446965109818,-0.273071662532637,-1.02633783796353,-0.478210256124039,-0.382591133719693,-0.795575662270418
1118,12951,"s057","m3",-0.147252415694351,0.343760386360619,-0.0951174958223586,-1.00564268546033,-0.0844926972915721,-0.0450132763761711,-0.392491765742186
1119,12952,"s057","m3",-0.316731167444909,0.217960690240282,-0.18372111034513,-1.18285106158322,-0.538340497858974,-0.44822341520602,0.551912682026237
1120,12960,"s057","m3",-0.346997760500446,0.27848115295518,-0.0970806947842181,-0.985132255705292,-0.273146306362146,-0.144165891846227,-0.378560713403633
1121,12963,"s057","m3",-0.213581733717734,0.20269753205035,-0.147456504472474,-1.01622248597634,-0.223679377586972,-0.573476530629292,-0.649702023987069
1122,12971,"s057","m3",-0.191842752491824,0.165476007835529,-0.0316792372060665,-1.05874933654758,-0.0729836353081444,-0.546335631852177,-0.452742797356966
1123,12974,"s057","m3",-0.245631663330467,0.22439597210239,-0.0735514875976454,-1.061734269646,-0.33088256626489,-0.421137751781762,-0.564540918465418
1124,12981,"s057","m3",-0.236131162206169,0.338808099652737,-0.175563861801493,-1.06973984241072,-0.374054799114899,-0.232562855972099,-0.158397578984051
1125,13021,"s057","m3",-0.310552265446651,0.210902433532726,-0.191434280688516,-1.19585453665004,-0.298670258184054,-0.216341642510877,0.31443387124697
1126,13036,"s057","m3",-0.232063371624102,0.16029120336263,-0.194922968268961,-1.16070812541073,-0.300086352672869,-0.374791607664738,0.152413952775717
1127,13055,"s057","m3",-0.189384990855832,0.228662660982305,-0.143729815481569,-1.05178459178094,-0.121355885561455,-0.458039569639327,-0.910870936147032
1128,13062,"s057","m3",-0.317588794276536,0.203764983363855,-0.10858027855513,-1.02745479460075,-0.52499502662447,-0.284741449359655,-0.217179086675624
1129,13063,"s057","m3",-0.307389202875127,0.256459217680543,-0.0888669950227333,-1.06663753186351,-0.356901320276739,-0.323720997847644,-0.463351428864376
1130,13069,"s057","m3",-0.235648979570953,0.167089414234633,-0.0674987836012653,-1.16659092205838,-0.204221652475407,-0.406441856474262,-0.143337044926459
1131,13088,"s057","m3",-0.381106034325887,0.129491491579997,-0.123390434828231,-1.09732178892633,-0.484863794463062,-0.776899989328814,0.607176550380961
1132,13102,"s057","m3",-0.219543184339645,0.202823616297102,-0.0160504169847168,-1.09557817126867,-0.0901734153571865,-0.440133213791608,-0.364123188619948
1133,13121,"s057","m3",-0.235432595121495,0.253692661919243,-0.0200876130249695,-1.03722096326452,-0.0641949093242937,-0.124715539210064,-0.452810410039817
1134,13159,"s057","m3",-0.280726243688174,0.307672080077869,-0.0873240787763319,-0.999544489794966,-0.469030678835971,-0.250815669383273,-0.987508917182187
1135,13165,"s057","m3",-0.260656062734713,0.200243729277233,-0.164762583645374,-0.98507683470676,-0.182743255897559,-0.362897395393441,-1.74690907928325
1136,13176,"s057","m3",-0.35696298416785,0.252056153561109,-0.102421959649759,-1.16348769316474,-0.436771450035699,-0.423997350446231,0.499386398475828
1137,13177,"s057","m3",-0.291391726916674,0.229481586496606,-0.202049066317821,-1.12176261500892,-0.202891405626472,-0.510468055737358,0.200809236214298
1138,13182,"s057","m3",-0.261546952115163,0.196598398005823,-0.124213359760627,-1.00942999051626,-0.330524519260284,-0.585456024193434,-0.482760799238435
1139,13186,"s057","m3",-0.230277695641639,0.259562054626939,-0.124713201240212,-1.1335849256385,-0.392137584669064,-0.504284174524155,0.241296117888693
1140,13193,"s057","m3",-0.160047446343009,0.336208829732655,-0.0972232065177455,-1.03308712208719,-0.087715069215367,-0.142751356879406,-0.412408446627865
1141,13196,"s057","m3",-0.250830807274982,0.179099202013999,-0.124136413673877,-1.07187298988275,-0.180996989159303,-0.331465556841668,-0.534720505291226
1142,13197,"s057","m3",-0.356379779488636,0.238391759244694,-0.0173856251303606,-0.933799492398824,-0.385146887781283,-0.140883999476071,-0.980877826706186
1143,13201,"s057","m3",-0.264701434295061,0.237279953592399,-0.185257454771454,-1.17353518300633,-0.360429521606439,-0.342062327184144,0.28580494133705
1144,13204,"s057","m3",-0.193112266179203,0.250071662214653,-0.0434664489233301,-0.86312683408378,-0.289952424049045,-0.0464070505186088,-1.89575462547848
1145,13221,"s057","m3",-0.255044583953186,0.256773736346827,-0.104015882936736,-1.11031784915592,-0.267444505138484,-0.34504160983188,0.184333732448063
1146,13251,"s057","m3",-0.21054523210315,0.260714813145694,-0.175823418301952,-1.03104177530407,-0.314056041327592,-0.266157516372645,-0.60812277905557
1147,13256,"s057","m3",-0.39175996966154,0.242926299144347,-0.199438974265387,-1.16389555718117,-0.446635285075484,-0.417812759422502,0.775138395713356
1148,13261,"s057","m3",-0.186966457604162,0.243261562977549,-0.107950166096731,-1.01150573114977,-0.202542891296223,-0.0320012980632947,-0.645444932646457
1149,13265,"s057","m3",-0.194964875438267,0.220238092626197,-0.173223959283994,-1.05994281892314,-0.0566865135620603,-0.471210353907096,-0.0127191931365912
1150,13275,"s057","m3",-0.274606387906289,0.0675406274908297,-0.233929294085914,-1.1681350007033,-0.451930807079717,-0.683323241172516,0.424692909757797
1151,13283,"s057","m3",-0.297007891634863,0.177239962601045,-0.189747005806285,-1.0464039252565,-0.383244613130734,-0.345296849637253,0.046679024862005
1152,13297,"s057","m3",-0.240062500395172,0.11509903298903,-0.0841812003362963,-1.15061063567906,-0.272728590655942,-0.812417081224207,0.0353477839671737
1153,13300,"s057","m3",-0.274029988024764,0.264609634408616,-0.0764865612677359,-1.10737940768482,-0.124139287918687,-0.52944453026349,0.124795829945957
1154,13321,"s057","m3",-0.338985867410587,0.165520795715309,-0.147203878527347,-1.22508406829572,-0.345482565155674,-0.827545719997506,0.115534043082448
1155,13332,"s057","m3",-0.318351018306962,0.279389119396936,-0.251875385576972,-1.18260492263317,-0.622555257495705,-0.472731405923547,0.107096403741605
1156,13334,"s057","m3",-0.173482667797695,0.173817061777312,-0.0503423769667423,-1.17005005866905,-0.205401716294068,-0.431417393466273,0.104975213584078
1157,13350,"s057","m3",-0.258795629679762,0.290058712769304,-0.07160549974437,-1.05946375610398,-0.357732697747391,-0.160056192911923,-0.551797836988899
1158,13378,"s057","m3",-0.104059782159667,0.321778950172449,-0.191494123323417,-1.09200350766487,-0.22131049548771,-0.423932637788405,-1.25458060976702
1159,13399,"s057","m3",-0.335284212107209,0.23885668071104,-0.204745262101286,-1.07447367692037,-0.721611642227762,-0.420331931747557,-0.169458417775548
1160,13435,"s057","m3",-0.305375589095286,0.291885075204407,-0.14547727311343,-1.04211798426275,-0.315184934274796,-0.18560773007341,-0.204906194064908
1161,13442,"s057","m3",-0.321141819666756,0.218950206264743,-0.258618762533688,-1.09549118807639,-0.541004692535709,-0.415631172669292,0.0156230522530134
1162,13495,"s057","m3",-0.263055810204158,0.239402592076685,-0.185677059300133,-1.12423476898635,-0.470450239973135,-0.187049646514751,-0.120212239903176
1163,13508,"s057","m3",-0.22688698374619,0.332774858530439,-0.0694460199017033,-0.988279190549021,-0.340373639955758,-0.124113223877009,-0.850123337790055
1164,13518,"s057","m3",-0.277360793753025,0.223884648401622,-0.142607532904733,-0.948112159456754,-0.193384733129487,-0.213175385602015,-0.41413017234506
1165,13546,"s057","m3",-0.190536053352113,0.0924946659761892,-0.106875005161895,-1.17733051406345,-0.417542287348794,-0.54853491037059,-0.00534344562185456
1166,13548,"s057","m3",-0.216837217002772,0.129328492461679,-0.0522013402674989,-1.10522412131224,-0.208180760433106,-0.574490794972598,0.200705324001745
1167,13568,"s057","m3",-0.289440752096644,0.187242252052141,-0.116915682227015,-1.13927848969826,-0.378207695430614,-0.577027290183981,0.370034655043582
1168,13589,"s057","m3",-0.222200528241629,0.18736442514817,-0.129583795545337,-0.952238021060513,-0.262673869382612,-0.449312357337205,-0.653217060696399
1169,13592,"s057","m3",-0.181145776582559,0.245832015689308,-0.0496034142003868,-0.960589710723067,-0.27283173226476,-0.174322217757317,-0.74839499398026
1170,13594,"s057","m3",-0.254034917593435,0.244503193501777,0.0219028569752384,-1.21152686616499,-0.296238392445076,-0.296981405481281,0.427775273784914
1171,13607,"s057","m3",-0.234149292465464,0.159541826884361,-0.135004054414207,-1.05181616673169,-0.440783594053522,-0.403275774478425,-0.275231868182557
1172,13608,"s057","m3",-0.298369066624,0.2508341562741,-0.100315649848172,-1.19794795275245,-0.20383824801223,-0.33628342603602,0.492775486620664
1173,13613,"s057","m3",-0.281044326752706,0.207183737304636,-0.137499451470033,-1.19018752582845,-0.406692270368272,-0.412092474636635,0.512971597364943
1174,13617,"s057","m3",-0.361808662252061,0.255534093915957,-0.200961403027001,-1.22721782807949,-0.508197993438386,-0.644807484664361,0.211710391171607
1175,13634,"s057","m3",-0.343347812919667,0.252190885314341,-0.185971793599307,-0.965586770204226,-0.466888016331966,-0.47763225378303,-0.515033047973198
1176,13636,"s057","m3",-0.257027939996627,0.180106837461288,-0.194668999751904,-1.21567467256717,-0.316357784558168,-0.557207941040314,0.648631043775044
1177,13637,"s057","m3",-0.240449870566447,0.29774674216435,-0.116977802148639,-1.04165200840764,-0.313511800589842,-0.232909886162623,-0.646473624133119
1178,13642,"s057","m3",-0.286533019469636,0.184909900449891,-0.133323292815622,-1.00714654781956,-0.318262958689541,-0.384257686410208,0.311612674031749
1179,13659,"s057","m3",-0.296975369319921,0.0723377773201595,-0.118775691448255,-1.13492239733582,-0.212953934694822,-0.726752377050786,-0.437109432460171
1180,13667,"s057","m3",-0.262418468850447,0.249015026921359,-0.176515524706659,-1.10603853000751,-0.290436760301668,-0.518187194630768,-0.768054346563376
1181,13685,"s057","m3",-0.203049686204938,0.286592915025645,-0.107949069403481,-1.04822352200715,-0.247054554867591,-0.421070047810789,-0.41225098237312
1182,13697,"s057","m3",-0.296846437050072,0.204444008379043,-0.143772802003873,-1.09743403323086,-0.264371461066618,-0.250397390075205,-0.633208894923621
1183,13711,"s057","m3",-0.224848024092976,0.303933243003121,-0.131498930759865,-0.984737447079326,-0.175604172435764,-0.372985972318629,-0.320618871794089
1184,13723,"s057","m3",-0.261906554921899,0.144806609534761,-0.149425001737247,-1.00112766450047,-0.471213300786432,-0.246592807873564,-0.350854745106636
1185,13725,"s057","m3",-0.313539316617652,0.239254717393543,-0.0732004044646721,-1.07765712746913,-0.351045024843429,-0.40534273406143,-0.449638327526889
1186,13726,"s057","m3",-0.283866143913818,0.19677735665967,0.00176209324047477,-1.22188869742875,-0.214569672266952,-0.427135578453441,0.558657066328253
1187,13764,"s057","m3",-0.324412273171064,0.296067029413194,-0.164807972850016,-1.08029342517203,-0.387464037023268,-0.142777252119912,-0.106175687325807
1188,13766,"s057","m3",-0.234525081701148,0.298405500115735,-0.0559237355169613,-1.04038158939955,-0.275751620151299,-0.153993740910567,-0.140554609286305
1189,13770,"s057","m3",-0.209133327050975,0.306582419086427,-0.212966932319099,-1.02667488600406,-0.123611571902689,-0.250528573182326,-0.767299879616982
1190,13774,"s057","m3",-0.293059821406671,0.150110727688221,-0.147451365086721,-1.20056129179245,-0.365143808156613,-0.584036094417718,0.40948374429349
1191,13777,"s057","m3",-0.210980779123919,0.339339527908759,-0.0935983141628321,-0.996066229078057,-0.268163166189677,-0.0816249188210063,-0.908037698528389
1192,13780,"s057","m3",-0.276246658900292,0.0446754227821383,-0.0929940554470152,-1.10605927334368,-0.414165383020681,-0.683382363081994,-0.00862018587062643
1193,13802,"s057","m3",-0.292003809578154,0.098848475169655,-0.094546928230103,-1.01752958058289,-0.172943418850004,-0.584189925698758,-0.198731551879182
1194,13806,"s057","m3",-0.310500534067696,0.145123491349949,-0.186078777723661,-1.11471906841789,-0.249986604383789,-0.586547087682821,-0.174676382790806
1195,13817,"s057","m3",-0.251027412687104,0.234296128280052,-0.236941390273449,-1.062666933874,-0.410824781299146,-0.397255938271313,-0.0423041177232927
1196,13821,"s057","m3",-0.183962972746662,0.14217049484849,-0.089980822598252,-1.11506704045191,-0.0390657420020798,-0.579442643383915,0.228954567025712
1197,13834,"s057","m3",-0.360134022067512,0.121665386557204,-0.100027871132338,-1.13665156254181,-0.26241269235951,-0.646544264153621,0.219013712658423
1198,13846,"s057","m3",-0.311463028073668,0.198779934445231,-0.114321199457176,-1.0339210568178,-0.288863189403055,-0.192023068597316,-0.21915599258064
1199,13849,"s057","m3",-0.432630997175922,0.226273003772812,-0.227645797261071,-1.02694302366397,-0.551665172193895,-0.232864220738939,-0.0986575056772875
1200,13860,"s057","m3",-0.268238292421988,0.220223710203584,-0.213600769103653,-1.08678148771287,-0.290212346126293,-0.374426316048171,-0.251396470235478
1201,13934,"s057","m3",-0.398688472798475,0.174416987671423,-0.276346846538721,-1.11308493655657,-0.455095053724708,-0.5407826053474,0.32894286310034
1202,13961,"s057","m3",-0.224913585178166,0.176326568481997,-0.15898701536719,-1.13417757444889,-0.238435760521682,-0.518777383631335,0.353744171900085
1203,13977,"s057","m3",-0.311949974777442,0.191768049268908,-0.151650440215534,-1.14479228343851,-0.361197318795586,-0.617731805534571,0.350341731054818
1204,13978,"s057","m3",-0.287860168651249,0.164330299861264,-0.184335878613187,-1.03917241689769,-0.510398528839734,-0.312775946381076,-0.0347976247943797
1205,13997,"s057","m3",-0.22168608059142,0.199831337698874,-0.169749956400182,-0.995701168058613,-0.413626302029367,-0.744365272000953,-0.561982032007872
1206,14001,"s057","m3",-0.354608961459252,0.153529533728749,-0.0985288605828753,-1.0267423791141,-0.566610212321195,-0.581919741591958,-0.403224694060919
1207,14004,"s057","m3",-0.304971028691867,0.231624269197563,-0.159649575008646,-1.01981208159361,-0.234569491606783,-0.274243187825365,-0.117213618212811
1208,14022,"s057","m3",-0.242036166288818,0.317245018296019,-0.156114827554714,-1.11388138227855,-0.307098205359406,-0.272955307096875,0.0958028228227769
1209,14035,"s057","m3",-0.391231832125327,0.215304679043835,-0.27817547546737,-0.995927015695962,-0.722946950557356,-0.312414137118594,-0.492850980580124
1210,14037,"s057","m3",-0.344430670369005,0.160904423709265,-0.16786079261418,-1.01688068913728,-0.536001645706493,-0.477048748708252,-0.0888499442211633
1211,14039,"s057","m3",-0.339947528928159,0.282400429973369,-0.114923484981611,-1.08402407026572,-0.398125844449984,-0.0149721271931737,0.273592095128981
1212,14060,"s057","m3",-0.135781530824631,0.219616147140739,-0.19410592928102,-0.925822841275557,-0.205660335689334,-0.265755838619102,-0.813416605674102
1213,14061,"s057","m3",-0.148442324522291,0.344902734806392,-0.0639516715638241,-1.12972493838075,-0.0988194074635179,-0.221120067594509,-0.65397365573333
1214,14072,"s057","m3",-0.233597981561322,0.160510320369511,-0.15832622431358,-1.10700420938687,-0.192641092269877,-0.74638166226013,-0.231497784330862
1215,14083,"s057","m3",-0.319413223689807,0.216325163752042,-0.150187151560017,-1.05417589901707,-0.471673601048531,-0.550328328111395,-0.253601133565416
1216,14090,"s057","m3",-0.315453629930959,0.157516999842152,-0.177986651430588,-1.09216989596577,-0.446167159883641,-0.562520179446262,-0.16059391162757
1217,14091,"s057","m3",-0.350332328779357,0.132119221556704,-0.0607497224169255,-1.13940679829001,-0.318270549837234,-0.504060977043228,-0.0807448613363705
1218,14096,"s057","m3",-0.276933727765031,0.229133806614041,-0.0583300689548061,-1.06574773764973,-0.266102216656202,-0.623986056572112,-0.349613916971728
1219,14103,"s057","m3",-0.224586881957546,0.208702798189212,-0.207713677153415,-1.00062172730756,-0.323308352782022,-0.433397410064861,-0.411406285970498
1220,14123,"s057","m3",-0.273548054301014,0.136333406196347,-0.162201212343,-1.08845459784661,-0.391172012418979,-0.62313212319761,-0.314037749325924
1221,14136,"s057","m3",-0.379054241359686,0.233636991061276,-0.0300034634634349,-1.03152187721115,-0.418473022217547,-0.275672309684253,-0.20154176537033
1222,14140,"s057","m3",-0.346369307503925,0.231515437594282,-0.105628428813024,-1.01135045345581,-0.491126008678711,-0.444820237472751,-0.596367507032273
1223,14155,"s057","m3",-0.254744390388063,0.290144556817876,-0.214951577597576,-1.10446693135572,-0.420893190628866,-0.172556404720479,-0.380390800450058
1224,14161,"s057","m3",-0.240027486031655,0.376332956103843,-0.187292594917872,-1.09445340975496,-0.14962259180799,-0.263331435546332,-0.545283337925879
1225,14170,"s057","m3",-0.228963053424221,0.254524468836789,-0.220777906899193,-1.06688971762707,-0.350142590500472,-0.437627615663693,-0.315348351159801
1226,14197,"s057","m3",-0.291640840074769,0.212216763783784,-0.132569620304331,-1.00226368718924,-0.361850676707387,-0.20995388109324,-1.84348335275373
1227,14200,"s057","m3",-0.26074063179608,0.0897582046193693,-0.0589676499174683,-1.13459271633149,-0.337468148155396,-0.801578928368504,-0.31849066905436
1228,14205,"s057","m3",-0.271030750325053,0.192105301887765,-0.195496475141067,-1.12249325883533,-0.51495554506868,-0.261793648488708,-0.383651115968504
1229,14217,"s057","m3",-0.278406954126923,0.148994033894537,-0.212170622694337,-1.01996007154927,-0.487224085400793,-0.281636947558181,-0.528778251687737
1230,14237,"s057","m3",-0.234197025675136,0.130885697842541,-0.146699069786997,-1.07717979488515,-0.243964087838254,-0.626522284477491,0.123323886074354
1231,14238,"s057","m3",-0.282506627151271,0.285666318130135,-0.214892372232724,-1.05226328048121,-0.400476938576261,-0.390451138648776,-0.443539519171174
1232,14264,"s057","m3",-0.250632771401488,0.192119250551851,-0.147642049720756,-1.02210526066068,-0.28004062126432,-0.444007414186964,-0.302995333565813
1233,14272,"s057","m3",-0.270211349747144,0.140555569210127,-0.16271242709425,-1.08472173187393,-0.393753097202369,-0.634965941893802,-0.204812140992106
1234,14300,"s057","m3",-0.252655999288133,0.2049289669397,-0.111912650238797,-1.08977892380767,-0.0529577763834971,-0.516896267437363,0.051941428028011
1235,14309,"s057","m3",-0.376869306203292,0.267512369575039,-0.0816081651824629,-1.10178365636797,-0.237874407722687,-0.3371725966827,0.265624722242068
1236,14317,"s057","m3",-0.269254415171506,0.166784062404325,-0.0489328038960581,-1.06322051176377,-0.348396839669336,-0.374782550694448,-0.678934143973702
1237,14319,"s057","m3",-0.270890089427036,0.240541517001401,-0.0611181090055494,-1.12733531467946,-0.192939560266939,-0.437030658039403,-0.119124276786562
1238,14327,"s057","m3",-0.171673100485408,0.205119653610084,-0.0897892762223751,-0.907572687699526,-0.181526460719039,-0.462097212957932,-1.76893847244708
1239,14334,"s057","m3",-0.272542266559565,0.25931444700513,-0.0846798143828976,-1.00274140075242,-0.0856523389915734,-0.316232556506847,-0.328309842354247
1240,14341,"s057","m3",-0.319084008210867,0.141293456285715,-0.0443652807511171,-1.09018766055494,-0.482886352631214,-0.605284106100859,-0.0942326266623956
1241,14349,"s057","m3",-0.317615110976145,0.171616508164776,-0.0566950020838624,-0.96772782724098,-0.446420326513296,-0.370390493190043,-0.414348290484015
1242,14362,"s057","m3",-0.317108990155054,0.173073926969851,-0.224475749490231,-1.21942435369511,-0.341453448584936,-0.544600159030389,0.562243809076915
1243,14367,"s057","m3",-0.371650119115387,0.167333226843097,-0.116753805440515,-1.28648463815765,-0.240802982747369,-0.623913338088633,0.685208706895065
1244,14371,"s057","m3",-0.319122883958916,0.300171120651255,-0.171369309890997,-1.14165155753879,-0.407332254937435,-0.405236937156492,0.15493114809469
1245,14372,"s057","m3",-0.318201005481352,0.191571899798847,-0.117783758687167,-1.06834206174318,-0.393599008664991,-0.771286385438178,-0.152832966190674
1246,14384,"s057","m3",-0.259650853682574,0.204361465609262,-0.0838709310329805,-1.006424933901,-0.247303837882394,-0.230081969676791,-0.681175233691102
1247,14435,"s057","m3",-0.182927287942492,0.131848114593916,-0.0202810181880959,-1.10607266002819,-0.146629335323057,-0.345025867629151,0.0975405483448232
1248,14447,"s057","m3",-0.172992941210817,0.154032947791292,-0.116353526788348,-1.07715037271098,-0.230251511490012,-0.470578203632882,-0.504544333675295
1249,14462,"s057","m3",-0.277331503775117,0.116880656841363,-0.210324409663638,-1.19658923909944,-0.307075078220809,-0.723006119283024,0.0655809235704539
1250,14466,"s057","m3",-0.214288533820698,0.17196804724777,-0.205918705896963,-0.986614379507455,-0.267684074697303,-0.615344509306843,-1.73364600998657
1251,14468,"s057","m3",-0.264223289340253,0.193381815111421,-0.14638415401398,-0.931349129620064,-0.321137996493386,-0.166806214444876,-1.3517826182103
1252,14477,"s057","m3",-0.257089439572806,0.205016451244139,-0.0959243480980453,-1.13008588793414,-0.117487556394835,-0.587799980754746,-0.305051740903441
1253,14491,"s057","m3",-0.342330391149059,0.207078182178311,-0.0816449031419688,-1.19493163571009,-0.361842856281856,-0.29535958206034,0.557519673293804
1254,14500,"s057","m3",-0.332645173777081,0.149989953043748,-0.159913432383633,-1.08661551816185,-0.337949079535579,-0.203144273754578,0.124816760001012
1255,14501,"s057","m3",-0.363891098303609,0.199873980245492,-0.118311884684387,-1.16526174365426,-0.588484902018351,-0.388147712751695,0.0851564507349195
1256,14508,"s057","m3",-0.194036515811454,0.231174815708745,-0.179090941469789,-0.878576005350988,-0.129356719811534,-0.133781379653666,-1.9664636442786
1257,14550,"s057","m3",-0.246669029597888,0.179925027441717,-0.0910127181927264,-1.09876301862638,-0.478324320618069,-0.237422894547519,-0.0539883306952578
1258,14572,"s057","m3",-0.137201583573983,0.26692765057281,-0.177805093490208,-0.949754034164582,-0.201332464025979,-0.247731900868484,-1.33156805167883
1259,14603,"s057","m3",-0.311152966833848,0.133359904613824,-0.106843566485571,-1.19747493462369,-0.657790713529185,-0.622725314898421,0.348189786266348
1260,14608,"s057","m3",-0.263762399925385,0.199993828459149,-0.188026795138994,-1.15317939104566,-0.279166606663217,-0.357646488121622,0.0538292253646315
1261,14613,"s057","m3",-0.359946367480692,0.180159780992387,-0.10759182417585,-1.00342924889863,-0.516689671963337,-0.33942566074598,-0.274865185425372
1262,14620,"s057","m3",-0.276160874359445,0.148415205789036,-0.172189048295368,-1.04701158620184,-0.517910081786278,-0.623644537764361,-1.00444445174572
1263,14642,"s057","m3",-0.355995361667466,0.0900872215894023,-0.0940018767617495,-1.08147511156618,-0.534880456944885,-0.650641370876865,-0.184375572188089
1264,14656,"s057","m3",-0.280790702902506,0.281738605377086,-0.113841434269294,-1.03306125240407,-0.618957899754746,-0.155434176713849,-0.592631524665561
1265,14675,"s057","m3",-0.345630395323168,0.279795571698486,-0.111273373480265,-1.14772322599595,-0.55821660569163,-0.240826196701961,0.399518562264097
1266,14702,"s057","m3",-0.217151662593337,0.232865623114086,-0.0795013558253517,-0.991106189971042,-0.196618467079481,-0.390008688107583,-0.481227917020324
1267,14706,"s057","m3",-0.266168029217847,0.176532825896728,-0.0787135273650199,-1.11224222040254,-0.253038359641719,-0.690921179050967,-0.564025385954908
1268,14713,"s057","m3",-0.313082021385514,0.233467904296822,-0.229327985618294,-1.09882278444081,-0.729286266722675,-0.314157154813467,0.294334924967758
1269,14714,"s057","m3",-0.314262358976024,0.10908320112366,-0.125181927123181,-1.11283120049845,-0.600345634332469,-0.527973173315092,-0.106318979905703
1270,14725,"s057","m3",-0.196808128740875,0.122897293146854,-0.222739389788693,-1.00558995695496,-0.279088526324037,-0.44595657189908,-0.231784952962462
1271,14726,"s057","m3",-0.230667296695952,0.139761595373469,-0.0796013177418991,-1.06843598371318,-0.12305547133377,-0.44028574326551,-0.580788332795663
1272,14745,"s057","m3",-0.288889035543143,0.15766767297615,-0.307466979467348,-1.18092967306985,-0.748988728878994,-0.349619848304568,0.538506297714475
1273,14749,"s057","m3",-0.342895571287202,0.255637651532004,-0.174954483365493,-1.06093904263286,-0.262589579219288,-0.395785869695902,-0.168575194819447
1274,14759,"s057","m3",-0.240276569185276,0.243086342839906,-0.0727264911025072,-1.09136546584413,-0.218474818645832,-0.339673002189073,0.205739650708737
1275,14774,"s057","m3",-0.243980123328473,0.335657585783883,-0.0962752827562906,-0.982717543493914,-0.319775205731573,-0.162756221008565,-0.553394874189956
1276,14783,"s057","m3",-0.144360287078664,0.303021136728201,0.0435442386100454,-1.05305637876552,-0.0193085005936568,-0.222554847192099,-1.25165962455304
1277,14789,"s057","m3",-0.233615912624844,0.229960008420653,-0.0694674830871894,-1.09020204790984,-0.182796493584478,-0.436345471189266,-0.135149371858824
1278,14799,"s057","m3",-0.285611979422828,0.155784692720592,-0.203982357910056,-1.18003428053901,-0.124565668205375,-0.430651986039387,0.58777442431198
1279,14811,"s057","m3",-0.261554086260472,0.0662065288847817,-0.149553507445505,-1.14041871709276,-0.29260601181754,-0.474252131644241,-0.347644416825389
1280,14818,"s057","m3",-0.255553015301914,0.188973510115273,0.0168723846040935,-0.961912008952292,-0.0962993662957959,-0.471112561686911,-0.6234907606952
1281,14824,"s057","m3",-0.351485335432171,0.246789956766533,-0.169165814692266,-1.10732735648961,-0.439399237758485,-0.501483441919255,0.334410821110613
1282,14830,"s057","m3",-0.364926172266008,0.136166896200997,-0.198016546152214,-1.14768879167115,-0.571405083264097,-0.654038391781269,0.458779779002763
1283,14836,"s057","m3",-0.290788004499604,0.16896962374571,-0.0750967155304137,-1.1873087875109,-0.12749284291484,-0.47923666530281,-0.0104208668894445
1284,14844,"s057","m3",-0.242136823974456,0.189364856332042,-0.216194827191892,-1.02313296074518,-0.302277684854796,-0.602153532125366,0.103417286242289
1285,14846,"s057","m3",-0.224049800028562,0.285982348629085,-0.0591926779045262,-1.10177418739286,-0.262101383161158,-0.150131661530723,0.474244446787865
1286,14852,"s057","m3",-0.22159331424247,0.315806181240003,-0.0871863162287302,-1.09266085071696,-0.139612874057144,-0.0908410460126969,0.0399595154909478
1287,14876,"s057","m3",-0.281294457751249,0.122040501819245,-0.122377257689963,-1.02715385515563,-0.309369071809159,-0.429040982520734,0.0187703164670474
1288,14903,"s057","m3",-0.320388396238065,0.188692199272559,-0.22200758614049,-1.1768678162475,-0.250012584431396,-0.395189830504587,0.462756944109147
1289,14924,"s057","m3",-0.305839838284699,0.246165641073681,-0.0659645262957643,-1.0870511129423,-0.357366590203318,-0.596792823153986,-0.0502837991557568
1290,14936,"s057","m3",-0.371847169779741,0.217256579271428,-0.152966289015244,-0.964397946391385,-0.410635600764813,-0.255547297064598,-0.211362696038541
1291,14947,"s057","m3",-0.265330614419344,0.290445625971261,-0.240688483822434,-1.01578681000299,-0.451384906334426,-0.270369838560401,-0.411301331442249
1292,14981,"s057","m3",-0.308211518447015,0.161903517213611,-0.133842346527439,-1.02828610709249,-0.351562398414135,-0.284638862482718,-0.948637354064722
1293,15040,"s057","m3",-0.288467772800112,0.182983134523254,-0.107721439620227,-1.03316139156237,-0.302142100216657,-0.317021521260008,-0.216663485198485
1294,15054,"s057","m3",-0.213402714102445,0.263662723559541,-0.128665617739632,-0.979007350685706,-0.268853192454989,-0.261749094258689,-1.59221869745714
1295,15063,"s057","m3",-0.24117641951822,0.243198415771254,-0.213596140779293,-0.984630155089908,-0.409788701978869,-0.24495190563417,-0.349504326962065
1296,15065,"s057","m3",-0.208413921272666,0.252298824367052,-0.128689624651672,-1.13961304173542,-0.117948314433207,-0.420292566479375,0.321201987359475
1297,15080,"s057","m3",-0.330864009100219,0.300526590612007,-0.097449765742688,-1.09870912006509,-0.332456152893664,-0.186600785965224,0.270453253554567
1298,15085,"s057","m3",-0.323295703315726,0.325194534112365,-0.167512815118929,-1.11980173486204,-0.40445190658098,-0.213989371003566,-0.169103153589381
1299,15088,"s057","m3",-0.17816657790979,0.282712809977199,-0.0841201643758532,-1.01934527520288,-0.336029072011212,-0.277654804249405,-1.58749504437357
1300,15097,"s057","m3",-0.235351626065483,0.310235470546404,-0.0681735856512846,-0.978754331486476,-0.360126092340478,-0.186134872899901,-1.28653628930707
1301,15098,"s057","m3",-0.246481011598744,0.164977164363196,-0.163722802991481,-1.00482725843563,-0.315944807805558,-0.196692588452852,-0.882426934717777
1302,15110,"s057","m3",-0.216190947300664,0.400771324364092,-0.118685248827781,-0.983404054665777,-0.280004281331279,0.0907449766037633,-1.14342823110728
1303,15113,"s057","m3",-0.354839438868588,0.293334149740326,-0.130329428579284,-1.03565993401416,-0.574775898504038,-0.371062940319286,-0.43135407175402
1304,15116,"s057","m3",-0.183177840063765,0.29538014677464,-0.0764492985170639,-0.934021771666465,-0.12527865055404,-0.31696233675274,-0.927123543756324
1305,15121,"s057","m3",-0.195013762369174,0.27682632555135,-0.191537735615483,-1.05592238738021,-0.289458554106026,-0.17858478993927,0.242109084373792
1306,15132,"s057","m3",-0.394886986702143,0.24924877686141,-0.182461557953317,-1.18927024106897,-0.2751871163165,-0.207779135665375,1.06501342166366
1307,15187,"s057","m3",-0.299673721671771,0.236677961720515,-0.163515278402637,-1.08857066786397,-0.40910167005135,-0.196839302807308,-0.0821170633490375
1308,15199,"s057","m3",-0.227708941661547,0.233377742004621,-0.129140533324427,-1.12691463890929,-0.347535111447449,-0.597921319741082,-0.851743801385599
1309,15205,"s057","m3",-0.127138154042083,0.364156830465542,-0.0684333851509836,-1.02160963422236,-0.0273385431425917,-0.18867456999328,-1.44522420113691
1310,15206,"s057","m3",-0.248893325797084,0.0973190734140241,-0.0710613060129412,-1.09537013718065,-0.340310265568679,-0.453897855217245,-0.739514152341642
1311,15211,"s057","m3",-0.333395172340214,0.230390431482401,-0.182313547654915,-1.06795234350087,-0.654129561026253,-0.548393524583232,0.0336932465796006
1312,15212,"s057","m3",-0.28363153493844,0.272932796349533,-0.161887639417865,-0.992403606624643,-0.168801946867349,-0.102839834372886,-0.863067419779764
1313,15222,"s057","m3",-0.247508107921046,0.250188084993407,-0.169602623851633,-1.20248562195561,-0.354187764331041,-0.26333155903677,0.452433362499767
1314,15225,"s057","m3",-0.310277116162047,0.14547363695797,-0.0121448558212116,-1.09863540369483,-0.263664887392761,-0.441861055017737,0.27158462133882
1315,15227,"s057","m3",-0.217893078650211,0.192434051068285,-0.0560854183955128,-1.06761827124376,-0.297765510018516,-0.281284492623529,-0.334232016536929
1316,15254,"s057","m3",-0.250381312063203,0.180642878357299,-0.154020051179784,-1.04393135557022,-0.368886434031646,-0.491919064760213,-0.551101168048233
1317,15262,"s057","m3",-0.289395907678952,0.231635500685688,-0.00966221362670655,-1.00403144988232,-0.174023043780771,-0.359441411474919,-0.54633360526016
1318,15268,"s057","m3",-0.250328753515095,0.328273354523944,-0.106440934271452,-1.09629698674637,-0.238773591642036,-0.201626215505754,0.0859492912556953
1319,15279,"s057","m3",-0.220932006001354,0.105742191267967,-0.140006444835088,-1.03058512283513,-0.372973293520766,-0.520633396930494,0.21957896101354
1320,15282,"s057","m3",-0.165902009563542,0.188135810777132,-0.0390835776225303,-0.941652781909262,-0.144414734530533,-0.301676576348914,-1.04685538950749
1321,15319,"s057","m3",-0.33786942479548,0.090803744472649,-0.0226707422295059,-1.19155928738753,-0.289897040378232,-0.507631974950464,0.568274959085896
1322,15347,"s057","m3",-0.309783853636751,0.0767726916128347,-0.159972020572758,-1.06813504638458,-0.219667831446874,-0.563752228060844,-0.499182357229127
1323,15350,"s057","m3",-0.216785235350237,0.216944024244396,-0.0409443581130862,-1.0865067005203,-0.216065149227424,-0.136545340910808,-0.644291965995893
1324,15351,"s057","m3",-0.203598702385501,0.324346883837703,-0.113290909021927,-1.03627289288237,-0.283961279224895,-0.177521725557134,-0.375325963051252
1325,15383,"s057","m3",-0.26401147296863,0.27502503587839,-0.0851426642984595,-1.0682276485136,-0.21277551842318,-0.371081824567767,0.0206875834617726
1326,15416,"s057","m3",-0.26004882501347,0.166969486146178,-0.131844091555869,-1.15785882095517,-0.392549455057461,-0.448977081697511,0.247849130589591
1327,15417,"s057","m3",-0.0849728539313293,0.238516562393059,-0.00320698178287154,-0.982114352749701,-0.160353941125243,-0.211164939213536,-0.316087476193176
1328,15421,"s057","m3",-0.25804741239194,0.25807230301907,-0.11868329620805,-0.938685990898362,-0.31659667380181,-0.13475965017627,-0.738551646555287
1329,15431,"s057","m3",-0.363852640174464,0.207526953809223,-0.208396119120087,-1.09722786794621,-0.44480757405594,-0.376319241743294,-0.0511980460657284
1330,15435,"s057","m3",-0.289038716258154,0.213805487996425,-0.162722839054636,-1.14050222013017,-0.361424826223074,-0.447451904412735,-0.20292013857908
1331,15440,"s057","m3",-0.310160145956242,0.277809028258238,-0.170930775452953,-1.05843339659233,-0.595933119955226,-0.151417252784488,-0.442743527311384
1332,15462,"s057","m3",-0.329589614170867,0.246265856466051,-0.116729204623339,-1.18896650583251,-0.465160630004557,-0.402469238913971,0.578823277498682
1333,15469,"s057","m3",-0.269254581282649,0.175458448798272,-0.168496099649788,-1.13454910770353,-0.227197375038642,-0.277540699900234,0.480296397665918
1334,15479,"s057","m3",-0.280618134995478,0.151251595563694,-0.0964730086389903,-1.10362747310994,-0.221754747562825,-0.589362819463639,-0.0940675678711039
1335,15487,"s057","m3",-0.274122564769052,0.228209858479315,-0.182773132849332,-1.11730365076707,-0.512762995863015,-0.357530958210239,-0.0984201959603834
1336,15501,"s057","m3",-0.237562617194454,0.314526061858599,-0.152606287158075,-0.955671025180364,-0.432501685822835,-0.287900249523217,-0.491851939670374
1337,15526,"s057","m3",-0.217774694792722,0.255644036774735,-0.156428579502059,-1.06134425768819,-0.407197397778644,-0.181531504268561,-0.860409567542019
1338,15532,"s057","m3",-0.180309404784782,0.16473866680214,0.0083695537766758,-1.07587638976522,-0.21240969997593,-0.603509455650173,-0.43082793414053
1339,15579,"s057","m3",-0.366772275378439,0.173205718353125,-0.150102907246099,-1.19797466090848,-0.254223282850036,-0.41932254629674,1.02394229814318
1340,15593,"s057","m3",-0.246434864769722,0.213241778859348,-0.15773140660376,-1.0876472145575,-0.481915610944808,-0.597569907487235,-0.265691706850482
1341,15606,"s057","m3",-0.283445616446076,0.229864019167148,-0.0785435132470172,-1.03883053680229,-0.303075455744867,-0.431266621085591,-0.0306906656164395
1342,15612,"s057","m3",-0.189665101619091,0.0323665284285221,-0.181003960215877,-1.23637293814064,-0.265379139088557,-0.781072793544758,0.883052693824114
1343,15647,"s057","m3",-0.197373659643104,0.239765908904772,-0.19498556627232,-1.02977899268468,-0.256404909310811,-0.366556329323337,-0.401521916072148
1344,15652,"s057","m3",-0.285497898333456,0.0675666785671851,-0.17107743537999,-1.20496675661298,-0.364031944562152,-0.875630844879898,-0.109177751924001
1345,15667,"s057","m3",-0.252469514866344,0.210524138595238,-0.231479321776155,-1.15455845131167,-0.424898413604787,-0.598184583507589,-0.224368260048919
1346,15669,"s057","m3",-0.267113064406558,0.216287138735501,-0.0927908579866303,-1.08126817297114,-0.509867725943289,-0.471637539406476,-0.0441166535125381
1347,15672,"s057","m3",-0.315324040445006,0.27546639668082,-0.140210810480248,-1.01666097301657,-0.413456879219574,-0.286218897439957,-0.333735742245885
1348,15673,"s057","m3",-0.324090318069524,0.106031205335077,-0.016864716092483,-1.11859424337829,-0.495587804359448,-0.445794555520187,0.653831766564313
1349,15677,"s057","m3",-0.369614367740098,0.305807062092428,-0.187390334619554,-1.10711338813541,-0.699554250223276,-0.202019072540692,-0.333700654339596
1350,15692,"s057","m3",-0.276022052865568,0.293600407584895,-0.142347898062719,-1.0073474647906,-0.249769319244018,-0.172907047102079,-0.618360907667739
1351,15700,"s057","m3",-0.24225233491379,0.21834801909495,-0.213127416865744,-1.05049773293998,-0.237731666839732,-0.65371283448037,-0.732491283820204
1352,15730,"s057","m3",-0.362152913224286,0.178341161783642,-0.0889679021788153,-1.06886646813146,-0.598714252137138,-0.484783534054249,-0.274270935800326
1353,15738,"s057","m3",-0.139641235053329,0.247216219117728,-0.0180204150511334,-1.00402636628794,-0.132426862093516,-0.127359493485543,-0.64973460109525
1354,15765,"s057","m3",-0.234527378674349,0.232912345140689,-0.195488271685658,-1.03737491252031,-0.301929494473246,-0.255014419960135,-0.297943974088805
1355,15779,"s057","m3",-0.252845477234773,0.237296331657502,-0.170508550604083,-1.09575837016789,-0.475200389749517,-0.423672313126327,-1.17785331555283
1356,15790,"s057","m3",-0.263145142068794,0.154982840170995,-0.105409821193669,-1.09352513104022,-0.238040442388138,-0.388533296116745,-0.665866809243808
1357,15791,"s057","m3",-0.267175360954912,0.198183567953267,-0.12070056096748,-1.0992720937384,-0.303553743129319,-0.254953267143986,-0.204810672655173
1358,15811,"s057","m3",-0.321403378654057,0.173727794853179,-0.233437861089918,-1.13617105892189,-0.45680519419926,-0.479790424887251,0.291297717241035
1359,15839,"s057","m3",-0.235980962732973,0.104522796663453,-0.175914900913489,-1.0622028907927,-0.511536234306095,-0.397871697671454,-0.468960023863479
1360,15842,"s057","m3",-0.350923320397916,0.177897547161838,-0.0770648256615137,-1.11578950311709,-0.38785484962475,-0.590622266915332,0.38226020254489
1361,15843,"s057","m3",-0.303390659282173,0.0677087165038431,-0.104866891422028,-1.16146330122653,-0.200049022708724,-0.60316098284133,0.67405304873734
1362,15864,"s057","m3",-0.292443556024151,0.3358408075395,-0.214860468574458,-1.0779053004874,-0.489457939497833,-0.302797382749609,-0.112499000581504
1363,15868,"s057","m3",-0.304451391196957,0.246677661944529,-0.0997728587999296,-1.18284642363883,-0.279118862005902,-0.428134973334007,0.523151865923083
1364,15870,"s057","m3",-0.403764416550676,0.185518139836621,-0.076557302836196,-1.21614037037969,-0.366777200378722,-0.528166655563207,0.285503768448342
1365,15888,"s057","m3",-0.275993671655722,0.307376817200133,-0.120962561325386,-0.99028088338481,-0.168690356890938,-0.317667578242137,-0.303673447463002
1366,15905,"s057","m3",-0.300789029760647,0.350740202095115,-0.113392276983244,-0.870914436792597,-0.513504594212081,-0.235619430014488,-1.02992096116421
1367,15927,"s057","m3",-0.184012703469354,0.282478617330397,-0.275563252684688,-1.04250167299846,-0.353723144328112,-0.284816367332946,-0.820457441166793
1368,15937,"s057","m3",-0.19947069820333,0.246368998569196,-0.116684202497393,-1.01305769027789,-0.245481911710812,-0.496250694762595,-0.525033335567723
1369,15944,"s057","m3",-0.250511247228512,0.19702659912845,-0.049263914515487,-1.05326371089252,-0.39603498359941,-0.282297693137221,-0.267787477448257
1370,15955,"s057","m3",-0.311430496118484,0.276078394652791,-0.207076704502442,-1.05261058898834,-0.273357626916904,-0.257926755649248,-1.09326797097627
1371,15982,"s057","m3",-0.20916236754594,0.120280706746747,-0.0166959403391899,-1.05742593855193,-0.132087535385703,-0.306340000731673,0.331758252388611
1372,16008,"s057","m3",-0.267238237714599,0.222528786278373,-0.15804825159706,-1.1229285021071,-0.475670306276674,-0.563732159215623,0.0319976688262624
1373,16015,"s057","m3",-0.336138076605272,0.180258397153883,-0.131375943566858,-1.04223179537118,-0.288236366091237,-0.639058258123418,-0.330261630096471
1374,16019,"s057","m3",-0.334804072956341,0.232376176371645,-0.101130703945903,-1.07510898770062,-0.59530582833329,-0.338511500384947,-0.0800600513739685
1375,16021,"s057","m3",-0.216807296062434,0.292936707302407,-0.110058499430302,-1.01649350203662,-0.144464621144569,-0.289028177202403,-0.802878921315862
1376,16024,"s057","m3",-0.195887697824739,0.290785935333053,-0.16681662123657,-1.08742303742481,-0.312876767400698,-0.329605331847508,-0.375219314453177
1377,16036,"s057","m3",-0.256402203233372,0.134579020851566,-0.161301112087371,-1.12730031429129,-0.0885836731839598,-0.424650979221147,0.230385566110889
1378,16039,"s057","m3",-0.178021109087706,0.0938823739473066,-0.182348979210107,-1.14854743831989,-0.253404336578961,-0.589968679045056,0.0722299784622354
1379,16062,"s057","m3",-0.247663669028715,0.211196819754112,-0.0362085654717033,-1.09223126652546,-0.196395751346099,-0.293672987443177,0.225435915112933
1380,16082,"s057","m3",-0.289185239590765,0.232061256684267,-0.249298733477692,-1.11923051517125,-0.356978056964514,-0.246202922322512,0.254403291937506
1381,16088,"s057","m3",-0.247302724255505,0.231782892277174,-0.168138144516751,-1.05712479322259,-0.641943395813288,-0.48777694925772,-0.166374492099456
1382,16097,"s057","m3",-0.352216102866493,0.21745128140835,-0.188064822448016,-1.20990391423718,-0.351069909303401,-0.434446633953334,0.449645414496606
1383,16105,"s057","m3",-0.312033165596174,0.238573710781156,-0.144254888197946,-1.04309137380471,-0.375681782364735,-0.310392372559411,-0.831501087946974
1384,16128,"s057","m3",-0.407684989932127,0.120853013145594,-0.0254649172527892,-1.17996920895262,-0.244777676735087,-0.603475027168456,0.2654054361282
1385,16131,"s057","m3",-0.201651381062482,0.168564437027884,0.048309197585679,-1.10378950502277,-0.188043350950442,-0.316931674604643,-1.05334858068363
1386,16132,"s057","m3",-0.261220686078608,0.216910497403188,-0.20563289063024,-1.19434880866966,-0.268798952966788,-0.644530002298834,-0.627678109210773
1387,16134,"s057","m3",-0.22172673919046,0.198299833903872,-0.250531137168588,-1.11879779969385,-0.174915559490598,-0.384433957027994,0.232386607468094
1388,16136,"s057","m3",-0.261427545439409,0.20487481351093,-0.0769190656233847,-1.14425112675909,-0.459324425644446,-0.591826074496725,0.187694261309066
1389,16143,"s057","m3",-0.200126319361106,0.296909375628769,-0.224833867484016,-1.02729649498341,-0.241886878375007,-0.235699388130599,-0.33645050997057
1390,16148,"s057","m3",-0.385708610795153,0.225348958519044,-0.227452252287897,-1.02362769107764,-0.654758710808961,-0.282070479215065,0.163011924141703
1391,16156,"s057","m3",-0.306745205678678,0.239215888763152,-0.248524277765461,-1.03481869559611,-0.57479765987693,-0.490998526567276,-0.428401879480094
1392,16249,"s057","m3",-0.313471599174426,0.19359122597045,-0.094938984071563,-1.02638457255035,-0.158354688080976,-0.365754543387268,-0.486264425000054
1393,16278,"s057","m3",-0.249642440017006,0.257032620237617,-0.0790952421152212,-1.02574770255897,-0.351282716627554,-0.308543885097433,-0.636019055102939
1394,16282,"s057","m3",-0.165634926323947,0.20334236657848,-0.119803061392852,-1.09661835116348,-0.324753990844149,-0.322910130286211,-0.652507470685027
1395,16297,"s057","m3",-0.368934084816192,0.206442731606612,-0.0958686952324974,-1.23714163459926,-0.461418013771558,-0.287635018180426,0.733542500500518
1396,16300,"s057","m3",-0.297790409783507,0.215388672214478,-0.216451031221813,-1.07802639035047,-0.448122772779878,-0.368156921554493,0.233337506808169
1397,16301,"s057","m3",-0.297512652247007,0.251630821833489,-0.25379623958384,-1.16819695648978,-0.365117092713854,-0.0971923386353961,0.519688129826669
1398,16304,"s057","m3",-0.295324226707868,0.147956928605254,-0.148469468496733,-1.13545985143624,-0.199881637888803,-0.555573427068354,0.0964033187514707
1399,16306,"s057","m3",-0.260048621259576,0.246380056851224,-0.233560755596173,-1.11194488613594,-0.585827079095361,-0.236100634478834,0.00710514290263234
1400,16315,"s057","m3",-0.232507642603038,0.223434298841621,-0.0582896057985226,-1.01170108316408,-0.335157134460641,-0.429847925603015,-0.858015514795884
1401,16344,"s057","m3",-0.317338431393487,0.251886470227535,-0.164911403470672,-1.0314846573782,-0.462308808374736,-0.608194053369924,-0.35242895684384
1402,16369,"s057","m3",-0.304720293361812,0.208930753345443,-0.0697917372072908,-1.04590835948912,-0.325757185571573,-0.429515592077758,-0.0882643663823034
1403,16380,"s057","m3",-0.216799685877887,0.210648288192967,-0.027815690713984,-1.06440378534109,-0.244344841564763,-0.436801750254265,-0.436320554889889
1404,16381,"s057","m3",-0.342892484860932,0.187874676644423,-0.0479678022957824,-1.14876792788087,-0.307931224339581,-0.575405137718937,0.348198362252611
1405,16387,"s057","m3",-0.297816138034813,0.225946998320564,-0.139801376378945,-1.08401208870979,-0.37515230271029,-0.321817833420255,-0.0365364580748553
1406,16401,"s057","m3",-0.226678613365679,0.203514467565758,-0.163930085205463,-1.02775140659769,-0.160455421672163,-0.429159787976538,0.346258647219291
1407,16409,"s057","m3",-0.171988324026009,0.254088193699282,-0.100082587249803,-1.10320693347773,-0.232139518576208,-0.342095831713002,-0.974226071718166
1408,16413,"s057","m3",-0.298052712919123,0.216243930305556,-0.18469965638701,-1.1640265904316,-0.39616563687792,-0.532793901598555,0.636127691263626
1409,16437,"s057","m3",-0.268136535644769,0.257660777076527,-0.042969898400015,-1.02970793528576,-0.327000338208126,-0.327303601219872,-0.430362210117379
1410,16446,"s057","m3",-0.274768086535261,0.267016124671345,-0.150160399964136,-1.09215883673402,-0.416444723957502,-0.203756744212997,-0.416633460992177
1411,16450,"s057","m3",-0.305841912392167,0.335824744245843,-0.122483372471473,-1.07432216544652,-0.363573539958883,-0.2147680137165,-0.4511805483035
1412,16465,"s057","m3",-0.319087652838199,0.118348495151447,-0.156826984338924,-1.20620310023852,-0.268137020050332,-0.614237945517293,0.312208479391094
1413,16471,"s057","m3",-0.25889135657115,0.182967566956545,-0.0851450325357313,-1.10994417856846,-0.206913349877242,-0.493272465849881,-0.0757946805704612
1414,16475,"s057","m3",-0.213693162664594,0.291576576616575,-0.191950768052682,-1.04461106872053,-0.274303855649523,-0.16354142051729,-1.45227469153326
1415,16497,"s057","m3",-0.276975267712026,0.125445900047512,-0.17829072471168,-1.02766833940936,-0.57184684456365,-0.457485065740841,-0.318781116101942
1416,16513,"s057","m3",-0.258808515069758,0.235333650303014,-0.124168365173486,-0.922144340287053,-0.454882034876456,-0.199266060563816,-2.54726517177311
1417,16518,"s057","m3",-0.260911058615026,0.257584044616551,-0.177610149977281,-1.0139978587501,-0.256354053034649,-0.0942053713875159,-0.763336530833322
1418,16536,"s057","m3",-0.226501138069658,0.188269602117442,-0.17377834008544,-1.1648522870587,-0.398103436718765,-0.421938452022451,0.815196087691885
1419,16539,"s057","m3",-0.229690899334164,0.307203544659173,-0.232388519253329,-0.963130326108176,-0.335542705124254,-0.103179762191675,-0.635710957251204
1420,16567,"s057","m3",-0.344604870595956,0.293442064259332,-0.163973758062918,-1.09197020189413,-0.217353683521105,-0.137615215214972,-0.585105663857483
1421,16568,"s057","m3",-0.191419332203969,0.242345714576705,-0.0502212526624153,-0.90477723180737,-0.248260979683798,-0.312671362189249,-1.42753236795051
1422,16576,"s057","m3",-0.311403393756003,0.138137759875898,-0.101216395811885,-1.07400521013415,-0.452098815706389,-0.36069096907201,-0.394769067862256
1423,16580,"s057","m3",-0.283082966836367,0.278100986630251,-0.0912227619050027,-0.963802472345884,-0.211422971020938,-0.216516441052977,-0.167088899160831
1424,16605,"s057","m3",-0.186300074743272,0.221360276721605,-0.12373597420141,-1.02004425257107,-0.172894756188158,-0.316796581873438,-0.522757075842044
1425,16622,"s057","m3",-0.123691576795624,0.172536644143161,-0.12082567857938,-1.02939278244597,-0.229650103934398,-0.280638925834369,-0.69717648242557
1426,16628,"s057","m3",-0.26239096826808,0.18655012241511,-0.0999450536260333,-1.05525213188152,-0.291170837928111,-0.311450657063125,-0.396064629355204
1427,16633,"s057","m3",-0.285807727234292,0.270889592600923,-0.231903584138178,-1.14121888984489,-0.223311678675559,-0.374203690882503,0.257755761326428
1428,16635,"s057","m3",-0.249666404544293,0.147279387588046,-0.10913307544738,-1.0781546842883,-0.176650172995714,-0.260257315230345,0.104395698511008
1429,16637,"s057","m3",-0.255371352481514,0.241037961872076,-0.0870004630943645,-0.980643574574605,-0.0937604148128618,-0.163508009092848,-0.517866692246055
1430,16659,"s057","m3",-0.217835892640439,0.129166604442483,-0.203603356922321,-1.14670204198324,-0.216390449206757,-0.482100057726468,0.528362902352316
1431,16660,"s057","m3",-0.252143775617497,0.245083398455051,-0.159513457702248,-1.01958229433253,-0.321882678330597,-0.320038010891481,-0.467278571870638
1432,16661,"s057","m3",-0.276297068677354,0.311474702145561,-0.113993619638439,-0.937985461883166,-0.445641574481952,-0.35030504295643,-1.06651190829071
1433,16677,"s057","m3",-0.300087519610218,0.245874269545254,-0.138820024094814,-1.04078584625019,-0.241559383785244,-0.245615862650481,0.124975010911142
1434,16683,"s057","m3",-0.251286295585086,0.0989745838673055,-0.143563587223897,-1.11742412766846,-0.15694003899488,-0.986150025611695,-0.349020634023651
1435,16694,"s057","m3",-0.316861795472126,0.162628938600157,-0.214381051086135,-0.903720820041178,-0.434833537526216,-0.619064146041275,-0.865834477877294
1436,16696,"s057","m3",-0.285244498974147,0.146082152863638,-0.221146247369762,-0.968444212970084,-0.67748458135492,-0.417344513179364,-0.58142390908575
1437,16699,"s057","m3",-0.341752475602408,0.251572947595424,-0.0848694713017241,-1.12547397108809,-0.249197365338346,-0.17659858099247,-0.154958714915617
1438,16706,"s057","m3",-0.247239571254594,0.271595097662013,-0.111254046917017,-1.01144005386495,-0.33657896298398,-0.321954263848924,-0.536397982617752
1439,16716,"s057","m3",-0.341669075053621,0.226036195514179,-0.0626274483941368,-1.03079716768549,-0.566508729896124,-0.386003320826482,-0.435073815066234
1440,16727,"s057","m3",-0.24970812027677,0.110525923726168,-0.107364041209383,-1.01491236512287,-0.366532275385925,-0.16847991765564,-0.239825599658116
1441,16748,"s057","m3",-0.24582604731683,0.225409444632657,-0.0799414569132161,-0.963546719033855,-0.281960045966967,-0.278360469995923,-0.404693170798326
1442,16754,"s057","m3",-0.259458729039038,0.345392681729375,-0.0980247245469776,-0.935198878375905,-0.322052603957172,-0.188386984833281,-1.07826940166035
1443,16768,"s057","m3",-0.283805451151875,0.244614725281252,-0.197276669091372,-1.14868437897608,-0.547349254648354,-0.407461715887603,-0.0342180172114726
1444,16778,"s057","m3",-0.203665570016169,0.263736496148929,-0.0412909740846498,-1.06473378409163,-0.0911568314688289,-0.386750910909954,-0.270766693140614
1445,16781,"s057","m3",-0.296276747619558,0.220611474359906,-0.147054103329834,-1.07421215753548,-0.471031657496088,-0.47025634302484,0.0573518183542897
1446,16799,"s057","m3",-0.325282078352267,0.235909508180475,-0.087240157178367,-1.05431583580073,-0.299023366568942,-0.402163055189449,-0.142468583545058
1447,16804,"s057","m3",-0.270601373893409,0.178338115422868,-0.121819772159681,-1.07320743875129,-0.408835663824011,-0.400572919878059,-0.56957501271113
1448,16812,"s057","m3",-0.292727543370311,0.120198497578204,-0.0846116302295607,-1.1278713039349,-0.29064659760888,-0.725783532114545,0.00890238210839788
1449,16824,"s057","m3",-0.298726365823976,0.242343662013061,-0.12652717327317,-1.07951073694019,-0.377484554061107,-0.252279883371519,-0.459752736236023
1450,16884,"s057","m3",-0.304728477345075,0.145984989077123,-0.100895284546761,-1.00861586842539,-0.369264646475262,-0.386874583645358,-0.11770353752479
1451,16888,"s057","m3",-0.287831886569078,0.235089300647443,-0.133165187844949,-0.860678164580171,-0.502659519487135,-0.429439868568607,-1.82038294764616
1452,16891,"s057","m3",-0.348237335443753,0.237353520493548,-0.192633786671494,-1.03685297864544,-0.227796363261428,-0.300999606754858,-0.193466869760509
1453,16901,"s057","m3",-0.1123965907458,0.255287445409792,-0.19757592509874,-1.117306382839,-0.261707388846555,-0.468509390176481,-0.457891612825743
1454,16904,"s057","m3",-0.277985402097485,0.316434005106282,-0.167183476904462,-1.13254182500101,-0.440904726195683,-0.381139934945771,-0.22516157482331
1455,16907,"s057","m3",-0.307893380963133,0.182249964160931,-0.0170321717518562,-1.03265625864194,-0.354882416646395,-0.484605112433289,-1.30426878107174
1456,16921,"s057","m3",-0.140181430029982,0.166049870286454,-0.0393907532278522,-0.971260524213843,-0.0927854573581365,-0.261484373220892,-1.02404675609191
1457,16956,"s057","m3",-0.335062001948159,0.189032774954579,-0.086825345825277,-1.1071198419312,-0.34301470774314,-0.297221084220606,-0.00496428956046235
1458,16962,"s057","m3",-0.289831935621351,0.0803024447592272,-0.223252005763865,-1.15178470900115,-0.327253384822992,-0.504830292931188,0.178407520127632
1459,16966,"s057","m3",-0.185317144243852,0.292893947921629,-0.0708450989125371,-0.980650848740092,-0.199859315272404,-0.292050847947548,-0.639684793294871
1460,16968,"s057","m3",-0.183135794637992,0.359641446108112,-0.214859020661792,-1.03155573313,-0.25964299025154,-0.0943627865597843,-0.142664194781089
1461,16975,"s057","m3",-0.248572147508687,0.188023678496926,-0.116505876951444,-1.10767951688636,-0.39263466335038,-0.583616770076531,-0.353356784881084
1462,16989,"s057","m3",-0.278303236483314,0.252403159638408,-0.0558843271769031,-1.12800286137742,-0.134932821189057,-0.208627484824641,0.246688541882182
1463,16992,"s057","m3",-0.185553783198308,0.226732754754016,-0.0537241744312059,-1.02363335399966,-0.306969151783013,-0.35130359830447,-1.2934359062807
1464,17000,"s057","m3",-0.336935676451682,0.124875191585306,-0.15172490338117,-1.11344796522302,-0.449387620849162,-0.280713024068564,0.187542935155846
1465,17029,"s057","m3",-0.185849703754319,0.172245048427177,-0.146311541188872,-1.08520872138297,-0.191448977894653,-0.469676435195335,0.175126836861189
1466,17030,"s057","m3",-0.27132100557811,0.238801826277262,-0.139243577281646,-1.09097226029428,-0.522302957815738,-0.41406020016593,-0.325273792419608
1467,17040,"s057","m3",-0.331590546797001,0.202015567178134,-0.176538284872361,-1.24813069315108,-0.343345143883954,-0.440153082085987,0.588036958900204
1468,17058,"s057","m3",-0.175449275762687,0.198300012644482,-0.124283068238684,-1.0062155796184,-0.0298178354648191,-0.287860957210892,-0.783413502879394
1469,17092,"s057","m3",-0.198529417799368,0.177772274443722,-0.0920829884189679,-1.04700771697951,-0.334682838144517,-0.450642899400705,-0.649903624105622
1470,17107,"s057","m3",-0.225745701110126,0.118045971684298,-0.174848970943714,-1.13994725813965,-0.379874606756644,-0.604361234921749,0.577729400753927
1471,17111,"s057","m3",-0.283522172083093,0.17024725858148,-0.00515336884055249,-1.06804498081343,-0.370157475333483,-0.361991581217366,-0.691247558813039
1472,17136,"s057","m3",-0.235972163579474,0.267643194129919,-0.168023394308494,-1.04458584426634,-0.206647748342321,-0.313716298327315,-1.13644591862039
1473,17142,"s057","m3",-0.29839466882889,0.160572352951097,0.0116633274997325,-1.03073505399275,-0.269451879270015,-0.426280899117441,-0.632124023539314
1474,17146,"s057","m3",-0.324415748222325,0.283046852032952,-0.240725577130488,-0.982012661179707,-0.423393949652261,-0.104558832243102,-0.711367023441319
1475,17157,"s057","m3",-0.316848786686224,0.200644546116705,-0.153797895917897,-1.19612839369273,-0.332035436056378,-0.478840361146651,-0.0320218789499702
1476,17158,"s057","m3",-0.260929960326745,0.231698748325137,-0.27603554263692,-1.15070223715786,-0.287923654960723,-0.436453468240585,0.479464982898295
1477,17169,"s057","m3",-0.218452940946578,0.341724033431808,-0.198274365030358,-0.987072348104945,-0.514571706995526,-0.129667415455414,-0.0894836923349318
1478,17174,"s057","m3",-0.316459918243743,0.188427980812051,-0.112423634119681,-1.01537957745649,-0.169717357630131,-0.234656604615715,0.152431412883772
1479,17176,"s057","m3",-0.24859442114011,0.279068559349389,-0.216763037189439,-0.996837158301714,-0.307556287401725,-0.0903984135319536,-0.43064852489584
1480,17184,"s057","m3",-0.321192788390605,0.287643152656653,-0.189566616820689,-1.04118675415249,-0.216774131068034,-0.271778622076746,-1.02922888091572
1481,17197,"s057","m3",-0.278211086681014,0.435884739793383,-0.268311774884321,-1.04739526829625,-0.507456086776881,-0.196840451510922,-0.449958942523232
1482,17202,"s057","m3",-0.234338718296389,0.2901509154802,-0.107620164315036,-1.00168326762906,-0.324859688640046,-0.497563169889209,-0.953821157374762
1483,17223,"s057","m3",-0.210787710066013,0.245456957116814,-0.213172843458683,-1.05539627949745,-0.239932176585078,-0.126905543639879,-0.25916794545729
1484,17239,"s057","m3",-0.290790479646622,0.270583960513593,-0.0330326390356148,-1.04512788798157,-0.208350500551835,-0.241288620048551,-0.302129566160177
1485,17244,"s057","m3",-0.398794606451718,0.151844670493334,-0.124416099182818,-1.04211618707796,-0.275331984940472,-0.377848360129774,-0.655684749823609
1486,17264,"s057","m3",-0.3022644558752,0.203466980489578,-0.15763422980774,-1.11729562580727,-0.216831769844412,-0.783435104463674,0.17754262321104
1487,17268,"s057","m3",-0.257338191380305,0.155713515088622,-0.0789344193638573,-1.05994183922666,-0.222305860608769,-0.405755593379449,-0.424101469626018
1488,17274,"s057","m3",-0.200788285761717,0.133831861015039,-0.124388338494587,-1.06260824255489,-0.283917652288474,-0.581168951008863,-0.129157917019855
1489,17289,"s057","m3",-0.302475466003966,0.17688824272153,-0.085191334591114,-0.991418374082741,-0.2173919365514,-0.230651594437056,-0.308096612704154
1490,17307,"s057","m3",-0.296985093028825,0.168098099781965,-0.123723065659019,-0.918365769184816,-0.494233972920652,-0.182110360658325,-1.00411719896042
1491,17309,"s057","m3",-0.328082613671108,0.189610403367803,-0.0468367046885533,-1.08100058336132,-0.311487430077983,-0.240568663624112,0.274013688700178
1492,17329,"s057","m3",-0.112700606279838,0.178650760805374,-0.0185326660121276,-0.982376468457474,-0.112150532204719,-0.54792375580581,-0.661349735796793
1493,17336,"s057","m3",-0.260593033247512,0.132533674777429,-0.224878578090031,-1.06084928894549,-0.305442840329784,-0.763098664947493,-0.455645628333385
1494,17354,"s057","m3",-0.309538355019268,0.25939656432753,-0.144989311359644,-1.13282589783856,-0.298613750365497,-0.595897408260369,-0.333162556315818
1495,17378,"s057","m3",-0.367294727364611,0.220435794406184,-0.198108984435617,-1.16634671643438,-0.395393723280683,-0.529842946196163,0.516828413350088
1496,17406,"s057","m3",-0.238199011410179,0.311027701704524,-0.200022442771266,-1.07388922177154,-0.208096872321074,-0.635294907271324,-0.763906430032128
1497,17415,"s057","m3",-0.263859073515955,0.184272674778163,-0.105770070210205,-1.19395881474226,-0.38088006450114,-0.696567524248526,0.198935715732021
1498,17430,"s057","m3",-0.298065383741296,0.3376494983385,-0.29756944393606,-1.12510967184502,-0.425635921858844,-0.0677508854042976,-0.234284907754664
1499,17440,"s057","m3",-0.314652313359346,0.226888501410921,-0.115662971019279,-0.947007886662836,-0.342122155305474,-0.329568873050298,-1.15384029885061
1500,17453,"s057","m3",-0.237502185810778,0.221440958425208,-0.152476093885436,-0.968545602192254,-0.176648115383743,-0.325205879922269,-1.21241221319855
1501,17455,"s057","m3",-0.217119694003374,0.208914838979467,-0.142430593179406,-1.04387697073122,-0.236300536853948,-0.345887808840882,-0.374819891259823
1502,17456,"s057","m3",-0.255308648639035,0.338035418748832,-0.0957114483700988,-1.08322906275173,-0.298002518026761,-0.193815411072623,-0.0191168614040155
1503,17459,"s057","m3",-0.243007721102389,0.230362260858862,-0.0729514771876428,-1.06152324730557,-0.335916354625998,-0.248838435542646,-0.278428130685233
1504,17491,"s057","m3",-0.33800903910607,0.242606365009739,-0.105818911638599,-1.0442845355696,-0.319332615182771,-0.309594220503924,-0.0108172252262693
1505,17493,"s057","m3",-0.307177877746982,0.20415569820183,-0.003895200772043,-1.03657820340723,-0.328168167101445,-0.43598838737351,-0.371364499017907
1506,17507,"s057","m3",-0.221427435422145,0.238279402661835,-0.131544916314332,-1.03092098367677,-0.268588463335708,-0.376440827540996,-0.961988474680278
1507,17515,"s057","m3",-0.198567103098741,0.183658449690752,-0.0243162574615792,-1.07107324773006,-0.0332017667975816,-0.663569633371028,-1.0127927629779
1508,17516,"s057","m3",-0.258902627290829,0.224982430993176,-0.219133006694955,-1.01592236799094,-0.487236373403666,-0.548707041718101,0.0800846631363089
1509,17518,"s057","m3",-0.26241903611065,0.289838103915138,-0.0267500845278108,-1.07401026818105,-0.32771249611691,-0.125197379688933,-0.718628231833623
1510,17521,"s057","m3",-0.284443093936054,0.291011948090731,-0.191899988817896,-0.956211540570895,-0.387824088742881,-0.0925677290028314,-0.767971856121412
1511,17529,"s057","m3",-0.311125348007304,0.137819196386441,-0.264955650389159,-1.05085252660462,-0.619089229774291,-0.341335159850081,-0.282277730095933
1512,17531,"s057","m3",-0.243250717978445,0.150498106142269,-0.0342296199713893,-1.16571905607787,-0.105683534565889,-0.408373760995379,0.135129097830794
1513,17544,"s057","m3",-0.270600163749703,0.303895240280997,-0.164521924760702,-0.991693970797348,-0.534265947652304,-0.204189805109602,-0.998005939375903
1514,17556,"s057","m3",-0.173817710738729,0.179939443112694,-0.0988229878739334,-1.01925254729876,-0.225157749477713,-0.313390236826346,-0.763471085818188
1515,17565,"s057","m3",-0.225208882782164,0.21747673369681,-0.182512817898046,-1.05594013657094,-0.106737514808868,-0.324639991148078,-0.143153914584595
1516,17615,"s057","m3",-0.284029902383483,0.21901085366403,-0.0978904297047992,-1.04853953778675,-0.255928397197034,-0.397123792124481,-0.219312530190185
1517,17626,"s057","m3",-0.304764553588895,0.257254478232613,-0.118808205007684,-0.977257801927021,-0.269280483685533,-0.262235332007286,-0.652718461230367
1518,17629,"s057","m3",-0.323160129716846,0.117471166974439,-0.141110142576843,-1.08030694450189,-0.264486572062237,-0.487892906671905,0.681441327099422
1519,17632,"s057","m3",-0.304094470924333,0.179380674991388,-0.186753279288728,-1.21196827814939,-0.256507074763301,-0.599836997963268,0.507573027140672
1520,17640,"s057","m3",-0.208415213590721,0.252508579260341,-0.0960125886033265,-1.0977672792686,-0.297230050812752,-0.242827615406437,-0.546876246820937
1521,17642,"s057","m3",-0.26612396627777,0.287352773816645,-0.0136154256688814,-1.11352705147886,-0.266664867183974,-0.403582543565494,-0.209699171872696
1522,17664,"s057","m3",-0.326036418560589,0.230097477772691,-0.0677567710195525,-1.11651080318483,-0.310764012126084,-0.254131149061927,-0.168634473421459
1523,17706,"s057","m3",-0.219338039980671,0.207829970240803,-0.0134112195656592,-0.931097534333121,-0.30588521843882,-0.354438280660727,-1.34316385151866
1524,17707,"s057","m3",-0.229104418327406,0.20615624519758,-0.134114348094904,-1.00253143744069,-0.164284352463628,-0.348943943762889,-0.424884222025172
1525,17713,"s057","m3",-0.282465517122114,0.16082577277183,-0.185346099305929,-1.08094505026894,-0.58729922814685,-0.577300655088025,-0.00804879438254696
1526,17734,"s057","m3",-0.32045164741201,0.163219788108074,-0.172960082201589,-1.04253335946922,-0.320323824263203,-0.245631192086595,-0.792484404377441
1527,17739,"s057","m3",-0.186256704384415,0.225172678341453,-0.177741018055427,-1.01803990172905,-0.4160096801416,-0.146733827791233,-0.522807054511589
1528,17755,"s057","m3",-0.195779988653715,0.323470755575172,-0.0354297390511765,-0.967147367774026,-0.189957946025978,-0.217666451793879,-0.939394862727757
1529,17773,"s057","m3",-0.301369116995733,0.241780681152957,-0.185497679705288,-1.02309543713877,-0.378769759477807,-0.326109237957009,-0.109560328251378
1530,17776,"s057","m3",-0.174565707961196,0.183366504709384,-0.02852716697071,-0.972178735202071,-0.137346346538349,-0.36428654868024,-1.02998401311599
1531,17779,"s057","m3",-0.320138819727801,0.097158736604922,-0.177519165714228,-1.09484021912623,-0.559831930641168,-0.744304411887138,-0.344154156279036
1532,17791,"s057","m3",-0.306971487899747,0.361893666421414,-0.200549119668549,-0.999648761902606,-0.489796665537234,-0.295119873677284,-0.934593321377585
1533,17793,"s057","m3",-0.260129444986566,0.210547463684221,-0.122601791602681,-1.09088492451376,-0.168537269190416,-0.411942535781562,-0.346392553036266
1534,17840,"s057","m3",-0.265288475356432,0.221898243991678,-0.0982250914769084,-1.0965231133904,-0.448920791020793,-0.397694839464109,-0.679724041872919
1535,17846,"s057","m3",-0.29786384828046,0.278888823584179,-0.119104030511546,-0.898346547168459,-0.437599233175418,-0.163957502262199,-1.24372094088092
1536,17852,"s057","m3",-0.270214411286844,0.304775979541009,-0.15649224944769,-1.03192484752446,-0.418718498729715,-0.301220470961761,-0.652173063361115
1537,17865,"s057","m3",-0.355296407067238,0.270212519101459,-0.153294708642693,-1.06744065304171,-0.493168930205701,-0.140244421486325,-0.461432454218397
1538,17869,"s057","m3",-0.294056172224021,0.18639035865467,-0.217423522115476,-1.09246243421805,-0.38907552183146,-0.45450622545785,0.405851114952021
1539,17872,"s057","m3",-0.325481657383851,0.137748180300142,-0.161318828045506,-1.06794936796102,-0.718828127345071,-0.394366472219275,0.0018775818788215
1540,17882,"s057","m3",-0.263525431611117,0.260672048725745,-0.0626040421622593,-0.979293330160164,-0.200373442765632,-0.244498693875236,-1.31824645064934
1541,17903,"s057","m3",-0.142726310939583,0.242554532259616,-0.156521051899093,-0.976112979465441,-0.211675667939344,-0.209958940419287,-0.0897785110359452
1542,17904,"s057","m3",-0.231329307747344,0.318060541154029,-0.141430575819017,-0.907671692809256,-0.169652072119238,-0.0459155198483426,-1.01383293977967
1543,17954,"s057","m3",-0.184619495662895,0.233322207493857,3.57196092098458e-05,-1.00520817279239,-0.223552757973186,-0.329805805625352,-1.11890532007524
1544,17971,"s057","m3",-0.268028032950281,0.25825537140816,-0.301144008812203,-1.05300864023536,-0.596067152527515,-0.273728396189322,-0.676346152950533
1545,17986,"s057","m3",-0.254134809615926,0.317636742788317,-0.0263501476326642,-1.08366879621821,-0.181451474889374,-0.36133598799195,-0.0609442881915055
1546,17989,"s057","m3",-0.313121151321206,0.279829586336116,-0.153642937557623,-1.01149085170497,-0.456391073989355,-0.133733510090554,-0.50406378007251
1547,18000,"s057","m3",-0.276808033480125,0.277304177005134,-0.145775414915301,-1.049541847545,-0.444134904175692,-0.211580807318153,-0.64994479930067
1548,18002,"s057","m3",-0.364276041168861,0.0693575069156598,-0.16392208047242,-1.09829207799012,-0.215909064065148,-0.576008360176717,0.287303179132582
1549,18004,"s057","m3",-0.217585649953668,0.163911474287566,-0.0619449908693728,-0.975929260324128,-0.387315482171591,-0.379742529692668,-1.33862740806891
1550,18006,"s057","m3",-0.234537327927143,0.126097408125614,-0.133498463917768,-1.11186793327865,-0.273924177970406,-0.300370328961959,-0.211275934206842
1551,18011,"s057","m3",-0.296261634276392,0.239089354524571,-0.0813171141086673,-1.13846151993155,-0.140601151529929,-0.200751796290028,0.110427346322818
1552,18041,"s057","m3",-0.31958058389892,0.258387789449782,-0.19058557545666,-1.17033308649166,-0.339401960990791,-0.341621060347726,-0.0335075948235827
1553,18059,"s057","m3",-0.25417054244853,0.297245581719317,-0.0162933307684586,-0.978442242206743,-0.179274295193916,-0.225668922458692,-0.444777424468391
1554,18073,"s057","m3",-0.282044174480111,0.210493825639511,-0.18614994883158,-1.04392756201858,-0.543215584037749,-0.490142337087897,-0.3893546714273
1555,18090,"s057","m3",-0.264430951005352,0.265515424105795,-0.166309587996951,-1.06788477535056,-0.25421066656371,-0.504088227373814,-0.420690651965279
1556,18096,"s057","m3",-0.342182827539087,0.192283834754883,-0.155128545813262,-1.03012165614317,-0.367549247833811,-0.316899744921834,-0.0785519588739265
1557,18142,"s057","m3",-0.167715403092925,0.313283687859272,-0.106072395691962,-0.979645918743361,-0.274445874361428,-0.274962508652886,-1.0627020649061
1558,18153,"s057","m3",-0.310079905894063,0.134929563327366,-0.137554647699239,-0.973876427532862,-0.460507083452495,-0.325138255843002,-0.317133966651952
1559,18193,"s057","m3",-0.14354288979903,0.213444495883695,-0.0734481667132076,-1.00400312662263,-0.124659197871017,-0.300725612093043,-1.19050639753936
1560,18208,"s057","m3",-0.277700478394905,0.274574918754845,-0.0796509926306212,-1.10339113408613,-0.0708051944986304,-0.515472580322447,0.524227160193522
1561,18213,"s057","m3",-0.27798270748898,0.216733388184762,-0.24788154186003,-1.17268363732009,-0.331221271208537,-0.527837549392605,0.0192358596221907
1562,18262,"s057","m3",-0.225387945006786,0.21678844541418,-0.166894622668504,-1.0598986251853,-0.231880341709137,-0.242913353503571,-0.249085353389232
1563,18273,"s057","m3",-0.198912036648924,0.299003254024192,-0.226679785096835,-1.04631862483105,-0.298512101441827,-0.196443927201126,-0.306601106672471
1564,18280,"s057","m3",-0.341912619641478,0.304666585710474,-0.214290562191599,-1.09120991410861,-0.777568268394143,0.000756796571313378,-0.264250430601187
1565,18281,"s057","m3",-0.242144884696797,0.228539628226921,-0.0525259901042321,-1.06134421419974,-0.193703109536288,-0.385648945586422,0.0813287301609804
1566,18289,"s057","m3",-0.304224276589502,0.372906103154914,-0.1371914183664,-0.924869854148198,-0.375633975039547,-0.102448391271511,-1.27813495623603
1567,18323,"s057","m3",-0.321490406583749,0.192994801861237,-0.100217238276,-1.0314422950004,-0.33280074233434,-0.5245573811349,-0.51977584726501
1568,18326,"s057","m3",-0.283838258728619,0.344412555897887,-0.15629710642324,-1.12653848076539,-0.529733682111548,0.0419593095963436,-0.273772012755328
1569,18329,"s057","m3",-0.242447538292109,0.192629472797277,-0.0878673310916606,-1.00177928293519,-0.214089073395116,-0.286475456030561,-0.540857597140669
1570,18352,"s057","m3",-0.237664067868184,0.247204042305467,-0.133814786288693,-1.03959168178214,-0.178896885557543,-0.644019079107831,-0.187213081186323
1571,18369,"s057","m3",-0.259847184312384,0.185040582309153,-0.0612598345729126,-1.13403007903925,-0.462979873068206,-0.267254941247959,-0.236875036274984
1572,18400,"s057","m3",-0.267238170102138,0.172793220217191,-0.115520123003736,-0.983176638329972,-0.372784052035219,-0.446530847798982,-0.544775715531512
1573,18410,"s057","m3",-0.220012147546386,0.206622832574057,-0.22344781414091,-1.00798765402191,-0.346956436832959,-0.201717637376784,0.0749586111093759
1574,18441,"s057","m3",-0.332467219001957,0.144198215658357,-0.202569521580883,-1.20251036465048,-0.358569121717901,-0.473351761951463,0.365911096252079
1575,18452,"s057","m3",-0.269455894419346,0.242618445132183,-0.145744202898583,-1.12149182698329,-0.233605117203953,-0.58193428699682,-0.713643924763259
1576,18457,"s057","m3",-0.244229087329087,0.216110064164348,-0.140043722631586,-1.01021587866312,-0.293121363916273,-0.432776364472826,-0.254960615874969
1577,18476,"s057","m3",-0.265631873354347,0.317995716879237,-0.136771319428979,-1.01875845219984,-0.476884495440358,-0.172076185481583,-1.19810617718227
1578,18481,"s057","m3",-0.261915574611809,0.181198099876437,-0.174914518474415,-1.15162818942025,-0.157081688985478,-0.300189628970988,-0.0632506760427863
1579,18486,"s057","m3",-0.303914728438256,0.217128320438135,-0.15842804682652,-1.12134958938875,-0.279615170520121,-0.352098108695157,-0.552248437425793
1580,18492,"s057","m3",-0.285869646064557,0.245800397761365,-0.130786069786401,-1.03227230862187,-0.181983426787734,-0.293747751487194,-0.771586615233316
1581,18493,"s057","m3",-0.2551224577666,0.236391759537058,-0.13896510238939,-1.0373121518154,-0.274544909382611,-0.64193898544974,-0.262931679057056
1582,18505,"s057","m3",-0.34836257273511,0.297019893804089,-0.186188234469424,-0.917905092980847,-0.553308630655467,-0.202465420758231,-0.489006836545721
1583,18507,"s057","m3",-0.27054719359035,0.177608164115922,-0.233221523494173,-1.0642740888948,-0.36504476512049,-0.332634638847935,-0.21525056431009
1584,18509,"s057","m3",-0.248989697508229,0.145790311083749,-0.144362160812273,-1.19534183919286,-0.384724389184414,-0.766716521819204,0.330925793613172
1585,18560,"s057","m3",-0.269206844270438,0.277531222349296,-0.200883608212952,-1.05433742435333,-0.310163306437302,-0.316246517345773,-0.351613724145221
1586,18580,"s057","m3",-0.343849912539975,0.210188668213925,-0.264052916707731,-1.12201209721471,-0.621358847843602,-0.467197821236937,-0.925376690740299
1587,18600,"s057","m3",-0.239052169460752,0.305255272150452,-0.0737167041753945,-1.11918863164513,-0.470286262683549,-0.250589428280683,0.184584827956992
1588,18611,"s057","m3",-0.282252252865798,0.254771916427558,-0.19534693680575,-1.022022865021,-0.365387267321582,-0.280980346907458,-0.426351746880761
1589,18617,"s057","m3",-0.191200018261184,0.367079296342797,-0.13697889707228,-1.01925283036517,-0.168541168716522,-0.291413005374485,-0.850639885206112
1590,18623,"s057","m3",-0.161496904263666,0.246597256167242,-0.0711761111132917,-0.926383100697608,-0.330922077839071,-0.446289116715962,-1.72453148626941
1591,18644,"s057","m3",-0.185962493477053,0.171131903945905,0.016981378646197,-1.00708537940667,-0.149031600683633,-0.188511895156548,-0.0159873309487987
1592,18655,"s057","m3",-0.159305741672809,0.305609926217876,-0.109877766660169,-1.03532064224329,-0.257024238433825,-0.221840021179092,-0.662610949520214
1593,18665,"s057","m3",-0.192586690246528,0.308043005434316,-0.0543965827535375,-0.98834464893802,-0.0718584036843634,-0.363664900239293,-0.550163898900758
1594,18688,"s057","m3",-0.336293388777046,0.168177277940209,-0.0903595200824578,-1.09082312666095,-0.604204298245066,-0.436176710505773,0.255880175710402
1595,18691,"s057","m3",-0.2111602368801,0.270623488082995,-0.187436287861549,-1.02727623402433,-0.348551575516829,-0.554335726018597,-0.786241411398708
1596,18714,"s057","m3",-0.379424141589196,0.196023263478852,-0.126503115156475,-1.13652717105755,-0.549907786887879,-0.553941469298383,0.562264595485627
1597,18736,"s057","m3",-0.29329902235572,0.22959091399458,-0.0159797402180196,-1.1348617108563,-0.156266777483584,-0.44525807135616,0.165881817638557
1598,18761,"s057","m3",-0.329187333628665,0.222281019274215,-0.111976143372166,-1.05803984655874,-0.467434713854458,-0.145163252863265,0.44590319885196
1599,18770,"s057","m3",-0.322083822937396,0.210842780491322,-0.00260498139573154,-1.01518963304548,-0.37831100836416,-0.343834772382413,-0.918109801916992
1600,18774,"s057","m3",-0.374269913927991,0.263863959759548,-0.162267491172547,-1.19407182607938,-0.351149607753667,-0.386347432495148,0.551224979724252
1601,18776,"s057","m3",-0.267720230902227,0.202408218663764,-0.130106808325907,-1.0615635927256,-0.177455106176287,-0.510875351947529,0.0280199529579853
1602,18777,"s057","m3",-0.232462143752858,0.180623200064053,-0.136584291593453,-1.07362477304831,-0.316807255901222,-0.273875494708979,-1.50031519086075
1603,18793,"s057","m3",-0.294097202041828,0.207649824732503,-0.07588371991168,-1.09135064402114,-0.238870156966406,-0.480052637193045,-0.457241910919377
1604,18835,"s057","m3",-0.369332918821689,0.174647132497875,-0.0722240088171573,-1.01991799446824,-0.524565037251883,-0.343247482490813,-0.0823629692601028
1605,18866,"s057","m3",-0.338060123105386,0.252153119197272,-0.252146716970812,-1.03028570754389,-0.385793504386009,-0.349124755400384,0.2428526545484
1606,18874,"s057","m3",-0.311638601030914,0.281807554853988,-0.22701218601137,-1.0456465826286,-0.403700344935288,-0.0259965400621227,-0.40599330354091
1607,18880,"s057","m3",-0.311367596288654,0.274335064510873,-0.152069919684612,-1.04965018239123,-0.664666139719285,-0.193563623137464,-0.52985025216843
1608,18893,"s057","m3",-0.29451606641672,0.300342769914729,-0.125703936486608,-1.02117938872293,-0.271737532040044,-0.206243227130329,-0.428679048825097
1609,18895,"s057","m3",-0.257365990715386,0.254319544065163,-0.0415852893539107,-1.03977561379987,-0.16717116534051,-0.351652356771532,-0.0150606332818117
1610,18897,"s057","m3",-0.367156036989841,0.26624510060151,-0.0407589375522927,-1.0559685032202,-0.331770342079971,-0.255132429691591,-0.160585856311209
1611,18908,"s057","m3",-0.343753411237401,0.175222025438537,-0.0925401141472684,-1.09074455116359,-0.390907534778791,-0.396709296324505,0.268006094746099
1612,18929,"s057","m3",-0.269970303076397,0.196023268240951,-0.156804024686174,-1.0695810134484,-0.243363937692793,-0.514087621663379,-0.33845358205069
1613,18959,"s057","m3",-0.266027778339454,0.245627066721265,-0.176825238408906,-0.959834507168321,-0.312014805533002,-0.150224499403287,-1.58102546121723
1614,19002,"s057","m3",-0.191867300100553,0.158775558545257,-0.102578842202745,-1.0227589774941,-0.0727914230198748,-0.225232345459976,-0.824614372991004
1615,19023,"s057","m3",-0.266738524475201,0.261842697145643,-0.136543673604328,-0.920474516489307,-0.537505344834792,-0.179178498600785,-1.10256501715777
1616,19029,"s057","m3",-0.317793800425237,0.264881938478363,-0.122685090202747,-1.01048685279805,-0.356304084825111,-0.380040570935521,-0.311667065903956
1617,19046,"s057","m3",-0.252484305622395,0.258396680310132,-0.225620368649383,-1.08106382149316,-0.364733709273461,-0.17147465224902,-1.05825871703501
1618,19083,"s057","m3",-0.269584349619478,0.279843692435814,-0.129409974562195,-1.1481269265679,-0.371152413921325,-0.411955080550576,-0.147956984779223
1619,19091,"s057","m3",-0.31523201781621,0.338182022348794,-0.168290617052288,-1.02961927823011,-0.34885959158486,-0.40830009832047,-0.497927652170051
1620,19112,"s057","m3",-0.262975584244283,0.24689045612948,-0.0616225342200634,-1.07288192786645,-0.213669501481892,-0.359007187238113,-0.624402099582956
1621,19122,"s057","m3",-0.247137689095564,0.203323216298962,-0.0304878412941858,-0.988397553318612,-0.406536849676969,-0.735025053707767,-1.04697066906495
1622,19125,"s057","m3",-0.285732824255244,0.252824872061755,-0.135489186271578,-1.05030025947354,-0.3868457861072,-0.258104698363936,-0.220262175031301
1623,19146,"s057","m3",-0.365278996628806,0.2632612759997,-0.216270138363517,-1.03807746397044,-0.262378562491755,-0.550863208943521,-0.561137951838147
1624,19154,"s057","m3",-0.142897250335391,0.282305227751526,-0.0519429787326034,-1.04155034581648,-0.106291670163018,-0.157625776072608,-0.289955179512866
1625,19157,"s057","m3",-0.31868315457794,0.165977114384773,-0.106367641789694,-1.1228119117551,-0.555777939363819,-0.712643736018788,-0.455017668860397
1626,19163,"s057","m3",-0.375657057487167,0.252129987385986,-0.0537555549483892,-1.17345130553294,-0.429878468647597,-0.381045716829991,0.181472259494877
1627,19206,"s057","m3",-0.214024672559698,0.156742650162279,-0.176655017387129,-1.06028254115229,-0.369165246849384,-0.396820855739392,0.0431656727410827
1628,19216,"s057","m3",-0.306323240004487,0.277216962068861,0.000589837496227565,-1.02123874992924,-0.242623265305536,-0.118158958683753,-0.364513960015091
1629,19220,"s057","m3",-0.230487970788222,0.268129381731798,-0.0327617393323922,-0.995464095480092,-0.159150871808212,-0.262016678870819,-0.282256506615868
1630,19226,"s057","m3",-0.306075637806211,0.260637893263088,-0.0795776386226734,-1.07389216404995,-0.314559918839445,-0.314065517886411,0.504097476359076
1631,19233,"s057","m3",-0.31921898468612,0.268583879350139,-0.148778595359174,-1.05368940613563,-0.492861988796868,-0.377440984537059,-0.0454859341539812
1632,19237,"s057","m3",-0.395423626592268,0.229974911311364,-0.255094816784315,-1.06538044958061,-0.63007178133725,-0.324747382442282,-0.385657049722523
1633,19241,"s057","m3",-0.196344530815033,0.189114290948484,-0.176764499613467,-0.960751667062375,-0.361015813260798,-0.454121166894086,-1.33287958765879
1634,19244,"s057","m3",-0.197006967887221,0.368891809721207,-0.164980412725499,-0.902818884567387,-0.226831788952717,-0.097763524540955,-0.400485298939966
1635,19249,"s057","m3",-0.365695656323032,0.195326280606325,-0.316303242557734,-1.02944031143823,-0.511260216345326,-0.385567430494564,-0.3510189034108
1636,19262,"s057","m3",-0.283295816294291,0.215164450080456,-0.103502971942522,-1.11783584332547,-0.411346944453282,-0.632120378148556,-0.203434024125437
1637,19263,"s057","m3",-0.235194099236189,0.132354304785586,0.0182785811406745,-1.029838322731,-0.241055103941354,-0.3984164493438,-0.690292540442951
1638,19264,"s057","m3",-0.249411944230204,0.217906320546049,-0.182821427146118,-0.953514261173064,-0.370754865143734,-0.301594635858074,-1.80203743187724
1639,19265,"s057","m3",-0.25579164854846,0.297908273872006,-0.223390839550814,-1.05664188633694,-0.392269488376485,-0.187408098021339,0.205749358188628
1640,19268,"s057","m3",-0.237520102460279,0.3478424552167,-0.226416723861827,-1.01432708309681,-0.391355689089328,-0.311418307433877,-0.423613258051708
1641,19274,"s057","m3",-0.232972940941421,0.218068676149882,-0.123690513859829,-1.07363007706628,-0.254152412051783,-0.654228893688289,-0.329305076194433
1642,19311,"s057","m3",-0.332749000155332,0.0847154422168339,-0.131438554385942,-1.03597188520995,-0.421296819466532,-0.447350132080735,0.0231608404846281
1643,19316,"s057","m3",-0.249142100656593,0.115569739687096,-0.212337255100902,-0.937025328437093,-0.319978906251166,-0.626759052208899,-0.315392484777754
1644,19317,"s057","m3",-0.289318587434607,0.349926755834991,-0.131934123584543,-0.968091096391687,-0.540067757903606,-0.307449312795864,-0.795937830178067
1645,19323,"s057","m3",-0.259923083196163,0.154602619580797,-0.123513536615257,-1.06477093046438,-0.0989811490861999,-0.299264751002213,-0.0938446432763175
1646,19325,"s057","m3",-0.156758508432813,0.202144210972797,-0.0999247639550372,-1.01669226875432,-0.137537968397778,-0.232218689326146,-0.336371866604263
1647,19329,"s057","m3",-0.178861671159184,0.197486596008907,-0.140514401717528,-1.13962237952833,-0.10795128236067,-0.449932449509265,-0.233709802660161
1648,19339,"s057","m3",-0.254130034190714,0.280590841349339,-0.13012392797318,-1.01401221043979,-0.259647639381143,-0.369621595252253,-0.649727502342083
1649,19348,"s057","m3",-0.3083327235141,0.203131941197391,-0.127094372525548,-0.958174308132872,-0.36964730219517,-0.423837111147306,-0.826191875744916
1650,19351,"s057","m3",-0.229170131580005,0.280549057576271,-0.130285327831205,-1.07567550403336,-0.347085769848607,-0.286880765555013,0.204420932783279
1651,19366,"s057","m3",-0.282777772890277,0.0553041732240307,-0.274440336944481,-1.16608176532157,-0.296174693151992,-0.699366881046762,0.795492456202343
1652,19373,"s057","m3",-0.278318935241534,0.186369355880493,-0.0827848776675576,-1.03347354476551,-0.173468945578457,-0.25790933791256,-0.977530631413041
1653,19387,"s057","m3",-0.245335971222396,0.209591918356629,-0.177315244828597,-1.12650711698635,-0.239270548756622,-0.426339268794361,0.219672715676021
1654,19392,"s057","m3",-0.305364998552142,0.266098641830427,-0.110557921473749,-0.996912493887289,-0.17599707290652,-0.263490614661853,-0.644838033859155
1655,19408,"s057","m3",-0.173107493085491,0.262368404644182,-0.007598991415221,-0.943746950256981,-0.0912847257169283,-0.230949907464008,-0.789126371212013
1656,19414,"s057","m3",-0.189074504370113,0.169719438772538,-0.168092631009592,-1.09921986369793,-0.0730942484269417,-0.539413912983485,0.212045327732624
1657,19422,"s057","m3",-0.224512281901308,0.319141780149103,-0.0321253384784684,-1.16053671164089,-0.291562797448473,-0.393696356306249,0.140854335321189
1658,19429,"s057","m3",-0.287204861552696,0.129115627600007,-0.143604822356376,-1.14907222007839,-0.197740608185596,-0.357931511813236,-0.0533703794487557
1659,19437,"s057","m3",-0.248397659947104,0.215886728662068,-0.102101436069667,-0.942318718146943,-0.195796071476427,-0.0618810779896138,-0.717272081386093
1660,19450,"s057","m3",-0.363298599288419,0.212339403353511,-0.16798543069568,-1.14680993208831,-0.624945044297543,-0.349359482664742,0.0675187550204036
1661,19459,"s057","m3",-0.346150548749736,0.256912923682576,-0.174559023600306,-1.04126288773946,-0.472502251034663,-0.304173624149395,-0.124450175723949
1662,19461,"s057","m3",-0.354943268417093,0.2329552256561,-0.139240302416817,-1.1055811910158,-0.417023747535859,-0.309742515724734,-0.381939383409348
1663,19468,"s057","m3",-0.257425360995122,0.114422251812963,-0.154066497116214,-1.11497774029856,-0.528918130714924,-0.615840768028095,-0.122733993827727
1664,19475,"s057","m3",-0.331006802054141,0.206704514902774,-0.0848096269113039,-1.08250734006231,-0.310065107188582,-0.194836942930707,-0.649822930195143
1665,19505,"s057","m3",-0.240009321953622,0.207950790326532,-0.273668451210105,-1.10033650338618,-0.386705705118211,-0.402299785253443,0.304969018479045
1666,19514,"s057","m3",-0.227778494981283,0.27487640213947,-0.142762701940827,-0.954094876390194,-0.106376390544466,-0.12838896458146,-0.84309596242373
1667,19515,"s057","m3",-0.229879679192794,0.246126791948902,-0.0442326318472932,-1.0439448591413,-0.213799814120811,-0.301192303615274,-1.03273110921229
1668,19540,"s057","m3",-0.303664519560053,0.207806643756939,-0.144585230692101,-1.08142031424113,-0.291457792999447,-0.313613840929415,0.0107644031549228
1669,19568,"s057","m3",-0.225339244316513,0.236376066752441,-0.252162534821383,-1.0480652102559,-0.167266990876238,-0.329386309940899,-0.563841151135823
1670,19585,"s057","m3",-0.238409473519049,0.300788609455389,-0.171497037146106,-1.10554803313212,-0.243559250215411,-0.122409871169023,-0.148031197783088
1671,19605,"s057","m3",-0.233304072868816,0.260114484480284,-0.053764280286337,-1.01814093168144,-0.247952154804053,-0.583535476532918,-1.09606549386998
1672,19615,"s057","m3",-0.239949829858725,0.0988446290567138,-0.165006236310138,-1.02484648715628,-0.409356182374521,-0.374652338892745,-0.230738056897557
1673,19620,"s057","m3",-0.315027720992385,0.230174989919569,-0.169351018896952,-1.10713580044282,-0.485917063080756,-0.18834084909863,-0.042645654138759
1674,19623,"s057","m3",-0.282522984474053,0.198926216978844,-0.0798529755708214,-1.05825077930759,-0.418101966179725,-0.423013569613796,-0.195081080792565
1675,19634,"s057","m3",-0.235644752933301,0.165800198688929,-0.185449942174469,-1.04472666022316,-0.284719194300216,-0.64375326243702,-0.0816897911399555
1676,19635,"s057","m3",-0.290223167487237,0.246428569367133,-0.233690635314079,-1.15811106414606,-0.535866315471962,-0.438387276915795,-0.175692350331206
1677,19636,"s057","m3",-0.30385909787231,0.220100536284385,-0.118306894464458,-1.12254653124539,-0.314454192113855,-0.438990499376781,-0.404499138593038
1678,19637,"s057","m3",-0.187170332421359,0.287513634420201,-0.214576949768687,-1.02423316977852,-0.198636575021886,-0.265947282553296,-0.636375438760542
1679,19659,"s057","m3",-0.299475396934025,0.101779923707976,-0.0888600836432311,-1.1421586009192,-0.397747470372504,-0.567884958460015,-0.0414605745587513
1680,19665,"s057","m3",-0.196710317192585,0.176388153198191,-0.102550777271778,-0.917654520502792,-0.236125367972104,-0.228356707703343,-1.32087105324513
1681,19671,"s057","m3",-0.218055853913778,0.276788151158346,0.0111657218605076,-1.06138170501023,-0.197350803959025,-0.164714690547212,-0.703886693699418
1682,19695,"s057","m3",-0.286540516697058,0.180728071272199,-0.245535771163586,-1.0833320859456,-0.283281368931994,-0.254745175864025,-1.06823307821013
1683,19698,"s057","m3",-0.204962700835524,0.136857720155274,-0.177339443714847,-1.12132443788667,-0.48469110588769,-0.603962933475127,-0.186556394195424
1684,19703,"s057","m3",-0.320613968988868,0.23599050181954,-0.15349213028234,-1.11083315975394,-0.229769551040561,-0.386353384180615,-0.394824728016692
1685,19706,"s057","m3",-0.381784503379118,0.191747525269135,-0.139490930005834,-1.2585579205852,-0.597133023520535,-0.543024443438683,0.275233305601376
1686,19707,"s057","m3",-0.347915165052807,0.13724868848775,-0.161295185270103,-1.23000205997834,-0.59869436219886,-0.681879107303898,1.15139369876792
1687,19712,"s057","m3",-0.396817707191645,0.185129655724629,-0.259638952895034,-1.32242053088017,-0.739035070187708,-0.442331423012884,0.765066853663358
1688,19716,"s057","m3",-0.325833368386478,0.221997126491162,-0.117772437374877,-1.09092085251824,-0.323761095842816,-0.157960840320256,-0.469007427323358
1689,19721,"s057","m3",-0.296774828651555,0.254171811309696,-0.222688484553969,-1.15336529253078,-0.337827908180067,-0.417504566360966,0.747208844082841
1690,19732,"s057","m3",-0.30634613283337,0.173263386271253,-0.246919940857942,-1.12229690427146,-0.259470702558516,-0.400569159576156,0.134096159728155
1691,19733,"s057","m3",-0.182913805672337,0.216208322500394,-0.123299849001673,-1.03002977402096,-0.138660437247755,-0.259571197790863,-0.569730537058757
1692,19760,"s057","m3",-0.251520046728637,0.150942383541129,-0.152095002807422,-1.05019592880538,-0.428386514049498,-0.605819267427238,-0.838346024310172
1693,19793,"s057","m3",-0.372004206211239,0.130747669643923,-0.16599094708539,-0.96967529286787,-0.493343000553051,-0.28297401330585,-0.919181868790218
1694,19795,"s057","m3",-0.380272668891966,0.200485354376557,-0.176311285368034,-1.16188374197672,-0.485981079279032,-0.322577704981314,0.164745636362539
1695,19799,"s057","m3",-0.269868101149505,0.123307890806545,-0.158844407076018,-1.11681816079641,-0.440212209100939,-0.348090651520252,0.191499739412547
1696,19812,"s057","m3",-0.42681798069048,0.359944763603877,-0.1128114009106,-1.08174625421859,-0.434597354729509,-0.246864283960663,-0.510318432099749
1697,19831,"s057","m3",-0.297678278005666,0.206450219992408,-0.164560516540067,-0.98157647976084,-0.279723770763787,-0.255714926499732,-0.901139734664186
1698,19847,"s057","m3",-0.130774267387281,0.272891363658829,-0.121067214794709,-0.955651158615233,-0.214608725481317,-0.361150575798402,-1.00784166040918
1699,19855,"s057","m3",-0.229634852236803,0.262826563811759,-0.237536894117565,-1.17101564871356,-0.0918686340749292,-0.208575614514531,0.0427346690132243
1700,19861,"s057","m3",-0.330537422594235,0.222714416882542,-0.0374648519467564,-1.10520625881822,-0.272233515806079,-0.237208259163574,0.315858491373601
1701,19872,"s057","m3",-0.360596293746541,0.239282951913529,-0.243817484835698,-0.928020161042728,-0.588388221713826,-0.121678879484293,0.0473200527208978
1702,19911,"s057","m3",-0.295620324186821,0.196015725757122,-0.156587505157223,-0.977932940156767,-0.276046165600906,-0.378100730496814,-0.906183287225028
1703,19914,"s057","m3",-0.250141660353787,0.29380893425074,-0.183780210628213,-1.02588218321739,-0.241735830757315,-0.350945835079967,-0.159624314184492
1704,19925,"s057","m3",-0.284959908402513,0.224690472063671,-0.164732476923104,-1.11967578476895,-0.273362242925007,-0.322192609170315,-0.3471376107565
1705,19957,"s057","m3",-0.309530515494136,0.206257127675888,-0.187685995326121,-1.22331376204572,-0.425062886823861,-0.457209131281681,0.788139185716424
1706,19992,"s057","m3",-0.205373256444534,0.110777805116557,-0.070709625013224,-1.02208529624922,-0.188647757364797,-0.624705527768496,-0.297315412666843
1707,19996,"s057","m3",-0.302979971520417,0.166629779640464,-0.128241277965513,-1.05427471479342,-0.223037879316864,-0.102163924576869,-0.425912709180816
1708,19997,"s057","m3",-0.244216979388752,0.24811669166693,-0.130512078569749,-1.05760691452245,-0.282783139102449,-0.185187233909379,-1.1041663014514
1709,20000,"s057","m3",-0.232139700157885,0.226331309512265,-0.112494821248322,-1.15903243931204,-0.282538152141252,-0.335760038850268,-0.126686552475369
1710,20003,"s057","m3",-0.371422768515501,0.146252064342662,-0.165186654227534,-1.27578874844293,-0.538600925683914,-0.441777968911565,0.470257129660721
1711,20029,"s057","m3",-0.24249191191222,0.257663271971716,-0.0689823941034853,-0.996651802984532,-0.118620848240107,-0.146683765409332,-0.994516760507337
1712,20030,"s057","m3",-0.224150965719561,0.300315461988212,-0.00772454518626093,-0.954868775875812,-0.347771165742384,-0.187904036137924,-0.125107006749999
1713,20039,"s057","m3",-0.247740915298723,0.221697807888998,-0.0781005097560082,-1.02708831266717,-0.0672960605856416,-0.337580736772471,-1.10199133644833
1714,20044,"s057","m3",-0.315476060148932,0.332507819013258,-0.0692981164892876,-1.00274049441756,-0.381785413545487,-0.223412170889618,-0.806288046093679
1715,20053,"s057","m3",-0.211098205632891,0.231220697618084,-0.129577897439609,-1.01817579442431,-0.356766613461584,-0.143463304426199,-0.530569744591502
1716,20055,"s057","m3",-0.202602887169813,0.234063654299585,-0.141168618081345,-1.02549625383186,-0.274811521270097,-0.380757495221431,-1.23819470035738
1717,20061,"s057","m3",-0.247603480542828,0.157446184167945,-0.127570327216585,-1.04584913597777,-0.303879452129987,-0.416236878876207,-0.404097727194129
1718,20070,"s057","m3",-0.235501984212189,0.160954223440813,0.021550412802359,-1.05609639581612,-0.205579508069228,-0.300831053039335,-0.204056854669496
1719,20086,"s057","m3",-0.241907200078752,0.335132016167477,-0.105029641581463,-1.05155838797822,-0.206777062595835,-0.151127959515476,-0.556011999552099
1720,20111,"s057","m3",-0.205683943645654,0.224828825671032,-0.0582254160949304,-1.10306531133256,-0.0288192470849285,-0.208740578130106,-0.326563904905268
1721,20116,"s057","m3",-0.307100693461306,0.25202729425617,-0.10878064567842,-1.10626971863475,-0.448239439043822,-0.412836727333797,-0.240800291905374
1722,20144,"s057","m3",-0.249044205654568,0.270907275241231,-0.168347713185601,-1.1171262924896,-0.294540618269573,-0.479744506383274,0.198424175641399
1723,20156,"s057","m3",-0.256048028522775,0.177420523266103,-0.155847179871956,-1.18521352678384,-0.233178291766905,-0.529062856880428,0.533249159783415
1724,20158,"s057","m3",-0.323752465341282,0.221709825468914,-0.236995536829792,-1.22973667781568,-0.373629922769368,-0.327621110627991,0.394664983316845
1725,20159,"s057","m3",-0.334620999743761,0.261298964141442,-0.131690751719156,-1.0983879644398,-0.44063894404573,-0.333932864099029,0.0261676461600441
1726,20173,"s057","m3",-0.301702088787973,0.197981217072909,-0.139892400013192,-1.06977494458575,-0.299732256723975,-0.158699998375125,-0.00628203391979541
1727,20209,"s057","m3",-0.233027308433296,0.148378159860413,-0.186045695840395,-1.14042101081496,-0.238751090152229,-0.916135062733518,0.133546117046049
1728,20210,"s057","m3",-0.246155094962924,0.115306468747065,-0.0838617726050174,-1.10918553962457,-0.377796903106327,-0.6525784923468,-0.0547957176342495
1729,20211,"s057","m3",-0.229399564954123,0.0881744125852033,-0.112292752400345,-1.14468080914633,-0.215397706439789,-0.848116216862292,0.30367308774067
1730,20249,"s057","m3",-0.296106655910699,0.254572127315749,0.00102968455001869,-1.11076120794378,-0.377961818507455,-0.421834063732288,-0.67935703394915
1731,20262,"s057","m3",-0.343032613701208,0.18121385013781,-0.203145354127174,-1.04363308116952,-0.406971394718769,-0.370488086562799,0.00671041833916739
1732,20266,"s057","m3",-0.258655702433904,0.14322658274231,-0.240980108145925,-1.0994644690984,-0.320066937179606,-0.482636926700514,0.029640497324163
1733,20274,"s057","m3",-0.238359424925926,0.132267232552159,-0.0573753969747757,-0.980820770511418,-0.165946588528688,-0.692909702378706,-1.28715273270744
1734,20295,"s057","m3",-0.257578029204145,0.234075073828378,-0.177939089782881,-1.03066380072853,-0.43557925947324,-0.160978273201142,0.318089719949791
1735,20297,"s057","m3",-0.366015506688361,0.238503891398209,-0.129632429501698,-1.15943588053713,-0.357601780714143,-0.22510438471502,0.265458635985987
1736,20305,"s057","m3",-0.34101749070159,0.260635261900733,-0.0842958272343704,-1.11594738174652,-0.351298549376243,-0.36573797399031,0.407180164515958
1737,20314,"s057","m3",-0.203090132403083,0.299011076299441,-0.0134669800706748,-1.06023174506097,-0.194778668575677,-0.432538401446173,-0.091374617577305
1738,20330,"s057","m3",-0.201651275336531,0.15958322564045,-0.154540714590416,-1.02815731070562,-0.34778334993532,-0.434134245937454,-0.217135075399568
1739,20342,"s057","m3",-0.36231769591641,0.223691758000463,-0.107464509540389,-1.1583575470296,-0.320850528288249,-0.349620517621642,0.203628636710996
1740,20379,"s057","m3",-0.25738742509755,0.226467707926252,-0.136097150420215,-1.01464654742324,-0.504747951807238,-0.531691155009151,-1.03460121235316
1741,20382,"s057","m3",-0.227828235985749,0.190645912842769,-0.211068838458559,-1.22450985852986,-0.472734386012904,-0.568529756132776,0.308418495814734
1742,20383,"s057","m3",-0.288115224392659,0.2082145828098,-0.100438613509268,-1.05621416017074,-0.148922357570559,-0.58187206994009,-0.934319353396935
1743,20386,"s057","m3",-0.224304681966858,0.287746878896021,-0.0457970086847973,-0.976869834778971,-0.406323840013634,-0.209909372003517,-1.4752720145115
1744,20414,"s057","m3",-0.394305096068754,0.299327100097597,-0.183130583556747,-1.14343956735564,-0.492073444275014,-0.467471487606867,-0.0487320920981416
1745,20422,"s057","m3",-0.203651026372857,0.274880106230144,-0.164839896553858,-1.14966754120479,-0.306308807030135,-0.404266071003422,-0.0176758459830923
1746,20430,"s057","m3",-0.251277193346032,0.305173546744443,-0.162038968656057,-1.02364779791876,-0.284217581999248,-0.209042312337703,-0.579246445660557
1747,20449,"s057","m3",-0.149367401394736,0.323453716035546,-0.0727547940762154,-0.947657003952644,-0.196111395369909,-0.232295742803897,-1.55286161239715
1748,20476,"s057","m3",-0.290753873236968,0.314341822137447,-0.0767773745803115,-0.968176864073428,-0.450725444296149,-0.317303274854301,-1.01156933609713
1749,20486,"s057","m3",-0.177966475712744,0.198243629322483,-0.0304475089694181,-1.12138977467186,-0.144619668726949,-0.458719126069154,-0.534361498916605
1750,20491,"s057","m3",-0.238083255351001,0.204760121665781,-0.0799053389909566,-1.22164296168075,-0.234340561485654,-0.552894114807061,0.434844119898677
1751,20494,"s057","m3",-0.302473852500236,0.193026490714846,-0.173803570513376,-1.04446912356798,-0.535973022259831,-0.383231782619274,0.324896634036276
1752,20495,"s057","m3",-0.292380622798947,0.13553453368578,-0.158164554438522,-1.14310772173242,-0.462854317100117,-0.518467822090844,0.178241637434937
1753,20503,"s057","m3",-0.388745575846005,0.182799663506838,-0.138103993917919,-1.14962444729726,-0.232956278776918,-0.342591725395974,0.320501745830461
1754,20505,"s057","m3",-0.186776352645551,0.148249648489116,-0.165761574355068,-0.971038047024961,-0.298168935678165,-0.484913586712456,-1.19384198011917
1755,20521,"s057","m3",-0.378105751890758,0.115590106240783,-0.226691209625183,-1.18742707384979,-0.201795494786112,-0.585559188179569,0.472723132212811
1756,20522,"s057","m3",-0.386886721842534,0.260093528121741,-0.185999408320251,-1.11451271557904,-0.607554668784663,-0.447232369064148,-0.258236382431797
1757,20529,"s057","m3",-0.291688040300822,0.18480842574107,-0.150234707038291,-1.17896496252206,-0.303578706574082,-0.520385299338795,0.0557684785768985
1758,20538,"s057","m3",-0.258810615174846,0.244743682369668,-0.0685693156807042,-1.09973567481857,-0.324659248752611,-0.177322724319899,-0.545472894739947
1759,20540,"s057","m3",-0.328222928823716,0.232354751475499,-0.107224182526874,-0.9625510021978,-0.353724910407405,-0.507702811037416,-0.460502662058708
1760,20548,"s057","m3",-0.301314721525294,0.304188265556333,-0.178125649315997,-1.07277082856491,-0.241026771781256,-0.464288989076404,-1.16784658121215
1761,20563,"s057","m3",-0.13889284376671,0.298594654604348,0.0888458150856295,-1.02964847278994,-0.053751306973143,-0.32839438904955,-1.04463077461939
1762,20599,"s057","m3",-0.26502324897519,0.146143429829778,-0.0778660349386775,-1.01220255660203,-0.292525418525385,-0.390484459288632,-0.446100743808797
1763,20608,"s057","m3",-0.308619350977447,0.158056757293834,-0.082585115711281,-1.00715628508035,-0.32022929053421,-0.526767025760869,-0.721593974123787
1764,20611,"s057","m3",-0.142177083079185,0.331553132080905,-0.205411760173155,-1.02563629070489,-0.200402380327414,-0.428760462477546,-1.15151586445464
1765,20623,"s057","m3",-0.251524967246692,0.233420271188411,-0.157707285279926,-1.06633895330179,-0.291728668494822,-0.434303252275733,0.192269276767285
1766,20646,"s057","m3",-0.32105349389234,0.0739741440352387,-0.0676675209737176,-1.16802469448232,-0.375465538857402,-0.581627281885492,0.403872088044855
1767,20654,"s057","m3",-0.269034431341265,0.217999178304064,-0.120155407733743,-1.02183615921165,-0.413703304113695,-0.534536613143713,-1.04749895131662
1768,20660,"s057","m3",-0.211532931375332,0.25714949715041,-0.0777826475639851,-1.05616184979073,-0.259559695265196,-0.340729872266236,-0.696320208507862
1769,20667,"s057","m3",-0.27390396559058,0.283230819354887,-0.165883817459588,-1.13787899753172,-0.338953496368815,-0.389736337396427,-0.387665785652992
1770,20678,"s057","m3",-0.256263412131912,0.249642548816383,-0.12634254404358,-1.06045790538489,-0.24846275518785,-0.152018042662542,-0.878998698539273
1771,20681,"s057","m3",-0.223419501104588,0.243800579999885,-0.19862199864126,-1.04055908802998,-0.12496946867411,-0.300854654376542,-0.522032790178306
1772,20712,"s057","m3",-0.32520808116877,0.221205148079656,-0.127754194963407,-0.966395861906634,-0.628936569786603,-0.323228820175944,-1.16392757492692
1773,20723,"s057","m3",-0.227973733575942,0.30149655426862,-0.063855229885958,-1.00264028591761,-0.128082678281292,-0.0807799674154118,-1.13582951336608
1774,20724,"s057","m3",-0.25858492361944,0.181254145890377,-0.154040677263829,-1.23236107701726,-0.247234116309318,-0.534506232997543,-0.445105567235164
1775,20736,"s057","m3",-0.239874034062793,0.164708712443473,-0.182398537501796,-1.18071490270104,-0.270847825140356,-0.487785904541259,0.762754522111902
1776,20740,"s057","m3",-0.39391891189418,0.162327374449161,-0.219135917646395,-1.2478880892565,-0.365658989380056,-0.625724372734992,0.20407896557348
1777,20766,"s057","m3",-0.355013408597171,0.273755067141648,-0.105588519449731,-1.04509048030303,-0.475898442777288,-0.240313841014789,0.264841780485526
1778,20767,"s057","m3",-0.284726946730873,0.210306244649444,-0.0342753095232969,-1.13833605169474,-0.53816876111632,-0.467476860769167,0.0640501066536834
1779,20772,"s057","m3",-0.216145745024525,0.344559664389273,-0.132240359374248,-1.01913523551362,-0.325367603451195,-0.302039928411908,-0.921715235685303
1780,20780,"s057","m3",-0.22363237533304,0.263414252715985,-0.195455591424176,-0.973520199425226,-0.3341858329073,-0.164032563935171,-1.25792412669993
1781,20787,"s057","m3",-0.287131882254477,0.281989695339915,-0.0834431973235791,-1.07336927084327,-0.224914979318979,-0.488409003882812,-0.156591524000645
1782,20789,"s057","m3",-0.186536242136167,0.273959487994739,-0.0884064896106308,-0.991484065330733,-0.190906617126896,-0.33427989034319,-0.918365227802516
1783,20800,"s057","m3",-0.35509713764211,0.294321566271288,-0.217952379510703,-1.11437725590056,-0.526124170092368,-0.288385886099967,0.27617994251093
1784,20804,"s057","m3",-0.261059696328852,0.184581135179895,-0.17375614756934,-1.03124393194458,-0.461591822810334,-0.506328977643583,-0.545112774371831
1785,20824,"s057","m3",-0.202287788798894,0.15588491768016,-0.033487695742475,-0.963572066134978,-0.187364815419884,-0.424127969239941,-0.988958648689964
1786,20828,"s057","m3",-0.265997063037028,0.214392009982085,-0.159390069995871,-1.21089243189204,-0.330854221482389,-0.440465863210729,-0.184315646267949
1787,20833,"s057","m3",-0.233465691112215,0.130956639304831,-0.15902663441089,-1.0342129918818,-0.407666950937281,-0.383637729967269,-0.35874545932027
1788,20842,"s057","m3",-0.194022040095892,0.228765658664379,-0.144503619221675,-0.95891048254227,-0.216999856967894,-0.266618826353006,-0.729292209143488
1789,20855,"s057","m3",-0.280037835678309,0.144239642028929,-0.121718228793745,-1.1453145192517,-0.407791957122229,-0.772018291921623,0.123954480524859
1790,20857,"s057","m3",-0.261363462142355,0.252160160215915,-0.178153640008714,-1.10144022301868,-0.259903622085341,-0.238253894590808,0.140495014475142
1791,20858,"s057","m3",-0.197030845842209,0.290125982435097,0.0436661975323135,-0.947069395044247,-0.0468871770657242,-0.212410057939804,-1.15821819732423
1792,20862,"s057","m3",-0.301662799306905,0.202103482217047,-0.0161885610374577,-1.04293959496005,-0.409969567738566,-0.429979510210248,-0.0142912966099329
1793,20865,"s057","m3",-0.320704456193761,0.201680321980919,-0.161142219855734,-1.16567830658416,-0.399013819048767,-0.466175825255022,0.284895615133315
1794,20880,"s057","m3",-0.194338975099023,0.216960923384262,-0.173378366232785,-1.03639901155323,-0.453030543781673,-0.605143343474472,0.152969694398005
1795,20891,"s057","m3",-0.220675121323271,0.285492404024702,-0.191568212052208,-1.14949437254962,-0.207833415899226,-0.382116706121274,-0.225335012369772
1796,20892,"s057","m3",-0.292936376682823,0.289530818684287,-0.0270847472746278,-1.00181999887483,-0.264864538911822,-0.263065038704423,-0.638562781934763
1797,20948,"s057","m3",-0.268068134792719,0.143474921352388,-0.274009476425846,-1.11905268461869,-0.513511371368938,-0.528143984706974,0.178084451211195
1798,20963,"s057","m3",-0.226122303044837,0.281052828744192,-0.134047173688931,-0.962545669802246,-0.405413559658129,-0.245427204392137,-1.16964125715205
1799,20972,"s057","m3",-0.263359563189296,0.142722133874168,-0.0653356942095752,-1.14960485240738,-0.514638128796653,-0.531208756026268,0.656743089583265
1800,20974,"s057","m3",-0.201467025802421,0.264766220910926,-0.150126602435321,-1.12278104310389,-0.144046375548999,-0.297393518379007,-0.0659314100384033
1801,20976,"s057","m3",-0.266506675457823,0.19868608000874,-0.0766499283008729,-1.01641176974505,-0.587496050601085,-0.371986442394221,-0.80978907396198
1802,20980,"s057","m3",-0.241030304958031,0.37310707099191,-0.0313320569599098,-1.04865246587001,-0.160970155388665,-0.0203302294196932,-0.179440347019351
1803,20989,"s057","m3",-0.377829570434536,0.151509705235777,-0.206190609544587,-1.23723378251195,-0.534673063581416,-0.645276670307108,0.277034726092322
1804,21010,"s057","m3",-0.210311079422013,0.307160566711808,-0.131959770134007,-0.979286747373622,-0.351872842588843,-0.127596327385104,-0.605899471126007
1805,21022,"s057","m3",-0.355686291253615,0.301413411383761,-0.106536356852724,-1.04091637453307,-0.356579347879242,-0.226201319739461,-0.487230099122495
1806,21025,"s057","m3",-0.183916140405345,0.173197139021546,-0.0440205826305721,-0.962359516164795,-0.0470586168391855,-0.363393846787189,-1.46078528061072
1807,21043,"s057","m3",-0.30494819554889,0.115838258040689,-0.1906866738781,-1.20226872037789,-0.466850270848345,-0.835029390422945,0.475717916246881
1808,21047,"s057","m3",-0.280038182769784,0.205368925185859,-0.175847723583573,-0.999981027984207,-0.311334908602557,-0.377747643013358,-0.595243457707976
1809,21057,"s057","m3",-0.308332371673311,0.081598903326857,-0.162288985340947,-1.12828699661289,-0.156734943060035,-1.07739515945206,-0.307699874975819
1810,21061,"s057","m3",-0.265346268052183,0.312371020983744,-0.127811727547054,-0.980453459271682,-0.318216034051882,-0.290056119982225,-0.633686268767769
1811,21066,"s057","m3",-0.251927690154062,0.271367250251145,-0.198340813400731,-1.1311393617265,-0.169725675222226,-0.141314867250993,0.289227780019084
1812,21095,"s057","m3",-0.252238318515196,0.252429239240744,-0.0750696077944075,-1.0843012432451,-0.335113053431992,-0.318909695842076,-0.249613125417471
1813,21101,"s057","m3",-0.175381844241043,0.184106879254745,-0.0362640113292952,-1.02115765161979,-0.199913538915805,-0.383520004905672,-0.667392861231686
1814,21109,"s057","m3",-0.182436964717381,0.106786632530102,-0.0434278806689586,-1.02354187716137,-0.261628043082585,-0.556243941730791,-1.22155236271028
1815,21112,"s057","m3",-0.283604721268325,0.218756937794896,-0.208898494437103,-1.09674269010053,-0.452571407105532,-0.203997137960394,-0.320356393771402
1816,21123,"s057","m3",-0.19470382999409,0.272349592587567,-0.18939139531313,-1.05077234734874,-0.355296964206837,-0.319275429459183,-0.411341331828613
1817,21177,"s057","m3",-0.254444105123607,0.212862937595274,-0.0363407056679356,-0.996736142913351,-0.162229844186952,-0.466116853743374,-0.743348524919497
1818,21180,"s057","m3",-0.316299515749633,0.165858295148633,-0.124498049684179,-1.08718552135391,-0.449260745783609,-0.458131866425025,-0.249953168150403
1819,21184,"s057","m3",-0.32218296132991,0.291603085394466,-0.235739144421352,-0.998703668577292,-0.720791556834048,-0.454663244823305,-0.609217300204187
1820,21187,"s057","m3",-0.22224678612899,0.369432421347022,-0.0950995152039656,-0.993651950564011,-0.23402432277037,-0.353406297539325,-0.291329638603585
1821,21189,"s057","m3",-0.0905312577152269,0.155986338797365,-0.0725546063735154,-1.04066871325622,-0.0926801084673903,-0.198966294950859,-0.768676703884445
1822,21200,"s057","m3",-0.260012917492047,0.335269819064227,-0.121902284521153,-1.05447235343456,-0.169114076015814,-0.134869683352372,0.121485547580579
1823,21201,"s057","m3",-0.297910067307551,0.179159688725936,-0.208510134664763,-1.05430755399253,-0.483748974934474,-0.510122162702506,-0.559345743106974
1824,21208,"s057","m3",-0.160525134906435,0.33073815551507,-0.0386652210475477,-0.962469460676988,-0.10547442596319,-0.235997450597507,-1.32247161856041
1825,21216,"s057","m3",-0.243264313139153,0.123516349931496,-0.169452597617003,-1.13410023438787,-0.473365365602529,-0.487606300527462,-0.201823865852947
1826,21231,"s057","m3",-0.23386226529109,0.179607221361011,-0.168002168327438,-1.08850687608337,-0.399518240922474,-0.425677912761214,-0.475698108181167
1827,21242,"s057","m3",-0.319407875239671,0.348980813548726,-0.188584533127656,-1.11781931147463,-0.414258280921643,-0.207757368360393,0.320429041856541
1828,21254,"s057","m3",-0.13860541136392,0.222302297062937,-0.106625517666441,-1.07191101814675,-0.0236783833685859,-0.376602450921456,-0.764750948860225
1829,21292,"s057","m3",-0.342940398966902,0.00845519548713943,-0.149740793014102,-1.19127642688184,-0.467195415721891,-0.86107726221051,0.674890297737432
1830,21306,"s057","m3",-0.268180421046001,0.117180297614254,-0.00730759517238393,-0.992597675848706,-0.218678365031488,-0.308095631849505,-1.00097300045393
1831,21311,"s057","m3",-0.292185358351202,0.285372863847737,-0.158335324481027,-1.05468323464546,-0.46512310161934,-0.538026211464815,-0.374343025209018
1832,21329,"s057","m3",-0.211193124858552,0.193725450021699,-0.125803044737857,-1.16441074754636,-0.241901883654427,-0.192855670066373,0.05379567096736
1833,21338,"s057","m3",-0.122030086476342,0.211060753309157,-0.0916139271558054,-1.10241299655406,-0.192212440554945,-0.436574729189516,-0.671653813316089
1834,21340,"s057","m3",-0.337108911812848,0.0948779187631241,-0.211201822678542,-1.10666742334632,-0.543513483921762,-0.607518393266014,0.521418612136106
1835,21343,"s057","m3",-0.329073100638274,0.199441765551908,-0.159530531857633,-1.03223602792465,-0.124310671344019,-0.331084915862903,-0.179769631662412
1836,21355,"s057","m3",-0.218886680040238,0.237468736635004,-0.232943189458221,-1.12840660923507,-0.217584731562715,-0.550399175253669,-0.16938538851803
1837,21383,"s057","m3",-0.231566027518958,0.249203452097607,-0.20763115608026,-1.08201553342715,-0.38375145808801,-0.260617302241977,0.0667005430351534
1838,21409,"s057","m3",-0.307588806689202,0.222780173948506,-0.0728552628709192,-1.11533682436602,-0.283609139883848,-0.561678256138349,-0.765906221523884
1839,21422,"s057","m3",-0.241384410682264,0.168642931548009,-0.076481718978443,-0.970277288922314,-0.362442999124747,-0.342799222105453,-0.759385108972624
1840,21427,"s057","m3",-0.173031447882421,0.270762318892917,-0.160590219923568,-1.05785461002072,-0.373329264931356,-0.307343493169902,-0.246338673766475
1841,21468,"s057","m3",-0.284229413402149,0.260879907042246,-0.0352601797592496,-1.10039856696555,-0.149109293075043,-0.550135101000685,-0.0643589004239408
1842,21469,"s057","m3",-0.272446084414275,0.254374050100773,-0.0515310097594897,-1.05573836227842,-0.325129414906811,-0.265118769300885,-0.890433565060503
1843,21511,"s057","m3",-0.171786256401062,0.292930329503374,-0.0370142629610327,-1.02655617241882,-0.113441365665627,-0.287685611176982,-1.3210806393282
1844,21517,"s057","m3",-0.272633530225933,0.225749141169103,-0.0867019640711101,-1.10394593589398,-0.241563262258035,-0.669576505232654,-0.104090829982679
1845,21527,"s057","m3",-0.240349909025075,0.286478210950628,-0.214394048412491,-1.02510121738126,-0.294884763965622,-0.260839916503092,-0.367163039634805
1846,21541,"s057","m3",-0.253405584521851,0.265637127181982,-0.153754779264074,-1.07529282365627,-0.43108709369463,-0.46050025786711,-1.12504603267296
1847,21545,"s057","m3",-0.242000197110756,0.11370682440634,-0.0701472233241134,-1.08483665448706,-0.110028232612668,-0.467495680921626,-0.535081686147359
1848,21603,"s057","m3",-0.185593409884291,0.296917583621482,-0.0831894541605143,-1.05888616493475,-0.137744561658797,-0.280206695013102,-0.65976573778186
1849,21607,"s057","m3",-0.282486461490432,0.336470532388081,-0.179635604180095,-1.06324987483233,-0.142392543266094,0.104806932874275,0.181233471692378
1850,21609,"s057","m3",-0.331061036873533,0.264169098609195,-0.298374353982087,-1.11675943364088,-0.536836754065351,-0.329485648777589,0.0371360060153329
1851,21630,"s057","m3",-0.172962904506802,0.208943793867121,-0.0563451392396614,-0.903866233686435,-0.119712661849546,-0.097214368388273,-1.19535909640231
1852,21634,"s057","m3",-0.275565154876146,0.219128284684836,-0.167529687437552,-1.06437326131298,-0.458830254497487,-0.356874134102072,-0.42995117446932
1853,21643,"s057","m3",-0.228572277721425,0.183778515044314,-0.145974664034656,-1.00077687489989,-0.360067554912003,-0.336285559747664,-0.254265031286176
1854,21664,"s057","m3",-0.275303495774545,0.15272147013921,-0.0882101974239063,-1.05124695123631,-0.160675165577551,-0.380035894126408,-0.129616090072703
1855,21693,"s057","m3",-0.296261119804493,0.33005267355102,-0.162729848712101,-0.996532393891772,-0.18895409404685,-0.176120166161915,-0.292331006900426
1856,21706,"s057","m3",-0.258901516882725,0.236753244637173,-0.073518881748007,-1.11456684826398,-0.242250883033506,-0.378017515204633,0.416397960112963
1857,21721,"s057","m3",-0.265846066874628,0.251024049925011,-0.263136660263752,-1.05037596001122,-0.337086489044341,-0.142925385534971,0.0727958258320824
1858,21748,"s057","m3",-0.314169005116539,0.222880982780235,-0.0905305777734511,-1.25576559907008,-0.283999937505245,-0.433306987045222,0.533416646289221
1859,21765,"s057","m3",-0.310327914240612,0.275212528384056,-0.126973473042171,-1.01446177657756,-0.532496514477985,-0.230476945921667,0.132646452737588
1860,21773,"s057","m3",-0.177482980920819,0.183093987623933,-0.140803838261222,-1.13078154647421,-0.0129911110840845,-0.340480025644432,-0.284534589635426
1861,21778,"s057","m3",-0.249188737753776,0.245876576887164,-0.155201055285593,-1.03851775338165,-0.211720049986604,-0.285972835073543,-0.319168337618787
1862,21780,"s057","m3",-0.255225206816875,0.163314628903435,-0.145404904929883,-1.01352930848482,-0.197138124245287,-0.471667547589871,-0.60167425511337
1863,21782,"s057","m3",-0.245804688791737,0.228481106083243,-0.00307899261444838,-0.987004958212367,-0.403913174423563,-0.157928970173529,-0.955559980673163
1864,21818,"s057","m3",-0.248618993473614,0.135304278912863,-0.132314051144065,-1.24899855557286,-0.397948846251597,-0.849810857623006,0.577019483933197
1865,21824,"s057","m3",-0.279114420450129,0.249525275558391,-0.0816857377773584,-1.20841635545696,-0.29696056136993,-0.391706428665261,0.263165591329447
1866,21828,"s057","m3",-0.345242116266817,0.200167253191462,-0.195024995653599,-1.06319752037519,-0.479936222228868,-0.424454846028228,-0.128195827668261
1867,21831,"s057","m3",-0.331385590419561,0.198458954093142,-0.177219356773026,-1.07155752612109,-0.358982014601988,-0.394616017390904,-0.395676122791986
1868,21839,"s057","m3",-0.275409019638126,0.242924728184786,-0.115088524895731,-1.12315515308129,-0.222799630502507,-0.190522454462551,-0.460764945951747
1869,21842,"s057","m3",-0.291707339748069,0.181182960820827,-0.0197342528803729,-1.02870789320319,-0.341072699911112,-0.447972854211784,-1.0091650184235
1870,21847,"s057","m3",-0.26763134186084,0.190632759255513,-0.113850844774426,-1.10350277227057,-0.414018314249055,-0.364488484159415,-0.280769993498662
1871,21855,"s057","m3",-0.316534385537646,0.338707248419125,-0.173763448502668,-1.10896267340509,-0.541641706875635,-0.286163544554891,-0.00217900846610064
1872,21860,"s057","m3",-0.26458139176316,0.230288645915123,-0.143239055334389,-1.09502763929592,-0.267966610293373,-0.363978575993683,-0.390212973887746
1873,21865,"s057","m3",-0.286451107605295,0.130070266293186,-0.331018882449026,-1.10177636954707,-0.361681581152249,-0.241818271211853,0.535259078616286
1874,21875,"s057","m3",-0.256161226180608,0.310867662934594,-0.111969315029006,-1.01662379311468,-0.197831190758942,-0.241491523799419,-0.270902352097966
1875,21896,"s057","m3",-0.264212502165129,0.193577094598293,-0.0433692985937941,-1.09606737234149,-0.191263124175814,-0.229413288767225,-0.170002304096573
1876,21910,"s057","m3",-0.219855763991199,0.348581052889436,0.00116231530787049,-0.985467921950337,-0.211737174563502,-0.146784720038474,-1.59439452389322
1877,21911,"s057","m3",-0.303441390567988,0.270588186473036,-0.115269608172094,-1.08256744308115,-0.293155848671847,-0.225950486618241,0.0327167486608541
1878,21915,"s057","m3",-0.316304820556607,0.223783434821358,-0.163784805924512,-0.981302329084278,-0.370925729394311,-0.186364682083386,-0.422131314470303
1879,21966,"s057","m3",-0.320643185338378,0.271645873162051,-0.159884018290649,-1.03393453579819,-0.403027258954949,-0.141401821840651,-0.259846361623323
1880,21969,"s057","m3",-0.203968637086914,0.242696978886762,-0.0685429382722835,-1.00238468178471,-0.0966173712941601,-0.342700622758834,-1.10894649223807
1881,21987,"s057","m3",-0.274508445055922,0.208107735604124,-0.13728535719792,-1.26009601993,-0.368860785951272,-0.551199559963473,0.499134904428359
1882,22004,"s057","m3",-0.299207532277671,0.256269676288753,-0.170978626313584,-1.16261618555383,-0.282599599564746,-0.366464799337525,0.144627162290877
1883,22026,"s057","m3",-0.26924214366767,0.220156174346864,-0.175452337209483,-1.06477208979144,-0.580014228402392,-0.278480206007704,-0.673606644889863
1884,22034,"s057","m3",-0.310788790175143,0.190652259047489,-0.208910125313217,-1.1500456612194,-0.565922098029864,-0.354446502021556,-0.304799420688984
1885,22041,"s057","m3",-0.230376532049039,0.161450784288304,-0.108055833964486,-1.17242699203572,-0.26334365240234,-0.575115512736718,0.506353629626748
1886,22083,"s057","m3",-0.373079438198864,0.154040278873981,-0.000361139257493774,-1.03859925343632,-0.471139576846849,-0.433871309041692,-0.899502966969811
1887,22104,"s057","m3",-0.367323687851998,0.139762551639416,-0.163164308184023,-1.07048754879779,-0.794156400525013,-0.402084322789638,0.452206981030237
1888,22108,"s057","m3",-0.305550560358107,0.157300320083588,-0.0577512844116612,-1.00533646033565,-0.431773391376178,-0.42331938685842,-0.436501185414226
1889,22121,"s057","m3",-0.288187464032193,0.334347003448341,-0.0754044413255321,-1.01095511894124,-0.284853055994566,-0.0919381048647694,-0.34288925259668
1890,22134,"s057","m3",-0.311060591896878,0.20453518460884,-0.134691856421022,-1.05690407058803,-0.219648407653823,-0.306107440774249,-0.287149817646448
1891,22139,"s057","m3",-0.248492538408331,0.107015721840708,-0.128622955737065,-1.13471647532801,-0.227721005655222,-0.795740195700165,-0.0266164958032625
1892,22140,"s057","m3",-0.267728189579587,0.261717803344576,-0.0242748768402717,-0.9998110606065,-0.249156056643783,-0.167337711246394,-0.534394461576506
1893,22152,"s057","m3",-0.31586366732821,0.228481619322538,-0.136596473053196,-1.00148413953054,-0.464239921180673,-0.269306997395882,-0.0473645429649321
1894,22172,"s057","m3",-0.312954013277137,0.239043121332072,-0.114614280511483,-1.07053460874657,-0.274459290074821,-0.460701157606375,-0.31188588543369
1895,22178,"s057","m3",-0.198576539771615,0.203695316346155,-0.0699882407827597,-0.932106119945232,-0.0754598917010661,-0.207976403424716,-0.356348174490525
1896,22182,"s057","m3",-0.279670535126217,0.205243370253219,-0.16772046297845,-1.10756150431665,-0.449011359836857,-0.241099786573842,0.364735095822375
1897,22191,"s057","m3",-0.280845084439974,0.248120942753316,-0.19348843386251,-1.12190979937938,-0.314439372167004,-0.472456094812883,-0.17374295162034
1898,22233,"s057","m3",-0.151137148212461,0.138684299340504,-0.110521974471395,-1.08596116998749,-0.511132610464587,-0.408357422042397,-0.657227421198344
1899,22234,"s057","m3",-0.231297271077474,0.235537442897358,-0.13903328616983,-1.1084194299945,-0.433390562595072,-0.407247519795936,-0.521963729872513
1900,22244,"s057","m3",-0.380972653277701,0.268195085619757,-0.132159680959807,-0.994288490279729,-0.641733522551451,-0.336464533531766,-0.468833239525287
1901,22254,"s057","m3",-0.22883099600932,0.115972852237214,-0.1443471665797,-1.11110443700688,-0.350307032460595,-0.401018797486982,-0.418691259413145
1902,22262,"s057","m3",-0.316570021705825,0.2015257202196,-0.209467739884412,-1.10104667007419,-0.609184228030029,-0.45893953090253,-0.627796771844678
1903,22264,"s057","m3",-0.320611697347685,0.27861036446249,-0.0919332326726014,-1.09889672074496,-0.407229046871157,-0.3392017973576,-0.135622702783162
1904,22279,"s057","m3",-0.22348736603569,0.238524857699769,-0.117977658481239,-1.09110233538469,-0.18696316592402,-0.876732482179193,0.36898717677681
1905,22295,"s057","m3",-0.281833815549897,0.147039312906146,-0.157990934462151,-1.0870957489781,-0.498018372185976,-0.364744082713613,0.559616169529603
1906,22315,"s057","m3",-0.2460892213698,0.204283349487391,-0.107687160813131,-1.08394947430438,-0.283453652686443,-0.4332739651486,-0.431713046571984
1907,22321,"s057","m3",-0.236907724926911,0.289656333524742,-0.163735717576397,-1.04668147168913,-0.489222737437476,-0.108999829126664,-0.130422363043395
1908,22324,"s057","m3",-0.196637786208985,0.23924823869788,-0.0332094285071181,-1.10074824235142,-0.00776292390286479,-0.337078950348251,0.0956285251575261
1909,22346,"s057","m3",-0.290576807415967,0.205614103892339,-0.301927337084719,-0.997888919204659,-0.407106124857717,-0.358006139632337,-1.2203754895953
1910,22356,"s057","m3",-0.334187042853625,0.197898418967463,-0.0797632478368092,-1.01177188582655,-0.518390523605337,-0.35056661285975,-0.525835189837113
1911,22363,"s057","m3",-0.349219266463175,0.225810100105535,-0.118005732253679,-1.13128165557449,-0.373220684403222,-0.525724439986724,0.435522377394047
1912,22373,"s057","m3",-0.296534738449723,0.173877484385054,-0.172755090767361,-1.16303605505413,-0.389912646567269,-0.76297670344625,0.145920150425147
1913,22374,"s057","m3",-0.264014245167785,0.224517096094204,-0.171783325067297,-1.07730084793253,-0.325547463953448,-0.610389458065985,-0.498938749743188
1914,22384,"s057","m3",-0.256141823108031,0.188225665226367,-0.122352086980167,-0.949195500433825,-0.306278543591106,-0.440353312118985,-0.942579843399417
1915,22395,"s057","m3",-0.383410071600117,0.268749461429799,-0.094089165316571,-1.06292335504833,-0.333878586188532,-0.336588974884291,-0.758509795209722
1916,22423,"s057","m3",-0.251389672500788,0.233757286333536,-0.21214488681023,-1.0751970161367,-0.369448700489435,-0.386066788923847,0.11105897100075
1917,22441,"s057","m3",-0.382775617604272,0.169349070155573,-0.161392261266236,-1.15899686199621,-0.348443675429308,-0.608329788276864,0.208159543377187
1918,22448,"s057","m3",-0.314406324347464,0.2407554487741,0.00376979019666257,-1.10083866511891,-0.25848202687468,-0.56292830632568,-0.0912419900408018
1919,22451,"s057","m3",-0.26237427169222,0.233314850245302,-0.162170089554465,-1.21698355238388,-0.307779307527328,-0.431646641153559,0.284181075285212
1920,22453,"s057","m3",-0.283668799063041,0.173084405981407,-0.264794921480736,-1.05737268680095,-0.496761519350007,-0.530307101002208,-1.37349225729736
1921,22454,"s057","m3",-0.282352388172318,0.146013030682289,-0.150298739675294,-1.17072395049053,-0.416319431013931,-0.4985272485478,0.360249782374163
1922,22458,"s057","m3",-0.220255232261939,0.291034286878092,-0.14329224924339,-0.988788623025885,-0.203182812149403,-0.286563321342216,-0.833373351972831
1923,22463,"s057","m3",-0.336688979193411,0.312333486907602,-0.164521540047339,-1.10433960810911,-0.911114582320771,-0.269657292622105,-0.414713622514617
1924,22470,"s057","m3",-0.289181861208807,0.299974734751673,-0.13307537000635,-0.95298118570676,-0.375703882302493,-0.125072519750578,-0.383435843338727
1925,22471,"s057","m3",-0.212070230988356,0.253763159175925,-0.0479897382185765,-1.00940631259075,-0.416922107966399,-0.323692620628237,-0.474545116896547
1926,22508,"s057","m3",-0.168448414021499,0.0934407094355454,-0.059908572086872,-1.05385779650325,-0.0379539882320462,-0.602361575614963,-1.04918337724013
1927,22512,"s057","m3",-0.411504820548049,0.197782646065182,-0.132402933113982,-1.13548646174942,-0.592434914155706,-0.425711348981962,0.454151491193361
1928,22532,"s057","m3",-0.300814721108132,0.129872619201787,-0.193422538637547,-1.21015435983147,-0.321118910608933,-0.896774048633597,0.754299898370659
1929,22543,"s057","m3",-0.255193803598005,0.216626791707985,-0.0944225201443539,-1.04031140812688,-0.176195683983621,-0.52420827612899,-0.147153670574287
1930,22555,"s057","m3",-0.190284031297951,0.246232302621459,-0.0430537133649668,-1.02898622427151,-0.369751777275322,-0.175737376138726,-0.0318830316077737
1931,22561,"s057","m3",-0.178935632742198,0.246163201072228,-0.184352096798032,-1.12031738807204,-0.24300913403429,-0.385600668605844,0.0662491864535723
1932,22573,"s057","m3",-0.250375409733548,0.195095417803355,-0.125093636346696,-1.1248155243251,-0.3548841595673,-0.348613251320374,-0.0845668693424223
1933,22580,"s057","m3",-0.323310373202464,0.255991835311294,-0.203890204262253,-1.00823299407469,-0.314471326315518,-0.460561147984489,-0.208855586157198
1934,22614,"s057","m3",-0.387665022717424,0.261438316269004,-0.208451487790021,-1.11104041383255,-0.458539036152067,-0.341517643336551,0.275067083789966
1935,22624,"s057","m3",-0.256946408225629,0.1755040218141,-0.200573005787469,-1.13906264102316,-0.315241125209293,-0.462366123033922,0.152135553012253
1936,22634,"s057","m3",-0.328265284836391,0.131888000312853,-0.122457812100182,-1.27989209231167,-0.513599299715385,-0.452095940178558,0.890850516320193
1937,22635,"s057","m3",-0.208853057223938,0.23063150763782,-0.0396606337708732,-1.14342452971055,-0.299832096627321,-0.25492508799506,-0.149429444955749
1938,22649,"s057","m3",-0.346503819196751,0.191265644392275,-0.162985820348941,-1.20986760949578,-0.470958331136,-0.502137819750609,0.509470202453796
1939,22661,"s057","m3",-0.38982885777942,0.222626252790592,-0.220347947488595,-1.18878396555823,-0.862396670709275,-0.57581890264211,0.38140870226664
1940,22666,"s057","m3",-0.367946708978905,0.259661428483296,-0.151323506263967,-1.09407771732785,-0.464061808617024,-0.455913727167995,-0.440348060435431
1941,22671,"s057","m3",-0.297689870750243,0.246726297768693,-0.144227748370046,-1.13145599825153,-0.623015039734857,-0.437495227967178,-0.134936546359273
1942,22675,"s057","m3",-0.165655771977331,0.174606962817879,-0.111042115325832,-0.989204104289037,-0.206388457741247,-0.493015478534689,-1.68781673960058
1943,22681,"s057","m3",-0.323428400378952,0.341022006964953,-0.192400988910215,-0.96825192185624,-0.467598502486105,-0.123579715721382,-0.688140373285761
1944,22690,"s057","m3",-0.183920134010668,0.167437591895527,-0.0921510419390433,-0.948891867965722,-0.100413368366989,-0.239629745421423,-1.10803937363761
1945,22699,"s057","m3",-0.2241603026786,0.186040770847593,-0.124697062988459,-1.15804753563408,-0.447088974911483,-0.508979748029902,-0.313968357743754
1946,22716,"s057","m3",-0.296002702575639,0.137542305027867,-0.24668889468477,-1.10688763081013,-0.411091297486701,-0.623065262812664,0.0845184636448754
1947,22737,"s057","m3",-0.33271106440513,0.0855142677133746,-0.099689184997011,-1.21093675466465,-0.41359366928416,-0.841215589419021,0.115392685548615
1948,22738,"s057","m3",-0.360014904754305,0.134088039782577,-0.083577777313643,-1.14013300814532,-0.356359352922298,-0.563810498851826,0.310673650606841
1949,22760,"s057","m3",-0.318058633112535,0.24910992463634,-0.168068618118367,-1.02491324078155,-0.34780965004545,-0.460291966336857,-0.372408087611484
1950,22765,"s057","m3",-0.239361800534206,0.25668280778729,-0.145369499374823,-1.04018739075574,-0.426700912218583,-0.384873803872558,-0.487542762183307
1951,22766,"s057","m3",-0.17184578974915,0.282410827896142,-0.116563014433777,-1.05944037103994,-0.192436267915339,-0.114850119927426,-1.73164752497425
1952,22768,"s057","m3",-0.398033263555213,0.22991723720777,-0.352115567290244,-1.11536893215241,-0.591098132364793,-0.625025526205855,-0.0304496494416151
1953,22798,"s057","m3",-0.201878645927233,0.247609503960281,-0.0447715636987899,-1.10267315823811,-0.189388853383081,-0.618198007539608,-0.280813308630042
1954,22802,"s057","m3",-0.225941222268806,0.204645865117092,-0.155163005655159,-1.08541262369985,-0.273590995349741,-0.354826527096561,-0.132639251735664
1955,22803,"s057","m3",-0.366330824565311,0.181722159270801,-0.185147718509188,-1.0631886489624,-0.54378772113047,-0.387188600306429,-0.0996578167589793
1956,22824,"s057","m3",-0.381154751469502,0.140128178360548,-0.132563290989788,-1.18429311658992,-0.44807947385529,-0.532186731975587,0.687444087867209
1957,22825,"s057","m3",-0.208557653736938,0.388232023953651,-0.117621882305969,-0.955356110613526,-0.429222680355145,-0.283132411303666,-0.726225229904016
1958,22848,"s057","m3",-0.247324029239277,0.156501375602437,-0.0681640754934306,-1.07126648472285,-0.221684271113339,-0.380952055343495,-0.149538427994299
1959,22857,"s057","m3",-0.229739872918609,0.228609788057556,-0.116216549804642,-0.891187379112991,-0.332951530919371,-0.442590948096875,-1.25676895614883
1960,22863,"s057","m3",-0.323844273166589,0.299932948388273,-0.20822239516467,-1.05842661016417,-0.468713420482474,-0.220850062632692,-0.468201343873745
1961,22881,"s057","m3",-0.198947777568164,0.32205075400376,-0.0376335988130679,-1.11216786250684,-0.322870908577512,-0.444650611015161,-0.658290577267254
1962,22890,"s057","m3",-0.206315405586655,0.25088413866527,-0.156926433618879,-1.07899576979845,-0.253718299332259,-0.355386568724463,-0.672751130431379
1963,22898,"s057","m3",-0.308088598798478,0.26634616574326,-0.114346691081135,-1.08308061805194,-0.416960880608705,-0.385435739607515,-0.669500192007395
1964,22901,"s057","m3",-0.258335075702576,0.179030066942543,-0.174741489320696,-1.02300493462927,-0.464987558240476,-0.309374881696231,-0.395857716836506
1965,22904,"s057","m3",-0.282326682751816,0.165091721061216,-0.258052746712508,-1.12491394532844,-0.28153118265532,-0.84693600110137,-0.333652390417202
1966,22922,"s057","m3",-0.279581608689764,0.267926641185786,-0.228958326597586,-1.20074887771719,-0.193090264716735,-0.42448206954007,0.520959538502062
1967,22928,"s057","m3",-0.214311785246766,0.224455129453872,-0.146641605917307,-1.0507947486123,-0.272018234245992,-0.443506288570013,0.141195573290072
1968,22950,"s057","m3",-0.259678446070661,0.151096673090145,-0.167303308052231,-1.02900159618346,-0.363087425947663,-0.297807494153408,0.130199151898493
1969,22967,"s057","m3",-0.377448278154276,0.306286692215974,-0.239715385476685,-1.04597059585663,-0.596833073849139,-0.328254432479544,-0.288739670363277
1970,22969,"s057","m3",-0.224869944760141,0.248061102260627,-0.236351471582126,-1.03476552279157,-0.200096104066544,-0.275554216722114,-0.00496849382855966
1971,22974,"s057","m3",-0.350299405524593,0.193033363124441,-0.214415804507591,-1.07862337407906,-0.536575435144425,-0.212150850899555,-0.0850959951875578
1972,22981,"s057","m3",-0.247454707081518,0.309550925394368,-0.217311533972894,-1.01251894766796,-0.358600818459096,-0.246212555481475,-1.37162274275355
1973,22995,"s057","m3",-0.192051101528015,0.218839914276527,-0.13465308341691,-1.10570243207225,-0.433624269806866,-0.429381877404729,0.000623221009325596
1974,22999,"s057","m3",-0.248686041799401,0.155875047422452,-0.0954718479677242,-1.00892811073862,-0.177036488117038,-0.565455643129571,-0.633327530561363
1975,23016,"s057","m3",-0.218697745908634,0.118596137606278,-0.0288650775940167,-1.06346935853309,-0.163077352270596,-0.608160405817785,-0.493137604245554
1976,23019,"s057","m3",-0.395961363657105,0.292106465019317,-0.176075847110681,-0.968183299161739,-0.621875638615911,-0.267166146478029,-1.12582161623836
1977,23034,"s057","m3",-0.246828648936729,0.258568316967556,-0.175916653467324,-1.02525364700455,-0.144689066175907,-0.306312017159696,-0.726276687273755
1978,23045,"s057","m3",-0.291142225494614,0.145286599242234,-0.187049352793939,-1.27639673858172,-0.354029880790888,-0.855780050984096,0.917908056669984
1979,23061,"s057","m3",-0.308639511586739,0.324611829727267,-0.230079798921177,-0.89507192870971,-0.40527753091839,-0.237083709529356,-0.843674351102951
1980,23066,"s057","m3",-0.270488108021707,0.285252979592017,-0.109651995240784,-1.05312021697938,-0.196186501238461,-0.408577451189972,-0.389301009672694
1981,23108,"s057","m3",-0.265127944443674,0.160561110379009,-0.225338210545961,-1.09084394923745,-0.249311393968664,-0.423300230102346,-0.0209941602572574
1982,23118,"s057","m3",-0.289234712424815,0.202082615614401,-0.196950554237302,-1.12245032045678,-0.40827386191163,-0.393529965573371,0.691919732607161
1983,23119,"s057","m3",-0.320537058490045,0.250788097799865,-0.134789784656247,-1.02215900974894,-0.144882332680404,-0.129357926622369,-0.682743561362657
1984,23140,"s057","m3",-0.224277428665894,0.199608824076025,-0.0794315041317972,-0.999532058114696,-0.109551863114399,-0.472873857713617,-0.761280755143858
1985,23148,"s057","m3",-0.242023727220616,0.207257112154937,-0.0586842143823678,-1.05302127221566,-0.0840584357236895,-0.397480896170308,-0.529925255568125
1986,23160,"s057","m3",-0.339568302187666,0.272674521876272,-0.161761615916935,-1.16996469064227,-0.412148132574267,-0.161290826517718,0.173494327745463
1987,23174,"s057","m3",-0.360658027441742,0.302440978005589,-0.279192167102912,-1.22041308585944,-0.516594089178569,-0.161093332345325,0.689241991351183
1988,23234,"s057","m3",-0.224324090596383,0.236915816050286,-0.188025974970952,-0.900828971053604,-0.289033180006064,-0.33140278318528,-1.03254843536971
1989,23241,"s057","m3",-0.15337599087754,0.297911156184045,-0.0749186081577739,-0.98502145221754,-0.236024440927661,-0.115724634204186,-0.271716941508216
1990,23279,"s057","m3",-0.219438465630233,0.237323593889368,-0.0934070009291522,-0.995776428700187,-0.118980506070076,-0.451557330711649,-0.739326429630954
1991,23284,"s057","m3",-0.193257138407528,0.161375688773107,-0.102937777346522,-0.964179826018544,-0.19579273676786,-0.520281236043069,-1.6483700898727
1992,23289,"s057","m3",-0.285126487583628,0.17618478258341,-0.00771906484540297,-1.04713702609796,-0.690598019570349,-0.507404341587654,-0.93581120944872
1993,23318,"s057","m3",-0.244420392848856,0.105895436011895,-0.10134218726572,-1.00803899383381,-0.238246189974723,-0.271675661580264,-0.29184820580639
1994,23322,"s057","m3",-0.362269623429334,0.204711091791752,-0.167546307683424,-1.07352044791121,-0.537385573332635,-0.560954674183064,-0.466076437466317
1995,23336,"s057","m3",-0.303190550829908,0.17004176917859,-0.132221874055704,-1.04977058681682,-0.37919995784956,-0.510303592102757,-0.210081534422067
1996,23346,"s057","m3",-0.275092885392034,0.217265870722655,-0.177582937603162,-1.07747029500311,-0.241629412723735,-0.258043011322067,-0.0940367208366117
1997,23352,"s057","m3",-0.211711957026837,0.187987704669366,-0.0909481157318069,-1.13563556428373,-0.285666981349987,-0.345793534730156,-0.211046760821421
1998,23358,"s057","m3",-0.217226312391077,0.322928802700347,-0.204540649537287,-0.934761036807109,-0.315550384156406,-0.114912426777292,-1.31266224893231
1999,23369,"s057","m3",-0.326058478597234,0.299588624847462,-0.0594909457985408,-1.0346046590741,-0.468951864154497,-0.0473242919633645,-0.676856743616919
2000,23390,"s057","m3",-0.311760452805837,0.245731246591881,-0.191968523826153,-1.01307631357756,-0.408470115640624,-0.270728542846258,0.0873959931929113
2001,23392,"s057","m3",-0.221302948175611,0.296915658499521,0.0329503611057562,-0.969553653530571,-0.0820153418231069,-0.174002323858742,-1.16781676844639
2002,23414,"s057","m3",-0.186567183986231,0.304182116550617,-0.102950535075034,-1.13829032214537,-0.197194460930702,-0.625638465297747,0.0269547920842632
2003,23420,"s057","m3",-0.322783987629007,0.204043413518744,-0.197255686565828,-1.09301513295221,-0.464103496133711,-0.285653786994288,-0.677179316078896
2004,23479,"s057","m3",-0.304269959549299,0.0614370599649633,-0.137454111104265,-1.10123757766745,-0.419667305281337,-0.429104670969296,-0.307497294572716
2005,23482,"s057","m3",-0.308146358877235,0.228937155098679,-0.130112012687218,-1.06516354862177,-0.553216057143566,-0.144180873268577,-0.164151889152349
2006,23496,"s057","m3",-0.182249489969908,0.242330961444436,-0.0761465223126779,-1.07961525278788,-0.249034825714409,-0.343065979171857,-1.01220563155389
2007,23497,"s057","m3",-0.392675837475287,0.36227028767684,-0.114703155247716,-0.973717701703643,-0.436244349328349,-0.340874226434749,-0.886952323261082
2008,23505,"s057","m3",-0.214144369485757,0.320396774299201,-0.106516109627448,-1.03198913114466,-0.196054447824062,-0.37659602208562,-0.321432045681475
2009,23509,"s057","m3",-0.267838718698434,0.240039176003524,-0.142274589386114,-1.15289587346574,-0.634882369702552,-0.375295457751882,0.17382912437164
2010,23531,"s057","m3",-0.317120049859831,0.186904932171714,-0.133706212405017,-1.03031979609626,-0.67569479248048,-0.416630832215575,-0.724985689193389
2011,23544,"s057","m3",-0.241270347556858,0.196487464239634,-0.115601310960866,-1.04038895534076,-0.303613796129178,-0.548598386591224,-1.02943364577675
2012,23568,"s057","m3",-0.211004275592894,0.0951664357406111,-0.165501852676956,-1.10799961843368,-0.301261327596442,-0.523550355283082,0.33988245294395
2013,23569,"s057","m3",-0.257965409628762,0.171768820003787,-0.105243673681112,-0.995441631206871,-0.414907595982795,-0.625855616569421,-0.0520127417412625
2014,23576,"s057","m3",-0.148009083269143,0.271009723705946,-0.101088444806958,-1.00423824049783,-0.248430505543967,-0.303748175180648,-0.830780953327807
2015,23617,"s057","m3",-0.335385167100546,0.168571045817538,-0.163195194531816,-1.02984241227343,-0.349834906135016,-0.426100521851416,-0.0414685097574643
2016,23626,"s057","m3",-0.260975077783293,0.126129760920946,-0.102590967787193,-1.07122633587716,-0.318655379561596,-0.565476284132653,-0.0307660902249872
2017,23651,"s057","m3",-0.150830676136821,0.179352484383577,-0.0461825660599287,-1.1128170249107,-0.0524639464944783,-0.473568735705148,-0.882860655670105
2018,23658,"s057","m3",-0.173845960745265,0.358862475808356,-0.0218735361106905,-1.07335503077501,-0.138533004187541,-0.201526936733155,-0.152034579562341
2019,23673,"s057","m3",-0.218011120451099,0.202431739165071,-0.112845080373798,-0.941663695850353,-0.276017812130741,-0.290475307380259,-0.728834694125604
2020,23675,"s057","m3",-0.212827143521142,0.275681163014427,-0.0754346047795232,-1.14562806129445,-0.132695466936067,-0.414793758052683,-0.0641354059628216
2021,23682,"s057","m3",-0.293114106342129,0.2886238441688,-0.238298890713495,-1.01894410393816,-0.315526598912862,-0.123113975925205,-0.0969748082402773
2022,23686,"s057","m3",-0.220232657631128,0.146150597318578,-0.146398001860639,-1.13135446183749,-0.50251596251205,-0.340821039902888,-0.74323285891694
2023,23691,"s057","m3",-0.301144814078772,0.158244561983051,-0.218258817718114,-1.15231531114749,-0.648964600212761,-0.8101491235006,0.0792153809260868
2024,23699,"s057","m3",-0.242247619440839,0.145366729324699,-0.070919475595443,-1.10829317191055,-0.312143136981091,-0.490353011584836,-0.175403644213705
2025,23710,"s057","m3",-0.351812396183056,0.121750839764543,-0.0595519985109275,-1.19720138859882,-0.466116493945345,-0.538987340120817,0.124533485940267
2026,23712,"s057","m3",-0.182796588362915,0.192631314131476,-0.0234798096116729,-1.03301549891118,-0.0212808780621399,-0.290691615519964,-0.0593593981673843
2027,23720,"s057","m3",-0.165655044013413,0.251437126423348,-0.259601816545473,-1.09099758324301,-0.437412196196155,-0.422038348068048,-0.0572547127219213
2028,23725,"s057","m3",-0.26862311948747,0.264961938600868,-0.156970346112737,-0.995069218298087,-0.555559394234187,-0.169027379179318,-0.738908719184445
2029,23726,"s057","m3",-0.245541488994571,0.15332700300163,-0.0356448070627529,-1.24058781116912,-0.186267336951684,-0.602339933552655,-0.108131454202445
2030,23731,"s057","m3",-0.29583134985853,0.28236989098948,-0.0150321688000891,-1.11830185719901,-0.452306250924775,-0.502470248809436,0.775004474027009
2031,23742,"s057","m3",-0.298016224048435,0.316922620718268,-0.068809569193734,-1.02478300689279,-0.266054228174594,-0.342447737748663,-0.430307315542007
2032,23773,"s057","m3",-0.235116997091144,0.180029589029737,-0.0734939624089516,-1.04197134539208,-0.298213033348786,-0.400485610013905,-1.01658725714787
2033,23779,"s057","m3",-0.325863468501049,0.291092637239847,-0.162200656892251,-1.11578425695084,-0.312209096169725,-0.164361872104791,0.501214464597569
2034,23783,"s057","m3",-0.2503667862576,0.215226566807956,-0.230565779634049,-1.01199327174781,-0.381215744451367,-0.140812418836126,-0.589012873438112
2035,23790,"s057","m3",-0.374911479027583,0.221100614990633,-0.0261836398310885,-1.13726901449589,-0.312121632026512,-0.19551383139579,0.155943365196027
2036,23798,"s057","m3",-0.261217044276418,0.250207754375371,-0.101557758982355,-0.981407567851842,-0.241219455938135,-0.238168002776915,-0.328860980607598
2037,23852,"s057","m3",-0.24953511474077,0.261245996018788,-0.252694436706833,-1.13290662725307,-0.237002383684685,-0.351612204546131,0.131183980696808
2038,23866,"s057","m3",-0.314522732665577,0.316094298300735,-0.132080846000008,-1.05761705132309,-0.367706781628494,-0.0941535509425519,0.0751097955113659
2039,23869,"s057","m3",-0.219571207271953,0.260542497390525,-0.0904058341116223,-0.973171917678833,-0.259013369918264,-0.273423631114221,-1.02304463604322
2040,23883,"s057","m3",-0.355389687034083,0.190712806847091,-0.196833767037302,-1.11929180568103,-0.34292541955904,-0.503590918465791,0.506897797972725
2041,23885,"s057","m3",-0.338637715372081,0.134987246445413,-0.147834908558038,-1.07532868982466,-0.393266009532429,-0.457104638302287,-0.198658383292005
2042,23900,"s057","m3",-0.230626048222357,0.227336783107241,-0.0888609632042715,-1.14213571828887,-0.271435488660852,-0.554405455047122,0.0870893934003852
2043,23911,"s057","m3",-0.336714013476435,0.163008255882672,-0.214154760277981,-1.14604618413702,-0.414996250081371,-0.450576268852982,0.293910082550202
2044,23938,"s057","m3",-0.224175370131538,0.190765144320866,-0.000934087499346294,-1.02526309823349,-0.129291302570341,-0.265370251823728,-0.515639145662784
2045,23939,"s057","m3",-0.318916241704553,0.163971735708048,-0.150162206423919,-1.08789007325299,-0.385390212607917,-0.45088510782138,-0.0883231771960652
2046,23965,"s057","m3",-0.233125757118123,0.19234054064815,-0.228995557006975,-1.04917299634578,-0.317727799652559,-0.465096799334622,-0.561253857837769
2047,23976,"s057","m3",-0.171042680000771,0.178009040616788,-0.0283141345193008,-1.02438706677966,-0.208722547990906,-0.379527318617527,-0.699187186120043
2048,23979,"s057","m3",-0.269461645008965,0.273188982583191,-0.227301969143494,-1.09065934057317,-0.558999428330927,-0.384820756235351,0.195635352128972
