"draw","source_draw","id","assumed_model","alpha_0","nu_0","nu_1","tau"
1,16,"p9","m0",0.364807886570476,1.29705541407678,-0.408557013666129,0.380616825205085
2,20,"p9","m0",0.344107556432406,1.24285572059641,-0.381016324286197,0.500394541438239
3,40,"p9","m0",0.420171146789462,1.32006015470654,-0.243171365779122,0.249842297018974
4,52,"p9","m0",0.478675649522919,1.34968769550057,-0.163700533020788,0.0748981274167245
5,91,"p9","m0",0.35158903768879,1.31246954121762,-0.278554484272455,0.570116265094555
6,115,"p9","m0",0.340661308800981,1.30497013367878,-0.431831485141749,0.688596040845512
7,139,"p9","m0",0.516578533007184,1.33150431348244,-0.0700962894624845,-0.21776401659918
8,141,"p9","m0",0.276152647739864,1.23482793111271,-0.768007910248676,0.706317103592928
9,162,"p9","m0",0.463957866501413,1.36600145732799,-0.0358523087474739,0.345203615697605
10,170,"p9","m0",0.506843442743516,1.34802770923152,0.0173532613449604,-0.152736942935462
11,193,"p9","m0",0.306859995058039,1.26542000930684,-0.540881864892339,0.655698210769326
12,196,"p9","m0",0.475390316253828,1.30852877411345,-0.175190965688475,0.0614022432786692
13,209,"p9","m0",0.311673390583685,1.23636609773639,-0.756495073322771,0.536093675767791
14,251,"p9","m0",0.226383702840027,1.24581088713104,-0.591330240783494,0.851751741388188
15,256,"p9","m0",0.345640019980658,1.32596937954317,-0.249784916466743,0.619341537563216
16,265,"p9","m0",0.36706573793036,1.27866178804249,-0.363693958222005,0.406759880892222
17,273,"p9","m0",0.602455530474348,1.41859010971505,0.0259432813809123,-0.287222230357677
18,274,"p9","m0",0.312025107343646,1.23774777026303,-0.205051193874573,0.656365847781532
19,284,"p9","m0",0.420640759654728,1.31900453001503,-0.150412518280178,0.347406936547527
20,292,"p9","m0",0.397168052179437,1.31737120547125,0.046484467455438,0.427094176057137
21,311,"p9","m0",0.351386475540875,1.23137447093862,-0.706517688522163,0.365069952577059
22,326,"p9","m0",0.286513673360197,1.25282606336166,-0.376415523393306,0.680693014689438
23,336,"p9","m0",0.33523690779921,1.23341704547393,-0.693880383518833,0.414109670971387
24,342,"p9","m0",0.316095491404885,1.25909165814516,-0.718758846969651,0.689038085601072
25,358,"p9","m0",0.277634978231459,1.27796550280036,-0.875932877792444,0.678991974817444
26,365,"p9","m0",0.339515343295549,1.29178808366855,-0.211568875561031,0.583656773173209
27,400,"p9","m0",0.416927565270343,1.32114154724668,-0.164772376979201,0.551055361200491
28,407,"p9","m0",0.336861131414207,1.25700450483423,-0.224907017959837,0.484413019528246
29,408,"p9","m0",0.382171341732382,1.26279442244554,-0.148475661490264,0.314415340635438
30,410,"p9","m0",0.166549687427316,1.16241465254791,-0.947304339568708,0.961674731600295
31,413,"p9","m0",0.282439416889032,1.26650851714065,-0.420354507891103,0.788835664521485
32,417,"p9","m0",0.306373026707594,1.35516369855208,-0.614891377111179,0.794439759938666
33,435,"p9","m0",0.377136248579018,1.30207336721062,-0.501296072931862,0.351982261127709
34,437,"p9","m0",0.346767641787473,1.29218516362968,-0.737636694260114,0.41020872089055
35,443,"p9","m0",0.312154202480076,1.23422529159241,-0.354083410672718,0.428543617260341
36,446,"p9","m0",0.272209350547424,1.23720302993918,-0.627809169125055,0.707094726242237
37,459,"p9","m0",0.413899934871769,1.33547389011131,-0.191996537950846,0.385796542136073
38,488,"p9","m0",0.3716759707259,1.31717205577181,-0.446658302550524,0.441852804064089
39,493,"p9","m0",0.41653147913578,1.26284662678051,-0.50014297754962,0.169433320303744
40,502,"p9","m0",0.328373588494908,1.30865846185414,-1.04892302433344,0.635742158171201
41,507,"p9","m0",0.393301847219459,1.32437631887605,-0.327234041774139,0.414363000202979
42,510,"p9","m0",0.381998072244468,1.34219145220291,-0.155400364844487,0.519291199759647
43,517,"p9","m0",0.243347212484394,1.26200265956387,-1.00986468636005,0.795032908749798
44,530,"p9","m0",0.272487027692465,1.25106653008556,-0.432549212460931,0.723272413237048
45,532,"p9","m0",0.299098711627939,1.31338966918212,-0.580406000612157,0.545708659982106
46,543,"p9","m0",0.256627283325301,1.1889437194998,-0.735235677245045,0.604266892428798
47,566,"p9","m0",0.499663131978868,1.29297617879479,-0.121974784300287,-0.26331962255136
48,589,"p9","m0",0.419411550492695,1.28484137803308,-0.502525796618152,0.27881542792391
49,597,"p9","m0",0.457373055743387,1.39161251916359,-0.366124859571098,0.185704476033499
50,598,"p9","m0",0.473480891766309,1.31347741205732,0.113953072015952,0.0582951579514573
51,626,"p9","m0",0.390086260050423,1.31155032838721,-0.435125471232332,0.301014829529495
52,629,"p9","m0",0.337029083548422,1.25911068073043,-0.603573103166428,0.519194391816079
53,640,"p9","m0",0.261522012094383,1.19851707045927,-0.778781426624091,0.611890844102046
54,651,"p9","m0",0.278970920907367,1.25639065740356,-0.187510563906034,0.903887389463864
55,656,"p9","m0",0.395994750652989,1.32190925407966,-0.31297893372209,0.446208119816673
56,668,"p9","m0",0.284154073529204,1.31953869666754,-0.564214896285828,0.810913499827633
57,680,"p9","m0",0.342488821720753,1.2631911162126,-0.375037480567317,0.533529533484229
58,704,"p9","m0",0.356036051623025,1.2458638496516,-0.482941222735318,0.433025196702282
59,708,"p9","m0",0.341404086044877,1.25949067967799,-0.587585081750953,0.485672443316432
60,720,"p9","m0",0.342184904957157,1.22852008658463,-0.474395837210551,0.513530379652257
61,738,"p9","m0",0.255229807198575,1.22476444827506,-1.35187050201001,0.584406190274491
62,750,"p9","m0",0.36621006207806,1.25660862821209,-0.54186243298011,0.31127032958756
63,756,"p9","m0",0.375204984721288,1.28684009995066,-0.400213068586482,0.290550538594145
64,770,"p9","m0",0.331298415901189,1.29056208466466,-0.402463121115117,0.65902718961463
65,777,"p9","m0",0.472584681340655,1.29549053412673,-0.0555052966228921,-0.125883065249393
66,797,"p9","m0",0.254767706368921,1.20635148232299,-0.310320694581621,0.641032190566327
67,803,"p9","m0",0.338298797736091,1.29490628276546,-0.51139942541366,0.631517031276551
68,820,"p9","m0",0.427091576922837,1.3580621455449,-0.178976595647277,0.417633390587814
69,838,"p9","m0",0.279729696185596,1.29409532623282,-0.473081955793685,0.794148267366536
70,849,"p9","m0",0.340631243821903,1.27364239403969,-0.127213841368462,0.607040720626863
71,869,"p9","m0",0.430420813642904,1.30705848194347,-0.171424831536107,0.313336160602298
72,915,"p9","m0",0.429919068318574,1.2943650154017,-0.975974298594004,0.106101376613894
73,921,"p9","m0",0.318481283828575,1.30520387849096,-0.881119346220438,0.64500974644449
74,937,"p9","m0",0.431794860859222,1.32439237162411,-0.442375442637096,0.172714374181971
75,938,"p9","m0",0.394457426438162,1.29538893524599,-0.377581622136728,0.335718187692579
76,948,"p9","m0",0.538891023462252,1.37205294777836,0.182404522641711,-0.0445213780208805
77,974,"p9","m0",0.396794379338982,1.35157893679286,-0.151617476585923,0.498720445209672
78,980,"p9","m0",0.312561170780814,1.25584823826766,-0.69433929143058,0.519316704179732
79,1002,"p9","m0",0.343491029545655,1.32033088017086,-0.431862359472553,0.782135578720264
80,1015,"p9","m0",0.381006895723653,1.28869298495988,-0.193855089934584,0.435725414229172
81,1022,"p9","m0",0.309799211479551,1.27605189962287,-0.708782591293316,0.730723529127828
82,1024,"p9","m0",0.337850925075111,1.28512886452793,-0.673721404489065,0.556164446131838
83,1050,"p9","m0",0.254180771725894,1.25721829497649,-0.857562019358742,0.712263402521657
84,1062,"p9","m0",0.332178979566106,1.28366414422324,-0.49459907258866,0.508182802723903
85,1072,"p9","m0",0.353525312095466,1.27089220099162,-0.584101348012495,0.397465442737162
86,1078,"p9","m0",0.288513984108335,1.21534841966631,-0.651111834792059,0.540332272255815
87,1083,"p9","m0",0.338958037701937,1.2384701354354,-0.14649329473188,0.542836230649586
88,1109,"p9","m0",0.300034876714365,1.24357112043697,-0.0890336328138515,0.655955106132056
89,1117,"p9","m0",0.390593837600942,1.30957603821958,-0.364969960694217,0.380264497186013
90,1161,"p9","m0",0.390872805364646,1.29685204770306,-0.560696018143618,0.276677418975543
91,1179,"p9","m0",0.347992094124661,1.27657341610422,-0.201983859211876,0.51236283904881
92,1184,"p9","m0",0.349641142972025,1.27960631235405,-0.609532055707642,0.411280884045785
93,1201,"p9","m0",0.393770188236503,1.26490130784047,-0.154625338455752,0.324402758226347
94,1204,"p9","m0",0.425022976262131,1.32005570112314,-0.148755835549194,0.199147333011808
95,1206,"p9","m0",0.292169763895977,1.25679357684198,-0.555097390270443,0.765888579190541
96,1217,"p9","m0",0.485275037505689,1.34371228998051,0.217778213060441,0.00259268355871641
97,1230,"p9","m0",0.471303951571664,1.33507232759262,-0.285865417555357,0.0411261928651811
98,1257,"p9","m0",0.288742219642047,1.25330520936212,-0.893316580514735,0.732379363532728
99,1268,"p9","m0",0.296498164184239,1.27922528409817,-0.617526343221782,0.634764984973628
100,1278,"p9","m0",0.382100018008154,1.28449559077102,-0.0909243766868241,0.428359315831919
101,1284,"p9","m0",0.342985849375356,1.31084807957813,-0.200168599195095,0.568356665139095
102,1286,"p9","m0",0.416643400450761,1.25088330298553,-0.120880439960021,0.121216171277563
103,1318,"p9","m0",0.552091019856946,1.35257784179784,0.0167147100142159,-0.208563520543288
104,1327,"p9","m0",0.308454596962745,1.27402292610631,-0.315499963407722,0.552981364344871
105,1331,"p9","m0",0.46874242186093,1.2852319414957,-0.446521578878781,-0.0981252147273074
106,1332,"p9","m0",0.451853016788136,1.32627301058278,0.150480370316437,0.310290640660004
107,1339,"p9","m0",0.377059223904237,1.29845542685277,-0.219947739922321,0.325606222508435
108,1346,"p9","m0",0.453296467682866,1.2375579287087,-0.132247134804175,-0.0500015060477885
109,1355,"p9","m0",0.242030442435332,1.18914490979573,-0.571540856344597,0.699357997337224
110,1386,"p9","m0",0.266895399657591,1.25258809746692,-0.547664521637122,0.523944477478959
111,1403,"p9","m0",0.558182051099421,1.36827789710042,0.221831642323858,0.0432014388228805
112,1419,"p9","m0",0.138070944994098,1.15188736555951,-1.23852698986947,1.07137534448527
113,1448,"p9","m0",0.305597086926879,1.26098522990072,-0.752879504298098,0.585691042982891
114,1451,"p9","m0",0.300793887963525,1.285990231658,-0.604953468253356,0.693152948969392
115,1478,"p9","m0",0.331593417012693,1.28555591554145,-0.437566958537023,0.59149786065888
116,1484,"p9","m0",0.294858114002597,1.26371175734181,-0.408451449632035,0.666954332254464
117,1534,"p9","m0",0.288271527806633,1.26995933742806,-0.401767006500457,0.638994183062773
118,1539,"p9","m0",0.414224852775731,1.32960921268219,-0.213056880175671,0.363348831503
119,1565,"p9","m0",0.46577735268609,1.37726102160204,0.090350079176952,0.280042743256353
120,1567,"p9","m0",0.525305949240824,1.3653074466735,0.0738986223568233,-0.0739842543171866
121,1568,"p9","m0",0.394675568724355,1.34126058864712,-0.507569642563277,0.309001877320207
122,1578,"p9","m0",0.280240948165122,1.23194587646529,-0.572768452864286,0.567021915755553
123,1581,"p9","m0",0.360871999507831,1.30399589780933,-0.262992697565557,0.551317781354928
124,1597,"p9","m0",0.342764045234233,1.28404555989549,-0.482663092380249,0.488107613095265
125,1608,"p9","m0",0.355247859691057,1.26091204261328,-0.433426617655025,0.324790518199325
126,1610,"p9","m0",0.226698742708079,1.2310513753275,-0.445573563450068,1.01236715667448
127,1627,"p9","m0",0.502164413293754,1.36542530048173,0.202899182551676,0.0947351304879721
128,1641,"p9","m0",0.488647900000433,1.36109050661174,-0.325726032597873,0.102795050672752
129,1647,"p9","m0",0.285265194747613,1.23268591841671,-0.317307045179943,0.695216406031901
130,1648,"p9","m0",0.361614571717343,1.26407108417943,-0.493019692919369,0.540703249569522
131,1657,"p9","m0",0.364519972137415,1.2260321582531,-0.568777518388285,0.400946199797436
132,1662,"p9","m0",0.271518342995413,1.20038092704405,-0.224749779244862,0.680385290913817
133,1677,"p9","m0",0.322606456581205,1.3164342684237,-0.0657485526187062,0.524880834691984
134,1679,"p9","m0",0.301460364297832,1.28273627165836,-0.459573891088735,0.794487198807225
135,1685,"p9","m0",0.546309648739568,1.40521422874707,0.14183326575223,-0.0156014759688799
136,1698,"p9","m0",0.411442523135344,1.28484760074353,0.0446286727774438,0.218432263255652
137,1721,"p9","m0",0.399631906767272,1.32229662149046,-0.428808835858083,0.274711209845305
138,1759,"p9","m0",0.335302748605638,1.28812197597763,-0.795590335523249,0.575272950111176
139,1765,"p9","m0",0.335668212450672,1.29825348784459,-0.572517509976406,0.655198188584106
140,1767,"p9","m0",0.365790469296333,1.26056390774715,-0.500734479113305,0.419633689558691
141,1775,"p9","m0",0.401657343683692,1.29330119744688,-0.139394723877184,0.301629376358627
142,1779,"p9","m0",0.327752056862386,1.22849688065043,-0.568682834283663,0.359626345378052
143,1783,"p9","m0",0.314796915278848,1.25255021908627,-0.160784409858714,0.448812085770037
144,1790,"p9","m0",0.153249529512881,1.21495123551962,-0.9808855318353,1.02109510775794
145,1814,"p9","m0",0.523217438996997,1.37171102072737,0.102895458370789,-0.00430484602494269
146,1821,"p9","m0",0.449410969074315,1.33293350449287,0.161411032550227,0.209655750485011
147,1823,"p9","m0",0.397996948360483,1.31087091538433,-0.347168583155528,0.367037797193725
148,1842,"p9","m0",0.224634533312918,1.24071092486083,-1.06277589047461,1.02741006230435
149,1855,"p9","m0",0.3167871054522,1.25925817601002,-0.660741834037357,0.742871643633
150,1857,"p9","m0",0.242138013309001,1.20856696185385,-0.928600970719294,0.781625241933708
151,1866,"p9","m0",0.288100022587856,1.20621360190339,-0.85628183158682,0.558528098725913
152,1884,"p9","m0",0.325702524754829,1.24566079241038,-0.792243785623749,0.530560228784462
153,1886,"p9","m0",0.409447163023697,1.35007510625255,-0.0330687786356195,0.503747778006034
154,1898,"p9","m0",0.373614208844836,1.2702186410652,-0.315940029911174,0.393944302286688
155,1913,"p9","m0",0.387347163586629,1.34828747830908,-0.638851004239963,0.427972039377037
156,1924,"p9","m0",0.376330249523955,1.32394995763424,-0.340219456861281,0.428558351817274
157,1961,"p9","m0",0.564120831027707,1.39230420971339,0.162003966182395,-0.324200936038897
158,1964,"p9","m0",0.412832506059817,1.26442435164553,-0.185367714980153,0.214573833712609
159,1977,"p9","m0",0.300669628174093,1.25496775809717,-0.62869446206953,0.49106530857782
160,1984,"p9","m0",0.318564364064362,1.26114946840328,-0.443869686989395,0.593631644315759
161,2002,"p9","m0",0.286381887731101,1.25570492659712,-0.300504013505041,0.508687068532292
162,2006,"p9","m0",0.384572029674733,1.28903980874032,-0.334294994332285,0.380579520702048
163,2044,"p9","m0",0.353860112808804,1.25826504854892,-0.233086034636779,0.297529641426194
164,2054,"p9","m0",0.391514712645258,1.25061128092574,-0.125527610028733,0.207013900235791
165,2058,"p9","m0",0.409682973948569,1.25995435522669,-0.120672291404599,0.196234396195394
166,2068,"p9","m0",0.41190021850596,1.27360995385092,-0.58693350846566,0.217166589891219
167,2082,"p9","m0",0.366011607154857,1.26724940405707,-0.508884912682666,0.349115691477928
168,2089,"p9","m0",0.317104024736152,1.25496717187565,-0.869779672141455,0.615878229275946
169,2142,"p9","m0",0.339277617586001,1.26943715243303,-0.382532146816316,0.777694357716583
170,2150,"p9","m0",0.382100356856316,1.22208311255742,-0.294445304777517,0.222371943775131
171,2158,"p9","m0",0.292699085702729,1.23903107404728,-0.249053415798069,0.542814811709052
172,2204,"p9","m0",0.334900621592756,1.27760869961235,-0.804243806700684,0.559457412122652
173,2212,"p9","m0",0.459787741374161,1.33023884485599,-0.192088484234932,0.0580603316519294
174,2221,"p9","m0",0.320315302966308,1.22879398230476,-0.664292575468881,0.478328883557157
175,2243,"p9","m0",0.343269169356562,1.28249385870867,-0.362938015237473,0.615289446540952
176,2267,"p9","m0",0.275246847546842,1.2312817359166,-0.275561139900017,0.802155592137606
177,2276,"p9","m0",0.333645724856594,1.2901858505909,-0.410225353434723,0.625337047838648
178,2278,"p9","m0",0.407819343628404,1.34627821881387,-0.745028401522242,0.429296922524524
179,2286,"p9","m0",0.33504924730722,1.30210516578009,-0.353798698180375,0.713029165254003
180,2296,"p9","m0",0.340636219297307,1.27575839734581,0.0158234867435602,0.585024341420439
181,2308,"p9","m0",0.262363628651884,1.24368013188211,-0.395932799084011,0.654457704064976
182,2324,"p9","m0",0.400933051732963,1.32080145076734,-0.346984491891259,0.464384344726323
183,2325,"p9","m0",0.334808374347536,1.2524490038981,-0.543086220129612,0.38522358625467
184,2329,"p9","m0",0.341220748568956,1.30626031516894,-0.227180659879288,0.513335844811515
185,2331,"p9","m0",0.30981982727854,1.22829330587322,-0.619181351391868,0.378948925794663
186,2347,"p9","m0",0.420931890169106,1.39536713618007,-0.226334899037586,0.371876504359303
187,2353,"p9","m0",0.291311851620533,1.23334611130023,-0.694133201311148,0.402961894555456
188,2356,"p9","m0",0.34894547777363,1.28542210947005,-0.364502749240771,0.398325480382433
189,2365,"p9","m0",0.23135198955968,1.23162360949547,-0.573919458385151,0.959060409901447
190,2371,"p9","m0",0.301802179714343,1.26659301479944,-0.235463128285599,0.682848289091786
191,2391,"p9","m0",0.349882916569893,1.31827229164275,-0.0843445173019118,0.471258096037075
192,2408,"p9","m0",0.353686300473516,1.25714406578151,-0.418330225248599,0.391038652335275
193,2424,"p9","m0",0.346919724412906,1.28203210694714,-0.234958485362117,0.607088560669744
194,2432,"p9","m0",0.465111977071067,1.30141190150064,-0.257853895136417,0.0922289469041147
195,2434,"p9","m0",0.356179981592164,1.32281293921292,-0.2105404441776,0.493551313490794
196,2461,"p9","m0",0.337567883323511,1.32475932841367,-0.350538811389949,0.68398447051997
197,2468,"p9","m0",0.295266016596401,1.21020724765189,-1.05430061142624,0.452075354365927
198,2488,"p9","m0",0.261693119016938,1.26042742755496,-0.608294432305128,0.779159557711184
199,2508,"p9","m0",0.49718985335275,1.31337396489457,-0.466263358148382,0.0727457274165621
200,2527,"p9","m0",0.402300159697031,1.24620945818736,-0.813166754302232,0.0633939546029974
201,2532,"p9","m0",0.315945338811308,1.28806523001378,-0.446680676080773,0.612695437055724
202,2536,"p9","m0",0.262809300019762,1.19086992479195,-0.701301350162328,0.698279860697175
203,2555,"p9","m0",0.367584667213704,1.32813306530325,-0.522061481504654,0.422547342379648
204,2564,"p9","m0",0.479918736577537,1.32597145233782,-0.0668534373555721,0.143631808644196
205,2574,"p9","m0",0.322316118567555,1.27807884259544,-0.450776734704681,0.640944438995361
206,2586,"p9","m0",0.397693492178554,1.27246954188473,-0.330707700313103,0.161476338429176
207,2592,"p9","m0",0.317845873693291,1.21602189143418,-0.44020435101744,0.392741466060817
208,2601,"p9","m0",0.41689539978754,1.28776117537652,-0.280897990136817,0.152402726519988
209,2606,"p9","m0",0.25645046264185,1.29687193416851,-0.470023712910836,0.999746123430665
210,2613,"p9","m0",0.302878132209027,1.25784134577609,-0.442253564329437,0.625167719333892
211,2614,"p9","m0",0.393702077402649,1.29057779277801,-0.268684005245109,0.370933362303339
212,2615,"p9","m0",0.234222154429926,1.22378830435877,-0.315649841629301,0.938078012768727
213,2618,"p9","m0",0.370014542682847,1.26550433485687,-0.406067232047731,0.22007284314689
214,2674,"p9","m0",0.351538021246912,1.33705964842491,-0.308206955566913,0.60918134938787
215,2675,"p9","m0",0.343027915653974,1.26821558821778,-0.279417225976418,0.3899014627663
216,2696,"p9","m0",0.349639485927468,1.23605559222534,-0.169367528031688,0.504982990443725
217,2700,"p9","m0",0.356001597674208,1.20984848542073,-0.729301176559951,0.239150413608076
218,2718,"p9","m0",0.415231792530253,1.30458025753545,-0.538660090359015,0.157146459209413
219,2729,"p9","m0",0.375051348183151,1.29509049641212,-0.640913246837741,0.397907619156178
220,2734,"p9","m0",0.294326068148841,1.25311264527378,-0.392867384816281,0.607998786673616
221,2741,"p9","m0",0.283920349780805,1.20828207092799,-1.08853989750058,0.601941504195264
222,2748,"p9","m0",0.305064618929702,1.26472101992938,-1.08734688475139,0.650801904758285
223,2754,"p9","m0",0.218638730973125,1.20228305483211,-0.873348559054388,0.92488108125947
224,2758,"p9","m0",0.331643068696551,1.27714777695149,-0.51755958208351,0.587736735719186
225,2768,"p9","m0",0.279885149323627,1.27371707625271,-0.468851846176596,0.579144589826286
226,2779,"p9","m0",0.390343059384148,1.31268806450289,-0.0146918030047576,0.416566248945418
227,2783,"p9","m0",0.358786893271775,1.31016734446277,-0.230782695811291,0.575163047274185
228,2819,"p9","m0",0.438775938986455,1.31314909601843,-0.0641807493417393,0.252920511948122
229,2830,"p9","m0",0.278188610755506,1.20922329121492,-0.610457291307299,0.85406029239178
230,2834,"p9","m0",0.373724618912981,1.2944496403644,-0.219461157251752,0.405015019932688
231,2835,"p9","m0",0.341565025358972,1.25250969192783,-0.81177435866775,0.428624680516982
232,2836,"p9","m0",0.312530453514107,1.21896977396446,-0.362049056832629,0.489021180143692
233,2840,"p9","m0",0.262665967166479,1.22111916674341,-0.599216243443172,0.773812878612996
234,2844,"p9","m0",0.312897126240073,1.28094083838642,-0.596267301715513,0.527360600604757
235,2857,"p9","m0",0.378577732231614,1.28125924150644,-0.475741830832588,0.240523705281305
236,2878,"p9","m0",0.339944530170727,1.23353038660553,-0.597971743881116,0.37072796917777
237,2911,"p9","m0",0.314196475989944,1.28386784350888,-0.70750904716798,0.495075505682487
238,2927,"p9","m0",0.388917121792334,1.33696544690539,-0.535010923153232,0.353041161937289
239,2930,"p9","m0",0.429363470194192,1.35183552798564,-0.0805439249570889,0.301428009961046
240,2939,"p9","m0",0.289211983914482,1.22916544887702,-0.405290359064182,0.562082737030837
241,2957,"p9","m0",0.420029978703491,1.31211729825123,-0.200016200916404,0.257249697180241
242,2981,"p9","m0",0.299447123722421,1.22814032160847,-0.769399912776113,0.629721837000332
243,2996,"p9","m0",0.359454885081597,1.26938200244199,-0.868178300962544,0.459642246063428
244,2999,"p9","m0",0.274018212181469,1.24784787353754,-0.722349379771129,0.552188763820747
245,3001,"p9","m0",0.395317824511664,1.32649921566797,-0.45517340699895,0.416454902508529
246,3014,"p9","m0",0.337118981147008,1.29882532530529,-0.792218836763975,0.638673243657374
247,3032,"p9","m0",0.419315284821543,1.33254777871328,0.021989412675042,0.331802613784863
248,3057,"p9","m0",0.436337388685456,1.35476716502381,0.0225870562165996,0.291996497898535
249,3062,"p9","m0",0.391317286522355,1.32592919421886,-0.222409147508755,0.416059521134641
250,3074,"p9","m0",0.368549444238872,1.29145767254035,-0.239152411269342,0.399753364372614
251,3077,"p9","m0",0.320800434586318,1.27875437740962,-0.921858532560733,0.51576874915774
252,3081,"p9","m0",0.456311262498562,1.36426603729251,-0.0121408627456937,0.340856718782356
253,3082,"p9","m0",0.268101975315709,1.24117174037383,-0.448604328175684,0.818241734475856
254,3096,"p9","m0",0.317505455454248,1.27415197483896,-0.44312550040582,0.596522711018277
255,3101,"p9","m0",0.321721906268334,1.27609032918988,-0.235407789502084,0.547945519055772
256,3102,"p9","m0",0.409242211617035,1.2937272087387,-0.179059252036822,0.383775964686735
257,3118,"p9","m0",0.266672284632048,1.21630467059862,-0.650142414392296,0.762567161859293
258,3124,"p9","m0",0.311492012070069,1.2517224933031,-0.520324599330655,0.495127481297858
259,3130,"p9","m0",0.36006503399747,1.29533542515993,-0.184319654675374,0.532313114539205
260,3135,"p9","m0",0.301199161879637,1.23527879952926,-0.702346875437407,0.607542970259968
261,3138,"p9","m0",0.467426907594287,1.31572836467384,-0.00669648220176927,0.0567519772719101
262,3143,"p9","m0",0.300818346759869,1.28397248643343,-0.680084665576496,0.654174168852044
263,3144,"p9","m0",0.369561388266032,1.26516344835625,-0.641608115327793,0.41457896721879
264,3159,"p9","m0",0.268992005378157,1.26646908591782,-0.602960933446126,0.89791512802272
265,3160,"p9","m0",0.329347432153736,1.20807794232612,-0.597580261187708,0.550772932707787
266,3171,"p9","m0",0.379899253305169,1.28517069450324,-0.260530888709781,0.459219650795401
267,3177,"p9","m0",0.355438789699522,1.33226180435269,-0.937768965217665,0.668476000650723
268,3184,"p9","m0",0.301272310534435,1.28876174877261,-0.61336311134517,0.625948336827439
269,3189,"p9","m0",0.207065202606134,1.28540486939028,-0.67726394026339,0.979652006933792
270,3208,"p9","m0",0.274754705609498,1.2105438529032,-1.43359468012032,0.673897372261795
271,3212,"p9","m0",0.330234748002773,1.23237455379073,-0.900360560170127,0.487385118413628
272,3215,"p9","m0",0.452385503558823,1.33669234938939,-0.107123082638574,0.237676108746152
273,3224,"p9","m0",0.278873083723071,1.25588594652254,-0.686138147873215,0.676841506374836
274,3234,"p9","m0",0.403957776095173,1.28015656281215,-0.147115411458447,0.249951751302956
275,3242,"p9","m0",0.395234423623394,1.28750568369551,-0.338996044467471,0.2246899850127
276,3252,"p9","m0",0.256741772700588,1.27941796796422,-0.409547132566842,0.871065352658109
277,3253,"p9","m0",0.362498498602017,1.27099729998638,-0.36357479162939,0.402815407215987
278,3254,"p9","m0",0.301169541202005,1.28392050244845,-0.522174269857576,0.563092905236983
279,3262,"p9","m0",0.190959001291297,1.16860927931524,-0.733877371184805,0.842467240525914
280,3266,"p9","m0",0.278620369293227,1.22075612951615,-0.527234209671823,0.793564634531071
281,3285,"p9","m0",0.236312151977486,1.22703126647762,-1.42823443825772,0.976791182797282
282,3301,"p9","m0",0.263934311659887,1.15167309713039,-0.850018943529895,0.521445463312735
283,3305,"p9","m0",0.380014411992802,1.2822274554746,-0.0948182955079935,0.412747588752491
284,3315,"p9","m0",0.39904922718447,1.29986033933519,-0.277923381822039,0.264322348123733
285,3322,"p9","m0",0.342006636416334,1.30400850266854,-0.214489543999226,0.608084137348402
286,3324,"p9","m0",0.340305779445322,1.25989598011683,-0.124788472731381,0.595450788909274
287,3325,"p9","m0",0.434962868973818,1.25779665126338,-0.22260682617176,-0.0137195529272873
288,3375,"p9","m0",0.303018805343869,1.24383541864301,-0.644052436956408,0.53473654266977
289,3380,"p9","m0",0.467764304920531,1.35921496646903,-0.121333694857061,0.207532952954324
290,3387,"p9","m0",0.316728578206049,1.24567428789144,-0.240517715139375,0.693318596249162
291,3391,"p9","m0",0.307779803067049,1.29386396179632,-1.12934039044928,0.696220977762448
292,3408,"p9","m0",0.394396085315408,1.31149163638496,-0.246279200872487,0.366611731877496
293,3414,"p9","m0",0.288734658029438,1.21153868182464,-0.0961299789293432,0.649990238313627
294,3419,"p9","m0",0.396796180425332,1.2391903609917,-0.197924310393273,0.236793728150727
295,3450,"p9","m0",0.343691554276011,1.26298711290626,-0.190631656257041,0.51022388994155
296,3463,"p9","m0",0.364113307571727,1.32246593951279,-0.241091660761167,0.668898870333592
297,3485,"p9","m0",0.40320946833189,1.29724050245101,-0.168001145991024,0.334454888649816
298,3486,"p9","m0",0.28456522290618,1.2703123797816,-1.07589773294953,0.587428751420673
299,3489,"p9","m0",0.396142047440367,1.33535142677837,-0.158110862155678,0.350521144052526
300,3491,"p9","m0",0.337984914749759,1.288388009379,-0.550740875891211,0.601744515389546
301,3510,"p9","m0",0.359204037348345,1.2542199684959,-0.700946482501245,0.35450526774714
302,3530,"p9","m0",0.334547599905822,1.30021232050078,-0.434557742449901,0.510111701760997
303,3546,"p9","m0",0.422362801822692,1.32913037254189,-0.170253288542892,0.380968375529504
304,3547,"p9","m0",0.281299841345536,1.27033045032945,-0.579616021953952,0.755199321974393
305,3549,"p9","m0",0.281026828680943,1.23981379570776,-0.492092619753152,0.73843023825203
306,3553,"p9","m0",0.440073867769587,1.29707232968822,-0.222976785425258,0.309002671613694
307,3560,"p9","m0",0.405731805463323,1.36518419873966,0.14826555903793,0.513287338239136
308,3572,"p9","m0",0.326888116661419,1.23924119465683,-1.14967230690672,0.379308098859823
309,3586,"p9","m0",0.308130313099577,1.24828361773754,-0.810021614238351,0.607771995486764
310,3598,"p9","m0",0.309070754097296,1.26393532368049,-0.664215215462162,0.612118427282517
311,3603,"p9","m0",0.278579580914345,1.19239460644291,-0.759925651637206,0.899175947827389
312,3617,"p9","m0",0.416069485827445,1.29577508466364,-0.0645360131718108,0.317395384157386
313,3626,"p9","m0",0.425118819096452,1.27781634894361,-0.427496061997844,0.229908251762725
314,3631,"p9","m0",0.416122577694106,1.2808302195168,-0.0299334085224591,0.332793574132504
315,3645,"p9","m0",0.298871098968491,1.21948432467749,-0.508374664675882,0.473186615037357
316,3651,"p9","m0",0.294231592111671,1.23056569742299,-0.72312230961396,0.613800547556889
317,3653,"p9","m0",0.38861120956594,1.33441159715035,-0.308685257684764,0.35632277630929
318,3663,"p9","m0",0.461608536342971,1.33695389738887,0.0232060382122459,0.139555259781742
319,3667,"p9","m0",0.190886316291846,1.17112141555872,-0.964393019917736,0.875437291760922
320,3676,"p9","m0",0.409906085313413,1.31560275489353,-0.321642324950388,0.311064517836667
321,3686,"p9","m0",0.417820546358035,1.33232675398719,-0.196927430875326,0.383595184287925
322,3690,"p9","m0",0.407467834809566,1.31855980574883,-0.102218598557546,0.384503893613664
323,3713,"p9","m0",0.248958053927747,1.17669175998156,-0.602986179756216,0.595591818954817
324,3721,"p9","m0",0.350363914026708,1.2532237964426,-0.203382175957536,0.435521664977839
325,3731,"p9","m0",0.450458642970084,1.32817363102431,-0.253710337208218,0.0272957351251032
326,3745,"p9","m0",0.278604630259138,1.30898797153794,-0.374924762309674,0.735617609685406
327,3753,"p9","m0",0.338241144652974,1.27994648598948,-0.425811834680858,0.581007138894286
328,3759,"p9","m0",0.32812099259037,1.24939616830134,-0.886348239055732,0.602339574552936
329,3799,"p9","m0",0.279491726126493,1.22359037566503,-0.577106387881824,0.819426371774847
330,3809,"p9","m0",0.473042025866317,1.29544209671793,-0.181119708849533,-0.0851778962626032
331,3810,"p9","m0",0.388038987712681,1.32251424129002,-0.547177316732047,0.487676238445964
332,3814,"p9","m0",0.304322511712957,1.25729235953297,-0.379372339531202,0.711870590389507
333,3821,"p9","m0",0.283113333812703,1.2778178743209,-0.472005469011705,0.7314438163049
334,3827,"p9","m0",0.205640858387392,1.21644442980584,-1.16303993397158,0.923538002000687
335,3842,"p9","m0",0.378601123535578,1.33567213120678,-0.412629700319027,0.546601641403097
336,3856,"p9","m0",0.289300170954395,1.21948168774239,-0.435080001620813,0.643904214741624
337,3857,"p9","m0",0.468738951776048,1.31371026178754,-0.293824725978506,-0.00037702137650311
338,3873,"p9","m0",0.460036769931581,1.37455744787164,-0.347692203780413,0.0761035502077107
339,3884,"p9","m0",0.391894499876877,1.33088051983867,-0.300705604490933,0.385283117343858
340,3894,"p9","m0",0.320544547465494,1.26787410297449,-0.411291302212794,0.655291354952702
341,3906,"p9","m0",0.218649969947325,1.21633736480541,-1.38061561888987,0.868430007966421
342,3907,"p9","m0",0.258950274591076,1.23049617481585,-0.71855235844513,0.861380857694876
343,3918,"p9","m0",0.312222920155707,1.25926770523351,-0.340408177754745,0.630876959837818
344,3921,"p9","m0",0.383151412593262,1.3300211652069,-0.190764595818855,0.428098664512546
345,3967,"p9","m0",0.346693318930683,1.34467602440632,-0.0127349012995482,0.650667564750564
346,3978,"p9","m0",0.301881589665342,1.23355083699229,-0.601564787733092,0.506617187219196
347,4003,"p9","m0",0.292046430487267,1.23305704100267,-0.272387350691474,0.598722238995563
348,4005,"p9","m0",0.333261707267403,1.28483701515793,-0.275423300761347,0.452272916776399
349,4023,"p9","m0",0.445889738676046,1.3510634670671,-0.110614899577028,0.314281952982897
350,4028,"p9","m0",0.45872846236805,1.32783239147398,-0.0588410557068624,0.06843372222671
351,4033,"p9","m0",0.336724957071951,1.22496418964966,-0.543141399673544,0.347054583956404
352,4040,"p9","m0",0.420401723750961,1.3273190740277,0.0243276282369834,0.250765847987326
353,4049,"p9","m0",0.383180851290207,1.30637148294523,-0.267920712794033,0.403782112560233
354,4089,"p9","m0",0.375163706079266,1.29501089126709,-0.212546972768916,0.43729794313735
355,4106,"p9","m0",0.371278394409296,1.32120355238417,0.0201425593498886,0.584205941328069
356,4114,"p9","m0",0.335078372501491,1.2769115738616,-0.521185985968976,0.583013397357396
357,4153,"p9","m0",0.536559969431603,1.38005000417229,-0.117259723787186,-0.100057835530843
358,4157,"p9","m0",0.442708812962675,1.30638880752708,0.107402477638802,0.18863088932756
359,4158,"p9","m0",0.220516632832028,1.22227385924861,-0.637685985175853,0.844677782127252
360,4160,"p9","m0",0.298168098187121,1.24023353295116,-0.500358151774113,0.710493496469029
361,4164,"p9","m0",0.328786887685997,1.25172907446989,-0.772416568480598,0.621908867038376
362,4175,"p9","m0",0.317274269911171,1.21283820512164,-1.07990955598522,0.345383243271172
363,4179,"p9","m0",0.427523017801319,1.34968883353364,-0.110545912728221,0.323716140162108
364,4206,"p9","m0",0.279145513116766,1.24769374523244,-0.83966753790296,0.73546550307747
365,4208,"p9","m0",0.331094374399028,1.23630364130661,-0.721222691656711,0.47229022251612
366,4227,"p9","m0",0.330921257912427,1.2729485604125,-0.747947445888837,0.368113145631774
367,4235,"p9","m0",0.372692491752822,1.31910729992926,-0.55862336338349,0.42020481820204
368,4274,"p9","m0",0.316047695923731,1.27822466264638,-0.35730299512181,0.503313343410436
369,4283,"p9","m0",0.294983800133069,1.26843786788969,-0.952195747879167,0.551806326430689
370,4284,"p9","m0",0.256803679084875,1.24836967552537,-0.302470827826277,0.766195466448753
371,4285,"p9","m0",0.402404879253622,1.29413838710481,-0.262536324322526,0.292593646828031
372,4303,"p9","m0",0.402638883227137,1.31364991465345,-0.680086194808865,0.235623253457979
373,4307,"p9","m0",0.33897099585382,1.26791625257359,-0.280137089606247,0.59304964674494
374,4314,"p9","m0",0.352699185866965,1.31293333053984,-0.456886676621648,0.49574559787702
375,4322,"p9","m0",0.373608797842142,1.30119653524165,-0.155699952760954,0.368517948676421
376,4338,"p9","m0",0.49027153537283,1.30984782263379,-0.509841790412595,-0.0962644988862477
377,4343,"p9","m0",0.366698202076759,1.32977221277052,-0.224262123922107,0.63710835322375
378,4345,"p9","m0",0.221951206397719,1.20697351766778,-0.507460985727454,0.933950340965156
379,4363,"p9","m0",0.320923108279998,1.27726285682908,-0.626674643211054,0.616340737791391
380,4377,"p9","m0",0.314665676653802,1.26469152554417,-0.794346312858752,0.584165189352859
381,4381,"p9","m0",0.311242745841603,1.26630338528361,-0.180265115729641,0.640046316428919
382,4395,"p9","m0",0.313842972003472,1.25954914292116,-0.221578854154029,0.618542077227093
383,4410,"p9","m0",0.21987993966564,1.17263606056418,-0.839985605444829,0.863643876919536
384,4412,"p9","m0",0.358779231005681,1.20384518126688,-0.606877197263564,0.288098752086439
385,4415,"p9","m0",0.425255837334478,1.36500196761752,-0.194581697257935,0.177087292503467
386,4425,"p9","m0",0.346914725423839,1.24327406026401,-0.531395045634254,0.3312546734398
387,4428,"p9","m0",0.278492741389233,1.24509955657188,-1.02261771548951,0.691392977876246
388,4457,"p9","m0",0.294755514451795,1.24356577535359,-0.389296047183188,0.557903776216207
389,4477,"p9","m0",0.388884070149353,1.30116144599196,-0.337916811595919,0.218275215318461
390,4482,"p9","m0",0.435880053677236,1.33673436521036,0.000575682040850999,0.394695372609958
391,4497,"p9","m0",0.383705068519083,1.32173569580903,-0.228820942589414,0.534981977567901
392,4510,"p9","m0",0.267903789538761,1.19756375592446,-0.547414712407207,0.484164526291665
393,4517,"p9","m0",0.344548793113678,1.26109006146586,-0.251159351583449,0.392575777977565
394,4518,"p9","m0",0.355650486730634,1.27225914983047,-0.460256826462777,0.501456888257032
395,4526,"p9","m0",0.531985185918451,1.30053619228621,-0.0632225040155803,-0.301595096165494
396,4530,"p9","m0",0.289655829846045,1.25323548885615,-0.575414401716341,0.759223319115835
397,4591,"p9","m0",0.258594559037018,1.20537139364904,-0.338112271163223,0.781052012947455
398,4592,"p9","m0",0.314439501600659,1.1919511052929,-0.584468660748805,0.410534262917174
399,4611,"p9","m0",0.40674314369826,1.27847900946387,-0.458643655210395,0.265751441534375
400,4618,"p9","m0",0.375471821986984,1.30315616126618,-0.58626014954041,0.343098314295335
401,4621,"p9","m0",0.412871466283675,1.34556395236017,-0.291164948813546,0.487176733817476
402,4624,"p9","m0",0.350114723996822,1.30468657094277,-0.307472416459577,0.379445886247735
403,4635,"p9","m0",0.319654213770079,1.27643032988751,-0.277144926900184,0.510248886500803
404,4653,"p9","m0",0.278250539285465,1.2528759898907,-0.334011197310644,0.896096269055558
405,4666,"p9","m0",0.326099004511838,1.24165972410271,-0.315536997197585,0.296228324762277
406,4670,"p9","m0",0.497853295277013,1.38010562363296,-0.216933904851075,-0.0584038237763726
407,4703,"p9","m0",0.204191326814396,1.20714878387243,-0.571790395731057,0.787797070434033
408,4742,"p9","m0",0.334133502485653,1.31241197959949,-0.289627875067299,0.626379484992404
409,4756,"p9","m0",0.319933400582958,1.29395967460486,-0.369506725309112,0.716435029184481
410,4768,"p9","m0",0.329336883324563,1.29412291796991,-0.312734408357403,0.755686733741954
411,4777,"p9","m0",0.32467693702784,1.27917630563775,-0.252054705735362,0.569373958522421
412,4782,"p9","m0",0.393347297399298,1.27580046179176,-0.417757253925371,0.194226506464242
413,4818,"p9","m0",0.299340849972792,1.25492888003225,-0.333097142812226,0.559509242175782
414,4820,"p9","m0",0.364672610027297,1.29699186955681,-0.490366085764158,0.514609331605258
415,4824,"p9","m0",0.345602180035489,1.27582136298711,-0.567727319843916,0.493987964556344
416,4845,"p9","m0",0.442431519391937,1.33745123768396,-0.245112601072669,0.186562660673421
417,4855,"p9","m0",0.225395334113591,1.25961936481145,-0.468245402882968,0.918880217578576
418,4876,"p9","m0",0.3226355868837,1.25523716509179,-0.51746343391579,0.645250620746365
419,4879,"p9","m0",0.245655335995104,1.20035628002705,-0.504773170014508,0.613170997560461
420,4893,"p9","m0",0.272995615742852,1.29426556185323,-0.770172782320792,0.807025438836344
421,4907,"p9","m0",0.433827375771929,1.35022971171539,-0.10119460881168,0.287718285870125
422,4908,"p9","m0",0.355495712964842,1.27306397685348,-0.534740857177044,0.478731194807119
423,4909,"p9","m0",0.341264450407192,1.31436004355192,-0.169393850928867,0.645864624430366
424,4916,"p9","m0",0.366308693405415,1.30878539937271,-0.2766057994325,0.484401014009234
425,4921,"p9","m0",0.401520226466883,1.31599008528728,0.0267774459252233,0.298959764908581
426,4937,"p9","m0",0.446796452020878,1.31489700434342,0.0503307159554338,0.159783422918711
427,4939,"p9","m0",0.362851133011044,1.27376232788068,-0.307555903749966,0.484669705587405
428,4946,"p9","m0",0.368642204008699,1.29524551892874,-0.239502556286949,0.413288593085423
429,4947,"p9","m0",0.42300587698247,1.26753170744867,-0.318164450222199,0.161586380375338
430,4962,"p9","m0",0.38420173119499,1.32447217169797,0.06888228545414,0.419578356805734
431,5009,"p9","m0",0.408184575280349,1.30498806419197,-0.629150169361629,0.211687732482931
432,5011,"p9","m0",0.386694803977805,1.29245553475172,-0.188467477145533,0.257062216881999
433,5017,"p9","m0",0.272695128983947,1.21012359545139,-0.301286443615135,0.818805495226777
434,5026,"p9","m0",0.402213947443589,1.32433860969256,-0.0825046149902416,0.419196522134605
435,5044,"p9","m0",0.313796914652037,1.21320155828537,-0.792370238805165,0.496098277795581
436,5051,"p9","m0",0.286602398934719,1.21274135247808,-0.611470428754663,0.652901718630565
437,5061,"p9","m0",0.527468992288958,1.30923021802049,0.0137923441210442,-0.123564542929356
438,5070,"p9","m0",0.458972377873065,1.26535611526192,-0.401736429965926,-0.106918988058094
439,5078,"p9","m0",0.435062612284005,1.36593265170759,0.14805758655619,0.336253938724296
440,5084,"p9","m0",0.398063639129077,1.37657016666846,-0.0535034112160279,0.580269570301323
441,5087,"p9","m0",0.303398676543124,1.30739125080911,-0.363569905678691,0.741156350145432
442,5116,"p9","m0",0.447967834174758,1.29347609264585,-0.289059389845599,0.0266371181072058
443,5131,"p9","m0",0.347203747554618,1.26413119710001,-0.410355815903841,0.316758201790016
444,5134,"p9","m0",0.388108595710442,1.30686099461366,-0.501470730380625,0.447095794105522
445,5148,"p9","m0",0.351805661954575,1.24938151400856,-0.432210669179766,0.300745484021269
446,5159,"p9","m0",0.393776760941037,1.25994563348067,-0.240297366195457,0.269162014072743
447,5163,"p9","m0",0.296898827834982,1.25453496642923,-0.556231212431036,0.490876315230803
448,5179,"p9","m0",0.356254515949552,1.33149459923238,-0.328533972988581,0.612400980067888
449,5195,"p9","m0",0.371538630464015,1.29584933309488,-0.313693628414469,0.413941420723821
450,5207,"p9","m0",0.260036307710992,1.29718717735896,-0.535190309650706,0.895833971674629
451,5212,"p9","m0",0.29868790637525,1.2224907333077,-0.689153722326767,0.608531986352857
452,5231,"p9","m0",0.378404152517965,1.27230540062946,-0.445467323869567,0.354112098598554
453,5239,"p9","m0",0.412409000433317,1.33278081872273,-0.478916952678281,0.331616972259227
454,5243,"p9","m0",0.321956486940703,1.25661297300731,-0.672074236620243,0.585871983404741
455,5246,"p9","m0",0.382130563380054,1.32242498692811,-0.139444818601112,0.455120581264215
456,5259,"p9","m0",0.367982547896319,1.31989932943814,-0.308476462771814,0.370596821844393
457,5294,"p9","m0",0.369597054061769,1.30633778540966,-0.290399968786494,0.569188723927171
458,5317,"p9","m0",0.3754857196899,1.30029869649971,0.0514200371078925,0.469574197984985
459,5336,"p9","m0",0.3875770776115,1.28963884592455,-0.278959645534892,0.26342523226905
460,5339,"p9","m0",0.343470680999529,1.21886154227778,-0.470002015717693,0.303870500791199
461,5344,"p9","m0",0.376487062593988,1.26674115680749,-0.414775418821895,0.481312947426605
462,5347,"p9","m0",0.158207996856439,1.16619437888803,-0.562893473561242,1.09229448460961
463,5352,"p9","m0",0.402993147972087,1.29304567197893,-0.359594603008242,0.37832521564223
464,5380,"p9","m0",0.414932764186053,1.29769310223275,-0.195356788141551,0.317679234694658
465,5400,"p9","m0",0.171872219475534,1.21972043020604,-0.790223327095196,1.08019466987054
466,5401,"p9","m0",0.397404642818255,1.29670124111843,-0.164863035949253,0.50376896625728
467,5414,"p9","m0",0.414300987563931,1.31432020039594,-0.222429278261014,0.369402847291497
468,5433,"p9","m0",0.299700545330299,1.24936819798169,-0.545901949892857,0.609214674125341
469,5434,"p9","m0",0.395016787558335,1.30876855679848,-0.326502062780113,0.406331089484049
470,5437,"p9","m0",0.291028259457718,1.26949517340123,-0.538522456593163,0.69046974489707
471,5460,"p9","m0",0.426430826003213,1.25608094645636,-0.576279401222619,0.142999309144862
472,5461,"p9","m0",0.396053782133698,1.24737325087345,-0.439788050467922,0.211856383392369
473,5506,"p9","m0",0.379594177167696,1.29293533851193,-0.462012526777208,0.485078206205201
474,5512,"p9","m0",0.411676810560711,1.30503124038041,-0.411026889029404,0.192914584420596
475,5519,"p9","m0",0.314911916768468,1.32298363009069,-0.495683563998594,0.851020048625922
476,5549,"p9","m0",0.315081109515195,1.25464910483404,-0.562503386387894,0.545142839732035
477,5559,"p9","m0",0.372783716150987,1.28955132681999,-0.239369760375399,0.464347025569045
478,5566,"p9","m0",0.202237152267891,1.17603691868208,-0.942729278881608,0.808524300127752
479,5571,"p9","m0",0.229442062828527,1.27733784847377,-1.13597771045556,0.952370412999956
480,5575,"p9","m0",0.36641099535823,1.30698107297625,-0.195527903462541,0.612107132099317
481,5601,"p9","m0",0.316548077072822,1.27523029703694,-0.446450637179517,0.514736548818605
482,5621,"p9","m0",0.35673312529394,1.31617533275652,-0.234453809406755,0.581801501056873
483,5623,"p9","m0",0.328038607486607,1.29841970084579,-0.416178257096654,0.500895936415105
484,5634,"p9","m0",0.347781537040879,1.31347292854504,-0.189571822677038,0.497109652889123
485,5638,"p9","m0",0.223015150384049,1.21032638580368,-0.595143402322278,0.835517212655653
486,5670,"p9","m0",0.179555571785818,1.17590857714375,-0.674398712893797,1.01313407961907
487,5674,"p9","m0",0.207940740907337,1.20232594143078,-0.632881966594223,0.940775377325409
488,5683,"p9","m0",0.358694347192422,1.24525338206498,-0.247024078809607,0.429361839709714
489,5684,"p9","m0",0.375395090882119,1.27991712683125,-0.710336189178118,0.421689741367703
490,5687,"p9","m0",0.442365968921734,1.31290565814184,-0.319245655372667,0.239572331456186
491,5690,"p9","m0",0.31520741590646,1.27116505297539,-0.267236670383324,0.602922282652547
492,5714,"p9","m0",0.373529363147504,1.24012028555925,-0.179185530788715,0.297200786920101
493,5721,"p9","m0",0.348778750509345,1.27301162304501,-0.510582746760541,0.405607830071446
494,5735,"p9","m0",0.334577249937804,1.27945635640934,-0.395514346368026,0.674484413727336
495,5744,"p9","m0",0.510938907864551,1.39274765120504,0.160027286264314,0.0906818497113857
496,5748,"p9","m0",0.564184659924761,1.34621835851093,0.0292755879316845,-0.249812668940981
497,5760,"p9","m0",0.40736819137255,1.35467630031802,-0.255659728056411,0.416629675969398
498,5779,"p9","m0",0.37911854699273,1.2811124735114,-0.244200002185581,0.406971680972086
499,5788,"p9","m0",0.292902484310579,1.28510718758101,-0.688776706277523,0.631003351933908
500,5798,"p9","m0",0.413670514883891,1.29436431754391,-0.368514594568699,0.232464960759529
501,5851,"p9","m0",0.37955586523024,1.35022976733802,-0.524154594679695,0.528041682455866
502,5859,"p9","m0",0.404215824025956,1.33218169377444,-0.280436194300249,0.407828751721972
503,5874,"p9","m0",0.247145903198423,1.25044876567302,-1.04942489356249,0.781198833712568
504,5879,"p9","m0",0.45253693925358,1.32390353021472,-0.142955030557096,0.298026279400137
505,5908,"p9","m0",0.35105799970534,1.31669109755742,-0.357121304039429,0.402044223641354
506,5926,"p9","m0",0.38300552992883,1.34287918365174,0.0509029605147445,0.582563067226747
507,5930,"p9","m0",0.381528898682265,1.2654894515968,-0.555990473733722,0.25555225788242
508,5932,"p9","m0",0.287783381139403,1.21913217951932,-1.09126988035026,0.541723614519436
509,5937,"p9","m0",0.462046475135057,1.33583520307104,-0.355672374396702,0.145711923499678
510,5939,"p9","m0",0.289755594708456,1.27540795929978,-0.362175568673117,0.74519115190306
511,5941,"p9","m0",0.352887127033328,1.27062049122805,-0.192258958741176,0.550470168034168
512,5945,"p9","m0",0.186269641439962,1.16258229096959,-1.15915440197905,0.800512538093069
513,5955,"p9","m0",0.360911980802704,1.35491616106421,-0.553853570613378,0.574563008020601
514,5956,"p9","m0",0.354753556532604,1.28142598545255,-0.458123997045455,0.5045998160516
515,5961,"p9","m0",0.352446132783522,1.27109357992057,-0.749306238061184,0.424610668346416
516,5964,"p9","m0",0.349040624957446,1.27011307745971,-0.346732490364222,0.35565436301814
517,5965,"p9","m0",0.314315470489488,1.26654513071995,-0.26173188404183,0.701172207861865
518,5981,"p9","m0",0.424788024249853,1.32572201496951,-0.358308898937881,0.258372218138237
519,5985,"p9","m0",0.455180458802989,1.30395454294078,-0.222575383331598,0.0226956177596338
520,6001,"p9","m0",0.363554818174971,1.32074473133343,-0.359511662479249,0.519913549299269
521,6006,"p9","m0",0.381979550499887,1.30529511037582,-0.383911831230218,0.38131626358757
522,6011,"p9","m0",0.37965612746709,1.34980474593304,-1.05663272169239,0.560954981456804
523,6018,"p9","m0",0.278103908411757,1.24178000197599,-0.801673562463819,0.792367283522628
524,6019,"p9","m0",0.289146546615131,1.24093693216105,-0.331017249870038,0.713581016037926
525,6024,"p9","m0",0.445857836251752,1.35483129128283,0.02457806451846,0.26437405750786
526,6026,"p9","m0",0.454157722453718,1.35151338340241,-0.145328727167293,0.224624531581335
527,6042,"p9","m0",0.396459072452898,1.24046423811356,-0.333725394784372,0.19554365221485
528,6044,"p9","m0",0.435828978020841,1.31126450557013,-0.230256496632079,0.138610772886054
529,6053,"p9","m0",0.477786673648036,1.31788915687533,-0.0798680962392103,-0.0144366857479651
530,6065,"p9","m0",0.372622756985806,1.30421912796738,-0.212509985510388,0.492015186732939
531,6089,"p9","m0",0.249489508764814,1.25139056529519,-0.684592652995758,0.893838123458913
532,6122,"p9","m0",0.295854554371272,1.24532337408971,-0.389204896732482,0.501205689309939
533,6130,"p9","m0",0.476423767304127,1.33271001778673,-0.37929821983294,0.0589473010348543
534,6135,"p9","m0",0.179391495895498,1.19857123571837,-0.956054285535503,0.93517499491576
535,6140,"p9","m0",0.19579148332129,1.1731016329747,-1.00080262556683,0.86346721059544
536,6145,"p9","m0",0.347869713877333,1.26486938981936,-0.607467296560781,0.441334156128532
537,6152,"p9","m0",0.385670699885542,1.29321983642849,-0.195219407305739,0.439390160725241
538,6190,"p9","m0",0.478862390028945,1.38266022420959,0.0314217687432948,0.213879088569535
539,6200,"p9","m0",0.415439792207927,1.31162435689919,-0.195589024319053,0.359530641236403
540,6207,"p9","m0",0.476751524563586,1.3252445177135,0.122424569305863,0.112118328903455
541,6255,"p9","m0",0.199985340812782,1.17753356501309,-0.654466547503885,0.801678731045061
542,6260,"p9","m0",0.297432795863793,1.21609176383939,-0.693457967167217,0.48002190466554
543,6294,"p9","m0",0.354874179332378,1.32034002533097,-0.265443299054636,0.497458174257575
544,6301,"p9","m0",0.386269212479921,1.33109009564129,-0.00252767300282732,0.543165640850194
545,6306,"p9","m0",0.315326105888476,1.28295174337513,-0.555410266479438,0.67605651520371
546,6311,"p9","m0",0.395058670800031,1.320701486357,-0.444701586671078,0.353805833567665
547,6325,"p9","m0",0.378580961543267,1.26163681475351,-0.265388213427758,0.30770271694883
548,6332,"p9","m0",0.357613863635966,1.29141349236971,-0.712676274206301,0.464432139656509
549,6379,"p9","m0",0.299248599128048,1.24899917677558,-0.780718033625392,0.673985002516771
550,6381,"p9","m0",0.251671390445502,1.22269308154019,-0.457002231721643,0.703397720842125
551,6407,"p9","m0",0.546584391996442,1.36252045093368,0.00568593059408838,-0.166725873795977
552,6411,"p9","m0",0.474476567680283,1.34717377540217,0.251583900284172,0.14256308994292
553,6419,"p9","m0",0.342089622114149,1.29703721935234,-0.0422466132032898,0.646194915913799
554,6429,"p9","m0",0.387489273990279,1.33074215387046,-0.361579783758195,0.353786937210727
555,6430,"p9","m0",0.307688132866895,1.26317420405158,-0.524878595075086,0.617383842661195
556,6478,"p9","m0",0.464963875303353,1.29067410774241,0.115324199038015,0.155169940295386
557,6483,"p9","m0",0.430145566402803,1.30773538176113,-0.0941923978774443,0.13004214456533
558,6520,"p9","m0",0.394817117590864,1.32371587751517,-0.722029814035901,0.401638510153932
559,6525,"p9","m0",0.496504250316035,1.35475330040984,0.182534709098704,-0.0376337618311849
560,6533,"p9","m0",0.248312345749578,1.18807064929621,-0.417925403082336,0.833101862317226
561,6536,"p9","m0",0.26974002078715,1.25500162606468,-0.390139946832516,0.788132994224513
562,6558,"p9","m0",0.399386325065043,1.28914530776154,-0.0333291746049098,0.3967946570703
563,6565,"p9","m0",0.29283889305585,1.23211485223081,-0.406393196656595,0.69974339064345
564,6570,"p9","m0",0.391658292461301,1.26694702211135,-0.128596912287712,0.0704265683092224
565,6593,"p9","m0",0.280551300376791,1.2300166203034,-0.902880401320173,0.662926753107922
566,6598,"p9","m0",0.367240680060035,1.28241777371196,-0.511882028716928,0.472551669897866
567,6603,"p9","m0",0.326548812005675,1.25435065739854,-0.435601001294444,0.474249986536108
568,6630,"p9","m0",0.443152277431025,1.32857583937137,-0.0327856804083576,0.258495739508127
569,6632,"p9","m0",0.379341169306497,1.32411472242268,-0.158851838461067,0.332535973828726
570,6635,"p9","m0",0.346860201679191,1.26974203447684,-0.645177648097136,0.327160778684207
571,6648,"p9","m0",0.413275446185004,1.30398400429325,-0.158705245474951,0.0440657627320885
572,6683,"p9","m0",0.231045071679018,1.23631057257114,-0.289889096012782,0.865480883984393
573,6691,"p9","m0",0.384648669058017,1.29820816386461,-0.599411104642973,0.315596635917229
574,6712,"p9","m0",0.341115716638297,1.28705665392267,-0.250951777960829,0.718253033609452
575,6724,"p9","m0",0.31442330980469,1.21752537848227,-0.687122239838981,0.413551676786581
576,6726,"p9","m0",0.382191303396372,1.28827645571075,-0.543799295717413,0.316458140512204
577,6744,"p9","m0",0.343416862686847,1.27787066617035,-0.326454011258656,0.632807958200394
578,6759,"p9","m0",0.298191227824067,1.24053789763806,-0.746178263737662,0.630961050774724
579,6771,"p9","m0",0.298372936768065,1.28444260492926,-0.449924071625537,0.71587424085909
580,6773,"p9","m0",0.441851925634965,1.36279863436998,-0.445376917938362,0.185316097372889
581,6781,"p9","m0",0.450014311559898,1.36530568366895,-0.0281285502410289,0.31859417413011
582,6816,"p9","m0",0.30124281734163,1.23850491300871,-0.0793904771518818,0.546693327191533
583,6820,"p9","m0",0.245869724631486,1.26161802105188,-0.826331749752333,0.854071581375076
584,6847,"p9","m0",0.28762098541537,1.23288936398101,-0.344822947413642,0.639953878195403
585,6854,"p9","m0",0.328082876415411,1.27362148581141,-0.38727535303797,0.432603035888093
586,6855,"p9","m0",0.376563114165553,1.37366718538663,0.0844350669641052,0.449760603296464
587,6869,"p9","m0",0.341117240635911,1.28405551031824,-0.396838035189745,0.498049124978184
588,6875,"p9","m0",0.354569469043068,1.2534887896676,-0.651189735631147,0.437712844452335
589,6913,"p9","m0",0.407169714666138,1.33063980446384,-0.52359961506869,0.336183119199045
590,6947,"p9","m0",0.322525442175582,1.19067542964496,-1.03388666994355,0.288346001150449
591,6948,"p9","m0",0.334455954262481,1.27219732359655,-0.896810461076806,0.573804832228371
592,6952,"p9","m0",0.3735509465072,1.25721136170401,-0.699432053805874,0.262526285241453
593,6976,"p9","m0",0.329058298680753,1.22043967664416,-0.518461968885187,0.406596329060518
594,6998,"p9","m0",0.315572409043555,1.26165958793812,-0.747635014424386,0.676646078548265
595,7012,"p9","m0",0.316595352495145,1.26039169000053,-0.357392786394402,0.495422265551613
596,7045,"p9","m0",0.22389083689631,1.21579184086411,-0.65321652702272,0.895855461191948
597,7052,"p9","m0",0.469465670723336,1.30358547657049,-0.204702871227838,0.0917429919567073
598,7066,"p9","m0",0.409584720508851,1.26924975492346,-0.468468037148755,0.168176951478462
599,7068,"p9","m0",0.451478107541077,1.38724387543288,-0.195011731672591,0.276412876872036
600,7069,"p9","m0",0.323152155552965,1.29363588403276,-0.545983977385834,0.581457150033251
601,7076,"p9","m0",0.250660638411716,1.2119301398231,-0.501336898295245,0.618948379608343
602,7081,"p9","m0",0.433046607545045,1.35422945164747,-0.346350220986813,0.162554902802427
603,7086,"p9","m0",0.403903128208257,1.29764233491654,-0.265425093162725,0.262596693476476
604,7103,"p9","m0",0.279725257449589,1.23871239226175,-0.230094190108488,0.623615166008587
605,7124,"p9","m0",0.249050041433493,1.26037094597803,-0.906793543060904,0.859992936552913
606,7159,"p9","m0",0.211005175668781,1.27262455368068,-0.612753109825788,0.827007581486255
607,7173,"p9","m0",0.442673619128019,1.33491638061331,-0.141032337914895,0.28812318145118
608,7211,"p9","m0",0.327788175570751,1.23340539418694,-0.606585704149625,0.517303628041405
609,7223,"p9","m0",0.334888989446014,1.27956710697501,-0.302384232602253,0.65003970565312
610,7224,"p9","m0",0.467198628991299,1.30997035991311,-0.0812587677583566,-0.0131662137288427
611,7237,"p9","m0",0.288153605396691,1.18084497836429,-0.678399494234136,0.601826713197156
612,7240,"p9","m0",0.309374617942019,1.26573891749589,-0.471587802911176,0.575533313569678
613,7242,"p9","m0",0.215755029123453,1.28139360262016,-0.351770317561142,1.01914404227593
614,7249,"p9","m0",0.274483912745232,1.20060562095028,-0.779231960472446,0.751052190122778
615,7265,"p9","m0",0.423900714651457,1.33938292717906,-0.260857299275482,0.312155604592657
616,7296,"p9","m0",0.229294685737072,1.23429224227273,-0.507135715924769,0.895749369653124
617,7307,"p9","m0",0.559149107422506,1.40575116567559,0.182413499564389,-0.069591849366552
618,7315,"p9","m0",0.393571911403296,1.31583081213532,-0.404332602213569,0.370134614561308
619,7324,"p9","m0",0.466109144818667,1.30612556064777,-0.367964318733361,-0.136895632174896
620,7325,"p9","m0",0.352333981427855,1.28827378454384,-0.438795962222653,0.665365674170425
621,7354,"p9","m0",0.28941576210853,1.23421161999394,-0.677606543925669,0.658700367930652
622,7356,"p9","m0",0.382881726510468,1.25344389789253,-0.271075526998326,0.422449883807756
623,7383,"p9","m0",0.419325128509418,1.32495336896958,-0.34593220569774,0.170593056175013
624,7407,"p9","m0",0.373255162294935,1.28017047914461,-0.32202412174164,0.350732919561511
625,7412,"p9","m0",0.280746350302049,1.23105951642692,-1.55045919650732,0.707206756171018
626,7422,"p9","m0",0.317888558007739,1.26669727487009,-0.508824136859237,0.562743054445253
627,7426,"p9","m0",0.4280446968177,1.30761010272279,-0.231750894794588,0.263801611014014
628,7436,"p9","m0",0.449258228992568,1.32679030808292,0.160363892334703,0.301241704437347
629,7445,"p9","m0",0.432562000663273,1.3311700289008,-0.144569860252018,0.181809636535463
630,7454,"p9","m0",0.273976467863174,1.16204819411449,-0.956032494927384,0.61413983635959
631,7455,"p9","m0",0.482146323486784,1.34697590021437,0.0072738796084484,0.129483244049236
632,7473,"p9","m0",0.362453720084493,1.31569069103893,-0.354989902390363,0.579465966906056
633,7485,"p9","m0",0.280476448335287,1.26571262156493,-0.671786409744027,0.74765375343981
634,7507,"p9","m0",0.474588166521114,1.38834779095962,-0.0267114758515396,0.262112468406937
635,7521,"p9","m0",0.325213954799559,1.2202775173187,-0.472887796565356,0.580712705943488
636,7527,"p9","m0",0.30036857200306,1.246981410465,-0.365469549454052,0.629767963774836
637,7548,"p9","m0",0.459562580408729,1.30221266250654,-0.11570774710624,0.122108967310883
638,7549,"p9","m0",0.466645228360115,1.34351348282809,-0.117770999550507,0.0844188989903174
639,7554,"p9","m0",0.376152054901856,1.29103215000359,-1.04039888614854,0.356728111296917
640,7555,"p9","m0",0.331989905835924,1.29284510500437,-0.846704893303281,0.51195030404108
641,7563,"p9","m0",0.449091230772769,1.34829793893753,-0.0820571794668826,0.27054764137473
642,7565,"p9","m0",0.287824477459263,1.20782326101067,-0.662426027577545,0.59308365711271
643,7579,"p9","m0",0.304658913019778,1.24883445265051,-0.787899481074188,0.44739628088597
644,7581,"p9","m0",0.342856986567305,1.26789450586341,-0.373567140669158,0.623409782550354
645,7589,"p9","m0",0.365961877281808,1.3081644778887,-0.533025511312192,0.388658435014308
646,7594,"p9","m0",0.413371915609982,1.24739814867391,-0.321018690333971,0.110960259589087
647,7598,"p9","m0",0.415709745320553,1.31415608104719,-0.225293449037225,0.223794396834056
648,7602,"p9","m0",0.367591489005567,1.29566670000278,-0.606389618347464,0.618907993800913
649,7628,"p9","m0",0.276199865844895,1.28123992074358,-0.849567044323872,0.843915959372237
650,7633,"p9","m0",0.383875743375065,1.29013328391545,-0.326667347196451,0.44367523292639
651,7637,"p9","m0",0.282072339794124,1.21287822236997,-0.941698856134226,0.691773745153046
652,7639,"p9","m0",0.309992560192429,1.25834040721422,-0.432567877520578,0.588411675496759
653,7651,"p9","m0",0.385746867396365,1.31954708387927,-0.662453217939906,0.4287073412436
654,7679,"p9","m0",0.39194124851626,1.2352787761155,-0.918444206032297,0.181249129534426
655,7688,"p9","m0",0.230257682742784,1.24866204163032,-0.578424080637405,0.963490139151289
656,7699,"p9","m0",0.44067289599374,1.30542057595342,0.0713841982687956,0.188345256732789
657,7719,"p9","m0",0.303652299501436,1.28089584567908,-0.592000266061512,0.618437392560917
658,7728,"p9","m0",0.413887544384017,1.30941898776964,-0.492321233856097,0.261647299494631
659,7747,"p9","m0",0.322850287005805,1.24431680133896,-0.478371456681405,0.601673598799644
660,7749,"p9","m0",0.34597057281155,1.25572937366323,-0.438743730560894,0.418109255304688
661,7754,"p9","m0",0.356831316102326,1.28408116354936,-0.0854366547289238,0.294728143451971
662,7773,"p9","m0",0.267078324702017,1.22126406799322,-0.379945306452886,0.77669464998158
663,7776,"p9","m0",0.350151233949311,1.25785969767427,-0.574721611310784,0.268252434024142
664,7797,"p9","m0",0.305751748567502,1.23391096926155,-0.8768448535888,0.494431188140602
665,7799,"p9","m0",0.341877726475305,1.21124808052344,-0.769205092044086,0.233782315807219
666,7800,"p9","m0",0.293931826123081,1.31209773139646,-0.278077446980173,0.83816888837927
667,7805,"p9","m0",0.226143581943357,1.1889579229881,-0.419009404036854,0.756582999778799
668,7806,"p9","m0",0.272262566001852,1.23743836728369,-0.651031712653086,0.810252935515461
669,7832,"p9","m0",0.291847603242096,1.21028144711018,-0.622847296341814,0.574296311922161
670,7841,"p9","m0",0.336723283324604,1.34062674622784,-0.692283716101416,0.587115841841154
671,7843,"p9","m0",0.474118841860609,1.36128977371625,0.248167779237456,0.176038724185928
672,7853,"p9","m0",0.509498200449614,1.30237863446142,-0.295181839015192,-0.165782693775181
673,7856,"p9","m0",0.417906916460123,1.30453608836021,-0.134894142993394,0.0496773215568704
674,7867,"p9","m0",0.418826214760317,1.29055507581603,-0.29606488936067,0.265753425242955
675,7885,"p9","m0",0.259628014206018,1.20854052405701,-1.17638192132035,0.74586027497607
676,7893,"p9","m0",0.215405495680517,1.21419093646667,-0.688525963532286,0.974607745080516
677,7894,"p9","m0",0.365003466358973,1.29753584390523,-0.359314272332399,0.507224762569837
678,7896,"p9","m0",0.268323744457892,1.23993329603578,-0.686653122696901,0.940361789904619
679,7909,"p9","m0",0.305058511430776,1.22998255719806,-0.727287840238461,0.234047783426018
680,7919,"p9","m0",0.23738524142771,1.28955619338839,-0.810440373440585,1.01344067046302
681,7934,"p9","m0",0.439539083398513,1.29165561119395,-0.502761004947679,-0.0626940585068589
682,7956,"p9","m0",0.518599481553336,1.36582676925929,0.16765031335274,0.0263816230600376
683,7961,"p9","m0",0.326116481403547,1.21400263620964,-0.93460882433824,0.48896090247664
684,7969,"p9","m0",0.309906575159614,1.26007445417584,-0.436264508389695,0.728877320251587
685,8021,"p9","m0",0.241701470678164,1.18957602956115,-0.521012359180645,0.718864262704852
686,8028,"p9","m0",0.383589976290441,1.31127360371845,-0.292861315492678,0.335737459741498
687,8045,"p9","m0",0.305868665641733,1.26258915919355,-0.637825267414532,0.594715967040081
688,8053,"p9","m0",0.449533192337215,1.28637441232231,-0.374872193949101,-0.018789739037618
689,8063,"p9","m0",0.435710499616667,1.33736246579716,-0.193676700142314,0.438716240900153
690,8075,"p9","m0",0.568766912086158,1.3782500091706,0.0860530132892595,-0.360043964577639
691,8081,"p9","m0",0.345966333200569,1.28336772124624,-0.411910396638597,0.477930812945767
692,8085,"p9","m0",0.24560114722859,1.21263831399255,-0.734880792372096,0.721800988124684
693,8093,"p9","m0",0.443959743210891,1.36018358347498,-0.114624044726625,0.253244680725068
694,8098,"p9","m0",0.331572530041066,1.28104480982759,-0.377540326937389,0.60832756653385
695,8104,"p9","m0",0.416749451241652,1.31742737582256,-0.572845539571018,0.281491746670358
696,8113,"p9","m0",0.238184620938045,1.22435364197114,-0.882485881411175,0.812999673216291
697,8131,"p9","m0",0.388308426311328,1.25546835412744,-0.41612993425662,0.151170800039596
698,8185,"p9","m0",0.451112095340553,1.3142519146413,-0.21660166201395,0.171212849400529
699,8202,"p9","m0",0.284287424893206,1.25413581093898,-0.0901972468826173,0.756538397705854
700,8218,"p9","m0",0.510015719429205,1.37303433933749,-0.0972536944921683,-0.0738623046280955
701,8231,"p9","m0",0.229478252030192,1.21273661198206,-0.715005448371787,0.962127867825953
702,8261,"p9","m0",0.417589564772657,1.29914139473756,-0.299894734450943,0.248361222351948
703,8272,"p9","m0",0.30393460772012,1.19331505915232,-0.931925253017492,0.397449250224842
704,8274,"p9","m0",0.313339567603439,1.25732328563159,-0.0333707715871644,0.369401382304202
705,8285,"p9","m0",0.421469875125317,1.27893769244521,-0.180647982812972,0.094941698808239
706,8288,"p9","m0",0.422621038327801,1.34764400675436,-0.0128274625807507,0.544711026626296
707,8290,"p9","m0",0.285501836835802,1.27762225156716,-0.495789501047808,0.859279964149828
708,8306,"p9","m0",0.230094670300794,1.22020802919205,-1.35134217933191,0.948425242412374
709,8311,"p9","m0",0.335998552140585,1.28208053831173,-0.4019934682722,0.614443825124559
710,8324,"p9","m0",0.389345603959377,1.29496308032879,-0.20341884808256,0.353934652540115
711,8335,"p9","m0",0.258662069730741,1.20893670271925,-0.404824234852536,0.664253774252935
712,8341,"p9","m0",0.261571428550417,1.27141803068318,-0.440152639750538,0.640194230539604
713,8347,"p9","m0",0.296287548841339,1.26550049433723,-0.284806795632408,0.667045178977314
714,8348,"p9","m0",0.419811756048553,1.30227238300007,-0.257363393948074,0.224598555621476
715,8349,"p9","m0",0.160155127093587,1.16680541561902,-0.882805719921148,0.917410200647451
716,8359,"p9","m0",0.406717127510455,1.28481731968091,-0.636786883078703,0.215163480172238
717,8361,"p9","m0",0.258035013832759,1.20171249794704,-1.23414079864828,0.542638067798707
718,8364,"p9","m0",0.346156474529632,1.29960090833685,-0.465863004987508,0.393587042810112
719,8369,"p9","m0",0.367124889086025,1.27676013960876,-0.263378264252252,0.352634367881124
720,8372,"p9","m0",0.345950699585151,1.25404586687139,-0.298309526427403,0.484781098913174
721,8394,"p9","m0",0.380724891543805,1.27534960153449,-0.378815246152607,0.425710490742431
722,8399,"p9","m0",0.313375134524201,1.28517782634343,-0.658840405010174,0.621582121581863
723,8407,"p9","m0",0.346382541178577,1.25268182064112,-0.93635254039301,0.365776023586032
724,8410,"p9","m0",0.625318236405084,1.38398711955698,0.254329703812249,-0.5350671745828
725,8419,"p9","m0",0.353628105226249,1.28578053706544,-0.0505664454203994,0.535581820730492
726,8446,"p9","m0",0.392036757092331,1.31361258473238,-0.438889561837989,0.30562716582926
727,8450,"p9","m0",0.353502484246734,1.29395215128831,-0.774344096660214,0.609006540579654
728,8470,"p9","m0",0.284887347281076,1.27260408608388,-1.00248763953902,0.676430974199343
729,8478,"p9","m0",0.337334691595985,1.21770951575719,-0.186098207261921,0.402817521525873
730,8486,"p9","m0",0.387205567250306,1.32166969578085,-0.549893588961295,0.286772975361431
731,8487,"p9","m0",0.214830306750515,1.26227845821594,-0.75804793389809,0.947962743405758
732,8500,"p9","m0",0.300460938639263,1.27849280315189,-0.277993175993081,0.684109907673787
733,8532,"p9","m0",0.39128421617707,1.21233643209571,-0.00712032501548972,0.131967823641711
734,8536,"p9","m0",0.30999840639063,1.2584619241414,-0.530494217590226,0.634032068230771
735,8547,"p9","m0",0.567059283211035,1.3922936415606,0.184058193939029,-0.144629040963492
736,8558,"p9","m0",0.434350485780084,1.31998886436373,-0.152470025743303,0.157579000801232
737,8560,"p9","m0",0.23795694147467,1.22615682910375,-0.807957653425333,0.929973678702665
738,8581,"p9","m0",0.310777562053282,1.29516718224414,0.0494363063588209,0.607248258813997
739,8591,"p9","m0",0.2481516025831,1.20889655349339,-0.846929491254931,0.712730136269312
740,8610,"p9","m0",0.435232677762466,1.26937986333759,-0.292646400207974,-0.139908609356143
741,8626,"p9","m0",0.456845466037547,1.2712064392423,-0.172197033323181,-0.0230293401828684
742,8631,"p9","m0",0.37575191550871,1.26624261011354,-0.872264252116296,0.181311121198513
743,8638,"p9","m0",0.372983647052524,1.32443238070182,-0.168361322908386,0.446908005859859
744,8639,"p9","m0",0.453029693395321,1.33596070793466,-0.401611444888023,0.152113767511999
745,8640,"p9","m0",0.266315601211088,1.26958761724405,-0.453867329267301,0.684770376413837
746,8679,"p9","m0",0.283778379926948,1.25023293844124,-0.04129326815239,0.701866797593752
747,8727,"p9","m0",0.390868631152214,1.34352501612305,0.0346134937537334,0.528468425128725
748,8736,"p9","m0",0.342446982168791,1.28511491466152,-0.684326736922858,0.571978964427857
749,8743,"p9","m0",0.408765167105746,1.2898125998488,-0.145364077021462,0.178727166759796
750,8748,"p9","m0",0.457930875501107,1.2802280315798,-0.296391343118608,-0.0772043648049342
751,8775,"p9","m0",0.419136221034448,1.29299159521481,-0.00806479437279874,0.279709777335242
752,8805,"p9","m0",0.286382069822718,1.213778537767,-0.199912172499012,0.599165586317188
753,8811,"p9","m0",0.431326454559267,1.31574160471739,0.0270106931704836,0.246946077565447
754,8823,"p9","m0",0.315354574814381,1.26697062422547,-0.309958314281654,0.604975958061505
755,8842,"p9","m0",0.304545798965403,1.25679814277537,-0.298514095155756,0.689538371264875
756,8848,"p9","m0",0.361678898737304,1.31099696329131,-0.777809396165138,0.504513479892147
757,8890,"p9","m0",0.302046967230785,1.2394963917557,-0.344949144410871,0.603528467429494
758,8913,"p9","m0",0.370441311135026,1.33618712680318,-0.440720147695445,0.544554386762287
759,8921,"p9","m0",0.467216663931534,1.34126963766989,-0.115618537157998,0.0652567223873305
760,8926,"p9","m0",0.392186505100122,1.2613711442845,-0.187645360267495,0.257011378468678
761,8930,"p9","m0",0.306602522400173,1.27688618818712,-0.534575296240688,0.598141702119509
762,8939,"p9","m0",0.37652203785206,1.26326570897463,-0.282338610801057,0.378398952326092
763,8941,"p9","m0",0.300235410402445,1.2671893595606,-1.14372190132847,0.551221623682136
764,8943,"p9","m0",0.365495396699769,1.34514937278102,-0.428987879011443,0.602539763821075
765,8958,"p9","m0",0.341788464640614,1.29390358462374,-0.556096049774124,0.459225334941836
766,8964,"p9","m0",0.411597160968417,1.31547768591627,-0.156172559864073,0.237828981898117
767,8985,"p9","m0",0.360307463937985,1.29661255914586,-0.323147677547325,0.417000407934509
768,9003,"p9","m0",0.404532666200324,1.3623819065633,-0.137365077766683,0.512344133006675
769,9008,"p9","m0",0.24074639437073,1.2127942978345,-0.697102671392088,0.752356081316093
770,9015,"p9","m0",0.38914211001665,1.25712722607248,-0.338571220405677,0.239780729378341
771,9031,"p9","m0",0.235601504825035,1.14488837829425,-0.807982553941087,0.668176526023523
772,9039,"p9","m0",0.530293366513939,1.34839885839382,0.246378790957109,0.00580747567211534
773,9087,"p9","m0",0.337048272809886,1.23365712915599,-1.0763023768866,0.489181535527244
774,9129,"p9","m0",0.411742576139319,1.27738624819382,-0.206430822775756,0.256465828971442
775,9149,"p9","m0",0.327305854796162,1.27692247548045,-0.839039813145569,0.541190609756793
776,9188,"p9","m0",0.282796491065422,1.25601697117638,-0.742203291173975,0.759431400400562
777,9189,"p9","m0",0.351014428744777,1.2894799771444,-0.20956863314402,0.665239814222529
778,9204,"p9","m0",0.422919554271051,1.28701433742118,-0.435913995254422,0.216757974726651
779,9206,"p9","m0",0.436149655528318,1.30540370248807,0.0108476420773196,0.269989486502757
780,9242,"p9","m0",0.527782736077341,1.35581024489538,0.0113658876032574,-0.0972995795132003
781,9251,"p9","m0",0.341575800756803,1.2706435765623,-0.240805343836438,0.331979748302815
782,9254,"p9","m0",0.317369836401272,1.28692321475124,-0.455105719848896,0.57557550180866
783,9268,"p9","m0",0.363951947516254,1.27851485899567,-0.403901151022035,0.3426355504764
784,9303,"p9","m0",0.415987162343509,1.29741574541607,0.0189607967733977,0.311869227562772
785,9312,"p9","m0",0.373871138794845,1.3030726743268,-0.0978756550407241,0.386578472540534
786,9314,"p9","m0",0.396243503067899,1.30577801275641,-0.171233065007299,0.398848230284675
787,9315,"p9","m0",0.350844896130338,1.26068744142417,-0.475053278579271,0.471490561934628
788,9367,"p9","m0",0.373663357924884,1.240463481856,-0.102150371171811,0.369254664975367
789,9368,"p9","m0",0.34417979415672,1.29777454007736,-0.363692100614652,0.805686441691201
790,9369,"p9","m0",0.324528695309059,1.25578934135604,-0.491203253980893,0.473511132477243
791,9374,"p9","m0",0.512741299050582,1.31191412940999,-0.205707276755696,-0.159922738276878
792,9378,"p9","m0",0.366079693827144,1.25232373726921,-0.27254915653941,0.346128064967904
793,9382,"p9","m0",0.173885062442869,1.15791284050643,-0.762547522989848,0.871693113987693
794,9390,"p9","m0",0.488168497126494,1.33908576679908,0.043353199556395,0.0620217132406711
795,9396,"p9","m0",0.362608009006714,1.29212972851275,-0.364139254232928,0.418414048527693
796,9407,"p9","m0",0.267580002086293,1.23505965542271,-0.568044328230816,0.682302387809151
797,9431,"p9","m0",0.424964627594619,1.32950880171527,-0.274684498682624,0.421709141992231
798,9438,"p9","m0",0.408677406807903,1.33804068762474,-0.165135050397514,0.626331434399773
799,9441,"p9","m0",0.380113386769728,1.31556348400973,-0.0426058787670557,0.422207894267052
800,9442,"p9","m0",0.45638965571359,1.33218511092812,-0.387717094363201,0.24692745497457
801,9462,"p9","m0",0.47538189720067,1.30679314346574,0.0305598800672546,0.165198483580259
802,9468,"p9","m0",0.406147350132836,1.26331181104989,-0.468621957373749,0.0422120741733201
803,9496,"p9","m0",0.22738354326022,1.2013767988578,-0.423401464446555,0.893978053500955
804,9523,"p9","m0",0.418419000135131,1.29588660835536,-0.039969677975445,0.119874128287747
805,9525,"p9","m0",0.453311629032769,1.32842397532905,-0.248132658305248,0.147022859950389
806,9527,"p9","m0",0.397173419537201,1.30253716648254,-0.276272699431256,0.33815060620161
807,9530,"p9","m0",0.244018436672315,1.24571671267038,-0.581892466774457,0.892881365417442
808,9533,"p9","m0",0.26808445013948,1.26919531800752,-0.977766866026225,0.661724394563069
809,9534,"p9","m0",0.3242344574264,1.16035031499853,-0.652819153739098,0.235226986464237
810,9536,"p9","m0",0.299688816904157,1.2968599503985,-0.466954353478813,0.65898166789188
811,9541,"p9","m0",0.344372440078514,1.28217457446044,-0.249985085094232,0.589053554221574
812,9551,"p9","m0",0.367521820853181,1.30600321115894,-0.964133207263052,0.528671794554646
813,9570,"p9","m0",0.208419527172277,1.23316167167678,-0.913122803404775,0.905902618188233
814,9574,"p9","m0",0.482467812829124,1.35539970432656,-0.493795857234282,0.0298468752643171
815,9588,"p9","m0",0.329943647166414,1.24929882513493,-0.636776609751247,0.566074544097432
816,9591,"p9","m0",0.379886605897264,1.28838226116487,-0.269972402578004,0.420928953466699
817,9601,"p9","m0",0.39752666248062,1.33960212409337,-0.493606299443666,0.340674860338884
818,9602,"p9","m0",0.369787208979263,1.29372629491747,-0.650161486773023,0.363834662848598
819,9612,"p9","m0",0.43814640950644,1.33608656615788,0.203116658929385,0.310558062779242
820,9619,"p9","m0",0.235522854558869,1.22093345634838,-0.949556441575588,0.797887654526086
821,9623,"p9","m0",0.366108806368301,1.31202541025582,-0.0109902469689516,0.590300656795133
822,9645,"p9","m0",0.342981626042062,1.22841234551669,-0.886501932806204,0.364415521360242
823,9671,"p9","m0",0.36920399728028,1.25094896788077,-0.628207094629066,0.335572587753956
824,9679,"p9","m0",0.263488194235275,1.22630227472364,-0.734171921105069,0.828569693123589
825,9686,"p9","m0",0.318811095541503,1.25770138201459,-0.521798591823089,0.446459523603262
826,9693,"p9","m0",0.333181820601058,1.27171292238106,-0.787668728643903,0.550651735277389
827,9697,"p9","m0",0.437190376322413,1.36486113660867,-0.0397299668046541,0.411724537223289
828,9736,"p9","m0",0.27808363193093,1.2636065498135,-0.903052242038771,0.724136822947806
829,9739,"p9","m0",0.25576701650178,1.21151457337589,-0.733283873275167,0.847119250114675
830,9742,"p9","m0",0.248075034048139,1.22376273245773,-1.031652271887,0.665498860193054
831,9747,"p9","m0",0.277772822679196,1.26371779826114,-0.473799174213136,0.735241898907244
832,9810,"p9","m0",0.324821376700354,1.33764760632261,-0.812741005672879,0.762375743439811
833,9820,"p9","m0",0.382052268325837,1.28580683033898,-0.57947504487859,0.290020842573412
834,9842,"p9","m0",0.255757619453256,1.23680339089144,-0.872137305448296,0.708649284152139
835,9843,"p9","m0",0.447960318266644,1.3001654155638,-0.238885275734698,0.110105674659594
836,9848,"p9","m0",0.353061180849875,1.23176222767725,-0.327837590880661,0.469900327616577
837,9852,"p9","m0",0.46717125404193,1.32229416638292,0.0963065483138152,0.0220792418231373
838,9876,"p9","m0",0.29033670147056,1.24585008420198,-0.992879437768657,0.615237634283335
839,9878,"p9","m0",0.312011271598083,1.23458739157979,-0.578569769872031,0.553149221311193
840,9881,"p9","m0",0.466044503578506,1.33585242815857,0.022510789952582,0.137881870184506
841,9887,"p9","m0",0.369649274378112,1.29345232650202,-0.571046212641304,0.380727084015197
842,9905,"p9","m0",0.437564671129221,1.35752171985782,-0.0672246691393297,0.240165206882983
843,9926,"p9","m0",0.383328621606054,1.32848139347784,-0.195936471177457,0.392901736555249
844,9939,"p9","m0",0.293620133919402,1.2667910198331,-0.279654019422742,0.66917930887802
845,9954,"p9","m0",0.378826207475833,1.34171078874536,-0.283548649273188,0.527980979234024
846,9958,"p9","m0",0.294931744004584,1.23480207735787,-0.62926981456811,0.711199525971517
847,9962,"p9","m0",0.34994615953539,1.33790718987915,-0.26372580515224,0.670912816753636
848,9969,"p9","m0",0.424848056819594,1.32885343764083,-0.0950130441098724,0.253363744912445
849,9982,"p9","m0",0.329362665041605,1.23284983114684,-0.394113491662505,0.499655542332809
850,9988,"p9","m0",0.361768490958874,1.31889805262328,-0.163393565874718,0.502312388705041
851,9990,"p9","m0",0.354578870198495,1.30026308509828,-0.251393710812985,0.474524497385933
852,9997,"p9","m0",0.48241135582441,1.29919715046994,-0.306140190808213,0.0562992498788436
853,10002,"p9","m0",0.400863394216356,1.26582562737231,-0.260560878069257,0.157996767462643
854,10018,"p9","m0",0.286769850557654,1.22430964852942,-0.755294500257587,0.551565095148558
855,10026,"p9","m0",0.31109803168688,1.28473454498059,-0.448665955542853,0.684106332477036
856,10029,"p9","m0",0.358916277813346,1.28250706333456,-0.251316910103952,0.432240968347341
857,10043,"p9","m0",0.238760949887208,1.23175324602356,-0.813438184719439,0.727579176194451
858,10047,"p9","m0",0.295413453321638,1.29042903761479,-0.635317430711737,0.665817771583815
859,10068,"p9","m0",0.385691534078981,1.27207504316028,-0.360180762828003,0.314997677100435
860,10075,"p9","m0",0.210553724921343,1.24352644865234,-1.17270484416452,1.08598249170466
861,10080,"p9","m0",0.38556030590871,1.28579558780373,-0.356081343544404,0.385643237581508
862,10092,"p9","m0",0.273992344270437,1.24098496759385,-1.37331180310391,0.622584525764071
863,10123,"p9","m0",0.216862753964117,1.15901441312158,-1.11161314115746,0.767211650587346
864,10144,"p9","m0",0.269768361172711,1.21922195390126,-0.64593154577487,0.708872031816347
865,10174,"p9","m0",0.417192435479766,1.3276636176508,-0.462513759877432,0.124339063446877
866,10190,"p9","m0",0.290032523487065,1.26056472337119,-0.573906405928466,0.684813229352405
867,10192,"p9","m0",0.37767811502032,1.2905675161166,-0.463462348603171,0.44697408518482
868,10196,"p9","m0",0.250414098732207,1.20823451643968,-0.767691627231231,0.683749799660865
869,10214,"p9","m0",0.292684688480683,1.25810994944721,-0.663046384185492,0.640821628108279
870,10217,"p9","m0",0.197212693171888,1.16301787011832,-0.576186911203562,0.881193455764339
871,10223,"p9","m0",0.379989462831409,1.32678165696037,-0.296826936035625,0.443134246404614
872,10225,"p9","m0",0.301577105844171,1.25252735169261,-0.78809344753919,0.669714837781403
873,10234,"p9","m0",0.357049801115251,1.27800827384001,-0.610889499505579,0.479354382998346
874,10235,"p9","m0",0.341353689592928,1.29557424135395,-0.207696244019627,0.53089624303443
875,10249,"p9","m0",0.306721715034563,1.2606997407642,-0.438002720298923,0.595857206706611
876,10252,"p9","m0",0.325332286908194,1.3180746788341,-0.454215641966169,0.801927054182419
877,10264,"p9","m0",0.354175999559685,1.24858369005312,-0.420761274001533,0.101847844951962
878,10267,"p9","m0",0.268214123551778,1.29745765622964,-0.380291505235913,0.927919221913098
879,10272,"p9","m0",0.236623291236236,1.18029911809343,-0.892135385405606,0.797450454448984
880,10281,"p9","m0",0.310408127912704,1.2836409938892,-0.537423901394905,0.814178751056315
881,10285,"p9","m0",0.220212207745625,1.16587935838069,-0.70919460916273,0.841791016388118
882,10295,"p9","m0",0.434589826258824,1.33567610588386,-0.144846698852326,0.0703507703535505
883,10301,"p9","m0",0.37995157584834,1.30201129736896,-0.169514241187738,0.226997200948516
884,10303,"p9","m0",0.324398136257187,1.29643948368074,-0.223469913485917,0.551171334800613
885,10310,"p9","m0",0.315215813412962,1.29810621302822,-0.394683076728694,0.581858006264219
886,10337,"p9","m0",0.304253775659334,1.23634584268148,-0.319817225266576,0.588614187416555
887,10338,"p9","m0",0.435299725265217,1.32225795461881,-0.212596994220979,0.295305428746212
888,10366,"p9","m0",0.401077881234558,1.27497934923677,-0.319159004017306,0.257157330498674
889,10368,"p9","m0",0.278338937501379,1.24841836332166,-0.366495919443107,0.877104430005203
890,10387,"p9","m0",0.409494656503509,1.25697298958512,-0.288840024960892,0.045301305039376
891,10406,"p9","m0",0.267313749365839,1.25606959214731,-0.60157581463778,0.943553022017588
892,10419,"p9","m0",0.324723598889201,1.19470442321003,-0.611960191063801,0.494343415806887
893,10420,"p9","m0",0.358869147572044,1.26185038053724,-0.248834406922804,0.455229426791473
894,10423,"p9","m0",0.331921162218651,1.23602470410618,-0.661657700960759,0.336958258841705
895,10441,"p9","m0",0.504475622750246,1.3565224243487,0.0706967633898318,-0.04533052205467
896,10448,"p9","m0",0.371594641585513,1.27019563461605,-0.0782729635537618,0.394141470335033
897,10461,"p9","m0",0.339896435061971,1.27415183361188,-0.0375278884593365,0.484533778284338
898,10474,"p9","m0",0.338052966870276,1.28521706914747,-0.462117416605277,0.460180041256653
899,10480,"p9","m0",0.35481167378551,1.28182851858194,-0.305594562488734,0.321835979382965
900,10501,"p9","m0",0.352870043733458,1.30153829632954,-0.572250848136741,0.409323738900514
901,10503,"p9","m0",0.419297133871217,1.34892280063262,-0.301790016093225,0.481997224850034
902,10524,"p9","m0",0.309678552328275,1.25885624618682,-0.744528464829959,0.632928064147289
903,10531,"p9","m0",0.493915764896277,1.36766565671842,0.0465285699888486,-0.00607053314142608
904,10532,"p9","m0",0.282603737016133,1.22455617413629,-0.472976633183139,0.448662469357808
905,10571,"p9","m0",0.361591449397027,1.29747014305908,-0.166076487678634,0.522464292809475
906,10576,"p9","m0",0.347719742005096,1.26848292051149,-0.510357827154825,0.46203157488789
907,10585,"p9","m0",0.414146269710451,1.31559527072484,-0.0814196271231984,0.48444501985848
908,10596,"p9","m0",0.351934050687514,1.32446777736176,-0.574030489431519,0.67291926698948
909,10601,"p9","m0",0.313995243229147,1.26079745379724,-0.585510667216856,0.562855404728325
910,10607,"p9","m0",0.284029786643794,1.22578486366415,-0.928086902896029,0.664040722991292
911,10611,"p9","m0",0.407952896308091,1.2729644562264,-0.266953534326268,0.106529603510893
912,10629,"p9","m0",0.34023331481941,1.25126774684976,-0.479460981569701,0.467519245754997
913,10655,"p9","m0",0.405913411465741,1.33031695019674,-0.133004021700982,0.402091219701994
914,10660,"p9","m0",0.472966720654373,1.30646366897841,0.0376295103219579,0.0792017884218123
915,10666,"p9","m0",0.283356021110912,1.23879527638603,-0.374842795073031,0.649089742107183
916,10669,"p9","m0",0.382931802578122,1.3130617829012,-0.461225882053814,0.276668714398063
917,10676,"p9","m0",0.356483433227386,1.31078859576914,-0.271139637450468,0.312457672930657
918,10678,"p9","m0",0.571660164167003,1.35530522220536,0.266783722385567,-0.277270526303997
919,10686,"p9","m0",0.30823302580302,1.27987450898768,-0.822600211332493,0.672512979701419
920,10693,"p9","m0",0.428135302669487,1.30696183467699,-0.190583654578954,0.422899766447025
921,10711,"p9","m0",0.417358362671035,1.31388810748984,-0.619306589449861,0.377325400525549
922,10726,"p9","m0",0.283712711918011,1.26399097659338,-0.338721749930841,0.786540845936401
923,10760,"p9","m0",0.310032105129126,1.22049585570532,-0.426408814108454,0.459035483065894
924,10768,"p9","m0",0.360803392910155,1.28980843208149,-0.353096911852845,0.485389799403664
925,10793,"p9","m0",0.273691750113515,1.25984493899926,-0.810334563137727,0.798524942068696
926,10815,"p9","m0",0.388557086918509,1.28608985898248,-0.801263830913955,0.497999006607353
927,10830,"p9","m0",0.351050563337863,1.30266674518157,-0.0125156439467095,0.47589009074678
928,10841,"p9","m0",0.37480931341208,1.29531973477555,-0.213424369984554,0.37532625431896
929,10845,"p9","m0",0.268380779402557,1.25986960922755,-0.498365306190607,0.790695568145302
930,10854,"p9","m0",0.219305454485081,1.17957797480622,-0.792047789591182,0.731961353897086
931,10862,"p9","m0",0.357037018760511,1.30838775625807,0.0130228741234058,0.571221384432907
932,10869,"p9","m0",0.325682512886642,1.24907568405484,-0.631890358585849,0.613653246905313
933,10875,"p9","m0",0.413467361553709,1.31132870363834,-0.159452950542325,0.186538417838112
934,10885,"p9","m0",0.473384443553981,1.301398620803,-0.21811235053274,0.00728099202275214
935,10901,"p9","m0",0.319172795806479,1.27542732604982,-1.01367182683117,0.567256324598748
936,10930,"p9","m0",0.366113872231677,1.27653131850551,-0.642288059994237,0.450888249411961
937,10962,"p9","m0",0.292144341407316,1.2248235714204,-0.943262532185487,0.4883861899926
938,10978,"p9","m0",0.410090370473129,1.33090717645789,-0.157720703648973,0.316236494631074
939,10994,"p9","m0",0.264396352949766,1.23940312746738,-1.43438063634539,0.694768406207364
940,11010,"p9","m0",0.515772605878016,1.37109299932559,0.028496034447935,0.0155484146301206
941,11019,"p9","m0",0.354954960388765,1.32711945123369,-0.654452393704384,0.591437307378887
942,11020,"p9","m0",0.27171778864178,1.23174451127714,-1.30046878497498,0.66864714498035
943,11033,"p9","m0",0.319633612385023,1.23036968921909,-0.511205029764756,0.443976035967601
944,11043,"p9","m0",0.328766239744654,1.27061810203894,-0.923263837064331,0.487470162358942
945,11047,"p9","m0",0.351445515646873,1.31755246840533,-0.351175604828148,0.494452482628183
946,11052,"p9","m0",0.261512351691243,1.21074432720409,-0.682942415342122,0.815823052298823
947,11070,"p9","m0",0.457396759893613,1.30050925602857,-0.0640857151934033,0.0711809547197323
948,11092,"p9","m0",0.302438606852668,1.2622064323004,-0.994344616321157,0.543170827564205
949,11094,"p9","m0",0.378412106616358,1.30487620695261,-0.763579330463297,0.318673126676466
950,11101,"p9","m0",0.486510187077014,1.35451773445567,-0.0232970900213899,0.0261471582082822
951,11105,"p9","m0",0.375836200059011,1.28020138351415,-0.153394763674181,0.462058144408021
952,11108,"p9","m0",0.411222481670346,1.32280215685615,-0.64981176081166,0.185717429388969
953,11110,"p9","m0",0.339107952358684,1.27509593619629,-1.09796531635103,0.717253592569962
954,11112,"p9","m0",0.312948019230547,1.28238844427626,-0.597573387003547,0.754992763204248
955,11118,"p9","m0",0.273088589170268,1.27070693613067,-0.340530475541474,0.740150105394949
956,11127,"p9","m0",0.286419955524964,1.27549614785278,-1.05318620883153,0.659096898206041
957,11141,"p9","m0",0.35856017400054,1.30676300248648,-0.447758037633623,0.388098305938525
958,11142,"p9","m0",0.384059058572426,1.36030907290085,-0.0759812962565335,0.487808421050098
959,11144,"p9","m0",0.334304560126461,1.26518807012429,-0.684545078486047,0.48662532436284
960,11153,"p9","m0",0.362218888503116,1.29253013548142,-0.605514671745159,0.507933563092779
961,11162,"p9","m0",0.374779662847972,1.29541551745155,-0.310071745857478,0.415253836047838
962,11178,"p9","m0",0.545188819051537,1.32851897558559,0.13513303463492,-0.357133248054045
963,11201,"p9","m0",0.375016551603621,1.30581725162828,-0.646671516167845,0.380231839021153
964,11209,"p9","m0",0.204064010752387,1.12312208589726,-0.846860696910975,0.653746415605997
965,11211,"p9","m0",0.345055258737662,1.2587240344043,-0.537788116846937,0.618255645963795
966,11216,"p9","m0",0.51013147307635,1.32150384951199,-0.0789453775690254,-0.0984366123389281
967,11229,"p9","m0",0.298997665152195,1.23064069122385,-0.488743308867564,0.469850670746914
968,11261,"p9","m0",0.315855829733959,1.29138003130585,-0.589529329751203,0.523296167646609
969,11262,"p9","m0",0.392513415320925,1.32144184376183,-0.498632694621731,0.522920580488624
970,11290,"p9","m0",0.376304841140446,1.2952985577321,-0.563078800843819,0.430504829477769
971,11300,"p9","m0",0.369161444811606,1.24554572965335,-0.152278984475576,0.351912360327103
972,11308,"p9","m0",0.305696243088893,1.25529921952509,-0.61275684408364,0.514123928489255
973,11321,"p9","m0",0.6076801761269,1.33988529951146,0.13817282179395,-0.812293331844655
974,11342,"p9","m0",0.386007920270874,1.32530714694798,-0.425366008092425,0.231972331875423
975,11344,"p9","m0",0.276010225032282,1.20408189371478,-0.762184700928058,0.621057107683622
976,11363,"p9","m0",0.400766254830797,1.30522452936394,-0.688652435545021,0.321516091711376
977,11385,"p9","m0",0.406825781784548,1.30421295366093,-0.057404389107722,0.269525077853697
978,11389,"p9","m0",0.216140908883583,1.21329759958174,-0.84239406035569,0.926599230299488
979,11411,"p9","m0",0.25976302679042,1.22119348651316,-1.06436901016582,0.82125246354045
980,11415,"p9","m0",0.239865360088002,1.2177673865115,-0.590638497271755,0.798310617379207
981,11420,"p9","m0",0.39375608319408,1.33197182527212,-0.0441414112363576,0.46486517817238
982,11435,"p9","m0",0.295506807346884,1.23656220817507,-0.474745548376807,0.657440401783993
983,11452,"p9","m0",0.26197831094397,1.21228677055359,-0.715858450463971,0.731658483054282
984,11469,"p9","m0",0.286673742769582,1.23528736908465,-0.551189970457223,0.618891349499982
985,11477,"p9","m0",0.270166106990048,1.25687332868461,-0.543333853570112,0.736760095616588
986,11481,"p9","m0",0.407883037651231,1.33128946081392,-0.21834057815342,0.383873265581392
987,11484,"p9","m0",0.377579030883879,1.35446795253747,-1.07338515529906,0.546356443342764
988,11511,"p9","m0",0.417049527273581,1.36296670269271,-0.555271454603035,0.239598697634476
989,11514,"p9","m0",0.42160172212487,1.35074946089833,-0.120230207011226,0.39537359922575
990,11524,"p9","m0",0.362116822686698,1.26061462193004,-0.00401853718017597,0.535663727229673
991,11535,"p9","m0",0.330379067225611,1.3090421797126,-0.449846576382663,0.735066525003695
992,11538,"p9","m0",0.343641911260778,1.26572546496471,-0.393837257630964,0.713809760286961
993,11548,"p9","m0",0.463357513247253,1.32000569323962,-0.0444867102873379,-0.0351243729003813
994,11563,"p9","m0",0.481676463785938,1.33955234985522,0.134692583942531,0.165671092500056
995,11569,"p9","m0",0.30117248753621,1.25097283642545,-0.897473387013706,0.583651663872645
996,11578,"p9","m0",0.459216953955045,1.33681348698819,-0.114650887382415,0.206799817857578
997,11583,"p9","m0",0.403260682296802,1.30537505630588,-0.470913679209535,0.425935935839569
998,11595,"p9","m0",0.381540803112351,1.30282961851401,-0.0576916022981826,0.375012905240314
999,11604,"p9","m0",0.228904118343234,1.21638373664982,-1.00466554183334,0.754487737198045
1000,11627,"p9","m0",0.185359157081337,1.1998188994238,-0.754938746681426,1.11299188413669
1001,11644,"p9","m0",0.274677683077928,1.23154254767813,-0.495419705453472,0.746922882564967
1002,11650,"p9","m0",0.245934791047209,1.23404227961846,-0.456639347476565,0.954769292293726
1003,11656,"p9","m0",0.282783194600689,1.27718850135904,-0.323114292505948,0.72659581286794
1004,11665,"p9","m0",0.367293414811524,1.3278367072287,-0.332824457362003,0.436844468248879
1005,11695,"p9","m0",0.38795863602541,1.29119683580202,-0.0843725038456444,0.453455104172228
1006,11699,"p9","m0",0.316296790214973,1.27667783818076,-0.484084274025409,0.728676037139115
1007,11704,"p9","m0",0.416143696084115,1.29757725286709,0.229855382666616,0.245159951666224
1008,11719,"p9","m0",0.394020261377273,1.26006426870174,-0.754274713577417,0.379427259423089
1009,11724,"p9","m0",0.299076679631372,1.22716855612549,-0.860239048663135,0.600803092171646
1010,11738,"p9","m0",0.466917904581831,1.34685301705601,-0.0417728874049275,-0.000310121886031932
1011,11770,"p9","m0",0.232216163489036,1.21967306296195,-0.937188078886137,0.830782805751727
1012,11774,"p9","m0",0.365539015323791,1.24279641325351,-0.440014901927692,0.382820621686342
1013,11777,"p9","m0",0.403251952393116,1.31051109746056,-0.359523610788276,0.328479951587941
1014,11800,"p9","m0",0.371240868869205,1.31498167202678,0.014316325071342,0.465920988682682
1015,11804,"p9","m0",0.326496876617952,1.22236903973944,-0.690635911298484,0.328855466361106
1016,11828,"p9","m0",0.351500291880769,1.24950058631116,-0.625353875528378,0.548242252507511
1017,11838,"p9","m0",0.292407095981331,1.2662040296694,-0.389790538135815,0.735130094068119
1018,11844,"p9","m0",0.268955487360147,1.24800613039987,-1.25642704607139,0.629107504104703
1019,11852,"p9","m0",0.346910512522422,1.26954451283972,-0.329651677860185,0.50974486444754
1020,11868,"p9","m0",0.427668443746095,1.31592759856508,-0.107660131270395,0.248653718944042
1021,11884,"p9","m0",0.42623970567007,1.35172813665938,-0.207596871394981,0.378527868959233
1022,11909,"p9","m0",0.269159130420194,1.18873581912305,-0.88162764522977,0.474400067429244
1023,11920,"p9","m0",0.305124915675737,1.29663674046167,-0.471621435459622,0.651702786285197
1024,11922,"p9","m0",0.382692626322649,1.31295844188068,-0.227489550434563,0.454037683858861
1025,11928,"p9","m0",0.338324328992472,1.22053073399993,-0.605224326091495,0.361024361846207
1026,11931,"p9","m0",0.311370159489809,1.23605174153611,-0.522831098524501,0.483829606334224
1027,11934,"p9","m0",0.380320100459247,1.30712324308986,-0.342396567312149,0.385598764717678
1028,11979,"p9","m0",0.344005838771852,1.22493911220223,-0.897529181995736,0.426863565945655
1029,11980,"p9","m0",0.217028327572331,1.20953991425896,-1.3920265274988,0.86618516496837
1030,11984,"p9","m0",0.308766651953966,1.28766487748686,-0.456556326987525,0.869541845699275
1031,11998,"p9","m0",0.242117185225101,1.22513183283478,-0.4804725829988,0.664190551320025
1032,12001,"p9","m0",0.326448621687317,1.29506533688401,-0.321714511340638,0.420651199056631
1033,12008,"p9","m0",0.305708908071023,1.24204482080932,-0.724795695049928,0.286814804083637
1034,12040,"p9","m0",0.332698203898589,1.23433689660366,-0.594052940939751,0.513964793905133
1035,12062,"p9","m0",0.41085408429997,1.31338121056906,-0.344887092535936,0.436142631317085
1036,12073,"p9","m0",0.319589340183895,1.27786686976935,-0.614547812128932,0.610828002635653
1037,12097,"p9","m0",0.300402581157293,1.23190639036583,-0.524507492003409,0.619656521463611
1038,12117,"p9","m0",0.321570489123862,1.24307434256252,-0.813976400059212,0.509573492851301
1039,12121,"p9","m0",0.477759640309195,1.35577414780834,-0.112265869107711,0.103540877784828
1040,12127,"p9","m0",0.213942344151506,1.28128498201389,-0.677063988800834,0.953003789435958
1041,12143,"p9","m0",0.241795881584316,1.22658738223226,-0.948992671220469,0.724745336471343
1042,12155,"p9","m0",0.328323625812292,1.23795767745237,-0.00576437356079808,0.591252039834595
1043,12177,"p9","m0",0.46304617966039,1.31477304702272,-0.0130143466855724,0.17372742826755
1044,12178,"p9","m0",0.268426526559078,1.18073882311754,-0.813153343315117,0.637450190300451
1045,12181,"p9","m0",0.402218209365247,1.29529556862853,-0.448891174265864,0.299778823010669
1046,12185,"p9","m0",0.312730115986665,1.26081985033893,-0.708886611347229,0.334353683750131
1047,12201,"p9","m0",0.345543175553217,1.32937512385146,-0.642517062001757,0.54810034454312
1048,12202,"p9","m0",0.437382861118535,1.25898748217924,-0.30036834839495,0.0626783688468115
1049,12203,"p9","m0",0.347664214653111,1.27484853493373,-0.543338821488339,0.674185132901628
1050,12216,"p9","m0",0.335063349921632,1.27633227004614,-0.360889607384808,0.522808149424433
1051,12217,"p9","m0",0.406564087258116,1.28132215442921,-0.482996188379148,0.286988028726327
1052,12224,"p9","m0",0.333993537986231,1.23872570556327,-1.00844747019082,0.419646473692808
1053,12238,"p9","m0",0.428402058048801,1.3380339906169,-0.453711048447071,0.342091375127832
1054,12240,"p9","m0",0.308869127127609,1.19324402879368,-0.544403937094067,0.395004560123931
1055,12268,"p9","m0",0.333938869451641,1.2497871558786,-0.353308018164935,0.491054028360896
1056,12280,"p9","m0",0.395875703059421,1.24408762983944,-0.23340660961386,0.281782887057507
1057,12285,"p9","m0",0.390282626105046,1.32042471599927,-0.286757797979534,0.446369840819624
1058,12286,"p9","m0",0.42350548299802,1.31139181398189,-0.235663092407821,0.35923926768663
1059,12294,"p9","m0",0.323352475995093,1.22728982526576,-0.670334910198631,0.386639868271074
1060,12330,"p9","m0",0.336469182996297,1.28570251888713,-0.611238053889062,0.684708749414887
1061,12335,"p9","m0",0.374214506818798,1.31194192166315,-0.351470585333204,0.631511860422635
1062,12338,"p9","m0",0.428837849717745,1.32183562514106,0.0307895853558904,0.270400055274871
1063,12344,"p9","m0",0.210469096586974,1.25021645142051,-0.318234051788814,1.04335082433228
1064,12352,"p9","m0",0.395337190049199,1.315252916574,-0.0162155568744716,0.542744030476564
1065,12355,"p9","m0",0.561176704399953,1.35228757493091,-0.00949560090280286,-0.291426986813985
1066,12363,"p9","m0",0.421182620919091,1.3559402291914,-0.109952268437704,0.361394967626867
1067,12369,"p9","m0",0.465813374067054,1.36664085909401,-0.00996200505695319,0.143538644449382
1068,12372,"p9","m0",0.386757323179452,1.33262981767398,-0.445982719825796,0.397189832692317
1069,12397,"p9","m0",0.353413218798221,1.28788578489462,-0.363844536544727,0.492625059465168
1070,12401,"p9","m0",0.342250290782834,1.27114735558328,-0.199637262471668,0.50786184323964
1071,12410,"p9","m0",0.323120973977102,1.26537902540993,-0.519597391182277,0.511482110812237
1072,12419,"p9","m0",0.386429442048076,1.26903333808249,-0.0425691795609823,0.400820226231076
1073,12442,"p9","m0",0.255468789465205,1.23905510661852,-0.945485693228073,0.85356082752785
1074,12450,"p9","m0",0.408206469458439,1.28942292284404,-0.222624255537073,0.262246720393967
1075,12461,"p9","m0",0.372412260496088,1.26338166623708,-0.1342324687019,0.3933761984716
1076,12490,"p9","m0",0.314286876092754,1.27861600125784,-0.569052952509632,0.672602346718999
1077,12505,"p9","m0",0.30599371680149,1.2800810575189,-0.635360121035815,0.726959465763987
1078,12509,"p9","m0",0.372773660588649,1.28298229501763,-0.0331936730846611,0.450851231238184
1079,12512,"p9","m0",0.595296930248695,1.41815273017915,0.234271641556873,-0.25839287843164
1080,12518,"p9","m0",0.177170435174425,1.21625204631746,-1.08058042466505,1.04159984987043
1081,12527,"p9","m0",0.353105545057237,1.28142384460644,-0.285971342019103,0.578503398077213
1082,12539,"p9","m0",0.331771739935529,1.31903763342033,-0.767311529204713,0.751482143082021
1083,12542,"p9","m0",0.278966877594168,1.21135184380334,-0.671060545093637,0.730789018774585
1084,12549,"p9","m0",0.567570228956277,1.37794799239581,0.0853860788918729,-0.290209761936072
1085,12556,"p9","m0",0.407975414539188,1.26745341322311,-0.49505116630739,0.303541555104894
1086,12563,"p9","m0",0.340948735579705,1.3263357927073,-0.301349005263831,0.623402690513748
1087,12571,"p9","m0",0.302785649590588,1.25124183815306,-0.540889272230202,0.734950344113452
1088,12581,"p9","m0",0.347071922552675,1.29516546501106,-0.328491615895406,0.648009450173753
1089,12585,"p9","m0",0.391450173706425,1.30605106124945,-0.0597719303506235,0.218507700682491
1090,12609,"p9","m0",0.368763610143768,1.31746935098288,-0.501012515220865,0.519248084894815
1091,12625,"p9","m0",0.389120185984834,1.29851159551514,-0.137530151818123,0.366564830702171
1092,12627,"p9","m0",0.352179556471796,1.26894404672398,-0.368479923083283,0.672633897712665
1093,12629,"p9","m0",0.322436906034444,1.27765078326646,-0.523517839701856,0.791671949780988
1094,12631,"p9","m0",0.498375999670188,1.30184865991475,-0.254593013101343,-0.177473200390856
1095,12632,"p9","m0",0.32774797343262,1.28772690864271,-0.355029755721263,0.596422199743204
1096,12633,"p9","m0",0.443603094853474,1.32006881518727,0.0291280874531946,0.269280577067359
1097,12647,"p9","m0",0.32018842534022,1.25345773588746,-0.471125414398868,0.616351099516083
1098,12650,"p9","m0",0.358233574829166,1.30121302765801,-0.354999358848449,0.632280774126806
1099,12661,"p9","m0",0.358313827627677,1.24390216264026,-0.60632561489681,0.469915882881183
1100,12685,"p9","m0",0.385778858673793,1.33441829516163,-0.233880053260182,0.363451363269856
1101,12688,"p9","m0",0.371266903508428,1.26274211964022,-0.255007722775386,0.231507799200323
1102,12689,"p9","m0",0.266687694053692,1.21643366987015,-0.867405507699537,0.581505014994998
1103,12693,"p9","m0",0.277037600053532,1.2412502744799,-0.683878697587097,0.770657450428676
1104,12706,"p9","m0",0.310218099831557,1.25899660530278,-0.776563721248342,0.516084466145265
1105,12707,"p9","m0",0.546232052055402,1.36679317365526,0.285341650353103,-0.0583523760627713
1106,12713,"p9","m0",0.346282829064034,1.29409527173586,-0.300902322427732,0.563256657978719
1107,12729,"p9","m0",0.347674560610422,1.28760239331646,-0.192151162486804,0.385415403744327
1108,12734,"p9","m0",0.376032583525355,1.31827116885538,-0.182748946420666,0.487815652924611
1109,12767,"p9","m0",0.321394754248043,1.30323598271081,-0.87552046375487,0.591531647527603
1110,12773,"p9","m0",0.337063992617014,1.25715860651585,-0.61908707383663,0.359821324174569
1111,12785,"p9","m0",0.296021117193929,1.23211101986902,-0.186457416483644,0.766630292731301
1112,12793,"p9","m0",0.355915884462155,1.34666606817376,-0.290799401433821,0.535073389021186
1113,12798,"p9","m0",0.32534033591507,1.28329777451875,-0.363431501193345,0.614568194499627
1114,12803,"p9","m0",0.316343645189784,1.26167810559514,-0.369696280460857,0.460130785660982
1115,12815,"p9","m0",0.349670677455561,1.31401010194632,-0.504484477028438,0.553880364105179
1116,12820,"p9","m0",0.40075106482531,1.31093644344888,-0.208419059287144,0.31120505779439
1117,12822,"p9","m0",0.395139489965383,1.30196565927368,-0.96006811764621,0.383920853944939
1118,12859,"p9","m0",0.368977028433947,1.25794356489721,-0.572546123146221,0.384092639918692
1119,12860,"p9","m0",0.353134672375185,1.26271976914857,-0.642025282187565,0.359056652364165
1120,12901,"p9","m0",0.346443882738865,1.24059770951925,-0.162057615447359,0.632449519562062
1121,12907,"p9","m0",0.257278288424458,1.24032804091439,-1.17705741401665,0.672618520389949
1122,12917,"p9","m0",0.441446476988832,1.27986381675294,-0.0192537877939579,0.0143152968053256
1123,12919,"p9","m0",0.315998387634831,1.30886656552891,-0.585649841673441,0.612355735298124
1124,12927,"p9","m0",0.302639510132997,1.29833823489875,-0.711721034594992,0.790177010919583
1125,12929,"p9","m0",0.419108764096372,1.35887998762004,0.0750987427956132,0.377300618773036
1126,12937,"p9","m0",0.337481065358702,1.25643982315767,-0.850676579727687,0.600213571778452
1127,12956,"p9","m0",0.322670344874281,1.25788681470685,-0.651876450399456,0.600645254558889
1128,12957,"p9","m0",0.280907551956364,1.21038628622362,-0.462273477607285,0.562140277576176
1129,12960,"p9","m0",0.261238990283654,1.20320306203957,-0.504566775454278,0.720207935950461
1130,13010,"p9","m0",0.471518576775355,1.33132872496712,-0.100841190226175,-0.0558488113491776
1131,13019,"p9","m0",0.408316182393663,1.35468151793813,-0.53506846454019,0.510921030225428
1132,13023,"p9","m0",0.32865975996737,1.25243232608636,-0.374917268915682,0.487051752490699
1133,13026,"p9","m0",0.266634379875419,1.25941272418221,-0.993424645716124,0.818909972573922
1134,13035,"p9","m0",0.384232248915212,1.34065302173804,-0.532246748544819,0.475791093053977
1135,13038,"p9","m0",0.221106879249411,1.24168725538291,-0.985772552957299,0.73387456394269
1136,13049,"p9","m0",0.232142836268447,1.20013932556156,-0.983562833415638,0.728903740399678
1137,13061,"p9","m0",0.519174872693374,1.37610679541992,0.197515535777028,-0.00707730049878063
1138,13063,"p9","m0",0.446183869540999,1.26915886542138,-0.287518677782579,0.0452962830673551
1139,13075,"p9","m0",0.307544552179263,1.24450008526161,-0.392224193033431,0.656639758820599
1140,13078,"p9","m0",0.381053932346254,1.29962111133367,-0.392073342272287,0.326658727327589
1141,13083,"p9","m0",0.352963599808128,1.28677995327781,-0.0527609901856294,0.412100858861983
1142,13093,"p9","m0",0.306143011674511,1.26671317250543,-0.277570177885575,0.706528560554409
1143,13094,"p9","m0",0.356418126203241,1.25806143175781,0.0089672514954397,0.421084157591362
1144,13101,"p9","m0",0.33242431002998,1.2569465091959,-0.107768023684575,0.550646117297125
1145,13104,"p9","m0",0.38978580224641,1.2914764004564,-0.57078085519449,0.421804415335584
1146,13109,"p9","m0",0.331102648120756,1.25598603521406,-0.370626057666594,0.426257169938717
1147,13110,"p9","m0",0.438047441855419,1.33647276912675,-0.171343902050445,0.301844560385085
1148,13118,"p9","m0",0.298503101235429,1.25725519914051,-0.42187293557936,0.791390170713765
1149,13123,"p9","m0",0.338040676254553,1.29712406382009,-0.253335379983159,0.543002649504826
1150,13141,"p9","m0",0.424745647755889,1.28266161259891,-0.376659053349991,0.0839233169295887
1151,13151,"p9","m0",0.523371351445971,1.36178209618716,0.261955434937753,-0.0578794246784533
1152,13157,"p9","m0",0.414235154154414,1.30471154378328,-0.388850611924481,0.380546372168755
1153,13159,"p9","m0",0.287867259888917,1.22382139372823,-0.312184156514357,0.727541570171536
1154,13163,"p9","m0",0.253659080756906,1.19672010394313,-0.597617526259316,0.607559503082102
1155,13171,"p9","m0",0.286316705174341,1.28667828798498,0.0089771629101861,0.822119352036114
1156,13186,"p9","m0",0.467738157882711,1.32651854725685,-0.327812706491623,-0.0276205553827943
1157,13214,"p9","m0",0.431041922557927,1.27879230631098,-0.346121766556219,0.115995701236443
1158,13227,"p9","m0",0.278716819200739,1.21316418725313,-0.743792467951336,0.687827062279471
1159,13232,"p9","m0",0.31976723009874,1.24000248764112,-0.794217463527667,0.624649450219238
1160,13240,"p9","m0",0.261626136090586,1.2261356033161,-0.974874790369831,0.811961183293343
1161,13244,"p9","m0",0.415589385591193,1.32166940691015,-0.612833880446261,0.196176421076733
1162,13264,"p9","m0",0.541249004384149,1.31337074028431,0.0632125286957678,-0.553347928348928
1163,13270,"p9","m0",0.393017656229308,1.28413536621362,-0.346756467713412,0.221357964140789
1164,13273,"p9","m0",0.312789896925554,1.26057656298181,-0.310715343653271,0.717510057761248
1165,13276,"p9","m0",0.407474314808,1.2935594494691,-0.556728653373164,0.22932395197144
1166,13307,"p9","m0",0.239143185182603,1.23218811335851,-1.00005733781556,0.723930650465107
1167,13308,"p9","m0",0.377219266936382,1.28989975679161,-0.548378115505883,0.392841862632004
1168,13313,"p9","m0",0.363339702088514,1.27293953048015,-0.0324348254509129,0.492438715939961
1169,13316,"p9","m0",0.394815364433713,1.31674959044811,-0.155281356220306,0.451591805879359
1170,13323,"p9","m0",0.228812968190259,1.17170979760955,-0.940526137374626,0.559681985556394
1171,13344,"p9","m0",0.36225691285541,1.25063319857571,-0.840592584528538,0.311148721491771
1172,13346,"p9","m0",0.460538522399779,1.35361584526205,0.106295209937637,0.173115716545053
1173,13356,"p9","m0",0.435940814295895,1.31976770238122,-0.0587196131280841,0.211269777723421
1174,13380,"p9","m0",0.301839989837692,1.26523874114257,-0.468899228270815,0.600001524665328
1175,13416,"p9","m0",0.244938290501773,1.26314871866496,-0.782480531189494,0.718320358927898
1176,13453,"p9","m0",0.425345040228926,1.2765635779165,-0.664753032047584,0.0498558282697598
1177,13472,"p9","m0",0.47177003840543,1.34434765353112,0.0176292861682955,0.120346747105107
1178,13492,"p9","m0",0.28352494984086,1.3128540150813,-0.769791819770491,0.803603073671281
1179,13527,"p9","m0",0.401395448824451,1.27200221503673,-0.275141483172225,0.106822601447027
1180,13532,"p9","m0",0.437957540446223,1.29693015309425,-0.240490740198457,0.00837070283980474
1181,13537,"p9","m0",0.266983353272474,1.23786208078934,-0.654459306439382,0.888573929118028
1182,13540,"p9","m0",0.354695028347003,1.26643937134862,-0.347334460547664,0.405014956490695
1183,13551,"p9","m0",0.384514000607606,1.28878914100082,-0.3009403246624,0.361961479463107
1184,13554,"p9","m0",0.2807627955826,1.3109612690174,-0.208073749145423,0.836310955230884
1185,13557,"p9","m0",0.406092868184633,1.30449537464511,-0.326078446282538,0.253766692805779
1186,13572,"p9","m0",0.322554418507365,1.30589870390039,-0.214963652255584,0.578728824973269
1187,13597,"p9","m0",0.341345009115939,1.2822694419669,-0.575899266258884,0.506018737982681
1188,13618,"p9","m0",0.424717902356332,1.33943993954912,-0.1213524791509,0.26923756339269
1189,13645,"p9","m0",0.286541804533774,1.26046284553798,-0.539974854337845,0.772313115917221
1190,13646,"p9","m0",0.252879087758048,1.257685370361,-0.709909220254363,0.656492094039681
1191,13672,"p9","m0",0.337246566224038,1.27069865521543,-0.744260274321623,0.62213123376437
1192,13694,"p9","m0",0.406682550145066,1.28083152236669,-0.476206239153943,0.190546030061655
1193,13704,"p9","m0",0.462682931804155,1.3704193709011,0.0221763368705132,0.243747649964454
1194,13707,"p9","m0",0.335461034149279,1.25899055686068,-0.559904143714099,0.547544074716109
1195,13720,"p9","m0",0.392897206320196,1.29937749037413,-0.183625228306783,0.407459827969606
1196,13730,"p9","m0",0.429807908054844,1.29619033525118,-0.139045588797625,0.157285801263029
1197,13732,"p9","m0",0.336710368721522,1.32367250984373,-0.802679663966807,0.738401976955693
1198,13738,"p9","m0",0.27891323295944,1.24721826863112,-0.34921793563981,0.669655730155946
1199,13743,"p9","m0",0.300870014034427,1.26211139801163,-0.60011939102018,0.615927753843371
1200,13755,"p9","m0",0.263941995366932,1.23854390326282,-0.562147460337735,0.854615591723759
1201,13769,"p9","m0",0.331276758223466,1.25469435930994,-0.376413278254444,0.429853925439532
1202,13770,"p9","m0",0.314679488205892,1.27794795334819,-0.87264254954532,0.626522704680453
1203,13802,"p9","m0",0.32704259480558,1.26503497612164,-0.425015201337108,0.42446939695386
1204,13811,"p9","m0",0.28079295627652,1.27671250990106,-0.8943658097435,0.687496095238189
1205,13842,"p9","m0",0.476146731614918,1.33674489959779,-0.143352184032355,0.310920846238836
1206,13844,"p9","m0",0.297026355814489,1.22584723039228,-0.815971954545706,0.717340145061658
1207,13860,"p9","m0",0.220527763931386,1.23572497668839,-0.484327647664081,1.04983382147671
1208,13884,"p9","m0",0.31335857604318,1.30666709926501,-0.178024402779303,0.735267519363511
1209,13920,"p9","m0",0.549597173073814,1.31401623639493,0.0160305948905645,-0.370014079962111
1210,13937,"p9","m0",0.303241874225496,1.28961966976864,-0.575360452492972,0.507352720106242
1211,13954,"p9","m0",0.34123299027542,1.27198876976086,-0.449598387941963,0.514807456544866
1212,13979,"p9","m0",0.385922476209327,1.31365196584477,-0.1095585027316,0.39101362382852
1213,13981,"p9","m0",0.341002607415435,1.252730218881,-0.659591346264768,0.438758214255326
1214,13982,"p9","m0",0.523724340909418,1.39921171446786,-0.148575883839573,0.146294541188217
1215,13987,"p9","m0",0.312650984802725,1.23390825848606,-0.6606846408656,0.560300065889287
1216,13994,"p9","m0",0.338013480929559,1.34136884414659,-0.503826999146937,0.681429682045546
1217,14012,"p9","m0",0.361992768420438,1.31189346703753,-0.299418929652923,0.469232425470958
1218,14032,"p9","m0",0.431352684010797,1.29603061006143,-0.375376245938061,0.139920756496966
1219,14039,"p9","m0",0.213424595023893,1.22558714406477,-1.08891604430825,0.824547824066611
1220,14044,"p9","m0",0.330882822482167,1.2633793488947,-0.309934108061203,0.554769204142404
1221,14053,"p9","m0",0.189360411628541,1.2092179129461,-0.919443681086043,1.10366667640698
1222,14061,"p9","m0",0.35135714404216,1.29848966456604,-0.659808762346125,0.635004132252978
1223,14063,"p9","m0",0.314688097609674,1.21032856279998,-0.332352400863344,0.457242452758303
1224,14097,"p9","m0",0.313592161442592,1.28051077942478,-0.436832818193765,0.839862121994366
1225,14102,"p9","m0",0.476657429668078,1.35271464806431,-0.0640888233978364,0.0530106479009756
1226,14121,"p9","m0",0.437353782295361,1.28258018254924,-0.467904969451723,0.127366855044256
1227,14122,"p9","m0",0.351683333099575,1.25611130433465,-0.124445117973606,0.491157987583474
1228,14146,"p9","m0",0.343195246190079,1.2932108774786,-0.444819149549228,0.436592826335711
1229,14147,"p9","m0",0.226814614937502,1.23288684808841,-0.681016963619798,0.970171240043978
1230,14185,"p9","m0",0.315888654763533,1.23631314744819,-0.972112499246519,0.543413068737549
1231,14202,"p9","m0",0.528254059675563,1.3414843341303,0.00696022524876671,-0.0837081457750137
1232,14215,"p9","m0",0.414558604926921,1.32327787964517,-0.471718283318637,0.365146417054462
1233,14222,"p9","m0",0.420295667743673,1.27876669228258,-0.122610177939692,0.360185855016019
1234,14249,"p9","m0",0.396784342731253,1.26648347376425,-0.0939916720792188,0.300536310638324
1235,14281,"p9","m0",0.296353486563847,1.18145640243544,-0.54684618333076,0.480225735337438
1236,14293,"p9","m0",0.357275328229113,1.2529419826604,-0.597866645316129,0.33794363138002
1237,14296,"p9","m0",0.268668464609221,1.28898702173522,-0.74656441135615,0.765801037136421
1238,14314,"p9","m0",0.262735361443603,1.26114499729,-1.19636741857516,0.689792528573926
1239,14337,"p9","m0",0.204486427172182,1.22449378775952,-0.831349057806549,0.952836381482295
1240,14338,"p9","m0",0.283111402017655,1.20468233689223,-0.629485278894417,0.616049489557656
1241,14343,"p9","m0",0.42468281985697,1.30905731456374,-0.677676222743267,0.079545801834896
1242,14348,"p9","m0",0.358132208161737,1.28837116052361,-0.353234817897349,0.603647855691484
1243,14353,"p9","m0",0.249036839284036,1.21907367904002,-0.62304258978726,0.774144768514331
1244,14372,"p9","m0",0.361499967541747,1.25951265915428,-0.770396765832719,0.423921933079675
1245,14380,"p9","m0",0.422957759859304,1.33489587675075,-0.233534086688996,0.365528787052414
1246,14390,"p9","m0",0.430750699498878,1.31101496238871,-0.361894649204708,0.14086793818874
1247,14419,"p9","m0",0.407467309020409,1.30133029749553,-0.420205361402285,0.162429746058073
1248,14428,"p9","m0",0.250645303015924,1.23096928780403,-0.542593649995655,0.710244114683346
1249,14441,"p9","m0",0.473077787443997,1.36148289246285,-0.0120317541068565,0.241530204461923
1250,14446,"p9","m0",0.281541077262299,1.26506766875651,-0.447376085227761,0.86494837161614
1251,14454,"p9","m0",0.354553198255471,1.25365524109304,-0.0916649962539365,0.446335239466012
1252,14457,"p9","m0",0.285675726958359,1.25151166626183,-0.760092067218578,0.693818795071434
1253,14462,"p9","m0",0.438682275744497,1.33875674519824,-0.337630751426828,0.238886679670207
1254,14463,"p9","m0",0.391157587282252,1.30674002531524,-0.137647510632449,0.325325214792065
1255,14464,"p9","m0",0.391693120254852,1.28958165634951,-0.420447046837398,0.168587998219802
1256,14478,"p9","m0",0.31923913114227,1.22110048451199,-0.373808072092316,0.419853952347563
1257,14496,"p9","m0",0.393623118663913,1.31781275112736,-0.11931345020091,0.47200797711675
1258,14501,"p9","m0",0.427235364617922,1.32591935478397,-0.227888526162345,0.254991375432452
1259,14517,"p9","m0",0.331187577621788,1.27366445439414,-0.356732140657995,0.37439151200631
1260,14526,"p9","m0",0.325547610691967,1.22618682225311,-0.313080808268086,0.55181379276712
1261,14529,"p9","m0",0.283935367259897,1.23536584230659,-0.669127385832462,0.670384179202787
1262,14532,"p9","m0",0.287025865830776,1.2880063425651,-0.943644706355763,0.810197260048021
1263,14534,"p9","m0",0.376027095225091,1.25078968520062,-0.634230911835913,0.33873572618789
1264,14538,"p9","m0",0.422076097786997,1.35645025129657,-0.18666553356753,0.399444092486309
1265,14563,"p9","m0",0.276565878255702,1.23781692322212,-0.324549399553454,0.775888717057373
1266,14585,"p9","m0",0.353987907088035,1.25175545437737,-0.355262986441577,0.362012610571327
1267,14605,"p9","m0",0.371691689437766,1.32033070850065,-0.569510375216388,0.391798044382303
1268,14608,"p9","m0",0.369816374456984,1.32948516519424,-0.401494795202761,0.4537835760154
1269,14614,"p9","m0",0.36080253920173,1.30894851064043,-0.32449949526616,0.49834740549965
1270,14652,"p9","m0",0.311549323605754,1.21102015028188,-0.343646944999465,0.35858787531216
1271,14661,"p9","m0",0.289878330424913,1.25413149113203,-0.455413083099409,0.565006149839345
1272,14673,"p9","m0",0.275768643602298,1.25158200127512,-0.281318540302393,0.848027326194173
1273,14676,"p9","m0",0.295069760203266,1.26273833472956,-1.22571635568864,0.712783685755888
1274,14688,"p9","m0",0.395098605386763,1.30940179224061,-0.270963741743589,0.512276745249908
1275,14724,"p9","m0",0.376850734204468,1.27972824975505,-0.487134863815662,0.424418817158505
1276,14731,"p9","m0",0.540456971735149,1.37220060455952,0.0408799506929533,-0.157802522063603
1277,14739,"p9","m0",0.379559521560954,1.34030520970623,-0.15887879033558,0.514969006426268
1278,14743,"p9","m0",0.306819421846002,1.24936822436669,-0.7008109693305,0.616505448777759
1279,14777,"p9","m0",0.339537499046297,1.28166447932366,-0.334533203440827,0.587685383594907
1280,14783,"p9","m0",0.297529574010256,1.24205951144513,-0.946242771788542,0.602664489492436
1281,14792,"p9","m0",0.309281072538623,1.25503656384541,-0.355136027284584,0.506439496415025
1282,14793,"p9","m0",0.349243216186334,1.30463819194322,-0.572447929482389,0.455970610151808
1283,14796,"p9","m0",0.309697495555578,1.26402992552582,-0.657367990418274,0.409210586337997
1284,14816,"p9","m0",0.399492834454968,1.33160061817904,0.0128855779930123,0.386941369513826
1285,14825,"p9","m0",0.304137652679874,1.22705253029934,-0.972647561766088,0.606928716962288
1286,14829,"p9","m0",0.355666296913422,1.27423050833452,-0.848555567795136,0.382293480204192
1287,14850,"p9","m0",0.316706245406123,1.25074274063403,-1.05555282975264,0.486568189431129
1288,14855,"p9","m0",0.373642111872163,1.26963835460157,-0.352814419011919,0.327382333187443
1289,14873,"p9","m0",0.353916371613174,1.30384853167181,-0.0680536154018483,0.528016765198989
1290,14921,"p9","m0",0.297740153227965,1.20026866671722,-0.328126118845777,0.56780281443965
1291,14938,"p9","m0",0.342409929311474,1.29594163066487,-0.197254618547348,0.519667242711604
1292,14941,"p9","m0",0.265140303499254,1.22263729553327,-0.732071320942087,0.545523642885838
1293,14942,"p9","m0",0.2680534798446,1.26687301790447,-0.376306464259952,0.85073533276892
1294,14964,"p9","m0",0.33603471263885,1.24436939004422,-0.452001379989859,0.510370484465912
1295,14983,"p9","m0",0.273454042240686,1.25307170584815,-0.876487781366674,0.728235774144731
1296,14993,"p9","m0",0.266248802342693,1.22107380023431,-0.810389835362386,0.82085238272933
1297,14999,"p9","m0",0.386008291693026,1.32761209434605,-0.35772134103151,0.481087780906297
1298,15010,"p9","m0",0.390320071680278,1.33870185279353,-0.572782286414093,0.470986074135112
1299,15013,"p9","m0",0.317060446472876,1.19457862637899,-0.631563853900101,0.290579121955505
1300,15017,"p9","m0",0.321186523169621,1.33839909675012,-0.66178434765829,0.660560481524151
1301,15024,"p9","m0",0.36845656291073,1.29413361424894,-0.288112706458186,0.520091925767066
1302,15033,"p9","m0",0.343204437793851,1.26222407417882,-0.721266558912842,0.50226348624492
1303,15035,"p9","m0",0.325464015775736,1.28850070421334,-0.411903318679263,0.632446619280073
1304,15093,"p9","m0",0.274780590980881,1.21378275979988,-0.512086462813856,0.617075509202135
1305,15095,"p9","m0",0.305898859338155,1.1997110144832,-0.609930101402591,0.44221711454155
1306,15109,"p9","m0",0.305516313988,1.17300557930778,-0.17265693819434,0.465579350438116
1307,15126,"p9","m0",0.410619979533843,1.35894306361713,-0.0537944613908658,0.322835942854036
1308,15142,"p9","m0",0.371909012856994,1.29132202544066,-0.529053857893927,0.381295529434373
1309,15174,"p9","m0",0.457073139143254,1.35070468160749,-0.162170660771041,0.205379242325862
1310,15177,"p9","m0",0.35421303333809,1.27601769339385,-0.661578054949235,0.351256146245524
1311,15216,"p9","m0",0.41822963380337,1.27517116639325,-0.0321432414812388,0.0917022434486487
1312,15217,"p9","m0",0.369207871440444,1.25041023425478,-0.144269247683377,0.153411300004294
1313,15219,"p9","m0",0.315586760289664,1.24595153156446,-0.692780554481242,0.736845662799847
1314,15228,"p9","m0",0.330099563627938,1.28994135040687,-0.630406750570658,0.558745591108406
1315,15233,"p9","m0",0.425614950350424,1.29133162543589,-0.276703723995342,0.207036293285597
1316,15269,"p9","m0",0.323470081291553,1.32774518601573,-0.306735202252672,0.802621102952089
1317,15274,"p9","m0",0.380508444057699,1.28544563594933,-0.307468421329829,0.477543217407139
1318,15304,"p9","m0",0.384991151647897,1.33733234574498,-0.191556066161298,0.560781463056895
1319,15327,"p9","m0",0.319642342045104,1.25704804453999,-0.548424282784453,0.468510651749087
1320,15339,"p9","m0",0.399201125255115,1.33793025195958,-0.370537897959474,0.503714802057377
1321,15340,"p9","m0",0.257946677240287,1.25748343074846,-0.590864628122331,0.803137368990273
1322,15360,"p9","m0",0.42549450618923,1.38351497607541,-0.144258979534045,0.548077775347323
1323,15372,"p9","m0",0.263499021970652,1.23194820880786,-0.300927895765375,0.81861122521093
1324,15373,"p9","m0",0.243388909522043,1.26202230395387,-0.317929531960862,0.924230104804931
1325,15375,"p9","m0",0.417228840292096,1.32110405741146,-0.19038642448741,0.382247877645805
1326,15388,"p9","m0",0.260328602477156,1.24102387834093,-1.01649363356989,0.951156942636126
1327,15391,"p9","m0",0.350374826720563,1.32057227252582,-0.365660513196248,0.591898037563203
1328,15393,"p9","m0",0.34889675686901,1.25881319981554,-0.595921697225363,0.337922420919009
1329,15461,"p9","m0",0.449683412828043,1.29098031898467,-0.0590310004367703,-0.0220090852673383
1330,15463,"p9","m0",0.367502855420481,1.30870963958096,-0.339737940189994,0.48231766788579
1331,15470,"p9","m0",0.326529066042037,1.26701688479003,-0.75818208560561,0.58369655561235
1332,15482,"p9","m0",0.333303051552691,1.21228150073262,-0.822883129584341,0.473384178361939
1333,15484,"p9","m0",0.355197390806259,1.31006528757067,-0.433635815638133,0.469701215889472
1334,15491,"p9","m0",0.27102850353351,1.22916359321172,-0.33597498090764,0.653080279249004
1335,15493,"p9","m0",0.45352580058331,1.32247290214695,0.0467593704131754,0.197751689466174
1336,15507,"p9","m0",0.372692077285597,1.31344124259748,-0.0683229871008255,0.443646462038744
1337,15515,"p9","m0",0.272208661544651,1.21720443945846,-0.546677308223232,0.787198612984832
1338,15530,"p9","m0",0.491946575197219,1.31344418740314,-0.065012076844491,-0.224792042849092
1339,15532,"p9","m0",0.49500021410867,1.36756143373948,-0.0611701668391326,0.0679214399884825
1340,15540,"p9","m0",0.350302236120663,1.29855506301043,-0.658968640234814,0.634121948915236
1341,15557,"p9","m0",0.335728616643187,1.29116278463757,-0.0674588053017069,0.590264671173183
1342,15560,"p9","m0",0.521254557128134,1.33390261068716,0.016069224573981,-0.11151224115757
1343,15567,"p9","m0",0.422876814918405,1.33182020176696,-0.171908716221523,0.221285110940766
1344,15612,"p9","m0",0.363823086871373,1.24220244280791,-0.351520552617104,0.182433407938329
1345,15628,"p9","m0",0.436091667382218,1.39188575214311,-0.181026340487152,0.36629313448599
1346,15631,"p9","m0",0.356160802861739,1.2921071624553,-0.793883828923143,0.46114002532043
1347,15634,"p9","m0",0.402439021261104,1.2542722320705,-0.347351058437443,0.1357304303842
1348,15637,"p9","m0",0.486610779984955,1.33584918206572,0.0981023245621944,0.104716594776206
1349,15638,"p9","m0",0.299523982228086,1.23254915815474,-0.613564759735407,0.444945375429068
1350,15671,"p9","m0",0.371031532095343,1.2958555717723,-0.349238246321719,0.460082998536713
1351,15676,"p9","m0",0.320547504956406,1.28964949706104,-0.539635232433033,0.600519060177721
1352,15677,"p9","m0",0.426731122305692,1.30664136507725,-0.456926754531266,0.167582110837234
1353,15709,"p9","m0",0.311730789385861,1.30390677375324,-0.581083241006536,0.717900100916019
1354,15744,"p9","m0",0.403561285512811,1.28087511050399,-0.1994498258001,0.279052206460809
1355,15771,"p9","m0",0.341985086696354,1.26066358328689,-0.247258809452555,0.275629959548598
1356,15781,"p9","m0",0.240988003266998,1.20061862548192,-0.731427364304705,0.809001525155979
1357,15794,"p9","m0",0.408070555480716,1.35996575897124,-0.144084679770336,0.513130403324822
1358,15795,"p9","m0",0.2232579691122,1.22929605050477,-0.487540748773985,0.854289934259127
1359,15809,"p9","m0",0.365437703145153,1.22408584335576,-0.354483090917456,0.455480771037228
1360,15818,"p9","m0",0.459713627277476,1.33587332899808,-0.155185084621913,0.0967709158696992
1361,15838,"p9","m0",0.34328490680134,1.30216482539634,-0.621692170629575,0.458024571696254
1362,15848,"p9","m0",0.204449017346203,1.19386534371214,-0.453350229147897,0.884312438352798
1363,15853,"p9","m0",0.348452450937146,1.22529826074199,-0.24982413026381,0.406725936965038
1364,15862,"p9","m0",0.337539907631891,1.28627221709854,-0.384381322410119,0.472699777933269
1365,15871,"p9","m0",0.289650139403773,1.25287150836528,-0.345792766411612,0.768713761635921
1366,15874,"p9","m0",0.321087127622617,1.2134813044057,-0.347922008509753,0.412299036779705
1367,15877,"p9","m0",0.281340362713583,1.17586808572941,-0.680327062858311,0.483801075067322
1368,15903,"p9","m0",0.301619450678422,1.28203985037579,-0.740118395521363,0.725264600416042
1369,15907,"p9","m0",0.291625735682347,1.26357602415317,-0.953260428723691,0.668787107399201
1370,15915,"p9","m0",0.300231370492274,1.26316720053584,-0.481929103546844,0.6716462951728
1371,15918,"p9","m0",0.505371023957584,1.3886089254115,0.0142196507982478,0.208272714696231
1372,15934,"p9","m0",0.129215927915748,1.14980870979432,-0.863331321154716,0.982749438124461
1373,15965,"p9","m0",0.214321048573155,1.22077567583184,-0.710986029609613,0.745737632057733
1374,15976,"p9","m0",0.303917246038464,1.26489412299258,-0.850761182577699,0.71382489480857
1375,16015,"p9","m0",0.30265252024921,1.27255355313146,-0.4373864266331,0.734509955506251
1376,16018,"p9","m0",0.404629377016127,1.30206534242093,-0.305437906796009,0.477623826062257
1377,16021,"p9","m0",0.370072802852379,1.30722106548294,-0.319296780701227,0.441050399873918
1378,16026,"p9","m0",0.462228376613965,1.34123011076407,-0.0585628029487396,0.166307482979898
1379,16058,"p9","m0",0.29964168415368,1.26900229245954,-0.473872322716481,0.751167894318593
1380,16082,"p9","m0",0.419608945950189,1.24989270876282,-0.388610870009674,0.0967548820677151
1381,16104,"p9","m0",0.273754249926135,1.29414703509039,-0.752854315815735,0.896166237293583
1382,16106,"p9","m0",0.458333518621572,1.3656859658825,-0.514776890370525,0.195629620376616
1383,16116,"p9","m0",0.228201725838288,1.2414862533022,-0.751390307504648,0.923210387910145
1384,16119,"p9","m0",0.33998243406051,1.29775746442274,-0.454380371422316,0.441970721198242
1385,16130,"p9","m0",0.392027027072709,1.3099319441446,-0.456379251846012,0.185452997488478
1386,16133,"p9","m0",0.265288828000231,1.18242432191486,-0.621535508588729,0.621643091859152
1387,16138,"p9","m0",0.394143608453631,1.28956760721109,0.0426713090011473,0.327568475469821
1388,16153,"p9","m0",0.383707175957683,1.30977984601642,-0.284515283793536,0.469844346081931
1389,16158,"p9","m0",0.385722376523435,1.33972473146794,-0.492113909903936,0.350336668929523
1390,16189,"p9","m0",0.337006049838091,1.28044475892565,-0.516247931163401,0.79988227475888
1391,16191,"p9","m0",0.339071070574066,1.29289525647592,-0.558517328950646,0.297004109207466
1392,16197,"p9","m0",0.39622769430367,1.27697586655174,-0.223099718255364,0.314782731368006
1393,16200,"p9","m0",0.295640626700789,1.25296279314638,-0.0784644386328307,0.817870352075389
1394,16209,"p9","m0",0.324572303062815,1.25743413524976,-0.421663487106832,0.376821492725528
1395,16219,"p9","m0",0.442516641546652,1.35386361162011,0.0582776156084005,0.210354176220841
1396,16229,"p9","m0",0.319678544848665,1.25804422846258,-0.238696281548714,0.553872135587759
1397,16257,"p9","m0",0.375482057345219,1.27304832856214,-0.465221917774585,0.688896188063943
1398,16263,"p9","m0",0.326151676012026,1.25301970590711,-0.745105005863929,0.582938453673388
1399,16266,"p9","m0",0.363815309873392,1.3059872946151,-0.640479029055413,0.578704858694644
1400,16283,"p9","m0",0.518919805390894,1.40146753833975,-0.175128801016213,0.00888184514697157
1401,16289,"p9","m0",0.274152831115841,1.28201003531056,-0.600646012625262,0.733199479679076
1402,16293,"p9","m0",0.338888221775225,1.28829949349928,-0.362003484044729,0.419570554852995
1403,16309,"p9","m0",0.354643967587757,1.28588886599991,-0.644379325334238,0.513061918957406
1404,16317,"p9","m0",0.34135705963991,1.27862221843199,-0.0504908823984271,0.511164922886528
1405,16323,"p9","m0",0.309496034312834,1.21839776785438,-0.34391930460201,0.435515621274358
1406,16375,"p9","m0",0.301492780882715,1.27285621039258,-0.362794836587303,0.519590593949603
1407,16378,"p9","m0",0.526065341336074,1.34641443335313,-0.0843589617024315,-0.250083809837151
1408,16381,"p9","m0",0.392751912462921,1.27911402857807,-0.244396347075093,0.262180748602152
1409,16401,"p9","m0",0.319232667448213,1.29279000087483,-0.836705356074562,0.704688196823149
1410,16403,"p9","m0",0.291907308178014,1.26240907271098,-0.369825005312145,0.646325033310172
1411,16416,"p9","m0",0.382882420966257,1.31730041983197,-0.455409584515269,0.412311214418336
1412,16425,"p9","m0",0.304874471646565,1.22016689592133,-0.651447779638965,0.5435324096354
1413,16428,"p9","m0",0.419547929018303,1.30208194675606,-0.311826062248255,0.214242420918761
1414,16434,"p9","m0",0.276459311450226,1.22277297037018,-0.770601531096352,0.708540755842404
1415,16471,"p9","m0",0.375216620998094,1.32599921674075,-0.430297598589589,0.437975272269253
1416,16479,"p9","m0",0.31788169109362,1.2691337249534,-0.75862694638322,0.620035310553185
1417,16518,"p9","m0",0.499929659102606,1.35303189053909,-0.0242799613445356,0.0998435350627956
1418,16538,"p9","m0",0.402857620794608,1.31607940949357,-0.264927233890443,0.364537728674809
1419,16552,"p9","m0",0.394074458146137,1.29334828881546,-0.0466968629660337,0.303489639905254
1420,16566,"p9","m0",0.350958899083127,1.27824170961016,-0.239343971006373,0.579022995906132
1421,16582,"p9","m0",0.407401783365523,1.2882973637121,-0.176412063241881,0.147597974827493
1422,16586,"p9","m0",0.267692490289198,1.26540727762179,-0.667028352422153,0.684186139403056
1423,16591,"p9","m0",0.455274595686093,1.27877372478647,-0.172203920096097,-0.0437616113964872
1424,16604,"p9","m0",0.32083419224459,1.21309987647161,-0.606328913085585,0.413251943211802
1425,16633,"p9","m0",0.540879471091667,1.392930348066,-0.0471465335646309,-0.158206329085173
1426,16640,"p9","m0",0.418476997393675,1.31521096121349,-0.402731624845491,0.267300752974663
1427,16650,"p9","m0",0.406424604422533,1.27924662555203,-0.126138268202144,0.237460948799319
1428,16686,"p9","m0",0.410892271211911,1.25135730800826,-0.0950546420257392,0.0967355069498745
1429,16689,"p9","m0",0.367687851165445,1.2777015577045,0.024245323946263,0.494279588120104
1430,16703,"p9","m0",0.493114046371073,1.34863413926509,-0.130529565282422,-0.00569493809907331
1431,16705,"p9","m0",0.418266013177183,1.26205105653876,-0.448805090209506,0.148979691460465
1432,16711,"p9","m0",0.229539663176547,1.28139658160894,-1.13513597289189,1.046647648032
1433,16721,"p9","m0",0.197119853269025,1.17500664751823,-1.22594178376426,1.04206170376327
1434,16726,"p9","m0",0.405526106988328,1.32468553788015,-0.349336311265485,0.388215038619653
1435,16729,"p9","m0",0.34604288165918,1.26578027734718,-0.655835648887143,0.380123435230796
1436,16745,"p9","m0",0.29590683538667,1.23059769818541,-0.393802775276622,0.643020598683737
1437,16749,"p9","m0",0.341874318154268,1.2730918796477,-0.273672177108975,0.531513521530394
1438,16763,"p9","m0",0.415799290289155,1.32628087059345,-0.0167492615447229,0.256630675091343
1439,16775,"p9","m0",0.469147755943945,1.33827373603311,0.0140615740168679,0.157557573423483
1440,16778,"p9","m0",0.317748270532682,1.22811035302799,-0.816867316660734,0.532822699776013
1441,16787,"p9","m0",0.415191022650765,1.30009126135799,-0.0478559461204237,0.445113820461964
1442,16799,"p9","m0",0.457205730730397,1.33378317485982,-0.474333683131058,0.0987502988587218
1443,16823,"p9","m0",0.323090379394689,1.24821635550778,-0.385157394916962,0.66419769895096
1444,16829,"p9","m0",0.405811312015089,1.33163378319471,-0.144087012364666,0.435938589346788
1445,16852,"p9","m0",0.393384803197573,1.31888690833783,-0.196254878289175,0.38793473372131
1446,16855,"p9","m0",0.267016542732117,1.21367867830127,-0.657607107236053,0.695921573905882
1447,16885,"p9","m0",0.301574938129726,1.23558472347475,-0.361567210826827,0.475468624094496
1448,16923,"p9","m0",0.317208878077478,1.27431922227153,-0.700599687910428,0.590673252460841
1449,16950,"p9","m0",0.302480845519171,1.27808097998256,-0.438581414668578,0.574502613236345
1450,16968,"p9","m0",0.435188178729148,1.35935202793735,-0.131333868571087,0.227907342260239
1451,16972,"p9","m0",0.359444454192679,1.24531261102169,-0.716723652880297,0.268250987448956
1452,16991,"p9","m0",0.290936064152913,1.27219576577185,-0.526373558584731,0.754771097796984
1453,16993,"p9","m0",0.465565070603116,1.34138016096848,0.0619600057554813,0.186742871863849
1454,16994,"p9","m0",0.157274170880098,1.14755073692642,-0.812982768543994,0.890696805480662
1455,17011,"p9","m0",0.344621401937697,1.21945708120901,-0.310404435767825,0.399618093472198
1456,17013,"p9","m0",0.338068523940456,1.24137929978115,-0.704183565448549,0.317543747683065
1457,17019,"p9","m0",0.332263311075442,1.26665697370797,-0.246720845007264,0.535745707105703
1458,17020,"p9","m0",0.310703424942502,1.26306782978243,-0.549550049642246,0.574780930480902
1459,17028,"p9","m0",0.417955973381035,1.36178163914045,-0.289037226774712,0.499973299866808
1460,17078,"p9","m0",0.363882551833044,1.30567349802125,-0.148482857871838,0.379009040398964
1461,17080,"p9","m0",0.261965877651252,1.25084317838386,-0.218445642557771,0.778548267285251
1462,17081,"p9","m0",0.276986717777175,1.23472947492393,-0.495895244772808,0.605435057601541
1463,17119,"p9","m0",0.276889059833984,1.28790026202839,-0.666705359459781,0.702452721821918
1464,17124,"p9","m0",0.479609383234954,1.32041324811007,-0.277807551904641,0.0761680052557842
1465,17125,"p9","m0",0.332068040016873,1.26053145043995,-0.303456432617017,0.532241830065544
1466,17129,"p9","m0",0.347991629331534,1.251670557124,-0.265265951713049,0.480384994004434
1467,17148,"p9","m0",0.260933442805634,1.28170362366045,-1.47194631032701,0.74891500152536
1468,17162,"p9","m0",0.452391365323127,1.30444623577357,-0.0850357983738594,0.128518085051812
1469,17184,"p9","m0",0.333501736900339,1.28660201529294,-0.475926293420871,0.559563361452154
1470,17197,"p9","m0",0.514226857222936,1.35509914824679,0.0686416615890794,0.0117438431372426
1471,17202,"p9","m0",0.409411346586375,1.28379711952508,-0.261930016148787,0.207670202508943
1472,17205,"p9","m0",0.26948608758268,1.22889599302249,-0.502502641489013,0.733195164908335
1473,17208,"p9","m0",0.47869048887802,1.3430842457348,0.0461695934920233,0.164085636254883
1474,17225,"p9","m0",0.324761479803291,1.26030348992408,-0.705316759788404,0.441543118561928
1475,17239,"p9","m0",0.439010592782055,1.29483951958223,-0.166183726148362,0.117874372203528
1476,17242,"p9","m0",0.263884108541214,1.26838703816808,-0.483826117991555,0.663736557333894
1477,17244,"p9","m0",0.365253786068924,1.24812062609351,-0.17171767822812,0.402587721004711
1478,17249,"p9","m0",0.366365672782832,1.23992138991855,-0.586486044049251,0.193547017134722
1479,17250,"p9","m0",0.364539080803682,1.29955482498402,-0.293429215845202,0.532462862187817
1480,17319,"p9","m0",0.377957889096913,1.27747427620662,-0.525644361591587,0.192648305902539
1481,17342,"p9","m0",0.340911528134686,1.19310301954367,-0.485865863076846,0.231911060982717
1482,17350,"p9","m0",0.299341725556856,1.27304243429557,-0.466430600781423,0.691127648249429
1483,17375,"p9","m0",0.311195964579524,1.29130716262671,-0.554188307783208,0.534763959472636
1484,17389,"p9","m0",0.27319856017732,1.20346469533691,-0.799503556832701,0.632520132132727
1485,17390,"p9","m0",0.265074398650448,1.24668355293418,-1.5806987554047,0.760478734528799
1486,17397,"p9","m0",0.288365970289946,1.23320962720823,-0.535392154532533,0.536905314520879
1487,17401,"p9","m0",0.328277696215728,1.32215202433746,-0.372615427341058,0.69631999711197
1488,17405,"p9","m0",0.362715026636346,1.34593142883788,-0.201930552096256,0.52955062964487
1489,17407,"p9","m0",0.290680229548236,1.2457860434514,-0.296838119310726,0.692569224533569
1490,17423,"p9","m0",0.497219297768062,1.33191267146288,-0.19366576157346,-0.0960499959378712
1491,17426,"p9","m0",0.364731959903321,1.31424622360621,-0.247604959274437,0.585035170418799
1492,17438,"p9","m0",0.281105959656644,1.22227522097971,-1.06334239548949,0.61279018680447
1493,17447,"p9","m0",0.290043800586035,1.27800496517135,-0.56958589961832,0.782859601383335
1494,17448,"p9","m0",0.283564091535394,1.19011131512003,-0.574817581537999,0.559756085666724
1495,17454,"p9","m0",0.306961104967714,1.29741407224975,-0.244703168718476,0.673951363416597
1496,17483,"p9","m0",0.260108951739814,1.21403157527154,-0.708864259129257,0.704729794760638
1497,17488,"p9","m0",0.321786816847586,1.25554398277396,-0.526492365641696,0.586136148180914
1498,17495,"p9","m0",0.386998832499295,1.32593318703477,-0.412082585004389,0.426616749473932
1499,17498,"p9","m0",0.337396956842215,1.28194299344766,-0.650693477881391,0.632674564405706
1500,17511,"p9","m0",0.414151575249699,1.32020281443233,-0.128453269202516,0.394814508877247
1501,17524,"p9","m0",0.384087954981016,1.3227803906564,-0.444017072242959,0.442874102714023
1502,17527,"p9","m0",0.229418477592921,1.17063577380119,-1.38293271730234,0.792713371301843
1503,17528,"p9","m0",0.347944148548066,1.24517706287119,-0.555630688284202,0.434395271560551
1504,17552,"p9","m0",0.249246108404034,1.24743374298806,-0.20404131604578,0.899767179651755
1505,17559,"p9","m0",0.248884007924669,1.2584551383358,-0.303491863205215,0.878660705635327
1506,17562,"p9","m0",0.2304885714158,1.28507384147145,-0.585233396215942,1.12647409273709
1507,17579,"p9","m0",0.473676799661898,1.35431108648064,-0.525369874914894,0.226435288079905
1508,17587,"p9","m0",0.319821139308872,1.27688944838215,-0.430133427244895,0.643113003723626
1509,17595,"p9","m0",0.420858751638772,1.33335436467186,-0.154900285164003,0.466270344694166
1510,17636,"p9","m0",0.379146783693342,1.32808492953273,-0.186762171549304,0.375004824277221
1511,17645,"p9","m0",0.223755294138888,1.20953135850339,-1.10872457525875,0.853197041871829
1512,17646,"p9","m0",0.399320811667687,1.29243305447269,-0.255527598741724,0.269620586966599
1513,17661,"p9","m0",0.375332958228792,1.29453722690855,-0.886821054381844,0.540536234523924
1514,17663,"p9","m0",0.361961916732538,1.33566256492109,-0.278997837316498,0.569174224235437
1515,17683,"p9","m0",0.268795420150633,1.18927686087226,-0.556748718903115,0.727477436707602
1516,17694,"p9","m0",0.288639762392943,1.2796489569041,-0.562181541621548,0.784604838500024
1517,17696,"p9","m0",0.420127287021545,1.26948694881801,-0.527743464180245,0.258779276568376
1518,17697,"p9","m0",0.349287255559968,1.26790310034061,-1.15827934175494,0.302855409504293
1519,17715,"p9","m0",0.44701618868464,1.33948697151592,0.0956221131407979,0.0964999162314653
1520,17716,"p9","m0",0.552832324414107,1.35704019057801,0.360627111249704,-0.245072631867406
1521,17728,"p9","m0",0.387344298829398,1.30074848735489,-0.565892968889525,0.31302379304096
1522,17769,"p9","m0",0.282494061493911,1.24330188280431,-1.00264353994295,0.620662979043063
1523,17771,"p9","m0",0.249891012065002,1.26074715940611,-0.587705063547943,0.717164342933917
1524,17793,"p9","m0",0.320053589752678,1.26009287759525,-0.462135574691269,0.586839760726662
1525,17796,"p9","m0",0.33056677741701,1.27662206969941,-0.474438187220714,0.491685523907496
1526,17816,"p9","m0",0.494836008552914,1.30854317707852,-0.214958931832451,-0.0761221578190303
1527,17817,"p9","m0",0.337719238190203,1.26448515153834,-0.668321253475731,0.572164699852364
1528,17827,"p9","m0",0.336165602583353,1.26125316524532,-0.276331874180352,0.525458973191303
1529,17828,"p9","m0",0.498659219363646,1.32464542421771,-0.0310277048352661,0.00417314606917742
1530,17840,"p9","m0",0.277852115939386,1.25445089564604,-0.568779772359483,0.698811378752071
1531,17864,"p9","m0",0.289869483625972,1.26779887475338,-0.377295748576801,0.783711695346749
1532,17883,"p9","m0",0.402304069126604,1.29962520035335,-0.500282961219922,0.309531168646783
1533,17908,"p9","m0",0.466688553884759,1.34026533419026,-0.162350936677948,0.260350544325091
1534,17915,"p9","m0",0.273511955435687,1.25493542802494,-1.4162678726081,0.615783930652481
1535,17921,"p9","m0",0.379654790623352,1.32059809624208,-0.358486905961309,0.485214687892145
1536,17943,"p9","m0",0.358116260673171,1.29513850228835,-0.381493229983863,0.464457126917799
1537,17948,"p9","m0",0.479897625172138,1.32705079298115,0.114392562881632,0.104723726349453
1538,17952,"p9","m0",0.232197580419009,1.24568095390392,-0.71484728274303,0.816190006287101
1539,17986,"p9","m0",0.351416811983857,1.28181015158987,-0.451633453865944,0.545127557547085
1540,17992,"p9","m0",0.326263741078993,1.31355644348907,-0.532816354898165,0.631103339564064
1541,18020,"p9","m0",0.360098436199484,1.2648320362619,-0.271845025759958,0.322722984161457
1542,18023,"p9","m0",0.503470483921202,1.35730610807387,0.126489332528894,-0.125148566584464
1543,18029,"p9","m0",0.471683058022917,1.29049639869432,-0.176667051322188,-0.0434089216779022
1544,18031,"p9","m0",0.213872000476528,1.24988154589826,-0.659298284244155,0.847217066042605
1545,18032,"p9","m0",0.531308856525603,1.41620293679769,0.1327904280624,0.0878067470630137
1546,18052,"p9","m0",0.33539834428173,1.23277344653765,-0.526663059259601,0.338558054288322
1547,18059,"p9","m0",0.294912735480095,1.28801208751299,-0.160377963300695,0.845014683721706
1548,18082,"p9","m0",0.208617970962897,1.21810947477184,-0.947252250987292,0.925497228474789
1549,18088,"p9","m0",0.216279463411716,1.16406270001715,-1.04983922166371,0.874166569746973
1550,18124,"p9","m0",0.368913658148913,1.31228813613187,-0.150695383513802,0.474387431630009
1551,18134,"p9","m0",0.371941269153421,1.31794739817816,-0.280147417389009,0.443767130857698
1552,18144,"p9","m0",0.350219204473627,1.28012458002629,-0.78945691804643,0.429967990718337
1553,18150,"p9","m0",0.335714795059214,1.34782946130416,0.00289375713896025,0.742899287302448
1554,18156,"p9","m0",0.34835598511636,1.29098441787314,-0.45617233883875,0.543806871200692
1555,18168,"p9","m0",0.380317917847517,1.2890091288973,-0.728387491518666,0.163001413308041
1556,18175,"p9","m0",0.310445253397432,1.30197391014325,-0.42705414405068,0.716304276739643
1557,18176,"p9","m0",0.256090911442188,1.2294320029161,-0.717921872672322,0.69953711497697
1558,18186,"p9","m0",0.354564688475164,1.27443730059274,-0.278014526275367,0.452096950181119
1559,18189,"p9","m0",0.263626322961234,1.24919525845033,-0.607521404279611,0.879457612304814
1560,18222,"p9","m0",0.47388722027928,1.31931739503988,-0.0726767553605494,0.096515622851241
1561,18223,"p9","m0",0.384674304956014,1.28629677282825,-0.254560549427181,0.348901070614189
1562,18224,"p9","m0",0.327211074266881,1.26691148562784,-0.622571319558056,0.581452865312664
1563,18225,"p9","m0",0.317779953135275,1.21984516609666,-0.359507600751933,0.402999590946215
1564,18231,"p9","m0",0.42736251386161,1.27784901294174,-0.304117788813615,0.25925541007601
1565,18240,"p9","m0",0.448115896827249,1.32264560802992,-0.165324153542431,-0.101308893179802
1566,18260,"p9","m0",0.261070988247595,1.176750884425,-0.353357922336668,0.814031761095036
1567,18289,"p9","m0",0.43944230201487,1.2912422987891,-0.541390688028377,0.06640918297827
1568,18313,"p9","m0",0.333592010970728,1.28181041800044,-0.131839776542305,0.669917814255606
1569,18322,"p9","m0",0.472302165755403,1.32944264130597,-0.135044725395169,-0.0373401623209512
1570,18346,"p9","m0",0.393486365733869,1.25785745905309,-0.2509046915271,0.291299805802226
1571,18370,"p9","m0",0.333567259474389,1.27746497678492,-0.389876883444054,0.550802414581126
1572,18373,"p9","m0",0.427516522893687,1.36136235502909,-0.221419722670582,0.341670820193727
1573,18375,"p9","m0",0.287923973428468,1.2710552003469,-0.369182356176053,0.82579655579005
1574,18376,"p9","m0",0.284841718585247,1.29582218608176,-0.16528325500071,0.831604355565323
1575,18381,"p9","m0",0.394370311114313,1.28644903733774,-0.678056687250509,0.314972948257282
1576,18395,"p9","m0",0.267324343306976,1.21105232224719,-1.08829740362988,0.606097445490769
1577,18400,"p9","m0",0.365710088377293,1.27756247251931,-0.660041556729524,0.411580428596946
1578,18407,"p9","m0",0.37355073927579,1.29253880810485,-0.491454521277561,0.343535202173116
1579,18422,"p9","m0",0.31924805435014,1.20504038867219,-0.176499638195649,0.324524614184113
1580,18443,"p9","m0",0.318318659329585,1.24974264083745,-0.906958052786826,0.623122409367196
1581,18457,"p9","m0",0.503996527095996,1.35601654161221,0.17909256005301,0.213670301527092
1582,18463,"p9","m0",0.533950242600933,1.37314592745118,0.220948787599995,0.00369542343479164
1583,18477,"p9","m0",0.458571258952373,1.26779109146908,-0.132197112488691,0.133550702628834
1584,18489,"p9","m0",0.376773037668173,1.24688549313219,-0.57019836979615,0.306306945843075
1585,18498,"p9","m0",0.392275016900107,1.27120715781071,-0.659982353839666,0.375174134192577
1586,18499,"p9","m0",0.41898074844541,1.29951541688842,-0.543232050771492,0.201736781136248
1587,18514,"p9","m0",0.444496376275011,1.31501861904236,-0.303243520874029,0.0671503247813312
1588,18530,"p9","m0",0.365299071225764,1.31404163627188,-0.509569700799397,0.462411350226069
1589,18555,"p9","m0",0.405345102246942,1.27161916151391,-0.333347677197879,0.201658028172165
1590,18558,"p9","m0",0.478725333474637,1.41100675097409,-0.0600682676597849,0.328452720715164
1591,18567,"p9","m0",0.376813425785376,1.28429117095984,-0.390866796276267,0.441312841748802
1592,18569,"p9","m0",0.42456038745415,1.32945683796451,-0.243094434812685,0.450571994771127
1593,18570,"p9","m0",0.278927231521655,1.20800865625434,-0.892432677088897,0.862943620047216
1594,18574,"p9","m0",0.345202868946912,1.25947189313854,-0.538960674072015,0.433149284348386
1595,18576,"p9","m0",0.352396475767248,1.26777529958854,-0.301200910868649,0.311406546251606
1596,18582,"p9","m0",0.289122797179945,1.28452358969187,-0.655184679117068,0.679925068610073
1597,18590,"p9","m0",0.291298506708405,1.26418254881055,-0.361818110847293,0.80229625071701
1598,18592,"p9","m0",0.267757328441558,1.24329908331823,-0.748016009409791,0.810804330321885
1599,18600,"p9","m0",0.353006810924807,1.28542192889725,-0.65402093185024,0.471865304929884
1600,18603,"p9","m0",0.39035920784226,1.29551944156445,-0.337100997238863,0.473166906222382
1601,18620,"p9","m0",0.244737306585069,1.17423560249724,-0.411058648482341,0.771616140331492
1602,18626,"p9","m0",0.344451802849139,1.24109282468108,-0.244341022853665,0.449929712811768
1603,18638,"p9","m0",0.334136009813796,1.25955725835099,-0.493356915442055,0.395471048153451
1604,18648,"p9","m0",0.241474463273626,1.23149986620763,-0.932188558960519,0.946485507225961
1605,18656,"p9","m0",0.328043156861866,1.28924490481555,-0.205406955263695,0.62522897104084
1606,18661,"p9","m0",0.4033414718361,1.3279808583547,-0.509838369067796,0.415838608518693
1607,18664,"p9","m0",0.248005185357707,1.20310135358235,-0.725870979031164,0.684460589229495
1608,18686,"p9","m0",0.257066816959399,1.25327265808294,-0.907617648359931,0.73485485875287
1609,18688,"p9","m0",0.341699803853487,1.26645406185822,-0.10597330014063,0.564332410717985
1610,18720,"p9","m0",0.240062903075463,1.19845928305453,-0.782444087459815,0.773583653040082
1611,18733,"p9","m0",0.338578739041176,1.26013048956911,-0.33791230778556,0.466619105801338
1612,18752,"p9","m0",0.454330572998087,1.31175559255909,-0.192921499634902,0.148847484933755
1613,18762,"p9","m0",0.257691770983544,1.25626154785689,-0.561533219773232,0.754457491852539
1614,18764,"p9","m0",0.33902291518124,1.26832198070261,-0.537978775266117,0.44398588923379
1615,18773,"p9","m0",0.326690582345021,1.28165539691857,-0.521921344090233,0.534843369969603
1616,18777,"p9","m0",0.360005801975371,1.25831664177745,-0.00570521332460452,0.391320555673804
1617,18778,"p9","m0",0.365907803304056,1.31057753385052,-0.391751910597922,0.472806466587529
1618,18779,"p9","m0",0.486720239266902,1.37840579602798,-0.0952325664691911,0.113499866786006
1619,18786,"p9","m0",0.414071542645732,1.32554670012575,-0.36691388783097,0.311751062683879
1620,18794,"p9","m0",0.379002256807661,1.27117212918676,-0.120725244154046,0.368359727775133
1621,18796,"p9","m0",0.252400792178805,1.21637884071829,-0.944329799108161,0.696261988044608
1622,18800,"p9","m0",0.268004310759178,1.30611262602532,-0.555161113681985,0.762884757747445
1623,18816,"p9","m0",0.418305907720485,1.30918192485365,-0.1133791206908,0.273774743824925
1624,18830,"p9","m0",0.543936380408793,1.3703784773865,0.144642996927051,-0.134621930161753
1625,18859,"p9","m0",0.413044587119574,1.28178389638047,-0.132953058915575,-0.0127531866195581
1626,18871,"p9","m0",0.345159533246401,1.23526625578123,-0.489412902874518,0.543121165110491
1627,18886,"p9","m0",0.219231501614755,1.22741952387998,-0.328879546787386,0.95690027586422
1628,18911,"p9","m0",0.347662664823905,1.20239074117488,-0.00132152086883774,0.355023077906484
1629,18924,"p9","m0",0.20522033540091,1.20714710134273,-0.916516095927171,0.746475564890116
1630,18932,"p9","m0",0.32536002483313,1.23892204053097,-0.690808969291297,0.58138696653287
1631,18967,"p9","m0",0.315980038672975,1.24942049350255,-0.556435767145919,0.384953000395248
1632,19018,"p9","m0",0.246002368457963,1.25785256047175,-0.36155925170962,0.926093243849818
1633,19023,"p9","m0",0.35325230123859,1.30470229358466,-0.482669051066643,0.583974914895523
1634,19062,"p9","m0",0.392356589084102,1.26504685921364,-0.73733845267661,0.376749938779226
1635,19066,"p9","m0",0.33876171365866,1.24364796647197,-0.461850708531213,0.425292222247256
1636,19072,"p9","m0",0.460041040368412,1.29777096593973,-0.119760250113883,0.0647812869154468
1637,19097,"p9","m0",0.474619035769,1.31272611474966,0.0914005295712658,-0.0213205686652943
1638,19102,"p9","m0",0.292252109396271,1.29284217554899,0.0622566303232388,0.867633988650251
1639,19123,"p9","m0",0.373999096596163,1.27052046160076,-0.548794458151422,0.35609692263859
1640,19130,"p9","m0",0.226272767736464,1.23160470678315,-0.528272410499821,0.895609297443269
1641,19134,"p9","m0",0.285990567424945,1.20196901543934,-0.480296961250148,0.523494560589302
1642,19136,"p9","m0",0.449768862305881,1.3155423864761,-0.29662286873817,0.0976263018957262
1643,19143,"p9","m0",0.434529378770735,1.31446337909201,-0.76558621161496,0.0262050105455261
1644,19181,"p9","m0",0.392432215921472,1.20522102000887,-0.0621470151566278,0.209560307164071
1645,19221,"p9","m0",0.391736844870534,1.2886565896534,-0.432550296391761,0.234182886905051
1646,19266,"p9","m0",0.251217213467336,1.19396099526518,-1.08295968114912,0.561950233200699
1647,19272,"p9","m0",0.319529703530573,1.27634460691617,-0.532753867974671,0.516523867183071
1648,19282,"p9","m0",0.30589303990916,1.27598484379854,-0.234693100460604,0.614157225576308
1649,19289,"p9","m0",0.354138760099995,1.3000972786754,-0.829750581621613,0.538740340276565
1650,19292,"p9","m0",0.304969298463219,1.2905845835235,-0.764088730551426,0.714493456829994
1651,19338,"p9","m0",0.329817895022887,1.26057672394892,-0.249775387584471,0.505466053596286
1652,19366,"p9","m0",0.37172191888717,1.26416378761005,-0.519925456799161,0.466912631631036
1653,19387,"p9","m0",0.245157515578189,1.21914545716514,-0.584047668278558,0.91039136127652
1654,19388,"p9","m0",0.335143477838358,1.2674322673993,-0.623273391200366,0.496601059967165
1655,19397,"p9","m0",0.281080843919237,1.28495059039173,-0.381412567300578,0.712566153208628
1656,19452,"p9","m0",0.328522873023378,1.32959367571154,-0.336372326213021,0.658473743167925
1657,19455,"p9","m0",0.401939085753114,1.28199570685706,-0.0303573545230064,0.16483213868597
1658,19456,"p9","m0",0.323944064599741,1.29110933430505,-0.588814823716636,0.652813233011033
1659,19457,"p9","m0",0.259374170081182,1.22385646714391,-0.48167998712101,0.695156291025786
1660,19478,"p9","m0",0.361448646429277,1.2795686803555,-0.193620565857622,0.380329025290427
1661,19489,"p9","m0",0.487888915044886,1.41727382607916,-0.139031269123862,0.175051031588675
1662,19492,"p9","m0",0.488697726441428,1.40274946104414,-0.0810341738734423,0.268161057898697
1663,19496,"p9","m0",0.36372411636761,1.24335613045448,-0.921946551588355,0.327378559752983
1664,19498,"p9","m0",0.37404706751688,1.2521668951399,-0.442867512859799,0.175860867173141
1665,19504,"p9","m0",0.298657032769385,1.273530698339,-0.558317140467357,0.611551365960363
1666,19509,"p9","m0",0.339166842882067,1.21212064070693,-0.61888674430452,0.300428607401152
1667,19537,"p9","m0",0.430657662600785,1.32380135923736,-0.16973808629774,0.194548205000796
1668,19554,"p9","m0",0.34292181657262,1.28313539692084,-0.235565939956184,0.486333167430136
1669,19562,"p9","m0",0.434887601480092,1.30243329292184,-0.207300181052,0.146787628926347
1670,19566,"p9","m0",0.285417164119535,1.25325719765155,-0.791582462461382,0.750435459823548
1671,19613,"p9","m0",0.314234970482713,1.2587358263665,-1.0148573602217,0.7243683416029
1672,19617,"p9","m0",0.301970481875568,1.24384384299408,-0.395005148897414,0.625502945497805
1673,19623,"p9","m0",0.342538680296829,1.23881927906678,-0.78300113419885,0.398879456266916
1674,19666,"p9","m0",0.458940506452172,1.27759928872188,-0.402754206924181,0.0136786793959934
1675,19671,"p9","m0",0.24499454827214,1.21053673862634,-0.633414474692936,0.898933121533754
1676,19682,"p9","m0",0.311601426597934,1.26175934142784,-0.600855748396545,0.559331246065188
1677,19683,"p9","m0",0.37266016985759,1.32052064396161,-0.440155698250115,0.591797475004627
1678,19688,"p9","m0",0.436377857974611,1.28883185180433,-0.474868522464796,0.217816863295961
1679,19689,"p9","m0",0.278522101020001,1.17233776702132,-0.881333772564124,0.56466520487019
1680,19725,"p9","m0",0.288106998133357,1.23644988723718,-0.706553233936259,0.615436431569391
1681,19732,"p9","m0",0.336583756195182,1.26309778767931,-0.586559154242326,0.343932391815338
1682,19733,"p9","m0",0.493575338035547,1.40414031711003,-0.137740854106501,0.264028554762114
1683,19734,"p9","m0",0.420644661232386,1.27690383398715,0.0312757061002401,0.21476146318744
1684,19736,"p9","m0",0.358639602370917,1.2983138962008,-0.130022790324007,0.490881437148435
1685,19739,"p9","m0",0.373923721171127,1.30273473796503,-0.438068485782474,0.388852873998088
1686,19740,"p9","m0",0.291640747932499,1.24524220253711,-0.791335827293817,0.642835511091344
1687,19753,"p9","m0",0.468070075452728,1.32887295544926,-0.158470647770252,0.106812293677639
1688,19771,"p9","m0",0.344630076767941,1.26534399671972,-0.493436999770134,0.446896487013011
1689,19778,"p9","m0",0.386881965525452,1.30803799645755,-0.13051880769857,0.393141982591757
1690,19787,"p9","m0",0.34615766783379,1.28095216360461,-0.551262758992834,0.4083886619079
1691,19790,"p9","m0",0.40123506228262,1.35181674699641,-0.356114654623457,0.541795819884777
1692,19791,"p9","m0",0.506786643835813,1.35115044106174,0.279081352727538,0.0589336848944497
1693,19801,"p9","m0",0.377369202379952,1.29128718307173,-0.596373626690279,0.326327126275382
1694,19806,"p9","m0",0.539396690816777,1.35107526534072,0.0537025879445538,-0.297210633765969
1695,19810,"p9","m0",0.298571139524482,1.21632207959485,-0.627822746859302,0.626320571943591
1696,19815,"p9","m0",0.365421485490261,1.28459321778775,-0.112976121174809,0.456525753795948
1697,19843,"p9","m0",0.265965676772538,1.1825445247239,-0.956411776716681,0.597066013514914
1698,19845,"p9","m0",0.443980107371539,1.28730405198246,-0.332881741360582,0.149088708843844
1699,19903,"p9","m0",0.426729247959568,1.27320840197503,-0.137820912049201,0.13808701260682
1700,19905,"p9","m0",0.311508188448576,1.21779092708048,-0.496620637066835,0.486909090395833
1701,19914,"p9","m0",0.432634014781088,1.38879741228682,0.0295331656835597,0.49723707158972
1702,19929,"p9","m0",0.309540027086829,1.27845283396924,-0.274542762423279,0.760713965070257
1703,19935,"p9","m0",0.398341517825066,1.31362690044538,-0.217382627398756,0.290196923756384
1704,19936,"p9","m0",0.251944376417743,1.20970061471754,-0.968522661790177,0.64848837040557
1705,19965,"p9","m0",0.417096626030769,1.32969896874186,-0.521948689439893,0.263558173505233
1706,19975,"p9","m0",0.347918721981907,1.27256808515275,-0.0308791875789046,0.465869975993149
1707,19980,"p9","m0",0.281260572854877,1.19848981495536,-1.08758058622986,0.590351617740416
1708,19983,"p9","m0",0.35227341738038,1.28674656698027,-0.64711593100472,0.436233647970702
1709,19985,"p9","m0",0.318413420510772,1.2661634743845,-0.423522262405681,0.63043548864275
1710,20024,"p9","m0",0.367853627008975,1.28374634871042,-0.266294603200631,0.396006430577282
1711,20025,"p9","m0",0.408568150106286,1.29182472840843,-0.20193004921938,0.239900212359308
1712,20036,"p9","m0",0.181467792949378,1.16844040553411,-1.06028143129812,0.880315858403187
1713,20047,"p9","m0",0.484968490320223,1.30698043378461,-0.0242183784846392,-0.0793076798344882
1714,20048,"p9","m0",0.477726766474075,1.40025864389647,-0.0581761439637835,0.192447538101206
1715,20051,"p9","m0",0.433014397774487,1.34545513310639,-0.120920913485721,0.405375147368613
1716,20053,"p9","m0",0.370985592624428,1.30220254989562,-0.230644622970756,0.560937978580901
1717,20061,"p9","m0",0.295055022592192,1.27100716952509,-0.309869451711181,0.593496589765269
1718,20074,"p9","m0",0.288466058285819,1.22834061261046,-1.05929996546833,0.350405499301532
1719,20078,"p9","m0",0.293413411188488,1.16654329686896,-0.942671536899273,0.442687932492912
1720,20081,"p9","m0",0.401774566314418,1.33717112065682,0.0490791606644353,0.450277190090132
1721,20088,"p9","m0",0.421346902807643,1.3320297429742,-0.0847845633333745,0.279417750094765
1722,20091,"p9","m0",0.385169355469173,1.32520592251392,-0.569868658550967,0.450828868000773
1723,20099,"p9","m0",0.509713214882204,1.3049512571851,0.0806902562319437,-0.133469880609524
1724,20105,"p9","m0",0.349852512936899,1.23785706493863,-0.382875047294921,0.379142653245757
1725,20106,"p9","m0",0.346549855625711,1.26115868968995,-0.887200370777651,0.569522142493997
1726,20107,"p9","m0",0.339458725248269,1.22650580252293,-0.503232582847732,0.367800243281409
1727,20118,"p9","m0",0.37780656891491,1.25592808981272,-0.290319400686595,0.245163071565935
1728,20121,"p9","m0",0.398498171270436,1.25527528720244,-0.48710166509867,0.172224164007872
1729,20126,"p9","m0",0.411256540467856,1.30200542549828,-0.296805047406331,0.201685243840378
1730,20155,"p9","m0",0.39060230822472,1.26514264150969,-0.298721969725489,0.42201563752249
1731,20167,"p9","m0",0.382527845949511,1.29618353085535,-0.851821238988133,0.290402275597113
1732,20175,"p9","m0",0.307733620659242,1.22148730601842,-0.502018523603508,0.644697642077179
1733,20178,"p9","m0",0.360872997720162,1.28445344428496,-0.466665447473522,0.585260357723794
1734,20182,"p9","m0",0.209685940182818,1.12635758264086,-0.851325849221513,0.749436033210807
1735,20201,"p9","m0",0.308417091194118,1.2948245177788,-0.582394611723499,0.720925265470187
1736,20206,"p9","m0",0.24580696882746,1.20598933988743,-0.606577145593893,0.747862147468167
1737,20215,"p9","m0",0.466973773156388,1.3571582890674,-0.421800359861381,0.164627856125378
1738,20237,"p9","m0",0.220864186779619,1.21036690544843,-0.726840396542654,0.928554592112259
1739,20252,"p9","m0",0.294919339526242,1.26871071294127,-0.30163872247526,0.740719054530779
1740,20261,"p9","m0",0.236193329315736,1.20698427660961,-0.846424258204807,0.917606316748105
1741,20294,"p9","m0",0.475302707919223,1.3442046493867,-0.132438267152849,0.126801448429164
1742,20305,"p9","m0",0.42641623245113,1.32236145540169,-0.379010982305324,0.259429315140675
1743,20310,"p9","m0",0.283765362848801,1.26143270186138,-1.15564648818478,0.685553535108805
1744,20313,"p9","m0",0.444256489025496,1.29920759972314,-0.204329956226203,0.0506516600761217
1745,20314,"p9","m0",0.357156778035677,1.24808942868773,-0.460631032782661,0.272053575150668
1746,20315,"p9","m0",0.360085514516915,1.24539878691851,0.0379174463593991,0.379402799263077
1747,20316,"p9","m0",0.499610362429941,1.2976737542527,-0.0604677920463446,-0.257506234362749
1748,20321,"p9","m0",0.354386554120803,1.26678221143188,-0.279443094611085,0.478779391386809
1749,20333,"p9","m0",0.374978168223466,1.26975572501532,-0.416012748299403,0.286071242708319
1750,20357,"p9","m0",0.420906250180115,1.35705426740319,-0.442247876583414,0.593557169860174
1751,20362,"p9","m0",0.304358573083563,1.25168832328845,-0.453844806315006,0.492879011914021
1752,20373,"p9","m0",0.395443882599917,1.31150097284165,0.0414631850375803,0.472983858594882
1753,20394,"p9","m0",0.388396061504002,1.29764829698008,-0.601402248446595,0.367415020910806
1754,20395,"p9","m0",0.328492511912537,1.26424005475911,-0.481181478413946,0.527176102171257
1755,20408,"p9","m0",0.360585863384818,1.27160049688899,-0.634388250574362,0.352469723971927
1756,20426,"p9","m0",0.336632089903609,1.26083073369649,-0.629400788945349,0.432487653906994
1757,20439,"p9","m0",0.335261702214291,1.21383508061158,-0.618733511203038,0.381344132439866
1758,20448,"p9","m0",0.501198177964996,1.33127836932408,-0.0239454098125703,-0.0626447280600343
1759,20449,"p9","m0",0.349555892993531,1.29040409159847,-0.388080077521674,0.452187063319385
1760,20454,"p9","m0",0.312056762706871,1.27454716814606,-0.57274786549757,0.518374289443701
1761,20476,"p9","m0",0.339697465487167,1.24124649420148,-0.180381946930886,0.559421976467175
1762,20477,"p9","m0",0.231358823336714,1.22401673923419,-1.45771061452166,0.898910691954312
1763,20479,"p9","m0",0.285239808022565,1.25381001956687,-0.660979761771321,1.01659478731225
1764,20486,"p9","m0",0.242318448243931,1.24685719714823,-1.15716865323028,0.882029877873731
1765,20501,"p9","m0",0.362096594238681,1.35850485424318,-0.957822623860579,0.527870977719774
1766,20512,"p9","m0",0.343323637068429,1.2337473680138,-0.607586683836291,0.323068548829104
1767,20519,"p9","m0",0.394595381889932,1.30322589571201,-0.102555982465958,0.158111129448286
1768,20523,"p9","m0",0.396722337220332,1.29286078511719,0.0401821395793112,0.381424002951186
1769,20566,"p9","m0",0.374323174527372,1.28621260541341,-0.569775791690236,0.230561351752168
1770,20567,"p9","m0",0.280935423135644,1.26942761942563,-0.999182003756183,0.691132217798156
1771,20568,"p9","m0",0.466458943125035,1.3258237513272,-0.0218412309335895,0.207597043238314
1772,20571,"p9","m0",0.356833890575768,1.303995959919,-0.223389861298088,0.45515326992068
1773,20572,"p9","m0",0.417427704999919,1.30855400700558,0.136707301724344,0.190904155663192
1774,20575,"p9","m0",0.411066449482735,1.30819647161078,0.101620267656691,0.193343356406815
1775,20577,"p9","m0",0.319964956476385,1.2692584949374,-0.432610697340777,0.595894834872593
1776,20578,"p9","m0",0.43338758143207,1.36526609114955,0.00543318340152594,0.298715512788297
1777,20581,"p9","m0",0.395651261966251,1.33868600255055,-0.024054187010398,0.686437904030331
1778,20613,"p9","m0",0.3471363105804,1.2703055045232,-0.0493598764192486,0.440395197454792
1779,20631,"p9","m0",0.266461517926463,1.25892818853241,-0.616938931846641,0.729428901491337
1780,20649,"p9","m0",0.376656763870744,1.2787424004384,-0.323385047434656,0.316994192142241
1781,20665,"p9","m0",0.419169067329495,1.29198555529188,-0.281076858411451,0.247258235509857
1782,20689,"p9","m0",0.472126597635286,1.35424503378199,-0.15431223377255,0.260434048166558
1783,20698,"p9","m0",0.547827308406325,1.41838891206373,-0.00350503611962839,-0.0383300584741428
1784,20716,"p9","m0",0.361153552425252,1.2789118957451,-0.184742648952149,0.29154712393151
1785,20729,"p9","m0",0.296817415155865,1.2455460907527,-0.181776393434097,0.659340217316977
1786,20732,"p9","m0",0.300864445464205,1.24042695887124,-0.860652198591121,0.599139157266149
1787,20764,"p9","m0",0.300300354212497,1.23832147471922,-1.01269781147471,0.436893164071046
1788,20769,"p9","m0",0.378626136659853,1.31771790026632,-0.452772060595505,0.491636192255228
1789,20804,"p9","m0",0.347779509048687,1.29629644138022,-0.658985540458123,0.59710975803647
1790,20838,"p9","m0",0.448487191787747,1.31914753001957,-0.12974400649283,0.250837389446335
1791,20855,"p9","m0",0.305224326687116,1.25593817381351,-0.103248147096531,0.673763559381855
1792,20858,"p9","m0",0.236443904783603,1.26585799345495,-0.451173847791689,0.91512265735084
1793,20871,"p9","m0",0.303672871039411,1.23810169959378,-0.714031099430525,0.478737804265071
1794,20882,"p9","m0",0.386284053543553,1.2592132682939,-0.217544012954828,0.264396032619763
1795,20896,"p9","m0",0.431152934465842,1.31150518259829,-0.0738281207112629,0.138227059817472
1796,20917,"p9","m0",0.253163551802221,1.24349227834364,-0.280294201835426,0.660206677416762
1797,20925,"p9","m0",0.360826856852608,1.3536305424198,-0.448824543843876,0.595536124680515
1798,20940,"p9","m0",0.510930911749266,1.34869870807133,0.0941735348518797,0.0681523559887544
1799,21007,"p9","m0",0.316949323401335,1.2897577615947,-0.586317072661359,0.648251328709112
1800,21016,"p9","m0",0.408268448556319,1.34151105673105,-0.212806186001673,0.447710180158153
1801,21018,"p9","m0",0.41491946774886,1.32928394947456,-0.162913546726841,0.399064400356266
1802,21020,"p9","m0",0.244779567792148,1.25333245266022,-0.521986921511889,0.830161705472069
1803,21046,"p9","m0",0.461166540729306,1.29139806287077,-0.0810305017322434,0.0550060016193127
1804,21052,"p9","m0",0.252258315117646,1.26559078355586,-0.519789779062814,0.808050023342349
1805,21059,"p9","m0",0.386894503829542,1.2897471673979,-0.411165368414284,0.330567264073163
1806,21068,"p9","m0",0.428980194073532,1.29372956900132,-0.372865591513456,0.0148483430911793
1807,21071,"p9","m0",0.528813550226611,1.3565710065648,0.00238031920567817,-0.0916409810971742
1808,21082,"p9","m0",0.266888377805666,1.20029797118401,-0.626029317851048,0.631873695269613
1809,21084,"p9","m0",0.313843717771722,1.2793857598643,-0.236120167831138,0.441323535620074
1810,21088,"p9","m0",0.173664423523358,1.18866948481438,-1.26382822983852,1.09538663343169
1811,21102,"p9","m0",0.309580049638375,1.28487761225641,-0.39980600105728,0.704503319875181
1812,21111,"p9","m0",0.272624315983684,1.22222837918698,-0.410395339143942,0.665536856405543
1813,21121,"p9","m0",0.271081569535019,1.24977201535311,-0.470901855462428,0.61184923254737
1814,21127,"p9","m0",0.376398640533286,1.31393995556142,-0.761297010385926,0.421216859151638
1815,21148,"p9","m0",0.452206662033847,1.33832747616156,0.0258785678011151,0.359348441009143
1816,21152,"p9","m0",0.279851522611141,1.2072386536866,-1.04632993390989,0.482688791249971
1817,21186,"p9","m0",0.389033692970422,1.28519093856819,-0.199847261028477,0.409447098238902
1818,21199,"p9","m0",0.214228867741618,1.22761533537443,-0.851312457097509,0.816241950147915
1819,21204,"p9","m0",0.3557484714197,1.30993436018119,-0.0928150717657794,0.701520270914577
1820,21216,"p9","m0",0.403027053618244,1.32929331299413,-0.272911433723295,0.320869299670097
1821,21241,"p9","m0",0.378749479414791,1.25961939892006,-0.141133769850821,0.299398867390336
1822,21250,"p9","m0",0.410460606019052,1.3125553377576,-0.0970236946192392,0.283256904097919
1823,21251,"p9","m0",0.390110244622763,1.30508297278485,-0.0763751243079572,0.389581005490466
1824,21263,"p9","m0",0.147271049972274,1.17017014515815,-1.04209079362052,1.22937488204358
1825,21266,"p9","m0",0.387888185372068,1.32125047261971,-0.103255393588353,0.551150767786688
1826,21267,"p9","m0",0.473064861507141,1.31509673388125,-0.142946022016112,0.073970672436944
1827,21273,"p9","m0",0.372151108831413,1.26255460472125,-0.340670041691245,0.362324853750322
1828,21279,"p9","m0",0.172732381943631,1.22409629902434,-1.24854306528246,1.10262226614732
1829,21289,"p9","m0",0.281268356964344,1.24483138836969,-0.66337178517967,0.636161086617275
1830,21295,"p9","m0",0.308310442668603,1.27544064955456,-0.903113035682528,0.728296291564762
1831,21316,"p9","m0",0.210060781923546,1.27008531617446,-0.904878498368112,0.964876378493597
1832,21320,"p9","m0",0.396139279902853,1.33440568067398,-0.435359308857633,0.176998401528752
1833,21332,"p9","m0",0.39680506055856,1.28957748575762,-0.177637243601567,0.327655991184291
1834,21365,"p9","m0",0.202002874599164,1.24126301847646,-0.40147271964785,0.893038428112811
1835,21376,"p9","m0",0.271390412275452,1.28762029027782,-1.12250837249676,0.805693322949629
1836,21381,"p9","m0",0.35193415003546,1.3137343514553,-0.75730975384149,0.531336153803988
1837,21389,"p9","m0",0.324354527057532,1.28397270809669,-0.416755287265753,0.567009079532649
1838,21397,"p9","m0",0.300708154214071,1.27450474926808,-0.440546849155019,0.781580843072899
1839,21399,"p9","m0",0.33833408408737,1.26770797298391,-0.327785874932674,0.541311431205003
1840,21400,"p9","m0",0.306364442115298,1.29283290839889,-0.219536006978065,0.688138453094948
1841,21405,"p9","m0",0.266779008878219,1.22298894467466,-0.228511140095567,0.804565501865184
1842,21406,"p9","m0",0.404579999554018,1.27437692851594,-0.279716827955674,0.313054680793352
1843,21407,"p9","m0",0.284532807729252,1.26139862727398,-0.693513014750467,0.694096052938014
1844,21414,"p9","m0",0.442910392202347,1.31266223066157,-0.085872643499163,0.271224843653309
1845,21457,"p9","m0",0.241223026909103,1.21965934640399,-0.677108792640088,0.794525706448333
1846,21460,"p9","m0",0.350108663672656,1.28247232190092,-0.493386136875201,0.532367840906411
1847,21464,"p9","m0",0.235564114971732,1.178443870876,-1.01070398408365,0.761725363493465
1848,21468,"p9","m0",0.287985307628097,1.27932871503446,-0.461702166095788,0.589087883328828
1849,21503,"p9","m0",0.536969499144336,1.38261543974195,-0.0639620584379044,0.0815852170395748
1850,21506,"p9","m0",0.298017625218894,1.27866684366779,-0.541412269686477,0.642226374233311
1851,21518,"p9","m0",0.428943234588163,1.38004541856183,0.108821766222002,0.400959640923857
1852,21529,"p9","m0",0.289641601979956,1.24400567883105,-0.671507823232087,0.624580218911423
1853,21536,"p9","m0",0.283677134591316,1.26471548532381,-1.1073791388111,0.746540995649309
1854,21540,"p9","m0",0.37769827707507,1.2449627209912,-0.277745089618332,0.32576115348849
1855,21557,"p9","m0",0.510631865395156,1.34923063709504,-0.0891634439549789,-0.141380698614318
1856,21558,"p9","m0",0.379650944065766,1.28132125331481,-0.647520316429746,0.317323528902505
1857,21568,"p9","m0",0.437324933807573,1.28566055251337,-0.33160076537353,0.0856746228298118
1858,21571,"p9","m0",0.297036582308444,1.2629678009376,-0.617720722522944,0.631216978867182
1859,21574,"p9","m0",0.416471341585606,1.26142990047944,-0.479482574418239,0.232008413196517
1860,21582,"p9","m0",0.28387616186053,1.20161300006833,-1.21476032946565,0.728323275353563
1861,21591,"p9","m0",0.313776552441194,1.30100501741157,-0.516761687262563,0.654007925764267
1862,21607,"p9","m0",0.397212647899534,1.30571535809,-0.401367092999954,0.243700086722901
1863,21650,"p9","m0",0.401973492173661,1.2850043791167,-0.221405889521757,0.30000947246725
1864,21675,"p9","m0",0.296434600221105,1.21685090233581,-0.317250059175996,0.411007927599889
1865,21676,"p9","m0",0.379355143209552,1.3024550301741,-0.490296328697816,0.44362868820541
1866,21684,"p9","m0",0.282739697088805,1.24125213866373,-0.795250291875392,0.819455730713706
1867,21685,"p9","m0",0.325620084420656,1.24354211441926,-0.537252719332603,0.580436395023134
1868,21692,"p9","m0",0.477856896935269,1.31186976794836,0.0623239209129646,0.00253134707053747
1869,21695,"p9","m0",0.445575908700081,1.27419968629908,0.0611167786041518,0.00669865502395949
1870,21698,"p9","m0",0.389679967006624,1.26383760491443,-0.326835607115872,0.250464993250589
1871,21713,"p9","m0",0.29129870297971,1.217183105359,-0.624276216293155,0.487640462971186
1872,21722,"p9","m0",0.488071531458646,1.34113624136563,0.234697805618548,0.0246166299686614
1873,21728,"p9","m0",0.418015490443909,1.26901793090571,-0.219092026503979,0.11163234122964
1874,21737,"p9","m0",0.378420991960914,1.28171095568607,-0.166349388763541,0.27800727174371
1875,21743,"p9","m0",0.42680334418187,1.28351156243827,-0.399511405726533,0.171268515490932
1876,21792,"p9","m0",0.411043785969597,1.35314064275863,0.0322390869105004,0.40761455836344
1877,21826,"p9","m0",0.307948211724468,1.28741744488092,-1.0249878510327,0.576955257588594
1878,21833,"p9","m0",0.342000346719469,1.29156257864817,-0.172618891321637,0.537568265622972
1879,21866,"p9","m0",0.46804484197994,1.28184050312731,-0.560452220422764,-0.119216408302672
1880,21875,"p9","m0",0.278275192507455,1.23059883689324,-0.961358461731522,0.889911089351144
1881,21914,"p9","m0",0.40285497477318,1.33337376080372,-0.113050829811736,0.357587349802239
1882,21925,"p9","m0",0.428007837224577,1.29611401838115,-0.0731215894805274,0.155334979985619
1883,21929,"p9","m0",0.285192664771544,1.25650990146395,-0.654282470060087,0.830130946980526
1884,21935,"p9","m0",0.251668185928187,1.19367878760394,-0.834005657258039,0.672450035173237
1885,21947,"p9","m0",0.363136119983712,1.28306177057303,-0.681103566441758,0.408419007234516
1886,21961,"p9","m0",0.30016456971896,1.29343607587179,-0.710541927470781,0.731629117462305
1887,21964,"p9","m0",0.343982583017438,1.31964320086897,-0.394644120183748,0.591016564257193
1888,21973,"p9","m0",0.49294645580984,1.3363767206223,-0.0185524455883509,0.0334991601232488
1889,21980,"p9","m0",0.178293457275423,1.23198767927986,-1.32207973799234,1.14334626866007
1890,21984,"p9","m0",0.193620577510245,1.19325832418888,-0.80739371911518,1.03761654613947
1891,22013,"p9","m0",0.415663207640007,1.29537480756939,-0.419822282980321,0.160408442184282
1892,22014,"p9","m0",0.272921752162056,1.2345248573256,-0.621264123722075,0.662589517845703
1893,22022,"p9","m0",0.351908844754093,1.28641701351056,-0.466146690650554,0.61509486886063
1894,22027,"p9","m0",0.284687899074131,1.2749005816371,-0.447751346924332,0.644362176061864
1895,22031,"p9","m0",0.275265247385492,1.21544888386878,-0.784024449185623,0.594600590793492
1896,22055,"p9","m0",0.331089039031786,1.27201614804934,-0.524888265174507,0.522881442514747
1897,22060,"p9","m0",0.45618120599905,1.39715055608543,-0.0888014516523478,0.314687368214753
1898,22065,"p9","m0",0.400136404379141,1.35210041220566,-0.103656273914187,0.334503520431116
1899,22072,"p9","m0",0.304530224928299,1.21995825099103,-0.399865009196949,0.563952163594773
1900,22078,"p9","m0",0.340143570226701,1.25785663282511,-0.739807749139303,0.365838320941393
1901,22085,"p9","m0",0.408199680136801,1.32390030360804,-0.16087078504537,0.293296721435513
1902,22091,"p9","m0",0.421594978048322,1.24833210823997,-0.596771648278097,0.171507937438965
1903,22150,"p9","m0",0.312038042888424,1.27007801253096,-0.340162743206706,0.593164185721296
1904,22160,"p9","m0",0.375157511757475,1.31244867174268,-0.34023505390514,0.479616603231619
1905,22166,"p9","m0",0.443074095357174,1.31981183790594,-0.151977587539113,0.1331735617627
1906,22169,"p9","m0",0.383779372325298,1.26476215495407,0.0366596734224919,0.286523914477646
1907,22174,"p9","m0",0.33773078648762,1.2651535089044,-0.462832694271379,0.371281844355764
1908,22184,"p9","m0",0.309351084265123,1.27527677041315,-0.646374372973706,0.687149563974118
1909,22201,"p9","m0",0.265221931036933,1.25911695581043,-0.681308935364039,0.558103970630458
1910,22241,"p9","m0",0.252087389576507,1.2512676906115,-0.496375630901682,0.852348046997715
1911,22248,"p9","m0",0.231029716101218,1.21706113582116,-0.661508158310152,0.816254925875785
1912,22264,"p9","m0",0.435781713775788,1.35442648012388,-0.243005084141008,0.319872819767711
1913,22275,"p9","m0",0.274157528276621,1.26492310007311,-0.537377326194655,0.764498661275274
1914,22278,"p9","m0",0.324042311171658,1.27154480640996,-0.340828964052745,0.587570418611484
1915,22293,"p9","m0",0.270449092764437,1.23026987043994,-0.765575762431133,0.776336367306601
1916,22301,"p9","m0",0.500278945491437,1.37392926144553,0.0984155596129714,0.0282779746188744
1917,22304,"p9","m0",0.363745275633018,1.28858397196224,-0.383981081495261,0.567754481637816
1918,22312,"p9","m0",0.352438752345638,1.30208210188491,-0.292420055224747,0.415507773688103
1919,22314,"p9","m0",0.360816252875262,1.22099694955721,-0.437851162994508,0.324900543035055
1920,22318,"p9","m0",0.355128983081791,1.24719782704431,-0.80693679511431,0.352078076259266
1921,22327,"p9","m0",0.356516236968955,1.31008802360888,-0.189801909020362,0.483681175041087
1922,22333,"p9","m0",0.410347311967268,1.29082155954257,-0.691248182488848,0.228679078300437
1923,22349,"p9","m0",0.248719157232399,1.16977645057571,-0.944822605675601,0.67951973371924
1924,22369,"p9","m0",0.319021554880585,1.30579183623123,-0.229666993984461,0.773231051054856
1925,22379,"p9","m0",0.315444574009955,1.27496388652291,-0.881236849134869,0.529724906026433
1926,22386,"p9","m0",0.43311699427212,1.35678085377126,-0.0118630848907422,0.296396151140796
1927,22387,"p9","m0",0.332417263450549,1.29910889333968,-0.460464920613511,0.612646138302265
1928,22427,"p9","m0",0.395578542811026,1.26923858071077,-0.41763475336338,0.293372509234369
1929,22428,"p9","m0",0.381580764648,1.29762222132457,-0.308809252494534,0.487109670408801
1930,22435,"p9","m0",0.365195535781024,1.25936536010289,-0.521591704784865,0.409392343444604
1931,22476,"p9","m0",0.488416753222439,1.32684073308422,0.152852721334763,-0.226329593364081
1932,22481,"p9","m0",0.39766019961095,1.34782507034822,-0.221360200239203,0.171346186423823
1933,22496,"p9","m0",0.290250392581215,1.22295859055634,-0.415189492856838,0.532356039799447
1934,22498,"p9","m0",0.371915156462427,1.26025742138833,-0.272768528381377,0.333879614463534
1935,22506,"p9","m0",0.449689162009226,1.33827822811212,-0.0577763595720772,0.230614707517169
1936,22508,"p9","m0",0.32118507857057,1.28558067439675,-0.461124669068736,0.426256203734961
1937,22534,"p9","m0",0.449658359674822,1.32761613114732,-0.239717183424046,0.249897306819643
1938,22546,"p9","m0",0.422492999419474,1.34170987221095,-0.163625235774179,0.426580201333058
1939,22548,"p9","m0",0.387663951813328,1.27833694518663,-0.15595833539943,0.380967916995835
1940,22590,"p9","m0",0.366132512819625,1.31145935171729,-0.479957161085002,0.501758033299536
1941,22597,"p9","m0",0.296838380828167,1.23176140535532,-0.545337988406086,0.662792519607715
1942,22598,"p9","m0",0.192639680652163,1.18362931522849,-0.964033392194017,1.01392204941132
1943,22618,"p9","m0",0.29670369105417,1.23924925701652,-0.73701473554186,0.661696308895027
1944,22621,"p9","m0",0.297280728954922,1.2266878799803,-0.620662774405116,0.5578562140273
1945,22627,"p9","m0",0.288582430709541,1.22558179761562,-0.919491994780063,0.672760677726367
1946,22642,"p9","m0",0.343650929095725,1.22398697960752,-0.568127296391622,0.428207350259729
1947,22666,"p9","m0",0.399847174776628,1.27824837520806,-0.132601595832493,0.335953376074505
1948,22677,"p9","m0",0.365712321487106,1.27967566227733,-0.243539665316431,0.3434410226604
1949,22694,"p9","m0",0.3160007219263,1.27229423154268,-0.412122223014681,0.459523627709798
1950,22701,"p9","m0",0.285554449299322,1.16647075120594,-0.705622267458483,0.5371434032712
1951,22707,"p9","m0",0.240028417870202,1.23671453384779,-0.988150325946054,0.932592524410358
1952,22734,"p9","m0",0.321528845147489,1.24814196092868,-0.41825396563951,0.600894786724382
1953,22738,"p9","m0",0.350227461112771,1.28164135066565,-0.679515313568505,0.443064465114507
1954,22752,"p9","m0",0.27167399247843,1.2323048385283,-0.265674247455037,0.594356711767342
1955,22764,"p9","m0",0.417993748331019,1.34037740099317,-0.422074096454422,0.243582096097125
1956,22765,"p9","m0",0.348027682474719,1.26295223004516,-0.0184955727572917,0.404752818133656
1957,22781,"p9","m0",0.41346517691468,1.19958060308221,-0.0566299706287358,0.205918248977082
1958,22790,"p9","m0",0.291377141439275,1.23374133368882,-0.343653485120187,0.663125578846604
1959,22835,"p9","m0",0.489072468954677,1.4035818037853,-0.0696173792476119,0.0930878225136722
1960,22876,"p9","m0",0.41375534991533,1.3203011019247,-0.177445674759007,0.327199243335257
1961,22889,"p9","m0",0.362936293967811,1.24744970768451,-0.279676739351621,0.46218005872511
1962,22903,"p9","m0",0.307412369007883,1.26512666823708,-0.170125044544284,0.682534163804896
1963,22909,"p9","m0",0.36977537660913,1.32944640041646,-0.166682148185129,0.6033597951249
1964,22923,"p9","m0",0.368785538679822,1.3047904842713,-0.30167658438375,0.640486324266942
1965,22931,"p9","m0",0.412654118423477,1.28057078447108,-0.0196009615026303,0.220824102898576
1966,22934,"p9","m0",0.301145124909398,1.30328328917324,-0.421675367027707,0.743618851937984
1967,22943,"p9","m0",0.285192382559294,1.21854131828519,-1.11010867005074,0.626093685694077
1968,22955,"p9","m0",0.442510889101819,1.33794873782777,-0.10200878666911,0.229768141484784
1969,22960,"p9","m0",0.153311746048432,1.21685262970036,-1.04918530309596,1.23917095921277
1970,22963,"p9","m0",0.394582932203803,1.29071176257383,-0.44472330910258,0.349450107796472
1971,22986,"p9","m0",0.419658336598068,1.32350608241905,-0.404657927052427,0.3510682592203
1972,22990,"p9","m0",0.258503011291032,1.27519680616083,-0.120454357747308,0.755999299424251
1973,23007,"p9","m0",0.410293225519206,1.29068278990446,-0.0631499300473929,0.292101925841106
1974,23009,"p9","m0",0.492052418042187,1.41528743482686,0.20170939429486,0.262531535579766
1975,23023,"p9","m0",0.36326630333984,1.26140999057666,-0.291883695892155,0.373088532083792
1976,23052,"p9","m0",0.357153384496745,1.25473197491544,-0.416532392050445,0.287146846766305
1977,23064,"p9","m0",0.360630052935639,1.27752559276613,-0.290418745316783,0.321849472271463
1978,23066,"p9","m0",0.379076549222438,1.28507619299148,-0.284403454171777,0.354108454446815
1979,23068,"p9","m0",0.350902294575735,1.29590276500255,-0.170206261095437,0.662272840408319
1980,23087,"p9","m0",0.352493224882119,1.25304492937349,-0.436306847920055,0.203673347565532
1981,23092,"p9","m0",0.285799887941083,1.24712700983111,-0.896301918471007,0.569041768772892
1982,23093,"p9","m0",0.284922005734353,1.26391123761692,-0.822634066425088,0.686975914721505
1983,23109,"p9","m0",0.378119030691547,1.28345766282276,-0.283943743077092,0.391870718657981
1984,23111,"p9","m0",0.29958573954991,1.2751985968744,-0.784572347066484,0.59030781228328
1985,23164,"p9","m0",0.254146628035191,1.19495964915012,-0.581431972966419,0.63336806960868
1986,23169,"p9","m0",0.588184468242061,1.37744610785337,0.0809654354182548,-0.300317875385534
1987,23186,"p9","m0",0.373511456259954,1.30152863719156,-0.347337549701578,0.474961259714267
1988,23188,"p9","m0",0.346904455337167,1.27304660569977,-0.166302811617578,0.497578999189085
1989,23211,"p9","m0",0.299172641646905,1.16393519951065,-0.944074137593887,0.458918351880003
1990,23216,"p9","m0",0.267894708266452,1.23247787592207,-0.75038305114404,0.684440122658098
1991,23220,"p9","m0",0.248610762512979,1.26090905281607,-0.914880059504944,0.837150164742397
1992,23243,"p9","m0",0.372014467344712,1.32793341976396,-0.228152899918737,0.655299407125986
1993,23274,"p9","m0",0.349332314109833,1.26810243007273,-0.643968037157112,0.540269936575817
1994,23280,"p9","m0",0.295304602490479,1.26833548954255,-1.03269453657548,0.7703807249925
1995,23283,"p9","m0",0.330124837409697,1.29747633608424,-0.323966343828747,0.679984010969167
1996,23308,"p9","m0",0.395688231726987,1.30151400553563,-0.297083022463282,0.414826702518846
1997,23324,"p9","m0",0.256477074692302,1.18223828914015,-0.759489018116061,0.78074407385212
1998,23332,"p9","m0",0.397201087444223,1.28970179511766,-0.408568923410618,0.231148048360731
1999,23358,"p9","m0",0.423412856969071,1.29216522463088,-0.084940075499185,0.332787565986544
2000,23363,"p9","m0",0.29519691070807,1.30172271774615,-0.847603586033761,0.790443841165408
2001,23371,"p9","m0",0.515127859962418,1.33112837956441,-0.0255549353963739,-0.0360927253583953
2002,23380,"p9","m0",0.249014230550366,1.26161344663889,-0.729121743629506,0.951170104744883
2003,23389,"p9","m0",0.454203870269286,1.3243925754452,0.078867312774516,0.171039264327858
2004,23396,"p9","m0",0.393414894812885,1.25704301922506,-0.454134908573535,0.164858938609889
2005,23403,"p9","m0",0.471841227846833,1.31689772349994,-0.219304012937841,-0.0091181182070416
2006,23415,"p9","m0",0.316792686420226,1.24126975496427,-0.782850850405005,0.65087819524506
2007,23418,"p9","m0",0.375754794232365,1.28388122635631,-0.491011653353759,0.345908062316919
2008,23422,"p9","m0",0.380589038819716,1.35000067232903,-0.44388958122189,0.599169668985597
2009,23441,"p9","m0",0.421321303558504,1.30127178992579,-0.166864979533764,0.293634585370515
2010,23454,"p9","m0",0.364613169904054,1.26688686725209,-0.819669287676018,0.340868336076658
2011,23458,"p9","m0",0.350701301541607,1.34142704479552,-0.430631071158425,0.569229772235722
2012,23488,"p9","m0",0.322762975725594,1.24696253510562,-0.833636533583644,0.611894531289271
2013,23500,"p9","m0",0.404223788434019,1.237582957871,-0.26674719843341,0.174004199833716
2014,23514,"p9","m0",0.32257652014887,1.2717788878761,-0.594193185357064,0.53720755612687
2015,23528,"p9","m0",0.365820280642246,1.22863356618957,-0.355317201946596,0.455851054512599
2016,23535,"p9","m0",0.483215995134556,1.35167692407343,-0.0855052949608075,0.141635675481653
2017,23549,"p9","m0",0.390530467086765,1.25310578509965,-0.664790358048462,0.303133338983303
2018,23557,"p9","m0",0.308760823984716,1.21977516509684,-0.942707146611594,0.493846487598003
2019,23568,"p9","m0",0.361864312232813,1.28717644274858,-0.728665405991339,0.449363698109519
2020,23571,"p9","m0",0.309512435634539,1.27929415858949,-0.500460841332427,0.736044092813965
2021,23576,"p9","m0",0.431787020775004,1.36580424727204,-0.081154257491752,0.398563490391817
2022,23577,"p9","m0",0.227570421847813,1.20260754382694,-1.21581103718428,0.918156768707902
2023,23578,"p9","m0",0.373113027674868,1.2827873775601,-0.220145313657315,0.337849811169376
2024,23585,"p9","m0",0.26804966706134,1.23020430245544,-0.195478352368814,0.807444458140269
2025,23654,"p9","m0",0.465833603689973,1.32836962202466,-0.18461019110589,0.0505233266701369
2026,23674,"p9","m0",0.309913249152397,1.26559560535365,-1.08943553792264,0.582194060399967
2027,23687,"p9","m0",0.399184790897564,1.276441312248,-0.532511559526935,0.261494485411499
2028,23697,"p9","m0",0.378352209625054,1.32101929376519,-1.18708607569008,0.423381791292048
2029,23709,"p9","m0",0.563944947740332,1.42814171911235,-0.0319904710700319,-0.0968892009772712
2030,23716,"p9","m0",0.401334188683938,1.29034388013775,-0.085150830327578,0.553625453562802
2031,23722,"p9","m0",0.449165768417347,1.30730699711485,-0.238589935401141,0.00714044477839618
2032,23747,"p9","m0",0.36165747605338,1.28890851418351,-0.456448208608754,0.545415130854812
2033,23766,"p9","m0",0.375607577396157,1.29498501888727,-0.319152744616693,0.374992907524133
2034,23770,"p9","m0",0.420963103589395,1.37002926599801,-0.260132054699578,0.472766303753593
2035,23771,"p9","m0",0.261697250902514,1.24781206832697,-0.579160649056054,0.815874506530036
2036,23773,"p9","m0",0.203229768262559,1.17046229020145,-0.559764399609185,0.827673280784337
2037,23780,"p9","m0",0.378534369322457,1.29450388350687,-0.689250320640675,0.331512800989048
2038,23800,"p9","m0",0.311472578000301,1.24988386537381,-0.695739105366139,0.56233556261042
2039,23808,"p9","m0",0.309030580310367,1.25850944779577,-0.639634368426696,0.480534235952917
2040,23815,"p9","m0",0.439200662145619,1.34313334810215,-0.0783746314964241,0.286845448784202
2041,23826,"p9","m0",0.323051871479264,1.24851165013998,-0.770194014333406,0.660689462940855
2042,23836,"p9","m0",0.432525834463884,1.34823070900788,-0.305460628207432,0.365014516243653
2043,23905,"p9","m0",0.248433251274523,1.26976935698004,-0.788982250731714,0.998951133440104
2044,23926,"p9","m0",0.479617486978434,1.35234259295246,-0.1536215239201,-0.0173609825745726
2045,23940,"p9","m0",0.466116403091417,1.34502736371904,-0.217754479619965,0.23778234400949
2046,23941,"p9","m0",0.412978891964847,1.31104528660057,0.0431177551814022,0.413786551131817
2047,23962,"p9","m0",0.239186244577824,1.28695594140513,-0.843847339562199,0.928338488313977
2048,23983,"p9","m0",0.451698822886433,1.31429215216199,-0.0217067117377429,0.11424359971573
