"draw","source_draw","id","assumed_model","alpha_0","alpha_1","alpha_2","alpha_3","nu_0","nu_1","tau"
1,22,"s009","m3",-0.0979532806717424,0.158428618979561,-0.161004050548299,0.160828980432412,0.0802583259140534,-0.671764384963347,1.53765755633358
2,48,"s009","m3",-0.0112820480917818,0.24400472387657,-0.00438521670415844,0.347604204992392,0.130269559234202,-0.308630595394111,1.08662809737482
3,49,"s009","m3",-0.140671879070705,0.0823897904620387,-0.0905689791446451,0.20246758444733,-0.0088768706156466,-0.669192732389411,1.5824299429248
4,55,"s009","m3",-0.0539619863987864,0.203808992232526,-0.0460139430016827,0.316633780493112,0.231980552626902,-0.283877653905145,1.43014699166797
5,61,"s009","m3",-0.0990700326236407,0.181189668861917,-0.043903719046678,0.261544744391793,0.188390346567126,-0.419362074591375,1.35715587037295
6,72,"s009","m3",-0.068636599492795,0.0675805748066144,-0.0770169974255774,0.273948594978569,0.0689717869530305,-0.644227034891104,1.65735211677175
7,85,"s009","m3",0.0458010000201028,0.332111555745377,0.113109909720937,0.276950433294709,0.286571766002625,-0.323724751146076,0.964321116136722
8,91,"s009","m3",0.0723154867801244,0.245801820583378,0.108572230293504,0.246372811082643,0.245373931563382,-0.277857061574667,0.727880900795821
9,100,"s009","m3",0.0670171799521337,0.305274606168673,-0.00758548827280811,0.311097982063592,0.21835587015215,-0.56216312542752,0.931520169979433
10,101,"s009","m3",-0.00146435764642301,0.23010372746311,0.0484212616306401,0.215547467579064,0.143150393590258,-0.634299888428419,1.07409343763701
11,108,"s009","m3",0.0653770272406639,0.308022726459486,0.0287931751245209,0.383244203797166,0.304615997274198,-0.412435329564805,0.929684801926465
12,127,"s009","m3",-0.0561377051668918,0.065607492804503,-0.112015082348687,0.260146212561783,0.0122550603166244,-0.79476621393488,1.5411377892399
13,134,"s009","m3",0.102466257672483,0.268092662957195,0.0120661023001168,0.405665460177922,0.3170025827867,-0.206740451559693,1.16579052702956
14,135,"s009","m3",0.042984148341249,0.0851186323980134,0.0022967689861068,0.0756978653779728,0.244742161620097,-1.1082245209237,1.11083299367303
15,151,"s009","m3",0.0724967172632144,0.178120263866529,0.0804242456022108,0.350831614632244,0.259447589769308,-0.350102461947504,1.14424378476217
16,194,"s009","m3",0.0378395314470689,0.157188152530788,-0.017216825926002,0.313855257718487,0.198966555715518,-0.47483698728205,1.22596182160645
17,213,"s009","m3",-0.00369780418391056,0.184307668881274,-0.0235011020773119,0.266347673417952,0.247367308371206,-0.45284003101716,1.24658541323604
18,235,"s009","m3",-0.0283338801425936,0.226047101880536,-0.0316358916642368,0.356400283909836,0.277661189697761,-0.371584556651447,1.41032915055126
19,239,"s009","m3",0.0226462048853144,0.170530731543004,0.0360579771644636,0.325413422920952,0.240208670072226,-0.551822451822604,1.07775525205169
20,241,"s009","m3",0.023237618431057,0.150702776332109,-0.0481508011792941,0.268464917872938,0.253167265741365,-0.408321324754691,1.35894561541947
21,242,"s009","m3",-0.0125886769856584,0.170521043799183,-0.00835264906619685,0.290391251254994,0.275576948598268,-0.555414426557136,1.21643224965354
22,250,"s009","m3",0.0433480356086498,0.306532543489153,-0.0213226227998585,0.29617321715571,0.204253745623495,-0.328856260578497,0.84730261604618
23,271,"s009","m3",-0.0649917740722197,0.115301958902069,-0.165713673428618,0.205686374751683,0.135742402051137,-0.699495031302295,1.73346615559134
24,273,"s009","m3",-0.0479364084276985,0.202476678041185,-0.0443967701784924,0.336014917640276,0.252274024577587,-0.223715304057074,1.17246186663301
25,276,"s009","m3",-0.0921588772856481,0.173947658336077,-0.0584105256980296,0.415003792032137,-0.0140747341449429,-0.0975535062713308,1.23619297468808
26,278,"s009","m3",0.04075196520663,0.209743665967667,-0.0570159534231552,0.141325901378255,0.229546483689803,-0.732105733473513,1.56679957194897
27,280,"s009","m3",-0.0300333493656718,0.105238145986038,-0.0438146059685223,0.25599174910687,0.199948872227625,-0.565591726561811,1.31619511160342
28,303,"s009","m3",-0.130480125253568,0.150430635635752,-0.102168330499838,0.243774606279794,0.143595296311281,-0.688253496496833,1.67898847762959
29,305,"s009","m3",-0.0181344028119681,0.211126553941484,0.0400112330611572,0.429328989028925,0.299955659808951,-0.279092525072298,1.19815311578083
30,311,"s009","m3",0.0632574842727758,0.171899438120302,0.0527032059815245,0.288224430604076,0.287165346108173,-0.638743702477333,1.13416668186019
31,314,"s009","m3",0.0243704190208076,0.155069034697074,0.0825242644517949,0.275491210355381,0.189396482948969,-0.426999127906904,1.16033755023409
32,323,"s009","m3",0.0148734005218695,0.243542470006109,0.104835836953958,0.387316570400003,0.315651084589334,-0.054039434932242,0.834441259131237
33,336,"s009","m3",0.0101685173100899,0.105154464383663,0.0234424929572094,0.324216006200611,0.271221981605425,-0.545564188746366,1.45793063099756
34,337,"s009","m3",0.020289771830974,0.201994897478674,0.0444067188467744,0.33692688086584,0.231323377511788,-0.42668644281078,1.10697931810525
35,346,"s009","m3",-0.117919207111889,0.158057858870288,-0.114195017750725,0.166184949541326,0.107714911460268,-0.404397179123039,1.55959477110933
36,353,"s009","m3",-0.14673291239919,0.120590122132299,-0.20810453802663,0.146373502609683,0.0962062428101344,-0.451596650320437,1.90410906587221
37,357,"s009","m3",-0.0443548472400535,0.175303954314432,-0.0172485499391092,0.309469048789116,0.265920251394074,-0.512186058980416,1.20731003903057
38,361,"s009","m3",-0.0104992962521385,0.300116626453193,0.0108849325899191,0.264832911376233,0.307621760067905,-0.271735030848908,1.17100758039941
39,376,"s009","m3",0.0189603923761064,0.146549818287159,-0.000892639367760273,0.154344052964663,0.215357985282007,-0.563387952414688,1.33941794340255
40,408,"s009","m3",-0.0553345472750066,0.189396292429528,-0.0340595424326789,0.362872825555202,0.230982173975001,-0.307181291815091,1.44697149295225
41,409,"s009","m3",0.0273909636349596,0.300391462406159,-0.0284775505549539,0.234445104292043,0.145770650902548,-0.215575287624412,1.20148046870539
42,425,"s009","m3",-0.0786223866850162,0.127858229906043,-0.0184204463142792,0.235867268401159,0.198775588239751,-0.394665117540046,1.63024935632252
43,442,"s009","m3",-0.0674480100745876,0.209103204482849,-0.0646627684102479,0.312646121613159,0.192598501617886,-0.369572007435025,1.38555243319155
44,451,"s009","m3",0.0475008430090328,0.275083363779984,-0.0321925465164175,0.229015970324534,0.294503070174857,-0.292723789737051,1.20943530146814
45,478,"s009","m3",0.105244139912832,0.162904618339247,0.0362285365877887,0.233339922398671,0.28644800533532,-0.63705124656839,0.937067860315977
46,568,"s009","m3",-0.0396318058509008,0.203443906692839,-0.0599727822720585,0.251525091201444,0.281014023296171,-0.532233150877165,1.54526191539886
47,584,"s009","m3",0.155496956470698,0.217854522225666,0.0353765601503497,0.341751027122497,0.269671694988893,-0.281010412743808,0.996511800154426
48,591,"s009","m3",-0.0275769782902631,0.0806308872686954,-0.0329265801434057,0.192827025878461,0.211322036635504,-0.40506623638284,1.66264735230987
49,594,"s009","m3",-0.0670669903261011,0.0364784001570728,0.0712401479731352,0.126495458627325,0.203864709057646,-0.920748979394263,1.32304221547049
50,612,"s009","m3",-0.101310260569301,0.0552393711430166,-0.132471657344769,0.275359884722166,0.157734463203455,-0.652088762487038,1.69735296545823
51,633,"s009","m3",0.0607790238146753,0.177596945248721,0.00451318749381244,0.138242126778117,0.242962627462181,-1.27637911426947,1.02518911744536
52,637,"s009","m3",-0.0217928658664843,0.14885369569882,-0.0176358640368215,0.189089512863201,0.131689593870592,-0.773173681579457,1.36382075649401
53,661,"s009","m3",-0.00764997984836483,0.277773139637205,0.0361431475760444,0.333694275435731,0.218928208180403,-0.301133731704958,0.971242556887005
54,667,"s009","m3",-0.10300666223088,0.0423762604435376,-0.088505809936431,0.215886342497639,0.193610533530645,-0.50104734464844,1.84599807138535
55,705,"s009","m3",0.0129486412006472,0.1544404581206,0.0769949125133868,0.270239650768055,0.274435003555259,-0.243671185881835,1.08138297921447
56,722,"s009","m3",-0.024937231329089,0.214165629526543,0.0586717238761771,0.304676325399272,0.234520244456866,-0.292058965092825,1.59176409379927
57,739,"s009","m3",-0.0389611256983809,0.150975803288597,-0.0654026826333655,0.291200495366817,0.153009332559396,-0.708431046941351,1.37830690816215
58,741,"s009","m3",-0.0265644160755425,0.184388541497465,-0.0272410980203007,0.325163773645353,0.165188346743437,-0.440517390761157,1.25113621727697
59,749,"s009","m3",-0.0737132986958673,0.11001729199377,-0.0318962897963981,0.273241023138787,0.162117441812755,-0.493041856230944,1.2540411705208
60,757,"s009","m3",-0.0236153088275564,0.226175250949081,0.0212053159843151,0.214276914604566,0.214137505757574,-0.486736102015531,1.18626330912496
61,776,"s009","m3",0.0377462642048772,0.290069025120221,-0.00295582802935172,0.320979148684118,0.285018312850964,-0.182552961902954,1.29005628652899
62,779,"s009","m3",-0.142130361479902,0.101106095993661,-0.092428010187973,0.252513417041203,0.144517980418727,-0.533416316420536,1.75865783679324
63,785,"s009","m3",-0.0392215006728183,0.134748668752112,-0.0675552756726017,0.302744374139642,0.19539275582851,-0.260250996387667,1.55905294016426
64,823,"s009","m3",0.0430983244275776,0.288134566031393,-0.0833372902420404,0.276671755129255,0.17608192255431,-0.241870392975663,1.30302044105499
65,841,"s009","m3",0.0154587811340697,0.151049137781254,-0.063573410737253,0.287682146224505,0.202212750883203,-0.299770660174426,1.41623416764337
66,853,"s009","m3",0.0597391703844408,0.174969928079315,0.0158311305223442,0.239092603338054,0.293016955521711,-0.537579411590345,1.09670105256008
67,875,"s009","m3",-0.139481720629475,0.0211820989753488,-0.149815712499868,0.158486471996695,0.218369799337598,-0.82387345441016,1.64619169721561
68,886,"s009","m3",-0.0066837430885727,0.245626301841559,0.00123835679285912,0.318602671304567,0.304205981892159,-0.453683744879295,1.53622415956085
69,889,"s009","m3",0.0432997127133547,0.220938373569324,0.0773200503365759,0.339855688311939,0.29732972994387,-0.38897288248477,0.960479470695553
70,898,"s009","m3",-0.0997564364312992,0.16197853713994,-0.0999204271274753,0.137833797795538,0.110243388727402,-0.305295453284262,1.60269419733148
71,907,"s009","m3",-0.012911439214252,0.101994756289086,-0.0499229309151601,0.150530149953359,0.291419701021248,-0.670879182441806,1.43499081718604
72,909,"s009","m3",0.00304329128641232,0.166016223220488,-0.0985174920082673,0.229700339411675,0.156678832837013,-0.809881727724471,1.34567398203006
73,917,"s009","m3",-0.0409146772818773,0.171262333372192,-0.138156349149139,0.209009262362631,0.142474324005014,-0.575980509464092,1.51644424462491
74,927,"s009","m3",0.0446890312396116,0.251456197569838,-0.00213998900393264,0.327571142036611,0.232207232658721,-0.254102912926214,1.27449235208235
75,940,"s009","m3",-0.0967555024932384,0.176827700180757,-0.119048458116313,0.250093407703244,0.11657078461224,-0.341101202038745,1.65018797088979
76,945,"s009","m3",-0.0267416804598492,0.177537385992759,-0.017856719065983,0.16745315046656,0.150013563513093,-0.7235820437672,1.2803148045418
77,976,"s009","m3",-0.00823379191982221,0.192691199326433,-0.115871875379859,0.247502348697963,0.087457930001895,-0.335832217344887,1.28898418850804
78,978,"s009","m3",0.0965737247802163,0.255864501991359,0.0756314156423298,0.334169105628765,0.254353474726594,-0.224700540601004,0.968916026014389
79,982,"s009","m3",-0.0939394799480325,0.19454205285748,-0.0632461688536167,0.281067951335909,0.0930917747622694,-0.394765690382198,1.46192571710954
80,985,"s009","m3",-0.0378512171282976,0.0724531524296713,-0.15132762790383,0.238554310772271,0.24056603856159,-0.6835236748533,1.71219465810878
81,1024,"s009","m3",-0.0315171738356951,0.199084604433984,0.0619252717218457,0.247315349477712,0.245314108484098,-0.470420500855304,1.22670743872777
82,1029,"s009","m3",0.0330418777838058,0.25010672688834,0.0373684440281417,0.383100442681789,0.16378193117334,-0.166431523934628,1.13451231556465
83,1043,"s009","m3",-0.010027934354166,0.301331702696972,0.0513819636070542,0.305387263068457,0.227624688632862,-0.363243993035104,0.846944187557823
84,1055,"s009","m3",-0.048924228321877,0.137233945207594,-0.0433466232611449,0.258442338768441,0.244456416740129,-0.549528451220817,1.05013986111635
85,1067,"s009","m3",0.00934026525454375,0.116678113451373,-0.0386349109637612,0.296106265376247,0.281996328239325,-0.43128245879674,1.45387824148402
86,1075,"s009","m3",-0.0947882121197711,0.0802089235758766,-0.0286813891425554,0.22816556346016,0.181964957689131,-0.62310215287554,1.53736863739992
87,1087,"s009","m3",-0.0927589456255491,0.169171562066347,-0.0431078746429297,0.413641017412416,-0.00847587590013046,-0.0917725544737433,1.21965208101922
88,1104,"s009","m3",-0.0099378679022733,0.174757177448705,0.0454951779228539,0.259194427412636,0.25213062343287,-0.820952180125992,1.15586780385413
89,1108,"s009","m3",-0.040538020696523,0.0283036055107902,-0.107350874804949,0.226871618786417,0.042671424914278,-0.777756202497656,1.6418572127195
90,1124,"s009","m3",-0.0462705624770519,0.338815914369242,0.01918189118026,0.323004996170212,0.222442839795384,-0.0872525558237066,1.05052362748711
91,1148,"s009","m3",-0.00681300661124579,0.17486970495469,-0.0608131859866649,0.146446742867387,0.21643142402152,-0.549962548233268,1.74272764299503
92,1152,"s009","m3",-0.0893692575424014,0.106044359511295,-0.0500734963711219,0.294564660264514,0.206119956535493,-0.410102762899248,1.79686493631353
93,1174,"s009","m3",0.000140041172054974,0.151145095282532,0.0740233551036864,0.184345544280577,0.357908177967677,-1.06568122206944,1.27930160087914
94,1183,"s009","m3",0.00895179225624744,0.191998514940837,-0.0578454947007345,0.185151158314689,0.165118829433236,-0.494814428555628,1.41777516322312
95,1185,"s009","m3",-0.083135186937958,0.143448123194766,-0.138258289302389,0.271985531738271,0.165441316040093,-0.321127923743503,1.63583931240747
96,1197,"s009","m3",0.0513087421264705,0.193764120043247,0.096728544418783,0.245108399327121,0.325334032013172,-0.594765733576701,0.974231980122448
97,1206,"s009","m3",-0.00274721131319631,0.169119962161079,0.0604888050865831,0.315829568789925,0.234402028502494,-0.420266405802982,1.22084809043899
98,1214,"s009","m3",0.00679052956464847,0.107106796345139,-0.0436216077075885,0.240898834435346,0.20601137965903,-0.444664594320864,1.37486114819317
99,1241,"s009","m3",-0.0901353357429354,0.0610249267921546,-0.171551174628063,0.138199448544361,0.0794122958312931,-0.585323843292539,1.75400623775815
100,1282,"s009","m3",0.0583010728075045,0.12111215431781,0.0821472188232525,0.243596474465009,0.332221737341735,-0.500814955691462,1.12799858370383
101,1291,"s009","m3",-0.136869128873797,0.0542723122897388,-0.172290099412137,0.21803453297082,0.112154017338646,-0.650066405259229,1.83134319967309
102,1304,"s009","m3",-0.0471236892992598,0.1924589733915,-0.0107632427935223,0.299753872333457,0.165086016353828,-0.240466339342552,1.48158096852666
103,1342,"s009","m3",-0.00856782023210718,0.283232990990011,0.107434321321814,0.305690280560394,0.312698167525418,-0.218740278630114,1.31639813673602
104,1352,"s009","m3",0.164739952732581,0.28512417558482,-0.0088120753078237,0.334350282997424,0.281686824902448,-0.386695218664909,0.992623804240166
105,1354,"s009","m3",0.0429210434842393,0.279565753205359,0.106322765046167,0.345974170858615,0.204318736621962,-0.431079924704357,0.956524107737818
106,1379,"s009","m3",0.063421215246475,0.228132285733832,0.0630441750415139,0.329036428102072,0.306847494659893,-0.266725516018202,0.882079068302939
107,1388,"s009","m3",0.0875480183297959,0.240947905684155,0.205770530189913,0.324589101216937,0.265566210253055,-0.504579751439366,0.768622292326606
108,1399,"s009","m3",0.0935800740743497,0.237052377590557,0.119126357267377,0.354153830016578,0.355196899917443,-0.501635181476798,0.776098398239449
109,1402,"s009","m3",0.0539564713160855,0.147951484919759,0.00820593173809897,0.212053526493833,0.254148330472665,-0.645572850624987,1.49219686174686
110,1412,"s009","m3",0.0646090896335437,0.099842542392268,0.123520734835734,0.128568129993996,0.342458617896752,-0.681492461696804,1.22361713279384
111,1413,"s009","m3",-0.0386227172258316,0.0746441145437391,-0.033340866477747,0.35201028931817,0.201523723945509,-0.547890344886912,1.16670135352616
112,1430,"s009","m3",0.0168804700819469,0.271576675023107,0.0295032343135636,0.354454278629478,0.293367032193342,-0.344218797371177,0.978494328680744
113,1434,"s009","m3",-0.0151831119042601,0.273583847545834,-0.0056990685290733,0.262612552147248,0.206874773732233,-0.496255697759604,1.29322925311567
114,1452,"s009","m3",0.118432516932351,0.225850685043209,0.0391839276027983,0.315342412242584,0.352364110213482,-0.240457588360565,0.859059055721462
115,1459,"s009","m3",-0.0521936349500403,0.0836705285410135,-0.13192859739733,0.241487427690499,0.0692232015933726,-0.571575165246493,1.49538196498996
116,1472,"s009","m3",-0.0325790671469541,0.251329370159012,0.0147100477237427,0.385495801960841,0.247025979388682,-0.244127031359607,1.39894495629399
117,1485,"s009","m3",-0.00592216518096836,0.168083857342522,-0.0935423649727928,0.312310603011568,0.199958830748049,-0.56664467335243,1.57363819223397
118,1493,"s009","m3",-0.0879000005102327,0.196619626393185,-0.115516304534235,0.239390068421571,0.115903065816481,-0.507877315977648,1.48409456479935
119,1496,"s009","m3",0.0343264042938686,0.206167403009143,0.0232895152340841,0.245164632137268,0.234655110279876,-0.62421251373926,1.37110325974777
120,1506,"s009","m3",0.0377033432649296,0.210920658061322,-0.0127616574162477,0.188470626845241,0.186179828162743,-0.614537827922616,1.13664097102993
121,1515,"s009","m3",-0.141808223032085,0.206835742281862,-0.0855172918560511,0.34505576584939,0.163879482410781,-0.131639245630773,1.5070714779382
122,1516,"s009","m3",0.0443487097705358,0.25191688496299,-0.0165447456010852,0.219978264899516,0.311682685700388,-0.38782514809502,1.21309565962804
123,1525,"s009","m3",-0.0876436883551043,0.124724526143806,-0.115786097376976,0.0813924105021493,0.150931976528876,-0.707238126753198,1.62518191158292
124,1533,"s009","m3",-0.0502287859842172,0.0375941552627448,-0.12452920774044,0.175096903673739,0.0545038470553454,-0.653347342650553,1.48206578075376
125,1536,"s009","m3",-0.0552627265507048,0.098738106507275,-0.0486471976265288,0.138774845019229,0.128096468404624,-0.961078651268382,1.41790676146962
126,1538,"s009","m3",-0.0722955413321286,0.146875870039473,-0.124815161970008,0.194211819871782,0.189676861272028,-0.616563031286219,1.41205541760129
127,1558,"s009","m3",-0.0704436434930738,0.130661491663596,-0.0547840218131554,0.197761595336991,0.13099357730939,-0.501233387528659,1.74011885370886
128,1559,"s009","m3",0.0521321157518512,0.218862074752965,-0.0298505476323154,0.291822386041919,0.26116894028258,-0.322820930565853,1.09014205302254
129,1565,"s009","m3",-0.100369666291278,0.14006501133499,-0.0842298238282749,0.288064695950001,-0.00454913707653521,-0.835053698637806,1.6681102801468
130,1600,"s009","m3",0.105742934433272,0.308821455318037,0.0394726198339014,0.370358735578069,0.301981234066411,-0.114154054307338,0.795798631556848
131,1607,"s009","m3",0.109921595016215,0.125339228265456,0.0630863431569333,0.345740043339605,0.383847144570443,-0.484567943470582,0.975920434622023
132,1613,"s009","m3",0.000526541757466721,0.151431008424799,0.0200025005346986,0.324332270572715,0.266060212348557,-0.458303681204536,1.35778893915345
133,1618,"s009","m3",-0.0838542478351103,0.0325338084836097,-0.109955902743902,0.11632542559758,0.145497830518364,-0.674624538547417,1.9065271335913
134,1624,"s009","m3",-0.115106552710234,0.136992864759922,-0.0897607955381557,0.221096494934855,0.0781320155028338,-0.619201868910439,1.71278158066766
135,1636,"s009","m3",-0.0108942910236706,0.157583200925959,-0.0476077134805093,0.271552626180904,0.281106367115041,-0.398361200526558,1.43392558653967
136,1672,"s009","m3",0.0568893562379573,0.195105695928853,0.00918041115015019,0.361643159350964,0.258891197709941,-0.326047979300177,1.15330149007066
137,1687,"s009","m3",0.0466252858438913,0.300698923483942,0.117280601525545,0.347237901063265,0.299382851607837,-0.411223111500151,0.857487172092902
138,1710,"s009","m3",0.0147639643737464,0.301644728544599,-0.00163417488403639,0.317862997778649,0.19309270749945,-0.369294846618465,1.03888843171702
139,1723,"s009","m3",-0.0221170739095794,0.109885944720743,-0.111514869523027,0.0961639084445982,0.133350436608244,-1.2027534679806,1.58794374430227
140,1724,"s009","m3",0.00500907568665528,0.062514489850947,-0.00320342026453692,0.221492774312877,0.173234037562933,-0.611540304136163,1.28827529872324
141,1736,"s009","m3",-0.115747989568585,0.100645086125883,-0.151424003210197,0.2974954988195,0.0634892455478807,-0.431230641794675,1.68115374342724
142,1738,"s009","m3",-0.0337659561422808,0.147750202057083,0.0703292925973566,0.269640437848009,0.242053203206102,-0.453152172786354,1.39920599651386
143,1745,"s009","m3",0.0503495325975347,0.188924540408849,0.0482353638089082,0.309731762257267,0.27758972997757,-0.299371553197247,1.20246297555526
144,1752,"s009","m3",-0.0486814810250945,0.26403678313492,0.0536884649177888,0.300102762869591,0.273733198027201,-0.328492505283831,1.4407205741544
145,1762,"s009","m3",0.0419739801951634,0.251819068274187,-0.049884896044898,0.332969599310557,0.200413836969999,-0.195066326304569,1.2765136576019
146,1770,"s009","m3",-0.026310196555748,0.204583883449629,-0.127768546297834,0.208403647311244,0.111160230792785,-0.455896202863113,1.75527726916621
147,1778,"s009","m3",-0.0480404614093279,0.178543274795692,-0.149482007336098,0.313101385030965,0.176287427758638,-0.426203406031857,1.48111877638376
148,1784,"s009","m3",-0.0395887378263208,0.126910905472923,-0.0378976931171188,0.243473089539278,0.219032797051581,-0.427622956358545,1.2542908932676
149,1785,"s009","m3",0.0442367607717146,0.178925264519335,0.0450734703249042,0.262465076078882,0.285491017236551,-0.213150378694329,1.13211087639814
150,1793,"s009","m3",0.0178853222075154,0.215550861098036,-0.00627741672581416,0.220450607934363,0.280994221917457,-0.501731043471294,1.48518527752214
151,1797,"s009","m3",-0.0677563749230739,0.244911590577649,-0.114430578884762,0.35040590820667,0.215373421322059,-0.092687300994589,1.64659392604583
152,1805,"s009","m3",-0.11659743431997,0.0537943435101327,-0.182225091710717,0.181169373684949,0.141669375583155,-0.758493506074054,1.90378512069116
153,1807,"s009","m3",-0.0932742904426953,0.188345071540364,-0.178104514988015,0.272974777979636,0.114683121600105,-0.5376806028293,1.97446950992696
154,1843,"s009","m3",0.0804452039090853,0.281553018657531,0.00636312227702179,0.313230368608008,0.23551795616285,-0.179461863044845,0.931176175206576
155,1851,"s009","m3",-0.00352507614556988,0.103264007059278,-0.0895459500743141,0.237312803363731,0.190718917773745,-0.326313349405214,1.46734809984285
156,1854,"s009","m3",0.0546911286964764,0.20743965440052,0.0432190043108213,0.293349320404938,0.254755507895534,-0.846105195415158,0.996451084600929
157,1868,"s009","m3",0.0388111259007076,0.112277448660305,0.0922984172174224,0.18288454886709,0.277962712125437,-0.673817941289549,1.29005936705018
158,1869,"s009","m3",-0.0671737571991767,0.0819711622866822,-0.109543464506429,0.206773038005113,0.094177804589171,-0.264861418634282,1.58593166908521
159,1873,"s009","m3",-0.0125048994886037,0.218271123124193,0.0354393247436177,0.194160942111118,0.237315355522985,-0.825635116944556,1.37847968142155
160,1874,"s009","m3",-0.137140077496888,0.0792593294715721,0.0649192601505296,0.283124658896929,0.234592135190699,-0.557196342629493,1.43159373016163
161,1879,"s009","m3",-0.0245356581051709,0.229186479081666,-0.0210918594836809,0.35481491568796,0.186005807686588,-0.410704673611047,1.43689251005303
162,1912,"s009","m3",-0.0572454252495723,0.0944704228325341,-0.124563499791928,0.22991795746785,0.211324412620134,-0.360250969353968,1.78050560193336
163,1924,"s009","m3",-0.013631215759602,0.221095659831237,0.129045642064697,0.326582134997781,0.287276690031077,-0.365804507227582,1.24094157719414
164,1932,"s009","m3",-0.0346141776394494,0.157713525547058,-0.0501243773429526,0.375160195666788,0.23466348055424,-0.337429756897389,1.26820890598911
165,1946,"s009","m3",0.0514693284490349,0.169393973819511,0.0435997538498824,0.209212453555363,0.270686832199545,-0.663731992887882,1.27996776358867
166,1953,"s009","m3",-0.12896783381412,0.0804264759270086,-0.159683798761474,0.256911237843657,0.163378483082605,-0.439867655228247,1.71618310843085
167,1956,"s009","m3",-0.0310830711827366,0.113653698703732,0.00119145389849775,0.153878708201095,0.239841470558822,-0.540419744118751,1.45175012038091
168,1979,"s009","m3",0.090585621171527,0.275239559293457,-0.0455441247583728,0.237130515765538,0.320382233766027,-0.450845666312609,1.23260371016912
169,1985,"s009","m3",-0.0446486811067917,0.216070066437263,-0.013465445863268,0.285877151722955,0.172631094777539,-0.625987432809923,1.28884584479215
170,1996,"s009","m3",-0.153948913961954,0.165675639113497,-0.10112386179184,0.207127649399725,0.124202644144624,-0.925496308176446,1.71725620148022
171,2000,"s009","m3",-0.0371305242101498,0.175428170735605,-0.0232462505363941,0.284531856237069,0.18668155263019,-0.340121298537596,1.53345248397764
172,2003,"s009","m3",-0.0243611153912457,0.137070214497287,-0.00180131515528159,0.312497870698139,0.194004950711872,-0.58284317057215,1.20235904572068
173,2024,"s009","m3",-0.0927348727624252,0.113970930359736,-0.053313984091208,0.200790486254955,0.0761299375495767,-0.880929601343013,1.45415589675158
174,2058,"s009","m3",0.119043627508011,0.224655824427532,0.0317418287474356,0.287132953719572,0.3220749738986,-0.325437893166249,1.04521387416111
175,2065,"s009","m3",-0.156758069632314,0.20780952217012,-0.082809121207329,0.334373258608522,0.165030471194176,-0.281510329962759,1.60573476215809
176,2070,"s009","m3",-0.060590862731186,0.297231711903362,0.0379455913276129,0.398168223262835,0.213321000839448,-0.150604804525765,1.12293123339089
177,2087,"s009","m3",-0.00127664841976635,0.112763098604605,-0.021591715085551,0.204165512449669,0.167851405661632,-0.641590884710658,1.45168863234354
178,2123,"s009","m3",0.0277899002620353,0.0507635153820783,0.00258658403268638,0.0755924651794631,0.308587411703719,-0.867124625987728,1.36941041099946
179,2124,"s009","m3",0.0193329758454605,0.26396316710088,0.0723593238260355,0.39043081023843,0.308879295534162,-0.356042115180323,1.04154399381482
180,2131,"s009","m3",-0.0269799873221182,0.20188131800944,-0.0262814069804458,0.313964956779782,0.111271696350264,-0.375707464657259,1.40216808944312
181,2155,"s009","m3",-0.0231818805544865,0.11070866222066,-0.0979607944057135,0.231852179355575,0.121311401920988,-0.449075610063643,1.59654542832732
182,2163,"s009","m3",0.0236177962821919,0.137864282495409,-0.079927980509409,0.288876332020711,0.282722668366324,-0.385036052061997,1.36039417649973
183,2170,"s009","m3",-0.00221612258292354,0.270110296282107,-0.0835731488228666,0.403471590899436,0.130189742175459,-0.215123146593457,1.07747431409214
184,2201,"s009","m3",0.0300673962919836,0.325387939236377,0.169175099361706,0.315653961042992,0.343007452475344,-0.385267969501086,0.867747103706042
185,2202,"s009","m3",0.0993394344104912,0.315978567553278,0.0390618128213484,0.33842941040744,0.297305535215251,-0.300660059428451,0.888152325635615
186,2210,"s009","m3",0.0993199234150249,0.350781284871826,0.0876537703411749,0.374102169204547,0.301626729126894,-0.190456879401702,0.845985198265834
187,2216,"s009","m3",0.0841544751097235,0.359896036427202,0.131970931132079,0.415182088737165,0.3589796645147,-0.250739296521808,0.699756625881979
188,2221,"s009","m3",-0.0543799078191846,0.11283275553667,-0.053376944009644,0.26538624201352,0.343420972858556,-0.392625837313377,1.48722829838546
189,2222,"s009","m3",-0.142712175422737,0.168263139153718,-0.177168265313989,0.2091640147843,0.0285853954689774,-0.423563679016678,1.66128251149685
190,2224,"s009","m3",-0.0345030012987789,0.202008605505141,-0.0511690654352542,0.272061923946355,0.292160328961096,-0.360661722041241,1.29638102410472
191,2231,"s009","m3",-0.0555755714030827,0.0837207044094446,-0.0555168341056679,0.228782917738379,0.161559915283179,-0.469908707675465,1.41547720588344
192,2248,"s009","m3",-0.0671934883887492,0.0951449881306359,-0.0420595403794533,0.289890540285844,0.252113323757815,-0.270694757117631,1.29026174210686
193,2255,"s009","m3",-0.00356004387240309,0.109696886891429,0.042314800329936,0.250017347423243,0.168261066315349,-0.761593549091491,1.10428262626129
194,2277,"s009","m3",-0.0168920444459426,0.0796240601935024,-0.0652619019002825,0.130043042284159,0.182476007478299,-0.81366700007968,1.4065352417048
195,2298,"s009","m3",-0.0454423841318967,0.127658064388412,0.0229553967918546,0.191543636906113,0.232985431467333,-0.811573807833575,1.29986452962434
196,2310,"s009","m3",-0.0210844735959733,0.131367926169324,-0.0174986201317299,0.21992999976467,0.246912259993063,-0.406317888601945,1.5856342883025
197,2314,"s009","m3",-0.0256165300638215,0.109190150397464,0.039110471025082,0.17874749375636,0.177592858827296,-1.1171542821389,1.30258526562212
198,2318,"s009","m3",-0.0857844919659002,0.0929013778918888,-0.0281082435717519,0.217230486327456,0.0574586210071241,-0.849120386526594,1.54732306419722
199,2339,"s009","m3",0.0360976516725383,0.0687458393304966,0.0106916943428775,0.188954274223402,0.300364373286699,-0.503905618458101,1.25926869715378
200,2343,"s009","m3",-0.0229858498743754,0.188359576058413,-0.0133416959433726,0.18245397625746,0.324760496514933,-0.528190636481591,1.47575416100596
201,2366,"s009","m3",-0.122145391667141,0.0701196218509421,-0.106285563185653,0.202408405347222,0.00797689933446694,-0.703712562432581,1.57771602340595
202,2387,"s009","m3",-0.0108994158288719,0.198437656773853,-0.0542040767084977,0.24401784448362,0.246403000103097,-0.387017870116474,1.60279421290278
203,2396,"s009","m3",-0.150043455084427,0.153151543164579,-0.143815883384447,0.178612687657311,0.162629957131564,-0.578573334677607,1.63781698613887
204,2427,"s009","m3",0.0777965019106704,0.285132335493863,0.0676807087601701,0.287580910658837,0.315787585526179,-0.569498405541473,0.922882492857593
205,2439,"s009","m3",-0.0362653461169555,0.215962306495902,0.0106359533447754,0.251898516852848,0.185140495346539,-0.220733937711161,1.3652038776397
206,2451,"s009","m3",-0.00116339841979949,0.150886744740436,-0.00264089246627544,0.123858897678392,0.23393674523945,-0.789118130681144,1.01271053787935
207,2461,"s009","m3",0.116489309044471,0.174799766481931,0.104263913630176,0.185511939399037,0.36022643865146,-0.810246797210063,0.980521879286984
208,2478,"s009","m3",-0.0322292073525616,0.328428108288949,0.0303913210151804,0.303311149194814,0.33106449187199,-0.303664945060601,1.19238133956586
209,2480,"s009","m3",-0.00684919338034123,0.217514440674302,0.00284575262376801,0.35449107102322,0.334787922165516,-0.337544499575894,1.30844564981605
210,2485,"s009","m3",-0.0704050131001086,0.262449541842743,0.0731905824154854,0.291566229251117,0.280246245420137,-0.263816919825083,1.3634925569056
211,2512,"s009","m3",-0.0775696337612162,0.224950520709456,-0.0821950343501056,0.24291222549527,0.123447290417915,-0.495563038850598,1.38485612241904
212,2515,"s009","m3",0.00276799560322384,0.267366126408124,-0.0677237624523268,0.308816971854007,0.245770638310123,-0.307987129536677,1.43770529631944
213,2525,"s009","m3",-0.0464973820813462,0.121679641136047,-0.0672260099651664,0.205277599098498,0.236348860516414,-0.534361948507108,1.49723644353485
214,2531,"s009","m3",-0.166250892364785,0.0950355460618068,-0.1796666689337,0.145212069163024,-0.0111099520824145,-0.883930962149342,1.64597929257885
215,2580,"s009","m3",-0.0202261427928623,0.17706924952577,-0.116080717063423,0.270310783746145,0.208275290845843,-0.325943356269545,1.45593460571097
216,2582,"s009","m3",-0.0883374280860591,0.0535191747645008,-0.10599507768462,0.273882785947258,0.0037514454492857,-0.395096247563785,1.55598232552032
217,2596,"s009","m3",0.051154566418714,0.317224786988214,0.00637961543841952,0.3433916699624,0.233849758777028,-0.220620778586044,1.31710823334426
218,2617,"s009","m3",-0.0321417970701044,0.123104469869705,-0.0472880680485027,0.295914978911582,0.188964360346699,-0.338488352298014,1.48930238045602
219,2626,"s009","m3",-0.00915134634122858,0.243415371922196,0.0182817428981644,0.268415777980376,0.250780467907829,-0.563292472673115,1.12761100516693
220,2663,"s009","m3",-0.057513154354893,0.181469632232594,-0.0332511027945489,0.321940181896251,0.198195748175925,-0.374814930760529,1.44157269677026
221,2681,"s009","m3",-0.0259182407723798,0.240833521964738,-0.0988719542028108,0.267781265540893,0.0653274085254855,-0.375095598089896,1.24791450906614
222,2713,"s009","m3",-0.16626208463663,0.132787515954608,-0.130920257969031,0.162555529769899,0.015211339337804,-0.364585186098583,1.36883414451884
223,2728,"s009","m3",-0.0614213829372769,0.153154766284612,-0.0420549353143271,0.119073895204751,0.142361042249612,-0.46423104034156,1.51372748743549
224,2730,"s009","m3",-0.0179942839534305,0.283814744916885,0.0319365772575043,0.322963098557876,0.169999779950553,-0.405823563760518,0.868456259856287
225,2741,"s009","m3",0.0543214909177981,0.201408990306099,-0.00871547777631103,0.307974020654703,0.270642706944412,-0.380744049354232,1.13264430124362
226,2746,"s009","m3",-0.00857259047997812,0.202000500367951,-0.0857597022633105,0.308476650343517,0.159603263504493,-0.443044850993384,1.28634613216192
227,2751,"s009","m3",-0.040946400096761,0.0435419050918265,-0.01319547826877,0.2973462422425,0.281744603022854,-0.640081630144629,1.23760753512053
228,2762,"s009","m3",0.0232170126369711,0.0937806566538012,-0.067834975166566,0.259583214487486,0.232463123646199,-0.558665124107326,1.39142654124353
229,2796,"s009","m3",0.0167418169360404,0.104179310598724,0.062062145202671,0.222698143670525,0.271998117698488,-0.748747468980576,1.21331363424261
230,2798,"s009","m3",0.0160213064971986,0.199238916888545,0.0284366749537682,0.381214519566598,0.196853703213972,-0.381541493560224,1.24070939900111
231,2807,"s009","m3",-0.0806635063230903,0.180198905946184,-0.0883019663539951,0.299313125573929,0.055780369808572,-0.612847398079468,1.21593215533317
232,2816,"s009","m3",-0.00995605464986347,0.033111572032526,-0.0462026089426233,0.24255987778385,0.201018832779932,-0.567495486847347,1.48548775646641
233,2818,"s009","m3",-0.0207725882193681,0.0650893351422031,-0.0639198714895171,0.193203680990726,0.201170593300838,-0.745795618564402,1.41773967204293
234,2837,"s009","m3",0.104437352710902,0.108196557065987,0.0361433966715999,0.18835445091988,0.322512896377636,-0.51541668187736,1.10268236942834
235,2838,"s009","m3",0.0346492569936129,0.0971499852861173,0.127767919924394,0.296327524981669,0.299487684606056,-0.468667957741815,1.10293018552085
236,2842,"s009","m3",-0.0496889846641915,0.20642330172985,-0.0253661059454366,0.299080988221235,0.122093633528722,-0.288826846936267,1.29219772188825
237,2845,"s009","m3",-0.0241861697480225,0.215868009512567,0.120954300072987,0.317023317572574,0.292026876117356,-0.326348793880117,1.22596765817434
238,2859,"s009","m3",0.0426309920220401,0.124359700097079,0.0283017555809398,0.289217451138786,0.323225304764918,-0.763271338067158,1.23158518299937
239,2877,"s009","m3",-0.011453859323027,0.0632691407790868,-0.0256165089032721,0.244409540805975,0.220453246274288,-0.751249359248233,1.51485762844923
240,2909,"s009","m3",-0.00240130573475065,0.166203139318149,-0.0846644213461038,0.161270912384453,0.197997705706504,-0.798242422285264,1.35927863214052
241,2911,"s009","m3",-0.150891533358015,0.146026126797268,-0.127965084843768,0.208768427527883,0.208329595494893,-0.520599242222964,1.80623915039873
242,2919,"s009","m3",0.0569332768432464,0.301488321392124,0.0119983261928068,0.189549951626002,0.307384409052054,-0.488023345984452,1.2087197378382
243,2923,"s009","m3",-0.0511860104761415,0.15909137081549,-0.0104633550622309,0.193965016343067,0.341815264292637,-0.429654187799269,1.29123059131309
244,2925,"s009","m3",-0.0362994000840241,0.269561016061509,-0.00765140679552256,0.258847584243893,0.25177733078747,-0.281165483023439,1.40297108490389
245,2944,"s009","m3",-0.0457551188561091,0.175170757382538,-0.0428403934428315,0.239972717046575,0.205930398688391,-0.522927324781113,1.42406164106553
246,2949,"s009","m3",-0.0653855927297599,0.164508251627272,-0.090851052276657,0.231489838777822,0.0613301995010181,-0.571796329746795,1.49766957746181
247,2957,"s009","m3",-0.0197302189773177,0.163075988811742,0.0299082950865018,0.266073575742677,0.265297550754227,-0.573489389788947,1.33051505500066
248,2966,"s009","m3",-0.0426964701237508,0.100893960293397,-0.058231343379327,0.119782929701572,0.273011070584109,-0.845293969438651,1.42627249701139
249,2972,"s009","m3",-0.0600555553664179,0.184273905852552,-0.160513474435441,0.179824271459941,0.210880606127909,-0.739017601037595,1.80675538280363
250,2983,"s009","m3",-0.0181357624445314,0.194559048893361,-0.0604448746331049,0.22468016063995,0.121624019392813,-0.684911040990028,1.3217269692831
251,3018,"s009","m3",-0.0260593347670748,0.149208856919095,-0.0519612419017652,0.283940375137826,0.126957429497453,-0.541978830401195,1.45633435292582
252,3038,"s009","m3",0.0889837498870875,0.229767635330271,0.0710998874154477,0.270524159924209,0.287522975889976,-0.486533356096124,1.2007821011079
253,3039,"s009","m3",-0.00698391661859307,0.200200304537607,-0.0825708559366143,0.245316062016395,0.147489749024774,-0.494761913038663,1.34869641835712
254,3051,"s009","m3",0.0123631393711485,0.263438362731194,0.100274692603036,0.311203175657396,0.229711080179327,-0.376865719729384,0.888843956246367
255,3065,"s009","m3",-0.0156084353370843,0.198465118965297,-0.0485322278616667,0.317920871817504,0.257318650848718,-0.18416197103022,1.41551581633432
256,3076,"s009","m3",0.104886247197236,0.269726003644324,0.0640440906335705,0.261817461158632,0.230510527458211,-0.265791174938481,1.00181456268658
257,3081,"s009","m3",0.0329898354069864,0.160000971542194,0.00118204844013115,0.318769226128301,0.216278567459958,-0.360878270775168,1.20677007827114
258,3088,"s009","m3",-0.0994036385123794,0.131539251773562,-0.0557477297090094,0.331002248154327,0.0930566704028075,-0.496905418979086,1.62336315747812
259,3090,"s009","m3",-0.124376111913531,0.115187720941656,-0.0417988692428984,0.214923994516297,0.221978959587631,-0.729687235472733,1.77120587613702
260,3097,"s009","m3",-0.0944547131174273,0.20678955159,0.00725869433235336,0.273332250027051,0.21332093157117,-0.247758951773249,1.17881783429728
261,3100,"s009","m3",0.0311869826464532,0.198853801799483,0.051783025222457,0.270037571255335,0.308292364036172,-0.438129256148,0.988820962851741
262,3109,"s009","m3",-0.0157855502951607,0.108555091285072,-0.0625100975678772,0.224608697594927,0.274519993843669,-0.439578464285897,1.6471229634789
263,3114,"s009","m3",-0.0415374239168405,0.0732664185714478,-0.0696034382085612,0.193500367270833,0.266309343449784,-0.829191919853892,1.30005066835152
264,3115,"s009","m3",0.0283555284025105,0.189232774030843,0.0167149591007598,0.255000930881731,0.218416720935061,-0.462955645441583,1.2729993691765
265,3126,"s009","m3",-0.0122376382064373,0.216910276384645,0.0199458056738348,0.374138290709773,0.280747775756357,-0.275459363945308,1.2403125384319
266,3137,"s009","m3",-0.000612901532961153,0.159955359293487,-0.0472784807335637,0.354767546905489,0.201375366363188,-0.262003960302806,1.43251259436676
267,3156,"s009","m3",-0.141869621556725,0.110169361389249,-0.142333541132638,0.213636935600182,-0.0697130269085544,-0.386384386086548,1.65071841503272
268,3159,"s009","m3",-0.115878583051685,0.0836106787281776,-0.0210401880060349,0.272261904815817,0.0716108326337734,-0.275666174587848,1.34345000821446
269,3162,"s009","m3",-0.147068025919564,0.216813921471444,-0.120269135739076,0.221481217226323,0.0506855897815086,-0.703409087502426,1.41425411599602
270,3194,"s009","m3",-0.0479491291654787,0.17977168900626,0.00887216500338145,0.233475445912414,0.357533407555345,-0.458310798810531,1.38777398955526
271,3202,"s009","m3",0.122419714487292,0.158290130119447,0.119177521897392,0.276054655523557,0.369263982374368,-0.574912314260966,1.15444779664907
272,3204,"s009","m3",0.0200401947522832,0.169105720200743,-0.09563151361616,0.185407311278289,0.160814750948669,-0.764129171826293,1.36694505803649
273,3217,"s009","m3",0.0399567485986054,0.167789238539739,0.0658172704809982,0.291507066476187,0.318404673390765,-0.449575368315163,0.99448675975714
274,3221,"s009","m3",0.0977741811831677,0.182248599882094,0.040920072861281,0.163374510633866,0.299191140396588,-0.687121540900044,1.13581293318016
275,3244,"s009","m3",-0.0553512378976517,0.250500486590864,-0.0171897645289169,0.292204430654139,0.244930343470843,-0.517353070258315,1.41479559861286
276,3245,"s009","m3",-0.0551800233761045,0.0950252130097308,-0.100905823559771,0.198619559058775,0.22798146101026,-0.676000149105917,1.55731470873617
277,3252,"s009","m3",0.0513781790705519,0.12387447174011,-0.0261036758788801,0.336455357918895,0.20504038025404,-0.425274156754049,1.36583290154383
278,3259,"s009","m3",-0.091696382442971,0.0790970773155008,-0.130437078262798,0.120027737872238,0.166347704982047,-0.803424947733856,1.42260033318558
279,3270,"s009","m3",-0.0948818965680474,0.223706345995901,-0.0613944124695184,0.329265086110557,0.110227415599538,-0.332165428472049,1.50231547219339
280,3274,"s009","m3",0.0031452503388193,0.0987466530205148,-0.0424076497004101,0.276852833972185,0.23299734492491,-0.551725136560757,1.31763366281187
281,3289,"s009","m3",-0.149349169385213,0.111155191641058,-0.113207726125584,0.133583999736948,0.194886176349113,-0.798116659549923,1.75911783616865
282,3312,"s009","m3",-0.0568769648845823,0.173614810163558,-0.00830484236106622,0.285481772382994,0.240334866084981,-0.358221285166678,1.21184765613092
283,3319,"s009","m3",0.000315626709928666,0.0496823618669504,0.0663749928856713,0.150045821361126,0.293626286122403,-0.770715388445125,1.11072393373559
284,3332,"s009","m3",0.0319794281325685,0.158022745492457,0.015890709336648,0.292377084745796,0.270644810438756,-0.743960559847028,1.13616738184981
285,3353,"s009","m3",-0.130440552089188,0.132897533372926,-0.143533730115734,0.237859075962828,0.140324634190017,-0.310128720940872,1.73445013232844
286,3360,"s009","m3",-0.0289629769775757,0.0858044877316628,0.017519887978719,0.208934264153234,0.227949826448697,-0.59631961319784,1.38447067775261
287,3383,"s009","m3",0.0486425124390393,0.17085224011368,0.0220886406638558,0.285314136789275,0.239567099167348,-0.508456473670572,0.99223840405231
288,3384,"s009","m3",-0.0102136348420377,0.24867664462651,-0.00927848392220009,0.229443562782106,0.259964299305473,-0.696596183429091,1.34290792246492
289,3394,"s009","m3",0.0235432054205011,0.0940785709001555,-0.0953801850678573,0.211705011220616,0.225635590926895,-0.741747054042733,1.46370139857584
290,3401,"s009","m3",0.114778982791977,0.245898387202612,0.0967550902503573,0.340789019352691,0.266782392627588,-0.622270659704256,0.816047739503357
291,3416,"s009","m3",0.0012338261901745,0.0494151820263392,-0.159602102316367,0.220766684876642,0.10602222526218,-0.597232261260288,1.58554026252078
292,3419,"s009","m3",-0.122372325923417,0.0639361501434367,-0.101874157446235,0.190018843606057,0.149101673947989,-0.745816606152155,1.82121430358913
293,3425,"s009","m3",0.0526811072534682,0.252452083755054,0.0891924418653925,0.341790649883693,0.377750906917534,-0.43287549990349,1.10685143862772
294,3446,"s009","m3",0.095094688663053,0.19707228676489,0.0216374441333235,0.299119667471606,0.253045292816594,-0.410351096830702,1.2142854213235
295,3473,"s009","m3",-0.0189816418478646,0.139556619508822,0.0873240410424405,0.35050714218115,0.299483862337507,-0.25312362017093,1.29574194448395
296,3481,"s009","m3",-0.0530119442226441,0.16938270268524,0.0212197819359909,0.324237625918018,0.0973192467441201,-0.405392349507104,1.30585833522477
297,3493,"s009","m3",0.0419425072137995,0.25968163241617,0.0670283506505872,0.400932727865154,0.314761152874938,-0.0682549760118324,1.16254741716936
298,3495,"s009","m3",0.013212141923072,0.175296690263129,0.027289130935794,0.302728321703925,0.252884997142799,-0.383954449299584,1.23236569508083
299,3542,"s009","m3",0.0358367408436429,0.251415180697854,0.0458879652968427,0.314450770735214,0.351567429673227,-0.283391234976962,1.21960031088525
300,3565,"s009","m3",-0.0551817848978737,0.136455199498792,0.0327339009568318,0.266429113049657,0.29103084385491,-0.394284701533188,1.28034734828018
301,3596,"s009","m3",-0.125173775532153,0.187560385775919,-0.140162978170508,0.27618706709729,0.0678125595510487,-0.268072825208387,1.61286703542485
302,3597,"s009","m3",0.0781145976561251,0.224016831068962,0.102654884798919,0.292252712718116,0.234745243904348,-0.44973199377249,0.908017155871111
303,3604,"s009","m3",0.00327982564472637,0.240908406206567,0.0677288270201772,0.283921817323716,0.30660708826224,-0.494326230588681,1.24892436719005
304,3613,"s009","m3",-0.0237760927905985,0.187259287345233,0.0380597224026509,0.294371438792898,0.123883183680051,-0.257565791480303,1.13689490601654
305,3617,"s009","m3",-0.000277742403139625,0.184769506314252,-0.0357583348550416,0.289662106989333,0.189027737121452,-0.294326136649992,1.34757599046967
306,3628,"s009","m3",-0.0975264970422443,0.205976530325748,-0.0437122904149603,0.290063600285137,0.112067734522269,-0.363385593517185,1.4132849175688
307,3630,"s009","m3",-0.0796458930280569,0.0535117232353912,-0.144301026026956,0.167890030379077,0.150432566787048,-0.558045651874207,1.82272948487807
308,3659,"s009","m3",0.041860778096867,0.193591632150552,-0.0127430097549785,0.273425408248318,0.282344702637724,-0.553122831159405,1.13112946562768
309,3660,"s009","m3",-0.0463923909981388,0.139156449891925,-0.08597056839154,0.177550493118159,0.124693716120018,-0.698339351258024,1.58320230638251
310,3661,"s009","m3",0.0515931033707861,0.192106262627011,0.122676096437327,0.253749155246943,0.364545894771274,-0.390642610302542,1.20431072521254
311,3669,"s009","m3",0.00258209903895556,0.103874902628849,0.0470867338463796,0.224986072052186,0.237291634982553,-0.683529985995501,1.44694254574364
312,3670,"s009","m3",-0.0498034315451748,0.197410414239078,-0.112025676390634,0.266084223225531,0.211243439860897,-0.35146607145179,1.59212544301919
313,3689,"s009","m3",0.0460472050659083,0.0753551288368378,0.0330372075947839,0.235985822962215,0.26992341959021,-0.595529445970969,1.30143203510414
314,3703,"s009","m3",-0.0128700924567487,0.0589691812951843,-0.0395295589498817,0.212329329144259,0.226633333815346,-0.707909974562934,1.40566324746627
315,3705,"s009","m3",-0.000616212577572576,0.28929824384569,0.0464742947884206,0.216147074190194,0.36560215173041,-0.462184840540376,1.14576074981569
316,3739,"s009","m3",0.00152019210687589,0.167082447148798,0.0846709243824314,0.242920145367579,0.181142856805438,-0.571754320601843,1.18809660852591
317,3743,"s009","m3",0.00707798164228233,0.0815056746077711,0.0481999163755324,0.169151102070282,0.342272742368318,-0.469344146230642,1.5904287175434
318,3779,"s009","m3",0.0953227629496359,0.225975804506468,-0.018480949870218,0.297905685483906,0.0896641457938982,-0.516179725434701,1.00793173060521
319,3797,"s009","m3",0.0103551341797291,0.273542990419514,0.037772679441066,0.403789243343298,0.284806995496522,-0.182163494280687,1.0889686090711
320,3807,"s009","m3",-0.0417015461270221,0.332978026268297,-0.00762621585303127,0.308602026699974,0.213424835345779,-0.300133884743548,1.14137085379719
321,3813,"s009","m3",-0.0553184913223936,0.0111092435409302,0.00817206449461332,0.235932505685142,0.216910760169408,-0.512437032058703,1.34531198306439
322,3815,"s009","m3",0.0299748796579194,0.0906034720638392,-0.0615277905603624,0.37061593895197,0.286066065699728,-0.373118095288651,1.39159867966656
323,3831,"s009","m3",0.0104924767471757,0.181706948534457,-0.0517097339736698,0.276231877786676,0.220525231838203,-0.333712452082179,1.4697070430084
324,3841,"s009","m3",0.0887931337517614,0.291151666785218,0.186153627277955,0.340251635322522,0.374028723028232,-0.329934306240357,0.668838062709744
325,3843,"s009","m3",0.00172445449044835,0.245751836523829,0.0472864996508592,0.340897068705683,0.209914244142953,-0.294685379247852,1.03520906598169
326,3850,"s009","m3",-0.0217998134868208,0.339092442512372,0.042236820900618,0.397921477313842,0.268680971092791,-0.146538224382454,1.07228440174755
327,3855,"s009","m3",0.0931860651385962,0.333246217887155,0.0377267668263063,0.220313499154251,0.349112078019122,-0.219562683089514,1.15402147491405
328,3883,"s009","m3",-0.0528754339576295,0.281690522650795,-0.0420399032807734,0.253766164301729,0.126322451751783,-0.191013979771245,1.42567716823727
329,3884,"s009","m3",-0.0259011086121481,0.127695591222579,-0.0985284603777058,0.260901343693114,0.138439979151997,-0.395960605731745,1.56485054688843
330,3889,"s009","m3",0.0696806657615092,0.220993736098604,0.0536599219005316,0.268457225080164,0.242809415936503,-0.510578314553943,0.857348617021969
331,3905,"s009","m3",-0.0676295254862755,0.0789092728363837,-0.113580372333482,0.29090466215319,0.122942169298422,-0.397360403383737,1.59145510781468
332,3910,"s009","m3",-0.0319932123554164,0.182842052733384,-0.0397002395369975,0.197606833076837,0.33176546904924,-0.559982652343138,1.52882176406999
333,3923,"s009","m3",-0.075766002684677,0.160987028277473,-0.0459076299081255,0.278205906749832,0.0816511087588569,-0.562254983559925,1.28677950883076
334,3925,"s009","m3",-0.0212173898635538,0.158591699921343,-0.0269975342565813,0.241616068189565,0.243036401262561,-0.372958191593312,1.30047776188905
335,3940,"s009","m3",-0.0972694729738995,0.122193872389381,-0.121354949652594,0.311044012705691,0.247136617582088,-0.698258634194177,1.42318772577994
336,3960,"s009","m3",0.00294900252737415,0.195996357446593,-0.0266746966289424,0.296228090114659,0.33608949935275,-0.637042815774983,1.38614719181331
337,3964,"s009","m3",0.0607019129841653,0.194801343312782,0.0836422036271883,0.239157881061054,0.29462526154155,-0.428416458871174,1.00419497148837
338,3971,"s009","m3",0.0775893297195943,0.231964883011414,-0.00737685794384015,0.302408471469069,0.378139407251288,-0.420985740956666,1.09386891924927
339,3975,"s009","m3",-0.185478598379851,0.063261299704319,-0.102739522301873,0.207244829959904,0.118312770209221,-0.365546435595447,1.69494170145521
340,3990,"s009","m3",0.040780550206262,0.295533228280254,0.119877080536961,0.342498689187944,0.268157411733346,-0.208106340148091,0.911816028354458
341,3998,"s009","m3",-0.0357834210565894,0.257521982079404,0.0556220639276782,0.240129399506677,0.101451501493006,-0.433912852516352,1.1577075661945
342,4030,"s009","m3",-0.102052510756978,0.179893524966618,-0.0515503534832727,0.284389955456808,0.141316800825321,-0.619312041792857,1.28150000522719
343,4053,"s009","m3",0.111578720747394,0.195763317969832,-0.00202835378266282,0.253552711513683,0.310618564634977,-0.413057749346374,1.05637761644824
344,4060,"s009","m3",0.0953575738499419,0.133534813601183,-0.0155408082091004,0.173677851712797,0.32420828977452,-0.73784480501711,1.47203014688083
345,4064,"s009","m3",-0.149569215963942,0.253102013050457,-0.114828017476624,0.23232554019984,0.140553550345053,-0.230848189904151,1.77174926555686
346,4069,"s009","m3",-0.0827911747235897,0.097822834721309,-0.0137190501828021,0.258374619317238,0.276364269058744,-0.354739094557823,1.52701160422678
347,4086,"s009","m3",-0.00204803568455448,0.179633899800307,-0.0172808573827533,0.13798742423003,0.274029632071155,-0.646469660365656,1.50691415994873
348,4103,"s009","m3",0.0717679918939617,0.225294554544463,0.105330606380036,0.290340303094604,0.366690343936769,-0.185491034242491,1.14576594029883
349,4113,"s009","m3",-0.0746537338949042,0.0136918868127786,-0.0994506451238695,0.253271795322879,0.202710644805202,-0.597001039367751,1.721112756896
350,4114,"s009","m3",-0.0700849611530579,0.140567371411255,-0.0779479279413585,0.16283928253448,0.134443460538836,-0.553168601535948,1.59449880547423
351,4121,"s009","m3",0.0830295312824651,0.171847475780195,0.0437821745207602,0.266117117682386,0.21009547083508,-0.432219425246658,1.03389939508153
352,4126,"s009","m3",0.0482713382937798,0.0958977843231857,-0.0711901067521538,0.178157031594973,0.305380416687718,-0.693010352497007,1.38429119048829
353,4158,"s009","m3",-0.123697365320705,0.117947174287149,-0.15106492214786,0.220378809424037,0.152133715399798,-0.847788610090046,1.81129712887494
354,4160,"s009","m3",0.0360403037006053,0.121674215448602,0.0777101831598779,0.264193126864623,0.278772900292628,-0.571685613651681,1.42986758116945
355,4186,"s009","m3",-0.0122902411672841,0.137159586345269,-0.0862854256704313,0.235276189735251,0.203357208938234,-0.627725847701973,1.39907783187682
356,4191,"s009","m3",-0.0402935824199569,0.194031714076531,-0.0930959313914702,0.350747002577491,0.196592375498311,-0.112219122319893,1.37752156674515
357,4192,"s009","m3",0.0965011693680253,0.204276685867997,0.075085264827828,0.205125686708157,0.373057939659942,-0.495175280840538,1.24146658797846
358,4196,"s009","m3",0.0472710733529291,0.250459260262675,0.0935513157563942,0.38582229588554,0.290618471553209,-0.405153296742933,0.900316024167959
359,4216,"s009","m3",-0.14980104030444,0.215689506106983,-0.0660926671324292,0.308192080632954,0.137128440080234,-0.217455608940981,1.4541218177888
360,4238,"s009","m3",0.095917881834631,0.395694526794361,0.109920742021672,0.433800337140415,0.202133783535512,-0.0412190891924989,0.79126666708384
361,4241,"s009","m3",0.0773517119134793,0.207352772473297,0.0314199454182977,0.363335858102298,0.258922084941837,-0.171258428137025,0.942247301192056
362,4251,"s009","m3",0.0322496966394943,0.187010964355611,-0.012762894921018,0.305995493012794,0.276817329570283,-0.139059660281411,1.26188879751813
363,4255,"s009","m3",-0.0715418556066387,0.240503370661016,0.00684476298070182,0.300095551254394,0.161128731433846,-0.367431057708682,1.32857177753204
364,4273,"s009","m3",0.035995775303223,0.131808265889917,-0.0398865843264716,0.341320027567458,0.18159013505067,-0.408164440049662,1.41418677612412
365,4275,"s009","m3",-0.0411441392011392,0.144864989700026,-0.0135214619291982,0.286962449521729,0.1982047299298,-0.751832764916514,1.53442166246074
366,4279,"s009","m3",-0.101746560336415,0.131741809924239,-0.121452983151397,0.282017652446362,0.185112000768912,-0.581244312960661,1.60934798091618
367,4286,"s009","m3",-0.0779979664606194,0.178052443974411,-0.0232787898187551,0.220838874051418,0.187273511696439,-0.435399859822948,1.57721530684307
368,4287,"s009","m3",0.0227236920851127,0.250687870944213,0.00619690410561707,0.226785335991638,0.271366051554918,-0.411557801533268,1.14616551552593
369,4308,"s009","m3",-0.0573032610713426,0.22129372017442,-0.097427419038412,0.308468360768816,0.10118506568803,-0.216419699152278,1.59708461940156
370,4339,"s009","m3",0.073466262633973,0.143942504683713,0.026300085423962,0.35476443056548,0.250142952055373,-0.448388535635308,1.1567000907248
371,4341,"s009","m3",-0.0548174687407057,0.0593703341713623,-0.167659390301857,0.20677397392727,0.128984868924965,-0.58044727228739,1.87736335399541
372,4343,"s009","m3",0.00916582376121502,0.151880892118312,-0.0658865348551867,0.168937954820736,0.264161453026686,-0.667771148912741,1.5381852709788
373,4360,"s009","m3",0.148190883134543,0.264929712142509,0.148971567938222,0.371558281328124,0.396837598457108,-0.326619983847767,1.04907145457723
374,4366,"s009","m3",0.0660043472120355,0.0151609595771036,-0.0598323045351306,0.18852076809611,0.190893659224513,-0.706391299712543,1.47554385103388
375,4373,"s009","m3",-0.0491004320109259,0.17289917876058,-0.0460015980990185,0.222802726447127,0.248002536259817,-0.336033573923564,1.67017407533869
376,4374,"s009","m3",0.079104619088572,0.260439308250117,0.0666480945848656,0.281955190102091,0.285389472822875,-0.466374826009067,0.710371157049376
377,4375,"s009","m3",-0.055314070659648,0.0854215739409206,-0.0855866433775573,0.159553366300401,0.24511597330068,-0.482458815574485,1.43222084898567
378,4386,"s009","m3",-0.021689100690723,0.0806094252861435,0.0031125188321115,0.268168466294421,0.299170713799827,-0.6113066464603,1.40361447989442
379,4400,"s009","m3",0.0609536126374804,0.0875573905744606,-0.00772817021171474,0.255458434077843,0.281209623430829,-0.739769444414978,1.36849361940444
380,4414,"s009","m3",0.0125982584870178,0.258490376707401,0.0580282310367026,0.352816180631816,0.210718371477764,-0.330923221288007,1.1014345809886
381,4419,"s009","m3",0.0438854886665106,0.256874892194883,0.120886930430797,0.218836499766795,0.381047750157201,-0.377459035202303,1.20998386121677
382,4432,"s009","m3",-0.0866003468803553,0.0415566806803701,-0.104029459953493,0.161808153849927,0.185425279016028,-0.658994597021359,1.49569038094834
383,4433,"s009","m3",-0.00814382321076447,0.237572979651853,-0.0306427180256157,0.263766315029049,0.173029596339987,-0.453387313500173,0.988299006750553
384,4437,"s009","m3",0.105974432138138,0.2048653094825,0.101894713251878,0.230227857454596,0.31330384661777,-0.978950522999276,1.31766383465036
385,4439,"s009","m3",0.0417757113266966,0.176202097325336,0.112177939251361,0.152681200889769,0.311371469623811,-0.465524790010282,1.26346771695002
386,4453,"s009","m3",-0.0164081950309868,0.320279996885642,0.0643689624524696,0.308311095553882,0.327715382424552,-0.173587662502738,1.12462783916425
387,4454,"s009","m3",-0.0999605156368928,0.203936623367174,-0.049171708602599,0.267035092273354,0.154803580310758,-0.419261602824002,1.51619251523634
388,4462,"s009","m3",-0.00519922766440997,0.174076646295896,0.00724446999103323,0.146811582350826,0.246981968063269,-0.621644998757717,1.55412025755875
389,4469,"s009","m3",-0.0662658575388249,0.196951224105863,-0.137283549595524,0.250826257048633,0.111205629314802,-1.07395393271364,1.64450329876671
390,4473,"s009","m3",0.0372303848650053,0.171504508277495,-0.007187403603383,0.236744588901953,0.257222880408343,-0.562425300256806,1.44044608652147
391,4477,"s009","m3",-0.0487526181406285,0.101610575259781,-0.114642538701151,0.16136207965348,0.195930894312388,-0.971303922213908,1.40710241871186
392,4482,"s009","m3",0.0464021310105086,0.302367481724125,-0.00694617474905054,0.232888985567052,0.264032429474004,-0.417255937123368,1.29121226274118
393,4493,"s009","m3",0.0543293487002352,0.216576576902179,0.00646581258931568,0.308201804359305,0.255320054143113,-0.231796467276054,1.04825266321405
394,4524,"s009","m3",-0.0617635589452462,0.286928657168481,0.0250237048485824,0.280705042762284,0.0325414936540302,-0.362173808390388,1.4179387146538
395,4531,"s009","m3",0.196920511473799,0.285486405308483,0.210053483809162,0.377012157645829,0.368246849113675,-0.423301520251851,0.549241615089855
396,4545,"s009","m3",0.00717611931823803,0.116073817891408,0.00947246576579382,0.205117047123281,0.244084744257299,-0.544370918368699,1.3799029406527
397,4563,"s009","m3",-0.0784676607609264,0.0833481373494542,-0.0610101659409084,0.174543304039859,0.234481312533214,-0.752265651392216,1.54495943169555
398,4567,"s009","m3",0.0216543497750031,0.236746935988718,0.0146169168544869,0.319640656991336,0.234410466481871,-0.309517677540315,1.06330401674052
399,4574,"s009","m3",-0.0516682614689642,0.20363214189124,-0.0405627939440965,0.258595511988848,0.256904871005506,-0.316739296519938,1.39283831883971
400,4576,"s009","m3",-0.0765682564131903,0.0710556952048499,-0.11717568935156,0.195701311078281,0.0520567475334127,-0.877884613985068,1.62113007222747
401,4583,"s009","m3",-0.030709885566407,0.126928458221166,-0.0307720028095791,0.309585205302721,0.209837447246175,-0.348670367625921,1.41929515301504
402,4592,"s009","m3",0.0673691333151038,0.221062466022167,0.0452243705938325,0.313956915189649,0.366936393971091,-0.378223837452919,1.13688342110864
403,4602,"s009","m3",-0.0799181333063194,0.197170632673835,-0.0945493681603808,0.23781915850798,0.180936887440409,-0.519709658375881,1.53822918529285
404,4614,"s009","m3",-0.011707346628857,0.178262875194372,0.00294571650377987,0.352750030181832,0.254978261937285,-0.227380521738816,1.20568854781455
405,4619,"s009","m3",-0.080525793804455,0.136354056424186,-0.051152184985845,0.0988235864550296,0.149286045820394,-1.09855594106015,1.50821297168726
406,4644,"s009","m3",0.00925836282269588,0.127790594677569,0.0350596265251996,0.135706467969099,0.250472158077138,-0.886433540762852,1.23881920766082
407,4674,"s009","m3",-0.0075527306889904,0.215821737809001,0.0511583724232967,0.324868287498171,0.222106951387178,-0.340926814858254,1.21636767474404
408,4684,"s009","m3",-0.0338509340055502,0.166462202958409,-0.116722402944069,0.247704804525833,0.0854126404299019,-0.454397147844359,1.53509467532499
409,4691,"s009","m3",-0.00225668465000683,0.18406302186069,-0.0639271919287499,0.135525454822833,0.273082102356915,-0.6419045525758,1.51778881076408
410,4722,"s009","m3",0.0304331226903696,0.0480670083421009,-0.0514886105621714,0.257219961495957,0.261940365188639,-0.93897160327411,1.39513560877372
411,4731,"s009","m3",-0.056935742291025,0.120349395220378,-0.0823724270594628,0.103195140759019,0.0685080935030362,-0.859566899172355,1.33113188936098
412,4733,"s009","m3",-0.10596847617951,0.0938899159813361,-0.0526830021394674,0.235053486554103,0.266069286058217,-0.451176065380596,1.48710094287118
413,4740,"s009","m3",-0.034289873211215,0.158998993543874,-0.0885083802042779,0.271049260521057,0.271538151414947,-0.459577986489451,1.42001043470343
414,4748,"s009","m3",0.072266033138116,0.31206694735322,0.0331763936357538,0.356540969264584,0.218295550088678,-0.154547877730583,1.14413882614591
415,4768,"s009","m3",-0.0337413285021594,0.144511462747249,-0.0219981178782932,0.181255504592238,0.168351295814955,-0.539939036050031,1.4153628016469
416,4771,"s009","m3",0.15731841551573,0.241006061920405,0.0353286013448238,0.306817586548613,0.34719884605158,-0.411594973866881,1.1636198467621
417,4788,"s009","m3",-0.0647508478525109,0.23424039235068,-0.200173757192428,0.298891808223447,0.0179859404317554,-0.414891674558549,1.79746383961672
418,4792,"s009","m3",0.0238041415099763,0.168348859426281,-0.0771428500234785,0.205531069269749,0.172138953034709,-0.576164153720779,1.14386329059175
419,4793,"s009","m3",-0.0363342056296111,0.25273300569811,-0.0939454696203989,0.218000808313405,0.143409224639433,-0.25496980065169,1.64874771844678
420,4794,"s009","m3",-0.087030691930889,0.145542195457451,-0.0916161581645911,0.156158394748869,0.156245574411333,-0.530469841021313,1.57778787283097
421,4817,"s009","m3",-0.00067210160622431,0.230072530089281,0.00709910708488216,0.266908274080034,0.27918947669613,-0.324234899206823,1.29034426565127
422,4818,"s009","m3",-0.05688900326281,0.109410960950062,-0.0684354553700096,0.235656460877635,0.229592342547249,-0.442657538758582,1.58377311898456
423,4824,"s009","m3",-0.0452939127676058,0.0869955577075489,-0.0177837235320932,0.185865974999007,0.178372454113411,-0.720573777706211,1.38319889518571
424,4843,"s009","m3",0.182149316769386,0.294706879675337,0.116850303913554,0.336135623076218,0.462108751227761,-0.116968666775913,0.932890318942862
425,4844,"s009","m3",0.0842138838051368,0.367778166929033,-0.000771497801006128,0.235560573071218,0.268803934136924,-0.323311248372457,1.04678378874706
426,4850,"s009","m3",0.0536186147406738,0.218023148968125,0.0449147784883031,0.294852247884067,0.260245377306383,-0.650277664623996,1.02200283913268
427,4862,"s009","m3",-0.0653964091581132,0.227918552421957,-0.100103031542926,0.338729122911657,0.0771582899576185,-0.095418735176412,1.47400263554083
428,4868,"s009","m3",-0.00537436748560788,0.104877873207747,-0.0591060966127074,0.2750865665129,0.28898611761053,-0.578738638690907,1.42920320252341
429,4874,"s009","m3",-0.0833291133854776,0.181211611329779,-0.0496847633120449,0.234897200024075,0.0563828913589618,-0.432260293017076,1.43516428029889
430,4876,"s009","m3",-0.0143929439756673,0.0731956911316277,-0.0416100455811325,0.198691821492166,0.143904004803396,-0.571368687180674,1.36664141838337
431,4997,"s009","m3",-0.000655800524109072,0.228890728412904,-0.025543081513734,0.22754476140023,0.176952642942048,-0.558604915921646,1.24290085735343
432,5002,"s009","m3",-0.0208909892301996,0.063713257306118,-0.0720256107587904,0.0881130519936697,0.210628522317558,-0.815675733621839,1.50847694171916
433,5007,"s009","m3",-0.0944037099423626,0.142118829686358,-0.00951798435353809,0.22039582052925,0.150070004971897,-0.483187985164233,1.51180194354472
434,5017,"s009","m3",-0.180833320599589,0.189662800872335,-0.178961597915735,0.322959796811724,0.00877265526115693,-0.390508320464096,1.63699105406503
435,5024,"s009","m3",0.0800342459117977,0.21720599623346,0.0869662717078445,0.280915272652517,0.287065458476988,-0.549050194129802,1.09417040385633
436,5034,"s009","m3",0.0796457802639636,0.135068411575732,0.0452475898899953,0.331200201863836,0.362755941347746,-0.223643291200793,1.31046173337454
437,5047,"s009","m3",-0.172547624193922,0.182982820672585,-0.0794916914884492,0.194247360856935,0.158835671797361,-0.592165726123256,1.51378213457537
438,5065,"s009","m3",0.0849167632793907,0.224318609237535,-0.00533079922237591,0.310414240880954,0.202317380848462,-0.536679256597484,0.935838984704924
439,5071,"s009","m3",-0.124846601990945,0.185695697094918,-0.0323138538150437,0.241283556412021,0.248247802050178,-0.32631468001071,1.78047318072921
440,5076,"s009","m3",-0.0976769936408033,0.193225533896768,-0.123729286850629,0.212883058101347,0.0985868117871235,-0.540091402653523,1.59205431030267
441,5084,"s009","m3",0.128503785342046,0.279321624476765,0.146158845785956,0.289800232558569,0.310671461604976,-0.254242701874675,0.83649639672416
442,5085,"s009","m3",-0.131840343641645,0.110921199630583,-0.0167028411880399,0.179272366989796,0.148928696229223,-0.296126115365882,1.58449101928842
443,5093,"s009","m3",-0.0269050492005127,0.20398312643187,0.0584176230435927,0.390709329764689,0.182222956532769,-0.357194584468753,0.934640013484054
444,5119,"s009","m3",0.030228557854999,0.236138601754264,0.0692694818148886,0.307987957841619,0.463618953206361,-0.329032489337445,1.23070196800387
445,5165,"s009","m3",0.116750764575907,0.29796539626119,0.00525084415880895,0.375908702571094,0.231009675651831,-0.224411289470598,1.0565955263678
446,5195,"s009","m3",0.159269362398148,0.192267079118401,0.102648054002874,0.204001930132796,0.44384511693919,-0.585825320104899,1.07119511953573
447,5204,"s009","m3",-0.0403091746965565,0.132737852986209,-0.0268515337739355,0.345279494226339,0.188222452799346,-0.551497088871526,1.26760754493543
448,5249,"s009","m3",-0.0809595346975606,0.192921225711605,-0.00241725548314325,0.391210804807692,0.141850719834523,-0.173438671093006,1.44178673580417
449,5283,"s009","m3",-0.0783191083755332,0.00213363870248824,-0.181762816416752,0.131379968893713,0.148334774193793,-0.765223981633593,1.81758094358124
450,5293,"s009","m3",0.0377296213158184,0.240670275031928,0.114041695738793,0.328256239883853,0.377025781316804,-0.684075443069297,1.05707305120427
451,5306,"s009","m3",-0.181239763599185,0.130715176508594,-0.130934785197249,0.260292219225978,-0.0553122337280219,-0.777090345609963,1.73646333837515
452,5308,"s009","m3",-0.0103879608576157,0.245219995132348,-0.0171511101094507,0.43079541406667,0.188620302569166,-0.12439614128755,1.18277469954537
453,5322,"s009","m3",-0.0995056927257518,0.0892483432591769,-0.0859637427547314,0.273667307616569,0.15831005808121,-0.653103337679292,1.3574405034517
454,5328,"s009","m3",0.0366581160241474,0.176702049658935,0.064090201793871,0.199876875688871,0.303968043440181,-0.523988893750282,1.30719878990489
455,5337,"s009","m3",0.153819600519809,0.148253097833371,0.109005536438819,0.321012847026495,0.415128608265945,-0.62138756774402,0.953634566925957
456,5358,"s009","m3",0.0230030609947914,0.265528839777934,-0.0358055089443828,0.361393862840853,0.177215676871361,-0.393252411667371,1.29139007401585
457,5363,"s009","m3",-0.0158119489769317,0.228958684855996,-0.0114543861822924,0.265877669175888,0.197318531355543,-0.298114569822854,1.33901732682443
458,5365,"s009","m3",-0.0286212348434602,0.137243960581617,-0.0682970387002118,0.18922796053493,0.246058395445568,-0.636755546295244,1.49823174511399
459,5373,"s009","m3",0.00448145602639038,0.219708934088158,0.0621547419479839,0.365756502488758,0.29395455281529,-0.293841073305795,1.35745906088306
460,5393,"s009","m3",-0.102196130082223,0.17513299039575,-0.161660423664569,0.177639974994741,0.209314073233359,-0.318596288565133,1.46843479318494
461,5398,"s009","m3",-0.06621160405173,0.278393779571025,-0.0765057570540177,0.287142392963642,0.22178163688117,-0.362791698135108,1.37095374812539
462,5404,"s009","m3",-0.0345181030921727,0.150670314571956,-0.062828645304716,0.314366162226301,0.19732925556433,-0.296074693793108,1.59805457924655
463,5408,"s009","m3",0.0880800801286988,0.185719459356425,0.101916013733145,0.290814081863021,0.340203945167867,-0.382069541466204,0.961186495663183
464,5438,"s009","m3",-0.0341234823995809,0.122420597091909,-0.0419145988341187,0.183689109727932,0.237576656905017,-0.583250515208604,1.34536427578706
465,5439,"s009","m3",-0.122857973581232,0.0731179521209913,-0.0559428542241487,0.215870251019366,0.196440623061789,-0.91561498269177,1.67042189323972
466,5448,"s009","m3",0.031727289970972,0.288730156986503,-0.0295918371939119,0.286871627016748,0.132150176033754,-0.286898181295803,0.855240187578118
467,5456,"s009","m3",-0.0822757684240698,0.19422238048286,-0.0520000952596765,0.210398510232308,0.1725786460023,-0.507121711144046,1.21098453470257
468,5469,"s009","m3",-0.0116741279722924,0.142036848650575,-0.069507020802838,0.230818471846494,0.215650808844477,-0.530010960997846,1.51400428328168
469,5487,"s009","m3",0.0853677871663064,0.282287136139239,0.0644807915860722,0.285223122579892,0.378999072113872,-0.277614465218587,1.16475592671913
470,5517,"s009","m3",0.128177326902881,0.254347242819265,0.0275095376851409,0.348114706523223,0.1530029745234,-0.337484187916689,0.939686650873683
471,5532,"s009","m3",-0.055251012575235,0.260595800807543,-0.0707312828447596,0.276929333261401,0.166410584669194,-0.557387838741371,1.11197609878821
472,5547,"s009","m3",0.126418763652652,0.345548812661948,0.0229668139346334,0.433965011423967,0.135590090252371,-0.160483253057724,0.722352846621716
473,5560,"s009","m3",-0.0893540361373623,0.1539703635702,-0.031136107263882,0.279176787180317,0.226946005474602,-0.173297897212567,1.64751134372743
474,5567,"s009","m3",-0.082590924328726,0.176398276669799,-0.0915340771828575,0.24553568089671,0.163154627766795,-0.538937056435463,1.6934449515494
475,5606,"s009","m3",0.0711086912367856,0.210447651700184,0.122232743567773,0.293062344685627,0.33475946578849,-0.466154120850153,0.722891614748764
476,5611,"s009","m3",-0.000156849190597157,0.243676587333885,-0.0196178655695513,0.268388953523021,0.231690886355658,-0.291666197223546,1.29222651282358
477,5617,"s009","m3",-0.00926612581332953,0.179853278047784,0.0269592121482547,0.323942860792185,0.304620017093641,-0.53826704676099,1.2447414810427
478,5618,"s009","m3",-0.151527675982082,0.143685969710655,-0.122079608478846,0.243374057686026,0.110578885452513,-0.482969039975767,1.73670781896567
479,5622,"s009","m3",-0.0545784125545361,0.163427212614777,-0.0860132187061185,0.196041880297613,0.186100729084576,-0.395897786813783,1.44802870376433
480,5645,"s009","m3",-0.188409381562143,0.133135645971306,-0.111994552287145,0.138524127707343,0.236500304660327,-0.689742014483338,2.26396681812103
481,5649,"s009","m3",-0.087122763253561,0.145742405248458,-0.0943604794950176,0.293632062077003,0.188057876526161,-0.319282065941251,1.45585431473678
482,5661,"s009","m3",-0.0876960003098992,0.151223720599215,-0.0297244711016624,0.201869681152746,0.143486498379651,-0.718043366321624,1.56060386839719
483,5665,"s009","m3",-0.0749765101221169,0.272628443066151,-0.0147585267245871,0.213174720443574,0.225993337193736,-0.296682051400899,1.7046225703507
484,5687,"s009","m3",0.0337179346550773,0.233949130487976,0.130664812942652,0.205224411703424,0.340643034052717,-0.21430621137669,1.24009945496209
485,5700,"s009","m3",-0.0165768263413282,0.282895914412827,-0.00941827130540613,0.265173224884563,0.208112898358727,-0.375291137738755,1.41667332760093
486,5701,"s009","m3",0.0298577556108821,0.251131314093074,-0.131286918823995,0.235856368047267,0.228619474862644,-0.341219265274505,1.46524261265462
487,5710,"s009","m3",-0.0113909883606009,0.191726437824398,-0.00301616268085789,0.249208388528966,0.269015572817973,-0.622868711736343,1.38603251356959
488,5719,"s009","m3",0.0171929512963214,0.230481726407457,0.0485011850930993,0.183369668934316,0.257014298794811,-0.736839946724292,1.1393440216069
489,5736,"s009","m3",-0.110135369984194,0.0707216031150433,-0.130520571426474,0.168850176707608,0.121792102304851,-0.848900389359787,1.85031598262783
490,5737,"s009","m3",-0.0125737795153577,0.194524119732853,-0.0229101163615565,0.353362950778271,0.186970774701543,-0.206084407215427,0.921634315071294
491,5743,"s009","m3",0.064330737661257,0.22561922920707,0.150102297064546,0.188779293149067,0.375971221003678,-0.764976282426294,0.939324701369441
492,5749,"s009","m3",-0.0252822431843494,0.063934163098759,0.0537635898446403,0.276435048858535,0.24893447151573,-0.548767578023109,1.47402081117369
493,5758,"s009","m3",-0.024054670429978,0.159016101738276,-0.0829211499466718,0.184708143562847,0.138134338238849,-0.551078183498969,1.31923993821743
494,5814,"s009","m3",-0.00492400465743377,0.246742602486807,-0.0473923909699826,0.360438694864695,0.20186658701762,-0.262416999759778,1.41889509018272
495,5824,"s009","m3",0.0163865134826462,0.260372867506913,0.0667370061515556,0.229794574075606,0.268045830154837,-0.543895849258511,1.01784043340593
496,5867,"s009","m3",0.130559780420305,0.295463842342443,0.0860977042207329,0.361441485865625,0.360790917844629,-0.304194612184042,1.07663622683199
497,5878,"s009","m3",-0.0167502785512382,0.221912235150845,0.104158789631523,0.252981386318939,0.191614942887622,-0.261897208774552,1.13389848152878
498,5879,"s009","m3",-0.077083785169853,0.0818242894798372,-0.0616986490311895,0.252262853115275,0.0843951335625441,-0.740206586844256,1.84096667343117
499,5885,"s009","m3",0.133353223151818,0.331595405212839,0.093665234501694,0.389632560858324,0.308362882890569,-0.253524980067688,1.02679697680776
500,5887,"s009","m3",-0.0875729556981851,0.168186798920251,-0.0819670001699968,0.188702496434643,0.125399694919473,-0.466460994900896,1.50141696968453
501,5972,"s009","m3",-0.0193586885580285,0.160009902782639,0.0363860268477162,0.259390842770051,0.329939994008157,-0.528438097507133,1.41466621978521
502,5984,"s009","m3",0.0684304288830848,0.141794940806637,0.0202953887857727,0.312372278664055,0.253989985871308,-0.711688590309689,1.2765973798959
503,5989,"s009","m3",-0.0605926224695046,0.0896431428213549,-0.0484872416553977,0.256437218176177,0.259453247507351,-0.554022938302913,1.535299896571
504,6005,"s009","m3",0.103519559098094,0.204002248477428,0.0222268022062052,0.220310960251528,0.236247047397805,-0.402711711817782,1.02250307550184
505,6016,"s009","m3",0.0992274166544851,0.236089731360217,-0.0236733517865769,0.203384566777638,0.246705193904123,-0.473390683574379,1.3373972754521
506,6025,"s009","m3",-0.0746141768792088,0.21898821988182,-0.103644221847142,0.336181125343367,0.283538999306389,-0.310475772997338,1.52656500581272
507,6028,"s009","m3",-0.109017347127241,0.0817229566912806,-0.113071929959556,0.231087109425071,0.0739737844909809,-0.42398605846895,1.66758413340454
508,6029,"s009","m3",0.0201707329084347,0.264590144626024,0.0488530996085867,0.327245231571053,0.280018573581773,-0.260233764321239,1.0823623068484
509,6035,"s009","m3",-0.0294773183176936,0.209612122089003,-0.0250728528785849,0.300419036118966,0.119249154964058,-0.319684490741292,1.21838149488848
510,6044,"s009","m3",-0.063352045526551,0.154346472123886,-0.00200891546297732,0.226645714377623,0.197115116398264,-0.785858810246749,1.29314601318606
511,6049,"s009","m3",-0.0993226712249732,0.0906331329761374,-0.0899328326229787,0.187927956949881,0.125159289446263,-0.685649914961744,1.6008768485568
512,6065,"s009","m3",-0.0946517252862495,0.180440099035241,-0.0613482219406006,0.15281580356533,0.217862313345893,-0.510135649921394,1.7111316859707
513,6071,"s009","m3",-0.166925477347666,0.0896988911227605,-0.182951951111654,0.229115536691215,0.07225967941157,-0.719991216407371,2.00351757068288
514,6076,"s009","m3",-0.0911625793892546,0.0991364835923318,-0.0676516826983176,0.270938321054726,0.146643947513193,-0.506884183875636,1.55297273150703
515,6090,"s009","m3",-0.0178880562781116,0.125489179056578,-0.180780971301973,0.272933356077255,0.177711741864363,-0.425087379499605,1.40843794767626
516,6103,"s009","m3",-0.0402042524101918,0.0923831705059248,-0.0303894723724145,0.252771942053089,0.132510435873222,-0.681187160998074,1.45380887001277
517,6116,"s009","m3",0.0407272376351395,0.182906989003242,0.0216323252139378,0.304966199517754,0.180689669604315,-0.432412109450943,0.9016108263172
518,6121,"s009","m3",-0.131400193482085,0.0917150938208679,-0.0796294375326945,0.0935700792529736,0.0858960218271941,-0.609522459243513,1.81794691157688
519,6166,"s009","m3",-0.122908159250629,0.273658760514047,0.0139001747991933,0.302139096146542,0.145970142099409,-0.293408913115459,1.43433982832839
520,6168,"s009","m3",-0.00918667395672205,0.0655590743344023,-0.0407416914382872,0.23326090856937,0.260595586056338,-0.805077222352922,1.32805261194678
521,6177,"s009","m3",-0.0860920897570972,0.145384663781302,-0.0619923118506046,0.167016531554013,0.135314002098779,-0.570090612152757,1.28252306314109
522,6186,"s009","m3",0.0949728144267746,0.149009542720338,0.0362090892512077,0.155511048827067,0.318316970211148,-0.720566018141768,1.06762554614669
523,6196,"s009","m3",0.00450468401768809,0.0999150478057274,-0.0219895164300863,0.273405638736394,0.140322036743899,-0.437982879441645,1.40652559282124
524,6198,"s009","m3",0.0161215029593218,0.21169767899473,0.0562323274983195,0.307940004539515,0.242071976288624,-0.434132861993053,1.00297777083141
525,6201,"s009","m3",0.145282441223517,0.249502923233283,0.0536495280401323,0.374523893928674,0.284432517827581,-0.24127441572647,0.70991298909347
526,6215,"s009","m3",-0.0297778186516877,0.148409726253113,-0.124675014021365,0.223142976200471,0.106046043599545,-0.310420252879047,1.64017658570922
527,6231,"s009","m3",-0.0595385731332729,0.173009126115775,-0.0351468777343965,0.329522743530915,0.183626399576079,-0.459199699587834,1.44292644955453
528,6245,"s009","m3",0.0426650053134837,0.226620524527131,0.087282346287482,0.260423233690492,0.250251288095988,-0.510833686136967,1.07709074514828
529,6249,"s009","m3",-0.0137307942365348,0.17350845420953,-0.147488488637306,0.16560347020256,0.037483846201833,-0.6762322814737,1.27181842339032
530,6262,"s009","m3",0.01010116134974,0.194863953072101,0.00436127381503806,0.314019739520651,0.215889808071201,-0.305932685098581,1.15886663462359
531,6271,"s009","m3",-0.039365659740866,0.222002679314975,-0.0390263395743302,0.218143216307377,0.148929812373112,-0.408027817170366,1.49485110427231
532,6291,"s009","m3",0.00388795345431235,0.0495359795833489,-0.0278441261264678,0.201636739317779,0.187578365259862,-0.878212138728738,1.23423327731217
533,6299,"s009","m3",0.109797748006257,0.29176432732864,0.0657114219418096,0.275110433368223,0.336654610791324,-0.330117320163645,1.02232740615531
534,6321,"s009","m3",-0.0666960273014943,0.171048850452607,-0.100756118002192,0.126969985999426,0.182836285642088,-0.78545017700735,1.51457839206164
535,6331,"s009","m3",0.0182004284388822,0.186902605459373,-0.00412830201739057,0.280361927125933,0.128847894041718,-0.409181604055098,1.05279048372968
536,6332,"s009","m3",-0.0756526808680467,0.068214512168727,-0.0382301329781728,0.19819160823974,0.162733732118522,-0.634050567587667,1.51743201306302
537,6333,"s009","m3",-0.127335390244534,0.123819097118746,-0.0945243856826494,0.258724535563624,0.0870409731162221,-0.334622249592169,1.61514677291426
538,6350,"s009","m3",0.0500492597501555,0.224587641152265,0.104884497857592,0.277219412005833,0.271411727088366,-0.300540126540808,1.20423032932997
539,6360,"s009","m3",-0.133900385264104,0.16301923138614,-0.0650691418455273,0.177736893180056,0.138154426070148,-0.619233273636711,1.54437384543108
540,6367,"s009","m3",0.0995219228375397,0.267176382964761,0.18235611842573,0.30467073860389,0.319141476853179,-0.324833113672476,0.649663887799575
541,6373,"s009","m3",-0.0588250484345763,0.12173701201338,-0.0605533899369853,0.176099589353658,0.125228425697622,-0.772961397005841,1.64598798427884
542,6395,"s009","m3",-0.0929913784527716,0.127422669600996,0.0217861522412573,0.176875236931543,0.152923718937722,-0.648041564430285,1.35793280482755
543,6415,"s009","m3",0.10464073683505,0.220899044403683,0.155074076838405,0.373268513964987,0.290420304957199,-0.391146115279677,0.517937828417438
544,6423,"s009","m3",-0.0404931723439077,0.126399769086735,-0.0353289495249763,0.29767959117982,0.150971159038181,-0.473097627219769,1.51192949186222
545,6427,"s009","m3",-0.0564165178025742,0.297519002814733,0.019468448584426,0.205319519367204,0.249543290524282,-0.38556947197023,1.18413068614294
546,6468,"s009","m3",0.0212457497047423,0.239859009013054,-0.0334773269576349,0.169279320787508,0.223674042048216,-0.723137525269466,1.30378146962393
547,6474,"s009","m3",-0.0234732857298749,0.176114102532573,-0.0273538637037001,0.285550809808717,0.25889449189876,-0.586199079636206,1.32214291093769
548,6481,"s009","m3",-0.199244904245273,0.0475577504722396,-0.167222263799543,0.274093962554105,0.110720892091006,-0.561037615202814,1.85992945047181
549,6490,"s009","m3",-0.0502351708204263,0.128680845248373,0.0242226507397521,0.32176754308061,0.253523961907917,-0.526938966058638,1.12380992633457
550,6495,"s009","m3",0.055096681048475,0.173996018200841,0.119677760565867,0.370256643221308,0.293579212785674,-0.388666315675071,0.852602493040312
551,6500,"s009","m3",-0.00476381303179078,0.190442730889581,-0.0259098873071055,0.310630089273195,0.189990146358123,-0.370754809878076,1.38024887897878
552,6507,"s009","m3",-0.0135446532576058,0.135121268337017,-0.112177985908589,0.315862628047011,0.164581090364149,-0.708688474286636,1.5264644114548
553,6540,"s009","m3",-0.0773952570267707,0.237266592885802,-0.112811213269368,0.242931962826288,0.203904025897549,-0.192966030381749,1.60284197937036
554,6550,"s009","m3",0.014645021550187,0.274717363748159,0.0428441692317619,0.315685469259034,0.24432040934317,-0.406109151766723,1.08653261654581
555,6571,"s009","m3",-0.015810926692759,0.178382587122535,-0.138912796121726,0.285562679123395,0.0947383055485901,-0.387802760335503,1.34233169851261
556,6603,"s009","m3",0.00590750366788942,0.18762252375297,-0.0410958648978724,0.39319834413507,0.260570710048609,-0.287178109924735,1.40933997563941
557,6621,"s009","m3",-0.103068516488145,0.109075985038504,-0.123742250929511,0.134691282783365,0.268060432731282,-0.727005146829172,1.64555358977701
558,6624,"s009","m3",0.0133607508189342,0.181448512547161,0.00858775921167282,0.279363177125527,0.247258645592077,-0.438062122333703,1.0493309895592
559,6626,"s009","m3",0.0549327839247593,0.251537300370043,0.0314808530959841,0.337049445859728,0.257799887490925,-0.420927963861343,0.938935941685683
560,6647,"s009","m3",-0.047854382666964,0.196576017740307,-0.0455026062462697,0.238506715589098,0.0954128201676052,-0.39937911749325,1.31670137868563
561,6661,"s009","m3",0.0359997389713551,0.220378693475487,-0.0779372440644154,0.315164221132563,0.233152538184133,-0.087886796401417,1.371753914991
562,6664,"s009","m3",-0.0685425284747664,0.0479339619098714,-0.0652880375633871,0.100477185748392,0.113151041632603,-1.0943940407938,1.65629024160572
563,6678,"s009","m3",-0.137840746446455,0.108731904602382,-0.072169549832846,0.24186406324346,0.145637123503009,-0.45423528387591,1.88301865143164
564,6689,"s009","m3",-0.078106543199134,0.17185408527781,-0.0966658331033078,0.188357351901366,0.0934964206910484,-0.560351593195472,1.37555693382754
565,6690,"s009","m3",-0.0931243819107355,0.181370247372707,-0.0846123173904957,0.183486828526479,0.105029998714999,-0.59916752344286,1.48280908438492
566,6722,"s009","m3",-0.0376352486776898,0.0627352180671076,-0.0400994476410082,0.295492552296546,0.202340293604789,-0.439644102189848,1.43035425945649
567,6728,"s009","m3",0.0308582089947466,0.135281310558682,0.0268064622868481,0.271245488236441,0.22164491737584,-0.558236592981133,1.1848227249064
568,6742,"s009","m3",-0.0905415805160821,0.13936166472819,-0.056571079951404,0.12703978276017,0.0636485626244338,-0.646317425305707,1.81259410868736
569,6744,"s009","m3",-0.000647924019260683,0.195283634031126,0.05366023662058,0.189160813819091,0.24275410720256,-0.411618792200392,1.25910112673478
570,6746,"s009","m3",0.0141840856959087,0.0603664252823884,-0.00129127212404079,0.0426888521440647,0.279243701653889,-0.698159720465968,1.50024205415291
571,6748,"s009","m3",-0.0556254261896475,0.118633718480676,-0.0281363511085763,0.173334166450039,0.138701102361108,-0.658743823362086,1.54571067415658
572,6752,"s009","m3",0.0271321240597379,0.0627307337466645,-0.0157599074946208,0.282524438785214,0.0899676836015393,-0.860697947303014,1.09607912075358
573,6754,"s009","m3",0.00273230872566636,0.230782553612862,0.0158585853565838,0.308898153908904,0.264191239620676,-0.331619315711152,1.19127266157632
574,6764,"s009","m3",0.0749232706235253,0.294666371640813,0.0464175559361212,0.241983675577116,0.321011880267907,-0.433494169015145,1.07208705419041
575,6771,"s009","m3",-0.0536928582978029,0.163785118113092,0.0242945806327125,0.244311292352842,0.217427386653098,-0.216699993515658,1.33522030036099
576,6780,"s009","m3",-0.110304118279251,0.169252025797357,-0.0974650576722464,0.191548950949642,0.210236442596213,-0.479326990839517,1.69890111973227
577,6788,"s009","m3",-0.0322631781714622,0.285672853038195,-0.0970651903913277,0.299505205182647,0.0892901050757689,-0.406644161234769,1.2694079431412
578,6806,"s009","m3",-0.038959904141347,0.061508955072666,-0.0126590376814955,0.252683616517426,0.213801514571928,-0.568897844240177,1.43197667486256
579,6814,"s009","m3",-0.0641987247451913,0.0464535810606168,-0.072865835612489,0.231943167106263,0.18966408149095,-0.638759517000735,1.35836882383279
580,6830,"s009","m3",-0.0993019568213894,0.123235260490971,-0.0334542325106975,0.326695527075309,0.0601600449555482,-0.681601859689733,1.46337903015202
581,6839,"s009","m3",-0.00939047345864583,0.14102057271631,-0.0913938899193346,0.258631334659913,0.207777681807602,-0.409942916331605,1.34345979346116
582,6845,"s009","m3",-0.0837743012149569,0.118708123287516,-0.0284995513107556,0.197002293770022,0.219689616151381,-0.712173128219744,1.61624998916538
583,6855,"s009","m3",0.0551935069357264,0.149319064517203,0.0698241555811981,0.205304359931061,0.273116732118009,-0.734302000327746,1.17538160308044
584,6861,"s009","m3",0.0541818871470412,0.170173122628378,-0.0479599528601659,0.313984319770575,0.188964307444075,-0.400048627269558,1.434541755528
585,6879,"s009","m3",-0.0156119609669935,0.308447787967019,0.0126558340793248,0.358824152930486,0.337478239869756,-0.249407049342693,0.961446496540214
586,6887,"s009","m3",-0.00409008631708968,0.162735556990782,-0.0427627580627716,0.412861583825461,0.203260283864267,-0.233547418952728,1.46519312674275
587,6917,"s009","m3",0.0590712883916743,0.0211893006351353,0.00538393927987132,0.199712737941994,0.24028200559144,-0.768820985207762,1.50733346165234
588,6919,"s009","m3",0.0576628885196764,0.101265113609015,0.0201036645017774,0.302096408228016,0.26424068402524,-0.554751392404353,1.18328561283301
589,6923,"s009","m3",0.00866709914179471,0.242742592070086,-0.0567549965684315,0.206063457502545,0.190689790345177,-0.392579521403116,1.36897809000791
590,6942,"s009","m3",0.00709582490163047,0.161096782196361,-0.115241917978797,0.265758807853274,0.18814329137312,-0.522988174262403,1.4276557813603
591,6965,"s009","m3",-0.0530391849740715,0.0479012792157527,-0.0674006302390077,0.206936174712415,0.213998660833369,-0.466896891245609,1.66879077974225
592,6971,"s009","m3",-0.0223248199472871,0.0973699669732137,-0.0418609983238142,0.20463421690241,0.19162216795954,-0.548658843611379,1.1617280433153
593,6975,"s009","m3",0.0280387309889529,0.170918050134065,-0.109540988431223,0.17916860057333,0.10817331757191,-0.507236823934677,1.29765404612919
594,6989,"s009","m3",-0.0839470675477574,0.0499603689670558,-0.107605235447425,0.120983194312121,0.11163421546225,-0.705650188942983,1.79320987105782
595,7003,"s009","m3",-0.0936088661003793,0.189823477106932,0.026894901512108,0.342169930001814,0.216133599133423,-0.322821881090339,1.31719958479335
596,7014,"s009","m3",-0.0300887250815613,0.159858388500396,-0.074447446399727,0.203666705005936,0.148368397190136,-0.678482463964357,1.40685068403975
597,7015,"s009","m3",0.000162988799096532,0.137002053838473,0.0745743219291779,0.249440663771174,0.272845698926341,-0.610731963995041,1.26211163104392
598,7024,"s009","m3",-0.0275448269733027,0.154494002162541,-0.0417320439590357,0.249851447348898,0.131815713818721,-0.627666714345034,1.24012582913693
599,7027,"s009","m3",-0.0517163178356003,0.145900360448387,-0.0419591700680432,0.304896695292523,0.179590867734995,-0.36538143489483,1.27928339610741
600,7031,"s009","m3",-0.159750953165575,0.0745750197668897,-0.143101796330159,0.16335575039104,0.124911047376402,-0.597394821656902,1.68146589945109
601,7038,"s009","m3",0.0186679711941009,0.225915685065038,0.0400832010744174,0.409098128992645,0.187317071882691,-0.278175921980653,0.859364233236661
602,7054,"s009","m3",-0.0809954627672763,0.150274989403787,-0.0944811999543345,0.259239662412215,0.17133333732713,-0.844099449063336,1.49736903310348
603,7114,"s009","m3",0.0267618361589037,0.119109174279552,-0.0292017370913243,0.259925586039594,0.164452203455229,-0.65152067065278,1.34399901654302
604,7119,"s009","m3",-0.138288879574504,0.245898024504256,-0.0985762397356968,0.274285580601823,0.134003456281472,-0.296891991356524,1.6176423932216
605,7121,"s009","m3",-0.0439546723157781,0.176247219337483,0.0216833668332968,0.227522392128371,0.226715528487738,-0.442038582475434,1.47359413848744
606,7124,"s009","m3",0.0488157302180069,0.0857048924062255,0.024057167664523,0.0969646527183066,0.303259537364794,-1.13199738790191,1.09410121252556
607,7133,"s009","m3",-0.018781303613254,0.181423797756105,-0.032584834025924,0.187363359402085,0.204617493609,-0.823814320742969,1.27780777425083
608,7192,"s009","m3",-0.00882935559593783,0.102809172128105,-0.0909667357447649,0.184669283921558,0.0961193630197137,-0.486534385405989,1.63824640351921
609,7204,"s009","m3",-0.04879043003691,0.143559679253287,-0.117121041387364,0.317993981051159,0.129685155879405,-0.475712577480908,1.35051764889127
610,7220,"s009","m3",0.041093523522674,0.195548622135457,-0.0684920778096645,0.303314069770302,0.210283431554437,-0.302555879698387,1.32221441858919
611,7238,"s009","m3",-0.123167356595263,0.0767203465753618,-0.136692961005989,0.183059260899192,0.0786770871269173,-0.586001044642993,1.82456499452928
612,7251,"s009","m3",-0.0932869511521141,0.0259784874798607,-0.032918136392025,0.154528161969942,0.245301156836773,-0.637048693369305,1.58785694225995
613,7278,"s009","m3",0.0279839561865252,0.152529358689993,0.111875977633818,0.41155635008554,0.296010426426351,-0.460351079946635,1.04235102174935
614,7297,"s009","m3",-0.102058453269302,0.125300374265614,-0.0119577812486723,0.234060919429955,0.262384463905434,-0.9938272287957,1.48283008174582
615,7329,"s009","m3",0.0430355911988777,0.230364202710808,0.0906462174114703,0.348397327119688,0.336523206782682,-0.299181348140813,0.942306423001977
616,7341,"s009","m3",0.0373002065298946,0.163941581615845,0.0637032176998617,0.2292355685793,0.267239638983098,-0.572894502328615,1.25857263629981
617,7347,"s009","m3",-0.0419520186826076,0.098089035273564,-0.10427585014421,0.196859549486899,0.159395786773458,-0.495865093803309,1.50547885809894
618,7357,"s009","m3",0.0600759191228724,0.151264767830491,0.0861581214151716,0.348902266469161,0.156207371374821,-0.400123652910163,0.974896754462171
619,7360,"s009","m3",-0.0354579477671515,0.271014935890932,0.0112271036327055,0.285933361245394,0.215164877696965,-0.227020815966062,1.32622259597514
620,7361,"s009","m3",-0.174258520773144,0.159740836720912,-0.160745257093345,0.227882322628905,0.0692484520129987,-0.410986555732063,1.6828334939457
621,7377,"s009","m3",-0.0512710996639407,0.104602111157492,-0.137279082154467,0.239104913510022,0.119685652476679,-0.570302136046884,1.52062726811194
622,7391,"s009","m3",0.0754455425377227,0.27095296593691,-0.0256076588275697,0.273248551336359,0.262044504579904,-0.24643200652555,1.33620759459884
623,7400,"s009","m3",-0.147594820592722,0.150418170227729,-0.260520400921242,0.120732426462329,0.0953041147033891,-0.677762261689267,1.66325735145174
624,7440,"s009","m3",0.10811939421754,0.135774832250298,-0.0421965159521438,0.285590578979459,0.290909235877501,-0.499654457085769,1.335046352092
625,7448,"s009","m3",-0.0658281157058853,0.0918185677001273,-0.150139908110931,0.239891250872358,0.185232160514646,-0.722087963276307,1.80022318790468
626,7454,"s009","m3",-0.0553472507081651,0.171771689072634,-0.0562360745021194,0.213231669958464,0.228450556573317,-0.580745090225636,1.49097450042721
627,7460,"s009","m3",-0.0686883456243949,0.126766685019606,-0.00377412346309956,0.240729308111959,0.265014092811293,-0.454404333443096,1.38334900382312
628,7461,"s009","m3",-0.0287882221810138,0.235355678149773,-0.0654751163610068,0.303516462915462,0.237595233802684,-0.244472255386847,1.28153754269871
629,7462,"s009","m3",0.0218655933119405,0.182200492259232,0.00316072590254767,0.293632568787508,0.333341728286764,-0.397035116165469,1.44705138559978
630,7473,"s009","m3",-0.130868090173853,0.129940210864345,-0.0532795807281445,0.164233997829664,0.194436465770559,-0.68804309890871,1.39081554197015
631,7489,"s009","m3",0.0167526114361566,0.137153775579004,0.0281159012696835,0.318389730972059,0.225953933616013,-0.509629883320818,1.37066937345647
632,7503,"s009","m3",0.00177882798262274,0.111575291669172,-0.0468807751509296,0.206118674719079,0.196339442017944,-0.817084533651304,1.33398663567304
633,7504,"s009","m3",0.0055431640178506,0.145381486134202,0.0127414506937631,0.334808806992031,0.231246028216021,-0.49458566892263,1.29303780683821
634,7521,"s009","m3",-0.126298971773283,0.185425818711116,-0.0191884264423322,0.379510947419675,0.317505310163873,-0.322924902582997,1.61276337449865
635,7528,"s009","m3",0.0243387620383735,0.0148941649441404,-0.0642159579307315,0.24332722834865,0.228196527953574,-0.587051015892513,1.52845357821364
636,7532,"s009","m3",0.0220049157768263,0.195334448434714,-0.0188962215793545,0.258812648015475,0.138305674574749,-0.294695870697967,1.31759358183209
637,7545,"s009","m3",0.0538118224263029,0.282912782599457,0.0196654490816337,0.268211534108406,0.215248893558008,-0.232989343346961,1.17426317354845
638,7552,"s009","m3",-0.116585883408393,0.126997631632043,-0.160723778804584,0.202898353140804,0.133030247002929,-0.654590318237383,1.93312905155934
639,7591,"s009","m3",-0.0850618934896807,0.120021813822287,-0.159949653434603,0.241091880112035,0.176732710320973,-0.699557497481868,1.87456230399833
640,7592,"s009","m3",-0.0601516755720278,0.103237935755386,-0.0950497921227216,0.208548724058697,0.176589957425546,-0.5206213128714,1.32566931155503
641,7636,"s009","m3",-0.0850825684068469,0.154225200851428,-0.0414981565302917,0.227947495763926,0.154604106360224,-0.463893958340712,1.68459989553502
642,7638,"s009","m3",-0.149248200891824,0.114852746907743,-0.132890801291547,0.218473558937794,0.0590993600126839,-0.524493875725037,1.47099623187008
643,7662,"s009","m3",-0.20857837679806,0.127490301649787,-0.184676026756911,0.185608588126877,0.113727693443686,-0.401471219340736,2.05168081235325
644,7666,"s009","m3",0.0886823868886466,0.179064944907814,0.072038632188407,0.248169722426572,0.18213347816244,-0.347002004326932,0.986329424570989
645,7668,"s009","m3",-0.0396914060443264,0.179892624478479,-0.0706065661134936,0.215518658405524,0.230459431044935,-0.564492119986933,1.4939012305966
646,7678,"s009","m3",-0.0311053871662642,0.123302711182851,-0.10965841577206,0.258394468183385,0.133460577887655,-0.453787006145477,1.69037573532826
647,7680,"s009","m3",-0.0952445357846047,0.0764119691823381,-0.0989618221223073,0.263713343896582,0.0903311418872377,-0.730650032514585,1.58337717186023
648,7683,"s009","m3",-0.074354219088617,0.158979545007555,-0.09381416448983,0.158612605090478,0.158050958224313,-0.657897827839592,1.73447208211953
649,7686,"s009","m3",0.148082898875785,0.293257420303563,0.132337524096347,0.336163054904694,0.375691046353749,-0.181963019447567,0.674866928146466
650,7689,"s009","m3",-0.0123084915718831,0.156572256618881,-0.00953259704748223,0.286823754445416,0.220151868405254,-0.451796492397408,1.35988212269629
651,7694,"s009","m3",-0.000659918866812508,0.262545154390926,0.0106298203039405,0.324366054562788,0.27120269589863,-0.335639637833083,1.29930312006085
652,7701,"s009","m3",0.0573841356585913,0.249799590832043,-0.00732451543144366,0.237653409811979,0.202074676053387,-0.397738399908637,1.45430326357869
653,7704,"s009","m3",0.0503790812832546,0.184730761023275,0.0644931184950177,0.267460780685246,0.283014049877222,-0.311913128680773,0.97505090845569
654,7706,"s009","m3",0.0292546056670094,0.207761943881578,-0.0119692708464375,0.271411612148655,0.155849718597536,-0.495890266715333,1.26364108874007
655,7712,"s009","m3",0.0832052771755152,0.22284022716283,0.133901843864719,0.309304458266215,0.319149081934337,-0.350463625827146,0.99439472285725
656,7725,"s009","m3",-0.103403939484863,0.103581877060109,-0.10966437681261,0.138618090190545,0.208733563184915,-0.487084728506194,1.71572862722789
657,7740,"s009","m3",-0.0664591007506877,0.0993498535373185,-0.116231942458887,0.18032316036704,0.284655984823457,-0.65942242575119,1.51982834962165
658,7754,"s009","m3",-0.0698032343128249,0.0664830495842883,-0.0292677313774204,0.123816197422321,0.243072887114768,-0.626688821724452,1.7324667500565
659,7780,"s009","m3",-0.0921299110176778,0.187383564510098,-0.146191783212822,0.300975184126616,0.0458463484671687,-0.495932989204655,1.47376708235715
660,7785,"s009","m3",0.0406852165748987,0.150720035724479,0.0275888210011465,0.367209494812151,0.322265416226906,-0.356376680763455,1.20683894754105
661,7788,"s009","m3",-0.108981979116111,0.152301312020424,-0.152812948245927,0.159058946147542,0.0280630343370879,-0.488710392132912,1.76525597159284
662,7789,"s009","m3",-0.0364989236496396,0.133794858505437,-0.0737456583243392,0.202222014547086,0.169660647202061,-0.642321887994243,1.64141778193368
663,7791,"s009","m3",-0.0499081108161213,0.217379402855671,0.0353069968541436,0.215564869947394,0.354966941509326,-0.55431746986621,1.52770045897137
664,7796,"s009","m3",-0.0501742030023329,0.120628544785869,0.0257810757937072,0.251468687618069,0.108152204216599,-0.545301462777555,1.25851787165914
665,7802,"s009","m3",-0.0505549989078137,0.05320895406346,-0.0461554583554989,0.140829130991798,0.0405926417053226,-0.718387027271951,1.29873076945481
666,7805,"s009","m3",0.103543992769591,0.176992127319762,0.0888562903863884,0.230498475046385,0.333167584444445,-0.501366197073632,0.99868051950324
667,7837,"s009","m3",0.0529023800141089,0.21758591388249,0.1010632524833,0.326568554229281,0.34656200474329,-0.327619489901436,1.01393678052974
668,7846,"s009","m3",0.192340522940243,0.26975992287927,0.114547580322368,0.341556291876594,0.442434206239628,-0.279345169280142,0.947633072872986
669,7853,"s009","m3",0.056353792381251,0.269823916612379,0.00392205677006454,0.25769083114082,0.295498443445379,-0.497375302319868,1.13411755032667
670,7854,"s009","m3",-0.0836027497561449,0.109307389467273,-0.12200557142791,0.202897237823346,0.174764791023204,-0.538809334726288,1.8166849560225
671,7856,"s009","m3",-0.11040185489405,0.239385541540179,-0.0579696849426626,0.316436836465528,0.199385873889563,-0.49770600449082,1.56589102588812
672,7872,"s009","m3",0.0951207192054886,0.217816825521714,-0.0131671775546639,0.338893626586977,0.192379992276339,-0.413676918598883,1.23456867946779
673,7886,"s009","m3",0.0549654072004519,0.18870580218346,0.0495215736817819,0.34193380383053,0.151622803887636,-0.380922177875979,0.841897603838018
674,7888,"s009","m3",-0.0152649126526397,0.185233350394284,-0.0279726727854459,0.253458942136729,0.0963748741324275,-0.561012635685567,1.05778865223601
675,7889,"s009","m3",-0.0641578594450233,0.201309696939504,0.0860424570304216,0.230112627788224,0.292081184119207,-0.558511630353449,1.25027972958864
676,7909,"s009","m3",0.124394918511617,0.263955933865509,0.129947790119194,0.335616348351083,0.340214025167051,-0.346964346489695,0.716004618344256
677,7912,"s009","m3",-0.0153578196666259,0.211730210799654,0.000414147539988335,0.310950838561682,0.318641515657091,-0.173383149909592,1.3808186143126
678,7913,"s009","m3",0.0928562391005366,0.147947693535146,0.069393141994464,0.254599246814854,0.243101403784815,-0.628563312332366,0.913548467215933
679,7929,"s009","m3",-0.0309901705197332,0.194104920342694,-0.0159853023160019,0.293097263424882,0.222606347639741,-0.409018158358753,1.37391849658913
680,7941,"s009","m3",-0.00395423817587539,0.153779154104627,0.0357791460853647,0.259403343730071,0.310749965235494,-0.625156806264813,1.2684981628431
681,7959,"s009","m3",0.0145583554913168,0.160951809376704,-0.0121565055851023,0.207011535253469,0.326738861161614,-0.7164832886516,1.23339595366691
682,7967,"s009","m3",-0.0666229736183423,0.166497170132376,-0.0198464808338859,0.174718583312819,0.193386521235518,-0.420817314884442,1.60309649432724
683,7968,"s009","m3",0.00117111116305737,0.0345430496154105,0.0373961787815743,0.203711775092047,0.338340630322887,-0.981181303315153,1.08117710647416
684,7979,"s009","m3",-0.0646066866156542,0.303846187652495,-0.049569171048488,0.349258079386259,0.2002340054026,-0.0720387936698546,1.25571533856454
685,7998,"s009","m3",-0.0839064879946653,0.13370330247102,0.00557320435529145,0.193429201836481,0.203291552596617,-0.664331669242337,1.36452917785617
686,8013,"s009","m3",0.0676481287943994,0.127619876278326,-0.0089560621492043,0.193016439069896,0.38077838246743,-0.716126696410572,1.28475930948718
687,8048,"s009","m3",-0.137917572700997,0.175008791552049,-0.0801795941694728,0.215717923266793,0.0783360241154272,-0.616863467528593,1.6589005511578
688,8057,"s009","m3",-0.022379929167452,0.260080761714774,0.0282741923028418,0.214674839543452,0.333767641091509,-0.548872350884437,1.53730104985765
689,8074,"s009","m3",0.0318849143608853,0.169345736566228,-0.0174981115537219,0.271541114777865,0.26684329736759,-0.59735815101234,1.38591306577086
690,8091,"s009","m3",-0.000365360062285963,0.263683026808693,0.0401903259865512,0.321921176529095,0.218269877109537,-0.314022995889932,1.10143621228866
691,8113,"s009","m3",0.0258937309975198,0.23395711546581,0.0740851527149596,0.368605272685574,0.125443835699273,-0.219876715756206,1.24430301788057
692,8114,"s009","m3",0.0533192741079647,0.35835998831861,0.0768541792549152,0.251150022003526,0.188948176564799,-0.441704383362693,0.679992196401345
693,8128,"s009","m3",-0.00468066544906541,0.0949311939385332,-0.0420318956142295,0.17243010447196,0.240163354741016,-0.551817632091281,1.50810585008869
694,8135,"s009","m3",-0.00735368288145041,0.141476013177958,-0.0697384248215006,0.286391933038965,0.138294159067251,-0.530758991175626,1.19276399289513
695,8147,"s009","m3",0.044559859303829,0.228190756493136,0.029887181257831,0.281859658922364,0.374207485980916,-0.279645065564563,1.27831678860273
696,8157,"s009","m3",-0.00235026977919667,0.226153871813795,-0.0546222681899812,0.122232045175182,0.233526163197366,-0.70452344993881,1.27044998793754
697,8190,"s009","m3",-0.00317642952348411,0.126778265934656,0.0347817241293165,0.269383063896775,0.217891158610866,-0.545386558691929,1.08549903212792
698,8198,"s009","m3",-0.0301079727084562,0.193647926072983,-0.0234066470695319,0.308538774992966,0.15491929470814,-0.381863454126255,1.41392408227276
699,8210,"s009","m3",0.0715201442845511,0.297770004716748,0.0876945388089013,0.425354839773973,0.31155918009945,-0.224227553731146,0.886841558977676
700,8238,"s009","m3",-0.00121002022156407,0.164694477389547,-0.0288633148879233,0.306076211332171,0.250818331799435,-0.466613422507773,1.51140505295396
701,8241,"s009","m3",0.128400434002384,0.195879353525811,0.0710464996343538,0.346447012047026,0.316734330973939,-0.541180382753052,0.970783214179651
702,8247,"s009","m3",0.0863643000643425,0.167275850062632,0.114768449940228,0.319913141109723,0.33275922115291,-0.580502565220041,1.18855663493617
703,8249,"s009","m3",-0.095187599953866,0.1386495800614,-0.0477519549965648,0.137184354340132,0.146417906285606,-0.637616406763586,1.48693042057921
704,8263,"s009","m3",-0.173203004942432,0.107086534165544,-0.115938608780317,0.260960546398349,0.0530129596763882,-0.554126664666239,1.72996398419325
705,8293,"s009","m3",-0.11009531232199,0.130143150676539,-0.0925212371931943,0.279442874093576,-0.0118843509568789,-0.719205938109764,1.40423897188021
706,8345,"s009","m3",-0.0275413364911176,0.130556565252375,-0.0470886228698849,0.141351461804258,0.227164477502992,-0.654537539210977,1.40157370670034
707,8364,"s009","m3",-0.00246303170738345,0.235600557580762,-0.0906501246055877,0.303609362163205,0.219530275699013,-0.473626857467505,1.20828443685948
708,8378,"s009","m3",0.0365286745528562,0.223037726272734,0.00130484281051369,0.296897308204076,0.160457500497476,-0.351529539404815,1.05019283891494
709,8404,"s009","m3",-0.0706839665606103,0.114825707637866,-0.0698484405506415,0.242617795604184,0.0873287108837493,-0.612251469286648,1.25858870313527
710,8418,"s009","m3",0.00911939129330314,0.310228159852461,-0.0295597477582941,0.331166647405158,0.182019421902718,-0.170977733144919,1.15755351907066
711,8436,"s009","m3",-0.0348299274112496,0.100184905806009,0.0494550190504064,0.215263371163256,0.213192262523853,-0.48652562511154,1.47732124586696
712,8445,"s009","m3",-0.0268502689547779,0.0653922615312397,-0.0249300963284747,0.147103756802475,0.239205095372039,-0.657724831668813,1.53563666060431
713,8446,"s009","m3",0.0229060018589191,0.206634988208697,0.00969621778288669,0.349553070816246,0.272439663599081,-0.296152631554445,1.37449699881105
714,8461,"s009","m3",-0.0717837857607991,0.170496245369087,-0.109116216731092,0.22380377145701,0.169583466923777,-0.726887027494824,1.48557344185379
715,8466,"s009","m3",-0.08903783998067,0.149506363942749,-0.131586417064954,0.22595077515058,0.0243514792493876,-0.492142126104581,1.62632170998567
716,8480,"s009","m3",0.0289851007954003,0.162383201600065,0.0609163633764189,0.254662096774072,0.227336964436062,-0.470221687997455,1.23981324165775
717,8493,"s009","m3",0.00620243792854566,0.0913198924628016,0.0434174371324038,0.224624879436319,0.369902994923742,-0.534575719427029,1.37961630170411
718,8511,"s009","m3",-0.163372837559668,0.222680489550428,-0.0764512122660938,0.227493604222073,-0.034720334547617,-0.503475898105889,1.67610419159819
719,8515,"s009","m3",0.118749006397701,0.279477746021232,0.0784249522058368,0.371550086757953,0.282319363481332,-0.247804339009798,0.865075969698426
720,8522,"s009","m3",0.0240788010381181,0.191840329393234,-0.0371469994537927,0.338015532884218,0.215494358411963,-0.300717726306964,1.12696703031174
721,8527,"s009","m3",0.20357084763068,0.329336879891356,0.136501453812349,0.355962324111405,0.278603388705287,-0.4458220258341,0.381703533603608
722,8535,"s009","m3",0.0153509850422257,0.196224776516945,-0.00842338489313025,0.234721963005605,0.134523380677263,-0.348874665221028,1.31579955590134
723,8541,"s009","m3",-0.0584603781589748,0.129310344866858,-0.0829647135420826,0.229492146981386,0.223211046721659,-0.369725619628224,1.57401399028338
724,8545,"s009","m3",-0.171549517448431,0.173171094118024,-0.0882772788078735,0.284598113466921,0.151519031396412,-0.437138360685909,1.57095901145704
725,8547,"s009","m3",0.0437672839344974,0.268220424089473,0.0247960863806257,0.28894036185434,0.214050154132056,-0.115553152975992,1.23553579479175
726,8557,"s009","m3",-0.103180540252963,0.0836397284294824,-0.160041762044162,0.00328908442398761,0.0395875689030467,-0.603740922039756,1.94629966349219
727,8562,"s009","m3",0.0975962980155265,0.243254535935039,0.0584870316929651,0.316456866279051,0.294431201330139,-0.259852289361823,1.04851959166039
728,8569,"s009","m3",-0.10997984779672,0.13194704384644,-0.00660910497365292,0.240051663657394,0.129023478288384,-0.708368274005764,1.56014800657596
729,8572,"s009","m3",-0.00959706173593303,0.152661349465452,-0.0471679076394703,0.216423993514745,0.192592410532186,-0.454709043852046,1.60737677496877
730,8574,"s009","m3",0.0986994192801132,0.263256671335509,0.0130862964385559,0.331030960493671,0.290165299959108,-0.372209889508757,1.0233729239744
731,8577,"s009","m3",-0.0609280222685874,0.0856300763552633,-0.103523136571578,0.199674836106359,0.0989325670488245,-0.526722120785961,1.4486354818886
732,8580,"s009","m3",0.0399527594432379,0.217948827821068,0.109127545540553,0.204454907113014,0.300871857298918,-0.524817520093375,1.15069611278255
733,8585,"s009","m3",-0.0237315659770941,0.175823225538631,-0.02355279500659,0.22394961919214,0.190291633984005,-0.377214864315792,1.2787810740954
734,8602,"s009","m3",0.0292433055648383,0.109335148001449,0.0154831478739279,0.237719357250302,0.37356876229731,-0.389102233340899,1.30775426764502
735,8612,"s009","m3",0.0235726147488243,0.310134868780887,0.0390014867865961,0.292477074395112,0.206637225330482,-0.437103448360679,1.02468769925871
736,8618,"s009","m3",0.0628211914047386,0.210870257710031,0.10519331045065,0.243170208169661,0.306375421514483,-0.199425413512183,0.984375781429493
737,8623,"s009","m3",0.0840097203176945,0.261829403841095,0.147713649721734,0.332028785294652,0.355013752413295,-0.381020040799341,0.894876188232695
738,8650,"s009","m3",-0.0278078380314102,0.209754194595315,-0.110338764796972,0.289771697434395,0.23454059778975,-0.435968914491097,1.42334492245532
739,8654,"s009","m3",0.0718442754661879,0.190400200550251,0.159600178563468,0.271712405191882,0.388942960519399,-0.270570810615989,1.14128391759395
740,8662,"s009","m3",-0.0714815583563741,0.150803355899979,-0.0201106443084296,0.237971491375576,0.214823942537624,-0.680249859033588,1.46231804687959
741,8693,"s009","m3",-0.119243085794839,0.197963765985694,-0.0779149638240536,0.112729921099386,0.148504228298147,-0.489465341851617,1.48529344593657
742,8704,"s009","m3",0.100633937277297,0.268391706526713,0.066578420856112,0.307634345249772,0.384459994459976,-0.326624316261701,1.17231629832207
743,8732,"s009","m3",-0.0733859669734952,0.262864992657672,-0.0543992003349628,0.279832812241745,0.173080339826701,-0.348554135837,1.43942717068128
744,8746,"s009","m3",-0.00610118320382718,0.20280700774234,-0.092305181530071,0.350238885827948,0.00714067521677735,-0.491544348596528,1.12856302827587
745,8753,"s009","m3",-0.0963822620801676,0.0816354393237989,-0.0103604731297608,0.249062432816364,0.188388841532494,-0.585116277137658,1.34932110125648
746,8757,"s009","m3",0.052988673954411,0.128513228416295,0.0804686851058214,0.282202179584926,0.390707480213071,-0.52751876991648,1.09819177152159
747,8782,"s009","m3",0.0203447430443948,0.140141397542011,-0.0480343548212212,0.222205952814803,0.215144457148761,-0.707742534102547,1.18737364660552
748,8785,"s009","m3",-0.0885144481568649,0.141714590679056,-0.0784342645575532,0.270841915370708,0.253956490883981,-0.868746802105868,1.5694299646577
749,8791,"s009","m3",-0.0794894073135639,0.096655292674415,0.0310758112329739,0.258151221408984,0.23281726684936,-0.614437912292923,1.53981187210427
750,8802,"s009","m3",0.095842634095099,0.280022904225916,0.119786636551366,0.373116652404365,0.264688371238418,-0.257218228454662,0.751945535885435
751,8809,"s009","m3",0.000276636307940753,0.171913346591544,0.0616611134855149,0.3818123442008,0.370102786441547,-0.526492210190507,1.23060077234637
752,8817,"s009","m3",0.0172795854888448,0.141046857520577,-0.114588072960866,0.240257036144483,0.281045840353177,-0.34353731395701,1.38870730369524
753,8818,"s009","m3",-0.0266300705581582,0.267137314749422,0.0305971866371198,0.36153377609216,0.251718080152314,-0.133448103417182,1.13023923654471
754,8827,"s009","m3",-0.00169610239832557,0.162562013134059,-0.0148589956261426,0.239903224977914,0.213690286792234,-0.561052106411283,1.29947646708688
755,8831,"s009","m3",0.00513128970051448,0.129653886633535,0.0477368787333928,0.386678496778187,0.278147772013053,-0.657602945408875,1.17668402777198
756,8834,"s009","m3",-0.0380975446538374,0.142296583914248,-0.087582064373335,0.276047335261868,0.253711071339509,-0.492731682492905,1.60739193721716
757,8850,"s009","m3",0.0284553991973777,0.257556083551333,0.0433186036795724,0.284360929350738,0.282262589556994,-0.347702813692691,1.16237499624027
758,8855,"s009","m3",-0.0124212791717441,0.3519461578915,0.0375932496747506,0.246442378038336,0.268760245966828,-0.208803422959075,1.17145736162621
759,8861,"s009","m3",0.0628281702914242,0.196701143999347,-0.0485129548040801,0.350808186955447,0.15795885476535,-0.259690089369589,1.2586376970285
760,8864,"s009","m3",-0.0550113223929125,0.162324350968194,-0.0507677864311297,0.326350898863299,0.224902570740773,-0.330765947097475,1.32520921810849
761,8878,"s009","m3",0.00731880858279917,0.238932506164926,0.0453660488673517,0.282674735399771,0.302161370777249,-0.336577871286028,1.34699698861128
762,8885,"s009","m3",-0.0331576390283041,0.17524714294881,0.00372030912460056,0.29809700044173,0.344106540154253,-0.483066835301188,1.22809850835853
763,8941,"s009","m3",0.136444835339116,0.286988548611639,0.0932276843595307,0.305629703699587,0.359190611470957,-0.200553736104391,1.01308076025713
764,8962,"s009","m3",-0.0712675422137047,0.20246877768088,-0.104227931658679,0.168921720954181,0.177614459064185,-0.56967448267029,1.65294608924274
765,8966,"s009","m3",0.0645218522949998,0.213947102876042,0.0722682563326115,0.369329110571837,0.29495286690449,-0.352985449140765,1.00707176240972
766,8980,"s009","m3",-0.20609895444374,0.0691230043418912,-0.150539003336607,0.12646038596429,0.0778526327872338,-0.737869597784184,1.91969281235349
767,8995,"s009","m3",-0.0889212643294838,0.142241365349184,-0.0967305392752521,0.173038688434502,0.209719789438567,-0.39348270629627,1.56168345038609
768,8998,"s009","m3",0.0763685665826752,0.203973729504895,0.0538709035064545,0.362961129446284,0.418277271674907,-0.56205805614852,1.2055627015685
769,9003,"s009","m3",0.0619664113659205,0.0987855436901123,0.0410645405527559,0.19940305926785,0.304956899258845,-0.726370453907605,1.4964890185275
770,9026,"s009","m3",0.00875745840025095,0.270855606700944,-0.0673388642772454,0.286824055809304,0.200522792750026,-0.325152024232713,1.25633828675686
771,9030,"s009","m3",-0.00923593233309722,0.193790268965077,-0.071807743634917,0.173853736880074,0.207185554503136,-0.28781101728756,1.59879184110337
772,9041,"s009","m3",-0.0159135897275837,0.184352385191469,0.00720679649682296,0.298748558544107,0.295156764711555,-0.39264617530826,1.26228684783793
773,9065,"s009","m3",-0.0652241226853242,0.146708432199771,-0.105295590602952,0.0952159581195942,0.179746420524398,-0.46195094226052,1.72368693663576
774,9068,"s009","m3",-0.0905452286366921,0.153896245819346,-0.075531348091956,0.335881601916768,0.138580008442685,-0.518163620877062,1.69916217649714
775,9076,"s009","m3",-0.121713696584448,0.137055371821598,-0.0667830435161157,0.193425423328229,0.150009081189277,-0.603877245008044,1.51783625022692
776,9079,"s009","m3",-0.0269222701648885,0.145377079079371,-0.0930536764952803,0.280332899007652,0.0702518729752612,-0.45880026556361,1.41525180478038
777,9088,"s009","m3",-0.0688302322078231,0.108073763979709,-0.046686109507193,0.184254165272835,0.220349086738718,-0.536726711009359,1.25292679739999
778,9092,"s009","m3",0.0392470009224568,0.162372597800957,0.0901514346493371,0.348122135691107,0.188043796394695,-0.440617539194959,0.954206287899413
779,9094,"s009","m3",-0.11338230276541,0.167412639311032,-0.0290269905545258,0.238021514994362,0.0963884564395432,-0.547847679219221,1.29691590456272
780,9096,"s009","m3",-0.0610166328309681,0.200775621831543,-0.0393998686643897,0.27574855976417,0.0812411606858072,-0.428898518330487,1.27577803765504
781,9106,"s009","m3",0.0837393101797353,0.214065479052406,0.0946118950655514,0.161924973913579,0.285123126616502,-0.579128690328431,0.882638723056289
782,9117,"s009","m3",0.000105373494194052,0.143196891037504,0.0589718299305448,0.209994499493915,0.257459456635729,-0.6293082480855,1.3221775907632
783,9122,"s009","m3",-0.0316413450410322,0.210847902602203,-0.0331446962163253,0.234662205572894,0.180240255382467,-0.215045456590356,1.25006090100899
784,9124,"s009","m3",0.143706486791126,0.213833593390646,0.107777870787035,0.326790228505264,0.298117135690581,-0.275788277317325,1.12427637108352
785,9127,"s009","m3",0.0352478367777727,0.292946898472596,0.121662305051232,0.25775900233432,0.324372083894765,-0.248266761863284,1.01355258048104
786,9134,"s009","m3",-0.0254891519929126,0.141561241423,-0.012821347457804,0.235403810392408,0.250454139510079,-0.603232984214478,1.3755802458693
787,9136,"s009","m3",-0.042334021223186,0.251943659631765,-0.0626680675377388,0.342506632362839,0.191603611482121,-0.298346455294691,1.38004558075573
788,9137,"s009","m3",-0.0247393334766927,0.134031061636389,-0.0668965297761818,0.207001234482458,0.252039943165713,-0.545624182874862,1.64610380811106
789,9156,"s009","m3",-0.0641866258370347,0.147007387956173,-0.0433159330122251,0.306750248374071,0.281981624803633,-0.405980869463369,1.76969995559289
790,9169,"s009","m3",0.0101272280443025,0.165610516722197,-0.0410336016985773,0.216282066568376,0.306757708024117,-0.69003306052994,1.21435553345795
791,9182,"s009","m3",-0.0272751960030735,0.121914374351067,-0.0642940740114608,0.270867878068546,0.211619631000511,-0.582145638945028,1.36770293597698
792,9190,"s009","m3",0.0159089105214103,0.139873521101718,-0.0548327729877772,0.325987439038863,0.157307639779962,-0.423884602370976,1.26548628687598
793,9195,"s009","m3",0.0150878471382761,0.16366246912564,-0.0531370555800187,0.207235952869691,0.21115901790296,-0.412507012507364,1.51660946405387
794,9196,"s009","m3",0.0676969608695266,0.137768035312596,0.0328865299740784,0.238740288638564,0.207077914069695,-0.650287670886922,1.00448227632923
795,9198,"s009","m3",-0.0158606722172779,0.220399792012163,0.0537050468791611,0.316178621552831,0.211432915366597,-0.458504134394711,1.20384423046173
796,9236,"s009","m3",-0.0186352249753759,0.284821204401626,0.0503095391510197,0.251712142567994,0.217423078016129,-0.396760176635844,1.20091332041215
797,9246,"s009","m3",0.167883011084071,0.301832198324757,0.144807868460908,0.337766303859504,0.352534576250293,-0.294326370312497,0.904560800273022
798,9249,"s009","m3",-0.111104422956799,0.231010385381199,-0.0908760942027163,0.20876822167686,0.0638967790842411,-0.527578889421673,1.52889435359098
799,9270,"s009","m3",-0.044525552456324,0.156717269531994,-0.079645383527671,0.255229060719122,0.271641544077492,-0.605905192648079,1.55718673454474
800,9272,"s009","m3",-0.0964039660560817,0.140154671968985,0.077047517434898,0.24878295530087,0.189864530922153,-0.541625603027264,1.17090852434948
801,9284,"s009","m3",0.0424484757895314,0.0836516176724467,-0.0106677205903175,0.243087428530917,0.351219289247706,-0.575829920892916,1.51254763705356
802,9285,"s009","m3",-0.0309656430110729,0.124205529778423,-0.0182031634821353,0.320453876813022,0.189445529318021,-0.361016934276132,1.50432675854864
803,9286,"s009","m3",-0.109851904504003,0.111722938777134,-0.191433969234088,0.213080574997803,0.0753497315208397,-0.588831132678839,1.51911897674771
804,9287,"s009","m3",-0.0120535054036553,0.163907253090049,0.00172812095436548,0.263830394417986,0.270843680140733,-0.210622002823893,1.47316136439542
805,9313,"s009","m3",-0.0376223924847946,0.170603491182167,0.062935891930041,0.307835270163844,0.289769093867882,-0.249884204704777,1.24223859690724
806,9317,"s009","m3",-0.0372820047832556,0.248534465614084,0.0150559106970077,0.416843620989546,0.331964015077641,-0.345495805187081,1.15903994685941
807,9319,"s009","m3",-0.100470033066441,0.215863537809568,-0.00426692012643248,0.281417788692522,0.288521144016646,-0.347124364640569,1.33889692956891
808,9325,"s009","m3",-0.0575075347215111,0.15322318172827,-0.110509523252478,0.134372623939419,0.165685268474111,-0.941424857676871,1.43975147257988
809,9336,"s009","m3",-0.0169615998279297,0.241459004673431,0.0645230848283771,0.238055060104266,0.267444361213251,-0.289517430394669,1.12058850883572
810,9360,"s009","m3",-0.00468764715373226,0.203195342116172,-0.00944403701474507,0.331780934873427,0.202535527078991,-0.233464595485591,1.2410296829849
811,9380,"s009","m3",0.0269010375240394,0.090330776781059,0.00432030322821135,0.167373937742741,0.205585478174123,-0.617674863176267,1.25219661558899
812,9383,"s009","m3",0.0161786742363006,0.227640926218164,0.0278597506617896,0.374508503588378,0.226089831243478,-0.126508740074975,1.00889316377844
813,9401,"s009","m3",0.00125591341743021,0.193050232904845,0.106403881495513,0.363785541307456,0.33865605134864,-0.494206505215457,1.21801927247927
814,9413,"s009","m3",-0.0691518056856322,0.0559677545664285,-0.157832127756814,0.15589589395769,0.134305772405446,-0.501689974594581,1.53259434803289
815,9433,"s009","m3",-0.0597818147015731,0.235892145807429,-0.0376231402381691,0.330362325158558,0.214693298917592,-0.349405349525972,1.2591918975295
816,9449,"s009","m3",-0.0452967388477313,0.179258715445446,0.0189367427699222,0.256380027982948,0.257163733553706,-0.271091424518528,1.46820101490516
817,9460,"s009","m3",0.143144272749074,0.211085995878619,0.102405462507209,0.374343645374124,0.396587015502596,-0.0628901229467679,0.941520651465599
818,9474,"s009","m3",-0.00402839442956175,0.185202497589265,-0.0492246174230552,0.298164641895564,0.0426645385362835,-0.502028450625591,1.36466722577327
819,9485,"s009","m3",0.033874408559116,0.245990227321278,-0.0632772978442925,0.403118963159067,0.189162423832629,-0.301642791858804,1.21942434836045
820,9494,"s009","m3",-0.116167540515921,0.206904559652231,-0.0775622324304078,0.296704124399214,0.169808461277588,-0.47248031578733,1.57365479570758
821,9497,"s009","m3",0.00893480428227452,0.176854276213248,0.0350591861980118,0.198431431866782,0.28563499733465,-0.581558557201378,1.1618829238738
822,9498,"s009","m3",0.0280703484776807,0.236300621334827,0.0328946206620175,0.276387558126574,0.224280391771801,-0.230753677774415,1.2193171807657
823,9503,"s009","m3",-0.00660170697238784,0.26278156263138,0.00255623397466798,0.330395643958416,0.160595638208917,-0.215862555450671,1.15154558422402
824,9516,"s009","m3",0.0101379298395461,0.177029396848957,-0.0195376410796851,0.287759417016865,0.254211109267719,-0.421177711745672,1.33813074665185
825,9520,"s009","m3",-0.0646973363042981,0.0352176522624413,-0.146253814897226,0.261841894345697,0.096053321981025,-0.698162800454231,1.53516552391789
826,9534,"s009","m3",0.099810884954268,0.240714137206997,0.165122155303903,0.348869055722674,0.349778512931888,-0.266330423541414,0.962592588575763
827,9545,"s009","m3",-0.129062277741117,0.161200504535454,-0.0633851136769683,0.326143356837946,0.0931251063183064,-0.575354539334414,1.52714486867792
828,9554,"s009","m3",-0.0686609422709025,0.142386022205899,0.045622994145636,0.217951085709345,0.184849813757918,-0.476582189319694,1.24959758841812
829,9558,"s009","m3",0.0195827686625203,0.163286630285647,0.000459985683567098,0.294269128037784,0.24787695347017,-0.366525587924572,1.16559402558432
830,9568,"s009","m3",-0.00375574597818774,0.19246292628258,0.0901274566733752,0.291643188061965,0.237668064871884,-0.464726607635698,0.953521017323504
831,9594,"s009","m3",0.00285675063555214,0.0135829594782987,-0.0113872278734977,0.182162682111164,0.24851140759462,-0.451145695785285,1.53521820991007
832,9608,"s009","m3",0.00165963040266926,0.260176303410115,-0.0178331540043767,0.274994592695986,0.220318252243534,-0.264473838373704,1.45734351359314
833,9612,"s009","m3",-0.057706940373934,0.136381719328082,-0.109788559895162,0.18949404875623,0.128081421310994,-0.472730900677849,1.48859712762505
834,9621,"s009","m3",0.0244164541164352,0.380484081998826,0.0625417548765375,0.229519531860921,0.207865194634164,-0.424911330456122,0.577213965480324
835,9627,"s009","m3",-0.0975464168183913,0.229912151785749,0.00375755609147744,0.320299765078452,0.176652670391061,-0.265588579207626,1.30164757044338
836,9633,"s009","m3",0.067312974826456,0.315598485623604,0.000621994642521475,0.302302190231086,0.195441557495742,-0.307587783402861,1.28559137757701
837,9672,"s009","m3",-0.089774934340021,0.0762551077266834,-0.142792430733551,0.148819726422406,0.183785085224735,-0.846508947799771,1.63318746095225
838,9683,"s009","m3",0.00315161733016137,0.0876116219855939,-0.048519896941149,0.234015848753487,0.283691756978116,-0.592666178916058,1.4745390704246
839,9684,"s009","m3",0.0877554672890112,0.156066257117838,0.0413363788284263,0.227948424842212,0.330491384353512,-0.617786443328871,1.28867994202019
840,9691,"s009","m3",-0.000588496689908488,0.368198466781746,0.0131460369050767,0.33824902123387,0.309621539239779,-0.201615822893267,1.0985299158854
841,9694,"s009","m3",-0.0549986752456625,0.165456829193197,-0.0483500075930277,0.217539850761576,0.165541834141731,-0.58066377869768,1.36925523837477
842,9697,"s009","m3",-0.0102646751157526,0.240289360588249,-0.113282373939263,0.329285769506561,0.0484449905094842,-0.269818437382942,1.28818216360228
843,9705,"s009","m3",0.0677537191551063,0.225270110769272,0.136093295873548,0.288989620537246,0.33969447098848,-0.505331193408731,0.973755560826495
844,9716,"s009","m3",-0.0628123170155426,0.122561652452537,-0.0798315798309372,0.199220616306681,0.139642552500108,-0.845265116566068,1.45156235673344
845,9721,"s009","m3",-0.016776767419195,0.208423784347374,0.00886104640227519,0.32998285943071,0.232925593227486,-0.531803030860015,1.26542416237272
846,9728,"s009","m3",0.0199131208120588,0.0974647615332209,0.0119161169110644,0.253599762538675,0.291008032181477,-0.601812444074359,1.14184020777357
847,9732,"s009","m3",-0.0915375691587988,0.118411212877697,-0.0448493475466613,0.304596217515837,0.138644265907379,-0.249820201542846,1.52673460695254
848,9740,"s009","m3",-0.110774354278986,0.0938256838208427,-0.158807274862151,0.179333599361158,0.231440087808746,-0.965792372697529,1.9715997510038
849,9750,"s009","m3",-0.0531927529608743,0.164407279831291,-0.00323379614669233,0.319475487052605,0.148195715657866,-0.380098173517119,1.28451433987515
850,9786,"s009","m3",0.0527525908491694,0.165102652233921,0.0285768032801968,0.248650942607198,0.265629381540433,-0.613865980612275,1.18107071328206
851,9799,"s009","m3",-0.042904776985993,0.143719509001334,0.05442525012884,0.281002104116272,0.175268698159594,-0.385253499307843,1.29680899016881
852,9832,"s009","m3",-0.088527075109551,0.0990592084691787,-0.0252100939962261,0.130701368329125,0.189514354462863,-0.896220669361055,1.6951740003562
853,9871,"s009","m3",-0.06919628906636,0.138539609994573,-0.0785976465463871,0.193864168672219,0.132557529504071,-0.597087954951701,1.28078312397396
854,9872,"s009","m3",-0.077926858641176,0.0514230897838738,-0.137954903707898,0.272819831367061,0.0739032013121283,-0.584670695609283,1.71019247099275
855,9873,"s009","m3",0.117904105674679,0.240655101003988,0.119750779516764,0.276716863159943,0.384296103923961,-0.49233557007487,0.976358202631771
856,9878,"s009","m3",-0.121356435657146,0.191573145412442,-0.059815715711837,0.357898253016145,0.151087989447851,-0.378353560757617,1.54195645958498
857,9922,"s009","m3",-0.0317802521606121,0.221621227750214,-0.00373764681746457,0.26027332913353,0.272515625310706,-0.394135979727992,1.19090142025293
858,9937,"s009","m3",0.0121319100783449,0.129122797279858,-0.0291988476902904,0.250466400345425,0.276695357491055,-0.648360712619564,1.36818281147555
859,9942,"s009","m3",-0.0564114475777429,0.261139610074146,-0.0225136653017547,0.277861142591824,0.135382489800746,-0.20728280008436,1.24862715490444
860,9944,"s009","m3",-0.0500230573334252,0.00443759218986892,-0.0932739101696643,0.169170921499432,0.165086042344802,-0.841107977065819,1.41083665494075
861,9945,"s009","m3",-0.0703980876075314,0.146689016350766,-0.168002643552946,0.239194751819617,0.084146281175391,-0.73833137514966,1.3675353573183
862,9970,"s009","m3",-0.0841648875254866,0.211411063349912,-0.0919560031128793,0.231468475500808,0.091499816388827,-0.75352383271814,1.47709900124875
863,9971,"s009","m3",-0.0675939355448447,0.150627775522979,-0.0365257272409924,0.223332530927952,0.0760664565348605,-0.448740466124259,1.47424938936407
864,9977,"s009","m3",-0.0195583145815343,0.253549945370008,-0.053241821683112,0.192419259187837,0.2197528056986,-0.444944606267149,1.18783215386895
865,10005,"s009","m3",-0.128700138908931,0.191443344585873,-0.019491316173431,0.236059727970629,0.274226732333768,-0.327217942962909,1.70010457160003
866,10011,"s009","m3",-0.0330730703570873,0.198869701178381,-0.0737170981394353,0.326306973656431,0.121422619290753,-0.449614313570382,1.27268279423529
867,10012,"s009","m3",-0.0782399958137445,0.13810069436546,-0.14289086995544,0.124638387001772,0.0760929493114749,-0.502751842046854,1.45886461315275
868,10023,"s009","m3",-0.0499018751035523,0.17461051653126,-0.0723608891362582,0.267520089778983,0.0959757511187642,-0.588786205854303,1.30774191113988
869,10029,"s009","m3",-0.0169847956537922,0.219893524576276,-0.0380090210809847,0.347135743191214,0.180439030271283,-0.246476970182486,1.18512018034619
870,10030,"s009","m3",-0.0141397512672612,0.180418185713621,0.039945778635186,0.404669121924615,0.307388394152411,-0.491254530110085,1.24431238368801
871,10049,"s009","m3",-0.110524776550733,0.241225453499381,0.0171866336916785,0.230956720714053,0.194849520334775,-0.360845592778561,1.43777874802571
872,10056,"s009","m3",0.0805476786637566,0.210665827677934,-0.0350333482853431,0.306595462780238,0.267592519099228,-0.273656089150143,1.02113496975329
873,10093,"s009","m3",0.0191752686130921,0.233007698222097,0.0649585779384428,0.329157049110015,0.207423943789001,-0.417379399315725,1.06607269239197
874,10111,"s009","m3",0.052254585362471,0.017621289601352,0.0459906534900291,0.249450095992212,0.169666859228575,-0.597676124206971,1.18266702481993
875,10113,"s009","m3",0.0350324031748342,0.125766582790931,0.025179528934652,0.251267447132435,0.274995939121159,-0.680258051724043,1.12769966076915
876,10117,"s009","m3",-0.071712617614358,0.0546898105343552,-0.115359044178668,0.258232480120648,0.167349359873958,-0.686437147016355,1.94971916914765
877,10125,"s009","m3",-0.0882006221287377,0.104465044867636,-0.0210112024091725,0.268122671114429,0.257374727741016,-0.447280816901658,1.39152599933095
878,10139,"s009","m3",-0.049356756220157,0.23803822310876,-0.114953749950247,0.235285101799804,0.151026279377101,-0.380955671358534,1.56869661242379
879,10148,"s009","m3",-0.0755555955922401,0.114073886072584,-0.046403387521414,0.218823103803004,0.243534599423884,-0.343373377219279,1.42672061486226
880,10154,"s009","m3",-0.13785734798332,0.0774030121779306,-0.0691923830850974,0.251368554923549,0.0561646255854087,-1.17871897949611,1.63864412353519
881,10165,"s009","m3",-0.120914955856958,0.132828732919841,-0.0890781379276817,0.204901488732118,0.112587576347766,-0.497931268415236,1.67087937282989
882,10168,"s009","m3",-0.105741938159682,0.0478205292734064,-0.193356468992876,0.281470697556953,0.120788197705558,-0.569595318792663,1.78098816136318
883,10172,"s009","m3",-0.00222989586501127,0.0379918151162168,-0.106984741836261,0.215847465239931,0.227574832117635,-0.573647923487487,1.44471018540222
884,10183,"s009","m3",0.0778151857792267,0.0895768162051679,0.0426911764762793,0.303490835111684,0.271451348902851,-0.616943640784849,1.251641397384
885,10187,"s009","m3",0.0239354276574918,0.192185045052001,0.0323687583659,0.279850866725753,0.31099365383771,-0.311207255482713,1.31749337305374
886,10191,"s009","m3",0.0386148751862098,0.260079200074593,0.0807835740294264,0.360398481169995,0.279904001934483,-0.0505068283030208,1.29769858027743
887,10200,"s009","m3",0.00204509687490075,0.131811993769366,-0.0175090959829398,0.27816611448921,0.313420794932508,-0.39729700447738,1.58975322527489
888,10208,"s009","m3",0.0896658906456305,0.207363979648373,0.00183606058661148,0.33225722867617,0.273863991453133,-0.507588559409611,1.09270031014676
889,10212,"s009","m3",0.0511813595393164,0.159655541437328,0.0791958440677803,0.324043313640842,0.231408151554747,-0.273400923167867,1.04594647809949
890,10227,"s009","m3",-0.0161678594580771,0.189948219944723,0.00091487194907632,0.326403527500577,0.225358647357756,-0.207520626844525,1.47209546897354
891,10290,"s009","m3",0.00238246841060402,0.26807129430697,-0.0391325315415718,0.348074445449849,0.176578935165184,-0.518354463537056,1.09545723893734
892,10299,"s009","m3",0.171927069663864,0.275963464331826,0.0564391467225946,0.281991147201046,0.301808821594227,-0.498844483261616,1.0823375604997
893,10311,"s009","m3",0.0248475847294291,0.232056794509061,-0.0372097621894194,0.27949223094274,0.101179323581186,-0.437098072532345,1.12614008632777
894,10317,"s009","m3",-0.0387216896183409,0.11648409234074,-0.102504994618546,0.233433612381332,0.119497080921608,-0.761773321128524,1.24491686797773
895,10323,"s009","m3",-0.0610491633970429,0.127140949660102,-0.0539768884373094,0.288023509923465,0.149363590435709,-0.38627863122662,1.57039374307845
896,10329,"s009","m3",0.00616681945797006,0.245622179274597,-0.0404856118247998,0.449815327437103,0.246794603109829,-0.171261131405683,0.933603427326082
897,10356,"s009","m3",0.0168613390780684,0.170685232173774,0.0325367239036405,0.129339115753865,0.195366202436205,-0.47903551894828,1.34404336012023
898,10378,"s009","m3",0.00952341390977994,-0.0257108765627989,0.0311630560688644,0.233045582346993,0.194903907345213,-0.825778111906401,1.1446622641984
899,10381,"s009","m3",-0.0708520922563274,0.134322144122098,-0.117949108384883,0.27805369541956,0.10365440992669,-0.337602800321461,1.60183162560623
900,10393,"s009","m3",-0.0482163193831954,0.22557275199072,0.00598238297833819,0.316849567482999,0.220942922623087,-0.187318781829457,1.45417071918457
901,10403,"s009","m3",-0.0276706984589215,0.283348170676646,-0.0268324793409458,0.271279701020094,0.175870442159318,-0.311869549822513,1.55796496598288
902,10405,"s009","m3",0.0313671045293895,0.2236412130322,-0.0137255824499969,0.250766851413274,0.264589214462346,-0.574259085778175,1.11898956939412
903,10436,"s009","m3",-0.0143238347385215,0.201541291459745,0.0316019940982517,0.294240760030169,0.214351323984477,-0.322849722898815,1.08445896805503
904,10439,"s009","m3",-0.148422020415313,0.0762595291604614,-0.151249622892932,0.217380932872022,0.0762124661881649,-0.59686967215947,2.16993302566766
905,10462,"s009","m3",0.0265817491399166,0.204916286220553,-0.0163733237401416,0.17499208496372,0.326807488160425,-0.512264170549819,1.42944577345097
906,10464,"s009","m3",0.0653285897264496,0.146799910890808,0.048100672589676,0.173011560473096,0.336382593074149,-0.90593364505513,1.29519262834663
907,10468,"s009","m3",-0.078691871975212,0.218645055132507,0.0421208889629474,0.263289080419885,0.194413211242079,-0.352054183695971,1.20560098400593
908,10469,"s009","m3",-0.00432329535756541,0.150041265435265,0.0517790680881366,0.304292683850877,0.352366114647593,-0.563051370215087,1.135027353886
909,10470,"s009","m3",-0.101885348512507,0.0317695420061632,-0.107938211845103,0.122268083067051,0.0613263440546849,-0.832367107387187,1.46872643812128
910,10498,"s009","m3",0.00646212291951185,0.266328745328902,0.0168191050962331,0.359503780335758,0.259211718637648,-0.181811892960638,1.28578084040958
911,10510,"s009","m3",-0.0403698452002539,0.162862034498495,-0.0263548085016807,0.267755433859326,0.318818430895884,-0.44183755216288,1.36278296335098
912,10511,"s009","m3",-0.079303210774409,0.17625133865778,0.00283765007738652,0.302725414504439,0.191888198224019,-0.375905664811862,1.27984811343659
913,10512,"s009","m3",-0.0154128327126072,0.178569101613523,-0.005270918606443,0.308414585924895,0.241563984216764,-0.272561911868973,1.47360527343035
914,10516,"s009","m3",-0.0933694017499028,0.200325480910523,-0.0797044791313941,0.30539611627064,0.104592599055116,-0.185112593700356,1.47706857266874
915,10530,"s009","m3",-0.110791219306706,0.233606233111578,-0.0423461439943911,0.1792380145239,0.138004557506958,-0.136391746493256,1.76929239594865
916,10532,"s009","m3",0.027177673200371,0.172500324763275,0.119062996194707,0.333376928297672,0.41538027700162,-0.444182362724418,1.15096811031619
917,10535,"s009","m3",0.00574060645906642,0.177305070355637,-0.020926151116997,0.172487349498731,0.258492300611353,-0.568404379983934,1.32598254181088
918,10551,"s009","m3",-0.128124947974205,0.117383827061189,-0.07807606708229,0.237555557221876,0.112099494010331,-0.60078636289299,1.4493752715416
919,10563,"s009","m3",-0.0544068058751998,0.181940511991352,-0.044268428190343,0.25373490584535,0.290767289414103,-0.503193904379925,1.40040305180718
920,10578,"s009","m3",0.134176644181425,0.10005858356767,0.0354583800958826,0.277356508984972,0.286222968445734,-0.535793327199353,1.1617395544542
921,10608,"s009","m3",0.115361285780311,0.311469509276811,0.136088950278655,0.37474516557072,0.293997303952296,-0.231363840581546,0.760686435090408
922,10612,"s009","m3",-0.168971237422021,0.103024362993572,-0.147776698344636,0.268372563839263,-0.0145459273687163,-0.319145070022546,1.83363024912513
923,10625,"s009","m3",-0.0720567637263036,0.176988381206078,0.139450142191701,0.295190158286991,0.259948396999665,-0.926328783905291,1.0727737264911
924,10626,"s009","m3",-0.0795572543115908,0.203537457317875,-0.0428411557159675,0.258563429844982,0.14617970308658,-0.345950115004867,1.26100987409429
925,10632,"s009","m3",-0.11432663634065,0.0602331160117238,-0.137146890658429,0.170789010240499,0.117243616571558,-0.803625139280514,1.79278110257048
926,10642,"s009","m3",-0.00509390052453555,0.145315182569912,-0.0362592479545043,0.266369143196283,0.128739360581194,-0.676367233963339,1.35721238786199
927,10657,"s009","m3",0.00403182988582123,0.359275404608623,0.033526956438418,0.381324337670522,0.10838342662051,-0.113207484755906,1.16833974078942
928,10666,"s009","m3",0.0675326210282555,0.226923207737827,0.139077336307527,0.118314463052413,0.272833439965466,-0.718286285000659,1.17490876012649
929,10670,"s009","m3",-0.0080459667070762,0.314037171810767,0.0157818663620232,0.370203754021427,0.156644994760966,-0.178440622285732,1.12510269013606
930,10671,"s009","m3",0.0142355387534192,0.190266225925395,0.0352241582889103,0.253295061787423,0.298450927686828,-0.479097686989345,1.06519713401535
931,10678,"s009","m3",0.0400408708976548,0.0892261254728384,0.012827681364797,0.205501438767467,0.20765982436642,-0.86349398194212,1.27813865140587
932,10684,"s009","m3",0.0700330704458783,0.110776263218983,-0.00234184715669973,0.372129724453206,0.334103626759105,-0.285729073609361,1.59734523191156
933,10685,"s009","m3",-0.0771665009250664,0.133152625921728,-0.088715906334337,0.0449754864976038,0.170788224544464,-0.626278010344537,1.76017062737112
934,10718,"s009","m3",-0.0627604543409921,0.0935583929331765,-0.0661155913336161,0.195691433959413,0.164623670807031,-0.668863527049897,1.33327919700761
935,10721,"s009","m3",-0.187490362291753,0.116554800246751,-0.157567554438806,0.314808584836699,0.00328131069246521,-0.375064957607859,1.81598578566794
936,10726,"s009","m3",-0.0524993858426578,0.15706118464938,-0.0435983857109393,0.159148029089686,0.216176746815705,-0.499935261074226,1.62273922689258
937,10727,"s009","m3",-0.15333565109004,0.129761069236018,-0.104505242984713,0.280848297881388,0.0331659994420305,-0.514253377939396,1.4810024330966
938,10741,"s009","m3",-0.0901053607620085,0.274141979214694,-0.0931217118379021,0.354489370092312,0.133648315674841,-0.249117270417122,1.43001894628213
939,10776,"s009","m3",-0.0260443929699169,0.196567151503187,-0.047874729881065,0.216368198294807,0.240601990361955,-0.325150489736819,1.3494200446014
940,10789,"s009","m3",-0.0852135130483558,0.179082103818221,-0.138874986723504,0.223259079624929,0.104124052072931,-0.519209938793003,1.72311784261879
941,10805,"s009","m3",0.155372054551989,0.318120503655911,0.152762160576256,0.272025562195086,0.491367630028732,-0.441966055378703,0.835096164177358
942,10825,"s009","m3",-0.0597833878129794,0.114805410529506,-0.149880425670253,0.153005778531548,0.139051287086755,-0.445945529075929,1.57413607215353
943,10828,"s009","m3",0.0730903353767721,0.256749753027386,0.04756808627189,0.272942546103074,0.213902978270833,-0.524127845654686,0.840177831559502
944,10832,"s009","m3",-0.018179034000929,0.121661132897874,-0.0852189882371703,0.213545220904442,0.199454099481307,-0.684760999130039,1.41317566005852
945,10837,"s009","m3",0.08044076487748,0.0967954684421143,-0.0445345650747878,0.200360709222696,0.341235978209381,-0.608844938569813,1.29666066559893
946,10850,"s009","m3",0.00122680556886878,0.208088347505875,0.0491524740050546,0.32953456868991,0.312635854993951,-0.264482811507681,1.0719525119436
947,10881,"s009","m3",0.00754687299003702,0.196696186088532,-0.101069679198121,0.193708123786448,0.0472741447942993,-0.598509913286382,1.37817133021448
948,10885,"s009","m3",-0.0520099000402189,0.129467245046376,-0.139577376397408,0.203487729528229,0.0974086059095832,-0.625560413566354,1.36182443153836
949,10908,"s009","m3",0.0484950224401033,0.237218905693648,0.0160065659614356,0.260891489078735,0.26836775283588,-0.318019864608123,0.95558280223531
950,10913,"s009","m3",0.040354944650117,0.28398210322672,0.0651775672874989,0.298593031732495,0.23915711531493,-0.275842549606036,1.06334389562013
951,10924,"s009","m3",-0.0252718603139933,0.176230163904924,-0.00942736519374095,0.210398616310531,0.276515832373321,-0.339602697980114,1.23074445469001
952,10928,"s009","m3",0.0979159691486251,0.201300624222804,0.0639844796640784,0.241695084421511,0.303958194288894,-0.596524234712939,0.831918177799651
953,10949,"s009","m3",-0.125247626877381,0.098377482080904,-0.174312283320773,0.185221245758943,0.167116901151453,-0.447340824012117,2.14358393329256
954,10954,"s009","m3",0.0178424047903099,0.181052800827864,0.0196626724604793,0.290534109319874,0.260834540939464,-0.477235026720643,1.02855438796735
955,10964,"s009","m3",-0.0429834695294924,0.185567454754818,-0.110859346194218,0.256269885895344,0.121722110921757,-0.518795485548732,1.69128256765938
956,10977,"s009","m3",0.0224319023668287,0.217643743282515,0.0302383851633975,0.262068585000484,0.239688288287945,-0.265435166590602,1.27787788826245
957,10980,"s009","m3",0.0534019064667804,0.277821993438916,-0.156620687972442,0.281789782424858,0.248467639768635,-0.500996243082505,1.14757480748894
958,10990,"s009","m3",0.0248226459529014,0.183150203591055,0.0348470452103951,0.273934282399146,0.153417237311776,-0.630447964911563,1.26229828711191
959,11003,"s009","m3",0.0124040019152924,0.247338431902683,-0.0195725227053417,0.290533406693342,0.221414785724805,-0.311213085015505,1.09696923362433
960,11008,"s009","m3",-0.088648681702537,0.225794686549181,-0.0276917594482938,0.347794159439592,0.168797921177055,-0.0124804304388356,1.52585002241661
961,11049,"s009","m3",-0.0633413853657751,0.137678644905249,-0.0654366405590572,0.279227442942699,0.172456048322372,-0.416845473120833,1.61218393528258
962,11051,"s009","m3",0.121972573512375,0.182462464047477,0.0392126657159639,0.304864662922903,0.274422927271762,-0.553824407254088,1.28038854848456
963,11070,"s009","m3",0.0923174426535487,0.307136417429272,0.0566407439771169,0.283291215138066,0.294725953201773,-0.432411297472528,1.08447504453131
964,11078,"s009","m3",-0.0112223155713869,0.151012156026173,0.00990273170992071,0.382023445294215,0.183190949571646,-0.220157484602568,1.11220066087634
965,11088,"s009","m3",0.140370892076875,0.293248356873375,0.0772487093969302,0.340664942428766,0.410430551003705,-0.271112980813151,1.00114887816736
966,11089,"s009","m3",-0.061515315602346,0.170464473166242,-0.00530629893083232,0.328919619524613,0.282733132419711,-0.364114156874259,1.28499839672029
967,11103,"s009","m3",0.145767987526866,0.255972167913386,0.0762454080419553,0.359244878789506,0.341961567718073,-0.311382942839648,0.959116335137873
968,11108,"s009","m3",-0.0270327426506783,0.245579350370357,-0.0683873325130911,0.184037180851909,0.199024443393811,-0.349748671601415,1.40737798698525
969,11112,"s009","m3",0.0124793155250324,0.152024276536982,-0.00055289410788293,0.233812248804127,0.345142145546937,-0.473952557309756,1.55404008648365
970,11128,"s009","m3",-0.0416812331301725,0.191623358711949,-0.0840345443267348,0.335503998743943,0.0705189871490926,-0.481187137617131,1.30397864531228
971,11145,"s009","m3",0.0131721150234576,0.111539323124558,-0.100488506954664,0.157038178635285,0.253864364864079,-0.478338830279706,1.3975422656942
972,11168,"s009","m3",-0.0456285449540382,0.143299763658333,-0.058673350824694,0.199356304242058,0.149477449303474,-0.840858494210466,1.44364025094408
973,11180,"s009","m3",0.0708364512226742,0.293849697456001,-0.0619074382625463,0.299629429791772,0.247176489894066,-0.362697832239828,1.10689579930185
974,11194,"s009","m3",0.10331124211542,0.122193103999868,0.0398559527439932,0.268216566693013,0.288506561815698,-0.85970647858717,1.00182214742535
975,11202,"s009","m3",-0.0856690821742736,0.138534549862812,-0.123516208086509,0.216404073183247,0.225964710730785,-0.599006897681677,1.68158576781478
976,11204,"s009","m3",-0.00505514336209242,0.145518232633069,-0.120752141733712,0.246099035454403,0.177544270596753,-0.631267404938982,1.6168022006812
977,11234,"s009","m3",-0.08888419096095,0.216575241818421,-0.0560268873286434,0.325474150440508,0.226533732082127,-0.243642741497925,1.59772489081864
978,11242,"s009","m3",0.0821723254228674,0.31234621409567,0.0144509231678715,0.296282884092331,0.247740654033638,-0.238512373351007,1.01972863054626
979,11255,"s009","m3",0.0765654088583349,0.215879188338336,0.0296698072156823,0.215595960662582,0.313811168346148,-0.337947681512562,1.27901653292146
980,11257,"s009","m3",-0.164425317393505,0.180283035134438,-0.0708427870573409,0.315818995528879,0.145935624399434,-0.472323686830233,1.43843561946591
981,11259,"s009","m3",0.0634591010640398,0.220539013950067,-0.013611547861182,0.285505684413209,0.254377304122982,-0.317480626684292,1.39812701846615
982,11269,"s009","m3",-0.130219615472758,0.00425255489409377,-0.0896063946364665,0.151756361129433,0.0744465054448094,-0.940956756581755,1.68202819055885
983,11286,"s009","m3",0.0845005028275016,0.218063019887909,-0.0210501592015867,0.263292076477924,0.208236071642919,-0.300234609852073,1.03492394436517
984,11313,"s009","m3",-0.0181237302002256,0.127879330902224,0.0489224052354395,0.249716175165303,0.285843729947818,-0.507648723300609,1.02667450818994
985,11314,"s009","m3",0.060906061350958,0.170555568589694,0.0491583686671672,0.200533747243305,0.320774120974618,-0.396389024011577,1.17463309730553
986,11317,"s009","m3",-0.00794326027255486,0.195065277762185,0.0367297446344183,0.282409842438171,0.156723614275128,-0.326156834319996,1.23709518904406
987,11326,"s009","m3",-0.0635691019864541,0.092476010688496,-0.085357436569949,0.228409168742879,0.226984088167756,-0.709678925619983,1.44185247551396
988,11333,"s009","m3",-0.0830465981770068,0.306234790732893,0.00705841386556532,0.406669025584736,0.18830051302057,-0.164896569871776,1.16692075665094
989,11346,"s009","m3",-0.0249430251985326,0.176448490418307,-0.0131448220857437,0.376751957008349,0.151252173955651,-0.205910870850946,1.03092122700797
990,11347,"s009","m3",-0.0183308864097657,0.205630844076111,-0.0987970530254853,0.269208498036995,0.218555509327958,-0.662057629320244,1.25624043739322
991,11352,"s009","m3",0.031338714721701,0.111761303363842,0.0661965639044468,0.306317601194502,0.31317831090607,-0.503906064675762,1.20829264262905
992,11365,"s009","m3",-0.0803752979233227,0.238063274643658,-0.0043933155638781,0.350283278491939,0.0818366943004901,-0.320880921555207,1.26635389096735
993,11367,"s009","m3",-0.155704215418227,0.0437068616602488,-0.158380763456516,0.186240453176086,0.154249739737336,-0.675840040010902,2.05595797205668
994,11401,"s009","m3",0.120133840266863,0.209184761599684,0.0568654393507081,0.255501376164989,0.298069542254345,-0.519431674577584,0.885402530859835
995,11414,"s009","m3",0.120619788710456,0.23586472301879,0.0526814736650529,0.179106183924618,0.339150352615175,-0.567751549790078,1.21317322688465
996,11422,"s009","m3",-0.100979327949816,0.243201078500375,-0.0627893833862667,0.192590841633036,0.174699233148362,-0.571986362016691,1.35692181146549
997,11450,"s009","m3",0.00707725771688697,0.22858457306439,0.0854707621134253,0.2746372352517,0.297344800088978,-0.549998592664364,1.13114566165439
998,11455,"s009","m3",0.0447004523178062,0.241788642958176,0.114431872302768,0.217107677337767,0.320322082610691,-0.350043195773668,0.864027811809069
999,11465,"s009","m3",-0.100833431604126,0.235525327187532,-0.0724684240965979,0.294234985399993,0.221560844692049,-0.18321621644443,1.52615069433457
1000,11473,"s009","m3",0.0626882790008032,0.147847947773576,0.0552603080364176,0.280143385742853,0.291537261519754,-0.601098309866774,0.947138364290537
1001,11475,"s009","m3",-0.105693702058511,0.0988143128291064,-0.0320197503824577,0.260310899060106,0.113823802379159,-0.509049696452501,1.72899971302976
1002,11480,"s009","m3",0.0185227650305984,0.195459076708724,0.0510130795528997,0.265351072638077,0.242274654361687,-0.517060059447772,1.20030080368077
1003,11507,"s009","m3",0.0162548183409424,0.123848082751437,-0.0758654442776439,0.1830200300144,0.138382732831551,-0.526147714971079,1.27448164349176
1004,11515,"s009","m3",-0.0723615224142252,0.0644910897939864,-0.137675559815018,0.213587387804611,0.018688544826964,-0.372921485858862,2.00962753960552
1005,11519,"s009","m3",-0.12417999412363,0.119371205113585,-0.0853922384461743,0.224703665513941,0.16637685452368,-0.515971284873727,1.45704901813664
1006,11523,"s009","m3",-0.0166204981258759,0.120732333227936,0.0864730202368008,0.290068072007187,0.248132995556507,-0.955583965715018,0.973071482385898
1007,11530,"s009","m3",-0.016954694635151,0.0930311185726356,-0.0697079263954141,0.21164718470428,0.155348357943401,-0.370965001735515,1.39184783472312
1008,11531,"s009","m3",-0.10253665069769,0.127241356043799,-0.0366787733283216,0.147356854473787,0.155980450555439,-0.716614325057071,1.4694576134797
1009,11541,"s009","m3",-0.078880051333152,0.0730386860979461,-0.143612428074669,0.232550356621787,0.112790427852735,-0.897969469607242,1.54304629932572
1010,11547,"s009","m3",0.158030023861107,0.224690187380636,0.0699606020210625,0.308355526833861,0.279631065310287,-0.60532021471328,0.586546252815617
1011,11551,"s009","m3",-0.0759903446156439,0.00126789019090992,-0.0627611946449344,0.137096211169706,0.134481594110592,-0.699139782772351,1.56940533689549
1012,11553,"s009","m3",-0.0811644843524704,0.262087784290282,-0.0747030426278393,0.246752387550284,0.193092885447279,-0.497481135635747,1.17057138306599
1013,11563,"s009","m3",0.0249703105156042,0.144479101157598,-0.0132877047024364,0.255170997045401,0.219210086125222,-0.498928868936258,1.48513342759105
1014,11574,"s009","m3",0.0384483660162303,0.26264186183344,0.0334315975442977,0.30727499840866,0.33454830402862,-0.422970015836487,1.10442037892593
1015,11604,"s009","m3",-0.00818492692171673,0.0644097425486259,-0.0955970314480309,0.241359546733592,0.290948382778824,-0.458372034329211,1.44812009609371
1016,11627,"s009","m3",0.0321066525297212,0.20909309240076,0.0782397515243091,0.211662193961131,0.248937822120271,-0.55018158689606,1.0069234287088
1017,11656,"s009","m3",-0.0464532325852084,0.183187001425793,0.0807281998581431,0.276239402593573,0.309556848855425,-0.371708819741494,1.17478310193559
1018,11668,"s009","m3",-0.00725603156889885,0.160300605870734,-0.00313069948021169,0.249257837737092,0.264795767290338,-0.369947040811109,1.25503450136743
1019,11682,"s009","m3",0.116672407602168,0.219784874661661,0.0353091749783129,0.285109412765723,0.346484208744817,-0.271871782302346,1.02857935939737
1020,11686,"s009","m3",-0.114965429760084,0.177372071577547,-0.0866387814962146,0.238697622531735,0.0900722504341478,-0.441025042225367,1.82487828167039
1021,11693,"s009","m3",0.0607503444004795,0.105768565763302,0.00199548776155161,0.211408708071023,0.301112137387191,-0.764647355940305,1.36299807836872
1022,11722,"s009","m3",-0.0122530752317576,0.214476402161401,-0.0487812900468938,0.293394644246059,0.190564856941837,-0.442494983890411,1.42637160944719
1023,11731,"s009","m3",-0.0312714732983923,0.14297987219671,0.0845894830350413,0.308778654972148,0.233710237553454,-0.345793798500139,1.19364945934474
1024,11748,"s009","m3",0.177629450133857,0.234962040713674,0.046623432687343,0.283848227883725,0.389419010562108,-0.324745543844322,0.871777969998359
1025,11751,"s009","m3",-0.0278197875870557,0.183151008197717,-0.0956754025542183,0.311798070651405,0.126006416828971,-0.448519779088875,1.50702368491761
1026,11764,"s009","m3",-0.0333095148009781,0.141582804414902,-0.138794286729295,0.23822073384485,0.131255907630715,-0.324246197386395,1.49020379672762
1027,11767,"s009","m3",0.137895677171376,0.185726543548799,0.182070543401071,0.468152936967594,0.288593436150678,-0.30613199373545,0.692656064527875
1028,11769,"s009","m3",-0.0316359665188419,0.237314966276915,0.0057473418228103,0.239884776337853,0.199263538428175,-0.875852884502657,1.03963963790482
1029,11772,"s009","m3",-0.0374581065369994,0.238191371315525,-0.00321676853717359,0.285991370939746,0.227167071613306,-0.253159944935935,1.39312178236701
1030,11783,"s009","m3",-0.0392787512783535,0.0572079560863576,-0.138254677408809,0.141835698365729,0.136054976071588,-0.676700257576448,1.48377433446051
1031,11791,"s009","m3",0.0464170990977035,0.153175197956691,0.072544320840225,0.315781092224832,0.248083141992655,-0.592818733235459,0.954103515030945
1032,11809,"s009","m3",-0.147477995027879,0.0762527680605254,-0.070741526668823,0.205666684693389,0.0681345173614678,-0.70789612891609,1.65442056734275
1033,11813,"s009","m3",-0.104774757048615,0.200908843541312,-0.0217687917791575,0.177732772999727,0.102112647003032,-0.735375283654394,1.34846814201888
1034,11823,"s009","m3",0.0322982753228406,0.178794863657308,0.0266582310803624,0.297995855322949,0.202310252307907,-0.493644645076334,1.13842888942567
1035,11831,"s009","m3",0.0162369488232801,0.196433769815094,0.109748324702669,0.300518585473712,0.276434946109494,-0.23028613994572,1.1014323759317
1036,11832,"s009","m3",0.0045124366646403,0.238004563480044,-0.045692999709934,0.257511975788373,0.00965156831400267,-0.448857403904879,1.4249560157836
1037,11841,"s009","m3",-0.106653064994147,0.185138536797802,-0.127646804156435,0.24596812610792,0.090490509889109,-0.451445468064877,1.62777261051301
1038,11851,"s009","m3",-0.04422628362903,0.210209314694137,-0.0223153956797768,0.336316798531576,0.117287010875726,-0.261545910054541,1.29612496730222
1039,11873,"s009","m3",-0.193679263429656,-0.00552473470696745,-0.050221954618435,0.19558713679109,0.102310425094346,-0.894594841045487,1.5034090222682
1040,11878,"s009","m3",-0.0522051708349702,0.155460419705223,-0.0225889483396522,0.265270840341771,0.168021914471078,-0.526010393568199,1.47070413689095
1041,11899,"s009","m3",0.0372096388051001,0.216550430912477,0.0549657212424173,0.30359087261303,0.27071377794722,-0.387824199704826,1.09727799168423
1042,11921,"s009","m3",-0.110511592153722,0.14117781655138,-0.00567458140470606,0.327891521088409,0.155791083435463,-0.321495231664923,1.3130565546428
1043,11959,"s009","m3",-0.0383705776869327,0.254995799469179,-0.0648448886790628,0.34281651548069,0.215267730198696,-0.230987439740205,1.35735608732292
1044,11960,"s009","m3",-0.0286436813051426,0.166146858478352,-0.0469135646265096,0.223222383077365,0.21994713668353,-0.705755012070098,1.44403562651073
1045,11989,"s009","m3",-0.00227646338408994,0.196833009587,-0.034266206633409,0.272463129712689,0.0461299030843417,-0.605569279798269,1.20295613919427
1046,11992,"s009","m3",0.0692500946725043,0.285372072479553,0.129469652691337,0.290810182699555,0.25030131545676,-0.38960979192383,0.657242136632666
1047,12052,"s009","m3",0.0169765988537709,0.316415254417748,0.0259514374836971,0.371027675264901,0.215275137892915,-0.0603610813182924,1.0635620341487
1048,12058,"s009","m3",-0.216255599073861,0.157193933480403,-0.19370562697706,0.264231627452806,0.0690667206125924,-0.293209852092693,1.77123490871805
1049,12059,"s009","m3",0.0488994471144819,0.0216625303522286,0.0224173706925593,0.201949405021889,0.233403354711946,-0.857478863126862,1.24179535279915
1050,12065,"s009","m3",-0.0549736867720556,0.126818307341137,-0.0226061694297523,0.228887643784198,0.174885981692923,-0.575888765966401,1.39085312979986
1051,12067,"s009","m3",-0.157869197577252,0.0897436745904298,-0.121961113424756,0.303716196408497,0.133252439790085,-0.718321908034967,1.45478815401509
1052,12068,"s009","m3",-0.142762732661685,0.0284638134385217,-0.080881792382448,0.093190328746333,0.111575440131461,-1.05111307831467,1.92872548171939
1053,12071,"s009","m3",0.0385917389541372,0.228700351913091,0.0254921774436942,0.247292034761923,0.323666481612341,-0.449715706015888,1.25509369262235
1054,12082,"s009","m3",-0.048240841808034,0.158670765957852,0.0931875717899423,0.275192069298488,0.272335819479712,-0.548670683076333,1.2144707704653
1055,12087,"s009","m3",0.0790673960842634,0.305361190192167,0.0782470873592066,0.327936198867512,0.222263430862796,-0.546977534094571,0.868611481572219
1056,12094,"s009","m3",-0.00696898746811213,0.063926356129497,-0.0270444023872228,0.0451660778683595,0.199142743745784,-1.0228020020511,1.26552782860318
1057,12096,"s009","m3",-0.0126301292959545,0.230925881135831,-0.046442896453317,0.296981328858626,0.253410242504938,-0.495511591232198,1.32402527166007
1058,12134,"s009","m3",-0.0374910198920558,0.218636173047992,-0.0961859494804179,0.301731006640523,0.226168051967317,-0.16945149689395,1.36578118035549
1059,12143,"s009","m3",0.0725688184386606,0.229545375781226,0.029720754459716,0.326940666112926,0.255266151162318,-0.26702966223166,1.10589254214962
1060,12148,"s009","m3",-0.10030846737726,0.0847137986906649,-0.0746208579965376,0.158371568938193,0.198199065281533,-0.866201540838392,1.27134769829675
1061,12157,"s009","m3",-0.0284244016885396,0.197221542817601,-0.0144126207717107,0.228048226589016,0.175369276996332,-0.677627808684024,1.10022880388754
1062,12176,"s009","m3",0.0845204484286557,0.355360359334711,0.101168397580402,0.377188685929348,0.349915937090603,-0.175042281253446,1.02777904647388
1063,12185,"s009","m3",0.081870179773454,0.15716623263944,0.0466796433551614,0.252612880838082,0.340594995266706,-0.654910889889674,1.18274828189365
1064,12203,"s009","m3",-0.11066382031427,0.084223924620022,-0.00772825803515162,0.177967157234176,0.189222859503344,-0.962190019093227,1.55233554258834
1065,12208,"s009","m3",-0.0138647501272142,0.114653132773823,-0.041507259491657,0.254885051248698,0.284225935864955,-0.530825400559259,1.6616116157288
1066,12209,"s009","m3",0.0878401473695335,0.213525859071704,0.109654050896434,0.224536584092058,0.317595203971229,-0.474857420978948,0.995030553075117
1067,12219,"s009","m3",-0.00960840883808037,0.127445496212025,-0.0305223069291378,0.184969846873587,0.244624580339691,-0.648988777122214,1.25955239982354
1068,12238,"s009","m3",-0.0257353036505029,0.0776375333707556,-0.00691123678118783,0.181088500004049,0.190735531397015,-0.68225711787473,1.40776108604328
1069,12249,"s009","m3",-0.0965055645966469,0.125602605929873,-0.0501724301539221,0.245404067880977,0.190311836534438,-0.478448187956824,1.83215460566562
1070,12280,"s009","m3",-0.126660234606418,0.210934581687065,-0.103923353680854,0.242864691029648,0.12078494870319,-0.461748926953384,1.63719393120225
1071,12302,"s009","m3",0.0589157916133378,0.219827709122975,0.0788996531920855,0.32342643191382,0.293536648090745,-0.286678547822031,1.07955766263299
1072,12317,"s009","m3",0.0660860145467042,0.261264392889782,0.0583128926613974,0.213393860363131,0.250336344687661,-0.421373370981643,1.15877459925374
1073,12319,"s009","m3",-0.0879919669517113,0.18884707011066,-0.0652994583697907,0.116414669446266,0.19174004535526,-0.554031047805901,1.54709621231666
1074,12321,"s009","m3",0.0241137308872304,0.189990340572883,0.0603273957464624,0.212054891460442,0.35029595364936,-0.844971277156224,1.20654404264436
1075,12322,"s009","m3",0.00136046639793944,0.206338518818035,-0.0428404224057201,0.288663989299822,0.133472347121791,-0.452620558519048,1.34192120417578
1076,12365,"s009","m3",0.0471643372830817,0.238157894701651,0.0329797135037338,0.429677560219605,0.309427215682937,-0.0413232333621184,1.19759167460217
1077,12377,"s009","m3",-0.0878444251089,0.185216781664723,-0.0913809652021366,0.250457771948121,0.194538675034267,-0.400605995177381,1.56164451157661
1078,12378,"s009","m3",-0.0972104395906708,0.209000516162746,-0.0540821671713199,0.214087292468873,0.152099997768618,-0.261323553902976,1.57417632228798
1079,12416,"s009","m3",-0.0459997066890288,0.153569240050068,0.0350554020306214,0.201506772596603,0.225557667132061,-0.480203745860649,1.20790852626565
1080,12421,"s009","m3",0.0760682691686616,0.149422361109993,-0.00445277005332469,0.213560638650958,0.257717797427935,-0.538676825252289,1.00496182413361
1081,12432,"s009","m3",-0.0147080741118754,0.13318343077935,-0.052945635883396,0.227065362885403,0.1973636890974,-0.574879802326389,1.18420340515973
1082,12449,"s009","m3",-0.0575163757954243,0.253731848050734,-0.0426396754215709,0.360067337722923,0.138451484131616,-0.245252622282176,1.42573434616936
1083,12455,"s009","m3",-0.0789625479140556,0.15723051321808,-0.0960678815561078,0.17056690045681,0.181604621260944,-0.702981645350548,1.84903686004913
1084,12459,"s009","m3",0.0490506144280647,0.250859480570448,0.0214835414033766,0.412898945218591,0.242579756067882,-0.295441663448182,0.891641300027736
1085,12467,"s009","m3",-0.15173236908253,0.139356945463088,-0.0454974907272826,0.279666623134251,0.14782783378463,-0.361222107411531,1.57850326590998
1086,12488,"s009","m3",-0.0809005289881648,0.120032872519031,-0.0798123881155174,0.285863383159569,0.223584444740521,-0.626030101158631,1.62773622558059
1087,12489,"s009","m3",-0.0860651090961788,0.210117610281531,-0.122460654256328,0.323593772750279,0.194646183299717,-0.290996508097682,1.58509193227461
1088,12490,"s009","m3",0.034585805441,0.179580000238796,-0.0459776260802996,0.182679554785418,0.270206335328815,-0.748334650867789,1.56544933140312
1089,12499,"s009","m3",-0.00648371919335673,0.182092162991228,-0.0749385369730776,0.247652026681858,0.261042114374813,-0.509754954095452,1.49985477314832
1090,12515,"s009","m3",0.178687343462928,0.249270061659092,0.103389827394078,0.339105755997082,0.382971950560541,-0.46280524988107,0.777820809288038
1091,12543,"s009","m3",0.02909254437185,0.272547502228345,0.0953244142187019,0.415525002612374,0.279288635352034,-0.0812876650942823,1.07449388177195
1092,12558,"s009","m3",-0.0359303326253989,0.239111170162189,-0.0965427134759623,0.222524954747807,0.151646316107781,-0.364699697696696,1.46051591396653
1093,12565,"s009","m3",-0.0334475026387036,0.158263714828876,-0.0950062756016564,0.172636222158625,0.232341362105503,-0.552214943485273,1.87523348648737
1094,12569,"s009","m3",0.00710819457907536,0.145203603985824,0.0365915765974315,0.2497490057066,0.211900938182993,-0.498411386761493,1.33104638551257
1095,12574,"s009","m3",-0.00531123542660321,0.191073564431414,-0.0173366363677103,0.218650001293299,0.222282867510678,-0.374060737989667,1.28664127067241
1096,12575,"s009","m3",-0.0591426451420481,0.21406114694875,0.00659009024895551,0.299262819801866,0.230944975061115,-0.244967470961953,1.31779404826087
1097,12595,"s009","m3",0.0465277551957155,0.206999597284027,0.00450658515451892,0.28502524215882,0.29461200523941,-0.673721136974464,0.967519632408888
1098,12633,"s009","m3",0.0289544248404335,0.146184006943529,0.017841948046819,0.236254067316527,0.167378411374334,-0.48569722344926,1.17632136863313
1099,12649,"s009","m3",0.186850141894058,0.304744814338783,0.0892207204686271,0.335308708203829,0.294121167576207,-0.417022859257408,0.852263646033497
1100,12657,"s009","m3",-0.0929374127960748,0.169262226414674,-0.102303043046747,0.150248375845688,0.116488167458808,-0.484886868890615,1.66987807530418
1101,12695,"s009","m3",0.0751566856086842,0.325581786289625,0.010976919393887,0.340776894704377,0.292902587303054,-0.276519138896543,1.05079438131914
1102,12712,"s009","m3",0.00996122557222784,0.100585005421463,0.000749940470314321,0.169709846124664,0.267959962768326,-0.855665743018549,1.45772392969377
1103,12745,"s009","m3",-0.113834278522224,0.082724148407527,-0.0619985176854426,0.221596917132394,0.163052863683702,-0.642112184054834,1.50838250189449
1104,12755,"s009","m3",-0.0844563620537678,0.0862491803704762,-0.188151213915094,0.326989133026522,0.127755587709637,-0.657422127944774,1.47751995699318
1105,12760,"s009","m3",-0.10186802091865,0.193880434576674,-0.0757772823693575,0.296386233297652,0.141773947872027,-0.332104298386655,1.6000866237261
1106,12773,"s009","m3",-0.0547303947599916,0.0819566969107774,0.00202636798394394,0.264163256685096,0.174854708784908,-0.646370915421568,1.34111217246371
1107,12775,"s009","m3",-0.0227711896953658,0.137624819235695,0.0612510179741758,0.233768640693513,0.246832457691882,-0.588972199851135,1.05489091573654
1108,12782,"s009","m3",0.105235026774572,0.305570565286129,0.0797643919012112,0.416005944269964,0.248168026328464,-0.123385078761077,0.678451002476383
1109,12796,"s009","m3",-0.0175026932560419,0.149087426710059,0.00510089672395347,0.0910859081953493,0.226043208786092,-0.807818856074018,1.52509964276685
1110,12804,"s009","m3",0.0463638142929275,0.120694910717815,0.0652071015677364,0.279036327578977,0.266229255746134,-0.549475064049318,1.01994105508533
1111,12807,"s009","m3",-0.0845862903687908,0.0709345968221178,-0.106176891175065,0.294976326246906,0.203615005042394,-0.510870083961873,1.67144519841434
1112,12819,"s009","m3",-0.00584018628782772,0.150319212224195,-0.0881872111507075,0.0985310688080206,0.235473976279265,-0.472684323066491,1.46470648636671
1113,12824,"s009","m3",-0.120080452286929,0.150041498003849,-0.158418114096676,0.206449802048283,0.162928889959746,-0.433888609866462,1.95394463768435
1114,12839,"s009","m3",-0.056176462532256,0.161018421843464,-0.00946460519700846,0.158219593564014,0.214445421256099,-0.47865026864267,1.60597882546819
1115,12859,"s009","m3",-0.0941138177862477,0.109514474912799,-0.0134522538154371,0.276479219105821,0.266219204705648,-0.369383861691822,1.57347087195215
1116,12876,"s009","m3",0.00472944007360547,0.155162614785674,0.0510677234523137,0.214404709148362,0.176349060475284,-0.57154025450585,1.19292736139332
1117,12879,"s009","m3",-0.0423879594838953,0.153067617644538,0.0271782213669552,0.229831119894563,0.296610659582052,-0.42421759781844,1.56720608517428
1118,12936,"s009","m3",0.00859118589199193,0.223870431686349,-0.14682142093631,0.15410696876051,0.2186497617871,-0.462838936598998,1.61482791837701
1119,12972,"s009","m3",0.041703289288443,0.183362570087658,-0.0245645051260662,0.378615567041961,0.268625879206746,-0.227078529405991,1.3245659052302
1120,12976,"s009","m3",0.0607484145334603,0.191824008585113,-0.032012434842342,0.294277762884342,0.304288414897636,-0.243174443810142,1.46042311328887
1121,13017,"s009","m3",0.0176389767522859,0.283543443484504,-0.00959906313870621,0.299330892306648,0.228837172349174,-0.239418504785092,1.15225757806676
1122,13028,"s009","m3",-0.0738437085726991,0.186717990969329,-0.0638349296805534,0.25981682229054,0.106667000518962,-0.420993225606088,1.46013418208337
1123,13035,"s009","m3",0.160951488160003,0.297494742517348,0.139185461360136,0.383147935034825,0.357117463886419,-0.24516767699842,0.89859199398405
1124,13045,"s009","m3",-0.0929065375107497,0.161186730796618,-0.262996056814543,0.26821842764368,-0.0530470372666072,-0.625088572416851,1.61459338332934
1125,13061,"s009","m3",0.0449703790333947,0.243921555650038,0.0577299219715654,0.247507015929867,0.250232628855194,-0.518014252669676,0.993440339029098
1126,13067,"s009","m3",-0.104545584670768,0.154962131360799,0.00769375472831249,0.259108439143111,0.184269263220711,-0.438972309476568,1.66269926685581
1127,13081,"s009","m3",0.00953863253069329,0.233079267349666,-0.0638583399670131,0.278626050956582,0.250997801095887,-0.321065132511316,1.20119093463546
1128,13086,"s009","m3",-0.138461706945879,0.148914258914549,-0.126506296941707,0.144062514670674,0.0700539272951056,-0.614414905827869,1.67511980140879
1129,13110,"s009","m3",-0.152120762454343,0.0276124442241037,-0.116382405536262,0.157259180606136,0.0335388255888515,-0.878920170708851,1.69232862147166
1130,13119,"s009","m3",-0.00120457879220669,0.298107226217536,0.0629915505974382,0.253377502882736,0.214280639381668,-0.34248285004499,0.973056567173351
1131,13187,"s009","m3",-0.121058662564291,0.163163078330814,-0.115311038974402,0.207288440081271,0.178412883287048,-0.528461921599047,1.80870040078386
1132,13190,"s009","m3",0.0278378152848859,0.0660912073079969,-0.0284210577412394,0.204367773279462,0.283857597162281,-0.664368947651573,1.53108245302711
1133,13202,"s009","m3",-0.088389015671696,0.0963782850704737,-0.0809063455325735,0.192749150076366,0.13135408441818,-0.579819483423118,1.62178610215083
1134,13208,"s009","m3",-0.105311618859136,0.0631010817943616,-0.129685105180825,0.221039389083662,0.0634532811470099,-0.348172847276897,1.9488761485309
1135,13210,"s009","m3",0.0581222667528258,0.102211324925992,0.022258565521415,0.298854210344697,0.239684968275633,-0.352264736673107,1.19989574290734
1136,13228,"s009","m3",-0.00368456552651475,0.227693481825636,-0.106062553740511,0.343807841572982,0.221707865124444,-0.335118887882538,1.30199951509985
1137,13237,"s009","m3",-0.0645685245439568,0.259064455815638,-0.0736411868000101,0.317146178991842,0.156947446140253,-0.350013052894619,1.24676350962036
1138,13246,"s009","m3",0.0235199156731991,0.130815695556573,-0.0943437561800236,0.298877644229443,0.141498990813652,-0.354296800083634,1.53513434281997
1139,13249,"s009","m3",0.00382733565600825,0.156354875592534,-0.114170551587319,0.235576253536701,0.217573273352177,-0.616313298955371,1.41235682630261
1140,13268,"s009","m3",0.00035665281200037,0.154888224234847,0.00448128914845663,0.362008405475986,0.230047647643412,-0.731784046134478,1.51700100867636
1141,13275,"s009","m3",-0.101175487018181,0.112384626838529,-0.0251756871511925,0.239792965951684,0.248265659516387,-0.627591599675299,1.43503222978446
1142,13285,"s009","m3",-0.00782319172491319,0.180316770760081,-0.0472182423053217,0.348785939172439,0.199154428014297,-0.443129306835166,1.36567476914867
1143,13305,"s009","m3",0.00207998021415148,-0.0118083916849682,-0.0924045275831679,0.0776859845530655,0.13751946610078,-1.03270977673693,1.63855390482879
1144,13307,"s009","m3",0.100332571999673,0.259429968391055,0.122196754470684,0.37000333711456,0.365114157419271,-0.4376026025215,1.08887838644355
1145,13344,"s009","m3",0.0976572243922699,0.283350127734028,0.141157381651675,0.404865479696346,0.397633134310696,-0.154077621437838,0.948520874331428
1146,13345,"s009","m3",-0.0728468880325659,0.067768110184403,-0.126931403313872,0.272544456466564,0.234526088930097,-0.784943243976894,1.79722758424342
1147,13376,"s009","m3",0.133011795417867,0.285546168579758,0.122592548438702,0.444729697969746,0.367288393705908,-0.279256259855856,0.737061569650837
1148,13383,"s009","m3",-0.100908625263593,0.348670683493913,-0.035875201189915,0.407681483757384,0.227928907640375,-0.124288444458129,1.32120265471795
1149,13405,"s009","m3",0.0235193882125569,0.229203231371016,-0.00886779380157626,0.352474983268916,0.27665077949971,-0.240223802778292,1.43502585287431
1150,13418,"s009","m3",0.0394783921262065,0.245530886411352,-0.0503333826122663,0.287578097699419,0.267167864471696,-0.363888029980541,1.19676519695523
1151,13437,"s009","m3",-0.012000642206505,0.231252693573841,-0.0301047114793402,0.360316026929087,0.124972737222035,-0.280452687039686,1.23152337146458
1152,13455,"s009","m3",0.0145779401684954,0.157253756800794,-0.0296583584365699,0.261731477583984,0.298315093682863,-0.404815060895722,1.62003923463274
1153,13462,"s009","m3",-0.0558217730713378,0.189580233755239,-0.0163890877627033,0.211942989735408,0.205756670600503,-0.813769186912153,1.36690888879718
1154,13476,"s009","m3",0.0107506903664767,0.158585106873258,-0.0169878357558364,0.345122560717915,0.164464684764717,-0.267483316932264,1.06179540936404
1155,13479,"s009","m3",-0.00372713476815574,0.229006146334373,0.0102162823623261,0.336870177455838,0.163944376616493,-0.279801208688585,1.32581258861378
1156,13480,"s009","m3",-0.107219666334139,0.171220454335571,-0.127037981092541,0.209180469089835,0.180201812679013,-0.403483971856604,1.72302771611974
1157,13482,"s009","m3",0.0171071849066152,0.183287339960027,0.124406967014848,0.341137519801024,0.262256716364901,-0.581629299878386,0.674402168292814
1158,13486,"s009","m3",0.00369436503768105,0.243814916148284,0.0358262721443465,0.42567802772772,0.107577651596226,-0.190184772299032,1.12732473281553
1159,13492,"s009","m3",-0.10889981538722,0.223438505335562,-0.0985478183504411,0.224428226207825,0.15668432141299,-0.570338843701782,1.52914708860173
1160,13507,"s009","m3",-0.118280773922888,0.033942873497142,-0.116034796342103,0.217739316510349,0.140705560802086,-1.10055358055275,1.86422813914272
1161,13509,"s009","m3",-0.208122889858862,0.156212653947994,-0.210816254191326,0.320879430487113,-0.00176180240741635,-0.267976556422039,1.87017797741309
1162,13517,"s009","m3",-0.0500148307173105,0.0585570012336038,-0.108124310590849,0.273281920811488,0.0423491728251596,-0.97148296782486,1.50645407417515
1163,13520,"s009","m3",0.0228746508000422,0.191814728921842,-0.0599627784111236,0.312455114474406,0.258415905364096,-0.365205736187605,1.5032058457923
1164,13542,"s009","m3",-0.134993046855218,0.130119197158388,-0.116003173772156,0.293416213412845,0.163531877447073,-0.446341102880435,1.69669514549082
1165,13547,"s009","m3",0.0535936490457357,0.141876262067224,-0.120869849263772,0.223804100178175,0.232531579781094,-0.275711937870228,1.61586271291084
1166,13548,"s009","m3",-0.0201676587886002,0.255964894772414,-0.0260946789414355,0.255422555994261,0.241525276499073,-0.349296203180438,1.26900088514001
1167,13558,"s009","m3",-0.0926005546663671,0.210417887603499,-0.153448626344323,0.237708302698841,0.120125165417512,-0.222303561120438,1.71622191268576
1168,13578,"s009","m3",-0.0121177768298591,0.112932064987541,0.00350071334181351,0.197759882701223,0.195413985839601,-0.857850691916748,1.59964075051744
1169,13598,"s009","m3",-0.00848382519030093,0.259174835685344,0.0410041967862267,0.216354764011902,0.236090545510783,-0.554867118526774,1.05823886064128
1170,13629,"s009","m3",0.0491255995277707,0.189472903086695,0.044750652021463,0.261415469072581,0.237011363719134,-0.43275179069954,1.18603095293231
1171,13643,"s009","m3",-0.00525918157613121,0.232075836651254,0.0284539724876741,0.24712131678359,0.214483283793719,-0.344793351724524,1.0613952304955
1172,13665,"s009","m3",-0.19166201560613,0.10686128021929,-0.1142609751133,0.197674024075967,-0.0300822342899961,-0.416814475280465,1.71170328467309
1173,13691,"s009","m3",0.0860629862234132,0.361989269774353,0.0084980922108848,0.380002067105792,0.230129685866017,-0.186031268098537,1.0227441897498
1174,13693,"s009","m3",0.115931674744841,0.278714265008878,0.110081337124255,0.32744395955378,0.259860744225857,-0.454939928299335,0.870376544148554
1175,13699,"s009","m3",-0.0961944496546247,0.131891596160799,-0.046148937610411,0.349778126682069,0.101756583824374,-0.416761396845739,1.56907578856506
1176,13712,"s009","m3",0.0336068737674207,0.180225729163142,0.0725879146862923,0.282499858842476,0.40606729491889,-0.382290235647929,1.0604634310658
1177,13720,"s009","m3",0.00415620390235653,0.0706547415302369,-0.0218323540717915,0.272696189113875,0.265475742168486,-0.417875925410141,1.6309442656537
1178,13733,"s009","m3",-0.0983635777886238,0.378340335555696,0.0466972689229942,0.417395452892443,0.171063674047093,-0.103738719093015,1.01152042437624
1179,13741,"s009","m3",-0.141821988914729,0.102527562241451,-0.289433264863632,0.0878278712208888,0.00668155319856997,-0.674729100014033,2.07847750876216
1180,13747,"s009","m3",0.0363483923062955,0.180282546704858,-0.0145429024583333,0.271316166702135,0.256401308903297,-0.408322385363013,1.30970306446254
1181,13753,"s009","m3",-0.0116080270384796,0.195911207895453,-0.0405435155569592,0.258834164463169,0.242379193671423,-0.378955842369236,1.11139483734432
1182,13769,"s009","m3",-0.104710749104338,0.140368132495349,-0.157066889793572,0.172009583317615,0.105399817883963,-0.652961197690359,1.56434251728108
1183,13770,"s009","m3",-0.0962378879934548,0.109400691600326,-0.215099058557818,0.259060988105417,0.148038970029418,-0.319258412457202,1.88728557598223
1184,13781,"s009","m3",0.0779609719524451,0.266935123282045,0.0232281614035456,0.19549905467768,0.295198186786407,-0.248411742411125,1.27075965785663
1185,13784,"s009","m3",0.0192648334065141,0.176364095738511,0.000608507322589215,0.2155371435827,0.332529759311636,-0.440801447891309,1.24787620753602
1186,13792,"s009","m3",-0.0507657475175311,0.187142688228931,-0.0988905644978234,0.280547488104587,0.0918661892503269,-0.308035006884599,1.61687552847565
1187,13793,"s009","m3",-0.0803570299496378,0.240156382960811,0.0331345472300881,0.169184902572371,0.175897156622846,-0.555578520048178,1.20546012618606
1188,13809,"s009","m3",-0.0334896081852935,0.199383069219316,-0.00237713509541977,0.265458814015591,0.119826819668311,-0.429487345685933,1.22738573226873
1189,13820,"s009","m3",-0.11018408086017,0.127018907956239,-0.124456513842968,0.114706423094594,0.109513338129447,-0.53173722778669,1.34731203329128
1190,13827,"s009","m3",0.00248053324459452,0.265086135233101,0.0185272128029311,0.281069899990894,0.186794443246669,-0.611724032577744,1.26571363118492
1191,13829,"s009","m3",-0.00249377671061559,0.104496078119327,-0.0893048108171391,0.198857528058447,0.309325960575597,-0.49674819877224,1.34561916184192
1192,13854,"s009","m3",0.0217726564587317,0.187612408216957,0.0208622352853017,0.315433444655336,0.249363679691399,-0.215243789515108,1.23930220805561
1193,13857,"s009","m3",0.00518312145513694,0.172180876816127,0.0723457752185172,0.24741540068039,0.129005787069143,-0.633797097930145,1.15330754256907
1194,13886,"s009","m3",-0.0613012230457664,0.0631258155278633,-0.0509117158710287,0.211441883860211,0.247906731477877,-0.599331205857704,1.47184524200178
1195,13900,"s009","m3",-0.0683619700609956,0.235711150403803,0.0321651174859972,0.321251811288962,0.206226215185853,-0.518842825499417,1.17171603166375
1196,13901,"s009","m3",-0.21938808892713,0.122861598263555,-0.242440702119363,0.255302007590392,0.00150066432198761,-0.486995120700954,2.00591478360742
1197,13902,"s009","m3",-0.0483056261252097,0.255727252342896,0.0462751187930722,0.325654092066292,0.235674989972627,-0.25150614852643,0.908217433674711
1198,13907,"s009","m3",-0.0300555881683566,0.0912288333273052,-0.0299715813607228,0.262714523407996,0.214130653639889,-0.483297913766136,1.3735767894974
1199,13911,"s009","m3",0.0593910267382932,0.167477908958244,0.0297936892632126,0.318357001825857,0.33248074222887,-0.295071490956736,1.30632925147664
1200,13919,"s009","m3",0.0302602899143547,0.165618913791477,0.0349300147914312,0.276594104904811,0.3877669771714,-0.416904267623099,1.25695957982726
1201,13928,"s009","m3",-0.0941185496355634,0.195925196116873,-0.0895177916966309,0.244183145522813,0.0976221247579107,-0.67284763177824,1.64155257069341
1202,13929,"s009","m3",0.0451683256971079,0.120638058523858,0.138705006325088,0.255301698454572,0.366910908528851,-0.58864792463355,0.916290634520729
1203,13949,"s009","m3",-0.0315613680389064,0.297909948334864,0.025918342905086,0.36558533186014,0.128849487129337,-0.130267691825146,1.01380722228753
1204,13952,"s009","m3",-0.150030135974614,0.156504001829007,-0.139859249517468,0.24409791749358,0.00830688010483055,-0.302376308912766,1.67138817036785
1205,13954,"s009","m3",0.00555110737849478,0.171999560470837,0.0195999200288686,0.206146224335583,0.280540412506018,-0.496463328405578,1.10330316195803
1206,13968,"s009","m3",-0.094140009854788,0.167061313028033,-0.0713146779849457,0.28052929206039,0.184424540927297,-0.372877940608046,1.60439787867472
1207,13985,"s009","m3",0.0457805039094233,0.183637712883848,0.036217048647804,0.282540187277249,0.348324673740565,-0.628915216967204,1.27647647204315
1208,14036,"s009","m3",-0.0616495783849796,0.333662174697526,0.065506941292217,0.37955159119179,0.172571176489313,-0.165338519300563,1.28474915456568
1209,14041,"s009","m3",-0.0332805080351232,0.179486608638844,-0.00825224860438194,0.240756289444881,0.055963710001253,-0.474514120317883,1.29278098565835
1210,14062,"s009","m3",-0.070884573639079,-0.0245131926065816,-0.0353085910822077,0.294462199608914,0.226327032338928,-0.452584872237679,1.29997121353671
1211,14064,"s009","m3",-0.0270013945670644,0.13205313830511,-0.0641346074825505,0.297541067356072,0.196911494296097,-0.467006509458908,1.58734585962337
1212,14088,"s009","m3",-0.0862563228748724,0.223159928711133,-0.0672618037628527,0.340966206535464,0.214964749323575,-0.191068234615066,1.36588694295236
1213,14097,"s009","m3",-0.156015661879578,0.040953085607354,-0.141576935560416,0.161668457481684,0.111547668453404,-0.496552175306011,1.76918822030069
1214,14101,"s009","m3",-0.105197211578709,0.11483016228987,0.00127705989089164,0.188455181156796,0.074335044614477,-0.77150412851534,1.31057745087523
1215,14120,"s009","m3",-0.0159648162576825,0.232646061206973,0.0428124077293783,0.391786290912985,0.276547086158327,-0.192743945290219,1.22688035055882
1216,14122,"s009","m3",0.0507702411831698,0.292488871497916,0.140049019506841,0.429698543434573,0.245953110925301,-0.331838867526256,0.521537709378508
1217,14128,"s009","m3",-0.0560264683627058,0.154457570321348,-0.0728345313043471,0.196196070027503,0.135210087127199,-0.548490712401849,1.6238096876423
1218,14131,"s009","m3",0.0537179925948522,0.309666526379478,-0.0352753210180897,0.387789265367451,0.198511025689757,-0.133983815515046,1.16084461871273
1219,14142,"s009","m3",0.0176838709660515,0.137650932138316,0.0356078249132174,0.308168175298175,0.2540329321113,-0.457924544902916,1.28311817341677
1220,14148,"s009","m3",-0.0178613819956458,0.123963738159082,-0.0139729183654688,0.352232360959346,0.292535999666987,-0.237901308311187,1.42224802077416
1221,14183,"s009","m3",-0.0631264136961683,0.174694843222121,-0.0647939435904207,0.274239095739951,0.15766108874146,-0.39452269431113,1.3680525368118
1222,14192,"s009","m3",-0.0606386804512766,0.026378984869015,-0.0472702862002033,0.197778727024224,0.115981568443363,-0.531674609197703,1.41636962540854
1223,14201,"s009","m3",0.126734456883516,0.285621443488931,0.0693019082077689,0.286215440163302,0.359603424431414,-0.384201516027896,1.19832991122746
1224,14202,"s009","m3",0.00713899231344383,0.0536914048850208,-0.114285670358359,0.231663694762669,0.237319252722924,-0.588074639172319,1.69218090685861
1225,14205,"s009","m3",0.099259839214037,0.165922771610252,0.101469336345639,0.180811815268175,0.271957490326952,-0.786209339497482,1.02400068069185
1226,14216,"s009","m3",0.0636145861886871,0.2844858261965,0.117011937206244,0.305427129636377,0.256515977468022,-0.470811225826056,0.810638582725507
1227,14222,"s009","m3",-0.0140544762480544,0.198383181026413,-0.0140135102393296,0.192693142746196,0.286722450979151,-0.525410278386261,1.33229816256312
1228,14229,"s009","m3",0.0278570357060462,0.206677628778925,0.0649793150018787,0.272876952157246,0.311218041645231,-0.359191777475331,1.08851853153285
1229,14240,"s009","m3",0.0516676467152147,0.308297684058995,0.114719254633373,0.281856054892541,0.339583859440032,-0.290433283601784,0.773938416511366
1230,14241,"s009","m3",0.0218462266922784,0.343641569917524,0.066602430796662,0.377118503497507,0.270506107285735,-0.296321111726273,0.948226044664805
1231,14249,"s009","m3",0.0775496778448601,0.25082653480051,0.0439836836326854,0.340057341605037,0.234146971512128,-0.440166015253817,1.00349738084808
1232,14257,"s009","m3",-0.102237198213993,0.0395781371032278,-0.0781919163668507,0.263292511784439,0.205294695307032,-0.420525366684848,1.47809466447057
1233,14265,"s009","m3",0.0470408780027215,0.289664933635531,0.027190081939662,0.299946227563049,0.207995976502512,-0.0955480828029396,0.852258027605692
1234,14282,"s009","m3",0.00811400852092194,0.171046777906421,-0.0661796013154808,0.393445437400661,0.108369416277475,-0.255810690458262,1.42547733647022
1235,14289,"s009","m3",0.00138396660784775,0.222026402698412,-0.04253137280663,0.328083787454152,0.181223725003836,-0.355315169368007,1.14008424774561
1236,14291,"s009","m3",0.0691095595901135,0.336166930149324,0.0936929970023547,0.459644519156832,0.361369702580525,-0.0155321873174337,0.881970097868418
1237,14313,"s009","m3",-0.110410477798557,0.204924926557643,-0.00500383000049781,0.248696543610106,0.246190073159798,-0.370627097361898,1.57279287061679
1238,14333,"s009","m3",0.0779067997414599,0.0307203658245407,0.0157297198241366,0.345087943093067,0.225590564185745,-0.306411685302088,1.40115668015569
1239,14339,"s009","m3",0.132638863721819,0.28225511494258,0.198459894032783,0.427361932341204,0.43082428303343,-0.316432397674246,0.643654246005238
1240,14340,"s009","m3",-0.0107872534927045,0.0857751982737662,-0.110435088147004,0.27267700240759,0.133853855920102,-0.704373871123373,1.48024757800565
1241,14375,"s009","m3",0.00954098291826129,0.167880173378303,0.0337584215190195,0.21786492508125,0.318607703527779,-0.582994507305384,1.29031990342174
1242,14376,"s009","m3",-0.0898296034727246,0.174036515507326,-0.0686592076631786,0.23996286869478,0.178365852869275,-0.323102382235322,1.43046052774947
1243,14395,"s009","m3",0.0726946467040405,0.26229443815715,0.0341101547170585,0.341375587637762,0.303400966988325,-0.300677771212959,1.05877659216714
1244,14401,"s009","m3",0.0244407028758038,0.138972998898019,-0.0024886223803765,0.134073102207068,0.35381929954015,-0.65887454628549,1.50423984093198
1245,14408,"s009","m3",-0.12392257626066,0.186129872921439,-0.0769606030474978,0.291865710389665,0.0351665330877511,-0.570779833400643,1.17186579135876
1246,14424,"s009","m3",-0.165368844774698,0.116797819046875,-0.151702582060927,0.254820713427666,0.0275264212139459,-0.300839042389366,1.62540220863028
1247,14435,"s009","m3",-0.0890313100776636,0.185630639528443,-0.0719189863068398,0.155642019562792,0.167429155201103,-0.65078872600679,1.56598791256678
1248,14465,"s009","m3",-0.0308333606301363,0.109103460496557,-0.0449708638727546,0.36154709946218,0.187484858405567,-0.398289992410522,1.26972477383869
1249,14497,"s009","m3",-0.138176472285423,0.14478903434744,-0.171433745139042,0.241574735022482,0.064325409261786,-0.573801172795625,1.54229766219319
1250,14499,"s009","m3",0.0537658477103077,0.252275673641331,-0.00989928243072349,0.314250548856113,0.24988905319631,-0.357235000877228,1.08856176802353
1251,14501,"s009","m3",0.133188638709033,0.194485548172496,0.0673431550080871,0.259786976055211,0.203234865608957,-0.310720078524082,1.03287216554788
1252,14503,"s009","m3",-0.0511158545424154,0.186612434142727,-0.0399388569328538,0.21812881094174,0.228953548905259,-0.430095888702217,1.54128431686152
1253,14508,"s009","m3",-0.00018119239522087,0.189908710032018,0.00130075621411994,0.291338230494059,0.226285600905706,-0.378092810669834,1.15441449302862
1254,14511,"s009","m3",-0.0195053416730091,0.167142446355005,-0.0647791195417439,0.252164977079614,0.226182617824254,-0.274952916435971,1.62431165854295
1255,14514,"s009","m3",-0.0820844365150104,0.125027302442274,-0.123151733932283,0.294518203466099,0.0550436559119713,-0.737201829695927,1.63621158718635
1256,14517,"s009","m3",0.026891627867217,0.199797675888923,-0.0392235785430283,0.307075055390549,0.177508239762454,-0.525337244381821,0.971323516388359
1257,14519,"s009","m3",0.0322215721748725,0.110003555012186,0.0299972088974655,0.21388859650473,0.267416474554859,-0.553859744085452,1.46692068418145
1258,14527,"s009","m3",-0.0429135414783678,0.185652331815334,-0.133620846833114,0.236729417154468,0.198541912010281,-0.580139102576023,1.48289913097226
1259,14531,"s009","m3",-0.120628461652293,0.107212165468667,-0.145130754923619,0.274378308118604,0.100724296811058,-0.359046948091221,1.54432105731371
1260,14532,"s009","m3",-0.130801911334496,0.0363415133048574,-0.0931263671348527,0.235761411434519,0.081828675697975,-0.576996510270545,1.81643393810124
1261,14538,"s009","m3",-0.00019398543951143,0.140337185883893,0.0126922483545385,0.258787596902551,0.313975849997804,-0.390883497587961,1.13726782899195
1262,14548,"s009","m3",0.0868193026821423,0.13398160382271,0.0178884874512088,0.229509779551594,0.192571305305135,-0.524928926339655,1.09134076684958
1263,14554,"s009","m3",0.0717314109833484,0.344586098361632,0.0389461613774192,0.413302455377372,0.343573013140806,-0.222677267437204,0.828861859822142
1264,14557,"s009","m3",0.173166673508681,0.29791176228616,0.21802467666854,0.365672647951372,0.433084714205267,-0.23274323036353,0.593632313357893
1265,14585,"s009","m3",0.00994577489312793,0.209214298185072,-0.00213383142759232,0.298316344345569,0.272380338749023,-0.322573708910671,1.39410659403895
1266,14587,"s009","m3",-0.049787374312212,0.202049413487046,-0.0199997365737309,0.203558312221347,0.108749741066442,-0.300604461621175,1.19187496927018
1267,14605,"s009","m3",0.0350790424757234,0.185786525596292,0.0851804752003528,0.328519751319974,0.307941855439832,-0.583411093622654,0.794870902296216
1268,14608,"s009","m3",-0.0732597966047196,0.0855948019005533,-0.0569272524565595,0.227308343363078,0.192694428710534,-0.661845761888459,1.4142993068127
1269,14628,"s009","m3",-0.0733656736387795,0.214475888665081,-0.104510775964726,0.293385867114617,0.118842523807164,-0.333382847724698,1.55020157506097
1270,14639,"s009","m3",-0.0324627442809714,0.212975379519365,-0.156944035971014,0.253395067733226,0.111700958240311,-0.459569251017468,1.24776446155639
1271,14640,"s009","m3",-0.111662956560644,0.133339436649792,-0.125593117551302,0.267880779055534,0.114803008405497,-0.431807835593395,1.70030299553207
1272,14647,"s009","m3",-0.0556281148802582,0.204108924325599,-0.0514877996458109,0.285103602821728,0.233490792145389,-0.35923999718579,1.48605157507102
1273,14667,"s009","m3",0.0518010718522711,0.124087280249213,0.0398999174296738,0.262187045716829,0.281444023958703,-0.596602527364136,1.35592937453065
1274,14680,"s009","m3",-0.0424577899860565,0.126743310166778,0.0115453609198977,0.199743012524975,0.220273151679456,-0.388526849738157,1.49716359065833
1275,14689,"s009","m3",-0.0221768496190418,0.193078167560964,-0.0936649309266193,0.248045830310857,-0.00696421902626169,-0.442570137492647,1.40165019675971
1276,14702,"s009","m3",0.0263779595067447,0.0585704727332379,-0.00477328435781692,0.0774397818522114,0.165884029995744,-0.86757544944993,1.55601498210545
1277,14732,"s009","m3",-0.131847914824179,0.0662819285837587,-0.185272289424488,0.218959004054227,0.194739732536758,-0.566959404208334,1.83404910863765
1278,14737,"s009","m3",0.0180674023934328,0.272812289031786,0.0965411320374634,0.329134337869791,0.298145098562916,-0.272547940388962,0.885518483047487
1279,14747,"s009","m3",-0.0538187488319698,0.178450550572627,-0.0398894756449536,0.253914258318813,0.26194362762533,-0.524586867740091,1.39248523779968
1280,14748,"s009","m3",0.0681437817101915,0.314736983427807,0.0373592193748784,0.330272961464248,0.323970078131223,-0.333232737640235,0.934476991460248
1281,14762,"s009","m3",-0.0952575812948862,0.276185682476296,-0.103220808594882,0.161636780884104,0.0904268339245608,-0.533496056127873,1.4895953235512
1282,14770,"s009","m3",-0.145482134214711,0.141111584429366,-0.0794784610671483,0.301631363101121,0.115602727539743,-0.279985686819097,1.62281112511615
1283,14777,"s009","m3",-0.110613125552393,0.161671922715631,-0.0381780487793811,0.218331167288828,0.161186663055913,-0.681247902939093,1.49547949040128
1284,14786,"s009","m3",0.104350511739362,0.341619160593044,0.104337714353492,0.446763068310446,0.285530498393244,-0.051981515791414,0.858855262845783
1285,14788,"s009","m3",0.0727876137675529,0.223181954561174,0.0791843705993723,0.244416727160979,0.351353075407676,-0.433110343183375,0.994537470517008
1286,14793,"s009","m3",-0.0342412629962472,0.094463276505984,-0.0291309956949015,0.213111445295506,0.127449149232537,-0.718579763683867,1.58638539509457
1287,14797,"s009","m3",0.0824250439025585,0.155147913196481,0.0361382984362728,0.299306128128522,0.327771266230001,-0.697984231056033,1.27477117913503
1288,14804,"s009","m3",0.022245163392072,0.316930668281475,-0.123118637316546,0.360034273106613,0.123494491799945,-0.0670224655977806,1.00954579475618
1289,14808,"s009","m3",0.0343477158713169,0.292289578283756,0.0808495658372808,0.341319753025533,0.229198351630249,-0.507923411285965,0.951407315399097
1290,14810,"s009","m3",0.0145738132574742,0.252277235828479,0.00222822218346575,0.278622187793828,0.22572155201332,-0.211974267727407,1.27710944680392
1291,14817,"s009","m3",-0.0218942990482252,0.0692944488092877,-0.0442650409869477,0.235336667266631,0.187416639048991,-0.598661719560737,1.47009438728113
1292,14825,"s009","m3",0.000361741977698888,0.143370021924393,-0.0325272518325125,0.199751645985422,0.279942275527178,-0.301569129953006,1.53641934190946
1293,14838,"s009","m3",0.212501431546879,0.406339371202568,0.135692176912516,0.489664951285746,0.428101295400619,-0.0269530971501896,0.545599163922476
1294,14863,"s009","m3",0.0499026399772874,0.294226465530583,0.0734250610830963,0.400824617782349,0.327805415104455,-0.275140827463545,0.789162835864081
1295,14864,"s009","m3",-0.0539223056052692,0.20011332498675,-0.065695052199593,0.347581677160303,0.274407178821208,-0.21628358580757,1.57273428005635
1296,14894,"s009","m3",0.00274377595275545,0.151510082871146,0.0660219585663582,0.279744469363766,0.276097348692844,-0.334264775259161,1.19992617068914
1297,14917,"s009","m3",-0.000606169247425717,0.115029349097844,0.0304467341854661,0.246275831081155,0.214815853791281,-0.37656993101258,1.2757441091609
1298,14933,"s009","m3",-0.0567449909826968,0.139139342387398,-0.0593487647410252,0.260007731059407,0.107615337461596,-0.421244546042649,1.62092922770707
1299,14939,"s009","m3",-0.0545680342500339,0.247905227826095,-0.0235272187274192,0.260140265962389,0.190748707756538,-0.770290668979379,1.24799253652255
1300,14957,"s009","m3",-0.00427449030446213,0.204503205997063,-0.0140710069260213,0.249063379073463,0.184113857251685,-0.314915375327143,1.19516982480859
1301,14962,"s009","m3",-0.092737080901133,0.0305862156845639,-0.135928428885301,0.200676636865174,0.0834454973674167,-0.581998019784949,1.54550805526637
1302,14975,"s009","m3",-0.202758872337184,0.16250831186546,-0.155599630541939,0.219099241819635,-0.00465523564095368,-0.612056525287935,1.76496105782752
1303,14977,"s009","m3",-0.0505659511613565,0.137609370709322,-0.0970839461472325,0.274838487460659,0.139105430599489,-0.378000459728118,1.76770179388027
1304,15003,"s009","m3",-0.0805787652036181,0.0823303611336182,-0.0890144218608343,0.167288464091607,0.113993665528007,-0.755903183742487,1.80084630620741
1305,15004,"s009","m3",-0.0577545008599457,0.077066364292373,-0.125796697423664,0.19041998353232,0.0570700206252988,-1.01838085725073,1.57808859323569
1306,15005,"s009","m3",0.0533781561588999,0.135873080076923,0.0412321018029238,0.220678456664964,0.280938504489877,-0.633015804282454,1.38416262842782
1307,15061,"s009","m3",-0.145788698867227,0.135984208697916,-0.0967125891979711,0.200055699142406,0.159626546624703,-0.318722844432938,1.74527587097905
1308,15090,"s009","m3",-0.0639679990372087,0.152595596729712,-0.0772558344922167,0.303250661256322,0.169078207338703,-0.568539648192635,1.06472288477507
1309,15094,"s009","m3",-0.072579918679679,0.249757900248728,-0.122012714455133,0.201574323036839,0.0316716339949071,-0.380292333273344,1.56843862594976
1310,15097,"s009","m3",0.0252103636534782,0.285808688558695,0.0367984866142852,0.33210062138497,0.235925324832444,-0.271971137859007,1.15331958830064
1311,15109,"s009","m3",0.051243121776124,0.153138232462965,0.121514079334974,0.251587330780419,0.322023525887385,-0.623168384854574,1.08878683192776
1312,15111,"s009","m3",-0.0433625690234291,0.163594833050869,0.0390452071174881,0.160006467759926,0.14014045326095,-0.522435657659888,1.61205692262854
1313,15117,"s009","m3",-0.0437280000925452,0.314829443864686,-0.0725700983923796,0.189135266683612,0.147873583553644,-0.374797155383864,1.42325588423803
1314,15125,"s009","m3",0.069683632753773,0.302970457650672,0.0299132972319426,0.227899928912432,0.25734662918996,-0.200097791953688,1.08330650001632
1315,15131,"s009","m3",-0.0357178464333108,0.26361272319961,0.06823499150966,0.261931998256715,0.175354053976098,-0.411820269359313,1.16261033169014
1316,15135,"s009","m3",0.0978684340719873,0.193021682711221,0.10335913691126,0.324144130499791,0.291864968245037,-0.552078142674818,0.991255660513301
1317,15143,"s009","m3",-0.0543235489749189,0.169455920022332,-0.0154641012151896,0.233886805930248,0.178303930246431,-0.544873263728153,1.09474332437039
1318,15154,"s009","m3",-0.0318027985213156,0.107832849050609,0.000204398240293,0.28807922431341,0.177937077702417,-0.437392475112563,1.37136071400317
1319,15163,"s009","m3",-0.104566005411823,0.0613967786257081,-0.0828842160294729,0.262672006584526,0.1648104427711,-0.521340607323019,1.69875401732188
1320,15173,"s009","m3",-0.0731288427442986,0.104636371846059,-0.112510883257477,0.27351935923534,0.138268052772741,-0.409891161321965,1.6500029181401
1321,15185,"s009","m3",-0.0579718945836828,0.20210660693556,-0.0572195006490143,0.295363480199048,0.239812604041257,-0.512478378622947,1.45831036171517
1322,15187,"s009","m3",-0.0218099486895663,0.263113467844468,0.0356621819827737,0.288974723018127,0.233660099521678,-0.4886991744969,1.17608978782395
1323,15268,"s009","m3",-0.0206263880743538,0.141859326414401,-0.125977556583192,0.224221016453396,0.174083056253374,-0.368306029976866,1.41967204340227
1324,15277,"s009","m3",0.119909770757984,0.197462300259055,0.0816668745485492,0.272735573560256,0.309939643307453,-0.482285338680347,1.03739935791237
1325,15303,"s009","m3",-0.0486434630607815,0.231655768558699,-0.0437007359972226,0.262185482833744,0.19336708194188,-0.294934813645255,1.34675294067811
1326,15304,"s009","m3",0.075197484560672,0.213856585483815,0.0485451872651087,0.271024367116579,0.330729410484809,-0.411710944897706,1.04555310080287
1327,15309,"s009","m3",-0.0411235527522774,0.060887523594977,-0.0510557808367129,0.312533492484449,0.192045083172483,-0.513362348899571,1.34766062067289
1328,15310,"s009","m3",0.00875237283703796,0.122245519067409,-0.0699181981808214,0.159819647201769,0.216896740776047,-0.498642986747962,1.55169988116508
1329,15314,"s009","m3",-0.0345611111037809,0.115126669854989,-0.0366005409401728,0.242321722105884,0.222304156780261,-0.473917731118142,1.62818928883177
1330,15322,"s009","m3",0.0180567571629993,0.153699525981656,-0.00447935628245467,0.317522510021232,0.193006475616605,-0.935148270031839,1.1656952635295
1331,15328,"s009","m3",-0.0521706911135237,0.0905580348965771,0.0211219979897953,0.322877030089828,0.275590756602561,-0.283012954913664,1.54142034500379
1332,15331,"s009","m3",0.169256566636278,0.262149706638768,0.101715406669052,0.241352945774451,0.348368488850044,-0.260649227758921,0.865333065228985
1333,15365,"s009","m3",-0.00989289724063946,0.158095521007026,-0.0517572403891912,0.166678355151212,0.273277600913073,-0.672147933812129,1.58137268846332
1334,15384,"s009","m3",0.00248997548546005,0.257072718605112,-0.0146851769662393,0.228596229442728,0.22986207057432,-0.53739311897617,1.1698946308917
1335,15396,"s009","m3",0.0187930448645624,0.279149133204832,0.0429560317731176,0.35353069365436,0.219654444757141,-0.252520064864537,0.953961279413976
1336,15402,"s009","m3",0.0214174930390938,0.242800563160847,-0.0164587394086548,0.275996966282471,0.293369167309321,-0.27306042372076,1.35682615024245
1337,15406,"s009","m3",0.0414315001590491,0.162574160682136,0.0345680182944118,0.239564232977472,0.367517923936851,-0.623292739206306,1.22397209007839
1338,15439,"s009","m3",-0.028909135831888,0.102081085547664,0.0348425513841877,0.256769694110066,0.257403858971756,-0.445261767520568,1.2252296319159
1339,15451,"s009","m3",-0.0370731359416005,0.227384036092225,0.0475959990660562,0.352346126572115,0.252025490484966,-0.28985623941404,1.21409890689637
1340,15455,"s009","m3",-0.0696492684758755,0.159884137871613,-0.0554880883665804,0.219419587959845,0.18760478194111,-0.843190985286047,1.34500517255471
1341,15465,"s009","m3",-0.121189974528897,0.0559666724935583,-0.113048995289583,0.234306918305209,0.046370663687166,-0.536091320251098,1.49927418323963
1342,15475,"s009","m3",0.0698135475135206,0.142367732761375,0.114394045200732,0.290236014467924,0.281852359380168,-0.268792619237153,1.08837871379969
1343,15488,"s009","m3",-0.0797829992178569,0.0677140248207459,-0.0520466820319027,0.283002575822501,0.23962506835028,-0.647678651180164,1.65311377171462
1344,15526,"s009","m3",-0.0916116061561952,0.220300374965703,-0.0318385450585838,0.202768924547629,0.0837138012566851,-0.270305043771361,1.36193998219257
1345,15532,"s009","m3",0.0833130287528277,0.244104388928618,0.108065294213778,0.381830483652732,0.346271887140592,-0.304816669274265,0.918730496446923
1346,15549,"s009","m3",-0.0825505627973428,0.213037737905489,-0.0915957384456322,0.2674688194204,0.114195377505049,-0.501993924172726,1.14874986596864
1347,15553,"s009","m3",-0.0875196966884803,0.0865985772554832,-0.161943920608788,0.195865734076352,0.216194470451974,-0.449179332765205,1.70986168122973
1348,15556,"s009","m3",0.1881330341969,0.251684094415016,0.201155211616061,0.414431177316027,0.44908869898631,-0.467666159799722,0.670786336336135
1349,15570,"s009","m3",-0.110030217557677,0.177345048822973,-0.100404238079406,0.314906086399332,0.172823729503742,-0.455125776566705,1.67017648802941
1350,15586,"s009","m3",-0.148270198648479,-0.0608182866513261,-0.121690055023005,0.13689988784272,0.192329157080337,-1.02451874330784,1.94524354263658
1351,15587,"s009","m3",-0.0964522332549307,0.0781410866348651,-0.0820121640008915,0.199033404957563,0.199607427526504,-0.718066198024864,1.62950412798256
1352,15600,"s009","m3",-0.0379984226153438,0.106270830846901,-0.0672695097665668,0.270766928301462,0.136835418711871,-0.247243634775569,1.4986590318591
1353,15609,"s009","m3",0.0747185058832607,0.131382130189801,0.0604362448548003,0.254551216648196,0.307698010514038,-0.598425259502174,1.24504164097854
1354,15639,"s009","m3",0.113735023668619,0.2439667857052,0.038225018764425,0.2785035741364,0.270098307224683,-0.331740712503477,0.908691625306545
1355,15643,"s009","m3",0.146785409791834,0.225377894861207,0.0786300370126757,0.288321196633249,0.342237348845358,-0.272208757386457,0.934868717463563
1356,15669,"s009","m3",-0.0820628847611157,0.146291218743641,0.0114403513459864,0.302830749859391,0.0726537819796129,-0.707445887030753,1.16936143735363
1357,15685,"s009","m3",-0.00862230207545905,0.142345955639859,-0.0846899885567239,0.0874265662213577,0.230424392740217,-1.01110745146119,1.70120232085954
1358,15688,"s009","m3",-0.0571960687075096,0.26987994084761,0.00628808150520192,0.323960720481928,0.242589220364779,-0.186949178782952,1.14196740916914
1359,15707,"s009","m3",0.0274950152615164,0.310509955461802,0.0413689110410257,0.414799845929832,0.220186022518715,-0.0693590597339586,0.852589639570493
1360,15719,"s009","m3",-0.0365684324944204,0.191769035451867,-0.015528270049297,0.281871739723596,0.271021717504703,-0.31397110165725,1.2846888711319
1361,15722,"s009","m3",-0.051882279785527,0.224487339065262,0.0400719699306433,0.423714832977211,0.245484360478846,-0.262565613139121,1.13171299802564
1362,15732,"s009","m3",-0.0262100231156497,0.188764795600796,-0.0900126355297256,0.255883079017301,0.0640236427971845,-0.449545033525158,1.24654656549202
1363,15739,"s009","m3",-0.0485516881645082,0.118942099859544,-0.0770647863650647,0.323864160040792,0.191750281972074,-0.385235734951502,1.49683698008422
1364,15778,"s009","m3",-0.0623960975394805,0.134494268745938,-0.0953446076962781,0.218229963890089,0.23968816884781,-0.824901974603677,1.76005350513363
1365,15784,"s009","m3",-0.01389508777075,0.13509585696997,-0.101538940976295,0.227477775952235,0.124058935687663,-0.570525262450616,1.54384554362337
1366,15795,"s009","m3",0.018789015011873,0.197393414644065,0.0591544985665589,0.20892563368426,0.301849908478892,-0.610186800704273,1.1826084130306
1367,15810,"s009","m3",0.0720922033345152,0.212653292066254,0.0755065871777416,0.446670996850867,0.358094573696741,-0.35874149998242,1.19580277697868
1368,15833,"s009","m3",-0.0266839328778456,0.182475042631799,0.027605538880456,0.168446234191198,0.20780641011415,-0.596713359723014,1.31218936144482
1369,15838,"s009","m3",-0.0938421847874925,0.165754854060328,-0.0832042516963407,0.147797070546979,0.149340328850464,-0.850802917359435,1.50128207581487
1370,15841,"s009","m3",-0.0211058132374908,0.25052165892099,0.0150636964014284,0.219144545640174,0.0934173664804375,-0.605280788786145,1.3137104475463
1371,15849,"s009","m3",0.0129586295610793,0.184702969043793,-0.0251402832214165,0.268482149674977,0.332630097745179,-0.299968397378511,1.47466294228161
1372,15867,"s009","m3",0.119137297042591,0.28927167361437,0.0863078132635611,0.317300095283011,0.370217261187625,-0.372514932242303,1.2388347752032
1373,15868,"s009","m3",0.0820744515491735,0.230757072276518,-0.00954868390094533,0.267176755358163,0.257739733354551,-0.875599639037384,0.999722266082938
1374,15872,"s009","m3",0.0427482876589335,0.180427635325953,-0.0707482880587847,0.281296017499444,0.237978640749971,-0.431796363749734,1.27525587971694
1375,15886,"s009","m3",-0.166584859551027,0.103118618561154,-0.219246195799483,0.310129844395156,-0.0478778438033016,-0.239723202555233,1.97717558218326
1376,15899,"s009","m3",0.130297489584979,0.24969331895567,0.0898062398499032,0.357971448141253,0.234604411101826,-0.265845656957401,0.730205422603014
1377,15906,"s009","m3",-0.0173049235170028,0.128163276972604,-0.0343151183661333,0.264113534023397,0.159855592973367,-0.463213595647403,1.28055901052234
1378,15913,"s009","m3",0.0452257087634294,0.268668876935301,0.0436017314132921,0.292357564977902,0.149189526489088,-0.415930232962048,1.03897035302761
1379,15919,"s009","m3",-0.0548461223439924,0.227640215073111,-0.0344914751761135,0.322652754776337,0.133450866222338,-0.153444755041692,1.52434899616143
1380,15923,"s009","m3",-0.0290853077358759,0.23680629821896,-0.178787754398373,0.309726610910685,0.142735821705889,-0.281766918622578,1.28567709048396
1381,15931,"s009","m3",-0.0377546513498593,0.181359093624138,-0.0179220893277544,0.335433815436986,0.206128294552931,-0.252952202817917,1.48576624716554
1382,15956,"s009","m3",-0.119450363953158,0.150978900709258,-0.0516515020002282,0.35411062946515,0.112581640333917,-0.188577637072869,1.52597217866654
1383,15968,"s009","m3",-0.0543370171940764,0.277924063022762,0.0454919109668099,0.314923755833006,0.169526437544844,-0.219113746174325,1.24971799938193
1384,15982,"s009","m3",-0.105441914252297,0.0582373211660472,-0.206602971220228,0.169862831502699,0.187385702592312,-0.797544295902226,1.95131692653661
1385,16009,"s009","m3",-0.078466601727693,0.137292021074969,7.62154226299615e-05,0.296149296922046,0.291163548111153,-0.741896992979411,1.10374073291663
1386,16011,"s009","m3",0.0206295447426713,0.236217980253309,-0.00984779547948187,0.304521053533876,0.11205012429613,-0.33033646062281,1.12133397352676
1387,16024,"s009","m3",-0.0358406591649088,0.279770860054209,-0.0232568247837202,0.300189608166752,0.211844835644403,-0.262735504981097,1.41777257836048
1388,16037,"s009","m3",-0.0333513801855192,0.183938957216041,0.0151974757240448,0.227737498759067,0.243084708786231,-0.635133735821205,1.19972497912613
1389,16063,"s009","m3",0.0167688190626233,0.159477262765063,0.0134920632775133,0.261467328962554,0.257888065724406,-0.408916186182644,1.19449895307155
1390,16077,"s009","m3",-0.0355388420805353,0.098909887278192,-0.0339960775049235,0.317698639512372,0.22712178493995,-0.565508000947092,1.3819876072608
1391,16080,"s009","m3",0.0362590842631857,0.157991315290517,0.0600112004573962,0.248006855840025,0.331829452824911,-0.365494507498412,1.22013210688107
1392,16084,"s009","m3",0.11041549608125,0.243020703925883,0.12038961353366,0.150311813830862,0.285213496898697,-0.679380949760915,0.926828425249703
1393,16114,"s009","m3",0.0350684507031168,0.304596841141426,0.0510820942965752,0.431263130162306,0.223020956808357,0.082091516055395,1.078475865997
1394,16124,"s009","m3",-0.00965791014213157,0.225234729021203,-0.0196087332993571,0.258930299570166,0.123243459184225,-0.489420015121296,1.06250884380109
1395,16132,"s009","m3",-0.0868723156084166,0.102813403110769,-0.0297305539675956,0.241764580032833,0.106124679285404,-0.523845096342517,1.50582043405791
1396,16147,"s009","m3",-0.020709765625879,0.272409585361375,-0.0200054228206398,0.203023058146514,0.150261269633173,-0.661614690146306,1.10637033958208
1397,16150,"s009","m3",-0.100974596898757,0.0851405381792222,-0.109310451499996,0.259242540195005,0.183097208535636,-0.795731231828716,1.41160589631302
1398,16171,"s009","m3",-0.100235522898504,0.109043256013919,-0.0567971663452607,0.192320398994362,0.225204163231823,-0.547424961677706,1.72732024270692
1399,16194,"s009","m3",0.00526997073273721,0.198606665331993,0.0142350605947141,0.226720929710202,0.203988733668876,-0.402910273805432,1.1797381232972
1400,16198,"s009","m3",-0.0343005863636395,0.0867156537935062,-0.0612861130358229,0.312726164463028,0.33756621438533,-0.437716493899197,1.36727257536149
1401,16201,"s009","m3",0.0494550499847566,0.15308356392284,-0.0135820307657666,0.26739391028598,0.164876858945874,-0.486124187148658,1.34143436867614
1402,16234,"s009","m3",-0.0408298098413433,0.139983317834643,-0.0370493396752684,0.23238026787595,0.231668186395129,-0.514997167562239,1.60615038318042
1403,16236,"s009","m3",-0.0398985050625379,0.145500499372638,-0.0683318526604957,0.292894953774791,0.25860686548435,-0.445513779297531,1.41802212635558
1404,16249,"s009","m3",-0.0747993393342941,0.153732355303608,0.0434811740610183,0.24948148979101,0.0822422814289058,-0.507759623851597,1.01749683821492
1405,16254,"s009","m3",0.0586387956457126,0.287392925724331,0.0521274033788454,0.338394093262206,0.326821732335908,-0.161863121304305,1.01535706817071
1406,16257,"s009","m3",0.0704960366776004,0.334132089103023,0.043084937157033,0.320956733998999,0.254773101541811,-0.181472299806583,1.09100378225997
1407,16258,"s009","m3",0.102596597577672,0.176224142938256,0.0488335301268193,0.194479335481653,0.239283865185456,-0.386735583833412,1.04354779027159
1408,16262,"s009","m3",0.0363095493606964,0.0618182035074921,-0.0701922940538061,0.345198154762751,0.213720923148065,-0.297474121261961,1.33096970576574
1409,16275,"s009","m3",-0.0547206455494803,0.0981868270692347,-0.13058179738647,0.274399024279478,0.145840692759061,-0.324053882606163,1.82915318657046
1410,16278,"s009","m3",-0.0793686433319022,0.0573093340538289,-0.0596905137766224,0.302873435312751,0.241065776187844,-0.676825781486234,1.57680173333528
1411,16281,"s009","m3",-0.017708577957025,0.112286765360482,-0.0529756664451726,0.191553488117999,0.215586801675088,-0.616338484818216,1.61983895007913
1412,16288,"s009","m3",-0.00108393918192953,0.251835145238352,0.106824584771977,0.321355479015992,0.28498232472386,-0.323223782185363,1.16109385070836
1413,16304,"s009","m3",0.0599485079593914,0.246394401312611,-0.0116724519851318,0.299711177086704,0.236976671044267,-0.526870923273304,1.28247934185044
1414,16309,"s009","m3",-0.0374775858651914,0.15731581390634,-0.0597186918303216,0.269842761586455,0.0845716870279953,-0.582870277652472,1.22845223213565
1415,16314,"s009","m3",-0.0252239473625768,0.259909491881715,-0.0410564993230475,0.15786691861351,0.205836986939749,-0.264366014228933,1.49096397143046
1416,16318,"s009","m3",-0.013846826451468,0.117028117448826,-0.0614544149453111,0.254049132986216,0.197673261580816,-0.637647976692359,1.50363270692292
1417,16328,"s009","m3",0.000525737154743435,0.214597544406112,0.0304936472762491,0.35213473182011,0.280506478122019,-0.221628424124867,1.1050374546466
1418,16330,"s009","m3",-0.0644696305700767,0.13929601961117,0.0202077526439242,0.250113110106492,0.191342540663509,-0.632539826186648,1.27196830455981
1419,16334,"s009","m3",-0.0643011494078223,0.0857798158588956,-0.104193434204078,0.265635148793504,0.11252171285857,-0.674811920011655,1.51109587018302
1420,16335,"s009","m3",-0.0700263435679138,0.236104660718713,-0.0115257523928842,0.280283727465864,0.179687382039067,-0.494597137184973,1.32987543510452
1421,16348,"s009","m3",-0.119622817713589,-0.00157774397471627,-0.121737617623638,0.162453413922115,0.190073359847672,-0.853144335275581,1.58744766707547
1422,16353,"s009","m3",-0.0530497720009922,0.26335605927915,0.00108162519905163,0.30983744466732,0.255235603493458,-0.466365024957645,1.3567170852052
1423,16383,"s009","m3",-0.0562294941427956,0.269239435448112,-0.0120434176181761,0.335479478048131,0.209225837158544,-0.310858580092392,1.34194308677099
1424,16407,"s009","m3",0.0640170557194905,0.252190352967034,0.0448783926680624,0.272735755170691,0.284821229144409,-0.313681239576003,0.866763314154549
1425,16410,"s009","m3",0.021305121536047,0.231483841749514,-0.00296287696925554,0.245310417898341,0.151602743416091,-0.481006448127297,1.03221475445302
1426,16414,"s009","m3",-0.0247069767684976,0.0762761785130331,-0.0769128503391876,0.271084594083143,0.0923777871173913,-0.568328371708572,1.24701127709165
1427,16416,"s009","m3",-0.141198085301458,0.210533229514279,-0.0322249957842513,0.0897259484863857,0.114656910212171,-0.790228893245434,1.51918153874045
1428,16424,"s009","m3",-0.0836888436758696,0.239189504278406,-0.0992463654418699,0.245010340281237,0.237088878867183,-0.349280126654871,1.70089999540742
1429,16449,"s009","m3",-0.0139090206382524,0.0524438092667919,-0.175680372104481,0.106290565689844,0.175082172176318,-0.684016401201456,1.66738475764574
1430,16462,"s009","m3",0.0865593890445648,0.156555517353138,-0.0706124551630054,0.212903578060023,0.276244200656429,-0.665905977594739,1.28251559697463
1431,16484,"s009","m3",-0.0615726204649702,0.31071574859316,-0.0972558998928875,0.21636921266889,0.0704973780306389,-0.138280869430133,1.79439738438607
1432,16509,"s009","m3",0.0569258753909487,0.274730020326947,-0.00531308305428252,0.293052365137043,0.263976556123488,-0.260751632421466,1.31161344185243
1433,16521,"s009","m3",0.0554165088729943,0.241602476060114,0.0978493136117354,0.251669023137984,0.212541474632278,-0.411792316996821,1.09977208341496
1434,16529,"s009","m3",-0.0361319678835443,0.173094583998844,-0.0888669342937058,0.238195536689486,0.117363972698278,-0.46194411887051,1.53968932265255
1435,16539,"s009","m3",0.0287429541468004,0.162706869401555,0.0402811431662705,0.278845710874722,0.39212021080313,-0.560739900843274,1.28683023835262
1436,16541,"s009","m3",-0.22635523220083,0.161653124820844,-0.1481052031224,0.161620101967713,0.0662866859209861,-0.394420971117357,1.79057853146441
1437,16547,"s009","m3",-0.00226337310804099,0.175475325203157,-0.0465929190410446,0.360786418977569,0.186291537291834,-0.354194764884558,1.10532983006459
1438,16548,"s009","m3",-0.0828487705728835,0.140234319601663,-0.124631209588123,0.140153295814921,0.185148609884719,-0.69346435373301,1.72813968111364
1439,16560,"s009","m3",-0.00881696407906111,0.155098084923549,-0.0102813022761006,0.346930249338344,0.165448313628648,-0.292603147276969,1.24528619988243
1440,16586,"s009","m3",0.0273795635098041,0.193535120389784,-0.0375129843809029,0.259349899231532,0.191988871900965,-0.573439603085258,1.20381746467643
1441,16638,"s009","m3",-0.04934164646295,0.234539016512213,-0.116109260139794,0.315660757615141,0.0733840453167856,-0.321551470098033,1.46297383289184
1442,16651,"s009","m3",0.00621031171513653,0.136781364615171,-0.0871170864209044,0.276593867096594,0.200784039589918,-0.497047224324409,1.47589308976924
1443,16656,"s009","m3",-0.0485174622427981,0.100324152745457,-0.121591590453978,0.176166531764963,0.151740224105199,-0.410974118589785,1.36065868079704
1444,16658,"s009","m3",-0.0764211497143018,0.03969546879241,-0.101690607006523,0.215331302627962,0.155682001946686,-0.904204923146615,1.60384345182093
1445,16728,"s009","m3",-0.0710235031363286,0.168658556347024,-0.175661609846857,0.215081033879736,0.0232238785821938,-0.635895875130844,1.50642584004315
1446,16733,"s009","m3",-0.0101994133022544,0.109905930855023,0.022270031270944,0.237134486660722,0.104280938080897,-0.552386690713285,1.36953270048209
1447,16780,"s009","m3",0.180975240060302,0.195017760133681,0.17038654575141,0.299746586728224,0.392509262859748,-0.421869625421028,0.652799030861875
1448,16784,"s009","m3",0.0469898986048938,0.207670553642539,0.00577616010868177,0.202535640557976,0.353807971427004,-0.569654763663303,1.44739667779138
1449,16801,"s009","m3",-0.000380086742694307,0.240281618935916,0.147622250364914,0.261316757161625,0.341784097487263,-0.501029837144526,0.974727994131898
1450,16809,"s009","m3",0.0996155129665687,0.213361046356641,0.098327231223653,0.235500841902889,0.292531556998277,-0.343761574865482,0.774392038804384
1451,16810,"s009","m3",-0.0827576269731854,0.086741366240576,-0.117302384157963,0.216774471370754,0.126185969650227,-0.547377529240476,1.54022976206131
1452,16824,"s009","m3",0.0990206350724144,0.22885536763924,0.0947328423729115,0.282355541934178,0.350103345495522,-0.412875867488614,1.12915283138994
1453,16826,"s009","m3",-0.102173764120424,0.0788129444662471,-0.14145820021583,0.321541821265416,0.104234387503369,-0.547374996673257,1.74754838105571
1454,16828,"s009","m3",0.0377460500044927,0.165774004873692,0.0534522238331438,0.297910558005796,0.262938737060439,-0.343314292625971,1.06042493054216
1455,16835,"s009","m3",-0.112639066066084,0.0941023926417262,-0.144160299852774,0.105390513685805,0.187603743569287,-0.900444545520237,1.75140584544869
1456,16836,"s009","m3",0.00031452803038572,0.215114925737333,-0.1482978836974,0.292788079563312,0.229823431954689,-0.362208318675154,1.53591912083789
1457,16869,"s009","m3",-0.032737289382712,0.206269220302661,0.0356579309455398,0.223816904033198,0.238697862352544,-0.466368121686812,1.18084400158259
1458,16872,"s009","m3",-0.0271490832482934,0.221499440045765,-0.035723616323974,0.336773384737333,0.182401515936864,-0.298202549394021,1.06981382519463
1459,16901,"s009","m3",0.145042088597892,0.241931027536993,0.0697169989754226,0.33063447879633,0.269112256727219,-0.250062182053241,0.920960016961032
1460,16945,"s009","m3",0.00194072202612296,0.226766137011717,0.0261521918205374,0.321632610172336,0.201735627963861,-0.339635834288304,1.34836825192258
1461,16948,"s009","m3",0.0322162497820474,0.164111694354176,0.0892863531274121,0.317076470138827,0.348043648916934,-0.240515637982008,1.33438072516156
1462,16954,"s009","m3",0.0191736086257023,0.143055662513378,0.0194637857795291,0.227751854633121,0.21851206725438,-0.585862873853276,1.51168844521392
1463,16962,"s009","m3",0.0583254893827631,0.198550977087283,0.123830096223965,0.208284496258103,0.381714037090311,-0.808626300945735,1.28938820800419
1464,16963,"s009","m3",0.0192679768818069,0.125380509842911,-0.068435667277905,0.187180987041631,0.291433957362785,-0.758597710649241,1.52604002517295
1465,16967,"s009","m3",-0.0506128028055045,0.135779103191659,-0.00407291431317315,0.285049077599943,0.157581374602103,-0.648333032117368,1.17396328158036
1466,16979,"s009","m3",-0.0308748501011736,0.155388454150985,0.0353106457247968,0.224058243962981,0.293950088688021,-0.649446563070388,1.13695024603514
1467,17002,"s009","m3",0.0376991500802566,0.234406114643315,0.0905041565906279,0.345680387126102,0.286118952131743,-0.317130534758261,1.16717266992848
1468,17023,"s009","m3",0.11610859463061,0.164259744393464,0.140221356756848,0.369096742637555,0.268642826947151,-0.388431104752148,0.822441418629457
1469,17033,"s009","m3",0.00248159460182852,0.165864840843438,0.0655340287181187,0.386091794721228,0.287582897496915,-0.217182534804657,1.19876186630198
1470,17045,"s009","m3",-0.0868232640343006,0.176370236116055,-0.0252507114331049,0.255003699648131,0.116738733877767,-0.549620235715103,1.37116484588297
1471,17057,"s009","m3",-0.0451302390551405,0.159924927167695,-0.120697806417083,0.175289479760363,0.281758408696219,-0.439991559758293,1.59029504405002
1472,17066,"s009","m3",-0.125118343055538,0.159449012754452,-0.192315232283694,0.169905371660072,0.00160671225855927,-0.45188343661995,1.70983220993438
1473,17097,"s009","m3",0.158607228906014,0.231489115924712,0.104989765279224,0.372286468883465,0.233417799890831,-0.281052049358047,0.901132951658045
1474,17099,"s009","m3",-0.0261404538644965,0.0939403372423365,-0.0954406283146346,0.30217749526788,0.130646072321436,-0.629109675408716,1.29816273550887
1475,17102,"s009","m3",-0.0649102056887816,0.15539679588814,0.0248396632455743,0.276406697603601,0.249958097258985,-0.671584210705817,1.55667002082002
1476,17135,"s009","m3",0.134282666767105,0.257018002841267,0.0858971059801568,0.30169277362116,0.401304444137638,-0.29251327482063,1.23017402454751
1477,17142,"s009","m3",-0.0439340664917647,0.176725517564412,-0.101176181809749,0.352790178539952,0.139934931715483,-0.267635109947511,1.2851749911844
1478,17154,"s009","m3",0.103339739194649,0.218576347880774,0.00806395537775885,0.19555703679712,0.279964392407661,-0.422549541431628,1.11127396119354
1479,17157,"s009","m3",-0.0652993013281409,0.171433327524392,-0.112565523465645,0.316501495257394,0.185205808640262,-0.354707861660497,1.36285547750236
1480,17160,"s009","m3",0.198758485260763,0.326113541705233,0.181460297182398,0.431504271525067,0.38078246865067,-0.13793116371509,0.483432349657717
1481,17169,"s009","m3",0.0559498120875583,0.164756132086748,0.0404217471673265,0.23566002666632,0.341447102974176,-0.583341495738636,1.11764158199609
1482,17191,"s009","m3",-0.0766954883959991,0.153419156346479,0.00836946406161134,0.270944988288835,0.208900341073263,-0.358165052053185,1.14143041771978
1483,17192,"s009","m3",0.0513288673852174,0.200521932651467,0.082289520229977,0.240467055274094,0.208973113162764,-0.269797260049203,0.877912876849313
1484,17214,"s009","m3",-0.0885479450401781,0.0228094795518684,-0.121057028084598,0.160438903150864,0.186426645257547,-0.826191050801157,1.89307701981322
1485,17231,"s009","m3",-0.123348516496241,0.189423429683214,-0.0655486314607823,0.308634109994133,0.0411331888113028,-0.292604932939828,1.54621931274602
1486,17275,"s009","m3",0.0913420010553075,0.108456699426602,-0.00524800836434927,0.296997537941998,0.259082374730707,-0.345212679334329,1.20183221961449
1487,17283,"s009","m3",-0.0119114731825757,0.227876889632412,-0.0646784341923054,0.347134334361191,0.245139891222327,-0.289994292153852,1.37359926621807
1488,17296,"s009","m3",0.0660420969709861,0.279617432867635,0.0824327735552016,0.366613788168201,0.348615021903784,-0.11698340406589,1.14848610267526
1489,17297,"s009","m3",-0.178930490087765,0.10242648011555,-0.273016119049443,0.21599331881554,0.0840073317509077,-0.370788149811967,1.9830909882355
1490,17312,"s009","m3",-0.156958663250648,0.127963250051753,-0.0591583860203034,0.199661165281997,0.128580580477887,-0.603584986170597,1.45082245995364
1491,17319,"s009","m3",-0.0724696842181184,0.16126898720646,-0.121875006409661,0.416100634778986,0.277259201911777,-0.409614546996877,1.20209364158155
1492,17324,"s009","m3",-0.0869877827498883,0.19643724864441,-0.0610479505478341,0.317051435249592,0.142680835714427,-0.360907680144384,1.28034425852445
1493,17335,"s009","m3",-0.0380031167687355,0.115900120571804,-0.0448612514556724,0.251335735783644,0.27154438939578,-0.427247561593745,1.73949270595242
1494,17372,"s009","m3",0.0496459537761521,0.169331622102617,0.0721856784680336,0.298867322533395,0.270086395871572,-0.305289336110724,1.1360682937024
1495,17385,"s009","m3",-0.0391356958716757,0.1051563751964,0.0206178826436736,0.356197655512258,0.248022483551769,-0.447838529693983,1.13385763179117
1496,17395,"s009","m3",-0.157789170127206,0.0549610243128657,-0.170028238350282,0.138671334975,0.203450206184411,-1.16995425121778,1.79913013067426
1497,17400,"s009","m3",-0.0712820690863445,0.214203867508161,-0.133280153900246,0.198802154481414,0.0716909432743593,-0.615936643531349,1.50378783557016
1498,17412,"s009","m3",-0.00581948241464482,0.211453926579192,-0.0499673594304192,0.305990409541351,0.132575349026056,-0.309331492965943,1.23894137849902
1499,17422,"s009","m3",-0.0172825552752376,0.220110498459189,-0.106969678097557,0.178214735982446,0.268401188531054,-0.618934886522454,1.17846794926747
1500,17440,"s009","m3",-0.0275514968035427,0.220434686988173,-0.0207263961585812,0.277643526149041,0.13848389094763,-0.547603558525219,1.00277134429137
1501,17459,"s009","m3",-0.0864054376639729,0.147081948218943,-0.0687942590180207,0.178460052780993,0.0615000855614738,-0.684367715430756,1.3613835122779
1502,17480,"s009","m3",0.0101775822571685,0.270611150707495,-0.0574797318856672,0.32962803200483,0.174289137637035,-0.337216075606196,1.16553854237454
1503,17499,"s009","m3",-0.037193097218158,0.248811108247066,0.00573902197288536,0.359422514443283,0.229716027115214,-0.249099530841365,1.37662079304648
1504,17512,"s009","m3",-0.0232504672513494,0.225063149828962,-0.084550433580947,0.244739129771979,0.194761841260606,-0.204664858668167,1.21169938503839
1505,17517,"s009","m3",0.0162492961733343,0.0514201369282292,-0.0869112030690642,0.269909586127814,0.170470596053321,-0.57100116707494,1.57849751956056
1506,17519,"s009","m3",0.0733790880291548,0.199146105881011,0.0598688711186038,0.227679681507307,0.288385739583594,-0.755528912604988,1.10578047364426
1507,17520,"s009","m3",0.0743558887669955,0.166542468065637,0.0982030022694463,0.301602716949392,0.317463261076342,-0.392689695219164,1.15840880891
1508,17521,"s009","m3",0.0281040086846234,0.180869503224413,0.0155437287005504,0.248331666045479,0.277305753835587,-0.359852145285731,1.30412298044149
1509,17531,"s009","m3",0.0764527422838989,0.206735313859091,-0.00346840820123251,0.301387751733175,0.290307992826028,-0.329951976112681,1.10667379059388
1510,17532,"s009","m3",-0.100429747362622,0.137818391189732,-0.0578835077329294,0.242939854514043,0.254441006607847,-0.586246279812311,1.61321259505968
1511,17534,"s009","m3",0.0379376102468537,0.25544444185002,-0.0167828654789321,0.351262660393275,0.11886126933642,-0.287157879828185,0.940798685230841
1512,17551,"s009","m3",-0.0986367160688047,0.128830825340599,-0.103355878367713,0.237461373711941,0.0295701442502579,-0.668452852203109,1.3890454122957
1513,17553,"s009","m3",0.0637940776430552,0.237653321772265,0.0757942329495578,0.301658642699089,0.259161122417552,-0.702793743901308,1.28474677101847
1514,17556,"s009","m3",-0.0977184816364667,-0.0217334113190383,-0.0722412553952988,0.123040300649869,0.210011668888775,-0.976811489072923,1.67520954161931
1515,17571,"s009","m3",-0.149978390841405,0.165733546383029,-0.14406958253479,0.201133715711815,0.167969996893642,-0.317927235128928,1.91919812314096
1516,17582,"s009","m3",0.024904154305374,0.227944607742727,0.092919466650549,0.16758518686043,0.276729401297429,-0.84153188244549,1.09484379055473
1517,17596,"s009","m3",0.0661010962830161,0.357711718798854,0.0366402082723247,0.30090872722042,0.275435763268584,-0.211875749233899,0.936895502362571
1518,17604,"s009","m3",-0.0628997437981418,0.25337346500087,-0.00707857145499359,0.328274314790411,0.177533656067285,-0.073621567775723,1.33784920939309
1519,17619,"s009","m3",-0.103820179163006,0.0916038326792384,-0.0526350165001137,0.189357773598121,0.176544990876037,-0.517279113908484,1.68822052286339
1520,17644,"s009","m3",0.0496475058958328,0.174384537103515,0.0632723960486534,0.190125652345302,0.200593054614347,-0.551362159443444,1.15956524054962
1521,17666,"s009","m3",0.116247118941946,0.182214126270698,0.0847270576644788,0.380007797010679,0.392560854195984,-0.392674180083291,0.781101423201487
1522,17672,"s009","m3",-0.0808748303636505,0.119131567286495,-0.0889539232662014,0.213524482888799,0.165410740194225,-0.344073916634705,1.50375565201532
1523,17687,"s009","m3",0.0800167441139322,0.186464537339895,0.00839333887013436,0.238299216016362,0.227503792763808,-0.609395966496301,1.26889377036963
1524,17690,"s009","m3",-0.0651092115892789,0.182134199016513,0.00512268371100733,0.278714893119629,0.169702681081059,-0.399178777843976,1.47760979824451
1525,17702,"s009","m3",-0.040703609196948,0.238872752290541,0.0719274889883237,0.357219367416128,0.26349674586148,-0.359859843617612,1.25402311518364
1526,17721,"s009","m3",0.0387398886403511,0.241449637038043,0.0431366389093572,0.328325619057722,0.269621459965019,-0.367380495750948,1.11249025572392
1527,17734,"s009","m3",-0.151578485427126,0.164194650273072,-0.0883714443498332,0.26584505317498,0.14904010107422,-0.375193395356319,1.67282365773051
1528,17741,"s009","m3",-0.06924381400299,0.0795377705161211,-0.0788897097238913,0.31147804289206,0.109469458484911,-0.54105969253256,1.49079022328185
1529,17757,"s009","m3",0.116381627415716,0.24652297265357,0.107308473312267,0.366585158844016,0.362279669990056,-0.374187250385073,1.0931544072484
1530,17788,"s009","m3",0.0122879503632477,0.336946094049095,-0.00160570939815861,0.362144187701451,0.155428047763084,-0.0340065382012034,1.19158774754048
1531,17792,"s009","m3",-0.0475036046763238,0.139190403867093,-0.029277658176452,0.37905548810751,0.179900778924798,-0.370904438207398,1.25978486827974
1532,17817,"s009","m3",0.044551279439767,0.282757404750211,0.160506681048867,0.347830259393142,0.214723443374603,-0.240451259914836,0.76254687231943
1533,17818,"s009","m3",-0.0440920650775894,0.145347687453842,0.0195083819106514,0.25723417297403,0.20601693471722,-0.549756547885627,1.21392922138128
1534,17845,"s009","m3",0.107916523367935,0.0889413136214325,0.0605679442652159,0.267265458204559,0.32634082582713,-0.554884146058123,1.0121424366601
1535,17846,"s009","m3",0.0990804467248254,0.214746264404588,0.0546165870774394,0.242594352414209,0.260925838534591,-0.559008481528063,1.01449359204721
1536,17858,"s009","m3",0.119138131924807,0.209211299781608,-0.0050100569505541,0.358149974943984,0.372672997605755,-0.377500903449756,1.06730557475459
1537,17859,"s009","m3",0.00270979626265648,0.294084272773607,0.0930055082818453,0.352200315826498,0.295082498392784,-0.114552869424474,1.0445888751342
1538,17867,"s009","m3",-0.0254622262276727,0.143217886840068,-0.0788482051303429,0.287774286928047,0.0805753496081369,-0.498280889607554,1.50236733804271
1539,17875,"s009","m3",-0.143311681538082,0.0929107857008173,-0.143569220158675,0.197249759839621,0.0694771103606469,-0.922039984798615,1.47038022073584
1540,17965,"s009","m3",-0.00807004380424745,0.093284256172286,-0.0101896081345884,0.323110376972421,0.184628978833513,-0.318200200719685,1.40129731052236
1541,18011,"s009","m3",0.0581059246042366,0.200286299915182,-0.0186327833318403,0.253777391246187,0.268092812447489,-0.619161367228317,1.1613253023814
1542,18012,"s009","m3",-0.131265111751358,0.0497972178997383,-0.134960914318989,0.214631579130201,0.150260776346051,-0.735059742138345,1.76352522423162
1543,18019,"s009","m3",0.0702249388801315,0.0152129765823392,-0.0768358064002713,0.293576564906991,0.183988082179518,-0.521312771878747,1.56833336441057
1544,18036,"s009","m3",0.0841703940908239,0.218818345617022,0.0151053866428066,0.339908421773994,0.288375600310189,-0.26913097886592,1.00201997965821
1545,18070,"s009","m3",-0.0311500988623461,0.284366818772841,-0.02873726644257,0.307143646911605,0.143563032095524,-0.184116258740733,1.06132101070128
1546,18089,"s009","m3",0.020218060588664,0.0772750360358965,-0.037937818334871,0.139281608907059,0.15335109367909,-0.720325270604529,1.33148791531334
1547,18192,"s009","m3",0.0626786018430684,0.224361112284645,0.06984466588258,0.281186617326646,0.248817195094094,-0.33976373620786,1.04537781270247
1548,18201,"s009","m3",-0.0995826235143619,0.207359889312628,-0.0779303777066384,0.337784798839209,0.072908750793379,-0.394817513998159,1.62739668826482
1549,18204,"s009","m3",-0.0298315606458043,0.0683280006502978,-0.101188129087623,0.129273510573198,0.16952271955765,-0.682710494363994,1.69307445833628
1550,18222,"s009","m3",-0.0241726986901685,0.194363100304652,0.000911335899237546,0.252468956713331,0.289955504698614,-0.327740091752108,1.48205529040104
1551,18243,"s009","m3",-0.0132839260134565,0.212127974480844,-0.0158832182684702,0.339216118265731,0.212072273385597,-0.297603701079517,1.37021149576458
1552,18245,"s009","m3",-0.0140475188708129,0.184395064624639,-0.00211572512254964,0.292083093240787,0.0890880244656824,-0.463171964144476,1.3288728670701
1553,18266,"s009","m3",-0.0919205119920603,0.106779051697299,-0.0952988597216855,0.15962144522964,0.214893748614286,-0.730359946598493,1.84333614608064
1554,18269,"s009","m3",0.0323462450844608,0.199804712336793,-0.0354511145419803,0.243656809247392,0.255374117944433,-0.502559307251211,1.1752083577505
1555,18275,"s009","m3",0.0413835353665736,0.268626252609846,0.0740053371217246,0.336377586800479,0.27955312401388,-0.20837404792254,1.04335906855063
1556,18282,"s009","m3",-0.0953666091200033,0.181594713177108,-0.115860659026999,0.122118616499201,0.0742910059675761,-0.839452331852369,1.49917300322278
1557,18296,"s009","m3",-0.0302148570012375,0.157231268844783,-0.0365670548853704,0.242667292788519,0.24868190277326,-0.518777771585579,1.52767356968167
1558,18301,"s009","m3",0.0892206616965441,0.220841508282807,0.00206361590113981,0.311478264997768,0.285094372020814,-0.285898842262048,1.16321856505502
1559,18316,"s009","m3",-0.0276260181413942,0.164455961138413,-0.0992423622066151,0.260297684631511,0.0553268925845971,-0.481911498594308,1.36094501229835
1560,18333,"s009","m3",-0.0692066528213817,0.0986185899206073,-0.120727335889418,0.259370938825284,0.0742522971889489,-0.536980256853568,1.36521262766771
1561,18365,"s009","m3",0.0475250424621788,0.153926568214436,0.0185002935385936,0.258907375107809,0.190887657980411,-0.261094615436569,1.24172217722001
1562,18386,"s009","m3",-0.20526362191465,0.0720560137077054,-0.107809585625862,0.218792204979426,0.0406046782064475,-0.914204653329056,1.7128631069148
1563,18407,"s009","m3",-0.0914084961707656,0.180976742734629,-0.0272099898656165,0.304837264868833,0.187736039331579,-0.340354362062598,1.54030903953399
1564,18425,"s009","m3",-0.0879629116957587,0.0835886690922858,-0.13096945148712,0.235646752735717,0.159592488817806,-0.612941037484896,1.73152401153318
1565,18432,"s009","m3",0.11855440973379,0.228383025180289,0.112521042828875,0.226202042347057,0.382583365851971,-0.460600250720314,0.927317486806224
1566,18459,"s009","m3",-0.0562524616525571,0.272272837230516,-0.0369503270911234,0.347816508991573,0.245211364352797,-0.456747915530544,1.42603857488853
1567,18465,"s009","m3",0.0560066766875005,0.274368331096725,0.00516437678389253,0.26887024008546,0.261761391329017,-0.384589676424811,1.24286853152414
1568,18469,"s009","m3",0.0115521260958083,0.285785290390982,-0.0437509648924863,0.329668872434402,0.263642437328664,-0.331754583399047,1.18664708180695
1569,18477,"s009","m3",-0.0908524038886368,0.128619960703669,-0.0903152710450761,0.290799539662822,0.152230992769733,-0.630136299022422,1.36090260730024
1570,18511,"s009","m3",-0.0299699923813541,0.0988571549504764,-0.0480867504217574,0.229354695066015,0.199897790084034,-0.681683494755282,1.34026032505503
1571,18549,"s009","m3",0.0378533105554158,0.13159823074708,0.028565939486675,0.327091823634511,0.291693691584614,-0.448815476315069,1.13685999922224
1572,18552,"s009","m3",-0.0856495700065178,0.219521675703162,-0.115559595856711,0.250656262030445,0.0589458051757219,-0.264168241645722,1.5262601124902
1573,18558,"s009","m3",-0.0105819103287775,0.102511170680288,-0.0762547023879014,0.247844357227064,0.133112741069238,-0.606687515192728,1.54728157406464
1574,18573,"s009","m3",-0.0947887561659504,0.00383472379095423,-0.186039055237656,0.216231052660415,0.00550375543787834,-0.78204227533416,1.5838699529539
1575,18593,"s009","m3",-0.0931377057801132,0.0494793360050369,-0.0831396683642943,0.214703829679401,0.108400899345076,-0.77290330238826,1.79496752515966
1576,18630,"s009","m3",0.0237057232550211,0.168561274501963,0.106437439827409,0.325962726823514,0.327969086775244,-0.358253011124984,1.35728253539586
1577,18632,"s009","m3",0.0143917823794812,0.256944226952117,0.0078789020468316,0.371552474726948,0.266532872469032,-0.146682589312886,1.28346880872324
1578,18636,"s009","m3",0.0128966107308947,0.233000436889986,-0.00918560403703234,0.168461393428814,0.265831112911697,-0.34099632231143,1.3713925164693
1579,18641,"s009","m3",-0.0460817775809043,0.203432553813599,0.00260918633236937,0.333193515522959,0.107917213740281,-0.338702879506907,1.2311669130438
1580,18657,"s009","m3",-0.0675467025610519,0.15578209188441,-0.0373649741171906,0.225556115107937,0.18031784578846,-0.60968521810842,1.700885423409
1581,18665,"s009","m3",-0.00322725552882582,0.216718931664085,-0.00976901113653571,0.296019046913779,0.267002088882675,-0.342724749586672,1.469624305514
1582,18691,"s009","m3",-0.0926619161595191,0.15211637208473,-0.105798672108221,0.305281141088783,0.116910642728204,-0.325006423107083,1.65391052999865
1583,18692,"s009","m3",-0.0248349903209275,0.234558398793511,-0.0861330539169032,0.256445329090609,0.300977805325033,-0.54422588397494,1.65086185207584
1584,18697,"s009","m3",0.109204942001269,0.180682122256559,0.0825490205319152,0.260405703827671,0.385208676208573,-0.699730061703359,1.04022107371129
1585,18700,"s009","m3",-0.0933775206606218,0.238602315949705,0.0128457242275246,0.227047972296885,0.131246373610361,-0.532645701736578,1.36540272189891
1586,18707,"s009","m3",-0.0941716464616905,0.0273286039469889,-0.0579381409605208,0.313783287622566,0.157006990198136,-0.467777973155408,1.6898252163792
1587,18748,"s009","m3",0.0459640703746558,0.16304894238746,0.0216580492634473,0.189826963687898,0.330039644224979,-0.718853637878945,1.03678226627603
1588,18783,"s009","m3",-0.0731803099637008,0.229640676484976,0.0200053783209344,0.235197853603725,0.205497659416653,-0.377844736158206,1.39833375068479
1589,18787,"s009","m3",0.0892970563738133,0.123337402293465,0.0767777299037486,0.308479436394333,0.303968066973832,-0.618740289132148,1.12534017059088
1590,18792,"s009","m3",0.0250360716461794,0.199338193987821,0.00608489475449764,0.420014667620651,0.212369454019145,-0.254677514619418,1.05133834427374
1591,18793,"s009","m3",0.0306078803630912,0.15305958633835,0.0466123706658833,0.193576630079895,0.225916548097834,-0.680797791425327,1.1529901738867
1592,18795,"s009","m3",-0.0632691962908682,0.160336871688779,-0.0658154653076234,0.173500329839476,0.0828109986450353,-0.587380348230843,1.34171173061461
1593,18801,"s009","m3",0.0372399545940734,0.239345060913859,-0.00985179585539169,0.378667044438549,0.211759356667742,-0.163251431620284,1.25377044267562
1594,18819,"s009","m3",0.0794569594765057,0.149440618507996,0.00899452182509366,0.264870199274144,0.250571096471125,-0.464347318400794,1.09803415746163
1595,18861,"s009","m3",-0.0989730146352584,0.132319320714642,-0.070347877353707,0.184323383294477,0.166363355925572,-0.523429825865576,1.68073185966095
1596,18862,"s009","m3",0.101212528189963,0.208902661140283,-0.0463486012169344,0.243568048602994,0.17138708524919,-0.460084433422532,1.00746778864841
1597,18888,"s009","m3",0.0559737700537786,0.181826820109276,0.0228561870477589,0.274565870571167,0.31851100721687,-0.362322570846193,1.31024810387384
1598,18890,"s009","m3",-0.130708874020278,0.145539330160556,-0.138622037305451,0.236330468698534,-0.0302751926772239,-0.403646802159404,1.51472405162069
1599,18901,"s009","m3",-0.111761764091248,0.151393698170099,-0.210234188026257,0.248414694044572,0.0493236606700655,-0.289848967591156,1.75843133026928
1600,18908,"s009","m3",-0.0251683819422507,0.215512194589149,0.0276935748741906,0.314844682244174,0.233162972315869,-0.334010236911394,1.2435166390772
1601,18911,"s009","m3",-0.132945358142437,0.110455435041902,-0.117918114910299,0.259604065648962,0.0901944468560976,-0.34041240918469,1.72442179296223
1602,18932,"s009","m3",0.062935042737674,0.167458492035633,0.0957295932955739,0.366677726735747,0.348286495055544,-0.406906178872407,0.903760323869092
1603,18936,"s009","m3",-0.111657250762113,0.0643053655862488,-0.0431522581204664,0.191597043474879,0.0988035269800587,-0.462556917717912,1.80187175952364
1604,18937,"s009","m3",0.186921755072588,0.290879650811231,0.176008364432434,0.36859725492918,0.338754619469577,-0.255031397882567,0.524578817565417
1605,18941,"s009","m3",0.140849813404238,0.266320196846084,0.0585374085554417,0.250008054489629,0.349646793298616,-0.28078137783267,1.14918683781113
1606,18943,"s009","m3",0.00942624269360872,0.163187175611738,0.00883298353858244,0.21801603238217,0.311102488638898,-0.454987012875143,1.43455952232319
1607,18959,"s009","m3",0.132793149748098,0.198261026431372,0.183242417378241,0.283222330547835,0.363115956365519,-0.400913567142297,0.953491468277105
1608,18970,"s009","m3",-0.0519774744497842,0.145125666984539,-0.0544517282051728,0.305800084142952,0.206392271315414,-0.491100404890662,1.45077764358608
1609,18973,"s009","m3",-0.0326061342617166,0.137941545687108,-0.00568171441290159,0.320854281636144,0.332656476536248,-0.561397561980274,1.05694055759292
1610,18978,"s009","m3",0.154669227653228,0.173975100560938,0.147297561859858,0.29606869990334,0.376035793218427,-0.317069624853685,0.832954298013094
1611,18985,"s009","m3",-0.1028394126277,0.059431757034056,-0.0962560963286891,0.251797960472536,0.125054739389999,-0.379413393325719,1.63614101953536
1612,19005,"s009","m3",-0.051510230004378,0.185370865829131,0.061006016374773,0.235240834352102,0.313892131896218,-0.160716555395253,1.41185558675416
1613,19006,"s009","m3",-0.103265218492625,0.131264871373539,-0.0693580023902524,0.272238630930258,0.236588990738071,-0.315277057275921,1.70465913470941
1614,19011,"s009","m3",-0.0575604387975578,0.133804519067677,-0.0504444035926635,0.257365303033368,0.10761286773901,-0.514651512234872,1.45292389947166
1615,19012,"s009","m3",-0.105256058897611,0.244264408110238,-0.107393304318395,0.339633635387572,0.0543866002168629,-0.345424793722477,1.27940011610234
1616,19026,"s009","m3",-0.0487879182051886,0.140214756753332,-0.0559527894963778,0.273539537562854,0.0891145218956567,-0.371701137566293,1.38255291071868
1617,19028,"s009","m3",0.152863152132389,0.281335899247759,0.0781835506018917,0.366621520610202,0.387802529967856,-0.248003133251767,0.895921535549292
1618,19030,"s009","m3",-0.0170920000917735,0.148012537800325,0.071814632738095,0.218890375687045,0.223326445391635,-0.614561884227994,1.28840299037583
1619,19035,"s009","m3",0.0505563305067384,0.24468054098649,-0.0568828631332702,0.28656273154373,0.394751267070719,-0.332436976339924,1.23703505031579
1620,19045,"s009","m3",-0.135209417634121,0.094468880353651,-0.0659600869542438,0.240137502474212,0.194714232441318,-0.594712577471065,1.61884818449373
1621,19048,"s009","m3",0.0219411406111623,0.202126855725224,0.00407934649139644,0.313427831951458,0.189796889457985,-0.266135970614755,1.19329043490023
1622,19051,"s009","m3",-0.0231329584126634,0.286317986314507,0.0421166060412984,0.345118621994867,0.27210598479318,-0.371697073922565,1.42794698201697
1623,19052,"s009","m3",-0.0121039158537777,0.31035259295971,0.039109197683441,0.445373139436255,0.284983042494447,-0.0575210818001984,1.31286474081706
1624,19077,"s009","m3",0.0233840466282302,0.115619410883879,0.028717860475375,0.305793403445392,0.240096627634892,-0.862158938400295,1.08713723036014
1625,19081,"s009","m3",0.03548955770001,0.274430932629878,-0.0381592361153984,0.327187359850127,0.279481900310851,-0.381299150803742,1.26217538371681
1626,19085,"s009","m3",0.0251653926930902,0.128981986753366,0.0504642371371227,0.285777198123043,0.235952146919495,-0.753926298411495,1.1940144920502
1627,19098,"s009","m3",0.0554963418236279,0.205228710665001,0.0788135846487246,0.300176961820106,0.288238983346115,-0.372797413274676,1.00623144298315
1628,19115,"s009","m3",0.0707091661791342,0.279101737398518,0.0421675146351915,0.286089282343068,0.124559886991068,-0.399239158866775,1.10430147860888
1629,19122,"s009","m3",0.0537901436744791,0.295228485017856,-0.0260180865003942,0.239058133616845,0.212701905473815,-0.24197036317288,1.33159701651648
1630,19123,"s009","m3",-0.132567294336165,0.117961851686075,-0.125403974028571,0.182349801453597,0.0671404032370676,-0.686027801333681,1.5383319293979
1631,19137,"s009","m3",-0.0305499622719746,0.25623740075813,-0.0480836208743794,0.243814331977741,0.236914393702923,-0.436018826493163,1.33539447525746
1632,19153,"s009","m3",0.00651616660857171,0.170207917059581,-0.0229906191242123,0.232320204733601,0.233004491367415,-0.541160624795338,1.36877671194559
1633,19168,"s009","m3",0.0579792644050958,0.241585923816018,0.0612915480507105,0.18822285027434,0.267661918381184,-0.527899641158061,0.909965830008829
1634,19173,"s009","m3",-0.0478132489419442,0.303176454683425,0.0739793457855565,0.284062679731358,0.0968208386540788,-0.672232638438507,1.00440915704527
1635,19180,"s009","m3",0.0134942142370732,0.178997978031167,0.123387273920288,0.301084460906,0.231285595258395,-0.557550983009668,1.20009368965982
1636,19182,"s009","m3",-0.0407727628842126,0.109185747486329,-0.0432622813494931,0.303022302012697,0.134564952244526,-0.456659220835263,1.65812829913791
1637,19224,"s009","m3",0.102507242520869,0.234531574860962,0.0581923077015967,0.401757986152576,0.335949664301546,-0.192468301804376,0.981819812708379
1638,19227,"s009","m3",-0.0881483404764022,0.143547863394397,-0.117283181120516,0.279295599905155,0.122988445172569,-0.698569945377337,1.60111847980296
1639,19229,"s009","m3",0.0807508968183734,0.175228551452084,0.122175964662692,0.313026357186563,0.325894978565968,-0.438028818317986,0.795836018119956
1640,19247,"s009","m3",0.0433464814094172,0.206469821977033,0.00848577919925173,0.237743593697795,0.321682080539933,-0.408026778053755,1.01462402387821
1641,19291,"s009","m3",-0.0216760793592504,0.138574190282902,-0.00198679719531959,0.264143936158986,0.21762246003322,-0.33768954776757,1.50765928517461
1642,19307,"s009","m3",0.0402820333670891,0.161396110352441,-0.00337689037131983,0.289657956957595,0.226750418505885,-0.569596167675821,0.967165342530927
1643,19308,"s009","m3",-0.0716468598277251,0.159761420336744,0.0441696059259322,0.233330653540098,0.217757295652418,-0.882211863761878,1.24536239823277
1644,19314,"s009","m3",-0.112540665798524,0.0504218979724492,-0.0631816543981481,0.287236209287293,0.099478997484125,-0.308143608532663,1.57914944002824
1645,19317,"s009","m3",0.0135165917671869,0.16573836753047,0.0594777096228097,0.257120869248854,0.214191071690373,-0.442151942223477,1.1013554292788
1646,19322,"s009","m3",-0.016110520719869,0.212563730538226,-0.0937726990979766,0.265400796602176,0.159635943202209,-0.451320665650456,1.39890034035491
1647,19333,"s009","m3",0.0296116859628865,0.243877317829202,0.0251865614376139,0.34656481158467,0.359572324139284,-0.360029058400807,1.28948459865955
1648,19350,"s009","m3",-0.00602823060132016,0.162269100248891,0.0208846661536219,0.122934672193273,0.234999613549901,-0.744462233678299,1.54628459462524
1649,19355,"s009","m3",-0.113023465937118,0.0494900812163449,-0.148406212694796,0.0514909810684297,0.0911384208540358,-1.03288633567608,1.65691581302467
1650,19364,"s009","m3",0.0529907727582247,0.203824340891015,0.0791832422208507,0.226153826815831,0.28453846795035,-0.601215919955825,0.966449051324331
1651,19378,"s009","m3",0.0455178867990952,0.202767441467288,0.0171656398293916,0.316837668818815,0.215413086725874,-0.435024361996977,1.24148821599289
1652,19390,"s009","m3",0.00072073272602336,0.246017422418676,0.0182168050941093,0.451001284744092,0.129233521419727,-0.176364997486404,0.899326502008012
1653,19394,"s009","m3",-0.00960131396548483,0.0993954766432535,-0.0748032517535159,0.174180743932284,0.355719471464599,-0.422592144763247,1.85393567496098
1654,19412,"s009","m3",-0.0571858569405661,0.137216222319593,0.0157263616655457,0.279722323366449,0.212838273355276,-0.364621404463775,1.12190716719765
1655,19422,"s009","m3",-0.0644489417523657,0.0640389911120211,-0.119125784781104,0.166968868291226,0.0649343275438368,-0.890660956071493,1.63490985638101
1656,19472,"s009","m3",-0.131970166145169,0.0188314905736032,-0.203696053099767,0.119240525020935,0.0312787088758214,-0.826524106808094,1.83032006159899
1657,19479,"s009","m3",0.0465426122785809,0.100349521542616,0.0119956327696707,0.273249782573236,0.271195365772044,-0.385592434233656,1.22683298939922
1658,19489,"s009","m3",-0.0190903024639156,0.247239882170164,0.0185824792268811,0.3256555531291,0.167149564977273,-0.47751228199097,1.06407722242807
1659,19496,"s009","m3",0.0283149987018675,0.010576101124359,-0.091642690069988,0.276230041211671,0.213008172081829,-0.706993479110014,1.34787141086461
1660,19503,"s009","m3",-0.0320426753939693,0.282967197399056,0.0391439088103072,0.314072213046793,0.170751888931924,-0.14120035086952,1.17158524234768
1661,19515,"s009","m3",-0.0354996604621848,0.13280523899823,-0.127979619312018,0.241267832933476,0.223045255855289,-0.577380646419392,1.85006489908706
1662,19519,"s009","m3",-0.0793859134141628,0.083570703315809,-0.0697581731843619,0.272355145489182,0.165682569848617,-0.451718845620093,1.46546087699742
1663,19544,"s009","m3",-0.06851918531466,0.262834945485801,-0.0500839903603911,0.305850616092124,0.0858487404674247,-0.290043007127665,1.32570965711705
1664,19560,"s009","m3",-0.0455771693072647,0.226568935424439,-0.0512196035977865,0.291604902451741,0.16127723453999,-0.125528396685924,1.7035602341222
1665,19574,"s009","m3",0.0114481965465818,0.23488500307639,-0.0134333677190161,0.245950017485142,0.265010027233285,-0.317110824761644,1.18547316327737
1666,19579,"s009","m3",-0.00606202104564635,0.165415101899985,0.0156035147423462,0.197325910065809,0.289883756604507,-0.639014610526421,1.29651519110874
1667,19598,"s009","m3",-0.0126088283034763,0.213079714995321,-0.00356603110816415,0.436181964280778,0.102095825669467,-0.349457467597241,1.02000879423704
1668,19600,"s009","m3",-0.0293897297725005,0.190287774162234,-0.0553290780415185,0.303828210261997,0.182116026650758,-0.207596129773393,1.47927608574688
1669,19606,"s009","m3",-0.0136025466698333,0.210625594145162,0.0946653618573464,0.27767839490525,0.288670636080181,-0.68355882273199,1.05943868881887
1670,19623,"s009","m3",-0.0556971792326931,0.242787185577546,-0.0792783587235306,0.21025342177767,0.181064305632359,-0.510588878546764,1.501378872389
1671,19640,"s009","m3",0.0179204446078495,0.22937823974803,0.0418200583761868,0.257313489133839,0.346310855384852,-0.537361214511299,1.07261833147192
1672,19641,"s009","m3",-0.0468543464436918,0.226970308206853,-0.0114267928307183,0.169165094439032,0.231663268592105,-0.603311759246357,1.52476877617661
1673,19653,"s009","m3",-0.0241695476016265,0.166924791073411,0.0115305365348123,0.228563612338392,0.163555726239898,-0.555711403871913,1.33496993350739
1674,19663,"s009","m3",0.0411325388304469,0.272608366440111,0.00741171762646668,0.201638261618413,0.222222464348813,-0.189174861096901,1.20656655159393
1675,19676,"s009","m3",-0.0125605901585323,0.0963130290980489,0.0475613187840335,0.166742581192895,0.223634676604632,-0.800809645730075,1.26948315244076
1676,19684,"s009","m3",0.0869424934385283,0.292800606717263,0.198438635829692,0.373281904114395,0.46952731381796,-0.39995943042601,0.774128228984886
1677,19692,"s009","m3",0.0727996191273059,0.25546988934224,0.114001221490565,0.363510453013105,0.347133675269489,-0.306049880086593,1.24125347017124
1678,19707,"s009","m3",-0.0180221100688488,0.0814637495333976,-0.0712727612256829,0.126973696602462,0.221929389945965,-0.620155080252705,1.63207755389044
1679,19728,"s009","m3",-0.0695898440761631,0.141863508010115,-0.0853565054223556,0.277598241599287,0.0671387017693665,-0.475579155444532,1.22827523366002
1680,19735,"s009","m3",-0.0504734136974627,0.186346181378646,-0.0080419791470145,0.259272192313821,0.0960151232048411,-0.44909280520635,1.44099769839466
1681,19739,"s009","m3",0.112100579597757,0.254131530363112,0.178759636706901,0.31080431911409,0.350311556203446,-0.733463834988786,0.865073572525072
1682,19746,"s009","m3",0.119729887708449,0.1261130033808,-0.00230713822987759,0.287930535377897,0.354947787164256,-0.511176979110209,0.987417974382479
1683,19763,"s009","m3",0.0625338682315097,0.1888852258359,0.154867830792525,0.247431185809524,0.339248734971013,-0.74639931449212,1.02370377717279
1684,19790,"s009","m3",-0.10388803442255,0.19901135077735,-0.084006559244283,0.276427321099871,0.104266247866975,-0.269432959301589,1.39616822147279
1685,19808,"s009","m3",-0.152694137348059,0.129499184342312,-0.159257386381567,0.3597706535301,0.141609093705464,-0.398047635520006,1.85275809554327
1686,19820,"s009","m3",-0.0531420925634414,0.213671019641382,-0.0438844045149068,0.319619932329289,0.201665275393762,-0.422025054881279,1.32048950384112
1687,19823,"s009","m3",-0.102167109668812,0.22269138593161,-0.0231312416130977,0.327475372791559,0.213128094750775,-0.143370343804321,1.33251676827366
1688,19825,"s009","m3",0.122381196779682,0.223812403931274,0.127357591477305,0.216871061095472,0.443745959255209,-0.560220938079982,0.925498393184954
1689,19840,"s009","m3",0.0407525059031524,0.236455263714494,-9.85990975157583e-05,0.36262216577436,0.265344277245505,-0.210976759452664,1.34001333569772
1690,19850,"s009","m3",-0.0547412938358372,0.176198938542172,-0.154955226907975,0.330470922563698,0.115411296978626,-0.45516703089442,1.51579612420354
1691,19852,"s009","m3",-0.123503887667703,0.11285674014007,-0.0498554294274828,0.231840264607157,0.111217920738773,-0.672388070685175,1.71731077751858
1692,19853,"s009","m3",-0.0828612068750391,0.117291196290482,-0.112715039141342,0.250835534696902,0.113905474222724,-0.563282167874308,1.57013139884935
1693,19888,"s009","m3",-0.027127717072028,0.080830892168245,-0.0405251382727151,0.12126512960938,0.208288979176353,-0.718868943741439,1.39361441548256
1694,19897,"s009","m3",-0.175844677585343,0.0681931756765417,-0.161662486390914,0.196300827049879,-0.00140513273816556,-0.595201804386584,1.84916759388396
1695,19917,"s009","m3",0.0618553120055556,0.196366895773145,0.0246823361676318,0.257028868263747,0.289729459514698,-0.544946246021858,1.25155080496547
1696,19935,"s009","m3",0.0514510191364213,0.202561597050696,0.148941016583154,0.276412099596275,0.303859000074709,-0.34256506121185,1.00224710643818
1697,19937,"s009","m3",0.0520874621333909,0.199997693792836,0.058707608184154,0.235825459689189,0.223805760605368,-0.339636851123778,1.06927928884561
1698,19940,"s009","m3",0.0399178417222994,0.208547586481435,0.00951283627794184,0.221801804116071,0.217273661124145,-0.222786168225378,1.18256659395013
1699,19951,"s009","m3",0.0855143873970411,0.172906231698211,0.0410118073375313,0.266228576840645,0.397460261771767,-0.723245356831051,1.33883033257647
1700,19956,"s009","m3",-0.0342640749889304,0.168150956108236,-0.00265206810394098,0.240518863638188,0.364527824099663,-0.3267558650498,1.57940738048308
1701,19957,"s009","m3",-0.015780455870865,0.195243156998401,-0.0914354712851764,0.254097296308199,0.0994872698867515,-0.397348735585679,1.28275590166858
1702,19964,"s009","m3",-0.00719659126524252,0.182725918095674,0.00257455759564753,0.257067769759287,0.242459890655322,-0.45956153441735,1.31140045456887
1703,19982,"s009","m3",-0.0250731132107073,0.126222137947512,-0.0909616797078676,0.276165521177914,0.15296877704056,-0.313730377409687,1.32468591366854
1704,19987,"s009","m3",-0.0317467968028271,0.155697481411911,0.00915518496950534,0.33227607541035,0.318347477146615,-0.512207770695122,1.45830874740213
1705,19991,"s009","m3",0.0263879320208347,0.154522241771733,0.100361758009382,0.302251494862225,0.407745581166824,-0.443890227995907,1.05597673919635
1706,20019,"s009","m3",-0.071885539663255,0.148018493296271,-0.194686462186976,0.237014012501093,-0.0544246767509212,-0.462334488536118,1.81411131233703
1707,20021,"s009","m3",0.0547467166133611,0.140763155642098,0.0330196092409318,0.21841079000456,0.259606171412423,-0.542443500544379,1.06692790109567
1708,20046,"s009","m3",0.025518975435994,0.0814571818434038,0.0370367838991553,0.308552347028351,0.24430354028369,-0.52787989433555,1.0981763844305
1709,20056,"s009","m3",0.0503379049627302,0.111874879862956,0.0125833506367348,0.281954496214366,0.236308076067796,-0.637615425680117,1.34640685126556
1710,20063,"s009","m3",0.109215779398843,0.290475459084443,0.169915137315657,0.288327380296731,0.312461125219685,-0.245647620265517,0.822120099275489
1711,20070,"s009","m3",0.0624316135689367,0.171584051612691,0.102046054257354,0.307755675599696,0.327579123220745,-0.394387776035912,0.991829292260814
1712,20075,"s009","m3",0.102047271839045,0.333261561358209,0.0755382670461637,0.3173749581124,0.333702609231784,-0.233378496756733,1.13909016142846
1713,20078,"s009","m3",-0.0064239693472273,0.199288587291507,0.0272662039229412,0.295337065081433,0.312142279751205,-0.591322469713077,1.10441263531619
1714,20090,"s009","m3",-0.0282171748473473,0.165572035893263,0.0018375508663434,0.148895113443764,0.13243632067251,-0.674558720986082,1.30287440648623
1715,20097,"s009","m3",-0.0068696909677149,0.215756281453647,0.0899002444983564,0.335711114710112,0.307653521882745,-0.499966385346866,1.16418377762964
1716,20106,"s009","m3",0.0222946928822592,0.138659663803899,0.0155122373988965,0.289972024638296,0.243694946716887,-0.438454260323861,1.02309331468729
1717,20114,"s009","m3",0.0525286174080083,0.187456479738173,0.0827727897617622,0.394894520724393,0.219027154215301,-0.302491299511331,1.11062898597229
1718,20116,"s009","m3",-0.0209180169723268,0.25153674443008,-0.0232544236878706,0.258157218486264,0.243933628351395,-0.679112245442387,1.38652452898483
1719,20118,"s009","m3",-0.153247577296808,0.00118187193248998,-0.0587542811356882,0.263741692292392,0.129423087644276,-0.390838944748133,1.71184291715547
1720,20160,"s009","m3",0.0679707097956867,0.262201395104091,0.109509501876188,0.308370522338212,0.334033468365651,-0.256340786177244,0.958087904046478
1721,20174,"s009","m3",-0.0795126043930936,0.198906772378023,-0.0310781470637924,0.212061894110641,0.24968451887328,-0.541751348056582,1.50935944138321
1722,20178,"s009","m3",-0.0792317929815774,0.158794933817678,-0.0760653405754754,0.221157206658906,0.171731208279365,-0.617004886452874,1.45434502673222
1723,20185,"s009","m3",-0.0699467722909347,0.139926361001064,-0.0931421798429015,0.352247654988905,0.0721434754932925,-0.43737178661817,1.19229555746033
1724,20193,"s009","m3",-0.0179318096960197,0.105314973889478,-0.079319108159553,0.285482589980769,0.183184356309468,-0.733400110825047,1.48415758020541
1725,20197,"s009","m3",0.0383333193087733,0.245164063777535,-0.0822564825469198,0.323839286046191,0.236316817238764,-0.152845702516229,1.35941477272492
1726,20212,"s009","m3",-0.0472453058916374,0.146167234263374,-0.102257678365582,0.221445337137653,0.0719679609601133,-0.596484458986985,1.29162021418816
1727,20217,"s009","m3",-0.0934503391516945,0.218395171156512,-0.117214845382376,0.246491227210008,0.164040594192814,-0.41178299572617,1.5929940410421
1728,20219,"s009","m3",0.00180540277514462,0.119330423136513,0.0516079345059767,0.362010837244703,0.293007800501543,-0.620843301738687,1.31552739105189
1729,20221,"s009","m3",-0.106287134359573,0.172323553340589,-0.145004544520556,0.232899165893975,0.0716282473405297,-0.274870190639121,1.62285410735296
1730,20227,"s009","m3",-0.0776840153226712,0.11651666208254,-0.0565797018974584,0.283523251121953,0.160729668611874,-0.503675946076367,1.61343706131377
1731,20251,"s009","m3",0.0670172019070457,0.191417277134259,0.00137480132068496,0.304460827411949,0.371951728262145,-0.482134797246356,1.33129362572493
1732,20254,"s009","m3",0.00266850079949506,0.269007168518885,0.0777380534952337,0.281458637594971,0.333635967440107,-0.430120490570062,1.28400515883214
1733,20278,"s009","m3",-0.0684142602741866,0.191109413209345,-0.0581436286689386,0.196039782413559,0.177202950109878,-0.510118180347053,1.46617936659962
1734,20281,"s009","m3",0.183046183951506,0.302276283374635,0.0568236444030771,0.276266453720705,0.321298036902666,-0.405776274336492,0.930370588315911
1735,20283,"s009","m3",-0.00949729864416254,0.247845100909732,0.0674319649564693,0.375761474982689,0.248715779967906,-0.241275180155773,1.1799187853233
1736,20287,"s009","m3",0.13524871635372,0.264935248178373,-0.00282903287200888,0.309497678596839,0.248882951351497,-0.502623874884127,0.959083920567903
1737,20306,"s009","m3",-0.0282881635202248,0.0763156436529158,-0.0590190834052251,0.178065413872031,0.221000636933523,-0.471433648453598,1.57161067471985
1738,20329,"s009","m3",0.0777009670683701,0.167989057265006,0.101912512653032,0.223990056709069,0.360444774984755,-0.398369536223873,1.36681881383082
1739,20338,"s009","m3",0.0647013298947857,0.15239839810279,0.104943348600875,0.236191393819949,0.293692665276285,-0.377296429049091,0.934739313368455
1740,20355,"s009","m3",0.0986346091913793,0.271438605090507,0.102722736312661,0.173635675287066,0.339252720202173,-0.311173513870311,1.00460597691286
1741,20357,"s009","m3",0.0267654723993101,0.19104625876265,0.0919097699716248,0.380789803621864,0.240545106073896,-0.312753848278155,0.988442420389633
1742,20360,"s009","m3",0.052136914002496,0.258248485311375,0.0989835484667409,0.330118412069122,0.251534315389479,-0.449541237133846,0.704090958292356
1743,20374,"s009","m3",-0.128796860826521,0.285197619926967,-0.112935227812336,0.287855017144728,0.160047787697861,-0.155818326086044,1.62234140181632
1744,20380,"s009","m3",-0.03094260222022,0.230389431685456,0.0496179701553698,0.21533663726362,0.18936585609907,-0.534803051743514,1.13847341538026
1745,20401,"s009","m3",0.150937409630991,0.398478373794894,0.0829207822940119,0.369851112470177,0.349527583308941,-0.345852541802791,0.792054180549705
1746,20431,"s009","m3",-0.0410930986437473,0.151994214711095,0.014600102827586,0.229095397558038,0.166180916629064,-0.661008764855743,1.34305375800478
1747,20461,"s009","m3",0.0460243567513869,0.154600373388198,0.023558843839896,0.2438258895525,0.195022924108075,-0.249771330168459,1.25539550029585
1748,20463,"s009","m3",-0.0252153190364316,0.139075278318929,-0.0879702340849566,0.301673246367356,0.162656375037455,-0.520294957375869,1.43418147425821
1749,20471,"s009","m3",-0.0221751669700659,0.198974365986003,-0.0804682408735684,0.240754859775008,0.136179070442917,-0.383025962930478,1.34544118557695
1750,20482,"s009","m3",0.102937265335326,0.220883321516948,0.146530174266378,0.388031407734008,0.412234110571586,-0.281426452061212,1.06016895645416
1751,20502,"s009","m3",-0.0303491050139314,0.286501588287354,0.0555002958905937,0.390772736780489,0.271689909343513,-0.149541000239574,1.14251622876067
1752,20506,"s009","m3",0.00623188173332969,0.286064759785389,0.019333621917475,0.291178499557026,0.226186334107976,-0.322632901293346,1.07447618711605
1753,20513,"s009","m3",-0.0222473229616831,0.106959626685519,-0.0735171807255817,0.282950644020678,0.260634914766743,-0.423366020871004,1.38114984659144
1754,20526,"s009","m3",0.0197593026412949,0.0923394832078521,-0.03662314733563,0.21085602530845,0.155502635978829,-0.636244815819155,1.28045703677005
1755,20530,"s009","m3",0.100538545531681,0.176498175471287,0.007104656930113,0.197778432218468,0.25753932490884,-0.353936251065269,1.10066387827458
1756,20534,"s009","m3",-0.102287690625706,0.157781693288876,-0.14049859987183,0.328090591962545,0.218050188380901,-0.314691154578757,1.61672634733025
1757,20535,"s009","m3",-0.0695033124546892,0.174314655972095,-0.0375493794601872,0.273259910036657,0.269575554110572,-0.570257059446661,1.44777029051546
1758,20542,"s009","m3",0.0284449064176094,0.257565683823748,0.0606956748859978,0.333882471615656,0.340350503804314,-0.15871871988145,1.23304015828609
1759,20562,"s009","m3",0.0542414181373554,0.181951517249903,0.0509286324014443,0.46728153037552,0.334595208107368,-0.205366648263769,1.10318956632316
1760,20563,"s009","m3",0.0835488142883792,0.131119557827581,0.0467515673688886,0.251289166448327,0.319497976793598,-0.503484232813548,1.14631234761357
1761,20581,"s009","m3",-0.127621936537055,0.122338208515314,-0.111542922174213,0.300404918860519,0.122927220693443,-0.448139784751291,1.66751351370521
1762,20587,"s009","m3",0.028012736676605,0.312511427518443,0.0352226803593394,0.214366649998683,0.322394462436358,-0.614732068343424,1.16806012091004
1763,20593,"s009","m3",0.0316508558357613,0.0713483940737599,0.00712524946952109,0.223115801635077,0.147410421551179,-0.526100929549807,1.32773425836309
1764,20625,"s009","m3",0.0149131360778182,0.27660421668008,-0.103714670515832,0.279320454840481,0.171861237423432,-0.536799351652487,1.14706308850147
1765,20629,"s009","m3",0.0375890356535367,0.169463824618551,0.109324431838528,0.253194068291611,0.310550097364947,-0.421306704038478,0.954089502442059
1766,20641,"s009","m3",0.0680379930686395,0.0908017551332835,0.0128933047938889,0.198963889306524,0.334656744529268,-0.640546404287102,1.47295588766552
1767,20646,"s009","m3",-0.000807113535159459,0.0723652424192401,-0.131096150068828,0.201112805548444,0.290746420071741,-0.468974423208154,1.79573957394396
1768,20649,"s009","m3",-0.120909794305264,0.0793391931661792,-0.156348840104736,0.179885107438626,0.291804505670502,-0.599818423892881,2.09678643191901
1769,20660,"s009","m3",0.0946886873928965,0.263039814400649,0.0290843532583184,0.316063899554597,0.254985569494433,-0.105548325348263,1.06552014666949
1770,20675,"s009","m3",-0.0767557071996846,0.132328206594195,-0.0755700181038354,0.178384905054257,0.193080304240837,-0.741520774589302,1.52411115517677
1771,20683,"s009","m3",0.222834447196528,0.284599120101343,0.0617453489575292,0.289975164362065,0.294874796879996,-0.504533638590989,0.629985182939503
1772,20733,"s009","m3",-0.023784648774704,0.258754282103545,-0.00505150623236316,0.288159798015345,0.154133569159004,-0.148321050010328,1.35528313720117
1773,20745,"s009","m3",0.0239659495567785,0.286315201588275,-0.00685262336463768,0.220391798287614,0.316595985282383,-0.779452001488203,1.09832705568875
1774,20771,"s009","m3",0.00966924456148551,0.207438248143248,0.00656318801122635,0.296879716133057,0.139363991368636,-0.418888595212047,0.964856603537521
1775,20782,"s009","m3",-0.101633709734812,0.100639907244479,-0.105331054143306,0.228968763591103,0.113337448574559,-0.61378667771953,1.73757445772698
1776,20791,"s009","m3",-0.0241989598024651,0.063056224841774,-0.051871197553555,0.183550692048589,0.124789573483022,-0.769053827573649,1.82310458135269
1777,20797,"s009","m3",-0.0412621125467788,0.132963886021332,-0.0109940668175339,0.278173695885932,0.236439849363575,-0.663255092696383,1.42381031956655
1778,20799,"s009","m3",-0.0272748592127343,0.118689648247684,-0.022266789086531,0.259236002642208,0.264640498181036,-0.48846819837416,1.29345090118626
1779,20818,"s009","m3",0.0249060997801148,0.275230214543251,0.0954453813208339,0.228044325677271,0.28388801417208,-0.505303067322225,0.984559321440021
1780,20853,"s009","m3",0.0768073397346646,0.292694106217107,0.0609067639826838,0.297797070738135,0.314485772205499,-0.140750613057742,1.25177029112661
1781,20857,"s009","m3",-0.0967457821188765,0.216493238664677,-0.0174795747159089,0.177540416830855,0.294128244709275,-0.607840854760926,1.48701775774974
1782,20880,"s009","m3",-0.102418872663862,0.128945421935625,-0.078203146545345,0.302355742663302,0.180467756804476,-0.636883235676982,1.51700317319706
1783,20883,"s009","m3",-0.0766947620091366,0.187400471711671,0.0560990518127403,0.356712414123677,0.194291477188146,-0.28524698037244,1.29069614046572
1784,20903,"s009","m3",-0.0162262716637809,0.156243881340519,0.00572010070035494,0.16458440794795,0.238376914517432,-0.475654381385947,1.09328378744193
1785,20904,"s009","m3",-0.0183090166607785,0.238981778853383,0.0225417382373194,0.298538233522291,0.285283204001606,-0.27509306105893,1.43586922246599
1786,20923,"s009","m3",0.0350439371168303,0.237316718686049,0.026706046152583,0.305081420431298,0.30095001745124,-0.465355467972773,1.02416609464785
1787,20956,"s009","m3",-0.0593126540923648,0.156111338525516,-0.00591268882849224,0.214628395457298,0.257497377648501,-0.670965275855994,1.42445271072994
1788,20963,"s009","m3",0.176088236497792,0.276277948170241,0.0696553975694356,0.322598533743967,0.275987366833741,-0.408715492192546,0.727357029825382
1789,20982,"s009","m3",0.0328157598844779,0.185579458728564,0.0703526785640409,0.340303420645625,0.363261152347323,-0.273535184506554,1.28843783150102
1790,21001,"s009","m3",-0.102604792630784,0.0737351395203806,-0.106807266908616,0.307026586047699,0.104344244119635,-0.530182198175784,1.57099656963052
1791,21025,"s009","m3",0.0453928009484814,0.24950751164352,0.0372970304165878,0.247117352260814,0.234812725021597,-0.257541790160678,1.25506105232344
1792,21037,"s009","m3",-0.0468102670489469,0.264080046410831,-0.046374902696011,0.396832272990465,0.233557096965945,-0.186955047210281,1.24931335173019
1793,21054,"s009","m3",-0.141090833669677,0.148247616333949,-0.0692864421293938,0.2313450624552,0.138245778956765,-0.691275983787849,1.65008194993528
1794,21114,"s009","m3",-0.0293866692372973,0.134764755879353,-0.0129713684909,0.161194896561585,0.170188866787911,-0.974635729684906,1.34100002847975
1795,21137,"s009","m3",0.0572066480424684,0.216499809074035,0.0476031924768432,0.37419614603552,0.2407986382003,-0.64364177769439,0.945406667425625
1796,21141,"s009","m3",0.00154389917898766,0.199052660423178,0.0833115758028975,0.23462541742259,0.35156726181678,-0.602211446192765,1.09330685140562
1797,21156,"s009","m3",0.0981903164891123,0.163056273110952,0.043721119284099,0.292698540925079,0.379629210935701,-0.236908400608562,0.934770124739218
1798,21157,"s009","m3",0.0205717465450049,0.144788305886302,0.0385108609954602,0.301477183662203,0.295415697986178,-0.583772815936312,1.22958772462125
1799,21160,"s009","m3",-0.122770029596599,0.0871390253616396,-0.133187728508496,0.264733226094213,0.0862221129734651,-0.462892884240495,1.44530637925888
1800,21161,"s009","m3",-0.0111158860481582,0.162331378668784,-0.0799826364275907,0.27781564622038,0.134857514268125,-0.319254829589943,1.43416458897006
1801,21169,"s009","m3",0.13719658198177,0.217199134948317,0.0328928865314645,0.298288525784245,0.22535453131838,-0.408711129405244,1.142142538544
1802,21175,"s009","m3",-0.129533774373073,0.21074950176929,-0.070029648718658,0.304067100625303,0.230300988113005,-0.538206443194791,1.41397376840919
1803,21180,"s009","m3",0.0561797374019888,0.260142842375022,0.04702102942128,0.301478334230024,0.326204627561556,-0.276995846613725,1.17863906577472
1804,21187,"s009","m3",-0.0960642685421556,0.0898636865011209,-0.173996764441556,0.192729036810562,0.101448498684494,-0.746847292271947,1.544801451723
1805,21198,"s009","m3",0.0406696583256326,0.188253375601351,0.0271009606829728,0.191864090320939,0.308358799917076,-0.538491892736444,0.944381608956817
1806,21209,"s009","m3",0.0351659573857205,0.224226702142893,0.072342255371253,0.335054422757076,0.340814397533733,-0.176254206846273,1.213698699323
1807,21211,"s009","m3",0.22928311759855,0.271247428704923,0.191031996968762,0.294044799937123,0.410373884636454,-0.461149625786091,0.643377648953416
1808,21217,"s009","m3",0.00260858386298024,0.119776453212025,-0.0745408410592503,0.247937503938374,0.210725295853127,-0.594511004051271,1.23083217314413
1809,21221,"s009","m3",-0.0379598808905934,0.0938794452445803,0.0753436256786999,0.231558373940627,0.238084450873816,-0.568103618401807,1.35047722395263
1810,21236,"s009","m3",0.0226581328171022,0.325075245444196,0.0935186896119908,0.368192221835842,0.328796954475119,-0.310077509630815,1.18249572839167
1811,21250,"s009","m3",-0.140607871826371,-0.0140673630754562,-0.15313963868145,0.127422442926652,0.154116052052215,-0.71774892384717,1.8078630205356
1812,21251,"s009","m3",0.0554433359485089,0.338706523899052,0.0146790393136698,0.314433421595826,0.284582488597996,-0.235360453916726,0.94077892438957
1813,21270,"s009","m3",-0.0599054936604055,0.182357843172001,-0.0957059529525192,0.319773342449929,0.12864715820511,-0.372954238153597,1.53159531859479
1814,21285,"s009","m3",0.0816056102914462,0.178721322523669,0.00611679762015943,0.290035897829874,0.208011100401977,-0.474408128772735,1.1560418558188
1815,21295,"s009","m3",0.0195578151473598,0.152373317297908,0.0130798995589778,0.155660885769962,0.369758446836581,-0.577823763257901,1.25686007309732
1816,21302,"s009","m3",-0.0240900735140439,0.127794957829233,-0.0305425290013876,0.200148657068996,0.279239201573422,-0.777545854297336,1.30758795429409
1817,21333,"s009","m3",0.00048916041395074,0.166126463142354,-0.0352945899282901,0.248692141290359,0.131052139981097,-0.486882481283358,1.28510936221344
1818,21334,"s009","m3",-0.058248008264813,0.188527981953755,0.0479996847396924,0.252917481981834,0.229864381186666,-0.492893368533407,1.25657090530914
1819,21344,"s009","m3",0.0386756806643976,0.164054028092468,-0.0595732178604749,0.241544302550136,0.27746316196459,-0.587479821588051,1.50892602273322
1820,21366,"s009","m3",-0.0630900003965363,0.112926688956652,-0.0500220589727216,0.20344572559402,0.246120917429221,-0.62168187314721,1.62535314085451
1821,21387,"s009","m3",0.106017595303159,0.229020379511075,0.0495515230892638,0.29034175372959,0.319343524266051,-0.252209713061637,1.01286406719171
1822,21390,"s009","m3",0.0175166715865569,0.213324130624703,-0.0551478426510189,0.300718061537743,0.201391415515726,-0.32344273910925,1.18033611276817
1823,21392,"s009","m3",0.0597734913623159,0.239210610003166,-0.0426601214656072,0.404227111975842,0.252663310189617,-0.117613052515338,1.21795874773014
1824,21417,"s009","m3",-0.0278726072230491,0.097098220032185,-0.0276684512759219,0.220486164777533,0.224031758511436,-0.664446042876263,1.46605544114415
1825,21419,"s009","m3",-0.0623642262186235,0.0551749742273178,-0.0639398110624773,0.236314165334807,0.208343928924371,-0.534786418478852,1.75379525002738
1826,21431,"s009","m3",0.144583073205181,0.308438169093194,0.163678496176247,0.325348785435719,0.314925466546721,-0.291097578434957,0.69692061663439
1827,21432,"s009","m3",0.0603231214714465,0.262270320735512,-0.0191054421214507,0.286572981825586,0.202341231231286,-0.415316069643243,0.845651842958791
1828,21459,"s009","m3",-0.062531972617882,-0.00787412711116387,-0.0503671337606119,0.182469610314596,0.201006768327087,-0.900501930217255,1.6406671971264
1829,21481,"s009","m3",-0.0283533818362086,0.116426967466733,-0.056965339756244,0.088620670597729,0.213676814533568,-0.745359832133167,1.52025142607708
1830,21491,"s009","m3",0.0666113590999397,0.152832584709371,0.006330868501571,0.12543347516851,0.217229580484213,-0.668185810709247,1.06218222327116
1831,21498,"s009","m3",-0.0280000847443043,0.168486001445728,-0.0334066753273989,0.276651972549697,0.280509902604004,-0.291081715889777,1.42521326917355
1832,21503,"s009","m3",0.0163621516184178,0.14556725290152,0.057066029418684,0.284372487437787,0.34716764197963,-0.424541863919665,1.17506915429024
1833,21505,"s009","m3",0.0178999643524074,0.0559284171841933,0.0350382503283495,0.224648013175115,0.342270266914523,-0.852419919780015,1.41584135982868
1834,21551,"s009","m3",-0.0389518173424262,0.21138839815517,0.000784298069977131,0.314314715297991,0.239404349654477,-0.306354416540994,1.35062237189333
1835,21555,"s009","m3",0.0560051870412115,0.155047409507359,0.0543786878840674,0.316496238797613,0.306146819840344,-0.417196096781426,1.17881343693116
1836,21557,"s009","m3",-0.0535782785603681,0.256032775962167,-0.0578758085690119,0.197037034838964,0.169377103844245,-0.637501844972155,1.33370738073914
1837,21574,"s009","m3",-0.0854843070939518,0.14342434195273,-0.123968719234704,0.238457299945484,-0.0557297945349365,-0.463245417780755,1.43103317130792
1838,21600,"s009","m3",-0.038510870619477,0.0906813011082949,0.0544067567200077,0.227027697717319,0.311353757998288,-0.560370499308719,1.40010589017549
1839,21608,"s009","m3",-0.0268009652533222,0.0457547754495087,-0.12855958367676,0.163912438457511,0.232218926216449,-0.542951287644124,1.79959426860175
1840,21615,"s009","m3",0.0346979581582422,0.176480627004579,0.0338751300146887,0.238857912059198,0.170602596321912,-0.402839826526312,1.12573403983617
1841,21633,"s009","m3",0.067303352655004,0.242584526519109,-0.0493523509501148,0.283347037866415,0.277919130237551,-0.19375750341281,1.34086211886779
1842,21642,"s009","m3",0.0178602779358774,0.18224966943051,0.0640115503187466,0.339583612058464,0.268272154966771,-0.338234115511093,0.976952746651652
1843,21643,"s009","m3",-0.0821677783116026,0.126409940318906,0.00346830868971781,0.18371644478339,0.087685376336532,-0.676466298034638,1.11807796915215
1844,21658,"s009","m3",-0.122424701457744,0.0929362669249127,-0.0943607158403858,0.277130145480789,0.137655897646369,-0.641553898570615,1.61273285486819
1845,21660,"s009","m3",-0.0336505370729945,0.113251901430754,-0.0571215452770474,0.247954152412189,0.154856088241588,-0.59575377186078,1.55001513195819
1846,21672,"s009","m3",-0.059373983411447,0.105386796190829,-0.0640085410870138,0.257946603326635,0.105903594346559,-0.539201375667291,1.23220452929547
1847,21679,"s009","m3",0.0641847267565293,0.196919966470238,0.0740068171867267,0.438352179718428,0.326033856194805,-0.426228690288817,1.02500946393547
1848,21684,"s009","m3",-0.0494444755987377,0.212077854262179,0.0157922482038999,0.223308278419433,0.161326805327808,-0.548335061863731,1.23518273501233
1849,21724,"s009","m3",-0.0506871264825059,0.0722422850481945,-0.015488585204361,0.301938904938631,0.235285060793939,-0.554295982923867,1.41825879590493
1850,21750,"s009","m3",-0.0127043871962819,0.165056451984993,-0.0603283990321779,0.24104767939088,0.235717709625856,-0.633875380727529,1.41280573320706
1851,21752,"s009","m3",0.0289571828238737,0.223743170843214,0.0401737128997323,0.18978400371083,0.209423020601576,-0.442466940993394,1.24081749930368
1852,21762,"s009","m3",-0.0278873026265923,0.290074248040794,-0.0571315293003728,0.253114097618816,0.217701929947578,-0.284375239482578,1.38635907997603
1853,21781,"s009","m3",0.0217175724085916,0.223496070841995,0.0260902308376567,0.201318264562159,0.248902635639408,-0.500347121275003,1.26388568428651
1854,21788,"s009","m3",0.0626779888547852,0.264800222491306,-0.0552815841005267,0.237171176457042,0.227041543447928,-0.247584432495237,1.13962075825389
1855,21796,"s009","m3",-0.074707172755462,0.163298262204162,-0.0549393568617473,0.220529420832905,0.160706930345205,-0.52297219960643,1.40689202465963
1856,21800,"s009","m3",0.022728906298268,0.228171688626999,0.0285841400045261,0.309918648914452,0.173504154809663,-0.418116896848342,1.20217273649656
1857,21808,"s009","m3",0.042451286277071,0.176900650691024,-0.00475192764058633,0.39874258138635,0.238233669983523,-0.228675869171655,1.19768926497616
1858,21819,"s009","m3",-0.000272435943731568,0.162598706671306,-0.0740274210012528,0.278479111613171,0.336539979993352,-0.476537285048463,1.71535978298799
1859,21833,"s009","m3",-0.0510186562578887,0.194656540441255,0.00804049471635184,0.191099953983434,0.192373321110365,-0.326710924306255,1.25005226907015
1860,21835,"s009","m3",-0.045690113104725,0.0955922054671589,-0.118937436952829,0.271179487547347,0.0968159851875324,-0.478001723233415,1.66285381040226
1861,21838,"s009","m3",-0.0436152585957197,0.114761709400669,-0.182281808034993,0.227108549968772,0.13496144571464,-0.511354362232678,1.65980521096202
1862,21841,"s009","m3",0.0624687529791248,0.336247085166056,0.175157421013202,0.311699350341181,0.261530431030584,-0.38309179379116,0.652185551000648
1863,21847,"s009","m3",0.0781261259523718,0.231635628662412,0.0320597549328045,0.30830685174796,0.378454063279272,-0.220394129317886,0.956461827217951
1864,21848,"s009","m3",0.00143778836506236,0.103193824524982,-8.95155173951789e-05,0.229909557071474,0.111921697985381,-0.723806112051133,1.29295578150439
1865,21854,"s009","m3",-0.0275575038737339,0.185756964386919,0.00172112915856708,0.182510768181709,0.208302720090714,-0.413921558468165,1.61072735916097
1866,21866,"s009","m3",-0.0347435408690768,0.151247817579435,0.0371653858619815,0.283681880409184,0.192652781053831,-0.551603909970787,1.31442059132195
1867,21868,"s009","m3",-0.0872301663187822,-0.0376230366465044,-0.138640902568139,0.165324721888077,0.126317751846884,-0.9493786477606,1.85237501171148
1868,21877,"s009","m3",0.1446853799408,0.216535694080004,0.0975297984142344,0.316928669578717,0.340938925894085,-0.31092278626892,1.05160442958801
1869,21887,"s009","m3",-0.177349219637749,0.0344048780398758,-0.145449510219805,0.242505118861674,0.0298037331954354,-0.406452975680741,1.98957311103397
1870,21889,"s009","m3",-0.12276203436751,0.110478795290221,-0.196979480215319,0.267507209463406,0.0594425530094905,-0.483862442400651,1.65915650156238
1871,21919,"s009","m3",0.0300241618745405,0.24092750994739,0.025470702188863,0.380182326904596,0.226048420123635,-0.453775545159163,1.08337783588369
1872,21946,"s009","m3",-0.123350952318189,0.0223238164727148,-0.0318450954286317,0.190309254660819,0.221898846050631,-0.97461583742147,1.54042562937273
1873,21949,"s009","m3",0.0627729378501207,0.163211792218944,0.0307654388098154,0.299925643608602,0.28935624803604,-0.419067282471998,1.18727347410624
1874,21975,"s009","m3",-0.166425392006575,0.161851209928625,-0.0760371744365645,0.154758582938024,0.0382121900638327,-0.653928253831585,1.50160711961957
1875,21978,"s009","m3",-0.0166411313194741,0.198003081599628,-0.00357276428934764,0.318637313450822,0.320326128976809,-0.323259475023199,1.43417082522831
1876,21984,"s009","m3",-0.0908815581381384,-0.00901741818280513,-0.0961654278900672,0.24161979025869,0.0881504177180175,-0.605876058467344,1.35234858318576
1877,21988,"s009","m3",0.0744264599358841,0.233501578576145,-0.0331151349476009,0.328232476291406,0.230503570690581,-0.424304754100595,1.1931383709438
1878,22010,"s009","m3",0.0614095641609797,0.236762895450956,0.0617423972726942,0.275101153620752,0.235813085789532,-0.700283934244996,0.929599327798207
1879,22015,"s009","m3",-0.037498803642824,0.190337514673756,-0.103772877195981,0.182266056053162,-0.00639790721852605,-0.45308185795265,1.50288483379894
1880,22016,"s009","m3",-0.0652815155425682,0.211697638336626,-0.105100951682773,0.374440747324189,0.108328593335412,-0.234754702293246,1.47628575920196
1881,22017,"s009","m3",-0.0597992983494151,0.154441423661915,0.0599302927958875,0.416463915550529,0.249001117929011,-0.215174475936868,1.16298320875294
1882,22033,"s009","m3",0.00992854647436444,0.258589139000427,0.0177829667645828,0.367538698889565,0.0605016301862644,-0.365036364531513,1.13591233705701
1883,22045,"s009","m3",-0.194938790419138,0.147169185430613,-0.160848230372427,0.234264576297559,0.131953740674846,-0.550337134867539,1.87745840137948
1884,22052,"s009","m3",-0.0593491926683261,0.0961056864840455,-0.0829865473052454,0.212161919783585,0.00672102249376228,-0.560392473641156,1.34559041886443
1885,22076,"s009","m3",0.0929110175727435,0.234226137338668,-0.0326918506483481,0.431336464469751,0.254824662416871,-0.341533104204636,1.26098014291521
1886,22086,"s009","m3",0.0313599064215371,0.0855531823244235,-0.0176734408138305,0.256264395387938,0.317907431206043,-0.756951186451679,1.3545248190066
1887,22144,"s009","m3",0.00770721144882069,0.0568217799665966,-0.0283939708754342,0.148766558290251,0.379128611411128,-0.560358845558004,1.62349890235042
1888,22173,"s009","m3",-0.0441635965302878,0.172623913208835,-0.0511838739735163,0.210090604338932,0.230377265343801,-0.397573128292,1.81304066120877
1889,22185,"s009","m3",0.120283867018253,0.154623057640983,0.0273112685480256,0.364854614230921,0.311824970949521,-0.36391818471108,0.908512128184156
1890,22214,"s009","m3",-0.132387614639633,0.189711897584648,-0.108295029074882,0.139525389337719,0.14361796044822,-0.562944233708693,1.69630993309003
1891,22221,"s009","m3",0.0320823632559183,0.192250872291319,0.0459321166466713,0.293868495385355,0.355597714674435,-0.474221445682698,1.05619939792336
1892,22228,"s009","m3",-0.019365463893962,0.0413960129411822,-0.0417320592252759,0.113006863308096,0.2637590566868,-0.741691451194267,1.54505790441644
1893,22235,"s009","m3",-0.00834705052655288,0.255067248244472,0.00691268577074812,0.245120724735375,0.151012455410255,-0.412410271764769,1.38474265706497
1894,22258,"s009","m3",-0.0233642079415468,0.169258729687709,-0.0851664467511408,0.234242267831412,0.156773710901362,-0.482750740598247,1.51528490466751
1895,22271,"s009","m3",0.114995075160391,0.175427790985161,0.0567270862181164,0.192007276159363,0.275384607710111,-0.627954370707397,0.849005632766174
1896,22279,"s009","m3",0.00763646739126835,0.242457629329904,0.0159494180206464,0.257894742141108,0.221189139437885,-0.527553473948609,1.3080815510355
1897,22281,"s009","m3",0.0557373904131758,0.19494590956524,0.0785447946514318,0.335531076980879,0.336243991065124,-0.462144854220464,0.98550502297116
1898,22292,"s009","m3",-0.124097360562493,0.154129359899659,-0.0225340187511586,0.249769831385276,0.13062661236156,-0.365235949674513,1.57641784104361
1899,22297,"s009","m3",0.0235181515522951,0.158342258282857,-0.02607816477128,0.300320706200485,0.217767861495964,-0.400380229734823,1.22489348228024
1900,22327,"s009","m3",-0.0675835939066751,0.0908035855002014,-0.038649125487113,0.294078800652662,0.165404748585654,-0.477583308739902,1.64303634788606
1901,22349,"s009","m3",-0.0562679155022523,0.125014443783699,-0.00678625255103246,0.270971580214206,0.272118314583646,-0.524530627106443,1.43843609861505
1902,22352,"s009","m3",-0.0227138089796716,0.198341262282964,-0.0354167962104926,0.218486986818618,0.208179134961074,-0.329553635857667,1.61715018482056
1903,22353,"s009","m3",0.0650757393048732,0.258590359244359,0.060606334125001,0.252010596768445,0.308869109869582,-0.393257349010278,1.00556062666405
1904,22396,"s009","m3",-0.230338138864979,0.0352214158045462,-0.176614035926342,0.125809006768199,0.0170850093631193,-0.571939652897049,2.20288839466664
1905,22400,"s009","m3",0.0355095075004616,0.276357925786289,-0.018740687701043,0.424393793164973,0.343847698712965,-0.120220866629011,1.19125628027964
1906,22413,"s009","m3",0.0660909463332035,0.123950463245007,0.0606739651120739,0.269672859217736,0.334380808313689,-0.399066364293623,1.17305293906285
1907,22417,"s009","m3",-0.143379733031914,0.0748935853887567,-0.158945444149464,0.105763176227945,0.0947524348409157,-0.61617459903375,1.69816302449115
1908,22424,"s009","m3",-0.0564257827536638,0.159996369413053,-0.0833241744294129,0.0878797557809018,0.187761042961286,-0.678614795157797,1.74110080856732
1909,22433,"s009","m3",-0.0144563083624465,0.24330058137077,-0.0308795155310482,0.395871981814871,0.181350242262384,-0.315503677165479,1.29067524093721
1910,22437,"s009","m3",-0.0146956090320743,0.157277917266477,0.0414234607317884,0.275249212212104,0.228225800904542,-0.419564555499281,1.43939469477829
1911,22440,"s009","m3",-0.0685634809896066,0.155067818227947,-0.0207864428502544,0.229720920529325,0.217454074488667,-0.396943404150159,1.5381808631516
1912,22445,"s009","m3",0.0509292547209845,0.0800532740721088,0.00784622962274894,0.197334841139254,0.275583079174461,-0.843226347300649,1.24025503968463
1913,22456,"s009","m3",-0.059859628721668,0.20736180820112,0.0466114700797343,0.199832902438088,0.223439004918753,-0.585869686179379,1.17480874773995
1914,22462,"s009","m3",0.0556448218101489,0.156701084568913,0.0098321082266289,0.232054364047892,0.280265648277662,-0.481130851745802,1.12357722613738
1915,22479,"s009","m3",-0.0538083091497882,0.140058906617888,0.00114527597448796,0.202673025726231,0.164026203940319,-0.498770598066689,1.52684571839931
1916,22482,"s009","m3",-0.0983036759894767,0.174778004498148,-0.127277290463057,0.25235971373559,0.123307091622339,-0.310780751068431,1.71698446975175
1917,22493,"s009","m3",0.0954088430101983,0.259824613647667,0.0814568147552482,0.152599874142102,0.320487029525497,-0.376344501394705,0.858968322455919
1918,22507,"s009","m3",-0.152103580535995,0.0608128369176087,-0.111599234940024,0.255588106911986,0.0613848895829215,-0.487467089638112,1.67760120793694
1919,22509,"s009","m3",0.124514011182355,0.0976958568209207,0.0746909811381155,0.280424632912467,0.432796948137489,-0.49289329999791,1.34238032782025
1920,22514,"s009","m3",-0.0291834819895608,0.0334876285831303,-0.0277042416665585,0.14135386085503,0.236621068301972,-0.398314020195058,1.53628865218944
1921,22519,"s009","m3",0.0111311499518292,0.16250852275035,0.0859785794292215,0.241040637713866,0.358244758087671,-0.483718847615581,1.30286303630278
1922,22531,"s009","m3",0.0147950816825145,0.112786845899749,-0.00306825453625195,0.265354740400671,0.241683585702299,-0.443074675972716,1.48585402890492
1923,22557,"s009","m3",-0.0726501623393296,0.225611682199473,-0.0373133774759951,0.329736718857468,0.133649526248506,-0.400654058494377,1.43907916556185
1924,22562,"s009","m3",-0.0112362374865564,0.154543649885686,0.0414547064613608,0.250996075600683,0.257414057301512,-0.27584622307549,1.21783045488623
1925,22566,"s009","m3",-0.0790284982111946,0.15433963617131,-0.123632919031497,0.277028365582529,0.109494885467057,-0.460188846677237,1.43550555682793
1926,22568,"s009","m3",0.099109356848178,0.195349048302724,0.0236448360610674,0.293690591544453,0.23048808306481,-0.777002180164742,1.09021735252986
1927,22571,"s009","m3",-0.00358921407671992,0.224938337260181,0.0182030585356065,0.236446406642967,0.267408004413792,-0.632190914979234,1.1507686778254
1928,22574,"s009","m3",-0.156766336545046,0.151966908061677,-0.173718497797095,0.243558705298231,-0.0370563478863268,-0.586044509852416,1.6059397856391
1929,22576,"s009","m3",-0.00644998930830214,0.12513709419131,-0.0209711927243801,0.246006390912702,0.284104361344709,-0.426179393065822,1.34599870787119
1930,22589,"s009","m3",-0.113201126492032,0.140914656597749,-0.124759778357446,0.0671163735303352,0.241133587333111,-0.676930940008194,1.78002396151033
1931,22597,"s009","m3",0.0713010852095131,0.21281159731556,-0.000392230734426895,0.297560992742786,0.256847111968366,-0.364108836290096,1.12720291822377
1932,22604,"s009","m3",-0.0101653667028307,0.181472323037103,0.113343647080305,0.22905576413242,0.324933289361347,-0.357803327393233,0.947297984402158
1933,22620,"s009","m3",-0.0763357474796581,0.13955362004919,-0.0158837268591595,0.349466196838829,0.175205589393096,-0.764412225889909,1.35940780619788
1934,22640,"s009","m3",0.0253197819576903,0.156848413139307,-0.0383305079792104,0.314133663257357,0.26361221015855,-0.289046801317795,1.29093931126004
1935,22648,"s009","m3",0.0170343644450298,0.164701037972803,-0.0341267858333265,0.216992170065047,0.352571861621062,-0.467859890093058,1.3075421193099
1936,22675,"s009","m3",-0.0956677501797377,-0.0698214902492505,-0.107457237887031,0.0611609293543945,0.138052291489366,-1.3237814659566,1.90271670247684
1937,22687,"s009","m3",-0.11606644829371,0.0955841995114395,-0.0921146249973955,0.0668621241887328,0.0662976624803843,-0.797809442405785,1.51032126081603
1938,22707,"s009","m3",-0.163194459054569,0.0439202770411907,-0.029137160064449,0.219867692521201,0.230335363860554,-0.742017500891083,1.75004206728063
1939,22709,"s009","m3",-0.00485445060455734,0.17355418412502,-0.00945032930446276,0.307792349734457,0.235707057863587,-0.485008261833541,1.3119741996435
1940,22727,"s009","m3",-0.157129266011123,0.0679779950076387,-0.061605463111873,0.188948680605889,0.0430269013592624,-0.890319186473389,1.50049741403936
1941,22735,"s009","m3",-0.0401321541164098,0.21004648677506,0.0188503131772711,0.252125119937045,0.289152008601476,-0.52997587937498,1.26459503448534
1942,22736,"s009","m3",-0.0554085133718923,0.160321382475354,-0.0975638003734736,0.22211345424426,0.185673369097407,-0.459856075158072,1.55014362072393
1943,22740,"s009","m3",0.098737678785799,0.176997501639946,0.0752523469310909,0.304007514130786,0.187936768761297,-0.34535478161565,0.975198849047686
1944,22742,"s009","m3",0.0370772365978008,0.232712607373312,0.0336579121598033,0.245028014988492,0.256726986258597,-0.561173326785961,1.05502954080328
1945,22756,"s009","m3",0.108744271096941,0.260033216905039,0.141092711934002,0.286425634785138,0.271548149964539,-0.393575497865871,0.649887404780287
1946,22762,"s009","m3",0.111818498603605,0.235357193184468,0.0421276698162742,0.281301545911744,0.257968747724008,-0.464552842183861,0.799581592607286
1947,22773,"s009","m3",-0.0932834095891967,0.073675200356193,-0.0209698173808264,0.175251188087122,0.285826481321828,-0.898273502714822,1.3439047959744
1948,22779,"s009","m3",0.118221354957951,0.291847892300593,0.0748802710804516,0.28095446670039,0.262662019401176,-0.300452572926304,1.04388167575727
1949,22801,"s009","m3",0.0228231023232443,0.243195792793685,-0.0215666710425605,0.235699453397063,0.263472485345431,-0.416587703848167,1.4876577814443
1950,22840,"s009","m3",0.0191104321525331,0.218095948072823,0.0621518821278214,0.324229192782043,0.3090898941039,-0.481887720084577,1.10976234485803
1951,22859,"s009","m3",0.0428689600017796,0.184226151861066,0.0857004955337916,0.251751741158878,0.263527917114336,-0.688873228507564,0.87790640396014
1952,22872,"s009","m3",0.0896467163064682,0.246119683048455,0.0934520842202262,0.284655471844559,0.346826576779804,-0.439842960176797,0.999343578976886
1953,22877,"s009","m3",-0.055877603100616,0.11443587590525,0.00613175464080676,0.205405688812806,0.134075085670046,-0.563806187440116,1.52028976199367
1954,22891,"s009","m3",0.00664044981294279,0.170594553741711,-0.00615055133254671,0.314993499460308,0.192820585267478,-0.352665217438449,1.1143764277369
1955,22892,"s009","m3",-0.0647081181842403,0.195182601533452,-0.0445051140817617,0.311269685142251,0.19098797715432,-0.335068928598058,1.42836001322582
1956,22901,"s009","m3",0.0552011028817644,0.208389943583339,-0.0137062917339329,0.269257346203702,0.219510762165754,-0.27144032143207,1.19141000335603
1957,22906,"s009","m3",-0.101019692535857,0.196733798629819,-0.0782087594338409,0.202624142772071,0.123070400872203,-0.20531175478955,1.53449108693385
1958,22910,"s009","m3",-0.054186771602515,0.210461465039944,-0.107643673183724,0.312995139397434,0.0697475813615704,-0.218511930026134,1.74570346104293
1959,22923,"s009","m3",0.172851859315662,0.0819626090283852,0.0565260604136954,0.196897535597317,0.366358069081187,-0.790453578039046,0.984111885322101
1960,22940,"s009","m3",-0.0738294672705737,0.136767555182784,-0.126925552845737,0.30828027280373,0.0202110406081917,-0.410388924701471,1.42586381154979
1961,22955,"s009","m3",-0.0626161732961556,0.29972589520646,-0.0264982808352273,0.313845491995737,0.264181098803588,-0.363485810479871,1.32910111217052
1962,22959,"s009","m3",-0.116372260363482,0.182172445840273,0.0150306286435481,0.333393303752964,0.170574074722439,-0.361325279020904,1.33906069925719
1963,22988,"s009","m3",-0.101534289339685,0.108616303047305,-0.0523843980375977,0.217758709290159,0.208155256367087,-0.540459132161858,1.28117580830003
1964,22989,"s009","m3",-0.153336896300256,0.0397199877576281,-0.0961544261410759,0.229250086310672,0.107405071548079,-0.433467716251551,1.75352605367949
1965,22997,"s009","m3",0.0602561254065043,0.152687648680882,0.117240975320922,0.231068866400416,0.316373859412876,-0.502418657975075,1.28253689101384
1966,23023,"s009","m3",-0.0962373827782813,0.214108421979543,0.0323885202299583,0.242749763361934,0.250551036781198,-0.580470310125805,1.39365880432802
1967,23048,"s009","m3",-0.169504581506785,0.0918150313981418,-0.17458560389878,0.142107617652162,0.168898460016598,-0.525971321868843,1.96493398711733
1968,23049,"s009","m3",-0.0461142447383517,0.0826760730524786,-0.0201425838324456,0.150381193708646,0.175153874054955,-0.415294108917801,1.57221549505869
1969,23068,"s009","m3",-0.0678848229233186,0.0697746696120552,-0.0116189454075513,0.241963130347664,0.148876697040645,-0.838805694714209,1.36598697331437
1970,23081,"s009","m3",0.015161183824124,0.247697601973295,0.00897753211118036,0.319029923007985,0.222857046627264,-0.193153391759111,1.20845135608915
1971,23107,"s009","m3",-0.0507551585859439,0.167365345638792,0.0176877655207208,0.333897824328424,0.250130772596568,-0.551454597797736,1.47151135824095
1972,23112,"s009","m3",-0.00206868975470363,0.0520423516030754,-0.000195116648727363,0.194006162491266,0.287285568801636,-0.766960198190483,1.63422586646241
1973,23130,"s009","m3",0.105040699949556,0.196863261113106,0.126405951280271,0.272407285848182,0.39266761709086,-0.635564242028655,1.0404661073403
1974,23131,"s009","m3",0.0635202105168913,0.204853182517636,0.0112375921246341,0.250035730721862,0.373519417020771,-0.27591850761097,1.29902346607023
1975,23138,"s009","m3",-0.0674623357823149,0.158345283541045,-0.0514027722858558,0.193890211803449,0.144846871551752,-0.975059525051721,1.5743547751582
1976,23156,"s009","m3",0.0423266240625177,0.268810631107417,-0.047858586302353,0.280553368354945,0.201546783852994,-0.31850073998949,1.24135006126515
1977,23165,"s009","m3",-0.0857445829620493,0.17920917609225,-0.076274355187551,0.3231196758812,0.288082832641198,-0.301403386181661,1.64406290707277
1978,23167,"s009","m3",0.0879751065498502,0.313756233239803,-0.00888537814450058,0.37085363024557,0.325010083472055,-0.291217251826034,1.08940698447015
1979,23168,"s009","m3",-0.0877834679210729,0.123405805926802,-0.00451331055159772,0.244950501152539,0.249670142800863,-0.511443149674069,1.2972814771959
1980,23173,"s009","m3",-0.0968986521632005,0.152228592889542,-0.0234714199733908,0.270895627868746,0.175910136405903,-0.448238194942965,1.40167828549103
1981,23174,"s009","m3",0.0251848431633112,0.219416225190342,0.000451156535135172,0.313020137500823,0.181987498928568,-0.438865398301589,1.02742761793187
1982,23179,"s009","m3",-0.00585118749429881,0.213271368850639,-0.0572008482392251,0.213768120311116,0.0501803020382257,-0.651811667637974,1.29338134448555
1983,23197,"s009","m3",-0.0498057834824408,0.142600961645897,-0.128764611218285,0.138708608913438,0.0935674196898923,-0.587083831799591,1.51073010553786
1984,23202,"s009","m3",0.0177389023967273,0.264531007988078,-0.00775675265499042,0.275867206062415,0.242191559409288,-0.471097619262327,1.05433787585372
1985,23210,"s009","m3",0.0100018197626567,0.188082014101622,-0.0114846700793316,0.171339252562939,0.189136672911635,-0.834907411283434,1.3889936006018
1986,23211,"s009","m3",-0.139195332464475,0.0941482025070063,-0.117444885873977,0.158692717956138,0.120470155667153,-0.51126812298159,1.83867450645159
1987,23218,"s009","m3",0.0173184822207704,0.266484430179775,-0.0058547991330006,0.410601614254912,0.0917313915730786,-0.143500107706481,0.89651594046049
1988,23220,"s009","m3",0.0342387967421451,0.13505361790714,-0.0472207362668458,0.331165296313754,0.236575204381163,-0.307217804298802,1.26380994368469
1989,23222,"s009","m3",-0.0853483402218784,0.224863264351511,-0.106655511497537,0.294338019064926,0.107368843481241,-0.259026245081142,1.56465082054576
1990,23232,"s009","m3",-0.044844127008054,0.177282093237481,0.0322774091108838,0.264458242580141,0.239325447218372,-0.554457889030005,1.15340493110249
1991,23233,"s009","m3",-0.0124690260925615,0.051505359355162,0.0623566029017693,0.29228962409214,0.314756125592277,-0.302574368864386,1.3528719833944
1992,23299,"s009","m3",-0.106118366604729,0.177030343701793,-0.0836641121789254,0.234663128952417,0.182205221769324,-0.411504371555177,1.51469707642126
1993,23303,"s009","m3",0.0770005491893562,0.235228010499341,0.0891430179530114,0.337804641743852,0.349443208292481,-0.312135935642408,1.02135949847759
1994,23310,"s009","m3",-0.0338447296300384,0.197926851520556,0.0294714775263539,0.313474277175735,0.154497247200492,-0.391577604988907,1.0171787696533
1995,23320,"s009","m3",0.030065295757952,0.126546242390811,0.00727613511531681,0.157681538669382,0.218163029682481,-0.653286225711977,1.36201448843265
1996,23340,"s009","m3",0.00944785561884682,0.317431798115997,0.0718335025780507,0.400368366822749,0.304297154342737,-0.275199523741313,0.941174076809623
1997,23341,"s009","m3",0.0389033679922665,0.309744636462562,0.00442319518394644,0.143156621297315,0.299482082849729,-0.386821872411832,1.20604019322464
1998,23347,"s009","m3",-0.0297189501629111,0.161249047384412,-0.0782671045281954,0.290825965991672,0.225907074888691,-0.479804479567901,1.48625957221167
1999,23355,"s009","m3",-0.0647769958226454,0.118094194797355,-0.0512390252917853,0.23714266769527,0.201837082752593,-0.909341127885347,1.37508665598756
2000,23358,"s009","m3",-0.0207768688007541,0.293238319778089,0.0442078331862877,0.261125283758826,0.244251852991673,-0.294021138465068,1.50518939757548
2001,23370,"s009","m3",-0.0641724714897673,0.134819965885918,-0.0653558996461338,0.271752055367876,0.178918508804454,-0.454469872357387,1.45158628421948
2002,23378,"s009","m3",0.0842965006233275,0.190225918993254,0.0829043199040264,0.405017644808178,0.340988107878372,-0.287993984419741,1.07912888858376
2003,23383,"s009","m3",-0.0306538859741891,0.146373375250974,-0.0824096985908557,0.160332966335803,0.211156579743382,-0.639416979383884,1.1914576972263
2004,23387,"s009","m3",-0.0124534077498706,0.267841750256228,-0.0532103222717169,0.237742242270514,0.202344821823944,-0.332411723556976,1.16847311421355
2005,23401,"s009","m3",0.0182382923461706,0.122926888319981,-0.0184442508359756,0.219971520974063,0.224588575258548,-0.572434497769575,1.4148380367994
2006,23448,"s009","m3",-0.0162710278705538,0.263042521296073,0.0411981146787853,0.270779458796471,0.127853117329014,-0.111016264087741,1.3409210660328
2007,23482,"s009","m3",-0.0449856586888606,0.169011693554247,0.042015859257787,0.361067980564084,0.317348289168101,-0.207241692155455,1.25103063375341
2008,23484,"s009","m3",-0.0611017703422659,0.246346817314227,0.0296960832314687,0.249145424948573,0.274016736007313,-0.409921791035475,1.15351797544033
2009,23495,"s009","m3",-0.0476277229043807,0.129454349119273,0.00788494711738543,0.274870159042219,0.130683882213875,-0.541687223539165,1.21902857830498
2010,23519,"s009","m3",0.0027636727730004,0.175241121837178,-0.0719270277850717,0.197398035793991,0.201855608814758,-0.634700462817009,1.63656052193704
2011,23559,"s009","m3",-0.00125265035938728,0.226687826739612,0.0679118773914783,0.247170773227133,0.285018213920646,-0.638398056265939,1.13052538488089
2012,23575,"s009","m3",-0.0637883465526273,0.197424575992241,-0.0817239952110405,0.185890082972638,0.0777744256298381,-0.502394746123062,1.44709186068843
2013,23620,"s009","m3",-0.0980277133670104,0.220728709304122,-0.0169728343948437,0.317431529835831,0.173779372999511,-0.439559989301076,1.38159549633031
2014,23635,"s009","m3",-0.00556162908401589,0.054405607382474,-0.0238759554986535,0.177933194451829,0.256074768188694,-0.81417842437923,1.15788972855708
2015,23638,"s009","m3",-0.0503840794752989,0.157172006308172,-0.000108687519480424,0.220704789765898,0.277609110112605,-0.456407677060024,1.30646716909273
2016,23651,"s009","m3",0.0154935743895197,0.231813007534901,0.0687069104042788,0.283225304643858,0.315185279382131,-0.520091813542011,1.08630782047557
2017,23653,"s009","m3",-0.13963100067833,0.024861848309893,-0.107913123585961,0.207096814852195,0.00694653361000005,-0.564117356518023,1.93548458449323
2018,23661,"s009","m3",-0.0305546530861474,0.207535150632007,-0.0307137586730667,0.211917383800994,0.244404818167083,-0.420901522427109,1.46879924131647
2019,23676,"s009","m3",0.0580153776154792,0.267957797011003,0.0199992712759805,0.358775073005764,0.237238709605152,-0.238492453862628,1.10130316602491
2020,23687,"s009","m3",-0.149949899180098,0.0426103006685258,-0.0296530619319899,0.247631488746105,0.255273731667933,-0.705853795424967,1.42888998605962
2021,23708,"s009","m3",-0.0890165360946473,0.10950173936565,-0.0470891511330754,0.31160107380673,0.0959639138433519,-0.483405008626251,1.15025505177679
2022,23716,"s009","m3",0.0503351441025613,0.155996859689191,0.0616332975057065,0.258823672686252,0.265308950682326,-0.502502709590524,0.843950248030974
2023,23757,"s009","m3",0.00350978099782724,0.215836603307699,-0.00552523115503647,0.352484164656715,0.149659086683293,-0.230175294382032,1.11480739927404
2024,23768,"s009","m3",-0.0417049623665088,0.1532705736251,-0.0612176427070034,0.229739306944197,0.171113080408058,-0.510712695252217,1.53956052750743
2025,23771,"s009","m3",0.0182939794857515,0.146098756847088,-0.0837939590542735,0.184538161832289,0.228882169695709,-0.490866754855142,1.5555138137466
2026,23778,"s009","m3",-0.0768499566392674,0.181648475748197,0.00145698296529918,0.227009922197038,0.189638281720826,-0.378121973580522,1.31710094893585
2027,23786,"s009","m3",0.000138095574222555,0.217643551909404,-0.0462594284673418,0.339235900643352,0.222690657949909,-0.284893320175913,1.34968277427183
2028,23807,"s009","m3",-0.129806070503596,0.214141182306419,-0.0361705620767617,0.275577672554754,0.0577992355894541,-0.50086619721561,1.43473698183019
2029,23812,"s009","m3",-0.107189423517784,0.185284262327926,-0.0518294630332952,0.268749393217574,0.105277497269495,-0.345096419820827,1.30239390852767
2030,23814,"s009","m3",0.0956107627211944,0.0393660021517113,-0.00191524735902897,0.394258143370333,0.383169360271809,-0.612556750954631,1.22308887311059
2031,23822,"s009","m3",-0.154750357148804,0.153195455502835,-0.10519481558045,0.213287307285148,0.102080225478886,-0.540654592965074,1.42347640008109
2032,23828,"s009","m3",-0.0626194719733383,0.219095783029442,-0.133695193044946,0.28956688194162,0.240650125948106,-0.460391625390477,1.50003603593508
2033,23829,"s009","m3",-0.0859770672923674,0.0355230787560986,-0.0871582754647495,0.191938476924977,0.289472387697148,-0.537142605807646,1.80655800700062
2034,23830,"s009","m3",-0.116006137066543,0.0403770398349776,-0.0905019732209684,0.235280630590636,0.182799806901732,-0.805283314012021,1.71721839290848
2035,23846,"s009","m3",-0.0637712904721741,0.131379879664321,-0.0696192143864145,0.255220849468567,0.128240592926792,-0.592914762627445,1.16064599848489
2036,23847,"s009","m3",-0.00363419966331438,0.135421614619379,0.0280263098323068,0.216466285436216,0.279671650031812,-0.370593009404844,1.57526815135352
2037,23852,"s009","m3",-0.00213283665498096,0.212296416726319,0.0612237084687113,0.362559070967984,0.280262902933117,-0.338969812183131,0.924819451937301
2038,23867,"s009","m3",-0.0559106731406397,0.257940881456212,-0.0450757442934922,0.276841009200922,0.207785037198,-0.393201282912458,1.38876343316609
2039,23882,"s009","m3",0.0681642302342233,0.289147897698281,0.0611589836460493,0.311664147259695,0.328453113929908,-0.415435646474704,0.985372475686115
2040,23888,"s009","m3",0.00631405658807938,0.190472220319192,-0.0601701380479799,0.263612008543925,0.221344685001092,-0.442194810296997,1.41240631552042
2041,23906,"s009","m3",-0.0818849544541932,0.0607550027030713,-0.197683552657847,0.123790815908261,0.215714957977421,-0.906000400346511,1.89198265976055
2042,23912,"s009","m3",-0.0322052905736597,0.127048468525672,0.00403138141417502,0.238843130339328,0.219537625437097,-0.564983915501197,1.25771881986398
2043,23920,"s009","m3",0.0683043804826199,0.18607705335308,0.0433589130030293,0.164165034421381,0.284376450771172,-0.793572687527432,1.21006876634002
2044,23942,"s009","m3",-0.127183515363915,0.205814403963343,-0.133995225974887,0.289396769073537,0.0625563409535532,-0.16967535482781,1.46100710172403
2045,23944,"s009","m3",0.061035758081523,0.179113679542211,0.0480379141890092,0.246194329532108,0.314212887009807,-0.363521750772563,1.27614488317676
2046,23948,"s009","m3",0.0361707419429212,0.135803587507815,0.0492043443552909,0.175295973135302,0.322269139301268,-0.758565244292366,1.01786699998595
2047,23960,"s009","m3",-0.0658637743565796,0.0886408152497111,-0.0139283201936434,0.199039305461094,0.223743303968989,-0.616611484319859,1.55935456431045
2048,23997,"s009","m3",-0.134827336618685,0.116897003069633,-0.125986267026585,0.234626464204458,0.0205571375684769,-0.442419401586213,1.53910795428892
